Sample	1.0	2.0	3.0	4.0	5.0	6.0	7.0	8.0	9.0	>10	>50	>100	>500	>1k	>5k	>10k+	1.0	2.0	3.0	4.0	5.0	6.0	7.0	8.0	9.0	1.0	2.0	3.0	4.0	5.0	6.0	7.0	8.0	9.0	1.0	2.0	3.0	4.0	5.0	6.0	7.0	8.0	9.0	1.0	2.0	3.0	4.0	5.0	6.0	7.0	8.0	9.0	1.0	2.0	3.0	4.0	5.0	6.0	7.0	8.0	9.0	1.0	2.0	3.0	4.0	5.0	6.0	7.0	8.0	9.0	1.0	2.0	3.0	4.0	5.0	6.0	7.0	8.0	9.0	1.0	2.0	3.0	4.0	5.0	6.0	7.0	8.0	9.0	1.0	2.0	3.0	4.0	5.0	6.0	7.0	8.0	9.0	1.0	2.0	3.0	4.0	5.0	6.0	7.0	8.0	9.0	1.0	2.0	3.0	4.0	5.0	6.0	7.0	8.0	9.0	1.0	2.0	3.0	4.0	5.0	6.0	7.0	8.0	9.0	1.0	2.0	3.0	4.0	5.0	6.0	7.0	8.0	9.0	1.0	2.0	3.0	4.0	5.0	6.0	7.0	8.0	9.0	1.0	2.0	3.0	4.0	5.0	6.0	7.0	8.0	9.0	1.0	2.0	3.0	4.0	5.0	6.0	7.0	8.0	9.0	1.0	2.0	3.0	4.0	5.0	6.0	7.0	8.0	9.0	1.0	2.0	3.0	4.0	5.0	6.0	7.0	8.0	9.0	1.0	2.0	3.0	4.0	5.0	6.0	7.0	8.0	9.0	1.0	2.0	3.0	4.0	5.0	6.0	7.0	8.0	9.0	1.0	2.0	3.0	4.0	5.0	6.0	7.0	8.0	9.0	1.0	2.0	3.0	4.0	5.0	6.0	7.0	8.0	9.0	1.0	2.0	3.0	4.0	5.0	6.0	7.0	8.0	9.0	1.0	2.0	3.0	4.0	5.0	6.0	7.0	8.0	9.0	1.0	2.0	3.0	4.0	5.0	6.0	7.0	8.0	9.0	1.0	2.0	3.0	4.0	5.0	6.0	7.0	8.0	9.0	1.0	2.0	3.0	4.0	5.0	6.0	7.0	8.0	9.0	1.0	2.0	3.0	4.0	5.0	6.0	7.0	8.0	9.0	1.0	2.0	3.0	4.0	5.0	6.0	7.0	8.0	9.0	1.0	2.0	3.0	4.0	5.0	6.0	7.0	8.0	9.0	1.0	2.0	3.0	4.0	5.0	6.0	7.0	8.0	9.0	1.0	2.0	3.0	4.0	5.0	6.0	7.0	8.0	9.0	1.0	2.0	3.0	4.0	5.0	6.0	7.0	8.0	9.0	1.0	2.0	3.0	4.0	5.0	6.0	7.0	8.0	9.0	1.0	2.0	3.0	4.0	5.0	6.0	7.0	8.0	9.0	1.0	2.0	3.0	4.0	5.0	6.0	7.0	8.0	9.0	1.0	2.0	3.0	4.0	5.0	6.0	7.0	8.0	9.0	1.0	2.0	3.0	4.0	5.0	6.0	7.0	8.0	9.0	1.0	2.0	3.0	4.0	5.0	6.0	7.0	8.0	9.0	1.0	2.0	3.0	4.0	5.0	6.0	7.0	8.0	9.0	1.0	2.0	3.0	4.0	5.0	6.0	7.0	8.0	9.0	1.0	2.0	3.0	4.0	5.0	6.0	7.0	8.0	9.0	1.0	2.0	3.0	4.0	5.0	6.0	7.0	8.0	9.0	1.0	2.0	3.0	4.0	5.0	6.0	7.0	8.0	9.0	1.0	2.0	3.0	4.0	5.0	6.0	7.0	8.0	9.0	1.0	2.0	3.0	4.0	5.0	6.0	7.0	8.0	9.0	1.0	2.0	3.0	4.0	5.0	6.0	7.0	8.0	9.0	1.0	2.0	3.0	4.0	5.0	6.0	7.0	8.0	9.0	1.0	2.0	3.0	4.0	5.0	6.0	7.0	8.0	9.0	1.0	2.0	3.0	4.0	5.0	6.0	7.0	8.0	9.0	1.0	2.0	3.0	4.0	5.0	6.0	7.0	8.0	9.0	1.0	2.0	3.0	4.0	5.0	6.0	7.0	8.0	9.0	1.0	2.0	3.0	4.0	5.0	6.0	7.0	8.0	9.0	1.0	2.0	3.0	4.0	5.0	6.0	7.0	8.0	9.0	1.0	2.0	3.0	4.0	5.0	6.0	7.0	8.0	9.0	1.0	2.0	3.0	4.0	5.0	6.0	7.0	8.0	9.0	1.0	2.0	3.0	4.0	5.0	6.0	7.0	8.0	9.0	1.0	2.0	3.0	4.0	5.0	6.0	7.0	8.0	9.0	1.0	2.0	3.0	4.0	5.0	6.0	7.0	8.0	9.0	1.0	2.0	3.0	4.0	5.0	6.0	7.0	8.0	9.0	1.0	2.0	3.0	4.0	5.0	6.0	7.0	8.0	9.0	1.0	2.0	3.0	4.0	5.0	6.0	7.0	8.0	9.0	1.0	2.0	3.0	4.0	5.0	6.0	7.0	8.0	9.0	1.0	2.0	3.0	4.0	5.0	6.0	7.0	8.0	9.0	1.0	2.0	3.0	4.0	5.0	6.0	7.0	8.0	9.0	1.0	2.0	3.0	4.0	5.0	6.0	7.0	8.0	9.0	1.0	2.0	3.0	4.0	5.0	6.0	7.0	8.0	9.0	1.0	2.0	3.0	4.0	5.0	6.0	7.0	8.0	9.0	1.0	2.0	3.0	4.0	5.0	6.0	7.0	8.0	9.0	1.0	2.0	3.0	4.0	5.0	6.0	7.0	8.0	9.0	1.0	2.0	3.0	4.0	5.0	6.0	7.0	8.0	9.0	1.0	2.0	3.0	4.0	5.0	6.0	7.0	8.0	9.0	1.0	2.0	3.0	4.0	5.0	6.0	7.0	8.0	9.0	1.0	2.0	3.0	4.0	5.0	6.0	7.0	8.0	9.0	1.0	2.0	3.0	4.0	5.0	6.0	7.0	8.0	9.0	1.0	2.0	3.0	4.0	5.0	6.0	7.0	8.0	9.0	1.0	2.0	3.0	4.0	5.0	6.0	7.0	8.0	9.0	1.0	2.0	3.0	4.0	5.0	6.0	7.0	8.0	9.0	1.0	2.0	3.0	4.0	5.0	6.0	7.0	8.0	9.0	1.0	2.0	3.0	4.0	5.0	6.0	7.0	8.0	9.0	1.0	2.0	3.0	4.0	5.0	6.0	7.0	8.0	9.0	1.0	2.0	3.0	4.0	5.0	6.0	7.0	8.0	9.0	1.0	2.0	3.0	4.0	5.0	6.0	7.0	8.0	9.0	1.0	2.0	3.0	4.0	5.0	6.0	7.0	8.0	9.0	1.0	2.0	3.0	4.0	5.0	6.0	7.0	8.0	9.0	1.0	2.0	3.0	4.0	5.0	6.0	7.0	8.0	9.0	1.0	2.0	3.0	4.0	5.0	6.0	7.0	8.0	9.0	1.0	2.0	3.0	4.0	5.0	6.0	7.0	8.0	9.0	1.0	2.0	3.0	4.0	5.0	6.0	7.0	8.0	9.0	1.0	2.0	3.0	4.0	5.0	6.0	7.0	8.0	9.0	1.0	2.0	3.0	4.0	5.0	6.0	7.0	8.0	9.0	1.0	2.0	3.0	4.0	5.0	6.0	7.0	8.0	9.0	1.0	2.0	3.0	4.0	5.0	6.0	7.0	8.0	9.0	1.0	2.0	3.0	4.0	5.0	6.0	7.0	8.0	9.0	1.0	2.0	3.0	4.0	5.0	6.0	7.0	8.0	9.0
Sor-CPnd_001-Ex1-3E-lcwgs-1-3.1										0.6033540796248434	0.10440646174909383	0.05302468253480581	0.03730457331047203	0.0	0.14561872915052682	0.0																																																																																																																																																																																																																																																																																																																																																																																																																																																																																																																																																																																																																																																																																																																																																																																																																																																																																							
Sor-CPnd_001-Ex1-3E-lcwgs-1-3.2										0.5778678079908034	0.11071518307760014	0.047812723180828416	0.01867893253596772	0.0	0.0	0.5876865628869548																																																																																																																																																																																																																																																																																																																																																																																																																																																																																																																																																																																																																																																																																																																																																																																																																																																																																							
Sor-CPnd_002-Ex1-5E-lcwgs-1-3.1										0.5851820855331109	0.1146534614039247	0.09548380668738476	0.030714376554176723	0.17647481753706037	0.0928162244197728	0.0																																																																																																																																																																																																																																																																																																																																																																																																																																																																																																																																																																																																																																																																																																																																																																																																																																																																																							
Sor-CPnd_002-Ex1-5E-lcwgs-1-3.2										0.5485781870104711	0.10599127710366756	0.052784596394421374	0.019265153345569608	0.0	0.0	0.7070879990837938																																																																																																																																																																																																																																																																																																																																																																																																																																																																																																																																																																																																																																																																																																																																																																																																																																																																																							
Sor-CPnd_003-Ex1-2B-lcwgs-1-3.1										0.6531993294083974	0.15739901863721562	0.06406339166202081	0.026744975694484887	0.036188619403319175	0.0	0.3816962191567617																																																																																																																																																																																																																																																																																																																																																																																																																																																																																																																																																																																																																																																																																																																																																																																																																																																																																							
Sor-CPnd_003-Ex1-2B-lcwgs-1-3.2										0.6165714955012032	0.14683499013865994	0.0662889045721069	0.018173406012311245	0.0	0.0	0.6950568767238371																																																																																																																																																																																																																																																																																																																																																																																																																																																																																																																																																																																																																																																																																																																																																																																																																																																																																							
Sor-CPnd_004-Ex1-1G-lcwgs-1-3.1										0.7583178619952634	0.1861698924549037	0.14669862524636174	0.021057299702828023	0.010639885012912645	0.0	0.13000004961231448																																																																																																																																																																																																																																																																																																																																																																																																																																																																																																																																																																																																																																																																																																																																																																																																																																																																																							
Sor-CPnd_004-Ex1-1G-lcwgs-1-3.2										0.7474882153781335	0.19636850009830562	0.14606146059886485	0.018325139108644212	0.0	0.0	0.33831249678576314																																																																																																																																																																																																																																																																																																																																																																																																																																																																																																																																																																																																																																																																																																																																																																																																																																																																																							
Sor-CPnd_005-Ex1-3D-lcwgs-1-3.1										0.5466193997723651	0.06463220136529109	0.04261418536876732	0.014281466134850623	0.0	0.1409605762713502	0.0																																																																																																																																																																																																																																																																																																																																																																																																																																																																																																																																																																																																																																																																																																																																																																																																																																																																																							
Sor-CPnd_005-Ex1-3D-lcwgs-1-3.2										0.5415634066289282	0.06781674663418327	0.03577902443888053	0.0	0.0	0.0	0.47099520695384584																																																																																																																																																																																																																																																																																																																																																																																																																																																																																																																																																																																																																																																																																																																																																																																																																																																																																							
Sor-CPnd_006-Ex1-2D-lcwgs-1-3.1										0.7931153017267718	0.17175323886698726	0.14219467237467062	0.01344000553832134	0.03131615276481588	0.0	0.2151904662974863																																																																																																																																																																																																																																																																																																																																																																																																																																																																																																																																																																																																																																																																																																																																																																																																																																																																																							
Sor-CPnd_006-Ex1-2D-lcwgs-1-3.2										0.7562541031232487	0.18263604028604807	0.13790650302370214	0.02115954594605755	0.009778988731971387	0.0	0.5280653915264549																																																																																																																																																																																																																																																																																																																																																																																																																																																																																																																																																																																																																																																																																																																																																																																																																																																																																							
Sor-CPnd_007-Ex1-1C-lcwgs-1-3.1										0.5311291689309974	0.08734353095282277	0.06137033216964362	0.017160110444887994	0.11884844553370143	0.0	1.378746364300107																																																																																																																																																																																																																																																																																																																																																																																																																																																																																																																																																																																																																																																																																																																																																																																																																																																																																							
Sor-CPnd_007-Ex1-1C-lcwgs-1-3.2										0.44661214424099527	0.05454831233595074	0.03855770076489866	0.0	0.0	0.0	1.950415596472922																																																																																																																																																																																																																																																																																																																																																																																																																																																																																																																																																																																																																																																																																																																																																																																																																																																																																							
Sor-CPnd_008-Ex1-1A-lcwgs-1-3.1										0.8062959794259991	0.18507076260364766	0.14981958383554714	0.02948382278181255	0.04397031445117998	0.07083131979390705	0.5971713089578237																																																																																																																																																																																																																																																																																																																																																																																																																																																																																																																																																																																																																																																																																																																																																																																																																																																																																							
Sor-CPnd_008-Ex1-1A-lcwgs-1-3.2										0.8461290645873022	0.1830198780683002	0.15876399738580022	0.018597710436725708	0.024649042791908774	0.0	1.2551197726781282																																																																																																																																																																																																																																																																																																																																																																																																																																																																																																																																																																																																																																																																																																																																																																																																																																																																																							
Sor-CPnd_009-Ex1-6A-lcwgs-1-3.1										0.8001223028194915	0.19039580734758324	0.15891134197098708	0.0439820002251242	0.30425825645079396	0.17691324361976338	0.7749268778247036																																																																																																																																																																																																																																																																																																																																																																																																																																																																																																																																																																																																																																																																																																																																																																																																																																																																																							
Sor-CPnd_009-Ex1-6A-lcwgs-1-3.2										0.7475958602651435	0.1788010301465015	0.13234708744682339	0.01709947157352624	0.02378931542691256	0.0	1.7159737839274418																																																																																																																																																																																																																																																																																																																																																																																																																																																																																																																																																																																																																																																																																																																																																																																																																																																																																							
Sor-CPnd_010-Ex1-1H-lcwgs-1-3.1										0.2697127205508235	0.0	0.04782574962854892	0.0	0.21204575408140594	0.0	0.0																																																																																																																																																																																																																																																																																																																																																																																																																																																																																																																																																																																																																																																																																																																																																																																																																																																																																							
Sor-CPnd_010-Ex1-1H-lcwgs-1-3.2										0.20827677803107575	0.007368095117378635	0.018106701831004945	0.0	0.0	0.6726914074185474	0.0																																																																																																																																																																																																																																																																																																																																																																																																																																																																																																																																																																																																																																																																																																																																																																																																																																																																																							
Sor-CPnd_012-Ex1-5B-lcwgs-1-3.1										0.6415558064069024	0.10643130924267334	0.1194263412581715	0.053540167052855143	0.33683388602066855	0.6309105473220283	0.9033030467094922																																																																																																																																																																																																																																																																																																																																																																																																																																																																																																																																																																																																																																																																																																																																																																																																																																																																																							
Sor-CPnd_012-Ex1-5B-lcwgs-1-3.2										0.5152341691703874	0.10405083262260276	0.04825676791591048	0.050507328794285045	0.0	0.0	2.416721320710968																																																																																																																																																																																																																																																																																																																																																																																																																																																																																																																																																																																																																																																																																																																																																																																																																																																																																							
Sor-CPnd_013-Ex1-7F-lcwgs-1-3.1										0.5347109797343903	0.12029272416870357	0.1777294469691504	0.048047080701206765	0.1375260643259179	0.0	1.3756088105106372																																																																																																																																																																																																																																																																																																																																																																																																																																																																																																																																																																																																																																																																																																																																																																																																																																																																																							
Sor-CPnd_013-Ex1-7F-lcwgs-1-3.2										0.4626096064604489	0.07270810089935838	0.04200732345814458	0.012670327348910077	0.0	0.0	2.324100045142934																																																																																																																																																																																																																																																																																																																																																																																																																																																																																																																																																																																																																																																																																																																																																																																																																																																																																							
Sor-CPnd_014-Ex1-1F-lcwgs-1-3.1										0.7116319014262512	0.20916747964737215	0.11455817737758246	0.018309872867899375	0.022500799324329676	0.0	0.23994071178222803																																																																																																																																																																																																																																																																																																																																																																																																																																																																																																																																																																																																																																																																																																																																																																																																																																																																																							
Sor-CPnd_014-Ex1-1F-lcwgs-1-3.2										0.7636606080242203	0.1882541193435231	0.1251278827522217	0.026635268308802192	0.0	0.0	0.4959228443311791																																																																																																																																																																																																																																																																																																																																																																																																																																																																																																																																																																																																																																																																																																																																																																																																																																																																																							
Sor-CPnd_015-Ex1-5F-lcwgs-1-3.1										0.6256815058541315	0.09714019718321582	0.1284994040760805	0.051920733293003084	0.20520598075803423	0.38061708199792765	0.7384652552673641																																																																																																																																																																																																																																																																																																																																																																																																																																																																																																																																																																																																																																																																																																																																																																																																																																																																																							
Sor-CPnd_015-Ex1-5F-lcwgs-1-3.2										0.5598321005687371	0.07607453183042412	0.05520348591193357	0.0	0.0	0.0	1.9128933707096012																																																																																																																																																																																																																																																																																																																																																																																																																																																																																																																																																																																																																																																																																																																																																																																																																																																																																							
Sor-CPnd_016-Ex1-1B-lcwgs-1-3.1										1.0231163513947783	0.23042259194458414	0.2725478805822439	0.02122736865641645	0.047152681255173634	0.030113065189580925	0.9226840336143651																																																																																																																																																																																																																																																																																																																																																																																																																																																																																																																																																																																																																																																																																																																																																																																																																																																																																							
Sor-CPnd_016-Ex1-1B-lcwgs-1-3.2										1.029406901843621	0.21284469242690623	0.2761889494173103	0.017305447518020267	0.03781216373665541	0.0	1.3721916919524304																																																																																																																																																																																																																																																																																																																																																																																																																																																																																																																																																																																																																																																																																																																																																																																																																																																																																							
Sor-CPnd_017-Ex1-3G-lcwgs-1-3.1										0.13933935443529735	0.03420565599194703	0.013608701846258496	0.0	0.2623659635224611	0.0	0.0																																																																																																																																																																																																																																																																																																																																																																																																																																																																																																																																																																																																																																																																																																																																																																																																																																																																																							
Sor-CPnd_017-Ex1-3G-lcwgs-1-3.2										0.12373141174224674	0.03077053589888625	0.0	0.0	0.0	0.7664437866128957	0.0																																																																																																																																																																																																																																																																																																																																																																																																																																																																																																																																																																																																																																																																																																																																																																																																																																																																																							
Sor-CPnd_018-Ex1-1E-lcwgs-1-3.1										0.5588336635393369	0.08522094216304586	0.056996741433866405	0.0	0.03768079136940874	0.0	0.3049700957342046																																																																																																																																																																																																																																																																																																																																																																																																																																																																																																																																																																																																																																																																																																																																																																																																																																																																																							
Sor-CPnd_018-Ex1-1E-lcwgs-1-3.2										0.5431427666384879	0.1000035450203056	0.05009652330922193	0.0	0.0	0.0	0.6099170591304254																																																																																																																																																																																																																																																																																																																																																																																																																																																																																																																																																																																																																																																																																																																																																																																																																																																																																							
Sor-CPnd_019-Ex1-6G-lcwgs-1-3.1										0.7166477664446081	0.17470916563046057	0.11786015127585665	0.015222065115471162	0.15761361136704996	0.2451296128773552	0.40449376173268436																																																																																																																																																																																																																																																																																																																																																																																																																																																																																																																																																																																																																																																																																																																																																																																																																																																																																							
Sor-CPnd_019-Ex1-6G-lcwgs-1-3.2										0.699437889882111	0.1612351558700645	0.09809440671771723	0.034940190055881844	0.011643099491813493	0.0	1.2084426331297387																																																																																																																																																																																																																																																																																																																																																																																																																																																																																																																																																																																																																																																																																																																																																																																																																																																																																							
Sor-CPnd_020-Ex1-2E-lcwgs-1-3.1										0.7934252144853129	0.21238992166350473	0.15073710175132823	0.014247380894523749	0.028934726902084696	0.0	0.15181604687738906																																																																																																																																																																																																																																																																																																																																																																																																																																																																																																																																																																																																																																																																																																																																																																																																																																																																																							
Sor-CPnd_020-Ex1-2E-lcwgs-1-3.2										0.7776962876158695	0.17535658554371064	0.1673792238312672	0.004871874637305789	0.01980727410456755	0.0	0.45335709100782035																																																																																																																																																																																																																																																																																																																																																																																																																																																																																																																																																																																																																																																																																																																																																																																																																																																																																							
Sor-CPnd_022-Ex1-7C-lcwgs-1-3.1										0.684826102060495	0.20313884978435848	0.163784624025924	0.04843150788050539	0.026357526708065144	0.15444627691679277	1.8702031399828567																																																																																																																																																																																																																																																																																																																																																																																																																																																																																																																																																																																																																																																																																																																																																																																																																																																																																							
Sor-CPnd_022-Ex1-7C-lcwgs-1-3.2										0.6481898718782442	0.17336370500597278	0.09357862346064919	0.029432079076141586	0.013084907262840046	0.0	2.549298425411182																																																																																																																																																																																																																																																																																																																																																																																																																																																																																																																																																																																																																																																																																																																																																																																																																																																																																							
Sor-CPnd_024-Ex1-5G-lcwgs-1-3.1										0.5050103729993286	0.05669704924417296	0.12329303880505262	0.027784213407293704	0.35830949059482997	0.5110514227621061	0.0																																																																																																																																																																																																																																																																																																																																																																																																																																																																																																																																																																																																																																																																																																																																																																																																																																																																																							
Sor-CPnd_024-Ex1-5G-lcwgs-1-3.2										0.4833480919387942	0.05226436896881327	0.049767148516899916	0.0	0.0	0.0	1.3873483894582215																																																																																																																																																																																																																																																																																																																																																																																																																																																																																																																																																																																																																																																																																																																																																																																																																																																																																							
Sor-CPnd_026-Ex1-3H-lcwgs-1-3.1										0.7135985927640173	0.20172006571838402	0.14798054533724547	0.010302896883850741	0.04010011179277367	0.0	0.1991474580597979																																																																																																																																																																																																																																																																																																																																																																																																																																																																																																																																																																																																																																																																																																																																																																																																																																																																																							
Sor-CPnd_026-Ex1-3H-lcwgs-1-3.2										0.738904174886262	0.1781136806728505	0.14889622565576507	0.005949889749607816	0.021134706097548285	0.0	0.5464886521647114																																																																																																																																																																																																																																																																																																																																																																																																																																																																																																																																																																																																																																																																																																																																																																																																																																																																																							
Sor-CPnd_027-Ex1-3C-lcwgs-1-3.1										0.6119695950907684	0.10717875091087109	0.050247331494651985	0.037490314911583944	0.0	0.0	0.3035367816779386																																																																																																																																																																																																																																																																																																																																																																																																																																																																																																																																																																																																																																																																																																																																																																																																																																																																																							
Sor-CPnd_027-Ex1-3C-lcwgs-1-3.2										0.5545586164785441	0.11163019554733097	0.04160098918678186	0.011075074810158509	0.0	0.0	0.721026265967824																																																																																																																																																																																																																																																																																																																																																																																																																																																																																																																																																																																																																																																																																																																																																																																																																																																																																							
Sor-CPnd_028-Ex1-3A-lcwgs-1-3.1										0.7942962266499046	0.22437755579435167	0.14955094368161756	0.02887625979802737	0.06709974820119655	0.0	0.47350389476904076																																																																																																																																																																																																																																																																																																																																																																																																																																																																																																																																																																																																																																																																																																																																																																																																																																																																																							
Sor-CPnd_028-Ex1-3A-lcwgs-1-3.2										0.8415692403036048	0.18557322188838438	0.14600458469785593	0.016803397049455875	0.01300475675902037	0.0	0.9481629614355866																																																																																																																																																																																																																																																																																																																																																																																																																																																																																																																																																																																																																																																																																																																																																																																																																																																																																							
Sor-CPnd_029-Ex1-8E-lcwgs-1-3.1										0.7151886026170979	0.2240687337744633	0.19375416025527442	0.018008531948706753	0.06049247990320641	0.06432081051522362	0.5521375426862369																																																																																																																																																																																																																																																																																																																																																																																																																																																																																																																																																																																																																																																																																																																																																																																																																																																																																							
Sor-CPnd_029-Ex1-8E-lcwgs-1-3.2										0.7740951133096741	0.17897348343295613	0.19562900152036602	0.007726700562908606	0.03336862167388606	0.0	1.1090862113989508																																																																																																																																																																																																																																																																																																																																																																																																																																																																																																																																																																																																																																																																																																																																																																																																																																																																																							
Sor-CPnd_030-Ex1-2H-lcwgs-1-3.1										0.6340532260156893	0.15468916730213525	0.07961221551004048	0.019828070796217317	0.01784355292532758	0.0	0.22500326756846437																																																																																																																																																																																																																																																																																																																																																																																																																																																																																																																																																																																																																																																																																																																																																																																																																																																																																							
Sor-CPnd_030-Ex1-2H-lcwgs-1-3.2										0.6279848353541942	0.15077646863243538	0.06060562293967116	0.020068809568444996	0.0	0.0	0.48142863329392693																																																																																																																																																																																																																																																																																																																																																																																																																																																																																																																																																																																																																																																																																																																																																																																																																																																																																							
Sor-CPnd_031-Ex1-5D-lcwgs-1-3.1										0.7542383939995466	0.19047198674913682	0.18454662610633893	0.021589340328534226	0.1141350254868415	0.1464818129790764	0.0																																																																																																																																																																																																																																																																																																																																																																																																																																																																																																																																																																																																																																																																																																																																																																																																																																																																																							
Sor-CPnd_031-Ex1-5D-lcwgs-1-3.2										0.7605574432434741	0.17072647619168416	0.13913127088275584	0.007651915177609147	0.02121073560817755	0.0	0.6275316973949511																																																																																																																																																																																																																																																																																																																																																																																																																																																																																																																																																																																																																																																																																																																																																																																																																																																																																							
Sor-CPnd_033-Ex1-2F-lcwgs-1-3.1										0.5750533809905338	0.10189121470287937	0.061926942953477546	0.01615934366650349	0.0	0.0	0.34947373192120224																																																																																																																																																																																																																																																																																																																																																																																																																																																																																																																																																																																																																																																																																																																																																																																																																																																																																							
Sor-CPnd_033-Ex1-2F-lcwgs-1-3.2										0.599744023998668	0.12314991522435596	0.05174546359542502	0.0	0.0	0.0	0.6582739202276392																																																																																																																																																																																																																																																																																																																																																																																																																																																																																																																																																																																																																																																																																																																																																																																																																																																																																							
Sor-CPnd_034-Ex1-4G-lcwgs-1-3.1										0.5594330893261776	0.06631190622949076	0.10246222328745704	0.03028279013505888	0.19406111145501706	0.27254511121552993	0.7196791031114593																																																																																																																																																																																																																																																																																																																																																																																																																																																																																																																																																																																																																																																																																																																																																																																																																																																																																							
Sor-CPnd_034-Ex1-4G-lcwgs-1-3.2										0.5160955265771149	0.05047486311325034	0.06815241094636436	0.0	0.0	0.0	1.6684039384871678																																																																																																																																																																																																																																																																																																																																																																																																																																																																																																																																																																																																																																																																																																																																																																																																																																																																																							
Sor-CPnd_036-Ex1-5C-lcwgs-1-3.1										0.8470674082896602	0.25955468090097433	0.24442322532284422	0.03635272935439021	0.21319427287625897	0.06394193539451949	1.8530810599428893																																																																																																																																																																																																																																																																																																																																																																																																																																																																																																																																																																																																																																																																																																																																																																																																																																																																																							
Sor-CPnd_036-Ex1-5C-lcwgs-1-3.2										0.8011392769938515	0.20816337581995942	0.1625383692503496	0.02775305320824162	0.021745504793207356	0.0	2.685638109556734																																																																																																																																																																																																																																																																																																																																																																																																																																																																																																																																																																																																																																																																																																																																																																																																																																																																																							
Sor-CPnd_037-Ex1-6C-lcwgs-1-3.1										0.8288664779043164	0.2302524771262743	0.35610863941795623	0.12422080485682155	0.34146246278461223	0.5459164416400468	7.247090391539042																																																																																																																																																																																																																																																																																																																																																																																																																																																																																																																																																																																																																																																																																																																																																																																																																																																																																							
Sor-CPnd_037-Ex1-6C-lcwgs-1-3.2										0.5684197506422486	0.14347033669543813	0.10074118696105225	0.06473555973775483	0.041599143610282795	0.0	9.259820207373057																																																																																																																																																																																																																																																																																																																																																																																																																																																																																																																																																																																																																																																																																																																																																																																																																																																																																							
Sor-CPnd_038-Ex1-2A-lcwgs-1-3.1										0.9192972258145811	0.18676798140237777	0.2372915873966539	0.016629624581206166	0.06622517814602827	0.0	0.3641488541929677																																																																																																																																																																																																																																																																																																																																																																																																																																																																																																																																																																																																																																																																																																																																																																																																																																																																																							
Sor-CPnd_038-Ex1-2A-lcwgs-1-3.2										0.873940580240559	0.21721032760751735	0.2547777915731958	0.010287360444995656	0.025583364161540507	0.0	0.7798997721605894																																																																																																																																																																																																																																																																																																																																																																																																																																																																																																																																																																																																																																																																																																																																																																																																																																																																																							
Sor-CPnd_041-Ex1-7A-lcwgs-1-3.1										0.9581542852172289	0.2001862312130031	0.2811567343459085	0.025200452372196782	0.06490544610289828	0.03578707641110051	1.5186463938048511																																																																																																																																																																																																																																																																																																																																																																																																																																																																																																																																																																																																																																																																																																																																																																																																																																																																																							
Sor-CPnd_041-Ex1-7A-lcwgs-1-3.2										0.938704867172479	0.2041449019433793	0.22607274687670617	0.012035827280611214	0.05639426179741184	0.0	1.9978713995766288																																																																																																																																																																																																																																																																																																																																																																																																																																																																																																																																																																																																																																																																																																																																																																																																																																																																																							
Sor-CPnd_043-Ex1-1D-lcwgs-1-3.1										0.7435734710893289	0.21423385541151302	0.11785191042801621	0.016666068931727732	0.07777128970870818	0.0	0.4160303518816243																																																																																																																																																																																																																																																																																																																																																																																																																																																																																																																																																																																																																																																																																																																																																																																																																																																																																							
Sor-CPnd_043-Ex1-1D-lcwgs-1-3.2										0.7417447364332611	0.2005848372058199	0.11775658199176095	0.007616701460362544	0.024240013406701236	0.0	0.8140975144823994																																																																																																																																																																																																																																																																																																																																																																																																																																																																																																																																																																																																																																																																																																																																																																																																																																																																																							
Sor-CPnd_044-Ex1-8G-lcwgs-1-3.1										0.7600501119598364	0.22815089713479536	0.21985300900317062	0.04261390425083394	0.05131313361667395	0.04804421283774262	1.2022003688471776																																																																																																																																																																																																																																																																																																																																																																																																																																																																																																																																																																																																																																																																																																																																																																																																																																																																																							
Sor-CPnd_044-Ex1-8G-lcwgs-1-3.2										0.7141387171361857	0.19787117963263362	0.17902134204165257	0.011767822549395858	0.058905757898294754	0.0	1.8142973432674785																																																																																																																																																																																																																																																																																																																																																																																																																																																																																																																																																																																																																																																																																																																																																																																																																																																																																							
Sor-CPnd_045-Ex1-7B-lcwgs-1-3.1										0.7138586511170996	0.16965004495702274	0.1853633949056992	0.011720998854936483	0.08254892214963593	0.0	1.2774215651330498																																																																																																																																																																																																																																																																																																																																																																																																																																																																																																																																																																																																																																																																																																																																																																																																																																																																																							
Sor-CPnd_045-Ex1-7B-lcwgs-1-3.2										0.7202942779282097	0.1689253712580672	0.13554271659362377	0.014139695273783013	0.04731574810283722	0.0	1.7495634427120654																																																																																																																																																																																																																																																																																																																																																																																																																																																																																																																																																																																																																																																																																																																																																																																																																																																																																							
Sor-CPnd_046-Ex1-5A-lcwgs-1-3.1										0.6508753682073292	0.15497310804643483	0.18558145185928077	0.10378722595921294	0.6516345599056618	0.4461385171335308	2.965276987527367																																																																																																																																																																																																																																																																																																																																																																																																																																																																																																																																																																																																																																																																																																																																																																																																																																																																																							
Sor-CPnd_046-Ex1-5A-lcwgs-1-3.2										0.5717605282578567	0.08365564491354295	0.08026823258445362	0.0	0.0	0.0	4.946396753840879																																																																																																																																																																																																																																																																																																																																																																																																																																																																																																																																																																																																																																																																																																																																																																																																																																																																																							
Sor-CPnd_049-Ex1-3B-lcwgs-1-3.1										0.5214535331313368	0.06857056487680804	0.06130289696112994	0.0	0.04799102147557273	0.0	0.4762790688250483																																																																																																																																																																																																																																																																																																																																																																																																																																																																																																																																																																																																																																																																																																																																																																																																																																																																																							
Sor-CPnd_049-Ex1-3B-lcwgs-1-3.2										0.4650896477332718	0.045113132607812925	0.04562772863869398	0.0	0.0	0.0	0.8581855726913782																																																																																																																																																																																																																																																																																																																																																																																																																																																																																																																																																																																																																																																																																																																																																																																																																																																																																							
Sor-CPnd_050-Ex1-3F-lcwgs-1-3.1										0.7094231690462613	0.1676853120756324	0.11894682240737554	0.021029024126334197	0.02332409777772002	0.0	0.24768127371773774																																																																																																																																																																																																																																																																																																																																																																																																																																																																																																																																																																																																																																																																																																																																																																																																																																																																																							
Sor-CPnd_050-Ex1-3F-lcwgs-1-3.2										0.7391811999208856	0.17298574980894424	0.12767492865543373	0.027194461870823083	0.0	0.0	0.5331192624279762																																																																																																																																																																																																																																																																																																																																																																																																																																																																																																																																																																																																																																																																																																																																																																																																																																																																																							
Sor-CPnd_052-Ex1-6D-lcwgs-1-3.1										0.6140833603165425	0.15079570000041506	0.1260835339571689	0.10667154420392097	0.16862402679026972	0.28512376977163884	0.5640538056450092																																																																																																																																																																																																																																																																																																																																																																																																																																																																																																																																																																																																																																																																																																																																																																																																																																																																																							
Sor-CPnd_052-Ex1-6D-lcwgs-1-3.2										0.5444112707349658	0.13998659556561352	0.05769921922404471	0.029768952709486235	0.016067951538912294	0.0	1.8996749164555582																																																																																																																																																																																																																																																																																																																																																																																																																																																																																																																																																																																																																																																																																																																																																																																																																																																																																							
Sor-CPnd_053-Ex1-2C-lcwgs-1-3.1										0.6255835416724446	0.11596618623017603	0.048318176247357104	0.04762073125259235	0.02633146316319812	0.0	0.5949790187088597																																																																																																																																																																																																																																																																																																																																																																																																																																																																																																																																																																																																																																																																																																																																																																																																																																																																																							
Sor-CPnd_053-Ex1-2C-lcwgs-1-3.2										0.5627914247810348	0.11151710411658632	0.04587890154318922	0.021428328140334532	0.0	0.0	1.0459037272615677																																																																																																																																																																																																																																																																																																																																																																																																																																																																																																																																																																																																																																																																																																																																																																																																																																																																																							
Sor-CPnd_054-Ex1-8F-lcwgs-1-3.1										0.5106699425621753	0.12792428987925497	0.07563361622462036	0.0568228788916541	0.32527482164087956	0.0	2.647987482081184																																																																																																																																																																																																																																																																																																																																																																																																																																																																																																																																																																																																																																																																																																																																																																																																																																																																																							
Sor-CPnd_054-Ex1-8F-lcwgs-1-3.2										0.4424515040051491	0.029828266244036297	0.0434830053316655	0.0	0.0	0.0	3.5711917899270897																																																																																																																																																																																																																																																																																																																																																																																																																																																																																																																																																																																																																																																																																																																																																																																																																																																																																							
Sor-CPnd_055-Ex1-7G-lcwgs-1-3.1										0.6333202171893524	0.1722216715422167	0.1759945594174106	0.06919546766104116	0.10271271139742821	0.0719077183054988	1.4963244246472056																																																																																																																																																																																																																																																																																																																																																																																																																																																																																																																																																																																																																																																																																																																																																																																																																																																																																							
Sor-CPnd_055-Ex1-7G-lcwgs-1-3.2										0.6255077677440858	0.17198109077150892	0.10468907770806221	0.02711575011965013	0.04405619636859719	0.0	2.2694459190494967																																																																																																																																																																																																																																																																																																																																																																																																																																																																																																																																																																																																																																																																																																																																																																																																																																																																																							
Sor-CPnd_058-Ex1-2G-lcwgs-1-3.1										0.6379147136172633	0.13322221337604934	0.07552767260014395	0.022532755767037223	0.0	0.0	0.22364072475250713																																																																																																																																																																																																																																																																																																																																																																																																																																																																																																																																																																																																																																																																																																																																																																																																																																																																																							
Sor-CPnd_058-Ex1-2G-lcwgs-1-3.2										0.6392460763862349	0.15079825150515078	0.0586780716211775	0.010802030507594334	0.0	0.0	0.47852161015012973																																																																																																																																																																																																																																																																																																																																																																																																																																																																																																																																																																																																																																																																																																																																																																																																																																																																																							
Sor-CPnd_063-Ex1-7D-lcwgs-1-3.1										0.7065675302004424	0.2069444260695718	0.16816538173148599	0.029725640737554838	0.058070528421606794	0.0	1.0829246198623081																																																																																																																																																																																																																																																																																																																																																																																																																																																																																																																																																																																																																																																																																																																																																																																																																																																																																							
Sor-CPnd_063-Ex1-7D-lcwgs-1-3.2										0.7282551377828093	0.1768072711875034	0.09636927040290715	0.01722780342815114	0.02501097294477281	0.0	1.665004896415999																																																																																																																																																																																																																																																																																																																																																																																																																																																																																																																																																																																																																																																																																																																																																																																																																																																																																							
Sor-CPnd_066-Ex1-8B-lcwgs-1-3.1										0.10951486434236564	0.04229676362056294	0.2853239308641365	0.0	1.5459825550465083	0.0	0.0																																																																																																																																																																																																																																																																																																																																																																																																																																																																																																																																																																																																																																																																																																																																																																																																																																																																																							
Sor-CPnd_066-Ex1-8B-lcwgs-1-3.2										0.06421586603615649	0.018654888457430935	0.0	0.0	0.0	2.437691674389292	0.0																																																																																																																																																																																																																																																																																																																																																																																																																																																																																																																																																																																																																																																																																																																																																																																																																																																																																							
Sor-CPnd_069-Ex1-6B-lcwgs-1-3.1										0.7389592386645821	0.1614672186743555	0.10992370239235644	0.09066308242632433	0.525480391356195	0.10677433360204301	2.0654474829019724																																																																																																																																																																																																																																																																																																																																																																																																																																																																																																																																																																																																																																																																																																																																																																																																																																																																																							
Sor-CPnd_069-Ex1-6B-lcwgs-1-3.2										0.6546704400735209	0.13721364602932237	0.06973537917043242	0.038019911016144006	0.021442331704970983	0.0	3.3267983456709906																																																																																																																																																																																																																																																																																																																																																																																																																																																																																																																																																																																																																																																																																																																																																																																																																																																																																							
Sor-CPnd_072-Ex1-8C-lcwgs-1-3.1										0.7805411139144609	0.19087382950297863	0.23387763933573869	0.02981685206005827	0.06955415732693751	0.06816495784071905	1.5804067058978548																																																																																																																																																																																																																																																																																																																																																																																																																																																																																																																																																																																																																																																																																																																																																																																																																																																																																							
Sor-CPnd_072-Ex1-8C-lcwgs-1-3.2										0.7525889712374504	0.1748856136342985	0.18796208692092517	0.004744546233680352	0.03572549051453351	0.0	2.2543585745988253																																																																																																																																																																																																																																																																																																																																																																																																																																																																																																																																																																																																																																																																																																																																																																																																																																																																																							
