Looking to launch executable "/opt/conda/bin/bwa-meme_mode3.avx512bw", simd = _mode3.avx512bw
Launching executable "/opt/conda/bin/bwa-meme_mode3.avx512bw"
-----------------------------
Executing in AVX512 mode!!
-----------------------------
* SA compression enabled with xfactor: 8
* Ref file: reference.genbank.Sor.fasta
* Entering FMI_search
Reading other elements of the index from files reference.genbank.Sor.fasta
* Index prefix: reference.genbank.Sor.fasta
* Read 0 ALT contigs
* Reading reference genome..
* Binary seq file = reference.genbank.Sor.fasta.0123
* Reference genome size: 2685325284 bp
* Done reading reference genome !!

------------------------------------------
1. Memory pre-allocation for Chaining: 5679.4903 MB
2. Memory pre-allocation for BSW: 9584.6810 MB
[M::memoryAllocLearned::MEME] Reading Learned-index models into memory
[Learned-Config] MODE:3 SEARCH_METHOD: 1 MEM_TRADEOFF:1 EXPONENTIAL_SMEMSEARCH: 1 DEBUG_MODE:0 Num 2nd Models:268435456 PWL Bits Used:28
[M::memoryAllocLearned::MEME] Loading RMI model and Pac reference file took 18.408 sec
[M::memoryAllocLearned::MEME] Reading suffix array into memory
[M::memoryAllocLearned::MEME] Loading pos_packed file took 27.007 sec
[M::memoryAllocLearned::MEME] Generating SA, 64-bit Suffix and ISA in memory
[M::memoryAllocLearned::MEME] Runtime-build-index took 26.135 sec
3. Memory pre-allocation for BWT: 14070.0171 MB
------------------------------------------
* Threads used (compute): 40
* No. of pipeline threads: 2

[0000] read_chunk: 400000000, work_chunk_size: 400000221, nseq: 3298932
	[0000][ M::kt_pipeline] read 3298932 sequences (400000221 bp)...
[0000] Reallocating initial memory allocations!!
[0000] Calling mem_process_seqs.., task: 0
[0000] 1. Calling kt_for - worker_bwt
[0000] 2. Calling kt_for - worker_aln
[0000] read_chunk: 400000000, work_chunk_size: 400000010, nseq: 3292480
	[0000][ M::kt_pipeline] read 3292480 sequences (400000010 bp)...
[0000] Inferring insert size distribution of PE reads from data, l_pac: 1342662642, n: 3298932
[0000][PE] # candidate unique pairs for (FF, FR, RF, RR): (106, 1117757, 36, 102)
[0000][PE] analyzing insert size distribution for orientation FF...
[0000][PE] (25, 50, 75) percentile: (60, 99, 178)
[0000][PE] low and high boundaries for computing mean and std.dev: (1, 414)
[0000][PE] mean and std.dev: (107.80, 66.45)
[0000][PE] low and high boundaries for proper pairs: (1, 532)
[0000][PE] analyzing insert size distribution for orientation FR...
[0000][PE] (25, 50, 75) percentile: (95, 139, 196)
[0000][PE] low and high boundaries for computing mean and std.dev: (1, 398)
[0000][PE] mean and std.dev: (152.06, 75.50)
[0000][PE] low and high boundaries for proper pairs: (1, 499)
[0000][PE] analyzing insert size distribution for orientation RF...
[0000][PE] (25, 50, 75) percentile: (109, 288, 1934)
[0000][PE] low and high boundaries for computing mean and std.dev: (1, 5584)
[0000][PE] mean and std.dev: (743.29, 964.50)
[0000][PE] low and high boundaries for proper pairs: (1, 7409)
[0000][PE] analyzing insert size distribution for orientation RR...
[0000][PE] (25, 50, 75) percentile: (67, 105, 157)
[0000][PE] low and high boundaries for computing mean and std.dev: (1, 337)
[0000][PE] mean and std.dev: (107.42, 62.16)
[0000][PE] low and high boundaries for proper pairs: (1, 427)
[0000][PE] skip orientation FF
[0000][PE] skip orientation RF
[0000][PE] skip orientation RR
[0000] 3. Calling kt_for - worker_sam
	[0000][ M::mem_process_seqs] Processed 3298932 reads in 577.657 CPU sec, 15.196 real sec
[0000] Calling mem_process_seqs.., task: 1
[0000] 1. Calling kt_for - worker_bwt
[0000] 2. Calling kt_for - worker_aln
[0000] Inferring insert size distribution of PE reads from data, l_pac: 1342662642, n: 3292480
[0000][PE] # candidate unique pairs for (FF, FR, RF, RR): (110, 1106295, 41, 100)
[0000][PE] analyzing insert size distribution for orientation FF...
[0000][PE] (25, 50, 75) percentile: (46, 87, 147)
[0000][PE] low and high boundaries for computing mean and std.dev: (1, 349)
[0000][PE] mean and std.dev: (102.98, 75.98)
[0000][PE] low and high boundaries for proper pairs: (1, 450)
[0000][PE] analyzing insert size distribution for orientation FR...
[0000][PE] (25, 50, 75) percentile: (96, 139, 196)
[0000][PE] low and high boundaries for computing mean and std.dev: (1, 396)
[0000][PE] mean and std.dev: (152.45, 75.50)
[0000][PE] low and high boundaries for proper pairs: (1, 496)
[0000][PE] analyzing insert size distribution for orientation RF...
[0000][PE] (25, 50, 75) percentile: (67, 172, 427)
[0000][PE] low and high boundaries for computing mean and std.dev: (1, 1147)
[0000][PE] mean and std.dev: (246.67, 216.47)
[0000][PE] low and high boundaries for proper pairs: (1, 1507)
[0000][PE] analyzing insert size distribution for orientation RR...
[0000][PE] (25, 50, 75) percentile: (62, 95, 152)
[0000][PE] low and high boundaries for computing mean and std.dev: (1, 332)
[0000][PE] mean and std.dev: (112.18, 69.56)
[0000][PE] low and high boundaries for proper pairs: (1, 422)
[0000][PE] skip orientation FF
[0000][PE] skip orientation RF
[0000][PE] skip orientation RR
[0000] 3. Calling kt_for - worker_sam
[0000] read_chunk: 400000000, work_chunk_size: 400000098, nseq: 3310710
	[0000][ M::kt_pipeline] read 3310710 sequences (400000098 bp)...
	[0000][ M::mem_process_seqs] Processed 3292480 reads in 573.653 CPU sec, 15.638 real sec
[0000] Reallocating initial memory allocations!!
[0000] Calling mem_process_seqs.., task: 2
[0000] 1. Calling kt_for - worker_bwt
[0000] 2. Calling kt_for - worker_aln
[0000] Inferring insert size distribution of PE reads from data, l_pac: 1342662642, n: 3310710
[0000][PE] # candidate unique pairs for (FF, FR, RF, RR): (99, 1154936, 29, 106)
[0000][PE] analyzing insert size distribution for orientation FF...
[0000][PE] (25, 50, 75) percentile: (50, 97, 172)
[0000][PE] low and high boundaries for computing mean and std.dev: (1, 416)
[0000][PE] mean and std.dev: (112.20, 88.28)
[0000][PE] low and high boundaries for proper pairs: (1, 538)
[0000][PE] analyzing insert size distribution for orientation FR...
[0000][PE] (25, 50, 75) percentile: (96, 139, 196)
[0000][PE] low and high boundaries for computing mean and std.dev: (1, 396)
[0000][PE] mean and std.dev: (152.03, 75.34)
[0000][PE] low and high boundaries for proper pairs: (1, 496)
[0000][PE] analyzing insert size distribution for orientation RF...
[0000][PE] (25, 50, 75) percentile: (139, 331, 881)
[0000][PE] low and high boundaries for computing mean and std.dev: (1, 2365)
[0000][PE] mean and std.dev: (419.89, 351.75)
[0000][PE] low and high boundaries for proper pairs: (1, 3107)
[0000][PE] analyzing insert size distribution for orientation RR...
[0000][PE] (25, 50, 75) percentile: (58, 84, 157)
[0000][PE] low and high boundaries for computing mean and std.dev: (1, 355)
[0000][PE] mean and std.dev: (102.19, 67.64)
[0000][PE] low and high boundaries for proper pairs: (1, 454)
[0000][PE] skip orientation FF
[0000][PE] skip orientation RF
[0000][PE] skip orientation RR
[0000] 3. Calling kt_for - worker_sam
[0000] read_chunk: 400000000, work_chunk_size: 400000127, nseq: 3306046
	[0000][ M::kt_pipeline] read 3306046 sequences (400000127 bp)...
	[0000][ M::mem_process_seqs] Processed 3310710 reads in 513.809 CPU sec, 13.653 real sec
[0000] Calling mem_process_seqs.., task: 3
[0000] 1. Calling kt_for - worker_bwt
[0000] 2. Calling kt_for - worker_aln
[0000] Inferring insert size distribution of PE reads from data, l_pac: 1342662642, n: 3306046
[0000][PE] # candidate unique pairs for (FF, FR, RF, RR): (106, 1162310, 30, 92)
[0000][PE] analyzing insert size distribution for orientation FF...
[0000][PE] (25, 50, 75) percentile: (50, 92, 183)
[0000][PE] low and high boundaries for computing mean and std.dev: (1, 449)
[0000][PE] mean and std.dev: (112.91, 92.30)
[0000][PE] low and high boundaries for proper pairs: (1, 582)
[0000][PE] analyzing insert size distribution for orientation FR...
[0000][PE] (25, 50, 75) percentile: (96, 139, 196)
[0000][PE] low and high boundaries for computing mean and std.dev: (1, 396)
[0000][PE] mean and std.dev: (152.49, 75.43)
[0000][PE] low and high boundaries for proper pairs: (1, 496)
[0000][PE] analyzing insert size distribution for orientation RF...
[0000][PE] (25, 50, 75) percentile: (128, 416, 807)
[0000][PE] low and high boundaries for computing mean and std.dev: (1, 2165)
[0000][PE] mean and std.dev: (484.07, 459.67)
[0000][PE] low and high boundaries for proper pairs: (1, 2844)
[0000][PE] analyzing insert size distribution for orientation RR...
[0000][PE] (25, 50, 75) percentile: (63, 90, 159)
[0000][PE] low and high boundaries for computing mean and std.dev: (1, 351)
[0000][PE] mean and std.dev: (103.05, 64.00)
[0000][PE] low and high boundaries for proper pairs: (1, 447)
[0000][PE] skip orientation FF
[0000][PE] skip orientation RF
[0000][PE] skip orientation RR
[0000] 3. Calling kt_for - worker_sam
	[0000][ M::mem_process_seqs] Processed 3306046 reads in 505.754 CPU sec, 13.636 real sec
[0000] read_chunk: 400000000, work_chunk_size: 400000027, nseq: 3315658
	[0000][ M::kt_pipeline] read 3315658 sequences (400000027 bp)...
[0000] Reallocating initial memory allocations!!
[0000] Calling mem_process_seqs.., task: 4
[0000] 1. Calling kt_for - worker_bwt
[0000] 2. Calling kt_for - worker_aln
[0000] Inferring insert size distribution of PE reads from data, l_pac: 1342662642, n: 3315658
[0000][PE] # candidate unique pairs for (FF, FR, RF, RR): (106, 1182119, 35, 104)
[0000][PE] analyzing insert size distribution for orientation FF...
[0000][PE] (25, 50, 75) percentile: (51, 88, 133)
[0000][PE] low and high boundaries for computing mean and std.dev: (1, 297)
[0000][PE] mean and std.dev: (93.10, 61.44)
[0000][PE] low and high boundaries for proper pairs: (1, 379)
[0000][PE] analyzing insert size distribution for orientation FR...
[0000][PE] (25, 50, 75) percentile: (95, 139, 196)
[0000][PE] low and high boundaries for computing mean and std.dev: (1, 398)
[0000][PE] mean and std.dev: (151.85, 75.71)
[0000][PE] low and high boundaries for proper pairs: (1, 499)
[0000][PE] analyzing insert size distribution for orientation RF...
[0000][PE] (25, 50, 75) percentile: (130, 510, 1297)
[0000][PE] low and high boundaries for computing mean and std.dev: (1, 3631)
[0000][PE] mean and std.dev: (591.38, 643.95)
[0000][PE] low and high boundaries for proper pairs: (1, 4798)
[0000][PE] analyzing insert size distribution for orientation RR...
[0000][PE] (25, 50, 75) percentile: (73, 120, 177)
[0000][PE] low and high boundaries for computing mean and std.dev: (1, 385)
[0000][PE] mean and std.dev: (118.60, 70.72)
[0000][PE] low and high boundaries for proper pairs: (1, 489)
[0000][PE] skip orientation FF
[0000][PE] skip orientation RF
[0000][PE] skip orientation RR
[0000] 3. Calling kt_for - worker_sam
[0000] read_chunk: 400000000, work_chunk_size: 400000176, nseq: 3308544
	[0000][ M::kt_pipeline] read 3308544 sequences (400000176 bp)...
	[0000][ M::mem_process_seqs] Processed 3315658 reads in 517.343 CPU sec, 13.877 real sec
[0000] Calling mem_process_seqs.., task: 5
[0000] 1. Calling kt_for - worker_bwt
[0000] 2. Calling kt_for - worker_aln
[0000] Inferring insert size distribution of PE reads from data, l_pac: 1342662642, n: 3308544
[0000][PE] # candidate unique pairs for (FF, FR, RF, RR): (103, 1172150, 28, 110)
[0000][PE] analyzing insert size distribution for orientation FF...
[0000][PE] (25, 50, 75) percentile: (52, 92, 146)
[0000][PE] low and high boundaries for computing mean and std.dev: (1, 334)
[0000][PE] mean and std.dev: (100.73, 67.44)
[0000][PE] low and high boundaries for proper pairs: (1, 428)
[0000][PE] analyzing insert size distribution for orientation FR...
[0000][PE] (25, 50, 75) percentile: (95, 139, 196)
[0000][PE] low and high boundaries for computing mean and std.dev: (1, 398)
[0000][PE] mean and std.dev: (152.20, 75.68)
[0000][PE] low and high boundaries for proper pairs: (1, 499)
[0000][PE] analyzing insert size distribution for orientation RF...
[0000][PE] (25, 50, 75) percentile: (57, 424, 850)
[0000][PE] low and high boundaries for computing mean and std.dev: (1, 2436)
[0000][PE] mean and std.dev: (399.12, 411.76)
[0000][PE] low and high boundaries for proper pairs: (1, 3229)
[0000][PE] analyzing insert size distribution for orientation RR...
[0000][PE] (25, 50, 75) percentile: (57, 107, 170)
[0000][PE] low and high boundaries for computing mean and std.dev: (1, 396)
[0000][PE] mean and std.dev: (118.19, 81.88)
[0000][PE] low and high boundaries for proper pairs: (1, 509)
[0000][PE] skip orientation FF
[0000][PE] skip orientation RF
[0000][PE] skip orientation RR
[0000] 3. Calling kt_for - worker_sam
[0000] read_chunk: 400000000, work_chunk_size: 400000259, nseq: 3311164
	[0000][ M::kt_pipeline] read 3311164 sequences (400000259 bp)...
	[0000][ M::mem_process_seqs] Processed 3308544 reads in 514.722 CPU sec, 14.081 real sec
[0000] Calling mem_process_seqs.., task: 6
[0000] 1. Calling kt_for - worker_bwt
[0000] 2. Calling kt_for - worker_aln
[0000] Inferring insert size distribution of PE reads from data, l_pac: 1342662642, n: 3311164
[0000][PE] # candidate unique pairs for (FF, FR, RF, RR): (107, 1167901, 38, 98)
[0000][PE] analyzing insert size distribution for orientation FF...
[0000][PE] (25, 50, 75) percentile: (60, 103, 187)
[0000][PE] low and high boundaries for computing mean and std.dev: (1, 441)
[0000][PE] mean and std.dev: (118.13, 83.60)
[0000][PE] low and high boundaries for proper pairs: (1, 568)
[0000][PE] analyzing insert size distribution for orientation FR...
[0000][PE] (25, 50, 75) percentile: (95, 139, 196)
[0000][PE] low and high boundaries for computing mean and std.dev: (1, 398)
[0000][PE] mean and std.dev: (152.05, 75.58)
[0000][PE] low and high boundaries for proper pairs: (1, 499)
[0000][PE] analyzing insert size distribution for orientation RF...
[0000][PE] (25, 50, 75) percentile: (55, 160, 373)
[0000][PE] low and high boundaries for computing mean and std.dev: (1, 1009)
[0000][PE] mean and std.dev: (205.37, 209.21)
[0000][PE] low and high boundaries for proper pairs: (1, 1327)
[0000][PE] analyzing insert size distribution for orientation RR...
[0000][PE] (25, 50, 75) percentile: (48, 100, 147)
[0000][PE] low and high boundaries for computing mean and std.dev: (1, 345)
[0000][PE] mean and std.dev: (99.43, 64.41)
[0000][PE] low and high boundaries for proper pairs: (1, 444)
[0000][PE] skip orientation FF
[0000][PE] skip orientation RF
[0000][PE] skip orientation RR
[0000] 3. Calling kt_for - worker_sam
	[0000][ M::mem_process_seqs] Processed 3311164 reads in 505.546 CPU sec, 13.775 real sec
[0000] read_chunk: 400000000, work_chunk_size: 400000219, nseq: 3308526
	[0000][ M::kt_pipeline] read 3308526 sequences (400000219 bp)...
[0000] Calling mem_process_seqs.., task: 7
[0000] 1. Calling kt_for - worker_bwt
[0000] 2. Calling kt_for - worker_aln
[0032] Re-allocating (doubling) seqBufRefs in mem_chain2aln_across_reads_V2 (left)
[0000] Inferring insert size distribution of PE reads from data, l_pac: 1342662642, n: 3308526
[0000][PE] # candidate unique pairs for (FF, FR, RF, RR): (96, 1159307, 32, 103)
[0000][PE] analyzing insert size distribution for orientation FF...
[0000][PE] (25, 50, 75) percentile: (47, 80, 120)
[0000][PE] low and high boundaries for computing mean and std.dev: (1, 266)
[0000][PE] mean and std.dev: (79.92, 48.97)
[0000][PE] low and high boundaries for proper pairs: (1, 339)
[0000][PE] analyzing insert size distribution for orientation FR...
[0000][PE] (25, 50, 75) percentile: (95, 139, 196)
[0000][PE] low and high boundaries for computing mean and std.dev: (1, 398)
[0000][PE] mean and std.dev: (151.88, 75.61)
[0000][PE] low and high boundaries for proper pairs: (1, 499)
[0000][PE] analyzing insert size distribution for orientation RF...
[0000][PE] (25, 50, 75) percentile: (205, 269, 828)
[0000][PE] low and high boundaries for computing mean and std.dev: (1, 2074)
[0000][PE] mean and std.dev: (452.16, 386.06)
[0000][PE] low and high boundaries for proper pairs: (1, 2697)
[0000][PE] analyzing insert size distribution for orientation RR...
[0000][PE] (25, 50, 75) percentile: (53, 80, 128)
[0000][PE] low and high boundaries for computing mean and std.dev: (1, 278)
[0000][PE] mean and std.dev: (90.53, 53.13)
[0000][PE] low and high boundaries for proper pairs: (1, 353)
[0000][PE] skip orientation FF
[0000][PE] skip orientation RF
[0000][PE] skip orientation RR
[0000] 3. Calling kt_for - worker_sam
[0000] read_chunk: 400000000, work_chunk_size: 400000151, nseq: 3311514
	[0000][ M::kt_pipeline] read 3311514 sequences (400000151 bp)...
	[0000][ M::mem_process_seqs] Processed 3308526 reads in 570.594 CPU sec, 15.403 real sec
[0000] Calling mem_process_seqs.., task: 8
[0000] 1. Calling kt_for - worker_bwt
[0000] 2. Calling kt_for - worker_aln
[0000] Inferring insert size distribution of PE reads from data, l_pac: 1342662642, n: 3311514
[0000][PE] # candidate unique pairs for (FF, FR, RF, RR): (106, 1175770, 36, 113)
[0000][PE] analyzing insert size distribution for orientation FF...
[0000][PE] (25, 50, 75) percentile: (46, 77, 124)
[0000][PE] low and high boundaries for computing mean and std.dev: (1, 280)
[0000][PE] mean and std.dev: (82.27, 44.24)
[0000][PE] low and high boundaries for proper pairs: (1, 358)
[0000][PE] analyzing insert size distribution for orientation FR...
[0000][PE] (25, 50, 75) percentile: (96, 139, 196)
[0000][PE] low and high boundaries for computing mean and std.dev: (1, 396)
[0000][PE] mean and std.dev: (152.21, 75.36)
[0000][PE] low and high boundaries for proper pairs: (1, 496)
[0000][PE] analyzing insert size distribution for orientation RF...
[0000][PE] (25, 50, 75) percentile: (163, 456, 918)
[0000][PE] low and high boundaries for computing mean and std.dev: (1, 2428)
[0000][PE] mean and std.dev: (377.03, 306.60)
[0000][PE] low and high boundaries for proper pairs: (1, 3183)
[0000][PE] analyzing insert size distribution for orientation RR...
[0000][PE] (25, 50, 75) percentile: (53, 92, 158)
[0000][PE] low and high boundaries for computing mean and std.dev: (1, 368)
[0000][PE] mean and std.dev: (102.39, 69.56)
[0000][PE] low and high boundaries for proper pairs: (1, 473)
[0000][PE] skip orientation FF
[0000][PE] skip orientation RF
[0000][PE] skip orientation RR
[0000] 3. Calling kt_for - worker_sam
	[0000][ M::mem_process_seqs] Processed 3311514 reads in 498.700 CPU sec, 13.566 real sec
[0000] read_chunk: 400000000, work_chunk_size: 400000018, nseq: 3300418
	[0000][ M::kt_pipeline] read 3300418 sequences (400000018 bp)...
[0000] Calling mem_process_seqs.., task: 9
[0000] 1. Calling kt_for - worker_bwt
[0000] 2. Calling kt_for - worker_aln
[0000] Inferring insert size distribution of PE reads from data, l_pac: 1342662642, n: 3300418
[0000][PE] # candidate unique pairs for (FF, FR, RF, RR): (94, 1141892, 55, 111)
[0000][PE] analyzing insert size distribution for orientation FF...
[0000][PE] (25, 50, 75) percentile: (52, 82, 132)
[0000][PE] low and high boundaries for computing mean and std.dev: (1, 292)
[0000][PE] mean and std.dev: (86.17, 51.66)
[0000][PE] low and high boundaries for proper pairs: (1, 372)
[0000][PE] analyzing insert size distribution for orientation FR...
[0000][PE] (25, 50, 75) percentile: (96, 139, 196)
[0000][PE] low and high boundaries for computing mean and std.dev: (1, 396)
[0000][PE] mean and std.dev: (152.26, 75.50)
[0000][PE] low and high boundaries for proper pairs: (1, 496)
[0000][PE] analyzing insert size distribution for orientation RF...
[0000][PE] (25, 50, 75) percentile: (197, 308, 483)
[0000][PE] low and high boundaries for computing mean and std.dev: (1, 1055)
[0000][PE] mean and std.dev: (300.02, 163.23)
[0000][PE] low and high boundaries for proper pairs: (1, 1341)
[0000][PE] analyzing insert size distribution for orientation RR...
[0000][PE] (25, 50, 75) percentile: (70, 107, 154)
[0000][PE] low and high boundaries for computing mean and std.dev: (1, 322)
[0000][PE] mean and std.dev: (108.97, 65.65)
[0000][PE] low and high boundaries for proper pairs: (1, 406)
[0000][PE] skip orientation FF
[0000][PE] skip orientation RF
[0000][PE] skip orientation RR
[0000] 3. Calling kt_for - worker_sam
[0000] read_chunk: 400000000, work_chunk_size: 400000127, nseq: 3318020
	[0000][ M::kt_pipeline] read 3318020 sequences (400000127 bp)...
	[0000][ M::mem_process_seqs] Processed 3300418 reads in 545.025 CPU sec, 14.502 real sec
[0000] Reallocating initial memory allocations!!
[0000] Calling mem_process_seqs.., task: 10
[0000] 1. Calling kt_for - worker_bwt
[0000] 2. Calling kt_for - worker_aln
[0000] Inferring insert size distribution of PE reads from data, l_pac: 1342662642, n: 3318020
[0000][PE] # candidate unique pairs for (FF, FR, RF, RR): (114, 1165905, 27, 101)
[0000][PE] analyzing insert size distribution for orientation FF...
[0000][PE] (25, 50, 75) percentile: (51, 88, 173)
[0000][PE] low and high boundaries for computing mean and std.dev: (1, 417)
[0000][PE] mean and std.dev: (111.56, 82.22)
[0000][PE] low and high boundaries for proper pairs: (1, 539)
[0000][PE] analyzing insert size distribution for orientation FR...
[0000][PE] (25, 50, 75) percentile: (95, 138, 195)
[0000][PE] low and high boundaries for computing mean and std.dev: (1, 395)
[0000][PE] mean and std.dev: (151.62, 75.10)
[0000][PE] low and high boundaries for proper pairs: (1, 495)
[0000][PE] analyzing insert size distribution for orientation RF...
[0000][PE] (25, 50, 75) percentile: (133, 338, 508)
[0000][PE] low and high boundaries for computing mean and std.dev: (1, 1258)
[0000][PE] mean and std.dev: (316.17, 278.03)
[0000][PE] low and high boundaries for proper pairs: (1, 1633)
[0000][PE] analyzing insert size distribution for orientation RR...
[0000][PE] (25, 50, 75) percentile: (72, 117, 181)
[0000][PE] low and high boundaries for computing mean and std.dev: (1, 399)
[0000][PE] mean and std.dev: (115.93, 66.00)
[0000][PE] low and high boundaries for proper pairs: (1, 508)
[0000][PE] skip orientation FF
[0000][PE] skip orientation RF
[0000][PE] skip orientation RR
[0000] 3. Calling kt_for - worker_sam
[0000] read_chunk: 400000000, work_chunk_size: 400000125, nseq: 3305868
	[0000][ M::kt_pipeline] read 3305868 sequences (400000125 bp)...
	[0000][ M::mem_process_seqs] Processed 3318020 reads in 491.483 CPU sec, 13.206 real sec
[0000] Calling mem_process_seqs.., task: 11
[0000] 1. Calling kt_for - worker_bwt
[0000] 2. Calling kt_for - worker_aln
[0000] Inferring insert size distribution of PE reads from data, l_pac: 1342662642, n: 3305868
[0000][PE] # candidate unique pairs for (FF, FR, RF, RR): (115, 1160470, 21, 115)
[0000][PE] analyzing insert size distribution for orientation FF...
[0000][PE] (25, 50, 75) percentile: (55, 91, 138)
[0000][PE] low and high boundaries for computing mean and std.dev: (1, 304)
[0000][PE] mean and std.dev: (92.95, 55.26)
[0000][PE] low and high boundaries for proper pairs: (1, 387)
[0000][PE] analyzing insert size distribution for orientation FR...
[0000][PE] (25, 50, 75) percentile: (95, 139, 196)
[0000][PE] low and high boundaries for computing mean and std.dev: (1, 398)
[0000][PE] mean and std.dev: (152.16, 75.66)
[0000][PE] low and high boundaries for proper pairs: (1, 499)
[0000][PE] analyzing insert size distribution for orientation RF...
[0000][PE] (25, 50, 75) percentile: (93, 414, 843)
[0000][PE] low and high boundaries for computing mean and std.dev: (1, 2343)
[0000][PE] mean and std.dev: (549.85, 544.21)
[0000][PE] low and high boundaries for proper pairs: (1, 3093)
[0000][PE] analyzing insert size distribution for orientation RR...
[0000][PE] (25, 50, 75) percentile: (59, 87, 135)
[0000][PE] low and high boundaries for computing mean and std.dev: (1, 287)
[0000][PE] mean and std.dev: (90.27, 53.37)
[0000][PE] low and high boundaries for proper pairs: (1, 363)
[0000][PE] skip orientation FF
[0000][PE] skip orientation RF
[0000][PE] skip orientation RR
[0000] 3. Calling kt_for - worker_sam
[0000] read_chunk: 400000000, work_chunk_size: 400000193, nseq: 3305458
	[0000][ M::mem_process_seqs] Processed 3305868 reads in 514.792 CPU sec, 14.083 real sec
	[0000][ M::kt_pipeline] read 3305458 sequences (400000193 bp)...
[0000] Calling mem_process_seqs.., task: 12
[0000] 1. Calling kt_for - worker_bwt
[0000] 2. Calling kt_for - worker_aln
[0000] Inferring insert size distribution of PE reads from data, l_pac: 1342662642, n: 3305458
[0000][PE] # candidate unique pairs for (FF, FR, RF, RR): (103, 1160190, 36, 104)
[0000][PE] analyzing insert size distribution for orientation FF...
[0000][PE] (25, 50, 75) percentile: (59, 95, 151)
[0000][PE] low and high boundaries for computing mean and std.dev: (1, 335)
[0000][PE] mean and std.dev: (104.01, 54.80)
[0000][PE] low and high boundaries for proper pairs: (1, 427)
[0000][PE] analyzing insert size distribution for orientation FR...
[0000][PE] (25, 50, 75) percentile: (95, 138, 196)
[0000][PE] low and high boundaries for computing mean and std.dev: (1, 398)
[0000][PE] mean and std.dev: (151.70, 75.65)
[0000][PE] low and high boundaries for proper pairs: (1, 499)
[0000][PE] analyzing insert size distribution for orientation RF...
[0000][PE] (25, 50, 75) percentile: (234, 319, 1104)
[0000][PE] low and high boundaries for computing mean and std.dev: (1, 2844)
[0000][PE] mean and std.dev: (567.79, 574.05)
[0000][PE] low and high boundaries for proper pairs: (1, 3714)
[0000][PE] analyzing insert size distribution for orientation RR...
[0000][PE] (25, 50, 75) percentile: (67, 99, 155)
[0000][PE] low and high boundaries for computing mean and std.dev: (1, 331)
[0000][PE] mean and std.dev: (105.10, 56.72)
[0000][PE] low and high boundaries for proper pairs: (1, 419)
[0000][PE] skip orientation FF
[0000][PE] skip orientation RF
[0000][PE] skip orientation RR
[0000] 3. Calling kt_for - worker_sam
	[0000][ M::mem_process_seqs] Processed 3305458 reads in 533.044 CPU sec, 14.543 real sec
[0000] read_chunk: 400000000, work_chunk_size: 400000046, nseq: 3315256
	[0000][ M::kt_pipeline] read 3315256 sequences (400000046 bp)...
[0000] Calling mem_process_seqs.., task: 13
[0000] 1. Calling kt_for - worker_bwt
[0000] 2. Calling kt_for - worker_aln
[0000] Inferring insert size distribution of PE reads from data, l_pac: 1342662642, n: 3315256
[0000][PE] # candidate unique pairs for (FF, FR, RF, RR): (100, 1170020, 32, 117)
[0000][PE] analyzing insert size distribution for orientation FF...
[0000][PE] (25, 50, 75) percentile: (53, 87, 153)
[0000][PE] low and high boundaries for computing mean and std.dev: (1, 353)
[0000][PE] mean and std.dev: (103.89, 75.29)
[0000][PE] low and high boundaries for proper pairs: (1, 453)
[0000][PE] analyzing insert size distribution for orientation FR...
[0000][PE] (25, 50, 75) percentile: (95, 139, 196)
[0000][PE] low and high boundaries for computing mean and std.dev: (1, 398)
[0000][PE] mean and std.dev: (151.87, 75.67)
[0000][PE] low and high boundaries for proper pairs: (1, 499)
[0000][PE] analyzing insert size distribution for orientation RF...
[0000][PE] (25, 50, 75) percentile: (222, 460, 852)
[0000][PE] low and high boundaries for computing mean and std.dev: (1, 2112)
[0000][PE] mean and std.dev: (502.60, 456.26)
[0000][PE] low and high boundaries for proper pairs: (1, 2742)
[0000][PE] analyzing insert size distribution for orientation RR...
[0000][PE] (25, 50, 75) percentile: (53, 96, 150)
[0000][PE] low and high boundaries for computing mean and std.dev: (1, 344)
[0000][PE] mean and std.dev: (99.04, 65.23)
[0000][PE] low and high boundaries for proper pairs: (1, 441)
[0000][PE] skip orientation FF
[0000][PE] skip orientation RF
[0000][PE] skip orientation RR
[0000] 3. Calling kt_for - worker_sam
[0000] read_chunk: 400000000, work_chunk_size: 400000039, nseq: 3305144
	[0000][ M::kt_pipeline] read 3305144 sequences (400000039 bp)...
	[0000][ M::mem_process_seqs] Processed 3315256 reads in 535.946 CPU sec, 14.858 real sec
[0000] Calling mem_process_seqs.., task: 14
[0000] 1. Calling kt_for - worker_bwt
[0000] 2. Calling kt_for - worker_aln
[0000] Inferring insert size distribution of PE reads from data, l_pac: 1342662642, n: 3305144
[0000][PE] # candidate unique pairs for (FF, FR, RF, RR): (109, 1136547, 38, 103)
[0000][PE] analyzing insert size distribution for orientation FF...
[0000][PE] (25, 50, 75) percentile: (55, 94, 158)
[0000][PE] low and high boundaries for computing mean and std.dev: (1, 364)
[0000][PE] mean and std.dev: (108.97, 67.45)
[0000][PE] low and high boundaries for proper pairs: (1, 467)
[0000][PE] analyzing insert size distribution for orientation FR...
[0000][PE] (25, 50, 75) percentile: (95, 139, 196)
[0000][PE] low and high boundaries for computing mean and std.dev: (1, 398)
[0000][PE] mean and std.dev: (151.90, 75.56)
[0000][PE] low and high boundaries for proper pairs: (1, 499)
[0000][PE] analyzing insert size distribution for orientation RF...
[0000][PE] (25, 50, 75) percentile: (95, 380, 581)
[0000][PE] low and high boundaries for computing mean and std.dev: (1, 1553)
[0000][PE] mean and std.dev: (402.36, 343.67)
[0000][PE] low and high boundaries for proper pairs: (1, 2039)
[0000][PE] analyzing insert size distribution for orientation RR...
[0000][PE] (25, 50, 75) percentile: (67, 114, 153)
[0000][PE] low and high boundaries for computing mean and std.dev: (1, 325)
[0000][PE] mean and std.dev: (107.69, 60.17)
[0000][PE] low and high boundaries for proper pairs: (1, 411)
[0000][PE] skip orientation FF
[0000][PE] skip orientation RF
[0000][PE] skip orientation RR
[0000] 3. Calling kt_for - worker_sam
[0000] read_chunk: 400000000, work_chunk_size: 400000209, nseq: 3320036
	[0000][ M::kt_pipeline] read 3320036 sequences (400000209 bp)...
	[0000][ M::mem_process_seqs] Processed 3305144 reads in 575.793 CPU sec, 15.915 real sec
[0000] Reallocating initial memory allocations!!
[0000] Calling mem_process_seqs.., task: 15
[0000] 1. Calling kt_for - worker_bwt
[0000] 2. Calling kt_for - worker_aln
[0000] Inferring insert size distribution of PE reads from data, l_pac: 1342662642, n: 3320036
[0000][PE] # candidate unique pairs for (FF, FR, RF, RR): (99, 1190470, 28, 105)
[0000][PE] analyzing insert size distribution for orientation FF...
[0000][PE] (25, 50, 75) percentile: (67, 94, 168)
[0000][PE] low and high boundaries for computing mean and std.dev: (1, 370)
[0000][PE] mean and std.dev: (107.38, 66.05)
[0000][PE] low and high boundaries for proper pairs: (1, 471)
[0000][PE] analyzing insert size distribution for orientation FR...
[0000][PE] (25, 50, 75) percentile: (95, 138, 195)
[0000][PE] low and high boundaries for computing mean and std.dev: (1, 395)
[0000][PE] mean and std.dev: (151.49, 75.48)
[0000][PE] low and high boundaries for proper pairs: (1, 495)
[0000][PE] analyzing insert size distribution for orientation RF...
[0000][PE] (25, 50, 75) percentile: (125, 323, 497)
[0000][PE] low and high boundaries for computing mean and std.dev: (1, 1241)
[0000][PE] mean and std.dev: (345.37, 292.90)
[0000][PE] low and high boundaries for proper pairs: (1, 1613)
[0000][PE] analyzing insert size distribution for orientation RR...
[0000][PE] (25, 50, 75) percentile: (57, 90, 133)
[0000][PE] low and high boundaries for computing mean and std.dev: (1, 285)
[0000][PE] mean and std.dev: (92.77, 55.95)
[0000][PE] low and high boundaries for proper pairs: (1, 361)
[0000][PE] skip orientation FF
[0000][PE] skip orientation RF
[0000][PE] skip orientation RR
[0000] 3. Calling kt_for - worker_sam
[0000] read_chunk: 400000000, work_chunk_size: 400000023, nseq: 3304964
	[0000][ M::kt_pipeline] read 3304964 sequences (400000023 bp)...
	[0000][ M::mem_process_seqs] Processed 3320036 reads in 485.908 CPU sec, 13.197 real sec
[0000] Calling mem_process_seqs.., task: 16
[0000] 1. Calling kt_for - worker_bwt
[0000] 2. Calling kt_for - worker_aln
[0000] Inferring insert size distribution of PE reads from data, l_pac: 1342662642, n: 3304964
[0000][PE] # candidate unique pairs for (FF, FR, RF, RR): (104, 1151952, 35, 117)
[0000][PE] analyzing insert size distribution for orientation FF...
[0000][PE] (25, 50, 75) percentile: (45, 84, 155)
[0000][PE] low and high boundaries for computing mean and std.dev: (1, 375)
[0000][PE] mean and std.dev: (103.08, 79.25)
[0000][PE] low and high boundaries for proper pairs: (1, 485)
[0000][PE] analyzing insert size distribution for orientation FR...
[0000][PE] (25, 50, 75) percentile: (95, 139, 196)
[0000][PE] low and high boundaries for computing mean and std.dev: (1, 398)
[0000][PE] mean and std.dev: (152.19, 75.63)
[0000][PE] low and high boundaries for proper pairs: (1, 499)
[0000][PE] analyzing insert size distribution for orientation RF...
[0000][PE] (25, 50, 75) percentile: (65, 217, 680)
[0000][PE] low and high boundaries for computing mean and std.dev: (1, 1910)
[0000][PE] mean and std.dev: (219.52, 243.49)
[0000][PE] low and high boundaries for proper pairs: (1, 2525)
[0000][PE] analyzing insert size distribution for orientation RR...
[0000][PE] (25, 50, 75) percentile: (80, 116, 174)
[0000][PE] low and high boundaries for computing mean and std.dev: (1, 362)
[0000][PE] mean and std.dev: (122.54, 64.52)
[0000][PE] low and high boundaries for proper pairs: (1, 456)
[0000][PE] skip orientation FF
[0000][PE] skip orientation RF
[0000][PE] skip orientation RR
[0000] 3. Calling kt_for - worker_sam
	[0000][ M::mem_process_seqs] Processed 3304964 reads in 529.185 CPU sec, 14.308 real sec
[0000] read_chunk: 400000000, work_chunk_size: 400000090, nseq: 3309214
	[0000][ M::kt_pipeline] read 3309214 sequences (400000090 bp)...
[0000] Calling mem_process_seqs.., task: 17
[0000] 1. Calling kt_for - worker_bwt
[0000] 2. Calling kt_for - worker_aln
[0000] Inferring insert size distribution of PE reads from data, l_pac: 1342662642, n: 3309214
[0000][PE] # candidate unique pairs for (FF, FR, RF, RR): (110, 1152800, 27, 89)
[0000][PE] analyzing insert size distribution for orientation FF...
[0000][PE] (25, 50, 75) percentile: (59, 93, 198)
[0000][PE] low and high boundaries for computing mean and std.dev: (1, 476)
[0000][PE] mean and std.dev: (114.43, 84.57)
[0000][PE] low and high boundaries for proper pairs: (1, 615)
[0000][PE] analyzing insert size distribution for orientation FR...
[0000][PE] (25, 50, 75) percentile: (95, 138, 195)
[0000][PE] low and high boundaries for computing mean and std.dev: (1, 395)
[0000][PE] mean and std.dev: (151.59, 75.36)
[0000][PE] low and high boundaries for proper pairs: (1, 495)
[0000][PE] analyzing insert size distribution for orientation RF...
[0000][PE] (25, 50, 75) percentile: (157, 218, 725)
[0000][PE] low and high boundaries for computing mean and std.dev: (1, 1861)
[0000][PE] mean and std.dev: (353.80, 342.49)
[0000][PE] low and high boundaries for proper pairs: (1, 2429)
[0000][PE] analyzing insert size distribution for orientation RR...
[0000][PE] (25, 50, 75) percentile: (51, 84, 152)
[0000][PE] low and high boundaries for computing mean and std.dev: (1, 354)
[0000][PE] mean and std.dev: (99.42, 64.74)
[0000][PE] low and high boundaries for proper pairs: (1, 455)
[0000][PE] skip orientation FF
[0000][PE] skip orientation RF
[0000][PE] skip orientation RR
[0000] 3. Calling kt_for - worker_sam
[0000] read_chunk: 400000000, work_chunk_size: 400000234, nseq: 3312082
	[0000][ M::kt_pipeline] read 3312082 sequences (400000234 bp)...
	[0000][ M::mem_process_seqs] Processed 3309214 reads in 565.833 CPU sec, 15.198 real sec
[0000] Calling mem_process_seqs.., task: 18
[0000] 1. Calling kt_for - worker_bwt
[0000] 2. Calling kt_for - worker_aln
[0000] Inferring insert size distribution of PE reads from data, l_pac: 1342662642, n: 3312082
[0000][PE] # candidate unique pairs for (FF, FR, RF, RR): (92, 1170905, 27, 91)
[0000][PE] analyzing insert size distribution for orientation FF...
[0000][PE] (25, 50, 75) percentile: (51, 75, 121)
[0000][PE] low and high boundaries for computing mean and std.dev: (1, 261)
[0000][PE] mean and std.dev: (80.51, 42.14)
[0000][PE] low and high boundaries for proper pairs: (1, 331)
[0000][PE] analyzing insert size distribution for orientation FR...
[0000][PE] (25, 50, 75) percentile: (95, 139, 196)
[0000][PE] low and high boundaries for computing mean and std.dev: (1, 398)
[0000][PE] mean and std.dev: (151.89, 75.64)
[0000][PE] low and high boundaries for proper pairs: (1, 499)
[0000][PE] analyzing insert size distribution for orientation RF...
[0000][PE] (25, 50, 75) percentile: (153, 317, 580)
[0000][PE] low and high boundaries for computing mean and std.dev: (1, 1434)
[0000][PE] mean and std.dev: (392.93, 297.74)
[0000][PE] low and high boundaries for proper pairs: (1, 1861)
[0000][PE] analyzing insert size distribution for orientation RR...
[0000][PE] (25, 50, 75) percentile: (57, 117, 179)
[0000][PE] low and high boundaries for computing mean and std.dev: (1, 423)
[0000][PE] mean and std.dev: (119.29, 82.00)
[0000][PE] low and high boundaries for proper pairs: (1, 545)
[0000][PE] skip orientation FF
[0000][PE] skip orientation RF
[0000][PE] skip orientation RR
[0000] 3. Calling kt_for - worker_sam
	[0000][ M::mem_process_seqs] Processed 3312082 reads in 504.822 CPU sec, 13.877 real sec
[0000] read_chunk: 400000000, work_chunk_size: 400000063, nseq: 3307998
	[0000][ M::kt_pipeline] read 3307998 sequences (400000063 bp)...
[0000] Calling mem_process_seqs.., task: 19
[0000] 1. Calling kt_for - worker_bwt
[0000] 2. Calling kt_for - worker_aln
[0000] Inferring insert size distribution of PE reads from data, l_pac: 1342662642, n: 3307998
[0000][PE] # candidate unique pairs for (FF, FR, RF, RR): (110, 1170707, 30, 98)
[0000][PE] analyzing insert size distribution for orientation FF...
[0000][PE] (25, 50, 75) percentile: (57, 93, 133)
[0000][PE] low and high boundaries for computing mean and std.dev: (1, 285)
[0000][PE] mean and std.dev: (94.99, 49.68)
[0000][PE] low and high boundaries for proper pairs: (1, 361)
[0000][PE] analyzing insert size distribution for orientation FR...
[0000][PE] (25, 50, 75) percentile: (95, 139, 196)
[0000][PE] low and high boundaries for computing mean and std.dev: (1, 398)
[0000][PE] mean and std.dev: (151.99, 75.66)
[0000][PE] low and high boundaries for proper pairs: (1, 499)
[0000][PE] analyzing insert size distribution for orientation RF...
[0000][PE] (25, 50, 75) percentile: (111, 321, 545)
[0000][PE] low and high boundaries for computing mean and std.dev: (1, 1413)
[0000][PE] mean and std.dev: (351.50, 326.86)
[0000][PE] low and high boundaries for proper pairs: (1, 1847)
[0000][PE] analyzing insert size distribution for orientation RR...
[0000][PE] (25, 50, 75) percentile: (58, 89, 142)
[0000][PE] low and high boundaries for computing mean and std.dev: (1, 310)
[0000][PE] mean and std.dev: (102.06, 60.89)
[0000][PE] low and high boundaries for proper pairs: (1, 394)
[0000][PE] skip orientation FF
[0000][PE] skip orientation RF
[0000][PE] skip orientation RR
[0000] 3. Calling kt_for - worker_sam
	[0000][ M::mem_process_seqs] Processed 3307998 reads in 522.742 CPU sec, 19.855 real sec
[0000] read_chunk: 400000000, work_chunk_size: 400000089, nseq: 3303902
	[0000][ M::kt_pipeline] read 3303902 sequences (400000089 bp)...
[0000] Calling mem_process_seqs.., task: 20
[0000] 1. Calling kt_for - worker_bwt
[0000] 2. Calling kt_for - worker_aln
[0000] Inferring insert size distribution of PE reads from data, l_pac: 1342662642, n: 3303902
[0000][PE] # candidate unique pairs for (FF, FR, RF, RR): (117, 1151285, 42, 116)
[0000][PE] analyzing insert size distribution for orientation FF...
[0000][PE] (25, 50, 75) percentile: (46, 82, 132)
[0000][PE] low and high boundaries for computing mean and std.dev: (1, 304)
[0000][PE] mean and std.dev: (91.23, 55.72)
[0000][PE] low and high boundaries for proper pairs: (1, 390)
[0000][PE] analyzing insert size distribution for orientation FR...
[0000][PE] (25, 50, 75) percentile: (95, 139, 196)
[0000][PE] low and high boundaries for computing mean and std.dev: (1, 398)
[0000][PE] mean and std.dev: (151.88, 75.70)
[0000][PE] low and high boundaries for proper pairs: (1, 499)
[0000][PE] analyzing insert size distribution for orientation RF...
[0000][PE] (25, 50, 75) percentile: (78, 282, 518)
[0000][PE] low and high boundaries for computing mean and std.dev: (1, 1398)
[0000][PE] mean and std.dev: (313.26, 289.31)
[0000][PE] low and high boundaries for proper pairs: (1, 1838)
[0000][PE] analyzing insert size distribution for orientation RR...
[0000][PE] (25, 50, 75) percentile: (64, 106, 161)
[0000][PE] low and high boundaries for computing mean and std.dev: (1, 355)
[0000][PE] mean and std.dev: (109.31, 69.83)
[0000][PE] low and high boundaries for proper pairs: (1, 452)
[0000][PE] skip orientation FF
[0000][PE] skip orientation RF
[0000][PE] skip orientation RR
[0000] 3. Calling kt_for - worker_sam
[0000] read_chunk: 400000000, work_chunk_size: 400000264, nseq: 3310084
	[0000][ M::kt_pipeline] read 3310084 sequences (400000264 bp)...
	[0000][ M::mem_process_seqs] Processed 3303902 reads in 539.954 CPU sec, 14.443 real sec
[0000] Calling mem_process_seqs.., task: 21
[0000] 1. Calling kt_for - worker_bwt
[0000] 2. Calling kt_for - worker_aln
[0000] Inferring insert size distribution of PE reads from data, l_pac: 1342662642, n: 3310084
[0000][PE] # candidate unique pairs for (FF, FR, RF, RR): (107, 1174132, 33, 93)
[0000][PE] analyzing insert size distribution for orientation FF...
[0000][PE] (25, 50, 75) percentile: (51, 89, 161)
[0000][PE] low and high boundaries for computing mean and std.dev: (1, 381)
[0000][PE] mean and std.dev: (109.41, 73.94)
[0000][PE] low and high boundaries for proper pairs: (1, 491)
[0000][PE] analyzing insert size distribution for orientation FR...
[0000][PE] (25, 50, 75) percentile: (95, 139, 195)
[0000][PE] low and high boundaries for computing mean and std.dev: (1, 395)
[0000][PE] mean and std.dev: (151.63, 75.42)
[0000][PE] low and high boundaries for proper pairs: (1, 495)
[0000][PE] analyzing insert size distribution for orientation RF...
[0000][PE] (25, 50, 75) percentile: (77, 210, 378)
[0000][PE] low and high boundaries for computing mean and std.dev: (1, 980)
[0000][PE] mean and std.dev: (213.03, 164.08)
[0000][PE] low and high boundaries for proper pairs: (1, 1281)
[0000][PE] analyzing insert size distribution for orientation RR...
[0000][PE] (25, 50, 75) percentile: (57, 101, 179)
[0000][PE] low and high boundaries for computing mean and std.dev: (1, 423)
[0000][PE] mean and std.dev: (117.13, 79.73)
[0000][PE] low and high boundaries for proper pairs: (1, 545)
[0000][PE] skip orientation FF
[0000][PE] skip orientation RF
[0000][PE] skip orientation RR
[0000] 3. Calling kt_for - worker_sam
[0000] read_chunk: 400000000, work_chunk_size: 400000048, nseq: 3313616
	[0000][ M::kt_pipeline] read 3313616 sequences (400000048 bp)...
	[0000][ M::mem_process_seqs] Processed 3310084 reads in 547.659 CPU sec, 14.860 real sec
[0000] Calling mem_process_seqs.., task: 22
[0000] 1. Calling kt_for - worker_bwt
[0000] 2. Calling kt_for - worker_aln
[0000] Inferring insert size distribution of PE reads from data, l_pac: 1342662642, n: 3313616
[0000][PE] # candidate unique pairs for (FF, FR, RF, RR): (89, 1175459, 25, 97)
[0000][PE] analyzing insert size distribution for orientation FF...
[0000][PE] (25, 50, 75) percentile: (72, 100, 166)
[0000][PE] low and high boundaries for computing mean and std.dev: (1, 354)
[0000][PE] mean and std.dev: (112.39, 67.55)
[0000][PE] low and high boundaries for proper pairs: (1, 448)
[0000][PE] analyzing insert size distribution for orientation FR...
[0000][PE] (25, 50, 75) percentile: (95, 139, 196)
[0000][PE] low and high boundaries for computing mean and std.dev: (1, 398)
[0000][PE] mean and std.dev: (152.02, 75.62)
[0000][PE] low and high boundaries for proper pairs: (1, 499)
[0000][PE] analyzing insert size distribution for orientation RF...
[0000][PE] (25, 50, 75) percentile: (64, 360, 706)
[0000][PE] low and high boundaries for computing mean and std.dev: (1, 1990)
[0000][PE] mean and std.dev: (373.86, 420.27)
[0000][PE] low and high boundaries for proper pairs: (1, 2632)
[0000][PE] analyzing insert size distribution for orientation RR...
[0000][PE] (25, 50, 75) percentile: (57, 79, 123)
[0000][PE] low and high boundaries for computing mean and std.dev: (1, 255)
[0000][PE] mean and std.dev: (92.65, 54.52)
[0000][PE] low and high boundaries for proper pairs: (1, 321)
[0000][PE] skip orientation FF
[0000][PE] skip orientation RF
[0000][PE] skip orientation RR
[0000] 3. Calling kt_for - worker_sam
	[0000][ M::mem_process_seqs] Processed 3313616 reads in 509.470 CPU sec, 13.986 real sec
[0000] read_chunk: 400000000, work_chunk_size: 400000127, nseq: 3302418
	[0000][ M::kt_pipeline] read 3302418 sequences (400000127 bp)...
[0000] Calling mem_process_seqs.., task: 23
[0000] 1. Calling kt_for - worker_bwt
[0000] 2. Calling kt_for - worker_aln
[0000] Inferring insert size distribution of PE reads from data, l_pac: 1342662642, n: 3302418
[0000][PE] # candidate unique pairs for (FF, FR, RF, RR): (109, 1158236, 27, 101)
[0000][PE] analyzing insert size distribution for orientation FF...
[0000][PE] (25, 50, 75) percentile: (53, 86, 136)
[0000][PE] low and high boundaries for computing mean and std.dev: (1, 302)
[0000][PE] mean and std.dev: (98.36, 64.33)
[0000][PE] low and high boundaries for proper pairs: (1, 385)
[0000][PE] analyzing insert size distribution for orientation FR...
[0000][PE] (25, 50, 75) percentile: (95, 139, 196)
[0000][PE] low and high boundaries for computing mean and std.dev: (1, 398)
[0000][PE] mean and std.dev: (152.23, 75.70)
[0000][PE] low and high boundaries for proper pairs: (1, 499)
[0000][PE] analyzing insert size distribution for orientation RF...
[0000][PE] (25, 50, 75) percentile: (127, 275, 552)
[0000][PE] low and high boundaries for computing mean and std.dev: (1, 1402)
[0000][PE] mean and std.dev: (320.21, 323.60)
[0000][PE] low and high boundaries for proper pairs: (1, 1827)
[0000][PE] analyzing insert size distribution for orientation RR...
[0000][PE] (25, 50, 75) percentile: (53, 92, 141)
[0000][PE] low and high boundaries for computing mean and std.dev: (1, 317)
[0000][PE] mean and std.dev: (95.37, 53.41)
[0000][PE] low and high boundaries for proper pairs: (1, 405)
[0000][PE] skip orientation FF
[0000][PE] skip orientation RF
[0000][PE] skip orientation RR
[0000] 3. Calling kt_for - worker_sam
[0000] read_chunk: 400000000, work_chunk_size: 400000136, nseq: 3314310
	[0000][ M::kt_pipeline] read 3314310 sequences (400000136 bp)...
	[0000][ M::mem_process_seqs] Processed 3302418 reads in 536.719 CPU sec, 15.130 real sec
[0000] Calling mem_process_seqs.., task: 24
[0000] 1. Calling kt_for - worker_bwt
[0000] 2. Calling kt_for - worker_aln
[0000] Inferring insert size distribution of PE reads from data, l_pac: 1342662642, n: 3314310
[0000][PE] # candidate unique pairs for (FF, FR, RF, RR): (93, 1188903, 27, 86)
[0000][PE] analyzing insert size distribution for orientation FF...
[0000][PE] (25, 50, 75) percentile: (55, 83, 154)
[0000][PE] low and high boundaries for computing mean and std.dev: (1, 352)
[0000][PE] mean and std.dev: (98.60, 67.76)
[0000][PE] low and high boundaries for proper pairs: (1, 451)
[0000][PE] analyzing insert size distribution for orientation FR...
[0000][PE] (25, 50, 75) percentile: (95, 139, 196)
[0000][PE] low and high boundaries for computing mean and std.dev: (1, 398)
[0000][PE] mean and std.dev: (151.91, 75.56)
[0000][PE] low and high boundaries for proper pairs: (1, 499)
[0000][PE] analyzing insert size distribution for orientation RF...
[0000][PE] (25, 50, 75) percentile: (243, 413, 1213)
[0000][PE] low and high boundaries for computing mean and std.dev: (1, 3153)
[0000][PE] mean and std.dev: (558.67, 506.09)
[0000][PE] low and high boundaries for proper pairs: (1, 4123)
[0000][PE] analyzing insert size distribution for orientation RR...
[0000][PE] (25, 50, 75) percentile: (46, 90, 136)
[0000][PE] low and high boundaries for computing mean and std.dev: (1, 316)
[0000][PE] mean and std.dev: (93.31, 56.03)
[0000][PE] low and high boundaries for proper pairs: (1, 406)
[0000][PE] skip orientation FF
[0000][PE] skip orientation RF
[0000][PE] skip orientation RR
[0000] 3. Calling kt_for - worker_sam
	[0000][ M::mem_process_seqs] Processed 3314310 reads in 497.619 CPU sec, 13.657 real sec
[0000] read_chunk: 400000000, work_chunk_size: 400000012, nseq: 3311112
	[0000][ M::kt_pipeline] read 3311112 sequences (400000012 bp)...
[0000] Calling mem_process_seqs.., task: 25
[0000] 1. Calling kt_for - worker_bwt
[0000] 2. Calling kt_for - worker_aln
[0000] Inferring insert size distribution of PE reads from data, l_pac: 1342662642, n: 3311112
[0000][PE] # candidate unique pairs for (FF, FR, RF, RR): (98, 1163600, 43, 111)
[0000][PE] analyzing insert size distribution for orientation FF...
[0000][PE] (25, 50, 75) percentile: (60, 102, 153)
[0000][PE] low and high boundaries for computing mean and std.dev: (1, 339)
[0000][PE] mean and std.dev: (110.32, 66.53)
[0000][PE] low and high boundaries for proper pairs: (1, 432)
[0000][PE] analyzing insert size distribution for orientation FR...
[0000][PE] (25, 50, 75) percentile: (95, 139, 196)
[0000][PE] low and high boundaries for computing mean and std.dev: (1, 398)
[0000][PE] mean and std.dev: (151.81, 75.59)
[0000][PE] low and high boundaries for proper pairs: (1, 499)
[0000][PE] analyzing insert size distribution for orientation RF...
[0000][PE] (25, 50, 75) percentile: (112, 229, 532)
[0000][PE] low and high boundaries for computing mean and std.dev: (1, 1372)
[0000][PE] mean and std.dev: (310.29, 299.43)
[0000][PE] low and high boundaries for proper pairs: (1, 1792)
[0000][PE] analyzing insert size distribution for orientation RR...
[0000][PE] (25, 50, 75) percentile: (55, 84, 170)
[0000][PE] low and high boundaries for computing mean and std.dev: (1, 400)
[0000][PE] mean and std.dev: (96.07, 66.64)
[0000][PE] low and high boundaries for proper pairs: (1, 515)
[0000][PE] skip orientation FF
[0000][PE] skip orientation RF
[0000][PE] skip orientation RR
[0000] 3. Calling kt_for - worker_sam
[0000] read_chunk: 400000000, work_chunk_size: 400000000, nseq: 3254754
	[0000][ M::kt_pipeline] read 3254754 sequences (400000000 bp)...
	[0000][ M::mem_process_seqs] Processed 3311112 reads in 531.795 CPU sec, 14.550 real sec
[0000] Calling mem_process_seqs.., task: 26
[0000] 1. Calling kt_for - worker_bwt
[0000] 2. Calling kt_for - worker_aln
[0000] read_chunk: 400000000, work_chunk_size: 400000068, nseq: 3295086
	[0000][ M::kt_pipeline] read 3295086 sequences (400000068 bp)...
[0000] Inferring insert size distribution of PE reads from data, l_pac: 1342662642, n: 3254754
[0000][PE] # candidate unique pairs for (FF, FR, RF, RR): (85, 1027328, 37, 73)
[0000][PE] analyzing insert size distribution for orientation FF...
[0000][PE] (25, 50, 75) percentile: (42, 90, 145)
[0000][PE] low and high boundaries for computing mean and std.dev: (1, 351)
[0000][PE] mean and std.dev: (92.47, 63.52)
[0000][PE] low and high boundaries for proper pairs: (1, 454)
[0000][PE] analyzing insert size distribution for orientation FR...
[0000][PE] (25, 50, 75) percentile: (95, 139, 196)
[0000][PE] low and high boundaries for computing mean and std.dev: (1, 398)
[0000][PE] mean and std.dev: (151.80, 75.62)
[0000][PE] low and high boundaries for proper pairs: (1, 499)
[0000][PE] analyzing insert size distribution for orientation RF...
[0000][PE] (25, 50, 75) percentile: (126, 273, 462)
[0000][PE] low and high boundaries for computing mean and std.dev: (1, 1134)
[0000][PE] mean and std.dev: (285.71, 218.36)
[0000][PE] low and high boundaries for proper pairs: (1, 1470)
[0000][PE] analyzing insert size distribution for orientation RR...
[0000][PE] (25, 50, 75) percentile: (53, 97, 142)
[0000][PE] low and high boundaries for computing mean and std.dev: (1, 320)
[0000][PE] mean and std.dev: (95.87, 61.01)
[0000][PE] low and high boundaries for proper pairs: (1, 409)
[0000][PE] skip orientation FF
[0000][PE] skip orientation RF
[0000][PE] skip orientation RR
[0000] 3. Calling kt_for - worker_sam
	[0000][ M::mem_process_seqs] Processed 3254754 reads in 905.558 CPU sec, 23.743 real sec
[0000] Calling mem_process_seqs.., task: 27
[0000] 1. Calling kt_for - worker_bwt
[0000] 2. Calling kt_for - worker_aln
[0000] Inferring insert size distribution of PE reads from data, l_pac: 1342662642, n: 3295086
[0000][PE] # candidate unique pairs for (FF, FR, RF, RR): (86, 1138375, 37, 102)
[0000][PE] analyzing insert size distribution for orientation FF...
[0000][PE] (25, 50, 75) percentile: (43, 98, 154)
[0000][PE] low and high boundaries for computing mean and std.dev: (1, 376)
[0000][PE] mean and std.dev: (98.34, 64.04)
[0000][PE] low and high boundaries for proper pairs: (1, 487)
[0000][PE] analyzing insert size distribution for orientation FR...
[0000][PE] (25, 50, 75) percentile: (95, 139, 196)
[0000][PE] low and high boundaries for computing mean and std.dev: (1, 398)
[0000][PE] mean and std.dev: (152.19, 75.60)
[0000][PE] low and high boundaries for proper pairs: (1, 499)
[0000][PE] analyzing insert size distribution for orientation RF...
[0000][PE] (25, 50, 75) percentile: (99, 206, 562)
[0000][PE] low and high boundaries for computing mean and std.dev: (1, 1488)
[0000][PE] mean and std.dev: (315.56, 278.74)
[0000][PE] low and high boundaries for proper pairs: (1, 1951)
[0000][PE] analyzing insert size distribution for orientation RR...
[0000][PE] (25, 50, 75) percentile: (53, 102, 153)
[0000][PE] low and high boundaries for computing mean and std.dev: (1, 353)
[0000][PE] mean and std.dev: (104.03, 65.95)
[0000][PE] low and high boundaries for proper pairs: (1, 453)
[0000][PE] skip orientation FF
[0000][PE] skip orientation RF
[0000][PE] skip orientation RR
[0000] 3. Calling kt_for - worker_sam
[0000] read_chunk: 400000000, work_chunk_size: 400000060, nseq: 3309128
	[0000][ M::kt_pipeline] read 3309128 sequences (400000060 bp)...
	[0000][ M::mem_process_seqs] Processed 3295086 reads in 556.394 CPU sec, 15.514 real sec
[0000] Calling mem_process_seqs.., task: 28
[0000] 1. Calling kt_for - worker_bwt
[0000] 2. Calling kt_for - worker_aln
[0000] Inferring insert size distribution of PE reads from data, l_pac: 1342662642, n: 3309128
[0000][PE] # candidate unique pairs for (FF, FR, RF, RR): (104, 1167818, 36, 105)
[0000][PE] analyzing insert size distribution for orientation FF...
[0000][PE] (25, 50, 75) percentile: (51, 92, 153)
[0000][PE] low and high boundaries for computing mean and std.dev: (1, 357)
[0000][PE] mean and std.dev: (95.78, 64.61)
[0000][PE] low and high boundaries for proper pairs: (1, 459)
[0000][PE] analyzing insert size distribution for orientation FR...
[0000][PE] (25, 50, 75) percentile: (95, 139, 196)
[0000][PE] low and high boundaries for computing mean and std.dev: (1, 398)
[0000][PE] mean and std.dev: (151.82, 75.71)
[0000][PE] low and high boundaries for proper pairs: (1, 499)
[0000][PE] analyzing insert size distribution for orientation RF...
[0000][PE] (25, 50, 75) percentile: (148, 272, 598)
[0000][PE] low and high boundaries for computing mean and std.dev: (1, 1498)
[0000][PE] mean and std.dev: (366.65, 327.31)
[0000][PE] low and high boundaries for proper pairs: (1, 1948)
[0000][PE] analyzing insert size distribution for orientation RR...
[0000][PE] (25, 50, 75) percentile: (72, 110, 181)
[0000][PE] low and high boundaries for computing mean and std.dev: (1, 399)
[0000][PE] mean and std.dev: (120.49, 68.26)
[0000][PE] low and high boundaries for proper pairs: (1, 508)
[0000][PE] skip orientation FF
[0000][PE] skip orientation RF
[0000][PE] skip orientation RR
[0000] 3. Calling kt_for - worker_sam
	[0000][ M::mem_process_seqs] Processed 3309128 reads in 533.324 CPU sec, 14.439 real sec
[0000] read_chunk: 400000000, work_chunk_size: 400000299, nseq: 3318760
	[0000][ M::kt_pipeline] read 3318760 sequences (400000299 bp)...
[0000] Calling mem_process_seqs.., task: 29
[0000] 1. Calling kt_for - worker_bwt
[0000] 2. Calling kt_for - worker_aln
[0000] Inferring insert size distribution of PE reads from data, l_pac: 1342662642, n: 3318760
[0000][PE] # candidate unique pairs for (FF, FR, RF, RR): (95, 1162895, 29, 104)
[0000][PE] analyzing insert size distribution for orientation FF...
[0000][PE] (25, 50, 75) percentile: (57, 86, 141)
[0000][PE] low and high boundaries for computing mean and std.dev: (1, 309)
[0000][PE] mean and std.dev: (94.56, 60.16)
[0000][PE] low and high boundaries for proper pairs: (1, 393)
[0000][PE] analyzing insert size distribution for orientation FR...
[0000][PE] (25, 50, 75) percentile: (95, 139, 196)
[0000][PE] low and high boundaries for computing mean and std.dev: (1, 398)
[0000][PE] mean and std.dev: (151.93, 75.59)
[0000][PE] low and high boundaries for proper pairs: (1, 499)
[0000][PE] analyzing insert size distribution for orientation RF...
[0000][PE] (25, 50, 75) percentile: (160, 391, 566)
[0000][PE] low and high boundaries for computing mean and std.dev: (1, 1378)
[0000][PE] mean and std.dev: (315.27, 211.91)
[0000][PE] low and high boundaries for proper pairs: (1, 1784)
[0000][PE] analyzing insert size distribution for orientation RR...
[0000][PE] (25, 50, 75) percentile: (66, 104, 166)
[0000][PE] low and high boundaries for computing mean and std.dev: (1, 366)
[0000][PE] mean and std.dev: (121.16, 73.79)
[0000][PE] low and high boundaries for proper pairs: (1, 466)
[0000][PE] skip orientation FF
[0000][PE] skip orientation RF
[0000][PE] skip orientation RR
[0000] 3. Calling kt_for - worker_sam
[0000] read_chunk: 400000000, work_chunk_size: 400000020, nseq: 3316002
	[0000][ M::kt_pipeline] read 3316002 sequences (400000020 bp)...
	[0000][ M::mem_process_seqs] Processed 3318760 reads in 507.119 CPU sec, 13.789 real sec
[0000] Calling mem_process_seqs.., task: 30
[0000] 1. Calling kt_for - worker_bwt
[0000] 2. Calling kt_for - worker_aln
[0000] Inferring insert size distribution of PE reads from data, l_pac: 1342662642, n: 3316002
[0000][PE] # candidate unique pairs for (FF, FR, RF, RR): (99, 1181213, 38, 108)
[0000][PE] analyzing insert size distribution for orientation FF...
[0000][PE] (25, 50, 75) percentile: (52, 95, 144)
[0000][PE] low and high boundaries for computing mean and std.dev: (1, 328)
[0000][PE] mean and std.dev: (98.91, 62.62)
[0000][PE] low and high boundaries for proper pairs: (1, 420)
[0000][PE] analyzing insert size distribution for orientation FR...
[0000][PE] (25, 50, 75) percentile: (95, 138, 195)
[0000][PE] low and high boundaries for computing mean and std.dev: (1, 395)
[0000][PE] mean and std.dev: (151.53, 75.29)
[0000][PE] low and high boundaries for proper pairs: (1, 495)
[0000][PE] analyzing insert size distribution for orientation RF...
[0000][PE] (25, 50, 75) percentile: (111, 258, 460)
[0000][PE] low and high boundaries for computing mean and std.dev: (1, 1158)
[0000][PE] mean and std.dev: (279.85, 231.81)
[0000][PE] low and high boundaries for proper pairs: (1, 1507)
[0000][PE] analyzing insert size distribution for orientation RR...
[0000][PE] (25, 50, 75) percentile: (55, 91, 148)
[0000][PE] low and high boundaries for computing mean and std.dev: (1, 334)
[0000][PE] mean and std.dev: (103.99, 63.02)
[0000][PE] low and high boundaries for proper pairs: (1, 427)
[0000][PE] skip orientation FF
[0000][PE] skip orientation RF
[0000][PE] skip orientation RR
[0000] 3. Calling kt_for - worker_sam
	[0000][ M::mem_process_seqs] Processed 3316002 reads in 511.825 CPU sec, 14.117 real sec
[0000] read_chunk: 400000000, work_chunk_size: 400000155, nseq: 3308130
	[0000][ M::kt_pipeline] read 3308130 sequences (400000155 bp)...
[0000] Calling mem_process_seqs.., task: 31
[0000] 1. Calling kt_for - worker_bwt
[0000] 2. Calling kt_for - worker_aln
[0000] Inferring insert size distribution of PE reads from data, l_pac: 1342662642, n: 3308130
[0000][PE] # candidate unique pairs for (FF, FR, RF, RR): (86, 1178158, 43, 125)
[0000][PE] analyzing insert size distribution for orientation FF...
[0000][PE] (25, 50, 75) percentile: (61, 103, 149)
[0000][PE] low and high boundaries for computing mean and std.dev: (1, 325)
[0000][PE] mean and std.dev: (111.11, 66.21)
[0000][PE] low and high boundaries for proper pairs: (1, 413)
[0000][PE] analyzing insert size distribution for orientation FR...
[0000][PE] (25, 50, 75) percentile: (96, 139, 196)
[0000][PE] low and high boundaries for computing mean and std.dev: (1, 396)
[0000][PE] mean and std.dev: (152.05, 75.30)
[0000][PE] low and high boundaries for proper pairs: (1, 496)
[0000][PE] analyzing insert size distribution for orientation RF...
[0000][PE] (25, 50, 75) percentile: (140, 233, 672)
[0000][PE] low and high boundaries for computing mean and std.dev: (1, 1736)
[0000][PE] mean and std.dev: (300.00, 255.21)
[0000][PE] low and high boundaries for proper pairs: (1, 2268)
[0000][PE] analyzing insert size distribution for orientation RR...
[0000][PE] (25, 50, 75) percentile: (57, 107, 157)
[0000][PE] low and high boundaries for computing mean and std.dev: (1, 357)
[0000][PE] mean and std.dev: (96.74, 54.82)
[0000][PE] low and high boundaries for proper pairs: (1, 457)
[0000][PE] skip orientation FF
[0000][PE] skip orientation RF
[0000][PE] skip orientation RR
[0000] 3. Calling kt_for - worker_sam
	[0000][ M::mem_process_seqs] Processed 3308130 reads in 492.838 CPU sec, 13.391 real sec
[0000] read_chunk: 400000000, work_chunk_size: 400000234, nseq: 3314190
	[0000][ M::kt_pipeline] read 3314190 sequences (400000234 bp)...
[0000] Calling mem_process_seqs.., task: 32
[0000] 1. Calling kt_for - worker_bwt
[0000] 2. Calling kt_for - worker_aln
[0000] Inferring insert size distribution of PE reads from data, l_pac: 1342662642, n: 3314190
[0000][PE] # candidate unique pairs for (FF, FR, RF, RR): (105, 1161949, 44, 95)
[0000][PE] analyzing insert size distribution for orientation FF...
[0000][PE] (25, 50, 75) percentile: (50, 80, 132)
[0000][PE] low and high boundaries for computing mean and std.dev: (1, 296)
[0000][PE] mean and std.dev: (87.61, 48.00)
[0000][PE] low and high boundaries for proper pairs: (1, 378)
[0000][PE] analyzing insert size distribution for orientation FR...
[0000][PE] (25, 50, 75) percentile: (95, 139, 196)
[0000][PE] low and high boundaries for computing mean and std.dev: (1, 398)
[0000][PE] mean and std.dev: (151.96, 75.64)
[0000][PE] low and high boundaries for proper pairs: (1, 499)
[0000][PE] analyzing insert size distribution for orientation RF...
[0000][PE] (25, 50, 75) percentile: (110, 187, 526)
[0000][PE] low and high boundaries for computing mean and std.dev: (1, 1358)
[0000][PE] mean and std.dev: (299.78, 297.00)
[0000][PE] low and high boundaries for proper pairs: (1, 1774)
[0000][PE] analyzing insert size distribution for orientation RR...
[0000][PE] (25, 50, 75) percentile: (53, 89, 161)
[0000][PE] low and high boundaries for computing mean and std.dev: (1, 377)
[0000][PE] mean and std.dev: (105.58, 73.04)
[0000][PE] low and high boundaries for proper pairs: (1, 485)
[0000][PE] skip orientation FF
[0000][PE] skip orientation RF
[0000][PE] skip orientation RR
[0000] 3. Calling kt_for - worker_sam
[0000] read_chunk: 400000000, work_chunk_size: 400000141, nseq: 3318060
	[0000][ M::kt_pipeline] read 3318060 sequences (400000141 bp)...
	[0000][ M::mem_process_seqs] Processed 3314190 reads in 526.194 CPU sec, 14.428 real sec
[0000] Calling mem_process_seqs.., task: 33
[0000] 1. Calling kt_for - worker_bwt
[0000] 2. Calling kt_for - worker_aln
[0000] Inferring insert size distribution of PE reads from data, l_pac: 1342662642, n: 3318060
[0000][PE] # candidate unique pairs for (FF, FR, RF, RR): (107, 1180634, 26, 90)
[0000][PE] analyzing insert size distribution for orientation FF...
[0000][PE] (25, 50, 75) percentile: (48, 93, 138)
[0000][PE] low and high boundaries for computing mean and std.dev: (1, 318)
[0000][PE] mean and std.dev: (93.66, 55.49)
[0000][PE] low and high boundaries for proper pairs: (1, 408)
[0000][PE] analyzing insert size distribution for orientation FR...
[0000][PE] (25, 50, 75) percentile: (95, 138, 195)
[0000][PE] low and high boundaries for computing mean and std.dev: (1, 395)
[0000][PE] mean and std.dev: (151.47, 75.37)
[0000][PE] low and high boundaries for proper pairs: (1, 495)
[0000][PE] analyzing insert size distribution for orientation RF...
[0000][PE] (25, 50, 75) percentile: (145, 368, 805)
[0000][PE] low and high boundaries for computing mean and std.dev: (1, 2125)
[0000][PE] mean and std.dev: (467.28, 468.48)
[0000][PE] low and high boundaries for proper pairs: (1, 2785)
[0000][PE] analyzing insert size distribution for orientation RR...
[0000][PE] (25, 50, 75) percentile: (52, 94, 154)
[0000][PE] low and high boundaries for computing mean and std.dev: (1, 358)
[0000][PE] mean and std.dev: (102.90, 72.38)
[0000][PE] low and high boundaries for proper pairs: (1, 460)
[0000][PE] skip orientation FF
[0000][PE] skip orientation RF
[0000][PE] skip orientation RR
[0000] 3. Calling kt_for - worker_sam
	[0000][ M::mem_process_seqs] Processed 3318060 reads in 495.048 CPU sec, 13.714 real sec
[0000] read_chunk: 400000000, work_chunk_size: 400000291, nseq: 3308392
	[0000][ M::kt_pipeline] read 3308392 sequences (400000291 bp)...
[0000] Calling mem_process_seqs.., task: 34
[0000] 1. Calling kt_for - worker_bwt
[0000] 2. Calling kt_for - worker_aln
[0000] Inferring insert size distribution of PE reads from data, l_pac: 1342662642, n: 3308392
[0000][PE] # candidate unique pairs for (FF, FR, RF, RR): (115, 1134337, 21, 105)
[0000][PE] analyzing insert size distribution for orientation FF...
[0000][PE] (25, 50, 75) percentile: (53, 94, 191)
[0000][PE] low and high boundaries for computing mean and std.dev: (1, 467)
[0000][PE] mean and std.dev: (118.82, 95.20)
[0000][PE] low and high boundaries for proper pairs: (1, 605)
[0000][PE] analyzing insert size distribution for orientation FR...
[0000][PE] (25, 50, 75) percentile: (95, 139, 196)
[0000][PE] low and high boundaries for computing mean and std.dev: (1, 398)
[0000][PE] mean and std.dev: (151.89, 75.63)
[0000][PE] low and high boundaries for proper pairs: (1, 499)
[0000][PE] analyzing insert size distribution for orientation RF...
[0000][PE] (25, 50, 75) percentile: (108, 288, 491)
[0000][PE] low and high boundaries for computing mean and std.dev: (1, 1257)
[0000][PE] mean and std.dev: (280.79, 186.11)
[0000][PE] low and high boundaries for proper pairs: (1, 1640)
[0000][PE] analyzing insert size distribution for orientation RR...
[0000][PE] (25, 50, 75) percentile: (60, 96, 153)
[0000][PE] low and high boundaries for computing mean and std.dev: (1, 339)
[0000][PE] mean and std.dev: (99.63, 57.95)
[0000][PE] low and high boundaries for proper pairs: (1, 432)
[0000][PE] skip orientation FF
[0000][PE] skip orientation RF
[0000][PE] skip orientation RR
[0000] 3. Calling kt_for - worker_sam
[0000] read_chunk: 400000000, work_chunk_size: 400000237, nseq: 3317634
	[0000][ M::kt_pipeline] read 3317634 sequences (400000237 bp)...
	[0000][ M::mem_process_seqs] Processed 3308392 reads in 564.721 CPU sec, 15.177 real sec
[0000] Calling mem_process_seqs.., task: 35
[0000] 1. Calling kt_for - worker_bwt
[0000] 2. Calling kt_for - worker_aln
[0000] Inferring insert size distribution of PE reads from data, l_pac: 1342662642, n: 3317634
[0000][PE] # candidate unique pairs for (FF, FR, RF, RR): (122, 1186571, 32, 97)
[0000][PE] analyzing insert size distribution for orientation FF...
[0000][PE] (25, 50, 75) percentile: (55, 95, 139)
[0000][PE] low and high boundaries for computing mean and std.dev: (1, 307)
[0000][PE] mean and std.dev: (96.88, 58.80)
[0000][PE] low and high boundaries for proper pairs: (1, 391)
[0000][PE] analyzing insert size distribution for orientation FR...
[0000][PE] (25, 50, 75) percentile: (95, 138, 196)
[0000][PE] low and high boundaries for computing mean and std.dev: (1, 398)
[0000][PE] mean and std.dev: (151.79, 75.66)
[0000][PE] low and high boundaries for proper pairs: (1, 499)
[0000][PE] analyzing insert size distribution for orientation RF...
[0000][PE] (25, 50, 75) percentile: (158, 385, 1006)
[0000][PE] low and high boundaries for computing mean and std.dev: (1, 2702)
[0000][PE] mean and std.dev: (519.66, 546.54)
[0000][PE] low and high boundaries for proper pairs: (1, 3550)
[0000][PE] analyzing insert size distribution for orientation RR...
[0000][PE] (25, 50, 75) percentile: (53, 84, 143)
[0000][PE] low and high boundaries for computing mean and std.dev: (1, 323)
[0000][PE] mean and std.dev: (92.71, 61.16)
[0000][PE] low and high boundaries for proper pairs: (1, 413)
[0000][PE] skip orientation FF
[0000][PE] skip orientation RF
[0000][PE] skip orientation RR
[0000] 3. Calling kt_for - worker_sam
	[0000][ M::mem_process_seqs] Processed 3317634 reads in 480.494 CPU sec, 13.145 real sec
[0000] read_chunk: 400000000, work_chunk_size: 400000107, nseq: 3306464
	[0000][ M::kt_pipeline] read 3306464 sequences (400000107 bp)...
[0000] Calling mem_process_seqs.., task: 36
[0000] 1. Calling kt_for - worker_bwt
[0000] 2. Calling kt_for - worker_aln
[0000] Inferring insert size distribution of PE reads from data, l_pac: 1342662642, n: 3306464
[0000][PE] # candidate unique pairs for (FF, FR, RF, RR): (88, 1158051, 37, 114)
[0000][PE] analyzing insert size distribution for orientation FF...
[0000][PE] (25, 50, 75) percentile: (54, 90, 136)
[0000][PE] low and high boundaries for computing mean and std.dev: (1, 300)
[0000][PE] mean and std.dev: (90.98, 56.52)
[0000][PE] low and high boundaries for proper pairs: (1, 382)
[0000][PE] analyzing insert size distribution for orientation FR...
[0000][PE] (25, 50, 75) percentile: (96, 139, 196)
[0000][PE] low and high boundaries for computing mean and std.dev: (1, 396)
[0000][PE] mean and std.dev: (152.24, 75.54)
[0000][PE] low and high boundaries for proper pairs: (1, 496)
[0000][PE] analyzing insert size distribution for orientation RF...
[0000][PE] (25, 50, 75) percentile: (293, 428, 1240)
[0000][PE] low and high boundaries for computing mean and std.dev: (1, 3134)
[0000][PE] mean and std.dev: (575.45, 634.77)
[0000][PE] low and high boundaries for proper pairs: (1, 4081)
[0000][PE] analyzing insert size distribution for orientation RR...
[0000][PE] (25, 50, 75) percentile: (50, 91, 153)
[0000][PE] low and high boundaries for computing mean and std.dev: (1, 359)
[0000][PE] mean and std.dev: (102.68, 66.20)
[0000][PE] low and high boundaries for proper pairs: (1, 462)
[0000][PE] skip orientation FF
[0000][PE] skip orientation RF
[0000][PE] skip orientation RR
[0000] 3. Calling kt_for - worker_sam
[0000] read_chunk: 400000000, work_chunk_size: 400000124, nseq: 3311836
	[0000][ M::kt_pipeline] read 3311836 sequences (400000124 bp)...
	[0000][ M::mem_process_seqs] Processed 3306464 reads in 518.070 CPU sec, 14.040 real sec
[0000] Calling mem_process_seqs.., task: 37
[0000] 1. Calling kt_for - worker_bwt
[0000] 2. Calling kt_for - worker_aln
[0000] Inferring insert size distribution of PE reads from data, l_pac: 1342662642, n: 3311836
[0000][PE] # candidate unique pairs for (FF, FR, RF, RR): (108, 1176656, 36, 112)
[0000][PE] analyzing insert size distribution for orientation FF...
[0000][PE] (25, 50, 75) percentile: (65, 94, 143)
[0000][PE] low and high boundaries for computing mean and std.dev: (1, 299)
[0000][PE] mean and std.dev: (103.28, 61.85)
[0000][PE] low and high boundaries for proper pairs: (1, 377)
[0000][PE] analyzing insert size distribution for orientation FR...
[0000][PE] (25, 50, 75) percentile: (95, 139, 195)
[0000][PE] low and high boundaries for computing mean and std.dev: (1, 395)
[0000][PE] mean and std.dev: (151.54, 75.37)
[0000][PE] low and high boundaries for proper pairs: (1, 495)
[0000][PE] analyzing insert size distribution for orientation RF...
[0000][PE] (25, 50, 75) percentile: (183, 335, 668)
[0000][PE] low and high boundaries for computing mean and std.dev: (1, 1638)
[0000][PE] mean and std.dev: (387.53, 303.22)
[0000][PE] low and high boundaries for proper pairs: (1, 2123)
[0000][PE] analyzing insert size distribution for orientation RR...
[0000][PE] (25, 50, 75) percentile: (62, 133, 168)
[0000][PE] low and high boundaries for computing mean and std.dev: (1, 380)
[0000][PE] mean and std.dev: (113.27, 70.17)
[0000][PE] low and high boundaries for proper pairs: (1, 486)
[0000][PE] skip orientation FF
[0000][PE] skip orientation RF
[0000][PE] skip orientation RR
[0000] 3. Calling kt_for - worker_sam
	[0000][ M::mem_process_seqs] Processed 3311836 reads in 525.932 CPU sec, 14.334 real sec
[0000] read_chunk: 400000000, work_chunk_size: 400000077, nseq: 3304320
	[0000][ M::kt_pipeline] read 3304320 sequences (400000077 bp)...
[0000] Calling mem_process_seqs.., task: 38
[0000] 1. Calling kt_for - worker_bwt
[0000] 2. Calling kt_for - worker_aln
[0000] Inferring insert size distribution of PE reads from data, l_pac: 1342662642, n: 3304320
[0000][PE] # candidate unique pairs for (FF, FR, RF, RR): (113, 1146551, 35, 103)
[0000][PE] analyzing insert size distribution for orientation FF...
[0000][PE] (25, 50, 75) percentile: (65, 99, 154)
[0000][PE] low and high boundaries for computing mean and std.dev: (1, 332)
[0000][PE] mean and std.dev: (98.02, 55.06)
[0000][PE] low and high boundaries for proper pairs: (1, 421)
[0000][PE] analyzing insert size distribution for orientation FR...
[0000][PE] (25, 50, 75) percentile: (95, 139, 196)
[0000][PE] low and high boundaries for computing mean and std.dev: (1, 398)
[0000][PE] mean and std.dev: (151.93, 75.64)
[0000][PE] low and high boundaries for proper pairs: (1, 499)
[0000][PE] analyzing insert size distribution for orientation RF...
[0000][PE] (25, 50, 75) percentile: (284, 471, 715)
[0000][PE] low and high boundaries for computing mean and std.dev: (1, 1577)
[0000][PE] mean and std.dev: (467.31, 296.00)
[0000][PE] low and high boundaries for proper pairs: (1, 2008)
[0000][PE] analyzing insert size distribution for orientation RR...
[0000][PE] (25, 50, 75) percentile: (59, 87, 131)
[0000][PE] low and high boundaries for computing mean and std.dev: (1, 275)
[0000][PE] mean and std.dev: (90.89, 46.90)
[0000][PE] low and high boundaries for proper pairs: (1, 347)
[0000][PE] skip orientation FF
[0000][PE] skip orientation RF
[0000][PE] skip orientation RR
[0000] 3. Calling kt_for - worker_sam
	[0000][ M::mem_process_seqs] Processed 3304320 reads in 532.994 CPU sec, 19.970 real sec
[0000] read_chunk: 400000000, work_chunk_size: 400000093, nseq: 3307826
	[0000][ M::kt_pipeline] read 3307826 sequences (400000093 bp)...
[0000] Calling mem_process_seqs.., task: 39
[0000] 1. Calling kt_for - worker_bwt
[0000] 2. Calling kt_for - worker_aln
[0000] Inferring insert size distribution of PE reads from data, l_pac: 1342662642, n: 3307826
[0000][PE] # candidate unique pairs for (FF, FR, RF, RR): (105, 1165768, 35, 111)
[0000][PE] analyzing insert size distribution for orientation FF...
[0000][PE] (25, 50, 75) percentile: (54, 111, 191)
[0000][PE] low and high boundaries for computing mean and std.dev: (1, 465)
[0000][PE] mean and std.dev: (125.25, 84.90)
[0000][PE] low and high boundaries for proper pairs: (1, 602)
[0000][PE] analyzing insert size distribution for orientation FR...
[0000][PE] (25, 50, 75) percentile: (95, 139, 196)
[0000][PE] low and high boundaries for computing mean and std.dev: (1, 398)
[0000][PE] mean and std.dev: (152.38, 75.77)
[0000][PE] low and high boundaries for proper pairs: (1, 499)
[0000][PE] analyzing insert size distribution for orientation RF...
[0000][PE] (25, 50, 75) percentile: (239, 428, 676)
[0000][PE] low and high boundaries for computing mean and std.dev: (1, 1550)
[0000][PE] mean and std.dev: (457.15, 299.65)
[0000][PE] low and high boundaries for proper pairs: (1, 1987)
[0000][PE] analyzing insert size distribution for orientation RR...
[0000][PE] (25, 50, 75) percentile: (60, 92, 154)
[0000][PE] low and high boundaries for computing mean and std.dev: (1, 342)
[0000][PE] mean and std.dev: (104.39, 69.36)
[0000][PE] low and high boundaries for proper pairs: (1, 436)
[0000][PE] skip orientation FF
[0000][PE] skip orientation RF
[0000][PE] skip orientation RR
[0000] 3. Calling kt_for - worker_sam
[0000] read_chunk: 400000000, work_chunk_size: 400000292, nseq: 3309366
	[0000][ M::kt_pipeline] read 3309366 sequences (400000292 bp)...
	[0000][ M::mem_process_seqs] Processed 3307826 reads in 495.114 CPU sec, 13.312 real sec
[0000] Calling mem_process_seqs.., task: 40
[0000] 1. Calling kt_for - worker_bwt
[0000] 2. Calling kt_for - worker_aln
[0000] Inferring insert size distribution of PE reads from data, l_pac: 1342662642, n: 3309366
[0000][PE] # candidate unique pairs for (FF, FR, RF, RR): (101, 1158504, 40, 97)
[0000][PE] analyzing insert size distribution for orientation FF...
[0000][PE] (25, 50, 75) percentile: (55, 86, 158)
[0000][PE] low and high boundaries for computing mean and std.dev: (1, 364)
[0000][PE] mean and std.dev: (107.09, 73.43)
[0000][PE] low and high boundaries for proper pairs: (1, 467)
[0000][PE] analyzing insert size distribution for orientation FR...
[0000][PE] (25, 50, 75) percentile: (96, 139, 196)
[0000][PE] low and high boundaries for computing mean and std.dev: (1, 396)
[0000][PE] mean and std.dev: (152.30, 75.51)
[0000][PE] low and high boundaries for proper pairs: (1, 496)
[0000][PE] analyzing insert size distribution for orientation RF...
[0000][PE] (25, 50, 75) percentile: (171, 332, 578)
[0000][PE] low and high boundaries for computing mean and std.dev: (1, 1392)
[0000][PE] mean and std.dev: (334.87, 236.20)
[0000][PE] low and high boundaries for proper pairs: (1, 1799)
[0000][PE] analyzing insert size distribution for orientation RR...
[0000][PE] (25, 50, 75) percentile: (73, 112, 167)
[0000][PE] low and high boundaries for computing mean and std.dev: (1, 355)
[0000][PE] mean and std.dev: (114.86, 59.59)
[0000][PE] low and high boundaries for proper pairs: (1, 449)
[0000][PE] skip orientation FF
[0000][PE] skip orientation RF
[0000][PE] skip orientation RR
[0000] 3. Calling kt_for - worker_sam
	[0000][ M::mem_process_seqs] Processed 3309366 reads in 527.026 CPU sec, 14.300 real sec
[0000] read_chunk: 400000000, work_chunk_size: 400000037, nseq: 3305660
	[0000][ M::kt_pipeline] read 3305660 sequences (400000037 bp)...
[0000] Calling mem_process_seqs.., task: 41
[0000] 1. Calling kt_for - worker_bwt
[0000] 2. Calling kt_for - worker_aln
[0000] Inferring insert size distribution of PE reads from data, l_pac: 1342662642, n: 3305660
[0000][PE] # candidate unique pairs for (FF, FR, RF, RR): (104, 1162779, 43, 97)
[0000][PE] analyzing insert size distribution for orientation FF...
[0000][PE] (25, 50, 75) percentile: (51, 81, 123)
[0000][PE] low and high boundaries for computing mean and std.dev: (1, 267)
[0000][PE] mean and std.dev: (85.41, 53.25)
[0000][PE] low and high boundaries for proper pairs: (1, 339)
[0000][PE] analyzing insert size distribution for orientation FR...
[0000][PE] (25, 50, 75) percentile: (95, 139, 196)
[0000][PE] low and high boundaries for computing mean and std.dev: (1, 398)
[0000][PE] mean and std.dev: (151.90, 75.67)
[0000][PE] low and high boundaries for proper pairs: (1, 499)
[0000][PE] analyzing insert size distribution for orientation RF...
[0000][PE] (25, 50, 75) percentile: (200, 328, 1426)
[0000][PE] low and high boundaries for computing mean and std.dev: (1, 3878)
[0000][PE] mean and std.dev: (855.63, 1133.11)
[0000][PE] low and high boundaries for proper pairs: (1, 5388)
[0000][PE] analyzing insert size distribution for orientation RR...
[0000][PE] (25, 50, 75) percentile: (62, 105, 200)
[0000][PE] low and high boundaries for computing mean and std.dev: (1, 476)
[0000][PE] mean and std.dev: (118.09, 88.83)
[0000][PE] low and high boundaries for proper pairs: (1, 614)
[0000][PE] skip orientation FF
[0000][PE] skip orientation RF
[0000][PE] skip orientation RR
[0000] 3. Calling kt_for - worker_sam
[0000] read_chunk: 400000000, work_chunk_size: 400000052, nseq: 3285676
	[0000][ M::kt_pipeline] read 3285676 sequences (400000052 bp)...
	[0000][ M::mem_process_seqs] Processed 3305660 reads in 537.335 CPU sec, 14.558 real sec
[0000] Calling mem_process_seqs.., task: 42
[0000] 1. Calling kt_for - worker_bwt
[0000] 2. Calling kt_for - worker_aln
[0000] Inferring insert size distribution of PE reads from data, l_pac: 1342662642, n: 3285676
[0000][PE] # candidate unique pairs for (FF, FR, RF, RR): (98, 1102599, 32, 90)
[0000][PE] analyzing insert size distribution for orientation FF...
[0000][PE] (25, 50, 75) percentile: (56, 84, 137)
[0000][PE] low and high boundaries for computing mean and std.dev: (1, 299)
[0000][PE] mean and std.dev: (95.75, 60.86)
[0000][PE] low and high boundaries for proper pairs: (1, 380)
[0000][PE] analyzing insert size distribution for orientation FR...
[0000][PE] (25, 50, 75) percentile: (95, 139, 196)
[0000][PE] low and high boundaries for computing mean and std.dev: (1, 398)
[0000][PE] mean and std.dev: (152.13, 75.63)
[0000][PE] low and high boundaries for proper pairs: (1, 499)
[0000][PE] analyzing insert size distribution for orientation RF...
[0000][PE] (25, 50, 75) percentile: (114, 341, 471)
[0000][PE] low and high boundaries for computing mean and std.dev: (1, 1185)
[0000][PE] mean and std.dev: (305.23, 241.74)
[0000][PE] low and high boundaries for proper pairs: (1, 1542)
[0000][PE] analyzing insert size distribution for orientation RR...
[0000][PE] (25, 50, 75) percentile: (63, 109, 166)
[0000][PE] low and high boundaries for computing mean and std.dev: (1, 372)
[0000][PE] mean and std.dev: (109.10, 61.88)
[0000][PE] low and high boundaries for proper pairs: (1, 475)
[0000][PE] skip orientation FF
[0000][PE] skip orientation RF
[0000][PE] skip orientation RR
[0000] 3. Calling kt_for - worker_sam
[0000] read_chunk: 400000000, work_chunk_size: 400000057, nseq: 3301926
	[0000][ M::kt_pipeline] read 3301926 sequences (400000057 bp)...
	[0000][ M::mem_process_seqs] Processed 3285676 reads in 605.743 CPU sec, 16.188 real sec
[0000] Calling mem_process_seqs.., task: 43
[0000] 1. Calling kt_for - worker_bwt
[0000] 2. Calling kt_for - worker_aln
[0000] Inferring insert size distribution of PE reads from data, l_pac: 1342662642, n: 3301926
[0000][PE] # candidate unique pairs for (FF, FR, RF, RR): (104, 1158878, 29, 104)
[0000][PE] analyzing insert size distribution for orientation FF...
[0000][PE] (25, 50, 75) percentile: (60, 88, 140)
[0000][PE] low and high boundaries for computing mean and std.dev: (1, 300)
[0000][PE] mean and std.dev: (98.34, 60.06)
[0000][PE] low and high boundaries for proper pairs: (1, 380)
[0000][PE] analyzing insert size distribution for orientation FR...
[0000][PE] (25, 50, 75) percentile: (95, 139, 196)
[0000][PE] low and high boundaries for computing mean and std.dev: (1, 398)
[0000][PE] mean and std.dev: (152.37, 75.75)
[0000][PE] low and high boundaries for proper pairs: (1, 499)
[0000][PE] analyzing insert size distribution for orientation RF...
[0000][PE] (25, 50, 75) percentile: (187, 382, 1111)
[0000][PE] low and high boundaries for computing mean and std.dev: (1, 2959)
[0000][PE] mean and std.dev: (642.37, 627.39)
[0000][PE] low and high boundaries for proper pairs: (1, 3883)
[0000][PE] analyzing insert size distribution for orientation RR...
[0000][PE] (25, 50, 75) percentile: (69, 105, 211)
[0000][PE] low and high boundaries for computing mean and std.dev: (1, 495)
[0000][PE] mean and std.dev: (130.73, 97.58)
[0000][PE] low and high boundaries for proper pairs: (1, 637)
[0000][PE] skip orientation FF
[0000][PE] skip orientation RF
[0000][PE] skip orientation RR
[0000] 3. Calling kt_for - worker_sam
	[0000][ M::mem_process_seqs] Processed 3301926 reads in 510.236 CPU sec, 13.853 real sec
[0000] read_chunk: 400000000, work_chunk_size: 400000146, nseq: 3308690
	[0000][ M::kt_pipeline] read 3308690 sequences (400000146 bp)...
[0000] Calling mem_process_seqs.., task: 44
[0000] 1. Calling kt_for - worker_bwt
[0000] 2. Calling kt_for - worker_aln
[0000] Inferring insert size distribution of PE reads from data, l_pac: 1342662642, n: 3308690
[0000][PE] # candidate unique pairs for (FF, FR, RF, RR): (130, 1177709, 35, 112)
[0000][PE] analyzing insert size distribution for orientation FF...
[0000][PE] (25, 50, 75) percentile: (47, 86, 155)
[0000][PE] low and high boundaries for computing mean and std.dev: (1, 371)
[0000][PE] mean and std.dev: (100.62, 71.42)
[0000][PE] low and high boundaries for proper pairs: (1, 479)
[0000][PE] analyzing insert size distribution for orientation FR...
[0000][PE] (25, 50, 75) percentile: (95, 139, 196)
[0000][PE] low and high boundaries for computing mean and std.dev: (1, 398)
[0000][PE] mean and std.dev: (152.23, 75.74)
[0000][PE] low and high boundaries for proper pairs: (1, 499)
[0000][PE] analyzing insert size distribution for orientation RF...
[0000][PE] (25, 50, 75) percentile: (117, 165, 392)
[0000][PE] low and high boundaries for computing mean and std.dev: (1, 942)
[0000][PE] mean and std.dev: (191.23, 160.22)
[0000][PE] low and high boundaries for proper pairs: (1, 1217)
[0000][PE] analyzing insert size distribution for orientation RR...
[0000][PE] (25, 50, 75) percentile: (63, 105, 165)
[0000][PE] low and high boundaries for computing mean and std.dev: (1, 369)
[0000][PE] mean and std.dev: (106.24, 60.91)
[0000][PE] low and high boundaries for proper pairs: (1, 471)
[0000][PE] skip orientation FF
[0000][PE] skip orientation RF
[0000][PE] skip orientation RR
[0000] 3. Calling kt_for - worker_sam
[0000] read_chunk: 400000000, work_chunk_size: 400000077, nseq: 3304370
	[0000][ M::kt_pipeline] read 3304370 sequences (400000077 bp)...
	[0000][ M::mem_process_seqs] Processed 3308690 reads in 506.164 CPU sec, 14.137 real sec
[0000] Calling mem_process_seqs.., task: 45
[0000] 1. Calling kt_for - worker_bwt
[0000] 2. Calling kt_for - worker_aln
[0033] Re-allocating (doubling) seqBufRefs in mem_chain2aln_across_reads_V2 (right)
[0033] Re-allocating (doubling) seqBufRefs in mem_chain2aln_across_reads_V2 (right)
[0034] Re-allocating (doubling) seqBufRefs in mem_chain2aln_across_reads_V2 (right)
[0000] Inferring insert size distribution of PE reads from data, l_pac: 1342662642, n: 3304370
[0000][PE] # candidate unique pairs for (FF, FR, RF, RR): (97, 1153475, 17, 99)
[0000][PE] analyzing insert size distribution for orientation FF...
[0000][PE] (25, 50, 75) percentile: (57, 101, 155)
[0000][PE] low and high boundaries for computing mean and std.dev: (1, 351)
[0000][PE] mean and std.dev: (104.02, 65.90)
[0000][PE] low and high boundaries for proper pairs: (1, 449)
[0000][PE] analyzing insert size distribution for orientation FR...
[0000][PE] (25, 50, 75) percentile: (95, 139, 196)
[0000][PE] low and high boundaries for computing mean and std.dev: (1, 398)
[0000][PE] mean and std.dev: (152.07, 75.62)
[0000][PE] low and high boundaries for proper pairs: (1, 499)
[0000][PE] analyzing insert size distribution for orientation RF...
[0000][PE] (25, 50, 75) percentile: (165, 419, 1209)
[0000][PE] low and high boundaries for computing mean and std.dev: (1, 3297)
[0000][PE] mean and std.dev: (497.53, 434.88)
[0000][PE] low and high boundaries for proper pairs: (1, 4341)
[0000][PE] analyzing insert size distribution for orientation RR...
[0000][PE] (25, 50, 75) percentile: (54, 88, 159)
[0000][PE] low and high boundaries for computing mean and std.dev: (1, 369)
[0000][PE] mean and std.dev: (97.14, 68.40)
[0000][PE] low and high boundaries for proper pairs: (1, 474)
[0000][PE] skip orientation FF
[0000][PE] skip orientation RF
[0000][PE] skip orientation RR
[0000] 3. Calling kt_for - worker_sam
[0000] read_chunk: 400000000, work_chunk_size: 400000017, nseq: 3304340
	[0000][ M::kt_pipeline] read 3304340 sequences (400000017 bp)...
	[0000][ M::mem_process_seqs] Processed 3304370 reads in 536.093 CPU sec, 17.682 real sec
[0000] Calling mem_process_seqs.., task: 46
[0000] 1. Calling kt_for - worker_bwt
[0000] 2. Calling kt_for - worker_aln
[0000] Inferring insert size distribution of PE reads from data, l_pac: 1342662642, n: 3304340
[0000][PE] # candidate unique pairs for (FF, FR, RF, RR): (95, 1162579, 37, 123)
[0000][PE] analyzing insert size distribution for orientation FF...
[0000][PE] (25, 50, 75) percentile: (60, 104, 166)
[0000][PE] low and high boundaries for computing mean and std.dev: (1, 378)
[0000][PE] mean and std.dev: (105.81, 74.29)
[0000][PE] low and high boundaries for proper pairs: (1, 484)
[0000][PE] analyzing insert size distribution for orientation FR...
[0000][PE] (25, 50, 75) percentile: (95, 139, 196)
[0000][PE] low and high boundaries for computing mean and std.dev: (1, 398)
[0000][PE] mean and std.dev: (152.28, 75.65)
[0000][PE] low and high boundaries for proper pairs: (1, 499)
[0000][PE] analyzing insert size distribution for orientation RF...
[0000][PE] (25, 50, 75) percentile: (127, 218, 907)
[0000][PE] low and high boundaries for computing mean and std.dev: (1, 2467)
[0000][PE] mean and std.dev: (290.34, 272.45)
[0000][PE] low and high boundaries for proper pairs: (1, 3247)
[0000][PE] analyzing insert size distribution for orientation RR...
[0000][PE] (25, 50, 75) percentile: (58, 101, 153)
[0000][PE] low and high boundaries for computing mean and std.dev: (1, 343)
[0000][PE] mean and std.dev: (106.19, 72.84)
[0000][PE] low and high boundaries for proper pairs: (1, 438)
[0000][PE] skip orientation FF
[0000][PE] skip orientation RF
[0000][PE] skip orientation RR
[0000] 3. Calling kt_for - worker_sam
	[0000][ M::mem_process_seqs] Processed 3304340 reads in 514.505 CPU sec, 14.107 real sec
[0000] read_chunk: 400000000, work_chunk_size: 400000050, nseq: 3311244
	[0000][ M::kt_pipeline] read 3311244 sequences (400000050 bp)...
[0000] Calling mem_process_seqs.., task: 47
[0000] 1. Calling kt_for - worker_bwt
[0000] 2. Calling kt_for - worker_aln
[0000] Inferring insert size distribution of PE reads from data, l_pac: 1342662642, n: 3311244
[0000][PE] # candidate unique pairs for (FF, FR, RF, RR): (105, 1180597, 35, 91)
[0000][PE] analyzing insert size distribution for orientation FF...
[0000][PE] (25, 50, 75) percentile: (52, 91, 156)
[0000][PE] low and high boundaries for computing mean and std.dev: (1, 364)
[0000][PE] mean and std.dev: (102.01, 68.93)
[0000][PE] low and high boundaries for proper pairs: (1, 468)
[0000][PE] analyzing insert size distribution for orientation FR...
[0000][PE] (25, 50, 75) percentile: (95, 139, 196)
[0000][PE] low and high boundaries for computing mean and std.dev: (1, 398)
[0000][PE] mean and std.dev: (152.12, 75.69)
[0000][PE] low and high boundaries for proper pairs: (1, 499)
[0000][PE] analyzing insert size distribution for orientation RF...
[0000][PE] (25, 50, 75) percentile: (298, 499, 1706)
[0000][PE] low and high boundaries for computing mean and std.dev: (1, 4522)
[0000][PE] mean and std.dev: (763.14, 667.56)
[0000][PE] low and high boundaries for proper pairs: (1, 5930)
[0000][PE] analyzing insert size distribution for orientation RR...
[0000][PE] (25, 50, 75) percentile: (66, 122, 175)
[0000][PE] low and high boundaries for computing mean and std.dev: (1, 393)
[0000][PE] mean and std.dev: (120.93, 72.11)
[0000][PE] low and high boundaries for proper pairs: (1, 502)
[0000][PE] skip orientation FF
[0000][PE] skip orientation RF
[0000][PE] skip orientation RR
[0000] 3. Calling kt_for - worker_sam
[0000] read_chunk: 400000000, work_chunk_size: 400000115, nseq: 3306060
	[0000][ M::kt_pipeline] read 3306060 sequences (400000115 bp)...
	[0000][ M::mem_process_seqs] Processed 3311244 reads in 545.754 CPU sec, 15.416 real sec
[0000] Calling mem_process_seqs.., task: 48
[0000] 1. Calling kt_for - worker_bwt
[0000] 2. Calling kt_for - worker_aln
[0000] Inferring insert size distribution of PE reads from data, l_pac: 1342662642, n: 3306060
[0000][PE] # candidate unique pairs for (FF, FR, RF, RR): (96, 1167938, 45, 122)
[0000][PE] analyzing insert size distribution for orientation FF...
[0000][PE] (25, 50, 75) percentile: (54, 80, 124)
[0000][PE] low and high boundaries for computing mean and std.dev: (1, 264)
[0000][PE] mean and std.dev: (84.56, 50.48)
[0000][PE] low and high boundaries for proper pairs: (1, 334)
[0000][PE] analyzing insert size distribution for orientation FR...
[0000][PE] (25, 50, 75) percentile: (95, 139, 196)
[0000][PE] low and high boundaries for computing mean and std.dev: (1, 398)
[0000][PE] mean and std.dev: (152.02, 75.67)
[0000][PE] low and high boundaries for proper pairs: (1, 499)
[0000][PE] analyzing insert size distribution for orientation RF...
[0000][PE] (25, 50, 75) percentile: (78, 311, 704)
[0000][PE] low and high boundaries for computing mean and std.dev: (1, 1956)
[0000][PE] mean and std.dev: (401.19, 458.94)
[0000][PE] low and high boundaries for proper pairs: (1, 2582)
[0000][PE] analyzing insert size distribution for orientation RR...
[0000][PE] (25, 50, 75) percentile: (57, 97, 153)
[0000][PE] low and high boundaries for computing mean and std.dev: (1, 345)
[0000][PE] mean and std.dev: (104.42, 67.72)
[0000][PE] low and high boundaries for proper pairs: (1, 441)
[0000][PE] skip orientation FF
[0000][PE] skip orientation RF
[0000][PE] skip orientation RR
[0000] 3. Calling kt_for - worker_sam
	[0000][ M::mem_process_seqs] Processed 3306060 reads in 531.136 CPU sec, 14.362 real sec
[0000] read_chunk: 400000000, work_chunk_size: 400000197, nseq: 3310840
	[0000][ M::kt_pipeline] read 3310840 sequences (400000197 bp)...
[0000] Calling mem_process_seqs.., task: 49
[0000] 1. Calling kt_for - worker_bwt
[0000] 2. Calling kt_for - worker_aln
[0000] Inferring insert size distribution of PE reads from data, l_pac: 1342662642, n: 3310840
[0000][PE] # candidate unique pairs for (FF, FR, RF, RR): (92, 1161479, 30, 100)
[0000][PE] analyzing insert size distribution for orientation FF...
[0000][PE] (25, 50, 75) percentile: (46, 80, 158)
[0000][PE] low and high boundaries for computing mean and std.dev: (1, 382)
[0000][PE] mean and std.dev: (96.41, 73.32)
[0000][PE] low and high boundaries for proper pairs: (1, 494)
[0000][PE] analyzing insert size distribution for orientation FR...
[0000][PE] (25, 50, 75) percentile: (95, 139, 196)
[0000][PE] low and high boundaries for computing mean and std.dev: (1, 398)
[0000][PE] mean and std.dev: (152.00, 75.62)
[0000][PE] low and high boundaries for proper pairs: (1, 499)
[0000][PE] analyzing insert size distribution for orientation RF...
[0000][PE] (25, 50, 75) percentile: (102, 241, 510)
[0000][PE] low and high boundaries for computing mean and std.dev: (1, 1326)
[0000][PE] mean and std.dev: (294.77, 300.56)
[0000][PE] low and high boundaries for proper pairs: (1, 1734)
[0000][PE] analyzing insert size distribution for orientation RR...
[0000][PE] (25, 50, 75) percentile: (56, 87, 137)
[0000][PE] low and high boundaries for computing mean and std.dev: (1, 299)
[0000][PE] mean and std.dev: (95.43, 55.14)
[0000][PE] low and high boundaries for proper pairs: (1, 380)
[0000][PE] skip orientation FF
[0000][PE] skip orientation RF
[0000][PE] skip orientation RR
[0000] 3. Calling kt_for - worker_sam
[0000] read_chunk: 400000000, work_chunk_size: 400000162, nseq: 3273826
	[0000][ M::kt_pipeline] read 3273826 sequences (400000162 bp)...
	[0000][ M::mem_process_seqs] Processed 3310840 reads in 518.451 CPU sec, 14.466 real sec
[0000] Calling mem_process_seqs.., task: 50
[0000] 1. Calling kt_for - worker_bwt
[0000] 2. Calling kt_for - worker_aln
[0000] Inferring insert size distribution of PE reads from data, l_pac: 1342662642, n: 3273826
[0000][PE] # candidate unique pairs for (FF, FR, RF, RR): (93, 1074203, 26, 96)
[0000][PE] analyzing insert size distribution for orientation FF...
[0000][PE] (25, 50, 75) percentile: (50, 83, 155)
[0000][PE] low and high boundaries for computing mean and std.dev: (1, 365)
[0000][PE] mean and std.dev: (101.51, 76.89)
[0000][PE] low and high boundaries for proper pairs: (1, 470)
[0000][PE] analyzing insert size distribution for orientation FR...
[0000][PE] (25, 50, 75) percentile: (95, 139, 196)
[0000][PE] low and high boundaries for computing mean and std.dev: (1, 398)
[0000][PE] mean and std.dev: (152.10, 75.78)
[0000][PE] low and high boundaries for proper pairs: (1, 499)
[0000][PE] analyzing insert size distribution for orientation RF...
[0000][PE] (25, 50, 75) percentile: (91, 162, 428)
[0000][PE] low and high boundaries for computing mean and std.dev: (1, 1102)
[0000][PE] mean and std.dev: (231.65, 217.72)
[0000][PE] low and high boundaries for proper pairs: (1, 1439)
[0000][PE] analyzing insert size distribution for orientation RR...
[0000][PE] (25, 50, 75) percentile: (68, 93, 168)
[0000][PE] low and high boundaries for computing mean and std.dev: (1, 368)
[0000][PE] mean and std.dev: (100.26, 54.30)
[0000][PE] low and high boundaries for proper pairs: (1, 468)
[0000][PE] skip orientation FF
[0000][PE] skip orientation RF
[0000][PE] skip orientation RR
[0000] 3. Calling kt_for - worker_sam
[0000] read_chunk: 400000000, work_chunk_size: 400000126, nseq: 3309276
	[0000][ M::kt_pipeline] read 3309276 sequences (400000126 bp)...
	[0000][ M::mem_process_seqs] Processed 3273826 reads in 688.842 CPU sec, 18.274 real sec
[0000] Calling mem_process_seqs.., task: 51
[0000] 1. Calling kt_for - worker_bwt
[0000] 2. Calling kt_for - worker_aln
[0000] Inferring insert size distribution of PE reads from data, l_pac: 1342662642, n: 3309276
[0000][PE] # candidate unique pairs for (FF, FR, RF, RR): (99, 1172750, 30, 100)
[0000][PE] analyzing insert size distribution for orientation FF...
[0000][PE] (25, 50, 75) percentile: (57, 88, 142)
[0000][PE] low and high boundaries for computing mean and std.dev: (1, 312)
[0000][PE] mean and std.dev: (85.31, 42.17)
[0000][PE] low and high boundaries for proper pairs: (1, 397)
[0000][PE] analyzing insert size distribution for orientation FR...
[0000][PE] (25, 50, 75) percentile: (95, 139, 196)
[0000][PE] low and high boundaries for computing mean and std.dev: (1, 398)
[0000][PE] mean and std.dev: (152.04, 75.58)
[0000][PE] low and high boundaries for proper pairs: (1, 499)
[0000][PE] analyzing insert size distribution for orientation RF...
[0000][PE] (25, 50, 75) percentile: (91, 159, 360)
[0000][PE] low and high boundaries for computing mean and std.dev: (1, 898)
[0000][PE] mean and std.dev: (218.67, 197.85)
[0000][PE] low and high boundaries for proper pairs: (1, 1167)
[0000][PE] analyzing insert size distribution for orientation RR...
[0000][PE] (25, 50, 75) percentile: (51, 94, 144)
[0000][PE] low and high boundaries for computing mean and std.dev: (1, 330)
[0000][PE] mean and std.dev: (97.77, 61.68)
[0000][PE] low and high boundaries for proper pairs: (1, 423)
[0000][PE] skip orientation FF
[0000][PE] skip orientation RF
[0000][PE] skip orientation RR
[0000] 3. Calling kt_for - worker_sam
[0000] read_chunk: 400000000, work_chunk_size: 400000122, nseq: 3311180
	[0000][ M::kt_pipeline] read 3311180 sequences (400000122 bp)...
	[0000][ M::mem_process_seqs] Processed 3309276 reads in 526.895 CPU sec, 14.459 real sec
[0000] Calling mem_process_seqs.., task: 52
[0000] 1. Calling kt_for - worker_bwt
[0000] 2. Calling kt_for - worker_aln
[0000] Inferring insert size distribution of PE reads from data, l_pac: 1342662642, n: 3311180
[0000][PE] # candidate unique pairs for (FF, FR, RF, RR): (110, 1178216, 26, 85)
[0000][PE] analyzing insert size distribution for orientation FF...
[0000][PE] (25, 50, 75) percentile: (59, 103, 167)
[0000][PE] low and high boundaries for computing mean and std.dev: (1, 383)
[0000][PE] mean and std.dev: (109.93, 69.06)
[0000][PE] low and high boundaries for proper pairs: (1, 491)
[0000][PE] analyzing insert size distribution for orientation FR...
[0000][PE] (25, 50, 75) percentile: (95, 139, 196)
[0000][PE] low and high boundaries for computing mean and std.dev: (1, 398)
[0000][PE] mean and std.dev: (152.06, 75.61)
[0000][PE] low and high boundaries for proper pairs: (1, 499)
[0000][PE] analyzing insert size distribution for orientation RF...
[0000][PE] (25, 50, 75) percentile: (104, 254, 683)
[0000][PE] low and high boundaries for computing mean and std.dev: (1, 1841)
[0000][PE] mean and std.dev: (336.00, 346.07)
[0000][PE] low and high boundaries for proper pairs: (1, 2420)
[0000][PE] analyzing insert size distribution for orientation RR...
[0000][PE] (25, 50, 75) percentile: (54, 81, 127)
[0000][PE] low and high boundaries for computing mean and std.dev: (1, 273)
[0000][PE] mean and std.dev: (88.33, 48.50)
[0000][PE] low and high boundaries for proper pairs: (1, 346)
[0000][PE] skip orientation FF
[0000][PE] skip orientation RF
[0000][PE] skip orientation RR
[0000] 3. Calling kt_for - worker_sam
	[0000][ M::mem_process_seqs] Processed 3311180 reads in 487.309 CPU sec, 13.329 real sec
[0000] read_chunk: 400000000, work_chunk_size: 400000207, nseq: 3301358
	[0000][ M::kt_pipeline] read 3301358 sequences (400000207 bp)...
[0000] Calling mem_process_seqs.., task: 53
[0000] 1. Calling kt_for - worker_bwt
[0000] 2. Calling kt_for - worker_aln
[0000] Inferring insert size distribution of PE reads from data, l_pac: 1342662642, n: 3301358
[0000] read_chunk: 400000000, work_chunk_size: 400000251, nseq: 3299578
	[0000][ M::kt_pipeline] read 3299578 sequences (400000251 bp)...
[0000][PE] # candidate unique pairs for (FF, FR, RF, RR): (93, 1129039, 36, 117)
[0000][PE] analyzing insert size distribution for orientation FF...
[0000][PE] (25, 50, 75) percentile: (71, 105, 198)
[0000][PE] low and high boundaries for computing mean and std.dev: (1, 452)
[0000][PE] mean and std.dev: (120.77, 86.81)
[0000][PE] low and high boundaries for proper pairs: (1, 579)
[0000][PE] analyzing insert size distribution for orientation FR...
[0000][PE] (25, 50, 75) percentile: (96, 139, 196)
[0000][PE] low and high boundaries for computing mean and std.dev: (1, 396)
[0000][PE] mean and std.dev: (152.46, 75.42)
[0000][PE] low and high boundaries for proper pairs: (1, 496)
[0000][PE] analyzing insert size distribution for orientation RF...
[0000][PE] (25, 50, 75) percentile: (25, 139, 519)
[0000][PE] low and high boundaries for computing mean and std.dev: (1, 1507)
[0000][PE] mean and std.dev: (209.71, 246.69)
[0000][PE] low and high boundaries for proper pairs: (1, 2001)
[0000][PE] analyzing insert size distribution for orientation RR...
[0000][PE] (25, 50, 75) percentile: (60, 104, 191)
[0000][PE] low and high boundaries for computing mean and std.dev: (1, 453)
[0000][PE] mean and std.dev: (122.81, 86.00)
[0000][PE] low and high boundaries for proper pairs: (1, 584)
[0000][PE] skip orientation FF
[0000][PE] skip orientation RF
[0000][PE] skip orientation RR
[0000] 3. Calling kt_for - worker_sam
	[0000][ M::mem_process_seqs] Processed 3301358 reads in 584.003 CPU sec, 15.559 real sec
[0000] Calling mem_process_seqs.., task: 54
[0000] 1. Calling kt_for - worker_bwt
[0000] 2. Calling kt_for - worker_aln
[0000] Inferring insert size distribution of PE reads from data, l_pac: 1342662642, n: 3299578
[0000][PE] # candidate unique pairs for (FF, FR, RF, RR): (126, 1130570, 32, 109)
[0000][PE] analyzing insert size distribution for orientation FF...
[0000][PE] (25, 50, 75) percentile: (55, 80, 126)
[0000][PE] low and high boundaries for computing mean and std.dev: (1, 268)
[0000][PE] mean and std.dev: (87.19, 51.02)
[0000][PE] low and high boundaries for proper pairs: (1, 339)
[0000][PE] analyzing insert size distribution for orientation FR...
[0000][PE] (25, 50, 75) percentile: (95, 139, 196)
[0000][PE] low and high boundaries for computing mean and std.dev: (1, 398)
[0000][PE] mean and std.dev: (152.04, 75.68)
[0000][PE] low and high boundaries for proper pairs: (1, 499)
[0000][PE] analyzing insert size distribution for orientation RF...
[0000][PE] (25, 50, 75) percentile: (177, 432, 559)
[0000][PE] low and high boundaries for computing mean and std.dev: (1, 1323)
[0000][PE] mean and std.dev: (392.69, 299.26)
[0000][PE] low and high boundaries for proper pairs: (1, 1705)
[0000][PE] analyzing insert size distribution for orientation RR...
[0000][PE] (25, 50, 75) percentile: (66, 106, 165)
[0000][PE] low and high boundaries for computing mean and std.dev: (1, 363)
[0000][PE] mean and std.dev: (111.51, 63.89)
[0000][PE] low and high boundaries for proper pairs: (1, 462)
[0000][PE] skip orientation FF
[0000][PE] skip orientation RF
[0000][PE] skip orientation RR
[0000] 3. Calling kt_for - worker_sam
[0000] read_chunk: 400000000, work_chunk_size: 400000190, nseq: 3286824
	[0000][ M::kt_pipeline] read 3286824 sequences (400000190 bp)...
	[0000][ M::mem_process_seqs] Processed 3299578 reads in 600.817 CPU sec, 16.409 real sec
[0000] Calling mem_process_seqs.., task: 55
[0000] 1. Calling kt_for - worker_bwt
[0000] 2. Calling kt_for - worker_aln
[0000] Inferring insert size distribution of PE reads from data, l_pac: 1342662642, n: 3286824
[0000][PE] # candidate unique pairs for (FF, FR, RF, RR): (86, 1111528, 47, 99)
[0000][PE] analyzing insert size distribution for orientation FF...
[0000][PE] (25, 50, 75) percentile: (66, 106, 164)
[0000][PE] low and high boundaries for computing mean and std.dev: (1, 360)
[0000][PE] mean and std.dev: (120.27, 74.55)
[0000][PE] low and high boundaries for proper pairs: (1, 458)
[0000][PE] analyzing insert size distribution for orientation FR...
[0000][PE] (25, 50, 75) percentile: (95, 139, 196)
[0000][PE] low and high boundaries for computing mean and std.dev: (1, 398)
[0000][PE] mean and std.dev: (151.90, 75.65)
[0000][PE] low and high boundaries for proper pairs: (1, 499)
[0000][PE] analyzing insert size distribution for orientation RF...
[0000][PE] (25, 50, 75) percentile: (247, 415, 1008)
[0000][PE] low and high boundaries for computing mean and std.dev: (1, 2530)
[0000][PE] mean and std.dev: (585.02, 493.00)
[0000][PE] low and high boundaries for proper pairs: (1, 3291)
[0000][PE] analyzing insert size distribution for orientation RR...
[0000][PE] (25, 50, 75) percentile: (59, 85, 138)
[0000][PE] low and high boundaries for computing mean and std.dev: (1, 296)
[0000][PE] mean and std.dev: (89.40, 53.01)
[0000][PE] low and high boundaries for proper pairs: (1, 375)
[0000][PE] skip orientation FF
[0000][PE] skip orientation RF
[0000][PE] skip orientation RR
[0000] 3. Calling kt_for - worker_sam
[0000] read_chunk: 400000000, work_chunk_size: 400000130, nseq: 3220818
	[0000][ M::kt_pipeline] read 3220818 sequences (400000130 bp)...
	[0000][ M::mem_process_seqs] Processed 3286824 reads in 631.731 CPU sec, 17.318 real sec
[0000] Calling mem_process_seqs.., task: 56
[0000] 1. Calling kt_for - worker_bwt
[0000] 2. Calling kt_for - worker_aln
[0000] Inferring insert size distribution of PE reads from data, l_pac: 1342662642, n: 3220818
[0000][PE] # candidate unique pairs for (FF, FR, RF, RR): (93, 959613, 34, 93)
[0000][PE] analyzing insert size distribution for orientation FF...
[0000][PE] (25, 50, 75) percentile: (60, 87, 159)
[0000][PE] low and high boundaries for computing mean and std.dev: (1, 357)
[0000][PE] mean and std.dev: (97.54, 61.61)
[0000][PE] low and high boundaries for proper pairs: (1, 456)
[0000][PE] analyzing insert size distribution for orientation FR...
[0000][PE] (25, 50, 75) percentile: (95, 139, 196)
[0000][PE] low and high boundaries for computing mean and std.dev: (1, 398)
[0000][PE] mean and std.dev: (151.89, 75.57)
[0000][PE] low and high boundaries for proper pairs: (1, 499)
[0000][PE] analyzing insert size distribution for orientation RF...
[0000][PE] (25, 50, 75) percentile: (90, 253, 1152)
[0000][PE] low and high boundaries for computing mean and std.dev: (1, 3276)
[0000][PE] mean and std.dev: (596.93, 862.14)
[0000][PE] low and high boundaries for proper pairs: (1, 4338)
[0000][PE] analyzing insert size distribution for orientation RR...
[0000][PE] (25, 50, 75) percentile: (62, 91, 159)
[0000][PE] low and high boundaries for computing mean and std.dev: (1, 353)
[0000][PE] mean and std.dev: (102.95, 67.15)
[0000][PE] low and high boundaries for proper pairs: (1, 450)
[0000][PE] skip orientation FF
[0000][PE] skip orientation RF
[0000][PE] skip orientation RR
[0000] 3. Calling kt_for - worker_sam
[0000] read_chunk: 400000000, work_chunk_size: 400000036, nseq: 3311876
	[0000][ M::kt_pipeline] read 3311876 sequences (400000036 bp)...
	[0000][ M::mem_process_seqs] Processed 3220818 reads in 1081.514 CPU sec, 34.176 real sec
[0000] Calling mem_process_seqs.., task: 57
[0000] 1. Calling kt_for - worker_bwt
[0000] 2. Calling kt_for - worker_aln
[0000] Inferring insert size distribution of PE reads from data, l_pac: 1342662642, n: 3311876
[0000][PE] # candidate unique pairs for (FF, FR, RF, RR): (101, 1177142, 44, 94)
[0000][PE] analyzing insert size distribution for orientation FF...
[0000][PE] (25, 50, 75) percentile: (45, 80, 135)
[0000][PE] low and high boundaries for computing mean and std.dev: (1, 315)
[0000][PE] mean and std.dev: (90.54, 58.18)
[0000][PE] low and high boundaries for proper pairs: (1, 405)
[0000][PE] analyzing insert size distribution for orientation FR...
[0000][PE] (25, 50, 75) percentile: (95, 139, 196)
[0000][PE] low and high boundaries for computing mean and std.dev: (1, 398)
[0000][PE] mean and std.dev: (151.97, 75.71)
[0000][PE] low and high boundaries for proper pairs: (1, 499)
[0000][PE] analyzing insert size distribution for orientation RF...
[0000][PE] (25, 50, 75) percentile: (79, 213, 553)
[0000][PE] low and high boundaries for computing mean and std.dev: (1, 1501)
[0000][PE] mean and std.dev: (258.54, 282.34)
[0000][PE] low and high boundaries for proper pairs: (1, 1975)
[0000][PE] analyzing insert size distribution for orientation RR...
[0000][PE] (25, 50, 75) percentile: (65, 90, 149)
[0000][PE] low and high boundaries for computing mean and std.dev: (1, 317)
[0000][PE] mean and std.dev: (98.57, 58.94)
[0000][PE] low and high boundaries for proper pairs: (1, 401)
[0000][PE] skip orientation FF
[0000][PE] skip orientation RF
[0000][PE] skip orientation RR
[0000] 3. Calling kt_for - worker_sam
	[0000][ M::mem_process_seqs] Processed 3311876 reads in 501.177 CPU sec, 13.902 real sec
[0000] read_chunk: 400000000, work_chunk_size: 400000274, nseq: 3315322
	[0000][ M::kt_pipeline] read 3315322 sequences (400000274 bp)...
[0000] Calling mem_process_seqs.., task: 58
[0000] 1. Calling kt_for - worker_bwt
[0000] 2. Calling kt_for - worker_aln
[0000] Inferring insert size distribution of PE reads from data, l_pac: 1342662642, n: 3315322
[0000][PE] # candidate unique pairs for (FF, FR, RF, RR): (135, 1186398, 43, 84)
[0000][PE] analyzing insert size distribution for orientation FF...
[0000][PE] (25, 50, 75) percentile: (63, 98, 158)
[0000][PE] low and high boundaries for computing mean and std.dev: (1, 348)
[0000][PE] mean and std.dev: (106.66, 70.15)
[0000][PE] low and high boundaries for proper pairs: (1, 443)
[0000][PE] analyzing insert size distribution for orientation FR...
[0000][PE] (25, 50, 75) percentile: (95, 139, 196)
[0000][PE] low and high boundaries for computing mean and std.dev: (1, 398)
[0000][PE] mean and std.dev: (152.06, 75.77)
[0000][PE] low and high boundaries for proper pairs: (1, 499)
[0000][PE] analyzing insert size distribution for orientation RF...
[0000][PE] (25, 50, 75) percentile: (89, 358, 750)
[0000][PE] low and high boundaries for computing mean and std.dev: (1, 2072)
[0000][PE] mean and std.dev: (312.46, 263.12)
[0000][PE] low and high boundaries for proper pairs: (1, 2733)
[0000][PE] analyzing insert size distribution for orientation RR...
[0000][PE] (25, 50, 75) percentile: (65, 95, 161)
[0000][PE] low and high boundaries for computing mean and std.dev: (1, 353)
[0000][PE] mean and std.dev: (112.84, 74.96)
[0000][PE] low and high boundaries for proper pairs: (1, 449)
[0000][PE] skip orientation FF
[0000][PE] skip orientation RF
[0000][PE] skip orientation RR
[0000] 3. Calling kt_for - worker_sam
[0000] read_chunk: 400000000, work_chunk_size: 400000068, nseq: 3311446
	[0000][ M::kt_pipeline] read 3311446 sequences (400000068 bp)...
	[0000][ M::mem_process_seqs] Processed 3315322 reads in 490.209 CPU sec, 13.141 real sec
[0000] Calling mem_process_seqs.., task: 59
[0000] 1. Calling kt_for - worker_bwt
[0000] 2. Calling kt_for - worker_aln
[0000] Inferring insert size distribution of PE reads from data, l_pac: 1342662642, n: 3311446
[0000][PE] # candidate unique pairs for (FF, FR, RF, RR): (98, 1157631, 29, 93)
[0000][PE] analyzing insert size distribution for orientation FF...
[0000][PE] (25, 50, 75) percentile: (51, 92, 152)
[0000][PE] low and high boundaries for computing mean and std.dev: (1, 354)
[0000][PE] mean and std.dev: (98.15, 66.32)
[0000][PE] low and high boundaries for proper pairs: (1, 455)
[0000][PE] analyzing insert size distribution for orientation FR...
[0000][PE] (25, 50, 75) percentile: (95, 139, 196)
[0000][PE] low and high boundaries for computing mean and std.dev: (1, 398)
[0000][PE] mean and std.dev: (151.91, 75.66)
[0000][PE] low and high boundaries for proper pairs: (1, 499)
[0000][PE] analyzing insert size distribution for orientation RF...
[0000][PE] (25, 50, 75) percentile: (105, 254, 835)
[0000][PE] low and high boundaries for computing mean and std.dev: (1, 2295)
[0000][PE] mean and std.dev: (314.04, 309.90)
[0000][PE] low and high boundaries for proper pairs: (1, 3025)
[0000][PE] analyzing insert size distribution for orientation RR...
[0000][PE] (25, 50, 75) percentile: (61, 88, 140)
[0000][PE] low and high boundaries for computing mean and std.dev: (1, 298)
[0000][PE] mean and std.dev: (101.94, 65.40)
[0000][PE] low and high boundaries for proper pairs: (1, 377)
[0000][PE] skip orientation FF
[0000][PE] skip orientation RF
[0000][PE] skip orientation RR
[0000] 3. Calling kt_for - worker_sam
	[0000][ M::mem_process_seqs] Processed 3311446 reads in 518.292 CPU sec, 14.003 real sec
[0000] read_chunk: 400000000, work_chunk_size: 400000059, nseq: 3303966
	[0000][ M::kt_pipeline] read 3303966 sequences (400000059 bp)...
[0000] Calling mem_process_seqs.., task: 60
[0000] 1. Calling kt_for - worker_bwt
[0000] 2. Calling kt_for - worker_aln
[0000] Inferring insert size distribution of PE reads from data, l_pac: 1342662642, n: 3303966
[0000][PE] # candidate unique pairs for (FF, FR, RF, RR): (112, 1162891, 31, 100)
[0000][PE] analyzing insert size distribution for orientation FF...
[0000][PE] (25, 50, 75) percentile: (63, 110, 174)
[0000][PE] low and high boundaries for computing mean and std.dev: (1, 396)
[0000][PE] mean and std.dev: (121.93, 84.73)
[0000][PE] low and high boundaries for proper pairs: (1, 507)
[0000][PE] analyzing insert size distribution for orientation FR...
[0000][PE] (25, 50, 75) percentile: (95, 139, 196)
[0000][PE] low and high boundaries for computing mean and std.dev: (1, 398)
[0000][PE] mean and std.dev: (151.82, 75.80)
[0000][PE] low and high boundaries for proper pairs: (1, 499)
[0000][PE] analyzing insert size distribution for orientation RF...
[0000][PE] (25, 50, 75) percentile: (141, 288, 1075)
[0000][PE] low and high boundaries for computing mean and std.dev: (1, 2943)
[0000][PE] mean and std.dev: (475.61, 602.63)
[0000][PE] low and high boundaries for proper pairs: (1, 3877)
[0000][PE] analyzing insert size distribution for orientation RR...
[0000][PE] (25, 50, 75) percentile: (51, 89, 143)
[0000][PE] low and high boundaries for computing mean and std.dev: (1, 327)
[0000][PE] mean and std.dev: (90.32, 56.18)
[0000][PE] low and high boundaries for proper pairs: (1, 419)
[0000][PE] skip orientation FF
[0000][PE] skip orientation RF
[0000][PE] skip orientation RR
[0000] 3. Calling kt_for - worker_sam
	[0000][ M::mem_process_seqs] Processed 3303966 reads in 515.660 CPU sec, 14.046 real sec
[0000] read_chunk: 400000000, work_chunk_size: 400000148, nseq: 3309910
	[0000][ M::kt_pipeline] read 3309910 sequences (400000148 bp)...
[0000] Calling mem_process_seqs.., task: 61
[0000] 1. Calling kt_for - worker_bwt
[0000] 2. Calling kt_for - worker_aln
[0000] Inferring insert size distribution of PE reads from data, l_pac: 1342662642, n: 3309910
[0000][PE] # candidate unique pairs for (FF, FR, RF, RR): (101, 1160003, 32, 109)
[0000][PE] analyzing insert size distribution for orientation FF...
[0000][PE] (25, 50, 75) percentile: (54, 91, 138)
[0000][PE] low and high boundaries for computing mean and std.dev: (1, 306)
[0000][PE] mean and std.dev: (98.53, 61.71)
[0000][PE] low and high boundaries for proper pairs: (1, 390)
[0000][PE] analyzing insert size distribution for orientation FR...
[0000][PE] (25, 50, 75) percentile: (95, 139, 196)
[0000][PE] low and high boundaries for computing mean and std.dev: (1, 398)
[0000][PE] mean and std.dev: (152.01, 75.69)
[0000][PE] low and high boundaries for proper pairs: (1, 499)
[0000][PE] analyzing insert size distribution for orientation RF...
[0000][PE] (25, 50, 75) percentile: (172, 365, 702)
[0000][PE] low and high boundaries for computing mean and std.dev: (1, 1762)
[0000][PE] mean and std.dev: (404.67, 332.64)
[0000][PE] low and high boundaries for proper pairs: (1, 2292)
[0000][PE] analyzing insert size distribution for orientation RR...
[0000][PE] (25, 50, 75) percentile: (62, 104, 148)
[0000][PE] low and high boundaries for computing mean and std.dev: (1, 320)
[0000][PE] mean and std.dev: (100.45, 59.43)
[0000][PE] low and high boundaries for proper pairs: (1, 406)
[0000][PE] skip orientation FF
[0000][PE] skip orientation RF
[0000][PE] skip orientation RR
[0000] 3. Calling kt_for - worker_sam
	[0000][ M::mem_process_seqs] Processed 3309910 reads in 542.302 CPU sec, 14.575 real sec
[0000] read_chunk: 400000000, work_chunk_size: 400000079, nseq: 3303924
	[0000][ M::kt_pipeline] read 3303924 sequences (400000079 bp)...
[0000] Calling mem_process_seqs.., task: 62
[0000] 1. Calling kt_for - worker_bwt
[0000] 2. Calling kt_for - worker_aln
[0000] Inferring insert size distribution of PE reads from data, l_pac: 1342662642, n: 3303924
[0000][PE] # candidate unique pairs for (FF, FR, RF, RR): (99, 1130563, 45, 113)
[0000][PE] analyzing insert size distribution for orientation FF...
[0000][PE] (25, 50, 75) percentile: (51, 92, 136)
[0000][PE] low and high boundaries for computing mean and std.dev: (1, 306)
[0000][PE] mean and std.dev: (98.21, 63.56)
[0000][PE] low and high boundaries for proper pairs: (1, 391)
[0000][PE] analyzing insert size distribution for orientation FR...
[0000][PE] (25, 50, 75) percentile: (97, 140, 196)
[0000][PE] low and high boundaries for computing mean and std.dev: (1, 394)
[0000][PE] mean and std.dev: (152.67, 74.91)
[0000][PE] low and high boundaries for proper pairs: (1, 493)
[0000][PE] analyzing insert size distribution for orientation RF...
[0000][PE] (25, 50, 75) percentile: (120, 245, 417)
[0000][PE] low and high boundaries for computing mean and std.dev: (1, 1011)
[0000][PE] mean and std.dev: (272.98, 209.41)
[0000][PE] low and high boundaries for proper pairs: (1, 1308)
[0000][PE] analyzing insert size distribution for orientation RR...
[0000][PE] (25, 50, 75) percentile: (71, 108, 164)
[0000][PE] low and high boundaries for computing mean and std.dev: (1, 350)
[0000][PE] mean and std.dev: (107.60, 63.83)
[0000][PE] low and high boundaries for proper pairs: (1, 443)
[0000][PE] skip orientation FF
[0000][PE] skip orientation RF
[0000][PE] skip orientation RR
[0000] 3. Calling kt_for - worker_sam
[0000] read_chunk: 400000000, work_chunk_size: 400000178, nseq: 3316364
	[0000][ M::kt_pipeline] read 3316364 sequences (400000178 bp)...
	[0000][ M::mem_process_seqs] Processed 3303924 reads in 526.185 CPU sec, 14.245 real sec
[0000] Calling mem_process_seqs.., task: 63
[0000] 1. Calling kt_for - worker_bwt
[0000] 2. Calling kt_for - worker_aln
[0000] Inferring insert size distribution of PE reads from data, l_pac: 1342662642, n: 3316364
[0000][PE] # candidate unique pairs for (FF, FR, RF, RR): (115, 1156118, 31, 85)
[0000][PE] analyzing insert size distribution for orientation FF...
[0000][PE] (25, 50, 75) percentile: (65, 95, 134)
[0000][PE] low and high boundaries for computing mean and std.dev: (1, 272)
[0000][PE] mean and std.dev: (88.69, 44.50)
[0000][PE] low and high boundaries for proper pairs: (1, 341)
[0000][PE] analyzing insert size distribution for orientation FR...
[0000][PE] (25, 50, 75) percentile: (95, 139, 196)
[0000][PE] low and high boundaries for computing mean and std.dev: (1, 398)
[0000][PE] mean and std.dev: (152.01, 75.67)
[0000][PE] low and high boundaries for proper pairs: (1, 499)
[0000][PE] analyzing insert size distribution for orientation RF...
[0000][PE] (25, 50, 75) percentile: (103, 272, 566)
[0000][PE] low and high boundaries for computing mean and std.dev: (1, 1492)
[0000][PE] mean and std.dev: (346.37, 283.50)
[0000][PE] low and high boundaries for proper pairs: (1, 1955)
[0000][PE] analyzing insert size distribution for orientation RR...
[0000][PE] (25, 50, 75) percentile: (60, 92, 153)
[0000][PE] low and high boundaries for computing mean and std.dev: (1, 339)
[0000][PE] mean and std.dev: (100.69, 60.89)
[0000][PE] low and high boundaries for proper pairs: (1, 432)
[0000][PE] skip orientation FF
[0000][PE] skip orientation RF
[0000][PE] skip orientation RR
[0000] 3. Calling kt_for - worker_sam
	[0000][ M::mem_process_seqs] Processed 3316364 reads in 509.000 CPU sec, 13.789 real sec
[0000] read_chunk: 400000000, work_chunk_size: 400000075, nseq: 3303806
	[0000][ M::kt_pipeline] read 3303806 sequences (400000075 bp)...
[0000] Calling mem_process_seqs.., task: 64
[0000] 1. Calling kt_for - worker_bwt
[0000] 2. Calling kt_for - worker_aln
[0000] Inferring insert size distribution of PE reads from data, l_pac: 1342662642, n: 3303806
[0000][PE] # candidate unique pairs for (FF, FR, RF, RR): (110, 1135726, 41, 104)
[0000][PE] analyzing insert size distribution for orientation FF...
[0000][PE] (25, 50, 75) percentile: (56, 93, 150)
[0000][PE] low and high boundaries for computing mean and std.dev: (1, 338)
[0000][PE] mean and std.dev: (103.23, 66.92)
[0000][PE] low and high boundaries for proper pairs: (1, 432)
[0000][PE] analyzing insert size distribution for orientation FR...
[0000][PE] (25, 50, 75) percentile: (96, 139, 196)
[0000][PE] low and high boundaries for computing mean and std.dev: (1, 396)
[0000][PE] mean and std.dev: (152.07, 75.42)
[0000][PE] low and high boundaries for proper pairs: (1, 496)
[0000][PE] analyzing insert size distribution for orientation RF...
[0000][PE] (25, 50, 75) percentile: (148, 348, 796)
[0000][PE] low and high boundaries for computing mean and std.dev: (1, 2092)
[0000][PE] mean and std.dev: (431.18, 381.26)
[0000][PE] low and high boundaries for proper pairs: (1, 2740)
[0000][PE] analyzing insert size distribution for orientation RR...
[0000][PE] (25, 50, 75) percentile: (57, 90, 128)
[0000][PE] low and high boundaries for computing mean and std.dev: (1, 270)
[0000][PE] mean and std.dev: (92.77, 50.48)
[0000][PE] low and high boundaries for proper pairs: (1, 341)
[0000][PE] skip orientation FF
[0000][PE] skip orientation RF
[0000][PE] skip orientation RR
[0000] 3. Calling kt_for - worker_sam
[0000] read_chunk: 400000000, work_chunk_size: 400000024, nseq: 3315184
	[0000][ M::kt_pipeline] read 3315184 sequences (400000024 bp)...
	[0000][ M::mem_process_seqs] Processed 3303806 reads in 577.690 CPU sec, 15.349 real sec
[0000] Calling mem_process_seqs.., task: 65
[0000] 1. Calling kt_for - worker_bwt
[0000] 2. Calling kt_for - worker_aln
[0000] Inferring insert size distribution of PE reads from data, l_pac: 1342662642, n: 3315184
[0000][PE] # candidate unique pairs for (FF, FR, RF, RR): (122, 1179224, 24, 111)
[0000][PE] analyzing insert size distribution for orientation FF...
[0000][PE] (25, 50, 75) percentile: (56, 91, 141)
[0000][PE] low and high boundaries for computing mean and std.dev: (1, 311)
[0000][PE] mean and std.dev: (92.08, 54.52)
[0000][PE] low and high boundaries for proper pairs: (1, 396)
[0000][PE] analyzing insert size distribution for orientation FR...
[0000][PE] (25, 50, 75) percentile: (95, 139, 196)
[0000][PE] low and high boundaries for computing mean and std.dev: (1, 398)
[0000][PE] mean and std.dev: (151.92, 75.62)
[0000][PE] low and high boundaries for proper pairs: (1, 499)
[0000][PE] analyzing insert size distribution for orientation RF...
[0000][PE] (25, 50, 75) percentile: (183, 342, 484)
[0000][PE] low and high boundaries for computing mean and std.dev: (1, 1086)
[0000][PE] mean and std.dev: (285.05, 166.97)
[0000][PE] low and high boundaries for proper pairs: (1, 1387)
[0000][PE] analyzing insert size distribution for orientation RR...
[0000][PE] (25, 50, 75) percentile: (56, 99, 162)
[0000][PE] low and high boundaries for computing mean and std.dev: (1, 374)
[0000][PE] mean and std.dev: (101.76, 68.79)
[0000][PE] low and high boundaries for proper pairs: (1, 480)
[0000][PE] skip orientation FF
[0000][PE] skip orientation RF
[0000][PE] skip orientation RR
[0000] 3. Calling kt_for - worker_sam
	[0000][ M::mem_process_seqs] Processed 3315184 reads in 495.753 CPU sec, 13.963 real sec
[0000] read_chunk: 400000000, work_chunk_size: 400000057, nseq: 3314608
	[0000][ M::kt_pipeline] read 3314608 sequences (400000057 bp)...
[0000] Calling mem_process_seqs.., task: 66
[0000] 1. Calling kt_for - worker_bwt
[0000] 2. Calling kt_for - worker_aln
[0000] Inferring insert size distribution of PE reads from data, l_pac: 1342662642, n: 3314608
[0000][PE] # candidate unique pairs for (FF, FR, RF, RR): (114, 1187336, 37, 107)
[0000][PE] analyzing insert size distribution for orientation FF...
[0000][PE] (25, 50, 75) percentile: (63, 101, 156)
[0000][PE] low and high boundaries for computing mean and std.dev: (1, 342)
[0000][PE] mean and std.dev: (103.70, 62.16)
[0000][PE] low and high boundaries for proper pairs: (1, 435)
[0000][PE] analyzing insert size distribution for orientation FR...
[0000][PE] (25, 50, 75) percentile: (95, 139, 196)
[0000][PE] low and high boundaries for computing mean and std.dev: (1, 398)
[0000][PE] mean and std.dev: (151.78, 75.70)
[0000][PE] low and high boundaries for proper pairs: (1, 499)
[0000][PE] analyzing insert size distribution for orientation RF...
[0000][PE] (25, 50, 75) percentile: (180, 474, 1104)
[0000][PE] low and high boundaries for computing mean and std.dev: (1, 2952)
[0000][PE] mean and std.dev: (614.53, 575.98)
[0000][PE] low and high boundaries for proper pairs: (1, 3876)
[0000][PE] analyzing insert size distribution for orientation RR...
[0000][PE] (25, 50, 75) percentile: (67, 104, 174)
[0000][PE] low and high boundaries for computing mean and std.dev: (1, 388)
[0000][PE] mean and std.dev: (113.59, 72.43)
[0000][PE] low and high boundaries for proper pairs: (1, 495)
[0000][PE] skip orientation FF
[0000][PE] skip orientation RF
[0000][PE] skip orientation RR
[0000] 3. Calling kt_for - worker_sam
	[0000][ M::mem_process_seqs] Processed 3314608 reads in 495.494 CPU sec, 13.451 real sec
[0000] read_chunk: 400000000, work_chunk_size: 400000232, nseq: 3313266
	[0000][ M::kt_pipeline] read 3313266 sequences (400000232 bp)...
[0000] Calling mem_process_seqs.., task: 67
[0000] 1. Calling kt_for - worker_bwt
[0000] 2. Calling kt_for - worker_aln
[0000] Inferring insert size distribution of PE reads from data, l_pac: 1342662642, n: 3313266
[0000][PE] # candidate unique pairs for (FF, FR, RF, RR): (114, 1193587, 37, 112)
[0000][PE] analyzing insert size distribution for orientation FF...
[0000][PE] (25, 50, 75) percentile: (54, 93, 163)
[0000][PE] low and high boundaries for computing mean and std.dev: (1, 381)
[0000][PE] mean and std.dev: (109.84, 78.23)
[0000][PE] low and high boundaries for proper pairs: (1, 490)
[0000][PE] analyzing insert size distribution for orientation FR...
[0000][PE] (25, 50, 75) percentile: (95, 139, 196)
[0000][PE] low and high boundaries for computing mean and std.dev: (1, 398)
[0000][PE] mean and std.dev: (151.91, 75.78)
[0000][PE] low and high boundaries for proper pairs: (1, 499)
[0000][PE] analyzing insert size distribution for orientation RF...
[0000][PE] (25, 50, 75) percentile: (88, 175, 469)
[0000][PE] low and high boundaries for computing mean and std.dev: (1, 1231)
[0000][PE] mean and std.dev: (256.64, 245.76)
[0000][PE] low and high boundaries for proper pairs: (1, 1612)
[0000][PE] analyzing insert size distribution for orientation RR...
[0000][PE] (25, 50, 75) percentile: (53, 92, 146)
[0000][PE] low and high boundaries for computing mean and std.dev: (1, 332)
[0000][PE] mean and std.dev: (98.94, 62.69)
[0000][PE] low and high boundaries for proper pairs: (1, 425)
[0000][PE] skip orientation FF
[0000][PE] skip orientation RF
[0000][PE] skip orientation RR
[0000] 3. Calling kt_for - worker_sam
	[0000][ M::mem_process_seqs] Processed 3313266 reads in 489.879 CPU sec, 13.517 real sec
[0000] read_chunk: 400000000, work_chunk_size: 400000108, nseq: 3293860
	[0000][ M::kt_pipeline] read 3293860 sequences (400000108 bp)...
[0000] Calling mem_process_seqs.., task: 68
[0000] 1. Calling kt_for - worker_bwt
[0000] 2. Calling kt_for - worker_aln
[0000] Inferring insert size distribution of PE reads from data, l_pac: 1342662642, n: 3293860
[0000][PE] # candidate unique pairs for (FF, FR, RF, RR): (116, 1139796, 37, 96)
[0000][PE] analyzing insert size distribution for orientation FF...
[0000][PE] (25, 50, 75) percentile: (59, 89, 139)
[0000][PE] low and high boundaries for computing mean and std.dev: (1, 299)
[0000][PE] mean and std.dev: (96.62, 53.57)
[0000][PE] low and high boundaries for proper pairs: (1, 379)
[0000][PE] analyzing insert size distribution for orientation FR...
[0000][PE] (25, 50, 75) percentile: (95, 139, 196)
[0000][PE] low and high boundaries for computing mean and std.dev: (1, 398)
[0000][PE] mean and std.dev: (151.98, 75.74)
[0000][PE] low and high boundaries for proper pairs: (1, 499)
[0000][PE] analyzing insert size distribution for orientation RF...
[0000][PE] (25, 50, 75) percentile: (129, 284, 544)
[0000][PE] low and high boundaries for computing mean and std.dev: (1, 1374)
[0000][PE] mean and std.dev: (279.56, 233.56)
[0000][PE] low and high boundaries for proper pairs: (1, 1789)
[0000][PE] analyzing insert size distribution for orientation RR...
[0000][PE] (25, 50, 75) percentile: (66, 104, 143)
[0000][PE] low and high boundaries for computing mean and std.dev: (1, 297)
[0000][PE] mean and std.dev: (104.20, 59.12)
[0000][PE] low and high boundaries for proper pairs: (1, 374)
[0000][PE] skip orientation FF
[0000][PE] skip orientation RF
[0000][PE] skip orientation RR
[0000] 3. Calling kt_for - worker_sam
[0000] read_chunk: 400000000, work_chunk_size: 400000246, nseq: 3320332
	[0000][ M::kt_pipeline] read 3320332 sequences (400000246 bp)...
	[0000][ M::mem_process_seqs] Processed 3293860 reads in 587.579 CPU sec, 15.594 real sec
[0000] Reallocating initial memory allocations!!
[0000] Calling mem_process_seqs.., task: 69
[0000] 1. Calling kt_for - worker_bwt
[0000] 2. Calling kt_for - worker_aln
[0000] Inferring insert size distribution of PE reads from data, l_pac: 1342662642, n: 3320332
[0000][PE] # candidate unique pairs for (FF, FR, RF, RR): (83, 1197460, 29, 117)
[0000][PE] analyzing insert size distribution for orientation FF...
[0000][PE] (25, 50, 75) percentile: (52, 87, 134)
[0000][PE] low and high boundaries for computing mean and std.dev: (1, 298)
[0000][PE] mean and std.dev: (93.66, 55.57)
[0000][PE] low and high boundaries for proper pairs: (1, 380)
[0000][PE] analyzing insert size distribution for orientation FR...
[0000][PE] (25, 50, 75) percentile: (95, 139, 196)
[0000][PE] low and high boundaries for computing mean and std.dev: (1, 398)
[0000][PE] mean and std.dev: (151.81, 75.67)
[0000][PE] low and high boundaries for proper pairs: (1, 499)
[0000][PE] analyzing insert size distribution for orientation RF...
[0000][PE] (25, 50, 75) percentile: (115, 665, 1002)
[0000][PE] low and high boundaries for computing mean and std.dev: (1, 2776)
[0000][PE] mean and std.dev: (576.15, 519.88)
[0000][PE] low and high boundaries for proper pairs: (1, 3663)
[0000][PE] analyzing insert size distribution for orientation RR...
[0000][PE] (25, 50, 75) percentile: (64, 94, 152)
[0000][PE] low and high boundaries for computing mean and std.dev: (1, 328)
[0000][PE] mean and std.dev: (105.30, 60.52)
[0000][PE] low and high boundaries for proper pairs: (1, 416)
[0000][PE] skip orientation FF
[0000][PE] skip orientation RF
[0000][PE] skip orientation RR
[0000] 3. Calling kt_for - worker_sam
[0000] read_chunk: 400000000, work_chunk_size: 400000032, nseq: 3313192
	[0000][ M::kt_pipeline] read 3313192 sequences (400000032 bp)...
	[0000][ M::mem_process_seqs] Processed 3320332 reads in 487.665 CPU sec, 13.086 real sec
[0000] Calling mem_process_seqs.., task: 70
[0000] 1. Calling kt_for - worker_bwt
[0000] 2. Calling kt_for - worker_aln
[0000] Inferring insert size distribution of PE reads from data, l_pac: 1342662642, n: 3313192
[0000][PE] # candidate unique pairs for (FF, FR, RF, RR): (127, 1164412, 30, 120)
[0000][PE] analyzing insert size distribution for orientation FF...
[0000][PE] (25, 50, 75) percentile: (63, 97, 167)
[0000][PE] low and high boundaries for computing mean and std.dev: (1, 375)
[0000][PE] mean and std.dev: (113.80, 74.56)
[0000][PE] low and high boundaries for proper pairs: (1, 479)
[0000][PE] analyzing insert size distribution for orientation FR...
[0000][PE] (25, 50, 75) percentile: (96, 139, 196)
[0000][PE] low and high boundaries for computing mean and std.dev: (1, 396)
[0000][PE] mean and std.dev: (152.16, 75.45)
[0000][PE] low and high boundaries for proper pairs: (1, 496)
[0000][PE] analyzing insert size distribution for orientation RF...
[0000][PE] (25, 50, 75) percentile: (85, 455, 680)
[0000][PE] low and high boundaries for computing mean and std.dev: (1, 1870)
[0000][PE] mean and std.dev: (370.64, 293.33)
[0000][PE] low and high boundaries for proper pairs: (1, 2465)
[0000][PE] analyzing insert size distribution for orientation RR...
[0000][PE] (25, 50, 75) percentile: (49, 91, 149)
[0000][PE] low and high boundaries for computing mean and std.dev: (1, 349)
[0000][PE] mean and std.dev: (96.04, 59.41)
[0000][PE] low and high boundaries for proper pairs: (1, 449)
[0000][PE] skip orientation FF
[0000][PE] skip orientation RF
[0000][PE] skip orientation RR
[0000] 3. Calling kt_for - worker_sam
	[0000][ M::mem_process_seqs] Processed 3313192 reads in 519.372 CPU sec, 14.432 real sec
[0000] read_chunk: 400000000, work_chunk_size: 400000062, nseq: 3298194
	[0000][ M::kt_pipeline] read 3298194 sequences (400000062 bp)...
[0000] Calling mem_process_seqs.., task: 71
[0000] 1. Calling kt_for - worker_bwt
[0000] 2. Calling kt_for - worker_aln
[0000] Inferring insert size distribution of PE reads from data, l_pac: 1342662642, n: 3298194
[0000][PE] # candidate unique pairs for (FF, FR, RF, RR): (104, 1138526, 35, 108)
[0000][PE] analyzing insert size distribution for orientation FF...
[0000][PE] (25, 50, 75) percentile: (64, 100, 159)
[0000][PE] low and high boundaries for computing mean and std.dev: (1, 349)
[0000][PE] mean and std.dev: (110.03, 66.49)
[0000][PE] low and high boundaries for proper pairs: (1, 444)
[0000][PE] analyzing insert size distribution for orientation FR...
[0000][PE] (25, 50, 75) percentile: (96, 139, 196)
[0000][PE] low and high boundaries for computing mean and std.dev: (1, 396)
[0000][PE] mean and std.dev: (152.43, 75.58)
[0000][PE] low and high boundaries for proper pairs: (1, 496)
[0000][PE] analyzing insert size distribution for orientation RF...
[0000][PE] (25, 50, 75) percentile: (168, 306, 793)
[0000][PE] low and high boundaries for computing mean and std.dev: (1, 2043)
[0000][PE] mean and std.dev: (409.45, 438.19)
[0000][PE] low and high boundaries for proper pairs: (1, 2668)
[0000][PE] analyzing insert size distribution for orientation RR...
[0000][PE] (25, 50, 75) percentile: (69, 121, 221)
[0000][PE] low and high boundaries for computing mean and std.dev: (1, 525)
[0000][PE] mean and std.dev: (135.19, 97.94)
[0000][PE] low and high boundaries for proper pairs: (1, 677)
[0000][PE] skip orientation FF
[0000][PE] skip orientation RF
[0000][PE] skip orientation RR
[0000] 3. Calling kt_for - worker_sam
[0000] read_chunk: 400000000, work_chunk_size: 400000044, nseq: 3305726
	[0000][ M::kt_pipeline] read 3305726 sequences (400000044 bp)...
	[0000][ M::mem_process_seqs] Processed 3298194 reads in 524.123 CPU sec, 14.242 real sec
[0000] Calling mem_process_seqs.., task: 72
[0000] 1. Calling kt_for - worker_bwt
[0000] 2. Calling kt_for - worker_aln
[0000] Inferring insert size distribution of PE reads from data, l_pac: 1342662642, n: 3305726
[0000][PE] # candidate unique pairs for (FF, FR, RF, RR): (96, 1150578, 28, 98)
[0000][PE] analyzing insert size distribution for orientation FF...
[0000][PE] (25, 50, 75) percentile: (49, 85, 130)
[0000][PE] low and high boundaries for computing mean and std.dev: (1, 292)
[0000][PE] mean and std.dev: (92.29, 56.36)
[0000][PE] low and high boundaries for proper pairs: (1, 373)
[0000][PE] analyzing insert size distribution for orientation FR...
[0000][PE] (25, 50, 75) percentile: (95, 139, 196)
[0000][PE] low and high boundaries for computing mean and std.dev: (1, 398)
[0000][PE] mean and std.dev: (151.93, 75.58)
[0000][PE] low and high boundaries for proper pairs: (1, 499)
[0000][PE] analyzing insert size distribution for orientation RF...
[0000][PE] (25, 50, 75) percentile: (116, 277, 694)
[0000][PE] low and high boundaries for computing mean and std.dev: (1, 1850)
[0000][PE] mean and std.dev: (411.07, 380.13)
[0000][PE] low and high boundaries for proper pairs: (1, 2428)
[0000][PE] analyzing insert size distribution for orientation RR...
[0000][PE] (25, 50, 75) percentile: (42, 81, 133)
[0000][PE] low and high boundaries for computing mean and std.dev: (1, 315)
[0000][PE] mean and std.dev: (86.25, 54.31)
[0000][PE] low and high boundaries for proper pairs: (1, 406)
[0000][PE] skip orientation FF
[0000][PE] skip orientation RF
[0000][PE] skip orientation RR
[0000] 3. Calling kt_for - worker_sam
[0000] read_chunk: 400000000, work_chunk_size: 400000163, nseq: 3310806
	[0000][ M::kt_pipeline] read 3310806 sequences (400000163 bp)...
	[0000][ M::mem_process_seqs] Processed 3305726 reads in 565.912 CPU sec, 15.419 real sec
[0000] Calling mem_process_seqs.., task: 73
[0000] 1. Calling kt_for - worker_bwt
[0000] 2. Calling kt_for - worker_aln
[0000] Inferring insert size distribution of PE reads from data, l_pac: 1342662642, n: 3310806
[0000][PE] # candidate unique pairs for (FF, FR, RF, RR): (107, 1176166, 21, 104)
[0000][PE] analyzing insert size distribution for orientation FF...
[0000][PE] (25, 50, 75) percentile: (65, 106, 160)
[0000][PE] low and high boundaries for computing mean and std.dev: (1, 350)
[0000][PE] mean and std.dev: (107.04, 67.32)
[0000][PE] low and high boundaries for proper pairs: (1, 445)
[0000][PE] analyzing insert size distribution for orientation FR...
[0000][PE] (25, 50, 75) percentile: (95, 139, 196)
[0000][PE] low and high boundaries for computing mean and std.dev: (1, 398)
[0000][PE] mean and std.dev: (151.97, 75.56)
[0000][PE] low and high boundaries for proper pairs: (1, 499)
[0000][PE] analyzing insert size distribution for orientation RF...
[0000][PE] (25, 50, 75) percentile: (124, 335, 1192)
[0000][PE] low and high boundaries for computing mean and std.dev: (1, 3328)
[0000][PE] mean and std.dev: (596.45, 718.76)
[0000][PE] low and high boundaries for proper pairs: (1, 4396)
[0000][PE] analyzing insert size distribution for orientation RR...
[0000][PE] (25, 50, 75) percentile: (71, 112, 167)
[0000][PE] low and high boundaries for computing mean and std.dev: (1, 359)
[0000][PE] mean and std.dev: (120.29, 74.17)
[0000][PE] low and high boundaries for proper pairs: (1, 455)
[0000][PE] skip orientation FF
[0000][PE] skip orientation RF
[0000][PE] skip orientation RR
[0000] 3. Calling kt_for - worker_sam
	[0000][ M::mem_process_seqs] Processed 3310806 reads in 515.845 CPU sec, 14.094 real sec
[0000] read_chunk: 400000000, work_chunk_size: 400000170, nseq: 3300614
	[0000][ M::kt_pipeline] read 3300614 sequences (400000170 bp)...
[0000] Calling mem_process_seqs.., task: 74
[0000] 1. Calling kt_for - worker_bwt
[0000] 2. Calling kt_for - worker_aln
[0000] Inferring insert size distribution of PE reads from data, l_pac: 1342662642, n: 3300614
[0000][PE] # candidate unique pairs for (FF, FR, RF, RR): (100, 1146256, 56, 93)
[0000][PE] analyzing insert size distribution for orientation FF...
[0000][PE] (25, 50, 75) percentile: (50, 89, 117)
[0000][PE] low and high boundaries for computing mean and std.dev: (1, 251)
[0000][PE] mean and std.dev: (89.95, 52.06)
[0000][PE] low and high boundaries for proper pairs: (1, 318)
[0000][PE] analyzing insert size distribution for orientation FR...
[0000][PE] (25, 50, 75) percentile: (95, 139, 196)
[0000][PE] low and high boundaries for computing mean and std.dev: (1, 398)
[0000][PE] mean and std.dev: (152.02, 75.70)
[0000][PE] low and high boundaries for proper pairs: (1, 499)
[0000][PE] analyzing insert size distribution for orientation RF...
[0000][PE] (25, 50, 75) percentile: (101, 139, 346)
[0000][PE] low and high boundaries for computing mean and std.dev: (1, 836)
[0000][PE] mean and std.dev: (217.96, 190.77)
[0000][PE] low and high boundaries for proper pairs: (1, 1081)
[0000][PE] analyzing insert size distribution for orientation RR...
[0000][PE] (25, 50, 75) percentile: (66, 90, 160)
[0000][PE] low and high boundaries for computing mean and std.dev: (1, 348)
[0000][PE] mean and std.dev: (106.44, 68.63)
[0000][PE] low and high boundaries for proper pairs: (1, 442)
[0000][PE] skip orientation FF
[0000][PE] skip orientation RF
[0000][PE] skip orientation RR
[0000] 3. Calling kt_for - worker_sam
	[0000][ M::mem_process_seqs] Processed 3300614 reads in 543.853 CPU sec, 20.468 real sec
[0000] read_chunk: 400000000, work_chunk_size: 400000218, nseq: 3312932
	[0000][ M::kt_pipeline] read 3312932 sequences (400000218 bp)...
[0000] Calling mem_process_seqs.., task: 75
[0000] 1. Calling kt_for - worker_bwt
[0000] 2. Calling kt_for - worker_aln
[0000] Inferring insert size distribution of PE reads from data, l_pac: 1342662642, n: 3312932
[0000][PE] # candidate unique pairs for (FF, FR, RF, RR): (103, 1186576, 31, 101)
[0000][PE] analyzing insert size distribution for orientation FF...
[0000][PE] (25, 50, 75) percentile: (65, 95, 158)
[0000][PE] low and high boundaries for computing mean and std.dev: (1, 344)
[0000][PE] mean and std.dev: (101.54, 57.76)
[0000][PE] low and high boundaries for proper pairs: (1, 437)
[0000][PE] analyzing insert size distribution for orientation FR...
[0000][PE] (25, 50, 75) percentile: (95, 139, 196)
[0000][PE] low and high boundaries for computing mean and std.dev: (1, 398)
[0000][PE] mean and std.dev: (152.14, 75.69)
[0000][PE] low and high boundaries for proper pairs: (1, 499)
[0000][PE] analyzing insert size distribution for orientation RF...
[0000][PE] (25, 50, 75) percentile: (110, 344, 1073)
[0000][PE] low and high boundaries for computing mean and std.dev: (1, 2999)
[0000][PE] mean and std.dev: (539.00, 594.25)
[0000][PE] low and high boundaries for proper pairs: (1, 3962)
[0000][PE] analyzing insert size distribution for orientation RR...
[0000][PE] (25, 50, 75) percentile: (54, 87, 130)
[0000][PE] low and high boundaries for computing mean and std.dev: (1, 282)
[0000][PE] mean and std.dev: (93.47, 53.85)
[0000][PE] low and high boundaries for proper pairs: (1, 358)
[0000][PE] skip orientation FF
[0000][PE] skip orientation RF
[0000][PE] skip orientation RR
[0000] 3. Calling kt_for - worker_sam
[0000] read_chunk: 400000000, work_chunk_size: 400000086, nseq: 3286822
	[0000][ M::kt_pipeline] read 3286822 sequences (400000086 bp)...
	[0000][ M::mem_process_seqs] Processed 3312932 reads in 479.986 CPU sec, 13.012 real sec
[0000] Calling mem_process_seqs.., task: 76
[0000] 1. Calling kt_for - worker_bwt
[0000] 2. Calling kt_for - worker_aln
[0000] Inferring insert size distribution of PE reads from data, l_pac: 1342662642, n: 3286822
[0000][PE] # candidate unique pairs for (FF, FR, RF, RR): (102, 1107049, 35, 114)
[0000][PE] analyzing insert size distribution for orientation FF...
[0000][PE] (25, 50, 75) percentile: (41, 80, 119)
[0000][PE] low and high boundaries for computing mean and std.dev: (1, 275)
[0000][PE] mean and std.dev: (85.02, 54.60)
[0000][PE] low and high boundaries for proper pairs: (1, 353)
[0000][PE] analyzing insert size distribution for orientation FR...
[0000][PE] (25, 50, 75) percentile: (95, 138, 195)
[0000][PE] low and high boundaries for computing mean and std.dev: (1, 395)
[0000][PE] mean and std.dev: (151.51, 75.41)
[0000][PE] low and high boundaries for proper pairs: (1, 495)
[0000][PE] analyzing insert size distribution for orientation RF...
[0000][PE] (25, 50, 75) percentile: (133, 288, 832)
[0000][PE] low and high boundaries for computing mean and std.dev: (1, 2230)
[0000][PE] mean and std.dev: (370.10, 386.93)
[0000][PE] low and high boundaries for proper pairs: (1, 2929)
[0000][PE] analyzing insert size distribution for orientation RR...
[0000][PE] (25, 50, 75) percentile: (52, 88, 142)
[0000][PE] low and high boundaries for computing mean and std.dev: (1, 322)
[0000][PE] mean and std.dev: (90.92, 56.71)
[0000][PE] low and high boundaries for proper pairs: (1, 412)
[0000][PE] skip orientation FF
[0000][PE] skip orientation RF
[0000][PE] skip orientation RR
[0000] 3. Calling kt_for - worker_sam
[0000] read_chunk: 400000000, work_chunk_size: 400000076, nseq: 3305324
	[0000][ M::kt_pipeline] read 3305324 sequences (400000076 bp)...
	[0000][ M::mem_process_seqs] Processed 3286822 reads in 717.840 CPU sec, 19.313 real sec
[0000] Calling mem_process_seqs.., task: 77
[0000] 1. Calling kt_for - worker_bwt
[0000] 2. Calling kt_for - worker_aln
[0000] Inferring insert size distribution of PE reads from data, l_pac: 1342662642, n: 3305324
[0000][PE] # candidate unique pairs for (FF, FR, RF, RR): (117, 1160622, 36, 124)
[0000][PE] analyzing insert size distribution for orientation FF...
[0000][PE] (25, 50, 75) percentile: (48, 85, 151)
[0000][PE] low and high boundaries for computing mean and std.dev: (1, 357)
[0000][PE] mean and std.dev: (92.49, 62.71)
[0000][PE] low and high boundaries for proper pairs: (1, 460)
[0000][PE] analyzing insert size distribution for orientation FR...
[0000][PE] (25, 50, 75) percentile: (95, 139, 196)
[0000][PE] low and high boundaries for computing mean and std.dev: (1, 398)
[0000][PE] mean and std.dev: (152.13, 75.58)
[0000][PE] low and high boundaries for proper pairs: (1, 499)
[0000][PE] analyzing insert size distribution for orientation RF...
[0000][PE] (25, 50, 75) percentile: (94, 266, 950)
[0000][PE] low and high boundaries for computing mean and std.dev: (1, 2662)
[0000][PE] mean and std.dev: (523.53, 585.90)
[0000][PE] low and high boundaries for proper pairs: (1, 3518)
[0000][PE] analyzing insert size distribution for orientation RR...
[0000][PE] (25, 50, 75) percentile: (62, 97, 154)
[0000][PE] low and high boundaries for computing mean and std.dev: (1, 338)
[0000][PE] mean and std.dev: (108.28, 64.62)
[0000][PE] low and high boundaries for proper pairs: (1, 430)
[0000][PE] skip orientation FF
[0000][PE] skip orientation RF
[0000][PE] skip orientation RR
[0000] 3. Calling kt_for - worker_sam
[0000] read_chunk: 400000000, work_chunk_size: 400000020, nseq: 3304674
	[0000][ M::kt_pipeline] read 3304674 sequences (400000020 bp)...
	[0000][ M::mem_process_seqs] Processed 3305324 reads in 564.625 CPU sec, 15.229 real sec
[0000] Calling mem_process_seqs.., task: 78
[0000] 1. Calling kt_for - worker_bwt
[0000] 2. Calling kt_for - worker_aln
[0000] Inferring insert size distribution of PE reads from data, l_pac: 1342662642, n: 3304674
[0000][PE] # candidate unique pairs for (FF, FR, RF, RR): (105, 1158312, 52, 91)
[0000][PE] analyzing insert size distribution for orientation FF...
[0000][PE] (25, 50, 75) percentile: (43, 75, 128)
[0000][PE] low and high boundaries for computing mean and std.dev: (1, 298)
[0000][PE] mean and std.dev: (85.22, 53.71)
[0000][PE] low and high boundaries for proper pairs: (1, 383)
[0000][PE] analyzing insert size distribution for orientation FR...
[0000][PE] (25, 50, 75) percentile: (96, 139, 196)
[0000][PE] low and high boundaries for computing mean and std.dev: (1, 396)
[0000][PE] mean and std.dev: (152.27, 75.43)
[0000][PE] low and high boundaries for proper pairs: (1, 496)
[0000][PE] analyzing insert size distribution for orientation RF...
[0000][PE] (25, 50, 75) percentile: (154, 249, 906)
[0000][PE] low and high boundaries for computing mean and std.dev: (1, 2410)
[0000][PE] mean and std.dev: (433.21, 413.57)
[0000][PE] low and high boundaries for proper pairs: (1, 3162)
[0000][PE] analyzing insert size distribution for orientation RR...
[0000][PE] (25, 50, 75) percentile: (54, 91, 149)
[0000][PE] low and high boundaries for computing mean and std.dev: (1, 339)
[0000][PE] mean and std.dev: (97.52, 64.58)
[0000][PE] low and high boundaries for proper pairs: (1, 434)
[0000][PE] skip orientation FF
[0000][PE] skip orientation RF
[0000][PE] skip orientation RR
[0000] 3. Calling kt_for - worker_sam
	[0000][ M::mem_process_seqs] Processed 3304674 reads in 518.086 CPU sec, 14.046 real sec
[0000] read_chunk: 400000000, work_chunk_size: 400000039, nseq: 3313108
	[0000][ M::kt_pipeline] read 3313108 sequences (400000039 bp)...
[0000] Calling mem_process_seqs.., task: 79
[0000] 1. Calling kt_for - worker_bwt
[0000] 2. Calling kt_for - worker_aln
[0000] Inferring insert size distribution of PE reads from data, l_pac: 1342662642, n: 3313108
[0000][PE] # candidate unique pairs for (FF, FR, RF, RR): (124, 1179832, 33, 101)
[0000][PE] analyzing insert size distribution for orientation FF...
[0000][PE] (25, 50, 75) percentile: (65, 121, 180)
[0000][PE] low and high boundaries for computing mean and std.dev: (1, 410)
[0000][PE] mean and std.dev: (118.89, 75.99)
[0000][PE] low and high boundaries for proper pairs: (1, 525)
[0000][PE] analyzing insert size distribution for orientation FR...
[0000][PE] (25, 50, 75) percentile: (95, 139, 196)
[0000][PE] low and high boundaries for computing mean and std.dev: (1, 398)
[0000][PE] mean and std.dev: (152.03, 75.67)
[0000][PE] low and high boundaries for proper pairs: (1, 499)
[0000][PE] analyzing insert size distribution for orientation RF...
[0000][PE] (25, 50, 75) percentile: (140, 400, 784)
[0000][PE] low and high boundaries for computing mean and std.dev: (1, 2072)
[0000][PE] mean and std.dev: (481.00, 440.96)
[0000][PE] low and high boundaries for proper pairs: (1, 2716)
[0000][PE] analyzing insert size distribution for orientation RR...
[0000][PE] (25, 50, 75) percentile: (63, 106, 169)
[0000][PE] low and high boundaries for computing mean and std.dev: (1, 381)
[0000][PE] mean and std.dev: (108.60, 70.45)
[0000][PE] low and high boundaries for proper pairs: (1, 487)
[0000][PE] skip orientation FF
[0000][PE] skip orientation RF
[0000][PE] skip orientation RR
[0000] 3. Calling kt_for - worker_sam
[0000] read_chunk: 400000000, work_chunk_size: 400000047, nseq: 3299818
	[0000][ M::kt_pipeline] read 3299818 sequences (400000047 bp)...
	[0000][ M::mem_process_seqs] Processed 3313108 reads in 502.710 CPU sec, 13.691 real sec
[0000] Calling mem_process_seqs.., task: 80
[0000] 1. Calling kt_for - worker_bwt
[0000] 2. Calling kt_for - worker_aln
[0000] Inferring insert size distribution of PE reads from data, l_pac: 1342662642, n: 3299818
[0000][PE] # candidate unique pairs for (FF, FR, RF, RR): (78, 1121174, 43, 95)
[0000][PE] analyzing insert size distribution for orientation FF...
[0000][PE] (25, 50, 75) percentile: (60, 99, 161)
[0000][PE] low and high boundaries for computing mean and std.dev: (1, 363)
[0000][PE] mean and std.dev: (111.61, 71.76)
[0000][PE] low and high boundaries for proper pairs: (1, 464)
[0000][PE] analyzing insert size distribution for orientation FR...
[0000][PE] (25, 50, 75) percentile: (95, 139, 195)
[0000][PE] low and high boundaries for computing mean and std.dev: (1, 395)
[0000][PE] mean and std.dev: (151.76, 75.19)
[0000][PE] low and high boundaries for proper pairs: (1, 495)
[0000][PE] analyzing insert size distribution for orientation RF...
[0000][PE] (25, 50, 75) percentile: (159, 281, 623)
[0000][PE] low and high boundaries for computing mean and std.dev: (1, 1551)
[0000][PE] mean and std.dev: (344.67, 249.84)
[0000][PE] low and high boundaries for proper pairs: (1, 2015)
[0000][PE] analyzing insert size distribution for orientation RR...
[0000][PE] (25, 50, 75) percentile: (63, 108, 157)
[0000][PE] low and high boundaries for computing mean and std.dev: (1, 345)
[0000][PE] mean and std.dev: (105.25, 63.81)
[0000][PE] low and high boundaries for proper pairs: (1, 439)
[0000][PE] skip orientation FF
[0000][PE] skip orientation RF
[0000][PE] skip orientation RR
[0000] 3. Calling kt_for - worker_sam
[0000] read_chunk: 400000000, work_chunk_size: 400000119, nseq: 3311628
	[0000][ M::kt_pipeline] read 3311628 sequences (400000119 bp)...
	[0000][ M::mem_process_seqs] Processed 3299818 reads in 607.752 CPU sec, 16.111 real sec
[0000] Calling mem_process_seqs.., task: 81
[0000] 1. Calling kt_for - worker_bwt
[0000] 2. Calling kt_for - worker_aln
[0000] Inferring insert size distribution of PE reads from data, l_pac: 1342662642, n: 3311628
[0000][PE] # candidate unique pairs for (FF, FR, RF, RR): (110, 1175380, 33, 124)
[0000][PE] analyzing insert size distribution for orientation FF...
[0000][PE] (25, 50, 75) percentile: (64, 103, 136)
[0000][PE] low and high boundaries for computing mean and std.dev: (1, 280)
[0000][PE] mean and std.dev: (96.40, 49.83)
[0000][PE] low and high boundaries for proper pairs: (1, 352)
[0000][PE] analyzing insert size distribution for orientation FR...
[0000][PE] (25, 50, 75) percentile: (95, 139, 196)
[0000][PE] low and high boundaries for computing mean and std.dev: (1, 398)
[0000][PE] mean and std.dev: (151.96, 75.76)
[0000][PE] low and high boundaries for proper pairs: (1, 499)
[0000][PE] analyzing insert size distribution for orientation RF...
[0000][PE] (25, 50, 75) percentile: (124, 278, 639)
[0000][PE] low and high boundaries for computing mean and std.dev: (1, 1669)
[0000][PE] mean and std.dev: (345.77, 292.58)
[0000][PE] low and high boundaries for proper pairs: (1, 2184)
[0000][PE] analyzing insert size distribution for orientation RR...
[0000][PE] (25, 50, 75) percentile: (56, 91, 150)
[0000][PE] low and high boundaries for computing mean and std.dev: (1, 338)
[0000][PE] mean and std.dev: (101.97, 66.95)
[0000][PE] low and high boundaries for proper pairs: (1, 432)
[0000][PE] skip orientation FF
[0000][PE] skip orientation RF
[0000][PE] skip orientation RR
[0000] 3. Calling kt_for - worker_sam
	[0000][ M::mem_process_seqs] Processed 3311628 reads in 522.721 CPU sec, 14.275 real sec
[0000] read_chunk: 400000000, work_chunk_size: 400000157, nseq: 3305746
	[0000][ M::kt_pipeline] read 3305746 sequences (400000157 bp)...
[0000] Calling mem_process_seqs.., task: 82
[0000] 1. Calling kt_for - worker_bwt
[0000] 2. Calling kt_for - worker_aln
[0024] Re-allocating (doubling) seqBufRefs in mem_chain2aln_across_reads_V2 (right)
[0027] Re-allocating (doubling) seqBufRefs in mem_chain2aln_across_reads_V2 (left)
[0024] Re-allocating (doubling) seqBufRefs in mem_chain2aln_across_reads_V2 (right)
[0028] Re-allocating (doubling) seqBufRefs in mem_chain2aln_across_reads_V2 (left)
[0027] Re-allocating (doubling) seqBufRefs in mem_chain2aln_across_reads_V2 (left)
[0025] Re-allocating (doubling) seqBufRefs in mem_chain2aln_across_reads_V2 (left)
[0028] Re-allocating (doubling) seqBufRefs in mem_chain2aln_across_reads_V2 (left)
[0029] Re-allocating (doubling) seqBufRefs in mem_chain2aln_across_reads_V2 (right)
[0029] Re-allocating (doubling) seqBufRefs in mem_chain2aln_across_reads_V2 (right)
[0025] Re-allocating (doubling) seqBufRefs in mem_chain2aln_across_reads_V2 (left)
[0026] Re-allocating (doubling) seqBufRefs in mem_chain2aln_across_reads_V2 (right)
[0027] Re-allocating (doubling) seqBufRefs in mem_chain2aln_across_reads_V2 (left)
[0024] Re-allocating (doubling) seqBufRefs in mem_chain2aln_across_reads_V2 (right)
[0026] Re-allocating (doubling) seqBufRefs in mem_chain2aln_across_reads_V2 (right)
[0021] Re-allocating (doubling) seqBufRefs in mem_chain2aln_across_reads_V2 (right)
[0000] read_chunk: 400000000, work_chunk_size: 400000203, nseq: 3304772
	[0000][ M::kt_pipeline] read 3304772 sequences (400000203 bp)...
[0000] Inferring insert size distribution of PE reads from data, l_pac: 1342662642, n: 3305746
[0000][PE] # candidate unique pairs for (FF, FR, RF, RR): (96, 1159392, 40, 84)
[0000][PE] analyzing insert size distribution for orientation FF...
[0000][PE] (25, 50, 75) percentile: (61, 106, 152)
[0000][PE] low and high boundaries for computing mean and std.dev: (1, 334)
[0000][PE] mean and std.dev: (105.25, 59.16)
[0000][PE] low and high boundaries for proper pairs: (1, 425)
[0000][PE] analyzing insert size distribution for orientation FR...
[0000][PE] (25, 50, 75) percentile: (95, 139, 196)
[0000][PE] low and high boundaries for computing mean and std.dev: (1, 398)
[0000][PE] mean and std.dev: (152.06, 75.70)
[0000][PE] low and high boundaries for proper pairs: (1, 499)
[0000][PE] analyzing insert size distribution for orientation RF...
[0000][PE] (25, 50, 75) percentile: (238, 382, 789)
[0000][PE] low and high boundaries for computing mean and std.dev: (1, 1891)
[0000][PE] mean and std.dev: (434.35, 325.12)
[0000][PE] low and high boundaries for proper pairs: (1, 2442)
[0000][PE] analyzing insert size distribution for orientation RR...
[0000][PE] (25, 50, 75) percentile: (61, 99, 164)
[0000][PE] low and high boundaries for computing mean and std.dev: (1, 370)
[0000][PE] mean and std.dev: (105.99, 67.41)
[0000][PE] low and high boundaries for proper pairs: (1, 473)
[0000][PE] skip orientation FF
[0000][PE] skip orientation RF
[0000][PE] skip orientation RR
[0000] 3. Calling kt_for - worker_sam
	[0000][ M::mem_process_seqs] Processed 3305746 reads in 547.401 CPU sec, 17.752 real sec
[0000] Calling mem_process_seqs.., task: 83
[0000] 1. Calling kt_for - worker_bwt
[0000] 2. Calling kt_for - worker_aln
[0000] Inferring insert size distribution of PE reads from data, l_pac: 1342662642, n: 3304772
[0000][PE] # candidate unique pairs for (FF, FR, RF, RR): (109, 1173341, 19, 109)
[0000][PE] analyzing insert size distribution for orientation FF...
[0000][PE] (25, 50, 75) percentile: (63, 95, 141)
[0000][PE] low and high boundaries for computing mean and std.dev: (1, 297)
[0000][PE] mean and std.dev: (98.27, 54.43)
[0000][PE] low and high boundaries for proper pairs: (1, 375)
[0000][PE] analyzing insert size distribution for orientation FR...
[0000][PE] (25, 50, 75) percentile: (96, 139, 196)
[0000][PE] low and high boundaries for computing mean and std.dev: (1, 396)
[0000][PE] mean and std.dev: (152.14, 75.43)
[0000][PE] low and high boundaries for proper pairs: (1, 496)
[0000][PE] analyzing insert size distribution for orientation RF...
[0000][PE] (25, 50, 75) percentile: (190, 275, 602)
[0000][PE] low and high boundaries for computing mean and std.dev: (1, 1426)
[0000][PE] mean and std.dev: (345.18, 345.75)
[0000][PE] low and high boundaries for proper pairs: (1, 1838)
[0000][PE] analyzing insert size distribution for orientation RR...
[0000][PE] (25, 50, 75) percentile: (57, 93, 143)
[0000][PE] low and high boundaries for computing mean and std.dev: (1, 315)
[0000][PE] mean and std.dev: (102.19, 65.02)
[0000][PE] low and high boundaries for proper pairs: (1, 401)
[0000][PE] skip orientation FF
[0000][PE] skip orientation RF
[0000][PE] skip orientation RR
[0000] 3. Calling kt_for - worker_sam
	[0000][ M::mem_process_seqs] Processed 3304772 reads in 519.350 CPU sec, 14.198 real sec
[0000] read_chunk: 400000000, work_chunk_size: 400000091, nseq: 3303754
	[0000][ M::kt_pipeline] read 3303754 sequences (400000091 bp)...
[0000] Calling mem_process_seqs.., task: 84
[0000] 1. Calling kt_for - worker_bwt
[0000] 2. Calling kt_for - worker_aln
[0000] Inferring insert size distribution of PE reads from data, l_pac: 1342662642, n: 3303754
[0000][PE] # candidate unique pairs for (FF, FR, RF, RR): (87, 1149652, 31, 97)
[0000][PE] analyzing insert size distribution for orientation FF...
[0000][PE] (25, 50, 75) percentile: (58, 89, 148)
[0000][PE] low and high boundaries for computing mean and std.dev: (1, 328)
[0000][PE] mean and std.dev: (100.82, 63.56)
[0000][PE] low and high boundaries for proper pairs: (1, 418)
[0000][PE] analyzing insert size distribution for orientation FR...
[0000][PE] (25, 50, 75) percentile: (95, 139, 196)
[0000][PE] low and high boundaries for computing mean and std.dev: (1, 398)
[0000][PE] mean and std.dev: (152.12, 75.67)
[0000][PE] low and high boundaries for proper pairs: (1, 499)
[0000][PE] analyzing insert size distribution for orientation RF...
[0000][PE] (25, 50, 75) percentile: (81, 177, 406)
[0000][PE] low and high boundaries for computing mean and std.dev: (1, 1056)
[0000][PE] mean and std.dev: (220.80, 171.10)
[0000][PE] low and high boundaries for proper pairs: (1, 1381)
[0000][PE] analyzing insert size distribution for orientation RR...
[0000][PE] (25, 50, 75) percentile: (54, 92, 164)
[0000][PE] low and high boundaries for computing mean and std.dev: (1, 384)
[0000][PE] mean and std.dev: (98.44, 62.16)
[0000][PE] low and high boundaries for proper pairs: (1, 494)
[0000][PE] skip orientation FF
[0000][PE] skip orientation RF
[0000][PE] skip orientation RR
[0000] 3. Calling kt_for - worker_sam
[0000] read_chunk: 400000000, work_chunk_size: 400000035, nseq: 3319048
	[0000][ M::kt_pipeline] read 3319048 sequences (400000035 bp)...
	[0000][ M::mem_process_seqs] Processed 3303754 reads in 518.319 CPU sec, 14.121 real sec
[0000] Calling mem_process_seqs.., task: 85
[0000] 1. Calling kt_for - worker_bwt
[0000] 2. Calling kt_for - worker_aln
[0000] Inferring insert size distribution of PE reads from data, l_pac: 1342662642, n: 3319048
[0000][PE] # candidate unique pairs for (FF, FR, RF, RR): (130, 1190258, 23, 108)
[0000][PE] analyzing insert size distribution for orientation FF...
[0000][PE] (25, 50, 75) percentile: (65, 105, 160)
[0000][PE] low and high boundaries for computing mean and std.dev: (1, 350)
[0000][PE] mean and std.dev: (110.81, 69.13)
[0000][PE] low and high boundaries for proper pairs: (1, 445)
[0000][PE] analyzing insert size distribution for orientation FR...
[0000][PE] (25, 50, 75) percentile: (95, 139, 195)
[0000][PE] low and high boundaries for computing mean and std.dev: (1, 395)
[0000][PE] mean and std.dev: (151.60, 75.35)
[0000][PE] low and high boundaries for proper pairs: (1, 495)
[0000][PE] analyzing insert size distribution for orientation RF...
[0000][PE] (25, 50, 75) percentile: (155, 206, 681)
[0000][PE] low and high boundaries for computing mean and std.dev: (1, 1733)
[0000][PE] mean and std.dev: (295.16, 248.01)
[0000][PE] low and high boundaries for proper pairs: (1, 2259)
[0000][PE] analyzing insert size distribution for orientation RR...
[0000][PE] (25, 50, 75) percentile: (78, 110, 170)
[0000][PE] low and high boundaries for computing mean and std.dev: (1, 354)
[0000][PE] mean and std.dev: (116.41, 65.58)
[0000][PE] low and high boundaries for proper pairs: (1, 446)
[0000][PE] skip orientation FF
[0000][PE] skip orientation RF
[0000][PE] skip orientation RR
[0000] 3. Calling kt_for - worker_sam
	[0000][ M::mem_process_seqs] Processed 3319048 reads in 479.386 CPU sec, 13.031 real sec
[0000] read_chunk: 400000000, work_chunk_size: 400000015, nseq: 3296648
	[0000][ M::kt_pipeline] read 3296648 sequences (400000015 bp)...
[0000] Calling mem_process_seqs.., task: 86
[0000] 1. Calling kt_for - worker_bwt
[0000] 2. Calling kt_for - worker_aln
[0000] Inferring insert size distribution of PE reads from data, l_pac: 1342662642, n: 3296648
[0000][PE] # candidate unique pairs for (FF, FR, RF, RR): (107, 1149053, 26, 103)
[0000][PE] analyzing insert size distribution for orientation FF...
[0000][PE] (25, 50, 75) percentile: (54, 87, 176)
[0000][PE] low and high boundaries for computing mean and std.dev: (1, 420)
[0000][PE] mean and std.dev: (109.93, 81.50)
[0000][PE] low and high boundaries for proper pairs: (1, 542)
[0000][PE] analyzing insert size distribution for orientation FR...
[0000][PE] (25, 50, 75) percentile: (96, 139, 196)
[0000][PE] low and high boundaries for computing mean and std.dev: (1, 396)
[0000][PE] mean and std.dev: (152.20, 75.47)
[0000][PE] low and high boundaries for proper pairs: (1, 496)
[0000][PE] analyzing insert size distribution for orientation RF...
[0000][PE] (25, 50, 75) percentile: (137, 411, 576)
[0000][PE] low and high boundaries for computing mean and std.dev: (1, 1454)
[0000][PE] mean and std.dev: (303.10, 201.12)
[0000][PE] low and high boundaries for proper pairs: (1, 1893)
[0000][PE] analyzing insert size distribution for orientation RR...
[0000][PE] (25, 50, 75) percentile: (61, 95, 153)
[0000][PE] low and high boundaries for computing mean and std.dev: (1, 337)
[0000][PE] mean and std.dev: (97.66, 49.83)
[0000][PE] low and high boundaries for proper pairs: (1, 429)
[0000][PE] skip orientation FF
[0000][PE] skip orientation RF
[0000][PE] skip orientation RR
[0000] 3. Calling kt_for - worker_sam
[0000] read_chunk: 400000000, work_chunk_size: 400000003, nseq: 3319230
	[0000][ M::kt_pipeline] read 3319230 sequences (400000003 bp)...
	[0000][ M::mem_process_seqs] Processed 3296648 reads in 589.031 CPU sec, 15.739 real sec
[0000] Calling mem_process_seqs.., task: 87
[0000] 1. Calling kt_for - worker_bwt
[0000] 2. Calling kt_for - worker_aln
[0000] Inferring insert size distribution of PE reads from data, l_pac: 1342662642, n: 3319230
[0000][PE] # candidate unique pairs for (FF, FR, RF, RR): (100, 1185506, 34, 106)
[0000][PE] analyzing insert size distribution for orientation FF...
[0000][PE] (25, 50, 75) percentile: (54, 82, 143)
[0000][PE] low and high boundaries for computing mean and std.dev: (1, 321)
[0000][PE] mean and std.dev: (91.31, 60.79)
[0000][PE] low and high boundaries for proper pairs: (1, 410)
[0000][PE] analyzing insert size distribution for orientation FR...
[0000][PE] (25, 50, 75) percentile: (95, 139, 196)
[0000][PE] low and high boundaries for computing mean and std.dev: (1, 398)
[0000][PE] mean and std.dev: (151.76, 75.73)
[0000][PE] low and high boundaries for proper pairs: (1, 499)
[0000][PE] analyzing insert size distribution for orientation RF...
[0000][PE] (25, 50, 75) percentile: (68, 291, 526)
[0000][PE] low and high boundaries for computing mean and std.dev: (1, 1442)
[0000][PE] mean and std.dev: (367.64, 368.38)
[0000][PE] low and high boundaries for proper pairs: (1, 1900)
[0000][PE] analyzing insert size distribution for orientation RR...
[0000][PE] (25, 50, 75) percentile: (57, 93, 151)
[0000][PE] low and high boundaries for computing mean and std.dev: (1, 339)
[0000][PE] mean and std.dev: (100.16, 63.12)
[0000][PE] low and high boundaries for proper pairs: (1, 433)
[0000][PE] skip orientation FF
[0000][PE] skip orientation RF
[0000][PE] skip orientation RR
[0000] 3. Calling kt_for - worker_sam
	[0000][ M::mem_process_seqs] Processed 3319230 reads in 506.086 CPU sec, 14.041 real sec
[0000] read_chunk: 400000000, work_chunk_size: 400000260, nseq: 3295320
	[0000][ M::kt_pipeline] read 3295320 sequences (400000260 bp)...
[0000] Calling mem_process_seqs.., task: 88
[0000] 1. Calling kt_for - worker_bwt
[0000] 2. Calling kt_for - worker_aln
[0000] Inferring insert size distribution of PE reads from data, l_pac: 1342662642, n: 3295320
[0000][PE] # candidate unique pairs for (FF, FR, RF, RR): (84, 1120569, 23, 113)
[0000][PE] analyzing insert size distribution for orientation FF...
[0000][PE] (25, 50, 75) percentile: (49, 81, 132)
[0000][PE] low and high boundaries for computing mean and std.dev: (1, 298)
[0000][PE] mean and std.dev: (92.71, 55.73)
[0000][PE] low and high boundaries for proper pairs: (1, 381)
[0000][PE] analyzing insert size distribution for orientation FR...
[0000][PE] (25, 50, 75) percentile: (96, 139, 196)
[0000][PE] low and high boundaries for computing mean and std.dev: (1, 396)
[0000][PE] mean and std.dev: (152.12, 75.47)
[0000][PE] low and high boundaries for proper pairs: (1, 496)
[0000][PE] analyzing insert size distribution for orientation RF...
[0000][PE] (25, 50, 75) percentile: (135, 190, 777)
[0000][PE] low and high boundaries for computing mean and std.dev: (1, 2061)
[0000][PE] mean and std.dev: (301.16, 311.84)
[0000][PE] low and high boundaries for proper pairs: (1, 2703)
[0000][PE] analyzing insert size distribution for orientation RR...
[0000][PE] (25, 50, 75) percentile: (48, 98, 143)
[0000][PE] low and high boundaries for computing mean and std.dev: (1, 333)
[0000][PE] mean and std.dev: (103.40, 68.41)
[0000][PE] low and high boundaries for proper pairs: (1, 428)
[0000][PE] skip orientation FF
[0000][PE] skip orientation RF
[0000][PE] skip orientation RR
[0000] 3. Calling kt_for - worker_sam
[0000] read_chunk: 400000000, work_chunk_size: 400000185, nseq: 3301954
	[0000][ M::kt_pipeline] read 3301954 sequences (400000185 bp)...
	[0000][ M::mem_process_seqs] Processed 3295320 reads in 604.005 CPU sec, 16.588 real sec
[0000] Calling mem_process_seqs.., task: 89
[0000] 1. Calling kt_for - worker_bwt
[0000] 2. Calling kt_for - worker_aln
[0000] Inferring insert size distribution of PE reads from data, l_pac: 1342662642, n: 3301954
[0000][PE] # candidate unique pairs for (FF, FR, RF, RR): (80, 1157390, 87, 109)
[0000][PE] analyzing insert size distribution for orientation FF...
[0000][PE] (25, 50, 75) percentile: (59, 86, 144)
[0000][PE] low and high boundaries for computing mean and std.dev: (1, 314)
[0000][PE] mean and std.dev: (91.33, 54.60)
[0000][PE] low and high boundaries for proper pairs: (1, 399)
[0000][PE] analyzing insert size distribution for orientation FR...
[0000][PE] (25, 50, 75) percentile: (95, 139, 196)
[0000][PE] low and high boundaries for computing mean and std.dev: (1, 398)
[0000][PE] mean and std.dev: (151.95, 75.70)
[0000][PE] low and high boundaries for proper pairs: (1, 499)
[0000][PE] analyzing insert size distribution for orientation RF...
[0000][PE] (25, 50, 75) percentile: (116, 137, 319)
[0000][PE] low and high boundaries for computing mean and std.dev: (1, 725)
[0000][PE] mean and std.dev: (179.42, 147.37)
[0000][PE] low and high boundaries for proper pairs: (1, 928)
[0000][PE] analyzing insert size distribution for orientation RR...
[0000][PE] (25, 50, 75) percentile: (67, 96, 160)
[0000][PE] low and high boundaries for computing mean and std.dev: (1, 346)
[0000][PE] mean and std.dev: (106.69, 57.32)
[0000][PE] low and high boundaries for proper pairs: (1, 439)
[0000][PE] skip orientation FF
[0000][PE] skip orientation RF
[0000][PE] skip orientation RR
[0000] 3. Calling kt_for - worker_sam
[0000] read_chunk: 400000000, work_chunk_size: 400000141, nseq: 3316678
	[0000][ M::kt_pipeline] read 3316678 sequences (400000141 bp)...
	[0000][ M::mem_process_seqs] Processed 3301954 reads in 532.805 CPU sec, 14.528 real sec
[0000] Calling mem_process_seqs.., task: 90
[0000] 1. Calling kt_for - worker_bwt
[0000] 2. Calling kt_for - worker_aln
[0000] Inferring insert size distribution of PE reads from data, l_pac: 1342662642, n: 3316678
[0000][PE] # candidate unique pairs for (FF, FR, RF, RR): (94, 1162533, 52, 107)
[0000][PE] analyzing insert size distribution for orientation FF...
[0000][PE] (25, 50, 75) percentile: (63, 113, 210)
[0000][PE] low and high boundaries for computing mean and std.dev: (1, 504)
[0000][PE] mean and std.dev: (142.87, 108.49)
[0000][PE] low and high boundaries for proper pairs: (1, 651)
[0000][PE] analyzing insert size distribution for orientation FR...
[0000][PE] (25, 50, 75) percentile: (95, 138, 196)
[0000][PE] low and high boundaries for computing mean and std.dev: (1, 398)
[0000][PE] mean and std.dev: (151.78, 75.73)
[0000][PE] low and high boundaries for proper pairs: (1, 499)
[0000][PE] analyzing insert size distribution for orientation RF...
[0000][PE] (25, 50, 75) percentile: (107, 290, 710)
[0000][PE] low and high boundaries for computing mean and std.dev: (1, 1916)
[0000][PE] mean and std.dev: (350.54, 296.92)
[0000][PE] low and high boundaries for proper pairs: (1, 2519)
[0000][PE] analyzing insert size distribution for orientation RR...
[0000][PE] (25, 50, 75) percentile: (58, 98, 157)
[0000][PE] low and high boundaries for computing mean and std.dev: (1, 355)
[0000][PE] mean and std.dev: (104.17, 65.65)
[0000][PE] low and high boundaries for proper pairs: (1, 454)
[0000][PE] skip orientation FF
[0000][PE] skip orientation RF
[0000][PE] skip orientation RR
[0000] 3. Calling kt_for - worker_sam
[0000] read_chunk: 400000000, work_chunk_size: 400000096, nseq: 3308944
	[0000][ M::kt_pipeline] read 3308944 sequences (400000096 bp)...
	[0000][ M::mem_process_seqs] Processed 3316678 reads in 575.099 CPU sec, 15.818 real sec
[0000] Calling mem_process_seqs.., task: 91
[0000] 1. Calling kt_for - worker_bwt
[0000] 2. Calling kt_for - worker_aln
[0000] Inferring insert size distribution of PE reads from data, l_pac: 1342662642, n: 3308944
[0000][PE] # candidate unique pairs for (FF, FR, RF, RR): (110, 1163737, 32, 116)
[0000][PE] analyzing insert size distribution for orientation FF...
[0000][PE] (25, 50, 75) percentile: (57, 92, 141)
[0000][PE] low and high boundaries for computing mean and std.dev: (1, 309)
[0000][PE] mean and std.dev: (89.58, 55.28)
[0000][PE] low and high boundaries for proper pairs: (1, 393)
[0000][PE] analyzing insert size distribution for orientation FR...
[0000][PE] (25, 50, 75) percentile: (95, 139, 196)
[0000][PE] low and high boundaries for computing mean and std.dev: (1, 398)
[0000][PE] mean and std.dev: (152.15, 75.55)
[0000][PE] low and high boundaries for proper pairs: (1, 499)
[0000][PE] analyzing insert size distribution for orientation RF...
[0000][PE] (25, 50, 75) percentile: (64, 247, 429)
[0000][PE] low and high boundaries for computing mean and std.dev: (1, 1159)
[0000][PE] mean and std.dev: (248.03, 225.80)
[0000][PE] low and high boundaries for proper pairs: (1, 1524)
[0000][PE] analyzing insert size distribution for orientation RR...
[0000][PE] (25, 50, 75) percentile: (71, 106, 156)
[0000][PE] low and high boundaries for computing mean and std.dev: (1, 326)
[0000][PE] mean and std.dev: (104.19, 56.28)
[0000][PE] low and high boundaries for proper pairs: (1, 411)
[0000][PE] skip orientation FF
[0000][PE] skip orientation RF
[0000][PE] skip orientation RR
[0000] 3. Calling kt_for - worker_sam
[0000] read_chunk: 400000000, work_chunk_size: 400000167, nseq: 3311136
	[0000][ M::kt_pipeline] read 3311136 sequences (400000167 bp)...
	[0000][ M::mem_process_seqs] Processed 3308944 reads in 519.095 CPU sec, 14.284 real sec
[0000] Calling mem_process_seqs.., task: 92
[0000] 1. Calling kt_for - worker_bwt
[0000] 2. Calling kt_for - worker_aln
[0000] Inferring insert size distribution of PE reads from data, l_pac: 1342662642, n: 3311136
[0000][PE] # candidate unique pairs for (FF, FR, RF, RR): (104, 1175379, 28, 102)
[0000][PE] analyzing insert size distribution for orientation FF...
[0000][PE] (25, 50, 75) percentile: (52, 93, 138)
[0000][PE] low and high boundaries for computing mean and std.dev: (1, 310)
[0000][PE] mean and std.dev: (97.48, 61.23)
[0000][PE] low and high boundaries for proper pairs: (1, 396)
[0000][PE] analyzing insert size distribution for orientation FR...
[0000][PE] (25, 50, 75) percentile: (95, 139, 196)
[0000][PE] low and high boundaries for computing mean and std.dev: (1, 398)
[0000][PE] mean and std.dev: (151.82, 75.53)
[0000][PE] low and high boundaries for proper pairs: (1, 499)
[0000][PE] analyzing insert size distribution for orientation RF...
[0000][PE] (25, 50, 75) percentile: (120, 183, 384)
[0000][PE] low and high boundaries for computing mean and std.dev: (1, 912)
[0000][PE] mean and std.dev: (234.35, 192.03)
[0000][PE] low and high boundaries for proper pairs: (1, 1176)
[0000][PE] analyzing insert size distribution for orientation RR...
[0000][PE] (25, 50, 75) percentile: (50, 86, 134)
[0000][PE] low and high boundaries for computing mean and std.dev: (1, 302)
[0000][PE] mean and std.dev: (95.04, 61.83)
[0000][PE] low and high boundaries for proper pairs: (1, 386)
[0000][PE] skip orientation FF
[0000][PE] skip orientation RF
[0000][PE] skip orientation RR
[0000] 3. Calling kt_for - worker_sam
	[0000][ M::mem_process_seqs] Processed 3311136 reads in 514.299 CPU sec, 14.070 real sec
[0000] read_chunk: 400000000, work_chunk_size: 400000149, nseq: 3285010
	[0000][ M::kt_pipeline] read 3285010 sequences (400000149 bp)...
[0000] Calling mem_process_seqs.., task: 93
[0000] 1. Calling kt_for - worker_bwt
[0000] 2. Calling kt_for - worker_aln
[0000] Inferring insert size distribution of PE reads from data, l_pac: 1342662642, n: 3285010
[0000][PE] # candidate unique pairs for (FF, FR, RF, RR): (99, 1103400, 23, 83)
[0000][PE] analyzing insert size distribution for orientation FF...
[0000][PE] (25, 50, 75) percentile: (48, 87, 144)
[0000][PE] low and high boundaries for computing mean and std.dev: (1, 336)
[0000][PE] mean and std.dev: (90.78, 62.27)
[0000][PE] low and high boundaries for proper pairs: (1, 432)
[0000][PE] analyzing insert size distribution for orientation FR...
[0000][PE] (25, 50, 75) percentile: (96, 139, 196)
[0000][PE] low and high boundaries for computing mean and std.dev: (1, 396)
[0000][PE] mean and std.dev: (152.08, 75.29)
[0000][PE] low and high boundaries for proper pairs: (1, 496)
[0000][PE] analyzing insert size distribution for orientation RF...
[0000][PE] (25, 50, 75) percentile: (152, 355, 498)
[0000][PE] low and high boundaries for computing mean and std.dev: (1, 1190)
[0000][PE] mean and std.dev: (313.62, 214.19)
[0000][PE] low and high boundaries for proper pairs: (1, 1536)
[0000][PE] analyzing insert size distribution for orientation RR...
[0000][PE] (25, 50, 75) percentile: (54, 90, 141)
[0000][PE] low and high boundaries for computing mean and std.dev: (1, 315)
[0000][PE] mean and std.dev: (98.89, 54.97)
[0000][PE] low and high boundaries for proper pairs: (1, 402)
[0000][PE] skip orientation FF
[0000][PE] skip orientation RF
[0000][PE] skip orientation RR
[0000] 3. Calling kt_for - worker_sam
	[0000][ M::mem_process_seqs] Processed 3285010 reads in 613.828 CPU sec, 21.872 real sec
[0000] read_chunk: 400000000, work_chunk_size: 400000245, nseq: 3313856
	[0000][ M::kt_pipeline] read 3313856 sequences (400000245 bp)...
[0000] Calling mem_process_seqs.., task: 94
[0000] 1. Calling kt_for - worker_bwt
[0000] 2. Calling kt_for - worker_aln
[0000] Inferring insert size distribution of PE reads from data, l_pac: 1342662642, n: 3313856
[0000][PE] # candidate unique pairs for (FF, FR, RF, RR): (96, 1180979, 29, 112)
[0000][PE] analyzing insert size distribution for orientation FF...
[0000][PE] (25, 50, 75) percentile: (45, 80, 128)
[0000][PE] low and high boundaries for computing mean and std.dev: (1, 294)
[0000][PE] mean and std.dev: (88.01, 58.89)
[0000][PE] low and high boundaries for proper pairs: (1, 377)
[0000][PE] analyzing insert size distribution for orientation FR...
[0000][PE] (25, 50, 75) percentile: (95, 139, 196)
[0000][PE] low and high boundaries for computing mean and std.dev: (1, 398)
[0000][PE] mean and std.dev: (151.93, 75.77)
[0000][PE] low and high boundaries for proper pairs: (1, 499)
[0000][PE] analyzing insert size distribution for orientation RF...
[0000][PE] (25, 50, 75) percentile: (218, 447, 1509)
[0000][PE] low and high boundaries for computing mean and std.dev: (1, 4091)
[0000][PE] mean and std.dev: (624.73, 748.21)
[0000][PE] low and high boundaries for proper pairs: (1, 5382)
[0000][PE] analyzing insert size distribution for orientation RR...
[0000][PE] (25, 50, 75) percentile: (56, 100, 141)
[0000][PE] low and high boundaries for computing mean and std.dev: (1, 311)
[0000][PE] mean and std.dev: (101.03, 62.62)
[0000][PE] low and high boundaries for proper pairs: (1, 396)
[0000][PE] skip orientation FF
[0000][PE] skip orientation RF
[0000][PE] skip orientation RR
[0000] 3. Calling kt_for - worker_sam
	[0000][ M::mem_process_seqs] Processed 3313856 reads in 503.410 CPU sec, 13.834 real sec
[0000] read_chunk: 400000000, work_chunk_size: 400000147, nseq: 3316408
	[0000][ M::kt_pipeline] read 3316408 sequences (400000147 bp)...
[0000] Calling mem_process_seqs.., task: 95
[0000] 1. Calling kt_for - worker_bwt
[0000] 2. Calling kt_for - worker_aln
[0000] Inferring insert size distribution of PE reads from data, l_pac: 1342662642, n: 3316408
[0000][PE] # candidate unique pairs for (FF, FR, RF, RR): (102, 1184068, 42, 103)
[0000][PE] analyzing insert size distribution for orientation FF...
[0000][PE] (25, 50, 75) percentile: (59, 87, 127)
[0000][PE] low and high boundaries for computing mean and std.dev: (1, 263)
[0000][PE] mean and std.dev: (93.78, 54.54)
[0000][PE] low and high boundaries for proper pairs: (1, 331)
[0000][PE] analyzing insert size distribution for orientation FR...
[0000][PE] (25, 50, 75) percentile: (95, 138, 195)
[0000][PE] low and high boundaries for computing mean and std.dev: (1, 395)
[0000][PE] mean and std.dev: (151.43, 75.45)
[0000][PE] low and high boundaries for proper pairs: (1, 495)
[0000][PE] analyzing insert size distribution for orientation RF...
[0000][PE] (25, 50, 75) percentile: (154, 285, 483)
[0000][PE] low and high boundaries for computing mean and std.dev: (1, 1141)
[0000][PE] mean and std.dev: (350.57, 290.70)
[0000][PE] low and high boundaries for proper pairs: (1, 1513)
[0000][PE] analyzing insert size distribution for orientation RR...
[0000][PE] (25, 50, 75) percentile: (62, 95, 149)
[0000][PE] low and high boundaries for computing mean and std.dev: (1, 323)
[0000][PE] mean and std.dev: (104.66, 62.52)
[0000][PE] low and high boundaries for proper pairs: (1, 410)
[0000][PE] skip orientation FF
[0000][PE] skip orientation RF
[0000][PE] skip orientation RR
[0000] 3. Calling kt_for - worker_sam
[0000] read_chunk: 400000000, work_chunk_size: 400000004, nseq: 3309108
	[0000][ M::kt_pipeline] read 3309108 sequences (400000004 bp)...
	[0000][ M::mem_process_seqs] Processed 3316408 reads in 515.389 CPU sec, 14.018 real sec
[0000] Calling mem_process_seqs.., task: 96
[0000] 1. Calling kt_for - worker_bwt
[0000] 2. Calling kt_for - worker_aln
[0000] Inferring insert size distribution of PE reads from data, l_pac: 1342662642, n: 3309108
[0000][PE] # candidate unique pairs for (FF, FR, RF, RR): (89, 1178146, 29, 109)
[0000][PE] analyzing insert size distribution for orientation FF...
[0000][PE] (25, 50, 75) percentile: (59, 99, 180)
[0000][PE] low and high boundaries for computing mean and std.dev: (1, 422)
[0000][PE] mean and std.dev: (111.00, 79.64)
[0000][PE] low and high boundaries for proper pairs: (1, 543)
[0000][PE] analyzing insert size distribution for orientation FR...
[0000][PE] (25, 50, 75) percentile: (96, 139, 196)
[0000][PE] low and high boundaries for computing mean and std.dev: (1, 396)
[0000][PE] mean and std.dev: (152.11, 75.49)
[0000][PE] low and high boundaries for proper pairs: (1, 496)
[0000][PE] analyzing insert size distribution for orientation RF...
[0000][PE] (25, 50, 75) percentile: (30, 152, 661)
[0000][PE] low and high boundaries for computing mean and std.dev: (1, 1923)
[0000][PE] mean and std.dev: (287.78, 327.03)
[0000][PE] low and high boundaries for proper pairs: (1, 2554)
[0000][PE] analyzing insert size distribution for orientation RR...
[0000][PE] (25, 50, 75) percentile: (50, 85, 139)
[0000][PE] low and high boundaries for computing mean and std.dev: (1, 317)
[0000][PE] mean and std.dev: (90.30, 58.86)
[0000][PE] low and high boundaries for proper pairs: (1, 406)
[0000][PE] skip orientation FF
[0000][PE] skip orientation RF
[0000][PE] skip orientation RR
[0000] 3. Calling kt_for - worker_sam
	[0000][ M::mem_process_seqs] Processed 3309108 reads in 523.235 CPU sec, 14.109 real sec
[0000] read_chunk: 400000000, work_chunk_size: 400000154, nseq: 3312130
	[0000][ M::kt_pipeline] read 3312130 sequences (400000154 bp)...
[0000] Calling mem_process_seqs.., task: 97
[0000] 1. Calling kt_for - worker_bwt
[0000] 2. Calling kt_for - worker_aln
[0000] Inferring insert size distribution of PE reads from data, l_pac: 1342662642, n: 3312130
[0000][PE] # candidate unique pairs for (FF, FR, RF, RR): (77, 1146288, 36, 76)
[0000][PE] analyzing insert size distribution for orientation FF...
[0000][PE] (25, 50, 75) percentile: (49, 75, 156)
[0000][PE] low and high boundaries for computing mean and std.dev: (1, 370)
[0000][PE] mean and std.dev: (91.16, 63.35)
[0000][PE] low and high boundaries for proper pairs: (1, 477)
[0000][PE] analyzing insert size distribution for orientation FR...
[0000][PE] (25, 50, 75) percentile: (95, 139, 196)
[0000][PE] low and high boundaries for computing mean and std.dev: (1, 398)
[0000][PE] mean and std.dev: (152.09, 75.64)
[0000][PE] low and high boundaries for proper pairs: (1, 499)
[0000][PE] analyzing insert size distribution for orientation RF...
[0000][PE] (25, 50, 75) percentile: (64, 300, 574)
[0000][PE] low and high boundaries for computing mean and std.dev: (1, 1594)
[0000][PE] mean and std.dev: (287.94, 247.59)
[0000][PE] low and high boundaries for proper pairs: (1, 2104)
[0000][PE] analyzing insert size distribution for orientation RR...
[0000][PE] (25, 50, 75) percentile: (53, 92, 164)
[0000][PE] low and high boundaries for computing mean and std.dev: (1, 386)
[0000][PE] mean and std.dev: (103.90, 64.00)
[0000][PE] low and high boundaries for proper pairs: (1, 497)
[0000][PE] skip orientation FF
[0000][PE] skip orientation RF
[0000][PE] skip orientation RR
[0000] 3. Calling kt_for - worker_sam
[0000] read_chunk: 400000000, work_chunk_size: 400000003, nseq: 3304746
	[0000][ M::kt_pipeline] read 3304746 sequences (400000003 bp)...
	[0000][ M::mem_process_seqs] Processed 3312130 reads in 548.643 CPU sec, 14.773 real sec
[0000] Calling mem_process_seqs.., task: 98
[0000] 1. Calling kt_for - worker_bwt
[0000] 2. Calling kt_for - worker_aln
[0000] Inferring insert size distribution of PE reads from data, l_pac: 1342662642, n: 3304746
[0000][PE] # candidate unique pairs for (FF, FR, RF, RR): (101, 1149708, 31, 89)
[0000][PE] analyzing insert size distribution for orientation FF...
[0000][PE] (25, 50, 75) percentile: (53, 106, 226)
[0000][PE] low and high boundaries for computing mean and std.dev: (1, 572)
[0000][PE] mean and std.dev: (110.05, 80.43)
[0000][PE] low and high boundaries for proper pairs: (1, 745)
[0000][PE] analyzing insert size distribution for orientation FR...
[0000][PE] (25, 50, 75) percentile: (95, 139, 196)
[0000][PE] low and high boundaries for computing mean and std.dev: (1, 398)
[0000][PE] mean and std.dev: (152.03, 75.65)
[0000][PE] low and high boundaries for proper pairs: (1, 499)
[0000][PE] analyzing insert size distribution for orientation RF...
[0000][PE] (25, 50, 75) percentile: (111, 297, 806)
[0000][PE] low and high boundaries for computing mean and std.dev: (1, 2196)
[0000][PE] mean and std.dev: (442.17, 469.69)
[0000][PE] low and high boundaries for proper pairs: (1, 2891)
[0000][PE] analyzing insert size distribution for orientation RR...
[0000][PE] (25, 50, 75) percentile: (52, 101, 187)
[0000][PE] low and high boundaries for computing mean and std.dev: (1, 457)
[0000][PE] mean and std.dev: (115.18, 102.05)
[0000][PE] low and high boundaries for proper pairs: (1, 592)
[0000][PE] skip orientation FF
[0000][PE] skip orientation RF
[0000][PE] skip orientation RR
[0000] 3. Calling kt_for - worker_sam
	[0000][ M::mem_process_seqs] Processed 3304746 reads in 537.006 CPU sec, 14.531 real sec
[0000] read_chunk: 400000000, work_chunk_size: 400000191, nseq: 3316718
	[0000][ M::kt_pipeline] read 3316718 sequences (400000191 bp)...
[0000] Calling mem_process_seqs.., task: 99
[0000] 1. Calling kt_for - worker_bwt
[0000] 2. Calling kt_for - worker_aln
[0000] Inferring insert size distribution of PE reads from data, l_pac: 1342662642, n: 3316718
[0000][PE] # candidate unique pairs for (FF, FR, RF, RR): (103, 1187895, 29, 87)
[0000][PE] analyzing insert size distribution for orientation FF...
[0000][PE] (25, 50, 75) percentile: (49, 98, 153)
[0000][PE] low and high boundaries for computing mean and std.dev: (1, 361)
[0000][PE] mean and std.dev: (98.28, 68.74)
[0000][PE] low and high boundaries for proper pairs: (1, 465)
[0000][PE] analyzing insert size distribution for orientation FR...
[0000][PE] (25, 50, 75) percentile: (95, 138, 196)
[0000][PE] low and high boundaries for computing mean and std.dev: (1, 398)
[0000][PE] mean and std.dev: (151.77, 75.74)
[0000][PE] low and high boundaries for proper pairs: (1, 499)
[0000][PE] analyzing insert size distribution for orientation RF...
[0000][PE] (25, 50, 75) percentile: (204, 319, 1423)
[0000][PE] low and high boundaries for computing mean and std.dev: (1, 3861)
[0000][PE] mean and std.dev: (626.15, 642.69)
[0000][PE] low and high boundaries for proper pairs: (1, 5080)
[0000][PE] analyzing insert size distribution for orientation RR...
[0000][PE] (25, 50, 75) percentile: (57, 114, 175)
[0000][PE] low and high boundaries for computing mean and std.dev: (1, 411)
[0000][PE] mean and std.dev: (120.32, 79.15)
[0000][PE] low and high boundaries for proper pairs: (1, 529)
[0000][PE] skip orientation FF
[0000][PE] skip orientation RF
[0000][PE] skip orientation RR
[0000] 3. Calling kt_for - worker_sam
	[0000][ M::mem_process_seqs] Processed 3316718 reads in 493.922 CPU sec, 13.641 real sec
[0000] read_chunk: 400000000, work_chunk_size: 400000032, nseq: 3306964
	[0000][ M::kt_pipeline] read 3306964 sequences (400000032 bp)...
[0000] Calling mem_process_seqs.., task: 100
[0000] 1. Calling kt_for - worker_bwt
[0000] 2. Calling kt_for - worker_aln
[0000] Inferring insert size distribution of PE reads from data, l_pac: 1342662642, n: 3306964
[0000][PE] # candidate unique pairs for (FF, FR, RF, RR): (112, 1165722, 15, 105)
[0000][PE] analyzing insert size distribution for orientation FF...
[0000][PE] (25, 50, 75) percentile: (54, 77, 140)
[0000][PE] low and high boundaries for computing mean and std.dev: (1, 312)
[0000][PE] mean and std.dev: (99.80, 65.17)
[0000][PE] low and high boundaries for proper pairs: (1, 398)
[0000][PE] analyzing insert size distribution for orientation FR...
[0000][PE] (25, 50, 75) percentile: (95, 139, 196)
[0000][PE] low and high boundaries for computing mean and std.dev: (1, 398)
[0000][PE] mean and std.dev: (152.12, 75.70)
[0000][PE] low and high boundaries for proper pairs: (1, 499)
[0000][PE] analyzing insert size distribution for orientation RF...
[0000][PE] (25, 50, 75) percentile: (91, 144, 222)
[0000][PE] low and high boundaries for computing mean and std.dev: (1, 484)
[0000][PE] mean and std.dev: (130.46, 100.13)
[0000][PE] low and high boundaries for proper pairs: (1, 615)
[0000][PE] analyzing insert size distribution for orientation RR...
[0000][PE] (25, 50, 75) percentile: (59, 101, 152)
[0000][PE] low and high boundaries for computing mean and std.dev: (1, 338)
[0000][PE] mean and std.dev: (99.15, 56.17)
[0000][PE] low and high boundaries for proper pairs: (1, 431)
[0000][PE] skip orientation FF
[0000][PE] skip orientation RF
[0000][PE] skip orientation RR
[0000] 3. Calling kt_for - worker_sam
	[0000][ M::mem_process_seqs] Processed 3306964 reads in 517.259 CPU sec, 14.085 real sec
[0000] read_chunk: 400000000, work_chunk_size: 400000110, nseq: 3303792
	[0000][ M::kt_pipeline] read 3303792 sequences (400000110 bp)...
[0000] Calling mem_process_seqs.., task: 101
[0000] 1. Calling kt_for - worker_bwt
[0000] 2. Calling kt_for - worker_aln
[0000] Inferring insert size distribution of PE reads from data, l_pac: 1342662642, n: 3303792
[0000][PE] # candidate unique pairs for (FF, FR, RF, RR): (106, 1134199, 31, 87)
[0000][PE] analyzing insert size distribution for orientation FF...
[0000][PE] (25, 50, 75) percentile: (64, 95, 146)
[0000][PE] low and high boundaries for computing mean and std.dev: (1, 310)
[0000][PE] mean and std.dev: (99.33, 55.28)
[0000][PE] low and high boundaries for proper pairs: (1, 392)
[0000][PE] analyzing insert size distribution for orientation FR...
[0000][PE] (25, 50, 75) percentile: (96, 139, 196)
[0000][PE] low and high boundaries for computing mean and std.dev: (1, 396)
[0000][PE] mean and std.dev: (152.16, 75.25)
[0000][PE] low and high boundaries for proper pairs: (1, 496)
[0000][PE] analyzing insert size distribution for orientation RF...
[0000][PE] (25, 50, 75) percentile: (192, 286, 731)
[0000][PE] low and high boundaries for computing mean and std.dev: (1, 1809)
[0000][PE] mean and std.dev: (431.24, 412.34)
[0000][PE] low and high boundaries for proper pairs: (1, 2348)
[0000][PE] analyzing insert size distribution for orientation RR...
[0000][PE] (25, 50, 75) percentile: (55, 78, 136)
[0000][PE] low and high boundaries for computing mean and std.dev: (1, 298)
[0000][PE] mean and std.dev: (86.81, 50.96)
[0000][PE] low and high boundaries for proper pairs: (1, 379)
[0000][PE] skip orientation FF
[0000][PE] skip orientation RF
[0000][PE] skip orientation RR
[0000] 3. Calling kt_for - worker_sam
[0000] read_chunk: 400000000, work_chunk_size: 400000000, nseq: 3298748
	[0000][ M::kt_pipeline] read 3298748 sequences (400000000 bp)...
	[0000][ M::mem_process_seqs] Processed 3303792 reads in 552.208 CPU sec, 15.099 real sec
[0000] Calling mem_process_seqs.., task: 102
[0000] 1. Calling kt_for - worker_bwt
[0000] 2. Calling kt_for - worker_aln
[0000] Inferring insert size distribution of PE reads from data, l_pac: 1342662642, n: 3298748
[0000][PE] # candidate unique pairs for (FF, FR, RF, RR): (114, 1152485, 44, 89)
[0000][PE] analyzing insert size distribution for orientation FF...
[0000][PE] (25, 50, 75) percentile: (57, 86, 133)
[0000][PE] low and high boundaries for computing mean and std.dev: (1, 285)
[0000][PE] mean and std.dev: (96.64, 54.92)
[0000][PE] low and high boundaries for proper pairs: (1, 361)
[0000][PE] analyzing insert size distribution for orientation FR...
[0000][PE] (25, 50, 75) percentile: (95, 139, 196)
[0000][PE] low and high boundaries for computing mean and std.dev: (1, 398)
[0000][PE] mean and std.dev: (151.89, 75.58)
[0000][PE] low and high boundaries for proper pairs: (1, 499)
[0000][PE] analyzing insert size distribution for orientation RF...
[0000][PE] (25, 50, 75) percentile: (138, 169, 226)
[0000][PE] low and high boundaries for computing mean and std.dev: (1, 402)
[0000][PE] mean and std.dev: (165.03, 62.71)
[0000][PE] low and high boundaries for proper pairs: (1, 490)
[0000][PE] analyzing insert size distribution for orientation RR...
[0000][PE] (25, 50, 75) percentile: (58, 96, 153)
[0000][PE] low and high boundaries for computing mean and std.dev: (1, 343)
[0000][PE] mean and std.dev: (101.28, 65.14)
[0000][PE] low and high boundaries for proper pairs: (1, 438)
[0000][PE] skip orientation FF
[0000][PE] skip orientation RF
[0000][PE] skip orientation RR
[0000] 3. Calling kt_for - worker_sam
[0000] read_chunk: 400000000, work_chunk_size: 400000135, nseq: 3305802
	[0000][ M::kt_pipeline] read 3305802 sequences (400000135 bp)...
	[0000][ M::mem_process_seqs] Processed 3298748 reads in 602.000 CPU sec, 16.307 real sec
[0000] Calling mem_process_seqs.., task: 103
[0000] 1. Calling kt_for - worker_bwt
[0000] 2. Calling kt_for - worker_aln
[0000] Inferring insert size distribution of PE reads from data, l_pac: 1342662642, n: 3305802
[0000][PE] # candidate unique pairs for (FF, FR, RF, RR): (95, 1162212, 28, 126)
[0000][PE] analyzing insert size distribution for orientation FF...
[0000][PE] (25, 50, 75) percentile: (58, 83, 161)
[0000][PE] low and high boundaries for computing mean and std.dev: (1, 367)
[0000][PE] mean and std.dev: (110.64, 77.63)
[0000][PE] low and high boundaries for proper pairs: (1, 470)
[0000][PE] analyzing insert size distribution for orientation FR...
[0000][PE] (25, 50, 75) percentile: (95, 139, 196)
[0000][PE] low and high boundaries for computing mean and std.dev: (1, 398)
[0000][PE] mean and std.dev: (152.19, 75.77)
[0000][PE] low and high boundaries for proper pairs: (1, 499)
[0000][PE] analyzing insert size distribution for orientation RF...
[0000][PE] (25, 50, 75) percentile: (122, 268, 502)
[0000][PE] low and high boundaries for computing mean and std.dev: (1, 1262)
[0000][PE] mean and std.dev: (279.50, 259.15)
[0000][PE] low and high boundaries for proper pairs: (1, 1642)
[0000][PE] analyzing insert size distribution for orientation RR...
[0000][PE] (25, 50, 75) percentile: (51, 113, 153)
[0000][PE] low and high boundaries for computing mean and std.dev: (1, 357)
[0000][PE] mean and std.dev: (109.93, 70.32)
[0000][PE] low and high boundaries for proper pairs: (1, 459)
[0000][PE] skip orientation FF
[0000][PE] skip orientation RF
[0000][PE] skip orientation RR
[0000] 3. Calling kt_for - worker_sam
	[0000][ M::mem_process_seqs] Processed 3305802 reads in 546.514 CPU sec, 14.957 real sec
[0000] read_chunk: 400000000, work_chunk_size: 400000111, nseq: 3304356
	[0000][ M::kt_pipeline] read 3304356 sequences (400000111 bp)...
[0000] Calling mem_process_seqs.., task: 104
[0000] 1. Calling kt_for - worker_bwt
[0000] 2. Calling kt_for - worker_aln
[0000] Inferring insert size distribution of PE reads from data, l_pac: 1342662642, n: 3304356
[0000][PE] # candidate unique pairs for (FF, FR, RF, RR): (104, 1160197, 47, 105)
[0000][PE] analyzing insert size distribution for orientation FF...
[0000][PE] (25, 50, 75) percentile: (49, 99, 156)
[0000][PE] low and high boundaries for computing mean and std.dev: (1, 370)
[0000][PE] mean and std.dev: (105.51, 75.76)
[0000][PE] low and high boundaries for proper pairs: (1, 477)
[0000][PE] analyzing insert size distribution for orientation FR...
[0000][PE] (25, 50, 75) percentile: (95, 139, 196)
[0000][PE] low and high boundaries for computing mean and std.dev: (1, 398)
[0000][PE] mean and std.dev: (151.93, 75.69)
[0000][PE] low and high boundaries for proper pairs: (1, 499)
[0000][PE] analyzing insert size distribution for orientation RF...
[0000][PE] (25, 50, 75) percentile: (313, 527, 1008)
[0000][PE] low and high boundaries for computing mean and std.dev: (1, 2398)
[0000][PE] mean and std.dev: (542.56, 359.84)
[0000][PE] low and high boundaries for proper pairs: (1, 3093)
[0000][PE] analyzing insert size distribution for orientation RR...
[0000][PE] (25, 50, 75) percentile: (50, 99, 168)
[0000][PE] low and high boundaries for computing mean and std.dev: (1, 404)
[0000][PE] mean and std.dev: (109.65, 73.23)
[0000][PE] low and high boundaries for proper pairs: (1, 522)
[0000][PE] skip orientation FF
[0000][PE] skip orientation RF
[0000][PE] skip orientation RR
[0000] 3. Calling kt_for - worker_sam
[0000] read_chunk: 400000000, work_chunk_size: 400000041, nseq: 3307378
	[0000][ M::kt_pipeline] read 3307378 sequences (400000041 bp)...
	[0000][ M::mem_process_seqs] Processed 3304356 reads in 575.745 CPU sec, 15.468 real sec
[0000] Calling mem_process_seqs.., task: 105
[0000] 1. Calling kt_for - worker_bwt
[0000] 2. Calling kt_for - worker_aln
[0000] Inferring insert size distribution of PE reads from data, l_pac: 1342662642, n: 3307378
[0000][PE] # candidate unique pairs for (FF, FR, RF, RR): (106, 1159704, 35, 104)
[0000][PE] analyzing insert size distribution for orientation FF...
[0000][PE] (25, 50, 75) percentile: (63, 102, 173)
[0000][PE] low and high boundaries for computing mean and std.dev: (1, 393)
[0000][PE] mean and std.dev: (116.12, 72.66)
[0000][PE] low and high boundaries for proper pairs: (1, 503)
[0000][PE] analyzing insert size distribution for orientation FR...
[0000][PE] (25, 50, 75) percentile: (95, 139, 196)
[0000][PE] low and high boundaries for computing mean and std.dev: (1, 398)
[0000][PE] mean and std.dev: (152.26, 75.64)
[0000][PE] low and high boundaries for proper pairs: (1, 499)
[0000][PE] analyzing insert size distribution for orientation RF...
[0000][PE] (25, 50, 75) percentile: (68, 253, 463)
[0000][PE] low and high boundaries for computing mean and std.dev: (1, 1253)
[0000][PE] mean and std.dev: (245.13, 226.45)
[0000][PE] low and high boundaries for proper pairs: (1, 1648)
[0000][PE] analyzing insert size distribution for orientation RR...
[0000][PE] (25, 50, 75) percentile: (55, 98, 136)
[0000][PE] low and high boundaries for computing mean and std.dev: (1, 298)
[0000][PE] mean and std.dev: (97.05, 57.22)
[0000][PE] low and high boundaries for proper pairs: (1, 379)
[0000][PE] skip orientation FF
[0000][PE] skip orientation RF
[0000][PE] skip orientation RR
[0000] 3. Calling kt_for - worker_sam
	[0000][ M::mem_process_seqs] Processed 3307378 reads in 519.561 CPU sec, 14.987 real sec
[0000] read_chunk: 400000000, work_chunk_size: 400000235, nseq: 3304440
	[0000][ M::kt_pipeline] read 3304440 sequences (400000235 bp)...
[0000] Calling mem_process_seqs.., task: 106
[0000] 1. Calling kt_for - worker_bwt
[0000] 2. Calling kt_for - worker_aln
[0000] Inferring insert size distribution of PE reads from data, l_pac: 1342662642, n: 3304440
[0000][PE] # candidate unique pairs for (FF, FR, RF, RR): (135, 1164008, 27, 104)
[0000][PE] analyzing insert size distribution for orientation FF...
[0000][PE] (25, 50, 75) percentile: (72, 116, 205)
[0000][PE] low and high boundaries for computing mean and std.dev: (1, 471)
[0000][PE] mean and std.dev: (126.38, 78.50)
[0000][PE] low and high boundaries for proper pairs: (1, 604)
[0000][PE] analyzing insert size distribution for orientation FR...
[0000][PE] (25, 50, 75) percentile: (96, 139, 196)
[0000][PE] low and high boundaries for computing mean and std.dev: (1, 396)
[0000][PE] mean and std.dev: (152.36, 75.41)
[0000][PE] low and high boundaries for proper pairs: (1, 496)
[0000][PE] analyzing insert size distribution for orientation RF...
[0000][PE] (25, 50, 75) percentile: (195, 317, 462)
[0000][PE] low and high boundaries for computing mean and std.dev: (1, 996)
[0000][PE] mean and std.dev: (272.61, 185.12)
[0000][PE] low and high boundaries for proper pairs: (1, 1263)
[0000][PE] analyzing insert size distribution for orientation RR...
[0000][PE] (25, 50, 75) percentile: (62, 90, 167)
[0000][PE] low and high boundaries for computing mean and std.dev: (1, 377)
[0000][PE] mean and std.dev: (113.75, 76.50)
[0000][PE] low and high boundaries for proper pairs: (1, 482)
[0000][PE] skip orientation FF
[0000][PE] skip orientation RF
[0000][PE] skip orientation RR
[0000] 3. Calling kt_for - worker_sam
[0000] read_chunk: 400000000, work_chunk_size: 308635786, nseq: 2547906
	[0000][ M::kt_pipeline] read 2547906 sequences (308635786 bp)...
	[0000][ M::mem_process_seqs] Processed 3304440 reads in 533.150 CPU sec, 14.414 real sec
[0000] Calling mem_process_seqs.., task: 107
[0000] 1. Calling kt_for - worker_bwt
[0000] 2. Calling kt_for - worker_aln
[0000] read_chunk: 400000000, work_chunk_size: 0, nseq: 0
[0000] Inferring insert size distribution of PE reads from data, l_pac: 1342662642, n: 2547906
[0000][PE] # candidate unique pairs for (FF, FR, RF, RR): (95, 860656, 24, 89)
[0000][PE] analyzing insert size distribution for orientation FF...
[0000][PE] (25, 50, 75) percentile: (59, 84, 127)
[0000][PE] low and high boundaries for computing mean and std.dev: (1, 263)
[0000][PE] mean and std.dev: (82.45, 41.22)
[0000][PE] low and high boundaries for proper pairs: (1, 331)
[0000][PE] analyzing insert size distribution for orientation FR...
[0000][PE] (25, 50, 75) percentile: (95, 139, 196)
[0000][PE] low and high boundaries for computing mean and std.dev: (1, 398)
[0000][PE] mean and std.dev: (152.32, 75.69)
[0000][PE] low and high boundaries for proper pairs: (1, 499)
[0000][PE] analyzing insert size distribution for orientation RF...
[0000][PE] (25, 50, 75) percentile: (98, 285, 567)
[0000][PE] low and high boundaries for computing mean and std.dev: (1, 1505)
[0000][PE] mean and std.dev: (359.04, 328.52)
[0000][PE] low and high boundaries for proper pairs: (1, 1974)
[0000][PE] analyzing insert size distribution for orientation RR...
[0000][PE] (25, 50, 75) percentile: (65, 101, 148)
[0000][PE] low and high boundaries for computing mean and std.dev: (1, 314)
[0000][PE] mean and std.dev: (101.04, 52.97)
[0000][PE] low and high boundaries for proper pairs: (1, 397)
[0000][PE] skip orientation FF
[0000][PE] skip orientation RF
[0000][PE] skip orientation RR
[0000] 3. Calling kt_for - worker_sam
	[0000][ M::mem_process_seqs] Processed 2547906 reads in 451.080 CPU sec, 12.201 real sec
[0000] read_chunk: 400000000, work_chunk_size: 0, nseq: 0
[0000] Computation ends..
No. of OMP threads: 40
Processor is running @2394.711024 MHz
Runtime profile:

	Time taken for main_mem function: 1751.64 sec

	IO times (sec) :
	Reading IO time (reads) avg: 1124.78, (1124.78, 1124.78)
	Writing IO time (SAM) avg: 475.19, (475.19, 475.19)
	Reading IO time (Reference Genome) avg: 2.13, (2.13, 2.13)
	Index read time avg: 0.29, (0.29, 0.29)

	Overall time (sec) (Excluding Index reading time):
	PROCESS() (Total compute time + (read + SAM) IO time) : 1749.21
	MEM_PROCESS_SEQ() (Total compute time (Kernel + SAM)), avg: 1625.92, (1625.92, 1625.92)

	 SAM Processing time (sec):
	--WORKER_SAM avg: 473.15, (473.15, 473.15)

	Kernels' compute time (sec):
	Total kernel (smem+sal+bsw) time avg: 1116.55, (1116.55, 1116.55)
		MEM_ALN_CHAIN_FLT avg: 0.00, (0.00, 0.00)
		MEM_ALN_CHAIN_SEED avg: 0.00, (0.00, 0.00)
		ERT_SEED_CHAIN avg: 0.00, (0.00, 0.00)
	LEARNED_SEED_CHAIN avg: 442.33, (443.41, 441.03)
		SMEM compute avg: 0.00, (0.00, 0.00)
		SAL compute avg: 0.00, (0.00, 0.00)
				MEM_SA avg: 0.00, (0.00, 0.00)

		BSW time, avg: 608.75, (611.68, 606.45)

Important parameter settings: 
	BATCH_SIZE: 512
	MAX_SEQ_LEN_REF: 256
	MAX_SEQ_LEN_QER: 128
	MAX_SEQ_LEN8: 128
	SEEDS_PER_READ: 500
	SIMD_WIDTH8 X: 64
	SIMD_WIDTH16 X: 32
	AVG_SEEDS_PER_READ: 64
