Looking to launch executable "/opt/conda/bin/bwa-meme_mode3.avx512bw", simd = _mode3.avx512bw
Launching executable "/opt/conda/bin/bwa-meme_mode3.avx512bw"
-----------------------------
Executing in AVX512 mode!!
-----------------------------
* SA compression enabled with xfactor: 8
* Ref file: reference.genbank.Sor.fasta
* Entering FMI_search
Reading other elements of the index from files reference.genbank.Sor.fasta
* Index prefix: reference.genbank.Sor.fasta
* Read 0 ALT contigs
* Reading reference genome..
* Binary seq file = reference.genbank.Sor.fasta.0123
* Reference genome size: 2685325284 bp
* Done reading reference genome !!

------------------------------------------
1. Memory pre-allocation for Chaining: 5679.4903 MB
2. Memory pre-allocation for BSW: 9584.6810 MB
[M::memoryAllocLearned::MEME] Reading Learned-index models into memory
[Learned-Config] MODE:3 SEARCH_METHOD: 1 MEM_TRADEOFF:1 EXPONENTIAL_SMEMSEARCH: 1 DEBUG_MODE:0 Num 2nd Models:268435456 PWL Bits Used:28
[M::memoryAllocLearned::MEME] Loading RMI model and Pac reference file took 18.238 sec
[M::memoryAllocLearned::MEME] Reading suffix array into memory
[M::memoryAllocLearned::MEME] Loading pos_packed file took 26.867 sec
[M::memoryAllocLearned::MEME] Generating SA, 64-bit Suffix and ISA in memory
[M::memoryAllocLearned::MEME] Runtime-build-index took 26.204 sec
3. Memory pre-allocation for BWT: 14070.0171 MB
------------------------------------------
* Threads used (compute): 40
* No. of pipeline threads: 2

[0000] read_chunk: 400000000, work_chunk_size: 400000240, nseq: 3289168
	[0000][ M::kt_pipeline] read 3289168 sequences (400000240 bp)...
[0000] Reallocating initial memory allocations!!
[0000] Calling mem_process_seqs.., task: 0
[0000] 1. Calling kt_for - worker_bwt
[0000] 2. Calling kt_for - worker_aln
[0000] read_chunk: 400000000, work_chunk_size: 400000114, nseq: 3280680
	[0000][ M::kt_pipeline] read 3280680 sequences (400000114 bp)...
[0000] Inferring insert size distribution of PE reads from data, l_pac: 1342662642, n: 3289168
[0000][PE] # candidate unique pairs for (FF, FR, RF, RR): (83, 1115756, 32, 86)
[0000][PE] analyzing insert size distribution for orientation FF...
[0000][PE] (25, 50, 75) percentile: (51, 80, 130)
[0000][PE] low and high boundaries for computing mean and std.dev: (1, 288)
[0000][PE] mean and std.dev: (88.73, 60.19)
[0000][PE] low and high boundaries for proper pairs: (1, 367)
[0000][PE] analyzing insert size distribution for orientation FR...
[0000][PE] (25, 50, 75) percentile: (97, 140, 198)
[0000][PE] low and high boundaries for computing mean and std.dev: (1, 400)
[0000][PE] mean and std.dev: (153.65, 76.24)
[0000][PE] low and high boundaries for proper pairs: (1, 501)
[0000][PE] analyzing insert size distribution for orientation RF...
[0000][PE] (25, 50, 75) percentile: (86, 154, 1863)
[0000][PE] low and high boundaries for computing mean and std.dev: (1, 5417)
[0000][PE] mean and std.dev: (903.26, 1395.34)
[0000][PE] low and high boundaries for proper pairs: (1, 7194)
[0000][PE] analyzing insert size distribution for orientation RR...
[0000][PE] (25, 50, 75) percentile: (63, 100, 146)
[0000][PE] low and high boundaries for computing mean and std.dev: (1, 312)
[0000][PE] mean and std.dev: (105.43, 58.14)
[0000][PE] low and high boundaries for proper pairs: (1, 395)
[0000][PE] skip orientation FF
[0000][PE] skip orientation RF
[0000][PE] skip orientation RR
[0000] 3. Calling kt_for - worker_sam
	[0000][ M::mem_process_seqs] Processed 3289168 reads in 583.935 CPU sec, 15.207 real sec
[0000] Calling mem_process_seqs.., task: 1
[0000] 1. Calling kt_for - worker_bwt
[0000] 2. Calling kt_for - worker_aln
[0000] Inferring insert size distribution of PE reads from data, l_pac: 1342662642, n: 3280680
[0000][PE] # candidate unique pairs for (FF, FR, RF, RR): (78, 1103139, 38, 78)
[0000][PE] analyzing insert size distribution for orientation FF...
[0000][PE] (25, 50, 75) percentile: (51, 93, 164)
[0000][PE] low and high boundaries for computing mean and std.dev: (1, 390)
[0000][PE] mean and std.dev: (103.61, 81.11)
[0000][PE] low and high boundaries for proper pairs: (1, 503)
[0000][PE] analyzing insert size distribution for orientation FR...
[0000][PE] (25, 50, 75) percentile: (97, 141, 198)
[0000][PE] low and high boundaries for computing mean and std.dev: (1, 400)
[0000][PE] mean and std.dev: (153.92, 76.26)
[0000][PE] low and high boundaries for proper pairs: (1, 501)
[0000][PE] analyzing insert size distribution for orientation RF...
[0000][PE] (25, 50, 75) percentile: (120, 201, 532)
[0000][PE] low and high boundaries for computing mean and std.dev: (1, 1356)
[0000][PE] mean and std.dev: (284.32, 267.73)
[0000][PE] low and high boundaries for proper pairs: (1, 1768)
[0000][PE] analyzing insert size distribution for orientation RR...
[0000][PE] (25, 50, 75) percentile: (49, 84, 123)
[0000][PE] low and high boundaries for computing mean and std.dev: (1, 271)
[0000][PE] mean and std.dev: (90.21, 57.38)
[0000][PE] low and high boundaries for proper pairs: (1, 345)
[0000][PE] skip orientation FF
[0000][PE] skip orientation RF
[0000][PE] skip orientation RR
[0000] 3. Calling kt_for - worker_sam
[0000] read_chunk: 400000000, work_chunk_size: 400000131, nseq: 3293342
	[0000][ M::kt_pipeline] read 3293342 sequences (400000131 bp)...
	[0000][ M::mem_process_seqs] Processed 3280680 reads in 572.885 CPU sec, 15.336 real sec
[0000] Reallocating initial memory allocations!!
[0000] Calling mem_process_seqs.., task: 2
[0000] 1. Calling kt_for - worker_bwt
[0000] 2. Calling kt_for - worker_aln
[0000] Inferring insert size distribution of PE reads from data, l_pac: 1342662642, n: 3293342
[0000][PE] # candidate unique pairs for (FF, FR, RF, RR): (90, 1140742, 41, 105)
[0000][PE] analyzing insert size distribution for orientation FF...
[0000][PE] (25, 50, 75) percentile: (59, 93, 150)
[0000][PE] low and high boundaries for computing mean and std.dev: (1, 332)
[0000][PE] mean and std.dev: (104.04, 65.02)
[0000][PE] low and high boundaries for proper pairs: (1, 423)
[0000][PE] analyzing insert size distribution for orientation FR...
[0000][PE] (25, 50, 75) percentile: (96, 140, 198)
[0000][PE] low and high boundaries for computing mean and std.dev: (1, 402)
[0000][PE] mean and std.dev: (153.69, 76.36)
[0000][PE] low and high boundaries for proper pairs: (1, 504)
[0000][PE] analyzing insert size distribution for orientation RF...
[0000][PE] (25, 50, 75) percentile: (92, 244, 853)
[0000][PE] low and high boundaries for computing mean and std.dev: (1, 2375)
[0000][PE] mean and std.dev: (396.03, 464.38)
[0000][PE] low and high boundaries for proper pairs: (1, 3136)
[0000][PE] analyzing insert size distribution for orientation RR...
[0000][PE] (25, 50, 75) percentile: (63, 94, 153)
[0000][PE] low and high boundaries for computing mean and std.dev: (1, 333)
[0000][PE] mean and std.dev: (101.37, 60.89)
[0000][PE] low and high boundaries for proper pairs: (1, 423)
[0000][PE] skip orientation FF
[0000][PE] skip orientation RF
[0000][PE] skip orientation RR
[0000] 3. Calling kt_for - worker_sam
[0000] read_chunk: 400000000, work_chunk_size: 400000088, nseq: 3298510
	[0000][ M::kt_pipeline] read 3298510 sequences (400000088 bp)...
	[0000][ M::mem_process_seqs] Processed 3293342 reads in 535.234 CPU sec, 14.233 real sec
[0000] Reallocating initial memory allocations!!
[0000] Calling mem_process_seqs.., task: 3
[0000] 1. Calling kt_for - worker_bwt
[0000] 2. Calling kt_for - worker_aln
[0000] Inferring insert size distribution of PE reads from data, l_pac: 1342662642, n: 3298510
[0000][PE] # candidate unique pairs for (FF, FR, RF, RR): (106, 1158233, 41, 126)
[0000][PE] analyzing insert size distribution for orientation FF...
[0000][PE] (25, 50, 75) percentile: (64, 103, 192)
[0000][PE] low and high boundaries for computing mean and std.dev: (1, 448)
[0000][PE] mean and std.dev: (123.74, 85.71)
[0000][PE] low and high boundaries for proper pairs: (1, 576)
[0000][PE] analyzing insert size distribution for orientation FR...
[0000][PE] (25, 50, 75) percentile: (97, 141, 198)
[0000][PE] low and high boundaries for computing mean and std.dev: (1, 400)
[0000][PE] mean and std.dev: (153.94, 76.20)
[0000][PE] low and high boundaries for proper pairs: (1, 501)
[0000][PE] analyzing insert size distribution for orientation RF...
[0000][PE] (25, 50, 75) percentile: (107, 316, 632)
[0000][PE] low and high boundaries for computing mean and std.dev: (1, 1682)
[0000][PE] mean and std.dev: (426.25, 384.67)
[0000][PE] low and high boundaries for proper pairs: (1, 2207)
[0000][PE] analyzing insert size distribution for orientation RR...
[0000][PE] (25, 50, 75) percentile: (62, 98, 145)
[0000][PE] low and high boundaries for computing mean and std.dev: (1, 311)
[0000][PE] mean and std.dev: (97.94, 57.90)
[0000][PE] low and high boundaries for proper pairs: (1, 394)
[0000][PE] skip orientation FF
[0000][PE] skip orientation RF
[0000][PE] skip orientation RR
[0000] 3. Calling kt_for - worker_sam
[0000] read_chunk: 400000000, work_chunk_size: 400000066, nseq: 3301478
	[0000][ M::kt_pipeline] read 3301478 sequences (400000066 bp)...
	[0000][ M::mem_process_seqs] Processed 3298510 reads in 508.443 CPU sec, 13.840 real sec
[0000] Reallocating initial memory allocations!!
[0000] Calling mem_process_seqs.., task: 4
[0000] 1. Calling kt_for - worker_bwt
[0000] 2. Calling kt_for - worker_aln
[0000] Inferring insert size distribution of PE reads from data, l_pac: 1342662642, n: 3301478
[0000][PE] # candidate unique pairs for (FF, FR, RF, RR): (97, 1171514, 33, 112)
[0000][PE] analyzing insert size distribution for orientation FF...
[0000][PE] (25, 50, 75) percentile: (65, 113, 163)
[0000][PE] low and high boundaries for computing mean and std.dev: (1, 359)
[0000][PE] mean and std.dev: (112.32, 63.84)
[0000][PE] low and high boundaries for proper pairs: (1, 457)
[0000][PE] analyzing insert size distribution for orientation FR...
[0000][PE] (25, 50, 75) percentile: (96, 140, 198)
[0000][PE] low and high boundaries for computing mean and std.dev: (1, 402)
[0000][PE] mean and std.dev: (153.25, 76.50)
[0000][PE] low and high boundaries for proper pairs: (1, 504)
[0000][PE] analyzing insert size distribution for orientation RF...
[0000][PE] (25, 50, 75) percentile: (103, 327, 1324)
[0000][PE] low and high boundaries for computing mean and std.dev: (1, 3766)
[0000][PE] mean and std.dev: (734.12, 977.92)
[0000][PE] low and high boundaries for proper pairs: (1, 4987)
[0000][PE] analyzing insert size distribution for orientation RR...
[0000][PE] (25, 50, 75) percentile: (68, 109, 150)
[0000][PE] low and high boundaries for computing mean and std.dev: (1, 314)
[0000][PE] mean and std.dev: (107.81, 58.41)
[0000][PE] low and high boundaries for proper pairs: (1, 396)
[0000][PE] skip orientation FF
[0000][PE] skip orientation RF
[0000][PE] skip orientation RR
[0000] 3. Calling kt_for - worker_sam
[0000] read_chunk: 400000000, work_chunk_size: 400000093, nseq: 3296740
	[0000][ M::kt_pipeline] read 3296740 sequences (400000093 bp)...
	[0000][ M::mem_process_seqs] Processed 3301478 reads in 522.459 CPU sec, 14.042 real sec
[0000] Calling mem_process_seqs.., task: 5
[0000] 1. Calling kt_for - worker_bwt
[0000] 2. Calling kt_for - worker_aln
[0000] Inferring insert size distribution of PE reads from data, l_pac: 1342662642, n: 3296740
[0000][PE] # candidate unique pairs for (FF, FR, RF, RR): (102, 1158330, 39, 110)
[0000][PE] analyzing insert size distribution for orientation FF...
[0000][PE] (25, 50, 75) percentile: (65, 92, 151)
[0000][PE] low and high boundaries for computing mean and std.dev: (1, 323)
[0000][PE] mean and std.dev: (103.74, 60.60)
[0000][PE] low and high boundaries for proper pairs: (1, 409)
[0000][PE] analyzing insert size distribution for orientation FR...
[0000][PE] (25, 50, 75) percentile: (96, 140, 198)
[0000][PE] low and high boundaries for computing mean and std.dev: (1, 402)
[0000][PE] mean and std.dev: (153.54, 76.47)
[0000][PE] low and high boundaries for proper pairs: (1, 504)
[0000][PE] analyzing insert size distribution for orientation RF...
[0000][PE] (25, 50, 75) percentile: (181, 573, 820)
[0000][PE] low and high boundaries for computing mean and std.dev: (1, 2098)
[0000][PE] mean and std.dev: (557.16, 458.51)
[0000][PE] low and high boundaries for proper pairs: (1, 2737)
[0000][PE] analyzing insert size distribution for orientation RR...
[0000][PE] (25, 50, 75) percentile: (51, 92, 133)
[0000][PE] low and high boundaries for computing mean and std.dev: (1, 297)
[0000][PE] mean and std.dev: (89.41, 50.30)
[0000][PE] low and high boundaries for proper pairs: (1, 379)
[0000][PE] skip orientation FF
[0000][PE] skip orientation RF
[0000][PE] skip orientation RR
[0000] 3. Calling kt_for - worker_sam
[0000] read_chunk: 400000000, work_chunk_size: 400000098, nseq: 3301608
	[0000][ M::mem_process_seqs] Processed 3296740 reads in 529.614 CPU sec, 14.273 real sec
	[0000][ M::kt_pipeline] read 3301608 sequences (400000098 bp)...
[0000] Reallocating initial memory allocations!!
[0000] Calling mem_process_seqs.., task: 6
[0000] 1. Calling kt_for - worker_bwt
[0000] 2. Calling kt_for - worker_aln
[0000] Inferring insert size distribution of PE reads from data, l_pac: 1342662642, n: 3301608
[0000][PE] # candidate unique pairs for (FF, FR, RF, RR): (126, 1176488, 31, 122)
[0000][PE] analyzing insert size distribution for orientation FF...
[0000][PE] (25, 50, 75) percentile: (53, 85, 128)
[0000][PE] low and high boundaries for computing mean and std.dev: (1, 278)
[0000][PE] mean and std.dev: (93.13, 55.56)
[0000][PE] low and high boundaries for proper pairs: (1, 353)
[0000][PE] analyzing insert size distribution for orientation FR...
[0000][PE] (25, 50, 75) percentile: (96, 140, 198)
[0000][PE] low and high boundaries for computing mean and std.dev: (1, 402)
[0000][PE] mean and std.dev: (153.64, 76.46)
[0000][PE] low and high boundaries for proper pairs: (1, 504)
[0000][PE] analyzing insert size distribution for orientation RF...
[0000][PE] (25, 50, 75) percentile: (157, 420, 896)
[0000][PE] low and high boundaries for computing mean and std.dev: (1, 2374)
[0000][PE] mean and std.dev: (525.03, 518.69)
[0000][PE] low and high boundaries for proper pairs: (1, 3113)
[0000][PE] analyzing insert size distribution for orientation RR...
[0000][PE] (25, 50, 75) percentile: (59, 99, 160)
[0000][PE] low and high boundaries for computing mean and std.dev: (1, 362)
[0000][PE] mean and std.dev: (111.52, 69.23)
[0000][PE] low and high boundaries for proper pairs: (1, 463)
[0000][PE] skip orientation FF
[0000][PE] skip orientation RF
[0000][PE] skip orientation RR
[0000] 3. Calling kt_for - worker_sam
[0000] read_chunk: 400000000, work_chunk_size: 400000055, nseq: 3295566
	[0000][ M::kt_pipeline] read 3295566 sequences (400000055 bp)...
	[0000][ M::mem_process_seqs] Processed 3301608 reads in 488.604 CPU sec, 13.102 real sec
[0000] Calling mem_process_seqs.., task: 7
[0000] 1. Calling kt_for - worker_bwt
[0000] 2. Calling kt_for - worker_aln
[0017] Re-allocating (doubling) seqBufRefs in mem_chain2aln_across_reads_V2 (left)
[0000] Inferring insert size distribution of PE reads from data, l_pac: 1342662642, n: 3295566
[0000][PE] # candidate unique pairs for (FF, FR, RF, RR): (91, 1145246, 43, 108)
[0000][PE] analyzing insert size distribution for orientation FF...
[0000][PE] (25, 50, 75) percentile: (49, 81, 147)
[0000][PE] low and high boundaries for computing mean and std.dev: (1, 343)
[0000][PE] mean and std.dev: (95.36, 73.10)
[0000][PE] low and high boundaries for proper pairs: (1, 441)
[0000][PE] analyzing insert size distribution for orientation FR...
[0000][PE] (25, 50, 75) percentile: (96, 140, 198)
[0000][PE] low and high boundaries for computing mean and std.dev: (1, 402)
[0000][PE] mean and std.dev: (153.51, 76.42)
[0000][PE] low and high boundaries for proper pairs: (1, 504)
[0000][PE] analyzing insert size distribution for orientation RF...
[0000][PE] (25, 50, 75) percentile: (85, 301, 656)
[0000][PE] low and high boundaries for computing mean and std.dev: (1, 1798)
[0000][PE] mean and std.dev: (389.64, 362.40)
[0000][PE] low and high boundaries for proper pairs: (1, 2369)
[0000][PE] analyzing insert size distribution for orientation RR...
[0000][PE] (25, 50, 75) percentile: (53, 88, 143)
[0000][PE] low and high boundaries for computing mean and std.dev: (1, 323)
[0000][PE] mean and std.dev: (96.23, 61.48)
[0000][PE] low and high boundaries for proper pairs: (1, 413)
[0000][PE] skip orientation FF
[0000][PE] skip orientation RF
[0000][PE] skip orientation RR
[0000] 3. Calling kt_for - worker_sam
[0000] read_chunk: 400000000, work_chunk_size: 400000040, nseq: 3301322
	[0000][ M::kt_pipeline] read 3301322 sequences (400000040 bp)...
	[0000][ M::mem_process_seqs] Processed 3295566 reads in 589.491 CPU sec, 15.969 real sec
[0000] Calling mem_process_seqs.., task: 8
[0000] 1. Calling kt_for - worker_bwt
[0000] 2. Calling kt_for - worker_aln
[0000] Inferring insert size distribution of PE reads from data, l_pac: 1342662642, n: 3301322
[0000][PE] # candidate unique pairs for (FF, FR, RF, RR): (105, 1181062, 56, 105)
[0000][PE] analyzing insert size distribution for orientation FF...
[0000][PE] (25, 50, 75) percentile: (54, 89, 135)
[0000][PE] low and high boundaries for computing mean and std.dev: (1, 297)
[0000][PE] mean and std.dev: (90.72, 51.02)
[0000][PE] low and high boundaries for proper pairs: (1, 378)
[0000][PE] analyzing insert size distribution for orientation FR...
[0000][PE] (25, 50, 75) percentile: (96, 140, 198)
[0000][PE] low and high boundaries for computing mean and std.dev: (1, 402)
[0000][PE] mean and std.dev: (153.43, 76.51)
[0000][PE] low and high boundaries for proper pairs: (1, 504)
[0000][PE] analyzing insert size distribution for orientation RF...
[0000][PE] (25, 50, 75) percentile: (200, 363, 778)
[0000][PE] low and high boundaries for computing mean and std.dev: (1, 1934)
[0000][PE] mean and std.dev: (390.30, 299.60)
[0000][PE] low and high boundaries for proper pairs: (1, 2512)
[0000][PE] analyzing insert size distribution for orientation RR...
[0000][PE] (25, 50, 75) percentile: (60, 98, 154)
[0000][PE] low and high boundaries for computing mean and std.dev: (1, 342)
[0000][PE] mean and std.dev: (103.41, 62.38)
[0000][PE] low and high boundaries for proper pairs: (1, 436)
[0000][PE] skip orientation FF
[0000][PE] skip orientation RF
[0000][PE] skip orientation RR
[0000] 3. Calling kt_for - worker_sam
	[0000][ M::mem_process_seqs] Processed 3301322 reads in 493.990 CPU sec, 13.577 real sec
[0000] read_chunk: 400000000, work_chunk_size: 400000083, nseq: 3293036
	[0000][ M::kt_pipeline] read 3293036 sequences (400000083 bp)...
[0000] Calling mem_process_seqs.., task: 9
[0000] 1. Calling kt_for - worker_bwt
[0000] 2. Calling kt_for - worker_aln
[0000] Inferring insert size distribution of PE reads from data, l_pac: 1342662642, n: 3293036
[0000][PE] # candidate unique pairs for (FF, FR, RF, RR): (91, 1138847, 31, 102)
[0000][PE] analyzing insert size distribution for orientation FF...
[0000][PE] (25, 50, 75) percentile: (45, 78, 139)
[0000][PE] low and high boundaries for computing mean and std.dev: (1, 327)
[0000][PE] mean and std.dev: (94.36, 61.39)
[0000][PE] low and high boundaries for proper pairs: (1, 421)
[0000][PE] analyzing insert size distribution for orientation FR...
[0000][PE] (25, 50, 75) percentile: (97, 141, 198)
[0000][PE] low and high boundaries for computing mean and std.dev: (1, 400)
[0000][PE] mean and std.dev: (153.80, 76.23)
[0000][PE] low and high boundaries for proper pairs: (1, 501)
[0000][PE] analyzing insert size distribution for orientation RF...
[0000][PE] (25, 50, 75) percentile: (116, 310, 840)
[0000][PE] low and high boundaries for computing mean and std.dev: (1, 2288)
[0000][PE] mean and std.dev: (455.79, 487.01)
[0000][PE] low and high boundaries for proper pairs: (1, 3012)
[0000][PE] analyzing insert size distribution for orientation RR...
[0000][PE] (25, 50, 75) percentile: (55, 94, 138)
[0000][PE] low and high boundaries for computing mean and std.dev: (1, 304)
[0000][PE] mean and std.dev: (97.73, 60.54)
[0000][PE] low and high boundaries for proper pairs: (1, 387)
[0000][PE] skip orientation FF
[0000][PE] skip orientation RF
[0000][PE] skip orientation RR
[0000] 3. Calling kt_for - worker_sam
[0000] read_chunk: 400000000, work_chunk_size: 400000029, nseq: 3300904
	[0000][ M::kt_pipeline] read 3300904 sequences (400000029 bp)...
	[0000][ M::mem_process_seqs] Processed 3293036 reads in 562.190 CPU sec, 15.099 real sec
[0000] Calling mem_process_seqs.., task: 10
[0000] 1. Calling kt_for - worker_bwt
[0000] 2. Calling kt_for - worker_aln
[0000] Inferring insert size distribution of PE reads from data, l_pac: 1342662642, n: 3300904
[0000][PE] # candidate unique pairs for (FF, FR, RF, RR): (111, 1140592, 42, 91)
[0000][PE] analyzing insert size distribution for orientation FF...
[0000][PE] (25, 50, 75) percentile: (54, 90, 134)
[0000][PE] low and high boundaries for computing mean and std.dev: (1, 294)
[0000][PE] mean and std.dev: (92.62, 54.85)
[0000][PE] low and high boundaries for proper pairs: (1, 374)
[0000][PE] analyzing insert size distribution for orientation FR...
[0000][PE] (25, 50, 75) percentile: (96, 140, 197)
[0000][PE] low and high boundaries for computing mean and std.dev: (1, 399)
[0000][PE] mean and std.dev: (153.25, 75.99)
[0000][PE] low and high boundaries for proper pairs: (1, 500)
[0000][PE] analyzing insert size distribution for orientation RF...
[0000][PE] (25, 50, 75) percentile: (166, 281, 586)
[0000][PE] low and high boundaries for computing mean and std.dev: (1, 1426)
[0000][PE] mean and std.dev: (338.20, 272.88)
[0000][PE] low and high boundaries for proper pairs: (1, 1846)
[0000][PE] analyzing insert size distribution for orientation RR...
[0000][PE] (25, 50, 75) percentile: (61, 90, 134)
[0000][PE] low and high boundaries for computing mean and std.dev: (1, 280)
[0000][PE] mean and std.dev: (97.34, 53.27)
[0000][PE] low and high boundaries for proper pairs: (1, 353)
[0000][PE] skip orientation FF
[0000][PE] skip orientation RF
[0000][PE] skip orientation RR
[0000] 3. Calling kt_for - worker_sam
	[0000][ M::mem_process_seqs] Processed 3300904 reads in 516.194 CPU sec, 14.136 real sec
[0000] read_chunk: 400000000, work_chunk_size: 400000174, nseq: 3291786
	[0000][ M::kt_pipeline] read 3291786 sequences (400000174 bp)...
[0000] Calling mem_process_seqs.., task: 11
[0000] 1. Calling kt_for - worker_bwt
[0000] 2. Calling kt_for - worker_aln
[0000] Inferring insert size distribution of PE reads from data, l_pac: 1342662642, n: 3291786
[0000][PE] # candidate unique pairs for (FF, FR, RF, RR): (84, 1159630, 27, 123)
[0000][PE] analyzing insert size distribution for orientation FF...
[0000][PE] (25, 50, 75) percentile: (60, 90, 142)
[0000][PE] low and high boundaries for computing mean and std.dev: (1, 306)
[0000][PE] mean and std.dev: (94.92, 52.87)
[0000][PE] low and high boundaries for proper pairs: (1, 388)
[0000][PE] analyzing insert size distribution for orientation FR...
[0000][PE] (25, 50, 75) percentile: (97, 140, 198)
[0000][PE] low and high boundaries for computing mean and std.dev: (1, 400)
[0000][PE] mean and std.dev: (153.75, 76.29)
[0000][PE] low and high boundaries for proper pairs: (1, 501)
[0000][PE] analyzing insert size distribution for orientation RF...
[0000][PE] (25, 50, 75) percentile: (125, 303, 445)
[0000][PE] low and high boundaries for computing mean and std.dev: (1, 1085)
[0000][PE] mean and std.dev: (236.35, 163.50)
[0000][PE] low and high boundaries for proper pairs: (1, 1405)
[0000][PE] analyzing insert size distribution for orientation RR...
[0000][PE] (25, 50, 75) percentile: (60, 91, 148)
[0000][PE] low and high boundaries for computing mean and std.dev: (1, 324)
[0000][PE] mean and std.dev: (108.72, 67.55)
[0000][PE] low and high boundaries for proper pairs: (1, 412)
[0000][PE] skip orientation FF
[0000][PE] skip orientation RF
[0000][PE] skip orientation RR
[0000] 3. Calling kt_for - worker_sam
	[0000][ M::mem_process_seqs] Processed 3291786 reads in 512.257 CPU sec, 13.839 real sec
[0000] read_chunk: 400000000, work_chunk_size: 400000043, nseq: 3297036
	[0000][ M::kt_pipeline] read 3297036 sequences (400000043 bp)...
[0000] Calling mem_process_seqs.., task: 12
[0000] 1. Calling kt_for - worker_bwt
[0000] 2. Calling kt_for - worker_aln
[0000] Inferring insert size distribution of PE reads from data, l_pac: 1342662642, n: 3297036
[0000][PE] # candidate unique pairs for (FF, FR, RF, RR): (126, 1161077, 29, 107)
[0000][PE] analyzing insert size distribution for orientation FF...
[0000][PE] (25, 50, 75) percentile: (65, 107, 176)
[0000][PE] low and high boundaries for computing mean and std.dev: (1, 398)
[0000][PE] mean and std.dev: (119.25, 81.42)
[0000][PE] low and high boundaries for proper pairs: (1, 509)
[0000][PE] analyzing insert size distribution for orientation FR...
[0000][PE] (25, 50, 75) percentile: (96, 140, 198)
[0000][PE] low and high boundaries for computing mean and std.dev: (1, 402)
[0000][PE] mean and std.dev: (153.26, 76.40)
[0000][PE] low and high boundaries for proper pairs: (1, 504)
[0000][PE] analyzing insert size distribution for orientation RF...
[0000][PE] (25, 50, 75) percentile: (244, 373, 673)
[0000][PE] low and high boundaries for computing mean and std.dev: (1, 1531)
[0000][PE] mean and std.dev: (358.92, 233.49)
[0000][PE] low and high boundaries for proper pairs: (1, 1960)
[0000][PE] analyzing insert size distribution for orientation RR...
[0000][PE] (25, 50, 75) percentile: (69, 121, 159)
[0000][PE] low and high boundaries for computing mean and std.dev: (1, 339)
[0000][PE] mean and std.dev: (109.91, 64.27)
[0000][PE] low and high boundaries for proper pairs: (1, 429)
[0000][PE] skip orientation FF
[0000][PE] skip orientation RF
[0000][PE] skip orientation RR
[0000] 3. Calling kt_for - worker_sam
[0000] read_chunk: 400000000, work_chunk_size: 400000046, nseq: 3300082
	[0000][ M::kt_pipeline] read 3300082 sequences (400000046 bp)...
	[0000][ M::mem_process_seqs] Processed 3297036 reads in 519.479 CPU sec, 14.023 real sec
[0000] Calling mem_process_seqs.., task: 13
[0000] 1. Calling kt_for - worker_bwt
[0000] 2. Calling kt_for - worker_aln
[0000] Inferring insert size distribution of PE reads from data, l_pac: 1342662642, n: 3300082
[0000][PE] # candidate unique pairs for (FF, FR, RF, RR): (135, 1174914, 35, 118)
[0000][PE] analyzing insert size distribution for orientation FF...
[0000][PE] (25, 50, 75) percentile: (61, 91, 123)
[0000][PE] low and high boundaries for computing mean and std.dev: (1, 247)
[0000][PE] mean and std.dev: (93.47, 49.25)
[0000][PE] low and high boundaries for proper pairs: (1, 309)
[0000][PE] analyzing insert size distribution for orientation FR...
[0000][PE] (25, 50, 75) percentile: (96, 140, 198)
[0000][PE] low and high boundaries for computing mean and std.dev: (1, 402)
[0000][PE] mean and std.dev: (153.54, 76.48)
[0000][PE] low and high boundaries for proper pairs: (1, 504)
[0000][PE] analyzing insert size distribution for orientation RF...
[0000][PE] (25, 50, 75) percentile: (97, 188, 670)
[0000][PE] low and high boundaries for computing mean and std.dev: (1, 1816)
[0000][PE] mean and std.dev: (359.64, 403.22)
[0000][PE] low and high boundaries for proper pairs: (1, 2389)
[0000][PE] analyzing insert size distribution for orientation RR...
[0000][PE] (25, 50, 75) percentile: (72, 106, 159)
[0000][PE] low and high boundaries for computing mean and std.dev: (1, 333)
[0000][PE] mean and std.dev: (117.52, 65.30)
[0000][PE] low and high boundaries for proper pairs: (1, 420)
[0000][PE] skip orientation FF
[0000][PE] skip orientation RF
[0000][PE] skip orientation RR
[0000] 3. Calling kt_for - worker_sam
	[0000][ M::mem_process_seqs] Processed 3300082 reads in 509.268 CPU sec, 13.842 real sec
[0000] read_chunk: 400000000, work_chunk_size: 400000171, nseq: 3294310
	[0000][ M::kt_pipeline] read 3294310 sequences (400000171 bp)...
[0000] Calling mem_process_seqs.., task: 14
[0000] 1. Calling kt_for - worker_bwt
[0000] 2. Calling kt_for - worker_aln
[0000] Inferring insert size distribution of PE reads from data, l_pac: 1342662642, n: 3294310
[0000][PE] # candidate unique pairs for (FF, FR, RF, RR): (95, 1135744, 39, 110)
[0000][PE] analyzing insert size distribution for orientation FF...
[0000][PE] (25, 50, 75) percentile: (58, 94, 159)
[0000][PE] low and high boundaries for computing mean and std.dev: (1, 361)
[0000][PE] mean and std.dev: (104.97, 67.22)
[0000][PE] low and high boundaries for proper pairs: (1, 462)
[0000][PE] analyzing insert size distribution for orientation FR...
[0000][PE] (25, 50, 75) percentile: (96, 140, 197)
[0000][PE] low and high boundaries for computing mean and std.dev: (1, 399)
[0000][PE] mean and std.dev: (153.13, 76.29)
[0000][PE] low and high boundaries for proper pairs: (1, 500)
[0000][PE] analyzing insert size distribution for orientation RF...
[0000][PE] (25, 50, 75) percentile: (368, 510, 920)
[0000][PE] low and high boundaries for computing mean and std.dev: (1, 2024)
[0000][PE] mean and std.dev: (623.11, 421.13)
[0000][PE] low and high boundaries for proper pairs: (1, 2576)
[0000][PE] analyzing insert size distribution for orientation RR...
[0000][PE] (25, 50, 75) percentile: (73, 99, 165)
[0000][PE] low and high boundaries for computing mean and std.dev: (1, 349)
[0000][PE] mean and std.dev: (108.30, 60.05)
[0000][PE] low and high boundaries for proper pairs: (1, 441)
[0000][PE] skip orientation FF
[0000][PE] skip orientation RF
[0000][PE] skip orientation RR
[0000] 3. Calling kt_for - worker_sam
[0000] read_chunk: 400000000, work_chunk_size: 400000035, nseq: 3297880
	[0000][ M::kt_pipeline] read 3297880 sequences (400000035 bp)...
	[0000][ M::mem_process_seqs] Processed 3294310 reads in 589.863 CPU sec, 15.764 real sec
[0000] Calling mem_process_seqs.., task: 15
[0000] 1. Calling kt_for - worker_bwt
[0000] 2. Calling kt_for - worker_aln
[0000] Inferring insert size distribution of PE reads from data, l_pac: 1342662642, n: 3297880
[0000][PE] # candidate unique pairs for (FF, FR, RF, RR): (115, 1149467, 37, 92)
[0000][PE] analyzing insert size distribution for orientation FF...
[0000][PE] (25, 50, 75) percentile: (56, 90, 136)
[0000][PE] low and high boundaries for computing mean and std.dev: (1, 296)
[0000][PE] mean and std.dev: (97.67, 60.65)
[0000][PE] low and high boundaries for proper pairs: (1, 376)
[0000][PE] analyzing insert size distribution for orientation FR...
[0000][PE] (25, 50, 75) percentile: (96, 140, 198)
[0000][PE] low and high boundaries for computing mean and std.dev: (1, 402)
[0000][PE] mean and std.dev: (153.61, 76.51)
[0000][PE] low and high boundaries for proper pairs: (1, 504)
[0000][PE] analyzing insert size distribution for orientation RF...
[0000][PE] (25, 50, 75) percentile: (228, 344, 786)
[0000][PE] low and high boundaries for computing mean and std.dev: (1, 1902)
[0000][PE] mean and std.dev: (345.53, 231.57)
[0000][PE] low and high boundaries for proper pairs: (1, 2460)
[0000][PE] analyzing insert size distribution for orientation RR...
[0000][PE] (25, 50, 75) percentile: (55, 95, 156)
[0000][PE] low and high boundaries for computing mean and std.dev: (1, 358)
[0000][PE] mean and std.dev: (106.93, 70.33)
[0000][PE] low and high boundaries for proper pairs: (1, 459)
[0000][PE] skip orientation FF
[0000][PE] skip orientation RF
[0000][PE] skip orientation RR
[0000] 3. Calling kt_for - worker_sam
	[0000][ M::mem_process_seqs] Processed 3297880 reads in 532.481 CPU sec, 14.475 real sec
[0000] read_chunk: 400000000, work_chunk_size: 400000228, nseq: 3303738
	[0000][ M::kt_pipeline] read 3303738 sequences (400000228 bp)...
[0000] Reallocating initial memory allocations!!
[0000] Calling mem_process_seqs.., task: 16
[0000] 1. Calling kt_for - worker_bwt
[0000] 2. Calling kt_for - worker_aln
[0000] Inferring insert size distribution of PE reads from data, l_pac: 1342662642, n: 3303738
[0000][PE] # candidate unique pairs for (FF, FR, RF, RR): (112, 1179416, 38, 108)
[0000][PE] analyzing insert size distribution for orientation FF...
[0000][PE] (25, 50, 75) percentile: (60, 89, 140)
[0000][PE] low and high boundaries for computing mean and std.dev: (1, 300)
[0000][PE] mean and std.dev: (102.08, 60.50)
[0000][PE] low and high boundaries for proper pairs: (1, 380)
[0000][PE] analyzing insert size distribution for orientation FR...
[0000][PE] (25, 50, 75) percentile: (96, 140, 197)
[0000][PE] low and high boundaries for computing mean and std.dev: (1, 399)
[0000][PE] mean and std.dev: (153.07, 76.23)
[0000][PE] low and high boundaries for proper pairs: (1, 500)
[0000][PE] analyzing insert size distribution for orientation RF...
[0000][PE] (25, 50, 75) percentile: (83, 328, 645)
[0000][PE] low and high boundaries for computing mean and std.dev: (1, 1769)
[0000][PE] mean and std.dev: (364.09, 389.70)
[0000][PE] low and high boundaries for proper pairs: (1, 2331)
[0000][PE] analyzing insert size distribution for orientation RR...
[0000][PE] (25, 50, 75) percentile: (65, 103, 147)
[0000][PE] low and high boundaries for computing mean and std.dev: (1, 311)
[0000][PE] mean and std.dev: (105.60, 54.72)
[0000][PE] low and high boundaries for proper pairs: (1, 393)
[0000][PE] skip orientation FF
[0000][PE] skip orientation RF
[0000][PE] skip orientation RR
[0000] 3. Calling kt_for - worker_sam
[0000] read_chunk: 400000000, work_chunk_size: 400000249, nseq: 3298656
	[0000][ M::kt_pipeline] read 3298656 sequences (400000249 bp)...
	[0000][ M::mem_process_seqs] Processed 3303738 reads in 494.880 CPU sec, 13.205 real sec
[0000] Calling mem_process_seqs.., task: 17
[0000] 1. Calling kt_for - worker_bwt
[0000] 2. Calling kt_for - worker_aln
[0000] Inferring insert size distribution of PE reads from data, l_pac: 1342662642, n: 3298656
[0000][PE] # candidate unique pairs for (FF, FR, RF, RR): (90, 1153498, 32, 93)
[0000][PE] analyzing insert size distribution for orientation FF...
[0000][PE] (25, 50, 75) percentile: (57, 100, 134)
[0000][PE] low and high boundaries for computing mean and std.dev: (1, 288)
[0000][PE] mean and std.dev: (97.74, 53.47)
[0000][PE] low and high boundaries for proper pairs: (1, 365)
[0000][PE] analyzing insert size distribution for orientation FR...
[0000][PE] (25, 50, 75) percentile: (96, 140, 198)
[0000][PE] low and high boundaries for computing mean and std.dev: (1, 402)
[0000][PE] mean and std.dev: (153.71, 76.58)
[0000][PE] low and high boundaries for proper pairs: (1, 504)
[0000][PE] analyzing insert size distribution for orientation RF...
[0000][PE] (25, 50, 75) percentile: (92, 211, 930)
[0000][PE] low and high boundaries for computing mean and std.dev: (1, 2606)
[0000][PE] mean and std.dev: (306.93, 380.32)
[0000][PE] low and high boundaries for proper pairs: (1, 3444)
[0000][PE] analyzing insert size distribution for orientation RR...
[0000][PE] (25, 50, 75) percentile: (52, 94, 140)
[0000][PE] low and high boundaries for computing mean and std.dev: (1, 316)
[0000][PE] mean and std.dev: (91.45, 53.93)
[0000][PE] low and high boundaries for proper pairs: (1, 404)
[0000][PE] skip orientation FF
[0000][PE] skip orientation RF
[0000][PE] skip orientation RR
[0000] 3. Calling kt_for - worker_sam
	[0000][ M::mem_process_seqs] Processed 3298656 reads in 532.932 CPU sec, 14.368 real sec
[0000] read_chunk: 400000000, work_chunk_size: 400000174, nseq: 3294122
	[0000][ M::kt_pipeline] read 3294122 sequences (400000174 bp)...
[0000] Calling mem_process_seqs.., task: 18
[0000] 1. Calling kt_for - worker_bwt
[0000] 2. Calling kt_for - worker_aln
[0000] Inferring insert size distribution of PE reads from data, l_pac: 1342662642, n: 3294122
[0000][PE] # candidate unique pairs for (FF, FR, RF, RR): (125, 1146096, 22, 108)
[0000][PE] analyzing insert size distribution for orientation FF...
[0000][PE] (25, 50, 75) percentile: (55, 89, 143)
[0000][PE] low and high boundaries for computing mean and std.dev: (1, 319)
[0000][PE] mean and std.dev: (95.78, 56.74)
[0000][PE] low and high boundaries for proper pairs: (1, 407)
[0000][PE] analyzing insert size distribution for orientation FR...
[0000][PE] (25, 50, 75) percentile: (96, 140, 198)
[0000][PE] low and high boundaries for computing mean and std.dev: (1, 402)
[0000][PE] mean and std.dev: (153.47, 76.51)
[0000][PE] low and high boundaries for proper pairs: (1, 504)
[0000][PE] analyzing insert size distribution for orientation RF...
[0000][PE] (25, 50, 75) percentile: (261, 583, 915)
[0000][PE] low and high boundaries for computing mean and std.dev: (1, 2223)
[0000][PE] mean and std.dev: (534.29, 350.51)
[0000][PE] low and high boundaries for proper pairs: (1, 2877)
[0000][PE] analyzing insert size distribution for orientation RR...
[0000][PE] (25, 50, 75) percentile: (52, 89, 150)
[0000][PE] low and high boundaries for computing mean and std.dev: (1, 346)
[0000][PE] mean and std.dev: (92.84, 54.75)
[0000][PE] low and high boundaries for proper pairs: (1, 444)
[0000][PE] skip orientation FF
[0000][PE] skip orientation RF
[0000][PE] skip orientation RR
[0000] 3. Calling kt_for - worker_sam
[0000] read_chunk: 400000000, work_chunk_size: 400000220, nseq: 3292596
	[0000][ M::kt_pipeline] read 3292596 sequences (400000220 bp)...
	[0000][ M::mem_process_seqs] Processed 3294122 reads in 572.687 CPU sec, 15.378 real sec
[0000] Calling mem_process_seqs.., task: 19
[0000] 1. Calling kt_for - worker_bwt
[0000] 2. Calling kt_for - worker_aln
[0000] Inferring insert size distribution of PE reads from data, l_pac: 1342662642, n: 3292596
[0000][PE] # candidate unique pairs for (FF, FR, RF, RR): (110, 1157230, 32, 144)
[0000][PE] analyzing insert size distribution for orientation FF...
[0000][PE] (25, 50, 75) percentile: (43, 95, 140)
[0000][PE] low and high boundaries for computing mean and std.dev: (1, 334)
[0000][PE] mean and std.dev: (101.50, 69.53)
[0000][PE] low and high boundaries for proper pairs: (1, 431)
[0000][PE] analyzing insert size distribution for orientation FR...
[0000][PE] (25, 50, 75) percentile: (96, 140, 198)
[0000][PE] low and high boundaries for computing mean and std.dev: (1, 402)
[0000][PE] mean and std.dev: (153.62, 76.47)
[0000][PE] low and high boundaries for proper pairs: (1, 504)
[0000][PE] analyzing insert size distribution for orientation RF...
[0000][PE] (25, 50, 75) percentile: (107, 365, 1152)
[0000][PE] low and high boundaries for computing mean and std.dev: (1, 3242)
[0000][PE] mean and std.dev: (425.33, 520.37)
[0000][PE] low and high boundaries for proper pairs: (1, 4287)
[0000][PE] analyzing insert size distribution for orientation RR...
[0000][PE] (25, 50, 75) percentile: (68, 87, 164)
[0000][PE] low and high boundaries for computing mean and std.dev: (1, 356)
[0000][PE] mean and std.dev: (107.62, 65.90)
[0000][PE] low and high boundaries for proper pairs: (1, 452)
[0000][PE] skip orientation FF
[0000][PE] skip orientation RF
[0000][PE] skip orientation RR
[0000] 3. Calling kt_for - worker_sam
	[0000][ M::mem_process_seqs] Processed 3292596 reads in 534.981 CPU sec, 20.067 real sec
[0000] read_chunk: 400000000, work_chunk_size: 400000099, nseq: 3297992
	[0000][ M::kt_pipeline] read 3297992 sequences (400000099 bp)...
[0000] Calling mem_process_seqs.., task: 20
[0000] 1. Calling kt_for - worker_bwt
[0000] 2. Calling kt_for - worker_aln
[0000] Inferring insert size distribution of PE reads from data, l_pac: 1342662642, n: 3297992
[0000][PE] # candidate unique pairs for (FF, FR, RF, RR): (100, 1161964, 31, 103)
[0000][PE] analyzing insert size distribution for orientation FF...
[0000][PE] (25, 50, 75) percentile: (44, 77, 133)
[0000][PE] low and high boundaries for computing mean and std.dev: (1, 311)
[0000][PE] mean and std.dev: (85.50, 58.35)
[0000][PE] low and high boundaries for proper pairs: (1, 400)
[0000][PE] analyzing insert size distribution for orientation FR...
[0000] read_chunk: 400000000, work_chunk_size: 400000228, nseq: 3294846
[0000][PE] (25, 50, 75) percentile: (96, 140, 198)
[0000][PE] low and high boundaries for computing mean and std.dev: (1, 402)
[0000][PE] mean and std.dev: (153.40, 76.52)
[0000][PE] low and high boundaries for proper pairs: (1, 504)
[0000][PE] analyzing insert size distribution for orientation RF...
[0000][PE] (25, 50, 75) percentile: (125, 270, 819)
[0000][PE] low and high boundaries for computing mean and std.dev: (1, 2207)
[0000][PE] mean and std.dev: (366.96, 380.87)
[0000][PE] low and high boundaries for proper pairs: (1, 2901)
[0000][PE] analyzing insert size distribution for orientation RR...
[0000][PE] (25, 50, 75) percentile: (62, 98, 157)
[0000][PE] low and high boundaries for computing mean and std.dev: (1, 347)
[0000][PE] mean and std.dev: (106.88, 68.78)
[0000][PE] low and high boundaries for proper pairs: (1, 442)
[0000][PE] skip orientation FF
[0000][PE] skip orientation RF
[0000][PE] skip orientation RR
[0000] 3. Calling kt_for - worker_sam
	[0000][ M::kt_pipeline] read 3294846 sequences (400000228 bp)...
	[0000][ M::mem_process_seqs] Processed 3297992 reads in 517.941 CPU sec, 13.827 real sec
[0000] Calling mem_process_seqs.., task: 21
[0000] 1. Calling kt_for - worker_bwt
[0000] 2. Calling kt_for - worker_aln
[0000] Inferring insert size distribution of PE reads from data, l_pac: 1342662642, n: 3294846
[0000][PE] # candidate unique pairs for (FF, FR, RF, RR): (103, 1155554, 32, 103)
[0000][PE] analyzing insert size distribution for orientation FF...
[0000][PE] (25, 50, 75) percentile: (55, 83, 135)
[0000][PE] low and high boundaries for computing mean and std.dev: (1, 295)
[0000][PE] mean and std.dev: (89.67, 52.30)
[0000][PE] low and high boundaries for proper pairs: (1, 375)
[0000][PE] analyzing insert size distribution for orientation FR...
[0000][PE] (25, 50, 75) percentile: (96, 140, 197)
[0000][PE] low and high boundaries for computing mean and std.dev: (1, 399)
[0000][PE] mean and std.dev: (153.12, 76.23)
[0000][PE] low and high boundaries for proper pairs: (1, 500)
[0000][PE] analyzing insert size distribution for orientation RF...
[0000][PE] (25, 50, 75) percentile: (166, 319, 744)
[0000][PE] low and high boundaries for computing mean and std.dev: (1, 1900)
[0000][PE] mean and std.dev: (395.17, 398.39)
[0000][PE] low and high boundaries for proper pairs: (1, 2478)
[0000][PE] analyzing insert size distribution for orientation RR...
[0000][PE] (25, 50, 75) percentile: (52, 94, 166)
[0000][PE] low and high boundaries for computing mean and std.dev: (1, 394)
[0000][PE] mean and std.dev: (99.90, 62.82)
[0000][PE] low and high boundaries for proper pairs: (1, 508)
[0000][PE] skip orientation FF
[0000][PE] skip orientation RF
[0000][PE] skip orientation RR
[0000] 3. Calling kt_for - worker_sam
[0000] read_chunk: 400000000, work_chunk_size: 400000015, nseq: 3294754
	[0000][ M::kt_pipeline] read 3294754 sequences (400000015 bp)...
	[0000][ M::mem_process_seqs] Processed 3294846 reads in 544.747 CPU sec, 15.025 real sec
[0000] Calling mem_process_seqs.., task: 22
[0000] 1. Calling kt_for - worker_bwt
[0000] 2. Calling kt_for - worker_aln
[0000] Inferring insert size distribution of PE reads from data, l_pac: 1342662642, n: 3294754
[0000][PE] # candidate unique pairs for (FF, FR, RF, RR): (108, 1160437, 36, 125)
[0000][PE] analyzing insert size distribution for orientation FF...
[0000][PE] (25, 50, 75) percentile: (55, 97, 144)
[0000][PE] low and high boundaries for computing mean and std.dev: (1, 322)
[0000][PE] mean and std.dev: (99.00, 56.77)
[0000][PE] low and high boundaries for proper pairs: (1, 411)
[0000][PE] analyzing insert size distribution for orientation FR...
[0000][PE] (25, 50, 75) percentile: (96, 140, 198)
[0000][PE] low and high boundaries for computing mean and std.dev: (1, 402)
[0000][PE] mean and std.dev: (153.58, 76.47)
[0000][PE] low and high boundaries for proper pairs: (1, 504)
[0000][PE] analyzing insert size distribution for orientation RF...
[0000][PE] (25, 50, 75) percentile: (54, 183, 378)
[0000][PE] low and high boundaries for computing mean and std.dev: (1, 1026)
[0000][PE] mean and std.dev: (203.38, 181.65)
[0000][PE] low and high boundaries for proper pairs: (1, 1350)
[0000][PE] analyzing insert size distribution for orientation RR...
[0000][PE] (25, 50, 75) percentile: (68, 107, 142)
[0000][PE] low and high boundaries for computing mean and std.dev: (1, 290)
[0000][PE] mean and std.dev: (105.76, 53.45)
[0000][PE] low and high boundaries for proper pairs: (1, 364)
[0000][PE] skip orientation FF
[0000][PE] skip orientation RF
[0000][PE] skip orientation RR
[0000] 3. Calling kt_for - worker_sam
[0000] read_chunk: 400000000, work_chunk_size: 400000014, nseq: 3300948
	[0000][ M::kt_pipeline] read 3300948 sequences (400000014 bp)...
	[0000][ M::mem_process_seqs] Processed 3294754 reads in 552.371 CPU sec, 14.948 real sec
[0000] Calling mem_process_seqs.., task: 23
[0000] 1. Calling kt_for - worker_bwt
[0000] 2. Calling kt_for - worker_aln
[0000] Inferring insert size distribution of PE reads from data, l_pac: 1342662642, n: 3300948
[0000][PE] # candidate unique pairs for (FF, FR, RF, RR): (104, 1173895, 31, 100)
[0000][PE] analyzing insert size distribution for orientation FF...
[0000][PE] (25, 50, 75) percentile: (56, 84, 122)
[0000][PE] low and high boundaries for computing mean and std.dev: (1, 254)
[0000][PE] mean and std.dev: (85.04, 49.27)
[0000][PE] low and high boundaries for proper pairs: (1, 320)
[0000][PE] analyzing insert size distribution for orientation FR...
[0000][PE] (25, 50, 75) percentile: (96, 140, 198)
[0000][PE] low and high boundaries for computing mean and std.dev: (1, 402)
[0000][PE] mean and std.dev: (153.45, 76.47)
[0000][PE] low and high boundaries for proper pairs: (1, 504)
[0000][PE] analyzing insert size distribution for orientation RF...
[0000][PE] (25, 50, 75) percentile: (213, 267, 524)
[0000][PE] low and high boundaries for computing mean and std.dev: (1, 1146)
[0000][PE] mean and std.dev: (292.74, 203.45)
[0000][PE] low and high boundaries for proper pairs: (1, 1457)
[0000][PE] analyzing insert size distribution for orientation RR...
[0000][PE] (25, 50, 75) percentile: (67, 122, 169)
[0000][PE] low and high boundaries for computing mean and std.dev: (1, 373)
[0000][PE] mean and std.dev: (114.87, 64.74)
[0000][PE] low and high boundaries for proper pairs: (1, 475)
[0000][PE] skip orientation FF
[0000][PE] skip orientation RF
[0000][PE] skip orientation RR
[0000] 3. Calling kt_for - worker_sam
	[0000][ M::mem_process_seqs] Processed 3300948 reads in 514.260 CPU sec, 14.527 real sec
[0000] read_chunk: 400000000, work_chunk_size: 400000172, nseq: 3289580
	[0000][ M::kt_pipeline] read 3289580 sequences (400000172 bp)...
[0000] Calling mem_process_seqs.., task: 24
[0000] 1. Calling kt_for - worker_bwt
[0000] 2. Calling kt_for - worker_aln
[0000] Inferring insert size distribution of PE reads from data, l_pac: 1342662642, n: 3289580
[0000][PE] # candidate unique pairs for (FF, FR, RF, RR): (106, 1150654, 33, 93)
[0000][PE] analyzing insert size distribution for orientation FF...
[0000][PE] (25, 50, 75) percentile: (50, 92, 147)
[0000][PE] low and high boundaries for computing mean and std.dev: (1, 341)
[0000][PE] mean and std.dev: (102.25, 65.20)
[0000][PE] low and high boundaries for proper pairs: (1, 438)
[0000][PE] analyzing insert size distribution for orientation FR...
[0000][PE] (25, 50, 75) percentile: (96, 140, 198)
[0000][PE] low and high boundaries for computing mean and std.dev: (1, 402)
[0000][PE] mean and std.dev: (153.67, 76.45)
[0000][PE] low and high boundaries for proper pairs: (1, 504)
[0000][PE] analyzing insert size distribution for orientation RF...
[0000][PE] (25, 50, 75) percentile: (52, 332, 936)
[0000][PE] low and high boundaries for computing mean and std.dev: (1, 2704)
[0000][PE] mean and std.dev: (332.11, 325.63)
[0000][PE] low and high boundaries for proper pairs: (1, 3588)
[0000][PE] analyzing insert size distribution for orientation RR...
[0000][PE] (25, 50, 75) percentile: (43, 92, 133)
[0000][PE] low and high boundaries for computing mean and std.dev: (1, 313)
[0000][PE] mean and std.dev: (82.68, 50.88)
[0000][PE] low and high boundaries for proper pairs: (1, 403)
[0000][PE] skip orientation FF
[0000][PE] skip orientation RF
[0000][PE] skip orientation RR
[0000] 3. Calling kt_for - worker_sam
[0000] read_chunk: 400000000, work_chunk_size: 400000147, nseq: 3305986
	[0000][ M::kt_pipeline] read 3305986 sequences (400000147 bp)...
	[0000][ M::mem_process_seqs] Processed 3289580 reads in 532.496 CPU sec, 14.449 real sec
[0000] Reallocating initial memory allocations!!
[0000] Calling mem_process_seqs.., task: 25
[0000] 1. Calling kt_for - worker_bwt
[0000] 2. Calling kt_for - worker_aln
[0000] Inferring insert size distribution of PE reads from data, l_pac: 1342662642, n: 3305986
[0000][PE] # candidate unique pairs for (FF, FR, RF, RR): (116, 1187149, 51, 113)
[0000][PE] analyzing insert size distribution for orientation FF...
[0000][PE] (25, 50, 75) percentile: (50, 87, 143)
[0000][PE] low and high boundaries for computing mean and std.dev: (1, 329)
[0000][PE] mean and std.dev: (96.59, 64.34)
[0000][PE] low and high boundaries for proper pairs: (1, 422)
[0000][PE] analyzing insert size distribution for orientation FR...
[0000][PE] (25, 50, 75) percentile: (96, 140, 198)
[0000][PE] low and high boundaries for computing mean and std.dev: (1, 402)
[0000][PE] mean and std.dev: (153.30, 76.52)
[0000][PE] low and high boundaries for proper pairs: (1, 504)
[0000][PE] analyzing insert size distribution for orientation RF...
[0000][PE] (25, 50, 75) percentile: (86, 280, 482)
[0000][PE] low and high boundaries for computing mean and std.dev: (1, 1274)
[0000][PE] mean and std.dev: (284.67, 286.97)
[0000][PE] low and high boundaries for proper pairs: (1, 1670)
[0000][PE] analyzing insert size distribution for orientation RR...
[0000][PE] (25, 50, 75) percentile: (66, 106, 167)
[0000][PE] low and high boundaries for computing mean and std.dev: (1, 369)
[0000][PE] mean and std.dev: (109.41, 66.13)
[0000][PE] low and high boundaries for proper pairs: (1, 470)
[0000][PE] skip orientation FF
[0000][PE] skip orientation RF
[0000][PE] skip orientation RR
[0000] 3. Calling kt_for - worker_sam
[0000] read_chunk: 400000000, work_chunk_size: 400000016, nseq: 3299024
	[0000][ M::kt_pipeline] read 3299024 sequences (400000016 bp)...
	[0000][ M::mem_process_seqs] Processed 3305986 reads in 504.563 CPU sec, 13.690 real sec
[0000] Calling mem_process_seqs.., task: 26
[0000] 1. Calling kt_for - worker_bwt
[0000] 2. Calling kt_for - worker_aln
[0000] Inferring insert size distribution of PE reads from data, l_pac: 1342662642, n: 3299024
[0000][PE] # candidate unique pairs for (FF, FR, RF, RR): (115, 1162129, 43, 109)
[0000][PE] analyzing insert size distribution for orientation FF...
[0000][PE] (25, 50, 75) percentile: (60, 91, 143)
[0000][PE] low and high boundaries for computing mean and std.dev: (1, 309)
[0000][PE] mean and std.dev: (100.92, 65.71)
[0000][PE] low and high boundaries for proper pairs: (1, 392)
[0000][PE] analyzing insert size distribution for orientation FR...
[0000][PE] (25, 50, 75) percentile: (96, 140, 198)
[0000][PE] low and high boundaries for computing mean and std.dev: (1, 402)
[0000][PE] mean and std.dev: (153.51, 76.52)
[0000][PE] low and high boundaries for proper pairs: (1, 504)
[0000][PE] analyzing insert size distribution for orientation RF...
[0000][PE] (25, 50, 75) percentile: (112, 270, 423)
[0000][PE] low and high boundaries for computing mean and std.dev: (1, 1045)
[0000][PE] mean and std.dev: (250.00, 224.40)
[0000][PE] low and high boundaries for proper pairs: (1, 1356)
[0000][PE] analyzing insert size distribution for orientation RR...
[0000][PE] (25, 50, 75) percentile: (59, 96, 149)
[0000][PE] low and high boundaries for computing mean and std.dev: (1, 329)
[0000][PE] mean and std.dev: (98.45, 63.10)
[0000][PE] low and high boundaries for proper pairs: (1, 419)
[0000][PE] skip orientation FF
[0000][PE] skip orientation RF
[0000][PE] skip orientation RR
[0000] 3. Calling kt_for - worker_sam
[0000] read_chunk: 400000000, work_chunk_size: 400000039, nseq: 3240376
	[0000][ M::kt_pipeline] read 3240376 sequences (400000039 bp)...
	[0000][ M::mem_process_seqs] Processed 3299024 reads in 533.521 CPU sec, 14.556 real sec
[0000] Calling mem_process_seqs.., task: 27
[0000] 1. Calling kt_for - worker_bwt
[0000] 2. Calling kt_for - worker_aln
[0000] read_chunk: 400000000, work_chunk_size: 400000083, nseq: 3282996
	[0000][ M::kt_pipeline] read 3282996 sequences (400000083 bp)...
[0000] Inferring insert size distribution of PE reads from data, l_pac: 1342662642, n: 3240376
[0000][PE] # candidate unique pairs for (FF, FR, RF, RR): (112, 1007889, 42, 99)
[0000][PE] analyzing insert size distribution for orientation FF...
[0000][PE] (25, 50, 75) percentile: (60, 106, 164)
[0000][PE] low and high boundaries for computing mean and std.dev: (1, 372)
[0000][PE] mean and std.dev: (120.59, 83.47)
[0000][PE] low and high boundaries for proper pairs: (1, 476)
[0000][PE] analyzing insert size distribution for orientation FR...
[0000][PE] (25, 50, 75) percentile: (96, 140, 197)
[0000][PE] low and high boundaries for computing mean and std.dev: (1, 399)
[0000][PE] mean and std.dev: (153.06, 76.20)
[0000][PE] low and high boundaries for proper pairs: (1, 500)
[0000][PE] analyzing insert size distribution for orientation RF...
[0000][PE] (25, 50, 75) percentile: (172, 344, 721)
[0000][PE] low and high boundaries for computing mean and std.dev: (1, 1819)
[0000][PE] mean and std.dev: (385.08, 310.68)
[0000][PE] low and high boundaries for proper pairs: (1, 2368)
[0000][PE] analyzing insert size distribution for orientation RR...
[0000][PE] (25, 50, 75) percentile: (59, 91, 146)
[0000][PE] low and high boundaries for computing mean and std.dev: (1, 320)
[0000][PE] mean and std.dev: (94.99, 51.54)
[0000][PE] low and high boundaries for proper pairs: (1, 407)
[0000][PE] skip orientation FF
[0000][PE] skip orientation RF
[0000][PE] skip orientation RR
[0000] 3. Calling kt_for - worker_sam
	[0000][ M::mem_process_seqs] Processed 3240376 reads in 944.559 CPU sec, 24.721 real sec
[0000] Calling mem_process_seqs.., task: 28
[0000] 1. Calling kt_for - worker_bwt
[0000] 2. Calling kt_for - worker_aln
[0000] Inferring insert size distribution of PE reads from data, l_pac: 1342662642, n: 3282996
[0000][PE] # candidate unique pairs for (FF, FR, RF, RR): (110, 1130514, 33, 102)
[0000][PE] analyzing insert size distribution for orientation FF...
[0000][PE] (25, 50, 75) percentile: (55, 102, 172)
[0000][PE] low and high boundaries for computing mean and std.dev: (1, 406)
[0000][PE] mean and std.dev: (121.49, 90.49)
[0000][PE] low and high boundaries for proper pairs: (1, 523)
[0000][PE] analyzing insert size distribution for orientation FR...
[0000][PE] (25, 50, 75) percentile: (96, 140, 198)
[0000][PE] low and high boundaries for computing mean and std.dev: (1, 402)
[0000][PE] mean and std.dev: (153.63, 76.37)
[0000][PE] low and high boundaries for proper pairs: (1, 504)
[0000][PE] analyzing insert size distribution for orientation RF...
[0000][PE] (25, 50, 75) percentile: (39, 301, 474)
[0000][PE] low and high boundaries for computing mean and std.dev: (1, 1344)
[0000][PE] mean and std.dev: (328.81, 377.05)
[0000][PE] low and high boundaries for proper pairs: (1, 1837)
[0000][PE] analyzing insert size distribution for orientation RR...
[0000][PE] (25, 50, 75) percentile: (65, 103, 178)
[0000][PE] low and high boundaries for computing mean and std.dev: (1, 404)
[0000][PE] mean and std.dev: (115.65, 74.94)
[0000][PE] low and high boundaries for proper pairs: (1, 517)
[0000][PE] skip orientation FF
[0000][PE] skip orientation RF
[0000][PE] skip orientation RR
[0000] 3. Calling kt_for - worker_sam
	[0000][ M::mem_process_seqs] Processed 3282996 reads in 558.384 CPU sec, 15.395 real sec
[0000] read_chunk: 400000000, work_chunk_size: 400000046, nseq: 3294620
	[0000][ M::kt_pipeline] read 3294620 sequences (400000046 bp)...
[0000] Calling mem_process_seqs.., task: 29
[0000] 1. Calling kt_for - worker_bwt
[0000] 2. Calling kt_for - worker_aln
[0000] Inferring insert size distribution of PE reads from data, l_pac: 1342662642, n: 3294620
[0000][PE] # candidate unique pairs for (FF, FR, RF, RR): (110, 1159398, 32, 107)
[0000][PE] analyzing insert size distribution for orientation FF...
[0000][PE] (25, 50, 75) percentile: (55, 97, 154)
[0000][PE] low and high boundaries for computing mean and std.dev: (1, 352)
[0000][PE] mean and std.dev: (105.67, 69.68)
[0000][PE] low and high boundaries for proper pairs: (1, 451)
[0000][PE] analyzing insert size distribution for orientation FR...
[0000][PE] (25, 50, 75) percentile: (96, 140, 198)
[0000][PE] low and high boundaries for computing mean and std.dev: (1, 402)
[0000][PE] mean and std.dev: (153.55, 76.59)
[0000][PE] low and high boundaries for proper pairs: (1, 504)
[0000][PE] analyzing insert size distribution for orientation RF...
[0000][PE] (25, 50, 75) percentile: (116, 201, 880)
[0000][PE] low and high boundaries for computing mean and std.dev: (1, 2408)
[0000][PE] mean and std.dev: (369.59, 391.15)
[0000][PE] low and high boundaries for proper pairs: (1, 3172)
[0000][PE] analyzing insert size distribution for orientation RR...
[0000][PE] (25, 50, 75) percentile: (73, 109, 188)
[0000][PE] low and high boundaries for computing mean and std.dev: (1, 418)
[0000][PE] mean and std.dev: (122.45, 85.58)
[0000][PE] low and high boundaries for proper pairs: (1, 533)
[0000][PE] skip orientation FF
[0000][PE] skip orientation RF
[0000][PE] skip orientation RR
[0000] 3. Calling kt_for - worker_sam
	[0000][ M::mem_process_seqs] Processed 3294620 reads in 537.976 CPU sec, 14.550 real sec
[0000] read_chunk: 400000000, work_chunk_size: 400000299, nseq: 3308610
	[0000][ M::kt_pipeline] read 3308610 sequences (400000299 bp)...
[0000] Reallocating initial memory allocations!!
[0000] Calling mem_process_seqs.., task: 30
[0000] 1. Calling kt_for - worker_bwt
[0000] 2. Calling kt_for - worker_aln
[0000] Inferring insert size distribution of PE reads from data, l_pac: 1342662642, n: 3308610
[0000][PE] # candidate unique pairs for (FF, FR, RF, RR): (116, 1159915, 29, 85)
[0000][PE] analyzing insert size distribution for orientation FF...
[0000][PE] (25, 50, 75) percentile: (66, 102, 160)
[0000][PE] low and high boundaries for computing mean and std.dev: (1, 348)
[0000][PE] mean and std.dev: (107.26, 68.83)
[0000][PE] low and high boundaries for proper pairs: (1, 442)
[0000][PE] analyzing insert size distribution for orientation FR...
[0000][PE] (25, 50, 75) percentile: (96, 140, 198)
[0000][PE] low and high boundaries for computing mean and std.dev: (1, 402)
[0000][PE] mean and std.dev: (153.44, 76.43)
[0000][PE] low and high boundaries for proper pairs: (1, 504)
[0000][PE] analyzing insert size distribution for orientation RF...
[0000][PE] (25, 50, 75) percentile: (120, 288, 630)
[0000][PE] low and high boundaries for computing mean and std.dev: (1, 1650)
[0000][PE] mean and std.dev: (416.25, 397.14)
[0000][PE] low and high boundaries for proper pairs: (1, 2160)
[0000][PE] analyzing insert size distribution for orientation RR...
[0000][PE] (25, 50, 75) percentile: (55, 109, 168)
[0000][PE] low and high boundaries for computing mean and std.dev: (1, 394)
[0000][PE] mean and std.dev: (108.97, 60.04)
[0000][PE] low and high boundaries for proper pairs: (1, 507)
[0000][PE] skip orientation FF
[0000][PE] skip orientation RF
[0000][PE] skip orientation RR
[0000] 3. Calling kt_for - worker_sam
[0000] read_chunk: 400000000, work_chunk_size: 400000058, nseq: 3303280
	[0000][ M::kt_pipeline] read 3303280 sequences (400000058 bp)...
	[0000][ M::mem_process_seqs] Processed 3308610 reads in 507.091 CPU sec, 13.690 real sec
[0000] Calling mem_process_seqs.., task: 31
[0000] 1. Calling kt_for - worker_bwt
[0000] 2. Calling kt_for - worker_aln
[0000] Inferring insert size distribution of PE reads from data, l_pac: 1342662642, n: 3303280
[0000][PE] # candidate unique pairs for (FF, FR, RF, RR): (102, 1173982, 32, 100)
[0000][PE] analyzing insert size distribution for orientation FF...
[0000][PE] (25, 50, 75) percentile: (47, 78, 145)
[0000][PE] low and high boundaries for computing mean and std.dev: (1, 341)
[0000][PE] mean and std.dev: (88.48, 55.42)
[0000][PE] low and high boundaries for proper pairs: (1, 439)
[0000][PE] analyzing insert size distribution for orientation FR...
[0000][PE] (25, 50, 75) percentile: (96, 140, 198)
[0000][PE] low and high boundaries for computing mean and std.dev: (1, 402)
[0000][PE] mean and std.dev: (153.43, 76.56)
[0000][PE] low and high boundaries for proper pairs: (1, 504)
[0000][PE] analyzing insert size distribution for orientation RF...
[0000][PE] (25, 50, 75) percentile: (59, 148, 522)
[0000][PE] low and high boundaries for computing mean and std.dev: (1, 1448)
[0000][PE] mean and std.dev: (299.97, 330.18)
[0000][PE] low and high boundaries for proper pairs: (1, 1911)
[0000][PE] analyzing insert size distribution for orientation RR...
[0000][PE] (25, 50, 75) percentile: (62, 95, 150)
[0000][PE] low and high boundaries for computing mean and std.dev: (1, 326)
[0000][PE] mean and std.dev: (105.74, 67.90)
[0000][PE] low and high boundaries for proper pairs: (1, 414)
[0000][PE] skip orientation FF
[0000][PE] skip orientation RF
[0000][PE] skip orientation RR
[0000] 3. Calling kt_for - worker_sam
[0000] read_chunk: 400000000, work_chunk_size: 400000102, nseq: 3294964
	[0000][ M::kt_pipeline] read 3294964 sequences (400000102 bp)...
	[0000][ M::mem_process_seqs] Processed 3303280 reads in 520.415 CPU sec, 14.118 real sec
[0000] Calling mem_process_seqs.., task: 32
[0000] 1. Calling kt_for - worker_bwt
[0000] 2. Calling kt_for - worker_aln
[0000] Inferring insert size distribution of PE reads from data, l_pac: 1342662642, n: 3294964
[0000][PE] # candidate unique pairs for (FF, FR, RF, RR): (84, 1167070, 45, 114)
[0000][PE] analyzing insert size distribution for orientation FF...
[0000][PE] (25, 50, 75) percentile: (65, 98, 129)
[0000][PE] low and high boundaries for computing mean and std.dev: (1, 257)
[0000][PE] mean and std.dev: (91.28, 50.54)
[0000][PE] low and high boundaries for proper pairs: (1, 321)
[0000][PE] analyzing insert size distribution for orientation FR...
[0000][PE] (25, 50, 75) percentile: (96, 140, 198)
[0000][PE] low and high boundaries for computing mean and std.dev: (1, 402)
[0000][PE] mean and std.dev: (153.68, 76.29)
[0000][PE] low and high boundaries for proper pairs: (1, 504)
[0000][PE] analyzing insert size distribution for orientation RF...
[0000][PE] (25, 50, 75) percentile: (181, 344, 1352)
[0000][PE] low and high boundaries for computing mean and std.dev: (1, 3694)
[0000][PE] mean and std.dev: (694.77, 878.72)
[0000][PE] low and high boundaries for proper pairs: (1, 4865)
[0000][PE] analyzing insert size distribution for orientation RR...
[0000][PE] (25, 50, 75) percentile: (64, 87, 154)
[0000][PE] low and high boundaries for computing mean and std.dev: (1, 334)
[0000][PE] mean and std.dev: (108.16, 65.82)
[0000][PE] low and high boundaries for proper pairs: (1, 424)
[0000][PE] skip orientation FF
[0000][PE] skip orientation RF
[0000][PE] skip orientation RR
[0000] 3. Calling kt_for - worker_sam
	[0000][ M::mem_process_seqs] Processed 3294964 reads in 502.649 CPU sec, 13.713 real sec
[0000] read_chunk: 400000000, work_chunk_size: 400000014, nseq: 3300090
	[0000][ M::kt_pipeline] read 3300090 sequences (400000014 bp)...
[0000] Calling mem_process_seqs.., task: 33
[0000] 1. Calling kt_for - worker_bwt
[0000] 2. Calling kt_for - worker_aln
[0000] Inferring insert size distribution of PE reads from data, l_pac: 1342662642, n: 3300090
[0000][PE] # candidate unique pairs for (FF, FR, RF, RR): (110, 1159003, 37, 104)
[0000][PE] analyzing insert size distribution for orientation FF...
[0000][PE] (25, 50, 75) percentile: (50, 93, 141)
[0000][PE] low and high boundaries for computing mean and std.dev: (1, 323)
[0000][PE] mean and std.dev: (96.69, 63.60)
[0000][PE] low and high boundaries for proper pairs: (1, 414)
[0000][PE] analyzing insert size distribution for orientation FR...
[0000][PE] (25, 50, 75) percentile: (96, 140, 198)
[0000][PE] low and high boundaries for computing mean and std.dev: (1, 402)
[0000][PE] mean and std.dev: (153.47, 76.47)
[0000][PE] low and high boundaries for proper pairs: (1, 504)
[0000][PE] analyzing insert size distribution for orientation RF...
[0000][PE] (25, 50, 75) percentile: (84, 266, 1182)
[0000][PE] low and high boundaries for computing mean and std.dev: (1, 3378)
[0000][PE] mean and std.dev: (591.11, 757.49)
[0000][PE] low and high boundaries for proper pairs: (1, 4476)
[0000][PE] analyzing insert size distribution for orientation RR...
[0000][PE] (25, 50, 75) percentile: (53, 92, 144)
[0000][PE] low and high boundaries for computing mean and std.dev: (1, 326)
[0000][PE] mean and std.dev: (101.20, 67.51)
[0000][PE] low and high boundaries for proper pairs: (1, 417)
[0000][PE] skip orientation FF
[0000][PE] skip orientation RF
[0000][PE] skip orientation RR
[0000] 3. Calling kt_for - worker_sam
[0000] read_chunk: 400000000, work_chunk_size: 400000035, nseq: 3304264
	[0000][ M::kt_pipeline] read 3304264 sequences (400000035 bp)...
	[0000][ M::mem_process_seqs] Processed 3300090 reads in 529.782 CPU sec, 14.448 real sec
[0000] Calling mem_process_seqs.., task: 34
[0000] 1. Calling kt_for - worker_bwt
[0000] 2. Calling kt_for - worker_aln
[0000] Inferring insert size distribution of PE reads from data, l_pac: 1342662642, n: 3304264
[0000][PE] # candidate unique pairs for (FF, FR, RF, RR): (97, 1172387, 28, 95)
[0000][PE] analyzing insert size distribution for orientation FF...
[0000][PE] (25, 50, 75) percentile: (63, 105, 185)
[0000][PE] low and high boundaries for computing mean and std.dev: (1, 429)
[0000][PE] mean and std.dev: (118.08, 76.27)
[0000][PE] low and high boundaries for proper pairs: (1, 551)
[0000][PE] analyzing insert size distribution for orientation FR...
[0000][PE] (25, 50, 75) percentile: (96, 140, 197)
[0000][PE] low and high boundaries for computing mean and std.dev: (1, 399)
[0000][PE] mean and std.dev: (153.18, 76.25)
[0000][PE] low and high boundaries for proper pairs: (1, 500)
[0000][PE] analyzing insert size distribution for orientation RF...
[0000][PE] (25, 50, 75) percentile: (316, 726, 1482)
[0000][PE] low and high boundaries for computing mean and std.dev: (1, 3814)
[0000][PE] mean and std.dev: (873.08, 889.73)
[0000][PE] low and high boundaries for proper pairs: (1, 4980)
[0000][PE] analyzing insert size distribution for orientation RR...
[0000][PE] (25, 50, 75) percentile: (51, 96, 142)
[0000][PE] low and high boundaries for computing mean and std.dev: (1, 324)
[0000][PE] mean and std.dev: (98.43, 62.92)
[0000][PE] low and high boundaries for proper pairs: (1, 415)
[0000][PE] skip orientation FF
[0000][PE] skip orientation RF
[0000][PE] skip orientation RR
[0000] 3. Calling kt_for - worker_sam
	[0000][ M::mem_process_seqs] Processed 3304264 reads in 500.778 CPU sec, 13.896 real sec
[0000] read_chunk: 400000000, work_chunk_size: 400000051, nseq: 3301954
	[0000][ M::kt_pipeline] read 3301954 sequences (400000051 bp)...
[0000] Calling mem_process_seqs.., task: 35
[0000] 1. Calling kt_for - worker_bwt
[0000] 2. Calling kt_for - worker_aln
[0000] Inferring insert size distribution of PE reads from data, l_pac: 1342662642, n: 3301954
[0000][PE] # candidate unique pairs for (FF, FR, RF, RR): (81, 1136958, 41, 113)
[0000][PE] analyzing insert size distribution for orientation FF...
[0000][PE] (25, 50, 75) percentile: (51, 85, 153)
[0000][PE] low and high boundaries for computing mean and std.dev: (1, 357)
[0000][PE] mean and std.dev: (93.41, 61.96)
[0000][PE] low and high boundaries for proper pairs: (1, 459)
[0000][PE] analyzing insert size distribution for orientation FR...
[0000][PE] (25, 50, 75) percentile: (96, 140, 197)
[0000][PE] low and high boundaries for computing mean and std.dev: (1, 399)
[0000][PE] mean and std.dev: (153.07, 76.19)
[0000][PE] low and high boundaries for proper pairs: (1, 500)
[0000][PE] analyzing insert size distribution for orientation RF...
[0000][PE] (25, 50, 75) percentile: (94, 189, 564)
[0000][PE] low and high boundaries for computing mean and std.dev: (1, 1504)
[0000][PE] mean and std.dev: (281.25, 301.06)
[0000][PE] low and high boundaries for proper pairs: (1, 1974)
[0000][PE] analyzing insert size distribution for orientation RR...
[0000][PE] (25, 50, 75) percentile: (68, 106, 185)
[0000][PE] low and high boundaries for computing mean and std.dev: (1, 419)
[0000][PE] mean and std.dev: (118.86, 71.28)
[0000][PE] low and high boundaries for proper pairs: (1, 536)
[0000][PE] skip orientation FF
[0000][PE] skip orientation RF
[0000][PE] skip orientation RR
[0000] 3. Calling kt_for - worker_sam
[0000] read_chunk: 400000000, work_chunk_size: 400000260, nseq: 3300530
	[0000][ M::kt_pipeline] read 3300530 sequences (400000260 bp)...
	[0000][ M::mem_process_seqs] Processed 3301954 reads in 566.458 CPU sec, 15.088 real sec
[0000] Calling mem_process_seqs.., task: 36
[0000] 1. Calling kt_for - worker_bwt
[0000] 2. Calling kt_for - worker_aln
[0000] Inferring insert size distribution of PE reads from data, l_pac: 1342662642, n: 3300530
[0000][PE] # candidate unique pairs for (FF, FR, RF, RR): (93, 1173072, 39, 107)
[0000][PE] analyzing insert size distribution for orientation FF...
[0000][PE] (25, 50, 75) percentile: (55, 85, 139)
[0000][PE] low and high boundaries for computing mean and std.dev: (1, 307)
[0000][PE] mean and std.dev: (90.74, 61.25)
[0000][PE] low and high boundaries for proper pairs: (1, 391)
[0000][PE] analyzing insert size distribution for orientation FR...
[0000][PE] (25, 50, 75) percentile: (96, 140, 198)
[0000][PE] low and high boundaries for computing mean and std.dev: (1, 402)
[0000][PE] mean and std.dev: (153.35, 76.41)
[0000][PE] low and high boundaries for proper pairs: (1, 504)
[0000][PE] analyzing insert size distribution for orientation RF...
[0000][PE] (25, 50, 75) percentile: (110, 481, 937)
[0000][PE] low and high boundaries for computing mean and std.dev: (1, 2591)
[0000][PE] mean and std.dev: (526.92, 523.34)
[0000][PE] low and high boundaries for proper pairs: (1, 3418)
[0000][PE] analyzing insert size distribution for orientation RR...
[0000][PE] (25, 50, 75) percentile: (64, 93, 139)
[0000][PE] low and high boundaries for computing mean and std.dev: (1, 289)
[0000][PE] mean and std.dev: (99.19, 53.16)
[0000][PE] low and high boundaries for proper pairs: (1, 364)
[0000][PE] skip orientation FF
[0000][PE] skip orientation RF
[0000][PE] skip orientation RR
[0000] 3. Calling kt_for - worker_sam
	[0000][ M::mem_process_seqs] Processed 3300530 reads in 488.114 CPU sec, 13.293 real sec
[0000] read_chunk: 400000000, work_chunk_size: 400000003, nseq: 3296386
	[0000][ M::kt_pipeline] read 3296386 sequences (400000003 bp)...
[0000] Calling mem_process_seqs.., task: 37
[0000] 1. Calling kt_for - worker_bwt
[0000] 2. Calling kt_for - worker_aln
[0000] Inferring insert size distribution of PE reads from data, l_pac: 1342662642, n: 3296386
[0000][PE] # candidate unique pairs for (FF, FR, RF, RR): (122, 1158376, 44, 94)
[0000][PE] analyzing insert size distribution for orientation FF...
[0000][PE] (25, 50, 75) percentile: (58, 96, 152)
[0000][PE] low and high boundaries for computing mean and std.dev: (1, 340)
[0000][PE] mean and std.dev: (103.59, 64.07)
[0000][PE] low and high boundaries for proper pairs: (1, 434)
[0000][PE] analyzing insert size distribution for orientation FR...
[0000][PE] (25, 50, 75) percentile: (96, 140, 198)
[0000][PE] low and high boundaries for computing mean and std.dev: (1, 402)
[0000][PE] mean and std.dev: (153.75, 76.48)
[0000][PE] low and high boundaries for proper pairs: (1, 504)
[0000][PE] analyzing insert size distribution for orientation RF...
[0000][PE] (25, 50, 75) percentile: (139, 351, 746)
[0000][PE] low and high boundaries for computing mean and std.dev: (1, 1960)
[0000][PE] mean and std.dev: (414.50, 417.10)
[0000][PE] low and high boundaries for proper pairs: (1, 2567)
[0000][PE] analyzing insert size distribution for orientation RR...
[0000][PE] (25, 50, 75) percentile: (61, 92, 136)
[0000][PE] low and high boundaries for computing mean and std.dev: (1, 286)
[0000][PE] mean and std.dev: (98.58, 57.03)
[0000][PE] low and high boundaries for proper pairs: (1, 361)
[0000][PE] skip orientation FF
[0000][PE] skip orientation RF
[0000][PE] skip orientation RR
[0000] 3. Calling kt_for - worker_sam
	[0000][ M::mem_process_seqs] Processed 3296386 reads in 522.447 CPU sec, 19.638 real sec
[0000] read_chunk: 400000000, work_chunk_size: 400000147, nseq: 3296062
	[0000][ M::kt_pipeline] read 3296062 sequences (400000147 bp)...
[0000] Calling mem_process_seqs.., task: 38
[0000] 1. Calling kt_for - worker_bwt
[0000] 2. Calling kt_for - worker_aln
[0000] Inferring insert size distribution of PE reads from data, l_pac: 1342662642, n: 3296062
[0000][PE] # candidate unique pairs for (FF, FR, RF, RR): (109, 1161719, 37, 108)
[0000][PE] analyzing insert size distribution for orientation FF...
[0000][PE] (25, 50, 75) percentile: (61, 97, 162)
[0000][PE] low and high boundaries for computing mean and std.dev: (1, 364)
[0000][PE] mean and std.dev: (106.82, 61.66)
[0000][PE] low and high boundaries for proper pairs: (1, 465)
[0000][PE] analyzing insert size distribution for orientation FR...
[0000][PE] (25, 50, 75) percentile: (96, 140, 198)
[0000][PE] low and high boundaries for computing mean and std.dev: (1, 402)
[0000][PE] mean and std.dev: (153.62, 76.55)
[0000][PE] low and high boundaries for proper pairs: (1, 504)
[0000][PE] analyzing insert size distribution for orientation RF...
[0000][PE] (25, 50, 75) percentile: (119, 356, 1224)
[0000][PE] low and high boundaries for computing mean and std.dev: (1, 3434)
[0000][PE] mean and std.dev: (635.66, 781.60)
[0000][PE] low and high boundaries for proper pairs: (1, 4539)
[0000][PE] analyzing insert size distribution for orientation RR...
[0000][PE] (25, 50, 75) percentile: (67, 116, 190)
[0000][PE] low and high boundaries for computing mean and std.dev: (1, 436)
[0000][PE] mean and std.dev: (120.79, 68.86)
[0000][PE] low and high boundaries for proper pairs: (1, 559)
[0000][PE] skip orientation FF
[0000][PE] skip orientation RF
[0000][PE] skip orientation RR
[0000] 3. Calling kt_for - worker_sam
	[0000][ M::mem_process_seqs] Processed 3296062 reads in 517.969 CPU sec, 14.037 real sec
[0000] read_chunk: 400000000, work_chunk_size: 400000199, nseq: 3293078
	[0000][ M::kt_pipeline] read 3293078 sequences (400000199 bp)...
[0000] Calling mem_process_seqs.., task: 39
[0000] 1. Calling kt_for - worker_bwt
[0000] 2. Calling kt_for - worker_aln
[0000] Inferring insert size distribution of PE reads from data, l_pac: 1342662642, n: 3293078
[0000][PE] # candidate unique pairs for (FF, FR, RF, RR): (85, 1139355, 27, 118)
[0000][PE] analyzing insert size distribution for orientation FF...
[0000][PE] (25, 50, 75) percentile: (67, 110, 171)
[0000][PE] low and high boundaries for computing mean and std.dev: (1, 379)
[0000][PE] mean and std.dev: (112.54, 63.73)
[0000][PE] low and high boundaries for proper pairs: (1, 483)
[0000][PE] analyzing insert size distribution for orientation FR...
[0000][PE] (25, 50, 75) percentile: (96, 140, 197)
[0000][PE] low and high boundaries for computing mean and std.dev: (1, 399)
[0000][PE] mean and std.dev: (153.12, 76.25)
[0000][PE] low and high boundaries for proper pairs: (1, 500)
[0000][PE] analyzing insert size distribution for orientation RF...
[0000][PE] (25, 50, 75) percentile: (218, 562, 1052)
[0000][PE] low and high boundaries for computing mean and std.dev: (1, 2720)
[0000][PE] mean and std.dev: (497.36, 404.93)
[0000][PE] low and high boundaries for proper pairs: (1, 3554)
[0000][PE] analyzing insert size distribution for orientation RR...
[0000][PE] (25, 50, 75) percentile: (64, 105, 180)
[0000][PE] low and high boundaries for computing mean and std.dev: (1, 412)
[0000][PE] mean and std.dev: (117.56, 66.56)
[0000][PE] low and high boundaries for proper pairs: (1, 528)
[0000][PE] skip orientation FF
[0000][PE] skip orientation RF
[0000][PE] skip orientation RR
[0000] 3. Calling kt_for - worker_sam
[0000] read_chunk: 400000000, work_chunk_size: 400000192, nseq: 3299128
	[0000][ M::kt_pipeline] read 3299128 sequences (400000192 bp)...
	[0000][ M::mem_process_seqs] Processed 3293078 reads in 561.528 CPU sec, 15.278 real sec
[0000] Calling mem_process_seqs.., task: 40
[0000] 1. Calling kt_for - worker_bwt
[0000] 2. Calling kt_for - worker_aln
[0000] Inferring insert size distribution of PE reads from data, l_pac: 1342662642, n: 3299128
[0000][PE] # candidate unique pairs for (FF, FR, RF, RR): (124, 1171370, 33, 98)
[0000][PE] analyzing insert size distribution for orientation FF...
[0000][PE] (25, 50, 75) percentile: (52, 82, 123)
[0000][PE] low and high boundaries for computing mean and std.dev: (1, 265)
[0000][PE] mean and std.dev: (86.36, 50.99)
[0000][PE] low and high boundaries for proper pairs: (1, 336)
[0000][PE] analyzing insert size distribution for orientation FR...
[0000][PE] (25, 50, 75) percentile: (96, 140, 198)
[0000][PE] low and high boundaries for computing mean and std.dev: (1, 402)
[0000][PE] mean and std.dev: (153.72, 76.49)
[0000][PE] low and high boundaries for proper pairs: (1, 504)
[0000][PE] analyzing insert size distribution for orientation RF...
[0000][PE] (25, 50, 75) percentile: (167, 444, 723)
[0000][PE] low and high boundaries for computing mean and std.dev: (1, 1835)
[0000][PE] mean and std.dev: (442.39, 307.46)
[0000][PE] low and high boundaries for proper pairs: (1, 2391)
[0000][PE] analyzing insert size distribution for orientation RR...
[0000][PE] (25, 50, 75) percentile: (47, 92, 137)
[0000][PE] low and high boundaries for computing mean and std.dev: (1, 317)
[0000][PE] mean and std.dev: (90.60, 58.04)
[0000][PE] low and high boundaries for proper pairs: (1, 407)
[0000][PE] skip orientation FF
[0000][PE] skip orientation RF
[0000][PE] skip orientation RR
[0000] 3. Calling kt_for - worker_sam
	[0000][ M::mem_process_seqs] Processed 3299128 reads in 494.599 CPU sec, 13.601 real sec
[0000] read_chunk: 400000000, work_chunk_size: 400000131, nseq: 3295244
	[0000][ M::kt_pipeline] read 3295244 sequences (400000131 bp)...
[0000] Calling mem_process_seqs.., task: 41
[0000] 1. Calling kt_for - worker_bwt
[0000] 2. Calling kt_for - worker_aln
[0000] Inferring insert size distribution of PE reads from data, l_pac: 1342662642, n: 3295244
[0000][PE] # candidate unique pairs for (FF, FR, RF, RR): (141, 1149985, 49, 97)
[0000][PE] analyzing insert size distribution for orientation FF...
[0000][PE] (25, 50, 75) percentile: (58, 97, 179)
[0000][PE] low and high boundaries for computing mean and std.dev: (1, 421)
[0000][PE] mean and std.dev: (136.02, 116.60)
[0000][PE] low and high boundaries for proper pairs: (1, 602)
[0000][PE] analyzing insert size distribution for orientation FR...
[0000][PE] (25, 50, 75) percentile: (97, 141, 198)
[0000][PE] low and high boundaries for computing mean and std.dev: (1, 400)
[0000][PE] mean and std.dev: (153.85, 76.21)
[0000][PE] low and high boundaries for proper pairs: (1, 501)
[0000][PE] analyzing insert size distribution for orientation RF...
[0000][PE] (25, 50, 75) percentile: (83, 392, 645)
[0000][PE] low and high boundaries for computing mean and std.dev: (1, 1769)
[0000][PE] mean and std.dev: (407.35, 319.12)
[0000][PE] low and high boundaries for proper pairs: (1, 2331)
[0000][PE] analyzing insert size distribution for orientation RR...
[0000][PE] (25, 50, 75) percentile: (48, 94, 143)
[0000][PE] low and high boundaries for computing mean and std.dev: (1, 333)
[0000][PE] mean and std.dev: (97.80, 57.66)
[0000][PE] low and high boundaries for proper pairs: (1, 428)
[0000][PE] skip orientation FF
[0000][PE] skip orientation RF
[0000][PE] skip orientation RR
[0000] 3. Calling kt_for - worker_sam
	[0000][ M::mem_process_seqs] Processed 3295244 reads in 523.901 CPU sec, 14.080 real sec
[0000] read_chunk: 400000000, work_chunk_size: 400000280, nseq: 3290126
	[0000][ M::kt_pipeline] read 3290126 sequences (400000280 bp)...
[0000] Calling mem_process_seqs.., task: 42
[0000] 1. Calling kt_for - worker_bwt
[0000] 2. Calling kt_for - worker_aln
[0000] Inferring insert size distribution of PE reads from data, l_pac: 1342662642, n: 3290126
[0000][PE] # candidate unique pairs for (FF, FR, RF, RR): (122, 1142151, 55, 110)
[0000][PE] analyzing insert size distribution for orientation FF...
[0000][PE] (25, 50, 75) percentile: (51, 87, 145)
[0000][PE] low and high boundaries for computing mean and std.dev: (1, 333)
[0000][PE] mean and std.dev: (94.20, 60.02)
[0000][PE] low and high boundaries for proper pairs: (1, 427)
[0000][PE] analyzing insert size distribution for orientation FR...
[0000][PE] (25, 50, 75) percentile: (96, 140, 198)
[0000][PE] low and high boundaries for computing mean and std.dev: (1, 402)
[0000][PE] mean and std.dev: (153.44, 76.50)
[0000][PE] low and high boundaries for proper pairs: (1, 504)
[0000][PE] analyzing insert size distribution for orientation RF...
[0000][PE] (25, 50, 75) percentile: (88, 217, 983)
[0000][PE] low and high boundaries for computing mean and std.dev: (1, 2773)
[0000][PE] mean and std.dev: (517.42, 588.71)
[0000][PE] low and high boundaries for proper pairs: (1, 3668)
[0000][PE] analyzing insert size distribution for orientation RR...
[0000][PE] (25, 50, 75) percentile: (52, 77, 156)
[0000][PE] low and high boundaries for computing mean and std.dev: (1, 364)
[0000][PE] mean and std.dev: (106.72, 82.17)
[0000][PE] low and high boundaries for proper pairs: (1, 468)
[0000][PE] skip orientation FF
[0000][PE] skip orientation RF
[0000][PE] skip orientation RR
[0000] 3. Calling kt_for - worker_sam
[0000] read_chunk: 400000000, work_chunk_size: 400000074, nseq: 3295008
	[0000][ M::kt_pipeline] read 3295008 sequences (400000074 bp)...
	[0000][ M::mem_process_seqs] Processed 3290126 reads in 562.579 CPU sec, 15.624 real sec
[0000] Calling mem_process_seqs.., task: 43
[0000] 1. Calling kt_for - worker_bwt
[0000] 2. Calling kt_for - worker_aln
[0000] Inferring insert size distribution of PE reads from data, l_pac: 1342662642, n: 3295008
[0000][PE] # candidate unique pairs for (FF, FR, RF, RR): (100, 1159064, 36, 102)
[0000][PE] analyzing insert size distribution for orientation FF...
[0000][PE] (25, 50, 75) percentile: (59, 86, 199)
[0000][PE] low and high boundaries for computing mean and std.dev: (1, 479)
[0000][PE] mean and std.dev: (121.03, 103.39)
[0000][PE] low and high boundaries for proper pairs: (1, 619)
[0000][PE] analyzing insert size distribution for orientation FR...
[0000][PE] (25, 50, 75) percentile: (96, 140, 198)
[0000][PE] low and high boundaries for computing mean and std.dev: (1, 402)
[0000][PE] mean and std.dev: (153.62, 76.53)
[0000][PE] low and high boundaries for proper pairs: (1, 504)
[0000][PE] analyzing insert size distribution for orientation RF...
[0000][PE] (25, 50, 75) percentile: (104, 272, 487)
[0000][PE] low and high boundaries for computing mean and std.dev: (1, 1253)
[0000][PE] mean and std.dev: (353.91, 343.29)
[0000][PE] low and high boundaries for proper pairs: (1, 1727)
[0000][PE] analyzing insert size distribution for orientation RR...
[0000][PE] (25, 50, 75) percentile: (62, 101, 142)
[0000][PE] low and high boundaries for computing mean and std.dev: (1, 302)
[0000][PE] mean and std.dev: (97.76, 54.46)
[0000][PE] low and high boundaries for proper pairs: (1, 382)
[0000][PE] skip orientation FF
[0000][PE] skip orientation RF
[0000][PE] skip orientation RR
[0000] 3. Calling kt_for - worker_sam
[0000] read_chunk: 400000000, work_chunk_size: 400000200, nseq: 3279148
	[0000][ M::mem_process_seqs] Processed 3295008 reads in 516.876 CPU sec, 14.201 real sec
	[0000][ M::kt_pipeline] read 3279148 sequences (400000200 bp)...
[0000] Calling mem_process_seqs.., task: 44
[0000] 1. Calling kt_for - worker_bwt
[0000] 2. Calling kt_for - worker_aln
[0000] Inferring insert size distribution of PE reads from data, l_pac: 1342662642, n: 3279148
[0000][PE] # candidate unique pairs for (FF, FR, RF, RR): (112, 1118036, 22, 94)
[0000][PE] analyzing insert size distribution for orientation FF...
[0000][PE] (25, 50, 75) percentile: (44, 82, 148)
[0000][PE] low and high boundaries for computing mean and std.dev: (1, 356)
[0000][PE] mean and std.dev: (87.48, 59.19)
[0000][PE] low and high boundaries for proper pairs: (1, 460)
[0000][PE] analyzing insert size distribution for orientation FR...
[0000][PE] (25, 50, 75) percentile: (96, 140, 198)
[0000][PE] low and high boundaries for computing mean and std.dev: (1, 402)
[0000][PE] mean and std.dev: (153.56, 76.45)
[0000][PE] low and high boundaries for proper pairs: (1, 504)
[0000][PE] analyzing insert size distribution for orientation RF...
[0000][PE] (25, 50, 75) percentile: (245, 369, 928)
[0000][PE] low and high boundaries for computing mean and std.dev: (1, 2294)
[0000][PE] mean and std.dev: (393.28, 349.15)
[0000][PE] low and high boundaries for proper pairs: (1, 2977)
[0000][PE] analyzing insert size distribution for orientation RR...
[0000][PE] (25, 50, 75) percentile: (61, 102, 150)
[0000][PE] low and high boundaries for computing mean and std.dev: (1, 328)
[0000][PE] mean and std.dev: (101.21, 51.42)
[0000][PE] low and high boundaries for proper pairs: (1, 417)
[0000][PE] skip orientation FF
[0000][PE] skip orientation RF
[0000][PE] skip orientation RR
[0000] 3. Calling kt_for - worker_sam
[0000] read_chunk: 400000000, work_chunk_size: 400000260, nseq: 3282752
	[0000][ M::kt_pipeline] read 3282752 sequences (400000260 bp)...
	[0000][ M::mem_process_seqs] Processed 3279148 reads in 592.881 CPU sec, 16.035 real sec
[0000] Calling mem_process_seqs.., task: 45
[0000] 1. Calling kt_for - worker_bwt
[0000] 2. Calling kt_for - worker_aln
[0000] Inferring insert size distribution of PE reads from data, l_pac: 1342662642, n: 3282752
[0000][PE] # candidate unique pairs for (FF, FR, RF, RR): (101, 1143196, 43, 116)
[0000][PE] analyzing insert size distribution for orientation FF...
[0000][PE] (25, 50, 75) percentile: (58, 80, 146)
[0000][PE] low and high boundaries for computing mean and std.dev: (1, 322)
[0000][PE] mean and std.dev: (94.66, 60.84)
[0000][PE] low and high boundaries for proper pairs: (1, 410)
[0000][PE] analyzing insert size distribution for orientation FR...
[0000][PE] (25, 50, 75) percentile: (97, 141, 199)
[0000][PE] low and high boundaries for computing mean and std.dev: (1, 403)
[0000][PE] mean and std.dev: (154.38, 76.53)
[0000][PE] low and high boundaries for proper pairs: (1, 505)
[0000][PE] analyzing insert size distribution for orientation RF...
[0000][PE] (25, 50, 75) percentile: (171, 425, 704)
[0000][PE] low and high boundaries for computing mean and std.dev: (1, 1770)
[0000][PE] mean and std.dev: (393.06, 338.00)
[0000][PE] low and high boundaries for proper pairs: (1, 2303)
[0000][PE] analyzing insert size distribution for orientation RR...
[0000][PE] (25, 50, 75) percentile: (71, 103, 161)
[0000][PE] low and high boundaries for computing mean and std.dev: (1, 341)
[0000][PE] mean and std.dev: (109.22, 66.43)
[0000][PE] low and high boundaries for proper pairs: (1, 431)
[0000][PE] skip orientation FF
[0000][PE] skip orientation RF
[0000][PE] skip orientation RR
[0000] 3. Calling kt_for - worker_sam
[0000] read_chunk: 400000000, work_chunk_size: 400000063, nseq: 3297530
	[0000][ M::mem_process_seqs] Processed 3282752 reads in 513.768 CPU sec, 13.970 real sec
	[0000][ M::kt_pipeline] read 3297530 sequences (400000063 bp)...
[0000] Calling mem_process_seqs.., task: 46
[0000] 1. Calling kt_for - worker_bwt
[0000] 2. Calling kt_for - worker_aln
[0000] Inferring insert size distribution of PE reads from data, l_pac: 1342662642, n: 3297530
[0000][PE] # candidate unique pairs for (FF, FR, RF, RR): (98, 1151754, 36, 116)
[0000][PE] analyzing insert size distribution for orientation FF...
[0000][PE] (25, 50, 75) percentile: (54, 94, 154)
[0000][PE] low and high boundaries for computing mean and std.dev: (1, 354)
[0000][PE] mean and std.dev: (105.97, 69.42)
[0000][PE] low and high boundaries for proper pairs: (1, 454)
[0000][PE] analyzing insert size distribution for orientation FR...
[0000][PE] (25, 50, 75) percentile: (96, 140, 198)
[0000][PE] low and high boundaries for computing mean and std.dev: (1, 402)
[0000][PE] mean and std.dev: (153.32, 76.40)
[0000][PE] low and high boundaries for proper pairs: (1, 504)
[0000][PE] analyzing insert size distribution for orientation RF...
[0000][PE] (25, 50, 75) percentile: (77, 238, 657)
[0000][PE] low and high boundaries for computing mean and std.dev: (1, 1817)
[0000][PE] mean and std.dev: (331.31, 344.38)
[0000][PE] low and high boundaries for proper pairs: (1, 2397)
[0000][PE] analyzing insert size distribution for orientation RR...
[0000][PE] (25, 50, 75) percentile: (61, 100, 158)
[0000][PE] low and high boundaries for computing mean and std.dev: (1, 352)
[0000][PE] mean and std.dev: (102.31, 60.85)
[0000][PE] low and high boundaries for proper pairs: (1, 449)
[0000][PE] skip orientation FF
[0000][PE] skip orientation RF
[0000][PE] skip orientation RR
[0000] 3. Calling kt_for - worker_sam
[0000] read_chunk: 400000000, work_chunk_size: 400000232, nseq: 3300732
	[0000][ M::mem_process_seqs] Processed 3297530 reads in 545.472 CPU sec, 14.551 real sec
	[0000][ M::kt_pipeline] read 3300732 sequences (400000232 bp)...
[0000] Calling mem_process_seqs.., task: 47
[0000] 1. Calling kt_for - worker_bwt
[0000] 2. Calling kt_for - worker_aln
[0038] Re-allocating (doubling) seqBufRefs in mem_chain2aln_across_reads_V2 (left)
[0034] Re-allocating (doubling) seqBufRefs in mem_chain2aln_across_reads_V2 (right)
[0034] Re-allocating (doubling) seqBufRefs in mem_chain2aln_across_reads_V2 (right)
[0000] Inferring insert size distribution of PE reads from data, l_pac: 1342662642, n: 3300732
[0000][PE] # candidate unique pairs for (FF, FR, RF, RR): (113, 1180573, 39, 105)
[0000][PE] analyzing insert size distribution for orientation FF...
[0000][PE] (25, 50, 75) percentile: (65, 100, 174)
[0000][PE] low and high boundaries for computing mean and std.dev: (1, 392)
[0000][PE] mean and std.dev: (115.35, 79.28)
[0000][PE] low and high boundaries for proper pairs: (1, 501)
[0000][PE] analyzing insert size distribution for orientation FR...
[0000][PE] (25, 50, 75) percentile: (96, 140, 198)
[0000][PE] low and high boundaries for computing mean and std.dev: (1, 402)
[0000][PE] mean and std.dev: (153.42, 76.58)
[0000][PE] low and high boundaries for proper pairs: (1, 504)
[0000][PE] analyzing insert size distribution for orientation RF...
[0000][PE] (25, 50, 75) percentile: (108, 214, 1654)
[0000][PE] low and high boundaries for computing mean and std.dev: (1, 4746)
[0000][PE] mean and std.dev: (711.53, 1020.15)
[0000][PE] low and high boundaries for proper pairs: (1, 6292)
[0000][PE] analyzing insert size distribution for orientation RR...
[0000][PE] (25, 50, 75) percentile: (67, 100, 154)
[0000][PE] low and high boundaries for computing mean and std.dev: (1, 328)
[0000][PE] mean and std.dev: (105.13, 65.74)
[0000][PE] low and high boundaries for proper pairs: (1, 415)
[0000][PE] skip orientation FF
[0000][PE] skip orientation RF
[0000][PE] skip orientation RR
[0000] 3. Calling kt_for - worker_sam
[0000] read_chunk: 400000000, work_chunk_size: 400000122, nseq: 3289002
	[0000][ M::kt_pipeline] read 3289002 sequences (400000122 bp)...
	[0000][ M::mem_process_seqs] Processed 3300732 reads in 505.779 CPU sec, 15.325 real sec
[0000] Calling mem_process_seqs.., task: 48
[0000] 1. Calling kt_for - worker_bwt
[0000] 2. Calling kt_for - worker_aln
[0000] Inferring insert size distribution of PE reads from data, l_pac: 1342662642, n: 3289002
[0000][PE] # candidate unique pairs for (FF, FR, RF, RR): (108, 1151245, 38, 95)
[0000][PE] analyzing insert size distribution for orientation FF...
[0000][PE] (25, 50, 75) percentile: (59, 93, 173)
[0000][PE] low and high boundaries for computing mean and std.dev: (1, 401)
[0000][PE] mean and std.dev: (114.80, 82.34)
[0000][PE] low and high boundaries for proper pairs: (1, 515)
[0000][PE] analyzing insert size distribution for orientation FR...
[0000][PE] (25, 50, 75) percentile: (97, 141, 198)
[0000][PE] low and high boundaries for computing mean and std.dev: (1, 400)
[0000][PE] mean and std.dev: (153.95, 76.28)
[0000][PE] low and high boundaries for proper pairs: (1, 501)
[0000][PE] analyzing insert size distribution for orientation RF...
[0000][PE] (25, 50, 75) percentile: (118, 202, 1088)
[0000][PE] low and high boundaries for computing mean and std.dev: (1, 3028)
[0000][PE] mean and std.dev: (555.26, 708.14)
[0000][PE] low and high boundaries for proper pairs: (1, 3998)
[0000][PE] analyzing insert size distribution for orientation RR...
[0000][PE] (25, 50, 75) percentile: (58, 88, 133)
[0000][PE] low and high boundaries for computing mean and std.dev: (1, 283)
[0000][PE] mean and std.dev: (91.10, 54.39)
[0000][PE] low and high boundaries for proper pairs: (1, 358)
[0000][PE] skip orientation FF
[0000][PE] skip orientation RF
[0000][PE] skip orientation RR
[0000] 3. Calling kt_for - worker_sam
[0000] read_chunk: 400000000, work_chunk_size: 400000011, nseq: 3292498
	[0000][ M::kt_pipeline] read 3292498 sequences (400000011 bp)...
	[0000][ M::mem_process_seqs] Processed 3289002 reads in 519.989 CPU sec, 14.083 real sec
[0000] Calling mem_process_seqs.., task: 49
[0000] 1. Calling kt_for - worker_bwt
[0000] 2. Calling kt_for - worker_aln
[0000] Inferring insert size distribution of PE reads from data, l_pac: 1342662642, n: 3292498
[0000][PE] # candidate unique pairs for (FF, FR, RF, RR): (109, 1159417, 33, 99)
[0000][PE] analyzing insert size distribution for orientation FF...
[0000][PE] (25, 50, 75) percentile: (41, 96, 150)
[0000][PE] low and high boundaries for computing mean and std.dev: (1, 368)
[0000][PE] mean and std.dev: (98.51, 68.14)
[0000][PE] low and high boundaries for proper pairs: (1, 477)
[0000][PE] analyzing insert size distribution for orientation FR...
[0000][PE] (25, 50, 75) percentile: (96, 140, 198)
[0000][PE] low and high boundaries for computing mean and std.dev: (1, 402)
[0000][PE] mean and std.dev: (153.72, 76.51)
[0000][PE] low and high boundaries for proper pairs: (1, 504)
[0000][PE] analyzing insert size distribution for orientation RF...
[0000][PE] (25, 50, 75) percentile: (124, 289, 449)
[0000][PE] low and high boundaries for computing mean and std.dev: (1, 1099)
[0000][PE] mean and std.dev: (294.00, 229.77)
[0000][PE] low and high boundaries for proper pairs: (1, 1424)
[0000][PE] analyzing insert size distribution for orientation RR...
[0000][PE] (25, 50, 75) percentile: (60, 99, 171)
[0000][PE] low and high boundaries for computing mean and std.dev: (1, 393)
[0000][PE] mean and std.dev: (110.72, 70.45)
[0000][PE] low and high boundaries for proper pairs: (1, 504)
[0000][PE] skip orientation FF
[0000][PE] skip orientation RF
[0000][PE] skip orientation RR
[0000] 3. Calling kt_for - worker_sam
[0000] read_chunk: 400000000, work_chunk_size: 400000204, nseq: 3302614
	[0000][ M::kt_pipeline] read 3302614 sequences (400000204 bp)...
	[0000][ M::mem_process_seqs] Processed 3292498 reads in 586.966 CPU sec, 15.685 real sec
[0000] Calling mem_process_seqs.., task: 50
[0000] 1. Calling kt_for - worker_bwt
[0000] 2. Calling kt_for - worker_aln
[0000] Inferring insert size distribution of PE reads from data, l_pac: 1342662642, n: 3302614
[0000][PE] # candidate unique pairs for (FF, FR, RF, RR): (125, 1174336, 50, 97)
[0000][PE] analyzing insert size distribution for orientation FF...
[0000][PE] (25, 50, 75) percentile: (49, 91, 156)
[0000][PE] low and high boundaries for computing mean and std.dev: (1, 370)
[0000][PE] mean and std.dev: (105.31, 71.00)
[0000][PE] low and high boundaries for proper pairs: (1, 477)
[0000][PE] analyzing insert size distribution for orientation FR...
[0000][PE] (25, 50, 75) percentile: (96, 140, 198)
[0000][PE] low and high boundaries for computing mean and std.dev: (1, 402)
[0000][PE] mean and std.dev: (153.52, 76.39)
[0000][PE] low and high boundaries for proper pairs: (1, 504)
[0000][PE] analyzing insert size distribution for orientation RF...
[0000][PE] (25, 50, 75) percentile: (113, 220, 860)
[0000][PE] low and high boundaries for computing mean and std.dev: (1, 2354)
[0000][PE] mean and std.dev: (368.28, 390.08)
[0000][PE] low and high boundaries for proper pairs: (1, 3101)
[0000][PE] analyzing insert size distribution for orientation RR...
[0000][PE] (25, 50, 75) percentile: (68, 91, 158)
[0000][PE] low and high boundaries for computing mean and std.dev: (1, 338)
[0000][PE] mean and std.dev: (97.45, 53.57)
[0000][PE] low and high boundaries for proper pairs: (1, 428)
[0000][PE] skip orientation FF
[0000][PE] skip orientation RF
[0000][PE] skip orientation RR
[0000] 3. Calling kt_for - worker_sam
	[0000][ M::mem_process_seqs] Processed 3302614 reads in 505.438 CPU sec, 13.914 real sec
[0000] read_chunk: 400000000, work_chunk_size: 400000043, nseq: 3278542
	[0000][ M::kt_pipeline] read 3278542 sequences (400000043 bp)...
[0000] Calling mem_process_seqs.., task: 51
[0000] 1. Calling kt_for - worker_bwt
[0000] 2. Calling kt_for - worker_aln
[0000] Inferring insert size distribution of PE reads from data, l_pac: 1342662642, n: 3278542
[0000][PE] # candidate unique pairs for (FF, FR, RF, RR): (99, 1098318, 27, 94)
[0000][PE] analyzing insert size distribution for orientation FF...
[0000][PE] (25, 50, 75) percentile: (59, 88, 160)
[0000][PE] low and high boundaries for computing mean and std.dev: (1, 362)
[0000][PE] mean and std.dev: (100.09, 54.81)
[0000][PE] low and high boundaries for proper pairs: (1, 463)
[0000][PE] analyzing insert size distribution for orientation FR...
[0000][PE] (25, 50, 75) percentile: (96, 140, 198)
[0000][PE] low and high boundaries for computing mean and std.dev: (1, 402)
[0000][PE] mean and std.dev: (153.35, 76.39)
[0000][PE] low and high boundaries for proper pairs: (1, 504)
[0000][PE] analyzing insert size distribution for orientation RF...
[0000][PE] (25, 50, 75) percentile: (139, 246, 484)
[0000][PE] low and high boundaries for computing mean and std.dev: (1, 1174)
[0000][PE] mean and std.dev: (304.85, 243.04)
[0000][PE] low and high boundaries for proper pairs: (1, 1519)
[0000][PE] analyzing insert size distribution for orientation RR...
[0000][PE] (25, 50, 75) percentile: (71, 101, 158)
[0000][PE] low and high boundaries for computing mean and std.dev: (1, 332)
[0000][PE] mean and std.dev: (107.27, 61.25)
[0000][PE] low and high boundaries for proper pairs: (1, 419)
[0000][PE] skip orientation FF
[0000][PE] skip orientation RF
[0000][PE] skip orientation RR
[0000] 3. Calling kt_for - worker_sam
[0000] read_chunk: 400000000, work_chunk_size: 400000091, nseq: 3277088
	[0000][ M::kt_pipeline] read 3277088 sequences (400000091 bp)...
	[0000][ M::mem_process_seqs] Processed 3278542 reads in 636.998 CPU sec, 17.273 real sec
[0000] Calling mem_process_seqs.., task: 52
[0000] 1. Calling kt_for - worker_bwt
[0000] 2. Calling kt_for - worker_aln
[0000] Inferring insert size distribution of PE reads from data, l_pac: 1342662642, n: 3277088
[0000][PE] # candidate unique pairs for (FF, FR, RF, RR): (114, 1125967, 31, 80)
[0000][PE] analyzing insert size distribution for orientation FF...
[0000][PE] (25, 50, 75) percentile: (51, 89, 161)
[0000][PE] low and high boundaries for computing mean and std.dev: (1, 381)
[0000][PE] mean and std.dev: (101.54, 73.33)
[0000][PE] low and high boundaries for proper pairs: (1, 491)
[0000][PE] analyzing insert size distribution for orientation FR...
[0000][PE] (25, 50, 75) percentile: (96, 140, 198)
[0000][PE] low and high boundaries for computing mean and std.dev: (1, 402)
[0000][PE] mean and std.dev: (153.64, 76.40)
[0000][PE] low and high boundaries for proper pairs: (1, 504)
[0000][PE] analyzing insert size distribution for orientation RF...
[0000][PE] (25, 50, 75) percentile: (69, 172, 705)
[0000][PE] low and high boundaries for computing mean and std.dev: (1, 1977)
[0000][PE] mean and std.dev: (309.14, 351.93)
[0000][PE] low and high boundaries for proper pairs: (1, 2613)
[0000][PE] analyzing insert size distribution for orientation RR...
[0000][PE] (25, 50, 75) percentile: (78, 109, 188)
[0000][PE] low and high boundaries for computing mean and std.dev: (1, 408)
[0000][PE] mean and std.dev: (116.05, 68.00)
[0000][PE] low and high boundaries for proper pairs: (1, 518)
[0000][PE] skip orientation FF
[0000][PE] skip orientation RF
[0000][PE] skip orientation RR
[0000] 3. Calling kt_for - worker_sam
[0000] read_chunk: 400000000, work_chunk_size: 400000220, nseq: 3299202
	[0000][ M::kt_pipeline] read 3299202 sequences (400000220 bp)...
	[0000][ M::mem_process_seqs] Processed 3277088 reads in 586.634 CPU sec, 15.839 real sec
[0000] Calling mem_process_seqs.., task: 53
[0000] 1. Calling kt_for - worker_bwt
[0000] 2. Calling kt_for - worker_aln
[0000] Inferring insert size distribution of PE reads from data, l_pac: 1342662642, n: 3299202
[0000][PE] # candidate unique pairs for (FF, FR, RF, RR): (109, 1163218, 38, 103)
[0000][PE] analyzing insert size distribution for orientation FF...
[0000][PE] (25, 50, 75) percentile: (50, 83, 168)
[0000][PE] low and high boundaries for computing mean and std.dev: (1, 404)
[0000][PE] mean and std.dev: (105.33, 86.44)
[0000][PE] low and high boundaries for proper pairs: (1, 522)
[0000][PE] analyzing insert size distribution for orientation FR...
[0000][PE] (25, 50, 75) percentile: (96, 140, 198)
[0000][PE] low and high boundaries for computing mean and std.dev: (1, 402)
[0000][PE] mean and std.dev: (153.31, 76.49)
[0000][PE] low and high boundaries for proper pairs: (1, 504)
[0000][PE] analyzing insert size distribution for orientation RF...
[0000][PE] (25, 50, 75) percentile: (57, 306, 727)
[0000][PE] low and high boundaries for computing mean and std.dev: (1, 2067)
[0000][PE] mean and std.dev: (346.44, 391.54)
[0000][PE] low and high boundaries for proper pairs: (1, 2737)
[0000][PE] analyzing insert size distribution for orientation RR...
[0000][PE] (25, 50, 75) percentile: (60, 86, 142)
[0000][PE] low and high boundaries for computing mean and std.dev: (1, 306)
[0000][PE] mean and std.dev: (97.81, 61.02)
[0000][PE] low and high boundaries for proper pairs: (1, 388)
[0000][PE] skip orientation FF
[0000][PE] skip orientation RF
[0000][PE] skip orientation RR
[0000] 3. Calling kt_for - worker_sam
	[0000][ M::mem_process_seqs] Processed 3299202 reads in 532.843 CPU sec, 14.398 real sec
[0000] read_chunk: 400000000, work_chunk_size: 400000117, nseq: 3299226
	[0000][ M::kt_pipeline] read 3299226 sequences (400000117 bp)...
[0000] Calling mem_process_seqs.., task: 54
[0000] 1. Calling kt_for - worker_bwt
[0000] 2. Calling kt_for - worker_aln
[0000] Inferring insert size distribution of PE reads from data, l_pac: 1342662642, n: 3299226
[0000][PE] # candidate unique pairs for (FF, FR, RF, RR): (117, 1173386, 26, 111)
[0000][PE] analyzing insert size distribution for orientation FF...
[0000][PE] (25, 50, 75) percentile: (64, 103, 162)
[0000][PE] low and high boundaries for computing mean and std.dev: (1, 358)
[0000][PE] mean and std.dev: (106.63, 61.87)
[0000][PE] low and high boundaries for proper pairs: (1, 456)
[0000][PE] analyzing insert size distribution for orientation FR...
[0000][PE] (25, 50, 75) percentile: (96, 140, 198)
[0000][PE] low and high boundaries for computing mean and std.dev: (1, 402)
[0000][PE] mean and std.dev: (153.69, 76.48)
[0000][PE] low and high boundaries for proper pairs: (1, 504)
[0000][PE] analyzing insert size distribution for orientation RF...
[0000][PE] (25, 50, 75) percentile: (263, 594, 1638)
[0000][PE] low and high boundaries for computing mean and std.dev: (1, 4388)
[0000][PE] mean and std.dev: (883.32, 1016.60)
[0000][PE] low and high boundaries for proper pairs: (1, 5763)
[0000][PE] analyzing insert size distribution for orientation RR...
[0000][PE] (25, 50, 75) percentile: (69, 100, 159)
[0000][PE] low and high boundaries for computing mean and std.dev: (1, 339)
[0000][PE] mean and std.dev: (110.16, 64.02)
[0000][PE] low and high boundaries for proper pairs: (1, 429)
[0000][PE] skip orientation FF
[0000][PE] skip orientation RF
[0000][PE] skip orientation RR
[0000] 3. Calling kt_for - worker_sam
	[0000][ M::mem_process_seqs] Processed 3299226 reads in 494.052 CPU sec, 13.501 real sec
[0000] read_chunk: 400000000, work_chunk_size: 400000098, nseq: 3289928
	[0000][ M::kt_pipeline] read 3289928 sequences (400000098 bp)...
[0000] Calling mem_process_seqs.., task: 55
[0000] 1. Calling kt_for - worker_bwt
[0000] 2. Calling kt_for - worker_aln
[0000] Inferring insert size distribution of PE reads from data, l_pac: 1342662642, n: 3289928
[0000][PE] # candidate unique pairs for (FF, FR, RF, RR): (101, 1124308, 34, 118)
[0000][PE] analyzing insert size distribution for orientation FF...
[0000][PE] (25, 50, 75) percentile: (50, 85, 147)
[0000][PE] low and high boundaries for computing mean and std.dev: (1, 341)
[0000][PE] mean and std.dev: (92.92, 58.85)
[0000][PE] low and high boundaries for proper pairs: (1, 438)
[0000][PE] analyzing insert size distribution for orientation FR...
[0000][PE] (25, 50, 75) percentile: (97, 141, 198)
[0000][PE] low and high boundaries for computing mean and std.dev: (1, 400)
[0000][PE] mean and std.dev: (153.89, 76.14)
[0000][PE] low and high boundaries for proper pairs: (1, 501)
[0000][PE] analyzing insert size distribution for orientation RF...
[0000][PE] (25, 50, 75) percentile: (71, 233, 579)
[0000][PE] low and high boundaries for computing mean and std.dev: (1, 1595)
[0000][PE] mean and std.dev: (298.78, 272.69)
[0000][PE] low and high boundaries for proper pairs: (1, 2103)
[0000][PE] analyzing insert size distribution for orientation RR...
[0000][PE] (25, 50, 75) percentile: (66, 106, 171)
[0000][PE] low and high boundaries for computing mean and std.dev: (1, 381)
[0000][PE] mean and std.dev: (112.79, 68.34)
[0000][PE] low and high boundaries for proper pairs: (1, 486)
[0000][PE] skip orientation FF
[0000][PE] skip orientation RF
[0000][PE] skip orientation RR
[0000] 3. Calling kt_for - worker_sam
[0000] read_chunk: 400000000, work_chunk_size: 400000112, nseq: 3288462
	[0000][ M::kt_pipeline] read 3288462 sequences (400000112 bp)...
	[0000][ M::mem_process_seqs] Processed 3289928 reads in 594.419 CPU sec, 15.768 real sec
[0000] Calling mem_process_seqs.., task: 56
[0000] 1. Calling kt_for - worker_bwt
[0000] 2. Calling kt_for - worker_aln
[0000] Inferring insert size distribution of PE reads from data, l_pac: 1342662642, n: 3288462
[0000][PE] # candidate unique pairs for (FF, FR, RF, RR): (122, 1121628, 30, 97)
[0000][PE] analyzing insert size distribution for orientation FF...
[0000][PE] (25, 50, 75) percentile: (63, 109, 204)
[0000][PE] low and high boundaries for computing mean and std.dev: (1, 486)
[0000][PE] mean and std.dev: (120.87, 86.12)
[0000][PE] low and high boundaries for proper pairs: (1, 627)
[0000][PE] analyzing insert size distribution for orientation FR...
[0000][PE] (25, 50, 75) percentile: (96, 140, 197)
[0000][PE] low and high boundaries for computing mean and std.dev: (1, 399)
[0000][PE] mean and std.dev: (153.25, 76.19)
[0000][PE] low and high boundaries for proper pairs: (1, 500)
[0000][PE] analyzing insert size distribution for orientation RF...
[0000][PE] (25, 50, 75) percentile: (203, 381, 838)
[0000][PE] low and high boundaries for computing mean and std.dev: (1, 2108)
[0000][PE] mean and std.dev: (416.78, 296.00)
[0000][PE] low and high boundaries for proper pairs: (1, 2743)
[0000][PE] analyzing insert size distribution for orientation RR...
[0000][PE] (25, 50, 75) percentile: (54, 103, 147)
[0000][PE] low and high boundaries for computing mean and std.dev: (1, 333)
[0000][PE] mean and std.dev: (104.84, 62.89)
[0000][PE] low and high boundaries for proper pairs: (1, 426)
[0000][PE] skip orientation FF
[0000][PE] skip orientation RF
[0000][PE] skip orientation RR
[0000] 3. Calling kt_for - worker_sam
	[0000][ M::mem_process_seqs] Processed 3288462 reads in 615.156 CPU sec, 22.278 real sec
[0000] read_chunk: 400000000, work_chunk_size: 400000235, nseq: 3274614
	[0000][ M::kt_pipeline] read 3274614 sequences (400000235 bp)...
[0000] Calling mem_process_seqs.., task: 57
[0000] 1. Calling kt_for - worker_bwt
[0000] 2. Calling kt_for - worker_aln
[0000] read_chunk: 400000000, work_chunk_size: 400000031, nseq: 3206186
	[0000][ M::kt_pipeline] read 3206186 sequences (400000031 bp)...
[0000] Inferring insert size distribution of PE reads from data, l_pac: 1342662642, n: 3274614
[0000][PE] # candidate unique pairs for (FF, FR, RF, RR): (107, 1100143, 32, 97)
[0000][PE] analyzing insert size distribution for orientation FF...
[0000][PE] (25, 50, 75) percentile: (56, 91, 160)
[0000][PE] low and high boundaries for computing mean and std.dev: (1, 368)
[0000][PE] mean and std.dev: (103.15, 67.92)
[0000][PE] low and high boundaries for proper pairs: (1, 472)
[0000][PE] analyzing insert size distribution for orientation FR...
[0000][PE] (25, 50, 75) percentile: (96, 140, 198)
[0000][PE] low and high boundaries for computing mean and std.dev: (1, 402)
[0000][PE] mean and std.dev: (153.41, 76.41)
[0000][PE] low and high boundaries for proper pairs: (1, 504)
[0000][PE] analyzing insert size distribution for orientation RF...
[0000][PE] (25, 50, 75) percentile: (182, 291, 480)
[0000][PE] low and high boundaries for computing mean and std.dev: (1, 1076)
[0000][PE] mean and std.dev: (283.21, 210.73)
[0000][PE] low and high boundaries for proper pairs: (1, 1374)
[0000][PE] analyzing insert size distribution for orientation RR...
[0000][PE] (25, 50, 75) percentile: (49, 81, 138)
[0000][PE] low and high boundaries for computing mean and std.dev: (1, 316)
[0000][PE] mean and std.dev: (93.81, 58.10)
[0000][PE] low and high boundaries for proper pairs: (1, 405)
[0000][PE] skip orientation FF
[0000][PE] skip orientation RF
[0000][PE] skip orientation RR
[0000] 3. Calling kt_for - worker_sam
	[0000][ M::mem_process_seqs] Processed 3274614 reads in 634.154 CPU sec, 16.932 real sec
[0000] Calling mem_process_seqs.., task: 58
[0000] 1. Calling kt_for - worker_bwt
[0000] 2. Calling kt_for - worker_aln
[0000] read_chunk: 400000000, work_chunk_size: 400000235, nseq: 3299776
	[0000][ M::kt_pipeline] read 3299776 sequences (400000235 bp)...
[0000] Inferring insert size distribution of PE reads from data, l_pac: 1342662642, n: 3206186
[0000][PE] # candidate unique pairs for (FF, FR, RF, RR): (89, 942331, 29, 91)
[0000][PE] analyzing insert size distribution for orientation FF...
[0000][PE] (25, 50, 75) percentile: (44, 71, 136)
[0000][PE] low and high boundaries for computing mean and std.dev: (1, 320)
[0000][PE] mean and std.dev: (85.61, 55.50)
[0000][PE] low and high boundaries for proper pairs: (1, 412)
[0000][PE] analyzing insert size distribution for orientation FR...
[0000][PE] (25, 50, 75) percentile: (96, 140, 197)
[0000][PE] low and high boundaries for computing mean and std.dev: (1, 399)
[0000][PE] mean and std.dev: (153.17, 76.08)
[0000][PE] low and high boundaries for proper pairs: (1, 500)
[0000][PE] analyzing insert size distribution for orientation RF...
[0000][PE] (25, 50, 75) percentile: (119, 280, 871)
[0000][PE] low and high boundaries for computing mean and std.dev: (1, 2375)
[0000][PE] mean and std.dev: (453.32, 472.14)
[0000][PE] low and high boundaries for proper pairs: (1, 3127)
[0000][PE] analyzing insert size distribution for orientation RR...
[0000][PE] (25, 50, 75) percentile: (56, 89, 134)
[0000][PE] low and high boundaries for computing mean and std.dev: (1, 290)
[0000][PE] mean and std.dev: (96.44, 62.06)
[0000][PE] low and high boundaries for proper pairs: (1, 368)
[0000][PE] skip orientation FF
[0000][PE] skip orientation RF
[0000][PE] skip orientation RR
[0000] 3. Calling kt_for - worker_sam
	[0000][ M::mem_process_seqs] Processed 3206186 reads in 1119.036 CPU sec, 29.382 real sec
[0000] Calling mem_process_seqs.., task: 59
[0000] 1. Calling kt_for - worker_bwt
[0000] 2. Calling kt_for - worker_aln
[0000] Inferring insert size distribution of PE reads from data, l_pac: 1342662642, n: 3299776
[0000][PE] # candidate unique pairs for (FF, FR, RF, RR): (123, 1171041, 45, 111)
[0000][PE] analyzing insert size distribution for orientation FF...
[0000][PE] (25, 50, 75) percentile: (57, 91, 134)
[0000][PE] low and high boundaries for computing mean and std.dev: (1, 288)
[0000][PE] mean and std.dev: (95.10, 49.84)
[0000][PE] low and high boundaries for proper pairs: (1, 365)
[0000][PE] analyzing insert size distribution for orientation FR...
[0000][PE] (25, 50, 75) percentile: (96, 140, 198)
[0000][PE] low and high boundaries for computing mean and std.dev: (1, 402)
[0000][PE] mean and std.dev: (153.42, 76.50)
[0000][PE] low and high boundaries for proper pairs: (1, 504)
[0000][PE] analyzing insert size distribution for orientation RF...
[0000][PE] (25, 50, 75) percentile: (138, 291, 478)
[0000][PE] low and high boundaries for computing mean and std.dev: (1, 1158)
[0000][PE] mean and std.dev: (274.12, 188.24)
[0000][PE] low and high boundaries for proper pairs: (1, 1498)
[0000][PE] analyzing insert size distribution for orientation RR...
[0000][PE] (25, 50, 75) percentile: (70, 96, 149)
[0000][PE] low and high boundaries for computing mean and std.dev: (1, 307)
[0000][PE] mean and std.dev: (99.84, 51.93)
[0000][PE] low and high boundaries for proper pairs: (1, 386)
[0000][PE] skip orientation FF
[0000][PE] skip orientation RF
[0000][PE] skip orientation RR
[0000] 3. Calling kt_for - worker_sam
	[0000][ M::mem_process_seqs] Processed 3299776 reads in 512.894 CPU sec, 14.446 real sec
[0000] read_chunk: 400000000, work_chunk_size: 400000075, nseq: 3301668
	[0000][ M::kt_pipeline] read 3301668 sequences (400000075 bp)...
[0000] Calling mem_process_seqs.., task: 60
[0000] 1. Calling kt_for - worker_bwt
[0000] 2. Calling kt_for - worker_aln
[0000] Inferring insert size distribution of PE reads from data, l_pac: 1342662642, n: 3301668
[0000][PE] # candidate unique pairs for (FF, FR, RF, RR): (103, 1178587, 31, 127)
[0000][PE] analyzing insert size distribution for orientation FF...
[0000][PE] (25, 50, 75) percentile: (59, 98, 153)
[0000][PE] low and high boundaries for computing mean and std.dev: (1, 341)
[0000][PE] mean and std.dev: (104.13, 69.55)
[0000][PE] low and high boundaries for proper pairs: (1, 435)
[0000][PE] analyzing insert size distribution for orientation FR...
[0000][PE] (25, 50, 75) percentile: (96, 140, 198)
[0000][PE] low and high boundaries for computing mean and std.dev: (1, 402)
[0000][PE] mean and std.dev: (153.60, 76.46)
[0000][PE] low and high boundaries for proper pairs: (1, 504)
[0000][PE] analyzing insert size distribution for orientation RF...
[0000][PE] (25, 50, 75) percentile: (228, 364, 545)
[0000][PE] low and high boundaries for computing mean and std.dev: (1, 1179)
[0000][PE] mean and std.dev: (352.54, 241.74)
[0000][PE] low and high boundaries for proper pairs: (1, 1496)
[0000][PE] analyzing insert size distribution for orientation RR...
[0000][PE] (25, 50, 75) percentile: (58, 104, 179)
[0000][PE] low and high boundaries for computing mean and std.dev: (1, 421)
[0000][PE] mean and std.dev: (116.41, 80.37)
[0000][PE] low and high boundaries for proper pairs: (1, 542)
[0000][PE] skip orientation FF
[0000][PE] skip orientation RF
[0000][PE] skip orientation RR
[0000] 3. Calling kt_for - worker_sam
[0000] read_chunk: 400000000, work_chunk_size: 400000149, nseq: 3300786
	[0000][ M::kt_pipeline] read 3300786 sequences (400000149 bp)...
	[0000][ M::mem_process_seqs] Processed 3301668 reads in 491.231 CPU sec, 13.196 real sec
[0000] Calling mem_process_seqs.., task: 61
[0000] 1. Calling kt_for - worker_bwt
[0000] 2. Calling kt_for - worker_aln
[0000] Inferring insert size distribution of PE reads from data, l_pac: 1342662642, n: 3300786
[0000][PE] # candidate unique pairs for (FF, FR, RF, RR): (100, 1155507, 30, 130)
[0000][PE] analyzing insert size distribution for orientation FF...
[0000][PE] (25, 50, 75) percentile: (48, 74, 151)
[0000][PE] low and high boundaries for computing mean and std.dev: (1, 357)
[0000][PE] mean and std.dev: (97.04, 73.46)
[0000][PE] low and high boundaries for proper pairs: (1, 460)
[0000][PE] analyzing insert size distribution for orientation FR...
[0000][PE] (25, 50, 75) percentile: (96, 140, 197)
[0000][PE] low and high boundaries for computing mean and std.dev: (1, 399)
[0000][PE] mean and std.dev: (153.17, 76.15)
[0000][PE] low and high boundaries for proper pairs: (1, 500)
[0000][PE] analyzing insert size distribution for orientation RF...
[0000][PE] (25, 50, 75) percentile: (117, 288, 571)
[0000][PE] low and high boundaries for computing mean and std.dev: (1, 1479)
[0000][PE] mean and std.dev: (348.86, 297.36)
[0000][PE] low and high boundaries for proper pairs: (1, 1933)
[0000][PE] analyzing insert size distribution for orientation RR...
[0000][PE] (25, 50, 75) percentile: (65, 98, 152)
[0000][PE] low and high boundaries for computing mean and std.dev: (1, 326)
[0000][PE] mean and std.dev: (107.90, 60.24)
[0000][PE] low and high boundaries for proper pairs: (1, 413)
[0000][PE] skip orientation FF
[0000][PE] skip orientation RF
[0000][PE] skip orientation RR
[0000] 3. Calling kt_for - worker_sam
[0000] read_chunk: 400000000, work_chunk_size: 400000170, nseq: 3293286
	[0000][ M::kt_pipeline] read 3293286 sequences (400000170 bp)...
	[0000][ M::mem_process_seqs] Processed 3300786 reads in 526.211 CPU sec, 14.510 real sec
[0000] Calling mem_process_seqs.., task: 62
[0000] 1. Calling kt_for - worker_bwt
[0000] 2. Calling kt_for - worker_aln
[0000] Inferring insert size distribution of PE reads from data, l_pac: 1342662642, n: 3293286
[0000][PE] # candidate unique pairs for (FF, FR, RF, RR): (111, 1159757, 29, 100)
[0000][PE] analyzing insert size distribution for orientation FF...
[0000][PE] (25, 50, 75) percentile: (70, 98, 185)
[0000][PE] low and high boundaries for computing mean and std.dev: (1, 415)
[0000][PE] mean and std.dev: (121.66, 90.85)
[0000][PE] low and high boundaries for proper pairs: (1, 530)
[0000][PE] analyzing insert size distribution for orientation FR...
[0000][PE] (25, 50, 75) percentile: (96, 140, 198)
[0000][PE] low and high boundaries for computing mean and std.dev: (1, 402)
[0000][PE] mean and std.dev: (153.42, 76.56)
[0000][PE] low and high boundaries for proper pairs: (1, 504)
[0000][PE] analyzing insert size distribution for orientation RF...
[0000][PE] (25, 50, 75) percentile: (191, 379, 981)
[0000][PE] low and high boundaries for computing mean and std.dev: (1, 2561)
[0000][PE] mean and std.dev: (392.67, 317.87)
[0000][PE] low and high boundaries for proper pairs: (1, 3351)
[0000][PE] analyzing insert size distribution for orientation RR...
[0000][PE] (25, 50, 75) percentile: (58, 86, 145)
[0000][PE] low and high boundaries for computing mean and std.dev: (1, 319)
[0000][PE] mean and std.dev: (101.45, 61.84)
[0000][PE] low and high boundaries for proper pairs: (1, 406)
[0000][PE] skip orientation FF
[0000][PE] skip orientation RF
[0000][PE] skip orientation RR
[0000] 3. Calling kt_for - worker_sam
[0000] read_chunk: 400000000, work_chunk_size: 400000112, nseq: 3292602
	[0000][ M::kt_pipeline] read 3292602 sequences (400000112 bp)...
	[0000][ M::mem_process_seqs] Processed 3293286 reads in 520.345 CPU sec, 14.814 real sec
[0000] Calling mem_process_seqs.., task: 63
[0000] 1. Calling kt_for - worker_bwt
[0000] 2. Calling kt_for - worker_aln
[0000] Inferring insert size distribution of PE reads from data, l_pac: 1342662642, n: 3292602
[0000][PE] # candidate unique pairs for (FF, FR, RF, RR): (91, 1146743, 31, 107)
[0000][PE] analyzing insert size distribution for orientation FF...
[0000][PE] (25, 50, 75) percentile: (55, 95, 168)
[0000][PE] low and high boundaries for computing mean and std.dev: (1, 394)
[0000][PE] mean and std.dev: (103.98, 73.36)
[0000][PE] low and high boundaries for proper pairs: (1, 507)
[0000][PE] analyzing insert size distribution for orientation FR...
[0000][PE] (25, 50, 75) percentile: (96, 140, 198)
[0000][PE] low and high boundaries for computing mean and std.dev: (1, 402)
[0000][PE] mean and std.dev: (153.62, 76.43)
[0000][PE] low and high boundaries for proper pairs: (1, 504)
[0000][PE] analyzing insert size distribution for orientation RF...
[0000][PE] (25, 50, 75) percentile: (97, 296, 1104)
[0000][PE] low and high boundaries for computing mean and std.dev: (1, 3118)
[0000][PE] mean and std.dev: (591.62, 713.14)
[0000][PE] low and high boundaries for proper pairs: (1, 4125)
[0000][PE] analyzing insert size distribution for orientation RR...
[0000][PE] (25, 50, 75) percentile: (62, 87, 142)
[0000][PE] low and high boundaries for computing mean and std.dev: (1, 302)
[0000][PE] mean and std.dev: (96.11, 53.07)
[0000][PE] low and high boundaries for proper pairs: (1, 382)
[0000][PE] skip orientation FF
[0000][PE] skip orientation RF
[0000][PE] skip orientation RR
[0000] 3. Calling kt_for - worker_sam
[0000] read_chunk: 400000000, work_chunk_size: 400000289, nseq: 3294836
	[0000][ M::kt_pipeline] read 3294836 sequences (400000289 bp)...
	[0000][ M::mem_process_seqs] Processed 3292602 reads in 558.800 CPU sec, 15.107 real sec
[0000] Calling mem_process_seqs.., task: 64
[0000] 1. Calling kt_for - worker_bwt
[0000] 2. Calling kt_for - worker_aln
[0000] Inferring insert size distribution of PE reads from data, l_pac: 1342662642, n: 3294836
[0000][PE] # candidate unique pairs for (FF, FR, RF, RR): (104, 1130082, 21, 104)
[0000][PE] analyzing insert size distribution for orientation FF...
[0000][PE] (25, 50, 75) percentile: (62, 95, 184)
[0000][PE] low and high boundaries for computing mean and std.dev: (1, 428)
[0000][PE] mean and std.dev: (113.78, 83.81)
[0000][PE] low and high boundaries for proper pairs: (1, 550)
[0000][PE] analyzing insert size distribution for orientation FR...
[0000][PE] (25, 50, 75) percentile: (97, 141, 198)
[0000][PE] low and high boundaries for computing mean and std.dev: (1, 400)
[0000][PE] mean and std.dev: (154.05, 75.99)
[0000][PE] low and high boundaries for proper pairs: (1, 501)
[0000][PE] analyzing insert size distribution for orientation RF...
[0000][PE] (25, 50, 75) percentile: (156, 270, 667)
[0000][PE] low and high boundaries for computing mean and std.dev: (1, 1689)
[0000][PE] mean and std.dev: (320.50, 252.97)
[0000][PE] low and high boundaries for proper pairs: (1, 2200)
[0000][PE] analyzing insert size distribution for orientation RR...
[0000][PE] (25, 50, 75) percentile: (60, 104, 163)
[0000][PE] low and high boundaries for computing mean and std.dev: (1, 369)
[0000][PE] mean and std.dev: (110.90, 74.01)
[0000][PE] low and high boundaries for proper pairs: (1, 472)
[0000][PE] skip orientation FF
[0000][PE] skip orientation RF
[0000][PE] skip orientation RR
[0000] 3. Calling kt_for - worker_sam
[0000] read_chunk: 400000000, work_chunk_size: 400000014, nseq: 3298902
	[0000][ M::kt_pipeline] read 3298902 sequences (400000014 bp)...
	[0000][ M::mem_process_seqs] Processed 3294836 reads in 531.118 CPU sec, 14.329 real sec
[0000] Calling mem_process_seqs.., task: 65
[0000] 1. Calling kt_for - worker_bwt
[0000] 2. Calling kt_for - worker_aln
[0000] Inferring insert size distribution of PE reads from data, l_pac: 1342662642, n: 3298902
[0000][PE] # candidate unique pairs for (FF, FR, RF, RR): (97, 1157981, 30, 104)
[0000][PE] analyzing insert size distribution for orientation FF...
[0000][PE] (25, 50, 75) percentile: (57, 93, 156)
[0000][PE] low and high boundaries for computing mean and std.dev: (1, 354)
[0000][PE] mean and std.dev: (102.41, 68.00)
[0000][PE] low and high boundaries for proper pairs: (1, 453)
[0000][PE] analyzing insert size distribution for orientation FR...
[0000][PE] (25, 50, 75) percentile: (96, 140, 198)
[0000][PE] low and high boundaries for computing mean and std.dev: (1, 402)
[0000][PE] mean and std.dev: (153.71, 76.32)
[0000][PE] low and high boundaries for proper pairs: (1, 504)
[0000][PE] analyzing insert size distribution for orientation RF...
[0000][PE] (25, 50, 75) percentile: (213, 386, 604)
[0000][PE] low and high boundaries for computing mean and std.dev: (1, 1386)
[0000][PE] mean and std.dev: (338.79, 234.41)
[0000][PE] low and high boundaries for proper pairs: (1, 1777)
[0000][PE] analyzing insert size distribution for orientation RR...
[0000][PE] (25, 50, 75) percentile: (67, 104, 170)
[0000][PE] low and high boundaries for computing mean and std.dev: (1, 376)
[0000][PE] mean and std.dev: (106.80, 59.10)
[0000][PE] low and high boundaries for proper pairs: (1, 479)
[0000][PE] skip orientation FF
[0000][PE] skip orientation RF
[0000][PE] skip orientation RR
[0000] 3. Calling kt_for - worker_sam
[0000] read_chunk: 400000000, work_chunk_size: 400000061, nseq: 3301912
	[0000][ M::kt_pipeline] read 3301912 sequences (400000061 bp)...
	[0000][ M::mem_process_seqs] Processed 3298902 reads in 519.048 CPU sec, 14.664 real sec
[0000] Calling mem_process_seqs.., task: 66
[0000] 1. Calling kt_for - worker_bwt
[0000] 2. Calling kt_for - worker_aln
[0000] Inferring insert size distribution of PE reads from data, l_pac: 1342662642, n: 3301912
[0000][PE] # candidate unique pairs for (FF, FR, RF, RR): (124, 1136501, 38, 103)
[0000][PE] analyzing insert size distribution for orientation FF...
[0000][PE] (25, 50, 75) percentile: (51, 81, 135)
[0000][PE] low and high boundaries for computing mean and std.dev: (1, 303)
[0000][PE] mean and std.dev: (92.86, 60.86)
[0000][PE] low and high boundaries for proper pairs: (1, 387)
[0000][PE] analyzing insert size distribution for orientation FR...
[0000][PE] (25, 50, 75) percentile: (96, 140, 198)
[0000][PE] low and high boundaries for computing mean and std.dev: (1, 402)
[0000][PE] mean and std.dev: (153.57, 76.50)
[0000][PE] low and high boundaries for proper pairs: (1, 504)
[0000][PE] analyzing insert size distribution for orientation RF...
[0000][PE] (25, 50, 75) percentile: (155, 298, 513)
[0000][PE] low and high boundaries for computing mean and std.dev: (1, 1229)
[0000][PE] mean and std.dev: (308.45, 251.88)
[0000][PE] low and high boundaries for proper pairs: (1, 1587)
[0000][PE] analyzing insert size distribution for orientation RR...
[0000][PE] (25, 50, 75) percentile: (66, 100, 135)
[0000][PE] low and high boundaries for computing mean and std.dev: (1, 273)
[0000][PE] mean and std.dev: (100.27, 51.88)
[0000][PE] low and high boundaries for proper pairs: (1, 342)
[0000][PE] skip orientation FF
[0000][PE] skip orientation RF
[0000][PE] skip orientation RR
[0000] 3. Calling kt_for - worker_sam
	[0000][ M::mem_process_seqs] Processed 3301912 reads in 549.109 CPU sec, 14.815 real sec
[0000] read_chunk: 400000000, work_chunk_size: 400000234, nseq: 3292854
	[0000][ M::kt_pipeline] read 3292854 sequences (400000234 bp)...
[0000] Calling mem_process_seqs.., task: 67
[0000] 1. Calling kt_for - worker_bwt
[0000] 2. Calling kt_for - worker_aln
[0000] Inferring insert size distribution of PE reads from data, l_pac: 1342662642, n: 3292854
[0000][PE] # candidate unique pairs for (FF, FR, RF, RR): (92, 1147067, 36, 94)
[0000][PE] analyzing insert size distribution for orientation FF...
[0000][PE] (25, 50, 75) percentile: (50, 78, 141)
[0000][PE] low and high boundaries for computing mean and std.dev: (1, 323)
[0000][PE] mean and std.dev: (89.28, 62.91)
[0000][PE] low and high boundaries for proper pairs: (1, 414)
[0000][PE] analyzing insert size distribution for orientation FR...
[0000][PE] (25, 50, 75) percentile: (96, 140, 197)
[0000][PE] low and high boundaries for computing mean and std.dev: (1, 399)
[0000][PE] mean and std.dev: (153.42, 76.02)
[0000][PE] low and high boundaries for proper pairs: (1, 500)
[0000][PE] analyzing insert size distribution for orientation RF...
[0000][PE] (25, 50, 75) percentile: (144, 267, 570)
[0000][PE] low and high boundaries for computing mean and std.dev: (1, 1422)
[0000][PE] mean and std.dev: (332.19, 271.15)
[0000][PE] low and high boundaries for proper pairs: (1, 1848)
[0000][PE] analyzing insert size distribution for orientation RR...
[0000][PE] (25, 50, 75) percentile: (44, 77, 149)
[0000][PE] low and high boundaries for computing mean and std.dev: (1, 359)
[0000][PE] mean and std.dev: (90.74, 71.42)
[0000][PE] low and high boundaries for proper pairs: (1, 464)
[0000][PE] skip orientation FF
[0000][PE] skip orientation RF
[0000][PE] skip orientation RR
[0000] 3. Calling kt_for - worker_sam
[0000] read_chunk: 400000000, work_chunk_size: 400000224, nseq: 3307600
	[0000][ M::kt_pipeline] read 3307600 sequences (400000224 bp)...
	[0000][ M::mem_process_seqs] Processed 3292854 reads in 554.262 CPU sec, 15.010 real sec
[0000] Calling mem_process_seqs.., task: 68
[0000] 1. Calling kt_for - worker_bwt
[0000] 2. Calling kt_for - worker_aln
[0000] Inferring insert size distribution of PE reads from data, l_pac: 1342662642, n: 3307600
[0000][PE] # candidate unique pairs for (FF, FR, RF, RR): (106, 1192524, 41, 119)
[0000][PE] analyzing insert size distribution for orientation FF...
[0000][PE] (25, 50, 75) percentile: (51, 86, 151)
[0000][PE] low and high boundaries for computing mean and std.dev: (1, 351)
[0000][PE] mean and std.dev: (98.45, 69.75)
[0000][PE] low and high boundaries for proper pairs: (1, 451)
[0000][PE] analyzing insert size distribution for orientation FR...
[0000][PE] (25, 50, 75) percentile: (96, 140, 198)
[0000][PE] low and high boundaries for computing mean and std.dev: (1, 402)
[0000][PE] mean and std.dev: (153.27, 76.48)
[0000][PE] low and high boundaries for proper pairs: (1, 504)
[0000][PE] analyzing insert size distribution for orientation RF...
[0000][PE] (25, 50, 75) percentile: (153, 231, 732)
[0000][PE] low and high boundaries for computing mean and std.dev: (1, 1890)
[0000][PE] mean and std.dev: (372.77, 418.76)
[0000][PE] low and high boundaries for proper pairs: (1, 2469)
[0000][PE] analyzing insert size distribution for orientation RR...
[0000][PE] (25, 50, 75) percentile: (51, 91, 137)
[0000][PE] low and high boundaries for computing mean and std.dev: (1, 309)
[0000][PE] mean and std.dev: (94.48, 55.42)
[0000][PE] low and high boundaries for proper pairs: (1, 395)
[0000][PE] skip orientation FF
[0000][PE] skip orientation RF
[0000][PE] skip orientation RR
[0000] 3. Calling kt_for - worker_sam
	[0000][ M::mem_process_seqs] Processed 3307600 reads in 481.458 CPU sec, 13.392 real sec
[0000] read_chunk: 400000000, work_chunk_size: 400000128, nseq: 3300620
	[0000][ M::kt_pipeline] read 3300620 sequences (400000128 bp)...
[0000] Calling mem_process_seqs.., task: 69
[0000] 1. Calling kt_for - worker_bwt
[0000] 2. Calling kt_for - worker_aln
[0000] Inferring insert size distribution of PE reads from data, l_pac: 1342662642, n: 3300620
[0000][PE] # candidate unique pairs for (FF, FR, RF, RR): (108, 1179729, 25, 110)
[0000][PE] analyzing insert size distribution for orientation FF...
[0000][PE] (25, 50, 75) percentile: (59, 93, 156)
[0000][PE] low and high boundaries for computing mean and std.dev: (1, 350)
[0000][PE] mean and std.dev: (106.15, 73.89)
[0000][PE] low and high boundaries for proper pairs: (1, 447)
[0000][PE] analyzing insert size distribution for orientation FR...
[0000][PE] (25, 50, 75) percentile: (96, 140, 198)
[0000][PE] low and high boundaries for computing mean and std.dev: (1, 402)
[0000][PE] mean and std.dev: (153.34, 76.52)
[0000][PE] low and high boundaries for proper pairs: (1, 504)
[0000][PE] analyzing insert size distribution for orientation RF...
[0000][PE] (25, 50, 75) percentile: (150, 418, 787)
[0000][PE] low and high boundaries for computing mean and std.dev: (1, 2061)
[0000][PE] mean and std.dev: (454.87, 384.39)
[0000][PE] low and high boundaries for proper pairs: (1, 2698)
[0000][PE] analyzing insert size distribution for orientation RR...
[0000][PE] (25, 50, 75) percentile: (64, 99, 162)
[0000][PE] low and high boundaries for computing mean and std.dev: (1, 358)
[0000][PE] mean and std.dev: (108.79, 63.25)
[0000][PE] low and high boundaries for proper pairs: (1, 456)
[0000][PE] skip orientation FF
[0000][PE] skip orientation RF
[0000][PE] skip orientation RR
[0000] 3. Calling kt_for - worker_sam
[0000] read_chunk: 400000000, work_chunk_size: 400000122, nseq: 3295820
	[0000][ M::kt_pipeline] read 3295820 sequences (400000122 bp)...
	[0000][ M::mem_process_seqs] Processed 3300620 reads in 496.489 CPU sec, 13.415 real sec
[0000] Calling mem_process_seqs.., task: 70
[0000] 1. Calling kt_for - worker_bwt
[0000] 2. Calling kt_for - worker_aln
[0000] Inferring insert size distribution of PE reads from data, l_pac: 1342662642, n: 3295820
[0000][PE] # candidate unique pairs for (FF, FR, RF, RR): (97, 1172549, 32, 120)
[0000][PE] analyzing insert size distribution for orientation FF...
[0000][PE] (25, 50, 75) percentile: (63, 91, 146)
[0000][PE] low and high boundaries for computing mean and std.dev: (1, 312)
[0000][PE] mean and std.dev: (96.02, 54.38)
[0000][PE] low and high boundaries for proper pairs: (1, 395)
[0000][PE] analyzing insert size distribution for orientation FR...
[0000][PE] (25, 50, 75) percentile: (96, 140, 198)
[0000][PE] low and high boundaries for computing mean and std.dev: (1, 402)
[0000][PE] mean and std.dev: (153.47, 76.38)
[0000][PE] low and high boundaries for proper pairs: (1, 504)
[0000][PE] analyzing insert size distribution for orientation RF...
[0000][PE] (25, 50, 75) percentile: (100, 314, 618)
[0000][PE] low and high boundaries for computing mean and std.dev: (1, 1654)
[0000][PE] mean and std.dev: (321.28, 289.43)
[0000][PE] low and high boundaries for proper pairs: (1, 2172)
[0000][PE] analyzing insert size distribution for orientation RR...
[0000][PE] (25, 50, 75) percentile: (59, 100, 139)
[0000][PE] low and high boundaries for computing mean and std.dev: (1, 299)
[0000][PE] mean and std.dev: (100.17, 54.46)
[0000][PE] low and high boundaries for proper pairs: (1, 379)
[0000][PE] skip orientation FF
[0000][PE] skip orientation RF
[0000][PE] skip orientation RR
[0000] 3. Calling kt_for - worker_sam
	[0000][ M::mem_process_seqs] Processed 3295820 reads in 505.593 CPU sec, 13.994 real sec
[0000] read_chunk: 400000000, work_chunk_size: 400000184, nseq: 3284560
	[0000][ M::kt_pipeline] read 3284560 sequences (400000184 bp)...
[0000] Calling mem_process_seqs.., task: 71
[0000] 1. Calling kt_for - worker_bwt
[0000] 2. Calling kt_for - worker_aln
[0000] Inferring insert size distribution of PE reads from data, l_pac: 1342662642, n: 3284560
[0000][PE] # candidate unique pairs for (FF, FR, RF, RR): (94, 1145889, 43, 113)
[0000][PE] analyzing insert size distribution for orientation FF...
[0000][PE] (25, 50, 75) percentile: (59, 107, 200)
[0000][PE] low and high boundaries for computing mean and std.dev: (1, 482)
[0000][PE] mean and std.dev: (130.24, 99.74)
[0000][PE] low and high boundaries for proper pairs: (1, 623)
[0000][PE] analyzing insert size distribution for orientation FR...
[0000][PE] (25, 50, 75) percentile: (96, 140, 198)
[0000][PE] low and high boundaries for computing mean and std.dev: (1, 402)
[0000][PE] mean and std.dev: (153.49, 76.60)
[0000][PE] low and high boundaries for proper pairs: (1, 504)
[0000][PE] analyzing insert size distribution for orientation RF...
[0000][PE] (25, 50, 75) percentile: (72, 210, 572)
[0000][PE] low and high boundaries for computing mean and std.dev: (1, 1572)
[0000][PE] mean and std.dev: (320.36, 326.72)
[0000][PE] low and high boundaries for proper pairs: (1, 2072)
[0000][PE] analyzing insert size distribution for orientation RR...
[0000][PE] (25, 50, 75) percentile: (57, 96, 129)
[0000][PE] low and high boundaries for computing mean and std.dev: (1, 273)
[0000][PE] mean and std.dev: (93.70, 48.55)
[0000][PE] low and high boundaries for proper pairs: (1, 345)
[0000][PE] skip orientation FF
[0000][PE] skip orientation RF
[0000][PE] skip orientation RR
[0000] 3. Calling kt_for - worker_sam
[0000] read_chunk: 400000000, work_chunk_size: 400000063, nseq: 3301634
	[0000][ M::kt_pipeline] read 3301634 sequences (400000063 bp)...
	[0000][ M::mem_process_seqs] Processed 3284560 reads in 593.190 CPU sec, 15.753 real sec
[0000] Calling mem_process_seqs.., task: 72
[0000] 1. Calling kt_for - worker_bwt
[0000] 2. Calling kt_for - worker_aln
[0000] Inferring insert size distribution of PE reads from data, l_pac: 1342662642, n: 3301634
[0000][PE] # candidate unique pairs for (FF, FR, RF, RR): (117, 1166676, 34, 93)
[0000][PE] analyzing insert size distribution for orientation FF...
[0000][PE] (25, 50, 75) percentile: (53, 93, 140)
[0000][PE] low and high boundaries for computing mean and std.dev: (1, 314)
[0000][PE] mean and std.dev: (95.37, 58.50)
[0000][PE] low and high boundaries for proper pairs: (1, 401)
[0000][PE] analyzing insert size distribution for orientation FR...
[0000][PE] (25, 50, 75) percentile: (96, 140, 198)
[0000][PE] low and high boundaries for computing mean and std.dev: (1, 402)
[0000][PE] mean and std.dev: (153.77, 76.43)
[0000][PE] low and high boundaries for proper pairs: (1, 504)
[0000][PE] analyzing insert size distribution for orientation RF...
[0000][PE] (25, 50, 75) percentile: (67, 138, 611)
[0000][PE] low and high boundaries for computing mean and std.dev: (1, 1699)
[0000][PE] mean and std.dev: (298.58, 348.50)
[0000][PE] low and high boundaries for proper pairs: (1, 2243)
[0000][PE] analyzing insert size distribution for orientation RR...
[0000][PE] (25, 50, 75) percentile: (63, 97, 157)
[0000][PE] low and high boundaries for computing mean and std.dev: (1, 345)
[0000][PE] mean and std.dev: (97.04, 53.20)
[0000][PE] low and high boundaries for proper pairs: (1, 439)
[0000][PE] skip orientation FF
[0000][PE] skip orientation RF
[0000][PE] skip orientation RR
[0000] 3. Calling kt_for - worker_sam
[0000] read_chunk: 400000000, work_chunk_size: 400000065, nseq: 3292118
	[0000][ M::kt_pipeline] read 3292118 sequences (400000065 bp)...
	[0000][ M::mem_process_seqs] Processed 3301634 reads in 523.540 CPU sec, 14.757 real sec
[0000] Calling mem_process_seqs.., task: 73
[0000] 1. Calling kt_for - worker_bwt
[0000] 2. Calling kt_for - worker_aln
[0000] Inferring insert size distribution of PE reads from data, l_pac: 1342662642, n: 3292118
[0000][PE] # candidate unique pairs for (FF, FR, RF, RR): (117, 1139702, 33, 107)
[0000][PE] analyzing insert size distribution for orientation FF...
[0000][PE] (25, 50, 75) percentile: (49, 93, 164)
[0000][PE] low and high boundaries for computing mean and std.dev: (1, 394)
[0000][PE] mean and std.dev: (109.64, 85.68)
[0000][PE] low and high boundaries for proper pairs: (1, 509)
[0000][PE] analyzing insert size distribution for orientation FR...
[0000][PE] (25, 50, 75) percentile: (97, 141, 198)
[0000][PE] low and high boundaries for computing mean and std.dev: (1, 400)
[0000][PE] mean and std.dev: (153.89, 76.22)
[0000][PE] low and high boundaries for proper pairs: (1, 501)
[0000][PE] analyzing insert size distribution for orientation RF...
[0000][PE] (25, 50, 75) percentile: (89, 191, 634)
[0000][PE] low and high boundaries for computing mean and std.dev: (1, 1724)
[0000][PE] mean and std.dev: (340.71, 331.88)
[0000][PE] low and high boundaries for proper pairs: (1, 2269)
[0000][PE] analyzing insert size distribution for orientation RR...
[0000][PE] (25, 50, 75) percentile: (57, 106, 167)
[0000][PE] low and high boundaries for computing mean and std.dev: (1, 387)
[0000][PE] mean and std.dev: (108.56, 66.69)
[0000][PE] low and high boundaries for proper pairs: (1, 497)
[0000][PE] skip orientation FF
[0000][PE] skip orientation RF
[0000][PE] skip orientation RR
[0000] 3. Calling kt_for - worker_sam
	[0000][ M::mem_process_seqs] Processed 3292118 reads in 525.945 CPU sec, 14.182 real sec
[0000] read_chunk: 400000000, work_chunk_size: 400000165, nseq: 3294974
	[0000][ M::kt_pipeline] read 3294974 sequences (400000165 bp)...
[0000] Calling mem_process_seqs.., task: 74
[0000] 1. Calling kt_for - worker_bwt
[0000] 2. Calling kt_for - worker_aln
[0000] Inferring insert size distribution of PE reads from data, l_pac: 1342662642, n: 3294974
[0000][PE] # candidate unique pairs for (FF, FR, RF, RR): (125, 1157987, 37, 121)
[0000][PE] analyzing insert size distribution for orientation FF...
[0000][PE] (25, 50, 75) percentile: (58, 99, 144)
[0000][PE] low and high boundaries for computing mean and std.dev: (1, 316)
[0000][PE] mean and std.dev: (100.66, 57.41)
[0000][PE] low and high boundaries for proper pairs: (1, 402)
[0000][PE] analyzing insert size distribution for orientation FR...
[0000][PE] (25, 50, 75) percentile: (96, 140, 198)
[0000][PE] low and high boundaries for computing mean and std.dev: (1, 402)
[0000][PE] mean and std.dev: (153.64, 76.52)
[0000][PE] low and high boundaries for proper pairs: (1, 504)
[0000][PE] analyzing insert size distribution for orientation RF...
[0000][PE] (25, 50, 75) percentile: (70, 211, 724)
[0000][PE] low and high boundaries for computing mean and std.dev: (1, 2032)
[0000][PE] mean and std.dev: (375.40, 381.72)
[0000][PE] low and high boundaries for proper pairs: (1, 2686)
[0000][PE] analyzing insert size distribution for orientation RR...
[0000][PE] (25, 50, 75) percentile: (59, 96, 156)
[0000][PE] low and high boundaries for computing mean and std.dev: (1, 350)
[0000][PE] mean and std.dev: (109.42, 74.29)
[0000][PE] low and high boundaries for proper pairs: (1, 447)
[0000][PE] skip orientation FF
[0000][PE] skip orientation RF
[0000][PE] skip orientation RR
[0000] 3. Calling kt_for - worker_sam
	[0000][ M::mem_process_seqs] Processed 3294974 reads in 521.653 CPU sec, 19.684 real sec
[0000] read_chunk: 400000000, work_chunk_size: 400000075, nseq: 3288946
	[0000][ M::kt_pipeline] read 3288946 sequences (400000075 bp)...
[0000] Calling mem_process_seqs.., task: 75
[0000] 1. Calling kt_for - worker_bwt
[0000] 2. Calling kt_for - worker_aln
[0000] Inferring insert size distribution of PE reads from data, l_pac: 1342662642, n: 3288946
[0000] read_chunk: 400000000, work_chunk_size: 400000056, nseq: 3293336
	[0000][ M::kt_pipeline] read 3293336 sequences (400000056 bp)...
[0000][PE] # candidate unique pairs for (FF, FR, RF, RR): (91, 1144097, 24, 89)
[0000][PE] analyzing insert size distribution for orientation FF...
[0000][PE] (25, 50, 75) percentile: (67, 97, 161)
[0000][PE] low and high boundaries for computing mean and std.dev: (1, 349)
[0000][PE] mean and std.dev: (103.83, 56.93)
[0000][PE] low and high boundaries for proper pairs: (1, 443)
[0000][PE] analyzing insert size distribution for orientation FR...
[0000][PE] (25, 50, 75) percentile: (96, 140, 198)
[0000][PE] low and high boundaries for computing mean and std.dev: (1, 402)
[0000][PE] mean and std.dev: (153.55, 76.54)
[0000][PE] low and high boundaries for proper pairs: (1, 504)
[0000][PE] analyzing insert size distribution for orientation RF...
[0000][PE] (25, 50, 75) percentile: (139, 261, 378)
[0000][PE] low and high boundaries for computing mean and std.dev: (1, 856)
[0000][PE] mean and std.dev: (264.04, 184.17)
[0000][PE] low and high boundaries for proper pairs: (1, 1095)
[0000][PE] analyzing insert size distribution for orientation RR...
[0000][PE] (25, 50, 75) percentile: (66, 111, 153)
[0000][PE] low and high boundaries for computing mean and std.dev: (1, 327)
[0000][PE] mean and std.dev: (104.36, 55.04)
[0000][PE] low and high boundaries for proper pairs: (1, 414)
[0000][PE] skip orientation FF
[0000][PE] skip orientation RF
[0000][PE] skip orientation RR
[0000] 3. Calling kt_for - worker_sam
	[0000][ M::mem_process_seqs] Processed 3288946 reads in 564.507 CPU sec, 15.048 real sec
[0000] Calling mem_process_seqs.., task: 76
[0000] 1. Calling kt_for - worker_bwt
[0000] 2. Calling kt_for - worker_aln
[0000] Inferring insert size distribution of PE reads from data, l_pac: 1342662642, n: 3293336
[0000][PE] # candidate unique pairs for (FF, FR, RF, RR): (98, 1146533, 71, 108)
[0000][PE] analyzing insert size distribution for orientation FF...
[0000][PE] (25, 50, 75) percentile: (58, 97, 149)
[0000][PE] low and high boundaries for computing mean and std.dev: (1, 331)
[0000][PE] mean and std.dev: (105.32, 63.78)
[0000][PE] low and high boundaries for proper pairs: (1, 422)
[0000][PE] analyzing insert size distribution for orientation FR...
[0000][PE] (25, 50, 75) percentile: (96, 140, 198)
[0000][PE] low and high boundaries for computing mean and std.dev: (1, 402)
[0000][PE] mean and std.dev: (153.41, 76.33)
[0000][PE] low and high boundaries for proper pairs: (1, 504)
[0000][PE] analyzing insert size distribution for orientation RF...
[0000][PE] (25, 50, 75) percentile: (125, 203, 518)
[0000][PE] low and high boundaries for computing mean and std.dev: (1, 1304)
[0000][PE] mean and std.dev: (337.59, 317.23)
[0000][PE] low and high boundaries for proper pairs: (1, 1697)
[0000][PE] analyzing insert size distribution for orientation RR...
[0000][PE] (25, 50, 75) percentile: (64, 114, 153)
[0000][PE] low and high boundaries for computing mean and std.dev: (1, 331)
[0000][PE] mean and std.dev: (106.80, 57.66)
[0000][PE] low and high boundaries for proper pairs: (1, 420)
[0000][PE] skip orientation FF
[0000][PE] skip orientation RF
[0000][PE] skip orientation RR
[0000] 3. Calling kt_for - worker_sam
	[0000][ M::mem_process_seqs] Processed 3293336 reads in 535.078 CPU sec, 14.779 real sec
[0000] read_chunk: 400000000, work_chunk_size: 400000162, nseq: 3301782
	[0000][ M::kt_pipeline] read 3301782 sequences (400000162 bp)...
[0000] Calling mem_process_seqs.., task: 77
[0000] 1. Calling kt_for - worker_bwt
[0000] 2. Calling kt_for - worker_aln
[0000] Inferring insert size distribution of PE reads from data, l_pac: 1342662642, n: 3301782
[0000][PE] # candidate unique pairs for (FF, FR, RF, RR): (104, 1173323, 29, 92)
[0000][PE] analyzing insert size distribution for orientation FF...
[0000][PE] (25, 50, 75) percentile: (60, 100, 171)
[0000][PE] low and high boundaries for computing mean and std.dev: (1, 393)
[0000][PE] mean and std.dev: (120.57, 93.04)
[0000][PE] low and high boundaries for proper pairs: (1, 504)
[0000][PE] analyzing insert size distribution for orientation FR...
[0000][PE] (25, 50, 75) percentile: (96, 140, 198)
[0000][PE] low and high boundaries for computing mean and std.dev: (1, 402)
[0000][PE] mean and std.dev: (153.49, 76.52)
[0000][PE] low and high boundaries for proper pairs: (1, 504)
[0000][PE] analyzing insert size distribution for orientation RF...
[0000][PE] (25, 50, 75) percentile: (160, 344, 669)
[0000][PE] low and high boundaries for computing mean and std.dev: (1, 1687)
[0000][PE] mean and std.dev: (420.14, 371.97)
[0000][PE] low and high boundaries for proper pairs: (1, 2196)
[0000][PE] analyzing insert size distribution for orientation RR...
[0000][PE] (25, 50, 75) percentile: (55, 90, 153)
[0000][PE] low and high boundaries for computing mean and std.dev: (1, 349)
[0000][PE] mean and std.dev: (93.21, 60.51)
[0000][PE] low and high boundaries for proper pairs: (1, 447)
[0000][PE] skip orientation FF
[0000][PE] skip orientation RF
[0000][PE] skip orientation RR
[0000] 3. Calling kt_for - worker_sam
[0000] read_chunk: 400000000, work_chunk_size: 400000206, nseq: 3285770
	[0000][ M::kt_pipeline] read 3285770 sequences (400000206 bp)...
	[0000][ M::mem_process_seqs] Processed 3301782 reads in 505.319 CPU sec, 13.614 real sec
[0000] Calling mem_process_seqs.., task: 78
[0000] 1. Calling kt_for - worker_bwt
[0000] 2. Calling kt_for - worker_aln
[0000] Inferring insert size distribution of PE reads from data, l_pac: 1342662642, n: 3285770
[0000][PE] # candidate unique pairs for (FF, FR, RF, RR): (104, 1145271, 40, 114)
[0000][PE] analyzing insert size distribution for orientation FF...
[0000][PE] (25, 50, 75) percentile: (49, 90, 160)
[0000][PE] low and high boundaries for computing mean and std.dev: (1, 382)
[0000][PE] mean and std.dev: (105.97, 82.09)
[0000][PE] low and high boundaries for proper pairs: (1, 493)
[0000][PE] analyzing insert size distribution for orientation FR...
[0000][PE] (25, 50, 75) percentile: (96, 140, 198)
[0000][PE] low and high boundaries for computing mean and std.dev: (1, 402)
[0000][PE] mean and std.dev: (153.51, 76.44)
[0000][PE] low and high boundaries for proper pairs: (1, 504)
[0000][PE] analyzing insert size distribution for orientation RF...
[0000][PE] (25, 50, 75) percentile: (183, 455, 1033)
[0000][PE] low and high boundaries for computing mean and std.dev: (1, 2733)
[0000][PE] mean and std.dev: (576.16, 639.51)
[0000][PE] low and high boundaries for proper pairs: (1, 3583)
[0000][PE] analyzing insert size distribution for orientation RR...
[0000][PE] (25, 50, 75) percentile: (68, 88, 148)
[0000][PE] low and high boundaries for computing mean and std.dev: (1, 308)
[0000][PE] mean and std.dev: (103.36, 61.72)
[0000][PE] low and high boundaries for proper pairs: (1, 388)
[0000][PE] skip orientation FF
[0000][PE] skip orientation RF
[0000][PE] skip orientation RR
[0000] 3. Calling kt_for - worker_sam
[0000] read_chunk: 400000000, work_chunk_size: 400000041, nseq: 3281002
	[0000][ M::kt_pipeline] read 3281002 sequences (400000041 bp)...
	[0000][ M::mem_process_seqs] Processed 3285770 reads in 588.300 CPU sec, 15.865 real sec
[0000] Calling mem_process_seqs.., task: 79
[0000] 1. Calling kt_for - worker_bwt
[0000] 2. Calling kt_for - worker_aln
[0000] Inferring insert size distribution of PE reads from data, l_pac: 1342662642, n: 3281002
[0000][PE] # candidate unique pairs for (FF, FR, RF, RR): (100, 1119812, 28, 102)
[0000][PE] analyzing insert size distribution for orientation FF...
[0000][PE] (25, 50, 75) percentile: (46, 91, 147)
[0000][PE] low and high boundaries for computing mean and std.dev: (1, 349)
[0000][PE] mean and std.dev: (92.85, 62.76)
[0000][PE] low and high boundaries for proper pairs: (1, 450)
[0000][PE] analyzing insert size distribution for orientation FR...
[0000][PE] (25, 50, 75) percentile: (96, 140, 198)
[0000][PE] low and high boundaries for computing mean and std.dev: (1, 402)
[0000][PE] mean and std.dev: (153.60, 76.51)
[0000][PE] low and high boundaries for proper pairs: (1, 504)
[0000][PE] analyzing insert size distribution for orientation RF...
[0000][PE] (25, 50, 75) percentile: (93, 165, 640)
[0000][PE] low and high boundaries for computing mean and std.dev: (1, 1734)
[0000][PE] mean and std.dev: (273.19, 285.11)
[0000][PE] low and high boundaries for proper pairs: (1, 2281)
[0000][PE] analyzing insert size distribution for orientation RR...
[0000][PE] (25, 50, 75) percentile: (64, 103, 168)
[0000][PE] low and high boundaries for computing mean and std.dev: (1, 376)
[0000][PE] mean and std.dev: (112.41, 68.61)
[0000][PE] low and high boundaries for proper pairs: (1, 480)
[0000][PE] skip orientation FF
[0000][PE] skip orientation RF
[0000][PE] skip orientation RR
[0000] 3. Calling kt_for - worker_sam
[0000] read_chunk: 400000000, work_chunk_size: 400000008, nseq: 3296412
	[0000][ M::kt_pipeline] read 3296412 sequences (400000008 bp)...
	[0000][ M::mem_process_seqs] Processed 3281002 reads in 685.191 CPU sec, 18.279 real sec
[0000] Calling mem_process_seqs.., task: 80
[0000] 1. Calling kt_for - worker_bwt
[0000] 2. Calling kt_for - worker_aln
[0000] Inferring insert size distribution of PE reads from data, l_pac: 1342662642, n: 3296412
[0000][PE] # candidate unique pairs for (FF, FR, RF, RR): (123, 1158531, 44, 110)
[0000][PE] analyzing insert size distribution for orientation FF...
[0000][PE] (25, 50, 75) percentile: (67, 96, 140)
[0000][PE] low and high boundaries for computing mean and std.dev: (1, 286)
[0000][PE] mean and std.dev: (92.58, 51.75)
[0000][PE] low and high boundaries for proper pairs: (1, 359)
[0000][PE] analyzing insert size distribution for orientation FR...
[0000][PE] (25, 50, 75) percentile: (96, 140, 198)
[0000][PE] low and high boundaries for computing mean and std.dev: (1, 402)
[0000][PE] mean and std.dev: (153.63, 76.50)
[0000][PE] low and high boundaries for proper pairs: (1, 504)
[0000][PE] analyzing insert size distribution for orientation RF...
[0000][PE] (25, 50, 75) percentile: (149, 566, 1011)
[0000][PE] low and high boundaries for computing mean and std.dev: (1, 2735)
[0000][PE] mean and std.dev: (597.38, 507.50)
[0000][PE] low and high boundaries for proper pairs: (1, 3597)
[0000][PE] analyzing insert size distribution for orientation RR...
[0000][PE] (25, 50, 75) percentile: (66, 101, 153)
[0000][PE] low and high boundaries for computing mean and std.dev: (1, 327)
[0000][PE] mean and std.dev: (105.66, 58.52)
[0000][PE] low and high boundaries for proper pairs: (1, 414)
[0000][PE] skip orientation FF
[0000][PE] skip orientation RF
[0000][PE] skip orientation RR
[0000] 3. Calling kt_for - worker_sam
[0000] read_chunk: 400000000, work_chunk_size: 400000234, nseq: 3295022
	[0000][ M::kt_pipeline] read 3295022 sequences (400000234 bp)...
	[0000][ M::mem_process_seqs] Processed 3296412 reads in 534.635 CPU sec, 14.602 real sec
[0000] Calling mem_process_seqs.., task: 81
[0000] 1. Calling kt_for - worker_bwt
[0000] 2. Calling kt_for - worker_aln
[0000] Inferring insert size distribution of PE reads from data, l_pac: 1342662642, n: 3295022
[0000][PE] # candidate unique pairs for (FF, FR, RF, RR): (115, 1155618, 38, 105)
[0000][PE] analyzing insert size distribution for orientation FF...
[0000][PE] (25, 50, 75) percentile: (56, 100, 166)
[0000][PE] low and high boundaries for computing mean and std.dev: (1, 386)
[0000][PE] mean and std.dev: (104.68, 70.56)
[0000][PE] low and high boundaries for proper pairs: (1, 496)
[0000][PE] analyzing insert size distribution for orientation FR...
[0000][PE] (25, 50, 75) percentile: (97, 141, 198)
[0000][PE] low and high boundaries for computing mean and std.dev: (1, 400)
[0000][PE] mean and std.dev: (153.97, 76.32)
[0000][PE] low and high boundaries for proper pairs: (1, 501)
[0000][PE] analyzing insert size distribution for orientation RF...
[0000][PE] (25, 50, 75) percentile: (128, 222, 544)
[0000][PE] low and high boundaries for computing mean and std.dev: (1, 1376)
[0000][PE] mean and std.dev: (312.78, 282.29)
[0000][PE] low and high boundaries for proper pairs: (1, 1792)
[0000][PE] analyzing insert size distribution for orientation RR...
[0000][PE] (25, 50, 75) percentile: (63, 92, 146)
[0000][PE] low and high boundaries for computing mean and std.dev: (1, 312)
[0000][PE] mean and std.dev: (103.19, 61.11)
[0000][PE] low and high boundaries for proper pairs: (1, 395)
[0000][PE] skip orientation FF
[0000][PE] skip orientation RF
[0000][PE] skip orientation RR
[0000] 3. Calling kt_for - worker_sam
[0000] read_chunk: 400000000, work_chunk_size: 400000234, nseq: 3303500
	[0000][ M::kt_pipeline] read 3303500 sequences (400000234 bp)...
	[0000][ M::mem_process_seqs] Processed 3295022 reads in 511.836 CPU sec, 14.231 real sec
[0000] Calling mem_process_seqs.., task: 82
[0000] 1. Calling kt_for - worker_bwt
[0000] 2. Calling kt_for - worker_aln
[0000] Inferring insert size distribution of PE reads from data, l_pac: 1342662642, n: 3303500
[0000][PE] # candidate unique pairs for (FF, FR, RF, RR): (95, 1151576, 24, 122)
[0000][PE] analyzing insert size distribution for orientation FF...
[0000][PE] (25, 50, 75) percentile: (54, 85, 144)
[0000][PE] low and high boundaries for computing mean and std.dev: (1, 324)
[0000][PE] mean and std.dev: (97.54, 59.48)
[0000][PE] low and high boundaries for proper pairs: (1, 414)
[0000][PE] analyzing insert size distribution for orientation FR...
[0000][PE] (25, 50, 75) percentile: (96, 140, 197)
[0000][PE] low and high boundaries for computing mean and std.dev: (1, 399)
[0000][PE] mean and std.dev: (153.16, 76.09)
[0000][PE] low and high boundaries for proper pairs: (1, 500)
[0000][PE] analyzing insert size distribution for orientation RF...
[0000][PE] (25, 50, 75) percentile: (97, 285, 1125)
[0000][PE] low and high boundaries for computing mean and std.dev: (1, 3181)
[0000][PE] mean and std.dev: (461.70, 485.12)
[0000][PE] low and high boundaries for proper pairs: (1, 4209)
[0000][PE] analyzing insert size distribution for orientation RR...
[0000][PE] (25, 50, 75) percentile: (62, 106, 166)
[0000][PE] low and high boundaries for computing mean and std.dev: (1, 374)
[0000][PE] mean and std.dev: (108.62, 68.62)
[0000][PE] low and high boundaries for proper pairs: (1, 478)
[0000][PE] skip orientation FF
[0000][PE] skip orientation RF
[0000][PE] skip orientation RR
[0000] 3. Calling kt_for - worker_sam
	[0000][ M::mem_process_seqs] Processed 3303500 reads in 543.094 CPU sec, 14.626 real sec
[0000] read_chunk: 400000000, work_chunk_size: 400000217, nseq: 3283034
	[0000][ M::kt_pipeline] read 3283034 sequences (400000217 bp)...
[0000] Calling mem_process_seqs.., task: 83
[0000] 1. Calling kt_for - worker_bwt
[0000] 2. Calling kt_for - worker_aln
[0000] Inferring insert size distribution of PE reads from data, l_pac: 1342662642, n: 3283034
[0000][PE] # candidate unique pairs for (FF, FR, RF, RR): (104, 1128595, 29, 121)
[0000][PE] analyzing insert size distribution for orientation FF...
[0000][PE] (25, 50, 75) percentile: (55, 96, 157)
[0000][PE] low and high boundaries for computing mean and std.dev: (1, 361)
[0000][PE] mean and std.dev: (105.54, 66.75)
[0000][PE] low and high boundaries for proper pairs: (1, 463)
[0000][PE] analyzing insert size distribution for orientation FR...
[0000][PE] (25, 50, 75) percentile: (96, 140, 198)
[0000][PE] low and high boundaries for computing mean and std.dev: (1, 402)
[0000][PE] mean and std.dev: (153.56, 76.39)
[0000][PE] low and high boundaries for proper pairs: (1, 504)
[0000][PE] analyzing insert size distribution for orientation RF...
[0000][PE] (25, 50, 75) percentile: (151, 340, 1224)
[0000][PE] low and high boundaries for computing mean and std.dev: (1, 3370)
[0000][PE] mean and std.dev: (393.21, 389.71)
[0000][PE] low and high boundaries for proper pairs: (1, 4443)
[0000][PE] analyzing insert size distribution for orientation RR...
[0000][PE] (25, 50, 75) percentile: (67, 107, 207)
[0000][PE] low and high boundaries for computing mean and std.dev: (1, 487)
[0000][PE] mean and std.dev: (132.16, 102.88)
[0000][PE] low and high boundaries for proper pairs: (1, 627)
[0000][PE] skip orientation FF
[0000][PE] skip orientation RF
[0000][PE] skip orientation RR
[0000] 3. Calling kt_for - worker_sam
[0000] read_chunk: 400000000, work_chunk_size: 400000070, nseq: 3300444
	[0000][ M::kt_pipeline] read 3300444 sequences (400000070 bp)...
	[0000][ M::mem_process_seqs] Processed 3283034 reads in 613.305 CPU sec, 16.750 real sec
[0000] Calling mem_process_seqs.., task: 84
[0000] 1. Calling kt_for - worker_bwt
[0000] 2. Calling kt_for - worker_aln
[0000] Inferring insert size distribution of PE reads from data, l_pac: 1342662642, n: 3300444
[0000][PE] # candidate unique pairs for (FF, FR, RF, RR): (120, 1182311, 38, 98)
[0000][PE] analyzing insert size distribution for orientation FF...
[0000][PE] (25, 50, 75) percentile: (65, 95, 136)
[0000][PE] low and high boundaries for computing mean and std.dev: (1, 278)
[0000][PE] mean and std.dev: (100.30, 57.01)
[0000][PE] low and high boundaries for proper pairs: (1, 349)
[0000][PE] analyzing insert size distribution for orientation FR...
[0000][PE] (25, 50, 75) percentile: (96, 140, 198)
[0000][PE] low and high boundaries for computing mean and std.dev: (1, 402)
[0000][PE] mean and std.dev: (153.52, 76.59)
[0000][PE] low and high boundaries for proper pairs: (1, 504)
[0000][PE] analyzing insert size distribution for orientation RF...
[0000][PE] (25, 50, 75) percentile: (218, 479, 749)
[0000][PE] low and high boundaries for computing mean and std.dev: (1, 1811)
[0000][PE] mean and std.dev: (501.54, 360.38)
[0000][PE] low and high boundaries for proper pairs: (1, 2342)
[0000][PE] analyzing insert size distribution for orientation RR...
[0000][PE] (25, 50, 75) percentile: (61, 101, 175)
[0000][PE] low and high boundaries for computing mean and std.dev: (1, 403)
[0000][PE] mean and std.dev: (115.33, 76.60)
[0000][PE] low and high boundaries for proper pairs: (1, 517)
[0000][PE] skip orientation FF
[0000][PE] skip orientation RF
[0000][PE] skip orientation RR
[0000] 3. Calling kt_for - worker_sam
	[0000][ M::mem_process_seqs] Processed 3300444 reads in 492.428 CPU sec, 13.660 real sec
[0000] read_chunk: 400000000, work_chunk_size: 400000211, nseq: 3294018
	[0000][ M::kt_pipeline] read 3294018 sequences (400000211 bp)...
[0000] Calling mem_process_seqs.., task: 85
[0000] 1. Calling kt_for - worker_bwt
[0000] 2. Calling kt_for - worker_aln
[0029] Re-allocating (doubling) seqBufRefs in mem_chain2aln_across_reads_V2 (right)
[0029] Re-allocating (doubling) seqBufRefs in mem_chain2aln_across_reads_V2 (right)
[0030] Re-allocating (doubling) seqBufRefs in mem_chain2aln_across_reads_V2 (right)
[0031] Re-allocating (doubling) seqBufRefs in mem_chain2aln_across_reads_V2 (right)
[0032] Re-allocating (doubling) seqBufRefs in mem_chain2aln_across_reads_V2 (left)
[0035] Re-allocating (doubling) seqBufRefs in mem_chain2aln_across_reads_V2 (right)
[0030] Re-allocating (doubling) seqBufRefs in mem_chain2aln_across_reads_V2 (right)
[0031] Re-allocating (doubling) seqBufRefs in mem_chain2aln_across_reads_V2 (right)
[0032] Re-allocating (doubling) seqBufRefs in mem_chain2aln_across_reads_V2 (left)
[0035] Re-allocating (doubling) seqBufRefs in mem_chain2aln_across_reads_V2 (right)
[0033] Re-allocating (doubling) seqBufRefs in mem_chain2aln_across_reads_V2 (left)
[0033] Re-allocating (doubling) seqBufRefs in mem_chain2aln_across_reads_V2 (left)
[0032] Re-allocating (doubling) seqBufRefs in mem_chain2aln_across_reads_V2 (left)
[0033] Re-allocating (doubling) seqBufRefs in mem_chain2aln_across_reads_V2 (left)
[0000] read_chunk: 400000000, work_chunk_size: 400000179, nseq: 3291746
	[0000][ M::kt_pipeline] read 3291746 sequences (400000179 bp)...
[0000] Inferring insert size distribution of PE reads from data, l_pac: 1342662642, n: 3294018
[0000][PE] # candidate unique pairs for (FF, FR, RF, RR): (123, 1152638, 28, 105)
[0000][PE] analyzing insert size distribution for orientation FF...
[0000][PE] (25, 50, 75) percentile: (53, 95, 162)
[0000][PE] low and high boundaries for computing mean and std.dev: (1, 380)
[0000][PE] mean and std.dev: (104.12, 74.20)
[0000][PE] low and high boundaries for proper pairs: (1, 489)
[0000][PE] analyzing insert size distribution for orientation FR...
[0000][PE] (25, 50, 75) percentile: (96, 140, 198)
[0000][PE] low and high boundaries for computing mean and std.dev: (1, 402)
[0000][PE] mean and std.dev: (153.53, 76.55)
[0000][PE] low and high boundaries for proper pairs: (1, 504)
[0000][PE] analyzing insert size distribution for orientation RF...
[0000][PE] (25, 50, 75) percentile: (139, 379, 643)
[0000][PE] low and high boundaries for computing mean and std.dev: (1, 1651)
[0000][PE] mean and std.dev: (442.61, 324.18)
[0000][PE] low and high boundaries for proper pairs: (1, 2155)
[0000][PE] analyzing insert size distribution for orientation RR...
[0000][PE] (25, 50, 75) percentile: (57, 101, 136)
[0000][PE] low and high boundaries for computing mean and std.dev: (1, 294)
[0000][PE] mean and std.dev: (94.75, 51.23)
[0000][PE] low and high boundaries for proper pairs: (1, 373)
[0000][PE] skip orientation FF
[0000][PE] skip orientation RF
[0000][PE] skip orientation RR
[0000] 3. Calling kt_for - worker_sam
	[0000][ M::mem_process_seqs] Processed 3294018 reads in 554.546 CPU sec, 18.266 real sec
[0000] Calling mem_process_seqs.., task: 86
[0000] 1. Calling kt_for - worker_bwt
[0000] 2. Calling kt_for - worker_aln
[0000] Inferring insert size distribution of PE reads from data, l_pac: 1342662642, n: 3291746
[0000][PE] # candidate unique pairs for (FF, FR, RF, RR): (108, 1166589, 31, 125)
[0000][PE] analyzing insert size distribution for orientation FF...
[0000][PE] (25, 50, 75) percentile: (57, 98, 148)
[0000][PE] low and high boundaries for computing mean and std.dev: (1, 330)
[0000][PE] mean and std.dev: (107.21, 70.99)
[0000][PE] low and high boundaries for proper pairs: (1, 421)
[0000][PE] analyzing insert size distribution for orientation FR...
[0000][PE] (25, 50, 75) percentile: (97, 140, 198)
[0000][PE] low and high boundaries for computing mean and std.dev: (1, 400)
[0000][PE] mean and std.dev: (153.70, 76.20)
[0000][PE] low and high boundaries for proper pairs: (1, 501)
[0000][PE] analyzing insert size distribution for orientation RF...
[0000][PE] (25, 50, 75) percentile: (169, 310, 707)
[0000][PE] low and high boundaries for computing mean and std.dev: (1, 1783)
[0000][PE] mean and std.dev: (424.31, 382.18)
[0000][PE] low and high boundaries for proper pairs: (1, 2321)
[0000][PE] analyzing insert size distribution for orientation RR...
[0000][PE] (25, 50, 75) percentile: (60, 111, 168)
[0000][PE] low and high boundaries for computing mean and std.dev: (1, 384)
[0000][PE] mean and std.dev: (107.98, 69.98)
[0000][PE] low and high boundaries for proper pairs: (1, 492)
[0000][PE] skip orientation FF
[0000][PE] skip orientation RF
[0000][PE] skip orientation RR
[0000] 3. Calling kt_for - worker_sam
[0000] read_chunk: 400000000, work_chunk_size: 400000193, nseq: 3290884
	[0000][ M::kt_pipeline] read 3290884 sequences (400000193 bp)...
	[0000][ M::mem_process_seqs] Processed 3291746 reads in 524.546 CPU sec, 14.376 real sec
[0000] Calling mem_process_seqs.., task: 87
[0000] 1. Calling kt_for - worker_bwt
[0000] 2. Calling kt_for - worker_aln
[0000] Inferring insert size distribution of PE reads from data, l_pac: 1342662642, n: 3290884
[0000][PE] # candidate unique pairs for (FF, FR, RF, RR): (127, 1142634, 38, 111)
[0000][PE] analyzing insert size distribution for orientation FF...
[0000][PE] (25, 50, 75) percentile: (64, 95, 148)
[0000][PE] low and high boundaries for computing mean and std.dev: (1, 316)
[0000][PE] mean and std.dev: (106.38, 63.75)
[0000][PE] low and high boundaries for proper pairs: (1, 400)
[0000][PE] analyzing insert size distribution for orientation FR...
[0000][PE] (25, 50, 75) percentile: (96, 140, 198)
[0000][PE] low and high boundaries for computing mean and std.dev: (1, 402)
[0000][PE] mean and std.dev: (153.65, 76.55)
[0000][PE] low and high boundaries for proper pairs: (1, 504)
[0000][PE] analyzing insert size distribution for orientation RF...
[0000][PE] (25, 50, 75) percentile: (69, 250, 737)
[0000][PE] low and high boundaries for computing mean and std.dev: (1, 2073)
[0000][PE] mean and std.dev: (376.81, 431.11)
[0000][PE] low and high boundaries for proper pairs: (1, 2741)
[0000][PE] analyzing insert size distribution for orientation RR...
[0000][PE] (25, 50, 75) percentile: (58, 87, 146)
[0000][PE] low and high boundaries for computing mean and std.dev: (1, 322)
[0000][PE] mean and std.dev: (87.86, 49.84)
[0000][PE] low and high boundaries for proper pairs: (1, 410)
[0000][PE] skip orientation FF
[0000][PE] skip orientation RF
[0000][PE] skip orientation RR
[0000] 3. Calling kt_for - worker_sam
	[0000][ M::mem_process_seqs] Processed 3290884 reads in 523.315 CPU sec, 14.171 real sec
[0000] read_chunk: 400000000, work_chunk_size: 400000177, nseq: 3305742
	[0000][ M::kt_pipeline] read 3305742 sequences (400000177 bp)...
[0000] Calling mem_process_seqs.., task: 88
[0000] 1. Calling kt_for - worker_bwt
[0000] 2. Calling kt_for - worker_aln
[0000] Inferring insert size distribution of PE reads from data, l_pac: 1342662642, n: 3305742
[0000][PE] # candidate unique pairs for (FF, FR, RF, RR): (101, 1182718, 54, 97)
[0000][PE] analyzing insert size distribution for orientation FF...
[0000][PE] (25, 50, 75) percentile: (52, 80, 121)
[0000][PE] low and high boundaries for computing mean and std.dev: (1, 259)
[0000][PE] mean and std.dev: (84.37, 52.66)
[0000][PE] low and high boundaries for proper pairs: (1, 328)
[0000][PE] analyzing insert size distribution for orientation FR...
[0000][PE] (25, 50, 75) percentile: (96, 140, 198)
[0000][PE] low and high boundaries for computing mean and std.dev: (1, 402)
[0000][PE] mean and std.dev: (153.34, 76.40)
[0000][PE] low and high boundaries for proper pairs: (1, 504)
[0000][PE] analyzing insert size distribution for orientation RF...
[0000][PE] (25, 50, 75) percentile: (138, 236, 570)
[0000][PE] low and high boundaries for computing mean and std.dev: (1, 1434)
[0000][PE] mean and std.dev: (333.64, 350.62)
[0000][PE] low and high boundaries for proper pairs: (1, 1866)
[0000][PE] analyzing insert size distribution for orientation RR...
[0000][PE] (25, 50, 75) percentile: (68, 100, 162)
[0000][PE] low and high boundaries for computing mean and std.dev: (1, 350)
[0000][PE] mean and std.dev: (105.82, 53.57)
[0000][PE] low and high boundaries for proper pairs: (1, 444)
[0000][PE] skip orientation FF
[0000][PE] skip orientation RF
[0000][PE] skip orientation RR
[0000] 3. Calling kt_for - worker_sam
[0000] read_chunk: 400000000, work_chunk_size: 400000100, nseq: 3285220
	[0000][ M::kt_pipeline] read 3285220 sequences (400000100 bp)...
	[0000][ M::mem_process_seqs] Processed 3305742 reads in 485.649 CPU sec, 13.020 real sec
[0000] Calling mem_process_seqs.., task: 89
[0000] 1. Calling kt_for - worker_bwt
[0000] 2. Calling kt_for - worker_aln
[0000] Inferring insert size distribution of PE reads from data, l_pac: 1342662642, n: 3285220
[0000][PE] # candidate unique pairs for (FF, FR, RF, RR): (118, 1144843, 27, 100)
[0000][PE] analyzing insert size distribution for orientation FF...
[0000][PE] (25, 50, 75) percentile: (51, 102, 164)
[0000][PE] low and high boundaries for computing mean and std.dev: (1, 390)
[0000][PE] mean and std.dev: (113.05, 74.67)
[0000][PE] low and high boundaries for proper pairs: (1, 503)
[0000][PE] analyzing insert size distribution for orientation FR...
[0000][PE] (25, 50, 75) percentile: (96, 140, 198)
[0000][PE] low and high boundaries for computing mean and std.dev: (1, 402)
[0000][PE] mean and std.dev: (153.78, 76.45)
[0000][PE] low and high boundaries for proper pairs: (1, 504)
[0000][PE] analyzing insert size distribution for orientation RF...
[0000][PE] (25, 50, 75) percentile: (142, 364, 711)
[0000][PE] low and high boundaries for computing mean and std.dev: (1, 1849)
[0000][PE] mean and std.dev: (429.92, 416.25)
[0000][PE] low and high boundaries for proper pairs: (1, 2418)
[0000][PE] analyzing insert size distribution for orientation RR...
[0000][PE] (25, 50, 75) percentile: (56, 90, 137)
[0000][PE] low and high boundaries for computing mean and std.dev: (1, 299)
[0000][PE] mean and std.dev: (94.33, 53.22)
[0000][PE] low and high boundaries for proper pairs: (1, 380)
[0000][PE] skip orientation FF
[0000][PE] skip orientation RF
[0000][PE] skip orientation RR
[0000] 3. Calling kt_for - worker_sam
[0000] read_chunk: 400000000, work_chunk_size: 400000141, nseq: 3306200
	[0000][ M::kt_pipeline] read 3306200 sequences (400000141 bp)...
	[0000][ M::mem_process_seqs] Processed 3285220 reads in 594.566 CPU sec, 15.860 real sec
[0000] Calling mem_process_seqs.., task: 90
[0000] 1. Calling kt_for - worker_bwt
[0000] 2. Calling kt_for - worker_aln
[0000] Inferring insert size distribution of PE reads from data, l_pac: 1342662642, n: 3306200
[0000][PE] # candidate unique pairs for (FF, FR, RF, RR): (106, 1181688, 42, 92)
[0000][PE] analyzing insert size distribution for orientation FF...
[0000][PE] (25, 50, 75) percentile: (57, 93, 133)
[0000][PE] low and high boundaries for computing mean and std.dev: (1, 285)
[0000][PE] mean and std.dev: (100.25, 56.00)
[0000][PE] low and high boundaries for proper pairs: (1, 361)
[0000][PE] analyzing insert size distribution for orientation FR...
[0000][PE] (25, 50, 75) percentile: (96, 140, 198)
[0000][PE] low and high boundaries for computing mean and std.dev: (1, 402)
[0000][PE] mean and std.dev: (153.27, 76.46)
[0000][PE] low and high boundaries for proper pairs: (1, 504)
[0000][PE] analyzing insert size distribution for orientation RF...
[0000][PE] (25, 50, 75) percentile: (224, 308, 906)
[0000][PE] low and high boundaries for computing mean and std.dev: (1, 2270)
[0000][PE] mean and std.dev: (533.76, 451.77)
[0000][PE] low and high boundaries for proper pairs: (1, 2952)
[0000][PE] analyzing insert size distribution for orientation RR...
[0000][PE] (25, 50, 75) percentile: (61, 96, 151)
[0000][PE] low and high boundaries for computing mean and std.dev: (1, 331)
[0000][PE] mean and std.dev: (103.65, 64.04)
[0000][PE] low and high boundaries for proper pairs: (1, 421)
[0000][PE] skip orientation FF
[0000][PE] skip orientation RF
[0000][PE] skip orientation RR
[0000] 3. Calling kt_for - worker_sam
	[0000][ M::mem_process_seqs] Processed 3306200 reads in 510.532 CPU sec, 14.236 real sec
[0000] read_chunk: 400000000, work_chunk_size: 400000016, nseq: 3285686
	[0000][ M::kt_pipeline] read 3285686 sequences (400000016 bp)...
[0000] Calling mem_process_seqs.., task: 91
[0000] 1. Calling kt_for - worker_bwt
[0000] 2. Calling kt_for - worker_aln
[0000] Inferring insert size distribution of PE reads from data, l_pac: 1342662642, n: 3285686
[0000][PE] # candidate unique pairs for (FF, FR, RF, RR): (97, 1118629, 35, 95)
[0000][PE] analyzing insert size distribution for orientation FF...
[0000][PE] (25, 50, 75) percentile: (53, 93, 179)
[0000][PE] low and high boundaries for computing mean and std.dev: (1, 431)
[0000][PE] mean and std.dev: (102.85, 77.05)
[0000][PE] low and high boundaries for proper pairs: (1, 557)
[0000][PE] analyzing insert size distribution for orientation FR...
[0000][PE] (25, 50, 75) percentile: (96, 140, 198)
[0000][PE] low and high boundaries for computing mean and std.dev: (1, 402)
[0000][PE] mean and std.dev: (153.72, 76.50)
[0000][PE] low and high boundaries for proper pairs: (1, 504)
[0000][PE] analyzing insert size distribution for orientation RF...
[0000][PE] (25, 50, 75) percentile: (117, 294, 1081)
[0000][PE] low and high boundaries for computing mean and std.dev: (1, 3009)
[0000][PE] mean and std.dev: (566.84, 685.44)
[0000][PE] low and high boundaries for proper pairs: (1, 3973)
[0000][PE] analyzing insert size distribution for orientation RR...
[0000][PE] (25, 50, 75) percentile: (60, 99, 135)
[0000][PE] low and high boundaries for computing mean and std.dev: (1, 285)
[0000][PE] mean and std.dev: (101.22, 58.49)
[0000][PE] low and high boundaries for proper pairs: (1, 360)
[0000][PE] skip orientation FF
[0000][PE] skip orientation RF
[0000][PE] skip orientation RR
[0000] 3. Calling kt_for - worker_sam
[0000] read_chunk: 400000000, work_chunk_size: 400000104, nseq: 3290288
	[0000][ M::kt_pipeline] read 3290288 sequences (400000104 bp)...
	[0000][ M::mem_process_seqs] Processed 3285686 reads in 585.763 CPU sec, 15.903 real sec
[0000] Calling mem_process_seqs.., task: 92
[0000] 1. Calling kt_for - worker_bwt
[0000] 2. Calling kt_for - worker_aln
[0000] Inferring insert size distribution of PE reads from data, l_pac: 1342662642, n: 3290288
[0000][PE] # candidate unique pairs for (FF, FR, RF, RR): (91, 1151052, 65, 102)
[0000][PE] analyzing insert size distribution for orientation FF...
[0000][PE] (25, 50, 75) percentile: (52, 85, 156)
[0000][PE] low and high boundaries for computing mean and std.dev: (1, 364)
[0000][PE] mean and std.dev: (100.56, 65.79)
[0000][PE] low and high boundaries for proper pairs: (1, 468)
[0000][PE] analyzing insert size distribution for orientation FR...
[0000][PE] (25, 50, 75) percentile: (96, 140, 198)
[0000][PE] low and high boundaries for computing mean and std.dev: (1, 402)
[0000][PE] mean and std.dev: (153.55, 76.49)
[0000][PE] low and high boundaries for proper pairs: (1, 504)
[0000][PE] analyzing insert size distribution for orientation RF...
[0000][PE] (25, 50, 75) percentile: (115, 147, 330)
[0000][PE] low and high boundaries for computing mean and std.dev: (1, 760)
[0000][PE] mean and std.dev: (178.66, 142.76)
[0000][PE] low and high boundaries for proper pairs: (1, 975)
[0000][PE] analyzing insert size distribution for orientation RR...
[0000][PE] (25, 50, 75) percentile: (53, 93, 137)
[0000][PE] low and high boundaries for computing mean and std.dev: (1, 305)
[0000][PE] mean and std.dev: (94.95, 56.10)
[0000][PE] low and high boundaries for proper pairs: (1, 389)
[0000][PE] skip orientation FF
[0000][PE] skip orientation RF
[0000][PE] skip orientation RR
[0000] 3. Calling kt_for - worker_sam
	[0000][ M::mem_process_seqs] Processed 3290288 reads in 561.500 CPU sec, 20.901 real sec
[0000] read_chunk: 400000000, work_chunk_size: 400000063, nseq: 3298900
	[0000][ M::kt_pipeline] read 3298900 sequences (400000063 bp)...
[0000] Calling mem_process_seqs.., task: 93
[0000] 1. Calling kt_for - worker_bwt
[0000] 2. Calling kt_for - worker_aln
[0000] Inferring insert size distribution of PE reads from data, l_pac: 1342662642, n: 3298900
[0000][PE] # candidate unique pairs for (FF, FR, RF, RR): (118, 1140794, 31, 100)
[0000][PE] analyzing insert size distribution for orientation FF...
[0000][PE] (25, 50, 75) percentile: (54, 93, 151)
[0000][PE] low and high boundaries for computing mean and std.dev: (1, 345)
[0000][PE] mean and std.dev: (101.95, 65.96)
[0000][PE] low and high boundaries for proper pairs: (1, 442)
[0000][PE] analyzing insert size distribution for orientation FR...
[0000][PE] (25, 50, 75) percentile: (96, 140, 198)
[0000][PE] low and high boundaries for computing mean and std.dev: (1, 402)
[0000][PE] mean and std.dev: (153.38, 76.46)
[0000][PE] low and high boundaries for proper pairs: (1, 504)
[0000][PE] analyzing insert size distribution for orientation RF...
[0000][PE] (25, 50, 75) percentile: (144, 285, 675)
[0000][PE] low and high boundaries for computing mean and std.dev: (1, 1737)
[0000][PE] mean and std.dev: (330.48, 307.86)
[0000][PE] low and high boundaries for proper pairs: (1, 2268)
[0000][PE] analyzing insert size distribution for orientation RR...
[0000][PE] (25, 50, 75) percentile: (63, 101, 143)
[0000][PE] low and high boundaries for computing mean and std.dev: (1, 303)
[0000][PE] mean and std.dev: (104.39, 61.75)
[0000][PE] low and high boundaries for proper pairs: (1, 383)
[0000][PE] skip orientation FF
[0000][PE] skip orientation RF
[0000][PE] skip orientation RR
[0000] 3. Calling kt_for - worker_sam
[0000] read_chunk: 400000000, work_chunk_size: 400000173, nseq: 3300130
	[0000][ M::kt_pipeline] read 3300130 sequences (400000173 bp)...
	[0000][ M::mem_process_seqs] Processed 3298900 reads in 602.130 CPU sec, 16.014 real sec
[0000] Calling mem_process_seqs.., task: 94
[0000] 1. Calling kt_for - worker_bwt
[0000] 2. Calling kt_for - worker_aln
[0000] Inferring insert size distribution of PE reads from data, l_pac: 1342662642, n: 3300130
[0000][PE] # candidate unique pairs for (FF, FR, RF, RR): (113, 1177504, 35, 120)
[0000][PE] analyzing insert size distribution for orientation FF...
[0000][PE] (25, 50, 75) percentile: (52, 90, 154)
[0000][PE] low and high boundaries for computing mean and std.dev: (1, 358)
[0000][PE] mean and std.dev: (100.74, 66.58)
[0000][PE] low and high boundaries for proper pairs: (1, 460)
[0000][PE] analyzing insert size distribution for orientation FR...
[0000][PE] (25, 50, 75) percentile: (96, 140, 198)
[0000][PE] low and high boundaries for computing mean and std.dev: (1, 402)
[0000][PE] mean and std.dev: (153.38, 76.45)
[0000][PE] low and high boundaries for proper pairs: (1, 504)
[0000][PE] analyzing insert size distribution for orientation RF...
[0000][PE] (25, 50, 75) percentile: (134, 246, 469)
[0000][PE] low and high boundaries for computing mean and std.dev: (1, 1139)
[0000][PE] mean and std.dev: (250.57, 220.25)
[0000][PE] low and high boundaries for proper pairs: (1, 1474)
[0000][PE] analyzing insert size distribution for orientation RR...
[0000][PE] (25, 50, 75) percentile: (64, 95, 182)
[0000][PE] low and high boundaries for computing mean and std.dev: (1, 418)
[0000][PE] mean and std.dev: (114.35, 77.86)
[0000][PE] low and high boundaries for proper pairs: (1, 536)
[0000][PE] skip orientation FF
[0000][PE] skip orientation RF
[0000][PE] skip orientation RR
[0000] 3. Calling kt_for - worker_sam
	[0000][ M::mem_process_seqs] Processed 3300130 reads in 513.329 CPU sec, 13.913 real sec
[0000] read_chunk: 400000000, work_chunk_size: 400000080, nseq: 3294642
	[0000][ M::kt_pipeline] read 3294642 sequences (400000080 bp)...
[0000] Calling mem_process_seqs.., task: 95
[0000] 1. Calling kt_for - worker_bwt
[0000] 2. Calling kt_for - worker_aln
[0000] Inferring insert size distribution of PE reads from data, l_pac: 1342662642, n: 3294642
[0000][PE] # candidate unique pairs for (FF, FR, RF, RR): (114, 1154945, 20, 115)
[0000][PE] analyzing insert size distribution for orientation FF...
[0000][PE] (25, 50, 75) percentile: (61, 107, 203)
[0000][PE] low and high boundaries for computing mean and std.dev: (1, 487)
[0000][PE] mean and std.dev: (121.69, 86.74)
[0000][PE] low and high boundaries for proper pairs: (1, 629)
[0000][PE] analyzing insert size distribution for orientation FR...
[0000][PE] (25, 50, 75) percentile: (97, 140, 198)
[0000][PE] low and high boundaries for computing mean and std.dev: (1, 400)
[0000][PE] mean and std.dev: (153.82, 76.22)
[0000][PE] low and high boundaries for proper pairs: (1, 501)
[0000][PE] analyzing insert size distribution for orientation RF...
[0000][PE] (25, 50, 75) percentile: (99, 190, 442)
[0000][PE] low and high boundaries for computing mean and std.dev: (1, 1128)
[0000][PE] mean and std.dev: (266.37, 247.90)
[0000][PE] low and high boundaries for proper pairs: (1, 1471)
[0000][PE] analyzing insert size distribution for orientation RR...
[0000][PE] (25, 50, 75) percentile: (54, 92, 170)
[0000][PE] low and high boundaries for computing mean and std.dev: (1, 402)
[0000][PE] mean and std.dev: (99.58, 68.36)
[0000][PE] low and high boundaries for proper pairs: (1, 518)
[0000][PE] skip orientation FF
[0000][PE] skip orientation RF
[0000][PE] skip orientation RR
[0000] 3. Calling kt_for - worker_sam
[0000] read_chunk: 400000000, work_chunk_size: 400000049, nseq: 3288176
	[0000][ M::kt_pipeline] read 3288176 sequences (400000049 bp)...
	[0000][ M::mem_process_seqs] Processed 3294642 reads in 524.292 CPU sec, 14.109 real sec
[0000] Calling mem_process_seqs.., task: 96
[0000] 1. Calling kt_for - worker_bwt
[0000] 2. Calling kt_for - worker_aln
[0000] Inferring insert size distribution of PE reads from data, l_pac: 1342662642, n: 3288176
[0000][PE] # candidate unique pairs for (FF, FR, RF, RR): (102, 1154414, 37, 111)
[0000][PE] analyzing insert size distribution for orientation FF...
[0000][PE] (25, 50, 75) percentile: (61, 87, 142)
[0000][PE] low and high boundaries for computing mean and std.dev: (1, 304)
[0000][PE] mean and std.dev: (103.73, 63.24)
[0000][PE] low and high boundaries for proper pairs: (1, 385)
[0000][PE] analyzing insert size distribution for orientation FR...
[0000][PE] (25, 50, 75) percentile: (96, 140, 198)
[0000][PE] low and high boundaries for computing mean and std.dev: (1, 402)
[0000][PE] mean and std.dev: (153.47, 76.41)
[0000][PE] low and high boundaries for proper pairs: (1, 504)
[0000][PE] analyzing insert size distribution for orientation RF...
[0000][PE] (25, 50, 75) percentile: (181, 460, 916)
[0000][PE] low and high boundaries for computing mean and std.dev: (1, 2386)
[0000][PE] mean and std.dev: (511.65, 374.35)
[0000][PE] low and high boundaries for proper pairs: (1, 3121)
[0000][PE] analyzing insert size distribution for orientation RR...
[0000][PE] (25, 50, 75) percentile: (59, 103, 190)
[0000][PE] low and high boundaries for computing mean and std.dev: (1, 452)
[0000][PE] mean and std.dev: (116.09, 79.35)
[0000][PE] low and high boundaries for proper pairs: (1, 583)
[0000][PE] skip orientation FF
[0000][PE] skip orientation RF
[0000][PE] skip orientation RR
[0000] 3. Calling kt_for - worker_sam
	[0000][ M::mem_process_seqs] Processed 3288176 reads in 516.745 CPU sec, 14.079 real sec
[0000] read_chunk: 400000000, work_chunk_size: 400000006, nseq: 3286554
	[0000][ M::kt_pipeline] read 3286554 sequences (400000006 bp)...
[0000] Calling mem_process_seqs.., task: 97
[0000] 1. Calling kt_for - worker_bwt
[0000] 2. Calling kt_for - worker_aln
[0000] Inferring insert size distribution of PE reads from data, l_pac: 1342662642, n: 3286554
[0000][PE] # candidate unique pairs for (FF, FR, RF, RR): (102, 1119453, 22, 107)
[0000][PE] analyzing insert size distribution for orientation FF...
[0000][PE] (25, 50, 75) percentile: (56, 85, 140)
[0000][PE] low and high boundaries for computing mean and std.dev: (1, 308)
[0000][PE] mean and std.dev: (96.74, 61.93)
[0000][PE] low and high boundaries for proper pairs: (1, 392)
[0000][PE] analyzing insert size distribution for orientation FR...
[0000][PE] (25, 50, 75) percentile: (96, 140, 198)
[0000][PE] low and high boundaries for computing mean and std.dev: (1, 402)
[0000][PE] mean and std.dev: (153.70, 76.46)
[0000][PE] low and high boundaries for proper pairs: (1, 504)
[0000][PE] analyzing insert size distribution for orientation RF...
[0000][PE] (25, 50, 75) percentile: (50, 130, 266)
[0000][PE] low and high boundaries for computing mean and std.dev: (1, 698)
[0000][PE] mean and std.dev: (178.05, 181.75)
[0000][PE] low and high boundaries for proper pairs: (1, 914)
[0000][PE] analyzing insert size distribution for orientation RR...
[0000][PE] (25, 50, 75) percentile: (66, 93, 137)
[0000][PE] low and high boundaries for computing mean and std.dev: (1, 279)
[0000][PE] mean and std.dev: (100.38, 55.98)
[0000][PE] low and high boundaries for proper pairs: (1, 350)
[0000][PE] skip orientation FF
[0000][PE] skip orientation RF
[0000][PE] skip orientation RR
[0000] 3. Calling kt_for - worker_sam
[0000] read_chunk: 400000000, work_chunk_size: 400000133, nseq: 3300886
	[0000][ M::kt_pipeline] read 3300886 sequences (400000133 bp)...
	[0000][ M::mem_process_seqs] Processed 3286554 reads in 605.556 CPU sec, 16.161 real sec
[0000] Calling mem_process_seqs.., task: 98
[0000] 1. Calling kt_for - worker_bwt
[0000] 2. Calling kt_for - worker_aln
[0000] Inferring insert size distribution of PE reads from data, l_pac: 1342662642, n: 3300886
[0000][PE] # candidate unique pairs for (FF, FR, RF, RR): (126, 1177272, 38, 125)
[0000][PE] analyzing insert size distribution for orientation FF...
[0000][PE] (25, 50, 75) percentile: (61, 102, 148)
[0000][PE] low and high boundaries for computing mean and std.dev: (1, 322)
[0000][PE] mean and std.dev: (101.60, 59.01)
[0000][PE] low and high boundaries for proper pairs: (1, 409)
[0000][PE] analyzing insert size distribution for orientation FR...
[0000][PE] (25, 50, 75) percentile: (96, 140, 198)
[0000][PE] low and high boundaries for computing mean and std.dev: (1, 402)
[0000][PE] mean and std.dev: (153.40, 76.58)
[0000][PE] low and high boundaries for proper pairs: (1, 504)
[0000][PE] analyzing insert size distribution for orientation RF...
[0000][PE] (25, 50, 75) percentile: (180, 267, 537)
[0000][PE] low and high boundaries for computing mean and std.dev: (1, 1251)
[0000][PE] mean and std.dev: (303.76, 217.98)
[0000][PE] low and high boundaries for proper pairs: (1, 1608)
[0000][PE] analyzing insert size distribution for orientation RR...
[0000][PE] (25, 50, 75) percentile: (49, 99, 154)
[0000][PE] low and high boundaries for computing mean and std.dev: (1, 364)
[0000][PE] mean and std.dev: (103.54, 70.83)
[0000][PE] low and high boundaries for proper pairs: (1, 469)
[0000][PE] skip orientation FF
[0000][PE] skip orientation RF
[0000][PE] skip orientation RR
[0000] 3. Calling kt_for - worker_sam
	[0000][ M::mem_process_seqs] Processed 3300886 reads in 511.403 CPU sec, 14.296 real sec
[0000] read_chunk: 400000000, work_chunk_size: 400000230, nseq: 3301284
	[0000][ M::kt_pipeline] read 3301284 sequences (400000230 bp)...
[0000] Calling mem_process_seqs.., task: 99
[0000] 1. Calling kt_for - worker_bwt
[0000] 2. Calling kt_for - worker_aln
[0000] Inferring insert size distribution of PE reads from data, l_pac: 1342662642, n: 3301284
[0000][PE] # candidate unique pairs for (FF, FR, RF, RR): (100, 1175584, 35, 119)
[0000][PE] analyzing insert size distribution for orientation FF...
[0000][PE] (25, 50, 75) percentile: (58, 82, 152)
[0000][PE] low and high boundaries for computing mean and std.dev: (1, 340)
[0000][PE] mean and std.dev: (100.03, 68.18)
[0000][PE] low and high boundaries for proper pairs: (1, 434)
[0000][PE] analyzing insert size distribution for orientation FR...
[0000][PE] (25, 50, 75) percentile: (96, 140, 198)
[0000][PE] low and high boundaries for computing mean and std.dev: (1, 402)
[0000][PE] mean and std.dev: (153.45, 76.48)
[0000][PE] low and high boundaries for proper pairs: (1, 504)
[0000][PE] analyzing insert size distribution for orientation RF...
[0000][PE] (25, 50, 75) percentile: (160, 368, 570)
[0000][PE] low and high boundaries for computing mean and std.dev: (1, 1390)
[0000][PE] mean and std.dev: (341.75, 230.16)
[0000][PE] low and high boundaries for proper pairs: (1, 1800)
[0000][PE] analyzing insert size distribution for orientation RR...
[0000][PE] (25, 50, 75) percentile: (59, 91, 153)
[0000][PE] low and high boundaries for computing mean and std.dev: (1, 341)
[0000][PE] mean and std.dev: (96.88, 56.34)
[0000][PE] low and high boundaries for proper pairs: (1, 435)
[0000][PE] skip orientation FF
[0000][PE] skip orientation RF
[0000][PE] skip orientation RR
[0000] 3. Calling kt_for - worker_sam
[0000] read_chunk: 400000000, work_chunk_size: 400000034, nseq: 3301140
	[0000][ M::kt_pipeline] read 3301140 sequences (400000034 bp)...
	[0000][ M::mem_process_seqs] Processed 3301284 reads in 537.772 CPU sec, 14.499 real sec
[0000] Calling mem_process_seqs.., task: 100
[0000] 1. Calling kt_for - worker_bwt
[0000] 2. Calling kt_for - worker_aln
[0000] Inferring insert size distribution of PE reads from data, l_pac: 1342662642, n: 3301140
[0000][PE] # candidate unique pairs for (FF, FR, RF, RR): (109, 1178030, 45, 102)
[0000][PE] analyzing insert size distribution for orientation FF...
[0000][PE] (25, 50, 75) percentile: (63, 98, 185)
[0000][PE] low and high boundaries for computing mean and std.dev: (1, 429)
[0000][PE] mean and std.dev: (118.56, 81.86)
[0000][PE] low and high boundaries for proper pairs: (1, 551)
[0000][PE] analyzing insert size distribution for orientation FR...
[0000][PE] (25, 50, 75) percentile: (96, 140, 198)
[0000][PE] low and high boundaries for computing mean and std.dev: (1, 402)
[0000][PE] mean and std.dev: (153.65, 76.53)
[0000][PE] low and high boundaries for proper pairs: (1, 504)
[0000][PE] analyzing insert size distribution for orientation RF...
[0000][PE] (25, 50, 75) percentile: (88, 320, 777)
[0000][PE] low and high boundaries for computing mean and std.dev: (1, 2155)
[0000][PE] mean and std.dev: (351.33, 380.88)
[0000][PE] low and high boundaries for proper pairs: (1, 2844)
[0000][PE] analyzing insert size distribution for orientation RR...
[0000][PE] (25, 50, 75) percentile: (58, 92, 154)
[0000][PE] low and high boundaries for computing mean and std.dev: (1, 346)
[0000][PE] mean and std.dev: (103.65, 65.76)
[0000][PE] low and high boundaries for proper pairs: (1, 442)
[0000][PE] skip orientation FF
[0000][PE] skip orientation RF
[0000][PE] skip orientation RR
[0000] 3. Calling kt_for - worker_sam
	[0000][ M::mem_process_seqs] Processed 3301140 reads in 499.825 CPU sec, 13.687 real sec
[0000] read_chunk: 400000000, work_chunk_size: 400000274, nseq: 3289724
	[0000][ M::kt_pipeline] read 3289724 sequences (400000274 bp)...
[0000] Calling mem_process_seqs.., task: 101
[0000] 1. Calling kt_for - worker_bwt
[0000] 2. Calling kt_for - worker_aln
[0000] Inferring insert size distribution of PE reads from data, l_pac: 1342662642, n: 3289724
[0000][PE] # candidate unique pairs for (FF, FR, RF, RR): (99, 1105796, 42, 109)
[0000][PE] analyzing insert size distribution for orientation FF...
[0000][PE] (25, 50, 75) percentile: (58, 88, 143)
[0000][PE] low and high boundaries for computing mean and std.dev: (1, 313)
[0000][PE] mean and std.dev: (95.83, 56.58)
[0000][PE] low and high boundaries for proper pairs: (1, 398)
[0000][PE] analyzing insert size distribution for orientation FR...
[0000][PE] (25, 50, 75) percentile: (96, 140, 198)
[0000][PE] low and high boundaries for computing mean and std.dev: (1, 402)
[0000][PE] mean and std.dev: (153.79, 76.46)
[0000][PE] low and high boundaries for proper pairs: (1, 504)
[0000][PE] analyzing insert size distribution for orientation RF...
[0000][PE] (25, 50, 75) percentile: (116, 276, 530)
[0000][PE] low and high boundaries for computing mean and std.dev: (1, 1358)
[0000][PE] mean and std.dev: (364.17, 306.46)
[0000][PE] low and high boundaries for proper pairs: (1, 1772)
[0000][PE] analyzing insert size distribution for orientation RR...
[0000][PE] (25, 50, 75) percentile: (62, 93, 163)
[0000][PE] low and high boundaries for computing mean and std.dev: (1, 365)
[0000][PE] mean and std.dev: (101.72, 61.52)
[0000][PE] low and high boundaries for proper pairs: (1, 466)
[0000][PE] skip orientation FF
[0000][PE] skip orientation RF
[0000][PE] skip orientation RR
[0000] 3. Calling kt_for - worker_sam
[0000] read_chunk: 400000000, work_chunk_size: 400000030, nseq: 3299364
	[0000][ M::kt_pipeline] read 3299364 sequences (400000030 bp)...
	[0000][ M::mem_process_seqs] Processed 3289724 reads in 601.197 CPU sec, 16.039 real sec
[0000] Calling mem_process_seqs.., task: 102
[0000] 1. Calling kt_for - worker_bwt
[0000] 2. Calling kt_for - worker_aln
[0000] Inferring insert size distribution of PE reads from data, l_pac: 1342662642, n: 3299364
[0000][PE] # candidate unique pairs for (FF, FR, RF, RR): (92, 1175622, 27, 93)
[0000][PE] analyzing insert size distribution for orientation FF...
[0000][PE] (25, 50, 75) percentile: (51, 90, 133)
[0000][PE] low and high boundaries for computing mean and std.dev: (1, 297)
[0000][PE] mean and std.dev: (95.22, 60.44)
[0000][PE] low and high boundaries for proper pairs: (1, 379)
[0000][PE] analyzing insert size distribution for orientation FR...
[0000][PE] (25, 50, 75) percentile: (96, 140, 198)
[0000][PE] low and high boundaries for computing mean and std.dev: (1, 402)
[0000][PE] mean and std.dev: (153.56, 76.60)
[0000][PE] low and high boundaries for proper pairs: (1, 504)
[0000][PE] analyzing insert size distribution for orientation RF...
[0000][PE] (25, 50, 75) percentile: (96, 262, 996)
[0000][PE] low and high boundaries for computing mean and std.dev: (1, 2796)
[0000][PE] mean and std.dev: (367.00, 406.45)
[0000][PE] low and high boundaries for proper pairs: (1, 3696)
[0000][PE] analyzing insert size distribution for orientation RR...
[0000][PE] (25, 50, 75) percentile: (54, 92, 141)
[0000][PE] low and high boundaries for computing mean and std.dev: (1, 315)
[0000][PE] mean and std.dev: (99.76, 63.19)
[0000][PE] low and high boundaries for proper pairs: (1, 402)
[0000][PE] skip orientation FF
[0000][PE] skip orientation RF
[0000][PE] skip orientation RR
[0000] 3. Calling kt_for - worker_sam
	[0000][ M::mem_process_seqs] Processed 3299364 reads in 500.932 CPU sec, 13.788 real sec
[0000] read_chunk: 400000000, work_chunk_size: 400000241, nseq: 3300640
	[0000][ M::kt_pipeline] read 3300640 sequences (400000241 bp)...
[0000] Calling mem_process_seqs.., task: 103
[0000] 1. Calling kt_for - worker_bwt
[0000] 2. Calling kt_for - worker_aln
[0000] Inferring insert size distribution of PE reads from data, l_pac: 1342662642, n: 3300640
[0000][PE] # candidate unique pairs for (FF, FR, RF, RR): (87, 1173447, 19, 127)
[0000][PE] analyzing insert size distribution for orientation FF...
[0000][PE] (25, 50, 75) percentile: (47, 84, 137)
[0000][PE] low and high boundaries for computing mean and std.dev: (1, 317)
[0000][PE] mean and std.dev: (94.40, 58.63)
[0000][PE] low and high boundaries for proper pairs: (1, 407)
[0000][PE] analyzing insert size distribution for orientation FR...
[0000][PE] (25, 50, 75) percentile: (96, 140, 198)
[0000][PE] low and high boundaries for computing mean and std.dev: (1, 402)
[0000][PE] mean and std.dev: (153.40, 76.49)
[0000][PE] low and high boundaries for proper pairs: (1, 504)
[0000][PE] analyzing insert size distribution for orientation RF...
[0000][PE] (25, 50, 75) percentile: (95, 204, 491)
[0000][PE] low and high boundaries for computing mean and std.dev: (1, 1283)
[0000][PE] mean and std.dev: (278.78, 242.37)
[0000][PE] low and high boundaries for proper pairs: (1, 1679)
[0000][PE] analyzing insert size distribution for orientation RR...
[0000][PE] (25, 50, 75) percentile: (72, 118, 165)
[0000][PE] low and high boundaries for computing mean and std.dev: (1, 351)
[0000][PE] mean and std.dev: (108.54, 55.90)
[0000][PE] low and high boundaries for proper pairs: (1, 444)
[0000][PE] skip orientation FF
[0000][PE] skip orientation RF
[0000][PE] skip orientation RR
[0000] 3. Calling kt_for - worker_sam
[0000] read_chunk: 400000000, work_chunk_size: 400000050, nseq: 3294554
	[0000][ M::kt_pipeline] read 3294554 sequences (400000050 bp)...
	[0000][ M::mem_process_seqs] Processed 3300640 reads in 524.604 CPU sec, 14.170 real sec
[0000] Calling mem_process_seqs.., task: 104
[0000] 1. Calling kt_for - worker_bwt
[0000] 2. Calling kt_for - worker_aln
[0000] Inferring insert size distribution of PE reads from data, l_pac: 1342662642, n: 3294554
[0000][PE] # candidate unique pairs for (FF, FR, RF, RR): (101, 1125403, 26, 85)
[0000][PE] analyzing insert size distribution for orientation FF...
[0000][PE] (25, 50, 75) percentile: (69, 93, 152)
[0000][PE] low and high boundaries for computing mean and std.dev: (1, 318)
[0000][PE] mean and std.dev: (98.76, 56.24)
[0000][PE] low and high boundaries for proper pairs: (1, 401)
[0000][PE] analyzing insert size distribution for orientation FR...
[0000][PE] (25, 50, 75) percentile: (97, 140, 198)
[0000][PE] low and high boundaries for computing mean and std.dev: (1, 400)
[0000][PE] mean and std.dev: (153.53, 76.13)
[0000][PE] low and high boundaries for proper pairs: (1, 501)
[0000][PE] analyzing insert size distribution for orientation RF...
[0000][PE] (25, 50, 75) percentile: (188, 434, 801)
[0000][PE] low and high boundaries for computing mean and std.dev: (1, 2027)
[0000][PE] mean and std.dev: (473.52, 445.80)
[0000][PE] low and high boundaries for proper pairs: (1, 2640)
[0000][PE] analyzing insert size distribution for orientation RR...
[0000][PE] (25, 50, 75) percentile: (61, 95, 133)
[0000][PE] low and high boundaries for computing mean and std.dev: (1, 277)
[0000][PE] mean and std.dev: (98.38, 53.93)
[0000][PE] low and high boundaries for proper pairs: (1, 349)
[0000][PE] skip orientation FF
[0000][PE] skip orientation RF
[0000][PE] skip orientation RR
[0000] 3. Calling kt_for - worker_sam
[0000] read_chunk: 400000000, work_chunk_size: 400000059, nseq: 3287678
	[0000][ M::mem_process_seqs] Processed 3294554 reads in 553.613 CPU sec, 14.893 real sec
	[0000][ M::kt_pipeline] read 3287678 sequences (400000059 bp)...
[0000] Calling mem_process_seqs.., task: 105
[0000] 1. Calling kt_for - worker_bwt
[0000] 2. Calling kt_for - worker_aln
[0000] Inferring insert size distribution of PE reads from data, l_pac: 1342662642, n: 3287678
[0000][PE] # candidate unique pairs for (FF, FR, RF, RR): (125, 1147835, 35, 104)
[0000][PE] analyzing insert size distribution for orientation FF...
[0000][PE] (25, 50, 75) percentile: (54, 101, 145)
[0000][PE] low and high boundaries for computing mean and std.dev: (1, 327)
[0000][PE] mean and std.dev: (101.97, 63.57)
[0000][PE] low and high boundaries for proper pairs: (1, 418)
[0000][PE] analyzing insert size distribution for orientation FR...
[0000][PE] (25, 50, 75) percentile: (96, 140, 198)
[0000][PE] low and high boundaries for computing mean and std.dev: (1, 402)
[0000][PE] mean and std.dev: (153.62, 76.41)
[0000][PE] low and high boundaries for proper pairs: (1, 504)
[0000][PE] analyzing insert size distribution for orientation RF...
[0000][PE] (25, 50, 75) percentile: (143, 214, 619)
[0000][PE] low and high boundaries for computing mean and std.dev: (1, 1571)
[0000][PE] mean and std.dev: (320.20, 340.62)
[0000][PE] low and high boundaries for proper pairs: (1, 2047)
[0000][PE] analyzing insert size distribution for orientation RR...
[0000][PE] (25, 50, 75) percentile: (68, 109, 170)
[0000][PE] low and high boundaries for computing mean and std.dev: (1, 374)
[0000][PE] mean and std.dev: (110.71, 57.97)
[0000][PE] low and high boundaries for proper pairs: (1, 476)
[0000][PE] skip orientation FF
[0000][PE] skip orientation RF
[0000][PE] skip orientation RR
[0000] 3. Calling kt_for - worker_sam
[0000] read_chunk: 400000000, work_chunk_size: 400000010, nseq: 3292380
	[0000][ M::kt_pipeline] read 3292380 sequences (400000010 bp)...
	[0000][ M::mem_process_seqs] Processed 3287678 reads in 584.425 CPU sec, 15.684 real sec
[0000] Calling mem_process_seqs.., task: 106
[0000] 1. Calling kt_for - worker_bwt
[0000] 2. Calling kt_for - worker_aln
[0000] Inferring insert size distribution of PE reads from data, l_pac: 1342662642, n: 3292380
[0000][PE] # candidate unique pairs for (FF, FR, RF, RR): (105, 1156510, 46, 99)
[0000][PE] analyzing insert size distribution for orientation FF...
[0000][PE] (25, 50, 75) percentile: (63, 88, 150)
[0000][PE] low and high boundaries for computing mean and std.dev: (1, 324)
[0000][PE] mean and std.dev: (98.48, 57.27)
[0000][PE] low and high boundaries for proper pairs: (1, 411)
[0000][PE] analyzing insert size distribution for orientation FR...
[0000][PE] (25, 50, 75) percentile: (96, 140, 198)
[0000][PE] low and high boundaries for computing mean and std.dev: (1, 402)
[0000][PE] mean and std.dev: (153.50, 76.45)
[0000][PE] low and high boundaries for proper pairs: (1, 504)
[0000][PE] analyzing insert size distribution for orientation RF...
[0000][PE] (25, 50, 75) percentile: (98, 175, 378)
[0000][PE] low and high boundaries for computing mean and std.dev: (1, 938)
[0000][PE] mean and std.dev: (220.07, 222.19)
[0000][PE] low and high boundaries for proper pairs: (1, 1218)
[0000][PE] analyzing insert size distribution for orientation RR...
[0000][PE] (25, 50, 75) percentile: (54, 83, 159)
[0000][PE] low and high boundaries for computing mean and std.dev: (1, 369)
[0000][PE] mean and std.dev: (98.46, 62.05)
[0000][PE] low and high boundaries for proper pairs: (1, 474)
[0000][PE] skip orientation FF
[0000][PE] skip orientation RF
[0000][PE] skip orientation RR
[0000] 3. Calling kt_for - worker_sam
[0000] read_chunk: 400000000, work_chunk_size: 400000100, nseq: 3296250
	[0000][ M::kt_pipeline] read 3296250 sequences (400000100 bp)...
	[0000][ M::mem_process_seqs] Processed 3292380 reads in 532.166 CPU sec, 14.680 real sec
[0000] Calling mem_process_seqs.., task: 107
[0000] 1. Calling kt_for - worker_bwt
[0000] 2. Calling kt_for - worker_aln
[0000] Inferring insert size distribution of PE reads from data, l_pac: 1342662642, n: 3296250
[0000][PE] # candidate unique pairs for (FF, FR, RF, RR): (142, 1169493, 44, 117)
[0000][PE] analyzing insert size distribution for orientation FF...
[0000][PE] (25, 50, 75) percentile: (48, 101, 164)
[0000][PE] low and high boundaries for computing mean and std.dev: (1, 396)
[0000][PE] mean and std.dev: (98.82, 67.32)
[0000][PE] low and high boundaries for proper pairs: (1, 512)
[0000][PE] analyzing insert size distribution for orientation FR...
[0000][PE] (25, 50, 75) percentile: (96, 140, 198)
[0000][PE] low and high boundaries for computing mean and std.dev: (1, 402)
[0000][PE] mean and std.dev: (153.66, 76.50)
[0000][PE] low and high boundaries for proper pairs: (1, 504)
[0000][PE] analyzing insert size distribution for orientation RF...
[0000][PE] (25, 50, 75) percentile: (201, 507, 914)
[0000][PE] low and high boundaries for computing mean and std.dev: (1, 2340)
[0000][PE] mean and std.dev: (476.48, 390.43)
[0000][PE] low and high boundaries for proper pairs: (1, 3053)
[0000][PE] analyzing insert size distribution for orientation RR...
[0000][PE] (25, 50, 75) percentile: (58, 92, 149)
[0000][PE] low and high boundaries for computing mean and std.dev: (1, 331)
[0000][PE] mean and std.dev: (93.15, 59.02)
[0000][PE] low and high boundaries for proper pairs: (1, 422)
[0000][PE] skip orientation FF
[0000][PE] skip orientation RF
[0000][PE] skip orientation RR
[0000] 3. Calling kt_for - worker_sam
[0000] read_chunk: 400000000, work_chunk_size: 400000190, nseq: 3292590
	[0000][ M::kt_pipeline] read 3292590 sequences (400000190 bp)...
	[0000][ M::mem_process_seqs] Processed 3296250 reads in 542.527 CPU sec, 14.657 real sec
[0000] Calling mem_process_seqs.., task: 108
[0000] 1. Calling kt_for - worker_bwt
[0000] 2. Calling kt_for - worker_aln
[0000] Inferring insert size distribution of PE reads from data, l_pac: 1342662642, n: 3292590
[0000][PE] # candidate unique pairs for (FF, FR, RF, RR): (109, 1147239, 35, 108)
[0000][PE] analyzing insert size distribution for orientation FF...
[0000][PE] (25, 50, 75) percentile: (45, 85, 143)
[0000][PE] low and high boundaries for computing mean and std.dev: (1, 339)
[0000][PE] mean and std.dev: (95.73, 62.41)
[0000][PE] low and high boundaries for proper pairs: (1, 437)
[0000][PE] analyzing insert size distribution for orientation FR...
[0000][PE] (25, 50, 75) percentile: (96, 140, 197)
[0000][PE] low and high boundaries for computing mean and std.dev: (1, 399)
[0000][PE] mean and std.dev: (153.05, 76.17)
[0000][PE] low and high boundaries for proper pairs: (1, 500)
[0000][PE] analyzing insert size distribution for orientation RF...
[0000][PE] (25, 50, 75) percentile: (159, 289, 637)
[0000][PE] low and high boundaries for computing mean and std.dev: (1, 1593)
[0000][PE] mean and std.dev: (284.93, 208.85)
[0000][PE] low and high boundaries for proper pairs: (1, 2071)
[0000][PE] analyzing insert size distribution for orientation RR...
[0000][PE] (25, 50, 75) percentile: (56, 98, 150)
[0000][PE] low and high boundaries for computing mean and std.dev: (1, 338)
[0000][PE] mean and std.dev: (104.69, 64.90)
[0000][PE] low and high boundaries for proper pairs: (1, 432)
[0000][PE] skip orientation FF
[0000][PE] skip orientation RF
[0000][PE] skip orientation RR
[0000] 3. Calling kt_for - worker_sam
[0000] read_chunk: 400000000, work_chunk_size: 400000181, nseq: 3294540
	[0000][ M::kt_pipeline] read 3294540 sequences (400000181 bp)...
	[0000][ M::mem_process_seqs] Processed 3292590 reads in 590.240 CPU sec, 16.007 real sec
[0000] Calling mem_process_seqs.., task: 109
[0000] 1. Calling kt_for - worker_bwt
[0000] 2. Calling kt_for - worker_aln
[0000] Inferring insert size distribution of PE reads from data, l_pac: 1342662642, n: 3294540
[0000][PE] # candidate unique pairs for (FF, FR, RF, RR): (127, 1151972, 31, 114)
[0000][PE] analyzing insert size distribution for orientation FF...
[0000][PE] (25, 50, 75) percentile: (68, 111, 188)
[0000][PE] low and high boundaries for computing mean and std.dev: (1, 428)
[0000][PE] mean and std.dev: (121.39, 76.30)
[0000][PE] low and high boundaries for proper pairs: (1, 548)
[0000][PE] analyzing insert size distribution for orientation FR...
[0000][PE] (25, 50, 75) percentile: (97, 140, 198)
[0000][PE] low and high boundaries for computing mean and std.dev: (1, 400)
[0000][PE] mean and std.dev: (153.87, 76.27)
[0000][PE] low and high boundaries for proper pairs: (1, 501)
[0000][PE] analyzing insert size distribution for orientation RF...
[0000][PE] (25, 50, 75) percentile: (121, 317, 2728)
[0000][PE] low and high boundaries for computing mean and std.dev: (1, 7942)
[0000][PE] mean and std.dev: (1355.16, 1741.32)
[0000][PE] low and high boundaries for proper pairs: (1, 10549)
[0000][PE] analyzing insert size distribution for orientation RR...
[0000][PE] (25, 50, 75) percentile: (64, 101, 150)
[0000][PE] low and high boundaries for computing mean and std.dev: (1, 322)
[0000][PE] mean and std.dev: (101.83, 58.42)
[0000][PE] low and high boundaries for proper pairs: (1, 408)
[0000][PE] skip orientation FF
[0000][PE] skip orientation RF
[0000][PE] skip orientation RR
[0000] 3. Calling kt_for - worker_sam
	[0000][ M::mem_process_seqs] Processed 3294540 reads in 516.951 CPU sec, 14.015 real sec
[0000] read_chunk: 400000000, work_chunk_size: 400000078, nseq: 3297756
	[0000][ M::kt_pipeline] read 3297756 sequences (400000078 bp)...
[0000] Calling mem_process_seqs.., task: 110
[0000] 1. Calling kt_for - worker_bwt
[0000] 2. Calling kt_for - worker_aln
[0000] read_chunk: 400000000, work_chunk_size: 254957145, nseq: 2095312
	[0000][ M::kt_pipeline] read 2095312 sequences (254957145 bp)...
[0000] Inferring insert size distribution of PE reads from data, l_pac: 1342662642, n: 3297756
[0000][PE] # candidate unique pairs for (FF, FR, RF, RR): (110, 1164033, 30, 118)
[0000][PE] analyzing insert size distribution for orientation FF...
[0000][PE] (25, 50, 75) percentile: (61, 116, 170)
[0000][PE] low and high boundaries for computing mean and std.dev: (1, 388)
[0000][PE] mean and std.dev: (118.35, 71.78)
[0000][PE] low and high boundaries for proper pairs: (1, 497)
[0000][PE] analyzing insert size distribution for orientation FR...
[0000][PE] (25, 50, 75) percentile: (96, 140, 198)
[0000][PE] low and high boundaries for computing mean and std.dev: (1, 402)
[0000][PE] mean and std.dev: (153.60, 76.34)
[0000][PE] low and high boundaries for proper pairs: (1, 504)
[0000][PE] analyzing insert size distribution for orientation RF...
[0000][PE] (25, 50, 75) percentile: (215, 395, 679)
[0000][PE] low and high boundaries for computing mean and std.dev: (1, 1607)
[0000][PE] mean and std.dev: (405.23, 310.19)
[0000][PE] low and high boundaries for proper pairs: (1, 2071)
[0000][PE] analyzing insert size distribution for orientation RR...
[0000][PE] (25, 50, 75) percentile: (58, 123, 178)
[0000][PE] low and high boundaries for computing mean and std.dev: (1, 418)
[0000][PE] mean and std.dev: (124.71, 87.75)
[0000][PE] low and high boundaries for proper pairs: (1, 538)
[0000][PE] skip orientation FF
[0000][PE] skip orientation RF
[0000][PE] skip orientation RR
[0000] 3. Calling kt_for - worker_sam
	[0000][ M::mem_process_seqs] Processed 3297756 reads in 537.133 CPU sec, 14.277 real sec
[0000] Calling mem_process_seqs.., task: 111
[0000] 1. Calling kt_for - worker_bwt
[0000] 2. Calling kt_for - worker_aln
[0000] Inferring insert size distribution of PE reads from data, l_pac: 1342662642, n: 2095312
[0000][PE] # candidate unique pairs for (FF, FR, RF, RR): (69, 692955, 12, 72)
[0000][PE] analyzing insert size distribution for orientation FF...
[0000][PE] (25, 50, 75) percentile: (52, 78, 141)
[0000][PE] low and high boundaries for computing mean and std.dev: (1, 319)
[0000][PE] mean and std.dev: (88.84, 47.03)
[0000][PE] low and high boundaries for proper pairs: (1, 408)
[0000][PE] analyzing insert size distribution for orientation FR...
[0000][PE] (25, 50, 75) percentile: (96, 140, 198)
[0000][PE] low and high boundaries for computing mean and std.dev: (1, 402)
[0000][PE] mean and std.dev: (153.85, 76.56)
[0000][PE] low and high boundaries for proper pairs: (1, 504)
[0000][PE] analyzing insert size distribution for orientation RF...
[0000][PE] (25, 50, 75) percentile: (140, 476, 766)
[0000][PE] low and high boundaries for computing mean and std.dev: (1, 2018)
[0000][PE] mean and std.dev: (584.25, 547.00)
[0000][PE] low and high boundaries for proper pairs: (1, 2772)
[0000][PE] analyzing insert size distribution for orientation RR...
[0000][PE] (25, 50, 75) percentile: (57, 100, 208)
[0000][PE] low and high boundaries for computing mean and std.dev: (1, 510)
[0000][PE] mean and std.dev: (125.01, 95.45)
[0000][PE] low and high boundaries for proper pairs: (1, 661)
[0000][PE] skip orientation FF
[0000][PE] skip orientation RF
[0000][PE] skip orientation RR
[0000] 3. Calling kt_for - worker_sam
[0000] read_chunk: 400000000, work_chunk_size: 0, nseq: 0
	[0000][ M::mem_process_seqs] Processed 2095312 reads in 398.584 CPU sec, 16.680 real sec
[0000] read_chunk: 400000000, work_chunk_size: 0, nseq: 0
[0000] Computation ends..
No. of OMP threads: 40
Processor is running @2394.707278 MHz
Runtime profile:

	Time taken for main_mem function: 1820.44 sec

	IO times (sec) :
	Reading IO time (reads) avg: 1152.90, (1152.90, 1152.90)
	Writing IO time (SAM) avg: 493.29, (493.29, 493.29)
	Reading IO time (Reference Genome) avg: 1.75, (1.75, 1.75)
	Index read time avg: 0.26, (0.26, 0.26)

	Overall time (sec) (Excluding Index reading time):
	PROCESS() (Total compute time + (read + SAM) IO time) : 1818.41
	MEM_PROCESS_SEQ() (Total compute time (Kernel + SAM)), avg: 1698.77, (1698.77, 1698.77)

	 SAM Processing time (sec):
	--WORKER_SAM avg: 497.06, (497.06, 497.06)

	Kernels' compute time (sec):
	Total kernel (smem+sal+bsw) time avg: 1164.49, (1164.49, 1164.49)
		MEM_ALN_CHAIN_FLT avg: 0.00, (0.00, 0.00)
		MEM_ALN_CHAIN_SEED avg: 0.00, (0.00, 0.00)
		ERT_SEED_CHAIN avg: 0.00, (0.00, 0.00)
	LEARNED_SEED_CHAIN avg: 449.38, (450.58, 448.46)
		SMEM compute avg: 0.00, (0.00, 0.00)
		SAL compute avg: 0.00, (0.00, 0.00)
				MEM_SA avg: 0.00, (0.00, 0.00)

		BSW time, avg: 650.53, (652.98, 648.00)

Important parameter settings: 
	BATCH_SIZE: 512
	MAX_SEQ_LEN_REF: 256
	MAX_SEQ_LEN_QER: 128
	MAX_SEQ_LEN8: 128
	SEEDS_PER_READ: 500
	SIMD_WIDTH8 X: 64
	SIMD_WIDTH16 X: 32
	AVG_SEEDS_PER_READ: 64
