Sample	1	2	3	4	5	6	7	8	9	10	11	12	13	14	15	16	17	18	19	20	21	22	23	24	25	26	27	28	29	30	31	32	33	34	35	36	37	38	39	40	41	42	43	44	45	46	47	48	49	50	51	52	53	54	55	56	57	58	59	60	61	62	63	64	65	66	67	68	69	70	71	72	73	74	75	76	77	78	79	80	81	82	83	84	85	86	87	88	89	90	91	92	93	94	95	96	97	98	99	100	101	102	103	104	105	106	107	108	109	110	111	112	113	114	115	116	117	118	119	120	121	122	123	124	125	126	127	128	129	130	131	132	133	134	135	136	137	138	139	140	141	142	143	144	145	146	147	148	149	150
Sor-ACeb_001-Ex1-8E-lcwgs-1-2-L2-clmp.r1r2_fastp	0.25509	0.014635200000000001	0.0	0.0	0.000128379	0.0	0.201555	0.00128379	0.000513517	0.00038513800000000004	0.00102703	0.0	0.130947	0.0098852	0.00629058	0.012196	0.0	0.0	0.0	0.0	0.0019256899999999999	0.00115541	0.00115541	0.00269596	0.110535	0.0	0.0	0.0	0.118494	0.000128379	0.00783114	0.0020540700000000003	0.00487841	0.0011558200000000001	0.0621865	0.0156839	0.234015	0.0	0.0	0.0	0.0	0.00220132	0.0018164799999999999	0.00390159	0.0138244	0.0009157779999999999	0.12983999999999998	0.0	0.0	0.00066493	0.0065509	0.0	0.0	0.0	0.0	0.0	0.00041800200000000005	0.274379	0.0	0.170712	0.00188313	0.0	0.0	0.0901743	0.22658299999999998	0.0	0.0	0.00143545	0.012982400000000002	0.33122999999999997	0.00117834	0.0	0.0	0.0	0.0855867	0.007485299999999999	0.0118772	0.00294501	0.0	0.0	0.157168	0.0338279	0.0	0.0	0.0	0.0	0.00126519	0.0120067	0.0	0.017241	0.0	0.00178176	0.0	0.0691714	0.0	0.000339484	0.0	0.0	0.0	0.0	0.0	0.0008232760000000001	0.0	0.00043826399999999995	0.00135682	0.0	0.00240972	0.0104406	0.0102554	0.0	0.0	0.0	0.0	0.0	0.0	0.0	0.0	0.24684199999999998	0.0	0.0	0.0	0.0	0.0	0.007975689999999999	0.009026310000000001	0.0	0.0	0.000893799	0.0	0.0	0.0	0.110227	0.0	0.0010597	0.00653659	0.0	0.00576961	0.00237417	0.0024429	0.0	0.0	0.0	0.0	0.0	0.0	0.0	0.272942	0.0	0.0	0.0
Sor-ACeb_001-Ex1-8E-lcwgs-1-2-L3-clmp.r1r2_fastp	0.1404	0.0188917	0.0	0.0	0.00214678	0.0555301	0.0	0.000715594	0.000715594	0.006440349999999999	0.019321	0.0	0.0	0.0	0.0	0.0	0.0	0.0	0.0	0.000143119	0.0	0.0	0.00958896	0.00429357	0.0134532	0.000143119	0.00128807	0.0115926	0.000143119	0.0115926	0.0	0.042220099999999997	0.05424199999999999	0.153625	0.006302760000000001	0.000573324	0.0038730199999999996	0.011342	0.00100613	0.0	0.0	0.000144423	0.00188165	0.021187499999999998	0.000145556	0.00219076	0.0	0.0	0.0	0.0	0.000149516	0.0	0.0	0.0	0.0	0.0	0.000156441	0.0	0.0	0.128641	0.0	0.000165384	0.0	0.0136028	0.0158838	0.0	0.0	0.000726761	0.000185152	0.00056655	0.00289257	0.0	0.0	0.0	0.13059199999999999	0.000217168	0.00111492	0.00022923200000000003	0.0	0.528283	0.000250415	0.0036158500000000003	0.0	0.0	0.0	0.0	0.000915963	0.0006325629999999999	0.29859600000000003	0.0	0.0	0.000366068	0.0	0.0	0.0	0.0	0.0	0.150307	0.0	0.000976935	0.0	0.0	0.0	0.0005560960000000001	0.0	0.0	0.0006115830000000001	0.0	0.000650034	0.021443800000000002	0.0	0.0	0.0	0.0	0.141702	0.0	0.00412521	0.014431200000000002	0.0	0.0	0.0	0.0028659000000000002	0.00393449	0.0	0.0	0.0	0.0	0.00113533	0.0	0.0024100700000000003	0.0012402799999999999	0.0	0.00262781	0.0	0.0	0.0	0.0	0.0	0.0015661000000000002	0.0	0.0	0.0	0.0212917	0.00182063	0.0074865700000000006	0.00964116	0.0178589	0.00615359	0.0	0.0
Sor-ACeb_002-Ex1-9E-lcwgs-1-2-L2-clmp.r1r2_fastp	0.19182	0.0132945	0.0	0.0	0.0	0.0	0.115852	0.0009496039999999999	0.0	0.0009496039999999999	0.0009496039999999999	0.0	0.061724299999999996	0.0132945	0.0037984200000000003	0.0132945	0.0	0.0	0.0	0.0	0.0018992100000000001	0.0009496039999999999	0.0	0.00474802	0.0778676	0.0	0.0	0.0	0.0721699	0.0	0.0037984200000000003	0.0	0.00474802	0.00190105	0.0323625	0.0162054	0.177681	0.0	0.0	0.0	0.0	0.000972309	0.0	0.00196696	0.0178255	0.0	0.0583079	0.0	0.0	0.0	0.005217299999999999	0.0	0.0	0.0	0.0	0.0	0.00112564	0.124507	0.0	0.0835805	0.00119706	0.0	0.0	0.0417051	0.37119599999999997	0.0	0.0	0.0013773	0.011277	0.12701500000000002	0.0	0.0	0.0	0.0	0.0132137	0.0068114099999999995	0.017579	0.0	0.0	0.0	0.0459954	0.0103353	0.0	0.0	0.0	0.0	0.0	0.007479619999999999	0.0	0.00265118	0.0	0.0	0.0	0.0208961	0.0	0.0	0.0	0.0	0.0	0.0	0.0	0.0	0.0	0.0	0.0	0.0	0.0	0.004099869999999999	0.0	0.0	0.0	0.0	0.0	0.0	0.0	0.0	0.0	0.0450857	0.0	0.0	0.0	0.0	0.0	0.0	0.00572443	0.0	0.0	0.0	0.0	0.0	0.0	0.00652827	0.0	0.0	0.0	0.0	0.0	0.0	0.0074068599999999995	0.0	0.0	0.0	0.0	0.0	0.0	0.0	0.20455099999999998	0.0	0.0	0.0
Sor-ACeb_002-Ex1-9E-lcwgs-1-2-L3-clmp.r1r2_fastp	0.0856695	0.0164048	0.0	0.0	0.0009113779999999999	0.025518600000000002	0.0	0.0009113779999999999	0.0	0.0036455100000000002	0.0236958	0.0	0.0009113779999999999	0.0	0.0	0.0	0.0	0.0	0.0	0.0	0.0	0.0	0.00911378	0.00546827	0.0109365	0.0	0.0	0.0200503	0.0	0.0191389	0.0	0.0455689	0.0628851	0.0620296	0.0027401	0.0	0.006417310000000001	0.011945	0.0027645400000000002	0.0	0.0	0.0	0.00093755	0.00282955	0.0	0.00286897	0.0	0.0	0.0	0.0	0.0	0.0	0.0	0.0	0.0	0.0	0.00107825	0.0	0.0	0.188556	0.0	0.0	0.0	0.0109131	0.012363399999999998	0.0	0.0	0.0	0.0	0.0	0.00566019	0.0	0.0	0.0	0.26488	0.00162261	0.0	0.0	0.0	0.385874	0.0	0.00194382	0.0	0.0	0.0	0.0	0.0	0.0	0.536656	0.0	0.0	0.0	0.0	0.0	0.0	0.0	0.0	0.229542	0.0	0.0	0.0	0.0	0.0	0.0	0.0	0.0	0.0	0.0	0.0	0.0	0.0	0.0	0.0	0.0	0.256443	0.0	0.00890274	0.0045398800000000005	0.0	0.0	0.0	0.0	0.0100361	0.0	0.0	0.0	0.0	0.0055054	0.0	0.0	0.0	0.0	0.0	0.0	0.0	0.0	0.0	0.0	0.0	0.0	0.0	0.0	0.0	0.0	0.0	0.007635340000000001	0.0077718200000000005	0.00792079	0.0	0.0
Sor-ACeb_003-Ex1-10E-lcwgs-1-2-L2-clmp.r1r2_fastp	0.35116600000000003	0.00724053	0.0	0.00065823	0.0	0.0	0.265925	0.00131646	0.0	0.000987346	0.0	0.0	0.188583	0.011519	0.00296204	0.0134937	0.0	0.0	0.000329115	0.0	0.00197469	0.000329115	0.00131646	0.00526584	0.0924814	0.0	0.0	0.0	0.111899	0.0	0.0055949599999999995	0.00197469	0.0032911499999999996	0.00131886	0.0766729	0.0102753	0.207272	0.0	0.0	0.000337955	0.0	0.0017153	0.00207608	0.00279518	0.0130704	0.000714799	0.186724	0.0	0.0	0.000377634	0.00537389	0.0	0.0	0.0	0.0	0.0	0.000430126	0.252559	0.0	0.180572	0.0023512399999999997	0.0	0.0	0.10591	0.198229	0.0	0.0	0.00113045	0.00988625	0.278106	0.0	0.0	0.0	0.0	0.0787435	0.0029067399999999997	0.011281	0.000778319	0.0	0.0	0.159105	0.0824816	0.0	0.0	0.0	0.0	0.0010869900000000001	0.0158217	0.0	0.0905697	0.0	0.0	0.0	0.22398200000000001	0.0	0.00157562	0.0	0.0	0.0	0.0	0.0	0.0	0.0	0.0	0.0	0.0	0.00261993	0.00549556	0.00864927	0.0	0.0	0.0	0.0	0.0	0.0	0.0	0.0	0.183609	0.0	0.0	0.0	0.0	0.0	0.005981220000000001	0.0062881199999999995	0.0	0.0	0.0	0.0	0.0	0.0	0.21837900000000002	0.0	0.0	0.0	0.0	0.0	0.0	0.0	0.0	0.0	0.0	0.0	0.0	0.0	0.0	0.27197	0.0	0.0	0.0
Sor-ACeb_003-Ex1-10E-lcwgs-1-2-L3-clmp.r1r2_fastp	0.23210499999999998	0.014506499999999999	0.0	0.0	0.00101208	0.0809667	0.0	0.000674723	0.000337361	0.0050604199999999995	0.0199043	0.0	0.0	0.0	0.0	0.0	0.0	0.0	0.0	0.000674723	0.0	0.0	0.011132900000000001	0.0050604199999999995	0.014169200000000002	0.0	0.000674723	0.014506499999999999	0.0	0.014169200000000002	0.0	0.0344109	0.0394713	0.178811	0.0044047900000000004	0.0	0.00409389	0.009937330000000001	0.0	0.0	0.0	0.0	0.000709839	0.0688231	0.0	0.00403417	0.0	0.0	0.0	0.0	0.0	0.0	0.0	0.0	0.0	0.0	0.000442073	0.0	0.0	0.0874787	0.0	0.0	0.0	0.00783589	0.0160958	0.0	0.0	0.000583563	0.0	0.0024758	0.00255315	0.0	0.0	0.0	0.08845	0.00149967	0.0	0.0	0.0008325149999999999	0.417998	0.0008950550000000001	0.00464559	0.0	0.0	0.0	0.0	0.0011284099999999998	0.0	0.194436	0.0	0.0	0.0013843899999999999	0.0	0.0	0.0	0.0	0.0	0.0775459	0.0	0.0	0.0	0.0	0.0	0.0	0.0	0.0	0.00549405	0.0	0.00302499	0.0539255	0.0	0.0	0.0	0.0	0.10559700000000001	0.0	0.0	0.00936988	0.0	0.0	0.0	0.0	0.0	0.0	0.0	0.0	0.0	0.0	0.0	0.0	0.0	0.0	0.0	0.0	0.0	0.0	0.0	0.0	0.0	0.0	0.0	0.0	0.0594796	0.0	0.0162681	0.0	0.10617599999999999	0.0186324	0.0	0.0
Sor-ACeb_004-Ex1-11E-lcwgs-1-2-L2-clmp.r1r2_fastp	0.250246	0.013016100000000001	0.0	0.000419875	0.000419875	0.0	0.20322	0.00251925	0.0	0.0	0.00125963	0.0	0.120924	0.013016100000000001	0.003359	0.010077	0.0	0.0	0.0	0.0	0.00083975	0.000419875	0.0016795	0.00461863	0.116305	0.0	0.0	0.0	0.10035000000000001	0.0	0.00545838	0.0016795	0.0029391300000000003	0.0016830600000000001	0.0852252	0.0143929	0.31246799999999997	0.0	0.0	0.0	0.0	0.00219939	0.0	0.00538665	0.0158977	0.00137951	0.11696000000000001	0.0	0.0	0.000487712	0.0059494000000000005	0.0	0.0	0.0	0.0	0.0	0.00111734	0.187379	0.0	0.180558	0.0030772599999999996	0.0	0.0	0.0898563	0.24140199999999998	0.0	0.0	0.0015361799999999998	0.00958535	0.377057	0.00173925	0.0	0.0	0.0	0.0779781	0.0034057999999999996	0.0169487	0.00259444	0.00139441	0.0	0.0832354	0.0248073	0.0	0.0	0.0	0.0	0.0	0.0119492	0.0	0.010770100000000001	0.0	0.0	0.0	0.056622200000000004	0.0	0.0	0.0	0.0	0.0	0.0	0.0	0.0	0.0	0.0	0.0	0.0	0.0	0.0	0.00977613	0.0	0.0	0.0	0.0	0.0	0.0	0.0	0.0	0.161953	0.0	0.0	0.0	0.0	0.0	0.0	0.0	0.0	0.0	0.0	0.0	0.0	0.0	0.107277	0.0	0.0	0.0	0.0	0.0	0.0	0.0	0.0	0.0	0.0	0.0	0.0	0.0	0.026802500000000003	0.359911	0.0	0.0	0.0
Sor-ACeb_004-Ex1-11E-lcwgs-1-2-L3-clmp.r1r2_fastp	0.0959192	0.0178673	0.0	0.0	0.00329135	0.057833600000000006	0.0	0.0	0.00047019200000000003	0.009874039999999999	0.0399663	0.0	0.0009403840000000001	0.0	0.0	0.0	0.0	0.0	0.0	0.00047019200000000003	0.0	0.0	0.0117548	0.005172110000000001	0.0131654	0.0	0.00235096	0.0333836	0.00141058	0.0333836	0.0	0.0362048	0.054542299999999995	0.139495	0.00661704	0.000948672	0.00381228	0.0129413	0.000482388	0.0	0.0	0.0	0.0	0.00404431	0.0	0.00103808	0.0	0.0	0.0	0.0	0.0	0.0	0.0	0.0	0.0	0.0	0.0	0.0	0.0	0.115281	0.0	0.0	0.0	0.026942999999999998	0.0119339	0.0	0.0	0.0	0.0	0.0	0.00201886	0.0	0.0011164	0.0	0.20077599999999998	0.00265594	0.0	0.0	0.0	0.946836	0.0	0.00414886	0.0	0.0	0.0	0.0	0.0	0.0	0.342882	0.0	0.0	0.0	0.0	0.0	0.0	0.0	0.0	0.0152416	0.0	0.0	0.0	0.0	0.0	0.0	0.0	0.0	0.0	0.0	0.0	0.0234769	0.0	0.0	0.0	0.0	0.20069599999999999	0.0	0.0	0.0289477	0.0	0.0	0.0	0.0	0.0	0.0	0.0	0.0	0.0	0.0	0.0	0.0	0.0	0.0	0.0	0.0	0.0	0.0	0.0	0.0	0.0	0.0	0.0	0.0	0.0293945	0.0	0.0	0.0	0.0334113	0.0	0.0	0.0
Sor-ACeb_005-Ex1-12E-lcwgs-1-2-L2-clmp.r1r2_fastp	0.24105400000000002	0.00702099	0.0	0.0	0.0	0.0	0.147441	0.00234033	0.0	0.0	0.0	0.0	0.06318889999999999	0.00936132	0.00234033	0.00936132	0.0	0.0	0.0	0.0	0.0	0.0	0.00234033	0.0	0.0912729	0.0	0.0	0.0	0.105315	0.0	0.0	0.0	0.0	0.0	0.0492149	0.00703944	0.188019	0.0	0.0	0.0	0.0	0.00237993	0.00238783	0.0023977399999999998	0.00963461	0.0	0.0560197	0.0	0.0	0.0	0.00500551	0.0	0.0	0.0	0.0	0.0	0.00264978	0.133915	0.0	0.0796572	0.0	0.0	0.0	0.0523743	0.372274	0.0	0.0	0.0	0.0158811	0.11333499999999999	0.0	0.0	0.0	0.0	0.050901699999999994	0.0	0.00765492	0.007857620000000001	0.0	0.0	0.0470266	0.0043985	0.0	0.0	0.0	0.0	0.0	0.0	0.0	0.0	0.0	0.0	0.0	0.0239593	0.0	0.0	0.0	0.0	0.0	0.0	0.0	0.0	0.0	0.0	0.0	0.0	0.0	0.0156605	0.0	0.0	0.0	0.0	0.0	0.0	0.0	0.0	0.0	0.027290099999999998	0.0	0.0	0.0	0.0	0.0	0.00988142	0.0	0.0	0.0	0.0	0.0	0.0	0.0	0.03292	0.0	0.0	0.0	0.0	0.0	0.0	0.0	0.0	0.0	0.0	0.0	0.0	0.0	0.0	0.0939976	0.0	0.0	0.0
Sor-ACeb_005-Ex1-12E-lcwgs-1-2-L3-clmp.r1r2_fastp	0.11613599999999999	0.00657376	0.0	0.0	0.0	0.030677500000000003	0.0	0.00438251	0.00219125	0.00438251	0.013147500000000001	0.0	0.0	0.0	0.0	0.0	0.0	0.0	0.0	0.0	0.0	0.0	0.01753	0.00438251	0.01753	0.0	0.0	0.00876501	0.0	0.010956299999999999	0.0	0.0503988	0.0416338	0.07673759999999999	0.00219423	0.0	0.0043986	0.011013199999999999	0.0	0.0	0.0	0.0	0.0022329900000000002	0.00897324	0.0	0.0022628	0.0	0.0	0.0	0.0	0.0	0.0	0.0	0.0	0.0	0.0	0.0	0.0	0.0	0.20156100000000002	0.0	0.0	0.0	0.00269244	0.010928400000000001	0.0	0.0	0.0	0.0	0.0	0.006090320000000001	0.0	0.0	0.0	0.189274	0.0	0.0	0.0	0.0	0.383661	0.0	0.0	0.0	0.0	0.0	0.0	0.0	0.0	0.40056600000000003	0.0	0.0	0.0	0.0	0.0	0.0	0.0	0.0	0.220405	0.0	0.0	0.0	0.0	0.0	0.0	0.0	0.0	0.0	0.0	0.0	0.00716127	0.0	0.0	0.0	0.0	0.185314	0.0	0.0079466	0.024211100000000003	0.0	0.0	0.0	0.0	0.00869338	0.0	0.0	0.0	0.0	0.009341430000000001	0.0	0.0	0.0	0.0	0.0	0.0	0.0	0.0	0.0	0.0	0.0	0.0	0.0	0.0	0.0	0.0	0.011636	0.0117883	0.0239006	0.0	0.0	0.0
Sor-ACeb_006-Ex1-1F-lcwgs-1-2-L2-clmp.r1r2_fastp	0.107535	0.0102414	0.0	0.0	0.0	0.0	0.0153622	0.00256036	0.0	0.0	0.00256036	0.0	0.007681080000000001	0.007681080000000001	0.00512072	0.0230432	0.0	0.0	0.0	0.0	0.00256036	0.0	0.00256036	0.00512072	0.0128018	0.0	0.0	0.0	0.0204829	0.0	0.007681080000000001	0.0	0.00512072	0.0	0.00513518	0.00771784	0.37373100000000004	0.0	0.0	0.0	0.0	0.0	0.0	0.0053053200000000005	0.00801218	0.0	0.00812502	0.0	0.0	0.0	0.013997400000000002	0.0	0.0	0.0	0.0	0.0	0.0	0.429743	0.0	0.12717900000000001	0.0	0.0	0.0	0.115048	0.354053	0.0	0.0	0.0	0.01072	0.378485	0.0	0.0	0.0	0.0	0.0	0.012305700000000001	0.008383990000000001	0.00428302	0.0	0.0	0.32533	0.00468626	0.0	0.0	0.0	0.0	0.0052556899999999995	0.010760800000000001	0.0	0.011275199999999999	0.0	0.0	0.0	0.409328	0.0	0.0	0.0	0.0	0.0	0.0	0.0	0.0	0.0	0.0	0.00800064	0.0	0.00837661	0.00856751	0.00877886	0.0	0.0	0.0	0.0	0.0	0.0	0.0	0.0	0.245307	0.0	0.0	0.0	0.0	0.0	0.0120642	0.0	0.0	0.0	0.0	0.0	0.0	0.0	0.0140371	0.0	0.0	0.0	0.0	0.0	0.0	0.0	0.0	0.0	0.0	0.0	0.0	0.0	0.0	0.570063	0.0	0.0	0.0
Sor-ACeb_006-Ex1-1F-lcwgs-1-2-L3-clmp.r1r2_fastp	0.0739531	0.012325500000000001	0.0	0.0	0.00308138	0.015406900000000001	0.0	0.0	0.0	0.00616276	0.024651000000000003	0.0	0.0	0.0	0.0	0.0	0.0	0.0	0.0	0.0	0.0	0.0	0.00616276	0.009244140000000001	0.012325500000000001	0.0	0.00308138	0.0184883	0.0	0.0184883	0.0	0.052383400000000004	0.0400579	0.0308547	0.00309023	0.0	0.006202699999999999	0.018660200000000002	0.0	0.0	0.0	0.0	0.0	0.00319795	0.0	0.0	0.0	0.0	0.0	0.0	0.0	0.0	0.0	0.0	0.0	0.0	0.0	0.0	0.0	0.23378600000000002	0.0	0.0	0.0	0.0079968	0.00812942	0.0	0.0	0.0	0.0	0.0	0.0045333000000000005	0.0	0.0	0.0	0.196986	0.0	0.0	0.0	0.0	0.813818	0.0	0.0	0.0	0.0	0.0	0.0	0.0	0.0	0.356189	0.0	0.0	0.0	0.0	0.0	0.0	0.0	0.0	0.24725	0.0	0.0	0.0	0.0	0.0	0.0	0.0	0.0	0.0	0.0	0.0	0.0	0.0	0.0	0.0	0.0	0.17820799999999998	0.0	0.0	0.0	0.0	0.0	0.0	0.0	0.0	0.0	0.0	0.0	0.0	0.0	0.0	0.0	0.0	0.0	0.0	0.0	0.0	0.0	0.0	0.0	0.0	0.0	0.0	0.0	0.0	0.0	0.0	0.0230574	0.0	0.0	0.0	0.0
Sor-ACeb_007-Ex1-2F-lcwgs-1-2-L2-clmp.r1r2_fastp	0.052483100000000005	0.0131208	0.0	0.0	0.0	0.0	0.0459227	0.0	0.0	0.0	0.0	0.0	0.0131208	0.019681200000000003	0.0131208	0.0	0.0	0.0	0.0	0.0	0.0	0.0	0.0	0.0	0.0131208	0.0	0.0	0.0	0.006560389999999999	0.0	0.006560389999999999	0.0	0.006560389999999999	0.0	0.0	0.0132013	0.112493	0.0	0.0	0.0	0.0	0.0	0.0	0.00685025	0.0207025	0.0	0.0140489	0.0	0.0	0.0	0.0	0.0	0.0	0.0	0.0	0.0	0.0	0.12048199999999999	0.0	0.0248653	0.0	0.0	0.0	0.044326199999999996	0.09937660000000001	0.0	0.0	0.0	0.00975895	0.0399122	0.0	0.0	0.0	0.0	0.0	0.022933099999999998	0.0234714	0.012038	0.0	0.0	0.0260044	0.0	0.0	0.0	0.0	0.0	0.0	0.0155666	0.0	0.0163961	0.0	0.0	0.0	0.0	0.0	0.0	0.0	0.0	0.0	0.0	0.0	0.0	0.0	0.0	0.0	0.0	0.0	0.0480192	0.024420000000000004	0.0	0.0	0.0	0.0	0.0	0.0	0.0	0.0	0.0285959	0.0	0.0	0.0	0.0	0.0	0.0	0.0	0.0	0.0	0.0	0.0	0.0	0.0	0.0	0.0	0.0	0.0	0.0	0.0390168	0.0	0.0	0.0	0.0	0.0	0.0	0.0	0.0	0.0	0.18357	0.0	0.0	0.0
Sor-ACeb_007-Ex1-2F-lcwgs-1-2-L3-clmp.r1r2_fastp	0.0781062	0.012016299999999999	0.0	0.0	0.0	0.012016299999999999	0.0	0.0	0.0	0.0180245	0.030040900000000002	0.0	0.0	0.0	0.0	0.0	0.0	0.0	0.0	0.0	0.0	0.0	0.00600817	0.0	0.012016299999999999	0.0	0.00600817	0.030040900000000002	0.0	0.030040900000000002	0.0	0.0240327	0.0660899	0.036094600000000004	0.0	0.0	0.0	0.0182205	0.0	0.0	0.0	0.0	0.0	0.0	0.0	0.0	0.0	0.0	0.0	0.0	0.0	0.0	0.0	0.0	0.0	0.0	0.0	0.0	0.0	0.127714	0.0	0.0	0.0	0.0160077	0.016286600000000002	0.0	0.0	0.0	0.0	0.0	0.0	0.0	0.0	0.0	0.30953600000000003	0.0	0.0	0.0	0.0	0.350877	0.0	0.011846899999999999	0.0	0.0	0.0	0.0	0.0	0.0	0.520247	0.0	0.0	0.0	0.0	0.0	0.0	0.0	0.0	0.314906	0.0	0.0	0.0	0.0	0.0	0.0	0.0	0.0	0.0	0.0	0.0	0.0	0.0	0.0	0.0	0.0	0.298582	0.0	0.0257931	0.0	0.0	0.0	0.0	0.0	0.0	0.0	0.0	0.0	0.0	0.0315557	0.0	0.0	0.0	0.0	0.0	0.0	0.0	0.0	0.0	0.0	0.0	0.0	0.0	0.0	0.0	0.0	0.0	0.043365100000000004	0.0	0.0	0.0	0.0
Sor-ACeb_008-Ex1-3F-lcwgs-1-2-L2-clmp.r1r2_fastp	0.0771373	0.0128562	0.0	0.0	0.0	0.0	0.0192843	0.00428541	0.0	0.0	0.0021427	0.0	0.0171416	0.00642811	0.00428541	0.00857082	0.0	0.0	0.0	0.0	0.0	0.0	0.00428541	0.0021427	0.0021427	0.0	0.0	0.0	0.00857082	0.0	0.0021427	0.0	0.0	0.0	0.00645189	0.0107819	0.337414	0.0	0.0	0.0	0.0	0.00444198	0.0	0.0022580499999999997	0.0113893	0.00230213	0.0186176	0.0	0.0	0.0	0.00488818	0.0	0.0	0.0	0.0	0.0	0.0	0.316724	0.0	0.124642	0.0	0.0	0.0	0.08885889999999999	0.325356	0.0	0.0	0.0	0.00685683	0.354872	0.00720383	0.0	0.0	0.0038806300000000004	0.00398995	0.00409567	0.0210597	0.0	0.0	0.0	0.212094	0.0	0.0	0.0	0.0	0.0	0.0	0.011542700000000001	0.0	0.0	0.0	0.0	0.0	0.041554100000000004	0.0	0.0	0.0	0.0	0.0	0.0	0.0	0.0	0.0	0.0	0.0	0.0	0.0	0.0105742	0.0108743	0.0	0.0	0.0	0.0	0.0	0.0	0.0	0.0	0.389864	0.0	0.0	0.0	0.0	0.0	0.0324517	0.0	0.0	0.0	0.0	0.0	0.0	0.0	0.0	0.0	0.0	0.0	0.0	0.0216779	0.0	0.0	0.0	0.0	0.0	0.0	0.0	0.0	0.0	0.45454500000000003	0.0	0.0	0.0
Sor-ACeb_008-Ex1-3F-lcwgs-1-2-L3-clmp.r1r2_fastp	0.0983359	0.01765	0.0	0.0	0.0075642999999999995	0.0075642999999999995	0.0	0.0	0.0	0.012607199999999999	0.022692900000000002	0.0	0.0	0.0	0.0	0.0	0.0	0.0	0.0	0.0	0.0	0.0	0.012607199999999999	0.00504286	0.0277358	0.0	0.00252143	0.0100857	0.0	0.0100857	0.0	0.060514399999999996	0.0579929	0.0227324	0.007593399999999999	0.0	0.00254712	0.0281301	0.0	0.0	0.0	0.0	0.00263817	0.00265851	0.0	0.00271665	0.0	0.0	0.0	0.0	0.0	0.0	0.0	0.0	0.0	0.0	0.0	0.0	0.0	0.145074	0.0	0.0	0.0	0.0110331	0.0150455	0.0	0.0	0.0	0.0	0.0042407	0.00434896	0.0	0.0	0.0	0.174605	0.0	0.0	0.0	0.0	0.846223	0.00576668	0.005943889999999999	0.0	0.0	0.0	0.0	0.0	0.0	0.35860699999999995	0.0	0.0	0.0	0.0	0.0	0.0	0.0	0.0	0.165999	0.0	0.0	0.0	0.0	0.0	0.0	0.0	0.0	0.0	0.0	0.0	0.0	0.0	0.0	0.0	0.0	0.17560699999999999	0.0	0.0	0.0	0.0	0.0	0.0	0.0	0.0	0.0	0.0	0.0	0.0	0.0	0.0	0.0	0.0	0.0	0.0	0.0	0.0	0.0	0.0	0.0	0.0	0.0	0.0	0.0	0.0	0.0	0.0	0.033311099999999996	0.0	0.0	0.0	0.0
Sor-ACeb_009-Ex1-4F-lcwgs-1-2-L2-clmp.r1r2_fastp	0.0562627	0.007032839999999999	0.0	0.0	0.0	0.0	0.0281314	0.0140657	0.0	0.0	0.0	0.0	0.0	0.0210985	0.0	0.007032839999999999	0.0	0.0	0.0	0.0	0.0	0.0	0.0140657	0.0	0.0	0.0	0.0	0.0	0.0281314	0.0	0.0	0.007032839999999999	0.0	0.0	0.0	0.007094210000000001	0.356506	0.0	0.0	0.0	0.0	0.0	0.0	0.0	0.022899	0.0	0.0	0.0	0.0	0.0	0.0083661	0.0	0.0	0.0	0.0	0.0	0.0	0.356523	0.0	0.150905	0.0	0.0	0.0	0.0335158	0.48043900000000006	0.0	0.0	0.0	0.0	0.370714	0.0	0.0	0.0	0.0	0.0	0.0	0.0	0.0	0.0	0.0	0.193949	0.0	0.0	0.0	0.0	0.0	0.0	0.0	0.0	0.0	0.0	0.0	0.0	0.032520299999999995	0.0	0.0	0.0	0.0	0.0	0.0	0.0	0.0	0.0	0.0	0.0502008	0.0	0.0	0.0	0.0	0.0	0.0	0.0	0.0	0.0	0.0	0.0	0.0	0.40716600000000003	0.0	0.0	0.0	0.0	0.0	0.0	0.0	0.0	0.0	0.0	0.0	0.0	0.0	0.0	0.0	0.0	0.0	0.0	0.0	0.0	0.0	0.0	0.0	0.0	0.0	0.0	0.0	0.0	1.44231	0.0	0.0	0.0
Sor-ACeb_009-Ex1-4F-lcwgs-1-2-L3-clmp.r1r2_fastp	0.120161	0.0	0.0	0.0	0.00858295	0.00858295	0.0	0.0	0.0	0.0343318	0.060080699999999994	0.0	0.0	0.0	0.0	0.0	0.0	0.0	0.0	0.0	0.0	0.0	0.0	0.0171659	0.0257489	0.0	0.0257489	0.0343318	0.0	0.0343318	0.0	0.060080699999999994	0.0429148	0.034420400000000004	0.0172622	0.0	0.008695650000000001	0.026226100000000002	0.0	0.0	0.0	0.0	0.0	0.0	0.0	0.00942774	0.0	0.0	0.0	0.0	0.0	0.0	0.0	0.0	0.0	0.0	0.0	0.0	0.0	0.26129199999999997	0.0	0.0	0.0	0.027612900000000003	0.0141884	0.0	0.0	0.0	0.0	0.0	0.016888999999999998	0.0	0.0	0.0	0.173678	0.0	0.0	0.0	0.0	0.768693	0.0	0.0	0.0	0.0	0.0	0.0	0.0	0.0	0.298607	0.0	0.0	0.0	0.0	0.0	0.0	0.0	0.0	0.0968054	0.0	0.0	0.0	0.0	0.0	0.0	0.0	0.0	0.0	0.0	0.0	0.0	0.0	0.0	0.0	0.0	0.288184	0.0	0.0	0.0	0.0	0.0	0.0	0.0	0.0	0.0	0.0	0.0	0.0	0.0	0.0	0.0	0.0	0.0	0.0	0.0	0.0	0.0	0.0	0.0	0.0	0.0	0.0	0.0	0.0	0.0	0.0	0.0	0.0	0.0	0.0	0.0
Sor-ACeb_010-Ex1-5F-lcwgs-1-2-L2-clmp.r1r2_fastp	0.0803909	0.0157629	0.0	0.0	0.0	0.0	0.0189155	0.0015762900000000002	0.0	0.0	0.0	0.0	0.0189155	0.0157629	0.0	0.00472888	0.0	0.0	0.0	0.0	0.0031525900000000003	0.0	0.0	0.0	0.0126103	0.0	0.0	0.0	0.0126103	0.0	0.00630517	0.0015762900000000002	0.0031525900000000003	0.0047351500000000005	0.00632521	0.0158504	0.259092	0.0	0.0	0.0	0.0	0.0032489700000000003	0.0	0.0065849	0.016592000000000003	0.0	0.0168831	0.0	0.0	0.0	0.0035252900000000004	0.0	0.0	0.0	0.0	0.0	0.0	0.189864	0.0	0.0721689	0.00203961	0.0	0.0	0.00866532	0.389406	0.0	0.0	0.0	0.0146456	0.250746	0.0	0.0	0.0	0.0	0.0	0.0	0.015411600000000001	0.00318238	0.0	0.0	0.0743837	0.00366609	0.0	0.0	0.0	0.0	0.0	0.00457415	0.0	0.0	0.0	0.0	0.0	0.017317	0.0	0.0	0.0	0.0	0.0	0.0	0.0	0.0	0.0	0.0	0.0	0.0	0.009046499999999999	0.018653199999999998	0.00963948	0.0	0.0	0.0	0.0	0.0	0.0	0.0	0.0	0.0377881	0.0	0.0	0.0	0.0	0.0	0.014916500000000001	0.015384599999999998	0.0	0.0	0.0	0.0	0.0	0.0	0.0	0.0	0.0	0.0	0.0	0.0	0.0	0.0	0.0	0.0	0.0	0.0	0.0	0.0	0.0	0.236593	0.0	0.0	0.0
Sor-ACeb_010-Ex1-5F-lcwgs-1-2-L3-clmp.r1r2_fastp	0.0937272	0.0156212	0.0	0.0	0.0	0.00520707	0.0	0.0	0.0	0.00694276	0.022563999999999997	0.0	0.0	0.0	0.0	0.0	0.0	0.0	0.0	0.0	0.0	0.0	0.008678449999999999	0.00347138	0.012149799999999999	0.0	0.00347138	0.0208283	0.0	0.0208283	0.0	0.059013399999999994	0.052070700000000004	0.0260702	0.00174086	0.0	0.00874998	0.012291900000000001	0.005286529999999999	0.0	0.0	0.0	0.0	0.0	0.0	0.0036758599999999995	0.0	0.0	0.0	0.0	0.0	0.0	0.0	0.0	0.0	0.0	0.0	0.0	0.0	0.24441300000000002	0.0	0.0	0.0	0.0164088	0.00955932	0.0	0.0	0.0	0.0	0.0	0.0	0.0	0.0	0.0	0.27347299999999997	0.0	0.0	0.0	0.0	0.46756899999999996	0.0	0.0037366400000000003	0.0	0.0	0.0	0.0	0.0	0.0	0.60258	0.0	0.0	0.0	0.0	0.0	0.0	0.0	0.0	0.282831	0.0	0.0	0.0	0.0	0.0	0.0	0.0	0.0	0.0	0.0	0.0	0.0	0.0	0.0	0.0	0.0	0.337103	0.0	0.011542	0.011892	0.0	0.0	0.0	0.0	0.0	0.0	0.0	0.0	0.0	0.0	0.0	0.0	0.0	0.0	0.0	0.0	0.0	0.0	0.0	0.0	0.0	0.0	0.0	0.0	0.0	0.0	0.0	0.0501002	0.025601600000000002	0.0	0.0	0.0
Sor-ACeb_011-Ex1-6F-lcwgs-1-2-L2-clmp.r1r2_fastp	0.0602332	0.0129071	0.0	0.0	0.00430237	0.0	0.00430237	0.0	0.0	0.0	0.0	0.0	0.00430237	0.0215119	0.00430237	0.0129071	0.0	0.0	0.0	0.0	0.0	0.0	0.0	0.00860474	0.0129071	0.0	0.0	0.0	0.00430237	0.0	0.0	0.0	0.0	0.0	0.00862515	0.0215852	0.311351	0.0	0.0	0.0	0.0	0.0	0.0	0.0	0.0265793	0.0	0.00447367	0.0	0.0	0.0	0.00456538	0.0	0.0	0.0	0.0	0.0	0.0	0.372974	0.0	0.126324	0.0	0.0	0.0	0.156195	0.284944	0.0	0.0	0.0	0.015937899999999998	0.397849	0.0	0.0	0.0	0.0	0.0	0.00577567	0.029234600000000003	0.0	0.0	0.0	0.270936	0.0	0.0	0.0	0.0	0.0	0.013370799999999999	0.0	0.0	0.0	0.0	0.0	0.0	0.448529	0.0	0.0	0.0	0.0	0.0	0.0	0.0	0.0	0.0	0.0	0.0	0.0	0.008737439999999999	0.0	0.0179356	0.0	0.0	0.0	0.0	0.0	0.0	0.0	0.0	0.22906100000000001	0.0	0.0	0.0	0.0	0.0	0.0	0.021426999999999998	0.0	0.0	0.0	0.0	0.0	0.0	0.0	0.0	0.0	0.023722	0.0	0.0	0.0	0.024651799999999998	0.0	0.0	0.0	0.0	0.0	0.0	0.0	0.319787	0.0	0.0	0.0
Sor-ACeb_011-Ex1-6F-lcwgs-1-2-L3-clmp.r1r2_fastp	0.0568534	0.010336999999999999	0.0	0.0	0.0051684899999999995	0.0	0.0	0.0	0.0	0.010336999999999999	0.0155055	0.0	0.0	0.0	0.0	0.0	0.0	0.0	0.0	0.0	0.0	0.0	0.0155055	0.0	0.020673999999999998	0.0	0.0	0.010336999999999999	0.0	0.010336999999999999	0.0	0.0465164	0.0568534	0.0051725	0.005178660000000001	0.0	0.0	0.0156185	0.0	0.0	0.0	0.0	0.0	0.0	0.0	0.016066	0.0	0.0	0.0	0.0	0.0	0.0	0.0	0.0	0.0	0.0	0.0	0.0	0.0	0.22021200000000002	0.0	0.0	0.0	0.012354799999999999	0.012502300000000001	0.0	0.0	0.0	0.0	0.0	0.0	0.0	0.0	0.0	0.18349900000000002	0.0	0.0	0.0	0.0	0.822704	0.0	0.00777001	0.0	0.0	0.0	0.0	0.0	0.0	0.454117	0.0	0.0	0.0	0.0	0.0	0.0	0.0	0.0	0.164521	0.0	0.0	0.0	0.0	0.0	0.0	0.0	0.0	0.0	0.0	0.0	0.0	0.0	0.0	0.0	0.0	0.231031	0.0	0.0124471	0.0126088	0.0	0.0	0.0	0.0	0.0	0.0	0.0	0.0	0.0	0.0	0.0	0.0	0.0	0.0	0.0	0.0	0.0	0.0	0.0	0.0	0.0	0.0	0.0	0.0	0.0	0.0	0.0	0.016792599999999998	0.0	0.0	0.0	0.0
Sor-ACeb_012-Ex1-7F-lcwgs-1-2-L2-clmp.r1r2_fastp	0.09872800000000001	0.0146868	0.0	0.0	0.0	0.0	0.023662100000000002	0.00326373	0.0	0.0	0.0008159339999999999	0.0	0.0106071	0.0114231	0.0106071	0.00897527	0.0	0.0	0.0	0.0	0.0016318700000000001	0.0	0.0024478	0.0048956	0.0114231	0.0	0.0	0.0	0.0195824	0.0	0.00326373	0.00326373	0.0016318700000000001	0.00245002	0.00327086	0.018831499999999998	0.313266	0.0	0.0	0.0	0.0	0.0	0.00166889	0.00586854	0.0151607	0.000847178	0.0110762	0.0	0.0	0.0008689380000000001	0.00525219	0.0	0.0	0.0	0.0	0.0	0.0	0.456655	0.0	0.16488799999999998	0.000971053	0.0	0.0	0.163205	0.297475	0.0	0.0	0.0	0.008845150000000001	0.445141	0.0	0.0	0.0	0.00368528	0.0025168	0.0103117	0.00528632	0.00541859	0.0	0.0	0.297453	0.00150532	0.0	0.0	0.0	0.0	0.0017336100000000002	0.024991500000000003	0.0	0.0	0.0	0.0	0.0	0.356726	0.0	0.0	0.0	0.0	0.0	0.0	0.0	0.0	0.0	0.0	0.00311391	0.0	0.0	0.010343	0.0142638	0.0	0.0	0.0	0.0	0.0	0.0	0.0	0.0	0.312816	0.0	0.0	0.0	0.0	0.0	0.0176377	0.0	0.0	0.0	0.00669299	0.0	0.0	0.0	0.007562579999999999	0.0	0.0	0.0	0.0	0.00880669	0.00904732	0.0	0.0	0.0	0.0	0.0	0.0	0.0	0.0	0.270779	0.0	0.0	0.0
Sor-ACeb_012-Ex1-7F-lcwgs-1-2-L3-clmp.r1r2_fastp	0.0839098	0.0234167	0.0	0.0	0.00390278	0.0029270900000000002	0.0	0.0	0.0	0.0058541700000000006	0.0341493	0.0	0.0	0.0	0.0	0.0	0.0	0.0	0.0	0.0	0.0	0.0	0.0195139	0.00390278	0.015611100000000001	0.0	0.0	0.0214653	0.0	0.0214653	0.0	0.0507362	0.057566	0.0410168	0.00488902	0.000979173	0.00490364	0.0068792	0.000984998	0.0	0.0	0.0	0.0	0.0	0.0	0.00101334	0.0	0.0	0.0	0.0	0.0	0.0	0.0	0.0	0.0	0.0	0.00222264	0.0	0.0	0.223708	0.0	0.0	0.0	0.017109100000000002	0.0186303	0.0	0.0	0.0	0.0	0.0	0.0	0.0	0.00145875	0.0	0.175849	0.0	0.0	0.0016506300000000002	0.0	0.753922	0.0	0.0036780899999999997	0.0	0.0	0.0	0.0	0.0	0.0	0.444324	0.0	0.0	0.0	0.0	0.0	0.0	0.0	0.0	0.142961	0.0	0.0	0.0	0.0	0.0	0.0	0.0	0.0	0.00412252	0.0	0.0044185199999999996	0.0	0.0	0.0	0.0	0.0	0.20567200000000002	0.0	0.0	0.0119689	0.0	0.0	0.0	0.00685213	0.0	0.0	0.0	0.0	0.0	0.0	0.0	0.0	0.0	0.0	0.00981065	0.0	0.0	0.0	0.0	0.0	0.0	0.0	0.0	0.0	0.0	0.0	0.0141703	0.0	0.0	0.0	0.0	0.0
Sor-ACeb_013-Ex1-8F-lcwgs-1-2-L2-clmp.r1r2_fastp	0.09258670000000001	0.018938200000000002	0.0	0.0	0.0	0.0	0.0210424	0.0042084900000000005	0.0	0.0	0.0042084900000000005	0.0	0.0105212	0.00631273	0.0	0.014729700000000002	0.0	0.0	0.0	0.0	0.0042084900000000005	0.0	0.00210424	0.00210424	0.016834000000000002	0.0	0.0	0.0	0.014729700000000002	0.0	0.00631273	0.008416980000000001	0.0042084900000000005	0.00421053	0.00421372	0.0147629	0.33365	0.0	0.0	0.0	0.0	0.0063859699999999995	0.0021341100000000003	0.00428082	0.012886000000000002	0.0	0.008658009999999999	0.0	0.0	0.0	0.00220522	0.0	0.0	0.0	0.0	0.0	0.0	0.40431599999999995	0.0	0.14787999999999998	0.0	0.0	0.0	0.09004619999999999	0.304833	0.0	0.0	0.0	0.00256812	0.46533399999999997	0.0	0.0	0.0	0.0	0.0	0.00564972	0.0143299	0.00290723	0.0	0.0	0.20695700000000003	0.00927156	0.0	0.0	0.0	0.0	0.0	0.0101764	0.0	0.0	0.0	0.0	0.0	0.0706556	0.0	0.0	0.0	0.0	0.0	0.0	0.0	0.0	0.0	0.0	0.00432152	0.0	0.0	0.0179654	0.009075650000000001	0.0	0.0	0.0	0.0	0.0	0.0	0.0	0.0	0.308873	0.0	0.0	0.0	0.0	0.0	0.0210294	0.005301660000000001	0.0	0.0	0.0	0.0	0.0	0.0	0.0	0.0	0.0	0.00574581	0.0	0.0116611	0.0	0.00590807	0.0	0.0	0.0	0.0	0.0	0.0	0.0	0.39867899999999995	0.0	0.0	0.0
Sor-ACeb_013-Ex1-8F-lcwgs-1-2-L3-clmp.r1r2_fastp	0.05954689999999999	0.018123	0.0	0.0	0.002589	0.00776699	0.0	0.0	0.0	0.00517799	0.028478999999999997	0.0	0.0	0.0	0.0	0.0	0.0	0.0	0.0	0.0	0.0	0.0	0.031068	0.010356	0.023301	0.0	0.0	0.010356	0.0	0.010356	0.0	0.0491909	0.0673139	0.0310816	0.0051843	0.0	0.00519832	0.00780925	0.0	0.0	0.0	0.0	0.0	0.0026404700000000002	0.0	0.0026605699999999997	0.0	0.0	0.0	0.0	0.0	0.0	0.0	0.0	0.0	0.0	0.0	0.0	0.0	0.20138899999999998	0.0	0.0029748599999999997	0.0	0.012151799999999999	0.0245617	0.0	0.0	0.0	0.0	0.0	0.0	0.0	0.0	0.0	0.199965	0.0	0.0	0.0	0.0	0.837946	0.0	0.0117532	0.0	0.0	0.0	0.0	0.0	0.0	0.40782300000000005	0.0	0.0	0.0	0.0	0.0	0.0	0.0	0.0	0.20657000000000003	0.0	0.0	0.0	0.0	0.0	0.0	0.0	0.0	0.0056882799999999996	0.0	0.00581937	0.0	0.0	0.0	0.0	0.0	0.205582	0.0	0.0	0.025731700000000003	0.0	0.0	0.0	0.0	0.0	0.0	0.0	0.0	0.0	0.0	0.0	0.00718236	0.0	0.0	0.0	0.0	0.0	0.0	0.0	0.0	0.0	0.0	0.0	0.0	0.0	0.0160244	0.00807363	0.0	0.0163867	0.0164894	0.0	0.0
Sor-ACeb_014-Ex1-9F-lcwgs-1-2-L2-clmp.r1r2_fastp	0.08138480000000001	0.0187811	0.0	0.0	0.0	0.0	0.0719942	0.0031301799999999998	0.0	0.0	0.00626037	0.0	0.025041499999999998	0.00626037	0.0	0.0156509	0.0	0.0	0.0	0.0	0.0031301799999999998	0.0	0.0031301799999999998	0.0	0.0156509	0.0	0.0	0.0	0.0187811	0.0	0.0	0.0031301799999999998	0.0031301799999999998	0.00626723	0.0062753	0.015721299999999997	0.21749400000000002	0.0	0.0	0.0	0.0	0.0	0.0	0.006497940000000001	0.00653787	0.009877839999999999	0.023223399999999998	0.0	0.0	0.0	0.00345006	0.0	0.0	0.0	0.0	0.0	0.0	0.11299000000000001	0.0	0.100994	0.003950540000000001	0.0	0.0	0.041697899999999996	0.429787	0.0	0.0	0.00452591	0.0	0.156309	0.0	0.0	0.0	0.0	0.0162215	0.0	0.0	0.0059283899999999995	0.0	0.0	0.0456681	0.0	0.0	0.0	0.0	0.0	0.0	0.00815661	0.0	0.0	0.0	0.0092081	0.0	0.0	0.0	0.0	0.0	0.0	0.0	0.0	0.0	0.0	0.0	0.0	0.0	0.0	0.0	0.0	0.0	0.0	0.0	0.0	0.0	0.0	0.0	0.0	0.0	0.0681663	0.0	0.0	0.0	0.0	0.0	0.0	0.0	0.0	0.0	0.0	0.0	0.0	0.0	0.0	0.0	0.0	0.0	0.0	0.0	0.0	0.0	0.0	0.0	0.0	0.0	0.0	0.0	0.0	0.40366	0.0	0.0	0.0
Sor-ACeb_014-Ex1-9F-lcwgs-1-2-L3-clmp.r1r2_fastp	0.0737889	0.0384986	0.0	0.0	0.0	0.0032082100000000004	0.0	0.0	0.0	0.00962464	0.028873899999999997	0.0	0.0	0.0	0.0	0.0	0.0	0.0	0.0	0.0	0.0	0.0	0.0032082100000000004	0.0	0.0160411	0.0	0.0	0.0256657	0.0	0.0256657	0.0	0.044915	0.0834135	0.048183500000000004	0.0032162600000000003	0.0	0.00645536	0.0194225	0.006493720000000001	0.0	0.0	0.0	0.0	0.0	0.0	0.00675744	0.0	0.0	0.0	0.0	0.0035383199999999997	0.0	0.0	0.0	0.0	0.0	0.0	0.0	0.0	0.317675	0.0	0.0	0.0	0.0169693	0.008632220000000001	0.0	0.0	0.0	0.0	0.0	0.00492174	0.0	0.0	0.0	0.25477	0.0	0.0	0.0	0.0	0.465318	0.0	0.0	0.0	0.0	0.0	0.0	0.0	0.0	0.462262	0.0	0.0	0.0	0.0	0.0	0.0	0.0	0.0	0.214746	0.0	0.0	0.0	0.0	0.0	0.0	0.0	0.0	0.0	0.0	0.0	0.0	0.0	0.0	0.0	0.0	0.268256	0.0	0.0	0.0	0.0	0.0	0.0	0.0	0.0	0.0	0.0	0.0	0.0	0.0	0.0	0.0	0.0	0.0	0.0	0.0	0.0	0.0	0.0	0.0	0.0	0.0	0.0	0.0	0.0	0.0	0.0	0.0	0.0	0.0	0.0	0.0
Sor-ACeb_015-Ex1-10F-lcwgs-1-2-L2-clmp.r1r2_fastp	0.0862829	0.0325958	0.0	0.0	0.0	0.0	0.0115044	0.0038347999999999998	0.0	0.0	0.0	0.0	0.0076695900000000004	0.019174	0.0038347999999999998	0.0057522	0.0	0.0	0.0	0.0	0.0	0.0	0.0019173999999999999	0.0076695900000000004	0.0057522	0.0	0.0	0.0	0.0172566	0.0	0.00958699	0.0019173999999999999	0.0076695900000000004	0.0019193499999999998	0.0076895	0.030805999999999997	0.30866	0.0	0.0	0.0	0.0	0.00195986	0.00196905	0.00395812	0.025873200000000002	0.00400272	0.00805704	0.0	0.0	0.0	0.00207879	0.0	0.0	0.0	0.0	0.0	0.0	0.353737	0.0	0.146974	0.00232992	0.0	0.0	0.15129	0.319964	0.0	0.0	0.00261602	0.0186512	0.42394800000000005	0.0	0.0	0.0	0.0	0.0	0.00618735	0.0317148	0.0032514	0.0	0.0	0.28732599999999997	0.0036035999999999998	0.0	0.0	0.0	0.0	0.0	0.017001000000000002	0.0	0.0	0.0	0.0	0.0	0.45239700000000005	0.0	0.00542388	0.0	0.0	0.0	0.0	0.0	0.006536800000000001	0.0	0.0	0.0	0.0	0.00769231	0.0079466	0.00817728	0.0	0.0	0.0	0.0	0.0	0.0	0.0	0.0	0.260417	0.0	0.0	0.0	0.0	0.0	0.0	0.0	0.0	0.0	0.0	0.0	0.0	0.0	0.0	0.0	0.0	0.017605600000000002	0.0	0.0	0.0	0.0	0.0	0.0	0.0	0.0	0.0	0.0	0.0	0.19272499999999998	0.0	0.0	0.0
Sor-ACeb_015-Ex1-10F-lcwgs-1-2-L3-clmp.r1r2_fastp	0.0795582	0.0210595	0.0	0.0	0.007019839999999999	0.0	0.0	0.0	0.0	0.0116997	0.0421191	0.0	0.0	0.0	0.0	0.0	0.0	0.0	0.0	0.0	0.0	0.0	0.0210595	0.00233995	0.0140397	0.0	0.0	0.0327593	0.0	0.0327593	0.0	0.04913889999999999	0.06083860000000001	0.0210798	0.00234555	0.00234918	0.00235405	0.00472088	0.0	0.0	0.0	0.0	0.0	0.0	0.0	0.0	0.0	0.0	0.0	0.0	0.0	0.0	0.0	0.0	0.0	0.0	0.0	0.0	0.0	0.195169	0.0	0.0	0.0	0.0210217	0.0366916	0.0	0.0	0.0	0.0	0.0	0.0034287700000000003	0.0	0.0	0.0	0.20260399999999998	0.0	0.0	0.0	0.0	0.9071549999999999	0.0	0.0134692	0.0	0.0	0.0	0.0	0.0	0.0	0.42711600000000005	0.0	0.0	0.0	0.0	0.0	0.0	0.0	0.0	0.22439399999999998	0.0	0.0	0.0	0.0	0.0	0.0	0.0	0.0	0.0	0.0	0.0	0.0	0.0	0.0	0.0	0.0	0.21289899999999998	0.0	0.0	0.0824516	0.0	0.0	0.0	0.0	0.0	0.0	0.0	0.0	0.0	0.0	0.0	0.0	0.0	0.0	0.0	0.0	0.0	0.0	0.0	0.0	0.0	0.0	0.0	0.0	0.0	0.0	0.0	0.0	0.0610874	0.0	0.0	0.0
Sor-ACeb_016-Ex1-11F-lcwgs-1-2-L2-clmp.r1r2_fastp	0.13022	0.014730799999999999	0.0	0.0	0.000294615	0.0	0.0736538	0.00353538	0.00058923	0.000883845	0.00206231	0.0	0.0353538	0.0123738	0.00441923	0.011195400000000001	0.0	0.0	0.000294615	0.0	0.00206231	0.00058923	0.00206231	0.00530307	0.032702300000000004	0.0	0.0	0.0	0.035648400000000004	0.000294615	0.0058923	0.00206231	0.00383	0.00383907	0.0251779	0.0154599	0.37992	0.0	0.0	0.0	0.000306459	0.00185513	0.0009368439999999999	0.003786	0.014038700000000001	0.000968914	0.0340349	0.0	0.0	0.0	0.00660307	0.0	0.0	0.0	0.0	0.0	0.0	0.22017199999999998	0.0	0.154525	0.0012809499999999999	0.0	0.0	0.0926329	0.302572	0.0	0.0	0.0	0.0131454	0.437308	0.0	0.0	0.0	0.0	0.0137224	0.00229382	0.0186603	0.00432683	0.0	0.0	0.116846	0.00692953	0.0	0.0	0.0	0.0	0.0	0.00563899	0.0	0.006706459999999999	0.0	0.0	0.0	0.0693766	0.0	0.0	0.0	0.0	0.0	0.0	0.0	0.00935716	0.0	0.0	0.00515331	0.0	0.0	0.016864399999999998	0.00577701	0.0	0.0	0.0	0.0	0.0	0.0	0.0	0.0	0.160186	0.0	0.0	0.0	0.0	0.0	0.016707	0.017114499999999998	0.0	0.0	0.0	0.0	0.0	0.0	0.0201106	0.0	0.0	0.0	0.0	0.0	0.0	0.0	0.0	0.0	0.0	0.0	0.0	0.0	0.0	0.756364	0.0	0.0	0.0
Sor-ACeb_016-Ex1-11F-lcwgs-1-2-L3-clmp.r1r2_fastp	0.078199	0.0248974	0.0	0.0	0.00245468	0.0255988	0.0	0.0014026700000000002	0.001052	0.0108707	0.0497949	0.0	0.000350668	0.0	0.0	0.0	0.0	0.0	0.0	0.0	0.0	0.0	0.01052	0.00526002	0.0168321	0.0	0.0014026700000000002	0.0420802	0.0	0.0420802	0.0	0.0392748	0.0582109	0.0787595	0.00423339	0.00035423700000000003	0.00427197	0.0146804	0.0	0.0	0.0	0.0	0.0	0.00264664	0.0	0.00310339	0.0	0.0	0.0	0.0	0.0	0.0	0.0	0.0	0.0	0.00046175899999999995	0.0	0.0	0.0	0.135346	0.0005180089999999999	0.0	0.0	0.0370451	0.0161874	0.0	0.0	0.00127901	0.0	0.0013819099999999999	0.0043225500000000005	0.0	0.0	0.0	0.24712699999999999	0.0009229430000000001	0.0	0.0	0.0	1.13337	0.0	0.00412031	0.0	0.0	0.0	0.0	0.0	0.0	0.349659	0.0	0.0	0.0	0.0	0.0	0.0	0.0	0.0	0.0417207	0.0	0.0	0.0	0.0	0.0	0.0	0.0	0.0	0.0	0.0	0.0	0.0	0.0	0.0	0.0	0.0	0.237586	0.0	0.0166708	0.00852006	0.0	0.0	0.0	0.0	0.00963113	0.0	0.0	0.0	0.0	0.0	0.0	0.0	0.0	0.0	0.0	0.0	0.0	0.0	0.0	0.0	0.0	0.0	0.0	0.0	0.0158705	0.0	0.0	0.0	0.017494799999999998	0.0	0.0	0.0
Sor-ACeb_017-Ex1-12F-lcwgs-1-2-L2-clmp.r1r2_fastp	0.0820829	0.014107999999999999	0.0	0.0	0.000427515	0.0	0.0436065	0.0	0.00085503	0.0	0.000427515	0.0	0.014962999999999999	0.00598521	0.000427515	0.0115429	0.0	0.0	0.0	0.0	0.00085503	0.00171006	0.0	0.00128254	0.0171006	0.0	0.0	0.0	0.0153905	0.0	0.00342012	0.00085503	0.00213757	0.00299963	0.00773585	0.0129375	0.269418	0.0	0.0	0.0	0.0	0.000447353	0.00045149599999999996	0.00410363	0.007833779999999999	0.00139859	0.0127369	0.0	0.0	0.0	0.00847897	0.0	0.0	0.0	0.0	0.0	0.000551438	0.250112	0.0	0.0819063	0.00119537	0.0	0.0	0.0915159	0.40909199999999996	0.0	0.0	0.0007093360000000001	0.0087581	0.24740700000000002	0.0007753139999999999	0.0	0.0	0.0	0.00354007	0.00275093	0.00856604	0.00493769	0.0	0.0	0.114642	0.0	0.0	0.0	0.0	0.0	0.0	0.00295303	0.0	0.0032082100000000004	0.0	0.0	0.0	0.0640482	0.0	0.0	0.0	0.0	0.0	0.0	0.0	0.0	0.0	0.0	0.0	0.0	0.0	0.00921206	0.0126482	0.0	0.0	0.0	0.0	0.0	0.0	0.0	0.0	0.024718800000000003	0.0	0.0	0.0	0.0	0.0	0.00977517	0.0100654	0.0	0.0	0.0	0.0	0.0	0.0	0.00609496	0.0	0.0	0.013173500000000001	0.0	0.0	0.0	0.0145012	0.0	0.0	0.0	0.0	0.0	0.0	0.0	0.200733	0.0	0.0	0.0
Sor-ACeb_017-Ex1-12F-lcwgs-1-2-L3-clmp.r1r2_fastp	0.0810116	0.020693200000000002	0.0	0.0	0.0	0.007484770000000001	0.0	0.00132084	0.00044028	0.0105667	0.036102999999999996	0.0	0.0	0.0	0.0	0.0	0.0	0.0	0.0	0.0	0.0	0.0	0.006604209999999999	0.00396252	0.0136487	0.0	0.00044028	0.0343419	0.0	0.0343419	0.0	0.0462294	0.0589976	0.033976200000000005	0.00575074	0.0	0.00579421	0.0138822	0.00180119	0.0	0.0	0.0	0.000463637	0.00280763	0.0	0.00334546	0.0	0.0004895650000000001	0.0	0.0	0.0	0.0	0.0	0.0	0.0	0.0	0.0	0.0	0.0	0.214381	0.0	0.0	0.0	0.0341473	0.013839200000000001	0.0	0.0	0.00212751	0.0	0.00149494	0.0007687099999999999	0.0	0.0	0.0	0.192165	0.00178667	0.0	0.0	0.0	0.448059	0.0	0.0054795700000000004	0.0	0.0	0.0	0.0	0.00391032	0.0	0.510004	0.0	0.0	0.00155914	0.0	0.0	0.0	0.0	0.0	0.246635	0.0	0.0	0.0	0.0	0.0	0.0023720300000000002	0.0	0.0	0.00522248	0.0	0.00278133	0.0	0.0	0.0	0.0	0.0	0.305042	0.0	0.0035705399999999997	0.018427699999999998	0.0037923300000000004	0.0	0.0	0.0	0.0	0.0	0.0	0.00462813	0.0	0.00489069	0.0	0.0	0.0	0.0	0.0	0.0	0.0	0.0	0.0	0.0	0.00646287	0.0	0.0	0.0	0.0	0.0	0.0	0.0	0.0157035	0.0	0.0	0.0
Sor-ACeb_018-Ex1-1G-lcwgs-1-2-L2-clmp.r1r2_fastp	0.299788	0.00875293	0.0	0.0	0.0	0.0	0.266964	0.0021882299999999998	0.0	0.0	0.0	0.0	0.168494	0.0109412	0.006564700000000001	0.0043764599999999996	0.0	0.0	0.0	0.0	0.0	0.0	0.0021882299999999998	0.0	0.085341	0.0	0.0	0.0	0.0809646	0.0	0.0021882299999999998	0.0043764599999999996	0.0	0.00218938	0.10078699999999999	0.0109654	0.18882000000000002	0.0	0.0	0.0	0.0	0.00221489	0.006659419999999999	0.0	0.0066968800000000005	0.00448109	0.17096699999999998	0.0	0.0	0.0	0.0	0.0	0.0	0.0	0.0	0.0	0.00237304	0.26062199999999996	0.0	0.157913	0.0	0.0	0.0	0.0805984	0.188295	0.0	0.0	0.0	0.0	0.27236899999999997	0.0	0.0	0.0	0.0	0.11046199999999999	0.00591034	0.00901578	0.0	0.0	0.0	0.18046500000000001	0.0787841	0.0	0.0	0.0	0.0	0.0	0.00739809	0.0	0.0887483	0.0	0.0	0.0	0.311304	0.0	0.0	0.0	0.0	0.0	0.0	0.0	0.0	0.0	0.0	0.0	0.0	0.0	0.00584727	0.0	0.0	0.0	0.0	0.0	0.0	0.0	0.0	0.0	0.16856	0.0	0.0	0.0	0.0	0.0	0.016825100000000003	0.0	0.0	0.0	0.0	0.0	0.0	0.0	0.20108600000000001	0.0	0.0	0.0107469	0.0	0.0	0.0	0.0	0.0	0.0	0.0	0.0	0.0	0.0	0.0	0.290456	0.0	0.0	0.0
Sor-ACeb_018-Ex1-1G-lcwgs-1-2-L3-clmp.r1r2_fastp	0.227905	0.0227905	0.0	0.0	0.0022790500000000003	0.0820457	0.0	0.0	0.0	0.00683714	0.018232400000000003	0.0	0.0	0.0	0.0	0.0	0.0	0.0	0.0	0.0	0.0	0.0	0.013674299999999999	0.0022790500000000003	0.0159533	0.0	0.0	0.0113952	0.0022790500000000003	0.0113952	0.0	0.0433019	0.052418099999999995	0.20522600000000002	0.00912575	0.0	0.0022865	0.0206002	0.0	0.0	0.0	0.0	0.0	0.0602619	0.0	0.00233416	0.0	0.0	0.0	0.0	0.0	0.0	0.0	0.0	0.0	0.0	0.0	0.0	0.0	0.0913335	0.0	0.0	0.0	0.0158407	0.0240077	0.0	0.0	0.0	0.0	0.0	0.0028761299999999997	0.0	0.0	0.0	0.112846	0.0	0.0	0.0	0.00326041	0.391779	0.0033766700000000005	0.006875449999999999	0.0	0.0	0.0	0.0	0.0	0.0	0.202277	0.0	0.0	0.0	0.0	0.0	0.0	0.0	0.0	0.0678854	0.0	0.0	0.0	0.0	0.0	0.0	0.0	0.0	0.0060070900000000005	0.0	0.0	0.0903751	0.0	0.0	0.0	0.0	0.159733	0.0	0.0	0.0390686	0.0	0.0	0.0	0.0	0.0	0.0	0.0	0.0	0.0	0.009813539999999999	0.0	0.0	0.0	0.0	0.0	0.0	0.0	0.0	0.0	0.0	0.0	0.0	0.0	0.0	0.054429200000000004	0.0	0.0283688	0.0	0.0739973	0.0	0.0	0.0
Sor-ACeb_019-Ex1-3G-lcwgs-1-2-L2-clmp.r1r2_fastp	0.222314	0.00823384	0.0	0.0	0.0	0.0	0.16467700000000002	0.0	0.0	0.0	0.0	0.0	0.07410459999999999	0.032935400000000004	0.0	0.0247015	0.0	0.0	0.0	0.0	0.016467700000000002	0.0	0.0	0.0	0.0411692	0.0	0.0	0.0	0.131741	0.0	0.016467700000000002	0.0	0.0	0.00824266	0.0330087	0.0	0.248447	0.0	0.0	0.0	0.0	0.0168209	0.0	0.00847314	0.0255319	0.0	0.0774793	0.0	0.0	0.0	0.00884721	0.0	0.0	0.0	0.0	0.0	0.0	0.18684599999999998	0.0	0.208967	0.0	0.0	0.0	0.0890296	0.270216	0.0	0.0	0.0	0.0	0.255537	0.010768900000000001	0.0	0.0	0.0	0.0340909	0.0	0.0233754	0.0	0.0	0.0	0.124177	0.0252589	0.0	0.0	0.0	0.0	0.0	0.0	0.0	0.0	0.0	0.0	0.0	0.046282000000000004	0.0	0.0	0.0	0.0	0.0	0.0	0.0	0.0	0.0	0.0	0.0	0.0	0.0	0.0196078	0.0	0.0	0.0	0.0	0.0	0.0	0.0	0.0	0.0	0.13876	0.0	0.0	0.0	0.0	0.0	0.050877599999999995	0.025893299999999998	0.0	0.0	0.0	0.0	0.0	0.0	0.14413399999999998	0.0	0.0	0.0	0.0	0.0	0.0	0.0	0.0	0.0	0.0	0.0	0.0	0.0	0.0	0.33975099999999997	0.0	0.0	0.0
Sor-ACeb_019-Ex1-3G-lcwgs-1-2-L3-clmp.r1r2_fastp	0.0871671	0.0290557	0.0	0.0	0.0	0.00968523	0.0	0.0	0.0	0.0	0.0	0.0	0.0	0.0	0.0	0.0	0.0	0.0	0.0	0.0	0.0	0.0	0.0290557	0.0	0.0193705	0.0	0.0	0.0	0.0	0.0	0.0	0.0581114	0.0677966	0.0872685	0.0	0.0	0.00974659	0.00977613	0.00980488	0.0	0.0	0.0	0.0	0.0	0.0	0.0	0.0	0.0	0.0	0.0	0.0	0.0	0.0	0.0	0.0	0.0	0.0	0.0	0.0	0.148233	0.0	0.0	0.0	0.0	0.0	0.0	0.0	0.0	0.0	0.0	0.0	0.0	0.0	0.0	0.182098	0.0	0.0	0.0	0.0	0.721855	0.0	0.0	0.0	0.0	0.0	0.0	0.0	0.0	0.34439000000000003	0.0	0.0	0.0	0.0	0.0	0.0	0.0	0.0	0.19112300000000002	0.0	0.0	0.0	0.0	0.0	0.0	0.0	0.0	0.0	0.0	0.0	0.0257533	0.0	0.0	0.0	0.0	0.055540099999999995	0.0	0.0	0.0	0.0	0.0	0.0	0.0	0.0	0.0	0.0	0.0	0.0	0.0	0.0	0.0	0.0	0.0	0.0	0.0	0.0	0.0	0.0	0.0	0.0	0.0	0.0	0.0	0.0	0.0	0.0	0.0	0.0	0.0	0.0	0.0
Sor-ACeb_020-Ex1-2G-lcwgs-1-2-L2-clmp.r1r2_fastp	0.180505	0.0128932	0.0	0.0	0.0	0.0	0.0644662	0.0	0.0	0.0	0.0	0.0	0.0386797	0.025786500000000004	0.025786500000000004	0.0	0.0	0.0	0.0	0.0	0.0	0.0	0.0	0.0	0.0644662	0.0	0.0	0.0	0.05157300000000001	0.0	0.0	0.0	0.0	0.0	0.025856499999999998	0.0259168	0.168875	0.0	0.0	0.0	0.0	0.0	0.0	0.0	0.026928800000000003	0.0	0.027352300000000003	0.0	0.0	0.0	0.0	0.0	0.0	0.0	0.0	0.0	0.0	0.07627769999999999	0.0	0.0312207	0.0	0.0	0.0	0.0	0.134161	0.0	0.0	0.0	0.0	0.036264700000000004	0.0	0.0	0.0	0.0	0.0197981	0.0402495	0.061412499999999995	0.0	0.0	0.0	0.0221729	0.0	0.0	0.0	0.0	0.0	0.0	0.051137800000000004	0.0	0.0	0.0	0.0	0.0	0.0286862	0.0	0.0	0.0	0.0	0.0	0.0	0.0	0.0	0.0	0.0	0.0	0.0	0.0	0.0365497	0.0	0.0	0.0	0.0	0.0	0.0	0.0	0.0	0.0	0.0860215	0.0	0.0	0.0	0.0	0.0	0.0	0.0	0.0	0.0	0.0	0.0	0.0	0.0	0.0	0.0	0.0	0.0	0.0	0.0	0.0	0.0	0.0	0.0	0.0	0.0	0.0	0.0	0.0	0.07062149999999999	0.0	0.0	0.0
Sor-ACeb_020-Ex1-2G-lcwgs-1-2-L3-clmp.r1r2_fastp	0.0959808	0.0359928	0.0	0.0	0.0	0.0119976	0.0	0.0	0.0	0.0	0.0	0.0	0.0	0.0	0.0	0.0	0.0	0.0	0.0	0.0	0.0	0.0	0.0	0.0	0.0359928	0.0	0.0	0.0	0.0	0.0	0.0	0.0839832	0.0479904	0.012012	0.0	0.0	0.0	0.0363548	0.0	0.0	0.0	0.0	0.0	0.0	0.0	0.0	0.0	0.0	0.0	0.0	0.0	0.0	0.0	0.0	0.0	0.0	0.0	0.0	0.0	0.0720046	0.0	0.0	0.0	0.0	0.0	0.0	0.0	0.0	0.0	0.0	0.0	0.0	0.0	0.0	0.37947200000000003	0.0	0.0	0.0	0.0	0.475059	0.0	0.0	0.0	0.0	0.0	0.0	0.0	0.0	0.32649300000000003	0.0	0.0	0.0	0.0	0.0	0.0	0.0	0.0	0.22026400000000002	0.0	0.028677900000000003	0.0	0.0	0.0	0.0	0.0	0.0	0.0	0.033079700000000004	0.0	0.0	0.0	0.0	0.0	0.0	0.22539399999999998	0.0	0.0	0.0	0.0	0.0	0.0	0.0427899	0.0	0.0	0.0	0.0	0.0	0.0	0.0	0.0	0.0	0.0	0.0	0.0	0.0	0.0	0.0	0.0	0.0	0.0	0.0	0.0	0.0	0.0	0.0	0.0	0.0	0.0	0.0	0.0
Sor-ACeb_021-Ex1-4G-lcwgs-1-2-L2-clmp.r1r2_fastp	0.22865899999999997	0.0	0.0	0.0	0.0	0.0	0.0762195	0.0	0.0	0.0	0.0	0.0	0.304878	0.0	0.0	0.0	0.0	0.0	0.0	0.0	0.0	0.0	0.0	0.0	0.0762195	0.0	0.0	0.0	0.152439	0.0	0.0	0.0	0.0	0.0	0.0	0.0	0.07656969999999999	0.0	0.0	0.0	0.0	0.0	0.0	0.0	0.0	0.0	0.320256	0.0	0.0	0.0	0.0	0.0	0.0	0.0	0.0	0.0	0.0	0.269058	0.0	0.0919963	0.0	0.0	0.0	0.0	0.0985222	0.0	0.0	0.0	0.0	0.106952	0.0	0.0	0.0	0.0	0.0	0.0	0.0	0.0	0.0	0.0	0.0	0.0	0.0	0.0	0.0	0.0	0.0	0.0	0.0	0.0	0.0	0.0	0.0	0.0	0.0	0.0	0.0	0.0	0.0	0.0	0.0	0.0	0.0	0.0	0.0	0.0	0.0	0.0	0.0	0.0	0.0	0.0	0.0	0.0	0.0	0.0	0.0	0.318471	0.0	0.0	0.0	0.0	0.0	0.0	0.0	0.0	0.0	0.0	0.0	0.0	0.0	0.43859600000000004	0.0	0.0	0.0	0.0	0.0	0.0	0.0	0.0	0.0	0.0	0.0	0.0	0.0	0.0	0.0	0.0	0.0	0.0
Sor-ACeb_021-Ex1-4G-lcwgs-1-2-L3-clmp.r1r2_fastp	0.088968	0.0	0.0	0.0	0.0	0.0	0.0	0.0	0.0	0.0	0.088968	0.0	0.0	0.0	0.0	0.0	0.0	0.0	0.0	0.0	0.0	0.0	0.0	0.0	0.0	0.0	0.0	0.088968	0.0	0.088968	0.0	0.0	0.0	0.0890472	0.0	0.0	0.0	0.0	0.0	0.0	0.0	0.0	0.0	0.0	0.0	0.0	0.0	0.0	0.0	0.0	0.0	0.0	0.0	0.0	0.0	0.0	0.0	0.0	0.0	0.113895	0.0	0.0	0.0	0.0	0.0	0.0	0.0	0.0	0.0	0.0	0.0	0.0	0.0	0.0	0.155521	0.0	0.0	0.0	0.0	0.171527	0.0	0.0	0.0	0.0	0.0	0.0	0.0	0.0	0.221239	0.0	0.0	0.0	0.0	0.0	0.0	0.0	0.0	0.0	0.0	0.0	0.0	0.0	0.0	0.0	0.0	0.0	0.0	0.0	0.0	0.0	0.0	0.0	0.0	0.0	0.8298760000000001	0.0	0.0	0.0	0.0	0.0	0.0	0.0	0.0	0.0	0.0	0.0	0.0	0.0	0.0	0.0	0.0	0.0	0.0	0.0	0.0	0.0	0.0	0.0	0.0	0.0	0.0	0.0	0.0	0.0	0.0	0.0	0.0	0.0	0.0	0.0
Sor-ACeb_022-Ex1-5G-lcwgs-1-2-L2-clmp.r1r2_fastp	0.207062	0.00739508	0.0	0.0	0.0	0.0	0.0813459	0.0	0.0	0.0	0.0	0.0	0.0665557	0.00739508	0.0	0.0110926	0.0	0.0	0.0	0.0	0.0	0.0	0.0	0.00369754	0.0776484	0.0	0.0	0.0	0.07025329999999999	0.0	0.00369754	0.0	0.0	0.0	0.033351900000000004	0.0037104399999999997	0.18595	0.0	0.0	0.0	0.0	0.00377644	0.0	0.0	0.00766901	0.0	0.0543626	0.0	0.0	0.0	0.00801346	0.0	0.0	0.0	0.0	0.0	0.0	0.126246	0.0	0.0849618	0.0	0.0	0.0	0.00951565	0.42600600000000005	0.0	0.0	0.0	0.00520969	0.19657799999999997	0.0	0.0	0.0	0.0	0.0177746	0.0	0.018653199999999998	0.0	0.0	0.0	0.034492300000000004	0.00706714	0.0	0.0	0.0	0.0	0.0	0.0	0.0	0.0	0.0	0.0	0.0	0.0	0.0	0.0	0.0	0.0	0.0	0.0	0.0	0.0	0.0	0.0	0.0	0.0	0.0	0.0235682	0.0	0.0	0.0	0.0	0.0	0.0	0.0	0.0	0.0	0.0810811	0.0	0.0	0.0	0.0	0.0	0.0	0.0	0.0	0.0	0.0	0.0	0.0	0.0	0.0159084	0.0	0.0	0.0	0.0	0.0	0.0	0.0	0.0	0.0	0.0	0.0	0.0	0.0	0.0	0.246259	0.0	0.0	0.0
Sor-ACeb_022-Ex1-5G-lcwgs-1-2-L3-clmp.r1r2_fastp	0.0638774	0.0	0.0	0.0	0.0	0.00399233	0.0	0.0	0.0	0.00399233	0.0159693	0.0	0.0	0.0	0.0	0.0	0.0	0.0	0.0	0.0	0.0	0.0	0.0	0.0	0.0159693	0.0	0.0	0.0159693	0.0	0.0159693	0.0	0.047908	0.027946299999999997	0.0279754	0.004001279999999999	0.0	0.0	0.016091400000000002	0.0	0.0	0.0	0.0	0.0	0.0	0.0	0.0	0.0	0.0	0.0	0.0	0.0	0.0	0.0	0.0	0.0	0.0	0.0	0.0	0.0	0.27719099999999997	0.0	0.0	0.0	0.014875000000000001	0.0050236099999999995	0.0	0.0	0.0	0.0	0.0	0.0110834	0.0	0.0	0.0	0.306325	0.0	0.0	0.0	0.0	0.45042099999999996	0.0	0.0	0.0	0.0	0.0	0.0	0.0	0.0	0.473111	0.0	0.0	0.0	0.0	0.0	0.0	0.0	0.0	0.17768599999999998	0.0	0.0	0.0	0.0	0.0	0.0	0.0	0.0	0.0	0.0	0.0	0.0113148	0.0	0.0	0.0	0.0	0.230303	0.0	0.0	0.0	0.0	0.0	0.0	0.0	0.0	0.0	0.0	0.0	0.0	0.0	0.0	0.0	0.0	0.0	0.0	0.0	0.0	0.0	0.0	0.0	0.0	0.0	0.0	0.0	0.0	0.0	0.0	0.017358099999999998	0.0	0.0	0.0	0.0
Sor-CPnd_001-Ex1-3E-lcwgs-1-2-L2-clmp.r1r2_fastp	0.22821999999999998	0.011685	0.0	6.601690000000001e-05	0.0	0.0	0.173822	0.00217856	0.000330084	0.000132034	0.000660169	0.0	0.06852549999999999	0.012609200000000001	0.00231059	0.0109588	0.0	0.0	0.0	0.0	0.000462118	0.000462118	0.00132034	0.00211254	0.108136	0.0	0.0	6.601690000000001e-05	0.133684	6.601690000000001e-05	0.00765796	0.000726186	0.0050833	0.0010570199999999999	0.038352	0.010128	0.246034	0.0	0.0	0.0	0.0	0.00200706	0.00134136	0.00208486	0.0134911	0.00040604899999999996	0.0665491	0.0	0.0	6.86982e-05	0.0059327	0.0	0.0	0.0	0.0	0.0	0.00241578	0.24996100000000002	0.0	0.149005	0.000363958	0.0	0.0	0.0646289	0.24404399999999998	0.0	0.0	0.00038263500000000004	0.00917946	0.33899999999999997	0.000627324	0.0	0.0	0.00040246899999999997	0.0823644	0.00311586	0.013331199999999998	0.0023416599999999997	8.448840000000001e-05	0.0	0.138857	0.0134206	0.0	0.0	0.0	0.0	0.00211464	0.006787189999999999	0.0	0.008744720000000001	0.0	0.00116682	0.0	0.0336235	0.0	0.000203609	0.0	0.000104139	0.0	0.0	0.0	0.00152512	0.0	0.000222939	0.0020299	0.0	0.00069261	0.0115628	0.007798579999999999	0.0	0.0	0.0	0.000123872	0.0	0.0	0.0	0.0	0.24071499999999998	0.0	0.0	0.0	0.0	0.0	0.0119352	0.00431651	0.0	0.0	0.00149672	0.0	0.0	0.0	0.13548200000000002	0.0	0.00016237100000000002	0.0029629400000000003	0.0	0.00660511	0.00034385300000000003	0.006459	0.000532238	0.0	0.0	0.0	0.0	0.0	0.0019522699999999999	0.302398	0.0	0.0	0.0
Sor-CPnd_001-Ex1-3E-lcwgs-1-2-L3-clmp.r1r2_fastp	0.0955628	0.0170591	0.0	0.0	0.000789775	0.0304853	0.0	0.0035539900000000004	0.0014216	0.00663411	0.0135052	0.0	0.0	0.0	0.0	0.0	0.0	0.0	0.0	0.0	0.0	0.0	0.012794400000000001	0.0036329699999999997	0.013347200000000002	0.0	0.000789775	0.007739800000000001	0.0	0.007739800000000001	0.0	0.0453331	0.052125200000000003	0.0922392	0.00443056	0.000158427	0.00563234	0.00945626	0.0023884500000000003	0.0	0.0	0.0	0.00048251699999999996	0.0075834200000000004	0.0	0.00113735	0.0	0.0	0.0	0.0	0.0	0.0	0.0	0.0	0.0	0.0	0.000258208	0.0	0.0	0.140917	0.0	0.0	0.0	0.007980220000000001	0.012986399999999999	0.0	0.0	0.00347607	0.0	0.000382975	0.00299739	0.0	0.0	0.0	0.15601199999999998	0.00112167	0.000103124	0.000208643	0.0	0.618393	0.000649004	0.00284713	0.0	0.0	0.0	0.00011501899999999999	0.000814974	0.000353543	0.315996	0.0	0.0	0.000742956	0.0	0.0	0.0	0.0	0.0	0.173582	0.0	0.0005460899999999999	0.0	0.0	0.0	0.0024319199999999997	0.0	0.0	0.0031122199999999997	0.00029992500000000004	0.0016693300000000001	0.00921663	0.0	0.0	0.0	0.0	0.156013	0.000165267	0.00301205	0.013383599999999999	0.0	0.0	0.0	0.00320694	0.00288746	0.0	0.0	0.000187736	0.0	0.0017354999999999998	0.0	0.0017829099999999997	0.00080329	0.000407276	0.0018588900000000002	0.0020954700000000003	0.0	0.0	0.0013132999999999999	0.0	0.00067745	0.0	0.00023346699999999998	0.0007135350000000001	0.00434947	0.004166840000000001	0.011198	0.00885466	0.0146535	0.00863488	0.0	0.0
Sor-CPnd_002-Ex1-5E-lcwgs-1-2-L2-clmp.r1r2_fastp	0.180645	0.0115521	0.0	0.0	0.0	0.0	0.07578700000000001	0.00114252	0.00012694600000000001	0.0	0.00012694600000000001	0.0	0.0554756	0.0110443	0.0015233599999999999	0.00825152	0.0	0.0	0.00012694600000000001	0.0	0.0015233599999999999	0.000507786	0.00101557	0.00139641	0.0839116	0.0	0.0	0.0	0.0926709	0.0	0.00291977	0.000761678	0.0016503000000000002	0.001908	0.023338499999999998	0.0111295	0.193491	0.0	0.0	0.0	0.0	0.000791478	0.0011956900000000001	0.0036146399999999997	0.0140381	0.00122555	0.0474157	0.0	0.0	0.0	0.00472505	0.0	0.0	0.0	0.0	0.0	0.000615888	0.134961	0.0	0.0667148	0.0008133230000000001	0.0	0.0	0.012414199999999998	0.43323199999999995	0.0	0.0	0.0009056860000000001	0.00828627	0.168521	0.000380847	0.0	0.0	0.0	0.0114411	0.0016640300000000002	0.013560699999999998	0.0034543399999999998	0.0	0.0	0.0667113	0.00605149	0.0	0.0	0.0	0.0	0.000762862	0.00387971	0.0	0.00455159	0.0	0.0005534030000000001	0.0	0.0243122	0.0	0.0	0.0	0.0	0.0	0.0	0.0	0.000321511	0.0	0.000988452	0.0013341499999999999	0.0	0.000683611	0.0138348	0.00560285	0.0	0.0	0.0	0.0	0.0	0.0	0.0	0.0	0.0601323	0.0	0.0	0.0	0.0	0.0	0.0050452	0.00340566	0.0	0.0	0.00044200099999999997	0.0	0.0	0.0	0.0228211	0.0	0.000478884	0.00242747	0.0	0.0029933800000000003	0.0	0.00256918	0.0	0.0	0.0	0.0	0.0	0.0	0.000572577	0.108183	0.0	0.0	0.0
Sor-CPnd_002-Ex1-5E-lcwgs-1-2-L3-clmp.r1r2_fastp	0.086907	0.0171098	0.0	0.0	0.0	0.0181962	0.0	0.00108634	0.000135792	0.008419119999999999	0.0165667	0.0	0.0	0.0	0.0	0.0	0.0	0.0	0.0	0.0	0.0	0.0	0.00597486	0.004481140000000001	0.008690699999999999	0.0	0.00108634	0.0152087	0.000135792	0.0152087	0.0	0.0445399	0.0586623	0.031564100000000005	0.00518219	0.000136756	0.00343051	0.00936629	0.000138339	0.0	0.0	0.0	0.000565978	0.00498672	0.0	0.0017362599999999999	0.0	0.0	0.0	0.0	0.0	0.0	0.0	0.0	0.0	0.0	0.0	0.0	0.0	0.22701599999999997	0.0	0.0	0.0	0.0139211	0.00964508	0.0	0.0	0.00130315	0.0	0.000383052	0.002137	0.0	0.0	0.0	0.247453	0.0	0.00021270000000000002	0.0	0.0	0.381577	0.0	0.00275626	0.0	0.00023661199999999998	0.0	0.0	0.000494474	0.0	0.506685	0.0	0.0	0.000265664	0.0	0.0	0.0	0.0	0.0	0.27265	0.0	0.0	0.0	0.0	0.0	0.000626119	0.0	0.0	0.00260072	0.0	0.0016673699999999998	0.0043890000000000005	0.0	0.0	0.0	0.0	0.26536	0.0	0.0033206200000000003	0.0100909	0.0	0.0	0.0	0.0031492499999999997	0.00199447	0.0	0.0	0.0	0.0	0.00170434	0.0	0.000875618	0.0013318499999999999	0.0	0.00182581	0.0018514900000000001	0.0	0.0	0.00048289100000000005	0.0	0.0	0.0	0.0	0.0	0.00425238	0.0010788899999999999	0.00711623	0.008897539999999999	0.00847764	0.00287535	0.0	0.0
Sor-CPnd_003-Ex1-2B-lcwgs-1-2-L2-clmp.r1r2_fastp	0.07989120000000001	0.00172427	0.0	0.0	0.000191586	0.0	0.049045899999999996	0.0	0.0	0.000191586	0.00038317099999999997	0.0	0.00421488	0.012453099999999998	0.0057475700000000005	0.00842976	0.0	0.0	0.0	0.0	0.000191586	0.0	0.0	0.00153268	0.0199249	0.0	0.0	0.0	0.029887300000000002	0.0	0.00172427	0.000957928	0.000957928	0.0015341	0.00902385	0.00461475	0.101699	0.0	0.0	0.0	0.00019451600000000002	0.00019516300000000002	0.0015669199999999999	0.0027530700000000003	0.016791	0.00019851599999999998	0.00419004	0.0	0.0	0.00020286400000000003	0.00326483	0.0	0.0	0.0	0.0	0.0	0.00042553599999999996	0.0570202	0.0	0.0246194	0.000219702	0.0	0.0	0.0119583	0.0553308	0.0	0.0	0.0	0.00189228	0.0296111	0.0	0.0	0.0	0.0	0.00729578	0.0066143999999999994	0.0144058	0.0052049999999999996	0.0	0.0	0.025302400000000003	0.0021776400000000002	0.0	0.0	0.0	0.0	0.00143421	0.00724323	0.0	0.00266154	0.0	0.000301857	0.0	0.012627	0.0	0.0	0.0	0.0	0.0	0.0	0.0	0.0	0.0	0.0	0.000341132	0.0	0.0	0.014724200000000002	0.0	0.0	0.0	0.0	0.0	0.0	0.0	0.0	0.0	0.0453785	0.0	0.0	0.0	0.0	0.0	0.00448113	0.0	0.0	0.0	0.00254387	0.0	0.0	0.0	0.00309413	0.0	0.0	0.0	0.0	0.00420254	0.0	0.0	0.0	0.0	0.0	0.0	0.0	0.0	0.0	0.112651	0.0	0.0	0.0
Sor-CPnd_003-Ex1-2B-lcwgs-1-2-L3-clmp.r1r2_fastp	0.0701907	0.00435551	0.0	0.0	0.0	0.0035179099999999995	0.0	0.00016752	0.00016752	0.00921358	0.015244299999999999	0.0	0.0	0.0	0.0	0.0	0.0	0.0	0.0	0.0	0.0	0.0	0.007370859999999999	0.00016752	0.0110563	0.0	0.0008375979999999999	0.014071600000000002	0.0	0.014071600000000002	0.0	0.0460679	0.0445602	0.0124071	0.00537074	0.00016805799999999998	0.00016831799999999998	0.011467399999999999	0.0	0.0	0.0	0.0	0.0	0.0018872099999999998	0.0	0.00138381	0.0	0.000174568	0.0	0.0	0.0	0.0	0.0	0.0	0.0	0.0	0.0	0.0	0.0	0.0973757	0.0	0.0	0.0	0.0158857	0.00761784	0.0	0.0	0.0	0.0	0.00040746	0.000205528	0.0	0.0	0.0	0.309561	0.000215456	0.0	0.0	0.0	0.372872	0.0	0.000914742	0.0	0.0	0.0	0.000237765	0.000720279	0.000484898	0.632332	0.0	0.0	0.000504148	0.0	0.0	0.0	0.0	0.0	0.31271	0.0	0.00027251099999999997	0.0	0.0	0.0	0.0	0.0	0.0	0.000291296	0.00029411300000000003	0.0	0.0017983200000000002	0.0	0.0	0.0	0.0	0.338458	0.0	0.00578308	0.0094129	0.0	0.0	0.0	0.00236638	0.00034153	0.0	0.0	0.000352401	0.0	0.00396055	0.0	0.000735773	0.00148829	0.0	0.00228253	0.000384743	0.0	0.0	0.00119461	0.0	0.0	0.0	0.0	0.0	0.0	0.0	0.00220704	0.012521200000000001	0.00588752	0.0009186280000000001	0.0	0.0
Sor-CPnd_004-Ex1-1G-lcwgs-1-2-L2-clmp.r1r2_fastp	0.100401	0.013789	0.0	0.0	0.00014363600000000002	0.0	0.0349993	0.0021066599999999998	4.78786e-05	0.00043090800000000003	0.0012448399999999999	0.0	0.0148424	0.010485399999999999	0.00598483	0.010485399999999999	0.0	0.0	4.78786e-05	0.0	0.000670301	0.0005266649999999999	0.0013884799999999999	0.00354302	0.012783599999999999	0.0	0.0	0.0	0.0173799	0.0	0.00943209	0.0020109	0.00598483	0.000958149	0.00891718	0.014683400000000001	0.304326	0.0	0.0	0.0	0.0	0.00261509	0.0014559899999999999	0.00160548	0.012780399999999999	0.0005381229999999999	0.014378899999999998	0.0	0.0	0.00019843300000000003	0.00612632	0.0	0.0	0.0	0.0	0.0	0.000256314	0.433507	0.0	0.154867	0.000629858	0.0	0.0	0.148234	0.30816200000000005	0.0	0.0	0.000275601	0.011665100000000001	0.432116	0.000451619	0.0	0.0	0.00023164399999999998	0.00753861	0.00749046	0.012026199999999999	0.00168292	0.000242756	0.0	0.287097	0.00237508	0.0	0.0	0.0	0.0	0.0016427400000000002	0.0114864	0.0	0.00115254	0.0	0.00124648	0.0	0.432646	0.0	0.000361707	0.0	0.0	0.0	0.0	0.0	0.0011609399999999998	0.0	0.000633543	0.00128209	0.0	0.00221516	0.010875	0.00966147	0.0	0.0	0.0	0.00044085500000000003	0.0	0.0	0.0	0.0	0.314465	0.0	0.0	0.0	0.0	0.0	0.012884	0.006475689999999999	0.0005206529999999999	0.0007387849999999999	0.00171129	0.0	0.0	0.0	0.00406595	0.0	0.00023228200000000002	0.00400363	0.0	0.00896816	0.00295155	0.006243599999999999	0.000507345	0.0	0.0	0.0	0.0	0.0	0.000976569	0.358478	0.000432289	0.00044138099999999997	0.0
Sor-CPnd_004-Ex1-1G-lcwgs-1-2-L3-clmp.r1r2_fastp	0.0816247	0.0190284	0.0	0.0	0.0022045	0.00475709	0.0	0.000406093	0.000290066	0.0069035799999999994	0.0206527	0.0	5.80133e-05	0.0	0.0	0.0	0.0	0.0	0.0	5.80133e-05	0.0	0.0	0.0112546	0.00464106	0.014445300000000001	5.80133e-05	0.000812186	0.009978289999999999	0.00011602699999999999	0.0100943	0.0	0.0520959	0.060217799999999995	0.031230599999999997	0.0056355	0.000232611	0.00314385	0.013116199999999998	0.00011676199999999999	0.0	0.0	0.0	0.000176551	0.00141601	0.0	0.0015432	0.0	5.97691e-05	0.0	0.0	6.0511500000000005e-05	0.0	0.0	0.0	0.0	0.0	0.000312093	0.0	0.0	0.19317099999999998	0.0	0.0	0.0	0.0100708	0.019435	0.0	0.0	0.00047228099999999996	0.0	0.000411713	0.00228389	0.0	0.000140937	0.0	0.18596400000000002	0.00014508900000000002	0.000293132	0.000296092	7.4787e-05	0.750861	0.00106897	0.003935060000000001	0.0	0.000236421	0.0	0.0	0.0008135919999999999	0.000493531	0.39514600000000005	0.0	0.0	0.0	0.0	0.0	0.0	0.0	0.0	0.20364200000000002	0.0	0.000188388	0.0	0.0	0.0	0.000493727	0.0	0.0	0.00276414	0.00020727	0.00199336	0.00138117	0.0	0.0	0.0	0.0	0.192265	0.0	0.002903	0.01858	0.000119138	0.0	0.0	0.000867696	0.0021353400000000003	0.0	0.0	0.000653962	0.0	0.00134395	0.0	0.000552756	0.00154102	0.0	0.0012973400000000001	0.0029249899999999997	0.0	0.000150515	0.000611105	0.0	0.0	0.0	0.0	0.000331394	0.0	0.00256179	0.013176299999999998	0.0107472	0.013249299999999999	0.0030971700000000002	0.0	0.0
Sor-CPnd_005-Ex1-3D-lcwgs-1-2-L2-clmp.r1r2_fastp	0.218516	0.0122687	0.0	0.0	6.63175e-05	0.0	0.173752	0.000862128	0.000132635	0.000132635	0.0009284450000000001	0.0	0.026527000000000002	0.0107434	0.00258638	0.0079581	0.0	0.0	0.000132635	0.0	0.00039790499999999994	0.000331588	0.000596858	0.00126003	0.12056499999999999	0.0	0.0	0.0	0.132237	6.63175e-05	0.00822337	0.000596858	0.006233850000000001	0.000663422	0.028140800000000004	0.0108235	0.258455	0.0	0.0	0.0	0.0	0.0018683400000000002	0.00100205	0.00207342	0.0133951	0.000268271	0.0255915	0.0	0.0	0.0	0.00446356	0.0	0.0	0.0	0.0	0.0	0.00143902	0.273078	0.0	0.149172	0.00041550699999999996	0.0	0.0	0.056808399999999995	0.255244	0.0	0.0	0.000424908	0.011088500000000001	0.381873	0.000716252	0.0	0.0	0.00014503200000000002	0.08258929999999999	0.00409664	0.0116113	0.00258436	7.42002e-05	0.0	0.14846399999999998	0.0115249	0.0	0.0	0.0	0.0	0.00177956	0.0089465	0.0	0.00865349	0.0	0.0010344	0.0	0.0407395	0.0	0.000244426	0.0	0.0	0.0	0.0	0.0	0.000929044	0.0	0.000769508	0.00120461	0.0	0.00130739	0.0111416	0.00865318	0.0	0.0	0.0	0.000453417	0.000182636	0.0	0.0	0.0	0.267974	0.0	0.0	0.0	0.0	0.0	0.0129737	0.00574526	0.0	0.0	0.0016236900000000001	0.0	0.0	0.0	0.0155403	0.0	0.000106868	0.00280379	0.0	0.00857015	0.00133153	0.00706338	0.0	0.0	0.0	0.0	0.0	0.0	0.00012107900000000001	0.322907	0.0	0.000251615	0.0
Sor-CPnd_005-Ex1-3D-lcwgs-1-2-L3-clmp.r1r2_fastp	0.0895297	0.0191131	0.0	0.0	0.0008382929999999999	0.0175203	0.0	0.00159276	0.0006706349999999999	0.007293150000000001	0.0107302	0.0	0.0	0.0	0.0	0.0	0.0	0.0	0.0	0.0	0.0	0.0	0.012322900000000001	0.00301786	0.0121553	0.0	0.0008382929999999999	0.0042753	0.000167659	0.004359119999999999	0.0	0.052477199999999995	0.056333299999999996	0.058118600000000006	0.00536999	0.000167914	0.00302462	0.00798782	0.000757404	0.0	0.0	8.443139999999999e-05	0.000169084	0.00389441	0.0	0.000509626	0.0	0.0	0.0	0.0	0.0	0.0	0.0	0.0	0.0	0.0	0.000174369	0.0	0.0	0.173737	0.0	0.0	0.0	0.00740964	0.0149665	0.0	0.0	0.00154242	0.0	0.000274642	0.0035867900000000003	0.0	0.0	0.0	0.179871	0.000566019	0.00018972	0.0	0.0	0.676634	0.000582528	0.003516	0.0	9.884600000000001e-05	0.0	0.00010003599999999999	0.00050315	0.00030374	0.366929	0.0	0.0	0.000415117	0.0	0.0	0.0	0.0	0.0	0.18307900000000002	0.0	0.0	0.0	0.0	0.0	0.00123143	0.0	0.0	0.00262576	0.0	0.00127241	0.011179399999999999	0.0	0.0	0.0	0.0	0.164241	0.0	0.0050170200000000005	0.0160257	0.0	0.0	0.0	0.0033046799999999995	0.0038429500000000004	0.0	0.0	0.000262513	0.0	0.00253537	0.0	0.0008144179999999999	0.0013694599999999999	0.0	0.0018122600000000002	0.0012664899999999999	0.000142027	0.0	0.000579103	0.0	0.0008866869999999999	0.0	0.0	0.000613376	0.00170484	0.0031309500000000004	0.00901655	0.0100784	0.0126168	0.00704102	0.0	0.0
Sor-CPnd_006-Ex1-2D-lcwgs-1-2-L2-clmp.r1r2_fastp	0.089477	0.00930801	0.0	0.0	0.000100086	0.0	0.062453800000000004	0.0006005170000000001	0.000300259	0.000100086	0.000700603	0.0	0.013511600000000002	0.015413300000000001	0.00530457	0.0101087	0.0	0.0	0.0	0.0	0.000100086	0.00110095	0.0005004310000000001	0.00230198	0.0291251	0.000100086	0.0	0.0	0.026022399999999998	0.000100086	0.0036031	0.0012010299999999998	0.00200172	0.00140265	0.0140447	0.0120579	0.112458	0.0	0.0	0.0	0.0	0.00143067	0.0010263400000000002	0.00247449	0.0189629	0.000625097	0.0127852	0.0	0.0	0.00021363100000000002	0.0051630800000000004	0.0	0.0	0.0	0.0	0.0	0.00011281	0.048027	0.0	0.0309438	0.0	0.0	0.0	0.0159063	0.0571194	0.0	0.0	0.0	0.00648988	0.032437299999999995	0.000260498	0.0	0.0	0.0	0.0129895	0.0059556999999999995	0.016557	0.00469068	0.0	0.0	0.0248391	0.00509073	0.0	0.0	0.0	0.0	0.000794594	0.00514552	0.0	0.00263358	0.0	0.00050528	0.0	0.015339100000000001	0.0	0.000176245	0.0	0.0	0.0	0.0	0.0	0.000375051	0.0	0.0	0.00193268	0.0	0.000394508	0.0169367	0.00462925	0.00020334599999999997	0.0	0.0	0.0	0.0	0.0	0.0	0.0	0.0399638	0.0	0.0	0.0	0.0	0.0	0.0065832899999999995	0.00142657	0.0	0.0	0.000737019	0.0	0.0	0.0	0.007714619999999999	0.0	0.0	0.0023982499999999998	0.0	0.00409466	0.0	0.00392292	0.000568303	0.0	0.0	0.0	0.0	0.0	0.0	0.115147	0.0	0.0	0.0
Sor-CPnd_006-Ex1-2D-lcwgs-1-2-L3-clmp.r1r2_fastp	0.0728071	0.0206403	0.0	0.0	0.000348359	0.0053124800000000005	0.0	0.000348359	0.000261269	0.00827353	0.0212499	0.0	8.708980000000001e-05	0.0	0.0	0.0	0.0	0.0	0.0	8.708980000000001e-05	0.0	0.0	0.006967180000000001	0.00487703	0.0105379	0.0	0.0018288900000000001	0.0183759	0.000261269	0.0183759	0.0	0.0474639	0.063053	0.0241455	0.00436375	8.74068e-05	0.00402788	0.0112316	8.79518e-05	0.0	0.0	0.000177491	8.907050000000001e-05	0.0023255700000000003	0.0	0.00144473	0.0	0.0	0.0	0.0	0.0	0.0	0.0	0.0	0.0	0.0	0.0	0.0	0.0	0.09657389999999999	0.000200435	0.0	0.0	0.0168827	0.00903967	0.0	0.0	0.000213956	0.0	0.000436637	0.00187491	0.0	0.000225249	0.0	0.30773100000000003	0.000232722	0.00011767	0.00023807100000000002	0.0	0.35007	0.0	0.0017444000000000001	0.0	0.0	0.0	0.0	0.000263056	0.000132946	0.588612	0.0	0.0	0.0	0.0	0.0	0.0	0.0	0.0	0.301373	0.0	0.0006064730000000001	0.0	0.0	0.0	0.000158198	0.0	0.0	0.00261393	0.0004955199999999999	0.0018366300000000001	0.00574032	0.0	0.0	0.0	0.0	0.32898	0.0	0.00400982	0.010505500000000001	0.0	0.0	0.0	0.0005779299999999999	0.0019485400000000001	0.0	0.0	0.0	0.0	0.0012381	0.0	0.0	0.00021384000000000003	0.0	0.000438506	0.0013321	0.0	0.0	0.00023060500000000002	0.0	0.000947755	0.0	0.0	0.0	0.000251371	0.0007637259999999999	0.00748196	0.007064840000000001	0.0079602	0.00242516	0.0	0.0
Sor-CPnd_007-Ex1-1C-lcwgs-1-2-L2-clmp.r1r2_fastp	0.360115	0.012047500000000001	0.0	0.0	0.000130951	0.0	0.298045	0.00144046	0.0	0.000261902	0.0007857060000000001	0.0	0.00903562	0.006809460000000001	0.005238039999999999	0.0108689	0.0	0.0	0.0	0.0	0.0006547549999999999	0.00039285300000000003	0.00104761	0.00104761	0.10593899999999999	0.0	0.0	0.0	0.128725	0.0	0.00969038	0.00170236	0.0058928	0.000786358	0.0970766	0.014578299999999999	0.25645199999999996	0.0	0.0	0.0	0.0	0.0017266	0.0013315199999999999	0.00267042	0.009642359999999999	0.00013436900000000001	0.00862978	0.0	0.0	0.0	0.00547694	0.0	0.0	0.0	0.0	0.0	0.000140754	0.344355	0.0	0.124135	0.00129422	0.0	0.0	0.129779	0.239026	0.0	0.0	0.00044986399999999996	0.00739606	0.334878	0.000458909	0.0	0.0	0.00015614899999999999	0.111013	0.00712684	0.0100491	0.00273224	0.000161934	0.0	0.235737	0.0950859	0.0	0.0	0.0	0.000170903	0.0013783200000000002	0.0135475	0.0	0.101517	0.0	0.000897576	0.0	0.325222	0.0	0.0	0.0	0.0	0.0	0.0	0.0	0.000977861	0.0	0.000597105	0.00200854	0.0	0.00102224	0.012381	0.00541522	0.0	0.0	0.0	0.0	0.0	0.0	0.0	0.0	0.259943	0.0	0.0	0.0	0.0	0.0	0.014419500000000002	0.0024278	0.0	0.0	0.00150128	0.0	0.0	0.0	0.057883800000000006	0.000263486	0.0	0.0024232200000000002	0.0	0.00605332	0.00111273	0.00450273	0.000284848	0.0	0.0	0.0	0.0	0.0	0.0	0.28027	0.0	0.0	0.0
Sor-CPnd_007-Ex1-1C-lcwgs-1-2-L3-clmp.r1r2_fastp	0.0779048	0.0196372	0.0	0.0	0.00112672	0.00659937	0.0	0.00016096	0.0	0.007404180000000001	0.014325500000000001	0.0	0.00016096	0.0	0.0	0.0	0.0	0.0	0.0	0.0	0.0	0.0	0.012233	0.00434593	0.0138426	0.0	0.000965762	0.0069213	0.00016096	0.0069213	0.0	0.0468395	0.05649710000000001	0.0296398	0.00596607	0.0	0.0032333099999999997	0.0105244	0.000162204	0.0	0.0	0.0	0.000327523	0.00164239	0.0	0.0013224600000000001	0.0	0.0	0.0	0.0	0.0	0.0	0.0	0.0	0.0	0.0	0.00017375300000000002	0.0	0.0	0.164847	0.0	0.0	0.0	0.00814256	0.0145658	0.0	0.0	0.0	0.0	0.000376629	0.00265509	0.0	0.000384826	0.0	0.154432	0.000590104	0.000594688	0.000399515	0.000201323	0.630901	0.00143173	0.00391708	0.0	0.00020945	0.0	0.000425851	0.000644164	0.000216497	0.341773	0.0	0.0	0.0008955959999999999	0.0	0.0	0.0	0.0	0.0	0.161951	0.0	0.00024034000000000002	0.0	0.0	0.0	0.000498579	0.0	0.0	0.00205016	0.000258687	0.00026115700000000003	0.021099700000000002	0.0	0.0	0.0	0.0	0.153853	0.0	0.0050787900000000006	0.0125358	0.0	0.0	0.0	0.0011870499999999998	0.00299799	0.0	0.0	0.000309295	0.0	0.00221063	0.0	0.000322568	0.0	0.0	0.0006661159999999999	0.0026934899999999998	0.0	0.0	0.0	0.0	0.00106934	0.0	0.000365477	0.000370633	0.0	0.00303405	0.00882521	0.0101031	0.00943734	0.00517854	0.0	0.0
Sor-CPnd_008-Ex1-1A-lcwgs-1-2-L2-clmp.r1r2_fastp	0.294744	0.011008	0.0	0.0	0.0	0.0	0.224827	0.000518495	7.97684e-05	0.00019942100000000003	0.0008375689999999999	0.0	0.156426	0.008774530000000001	0.00490576	0.0096121	0.0	0.0	0.00011965300000000001	0.0	0.00011965300000000001	7.97684e-05	0.000239305	0.00103699	0.0794494	0.0	0.0	0.0	0.09225219999999999	3.98842e-05	0.006820199999999999	0.00155548	0.00466645	0.000518577	0.0745699	0.012291400000000001	0.171406	0.0	0.0	0.0	0.0	0.0016795300000000003	0.00292052	0.00100069	0.0116943	0.00020036600000000003	0.156466	0.0	4.01545e-05	0.0	0.0043034300000000004	0.0	0.0	0.0	0.0	0.0	0.000525851	0.25434799999999996	0.0	0.15793000000000001	0.000121914	0.0	0.0	0.0938347	0.190948	0.0	0.0	0.000164131	0.00936982	0.260207	0.000742037	0.0	0.0	4.1433199999999995e-05	0.0815575	0.005696639999999999	0.010831	0.00150248	0.000125442	0.0	0.17391600000000002	0.07684919999999999	0.0	0.0	0.0	0.0	0.00178498	0.0102646	0.0	0.0737129	0.0	0.00103145	0.0	0.246386	0.0	0.000216951	0.0	0.0	0.0	0.0	0.0	0.0005286189999999999	0.0	0.00039858199999999997	0.0013321	0.0	0.0016518700000000002	0.0093566	0.00803587	0.0	0.0	0.0	0.000272421	0.0	0.0	0.0	0.0	0.184985	0.0	0.0	0.0	0.0	0.0	0.0112229	0.00442849	0.000236337	0.000379371	0.0037588	0.0	0.0	0.0	0.17413800000000001	9.685660000000001e-05	0.00019442899999999998	0.0034638299999999998	0.0	0.00648933	0.00153056	0.00466191	0.00019937	0.0	0.0	0.0	0.0	0.0	0.000308285	0.20944000000000002	0.00010385300000000001	0.000157169	0.0
Sor-CPnd_008-Ex1-1A-lcwgs-1-2-L3-clmp.r1r2_fastp	0.22317800000000002	0.0113931	0.0	0.0	0.000295376	0.08325389999999999	0.0	0.00033757300000000003	0.00016878599999999998	0.00291157	0.00565434	0.0	0.0	0.0	0.0	0.0	0.0	0.0	0.0	0.0	0.0	0.0	0.00843932	0.00232081	0.00860811	0.0	0.00016878599999999998	0.0012659	0.0	0.0011815	0.0	0.0345168	0.0366688	0.17349900000000001	0.00510774	8.44453e-05	0.0017316000000000002	0.00671726	4.22608e-05	0.0	0.0	4.23124e-05	0.00253997	0.0631944	0.0	0.000296845	0.0	0.0	0.0	0.0	0.0	0.0	0.0	0.0	0.0	0.0	0.0005139000000000001	0.0	0.0	0.09700410000000001	4.30341e-05	0.0	0.0	0.00289502	0.009735770000000001	0.0	0.0	0.00030427300000000003	0.0	0.000130827	0.00183464	0.0	0.0	0.0	0.0987178	8.81445e-05	8.83124e-05	8.84864e-05	4.43309e-05	0.356697	0.000801186	0.0023193099999999998	0.0	0.0	0.0	0.000314899	0.0007213499999999999	0.000316292	0.191882	0.0	0.0	0.0008209779999999999	0.0	0.0	0.0	0.0	0.0	0.0944504	0.0	9.30843e-05	0.0	0.0	0.0	0.000799635	0.0	0.0	0.0017076	0.00014271	0.0009064019999999999	0.0715252	0.0	0.0	0.0	0.0	0.0943988	0.0	0.0018079300000000001	0.0105381	0.0	0.0	0.0	0.00948326	0.0023411400000000002	0.0	0.0	0.000352172	0.00020191899999999998	0.00395079	0.0	0.0011223799999999999	0.000665633	5.13932e-05	0.0009285399999999999	0.0017607	0.0	0.00010436099999999999	0.000209579	0.0	0.0019032600000000002	0.0	0.0	0.00037673	0.0685041	0.0020628900000000004	0.0084495	0.0072873600000000005	0.076254	0.00354422	0.0	0.0
Sor-CPnd_009-Ex1-6A-lcwgs-1-2-L2-clmp.r1r2_fastp	0.30282400000000004	0.00993724	0.0	0.0	4.0231699999999996e-05	0.0	0.23664300000000002	0.000402317	0.00020115900000000002	0.000120695	0.000281622	0.0	0.164306	0.00901191	0.00945446	0.0107821	0.0	0.0	0.0	0.0	0.0007644030000000001	0.000362086	0.00024139	0.00128742	0.0823946	4.0231699999999996e-05	0.0	0.0	0.0946653	4.0231699999999996e-05	0.00450595	0.000281622	0.00229321	0.000684301	0.0824095	0.013705299999999998	0.176649	0.0	0.0	0.0	4.0568e-05	0.0009753590000000001	0.00272828	0.0018771699999999998	0.012065699999999999	0.000532994	0.16397199999999998	0.0	0.0	0.00012441699999999998	0.004909800000000001	0.0	0.0	0.0	0.0	0.0	0.00161668	0.259891	0.0	0.16214499999999998	0.00064922	0.0	0.0	0.09229960000000001	0.182337	0.0	0.0	0.000537376	0.00666212	0.26344799999999996	0.000227519	0.0	0.0	0.0	0.085564	0.0108175	0.010412399999999999	0.00165909	4.7699e-05	0.0	0.163605	0.0779781	0.0	0.0	0.0	0.0	0.00140755	0.013718700000000002	0.0	0.0735717	0.0	0.000416688	0.0	0.25651599999999997	0.0	0.00048290400000000004	0.0	5.44844e-05	0.0	0.0	0.0	0.00011242200000000002	0.0	0.0005140359999999999	0.00155463	0.0	0.0007607369999999999	0.00879055	0.00493771	0.0	0.0	0.0	0.0	0.0	0.0	0.0	0.0	0.182856	0.0	0.0	0.0	0.0	0.0	0.00786152	0.0028044000000000003	0.000138049	0.000417988	0.00253113	0.0	0.0	0.0	0.174998	0.0	0.00014893399999999998	0.00263211	0.0	0.00352957	0.0	0.00297795	0.00047543499999999996	0.0	0.0	0.0	0.0	0.0	0.00033886999999999996	0.228912	0.0	0.0	0.0
Sor-CPnd_009-Ex1-6A-lcwgs-1-2-L3-clmp.r1r2_fastp	0.22873	0.012871200000000001	0.0	0.0	0.000163964	0.0839496	0.0	0.00122973	0.000573874	0.00422207	0.006189640000000001	0.0	4.0991e-05	0.0	0.0	0.0	0.0	0.0	0.0	4.0991e-05	0.0	0.0	0.005410809999999999	0.00233649	0.007993239999999999	4.0991e-05	0.000368919	0.00438604	4.0991e-05	0.00442703	0.0	0.0283248	0.0396793	0.177542	0.00488379	0.000123223	0.00193236	0.00810887	0.000494607	0.0	0.0	0.0	0.00207515	0.0704999	4.16931e-05	0.00112863	0.0	0.0	0.0	0.0	4.24327e-05	0.0	0.0	0.0	4.3056299999999996e-05	0.0	4.3408199999999995e-05	0.0	0.0	0.0903693	4.41759e-05	0.0	0.0	0.0051994599999999995	0.00558584	0.0	0.0	0.0009151210000000001	0.0	0.000185023	0.0015815400000000002	0.0	9.409530000000001e-05	0.0	0.0938793	0.000287388	0.000530106	0.00024246699999999998	0.0	0.358165	9.887459999999999e-05	0.00179157	0.0	5.0441499999999995e-05	0.0	0.000153422	0.000566492	5.1860699999999996e-05	0.189172	0.0	0.0	0.000747298	0.0	0.0	0.0	0.0	0.0	0.0977796	0.0	0.00022701900000000002	0.0	0.0	0.0	0.000175824	0.0	0.0	0.00162291	0.000303087	0.0007948149999999999	0.0768973	0.0	0.0	0.0	0.0	0.0957411	0.0	0.00249227	0.006153919999999999	0.0	0.0	0.0	0.00727544	0.00138547	0.0	0.0	7.124819999999999e-05	0.000431618	0.0048666099999999995	0.0	0.00148102	0.0010469	7.5516e-05	0.00167786	0.00200254	0.0	7.85925e-05	0.0007146780000000001	0.0	0.0019466400000000001	0.0	0.0	8.41004e-05	0.0689629	0.000687355	0.00538332	0.00764173	0.075753	0.00215706	0.0	0.0
Sor-CPnd_010-Ex1-1H-lcwgs-1-2-L2-clmp.r1r2_fastp	0.350533	0.013583399999999999	0.0	0.0	0.0	0.0	0.294172	0.00223011	0.0	0.000405475	0.000405475	0.0	0.00973139	0.00547391	0.00466296	0.010136899999999999	0.0	0.0	0.0	0.0	0.00101369	0.00020273699999999998	0.000810949	0.00121642	0.10258500000000001	0.0	0.0	0.0	0.135631	0.00020273699999999998	0.00669033	0.0020273699999999997	0.00466296	0.00121717	0.10334199999999999	0.0152424	0.262667	0.0	0.0	0.0	0.0	0.00205224	0.00123409	0.0024743300000000003	0.00806363	0.000829511	0.00894648	0.0	0.0	0.000210295	0.00527825	0.0	0.0	0.0	0.0	0.0	0.0	0.34832399999999997	0.0	0.121633	0.0011102599999999998	0.0	0.0	0.12368900000000001	0.24514200000000003	0.0	0.0	0.00046468400000000004	0.0086605	0.320731	0.0	0.0	0.0	0.0	0.105401	0.00617752	0.0077240699999999995	0.0017591299999999998	0.000253395	0.0	0.212688	0.0967551	0.0	0.0	0.0	0.0	0.000816562	0.00906613	0.0	0.10445299999999999	0.0	0.000856976	0.0	0.32555599999999996	0.0	0.000297293	0.0	0.0	0.0	0.0	0.0	0.000948767	0.0	0.000323118	0.000980203	0.0	0.00166918	0.00708744	0.00784493	0.0	0.0	0.0	0.000356448	0.0	0.0	0.0	0.0	0.267811	0.0	0.0	0.0	0.0	0.0	0.00890173	0.00409334	0.0	0.0	0.00127243	0.0	0.0	0.0	0.118424	0.0	0.0	0.0036952400000000002	0.0	0.00900081	0.0009601909999999999	0.005839980000000001	0.0	0.0	0.0	0.0	0.0	0.0	0.0	0.262969	0.0	0.00112509	0.0
Sor-CPnd_010-Ex1-1H-lcwgs-1-2-L3-clmp.r1r2_fastp	0.0788491	0.0198378	0.0	0.0	0.0007533349999999999	0.00477112	0.0	0.0	0.0	0.0060266799999999995	0.014815600000000002	0.0	0.0	0.0	0.0	0.0	0.0	0.0	0.0	0.0	0.0	0.0	0.012806699999999999	0.00276223	0.0160712	0.0	0.000251112	0.006277789999999999	0.0	0.006277789999999999	0.0	0.0492179	0.0602668	0.0206058	0.00553278	0.0	0.0020164700000000002	0.0106012	0.000252797	0.0	0.0	0.0	0.000254888	0.00127785	0.0	0.00102856	0.0	0.000258967	0.0	0.0	0.0	0.0	0.0	0.0	0.0	0.000268449	0.000269922	0.0	0.0	0.15655	0.0	0.0	0.0	0.00676443	0.015893	0.0	0.0	0.0	0.0	0.000294392	0.0011871	0.0	0.0	0.0	0.16292399999999999	0.000309438	0.000312186	0.0	0.0	0.610812	0.000647144	0.00424597	0.0	0.0	0.0	0.0	0.000342492	0.000691589	0.326222	0.0	0.0	0.000360066	0.0	0.0	0.0	0.0	0.0	0.160039	0.0	0.0	0.0	0.0	0.0	0.0028612	0.0	0.0	0.0021125199999999997	0.000427418	0.000432244	0.00131177	0.0	0.0	0.0	0.0	0.160245	0.0	0.0042650200000000004	0.0167815	0.0	0.0	0.0	0.00150849	0.00152739	0.0	0.0	0.0005277880000000001	0.0	0.0027028	0.0	0.0	0.0016843499999999998	0.0	0.00115189	0.0011662999999999999	0.0	0.0	0.0006062190000000001	0.0	0.000623018	0.0	0.000641063	0.0	0.0	0.0033471	0.0122142	0.0130832	0.012573099999999999	0.0049622500000000005	0.0	0.0
Sor-CPnd_012-Ex1-5B-lcwgs-1-2-L2-clmp.r1r2_fastp	0.11941600000000001	0.00148959	0.0	0.0	0.0	0.0	0.0508944	0.0	0.0	0.0	0.000248265	0.0	0.0198612	0.0106754	0.000993061	0.00719969	0.0	0.0	0.0	0.0	0.0	0.0	0.0	0.0	0.037488099999999996	0.0	0.0	0.0	0.0707556	0.0	0.00372398	0.00198612	0.00223439	0.00248642	0.017691699999999998	0.0014986399999999999	0.1696	0.0	0.0	0.0	0.0	0.0	0.0007721609999999999	0.00181266	0.012247399999999999	0.000262345	0.0169087	0.0	0.0	0.0	0.0040865499999999996	0.0	0.0	0.0	0.0	0.0	0.0	0.123725	0.0	0.0496225	0.0	0.0	0.0	0.010155299999999999	0.499838	0.0	0.0	0.0	0.00129981	0.147251	0.0	0.0	0.0	0.0	0.0066224	0.00211672	0.0121475	0.003256	0.0	0.0	0.0548165	0.0038003000000000004	0.0	0.0	0.0	0.0	0.000403015	0.0036684699999999996	0.0	0.0016677800000000002	0.0	0.0	0.0	0.016111	0.0	0.0	0.0	0.0	0.0	0.0	0.0	0.0	0.0	0.000955726	0.0	0.0	0.0	0.014323800000000001	0.0	0.0	0.0	0.0	0.0	0.0	0.0	0.0	0.0	0.0558413	0.0	0.0	0.0	0.0	0.0	0.00452368	0.0	0.0	0.0	0.00117253	0.0	0.0	0.0	0.004864729999999999	0.0	0.0	0.000625861	0.0	0.00319336	0.0	0.00065235	0.0	0.0	0.0	0.0	0.0	0.0	0.0	0.12292	0.0	0.0	0.0
Sor-CPnd_012-Ex1-5B-lcwgs-1-2-L3-clmp.r1r2_fastp	0.0766348	0.0068707099999999995	0.0	0.0	0.000264258	0.00528516	0.0	0.00105703	0.0	0.008192	0.0158555	0.0	0.0	0.0	0.0	0.0	0.0	0.0	0.0	0.000264258	0.0	0.0	0.00528516	0.000528516	0.0110988	0.0	0.000528516	0.0147985	0.0	0.0147985	0.0	0.0473022	0.0451881	0.015877799999999997	0.00715785	0.0	0.000799109	0.011753699999999999	0.000536067	0.0	0.0	0.0	0.0	0.0013706299999999999	0.000275696	0.00138627	0.0	0.0	0.0	0.0	0.0	0.0	0.0	0.0	0.0	0.0	0.0	0.0	0.0	0.28434200000000004	0.000309644	0.0	0.0	0.0104882	0.00865698	0.0	0.0	0.0009882040000000001	0.0	0.0	0.00101608	0.0	0.0	0.0	0.270884	0.000355393	0.0	0.0	0.0	0.395542	0.0	0.00075404	0.0	0.0	0.0	0.0	0.000395592	0.000399336	0.5411400000000001	0.0	0.0	0.00041483099999999995	0.0	0.0	0.0	0.0	0.0	0.273891	0.0	0.00044767	0.0	0.0	0.0	0.000463633	0.0	0.0	0.0	0.000479941	0.0	0.00341769	0.0	0.0	0.0	0.0	0.301431	0.0	0.00363176	0.00942241	0.0	0.0	0.0	0.00108475	0.000547381	0.0	0.0	0.0	0.0	0.000573644	0.0	0.0017543199999999998	0.0	0.0	0.0012045299999999999	0.0	0.0	0.0	0.0	0.0	0.000641408	0.0	0.0	0.0	0.0	0.0	0.0	0.00904908	0.0056298	0.0	0.0	0.0
Sor-CPnd_013-Ex1-7F-lcwgs-1-2-L2-clmp.r1r2_fastp	0.280338	0.006763450000000001	0.0	0.00013803	0.0	0.0	0.23257999999999998	0.000690148	0.000276059	0.000276059	0.00110424	0.0	0.162323	0.00703951	0.0053831600000000005	0.010076199999999999	0.0	0.0	0.0	0.0	0.00124227	0.000552119	0.00041408899999999997	0.00262256	0.0796431	0.0	0.0	0.0	0.10310799999999999	0.0	0.00786769	0.0017943899999999999	0.00469301	0.00165843	0.0734871	0.00707053	0.195871	0.0	0.0	0.0	0.0	0.00126792	0.00212073	0.0026964000000000003	0.00940483	0.000429332	0.16304	0.0	0.0	0.000145937	0.00425446	0.0	0.0	0.0	0.0	0.0	0.00045610400000000004	0.260102	0.0	0.156737	0.000936571	0.0	0.0	0.0907411	0.178187	0.0	0.0	0.000657249	0.00480224	0.24064	0.000336428	0.0	0.0	0.0	0.0852393	0.00579101	0.00832015	0.0019647	0.0	0.0	0.161488	0.0735466	0.0	0.0	0.0	0.0	0.000583076	0.010011200000000001	0.0	0.06887399999999999	0.0	0.000612914	0.0	0.23215699999999997	0.0	0.0	0.0	0.0	0.0	0.0	0.0	0.000454118	0.0	0.000696099	0.000938095	0.0	0.000479792	0.00994709	0.00343447	0.0	0.0	0.0	0.000513159	0.0	0.0	0.0	0.0	0.181369	0.0	0.0	0.0	0.0	0.0	0.010771900000000001	0.00206231	0.000298142	0.00030171	0.00122106	0.0	0.0	0.0	0.162431	0.0	0.0	0.00232594	0.0	0.00579102	0.0017249799999999999	0.0031471	0.0	0.0	0.0	0.0	0.0	0.0	0.00115521	0.191581	0.0	0.0012085800000000001	0.0
Sor-CPnd_013-Ex1-7F-lcwgs-1-2-L3-clmp.r1r2_fastp	0.206426	0.0112544	0.0	0.0	0.0011396899999999998	0.0822002	0.0	0.0011396899999999998	0.0005698449999999999	0.00398892	0.011112	0.0	0.0	0.0	0.0	0.0	0.0	0.0	0.0	0.0	0.0	0.0	0.00783537	0.00299169	0.0101148	0.0	0.000427384	0.005413530000000001	0.0	0.00512861	0.0	0.0339058	0.0323387	0.176146	0.0051419199999999995	0.0	0.00229405	0.00905448	0.0	0.0	0.0	0.0	0.0020440799999999998	0.0539366	0.0	0.0013306	0.0	0.0	0.0	0.0	0.0	0.0	0.0	0.0	0.0	0.0	0.00047214399999999997	0.0	0.0	0.09909079999999999	0.0	0.0	0.0	0.00495874	0.010658	0.0	0.0	0.00102299	0.0	0.000519967	0.000699038	0.0	0.0	0.0	0.10326199999999999	0.000547383	0.000184075	0.0	0.0	0.38726	0.0009549239999999999	0.00250634	0.0	0.0	0.0	0.0	0.000405075	0.000409242	0.205492	0.0	0.0	0.0	0.0	0.0	0.0	0.0	0.0	0.0936536	0.0	0.000232304	0.0	0.0	0.0	0.00121436	0.0	0.0	0.00150724	0.000762368	0.00102816	0.0772215	0.0	0.0	0.0	0.0	0.101698	0.0	0.00197458	0.0119872	0.0	0.0	0.0	0.00658281	0.0006055930000000001	0.0	0.0	0.0	0.0006355379999999999	0.00418067	0.0	0.0006592070000000001	0.000667243	0.0	0.00136853	0.0013862199999999999	0.0	0.0	0.0	0.0	0.00147913	0.0	0.0	0.0	0.06858679999999999	0.0019843	0.00804185	0.006930179999999999	0.0863412	0.0041908	0.0	0.0
Sor-CPnd_014-Ex1-1F-lcwgs-1-2-L2-clmp.r1r2_fastp	0.30471	0.007303519999999999	0.0	2.6462e-05	5.2924100000000004e-05	0.0	0.23365999999999998	0.000793861	5.2924100000000004e-05	0.00026462	0.000608627	0.0	0.16864200000000001	0.00987034	0.00444562	0.00936756	0.0	0.0	7.93861e-05	0.0	0.000688013	0.00013231	0.000582165	0.00177296	0.0845197	0.0	0.0	0.0	0.0962159	0.0	0.00701244	0.00185234	0.00481609	0.0008737040000000001	0.0795044	0.00906724	0.187085	0.0	0.0	0.0	0.0	0.0013629500000000001	0.00238312	0.0017442700000000002	0.0120234	0.000431485	0.168581	0.0	0.0	2.7299099999999998e-05	0.00419197	0.0	0.0	0.0	0.0	0.0	0.000618262	0.262382	0.0	0.164815	0.000659752	0.0	0.0	0.0925227	0.18613	0.0	0.0	0.000568404	0.007167809999999999	0.266045	0.00027477	0.0	0.0	9.35904e-05	0.0815271	0.00551013	0.011615100000000001	0.00192946	6.48286e-05	0.0	0.173545	0.0781232	0.0	0.0	0.0	3.43563e-05	0.00100508	0.010244	0.0	0.0760931	0.0	0.000362484	0.0	0.25383900000000004	0.0	0.00018817900000000002	0.0	0.0	0.0	0.0	0.0	0.00031917400000000003	0.0	0.000610597	0.00123365	0.0	0.0010494	0.00882183	0.00539967	0.0	0.0	0.0	0.000134113	0.0	0.0	0.0	0.0	0.18678499999999998	0.0	0.0	0.0	0.0	0.0	0.011000600000000001	0.0033685	0.000258128	0.000522236	0.0027472200000000003	0.0	5.4084999999999995e-05	0.0	0.17264	5.60631e-05	0.000113506	0.00241281	0.0	0.00618436	0.00137211	0.0034458600000000002	0.000122577	0.0	0.0	0.0	0.0	0.0	0.000399754	0.217233	6.85281e-05	0.0	0.0
Sor-CPnd_014-Ex1-1F-lcwgs-1-2-L3-clmp.r1r2_fastp	0.22151200000000001	0.012342599999999999	0.0	0.0	0.00103536	0.0831828	0.0	0.00021797	0.00024521600000000003	0.00446839	0.0108713	0.0	2.7246300000000004e-05	0.0	0.0	0.0	0.0	0.0	0.0	5.44925e-05	0.0	0.0	0.008691560000000001	0.00250666	0.0102718	8.17388e-05	0.000381448	0.0051223	8.17388e-05	0.00520404	0.0	0.0343575	0.037082199999999996	0.18046399999999999	0.00469187	0.00021839700000000003	0.0018854700000000002	0.008753809999999999	0.000109562	0.0	0.0	2.75217e-05	0.00209589	0.06671650000000001	8.311290000000001e-05	0.00102775	0.0	2.79403e-05	2.80321e-05	0.0	2.8234199999999998e-05	0.0	0.0	0.0	2.8707700000000003e-05	2.88413e-05	0.000405716	0.0	0.0	0.0986048	2.9598199999999997e-05	0.0	0.0	0.00590358	0.0110018	0.0	0.0	0.000154518	3.11121e-05	0.000375974	0.00154609	0.0	0.0	0.0	0.09791789999999999	0.000360247	0.000264071	3.32728e-05	6.70835e-05	0.363411	0.000818372	0.0029226200000000003	0.0	0.0	0.0	0.00010679899999999999	0.000682511	0.00021749600000000002	0.19120199999999998	0.0	0.0	0.00037611599999999996	0.0	0.0	0.0	0.0	0.0	0.0993732	0.0	0.000162645	0.0	0.0	0.0	0.000635218	0.0	0.0	0.00117975	0.000176615	0.000580143	0.0763207	0.0	0.0	0.0	0.0	0.0992959	0.0	0.00267782	0.010930800000000001	9.958949999999999e-05	0.0	0.0	0.00690291	0.00171949	0.0	0.0	0.00026974	0.000600406	0.00403129	0.0	0.0013007700000000001	0.0006869420000000001	0.000115889	0.0007626159999999999	0.0014847900000000002	0.0	0.0	0.00037013	0.0	0.00145688	0.0	0.0	0.000198834	0.0674548	0.00156537	0.00765381	0.00643377	0.078272	0.00266258	0.0	0.0
Sor-CPnd_015-Ex1-5F-lcwgs-1-2-L2-clmp.r1r2_fastp	0.17835299999999998	0.012091699999999999	0.0	0.0	0.000215924	0.0	0.0736301	0.000431848	0.000431848	0.000647772	0.000431848	0.0	0.0492307	0.012523600000000001	0.000215924	0.00885288	0.0	0.0	0.0	0.0	0.000431848	0.000647772	0.000215924	0.000863696	0.0857218	0.0	0.0	0.0	0.08226699999999999	0.000215924	0.0036707099999999998	0.000431848	0.00194332	0.0015152	0.019759199999999998	0.00980871	0.17712	0.0	0.0	0.000222769	0.0	0.000678202	0.0009116730000000001	0.0016091299999999998	0.0155484	0.00164084	0.0428668	0.0	0.0	0.0	0.00544223	0.0	0.0	0.0	0.0	0.0	0.000799209	0.129025	0.0	0.058244199999999996	0.000562593	0.0	0.0	0.0102769	0.447146	0.0	0.0	0.000312162	0.00982701	0.158138	0.0	0.0	0.0	0.0	0.0139873	0.00284538	0.0148355	0.00331244	0.0	0.0	0.0488613	0.00591658	0.0	0.0	0.0	0.0	0.00128246	0.00130333	0.0	0.00403051	0.0	0.0	0.0	0.0142468	0.0	0.0	0.0	0.0	0.0	0.0	0.0	0.0	0.0	0.0	0.001632	0.0	0.00278005	0.010118799999999999	0.010220700000000001	0.0	0.0	0.0	0.0	0.0	0.0	0.0	0.0	0.058173	0.0	0.0	0.0	0.0	0.0	0.00334095	0.00607948	0.0	0.0	0.000698251	0.0	0.0	0.0	0.0131724	0.0	0.0	0.00607317	0.0	0.00155625	0.0	0.00399479	0.0	0.0	0.0	0.0	0.0	0.0	0.000879709	0.110622	0.0	0.0	0.0
Sor-CPnd_015-Ex1-5F-lcwgs-1-2-L3-clmp.r1r2_fastp	0.0843661	0.0151309	0.0	0.0	0.000229256	0.0158186	0.0	0.00137553	0.0006877669999999999	0.00481437	0.010775	0.0	0.0	0.0	0.0	0.0	0.0	0.0	0.0	0.0	0.0	0.0	0.00641916	0.00458512	0.00939949	0.000229256	0.000458512	0.010087299999999999	0.0	0.010087299999999999	0.0	0.046309699999999995	0.0577725	0.033777299999999996	0.00391827	0.000462565	0.00301897	0.0107309	0.0	0.0	0.0	0.0	0.000722055	0.0036378499999999998	0.000244563	0.00148037	0.0	0.0	0.0	0.0	0.0	0.0	0.0	0.0	0.0	0.0	0.0	0.0	0.0	0.23098900000000003	0.0	0.0	0.0	0.00872792	0.010366	0.0	0.0	0.0012683999999999998	0.0	0.000651177	0.00132021	0.0	0.0	0.0	0.24841899999999997	0.000353891	0.000358756	0.0	0.0	0.390031	0.000379616	0.00346376	0.0	0.0	0.0	0.0	0.00041153299999999995	0.000417045	0.497777	0.0	0.0	0.0	0.0	0.0	0.0	0.0	0.0	0.275847	0.0	0.000486528	0.0	0.0	0.0	0.00101974	0.0	0.0	0.0005272650000000001	0.000533265	0.000539447	0.00163649	0.0	0.0	0.0	0.0	0.274806	0.0	0.00295297	0.010757200000000001	0.0	0.0	0.0	0.00250269	0.000633	0.0	0.0	0.0	0.0	0.00470398	0.0	0.000688307	0.0020900800000000002	0.0	0.00214246	0.0	0.0	0.0	0.00075101	0.0	0.000771087	0.0	0.0	0.0	0.0024519999999999998	0.000827808	0.00419361	0.008511069999999999	0.011221400000000001	0.00175326	0.0	0.0
Sor-CPnd_016-Ex1-1B-lcwgs-1-2-L2-clmp.r1r2_fastp	0.105423	0.0023538300000000003	0.0	0.0	0.0	0.0	0.0360208	7.13283e-05	0.0	0.000285313	0.000998596	0.0	0.00855939	0.0088447	0.006776180000000001	0.0100573	0.0	0.0	0.0	0.0	7.13283e-05	0.0	0.0	0.0017832100000000001	0.0129104	0.0	0.0	0.0	0.0820275	0.0	0.00627689	0.00135524	0.00449368	0.00107021	0.017272199999999998	0.006069000000000001	0.265889	0.0	0.0	0.0	0.0	0.00028671	0.000932638	0.00222625	0.011574599999999999	0.0	0.00821499	0.0	0.0	0.0	0.00536329	0.0	0.0	0.0	0.0	0.0	7.325949999999999e-05	0.40241	0.0	0.145057	0.000221633	0.0	0.0	0.128852	0.288243	0.0	0.0	0.00022545600000000002	0.0021098899999999997	0.417846	0.0	0.0	0.0	0.0	0.011652800000000001	0.00715172	0.0100277	0.0027084799999999997	0.0	0.0	0.276472	0.004782509999999999	0.0	0.0	0.0	0.0	0.0007176530000000001	0.0106434	0.0	0.0029011500000000003	0.0	0.000162348	0.0	0.39639899999999995	0.0	0.0	0.0	0.0	0.0	0.0	0.0	8.43435e-05	0.0	0.000255055	0.00136593	0.0	0.000430339	0.011495100000000001	0.00086791	0.0	0.0	0.0	0.00017659	0.0	0.0	0.0	0.0	0.282897	0.0	0.0	0.0	0.0	0.0	0.010402499999999999	0.000653342	0.0	0.0	0.0007579349999999999	0.0	0.0	0.0	0.00677441	9.730869999999999e-05	0.000195704	9.840020000000001e-05	0.0	0.0052740700000000005	0.0019025399999999999	0.000503841	0.000608796	0.0	0.0	0.0	0.0	0.0	0.0	0.336026	0.0	0.00032511300000000003	0.0
Sor-CPnd_016-Ex1-1B-lcwgs-1-2-L3-clmp.r1r2_fastp	0.0778032	0.00543445	0.0	0.0	0.000181148	0.00570617	0.0	0.000181148	0.000181148	0.0056156	0.00552502	0.0	0.0	0.0	0.0	0.0	0.0	0.0	0.0	9.05741e-05	0.0	0.0	0.0070647800000000005	0.000271722	0.00887626	0.0	0.0007245929999999999	0.00317009	0.0	0.00317009	0.0	0.0529859	0.0388563	0.0224689	0.00580027	0.0	9.07132e-05	0.009076589999999999	0.0	0.0	0.0	0.0	0.000182256	0.0007298329999999999	9.13333e-05	0.000640089	0.0	0.0	0.0	0.0	0.0	0.0	0.0	0.0	0.0	0.0	0.000186431	0.0	0.0	0.190028	0.0	0.0	0.0	0.0056872400000000005	0.00931409	0.0	0.0	0.000191685	0.0	0.000289222	0.000193392	0.0	0.0	0.0	0.19234300000000001	0.0005896009999999999	0.0	0.0	0.0	0.659845	0.000599839	0.00110344	0.0	0.0	0.0	0.0	0.000408465	0.000922396	0.382856	0.0	0.0	0.000104003	0.0	0.0	0.0	0.0	0.0	0.18143199999999998	0.0	0.00010730599999999999	0.0	0.0	0.0	0.000872657	0.0	0.0	0.000110458	0.00022186299999999999	0.0	0.0035808800000000003	0.0	0.0	0.0	0.0	0.194375	0.0	0.0038128199999999998	0.00951794	0.0	0.0	0.0	0.00165689	0.000118944	0.0	0.0	0.00060386	0.000121407	0.00231906	0.0	0.000493491	0.00136439	0.0	0.0018814	0.000756907	0.0	0.0	0.00038514299999999995	0.0	0.000260138	0.0	0.0	0.0	0.000268234	0.00107943	0.0028514	0.00916127	0.00715786	0.00180274	0.0	0.0
Sor-CPnd_017-Ex1-3G-lcwgs-1-2-L2-clmp.r1r2_fastp	0.0900179	0.0137505	0.0	0.0	0.0	0.0	0.0426906	0.00191868	0.00015989000000000002	0.00015989000000000002	0.0009593380000000001	0.0	0.0190269	0.0102329	0.0023983499999999996	0.0076747099999999995	0.0	0.0	0.0	0.0	0.0009593380000000001	0.00015989000000000002	0.000639559	0.00223846	0.00959338	0.0	0.0	0.0	0.014070299999999999	0.0	0.00799449	0.0009593380000000001	0.0051164700000000006	0.00208036	0.0112125	0.0112265	0.31946	0.0	0.0	0.0	0.0	0.00227331	0.000977211	0.00261457	0.0132841	0.00032927	0.0180203	0.0	0.0	0.0	0.00303345	0.0	0.0	0.0	0.0	0.0	0.0	0.32116100000000003	0.0	0.162236	0.00179798	0.0	0.0	0.0924041	0.30232000000000003	0.0	0.0	0.000952709	0.008460770000000001	0.435346	0.0007837930000000001	0.0	0.0	0.0	0.008972339999999999	0.00329706	0.0110378	0.00252623	0.00021278400000000001	0.0	0.181223	0.00242007	0.0	0.0	0.0	0.00023009	0.0011634500000000001	0.00870828	0.0	0.000963711	0.0	0.00172595	0.0	0.042399099999999995	0.0	0.000516831	0.0	0.00026459899999999996	0.0	0.0	0.0	0.00166405	0.0	0.000568343	0.00115065	0.0	0.00117881	0.012823399999999999	0.006945369999999999	0.0	0.0	0.0	0.0	0.0	0.0	0.0	0.0	0.315591	0.0	0.0	0.0	0.0	0.0	0.0120695	0.00370542	0.000375549	0.000380581	0.0015423499999999998	0.0	0.0	0.0	0.0044814	0.0	0.0	0.00297354	0.0	0.0065543400000000005	0.00221757	0.00540363	0.00228594	0.0	0.0	0.0	0.0	0.0	0.0	0.347063	0.0	0.0	0.0
Sor-CPnd_017-Ex1-3G-lcwgs-1-2-L3-clmp.r1r2_fastp	0.0774892	0.019854200000000002	0.0	0.0	0.00212035	0.00790313	0.0	0.000578278	0.000578278	0.00905968	0.0183121	0.0	0.000192759	0.0	0.0	0.0	0.0	0.0	0.0	0.0	0.0	0.0	0.015806300000000002	0.005590019999999999	0.0185049	0.0	0.00134931	0.0106018	0.000192759	0.0109873	0.0	0.0456839	0.0555146	0.032025700000000004	0.00560184	0.00038683900000000004	0.00426218	0.012615900000000001	0.000388995	0.0	0.0	0.0	0.0	0.0013816500000000001	0.0	0.000994764	0.0	0.000200878	0.0	0.0	0.0	0.0	0.0	0.0	0.0	0.0	0.0008500889999999999	0.0	0.0	0.20202499999999998	0.00021921499999999998	0.0	0.0	0.012596499999999998	0.0136222	0.0	0.0	0.0007006219999999999	0.0	0.0	0.00216637	0.0	0.0	0.0	0.195859	0.000762794	0.0	0.0	0.0	0.777417	0.0016174199999999998	0.00518275	0.0	0.0	0.0	0.000285919	0.00144618	0.000585331	0.40929699999999997	0.0	0.0	0.000307143	0.0	0.0	0.0	0.0	0.0	0.20363799999999999	0.0	0.0	0.0	0.0	0.0	0.0032015	0.0	0.000365033	0.00369749	0.0	0.00227573	0.00192098	0.0	0.0	0.0	0.0	0.193591	0.0	0.0046247400000000004	0.0144815	0.0	0.0	0.0	0.0008990220000000001	0.00227772	0.0	0.0	0.000474291	0.0	0.00243728	0.0	0.0	0.00203404	0.0	0.00261469	0.0015917600000000002	0.0	0.0	0.000554462	0.0	0.0	0.0	0.0	0.00120396	0.0	0.0037231000000000005	0.00881806	0.0134323	0.00845561	0.008604480000000001	0.0	0.0
Sor-CPnd_018-Ex1-1E-lcwgs-1-2-L2-clmp.r1r2_fastp	0.30488	0.0119634	0.0	0.00010634099999999999	0.00010634099999999999	0.0	0.22666600000000003	0.00138244	0.000159512	0.000638047	0.00111658	0.0	0.171156	0.00946436	0.0040941400000000005	0.0120697	0.0	0.0	0.00010634099999999999	0.0	0.00122292	0.000531706	0.00101024	0.00233951	0.0836905	0.0	0.0	0.0	0.09964170000000001	5.3170599999999995e-05	0.00696535	0.00239268	0.00462584	0.00127722	0.0741083	0.011789599999999999	0.18124	0.0	0.0	0.0	0.0	0.00135128	0.0034700699999999996	0.00261151	0.011958799999999999	0.000822323	0.170954	0.0	0.0	0.00011168099999999999	0.00555676	0.0	0.0	0.0	0.0	0.0	0.000813916	0.257233	0.0	0.167211	0.00107525	0.0	0.0	0.09041980000000001	0.182065	0.0	0.0	0.00100755	0.008951589999999999	0.25229100000000004	0.000322751	0.0	0.0	0.00013247	0.0769094	0.0051239400000000004	0.0112263	0.0018539700000000001	6.93006e-05	0.0	0.163337	0.0719471	0.0	0.0	0.0	7.4174e-05	0.0017980499999999998	0.009841009999999999	0.0	0.07812029999999999	0.0	0.000552408	0.0	0.243554	0.0	0.000411967	0.0	8.42049e-05	0.0	0.0	0.0	0.0008800839999999999	0.0	0.00045015400000000003	0.00173064	0.0	0.00223663	0.00886449	0.00801442	0.0	0.0	0.0	0.0008005680000000001	0.0	0.0	0.0	0.0	0.189807	0.0	0.0	0.0	0.0	0.0	0.0112316	0.00533951	0.000117579	0.00095276	0.004462890000000001	0.0	0.00012378	0.0	0.173441	0.0	0.000652306	0.0023800600000000002	0.00026804300000000004	0.00516413	0.00220523	0.0033553400000000005	0.000283766	0.0	0.0	0.0	0.0	0.0	0.000310593	0.22061099999999997	0.00048017899999999996	0.000652354	0.0
Sor-CPnd_018-Ex1-1E-lcwgs-1-2-L3-clmp.r1r2_fastp	0.21987500000000001	0.013441700000000001	0.0	0.0	0.00109282	0.0848027	0.0	0.000163923	0.000163923	0.00622907	0.0110921	0.0	0.000109282	0.0	0.0	0.0	0.0	0.0	0.0	0.0	0.0	0.0	0.0102725	0.0030598900000000004	0.0115292	0.0	0.00060105	0.00644763	0.000109282	0.00639299	0.0	0.031035999999999998	0.0396147	0.180374	0.00410639	0.00016448099999999999	0.0021967199999999997	0.00924436	5.51464e-05	0.0	0.0	0.000111169	0.00161718	0.06407579999999999	0.0	0.00135377	0.0	0.0	0.0	0.0	0.0	0.0	0.0	0.0	0.0	0.0	0.000598904	0.0	0.0	0.0943653	6.15527e-05	0.0	0.0	0.007867279999999999	0.01091	0.0	0.0	6.49779e-05	6.55185e-05	0.0	0.00279882	6.72214e-05	0.000135632	0.0	0.0997169	0.00034847899999999995	0.0013368	0.00014205	0.0	0.373288	0.000584883	0.0020675299999999997	7.45754e-05	0.0	0.0	0.000153758	0.000699084	0.000156988	0.200692	0.0	0.0	0.000655135	0.0	0.0	0.0	0.0	0.0	0.0997365	0.0	8.95136e-05	0.0	0.0	0.0	0.0005625630000000001	0.0	0.0	0.00174868	9.83325e-05	0.000696516	0.0765474	0.0	0.0	0.0	0.0	0.0882202	0.0	0.0030737700000000004	0.00867097	0.000112552	0.0	0.0	0.00701258	0.0029592999999999998	0.0	0.0	0.000246121	0.00012466700000000002	0.00442089	0.0	0.0015564700000000001	0.0007884919999999999	0.000399558	0.000810031	0.00246396	0.0	0.000281389	0.000856218	0.0	0.00102822	0.0	0.0	0.000308414	0.0641876	0.00142837	0.0072451899999999994	0.0067024499999999996	0.07831239999999999	0.0023603599999999997	0.0	0.0
Sor-CPnd_019-Ex1-6G-lcwgs-1-2-L2-clmp.r1r2_fastp	0.10063400000000002	0.0108445	0.0	0.0	7.58359e-05	0.0	0.035112000000000004	0.000682523	0.000227508	0.000303344	0.00037918	0.0	0.0131196	0.00925198	0.0078111	0.00993451	0.0	0.0	0.0	0.0	0.000834195	0.000303344	0.000455016	0.00166839	0.0153947	0.0	0.0	0.0	0.013726299999999999	7.58359e-05	0.00515684	0.000834195	0.00333678	0.0013668200000000001	0.00821364	0.0145541	0.305013	0.0	0.0	0.0	7.725470000000001e-05	0.00100814	0.0011678	0.00242386	0.012017	0.0007892859999999999	0.0113435	0.0	0.0	8.06571e-05	0.00486728	0.0	0.0	0.0	0.0	0.0	0.00075856	0.42867799999999995	0.0	0.146437	0.000779926	0.0	0.0	0.149871	0.300412	0.0	0.0	0.0005479279999999999	0.00892782	0.43783600000000006	0.000280573	0.0	0.0	0.0	0.0043504	0.008775040000000001	0.0106213	0.00327328	0.000100053	0.0	0.29091500000000003	0.00225964	0.0	0.0	0.0	0.0	0.00236044	0.0116896	0.0	0.000991568	0.0	0.000224359	0.0	0.421637	0.0	0.00046536900000000004	0.0	0.0	0.0	0.0	0.0	0.000245996	0.0	0.00075204	0.0010125199999999998	0.0	0.0012901	0.011984	0.007103140000000001	0.0	0.0	0.0	0.000136703	0.0	0.0	0.0	0.0	0.297554	0.0	0.0	0.0	0.0	0.0	0.00702124	0.00508969	0.0	0.0	0.0015916699999999999	0.0	0.0	0.0	0.0038243	0.0	0.000169985	0.00395247	0.0	0.00369254	0.000177956	0.00360437	0.000365067	0.0	0.0	0.0	0.0	0.0	0.000394394	0.37686600000000003	0.0	0.0	0.0
Sor-CPnd_019-Ex1-6G-lcwgs-1-2-L3-clmp.r1r2_fastp	0.0727881	0.0202897	0.0	0.0	0.0005459109999999999	0.00564108	0.0	0.000727881	0.00045492600000000003	0.0079157	0.017196200000000002	0.0	9.09851e-05	0.0	0.0	0.0	0.0	0.0	0.0	9.09851e-05	0.0	0.0	0.0079157	0.00454926	0.0091895	9.09851e-05	0.000727881	0.0138297	9.09851e-05	0.0139207	0.0	0.0432179	0.054863999999999996	0.0252373	0.004380429999999999	0.000182875	0.00357434	0.00937335	0.000460901	0.0	0.0	0.0	0.00046817800000000003	0.0017876600000000002	9.45743e-05	0.00123629	0.0	0.0	0.0	0.0	0.0	0.0	0.0	0.0	0.0	0.0	0.0	0.0	0.0	0.18673599999999999	0.00021101100000000002	0.0	0.0	0.0112353	0.00958653	0.0	0.0	0.000446992	0.0	0.000341087	0.00137646	0.0	0.00011678399999999999	0.0	0.185436	0.00024011199999999998	0.000363526	0.000122277	0.0	0.7369760000000001	0.0	0.0035537200000000002	0.0	0.0	0.0	0.00026333	0.0010628900000000001	0.000134061	0.394746	0.0	0.0	0.00041735300000000003	0.0	0.0	0.0	0.0	0.0	0.188574	0.0	0.00030042	0.0	0.0	0.0	0.000624467	0.0	0.0	0.0027330699999999998	0.00032482999999999996	0.000984218	0.00231902	0.0	0.0	0.0	0.0	0.20027399999999998	0.0	0.00569533	0.00953028	0.0	0.0	0.0	0.00187649	0.00113806	0.0	0.0	0.0	0.0	0.00200323	0.0	0.000819393	0.00144995	0.000418989	0.00190737	0.00257279	0.0	0.00021938699999999998	0.000888198	0.0	0.000455325	0.0	0.0	0.0	0.000481398	0.0009744399999999999	0.00739836	0.014744000000000002	0.006579680000000001	0.00179656	0.0	0.0
Sor-CPnd_020-Ex1-2E-lcwgs-1-2-L2-clmp.r1r2_fastp	0.0895457	0.00977026	0.0	0.0	8.96354e-05	0.0	0.054319000000000006	0.000627448	0.000358541	8.96354e-05	0.00044817699999999996	0.0	0.015327599999999999	0.0124593	0.004571400000000001	0.00994953	0.0	0.0	0.0	0.0	0.000358541	0.000717083	0.000268906	0.00116526	0.026352800000000003	8.96354e-05	0.0	0.0	0.026352800000000003	8.96354e-05	0.0024201599999999998	0.000806718	0.000806718	0.0013456	0.0113142	0.0113276	0.0994822	0.0	0.0	0.0	0.0	0.0010918500000000001	0.00109508	0.00265507	0.0171814	0.000737915	0.0140777	0.0	0.0	0.00028169800000000004	0.00509557	0.0	0.0	0.0	0.0	0.0	0.00039084	0.0427875	0.0	0.031608899999999995	0.000100441	0.0	0.0	0.014587399999999999	0.0565387	0.0	0.0	0.0	0.00610631	0.0304816	0.000109082	0.0	0.0	0.0	0.0132654	0.0051551999999999995	0.0160918	0.00409549	0.000236513	0.0	0.022461000000000002	0.00427051	0.0	0.0	0.0	0.0	0.0017966599999999998	0.00479509	0.0	0.00224749	0.0	0.000404558	0.0	0.0158276	0.0	0.000280783	0.0	0.0	0.0	0.0	0.0	0.00029710800000000003	0.0	0.0	0.0015284100000000002	0.0	0.000779163	0.0179386	0.00571793	0.0	0.0	0.0	0.0	0.000166869	0.0	0.0	0.0	0.0380408	0.0	0.0	0.0	0.0	0.0	0.0044376699999999995	0.00355113	0.0	0.0	0.0011587400000000001	0.0	0.0	0.0	0.0113124	0.0	0.0	0.0018847100000000002	0.0	0.00300525	0.0	0.00286467	0.0006705439999999999	0.0	0.0	0.0	0.0	0.0	0.000243321	0.109301	0.0	0.0	0.0
Sor-CPnd_020-Ex1-2E-lcwgs-1-2-L3-clmp.r1r2_fastp	0.0742471	0.0220361	0.0	0.0	0.0007678089999999999	0.0063728199999999995	0.0	0.000691028	0.000537466	0.00875302	0.015279399999999999	0.0	7.67809e-05	0.0	0.0	0.0	0.0	0.0	0.0	7.67809e-05	0.0	0.0	0.00798522	0.0048372	0.00852268	7.67809e-05	0.00046068499999999996	0.0123617	0.0	0.0125153	0.0	0.0438419	0.0631139	0.0236653	0.00399911	0.0	0.0040855200000000005	0.00872354	0.000231992	0.0	0.0	0.0	0.000312141	0.0022695199999999997	0.0	0.00126044	0.0	7.93636e-05	0.0	0.0	0.0	0.0	0.0	0.0	0.0	0.0	0.0	0.0	0.0	0.0888898	0.0	0.0	0.0	0.013088800000000001	0.00942696	0.0	0.0	0.000624583	0.0	0.00027185299999999996	0.00182718	0.0	9.28757e-05	0.0	0.297866	9.537690000000001e-05	0.00019247700000000003	0.00038851600000000005	0.0	0.343267	0.0	0.00252	0.0	0.000205286	0.0	0.0	0.000844113	0.00010649100000000001	0.587874	0.0	0.0	0.0002212	0.0	0.0	0.0	0.0	0.0	0.288456	0.0	0.000119543	0.0	0.0	0.0	0.000248597	0.0	0.0	0.0033293100000000003	0.000129348	0.00169836	0.0034317299999999996	0.0	0.0	0.0	0.0	0.30124700000000004	0.000140542	0.00582534	0.011493	0.0	0.0	0.0	0.0009004519999999999	0.0012144	0.0	0.0	0.0	0.0	0.00401803	0.0	0.0004937240000000001	0.0	0.000168672	0.000341593	0.00172973	0.0	0.0	0.0	0.0	0.000554627	0.0	0.0	0.000193837	0.00137593	0.0005974929999999999	0.00706275	0.00921076	0.009756929999999999	0.00253129	0.0	0.0
Sor-CPnd_022-Ex1-7C-lcwgs-1-2-L2-clmp.r1r2_fastp	0.363658	0.0123526	0.0	0.000129347	0.000129347	0.0	0.28812	0.0015521600000000001	0.00019402000000000002	0.00058206	0.0016168299999999999	0.0	0.0124173	0.009377640000000001	0.00472115	0.00918362	0.0	0.0	6.46733e-05	0.0	0.000840754	0.000452713	0.00116412	0.00206955	0.106905	0.000129347	0.0	0.0	0.12417299999999999	0.0	0.00847221	0.0023929100000000003	0.00594995	0.0019425299999999998	0.10200299999999998	0.012406599999999999	0.243896	0.0	0.0	6.55879e-05	0.0	0.00264008	0.00112602	0.00226055	0.0124176	0.0005363330000000001	0.0114484	0.0	0.0	0.0	0.00391279	0.0	0.0	0.0	0.0	0.0	0.000283733	0.35664	0.0	0.126357	0.000508505	0.0	0.0	0.122199	0.256477	0.0	0.0	0.000455806	0.00818295	0.346212	0.00124022	0.0	0.0	7.91448e-05	0.10344600000000001	0.00618024	0.011074299999999999	0.00260538	0.0	0.0	0.223915	0.100505	0.0	0.0	0.0	8.63666e-05	0.00156621	0.0106958	0.0	0.09673509999999999	0.0	0.0017166299999999998	0.0	0.332417	0.0	0.000372592	0.0	9.458289999999999e-05	0.0	0.0	0.0	0.000585453	0.0	0.000297372	0.000799252	0.0	0.0012181800000000001	0.0111533	0.0059832	0.0	0.0	0.0	0.000852061	0.0	0.0	0.0	0.0	0.24560300000000002	0.0	0.0	0.0	0.0	0.0	0.0109603	0.004350720000000001	0.00023721000000000001	0.00011961799999999999	0.0010858200000000001	0.0	0.000122751	0.0	0.0656008	0.0	0.0	0.00269599	0.0	0.007455849999999999	0.00264165	0.00560321	0.000404559	0.0	0.0	0.0	0.0	0.0	0.000143641	0.281644	0.0008805960000000001	0.000893571	0.0
Sor-CPnd_022-Ex1-7C-lcwgs-1-2-L3-clmp.r1r2_fastp	0.0808812	0.0182993	0.0	0.0	0.0015843499999999998	0.00839706	0.0	0.000396088	0.000554523	0.007525669999999999	0.0174279	0.0	0.0	0.0	0.0	0.0	0.0	0.0	0.0	0.00015843499999999998	0.0	0.0	0.0124372	0.00483227	0.013546200000000001	7.92176e-05	0.000950611	0.00958533	0.0	0.00958533	0.0	0.0473721	0.05782880000000001	0.0292695	0.00603787	0.00039796	0.00279181	0.00927484	0.0	0.0	0.0	0.0	0.0	0.00154969	0.000163804	0.0009872549999999998	0.0	0.0	0.0	0.0	0.000168736	0.0	0.0	0.0	0.0	0.0	8.73607e-05	0.0	0.0	0.16003	0.0	9.01655e-05	0.0	0.0090469	0.0139837	0.0	0.0	9.38924e-05	0.0	9.523459999999999e-05	0.00335716	0.0	0.0	0.0	0.15801199999999999	0.000198977	0.000601462	0.00010100199999999999	0.000101763	0.5973339999999999	0.00123949	0.00343417	0.0	0.0	0.0	0.000214685	0.0014063	0.000654104	0.31443299999999996	0.0	0.0	0.00022500099999999998	0.0	0.0	0.0	0.0	0.0	0.15504600000000002	0.0	0.0	0.0	0.0	0.0	0.00111586	0.0	0.0	0.00216043	0.000256295	0.0007751829999999999	0.029704900000000003	0.0	0.0	0.0	0.0	0.157212	0.0	0.00387017	0.0144991	0.0	0.0	0.0	0.00129835	0.00291066	0.0	0.0	0.000597899	0.0	0.00152147	0.0	0.0009294160000000001	0.00125066	0.000157777	0.0012738299999999999	0.00337474	0.0	0.000163753	0.000165351	0.0	0.0006749029999999999	0.0	0.0	0.000349588	0.0	0.00392334	0.0113431	0.00909898	0.009746099999999999	0.0065105599999999994	0.0	0.0
Sor-CPnd_024-Ex1-5G-lcwgs-1-2-L2-clmp.r1r2_fastp	0.0901725	0.013525899999999999	0.0	0.0	0.0	0.0	0.0408428	0.00079564	0.0	0.000530427	0.000265213	0.0	0.017504099999999998	0.0079564	0.000265213	0.008486829999999999	0.0	0.0	0.0	0.0	0.00185649	0.0	0.000265213	0.00185649	0.017769300000000002	0.0	0.0	0.0	0.0209519	0.0	0.00477384	0.0010608500000000001	0.00238692	0.00239117	0.0109162	0.0122794	0.198694	0.0	0.0	0.0	0.0	0.0016431800000000002	0.000275456	0.00249448	0.0106031	0.00140525	0.014162899999999999	0.0	0.0	0.0	0.00351872	0.0	0.0	0.0	0.0	0.0	0.0	0.14514	0.0	0.0581388	0.0009806580000000001	0.0	0.0	0.012212200000000001	0.462241	0.0	0.0	0.00107369	0.0105266	0.162758	0.0	0.0	0.0	0.0	0.00514576	0.00120588	0.014693900000000001	0.00165872	0.0	0.0	0.06779629999999999	0.0026484900000000003	0.0	0.0	0.0	0.0	0.000476317	0.006288520000000001	0.0	0.0024887499999999996	0.0	0.0	0.0	0.0173964	0.0	0.0	0.0	0.0	0.0	0.0	0.0	0.0	0.0	0.0	0.00120889	0.0	0.0006177719999999999	0.006245820000000001	0.00946737	0.0	0.0	0.0	0.0	0.0	0.0	0.0	0.0	0.06981580000000001	0.0	0.0	0.0	0.0	0.0	0.0059848	0.0052995	0.0	0.0	0.000784695	0.0	0.0	0.0	0.00329283	0.0	0.0	0.0034200299999999997	0.0	0.004384809999999999	0.0	0.0045047099999999994	0.0	0.0	0.0	0.0	0.0	0.0	0.000996066	0.125284	0.0	0.0	0.0
Sor-CPnd_024-Ex1-5G-lcwgs-1-2-L3-clmp.r1r2_fastp	0.078319	0.0209986	0.0	0.0	0.000567529	0.004824	0.0	0.000567529	0.000283764	0.009931750000000001	0.0181609	0.0	0.0	0.0	0.0	0.0	0.0	0.0	0.0	0.0	0.0	0.0	0.00539152	0.0039727	0.009931750000000001	0.000283764	0.00141882	0.0158908	0.000283764	0.0164583	0.0	0.0476724	0.0649821	0.0187603	0.006835969999999999	0.000856541	0.00314946	0.0129254	0.0	0.0	0.0	0.0	0.0	0.000886357	0.0	0.0017950700000000002	0.0	0.0	0.0	0.0	0.000310792	0.0	0.0	0.0	0.0	0.0	0.0	0.0	0.0	0.26732	0.0	0.0	0.0	0.014846400000000001	0.0082211	0.0	0.0	0.000739995	0.0	0.0015165	0.00153563	0.0	0.0	0.0	0.259778	0.0	0.0	0.0	0.00042588200000000004	0.410724	0.0	0.00531481	0.0	0.0	0.0	0.0	0.0018911800000000001	0.00047890399999999994	0.555467	0.0	0.0	0.0	0.0	0.0	0.0	0.0	0.0	0.301739	0.0	0.0	0.0	0.0	0.0	0.0	0.0	0.0	0.0018235499999999997	0.0	0.0018660699999999998	0.006293579999999999	0.0	0.0	0.0	0.0	0.286093	0.0	0.0054668	0.0124449	0.0	0.0	0.0	0.00362739	0.000734236	0.0	0.0	0.0	0.0	0.00156216	0.0	0.00320428	0.00162273	0.0	0.00249838	0.00168709	0.0	0.0	0.0008783950000000001	0.0	0.0	0.0	0.0	0.0	0.0	0.0	0.00297124	0.00904695	0.00815794	0.00311013	0.0	0.0
Sor-CPnd_026-Ex1-3H-lcwgs-1-2-L2-clmp.r1r2_fastp	0.21727500000000002	0.0130603	0.0	0.0	0.000148412	0.0	0.195162	0.00103889	0.0	0.000148412	0.00163253	0.0	0.00415554	0.00920156	0.00296824	0.00934997	0.0	0.0	0.0	0.0	0.000296824	0.000148412	0.000296824	0.0007420609999999999	0.119027	0.0	0.0	0.0	0.146038	0.0	0.00920156	0.000890473	0.00593649	0.0011879199999999999	0.0329893	0.0114522	0.277655	0.0	0.0	0.0	0.0	0.00209906	0.00105159	0.00195685	0.0110136	0.000604872	0.00363849	0.0	0.0	0.0	0.004755560000000001	0.0	0.0	0.0	0.0	0.0	0.0	0.301603	0.0	0.12551199999999998	0.000319259	0.0	0.0	0.0639843	0.269608	0.0	0.0	0.000331021	0.0114857	0.378724	0.000505302	0.0	0.0	0.00017161	0.0886111	0.0031298899999999998	0.011205999999999999	0.0017631399999999998	0.0	0.0	0.155641	0.0150629	0.0	0.0	0.0	0.0	0.0018845600000000002	0.00797784	0.0	0.006755430000000001	0.0	0.0011767799999999999	0.0	0.0488532	0.0	0.00040549099999999996	0.0	0.0	0.0	0.0	0.0	0.00042611900000000003	0.0	0.000433304	0.00109259	0.0	0.0020008	0.0112102	0.00949928	0.0	0.0	0.0	0.000468777	0.0	0.0	0.0	0.0	0.28223699999999996	0.0	0.0	0.0	0.0	0.0	0.014776500000000001	0.00575889	0.0	0.0	0.00107818	0.0	0.0	0.0	0.00869697	0.0	0.0	0.00318519	0.0	0.00858034	0.0008975939999999999	0.00574958	0.00122518	0.0	0.0	0.0	0.0	0.0	0.0	0.337832	0.0	0.0	0.0
Sor-CPnd_026-Ex1-3H-lcwgs-1-2-L3-clmp.r1r2_fastp	0.07459969999999999	0.018222799999999997	0.0	0.0	0.00151857	0.0022778499999999997	0.0	0.00018982099999999998	0.0	0.006264090000000001	0.012338400000000001	0.0	0.0	0.0	0.0	0.0	0.0	0.0	0.0	0.0	0.0	0.0	0.011958700000000001	0.00398624	0.0100605	0.0	0.00018982099999999998	0.0072132	0.0	0.0072132	0.0	0.0506822	0.0592242	0.0182335	0.00513204	0.0	0.0030470199999999997	0.00552916	0.000190924	0.0	0.0	0.0	0.00019232200000000003	0.0015421	0.0	0.000387496	0.0	0.0	0.0	0.0	0.0	0.0	0.0	0.0	0.0	0.0	0.000403203	0.0	0.0	0.187135	0.0	0.0	0.0	0.00835237	0.0172221	0.0	0.0	0.00021372800000000002	0.0	0.0	0.0023969599999999996	0.0	0.0	0.0	0.186229	0.00022546699999999997	0.00022711499999999998	0.0	0.0	0.708503	0.00140474	0.0035386399999999996	0.0	0.0	0.0	0.000243661	0.0009825909999999999	0.000247716	0.39819499999999997	0.0	0.0	0.000256169	0.0	0.0	0.0	0.0	0.0	0.205652	0.0	0.0	0.0	0.0	0.0	0.00142176	0.0	0.0	0.0017512699999999999	0.0	0.00148576	0.00029991400000000003	0.0	0.0	0.0	0.0	0.21041200000000002	0.0	0.0044817400000000005	0.0155102	0.0	0.0	0.0	0.00235018	0.0016956900000000001	0.0	0.0	0.0	0.0	0.00285292	0.0	0.0007281970000000001	0.0011037	0.0	0.0015033499999999999	0.0011402200000000002	0.0	0.0	0.0	0.0	0.00040233799999999997	0.0	0.0	0.0	0.0	0.0025727	0.00694206	0.00790983	0.010227400000000001	0.006309210000000001	0.0	0.0
Sor-CPnd_027-Ex1-3C-lcwgs-1-2-L2-clmp.r1r2_fastp	0.219741	0.0118887	0.0	7.97897e-05	0.000159579	0.0	0.181761	0.0007978970000000001	0.0	0.0	0.0020745299999999998	0.0	0.00821834	0.0077396	0.00279264	0.009335389999999999	0.0	0.0	0.0	0.0	0.00047873800000000004	0.0	0.000398948	0.00159579	0.12128	0.0	0.0	0.0	0.141946	0.0	0.0102929	0.0007181070000000001	0.00662254	0.00103764	0.0289877	0.0106269	0.267353	0.0	0.0	0.0	0.0	0.0022486399999999997	0.00112568	0.00217367	0.0105611	0.000565184	0.00784427	0.0	0.0	8.12974e-05	0.0046432	0.0	0.0	0.0	0.0	0.0	0.00016516599999999998	0.27308	0.0	0.13086	0.00025042	0.0	0.0	0.0602366	0.268018	0.0	0.0	0.000256193	0.0101996	0.389008	0.000777187	0.0	0.0	0.00017478199999999998	0.08757250000000001	0.00414211	0.00964884	0.00275667	0.000178656	0.0	0.152231	0.0117814	0.0	0.0	0.0	0.0	0.0018590999999999998	0.00859642	0.0	0.00935119	0.0	0.00133691	0.0	0.0418145	0.0	0.00019531	0.0	0.0	0.0	0.0	0.0	0.000808552	0.0	0.00030690000000000003	0.001647	0.0	0.00198028	0.010909	0.00876129	0.000106241	0.0	0.0	0.00108337	0.0	0.0	0.0	0.0	0.278524	0.0	0.0	0.0	0.0	0.0	0.0117174	0.00472275	0.000118965	0.000239758	0.0021749	0.0	0.000122821	0.0	0.0109869	0.0	0.0	0.00358697	0.0	0.0063903499999999995	0.0028963	0.00638102	0.000134328	0.0	0.0	0.0	0.0	0.0	0.000142921	0.32360700000000003	0.0007302760000000001	0.000592758	0.0
Sor-CPnd_027-Ex1-3C-lcwgs-1-2-L3-clmp.r1r2_fastp	0.0883593	0.0168547	0.0	0.0	0.000510747	0.008580550000000001	0.0	0.000408598	0.0	0.00612897	0.01093	0.0	0.0	0.0	0.0	0.0	0.0	0.0	0.0	0.000102149	0.0	0.0	0.0131773	0.00469887	0.0121558	0.0	0.000408598	0.00500532	0.0	0.00510747	0.0	0.058122999999999994	0.0564886	0.0452711	0.00664583	0.0	0.00307127	0.00840167	0.00010255	0.0	0.0	0.0	0.0	0.00134121	0.0	0.000724668	0.0	0.0	0.0	0.0	0.0	0.0	0.0	0.0	0.0	0.0	0.000212463	0.0	0.0	0.179061	0.0	0.0	0.0	0.00717342	0.013636200000000001	0.0	0.0	0.00033118000000000004	0.0	0.000333979	0.0026833	0.0	0.0	0.0	0.18149500000000002	0.000343286	0.00011498899999999999	0.00011557700000000001	0.0	0.713353	0.00187811	0.00306812	0.0	0.0	0.0	0.000120597	0.00109128	0.00024392400000000002	0.372936	0.0	0.0	0.000374287	0.0	0.0	0.0	0.0	0.0	0.193046	0.0	0.000130877	0.0	0.0	0.0	0.0018774	0.0	0.0	0.00273355	0.00013756	0.00110768	0.0101742	0.0	0.0	0.0	0.0	0.18828	0.0	0.00438685	0.0145821	0.0	0.0	0.0	0.00166924	0.0030583200000000002	0.0	0.0	0.00015655900000000002	0.0	0.00143199	0.0	0.000647053	0.00146841	0.0	0.0024907799999999997	0.0025126	0.0	0.0	0.0008607290000000001	0.0	0.00122847	0.0	0.0	0.00090881	0.0	0.00296648	0.009361580000000001	0.00984204	0.011472300000000001	0.00541646	0.0	0.0
Sor-CPnd_028-Ex1-3A-lcwgs-1-2-L2-clmp.r1r2_fastp	0.213747	0.0104465	0.0	6.25539e-05	0.0	0.0	0.16176400000000002	0.00100086	0.000125108	0.0	0.00106342	0.0	0.0492299	0.0105716	0.00287748	0.00988352	0.0	0.0	0.0	0.0	0.0005004310000000001	0.000187662	0.000750647	0.00212683	0.10990699999999999	0.0	0.0	0.0	0.131676	0.0	0.00950819	0.000688093	0.00650561	0.00093871	0.031682	0.009272569999999999	0.244838	0.0	0.0	0.0	6.29635e-05	0.00214387	0.0010735500000000002	0.00234046	0.0134335	0.0005714030000000001	0.047017	0.0	0.0	0.0	0.00526819	0.0	0.0	0.0	0.0	0.0	0.00287938	0.24934699999999999	0.0	0.141437	0.00026563	0.0	0.0	0.0550577	0.244495	0.0	0.0	0.000136917	0.00873651	0.349555	0.000486402	0.0	0.0	0.00021180599999999998	0.0763066	0.00385504	0.012709400000000001	0.00195002	0.0	0.0	0.134013	0.0111778	0.0	0.0	0.0	0.0	0.00175805	0.00838532	0.0	0.00841897	0.0	0.000948108	0.0	0.0381236	0.0	0.00024352399999999998	0.0	0.0	0.0	0.0	0.0	0.00101371	0.0	0.0005992279999999999	0.00172393	0.0	0.0014854999999999998	0.010645	0.00797283	0.0	0.0	0.0	0.000364384	0.000275243	0.0	0.0	0.0	0.254022	0.0	0.0	0.0	0.0	0.0	0.0121539	0.00617461	0.000100364	0.00020227199999999998	0.00101949	0.0	0.00010362699999999999	0.0	0.11987099999999999	0.0	0.000214201	0.00270043	0.0	0.007804040000000001	0.00110925	0.006607	0.000678621	0.0	0.0	0.0	0.0	0.0	0.00036041100000000004	0.291502	0.000858489	0.000124389	0.0
Sor-CPnd_028-Ex1-3A-lcwgs-1-2-L3-clmp.r1r2_fastp	0.09495719999999999	0.0167346	0.0	0.0	0.000614113	0.0211869	0.0	0.0029938	0.0016120499999999999	0.00683201	0.012896399999999999	0.0	0.0	0.0	0.0	0.0	0.0	0.0	0.0	7.67641e-05	0.0	0.0	0.0124358	0.00307056	0.0122055	0.0	0.00038382099999999996	0.0060643699999999995	0.0	0.0060643699999999995	0.0	0.0464423	0.050280500000000006	0.071348	0.0038421199999999997	7.68988e-05	0.00461798	0.00963046	0.00215967	0.0	0.0	0.0	0.000465634	0.00427687	0.0	0.0007811420000000001	0.0	0.0	0.0	0.0	0.0	0.0	0.0	0.0	0.0	0.0	0.00024314499999999998	0.0	0.0	0.158579	8.25141e-05	0.0	0.0	0.00770637	0.0154086	0.0	0.0	0.00291044	0.0	0.000259857	0.0031375199999999995	0.0	0.0	0.0	0.153079	0.000810199	0.00018131400000000002	0.0	0.0	0.6208950000000001	0.0009331799999999999	0.00300862	0.0	0.0	0.0	9.682319999999999e-05	0.000780177	0.000491182	0.322915	0.0	0.0	0.000404635	0.0	0.0	0.0	0.0	0.0	0.166126	0.0	0.00010716700000000001	0.0	0.0	0.0	0.00143167	0.0	0.0	0.00146205	0.00011326200000000001	0.000342184	0.00953472	0.0	0.0	0.0	0.0	0.157346	0.0	0.00531961	0.0148596	0.000122726	0.0	0.0	0.00188307	0.00265717	0.0	0.0	0.000129534	0.000130583	0.00329083	0.0	0.000802837	0.000944509	0.00013608699999999999	0.00123558	0.00152345	0.0	0.0	0.000142182	0.0	0.0007245999999999999	0.0	0.0	0.0010493500000000001	0.0031788999999999997	0.0033602000000000003	0.0107917	0.00981272	0.017146500000000002	0.0068385600000000005	0.0	0.0
Sor-CPnd_029-Ex1-8E-lcwgs-1-2-L2-clmp.r1r2_fastp	0.236836	0.012908099999999999	0.0	0.000172684	4.3171e-05	0.0	0.188744	0.0016405	8.6342e-05	0.000604394	0.000906591	0.0	0.078528	0.0109654	0.00513735	0.009842980000000001	0.0	0.0	4.3171e-05	0.0	0.00120879	0.000172684	0.00116562	0.00211538	0.10879100000000001	0.0	0.0	0.0	0.12083599999999999	4.3171e-05	0.00759809	0.00220172	0.00405807	0.00112351	0.041921200000000006	0.0148171	0.234971	0.0	0.0	0.0	0.0	0.00188953	0.00163121	0.0021680700000000002	0.0131917	0.000847375	0.0747073	0.0	0.0	0.00022710500000000002	0.00506697	0.0	0.0	0.0	0.0	0.0	0.00047190000000000003	0.259713	0.0	0.158566	0.00125816	0.0	0.0	0.0770287	0.244543	0.0	0.0	0.0009147539999999999	0.0108559	0.351795	0.000468024	0.0	0.0	0.000479495	0.0904607	0.00650058	0.012511999999999999	0.00198376	0.000166745	0.0	0.149291	0.0202639	0.0	0.0	0.0	0.0	0.00149416	0.0104361	0.0	0.0140799	0.0	0.000877302	0.0	0.0598409	0.0	0.00026032400000000004	0.0	0.0	0.0	0.0	0.0	0.00096032	0.0	0.0005582489999999999	0.0016188399999999999	0.0	0.00179001	0.0113372	0.00953987	0.0	0.0	0.0	0.00045211	0.0	0.0	0.0	0.0	0.24275400000000003	0.0	0.0	0.0	0.0	0.0	0.0115379	0.0057801	0.0	8.5342e-05	0.00146444	0.0	0.000175634	0.0	0.13979699999999998	0.000180941	9.14256e-05	0.00314006	0.0	0.00669689	0.00171624	0.00501514	0.000683217	0.0	0.0	0.0	0.000102444	0.0	0.000838061	0.289295	0.000322123	0.000436807	0.0
Sor-CPnd_029-Ex1-8E-lcwgs-1-2-L3-clmp.r1r2_fastp	0.119597	0.017885599999999998	0.0	0.0	0.00195303	0.0376215	0.0	0.000411164	0.000308373	0.00663002	0.016395200000000002	0.0	5.13955e-05	0.0	0.0	0.0	0.0	0.0	0.0	5.13955e-05	0.0	0.0	0.0107417	0.00416304	0.0119752	5.13955e-05	0.0007709329999999999	0.0077607200000000005	0.0	0.007555139999999999	0.0	0.0443543	0.0502648	0.106096	0.0044824	5.16064e-05	0.0034644100000000002	0.00984725	0.00036374	0.0	0.0	0.000262312	0.000526613	0.0167618	0.000106221	0.00128071	0.0	0.0	0.0	0.0	0.0	0.0	0.0	0.0	0.0	0.0	0.000342196	0.0	0.0	0.14647	0.00023506099999999998	0.0	0.0	0.00872971	0.0162704	0.0	0.0	0.000374051	0.0	0.000127007	0.00243584	0.0	0.0	0.0	0.155214	0.000606299	0.000952864	0.00013756800000000002	0.000208572	0.589496	0.000781398	0.0034471899999999997	0.0	7.34303e-05	0.0	0.000300294	0.00113868	0.00038375299999999997	0.315252	0.0	0.0	0.000722215	0.0	0.0	0.0	0.0	0.0	0.165091	0.0	0.000348734	0.0	0.0	0.0	0.000723403	0.0	9.2072e-05	0.0025077	0.000281055	0.00132291	0.0163956	0.0	0.0	0.0	0.0	0.165841	0.0	0.0036479700000000004	0.0178901	0.0	0.0	0.0	0.00275458	0.00267283	0.0	0.0	0.00043989100000000003	0.000222054	0.0029151	0.0	0.000457473	0.0012707	0.0	0.0015333	0.0032182599999999997	0.0	0.000121718	0.000369235	0.0	0.00113377	0.0	0.000129288	0.000393572	0.00862691	0.0018779100000000002	0.0139676	0.00878461	0.021248200000000002	0.00605248	0.0	0.0
Sor-CPnd_030-Ex1-2H-lcwgs-1-2-L2-clmp.r1r2_fastp	0.0907877	0.00907877	0.0	0.0	0.0	0.0	0.0656876	0.0008900760000000001	0.0008900760000000001	0.000178015	0.00124611	0.0	0.0058745	0.011215000000000001	0.00747664	0.0126391	0.0	0.0	0.0	0.0	0.000178015	0.00160214	0.0007120609999999999	0.00142412	0.0281264	0.0	0.0	0.0	0.027770399999999997	0.0	0.00409435	0.00124611	0.0017801499999999999	0.00142552	0.00963481	0.0112572	0.11744299999999999	0.0	0.0	0.0	0.0	0.000907817	0.000364544	0.0016475499999999998	0.0147136	0.00110905	0.0053885999999999995	0.0	0.0	0.00018913599999999999	0.00571198	0.0	0.0	0.0	0.0	0.0	0.0	0.054873200000000004	0.0	0.0304915	0.000413174	0.0	0.0	0.015323800000000002	0.06171870000000001	0.0	0.0	0.0	0.00404589	0.0356987	0.0	0.0	0.0	0.0	0.015231199999999999	0.00710321	0.0158833	0.00251619	0.0	0.0	0.02672	0.00504462	0.0	0.0	0.0	0.0	0.0019793	0.00601213	0.0	0.0026408399999999998	0.0	0.00120243	0.0	0.01448	0.0	0.00063121	0.0	0.0	0.0	0.0	0.0	0.00101126	0.0	0.0	0.00278509	0.0	0.00035575	0.0186986	0.00327211	0.0	0.0	0.0	0.000759111	0.00038364299999999997	0.0	0.0	0.0	0.0404664	0.0	0.0	0.0	0.0	0.0	0.00299629	0.00173133	0.0	0.0	0.00134333	0.0	0.0	0.0	0.00563415	0.0	0.0	0.00438528	0.0	0.0024991099999999997	0.000506688	0.00410914	0.000521064	0.0	0.0	0.0	0.0	0.0	0.0	0.11462	0.0	0.0	0.0
Sor-CPnd_030-Ex1-2H-lcwgs-1-2-L3-clmp.r1r2_fastp	0.0690774	0.019893	0.0	0.0	0.000626553	0.00140974	0.0	0.0	0.0	0.00767527	0.0217727	0.0	0.0	0.0	0.0	0.0	0.0	0.0	0.0	0.0	0.0	0.0	0.00736199	0.0053257	0.0104948	0.0	0.0007831909999999999	0.0183267	0.0	0.0184833	0.0	0.0457383	0.057016300000000006	0.010818	0.0050230299999999995	0.000157177	0.00393606	0.010095	0.0	0.0	0.0	0.0	0.0	0.00128496	0.000161311	0.0017824400000000002	0.0	0.0	0.0	0.0	0.00016641	0.0	0.0	0.0	0.0	0.0	0.0	0.0	0.0	0.10205800000000001	0.0	0.0	0.0	0.0161684	0.0105685	0.0	0.0	0.0	0.0	0.00058469	0.000984614	0.0	0.0	0.0	0.30126	0.0	0.00021033100000000002	0.0	0.0	0.360499	0.0	0.00200624	0.0	0.00022806199999999999	0.0	0.0	0.000472011	0.000238649	0.6150100000000001	0.0	0.0	0.000500123	0.0	0.0	0.0	0.0	0.0	0.307984	0.0	0.0008223029999999999	0.0	0.0	0.0	0.0	0.0	0.0	0.00237528	0.00090069	0.00151782	0.0018420600000000002	0.0	0.0	0.0	0.0	0.326573	0.0	0.00332448	0.0111028	0.0	0.0	0.0	0.000705921	0.00142922	0.0	0.0	0.000370492	0.0	0.000759411	0.0	0.00038921999999999996	0.0	0.0	0.00040444699999999994	0.0012297	0.0	0.0	0.00042633000000000005	0.0	0.0008765660000000001	0.0	0.0	0.000459529	0.0	0.0009446480000000001	0.006702250000000001	0.00728966	0.00789208	0.0020061	0.0	0.0
Sor-CPnd_031-Ex1-5D-lcwgs-1-2-L2-clmp.r1r2_fastp	0.14094800000000002	0.0125166	0.0	0.00010884000000000001	0.00010884000000000001	0.0	0.0543113	0.0006530419999999999	0.0	0.000435361	0.0	0.0	0.0180675	0.0115371	0.000544202	0.00838071	0.0	0.0	0.00010884000000000001	0.0	0.0006530419999999999	0.000217681	0.000217681	0.0010884	0.064107	0.0	0.0	0.0	0.06780749999999999	0.0	0.00370057	0.00032652099999999997	0.00195913	0.0016342799999999999	0.0159276	0.0108165	0.158282	0.0	0.0	0.00011025799999999999	0.0	0.0007768120000000001	0.000668301	0.00301945	0.015388500000000001	0.000789905	0.0161017	0.0	0.0	0.0	0.00452032	0.0	0.0	0.0	0.0	0.0	0.00024127100000000001	0.10620399999999999	0.0	0.046276899999999996	0.000870775	0.0	0.0	0.0098217	0.487822	0.0	0.0	0.0006610559999999999	0.00921005	0.135305	0.00013607299999999998	0.0	0.0	0.0	0.0113341	0.0008589800000000001	0.0137477	0.00409639	0.0	0.0	0.0497462	0.00672445	0.0	0.0	0.0	0.0	0.000965141	0.00308726	0.0	0.00430995	0.0	0.0	0.0	0.014814099999999998	0.0	0.0	0.0	0.0	0.0	0.0	0.0	0.0	0.0	0.000187419	0.000755441	0.0	0.000766868	0.013523300000000002	0.007395400000000001	0.0	0.0	0.0	0.0	0.0	0.0	0.0	0.0	0.0568521	0.0	0.0	0.0	0.0	0.0	0.0034956500000000003	0.0041860000000000005	0.0	0.0	0.00112912	0.0	0.0	0.0	0.0088817	0.000235864	0.0	0.00480532	0.0	0.00293848	0.0	0.00474852	0.000252648	0.0	0.0	0.0	0.0	0.0	0.0008086619999999999	0.118501	0.0	0.0	0.0
Sor-CPnd_031-Ex1-5D-lcwgs-1-2-L3-clmp.r1r2_fastp	0.0780636	0.0216089	0.0	0.0	0.0	0.008032629999999999	0.0	0.000678814	0.000339407	0.00678814	0.012784299999999998	0.0	0.0	0.0	0.0	0.0	0.0	0.0	0.0	0.00011313600000000001	0.0	0.0	0.00497797	0.00395975	0.00814576	0.0	0.000565678	0.010861	0.0	0.0110873	0.0	0.049213999999999994	0.0640348	0.024119500000000002	0.00374084	0.00011351900000000001	0.00284254	0.0109361	0.00045662499999999995	0.0	0.0	0.0	0.000115403	0.00324231	0.0	0.0015167099999999999	0.0	0.0	0.0	0.0	0.00011935000000000001	0.0	0.0	0.0	0.0	0.0	0.000123381	0.0	0.0	0.26625899999999997	0.000126608	0.0	0.0	0.00904901	0.00729148	0.0	0.0	0.000665848	0.0	0.000405823	0.00204536	0.0	0.0	0.0	0.26341400000000004	0.00014213099999999998	0.00014336900000000002	0.0	0.0	0.355801	0.00014842	0.00389235	0.0	0.000304553	0.0	0.0	0.000468448	0.000314901	0.5457540000000001	0.0	0.0	0.000162861	0.0	0.0	0.0	0.0	0.0	0.27645600000000004	0.0	0.000348171	0.0	0.0	0.0	0.000179573	0.0	0.0	0.00165413	0.000555555	0.00111985	0.00376177	0.0	0.0	0.0	0.0	0.282438	0.0	0.00517387	0.00802628	0.0	0.0	0.0	0.00145195	0.00167342	0.0	0.0	0.00021463099999999999	0.0	0.00262128	0.0	0.0008893890000000001	0.00044873999999999994	0.0	0.000914204	0.00023068699999999998	0.0	0.0	0.000474795	0.0	0.000969377	0.0	0.0	0.0	0.0010155399999999999	0.0	0.00440033	0.00968495	0.006878529999999999	0.000803211	0.0	0.0
Sor-CPnd_033-Ex1-2F-lcwgs-1-2-L2-clmp.r1r2_fastp	0.0845328	0.00837537	0.0	0.000194776	0.0	0.0	0.0535634	0.000584328	0.0	0.000194776	0.000584328	0.0	0.014803	0.01305	0.0044798500000000005	0.0105179	0.0	0.0	0.0	0.0	0.000194776	0.000779104	0.000194776	0.0031164200000000004	0.0216201	0.0	0.0	0.0	0.022204500000000002	0.0	0.00331119	0.000779104	0.0015582100000000002	0.0015594	0.00878015	0.00957209	0.0944801	0.0	0.0	0.000196671	0.0	0.0011859400000000001	0.00118955	0.00218803	0.0165667	0.0010019	0.0136809	0.0	0.0	0.00020395099999999999	0.00614978	0.0	0.0	0.0	0.0	0.0	0.000424506	0.0489297	0.0	0.0281633	0.0	0.0	0.0	0.016977100000000002	0.0562939	0.0	0.0	0.0	0.00489552	0.0272907	0.0	0.0	0.0	0.0	0.0118796	0.0055027800000000005	0.0179556	0.0035806899999999997	0.0	0.0	0.019304	0.0050811	0.0	0.0	0.0	0.0	0.000847175	0.00542519	0.0	0.00291843	0.0	0.0	0.0	0.013715999999999999	0.0	0.0	0.0	0.0	0.0	0.0	0.0	0.000662309	0.0	0.0	0.00239039	0.0	0.000697554	0.0190379	0.00285024	0.0	0.0	0.0	0.0	0.0	0.0	0.0	0.0	0.037329600000000004	0.0	0.0	0.0	0.0	0.0	0.004630700000000001	0.00127765	0.0	0.0	0.00132547	0.0	0.0	0.0	0.014394200000000001	0.0	0.0	0.00048337	0.0	0.00148911	0.0	0.0015341100000000002	0.0	0.0	0.0	0.0	0.0	0.0	0.0	0.09248769999999999	0.0	0.0	0.0
Sor-CPnd_033-Ex1-2F-lcwgs-1-2-L3-clmp.r1r2_fastp	0.0686957	0.019771	0.0	0.0	0.000837752	0.00653447	0.0	0.000502651	0.00033510100000000003	0.0102206	0.015582200000000001	0.0	0.0	0.0	0.0	0.0	0.0	0.0	0.0	0.00016755	0.0	0.0	0.00670202	0.00569672	0.00955038	0.0	0.0013404	0.0130689	0.0	0.0130689	0.0	0.0422227	0.0574698	0.0221337	0.00402764	0.000167999	0.00487841	0.0107822	0.000337523	0.0	0.0	0.0	0.0	0.00170756	0.0	0.00103135	0.0	0.0	0.0	0.0	0.0	0.0	0.0	0.0	0.0	0.0	0.0	0.0	0.0	0.0910507	0.00018553	0.0	0.0	0.0161017	0.0103026	0.0	0.0	0.000585756	0.0	0.00019837799999999998	0.00180015	0.000201733	0.0	0.0	0.279688	0.00041816199999999997	0.000422092	0.0	0.0	0.357784	0.0	0.0033252	0.0	0.00022603300000000002	0.0	0.00023051000000000001	0.0013965899999999999	0.00047017799999999997	0.59306	0.0	0.0	0.000244878	0.0	0.0	0.0	0.0	0.0	0.282654	0.0	0.0	0.0	0.0	0.0	0.0	0.0	0.0	0.00344632	0.0	0.00264304	0.00356305	0.0	0.0	0.0	0.0	0.308758	0.0	0.00611353	0.011396900000000001	0.0	0.0	0.0	0.000683179	0.00103787	0.0	0.0	0.000359082	0.0	0.0036850999999999997	0.0	0.00037849700000000005	0.00115102	0.00038885799999999996	0.00276011	0.000799642	0.0	0.0	0.00125153	0.0	0.000860115	0.0	0.0	0.000452694	0.00045977900000000006	0.00139912	0.00662531	0.013461500000000001	0.008300380000000001	0.00298074	0.0	0.0
Sor-CPnd_034-Ex1-4G-lcwgs-1-2-L2-clmp.r1r2_fastp	0.09245790000000001	0.0111139	0.0	0.00047293099999999995	0.0	0.0	0.0205725	0.000945861	0.000236465	0.00047293099999999995	0.000945861	0.0	0.0120597	0.010168	0.0061481	0.00733042	0.0	0.0	0.0	0.0	0.0016552600000000002	0.000945861	0.0007093959999999999	0.0023646500000000003	0.00803982	0.0	0.0	0.0	0.0122962	0.00047293099999999995	0.00401991	0.00141879	0.00307405	0.00189497	0.00617156	0.012134200000000001	0.290434	0.0	0.0	0.0	0.0	0.0012179	0.00195901	0.00295563	0.0123929	0.0004991139999999999	0.0113109	0.0	0.0	0.0	0.0038883700000000004	0.0	0.0	0.0	0.0	0.0	0.00027412499999999995	0.363496	0.0	0.161657	0.00028565199999999995	0.0	0.0	0.0546129	0.323873	0.0	0.0	0.000308975	0.00969401	0.467594	0.0	0.0	0.0	0.0	0.00168552	0.00649051	0.00968794	0.00385797	0.000355403	0.0	0.16946699999999998	0.0022210199999999998	0.0	0.0	0.0	0.0	0.00158337	0.0124342	0.0	0.0008245379999999999	0.0	0.0	0.0	0.0330418	0.0	0.0	0.0	0.0	0.0	0.0	0.0	0.0	0.0	0.0	0.0010029	0.0	0.00102901	0.00834011	0.0063316200000000005	0.0	0.0	0.0	0.0	0.0	0.0	0.0	0.0	0.34498100000000004	0.0	0.0	0.0	0.0	0.0	0.00771759	0.00325998	0.0	0.0	0.00339314	0.0	0.0	0.0	0.00429713	0.0	0.0	0.00149321	0.0	0.0038401	0.0	0.00395855	0.0008041429999999999	0.0	0.0	0.0	0.0	0.0	0.0	0.419139	0.0009132089999999999	0.0	0.0
Sor-CPnd_034-Ex1-4G-lcwgs-1-2-L3-clmp.r1r2_fastp	0.0812364	0.021469600000000002	0.0	0.0	0.00087039	0.00638286	0.0	0.00029013	0.00029013	0.008413770000000001	0.0246611	0.0	0.0	0.0	0.0	0.0	0.0	0.0	0.0	0.0	0.0	0.0	0.0118953	0.00377169	0.0130559	0.0	0.00058026	0.019148599999999998	0.00029013	0.0188585	0.0	0.0487419	0.0632484	0.0217999	0.00524373	0.000292118	0.00293032	0.0111748	0.000295234	0.0	0.0	0.00029955	0.0	0.0012126	0.0	0.0018448699999999998	0.0	0.0	0.0	0.0	0.0	0.0	0.0	0.0	0.0	0.0	0.000340666	0.0	0.0	0.21321600000000002	0.000356525	0.0	0.0	0.0121944	0.0153387	0.0	0.0	0.000388695	0.0	0.0	0.00323299	0.0	0.0	0.0	0.200322	0.0	0.0008758479999999999	0.0	0.0	0.8040419999999999	0.000926926	0.00235196	0.0	0.0	0.0	0.0	0.000504518	0.0	0.44763499999999995	0.0	0.0	0.0	0.0	0.0	0.0	0.0	0.0	0.189356	0.0	0.0	0.0	0.0	0.0	0.00127335	0.0	0.0	0.00132428	0.000670763	0.000679445	0.00137696	0.0	0.0	0.0	0.0	0.20227	0.0	0.00604239	0.0114773	0.0	0.0	0.0	0.0	0.0032805699999999996	0.0	0.0	0.0	0.0	0.00263512	0.0	0.000903947	0.0	0.000929869	0.000943405	0.000957341	0.0	0.0	0.0010005300000000001	0.0	0.0	0.0	0.0	0.0	0.0	0.00223939	0.00454391	0.00808025	0.00820373	0.00238345	0.0	0.0
Sor-CPnd_036-Ex1-5C-lcwgs-1-2-L2-clmp.r1r2_fastp	0.163112	0.00896573	0.0	0.00010802099999999999	0.0	0.0	0.06481250000000001	0.000324063	0.00021604199999999998	0.00010802099999999999	0.00021604199999999998	0.0	0.0240887	0.00950584	0.000864167	0.00820959	0.0	0.0	0.0	0.0	0.000324063	0.00021604199999999998	0.00021604199999999998	0.00129625	0.07604670000000001	0.0	0.0	0.0	0.0787472	0.0	0.0025925	0.000540104	0.00194438	0.00108146	0.018086099999999997	0.0082461	0.18159	0.0	0.0	0.000109703	0.0	0.00033176900000000004	0.00077775	0.00245687	0.012465299999999999	0.000790794	0.020464800000000002	0.0	0.0	0.0	0.00386202	0.0	0.0	0.0	0.0	0.0	0.000123376	0.119104	0.0	0.0544214	0.000642531	0.0	0.0	0.0100948	0.491398	0.0	0.0	0.000139187	0.00915873	0.146904	0.0	0.0	0.0	0.00015017899999999999	0.0124778	0.0016962499999999998	0.0126628	0.0030116	0.0	0.0	0.06315169999999999	0.00419127	0.0	0.0	0.0	0.0	0.00017913300000000002	0.00235873	0.0	0.00446869	0.0	0.0	0.0	0.0162446	0.0	0.000200513	0.0	0.0	0.0	0.0	0.0	0.000640812	0.0	0.0	0.00175765	0.0	0.0006712630000000001	0.0110648	0.00638111	0.0	0.0	0.0	0.0	0.0	0.0	0.0	0.0	0.0688386	0.0	0.0	0.0	0.0	0.0	0.00235877	0.00370553	0.0	0.0	0.0008179999999999999	0.0	0.0	0.0	0.00596201	0.0	0.0	0.00410356	0.0	0.00269587	0.000302929	0.0027588	0.0009315819999999999	0.0	0.0	0.0	0.0	0.0	0.000334638	0.105026	0.0	0.0	0.0
Sor-CPnd_036-Ex1-5C-lcwgs-1-2-L3-clmp.r1r2_fastp	0.0783523	0.0229834	0.0	0.0	0.000580388	0.00800935	0.0	0.00011607800000000001	0.0	0.0067325	0.0165991	0.0	0.0	0.0	0.0	0.0	0.0	0.0	0.0	0.0	0.0	0.0	0.00533957	0.004643100000000001	0.00812543	0.0	0.0013929300000000001	0.013813200000000001	0.00011607800000000001	0.014045400000000001	0.0	0.050725900000000004	0.0653517	0.025565	0.00395618	0.00011654300000000001	0.00338652	0.00901185	0.00011734099999999999	0.0	0.0	0.0	0.000357045	0.00131518	0.0	0.000966254	0.0	0.0	0.0	0.0	0.0	0.0	0.0	0.0	0.0	0.0	0.0	0.0	0.0	0.24896800000000002	0.00013473400000000001	0.0	0.0	0.0128818	0.009929529999999999	0.0	0.0	0.000144091	0.0	0.00044121499999999996	0.00178313	0.0	0.0	0.0	0.265597	0.0	0.0	0.0	0.000324215	0.39966799999999997	0.0	0.00301731	0.0	0.00017134	0.0	0.00035015899999999995	0.0005308359999999999	0.0	0.563019	0.0	0.0	0.0007474249999999999	0.0	0.0	0.0	0.0	0.0	0.28842199999999996	0.0	0.00040726699999999995	0.0	0.0	0.0	0.0	0.0	0.0	0.0021806300000000002	0.000220216	0.000666975	0.00314264	0.0	0.0	0.000231047	0.0	0.27139199999999997	0.0	0.00504416	0.00946182	0.0	0.0	0.0	0.00252646	0.00178622	0.0	0.0	0.0	0.0	0.00241859	0.0	0.000548783	0.00138673	0.0	0.00226758	0.00171975	0.0	0.0	0.000889487	0.0	0.0009107770000000001	0.0	0.0	0.0	0.000640621	0.0	0.00458801	0.010619	0.00638567	0.00170462	0.0	0.0
Sor-CPnd_037-Ex1-6C-lcwgs-1-2-L2-clmp.r1r2_fastp	0.363616	0.00932536	0.0	0.000146856	0.000293712	0.0	0.291069	0.000293712	0.000146856	0.000293712	0.00036714	0.0	0.0157136	0.006681950000000001	0.00638824	0.0129233	0.0	0.0	0.0	0.0	0.000587424	0.000293712	0.000146856	0.00146856	0.108527	7.3428e-05	0.0	0.0	0.12122999999999999	0.000146856	0.00447911	0.000660852	0.0023496999999999997	0.0011029100000000001	0.10162199999999999	0.0129114	0.24163600000000002	0.0	0.0	0.0	7.47678e-05	0.000825193	0.00112946	0.00181423	0.00888104	0.000228728	0.013709599999999999	0.0	0.0	0.00023307099999999998	0.0054666	0.0	0.0	0.0	0.0	0.0	0.0	0.349383	0.0	0.11566199999999999	0.000165282	0.0	0.0	0.12989	0.251689	0.0	0.0	8.6381e-05	0.00939152	0.349426	0.000264343	0.0	0.0	0.0	0.10564899999999999	0.00720865	0.00928173	0.00249921	0.0	0.0	0.24001899999999998	0.0997814	0.0	0.0	0.0	0.0	0.00187956	0.0121612	0.0	0.101928	0.0	0.000514012	0.0	0.340588	0.0	0.000106119	0.0	0.0	0.0	0.0	0.0	0.000334001	0.0	0.000226235	0.00171053	0.0	0.0013906200000000002	0.010048399999999999	0.007303229999999999	0.0	0.0	0.0	0.00012178	0.0	0.0	0.0	0.0	0.255222	0.0	0.0	0.0	0.0	0.0	0.007630960000000001	0.00405163	0.0	0.0	0.0015261099999999998	0.0	0.0	0.0	0.059606700000000006	0.0	0.0	0.00311107	0.0	0.00377819	0.000305422	0.00277863	0.000156121	0.0	0.0	0.0	0.0	0.0	0.000333629	0.271429	0.0	0.00017328599999999998	0.0
Sor-CPnd_037-Ex1-6C-lcwgs-1-2-L3-clmp.r1r2_fastp	0.0708082	0.0161822	0.0	0.0	0.000268213	0.0107285	0.0	0.000178809	0.000178809	0.00670532	0.0127848	0.0	0.0	0.0	0.0	0.0	0.0	0.0	0.0	0.0	0.0	0.0	0.007420550000000001	0.0037549799999999998	0.0108179	0.0	0.0008940430000000001	0.0103709	0.0	0.0104603	0.0	0.0434505	0.052122699999999994	0.0328563	0.004304479999999999	8.98533e-05	0.00243185	0.011107	0.0	0.0	0.0	0.0	0.000275563	0.00202924	0.0	0.00167589	0.0	0.0	0.0	0.0	9.56123e-05	0.0	0.0	0.0	0.0	0.0	0.0	0.0	0.0	0.163054	0.0	0.0	0.0	0.00995877	0.00772927	0.0	0.0	0.00010663900000000001	0.0	0.000324585	0.00217937	0.0	0.0	0.0	0.16281900000000002	0.000113032	0.000227792	0.0	0.0	0.597725	0.0	0.00248417	0.0	0.000120146	0.0	0.000122034	0.000983932	0.000123971	0.31948699999999997	0.0	0.0	0.000255898	0.0	0.0	0.0	0.0	0.0	0.160078	0.0	0.00041002899999999996	0.0	0.0	0.0	0.000141309	0.0	0.0	0.00144943	0.000146177	0.000737117	0.0376126	0.0	0.0	0.0	0.0	0.158364	0.0	0.00489871	0.00908691	0.0	0.0	0.0	0.00132173	0.00183416	0.0	0.0	0.00017138100000000002	0.0	0.00227019	0.0	0.0012455300000000001	0.00143741	0.0	0.00128226	0.00185002	0.000186857	0.0	0.000190597	0.0	0.00136318	0.0	0.0	0.000202223	0.00020450100000000003	0.00041313900000000003	0.0039663699999999994	0.0105555	0.00533588	0.00216091	0.0	0.0
Sor-CPnd_038-Ex1-2A-lcwgs-1-2-L2-clmp.r1r2_fastp	0.0758972	0.0076463600000000005	0.0	0.0	0.000141599	0.0	0.041913399999999996	0.000424798	0.0	0.0	0.0	0.0	0.0120359	0.0134519	0.003964779999999999	0.0070799700000000005	0.0	0.0	0.0	0.0	0.000141599	0.000424798	0.000283199	0.0015575900000000002	0.0171335	0.0	0.0	0.0	0.0216647	0.0	0.0015575900000000002	0.00113279	0.000283199	0.0014166699999999999	0.006379030000000001	0.00993073	0.0834944	0.0	0.0	0.0	0.0	0.00128737	0.000143345	0.00258645	0.0181494	0.00014443	0.0120225	0.0	0.0	0.0	0.00396394	0.0	0.0	0.0	0.0	0.0	0.000451527	0.0391646	0.0	0.0235138	0.0	0.0	0.0	0.0102954	0.0440861	0.0	0.0	0.0	0.00739241	0.022158	0.000325544	0.0	0.0	0.0	0.009865180000000001	0.00505068	0.0167866	0.00409861	0.0	0.0	0.023904699999999997	0.00615121	0.0	0.0	0.0	0.0	0.00199913	0.00530515	0.0	0.00241015	0.0	0.000939394	0.0	0.0127578	0.0	0.0	0.0	0.0	0.0	0.0	0.0	0.000999912	0.0	0.0	0.0006109269999999999	0.0	0.000206131	0.0143096	0.005635	0.0	0.0	0.0	0.0	0.0	0.0	0.0	0.0	0.0368891	0.0	0.0	0.0	0.0	0.0	0.00551443	0.0023133999999999997	0.0	0.0	0.000708347	0.0	0.0	0.0	0.0158044	0.0	0.0	0.0042308599999999995	0.0	0.00404558	0.000255016	0.0028299199999999997	0.000259713	0.0	0.0	0.0	0.0	0.0	0.0	0.106112	0.000279946	0.0	0.0
Sor-CPnd_038-Ex1-2A-lcwgs-1-2-L3-clmp.r1r2_fastp	0.07194550000000001	0.0190408	0.0	0.0	0.000120512	0.006869170000000001	0.0	0.00024102299999999999	0.0	0.00915889	0.00988196	0.0	0.0	0.0	0.0	0.0	0.0	0.0	0.0	0.000120512	0.0	0.0	0.00879735	0.00494098	0.00964094	0.0	0.000361535	0.00795377	0.0	0.00807428	0.0	0.045915000000000004	0.0604969	0.0185671	0.0050666800000000005	0.000120722	0.00386634	0.00979664	0.000121088	0.0	0.0	0.0	0.00012183499999999999	0.00207533	0.0	0.00122648	0.0	0.0	0.0	0.0	0.0	0.0	0.0	0.0	0.0	0.0	0.0	0.0	0.0	0.08554600000000001	0.0	0.0	0.0	0.0112895	0.00857503	0.0	0.0	0.000268016	0.0	0.000406496	0.00163499	0.0	0.0	0.0	0.296578	0.00014028	0.000141165	0.0	0.0	0.33148299999999997	0.0	0.0021858700000000003	0.0	0.0	0.0	0.0	0.000751363	0.000302474	0.597811	0.0	0.0	0.000310269	0.0	0.0	0.0	0.0	0.0	0.30252500000000004	0.0	0.0	0.0	0.0	0.0	0.0	0.0	0.0	0.0034138199999999997	0.0	0.00121049	0.00417821	0.0	0.00017645199999999998	0.0	0.0	0.302461	0.0	0.006388799999999999	0.00900528	0.0	0.0	0.0	0.00151204	0.00190354	0.0	0.0	0.00019458	0.0	0.00395047	0.0	0.000401039	0.000606199	0.0	0.0014369299999999999	0.0022762999999999998	0.0	0.0	0.0006363639999999999	0.0	0.0008640859999999999	0.0	0.0	0.00044598500000000003	0.000675039	0.000907562	0.007324280000000001	0.0108603	0.00652926	0.00188481	0.0	0.0
Sor-CPnd_041-Ex1-7A-lcwgs-1-2-L2-clmp.r1r2_fastp	0.294588	0.00875998	0.0	0.0	0.0	0.0	0.239174	0.000862726	0.000132727	0.000265454	0.000530908	0.0	0.16617400000000002	0.007631799999999999	0.00338454	0.010485399999999999	0.0	0.0	0.000132727	0.0	0.000530908	0.000597272	0.0006636350000000001	0.0014600000000000001	0.080698	0.0	0.0	0.0	0.0976871	0.000132727	0.00703453	0.00139363	0.00457908	0.000929626	0.0794712	0.00931093	0.19206600000000001	0.0	0.0	0.0	0.0	0.00154343	0.00201766	0.00148313	0.011085300000000001	0.0005423	0.16549799999999998	0.0	0.0	6.87073e-05	0.00427608	0.0	0.0	0.0	0.0	0.0	0.000354249	0.263552	0.0	0.170136	0.000723718	0.0	0.0	0.0889078	0.193276	0.0	0.0	0.0006045169999999999	0.00722765	0.256935	0.000617174	0.0	0.0	7.88703e-05	0.08376549999999999	0.00424557	0.008802260000000001	0.00170961	8.20852e-05	0.0	0.171223	0.0785611	0.0	0.0	0.0	0.000174586	0.00158584	0.00924938	0.0	0.07562880000000001	0.0	0.000832666	0.0	0.24903199999999998	0.0	0.000385434	0.0	9.842780000000001e-05	0.0	0.0	0.0	0.000719884	0.0	0.000736365	0.000212849	0.0	0.0014158299999999999	0.00815356	0.00624322	0.0	0.0	0.0	0.000117076	0.0	0.0	0.0	0.0	0.185116	0.0	0.0	0.0	0.0	0.0	0.011074	0.00451761	0.000277624	0.000140739	0.0019985800000000002	0.0	0.0	0.0	0.17255199999999998	0.0	0.000311182	0.0023689600000000002	0.0	0.00569759	0.00132266	0.00285592	0.000341506	0.0	0.0	0.0	0.000182525	0.0	0.00018868000000000002	0.224812	0.0	0.00039796300000000004	0.0
Sor-CPnd_041-Ex1-7A-lcwgs-1-2-L3-clmp.r1r2_fastp	0.219529	0.011966899999999999	0.0	0.0	0.000743707	0.08288949999999999	0.0	0.000473268	0.000135219	0.0046650699999999995	0.0105471	0.0	0.0	0.0	0.0	0.0	0.0	0.0	0.0	0.0	0.0	0.0	0.008721660000000001	0.00223112	0.0097358	0.0	0.000743707	0.0048679	6.76097e-05	0.0046650699999999995	0.0	0.0341429	0.037253	0.178189	0.004400289999999999	0.00040653300000000005	0.00162787	0.00781015	6.801189999999999e-05	0.0	0.0	6.83872e-05	0.0014393700000000001	0.063559	0.0	0.000691087	0.0	0.0	0.0	0.0	0.0	0.0	0.0	0.0	0.0	0.0	0.00043374	0.0	0.0	0.09721070000000001	0.0	0.0	0.0	0.00526825	0.011815599999999999	0.0	0.0	0.000386356	0.0	0.0	0.0018156300000000002	0.0	0.0	0.0	0.100292	0.000574442	0.0005790039999999999	8.3395e-05	0.0	0.365519	0.00085538	0.0019850000000000002	0.0	0.0	0.0	0.000357977	0.00045174799999999997	0.0	0.198564	0.0	0.0	0.000664388	0.0	0.0	0.0	0.0	0.0	0.0989977	0.0	0.0	0.0	0.0	0.0	0.0007570799999999999	0.0	0.0	0.00145662	0.0	0.0005738610000000001	0.07108909999999999	0.0	0.0	0.0	0.0	0.10032699999999999	0.0	0.00253926	0.0111909	0.0	0.0	0.0	0.00678605	0.00137597	0.0	0.0	0.0	0.00043657399999999996	0.0038377500000000004	0.0	0.00151898	0.000924823	0.000156413	0.000634823	0.0009666879999999999	0.0	0.0	0.00016872	0.0	0.00208924	0.0	0.0	0.0	0.0689803	0.00132589	0.00750784	0.00744368	0.07550849999999999	0.00385177	0.0	0.0
Sor-CPnd_043-Ex1-1D-lcwgs-1-2-L2-clmp.r1r2_fastp	0.37636000000000003	0.0126262	0.0	0.0	4.5747e-05	0.0	0.299185	0.00123517	0.000182988	0.00041172299999999996	0.0012809100000000001	0.0	0.015599700000000001	0.008600430000000001	0.0045747	0.0097441	0.0	0.0	0.0	0.0	0.000731951	0.000274482	0.000731951	0.00169264	0.10768799999999999	0.0	0.0	0.0	0.12356299999999999	4.5747e-05	0.00946962	0.0025618299999999997	0.00599285	0.00109845	0.101297	0.013197799999999999	0.23524399999999998	0.0	0.0	0.0	4.60847e-05	0.0019386599999999998	0.00138717	0.00213104	0.0114666	0.000418767	0.0153912	0.0	0.0	0.0	0.00495165	0.0	0.0	0.0	0.0	0.0	0.000240815	0.341827	0.0	0.131928	0.0008813639999999999	0.0	0.0	0.12327099999999999	0.245468	0.0	0.0	0.00050635	0.01125	0.34677	0.000463155	0.0	0.0	5.2335899999999995e-05	0.103272	0.0058245599999999995	0.00974798	0.0019830399999999997	5.39306e-05	0.0	0.22522699999999998	0.0967443	0.0	0.0	0.0	0.0	0.00198863	0.0106969	0.0	0.102829	0.0	0.0008233899999999999	0.0	0.335965	0.0	0.000302614	0.0	0.0	0.0	0.0	0.0	0.000632724	0.0	0.000513974	0.0018774	0.0	0.0015123	0.0115978	0.008817489999999999	0.0	0.0	0.0	0.000275879	0.0	0.0	0.0	0.0	0.247679	0.0	0.0	0.0	0.0	0.0	0.0121033	0.006182260000000001	0.0	0.0	0.00172476	0.0	0.0	0.0	0.11533500000000001	0.0	0.0	0.0032641999999999997	0.0	0.00708589	0.00189748	0.0071480400000000005	0.000528806	0.0	0.0	0.0	0.0	0.0	0.000282885	0.28348	0.00019301800000000001	9.800270000000001e-05	0.0
Sor-CPnd_043-Ex1-1D-lcwgs-1-2-L3-clmp.r1r2_fastp	0.0873435	0.0199943	0.0	0.0	0.0016615800000000002	0.0173912	0.0	5.53859e-05	0.000166158	0.00636938	0.014566500000000001	0.0	0.0	0.0	0.0	0.0	0.0	0.0	0.0	0.0	0.0	0.0	0.009803300000000001	0.0035447	0.0110772	0.0	0.000664631	0.00614783	0.0	0.00614783	0.0	0.0513981	0.057989	0.07896360000000001	0.00554469	0.000110981	0.00216606	0.010230099999999999	0.000111328	0.0	0.0	0.0	0.00011203000000000001	0.00246954	0.00016875699999999998	0.00107135	0.0	0.0	0.0	0.0	5.72134e-05	0.0	0.0	0.0	0.0	0.0	0.00011704	0.0	0.0	0.155554	0.0	0.0	0.0	0.00713572	0.0164136	0.0	0.0	0.0	0.0	0.00012503	0.0028926200000000003	0.0	0.0	0.0	0.153	0.00025945	0.0006528829999999999	0.000131436	6.6161e-05	0.5567650000000001	0.000737845	0.00324221	0.0	0.000136967	0.0	0.000138909	0.000629506	0.000633961	0.303384	0.0	0.0	0.000362625	0.0	0.0	0.0	0.0	0.0	0.146743	0.0	0.00030823	0.0	0.0	0.0	0.000874497	0.0	0.0	0.0021987499999999997	8.20853e-05	0.0009103319999999999	0.11550200000000001	0.0	0.0	0.0	0.0	0.15152500000000002	0.0	0.0028333100000000003	0.015721299999999997	0.0	0.0	0.0	0.0014804199999999999	0.0033612200000000003	0.0	0.0	0.00038376700000000003	0.0	0.0016615500000000001	0.0	0.000796789	0.00110587	0.000203009	0.00245997	0.00300151	0.0	0.000105575	0.00138676	0.0	0.000545008	0.0	0.000111613	0.000226275	0.000114394	0.00277335	0.0119108	0.0103952	0.013976400000000002	0.00519942	0.0	0.0
Sor-CPnd_044-Ex1-8G-lcwgs-1-2-L2-clmp.r1r2_fastp	0.11982	0.0114042	0.0	7.60278e-05	7.60278e-05	0.0	0.0567928	0.0017486399999999999	0.000228083	0.0006082230000000001	0.000532195	0.0	0.0286625	0.010187700000000001	0.00555003	0.009275390000000001	0.0	0.0	0.0	0.0	0.0013685	0.000380139	0.00121645	0.0032692	0.018170600000000002	0.0	0.0	0.0	0.0183987	0.000152056	0.00897128	0.00205275	0.00577811	0.00175091	0.018148599999999997	0.0131421	0.29594	0.0	0.0	0.0	0.0	0.0022579099999999997	0.0017201799999999998	0.00227815	0.012551399999999999	0.000555474	0.026252499999999998	0.0	0.0	8.123809999999999e-05	0.00408803	0.0	0.0	8.3472e-05	0.0	0.0	0.0006827840000000001	0.350465	0.0	0.168538	0.000616586	0.0	0.0	0.104312	0.309667	0.0	0.0	0.000374318	0.00991618	0.446589	0.0005772	0.0	0.0	0.00019805100000000003	0.0111004	0.006261590000000001	0.0116295	0.00195792	0.0	0.0	0.187928	0.003863	0.0	0.0	0.0	0.0	0.00169027	0.0116084	0.0	0.00150893	0.0	0.001302	0.0	0.0824298	0.0	0.000246098	0.0	0.0	0.0	0.0	0.0	0.0009123639999999999	0.0	0.00026572600000000004	0.0012074499999999999	0.0	0.00232524	0.0110467	0.007528129999999999	0.0	0.0	0.0	0.0	0.0	0.0	0.0	0.0	0.31971299999999997	0.0	0.0	0.0	0.0	0.0	0.0106845	0.00408819	0.0	0.0	0.00118083	0.0	0.000172337	0.0	0.00334442	0.0	0.0	0.00363826	0.0	0.00558107	0.00207012	0.00723987	0.000193009	0.0	0.0	0.0	0.0	0.0	0.000208345	0.381758	0.000855205	0.000217603	0.0
Sor-CPnd_044-Ex1-8G-lcwgs-1-2-L3-clmp.r1r2_fastp	0.0818995	0.022554699999999997	0.0	0.0	0.00194118	0.0158068	0.0	0.000739499	0.000554624	0.0084118	0.022000099999999998	0.0	0.000184875	0.0	0.0	0.0	0.0	0.0	0.0	0.000184875	0.0	0.0	0.0131261	0.00554624	0.0140505	0.0	0.000647061	0.012479	0.000462187	0.012386600000000001	0.0	0.052227100000000005	0.061932999999999995	0.0524893	0.00472955	0.000557639	0.00503205	0.011870200000000001	0.00046891200000000004	0.0	0.0	9.49259e-05	0.000190754	0.00182158	0.000192829	0.0016487300000000002	0.0	0.000196483	0.0	0.0	0.0	0.0	0.0	0.0	0.0	0.0	0.000316104	0.0	0.0	0.210537	0.000109251	0.0	0.0	0.010566899999999999	0.0195252	0.0	0.0	0.000467955	0.0	0.00011941999999999999	0.00277502	0.0	0.000369726	0.0	0.20234799999999997	0.00050956	0.000128803	0.000521044	0.000131751	0.773868	0.00107757	0.00476506	0.0	0.000417298	0.0	0.000142103	0.00143566	0.000580245	0.41698100000000005	0.0	0.0	0.00030240999999999997	0.0	0.0	0.0	0.0	0.0	0.20498500000000003	0.0	0.000656059	0.0	0.0	0.0	0.0015359500000000001	0.0	0.0	0.0036925000000000005	0.000532831	0.00197316	0.00380396	0.0	0.0	0.0	0.0	0.202334	0.0	0.00466642	0.021410600000000002	0.0	0.0	0.0	0.00040960899999999996	0.00206939	0.0	0.0	0.0010684400000000001	0.0	0.00261941	0.0	0.000223122	0.0018045000000000001	0.00022812899999999998	0.00253791	0.00210011	0.0	0.0	0.0012071200000000001	0.0	0.0004947700000000001	0.0	0.0	0.0	0.0	0.00370354	0.0144581	0.0138381	0.0167634	0.00641215	0.0	0.0
Sor-CPnd_045-Ex1-7B-lcwgs-1-2-L2-clmp.r1r2_fastp	0.11487699999999999	0.0024704700000000002	0.0	5.6146999999999996e-05	5.6146999999999996e-05	0.0	0.0395836	0.00022458799999999998	5.6146999999999996e-05	0.00011229399999999999	0.00101065	0.0	0.0125769	0.00960113	0.00555855	0.0100503	0.0	0.0	0.0	0.0	0.00022458799999999998	0.00011229399999999999	0.000168441	0.00185285	0.0197076	0.0	0.0	0.0	0.10409600000000001	5.6146999999999996e-05	0.00634461	0.0019651399999999998	0.00460405	0.0010677500000000001	0.0210406	0.00518249	0.262781	0.0	0.0	0.0	0.0	0.000341906	0.0010283500000000001	0.0018905900000000002	0.0129856	5.76384e-05	0.0113911	0.0	0.0	5.8445699999999995e-05	0.0045756600000000005	0.0	0.0	0.0	0.0	0.0	0.000300684	0.40773299999999996	0.0	0.143376	0.00012248699999999998	0.0	0.0	0.127932	0.290813	0.0	0.0	0.00012680500000000002	0.00210316	0.422034	6.44094e-05	0.0	0.0	6.54621e-05	0.00783312	0.00642115	0.0117162	0.00207522	0.000134633	0.0	0.261207	0.00404061	0.0	0.0	0.0	0.0	0.0007050240000000001	0.0112747	0.0	0.0020807	0.0	0.000290398	0.0	0.394864	0.0	0.0	0.0	0.0	0.0	0.0	0.0	0.000385772	0.0	0.000546901	0.00165111	0.0	0.000159233	0.0108164	0.00120948	0.0	0.0	0.0	0.000496569	0.0	0.0	0.0	0.0	0.294196	0.0	0.0	0.0	0.0	0.0	0.011861	0.000359232	0.0	0.0	0.00128466	0.0	0.0	0.0	0.00633224	0.00019046500000000001	0.0	9.667669999999999e-05	0.0	0.00608999	0.00207995	0.000599466	0.00131071	0.0	0.0	0.0	0.0	0.0	0.0	0.337238	0.000216995	0.000219699	0.0
Sor-CPnd_045-Ex1-7B-lcwgs-1-2-L3-clmp.r1r2_fastp	0.0721545	0.004289889999999999	0.0	0.0	0.000210978	0.00780619	0.0	7.03261e-05	7.03261e-05	0.00682163	0.009705	0.0	0.0	0.0	0.0	0.0	0.0	0.0	0.0	7.03261e-05	0.0	0.0	0.00759521	7.03261e-05	0.009845650000000001	0.0	0.0006329349999999999	0.00780619	0.00014065199999999998	0.00773587	0.0	0.0504238	0.0398045	0.0269586	0.00472118	0.000141115	0.00028265800000000003	0.0101937	0.00021278600000000002	0.0	0.0	0.0	0.00028648300000000003	0.00093384	0.0	0.000867579	0.0	0.0	0.0	0.0	7.36771e-05	0.0	0.0	0.0	7.49742e-05	0.0	0.000302697	0.0	0.0	0.18198699999999998	0.0	0.0	0.0	0.00869919	0.00945504	0.0	0.0	8.00834e-05	0.0	0.000161941	0.000325686	0.0	0.0	0.0	0.193384	0.00016762599999999998	8.43068e-05	0.0	0.0	0.680651	0.000518092	0.00130293	0.0	8.791180000000001e-05	0.0	0.0	0.0008056890000000001	0.000540426	0.37329799999999996	0.0	0.0	0.00027696000000000003	0.0	0.0	0.0	0.0	0.0	0.18017	0.0	9.710280000000001e-05	0.0	0.0	0.0	0.000996276	0.0	0.0	0.0	0.000102311	0.0	0.0035253100000000002	0.0	0.0	0.0	0.0	0.191494	0.0	0.00456887	0.00964111	0.0	0.0	0.0	0.000676396	0.000227123	0.0	0.0	0.000464311	0.0	0.00235568	0.0	0.00023914999999999999	0.00132551	0.0	0.00244822	0.0	0.0	0.0	0.000632089	0.0	0.000386009	0.0	0.0	0.0	0.000401697	0.0012150000000000002	0.00136146	0.0104435	0.007765899999999999	0.00168052	0.0	0.0
Sor-CPnd_046-Ex1-5A-lcwgs-1-2-L2-clmp.r1r2_fastp	0.156906	0.009532859999999999	0.0	0.0	0.0	0.0	0.0669877	0.0005152900000000001	0.0	0.0	0.0	0.0	0.0432844	0.008244640000000001	0.0005152900000000001	0.008759929999999999	0.0	0.0	0.0	0.0	0.0005152900000000001	0.0	0.0005152900000000001	0.0010305800000000001	0.0729135	0.0	0.0	0.0	0.0919793	0.00025764500000000003	0.00334938	0.0007729350000000001	0.0007729350000000001	0.00128991	0.021451	0.00880594	0.180714	0.0	0.0	0.0	0.0	0.000795111	0.00026655900000000003	0.00187695	0.010797900000000001	0.00108735	0.036692300000000004	0.0	0.0	0.0	0.0039651	0.0	0.0	0.0	0.0	0.0	0.00030087099999999997	0.120505	0.0	0.0566856	0.000630497	0.0	0.0	0.00983084	0.45007500000000006	0.0	0.0	0.000692598	0.007374889999999999	0.13902299999999998	0.000361775	0.0	0.0	0.0	0.0107663	0.000781155	0.0130991	0.0024207	0.0	0.0	0.0551128	0.00517001	0.0	0.0	0.0	0.0	0.00139633	0.00519952	0.0	0.00389427	0.0	0.0	0.0	0.00928084	0.0	0.0	0.0	0.0	0.0	0.0	0.0	0.0	0.0	0.0	0.00237078	0.0	0.0	0.0110231	0.00867039	0.0	0.0	0.0	0.0	0.0	0.0	0.0	0.0	0.0560607	0.0	0.0	0.0	0.0	0.0	0.00733132	0.00444942	0.0	0.0	0.0	0.0	0.0	0.0	0.015300099999999999	0.0	0.0	0.00250604	0.0	0.0077072	0.0	0.00879523	0.0	0.0	0.0	0.0	0.0	0.0	0.0	0.11910499999999999	0.0	0.0	0.0
Sor-CPnd_046-Ex1-5A-lcwgs-1-2-L3-clmp.r1r2_fastp	0.08373789999999999	0.0206661	0.0	0.0	0.000268391	0.0150299	0.0	0.000536782	0.000268391	0.00912529	0.0150299	0.0	0.0	0.0	0.0	0.0	0.0	0.0	0.0	0.000268391	0.0	0.0	0.007783330000000001	0.0021471299999999997	0.00993046	0.0	0.0010735599999999999	0.0128828	0.0	0.0131511	0.0	0.0434793	0.0697816	0.027677700000000003	0.00349821	0.00026961	0.00216199	0.010025599999999999	0.000271843	0.0	0.0	0.0	0.000276483	0.00444779	0.0	0.00196875	0.0	0.0	0.0	0.0	0.0	0.0	0.0	0.0	0.00030139500000000004	0.0	0.0	0.0	0.0	0.243217	0.0	0.0	0.0	0.0142072	0.00835232	0.0	0.0	0.000691764	0.0	0.0010627100000000001	0.00143413	0.0	0.0	0.0	0.256138	0.000382279	0.0	0.0	0.0	0.372834	0.0	0.00289712	0.0	0.0	0.0	0.0	0.00176524	0.0	0.527187	0.0	0.0	0.0	0.0	0.0	0.0	0.0	0.0	0.25205900000000003	0.0	0.000519284	0.0	0.0	0.0	0.000544055	0.0	0.0	0.00112571	0.0	0.000575699	0.00349483	0.0	0.0	0.0	0.0	0.265278	0.0	0.0063138099999999996	0.00702732	0.0	0.0	0.0	0.004019780000000001	0.000677989	0.0	0.0	0.0	0.0	0.0050380699999999995	0.0	0.0014754	0.0	0.0	0.0	0.0023278	0.0	0.000795792	0.0	0.0	0.00082813	0.0	0.0	0.0	0.0035136399999999997	0.0008900760000000001	0.00450979	0.00731803	0.0055637	0.0009413010000000001	0.0	0.0
Sor-CPnd_049-Ex1-3B-lcwgs-1-2-L2-clmp.r1r2_fastp	0.0979995	0.00224856	0.0	0.0	0.0	0.0	0.0468449	0.00018737999999999998	0.0	0.00018737999999999998	0.00112428	0.0	0.009743739999999999	0.008619459999999999	0.0026233100000000002	0.0106806	0.0	0.0	0.0	0.0	0.00018737999999999998	0.0	0.0	0.00168642	0.0174263	0.0	0.0	0.0	0.0994986	0.0	0.00599615	0.000749518	0.00468449	0.00131263	0.020457299999999998	0.001879	0.27955800000000003	0.0	0.0	0.0	0.0	0.000189934	0.000761705	0.00267358	0.0118784	0.0	0.00848662	0.0	0.0	0.0	0.00489944	0.0	0.0	0.0	0.0	0.0	0.0	0.306834	0.0	0.14474900000000002	0.00103267	0.0	0.0	0.0698539	0.297335	0.0	0.0	0.000648123	0.00282796	0.404849	0.0	0.0	0.0	0.0	0.012055	0.00389714	0.00785698	0.00302852	0.0	0.0	0.167836	0.00433332	0.0	0.0	0.0	0.0	0.000753352	0.00607641	0.0	0.0015452	0.0	0.0005243099999999999	0.0	0.0378927	0.0	0.0	0.0	0.0	0.0	0.0	0.0	0.000286564	0.0	0.00116705	0.00117786	0.0	0.0	0.0124124	0.0012223400000000001	0.0	0.0	0.0	0.0006343210000000001	0.0	0.0	0.0	0.0	0.31217100000000003	0.0	0.0	0.0	0.0	0.0	0.010229499999999999	0.000356229	0.0	0.0	0.00110151	0.0	0.0	0.0	0.00267922	0.0	0.000781934	0.0	0.0	0.00565168	0.0020417	0.0008260569999999999	0.00041826000000000005	0.0	0.0	0.0	0.0	0.0	0.0	0.318183	0.0	0.00046840600000000004	0.0
Sor-CPnd_049-Ex1-3B-lcwgs-1-2-L3-clmp.r1r2_fastp	0.0737407	0.0023634899999999998	0.0	0.0	0.000236349	0.0077995	0.0	0.000472697	0.0	0.00590871	0.0120538	0.0	0.0	0.0	0.0	0.0	0.0	0.0	0.0	0.0	0.0	0.0	0.00685411	0.0	0.00945394	0.0	0.00118174	0.010163	0.0	0.010163	0.0	0.046797	0.0307253	0.025308900000000002	0.00686618	0.0	0.0	0.010223	0.0	0.0	0.0	0.0	0.00024049200000000003	0.00168871	0.0	0.00121447	0.0	0.000244769	0.0	0.0	0.000248015	0.0	0.0	0.0	0.00025323	0.0	0.00025606399999999997	0.0	0.0	0.185407	0.0	0.0	0.0	0.00830118	0.0115937	0.0	0.0	0.0	0.0	0.0	0.000281812	0.0	0.0	0.0	0.199553	0.000293334	0.0	0.0	0.0	0.76059	0.000918189	0.000617627	0.0	0.0	0.0	0.0	0.000322562	0.000976321	0.38676299999999997	0.0	0.0	0.000337465	0.0	0.0	0.0	0.0	0.0	0.20584000000000002	0.0	0.0	0.0	0.0	0.0	0.0007546089999999999	0.0	0.0	0.0	0.0	0.0	0.00159725	0.0	0.0	0.0	0.0	0.20999500000000001	0.0	0.0029920000000000003	0.015105699999999998	0.0	0.0	0.0	0.00089815	0.00045369599999999996	0.0	0.0	0.0014042	0.0	0.000955676	0.0	0.0	0.0044387	0.0	0.0045365	0.0	0.0	0.0	0.0031627900000000004	0.0	0.0	0.0	0.0	0.0	0.0	0.0	0.00407403	0.0064792	0.006557459999999999	0.0024153300000000003	0.0	0.0
Sor-CPnd_050-Ex1-3F-lcwgs-1-2-L2-clmp.r1r2_fastp	0.22219700000000003	0.0100154	0.0	0.000154877	0.000154877	0.0	0.161692	0.00108414	0.000154877	0.000154877	0.00123902	0.0	0.0679395	0.0106349	0.00263291	0.009602389999999999	0.0	0.0	5.16257e-05	0.0	0.000309754	0.00036138	0.0006195090000000001	0.0021166600000000002	0.110118	0.0	0.0	5.16257e-05	0.125554	0.00010325099999999999	0.00929263	0.0006195090000000001	0.00665972	0.000671719	0.0355367	0.00968524	0.243438	0.0	0.0	5.2178999999999996e-05	0.0	0.00167828	0.00120985	0.00184692	0.0134481	0.000531344	0.0645365	0.0	0.0	0.0	0.00477482	0.0	0.0	0.0	0.0	0.0	0.00229539	0.257687	0.0	0.14711100000000002	0.000573551	0.0	0.0	0.0598442	0.253702	0.0	0.0	0.00048147900000000004	0.00806379	0.351331	0.0004925849999999999	0.0	0.0	0.0	0.0763662	0.00327057	0.012354	0.00163137	6.5841e-05	0.0	0.14202900000000002	0.0123172	0.0	0.0	0.0	7.02105e-05	0.0013463400000000001	0.008725150000000001	0.0	0.006849450000000001	0.0	0.000816713	0.0	0.0352661	0.0	7.711589999999999e-05	0.0	0.0	0.0	0.0	0.0	0.000651662	0.0	0.00041472300000000003	0.00125545	0.0	0.0015346399999999999	0.0123017	0.00659763	0.0	0.0	0.0	0.000630682	0.0	0.0	0.0	0.0	0.24825	0.0	0.0	0.0	0.0	0.0	0.012923700000000002	0.00445246	0.00010221500000000001	0.00010326399999999999	0.0018777899999999998	0.0	0.0	0.0	0.12822899999999998	0.000109944	0.0	0.00393222	0.0	0.00608778	0.00209174	0.00399921	0.000357279	0.0	0.0	0.0	0.0	0.0	0.000642052	0.289832	0.000263406	0.000267789	0.0
Sor-CPnd_050-Ex1-3F-lcwgs-1-2-L3-clmp.r1r2_fastp	0.0940521	0.0138694	0.0	0.0	0.0013621800000000002	0.0304013	0.0	0.00328161	0.0017955999999999998	0.0071823799999999995	0.014364799999999999	0.0	0.000123834	0.0	0.0	0.0	0.0	0.0	0.0	0.0	0.0	0.0	0.012816800000000001	0.00334352	0.0126311	0.0	0.0006810879999999999	0.008173060000000001	0.000123834	0.008173060000000001	0.0	0.046190100000000005	0.0497194	0.0829253	0.00452979	0.0	0.00454436	0.00891959	0.00187527	0.0	0.0	0.0	0.000695572	0.00552131	0.0	0.000767692	0.0	0.0	0.0	0.0	6.55735e-05	0.0	0.0	0.0	0.0	0.0	0.000272197	0.0	0.0	0.154374	7.00262e-05	0.0	0.0	0.00946191	0.0137294	0.0	0.0	0.0026687200000000003	0.0	0.000150968	0.00266667	0.0	7.76625e-05	0.0	0.154145	0.000560129	0.000242566	0.000245142	0.0	0.603232	0.000759339	0.0026440599999999997	0.0	0.0	0.0	0.000266919	0.0008088980000000001	0.000181623	0.327702	0.0	0.0	0.000567939	0.0	0.0	0.0	0.0	0.0	0.163367	0.0	0.000102511	0.0	0.0	0.0	0.00127701	0.0	0.0	0.0018603	0.00022091199999999997	0.00111493	0.009566419999999999	0.0	0.0	0.00011576200000000001	0.0	0.158216	0.000119135	0.00360914	0.0161578	0.0	0.0	0.0	0.0036647000000000003	0.00319118	0.0	0.0	0.000263213	0.000398894	0.00309038	0.0	0.00109767	0.0008320370000000001	0.0	0.0017012099999999999	0.0021500200000000003	0.0	0.0	0.00044468299999999997	0.0	0.00106321	0.0	0.0	0.00047496299999999996	0.00288552	0.00454018	0.0109935	0.011300500000000002	0.0137906	0.0103999	0.0	0.0
Sor-CPnd_052-Ex1-6D-lcwgs-1-2-L2-clmp.r1r2_fastp	0.362687	0.0110374	0.0	0.0	0.00010315299999999999	0.0	0.300692	0.000618919	0.00020630599999999999	0.00020630599999999999	0.00020630599999999999	0.0	0.028986	0.0077364899999999995	0.00845856	0.00897433	0.0	0.0	0.0	0.0	0.000928379	0.00030946	0.0005157660000000001	0.0015473	0.101296	0.0	0.0	0.0	0.12120500000000001	0.00010315299999999999	0.0059828799999999994	0.000928379	0.00340406	0.00154923	0.104063	0.014613399999999999	0.242013	0.0	0.0	0.0	0.0	0.0017947800000000002	0.00127244	0.00202407	0.0109202	0.00096867	0.0264075	0.0	0.0	0.00033077199999999996	0.0052169	0.0	0.0	0.0	0.0	0.0	0.00046435	0.33466	0.0	0.13825	0.00060061	0.0	0.0	0.12417500000000001	0.23648800000000003	0.0	0.0	0.0005131070000000001	0.00984756	0.341643	0.000661149	0.0	0.0	0.00013649799999999998	0.10585399999999999	0.00962685	0.00888712	0.00199735	0.0	0.0	0.22287700000000002	0.09682389999999999	0.0	0.0	0.0	0.0	0.00189982	0.0137756	0.0	0.10057899999999999	0.0	0.000672313	0.0	0.340185	0.0	0.000353033	0.0	0.0	0.0	0.0	0.0	0.000190198	0.0	0.00019500599999999998	0.000987227	0.0	0.00101225	0.00943269	0.00643809	0.0	0.0	0.0	0.000218574	0.0	0.0	0.0	0.0	0.23486200000000002	0.0	0.0	0.0	0.0	0.0	0.00682941	0.00435973	0.0	0.0	0.00160375	0.0	0.0	0.0	0.127494	0.0	0.0	0.00295093	0.0	0.00364586	0.000308348	0.0034441	0.0	0.0	0.0	0.0	0.0	0.0	0.00035068	0.29613500000000004	0.0	0.000370521	0.0
Sor-CPnd_052-Ex1-6D-lcwgs-1-2-L3-clmp.r1r2_fastp	0.0798146	0.0162518	0.0	0.0	0.000120384	0.030697899999999997	0.0	0.000963072	0.000120384	0.00782496	0.013483	0.0	0.000120384	0.0	0.0	0.0	0.0	0.0	0.0	0.000481536	0.0	0.0	0.007704579999999999	0.0036115200000000004	0.0115569	0.000120384	0.00132422	0.0108346	0.0	0.0109549	0.0	0.0385229	0.0520059	0.106318	0.0039845	0.00012097799999999999	0.0031531800000000002	0.011188199999999999	0.000243982	0.0	0.0	0.0	0.00012401100000000002	0.00598268	0.00012535200000000002	0.00138703	0.0	0.000127711	0.0	0.0	0.0	0.0	0.0	0.0	0.0	0.0	0.0	0.0	0.0	0.147115	0.0	0.0	0.0	0.0101126	0.00917949	0.0	0.0	0.00076427	0.0	0.000312446	0.0028438200000000004	0.0	0.000161622	0.0	0.155874	0.000502347	0.000338955	0.000343081	0.0	0.5598719999999999	0.00017798	0.00270279	0.0	0.0	0.0	0.0	0.000766303	0.0	0.30101300000000003	0.0	0.0	0.000203762	0.0	0.0	0.0	0.0	0.0	0.140606	0.0	0.0	0.0	0.0	0.0	0.000475836	0.0	0.0	0.00272318	0.0	0.00177878	0.11096	0.0	0.0	0.0	0.0	0.143435	0.000278517	0.0031063799999999997	0.00858529	0.0	0.0	0.0	0.00151183	0.0027602499999999997	0.0	0.0	0.0	0.0	0.0016460399999999999	0.0	0.00101621	0.0006874009999999999	0.0	0.000708235	0.0025154799999999996	0.0	0.0	0.000376054	0.0	0.000388209	0.0	0.0	0.000409596	0.000832577	0.00126779	0.0064399800000000005	0.00872566	0.0101957	0.00451253	0.0	0.0
Sor-CPnd_053-Ex1-2C-lcwgs-1-2-L2-clmp.r1r2_fastp	0.08388469999999999	0.00844775	0.0	0.00029641199999999997	0.0	0.0	0.0521686	0.000741031	0.00014820599999999998	0.00014820599999999998	0.00029641199999999997	0.0	0.00933699	0.0139314	0.00652107	0.012449299999999998	0.0	0.0	0.0	0.0	0.0	0.0005928239999999999	0.0005928239999999999	0.0025195	0.025491499999999997	0.0	0.0	0.0	0.024157599999999998	0.00014820599999999998	0.0025195	0.0011856500000000001	0.00148206	0.0008899750000000001	0.010692	0.0113007	0.0993282	0.0	0.0	0.000149801	0.0	0.0009036910000000001	0.0010576300000000002	0.00181959	0.017043700000000002	0.00045843	0.00782655	0.0	0.0	0.0	0.00531911	0.0	0.0	0.0	0.0	0.0	0.000161979	0.0444894	0.0	0.0260843	0.0	0.0	0.0	0.0154483	0.058663400000000004	0.0	0.0	0.0	0.00493994	0.0288129	0.0	0.0	0.0	0.0	0.0124267	0.00786097	0.0169996	0.00419441	0.0	0.0	0.025860800000000003	0.00494037	0.0	0.0	0.0	0.0	0.000617438	0.0062239899999999996	0.0	0.0033732999999999996	0.0	0.00021423799999999998	0.0	0.0158966	0.0	0.0	0.0	0.0	0.0	0.0	0.0	0.000461887	0.0	0.0	0.0011800900000000002	0.0	0.000239445	0.016155600000000003	0.0038856999999999997	0.0	0.0	0.0	0.0	0.0	0.0	0.0	0.0	0.05082589999999999	0.0	0.0	0.0	0.0	0.0	0.00488538	0.00246105	0.0	0.0	0.000280053	0.0	0.0	0.0	0.00724159	0.0	0.0	0.0035679899999999996	0.0	0.00363305	0.00030571	0.0027798000000000002	0.0	0.0	0.0	0.0	0.0	0.0	0.0	0.0997565	0.0	0.0	0.0
Sor-CPnd_053-Ex1-2C-lcwgs-1-2-L3-clmp.r1r2_fastp	0.06886550000000001	0.0196573	0.0	0.0	0.000130181	0.00351487	0.0	0.0	0.0	0.007680650000000001	0.0149708	0.0	0.000130181	0.0	0.0	0.0	0.0	0.0	0.0	0.000130181	0.0	0.0	0.007290110000000001	0.00351487	0.00833155	0.0	0.0005207219999999999	0.0132784	0.0	0.0132784	0.0	0.0480366	0.062747	0.0186308	0.00404281	0.000130567	0.00196123	0.0102162	0.000131224	0.0	0.0	0.0	0.00013253199999999998	0.00106369	0.000133421	0.0012052999999999999	0.0	0.0	0.0	0.0	0.0	0.0	0.0	0.0	0.0	0.0	0.0	0.0	0.0	0.0957546	0.000144429	0.0	0.0	0.012368	0.00844774	0.0	0.0	0.0	0.0	0.00030677	0.0015448299999999999	0.0	0.000156763	0.0	0.317031	0.0	0.000161688	0.000488893	0.000164258	0.359093	0.0	0.0021858800000000003	0.0	0.0	0.0	0.000173296	0.000174585	0.000351856	0.608959	0.0	0.0	0.000181416	0.0	0.0	0.0	0.0	0.0	0.305527	0.0	0.000192864	0.0	0.0	0.0	0.0	0.0	0.0	0.0016263700000000002	0.0	0.00061926	0.00208003	0.0	0.0	0.0	0.0	0.328964	0.0	0.00549366	0.0106328	0.0	0.0	0.0	0.00114402	0.00161501	0.0	0.0	0.0	0.0	0.00240626	0.0	0.0009799329999999999	0.0012363300000000001	0.0	0.00251913	0.00127118	0.0	0.0	0.00156939	0.0	0.00106798	0.0	0.0	0.000276785	0.000839323	0.00141207	0.00684578	0.010666499999999999	0.00582858	0.00353996	0.0	0.0
Sor-CPnd_054-Ex1-8F-lcwgs-1-2-L2-clmp.r1r2_fastp	0.24052800000000002	0.00870876	0.0	0.0	0.0	0.0	0.19491	0.00124411	0.000207351	0.000829406	0.000829406	0.0	0.0962111	0.00953817	0.00414703	0.0103676	0.0	0.0	0.0	0.0	0.000829406	0.000414703	0.000414703	0.00269557	0.102432	0.0	0.0	0.0	0.11653200000000001	0.0	0.008501410000000001	0.0018661600000000002	0.00456173	0.00103889	0.0518652	0.010237900000000001	0.25641200000000003	0.0	0.0	0.0	0.0	0.00193224	0.0015117400000000001	0.00173907	0.0118204	0.000661336	0.0899436	0.0	0.0	0.0	0.00412806	0.0	0.0	0.0	0.0	0.0	0.00048416999999999997	0.259307	0.0	0.15374	0.0	0.0	0.0	0.07270739999999999	0.229876	0.0	0.0	0.0	0.0093235	0.297283	0.000280449	0.0	0.0	0.0	0.0885026	0.00535727	0.011749899999999999	0.00152486	0.00030882	0.0	0.155165	0.0195661	0.0	0.0	0.0	0.0	0.00273924	0.00728706	0.0	0.012466300000000001	0.0	0.00182817	0.0	0.0502837	0.0	0.0007703539999999999	0.0	0.0	0.0	0.0	0.0	0.0	0.0	0.000847795	0.000857854	0.0	0.00131699	0.007994	0.0053919499999999995	0.0	0.0	0.0	0.0	0.0	0.0	0.0	0.0	0.266578	0.0	0.0	0.0	0.0	0.0	0.00960948	0.00270053	0.0	0.0	0.0016792200000000001	0.0	0.0	0.0	0.12394400000000001	0.0	0.0	0.00365921	0.0	0.00500773	0.000634357	0.00578693	0.0	0.0	0.0	0.0	0.0	0.0	0.00070922	0.29131500000000005	0.0	0.0	0.0
Sor-CPnd_054-Ex1-8F-lcwgs-1-2-L3-clmp.r1r2_fastp	0.121193	0.014187299999999998	0.0	0.0	0.0014427799999999998	0.0411191	0.0	0.00120231	0.000961851	0.0033664800000000003	0.0180347	0.0	0.00024046299999999998	0.0	0.0	0.0	0.0	0.0	0.0	0.000480925	0.0	0.0	0.011061300000000001	0.0031260100000000002	0.0149087	0.0	0.00024046299999999998	0.0120231	0.000480925	0.0122636	0.0	0.0454474	0.0435237	0.125818	0.00531845	0.00048512500000000004	0.0036536399999999997	0.012967799999999998	0.0007376549999999999	0.0	0.0	0.00025028699999999997	0.0007562409999999999	0.015999	0.0007676559999999999	0.00283809	0.0	0.0	0.0	0.0	0.000270245	0.0	0.0	0.0	0.0	0.0	0.0	0.0	0.0	0.147285	0.000301093	0.0	0.0	0.007177650000000001	0.0135912	0.0	0.0	0.00131424	0.0	0.000337374	0.00205199	0.0	0.0	0.0	0.15020999999999998	0.000367308	0.000372727	0.0	0.0	0.6119559999999999	0.0011886099999999999	0.00361952	0.0	0.0	0.0	0.000428141	0.00130448	0.00044166500000000005	0.316804	0.0	0.0	0.000940238	0.0	0.0	0.0	0.0	0.0	0.160746	0.0	0.0	0.0	0.0	0.0	0.0011083999999999998	0.0	0.0	0.00287155	0.0	0.00117618	0.014875000000000001	0.0	0.0	0.0	0.0	0.16215	0.0	0.0038751400000000004	0.0137195	0.0	0.0	0.0	0.0027375299999999997	0.000692775	0.0	0.0	0.0	0.0	0.00220806	0.0	0.000754734	0.0	0.0	0.0007835759999999999	0.00158736	0.0	0.0	0.00082573	0.0	0.0016981700000000001	0.0	0.0	0.0	0.00994377	0.00183103	0.0111315	0.006586750000000001	0.0162186	0.00387477	0.0	0.0
Sor-CPnd_055-Ex1-7G-lcwgs-1-2-L2-clmp.r1r2_fastp	0.11015300000000001	0.012346	0.0	0.000147856	0.0	0.0	0.0439132	0.00229177	0.000147856	0.000147856	0.00103499	0.0	0.0137506	0.00968457	0.00694923	0.00909315	0.0	0.0	7.3928e-05	0.0	0.0013307	0.00036963999999999996	0.00162642	0.00280926	0.0168556	0.0	0.0	0.0	0.019812700000000003	0.000221784	0.009241000000000001	0.00206998	0.00524889	0.0015548100000000002	0.013278000000000002	0.0152394	0.29686	0.0	0.0	0.0	0.0	0.00333862	0.00121973	0.00245158	0.0129415	0.000697254	0.012314100000000001	0.0	0.0	0.000397222	0.0047195299999999996	0.0	0.0	0.0	0.0	0.0	0.0005863379999999999	0.42740800000000007	0.0	0.14854	0.000953402	0.0	0.0	0.146289	0.30187	0.0	0.0	0.000369956	0.00905963	0.432133	0.0013335	0.0	0.0	0.000196452	0.006947769999999999	0.00822503	0.0109508	0.0022549500000000004	0.0	0.0	0.276877	0.0036396400000000004	0.0	0.0	0.0	0.0	0.00192093	0.0109647	0.0	0.0019844199999999998	0.0	0.0017903499999999998	0.0	0.422759	0.0	0.000124795	0.0	0.0	0.0	0.0	0.0	0.00133596	0.0	0.000546843	0.000553112	0.0	0.00155713	0.012175	0.00840604	0.0	0.0	0.0	0.0	0.0	0.0	0.0	0.0	0.300781	0.0	0.0	0.0	0.0	0.0	0.012362000000000001	0.00476125	0.0	0.0	0.0020157400000000002	0.0	0.0	0.0	0.005600470000000001	0.0	0.0	0.00462471	0.0	0.00640814	0.00188733	0.00957677	0.000216148	0.0	0.0	0.0	0.0	0.0	0.00023694799999999998	0.360355	0.000489019	0.0	0.0
Sor-CPnd_055-Ex1-7G-lcwgs-1-2-L3-clmp.r1r2_fastp	0.0806098	0.023931	0.0	0.0	0.00134949	0.00539798	0.0	0.000539798	0.000539798	0.00728727	0.0230314	0.0	0.0	0.0	0.0	0.0	0.0	0.0	0.0	0.0	0.0	0.0	0.0125053	0.00494815	0.014484599999999999	0.0	0.000899663	0.0143046	8.996629999999999e-05	0.014664499999999999	0.0	0.0532601	0.0645059	0.0291965	0.00505566	0.000271439	0.00435489	0.012286600000000002	0.00036528	0.0	0.0	9.24339e-05	0.0	0.00140041	0.00018774700000000002	0.0012276000000000001	0.0	0.0	0.0	0.0	0.0	0.0	0.0	0.0	0.0	0.0	0.0	0.0	0.0	0.187255	0.0	0.0	0.0	0.0106398	0.0167284	0.0	0.0	0.000685417	0.0	0.000583226	0.0036542	0.0	0.000120434	0.0	0.188039	0.000622683	0.000251937	0.000509552	0.0	0.7568980000000001	0.0014498199999999999	0.00506547	0.0	0.000136371	0.0	0.0	0.0012699	0.0009990049999999999	0.407186	0.0	0.0	0.00014947099999999998	0.0	0.0	0.0	0.0	0.0	0.18916	0.0	0.000327897	0.0	0.0	0.0	0.0010316099999999999	0.0	0.0	0.0021389399999999998	0.0	0.00127804	0.00129381	0.0	0.0	0.0	0.0	0.196429	0.00019889799999999998	0.00342366	0.0185599	0.000206501	0.0	0.0	0.0017164600000000002	0.00521676	0.0	0.0	0.000452035	0.0	0.0016245399999999998	0.0	0.0011915299999999999	0.00169056	0.000244821	0.00223347	0.00251602	0.0	0.0	0.000524837	0.0	0.0	0.0	0.0	0.000568907	0.0005774889999999999	0.00117172	0.0133726	0.00875316	0.0150183	0.00311698	0.0	0.0
Sor-CPnd_058-Ex1-2G-lcwgs-1-2-L2-clmp.r1r2_fastp	0.0778934	0.0122376	0.0	0.0	0.0	0.0	0.0487562	0.000582744	0.000388496	0.0	0.0009712400000000001	0.0	0.00796417	0.013014600000000001	0.004661950000000001	0.00874116	0.0	0.0	0.0	0.0	0.0	0.000776992	0.000194248	0.0021367300000000003	0.015151300000000001	0.0	0.0	0.0	0.00912965	0.0	0.00291372	0.0011654900000000001	0.0011654900000000001	0.0013609400000000002	0.00895321	0.0128641	0.131574	0.0	0.0	0.0	0.0	0.000988619	0.0007936649999999999	0.0035857099999999998	0.0170046	0.00120584	0.00706938	0.0	0.0	0.0	0.003926809999999999	0.0	0.0	0.0	0.0	0.0	0.0	0.0606936	0.0	0.038499399999999996	0.0	0.0	0.0	0.0176954	0.05896710000000001	0.0	0.0	0.0	0.00436085	0.0355393	0.0004960370000000001	0.0	0.0	0.0	0.00834326	0.00634194	0.016336	0.00542882	0.00027524	0.0	0.025460800000000002	0.0037281299999999996	0.0	0.0	0.0	0.0	0.000612332	0.00496487	0.0	0.00318649	0.0	0.000654305	0.0	0.0161245	0.0	0.0	0.0	0.0	0.0	0.0	0.0	0.000369806	0.0	0.0	0.00229984	0.0	0.0007849290000000001	0.0170796	0.00442014	0.0	0.0	0.0	0.0	0.0	0.0	0.0	0.0	0.0439391	0.0	0.0	0.0	0.0	0.0	0.00241704	0.00195907	0.0	0.0	0.0015264599999999999	0.0	0.0	0.0	0.0059109900000000005	0.0	0.000552813	0.00224286	0.0	0.0017316099999999997	0.0	0.00297686	0.0006055580000000001	0.0	0.0	0.0	0.0	0.0	0.0006688779999999999	0.12372	0.0	0.0	0.0
Sor-CPnd_058-Ex1-2G-lcwgs-1-2-L3-clmp.r1r2_fastp	0.0700435	0.020450700000000002	0.0	0.0	0.0005112669999999999	0.00289718	0.0	0.00017042200000000002	0.00017042200000000002	0.00903238	0.019087299999999998	0.0	0.00017042200000000002	0.0	0.0	0.0	0.0	0.0	0.0	0.0	0.0	0.0	0.0063056200000000005	0.00664647	0.0110774	0.00017042200000000002	0.00102253	0.0163605	0.00017042200000000002	0.016701399999999998	0.0	0.044821	0.05879569999999999	0.0170566	0.004439159999999999	0.000341888	0.00547866	0.0109763	0.000171864	0.0	0.0	0.0	0.0	0.000697703	0.0	0.0024618599999999997	0.0	0.0	0.0	0.0	0.000180394	0.0	0.0	0.0	0.000184969	0.0	0.0	0.0	0.0	0.10444600000000001	0.0	0.0	0.0	0.016294200000000002	0.00922167	0.0	0.0	0.0	0.0	0.00021050799999999998	0.00106376	0.0	0.0	0.0	0.307367	0.0	0.00022783700000000002	0.00023064399999999998	0.0	0.38486000000000004	0.0	0.0019378999999999998	0.0	0.0	0.0	0.000254274	0.00102931	0.000520905	0.618812	0.0	0.0	0.000547728	0.0	0.0	0.0	0.0	0.0	0.313714	0.0	0.0009088789999999999	0.0	0.0	0.0	0.0	0.0	0.0	0.00429765	0.000669588	0.0023732700000000002	0.00240377	0.0	0.0	0.0	0.0	0.333829	0.0	0.00450946	0.00799342	0.0	0.0	0.0	0.0012047	0.00122116	0.0	0.0	0.00042382600000000003	0.0	0.0008723450000000001	0.0	0.0	0.000910258	0.0	0.00140613	0.0033272499999999995	0.0	0.0	0.0014917300000000001	0.0	0.000513563	0.0	0.0	0.0	0.000551548	0.00112003	0.0068252	0.00983278	0.00647329	0.00299645	0.0	0.0
Sor-CPnd_063-Ex1-7D-lcwgs-1-2-L2-clmp.r1r2_fastp	0.369522	0.0127043	0.0	7.842150000000001e-05	0.0	0.0	0.29706099999999996	0.0015684300000000002	0.000392108	0.0006273720000000001	0.0009410579999999999	0.0	0.0177233	0.0090969	0.005097399999999999	0.00823426	0.0	0.0	7.842150000000001e-05	0.0	0.0012547399999999998	0.000705794	0.0012547399999999998	0.0027447500000000002	0.10485	0.0	0.0	0.0	0.130101	0.000235265	0.00964585	0.00235265	0.00611688	0.00133475	0.10237	0.0140981	0.23241799999999999	0.0	0.0	0.0	0.0	0.00208211	0.000562735	0.00234063	0.012160899999999999	0.001059	0.0174396	0.0	0.0	0.000499453	0.004019460000000001	0.0	0.0	0.0	0.0	0.0	8.71447e-05	0.345685	0.0	0.136415	0.000718255	0.0	0.0	0.116866	0.253235	0.0	0.0	0.0007606749999999999	0.010168	0.34221799999999997	0.000780889	0.0	0.0	0.000300935	0.10368599999999999	0.00654234	0.0111469	0.00218861	0.00021046499999999998	0.0	0.234453	0.0953668	0.0	0.0	0.0	0.0	0.0018232	0.0103607	0.0	0.10247200000000001	0.0	0.0009600359999999999	0.0	0.328899	0.0	0.0	0.0	0.0	0.0	0.0	0.0	0.000533754	0.0	0.000136404	0.00193102	0.0	0.00183321	0.0109813	0.0080763	0.0	0.0	0.0	0.0	0.0	0.0	0.0	0.0	0.23356800000000003	0.0	0.0	0.0	0.0	0.0	0.0104569	0.00485766	0.0	0.0	0.000719528	0.0	0.0	0.0	0.128861	0.0	0.0	0.0029438299999999997	0.0	0.00866155	0.00122493	0.007243329999999999	0.000839879	0.0	0.0	0.0	0.0	0.0	0.000228915	0.277203	0.000235721	0.00024009000000000001	0.0
Sor-CPnd_063-Ex1-7D-lcwgs-1-2-L3-clmp.r1r2_fastp	0.08264210000000001	0.0200515	0.0	0.0	0.0017802700000000002	0.028578000000000003	0.0	0.0008432860000000001	0.0008432860000000001	0.0060904	0.02052	0.0	9.36985e-05	0.0	0.0	0.0	0.0	0.0	0.0	9.36985e-05	0.0	0.0	0.0113375	0.00384164	0.0121808	9.36985e-05	0.00046849200000000004	0.010213100000000001	0.000187397	0.0104005	0.0	0.0489106	0.056312799999999996	0.10263399999999999	0.00469798	0.0	0.0033014900000000002	0.00955087	0.00028446	0.0	0.0	0.0	0.0	0.0028978	9.7046e-05	0.0010729000000000001	0.0	0.0	0.0	0.0	0.00020075100000000002	0.0	0.0	0.0	0.0	0.0	0.00010475299999999999	0.0	0.0	0.15178	0.0	0.0	0.0	0.00787753	0.0173487	0.0	0.0	0.000575064	0.0	0.000234391	0.00307645	0.00011946999999999999	0.0	0.0	0.147706	0.000497414	0.000753692	0.000126928	0.0	0.560541	0.00157207	0.00423601	0.0	0.0	0.0	0.0	0.000976791	0.000282084	0.291153	0.0	0.0	0.0	0.0	0.0	0.0	0.0	0.0	0.159953	0.0	0.000160784	0.0	0.0	0.0	0.00134508	0.0	0.0	0.0020869900000000004	0.0	0.00124552	0.11196400000000001	0.0	0.0	0.000186439	0.0	0.150779	0.00019308600000000003	0.00488422	0.0181908	0.0	0.0	0.0	0.00165938	0.00209912	0.0	0.0	0.000435337	0.0	0.0017851800000000001	0.0	0.00045766499999999995	0.0016221900000000001	0.00023479699999999997	0.00190274	0.00240969	0.0	0.0	0.000500971	0.0	0.00103034	0.0	0.0	0.000539671	0.0010948700000000002	0.0019416	0.0112455	0.007989699999999999	0.014472	0.0035275299999999996	0.0	0.0
Sor-CPnd_066-Ex1-8B-lcwgs-1-2-L2-clmp.r1r2_fastp	0.126181	0.00335184	0.0	0.000108124	0.000108124	0.0	0.056548799999999996	0.000108124	0.0	0.000540619	0.0007568669999999999	0.0	0.022165400000000002	0.00875803	0.00789304	0.00908241	0.0	0.0	0.0	0.0	0.000216248	0.000108124	0.0	0.00205435	0.023571	0.0	0.0	0.0	0.09698709999999999	0.0	0.007352419999999999	0.00237873	0.00540619	0.00129886	0.0261185	0.009335099999999999	0.27881999999999996	0.0	0.0	0.0	0.0	0.00022022100000000002	0.00143603	0.00144097	0.0117933	0.000111692	0.0197403	0.0	0.0	0.00045480499999999997	0.00571207	0.0	0.0	0.0	0.0	0.0	0.000235746	0.326115	0.0	0.150986	0.00024127300000000002	0.0	0.0	0.0831708	0.308444	0.0	0.0	0.000126003	0.00228273	0.433785	0.000128507	0.0	0.0	0.0	0.016506100000000003	0.00851091	0.0104469	0.00148371	0.0	0.0	0.18435400000000002	0.0052735	0.0	0.0	0.0	0.0	0.000575161	0.0139026	0.0	0.00190908	0.0	0.000148944	0.0	0.0711808	0.0	0.0	0.0	0.0	0.0	0.0	0.0	0.000319585	0.0	0.000810234	0.0016319799999999999	0.0	0.00016552600000000001	0.00933604	0.000671491	0.0	0.0	0.0	0.0	0.0	0.0	0.0	0.0	0.308125	0.0	0.0	0.0	0.0	0.0	0.0145906	0.000376955	0.00018991	0.00019139	0.0015429100000000002	0.0	0.0	0.0	0.00537277	0.0	0.000202225	0.000407785	0.0	0.00808642	0.00209187	0.0	0.00063931	0.0	0.0	0.0	0.0	0.0	0.0	0.34978499999999996	0.0	0.00023339499999999998	0.0
Sor-CPnd_066-Ex1-8B-lcwgs-1-2-L3-clmp.r1r2_fastp	0.0782107	0.0059418	0.0	0.0	0.000276363	0.0169963	0.0	0.000138181	0.0	0.0060799800000000005	0.0110545	0.0	0.000138181	0.0	0.0	0.0	0.0	0.0	0.0	0.0	0.0	0.0	0.00663271	0.000138181	0.008290889999999999	0.0	0.00041454400000000003	0.00939634	0.0	0.00925816	0.0	0.054029	0.0397963	0.043023399999999996	0.00415617	0.0	0.00027811400000000004	0.00836188	0.000139696	0.0	0.0	0.0	0.0	0.00142016	0.0	0.000859296	0.0	0.0	0.0	0.0	0.000146897	0.0	0.0	0.0	0.0	0.0	0.000608721	0.0	0.0	0.19685700000000003	0.000312275	0.0	0.0	0.00892136	0.0104262	0.0	0.0	0.00016375599999999998	0.0	0.0	0.000334745	0.0	0.000169861	0.0	0.202592	0.00034748799999999996	0.0	0.0	0.0	0.7195400000000001	0.000902912	0.000363941	0.0	0.0	0.0	0.00018758999999999998	0.000945046	0.00019043	0.415061	0.0	0.0	0.000392695	0.0	0.0	0.0	0.0	0.0	0.199037	0.0	0.00020833699999999998	0.0	0.0	0.0	0.000428951	0.0	0.000217626	0.0	0.00022082400000000003	0.0	0.00246404	0.0	0.0	0.0	0.0	0.20564200000000002	0.0	0.00377456	0.010697100000000001	0.0	0.0	0.0	0.00098002	0.000493802	0.0	0.0	0.0	0.0	0.00128407	0.0	0.0	0.0013159	0.0	0.00187226	0.00053947	0.0	0.0	0.000553645	0.0	0.000281869	0.0	0.0	0.0	0.0	0.0005928260000000001	0.0017946400000000001	0.0072504	0.007624069999999999	0.00246475	0.0	0.0
Sor-CPnd_069-Ex1-6B-lcwgs-1-2-L2-clmp.r1r2_fastp	0.10433899999999999	0.0011139400000000001	0.0	9.28286e-05	0.0	0.0	0.0510557	9.28286e-05	0.0	0.0	0.000371314	0.0	0.0121605	0.00854023	0.00928286	0.0101183	0.0	0.0	0.0	0.0	0.0	9.28286e-05	0.0	0.0011139400000000001	0.018937000000000002	0.0	0.0	0.0	0.0957063	0.0	0.00408446	0.0011139400000000001	0.00287769	0.0013939	0.0195375	0.0071747	0.27544399999999997	0.0	0.0	0.0	0.0	0.00018889799999999998	0.00066318	0.0021863200000000003	0.0115423	0.0	0.0104748	0.0	0.0	9.729230000000001e-05	0.005178970000000001	0.0	0.0	0.0	0.0	0.0	0.000201016	0.400119	0.0	0.138268	0.000307726	0.0	0.0	0.136475	0.282489	0.0	0.0	0.000212951	0.0018201200000000002	0.41451899999999997	0.0	0.0	0.0	0.0	0.0120801	0.010591699999999999	0.00975818	0.00203134	0.000113547	0.0	0.274968	0.00520563	0.0	0.0	0.0	0.0	0.000238583	0.0160859	0.0	0.0026750700000000003	0.0	0.000123161	0.0	0.41372400000000004	0.0	0.0	0.0	0.0	0.0	0.0	0.0	0.0	0.0	0.00013322	0.00187769	0.0	0.0	0.0108114	0.00192844	0.0	0.0	0.0	0.0	0.0	0.0	0.0	0.0	0.279056	0.0	0.0	0.0	0.0	0.0	0.00826046	0.0	0.0	0.0	0.00110311	0.0	0.0	0.0	0.00325025	0.0	0.0	0.000166395	0.0	0.00524215	0.0	0.000344333	0.000347623	0.0	0.0	0.0	0.0	0.0	0.0	0.34843399999999997	0.0	0.0	0.0
Sor-CPnd_069-Ex1-6B-lcwgs-1-2-L3-clmp.r1r2_fastp	0.06728809999999999	0.0038153099999999997	0.0	0.0	0.000231231	0.0064744600000000005	0.0	0.000115615	0.000115615	0.00728377	0.0108678	0.0	0.0	0.0	0.0	0.0	0.0	0.0	0.0	0.0	0.0	0.0	0.00682131	0.000231231	0.0102898	0.0	0.000578077	0.00959607	0.000115615	0.00948046	0.0	0.0431245	0.0386155	0.024884499999999997	0.0050995699999999995	0.000232174	0.000465197	0.010372600000000001	0.000350455	0.0	0.0	0.0	0.000118193	0.0014233899999999999	0.0	0.0013152	0.0	0.000120627	0.0	0.0	0.0	0.0	0.0	0.0	0.0	0.0	0.0	0.0	0.0	0.179375	0.0	0.0	0.0	0.0085311	0.00897447	0.0	0.0	0.000134336	0.0	0.000407873	0.000547175	0.0	0.0	0.0	0.182621	0.000141159	0.0	0.000142983	0.0	0.679101	0.0	0.000439979	0.0	0.0	0.0	0.0	0.000605831	0.000304848	0.360845	0.0	0.0	0.00031290500000000004	0.0	0.0	0.0	0.0	0.0	0.17532699999999998	0.0	0.00016516500000000002	0.0	0.0	0.0	0.000509297	0.0	0.0	0.0	0.000349136	0.0	0.00265519	0.0	0.0	0.0	0.0	0.190129	0.0	0.00540095	0.0108822	0.0	0.0	0.0	0.00115988	0.00038965900000000004	0.0	0.0	0.00039881199999999996	0.0	0.0036446399999999998	0.0	0.0	0.0008294369999999999	0.0	0.00168561	0.000637259	0.0	0.0	0.000871025	0.0	0.000221764	0.0	0.0	0.0	0.00023087999999999998	0.000698495	0.00117418	0.0101961	0.00670116	0.000725524	0.0	0.0
Sor-CPnd_072-Ex1-8C-lcwgs-1-2-L2-clmp.r1r2_fastp	0.24482399999999999	0.0124189	0.0	0.00011715900000000001	7.81061e-05	0.0	0.20143600000000003	0.000859168	7.81061e-05	0.000546743	0.0013278	0.0	0.013278000000000002	0.00894315	0.00742008	0.009099369999999999	0.0	0.0	7.81061e-05	0.0	0.000546743	0.000195265	0.00039053100000000006	0.0021479199999999998	0.11833099999999999	3.90531e-05	0.0	0.0	0.133093	7.81061e-05	0.00851357	0.00218697	0.00542838	0.000742817	0.042430499999999996	0.014738300000000001	0.26079800000000003	0.0	0.0	0.0	0.0	0.00261802	0.000835117	0.0022328	0.010995399999999999	0.000601521	0.011544	0.0	0.0	0.000121853	0.00440153	0.0	0.0	0.0	0.0	0.0	4.1649699999999995e-05	0.296949	0.0	0.134165	0.00046537799999999996	0.0	0.0	0.08428189999999999	0.27769900000000003	0.0	0.0	0.00034849100000000004	0.00910097	0.40089699999999995	0.000838807	0.0	0.0	0.0	0.0931194	0.00912575	0.010258	0.00218909	0.0	0.0	0.166	0.0205493	0.0	0.0	0.0	0.0	0.0016680800000000002	0.013028099999999999	0.0	0.0144157	0.0	0.000977287	0.0	0.0667904	0.0	0.000349081	0.0	5.03618e-05	0.0	0.0	0.0	0.00041086199999999996	0.0	0.0005187120000000001	0.00166804	0.0	0.0011580899999999999	0.00936361	0.007708840000000001	0.0	0.0	0.0	0.00032545100000000004	5.45135e-05	0.0	0.0	0.0	0.27616799999999997	0.0	0.0	0.0	0.0	0.0	0.0116622	0.004678610000000001	0.0	0.0	0.0012919	0.0	5.9394799999999996e-05	0.0	0.0129801	0.0	6.0814200000000005e-05	0.00354866	0.0	0.00632018	0.00224569	0.0059679	0.00025315900000000003	0.0	0.0	0.0	6.52803e-05	0.0	0.000198589	0.309212	0.000134439	0.00040790399999999995	0.0
Sor-CPnd_072-Ex1-8C-lcwgs-1-2-L3-clmp.r1r2_fastp	0.0805272	0.0187083	0.0	0.0	0.0010676000000000001	0.010167599999999999	0.0	0.000254189	0.00035586499999999997	0.00650725	0.0150989	0.0	0.0	0.0	0.0	0.0	0.0	0.0	0.0	0.0	0.0	0.0	0.013421200000000001	0.00416871	0.0127603	5.08379e-05	0.000762568	0.0069139499999999994	0.0	0.0069139499999999994	0.0	0.0510921	0.057395999999999996	0.036139	0.00524973	0.000408379	0.00296608	0.00958209	0.0	0.0	0.0	0.0	0.00015569	0.00176998	0.000104448	0.000890739	0.0	0.0	0.0	0.0	0.0	0.0	0.0	0.0	0.0	0.0	0.00021890900000000001	0.0	0.0	0.186618	0.000167138	0.0	0.0	0.00796593	0.0164614	0.0	0.0	0.00028800500000000003	0.0	0.000232697	0.00239735	0.0	5.90802e-05	0.0	0.18594	0.0006003709999999999	0.000120723	0.00030345100000000005	0.000183069	0.680107	0.00111028	0.00390732	0.0	0.000125402	0.0	0.000126786	0.000764909	0.0006409380000000001	0.38115699999999997	0.0	0.0	0.00039308100000000004	0.0	0.0	0.0	0.0	0.0	0.189187	0.0	0.000273622	0.0	0.0	0.0	0.000978025	0.0	0.0	0.00248348	0.00021397200000000002	0.00100377	0.0110977	0.0	0.0	0.0	0.0	0.183457	7.43678e-05	0.00358856	0.017064	7.55797e-05	0.0	0.0	0.00130623	0.00231807	0.0	0.0	0.000707368	0.0	0.00151078	0.0	0.000885162	0.00105244	0.000244356	0.0011474100000000002	0.00263918	0.0	0.0	0.000588616	0.0	0.0009381039999999999	0.0	0.0	0.000437643	0.000176348	0.00275103	0.011971899999999999	0.010083	0.01197	0.00557763	0.0	0.0
Undetermined-L2-clmp.r1r2_fastp	0.82148	0.0137074	0.0	0.00252421	9.74391e-05	0.0	0.26748900000000003	0.00380303	0.000515797	0.0063165700000000005	0.0016370699999999998	0.0	0.22677	0.116369	0.010983	0.0114377	0.0	1.45431e-06	0.099719	0.0	0.0015759900000000002	0.014166499999999999	0.00193327	0.00289021	0.0945057	2.47233e-05	0.0	2.7632e-05	0.11046199999999999	0.00384133	0.015001700000000001	0.00281071	0.0255756	0.00134523	0.098652	0.0334735	0.288127	4.87324e-07	0.0	0.000245928	2.49815e-05	0.0036493299999999997	0.00431902	0.00256205	0.0151626	0.00108302	0.225198	4.98524e-07	5.20061e-05	0.000321558	0.006239529999999999	4.0403e-06	0.0	0.00024213000000000001	5.87172e-05	0.0	0.0986399	0.26092099999999996	0.0	0.180907	0.0010144499999999999	0.0	0.0	0.0997735	0.167432	2.94347e-05	0.0	0.000799748	0.014015499999999998	0.242582	0.00126391	0.0	0.0	0.000261365	0.0931561	0.011557000000000001	0.012902700000000001	0.0015528100000000002	0.00013920500000000002	0.0	0.166171	0.08729630000000001	0.0	2.41911e-05	0.0	4.7790199999999995e-05	0.00223752	0.0168688	0.00041467200000000004	0.0865744	0.0	0.0031248699999999996	0.0	0.269944	0.0	0.000393315	0.0	0.000170995	0.0	0.0	0.0	0.0036702999999999996	6.79019e-05	0.0007310039999999999	0.00130206	0.0	0.00279942	0.009224300000000001	0.00981993	3.97952e-05	0.0	0.0	0.000293611	0.000369588	0.0	0.0	0.0	0.161328	0.0	0.0	0.0	0.0	0.0	0.013362700000000002	0.00670688	0.000254627	0.000542241	0.0038991800000000004	0.0	0.000130229	0.0	0.193445	4.12352e-05	0.000577942	0.00323413	9.593859999999999e-05	0.013437099999999999	0.00171357	0.008979969999999999	0.000287054	0.0	0.0	0.0	1.7924799999999998e-05	0.0	0.0815308	0.198086	0.0024289100000000003	0.000252365	0.0
Undetermined-L3-clmp.r1r2_fastp	0.345708	0.0167787	0.0	0.0	0.0018213600000000002	0.10066299999999999	0.0	0.16431	0.0796898	0.006159980000000001	0.040923	2.15279e-05	0.000127665	5.00649e-07	3.35435e-05	0.0	6.0077899999999996e-05	0.0	0.0	0.000157204	0.00015920599999999998	5.00649e-07	0.014441200000000001	0.00435314	0.0145033	6.90895e-05	0.000613795	0.0057119	0.000114649	0.0058070299999999995	3.75487e-05	0.07018350000000001	0.0440216	0.23006	0.0057848	0.000368958	0.046391800000000004	0.0100321	0.0429047	2.02026e-06	0.0	0.000365105	0.0025046	0.09110019999999999	0.00016294499999999998	0.0013445500000000001	0.0	5.5130800000000004e-05	1.1888e-05	7.2597999999999995e-06	4.42267e-05	0.0	0.0287149	0.0	0.0280248	3.39253e-05	0.000723823	0.026867699999999998	0.0	0.0876772	0.000195423	2.0663e-05	0.0	0.0060932	0.0151682	0.0	0.0	0.155743	3.31815e-05	0.00034087200000000004	0.00394584	0.000204507	0.000190676	0.0	0.078533	0.0006726519999999999	0.00175341	0.00102052	3.9798999999999996e-05	0.33106199999999997	0.00119977	0.0034972000000000002	5.29353e-05	5.26528e-05	0.0	0.0005760359999999999	0.000697097	0.00040643	0.1552	0.013390599999999999	0.0	0.00138485	0.0	1.0469800000000001e-05	0.0	0.00779844	0.0	0.0764009	0.0	0.000193473	0.0	0.0	0.0	0.00117328	0.0	1.21791e-05	0.00234073	0.00021626299999999999	0.0011981799999999999	0.08575619999999999	0.0	0.0	0.00450255	0.0	0.07649399999999999	0.000202687	0.00250902	0.013340499999999998	4.24423e-05	0.0	0.0	0.00827909	0.0086257	2.51678e-06	0.0	0.0003344	0.000316938	0.00448081	0.0	0.0026985200000000003	0.000733438	0.000283332	0.00111672	0.00209187	1.8741e-06	0.00011270500000000001	0.00187595	0.0	0.00218334	0.0	6.53314e-05	0.00047010899999999997	0.0837375	0.00291762	0.0122161	0.00727656	0.0925298	0.18438300000000002	0.0	0.0
