Sample	1	2	3	4	5	6	7	8	9	10	11	12	13	14	15	16	17	18	19	20	21	22	23	24	25	26	27	28	29	30	31	32	33	34	35	36	37	38	39	40	41	42	43	44	45	46	47	48	49	50	51	52	53	54	55	56	57	58	59	60	61	62	63	64	65	66	67	68	69	70	71	72	73	74	75	76	77	78	79	80	81	82	83	84	85	86	87	88	89	90	91	92	93	94	95	96	97	98	99	100	101	102	103	104	105	106	107	108	109	110	111	112	113	114	115	116	117	118	119	120	121	122	123	124	125	126	127	128	129	130	131	132	133	134	135	136	137	138	139	140	141	142	143	144	145	146	147	148	149	150
Sor-ACeb_001-Ex1-8E-lcwgs-1-2-L2-clmp.r1r2_fastp	39.1221	39.3076	39.2721	39.2909	39.1531	38.9863	39.0961	39.1585	39.1771	39.363	39.5781	39.6644	39.6991	39.7119	39.7292	39.8098	39.8048	39.7999	39.8077	39.8136	39.8221	39.8218	39.8234	39.8276	39.8176	39.6151	39.6163	39.6268	39.6341	39.6453	39.6465	39.6724	39.6742	39.6885	39.6852	39.698	39.6981	39.7016	39.7044	39.7128	39.7129	39.7173	39.7182	39.7339	39.7266	39.7248	39.7323	39.7294	39.7309	39.7353	39.7317	39.7472	39.7462	39.7337	39.7407	39.7518	39.7508	39.7451	39.7505	39.7516	39.7414	39.7499	39.752	39.7525	39.7387	39.7529	39.7484	39.7463	39.7497	39.7387	39.7378	39.724	39.726	39.7398	39.7323	39.7331	39.7305	39.7278	39.728	39.7187	39.7126	39.7179	39.71	39.7099	39.7028	39.7063	39.7005	39.6984	39.6924	39.687	39.6953	39.6897	39.6811	39.6629	39.6664	39.6572	39.6561	39.653	39.6458	39.6355	39.6298	39.6182	39.6192	39.6078	39.6056	39.6051	39.5932	39.5904	39.5922	39.5901	39.5643	39.5598	39.5503	39.5417	39.5216	39.5329	39.5294	39.5048	39.5086	39.5033	39.4956	39.4822	39.4967	39.4863	39.4713	39.4737	39.4584	39.4307	39.4469	39.4421	39.4325	39.4199	39.4143	39.4061	39.3972	39.3763	39.3907	39.3411	39.3391	39.3453	39.3482	39.29	39.2879	39.2621	39.2339	39.1994	39.1547	39.1425	39.1861	39.5165
Sor-ACeb_001-Ex1-8E-lcwgs-1-2-L3-clmp.r1r2_fastp	39.153	39.3086	39.2921	39.3554	39.1997	38.9639	39.1333	39.1477	39.14	39.3576	39.5511	39.635	39.6809	39.6646	39.7027	39.7925	39.7965	39.7995	39.8108	39.8137	39.8189	39.82	39.8201	39.825	39.8154	39.5889	39.5971	39.6093	39.6272	39.6272	39.6311	39.6543	39.6505	39.6667	39.6647	39.6732	39.6941	39.6969	39.7021	39.7071	39.7097	39.7123	39.7186	39.727	39.7195	39.7192	39.7265	39.7311	39.7113	39.731	39.7265	39.7435	39.7416	39.7346	39.7393	39.7486	39.7545	39.7477	39.7477	39.7482	39.7393	39.7437	39.7456	39.7423	39.7365	39.744	39.7375	39.7294	39.7363	39.7329	39.7233	39.7209	39.7183	39.7265	39.7314	39.7211	39.7154	39.7101	39.7088	39.7126	39.7029	39.7045	39.7022	39.7005	39.6897	39.6789	39.6881	39.6759	39.6757	39.6597	39.6519	39.6611	39.651	39.6263	39.6282	39.6227	39.6231	39.6128	39.6113	39.6033	39.5839	39.5947	39.57	39.5538	39.5775	39.5578	39.5471	39.544	39.5618	39.5193	39.5261	39.5217	39.5192	39.4979	39.4763	39.4839	39.4872	39.4873	39.4677	39.4625	39.4484	39.4485	39.4519	39.4439	39.4299	39.4344	39.4222	39.4408	39.4028	39.3707	39.3837	39.3731	39.3461	39.3449	39.3488	39.3394	39.3397	39.3272	39.3	39.2964	39.2883	39.2531	39.2562	39.1931	39.1804	39.1465	39.1102	39.114	39.1056	39.4657
Sor-ACeb_002-Ex1-9E-lcwgs-1-2-L2-clmp.r1r2_fastp	39.0591	39.2468	39.2202	39.2584	39.1797	39.1055	39.2451	39.2899	39.3112	39.4469	39.6169	39.6888	39.7124	39.7328	39.7517	39.8067	39.7979	39.8119	39.8207	39.82	39.8316	39.8333	39.8326	39.8353	39.8059	39.6238	39.6157	39.6401	39.6608	39.6551	39.6593	39.6774	39.6858	39.7043	39.7039	39.7161	39.7124	39.7174	39.7298	39.7401	39.7287	39.7204	39.7362	39.7479	39.7547	39.7572	39.7608	39.7582	39.7506	39.7491	39.749	39.7696	39.7752	39.7626	39.7719	39.7932	39.7749	39.7821	39.7888	39.7795	39.787	39.7902	39.795	39.7907	39.7823	39.7929	39.7949	39.8027	39.7822	39.7789	39.7944	39.7748	39.7684	39.7731	39.7916	39.7755	39.7545	39.7551	39.7738	39.7602	39.7381	39.725	39.7316	39.7442	39.7355	39.7393	39.723	39.7181	39.7303	39.7116	39.7524	39.7212	39.7222	39.7166	39.707	39.7014	39.7136	39.7201	39.7085	39.7173	39.7231	39.6894	39.6862	39.6558	39.6595	39.6543	39.6198	39.6378	39.622	39.6139	39.6706	39.6103	39.6638	39.615	39.5751	39.5704	39.5958	39.608	39.6092	39.615	39.6026	39.5846	39.6015	39.604	39.5846	39.5987	39.5662	39.5272	39.5733	39.5856	39.5233	39.5538	39.5295	39.5269	39.5141	39.5161	39.4589	39.5033	39.4905	39.4852	39.4727	39.4173	39.4159	39.4234	39.4311	39.4301	39.3776	39.4172	39.3707	39.6318
Sor-ACeb_002-Ex1-9E-lcwgs-1-2-L3-clmp.r1r2_fastp	39.0953	39.2894	39.2789	39.3544	39.2251	38.9715	39.1479	39.1872	39.147	39.3806	39.5938	39.6388	39.6991	39.6904	39.7118	39.8008	39.7944	39.793	39.8184	39.8229	39.8282	39.8251	39.8302	39.8365	39.824	39.6215	39.6144	39.6325	39.6435	39.6586	39.6642	39.6859	39.6881	39.6957	39.6994	39.709	39.7293	39.7318	39.7316	39.7474	39.754	39.7438	39.7613	39.7715	39.7608	39.7648	39.7756	39.773	39.7609	39.7811	39.7722	39.7857	39.8005	39.7715	39.792	39.7981	39.8077	39.804	39.7988	39.8001	39.7967	39.7971	39.7963	39.7887	39.7837	39.7881	39.7923	39.7636	39.788	39.788	39.7895	39.7699	39.7821	39.7815	39.7943	39.7989	39.7782	39.7812	39.7831	39.7596	39.7536	39.7618	39.7645	39.7523	39.7513	39.7474	39.7659	39.7571	39.7466	39.7324	39.7373	39.7374	39.7398	39.7446	39.7167	39.7058	39.7441	39.7372	39.7056	39.7352	39.6963	39.7005	39.7158	39.6702	39.6693	39.6973	39.698	39.6809	39.6947	39.6669	39.6828	39.6832	39.6837	39.6956	39.634	39.6266	39.6518	39.605	39.6052	39.6311	39.6238	39.6239	39.6021	39.6038	39.5787	39.5959	39.5635	39.5911	39.5451	39.6213	39.5895	39.5765	39.5491	39.6106	39.5472	39.5463	39.5332	39.5111	39.4967	39.5266	39.4875	39.5314	39.4494	39.4052	39.3871	39.4301	39.3647	39.3491	39.3681	39.6095
Sor-ACeb_003-Ex1-10E-lcwgs-1-2-L2-clmp.r1r2_fastp	39.1302	39.2662	39.2051	39.2048	38.9901	38.7985	38.9214	39.0255	39.0667	39.2676	39.5702	39.6801	39.7151	39.7204	39.7456	39.8272	39.8283	39.8214	39.8329	39.8426	39.8449	39.85	39.8535	39.8659	39.8525	39.6711	39.6839	39.6952	39.7019	39.7157	39.7202	39.742	39.7472	39.767	39.7641	39.7757	39.7823	39.7739	39.7867	39.7938	39.7936	39.8018	39.7967	39.8157	39.8099	39.8082	39.8119	39.8159	39.8211	39.8232	39.8215	39.8332	39.8435	39.8272	39.8293	39.84	39.8455	39.8444	39.8436	39.8478	39.8427	39.843	39.8415	39.8429	39.8401	39.84	39.8484	39.8405	39.8486	39.843	39.8441	39.84	39.8358	39.8453	39.8441	39.8515	39.8458	39.8521	39.8444	39.8423	39.833	39.8376	39.8415	39.8357	39.8305	39.8295	39.8196	39.8267	39.8327	39.8331	39.8094	39.8283	39.8194	39.8113	39.8267	39.8122	39.8119	39.8126	39.8046	39.8043	39.7981	39.8023	39.7949	39.7955	39.7934	39.7788	39.7873	39.7636	39.7677	39.7596	39.761	39.7534	39.7757	39.7437	39.7429	39.7605	39.7212	39.7135	39.7239	39.7248	39.7418	39.7343	39.6995	39.7069	39.7052	39.6701	39.6699	39.6854	39.6519	39.6694	39.6564	39.6408	39.6422	39.6887	39.6259	39.6357	39.6603	39.6335	39.6043	39.6377	39.6248	39.5288	39.5131	39.4417	39.5116	39.4444	39.5102	39.4795	39.4739	39.6468
Sor-ACeb_003-Ex1-10E-lcwgs-1-2-L3-clmp.r1r2_fastp	39.1149	39.2352	39.2028	39.2573	39.0474	38.7695	39.0015	39.0499	39.0475	39.3053	39.5086	39.6341	39.674	39.671	39.7207	39.8153	39.8052	39.8218	39.8307	39.8248	39.8427	39.8488	39.8476	39.8528	39.8491	39.6463	39.6545	39.6716	39.6909	39.6977	39.7022	39.7278	39.7171	39.7378	39.7423	39.7597	39.7649	39.7751	39.782	39.7864	39.7889	39.7912	39.799	39.7997	39.7992	39.808	39.8111	39.8133	39.8003	39.8189	39.8189	39.8311	39.8138	39.8208	39.8302	39.835	39.8401	39.842	39.8375	39.8407	39.8387	39.8435	39.8355	39.8404	39.8402	39.8421	39.8394	39.8388	39.8399	39.8353	39.8355	39.8388	39.8411	39.8359	39.8413	39.8392	39.841	39.8386	39.8358	39.8373	39.8376	39.8402	39.8325	39.8288	39.8247	39.8225	39.8217	39.823	39.8178	39.8207	39.8246	39.8242	39.8198	39.802	39.7949	39.8081	39.8072	39.7846	39.7889	39.7968	39.7836	39.7847	39.7771	39.7713	39.766	39.789	39.7484	39.7507	39.7802	39.7423	39.7478	39.7553	39.7385	39.7188	39.7292	39.7128	39.7453	39.7197	39.732	39.716	39.7055	39.681	39.6928	39.6512	39.6702	39.6901	39.6895	39.6626	39.6319	39.629	39.6524	39.6435	39.6293	39.6087	39.5963	39.5949	39.5712	39.6011	39.5754	39.5402	39.5221	39.5083	39.5314	39.539	39.4522	39.4064	39.4327	39.4425	39.4681	39.6843
Sor-ACeb_004-Ex1-11E-lcwgs-1-2-L2-clmp.r1r2_fastp	39.1385	39.3014	39.2677	39.3084	39.1776	39.0791	39.1558	39.2585	39.2861	39.4361	39.6306	39.7122	39.7376	39.7452	39.7602	39.8242	39.8289	39.8197	39.8285	39.8259	39.837	39.8416	39.8417	39.8491	39.8366	39.6575	39.6725	39.6804	39.6871	39.6948	39.6925	39.7197	39.7258	39.7367	39.7371	39.7412	39.7496	39.7548	39.7473	39.7519	39.768	39.7645	39.7637	39.7696	39.7741	39.7654	39.7733	39.7765	39.7722	39.7779	39.7716	39.7863	39.7871	39.7708	39.7847	39.7899	39.7857	39.7838	39.7827	39.7816	39.7785	39.78	39.7809	39.7774	39.7688	39.769	39.7736	39.7727	39.7573	39.7504	39.7645	39.7336	39.7327	39.7382	39.7431	39.7133	39.7056	39.7074	39.6987	39.6596	39.6607	39.6515	39.6272	39.6356	39.5883	39.5585	39.5313	39.4942	39.5147	39.4998	39.435	39.4158	39.3511	39.3403	39.2761	39.2528	39.2142	39.1457	39.2039	39.1619	39.1378	39.1817	39.1049	39.1825	39.1143	39.1233	39.0414	39.057	39.0326	39.0726	38.9847	39.0492	39.045	39.05	38.8898	39.0592	38.9289	38.9326	38.9571	38.9726	39.041	38.9776	38.8625	38.7654	38.9032	38.918	38.7561	38.9352	38.8682	38.8402	38.992	38.7808	38.7671	38.7775	38.8454	38.9342	38.8694	38.768	38.6945	38.8178	38.7075	38.5401	38.7055	38.6795	38.6244	38.597	38.4522	38.5729	38.6137	39.2159
Sor-ACeb_004-Ex1-11E-lcwgs-1-2-L3-clmp.r1r2_fastp	39.1757	39.3093	39.2933	39.3678	39.2489	39.0998	39.1964	39.2389	39.2177	39.4096	39.6391	39.678	39.724	39.7076	39.7366	39.8088	39.8162	39.825	39.835	39.8416	39.8426	39.8416	39.8474	39.8475	39.8432	39.648	39.655	39.6734	39.6937	39.6806	39.6926	39.7181	39.7099	39.727	39.7166	39.7318	39.7453	39.7438	39.747	39.7528	39.7528	39.7592	39.7624	39.7677	39.7636	39.7612	39.7787	39.7737	39.7605	39.7767	39.7704	39.7847	39.7912	39.7661	39.7872	39.7895	39.7883	39.7859	39.789	39.7835	39.7785	39.7846	39.7885	39.7727	39.7687	39.7614	39.7839	39.7652	39.7683	39.767	39.7512	39.7508	39.7421	39.7415	39.7472	39.7245	39.722	39.7159	39.7129	39.6696	39.675	39.6447	39.6716	39.6102	39.5931	39.5769	39.5849	39.5341	39.4946	39.4897	39.4821	39.4455	39.4212	39.3575	39.3424	39.2929	39.2194	39.2201	39.2749	39.1852	39.1829	39.188	39.1629	39.1297	39.0839	39.113	39.0899	39.0822	39.1083	39.1471	39.1043	39.0158	39.0392	39.0548	39.0791	39.0386	39.0385	39.0054	38.9604	38.9203	39.0213	39.0415	39.0317	38.9388	39.0483	39.0688	39.0248	39.0005	38.9908	39.1178	39.0674	38.956	38.941	38.8801	38.9373	38.9368	38.8394	38.9554	38.9751	38.8997	38.7011	38.8152	38.7142	38.7561	38.6738	38.6042	38.5706	38.5713	38.7184	39.126
Sor-ACeb_005-Ex1-12E-lcwgs-1-2-L2-clmp.r1r2_fastp	38.9771	39.136	39.1283	39.1527	39.0286	38.9546	39.0992	39.18	39.2429	39.3882	39.5474	39.6167	39.6592	39.6465	39.7072	39.747	39.7679	39.7661	39.7858	39.7734	39.8072	39.8025	39.7914	39.805	39.7865	39.5464	39.5739	39.5799	39.5725	39.5895	39.5859	39.6231	39.631	39.6398	39.6418	39.65	39.6661	39.676	39.6768	39.6916	39.6863	39.7032	39.6978	39.7184	39.717	39.6989	39.7154	39.74	39.7221	39.7345	39.7411	39.7491	39.751	39.7413	39.7496	39.7637	39.7478	39.7562	39.7648	39.7646	39.7687	39.7588	39.7655	39.7537	39.7458	39.7774	39.778	39.751	39.758	39.7644	39.7579	39.756	39.7515	39.7629	39.7949	39.7606	39.7441	39.7442	39.7534	39.7481	39.718	39.7272	39.7483	39.724	39.7079	39.7462	39.7458	39.7343	39.7471	39.7375	39.7524	39.7274	39.7217	39.7165	39.7289	39.7027	39.6941	39.7109	39.6922	39.715	39.668	39.696	39.688	39.6784	39.656	39.6584	39.6421	39.6738	39.6477	39.6702	39.6228	39.6361	39.6359	39.6221	39.6474	39.6789	39.6589	39.641	39.6203	39.6238	39.6298	39.6188	39.6057	39.5807	39.6123	39.6088	39.6499	39.5779	39.6465	39.5674	39.5831	39.5778	39.5552	39.5429	39.5574	39.6118	39.5311	39.5188	39.5245	39.5776	39.4818	39.4834	39.5216	39.512	39.5505	39.4511	39.5101	39.4364	39.4844	39.7006
Sor-ACeb_005-Ex1-12E-lcwgs-1-2-L3-clmp.r1r2_fastp	39.0148	39.143	39.1547	39.2129	39.0415	38.8558	39.0181	39.0624	39.0982	39.2876	39.49	39.5882	39.6082	39.6028	39.6324	39.7437	39.7491	39.7496	39.7552	39.7818	39.7737	39.7968	39.7833	39.7948	39.7773	39.5179	39.5197	39.5534	39.5681	39.5413	39.5543	39.5979	39.5938	39.6126	39.6192	39.6542	39.6583	39.6477	39.6646	39.6772	39.6838	39.6833	39.7064	39.715	39.714	39.7087	39.7107	39.7302	39.7142	39.7328	39.7315	39.7483	39.7476	39.7402	39.7708	39.761	39.7488	39.7643	39.7666	39.7745	39.7756	39.7668	39.7795	39.7768	39.7535	39.7795	39.7637	39.7358	39.7635	39.7492	39.762	39.7481	39.7457	39.7561	39.7493	39.751	39.742	39.7597	39.7505	39.739	39.7306	39.7326	39.7402	39.7584	39.735	39.7131	39.724	39.7184	39.7219	39.7274	39.7095	39.7242	39.7266	39.692	39.7184	39.7223	39.7046	39.6895	39.662	39.6822	39.6963	39.7099	39.6991	39.6849	39.6833	39.6728	39.6649	39.653	39.6508	39.6709	39.6538	39.6663	39.6562	39.6344	39.557	39.5968	39.6497	39.5803	39.5624	39.6374	39.638	39.6157	39.6014	39.5641	39.6018	39.594	39.5852	39.5919	39.5557	39.5781	39.5653	39.5157	39.5409	39.5394	39.5964	39.6282	39.5093	39.5367	39.5159	39.5401	39.5796	39.4995	39.5009	39.4666	39.3593	39.4874	39.3562	39.3321	39.3369	39.6349
Sor-ACeb_006-Ex1-1F-lcwgs-1-2-L2-clmp.r1r2_fastp	38.9442	39.1563	39.1859	39.2221	39.1214	39.0096	39.0912	39.159	39.1475	39.3171	39.4631	39.595	39.6651	39.6402	39.6496	39.7398	39.7354	39.741	39.7361	39.7521	39.7574	39.7561	39.7777	39.7677	39.7668	39.4849	39.5037	39.5083	39.5421	39.5496	39.5487	39.5777	39.6185	39.623	39.6113	39.6368	39.6309	39.6512	39.6566	39.6661	39.6718	39.6784	39.681	39.684	39.6902	39.6987	39.7322	39.7079	39.7163	39.753	39.7341	39.7557	39.7549	39.7201	39.7484	39.7829	39.7682	39.7853	39.7688	39.7596	39.7644	39.7832	39.7698	39.784	39.763	39.7658	39.7558	39.7854	39.783	39.7645	39.8043	39.7697	39.7578	39.788	39.7719	39.7651	39.769	39.782	39.797	39.786	39.7817	39.7327	39.7696	39.7614	39.7507	39.7689	39.7713	39.7704	39.7633	39.7735	39.7721	39.7656	39.7456	39.7559	39.7155	39.7249	39.7147	39.6968	39.7143	39.7299	39.7136	39.6866	39.6758	39.6881	39.716	39.7046	39.6977	39.7342	39.7042	39.6914	39.6425	39.6885	39.7003	39.6945	39.677	39.6995	39.6943	39.6472	39.5678	39.5942	39.6504	39.6256	39.6606	39.5646	39.6492	39.59	39.5908	39.6411	39.5835	39.6012	39.6033	39.4986	39.5558	39.583	39.5148	39.5945	39.5383	39.4727	39.5485	39.5196	39.4767	39.4253	39.3961	39.4255	39.3712	39.4407	39.302	39.3126	39.2989	39.5913
Sor-ACeb_006-Ex1-1F-lcwgs-1-2-L3-clmp.r1r2_fastp	39.0492	39.221	39.2367	39.2862	39.163	39.014	39.0697	39.094	39.0726	39.2925	39.4558	39.5324	39.5825	39.5771	39.6443	39.7227	39.7244	39.7166	39.7333	39.7628	39.7742	39.7637	39.7597	39.7727	39.7755	39.435	39.4618	39.4727	39.4873	39.5318	39.5121	39.5669	39.5589	39.5843	39.5918	39.6097	39.587	39.6374	39.6566	39.6701	39.6426	39.6675	39.6887	39.6949	39.6803	39.6907	39.7133	39.7236	39.6704	39.741	39.7055	39.7344	39.7593	39.7228	39.7346	39.7457	39.7655	39.7713	39.7779	39.7618	39.7616	39.7625	39.7512	39.7615	39.7653	39.7833	39.7651	39.7654	39.7843	39.7643	39.7653	39.777	39.7847	39.7952	39.804	39.7955	39.8026	39.7519	39.7834	39.7681	39.7868	39.7852	39.7855	39.7648	39.7599	39.7803	39.7359	39.7932	39.7421	39.7414	39.7587	39.7341	39.7491	39.7771	39.7535	39.7344	39.7656	39.7012	39.7269	39.7085	39.7353	39.7243	39.6784	39.6868	39.698	39.7118	39.7039	39.7176	39.6462	39.7047	39.7053	39.7128	39.6815	39.6628	39.5981	39.6408	39.5932	39.6501	39.6465	39.6759	39.6415	39.6542	39.6388	39.6153	39.595	39.6667	39.6429	39.6622	39.6222	39.5293	39.5674	39.5663	39.538	39.6221	39.5291	39.534	39.5065	39.5705	39.5099	39.4862	39.4765	39.446	39.4974	39.4867	39.3593	39.3569	39.3743	39.3408	39.35	39.5103
Sor-ACeb_007-Ex1-2F-lcwgs-1-2-L2-clmp.r1r2_fastp	38.8206	39.0474	39.0146	39.1035	38.9942	39.0199	39.1176	39.1274	39.2038	39.3113	39.4311	39.4567	39.55	39.4936	39.5703	39.6494	39.6852	39.6688	39.7054	39.7115	39.7126	39.7097	39.7317	39.6961	39.7248	39.3063	39.341	39.3312	39.3689	39.3585	39.3899	39.4291	39.4467	39.4849	39.4702	39.4556	39.4864	39.5146	39.5047	39.5042	39.5424	39.5167	39.5646	39.596	39.5722	39.5212	39.5991	39.5599	39.5494	39.5948	39.5773	39.5988	39.61	39.6317	39.6423	39.6453	39.6046	39.6239	39.6343	39.6397	39.6563	39.6739	39.6605	39.6618	39.6513	39.6967	39.6241	39.6598	39.666	39.6417	39.6256	39.6532	39.648	39.6626	39.6673	39.6728	39.6625	39.6267	39.6539	39.6815	39.6151	39.6078	39.6467	39.6246	39.6619	39.6211	39.6124	39.6328	39.6055	39.6825	39.6158	39.6584	39.6201	39.6234	39.6742	39.6475	39.5823	39.6737	39.5918	39.6485	39.6377	39.5572	39.6526	39.6462	39.5825	39.5551	39.5654	39.6248	39.5567	39.6493	39.5611	39.5575	39.6172	39.5248	39.5955	39.5199	39.5239	39.3999	39.5543	39.5025	39.4925	39.3995	39.4748	39.4355	39.4621	39.4826	39.5532	39.4982	39.4574	39.3977	39.5115	39.5685	39.5331	39.4161	39.3776	39.4382	39.4701	39.5037	39.3682	39.4804	39.3761	39.2637	39.2655	39.2759	39.2039	39.3751	39.1429	39.2577	39.2589	39.6411
Sor-ACeb_007-Ex1-2F-lcwgs-1-2-L3-clmp.r1r2_fastp	38.9845	39.193	39.1682	39.1716	39.1284	38.8898	38.9988	38.9808	38.9104	39.1796	39.3955	39.4352	39.5153	39.4738	39.5354	39.6488	39.667	39.66	39.6862	39.7053	39.707	39.7282	39.7238	39.7184	39.7549	39.3505	39.3534	39.384	39.4306	39.4308	39.4022	39.4665	39.4699	39.4901	39.5098	39.5116	39.5339	39.5512	39.5268	39.5459	39.5993	39.5807	39.6089	39.6254	39.5983	39.6038	39.6037	39.6127	39.6038	39.6146	39.6305	39.6929	39.6722	39.6274	39.685	39.6944	39.6846	39.6638	39.6982	39.6958	39.6697	39.6777	39.6645	39.6501	39.6624	39.6981	39.6916	39.5965	39.679	39.6633	39.6723	39.6442	39.6171	39.639	39.6944	39.6764	39.62	39.6446	39.6638	39.6654	39.6946	39.687	39.6533	39.6562	39.642	39.5934	39.6604	39.7017	39.6289	39.6987	39.6642	39.6813	39.6834	39.6559	39.7068	39.6894	39.6893	39.6297	39.6581	39.661	39.5798	39.6095	39.6524	39.6226	39.5938	39.5721	39.5368	39.5672	39.6257	39.5437	39.5655	39.5449	39.5326	39.5456	39.4656	39.4771	39.5281	39.4871	39.5647	39.5956	39.4094	39.4725	39.424	39.5272	39.5003	39.463	39.3469	39.4953	39.4203	39.3576	39.4873	39.4918	39.4716	39.4482	39.438	39.4671	39.4986	39.339	39.3541	39.4308	39.4757	39.3973	39.3462	39.2022	39.3917	39.157	39.2246	39.145	39.2137	39.5927
Sor-ACeb_008-Ex1-3F-lcwgs-1-2-L2-clmp.r1r2_fastp	39.0766	39.311	39.2725	39.296	39.1983	39.0848	39.1838	39.2124	39.2217	39.3919	39.5448	39.6418	39.6945	39.689	39.694	39.7784	39.778	39.7907	39.7779	39.7917	39.8068	39.7989	39.8213	39.8217	39.7989	39.5792	39.5812	39.5865	39.6096	39.6139	39.6025	39.6561	39.6646	39.6601	39.6878	39.679	39.6839	39.7013	39.7023	39.7135	39.7123	39.7265	39.7252	39.7469	39.7285	39.717	39.7375	39.7519	39.7445	39.7678	39.7336	39.776	39.7716	39.7472	39.7698	39.7656	39.7791	39.7762	39.7853	39.7794	39.7682	39.7958	39.7974	39.7739	39.7915	39.7908	39.8038	39.765	39.7916	39.7585	39.7953	39.7823	39.7674	39.7851	39.7759	39.7855	39.7823	39.7605	39.7647	39.7618	39.7781	39.7412	39.7736	39.759	39.7838	39.7331	39.7736	39.7656	39.7378	39.7724	39.789	39.7738	39.7519	39.7514	39.7698	39.7322	39.7879	39.7756	39.7653	39.7302	39.7143	39.6959	39.7189	39.709	39.685	39.7004	39.7111	39.6662	39.6052	39.6462	39.6427	39.6077	39.6352	39.6615	39.6339	39.6474	39.6063	39.6771	39.6129	39.6762	39.6254	39.6398	39.6308	39.58	39.6399	39.6729	39.5376	39.6178	39.5979	39.6161	39.6174	39.5407	39.5368	39.5469	39.5129	39.4968	39.4474	39.4198	39.4233	39.4786	39.426	39.485	39.37	39.2865	39.3376	39.3541	39.4243	39.3852	39.3297	39.6643
Sor-ACeb_008-Ex1-3F-lcwgs-1-2-L3-clmp.r1r2_fastp	39.1078	39.2846	39.3273	39.3445	39.2421	39.0605	39.159	39.2235	39.1292	39.3305	39.5503	39.5925	39.6417	39.6392	39.6738	39.7837	39.7772	39.7821	39.7948	39.7943	39.8151	39.8223	39.8058	39.8205	39.8115	39.5872	39.5425	39.5836	39.6003	39.6065	39.6181	39.6475	39.6566	39.6751	39.6627	39.663	39.6834	39.6942	39.6881	39.7271	39.7127	39.7259	39.7194	39.7168	39.723	39.7399	39.7362	39.745	39.7168	39.7679	39.7563	39.7744	39.7731	39.7633	39.7773	39.7538	39.7852	39.7762	39.7729	39.7757	39.7647	39.7743	39.7633	39.7816	39.7792	39.7832	39.776	39.7881	39.7565	39.7714	39.7746	39.7472	39.7836	39.771	39.7622	39.7741	39.7697	39.7769	39.7734	39.7696	39.7683	39.7628	39.7589	39.7814	39.7649	39.7466	39.7573	39.7377	39.7454	39.7485	39.7145	39.7708	39.7444	39.7034	39.7376	39.7332	39.7838	39.7559	39.7704	39.7407	39.7151	39.7367	39.688	39.7225	39.7093	39.6946	39.6702	39.6697	39.7135	39.6806	39.7003	39.6511	39.6565	39.6223	39.6374	39.675	39.6378	39.6914	39.6529	39.5835	39.6289	39.6211	39.5785	39.5954	39.6792	39.605	39.5743	39.5844	39.5231	39.5809	39.5195	39.5522	39.5147	39.5006	39.4888	39.4364	39.5163	39.4405	39.4907	39.4316	39.4846	39.5405	39.4829	39.4205	39.4422	39.4267	39.3619	39.2845	39.2197	39.4711
Sor-ACeb_009-Ex1-4F-lcwgs-1-2-L2-clmp.r1r2_fastp	39.2034	39.306	39.3515	39.4418	39.2232	39.1068	39.2647	39.2597	39.2919	39.4481	39.6472	39.6754	39.7489	39.7551	39.7805	39.8325	39.8365	39.8551	39.8582	39.8387	39.8562	39.8585	39.865	39.8613	39.8398	39.6718	39.7074	39.7014	39.7365	39.7167	39.7382	39.7461	39.7379	39.7597	39.7747	39.7893	39.794	39.8105	39.7741	39.7836	39.7876	39.7852	39.8191	39.8171	39.803	39.7942	39.8116	39.7975	39.7792	39.8196	39.8145	39.8223	39.8498	39.7872	39.8159	39.8035	39.8112	39.822	39.8242	39.8218	39.8151	39.8219	39.7923	39.8385	39.8197	39.8105	39.8424	39.8488	39.8272	39.8349	39.866	39.7953	39.816	39.7922	39.8477	39.7971	39.7798	39.7921	39.8102	39.8208	39.8166	39.7867	39.8303	39.8136	39.8091	39.7818	39.7693	39.7383	39.7921	39.7906	39.7585	39.82	39.7571	39.7507	39.8255	39.7597	39.7339	39.7998	39.7492	39.7938	39.6646	39.713	39.7124	39.7364	39.7357	39.7385	39.7991	39.8035	39.7319	39.7806	39.7165	39.7645	39.7799	39.6483	39.7817	39.7206	39.725	39.8401	39.6997	39.6343	39.665	39.5168	39.6645	39.5752	39.6164	39.6346	39.6729	39.5239	39.6033	39.4888	39.4543	39.512	39.4976	39.7311	39.8897	39.6596	39.6183	39.3561	39.5686	39.7284	39.4506	39.3867	39.5392	39.3253	39.4613	39.4151	39.7112	39.5967	39.5393	39.7168
Sor-ACeb_009-Ex1-4F-lcwgs-1-2-L3-clmp.r1r2_fastp	39.1501	39.394	39.3816	39.4457	39.3705	39.0939	39.1665	39.166	39.1708	39.4202	39.634	39.6389	39.7323	39.6934	39.7092	39.8258	39.8034	39.8144	39.8196	39.8441	39.8651	39.8689	39.8603	39.8479	39.8551	39.6796	39.6916	39.6885	39.7203	39.682	39.7135	39.7327	39.7658	39.7489	39.7696	39.765	39.7878	39.775	39.7812	39.7621	39.8043	39.7988	39.8031	39.8098	39.8013	39.7726	39.7711	39.8069	39.8048	39.8071	39.8131	39.8377	39.8408	39.7813	39.8349	39.8485	39.8245	39.8539	39.8331	39.825	39.8027	39.8649	39.8199	39.8607	39.8677	39.8221	39.8246	39.7926	39.8153	39.7918	39.7978	39.8021	39.8297	39.8156	39.7921	39.7908	39.8471	39.8065	39.756	39.8079	39.8045	39.8288	39.7764	39.7447	39.8146	39.8167	39.7914	39.8047	39.7828	39.7696	39.7278	39.7939	39.8062	39.71	39.8745	39.6866	39.8209	39.7376	39.7697	39.7489	39.6093	39.7591	39.756	39.7588	39.7081	39.7236	39.6907	39.7519	39.6349	39.7119	39.6373	39.67	39.6886	39.7204	39.6474	39.6325	39.719	39.7864	39.7183	39.7573	39.7945	39.7147	39.6997	39.8539	39.8012	39.5703	39.626	39.7912	39.4689	39.7217	39.5547	39.7598	39.7176	39.5366	39.4937	39.4813	39.6514	39.5407	39.728	39.154	39.9563	39.6581	39.4234	39.1385	39.5498	39.5333	39.2703	39.2367	39.5055	39.7567
Sor-ACeb_010-Ex1-5F-lcwgs-1-2-L2-clmp.r1r2_fastp	39.0888	39.324	39.2853	39.3235	39.2513	39.1809	39.2772	39.3359	39.3071	39.4624	39.6258	39.6842	39.7353	39.7108	39.761	39.8053	39.8091	39.8052	39.8128	39.8257	39.8323	39.8386	39.8357	39.858	39.8279	39.6338	39.6405	39.662	39.6755	39.6718	39.6665	39.7006	39.7058	39.6976	39.7166	39.7204	39.7298	39.7407	39.7355	39.7408	39.7493	39.7479	39.7578	39.7655	39.7752	39.767	39.7657	39.7554	39.7714	39.7887	39.7742	39.8066	39.8056	39.7702	39.7983	39.804	39.789	39.7996	39.8049	39.8037	39.7926	39.8144	39.7916	39.7984	39.803	39.8099	39.8108	39.8069	39.8207	39.7993	39.7949	39.7844	39.7908	39.8078	39.7971	39.7913	39.7782	39.7668	39.7886	39.7879	39.7838	39.7674	39.8051	39.7685	39.8156	39.784	39.7599	39.7813	39.7562	39.7618	39.7663	39.7697	39.7684	39.7495	39.7502	39.7581	39.7324	39.7509	39.7245	39.7205	39.7124	39.6895	39.7202	39.6787	39.6787	39.709	39.7133	39.6693	39.6603	39.6597	39.6436	39.6416	39.6864	39.6397	39.6172	39.5813	39.623	39.6032	39.6139	39.6052	39.5816	39.624	39.6258	39.6515	39.6314	39.5642	39.5849	39.5764	39.6434	39.5608	39.633	39.4771	39.5968	39.5586	39.5829	39.5224	39.5316	39.3954	39.4622	39.4881	39.462	39.4989	39.4097	39.4356	39.3477	39.4136	39.2869	39.2418	39.4805	39.5868
Sor-ACeb_010-Ex1-5F-lcwgs-1-2-L3-clmp.r1r2_fastp	39.1223	39.3931	39.3466	39.372	39.2771	39.0581	39.1855	39.1689	39.1308	39.3181	39.6004	39.6081	39.6884	39.6711	39.7042	39.7931	39.7913	39.7942	39.807	39.8163	39.8087	39.8215	39.8253	39.8238	39.8289	39.5979	39.6033	39.6242	39.6226	39.6487	39.6589	39.6734	39.6752	39.6984	39.6918	39.7105	39.7248	39.7244	39.744	39.7296	39.7507	39.7535	39.752	39.7714	39.7723	39.7583	39.7721	39.7951	39.7624	39.7868	39.7868	39.803	39.8076	39.7889	39.7979	39.8033	39.8092	39.7966	39.8039	39.8048	39.8027	39.8186	39.8003	39.8036	39.8043	39.8021	39.7946	39.8034	39.8061	39.8082	39.7917	39.8024	39.8153	39.795	39.8101	39.8036	39.7983	39.8038	39.8038	39.8189	39.8	39.7944	39.7918	39.8027	39.7771	39.7906	39.774	39.7766	39.7664	39.7741	39.7709	39.7728	39.8062	39.7742	39.7573	39.7352	39.7745	39.7551	39.7783	39.7258	39.741	39.7023	39.7216	39.7387	39.6896	39.7137	39.7692	39.6863	39.7093	39.6878	39.6515	39.6856	39.6924	39.6854	39.6015	39.6635	39.6489	39.6429	39.6521	39.6235	39.6126	39.623	39.5577	39.5219	39.5712	39.6385	39.586	39.652	39.604	39.6159	39.5385	39.5168	39.4918	39.582	39.609	39.5376	39.5013	39.5769	39.5043	39.5326	39.4967	39.4758	39.4657	39.4361	39.3113	39.3942	39.4344	39.3799	39.3799	39.581
Sor-ACeb_011-Ex1-6F-lcwgs-1-2-L2-clmp.r1r2_fastp	38.845	39.043	39.0666	39.1339	39.0103	38.9003	39.0331	39.1204	39.078	39.2561	39.4023	39.5273	39.5765	39.5807	39.5809	39.6858	39.68	39.6944	39.7149	39.7156	39.7509	39.7316	39.7608	39.769	39.7158	39.3933	39.3808	39.4467	39.458	39.4547	39.4687	39.5416	39.5219	39.5354	39.5458	39.5616	39.5655	39.5638	39.5811	39.6139	39.6233	39.6024	39.6392	39.6433	39.6382	39.6598	39.6681	39.667	39.6711	39.6938	39.6988	39.7141	39.7146	39.6765	39.7228	39.7044	39.705	39.7351	39.7552	39.7326	39.7357	39.7337	39.7699	39.7525	39.7281	39.7641	39.7491	39.748	39.764	39.7791	39.7545	39.7663	39.7537	39.7735	39.7642	39.7176	39.7495	39.7351	39.7743	39.7467	39.7149	39.735	39.7633	39.7592	39.7471	39.7735	39.7285	39.7359	39.777	39.7292	39.7407	39.7831	39.7788	39.7415	39.7369	39.7347	39.7679	39.7374	39.731	39.6953	39.7169	39.7368	39.7262	39.6849	39.7201	39.7153	39.679	39.6976	39.7288	39.6982	39.7089	39.6692	39.6922	39.6788	39.7111	39.6394	39.721	39.7154	39.6219	39.6745	39.6362	39.6191	39.6414	39.6481	39.7023	39.6566	39.7075	39.6901	39.6399	39.6534	39.593	39.6356	39.5858	39.655	39.6043	39.6235	39.6481	39.577	39.5561	39.5687	39.5254	39.5729	39.4935	39.4893	39.5106	39.499	39.4761	39.4825	39.445	39.6395
Sor-ACeb_011-Ex1-6F-lcwgs-1-2-L3-clmp.r1r2_fastp	38.9297	39.1483	39.1517	39.1916	39.0719	38.881	38.955	39.0261	38.9679	39.2233	39.4072	39.4709	39.5792	39.5272	39.5748	39.6936	39.6708	39.6992	39.6955	39.757	39.7554	39.7598	39.7479	39.7927	39.765	39.4275	39.4197	39.4385	39.4815	39.4813	39.5151	39.5184	39.5318	39.574	39.5621	39.5746	39.5769	39.6196	39.625	39.6436	39.6336	39.6654	39.678	39.6563	39.6554	39.6478	39.6949	39.6805	39.6646	39.7302	39.7252	39.7409	39.7491	39.7373	39.7359	39.7203	39.7638	39.7522	39.7592	39.7471	39.7597	39.774	39.7655	39.7743	39.785	39.7667	39.7751	39.7179	39.7776	39.777	39.7737	39.7805	39.7801	39.7646	39.7937	39.7892	39.8088	39.7569	39.7603	39.7815	39.7568	39.8021	39.7658	39.755	39.805	39.7732	39.7754	39.8182	39.7946	39.7411	39.7878	39.7285	39.7762	39.7702	39.7329	39.761	39.7861	39.7461	39.7819	39.7706	39.7402	39.7575	39.7434	39.7531	39.7225	39.723	39.7448	39.7052	39.7568	39.7243	39.6969	39.7017	39.72	39.7103	39.695	39.7033	39.7074	39.6768	39.7416	39.7217	39.6653	39.6969	39.7306	39.6762	39.6717	39.7236	39.7119	39.6901	39.6779	39.6582	39.6253	39.6128	39.5932	39.6299	39.631	39.613	39.6808	39.6277	39.6279	39.5747	39.5661	39.5555	39.5162	39.5431	39.487	39.5302	39.4892	39.4785	39.4959	39.6851
Sor-ACeb_012-Ex1-7F-lcwgs-1-2-L2-clmp.r1r2_fastp	39.0852	39.3087	39.2891	39.3305	39.2202	39.0972	39.1921	39.2428	39.2376	39.4186	39.5795	39.6685	39.7173	39.7101	39.7243	39.8068	39.7989	39.7946	39.7883	39.8076	39.8104	39.8202	39.8203	39.8391	39.8116	39.6098	39.6107	39.6288	39.6326	39.639	39.6499	39.6866	39.6752	39.7006	39.7075	39.7096	39.711	39.7216	39.7187	39.7301	39.7356	39.7411	39.7523	39.7589	39.7494	39.7514	39.7704	39.7642	39.7645	39.779	39.7708	39.7957	39.7933	39.7843	39.7968	39.7915	39.8045	39.7945	39.7943	39.795	39.7956	39.8124	39.8089	39.8108	39.807	39.8196	39.8004	39.7957	39.8089	39.7942	39.8073	39.7979	39.8024	39.8065	39.8052	39.805	39.8115	39.8087	39.804	39.807	39.7879	39.7773	39.8051	39.786	39.796	39.7907	39.7838	39.7798	39.791	39.7712	39.7958	39.7844	39.7729	39.7716	39.7831	39.7578	39.7624	39.7645	39.767	39.76	39.7686	39.7319	39.735	39.7192	39.7312	39.741	39.7241	39.7298	39.7391	39.719	39.7124	39.7172	39.7315	39.7232	39.6934	39.636	39.6766	39.7104	39.6275	39.6594	39.6512	39.6347	39.6695	39.6356	39.6126	39.6502	39.6055	39.6481	39.596	39.5719	39.5591	39.5631	39.6472	39.5216	39.5709	39.548	39.5269	39.5612	39.5305	39.5012	39.5404	39.4646	39.4374	39.487	39.3714	39.4554	39.379	39.4366	39.3931	39.632
Sor-ACeb_012-Ex1-7F-lcwgs-1-2-L3-clmp.r1r2_fastp	39.1385	39.3617	39.3515	39.4133	39.2925	39.0706	39.1843	39.1941	39.1489	39.3663	39.5681	39.6306	39.6807	39.6557	39.7021	39.7857	39.7936	39.7824	39.8076	39.8073	39.8121	39.8176	39.8202	39.8212	39.8199	39.5966	39.595	39.6097	39.6372	39.636	39.6401	39.6709	39.6691	39.6815	39.692	39.6897	39.7158	39.7119	39.7175	39.732	39.7316	39.7455	39.7616	39.7618	39.7625	39.7518	39.7675	39.7587	39.7443	39.7749	39.7763	39.7946	39.7928	39.7833	39.7855	39.8123	39.8018	39.8079	39.8022	39.8038	39.8014	39.8166	39.8103	39.8107	39.8113	39.8176	39.8004	39.7958	39.8043	39.8094	39.8027	39.8126	39.8045	39.8203	39.8202	39.826	39.7982	39.8022	39.8045	39.807	39.8096	39.8091	39.8028	39.8113	39.8	39.7944	39.79	39.8063	39.7934	39.792	39.7867	39.8019	39.7869	39.7682	39.7839	39.7876	39.7832	39.7781	39.7493	39.7361	39.7438	39.7423	39.7402	39.7616	39.7625	39.7459	39.7532	39.7238	39.7396	39.7227	39.7161	39.747	39.7239	39.7053	39.6913	39.6829	39.6905	39.6628	39.7012	39.6863	39.6806	39.6546	39.6991	39.6758	39.6447	39.6421	39.651	39.6678	39.6291	39.6573	39.5938	39.6068	39.6243	39.6063	39.607	39.6438	39.6124	39.5963	39.5452	39.6039	39.5852	39.4808	39.565	39.5012	39.4843	39.4684	39.4316	39.508	39.4221	39.5997
Sor-ACeb_013-Ex1-8F-lcwgs-1-2-L2-clmp.r1r2_fastp	38.8891	39.1457	39.145	39.1846	39.0965	38.9602	39.0432	39.1149	39.1503	39.3055	39.4465	39.574	39.6273	39.6184	39.6441	39.7268	39.735	39.7383	39.7471	39.76	39.7763	39.7713	39.7736	39.7908	39.7688	39.493	39.4764	39.5206	39.5221	39.5362	39.5506	39.598	39.5735	39.6111	39.6043	39.6262	39.6496	39.6515	39.6475	39.684	39.6753	39.6696	39.6935	39.7163	39.7098	39.7033	39.7201	39.7354	39.7236	39.7484	39.7211	39.7536	39.7497	39.7363	39.767	39.7759	39.7751	39.7801	39.7798	39.7982	39.7997	39.8132	39.8148	39.7919	39.7985	39.7889	39.7993	39.8029	39.8128	39.81	39.8061	39.8009	39.7977	39.8094	39.8332	39.7866	39.8308	39.8191	39.8128	39.8137	39.8029	39.7998	39.8183	39.8006	39.8027	39.7796	39.8295	39.8111	39.807	39.8105	39.8157	39.7926	39.8209	39.8063	39.8094	39.7982	39.7671	39.7842	39.7878	39.7786	39.7453	39.7638	39.758	39.7725	39.7625	39.752	39.7725	39.7366	39.7425	39.7454	39.7558	39.737	39.7277	39.744	39.7305	39.7311	39.7218	39.7122	39.6665	39.7004	39.7101	39.7333	39.6894	39.7469	39.7447	39.7155	39.7005	39.7164	39.6847	39.7057	39.6846	39.6752	39.678	39.6644	39.683	39.6948	39.6751	39.6449	39.6449	39.6472	39.6667	39.626	39.5867	39.5607	39.5721	39.5671	39.5227	39.4564	39.5047	39.6889
Sor-ACeb_013-Ex1-8F-lcwgs-1-2-L3-clmp.r1r2_fastp	38.9743	39.2074	39.199	39.2494	39.1127	38.9235	38.9956	39.0613	39.0384	39.2346	39.465	39.5342	39.598	39.5759	39.6048	39.7373	39.7151	39.7293	39.7425	39.7639	39.7781	39.7715	39.7612	39.7961	39.7825	39.4693	39.4947	39.5083	39.5141	39.5237	39.5512	39.5776	39.578	39.6088	39.6046	39.6102	39.6411	39.658	39.6596	39.6879	39.6748	39.712	39.7073	39.7244	39.7244	39.7209	39.751	39.7216	39.6831	39.7685	39.7474	39.7727	39.7548	39.7336	39.7785	39.7929	39.7893	39.8039	39.7852	39.792	39.7916	39.7931	39.8069	39.796	39.781	39.7998	39.8013	39.7471	39.793	39.8057	39.8107	39.818	39.8097	39.8064	39.7971	39.8345	39.7937	39.8206	39.8063	39.8161	39.8012	39.8037	39.8185	39.8089	39.8207	39.7831	39.8112	39.8111	39.8091	39.8097	39.802	39.806	39.8238	39.7958	39.7901	39.7548	39.7659	39.7881	39.7809	39.7906	39.7618	39.7344	39.7352	39.7449	39.7583	39.7604	39.7259	39.709	39.7324	39.7548	39.7604	39.7447	39.7352	39.7063	39.6666	39.7321	39.748	39.7435	39.7061	39.7304	39.7057	39.6766	39.7447	39.6797	39.6811	39.6902	39.6941	39.6637	39.6571	39.6827	39.6557	39.6497	39.6119	39.6506	39.6201	39.6508	39.6236	39.6305	39.5914	39.6221	39.6345	39.5657	39.6102	39.5707	39.5619	39.4726	39.5032	39.4948	39.4938	39.7108
Sor-ACeb_014-Ex1-9F-lcwgs-1-2-L2-clmp.r1r2_fastp	39.0865	39.2983	39.2514	39.3295	39.203	39.1448	39.253	39.3695	39.3217	39.4756	39.6084	39.6972	39.7215	39.736	39.7427	39.8155	39.8065	39.8011	39.8239	39.8204	39.8394	39.8341	39.8333	39.8335	39.8387	39.6428	39.6595	39.6476	39.6779	39.6597	39.6791	39.6979	39.7195	39.7238	39.7406	39.7369	39.7377	39.7514	39.7721	39.7626	39.7705	39.7443	39.7505	39.7794	39.768	39.7806	39.7614	39.7956	39.7669	39.7878	39.7784	39.7963	39.8054	39.7796	39.7907	39.7915	39.8074	39.7904	39.7979	39.786	39.7942	39.8	39.7963	39.7839	39.8216	39.8317	39.8115	39.7958	39.8033	39.7898	39.8029	39.7851	39.7958	39.7822	39.7995	39.8009	39.7697	39.7706	39.7463	39.77	39.7317	39.7599	39.8044	39.7435	39.7773	39.7773	39.767	39.7454	39.7635	39.7586	39.7467	39.7571	39.7469	39.7429	39.7692	39.7301	39.7858	39.7229	39.7446	39.7173	39.7415	39.7557	39.7165	39.707	39.6637	39.7097	39.6929	39.7242	39.7038	39.6954	39.6781	39.7003	39.7122	39.6952	39.7066	39.6767	39.6725	39.6559	39.6858	39.6568	39.6695	39.6733	39.6818	39.6798	39.6399	39.6703	39.6743	39.6883	39.6669	39.6992	39.6718	39.6304	39.6189	39.6634	39.5347	39.6571	39.5854	39.659	39.6484	39.5981	39.5399	39.5852	39.5294	39.5955	39.5217	39.5372	39.5777	39.4885	39.4749	39.7068
Sor-ACeb_014-Ex1-9F-lcwgs-1-2-L3-clmp.r1r2_fastp	39.1581	39.372	39.337	39.4135	39.2786	39.0206	39.1394	39.198	39.1606	39.3539	39.5775	39.6411	39.6985	39.657	39.6962	39.7963	39.7987	39.7993	39.8242	39.8116	39.8262	39.8295	39.8143	39.849	39.8322	39.6269	39.6359	39.6604	39.6601	39.675	39.6718	39.692	39.6936	39.7085	39.7101	39.7142	39.7293	39.7477	39.7619	39.7729	39.7565	39.7739	39.769	39.7768	39.7786	39.7749	39.7848	39.7772	39.7827	39.7969	39.7731	39.8137	39.8158	39.7842	39.8078	39.8051	39.8173	39.8011	39.8146	39.8154	39.8112	39.8206	39.8119	39.8287	39.7938	39.7997	39.8068	39.7734	39.824	39.8187	39.7933	39.8112	39.8167	39.8145	39.8127	39.8184	39.8221	39.8227	39.7921	39.8123	39.7762	39.8107	39.7785	39.8014	39.7726	39.7885	39.7886	39.8018	39.743	39.805	39.78	39.7469	39.7568	39.7587	39.7853	39.7406	39.7744	39.7212	39.7326	39.7592	39.7002	39.7585	39.7799	39.7044	39.7329	39.7056	39.7431	39.7436	39.707	39.6937	39.7064	39.7054	39.716	39.6716	39.6026	39.6765	39.6735	39.7225	39.6717	39.6312	39.5988	39.6627	39.6798	39.633	39.5921	39.6769	39.5937	39.5649	39.5859	39.6503	39.5537	39.5889	39.5458	39.5462	39.6151	39.6317	39.6073	39.5623	39.5481	39.5426	39.6263	39.5577	39.5499	39.4826	39.4579	39.5052	39.4312	39.4103	39.4541	39.6402
Sor-ACeb_015-Ex1-10F-lcwgs-1-2-L2-clmp.r1r2_fastp	39.1119	39.3339	39.3009	39.357	39.2272	39.1409	39.2056	39.2415	39.2755	39.4353	39.6279	39.664	39.7386	39.7513	39.7387	39.825	39.8203	39.8069	39.8171	39.8238	39.8299	39.8445	39.8415	39.8431	39.8231	39.6409	39.6626	39.6493	39.6761	39.692	39.6882	39.7229	39.7232	39.7228	39.7331	39.7308	39.7458	39.7476	39.754	39.7721	39.7674	39.7666	39.781	39.7771	39.7911	39.7703	39.7823	39.7916	39.7733	39.7986	39.8014	39.8083	39.8145	39.7866	39.8054	39.8131	39.8052	39.8206	39.8108	39.8158	39.819	39.8246	39.8062	39.8092	39.8273	39.8218	39.8275	39.8294	39.8286	39.8263	39.8356	39.8352	39.8153	39.8247	39.8329	39.821	39.8193	39.8336	39.8151	39.8302	39.8441	39.8251	39.8431	39.8309	39.8361	39.8117	39.8233	39.8256	39.8238	39.833	39.8146	39.7801	39.8062	39.8028	39.8053	39.8111	39.7937	39.795	39.8061	39.76	39.7869	39.7729	39.7679	39.7496	39.7811	39.7264	39.7458	39.7214	39.7562	39.7464	39.7608	39.7351	39.7376	39.745	39.7175	39.7129	39.738	39.7103	39.7097	39.7377	39.6943	39.7483	39.7157	39.725	39.6834	39.7229	39.6973	39.6679	39.6876	39.6785	39.7147	39.6683	39.6687	39.6483	39.595	39.619	39.658	39.6152	39.57	39.6556	39.6539	39.562	39.5626	39.5246	39.5097	39.5287	39.4758	39.6005	39.4879	39.7311
Sor-ACeb_015-Ex1-10F-lcwgs-1-2-L3-clmp.r1r2_fastp	39.1481	39.3693	39.3619	39.3851	39.2794	39.101	39.1881	39.1848	39.178	39.3574	39.5847	39.6703	39.7029	39.6798	39.7011	39.8068	39.7965	39.8269	39.8269	39.8309	39.8303	39.8591	39.8369	39.8429	39.8385	39.6088	39.6068	39.6371	39.6472	39.6516	39.6728	39.6797	39.6894	39.6894	39.7049	39.724	39.7399	39.7358	39.7304	39.7487	39.7574	39.7598	39.7714	39.7793	39.7676	39.7816	39.7926	39.7861	39.7787	39.7901	39.7829	39.8028	39.8155	39.8161	39.8142	39.8181	39.8135	39.8112	39.8231	39.8359	39.8286	39.8231	39.8375	39.8168	39.8294	39.8404	39.8261	39.8151	39.8188	39.8277	39.8269	39.8126	39.8194	39.811	39.8362	39.83	39.8324	39.8054	39.8215	39.8167	39.8088	39.8208	39.8234	39.8296	39.8342	39.8242	39.8166	39.812	39.8111	39.817	39.8192	39.8178	39.8014	39.7923	39.8177	39.8088	39.8136	39.7811	39.7995	39.8021	39.7822	39.766	39.7648	39.7284	39.7445	39.7479	39.7668	39.7241	39.7119	39.7472	39.7507	39.7372	39.7063	39.6664	39.6867	39.7494	39.7082	39.6973	39.6986	39.7433	39.7368	39.7638	39.7159	39.6707	39.7386	39.667	39.6937	39.6579	39.6883	39.6146	39.6689	39.6286	39.5608	39.6655	39.6003	39.6702	39.6527	39.5826	39.6519	39.5926	39.6111	39.5944	39.4539	39.5255	39.4818	39.51	39.3316	39.4556	39.3878	39.6664
Sor-ACeb_016-Ex1-11F-lcwgs-1-2-L2-clmp.r1r2_fastp	39.1305	39.3064	39.2753	39.3207	39.2091	39.1376	39.2097	39.2783	39.2922	39.4493	39.6206	39.7048	39.7343	39.7342	39.7596	39.8225	39.8225	39.8242	39.8318	39.8298	39.8385	39.8446	39.8417	39.8509	39.8349	39.6707	39.6717	39.6848	39.6918	39.692	39.7008	39.7176	39.7295	39.734	39.7365	39.7456	39.7458	39.7466	39.7569	39.7608	39.7649	39.7637	39.7674	39.7768	39.7729	39.7694	39.7769	39.7797	39.7645	39.7826	39.775	39.7905	39.7922	39.7745	39.7869	39.7873	39.795	39.7858	39.7905	39.7896	39.7873	39.795	39.7935	39.7883	39.781	39.7838	39.7844	39.7815	39.7804	39.7683	39.7786	39.7597	39.7686	39.7666	39.7645	39.7436	39.7375	39.7397	39.7177	39.7137	39.7061	39.6734	39.6784	39.6679	39.6393	39.6104	39.6008	39.5817	39.569	39.5403	39.5194	39.5291	39.4845	39.4243	39.4001	39.3668	39.3134	39.337	39.3238	39.3233	39.2582	39.3087	39.2867	39.2646	39.2669	39.2738	39.2692	39.2556	39.2742	39.2517	39.2276	39.1943	39.297	39.2434	39.2226	39.2231	39.2589	39.2462	39.1723	39.2166	39.2355	39.2536	39.1917	39.1815	39.169	39.2058	39.1599	39.1998	39.1975	39.1231	39.1352	39.1081	39.1122	39.0561	39.0313	39.0904	39.0632	39.0162	39.0244	38.9623	39.0548	38.9995	38.9807	38.7709	38.8299	38.781	38.664	38.7282	38.7594	39.2373
Sor-ACeb_016-Ex1-11F-lcwgs-1-2-L3-clmp.r1r2_fastp	39.1512	39.3473	39.3216	39.3796	39.2945	39.1317	39.2078	39.2311	39.2049	39.3883	39.605	39.6574	39.7151	39.692	39.7129	39.8114	39.8102	39.8143	39.8237	39.8284	39.8417	39.8378	39.8385	39.845	39.8309	39.6266	39.634	39.649	39.6684	39.6679	39.6849	39.6969	39.7032	39.7104	39.7152	39.7186	39.7316	39.733	39.7473	39.7432	39.7465	39.7478	39.7647	39.7638	39.7594	39.7592	39.7667	39.7633	39.7438	39.7669	39.7664	39.7781	39.7828	39.7577	39.7817	39.7842	39.7802	39.7825	39.7816	39.7751	39.7773	39.7842	39.7798	39.7744	39.7807	39.7778	39.7822	39.7634	39.7705	39.7624	39.7606	39.7586	39.7547	39.7602	39.7518	39.7436	39.7313	39.7218	39.7164	39.7203	39.6974	39.6835	39.671	39.6618	39.6589	39.6298	39.6371	39.5977	39.5956	39.5652	39.5422	39.5194	39.4823	39.4634	39.4445	39.3725	39.3618	39.3302	39.3379	39.315	39.289	39.3258	39.2517	39.2697	39.2948	39.2287	39.2308	39.2323	39.2905	39.2524	39.2345	39.1631	39.2619	39.2469	39.2144	39.2228	39.1762	39.2647	39.2192	39.1865	39.2659	39.1184	39.1737	39.1744	39.2075	39.1811	39.1487	39.1404	39.1704	39.0967	39.0408	39.2061	39.1391	39.1673	39.0348	39.0731	39.0968	39.1382	39.0723	39.0046	39.1762	39.0394	39.0535	38.8856	38.9031	38.8743	38.7474	38.7344	38.7729	39.2812
Sor-ACeb_017-Ex1-12F-lcwgs-1-2-L2-clmp.r1r2_fastp	39.1434	39.3149	39.2803	39.3236	39.2295	39.1801	39.2533	39.33	39.3274	39.4827	39.6506	39.7247	39.7543	39.7599	39.7801	39.8415	39.8429	39.8361	39.8505	39.8495	39.8594	39.8589	39.8624	39.8675	39.8525	39.6879	39.6982	39.7071	39.7168	39.7301	39.7282	39.7518	39.7515	39.7609	39.7616	39.7723	39.7762	39.7854	39.7802	39.7921	39.7936	39.7994	39.7958	39.8093	39.8026	39.7976	39.8049	39.8074	39.7964	39.8123	39.809	39.8217	39.8216	39.8097	39.8218	39.8262	39.8206	39.8247	39.8219	39.8253	39.829	39.8282	39.8383	39.8255	39.837	39.8346	39.83	39.8215	39.8276	39.8338	39.825	39.8294	39.8231	39.8303	39.8229	39.8169	39.8328	39.8288	39.8258	39.8197	39.8255	39.8105	39.8044	39.8101	39.8218	39.8028	39.8097	39.7816	39.7998	39.7996	39.7863	39.8042	39.785	39.7622	39.7742	39.7798	39.7816	39.7748	39.7534	39.7693	39.7399	39.7478	39.7475	39.7448	39.7517	39.7254	39.7441	39.7339	39.7132	39.7243	39.7389	39.7346	39.7149	39.6863	39.6945	39.7206	39.703	39.7109	39.6514	39.6774	39.669	39.6739	39.6417	39.6567	39.6277	39.656	39.6428	39.6286	39.6538	39.6571	39.6444	39.6124	39.633	39.5585	39.584	39.567	39.6213	39.5891	39.6063	39.6321	39.5451	39.5197	39.5284	39.5115	39.5288	39.51	39.4969	39.4249	39.4823	39.626
Sor-ACeb_017-Ex1-12F-lcwgs-1-2-L3-clmp.r1r2_fastp	39.1981	39.3668	39.3407	39.4058	39.3025	39.0804	39.1739	39.2209	39.1736	39.396	39.6242	39.6714	39.7237	39.7102	39.7366	39.8199	39.8313	39.8256	39.8347	39.8477	39.8543	39.8567	39.8476	39.8606	39.8583	39.6644	39.6746	39.6866	39.703	39.7063	39.7153	39.7293	39.7298	39.7446	39.745	39.7547	39.7668	39.7716	39.7758	39.7914	39.7909	39.7895	39.7976	39.8059	39.8015	39.8022	39.8062	39.8084	39.7817	39.8121	39.8114	39.8251	39.829	39.8051	39.8289	39.828	39.8287	39.8271	39.8307	39.8298	39.8264	39.8361	39.8378	39.8313	39.8304	39.8353	39.8317	39.825	39.8284	39.8296	39.8244	39.8235	39.8307	39.832	39.8324	39.8383	39.8269	39.8307	39.828	39.8247	39.8152	39.8285	39.8216	39.8248	39.8151	39.8016	39.8176	39.8074	39.812	39.8018	39.8084	39.8181	39.8012	39.7906	39.799	39.805	39.788	39.7573	39.7998	39.7984	39.7819	39.7629	39.766	39.7453	39.7667	39.7467	39.7676	39.7353	39.748	39.745	39.7436	39.7256	39.7196	39.7182	39.6852	39.7077	39.6911	39.6982	39.7006	39.6715	39.6864	39.6747	39.6851	39.6822	39.6645	39.6719	39.6306	39.6606	39.6648	39.6516	39.621	39.6247	39.5829	39.5844	39.5609	39.6059	39.5926	39.6004	39.5634	39.5898	39.5675	39.5507	39.5052	39.4843	39.5212	39.4497	39.467	39.4127	39.4428	39.6434
Sor-ACeb_018-Ex1-1G-lcwgs-1-2-L2-clmp.r1r2_fastp	38.978	39.1526	39.1267	39.0864	38.922	38.7319	38.8447	38.9502	38.9344	39.1637	39.4451	39.5281	39.5838	39.5986	39.6526	39.7207	39.712	39.7226	39.7408	39.7617	39.7714	39.7561	39.7766	39.7792	39.7688	39.467	39.497	39.5117	39.5382	39.5262	39.5327	39.5685	39.5791	39.6065	39.6094	39.6224	39.6465	39.6328	39.6522	39.6733	39.659	39.6961	39.6821	39.6801	39.6895	39.6798	39.6969	39.7169	39.7191	39.7289	39.704	39.7419	39.7493	39.7228	39.7255	39.7565	39.7671	39.7668	39.7733	39.7578	39.7747	39.7744	39.7773	39.784	39.7785	39.783	39.7816	39.7684	39.7829	39.7902	39.7852	39.7704	39.7889	39.7813	39.7712	39.7715	39.7564	39.7769	39.7743	39.757	39.7833	39.7715	39.7705	39.782	39.7815	39.7689	39.7514	39.7578	39.7525	39.7425	39.7572	39.7662	39.7727	39.7595	39.7863	39.7281	39.7406	39.7207	39.7283	39.7038	39.7088	39.7184	39.6988	39.716	39.6783	39.7033	39.6828	39.7002	39.6703	39.6718	39.626	39.6357	39.6684	39.6434	39.6078	39.6469	39.6633	39.6353	39.6105	39.6335	39.6227	39.5796	39.6023	39.6019	39.5811	39.5962	39.5984	39.644	39.5589	39.5879	39.6037	39.5262	39.567	39.5338	39.5216	39.5466	39.5059	39.4325	39.4783	39.4586	39.4388	39.4164	39.3847	39.3106	39.4104	39.3053	39.2931	39.2388	39.2507	39.5353
Sor-ACeb_018-Ex1-1G-lcwgs-1-2-L3-clmp.r1r2_fastp	39.0057	39.1684	39.1184	39.1421	38.977	38.7316	38.9102	38.9541	38.9919	39.2079	39.3842	39.5045	39.5657	39.5672	39.6275	39.7162	39.7218	39.7283	39.7356	39.7327	39.7724	39.7747	39.7908	39.7909	39.7628	39.4051	39.4237	39.4405	39.5027	39.5045	39.499	39.5538	39.5302	39.5782	39.5917	39.5891	39.6183	39.6358	39.6514	39.6576	39.6486	39.6457	39.676	39.6886	39.6815	39.6749	39.7122	39.7094	39.698	39.7238	39.7172	39.7722	39.7348	39.7436	39.7586	39.7559	39.7543	39.7648	39.762	39.78	39.7635	39.7899	39.7826	39.7783	39.7955	39.7817	39.7709	39.7657	39.7779	39.7824	39.7617	39.7696	39.771	39.8038	39.8128	39.7943	39.7892	39.7658	39.7628	39.7798	39.7714	39.7717	39.7595	39.7939	39.7701	39.7756	39.7705	39.7799	39.7856	39.737	39.7693	39.7722	39.7415	39.7556	39.7624	39.7465	39.7513	39.7148	39.7352	39.734	39.7103	39.7151	39.6952	39.6993	39.6774	39.7253	39.6895	39.6777	39.7016	39.7052	39.6771	39.6903	39.6758	39.6984	39.6624	39.6725	39.6855	39.6988	39.7106	39.6465	39.6667	39.6388	39.6339	39.6371	39.6463	39.5975	39.5628	39.6669	39.6537	39.6047	39.6169	39.5559	39.5821	39.5793	39.5182	39.5726	39.5533	39.5423	39.4647	39.5537	39.5105	39.4909	39.4975	39.4241	39.4334	39.4427	39.3689	39.3753	39.417	39.6211
Sor-ACeb_019-Ex1-3G-lcwgs-1-2-L2-clmp.r1r2_fastp	38.7946	39.1101	39.064	39.086	38.9595	38.8219	38.8812	39.0257	39.0289	39.1686	39.3845	39.4922	39.5055	39.5468	39.5661	39.7007	39.6437	39.685	39.647	39.654	39.6823	39.706	39.674	39.7196	39.678	39.3064	39.3068	39.3377	39.3151	39.3727	39.393	39.394	39.4676	39.4456	39.4638	39.5183	39.499	39.4777	39.4977	39.5393	39.5016	39.5236	39.5642	39.5644	39.5708	39.6148	39.6008	39.5895	39.6221	39.655	39.6093	39.6477	39.6233	39.6145	39.6652	39.664	39.6707	39.6229	39.7045	39.6879	39.7134	39.721	39.6776	39.7333	39.6617	39.6735	39.7401	39.6947	39.6988	39.7001	39.7001	39.6827	39.6989	39.6749	39.6726	39.6592	39.6599	39.7088	39.6693	39.6242	39.6768	39.6563	39.6652	39.6938	39.7101	39.6859	39.6547	39.6789	39.7214	39.717	39.6244	39.6679	39.6798	39.6832	39.6618	39.6853	39.6535	39.7027	39.6661	39.616	39.615	39.7063	39.7008	39.6606	39.5754	39.6319	39.6165	39.6822	39.6229	39.6285	39.5184	39.5727	39.6158	39.6192	39.6069	39.5459	39.6251	39.5372	39.5626	39.5838	39.5751	39.5851	39.6112	39.5073	39.5544	39.5758	39.4882	39.51	39.4783	39.4806	39.5622	39.4933	39.4834	39.5572	39.4625	39.4723	39.4815	39.3648	39.4515	39.3511	39.3812	39.5185	39.3276	39.3187	39.2509	39.2447	39.2167	39.284	39.2673	39.5312
Sor-ACeb_019-Ex1-3G-lcwgs-1-2-L3-clmp.r1r2_fastp	38.8826	39.1686	39.1838	39.1909	39.044	38.8134	39.0328	38.9902	39.0627	39.3057	39.3202	39.4515	39.5847	39.5007	39.5753	39.655	39.6624	39.6406	39.6953	39.6722	39.7253	39.6796	39.6988	39.7289	39.7371	39.3167	39.328	39.3553	39.3983	39.3927	39.3579	39.4358	39.4298	39.469	39.4522	39.4568	39.5019	39.4901	39.5327	39.5645	39.528	39.5896	39.5949	39.5634	39.5582	39.606	39.6137	39.6405	39.6165	39.6211	39.6544	39.6794	39.6802	39.7017	39.6706	39.6699	39.6676	39.6831	39.6838	39.6743	39.6426	39.6639	39.67	39.6771	39.696	39.6617	39.7143	39.6386	39.6888	39.6493	39.6699	39.6947	39.7131	39.6482	39.6742	39.7282	39.7181	39.694	39.7209	39.6746	39.6901	39.7308	39.6609	39.6924	39.7315	39.6936	39.7025	39.663	39.6326	39.694	39.6652	39.708	39.6974	39.6396	39.6328	39.643	39.6054	39.6737	39.5631	39.6617	39.6955	39.6508	39.6251	39.6042	39.6115	39.663	39.6238	39.574	39.5926	39.6187	39.6444	39.6245	39.5881	39.5275	39.5727	39.5493	39.603	39.5568	39.4905	39.5393	39.5152	39.5174	39.5511	39.4836	39.5332	39.5593	39.5594	39.5353	39.5207	39.4534	39.5004	39.3841	39.522	39.3664	39.427	39.3613	39.5274	39.5231	39.4916	39.4083	39.427	39.4178	39.4119	39.348	39.3717	39.2906	39.301	39.3413	39.3106	39.5666
Sor-ACeb_020-Ex1-2G-lcwgs-1-2-L2-clmp.r1r2_fastp	38.7235	39.0254	38.9634	39.018	38.9715	38.9417	38.994	39.1031	39.1394	39.2467	39.3714	39.4418	39.515	39.5412	39.5449	39.5862	39.6307	39.6317	39.5914	39.6511	39.6437	39.6861	39.6872	39.6788	39.6464	39.2247	39.288	39.3419	39.3005	39.3199	39.3011	39.3775	39.3513	39.4063	39.416	39.4066	39.4314	39.4264	39.4382	39.4848	39.4169	39.4514	39.4808	39.4993	39.4798	39.4548	39.4569	39.503	39.5011	39.5432	39.5394	39.5682	39.5599	39.5624	39.5365	39.5354	39.5692	39.5428	39.5489	39.5757	39.5668	39.5661	39.6035	39.5728	39.6478	39.5257	39.5847	39.557	39.6154	39.5415	39.5805	39.567	39.4868	39.5357	39.6347	39.5713	39.5291	39.5137	39.5328	39.4743	39.4963	39.5465	39.6082	39.5177	39.5527	39.4258	39.5765	39.5705	39.5353	39.4591	39.5623	39.5001	39.5491	39.3919	39.6043	39.5395	39.6056	39.52	39.4831	39.4478	39.4557	39.4739	39.4637	39.5257	39.4651	39.4841	39.5271	39.4277	39.4172	39.5348	39.3723	39.526	39.5154	39.4211	39.4746	39.4903	39.2751	39.4673	39.4041	39.3586	39.5056	39.399	39.441	39.3696	39.3309	39.5717	39.1747	39.3203	39.4143	39.3692	39.4326	39.2607	39.3522	39.3854	39.345	39.4165	39.5085	39.4787	39.4425	39.3297	39.4298	39.2266	39.3715	39.0396	39.3904	39.454	39.3546	39.1329	39.2566	39.5582
Sor-ACeb_020-Ex1-2G-lcwgs-1-2-L3-clmp.r1r2_fastp	38.8257	39.1362	39.1731	39.1871	39.1319	38.7269	38.9522	38.9575	38.9725	39.1387	39.3605	39.4448	39.5151	39.4821	39.5141	39.6711	39.6638	39.6449	39.7253	39.6909	39.69	39.6837	39.6837	39.7089	39.7074	39.3092	39.2869	39.3184	39.3634	39.3518	39.423	39.4303	39.4216	39.4353	39.492	39.4666	39.4723	39.4833	39.4977	39.5279	39.5356	39.5085	39.5159	39.5585	39.5771	39.5459	39.5472	39.5402	39.5548	39.6333	39.5923	39.5879	39.6227	39.596	39.6308	39.6176	39.6321	39.6316	39.6014	39.6429	39.6145	39.6313	39.6174	39.6222	39.5847	39.6006	39.601	39.6078	39.6335	39.5907	39.6273	39.6384	39.6779	39.6179	39.6276	39.679	39.6041	39.6567	39.5981	39.6161	39.6343	39.5918	39.6585	39.6449	39.5761	39.5926	39.59	39.6946	39.673	39.6139	39.621	39.5895	39.6356	39.6512	39.635	39.5955	39.5239	39.6539	39.6279	39.4991	39.6682	39.521	39.5688	39.551	39.5429	39.5961	39.5136	39.5031	39.5032	39.3906	39.6134	39.5332	39.5193	39.5578	39.483	39.4265	39.4363	39.561	39.4391	39.4338	39.5249	39.3647	39.4883	39.4216	39.3542	39.2961	39.4374	39.4671	39.4582	39.496	39.3308	39.4629	39.2984	39.4134	39.2051	39.3832	39.5239	39.3366	39.5158	39.5086	39.4308	39.4024	39.2081	39.2672	39.2023	39.1925	39.3031	39.1695	39.2496	39.5436
Sor-ACeb_021-Ex1-4G-lcwgs-1-2-L2-clmp.r1r2_fastp	38.9693	39.1856	39.2607	39.1656	38.9816	38.819	39.0184	38.9663	39.046	39.2822	39.5	39.635	39.638	39.6503	39.5644	39.7178	39.8098	39.7485	39.7393	39.7515	39.7147	39.816	39.8313	39.8466	39.8344	39.3742	39.5828	39.4908	39.5031	39.5276	39.4755	39.4509	39.6104	39.604	39.5942	39.5662	39.7008	39.6411	39.618	39.6604	39.6557	39.7488	39.5864	39.5059	39.5264	39.6112	39.6933	39.7113	39.6307	39.6373	39.6747	39.612	39.6358	39.7776	39.7504	39.7002	39.6813	39.6232	39.7221	39.8071	39.6657	39.7374	39.657	39.7341	39.7612	39.7036	39.7184	39.7694	39.769	39.7568	39.7699	39.7557	39.7757	39.86	39.72	39.7215	39.7416	39.6658	39.7209	39.8184	39.775	39.7405	39.7807	39.7768	39.7964	39.6837	39.685	39.6973	39.6376	39.7085	39.6719	39.7077	39.6344	39.7467	39.771	39.7973	39.7333	39.5711	39.5339	39.8087	39.8559	39.7425	39.7488	39.62	39.6513	39.8914	39.7354	39.7188	39.643	39.3262	39.5667	39.4659	39.6986	39.6083	39.6109	39.5625	39.6688	39.4211	39.5946	39.6944	39.7173	39.36	39.7343	39.609	39.5556	39.7008	39.6275	39.6333	39.6287	39.6696	39.3901	39.7235	39.5407	39.6878	39.6219	39.6718	39.4375	39.4681	39.6044	39.25	39.2706	39.4286	39.0127	39.28	38.9932	39.0704	38.8936	39.3333	39.2	39.0154
Sor-ACeb_021-Ex1-4G-lcwgs-1-2-L3-clmp.r1r2_fastp	38.8747	39.0153	39.0334	39.2317	39.1668	38.8711	39.0803	39.1993	39.0947	39.2137	39.4121	39.4193	39.596	39.5888	39.5203	39.6537	39.5708	39.661	39.7115	39.7042	39.7728	39.6393	39.6105	39.7583	39.6429	39.3003	39.4301	39.358	39.4085	39.376	39.4445	39.4482	39.4121	39.2527	39.3351	39.3581	39.3103	39.4863	39.4771	39.5064	39.463	39.4995	39.5497	39.5395	39.5206	39.5276	39.5969	39.6259	39.506	39.5127	39.5	39.4404	39.6674	39.5902	39.6876	39.5473	39.4661	39.6167	39.6306	39.6574	39.7371	39.6177	39.7164	39.6692	39.7494	39.6292	39.657	39.5102	39.7697	39.6791	39.7151	39.7092	39.7856	39.4945	39.5662	39.6933	39.5216	39.5946	39.7924	39.4286	39.6383	39.4613	39.435	39.7834	39.246	39.4438	39.5329	39.7357	39.5332	39.7271	39.4231	39.2906	39.6263	39.7629	39.712	39.9121	39.9549	39.6571	39.6416	39.6932	39.7612	39.7309	39.6845	39.6141	39.4967	39.3973	39.5228	39.4894	39.5668	39.3258	39.75	39.5219	39.4357	39.5365	39.6696	39.5911	39.5113	39.4019	39.3462	39.3333	39.6238	39.4747	39.3196	39.2	39.5243	39.6464	39.7241	39.5556	38.8333	39.1166	39.6981	38.8974	39.3113	39.5493	39.5714	39.6571	39.7698	39.8815	39.6308	39.5039	39.648	38.8667	39.4872	39.3504	39.1858	39.0092	39.7009	38.9057	39.0	39.0303
Sor-ACeb_022-Ex1-5G-lcwgs-1-2-L2-clmp.r1r2_fastp	38.985	39.1791	39.209	39.1865	39.16	39.0557	39.1409	39.2192	39.2642	39.4127	39.5232	39.6257	39.6581	39.6605	39.7009	39.7628	39.7618	39.7461	39.7439	39.7986	39.8077	39.788	39.7728	39.794	39.7834	39.5286	39.5207	39.5407	39.5396	39.5668	39.5117	39.5675	39.5856	39.6029	39.6173	39.6255	39.6323	39.5977	39.6124	39.6307	39.6389	39.6251	39.6101	39.6576	39.6429	39.6423	39.6448	39.6694	39.6544	39.6727	39.6842	39.6903	39.6931	39.6564	39.6717	39.7028	39.6969	39.7075	39.6869	39.6779	39.6894	39.6781	39.6528	39.7067	39.6669	39.6808	39.7286	39.6753	39.697	39.6593	39.7098	39.6728	39.6664	39.659	39.6905	39.6718	39.6776	39.6732	39.6885	39.7187	39.7154	39.682	39.6673	39.6869	39.6533	39.6481	39.6593	39.7086	39.6981	39.6779	39.6413	39.6561	39.653	39.6926	39.6394	39.6108	39.6728	39.637	39.6691	39.6747	39.6236	39.6112	39.6036	39.6409	39.6577	39.6463	39.6243	39.6514	39.6579	39.6122	39.6665	39.6544	39.682	39.6373	39.6453	39.618	39.6635	39.6244	39.6358	39.6249	39.6363	39.6347	39.6399	39.6481	39.6259	39.6827	39.6074	39.64	39.6448	39.5609	39.62	39.6503	39.6423	39.5812	39.5828	39.6246	39.5291	39.5523	39.5226	39.5786	39.5264	39.55	39.4834	39.5277	39.5418	39.5234	39.4197	39.4923	39.5535	39.7306
Sor-ACeb_022-Ex1-5G-lcwgs-1-2-L3-clmp.r1r2_fastp	38.9963	39.2147	39.262	39.2947	39.126	38.9037	39.0536	39.0944	39.0394	39.2636	39.4937	39.5902	39.6193	39.5752	39.618	39.7457	39.7529	39.7423	39.7529	39.7702	39.7813	39.779	39.765	39.7793	39.7586	39.473	39.4622	39.5197	39.51	39.5207	39.514	39.571	39.5633	39.5573	39.5856	39.5741	39.6047	39.597	39.6055	39.6488	39.6279	39.662	39.666	39.6479	39.63	39.6369	39.6616	39.6701	39.6358	39.6665	39.648	39.6912	39.695	39.6489	39.6908	39.7009	39.6916	39.6838	39.6619	39.6913	39.6758	39.7152	39.7012	39.6855	39.6586	39.7091	39.6875	39.6652	39.7164	39.6852	39.6848	39.6701	39.6819	39.7033	39.6891	39.6917	39.6624	39.6973	39.6631	39.6995	39.6876	39.6897	39.6613	39.6905	39.7109	39.6776	39.6666	39.6973	39.6867	39.7223	39.6572	39.7112	39.7403	39.6814	39.6685	39.6989	39.6994	39.7111	39.7106	39.6873	39.6715	39.7348	39.6492	39.6631	39.5925	39.7122	39.72	39.6678	39.6409	39.631	39.6104	39.6834	39.6277	39.6065	39.5899	39.6591	39.5697	39.6669	39.6399	39.6207	39.5513	39.6046	39.5843	39.7057	39.6197	39.5908	39.5968	39.6052	39.6369	39.5865	39.6173	39.5595	39.4861	39.5114	39.5613	39.5503	39.5865	39.589	39.5794	39.5818	39.4941	39.4552	39.5113	39.4684	39.4706	39.4739	39.4307	39.4616	39.3997	39.6337
Sor-CPnd_001-Ex1-3E-lcwgs-1-2-L2-clmp.r1r2_fastp	38.9309	39.1328	39.1653	39.1801	39.0348	38.8954	39.0158	39.0763	39.1125	39.2924	39.4678	39.5709	39.604	39.6228	39.6542	39.7395	39.742	39.7368	39.7475	39.7579	39.764	39.774	39.7745	39.7774	39.7637	39.4525	39.4652	39.4815	39.4937	39.5057	39.5094	39.5444	39.5512	39.5663	39.5673	39.5814	39.5884	39.5953	39.5972	39.6154	39.617	39.6238	39.6313	39.6459	39.6395	39.6362	39.6471	39.6512	39.6492	39.6639	39.6588	39.6805	39.6852	39.6683	39.6795	39.6963	39.6944	39.6871	39.6927	39.6975	39.6889	39.7068	39.7018	39.6969	39.6905	39.7051	39.7046	39.6986	39.704	39.6908	39.6962	39.6857	39.687	39.6987	39.6996	39.6861	39.6928	39.6956	39.6888	39.6885	39.68	39.6848	39.6834	39.6887	39.685	39.6777	39.6755	39.6793	39.679	39.6757	39.6778	39.6823	39.6737	39.6635	39.6666	39.6606	39.6511	39.6483	39.6505	39.6429	39.6303	39.6393	39.6263	39.6253	39.627	39.62	39.6081	39.6095	39.6059	39.5985	39.5908	39.5926	39.5926	39.5827	39.5771	39.5687	39.5642	39.5685	39.5418	39.5441	39.5521	39.5427	39.5399	39.5312	39.5337	39.533	39.5213	39.5204	39.5189	39.505	39.4947	39.4783	39.4841	39.4652	39.4545	39.4543	39.4669	39.433	39.4254	39.4204	39.4037	39.3798	39.3531	39.3362	39.3145	39.3108	39.2636	39.2537	39.2741	39.5702
Sor-CPnd_001-Ex1-3E-lcwgs-1-2-L3-clmp.r1r2_fastp	38.97	39.1726	39.212	39.255	39.1163	38.8711	39.0495	39.084	39.0829	39.2872	39.4846	39.5502	39.611	39.5894	39.6217	39.7284	39.7382	39.7411	39.7556	39.7601	39.769	39.7722	39.776	39.7771	39.7673	39.4507	39.4584	39.4757	39.4971	39.505	39.5148	39.5401	39.5345	39.5541	39.5593	39.5773	39.5943	39.5973	39.6004	39.6121	39.6177	39.6256	39.6388	39.643	39.6365	39.6414	39.6524	39.6521	39.621	39.6619	39.6565	39.6822	39.6895	39.6608	39.6801	39.6943	39.6941	39.6886	39.6901	39.6924	39.6851	39.6954	39.6905	39.6925	39.6875	39.6981	39.7003	39.6654	39.6889	39.6896	39.6802	39.6771	39.6786	39.6858	39.6952	39.6938	39.6819	39.682	39.6843	39.6811	39.678	39.6827	39.6783	39.6763	39.6722	39.6624	39.6627	39.6721	39.6653	39.6666	39.6656	39.6721	39.6597	39.6457	39.6447	39.6418	39.6399	39.6368	39.6358	39.6272	39.6225	39.6211	39.6169	39.6066	39.6003	39.6033	39.596	39.5849	39.589	39.5946	39.5809	39.5784	39.5756	39.5649	39.546	39.5611	39.5479	39.5499	39.54	39.5378	39.5409	39.5306	39.5346	39.524	39.5225	39.5186	39.5081	39.5109	39.4945	39.5047	39.4829	39.4727	39.4622	39.4647	39.4549	39.4465	39.4465	39.4408	39.4246	39.4295	39.4049	39.3733	39.3663	39.3247	39.2998	39.2905	39.262	39.2374	39.2593	39.5378
Sor-CPnd_002-Ex1-5E-lcwgs-1-2-L2-clmp.r1r2_fastp	38.9812	39.1634	39.1958	39.2279	39.1304	39.037	39.155	39.2181	39.2502	39.4058	39.5546	39.6389	39.6742	39.6801	39.7048	39.7728	39.7684	39.7714	39.7767	39.7803	39.79	39.793	39.7958	39.7937	39.7757	39.5122	39.522	39.5271	39.5387	39.5452	39.5558	39.5734	39.5818	39.5923	39.5889	39.6053	39.6076	39.6124	39.6139	39.6192	39.6244	39.6224	39.6285	39.643	39.636	39.6337	39.6421	39.6402	39.6369	39.649	39.6401	39.6706	39.6711	39.6402	39.6549	39.668	39.6627	39.6588	39.6638	39.6584	39.6494	39.6699	39.6626	39.6558	39.6388	39.654	39.6618	39.6429	39.6459	39.6427	39.6391	39.6334	39.631	39.6424	39.6386	39.6301	39.6277	39.6274	39.6209	39.6178	39.6095	39.6006	39.6109	39.6137	39.6049	39.6011	39.5988	39.599	39.5952	39.5952	39.5962	39.5973	39.581	39.5774	39.5775	39.576	39.5678	39.5652	39.564	39.552	39.5501	39.5503	39.5304	39.5297	39.5326	39.5246	39.5186	39.522	39.5088	39.5213	39.499	39.4935	39.4936	39.4938	39.4942	39.4988	39.4882	39.4719	39.4552	39.446	39.4506	39.445	39.44	39.441	39.4299	39.4299	39.4173	39.4177	39.4071	39.4132	39.3998	39.3819	39.3879	39.386	39.3584	39.3604	39.3683	39.3346	39.3412	39.3455	39.3184	39.2898	39.2721	39.246	39.2327	39.2377	39.1603	39.1642	39.2	39.531
Sor-CPnd_002-Ex1-5E-lcwgs-1-2-L3-clmp.r1r2_fastp	39.0283	39.2279	39.2762	39.3059	39.1646	38.8893	39.0737	39.0952	39.0508	39.2861	39.512	39.5761	39.6335	39.6175	39.6428	39.7469	39.7525	39.755	39.7656	39.7737	39.7828	39.7893	39.7799	39.7847	39.7773	39.4858	39.4899	39.5058	39.5239	39.5253	39.5351	39.5628	39.5632	39.5719	39.575	39.5908	39.6068	39.6073	39.6193	39.6208	39.6281	39.6319	39.6396	39.6421	39.6381	39.6425	39.6501	39.6439	39.6191	39.6528	39.648	39.6695	39.678	39.6403	39.6617	39.6756	39.677	39.6693	39.6691	39.6679	39.6642	39.6797	39.6654	39.6714	39.6654	39.6723	39.6765	39.6356	39.6729	39.6608	39.653	39.6577	39.6561	39.6652	39.6694	39.671	39.655	39.6606	39.6508	39.6543	39.6439	39.6492	39.6502	39.649	39.6459	39.6355	39.6412	39.6411	39.6401	39.6296	39.6334	39.6332	39.6263	39.6149	39.6152	39.617	39.613	39.6151	39.6089	39.5965	39.5952	39.5944	39.5885	39.5917	39.5645	39.5709	39.5678	39.5581	39.5669	39.5637	39.5535	39.5449	39.555	39.5389	39.5003	39.5253	39.5292	39.5227	39.5158	39.5131	39.5139	39.4997	39.5001	39.5014	39.5112	39.4914	39.4771	39.4908	39.4709	39.4698	39.4847	39.4427	39.424	39.4301	39.4198	39.4374	39.4222	39.4218	39.3925	39.4111	39.3671	39.3467	39.3383	39.2767	39.2859	39.2484	39.2231	39.1954	39.2137	39.4993
Sor-CPnd_003-Ex1-2B-lcwgs-1-2-L2-clmp.r1r2_fastp	38.8328	39.0282	39.0431	39.1063	39.0722	39.0438	39.1675	39.237	39.2718	39.3799	39.4889	39.5614	39.6057	39.6073	39.6329	39.7154	39.7196	39.7176	39.7344	39.7424	39.7461	39.7517	39.7582	39.7615	39.7366	39.3903	39.401	39.4117	39.431	39.4374	39.4521	39.4808	39.4819	39.4979	39.5039	39.5166	39.5236	39.5336	39.5373	39.5496	39.5558	39.5536	39.5668	39.5856	39.5748	39.5736	39.5809	39.5886	39.5865	39.6005	39.5879	39.63	39.634	39.6001	39.6275	39.6449	39.6346	39.6427	39.6374	39.6382	39.6473	39.6608	39.6463	39.6451	39.6365	39.6568	39.6528	39.648	39.6499	39.6417	39.6399	39.6385	39.632	39.6409	39.648	39.6365	39.6442	39.6528	39.6453	39.6351	39.6335	39.6372	39.6385	39.6473	39.6375	39.6451	39.6416	39.6485	39.636	39.6446	39.6447	39.64	39.6389	39.6386	39.632	39.6295	39.6239	39.6253	39.6309	39.6197	39.6113	39.6171	39.6094	39.6019	39.5993	39.5982	39.5817	39.587	39.5845	39.5836	39.5646	39.5648	39.5666	39.5568	39.5456	39.5509	39.5365	39.5388	39.5261	39.5231	39.5365	39.5281	39.5178	39.5121	39.5075	39.5199	39.508	39.4964	39.5017	39.5028	39.4968	39.491	39.4862	39.4679	39.4663	39.4507	39.4547	39.4136	39.4416	39.4502	39.422	39.3895	39.3859	39.3624	39.3461	39.3365	39.3145	39.2951	39.3286	39.5954
Sor-CPnd_003-Ex1-2B-lcwgs-1-2-L3-clmp.r1r2_fastp	38.9807	39.2319	39.2525	39.2807	39.1628	38.9365	39.0695	39.0765	39.0485	39.2605	39.4752	39.541	39.6021	39.583	39.6101	39.7198	39.7269	39.7319	39.7436	39.7522	39.763	39.7654	39.7675	39.7752	39.7605	39.4416	39.4421	39.4623	39.4804	39.4901	39.5016	39.525	39.5285	39.5399	39.5481	39.5637	39.5785	39.5828	39.5931	39.6087	39.6071	39.6084	39.6221	39.6297	39.6249	39.6308	39.6402	39.6408	39.6215	39.6507	39.6417	39.6741	39.6799	39.6454	39.6701	39.692	39.6825	39.6864	39.6893	39.6819	39.6811	39.6942	39.6795	39.6841	39.6832	39.6976	39.6972	39.6235	39.6805	39.687	39.6858	39.6748	39.682	39.6906	39.6993	39.6919	39.6875	39.6835	39.6835	39.6912	39.6836	39.6862	39.6815	39.692	39.6867	39.6776	39.6806	39.6826	39.6766	39.6755	39.6837	39.6906	39.6747	39.6759	39.6669	39.6656	39.6681	39.6627	39.652	39.6484	39.6418	39.6359	39.6271	39.6287	39.6255	39.6294	39.6134	39.6083	39.6149	39.6156	39.609	39.5985	39.6007	39.5895	39.5352	39.5821	39.5833	39.575	39.5667	39.5679	39.5654	39.5618	39.5644	39.5526	39.5503	39.5603	39.5438	39.5574	39.5262	39.5349	39.5237	39.5051	39.4535	39.5112	39.4835	39.4962	39.4865	39.4759	39.4817	39.4697	39.4313	39.4199	39.4021	39.3515	39.3502	39.3339	39.3071	39.2826	39.2808	39.567
Sor-CPnd_004-Ex1-1G-lcwgs-1-2-L2-clmp.r1r2_fastp	39.0023	39.2018	39.2515	39.2711	39.1499	39.0391	39.1325	39.1809	39.2001	39.3568	39.5071	39.6111	39.6675	39.6641	39.6879	39.7714	39.7685	39.7607	39.7737	39.7777	39.7869	39.7936	39.7975	39.8018	39.7873	39.5273	39.5326	39.5456	39.5582	39.5669	39.5674	39.601	39.6048	39.6187	39.6205	39.6324	39.6387	39.6384	39.6438	39.6554	39.6554	39.6586	39.6658	39.6763	39.6718	39.6698	39.6791	39.6841	39.6803	39.6934	39.6858	39.7098	39.7148	39.6948	39.7064	39.7194	39.7181	39.7157	39.721	39.7224	39.7136	39.7318	39.7253	39.7232	39.7128	39.7282	39.7211	39.7211	39.7252	39.7163	39.7169	39.7108	39.7149	39.7226	39.723	39.7101	39.718	39.7205	39.7184	39.7152	39.7093	39.7098	39.7109	39.7128	39.7097	39.7036	39.7026	39.705	39.7083	39.7061	39.7097	39.7108	39.7017	39.6948	39.6965	39.692	39.6869	39.6838	39.6877	39.6795	39.665	39.6692	39.6651	39.6647	39.6631	39.6575	39.6503	39.6455	39.6484	39.6474	39.6352	39.6368	39.6314	39.6279	39.6221	39.6152	39.6122	39.6147	39.5804	39.5898	39.5957	39.5886	39.5861	39.584	39.5842	39.5778	39.5749	39.567	39.5599	39.5586	39.5484	39.5318	39.5375	39.5157	39.513	39.5078	39.5105	39.4891	39.4761	39.475	39.467	39.4309	39.4117	39.3855	39.3785	39.3722	39.328	39.2984	39.3403	39.5964
Sor-CPnd_004-Ex1-1G-lcwgs-1-2-L3-clmp.r1r2_fastp	39.0429	39.2623	39.3154	39.346	39.222	39.0284	39.1289	39.1507	39.1285	39.3204	39.5238	39.5839	39.6514	39.6241	39.6528	39.7577	39.7657	39.7695	39.7763	39.7877	39.7963	39.7993	39.796	39.8042	39.7927	39.5227	39.5273	39.5451	39.5638	39.5658	39.5747	39.6021	39.5983	39.6108	39.6119	39.6255	39.6413	39.6441	39.6481	39.6638	39.6642	39.6679	39.6732	39.6829	39.6754	39.6784	39.6864	39.6864	39.6481	39.6948	39.6937	39.7144	39.7211	39.6939	39.7107	39.726	39.7231	39.7199	39.7222	39.725	39.7188	39.73	39.7217	39.7255	39.7212	39.7267	39.7274	39.6971	39.7235	39.7212	39.717	39.7153	39.7189	39.726	39.7307	39.7305	39.7199	39.7216	39.716	39.7212	39.7132	39.7203	39.7172	39.7194	39.7147	39.7077	39.7119	39.7175	39.7123	39.7091	39.7068	39.7175	39.707	39.6982	39.6994	39.6936	39.6974	39.6914	39.6914	39.6836	39.6762	39.6749	39.6625	39.6679	39.6638	39.6636	39.6534	39.6477	39.6482	39.6483	39.6472	39.6395	39.639	39.6218	39.6026	39.6196	39.6216	39.6166	39.6133	39.6091	39.6059	39.5984	39.6015	39.5939	39.5975	39.5934	39.5847	39.5815	39.5623	39.57	39.559	39.5417	39.5224	39.537	39.5253	39.5219	39.5241	39.5085	39.4969	39.499	39.4704	39.4445	39.4306	39.3918	39.3673	39.3668	39.3351	39.3179	39.3303	39.5726
Sor-CPnd_005-Ex1-3D-lcwgs-1-2-L2-clmp.r1r2_fastp	38.8921	39.0811	39.1111	39.1546	39.0185	38.8813	39.0058	39.0466	39.0589	39.2469	39.3949	39.5169	39.5422	39.5756	39.6066	39.7068	39.7096	39.7078	39.7178	39.7284	39.7367	39.7439	39.7491	39.7523	39.7348	39.3796	39.3877	39.4001	39.4231	39.4316	39.4381	39.479	39.4881	39.5088	39.504	39.5271	39.5333	39.5403	39.5521	39.5656	39.5699	39.5744	39.5862	39.6057	39.603	39.5993	39.6164	39.6198	39.621	39.6395	39.6292	39.6632	39.6682	39.6468	39.6635	39.6814	39.6803	39.6803	39.6853	39.6848	39.6791	39.698	39.6966	39.6934	39.6848	39.6961	39.6976	39.6923	39.7004	39.6948	39.6925	39.6865	39.6861	39.6948	39.6987	39.6769	39.6954	39.6972	39.6913	39.6887	39.6811	39.6863	39.6854	39.6915	39.6884	39.6829	39.6787	39.6848	39.6817	39.6782	39.6879	39.6852	39.6789	39.6706	39.6717	39.659	39.6631	39.6591	39.666	39.6516	39.6444	39.6448	39.6399	39.6381	39.6338	39.6259	39.6239	39.6256	39.6223	39.6178	39.6028	39.6087	39.61	39.6022	39.6007	39.5881	39.5906	39.5861	39.5549	39.5636	39.5725	39.5695	39.5638	39.5538	39.5626	39.557	39.5515	39.5456	39.5471	39.5362	39.5218	39.5116	39.5145	39.5048	39.4911	39.4882	39.4949	39.4637	39.4545	39.4528	39.4451	39.414	39.3923	39.3676	39.3559	39.3483	39.2993	39.2925	39.3166	39.5825
Sor-CPnd_005-Ex1-3D-lcwgs-1-2-L3-clmp.r1r2_fastp	38.9353	39.1424	39.1697	39.2233	39.0874	38.8456	38.9971	39.0335	39.0311	39.225	39.4261	39.5009	39.5637	39.5411	39.5817	39.6946	39.704	39.7105	39.7223	39.739	39.7441	39.7489	39.7475	39.7549	39.7388	39.3761	39.3794	39.4073	39.4249	39.4415	39.4496	39.483	39.4821	39.4997	39.5029	39.5225	39.543	39.5506	39.5582	39.5735	39.5786	39.5875	39.5981	39.6069	39.6039	39.6071	39.6226	39.6264	39.5725	39.6388	39.637	39.6655	39.6687	39.6392	39.6628	39.6786	39.678	39.6767	39.6807	39.6885	39.6784	39.6918	39.6848	39.6921	39.6822	39.6944	39.6921	39.6471	39.6908	39.6854	39.6816	39.6799	39.6832	39.691	39.6913	39.7	39.6839	39.6824	39.6804	39.6841	39.6794	39.6846	39.6809	39.6859	39.6808	39.6728	39.6759	39.6775	39.6727	39.6718	39.6793	39.6769	39.6697	39.6627	39.6614	39.6549	39.6603	39.6579	39.6512	39.6501	39.6332	39.6357	39.6289	39.629	39.6222	39.6219	39.6155	39.6155	39.6166	39.6163	39.607	39.6061	39.6085	39.5907	39.5625	39.5804	39.5878	39.5839	39.5726	39.5718	39.5657	39.5549	39.5603	39.5586	39.5597	39.5564	39.5451	39.5471	39.5216	39.5333	39.5209	39.5042	39.487	39.4984	39.4859	39.4827	39.4922	39.4727	39.4573	39.4614	39.4389	39.4105	39.4036	39.3646	39.3438	39.3358	39.3023	39.284	39.3014	39.5595
Sor-CPnd_006-Ex1-2D-lcwgs-1-2-L2-clmp.r1r2_fastp	38.8598	39.0379	39.0574	39.1089	39.0439	39.0258	39.1455	39.2222	39.2588	39.3707	39.4841	39.556	39.6004	39.6066	39.6345	39.729	39.7237	39.7253	39.7325	39.7398	39.7468	39.7538	39.7576	39.7638	39.7382	39.4034	39.4135	39.4264	39.4416	39.4409	39.4508	39.4788	39.4832	39.5046	39.4972	39.5138	39.5205	39.5293	39.5325	39.5455	39.5469	39.5525	39.5574	39.5729	39.5688	39.5661	39.5748	39.5778	39.5628	39.5911	39.5753	39.6192	39.6215	39.5789	39.6034	39.6266	39.6181	39.6137	39.615	39.6169	39.6094	39.6271	39.6212	39.6159	39.6073	39.6267	39.6334	39.6155	39.6173	39.6102	39.6097	39.6011	39.6033	39.6132	39.611	39.6087	39.6068	39.6047	39.6067	39.6069	39.5946	39.5992	39.6031	39.6033	39.6013	39.5969	39.5973	39.5997	39.5961	39.6012	39.6065	39.6043	39.6024	39.5927	39.5869	39.5869	39.5883	39.5824	39.589	39.5797	39.5721	39.572	39.5653	39.5704	39.5617	39.5546	39.5443	39.5507	39.5459	39.5366	39.5328	39.5286	39.5244	39.5168	39.518	39.5178	39.5138	39.5085	39.4857	39.4886	39.496	39.4834	39.4752	39.4776	39.4709	39.4751	39.4755	39.4725	39.4632	39.4631	39.4572	39.4429	39.4464	39.4219	39.422	39.4235	39.4203	39.3803	39.3976	39.4078	39.3956	39.3555	39.3396	39.3035	39.3001	39.2949	39.242	39.262	39.279	39.5787
Sor-CPnd_006-Ex1-2D-lcwgs-1-2-L3-clmp.r1r2_fastp	39.0081	39.2265	39.2563	39.2851	39.1577	38.8466	39.0634	39.0693	39.0434	39.2543	39.479	39.5467	39.6039	39.5862	39.6147	39.7231	39.7365	39.7365	39.7482	39.7559	39.7664	39.7693	39.7686	39.775	39.7603	39.44	39.446	39.4717	39.4886	39.4954	39.5064	39.5349	39.5293	39.5445	39.5468	39.5632	39.5812	39.5844	39.5906	39.601	39.603	39.6058	39.6156	39.629	39.619	39.6237	39.6317	39.6343	39.6077	39.6386	39.6353	39.6641	39.6687	39.6327	39.6519	39.6685	39.6681	39.6609	39.6672	39.667	39.6611	39.6797	39.667	39.6691	39.6683	39.6786	39.6825	39.6246	39.6684	39.6714	39.6629	39.6575	39.6627	39.6639	39.6719	39.6717	39.6603	39.6622	39.6543	39.6613	39.6543	39.6599	39.6553	39.664	39.6545	39.6486	39.6545	39.6591	39.6498	39.6565	39.6517	39.6577	39.6489	39.6352	39.641	39.631	39.6341	39.6356	39.6249	39.614	39.6117	39.6093	39.5988	39.5953	39.5868	39.5938	39.5858	39.5797	39.5845	39.5771	39.5713	39.567	39.5645	39.5522	39.5055	39.5412	39.5351	39.5513	39.5226	39.5264	39.5293	39.5139	39.5235	39.5177	39.5256	39.5121	39.5058	39.5032	39.4873	39.4956	39.4775	39.4521	39.4258	39.4637	39.445	39.4575	39.4605	39.4479	39.425	39.43	39.3991	39.3752	39.3585	39.3187	39.2976	39.2893	39.2623	39.242	39.2396	39.5369
Sor-CPnd_007-Ex1-1C-lcwgs-1-2-L2-clmp.r1r2_fastp	38.8651	39.0901	39.1268	39.1383	39.0131	38.8513	38.9878	38.9939	39.0488	39.2176	39.3811	39.5023	39.5328	39.571	39.6052	39.6996	39.7029	39.6937	39.7055	39.719	39.7271	39.74	39.7433	39.7509	39.7289	39.38	39.3905	39.4124	39.422	39.4407	39.4448	39.4946	39.5031	39.5236	39.5243	39.549	39.5501	39.5623	39.5699	39.5847	39.5915	39.6	39.6054	39.6248	39.6199	39.6245	39.6341	39.6447	39.6449	39.6634	39.6568	39.6865	39.6923	39.6725	39.6915	39.7055	39.7081	39.7028	39.7072	39.7124	39.7133	39.7209	39.7283	39.7263	39.7142	39.7317	39.7302	39.7236	39.7332	39.7246	39.7279	39.7196	39.7219	39.7345	39.741	39.7198	39.7335	39.7305	39.7255	39.7307	39.7273	39.7243	39.7292	39.7326	39.7262	39.719	39.7165	39.7229	39.7182	39.7272	39.7216	39.7254	39.7229	39.7134	39.7127	39.7065	39.7005	39.7022	39.7083	39.6936	39.6872	39.6911	39.6804	39.678	39.6826	39.672	39.6644	39.6583	39.6714	39.6617	39.6436	39.6534	39.6492	39.6393	39.6439	39.6284	39.6356	39.6378	39.5979	39.6031	39.6208	39.608	39.6123	39.592	39.6063	39.6059	39.5894	39.5942	39.5797	39.5713	39.5686	39.5509	39.5603	39.5324	39.5266	39.5302	39.5435	39.4933	39.4938	39.4861	39.4807	39.4437	39.4288	39.3995	39.3916	39.3955	39.3439	39.3285	39.3514	39.5967
Sor-CPnd_007-Ex1-1C-lcwgs-1-2-L3-clmp.r1r2_fastp	38.9229	39.1541	39.1901	39.2196	39.0888	38.883	38.9991	39.0083	38.9994	39.2107	39.4036	39.477	39.5568	39.5318	39.5752	39.6917	39.7049	39.7079	39.7207	39.7269	39.734	39.7439	39.7451	39.7537	39.747	39.3824	39.3812	39.4178	39.4412	39.4494	39.4669	39.4969	39.4895	39.5172	39.5247	39.5465	39.5622	39.5739	39.5901	39.5958	39.5998	39.6087	39.6201	39.6322	39.6323	39.634	39.6537	39.653	39.6169	39.6711	39.6646	39.7011	39.7018	39.6803	39.6971	39.7146	39.7181	39.7188	39.7234	39.7265	39.7177	39.7305	39.7281	39.7308	39.7218	39.7325	39.7334	39.7004	39.7314	39.7345	39.7307	39.7293	39.7341	39.7489	39.75	39.7466	39.7368	39.7393	39.7373	39.7375	39.7331	39.7426	39.735	39.7428	39.7373	39.7284	39.7321	39.737	39.7267	39.7318	39.7372	39.7359	39.7315	39.718	39.7272	39.7151	39.7186	39.723	39.7166	39.7116	39.7043	39.6983	39.6938	39.6933	39.6869	39.6945	39.6739	39.6756	39.6816	39.6735	39.667	39.6796	39.6692	39.6533	39.6285	39.655	39.6571	39.6471	39.6389	39.6303	39.6385	39.6297	39.6304	39.6289	39.6312	39.6252	39.6126	39.6128	39.5948	39.5954	39.5808	39.5695	39.5473	39.567	39.5462	39.5597	39.5642	39.5367	39.5224	39.52	39.5042	39.4763	39.4633	39.4217	39.4084	39.409	39.3772	39.3496	39.3509	39.5791
Sor-CPnd_008-Ex1-1A-lcwgs-1-2-L2-clmp.r1r2_fastp	38.678	38.7741	38.7762	38.7906	38.6595	38.4711	38.6143	38.6421	38.7093	38.9346	39.0606	39.2464	39.2909	39.3531	39.4114	39.5502	39.5599	39.5646	39.5867	39.6106	39.6228	39.6389	39.6455	39.6509	39.6265	38.9705	38.9972	39.0278	39.062	39.0828	39.0985	39.16	39.1758	39.2141	39.2225	39.2534	39.2743	39.29	39.2972	39.337	39.3484	39.3647	39.3857	39.4192	39.4192	39.4321	39.4533	39.4693	39.4843	39.5041	39.5073	39.5418	39.5573	39.5497	39.5703	39.5928	39.6057	39.6098	39.6172	39.6284	39.629	39.653	39.6543	39.6566	39.6316	39.6673	39.6667	39.6745	39.6849	39.6779	39.6825	39.675	39.6818	39.6943	39.688	39.6622	39.6952	39.7013	39.6969	39.6956	39.6908	39.697	39.6942	39.7	39.6954	39.6933	39.6912	39.6949	39.6979	39.6907	39.7024	39.7011	39.6955	39.6817	39.6889	39.6836	39.6801	39.6768	39.6818	39.6689	39.6614	39.664	39.655	39.6529	39.6498	39.6483	39.6407	39.638	39.6411	39.6353	39.6133	39.6262	39.6252	39.6195	39.6158	39.6072	39.6084	39.6066	39.5521	39.5812	39.5962	39.5871	39.5794	39.5751	39.5864	39.5796	39.5694	39.5663	39.5638	39.554	39.5465	39.5357	39.5426	39.5232	39.5139	39.5107	39.517	39.4801	39.4787	39.4864	39.4758	39.4424	39.4187	39.3985	39.3922	39.3787	39.3345	39.3243	39.3399	39.6061
Sor-CPnd_008-Ex1-1A-lcwgs-1-2-L3-clmp.r1r2_fastp	38.7114	38.8066	38.8032	38.8504	38.7007	38.456	38.6709	38.7076	38.7737	38.9728	38.9839	39.2266	39.3064	39.3133	39.3891	39.5266	39.535	39.5652	39.6013	39.5953	39.6264	39.6394	39.6434	39.655	39.6326	38.9697	38.9973	39.0334	39.0567	39.0911	39.1116	39.1609	39.1426	39.2006	39.2107	39.2484	39.2847	39.303	39.3197	39.3421	39.337	39.3795	39.3955	39.4207	39.4226	39.4379	39.464	39.4722	39.4404	39.5049	39.5066	39.5435	39.5386	39.5498	39.5705	39.5955	39.6076	39.6138	39.6185	39.6335	39.6341	39.6533	39.6511	39.6624	39.6564	39.6726	39.6707	39.627	39.6841	39.68	39.6822	39.683	39.6892	39.7011	39.709	39.709	39.7015	39.7067	39.7044	39.7076	39.7047	39.7115	39.7079	39.7143	39.7097	39.7061	39.7096	39.708	39.7097	39.7082	39.7129	39.7138	39.7076	39.6919	39.6963	39.6887	39.6978	39.6916	39.6933	39.6829	39.6736	39.6718	39.6633	39.6626	39.6624	39.6626	39.655	39.6469	39.6535	39.6518	39.6488	39.6404	39.6385	39.6267	39.5919	39.6216	39.6225	39.6277	39.6155	39.614	39.606	39.6025	39.6058	39.5963	39.5942	39.5924	39.5915	39.5911	39.5727	39.5818	39.5687	39.5525	39.526	39.5498	39.5298	39.5424	39.5441	39.5352	39.5146	39.5184	39.498	39.4813	39.4615	39.4343	39.4165	39.4064	39.3833	39.3697	39.3788	39.6163
Sor-CPnd_009-Ex1-6A-lcwgs-1-2-L2-clmp.r1r2_fastp	38.9225	39.0521	39.0652	39.0384	38.8572	38.6675	38.821	38.8709	38.9265	39.1455	39.3743	39.5096	39.5459	39.5839	39.6207	39.7209	39.7255	39.7227	39.7378	39.7499	39.7586	39.7685	39.7727	39.7785	39.7582	39.4026	39.4128	39.432	39.4539	39.4693	39.4727	39.5125	39.5211	39.5428	39.5446	39.5669	39.5748	39.5824	39.5835	39.6056	39.6113	39.6183	39.6305	39.6487	39.6474	39.6467	39.6641	39.6668	39.6714	39.6815	39.6797	39.7072	39.7123	39.6965	39.7118	39.7267	39.7294	39.7319	39.7368	39.74	39.7393	39.7542	39.7527	39.7534	39.7363	39.7565	39.7553	39.7544	39.7647	39.7569	39.7585	39.7549	39.7567	39.7675	39.7637	39.7525	39.7633	39.765	39.7637	39.7626	39.7568	39.7609	39.7594	39.7621	39.7574	39.7568	39.7549	39.7574	39.7568	39.7564	39.7594	39.7561	39.7538	39.7473	39.7471	39.7451	39.7426	39.7388	39.7407	39.7282	39.7266	39.7256	39.72	39.7119	39.7143	39.7147	39.7069	39.701	39.7071	39.7033	39.6896	39.6948	39.6926	39.6865	39.6855	39.6808	39.6806	39.6764	39.6506	39.6594	39.6658	39.6619	39.6558	39.6484	39.656	39.6479	39.6434	39.641	39.6392	39.6346	39.6268	39.6125	39.618	39.6079	39.5962	39.5946	39.6024	39.5743	39.5684	39.5692	39.5578	39.5288	39.516	39.4932	39.4857	39.4796	39.4419	39.4278	39.4451	39.6607
Sor-CPnd_009-Ex1-6A-lcwgs-1-2-L3-clmp.r1r2_fastp	38.9325	39.0457	39.0648	39.0794	38.8986	38.6345	38.8773	38.9082	38.9538	39.176	39.2916	39.4771	39.5346	39.5331	39.5959	39.7012	39.6967	39.7183	39.7415	39.7329	39.7614	39.7667	39.7665	39.7752	39.7614	39.379	39.3935	39.4203	39.4346	39.4524	39.4666	39.4942	39.4832	39.517	39.526	39.5508	39.5699	39.5785	39.5871	39.6018	39.6007	39.6171	39.6275	39.6422	39.6371	39.6467	39.6605	39.6622	39.6474	39.6768	39.6798	39.7008	39.6904	39.6945	39.7119	39.7258	39.7276	39.7309	39.7351	39.7396	39.7374	39.7532	39.7457	39.7499	39.746	39.7553	39.7567	39.7358	39.7581	39.755	39.7548	39.7543	39.7591	39.7683	39.7694	39.7711	39.7657	39.7688	39.7651	39.7677	39.7622	39.7693	39.765	39.7688	39.7648	39.7617	39.7634	39.7649	39.7632	39.7598	39.7645	39.766	39.7607	39.7515	39.752	39.7463	39.7468	39.743	39.7429	39.7372	39.732	39.7286	39.7221	39.7233	39.7198	39.7165	39.7138	39.706	39.7135	39.7056	39.7023	39.6992	39.7003	39.6877	39.673	39.6815	39.679	39.6834	39.67	39.6759	39.6691	39.6616	39.6667	39.6635	39.6601	39.6564	39.6535	39.6556	39.6341	39.6404	39.6264	39.615	39.6075	39.6162	39.6121	39.6027	39.6092	39.5985	39.5902	39.5899	39.5741	39.5592	39.5367	39.5139	39.4964	39.4914	39.4703	39.4552	39.4594	39.663
Sor-CPnd_010-Ex1-1H-lcwgs-1-2-L2-clmp.r1r2_fastp	38.9118	39.1304	39.1635	39.1655	39.0402	38.8843	39.0006	39.0134	39.0779	39.2431	39.4175	39.5197	39.5465	39.5853	39.6094	39.7016	39.6993	39.6912	39.7125	39.7286	39.7358	39.7463	39.7384	39.7527	39.7337	39.3976	39.4078	39.4313	39.4453	39.4676	39.4643	39.5125	39.5191	39.5404	39.5361	39.556	39.567	39.5717	39.583	39.5993	39.6041	39.6079	39.6189	39.6388	39.628	39.6312	39.6429	39.6506	39.6532	39.6668	39.6595	39.6926	39.6951	39.6778	39.6888	39.706	39.7039	39.7079	39.7172	39.7208	39.7083	39.7315	39.7309	39.731	39.7176	39.7283	39.7359	39.7263	39.7373	39.7196	39.7288	39.7231	39.7215	39.7366	39.736	39.7183	39.7247	39.7338	39.7239	39.7268	39.7217	39.7261	39.728	39.7359	39.7208	39.7231	39.7256	39.7221	39.7249	39.7242	39.7249	39.7193	39.7283	39.7055	39.7136	39.7097	39.7017	39.7041	39.7117	39.6986	39.6832	39.6879	39.6878	39.6727	39.6755	39.6693	39.6621	39.6549	39.6661	39.661	39.6474	39.6538	39.6545	39.6502	39.6459	39.637	39.6279	39.6286	39.5961	39.5993	39.6225	39.6145	39.5909	39.5952	39.5988	39.5976	39.5816	39.5862	39.5716	39.5741	39.5674	39.5466	39.5602	39.5304	39.5184	39.5128	39.524	39.4864	39.4788	39.484	39.4772	39.4375	39.41	39.4078	39.3848	39.3801	39.3331	39.3147	39.3491	39.5743
Sor-CPnd_010-Ex1-1H-lcwgs-1-2-L3-clmp.r1r2_fastp	38.9568	39.189	39.2227	39.2341	39.1002	38.8881	38.9823	39.0064	38.9975	39.2104	39.4204	39.4935	39.5595	39.5352	39.5575	39.6836	39.6971	39.6976	39.7113	39.7244	39.7385	39.7445	39.7409	39.7479	39.7427	39.3806	39.3855	39.4127	39.439	39.4489	39.4611	39.4981	39.4908	39.5109	39.5153	39.5414	39.5655	39.5697	39.5795	39.5877	39.6016	39.6066	39.6228	39.6262	39.6255	39.6315	39.6431	39.6481	39.6168	39.6668	39.6707	39.6863	39.6942	39.671	39.6879	39.7021	39.7108	39.7087	39.7151	39.7146	39.713	39.7231	39.7252	39.72	39.7235	39.7355	39.7321	39.7034	39.7325	39.7255	39.728	39.7212	39.7231	39.7322	39.7412	39.7466	39.7318	39.7346	39.7275	39.7318	39.7264	39.7369	39.7355	39.7359	39.7294	39.7223	39.7273	39.7315	39.7285	39.7242	39.7296	39.7282	39.7305	39.7086	39.7197	39.7048	39.7139	39.7086	39.7109	39.7074	39.6997	39.6889	39.6771	39.6717	39.6692	39.6719	39.6658	39.6562	39.6663	39.6757	39.6502	39.6571	39.6642	39.6455	39.622	39.6374	39.624	39.6346	39.6207	39.6148	39.6101	39.6083	39.6129	39.6096	39.6094	39.6007	39.6036	39.6044	39.5748	39.5899	39.5671	39.5446	39.5396	39.545	39.5269	39.5249	39.5364	39.5289	39.5034	39.5058	39.4778	39.4603	39.4487	39.3978	39.3626	39.3857	39.3586	39.3088	39.3378	39.5649
Sor-CPnd_012-Ex1-5B-lcwgs-1-2-L2-clmp.r1r2_fastp	38.9433	39.1184	39.1763	39.2045	39.1405	39.0584	39.1622	39.2264	39.2625	39.3838	39.5077	39.597	39.6433	39.6491	39.6754	39.7471	39.7507	39.7517	39.7597	39.7658	39.7784	39.7781	39.784	39.784	39.7713	39.4578	39.4665	39.479	39.4954	39.4987	39.5061	39.5391	39.5408	39.5614	39.5564	39.5757	39.581	39.584	39.5931	39.6041	39.6084	39.6089	39.6207	39.6368	39.6291	39.6228	39.6437	39.6399	39.639	39.6413	39.6409	39.663	39.6724	39.6431	39.6716	39.6786	39.6807	39.6798	39.6811	39.6793	39.6725	39.6813	39.68	39.6863	39.6714	39.6912	39.6837	39.6792	39.6797	39.6782	39.676	39.6652	39.666	39.6688	39.6773	39.6669	39.6729	39.666	39.6686	39.6624	39.6503	39.657	39.6495	39.6511	39.652	39.6512	39.6554	39.6376	39.6408	39.641	39.6546	39.6441	39.6375	39.6303	39.6313	39.6241	39.6275	39.6205	39.619	39.6192	39.6122	39.6086	39.6065	39.6032	39.5992	39.5888	39.5864	39.5833	39.5874	39.5771	39.5747	39.5744	39.5716	39.5689	39.5603	39.5618	39.5634	39.55	39.5293	39.5306	39.548	39.5325	39.5499	39.5231	39.5251	39.523	39.5147	39.5143	39.5164	39.5084	39.509	39.4832	39.4784	39.4811	39.4553	39.465	39.4686	39.4081	39.4403	39.4402	39.437	39.3991	39.3813	39.3535	39.3501	39.3311	39.2958	39.302	39.3159	39.5883
Sor-CPnd_012-Ex1-5B-lcwgs-1-2-L3-clmp.r1r2_fastp	39.0155	39.2409	39.274	39.2993	39.1662	38.946	39.0813	39.0736	39.05	39.2595	39.4823	39.5512	39.6132	39.5926	39.6233	39.7249	39.7422	39.7399	39.7519	39.7521	39.7695	39.7691	39.7732	39.7817	39.7688	39.453	39.4607	39.4771	39.4945	39.494	39.5153	39.5447	39.5405	39.5532	39.5619	39.5773	39.593	39.5985	39.6047	39.6222	39.6177	39.6198	39.6336	39.6442	39.6373	39.6424	39.6523	39.6548	39.6206	39.6687	39.6646	39.6889	39.6931	39.6626	39.6848	39.6978	39.702	39.6952	39.7024	39.7057	39.6966	39.7106	39.7003	39.7064	39.7069	39.7153	39.7123	39.6384	39.7052	39.7	39.7025	39.7039	39.706	39.7087	39.7158	39.7152	39.7162	39.7146	39.699	39.6985	39.6941	39.7103	39.7005	39.7149	39.7019	39.702	39.7005	39.7025	39.6975	39.6984	39.6928	39.7111	39.6851	39.6769	39.6793	39.67	39.6753	39.6697	39.6741	39.6613	39.6526	39.651	39.6477	39.6354	39.6427	39.6342	39.6332	39.6343	39.6263	39.6185	39.6218	39.6208	39.6286	39.6097	39.5421	39.5997	39.6008	39.6038	39.5803	39.5908	39.5783	39.5636	39.5797	39.5647	39.5787	39.5585	39.5566	39.5669	39.5426	39.5492	39.5298	39.5198	39.4778	39.507	39.4926	39.4972	39.5131	39.496	39.4821	39.4794	39.4499	39.4334	39.4095	39.3696	39.3605	39.343	39.3146	39.2849	39.3042	39.5605
Sor-CPnd_013-Ex1-7F-lcwgs-1-2-L2-clmp.r1r2_fastp	38.848	39.0201	39.0555	39.0151	38.8452	38.6573	38.8026	38.8537	38.9036	39.1031	39.3281	39.4643	39.5134	39.5349	39.581	39.6713	39.6677	39.6716	39.69	39.702	39.7112	39.7199	39.7233	39.7327	39.7182	39.3178	39.3323	39.3496	39.3728	39.3953	39.3977	39.4461	39.4559	39.4762	39.4792	39.5046	39.5152	39.5213	39.5245	39.552	39.5567	39.5605	39.5769	39.5983	39.5964	39.5922	39.6117	39.6193	39.6148	39.6288	39.626	39.6556	39.6663	39.647	39.6639	39.679	39.6788	39.6866	39.695	39.6916	39.6859	39.7055	39.7078	39.7041	39.6916	39.7085	39.7086	39.7108	39.7157	39.7078	39.716	39.7052	39.7018	39.7192	39.7172	39.7081	39.7129	39.7213	39.7151	39.7082	39.7011	39.7142	39.7153	39.7074	39.7124	39.7086	39.7021	39.7039	39.7069	39.7025	39.7143	39.7173	39.6994	39.7013	39.7022	39.6959	39.6922	39.6872	39.6884	39.6794	39.6754	39.673	39.6594	39.6621	39.6517	39.6601	39.6458	39.65	39.6515	39.6369	39.6347	39.6328	39.6339	39.6176	39.6286	39.6207	39.6127	39.6079	39.5797	39.5945	39.5972	39.5885	39.5885	39.5677	39.578	39.5865	39.5783	39.5638	39.5625	39.5517	39.5524	39.5351	39.5351	39.5249	39.5049	39.5148	39.5109	39.4851	39.4762	39.4802	39.473	39.4433	39.4215	39.3804	39.3761	39.3856	39.3292	39.3113	39.3293	39.5925
Sor-CPnd_013-Ex1-7F-lcwgs-1-2-L3-clmp.r1r2_fastp	38.8587	39.0197	39.069	39.0709	38.8857	38.6372	38.8457	38.8834	38.9266	39.1332	39.2606	39.4313	39.4952	39.4843	39.5471	39.646	39.6516	39.6636	39.6947	39.6881	39.7119	39.7163	39.7218	39.729	39.7154	39.2935	39.3088	39.3462	39.3651	39.3784	39.3913	39.4306	39.4176	39.4562	39.4618	39.489	39.5106	39.5223	39.5335	39.5505	39.5463	39.5651	39.582	39.5944	39.5925	39.5975	39.6141	39.6139	39.5926	39.6332	39.6325	39.6604	39.6523	39.6515	39.6682	39.6852	39.6879	39.6888	39.691	39.699	39.6919	39.7065	39.6984	39.7035	39.7042	39.7077	39.7152	39.6938	39.7142	39.7089	39.7079	39.7028	39.71	39.7163	39.7279	39.729	39.7153	39.713	39.7144	39.7132	39.7114	39.7228	39.7097	39.7229	39.7106	39.7157	39.7173	39.714	39.7129	39.712	39.7146	39.7193	39.7047	39.6955	39.6962	39.6924	39.69	39.6937	39.6911	39.6854	39.6739	39.6688	39.6721	39.6684	39.6577	39.6554	39.6542	39.6455	39.6565	39.651	39.6404	39.6372	39.6371	39.6308	39.6119	39.6199	39.6154	39.629	39.6142	39.6013	39.6024	39.5938	39.5891	39.5908	39.5937	39.583	39.5755	39.58	39.5617	39.5677	39.5489	39.5255	39.5374	39.5336	39.5491	39.5304	39.5147	39.5156	39.5059	39.5056	39.4872	39.4649	39.4434	39.4063	39.3915	39.394	39.3643	39.3414	39.3603	39.5831
Sor-CPnd_014-Ex1-1F-lcwgs-1-2-L2-clmp.r1r2_fastp	38.9285	39.0794	39.1146	39.0827	38.8919	38.6857	38.8413	38.902	38.9451	39.1608	39.3955	39.5364	39.5707	39.6012	39.6304	39.729	39.7331	39.7291	39.7423	39.7509	39.7602	39.7719	39.7757	39.7817	39.767	39.4367	39.4508	39.4674	39.4861	39.4994	39.5024	39.5429	39.5528	39.5735	39.5717	39.5964	39.5994	39.608	39.6097	39.6308	39.6312	39.6394	39.6468	39.6631	39.6601	39.6592	39.671	39.6774	39.6768	39.6877	39.6871	39.705	39.7134	39.6985	39.7116	39.7261	39.7263	39.7259	39.7308	39.7337	39.7278	39.744	39.7414	39.7417	39.7279	39.744	39.7417	39.7413	39.7473	39.741	39.7412	39.7333	39.7363	39.7447	39.7434	39.735	39.7402	39.7485	39.7427	39.7407	39.7368	39.7417	39.7375	39.7399	39.734	39.732	39.7287	39.7321	39.7318	39.7292	39.7334	39.7331	39.7288	39.7178	39.7216	39.7164	39.7137	39.7092	39.7115	39.701	39.6962	39.6956	39.6889	39.6844	39.6868	39.6811	39.6768	39.6726	39.6754	39.668	39.6603	39.6623	39.6616	39.6514	39.652	39.6444	39.6463	39.6449	39.6172	39.6232	39.6304	39.6208	39.6173	39.6122	39.6181	39.6119	39.6056	39.6031	39.5993	39.5945	39.5855	39.5675	39.5748	39.5629	39.5545	39.5462	39.5566	39.5263	39.5198	39.5165	39.5095	39.4834	39.4598	39.436	39.4286	39.4236	39.3739	39.3605	39.3813	39.621
Sor-CPnd_014-Ex1-1F-lcwgs-1-2-L3-clmp.r1r2_fastp	38.9352	39.0643	39.1128	39.12	38.9382	38.6674	38.8999	38.9428	38.9794	39.1964	39.3166	39.5003	39.5549	39.552	39.6127	39.712	39.707	39.7244	39.7484	39.7378	39.7653	39.7674	39.7721	39.7792	39.7656	39.4137	39.4293	39.4518	39.474	39.4837	39.4971	39.5268	39.5183	39.5473	39.5507	39.5738	39.5917	39.6028	39.6131	39.6239	39.623	39.6353	39.6461	39.6587	39.6545	39.6576	39.6727	39.6734	39.6524	39.6853	39.6832	39.7061	39.6944	39.6972	39.7095	39.7251	39.7266	39.7256	39.7319	39.7317	39.7304	39.7413	39.7366	39.7399	39.7346	39.7459	39.7418	39.7258	39.7463	39.7405	39.7402	39.7401	39.742	39.7482	39.7522	39.7499	39.7463	39.7486	39.7452	39.745	39.7413	39.7475	39.7411	39.7501	39.7437	39.7391	39.7381	39.7419	39.7383	39.7361	39.7384	39.7408	39.7343	39.7276	39.7238	39.7184	39.723	39.7173	39.7156	39.7107	39.6989	39.7026	39.6941	39.6945	39.6874	39.689	39.68	39.6755	39.683	39.676	39.6687	39.6652	39.6664	39.6537	39.6425	39.6484	39.6459	39.6497	39.6414	39.6389	39.6355	39.6244	39.6294	39.6259	39.6216	39.6208	39.6171	39.6136	39.5992	39.6019	39.5902	39.573	39.5658	39.5702	39.5643	39.5625	39.5638	39.5557	39.5378	39.5407	39.5214	39.5051	39.4905	39.4552	39.4441	39.4304	39.4065	39.3868	39.3998	39.6215
Sor-CPnd_015-Ex1-5F-lcwgs-1-2-L2-clmp.r1r2_fastp	38.9569	39.146	39.1779	39.2047	39.1136	39.015	39.1358	39.2006	39.2165	39.3889	39.5253	39.6188	39.6594	39.6652	39.6874	39.7566	39.762	39.7599	39.7638	39.7691	39.7803	39.7848	39.7851	39.7963	39.7727	39.4992	39.5064	39.5127	39.5303	39.5416	39.5392	39.5674	39.5717	39.5861	39.5865	39.5998	39.6013	39.6084	39.6099	39.6227	39.6232	39.6175	39.6288	39.6448	39.6338	39.6279	39.6418	39.642	39.6405	39.6436	39.6429	39.6685	39.6696	39.6442	39.6516	39.6797	39.6655	39.6692	39.6697	39.6675	39.6604	39.6802	39.676	39.6654	39.6538	39.6778	39.6729	39.6578	39.6672	39.653	39.6503	39.6523	39.6582	39.6517	39.6583	39.6553	39.6476	39.6516	39.651	39.6433	39.6341	39.6425	39.638	39.6401	39.6296	39.6267	39.6285	39.6265	39.6218	39.6154	39.6251	39.6284	39.6226	39.609	39.609	39.6007	39.5985	39.5957	39.6003	39.5858	39.5769	39.5687	39.5622	39.5669	39.5602	39.5539	39.5619	39.5538	39.5516	39.546	39.521	39.5366	39.5329	39.5373	39.5239	39.5122	39.5245	39.5152	39.4958	39.494	39.4979	39.4866	39.4946	39.4714	39.4802	39.4688	39.4682	39.4856	39.4741	39.4514	39.444	39.4285	39.4487	39.4291	39.419	39.3896	39.422	39.3874	39.3737	39.3908	39.3879	39.3545	39.3418	39.3074	39.293	39.3154	39.2513	39.25	39.263	39.5668
Sor-CPnd_015-Ex1-5F-lcwgs-1-2-L3-clmp.r1r2_fastp	39.0046	39.2063	39.2542	39.282	39.139	38.8697	39.0546	39.0709	39.0463	39.2677	39.4924	39.5532	39.6118	39.6023	39.6296	39.7379	39.7398	39.744	39.7565	39.7622	39.7735	39.7769	39.7763	39.7835	39.7688	39.463	39.4731	39.4921	39.5163	39.5174	39.5215	39.5527	39.5528	39.5656	39.5686	39.5814	39.6023	39.6032	39.6145	39.6211	39.6218	39.6188	39.6307	39.6452	39.6417	39.6354	39.6529	39.6457	39.6262	39.6567	39.6581	39.6769	39.6798	39.6535	39.6758	39.6854	39.6812	39.685	39.6801	39.6886	39.6813	39.6957	39.6872	39.6926	39.6824	39.6911	39.6862	39.6433	39.687	39.6922	39.6773	39.6798	39.6921	39.6889	39.6982	39.6882	39.6802	39.6875	39.6807	39.6854	39.6785	39.6834	39.6723	39.6804	39.6754	39.6708	39.6703	39.6692	39.6673	39.6806	39.6703	39.6836	39.6705	39.6466	39.6418	39.6495	39.6434	39.6382	39.6534	39.6429	39.632	39.6323	39.618	39.6172	39.611	39.6155	39.6024	39.5943	39.5873	39.5896	39.5939	39.5741	39.5808	39.5631	39.5344	39.5728	39.5566	39.557	39.5567	39.5445	39.5508	39.5471	39.5334	39.5335	39.5497	39.5344	39.5244	39.5319	39.4956	39.5076	39.5022	39.492	39.4521	39.4859	39.469	39.4661	39.463	39.4541	39.4446	39.4491	39.4123	39.3798	39.3753	39.3253	39.3156	39.2958	39.2592	39.2401	39.2595	39.5241
Sor-CPnd_016-Ex1-1B-lcwgs-1-2-L2-clmp.r1r2_fastp	38.8413	39.031	39.0317	39.1033	39.0027	38.8828	38.9769	39.0272	39.0497	39.2133	39.3348	39.4631	39.5327	39.537	39.5709	39.6785	39.681	39.6827	39.6915	39.7088	39.7188	39.729	39.7324	39.7384	39.7189	39.3089	39.3228	39.341	39.364	39.3779	39.3855	39.43	39.4386	39.466	39.469	39.4915	39.4985	39.5073	39.5248	39.5421	39.5437	39.558	39.5698	39.5937	39.5893	39.5931	39.6129	39.6213	39.6252	39.6443	39.6389	39.6639	39.6777	39.6645	39.6806	39.6979	39.7018	39.7041	39.71	39.7164	39.711	39.7303	39.7336	39.73	39.7226	39.7375	39.7355	39.7381	39.749	39.7408	39.743	39.7355	39.7365	39.7506	39.7541	39.7041	39.7473	39.7491	39.7514	39.748	39.7431	39.7483	39.7451	39.7517	39.7445	39.7409	39.741	39.7427	39.7466	39.7425	39.7472	39.7508	39.7453	39.7341	39.7346	39.7312	39.7285	39.7256	39.7315	39.7199	39.713	39.7175	39.7088	39.7029	39.7095	39.705	39.6939	39.6958	39.6926	39.692	39.6786	39.685	39.6789	39.6764	39.6772	39.6649	39.6615	39.6612	39.6082	39.6363	39.6541	39.6419	39.6398	39.6342	39.64	39.6384	39.6274	39.6293	39.6204	39.6109	39.6085	39.5979	39.5998	39.5787	39.5749	39.5746	39.5792	39.5443	39.5407	39.5333	39.5399	39.4985	39.4814	39.458	39.4538	39.4537	39.4082	39.3928	39.4191	39.6413
Sor-CPnd_016-Ex1-1B-lcwgs-1-2-L3-clmp.r1r2_fastp	38.9026	39.1073	39.1131	39.1686	39.061	38.8839	38.9772	39.0115	38.9942	39.1969	39.3808	39.4574	39.5305	39.5101	39.5437	39.6686	39.6826	39.691	39.7004	39.7193	39.7269	39.7329	39.74	39.7432	39.7341	39.3315	39.3354	39.3652	39.3909	39.402	39.4133	39.4613	39.454	39.4797	39.4801	39.5075	39.5293	39.5385	39.5477	39.5664	39.572	39.578	39.5994	39.6101	39.6103	39.614	39.6318	39.6352	39.567	39.6567	39.6548	39.6886	39.6936	39.6726	39.6925	39.7086	39.7123	39.7155	39.7203	39.7306	39.7249	39.7357	39.7342	39.743	39.7342	39.7456	39.7478	39.6748	39.7482	39.7513	39.7459	39.7429	39.7507	39.7564	39.764	39.7652	39.7598	39.7558	39.7516	39.7577	39.7526	39.7598	39.7514	39.7561	39.7538	39.7477	39.7546	39.7597	39.7541	39.7518	39.7518	39.7617	39.7499	39.7422	39.7433	39.7384	39.7363	39.7347	39.7394	39.7318	39.722	39.7205	39.716	39.719	39.7127	39.7089	39.7033	39.6973	39.7052	39.7015	39.6919	39.6912	39.6945	39.68	39.635	39.6783	39.6784	39.6754	39.6709	39.6645	39.6643	39.6583	39.6597	39.6593	39.6539	39.6507	39.642	39.6457	39.6219	39.6307	39.62	39.6126	39.5586	39.6032	39.573	39.5841	39.595	39.5834	39.5746	39.5705	39.5434	39.5245	39.5119	39.4766	39.4585	39.4536	39.4415	39.4093	39.4169	39.6284
Sor-CPnd_017-Ex1-3G-lcwgs-1-2-L2-clmp.r1r2_fastp	38.9589	39.1855	39.207	39.2321	39.1253	39.0137	39.0994	39.1469	39.1755	39.3283	39.4834	39.5882	39.6412	39.6356	39.6627	39.75	39.7396	39.7411	39.7524	39.7642	39.7667	39.7755	39.7751	39.7819	39.7677	39.4779	39.4917	39.501	39.5183	39.5283	39.5283	39.5712	39.5673	39.5883	39.5852	39.5988	39.609	39.6088	39.6195	39.6265	39.6292	39.6334	39.643	39.6603	39.6494	39.6479	39.6566	39.6719	39.6612	39.6676	39.673	39.6922	39.6991	39.6782	39.6952	39.7076	39.7099	39.7045	39.7096	39.7122	39.6981	39.7202	39.718	39.7118	39.7062	39.7187	39.7134	39.7092	39.7201	39.7066	39.7128	39.7051	39.7076	39.7211	39.7198	39.7046	39.7167	39.7177	39.7074	39.7085	39.7053	39.7106	39.7069	39.7029	39.6998	39.7017	39.7018	39.6996	39.7012	39.6984	39.7094	39.7085	39.701	39.6891	39.6911	39.6924	39.6862	39.6817	39.6863	39.673	39.6696	39.6722	39.6659	39.6597	39.6575	39.6493	39.642	39.6377	39.6483	39.6389	39.6357	39.6264	39.6238	39.612	39.6213	39.6069	39.6081	39.6075	39.5819	39.5726	39.5953	39.5881	39.5867	39.5781	39.5701	39.5746	39.5746	39.5643	39.5496	39.5428	39.5389	39.5186	39.5257	39.515	39.4988	39.4961	39.4937	39.4647	39.4572	39.466	39.4444	39.4148	39.3847	39.3769	39.3693	39.3599	39.3089	39.299	39.324	39.5829
Sor-CPnd_017-Ex1-3G-lcwgs-1-2-L3-clmp.r1r2_fastp	38.9949	39.2476	39.2665	39.3021	39.1688	38.9753	39.0793	39.1116	39.0741	39.2795	39.4825	39.5608	39.6095	39.5881	39.6179	39.7364	39.738	39.7452	39.7521	39.7604	39.7679	39.7778	39.7795	39.7812	39.7694	39.4633	39.4726	39.4939	39.5164	39.5207	39.5309	39.5577	39.5614	39.5752	39.5742	39.5944	39.6111	39.6178	39.6254	39.6314	39.6433	39.6394	39.6526	39.6577	39.6567	39.6521	39.664	39.6694	39.6339	39.6777	39.6788	39.7012	39.7048	39.6812	39.7005	39.7116	39.713	39.7108	39.7097	39.7171	39.7148	39.7212	39.7104	39.7119	39.7142	39.7233	39.7232	39.6848	39.7112	39.716	39.7067	39.7046	39.7063	39.7171	39.7258	39.7247	39.7149	39.7127	39.707	39.7104	39.7017	39.7213	39.709	39.7158	39.7106	39.7017	39.7064	39.714	39.706	39.7044	39.7038	39.7113	39.7077	39.6868	39.6892	39.691	39.6928	39.6889	39.6865	39.6775	39.6652	39.6688	39.6639	39.6622	39.6489	39.6528	39.6454	39.6329	39.6415	39.638	39.6394	39.6363	39.6325	39.6101	39.5862	39.5998	39.6055	39.6082	39.5992	39.5906	39.5768	39.582	39.5762	39.5871	39.586	39.5717	39.5636	39.5635	39.5392	39.5474	39.5409	39.5274	39.5113	39.5079	39.5061	39.4989	39.5074	39.49	39.4774	39.4827	39.438	39.4333	39.4145	39.3687	39.3334	39.3491	39.3199	39.2953	39.3243	39.5636
Sor-CPnd_018-Ex1-1E-lcwgs-1-2-L2-clmp.r1r2_fastp	38.9106	39.0699	39.1076	39.0622	38.8734	38.6738	38.8292	38.8952	38.9391	39.1541	39.3893	39.5249	39.566	39.5857	39.6282	39.7203	39.7229	39.7164	39.7342	39.7429	39.7527	39.762	39.7652	39.7752	39.7557	39.4211	39.432	39.4495	39.4703	39.4833	39.4901	39.5282	39.5421	39.5581	39.5628	39.5797	39.5893	39.5973	39.5979	39.618	39.6244	39.6284	39.6373	39.6542	39.6495	39.6499	39.6629	39.6698	39.6718	39.683	39.6778	39.6965	39.707	39.69	39.7056	39.7192	39.7241	39.7194	39.7255	39.7262	39.7231	39.7373	39.7356	39.7354	39.7215	39.7412	39.738	39.738	39.7449	39.7354	39.7392	39.7305	39.7347	39.7445	39.7436	39.7353	39.7402	39.7456	39.7392	39.738	39.7346	39.7351	39.7343	39.7375	39.7368	39.7309	39.7314	39.7318	39.732	39.7257	39.7337	39.7349	39.729	39.7191	39.7178	39.7162	39.7127	39.7092	39.7112	39.704	39.6923	39.6927	39.6857	39.6844	39.6773	39.6749	39.6691	39.6641	39.6653	39.6643	39.6545	39.6556	39.6568	39.645	39.6465	39.6389	39.6394	39.6387	39.6097	39.61	39.6191	39.612	39.6106	39.603	39.6065	39.6009	39.5981	39.5976	39.5869	39.5768	39.5712	39.5575	39.5625	39.5446	39.5441	39.5371	39.5347	39.5065	39.4959	39.4971	39.499	39.4607	39.4332	39.4161	39.4122	39.4004	39.3448	39.3391	39.3502	39.6064
Sor-CPnd_018-Ex1-1E-lcwgs-1-2-L3-clmp.r1r2_fastp	38.9141	39.0631	39.112	39.1094	38.9261	38.6561	38.8861	38.9315	38.9684	39.1855	39.3195	39.4885	39.5502	39.5422	39.6049	39.701	39.6992	39.7183	39.7397	39.7348	39.7529	39.7573	39.7628	39.7694	39.758	39.3982	39.4133	39.4373	39.4602	39.4732	39.4811	39.5163	39.5064	39.5356	39.5407	39.5663	39.5856	39.5941	39.6024	39.6144	39.6136	39.6285	39.6376	39.6484	39.6478	39.6487	39.6647	39.6668	39.6496	39.678	39.6777	39.6991	39.6915	39.6899	39.7087	39.7214	39.7278	39.7212	39.7265	39.7333	39.726	39.7358	39.733	39.7378	39.7294	39.7392	39.7382	39.7251	39.7406	39.7383	39.7348	39.7355	39.7406	39.7442	39.7508	39.7526	39.7459	39.7418	39.7413	39.741	39.7428	39.7447	39.7385	39.7451	39.741	39.7379	39.7377	39.7401	39.7386	39.7345	39.7406	39.7424	39.7327	39.7206	39.7216	39.7174	39.7174	39.7155	39.7143	39.7093	39.7016	39.696	39.6883	39.6932	39.6822	39.6846	39.6766	39.6729	39.679	39.6708	39.6699	39.6593	39.664	39.6525	39.6379	39.6467	39.641	39.6415	39.6316	39.6333	39.625	39.6184	39.6197	39.6154	39.612	39.6127	39.6047	39.6026	39.585	39.5977	39.5771	39.5699	39.5578	39.5663	39.5541	39.5443	39.5476	39.5446	39.5278	39.518	39.4983	39.491	39.4683	39.4352	39.4149	39.4082	39.3808	39.3643	39.383	39.6032
Sor-CPnd_019-Ex1-6G-lcwgs-1-2-L2-clmp.r1r2_fastp	38.9868	39.15	39.1838	39.2161	39.1102	38.997	39.0953	39.1517	39.1676	39.3326	39.4929	39.5924	39.6468	39.6494	39.6751	39.7592	39.7589	39.7568	39.7678	39.7766	39.7834	39.7924	39.7908	39.7935	39.7774	39.4866	39.4951	39.5067	39.5223	39.5338	39.5326	39.5618	39.5726	39.5893	39.5845	39.6015	39.6032	39.6101	39.6167	39.6268	39.6285	39.6307	39.6413	39.6584	39.6486	39.6493	39.6563	39.6615	39.6602	39.6735	39.6679	39.6953	39.6987	39.677	39.6927	39.7085	39.7039	39.7062	39.7074	39.7091	39.7063	39.7168	39.7139	39.7132	39.7018	39.7178	39.7144	39.7146	39.7175	39.709	39.7133	39.7032	39.7028	39.7169	39.7199	39.6944	39.7069	39.711	39.7104	39.7068	39.703	39.7041	39.7001	39.7084	39.7033	39.6988	39.698	39.6969	39.7005	39.6944	39.7051	39.7023	39.6995	39.6874	39.6852	39.684	39.6864	39.6835	39.684	39.6736	39.6667	39.6659	39.6549	39.6561	39.6527	39.6487	39.6418	39.6399	39.6418	39.6377	39.6372	39.6279	39.6278	39.6214	39.6193	39.6118	39.6121	39.6097	39.5618	39.5818	39.5879	39.5792	39.5746	39.5677	39.5731	39.5648	39.574	39.5606	39.559	39.5455	39.5391	39.5259	39.5353	39.5076	39.5026	39.4933	39.5129	39.4808	39.4664	39.4621	39.4528	39.4254	39.3954	39.3815	39.3589	39.3688	39.3173	39.3168	39.3425	39.5965
Sor-CPnd_019-Ex1-6G-lcwgs-1-2-L3-clmp.r1r2_fastp	39.0437	39.2297	39.2759	39.3071	39.1985	39.0006	39.1066	39.1253	39.1001	39.3131	39.521	39.5821	39.6411	39.6258	39.6537	39.7534	39.7638	39.7669	39.7759	39.7866	39.7907	39.7921	39.7928	39.8005	39.785	39.4994	39.5017	39.5244	39.5409	39.5473	39.5557	39.5812	39.5806	39.5952	39.5938	39.6068	39.624	39.6279	39.634	39.6458	39.6418	39.6458	39.6579	39.668	39.6598	39.6636	39.6739	39.6705	39.6379	39.6832	39.6822	39.705	39.7048	39.6828	39.7009	39.7152	39.7154	39.7087	39.7098	39.7136	39.7098	39.7214	39.7178	39.7108	39.7133	39.7249	39.7228	39.6872	39.7178	39.7185	39.7157	39.7093	39.7126	39.7195	39.7225	39.7273	39.714	39.7144	39.714	39.7181	39.7113	39.7136	39.7155	39.7222	39.7113	39.7066	39.7101	39.715	39.707	39.7056	39.705	39.7071	39.705	39.6946	39.7015	39.692	39.6955	39.6899	39.6872	39.6799	39.6683	39.6657	39.6635	39.6635	39.6604	39.6576	39.6502	39.6393	39.6499	39.6535	39.6374	39.6366	39.6333	39.6263	39.5964	39.6153	39.6196	39.6147	39.6131	39.6028	39.5954	39.5969	39.6058	39.5998	39.5896	39.5869	39.5776	39.5837	39.5532	39.5675	39.5596	39.5411	39.5099	39.5368	39.5124	39.5183	39.5249	39.5081	39.4868	39.4935	39.478	39.4546	39.4299	39.3982	39.3799	39.3647	39.3459	39.3138	39.3348	39.582
Sor-CPnd_020-Ex1-2E-lcwgs-1-2-L2-clmp.r1r2_fastp	38.8192	39.0134	39.0256	39.0797	39.0321	39.0059	39.1334	39.2168	39.2616	39.3707	39.4743	39.5402	39.5885	39.5926	39.6268	39.7139	39.7137	39.7106	39.7254	39.7313	39.7444	39.7459	39.7478	39.7483	39.7272	39.3648	39.3771	39.393	39.4031	39.4132	39.419	39.4483	39.4557	39.4742	39.4721	39.4898	39.4973	39.5004	39.5116	39.5162	39.5267	39.5274	39.5363	39.5538	39.547	39.5436	39.5558	39.5584	39.55	39.5718	39.5633	39.6008	39.6006	39.5665	39.5901	39.6121	39.6037	39.6045	39.6041	39.6082	39.6014	39.6174	39.6134	39.6079	39.5987	39.6234	39.6188	39.6093	39.6117	39.6076	39.6074	39.5957	39.6009	39.6098	39.6061	39.6037	39.5998	39.6119	39.6004	39.6003	39.5967	39.5955	39.5965	39.6028	39.5941	39.5893	39.5895	39.5972	39.5874	39.5968	39.6007	39.5967	39.5943	39.5871	39.5847	39.5835	39.5802	39.5862	39.5816	39.5697	39.5614	39.564	39.5593	39.5559	39.5566	39.5494	39.5385	39.5431	39.5376	39.5333	39.5176	39.5257	39.5144	39.5093	39.5025	39.5056	39.4941	39.5011	39.4868	39.4766	39.4751	39.4757	39.4657	39.4659	39.4519	39.4558	39.451	39.4515	39.4491	39.4495	39.4363	39.4266	39.4198	39.4085	39.3986	39.399	39.4105	39.3683	39.3797	39.3822	39.3772	39.3383	39.3265	39.303	39.2837	39.284	39.247	39.2396	39.2806	39.5698
Sor-CPnd_020-Ex1-2E-lcwgs-1-2-L3-clmp.r1r2_fastp	38.9577	39.1872	39.2147	39.256	39.1362	38.8322	39.0526	39.0692	39.0405	39.255	39.4685	39.5345	39.5927	39.5724	39.6023	39.7143	39.7281	39.7264	39.7375	39.7478	39.7585	39.7638	39.755	39.7659	39.7484	39.4119	39.4158	39.4429	39.4568	39.4657	39.4771	39.505	39.4999	39.5202	39.5178	39.5361	39.56	39.5638	39.5703	39.5832	39.5776	39.5906	39.5993	39.6075	39.602	39.603	39.6168	39.6165	39.5978	39.6265	39.6228	39.6545	39.6579	39.6199	39.643	39.6613	39.6561	39.6524	39.6584	39.6579	39.652	39.6689	39.6523	39.6633	39.6522	39.6681	39.6634	39.6054	39.6545	39.652	39.6511	39.651	39.6493	39.6564	39.6584	39.6632	39.651	39.6529	39.6499	39.6556	39.6478	39.6517	39.6462	39.6563	39.6441	39.6384	39.6453	39.6447	39.6398	39.6374	39.6392	39.6486	39.6446	39.6249	39.63	39.6267	39.6273	39.6254	39.621	39.6134	39.5949	39.599	39.5875	39.5872	39.5811	39.577	39.5761	39.5686	39.5717	39.5695	39.5626	39.5633	39.5501	39.5491	39.4947	39.5359	39.5377	39.5327	39.5216	39.5273	39.5189	39.512	39.5117	39.5111	39.5079	39.5086	39.4964	39.5041	39.4713	39.4845	39.4731	39.4531	39.4244	39.4504	39.4402	39.4486	39.4513	39.4293	39.4157	39.4161	39.3858	39.3716	39.3535	39.3111	39.2814	39.2799	39.258	39.2289	39.2506	39.5375
Sor-CPnd_022-Ex1-7C-lcwgs-1-2-L2-clmp.r1r2_fastp	38.9194	39.098	39.1287	39.156	39.0354	38.8799	38.9956	39.0094	39.0702	39.2379	39.397	39.5126	39.5415	39.5776	39.6166	39.7143	39.7135	39.7078	39.7212	39.7311	39.7427	39.748	39.7531	39.7618	39.7425	39.3899	39.4015	39.4136	39.4326	39.4469	39.4496	39.4921	39.4983	39.5191	39.519	39.5417	39.5451	39.5509	39.5646	39.5756	39.5817	39.5886	39.6011	39.6173	39.6114	39.6103	39.6216	39.6304	39.6347	39.6441	39.6394	39.6733	39.6769	39.6574	39.6724	39.6886	39.6878	39.6883	39.6975	39.6939	39.6921	39.7099	39.7092	39.7088	39.693	39.7156	39.7116	39.7093	39.7164	39.7054	39.7075	39.7046	39.706	39.7222	39.7204	39.6903	39.7112	39.7153	39.7088	39.7039	39.7018	39.7046	39.7062	39.7103	39.7078	39.7045	39.701	39.7022	39.7016	39.7021	39.7034	39.7044	39.6988	39.6927	39.6926	39.6918	39.6838	39.6804	39.6852	39.6731	39.6633	39.6636	39.6588	39.658	39.6566	39.6473	39.6406	39.6337	39.6422	39.6415	39.6269	39.6263	39.6305	39.6209	39.6183	39.6108	39.6095	39.6076	39.563	39.5771	39.5968	39.5866	39.5784	39.5685	39.5799	39.571	39.5645	39.5626	39.5626	39.5507	39.54	39.5204	39.5266	39.5107	39.4996	39.4991	39.5086	39.4723	39.4688	39.4677	39.453	39.42	39.394	39.3814	39.3657	39.3628	39.3128	39.2989	39.3231	39.5868
Sor-CPnd_022-Ex1-7C-lcwgs-1-2-L3-clmp.r1r2_fastp	38.9697	39.1752	39.2099	39.2397	39.1075	38.8939	39.0229	39.0198	39.0151	39.2281	39.4275	39.4955	39.5695	39.5544	39.5853	39.7028	39.7133	39.7184	39.7324	39.7402	39.7502	39.7521	39.7537	39.7602	39.7495	39.3888	39.4015	39.4166	39.4424	39.4509	39.4651	39.4954	39.4942	39.5149	39.5163	39.5384	39.5622	39.5672	39.577	39.5927	39.5915	39.6016	39.6087	39.6252	39.6243	39.6217	39.6407	39.64	39.5946	39.6581	39.6528	39.6829	39.6876	39.6623	39.6815	39.7021	39.701	39.6965	39.7021	39.7069	39.7045	39.7172	39.7136	39.7153	39.7121	39.7257	39.7229	39.6743	39.72	39.7193	39.7141	39.7136	39.7157	39.7218	39.7276	39.7267	39.7154	39.7177	39.7147	39.7166	39.7157	39.7251	39.7116	39.7206	39.7159	39.7119	39.7132	39.7108	39.7121	39.7109	39.7152	39.7118	39.7079	39.701	39.705	39.6936	39.695	39.6954	39.6842	39.679	39.6701	39.6703	39.6659	39.6653	39.6586	39.6624	39.6557	39.6479	39.6538	39.648	39.6349	39.6373	39.6361	39.6253	39.5939	39.6198	39.6217	39.6257	39.6033	39.6007	39.602	39.5979	39.5972	39.59	39.5906	39.5855	39.5788	39.5813	39.5556	39.5642	39.5575	39.5369	39.5156	39.5318	39.5091	39.5165	39.5186	39.5052	39.4845	39.4865	39.4674	39.4328	39.435	39.3847	39.3732	39.3665	39.3328	39.3135	39.3367	39.5764
Sor-CPnd_024-Ex1-5G-lcwgs-1-2-L2-clmp.r1r2_fastp	38.9573	39.1448	39.203	39.2343	39.1417	39.0838	39.1772	39.231	39.2485	39.3928	39.5185	39.6194	39.6618	39.6621	39.682	39.7555	39.7558	39.7612	39.7634	39.7698	39.7713	39.786	39.7819	39.7869	39.7727	39.4852	39.492	39.4975	39.5163	39.5221	39.5267	39.5629	39.5592	39.5696	39.5679	39.5921	39.5936	39.594	39.5991	39.6076	39.6118	39.6139	39.6217	39.6243	39.6255	39.6197	39.6307	39.6326	39.6228	39.6416	39.6353	39.6621	39.6669	39.6337	39.6589	39.6615	39.6679	39.6629	39.6653	39.6622	39.656	39.6692	39.6653	39.6637	39.653	39.6653	39.6671	39.6536	39.6666	39.6518	39.6634	39.6432	39.6519	39.6567	39.6658	39.6598	39.6534	39.6506	39.64	39.6424	39.6454	39.6336	39.6397	39.6418	39.6355	39.6246	39.6232	39.6198	39.6232	39.6297	39.6288	39.6234	39.6163	39.6027	39.6071	39.5962	39.6116	39.5981	39.5932	39.6005	39.5895	39.5938	39.5811	39.5741	39.5786	39.553	39.5558	39.5522	39.5537	39.5559	39.5544	39.5623	39.553	39.5369	39.5101	39.5322	39.52	39.507	39.4906	39.4975	39.4992	39.4848	39.4741	39.4824	39.4953	39.4859	39.48	39.4784	39.4814	39.4716	39.446	39.4526	39.4437	39.4222	39.4336	39.406	39.418	39.3809	39.3866	39.4099	39.3911	39.34	39.3274	39.2932	39.3039	39.2805	39.2428	39.2173	39.2665	39.5605
Sor-CPnd_024-Ex1-5G-lcwgs-1-2-L3-clmp.r1r2_fastp	39.0154	39.2597	39.2981	39.3291	39.1742	38.9614	39.0838	39.0976	39.0593	39.2739	39.4866	39.5629	39.6223	39.603	39.6265	39.7345	39.7469	39.7464	39.7571	39.767	39.7727	39.7799	39.7791	39.782	39.7742	39.4754	39.4762	39.499	39.52	39.5131	39.5314	39.5556	39.5533	39.5719	39.5762	39.5937	39.6018	39.6065	39.6151	39.6275	39.6237	39.6269	39.6386	39.6418	39.6399	39.6384	39.66	39.6547	39.6159	39.6614	39.6623	39.6789	39.6905	39.6564	39.6768	39.6958	39.6878	39.6745	39.6828	39.6858	39.6789	39.6855	39.681	39.689	39.6806	39.6903	39.6864	39.6512	39.6845	39.6821	39.6709	39.6685	39.6686	39.6732	39.694	39.684	39.6722	39.6747	39.6734	39.6632	39.6696	39.6719	39.6617	39.6738	39.6682	39.6475	39.6545	39.6707	39.6632	39.6534	39.6565	39.662	39.652	39.6449	39.6437	39.6433	39.6442	39.6403	39.636	39.6311	39.6144	39.6113	39.5998	39.6017	39.595	39.6032	39.5963	39.5862	39.5893	39.5969	39.5881	39.5784	39.5791	39.5752	39.5244	39.5633	39.5501	39.5497	39.5466	39.5358	39.544	39.5363	39.5216	39.5167	39.5385	39.5256	39.5039	39.5143	39.4917	39.4975	39.4988	39.4674	39.4382	39.481	39.4502	39.4698	39.4678	39.4529	39.4265	39.4312	39.403	39.3835	39.3698	39.3193	39.2866	39.2754	39.2463	39.2265	39.2427	39.5249
Sor-CPnd_026-Ex1-3H-lcwgs-1-2-L2-clmp.r1r2_fastp	38.9081	39.1286	39.1521	39.1907	39.0733	38.9234	39.0446	39.0851	39.1171	39.2751	39.4296	39.5394	39.5682	39.5979	39.6227	39.7162	39.7155	39.718	39.728	39.7355	39.7485	39.7542	39.7598	39.76	39.7409	39.413	39.4219	39.4455	39.4591	39.4738	39.4754	39.5187	39.518	39.5366	39.5375	39.5599	39.564	39.5744	39.5873	39.6032	39.6019	39.6063	39.6139	39.635	39.6273	39.6247	39.6399	39.6479	39.6495	39.6615	39.6559	39.6836	39.6921	39.6712	39.6926	39.699	39.6995	39.6998	39.7044	39.7119	39.7069	39.7241	39.7239	39.7176	39.7048	39.7204	39.7245	39.7216	39.7298	39.7173	39.7172	39.7112	39.7149	39.7245	39.7305	39.7029	39.7201	39.7244	39.7263	39.7211	39.7102	39.7198	39.7217	39.7215	39.7188	39.7133	39.7069	39.7144	39.7129	39.7105	39.7162	39.7109	39.7149	39.6932	39.7022	39.6974	39.6956	39.6919	39.6944	39.6877	39.6793	39.6748	39.6657	39.6682	39.6738	39.6621	39.6526	39.6515	39.6496	39.6461	39.6433	39.645	39.6428	39.6285	39.6356	39.63	39.6291	39.6247	39.5847	39.5983	39.6004	39.5961	39.5987	39.582	39.587	39.5845	39.581	39.5801	39.5741	39.561	39.5576	39.538	39.5461	39.527	39.5128	39.5214	39.51	39.4929	39.4814	39.476	39.4946	39.4456	39.4165	39.3979	39.3864	39.3848	39.3356	39.3265	39.3474	39.61
Sor-CPnd_026-Ex1-3H-lcwgs-1-2-L3-clmp.r1r2_fastp	38.961	39.2052	39.2334	39.2679	39.1389	38.9157	39.0312	39.061	39.0483	39.2512	39.4467	39.5205	39.5812	39.5526	39.5898	39.7085	39.7084	39.7201	39.7416	39.7472	39.7556	39.7592	39.7584	39.7619	39.7466	39.4125	39.4116	39.4453	39.4684	39.4751	39.4859	39.5135	39.5147	39.5328	39.539	39.558	39.5772	39.5876	39.5883	39.6073	39.6058	39.6149	39.623	39.6352	39.6295	39.6347	39.6574	39.6472	39.6105	39.6686	39.6682	39.6955	39.6999	39.681	39.6926	39.7128	39.7114	39.7135	39.716	39.7205	39.7226	39.7272	39.7191	39.7228	39.7154	39.7296	39.7296	39.6799	39.7279	39.7252	39.7238	39.7159	39.7214	39.734	39.7376	39.7349	39.7278	39.7258	39.724	39.7193	39.7196	39.7251	39.722	39.7209	39.7177	39.711	39.7106	39.7217	39.7093	39.7151	39.7157	39.7228	39.7121	39.7102	39.7082	39.6967	39.7007	39.694	39.7001	39.6936	39.6768	39.6792	39.6707	39.6653	39.6651	39.6631	39.6541	39.6541	39.6625	39.6572	39.6454	39.6421	39.6393	39.6326	39.6075	39.63	39.626	39.6171	39.6212	39.612	39.6166	39.6018	39.6094	39.6038	39.5965	39.6009	39.582	39.5829	39.5599	39.5783	39.557	39.5328	39.5102	39.5279	39.5293	39.52	39.5216	39.5169	39.502	39.51	39.4745	39.4419	39.4435	39.3966	39.3779	39.3719	39.3552	39.327	39.3388	39.5767
Sor-CPnd_027-Ex1-3C-lcwgs-1-2-L2-clmp.r1r2_fastp	38.8765	39.0646	39.1039	39.1453	39.0312	38.8939	39.0032	39.0319	39.058	39.2325	39.3743	39.4927	39.5278	39.5627	39.5947	39.6965	39.7005	39.6926	39.705	39.7212	39.7248	39.7377	39.739	39.7455	39.7245	39.3545	39.3615	39.3814	39.3981	39.4107	39.4151	39.4616	39.4663	39.4867	39.4924	39.5107	39.5213	39.5276	39.5388	39.557	39.5607	39.5661	39.5795	39.599	39.5941	39.5973	39.6094	39.6162	39.619	39.6344	39.6315	39.6632	39.6713	39.6492	39.6642	39.6827	39.6838	39.6825	39.6901	39.6887	39.6893	39.7048	39.7033	39.7044	39.6951	39.7116	39.7091	39.7072	39.713	39.7001	39.706	39.6964	39.7049	39.7116	39.716	39.6867	39.7091	39.7124	39.7077	39.7057	39.6962	39.7059	39.7032	39.7071	39.7039	39.6942	39.6947	39.7034	39.6976	39.6941	39.7057	39.702	39.6997	39.6903	39.6886	39.6834	39.683	39.6853	39.6772	39.6718	39.6622	39.6675	39.6579	39.6554	39.6509	39.6519	39.6446	39.6391	39.6429	39.6322	39.6242	39.6261	39.6346	39.6151	39.6165	39.6073	39.612	39.6043	39.5689	39.5773	39.5936	39.5806	39.584	39.5742	39.5738	39.5674	39.5664	39.5626	39.5559	39.55	39.5431	39.5299	39.5264	39.5081	39.5083	39.5003	39.5139	39.4699	39.4591	39.4698	39.4634	39.4252	39.4031	39.3846	39.3703	39.364	39.3279	39.3032	39.3288	39.5894
Sor-CPnd_027-Ex1-3C-lcwgs-1-2-L3-clmp.r1r2_fastp	38.9303	39.1435	39.1759	39.215	39.0965	38.8795	38.9974	39.0171	39.0159	39.2064	39.3981	39.4779	39.5472	39.5303	39.5673	39.688	39.7029	39.7011	39.7109	39.7281	39.7383	39.7425	39.7412	39.7516	39.7362	39.3557	39.3656	39.3899	39.4171	39.4245	39.4379	39.4743	39.4746	39.4935	39.4945	39.514	39.5368	39.5525	39.556	39.5703	39.5748	39.5802	39.6028	39.6109	39.6012	39.6106	39.6253	39.6255	39.5728	39.6477	39.65	39.6758	39.6801	39.647	39.6695	39.6879	39.6936	39.6872	39.6876	39.6955	39.6941	39.7083	39.7002	39.7069	39.7007	39.7079	39.7103	39.6586	39.7095	39.7084	39.7042	39.7056	39.7078	39.7171	39.7186	39.7218	39.7106	39.7103	39.7083	39.7028	39.7028	39.708	39.7069	39.7045	39.7032	39.6971	39.7003	39.7041	39.7016	39.6992	39.6962	39.7033	39.7024	39.6861	39.6879	39.6826	39.6856	39.6812	39.675	39.6733	39.6651	39.662	39.6535	39.6533	39.6522	39.6484	39.642	39.6377	39.6403	39.6409	39.638	39.6304	39.6297	39.6187	39.5866	39.6148	39.6154	39.6075	39.5924	39.6017	39.5963	39.591	39.5904	39.5885	39.5801	39.5821	39.5705	39.5741	39.5525	39.5582	39.5529	39.5311	39.5078	39.5294	39.5128	39.5213	39.5232	39.5075	39.498	39.495	39.4704	39.4433	39.4324	39.3939	39.3779	39.3657	39.3381	39.3062	39.3315	39.5747
Sor-CPnd_028-Ex1-3A-lcwgs-1-2-L2-clmp.r1r2_fastp	38.8715	39.0491	39.0662	39.0979	38.9742	38.8266	38.9599	39.0014	39.0311	39.227	39.3728	39.4913	39.5231	39.555	39.5902	39.6916	39.6989	39.6936	39.71	39.7212	39.7322	39.7402	39.7441	39.7494	39.7288	39.3371	39.3531	39.3678	39.3843	39.4018	39.406	39.4484	39.4577	39.4812	39.4829	39.5065	39.5136	39.5197	39.5292	39.5493	39.5521	39.5587	39.5729	39.5889	39.5862	39.5877	39.6029	39.6082	39.6138	39.6267	39.6173	39.6491	39.659	39.6414	39.658	39.6754	39.674	39.6772	39.6811	39.6839	39.6826	39.701	39.6974	39.6962	39.687	39.7046	39.7036	39.6975	39.7062	39.6945	39.6956	39.6902	39.6906	39.702	39.7036	39.6803	39.6974	39.7018	39.7	39.6967	39.6951	39.6987	39.6937	39.6997	39.6948	39.6937	39.685	39.6893	39.6922	39.6896	39.693	39.6942	39.6864	39.6756	39.6775	39.6732	39.6712	39.6644	39.6712	39.661	39.6525	39.6545	39.6454	39.6458	39.6431	39.6384	39.6323	39.6265	39.6299	39.6243	39.6041	39.6112	39.6159	39.6021	39.61	39.5979	39.6013	39.5941	39.5595	39.5739	39.5776	39.5753	39.5699	39.5571	39.5698	39.5622	39.5508	39.5525	39.5465	39.5404	39.5324	39.5164	39.5203	39.5012	39.4902	39.4918	39.4885	39.4643	39.4618	39.4599	39.4539	39.424	39.3986	39.3796	39.3618	39.3538	39.3093	39.2957	39.3214	39.5899
Sor-CPnd_028-Ex1-3A-lcwgs-1-2-L3-clmp.r1r2_fastp	38.9078	39.0946	39.1302	39.1723	39.0474	38.8039	38.9837	39.0104	39.0293	39.2227	39.3997	39.4738	39.5477	39.5293	39.5679	39.6844	39.6978	39.7024	39.7157	39.7279	39.7344	39.7387	39.7413	39.7456	39.7343	39.3433	39.3538	39.3795	39.4031	39.4113	39.4248	39.457	39.4564	39.4786	39.4812	39.5002	39.5247	39.5304	39.5468	39.5555	39.5584	39.5729	39.5823	39.599	39.5905	39.5976	39.6107	39.6151	39.5667	39.6304	39.6296	39.6552	39.6623	39.641	39.6595	39.6762	39.6779	39.6764	39.6776	39.6841	39.6763	39.6931	39.6871	39.6914	39.6808	39.6931	39.6919	39.6467	39.6945	39.6895	39.687	39.6866	39.6921	39.6923	39.7008	39.7004	39.6921	39.6938	39.692	39.6932	39.6849	39.6943	39.6887	39.6888	39.6862	39.683	39.6812	39.6874	39.6845	39.6797	39.6778	39.6836	39.676	39.6684	39.6677	39.6616	39.6617	39.657	39.6625	39.6522	39.644	39.6392	39.6366	39.6314	39.6267	39.6256	39.6192	39.6111	39.6201	39.6185	39.612	39.6069	39.6047	39.5925	39.5531	39.584	39.5809	39.5862	39.5698	39.5688	39.568	39.5696	39.5676	39.5638	39.5569	39.5559	39.5522	39.5469	39.5292	39.5321	39.5202	39.514	39.481	39.5046	39.4836	39.4973	39.4921	39.4849	39.4652	39.471	39.4501	39.4285	39.419	39.3723	39.3467	39.3443	39.3149	39.2997	39.3203	39.5685
Sor-CPnd_029-Ex1-8E-lcwgs-1-2-L2-clmp.r1r2_fastp	38.9449	39.0965	39.1318	39.1392	38.9952	38.837	38.9699	39.0124	39.0478	39.255	39.4368	39.5441	39.5743	39.6049	39.6373	39.7287	39.7312	39.7274	39.741	39.751	39.7575	39.7642	39.769	39.7744	39.7537	39.4252	39.4319	39.4488	39.4668	39.4775	39.4819	39.5174	39.5287	39.5456	39.5471	39.562	39.5682	39.5735	39.5817	39.5956	39.596	39.6051	39.6118	39.629	39.6227	39.6229	39.6334	39.6383	39.6387	39.6492	39.6453	39.6717	39.6751	39.6579	39.6726	39.6848	39.6843	39.6838	39.6879	39.6895	39.6812	39.699	39.6979	39.694	39.6853	39.6986	39.6962	39.6948	39.7008	39.6899	39.6913	39.6812	39.6841	39.6961	39.6989	39.6762	39.69	39.692	39.6856	39.6851	39.6797	39.6827	39.679	39.6842	39.6788	39.6782	39.6681	39.6751	39.6732	39.6698	39.6743	39.6697	39.6688	39.6564	39.6617	39.6515	39.6497	39.6466	39.6487	39.6366	39.6257	39.6295	39.6245	39.6192	39.6199	39.6159	39.6074	39.5991	39.605	39.6	39.5817	39.5871	39.5885	39.5738	39.5728	39.5668	39.5659	39.5606	39.5305	39.5348	39.5513	39.5423	39.539	39.5293	39.5361	39.5352	39.5244	39.5236	39.5145	39.5106	39.4991	39.4849	39.4871	39.4668	39.461	39.4585	39.4697	39.435	39.4304	39.4221	39.4089	39.3868	39.3612	39.3327	39.3262	39.3129	39.2624	39.2552	39.2826	39.5711
Sor-CPnd_029-Ex1-8E-lcwgs-1-2-L3-clmp.r1r2_fastp	38.987	39.1282	39.1781	39.2053	39.0653	38.8312	39.005	39.0308	39.0447	39.2492	39.4414	39.5296	39.5912	39.57	39.6155	39.7194	39.7272	39.7361	39.7483	39.7511	39.7645	39.7662	39.7676	39.7755	39.7615	39.423	39.4329	39.4548	39.4733	39.4793	39.4887	39.5216	39.5145	39.5387	39.5353	39.5595	39.575	39.5819	39.589	39.5984	39.5993	39.6072	39.6144	39.6268	39.6207	39.6261	39.6334	39.6341	39.5983	39.6404	39.6424	39.6679	39.6668	39.6485	39.6605	39.6778	39.6743	39.674	39.6766	39.6827	39.6723	39.6864	39.6797	39.6831	39.6726	39.687	39.6858	39.6469	39.6818	39.6795	39.671	39.6682	39.6688	39.6785	39.6811	39.6827	39.6725	39.6712	39.6683	39.6679	39.6645	39.6662	39.6602	39.6652	39.6596	39.6516	39.6514	39.6576	39.6539	39.6473	39.6492	39.6526	39.6448	39.6264	39.6304	39.6265	39.6232	39.6185	39.6193	39.6106	39.5977	39.5977	39.5936	39.5882	39.5868	39.5854	39.5771	39.5699	39.5748	39.5662	39.5643	39.5617	39.5603	39.5399	39.5126	39.5368	39.534	39.5353	39.5262	39.524	39.5136	39.5166	39.5156	39.5105	39.5039	39.502	39.4968	39.4912	39.4681	39.4839	39.4616	39.4561	39.4312	39.4559	39.4309	39.4365	39.4365	39.4265	39.4092	39.4118	39.3884	39.3658	39.3567	39.315	39.2834	39.2726	39.2566	39.2327	39.252	39.5342
Sor-CPnd_030-Ex1-2H-lcwgs-1-2-L2-clmp.r1r2_fastp	38.8436	39.0607	39.0764	39.1268	39.0775	39.0436	39.1779	39.2327	39.2785	39.3833	39.4924	39.5661	39.5981	39.6049	39.6384	39.7244	39.7295	39.7239	39.7324	39.7397	39.7512	39.7548	39.7511	39.7549	39.7296	39.394	39.409	39.4206	39.4346	39.4422	39.4536	39.4746	39.4783	39.4929	39.4977	39.509	39.5143	39.5246	39.5358	39.5471	39.5461	39.5489	39.5539	39.5725	39.5677	39.5643	39.5711	39.575	39.5693	39.5848	39.5771	39.6147	39.619	39.5671	39.5955	39.6255	39.6151	39.615	39.6173	39.6134	39.6044	39.6256	39.6165	39.6136	39.6058	39.6306	39.6251	39.6075	39.6179	39.6053	39.6045	39.598	39.6024	39.6149	39.6117	39.6125	39.6088	39.6114	39.6056	39.602	39.5957	39.5966	39.5913	39.6084	39.5977	39.604	39.5957	39.5963	39.594	39.5934	39.5959	39.5949	39.6064	39.5887	39.5819	39.5838	39.5775	39.5873	39.5807	39.5754	39.5633	39.5755	39.5496	39.5516	39.5568	39.5483	39.5413	39.5397	39.5313	39.5352	39.5169	39.5258	39.5193	39.5093	39.5069	39.5018	39.4996	39.4853	39.4809	39.4769	39.4807	39.4724	39.4713	39.4514	39.4646	39.4594	39.4498	39.456	39.453	39.4386	39.426	39.4153	39.4159	39.4108	39.3977	39.3917	39.4057	39.3596	39.3728	39.3852	39.3781	39.3205	39.3161	39.3064	39.2814	39.2994	39.223	39.2369	39.2596	39.564
Sor-CPnd_030-Ex1-2H-lcwgs-1-2-L3-clmp.r1r2_fastp	39.0013	39.2486	39.2721	39.3071	39.1602	38.9052	39.0847	39.088	39.0511	39.2658	39.4882	39.5501	39.6075	39.5877	39.6089	39.7282	39.734	39.7406	39.7543	39.7583	39.7635	39.7701	39.7612	39.7687	39.7552	39.4428	39.4455	39.4609	39.4823	39.4941	39.5029	39.525	39.5259	39.538	39.5379	39.5559	39.5741	39.5817	39.5857	39.5995	39.6002	39.6046	39.611	39.6211	39.6176	39.6174	39.6285	39.6248	39.6105	39.6391	39.6362	39.666	39.6671	39.6232	39.6482	39.672	39.6623	39.6608	39.6623	39.6644	39.6587	39.6716	39.6574	39.6621	39.6565	39.674	39.6752	39.6088	39.6639	39.6576	39.6543	39.6537	39.6493	39.6622	39.6627	39.663	39.6561	39.6556	39.6545	39.653	39.6524	39.6514	39.6526	39.656	39.647	39.6379	39.6462	39.6495	39.6427	39.6491	39.636	39.6423	39.6421	39.6345	39.6284	39.6275	39.6217	39.622	39.6183	39.6054	39.5984	39.6083	39.5904	39.586	39.5741	39.587	39.57	39.5726	39.5722	39.5764	39.5587	39.5569	39.5572	39.5447	39.4876	39.5335	39.5397	39.5356	39.5252	39.5211	39.506	39.513	39.5104	39.5076	39.5022	39.499	39.4954	39.4989	39.4798	39.4805	39.4763	39.4437	39.4383	39.4466	39.4322	39.4474	39.4429	39.4424	39.4092	39.4113	39.3849	39.3728	39.3509	39.2965	39.2771	39.272	39.2367	39.2276	39.2439	39.5404
Sor-CPnd_031-Ex1-5D-lcwgs-1-2-L2-clmp.r1r2_fastp	38.9259	39.0743	39.1287	39.1656	39.0992	39.0209	39.1278	39.1986	39.2266	39.3666	39.4818	39.5769	39.6234	39.6245	39.6574	39.7347	39.7414	39.7407	39.7541	39.7559	39.7637	39.7694	39.7734	39.7795	39.757	39.434	39.4343	39.4499	39.4649	39.4739	39.4774	39.5105	39.5119	39.5316	39.533	39.5514	39.5517	39.5569	39.5633	39.5754	39.5804	39.5814	39.5914	39.6084	39.6005	39.6023	39.6124	39.6151	39.6143	39.6278	39.6226	39.6498	39.6586	39.626	39.642	39.6647	39.6575	39.6503	39.6566	39.6584	39.6521	39.6709	39.6641	39.6641	39.6527	39.6702	39.6673	39.6606	39.6605	39.656	39.6516	39.6496	39.6488	39.6577	39.6583	39.6617	39.65	39.6586	39.6481	39.6452	39.6396	39.6372	39.6431	39.6437	39.6455	39.6329	39.6296	39.6374	39.6323	39.632	39.6299	39.6339	39.6312	39.6147	39.621	39.6195	39.6134	39.609	39.6106	39.6043	39.5961	39.5956	39.5865	39.5845	39.579	39.5763	39.5705	39.5643	39.5654	39.5597	39.5569	39.5566	39.5501	39.5455	39.544	39.5417	39.5347	39.5438	39.527	39.5209	39.5152	39.5121	39.5034	39.508	39.5079	39.4981	39.4968	39.4976	39.4894	39.4888	39.473	39.4543	39.4601	39.4419	39.4348	39.4317	39.4485	39.3916	39.418	39.4111	39.4081	39.3768	39.3608	39.3303	39.3147	39.3098	39.2708	39.2658	39.2955	39.575
Sor-CPnd_031-Ex1-5D-lcwgs-1-2-L3-clmp.r1r2_fastp	39.0019	39.2003	39.2465	39.2622	39.1313	38.835	39.0348	39.0369	39.0111	39.2357	39.461	39.5297	39.5934	39.575	39.6066	39.7208	39.7293	39.7352	39.7424	39.7542	39.7631	39.7706	39.7654	39.7748	39.7588	39.4285	39.4367	39.4561	39.4721	39.4806	39.4953	39.5282	39.522	39.5355	39.5384	39.556	39.5787	39.5846	39.5924	39.6008	39.6028	39.6094	39.6187	39.631	39.6269	39.6253	39.638	39.6429	39.6078	39.6498	39.6536	39.6769	39.6838	39.6525	39.6714	39.6882	39.6849	39.689	39.6909	39.6965	39.6903	39.7011	39.6902	39.6931	39.6876	39.6973	39.7002	39.6282	39.6957	39.6918	39.6885	39.6854	39.6863	39.6945	39.7017	39.7041	39.6923	39.6927	39.691	39.6856	39.6849	39.6962	39.6858	39.6912	39.6842	39.6718	39.6751	39.6813	39.6774	39.6873	39.6838	39.6822	39.6804	39.6681	39.665	39.6583	39.6639	39.658	39.6627	39.6572	39.6449	39.6354	39.6354	39.6314	39.6262	39.6237	39.6193	39.6182	39.6184	39.6155	39.6123	39.5947	39.6028	39.5915	39.539	39.5832	39.5879	39.5795	39.5676	39.5633	39.5668	39.563	39.5637	39.5587	39.5602	39.554	39.5456	39.5426	39.5322	39.527	39.5237	39.5043	39.4564	39.5047	39.472	39.4964	39.5001	39.4828	39.4589	39.4607	39.4191	39.4213	39.4017	39.3582	39.3392	39.3223	39.3003	39.2747	39.2788	39.5516
Sor-CPnd_033-Ex1-2F-lcwgs-1-2-L2-clmp.r1r2_fastp	38.8083	39.022	39.0456	39.0966	39.0445	39.0093	39.1322	39.2155	39.2508	39.3654	39.4706	39.5386	39.5881	39.5871	39.6225	39.7001	39.7042	39.7066	39.7195	39.723	39.7329	39.7426	39.7396	39.7506	39.7208	39.367	39.3782	39.3955	39.4133	39.4251	39.4256	39.4562	39.4633	39.4808	39.481	39.5004	39.4976	39.5057	39.5177	39.5249	39.5304	39.5357	39.5497	39.5624	39.5527	39.5471	39.5613	39.5687	39.5573	39.5734	39.565	39.6176	39.6161	39.5716	39.5974	39.6278	39.6127	39.6093	39.6127	39.614	39.6145	39.6354	39.6214	39.6236	39.6055	39.6254	39.6253	39.6127	39.6268	39.616	39.6056	39.6026	39.6118	39.6163	39.6212	39.6146	39.614	39.613	39.6053	39.5998	39.6035	39.6063	39.6125	39.6176	39.6105	39.6052	39.6	39.5995	39.6	39.6119	39.6054	39.6055	39.5948	39.5806	39.594	39.5899	39.5836	39.5874	39.5882	39.5756	39.5581	39.5742	39.5657	39.5734	39.557	39.5561	39.5516	39.5548	39.5428	39.5421	39.5302	39.5251	39.5268	39.5235	39.5249	39.5185	39.5166	39.4937	39.4941	39.4968	39.4946	39.4706	39.4725	39.477	39.4709	39.4595	39.4672	39.4657	39.4522	39.4418	39.4488	39.434	39.4389	39.4166	39.4052	39.3948	39.4126	39.3741	39.3941	39.3984	39.395	39.3568	39.3387	39.3177	39.3113	39.2798	39.262	39.244	39.2801	39.5861
Sor-CPnd_033-Ex1-2F-lcwgs-1-2-L3-clmp.r1r2_fastp	38.9511	39.1815	39.2145	39.2522	39.1297	38.8329	39.0538	39.0529	39.0222	39.2423	39.447	39.5188	39.5822	39.5619	39.5938	39.7022	39.7138	39.7181	39.727	39.7311	39.7428	39.7517	39.749	39.7534	39.7439	39.3966	39.404	39.4295	39.4483	39.4533	39.4653	39.4964	39.4894	39.5077	39.517	39.5311	39.5478	39.5555	39.561	39.5676	39.5734	39.5834	39.5955	39.5988	39.5979	39.5945	39.6083	39.6077	39.5949	39.6142	39.6143	39.6459	39.6529	39.6174	39.6407	39.6542	39.6603	39.6487	39.6601	39.6563	39.655	39.6771	39.658	39.6601	39.6524	39.6676	39.6674	39.6146	39.658	39.6582	39.6527	39.6485	39.6487	39.6564	39.6652	39.6699	39.6556	39.6505	39.6504	39.6478	39.6481	39.6539	39.6472	39.6592	39.6485	39.6462	39.6447	39.6483	39.6498	39.6486	39.6418	39.6486	39.6433	39.6334	39.6238	39.6217	39.6272	39.6263	39.6214	39.6133	39.6032	39.5951	39.59	39.5857	39.5825	39.5865	39.5659	39.5634	39.5808	39.5675	39.5583	39.5542	39.5569	39.541	39.5052	39.531	39.5347	39.5338	39.5242	39.5065	39.5116	39.5152	39.5083	39.5111	39.5104	39.5125	39.4843	39.4953	39.4694	39.4788	39.4698	39.4452	39.4271	39.4461	39.4121	39.4366	39.4381	39.4335	39.395	39.414	39.3975	39.3724	39.3563	39.2962	39.2713	39.2545	39.2385	39.2082	39.236	39.5159
Sor-CPnd_034-Ex1-4G-lcwgs-1-2-L2-clmp.r1r2_fastp	39.0454	39.2463	39.2783	39.308	39.1887	39.0811	39.1718	39.2137	39.225	39.3932	39.5524	39.6542	39.6967	39.6952	39.7202	39.7994	39.7939	39.7957	39.8005	39.8068	39.8144	39.8147	39.818	39.8225	39.8089	39.5832	39.5896	39.5915	39.6019	39.6088	39.6202	39.6391	39.6438	39.6575	39.6582	39.6705	39.6684	39.6741	39.6789	39.6887	39.6862	39.6893	39.6958	39.7082	39.6982	39.701	39.7039	39.7031	39.6971	39.716	39.7041	39.7258	39.7327	39.7049	39.7157	39.7302	39.7302	39.7292	39.7352	39.7361	39.7201	39.7329	39.7342	39.7305	39.7196	39.7387	39.7381	39.7301	39.7333	39.7318	39.7309	39.7258	39.7278	39.7335	39.7418	39.714	39.7271	39.7294	39.7272	39.7219	39.7139	39.7212	39.7264	39.72	39.7131	39.7136	39.7034	39.71	39.7089	39.7104	39.7163	39.7111	39.7053	39.7008	39.699	39.6894	39.6896	39.6971	39.6909	39.6647	39.6658	39.6744	39.6693	39.6659	39.6533	39.6572	39.6534	39.6398	39.639	39.6378	39.6347	39.6357	39.6308	39.635	39.6053	39.6119	39.6246	39.6122	39.5974	39.5853	39.5897	39.576	39.5773	39.5669	39.5824	39.5755	39.5696	39.5587	39.5614	39.5546	39.5599	39.5389	39.544	39.5171	39.5052	39.5038	39.5134	39.4781	39.4717	39.4821	39.4656	39.4248	39.4277	39.3826	39.3908	39.387	39.3297	39.3242	39.35	39.608
Sor-CPnd_034-Ex1-4G-lcwgs-1-2-L3-clmp.r1r2_fastp	39.1056	39.3088	39.3559	39.3852	39.2687	39.0636	39.1742	39.1675	39.1431	39.3426	39.5652	39.6247	39.6802	39.6605	39.6858	39.7913	39.7841	39.795	39.8019	39.8081	39.8143	39.8176	39.8161	39.8238	39.8114	39.5698	39.5689	39.5896	39.6014	39.6033	39.6158	39.6382	39.6343	39.6355	39.6497	39.654	39.6658	39.6736	39.679	39.6868	39.6906	39.6853	39.6933	39.7014	39.7013	39.6979	39.7023	39.7007	39.6642	39.7063	39.6973	39.7306	39.7366	39.7098	39.7205	39.7329	39.7255	39.7312	39.7281	39.723	39.7187	39.7244	39.7244	39.7231	39.7164	39.7318	39.7319	39.6934	39.7205	39.7167	39.7158	39.7185	39.7217	39.7166	39.729	39.7343	39.7157	39.7214	39.7192	39.7237	39.7152	39.717	39.7202	39.7159	39.7046	39.6995	39.7056	39.7058	39.7082	39.7061	39.7023	39.7069	39.7031	39.6954	39.6882	39.6813	39.6911	39.6852	39.6798	39.6828	39.6637	39.6586	39.6495	39.657	39.651	39.6624	39.6382	39.6467	39.6375	39.6442	39.6393	39.6209	39.6333	39.6276	39.5778	39.6231	39.6191	39.6209	39.6038	39.5949	39.5977	39.5872	39.5909	39.5896	39.5828	39.5826	39.5745	39.5787	39.5396	39.5528	39.5412	39.529	39.5224	39.517	39.5078	39.5142	39.5295	39.5099	39.482	39.4928	39.4568	39.4534	39.4311	39.4007	39.37	39.3546	39.3419	39.3185	39.3196	39.565
Sor-CPnd_036-Ex1-5C-lcwgs-1-2-L2-clmp.r1r2_fastp	38.9595	39.1175	39.1705	39.2073	39.1238	39.0556	39.1528	39.2096	39.236	39.3754	39.5047	39.5951	39.6395	39.647	39.673	39.7538	39.7514	39.7513	39.762	39.7627	39.7734	39.781	39.7738	39.7824	39.7624	39.4558	39.4656	39.4755	39.492	39.4975	39.5009	39.5316	39.538	39.5517	39.5517	39.563	39.568	39.5784	39.5817	39.5934	39.5939	39.5973	39.6049	39.62	39.6136	39.6062	39.6194	39.6177	39.617	39.6285	39.6231	39.6492	39.6506	39.6237	39.6437	39.6645	39.6524	39.6467	39.6523	39.6523	39.6421	39.6635	39.6588	39.6566	39.6406	39.6573	39.657	39.6509	39.6521	39.6462	39.6425	39.6335	39.6386	39.6445	39.6485	39.64	39.6363	39.6316	39.6276	39.6367	39.6187	39.6226	39.6257	39.6168	39.6245	39.6092	39.6099	39.608	39.6111	39.607	39.6079	39.6126	39.602	39.588	39.5904	39.5933	39.5889	39.5769	39.5853	39.5686	39.5619	39.5672	39.5558	39.5513	39.5472	39.5404	39.5326	39.5356	39.5376	39.5281	39.5234	39.5201	39.519	39.508	39.5134	39.5057	39.4982	39.5056	39.4849	39.4701	39.4776	39.4735	39.4717	39.4518	39.4676	39.4767	39.4627	39.4567	39.4557	39.4453	39.4349	39.4314	39.419	39.4014	39.3973	39.3924	39.4074	39.3581	39.3712	39.3797	39.3665	39.3352	39.3063	39.2815	39.266	39.262	39.2294	39.2159	39.2489	39.5545
Sor-CPnd_036-Ex1-5C-lcwgs-1-2-L3-clmp.r1r2_fastp	39.037	39.2413	39.2833	39.3086	39.181	38.9276	39.0635	39.0669	39.0402	39.2569	39.4792	39.5492	39.6099	39.5872	39.6258	39.7342	39.7417	39.7428	39.7548	39.7617	39.7726	39.7704	39.7703	39.778	39.7666	39.448	39.4535	39.4713	39.4917	39.5003	39.5066	39.5392	39.5373	39.552	39.5537	39.5679	39.5885	39.5926	39.5973	39.6131	39.6114	39.6185	39.6259	39.6342	39.6289	39.6343	39.6421	39.6469	39.6114	39.651	39.6546	39.6754	39.6773	39.6522	39.667	39.6874	39.6797	39.6756	39.6758	39.6845	39.6784	39.6923	39.6824	39.6793	39.6783	39.6838	39.695	39.6277	39.6753	39.6699	39.6733	39.6653	39.6757	39.6856	39.6863	39.6846	39.6751	39.6779	39.6707	39.6729	39.6675	39.6741	39.6707	39.6745	39.6671	39.6604	39.6589	39.6697	39.6551	39.6599	39.6549	39.6667	39.6589	39.6436	39.6455	39.644	39.6394	39.6276	39.629	39.6178	39.6206	39.6185	39.6096	39.6038	39.602	39.6078	39.5947	39.5914	39.5948	39.5857	39.576	39.5726	39.5682	39.5606	39.5015	39.5482	39.546	39.5471	39.5421	39.5325	39.5357	39.5203	39.526	39.5205	39.5244	39.5171	39.5256	39.5192	39.4846	39.4984	39.4813	39.462	39.4348	39.4714	39.4442	39.4486	39.4659	39.4448	39.4284	39.4311	39.3942	39.3764	39.3579	39.3175	39.2981	39.2763	39.2458	39.2352	39.2548	39.523
Sor-CPnd_037-Ex1-6C-lcwgs-1-2-L2-clmp.r1r2_fastp	38.938	39.0995	39.1278	39.1504	39.0366	38.8848	39.0075	39.0263	39.0879	39.2603	39.424	39.5361	39.5612	39.6001	39.6337	39.7324	39.7308	39.7288	39.7412	39.7507	39.7586	39.7657	39.7665	39.7682	39.7511	39.4114	39.4207	39.4386	39.4546	39.4672	39.4743	39.5058	39.5192	39.5342	39.538	39.5521	39.5595	39.567	39.5802	39.591	39.5944	39.6032	39.6065	39.6232	39.6214	39.6209	39.634	39.6388	39.6415	39.6509	39.6483	39.6795	39.6817	39.6665	39.6768	39.692	39.693	39.6922	39.6981	39.6998	39.6947	39.7139	39.7121	39.7147	39.6938	39.7134	39.7136	39.7127	39.7192	39.7053	39.71	39.7038	39.7062	39.7211	39.7185	39.6949	39.715	39.7129	39.7082	39.7094	39.6995	39.703	39.7108	39.7103	39.7056	39.7023	39.7002	39.7036	39.7008	39.6988	39.7037	39.6992	39.6948	39.6888	39.6884	39.6816	39.6768	39.6738	39.6758	39.6641	39.66	39.6616	39.6587	39.6528	39.6521	39.6447	39.6406	39.6336	39.6461	39.6361	39.6206	39.6213	39.6255	39.6156	39.6148	39.6033	39.6033	39.5957	39.5648	39.5827	39.5876	39.5728	39.5688	39.5625	39.566	39.5711	39.559	39.5552	39.5525	39.5376	39.5347	39.5192	39.5236	39.5004	39.4987	39.492	39.4996	39.4674	39.4577	39.4552	39.444	39.4161	39.3884	39.3669	39.3584	39.3524	39.308	39.3009	39.3167	39.5892
Sor-CPnd_037-Ex1-6C-lcwgs-1-2-L3-clmp.r1r2_fastp	38.992	39.1695	39.203	39.2451	39.1232	38.911	39.0477	39.0459	39.0383	39.2587	39.4665	39.5287	39.5959	39.5831	39.6096	39.7224	39.7352	39.736	39.7522	39.7584	39.7654	39.77	39.77	39.777	39.7628	39.4224	39.4296	39.4508	39.4707	39.4839	39.4968	39.5252	39.5182	39.5378	39.5366	39.5522	39.5736	39.5776	39.5904	39.6011	39.6043	39.6113	39.6215	39.6328	39.6299	39.6311	39.6432	39.645	39.6183	39.6592	39.6604	39.6854	39.6914	39.6633	39.6827	39.6943	39.6989	39.6957	39.6977	39.7083	39.7036	39.7186	39.7108	39.7163	39.7114	39.7209	39.7184	39.6765	39.7135	39.7183	39.714	39.711	39.7133	39.7198	39.7285	39.7271	39.7148	39.7178	39.7157	39.7157	39.7092	39.7187	39.7163	39.7178	39.7146	39.7101	39.71	39.7128	39.7072	39.7055	39.7112	39.7095	39.7019	39.7001	39.6989	39.6942	39.6934	39.6859	39.6879	39.6751	39.6642	39.6747	39.6666	39.6621	39.6589	39.6549	39.6494	39.6481	39.655	39.6514	39.6387	39.6338	39.6322	39.624	39.596	39.6174	39.6109	39.6153	39.61	39.604	39.6028	39.5958	39.5991	39.5952	39.5885	39.5914	39.5836	39.5881	39.5599	39.5631	39.5532	39.5354	39.5216	39.537	39.5217	39.5269	39.5211	39.5049	39.4847	39.4861	39.4755	39.446	39.4328	39.3932	39.3786	39.3546	39.3378	39.3187	39.3237	39.5741
Sor-CPnd_038-Ex1-2A-lcwgs-1-2-L2-clmp.r1r2_fastp	38.7273	38.8999	38.908	38.9705	38.9498	38.9088	39.0502	39.1288	39.1713	39.2896	39.3814	39.4623	39.5174	39.5197	39.5629	39.6612	39.6704	39.6694	39.6895	39.6908	39.7045	39.7095	39.7179	39.7186	39.6909	39.2448	39.2619	39.2773	39.2906	39.3059	39.3184	39.3536	39.3656	39.3823	39.3927	39.4153	39.4236	39.4311	39.4449	39.4633	39.4683	39.4758	39.4891	39.5137	39.506	39.5064	39.522	39.5293	39.5291	39.5438	39.5415	39.5852	39.5885	39.5504	39.5767	39.6113	39.6026	39.5983	39.604	39.6106	39.6094	39.623	39.6193	39.619	39.6124	39.6404	39.6339	39.629	39.6283	39.6254	39.6279	39.6166	39.6246	39.6372	39.632	39.637	39.624	39.6361	39.6257	39.6272	39.6249	39.6227	39.6232	39.6245	39.6208	39.6197	39.6147	39.6269	39.6219	39.6281	39.6343	39.6286	39.6223	39.6119	39.6134	39.6155	39.603	39.5999	39.6099	39.5951	39.595	39.5851	39.5944	39.5848	39.5817	39.5709	39.561	39.5671	39.5604	39.5453	39.5545	39.5487	39.5516	39.5458	39.5405	39.5368	39.5338	39.5296	39.5181	39.5124	39.5088	39.503	39.507	39.5016	39.5038	39.5028	39.4875	39.5002	39.4872	39.4885	39.4637	39.4598	39.4648	39.4437	39.4394	39.4429	39.4475	39.3865	39.4237	39.4184	39.4166	39.3882	39.379	39.3342	39.3419	39.3327	39.2989	39.2811	39.3201	39.5979
Sor-CPnd_038-Ex1-2A-lcwgs-1-2-L3-clmp.r1r2_fastp	38.8925	39.0966	39.1219	39.168	39.0496	38.7567	38.9751	38.9889	38.9788	39.1844	39.383	39.4541	39.5279	39.5099	39.5499	39.6661	39.6819	39.6901	39.6962	39.7106	39.7216	39.7265	39.7277	39.7359	39.7202	39.3128	39.3237	39.3502	39.3729	39.3804	39.3906	39.4291	39.4284	39.4417	39.4554	39.4728	39.4959	39.5069	39.5138	39.5306	39.5324	39.5416	39.5635	39.5697	39.5663	39.5741	39.588	39.586	39.5743	39.6092	39.6018	39.6365	39.6451	39.614	39.6367	39.6611	39.6535	39.6504	39.6575	39.661	39.6617	39.669	39.666	39.6698	39.6622	39.6773	39.6779	39.5868	39.6744	39.6755	39.668	39.665	39.6749	39.6798	39.6865	39.6866	39.6758	39.6771	39.6759	39.672	39.6685	39.6801	39.6741	39.6829	39.6772	39.6692	39.6745	39.68	39.6809	39.6773	39.6775	39.6763	39.6765	39.6608	39.6528	39.6576	39.6606	39.657	39.6582	39.6442	39.6309	39.6227	39.6291	39.6321	39.6182	39.6171	39.6143	39.6001	39.6123	39.6066	39.5992	39.5959	39.5915	39.5816	39.5079	39.5664	39.5714	39.5658	39.5525	39.5489	39.5509	39.5509	39.5488	39.5511	39.5437	39.5388	39.5279	39.5386	39.5148	39.5223	39.5182	39.494	39.4378	39.495	39.464	39.4745	39.4799	39.4782	39.4664	39.4546	39.4373	39.41	39.399	39.3598	39.3417	39.3264	39.2964	39.2719	39.2896	39.5598
Sor-CPnd_041-Ex1-7A-lcwgs-1-2-L2-clmp.r1r2_fastp	38.9557	39.1236	39.1366	39.1039	38.9094	38.7034	38.8586	38.9128	38.9655	39.1781	39.4232	39.5469	39.5927	39.6159	39.6503	39.7385	39.7409	39.7353	39.7526	39.7615	39.7698	39.781	39.7836	39.7889	39.7776	39.4755	39.4876	39.5035	39.5232	39.5362	39.5431	39.5816	39.5898	39.607	39.6061	39.6301	39.6369	39.6422	39.6481	39.6633	39.6697	39.6747	39.685	39.6991	39.6942	39.699	39.7072	39.7137	39.7111	39.7262	39.7215	39.7438	39.7551	39.736	39.749	39.763	39.7683	39.7688	39.772	39.7737	39.7703	39.7882	39.7842	39.7832	39.7732	39.7895	39.7875	39.7866	39.7903	39.7872	39.7903	39.7838	39.7837	39.794	39.7945	39.7916	39.791	39.7965	39.7937	39.7932	39.7861	39.7911	39.7925	39.7914	39.7897	39.7861	39.7845	39.7864	39.791	39.7892	39.7918	39.7891	39.7875	39.7804	39.7818	39.7758	39.776	39.7721	39.7735	39.7655	39.7598	39.7577	39.7527	39.7518	39.7469	39.7477	39.743	39.7418	39.744	39.7336	39.7336	39.7337	39.7343	39.7237	39.7266	39.7159	39.7181	39.717	39.7023	39.7035	39.7067	39.7021	39.6983	39.6924	39.6989	39.6938	39.69	39.6856	39.6811	39.6713	39.668	39.6566	39.6622	39.6466	39.6361	39.6314	39.6394	39.6248	39.6098	39.611	39.607	39.5696	39.5552	39.5369	39.5313	39.5355	39.4881	39.4689	39.4841	39.6735
Sor-CPnd_041-Ex1-7A-lcwgs-1-2-L3-clmp.r1r2_fastp	38.972	39.1064	39.1389	39.1348	38.951	38.6809	38.913	38.9463	38.9901	39.2025	39.3396	39.5131	39.5718	39.5682	39.6185	39.7249	39.7196	39.7355	39.758	39.7507	39.7723	39.7735	39.7843	39.7927	39.7793	39.4535	39.4707	39.4928	39.5117	39.5241	39.5391	39.5669	39.5576	39.5882	39.5915	39.6152	39.6317	39.6404	39.6496	39.6586	39.6661	39.677	39.6849	39.6969	39.6948	39.7009	39.7139	39.7163	39.7017	39.7274	39.7243	39.7453	39.7405	39.7362	39.7528	39.7708	39.7707	39.7693	39.7727	39.7773	39.7761	39.7858	39.779	39.7877	39.7819	39.7919	39.7907	39.7795	39.7905	39.7858	39.7863	39.7893	39.7903	39.795	39.8001	39.801	39.7967	39.7992	39.7941	39.7907	39.7929	39.7994	39.7926	39.7997	39.7973	39.7937	39.7913	39.794	39.7928	39.7916	39.7957	39.797	39.7912	39.7794	39.7795	39.7798	39.7796	39.7741	39.7753	39.771	39.7645	39.7645	39.7562	39.7576	39.7547	39.7534	39.748	39.7429	39.7504	39.7431	39.7408	39.7394	39.7343	39.7307	39.7187	39.7228	39.7263	39.7265	39.717	39.7145	39.7066	39.7012	39.7075	39.706	39.7022	39.6983	39.7024	39.6917	39.6873	39.6868	39.6746	39.6621	39.666	39.6601	39.6545	39.648	39.6503	39.6496	39.6443	39.6353	39.6167	39.6062	39.5914	39.5665	39.5544	39.5465	39.5165	39.5065	39.5073	39.6829
Sor-CPnd_043-Ex1-1D-lcwgs-1-2-L2-clmp.r1r2_fastp	38.9403	39.1078	39.1516	39.1607	39.0315	38.8669	38.9922	38.9984	39.0572	39.2392	39.3877	39.5292	39.5513	39.595	39.6216	39.7174	39.7183	39.7137	39.7306	39.7409	39.7472	39.7603	39.7608	39.7678	39.7495	39.4142	39.4237	39.4397	39.458	39.4707	39.4738	39.5149	39.5247	39.5433	39.5418	39.5644	39.5732	39.579	39.589	39.6057	39.6047	39.6073	39.6193	39.6392	39.6343	39.6307	39.6474	39.6538	39.6532	39.6677	39.6615	39.6843	39.6936	39.6792	39.6911	39.7067	39.7079	39.7103	39.7119	39.7182	39.7119	39.7284	39.7246	39.7237	39.7153	39.7266	39.7274	39.7284	39.7334	39.7255	39.7254	39.7182	39.7198	39.7318	39.7347	39.7111	39.7239	39.7312	39.7272	39.7241	39.7202	39.7217	39.7212	39.7271	39.7214	39.7199	39.7187	39.7202	39.7188	39.7196	39.7213	39.7235	39.718	39.7058	39.7085	39.7019	39.6984	39.7005	39.6993	39.689	39.6865	39.6836	39.6747	39.6725	39.6719	39.6657	39.662	39.6623	39.6616	39.6546	39.6391	39.6482	39.6507	39.6382	39.6358	39.628	39.6318	39.6268	39.5868	39.5975	39.6159	39.5992	39.5971	39.593	39.5975	39.5937	39.5827	39.582	39.5758	39.5671	39.5619	39.5467	39.5456	39.5321	39.5229	39.5157	39.5231	39.4922	39.4843	39.4819	39.4802	39.4403	39.4211	39.3983	39.3903	39.3785	39.3314	39.3189	39.3462	39.5941
Sor-CPnd_043-Ex1-1D-lcwgs-1-2-L3-clmp.r1r2_fastp	38.9837	39.1629	39.2217	39.2506	39.0976	38.8482	38.9988	39.0048	39.0077	39.2216	39.4352	39.5005	39.5736	39.5532	39.5892	39.7073	39.7167	39.7232	39.7357	39.7427	39.7533	39.7601	39.7611	39.7687	39.7563	39.4039	39.4145	39.4332	39.4576	39.4671	39.4796	39.5148	39.5117	39.5313	39.5338	39.5529	39.5774	39.5848	39.5936	39.6063	39.6101	39.6184	39.6283	39.6371	39.6379	39.6416	39.6606	39.6599	39.618	39.6735	39.6737	39.6952	39.6994	39.6841	39.6964	39.7117	39.7161	39.7122	39.7148	39.7229	39.7145	39.7287	39.7222	39.7222	39.7206	39.7318	39.7283	39.6946	39.7307	39.7284	39.7257	39.7237	39.7276	39.7344	39.7389	39.7434	39.7288	39.7318	39.7279	39.7308	39.7247	39.734	39.7296	39.7282	39.7259	39.7193	39.7204	39.7251	39.7231	39.7217	39.7242	39.7264	39.7181	39.7088	39.7114	39.7049	39.7098	39.7031	39.7044	39.696	39.6832	39.683	39.6767	39.6783	39.6764	39.6735	39.6631	39.6608	39.6692	39.6656	39.652	39.6549	39.6503	39.6369	39.615	39.6318	39.6331	39.6314	39.6251	39.6187	39.6161	39.6127	39.6107	39.6043	39.6032	39.6028	39.5976	39.5971	39.574	39.5825	39.568	39.5508	39.5398	39.5444	39.5317	39.5318	39.5352	39.5258	39.5091	39.51	39.4864	39.4618	39.447	39.4144	39.3949	39.3786	39.3596	39.3376	39.3449	39.5816
Sor-CPnd_044-Ex1-8G-lcwgs-1-2-L2-clmp.r1r2_fastp	38.9947	39.178	39.2209	39.2401	39.1233	39.0077	39.1055	39.1451	39.1736	39.3318	39.4806	39.5917	39.6446	39.6455	39.6735	39.7598	39.7558	39.7515	39.7628	39.7707	39.7785	39.7826	39.7848	39.7922	39.7758	39.4961	39.5026	39.5172	39.5289	39.5393	39.5375	39.5765	39.5792	39.593	39.5903	39.6056	39.6144	39.6181	39.623	39.6319	39.6331	39.6367	39.644	39.659	39.6548	39.6512	39.6624	39.6617	39.6616	39.6713	39.6728	39.6941	39.6947	39.6733	39.6949	39.7033	39.6998	39.6993	39.7037	39.7078	39.6968	39.7141	39.7154	39.7081	39.7006	39.7146	39.7079	39.7047	39.7076	39.7053	39.7056	39.6966	39.6966	39.7078	39.7118	39.6858	39.7035	39.7047	39.707	39.6999	39.6951	39.6984	39.6957	39.6979	39.6908	39.688	39.6851	39.6906	39.6922	39.6884	39.6907	39.6978	39.692	39.6759	39.6837	39.6768	39.6742	39.6672	39.6743	39.6617	39.6497	39.6538	39.6431	39.6478	39.6442	39.6413	39.6348	39.6243	39.6292	39.6228	39.6203	39.615	39.6159	39.6063	39.6085	39.5958	39.5938	39.5929	39.5531	39.5671	39.5795	39.5642	39.5698	39.5532	39.5662	39.5555	39.5493	39.5473	39.5351	39.5422	39.5242	39.5124	39.5181	39.5031	39.4948	39.4931	39.4943	39.4652	39.457	39.4478	39.4424	39.4097	39.389	39.3666	39.3517	39.3545	39.2985	39.2844	39.3266	39.5861
Sor-CPnd_044-Ex1-8G-lcwgs-1-2-L3-clmp.r1r2_fastp	39.0449	39.2446	39.2876	39.316	39.1904	38.9918	39.101	39.1141	39.0947	39.3044	39.5059	39.5765	39.6324	39.6141	39.6442	39.7455	39.7549	39.7604	39.7704	39.7764	39.7843	39.7904	39.7903	39.7936	39.7814	39.4889	39.4959	39.5172	39.535	39.5422	39.5498	39.5757	39.5742	39.5892	39.5893	39.6045	39.623	39.6273	39.6343	39.6459	39.6438	39.6479	39.6589	39.6637	39.6579	39.6626	39.6698	39.6685	39.6276	39.6813	39.6754	39.6963	39.703	39.6787	39.6975	39.71	39.7089	39.7051	39.7034	39.7113	39.7036	39.7156	39.7075	39.712	39.7044	39.7143	39.7152	39.6733	39.7064	39.7039	39.7036	39.7021	39.7063	39.7061	39.7143	39.7149	39.7022	39.6998	39.7021	39.7055	39.6972	39.7042	39.6978	39.7056	39.6975	39.6932	39.7	39.6991	39.6973	39.6948	39.691	39.7031	39.6892	39.6806	39.6809	39.6776	39.6768	39.6735	39.675	39.6653	39.6596	39.6576	39.6538	39.6441	39.6381	39.6426	39.6326	39.6333	39.6312	39.6342	39.6217	39.6251	39.6189	39.6092	39.5748	39.6007	39.5941	39.6016	39.584	39.5899	39.5804	39.5794	39.5814	39.5733	39.5749	39.5692	39.5572	39.5659	39.5416	39.5541	39.5317	39.5143	39.4925	39.5188	39.5006	39.4969	39.5057	39.4883	39.4621	39.4792	39.4529	39.4299	39.4093	39.3746	39.3454	39.3403	39.3122	39.2847	39.3075	39.5645
Sor-CPnd_045-Ex1-7B-lcwgs-1-2-L2-clmp.r1r2_fastp	38.9257	39.0936	39.1342	39.1698	39.0658	38.9506	39.0535	39.0851	39.1123	39.2773	39.4076	39.5266	39.5864	39.59	39.6178	39.7176	39.7143	39.7152	39.7281	39.7388	39.7489	39.7596	39.759	39.7656	39.7489	39.3949	39.4051	39.4199	39.4435	39.454	39.4622	39.4979	39.5038	39.5274	39.5267	39.5492	39.5513	39.5603	39.5727	39.5851	39.5861	39.5947	39.6046	39.6252	39.6207	39.6224	39.6337	39.6437	39.6445	39.6606	39.6534	39.6818	39.6873	39.6697	39.6906	39.7023	39.7061	39.705	39.7093	39.7154	39.7072	39.7257	39.7266	39.7222	39.7167	39.7299	39.7289	39.7313	39.7333	39.7256	39.7295	39.7196	39.7225	39.735	39.7372	39.7019	39.7314	39.7369	39.7325	39.7287	39.7254	39.732	39.731	39.7362	39.7272	39.7267	39.7225	39.7253	39.7244	39.7246	39.7317	39.7278	39.7262	39.7084	39.7157	39.7137	39.7082	39.7042	39.711	39.697	39.6908	39.6966	39.6855	39.6834	39.6799	39.6788	39.6693	39.6748	39.671	39.6636	39.6504	39.66	39.6613	39.6495	39.6468	39.6433	39.6411	39.6373	39.5913	39.6161	39.6251	39.6151	39.6117	39.6106	39.6153	39.6089	39.6027	39.5977	39.5957	39.5864	39.5784	39.5638	39.5686	39.5551	39.5472	39.5408	39.5448	39.5154	39.5088	39.5115	39.4986	39.4675	39.4455	39.423	39.4129	39.4189	39.3708	39.3624	39.3787	39.6166
Sor-CPnd_045-Ex1-7B-lcwgs-1-2-L3-clmp.r1r2_fastp	38.9849	39.1799	39.2163	39.252	39.1322	38.9519	39.0517	39.0612	39.0529	39.2461	39.4452	39.5155	39.5829	39.5629	39.5925	39.7072	39.7216	39.7216	39.7356	39.7457	39.7581	39.7593	39.7614	39.769	39.7569	39.4096	39.4153	39.4358	39.4618	39.4687	39.4828	39.5166	39.5095	39.5336	39.5371	39.556	39.5744	39.5805	39.5862	39.603	39.6038	39.6148	39.6267	39.6348	39.6356	39.6384	39.6554	39.6572	39.6015	39.6708	39.6714	39.6944	39.7014	39.6786	39.7009	39.7136	39.714	39.7178	39.7173	39.7259	39.7229	39.7352	39.7272	39.7345	39.7269	39.7435	39.7382	39.6821	39.7366	39.7402	39.7364	39.7344	39.7357	39.7482	39.7513	39.7524	39.7409	39.7403	39.7391	39.7436	39.739	39.7458	39.7367	39.7417	39.7373	39.7326	39.7363	39.7403	39.7364	39.7361	39.7356	39.74	39.7336	39.7299	39.7269	39.7196	39.7183	39.72	39.7161	39.7139	39.7026	39.7016	39.6959	39.6929	39.6881	39.6903	39.6843	39.6708	39.6832	39.6835	39.672	39.6636	39.67	39.663	39.6196	39.6519	39.6514	39.6564	39.6342	39.6365	39.6407	39.6204	39.6278	39.6266	39.6261	39.6203	39.614	39.619	39.5957	39.5972	39.5865	39.5791	39.5453	39.5783	39.551	39.5549	39.5598	39.5484	39.5321	39.5376	39.5115	39.4846	39.4768	39.4399	39.418	39.4181	39.3964	39.3779	39.3838	39.6043
Sor-CPnd_046-Ex1-5A-lcwgs-1-2-L2-clmp.r1r2_fastp	38.9555	39.14	39.1877	39.1999	39.111	39.0285	39.1323	39.1974	39.2308	39.3818	39.5124	39.6193	39.6574	39.6564	39.6865	39.7441	39.7499	39.7483	39.7629	39.7687	39.7804	39.7834	39.781	39.7866	39.7716	39.4894	39.4984	39.5102	39.5159	39.533	39.5319	39.5612	39.5616	39.5819	39.5813	39.5954	39.6007	39.6064	39.6139	39.6244	39.6184	39.636	39.64	39.6565	39.6457	39.6462	39.6538	39.6492	39.6481	39.6637	39.6602	39.6786	39.6864	39.6624	39.6812	39.6991	39.6948	39.6908	39.6911	39.691	39.6923	39.7092	39.7023	39.6965	39.6885	39.696	39.6958	39.6999	39.6939	39.6933	39.6932	39.6835	39.6808	39.6955	39.6982	39.6861	39.6943	39.6795	39.6849	39.6739	39.6828	39.6678	39.6738	39.6744	39.6745	39.6709	39.6657	39.6661	39.674	39.6678	39.6662	39.6728	39.6718	39.6602	39.6652	39.6486	39.6567	39.6525	39.6319	39.6409	39.6293	39.6332	39.6338	39.6184	39.6347	39.6209	39.6161	39.6038	39.6106	39.6114	39.6036	39.5743	39.6034	39.5908	39.5955	39.5861	39.5921	39.5779	39.5527	39.5432	39.5735	39.5399	39.5481	39.5445	39.5312	39.5499	39.5417	39.5321	39.526	39.5221	39.5185	39.5086	39.5139	39.4898	39.4746	39.4829	39.4724	39.4503	39.4396	39.4706	39.4509	39.4356	39.3982	39.3858	39.3888	39.3813	39.3284	39.3182	39.3501	39.5995
Sor-CPnd_046-Ex1-5A-lcwgs-1-2-L3-clmp.r1r2_fastp	39.0174	39.2086	39.2482	39.2688	39.1342	38.8754	39.0482	39.0619	39.0433	39.2566	39.4861	39.5465	39.6112	39.588	39.6301	39.7371	39.7382	39.7319	39.7504	39.759	39.7685	39.769	39.771	39.7874	39.7677	39.4522	39.4649	39.4906	39.5045	39.5085	39.5165	39.5516	39.55	39.5712	39.5697	39.5832	39.602	39.6104	39.6146	39.6303	39.6316	39.6284	39.647	39.6511	39.6496	39.6497	39.6639	39.6652	39.6344	39.6673	39.6698	39.694	39.697	39.6684	39.6902	39.7062	39.7101	39.7074	39.7097	39.7144	39.6972	39.7223	39.7108	39.7049	39.7064	39.7175	39.7182	39.675	39.7111	39.7048	39.7153	39.7036	39.7052	39.7194	39.7218	39.7175	39.7083	39.7146	39.7074	39.7087	39.6971	39.708	39.7107	39.7152	39.7018	39.7022	39.7037	39.7024	39.7123	39.6993	39.6984	39.7089	39.7073	39.6853	39.6799	39.6857	39.6879	39.6842	39.6851	39.6686	39.6623	39.6646	39.6601	39.645	39.6464	39.6419	39.6375	39.6263	39.6268	39.6291	39.6162	39.6243	39.6315	39.606	39.5639	39.6045	39.5953	39.6032	39.5973	39.5877	39.5788	39.5851	39.5698	39.5746	39.5857	39.5692	39.5631	39.5732	39.5438	39.5393	39.5241	39.523	39.4701	39.5175	39.5049	39.5209	39.5017	39.489	39.4635	39.4774	39.4466	39.4278	39.4171	39.3762	39.3399	39.345	39.316	39.3004	39.2986	39.5737
Sor-CPnd_049-Ex1-3B-lcwgs-1-2-L2-clmp.r1r2_fastp	38.9269	39.146	39.1755	39.2248	39.118	39.0069	39.1029	39.1429	39.1682	39.3164	39.4564	39.5689	39.627	39.6277	39.6526	39.7392	39.7336	39.7377	39.7524	39.7553	39.7621	39.7748	39.7759	39.7812	39.7573	39.4557	39.4635	39.476	39.4948	39.5054	39.5053	39.5461	39.5526	39.573	39.5704	39.5893	39.5904	39.5996	39.6067	39.6265	39.6209	39.6261	39.6397	39.6526	39.6462	39.6507	39.6607	39.6667	39.6613	39.6794	39.6699	39.7015	39.7075	39.6844	39.7034	39.7146	39.7158	39.7141	39.7173	39.7183	39.7142	39.7286	39.7253	39.7281	39.7166	39.7326	39.7303	39.7227	39.7318	39.7238	39.7288	39.7166	39.7168	39.7298	39.7354	39.7074	39.728	39.7287	39.7306	39.7188	39.7249	39.7247	39.7287	39.7238	39.7223	39.7187	39.7162	39.7108	39.7132	39.7126	39.7139	39.7132	39.7154	39.7031	39.7095	39.7069	39.7048	39.6979	39.6947	39.6904	39.6794	39.6869	39.6834	39.6729	39.6771	39.6597	39.6577	39.6597	39.661	39.6661	39.6476	39.6373	39.6456	39.6393	39.6356	39.6253	39.6325	39.6235	39.5924	39.6002	39.6178	39.6054	39.5906	39.5951	39.5985	39.5948	39.5886	39.5813	39.584	39.5716	39.5675	39.548	39.5528	39.5304	39.5196	39.5186	39.5326	39.4849	39.4962	39.483	39.4779	39.4504	39.4222	39.4189	39.4068	39.3911	39.3505	39.3357	39.3514	39.607
Sor-CPnd_049-Ex1-3B-lcwgs-1-2-L3-clmp.r1r2_fastp	38.9981	39.233	39.2642	39.2935	39.1725	38.9945	39.0709	39.1037	39.0737	39.2702	39.4725	39.5441	39.608	39.5882	39.6159	39.7254	39.7362	39.7406	39.7465	39.7579	39.7667	39.7716	39.7716	39.779	39.7723	39.4568	39.4634	39.4829	39.5046	39.5112	39.5189	39.5542	39.5511	39.5647	39.5677	39.5896	39.6052	39.6127	39.6132	39.6327	39.6396	39.641	39.6467	39.6634	39.6599	39.6565	39.6768	39.671	39.6288	39.6846	39.6804	39.71	39.7154	39.6862	39.7096	39.716	39.7173	39.7162	39.7237	39.7218	39.7228	39.728	39.7266	39.7325	39.7208	39.7371	39.7283	39.6839	39.7315	39.7292	39.7323	39.7238	39.7343	39.7292	39.7371	39.7406	39.7397	39.7321	39.7299	39.7264	39.728	39.7311	39.7304	39.7355	39.729	39.7253	39.7155	39.7333	39.7198	39.7282	39.7247	39.7266	39.7184	39.7004	39.7104	39.705	39.7064	39.6993	39.7066	39.6967	39.6859	39.6889	39.6841	39.6739	39.6753	39.6696	39.6709	39.6635	39.6718	39.6624	39.6556	39.6531	39.6507	39.6357	39.6099	39.6397	39.6248	39.6391	39.6178	39.6193	39.618	39.6145	39.605	39.6197	39.598	39.6011	39.5927	39.6048	39.5819	39.5998	39.5755	39.542	39.5357	39.5502	39.5341	39.5365	39.5498	39.5486	39.5145	39.498	39.4821	39.4672	39.4458	39.4071	39.3823	39.3894	39.372	39.3377	39.3559	39.5874
Sor-CPnd_050-Ex1-3F-lcwgs-1-2-L2-clmp.r1r2_fastp	38.9184	39.1261	39.154	39.1641	39.0276	38.8795	39.0057	39.0672	39.097	39.2845	39.4511	39.557	39.5947	39.6108	39.645	39.7389	39.7397	39.7349	39.7462	39.7567	39.7665	39.7734	39.7756	39.7807	39.7603	39.446	39.4567	39.4704	39.4893	39.5005	39.5048	39.5394	39.5492	39.5642	39.566	39.5807	39.5876	39.5927	39.6017	39.6166	39.6163	39.6228	39.6325	39.6452	39.6425	39.6402	39.6545	39.6575	39.6558	39.6698	39.6635	39.6865	39.6935	39.6737	39.6914	39.7064	39.7026	39.7028	39.7085	39.7091	39.7044	39.7194	39.7174	39.7191	39.7093	39.7194	39.7189	39.7189	39.7213	39.7137	39.715	39.7071	39.7129	39.7177	39.7197	39.7052	39.7123	39.7175	39.714	39.7119	39.7082	39.7105	39.7102	39.7091	39.709	39.7008	39.7009	39.7023	39.7046	39.6951	39.7097	39.7009	39.7004	39.689	39.6906	39.6867	39.6855	39.6779	39.684	39.6731	39.6641	39.6663	39.6612	39.6555	39.6561	39.6503	39.6409	39.6408	39.6418	39.6375	39.6252	39.6293	39.6255	39.6255	39.6201	39.6116	39.6052	39.611	39.5795	39.5848	39.5964	39.5882	39.584	39.577	39.5798	39.5775	39.5732	39.5636	39.5599	39.5554	39.5469	39.5331	39.5385	39.5197	39.5134	39.5114	39.5072	39.4843	39.475	39.4754	39.4674	39.4361	39.4161	39.3939	39.3842	39.3725	39.3309	39.3209	39.3397	39.6013
Sor-CPnd_050-Ex1-3F-lcwgs-1-2-L3-clmp.r1r2_fastp	38.9593	39.162	39.2088	39.2457	39.1127	38.86	39.0413	39.065	39.0844	39.2764	39.4734	39.5397	39.6042	39.5871	39.6217	39.731	39.7348	39.7407	39.7561	39.7599	39.7709	39.7724	39.7752	39.7823	39.7654	39.4475	39.4546	39.4759	39.4949	39.5041	39.5095	39.5403	39.5374	39.5604	39.5612	39.5805	39.5959	39.6013	39.6134	39.6224	39.6234	39.63	39.6414	39.6463	39.643	39.6448	39.656	39.6557	39.6239	39.6718	39.6664	39.6892	39.6973	39.6735	39.6899	39.7044	39.7053	39.7037	39.7038	39.7059	39.7	39.7166	39.7086	39.7101	39.7032	39.7123	39.7139	39.6822	39.7094	39.7074	39.7013	39.6991	39.7024	39.7054	39.7147	39.714	39.7038	39.7026	39.7012	39.6988	39.6968	39.7033	39.6983	39.6985	39.6983	39.6888	39.692	39.6927	39.6938	39.6903	39.6844	39.6909	39.6888	39.6744	39.6703	39.6743	39.6674	39.6688	39.6617	39.6572	39.6461	39.643	39.6417	39.6395	39.6295	39.631	39.6321	39.6203	39.6221	39.6239	39.619	39.6159	39.6066	39.5965	39.5694	39.5927	39.5889	39.5854	39.5799	39.5754	39.5717	39.5608	39.5687	39.5631	39.5641	39.5636	39.555	39.5611	39.5359	39.5439	39.5272	39.5123	39.4977	39.5117	39.4997	39.4979	39.5032	39.4891	39.4778	39.4779	39.4524	39.4316	39.4183	39.3722	39.3584	39.3501	39.3154	39.3013	39.3162	39.5696
Sor-CPnd_052-Ex1-6D-lcwgs-1-2-L2-clmp.r1r2_fastp	38.9797	39.1563	39.1942	39.1904	39.049	38.8782	39.0163	39.0561	39.104	39.291	39.4616	39.5902	39.6122	39.6411	39.6637	39.7548	39.7561	39.7502	39.7591	39.772	39.7756	39.7832	39.7862	39.7888	39.7735	39.4912	39.5046	39.5158	39.5298	39.5393	39.5404	39.5752	39.5834	39.5989	39.5945	39.6126	39.6132	39.6198	39.6252	39.6357	39.641	39.6402	39.6456	39.6647	39.6558	39.6568	39.6633	39.6675	39.6695	39.6827	39.6738	39.6958	39.7051	39.6828	39.6962	39.7073	39.7089	39.7069	39.7085	39.711	39.7049	39.7202	39.7169	39.7173	39.7022	39.7181	39.7194	39.7104	39.7145	39.7114	39.7104	39.7078	39.7085	39.7179	39.7146	39.7023	39.7107	39.7118	39.7097	39.7056	39.7024	39.7087	39.7019	39.7107	39.6996	39.6958	39.7023	39.6963	39.7016	39.696	39.7045	39.7022	39.6973	39.688	39.6879	39.6793	39.6802	39.6737	39.6792	39.6684	39.6609	39.6591	39.6542	39.6476	39.6465	39.6384	39.6316	39.6357	39.6305	39.6325	39.6211	39.6234	39.6269	39.6086	39.6054	39.5991	39.5908	39.5931	39.568	39.5765	39.5827	39.577	39.5624	39.5654	39.5677	39.5646	39.5511	39.5463	39.543	39.5379	39.5244	39.514	39.5064	39.4909	39.4805	39.4832	39.4911	39.4576	39.4561	39.464	39.4299	39.4147	39.3891	39.3528	39.3512	39.3434	39.3045	39.2668	39.2959	39.5732
Sor-CPnd_052-Ex1-6D-lcwgs-1-2-L3-clmp.r1r2_fastp	39.0311	39.206	39.256	39.2816	39.1411	38.8834	39.0472	39.0502	39.0381	39.2756	39.4918	39.5637	39.6231	39.6037	39.6396	39.7432	39.7486	39.7494	39.7616	39.7727	39.7789	39.7838	39.7858	39.7877	39.7742	39.4729	39.4802	39.5013	39.5201	39.5242	39.5354	39.5612	39.5622	39.5753	39.5819	39.5934	39.6137	39.6186	39.6238	39.6374	39.638	39.6455	39.6529	39.6615	39.656	39.6597	39.6705	39.6716	39.6467	39.6794	39.6757	39.7018	39.7064	39.6886	39.6958	39.7084	39.7063	39.7167	39.7124	39.7131	39.7034	39.7184	39.7109	39.7115	39.7063	39.7242	39.7168	39.6959	39.7112	39.7125	39.7102	39.7025	39.7082	39.715	39.7156	39.7199	39.7095	39.7155	39.7041	39.7071	39.7028	39.7093	39.7088	39.7051	39.6974	39.6929	39.6964	39.7013	39.7004	39.7017	39.6986	39.7016	39.6873	39.6821	39.6845	39.682	39.681	39.6744	39.6772	39.6665	39.6569	39.6616	39.651	39.6423	39.6474	39.6514	39.6364	39.6269	39.6391	39.6311	39.6204	39.6265	39.6139	39.6032	39.578	39.6023	39.6082	39.59	39.5838	39.5806	39.5811	39.5687	39.5798	39.5712	39.5779	39.5657	39.56	39.5614	39.5382	39.547	39.524	39.5139	39.5104	39.5119	39.5057	39.4913	39.4903	39.4831	39.4699	39.4662	39.4441	39.4247	39.407	39.3525	39.3434	39.3191	39.2856	39.2709	39.3022	39.551
Sor-CPnd_053-Ex1-2C-lcwgs-1-2-L2-clmp.r1r2_fastp	38.7636	38.9386	38.9694	39.0296	38.989	38.9769	39.0877	39.1424	39.2	39.3079	39.4032	39.4824	39.5376	39.5411	39.5819	39.6786	39.6872	39.6783	39.6886	39.7037	39.7136	39.717	39.7242	39.7265	39.7018	39.2875	39.2941	39.3152	39.3336	39.3434	39.3532	39.3894	39.3956	39.4148	39.4211	39.4356	39.4513	39.4535	39.4664	39.4792	39.4845	39.4873	39.5038	39.5288	39.5135	39.5095	39.524	39.5296	39.5264	39.5444	39.5337	39.5832	39.5848	39.5493	39.5798	39.6003	39.5943	39.5906	39.5969	39.6009	39.5973	39.6165	39.6063	39.6044	39.5979	39.6158	39.6241	39.6064	39.6068	39.605	39.6033	39.593	39.5889	39.6094	39.609	39.6067	39.6022	39.6054	39.6055	39.6051	39.5833	39.5924	39.5956	39.6031	39.5969	39.5944	39.5906	39.5986	39.5923	39.5922	39.6011	39.601	39.5933	39.5846	39.5844	39.5844	39.5867	39.5781	39.5819	39.5737	39.5549	39.5668	39.5599	39.556	39.5558	39.5449	39.5326	39.5392	39.5391	39.5359	39.5267	39.5177	39.5246	39.5107	39.5149	39.5183	39.5074	39.4957	39.4749	39.4819	39.4822	39.4781	39.472	39.4677	39.4608	39.4626	39.4528	39.4495	39.4525	39.439	39.4433	39.4208	39.4173	39.4058	39.4033	39.4065	39.4024	39.3517	39.3857	39.3855	39.3816	39.3408	39.322	39.3028	39.2961	39.2842	39.2505	39.2454	39.2744	39.5656
Sor-CPnd_053-Ex1-2C-lcwgs-1-2-L3-clmp.r1r2_fastp	38.9234	39.1639	39.1799	39.208	39.0907	38.8319	39.006	38.9981	38.9986	39.1963	39.4046	39.4758	39.5474	39.5367	39.5678	39.6891	39.6971	39.7009	39.7129	39.7234	39.7313	39.7345	39.7354	39.744	39.7325	39.3435	39.3534	39.3782	39.4043	39.4018	39.4183	39.4527	39.4521	39.468	39.4698	39.4933	39.5127	39.5254	39.5336	39.5481	39.5495	39.5517	39.5634	39.5782	39.5714	39.5769	39.5897	39.5943	39.5794	39.6078	39.6031	39.6407	39.6464	39.6071	39.6368	39.6548	39.6509	39.6492	39.6519	39.6557	39.6491	39.6748	39.6542	39.6671	39.6581	39.6726	39.67	39.586	39.6588	39.6568	39.6564	39.6557	39.6624	39.666	39.67	39.6719	39.664	39.6558	39.6578	39.6568	39.6522	39.661	39.6544	39.6642	39.6594	39.6484	39.6514	39.647	39.6509	39.6492	39.6539	39.6563	39.6485	39.6374	39.6432	39.6338	39.6451	39.6349	39.6328	39.6169	39.6091	39.6085	39.609	39.5972	39.5933	39.5963	39.5878	39.5788	39.5808	39.5831	39.5684	39.5692	39.5648	39.5498	39.5014	39.5502	39.5465	39.5416	39.5329	39.5258	39.5278	39.5047	39.5153	39.5152	39.5221	39.5191	39.5064	39.5093	39.4891	39.4939	39.4846	39.4722	39.4145	39.4615	39.4425	39.4548	39.4485	39.4338	39.4227	39.4229	39.3858	39.3646	39.3573	39.3043	39.2919	39.2783	39.2569	39.2217	39.2468	39.5347
Sor-CPnd_054-Ex1-8F-lcwgs-1-2-L2-clmp.r1r2_fastp	38.8889	39.084	39.1359	39.131	38.9704	38.8146	38.942	38.9944	39.0477	39.2266	39.4283	39.5434	39.5727	39.6028	39.6265	39.7094	39.7156	39.7119	39.7258	39.7368	39.7461	39.7516	39.7587	39.76	39.7471	39.427	39.4307	39.4498	39.4623	39.4776	39.4795	39.5178	39.5314	39.5515	39.5447	39.5699	39.581	39.5855	39.5908	39.5989	39.605	39.6027	39.6191	39.6315	39.6252	39.6286	39.6399	39.6466	39.645	39.6578	39.6442	39.673	39.682	39.6638	39.6732	39.6907	39.6878	39.6912	39.6977	39.7033	39.6987	39.7082	39.7034	39.7082	39.6877	39.6987	39.702	39.7059	39.7105	39.6983	39.6962	39.6915	39.6886	39.7001	39.7023	39.6862	39.6996	39.7047	39.6913	39.6907	39.6921	39.6954	39.6865	39.6824	39.6776	39.6767	39.671	39.6751	39.6801	39.6763	39.6865	39.6758	39.6794	39.6657	39.6599	39.661	39.6528	39.6487	39.6446	39.6384	39.6281	39.6372	39.6302	39.6272	39.6299	39.6166	39.6129	39.5988	39.6102	39.6003	39.6	39.5937	39.6038	39.5854	39.5895	39.5838	39.5802	39.5752	39.5363	39.547	39.5524	39.5496	39.5408	39.5315	39.5428	39.5271	39.5393	39.5182	39.5089	39.5017	39.5089	39.4871	39.4841	39.4616	39.4741	39.4586	39.4765	39.4469	39.4266	39.4111	39.4042	39.3786	39.3562	39.3274	39.3197	39.3183	39.2616	39.2495	39.2774	39.5704
Sor-CPnd_054-Ex1-8F-lcwgs-1-2-L3-clmp.r1r2_fastp	38.932	39.1257	39.183	39.1788	39.0465	38.7974	38.9903	39.0144	39.0333	39.2374	39.4289	39.5183	39.5765	39.5671	39.605	39.705	39.7112	39.716	39.7412	39.7357	39.7572	39.7542	39.7577	39.7633	39.7545	39.4189	39.4259	39.4513	39.4687	39.4746	39.4894	39.522	39.5139	39.5387	39.5455	39.5548	39.5805	39.5821	39.5913	39.6075	39.6088	39.6172	39.6223	39.6317	39.6332	39.6351	39.643	39.6395	39.6159	39.6564	39.6503	39.6825	39.6724	39.6535	39.6674	39.6885	39.693	39.6839	39.6889	39.6888	39.69	39.6998	39.693	39.6944	39.6769	39.6976	39.6948	39.6663	39.6927	39.6887	39.6879	39.68	39.682	39.6924	39.6978	39.7056	39.6829	39.6818	39.6784	39.679	39.6783	39.6782	39.6771	39.6765	39.6724	39.6615	39.6626	39.6582	39.6626	39.6564	39.6641	39.6704	39.6547	39.6351	39.6399	39.6324	39.6338	39.6421	39.629	39.6315	39.61	39.6166	39.6058	39.6056	39.5909	39.598	39.599	39.5969	39.5895	39.5848	39.5782	39.5775	39.5645	39.555	39.5337	39.5444	39.5606	39.5526	39.544	39.5334	39.5319	39.519	39.5327	39.5276	39.5193	39.5279	39.5057	39.5154	39.498	39.5046	39.4735	39.469	39.4448	39.4652	39.4356	39.4338	39.4309	39.4186	39.4135	39.4111	39.41	39.353	39.3607	39.3106	39.2797	39.2787	39.2436	39.2248	39.2424	39.5258
Sor-CPnd_055-Ex1-7G-lcwgs-1-2-L2-clmp.r1r2_fastp	39.0111	39.1947	39.2367	39.2608	39.1427	39.03	39.1196	39.163	39.1747	39.3413	39.4984	39.5975	39.6505	39.6536	39.6754	39.7609	39.7582	39.7566	39.7634	39.7718	39.7821	39.7833	39.7835	39.792	39.7759	39.5029	39.5126	39.5214	39.5335	39.5446	39.5459	39.5761	39.5857	39.5964	39.5991	39.616	39.6165	39.6219	39.6266	39.6358	39.6346	39.6404	39.6471	39.6631	39.6553	39.6491	39.6612	39.6648	39.6641	39.674	39.6672	39.6932	39.6965	39.6771	39.6915	39.7081	39.7019	39.7021	39.7053	39.7069	39.6957	39.7115	39.7101	39.7064	39.6997	39.7128	39.7151	39.7063	39.7143	39.7036	39.7035	39.6911	39.7008	39.7072	39.705	39.6926	39.7008	39.7014	39.6997	39.6957	39.6879	39.6912	39.6978	39.6972	39.6877	39.6846	39.6852	39.6887	39.6894	39.6884	39.6889	39.6882	39.6823	39.6735	39.6763	39.6686	39.6668	39.6672	39.6688	39.6517	39.6469	39.6502	39.6338	39.6375	39.6393	39.6329	39.622	39.6195	39.6195	39.6168	39.6113	39.6047	39.6091	39.5907	39.5979	39.5926	39.5847	39.5796	39.5473	39.5635	39.5637	39.5601	39.5525	39.543	39.5484	39.5459	39.5282	39.5393	39.5294	39.5254	39.5077	39.4945	39.4961	39.4839	39.4796	39.4679	39.4732	39.4356	39.4363	39.4359	39.4313	39.3923	39.3685	39.3452	39.3359	39.3215	39.2807	39.2643	39.2921	39.5692
Sor-CPnd_055-Ex1-7G-lcwgs-1-2-L3-clmp.r1r2_fastp	39.0604	39.258	39.3064	39.3268	39.2101	39.0159	39.1144	39.1323	39.1131	39.303	39.5042	39.5767	39.6359	39.6123	39.6433	39.7463	39.7572	39.7604	39.7676	39.7737	39.7846	39.7893	39.7823	39.7907	39.7827	39.4935	39.4949	39.5172	39.5393	39.5392	39.5527	39.5798	39.5744	39.5884	39.5906	39.6034	39.6207	39.6258	39.6285	39.6439	39.6446	39.6455	39.6537	39.6644	39.6599	39.6628	39.6714	39.6715	39.6308	39.6783	39.6782	39.7032	39.708	39.6806	39.6979	39.7112	39.7095	39.7035	39.7045	39.7078	39.7018	39.7176	39.7089	39.7099	39.7064	39.715	39.7145	39.6802	39.7083	39.7014	39.7042	39.6972	39.7012	39.7114	39.7156	39.7186	39.7043	39.7078	39.7035	39.7006	39.6918	39.7042	39.7001	39.7064	39.7028	39.7003	39.6976	39.7003	39.6931	39.6995	39.6998	39.6974	39.6975	39.6837	39.6833	39.6775	39.6735	39.6736	39.6801	39.6638	39.6517	39.6552	39.6454	39.6476	39.648	39.6424	39.6298	39.6283	39.631	39.6275	39.6243	39.6223	39.619	39.5999	39.5762	39.6113	39.5904	39.5948	39.5805	39.5714	39.5801	39.5646	39.5754	39.5731	39.5645	39.5575	39.5606	39.5529	39.5288	39.5314	39.5243	39.5072	39.486	39.5053	39.4855	39.4903	39.4963	39.484	39.4596	39.4676	39.4237	39.418	39.3927	39.3599	39.3265	39.3134	39.3075	39.2765	39.2859	39.5475
Sor-CPnd_058-Ex1-2G-lcwgs-1-2-L2-clmp.r1r2_fastp	38.863	39.0803	39.1046	39.145	39.1037	39.0707	39.1789	39.2516	39.2883	39.3936	39.504	39.5722	39.6182	39.6179	39.6462	39.7219	39.7304	39.7276	39.7345	39.7412	39.7551	39.7544	39.7593	39.7634	39.7375	39.4153	39.4263	39.4354	39.4458	39.4589	39.4605	39.4851	39.4951	39.5058	39.5001	39.5171	39.5115	39.5237	39.5279	39.5396	39.5426	39.538	39.5469	39.5671	39.5574	39.5529	39.5636	39.5618	39.5447	39.5707	39.563	39.6056	39.607	39.5633	39.5864	39.6081	39.5982	39.5891	39.5914	39.5936	39.5882	39.6067	39.5994	39.5925	39.5884	39.6104	39.6123	39.5944	39.5975	39.5907	39.5841	39.59	39.5865	39.5986	39.5962	39.586	39.5797	39.5818	39.5732	39.5859	39.5716	39.5759	39.5798	39.5794	39.573	39.5724	39.5708	39.5682	39.5687	39.5724	39.5753	39.5779	39.5743	39.5624	39.5672	39.5719	39.5602	39.5499	39.5691	39.5486	39.5606	39.5508	39.5362	39.5292	39.5334	39.5332	39.5252	39.5137	39.5154	39.5223	39.4998	39.5004	39.4977	39.4795	39.4798	39.4919	39.4574	39.4752	39.4553	39.4489	39.4678	39.4427	39.4444	39.4392	39.444	39.4343	39.4438	39.4355	39.4194	39.4147	39.411	39.3992	39.3975	39.3787	39.3686	39.3637	39.3691	39.3345	39.3268	39.3451	39.3398	39.3033	39.2848	39.2524	39.246	39.2363	39.1947	39.1911	39.2466	39.5587
Sor-CPnd_058-Ex1-2G-lcwgs-1-2-L3-clmp.r1r2_fastp	39.0153	39.2493	39.2886	39.3078	39.1724	38.9412	39.0863	39.0948	39.0721	39.2711	39.4844	39.5507	39.6173	39.595	39.6261	39.7291	39.7364	39.7368	39.7499	39.7553	39.7604	39.767	39.767	39.7744	39.7566	39.4504	39.4521	39.4727	39.4945	39.4985	39.5066	39.5282	39.5278	39.543	39.54	39.5561	39.5719	39.5764	39.5842	39.5924	39.5956	39.5929	39.6095	39.6127	39.6015	39.6061	39.6193	39.6152	39.6056	39.6259	39.6184	39.6541	39.6567	39.6164	39.6374	39.6535	39.6483	39.645	39.6446	39.6521	39.635	39.6584	39.6445	39.6442	39.6382	39.6557	39.6575	39.604	39.6441	39.6401	39.6376	39.6338	39.6356	39.6442	39.6457	39.6448	39.6309	39.6403	39.6319	39.6279	39.6278	39.6322	39.6292	39.6234	39.6289	39.6171	39.631	39.6368	39.62	39.6278	39.6227	39.6265	39.6162	39.6053	39.6101	39.6067	39.6029	39.6093	39.5955	39.5935	39.5819	39.5771	39.5675	39.5671	39.5569	39.5527	39.5487	39.5481	39.546	39.545	39.5419	39.5257	39.5337	39.5253	39.4761	39.5078	39.5163	39.503	39.4991	39.491	39.4867	39.4828	39.4905	39.4786	39.4761	39.4934	39.4749	39.4722	39.4423	39.4519	39.4406	39.4228	39.398	39.4227	39.4132	39.4119	39.413	39.403	39.3835	39.4006	39.3643	39.3381	39.3125	39.2732	39.2442	39.2363	39.2173	39.1828	39.205	39.4995
Sor-CPnd_063-Ex1-7D-lcwgs-1-2-L2-clmp.r1r2_fastp	38.9759	39.1566	39.1974	39.1993	39.0624	38.8985	39.0247	39.0453	39.0932	39.2723	39.432	39.5625	39.593	39.6251	39.6514	39.7415	39.7397	39.7345	39.7449	39.7572	39.7612	39.7715	39.7751	39.7791	39.7631	39.4645	39.4799	39.4911	39.5079	39.5184	39.5259	39.5594	39.5645	39.5858	39.5815	39.5986	39.6089	39.6103	39.6153	39.6284	39.6323	39.6337	39.6429	39.6597	39.6538	39.6541	39.6644	39.6666	39.666	39.6771	39.6681	39.6997	39.7036	39.6862	39.6996	39.7089	39.7119	39.7103	39.7156	39.7195	39.7129	39.7265	39.7266	39.7201	39.7092	39.7258	39.7257	39.7198	39.7244	39.7168	39.7171	39.7115	39.7142	39.7238	39.726	39.7109	39.7191	39.7198	39.7199	39.7154	39.7129	39.7162	39.7119	39.7158	39.712	39.7071	39.7071	39.7057	39.7065	39.7063	39.7116	39.7113	39.7058	39.6942	39.7012	39.6913	39.6943	39.6876	39.6885	39.6771	39.6698	39.6731	39.6612	39.6577	39.6545	39.6513	39.6437	39.6458	39.654	39.643	39.6342	39.6319	39.6298	39.618	39.6199	39.6093	39.6173	39.6083	39.5813	39.5876	39.5936	39.5852	39.5809	39.5711	39.5804	39.5715	39.5691	39.5652	39.558	39.554	39.5501	39.5338	39.5343	39.5122	39.5084	39.5066	39.5017	39.4747	39.4701	39.4675	39.4526	39.4254	39.3997	39.3682	39.3581	39.3532	39.3149	39.3037	39.3184	39.5799
Sor-CPnd_063-Ex1-7D-lcwgs-1-2-L3-clmp.r1r2_fastp	39.0081	39.2154	39.2582	39.2779	39.1306	38.8887	39.0366	39.0337	39.0297	39.2527	39.4632	39.5324	39.6047	39.5799	39.6125	39.7255	39.7343	39.7367	39.7498	39.7604	39.7661	39.7717	39.7714	39.7795	39.765	39.4429	39.4567	39.4746	39.4983	39.5081	39.5168	39.5489	39.5447	39.5628	39.5643	39.588	39.603	39.6093	39.6166	39.6296	39.6279	39.6364	39.6475	39.6519	39.6492	39.6517	39.6638	39.6677	39.6368	39.6812	39.6797	39.7021	39.7079	39.6821	39.7028	39.7105	39.7115	39.7163	39.712	39.7134	39.7155	39.7228	39.7155	39.7199	39.7133	39.7295	39.7247	39.6984	39.7213	39.7164	39.7146	39.7125	39.7174	39.7224	39.7306	39.733	39.7233	39.7194	39.7199	39.7216	39.7134	39.7201	39.7144	39.7213	39.7129	39.7106	39.7119	39.7149	39.71	39.7041	39.7163	39.7182	39.7117	39.6955	39.6913	39.691	39.6969	39.6821	39.6921	39.6829	39.6723	39.6675	39.663	39.6596	39.6557	39.6566	39.6489	39.6491	39.6544	39.6473	39.6397	39.6391	39.6366	39.624	39.6087	39.6208	39.6137	39.6126	39.6008	39.6091	39.605	39.597	39.5934	39.5966	39.5915	39.5918	39.5771	39.5777	39.549	39.5613	39.5487	39.5245	39.5187	39.526	39.519	39.5179	39.5184	39.5042	39.481	39.4826	39.4559	39.4381	39.4202	39.3772	39.368	39.3468	39.3303	39.3034	39.3091	39.5628
Sor-CPnd_066-Ex1-8B-lcwgs-1-2-L2-clmp.r1r2_fastp	38.9555	39.1209	39.155	39.1965	39.1026	38.9823	39.0731	39.1232	39.1394	39.3062	39.4412	39.5563	39.6155	39.6183	39.6404	39.7334	39.7293	39.7296	39.7463	39.7514	39.7604	39.7716	39.7722	39.7763	39.7588	39.4323	39.44	39.4529	39.4722	39.4851	39.484	39.5235	39.5322	39.5524	39.5456	39.5659	39.575	39.5832	39.5903	39.6049	39.6048	39.6128	39.6214	39.6394	39.6293	39.6366	39.6465	39.6528	39.6506	39.6643	39.659	39.6798	39.6943	39.6717	39.6916	39.6976	39.7026	39.7076	39.7085	39.7156	39.713	39.7233	39.7204	39.7214	39.7147	39.7217	39.7286	39.7222	39.7317	39.7191	39.7221	39.7142	39.7192	39.7307	39.7303	39.7	39.7225	39.7249	39.7222	39.7186	39.7133	39.7181	39.7175	39.7231	39.7246	39.7145	39.7106	39.7142	39.7153	39.7191	39.7232	39.7186	39.716	39.7027	39.7105	39.6972	39.6995	39.6956	39.6974	39.6905	39.6822	39.6897	39.6795	39.6708	39.6751	39.6691	39.6601	39.6556	39.6613	39.6511	39.6405	39.6461	39.6471	39.6325	39.637	39.6239	39.6222	39.6267	39.5765	39.601	39.6129	39.6015	39.6059	39.5884	39.5943	39.5941	39.589	39.5788	39.5742	39.5666	39.5615	39.5513	39.5532	39.5314	39.5251	39.5251	39.5333	39.4905	39.4898	39.4885	39.4802	39.4415	39.4314	39.4127	39.3998	39.3897	39.3545	39.3437	39.361	39.6072
Sor-CPnd_066-Ex1-8B-lcwgs-1-2-L3-clmp.r1r2_fastp	39.0207	39.2051	39.2435	39.2813	39.1566	38.9669	39.0663	39.0822	39.0733	39.271	39.4661	39.5348	39.602	39.579	39.6164	39.7178	39.7317	39.7374	39.7515	39.7586	39.7667	39.7734	39.7704	39.7762	39.7688	39.4376	39.4453	39.4644	39.483	39.497	39.504	39.5364	39.5303	39.5532	39.5515	39.5705	39.5886	39.5965	39.6049	39.6131	39.6165	39.6258	39.6364	39.6479	39.6411	39.6482	39.6614	39.6614	39.6008	39.671	39.6746	39.6922	39.7022	39.6769	39.695	39.7132	39.7145	39.7151	39.7123	39.722	39.714	39.7243	39.7264	39.7273	39.7236	39.7273	39.7265	39.6737	39.7232	39.73	39.7251	39.7211	39.7278	39.7297	39.7384	39.7392	39.7316	39.7258	39.7227	39.7282	39.7265	39.7294	39.7265	39.7261	39.7247	39.7196	39.721	39.7227	39.7242	39.7246	39.7206	39.726	39.7203	39.7098	39.7063	39.7086	39.7023	39.6982	39.699	39.6838	39.6747	39.6835	39.6722	39.6704	39.6726	39.6667	39.6667	39.6526	39.6687	39.657	39.6474	39.6494	39.6533	39.6376	39.5931	39.6404	39.6252	39.6275	39.6247	39.6213	39.609	39.6094	39.6135	39.6025	39.6086	39.6079	39.5914	39.5959	39.5789	39.5822	39.5775	39.5487	39.5189	39.5478	39.5242	39.5369	39.5424	39.5277	39.5123	39.5031	39.4813	39.4751	39.4429	39.4277	39.3957	39.3963	39.3719	39.345	39.3652	39.5866
Sor-CPnd_069-Ex1-6B-lcwgs-1-2-L2-clmp.r1r2_fastp	38.9323	39.0836	39.1204	39.1504	39.0514	38.9411	39.0455	39.0934	39.1267	39.2816	39.4322	39.5401	39.593	39.6003	39.6317	39.7271	39.7296	39.7247	39.7417	39.7529	39.7624	39.7686	39.7702	39.7721	39.7487	39.4087	39.4198	39.4298	39.4498	39.4609	39.4655	39.5029	39.5127	39.5316	39.5337	39.5493	39.5581	39.565	39.5696	39.5851	39.5945	39.5946	39.6068	39.6276	39.622	39.6172	39.6316	39.64	39.6442	39.6631	39.6558	39.6832	39.6859	39.667	39.6866	39.7019	39.7	39.7015	39.7117	39.7082	39.7085	39.7213	39.7217	39.7208	39.712	39.7233	39.7244	39.7252	39.7273	39.7213	39.7231	39.7163	39.7193	39.7283	39.7345	39.7021	39.7216	39.7293	39.7213	39.72	39.7208	39.7199	39.7261	39.7231	39.722	39.7177	39.7217	39.7179	39.7187	39.7173	39.719	39.7149	39.7123	39.7033	39.7089	39.7037	39.7022	39.704	39.6985	39.6884	39.68	39.6852	39.684	39.6687	39.6758	39.6649	39.6606	39.659	39.6594	39.6505	39.6386	39.6421	39.6437	39.6291	39.6372	39.6388	39.6269	39.629	39.5735	39.6096	39.6162	39.6056	39.5962	39.598	39.6024	39.5973	39.5881	39.5869	39.5805	39.5712	39.5641	39.5493	39.5523	39.5337	39.5221	39.5219	39.5296	39.4939	39.4959	39.4911	39.4804	39.45	39.4336	39.3985	39.4057	39.3941	39.3488	39.3407	39.3697	39.6114
Sor-CPnd_069-Ex1-6B-lcwgs-1-2-L3-clmp.r1r2_fastp	38.9943	39.1718	39.1987	39.2539	39.1358	38.9553	39.0575	39.0754	39.0636	39.2634	39.4631	39.5347	39.595	39.5792	39.6085	39.7223	39.7318	39.7334	39.7445	39.7557	39.7656	39.7676	39.7707	39.7784	39.7628	39.4208	39.4274	39.4496	39.4732	39.4786	39.4889	39.5199	39.5154	39.5394	39.5403	39.557	39.5732	39.5836	39.5906	39.6046	39.6069	39.6147	39.6321	39.6402	39.6349	39.6355	39.6543	39.6524	39.6121	39.6707	39.6646	39.6919	39.7021	39.6782	39.6964	39.7056	39.7117	39.7129	39.7146	39.7183	39.7149	39.7281	39.7218	39.7248	39.7204	39.7348	39.7298	39.6767	39.7288	39.7282	39.7282	39.7268	39.7263	39.7381	39.7371	39.7418	39.7327	39.7325	39.7313	39.7358	39.7285	39.7358	39.7273	39.7261	39.7326	39.7216	39.727	39.7249	39.7286	39.7277	39.7298	39.7329	39.7194	39.7123	39.7136	39.7119	39.7137	39.7082	39.7112	39.699	39.69	39.6904	39.685	39.6839	39.6753	39.6835	39.6732	39.6633	39.6684	39.6754	39.6659	39.6549	39.6525	39.6481	39.6091	39.6422	39.6402	39.6415	39.6256	39.629	39.6261	39.6126	39.6246	39.6146	39.6154	39.6046	39.6072	39.606	39.5809	39.5905	39.5828	39.5596	39.5332	39.5575	39.5414	39.5484	39.5467	39.5439	39.5302	39.5193	39.5042	39.4806	39.4639	39.4371	39.4142	39.394	39.3831	39.3524	39.3697	39.6086
Sor-CPnd_072-Ex1-8C-lcwgs-1-2-L2-clmp.r1r2_fastp	38.8888	38.9928	39.0534	39.0956	38.991	38.8437	38.9522	38.98	39.0097	39.2044	39.3315	39.4633	39.4895	39.5374	39.5725	39.6825	39.6875	39.6834	39.6968	39.7076	39.7153	39.7301	39.7318	39.739	39.7144	39.3	39.3151	39.332	39.3518	39.3635	39.3716	39.4163	39.428	39.45	39.452	39.4747	39.4839	39.493	39.5059	39.5223	39.5277	39.5341	39.5477	39.5689	39.5647	39.569	39.5833	39.5913	39.5954	39.612	39.6064	39.6391	39.649	39.6295	39.6461	39.6633	39.6672	39.6698	39.6742	39.6771	39.6735	39.6955	39.6948	39.6909	39.6799	39.7001	39.6947	39.6936	39.702	39.6917	39.6928	39.6858	39.6929	39.7017	39.7041	39.6654	39.6951	39.7017	39.6939	39.6942	39.6885	39.6929	39.6961	39.6977	39.6984	39.6883	39.6894	39.688	39.693	39.6848	39.6897	39.6935	39.6888	39.6798	39.6815	39.6754	39.6691	39.6662	39.6742	39.6601	39.6517	39.6551	39.6442	39.6421	39.6435	39.637	39.6329	39.6266	39.6302	39.6253	39.6038	39.6185	39.6128	39.6046	39.6085	39.6008	39.6015	39.5969	39.5427	39.565	39.5842	39.5759	39.5718	39.5646	39.5703	39.5641	39.5575	39.5531	39.5506	39.5391	39.5352	39.5164	39.523	39.502	39.4946	39.4903	39.4931	39.4627	39.4562	39.4564	39.4463	39.4109	39.3847	39.3653	39.3608	39.3531	39.3025	39.2886	39.3172	39.5882
Sor-CPnd_072-Ex1-8C-lcwgs-1-2-L3-clmp.r1r2_fastp	38.9469	39.0837	39.1401	39.1851	39.0609	38.8537	38.9737	38.9923	38.9797	39.1888	39.3839	39.4572	39.5368	39.5172	39.5576	39.6793	39.6942	39.6965	39.7089	39.7213	39.7306	39.7334	39.7369	39.7428	39.7308	39.3258	39.3357	39.3595	39.3843	39.3948	39.4037	39.4436	39.444	39.4656	39.467	39.4899	39.513	39.5226	39.5319	39.5504	39.5489	39.5603	39.5735	39.5888	39.584	39.5894	39.6051	39.6085	39.5461	39.6279	39.6237	39.6579	39.6637	39.641	39.6625	39.676	39.6809	39.6797	39.6823	39.6868	39.6846	39.7004	39.6923	39.7004	39.6938	39.7023	39.7035	39.6298	39.7032	39.701	39.6947	39.6948	39.6986	39.705	39.7145	39.718	39.7023	39.7039	39.6989	39.7029	39.7	39.7062	39.7003	39.7068	39.7033	39.6957	39.6949	39.6982	39.6943	39.6935	39.6965	39.6994	39.6954	39.682	39.6816	39.6805	39.6784	39.6751	39.6773	39.6687	39.6571	39.6545	39.6479	39.6462	39.647	39.6446	39.6369	39.6321	39.6384	39.6333	39.6269	39.6243	39.6183	39.6145	39.5628	39.6086	39.6019	39.6052	39.5964	39.5911	39.5901	39.5787	39.5849	39.5803	39.5816	39.576	39.5707	39.5733	39.5402	39.5532	39.5408	39.5259	39.4911	39.5265	39.4888	39.5139	39.5149	39.5001	39.4857	39.4869	39.4616	39.4348	39.4191	39.3782	39.3662	39.356	39.3279	39.3112	39.3147	39.5704
Undetermined-L2-clmp.r1r2_fastp	38.8769	38.9937	39.008	38.9387	38.6981	38.4369	38.609	38.6532	38.7147	38.9432	39.2107	39.3929	39.4357	39.488	39.5403	39.6619	39.6665	39.6621	39.6806	39.6945	39.7045	39.7172	39.7197	39.7258	39.707	39.2167	39.2429	39.2775	39.3151	39.329	39.3368	39.391	39.4035	39.4285	39.4331	39.4599	39.4707	39.4817	39.4847	39.513	39.5181	39.5271	39.5404	39.5629	39.5595	39.5627	39.5779	39.587	39.5905	39.604	39.5944	39.6288	39.619	39.6153	39.6385	39.6567	39.66	39.6618	39.6683	39.6714	39.669	39.6861	39.6857	39.6848	39.6699	39.6916	39.6725	39.6916	39.6986	39.6908	39.6943	39.6878	39.6896	39.7019	39.698	39.6908	39.6988	39.7033	39.6997	39.6978	39.6931	39.6928	39.6962	39.6926	39.6966	39.6923	39.691	39.6936	39.6956	39.6912	39.6973	39.6967	39.6922	39.6795	39.6841	39.6776	39.6771	39.6725	39.6757	39.6637	39.6564	39.6577	39.6511	39.6477	39.6462	39.6428	39.636	39.6325	39.6347	39.6295	39.6196	39.6225	39.6217	39.6117	39.6129	39.6037	39.606	39.6007	39.5706	39.5785	39.5901	39.581	39.5773	39.5699	39.5781	39.5731	39.5641	39.5541	39.5577	39.5483	39.5423	39.5306	39.5319	39.517	39.5079	39.5056	39.5119	39.4844	39.4736	39.4661	39.4646	39.4313	39.4059	39.3827	39.3731	39.3663	39.3137	39.2921	39.306	39.5889
Undetermined-L3-clmp.r1r2_fastp	38.8813	38.9814	39.0122	39.0047	38.7765	38.5107	38.7641	38.8074	38.8584	39.0873	39.1553	39.3912	39.4638	39.4684	39.5242	39.6516	39.6458	39.6705	39.6976	39.6839	39.7162	39.7203	39.7225	39.7263	39.715	39.2483	39.2721	39.2982	39.3217	39.3392	39.3493	39.3931	39.3776	39.4198	39.4258	39.4548	39.4761	39.4865	39.5019	39.5156	39.5146	39.5338	39.5483	39.5642	39.5613	39.5685	39.5842	39.5887	39.5693	39.6042	39.6061	39.6341	39.6207	39.6256	39.6369	39.6612	39.6639	39.6659	39.67	39.6765	39.6749	39.6869	39.6837	39.6886	39.6832	39.6956	39.6877	39.6801	39.6976	39.6948	39.6941	39.6941	39.699	39.7068	39.7127	39.7114	39.7038	39.7067	39.7057	39.7063	39.7034	39.71	39.7059	39.7115	39.7059	39.7041	39.704	39.7047	39.7027	39.7013	39.7055	39.7059	39.7	39.6897	39.6889	39.6855	39.69	39.6839	39.6835	39.6784	39.6684	39.6664	39.6596	39.6603	39.6561	39.6562	39.6482	39.6418	39.6493	39.6431	39.6379	39.6331	39.6331	39.6232	39.6096	39.6165	39.6146	39.6162	39.6089	39.606	39.6022	39.5948	39.5972	39.5928	39.5894	39.5845	39.5833	39.581	39.567	39.5684	39.5568	39.5433	39.5366	39.5404	39.5346	39.5297	39.5306	39.5232	39.5079	39.5089	39.4883	39.4735	39.4522	39.4235	39.4044	39.3943	39.3702	39.3486	39.3593	39.6057
