Sample	1	2	3	4	5	6	7	8	9	10	11	12	13	14	15	16	17	18	19	20	21	22	23	24	25	26	27	28	29	30	31	32	33	34	35	36	37	38	39	40	41	42	43	44	45	46	47	48	49	50	51	52	53	54	55	56	57	58	59	60	61	62	63	64	65	66	67	68	69	70	71	72	73	74	75	76	77	78	79	80	81	82	83	84	85	86	87	88	89	90	91	92	93	94	95	96	97	98	99	100	101	102	103	104	105	106	107	108	109	110	111	112	113	114	115	116	117	118	119	120	121	122	123	124	125	126	127	128	129	130	131	132	133	134	135	136	137	138	139	140	141	142	143	144	145	146	147	148	149	150
Sor-ACeb_001-Ex1-8E-lcwgs-1-2-L2-clmp.r1r2_fastp	45.6969	33.6745	33.306999999999995	31.4964	31.811899999999998	31.1031	30.435499999999998	31.1832	31.6021	31.1415	34.12	33.8939	33.1416	32.765	32.8167	32.624900000000004	32.6467	32.5661	32.7425	32.9049	32.967	32.8836	32.9212	32.4645	32.535	32.4915	32.2902	32.4087	32.516	32.3726	32.6484	32.6606	32.630199999999995	32.5734	32.5997	32.5401	32.466	32.3841	32.4325	32.4707	32.6077	32.597300000000004	32.5994	32.5824	32.5612	32.3198	32.2822	32.188	32.1602	32.285000000000004	32.3539	32.2884	32.4258	32.3116	32.3056	32.2417	32.2843	32.1644	32.1116	32.127	32.2603	32.1706	32.1546	32.1455	32.2922	32.0741	32.134800000000006	32.0983	32.0807	31.9363	32.0768	32.079800000000006	32.0852	32.082300000000004	32.117000000000004	32.001200000000004	32.1925	32.047799999999995	32.091300000000004	32.1733	32.1796	32.1296	32.0446	32.2021	32.1116	32.128299999999996	32.110699999999994	32.068799999999996	32.1971	32.0685	32.1315	32.312000000000005	32.3859	32.3558	32.37	32.3383	32.5102	32.482	32.381	32.4442	32.3785	32.4165	32.5011	32.8249	32.6414	32.8278	32.924	32.7834	32.7318	32.9551	32.7833	32.892500000000005	33.0456	33.134	33.1507	33.4165	33.5131	33.3999	33.552	33.374900000000004	33.7148	33.655499999999996	33.6753	33.9424	34.239999999999995	33.7333	34.3379	34.711999999999996	34.298899999999996	34.1484	34.4755	34.4773	34.5904	35.1887	34.7777	35.430099999999996	35.1545	35.2954	35.603699999999996	35.8416	36.2251	36.1759	36.5269	36.4788	36.0503	36.9017	36.6233	36.6939	36.5891	35.7846
Sor-ACeb_001-Ex1-8E-lcwgs-1-2-L3-clmp.r1r2_fastp	45.6691	33.6656	33.4108	31.5173	31.920199999999998	31.089	30.5283	31.2888	31.774400000000004	31.062099999999997	34.1854	34.0075	33.1263	32.8038	32.7904	32.506	32.74	32.567800000000005	32.6753	32.9442	32.905499999999996	32.9065	32.9036	32.521899999999995	32.5216	32.3222	32.2633	32.3801	32.4498	32.475500000000004	32.7721	32.7586	32.6685	32.6059	32.5959	32.4125	32.390600000000006	32.304899999999996	32.4703	32.4654	32.621	32.5842	32.536	32.4509	32.5597	32.365500000000004	32.2697	32.1556	32.1612	32.0788	32.3423	32.3026	32.4699	32.197199999999995	32.2749	32.2946	32.291599999999995	32.0619	32.2046	32.1257	32.2667	32.189800000000005	32.2359	32.173	32.250499999999995	31.878	32.076	31.89	31.971300000000003	32.019999999999996	32.0453	32.0198	32.2125	31.955499999999997	32.107	32.0664	31.9851	31.997999999999998	32.0647	32.074999999999996	31.9544	31.7937	32.1195	32.0327	32.0894	32.128499999999995	31.893	32.0148	32.178000000000004	32.0099	32.1385	32.124399999999994	32.2855	32.1973	32.5726	32.3979	32.421299999999995	32.3418	32.405899999999995	32.245400000000004	32.3462	32.229600000000005	32.5447	32.5434	32.332100000000004	32.5995	32.8505	32.6676	32.644600000000004	32.5907	32.7898	32.9743	32.9982	33.1787	33.0133	33.1527	33.2208	33.2626	33.6209	33.360299999999995	33.608399999999996	33.580799999999996	33.4644	33.743	34.1815	33.771	33.582699999999996	34.143499999999996	34.1904	34.2607	34.6741	34.394200000000005	34.424	34.4874	34.5955	35.1705	35.2033	35.3452	35.667300000000004	36.0087	35.6083	35.7622	36.4377	35.7899	36.5768	36.5639	36.120000000000005	36.4434	36.4704	35.5518
Sor-ACeb_002-Ex1-9E-lcwgs-1-2-L2-clmp.r1r2_fastp	50.6206	37.9823	38.1836	36.4743	37.5189	36.7079	36.518	36.7193	37.572100000000006	36.4211	40.123599999999996	39.7163	38.7543	38.581500000000005	38.647999999999996	38.1513	38.851200000000006	37.8104	38.365	38.5881	38.516	38.4362	38.761	38.2738	38.5103	38.271899999999995	37.965199999999996	38.1361	38.5359	37.9433	38.2919	38.2928	38.728699999999996	38.5145	38.8934	38.0231	38.6731	37.9221	38.2741	37.7427	38.53	37.938	38.5163	38.1868	38.0941	37.756099999999996	38.268	37.5849	37.9233	37.901	37.9831	38.1469	38.2554	37.776199999999996	37.9137	38.0942	38.0309	38.0457	37.7549	37.7044	37.9062	37.7149	37.584	37.880900000000004	37.9293	37.565799999999996	38.0278	37.7119	38.0044	37.526900000000005	37.8817	37.599199999999996	37.782199999999996	37.9272	37.92	37.6647	37.8474	37.9339	38.083600000000004	38.1749	38.4777	37.9366	38.506800000000005	38.4208	38.3137	38.1938	38.588699999999996	38.0509	39.039	38.6207	38.2741	38.5203	38.7404	38.75	39.3769	38.5789	39.8184	39.5235	39.258900000000004	39.5588	39.4619	39.2957	39.5668	39.9643	39.9063	39.9692	40.2002	39.7596	40.0664	40.6121	40.3533	39.4519	40.2466	39.530300000000004	40.0333	40.8549	40.1766	40.388600000000004	41.178599999999996	40.3568	40.4639	41.3538	40.2594	40.7686	42.2588	40.9686	41.382400000000004	41.5055	41.253	40.9696	42.3883	41.335300000000004	41.2111	41.970400000000005	42.01	41.806	43.1117	43.0195	42.8006	43.6089	43.2485	42.4274	43.7123	43.1106	43.263	43.529	42.984899999999996	42.812	44.8674	43.9605
Sor-ACeb_002-Ex1-9E-lcwgs-1-2-L3-clmp.r1r2_fastp	50.7665	37.8541	38.0655	36.6802	37.6618	36.8133	36.1616	37.1295	37.4959	36.3612	40.076	39.7598	39.51	38.7727	38.883	37.947900000000004	38.5978	38.1111	38.513	38.5668	38.5567	38.6925	38.7791	38.4091	38.549499999999995	38.4565	38.2204	38.0892	38.7044	38.5813	38.4109	38.5659	38.3754	38.5861	38.775	38.283	38.244499999999995	38.4464	38.4484	37.9492	38.2418	38.2616	38.2448	38.2326	38.1951	38.1834	38.2877	37.6574	37.9104	37.9795	37.779	38.023	38.1333	37.9459	37.9183	37.819399999999995	38.0775	37.9442	38.0075	37.658500000000004	38.1125	37.8127	37.909	37.8678	37.8836	37.6929	38.0457	37.8273	38.176700000000004	37.729600000000005	38.4139	37.9583	38.5888	38.0098	38.4346	37.959900000000005	38.480199999999996	38.318000000000005	37.985600000000005	38.9106	38.5393	37.9531	38.4401	38.4654	38.256	38.568400000000004	38.4553	38.5264	39.0335	38.5578	39.0646	38.758199999999995	38.6303	39.3028	39.8609	39.057700000000004	39.3896	39.774	39.5879	39.352900000000005	38.8647	39.5183	39.5127	39.8708	39.7816	39.4976	40.799800000000005	39.4137	39.865899999999996	39.7835	40.0995	39.8279	40.4422	40.545500000000004	39.6657	40.9334	41.0925	40.169	40.5535	40.4688	40.5706	40.9392	41.1381	40.889199999999995	41.8803	41.6301	41.6481	41.539500000000004	41.8765	41.644999999999996	42.518499999999996	41.7806	41.967999999999996	42.432700000000004	42.2284	43.1187	42.2772	42.710300000000004	42.3134	42.794900000000005	43.4375	42.7444	43.151	43.4583	43.5986	43.6449	43.4487	43.0221	44.6774	43.8858
Sor-ACeb_003-Ex1-10E-lcwgs-1-2-L2-clmp.r1r2_fastp	46.881099999999996	36.2481	36.1622	34.443200000000004	35.5227	34.7003	34.2244	34.8237	35.4427	34.671	37.787	37.3592	36.7194	36.4699	36.3133	36.1049	36.2046	36.1526	36.3541	36.459399999999995	36.5186	36.3416	36.486000000000004	36.1401	36.1477	36.1655	35.957499999999996	35.9121	36.1905	35.887	36.0091	36.016999999999996	36.398799999999994	36.0346	36.0779	35.963499999999996	35.9345	35.7001	35.7699	35.680499999999995	35.8121	35.7527	35.7087	35.6369	35.6579	35.3735	35.217999999999996	35.1487	35.2181	35.2323	35.0759	35.260799999999996	35.2031	35.2028	35.1246	35.1365	34.997699999999995	34.8792	34.9994	34.785199999999996	34.7793	35.1355	34.870400000000004	34.978300000000004	34.8313	34.7615	34.8776	34.7848	34.7512	34.440799999999996	34.7688	34.7478	34.794000000000004	34.552	34.5819	34.8124	34.7082	34.2716	34.7022	34.1678	34.8854	34.521	34.849599999999995	34.524300000000004	34.5798	34.4974	34.3849	34.2023	34.716	34.659099999999995	34.4057	34.812599999999996	34.7513	34.6148	34.273900000000005	34.3375	34.5855	34.2619	34.4326	33.932	34.3364	34.604099999999995	34.3295	34.4121	34.382200000000005	34.557300000000005	34.4182	34.7087	34.4011	34.4722	34.2812	34.239999999999995	34.4213	34.444	34.465	34.4784	34.8889	35.1357	34.262100000000004	34.7707	34.7599	34.6126	34.5759	34.6077	35.6287	34.730199999999996	34.5773	35.2233	35.506	35.682	34.3938	35.8027	35.0537	35.3569	35.551500000000004	35.956700000000005	36.0251	36.4097	36.6519	36.0958	36.271100000000004	37.1689	35.6985	36.020799999999994	36.1066	37.0987	36.0955	36.0719	36.3866	35.753
Sor-ACeb_003-Ex1-10E-lcwgs-1-2-L3-clmp.r1r2_fastp	47.084199999999996	36.5416	36.1378	34.5812	35.535	34.875099999999996	34.4122	35.2627	35.5255	34.7992	37.751400000000004	37.3159	36.7481	36.3834	36.3608	36.1233	36.267700000000005	36.3119	36.4627	36.3746	36.682700000000004	36.4715	36.6088	36.1459	36.185	36.2066	35.8882	36.016999999999996	36.274499999999996	36.0913	36.4131	36.3608	36.2724	36.1261	36.2479	35.8958	36.0387	35.9632	35.7108	35.7544	36.032	35.6018	35.8852	35.6461	35.6586	35.322900000000004	35.4545	35.3339	35.2429	35.161300000000004	35.5323	35.205799999999996	35.247299999999996	35.3308	35.118	35.1891	34.9792	34.9394	35.0971	34.922799999999995	35.0865	35.0336	34.9529	34.827999999999996	35.1015	34.612500000000004	34.944399999999995	34.6619	34.7306	34.5834	34.801700000000004	34.7161	34.6899	34.6943	34.772999999999996	34.638600000000004	34.6723	34.4207	34.6169	34.5514	34.6599	34.6742	34.461000000000006	34.4165	34.928	34.3759	34.7724	34.1069	34.3536	34.2547	34.5043	34.605799999999995	34.6403	34.7889	34.4809	34.7817	34.4282	34.430899999999994	34.5285	34.4113	34.104099999999995	34.4891	34.2642	34.1299	34.8658	34.4337	34.284	34.732600000000005	34.5948	34.2413	34.815400000000004	34.421	34.781800000000004	34.845	34.7017	34.9083	34.5769	33.9655	34.2822	35.444199999999995	35.057500000000005	34.5285	34.99	34.7202	35.5573	35.343	35.9165	35.4146	34.7766	34.8549	35.119299999999996	35.0431	36.1028	34.884	35.978300000000004	35.4684	35.5265	35.139399999999995	36.3555	34.9277	36.176199999999994	36.6174	36.2064	36.3341	36.3328	37.1125	37.0042	35.4369	35.7172	36.6083
Sor-ACeb_004-Ex1-11E-lcwgs-1-2-L2-clmp.r1r2_fastp	48.031600000000005	37.1359	36.9813	35.532799999999995	36.3276	35.518499999999996	35.397600000000004	35.9296	36.7832	35.4837	38.823800000000006	38.541599999999995	37.7077	37.2807	37.5415	37.0825	37.4894	37.094300000000004	37.3068	37.6838	37.5885	37.4617	37.756	37.3399	37.5284	37.2656	37.283699999999996	37.2421	37.4802	37.0809	37.5381	37.3718	37.5221	37.2193	37.2413	36.891	37.0286	36.903000000000006	37.086200000000005	36.823699999999995	37.1571	36.8641	36.998599999999996	36.7329	36.9012	36.397800000000004	36.803200000000004	36.3859	36.2398	36.4688	36.3715	36.4638	36.417899999999996	36.1519	36.3735	36.1252	36.302	35.828199999999995	35.9527	36.0173	36.247299999999996	35.7502	36.134100000000004	35.981	36.0397	35.942299999999996	35.8592	35.3727	35.9153	35.3745	35.7936	35.6352	35.4712	35.381099999999996	35.9664	35.1633	35.3673	35.147099999999995	35.700900000000004	35.4546	35.565799999999996	35.4009	35.645900000000005	35.0848	35.3657	34.7636	35.344500000000004	35.1338	35.6656	35.6205	35.5696	35.4828	35.9823	35.7889	36.1813	34.840900000000005	35.997099999999996	35.5281	35.6427	35.8209	36.6358	35.851499999999994	36.219	35.7639	36.3821	36.046099999999996	36.4811	36.1456	37.3051	36.3328	36.850500000000004	35.9952	36.509	36.439899999999994	36.558	37.013600000000004	37.7717	37.3591	37.9546	37.1163	37.297999999999995	37.317	38.1898	37.8014	38.3606	38.7127	38.0488	39.1594	39.1065	39.2497	38.398700000000005	38.5076	38.9284	38.8392	38.788	39.1688	39.9048	39.8664	40.7041	39.8905	41.013	39.0287	41.221000000000004	41.0819	41.0512	40.8987	39.8238	41.2596	40.136300000000006	39.7534
Sor-ACeb_004-Ex1-11E-lcwgs-1-2-L3-clmp.r1r2_fastp	47.953	37.4118	36.9952	35.6095	36.5612	35.7374	35.5545	36.1568	36.8701	35.4849	39.0777	38.6907	37.6643	37.2538	37.5829	37.067099999999996	37.5002	37.2924	37.508599999999994	37.811	37.918600000000005	37.7564	37.8368	37.2331	37.404700000000005	37.2717	37.3737	37.256099999999996	37.451299999999996	37.081199999999995	37.6417	37.2453	37.471	37.3352	37.2878	37.021	37.2697	36.9732	37.0039	36.850100000000005	37.1711	36.948100000000004	37.0842	36.4967	37.0207	36.3808	36.8185	36.4009	36.267700000000005	36.34	36.487	36.345	36.3765	35.916	36.1168	36.1171	36.4342	35.9927	36.1184	35.797200000000004	36.3687	35.8442	35.7783	35.7721	35.8439	35.334199999999996	35.8377	35.262	35.584199999999996	35.381099999999996	35.896	35.5265	35.7914	35.6448	35.493900000000004	35.5589	35.251900000000006	35.2625	35.1597	35.253499999999995	35.8089	35.0353	35.5443	34.686299999999996	35.2312	34.6858	35.214800000000004	35.3948	35.8465	35.5421	35.3133	35.3548	35.942	36.0595	35.8529	35.5659	36.4095	35.311	36.1617	35.8734	36.0192	35.6537	36.125800000000005	35.863299999999995	36.4983	36.2872	36.7744	35.6948	36.2297	37.6815	37.9503	36.755500000000005	37.5181	36.4792	36.254	37.1323	36.885200000000005	37.1411	37.4768	36.468	37.8077	37.7473	37.4848	36.7861	38.0468	39.1927	37.9317	38.011	39.3835	37.9024	39.556200000000004	39.846	39.3443	38.5778	39.7354	40.8071	40.8808	39.3617	40.3644	39.387899999999995	39.394800000000004	40.8219	39.799099999999996	38.724199999999996	40.3795	41.0062	40.0	39.895599999999995	40.3232	39.3966
Sor-ACeb_005-Ex1-12E-lcwgs-1-2-L2-clmp.r1r2_fastp	51.302400000000006	41.6228	39.7809	38.8167	39.7341	38.9759	38.217600000000004	39.914300000000004	39.928399999999996	39.135	42.296800000000005	41.4964	40.8271	40.7498	40.2607	40.2771	40.7615	40.3099	40.6586	41.2507	40.7171	40.1624	41.1477	40.1531	40.2911	40.4877	40.0875	40.675	40.2584	40.2982	40.3309	40.7218	40.3941	40.498400000000004	41.0982	40.0812	40.4728	40.708299999999994	40.1902	40.1292	40.7025	40.4741	40.152300000000004	40.5808	39.8087	40.3604	40.295700000000004	39.923500000000004	40.6608	40.1421	40.116099999999996	39.9344	40.3804	40.1285	40.5657	40.3129	40.930299999999995	39.7514	40.4221	40.0758	40.4462	40.9869	39.754	40.4869	40.4317	40.387699999999995	40.574799999999996	40.685300000000005	39.953	40.5019	41.5379	40.7369	41.4796	40.9825	40.8497	41.335300000000004	41.634100000000004	41.2655	41.2586	42.6443	41.993399999999994	42.2342	42.2354	42.3958	42.013	42.695899999999995	42.265	42.9491	43.492799999999995	42.795	43.514599999999994	44.0594	44.3001	43.981500000000004	45.1257	43.9894	44.4595	44.5008	44.649699999999996	45.0233	44.8816	44.5987	44.7964	46.3416	45.2235	45.5816	45.8555	44.976	46.0623	45.8499	45.7805	46.0779	46.6945	46.2733	46.664899999999996	47.3722	46.788000000000004	46.5917	47.389900000000004	47.5536	47.2286	47.1736	45.8239	47.4856	48.220600000000005	47.8798	48.0025	48.8504	47.9604	48.5228	48.752	48.0274	48.3137	48.92	48.702	48.5575	48.8208	48.7624	49.152699999999996	50.0736	48.8994	49.2405	49.8206	49.9675	49.8686	50.1467	49.912099999999995	50.280800000000006	50.9823	49.390499999999996
Sor-ACeb_005-Ex1-12E-lcwgs-1-2-L3-clmp.r1r2_fastp	51.9195	41.5812	39.9991	39.2629	40.3169	39.275999999999996	38.5792	40.1328	40.1941	38.739200000000004	42.5432	41.5659	41.2766	41.1473	40.731	40.6477	41.6053	40.2862	40.746300000000005	41.4585	40.8778	40.7113	41.3095	40.6346	40.4834	40.8559	40.0955	40.6631	41.171400000000006	40.2117	40.8187	40.746300000000005	40.7617	40.6205	40.9221	40.0409	40.5124	40.5991	41.0045	40.2632	40.8878	40.0494	40.700199999999995	40.7573	40.6617	40.0014	40.9078	39.9666	39.93	40.9615	40.3327	40.2977	40.983000000000004	40.3024	40.495999999999995	41.1272	40.1706	40.514	40.4623	40.148	40.5768	40.4064	40.213	40.4773	41.036899999999996	40.4229	40.8012	40.854099999999995	40.6146	40.6451	41.592	40.684	41.9677	41.661500000000004	41.1696	40.800399999999996	42.234899999999996	41.5205	41.4083	41.8442	41.950900000000004	41.9504	43.1276	42.5507	42.7195	43.0602	43.365700000000004	42.906499999999994	43.6421	42.7474	43.5458	43.788700000000006	43.8889	43.9295	44.4547	43.9229	44.5368	44.8266	44.4998	44.536300000000004	45.5072	44.99	44.953199999999995	46.008500000000005	44.9337	45.4447	46.220800000000004	45.7439	46.8555	47.0246	46.3598	45.4324	47.2412	46.1215	46.123999999999995	46.6745	47.0034	47.1356	48.3303	47.0696	47.9969	48.2839	47.3726	47.4614	49.4955	47.6913	47.490700000000004	48.4993	47.6878	48.419000000000004	49.6105	47.5358	47.9071	49.1271	49.3489	49.0098	50.3261	48.775	48.209999999999994	49.1907	49.667	49.053000000000004	50.279799999999994	49.1854	49.5906	50.236999999999995	49.2675	48.8474	50.8057	51.1227
Sor-ACeb_006-Ex1-1F-lcwgs-1-2-L2-clmp.r1r2_fastp	50.631099999999996	38.5641	38.994299999999996	37.575900000000004	37.8882	37.9087	37.0023	38.223600000000005	38.8381	37.3813	41.0656	40.4614	39.598499999999994	39.5192	39.2068	39.0993	39.4654	38.9175	39.2222	39.9442	39.5857	39.439800000000005	39.4987	38.9994	39.4244	38.897	39.122299999999996	38.5155	39.385999999999996	38.9482	39.2401	38.8202	39.9621	39.1165	39.1943	39.035199999999996	39.1123	38.2403	39.1751	39.1479	39.4608	38.7363	38.9182	38.8666	39.1235	38.4947	39.069900000000004	38.8998	38.7029	38.7222	38.3212	38.746199999999995	39.1796	37.8353	38.7699	38.5965	39.090399999999995	38.3796	39.0079	38.8151	38.3461	38.6671	38.8381	39.007999999999996	38.7609	38.4725	39.0017	38.362	38.5652	38.4949	38.7654	38.1124	38.2739	38.3889	38.8362	38.4221	38.2592	39.0492	38.3144	38.4512	38.6305	38.879999999999995	39.1025	38.3487	39.0025	39.1689	38.040400000000005	38.620599999999996	38.614599999999996	38.981	38.6812	38.4647	38.596399999999996	39.1132	38.8366	39.0521	39.0114	39.0924	38.606899999999996	37.904700000000005	39.2635	38.6599	39.3518	38.5593	38.8755	37.7739	39.8355	38.6537	39.729	39.496199999999995	40.2875	38.7613	39.952	38.1462	39.5516	39.5451	39.4643	39.2159	39.767	39.129000000000005	38.725	40.8802	39.635999999999996	40.8854	38.815	40.070299999999996	39.872	40.7587	39.8881	40.4154	41.7289	40.4728	40.388200000000005	40.510000000000005	38.4707	40.5298	39.9474	41.7022	39.643	40.311	41.2826	40.0682	43.205799999999996	41.713699999999996	41.4848	41.4599	40.6975	41.5109	39.7616	40.4715
Sor-ACeb_006-Ex1-1F-lcwgs-1-2-L3-clmp.r1r2_fastp	50.8027	38.618900000000004	38.81	37.1522	38.073499999999996	37.3956	37.383300000000006	37.9718	38.763799999999996	37.3309	40.8468	40.3168	39.5341	39.7375	39.5711	39.1212	39.8885	38.8808	39.746700000000004	39.4108	40.3722	38.8993	39.3862	39.053399999999996	39.1212	38.5789	38.9517	39.038000000000004	39.4848	38.9363	39.7714	39.1335	39.4663	39.3083	39.3709	38.8717	39.5547	38.329	39.0655	38.7297	39.2006	39.1019	38.6528	38.6455	38.9102	38.268	39.0482	38.933499999999995	38.397999999999996	38.7367	39.112	38.5197	38.331199999999995	38.8204	38.933499999999995	38.5259	39.2158	38.49	38.8405	38.1785	38.6332	37.7385	38.479400000000005	38.7847	38.926100000000005	38.2477	38.8548	38.385200000000005	38.466899999999995	38.055699999999995	38.974	38.3286	38.589400000000005	38.3621	38.957	38.3573	38.7934	38.1161	38.0316	38.2631	38.5133	38.5943	38.0907	38.5002	38.518	38.5002	38.5453	38.4888	39.3181	38.3682	39.1411	38.3947	39.4054	38.083099999999995	38.9404	38.6464	39.1616	38.798300000000005	39.1331	38.076	39.028	38.914500000000004	38.1205	39.393899999999995	39.036500000000004	39.1826	39.9231	38.858	39.36	39.4915	38.2518	38.7792	39.6849	39.0006	39.8876	40.041700000000006	39.1316	39.6203	39.0668	39.1875	39.0623	39.0659	39.7359	40.7913	40.889900000000004	40.0894	40.9275	40.2844	40.165	38.5488	40.1544	40.178599999999996	39.9671	39.6876	41.0941	39.4655	41.2623	40.0161	41.5315	40.5761	41.0011	39.0202	39.3078	40.9711	41.2381	41.4137	40.9102	41.664699999999996	40.740700000000004	40.5133
Sor-ACeb_007-Ex1-2F-lcwgs-1-2-L2-clmp.r1r2_fastp	52.6734	38.9949	37.7222	37.0334	37.905899999999995	36.666	36.364200000000004	37.3155	37.945299999999996	35.9116	40.0184	39.7822	39.1327	38.384800000000006	39.1262	38.6735	38.2471	38.1421	38.5751	37.8928	38.7391	38.3914	38.3914	38.2405	38.4439	38.8769	37.3417	38.1618	39.1065	38.3455	38.811299999999996	37.8994	38.6407	38.8254	38.6812	37.7251	38.4244	37.9372	37.845	37.059799999999996	38.1548	38.15	38.3825	38.097500000000004	38.2158	37.7401	37.4965	37.8081	37.6059	37.3632	37.7006	37.5028	38.2968	37.2256	38.4687	38.568599999999996	38.4725	37.7499	37.8543	37.3508	38.0002	38.256499999999996	37.6708	37.934400000000004	38.0479	37.2665	38.7245	37.2164	37.1571	36.8563	37.857400000000005	37.6633	37.8851	37.0116	38.025999999999996	36.69	38.9339	37.0919	38.296	38.969300000000004	37.6319	37.5767	39.0899	37.4633	37.891200000000005	37.810700000000004	38.3108	37.7982	38.8498	38.4363	37.0595	38.1837	37.775	37.4302	38.5053	38.824	38.7438	37.2868	38.5017	38.1001	38.2716	37.8367	38.9409	38.0826	37.7581	37.864799999999995	38.5599	37.626599999999996	38.140800000000006	38.2793	37.7727	38.6282	37.5623	37.966899999999995	38.3965	36.9783	37.659	38.6494	37.8063	38.0403	38.4708	37.235	36.9701	38.226	38.5085	38.819700000000005	39.123200000000004	38.7338	38.001400000000004	38.0802	37.6563	38.3557	37.3068	37.851	38.7872	37.5532	39.5101	40.104600000000005	39.3208	38.7781	41.814299999999996	39.982800000000005	40.0088	40.8707	41.5009	39.2939	38.9149	38.6494	39.4698	38.3942
Sor-ACeb_007-Ex1-2F-lcwgs-1-2-L3-clmp.r1r2_fastp	51.694300000000005	38.079800000000006	38.4162	37.0464	37.9716	36.7099	36.4636	36.788	38.650600000000004	36.3735	40.3869	39.6059	40.2668	38.939	38.6085	38.320100000000004	39.1252	37.6112	38.0678	38.4583	39.0111	38.1699	39.1553	37.7133	38.2	37.7914	38.0978	37.8995	39.3415	38.0618	38.4283	38.0017	38.4643	38.2181	37.9024	37.2402	37.764199999999995	38.3882	38.2608	37.4923	38.1796	37.6152	39.000099999999996	38.073499999999996	37.7499	38.0804	37.5681	37.8973	38.1466	37.3422	37.7342	38.6609	38.0195	37.371500000000005	38.245400000000004	38.8374	37.723800000000004	37.385200000000005	37.697900000000004	37.3075	38.257999999999996	38.252399999999994	37.3879	37.9142	37.6965	37.6898	37.6745	37.0342	38.1502	37.5405	37.8952	37.7521	38.0839	37.5976	37.464999999999996	37.7894	37.7376	37.662800000000004	37.5124	37.5113	37.7474	37.1944	38.8457	38.0371	36.770199999999996	37.711099999999995	37.4631	36.9108	36.4623	37.4386	37.5148	38.1105	38.5563	38.2917	38.222699999999996	38.0081	38.6098	38.0576	37.2468	37.4863	38.3882	38.5307	38.803399999999996	38.601	38.8697	38.1031	37.5317	39.0591	38.6955	38.076	36.76	37.5176	38.9651	38.2901	39.0457	39.299299999999995	38.1347	38.3844	38.9128	39.2033	38.485200000000006	38.739000000000004	37.5398	39.251000000000005	40.125899999999994	39.6383	38.7953	38.704499999999996	38.8599	39.9537	40.480199999999996	39.4337	38.8967	39.0747	38.8006	38.8214	40.8647	41.0619	41.468199999999996	40.9109	40.0244	40.1989	37.7843	38.896	40.1654	38.7168	40.0	39.963	40.1425	38.231
Sor-ACeb_008-Ex1-3F-lcwgs-1-2-L2-clmp.r1r2_fastp	49.5307	36.006	35.9846	34.516799999999996	35.2711	34.2983	34.0261	34.450399999999995	35.3118	34.3261	38.257999999999996	37.2381	37.4588	36.591	36.3853	36.111	36.1603	35.9696	36.2974	36.7667	36.696	36.430299999999995	36.5095	36.2203	36.173100000000005	36.0124	36.1667	35.9739	36.2074	35.9974	36.106700000000004	36.2803	36.651	36.0733	36.546	35.903	36.1934	35.7168	36.2707	35.7857	36.4474	35.5552	36.146499999999996	35.849	36.0039	35.0792	35.768499999999996	35.7335	35.4983	35.8301	36.0401	35.7263	35.8349	35.8334	35.2978	35.6089	35.6539	35.4122	35.169200000000004	35.0636	36.004999999999995	35.5298	35.258	35.7049	35.2831	35.513600000000004	35.510999999999996	35.601	35.6891	35.1689	35.6499	35.5066	35.8076	35.3964	35.4816	35.490300000000005	35.8672	34.9138	35.5627	35.5611	35.171	36.234899999999996	35.8127	35.8191	35.6464	35.188399999999994	35.5155	35.4632	35.7271	35.361599999999996	36.0301	35.776799999999994	36.517300000000006	36.2179	35.0835	36.1768	35.8292	36.3786	36.100300000000004	36.7031	36.3941	35.376000000000005	36.2091	36.464800000000004	35.749700000000004	36.8944	36.560700000000004	37.2772	36.436099999999996	36.1102	37.5304	36.1326	37.3001	35.6622	38.0652	37.2198	36.4826	37.3602	37.5683	36.8398	37.3762	36.9677	37.810700000000004	37.31	37.5314	37.5535	36.446600000000004	38.4574	37.1039	38.2814	37.9397	38.3994	38.5314	37.4076	38.4906	39.2077	38.9035	38.4425	39.5466	39.2539	36.983700000000006	38.8424	39.3848	39.676	38.2622	38.8399	38.4259	39.429199999999994	37.755100000000006	37.8275
Sor-ACeb_008-Ex1-3F-lcwgs-1-2-L3-clmp.r1r2_fastp	48.8427	36.475	36.475	35.179	35.1009	34.6873	33.9183	35.2143	35.6833	34.4503	38.1947	37.7736	37.0197	36.3086	36.1952	35.9884	36.351499999999994	36.268299999999996	36.7146	36.4347	36.6768	36.4675	36.979299999999995	35.9304	36.4977	35.7337	35.6001	35.9128	35.9607	35.726200000000006	36.2809	36.2834	36.4675	36.1143	36.5815	35.8925	36.3173	35.5802	36.1235	35.7305	36.2911	35.7752	35.6201	36.045500000000004	35.7346	36.05	35.8589	35.8042	35.5792	35.1781	35.8178	35.086099999999995	35.901300000000006	35.4141	35.8473	35.1152	35.983900000000006	35.2008	36.012	35.4319	35.532399999999996	35.5394	35.6649	35.8128	35.4504	34.9294	35.2359	35.6206	35.431400000000004	35.2045	35.1377	35.7373	35.0159	35.780699999999996	35.7729	35.5118	34.8123	35.7256	35.7801	35.3667	35.9767	35.4839	36.1244	35.7296	35.7719	35.1715	35.5916	35.2761	35.739399999999996	35.5413	35.555	35.7402	36.574200000000005	35.9146	36.3975	36.4794	36.200700000000005	35.7654	35.9246	36.092600000000004	36.314	36.0212	36.6205	36.3211	36.6807	37.0158	36.5353	37.0772	36.582	36.5536	35.7711	37.1255	37.0376	37.3841	37.1557	36.640699999999995	36.7257	37.2105	37.5698	37.268699999999995	38.0236	37.5709	36.5604	37.9607	39.4643	37.9074	37.7832	37.801899999999996	38.4899	38.8928	36.1492	37.7569	37.7603	39.0784	38.0609	39.7436	37.9041	38.365100000000005	38.123000000000005	37.9751	39.0881	38.859500000000004	38.9206	38.2496	39.448299999999996	38.8945	38.6238	40.1413	37.0116	38.5135
Sor-ACeb_009-Ex1-4F-lcwgs-1-2-L2-clmp.r1r2_fastp	48.182	36.5075	36.6763	34.714099999999995	36.127700000000004	34.699999999999996	35.339999999999996	35.2767	35.8394	35.1994	38.111	37.9844	37.8859	36.9857	37.9352	36.3598	37.9211	36.289500000000004	37.471	36.7677	37.365500000000004	36.5567	36.4653	35.9238	36.4794	36.7325	36.296499999999995	36.430099999999996	36.1769	36.3528	36.3528	36.5497	35.9941	36.4085	36.6321	36.437799999999996	36.991099999999996	35.953	36.4234	36.2652	35.8572	35.8959	36.2681	35.506	36.1499	36.436800000000005	36.129400000000004	35.2988	36.1754	36.1821	35.9609	35.598	36.5683	36.5655	35.9946	36.371199999999995	36.1658	36.0308	36.0909	35.2184	36.0747	35.7279	35.7493	35.4406	34.672599999999996	36.3679	36.5851	34.9002	34.9724	35.498400000000004	36.3587	35.3538	36.427	35.1493	35.8111	36.7469	34.6437	35.464800000000004	34.3383	35.8243	36.2575	35.143299999999996	35.0947	35.1145	34.685100000000006	35.8251	33.5693	36.665	34.6804	34.9176	36.317	36.260799999999996	35.503	35.1924	36.3176	36.1463	35.6592	33.2565	35.822700000000005	34.024	36.8761	36.1235	35.681000000000004	37.4757	33.9575	35.766799999999996	35.9272	33.1805	36.5155	35.903800000000004	36.4744	36.5321	36.0354	35.2983	36.1214	36.140899999999995	34.4498	35.376999999999995	34.9565	35.1768	36.3894	34.12	36.7556	36.4706	37.2937	35.9268	36.3962	35.9453	35.9375	36.07	35.1389	38.1295	35.0825	35.625	38.374	37.1237	35.4059	37.3665	40.2214	37.9845	38.5859	39.666000000000004	33.4773	34.009	34.5708	38.2927	40.6484	37.244899999999994	36.5079	35.393299999999996
Sor-ACeb_009-Ex1-4F-lcwgs-1-2-L3-clmp.r1r2_fastp	48.107499999999995	37.6105	37.0011	34.434799999999996	35.2759	34.9841	34.9326	35.584900000000005	35.396100000000004	35.1815	39.1984	37.9452	37.9538	36.9925	36.4261	36.7522	36.3059	36.1943	36.9839	36.9754	36.9067	37.1814	36.941	36.769400000000005	37.1728	35.9626	35.7995	35.971199999999996	36.5291	36.0827	37.4303	36.6149	36.9754	36.955799999999996	35.8709	35.585	36.7707	35.8017	36.5251	35.7623	36.310199999999995	36.201499999999996	35.8722	35.9812	36.8788	35.7614	35.964	35.2059	35.707899999999995	35.4656	35.671	35.2183	35.945	35.876799999999996	35.6254	35.8441	35.9581	35.9139	35.6093	34.8458	35.3526	34.9471	35.9769	36.290800000000004	34.0148	35.829	35.3596	34.730199999999996	36.0925	36.8879	35.9729	35.5629	35.5966	35.682199999999995	34.9952	35.5841	35.443000000000005	35.3346	35.0202	35.0689	34.2933	37.967600000000004	35.5468	34.963100000000004	33.815200000000004	36.2832	36.0061	35.2847	34.2667	34.8595	34.7292	35.496	34.4814	35.7172	34.6753	33.8302	36.478300000000004	35.3142	33.7227	36.7055	35.5568	37.3487	35.2977	34.5351	35.7284	34.6154	34.7202	37.9747	36.5759	35.2033	36.6864	36.5875	37.0674	37.2881	34.117599999999996	37.0787	36.7975	39.759	33.8235	35.5893	37.019200000000005	36.770199999999996	38.0769	36.290299999999995	36.592200000000005	37.518	36.1991	34.2636	38.56	37.2517	38.1944	38.1462	33.6431	35.8382	40.400000000000006	36.1746	36.501099999999994	39.0519	37.4408	40.6404	41.4948	35.4839	38.8102	38.840599999999995	37.1601	36.6771	35.6688	38.6667	35.0694	34.5324
Sor-ACeb_010-Ex1-5F-lcwgs-1-2-L2-clmp.r1r2_fastp	49.9811	36.878899999999994	38.3197	36.4864	37.783699999999996	36.2027	36.4392	37.024	37.9083	36.521100000000004	40.031499999999994	40.037800000000004	38.5325	38.657000000000004	38.4663	37.9981	38.3023	38.1731	38.332300000000004	38.3591	38.7878	38.5845	38.925	37.763200000000005	38.5041	38.2314	38.0911	38.574999999999996	38.4773	37.9114	38.8304	38.2677	38.2771	38.507400000000004	38.5243	38.3697	38.2031	38.040600000000005	38.3128	38.1965	38.3106	37.9899	38.365500000000004	38.176300000000005	38.239000000000004	38.3552	37.7334	38.0274	37.842999999999996	37.5226	37.7714	38.006	37.791999999999994	37.907999999999994	38.2135	37.9511	37.626	37.6361	37.5739	37.448100000000004	37.8998	37.8001	37.5815	37.5566	37.580000000000005	37.8416	37.7951	37.7363	37.5501	37.6411	37.9645	37.404700000000005	37.784800000000004	37.569599999999994	37.6803	37.942	38.048300000000005	37.3545	37.4621	37.1796	37.6929	37.7797	37.439499999999995	37.4782	37.120599999999996	37.4361	37.452999999999996	37.8537	38.2811	37.3208	37.5745	38.164300000000004	37.971199999999996	38.3118	37.8506	38.271300000000004	38.4369	38.2948	37.7263	37.561	39.254	37.6969	38.955600000000004	37.9115	38.8618	38.9923	38.5064	38.377	39.0599	38.325199999999995	38.9514	38.4697	39.2411	39.042300000000004	39.0389	39.782000000000004	39.2099	38.4028	40.149699999999996	38.9309	39.8279	39.5833	39.6038	40.3419	40.3306	41.5091	41.3594	41.489399999999996	41.024300000000004	41.5953	41.6819	40.8511	40.7315	41.2102	41.2788	41.6804	41.559000000000005	41.9952	43.3861	41.6686	42.897400000000005	41.6146	42.0276	41.3033	42.9011	43.5911	42.7922	42.674299999999995	43.1088	42.8988
Sor-ACeb_010-Ex1-5F-lcwgs-1-2-L3-clmp.r1r2_fastp	49.823	37.1264	38.3726	36.5762	37.2357	36.565799999999996	36.3662	37.317299999999996	37.744299999999996	36.5397	40.2246	40.0076	39.0513	38.2095	38.7423	38.697199999999995	38.5323	38.3674	38.4091	38.5531	38.7145	38.841300000000004	38.9142	38.4889	38.905499999999996	38.6226	38.0567	38.318799999999996	38.6364	38.2043	39.2943	38.1747	38.7319	38.7309	38.798899999999996	38.1672	38.2004	38.3901	37.8573	38.3416	37.9964	38.229800000000004	38.3967	38.2605	37.8643	38.0868	38.448	37.9942	37.571799999999996	38.2173	38.2708	37.6382	38.3906	37.6907	38.0514	37.8767	38.2694	37.9523	37.8176	37.6899	37.9584	37.8701	37.730799999999995	37.6911	37.9689	37.386599999999994	37.5047	37.4876	37.8523	37.546400000000006	37.834	37.6308	37.6942	37.6507	37.5681	37.406099999999995	37.4492	37.6001	37.665	37.609500000000004	37.2891	37.5	38.4494	38.3551	37.8256	38.2448	37.5918	37.9354	38.5511	37.7997	38.1606	38.1888	38.0662	37.6949	38.4183	38.283	38.9128	37.5444	38.378299999999996	37.5739	38.649899999999995	38.1197	37.7186	38.601	38.6395	38.404500000000006	38.474799999999995	39.3136	38.752700000000004	39.1059	39.8329	37.8405	39.4886	39.2136	39.3488	40.8182	38.9601	39.1686	39.534000000000006	39.441500000000005	40.2971	40.7237	40.0557	41.1748	39.5345	40.955999999999996	40.3786	40.070899999999995	41.3501	41.0029	41.1971	40.535700000000006	42.2793	40.543600000000005	40.972500000000004	41.0129	41.944700000000005	41.6422	42.3052	41.2709	42.029300000000006	42.5477	43.0221	42.804500000000004	43.216100000000004	43.253	43.5239	43.1457	42.8846	42.1323
Sor-ACeb_011-Ex1-6F-lcwgs-1-2-L2-clmp.r1r2_fastp	54.816500000000005	41.608200000000004	41.096199999999996	40.0422	40.8252	40.1626	39.5732	40.8123	41.1221	39.229	44.2112	42.8774	42.6494	42.0987	42.0428	41.3587	42.550399999999996	41.646899999999995	42.2106	42.1589	41.5265	41.7545	42.0987	40.962900000000005	41.8319	41.634	41.4792	41.591	41.6297	41.6642	42.2923	41.2942	42.2149	41.267399999999995	41.6588	41.533500000000004	42.072500000000005	41.4929	41.298899999999996	41.61	41.3491	41.7641	42.3466	41.538000000000004	41.8553	41.0024	41.9452	41.2376	41.4452	41.3547	41.7241	41.3044	41.7448	41.9496	42.5146	41.530699999999996	41.8341	41.814099999999996	41.599599999999995	41.6549	42.3382	42.2663	42.0364	42.3118	42.3797	41.4833	42.2398	42.3667	41.7729	41.477199999999996	42.444199999999995	42.465199999999996	42.8269	42.6128	42.5846	42.1837	42.7669	42.2757	43.3341	42.5339	42.7682	41.9385	44.0505	42.9067	43.2306	43.886399999999995	43.1523	44.0977	44.4192	42.8611	43.383300000000006	43.899100000000004	43.9489	44.376599999999996	44.900800000000004	44.2764	43.750499999999995	44.2622	43.7052	44.5083	44.6465	43.3328	44.7412	44.6321	44.832	44.743	45.7138	44.768299999999996	44.626	45.9437	44.3107	45.8306	45.704299999999996	45.484	45.494800000000005	46.5132	45.5093	46.3142	46.8347	46.013	45.739000000000004	46.7096	45.8565	45.7298	47.0538	46.0729	47.0769	46.197300000000006	46.204699999999995	47.063500000000005	47.2013	47.0622	45.9743	48.533100000000005	46.9931	47.5431	47.6508	48.1223	47.5608	47.212900000000005	47.3485	47.449000000000005	49.1106	47.2186	48.714600000000004	48.8215	47.2263	48.4562	48.7249	48.1574
Sor-ACeb_011-Ex1-6F-lcwgs-1-2-L3-clmp.r1r2_fastp	54.8067	41.9578	41.017199999999995	40.045500000000004	41.4151	40.154	39.895599999999995	40.7846	41.0947	39.7405	44.1183	43.834	42.976	42.2938	42.976	41.316900000000004	42.7589	41.2291	41.7252	42.5109	42.577999999999996	41.8079	41.994	41.870000000000005	41.8183	42.045700000000004	41.347899999999996	41.239399999999996	42.0612	41.7924	41.3531	42.247299999999996	41.9682	41.5973	42.3356	41.3763	41.8887	41.8233	41.9883	41.603899999999996	42.315999999999995	41.7004	42.201100000000004	42.168	41.9018	41.5698	41.8259	42.0697	41.777300000000004	41.340900000000005	41.7145	41.0823	42.6579	42.0003	41.7236	42.308800000000005	41.5937	41.7836	42.1158	41.623	41.9272	42.1104	42.154199999999996	41.9379	42.4491	41.8684	42.8207	42.6641	41.1573	42.4619	42.1881	42.9802	42.3114	42.6113	42.4283	42.2008	43.3191	43.0051	42.857099999999996	42.802099999999996	42.8736	42.3217	44.0977	43.296600000000005	43.8805	43.9547	43.1822	43.1321	44.022299999999994	44.456	44.2594	44.2676	43.4834	44.4516	44.4745	44.0465	44.1596	45.034400000000005	44.4891	44.8334	45.319700000000005	45.3951	43.9573	43.9375	44.5686	44.101099999999995	46.169	44.114399999999996	45.5169	45.9138	44.6336	45.8744	45.996700000000004	45.246700000000004	46.2812	45.9523	46.4548	45.291599999999995	46.911199999999994	44.7436	45.7954	47.1163	46.1887	45.9722	47.3763	44.8247	47.7193	46.1787	46.9484	47.1731	47.517399999999995	46.8874	47.659099999999995	46.443	46.529399999999995	46.8408	46.874500000000005	47.3357	48.2878	48.7526	47.9685	47.3137	48.4019	48.2878	47.692099999999996	48.856	48.5147	48.5513	48.2053	48.2862
Sor-ACeb_012-Ex1-7F-lcwgs-1-2-L2-clmp.r1r2_fastp	48.7324	35.68	36.3825	34.9113	35.7371	34.2896	34.4153	34.4503	35.5021	34.6192	38.0078	37.488899999999994	36.9006	36.3906	36.444500000000005	35.879	36.6721	36.0871	36.2299	36.9593	36.393100000000004	36.3572	36.892399999999995	36.0879	36.4804	36.1703	36.111599999999996	36.2568	36.275600000000004	36.0202	36.5302	36.2071	36.566900000000004	36.327999999999996	36.6845	36.038199999999996	36.3091	35.916599999999995	36.1139	36.213	36.033100000000005	36.0652	36.4837	35.904399999999995	36.2319	35.9917	36.0334	35.9595	35.722300000000004	35.659400000000005	36.1254	36.0323	36.137	35.6893	35.8968	36.271100000000004	36.175200000000004	35.5091	35.8301	35.5018	35.7645	35.4891	35.858000000000004	35.706199999999995	35.9948	35.422799999999995	35.8994	35.5206	35.484500000000004	35.208600000000004	35.7112	35.5317	35.7057	35.328199999999995	35.7837	35.4007	35.6324	35.6269	35.4341	35.4343	35.930499999999995	35.2635	35.6657	35.485699999999994	35.5405	35.5579	35.462199999999996	35.673899999999996	35.8455	35.3645	35.3195	36.1019	36.0533	35.5697	35.666	35.531800000000004	36.407000000000004	35.4512	35.8201	36.0282	35.5341	36.2992	35.742000000000004	36.0204	36.146499999999996	35.5971	36.450900000000004	36.5957	36.206500000000005	36.173100000000005	36.579699999999995	35.9561	36.248999999999995	36.6378	36.7566	37.4012	36.7746	36.3553	36.446	36.7966	36.819	36.8205	37.203199999999995	37.4489	37.2134	37.6952	36.6466	37.8994	38.257000000000005	38.0668	37.561099999999996	37.872499999999995	38.8156	37.414500000000004	38.5371	38.8086	38.7258	38.5152	38.8821	40.1731	38.8102	38.9235	39.8271	39.0659	39.8001	39.4559	40.1895	40.0173	39.3893	39.2972
Sor-ACeb_012-Ex1-7F-lcwgs-1-2-L3-clmp.r1r2_fastp	48.6296	35.5709	36.6754	34.6626	35.716300000000004	34.5767	34.5123	34.6762	35.4207	34.6704	37.8433	37.4062	36.778800000000004	36.3349	36.5661	36.0188	36.5398	36.1329	36.573	36.619800000000005	37.0413	36.399300000000004	36.732	36.1642	36.025600000000004	36.2637	36.048	36.051899999999996	36.5447	36.0441	36.5544	36.29	36.4744	36.3191	36.5721	36.2665	36.3049	35.9782	36.1232	35.809400000000004	36.2248	36.1124	36.322700000000005	35.9897	36.3039	35.9217	36.331	35.748999999999995	36.0401	35.7159	35.8795	36.101	36.139700000000005	35.5311	36.2051	35.7678	36.1171	35.6884	36.0165	35.5935	36.1282	35.436	35.8547	36.2014	35.5673	35.5244	35.7014	35.4538	35.7229	35.3771	35.9623	35.381	36.0027	35.481	35.6278	35.6931	35.414899999999996	35.5953	35.5605	35.7298	35.653400000000005	35.6404	35.7769	36.2403	35.8144	36.370400000000004	35.7711	35.7215	35.9411	35.3639	35.485499999999995	35.6243	36.0603	35.3792	36.2663	35.8398	35.8176	36.0652	36.2238	35.7395	36.257600000000004	35.8557	36.390499999999996	36.2551	35.741099999999996	36.246	36.1893	36.1821	36.6775	35.7254	36.6298	36.329299999999996	36.791000000000004	36.156	36.550399999999996	36.7149	36.193599999999996	36.2287	36.4953	37.2806	37.126999999999995	36.8319	37.7082	37.060900000000004	37.257400000000004	37.2091	37.573499999999996	37.2354	36.634699999999995	37.6022	37.6245	37.9509	37.069	38.4049	38.3071	38.644	37.551899999999996	38.2996	38.7636	38.7101	37.9903	39.1556	38.2353	39.382099999999994	38.2629	39.386700000000005	38.5787	40.7507	39.455200000000005	38.9986
Sor-ACeb_013-Ex1-8F-lcwgs-1-2-L2-clmp.r1r2_fastp	54.3105	43.223299999999995	41.4178	40.9991	42.047000000000004	40.942299999999996	40.1258	41.3737	41.8155	40.7234	44.913	44.5574	43.1454	43.404199999999996	42.9371	42.3879	43.311699999999995	42.2111	42.5983	43.1896	42.6972	42.7498	43.3011	42.6236	42.6383	42.983399999999996	42.762499999999996	42.3479	42.7393	42.3921	42.8361	43.1875	43.0465	43.0987	43.0702	42.8755	42.647800000000004	42.6982	42.6342	42.091499999999996	42.5272	42.385400000000004	42.9145	42.949799999999996	42.4867	42.4906	42.775200000000005	42.564600000000006	42.5517	43.1641	42.8171	42.606300000000005	43.5865	42.7888	42.7457	43.1511	42.752	42.7693	43.4795	42.939699999999995	43.4942	43.4286	42.8	43.0515	43.3162	43.1023	43.390299999999996	43.5345	43.4101	43.169200000000004	43.817699999999995	43.8306	44.404199999999996	44.2697	43.6296	43.9767	44.5925	44.4063	44.2025	44.455099999999995	44.5361	44.7172	45.4837	45.5588	45.051	45.5641	45.4929	45.6541	46.1188	45.811099999999996	45.983000000000004	46.632400000000004	45.8685	46.5057	47.0864	46.320699999999995	46.9897	47.5425	46.9189	47.0617	47.625499999999995	47.6042	47.3458	48.2053	47.6384	47.4049	48.3302	47.666599999999995	48.6651	48.7249	48.4454	48.9742	48.9381	48.6214	48.5993	49.9608	48.8639	49.083	49.395	49.4018	49.614799999999995	50.394000000000005	50.1594	49.7919	51.169200000000004	49.3862	50.7084	50.7099	49.799	50.3194	52.1705	50.3296	50.8208	51.6306	50.697	50.9664	51.534800000000004	50.697199999999995	50.909499999999994	52.19780000000001	50.8722	52.5713	52.6852	51.397400000000005	52.436499999999995	52.5204	51.5941	52.3003	51.7355	51.1575
Sor-ACeb_013-Ex1-8F-lcwgs-1-2-L3-clmp.r1r2_fastp	54.2447	42.6874	40.9864	40.737899999999996	41.5793	40.8984	39.9275	41.952099999999994	41.8977	40.5722	44.2718	44.3443	43.3061	43.2777	42.446600000000004	42.120400000000004	43.0861	42.5968	42.501	43.5469	42.7417	42.443999999999996	42.959199999999996	42.2006	42.356	42.503600000000006	42.0971	42.5398	42.5217	42.5372	42.4518	43.140499999999996	42.9333	42.2244	42.6316	42.7255	42.0104	42.7326	42.598200000000006	42.3413	42.6106	42.5673	42.5361	42.6093	42.393	42.1461	42.8529	42.5303	42.1185	42.1582	43.188500000000005	42.478100000000005	43.254999999999995	42.2864	42.3922	43.4799	42.148	42.3894	42.729800000000004	42.6716	42.3959	43.222300000000004	42.5301	43.2244	43.3222	42.9707	43.7304	43.355700000000006	43.1411	43.1898	43.5443	43.302099999999996	43.7404	43.8116	43.6877	44.0435	44.6942	43.984	44.7024	45.2104	43.8654	44.481500000000004	45.0432	44.7069	44.1113	45.217600000000004	45.041599999999995	45.9908	45.787299999999995	45.6354	45.6615	46.9618	45.4613	46.2909	46.5503	46.1486	46.5662	47.490300000000005	46.605999999999995	46.9199	47.5601	46.313500000000005	48.2359	48.1171	47.9123	47.9457	47.658899999999996	48.2423	48.004400000000004	48.696600000000004	47.9914	48.519	48.6981	48.4434	49.1541	48.768899999999995	48.6923	49.6133	49.931599999999996	49.0891	50.3718	50.137600000000006	49.6851	49.736799999999995	50.667899999999996	49.7324	50.0981	50.5865	49.793	50.4216	50.5442	50.2708	49.9409	51.280499999999996	50.40559999999999	50.5868	51.308699999999995	49.9923	51.2051	51.8281	51.3669	51.7613	52.736700000000006	51.405199999999994	51.6826	51.956599999999995	51.01369999999999	51.804700000000004	53.47	52.1868
Sor-ACeb_014-Ex1-9F-lcwgs-1-2-L2-clmp.r1r2_fastp	50.192499999999995	37.6812	38.0036	36.0942	37.6655	36.5418	36.4948	37.027	37.5528	36.5418	40.5015	39.963100000000004	39.1304	38.013000000000005	38.3855	38.182	38.9395	38.1695	38.573299999999996	38.9301	38.8393	39.024	39.171099999999996	38.3573	38.592	38.423	38.1319	38.3604	39.0584	38.1663	38.8518	38.6734	38.639	39.3262	38.637	38.3179	38.562200000000004	38.234	38.3986	37.9758	38.413799999999995	37.8368	37.6958	38.0713	38.4135	37.923899999999996	38.527899999999995	37.5974	38.1883	37.9629	38.3615	38.209700000000005	38.4515	37.7706	38.0203	38.6804	38.8716	37.572	38.4842	38.184200000000004	37.8571	38.1195	38.2027	38.5702	38.0642	38.6305	38.5797	38.3568	38.3121	37.9167	38.717400000000005	37.9334	38.9704	38.0784	38.0353	37.7251	39.2939	38.8632	39.502500000000005	39.705600000000004	39.3598	38.9462	39.2217	38.5842	39.9717	39.1678	39.6991	39.7455	40.8136	38.9564	40.706900000000005	39.8526	40.0057	40.0959	40.8643	40.0475	41.3713	41.7906	41.268100000000004	40.5677	41.755399999999995	42.627700000000004	41.734100000000005	43.0648	42.287	42.7974	42.246	41.7847	42.613800000000005	43.3043	42.9303	42.823	44.0556	43.0964	43.278299999999994	44.3245	43.1917	44.0588	45.4498	43.2307	45.4529	46.0126	44.2887	45.2248	45.7474	45.345600000000005	45.9878	46.0291	46.0254	46.6351	45.704299999999996	46.7553	46.9928	46.5127	47.266000000000005	48.202099999999994	46.966499999999996	48.3684	47.7017	48.2878	47.745	48.3525	48.7206	47.686299999999996	47.8042	49.0217	47.706900000000005	48.5015	49.4003	48.1492
Sor-ACeb_014-Ex1-9F-lcwgs-1-2-L3-clmp.r1r2_fastp	49.9936	37.812	38.0911	35.931999999999995	37.5008	36.4485	36.1566	37.4944	37.751000000000005	36.432500000000005	40.9111	39.5476	39.0407	38.399100000000004	38.7488	38.2804	38.3093	38.428000000000004	38.411899999999996	38.973400000000005	39.258900000000004	38.2162	38.9413	38.2611	38.399100000000004	38.7648	38.739200000000004	38.1072	38.5338	38.2451	39.0375	39.2108	38.8162	38.5095	38.9071	38.289899999999996	38.5229	38.1378	38.1832	38.157799999999995	38.4202	38.4175	38.6985	38.629400000000004	38.3428	38.206	38.4476	37.725500000000004	37.7785	38.1287	38.419599999999996	37.7415	38.8183	38.0191	38.5243	37.869	38.1991	37.688	38.1411	37.6008	38.8694	37.9446	38.5407	38.2516	38.5991	38.0148	38.6527	37.9681	37.7722	37.932500000000005	38.4839	38.6901	37.7583	38.478699999999996	38.2734	38.9455	39.0069	39.4171	38.629599999999996	39.4972	38.3515	38.6959	39.561600000000006	38.6532	39.5789	39.4982	39.5573	40.2361	39.5945	39.8374	40.4996	40.1741	40.1021	40.4013	41.2365	41.1867	40.2754	41.7938	41.637800000000006	42.0956	41.7843	40.6366	41.5831	42.3267	40.469899999999996	41.3534	42.7544	42.192099999999996	42.1087	43.7273	41.6563	42.3979	43.1195	43.9132	43.0712	44.3135	43.6426	43.9013	44.951299999999996	43.7252	45.11	45.3165	44.2077	45.0287	46.070899999999995	43.9747	47.077799999999996	46.5219	45.6109	46.1982	46.2798	44.8765	47.0662	46.7317	46.786	47.836600000000004	47.567	47.4342	47.0737	48.0234	48.977199999999996	47.2793	50.098	48.842400000000005	48.702400000000004	48.4355	48.917	48.4485	49.709900000000005	46.6359
Sor-ACeb_015-Ex1-10F-lcwgs-1-2-L2-clmp.r1r2_fastp	49.4593	36.559000000000005	37.2282	35.598400000000005	37.0173	35.9416	35.395199999999996	36.896499999999996	36.9195	35.6157	39.8014	38.896300000000004	38.231	37.5772	37.621300000000005	37.2455	37.5235	37.6596	37.6596	38.2598	37.864799999999995	37.6328	37.694100000000006	37.471700000000006	37.7325	37.251200000000004	37.5484	37.5446	37.7938	37.5446	37.8686	37.5522	37.5944	37.376	37.730399999999996	37.4114	37.5178	36.8318	37.5991	37.1666	37.978	37.364000000000004	37.635400000000004	37.3736	37.7045	37.3111	37.022	37.079699999999995	36.975	37.2381	37.2265	37.1385	37.2224	36.8153	37.3253	37.2014	37.2801	37.3886	37.2615	36.7398	37.2009	37.2396	36.9286	37.1719	37.03	36.8776	37.4525	36.5861	36.8253	36.6323	37.391999999999996	37.024	37.1101	37.3142	36.939899999999994	37.2639	37.0829	37.052099999999996	37.0604	37.148399999999995	37.2842	37.4332	37.675399999999996	37.5105	37.6781	37.795	37.236200000000004	37.4324	38.0214	37.0266	37.0683	37.5587	37.4326	37.6031	38.3786	36.9499	38.1768	38.0952	37.512	37.8225	37.411899999999996	38.2842	37.6731	38.6019	39.1123	38.248	38.530300000000004	38.2864	38.1288	38.1226	39.420899999999996	38.3287	39.311299999999996	38.9305	38.8658	39.9857	38.7468	38.7216	39.7185	39.2526	39.270300000000006	40.3024	38.6361	40.0548	41.2366	40.1164	40.5336	40.0147	40.8268	40.0436	41.8371	39.777	40.9833	41.6955	42.3015	41.1111	41.9403	41.47	43.283300000000004	42.7554	42.9977	42.9743	43.3554	42.5248	43.9972	42.745400000000004	43.4444	44.2668	45.4569	44.6746
Sor-ACeb_015-Ex1-10F-lcwgs-1-2-L3-clmp.r1r2_fastp	49.2723	36.5593	37.392399999999995	35.7287	36.140499999999996	35.8925	35.796499999999995	36.5336	36.805	35.5204	39.2643	39.067800000000005	37.9399	37.7948	37.4953	37.5421	37.6521	37.628699999999995	37.2894	37.858000000000004	37.486000000000004	37.836999999999996	37.9984	37.1537	37.8955	37.556200000000004	37.6942	37.0648	37.7457	36.936099999999996	38.0312	37.6193	37.851	37.6695	37.9627	37.472699999999996	37.8093	36.8473	37.3455	37.1547	37.8325	36.9987	37.658500000000004	37.2408	37.7233	36.755700000000004	37.6778	37.1855	36.8689	37.0897	37.157000000000004	37.0705	37.3137	37.0449	37.7267	36.865500000000004	37.613	36.7679	36.9279	36.8292	37.1693	37.0441	37.1721	36.8197	36.8902	36.748	36.9417	36.607299999999995	36.5149	36.9629	37.189499999999995	36.7113	37.3696	36.806400000000004	37.5892	36.4591	37.328	36.8506	37.134499999999996	37.214999999999996	36.6351	37.243300000000005	37.7086	37.3407	37.2881	37.7743	37.3114	36.7996	37.5884	37.2251	37.9228	37.4557	36.9749	37.9253	38.2748	37.7758	37.985400000000006	36.9532	37.5047	37.9495	37.8303	38.6476	37.850699999999996	38.9235	38.5377	38.223400000000005	38.5114	38.703199999999995	37.971700000000006	38.3401	38.5251	39.5831	40.318	38.874700000000004	38.1649	40.0572	39.3096	39.532000000000004	39.5762	39.1928	40.1648	40.4639	38.853	40.3987	41.8005	40.193200000000004	39.8442	40.2273	40.0038	40.691300000000005	39.987899999999996	42.154199999999996	40.6544	42.376999999999995	41.2446	40.962199999999996	43.8596	42.2514	42.6456	42.6922	42.1321	42.025400000000005	43.916199999999996	42.217	43.3721	43.8373	44.1925	42.8118	43.8642	43.5654
Sor-ACeb_016-Ex1-11F-lcwgs-1-2-L2-clmp.r1r2_fastp	50.444	38.901599999999995	39.4445	37.9989	38.9829	38.0999	38.235400000000006	39.135799999999996	39.568	37.7673	41.8448	41.084700000000005	40.3852	39.9542	40.2538	39.3352	40.281800000000004	39.6066	40.183099999999996	40.2317	40.3175	39.9215	40.429700000000004	39.7707	40.0747	39.8717	39.7598	39.705600000000004	40.027	39.739999999999995	40.263	39.8614	40.2099	39.7543	40.049800000000005	39.7633	39.834	39.4491	39.881899999999995	39.418	39.847100000000005	39.4587	39.684599999999996	39.515	39.824799999999996	39.2849	39.6926	39.394600000000004	39.3138	39.28	39.5556	39.1115	39.5993	39.0434	39.4798	39.2036	39.3306	39.0436	39.2241	38.8207	39.2887	38.7676	38.9157	38.873799999999996	39.176899999999996	38.6254	38.9979	38.8165	38.9046	38.6078	38.8642	38.8942	38.8803	38.3544	38.9024	38.6104	38.7793	38.6962	38.574000000000005	38.784600000000005	38.610299999999995	38.412	38.5137	38.210899999999995	38.212	38.5691	38.5452	38.0115	39.589600000000004	38.7303	39.2746	39.469	39.2773	39.6473	39.8856	39.9668	40.2359	40.1059	40.4046	39.9015	40.3461	40.521499999999996	40.7457	40.0437	40.4426	39.8292	40.8171	40.4193	40.647800000000004	40.3862	41.2654	40.5537	41.6727	40.212900000000005	41.5796	41.5046	41.236	41.120200000000004	41.9081	41.9556	42.3132	41.467	43.2267	41.076	43.1513	42.0862	42.6543	42.5	43.2172	42.1973	43.2868	42.8945	43.9553	42.775400000000005	44.2297	43.008	43.7329	43.4071	44.121700000000004	44.364	45.004	43.803799999999995	44.695800000000006	43.7805	44.7283	45.9207	45.131	44.4409	46.9647	43.995
Sor-ACeb_016-Ex1-11F-lcwgs-1-2-L3-clmp.r1r2_fastp	50.3531	38.8035	39.3919	38.0938	39.109	38.0685	37.997	39.158	39.6479	37.675399999999996	42.0454	41.184599999999996	40.2434	40.0081	39.833800000000004	39.4779	40.3261	39.5266	40.0193	40.2262	40.1385	39.838699999999996	40.408500000000004	39.5589	40.2949	40.0863	40.0582	39.7756	40.247899999999994	39.6381	40.1525	40.0186	40.260200000000005	39.7445	40.1563	39.777	39.9056	39.7306	39.856	39.3896	39.9328	39.4325	39.8984	39.5455	39.7517	39.2709	39.7271	39.251599999999996	39.3189	39.2945	39.4559	39.2425	39.495200000000004	39.075700000000005	39.2712	39.397	39.363	39.043499999999995	39.3536	38.817	39.1216	38.8611	38.9977	39.129599999999996	39.0917	38.8415	39.2024	38.1788	39.0196	38.521	38.9544	38.786300000000004	38.8288	38.5734	38.8223	38.439499999999995	38.924	38.6207	38.695	38.9897	38.72	38.4644	38.973	38.695299999999996	38.911	38.4869	38.6401	38.3405	38.9795	38.7402	39.073600000000006	39.0523	39.372800000000005	39.8848	39.989799999999995	39.07	40.33	39.7292	40.2308	40.3518	40.5648	39.6539	40.778999999999996	40.5819	41.0244	40.8165	40.3513	41.0464	41.117599999999996	40.7759	40.6029	40.5254	41.9538	40.3533	41.8765	41.7502	42.3446	40.720099999999995	41.7425	41.0882	42.7659	42.8809	42.486200000000004	42.815999999999995	42.708200000000005	41.7142	42.7879	42.6522	43.3077	42.753	43.4724	43.6377	43.8621	43.3046	44.3394	42.839	44.1517	43.5105	43.6669	43.8875	43.8486	44.3504	45.7835	45.0114	45.6706	44.5981	44.1865	44.351400000000005	46.4829	44.3961
Sor-ACeb_017-Ex1-12F-lcwgs-1-2-L2-clmp.r1r2_fastp	48.9552	38.8004	38.3301	37.4289	38.1878	37.4708	37.4225	38.2545	38.4285	37.514399999999995	40.7212	40.3775	39.448899999999995	39.151799999999994	39.1569	38.6025	39.4229	38.5105	39.3502	39.1728	39.322	39.0689	39.5597	38.9133	39.129999999999995	38.8756	38.9227	39.008199999999995	39.2142	38.5674	39.1719	39.2835	39.3275	39.0756	39.041399999999996	38.7346	38.9761	38.8438	38.7553	38.650099999999995	38.7969	38.4826	38.777699999999996	38.5868	38.7295	38.4287	38.5807	38.2283	38.4905	38.4243	38.3386	38.2113	38.7899	38.0278	38.2917	38.3211	38.2725	38.0531	38.193599999999996	38.068999999999996	38.2931	37.688500000000005	38.230599999999995	38.1205	38.1845	37.7147	38.1613	37.967	37.9834	37.756699999999995	38.0525	37.844100000000005	38.061099999999996	37.994099999999996	38.061	38.0293	38.2396	37.527100000000004	38.063900000000004	37.956	38.1025	37.849	37.6673	38.1233	38.339600000000004	38.3576	37.8945	38.2073	38.3416	38.1862	38.4828	38.233200000000004	38.4691	38.4724	38.772800000000004	38.1114	38.2204	38.8082	39.0739	38.6603	39.382099999999994	38.8306	38.4992	39.436	39.7197	38.7215	38.9151	39.2434	39.5719	39.6052	39.488299999999995	39.4834	40.8955	39.6938	40.097500000000004	40.7684	39.679700000000004	39.9459	40.787099999999995	39.9462	40.482099999999996	40.3412	40.4131	41.0319	41.457699999999996	40.833999999999996	41.5687	41.772999999999996	42.0468	41.6691	41.754799999999996	41.8464	41.6815	43.0454	42.775999999999996	42.1688	42.9384	43.5024	42.9172	43.6318	43.2162	43.5454	43.7903	44.3258	45.0145	44.1243	43.977199999999996	44.8532	44.2463	43.9807
Sor-ACeb_017-Ex1-12F-lcwgs-1-2-L3-clmp.r1r2_fastp	48.7857	38.8301	38.5338	37.4458	38.274	37.607	37.3353	38.292500000000004	38.6196	37.3877	40.748400000000004	40.3081	39.472	39.3206	39.1955	38.694	39.2871	38.8891	39.181	39.2413	39.5706	39.1603	39.2963	39.002700000000004	39.0348	39.0634	38.816	38.9613	39.1757	38.8697	39.1515	39.353100000000005	39.110099999999996	39.1065	39.187	38.998	38.8176	38.6777	38.7093	38.6885	38.7505	38.6955	38.7641	38.7205	38.7265	38.4974	38.7264	38.5099	38.2076	38.4573	38.197399999999995	38.5387	38.769	38.2198	38.3421	38.6074	38.3256	38.2087	38.5334	37.9547	38.214	38.0965	38.0805	38.1287	38.2154	37.9569	38.3295	38.053599999999996	38.055099999999996	37.7852	38.2549	38.2759	38.095099999999995	38.065	38.1023	37.9795	38.4724	38.0274	38.0569	38.0379	38.3093	37.7792	38.5189	38.01	38.0781	38.4874	38.4682	38.1295	38.6834	38.1089	38.3816	38.9148	38.4908	38.598	38.634299999999996	38.7607	38.768299999999996	38.9228	38.8285	39.0746	39.2312	38.9791	39.2833	39.393899999999995	39.0249	39.0948	39.929500000000004	39.501	39.5647	39.9265	40.077200000000005	39.6218	40.384	40.055	39.8092	40.6084	40.2142	39.997	40.570299999999996	39.7343	40.9914	41.1557	41.019299999999994	40.8028	40.9772	41.300399999999996	41.7314	41.987	40.747	42.2906	42.6352	41.4977	43.0829	43.405	41.8404	43.0533	43.087599999999995	42.5626	43.5781	44.2068	43.256299999999996	43.3274	44.1773	43.074200000000005	44.1479	45.2245	44.000299999999996	44.4999	45.130700000000004	44.6992
Sor-ACeb_018-Ex1-1G-lcwgs-1-2-L2-clmp.r1r2_fastp	49.7691	37.3269	37.7951	36.224000000000004	37.0752	36.0971	35.6813	36.2393	37.073	35.5675	39.3203	39.0074	37.8936	37.4078	37.852000000000004	37.5763	37.615700000000004	37.4319	37.8061	37.606899999999996	37.8258	37.224000000000004	37.7579	37.3094	37.5544	37.6792	37.4406	37.6113	37.8827	37.2021	37.3487	37.8017	37.7601	37.318	37.5583	37.395	37.903999999999996	37.288700000000006	37.1298	36.9523	37.5343	37.431	37.2003	36.8216	37.4964	37.4034	37.351800000000004	36.9766	37.344	37.4268	37.3534	36.8759	37.4308	37.2337	37.201699999999995	37.7919	37.4261	37.2448	37.471700000000006	37.5641	37.3191	37.1451	37.1315	37.022800000000004	37.0344	37.1697	36.818400000000004	37.1313	37.2166	37.1325	37.3072	36.567499999999995	37.4394	37.0583	37.2234	37.1588	37.2252	36.6503	37.107299999999995	37.5862	37.4674	36.910399999999996	36.9804	36.3804	37.4035	36.7881	36.609700000000004	36.9967	37.3738	37.1019	37.3632	37.7378	36.655	37.4847	37.1161	37.3761	37.743900000000004	37.3925	37.0121	37.254599999999996	37.156299999999995	36.763200000000005	37.460300000000004	37.424800000000005	37.6811	36.709399999999995	37.2476	37.108200000000004	38.0184	37.2992	37.332300000000004	36.8716	37.4564	37.263200000000005	37.580000000000005	37.7459	37.674800000000005	36.7194	37.7068	37.2635	37.2933	37.358999999999995	37.9043	38.3328	37.3818	38.4622	37.5057	37.7311	38.083099999999995	37.4964	38.4214	38.0438	37.7548	38.665699999999994	38.2921	37.6214	39.1638	38.4562	40.1622	38.792	39.2488	38.963	38.3945	38.9158	39.1414	39.057199999999995	39.2412	38.3624	37.7684	38.6322
Sor-ACeb_018-Ex1-1G-lcwgs-1-2-L3-clmp.r1r2_fastp	49.8496	37.570100000000004	37.9666	36.038599999999995	37.622499999999995	36.2209	35.6944	36.6585	37.1644	35.8403	39.5893	38.9854	38.399699999999996	37.654399999999995	37.9598	37.613400000000006	37.7456	37.729600000000005	37.6339	37.9871	38.0145	38.1923	38.1239	37.2647	37.105199999999996	37.9963	37.570100000000004	37.7342	37.7091	37.3604	37.715900000000005	38.1171	37.5587	37.6143	37.9788	37.2097	37.4143	37.2228	37.3774	37.6286	37.1406	37.1967	37.4821	37.8132	37.4942	37.438700000000004	37.391000000000005	37.289	37.2616	37.2573	37.5096	37.3112	37.5133	37.0693	37.522	37.5511	37.7594	37.2733	37.5834	37.1289	37.4133	37.0771	37.2828	37.0837	37.1517	36.9845	37.2468	37.249500000000005	36.9346	36.8275	37.156800000000004	37.2209	37.149	37.3474	37.4252	37.0649	37.170500000000004	37.093900000000005	37.6277	37.3239	37.0711	36.7726	37.546099999999996	37.2386	37.2933	37.1933	37.1475	37.1353	36.8979	37.344500000000004	37.167699999999996	37.3129	37.35	37.4225	37.376599999999996	37.6114	37.6586	36.906800000000004	37.4013	37.0776	36.646	37.0289	37.320100000000004	37.507000000000005	36.8832	37.0309	37.6581	38.3942	37.2111	37.2929	37.1879	37.3001	37.5633	36.5918	37.5073	37.9082	36.7628	37.2852	38.101	37.2753	37.791599999999995	37.7438	37.3622	38.148900000000005	37.1434	38.1697	37.5626	38.141799999999996	37.2232	39.237	38.695	37.8346	38.3322	39.0818	38.4944	38.496900000000004	38.221500000000006	38.1386	38.0779	38.824	39.5114	38.9247	39.0291	38.393699999999995	38.0803	39.7432	37.9562	38.813700000000004	39.604099999999995	38.7284
Sor-ACeb_019-Ex1-3G-lcwgs-1-2-L2-clmp.r1r2_fastp	52.844800000000006	38.130900000000004	36.2207	35.6855	36.681799999999996	35.0432	34.7468	35.142	35.5373	35.6031	38.7732	38.270900000000005	37.4475	37.5298	35.9572	36.41	36.6159	36.69	36.443	37.1923	37.3405	36.9288	36.7394	36.7065	36.755900000000004	36.2948	35.2738	36.1713	36.4018	36.4018	37.0193	36.039500000000004	36.6406	36.2512	36.2654	36.418499999999995	36.5767	36.058099999999996	35.7184	36.554199999999994	35.7622	35.9089	36.2609	36.4199	36.2267	36.1917	35.600500000000004	35.895700000000005	36.1867	36.8046	36.074	35.9629	36.188199999999995	35.5556	36.355399999999996	36.1593	36.0481	36.6168	36.1033	35.6708	36.798700000000004	36.4341	36.1323	35.620200000000004	36.7188	35.517199999999995	36.5671	34.787099999999995	36.0088	36.0354	35.4196	36.3428	36.187799999999996	35.376999999999995	36.0527	35.7407	36.8963	36.69	35.6505	37.5597	35.4229	36.2246	36.1275	36.125299999999996	35.5573	34.943200000000004	37.0223	36.3268	36.355900000000005	35.9994	36.4823	36.5574	36.9156	35.447	36.9992	35.4859	35.612	35.7839	38.04	35.841	37.0937	36.0708	37.3607	36.0293	36.2957	35.9627	36.989	35.655300000000004	37.88	36.1156	36.2923	36.3866	37.0497	35.4867	36.700500000000005	37.3934	36.2868	36.6636	37.2993	35.9221	35.993199999999995	35.7498	37.4969	37.1042	36.4275	36.953599999999994	38.6229	36.468	38.7517	37.8028	37.0751	37.3729	37.1564	36.0301	36.7971	37.8859	37.087599999999995	38.5982	38.067099999999996	36.782399999999996	37.9966	37.8529	36.6087	38.6888	36.1345	36.6244	37.2155	36.8827	37.4902	35.7143
Sor-ACeb_019-Ex1-3G-lcwgs-1-2-L3-clmp.r1r2_fastp	52.755399999999995	38.0726	37.0847	35.3317	35.0799	34.963699999999996	34.092	36.145300000000006	35.8547	34.7312	38.7409	37.6174	37.1235	37.385000000000005	36.8523	36.0097	36.5908	36.8426	36.4843	37.4818	36.678	36.6489	37.2203	35.7869	36.600500000000004	35.5642	36.523	36.145300000000006	37.7337	35.8838	36.339	35.8063	36.9007	36.7753	36.3866	36.682900000000004	37.1089	35.552299999999995	37.1997	35.7059	36.4425	36.703599999999994	36.7511	36.4807	36.5587	35.6617	36.5896	35.173300000000005	35.6672	36.577	34.8395	35.335100000000004	37.3336	35.4426	36.944300000000005	36.3517	35.4803	35.5747	35.7981	35.8439	36.2284	35.7035	35.9858	36.8333	35.7651	36.1305	36.1937	35.343599999999995	36.8065	36.531000000000006	35.9685	36.5181	35.112700000000004	35.8918	35.6712	36.4598	35.6031	34.7066	36.1308	36.8348	35.8529	36.8018	35.9629	35.8634	36.850100000000005	36.800399999999996	35.4229	35.3339	36.1529	35.766999999999996	36.9074	37.1379	36.839	36.2842	37.8007	37.4768	36.895	36.3037	36.6566	36.3298	36.7556	37.3788	36.601	38.1653	36.4801	36.8497	36.5488	35.3604	37.5349	35.563	35.9465	36.3128	39.270300000000006	36.1813	36.9989	37.485800000000005	36.8238	36.5294	37.739200000000004	37.0968	38.0791	36.721199999999996	37.488	36.4763	36.8247	36.5993	38.9098	37.3435	37.2258	36.7853	37.445299999999996	37.6725	38.339	39.5528	37.5834	37.1463	37.2414	36.464800000000004	38.805299999999995	37.835499999999996	38.8527	38.916000000000004	37.817	39.9167	39.1284	38.0907	36.4568	36.5032	37.981700000000004	35.4123
Sor-ACeb_020-Ex1-2G-lcwgs-1-2-L2-clmp.r1r2_fastp	53.868	37.5709	37.8417	34.489399999999996	36.3589	35.043800000000005	34.657	35.018100000000004	36.6039	34.760200000000005	39.853	38.3187	38.602399999999996	36.6297	36.5137	37.0552	37.0681	35.018100000000004	36.8618	36.2429	37.880399999999995	35.9077	37.4807	35.9077	37.5193	36.010799999999996	35.869	36.5137	37.1712	35.6369	36.591	36.2945	36.8489	35.9799	37.6875	36.4013	37.1068	36.5319	36.702400000000004	36.3243	37.0058	36.0821	35.7732	35.6454	37.190200000000004	35.5941	35.727	36.1456	36.011700000000005	35.6295	35.965	35.7102	36.2892	36.0413	37.288399999999996	35.991099999999996	36.2387	35.042	36.358000000000004	36.086800000000004	37.409	35.4865	36.782900000000005	35.269800000000004	36.1652	34.7663	36.351099999999995	35.9019	35.8507	35.512	36.1173	36.096000000000004	37.745200000000004	35.721199999999996	38.0377	34.7124	37.2485	35.3138	37.5641	35.760999999999996	36.208	35.5848	37.9981	36.9303	36.5971	36.1561	36.5591	37.2283	37.1212	37.897	36.6512	36.6906	36.7697	36.460100000000004	39.771699999999996	35.8294	37.9697	36.996	36.639500000000005	36.094300000000004	38.4115	36.478	38.051899999999996	35.8983	36.455799999999996	36.3733	36.8611	37.7973	37.29	38.271100000000004	37.2398	36.8586	35.566199999999995	37.1753	38.7881	37.72	37.7021	34.1232	37.5218	36.6103	37.613400000000006	35.2806	39.2239	37.9621	40.1354	38.42	38.7048	38.516600000000004	38.0729	35.684	37.5875	36.1066	37.0309	38.6697	38.2016	37.2951	36.043	37.7049	36.920199999999994	34.9276	36.626	37.278099999999995	37.608599999999996	37.3297	39.226499999999994	38.7142	38.0242	37.7168	37.343199999999996	33.9022
Sor-ACeb_020-Ex1-2G-lcwgs-1-2-L3-clmp.r1r2_fastp	53.4853	38.020399999999995	37.0126	35.7289	36.1848	35.7049	36.1728	35.6929	36.9166	35.069	38.3683	38.6923	36.700700000000005	38.1884	37.5765	36.652699999999996	37.8884	37.2046	37.6485	37.2286	37.0126	37.744499999999995	36.9646	35.9448	36.7247	37.4685	36.9046	36.5087	36.2208	37.744499999999995	36.7606	36.1968	36.9766	36.7207	36.553999999999995	37.919000000000004	35.5865	36.997099999999996	37.3042	34.9013	35.4547	36.1637	37.6251	36.6629	36.6104	36.986599999999996	36.284	35.8532	36.53	36.5432	36.4362	35.429300000000005	36.344300000000004	35.6999	37.6293	36.222100000000005	37.0597	35.823	37.094	34.548899999999996	36.554700000000004	36.2443	36.599599999999995	36.568400000000004	35.7788	36.9927	36.774699999999996	35.6569	35.8003	35.7284	37.1006	36.9323	37.142399999999995	36.8935	35.763400000000004	36.4942	37.3807	37.7168	36.9578	37.187599999999996	36.060900000000004	36.3805	37.3116	37.191	37.4728	35.9859	35.4359	36.8663	36.6698	38.217800000000004	36.964999999999996	36.7654	36.551	36.6512	36.7992	37.798	35.7357	36.539500000000004	37.4257	37.654900000000005	37.036	36.168299999999995	36.9175	37.7014	37.2604	36.357800000000005	37.3902	36.288199999999996	36.7602	38.21	36.229299999999995	37.1685	38.638	36.1584	37.2312	36.4126	38.2537	37.1749	38.5306	36.356100000000005	38.123400000000004	37.7472	38.5758	37.114799999999995	37.5512	37.6623	38.8915	37.7248	35.8165	36.1948	38.489000000000004	37.2407	37.4475	38.3262	37.520399999999995	39.014900000000004	34.362700000000004	37.1264	38.2284	36.7981	37.4083	37.562200000000004	35.8095	36.5979	38.8266	36.2593	38.0658	36.6128	36.501099999999994	38.3808
Sor-ACeb_021-Ex1-4G-lcwgs-1-2-L2-clmp.r1r2_fastp	48.628	36.6616	34.6799	34.9085	37.1189	34.7561	33.8415	33.9939	35.594500000000004	34.2226	36.9665	38.567099999999996	36.0518	35.3659	38.872	34.9848	37.3476	36.7378	35.061	35.5183	34.5274	36.5091	32.1646	35.061	34.7561	38.2622	34.375	37.271300000000004	35.3659	34.0701	38.1098	34.2988	36.814	35.9268	35.5997	36.1345	36.9349	34.1276	36.4969	34.210499999999996	33.592499999999994	35.5694	35.2941	36.113299999999995	35.6916	35.3551	36.1668	36.1514	37.8751	35.3519	34.8435	33.3333	35.004200000000004	34.4915	34.6484	34.1485	37.7107	34.2908	34.6014	37.5919	36.092999999999996	34.4015	37.2137	31.945800000000002	34.1223	35.6137	32.8893	37.5909	33.9683	35.4839	34.6112	34.602500000000006	37.1461	33.7572	32.6675	37.53	34.0295	32.5377	32.9065	36.2069	36.512299999999996	40.1961	35.5301	34.6939	35.2155	34.9231	34.6875	33.3866	37.091499999999996	33.7248	36.7876	36.5079	38.698	36.0294	40.0	34.6821	30.738500000000002	32.9939	33.4728	34.978500000000004	36.6667	33.7868	32.339400000000005	36.065599999999996	36.276799999999994	32.8467	42.1053	35.641	34.1085	32.3684	41.5301	35.1955	31.339	35.5685	38.988099999999996	36.391400000000004	37.3832	38.2637	36.3036	37.6271	38.6207	30.8511	39.2086	41.2409	41.2639	33.2061	39.2157	35.8871	33.3333	34.727999999999994	34.051700000000004	38.4956	38.5321	41.784	24.880399999999998	32.512299999999996	33.0	41.326499999999996	31.578899999999997	38.0435	34.2697	39.645	41.8182	37.8205	33.3333	34.6939	33.1034	36.6197	48.5507	35.8209
Sor-ACeb_021-Ex1-4G-lcwgs-1-2-L3-clmp.r1r2_fastp	52.4911	38.968	38.2562	33.0961	37.3665	35.6762	35.4093	37.3665	35.9431	33.8078	36.032	36.4769	37.4555	36.3879	38.6121	37.6335	37.0107	37.5445	35.7651	36.2989	37.3665	34.252700000000004	37.5445	35.7651	38.1673	34.8754	36.4769	37.9004	36.8327	36.7438	35.2313	35.7651	36.21	36.5984	38.502700000000004	36.7621	37.7798	33.9623	36.0685	35.9673	35.525099999999995	34.9398	37.8378	38.3318	36.6383	36.2857	38.3061	36.0078	37.8085	36.4271	36.858000000000004	38.9002	36.5424	39.7692	34.0788	37.364999999999995	35.6674	32.4084	37.4439	36.2187	35.178799999999995	33.3725	37.6951	36.4532	36.9347	34.4872	37.5162	35.4194	37.6374	35.8543	36.1702	36.7583	35.5755	30.381700000000002	33.956399999999995	34.5541	36.1426	36.2438	39.6959	38.7263	37.7425	30.575499999999998	35.2294	35.338300000000004	36.9231	33.8614	38.3984	32.196200000000005	32.7434	32.0455	34.8028	34.0476	37.2263	36.409000000000006	31.958799999999997	37.4005	33.6957	35.0829	32.4022	33.0484	39.193099999999994	38.643100000000004	31.002999999999997	34.984500000000004	36.6242	34.6535	35.473	34.1297	34.0278	37.992799999999995	34.328399999999995	38.5496	31.746000000000002	32.7869	36.25	36.5957	33.766200000000005	34.821400000000004	38.0734	40.3756	37.4408	37.198100000000004	37.931	35.678399999999996	39.4872	37.3684	37.7049	32.2222	37.8531	30.232599999999998	38.6905	35.9756	31.4465	32.2148	36.7347	37.415	39.726	36.879400000000004	39.7059	35.5556	30.5344	35.199999999999996	41.8033	38.5246	26.2712	32.4561	37.5	28.828799999999998	33.945	38.4615
Sor-ACeb_022-Ex1-5G-lcwgs-1-2-L2-clmp.r1r2_fastp	53.081900000000005	41.2239	38.8427	38.535799999999995	39.5119	38.8759	38.1216	39.171800000000005	39.171800000000005	38.7207	41.9597	41.578900000000004	40.5916	40.9798	39.9963	40.1368	40.8948	40.573100000000004	40.2256	41.0131	40.1627	39.8743	40.3217	40.1109	40.0629	40.7025	39.804	39.9778	40.5768	40.3513	41.272	40.5768	40.3476	40.0681	40.849999999999994	39.7395	40.193400000000004	40.0067	40.190599999999996	40.2032	40.4034	39.6692	40.2206	40.3292	40.2783	40.2492	40.2476	40.003899999999994	40.0694	40.5091	39.4563	40.448499999999996	41.1748	40.0314	40.5799	41.1254	40.9456	40.780499999999996	40.9536	40.160000000000004	41.487899999999996	41.4307	40.5499	40.564099999999996	41.6078	40.3157	40.807900000000004	41.6816	41.2464	40.958600000000004	41.9399	41.4181	42.114200000000004	41.6681	42.0404	42.342	42.6048	42.1946	42.6498	42.9732	42.844300000000004	43.1956	42.7836	43.383500000000005	42.9146	44.1517	43.3111	44.4012	44.2933	44.3135	44.4281	46.3976	44.6191	44.9991	45.614399999999996	44.612899999999996	45.4438	46.6626	45.1749	46.9765	47.0713	46.1133	46.238099999999996	48.0765	46.3511	46.8449	47.339	46.3737	46.2128	47.5009	46.6962	46.9219	47.7005	47.6062	47.6947	47.6033	47.978	48.4261	48.2342	48.0078	48.7647	48.8134	49.1874	49.0975	50.0736	49.256	48.2504	48.173	47.8636	49.571	50.1027	49.3043	49.3767	50.352399999999996	48.5492	50.4019	50.4058	49.9572	50.1995	49.3762	48.39	51.1552	50.7919	49.9356	50.0745	50.8865	49.7806	50.742200000000004	50.1857	48.715399999999995
Sor-ACeb_022-Ex1-5G-lcwgs-1-2-L3-clmp.r1r2_fastp	53.4015	41.3646	39.6359	38.7736	40.2547	39.767599999999995	38.641799999999996	40.7218	40.1509	39.0211	43.288900000000005	42.0792	42.3746	41.676	41.160999999999994	40.642	41.7359	41.0891	41.5562	42.099199999999996	41.141	41.176899999999996	41.2089	40.8496	40.7977	40.9015	40.8096	40.9534	40.8296	40.6699	40.318599999999996	41.2328	40.921400000000006	39.8801	41.7717	40.6826	40.5531	41.1585	41.132400000000004	41.3615	41.2724	40.4784	40.621	41.111	40.4146	40.974	41.402899999999995	40.7067	40.9817	41.5535	40.9487	40.9809	41.727399999999996	40.8492	41.3761	42.167500000000004	40.7808	41.0536	42.0092	40.6235	41.0164	42.369800000000005	42.1083	41.597699999999996	42.182700000000004	41.801899999999996	41.514	42.1772	40.934799999999996	41.6821	43.191	42.681999999999995	41.72	43.7695	42.3649	42.5632	43.7652	43.192	42.4398	43.4509	42.646	43.815	44.358599999999996	43.9412	43.816300000000005	45.1219	43.9063	44.0056	44.8875	44.2905	44.7263	44.8515	44.3392	44.824000000000005	46.022200000000005	44.3048	45.982	46.593	45.9532	46.375699999999995	47.066900000000004	45.6679	46.208	46.7884	47.0588	46.5939	48.3129	45.9754	46.874	48.0399	46.6881	47.7622	47.5644	48.1064	46.9938	49.0717	48.7122	48.445	49.7054	48.0939	47.8478	47.8585	48.9914	50.224500000000006	49.290299999999995	48.9118	48.3585	49.700100000000006	49.111900000000006	49.6569	51.68390000000001	49.2315	49.095	50.472300000000004	50.70099999999999	49.8287	50.4799	48.9101	49.323	50.659699999999994	49.6789	51.0996	50.7166	49.2598	49.2244	50.6177	50.8439	50.8429	51.708600000000004	49.3593
Sor-CPnd_001-Ex1-3E-lcwgs-1-2-L2-clmp.r1r2_fastp	55.3888	38.1199	37.088300000000004	36.2261	37.1655	35.9692	34.9414	36.0927	37.0585	35.2526	40.117999999999995	39.1749	39.081900000000005	38.292300000000004	38.2937	37.5482	38.3373	37.6372	38.3241	37.992599999999996	38.5187	37.865	38.300200000000004	37.4963	37.803599999999996	37.5319	37.6171	37.326	37.8486	37.2603	38.0078	37.7119	37.8974	37.4747	37.870599999999996	37.3231	37.843700000000005	37.3255	37.6649	37.2003	37.9902	37.3287	37.839299999999994	37.5635	37.7415	37.235099999999996	37.6905	37.1139	37.6036	37.293	37.5836	37.2235	37.820100000000004	37.341800000000006	37.6289	37.481500000000004	37.6794	37.0983	37.6471	37.1291	37.717299999999994	37.3288	37.5364	37.236599999999996	37.8087	37.188700000000004	37.6106	37.2431	37.569	37.1126	37.6579	37.2965	37.6951	37.3945	37.4503	37.261300000000006	37.7648	37.1359	37.659	37.256	37.7267	37.336999999999996	37.7441	37.290800000000004	37.6271	37.3676	37.5612	37.1763	37.7218	37.156	37.668099999999995	37.5217	37.5913	37.4452	37.711299999999994	37.3002	37.6189	37.3718	37.5276	37.3802	37.729800000000004	37.2403	37.7331	37.4773	37.5859	37.383300000000006	37.6169	37.268299999999996	37.6374	37.3068	37.642900000000004	37.3413	37.6525	37.500699999999995	37.667899999999996	37.5955	37.6	37.3967	37.5492	37.312200000000004	37.7086	37.3995	37.6203	37.5054	37.817299999999996	37.6704	37.776900000000005	37.5445	37.711099999999995	37.4552	37.7457	37.5455	37.677699999999994	37.623400000000004	37.801899999999996	37.7276	37.9767	37.6449	37.8661	37.6836	38.04	38.0311	38.0907	37.9918	38.1252	38.135400000000004	37.998	37.9073	37.9073	37.2742
Sor-CPnd_001-Ex1-3E-lcwgs-1-2-L3-clmp.r1r2_fastp	55.219300000000004	38.1357	37.086000000000006	36.2072	37.316700000000004	36.1107	35.043	36.2775	37.2913	35.3794	40.0925	39.2594	39.1409	38.2682	38.3306	37.5672	38.3993	37.641200000000005	38.3965	38.0067	38.5783	37.891999999999996	38.2798	37.5292	37.9608	37.5062	37.714999999999996	37.319	37.9682	37.265100000000004	38.100699999999996	37.6466	37.9974	37.5413	37.9656	37.4195	37.9759	37.284	37.7957	37.3149	38.0386	37.332	37.8414	37.5471	37.6961	37.3058	37.7036	37.1174	37.6253	37.2624	37.6367	37.294	37.84	37.293	37.7241	37.4813	37.7406	37.141999999999996	37.7851	37.1773	37.7148	37.3762	37.6809	37.2815	37.8304	37.1314	37.6907	37.1471	37.5428	37.1735	37.7446	37.2361	37.715199999999996	37.5077	37.4976	37.4153	37.6913	37.168	37.734899999999996	37.2998	37.6994	37.235099999999996	37.7316	37.344699999999996	37.5981	37.4213	37.5158	37.1638	37.777	37.1779	37.709199999999996	37.370999999999995	37.6447	37.310900000000004	37.744299999999996	37.338300000000004	37.7581	37.329499999999996	37.5717	37.376599999999996	37.690200000000004	37.2776	37.5887	37.526700000000005	37.5592	37.3933	37.6438	37.2441	37.722699999999996	37.3097	37.6644	37.3412	37.8448	37.504	37.6625	37.6262	37.796	37.406	37.819	37.3148	37.7684	37.4586	37.5991	37.580799999999996	37.8003	37.4171	37.829	37.5108	37.7712	37.4375	37.8776	37.484	37.68	37.8046	37.849	37.6521	38.0	37.5509	37.835499999999996	37.6859	38.1261	37.8356	38.0154	37.9452	38.2185	37.9965	37.917899999999996	37.8011	37.956	37.1586
Sor-CPnd_002-Ex1-5E-lcwgs-1-2-L2-clmp.r1r2_fastp	54.819300000000005	40.015	37.9032	37.0695	38.056400000000004	36.8268	36.3408	37.449799999999996	38.4863	36.3418	41.0406	40.0214	39.9326	39.1264	39.2701	38.3619	39.2908	38.432	39.3115	38.7969	39.377	38.548300000000005	39.4226	38.399	38.9579	38.4499	38.651799999999994	38.1984	38.9779	38.248599999999996	39.041199999999996	38.6201	38.933800000000005	38.3488	38.9252	38.171699999999994	38.901	38.1244	38.6813	37.9485	38.8912	37.948	38.7349	38.3511	38.4112	37.9077	38.4529	37.8325	38.3772	37.9135	38.3492	37.8883	38.458	37.8594	38.3256	38.0429	38.292300000000004	37.7363	38.3973	37.6867	38.3933	38.0115	38.1174	37.8356	38.355	37.6715	38.2625	37.8751	38.2648	37.6525	38.513799999999996	37.7963	38.2675	37.8183	38.1511	37.8229	38.4088	37.569599999999994	38.367000000000004	37.9272	38.2715	37.9054	38.3863	37.6857	38.1228	37.943599999999996	38.0642	37.5725	38.3351	37.689699999999995	38.2333	37.961	38.250299999999996	37.8689	38.244	37.6141	38.1641	37.7611	38.0644	37.8668	38.3678	37.7812	38.1106	37.9013	38.153	37.9375	38.2211	37.6395	38.1593	37.7134	38.3121	37.8114	38.1786	37.770700000000005	38.3664	38.075199999999995	38.26	37.884	38.5108	38.057900000000004	38.486	38.0176	38.2076	38.0384	38.528800000000004	38.0246	38.3624	38.225300000000004	38.2024	38.148900000000005	38.474799999999995	38.161899999999996	38.413199999999996	38.506099999999996	38.217099999999995	38.486399999999996	38.3919	38.0623	38.5608	38.295	38.7142	38.7554	38.8263	38.510600000000004	38.7252	38.699099999999994	38.64	38.279	38.655499999999996	37.8677
Sor-CPnd_002-Ex1-5E-lcwgs-1-2-L3-clmp.r1r2_fastp	54.9094	39.8624	37.7657	36.9146	38.087700000000005	36.8929	36.2226	37.6303	38.6032	36.2554	41.1418	40.1277	40.0451	39.056000000000004	39.2368	38.3492	39.3021	38.4666	39.3203	38.8724	39.3774	38.635999999999996	39.333200000000005	38.252	38.9405	38.4202	38.6364	38.1083	39.0052	38.159	39.1046	38.637	38.9354	38.2571	38.8607	38.176500000000004	38.7574	38.0846	38.6814	38.011	39.0851	38.0307	38.7553	38.236799999999995	38.502199999999995	37.995000000000005	38.5038	37.7174	38.384299999999996	37.8937	38.3342	37.958999999999996	38.6498	37.9114	38.3924	38.0356	38.3789	37.6478	38.5096	37.7814	38.471	38.0223	38.283699999999996	37.9627	38.5882	37.7292	38.3625	37.7746	38.2991	37.7248	38.5167	37.9139	38.392199999999995	38.0197	38.2639	37.9906	38.4038	37.7751	38.3698	37.932500000000005	38.4436	37.7536	38.472699999999996	37.8469	38.4295	37.878099999999996	38.1025	37.7399	38.397	37.7465	38.2252	37.9346	38.2714	37.8549	38.4783	37.8679	38.383	37.876	38.3213	37.839299999999994	38.3617	37.7641	38.238499999999995	38.1982	38.2621	37.9052	38.4041	37.7357	38.3226	37.863	38.3643	37.9069	38.508199999999995	38.209700000000005	38.100699999999996	38.1479	38.2988	37.9921	38.5035	37.7956	38.4948	38.141799999999996	38.373400000000004	38.1715	38.6102	38.1657	38.4165	38.256299999999996	38.4916	37.8339	38.4053	37.9881	38.2805	38.3001	38.2893	38.1159	38.602399999999996	38.3267	38.5222	38.5458	38.548700000000004	38.2831	38.6714	38.4041	38.5785	38.5384	38.683099999999996	38.509100000000004	38.6328	37.97
Sor-CPnd_003-Ex1-2B-lcwgs-1-2-L2-clmp.r1r2_fastp	56.5198	38.925399999999996	38.5192	36.6645	37.7661	36.7733	35.928399999999996	37.2172	38.4838	35.9616	41.2566	40.165	40.2096	39.1327	39.2729	38.344899999999996	39.3226	38.4347	39.1591	38.8896	39.4737	38.542	39.171800000000005	38.1857	38.7612	38.304899999999996	38.549299999999995	38.086999999999996	38.8022	38.028	39.0214	38.427299999999995	38.953199999999995	38.2489	38.8703	38.278	38.798	38.2796	38.6219	37.9241	39.0185	38.021	38.7277	38.273	38.7566	38.027	38.5112	38.021	38.5717	38.061299999999996	38.582899999999995	38.120599999999996	38.7735	38.021300000000004	38.4494	38.2884	38.7194	38.0298	38.809900000000006	37.8649	38.656	38.245000000000005	38.495000000000005	38.1397	38.5607	38.066100000000006	38.6364	38.136900000000004	38.498900000000006	38.0942	38.7022	38.1374	38.4172	38.257600000000004	38.4269	38.1051	38.7937	38.047599999999996	38.8078	38.2592	38.6436	38.3438	38.653	38.210100000000004	38.5314	38.3145	38.292500000000004	38.0015	38.748599999999996	38.013999999999996	38.7096	38.3568	38.7168	38.366	38.6579	38.2252	38.5239	38.2121	38.5948	38.056400000000004	38.7357	38.0959	38.3959	38.4246	38.5388	38.3095	38.4749	38.1639	38.6512	38.1288	38.669799999999995	38.2206	38.7458	38.5038	38.6395	38.728	38.570100000000004	38.3025	38.839	38.317099999999996	38.798100000000005	38.3583	38.7576	38.5062	38.8748	38.5608	38.891999999999996	38.5604	38.67	38.3963	38.8642	38.5969	38.587500000000006	38.7474	38.6464	38.6053	39.0605	38.4768	38.8112	38.7781	38.8791	38.845400000000005	38.9223	38.7139	39.2152	38.9559	39.1177	38.6443	39.1087	38.2489
Sor-CPnd_003-Ex1-2B-lcwgs-1-2-L3-clmp.r1r2_fastp	56.271300000000004	38.8902	38.338899999999995	36.633700000000005	37.9467	36.9196	36.0415	37.319	38.3878	36.0172	41.155	40.3637	40.0136	39.190000000000005	39.2284	38.582300000000004	39.2648	38.7274	39.2341	39.0565	39.4743	38.7599	39.2349	38.361000000000004	38.9034	38.4114	38.5627	38.135799999999996	38.8428	38.298300000000005	38.838899999999995	38.5799	38.9351	38.4405	38.9084	38.2907	38.703900000000004	38.196600000000004	38.6255	38.1235	38.9042	38.2609	38.7063	38.4332	38.651799999999994	38.172200000000004	38.737500000000004	38.068200000000004	38.558	38.230399999999996	38.5942	38.2567	38.6536	38.082	38.5835	38.2556	38.518299999999996	38.0549	38.7205	38.1048	38.5852	38.250299999999996	38.4018	38.2186	38.730399999999996	38.1428	38.5785	37.7929	38.5489	37.9869	38.8239	38.1368	38.6868	38.3738	38.3673	38.2937	38.635799999999996	38.082	38.6268	38.337199999999996	38.6376	38.238499999999995	38.7618	38.157999999999994	38.5526	38.37	38.5357	38.2063	38.6753	38.196000000000005	38.737899999999996	38.399899999999995	38.607	38.3412	38.7478	38.380199999999995	38.6737	38.4818	38.5401	38.318400000000004	38.603300000000004	38.4096	38.7088	38.4208	38.643899999999995	38.332300000000004	38.682100000000005	38.123200000000004	38.7737	38.1409	38.5851	38.4278	38.6584	38.521499999999996	38.3057	38.4706	38.4429	38.2024	38.712	38.1693	38.648900000000005	38.5186	38.6857	38.4362	38.8493	38.408300000000004	38.9025	38.5069	38.7182	38.3505	38.758900000000004	38.4641	38.4516	38.6264	38.4757	38.555499999999995	38.9521	38.5668	38.8035	38.7168	38.860499999999995	38.5587	38.8348	38.983200000000004	39.0625	38.9197	38.8287	38.595400000000005	38.9861	38.001200000000004
Sor-CPnd_004-Ex1-1G-lcwgs-1-2-L2-clmp.r1r2_fastp	54.3427	39.2847	37.0922	36.0552	37.6246	36.345	35.547000000000004	36.5968	37.5056	35.5148	40.1936	39.2417	39.0535	38.4098	38.434000000000005	37.7279	38.5837	37.8703	38.4007	38.1931	38.6351	37.9493	38.4558	37.6826	38.054500000000004	37.7267	37.857	37.473800000000004	38.1064	37.4236	38.1272	37.8401	38.0388	37.6985	38.168600000000005	37.635200000000005	38.0107	37.554700000000004	37.8949	37.4064	38.173899999999996	37.4681	38.0173	37.8006	37.8616	37.5249	37.881	37.302400000000006	37.8342	37.4811	37.8641	37.5315	37.9969	37.5088	37.9072	37.675599999999996	37.846000000000004	37.385400000000004	37.9685	37.3837	37.903	37.6305	37.726	37.527300000000004	37.9988	37.472	37.8402	37.5918	37.7838	37.4012	38.0176	37.4852	37.926	37.6366	37.7921	37.4936	37.9043	37.5193	37.8887	37.571	38.0044	37.648700000000005	37.9444	37.5146	37.8995	37.6803	37.7593	37.456	38.0114	37.4483	37.8925	37.7748	37.892700000000005	37.6533	37.8988	37.565799999999996	37.9704	37.6613	37.770199999999996	37.5905	37.9951	37.5432	37.9496	37.7824	37.845099999999995	37.634499999999996	37.969500000000004	37.464	37.9446	37.5936	37.9183	37.665	37.9022	37.8316	37.915	37.9063	37.9422	37.5511	37.9243	37.541999999999994	37.9422	37.7592	37.8617	37.821	38.0331	37.6817	37.9848	37.7627	37.9632	37.782	38.0522	37.9178	38.0535	37.9871	37.9896	38.080000000000005	38.0957	37.934200000000004	38.3068	38.0032	38.2275	38.081199999999995	38.3971	38.2359	38.461099999999995	38.2877	38.2067	38.1199	38.3483	37.5637
Sor-CPnd_004-Ex1-1G-lcwgs-1-2-L3-clmp.r1r2_fastp	54.2874	39.339400000000005	37.1743	36.1206	37.7795	36.4251	35.6778	36.7037	37.613600000000005	35.5807	40.2172	39.3075	39.1823	38.4112	38.4506	37.8135	38.576899999999995	37.8972	38.5516	38.2538	38.643499999999996	38.0375	38.5023	37.7213	38.1237	37.8334	37.9268	37.4639	38.1975	37.4428	38.234	37.8656	38.236799999999995	37.7661	38.2204	37.5785	38.114799999999995	37.586000000000006	37.973099999999995	37.4518	38.238	37.506499999999996	38.1822	37.7348	37.9372	37.5688	37.9559	37.4409	37.7539	37.5024	37.925599999999996	37.5982	38.0486	37.6006	37.8736	37.710100000000004	38.0	37.4272	37.9985	37.4351	38.011	37.7385	37.7878	37.6162	38.0688	37.4956	37.9491	37.376799999999996	37.8104	37.3782	37.946400000000004	37.6257	37.9878	37.6629	37.849500000000006	37.6791	38.042300000000004	37.5214	37.9972	37.589299999999994	37.9475	37.6797	37.9551	37.5927	37.9527	37.7016	37.8847	37.4295	38.0962	37.504799999999996	37.8825	37.8023	37.9154	37.698	38.001200000000004	37.6337	38.0926	37.7278	37.8212	37.6164	38.088699999999996	37.6243	37.992599999999996	37.777899999999995	37.898900000000005	37.801	37.9418	37.6409	37.932300000000005	37.7025	37.9692	37.7185	38.0338	37.8873	37.8556	38.013999999999996	38.0394	37.7329	38.0246	37.7081	38.077	37.793	38.0574	37.8739	38.161699999999996	37.7631	38.0569	37.8985	38.0739	37.7401	38.0709	37.811499999999995	37.8337	38.054300000000005	37.9971	37.9982	38.284600000000005	37.9125	38.0941	38.1359	38.1597	38.1239	38.4519	38.2254	38.3673	38.5034	38.266600000000004	38.273	38.43	37.6525
Sor-CPnd_005-Ex1-3D-lcwgs-1-2-L2-clmp.r1r2_fastp	55.7116	38.4757	37.835499999999996	36.522	37.641000000000005	36.4854	35.5603	36.3551	37.2958	35.4197	40.188	39.3748	39.1498	38.499100000000006	38.4681	37.897999999999996	38.6432	38.0909	38.6129	38.3106	38.7652	38.16	38.5488	37.690200000000004	38.150800000000004	37.6579	37.8484	37.505500000000005	38.1043	37.5173	38.2239	37.885400000000004	38.0801	37.7202	38.1512	37.5938	38.1019	37.5998	37.9201	37.5259	38.1461	37.5263	38.109700000000004	37.7665	37.9754	37.61	37.921	37.4964	37.918800000000005	37.5364	37.8013	37.626599999999996	38.0791	37.6639	37.962	37.7026	37.981300000000005	37.486599999999996	37.9535	37.4493	38.1238	37.601099999999995	37.8841	37.643	38.0446	37.6092	37.9347	37.6525	37.7995	37.5588	38.075199999999995	37.6456	38.0427	37.7758	37.8054	37.6712	37.9863	37.5974	37.975500000000004	37.5934	38.128499999999995	37.7341	38.047	37.7168	37.8679	37.7716	37.9444	37.5252	38.0981	37.6709	38.0364	37.8174	37.989	37.8127	38.0186	37.7697	38.0372	37.812400000000004	37.9604	37.6947	38.1293	37.625	38.0008	37.9088	38.0428	37.816100000000006	38.110699999999994	37.7174	38.0126	37.753	38.0526	37.763000000000005	38.075199999999995	37.8951	38.0814	38.022800000000004	38.054300000000005	37.7425	38.0176	37.8561	38.1162	37.8683	38.0439	37.9862	38.3571	37.9163	38.1956	37.9517	38.1333	37.8469	38.0884	37.8801	38.1719	38.109	38.0985	38.1728	38.4162	38.0725	38.268	38.1532	38.2869	38.2488	38.367000000000004	38.3401	38.6015	38.5387	38.4448	38.3348	38.5002	37.8515
Sor-CPnd_005-Ex1-3D-lcwgs-1-2-L3-clmp.r1r2_fastp	55.4771	38.521499999999996	37.8823	36.4794	37.7097	36.5861	35.603899999999996	36.5321	37.372	35.4554	40.1605	39.4039	39.250800000000005	38.509	38.571	37.8442	38.6325	38.1006	38.695800000000006	38.4088	38.754	38.1801	38.567800000000005	37.7913	38.1296	37.8007	37.8699	37.5664	38.0394	37.528299999999994	38.2011	37.9289	38.1884	37.7301	38.1735	37.6945	38.1025	37.6387	37.966	37.5846	38.1883	37.5961	38.142700000000005	37.8367	37.9167	37.580999999999996	37.9955	37.5244	37.737700000000004	37.6299	37.8758	37.5962	38.149100000000004	37.7082	37.9861	37.7019	38.0373	37.5011	38.028600000000004	37.459199999999996	38.006299999999996	37.689299999999996	37.9093	37.7529	38.0177	37.674099999999996	37.8641	37.5374	37.9701	37.4609	38.1108	37.61	38.1237	37.8149	37.7991	37.6922	38.039699999999996	37.5899	37.9983	37.6776	38.051899999999996	37.727199999999996	38.0516	37.7074	37.9633	37.7729	37.877100000000006	37.5472	38.148700000000005	37.6344	37.9989	37.9005	38.027300000000004	37.8964	38.0677	37.7756	38.0121	37.716899999999995	37.965900000000005	37.755300000000005	38.1413	37.7476	38.1226	37.9782	38.0347	37.7873	38.063599999999994	37.6888	38.0169	37.7939	38.0017	37.803	38.144099999999995	37.938	37.9643	38.0107	38.1991	37.8343	38.1762	37.7754	38.1468	37.9353	37.9966	38.0641	38.162400000000005	37.9756	38.1719	38.0389	38.1079	37.8327	38.128299999999996	37.9846	38.032700000000006	38.2208	38.093500000000006	38.209700000000005	38.5976	38.173899999999996	38.3898	38.243300000000005	38.2776	38.3362	38.4944	38.246	38.5322	38.517	38.467600000000004	38.263999999999996	38.5432	37.9158
Sor-CPnd_006-Ex1-2D-lcwgs-1-2-L2-clmp.r1r2_fastp	55.5933	39.2941	37.810700000000004	36.4364	37.8183	36.588100000000004	35.987700000000004	37.0019	38.130399999999995	35.7312	40.7294	39.7862	39.589600000000004	38.825900000000004	38.9521	38.158500000000004	39.0133	38.2	38.920300000000005	38.441399999999994	39.0306	38.2123	38.9262	38.028800000000004	38.4716	37.9958	38.2134	37.7014	38.4366	37.6572	38.6023	38.0943	38.4929	37.8765	38.478	37.7955	38.428000000000004	37.8345	38.2231	37.6798	38.3863	37.6548	38.2887	37.8582	38.130399999999995	37.5885	38.2023	37.7005	38.0361	37.612899999999996	38.1595	37.6872	38.1344	37.6752	38.1116	37.8345	38.1888	37.4249	38.206	37.4595	38.209900000000005	37.784800000000004	37.9161	37.7324	38.2096	37.5444	38.069399999999995	37.687799999999996	38.0017	37.614	38.182300000000005	37.688700000000004	38.1766	37.7979	37.9844	37.633100000000006	38.2104	37.7271	37.9979	37.7549	38.0948	37.78	38.169599999999996	37.729600000000005	38.1114	37.7988	38.0713	37.6089	38.172	37.5894	38.1126	37.9768	38.156099999999995	37.802400000000006	38.0179	37.6918	38.198100000000004	37.7911	38.0347	37.7413	38.2495	37.7188	38.0511	37.8995	38.2545	37.8736	38.1921	37.6988	38.0614	37.8119	38.1925	37.8181	38.1994	37.8954	38.2226	38.0822	38.1338	37.8549	38.1757	37.8952	38.3136	37.8831	38.2698	38.1057	38.4692	38.1467	38.298300000000005	38.2345	38.4031	38.0427	38.4308	37.9696	38.514900000000004	38.2156	38.390299999999996	38.4856	38.5627	38.0264	38.4719	38.345800000000004	38.6667	38.592999999999996	38.587199999999996	38.6019	38.601	38.624900000000004	38.617000000000004	38.5561	38.6613	37.8341
Sor-CPnd_006-Ex1-2D-lcwgs-1-2-L3-clmp.r1r2_fastp	55.287699999999994	39.0869	37.7037	36.3213	37.8478	36.6187	35.965399999999995	37.0922	38.1525	35.9002	40.7012	39.775	39.7551	38.7817	38.8694	38.2671	38.887100000000004	38.1537	38.9089	38.5961	38.9993	38.355	38.81	38.0789	38.5119	38.0392	38.2189	37.7522	38.5114	37.8218	38.677499999999995	38.1533	38.4417	37.9799	38.5021	37.872499999999995	38.3039	37.8724	38.2325	37.6732	38.5465	37.7214	38.359700000000004	37.9874	38.167	37.7203	38.2506	37.704100000000004	38.174400000000006	37.7316	38.2231	37.7021	38.2474	37.805299999999995	38.116299999999995	37.8289	38.141999999999996	37.582100000000004	38.2605	37.588300000000004	38.2968	37.866499999999995	37.9886	37.7922	38.205299999999994	37.705	38.1503	37.5864	38.0336	37.5959	38.2033	37.7678	38.1134	37.8977	38.0576	37.7802	38.1796	37.6647	38.2048	37.7061	38.142399999999995	37.8698	38.2047	37.7802	38.0853	37.8538	38.0526	37.6781	38.2854	37.7261	38.1809	37.9654	38.022600000000004	37.9548	38.2333	37.846999999999994	38.177699999999994	37.8204	38.114599999999996	37.9053	38.3109	37.8882	38.2737	38.0292	38.2436	38.016299999999994	38.248599999999996	37.8278	38.2748	37.9029	38.1963	38.0107	38.2681	37.9766	38.0706	38.3008	38.2307	38.0097	38.211600000000004	37.8322	38.409	38.0436	38.252199999999995	38.0989	38.486599999999996	37.9494	38.4769	38.1277	38.4399	37.8705	38.3966	38.1038	38.11	38.338100000000004	38.329	38.4038	38.6533	38.082899999999995	38.6982	38.428000000000004	38.4685	38.4664	38.5428	38.634299999999996	38.8185	38.4428	38.4587	38.3718	38.5237	37.828
Sor-CPnd_007-Ex1-1C-lcwgs-1-2-L2-clmp.r1r2_fastp	56.9455	40.132600000000004	38.9611	37.4743	38.7386	37.5785	36.671	38.0385	39.0675	36.6979	41.7286	41.1688	40.8202	40.0086	40.1665	39.3602	40.1055	39.3249	40.0437	39.7764	40.2093	39.483200000000004	40.0056	39.2996	39.4935	39.1735	39.3145	38.9566	39.5843	39.0589	39.7629	39.456	39.6978	39.193099999999994	39.615	39.1757	39.5603	39.0369	39.2898	39.0241	39.5996	38.9296	39.4405	39.2225	39.1943	38.8764	39.346399999999996	38.8635	39.271899999999995	38.8195	39.312999999999995	39.0073	39.457300000000004	38.8975	39.2206	39.027899999999995	39.3686	38.7868	39.3438	38.6924	39.4788	38.907000000000004	39.2024	38.8745	39.3686	38.8378	39.2523	39.049	39.1984	38.7778	39.3219	38.8579	39.2278	39.0417	39.1114	38.9422	39.3771	38.8088	39.268	38.988499999999995	39.385799999999996	38.9611	39.182	39.0095	39.306999999999995	38.989200000000004	39.2087	38.663599999999995	39.4377	38.8791	39.1706	39.238	39.271699999999996	38.988499999999995	39.3397	38.9538	39.1714	38.9637	39.1899	38.9272	39.2652	38.8719	39.3152	39.1413	39.083800000000004	39.1625	39.1943	38.8953	39.1061	38.9474	39.0902	38.9563	39.2867	39.1475	39.1721	39.1224	39.234700000000004	38.9133	39.097300000000004	38.9191	39.264700000000005	39.0236	39.3421	38.9762	39.3704	38.9032	39.299800000000005	39.062400000000004	39.3024	38.8426	39.2859	38.953700000000005	39.331500000000005	39.109899999999996	39.210699999999996	39.2456	39.277499999999996	38.9305	39.255	39.1865	39.339200000000005	39.2009	39.4274	39.1663	39.6102	39.494800000000005	39.3832	39.2003	39.3489	38.8143
Sor-CPnd_007-Ex1-1C-lcwgs-1-2-L3-clmp.r1r2_fastp	56.7923	40.1638	38.9144	37.464	38.8397	37.6409	36.7398	38.0985	39.3138	36.6541	41.8587	41.246300000000005	40.929300000000005	40.0213	40.0283	39.3094	40.0976	39.3909	40.0691	39.814699999999995	40.2233	39.4662	39.9779	39.1937	39.6185	39.2497	39.3791	38.9983	39.5935	39.048500000000004	39.704699999999995	39.3366	39.6946	39.238099999999996	39.6165	39.135799999999996	39.5321	39.230900000000005	39.4544	38.9518	39.5567	38.9363	39.6017	39.2531	39.4376	38.9581	39.378800000000005	38.951	39.2011	39.081500000000005	39.3005	38.9593	39.4769	39.1345	39.4716	39.1784	39.2396	38.7741	39.4114	38.7511	39.4662	39.0655	39.2123	39.055099999999996	39.393499999999996	38.9803	39.3446	38.8156	39.349000000000004	38.826	39.5225	38.9437	39.332699999999996	39.0244	39.1588	39.039699999999996	39.198699999999995	38.847500000000004	39.3512	39.0351	39.352900000000005	38.9529	39.3982	38.9084	39.350699999999996	38.9706	39.340199999999996	38.8926	39.36	38.9474	39.393899999999995	39.1312	39.2955	39.110499999999995	39.2384	39.006600000000006	39.3988	38.9997	39.1023	38.9091	39.4236	38.8998	39.177099999999996	39.077	39.2394	38.892500000000005	39.3196	38.772400000000005	39.3149	38.9818	39.2765	38.9829	39.1327	39.1431	39.137899999999995	39.137100000000004	39.2603	38.928200000000004	39.3182	38.9051	39.3275	38.9318	39.1944	38.9552	39.2625	39.0146	39.2867	38.9889	39.394400000000005	38.7978	39.2031	38.9779	39.0592	39.0963	39.3071	39.0098	39.1526	39.0021	39.456599999999995	39.192	39.312999999999995	39.0638	39.4788	39.2468	39.5347	39.3244	39.3729	39.2712	39.3656	38.8215
Sor-CPnd_008-Ex1-1A-lcwgs-1-2-L2-clmp.r1r2_fastp	57.9964	38.6282	39.610099999999996	37.2172	37.9283	37.223800000000004	35.478300000000004	37.2176	38.199600000000004	35.545500000000004	41.044599999999996	40.738600000000005	40.118900000000004	39.3582	39.2557	38.68	39.2204	38.7776	39.177800000000005	39.042	39.3459	38.7654	39.0409	38.4484	38.6567	38.3102	38.452999999999996	38.2266	38.6388	38.258199999999995	38.772099999999995	38.5837	38.7932	38.5098	38.778	38.323	38.665	38.2665	38.4906	38.2569	38.8129	38.3141	38.8082	38.4829	38.6327	38.384	38.6287	38.289899999999996	38.5774	38.3896	38.622099999999996	38.4113	38.776500000000006	38.3913	38.6017	38.4564	38.6661	38.3541	38.6214	38.305499999999995	38.7124	38.473400000000005	38.5903	38.467400000000005	38.745200000000004	38.3534	38.6215	38.4062	38.611200000000004	38.3116	38.7233	38.4259	38.7322	38.4645	38.574000000000005	38.4009	38.6237	38.332	38.675	38.3694	38.7648	38.4475	38.7187	38.4661	38.675399999999996	38.4956	38.5873	38.3292	38.746	38.3619	38.64	38.5847	38.692	38.570100000000004	38.6874	38.4704	38.7293	38.413599999999995	38.5996	38.4543	38.7757	38.3214	38.7162	38.5751	38.595400000000005	38.582300000000004	38.7417	38.3761	38.6397	38.3752	38.6493	38.394800000000004	38.7043	38.6614	38.772800000000004	38.663399999999996	38.7875	38.4034	38.5841	38.358799999999995	38.7215	38.5148	38.7128	38.6005	38.8536	38.5861	38.704100000000004	38.573800000000006	38.712999999999994	38.4717	38.7088	38.5745	38.717	38.6287	38.6734	38.7245	38.8311	38.628	38.7997	38.589400000000005	38.8516	38.763	38.9172	38.7808	39.043	38.9635	38.8894	38.783699999999996	38.8863	38.3813
Sor-CPnd_008-Ex1-1A-lcwgs-1-2-L3-clmp.r1r2_fastp	57.9186	38.6964	39.7614	37.3829	37.91	37.3627	35.6146	37.433	38.3566	35.6428	41.1827	40.8247	40.2291	39.4334	39.333600000000004	38.7173	39.164300000000004	38.8016	39.1642	39.001799999999996	39.405699999999996	38.7312	39.0741	38.4696	38.6918	38.381	38.5111	38.2247	38.6814	38.3196	38.813700000000004	38.6509	38.8636	38.5677	38.7408	38.5049	38.7239	38.2941	38.5696	38.299499999999995	38.7941	38.3611	38.7794	38.4648	38.6834	38.4058	38.620900000000006	38.304100000000005	38.533	38.377	38.5927	38.4713	38.8027	38.4277	38.6593	38.5336	38.7538	38.342999999999996	38.6889	38.3245	38.758199999999995	38.4826	38.6492	38.520900000000005	38.7453	38.3822	38.6342	38.3806	38.6625	38.3439	38.739200000000004	38.4567	38.7738	38.600899999999996	38.608	38.5753	38.741	38.3545	38.7576	38.4901	38.8075	38.435399999999994	38.8266	38.5438	38.6606	38.521699999999996	38.608	38.3297	38.8324	38.4141	38.775999999999996	38.6328	38.7139	38.6263	38.7361	38.5626	38.6936	38.502700000000004	38.6783	38.411899999999996	38.7816	38.482699999999994	38.751000000000005	38.5991	38.6366	38.5662	38.758900000000004	38.4209	38.673	38.358599999999996	38.65	38.502700000000004	38.8231	38.5593	38.597500000000004	38.719	38.7354	38.465199999999996	38.6978	38.317800000000005	38.7723	38.4722	38.6162	38.6341	38.7979	38.616299999999995	38.7113	38.622299999999996	38.747	38.4252	38.7436	38.6048	38.672200000000004	38.7203	38.6743	38.6695	38.892900000000004	38.684400000000004	38.858399999999996	38.617000000000004	38.8231	38.7562	38.9799	38.768	38.9578	38.850699999999996	38.858599999999996	38.807199999999995	38.8566	38.3782
Sor-CPnd_009-Ex1-6A-lcwgs-1-2-L2-clmp.r1r2_fastp	55.4098	39.387699999999995	37.9664	36.8737	37.934400000000004	37.066300000000005	35.7659	37.5453	38.4315	36.127700000000004	41.117799999999995	40.6308	40.1005	39.4304	39.2853	38.742	39.3014	38.7618	39.2656	39.1271	39.402300000000004	38.9244	39.238800000000005	38.562200000000004	38.8637	38.513799999999996	38.6297	38.319399999999995	38.893100000000004	38.4046	38.9673	38.7347	38.949099999999994	38.637100000000004	38.8776	38.4427	38.8025	38.3495	38.598	38.333800000000004	38.925	38.4116	38.8502	38.5899	38.7147	38.3258	38.7106	38.2442	38.658300000000004	38.4063	38.6349	38.481500000000004	38.8114	38.3993	38.6616	38.575199999999995	38.7331	38.2568	38.7075	38.205099999999995	38.7881	38.4909	38.580799999999996	38.4227	38.8006	38.2994	38.7079	38.454899999999995	38.5785	38.2564	38.7713	38.4147	38.7077	38.5201	38.601400000000005	38.4349	38.7335	38.3265	38.7297	38.3758	38.724	38.5195	38.737100000000005	38.5103	38.716	38.555099999999996	38.6226	38.339099999999995	38.8382	38.380399999999995	38.6927	38.7018	38.7196	38.667	38.852199999999996	38.5372	38.882	38.5238	38.7078	38.4694	38.893499999999996	38.4305	38.860299999999995	38.798	38.622299999999996	38.6503	38.8702	38.4523	38.835300000000004	38.477	38.807900000000004	38.5299	38.9002	38.6565	38.8626	38.8328	38.8616	38.5899	38.7395	38.5507	38.879599999999996	38.7341	38.8992	38.761	39.021	38.7009	39.0583	38.806000000000004	38.953199999999995	38.6532	38.9771	38.756800000000005	38.926100000000005	38.8567	38.8694	38.999	39.1357	38.8145	39.0592	38.8956	39.157	38.9816	39.191700000000004	38.9483	39.2772	39.1855	39.2065	39.0406	39.2237	38.6971
Sor-CPnd_009-Ex1-6A-lcwgs-1-2-L3-clmp.r1r2_fastp	55.3531	39.385	38.063399999999994	36.9612	38.0332	37.2376	35.915200000000006	37.6536	38.5849	36.1477	41.1466	40.6978	40.1702	39.4644	39.3004	38.7251	39.3138	38.8109	39.295	39.1087	39.4507	38.8655	39.2528	38.583	38.860499999999995	38.5799	38.6375	38.3566	38.8707	38.4112	39.0127	38.7021	38.913	38.5929	38.974	38.4324	38.8756	38.47	38.7198	38.323499999999996	38.9776	38.326100000000004	38.9111	38.6104	38.746900000000004	38.4276	38.678200000000004	38.2759	38.6043	38.4193	38.6683	38.3788	38.8169	38.386900000000004	38.6995	38.5163	38.6818	38.3085	38.7481	38.338	38.7774	38.5387	38.5662	38.4568	38.7251	38.3426	38.6948	38.349	38.6667	38.3504	38.7476	38.4422	38.8052	38.574999999999996	38.6113	38.5006	38.7409	38.3618	38.704499999999996	38.4953	38.7321	38.4973	38.7342	38.5695	38.7319	38.6002	38.6661	38.386900000000004	38.9034	38.4733	38.756299999999996	38.7274	38.728699999999996	38.6063	38.8889	38.5431	38.8371	38.5865	38.669399999999996	38.5616	38.891799999999996	38.504	38.8204	38.7387	38.811099999999996	38.7533	38.8623	38.623400000000004	38.8198	38.5899	38.8059	38.594899999999996	38.9386	38.7752	38.8256	38.840799999999994	38.8868	38.5707	38.9372	38.594899999999996	38.886199999999995	38.7875	38.8907	38.833600000000004	38.9959	38.7162	38.9288	38.8328	38.976	38.5547	38.945299999999996	38.709199999999996	38.8805	38.9386	38.9589	38.9186	39.0129	38.8446	38.995200000000004	38.9508	39.0482	38.9591	39.147999999999996	39.0651	39.2636	39.1758	39.1246	38.9317	39.2461	38.6451
Sor-CPnd_010-Ex1-1H-lcwgs-1-2-L2-clmp.r1r2_fastp	55.5056	39.059	37.423899999999996	36.4747	37.649899999999995	36.586800000000004	35.4863	36.7052	37.7164	35.6749	40.511	39.7763	39.3511	38.6604	38.7871	37.998	38.613	38.1732	38.7555	38.4352	38.8643	38.195299999999996	38.5959	37.9362	38.2148	37.7787	38.0775	37.669599999999996	38.3309	37.871500000000005	38.374900000000004	38.1083	38.4901	37.8436	38.3365	37.850699999999996	38.2902	37.696200000000005	38.073	37.743700000000004	38.3013	37.833800000000004	38.2142	37.8901	38.0955	37.6654	38.124900000000004	37.6691	38.0456	37.6967	38.0612	37.6682	38.2685	37.8109	38.1415	37.9439	38.195299999999996	37.5126	38.298500000000004	37.731500000000004	38.1923	37.835499999999996	37.974000000000004	37.7661	38.1395	37.7311	38.0081	37.8471	38.0577	37.6415	38.1921	37.608200000000004	38.0984	37.8879	37.992599999999996	37.7422	38.048300000000005	37.8212	38.0577	37.7519	38.123400000000004	37.8083	38.0045	38.0383	38.0303	38.0191	37.9332	37.511	38.3406	37.5447	38.0004	37.9859	38.1101	37.7896	38.2464	37.8436	38.0816	37.7168	37.9703	37.7481	38.2091	37.8385	38.1428	37.9584	38.0943	37.926700000000004	38.0475	37.7114	38.009100000000004	37.6781	37.892700000000005	37.9013	38.0243	37.9027	37.9585	37.9897	38.0936	37.8294	37.79	37.8362	38.151	37.835800000000006	37.9328	37.9086	37.9401	37.9173	38.074400000000004	38.000499999999995	38.0578	37.723600000000005	38.1706	37.660900000000005	38.0913	38.1897	38.1197	38.286	38.032700000000006	38.0121	38.2025	38.000099999999996	38.379200000000004	38.1862	38.337700000000005	38.1133	38.4828	38.3386	38.258700000000005	38.109300000000005	38.0597	37.7989
Sor-CPnd_010-Ex1-1H-lcwgs-1-2-L3-clmp.r1r2_fastp	55.447	39.338699999999996	37.4722	36.5714	38.0645	36.6156	35.6571	36.897400000000005	38.077600000000004	35.691	40.7647	39.7495	39.5642	38.663399999999996	38.8289	38.0525	38.9005	38.1143	38.6539	38.543699999999994	38.8362	38.2564	38.7998	37.9309	38.4312	38.1384	38.167	37.7082	38.1687	37.821	38.5148	38.0851	38.5369	38.0256	38.440000000000005	37.9142	38.2743	37.8599	38.089099999999995	37.7448	38.4564	37.7945	38.3972	37.9312	38.1671	37.805299999999995	38.211600000000004	37.7396	37.9831	37.8603	38.054500000000004	37.827	38.326100000000004	37.8212	38.155	38.0517	38.1732	37.7775	38.231700000000004	37.687	38.181	37.740899999999996	38.0023	37.980000000000004	38.0841	37.711	38.1288	37.5687	38.1332	37.5481	38.288	37.838	38.1353	37.9825	37.9711	37.9978	38.1646	37.8737	38.210100000000004	37.634699999999995	38.2124	37.877100000000006	38.2802	37.7538	38.2191	37.9632	38.0789	37.8166	38.3067	37.8673	38.097300000000004	37.9779	38.0507	38.0394	38.1752	37.604	38.2138	37.9488	37.919399999999996	37.9266	38.2885	37.7867	38.204	38.048500000000004	38.2749	37.938	38.0058	37.7917	38.092	37.8532	38.060500000000005	37.8786	38.244499999999995	37.8211	38.077600000000004	38.1986	38.041000000000004	37.8573	38.3643	37.7119	38.2241	38.0338	38.1463	37.894	38.1558	38.0146	38.2703	38.0317	38.215900000000005	37.772099999999995	38.173899999999996	37.9261	38.1746	38.150800000000004	38.0185	38.2329	38.393899999999995	38.0195	38.256099999999996	38.0997	38.146	38.2606	38.459700000000005	38.157799999999995	38.6408	38.425399999999996	38.3172	38.1336	38.474799999999995	37.967099999999995
Sor-CPnd_012-Ex1-5B-lcwgs-1-2-L2-clmp.r1r2_fastp	55.561499999999995	39.3617	37.9861	36.6968	38.083600000000004	36.972899999999996	36.0811	37.6762	38.5129	36.038199999999996	41.29	40.2875	40.1328	39.2435	39.2559	38.643699999999995	39.4116	38.5174	39.413599999999995	38.9709	39.5002	38.6149	39.3679	38.2217	38.8039	38.4923	38.8304	38.229400000000005	38.9752	38.2398	38.9662	38.6087	39.0347	38.4394	38.9697	38.1531	38.8042	38.039	38.6594	38.161	39.104499999999994	38.0926	38.6647	38.3892	38.6191	38.2716	38.474599999999995	37.975500000000004	38.4463	37.8403	38.5524	38.0436	38.5967	37.8909	38.4974	38.208	38.4951	37.738699999999994	38.5048	37.892399999999995	38.4679	38.0638	38.4345	37.9693	38.576	37.9846	38.529	37.953199999999995	38.428000000000004	37.9003	38.3555	38.0463	38.5244	37.958	38.0726	37.9674	38.6222	37.7254	38.426700000000004	37.8947	38.5522	38.1839	38.4016	38.076	38.4259	38.1552	38.4985	37.9036	38.6312	37.9543	38.2951	38.2124	38.2484	38.1452	38.3671	37.9705	38.5175	37.9639	38.247	37.9071	38.4469	37.8776	38.394	38.026199999999996	38.2618	38.0455	38.243700000000004	37.9531	38.4071	38.022099999999995	38.279999999999994	38.1374	38.2903	38.0657	38.5	38.2549	38.546	37.9905	38.4169	37.8232	38.7484	38.2071	38.445800000000006	38.1099	38.5904	38.337700000000005	38.2776	38.1769	38.5664	38.062200000000004	38.3847	38.1261	38.59	38.297599999999996	38.4522	38.4861	38.5508	38.297399999999996	38.7274	38.370599999999996	38.7493	38.493500000000004	38.9542	38.7684	38.650800000000004	38.5796	38.5727	38.4264	38.6164	38.2575
Sor-CPnd_012-Ex1-5B-lcwgs-1-2-L3-clmp.r1r2_fastp	55.4546	39.3623	38.0019	36.6563	37.939299999999996	36.7839	36.1209	37.619	38.5	36.077799999999996	41.1563	40.523199999999996	40.295700000000004	39.334	39.4503	38.6279	39.2965	38.4939	39.252900000000004	38.9974	39.4025	38.6654	39.3557	38.3972	38.8893	38.5449	38.670500000000004	38.0526	39.0108	38.144600000000004	39.0042	38.6055	38.9791	38.2166	38.8699	38.2508	38.684200000000004	38.1498	38.6689	38.2299	38.825199999999995	38.1325	38.6851	38.3229	38.5261	38.040800000000004	38.543	37.8811	38.284	37.962	38.4564	38.0333	38.6349	37.9908	38.5042	38.111200000000004	38.460499999999996	37.856899999999996	38.571600000000004	37.939499999999995	38.4155	38.2046	38.239200000000004	38.1575	38.5309	37.9091	38.447900000000004	37.8532	38.3408	37.987300000000005	38.4769	37.924	38.569199999999995	38.125	38.3856	38.0383	38.4074	38.0283	38.227	38.0045	38.5594	37.9147	38.5315	37.8409	38.4565	38.061	38.196200000000005	37.9099	38.4202	37.9041	38.4401	38.2639	38.5125	38.114599999999996	38.356	37.929899999999996	38.2659	38.0723	38.3631	38.0128	38.336	37.9411	38.3986	38.506	38.354	38.0893	38.570100000000004	37.8289	38.3993	38.027	38.339600000000004	37.9668	38.4094	38.224999999999994	38.2211	38.3556	38.5041	38.041799999999995	38.597500000000004	38.0518	38.365100000000005	38.459500000000006	38.3782	38.1117	38.609700000000004	38.3346	38.621	38.4436	38.419599999999996	38.0729	38.620900000000006	38.0554	38.3575	38.3291	38.4494	38.4111	38.7149	38.2648	38.641	38.313900000000004	38.6751	38.5028	38.8766	38.5569	38.9511	38.9643	38.8193	38.5332	38.689299999999996	37.918
Sor-CPnd_013-Ex1-7F-lcwgs-1-2-L2-clmp.r1r2_fastp	55.041	39.1222	37.5214	36.3182	37.5439	36.4321	35.421	36.7489	37.61	35.6256	40.325100000000006	39.649699999999996	39.1547	38.4803	38.5301	37.8882	38.4854	37.9975	38.3571	38.3092	38.539899999999996	38.0218	38.2893	37.8461	37.9199	37.5885	37.7684	37.4139	38.0926	37.5216	38.124900000000004	37.8223	37.9971	37.7513	38.1726	37.546	37.8795	37.491600000000005	37.660900000000005	37.3429	37.9985	37.4747	37.7886	37.688700000000004	37.7343	37.3812	37.6766	37.2	37.519200000000005	37.438500000000005	37.5931	37.4908	37.684400000000004	37.423899999999996	37.7134	37.4569	37.7172	37.1423	37.8023	37.267	37.6774	37.2763	37.4969	37.378699999999995	37.5715	37.2127	37.5925	37.4199	37.3901	37.1626	37.6152	37.4351	37.6375	37.3639	37.4982	37.3057	37.6438	37.2285	37.6161	37.438500000000005	37.6398	37.3707	37.5602	37.449799999999996	37.5626	37.446200000000005	37.5115	37.262499999999996	37.7162	37.282	37.5504	37.465399999999995	37.790600000000005	37.4164	37.7593	37.4607	37.504	37.5571	37.5608	37.339	37.6517	37.4097	37.504	37.6256	37.5145	37.5133	37.7699	37.3211	37.6348	37.394	37.493500000000004	37.3919	37.8696	37.584	37.7684	37.6034	37.683299999999996	37.448	37.697199999999995	37.4648	37.6301	37.6083	37.742	37.6296	37.8054	37.5962	37.8543	37.644	37.8928	37.5841	37.8427	37.694100000000006	37.7188	37.8876	37.6868	37.9218	38.0238	37.8423	38.106899999999996	37.7877	37.9348	38.1288	38.1021	38.0539	38.115300000000005	37.8964	38.1803	37.8491	38.019	37.4852
Sor-CPnd_013-Ex1-7F-lcwgs-1-2-L3-clmp.r1r2_fastp	55.188700000000004	39.1717	37.636900000000004	36.3292	37.6709	36.5375	35.7193	36.9965	37.7988	35.8403	40.446799999999996	39.6756	39.3309	38.5475	38.5254	37.8088	38.5401	38.005100000000006	38.518	38.2973	38.5609	38.1205	38.501000000000005	37.6911	38.182500000000005	37.741400000000006	37.8983	37.6212	38.014700000000005	37.5494	38.0796	37.864799999999995	38.106	37.6545	38.0809	37.675799999999995	38.040099999999995	37.5	37.7732	37.4284	38.093700000000005	37.4913	37.9679	37.7477	37.7778	37.4446	37.8078	37.2462	37.639	37.4089	37.7009	37.4839	37.987500000000004	37.4169	37.7018	37.5257	37.6351	37.2817	37.769000000000005	37.3224	37.6851	37.4846	37.4925	37.5233	37.6914	37.4211	37.6115	37.324	37.5853	37.2506	37.660900000000005	37.376799999999996	37.693	37.4097	37.473	37.384499999999996	37.6361	37.2852	37.7237	37.3596	37.6862	37.420500000000004	37.633100000000006	37.4848	37.6139	37.6426	37.5832	37.2491	37.7516	37.2072	37.532199999999996	37.6137	37.5983	37.709199999999996	37.8647	37.5839	37.716	37.4981	37.604	37.4311	37.663000000000004	37.3959	37.805	37.764399999999995	37.7909	37.572100000000006	37.6627	37.3489	37.731700000000004	37.5196	37.7903	37.3853	37.9388	37.6156	37.7391	37.8581	37.6789	37.3563	37.9375	37.3986	37.955	37.5983	37.7222	37.8165	38.0136	37.7374	37.7457	37.7549	37.850699999999996	37.5297	37.7627	37.5363	37.7597	38.022099999999995	37.8527	37.9397	38.0022	37.7545	37.855199999999996	38.111	37.9213	38.013400000000004	38.241	38.0948	38.1389	38.143100000000004	38.1201	37.8902	38.0996	37.439699999999995
Sor-CPnd_014-Ex1-1F-lcwgs-1-2-L2-clmp.r1r2_fastp	55.0449	40.0574	37.7511	37.0465	38.0783	37.0279	35.8305	37.146499999999996	37.9488	36.1777	40.5244	39.6731	39.4279	38.7953	38.812000000000005	38.21	38.8546	38.2516	38.7574	38.573	39.0069	38.399499999999996	38.8746	38.1939	38.502900000000004	38.202999999999996	38.3313	37.8876	38.5907	37.8953	38.6013	38.3296	38.5143	38.1935	38.5055	38.018299999999996	38.418600000000005	37.984	38.2667	37.864	38.622099999999996	37.905100000000004	38.384800000000006	38.1594	38.3029	37.9212	38.3345	37.8531	38.196000000000005	37.976	38.245000000000005	37.964	38.3974	37.961800000000004	38.2515	38.0882	38.2634	37.838300000000004	38.3728	37.7549	38.324999999999996	38.0266	38.1244	37.8735	38.3364	37.8896	38.1892	38.0039	38.206	37.7583	38.2965	37.9092	38.2919	38.0169	38.1224	37.913799999999995	38.2507	37.8553	38.2139	37.965700000000005	38.2508	37.935900000000004	38.243700000000004	37.8709	38.1428	38.012	38.0922	37.8209	38.3024	37.8738	38.1512	38.1207	38.1432	37.9596	38.2414	37.9844	38.2197	38.0351	38.060300000000005	37.9084	38.3183	37.8368	38.2146	38.1032	38.102399999999996	37.9577	38.1837	37.8478	38.1851	37.9231	38.150800000000004	38.0018	38.2142	38.0515	38.2059	38.1633	38.155899999999995	37.8797	38.1476	37.8547	38.243300000000005	38.0391	38.1191	38.0169	38.365	37.9963	38.2312	38.074200000000005	38.155	37.9591	38.313	38.0324	38.239200000000004	38.2009	38.224599999999995	38.1887	38.3021	38.1023	38.3393	38.195	38.439800000000005	38.3469	38.5403	38.2862	38.5569	38.4685	38.3808	38.3274	38.4467	37.8229
Sor-CPnd_014-Ex1-1F-lcwgs-1-2-L3-clmp.r1r2_fastp	55.067600000000006	40.179700000000004	37.799899999999994	37.1715	38.1742	37.121900000000004	35.9897	37.3104	38.1331	36.3085	40.6308	39.7524	39.5936	38.903	38.813199999999995	38.2329	38.8641	38.2232	38.8592	38.602199999999996	39.0772	38.5088	38.942	38.2008	38.5945	38.237700000000004	38.366099999999996	37.9966	38.581900000000005	38.0667	38.6548	38.3623	38.5388	38.2151	38.6268	38.0723	38.5368	38.0531	38.3424	37.959700000000005	38.650099999999995	37.966699999999996	38.4974	38.266600000000004	38.3093	37.9701	38.338499999999996	37.8607	38.202799999999996	38.0214	38.238699999999994	38.0422	38.4345	37.9829	38.2451	38.1465	38.2876	37.8846	38.3615	37.8685	38.3602	38.0919	38.121500000000005	37.9684	38.3861	37.8976	38.2531	37.9634	38.1667	37.8255	38.3491	37.9384	38.3039	38.0691	38.1043	38.0593	38.2597	37.8419	38.3174	37.9527	38.3163	37.9734	38.2984	38.006099999999996	38.2557	38.059599999999996	38.1815	37.8237	38.346000000000004	37.9045	38.2606	38.182500000000005	38.2055	38.0067	38.317299999999996	37.9992	38.2318	38.0392	38.1111	37.9243	38.3963	37.9192	38.1937	38.1569	38.0926	38.0938	38.2643	37.8889	38.2359	37.9925	38.1719	37.9523	38.2861	38.153999999999996	38.1843	38.184000000000005	38.2652	37.9294	38.284400000000005	37.876599999999996	38.2464	38.1366	38.1922	38.0689	38.4156	38.0352	38.2547	38.1344	38.3577	37.9431	38.305	37.9982	38.1769	38.2549	38.2499	38.2379	38.4075	38.1297	38.379000000000005	38.3281	38.4697	38.2956	38.5496	38.4425	38.615899999999996	38.561299999999996	38.4289	38.397999999999996	38.506299999999996	38.0252
Sor-CPnd_015-Ex1-5F-lcwgs-1-2-L2-clmp.r1r2_fastp	55.3262	40.031	38.483000000000004	37.0962	38.4157	37.1571	36.6095	37.9672	38.9365	36.268699999999995	41.522	40.348800000000004	40.4182	39.2954	39.5659	38.641999999999996	39.630700000000004	38.725500000000004	39.696799999999996	39.015499999999996	39.6428	38.9274	39.5961	38.5806	39.112700000000004	38.8562	38.9086	38.4181	39.2891	38.4289	39.3556	38.7877	39.2299	38.628299999999996	39.1837	38.4093	38.9347	38.3977	38.8214	38.3152	39.1853	38.3601	38.9142	38.4447	38.6774	38.2288	38.7434	37.9785	38.7404	38.0513	38.571	38.2695	38.6226	38.1989	38.4821	38.2318	38.5081	37.9195	38.7128	37.924	38.7326	38.0105	38.3585	38.0845	38.7575	38.041000000000004	38.5182	38.0784	38.4637	37.7608	38.6286	38.009100000000004	38.403	38.1978	38.4675	38.0103	38.4845	37.928	38.431	38.239000000000004	38.468999999999994	37.9488	38.3674	38.0594	38.376	37.9096	38.5071	37.7624	38.6639	37.9608	38.6337	38.2495	38.5971	37.961600000000004	38.5542	37.959700000000005	38.5456	38.0909	38.4079	38.019999999999996	38.3762	38.075399999999995	38.3247	38.3264	38.5643	38.0783	38.7213	37.9488	38.4582	38.193	38.6709	38.0741	38.716	38.331700000000005	38.734	38.2386	38.498900000000006	37.8778	38.5698	38.0234	38.6126	38.3503	38.535199999999996	38.4176	38.5171	38.217600000000004	38.4739	38.0352	38.7391	38.1108	38.4772	38.1999	38.5882	38.4797	38.5694	38.3742	38.960699999999996	38.1783	38.6871	38.3186	38.8578	38.639	38.9202	38.7404	38.6774	38.596799999999995	38.7474	38.5256	38.6539	38.1
Sor-CPnd_015-Ex1-5F-lcwgs-1-2-L3-clmp.r1r2_fastp	55.145900000000005	39.987	38.2128	36.9984	38.5118	37.2275	36.736200000000004	38.082100000000004	38.8891	36.5757	41.5008	40.4171	40.2289	39.3774	39.4221	38.7208	39.6406	38.7729	39.6253	39.133	39.7699	38.9091	39.569500000000005	38.6748	39.178200000000004	38.7447	38.8135	38.487500000000004	39.2532	38.5049	39.2238	38.8158	39.259100000000004	38.5765	39.1803	38.3875	39.0225	38.488099999999996	39.0265	38.3695	39.1811	38.3969	38.7969	38.466899999999995	38.7936	38.177699999999994	38.7668	38.0655	38.603	38.285799999999995	38.6474	38.2734	38.7449	38.1709	38.5345	38.468999999999994	38.702999999999996	38.0849	38.711400000000005	38.0614	38.6509	38.278	38.4544	38.041599999999995	38.669599999999996	38.0172	38.5868	37.9075	38.5841	37.894800000000004	38.7391	38.1691	38.5637	38.1275	38.448100000000004	38.173899999999996	38.466699999999996	37.979400000000005	38.4717	38.0491	38.6791	37.960300000000004	38.812999999999995	38.2732	38.46	38.3645	38.4701	37.960300000000004	38.7406	38.0158	38.6	38.201499999999996	38.3895	38.160500000000006	38.716	38.134299999999996	38.609700000000004	38.3808	38.4483	38.1525	38.7701	38.0724	38.343199999999996	38.4431	38.4584	38.1551	38.5034	38.234	38.5126	38.0944	38.3915	38.066100000000006	38.6492	38.1863	38.3362	38.3211	38.6644	38.207	38.533699999999996	38.3325	38.58	38.3896	38.504	38.266	38.514700000000005	38.3513	38.6409	38.6721	38.5849	38.2278	38.592999999999996	38.4081	38.525	38.4768	38.5845	38.549299999999995	38.833400000000005	38.331700000000005	38.6324	38.456	38.7515	38.5851	38.8214	38.7485	38.8911	38.7201	38.9431	38.3239	38.5296	38.1615
Sor-CPnd_016-Ex1-1B-lcwgs-1-2-L2-clmp.r1r2_fastp	57.1346	38.0272	40.408	37.412099999999995	36.7798	36.681000000000004	35.0632	36.7721	38.0718	35.754599999999996	40.7577	40.4598	39.8907	39.024	39.1398	38.4216	38.9819	38.6862	39.138099999999994	38.8897	39.2161	38.7052	39.088	38.2774	38.5651	38.166	38.3229	38.0768	38.7016	38.2358	38.7826	38.5647	38.7895	38.3678	38.709700000000005	38.2783	38.5496	38.132	38.5145	38.2112	38.7948	38.3704	38.711400000000005	38.4159	38.5332	38.224000000000004	38.4974	38.147999999999996	38.4821	38.3102	38.535000000000004	38.3621	38.6721	38.3334	38.602	38.3483	38.548700000000004	38.164500000000004	38.6407	38.236	38.7148	38.3581	38.4654	38.323499999999996	38.7893	38.2087	38.5746	38.2704	38.4984	38.2271	38.6008	38.4041	38.6745	38.4427	38.507400000000004	38.2472	38.5612	38.276700000000005	38.5522	38.2342	38.6528	38.4702	38.6457	38.3521	38.5538	38.3581	38.5034	38.230399999999996	38.6967	38.3168	38.5951	38.5325	38.682100000000005	38.4251	38.6023	38.388600000000004	38.5566	38.3244	38.4894	38.447900000000004	38.6691	38.4113	38.6524	38.5696	38.5753	38.454899999999995	38.5527	38.297	38.5959	38.2907	38.5433	38.4509	38.6327	38.5039	38.7156	38.481	38.664500000000004	38.3691	38.474199999999996	38.2994	38.562999999999995	38.3972	38.5746	38.5329	38.7807	38.5429	38.6034	38.4428	38.695800000000006	38.4193	38.5843	38.533899999999996	38.7344	38.6048	38.7769	38.7077	38.718799999999995	38.467	38.7331	38.6447	38.779599999999995	38.709900000000005	38.8912	38.6864	38.9812	38.8084	38.8825	38.6856	38.9001	38.3832
Sor-CPnd_016-Ex1-1B-lcwgs-1-2-L3-clmp.r1r2_fastp	57.1175	37.945299999999996	40.4654	37.437799999999996	36.8686	36.716100000000004	35.1659	36.9007	38.1274	35.703	40.667500000000004	40.4231	40.047	39.0537	39.1541	38.4095	39.151799999999994	38.668200000000006	39.1858	38.9898	39.311099999999996	38.793299999999995	39.0754	38.312000000000005	38.6959	38.244299999999996	38.488499999999995	38.135200000000005	38.839800000000004	38.2668	38.8753	38.507999999999996	38.8735	38.3635	38.7737	38.2842	38.736599999999996	38.2824	38.6414	38.2879	38.9503	38.3688	38.819900000000004	38.412800000000004	38.6036	38.217	38.5924	38.2206	38.3911	38.2816	38.5992	38.3601	38.7396	38.305499999999995	38.669399999999996	38.4102	38.632	38.2357	38.6855	38.190000000000005	38.6903	38.388099999999994	38.568799999999996	38.3855	38.7546	38.1089	38.6004	38.175399999999996	38.637	38.2324	38.758900000000004	38.3493	38.791799999999995	38.5178	38.5323	38.449600000000004	38.622499999999995	38.227	38.7123	38.3018	38.6939	38.3441	38.7794	38.4224	38.6415	38.3225	38.4997	38.339	38.636900000000004	38.3356	38.730199999999996	38.669399999999996	38.5621	38.5007	38.7157	38.326100000000004	38.6875	38.350699999999996	38.67	38.3068	38.7112	38.3729	38.7119	38.512800000000006	38.501999999999995	38.4838	38.6272	38.3172	38.6336	38.4644	38.6398	38.380399999999995	38.6888	38.5446	38.434000000000005	38.5866	38.6005	38.3863	38.6143	38.3759	38.568599999999996	38.4807	38.6227	38.494	38.7988	38.3685	38.638099999999994	38.3334	38.6176	38.3144	38.657000000000004	38.5032	38.4764	38.4884	38.630700000000004	38.6394	38.760600000000004	38.4238	38.6716	38.5518	38.7795	38.6322	38.9715	38.6087	38.9119	38.7403	38.766	38.695	38.8236	38.2453
Sor-CPnd_017-Ex1-3G-lcwgs-1-2-L2-clmp.r1r2_fastp	55.7278	37.635000000000005	37.1798	35.9814	36.8491	35.599799999999995	34.7546	36.032399999999996	37.1133	35.0291	39.961400000000005	39.0038	38.8831	38.0582	38.0825	37.2297	38.0293	37.4139	38.046400000000006	37.8579	38.1812	37.5725	38.171	37.2148	37.592999999999996	37.228699999999996	37.4022	36.9769	37.758399999999995	36.971	37.7776	37.4518	37.7923	37.264	37.7502	37.1091	37.554700000000004	37.0381	37.469	37.0506	37.810700000000004	36.9648	37.6838	37.298500000000004	37.358000000000004	37.017	37.4071	36.864599999999996	37.3104	37.1592	37.4277	37.106899999999996	37.5727	37.249700000000004	37.402499999999996	37.297000000000004	37.4894	36.8673	37.4976	36.9778	37.5352	37.058	37.4406	37.065799999999996	37.5982	37.0966	37.464999999999996	37.229	37.345099999999995	36.9638	37.6177	36.9477	37.4576	37.1841	37.289899999999996	37.1751	37.5669	36.9941	37.4002	37.1193	37.5912	37.2494	37.4439	37.1323	37.571799999999996	37.3537	37.397200000000005	37.0226	37.6776	37.2127	37.5938	37.270199999999996	37.4746	37.1824	37.614599999999996	37.288	37.5242	37.1785	37.4529	37.096000000000004	37.678200000000004	37.1178	37.5117	37.4753	37.3868	37.1879	37.3894	37.2188	37.3992	37.349700000000006	37.3821	37.204	37.4591	37.2389	37.4421	37.343199999999996	37.6198	37.3728	37.588100000000004	37.121300000000005	37.4303	37.4156	37.4826	37.2935	37.777100000000004	37.3605	37.477199999999996	37.3867	37.5978	37.3335	37.6502	37.2657	37.6592	37.4944	37.5709	37.6126	37.689099999999996	37.343900000000005	37.828	37.4264	37.668099999999995	37.5186	37.9155	37.6375	37.8461	38.081900000000005	37.7945	37.698	37.7757	37.3143
Sor-CPnd_017-Ex1-3G-lcwgs-1-2-L3-clmp.r1r2_fastp	55.7415	37.798300000000005	37.087599999999995	35.9371	36.8955	35.821999999999996	34.888799999999996	35.9864	37.1364	35.215	39.9268	38.9987	38.7878	38.1386	38.0056	37.3696	38.182500000000005	37.376799999999996	38.1359	37.8542	38.2635	37.653	38.1817	37.3245	37.764399999999995	37.37	37.5071	37.152	37.7014	37.0017	37.932500000000005	37.4433	37.7787	37.2979	37.8334	37.2639	37.6201	37.1165	37.656800000000004	37.109700000000004	37.9338	37.1643	37.7458	37.2994	37.513200000000005	37.1864	37.547799999999995	37.0282	37.365500000000004	37.0691	37.480799999999995	37.1881	37.6132	37.0543	37.4675	37.269400000000005	37.573499999999996	37.066500000000005	37.6653	37.086999999999996	37.629000000000005	37.3135	37.4709	37.2256	37.4356	36.9469	37.531	36.9471	37.5278	37.1341	37.567099999999996	37.1306	37.4238	37.3241	37.487500000000004	37.4458	37.573499999999996	37.2653	37.5079	37.343399999999995	37.5082	37.0796	37.5643	37.2854	37.3881	37.3055	37.3359	37.1433	37.6678	37.15	37.5433	37.6124	37.2751	37.4751	37.582	37.3197	37.5159	37.3232	37.3303	37.2817	37.345099999999995	37.2177	37.6293	37.5411	37.4943	37.2388	37.5777	37.1089	37.4361	37.3377	37.3257	37.2462	37.5587	37.3556	37.4912	37.3639	37.669000000000004	37.318400000000004	37.505	37.2259	37.5792	37.3153	37.572	37.3831	37.562400000000004	37.4341	37.6586	37.3004	37.8296	37.3563	37.6591	37.316300000000005	37.438	37.7548	37.6674	37.6526	37.791799999999995	37.2832	37.8744	37.672200000000004	37.8609	37.6353	37.9099	37.5159	37.976	37.9583	37.849500000000006	37.9031	37.681	37.3943
Sor-CPnd_018-Ex1-1E-lcwgs-1-2-L2-clmp.r1r2_fastp	55.323699999999995	39.656000000000006	37.5777	37.183699999999995	38.1661	36.866	35.645700000000005	37.0853	37.9572	36.0075	40.7276	39.9421	39.6064	38.9038	38.8628	38.2096	38.8438	38.3104	38.91	38.6085	39.0056	38.4648	38.8898	38.17	38.488499999999995	38.3014	38.3439	37.913999999999994	38.6401	38.0146	38.677499999999995	38.3364	38.581500000000005	38.1657	38.574799999999996	38.0193	38.513799999999996	38.0189	38.235	37.939299999999996	38.5306	37.8851	38.4846	38.1807	38.3158	37.9499	38.325900000000004	37.8106	38.2782	37.9264	38.1864	37.8735	38.4424	37.881	38.2187	38.0607	38.3144	37.7519	38.357	37.7599	38.3373	38.0308	38.1265	37.9685	38.2596	37.784600000000005	38.0995	37.9666	38.113200000000006	37.7531	38.321600000000004	37.8539	38.259100000000004	38.0107	38.033699999999996	37.8301	38.2658	37.7698	38.1877	37.918600000000005	38.2972	37.992	38.1826	37.9029	38.1293	37.9907	38.0897	37.7098	38.3085	37.7809	38.149499999999996	38.1322	38.0758	37.920500000000004	38.2885	37.9161	38.192	37.954	38.1268	37.782	38.2399	37.832100000000004	38.1738	38.0878	38.1721	38.0109	38.2206	37.7868	38.1848	37.8681	38.106899999999996	37.8736	38.0913	37.9698	38.1875	38.0676	38.292300000000004	37.8622	38.0517	37.798700000000004	38.1797	38.0486	38.020199999999996	38.0009	38.298700000000004	37.9742	38.15	37.9641	38.114	37.7768	38.2477	37.8967	38.2189	38.1447	38.1126	38.0494	38.2259	38.0507	38.2568	38.0594	38.238299999999995	38.2854	38.3116	38.3771	38.4277	38.474599999999995	38.204	38.2151	38.4278	37.628099999999996
Sor-CPnd_018-Ex1-1E-lcwgs-1-2-L3-clmp.r1r2_fastp	55.337	39.6947	37.6716	37.2967	38.2466	37.0474	35.835699999999996	37.1706	38.1665	36.165000000000006	40.6374	39.983000000000004	39.7649	38.9942	38.8982	38.298300000000005	38.9246	38.3497	38.8628	38.6735	39.0717	38.5662	39.0093	38.2156	38.594699999999996	38.2957	38.374900000000004	37.9706	38.6339	38.0128	38.8052	38.427299999999995	38.6067	38.2205	38.6482	38.0778	38.517	38.079499999999996	38.3647	37.9449	38.583600000000004	37.9598	38.464	38.1863	38.3093	37.9929	38.3136	37.8652	38.1161	37.933299999999996	38.196600000000004	37.9734	38.4283	37.9531	38.3471	38.0921	38.2747	37.8411	38.3131	37.8155	38.3613	37.971700000000006	38.1596	37.9739	38.363	37.8666	38.256099999999996	37.8497	38.2112	37.7745	38.3973	37.884499999999996	38.1854	37.9507	38.0873	38.0594	38.248	37.8305	38.2725	37.964	38.1963	37.9547	38.2342	37.9444	38.2689	38.0839	38.1245	37.8263	38.3467	37.798500000000004	38.2	38.2003	38.175799999999995	37.9638	38.2979	37.9262	38.2262	38.0107	38.0666	37.9776	38.24	37.9319	38.1614	38.1548	38.1277	37.988699999999994	38.1252	37.9025	38.1432	37.7896	38.0709	37.9075	38.201499999999996	38.0266	38.1123	38.1937	38.2153	37.8311	38.2102	37.7479	38.1637	37.963	38.0893	38.083	38.2498	37.964999999999996	38.1263	37.9581	38.1193	37.8945	38.2809	37.8619	38.14	38.2054	38.178	38.1563	38.3095	38.089	38.331700000000005	37.9916	38.3821	38.172	38.4857	38.100699999999996	38.4434	38.390299999999996	38.380399999999995	38.2407	38.247	37.8513
Sor-CPnd_019-Ex1-6G-lcwgs-1-2-L2-clmp.r1r2_fastp	54.826600000000006	39.5702	37.7406	36.699	38.1188	36.8178	36.0995	37.5157	38.3026	36.013099999999994	40.8825	39.9698	39.6457	38.9702	38.9288	38.2626	39.0432	38.256299999999996	38.920500000000004	38.6517	39.080999999999996	38.433	38.9625	38.1255	38.4911	38.217	38.2887	37.864599999999996	38.5847	37.853500000000004	38.636700000000005	38.3027	38.6078	38.149300000000004	38.5942	37.9598	38.474399999999996	37.9548	38.3243	37.808	38.5113	37.9202	38.3777	38.0629	38.2792	37.8068	38.230799999999995	37.7389	38.1162	37.8538	38.2331	37.711099999999995	38.34	37.8343	38.2112	38.0457	38.2835	37.6337	38.2822	37.704100000000004	38.278800000000004	37.9418	38.0779	37.7694	38.2102	37.7262	38.0249	37.9452	38.0157	37.6357	38.2429	37.7646	38.1796	37.865700000000004	38.045	37.8193	38.1869	37.7043	38.294	37.891999999999996	38.141000000000005	37.8748	38.2307	37.8121	38.0263	37.8966	38.066100000000006	37.6646	38.2636	37.8364	38.168400000000005	38.049	38.1219	37.8893	38.1529	37.926500000000004	38.236599999999996	37.8832	38.0136	37.867	38.2849	37.729800000000004	38.223400000000005	38.047	38.100699999999996	37.9284	38.1179	37.9202	38.095099999999995	37.891200000000005	38.0814	37.955600000000004	38.0717	37.9509	38.1952	38.055499999999995	38.183499999999995	37.8342	38.002900000000004	37.926300000000005	38.23	37.9739	38.2531	37.9625	38.298500000000004	38.0801	38.2566	38.1	38.2559	37.973099999999995	38.292	37.9635	38.2625	38.229800000000004	38.298300000000005	38.1834	38.3793	38.0813	38.3496	38.3697	38.4043	38.2869	38.6428	38.520700000000005	38.7917	38.6259	38.629000000000005	38.4682	38.535199999999996	37.931
Sor-CPnd_019-Ex1-6G-lcwgs-1-2-L3-clmp.r1r2_fastp	54.7998	39.6277	37.7156	36.7749	38.081700000000005	36.9351	36.173899999999996	37.7209	38.3549	36.1125	41.0065	40.0608	39.7819	38.9313	39.0614	38.3077	39.0998	38.3463	39.0585	38.799499999999995	39.251200000000004	38.4421	39.0557	38.2011	38.6642	38.244	38.4349	37.9838	38.675	38.0529	38.760600000000004	38.392900000000004	38.722699999999996	38.3417	38.6042	38.1011	38.4922	38.0824	38.4581	37.9635	38.7029	38.0177	38.5625	38.2901	38.3403	37.9827	38.3866	37.8082	38.234	37.919599999999996	38.2146	37.980000000000004	38.4208	38.012	38.279	38.109	38.2996	37.8131	38.3944	37.7194	38.351800000000004	38.022800000000004	38.041000000000004	37.9895	38.2954	37.7824	38.304100000000005	37.8562	38.126599999999996	37.7624	38.3074	37.843700000000005	38.3639	37.9948	38.1123	37.913999999999994	38.3536	37.776700000000005	38.2182	37.906800000000004	38.2596	37.952799999999996	38.217600000000004	38.0042	38.1247	37.965199999999996	38.1871	37.6993	38.4022	37.8818	38.2494	38.0362	38.2008	38.0206	38.2249	37.9884	38.2428	37.858799999999995	38.142900000000004	37.878299999999996	38.1916	37.844100000000005	38.1649	38.008900000000004	38.1536	37.9897	38.1322	37.838899999999995	38.2885	37.9369	38.3247	37.952000000000005	38.198	38.0083	38.0815	38.1119	38.306400000000004	37.8992	38.365300000000005	37.895	38.295899999999996	38.0861	38.25	38.157000000000004	38.2467	38.0704	38.3296	37.9668	38.268299999999996	37.8985	38.328	38.0243	38.1524	38.264399999999995	38.2697	38.2732	38.3896	38.0353	38.3044	38.29	38.3028	38.3801	38.603500000000004	38.275	38.5614	38.6613	38.271	38.337900000000005	38.5711	37.8711
Sor-CPnd_020-Ex1-2E-lcwgs-1-2-L2-clmp.r1r2_fastp	56.0859	37.8145	37.1659	36.1104	37.4164	35.7879	35.1499	35.955	37.2138	35.129599999999996	40.2362	39.116	39.1344	38.0786	38.3589	37.4559	38.3183	37.4529	38.3155	37.6926	38.737500000000004	37.5959	38.397999999999996	37.258599999999994	37.9226	37.3416	37.6817	37.1622	37.845	37.0647	38.113	37.5025	37.9598	37.355	38.0099	37.2547	37.814	37.1497	37.6796	37.0557	37.926500000000004	37.0692	37.852999999999994	37.2568	37.6687	37.194	37.6824	36.9331	37.601600000000005	37.019000000000005	37.6518	37.2192	37.945499999999996	37.1289	37.6618	37.3313	37.6862	37.0054	37.784	36.9598	37.7811	37.2749	37.5237	37.270199999999996	37.7177	37.1715	37.7712	37.1357	37.6438	37.0374	37.6951	37.1802	37.6855	37.28	37.6015	37.2441	37.7593	37.0871	37.7545	37.3102	37.754599999999996	37.419999999999995	37.744699999999995	37.2208	37.6822	37.3174	37.6188	37.0901	37.8371	37.1169	37.82	37.580000000000005	37.6775	37.3998	37.7421	37.3697	37.8148	37.3767	37.6174	37.2993	37.859300000000005	37.3217	37.6995	37.467600000000004	37.6326	37.5302	37.8106	37.2718	37.865500000000004	37.310300000000005	37.768299999999996	37.430600000000005	37.9233	37.5018	37.912	37.615700000000004	37.8524	37.3399	37.817499999999995	37.477	38.0064	37.440400000000004	37.7963	37.6413	37.9328	37.655699999999996	37.973099999999995	37.6312	37.9984	37.5913	38.0325	37.5736	38.1136	37.8253	38.005	37.918600000000005	38.0704	37.6731	38.0863	37.9012	38.2071	38.063	38.3506	38.0854	38.4872	38.0667	38.2547	37.9017	38.333099999999995	37.3475
Sor-CPnd_020-Ex1-2E-lcwgs-1-2-L3-clmp.r1r2_fastp	55.834700000000005	37.749	37.0895	36.1002	37.334	35.8948	34.9651	36.0851	37.3003	35.0804	40.2343	39.2785	39.2136	38.2783	38.3342	37.5029	38.3924	37.6732	38.365899999999996	37.9848	38.5316	37.7729	38.329299999999996	37.5386	37.938100000000006	37.399300000000004	37.7403	37.1501	38.002900000000004	37.1888	38.133	37.6316	38.0678	37.4707	38.004599999999996	37.3647	37.912800000000004	37.2033	37.7168	37.1811	38.0471	37.2668	37.9115	37.4784	37.7164	37.2052	37.7336	37.0928	37.6604	37.205	37.6269	37.238	37.8453	37.3255	37.7201	37.3944	37.7696	37.1579	37.7037	37.1941	37.8205	37.350699999999996	37.5771	37.344	37.725500000000004	37.2653	37.7398	37.122899999999994	37.655499999999996	37.243700000000004	37.816300000000005	37.2712	37.8087	37.4629	37.7186	37.4032	37.8543	37.3189	37.7014	37.2583	37.8044	37.4274	37.7394	37.3778	37.7628	37.4801	37.6999	37.3609	37.9111	37.373	37.8341	37.546400000000006	37.8282	37.4971	37.825399999999995	37.4165	37.9133	37.498599999999996	37.7547	37.491400000000006	37.8641	37.3821	37.7295	37.6627	37.668	37.6282	37.8675	37.437599999999996	37.770700000000005	37.4456	37.807	37.562	37.9834	37.6435	37.7496	37.6959	37.8693	37.553399999999996	37.8933	37.4431	37.8957	37.602000000000004	37.8008	37.7108	37.9498	37.6718	37.9702	37.6725	38.1689	37.5248	38.117200000000004	37.6249	37.7979	37.9732	37.8454	37.9696	38.107400000000005	37.7149	37.9371	37.9371	38.080000000000005	38.1068	38.2144	38.0291	38.2646	38.2516	38.182100000000005	37.9193	38.3272	37.3946
Sor-CPnd_022-Ex1-7C-lcwgs-1-2-L2-clmp.r1r2_fastp	55.3936	39.301199999999994	37.4953	36.1206	37.5647	36.3808	35.6727	37.117	38.083600000000004	35.623599999999996	40.7157	39.9009	39.3916	38.6886	38.662600000000005	38.0171	38.6582	38.0674	38.572	38.4309	38.7602	38.1303	38.6455	37.811499999999995	38.1335	37.7851	37.8459	37.5679	38.1606	37.5614	38.2836	37.9504	38.257200000000005	37.7602	38.2286	37.6656	38.0292	37.6387	37.8671	37.4726	38.1995	37.4369	38.0618	37.7348	37.9288	37.4847	37.8275	37.320100000000004	37.8523	37.492799999999995	37.8187	37.5998	37.9582	37.5321	37.810100000000006	37.676700000000004	37.802	37.392900000000004	37.8976	37.3876	37.887	37.6247	37.8008	37.472699999999996	37.9155	37.4741	37.7981	37.587900000000005	37.7198	37.4243	37.9092	37.4885	37.9045	37.6262	37.6718	37.5026	37.8762	37.4396	37.818000000000005	37.5081	37.8631	37.6648	37.8344	37.54	37.8289	37.6047	37.7724	37.5033	37.9697	37.419200000000004	37.8707	37.7281	37.8832	37.5805	37.9002	37.5922	37.8149	37.6319	37.716499999999996	37.574999999999996	37.986599999999996	37.485	37.917699999999996	37.7996	37.8831	37.7234	37.8796	37.6207	37.8517	37.563	37.906800000000004	37.5882	37.9587	37.7388	37.9503	37.8499	37.9014	37.6041	37.8004	37.7151	38.0303	37.688500000000005	37.891799999999996	37.7607	38.0659	37.7887	37.979600000000005	37.849500000000006	37.911	37.7334	38.0681	37.7264	37.974799999999995	37.8996	37.9814	37.9733	38.210699999999996	37.9623	38.2475	37.9858	38.1933	38.198	38.3421	38.1337	38.4957	38.3616	38.2599	38.2417	38.1884	37.7821
Sor-CPnd_022-Ex1-7C-lcwgs-1-2-L3-clmp.r1r2_fastp	55.449400000000004	39.2665	37.5748	36.1255	37.6766	36.55	35.871700000000004	37.3394	38.2133	35.74	40.6625	39.9825	39.5574	38.7358	38.7444	38.0524	38.778800000000004	38.184200000000004	38.7281	38.4715	38.8356	38.2794	38.7564	37.8662	38.2081	37.8203	37.9236	37.6409	38.2608	37.6769	38.359500000000004	38.063399999999994	38.3438	37.9314	38.1932	37.735400000000006	38.1072	37.687799999999996	37.9691	37.5678	38.2888	37.694100000000006	38.0966	37.8525	37.7984	37.658500000000004	37.9994	37.3894	37.742599999999996	37.5394	37.9962	37.608000000000004	38.100899999999996	37.6552	37.934	37.7019	37.921	37.4146	38.0227	37.567099999999996	38.0585	37.7038	37.7398	37.5847	37.9955	37.521	37.8361	37.385600000000004	37.745200000000004	37.410399999999996	37.933	37.5375	37.9271	37.6839	37.7613	37.622699999999995	37.9272	37.439	37.9429	37.5816	37.9101	37.614399999999996	37.8621	37.6383	37.9016	37.6444	37.7618	37.5224	37.9932	37.423	37.8602	37.8281	37.8271	37.5907	37.8579	37.616	37.9112	37.6438	37.769999999999996	37.6533	37.9423	37.6063	37.941399999999994	37.8146	37.8417	37.7086	37.8733	37.5452	38.0039	37.4823	37.8112	37.5809	38.0325	37.8095	37.8899	37.884	37.986	37.6478	38.0002	37.5815	38.0088	37.7747	37.8764	37.8901	38.0858	37.8091	37.993700000000004	37.8956	37.9394	37.648199999999996	37.9589	37.790800000000004	37.9014	38.0574	38.0789	38.0136	38.1013	37.9233	38.075199999999995	37.9446	38.1278	38.1265	38.3067	38.25	38.4352	38.3709	38.337199999999996	38.1125	38.3457	37.6892
Sor-CPnd_024-Ex1-5G-lcwgs-1-2-L2-clmp.r1r2_fastp	55.1917	39.0214	37.256099999999996	36.0138	37.8756	36.409000000000006	35.8685	36.9805	37.9022	35.747	40.578199999999995	39.652	39.4743	38.793499999999995	38.6519	37.961600000000004	38.9429	37.9451	38.9429	38.4456	39.0134	38.0618	39.028	37.9221	38.4997	37.9496	37.9958	37.785999999999994	38.5387	37.6693	38.6339	38.1462	38.5153	37.9605	38.368900000000004	37.7036	38.3609	37.6276	38.1787	37.7037	38.2284	37.5864	38.169	37.8051	37.8837	37.467299999999994	38.1067	37.4058	38.055099999999996	37.6368	37.9169	37.553599999999996	38.2492	37.411899999999996	37.9709	37.7483	38.0705	37.2878	37.9881	37.4094	38.0102	37.5085	37.9248	37.3465	38.2718	37.5492	38.0874	37.3411	37.8395	37.3758	37.9086	37.4156	37.9923	37.5197	37.838100000000004	37.5811	37.820100000000004	37.4666	37.9272	37.569399999999995	38.0109	37.433	38.012299999999996	37.4735	37.8753	37.6509	37.8097	37.3284	38.0124	37.5632	37.884	37.665	37.852799999999995	37.6965	38.0103	37.308	37.9371	37.595600000000005	37.8206	37.6866	37.8204	37.556200000000004	37.932900000000004	37.841	37.8763	37.7293	37.7276	37.5393	38.0845	37.6298	37.8532	37.364999999999995	38.2257	37.5558	37.8848	37.7477	38.0157	37.2647	37.9672	37.5017	37.918400000000005	38.0103	38.012499999999996	37.7624	38.231700000000004	37.7665	38.034600000000005	38.178200000000004	38.0078	37.648199999999996	38.2901	37.9154	38.2459	38.1323	38.1315	37.998599999999996	38.298300000000005	37.5618	38.1207	38.1003	38.2084	38.1175	38.6426	38.1313	38.6913	38.420300000000005	38.4317	38.1787	38.2803	37.487700000000004
Sor-CPnd_024-Ex1-5G-lcwgs-1-2-L3-clmp.r1r2_fastp	55.069900000000004	38.9762	37.263400000000004	36.0841	37.7759	36.4773	35.6695	37.0716	38.0088	35.7921	40.7279	39.7849	39.6603	38.7202	38.8425	37.977	38.759100000000004	38.1229	38.8249	38.4035	39.0616	38.2231	38.9305	37.8879	38.526700000000005	38.134499999999996	38.237	37.6868	38.4884	37.770199999999996	38.6257	38.1098	38.4399	37.9079	38.518	37.8285	38.298300000000005	37.7782	38.175799999999995	37.634699999999995	38.3822	37.769999999999996	38.2577	37.9122	38.1704	37.5071	38.196000000000005	37.4445	37.9157	37.665	37.9918	37.6798	37.946600000000004	37.7274	38.1117	37.66	38.0117	37.4543	38.228899999999996	37.4723	38.1248	37.7956	37.769200000000005	37.5371	37.9919	37.579	38.045	37.5081	37.7811	37.439	38.1379	37.6365	37.978	37.8682	37.892900000000004	37.7126	38.2378	37.6303	38.122099999999996	37.6218	38.0129	37.459199999999996	38.1191	37.7751	37.9714	37.7758	37.927699999999994	37.579	38.2483	37.5426	37.9096	37.830999999999996	37.9237	37.7254	38.2803	37.772299999999994	37.872299999999996	37.8674	37.847500000000004	37.6469	38.1002	37.5135	37.8289	37.8183	37.939299999999996	37.612899999999996	38.1385	37.7752	38.2734	37.8619	38.1151	37.7813	37.7706	37.8066	37.76	37.8847	38.1644	37.687799999999996	38.198100000000004	37.7018	37.975300000000004	38.0357	38.0195	38.117200000000004	38.0907	37.9708	38.2034	37.891799999999996	38.338100000000004	37.4283	38.1101	37.7045	38.068000000000005	37.932300000000005	38.03	38.4973	38.2956	37.8059	38.3296	38.216899999999995	38.2605	38.1961	38.518299999999996	38.1785	38.5977	38.2134	38.055499999999995	38.1052	38.727000000000004	37.6594
Sor-CPnd_026-Ex1-3H-lcwgs-1-2-L2-clmp.r1r2_fastp	56.18919999999999	38.0849	37.171	36.018	37.444300000000005	36.0287	35.1266	36.3709	37.3662	35.3399	40.365	39.604800000000004	39.2074	38.4972	38.411899999999996	37.8028	38.595800000000004	37.9158	38.6041	38.2386	38.653999999999996	38.021100000000004	38.5971	37.7875	38.2006	37.7535	37.7828	37.5284	38.1896	37.5691	38.2199	37.9668	38.128299999999996	37.689499999999995	38.1726	37.6178	38.0023	37.5057	37.891200000000005	37.5495	38.2687	37.4764	37.9948	37.8487	37.9279	37.5734	37.9313	37.574999999999996	37.8322	37.572100000000006	37.880399999999995	37.5875	38.1208	37.4418	37.93	37.6245	37.9498	37.4701	38.0655	37.5481	38.1574	37.7245	37.8031	37.64	37.9988	37.565599999999996	37.8423	37.6021	37.7607	37.5292	38.1169	37.6531	37.9855	37.7552	37.859500000000004	37.4634	37.9371	37.4463	37.8524	37.756	37.9326	37.6359	37.9458	37.4981	37.9555	37.825900000000004	37.8371	37.641999999999996	38.047599999999996	37.5336	37.9626	37.8914	37.838699999999996	37.8603	37.9711	37.6398	38.0556	37.687599999999996	37.8824	37.6261	37.931799999999996	37.5627	37.9642	37.8021	37.8197	37.7141	37.92	37.4112	37.9726	37.5688	37.9302	37.6269	37.8631	37.7622	37.8384	37.9406	38.0293	37.7838	37.9768	37.5579	37.909	37.8127	37.8459	37.966	37.9959	37.728699999999996	37.8445	37.6719	37.8726	37.7077	38.0008	37.805	37.9403	38.0728	37.8078	38.0672	38.0631	37.7731	38.1959	37.907999999999994	38.1766	37.9536	38.177699999999994	38.1957	38.4294	38.344	38.2148	38.0618	38.2186	37.701
Sor-CPnd_026-Ex1-3H-lcwgs-1-2-L3-clmp.r1r2_fastp	55.9657	38.196400000000004	37.215900000000005	36.0738	37.5208	36.2251	35.134	36.4597	37.3558	35.458600000000004	40.4778	39.576	39.1832	38.655899999999995	38.329800000000006	37.9467	38.571600000000004	37.8638	38.4826	38.3078	38.7453	38.0567	38.5247	37.8416	38.077299999999994	37.8875	37.9454	37.4183	38.222	37.4853	38.2216	37.9521	38.040099999999995	37.8452	38.164300000000004	37.7457	38.07	37.675599999999996	37.9773	37.6661	38.194	37.7029	38.0559	37.778600000000004	37.9593	37.622299999999996	37.8866	37.5166	37.7754	37.7179	37.7367	37.6336	38.0792	37.6298	38.0121	37.752599999999994	37.957	37.5455	37.698100000000004	37.467099999999995	37.9668	37.806400000000004	37.6946	37.722899999999996	38.0004	37.526700000000005	37.9014	37.4147	37.8278	37.4757	37.995400000000004	37.5713	38.047	37.8403	37.7744	37.7753	37.9647	37.6474	38.0369	37.7299	37.9865	37.5541	38.022	37.6457	37.8431	37.6806	37.8933	37.4321	38.0319	37.6119	37.9505	37.9564	38.0057	37.7095	37.9922	37.7667	38.0501	37.6647	37.7973	37.573	37.9893	37.6313	38.0111	37.925799999999995	37.7945	37.7559	37.931	37.706	37.937	37.589	37.9231	37.8092	37.816100000000006	37.9408	37.9212	37.8971	37.8142	37.5982	37.925399999999996	37.6574	37.9942	37.615500000000004	37.8891	37.745200000000004	38.0115	37.8071	37.9797	37.828	38.0198	37.7462	38.1384	37.7243	37.987500000000004	37.912	37.974599999999995	38.0375	38.1151	37.8411	38.0854	38.0159	38.1391	38.0263	38.4163	38.126599999999996	38.3348	38.2472	38.211600000000004	38.164300000000004	38.2639	37.7309
Sor-CPnd_027-Ex1-3C-lcwgs-1-2-L2-clmp.r1r2_fastp	56.1805	38.4835	37.8405	36.1866	37.6064	36.4332	35.7205	36.8067	37.788	35.5074	40.638200000000005	39.8097	39.4318	38.7038	38.7021	38.1348	38.7336	38.1759	38.7616	38.5702	38.8506	38.1258	38.712	37.914500000000004	38.190400000000004	37.929899999999996	37.9123	37.5685	38.184000000000005	37.662	38.3229	38.1126	38.2951	37.8753	38.270900000000005	37.8013	38.1521	37.6678	38.0375	37.673899999999996	38.318799999999996	37.6978	38.2659	37.9159	38.07	37.695299999999996	38.0347	37.6389	38.052	37.7257	38.0587	37.7677	38.2009	37.8425	38.105	37.9536	38.114	37.6077	38.2117	37.655	38.2016	37.844100000000005	37.9398	37.7828	38.2281	37.7529	38.019999999999996	37.8669	38.0411	37.7506	38.1897	37.6866	38.1106	37.9607	38.0774	37.7562	38.178200000000004	37.7224	38.0781	37.8205	38.2249	37.8983	38.1282	37.8743	38.1041	37.9357	37.997	37.7353	38.191900000000004	37.7596	38.1434	38.0276	38.0357	38.0232	38.3275	37.9217	38.3033	37.8973	38.076	37.7124	38.284600000000005	37.852000000000004	38.236399999999996	38.073	38.0507	38.0002	38.1716	37.8081	38.157799999999995	37.9301	38.2637	37.9202	38.3186	38.0111	38.1693	38.0893	38.304899999999996	37.9366	38.232699999999994	37.9035	38.2555	37.9574	38.2895	38.1346	38.4169	38.138	38.3552	38.0597	38.2548	37.993500000000004	38.4567	37.939499999999995	38.291199999999996	38.1651	38.271899999999995	38.4141	38.4615	38.257400000000004	38.4508	38.4662	38.4612	38.2919	38.6106	38.2977	38.7737	38.5756	38.616499999999995	38.3963	38.618	37.9699
Sor-CPnd_027-Ex1-3C-lcwgs-1-2-L3-clmp.r1r2_fastp	56.0982	38.451	37.8737	36.2606	37.772099999999995	36.5842	35.7777	36.937799999999996	37.8428	35.649	40.6993	39.8123	39.5374	38.6998	38.8294	38.069199999999995	38.865	38.1683	38.8543	38.6451	38.9366	38.2299	38.8022	37.9386	38.3183	37.886399999999995	38.0384	37.7524	38.2014	37.791799999999995	38.5233	38.0139	38.3163	37.813	38.4035	37.7927	38.196000000000005	37.7256	38.063599999999994	37.7095	38.4314	37.7754	38.338	37.8598	38.206	37.7902	38.1273	37.5967	37.9428	37.6599	38.1718	37.8162	38.2473	37.8262	38.1637	37.9295	38.1519	37.6267	38.1037	37.6918	38.2295	37.9507	37.965900000000005	37.8704	38.2181	37.7691	38.2596	37.6158	38.1233	37.6442	38.3121	37.863	38.2502	37.924600000000005	38.1168	37.9243	38.2504	37.7851	38.2303	37.859300000000005	38.208	37.8021	38.1872	38.0581	38.2585	37.918099999999995	38.1536	37.7538	38.3513	37.757400000000004	38.201299999999996	38.0627	38.2038	37.9232	38.2824	37.995400000000004	38.216899999999995	37.9156	38.0997	37.866	38.284400000000005	37.9451	38.2329	38.0984	38.3234	37.9509	38.2057	37.9075	38.2741	37.978899999999996	38.3718	37.9099	38.2953	38.135799999999996	38.181599999999996	38.155499999999996	38.329299999999996	37.8811	38.3212	37.8388	38.2645	38.0804	38.1701	38.1395	38.495200000000004	38.0736	38.4801	38.0439	38.3594	38.027300000000004	38.317	38.1524	38.2547	38.259	38.3476	38.3904	38.4819	38.1327	38.4415	38.2787	38.4622	38.355	38.628800000000005	38.5588	38.7558	38.616	38.580799999999996	38.432300000000005	38.5503	37.9028
Sor-CPnd_028-Ex1-3A-lcwgs-1-2-L2-clmp.r1r2_fastp	56.1685	38.5105	38.0407	36.3166	37.7396	36.5815	35.3915	36.6717	37.8668	35.4679	40.7231	40.2169	39.800000000000004	39.068000000000005	38.9733	38.2414	38.982099999999996	38.3596	38.9169	38.6197	39.139	38.4165	38.8403	38.1414	38.4526	37.9962	38.1655	37.7699	38.431599999999996	37.7385	38.5985	38.215700000000005	38.4937	38.0038	38.5245	37.8577	38.3232	37.776700000000005	38.1442	37.7066	38.4918	37.7432	38.4366	38.0015	38.2605	37.8283	38.252900000000004	37.6849	38.189	37.8417	38.204100000000004	37.8798	38.3218	37.941599999999994	38.24	38.0033	38.258700000000005	37.647999999999996	38.3402	37.7303	38.321	37.9432	38.1125	37.9723	38.3221	37.864399999999996	38.2044	37.8165	38.1666	37.7516	38.243500000000004	37.811	38.2531	37.8765	38.185	37.770399999999995	38.219500000000004	37.797399999999996	38.2538	37.858599999999996	38.331199999999995	37.9156	38.2764	37.9221	38.2052	37.9137	38.1456	37.831900000000005	38.3409	37.8348	38.2305	38.0868	38.3239	38.0042	38.3532	37.8897	38.2641	37.9385	38.1939	37.9795	38.2836	37.960300000000004	38.2832	38.145	38.222699999999996	38.0572	38.2921	37.8564	38.1841	37.998599999999996	38.1884	38.0028	38.2867	38.108799999999995	38.3221	38.170300000000005	38.289899999999996	37.9579	38.1884	37.836999999999996	38.3211	37.9742	38.2704	38.176100000000005	38.3415	38.191399999999994	38.3714	38.1523	38.3467	38.0924	38.337700000000005	38.0263	38.3609	38.2986	38.330799999999996	38.3498	38.3915	38.1908	38.5225	38.2703	38.5477	38.4646	38.5976	38.478699999999996	38.7088	38.5235	38.6148	38.4553	38.5312	37.9622
Sor-CPnd_028-Ex1-3A-lcwgs-1-2-L3-clmp.r1r2_fastp	56.0207	38.496	38.12	36.2597	37.8151	36.5661	35.5817	36.8014	38.0436	35.5442	40.7368	40.1713	39.886700000000005	39.0002	39.0386	38.3406	39.1148	38.303399999999996	38.9965	38.6679	39.1308	38.4065	38.9206	38.1409	38.5754	38.1291	38.256099999999996	37.8816	38.479200000000006	37.832	38.6336	38.3015	38.587700000000005	38.0355	38.5283	38.0054	38.3953	37.8754	38.257600000000004	37.8294	38.5335	37.8963	38.4726	38.153	38.3035	37.858399999999996	38.2898	37.7481	38.0524	37.8996	38.224399999999996	37.9071	38.4106	37.850899999999996	38.2946	38.115300000000005	38.3086	37.704100000000004	38.303	37.744499999999995	38.3383	37.9285	38.053	37.9362	38.3246	37.8687	38.270199999999996	37.7158	38.0976	37.7756	38.3906	37.7793	38.3609	38.0022	38.2216	37.9908	38.2415	37.7593	38.3	37.9009	38.365899999999996	37.8728	38.3753	37.9859	38.2889	37.951	38.223800000000004	37.7431	38.3602	37.8695	38.315599999999996	38.1588	38.3296	38.0552	38.3705	37.9824	38.4027	37.9097	38.0983	37.938	38.3601	37.8976	38.354	38.1921	38.2495	38.1214	38.4016	37.986599999999996	38.3305	37.952200000000005	38.277899999999995	37.944	38.281	38.0664	38.2712	38.2657	38.3085	37.9465	38.2746	38.0111	38.3419	38.1022	38.375	38.1136	38.438	38.0086	38.4248	38.196400000000004	38.3985	38.1048	38.2748	37.9809	38.263000000000005	38.3089	38.387100000000004	38.313900000000004	38.5935	38.2659	38.5182	38.2631	38.5728	38.3552	38.730199999999996	38.4726	38.7384	38.635999999999996	38.5	38.3674	38.581700000000005	38.0154
Sor-CPnd_029-Ex1-8E-lcwgs-1-2-L2-clmp.r1r2_fastp	54.2341	39.1686	36.8486	36.065599999999996	37.253	36.0501	35.1543	36.6456	37.4435	35.2848	40.1231	39.2427	38.8777	38.1177	38.088699999999996	37.5456	38.156400000000005	37.5138	38.0907	37.865700000000004	38.285799999999995	37.6522	38.0991	37.341	37.6683	37.3751	37.520399999999995	37.1237	37.7385	37.1182	37.8212	37.439699999999995	37.7745	37.3402	37.6978	37.225	37.595600000000005	37.129400000000004	37.5119	37.0755	37.731300000000005	37.0796	37.625	37.2549	37.465199999999996	37.1152	37.4037	36.9226	37.387100000000004	36.999500000000005	37.385000000000005	37.1243	37.525	37.0467	37.4375	37.1567	37.4504	36.9201	37.3869	36.911899999999996	37.4437	37.1305	37.2845	36.985600000000005	37.4471	36.931999999999995	37.4156	37.0239	37.2429	36.8613	37.4425	37.0451	37.370999999999995	37.1391	37.2953	37.0177	37.2774	36.8761	37.402	37.0248	37.4396	37.1128	37.3716	37.0013	37.3101	37.1644	37.182700000000004	36.978	37.3958	36.9709	37.2321	37.2355	37.2399	37.1429	37.3769	37.034299999999995	37.3457	37.0608	37.2252	37.019600000000004	37.418600000000005	36.9708	37.2957	37.1868	37.2939	37.1271	37.3602	37.0186	37.3265	37.0215	37.3185	37.1184	37.377700000000004	37.158	37.2662	37.3196	37.3495	37.0837	37.3267	37.0257	37.331199999999995	37.1703	37.3022	37.2715	37.5755	37.180800000000005	37.473299999999995	37.1919	37.4368	37.1115	37.539899999999996	37.1566	37.4426	37.4689	37.5791	37.501	37.6416	37.2387	37.7018	37.4506	37.7058	37.5541	37.7695	37.6525	37.8375	37.816	37.857600000000005	37.5811	37.8821	37.141000000000005
Sor-CPnd_029-Ex1-8E-lcwgs-1-2-L3-clmp.r1r2_fastp	54.10660000000001	39.1372	36.9129	36.0997	37.315799999999996	36.101499999999994	35.3027	36.7384	37.6627	35.3144	40.210499999999996	39.2453	38.9847	38.1483	38.148700000000005	37.4955	38.203900000000004	37.5152	38.2344	37.8774	38.2655	37.6102	38.1786	37.3519	37.7889	37.3604	37.5501	37.0869	37.8052	37.1046	37.9134	37.5101	37.7932	37.297799999999995	37.8177	37.182500000000005	37.641200000000005	37.1419	37.5301	37.0867	37.7193	37.0533	37.6574	37.269400000000005	37.4226	37.086400000000005	37.4298	36.9827	37.280499999999996	37.0491	37.3909	37.084	37.5635	37.025000000000006	37.3945	37.2038	37.3427	36.9319	37.4124	36.8512	37.402499999999996	37.1868	37.2268	37.0278	37.4295	36.9292	37.3892	36.9225	37.2798	36.8726	37.4553	37.0084	37.3858	37.0759	37.283500000000004	37.038399999999996	37.4413	36.8844	37.3818	36.9367	37.417899999999996	36.944500000000005	37.364999999999995	37.0853	37.2675	37.0369	37.1779	36.8596	37.3604	36.8363	37.3257	37.2116	37.2629	37.0717	37.520900000000005	37.0533	37.2063	37.0578	37.263200000000005	36.9276	37.3486	36.972699999999996	37.2338	37.249900000000004	37.2609	37.0836	37.31	36.9502	37.324400000000004	36.9137	37.3623	36.9416	37.398900000000005	37.1344	37.2666	37.2739	37.3749	37.0638	37.3988	36.9448	37.395	37.137	37.2443	37.2763	37.4199	37.283300000000004	37.4429	37.2343	37.4125	36.9873	37.4985	37.1301	37.2923	37.49	37.4123	37.3902	37.6379	37.3085	37.6394	37.4452	37.7076	37.5318	37.878699999999995	37.5853	37.8388	37.8926	37.660900000000005	37.5849	37.7744	37.1102
Sor-CPnd_030-Ex1-2H-lcwgs-1-2-L2-clmp.r1r2_fastp	56.2576	38.7459	37.6344	36.3598	37.7716	36.280699999999996	35.7408	36.710300000000004	37.878099999999996	35.5484	40.7313	39.6027	39.6844	38.6547	38.812999999999995	37.9215	38.893499999999996	38.0313	38.899	38.448100000000004	38.9818	38.1421	38.7767	37.773	38.5187	37.9621	38.2811	37.5842	38.3975	37.4394	38.5846	37.9437	38.4005	37.7862	38.4244	37.7677	38.298300000000005	37.6274	38.2064	37.5634	38.420700000000004	37.5801	38.2391	37.9228	38.1357	37.6848	38.229	37.434200000000004	38.1059	37.6455	38.0539	37.6293	38.2816	37.6571	38.1846	37.867200000000004	38.0739	37.514900000000004	38.2303	37.3946	38.3537	37.681599999999996	38.0129	37.726	38.3512	37.492999999999995	38.1338	37.8266	37.961600000000004	37.4202	38.3068	37.6316	38.2862	37.852599999999995	38.1164	37.5453	38.1783	37.6417	38.1695	37.7729	38.3795	37.7427	38.3306	37.844899999999996	38.1077	37.9421	38.147999999999996	37.5909	38.385200000000005	37.4922	38.172200000000004	37.9633	38.2626	37.8344	38.3342	37.7273	38.2543	37.757400000000004	38.175399999999996	37.6188	38.248	37.765	38.162	37.9701	38.0962	37.9139	38.0989	37.758199999999995	38.2367	37.9189	38.1115	37.7626	38.3628	37.788	38.0815	38.2033	38.3541	38.005100000000006	38.548700000000004	37.853300000000004	38.434200000000004	37.9046	38.082300000000004	38.0827	38.3352	38.148900000000005	38.478699999999996	38.130900000000004	38.3426	37.8033	38.5035	37.9517	38.5261	38.191	38.400400000000005	38.1137	38.5451	37.9852	38.221500000000006	38.2311	38.6229	38.334	38.7932	38.478899999999996	38.779	38.4899	38.4378	38.3621	38.611200000000004	37.694100000000006
Sor-CPnd_030-Ex1-2H-lcwgs-1-2-L3-clmp.r1r2_fastp	55.9972	38.577	37.5263	36.221199999999996	37.8607	36.2445	35.7688	36.8466	37.9703	35.7104	40.8108	39.7856	39.6498	38.769999999999996	38.880900000000004	38.0115	38.8492	38.1102	38.8583	38.45	39.0084	38.177699999999994	38.8096	37.9777	38.4326	37.986599999999996	38.1315	37.6682	38.4841	37.702000000000005	38.5519	38.2269	38.3218	37.9584	38.5802	37.7508	38.4099	37.8421	38.2434	37.6923	38.4578	37.6081	38.3491	37.924600000000005	38.2756	37.6111	38.1443	37.6806	38.2035	37.7004	38.2192	37.7662	38.264399999999995	37.744699999999995	38.1757	37.9898	38.1864	37.5119	38.2822	37.6802	38.293	37.661899999999996	38.079499999999996	37.7666	38.358	37.717299999999994	38.1804	37.4508	38.1692	37.5639	38.2259	37.7104	38.2738	37.8159	38.0989	37.7587	38.2629	37.7351	38.163399999999996	37.946400000000004	38.1572	37.7939	38.1741	37.9105	38.257799999999996	37.9632	38.1389	37.709900000000005	38.3039	37.7672	38.0644	38.0828	38.045899999999996	37.724000000000004	38.2235	37.74	38.1311	37.9465	38.1079	37.7407	38.2597	37.9662	38.141999999999996	37.9898	38.0575	37.811099999999996	38.0857	37.9288	38.1713	37.851800000000004	38.0507	37.927499999999995	38.1971	37.8392	38.1046	37.992799999999995	38.2303	37.8765	38.3106	37.906	38.3292	38.1733	38.2124	38.1248	38.3402	38.1455	38.2685	38.1013	38.3039	38.0792	38.1794	38.0468	38.216899999999995	38.5448	38.231300000000005	38.3024	38.407599999999995	38.031	38.4439	38.2701	38.2715	38.3353	38.6747	38.1222	38.628099999999996	38.5037	38.399499999999996	38.397	38.482699999999994	37.7311
Sor-CPnd_031-Ex1-5D-lcwgs-1-2-L2-clmp.r1r2_fastp	55.391999999999996	39.2806	37.6757	36.3012	37.960100000000004	36.657000000000004	35.8942	37.0729	38.069399999999995	35.771	40.7939	39.8544	39.7586	38.8705	38.8955	38.2526	39.029599999999995	38.3123	38.9611	38.6659	39.115100000000005	38.371300000000005	38.9287	38.0685	38.537	38.0633	38.36	37.8011	38.5728	37.8418	38.730199999999996	38.3461	38.5816	38.0264	38.6164	37.9573	38.4497	37.8335	38.3359	37.7248	38.5524	37.8607	38.3335	38.1188	38.250299999999996	37.8696	38.2694	37.6357	38.235200000000006	37.7434	38.2569	37.735800000000005	38.5343	37.7859	38.1959	38.006099999999996	38.2141	37.6386	38.2999	37.6676	38.2564	37.864799999999995	37.9917	37.980399999999996	38.2598	37.7224	38.2252	37.8411	38.1516	37.6797	38.2727	37.791599999999995	38.2774	38.006099999999996	38.1453	37.9087	38.251400000000004	37.759	38.3091	37.8523	38.3409	37.7703	38.1967	37.7319	38.1298	37.8825	38.169799999999995	37.770700000000005	38.2749	37.666	38.2518	38.0559	38.256099999999996	37.9221	38.2108	38.015100000000004	38.2042	37.9257	38.0813	37.9545	38.1798	37.885999999999996	38.1664	38.0488	38.2134	37.9168	38.2318	37.9033	38.2878	37.8857	38.2768	37.7802	38.0899	38.0241	38.366099999999996	38.069199999999995	38.3549	37.988499999999995	38.3284	37.9281	38.336999999999996	38.1384	38.4104	38.012299999999996	38.3515	38.0087	38.4306	38.0237	38.3662	38.04	38.449	38.088300000000004	38.5454	38.2733	38.392199999999995	38.3346	38.6316	38.053599999999996	38.7254	38.272099999999995	38.5767	38.5792	38.638	38.3894	38.6934	38.5006	38.6168	38.5726	38.6332	38.021100000000004
Sor-CPnd_031-Ex1-5D-lcwgs-1-2-L3-clmp.r1r2_fastp	55.2336	39.176899999999996	37.6807	36.370000000000005	37.9283	36.67	35.9912	37.1975	38.0342	35.832300000000004	40.8347	39.9344	39.7101	38.8441	39.0391	38.3213	39.1611	38.315	39.0614	38.7064	39.1388	38.3639	39.0196	38.1029	38.663599999999995	38.208	38.2498	38.0379	38.547	37.9469	38.7207	38.243300000000005	38.6052	38.1349	38.6217	38.045	38.4451	37.9557	38.4353	37.897	38.548300000000005	37.9255	38.4824	38.082	38.253	37.8873	38.3333	37.7058	38.1326	37.9594	38.2961	37.8572	38.467600000000004	37.8326	38.3324	38.157999999999994	38.3232	37.8592	38.306000000000004	37.7523	38.3824	37.9403	38.184400000000004	37.9379	38.4185	38.0254	38.3423	37.7002	38.1202	37.798700000000004	38.3406	37.9074	38.3639	38.05	38.1111	37.935900000000004	38.3073	37.8601	38.1896	37.961600000000004	38.4482	37.905899999999995	38.342999999999996	37.8738	38.267	37.9816	38.2429	37.9243	38.4166	37.7981	38.3753	38.1378	38.1538	38.0662	38.4213	37.7835	38.356899999999996	37.9535	38.1947	37.7867	38.3565	37.923899999999996	38.2945	38.2664	38.135200000000005	37.989	38.2853	37.7849	38.221500000000006	37.9365	38.286	38.0864	38.3195	38.1608	38.273	38.2655	38.2218	37.9741	38.309599999999996	37.9373	38.4837	38.1337	38.2859	38.2295	38.5131	38.1187	38.5011	38.247	38.5008	38.0577	38.41	38.177699999999994	38.2129	38.2764	38.3622	38.2507	38.5807	38.360699999999994	38.4246	38.5096	38.494099999999996	38.2276	38.650600000000004	38.5054	38.6825	38.771499999999996	38.4512	38.439099999999996	38.5432	38.088899999999995
Sor-CPnd_033-Ex1-2F-lcwgs-1-2-L2-clmp.r1r2_fastp	55.9679	37.893100000000004	37.1325	35.9062	37.3879	35.8254	35.0383	35.9744	37.200100000000006	34.8585	40.0894	39.1056	38.961600000000004	37.9213	38.211600000000004	37.2866	38.307	37.3686	38.2063	37.8779	38.5411	37.672200000000004	38.2634	37.2659	37.869	37.3779	37.5207	36.9962	37.7535	36.9802	38.0008	37.345800000000004	37.9527	37.3127	37.8928	37.1706	37.7566	36.9483	37.554	36.9382	37.7887	36.977	37.6613	37.114999999999995	37.5097	37.0708	37.545	36.8714	37.5554	37.037	37.4682	36.9542	37.616699999999994	37.036	37.4818	37.2197	37.5676	36.9194	37.6169	36.8275	37.7282	37.1774	37.4175	37.0653	37.5573	37.0509	37.561099999999996	37.0345	37.5119	36.9905	37.7108	37.1655	37.5318	37.1982	37.447599999999994	37.3044	37.6515	37.0568	37.6083	37.2311	37.702400000000004	37.2545	37.7026	37.1072	37.5717	37.329	37.5078	37.015	37.9411	37.2146	37.669200000000004	37.4237	37.5911	37.369400000000006	37.7796	37.4212	37.6865	37.373400000000004	37.5455	37.1373	37.8116	37.2095	37.7098	37.5853	37.6978	37.3893	37.7258	37.2018	37.7324	37.176700000000004	37.7401	37.280499999999996	37.7557	37.5096	37.8136	37.642399999999995	37.9	37.4336	37.7532	37.2628	37.9445	37.445	37.742	37.751400000000004	38.0465	37.6189	37.941	37.6259	37.7992	37.51	37.9708	37.6185	37.851800000000004	37.8401	37.9841	37.9654	38.1738	37.4321	38.0909	37.9023	38.1514	37.9985	38.2017	37.9443	38.5126	38.034099999999995	38.0537	38.028	38.3827	37.2119
Sor-CPnd_033-Ex1-2F-lcwgs-1-2-L3-clmp.r1r2_fastp	55.4378	37.9234	37.0488	35.8893	37.2932	35.7692	35.0534	36.1438	37.1364	35.0276	40.1687	39.208	39.1001	38.2389	38.1931	37.3752	38.2345	37.591499999999996	38.2488	37.9793	38.5088	37.752599999999994	38.209199999999996	37.4512	37.9519	37.498	37.507200000000005	37.1401	37.7401	37.086000000000006	37.9758	37.4346	37.7719	37.4812	37.8559	37.241600000000005	37.8541	37.2206	37.5608	37.1903	37.8915	37.1507	37.8125	37.3521	37.6562	37.216300000000004	37.624	37.0383	37.5486	37.216100000000004	37.5162	37.1456	37.7871	37.189499999999995	37.692	37.3225	37.708000000000006	37.0517	37.7144	37.066300000000005	37.711099999999995	37.2531	37.4017	37.3249	37.7768	37.1051	37.6485	36.922700000000006	37.6162	37.058400000000006	37.7124	37.1737	37.648199999999996	37.2749	37.5723	37.2804	37.6395	37.2472	37.5994	37.4403	37.678	37.4251	37.6394	37.1862	37.8368	37.4715	37.5505	37.060500000000005	37.636399999999995	37.2609	37.7406	37.4861	37.7321	37.349900000000005	37.880399999999995	37.276900000000005	37.6898	37.5217	37.465900000000005	37.481500000000004	37.7043	37.3485	37.5527	37.5973	37.6214	37.547799999999995	37.6849	37.3073	37.7909	37.506299999999996	37.7386	37.386599999999994	37.7249	37.4846	37.588100000000004	37.6141	37.831900000000005	37.5052	37.9307	37.344	37.7654	37.416	37.7071	37.7069	37.9211	37.7203	37.8453	37.7131	37.917899999999996	37.5666	37.6801	37.5154	37.6003	37.8631	37.7405	37.9816	38.183499999999995	37.5894	38.3205	37.7324	38.019	37.8545	38.285799999999995	38.0827	38.0522	38.0588	38.2323	37.9562	38.073	37.3505
Sor-CPnd_034-Ex1-4G-lcwgs-1-2-L2-clmp.r1r2_fastp	54.6332	39.6252	37.6318	36.7772	37.9837	36.9035	36.5032	37.669200000000004	38.6708	36.2236	41.314299999999996	40.0828	39.9728	39.174	39.2688	38.3812	39.4204	38.4351	39.2641	38.82	39.3727	38.4157	39.3057	38.3204	38.7867	38.427299999999995	38.5895	38.2802	38.8345	38.2554	38.9125	38.5557	38.9487	38.324200000000005	38.778600000000004	38.3209	38.785399999999996	38.270700000000005	38.5597	38.1853	38.8119	38.152	38.7824	38.4093	38.58	38.0976	38.547399999999996	37.9684	38.400099999999995	38.0263	38.553	38.0595	38.7474	38.1407	38.4204	38.4614	38.487500000000004	38.0189	38.4457	37.856899999999996	38.5664	38.0757	38.3828	38.0954	38.516	37.9741	38.4884	38.1305	38.3976	38.053399999999996	38.3945	38.0377	38.628299999999996	38.0489	38.2336	37.7935	38.413399999999996	37.9658	38.3195	37.974799999999995	38.460499999999996	38.2531	38.4672	38.080799999999996	38.3822	38.2413	38.332100000000004	37.8755	38.6412	38.0124	38.441900000000004	38.427099999999996	38.3351	38.0814	38.506	38.0307	38.2674	38.2428	38.2741	38.0083	38.5588	38.0826	38.3395	38.2021	38.1486	38.2337	38.1704	38.0856	38.249300000000005	38.217	38.2881	38.0461	38.299299999999995	38.270199999999996	38.2022	38.209900000000005	38.219500000000004	38.0199	38.2538	38.0203	38.291199999999996	38.0514	38.2093	37.8947	38.5148	38.099199999999996	38.2181	38.239200000000004	38.2536	38.3928	38.5904	38.079299999999996	38.4382	38.256299999999996	38.465199999999996	38.231300000000005	38.637899999999995	38.3623	38.4243	38.1737	38.528600000000004	38.6154	38.6062	38.599	38.827	38.5015	38.3944	38.4456	38.352000000000004	38.0911
Sor-CPnd_034-Ex1-4G-lcwgs-1-2-L3-clmp.r1r2_fastp	54.5651	39.5903	37.853300000000004	36.682900000000004	38.083099999999995	36.9808	36.501	37.9992	38.5467	36.362899999999996	41.1634	40.1949	39.9431	39.2343	39.2198	38.4782	39.306200000000004	38.5409	39.2021	38.9807	39.2926	38.7622	39.2883	38.41	38.8885	38.380700000000004	38.5623	38.0332	38.9923	38.1663	39.084	38.5847	38.8856	38.217	38.8821	38.2271	38.781	38.2545	38.641999999999996	38.096000000000004	38.9473	38.2173	38.8546	38.4662	38.4626	38.0438	38.5558	38.0693	38.365	38.1004	38.4329	38.1301	38.6611	38.209900000000005	38.46	38.1742	38.4033	38.054300000000005	38.6455	37.7477	38.610499999999995	38.3795	38.2832	38.0511	38.6064	38.03	38.4272	38.1198	38.3326	38.059	38.453199999999995	38.3066	38.3241	38.2913	38.4544	38.1701	38.4553	37.96	38.3875	38.0713	38.4937	37.9565	38.5243	38.1819	38.2541	38.3731	38.4012	37.723099999999995	38.5935	38.1156	38.2735	38.516	38.4656	38.2311	38.5444	38.1796	38.527899999999995	38.058	38.2671	38.0826	38.4685	38.346599999999995	38.3159	38.4444	38.3767	38.2064	38.2816	38.3247	38.1954	38.001400000000004	38.2795	38.2235	38.4485	38.366699999999994	38.3399	38.1118	38.5393	38.063900000000004	38.2853	37.9475	38.397999999999996	38.2909	38.4188	38.3993	38.3805	38.3187	38.6409	38.2586	38.452999999999996	38.0904	38.3167	38.1606	38.223	38.4007	38.3904	38.1169	38.4183	38.2799	38.3366	38.4148	38.6892	38.4086	38.8094	38.696999999999996	38.8227	38.7183	38.8356	38.4075	38.5189	38.3404
Sor-CPnd_036-Ex1-5C-lcwgs-1-2-L2-clmp.r1r2_fastp	54.4393	39.879799999999996	37.3751	36.341499999999996	38.0663	36.6417	35.734100000000005	37.1933	38.1797	35.8333	40.6917	39.9233	39.7424	38.9229	38.953500000000005	38.2072	39.057900000000004	38.2153	38.9415	38.6168	39.0847	38.3401	38.9099	38.1874	38.5628	38.1252	38.293	37.7733	38.5114	37.7913	38.6264	38.2323	38.6401	37.8952	38.6335	37.7549	38.3428	37.763600000000004	38.2108	37.6062	38.4751	37.6527	38.2973	37.8756	38.031	37.528	38.0119	37.267	37.8545	37.5465	37.8789	37.4674	38.0974	37.4195	37.8193	37.5736	37.8675	37.2141	37.805699999999995	37.2401	37.838	37.4346	37.6263	37.302400000000006	37.9027	37.217800000000004	37.731300000000005	37.3357	37.5479	37.2147	37.676500000000004	37.229	37.7112	37.2645	37.642900000000004	37.2256	37.7979	37.1751	37.614599999999996	37.301	37.7361	37.305899999999994	37.554	37.3046	37.6798	37.405100000000004	37.4925	37.053999999999995	37.7557	37.2714	37.526900000000005	37.3463	37.605199999999996	37.2682	37.594300000000004	37.3701	37.6131	37.3889	37.5583	37.255300000000005	37.7243	37.257600000000004	37.5066	37.416199999999996	37.5274	37.389	37.667899999999996	37.3959	37.6598	37.3336	37.601099999999995	37.3703	37.8756	37.5175	37.7361	37.7208	37.5414	37.47	37.7252	37.3791	37.7794	37.588300000000004	37.7054	37.736599999999996	37.9106	37.6094	38.0321	37.5472	37.8094	37.6956	37.9292	37.587399999999995	37.8698	37.8085	37.9751	37.829299999999996	37.9295	37.628099999999996	38.2861	37.8322	38.096799999999995	38.0984	38.3652	38.0179	38.380700000000004	38.2081	38.108799999999995	37.966	38.3625	37.311699999999995
Sor-CPnd_036-Ex1-5C-lcwgs-1-2-L3-clmp.r1r2_fastp	54.411	39.642500000000005	37.310700000000004	36.1997	37.8797	36.6077	35.8027	37.0699	38.1951	35.7378	40.7157	39.9022	39.8899	38.906400000000005	39.001599999999996	38.2483	38.925599999999996	38.2329	38.885999999999996	38.5862	39.0854	38.357	38.8942	38.0606	38.4524	38.1683	38.189099999999996	37.7909	38.4955	37.7806	38.5557	38.1874	38.5131	38.0055	38.5527	37.8351	38.4614	37.7326	38.2098	37.6578	38.4234	37.6242	38.3163	37.9143	38.0043	37.592999999999996	37.9463	37.4101	37.9046	37.476	37.9814	37.5794	38.0854	37.569	37.9814	37.6451	37.843700000000005	37.3789	37.9561	37.2911	37.8835	37.5875	37.6697	37.4009	37.941399999999994	37.430400000000006	37.705	37.1185	37.603500000000004	37.3332	37.8466	37.2938	37.8339	37.401	37.6879	37.4785	37.8531	37.453900000000004	37.710100000000004	37.4664	37.7338	37.3899	37.8017	37.3606	37.880399999999995	37.491400000000006	37.7009	37.1429	37.8206	37.2853	37.736599999999996	37.4591	37.6861	37.6307	37.575900000000004	37.4294	37.7889	37.542500000000004	37.674400000000006	37.405899999999995	37.6934	37.3737	37.810500000000005	37.5054	37.7065	37.6237	37.8068	37.457499999999996	37.837700000000005	37.5191	37.745200000000004	37.4514	37.7994	37.6583	37.5463	37.8557	37.8167	37.5317	37.898399999999995	37.3482	37.831900000000005	37.6724	37.573299999999996	37.7543	37.920700000000004	37.738699999999994	37.7672	37.6969	37.8046	37.5865	38.0654	37.6123	37.789	37.8208	37.7761	37.8108	38.0802	37.6859	37.9226	38.047599999999996	38.0195	37.8519	38.2502	38.0299	38.1983	38.0589	38.2154	38.095	38.127	37.522800000000004
Sor-CPnd_037-Ex1-6C-lcwgs-1-2-L2-clmp.r1r2_fastp	55.490899999999996	39.2019	37.7991	36.2452	37.7327	36.4487	35.884100000000004	37.3671	38.3635	35.6224	41.1356	40.1203	39.6707	38.894	39.0042	38.1711	38.9555	38.2917	38.9032	38.637899999999995	39.0837	38.3027	38.907399999999996	38.068200000000004	38.454	38.0765	38.1356	37.7362	38.4648	37.7311	38.6049	38.1826	38.4659	37.9824	38.5804	37.7726	38.4185	37.7866	38.1918	37.7348	38.516	37.7338	38.3486	37.9218	38.2117	37.6636	38.1715	37.5866	38.1553	37.7405	38.2009	37.756	38.2689	37.7158	38.0813	37.9089	38.0926	37.5171	38.182	37.5863	38.1131	37.8416	38.0381	37.711299999999994	38.1998	37.568400000000004	38.038	37.6504	37.999500000000005	37.484	38.055699999999995	37.6463	38.0556	37.7131	37.9908	37.6497	37.971	37.527	37.9985	37.591	38.1603	37.695499999999996	38.1357	37.6715	38.0574	37.797399999999996	37.8925	37.439099999999996	38.1444	37.541000000000004	38.0031	37.7754	37.9786	37.7018	37.972899999999996	37.7521	38.0618	37.702000000000005	37.8888	37.6668	38.051	37.7073	38.0124	37.9111	37.988499999999995	37.7907	38.063900000000004	37.6808	37.9514	37.6524	37.9841	37.7374	38.1411	37.7708	38.1533	37.9705	38.0612	37.5912	37.9527	37.674099999999996	38.0312	37.9024	38.0499	37.7555	38.3543	37.9026	38.125	37.8628	38.016	37.7476	38.111200000000004	37.9028	38.0767	38.1329	38.0306	38.0338	38.2151	37.8162	38.2201	37.9612	38.3189	38.1021	38.582499999999996	38.2487	38.4523	38.3143	38.4003	38.210300000000004	38.337199999999996	37.7186
Sor-CPnd_037-Ex1-6C-lcwgs-1-2-L3-clmp.r1r2_fastp	55.3834	39.2476	37.941	36.4342	37.8159	36.6257	36.0821	37.6092	38.515	35.6904	41.2249	40.2103	39.8554	38.922000000000004	38.9612	38.2947	39.098699999999994	38.3044	39.036300000000004	38.6993	39.097500000000004	38.4834	38.9972	38.1665	38.5325	38.0854	38.3046	37.9307	38.5311	37.876599999999996	38.6802	38.2455	38.6927	38.0865	38.5921	37.986399999999996	38.4312	37.9043	38.3106	37.7453	38.5572	37.8501	38.4319	38.041599999999995	38.258399999999995	37.8234	38.3416	37.6772	38.0746	37.7498	38.1886	37.7508	38.370599999999996	37.7593	38.1882	37.8911	38.203199999999995	37.711	38.2792	37.6026	38.2624	37.843199999999996	38.0462	37.8619	38.2831	37.7938	38.0999	37.608999999999995	38.1137	37.599	38.1133	37.7607	38.0921	37.8955	38.0383	37.8315	38.2083	37.722899999999996	38.0533	37.7228	38.195	37.6872	38.1108	37.7808	38.0842	37.7852	38.0433	37.533300000000004	38.230199999999996	37.675399999999996	38.0663	37.8933	38.059	37.7598	38.0688	37.839	38.1237	37.8074	37.9398	37.6804	38.2404	37.7067	38.0906	37.9045	38.016	37.8777	38.0128	37.7873	38.1183	37.6348	38.0164	37.8678	38.0585	37.8768	37.8762	38.0343	38.1133	37.833	38.1349	37.7319	38.007000000000005	37.8553	38.1185	37.739200000000004	38.2372	37.8443	38.0491	37.8899	38.178	37.7586	38.167	37.7383	37.9696	38.1135	37.9982	37.978899999999996	38.166	37.9655	38.378499999999995	38.1133	38.2146	38.1	38.361200000000004	38.2126	38.5287	38.2423	38.3838	38.1607	38.4058	37.8486
Sor-CPnd_038-Ex1-2A-lcwgs-1-2-L2-clmp.r1r2_fastp	56.9457	37.979600000000005	37.8692	35.8977	37.5697	36.114200000000004	35.207	36.4191	37.7323	35.0254	40.6995	40.1009	39.8468	38.7521	38.967400000000005	38.0016	38.8299	38.0595	38.8166	38.4284	39.0609	38.102000000000004	38.7471	37.8688	38.3091	37.817499999999995	37.9619	37.4898	38.3532	37.5717	38.4679	37.9195	38.4469	37.9091	38.384800000000006	37.8164	38.2765	37.556	38.1481	37.6019	38.254	37.7074	38.2174	37.8829	38.2183	37.5815	38.175	37.5274	38.1795	37.6197	38.0248	37.6812	38.216499999999996	37.5991	38.188	37.7612	38.237	37.425000000000004	38.1176	37.5655	38.2309	37.764199999999995	38.148199999999996	37.6121	38.3511	37.5489	38.1236	37.6724	38.059599999999996	37.6185	38.092999999999996	37.729800000000004	38.1759	37.835800000000006	38.117000000000004	37.6407	38.1589	37.691599999999994	38.2194	37.6868	38.2812	37.778099999999995	38.2765	37.791799999999995	38.1715	37.8422	38.1475	37.6642	38.3899	37.6859	38.2397	37.9822	38.300200000000004	38.012499999999996	38.3641	37.8969	38.246900000000004	37.852599999999995	38.149899999999995	37.8899	38.3161	37.805299999999995	38.2019	38.1709	38.2121	38.0087	38.1522	37.8514	38.2778	37.8431	38.3776	37.8204	38.3417	37.9708	38.4304	38.1385	38.2581	38.0647	38.3063	37.8826	38.369	38.1861	38.4158	38.0113	38.472899999999996	38.1332	38.454100000000004	38.163399999999996	38.4089	37.8818	38.4777	38.2249	38.3899	38.278099999999995	38.5297	38.237500000000004	38.7072	38.3366	38.5299	38.412600000000005	38.574999999999996	38.5402	38.6274	38.5468	38.7785	38.6102	38.678200000000004	38.331900000000005	38.7007	37.9495
Sor-CPnd_038-Ex1-2A-lcwgs-1-2-L3-clmp.r1r2_fastp	56.5213	37.8228	37.8283	35.8611	37.5377	36.305	35.244	36.541000000000004	37.7564	35.1182	40.666999999999994	40.1969	39.7738	38.9044	38.9838	38.1293	38.925399999999996	38.1346	38.8904	38.452999999999996	39.0248	38.2979	38.7213	37.9218	38.3789	37.9164	38.1322	37.6297	38.338699999999996	37.7325	38.5158	38.0739	38.4562	37.9566	38.4348	37.7862	38.323	37.7593	38.1083	37.69	38.4782	37.7029	38.3501	37.979800000000004	38.1289	37.7288	38.2158	37.674099999999996	38.0963	37.7174	38.078	37.7127	38.2972	37.7472	38.0781	37.939099999999996	38.1857	37.6774	38.2768	37.5304	38.252399999999994	37.9014	38.0913	37.9589	38.1863	37.7246	38.2054	37.5107	38.1458	37.6729	38.3035	37.782	38.1927	37.9914	38.0731	37.858399999999996	38.2811	37.8541	38.1863	37.8555	38.291399999999996	37.8097	38.2025	37.920500000000004	38.2005	38.003	38.1572	37.8468	38.2048	37.8698	38.1535	38.1857	38.304899999999996	37.9714	38.3349	38.047	38.2307	37.9372	38.1793	37.894099999999995	38.276900000000005	37.9876	38.2616	38.1253	38.2625	38.0726	38.237500000000004	37.904900000000005	38.2615	37.9114	38.3119	37.9562	38.3056	38.1886	38.1771	38.2504	38.435399999999994	37.9751	38.4021	37.923899999999996	38.3503	38.091	38.3604	38.1453	38.4227	38.1002	38.4552	38.0904	38.3097	38.0638	38.427499999999995	38.1057	38.2829	38.449299999999994	38.352199999999996	38.347500000000004	38.601400000000005	38.0583	38.5969	38.2678	38.533899999999996	38.411699999999996	38.6735	38.5609	38.7697	38.5171	38.5263	38.441399999999994	38.634800000000006	38.0158
Sor-CPnd_041-Ex1-7A-lcwgs-1-2-L2-clmp.r1r2_fastp	54.6902	39.402300000000004	38.037	37.1413	37.9917	37.106899999999996	35.8731	37.6089	38.578	36.3066	41.077799999999996	40.6623	39.983999999999995	39.428200000000004	39.3911	38.7336	39.3035	38.8405	39.3229	39.1109	39.443400000000004	38.921	39.273599999999995	38.717400000000005	38.9197	38.65	38.7283	38.4672	39.0206	38.5777	39.0708	38.8493	38.9842	38.704100000000004	38.9447	38.6269	38.7937	38.5293	38.7171	38.4785	38.9847	38.445499999999996	38.8868	38.72	38.7226	38.509100000000004	38.7121	38.3118	38.7083	38.4232	38.7549	38.5266	38.8887	38.4974	38.7322	38.6148	38.6884	38.337199999999996	38.8409	38.419399999999996	38.8618	38.5361	38.6584	38.5587	38.8618	38.4741	38.681599999999996	38.5917	38.6417	38.4769	38.7665	38.536500000000004	38.8588	38.5753	38.6655	38.553599999999996	38.8013	38.4365	38.7339	38.54	38.9465	38.6539	38.852199999999996	38.6383	38.7782	38.722899999999996	38.7977	38.5101	38.9854	38.5857	38.946999999999996	38.852399999999996	38.893100000000004	38.7866	38.9045	38.6399	38.8764	38.8044	38.8309	38.8042	38.97	38.777499999999996	39.067099999999996	38.974199999999996	39.061099999999996	38.9178	39.0723	38.7024	39.0967	38.7273	38.9863	38.8359	39.2493	39.0271	39.1282	39.1575	39.1582	38.9325	39.0959	38.8768	39.0903	38.9429	39.1733	39.1654	39.321600000000004	39.083800000000004	39.3516	39.0371	39.2663	39.0371	39.3496	39.06	39.4308	39.2888	39.3354	39.2996	39.5173	39.1422	39.5295	39.42	39.362399999999994	39.4175	39.5824	39.5131	39.7327	39.495999999999995	39.5062	39.4734	39.663399999999996	39.126
Sor-CPnd_041-Ex1-7A-lcwgs-1-2-L3-clmp.r1r2_fastp	54.701299999999996	39.4934	38.1394	37.1785	38.0546	37.3075	36.1034	37.7575	38.854	36.3101	41.1586	40.6842	40.232099999999996	39.423	39.4043	38.8175	39.317099999999996	38.7669	39.3444	39.1174	39.4525	39.0072	39.284400000000005	38.707	38.8506	38.707	38.7946	38.5191	39.0565	38.5119	39.2138	38.8403	38.9766	38.7225	39.0065	38.621	38.9257	38.5263	38.821600000000004	38.475300000000004	38.9601	38.5702	38.9172	38.7382	38.868700000000004	38.5533	38.688	38.4971	38.6863	38.5524	38.8442	38.5155	38.9195	38.5274	38.741	38.7006	38.859700000000004	38.4086	38.790200000000006	38.3963	38.7998	38.5804	38.6651	38.5606	38.792100000000005	38.493	38.8242	38.4586	38.7771	38.4446	38.7878	38.665699999999994	38.8546	38.6851	38.6795	38.6181	38.7986	38.4418	38.7887	38.5569	38.9374	38.5704	38.933099999999996	38.7061	38.8799	38.6529	38.7909	38.536500000000004	39.034200000000006	38.5792	38.9071	38.8892	38.9318	38.849000000000004	39.025	38.6937	39.0449	38.732699999999994	38.985	38.7795	39.1083	38.8059	39.0059	38.9604	38.9877	38.8764	39.0427	38.735	39.1728	38.8081	39.049299999999995	38.8898	39.2374	39.0047	39.090799999999994	39.1728	39.146	39.008700000000005	39.1757	38.8822	39.2567	38.9835	39.2103	39.163199999999996	39.2517	39.1178	39.3016	39.133	39.2663	39.0523	39.2082	39.1665	39.297	39.4868	39.362399999999994	39.3628	39.4321	39.2831	39.5868	39.3653	39.498	39.4459	39.4929	39.486	39.7557	39.6584	39.500299999999996	39.6559	39.5439	39.2658
Sor-CPnd_043-Ex1-1D-lcwgs-1-2-L2-clmp.r1r2_fastp	54.7338	39.7353	37.3215	36.3705	38.0112	36.6517	35.5477	36.8846	37.8345	35.565799999999996	40.446	39.753	39.475	38.869	38.7161	38.1315	38.791399999999996	38.2108	38.731100000000005	38.5893	38.972699999999996	38.2824	38.7314	38.027899999999995	38.3365	38.0758	38.0854	37.7145	38.3715	37.7246	38.4447	38.122699999999995	38.3967	37.9428	38.4397	37.8577	38.2866	37.802	38.1725	37.7307	38.3715	37.7659	38.2834	37.956	38.2067	37.771	38.148700000000005	37.646	38.0709	37.7566	38.020700000000005	37.798	38.2927	37.7937	38.0621	37.9519	38.061099999999996	37.6378	38.219300000000004	37.6558	38.142399999999995	37.8977	38.007999999999996	37.7718	38.1929	37.6622	38.0343	37.8146	38.007200000000005	37.581199999999995	38.0861	37.8376	38.0308	37.9166	38.0096	37.722	38.0625	37.7286	38.0619	37.8299	38.164	37.8731	38.1908	37.770700000000005	38.1957	37.960300000000004	38.0106	37.6987	38.2211	37.7763	38.0195	38.0293	38.110699999999994	37.9266	38.175399999999996	37.888	38.0969	37.8136	38.0437	37.7811	38.1735	37.7585	38.0617	37.9983	38.068400000000004	37.9159	38.195499999999996	37.7862	38.141999999999996	37.7924	37.973099999999995	37.8851	38.1737	37.9022	38.0894	38.0227	38.1472	37.7667	38.0637	37.754	38.1212	37.9631	38.0806	37.9367	38.2138	37.9988	38.2144	38.0113	38.118	37.8234	38.1815	37.922	38.1523	38.0747	38.1463	38.169	38.2901	37.9527	38.269	38.1864	38.3214	38.2283	38.475500000000004	38.2232	38.5198	38.4426	38.3445	38.182700000000004	38.370599999999996	37.812400000000004
Sor-CPnd_043-Ex1-1D-lcwgs-1-2-L3-clmp.r1r2_fastp	54.668099999999995	39.8551	37.3505	36.5525	38.0859	36.9165	35.6729	37.1627	37.9824	35.7177	40.434	39.8027	39.589	38.8127	38.7986	38.172200000000004	38.9336	38.2076	38.7674	38.541399999999996	38.9002	38.3437	38.845600000000005	38.0908	38.4253	37.9972	38.1449	37.7905	38.3994	37.8165	38.4721	38.1843	38.481300000000005	37.9576	38.4103	37.9809	38.2636	37.8702	38.134	37.7956	38.468599999999995	37.8624	38.3222	38.0902	38.1613	37.752	38.246	37.7109	37.960899999999995	37.9005	38.1158	37.8835	38.250499999999995	37.8666	38.201299999999996	37.9973	38.2425	37.7209	38.196600000000004	37.693799999999996	38.1447	37.894	37.9975	37.8109	38.182700000000004	37.7333	38.169399999999996	37.7446	38.1269	37.716	38.2731	37.8245	38.1737	37.9634	38.1246	37.8353	38.204100000000004	37.8078	38.1615	37.838	38.1569	37.8691	38.2261	37.8401	38.1264	37.9757	38.0584	37.7182	38.2226	37.7915	38.1143	38.007200000000005	38.060500000000005	37.895	38.1718	37.864399999999996	38.156099999999995	37.9403	38.0606	37.878099999999996	38.1563	37.8606	38.0664	38.0355	38.0892	37.9591	38.1674	37.8339	38.1256	37.8876	38.040600000000005	37.7986	38.1971	37.9581	37.9826	38.0593	38.2488	37.8296	38.210300000000004	37.8359	38.1586	38.048300000000005	38.127100000000006	38.0178	38.2341	37.9921	38.135799999999996	38.0569	38.191	37.7981	38.1841	37.977	38.0372	38.2369	38.0826	38.2014	38.3556	38.0782	38.32	38.0966	38.3384	38.2081	38.4629	38.3311	38.5426	38.489200000000004	38.3488	38.2186	38.325199999999995	37.8887
Sor-CPnd_044-Ex1-8G-lcwgs-1-2-L2-clmp.r1r2_fastp	54.5242	38.9979	36.918800000000005	35.7864	37.351299999999995	36.0861	35.4338	36.8317	37.6516	35.2894	40.2943	39.495999999999995	39.034400000000005	38.3788	38.313	37.6598	38.3341	37.6849	38.3097	38.042300000000004	38.3966	37.8012	38.2843	37.5843	37.8088	37.5864	37.534800000000004	37.327	37.951	37.2791	38.0021	37.6721	37.9459	37.4286	37.917699999999996	37.3091	37.6994	37.3018	37.5787	37.1863	37.9634	37.1708	37.7913	37.481500000000004	37.5651	37.2388	37.576100000000004	37.0438	37.4829	37.1972	37.5442	37.1463	37.669200000000004	37.174800000000005	37.467099999999995	37.4411	37.565799999999996	36.9775	37.6156	37.0137	37.6669	37.3057	37.357600000000005	37.2421	37.557	37.2043	37.4384	37.3131	37.427899999999994	37.0182	37.6807	37.147999999999996	37.5568	37.3257	37.385200000000005	37.0577	37.507600000000004	36.9766	37.5876	37.175799999999995	37.574200000000005	37.332	37.4989	37.166700000000006	37.477199999999996	37.244699999999995	37.2944	37.1211	37.5747	37.0807	37.498	37.389	37.463800000000006	37.3751	37.5145	37.3505	37.4959	37.248999999999995	37.420500000000004	37.1192	37.6504	37.1846	37.4398	37.5016	37.4332	37.338100000000004	37.5037	37.1391	37.5195	37.2635	37.5403	37.2323	37.5381	37.294	37.6361	37.4208	37.663799999999995	37.298700000000004	37.4231	37.318200000000004	37.620799999999996	37.321799999999996	37.5633	37.5172	37.6152	37.4566	37.5933	37.4214	37.6526	37.358799999999995	37.7718	37.385600000000004	37.744299999999996	37.5308	37.716	37.6872	37.8527	37.5528	37.8188	37.8016	37.8334	37.8007	38.0117	37.8219	38.049	37.986799999999995	37.9977	37.8549	37.952799999999996	37.2332
Sor-CPnd_044-Ex1-8G-lcwgs-1-2-L3-clmp.r1r2_fastp	54.4616	38.9814	36.8289	35.7004	37.4137	36.1345	35.5964	37.0155	37.8496	35.3314	40.466800000000006	39.4848	39.2145	38.4157	38.3677	37.7536	38.4501	37.6344	38.5453	38.1219	38.4422	37.8818	38.408500000000004	37.641999999999996	37.9649	37.612899999999996	37.665	37.364599999999996	37.9799	37.3403	38.0559	37.715199999999996	37.9442	37.546600000000005	38.004599999999996	37.4456	37.8774	37.4098	37.668600000000005	37.2198	37.940000000000005	37.3911	37.7791	37.6222	37.6759	37.2134	37.755300000000005	37.155899999999995	37.4218	37.2663	37.6165	37.2739	37.7102	37.2438	37.6135	37.4298	37.5974	37.1495	37.6164	37.2194	37.7121	37.4223	37.498599999999996	37.1989	37.8065	37.1834	37.5482	37.1755	37.449	37.1124	37.691	37.2051	37.6107	37.3401	37.521	37.3559	37.6233	37.2941	37.6654	37.330799999999996	37.6047	37.2904	37.6449	37.2928	37.4739	37.402499999999996	37.4766	37.153999999999996	37.6896	37.0835	37.6061	37.5311	37.533699999999996	37.3782	37.6193	37.4173	37.5726	37.338300000000004	37.5398	37.1225	37.656	37.269400000000005	37.6058	37.447	37.571799999999996	37.378299999999996	37.6178	37.3211	37.6256	37.3249	37.6263	37.26	37.5373	37.399100000000004	37.519999999999996	37.6545	37.6389	37.433899999999994	37.5963	37.2336	37.6293	37.59	37.4412	37.4168	37.7531	37.394800000000004	37.7066	37.5015	37.804700000000004	37.5035	37.697199999999995	37.4191	37.4202	37.6106	37.7074	37.5205	37.8109	37.3704	37.7577	37.6436	37.859700000000004	37.772299999999994	37.937799999999996	37.7675	38.1659	37.941900000000004	37.9206	37.6869	38.0367	37.2286
Sor-CPnd_045-Ex1-7B-lcwgs-1-2-L2-clmp.r1r2_fastp	55.6092	39.0696	37.6593	36.1873	37.5126	36.5068	35.5274	37.250699999999995	38.1442	35.7226	40.9095	40.1894	39.669900000000005	38.9286	38.8546	38.2684	38.777899999999995	38.323499999999996	38.8141	38.6391	38.9041	38.356	38.8094	38.0357	38.3305	37.9931	38.177499999999995	37.7691	38.3539	37.8637	38.4919	38.1875	38.4348	38.0506	38.3501	37.885400000000004	38.29	37.8539	38.1781	37.752	38.425599999999996	37.8508	38.2696	38.0016	38.1682	37.792500000000004	38.111200000000004	37.6643	38.0745	37.847500000000004	38.0437	37.8489	38.23	37.8262	38.1532	37.96	38.1017	37.7271	38.1901	37.730000000000004	38.1471	37.9192	37.9706	37.9064	38.299	37.7555	38.1656	37.824799999999996	38.0184	37.6859	38.1786	37.8134	38.1748	37.901	37.9533	37.716300000000004	38.2069	37.7154	38.1054	37.7927	38.202799999999996	37.8812	38.2188	37.8211	38.1969	37.890499999999996	38.0265	37.754	38.1789	37.7119	38.108599999999996	38.0152	38.0837	37.93	38.1618	37.8974	38.170300000000005	37.859300000000005	38.0704	37.8079	38.251400000000004	37.826	38.1473	38.0712	38.1505	38.0086	38.1603	37.7782	38.1001	37.9544	38.0762	37.9044	38.3253	38.0244	38.1635	38.129400000000004	38.1715	37.9389	38.0196	37.852599999999995	38.150099999999995	37.9931	38.1139	38.0203	38.2902	38.0623	38.2558	38.0048	38.26	37.881	38.255	38.0575	38.2348	38.163599999999995	38.2401	38.2026	38.299499999999995	38.0892	38.3585	38.1927	38.3731	38.3254	38.5395	38.3934	38.5471	38.5735	38.379400000000004	38.3712	38.5169	37.9633
Sor-CPnd_045-Ex1-7B-lcwgs-1-2-L3-clmp.r1r2_fastp	55.5569	39.0696	37.6771	36.2051	37.6147	36.5926	35.6402	37.4066	38.150099999999995	35.771300000000004	40.9561	40.2438	39.7401	38.9187	38.8523	38.241	38.9974	38.2843	38.916000000000004	38.7321	38.9173	38.465700000000005	38.8164	38.1113	38.2999	38.1377	38.174	37.8777	38.4319	37.8639	38.5116	38.277699999999996	38.4392	38.0993	38.4427	38.014399999999995	38.2691	37.8865	38.1798	37.8599	38.4161	37.8795	38.4002	38.082300000000004	38.1646	37.8452	38.2138	37.695299999999996	37.9997	37.8431	38.1593	37.8739	38.2457	37.8577	38.231	37.9771	38.236	37.7192	38.1799	37.736599999999996	38.2393	37.905699999999996	38.1119	37.951	38.1757	37.723	38.141999999999996	37.6868	38.0756	37.7156	38.2811	37.8344	38.1995	37.979600000000005	38.1068	38.0194	38.1467	37.8647	38.1311	37.9176	38.1959	37.9529	38.1295	37.9281	38.107400000000005	37.9353	38.0313	37.8471	38.1858	37.8085	38.2345	37.971500000000006	38.0916	37.9129	38.2733	37.942	38.1671	37.965199999999996	38.0604	37.866699999999994	38.2361	37.8072	38.1945	38.0767	38.089600000000004	37.9565	38.144800000000004	37.782199999999996	38.168600000000005	37.939499999999995	38.0846	37.8958	38.2066	38.0917	38.0361	38.0721	38.1882	37.964	38.1784	37.9361	38.108399999999996	38.0128	38.1475	38.0988	38.334	38.018299999999996	38.154900000000005	38.0249	38.1942	37.972899999999996	38.2685	37.9649	37.993	38.2699	38.211	38.190200000000004	38.388	38.1237	38.2862	38.1851	38.4093	38.324200000000005	38.432	38.379799999999996	38.6595	38.478699999999996	38.447700000000005	38.379999999999995	38.5242	38.041399999999996
Sor-CPnd_046-Ex1-5A-lcwgs-1-2-L2-clmp.r1r2_fastp	54.893800000000006	39.860800000000005	37.8401	36.9386	38.2026	36.9198	36.161500000000004	37.553799999999995	38.6779	36.061	41.227799999999995	40.462900000000005	40.383	39.2744	39.4431	38.6764	39.480199999999996	38.6274	39.4681	39.0196	39.7216	38.8634	39.6673	38.6037	39.0111	38.7498	38.8694	38.3394	39.2839	38.317499999999995	39.2357	38.8274	39.075500000000005	38.672000000000004	39.2084	38.4422	39.0124	38.3975	38.7011	38.2428	39.054	38.2519	38.8412	38.4425	38.5448	38.088300000000004	38.661899999999996	37.8687	38.443	38.001000000000005	38.4905	37.9953	38.4992	37.9504	38.481	38.067099999999996	38.5516	37.7119	38.588499999999996	37.7367	38.3606	38.0128	38.2353	37.8919	38.4017	37.8582	38.1762	37.8939	38.193599999999996	37.728699999999996	38.2474	37.972699999999996	38.1987	37.7912	38.142199999999995	37.939499999999995	38.234899999999996	37.6978	38.0302	37.9249	38.4355	37.7931	38.2455	38.013200000000005	38.2672	37.8636	38.1396	37.705	37.9706	37.7886	38.097500000000004	38.0453	37.8761	38.0492	38.2977	37.951800000000006	38.309599999999996	37.637100000000004	38.0301	37.8688	38.1757	37.934	38.055699999999995	38.096000000000004	38.1392	37.957800000000006	38.046400000000006	37.8079	37.9634	37.7688	38.0121	37.769999999999996	38.2895	37.6903	38.2738	38.291599999999995	37.962	37.9071	38.4062	37.7265	38.3801	37.8402	38.311299999999996	37.9992	38.475	38.067299999999996	38.2448	38.0434	38.1783	37.8309	38.176100000000005	38.1081	38.293	38.232	38.6561	38.1956	38.3208	38.2147	38.4723	38.0571	38.7271	38.3671	38.512	38.7588	38.5102	38.667	38.3119	38.5181	38.598	37.751000000000005
Sor-CPnd_046-Ex1-5A-lcwgs-1-2-L3-clmp.r1r2_fastp	54.6803	39.867000000000004	37.6504	36.8093	38.1257	36.9504	35.9625	37.3592	38.739000000000004	36.203	41.127399999999994	40.3099	40.465	39.2033	39.4328	38.5141	39.218599999999995	38.5621	39.3847	39.022400000000005	39.4615	38.8735	39.3778	38.478899999999996	39.006299999999996	38.583600000000004	38.852	38.3418	39.0305	38.218	39.1743	38.823800000000006	39.0232	38.4973	38.9721	38.3692	38.9244	38.239200000000004	38.8779	38.1804	39.002199999999995	38.1399	38.8337	38.4181	38.6783	37.941399999999994	38.6498	38.0282	38.3694	38.047	38.5009	37.9146	38.615500000000004	37.899	38.4739	38.2516	38.3754	37.6395	38.3753	37.851600000000005	38.5999	37.9357	38.3172	37.8846	38.344699999999996	37.9015	38.2542	37.7766	38.0886	37.8951	38.2633	37.8531	38.3615	38.174400000000006	38.1243	37.9537	38.2681	37.7086	38.3222	37.8996	38.3225	37.824999999999996	38.3828	38.0251	38.4308	37.9897	38.1887	37.6652	38.39	37.6888	38.2204	38.1339	38.1392	37.9396	38.1244	37.7907	38.2194	37.825399999999995	38.1839	37.8403	38.4077	37.831399999999995	38.2905	38.1697	38.191	37.8764	38.2351	37.990899999999996	38.1629	38.1149	38.1102	37.9389	38.122499999999995	38.1145	38.0136	38.2641	38.2989	37.9745	38.3082	37.7322	38.309	37.9446	38.2114	38.091	38.3748	38.169799999999995	38.294200000000004	37.8411	38.0644	38.256	38.278400000000005	38.0864	38.1089	38.1004	38.3555	38.384800000000006	38.563199999999995	37.922	38.472899999999996	38.1402	38.6666	38.2156	38.5603	38.3539	38.5941	38.3984	38.569199999999995	38.273	38.595	38.0948
Sor-CPnd_049-Ex1-3B-lcwgs-1-2-L2-clmp.r1r2_fastp	55.8965	38.235200000000006	37.7555	36.2158	37.5483	36.2909	35.5766	36.872	37.6845	35.4976	40.616600000000005	39.94	39.361000000000004	38.757000000000005	38.6825	37.973	38.7537	38.101600000000005	38.732699999999994	38.4621	38.8301	38.2684	38.6124	37.8571	38.3174	37.8807	37.9633	37.735800000000005	38.2676	37.7338	38.3849	38.0083	38.337900000000005	37.7946	38.3643	37.908500000000004	38.1052	37.6663	38.0458	37.5556	38.3745	37.7147	38.162400000000005	37.8469	37.9784	37.7336	38.0549	37.537	37.9148	37.5633	37.974599999999995	37.716499999999996	38.027699999999996	37.6278	38.0376	37.8265	38.086	37.4379	38.0266	37.561699999999995	38.0176	37.6867	37.8616	37.8217	38.1386	37.506099999999996	38.0367	37.675	37.9631	37.5354	38.0398	37.7335	38.2367	37.7717	38.006099999999996	37.7318	38.149899999999995	37.764399999999995	38.1278	37.756699999999995	38.0841	37.968	37.9499	37.6392	38.073800000000006	37.924600000000005	37.96	37.6228	38.1985	37.7937	37.939	37.9586	37.9465	37.750499999999995	38.230799999999995	37.8531	37.9821	37.718	38.012499999999996	37.641799999999996	38.1065	37.7806	38.0177	38.016299999999994	37.8202	37.9708	38.0909	37.771300000000004	38.061299999999996	37.716699999999996	37.9981	37.8123	38.0291	37.849	38.054	38.0493	38.2984	37.7952	37.9164	37.8835	38.128499999999995	37.8202	38.1584	37.9679	38.2009	38.063900000000004	38.231	37.9437	38.14	37.595600000000005	38.0816	38.072	38.107	38.1312	38.1743	38.1231	38.3513	37.8836	38.3774	38.2201	38.356	38.1183	38.5732	38.1243	38.5518	38.3033	38.252	38.2599	38.5062	37.8361
Sor-CPnd_049-Ex1-3B-lcwgs-1-2-L3-clmp.r1r2_fastp	55.8454	38.4322	37.5785	36.1779	37.743	36.2136	35.5825	36.917899999999996	37.7456	35.5527	40.751	39.8231	39.6406	38.5822	38.7347	37.9401	38.7782	38.1235	38.854499999999994	38.526700000000005	38.913599999999995	38.3145	38.7545	37.8654	38.24	37.9155	37.9226	37.6295	38.322	37.6541	38.585300000000004	38.1556	38.3017	38.006499999999996	38.2209	37.6948	38.1672	37.7965	37.9828	37.6556	38.461800000000004	37.6387	38.1995	37.8847	38.141999999999996	37.7397	38.099	37.418800000000005	37.955600000000004	37.6571	38.1738	37.867200000000004	38.281	37.8769	38.0533	37.7854	38.1152	37.5591	38.080999999999996	37.400800000000004	38.1385	37.8669	37.8564	37.7989	38.0304	37.6122	38.024	37.6243	37.874	37.588899999999995	38.0575	37.7097	38.1444	37.811299999999996	38.1181	37.8133	38.1806	37.6406	38.1984	37.9041	37.9872	37.924	38.1956	37.8645	37.9647	37.9208	37.973	37.7406	38.365700000000004	37.6877	38.0287	38.054700000000004	38.0576	37.7682	38.283	37.8286	38.3157	37.9348	37.9209	37.801	38.141799999999996	37.6903	38.018800000000006	38.1098	37.9876	37.9907	38.1105	37.9274	37.980799999999995	37.6959	37.9172	37.9218	38.069399999999995	37.845600000000005	38.0529	37.968	38.114799999999995	38.0326	38.3117	37.9165	38.3243	38.054100000000005	38.057	37.961099999999995	38.188100000000006	37.923	38.1094	37.89	38.1031	37.8207	38.0866	37.8268	38.1151	38.0625	38.068200000000004	38.0991	38.16	38.074999999999996	38.1793	38.1666	38.5456	38.3471	38.453700000000005	38.365	38.5653	38.4034	38.286500000000004	38.2573	38.4839	38.1147
Sor-CPnd_050-Ex1-3F-lcwgs-1-2-L2-clmp.r1r2_fastp	56.1121	38.2645	37.109700000000004	36.1691	37.6689	36.2429	35.4063	36.6298	37.522	35.6378	40.6263	39.68	39.4036	38.6868	38.703700000000005	37.988	38.7549	38.0696	38.6884	38.4375	38.8478	38.2656	38.6827	37.9208	38.2618	37.974799999999995	38.0097	37.7072	38.2771	37.7164	38.448	38.1003	38.319900000000004	37.9373	38.3808	37.7754	38.2124	37.702799999999996	38.0314	37.6042	38.3739	37.6808	38.1878	37.8581	38.0407	37.6143	37.993500000000004	37.4737	37.95	37.6913	38.0332	37.687599999999996	38.2117	37.6577	37.9929	37.8256	38.0563	37.5384	38.0778	37.5753	38.1152	37.794	37.9257	37.744299999999996	38.1089	37.6259	37.961299999999994	37.711099999999995	37.9672	37.5813	38.0662	37.6456	38.0782	37.8075	37.926700000000004	37.6967	37.9739	37.6013	38.0355	37.7224	38.048500000000004	37.7743	38.065	37.7079	37.9104	37.850699999999996	37.9097	37.591499999999996	38.156400000000005	37.6474	38.0503	37.9398	37.9679	37.8545	38.144800000000004	37.7627	38.0437	37.7321	38.0083	37.689699999999995	38.1053	37.7264	37.958999999999996	37.9686	38.0031	37.8087	38.0032	37.6996	38.0679	37.6933	37.9604	37.7141	38.1125	37.870799999999996	38.1071	37.9955	38.1051	37.7143	37.9884	37.6341	38.0594	37.862899999999996	38.0435	37.9106	38.2378	37.8769	38.2277	37.911699999999996	38.0246	37.7986	38.1386	37.7179	38.1447	38.2088	38.1008	38.1182	38.2414	37.9785	38.3224	38.007200000000005	38.2933	38.162	38.4283	38.3083	38.4637	38.3349	38.2422	38.2335	38.3756	37.769000000000005
Sor-CPnd_050-Ex1-3F-lcwgs-1-2-L3-clmp.r1r2_fastp	56.0008	38.2903	37.1922	36.088300000000004	37.6997	36.4097	35.631800000000005	36.6464	37.7293	35.7382	40.613	39.7745	39.4774	38.7228	38.7128	38.0424	38.7753	38.1477	38.7477	38.4558	38.9301	38.3007	38.711600000000004	38.0248	38.3277	37.9942	38.0419	37.792500000000004	38.304	37.7348	38.4861	38.0667	38.3284	37.9005	38.408	37.813900000000004	38.158500000000004	37.828	38.036500000000004	37.6186	38.3633	37.6092	38.2468	37.894	38.0523	37.7237	38.0054	37.5276	37.9026	37.7216	38.042300000000004	37.716300000000004	38.2153	37.7453	38.0349	37.8459	38.081900000000005	37.5775	38.1274	37.4871	38.1545	37.7458	37.8601	37.588899999999995	38.1205	37.6017	38.083800000000004	37.5314	37.981500000000004	37.573299999999996	38.1847	37.6728	38.0906	37.7605	37.953399999999995	37.7504	38.132	37.660700000000006	38.144600000000004	37.6458	38.1299	37.6809	38.0743	37.7372	38.0379	37.825399999999995	37.9694	37.595299999999995	38.1886	37.6822	38.019999999999996	37.8538	37.9855	37.783699999999996	38.233	37.7678	38.0482	37.735	37.9896	37.8035	38.162099999999995	37.8558	38.0343	37.9431	37.9675	37.8478	38.0501	37.6992	38.069399999999995	37.6865	38.065	37.6994	38.1044	37.8863	37.960100000000004	37.9714	38.1277	37.809	38.1376	37.7615	38.0532	37.9837	37.974599999999995	37.7575	38.2473	37.991200000000006	38.1342	37.9884	38.1166	37.931599999999996	38.1848	37.7736	38.0561	38.042300000000004	38.1136	38.0079	38.2449	38.073	38.3444	38.0349	38.358	38.1462	38.4262	38.3425	38.4961	38.283	38.2226	38.3281	38.282500000000006	37.7134
Sor-CPnd_052-Ex1-6D-lcwgs-1-2-L2-clmp.r1r2_fastp	53.503	39.1953	36.6269	35.6629	36.9597	36.0441	35.1432	36.585	37.4233	35.2374	40.0131	39.203700000000005	38.7973	38.1246	38.118	37.400800000000004	38.231500000000004	37.5532	38.0884	37.8221	38.2705	37.599700000000006	38.1445	37.3294	37.670700000000004	37.3198	37.518499999999996	37.1387	37.7182	37.1364	37.824200000000005	37.5774	37.674800000000005	37.345800000000004	37.6814	37.1715	37.5906	37.0729	37.3925	37.0476	37.6986	37.0135	37.636900000000004	37.351299999999995	37.3395	36.9486	37.2774	36.8736	37.3037	36.9624	37.3052	37.006699999999995	37.3209	37.0279	37.3433	37.094899999999996	37.309599999999996	36.768299999999996	37.3822	36.808600000000006	37.441	36.9456	37.2172	37.0024	37.447599999999994	36.917899999999996	37.1207	36.9842	37.2297	36.7946	37.4067	36.979	37.2756	37.0443	37.0832	36.8917	37.377300000000005	36.7989	37.1419	36.9521	37.3899	37.0318	37.3309	36.9442	37.236000000000004	37.0763	37.081199999999995	36.759100000000004	37.3405	36.8799	37.2635	37.1346	37.2714	37.0129	37.377	36.983	37.3672	37.0409	37.229600000000005	36.8029	37.183	36.9987	37.1534	37.1543	37.160399999999996	37.0045	37.3222	36.8869	37.310300000000005	36.7904	37.312	36.9427	37.256	37.0791	37.316300000000005	37.2855	37.1536	37.1048	37.145	37.1452	37.581900000000005	37.080200000000005	37.282700000000006	37.124	37.593700000000005	37.239	37.4231	37.2965	37.2033	37.0092	37.3395	37.1838	37.39	37.325199999999995	37.3598	37.4463	37.4419	37.2907	37.608200000000004	37.3217	37.5082	37.5716	37.581199999999995	37.540600000000005	37.797599999999996	37.7148	37.5916	37.7125	37.6554	37.067299999999996
Sor-CPnd_052-Ex1-6D-lcwgs-1-2-L3-clmp.r1r2_fastp	53.5056	39.2117	36.7192	35.7674	37.2185	36.0577	35.3296	36.7797	37.603500000000004	35.3181	40.1677	39.194	38.9456	38.217800000000004	38.1548	37.5319	38.284	37.4681	38.1985	38.141000000000005	38.3292	37.648199999999996	38.2273	37.4163	37.7893	37.445	37.5621	37.1238	37.8031	37.2355	37.8368	37.6637	37.872499999999995	37.4941	37.8724	37.223600000000005	37.6675	37.207499999999996	37.5108	37.1176	37.8837	37.1397	37.641200000000005	37.3088	37.528	37.0919	37.4722	36.9355	37.2896	37.0993	37.2937	37.0563	37.6437	37.058099999999996	37.3906	37.405	37.4506	36.9708	37.366899999999994	36.906	37.5146	37.135200000000005	37.311699999999995	37.1469	37.4666	36.9244	37.3444	36.9426	37.2419	37.0493	37.5416	37.0099	37.4147	37.1585	37.1783	36.9266	37.4311	36.9744	37.3231	37.0591	37.3592	37.1742	37.2395	37.0717	37.330200000000005	37.1922	37.208400000000005	36.946600000000004	37.4523	36.9717	37.321799999999996	37.0974	37.351099999999995	37.047999999999995	37.452999999999996	37.0851	37.4222	37.1557	37.2756	37.0875	37.405300000000004	36.9808	37.3799	37.2247	37.441	37.1647	37.479800000000004	37.0783	37.2008	37.2028	37.4343	37.0319	37.271300000000004	37.3015	37.206	37.4245	37.3788	37.0987	37.286500000000004	37.0661	37.2911	37.1005	37.2791	37.4046	37.3416	37.1072	37.317699999999995	37.3275	37.2949	37.1067	37.6925	37.0207	37.4552	37.2342	37.432500000000005	37.6317	37.533699999999996	37.384299999999996	37.6077	37.5394	37.7357	37.473099999999995	37.877100000000006	37.3831	37.8919	37.6067	37.8075	37.6334	37.784099999999995	37.0509
Sor-CPnd_053-Ex1-2C-lcwgs-1-2-L2-clmp.r1r2_fastp	57.2744	38.437	37.957499999999996	36.1171	37.868	36.2889	35.7526	36.8457	37.9981	35.3655	40.9735	40.0641	39.874900000000004	38.7961	39.019	37.9591	39.0141	38.0343	38.996900000000004	38.467800000000004	39.0367	38.2026	38.9128	37.9686	38.4672	37.9264	38.102000000000004	37.724999999999994	38.4135	37.6338	38.4979	38.0783	38.468999999999994	37.885799999999996	38.4248	37.7768	38.4387	37.649100000000004	38.1725	37.5043	38.3765	37.6051	38.480399999999996	37.9319	38.088899999999995	37.7	38.2931	37.5138	38.2458	37.6002	38.182500000000005	37.6747	38.204100000000004	37.7087	38.2147	37.7821	38.2161	37.3523	38.3186	37.4576	38.252399999999994	37.7076	38.1017	37.837199999999996	38.3246	37.634	38.3325	37.7499	38.0064	37.51	38.191399999999994	37.8108	38.215199999999996	37.8471	38.0668	37.7631	38.237700000000004	37.647000000000006	38.307900000000004	37.6162	38.2617	37.7759	38.2703	37.7736	38.285799999999995	37.9446	38.0906	37.7951	38.336	37.7063	38.346999999999994	37.989	38.075399999999995	37.797799999999995	38.268299999999996	37.7461	38.2551	37.899	38.2401	37.755	38.5076	37.7281	38.3412	38.2035	38.1804	38.0302	38.1809	37.8515	38.303799999999995	37.7796	38.2562	37.8084	38.3412	38.1837	38.2699	38.1695	38.3282	37.890299999999996	38.4751	37.9029	38.459700000000005	38.2274	38.2922	38.1258	38.4225	38.1801	38.6473	38.191399999999994	38.508900000000004	37.900800000000004	38.5155	38.111200000000004	38.5689	38.5407	38.5144	38.3913	38.7139	38.3366	38.6287	38.2604	38.7545	38.461800000000004	38.589	38.649899999999995	38.8585	38.719	38.8483	38.5098	38.6475	37.9322
Sor-CPnd_053-Ex1-2C-lcwgs-1-2-L3-clmp.r1r2_fastp	56.916	38.159	37.9655	36.1787	37.8532	36.519800000000004	35.7513	37.0437	38.1989	35.4918	41.0267	40.1712	39.9102	38.9252	38.981500000000004	38.272800000000004	39.1662	38.24	39.043	38.5501	39.1509	38.2826	38.880900000000004	38.1192	38.519	37.991	38.182700000000004	37.7664	38.432500000000005	37.7754	38.5657	38.123200000000004	38.6109	38.0289	38.550200000000004	37.925599999999996	38.4466	37.8067	38.3669	37.736799999999995	38.5225	37.7691	38.3272	38.004	38.2772	37.7193	38.3267	37.6624	38.2379	37.8071	38.1681	37.8149	38.2461	37.811699999999995	38.1121	37.8681	38.338699999999996	37.629000000000005	38.263000000000005	37.6588	38.4227	37.7756	38.0856	37.7913	38.3023	37.7177	38.3592	37.507400000000004	38.2579	37.759	38.239000000000004	37.783899999999996	38.3963	37.9093	38.116499999999995	37.9114	38.2173	37.872499999999995	38.2687	37.9082	38.4578	37.8737	38.3291	37.8956	38.3553	38.056200000000004	38.222899999999996	37.765100000000004	38.4715	37.7571	38.3222	38.097300000000004	38.2143	38.045899999999996	38.3018	38.023	38.3326	37.9847	38.217800000000004	38.0081	38.4329	37.997	38.2537	38.0834	38.3587	38.0869	38.2785	38.0298	38.3258	37.811699999999995	38.3479	37.9594	38.3977	38.0356	38.237500000000004	38.244	38.3962	38.106	38.408300000000004	38.0411	38.345600000000005	38.1854	38.2847	38.1437	38.6219	38.1331	38.5108	38.1534	38.597	38.237	38.4373	38.0021	38.2074	38.4831	38.255	38.515	38.533	38.3664	38.6079	38.382	38.4895	38.2926	38.8364	38.480599999999995	38.7438	38.535000000000004	38.5489	38.4956	38.7668	38.0069
Sor-CPnd_054-Ex1-8F-lcwgs-1-2-L2-clmp.r1r2_fastp	55.2801	39.6493	37.4087	36.4215	37.8661	36.6411	35.9282	37.2451	37.9101	35.851499999999994	40.8681	39.9245	39.557500000000005	38.8129	38.7144	38.1699	38.7816	38.1784	38.7919	38.7001	38.800000000000004	38.2605	38.8606	38.0718	38.4019	38.0818	38.206	37.8118	38.526700000000005	37.8844	38.6397	38.1854	38.5728	37.9735	38.5126	37.9036	38.234899999999996	37.744499999999995	38.0577	37.776700000000005	38.3552	37.6915	38.3335	37.8164	38.122699999999995	37.6015	38.0196	37.3889	37.9692	37.547399999999996	37.9546	37.6353	38.057	37.6301	37.8322	37.9449	38.028600000000004	37.223299999999995	37.890299999999996	37.3935	37.946400000000004	37.5976	37.6896	37.5313	37.9891	37.3581	38.0233	37.5734	37.7168	37.3621	37.9097	37.457	37.9861	37.5291	37.6903	37.3446	37.8404	37.4496	37.854	37.5375	37.938300000000005	37.388	37.6108	37.3961	37.6682	37.479800000000004	37.7388	37.3769	38.039	37.3483	37.817099999999996	37.78	37.7222	37.4882	37.956	37.684200000000004	37.7871	37.5375	37.8675	37.4699	37.905100000000004	37.4002	37.8572	37.767	37.8445	37.797	37.8671	37.4619	37.8239	37.628699999999995	37.8095	37.6906	37.8448	37.7191	37.8207	37.8022	37.873400000000004	37.512	37.9559	37.4732	37.7596	37.5238	37.7946	37.723	38.2461	37.5369	38.044	37.731700000000004	38.0186	37.608599999999996	37.9095	37.7036	38.000299999999996	37.9488	37.8134	37.9549	38.0249	37.8229	38.2965	37.7491	38.4619	38.0457	38.277899999999995	38.2147	38.279999999999994	37.9905	38.1659	38.1011	38.2882	37.7604
Sor-CPnd_054-Ex1-8F-lcwgs-1-2-L3-clmp.r1r2_fastp	55.1453	39.6725	37.560300000000005	36.6015	38.0777	36.678	36.1432	37.223099999999995	38.2915	35.9268	40.8717	40.0231	39.870400000000004	38.82	39.075199999999995	38.2098	39.0062	38.2679	39.0437	38.6741	39.080999999999996	38.4096	39.083400000000005	38.150600000000004	38.6616	38.2903	38.4442	37.9782	38.6931	37.9116	38.622099999999996	38.3358	38.639	38.142399999999995	38.6457	37.9573	38.520199999999996	37.8916	38.3114	37.811099999999996	38.4784	37.8656	38.359500000000004	37.9621	38.238	37.6335	38.1809	37.7569	37.9775	37.6309	38.000099999999996	37.5384	38.140800000000006	37.7395	37.941399999999994	37.8502	37.9915	37.4946	37.9999	37.4535	38.0753	37.7139	37.871300000000005	37.560700000000004	38.0294	37.446	37.9366	37.565	38.0143	37.482	37.9089	37.5827	37.9982	37.5451	37.946000000000005	37.817	37.8863	37.455	37.819399999999995	37.4249	38.2303	37.424800000000005	37.8942	37.7112	37.932	37.7379	37.8998	37.3765	38.050200000000004	37.400299999999994	37.7729	37.7066	37.8264	37.451	37.8547	37.742399999999996	37.9512	37.6826	37.8188	37.6772	37.9384	37.47	38.1453	37.5809	37.7996	37.7033	37.8448	37.5102	37.8704	37.5018	38.0296	37.4588	38.0331	37.6673	37.9217	37.9067	37.8736	37.4048	37.926500000000004	37.5535	38.0181	37.7963	37.9301	37.811699999999995	37.8689	37.838899999999995	38.098	37.8926	37.8329	37.7539	37.878499999999995	37.9981	37.9025	38.0666	37.9326	38.0486	38.4283	37.742399999999996	38.054100000000005	38.1545	38.309	38.0976	38.2697	38.207	38.1467	38.4779	38.3555	38.2527	38.399	38.0033
Sor-CPnd_055-Ex1-7G-lcwgs-1-2-L2-clmp.r1r2_fastp	53.7562	38.870900000000006	36.6528	35.5392	36.9883	35.7522	35.1239	36.5316	37.3353	35.0759	40.0554	38.9373	38.7475	37.938300000000005	37.9903	37.2946	38.1326	37.341	37.9484	37.7523	38.1412	37.4773	38.0159	37.2693	37.4936	37.2054	37.3206	36.9914	37.6399	36.844100000000005	37.6787	37.4428	37.6184	37.160900000000005	37.5788	37.0226	37.453599999999994	36.900800000000004	37.2973	36.8668	37.5837	36.8798	37.433	37.147200000000005	37.2072	36.8273	37.1835	36.640699999999995	37.227	36.8279	37.1379	36.9132	37.3417	36.84	37.1745	36.9869	37.2412	36.6831	37.2472	36.708	37.1866	36.9203	37.008799999999994	36.817899999999995	37.2813	36.7429	37.1038	36.7151	36.993900000000004	36.6075	37.2044	36.7658	37.1552	36.7883	37.047999999999995	36.6651	37.1782	36.6023	37.1033	36.720000000000006	37.2528	36.7341	37.1317	36.7521	37.154900000000005	36.8656	36.9555	36.6413	37.152499999999996	36.5977	37.0546	36.9082	37.0368	36.754999999999995	37.1342	36.8015	37.085	36.8456	36.9763	36.682500000000005	37.1708	36.6826	37.1247	36.8866	36.978100000000005	36.9018	37.131	36.7937	37.021300000000004	36.797999999999995	36.882	36.8825	37.121900000000004	36.9598	37.1391	37.0861	37.1652	36.794700000000006	36.9302	36.845299999999995	37.1186	36.8662	37.0317	36.9411	37.297599999999996	37.0289	37.256499999999996	36.979800000000004	37.203	36.9411	37.181999999999995	37.1006	37.2568	37.1773	37.309599999999996	37.2483	37.463499999999996	37.0388	37.4336	37.2777	37.3693	37.4518	37.6697	37.5708	37.6249	37.495200000000004	37.5305	37.2743	37.518299999999996	36.8619
Sor-CPnd_055-Ex1-7G-lcwgs-1-2-L3-clmp.r1r2_fastp	53.6942	38.9513	36.642799999999994	35.5784	37.1481	35.9406	35.185100000000006	36.6083	37.5503	35.1206	39.9944	39.0043	38.747	38.1396	38.1002	37.406	37.9967	37.4416	38.0083	37.7847	38.2091	37.5581	38.0504	37.277300000000004	37.6377	37.242599999999996	37.4305	36.9702	37.6864	37.0221	37.798500000000004	37.3519	37.7123	37.1172	37.6685	37.1201	37.5494	36.953399999999995	37.4343	36.889	37.6591	36.9547	37.4969	37.2526	37.257600000000004	36.9373	37.3782	36.6785	37.1184	36.911300000000004	37.161100000000005	36.8953	37.4418	36.8363	37.222699999999996	36.957	37.207499999999996	36.7327	37.3199	36.7226	37.3598	36.9773	37.1127	36.9802	37.2379	36.7679	37.219	36.682700000000004	37.204100000000004	36.7312	37.189499999999995	36.8468	37.2314	36.9033	37.080600000000004	36.8858	37.1634	36.762699999999995	37.137	36.8076	37.2398	36.7079	37.1477	36.8915	37.1337	36.8932	37.0678	36.6769	37.228	36.634499999999996	37.0818	36.9636	37.1123	36.940200000000004	37.350100000000005	36.8114	37.1254	36.9369	36.994	36.9255	37.1745	36.7	37.0794	37.0788	37.075	36.827799999999996	37.3147	36.7973	37.1997	36.898399999999995	37.1325	36.8456	37.2188	37.0214	37.1355	37.0571	37.1309	36.796299999999995	37.2994	36.9932	37.0561	37.0111	37.174	36.9802	37.4876	37.082	37.2853	37.007200000000005	37.2194	36.9508	37.236999999999995	37.0058	37.067499999999995	37.209399999999995	37.1995	37.2809	37.4766	37.0099	37.3944	37.2342	37.3772	37.397000000000006	37.656099999999995	37.3837	37.7875	37.5984	37.528299999999994	37.2179	37.6478	36.8849
Sor-CPnd_058-Ex1-2G-lcwgs-1-2-L2-clmp.r1r2_fastp	55.1194	38.109300000000005	36.564099999999996	35.532399999999996	37.0891	35.4306	34.7545	35.741	36.9312	34.567	39.8333	38.8218	38.644099999999995	37.6608	37.6857	37.0163	37.8807	37.0345	37.6958	37.4648	37.9401	37.1488	37.8051	36.8051	37.3758	36.7461	37.0054	36.585	37.2525	36.5522	37.400299999999994	37.0169	37.3205	36.925000000000004	37.2893	36.661500000000004	37.3068	36.620200000000004	37.0364	36.3271	37.4141	36.6318	37.2131	36.851800000000004	37.1763	36.6062	37.1445	36.3742	36.978699999999996	36.511500000000005	36.9816	36.6958	37.1429	36.6965	37.0571	36.754999999999995	37.0001	36.514799999999994	37.1586	36.5166	37.1541	36.742599999999996	36.7744	36.7545	37.2183	36.574400000000004	37.030499999999996	36.7545	36.999900000000004	36.5794	37.1708	36.5928	37.3123	36.6751	37.1112	36.8894	37.1532	36.6972	37.2158	36.6952	37.2796	36.8539	37.2741	36.883300000000006	37.161699999999996	37.027100000000004	37.142199999999995	36.7714	37.3531	36.7226	37.2263	36.9355	37.0621	37.1557	37.3743	36.937	37.3716	36.9667	37.1743	36.903999999999996	37.456	36.9092	37.4695	37.2192	37.2009	37.015	37.2618	36.9356	37.5205	37.013200000000005	37.3904	37.1451	37.4293	37.1357	37.3614	37.4388	37.4572	37.0327	37.3897	37.0907	37.4794	37.467800000000004	37.5507	37.212	37.6505	37.3376	37.7081	37.514199999999995	37.870799999999996	37.2074	37.6905	37.3414	37.7168	37.5383	37.7033	37.627500000000005	37.9371	37.446600000000004	38.0647	37.520399999999995	37.8553	37.850899999999996	38.0239	37.896800000000006	38.2258	37.8405	37.802400000000006	37.91	38.2279	37.1094
Sor-CPnd_058-Ex1-2G-lcwgs-1-2-L3-clmp.r1r2_fastp	54.625299999999996	37.8291	36.6132	35.5013	36.984	35.572700000000005	34.788999999999994	35.862500000000004	36.9683	34.7273	39.7636	38.8917	38.6344	37.7059	37.9348	37.0437	37.803399999999996	37.2751	37.850899999999996	37.5311	37.979800000000004	37.345600000000005	37.8746	37.0379	37.5137	36.8674	37.189	36.7239	37.4176	36.7149	37.5979	37.099199999999996	37.4078	36.9337	37.5938	36.817499999999995	37.3937	36.7512	37.146699999999996	36.686099999999996	37.451	36.7503	37.3592	36.8959	37.1649	36.606	37.227	36.6116	37.075399999999995	36.5976	37.114399999999996	36.7081	37.3707	36.8211	37.2288	36.838300000000004	37.3691	36.5651	37.2794	36.5926	37.3208	36.8527	37.0929	36.8214	37.2394	36.7645	37.368	36.4837	37.013200000000005	36.6049	37.2945	36.7697	37.404700000000005	36.94	37.183899999999994	36.9981	37.371700000000004	36.6083	37.189899999999994	36.9472	37.2581	36.8452	37.2475	36.882799999999996	37.2866	37.019000000000005	37.264	36.8196	37.4786	36.7973	37.2819	37.288399999999996	37.3573	37.0139	37.417899999999996	37.1158	37.3679	36.9057	37.0981	37.0722	37.3542	37.1336	37.2603	37.2738	37.3245	37.0745	37.3427	36.9486	37.456	37.100100000000005	37.2006	37.0833	37.3658	37.0714	37.283300000000004	37.4037	37.532900000000005	37.122899999999994	37.6948	37.1255	37.3459	37.242599999999996	37.3573	37.4891	37.8279	37.274	37.7385	37.4482	37.508	37.1647	37.544	37.256299999999996	37.5049	37.4293	37.2753	37.518	37.8502	37.3007	37.8414	37.6462	37.7989	37.5516	37.9697	37.7345	38.1577	37.8807	37.823299999999996	37.785999999999994	37.9834	37.092999999999996
Sor-CPnd_063-Ex1-7D-lcwgs-1-2-L2-clmp.r1r2_fastp	54.2235	39.2117	37.2541	36.214200000000005	37.4814	36.4052	35.5271	36.922	37.6409	35.6234	40.2887	39.562999999999995	39.0599	38.587199999999996	38.437599999999996	37.8502	38.4615	37.8704	38.4161	38.3219	38.5735	38.014900000000004	38.464	37.7397	38.0002	37.7151	37.864	37.464	38.0978	37.4511	38.0941	37.8281	38.1278	37.702000000000005	38.0863	37.496	38.0122	37.5641	37.7114	37.4079	38.080999999999996	37.4512	37.8977	37.6282	37.7695	37.3427	37.7612	37.256499999999996	37.612899999999996	37.3723	37.669799999999995	37.3664	37.851600000000005	37.425000000000004	37.6639	37.5811	37.657000000000004	37.243500000000004	37.744699999999995	37.2818	37.7556	37.4597	37.4596	37.363800000000005	37.7251	37.3484	37.539699999999996	37.4908	37.5135	37.1429	37.8227	37.3197	37.6789	37.3712	37.4922	37.3517	37.6629	37.2701	37.6527	37.3506	37.5798	37.5155	37.6947	37.3448	37.7226	37.4605	37.5106	37.358799999999995	37.7064	37.3227	37.6661	37.628099999999996	37.566300000000005	37.4835	37.6689	37.4915	37.6562	37.419999999999995	37.5679	37.3729	37.74	37.3266	37.6446	37.63	37.5244	37.4237	37.6612	37.2544	37.588899999999995	37.3208	37.6181	37.4626	37.7415	37.5751	37.689099999999996	37.6932	37.6603	37.4446	37.5782	37.3593	37.751400000000004	37.4927	37.662800000000004	37.6188	37.8693	37.556	37.8269	37.6066	37.753	37.3018	37.6519	37.5864	37.6193	37.740899999999996	37.8281	37.7647	37.8166	37.7077	37.755	37.844100000000005	38.046600000000005	37.9371	38.0698	37.935900000000004	38.2967	38.1331	38.0907	37.87	37.9831	37.4401
Sor-CPnd_063-Ex1-7D-lcwgs-1-2-L3-clmp.r1r2_fastp	54.164699999999996	39.4179	37.2975	36.1892	37.507000000000005	36.477199999999996	35.7378	37.1575	37.8313	35.7122	40.3045	39.6154	39.2663	38.6637	38.4972	37.9112	38.568200000000004	37.8348	38.5055	38.388600000000004	38.5725	38.0683	38.6272	37.7935	38.0929	37.7398	37.7885	37.5058	38.1551	37.5182	38.2163	37.952200000000005	38.1046	37.7742	38.1064	37.5887	37.939499999999995	37.5181	37.8758	37.527100000000004	38.0413	37.5043	37.9288	37.6724	37.7684	37.4396	37.7979	37.358999999999995	37.6087	37.4508	37.7249	37.3921	37.8592	37.4427	37.7844	37.5668	37.742	37.2581	37.8419	37.3686	37.8082	37.5258	37.6251	37.507400000000004	37.7919	37.396499999999996	37.655300000000004	37.3392	37.5861	37.242399999999996	37.759	37.270900000000005	37.7147	37.401	37.6063	37.4407	37.7991	37.3215	37.7474	37.3554	37.6546	37.3704	37.6667	37.4581	37.6759	37.5022	37.6574	37.2599	37.9505	37.4202	37.671	37.5551	37.5544	37.5317	37.6575	37.5006	37.7183	37.514900000000004	37.6469	37.3684	37.748	37.4634	37.7019	37.6173	37.6556	37.6175	37.7053	37.4994	37.6693	37.5025	37.6376	37.5119	37.845600000000005	37.683699999999995	37.6458	37.7072	37.6254	37.415	37.823499999999996	37.375	37.724999999999994	37.5619	37.4767	37.6481	37.8282	37.655	37.891799999999996	37.6245	37.7612	37.5124	37.824000000000005	37.588300000000004	37.662600000000005	37.723600000000005	37.7542	37.844100000000005	38.087700000000005	37.5864	37.9929	37.735	37.925399999999996	37.890499999999996	38.1745	37.9292	38.272099999999995	38.1737	38.058	37.9836	38.1022	37.677
Sor-CPnd_066-Ex1-8B-lcwgs-1-2-L2-clmp.r1r2_fastp	55.033699999999996	39.5596	37.7362	36.4949	37.7795	36.6757	35.911500000000004	37.3869	38.2323	36.0032	40.799099999999996	40.0132	39.6085	38.8852	38.953700000000005	38.185599999999994	38.880199999999995	38.270700000000005	38.7954	38.615	38.9092	38.414	38.8087	38.1337	38.4313	38.0274	38.2615	37.8181	38.3519	37.9171	38.5667	38.285000000000004	38.4628	38.1743	38.4982	37.9673	38.2098	37.7631	38.2115	37.7562	38.4596	37.8063	38.2809	37.986	38.1671	37.7415	38.1995	37.6949	38.0233	37.8046	38.0233	37.7663	38.2466	37.799	38.107	37.9822	38.0592	37.532199999999996	38.082899999999995	37.668	38.0912	37.9319	37.9795	37.715900000000005	38.2254	37.6946	38.0734	37.711	37.9968	37.547399999999996	38.1347	37.724000000000004	38.1464	37.7933	38.0033	37.787	38.0087	37.6634	38.0383	37.8888	38.169399999999996	37.8205	38.0333	37.9129	38.1597	37.9531	37.9552	37.5963	38.1423	37.6361	38.141799999999996	37.9261	37.995400000000004	37.939299999999996	38.1787	37.8422	38.185599999999994	37.9509	37.9708	37.7941	38.1525	37.7608	38.008199999999995	38.124900000000004	37.988499999999995	37.856	38.1671	37.6415	38.0781	37.8631	38.0811	37.8594	38.1654	37.879000000000005	38.162800000000004	37.9418	38.2031	37.697900000000004	37.9819	37.7862	38.1229	37.8658	37.9589	37.8887	38.1344	37.986	38.1554	38.0702	38.116699999999994	38.0135	38.3609	37.971700000000006	38.196000000000005	38.1199	38.218999999999994	38.032199999999996	38.380700000000004	37.9031	38.2876	38.1695	38.4101	38.413199999999996	38.5837	38.3626	38.590999999999994	38.522800000000004	38.493300000000005	38.2299	38.5017	37.9756
Sor-CPnd_066-Ex1-8B-lcwgs-1-2-L3-clmp.r1r2_fastp	54.8358	39.6173	37.7155	36.4675	37.8208	36.7611	35.9552	37.5038	38.3284	35.9751	40.8369	40.0316	39.6687	38.972	38.8546	38.296	38.975500000000004	38.2463	38.7986	38.6759	38.9397	38.3179	38.962799999999994	38.2247	38.4588	38.043	38.285000000000004	37.7842	38.4762	37.813900000000004	38.5857	38.333099999999995	38.535799999999995	38.0784	38.529799999999994	37.9865	38.3537	37.804700000000004	38.1762	37.8236	38.527	37.8403	38.4238	38.134299999999996	38.2716	37.7801	38.1932	37.717299999999994	38.0503	37.7578	38.0835	37.8408	38.3181	37.8803	38.073299999999996	37.9501	38.3077	37.669000000000004	38.1819	37.7246	38.265100000000004	37.9721	37.9437	37.928	38.1289	37.763400000000004	38.0291	37.6154	38.0915	37.6587	38.135400000000004	37.8894	38.185599999999994	37.8632	37.9053	37.853500000000004	38.0554	37.7785	38.0816	37.8037	38.2179	37.7305	38.2461	37.9581	37.9881	37.9688	38.0781	37.7003	38.2585	37.8256	38.2273	38.1049	38.055299999999995	38.027100000000004	38.257600000000004	38.0495	38.216899999999995	37.9855	38.0253	37.885799999999996	38.318799999999996	37.856899999999996	38.2718	38.1092	37.9921	38.0268	38.1779	37.9132	38.1863	37.7917	38.0415	37.8536	38.347300000000004	37.8501	37.9863	38.1811	38.3106	37.9284	38.1829	37.7919	38.1937	38.0231	38.2142	38.112	38.3949	38.018800000000006	38.244499999999995	38.1598	38.155899999999995	38.0769	38.1135	38.0669	38.1769	38.0693	38.073	38.3123	38.4494	38.0919	38.344	38.241	38.4415	38.3078	38.6668	38.3348	38.5499	38.4063	38.2817	38.4074	38.555099999999996	38.1269
Sor-CPnd_069-Ex1-6B-lcwgs-1-2-L2-clmp.r1r2_fastp	55.7331	39.5929	38.0013	36.612899999999996	38.0336	36.8885	36.0733	37.7631	38.6261	35.9309	41.328700000000005	40.6194	40.016400000000004	39.3401	39.223400000000005	38.559	39.166000000000004	38.6339	39.0818	39.0261	39.293	38.7927	39.1071	38.3972	38.677099999999996	38.422	38.4251	38.1298	38.8123	38.089800000000004	38.921299999999995	38.5856	38.7656	38.3499	38.731100000000005	38.1812	38.574799999999996	38.1327	38.3902	38.123000000000005	38.7824	38.222	38.6598	38.414300000000004	38.51	38.0335	38.4643	38.088300000000004	38.467400000000005	38.1714	38.4114	38.0893	38.5988	38.1315	38.5175	38.2337	38.4644	37.894	38.445800000000006	37.9035	38.5109	38.2146	38.3082	38.1527	38.5456	38.0462	38.3751	38.0911	38.339	38.032	38.5382	38.173899999999996	38.5341	38.1472	38.306200000000004	38.089600000000004	38.4673	37.9253	38.364399999999996	38.1349	38.4096	38.0827	38.4519	38.0907	38.4002	38.2219	38.289	38.0367	38.4456	38.0884	38.4024	38.2979	38.3727	38.2353	38.5494	38.283699999999996	38.4946	38.0832	38.4054	38.1108	38.541399999999996	38.1061	38.3278	38.326100000000004	38.3419	38.232699999999994	38.3265	38.1412	38.4519	38.214	38.298500000000004	38.2659	38.4699	38.2808	38.5145	38.5366	38.473600000000005	38.1733	38.205099999999995	38.2119	38.6025	38.1926	38.4823	38.4162	38.5609	38.3693	38.569700000000005	38.3799	38.504	38.4369	38.5419	38.357200000000006	38.638600000000004	38.481	38.5468	38.6792	38.6654	38.3878	38.6845	38.5606	38.6483	38.6548	38.7978	38.6136	38.9125	38.6785	38.779799999999994	38.5746	38.8367	38.2808
Sor-CPnd_069-Ex1-6B-lcwgs-1-2-L3-clmp.r1r2_fastp	55.5694	39.5698	37.9883	36.6132	38.1124	37.0637	36.1788	37.8222	38.6614	36.098400000000005	41.302699999999994	40.5687	40.1509	39.2338	39.2962	38.6324	39.3015	38.6457	39.271	39.0428	39.4512	38.8093	39.132099999999994	38.5347	38.690799999999996	38.4463	38.4853	38.244499999999995	38.7553	38.2199	38.9951	38.6027	38.816	38.4699	38.760600000000004	38.3444	38.7567	38.323499999999996	38.4278	38.2359	38.7663	38.2729	38.8083	38.461600000000004	38.5353	38.1995	38.5077	38.0304	38.4153	38.2181	38.4514	38.1801	38.6563	38.115700000000004	38.4039	38.3548	38.508399999999995	38.1049	38.5547	38.0338	38.5245	38.2338	38.2894	38.254	38.5946	38.131	38.4843	38.016	38.3016	38.0181	38.4575	38.1337	38.4977	38.4174	38.3652	38.359	38.5429	38.0967	38.4092	38.2607	38.5891	38.2035	38.5053	38.2698	38.4731	38.3356	38.4176	38.1475	38.5737	38.168600000000005	38.515899999999995	38.4511	38.5162	38.2778	38.5026	38.2814	38.3954	38.2992	38.3917	38.1926	38.6368	38.156800000000004	38.5187	38.435900000000004	38.4403	38.3459	38.5411	38.2085	38.6125	38.2521	38.4897	38.3107	38.5594	38.506099999999996	38.4107	38.493500000000004	38.5143	38.242399999999996	38.5521	38.224999999999994	38.5403	38.4163	38.4046	38.419799999999995	38.6453	38.285000000000004	38.585300000000004	38.4399	38.573	38.234899999999996	38.6109	38.2467	38.3879	38.5667	38.4437	38.5291	38.806200000000004	38.3382	38.634800000000006	38.5053	38.6889	38.5981	38.9245	38.751200000000004	38.9708	38.7879	38.8189	38.615899999999996	38.9184	38.1848
Sor-CPnd_072-Ex1-8C-lcwgs-1-2-L2-clmp.r1r2_fastp	54.9335	41.3266	37.7518	36.4321	38.0018	36.828	36.1879	37.311299999999996	38.0496	36.3851	40.4282	39.6329	39.3328	38.8104	38.868	38.216	38.8825	38.2836	38.8177	38.534	38.9356	38.2575	38.8351	38.1386	38.393699999999995	38.1038	38.2044	37.8112	38.3857	37.8203	38.549299999999995	38.1718	38.3853	38.0396	38.466	37.9703	38.3151	37.858599999999996	38.1726	37.768299999999996	38.496900000000004	37.844100000000005	38.3592	38.0444	38.1718	37.8915	38.1942	37.673899999999996	38.149	37.899100000000004	38.0709	37.885000000000005	38.2996	37.7989	38.1971	38.019	38.1599	37.6894	38.2669	37.702999999999996	38.2386	37.9726	38.0703	37.8327	38.3081	37.794200000000004	38.111200000000004	37.8392	38.074799999999996	37.6996	38.316	37.782	38.2416	37.9979	38.1335	37.7936	38.203199999999995	37.7208	38.174400000000006	37.8791	38.2853	37.943	38.2115	37.8833	38.181	37.904199999999996	38.1114	37.7357	38.2827	37.8185	38.2162	38.1075	38.1571	38.0105	38.2239	37.9629	38.1774	37.932	38.1712	37.8867	38.2896	37.8895	38.2112	38.1075	38.1728	38.0532	38.2714	37.885999999999996	38.1753	37.899	38.122	37.9805	38.2462	38.0223	38.2128	38.2188	38.2475	37.9339	38.1318	37.8994	38.24	37.9463	38.2704	38.0569	38.4349	38.0983	38.2741	38.074799999999996	38.271	37.9366	38.3975	38.0295	38.3784	38.2256	38.3086	38.2759	38.4823	38.1397	38.393699999999995	38.251400000000004	38.520199999999996	38.439	38.7142	38.5231	38.6772	38.586999999999996	38.5302	38.4209	38.5504	37.9392
Sor-CPnd_072-Ex1-8C-lcwgs-1-2-L3-clmp.r1r2_fastp	54.743399999999994	41.382600000000004	37.716699999999996	36.4483	38.0301	36.910900000000005	36.255700000000004	37.4129	38.2202	36.4766	40.4825	39.6361	39.5451	38.9447	38.8924	38.2241	39.0353	38.2439	38.9125	38.6606	39.030300000000004	38.2497	38.9288	38.142700000000005	38.4798	38.156	38.2761	37.9173	38.4762	37.8892	38.5396	38.2024	38.5314	38.089800000000004	38.4715	37.9336	38.366499999999995	37.947199999999995	38.2291	37.8682	38.5306	37.815	38.425399999999996	38.1177	38.2599	37.8496	38.2926	37.7674	38.0933	37.8294	38.2321	37.8187	38.4606	37.8892	38.2263	38.1048	38.2275	37.7446	38.3255	37.735600000000005	38.3324	38.0087	38.0928	37.9274	38.3791	37.7967	38.2729	37.8238	38.1353	37.7225	38.29	37.8891	38.250299999999996	38.0531	38.054100000000005	37.9812	38.337500000000006	37.7747	38.284	37.9848	38.2659	37.8662	38.3687	37.921	38.2224	38.0006	38.1201	37.8536	38.3042	37.793	38.245400000000004	38.062400000000004	38.140800000000006	37.9831	38.3058	37.9195	38.2479	37.9663	38.142700000000005	37.8681	38.353300000000004	37.972699999999996	38.264700000000005	38.1419	38.1521	38.0844	38.2076	37.9303	38.2339	37.986599999999996	38.2419	37.9237	38.3247	38.083600000000004	38.1434	38.123400000000004	38.2614	37.9608	38.349	37.9336	38.385799999999996	38.1595	38.3077	38.1886	38.3856	38.0741	38.4289	38.143	38.3399	38.0455	38.3914	38.1639	38.211	38.277	38.2733	38.298700000000004	38.5637	38.2474	38.4692	38.299299999999995	38.4936	38.3745	38.6546	38.47	38.719300000000004	38.5999	38.6589	38.4867	38.6123	37.9934
Undetermined-L2-clmp.r1r2_fastp	55.3748	39.5801	37.140299999999996	36.6872	37.5191	36.484	35.0608	36.6641	37.569900000000004	35.5086	40.269	39.7468	39.2086	38.5152	38.3827	37.7485	38.3309	37.84	38.325900000000004	38.1609	38.5577	38.027100000000004	38.352199999999996	37.7049	37.9561	37.598	37.6873	37.406299999999995	37.961	37.4576	38.0834	37.823299999999996	38.0303	37.668099999999995	37.9975	37.5486	37.8618	37.452200000000005	37.6848	37.4018	37.9957	37.4533	37.8822	37.646499999999996	37.7256	37.4163	37.691	37.291000000000004	37.6406	37.3952	37.6319	37.446600000000004	37.782900000000005	37.3769	37.688	37.5499	37.697199999999995	37.262	37.7148	37.2712	37.757400000000004	37.4769	37.552	37.4305	37.7353	37.311699999999995	37.587900000000005	37.4193	37.5816	37.263000000000005	37.7124	37.3884	37.6992	37.4788	37.5472	37.394800000000004	37.694	37.323499999999996	37.654399999999995	37.4097	37.7511	37.4217	37.702799999999996	37.4123	37.6708	37.5129	37.5995	37.3274	37.7954	37.3651	37.694	37.6365	37.6892	37.5437	37.7715	37.512699999999995	37.762499999999996	37.5239	37.6449	37.4739	37.7893	37.4747	37.7457	37.7162	37.702000000000005	37.6182	37.7719	37.5004	37.7655	37.524	37.723600000000005	37.5654	37.8494	37.675799999999995	37.8423	37.791799999999995	37.8368	37.5792	37.763600000000004	37.5477	37.862899999999996	37.7058	37.8147	37.7808	38.0095	37.7401	37.9555	37.7667	37.9302	37.678200000000004	37.9624	37.738699999999994	37.9614	37.9608	37.9505	38.0035	38.114599999999996	37.8691	38.1218	37.9771	38.1596	38.1273	38.2991	38.167	38.3676	38.3001	38.228	38.1224	38.2241	37.672
Undetermined-L3-clmp.r1r2_fastp	55.4003	39.6775	37.2519	36.7826	37.6253	36.6265	35.2096	36.8637	37.7962	35.6263	40.341300000000004	39.7729	39.3243	38.5598	38.4231	37.787	38.3674	37.8788	38.367000000000004	38.2012	38.5952	38.0689	38.3921	37.735600000000005	37.999	37.7196	37.7746	37.477700000000006	38.0034	37.4879	38.0895	37.8604	38.0162	37.6952	38.0315	37.575900000000004	37.898700000000005	37.491	37.778099999999995	37.4399	38.0362	37.4838	37.9289	37.6937	37.771100000000004	37.4506	37.7397	37.3311	37.608799999999995	37.4208	37.6996	37.478699999999996	37.8445	37.444	37.7193	37.5797	37.7352	37.293	37.7586	37.31	37.797399999999996	37.514900000000004	37.5907	37.4724	37.7722	37.346000000000004	37.641000000000005	37.369400000000006	37.614	37.301	37.7558	37.425599999999996	37.7487	37.5197	37.622499999999995	37.4872	37.7343	37.3602	37.6996	37.448100000000004	37.758199999999995	37.4384	37.7359	37.4921	37.7037	37.5518	37.6282	37.3673	37.8341	37.4056	37.7382	37.6667	37.723	37.5748	37.8148	37.5388	37.797599999999996	37.5549	37.6909	37.5108	37.834	37.5153	37.7796	37.7438	37.7425	37.6479	37.8065	37.5233	37.806200000000004	37.553799999999995	37.7875	37.6026	37.8805	37.7465	37.816300000000005	37.8347	37.8838	37.6183	37.8899	37.5836	37.897	37.7361	37.8505	37.791599999999995	38.027100000000004	37.7595	37.965199999999996	37.809	37.9491	37.688300000000005	37.9823	37.7602	37.9358	37.9821	37.954100000000004	38.0141	38.135999999999996	37.898900000000005	38.1203	38.027100000000004	38.1783	38.1062	38.3131	38.184200000000004	38.3738	38.3085	38.2231	38.1695	38.2646	37.7119
