Sample	0.0	1.0	2.0	3.0	4.0	5.0	6.0	7.0	8.0	9.0	10.0	11.0	12.0	13.0	14.0	15.0	16.0	17.0	18.0	19.0	20.0	21.0	22.0	23.0	24.0	25.0	26.0	27.0	28.0	29.0	30.0	31.0	32.0	33.0	34.0	35.0	36.0	37.0	38.0	39.0	40.0	41.0	42.0	43.0	44.0	45.0	46.0	47.0	48.0	49.0	50.0	51.0	52.0	53.0	54.0	55.0	56.0	57.0	58.0	59.0	60.0	61.0	62.0	63.0	64.0	65.0	66.0	67.0	68.0	69.0	70.0	71.0	72.0	73.0	74.0	75.0	76.0	77.0	78.0	79.0	80.0	81.0	82.0	83.0	84.0	85.0	86.0	87.0	88.0	89.0	90.0	91.0	92.0	93.0	94.0	95.0	96.0	97.0	98.0	99.0	100.0
Sor-ACeb_001-Ex1-8E-lcwgs-1-2-L2-clmp.fp2_repr.R1	0.0	0.0	0.0	0.0	0.0	0.0001677632793023732	0.0002796054655039553	0.0003355265586047464	0.001006579675814239	0.0026282913757371797	0.005368424937675942	0.011240139713259004	0.02426975440574332	0.04976977285970404	0.09327638329211949	0.16871393788508662	0.3032600878855899	0.4800266631771905	0.7362571117650151	1.0785501226349572	1.4627839533304925	1.8730770134109966	2.295560871787473	2.740916457242173	3.1611075508015167	3.55434467748628	3.9124074366106454	4.195088562235143	4.455457171712427	4.654424420965041	4.758996865063521	4.788467281127637	4.764812658746003	4.681713914398228	4.528098671650355	4.3316478715872755	4.099239808660387	3.8261211899561243	3.4907064735375797	3.1566897844465545	2.878650109549421	2.593396613642286	2.2748141462470794	2.010754744625144	1.7889716893874068	1.550691911684936	1.3361785985503016	1.154602809252033	0.9960665103112905	0.8573262783282277	0.7367044805098214	0.6311813778286287	0.5345497289504617	0.4435101893823739	0.3659476332515767	0.3089640393818706	0.2582436079394531	0.2232370036583579	0.19108237512540305	0.16172380124748775	0.1395231272864737	0.12146061421491818	0.11089152761886867	0.09707901762297327	0.0794638732962241	0.06822373358296509	0.06073030710745909	0.05597701419389185	0.050664510349316697	0.04322700496691149	0.03724344800512685	0.03215462853295486	0.0262829137573718	0.022312516147215633	0.01918093493357133	0.014819089671709631	0.010736849875351884	0.007437505382405211	0.0056480304031798975	0.004026318703256956	0.0026282913757371797	0.0021809226309308515	0.0018453960723261052	0.0010625007689150302	0.0005032898379071195	0.0003355265586047464	0.0003355265586047464	0.00039144765170553747	0.00022368437240316422	0.0	0.0	0.0	0.0	0.0	0.0	0.0	0.0	0.0	0.0	0.0	0.0
Sor-ACeb_001-Ex1-8E-lcwgs-1-2-L2-clmp.fp2_repr.R2	0.0	0.0	0.0	0.0	5.5908962318477584e-05	0.00016772688695543272	0.00039136273622934303	0.0010622702840510738	0.0017331778318728048	0.0029631750028793116	0.006149985855032533	0.012859061333249844	0.025997667478092075	0.05009443023735591	0.09353569395881299	0.17119324261917834	0.3022438502936898	0.4843952495272897	0.7453223766676246	1.0809438774654454	1.4625225452890551	1.8799388579588086	2.3066360583734293	2.7423346017213253	3.1504700266462113	3.535459141171248	3.9059678344557986	4.211286677677005	4.4560561147073	4.642847957813333	4.760424505569092	4.792013069279031	4.7616545027400985	4.686121494647836	4.544783637906724	4.335013211287795	4.088734232274902	3.825291201830236	3.4941983269802113	3.142642771921625	2.859407968816217	2.5855099624179956	2.2780665786286876	2.0193199010187732	1.7865149819246324	1.5436464496131659	1.340305553660863	1.1587691530127664	0.9924399901152955	0.8520525857335983	0.7374951219430377	0.6290876440075097	0.5370055830689772	0.4528066858173499	0.36586824941211726	0.30559838803279843	0.2578521342128186	0.2243626657840505	0.19456318886830198	0.16616143601051536	0.14094649400488196	0.12059563172095614	0.11053201850363017	0.09554841660227818	0.07765754866036535	0.06764984440535787	0.059431226944541664	0.05372851278805695	0.051156700521406986	0.04455944296782663	0.037347186828743016	0.03270674295630938	0.025550395779544252	0.020183135396970406	0.01800268586654978	0.01498360190135199	0.012188153785428112	0.008609980197045548	0.005646805194166236	0.003801809437656475	0.0027395391536054014	0.0020686316057836702	0.0013977240579619394	0.0009504523594141188	0.0005590896231847757	0.00044727169854782067	0.00033545377391086545	0.00022363584927391033	0.00011181792463695517	0.0	0.0	0.0	0.0	0.0	0.0	0.0	0.0	0.0	0.0	0.0	0.0
Sor-ACeb_001-Ex1-8E-lcwgs-1-2-L3-clmp.fp2_repr.R1	0.0	0.0	0.0	6.142128861863521e-05	0.00012284257723727042	0.00024568515447454084	0.0003071064430931761	0.000552791597567717	0.001658374792703151	0.003623856028499478	0.0061421288618635226	0.011362938394447516	0.02211166390270868	0.04631165161845095	0.09010503040353787	0.16565321540445918	0.30213131871506665	0.48584239297340454	0.7384067317732326	1.070880167065905	1.4450586573306308	1.8460168294330817	2.2673054480683006	2.719488974878693	3.1375836865057427	3.49910939131503	3.844849824949328	4.146489773355444	4.39285056200479	4.592899699035686	4.727780848842208	4.7906148270990725	4.787605183956759	4.714145322768871	4.564584484982495	4.341072415699281	4.109698421472883	3.8659787482341375	3.542227135925312	3.1991278177016156	2.897180762852405	2.6038941096984214	2.3145998403046497	2.0448989619802225	1.7885879245746577	1.5760088446655611	1.373932805110251	1.186720717400651	1.0374669860573675	0.8737792518887045	0.7293163810576746	0.6131687242798354	0.5159388243965358	0.4394078987777164	0.3692033658866163	0.31398562741846325	0.26693692033658867	0.22633744855967078	0.1934156378600823	0.16338062772556966	0.13979485289601376	0.12314968368036361	0.10466187580615441	0.09170198390762238	0.08175173515140348	0.06940605613905779	0.05878017320803391	0.051471039862416315	0.04643449419568822	0.040108101467968796	0.03494871322400344	0.03273754683373257	0.027762422455623118	0.020821816841717338	0.016522326638412875	0.013082734475769301	0.009827406178981635	0.007554818500092132	0.0062649714391007924	0.005466494687058535	0.004176647626067195	0.002272587678889503	0.0012284257723727044	0.0006756341748049875	0.00042994902033044653	0.0003071064430931761	0.00024568515447454084	0.00018426386585590566	6.142128861863521e-05	0.0	0.0	0.0	0.0	0.0	0.0	0.0	0.0	0.0	0.0	0.0	0.0
Sor-ACeb_001-Ex1-8E-lcwgs-1-2-L3-clmp.fp2_repr.R2	0.0	0.0	0.0	6.141117978245704e-05	6.141117978245704e-05	6.141117978245704e-05	0.00024564471912982816	0.0009211676967368556	0.002087980112603539	0.0036232596071649656	0.005465595000638676	0.010255667023670326	0.02266072533972665	0.047163786072927004	0.08959891130260482	0.16771393198589019	0.3011604256531693	0.4846570308431509	0.7444263213229443	1.0750027020919104	1.4455577608992562	1.8507487251039079	2.2871365686380476	2.7308323425662993	3.135961895591169	3.4887077122616015	3.8341455985379227	4.1453160464956325	4.398330107199355	4.60313639177385	4.717176952629872	4.772201369714954	4.778833777131459	4.723809360046378	4.563956059072642	4.337287394495593	4.11976899570613	3.866509290283277	3.543425073447771	3.1986012989692747	2.8958441826417616	2.6010091085061853	2.311025517573423	2.040202214732788	1.7870039204897172	1.5772847415326265	1.3691008420700972	1.1823494443516454	1.0314007644463659	0.8687839603824197	0.7288892928379826	0.616076955577609	0.5215651498924077	0.44203767207412575	0.37037082526799836	0.31516217464356955	0.2673228655930355	0.22636160867813665	0.19264687097756772	0.16396785001916028	0.14100006878052135	0.12337506018295619	0.1060571074843033	0.09052007899934167	0.07940465545871694	0.06773653130005011	0.0576036866359447	0.05312067051182534	0.04771648669096912	0.04206665815098307	0.03776787556621108	0.032547925284702225	0.02585410668841441	0.021678146463207332	0.016826663260393226	0.012773525394751064	0.01037848938323524	0.007614986293024673	0.006386762697375532	0.005465595000638676	0.0038689043262947935	0.002026568932821082	0.0012282235956491408	0.0007983453371719415	0.0005527006180421133	0.0003684670786947422	0.0001842335393473711	6.141117978245704e-05	0.0	0.0	0.0	0.0	0.0	0.0	0.0	0.0	0.0	0.0	0.0	0.0	0.0
Sor-ACeb_002-Ex1-9E-lcwgs-1-2-L2-clmp.fp2_repr.R1	0.0	0.0	0.0	0.0	0.0	0.0	0.0	0.0	0.0	0.0	0.0003826169468698107	0.0015304677874792428	0.004591403362437729	0.011095891459224513	0.017600379556011295	0.03060935574958486	0.06466226402099802	0.11861125352964133	0.18748230396620727	0.29040626267418634	0.4315919160691465	0.594586735435686	0.8084696087359101	1.0514313699982398	1.3035759379854452	1.6418093190183578	2.0336090726130442	2.421965273685902	2.7762685664873468	3.1535288761009808	3.5085974027961644	3.8166040450263625	4.115427880531684	4.32701505215069	4.479679213951744	4.553141667750748	4.5852814912878115	4.569976813413019	4.415782183824486	4.211082117249138	3.973094376296115	3.7121496185309044	3.4653616877998763	3.192938421628571	2.9610725518254655	2.7288240650754902	2.46673145646967	2.2474919459132683	2.0183043947382515	1.7699859962197446	1.564520695750656	1.3540813749722602	1.1650686032185738	1.0242655667704834	0.879636360853695	0.7315636024150781	0.6259613250790104	0.5570902746424444	0.49051492588709744	0.4235569601848805	0.3692253537293674	0.3332593607236052	0.2812234559493109	0.24717054767789776	0.23990082568737134	0.22536138170631856	0.19781296153169214	0.18977800564742614	0.1813604328162903	0.15610771432288278	0.13391593140443375	0.11669816879529228	0.10828059596415644	0.09412376892997344	0.06810581654282631	0.046679267518116914	0.03787907774011127	0.027931037121496183	0.021426549024709404	0.01606991176853205	0.010713274512354702	0.006504488096786783	0.0034435525218282966	0.0030609355749584856	0.0022957016812188646	0.0011478508406094323	0.0003826169468698107	0.0003826169468698107	0.0007652338937396214	0.0003826169468698107	0.0	0.0	0.0	0.0	0.0	0.0	0.0	0.0	0.0	0.0	0.0
Sor-ACeb_002-Ex1-9E-lcwgs-1-2-L2-clmp.fp2_repr.R2	0.0	0.0	0.0	0.0	0.0	0.0	0.0	0.00038273995881718043	0.0011482198764515414	0.0007654799176343609	0.0	0.0007654799176343609	0.003444659629354624	0.007654799176343609	0.014161378476235676	0.032150156540643154	0.06774497271064094	0.11635294748042284	0.18907353965568713	0.2874377090717025	0.426372314122339	0.6093220144369513	0.8182980319511318	1.0636343455529444	1.3238975175486272	1.6476955227079617	2.0315837014015936	2.4173855798893116	2.767975382165849	3.1285164233716327	3.486761024824514	3.8384990469775024	4.1523458132075906	4.3521360717101585	4.481502177790365	4.510973154619288	4.557667429594985	4.570680588194769	4.407633365738651	4.195978168512749	3.9659514532636235	3.7118121206090158	3.494415824000857	3.2314734722934544	2.952073302356913	2.7075024686727343	2.460635195235653	2.2604621967742675	2.0407694604132063	1.773616969158814	1.5435902539096886	1.3560476740892704	1.1933831915919686	1.031101449053484	0.8657577868444621	0.7191683826174821	0.6139148939427574	0.543108001561579	0.4822523481096474	0.42560683420470463	0.37585063955847114	0.332983764170947	0.2878204490305197	0.25911495211923113	0.23921247426073777	0.22275465603159902	0.20285217817310564	0.19519737899676204	0.18294970031461225	0.1465894042269801	0.1213285669450462	0.11443924768633695	0.10257430896300436	0.07999265139279071	0.062003873328383224	0.05166989444031936	0.04478057518161011	0.03253289649946034	0.022198917611396467	0.014926858393870038	0.010333978888063871	0.006506579299892067	0.004592879505806165	0.002679179711720263	0.0011482198764515414	0.00038273995881718043	0.0	0.0	0.0	0.0	0.0	0.0	0.0	0.0	0.0	0.0	0.0	0.0	0.0	0.0	0.0
Sor-ACeb_002-Ex1-9E-lcwgs-1-2-L3-clmp.fp2_repr.R1	0.0	0.0	0.0	0.0	0.0	0.0	0.0	0.0	0.0	0.0003683919690550746	0.0014735678762202984	0.001841959845275373	0.002947135752440597	0.005894271504881194	0.014367286793147908	0.03131331736968134	0.06152145883219746	0.1090440228403021	0.18088045680604162	0.29766071099650027	0.4288082519801068	0.5757966476330816	0.794989869220851	1.0502855037760177	1.3195800331552772	1.6511328053048442	2.0081046233192117	2.365444833302634	2.7710443912322713	3.1615398784306503	3.5295634555166697	3.835328789832382	4.059311107017867	4.29913427887272	4.514643580769939	4.636212930558114	4.616319764229139	4.447596242401915	4.299871062810831	4.185669552403757	3.9720022103518144	3.708233560508381	3.4739362681893535	3.265794805673236	3.017867010499171	2.7434149935531402	2.480014735678762	2.230613372628477	2.009209799226377	1.7815435623503406	1.5590348130410758	1.3394731994842513	1.16006631055443	1.0270768097255478	0.8627739915269846	0.7548351445938479	0.6933136857616504	0.5757966476330816	0.48075151961687235	0.44133357892797936	0.3923374470436544	0.3381838275925585	0.29766071099650027	0.27776754466752623	0.26450543378154356	0.2335605083809173	0.20151040707312579	0.18309080862037208	0.1668815619819488	0.15288266715785595	0.13004236507644132	0.1175170381285688	0.10057100755203535	0.0696260821514091	0.0523116596058206	0.043838644317553875	0.04015472462700313	0.033155277214956716	0.022840302081414625	0.015840854669368208	0.011420151040707312	0.0077362313501565675	0.004052311659605821	0.001841959845275373	0.001841959845275373	0.001841959845275373	0.0011051759071652237	0.0007367839381101492	0.0003683919690550746	0.0	0.0	0.0	0.0	0.0	0.0	0.0	0.0	0.0	0.0	0.0	0.0
Sor-ACeb_002-Ex1-9E-lcwgs-1-2-L3-clmp.fp2_repr.R2	0.0	0.0	0.0	0.0	0.0	0.0	0.0	0.0	0.0003684462621126709	0.0007368925242253418	0.0014737850484506836	0.002947570096901367	0.0047898014074647215	0.005526693931690063	0.013632511698168821	0.03021259349323901	0.06263586455915404	0.11753435761394201	0.1875391474153495	0.2980730260491507	0.42518698647802217	0.5847242179728086	0.8091079915994251	1.05117718580745	1.321985188460263	1.6406912051877234	2.006189897203493	2.4147968018864447	2.8024022696289745	3.145794185917984	3.4855016395858662	3.828893555874876	4.096385542168675	4.3104528204561365	4.4865701337459925	4.600051582476696	4.604472937622048	4.460410449135994	4.3126634980288125	4.182970413765153	3.9781142920305075	3.704358719280793	3.4446041044913596	3.2349581813492505	2.992152094617	2.724660108323201	2.480748682804613	2.2338896871891234	2.020559301425887	1.7987546516340591	1.555948564901809	1.3459341954975867	1.1760804686636455	1.025385947459563	0.8636380383921005	0.75457794480675	0.6989425592277366	0.5836188791864707	0.4800854795328101	0.43071368040971225	0.380604988762389	0.3389705611436572	0.3106001989609815	0.2873880844478833	0.26712354003168637	0.2380162853247854	0.2008032128514056	0.1834862385321101	0.1694852805718286	0.15658966139788513	0.13890424081647693	0.1123761099443646	0.08916399543126635	0.06668877344239342	0.05158247669577392	0.04642422902619653	0.03979219630816845	0.03242327106591504	0.022843668250985594	0.014737850484506834	0.010684941601267456	0.007368925242253417	0.0036844626211267086	0.0011053387863380127	0.0011053387863380127	0.0014737850484506836	0.0014737850484506836	0.0011053387863380127	0.0003684462621126709	0.0	0.0	0.0	0.0	0.0	0.0	0.0	0.0	0.0	0.0	0.0	0.0
Sor-ACeb_003-Ex1-10E-lcwgs-1-2-L2-clmp.fp2_repr.R1	0.0	0.0	0.0	0.0	0.0	0.00011760416789171008	0.00011760416789171008	0.0	0.00011760416789171008	0.0005880208394585504	0.0011760416789171008	0.0022344791899424916	0.004351354211993273	0.009290729263445097	0.020815937716832683	0.04045583375474827	0.07820677164798721	0.14441791817101998	0.24073573167433054	0.3768037539250391	0.53709823476144	0.7373781326810223	0.982112406063671	1.2731827215956533	1.5947125166115887	1.9454081452646683	2.325034399219108	2.698662840611071	3.0892262821794403	3.4215756606414134	3.7228775387799744	4.030177229481013	4.274558690359987	4.433794733685362	4.5459891098540535	4.6196093189542635	4.621373381472639	4.5759781726664395	4.460020463125213	4.268325669461726	4.028413166962637	3.7727417059660597	3.4867283696534206	3.2137690959767617	2.9404570097964275	2.645505756724018	2.3633733579518057	2.097587938516541	1.8527360609660006	1.6045912667144926	1.4000776187508084	1.2166151168397408	1.0427961566957933	0.8889699050934365	0.7456104244334418	0.6377674024767438	0.5456833390175349	0.46124354647128696	0.3962084416271713	0.32893885759311314	0.2559066693323611	0.20051510625536567	0.16476343921628583	0.1364208347543837	0.10466770942362197	0.0793828133269043	0.06726958403405817	0.05621479225223742	0.04221989627312392	0.03351718784913737	0.028342604461902128	0.021521562724182947	0.01681739600851454	0.01270125013230469	0.009878750102903648	0.007173854241394315	0.004939375051451824	0.0034105208688595926	0.001999270854159071	0.001293645846808811	0.0010584375110253908	0.0011760416789171008	0.0009408333431336806	0.0004704166715668403	0.00023520833578342015	0.00023520833578342015	0.00011760416789171008	0.0	0.00011760416789171008	0.00023520833578342015	0.00011760416789171008	0.0	0.0	0.0	0.0	0.0	0.0	0.0	0.0	0.0	0.0
Sor-ACeb_003-Ex1-10E-lcwgs-1-2-L2-clmp.fp2_repr.R2	0.0	0.0	0.0	0.0	0.0	0.0	0.00011758066033298844	0.00011758066033298844	0.0	0.0005879033016649421	0.001881290565327815	0.002586774527325745	0.0038801617909886184	0.00905371084564011	0.021164518859937916	0.04279936036120779	0.08066033298843006	0.14144953438058508	0.24045245038096133	0.37743391966889284	0.5352271658357634	0.7382889662308344	0.9837973850061141	1.2745743580095945	1.6019189163766343	1.9653607374659017	2.3384441727024736	2.6998871225660803	3.087197817702944	3.423713667575957	3.7271893518954005	4.028783745649515	4.27723168093312	4.435730411061989	4.543316715266673	4.639732856739723	4.632442855799078	4.531676229893708	4.425383312952685	4.276408616310789	4.040424231022481	3.768577744332612	3.4788589972721287	3.216771705389897	2.9511569936976767	2.6456824381525728	2.354199981187094	2.093876399209858	1.8504844323205718	1.5980387545856456	1.3961527607939046	1.2163719311447652	1.0417646505502773	0.8913789859843853	0.7446383218888157	0.6374047596651303	0.5522763615840466	0.46550183425830116	0.396129244661838	0.3271093970463738	0.2531511616969241	0.1980058320007525	0.16108550465619417	0.13580566268460165	0.10652807826168752	0.07936694572476719	0.06643307308813846	0.05667387828050042	0.04256419904054181	0.032569842912237794	0.026808390555921362	0.021399680180603894	0.01798984103094723	0.013756937258959647	0.009759194807638039	0.006937258959646317	0.0049383877339855145	0.0032922584893236764	0.0015285485843288496	0.001058225942996896	0.0011758066033298843	0.0009406452826639075	0.0008230646223309191	0.0007054839619979306	0.00047032264133195376	0.0003527419809989653	0.00011758066033298844	0.0	0.00011758066033298844	0.00023516132066597688	0.00011758066033298844	0.0	0.0	0.0	0.0	0.0	0.0	0.0	0.0	0.0	0.0
Sor-ACeb_003-Ex1-10E-lcwgs-1-2-L3-clmp.fp2_repr.R1	0.0	0.0	0.0	0.0	0.0	0.00012007656081517576	0.00024015312163035152	0.00012007656081517576	0.00012007656081517576	0.00012007656081517576	0.00048030624326070304	0.0021613780946731637	0.005403445236682909	0.010086431108474764	0.021133474703470934	0.04250710252857222	0.07744938172578837	0.1326845997007692	0.22394278592030278	0.35386562472232297	0.5122466084375398	0.7227408195465429	0.9834270330762893	1.2669277931609193	1.5790067747195613	1.9309511744688412	2.3239617580169116	2.719854179024546	3.0787630193011064	3.4162982317525654	3.736302266325009	3.993986565834376	4.244346195134018	4.455801018729542	4.570113904625589	4.626189658526276	4.617303993025954	4.552342573624943	4.435988386195038	4.25323186063434	4.020163256092085	3.7695634736708126	3.4954286853297662	3.2071248628125293	2.92062218870752	2.6383221942310415	2.3663487839846686	2.113707700029539	1.874755344007339	1.6237953319036218	1.4041753021726653	1.223580154706641	1.0542722039572432	0.9029757373301217	0.7657282283183758	0.6510551127398829	0.5494703422902443	0.4615742997735356	0.3918098179399185	0.3296101594376574	0.2640483572325715	0.2119351298387852	0.1773530803240146	0.1440918729782109	0.1133522734095259	0.09125818621953358	0.07264631929318133	0.05919774448188165	0.04694993527873372	0.03602296824455273	0.030259293325424288	0.023655082480589625	0.0158501060276032	0.012848192007223804	0.011167120155811346	0.007324670209725721	0.006243981162389139	0.006003828040758788	0.004442832750161503	0.002521607777118691	0.0015609952905972847	0.0013208421689669333	0.0010806890473365818	0.0010806890473365818	0.0013208421689669333	0.0010806890473365818	0.0006003828040758788	0.0003602296824455273	0.00012007656081517576	0.0	0.0	0.0	0.0	0.0	0.0	0.0	0.0	0.0	0.0	0.0	0.0
Sor-ACeb_003-Ex1-10E-lcwgs-1-2-L3-clmp.fp2_repr.R2	0.0	0.0	0.0	0.0	0.0	0.0	0.00012011232905012769	0.00012011232905012769	0.00012011232905012769	0.00036033698715038303	0.0008407863033508937	0.002282134251952426	0.0057653917944061285	0.010449772627361107	0.01969842196422094	0.03867616995414111	0.07843335086973337	0.1388498523819476	0.22761286354999197	0.36237889674423523	0.5198461601289526	0.7170706044292622	0.9929686242574055	1.291687986605073	1.5966531900633474	1.9372917552495095	2.3214109835518175	2.7114157159775822	3.0805209031486243	3.416715312159932	3.7376554553818733	4.015835609461969	4.2561803798912745	4.4508824652815315	4.561265695678599	4.610271525931051	4.599341303987489	4.545651092902082	4.426499662484355	4.2406858894438075	4.024363584824528	3.788462970570077	3.507760457579929	3.1985913226049005	2.9051569027354383	2.632021466475448	2.3693358028428184	2.1164993501923	1.8641433468579816	1.611667231194613	1.3996689704211378	1.2223831727431493	1.055427035363472	0.9033648267860103	0.7625931771392607	0.6511289357807422	0.5514357026691362	0.45798831066813683	0.38616113789616047	0.32562452405489617	0.2647275732264814	0.21464073201257816	0.1800483812461414	0.145816367466855	0.11422682492667141	0.09248649336859831	0.07062604948147506	0.05573212067925924	0.04780470696195082	0.03711470967648946	0.02894707130108077	0.02318167950667464	0.016455389079867492	0.01297213153741379	0.010569884956411235	0.007567076730158044	0.006606178097757023	0.006005616452506384	0.004564268503904852	0.0024022465810025536	0.0013212356195514044	0.001081010961451149	0.0009608986324010215	0.001081010961451149	0.0014413479486015321	0.0012011232905012768	0.0006005616452506384	0.00036033698715038303	0.00012011232905012769	0.0	0.0	0.0	0.0	0.0	0.0	0.0	0.0	0.0	0.0	0.0	0.0
Sor-ACeb_004-Ex1-11E-lcwgs-1-2-L2-clmp.fp2_repr.R1	0.0	0.0	0.0	0.0	0.0	0.0	0.00014774802460891097	0.00029549604921782195	0.0004432440738267329	0.0008864881476534658	0.0013297322214801987	0.0022162203691336647	0.0029549604921782196	0.0042846927136584185	0.009751369624188124	0.0229009438143812	0.05156406058850993	0.09780919229109906	0.15587416596240108	0.2353626032019952	0.36346014053792103	0.5345523530350399	0.7199761239192232	0.9817856235262135	1.3115592144533026	1.640003073158912	2.00390645777066	2.381698156695645	2.7893349565916306	3.2042114096934524	3.5382696933342	3.868486528335116	4.23416288924217	4.496267884898379	4.6508123186393	4.739165637355429	4.761032344997548	4.709468284409037	4.582109487196156	4.420029904200181	4.225593503814854	4.005153451098359	3.7177835432340265	3.393033385143641	3.0832057775387542	2.7804700751150957	2.4932479152753726	2.2086852198786104	1.9492396886653625	1.7098878887989266	1.500233441878882	1.30786551383808	1.1165318219695404	0.9594756718102679	0.8152735997919708	0.6982571643017133	0.5918785865832974	0.4856477568894904	0.403204359157718	0.33908171647745067	0.283823955273718	0.2409770281371338	0.19827784902515852	0.1588291264545793	0.13252997807419314	0.11509571117034165	0.10431010537389115	0.09086503513448026	0.07077130378766835	0.055405509228341615	0.045506391579544586	0.03826673837370794	0.03486853380770299	0.02895861282334655	0.022753195789772293	0.01787751097767823	0.014183810362455453	0.0121153380179307	0.010046865673405948	0.007830645304272282	0.004875684812094062	0.0028072124675693087	0.0022162203691336647	0.0014774802460891098	0.0010342361722623767	0.0010342361722623767	0.0007387401230445549	0.0004432440738267329	0.0004432440738267329	0.0005909920984356439	0.0005909920984356439	0.0004432440738267329	0.00014774802460891097	0.0	0.0	0.0	0.0	0.0	0.0	0.0	0.0
Sor-ACeb_004-Ex1-11E-lcwgs-1-2-L2-clmp.fp2_repr.R2	0.0	0.0	0.0	0.0	0.0	0.0	0.00014780130774597094	0.00029560261549194187	0.0005912052309838837	0.0011824104619677675	0.0011824104619677675	0.0016258143852056802	0.002660423539427477	0.0048774431556170405	0.010346091542217965	0.023943811854847293	0.05306066948080356	0.09695765788135693	0.15445236659453965	0.23722109893228333	0.3677296536719757	0.5371099523488584	0.7242264079552575	0.9896775566670214	1.3160228441701252	1.636160476747898	2.0013775081881926	2.3880257292516522	2.791079895474915	3.2061059676256014	3.548561597673016	3.8658910054036157	4.221648753148168	4.497445993402149	4.648646731226278	4.734223688411196	4.766592174807563	4.712496896172538	4.584648764972273	4.413938254525676	4.2139630851453775	3.9953649509890865	3.7112908375013305	3.3914488075390494	3.071458976269022	2.7748217516228584	2.501684934908304	2.2148025965733744	1.9511250635545623	1.7121303489293274	1.5025480945455405	1.3105541957835243	1.1200383100989677	0.9601172951178272	0.8126115899873483	0.6961441594835232	0.5932744492923273	0.488483322100434	0.40305416622326273	0.33610017381433793	0.28436971610324807	0.2431331512421222	0.19849715630283898	0.1554869757487614	0.12947394558547054	0.11617182788833315	0.1041999219609095	0.09089780426377213	0.07301384602650964	0.055129887789247156	0.04419259101604531	0.03842834001395245	0.03532451255128705	0.03015146678017807	0.02246579877738758	0.016258143852056803	0.013745521620375296	0.012267508542915587	0.009754886311234081	0.007833469310536459	0.005912052309838837	0.0032516287704113605	0.002217019616189564	0.0013302117697137385	0.0008868078464758256	0.0010346091542217967	0.0007390065387298546	0.0004434039232379128	0.0004434039232379128	0.0005912052309838837	0.0005912052309838837	0.0004434039232379128	0.00014780130774597094	0.0	0.0	0.0	0.0	0.0	0.0	0.0	0.0
Sor-ACeb_004-Ex1-11E-lcwgs-1-2-L3-clmp.fp2_repr.R1	0.0	0.0	0.0	0.0	0.0	0.0	0.0	0.0	0.0	0.00016382538834808306	0.0004914761650442492	0.0011467777184365816	0.0034403331553097445	0.007863618640707988	0.015235761116371725	0.03178212533952812	0.0619259967955754	0.10402912160103275	0.16022122980442524	0.24721251101725736	0.38105785329764125	0.5566786696067862	0.7535967864011821	0.9985157419815662	1.279803933775225	1.6063079327529546	1.9808127705166725	2.3430307041542844	2.7175355419180023	3.1049825853612187	3.473917359921102	3.8454733406945545	4.188359878507092	4.388882153845146	4.53468674947494	4.68163812282317	4.740123786463435	4.700805693259896	4.58514496908615	4.444746611271842	4.2704363980694815	3.986690825450602	3.6790267461329016	3.4113360615721335	3.1212012988076787	2.8214008381306868	2.54076794789042	2.279466453475228	2.0121034196911562	1.7445765605187367	1.51866134998673	1.3215794078039862	1.135637592028912	0.9603444264964629	0.8081506407210939	0.7105107092656363	0.6233556026644561	0.526534798150739	0.44494975475339366	0.3738495362103256	0.30225784150221324	0.24311687630855527	0.20396260849336345	0.17496551475575273	0.14678754795988244	0.12450729514454315	0.10533972470781743	0.08797423354292061	0.07683410713525096	0.06520250456253707	0.05357090198982317	0.04095634708702077	0.029324744514306875	0.024246157475516294	0.021624951261946967	0.019003745048377638	0.015235761116371725	0.009665697912536901	0.006553015533923324	0.005570063203834824	0.0049147616504424925	0.003604158543657828	0.002293555436873163	0.0013106031067846645	0.0004914761650442492	0.0003276507766961661	0.00016382538834808306	0.0	0.0	0.0	0.0	0.0	0.0	0.0	0.0	0.0	0.0	0.0	0.0	0.0	0.0
Sor-ACeb_004-Ex1-11E-lcwgs-1-2-L3-clmp.fp2_repr.R2	0.0	0.0	0.0	0.0	0.0	0.0	0.0	0.0	0.0	0.00016394248897486763	0.0006557699558994705	0.002131252356673279	0.004590389691296293	0.008033181959768513	0.01590242143056216	0.03147695788317458	0.06164237585455022	0.10230011312031739	0.15754873190484778	0.24870075577487416	0.38395330917913995	0.5639621620735445	0.7624965162221092	0.9980818728789941	1.2831778612062887	1.6090955292883256	1.9758348771251044	2.3360165254028886	2.7237405118284506	3.122284702526354	3.4793514435136155	3.8369100119678015	4.183484433660672	4.3923471646146535	4.543830024427431	4.691706149482761	4.737282161417775	4.6844926799678674	4.570552650130335	4.450382805711756	4.275128284997623	3.9918356640490518	3.6872305195337476	3.407052805875699	3.1094971883863143	2.817515615522075	2.546026853779694	2.2728986671475644	2.0020656753610835	1.7454956801154153	1.5236814925324198	1.317605783891011	1.129399806547863	0.9626702952604227	0.8108595504696953	0.713313769529649	0.6249487679721953	0.5280587569880486	0.44756299490138857	0.37132973752807513	0.2977195599783596	0.2405036313261308	0.20345262881781073	0.17525452071413347	0.14672852763250652	0.12394052166499993	0.1032837680541666	0.08688951915667983	0.07639719986228831	0.0647572831450727	0.05229765398298277	0.039674082331917965	0.028853878059576704	0.023935603390330674	0.022296178500581996	0.01967309867698411	0.014754824007738086	0.009180779382592586	0.006065872092070102	0.0050822171582208964	0.004262504713346558	0.00344279226847222	0.0027870223125727495	0.0014754824007738084	0.0004918274669246028	0.00032788497794973526	0.00016394248897486763	0.0	0.0	0.0	0.0	0.0	0.0	0.0	0.0	0.0	0.0	0.0	0.0	0.0	0.0
Sor-ACeb_005-Ex1-12E-lcwgs-1-2-L2-clmp.fp2_repr.R1	0.0	0.0	0.0	0.0	0.0	0.0	0.0	0.0	0.0	0.0	0.0	0.0010900132981622377	0.005450066490811188	0.013080159577946851	0.02289027926140699	0.04905059841730069	0.09265113034379019	0.15478188833903775	0.2605131782607748	0.3934948006365678	0.5864271544112838	0.7760894682915132	0.9483115694011467	1.2186348673453817	1.5031283381657257	1.8628327265592641	2.3108281921039437	2.7457434980706763	3.0542172614505896	3.2624098013995773	3.5872337642519234	3.957838285627085	4.279392208584945	4.449434283098254	4.499574894813716	4.47668461555231	4.3720433389287345	4.1649408122779095	3.9022476074208106	3.6875149876828495	3.462972248261429	3.2046390965969787	2.996446556647991	2.8002441629787884	2.559351224084934	2.293387979333348	2.0437749340541953	1.8334023675088837	1.668810359486386	1.4813280722024809	1.2971158248130628	1.211004774258246	1.059492925813695	0.9058010507728195	0.8087898672363804	0.6943384709293453	0.6202175666543133	0.5940572474984195	0.5559067820627411	0.5090362102417649	0.5057661703472782	0.5308364762050097	0.5112162368380895	0.5221163698197118	0.5384665692921454	0.4850559176821957	0.4370953325630572	0.41856510649429923	0.42837522617775936	0.4152950665998125	0.37823461446229645	0.3455342155174293	0.2812234309258573	0.23326284580671885	0.18312223409125591	0.1449717686555776	0.12862156918314402	0.09047110374746571	0.06322077129340978	0.03924047873384055	0.028340345752218176	0.02289027926140699	0.010900132981622375	0.0065400797889734255	0.005450066490811188	0.0032700398944867128	0.0010900132981622377	0.0	0.0010900132981622377	0.0010900132981622377	0.0	0.0	0.0	0.0	0.0	0.0	0.0	0.0	0.0	0.0	0.0
Sor-ACeb_005-Ex1-12E-lcwgs-1-2-L2-clmp.fp2_repr.R2	0.0	0.0	0.0	0.0	0.0	0.0	0.0	0.0	0.0	0.0	0.0	0.0010902985237357988	0.004361194094943195	0.007632089666150592	0.015264179332301184	0.030528358664602368	0.09376567304127871	0.17226716675025622	0.2627619442203275	0.401229856734774	0.5713164264375586	0.7523059813777012	0.9387470289365228	1.2113216598704726	1.5384112169912123	1.9047515209664405	2.324516452604723	2.7017597418173094	2.9906888506072966	3.269805272683661	3.626332889945267	4.021020955537626	4.302317974661463	4.440785887175909	4.5094746941712645	4.49748141041017	4.393903050655269	4.156217972480865	3.911991103164046	3.679757517608321	3.422447066006672	3.206567958306984	3.014675418129484	2.7857127281449663	2.514228395734752	2.2492858544669527	2.032316448243529	1.8949388342528184	1.7095880852177325	1.4544582306635558	1.3061776314354872	1.2189537495366232	1.0488671798338385	0.9289343422229005	0.8275365795154712	0.6868880699535532	0.6007544865784251	0.5549619485815217	0.547329858915371	0.5309753810593341	0.5168015002507687	0.5157112017270329	0.5124403061558255	0.5320656795830698	0.5386074707254846	0.4960858282997885	0.4372097080180553	0.3935977670686234	0.42085523016201837	0.44157090211299854	0.3707014980701716	0.33254104973941867	0.2911097058374583	0.21915000327089557	0.17117686822652042	0.14610000218059704	0.13083582284829587	0.0970365686124861	0.05669552323426154	0.03488955275954556	0.02943806014086657	0.022896268998451777	0.010902985237357988	0.005451492618678994	0.004361194094943195	0.0032708955712073967	0.0010902985237357988	0.0	0.0	0.0	0.0	0.0	0.0	0.0	0.0	0.0	0.0	0.0	0.0	0.0	0.0
Sor-ACeb_005-Ex1-12E-lcwgs-1-2-L3-clmp.fp2_repr.R1	0.0	0.0	0.0	0.0	0.0	0.0	0.0	0.0	0.0010303967027305513	0.0010303967027305513	0.0	0.004121586810922205	0.010303967027305513	0.015455950540958269	0.02266872746007213	0.03297269448737764	0.06388459556929417	0.14940752189592993	0.26172076249356	0.3740340030911901	0.5213807315816589	0.7243688820195776	0.9768160741885625	1.317877382792375	1.7228232869654816	2.050489438433797	2.3091190108191655	2.605873261205564	3.005667181865018	3.504379185986605	3.7856774858320454	3.9258114374034	4.114374034003091	4.264811952601752	4.3967027305512625	4.494590417310665	4.447192168985059	4.176197836166924	3.8722308088614112	3.692941782586296	3.4538897475528083	3.117980422462648	2.8490468830499744	2.657393096342092	2.422462648119526	2.1555899021123133	1.9711488923235445	1.8681092220504896	1.7599175682637815	1.556929417825863	1.3405461102524472	1.1828954147346729	1.0551262235960845	0.9356002060793406	0.8119526017516744	0.6615146831530139	0.5904173106646059	0.5698093766099949	0.5275631117980423	0.5203503348789283	0.5296239052035033	0.5275631117980423	0.5378670788253478	0.5409582689335394	0.512107161257084	0.4832560535806285	0.5193199381761979	0.5388974755280783	0.4853168469860896	0.42452344152498717	0.371973209685729	0.34209170530654304	0.29675425038639874	0.23699124162802676	0.18650180319422976	0.15662029881504377	0.13704276146316333	0.10613086038124679	0.07934054611025244	0.05151983513652757	0.03503348789283874	0.02266872746007213	0.00927357032457496	0.004121586810922205	0.0030911901081916537	0.0010303967027305513	0.0	0.0010303967027305513	0.0020607934054611026	0.0020607934054611026	0.0010303967027305513	0.0	0.0	0.0	0.0	0.0	0.0	0.0	0.0	0.0	0.0
Sor-ACeb_005-Ex1-12E-lcwgs-1-2-L3-clmp.fp2_repr.R2	0.0	0.0	0.0	0.0	0.0	0.0	0.0	0.0010296328329317764	0.0030888984987953293	0.0030888984987953293	0.0010296328329317764	0.002059265665863553	0.006177796997590659	0.009266695496385988	0.018533390992771976	0.03912604765140751	0.0741335639710879	0.1523856592739029	0.26358600523053477	0.3850826795164844	0.51584604929882	0.7269207800498343	0.9884475196145055	1.299396635159902	1.7061016041679538	2.0438211733695764	2.299170115936657	2.60805996581619	3.0281501616523547	3.497662733469245	3.7818413953584153	3.967175305286135	4.127798027223492	4.274005889499804	4.4099174234467995	4.520088136570499	4.485080620250819	4.144272152550401	3.8209674430098226	3.669611416568851	3.4317662321616114	3.1599431642676223	2.9210683470274503	2.6791046312884825	2.444348345380037	2.1745845431519117	1.995428430221783	1.8553983649430612	1.7143386668314078	1.511500998743848	1.3024855336586973	1.2057000473631103	1.0842033730771607	0.9204917526410082	0.7845802186940137	0.6692613414056547	0.6136611684273388	0.5580609954490229	0.5127571508000247	0.5364387059574556	0.5230534791293425	0.502460822470707	0.5240831119622743	0.5549720969502275	0.5354090731245238	0.4736311031486172	0.4993719239719116	0.502460822470707	0.446860649492391	0.4303865241654826	0.4108235003397788	0.34492699903214513	0.2800601305574432	0.23063775457671792	0.17400794876547024	0.1544449249397665	0.1410596981116534	0.10605218179197298	0.07825209530281502	0.05148164164658882	0.0350075163196804	0.02574082082329441	0.010296328329317764	0.005148164164658882	0.004118531331727106	0.0010296328329317764	0.0	0.0010296328329317764	0.002059265665863553	0.002059265665863553	0.0010296328329317764	0.0	0.0	0.0	0.0	0.0	0.0	0.0	0.0	0.0	0.0
Sor-ACeb_006-Ex1-1F-lcwgs-1-2-L2-clmp.fp2_repr.R1	0.0	0.0	0.0	0.0	0.0	0.0	0.0	0.0	0.0	0.0	0.0010701596678224393	0.0021403193356448785	0.0021403193356448785	0.0032104790034673176	0.008561277342579514	0.016052395017336588	0.03317494970249561	0.07170069774410343	0.10487564744659902	0.15410299216643122	0.2664697572877873	0.3734857240700312	0.5072556825478362	0.7148666581053893	0.9535122640297933	1.2071401053037114	1.4960832156157697	1.8289028723085483	2.164933008004794	2.520226017721844	2.9129746158126792	3.3281965669277858	3.806557938444416	4.165061427164933	4.397286075082403	4.572792260605282	4.69050982406575	4.700141261076152	4.600616411968666	4.495740764522067	4.326655537006122	4.246393561919438	4.054834981379222	3.814049056119173	3.515474508796713	3.1377081460553917	2.8872907837849406	2.6293823038397326	2.351140790205899	2.052566242883438	1.801078720945165	1.5934677453876118	1.440434912889003	1.257437609691366	1.0305637601130089	0.8689696502718206	0.7255682547836138	0.5778862206241171	0.5104661615513034	0.46230897649929364	0.40987115277599423	0.35850348872051707	0.2857326313085913	0.2589786396130303	0.2247335302427122	0.18192714352981465	0.15196267283078635	0.12306836179958049	0.10808612645006636	0.08989341209708489	0.06956037840845854	0.07705149608321561	0.0738410170797483	0.05350798339112195	0.04601686571636488	0.029964470699028294	0.014982235349514147	0.014982235349514147	0.009631437010401952	0.004280638671289757	0.006420958006934635	0.006420958006934635	0.0021403193356448785	0.0010701596678224393	0.0010701596678224393	0.0	0.0010701596678224393	0.0021403193356448785	0.0021403193356448785	0.0021403193356448785	0.0021403193356448785	0.0021403193356448785	0.0010701596678224393	0.0	0.0	0.0	0.0	0.0	0.0	0.0	0.0
Sor-ACeb_006-Ex1-1F-lcwgs-1-2-L2-clmp.fp2_repr.R2	0.0	0.0	0.0	0.0	0.0	0.0	0.0	0.0	0.0	0.0	0.0010695873531991358	0.0021391747063982717	0.004278349412796543	0.006417524119194815	0.007487111472393951	0.019252572357584444	0.04278349412796543	0.06631441589834641	0.09198451237512567	0.15081181680107814	0.2492138532953986	0.38398185979848976	0.5636725351359445	0.7594070207713864	0.9380281087556421	1.1765460885190493	1.4674738485892143	1.8161593257321325	2.2001411855306223	2.5873318073887095	2.954200269536013	3.3435300661004983	3.8248443750401098	4.209895822191799	4.412047831946435	4.511519455793954	4.566068410807111	4.6366611761182535	4.634522001411855	4.508310693734358	4.360707638992876	4.273001476030547	4.074058228335508	3.782060880912144	3.4504888014204123	3.0943162128051	2.884677091578069	2.656854985346653	2.370205574689285	2.0664427663807303	1.780862943076561	1.5498320747855476	1.4075769568100627	1.230025456179006	1.0193167475987763	0.8813399790360879	0.7551286713585899	0.6160823154427022	0.5134019295355852	0.4502962756968361	0.4192782424540612	0.3871906218580871	0.3048323956617537	0.23851797976340727	0.22247416946542023	0.2117782959334289	0.1529509915074764	0.10588914796671445	0.0984020364943205	0.08663657560912999	0.06096647913235074	0.06631441589834641	0.0684535906047447	0.06096647913235074	0.05347936765995679	0.026739683829978395	0.017113397651186173	0.01818298500438531	0.010695873531991357	0.006417524119194815	0.007487111472393951	0.0053479367659956785	0.0021391747063982717	0.0010695873531991358	0.0010695873531991358	0.0	0.0010695873531991358	0.0021391747063982717	0.0021391747063982717	0.0021391747063982717	0.0021391747063982717	0.0021391747063982717	0.0010695873531991358	0.0	0.0	0.0	0.0	0.0	0.0	0.0	0.0
Sor-ACeb_006-Ex1-1F-lcwgs-1-2-L3-clmp.fp2_repr.R1	0.0	0.0	0.0	0.0	0.0	0.0	0.0	0.0	0.0	0.0	0.0012734960012225562	0.0025469920024451123	0.0038204880036676685	0.005093984004890225	0.008914472008557894	0.021649432020783455	0.028016912026896237	0.050939840048902243	0.11206764810758495	0.17956293617238042	0.249605216239621	0.3540318883398706	0.5068514084865774	0.6825938566552902	0.8990881768631246	1.1754368091284193	1.4708878814120525	1.8414752177678164	2.214609546126025	2.591564362487902	3.0462024349243544	3.430798227293566	3.815394019662778	4.185981356018543	4.361723804187255	4.518363812337629	4.659721868473333	4.6495339004635525	4.663542356477	4.526004788344965	4.317151444144465	4.114665579950079	3.8676073557129027	3.6511130355050687	3.4511741633131274	3.2041159390759515	2.8946564107788704	2.60557281850135	2.2668228821761502	2.033773113952422	1.9013295298252761	1.6950231776272222	1.4912638174316133	1.3091538892567878	1.0735571290306147	0.8634302888288931	0.7679180887372014	0.6966023126687382	0.588355152564821	0.4813814884621262	0.3540318883398706	0.30054505628852324	0.28398960827263003	0.24196424023228566	0.1859304161784932	0.16937496816259995	0.16173399215526463	0.13753756813203608	0.12862309612347816	0.09933268809535938	0.08023024807702103	0.0725892720696857	0.061127808058682696	0.04839284804645713	0.035657888034231575	0.029290408028118792	0.025469920024451122	0.014008456013448118	0.008914472008557894	0.005093984004890225	0.005093984004890225	0.0063674800061127804	0.0063674800061127804	0.005093984004890225	0.0012734960012225562	0.0	0.0	0.0	0.0	0.0	0.0	0.0	0.0	0.0	0.0	0.0	0.0	0.0	0.0	0.0	0.0
Sor-ACeb_006-Ex1-1F-lcwgs-1-2-L3-clmp.fp2_repr.R2	0.0	0.0	0.0	0.0	0.0	0.0	0.0	0.0	0.0	0.0	0.0012727504136438846	0.003818251240931653	0.005091001654575538	0.005091001654575538	0.008909252895507192	0.020364006618302153	0.03181876034109711	0.05472826778668703	0.09672903143693522	0.16800305460099274	0.24945908107420137	0.3449153620974927	0.5103729158711976	0.6961944762632049	0.9112892961690213	1.2345679012345678	1.5362097492681686	1.814942089856179	2.1725849560901107	2.5620465826651397	2.9476899579992364	3.3867888507063766	3.9111620211276565	4.263713885707013	4.387170675830469	4.480081456026473	4.5971744940817105	4.690085274277714	4.646811760213822	4.483899707267405	4.351533664248441	4.18098510882016	3.830978745068092	3.623520427644139	3.447880870561283	3.1882397861779306	2.9438717067583045	2.568410334733359	2.2845869924907722	2.111492936235204	1.8709431080565102	1.643120784014255	1.4483899707267405	1.2714776632302405	1.1060201094565356	0.9061982945144457	0.7547409952908235	0.6631029655084638	0.5752831869670357	0.4836451571846761	0.36273386788850703	0.30927835051546393	0.3041873488608884	0.24182257859233805	0.17945780832378772	0.16036655211912942	0.1705485554282805	0.15909380170548557	0.13363879343260787	0.09672903143693522	0.07891052564592084	0.08145602647320861	0.06236477026855034	0.03563701158202877	0.024182257859233804	0.026727758686521573	0.025455008272877687	0.015273004963726612	0.011454753722794959	0.010182003309151077	0.011454753722794959	0.008909252895507192	0.006363752068219422	0.005091001654575538	0.0012727504136438846	0.0	0.0	0.0	0.0	0.0	0.0	0.0	0.0	0.0	0.0	0.0	0.0	0.0	0.0	0.0	0.0
Sor-ACeb_007-Ex1-2F-lcwgs-1-2-L2-clmp.fp2_repr.R1	0.0	0.0	0.0	0.0	0.0	0.0	0.0	0.0	0.0	0.0	0.0026390794890742107	0.0026390794890742107	0.0026390794890742107	0.007917238467222632	0.0237517154016679	0.044864351314261586	0.052781589781484214	0.08972870262852317	0.17417924627889791	0.25071255146205007	0.3589148105140927	0.49086878496780323	0.6307399978887365	0.8867307083289349	1.1823076111052464	1.414546606143777	1.72331890636546	2.1165417502375172	2.478095640240684	2.789507019951441	2.9689644252084872	3.288293043386467	3.816108941201309	4.124881241422992	4.462683416024491	4.718674126464689	4.665892536683205	4.512825926316901	4.436292621133749	4.504908687849678	4.3861501108413385	4.027235300327246	3.7422147155072314	3.594426264119075	3.288293043386467	2.9029874379816323	2.689221999366621	2.567824342869207	2.303916393961786	1.9740314578275096	1.7523487807452762	1.5544178190647102	1.3564868573841444	1.1955030085506175	1.0503536366515358	0.8708962313944897	0.7336640979626307	0.6492135543122559	0.5436503747492875	0.43808719518631906	0.3800274464266864	0.3404412540905732	0.27182518737464373	0.21112635912593686	0.1715401667898237	0.1477884513881558	0.10556317956296843	0.06597698722685527	0.0738942256940779	0.07917238467222633	0.0738942256940779	0.0712551462050037	0.03694711284703895	0.010556317956296843	0.026390794890742107	0.03430803335796474	0.0237517154016679	0.013195397445371054	0.0026390794890742107	0.0	0.0026390794890742107	0.0052781589781484214	0.0026390794890742107	0.0	0.0	0.0	0.0	0.0026390794890742107	0.0026390794890742107	0.0	0.0	0.0	0.0	0.0	0.0	0.0	0.0	0.0	0.0	0.0	0.0
Sor-ACeb_007-Ex1-2F-lcwgs-1-2-L2-clmp.fp2_repr.R2	0.0	0.0	0.0	0.0	0.0	0.0	0.0	0.0	0.0	0.0	0.0026452227277536772	0.0026452227277536772	0.010580890911014709	0.021161781822029418	0.0343878954607978	0.04496878637181251	0.05819490001058089	0.10051846365463973	0.16400380912072798	0.22484393185906254	0.34652417733573165	0.523754100095228	0.6560152364829119	0.8411808274256691	1.1480266638450958	1.383451486615173	1.653264204846048	2.071209395831129	2.5314781504602686	2.8700666596127395	3.0816844778330332	3.3885303142524603	3.822346841604063	4.155644905301027	4.478362078086975	4.727013014495821	4.663527669029732	4.486297746270236	4.428102846259655	4.451909850809438	4.242937255316898	3.9757697598137764	3.7588614961379747	3.5155010051846367	3.2774309596868054	2.9600042323563645	2.687546291397736	2.56851126864882	2.3542482277007726	1.9892074912707651	1.7696540048672098	1.547455295735901	1.3067400275103165	1.1850597820336473	1.047508200190456	0.9126018410750185	0.7274362501322611	0.6110464501110994	0.5554967728282721	0.4549783091736324	0.3703311818855148	0.34916940006348535	0.30684583641942653	0.2169082636758015	0.1931012591260184	0.15606814093746693	0.10316368638239339	0.07671145910485663	0.07406623637710295	0.0687757909215956	0.06084012273833457	0.05819490001058089	0.0343878954607978	0.01851655909427574	0.01851655909427574	0.021161781822029418	0.021161781822029418	0.013226113638768383	0.0026452227277536772	0.0	0.0026452227277536772	0.0052904454555073544	0.0026452227277536772	0.0	0.0	0.0	0.0	0.0026452227277536772	0.0026452227277536772	0.0	0.0	0.0	0.0	0.0	0.0	0.0	0.0	0.0	0.0	0.0	0.0
Sor-ACeb_007-Ex1-2F-lcwgs-1-2-L3-clmp.fp2_repr.R1	0.0	0.0	0.0	0.0	0.0	0.0	0.0	0.0	0.0	0.0	0.0	0.0	0.0	0.002451941938014908	0.004903883876029816	0.004903883876029816	0.0318752451941938	0.08826990976853667	0.13976069046684975	0.23293448411141623	0.3481757551981169	0.47567673597489213	0.7012553942722637	0.9317379364456649	1.1548646528050215	1.4123185562965868	1.7384268340525695	2.160160847391134	2.4298744605727736	2.871224009415457	3.4940172616712437	3.7097881522165554	3.9059435072577484	4.2492153785798354	4.352196939976461	4.420851314240879	4.469890153001177	4.420851314240879	4.342389172224402	4.447822675559043	4.545900353079639	4.2369556688897605	3.8225774813652413	3.479305610043154	3.165457041977246	2.8859356610435465	2.611318163985877	2.4372302863868183	2.26314240878776	1.9591016084739115	1.701647704982346	1.5520792467634368	1.4049627304825423	1.169576304433111	0.9194782267555904	0.7748136524127109	0.693899568458219	0.6031777167516673	0.5345233424872499	0.47567673597489213	0.4364456649666536	0.3800510003923107	0.2770694389956846	0.1912514711651628	0.159376225970969	0.14956845821890938	0.12995292271479011	0.08091408395449196	0.07110631620243232	0.08091408395449196	0.0637504903883876	0.04658689682228325	0.024519419380149076	0.019615535504119264	0.0318752451941938	0.0318752451941938	0.019615535504119264	0.012259709690074538	0.004903883876029816	0.0	0.002451941938014908	0.002451941938014908	0.0	0.0	0.0	0.0	0.0	0.002451941938014908	0.002451941938014908	0.0	0.0	0.0	0.0	0.0	0.0	0.0	0.0	0.0	0.0	0.0	0.0
Sor-ACeb_007-Ex1-2F-lcwgs-1-2-L3-clmp.fp2_repr.R2	0.0	0.0	0.0	0.0	0.0	0.0	0.0	0.0	0.0	0.0	0.0	0.002449779519843214	0.004899559039686428	0.009799118079372856	0.009799118079372856	0.014698677119059285	0.04164625183733464	0.09064184223419892	0.14698677119059284	0.21313081822635963	0.3062224399804018	0.47770700636942676	0.7079862812346889	0.8794708476237139	1.1024007839294463	1.4502694757471828	1.7858892699657032	2.1729544341009306	2.4791768740813325	2.964233219010289	3.5301322880940713	3.6550710436060756	3.8731014208721213	4.240568348848604	4.306712395884371	4.414502694757472	4.522292993630573	4.465948064674179	4.431651151396374	4.416952474277315	4.429201371876531	4.196472317491426	3.8118569328760414	3.508084272415483	3.201861832435081	2.9225869671729545	2.6825085742283195	2.46202841744243	2.219500244977952	1.9181773640372366	1.692797648211661	1.5188633023027927	1.362077413032827	1.153846153846154	0.9235668789808917	0.8133268005879472	0.7104360607545321	0.5854973052425282	0.5218030377266046	0.47770700636942676	0.43851053405193535	0.37236648701616853	0.2596766291033807	0.18128368446839785	0.16658500734933857	0.16168544830965215	0.1077902988731014	0.06614404703576679	0.07104360607545321	0.07349338559529642	0.0538951494365507	0.034296913277805	0.02694757471827535	0.03674669279764821	0.03674669279764821	0.019598236158745713	0.0171484566389025	0.019598236158745713	0.007349338559529643	0.0	0.002449779519843214	0.004899559039686428	0.002449779519843214	0.002449779519843214	0.002449779519843214	0.0	0.0	0.002449779519843214	0.002449779519843214	0.0	0.0	0.0	0.0	0.0	0.0	0.0	0.0	0.0	0.0	0.0	0.0
Sor-ACeb_008-Ex1-3F-lcwgs-1-2-L2-clmp.fp2_repr.R1	0.0	0.0	0.0	0.0	0.0	0.0	0.0	0.0	0.0	0.0008124268815806579	0.0016248537631613157	0.004874561289483946	0.008124268815806577	0.013811256986871181	0.027622513973742362	0.06255686988171065	0.10074093331600155	0.14867411932926036	0.2607890289873911	0.4200246977772001	0.6125698687118158	0.8116144546990771	1.032594566489016	1.357565319121279	1.730469257766801	2.0903743663070324	2.4486546210841023	2.7744378005979464	3.1010334069933707	3.503997140257377	3.8785259326660606	4.089756921877031	4.239243468087873	4.422039516443521	4.591024307812297	4.705576498115169	4.63245807877291	4.461848433640973	4.3229234368906795	4.123066424021838	3.8915247627713505	3.5884895359417657	3.2813921747042762	3.010041596256337	2.7923111919927206	2.542083712465878	2.290231379175874	2.098498635122839	1.867769400753932	1.6110425061744444	1.3835629793318602	1.2275770180683738	1.0496555310022098	0.8831080202781749	0.7319966203041727	0.5890094891459768	0.5134537891589757	0.44764721175094246	0.3664045235928766	0.3111594956453919	0.2632263096321331	0.22179253867151957	0.18360847523722865	0.16411023007929287	0.1308007279344859	0.09424151826335629	0.09180423761861432	0.08367996880280774	0.06499415052645262	0.05849473547380736	0.05118289353958144	0.03574678278954894	0.02193552580267776	0.012998830105290526	0.017060964513193815	0.017060964513193815	0.015436110750032496	0.01137397634212921	0.002437280644741973	0.0	0.0008124268815806579	0.0008124268815806579	0.0	0.0	0.0	0.0	0.0	0.0	0.0	0.0	0.0	0.0	0.0	0.0	0.0	0.0	0.0	0.0	0.0	0.0	0.0
Sor-ACeb_008-Ex1-3F-lcwgs-1-2-L2-clmp.fp2_repr.R2	0.0	0.0	0.0	0.0	0.0	0.0	0.0	0.0008127570344121329	0.0016255140688242657	0.0024382711032363987	0.0024382711032363987	0.0032510281376485315	0.005689299240884929	0.015442383653830523	0.028446496204424652	0.056892992408849305	0.0991563581982802	0.16173864984801442	0.27633739170012517	0.42507192899754553	0.5916871210520327	0.7899998374485931	1.0183845641184024	1.3499894341585525	1.7271086981257824	2.0822835221638845	2.4553390009590537	2.772314244379785	3.121799769177002	3.5387441278304266	3.896357222971765	4.110112323022156	4.249906532941043	4.434402379752597	4.614021684357678	4.7009866870397765	4.619710983598563	4.448219249337603	4.325492937141371	4.164567044327769	3.87928932524911	3.5549992685186687	3.280287390887368	3.0072010273248915	2.7625611599668396	2.5252361059184967	2.302540678489572	2.1131682894715453	1.8693411791479055	1.5881272452413073	1.3833124725694501	1.2321396641687934	1.0484565743916514	0.8932199808189341	0.7331068450397439	0.5868105788455599	0.495781790991401	0.4340122563760789	0.37630650693281753	0.31047318714543476	0.26577155025276744	0.22675921260098508	0.1926234171556755	0.16661519205448724	0.12353906923064419	0.09753084412945594	0.08371397454444968	0.07314813309709196	0.06583331978738276	0.053641964271200764	0.04632715096149157	0.03657406654854598	0.021944439929127587	0.014629626619418391	0.015442383653830523	0.014629626619418391	0.012191355516181992	0.008940327378533461	0.004063785172060665	0.0024382711032363987	0.0032510281376485315	0.0016255140688242657	0.0	0.0008127570344121329	0.0008127570344121329	0.0	0.0	0.0	0.0	0.0	0.0	0.0	0.0	0.0	0.0	0.0	0.0	0.0	0.0	0.0	0.0
Sor-ACeb_008-Ex1-3F-lcwgs-1-2-L3-clmp.fp2_repr.R1	0.0	0.0	0.0	0.0	0.0	0.0	0.0	0.0	0.0	0.0	0.0009460558929821574	0.0037842235719286296	0.008514503036839417	0.01135267071578589	0.019867173752625304	0.052979130007000816	0.0974437569771622	0.1598834459139846	0.282870712001665	0.42572515184197085	0.6139902745454201	0.829691018145352	1.0803958297856238	1.4143535600083252	1.7293901723713836	2.0396965052695313	2.3604094529904827	2.7662674310798283	3.1380673970218163	3.4824317420673214	3.796522298537398	4.043442886605741	4.349018940038977	4.63094359614766	4.705682011693251	4.6356738756125715	4.4947115475582295	4.305500368961798	4.216571115021475	4.087907513575902	3.9024805585513995	3.613933511191841	3.2553783277516035	3.0945488259446368	2.9024994796692587	2.546782463907968	2.25823541654841	2.0349662258046206	1.8381866000643319	1.605456850390721	1.3471835916065922	1.1627026924750714	1.0359312028154624	0.8902385952962101	0.782388223496244	0.6821062988401355	0.5278991882840438	0.42572515184197085	0.3708539100490057	0.3140905564700763	0.2838167678946472	0.25354297931921815	0.21759285538589618	0.17880456377362774	0.13244782501750202	0.1154188189438232	0.09649770108418006	0.06811602429471533	0.0577094094719116	0.044464626970161396	0.03500406804033983	0.03216590036139335	0.025543509110518253	0.019867173752625304	0.016082950180696675	0.01419083839473236	0.009460558929821575	0.006622391250875102	0.0037842235719286296	0.0018921117859643148	0.004730279464910787	0.0037842235719286296	0.0018921117859643148	0.0009460558929821574	0.0	0.0	0.0	0.0	0.0	0.0	0.0	0.0	0.0	0.0	0.0	0.0	0.0	0.0	0.0	0.0	0.0
Sor-ACeb_008-Ex1-3F-lcwgs-1-2-L3-clmp.fp2_repr.R2	0.0	0.0	0.0	0.0	0.0	0.0	0.0	0.0	0.0	0.0	0.000946414037213	0.0028392421116389998	0.008517726334917	0.011356968446555999	0.016089038632621	0.04637428782343699	0.09748064583293899	0.165622456512275	0.279192140977835	0.43156480096912797	0.626526092635006	0.841362079082357	1.0798584164600329	1.4177282277450738	1.7054380950578258	2.017754727338116	2.419034279116428	2.79192140977835	3.105184456095853	3.467661032348432	3.780924078665935	4.021313244118037	4.3790577501845505	4.664874789422877	4.686642312278775	4.631750298120422	4.5077700592455185	4.311862353542428	4.235202816528175	4.072419602127539	3.8604228577918267	3.627605004637429	3.2698604985709148	3.091934659574871	2.878991501201946	2.505157956502811	2.26192954893907	2.047093562491719	1.8322575760443678	1.5928148246294789	1.3552649012890159	1.182071132479037	1.036323370748235	0.8934148511290719	0.788362892998429	0.674793208532869	0.535670345062558	0.44481459749011	0.386136927182904	0.31988794457799397	0.276352898866196	0.253638961973084	0.21578240048456399	0.16467604247506198	0.126819480986542	0.11073044235392099	0.09274857564687398	0.069088224716549	0.060570498381632	0.04637428782343699	0.034070905339668	0.032178077265242	0.025553179004750997	0.01892828074426	0.014196210558194998	0.014196210558194998	0.011356968446555999	0.007571312297704	0.0028392421116389998	0.001892828074426	0.003785656148852	0.0028392421116389998	0.0028392421116389998	0.001892828074426	0.0	0.0	0.0	0.0	0.0	0.0	0.0	0.0	0.0	0.0	0.0	0.0	0.0	0.0	0.0	0.0	0.0
Sor-ACeb_009-Ex1-4F-lcwgs-1-2-L2-clmp.fp2_repr.R1	0.0	0.0	0.0	0.0	0.0	0.0	0.0	0.0	0.0	0.0	0.0	0.0	0.005054334091483447	0.02021733636593379	0.032853171594642405	0.055597675006317925	0.08339651250947687	0.14404852160727824	0.22744503411675512	0.3335860500379075	0.5281779125600202	0.7808946171341926	1.0083396512509477	1.2383118524134444	1.5036643922163255	1.809451604751074	2.160727824109174	2.491786707101339	2.9138236037402074	3.2322466515036647	3.5127621935809956	3.836239575435936	4.0763204447814	4.278493808440738	4.460449835734142	4.559009350518069	4.642405863027546	4.682840535759414	4.523629011877685	4.397270659590599	4.068738943644175	3.6896638867829163	3.5178165276724793	3.191811978771797	2.9390952741976246	2.7268132423553197	2.370482688905737	2.231488501389942	2.047005307050796	1.710892089967147	1.5339903967652262	1.3773060399292392	1.159969673995451	0.9830679807935304	0.8339651250947688	0.694970937578974	0.5711397523376296	0.4927975739196361	0.42709123073035127	0.3184230477634572	0.22997220116249684	0.22491786707101338	0.24260803639120548	0.19711902956785443	0.15668435683598686	0.13393985342431133	0.08339651250947687	0.05307050796057619	0.055597675006317925	0.0429618397776093	0.025271670457417232	0.02021733636593379	0.02021733636593379	0.027798837503158962	0.030326004548900685	0.02021733636593379	0.007581501137225171	0.0025271670457417236	0.0	0.0	0.0	0.0	0.0	0.0	0.0	0.0	0.0	0.0	0.0	0.0	0.0	0.0	0.0	0.0	0.0	0.0	0.0	0.0	0.0	0.0	0.0
Sor-ACeb_009-Ex1-4F-lcwgs-1-2-L2-clmp.fp2_repr.R2	0.0	0.0	0.0	0.0	0.0	0.0	0.0	0.0	0.0	0.0	0.0	0.0	0.0050599605323078485	0.020239842129231394	0.027829782927693163	0.045539644790770634	0.08095936851692558	0.13914891463846582	0.2226382634215453	0.35419723726154934	0.5515356980215554	0.7488741587815615	0.9892222840661843	1.2852299752061935	1.530638061023124	1.8114658705662097	2.163133127561605	2.486970601629307	2.9120072863431665	3.273794464403178	3.534382431817032	3.7494307544401155	4.040378485047817	4.293376511663209	4.369275919647827	4.503364873753984	4.645043768658605	4.670343571320144	4.574204321206294	4.422405505237059	4.040378485047817	3.7038911096493448	3.5773920963416486	3.2383747406770227	2.9069473258108585	2.6944289834539292	2.393361331781612	2.259272377675454	2.061933916915448	1.702676719121591	1.560997824216971	1.4091990082477357	1.1562009816323433	0.9715124222031067	0.8323635075646411	0.6881546323938673	0.5414157769569397	0.4705763295046299	0.4174467439153975	0.3213074938015484	0.23275818448616098	0.22769822395385317	0.24034812528462277	0.20492840155846784	0.1695086778323129	0.1366189343723119	0.09107928958154127	0.058189546121540245	0.0531295855892324	0.04300966452461671	0.02529980266153924	0.017709861863077467	0.015179881596923543	0.02529980266153924	0.030359763193847086	0.020239842129231394	0.007589940798461771	0.0025299802661539242	0.0	0.0	0.0	0.0	0.0	0.0	0.0	0.0	0.0	0.0	0.0	0.0	0.0	0.0	0.0	0.0	0.0	0.0	0.0	0.0	0.0	0.0	0.0
Sor-ACeb_009-Ex1-4F-lcwgs-1-2-L3-clmp.fp2_repr.R1	0.0	0.0	0.0	0.0	0.0	0.0	0.0	0.0	0.003047108294228777	0.006094216588457554	0.00914132488268633	0.00914132488268633	0.006094216588457554	0.00914132488268633	0.015235541471143884	0.054847949296117984	0.13407276494606618	0.17977938935949783	0.21329758059601436	0.33822902065939425	0.5210555183131208	0.6855993662014748	0.874520080443659	1.1792309098665366	1.5357425802913036	1.910536900481443	2.2304832713754648	2.5199585593271983	2.9648363702846	3.3487720153574254	3.619964653543787	3.973429215674325	4.354317752452922	4.6925467731123165	4.790054238527637	4.595039307696996	4.448778109574015	4.287281369979889	4.141020171856908	4.031324273264672	3.946005241026266	3.851544883905174	3.626058870132245	3.376195990005485	3.0257785361691756	2.6174660247425194	2.306660978731184	2.0689865317813396	1.8069352184776646	1.6241087208239382	1.4991772807605581	1.340727649460662	1.1426656103357913	1.0177341702724114	0.9415564629166921	0.7952952647937108	0.6642696081418734	0.5088670851362057	0.3778414284843683	0.32908769577670793	0.29861661283442015	0.25595709671521727	0.19501493083064173	0.16454384788835397	0.14016698153452375	0.09446035712109208	0.054847949296117984	0.04570662441343166	0.04570662441343166	0.03047108294228777	0.02132975805960144	0.02132975805960144	0.02132975805960144	0.02132975805960144	0.00914132488268633	0.0	0.0	0.0	0.006094216588457554	0.012188433176915108	0.00914132488268633	0.003047108294228777	0.0	0.0	0.0	0.0	0.0	0.0	0.0	0.0	0.0	0.0	0.0	0.0	0.0	0.0	0.0	0.0	0.0	0.0	0.0
Sor-ACeb_009-Ex1-4F-lcwgs-1-2-L3-clmp.fp2_repr.R2	0.0	0.0	0.0	0.0	0.0	0.0	0.0	0.0	0.0030500823522235103	0.006100164704447021	0.00915024705667053	0.012200329408894041	0.01525041176111755	0.01830049411334106	0.02135057646556457	0.06405172939669371	0.13420362349783446	0.1830049411334106	0.2104556823034222	0.3080583175745745	0.49716342341243214	0.7167693527725248	0.9333251997803941	1.1986823644238394	1.5646922466906608	1.8971512230830232	2.202159458305374	2.5590190935155253	2.9982309522357102	3.342890258036967	3.6051973403281887	3.9864576343561273	4.3219666931007135	4.617824681266394	4.742878057707558	4.575123528335265	4.471420728359666	4.297566034282926	4.120661257853962	4.065759775513939	3.9285060696638805	3.7973525285182697	3.660098822668212	3.39779174037699	3.001281034587934	2.6047703287988777	2.321112670042091	2.1015067406819985	1.8147989995729883	1.6012932349173428	1.500640517293967	1.3450863173305678	1.1346306350271458	1.0187275056426524	0.9485756115415116	0.7960714939303362	0.6496675410236077	0.5124138351735497	0.3965107057890563	0.34465930580125664	0.3019581528701275	0.2440065881778808	0.1891051058378576	0.16165436466784602	0.13115354114561092	0.08540230586225828	0.048801317635576165	0.03965107057890563	0.04270115293112914	0.03965107057890563	0.033550905874458616	0.024400658817788082	0.01830049411334106	0.012200329408894041	0.0030500823522235103	0.0	0.0	0.0030500823522235103	0.012200329408894041	0.01830049411334106	0.012200329408894041	0.0030500823522235103	0.0	0.0	0.0	0.0	0.0	0.0	0.0	0.0	0.0	0.0	0.0	0.0	0.0	0.0	0.0	0.0	0.0	0.0	0.0
Sor-ACeb_010-Ex1-5F-lcwgs-1-2-L2-clmp.fp2_repr.R1	0.0	0.0	0.0	0.0	0.0	0.0	0.0	0.0006128502439143971	0.0018385507317431914	0.0012257004878287942	0.0	0.0012257004878287942	0.0018385507317431914	0.00612850243914397	0.01715980682960312	0.028191111220062265	0.044738067805750986	0.07109062829407006	0.125021449758537	0.19856347902826466	0.294780967322825	0.4179638663496188	0.5766920795234476	0.7911896648934866	1.0326526609957591	1.3237565268550977	1.6871767214963351	2.03772706101537	2.437305420047557	2.8687519917632924	3.254847645429363	3.6844556664133554	4.139803397641752	4.4823866839899	4.628245042041526	4.728139631799574	4.783909003995784	4.7232368298482585	4.711592675213884	4.631922143505013	4.390459147402741	4.157576054715269	3.8744392420268183	3.600495182997083	3.2946829112837985	2.930649866398647	2.6040006863922733	2.366214791753487	2.165199911749565	1.8428406834505922	1.5615424214938838	1.391782903929596	1.2177334346579072	1.0859706322163116	0.943176525384257	0.729904640502047	0.612850243914397	0.5534037702547006	0.44799352830142425	0.3523888902507783	0.3229720785428873	0.30703797220111295	0.26720270634667714	0.2034662809795798	0.1476969087833697	0.13605275414899615	0.12257004878287941	0.1084744931728483	0.09928173951413233	0.08763758487975878	0.07231632878189885	0.053317971220552554	0.04535091804966539	0.041673816586179004	0.03309391317137744	0.028803961463976662	0.020224058049175105	0.009805603902630354	0.006741352683058368	0.005515652195229573	0.00612850243914397	0.00612850243914397	0.003677101463486383	0.0018385507317431914	0.0012257004878287942	0.0012257004878287942	0.0006128502439143971	0.0	0.0006128502439143971	0.0012257004878287942	0.0006128502439143971	0.0	0.0	0.0	0.0	0.0	0.0	0.0	0.0	0.0	0.0
Sor-ACeb_010-Ex1-5F-lcwgs-1-2-L2-clmp.fp2_repr.R2	0.0	0.0	0.0	0.0	0.0	0.0	0.0	0.0	0.0012264822037432238	0.0012264822037432238	0.0	0.0006132411018716119	0.0012264822037432238	0.0067456521205877295	0.017783991954276743	0.025142885176736084	0.04047391272352638	0.06868300340962052	0.12203497927245074	0.20666225133073318	0.2968086933058601	0.4084185738464935	0.5764466357593151	0.7831088870900483	1.0431231142836117	1.3362523609782422	1.6851865479431893	2.0273750827875485	2.4321142100228124	2.8951112419358793	3.292491475948684	3.7321853459906293	4.174945421541933	4.447837711874801	4.564966762332279	4.728088895430127	4.805970515367822	4.739127235263816	4.709078421272108	4.6048274339539335	4.384060637280153	4.175558662643805	3.9014398901071945	3.5843942404395714	3.276547207300022	2.9453970122893516	2.6216057105011408	2.357298795594476	2.1120023548458313	1.8280717246792748	1.5827752839306302	1.3920573012485589	1.217896828317021	1.0786910981921651	0.9266073049280056	0.734662840042191	0.6193735128903279	0.5525302327863223	0.4464395221625334	0.35384011577992003	0.32624426619569746	0.3060073098339343	0.2587877449898202	0.20114308141388867	0.14472490004170038	0.1330733191061398	0.13184683690239654	0.11651580935560625	0.1036377462163024	0.08217430765079599	0.06377707459464763	0.052125493659087	0.04415335933475605	0.03986067162165477	0.03372826060293865	0.027595849584222534	0.017783991954276743	0.007972134324330953	0.007972134324330953	0.00981185762994579	0.008585375426202566	0.0055191699168445066	0.003066205509358059	0.0018397233056148354	0.0012264822037432238	0.0012264822037432238	0.0006132411018716119	0.0	0.0006132411018716119	0.0012264822037432238	0.0006132411018716119	0.0	0.0	0.0	0.0	0.0	0.0	0.0	0.0	0.0	0.0
Sor-ACeb_010-Ex1-5F-lcwgs-1-2-L3-clmp.fp2_repr.R1	0.0	0.0	0.0	0.0	0.0	0.0	0.0	0.0	0.0	0.0	0.0006880607695271646	0.0013761215390543293	0.0006880607695271646	0.004128364617162988	0.011008972312434634	0.01926570154676061	0.033714977706831066	0.06949413772224362	0.1266031815929983	0.18852865085044312	0.26696757857653985	0.4190290086420433	0.6206308141135025	0.8421863819012495	1.0706225573842683	1.3031870974844497	1.6609786976385754	2.0621181262729125	2.399267903341223	2.7653162327296745	3.204987064457533	3.681125116970331	4.082264545604668	4.360241096493643	4.612759398910112	4.776517862057577	4.7648208289756155	4.7159685143391865	4.709775967413441	4.629272857378764	4.42147850498156	4.14487807563164	3.8373149116529968	3.5710353938459845	3.301315572191336	3.0398524797710134	2.7501788958000772	2.4164694225794023	2.0889524962844717	1.793774426157318	1.618318929927891	1.4105245775306874	1.1896570705124676	1.0389717619860186	0.910992458853966	0.76925194033137	0.6261353002697199	0.5456321902350416	0.4871470248252326	0.42109319095062475	0.350910992458854	0.31169152859580557	0.25389442395552375	0.20228986624098638	0.18371222546375296	0.1561897946826664	0.12797930313205264	0.10045687235096604	0.09564044696427589	0.09013596080805857	0.07087025926129796	0.06123740848791766	0.05022843617548302	0.043347828480211376	0.03577916001541256	0.02064182308581494	0.01926570154676061	0.016513458468651952	0.00756866846479881	0.003440303847635823	0.003440303847635823	0.0027522430781086586	0.002064182308581494	0.002064182308581494	0.0013761215390543293	0.0	0.0	0.0	0.0	0.0	0.0	0.0	0.0	0.0	0.0	0.0	0.0	0.0	0.0	0.0	0.0
Sor-ACeb_010-Ex1-5F-lcwgs-1-2-L3-clmp.fp2_repr.R2	0.0	0.0	0.0	0.0	0.0	0.0	0.0	0.0	0.0	0.0	0.00068840180636634	0.00137680361273268	0.00068840180636634	0.00413041083819804	0.011702830708227778	0.01996365238462386	0.03442009031831699	0.07297059147483202	0.13905716488600067	0.20789734552263467	0.2829331424165657	0.40478026214340784	0.5989095715387157	0.826082167639608	1.0518779601277675	1.3148474501597092	1.6769468003084038	2.0645170172926535	2.4355655909241105	2.7900925212027756	3.1687135147042627	3.6519715827734336	4.060193853948673	4.386496310166318	4.643270183940962	4.758233285604142	4.749284062121379	4.690769908580241	4.665987443551052	4.615045709879943	4.4498292763520215	4.162077321290891	3.849542901200573	3.5913922238131955	3.3263575283621547	3.0207071263354996	2.7164335279215774	2.379805044608437	2.074154642581782	1.8173807688071375	1.620497852186364	1.4139773102764621	1.2019495539156293	1.0642691926423615	0.9327844476263905	0.779959246613063	0.6333296618570328	0.5403954179975768	0.4756856481991409	0.4075338693688732	0.3435125013768036	0.3028967948011896	0.2615926864192092	0.22028857803722876	0.18518008591254545	0.15282520101332744	0.11978191430774314	0.09431104747218856	0.09431104747218856	0.08880383302125786	0.07503579689393106	0.0653981716048023	0.05231853728384184	0.03855050115651503	0.030978081286485295	0.026847670448287255	0.02202885780372288	0.01307963432096046	0.006884018063663399	0.00413041083819804	0.0034420090318316994	0.00413041083819804	0.00275360722546536	0.00206520541909902	0.00137680361273268	0.0	0.0	0.0	0.0	0.0	0.0	0.0	0.0	0.0	0.0	0.0	0.0	0.0	0.0	0.0	0.0
Sor-ACeb_011-Ex1-6F-lcwgs-1-2-L2-clmp.fp2_repr.R1	0.0	0.0	0.0	0.0	0.0	0.0	0.0	0.0	0.0	0.0	0.0020625360943816516	0.004125072188763303	0.008250144377526606	0.014437752660671562	0.030938041415724777	0.0598135467370679	0.1155020212853725	0.15469020707862388	0.16706542364491378	0.2557544757033248	0.38775678574375055	0.5589472815774276	0.7487006022605396	0.9590792838874681	1.2540219453840442	1.5139014932761323	1.7036548139592445	1.9738470423232406	2.324478178368121	2.714297500206254	2.988614800759013	3.25880702912301	3.6218133817341807	3.8528174243049254	3.918818579325138	4.038445672799274	4.205511096444188	4.123009652668921	3.966256909495916	3.83425459945549	3.8363171355498724	3.778566124907186	3.4093721640128702	3.050490883590463	2.8153617688309547	2.776173583037703	2.648296345186041	2.439980199653494	2.2646646316310535	2.0460358056265986	1.883095454170448	1.7036548139592445	1.5365893903143306	1.2911475950829139	1.018892830624536	0.9075158815279267	0.8291395099414239	0.7363253856942497	0.6496988697302203	0.6290735087864038	0.6703242306740368	0.6208233644088772	0.5960729312762973	0.5733850342380992	0.5486346011055193	0.5135714875010313	0.47232076561339825	0.4434452602920551	0.4248824354426203	0.3856942496493688	0.3238181668179193	0.3238181668179193	0.2681296922696147	0.1753155680224404	0.15262767098424224	0.15262767098424224	0.11756455737975414	0.09693919643593764	0.0639386189258312	0.020625360943816517	0.018562824849434865	0.016500288755053213	0.008250144377526606	0.0020625360943816516	0.0	0.0	0.0	0.0	0.0	0.0	0.0	0.0	0.0	0.0	0.0	0.0	0.0	0.0	0.0	0.0	0.0
Sor-ACeb_011-Ex1-6F-lcwgs-1-2-L2-clmp.fp2_repr.R2	0.0	0.0	0.0	0.0	0.0	0.0	0.0	0.0	0.004124221553181837	0.004124221553181837	0.0	0.0	0.0020621107765909186	0.010310553882954591	0.02886955087227286	0.04536643708500021	0.09691920649977318	0.1690930836804553	0.20002474532931908	0.2557017362972739	0.3608693859034107	0.5217140264775023	0.7671052088918217	1.0475522745081864	1.3053161215820512	1.5300861962304615	1.746607827772508	1.9940611209634183	2.2889429620159194	2.631253350930012	2.9921227368334224	3.3468057904070605	3.631377077576607	3.767476388831608	3.866457706107972	3.986060131150245	4.179898544149792	4.068544562213882	3.8623334845547905	3.847898709118654	3.8726440384377447	3.7819111642677443	3.4540355507897886	3.2045201468222873	2.98593640450365	2.8209675423763763	2.6456881263661485	2.4436012702602383	2.2806945189095558	2.002309564069782	1.742483606219326	1.5795768548686435	1.4640986513795522	1.315626675465006	1.0496143852847775	0.9197014063595497	0.8495896399554584	0.7547325442322761	0.6969934424877304	0.6186332329772756	0.6041984575411391	0.6186332329772756	0.5897636821050027	0.5093413618179569	0.49903080793500226	0.5361488019136388	0.5114034725945478	0.47634758939250216	0.44335381696704745	0.4021116014352291	0.3567451643502289	0.29488184105250137	0.253639625520683	0.24745329319091022	0.18352785911659175	0.12166453581886419	0.09691920649977318	0.08454654184022765	0.05980121252113663	0.026807440095681936	0.01649688621272735	0.008248443106363674	0.008248443106363674	0.006186332329772755	0.0020621107765909186	0.0	0.0	0.0	0.0	0.0	0.0	0.0	0.0	0.0	0.0	0.0	0.0	0.0	0.0	0.0	0.0
Sor-ACeb_011-Ex1-6F-lcwgs-1-2-L3-clmp.fp2_repr.R1	0.0	0.0	0.0	0.0	0.0	0.0	0.0	0.0	0.0	0.0	0.0	0.002437359851808521	0.007312079555425563	0.019498878814468167	0.034123037925319295	0.038997757628936335	0.053621916739787466	0.09505703422053231	0.1608657502193624	0.23642390562542653	0.37779077703032077	0.5337818075460662	0.7043969971726626	0.9456956225017061	1.155308569757239	1.3576094374573462	1.6403431802671347	2.005947158038413	2.3691137759578824	2.7200935946183096	3.024763576094375	3.1807546066101198	3.487861947937994	3.8729648045237397	4.0777030320756555	4.163010626888954	4.080140391927464	4.024081115335868	4.082577751779272	4.065516232816613	3.7559715316369306	3.546358584381398	3.4732377888271424	3.261187481719801	3.0905722920932046	2.859023106171395	2.705469435507458	2.586038802768841	2.29111826070001	2.030320756556498	1.837769328263625	1.5745344642683048	1.3307984790874523	1.2601150433850052	1.145559130350005	0.9968801793896851	0.9456956225017061	0.8628253875402164	0.7921419518377694	0.69221019791362	0.5825290045822366	0.5654674856195769	0.5874037242858535	0.5264697279906405	0.4606610119918105	0.4777225309544701	0.4777225309544701	0.4484742127327679	0.41191381495564006	0.3485424588086185	0.29004582236521403	0.2461733450326606	0.21205030710734132	0.1828019888856391	0.1389295115530857	0.14136687140489423	0.12918007214585162	0.07068343570244712	0.038997757628936335	0.029248318221702253	0.03168567807351077	0.02437359851808521	0.012186799259042605	0.007312079555425563	0.002437359851808521	0.0	0.0	0.0	0.0	0.0	0.0	0.0	0.0	0.0	0.0	0.0	0.0	0.0	0.0	0.0	0.0
Sor-ACeb_011-Ex1-6F-lcwgs-1-2-L3-clmp.fp2_repr.R2	0.0	0.0	0.0	0.0	0.0	0.0	0.0	0.0	0.0	0.0	0.0	0.002435934911819156	0.007307804735457469	0.012179674559095782	0.024359349118191563	0.034103088765468186	0.05359056806002144	0.12179674559095781	0.19731072785735165	0.25333723082919224	0.3824417811556075	0.5285978758647568	0.7405242131930235	0.9792458345513008	1.1448894085550034	1.3592516807950892	1.602845171977005	1.995030692779889	2.4310630419955177	2.7647861249147425	3.040046769950307	3.2397934327194773	3.478515054077755	3.739160089642405	4.055831628178895	4.172756503946214	4.029036344148884	4.007112929942512	4.048523823443437	4.0777550423852675	3.885316184351554	3.58082432037416	3.4419760304004674	3.2763324563967653	3.1691513202767223	2.8792750657702424	2.5869628763519437	2.5211926337328263	2.304394426580922	2.070544675046283	1.870798012277112	1.58822956250609	1.3543798109714507	1.276429893793238	1.1595050180259183	1.01091298840495	0.9402708759621943	0.874500633343077	0.7843710416057683	0.686933645133002	0.6041118581311508	0.5748806391893209	0.5042385267465653	0.43846828412744815	0.4652635681574588	0.45551982851018225	0.42385267465653315	0.44090421903926724	0.3970573906265225	0.33615901783104357	0.3069277988892137	0.2411575562700965	0.21923414206372407	0.22410601188736237	0.17051544382734093	0.12179674559095781	0.1169248757673195	0.07064211244275553	0.024359349118191563	0.024359349118191563	0.021923414206372404	0.009743739647276624	0.004871869823638312	0.004871869823638312	0.004871869823638312	0.004871869823638312	0.002435934911819156	0.0	0.0	0.0	0.0	0.0	0.0	0.0	0.0	0.0	0.0	0.0	0.0	0.0	0.0
Sor-ACeb_012-Ex1-7F-lcwgs-1-2-L2-clmp.fp2_repr.R1	0.0	0.0	0.0	0.0	0.0	0.0	0.0	0.0	0.0003416537407668077	0.0010249612223004229	0.0017082687038340383	0.0030748836669012686	0.0044414986299684996	0.006833074815336153	0.016399379556806766	0.03758191148434884	0.07618878419099812	0.13119503645445413	0.21592516416462246	0.35361162169364596	0.5172637635209468	0.7366054650932373	1.052976829043301	1.4059051432554135	1.7332094269100151	2.0704216690468544	2.5190130306736727	2.9758040820788945	3.355381388070818	3.7206092369505352	4.082420548422585	4.420316098040957	4.699788857988206	4.813217899922787	4.8077514400705175	4.83200885566496	4.802968287699782	4.577476818793689	4.312011862217879	4.113852692573131	3.8716201903694647	3.54773244412253	3.236827540024736	2.944371937928348	2.6392751474235894	2.3567275038094393	2.06017205682385	1.8070066349156457	1.5712655537865483	1.360465195733428	1.1930548627576925	1.0352108345234272	0.8930828783644352	0.7653043793176492	0.6542669135684367	0.5401545641523229	0.4390250568853478	0.3754774611027216	0.33345405098840425	0.294847178281755	0.24291580968520024	0.2053338982008514	0.18551798123637656	0.17048521664263702	0.15784402823426513	0.13051172897292052	0.10762092834154442	0.08882997259936999	0.07584713045023131	0.06491421074569345	0.05158971485578795	0.04339002507738457	0.037240257743582035	0.03314041285438034	0.026990645520577807	0.018107648260640805	0.011274573445304652	0.009224651000703807	0.00580811359303573	0.0037581911484348843	0.0037581911484348843	0.0027332299261344614	0.0017082687038340383	0.0010249612223004229	0.0013666149630672307	0.0010249612223004229	0.0	0.0	0.0003416537407668077	0.0006833074815336154	0.0003416537407668077	0.0	0.0	0.0	0.0	0.0	0.0	0.0	0.0	0.0	0.0
Sor-ACeb_012-Ex1-7F-lcwgs-1-2-L2-clmp.fp2_repr.R2	0.0	0.0	0.0	0.0	0.0	0.0	0.0	0.0	0.0	0.0010250032458436118	0.0013666709944581492	0.0020500064916872235	0.005808351726447134	0.009566696961207044	0.01640005193349779	0.03724178459898456	0.07311689820351097	0.12060871526093167	0.20465898142010783	0.35533445855911877	0.5237766586260856	0.7362939982643278	1.0612200271967527	1.4148461470127989	1.7250804627547986	2.0824649278056047	2.553283085396437	2.996084487600877	3.3585939688809012	3.7173451049261654	4.103429660860593	4.4163973185915095	4.668889784817652	4.79906519703979	4.789498500078584	4.832548636404015	4.802140206777321	4.578689499183414	4.336447065415707	4.125638064520538	3.8731455982943945	3.571452976267758	3.2478936183297913	2.9407343123253225	2.6199082963762717	2.325049029321926	2.034973110748184	1.7947806834721642	1.583971682576995	1.3687210009498363	1.1849037521952153	1.0355949460506626	0.9002945175993057	0.7619190794104181	0.6498520578648499	0.5357350298275945	0.440068060215524	0.3748095202301474	0.33210105165333026	0.29075925407097125	0.24155909827047786	0.2128590073868567	0.19099227147552633	0.16707552907250872	0.15101714488762547	0.12983374447352417	0.10694200531635017	0.08507526940501978	0.07072522396320921	0.058766852761700406	0.04988349129772244	0.04646681381157707	0.03929179109067178	0.03143343287253743	0.029041758632235667	0.02050006491687224	0.012983374447352416	0.011275035704279731	0.007858358218134357	0.004441680731988984	0.00375834523475991	0.004783348480603522	0.0034166774861453726	0.0013666709944581492	0.0010250032458436118	0.0006833354972290746	0.0	0.0	0.0003416677486145373	0.0006833354972290746	0.0003416677486145373	0.0	0.0	0.0	0.0	0.0	0.0	0.0	0.0	0.0	0.0
Sor-ACeb_012-Ex1-7F-lcwgs-1-2-L3-clmp.fp2_repr.R1	0.0	0.0	0.0	0.0	0.0	0.0	0.0	0.0004060221200851022	0.0012180663602553068	0.0012180663602553068	0.0020301106004255113	0.0024361327205106136	0.0032481769606808176	0.009338508761957352	0.015834862683318986	0.030045636886297564	0.06902376041446738	0.13276923326782844	0.22493625452714663	0.3629837753560814	0.5473178178747178	0.7641336300001623	1.0694622643041594	1.3877836064508795	1.7706624656911307	2.149481103730531	2.513682945446868	2.981014405664821	3.3582089552238807	3.6749062088902607	4.002566059798938	4.340376463709743	4.654231562535527	4.874295551621652	4.990011855845906	4.916521852110503	4.725691455670504	4.50806359930489	4.2628262387734885	4.081740373215532	3.8182320172803013	3.5283322235395382	3.244116739479967	2.9059003134490764	2.628993227551037	2.391470287301252	2.1385185064882335	1.870949929352151	1.6167800821788771	1.381693274649603	1.1863966348886688	1.0231757426144577	0.869699381222289	0.7422084355155668	0.6650642326993974	0.5477238399948029	0.4356617348513147	0.3877511246812726	0.3264417845484222	0.2712227762168483	0.2403650950903805	0.19610868400110437	0.16159680379387067	0.142919786269956	0.1278969678268072	0.11937050330502005	0.10678381758238188	0.08770077793838207	0.06780569405421208	0.06333945073327595	0.05278287561106329	0.03979016776834002	0.035729946567489	0.03045165900638267	0.024767349325191236	0.019083039643999804	0.01624088480340409	0.01664690692348919	0.013804752082893475	0.008526464521787147	0.0052782875611063285	0.0032481769606808176	0.0020301106004255113	0.0020301106004255113	0.0024361327205106136	0.0020301106004255113	0.0012180663602553068	0.0008120442401702044	0.0004060221200851022	0.0	0.0	0.0	0.0	0.0	0.0	0.0	0.0	0.0	0.0	0.0	0.0
Sor-ACeb_012-Ex1-7F-lcwgs-1-2-L3-clmp.fp2_repr.R2	0.0	0.0	0.0	0.0	0.0	0.0	0.0	0.0	0.00040594959729799954	0.0020297479864899975	0.0020297479864899975	0.0008118991945959991	0.0020297479864899975	0.006495193556767993	0.015426084697323981	0.037753312548713946	0.07347687711093791	0.13518121590023383	0.2411340607950117	0.3645427383736035	0.5289523252792934	0.7412639646661471	1.0708950376721225	1.42650688490517	1.7675045466354895	2.1401662769550533	2.5591062613665887	3.0198590542998183	3.393738633411276	3.704290075344245	4.001851130163679	4.3290465055858665	4.670856066510782	4.876672512340868	4.905494933749026	4.856780982073266	4.723629514159522	4.516595219537542	4.268154065991166	4.066397116134061	3.812272668225513	3.543128085216939	3.247190828786698	2.9086288646401663	2.6536925175370225	2.386983632112237	2.0975415692387633	1.8263672382436997	1.6047187581189921	1.3814464796050923	1.1938977656534167	1.0453202130423487	0.8792868277474669	0.735986619901273	0.6547967004416732	0.5516855027279813	0.4368017666926474	0.3848402182385035	0.3239477786438036	0.2719862301896597	0.2484411535463757	0.20013315146791372	0.16075604053000778	0.1404585606651078	0.12909197194076383	0.12625032475967785	0.10798259288126787	0.08930891140555988	0.07144712912444791	0.05926864120550792	0.056021044427123926	0.04668420368926994	0.03612951415952195	0.027198623018965966	0.02110937905949597	0.019891530267601976	0.019079631073005976	0.015020135100025981	0.010148739932449987	0.008930891140555989	0.007307092751363991	0.0036535463756819956	0.0016237983891919982	0.0008118991945959991	0.0008118991945959991	0.0008118991945959991	0.0008118991945959991	0.0008118991945959991	0.00040594959729799954	0.0	0.0	0.0	0.0	0.0	0.0	0.0	0.0	0.0	0.0	0.0	0.0
Sor-ACeb_013-Ex1-8F-lcwgs-1-2-L2-clmp.fp2_repr.R1	0.0	0.0	0.0	0.0	0.0	0.0	0.0	0.0	0.0	0.0010331645831180907	0.0020663291662361815	0.003099493749354272	0.004132658332472363	0.007232152081826635	0.016530633329889452	0.033061266659778904	0.0547577229052588	0.10538278747804525	0.22213038537038948	0.35437545200950515	0.42463064366153525	0.5630746977993595	0.8089678685814651	1.0569273685298068	1.3172848434755655	1.5693770017563797	1.9072218204359954	2.2698625891104456	2.54881702655233	2.9093914660605433	3.202810207666081	3.4445707201157147	3.837173261700589	4.023142886661845	4.055170988738506	4.014877569996901	3.8877983262733755	3.901229465853911	3.8908978200227295	3.611943382580845	3.381547680545511	3.285463374315528	3.120157041016634	3.009608430622998	2.8897613389812995	2.5984089265419983	2.379378034920963	2.3514825911767745	2.1541481558012188	1.9247856183490029	1.7977063746254778	1.6551296621551814	1.447463580948445	1.3110858559768572	1.1995040810001034	1.0156007852050832	0.8668250852360782	0.7562764748424423	0.7015187519371836	0.6312635602851534	0.5940696352929021	0.6147329269552639	0.5868374832110755	0.5444777353032338	0.5620415332162413	0.5775390019630128	0.5558425457175328	0.5083169748941007	0.44942659365636944	0.4339291249095981	0.43186279574336195	0.3688397561731584	0.3058167166029549	0.26242380411199506	0.1870027895443744	0.15084202913524122	0.12191342080793471	0.07542101456762061	0.04545924165719599	0.02996177291042463	0.023762785411716086	0.01549746874677136	0.012397974997417087	0.006198987498708544	0.004132658332472363	0.004132658332472363	0.0010331645831180907	0.0	0.0	0.0	0.0	0.0	0.0	0.0	0.0	0.0	0.0	0.0	0.0	0.0	0.0
Sor-ACeb_013-Ex1-8F-lcwgs-1-2-L2-clmp.fp2_repr.R2	0.0	0.0	0.0	0.0	0.0	0.0	0.0	0.0	0.0	0.0	0.0010329511414110112	0.0030988534242330336	0.0020659022828220224	0.005164755707055057	0.014461315979754159	0.02995558310091933	0.05991116620183866	0.10226216299969013	0.2096890817064353	0.33364321867575664	0.41731226113004855	0.5712219812002892	0.8160314017146989	1.0907964053300279	1.3335399235616154	1.6103708294597667	1.9481458527011675	2.2890197293668013	2.565850635264952	2.886065489102365	3.237268877182109	3.4965396136762728	3.8198533209379195	3.9830596012808597	4.032641256068588	4.020245842371656	3.943807457907241	3.969631236442516	3.839479392624729	3.5523189753124678	3.3684536721413076	3.2517301931618636	3.117446544778432	3.011052577213098	2.845780394587336	2.577213097820473	2.3902489412250802	2.3458320421444063	2.1970870777812213	1.9708707778122094	1.8417518851358332	1.6620183865303169	1.4120442103088524	1.274661708501188	1.1507075715318666	0.9967978514616258	0.8821402747650037	0.7468236752401611	0.6714182419171574	0.6538580725131702	0.639396756533416	0.6301001962607169	0.6084082222910857	0.5629583720690011	0.5443652515236029	0.5464311538064249	0.5299039355438487	0.5185414729883276	0.458630306786489	0.4090486519987605	0.38425782460489616	0.36773060634232	0.3315773163929346	0.2520400785042867	0.184898254312571	0.14564611093895258	0.11465757669662224	0.08160314017146988	0.052680508211961574	0.027889680818097305	0.019626071686809216	0.01652721826257618	0.00826360913128809	0.0020659022828220224	0.004131804565644045	0.005164755707055057	0.0010329511414110112	0.0	0.0	0.0	0.0	0.0	0.0	0.0	0.0	0.0	0.0	0.0	0.0	0.0	0.0
Sor-ACeb_013-Ex1-8F-lcwgs-1-2-L3-clmp.fp2_repr.R1	0.0	0.0	0.0	0.0	0.0	0.0	0.0	0.0	0.0	0.0012508443199159432	0.0037525329597478297	0.0037525329597478297	0.0025016886398318864	0.0037525329597478297	0.015010131838991319	0.032521952317814525	0.06754559327546093	0.12133189903184649	0.17136567182848422	0.2801891276611713	0.38275836189427864	0.5378630575638556	0.7692692567483052	0.989417857053511	1.2658544517549346	1.5873214419733321	1.9450629174692917	2.28779426112626	2.6067595627048257	2.861931803967678	3.202161458984815	3.5223776048832964	3.6999974983113604	3.8651089485402648	4.055237285167488	4.2403622445150475	4.1528031421209315	3.897630900858079	3.816326020063543	3.801315888224552	3.5849198208790933	3.403547394491282	3.243439321542041	2.9895179245991046	2.799389587971881	2.596752808145498	2.3916143396792835	2.285292572486428	2.183974182573237	1.985089935706602	1.807470042278538	1.63110099317039	1.4359692792635028	1.2833662722337578	1.1370174868035925	0.9306281740174618	0.7867810772271283	0.7354964601105746	0.6729542441147774	0.6391814474770471	0.6166662497185601	0.5678833212418383	0.5766392314812498	0.594151051960073	0.550371500763015	0.5303579916443599	0.5153478598053686	0.4915818177269657	0.47907337452780624	0.47031746428839466	0.41778200285192507	0.32396867885822933	0.2526705526230205	0.23640957646411326	0.18387411502764364	0.13258949791108998	0.11257598879243488	0.0725489705551247	0.04878292847672179	0.043779551197058016	0.0375253295974783	0.02001350911865509	0.007505065919495659	0.0025016886398318864	0.0012508443199159432	0.0	0.0	0.0	0.0	0.0	0.0	0.0	0.0	0.0	0.0	0.0	0.0	0.0	0.0	0.0	0.0
Sor-ACeb_013-Ex1-8F-lcwgs-1-2-L3-clmp.fp2_repr.R2	0.0	0.0	0.0	0.0	0.0	0.0	0.0	0.0	0.0	0.0	0.0	0.0037536598183228647	0.007507319636645729	0.008758539576086685	0.015014639273291459	0.03128049848602387	0.06506343685092965	0.10885613473136307	0.16516103200620605	0.2740171667375691	0.4254147794099247	0.5805660519006031	0.7482295237856911	0.998473511673882	1.2962638572608292	1.614073721878832	1.9293811466179527	2.2396836915993092	2.5925277145216583	2.8715497610169916	3.219388904181577	3.4896524111008236	3.636045144015415	3.8875403518430467	4.116513600760742	4.210355096218813	4.146542879307324	3.9776281874827957	3.920072070268512	3.8074622757188257	3.4946572908585867	3.339506018367909	3.225645003878782	2.969144916293386	2.7364180075573685	2.551237456520107	2.3572983659067592	2.268461750206451	2.230925152023223	2.052000700683166	1.8217762318260307	1.6578664197592654	1.4539175696303897	1.2674857986536874	1.1536247841645606	0.970946673006181	0.7957758814844473	0.7344661044518406	0.6819148669953204	0.6531368083881784	0.6356197292360051	0.5843197117189259	0.5930782512950127	0.5968319111133354	0.5555416531117839	0.5117489552313506	0.47796601686644474	0.5054928555341458	0.4804684567453267	0.4316708791071294	0.42416355947048373	0.3265684041940892	0.26275618728260053	0.22271714922048996	0.16265859212732414	0.13262931358074123	0.0863341758214259	0.06506343685092965	0.05630489727484297	0.033782938364905785	0.02001951903105528	0.016265859212732412	0.01000975951552764	0.00500487975776382	0.0	0.0	0.0	0.0	0.0	0.0	0.0	0.0	0.0	0.0	0.0	0.0	0.0	0.0	0.0	0.0	0.0
Sor-ACeb_014-Ex1-9F-lcwgs-1-2-L2-clmp.fp2_repr.R1	0.0	0.0	0.0	0.0	0.0	0.0	0.0	0.0	0.0012691321674239155	0.002538264334847831	0.0012691321674239155	0.0012691321674239155	0.002538264334847831	0.002538264334847831	0.010153057339391324	0.03172830418559789	0.0723405335431632	0.13452800974693505	0.19163895728101124	0.28174734116810923	0.45815671244003353	0.6574104627255882	0.8655481381831105	1.1460263471837957	1.4658476533746225	1.784399827398025	2.167677741960048	2.493844708987994	2.79082163616519	3.1804452115643325	3.619564941493007	3.949539305023225	4.208442267177704	4.373429448942813	4.445769982485976	4.60568063558139	4.683097697794248	4.568875802726096	4.3886590349519	4.132294337132269	3.8975048861588446	3.728710307891464	3.4431555702210828	3.158869964718126	2.903774399065919	2.5725309033682766	2.284437901363048	2.0927989440820367	1.9557326700002537	1.7450567302078839	1.520420336573851	1.368124476482981	1.1536411401883393	0.9632713150747518	0.8350889661649364	0.7297509962687515	0.6167982333680229	0.5165367921415336	0.45942584460745745	0.4086605579105008	0.3439348173718811	0.30332258801431583	0.270325151661294	0.23859684747569612	0.23478945097342435	0.2449425083128157	0.22971292230372872	0.18275503210904384	0.1548341244257177	0.12945148107723936	0.10533796989618499	0.11168363073330456	0.10026144122648932	0.060918344036347945	0.04441962585983704	0.04568875802726096	0.036804832855293554	0.02538264334847831	0.017767850343934816	0.016498718176510902	0.010153057339391324	0.0038073965022717465	0.006345660837119577	0.005076528669695662	0.002538264334847831	0.0012691321674239155	0.0	0.0	0.0	0.0	0.0	0.0	0.0	0.0	0.0	0.0	0.0	0.0	0.0	0.0	0.0
Sor-ACeb_014-Ex1-9F-lcwgs-1-2-L2-clmp.fp2_repr.R2	0.0	0.0	0.0	0.0	0.0	0.0	0.0	0.0	0.0	0.0	0.0	0.001269905772991644	0.00634952886495822	0.00634952886495822	0.01269905772991644	0.03809717318974932	0.08127396947146522	0.14476925812104743	0.20318492367866303	0.29334823356106976	0.4609757955959668	0.6565412846366799	0.8571863967693598	1.1251365148705965	1.4311838061615827	1.7512000609554772	2.17788840068067	2.501714372793539	2.7874431717166583	3.215401417214843	3.6332004165290934	4.0103624311076125	4.269423208797908	4.334188403220481	4.376095293729206	4.571660782769919	4.647855129149417	4.50308587102837	4.3811749168211715	4.177989993142509	3.9608361059609374	3.7373326899144086	3.3754095446117898	3.126508013105428	2.9195133721077897	2.5880679653569705	2.2782109567470092	2.0585172580194553	1.9632743250450817	1.8121555380590761	1.5619841007797222	1.366418611739009	1.134025855281538	0.9536992355167248	0.8495669621314098	0.7403550656541285	0.6222538287659056	0.5117720265156326	0.46986513600690827	0.4216087166332258	0.34160465293475223	0.28699870469611155	0.25525106037132045	0.23112285068447921	0.20699464099763798	0.2222335102735377	0.22731313336550427	0.19683539481370485	0.16254793894293043	0.1384197292560892	0.11683133111523125	0.10794199070428975	0.10794199070428975	0.07492444060650699	0.04698651360069083	0.04571660782769918	0.03936707896274097	0.02285830391384959	0.015238869275899729	0.01269905772991644	0.010159246183933152	0.00634952886495822	0.00634952886495822	0.005079623091966576	0.002539811545983288	0.001269905772991644	0.0	0.0	0.0	0.0	0.0	0.0	0.0	0.0	0.0	0.0	0.0	0.0	0.0	0.0	0.0
Sor-ACeb_014-Ex1-9F-lcwgs-1-2-L3-clmp.fp2_repr.R1	0.0	0.0	0.0	0.0	0.0	0.0	0.0	0.0	0.0	0.0	0.0	0.003942595805078063	0.005256794406770751	0.009199390211848815	0.014456184618619566	0.02628397203385376	0.053882142669400196	0.09462229932187352	0.1813594070335909	0.3140934658045524	0.42842874415181625	0.6216159386006413	0.8424013036850129	1.102612626820165	1.3969931135993272	1.6861168059717184	2.134258529148925	2.516690322241497	2.8058140146138886	3.1882458077064606	3.5982757714345794	3.9202544288492875	4.338169584187562	4.590495715712558	4.514272196814383	4.509015402407612	4.641749461178573	4.661462440203964	4.448562266729748	4.173894758975977	3.9057982442306685	3.607475161646428	3.293381695841876	3.0108289964779478	2.8018714188088105	2.5915996425379806	2.324817326394365	2.1106029543184563	1.9936392787678072	1.7925668927088263	1.5376123639804447	1.3417967723282342	1.15386637228618	0.9935341428796719	0.8358303106765494	0.7306944225411344	0.6308153288124901	0.5453924197024654	0.49413867423645064	0.4297429427535089	0.3758608000841087	0.32460705461809386	0.27466750775377174	0.269410713347001	0.24444093991483995	0.19844398885559586	0.18924459864374704	0.18004520843189822	0.1839878042369763	0.16296062660989327	0.14324764758450295	0.13930505177942493	0.08936550491510277	0.0643957314829417	0.059138937076170954	0.04074015665247332	0.02891236923723913	0.019712979025390317	0.022341376228775692	0.01839878042369763	0.009199390211848815	0.005256794406770751	0.0	0.0	0.0026283972033853756	0.003942595805078063	0.0013141986016926878	0.0	0.0	0.0	0.0	0.0	0.0	0.0	0.0	0.0	0.0	0.0	0.0	0.0	0.0
Sor-ACeb_014-Ex1-9F-lcwgs-1-2-L3-clmp.fp2_repr.R2	0.0	0.0	0.0	0.0	0.0	0.0	0.0	0.0	0.0	0.0	0.0	0.0013145441161005363	0.0013145441161005363	0.003943632348301609	0.011830897044904828	0.02629088232201073	0.053896308760122	0.09464717635923862	0.1840361762540751	0.306288779051425	0.4167104848038701	0.6020612051740456	0.8426227784204438	1.0950152487117468	1.3487222631191502	1.6773582921442844	2.105899673993059	2.512093805868125	2.8394152907771586	3.2377221579556212	3.643916289830687	3.8831633189609844	4.26306656851404	4.591702597539173	4.602218950467978	4.556209906404459	4.646913450415395	4.6850352297823115	4.4365863918393105	4.1381848774844885	3.9081396571668945	3.6544326427594913	3.3126511725733514	2.9866442317804185	2.7513408349984223	2.5383846881901357	2.338573982542854	2.124303291618467	1.9836470711957093	1.806183615522137	1.5603638658113366	1.3421495425386476	1.1449679251235672	0.9819644547271007	0.850510043117047	0.7335156167840993	0.6230939110316542	0.5363339993690188	0.4758649700283941	0.44957408770638346	0.40356504364286466	0.34309601430223996	0.3010306025870228	0.272110632032811	0.22215795562099064	0.19981070564728154	0.19849616153118096	0.17614891155747187	0.1630034703964665	0.1695761909769692	0.16826164686086864	0.1340834998422547	0.09333263224313808	0.06704174992112735	0.05126722052792092	0.036807235250815015	0.028919970554211798	0.024976338205910192	0.017089073509306975	0.007887264696603218	0.005258176464402145	0.0026290882322010725	0.0	0.0	0.0013145441161005363	0.0013145441161005363	0.0	0.0	0.0	0.0	0.0	0.0	0.0	0.0	0.0	0.0	0.0	0.0	0.0	0.0	0.0
Sor-ACeb_015-Ex1-10F-lcwgs-1-2-L2-clmp.fp2_repr.R1	0.0	0.0	0.0	0.0	0.0	0.0	0.0	0.0	0.0007940162932143369	0.0007940162932143369	0.0007940162932143369	0.0007940162932143369	0.0031760651728573474	0.01270426069142939	0.019056391037144082	0.02937860284893046	0.060345238284289594	0.1040161344110781	0.1683314541614394	0.28187578409108954	0.41765257023074115	0.5899541058582523	0.799574407266837	1.035397246351495	1.3252131933747282	1.662670117990821	2.0406218735608457	2.4233377268901557	2.9315081545473314	3.3467786758984293	3.6500928999063063	4.003430150386686	4.377411824490639	4.685490146257801	4.83555922567531	4.922107001635673	4.852233567832812	4.774419971097807	4.6632576900478	4.413936573978498	4.126502675834908	3.8350986962252467	3.534960537390227	3.2078258245859206	2.9188038938559018	2.6798049895983866	2.3232916739451492	1.9572501627733403	1.7285734703276112	1.5443616903018849	1.4141430182147336	1.240253450000794	1.0036365946229218	0.8638897270171984	0.7495513807943338	0.6002763176700385	0.5113464928300329	0.4470311730796716	0.3827158533293103	0.3049022565943053	0.2636134093471598	0.2644074256403741	0.24217496943037273	0.1921519429578695	0.16277334010893904	0.15245112829715265	0.1318067046735799	0.11989646027536485	0.1040161344110781	0.09686998777214909	0.08892982484000572	0.07622556414857633	0.06352130345714695	0.06113925457750393	0.06113925457750393	0.04049483095393117	0.02223245621000143	0.019056391037144082	0.01429229327785806	0.0047640977592860205	0.003970081466071684	0.003970081466071684	0.0023820488796430102	0.0007940162932143369	0.0	0.0	0.0	0.0	0.0	0.0	0.0	0.0	0.0	0.0	0.0	0.0	0.0	0.0	0.0	0.0	0.0
Sor-ACeb_015-Ex1-10F-lcwgs-1-2-L2-clmp.fp2_repr.R2	0.0	0.0	0.0	0.0	0.0	0.0	0.0007943568886629385	0.0007943568886629385	0.0007943568886629385	0.0007943568886629385	0.0	0.0	0.0023830706659888155	0.005560498220640569	0.010326639552618202	0.028596847991865786	0.05878240976105745	0.10247203863751908	0.17714158617183529	0.28358540925266906	0.4249809354346721	0.6060943060498221	0.8245424504321301	1.0604664463650229	1.344051855617692	1.7015124555160144	2.066122267412303	2.4323207930859176	2.872394509405186	3.3259722928317235	3.707263599389934	4.041687849517031	4.415829944077275	4.696237925775292	4.843988307066599	4.913891713268938	4.8010930350788	4.732778342653788	4.650165226232842	4.381672597864768	4.1020589730554144	3.86295754956787	3.5468035078800204	3.198875190645653	2.9264107778342656	2.6491802236909	2.2726550584646668	1.9445856634468734	1.733286731062532	1.5712379257752922	1.436197254702593	1.2248983223182512	0.9889743263853584	0.8507562277580072	0.7331914082358922	0.6013281647178444	0.5203037620742247	0.45834392475851554	0.4098881545500763	0.32012582613116425	0.26928698525673617	0.26054905948144386	0.22798042704626334	0.1898512963904423	0.1525165226232842	0.13662938485002543	0.12868581596339604	0.13345195729537368	0.12709710218607015	0.10088332486019318	0.08181875953228267	0.06990340620233859	0.05481062531774275	0.04925012709710219	0.042100915099135744	0.03018556176919166	0.024625063548551096	0.018270208439247586	0.013504067107269953	0.007943568886629384	0.003177427554651754	0.004766141331977631	0.003971784443314692	0.001588713777325877	0.0	0.0	0.0	0.0	0.0	0.0	0.0	0.0	0.0	0.0	0.0	0.0	0.0	0.0	0.0	0.0	0.0
Sor-ACeb_015-Ex1-10F-lcwgs-1-2-L3-clmp.fp2_repr.R1	0.0	0.0	0.0	0.0	0.0	0.0	0.0	0.0	0.0009610025178265968	0.0019220050356531936	0.00288300755347979	0.003844010071306387	0.003844010071306387	0.009610025178265967	0.021142055392185128	0.03651809567741068	0.04997213092698303	0.08168521401526072	0.16721443810182784	0.27580772261623326	0.4045820600049972	0.5660304829998655	0.7678410117434508	1.0311557016279382	1.3809606181168195	1.7557516000691922	2.101712506486767	2.4957235387956715	2.878202540890657	3.1953333717734336	3.6210574871706163	4.109246766226528	4.43887062984105	4.660862211458994	4.843452689846047	4.911683868611736	4.789636548847758	4.587826020104173	4.484037748178901	4.362951430932749	4.162101904706991	3.8420880662707337	3.467297084318361	3.20782640450518	2.9637317649772243	2.6821580272540313	2.413077322262584	2.1670606776989754	1.8797209248688231	1.594303177074324	1.401141670991178	1.2204731976397778	1.0177016663783658	0.8322281804378326	0.6775067750677507	0.5852505333563974	0.5131753445194027	0.4305291279863154	0.3661419592919333	0.3421168963462684	0.30463779815103115	0.24889965211708853	0.2306406042783832	0.18739549097618635	0.15472140537008208	0.15952641795921504	0.15760441292356187	0.14126737012050972	0.1182033096926714	0.09994426185396606	0.08456822156874051	0.07015318380134156	0.05573814603394261	0.05285513848046282	0.039401103230890466	0.027869073016971304	0.024025062945664918	0.013454035249572355	0.00864902266043937	0.00576601510695958	0.00288300755347979	0.00288300755347979	0.0009610025178265968	0.0	0.0	0.0	0.0	0.0	0.0	0.0	0.0	0.0	0.0	0.0	0.0	0.0	0.0	0.0	0.0	0.0	0.0
Sor-ACeb_015-Ex1-10F-lcwgs-1-2-L3-clmp.fp2_repr.R2	0.0	0.0	0.0	0.0	0.0	0.0	0.0	0.0	0.0009617234083477592	0.0019234468166955184	0.0009617234083477592	0.0009617234083477592	0.0038468936333910368	0.010578957491825351	0.017311021350259664	0.030775149067128294	0.05193306405077899	0.0942488940180804	0.16926331986920562	0.2654356607039815	0.3971917676476246	0.5876130025004809	0.7972687055202923	1.0175033660319293	1.3406424312367764	1.6984035391421428	2.087901519522985	2.5177918830544335	2.8611271398345837	3.2179265243316024	3.6968647816887863	4.089247932294672	4.436430082708213	4.698018849778804	4.828813233314099	4.946143489132526	4.8028467012887095	4.575879976918638	4.48066935949221	4.344104635506828	4.120984804770148	3.8430467397576455	3.5131756106943643	3.1996537795729947	2.935179842277361	2.6620503943065974	2.4264281592613965	2.1744566262742833	1.872475476053087	1.617618772840931	1.406039623004424	1.213694941334872	1.0290440469321023	0.8338141950375072	0.6664743219849971	0.582804385458742	0.5068282361992691	0.42315829967301405	0.3846893633391037	0.3577611079053664	0.3087132140796307	0.2567801500288517	0.2260050009617234	0.19522985189459513	0.16637814964416234	0.15964608578572803	0.1481054048855549	0.13271783035199075	0.10194268128486247	0.08174648970955954	0.0894402769763416	0.07309097903442971	0.05770340450086555	0.04327755337564916	0.028851702250432775	0.02692825543373726	0.023081361800346218	0.017311021350259664	0.006732063858434315	0.0038468936333910368	0.006732063858434315	0.004808617041738796	0.0009617234083477592	0.0	0.0	0.0	0.0	0.0	0.0	0.0	0.0	0.0	0.0	0.0	0.0	0.0	0.0	0.0	0.0	0.0	0.0
Sor-ACeb_016-Ex1-11F-lcwgs-1-2-L2-clmp.fp2_repr.R1	0.0	0.0	0.0	0.0	0.0	0.0	0.0	0.0	0.00031861204098625293	0.0006372240819725059	0.0004248160546483373	0.0006372240819725059	0.0014868561912691803	0.0028675083688762767	0.005947424765076721	0.00934595320226342	0.020072558582133936	0.03844585294567452	0.0636162041835885	0.10652262570307058	0.17109466600961784	0.26094326156774117	0.37500637224081973	0.5261346836819657	0.7130537477272341	0.9520127784669239	1.2254881136467908	1.5300812248296487	1.89191829937637	2.2676680997128242	2.672624003806352	3.1143264966269606	3.5573034376115142	3.881969107376506	4.147691549559041	4.389411884653945	4.552753657666231	4.670852520858468	4.699102788492582	4.654178490713521	4.54255807235467	4.403855630511988	4.202280412581352	3.9293360974697955	3.6700921001206477	3.411485326853472	3.1259027341161274	2.8218406430015803	2.541993067001988	2.2780760930517086	2.0275408248228515	1.7948478308892248	1.5627920610375707	1.3632347193665142	1.191502829274924	1.0194523271423475	0.8703418919607809	0.7494817244133289	0.6387109381637751	0.5439769579771958	0.45996958317048714	0.38626399768900066	0.32965725840710974	0.28186545225917176	0.23534809427517883	0.1956277931655593	0.15941222450678855	0.13317983313225373	0.11501894679603732	0.0940967561046067	0.07678550187768696	0.06584648847049228	0.05480127104963551	0.04566772587469625	0.03674658872708118	0.026975819470169415	0.022833862937348126	0.02060357865044436	0.0162492140902989	0.011788645516491359	0.010514197352546347	0.00839011707930466	0.004779180614793795	0.004141956532821288	0.0040357525191592036	0.002442692314227939	0.0013806521776070961	0.001062040136620843	0.0005310200683104216	0.00021240802732416865	0.00021240802732416865	0.00021240802732416865	0.00010620401366208432	0.0	0.0	0.0	0.0	0.0	0.0	0.0	0.0
Sor-ACeb_016-Ex1-11F-lcwgs-1-2-L2-clmp.fp2_repr.R2	0.0	0.0	0.0	0.0	0.0	0.0	0.0	0.0001062328965036629	0.0004249315860146516	0.0004249315860146516	0.0002124657930073258	0.0007436302755256404	0.0018059592405622695	0.0028682882055988987	0.005417877721686808	0.009029796202811347	0.019440620060170312	0.037818911155303996	0.06172131286862815	0.10442693726310064	0.1709287304743936	0.2597394319514558	0.3713902061768055	0.5261715363826424	0.7230210936039299	0.9532277803273673	1.213285910968334	1.5213613108289565	1.8888208998351266	2.2786956300035697	2.6863112538881238	3.1236720887937044	3.567406897489504	3.8907798344466538	4.14095830571278	4.377538966226437	4.56323406931484	4.689438750361192	4.701655533459113	4.644714700933149	4.529664474019683	4.389649516427855	4.202148454098889	3.9334854588411265	3.6693904781330207	3.407313922458484	3.1150672241769075	2.8136844967960157	2.5434280080906975	2.28421974062176	2.032554008804582	1.7984167049105093	1.5672539221185389	1.3657301174510905	1.1904458382200465	1.0232352591232812	0.8765276290517228	0.7515977427634152	0.639097105366036	0.5430625669267248	0.4606258392398824	0.3872189077558513	0.32974691074736967	0.2810922441486921	0.23222511175700714	0.19068804922407492	0.1543563986198222	0.13130386007852737	0.11388166505192665	0.09093535940713546	0.07489419203508235	0.06405843659170873	0.05460370880288273	0.047698570530144646	0.037606445362296674	0.02804548467696701	0.023477470127309504	0.021034113507725258	0.016466098958067752	0.010835755443373616	0.009560960685329661	0.007861234341271055	0.0049929461356721565	0.003930617170635527	0.003505685584620876	0.00254958951608791	0.0015934934475549435	0.001168561861540292	0.0005311644825183146	0.0002124657930073258	0.0002124657930073258	0.0002124657930073258	0.0001062328965036629	0.0	0.0	0.0	0.0	0.0	0.0	0.0	0.0
Sor-ACeb_016-Ex1-11F-lcwgs-1-2-L3-clmp.fp2_repr.R1	0.0	0.0	0.0	0.0	0.0	0.0	0.0	0.0	0.0	0.0001256252999304036	0.0005025011997216144	0.001507503599164843	0.002386880698677668	0.0026381312985384753	0.004773761397355336	0.009296272194849865	0.01934629618928215	0.037059463479469056	0.06532515596380986	0.11494714943631927	0.17072478260541848	0.2459743372637302	0.3614239878997711	0.5170737345135411	0.7102854458065019	0.9431947518774701	1.215550402126585	1.527729272453638	1.890032637452922	2.3004504923255507	2.7263202590896185	3.136361238062456	3.5088402523561024	3.8044365830923423	4.111087940222458	4.3883429771688585	4.562710893472258	4.652532982922497	4.673135532111083	4.61635289654254	4.51673203369773	4.399272378262803	4.1722674612885635	3.9500363057116803	3.725167018836258	3.4425100939928495	3.1592250426497896	2.8653874661125753	2.5756955244730646	2.274446055239957	2.026587338477271	1.8074968153986466	1.605240082510697	1.410395242318641	1.1855259554432185	0.995454876648518	0.8489757769296674	0.7316417467946704	0.6261164948531315	0.5389325367014314	0.45991422304520757	0.39421219118160644	0.34119831461097616	0.28931506573971943	0.23692931566874115	0.1929604606930999	0.15891600441196055	0.1300221854279677	0.10602775314126063	0.08655583165204807	0.07562643055810295	0.06808891256227874	0.06042576926652412	0.04937074287264861	0.038441341778703494	0.0315319502825313	0.02512505998608072	0.020853799788446994	0.017085040790534887	0.011683152893527534	0.007914393895615426	0.006406890296450583	0.004522510797494529	0.002763756598468879	0.0022612553987472646	0.0022612553987472646	0.001507503599164843	0.00037687589979121076	0.0001256252999304036	0.0	0.0	0.0	0.0	0.0	0.0	0.0	0.0	0.0	0.0	0.0	0.0
Sor-ACeb_016-Ex1-11F-lcwgs-1-2-L3-clmp.fp2_repr.R2	0.0	0.0	0.0	0.0	0.0	0.0	0.0	0.0	0.0	0.00012570172990720698	0.00037710518972162093	0.0010056138392576558	0.0020112276785153116	0.0025140345981441397	0.004525262276659451	0.009930436662669353	0.021494995814132393	0.038967536271234164	0.06523919782184043	0.11200024134732142	0.16768610769621412	0.24511837331905362	0.3598840527243336	0.5161313029989918	0.7045581961298951	0.9410031500853514	1.2245862527560105	1.5362008411959764	1.899730244087619	2.3117805147234436	2.7345154324013805	3.1464400013072975	3.5070782644110747	3.792798296490156	4.110069462775947	4.383596427054029	4.561590076602634	4.666676722805059	4.679372597525687	4.606968401099136	4.506784122363092	4.391892741227905	4.174428748488436	3.9459030035171345	3.7156174343271315	3.4414619613995128	3.1544849120213594	2.8626054951768247	2.5688405523836817	2.270047540394251	2.0320941656799083	1.8123675418021103	1.6028227580467962	1.4045911299831308	1.1888869614623636	1.0032255063894189	0.8527605356904921	0.7325896818992023	0.6285086495360349	0.5378777022729386	0.45730289340241903	0.39734316823668125	0.34304002091676783	0.2883597684071328	0.23518793665638424	0.190689524269233	0.1564986537344727	0.1313583077530313	0.1097376102089917	0.08912252650420975	0.07705516043311789	0.06800463587979898	0.05845130440685124	0.04751525390492424	0.03657920340299724	0.02953990652819364	0.025643152901070228	0.0216206975440396	0.017095435267380152	0.011941664341184663	0.007667805524339625	0.005782279575731522	0.004148157086937831	0.0026397363280513467	0.002388332868236933	0.0020112276785153116	0.0010056138392576558	0.0	0.00012570172990720698	0.00025140345981441395	0.00012570172990720698	0.0	0.0	0.0	0.0	0.0	0.0	0.0	0.0	0.0	0.0
Sor-ACeb_017-Ex1-12F-lcwgs-1-2-L2-clmp.fp2_repr.R1	0.0	0.0	0.0	0.0	0.0	0.0	0.0	0.0	0.0	0.00015922147069688053	0.0004776644120906416	0.0011145502948781637	0.002706765001846969	0.0036620938260282523	0.0070057447106627434	0.015603704128294291	0.02674920707707593	0.05095087062300177	0.09218923153349383	0.14218477333231433	0.2356477766313832	0.3627065102474939	0.4972486529863579	0.6970715987109429	0.9470493077050455	1.2010075534665698	1.5095787636771243	1.8562039053842332	2.2356286700548997	2.634796897091979	3.0189983058835517	3.4178480899792376	3.8009349484759323	4.125746748697568	4.3733361356312175	4.535742035742036	4.6038888252003005	4.624746837861592	4.637802998458737	4.56105824958284	4.405339651241291	4.193415873743742	3.9496478021068184	3.7163883475358888	3.4474632835288572	3.167074273631651	2.883500834320506	2.5953099723591526	2.3133287477549773	2.056504515520909	1.8345497853694575	1.6146649343370654	1.4079954653725146	1.2169297005362578	1.0362133312952986	0.8954615511992562	0.7792298775905333	0.6723922707529264	0.582432139809189	0.4846701568013044	0.39407313997477933	0.33993783993783994	0.2967888213789853	0.24934082311131495	0.20905779102500413	0.17800960423911244	0.15492249098806476	0.13358681391468277	0.10779293566178813	0.08661648005910301	0.07563019858101826	0.0687836753410524	0.057956615333664516	0.04537811914861095	0.034869502082616834	0.02420166354592584	0.016559032952475575	0.013056160597144203	0.010986281478084756	0.00859795941763155	0.005891194415784579	0.003980536767422013	0.002706765001846969	0.002706765001846969	0.0019106576483625664	0.0009553288241812832	0.0006368858827875221	0.0006368858827875221	0.0006368858827875221	0.00031844294139376107	0.00031844294139376107	0.00031844294139376107	0.00031844294139376107	0.00015922147069688053	0.0	0.0	0.0	0.0	0.0	0.0	0.0
Sor-ACeb_017-Ex1-12F-lcwgs-1-2-L2-clmp.fp2_repr.R2	0.0	0.0	0.0	0.0	0.0	0.0	0.0	0.0	0.0	0.0001592524055075852	0.0003185048110151704	0.0003185048110151704	0.001592524055075852	0.0036628053266744595	0.007803367869871675	0.016084492956266107	0.02850618058585775	0.05526058471113206	0.09539219089904352	0.14698997028350114	0.23314552166310473	0.3503552921166874	0.49670825277815817	0.7008698366388825	0.9504183560692684	1.2101590294521398	1.5148088811881504	1.869941745470065	2.253580790337838	2.6335570298789364	3.0200626180458454	3.4331633579325214	3.802310433899104	4.097245888899152	4.351571980494765	4.53327897517892	4.608764615389516	4.627078642022888	4.623097331885198	4.55764459322158	4.414476680670262	4.212226125675628	3.95821853889103	3.698318613102651	3.4342781247710743	3.162434268569627	2.879442743982648	2.5919921520414566	2.310752403915061	2.062796408539751	1.8384097691795633	1.6152971490634365	1.4109763127972048	1.2200326785936102	1.0426254988581602	0.8973873050352426	0.7779480009045537	0.6709303844034564	0.58429707580733	0.48571983679813485	0.3914424127376444	0.3400038857586944	0.3001907843817981	0.247637490564295	0.20639111753783043	0.17597390808588165	0.15192679485423627	0.12963145808317433	0.10462883041848348	0.08918134708424771	0.07707816426567124	0.06752301993521613	0.056375351549685156	0.04188338264849491	0.03392076237311565	0.02516188007019846	0.015128978523220593	0.013058697251621986	0.011784678007561304	0.008918134708424771	0.005733086598273067	0.0036628053266744595	0.0027072908936289484	0.002548038488121363	0.001751776460583437	0.0009555144330455111	0.0006370096220303408	0.0006370096220303408	0.0006370096220303408	0.0003185048110151704	0.0001592524055075852	0.0	0.0	0.0	0.0	0.0	0.0	0.0	0.0	0.0	0.0
Sor-ACeb_017-Ex1-12F-lcwgs-1-2-L3-clmp.fp2_repr.R1	0.0	0.0	0.0	0.0	0.0	0.0	0.00016662834214797262	0.00033325668429594525	0.00033325668429594525	0.00033325668429594525	0.0004998850264439178	0.0008331417107398633	0.0014996550793317538	0.002166168447923644	0.004165708553699315	0.012497125661097947	0.027493676454415486	0.048822104249355985	0.08264765770539442	0.14080094911503688	0.23044699719064615	0.340921588034752	0.4847218473084524	0.6890081947818668	0.9257870689741359	1.212221189126501	1.5271487557861692	1.857572758265599	2.254648097604218	2.6697192978948174	3.0476323778864196	3.438875725249859	3.8429494549586924	4.152045029643182	4.3904901872569315	4.592277109598126	4.6802568742522555	4.652096684429248	4.607440288733591	4.532457534767004	4.3848248236239	4.162209358514208	3.921764660794684	3.6683229523876175	3.3485631638056583	3.0894560917655607	2.854676757679067	2.580906391529948	2.319966407726223	2.053694316973763	1.8152491593600137	1.5869683306172913	1.3746838227207743	1.20572268378273	1.047259130400008	0.9011260743362359	0.7694896840393376	0.6648470851704108	0.5743678953840617	0.480889395439049	0.40524012810386945	0.36091698909250874	0.32892434740009796	0.2819351549143697	0.22744768703198262	0.18662374320572936	0.16446217370004898	0.15146516301250712	0.12563776997957138	0.10197654539455925	0.08431394112687415	0.0693173903335566	0.062152371621193796	0.05082164435513166	0.03732474864114587	0.025660764690787787	0.02149505613708847	0.01732934758338915	0.012830382345393894	0.009831072186730386	0.005998620317327015	0.0029993101586635075	0.002332796790071617	0.002666053474367562	0.001832911763627699	0.0008331417107398633	0.0004998850264439178	0.00033325668429594525	0.00033325668429594525	0.00016662834214797262	0.0	0.0	0.0	0.0	0.0	0.0	0.0	0.0	0.0	0.0	0.0
Sor-ACeb_017-Ex1-12F-lcwgs-1-2-L3-clmp.fp2_repr.R2	0.0	0.0	0.0	0.0	0.0	0.0	0.00016674058832749186	0.0003334811766549837	0.0003334811766549837	0.00016674058832749186	0.0003334811766549837	0.0005002217649824755	0.0015006652949474267	0.0026678494132398698	0.004001774119859804	0.011338360006269445	0.02851264060400111	0.05352372885312488	0.08403725651705589	0.1432301653733155	0.23176941777521368	0.34281864960132324	0.49355214144937587	0.6873047050859215	0.9185739010961527	1.2047007506661287	1.5356808184962	1.8694954763278389	2.262836524192392	2.6835230285426537	3.0333447828537317	3.416347914241981	3.8547089209549563	4.185188767020046	4.395115167724358	4.584532476064389	4.676073059056182	4.642558200802355	4.602206978427103	4.506831361903777	4.3792748118332465	4.183354620548443	3.926740855112433	3.656954583198551	3.3413146494946098	3.098707093478109	2.8576002027565552	2.5879806714310014	2.327198391286804	2.0440728723067227	1.8083016804116492	1.5912054344092548	1.3741091884068604	1.1995317924279765	1.0439628235184266	0.9034005075583509	0.7705082586613399	0.6627938386017801	0.5765889544364668	0.48604881497463875	0.40751399787239007	0.35399026901926517	0.31930822664714686	0.27528871132868904	0.22343238835883908	0.18391486892522352	0.16323903597261452	0.1534013412612925	0.12638936595223882	0.09921065005485766	0.08837251181357068	0.07469978357071635	0.059359649444587104	0.04835477061497264	0.03785011355034065	0.028345900015673612	0.0225099794242114	0.016340577656094202	0.012005322359579414	0.00900399176968456	0.005835920591462215	0.004335255296514788	0.0031680711782223455	0.0026678494132398698	0.0018341464716024104	0.0008337029416374593	0.0005002217649824755	0.0003334811766549837	0.0003334811766549837	0.00016674058832749186	0.0	0.0	0.0	0.0	0.0	0.0	0.0	0.0	0.0	0.0	0.0
Sor-ACeb_018-Ex1-1G-lcwgs-1-2-L2-clmp.fp2_repr.R1	0.0	0.0	0.0	0.0	0.0	0.0	0.0	0.0	0.0009850469867412675	0.0029551409602238026	0.004925234933706338	0.00394018794696507	0.006895328907188873	0.013790657814377745	0.02068598672156662	0.04038692645639197	0.06895328907188873	0.12116077936917592	0.1910991154278059	0.3033944719163104	0.46986741267558463	0.6324001654878938	0.8234992809156997	1.082566638428653	1.339663901968124	1.6548789377253297	2.0666285781831792	2.3985894127149865	2.7857128785043046	3.2319391634980987	3.476230816209933	3.7953860399141037	4.123406686498946	4.362773104277074	4.608049803975649	4.738076006225497	4.6681376701668675	4.51545538722197	4.4435469571898585	4.3135207549400105	4.0741543371618825	3.802281368821293	3.5648850450166476	3.3156681573711064	3.048720423964223	2.8123091471463186	2.514824957150456	2.2212809551015584	2.0282117457002697	1.742548119545302	1.4864359029925727	1.3849760633582222	1.233278827400067	1.016568490316988	0.8363048917433361	0.6954431726393349	0.5979235209519494	0.5309403258535432	0.45903189582143067	0.39204870072302445	0.309304753836758	0.24429165271183437	0.22656080695049155	0.2029196792687011	0.17435331665320436	0.14480190705096632	0.11919068539569337	0.1034299336078331	0.09653460470064422	0.0728934770188538	0.050237396323804646	0.04728225536358084	0.03743178549616817	0.03152150357572056	0.02462617466853169	0.01182056384089521	0.008865422880671407	0.00788037589393014	0.00394018794696507	0.001970093973482535	0.001970093973482535	0.001970093973482535	0.0009850469867412675	0.0009850469867412675	0.0029551409602238026	0.001970093973482535	0.0	0.0	0.0009850469867412675	0.0009850469867412675	0.0	0.0	0.0	0.0	0.0	0.0	0.0	0.0	0.0	0.0	0.0
Sor-ACeb_018-Ex1-1G-lcwgs-1-2-L2-clmp.fp2_repr.R2	0.0	0.0	0.0	0.0	0.0	0.0	0.0	0.0	0.0	0.0029547334830398297	0.004924555805066383	0.004924555805066383	0.006894378127092936	0.009849111610132766	0.019698223220265532	0.03644171295749123	0.06992869243194264	0.1339479178978056	0.19205767639758892	0.3151715715242485	0.4786668242524524	0.6076901863451917	0.8273253752511524	1.110979789622976	1.3877398258677067	1.6950321081038489	2.0417208367805224	2.3519678524997043	2.7656305401252808	3.229523696962534	3.481660954181933	3.850017728400898	4.200646101721625	4.40353780089036	4.639916479533547	4.690146948745223	4.559153764330457	4.499074183508648	4.485285427254461	4.3050466847890325	4.039120671315447	3.8056967261553005	3.582121892605287	3.328014813063861	3.037466020564945	2.7744947405744003	2.493795059685616	2.1924122444155536	1.9806563447976993	1.756096600086672	1.5177480991214594	1.377890714257574	1.21735019501241	1.0282472520978607	0.861797265886617	0.7002718354804397	0.5820824961588464	0.5210180041760233	0.4707875349643462	0.3939644644053107	0.32108103849032815	0.2521372572193988	0.22751447819406692	0.2097860772958279	0.16940471969428356	0.13985738486388527	0.12508371744868613	0.10440058306740731	0.07879289288106213	0.062049403143836425	0.04826064688965056	0.035456801796477956	0.021668045542292087	0.02659260134735847	0.0334869794744514	0.022652956703305364	0.011818933932159319	0.006894378127092936	0.005909466966079659	0.003939644644053106	0.0009849111610132765	0.0	0.0029547334830398297	0.005909466966079659	0.005909466966079659	0.003939644644053106	0.001969822322026553	0.0009849111610132765	0.0009849111610132765	0.0009849111610132765	0.0	0.0	0.0	0.0	0.0	0.0	0.0	0.0	0.0	0.0	0.0
Sor-ACeb_018-Ex1-1G-lcwgs-1-2-L3-clmp.fp2_repr.R1	0.0	0.0	0.0	0.0	0.0	0.0	0.0	0.0	0.0	0.0	0.001024632157055617	0.001024632157055617	0.006147792942333702	0.013320218041723023	0.029714332554612893	0.05328087216689209	0.08197057256444935	0.12705438747489653	0.1998032706258453	0.31148817574490756	0.4641583671461945	0.6106807656051477	0.7715480142628797	1.0666420754948973	1.421164801836141	1.6885937948276568	1.934505512521005	2.311570146317472	2.728595434239108	3.10463543587852	3.4468625763350955	3.8239272101315627	4.15180950038936	4.333169392188204	4.547317513012828	4.673347268330669	4.615967867535555	4.544243616541661	4.484814951432436	4.307553588261815	4.072912824296078	3.837247428173286	3.6241239395057177	3.3956309684823145	3.0431575064551826	2.7654821918931103	2.5677281855813763	2.2593139063076353	1.941677937620394	1.7367515062092709	1.6148202795196525	1.3924751014385834	1.1619328661010697	1.0359031107832288	0.885282183696053	0.7018730275830977	0.5594491577523669	0.4897741710725849	0.44571498831919343	0.4016558055658019	0.337103979671298	0.28484773966146154	0.25923193573507114	0.2284929710234026	0.18545842042706667	0.14857166277306447	0.13012828394606335	0.11578343374728471	0.08811836550678306	0.07787204393622689	0.07684741177917127	0.06967498667978196	0.05328087216689209	0.03996065412516907	0.03483749333989098	0.026640436083446045	0.018443378827001106	0.011270953727611787	0.007172425099389319	0.007172425099389319	0.005123160785278085	0.002049264314111234	0.002049264314111234	0.001024632157055617	0.0	0.0	0.0	0.0	0.0	0.0	0.0	0.0	0.0	0.0	0.0	0.0	0.0	0.0	0.0	0.0	0.0
Sor-ACeb_018-Ex1-1G-lcwgs-1-2-L3-clmp.fp2_repr.R2	0.0	0.0	0.0	0.0	0.0	0.0	0.0	0.0	0.0	0.0	0.002048634585049065	0.0030729518775735967	0.010243172925245323	0.02151066314301518	0.03072951877573597	0.05224018191875115	0.07989674881691353	0.12803966156556656	0.2017905066273329	0.3103681396349333	0.48655071394915295	0.6412226251203573	0.8184295167271014	1.090897916538627	1.3992174215885114	1.7321205416589842	1.9861512302050683	2.291397783377379	2.691905844754471	3.126216376784873	3.509311044189048	3.792022616925819	4.083953045295311	4.329789195501198	4.517239260033188	4.647327556183804	4.648351873476328	4.540798557761252	4.457828857066765	4.290865138385266	4.066539651322394	3.8780652694978794	3.633253436584517	3.4263413434945607	3.086268002376416	2.745170343965747	2.518796222317825	2.2616925818941676	1.99332145125274	1.7648986950197694	1.5876918034130252	1.3008829615061561	1.1124085796816423	1.0489009075451212	0.8583778911355582	0.6801466822362895	0.5910310777866552	0.5080613770921681	0.4517239260033188	0.4066539651322394	0.34929219675086554	0.27349271710405015	0.23354434269559338	0.20998504496752912	0.17823120889926863	0.13725851719828736	0.12291807510294388	0.11882080593284576	0.08604265257206072	0.07477516235429087	0.08194538340196258	0.07682379693933993	0.05941040296642288	0.04609427816360396	0.0378997398234077	0.026632249605637842	0.015364759387867985	0.010243172925245323	0.007170221047671727	0.0030729518775735967	0.0030729518775735967	0.0030729518775735967	0.002048634585049065	0.0010243172925245324	0.0	0.0	0.0	0.0	0.0	0.0	0.0	0.0	0.0	0.0	0.0	0.0	0.0	0.0	0.0	0.0	0.0
Sor-ACeb_019-Ex1-3G-lcwgs-1-2-L2-clmp.fp2_repr.R1	0.0	0.0	0.0	0.0	0.0	0.0	0.0	0.0	0.0	0.0	0.0035886025981482807	0.007177205196296561	0.010765807794444842	0.03588602598148281	0.04665183377592765	0.06818344936481734	0.10406947534630014	0.12918969353333812	0.23684777147778657	0.3947462857963109	0.5669992105074284	0.8325558027704011	1.098112395033374	1.367257589894495	1.6292255795593198	1.927079595205627	2.239288021244527	2.6842747434149143	3.2548625565204907	3.656786047513098	3.7823871384482883	3.925931242374219	4.195076437235341	4.3099117203760855	4.3601521567501615	4.324266130768679	4.245316873609417	4.227373860618675	4.2596712840020095	4.335031938563123	4.076652551496447	3.6065456111390226	3.3230460058853084	3.0826096318093734	2.8672934759204765	2.6914519486112107	2.436661164142683	2.2034019952630444	1.9844972367759994	1.6794660159333956	1.561042130194502	1.4354410392593124	1.1698844469963396	0.9222708677241083	0.7141319170315079	0.5849422234981698	0.5382903897222422	0.47369554295557315	0.3875690806000144	0.3588602598148281	0.3157970286370487	0.2691451948611211	0.2260819636833417	0.1901959377018589	0.14713270652407953	0.08612646235555874	0.05741764157037249	0.05741764157037249	0.06818344936481734	0.05741764157037249	0.03588602598148281	0.025120218187037965	0.014354410392593123	0.021531615588889684	0.028708820785186245	0.025120218187037965	0.010765807794444842	0.0	0.0	0.0	0.0	0.0035886025981482807	0.0035886025981482807	0.0	0.0	0.0	0.0	0.0	0.0	0.0	0.0	0.0	0.0	0.0	0.0	0.0	0.0	0.0	0.0	0.0	0.0
Sor-ACeb_019-Ex1-3G-lcwgs-1-2-L2-clmp.fp2_repr.R2	0.0	0.0	0.0	0.0	0.0	0.0	0.0	0.0	0.0	0.0	0.003587830080367394	0.01076349024110218	0.01076349024110218	0.025114810562571758	0.0574052812858783	0.07893226176808266	0.10045924225028703	0.1578645235361653	0.2798507462686567	0.473593570608496	0.638633754305396	0.8252009184845005	1.083524684270953	1.4243685419058554	1.7078071182548795	1.8979621125143513	2.2531572904707233	2.6262916188289323	2.9922502870264065	3.3043915040183696	3.6201205510907006	4.000430539609645	4.2085246842709525	4.283869115958669	4.45967278989667	4.567307692307692	4.402267508610793	4.2766934557979335	4.219288174512055	4.0973019517795635	3.9573765786452353	3.6847014925373136	3.4012629161882892	3.229047072330654	2.902554535017222	2.6083524684270953	2.4720149253731343	2.2280424799081517	1.9481917336394947	1.7293340987370838	1.5355912743972446	1.338260619977038	1.166044776119403	0.9830654420206659	0.792910447761194	0.609931113662457	0.49512055109070036	0.49153272101033296	0.4341274397244546	0.3587830080367394	0.30137772675086105	0.2511481056257176	0.20091848450057406	0.14351320321469577	0.1255740528128588	0.11122273249138921	0.08252009184845006	0.0574052812858783	0.050229621125143516	0.050229621125143516	0.03587830080367394	0.02870264064293915	0.02870264064293915	0.02152698048220436	0.02152698048220436	0.01793915040183697	0.007175660160734788	0.003587830080367394	0.0	0.0	0.0	0.003587830080367394	0.003587830080367394	0.0	0.0	0.0	0.0	0.0	0.0	0.0	0.0	0.0	0.0	0.0	0.0	0.0	0.0	0.0	0.0	0.0	0.0
Sor-ACeb_019-Ex1-3G-lcwgs-1-2-L3-clmp.fp2_repr.R1	0.0	0.0	0.0	0.0	0.0	0.0	0.0	0.0	0.0	0.0	0.0	0.0	0.00414181577203446	0.01656726308813784	0.04555997349237906	0.08697813121272366	0.13253810470510272	0.1946653412856196	0.28164347249834326	0.41832339297548043	0.6005632869449967	0.8739231278992711	1.110006626905235	1.3750828363154408	1.656726308813784	1.9383697813121274	2.22001325381047	2.5803512259774686	2.969681908548708	3.350728959575878	3.880881378396289	3.9844267726971507	3.9388667992047717	4.382041086812459	4.647117296222664	4.56013916500994	4.460735586481113	4.133532140490391	3.8725977468522204	3.99271040424122	3.9968522200132535	3.7483432736911864	3.288601722995361	2.957256461232604	2.7915838303512257	2.563783962889331	2.522365805168986	2.3111332007952288	1.9176607024519547	1.656726308813784	1.503479125248509	1.4082173624917163	1.3212392312789927	1.0934393638170974	0.8449304174950298	0.7123923127899271	0.5839960238568589	0.5094433399602386	0.44731610337972166	0.29406891981444666	0.2526507620941021	0.2567925778661365	0.1946653412856196	0.17395626242544732	0.16981444665341286	0.14496355202120612	0.08697813121272366	0.0621272365805169	0.08697813121272366	0.08283631544068919	0.053843605036447986	0.053843605036447986	0.049701789264413515	0.053843605036447986	0.057985420808482444	0.028992710404241222	0.00828363154406892	0.0	0.0	0.0	0.0	0.0	0.0	0.0	0.0	0.0	0.0	0.0	0.0	0.0	0.0	0.0	0.0	0.0	0.0	0.0	0.0	0.0	0.0	0.0	0.0
Sor-ACeb_019-Ex1-3G-lcwgs-1-2-L3-clmp.fp2_repr.R2	0.0	0.0	0.0	0.0	0.0	0.0	0.0	0.0	0.0	0.0	0.0	0.00414181577203446	0.00828363154406892	0.00828363154406892	0.028992710404241222	0.057985420808482444	0.13253810470510272	0.207090788601723	0.2775016567263088	0.44731610337972166	0.6833996023856859	0.8780649436713054	1.0478793903247183	1.3792246520874751	1.6691517561298874	1.9507952286282306	2.331842279655401	2.6714711729622267	2.9531146454605697	3.197481776010603	3.793903247183565	4.075546719681909	4.000994035785288	4.324055666003976	4.481444665341286	4.473161033797217	4.348906560636183	4.071404903909874	3.9968522200132535	3.963717693836978	3.918157720344599	3.7607687210072895	3.305168986083499	2.9531146454605697	2.737740225314778	2.601060304837641	2.514082173624917	2.3028495692511597	2.000497017892644	1.718853545394301	1.5863154406891984	1.4454937044400267	1.3378064943671306	1.1307157057654076	0.8242213386348575	0.7123923127899271	0.6378396288933068	0.5094433399602386	0.4307488402915839	0.33134526176275675	0.26507620941020543	0.24436713055003312	0.19880715705765406	0.19880715705765406	0.18223989396951623	0.1242544731610338	0.07041086812458582	0.04555997349237906	0.08697813121272366	0.09526176275679257	0.057985420808482444	0.041418157720344594	0.028992710404241222	0.041418157720344594	0.049701789264413515	0.028992710404241222	0.012425447316103379	0.00414181577203446	0.0	0.0	0.0	0.0	0.0	0.0	0.0	0.0	0.0	0.0	0.0	0.0	0.0	0.0	0.0	0.0	0.0	0.0	0.0	0.0	0.0	0.0	0.0
Sor-ACeb_020-Ex1-2G-lcwgs-1-2-L2-clmp.fp2_repr.R1	0.0	0.0	0.0	0.005495713343591998	0.010991426687183996	0.005495713343591998	0.0	0.0	0.0	0.005495713343591998	0.010991426687183996	0.010991426687183996	0.010991426687183996	0.005495713343591998	0.016487140030775994	0.07693998681028798	0.15937568696416793	0.25829852714882395	0.2912728072103759	0.35722136733347987	0.5825456144207518	0.8848098483183118	1.2090569355902396	1.3464497691800394	1.6102440096724555	2.137832490657287	2.6379424049241593	2.984172345570455	3.132556605847439	3.324906572873159	3.451307979775775	3.748076500329743	4.050340734227302	4.176742141129919	4.336117828094086	4.308639261376126	4.34710925478127	4.42954495493515	4.242690701253022	3.9734007474170148	3.7096065069245987	3.495273686524511	3.247966586062871	2.9402066388217194	2.7588480984831834	2.550010991426687	2.3081996043086392	2.181798197406023	1.9564739503187514	1.6652011431083753	1.5937568696416795	1.4783468894262475	1.2750054957133434	1.0386898219388878	0.7968784348208398	0.7364255880413278	0.6704770279182237	0.5385799076720158	0.48362277423609584	0.3901956473950319	0.2802813805231919	0.25829852714882395	0.23081996043086392	0.22532424708727192	0.24181138711804792	0.2088371070564959	0.18135854033853593	0.12090569355902396	0.06594856012310397	0.06594856012310397	0.04396570674873598	0.016487140030775994	0.016487140030775994	0.016487140030775994	0.005495713343591998	0.005495713343591998	0.016487140030775994	0.02198285337436799	0.016487140030775994	0.005495713343591998	0.0	0.0	0.0	0.0	0.0	0.0	0.0	0.0	0.0	0.0	0.0	0.0	0.0	0.0	0.0	0.0	0.0	0.0	0.0	0.0	0.0
Sor-ACeb_020-Ex1-2G-lcwgs-1-2-L2-clmp.fp2_repr.R2	0.0	0.0	0.0	0.0	0.0	0.0	0.0	0.0	0.0	0.0	0.0	0.0	0.0	0.005505395287381634	0.022021581149526535	0.06606474344857961	0.13763488218454084	0.25875357850693675	0.2917859502312266	0.3578506936798062	0.5835719004624532	0.9083902224179695	1.1671438009249064	1.3433164501211186	1.6461131909271085	2.119577185641929	2.675622109667474	2.9894296410482273	3.176613080819203	3.3472803347280333	3.4628936357630478	3.776701167143801	4.018938559788593	4.035454745650738	4.140057256110988	4.3492622770314915	4.365778462893636	4.206121999559569	4.151068046685752	4.0244439550759745	3.8592820964545256	3.6280554943844967	3.2206562431182557	3.0169566174851354	2.928870292887029	2.6205681567936576	2.317771415987668	2.125082580929311	1.9158775600088087	1.712177934375688	1.5910592380532922	1.4534243558687514	1.2607355208103943	1.007487337590839	0.7487337590839022	0.721206782646994	0.7157013873596124	0.5615503193129266	0.4844747852895838	0.42942083241576745	0.3248183219555164	0.2422373926447919	0.23673199735741024	0.2697643690817001	0.23673199735741024	0.18718343977097554	0.15415106804668577	0.09359171988548777	0.03853776701167144	0.05505395287381634	0.06606474344857961	0.03303237172428981	0.022021581149526535	0.016516185862144903	0.005505395287381634	0.011010790574763268	0.016516185862144903	0.022021581149526535	0.016516185862144903	0.005505395287381634	0.0	0.0	0.0	0.0	0.0	0.0	0.0	0.0	0.0	0.0	0.0	0.0	0.0	0.0	0.0	0.0	0.0	0.0	0.0	0.0	0.0
Sor-ACeb_020-Ex1-2G-lcwgs-1-2-L3-clmp.fp2_repr.R1	0.0	0.0	0.0	0.0	0.0	0.0	0.0	0.0	0.0	0.0	0.0	0.0	0.010254306808859722	0.030762920426579164	0.04614438063986874	0.06665299425758818	0.10767022149302707	0.17432321575061527	0.3025020508613618	0.405045118949959	0.6562756357670222	1.0100492206726825	1.2048810500410172	1.3894585726004922	1.6714520098441346	2.1072600492206726	2.4046349466776045	2.645611156685808	2.9224774405250202	3.1070549630844955	3.5633716160787534	3.809474979491386	3.9889253486464313	4.147867104183757	4.363207547169811	4.619565217391304	4.43498769483183	4.111977030352748	3.8812551271534046	3.7992206726825266	3.8710008203445447	3.6966776045939294	3.2762510254306805	3.0250205086136175	2.8814602132895817	2.6661197703035273	2.348236259228876	2.2200574241181297	1.9534454470877767	1.6150533223954062	1.5176374077112387	1.4150943396226416	1.2664068908941757	1.1689909762100084	0.9587776866283839	0.7434372436423298	0.6101312551271534	0.5588597210828548	0.5280968006562756	0.44093519278096804	0.3383921246923708	0.26148482362592285	0.25635767022149303	0.21021328958162427	0.1691960623461854	0.1538146021328958	0.10767022149302707	0.10767022149302707	0.12305168170631665	0.12305168170631665	0.12305168170631665	0.08716160787530763	0.056398687448728474	0.030762920426579164	0.020508613617719443	0.025635767022149304	0.015381460213289582	0.010254306808859722	0.010254306808859722	0.005127153404429861	0.0	0.005127153404429861	0.010254306808859722	0.005127153404429861	0.0	0.0	0.0	0.0	0.0	0.0	0.0	0.0	0.0	0.0	0.0	0.0	0.0	0.0	0.0	0.0	0.0
Sor-ACeb_020-Ex1-2G-lcwgs-1-2-L3-clmp.fp2_repr.R2	0.0	0.0	0.0	0.0	0.0	0.0	0.0	0.0	0.0	0.0	0.0	0.0	0.010245901639344262	0.03073770491803279	0.04610655737704918	0.07684426229508197	0.12807377049180327	0.1485655737704918	0.2305327868852459	0.38422131147540983	0.6147540983606558	0.9528688524590163	1.3524590163934427	1.5522540983606556	1.6188524590163935	1.9415983606557379	2.3924180327868854	2.6280737704918034	2.8227459016393444	3.1762295081967213	3.6834016393442623	3.9600409836065573	3.9651639344262293	4.103483606557377	4.282786885245902	4.395491803278689	4.349385245901639	4.216188524590164	4.042008196721311	3.903688524590164	3.9190573770491803	3.8268442622950825	3.355532786885246	3.0379098360655736	2.8790983606557377	2.5563524590163937	2.2848360655737707	2.1311475409836063	1.9262295081967213	1.5727459016393441	1.4600409836065575	1.4600409836065575	1.326844262295082	1.1270491803278688	0.9426229508196722	0.7889344262295083	0.6045081967213115	0.5327868852459016	0.5276639344262295	0.46618852459016397	0.35348360655737704	0.2817622950819672	0.2766393442622951	0.21516393442622953	0.1485655737704918	0.15368852459016394	0.1331967213114754	0.10758196721311476	0.09221311475409837	0.09221311475409837	0.1127049180327869	0.0973360655737705	0.05635245901639345	0.03073770491803279	0.020491803278688523	0.020491803278688523	0.020491803278688523	0.015368852459016395	0.010245901639344262	0.005122950819672131	0.0	0.010245901639344262	0.010245901639344262	0.0	0.0	0.0	0.0	0.0	0.0	0.0	0.0	0.0	0.0	0.0	0.0	0.0	0.0	0.0	0.0	0.0	0.0
Sor-ACeb_021-Ex1-4G-lcwgs-1-2-L2-clmp.fp2_repr.R1	0.0	0.0	0.0	0.0	0.0	0.0	0.0	0.0	0.0	0.0	0.0	0.0	0.0	0.03221649484536082	0.1610824742268041	0.22551546391752575	0.12886597938144329	0.19329896907216496	0.28994845360824745	0.3543814432989691	0.5798969072164949	0.9987113402061855	1.4819587628865978	1.3853092783505154	1.6430412371134022	2.2873711340206184	2.4806701030927836	2.8672680412371134	3.4149484536082473	3.6404639175257736	3.994845360824742	4.445876288659794	4.155927835051546	3.6726804123711343	3.6404639175257736	4.381443298969072	5.251288659793815	5.09020618556701	4.606958762886598	4.091494845360825	3.6404639175257736	3.608247422680412	3.0927835051546393	2.416237113402062	2.73840206185567	2.8672680412371134	2.222938144329897	1.8685567010309279	1.8685567010309279	1.7074742268041236	1.095360824742268	0.7087628865979382	0.9664948453608248	1.1275773195876289	0.8376288659793815	0.6121134020618557	0.4510309278350515	0.28994845360824745	0.3221649484536082	0.28994845360824745	0.25773195876288657	0.25773195876288657	0.1610824742268041	0.09664948453608248	0.06443298969072164	0.1610824742268041	0.1610824742268041	0.06443298969072164	0.09664948453608248	0.09664948453608248	0.03221649484536082	0.03221649484536082	0.06443298969072164	0.06443298969072164	0.06443298969072164	0.06443298969072164	0.03221649484536082	0.0	0.0	0.0	0.0	0.0	0.0	0.0	0.0	0.0	0.0	0.0	0.0	0.0	0.0	0.0	0.0	0.0	0.0	0.0	0.0	0.0	0.0	0.0	0.0
Sor-ACeb_021-Ex1-4G-lcwgs-1-2-L2-clmp.fp2_repr.R2	0.0	0.0	0.0	0.0	0.0	0.0	0.0	0.0	0.0	0.0	0.0	0.0	0.0	0.03227888960619754	0.12911555842479017	0.22595222724338285	0.19367333763718528	0.2905100064557779	0.38734667527437056	0.25823111684958033	0.38734667527437056	0.9038089089735314	1.2911555842479019	1.5171078114912848	1.8398967075532604	2.324080051646223	2.775984506132989	2.646868947708199	3.001936733376372	3.5183989670755325	3.9380245319561005	4.389928986442866	4.389928986442866	4.131697869593285	3.7120723047127178	4.583602324080052	5.64880568108457	5.035506778566817	4.163976759199484	3.8411878631375083	4.002582311168496	3.905745642349903	2.9696578437701744	2.485474499677211	2.7437056165267917	2.775984506132989	2.1626856036152353	1.8721755971594578	1.9690122659780502	1.5493867010974822	0.9683666881859263	0.5810200129115558	0.7746933505487411	1.065203357004519	0.7746933505487411	0.5810200129115558	0.38734667527437056	0.22595222724338285	0.35506778566817304	0.35506778566817304	0.2905100064557779	0.2905100064557779	0.19367333763718528	0.12911555842479017	0.09683666881859264	0.16139444803098774	0.16139444803098774	0.06455777921239508	0.09683666881859264	0.09683666881859264	0.03227888960619754	0.03227888960619754	0.06455777921239508	0.06455777921239508	0.06455777921239508	0.06455777921239508	0.03227888960619754	0.0	0.0	0.0	0.0	0.0	0.0	0.0	0.0	0.0	0.0	0.0	0.0	0.0	0.0	0.0	0.0	0.0	0.0	0.0	0.0	0.0	0.0	0.0	0.0
Sor-ACeb_021-Ex1-4G-lcwgs-1-2-L3-clmp.fp2_repr.R1	0.0	0.0	0.0	0.0	0.0	0.0	0.0	0.0	0.0	0.0	0.0	0.0	0.035161744022503515	0.035161744022503515	0.0	0.10548523206751054	0.21097046413502107	0.21097046413502107	0.24613220815752462	0.21097046413502107	0.42194092827004215	0.7032348804500703	1.160337552742616	1.7580872011251758	1.6174402250351618	1.3713080168776373	1.7932489451476792	2.2151898734177213	2.5668073136427565	3.551336146272855	4.113924050632911	4.113924050632911	4.430379746835443	4.430379746835443	3.9732770745428976	3.8677918424753868	4.0787623066104075	4.606188466947961	4.430379746835443	4.043600562587905	3.8677918424753868	3.6568213783403656	3.481012658227848	2.8129395218002813	2.250351617440225	2.0745428973277074	2.0042194092827006	1.969057665260197	1.89873417721519	1.7229254571026722	1.6877637130801686	1.5119549929676512	1.3713080168776373	1.1251758087201125	0.9845288326300985	0.9142053445850914	0.9845288326300985	1.0196905766526019	0.8438818565400843	0.6680731364275668	0.3867791842475387	0.31645569620253167	0.3867791842475387	0.42194092827004215	0.31645569620253167	0.17580872011251758	0.07032348804500703	0.07032348804500703	0.07032348804500703	0.0	0.035161744022503515	0.14064697609001406	0.14064697609001406	0.035161744022503515	0.0	0.035161744022503515	0.07032348804500703	0.07032348804500703	0.035161744022503515	0.035161744022503515	0.035161744022503515	0.0	0.0	0.0	0.0	0.0	0.0	0.0	0.0	0.0	0.0	0.0	0.0	0.0	0.0	0.0	0.0	0.0	0.0	0.0	0.0
Sor-ACeb_021-Ex1-4G-lcwgs-1-2-L3-clmp.fp2_repr.R2	0.0	0.0	0.0	0.0	0.0	0.0	0.0	0.0	0.0	0.0	0.0	0.0	0.0	0.0	0.0	0.0350385423966363	0.10511562718990891	0.1401541695865452	0.2803083391730904	0.35038542396636296	0.35038542396636296	0.7358093903293622	1.261387526278907	1.4716187806587244	1.5767344078486334	1.5767344078486334	1.8220042046250877	2.4176594253679045	2.55781359495445	3.328661527680449	4.204625087596356	4.16958654519972	4.239663629992992	4.204625087596356	4.029432375613175	3.9943938332165385	4.134548002803083	4.660126138752628	4.905395935529082	4.204625087596356	3.78416257883672	3.6790469516468116	3.2235459004905396	2.908199018920813	2.662929222144359	2.3826208829712687	2.0322354590049057	1.8570427470217241	1.751927119831815	1.5066573230553608	1.4716187806587244	1.296426068675543	1.156271899088998	1.1212333566923616	1.0161177295024528	0.94604064470918	0.9110021023125439	0.8759635599159075	0.9110021023125439	0.8058864751226349	0.42046250875963564	0.35038542396636296	0.42046250875963564	0.42046250875963564	0.31534688156972673	0.17519271198318148	0.0700770847932726	0.0700770847932726	0.10511562718990891	0.0350385423966363	0.0350385423966363	0.10511562718990891	0.10511562718990891	0.0350385423966363	0.0	0.0350385423966363	0.0700770847932726	0.0700770847932726	0.0350385423966363	0.0350385423966363	0.0350385423966363	0.0	0.0	0.0	0.0	0.0	0.0	0.0	0.0	0.0	0.0	0.0	0.0	0.0	0.0	0.0	0.0	0.0	0.0	0.0	0.0
Sor-ACeb_022-Ex1-5G-lcwgs-1-2-L2-clmp.fp2_repr.R1	0.0	0.0	0.0	0.0	0.0	0.0	0.0	0.0	0.0	0.001705378764623623	0.003410757529247246	0.01193765135236536	0.0375183328217197	0.08526893823118115	0.13813567993451345	0.20976158804870562	0.3427811316893482	0.506497493093216	0.6855622633786964	0.9618336232477234	1.2125243016473959	1.3370169514649204	1.5501892970428732	1.8946758074968448	2.1914117125413557	2.3534226951806	2.5989972372864014	2.827517991745967	3.023636549677683	3.1958798049046693	3.258978819195743	3.402230635424128	3.482383437361438	3.3919983628363863	3.405641392953375	3.5454824516525116	3.4960264674784267	3.310140182134452	3.105494730379617	2.8889116272724173	2.776356628807258	2.6808554179883353	2.6075241311095194	2.605818752344896	2.523960571642962	2.3687711040622124	2.145366485896518	1.9543640642586717	1.8025853542071695	1.664449674272656	1.5672430846891092	1.4256966472253487	1.2108189228827722	1.0283433950680445	0.9925304410109486	0.9976465773048193	0.8902077151335311	0.7435451413758996	0.7077321873188035	0.6906783996725673	0.6599815819093421	0.6463385517923531	0.6463385517923531	0.6446331730277295	0.6361062792046114	0.6957945359664381	0.6736246120263311	0.5661857498550428	0.5150243869163341	0.44851461509601276	0.37688870698182064	0.3410757529247246	0.3001466625737576	0.24386916334117806	0.18247552781472764	0.15860022510999694	0.12449264981752448	0.09209045328967563	0.0750366656434394	0.04263446911559057	0.028991438998601588	0.025580681469354345	0.01875916641085985	0.008526893823118114	0.005116136293870869	0.001705378764623623	0.0	0.0	0.0	0.0	0.0	0.0	0.0	0.0	0.0	0.0	0.0	0.0	0.0	0.0	0.0
Sor-ACeb_022-Ex1-5G-lcwgs-1-2-L2-clmp.fp2_repr.R2	0.0	0.0	0.0	0.0	0.0	0.0	0.0	0.0	0.0	0.0017044486108743822	0.011931140276120675	0.015340037497869441	0.03408897221748764	0.08181353332197035	0.13976478609169934	0.2471450485767854	0.3869098346684848	0.5386057610363048	0.6851883415715015	0.9357422873700357	1.1931140276120675	1.3448099539798875	1.5885461053349241	1.9175046872336798	2.135674109425601	2.2958922788477927	2.600988580194307	2.858360320436339	3.0611897051303902	3.1378898926197376	3.1736833134480995	3.4106016703596387	3.519686381455599	3.4140105675813874	3.412306118970513	3.4992329981251062	3.4498039884097498	3.2895858189875575	3.085051985682632	2.8822226009885803	2.815749105164479	2.73052667462076	2.6163286176921767	2.5703085051985686	2.5004261121527187	2.3436168399522757	2.1476052497017215	1.9737514913925347	1.779444349752855	1.627748423385035	1.5340037497869439	1.4198056928583602	1.222089653996932	1.0891426623487304	1.097664905403102	1.0533492415203682	0.9067666609851712	0.8147264359979547	0.7670018748934719	0.6971194818476223	0.6306459860235214	0.5829214249190388	0.5982614624169081	0.6272370888017726	0.628941537412647	0.6630305096301347	0.6050792568604056	0.5062212374296915	0.4653144707687063	0.43633884438384185	0.3920231805011079	0.3800920402249872	0.32895858189875576	0.2283961138571672	0.18578489858530764	0.17726265553093573	0.1431736833134481	0.11249360831770921	0.09715357081983979	0.051133458326231465	0.03238452360661326	0.0289756263848645	0.020453383330492587	0.013635588886995058	0.006817794443497529	0.0017044486108743822	0.0	0.0	0.0	0.0	0.0	0.0	0.0	0.0	0.0	0.0	0.0	0.0	0.0	0.0	0.0
Sor-ACeb_022-Ex1-5G-lcwgs-1-2-L3-clmp.fp2_repr.R1	0.0	0.0	0.0	0.0	0.0	0.00192285505518594	0.00384571011037188	0.00192285505518594	0.0	0.00384571011037188	0.00576856516555782	0.01345998538630158	0.0480713763796485	0.08460562242818136	0.1153713033111564	0.20382263584970964	0.3172710841056801	0.48455947390685694	0.672999269315079	0.8306733838403262	1.059493135407453	1.3267699880782988	1.603661116025074	1.9113179248548247	2.155520516863439	2.3901088335961234	2.542014382955813	2.578548629004346	2.834288351344076	3.1054109141252932	3.2034765219397765	3.3342306656924197	3.4515248240587626	3.499596200438411	3.586124677921778	3.4457562588932045	3.253470753374611	3.241933623043495	3.0804137984078763	2.886205437834096	2.8439026266200056	2.7842941199092412	2.626620005383994	2.4189516594239127	2.2593546898434793	2.1632119370841822	2.11706341575972	2.011306387724493	1.8324808675922006	1.7382609698880898	1.6613467676806524	1.5498211744798678	1.4248355958927816	1.2671614813675345	1.090258816290428	0.9748875129792716	0.9287389916548091	0.8537476445025574	0.7729877321847479	0.7633734569088182	0.7133792254739838	0.6883821097565666	0.6633849940391494	0.6018536322731993	0.6499250086528477	0.6460792985424759	0.5499365457831789	0.5557051109487366	0.5787793716109679	0.5268622851209476	0.4249509671960927	0.3653424604853286	0.34803676498865516	0.288428258277891	0.2499711571741722	0.21728262123601122	0.15190554935968925	0.11729415836634234	0.10191131792485482	0.07499134715225166	0.04999423143483444	0.02691997077260316	0.01345998538630158	0.01538284044148752	0.00769142022074376	0.00192285505518594	0.00384571011037188	0.00384571011037188	0.00192285505518594	0.0	0.0	0.0	0.0	0.0	0.0	0.0	0.0	0.0	0.0	0.0	0.0
Sor-ACeb_022-Ex1-5G-lcwgs-1-2-L3-clmp.fp2_repr.R2	0.0	0.0	0.0	0.0	0.0019230769230769232	0.0038461538461538464	0.0019230769230769232	0.0	0.0	0.007692307692307693	0.017307692307692305	0.019230769230769232	0.04230769230769231	0.10769230769230768	0.14615384615384616	0.17692307692307693	0.26153846153846155	0.4403846153846154	0.6403846153846154	0.8596153846153846	1.153846153846154	1.3211538461538461	1.5538461538461539	1.8673076923076923	2.1423076923076922	2.371153846153846	2.5134615384615384	2.6576923076923076	2.9000000000000004	3.1326923076923077	3.226923076923077	3.3423076923076924	3.4346153846153844	3.494230769230769	3.5423076923076926	3.4480769230769233	3.325	3.1865384615384613	3.036538461538462	2.8692307692307693	2.7576923076923077	2.730769230769231	2.6	2.4461538461538463	2.3807692307692307	2.2423076923076923	2.080769230769231	1.9961538461538462	1.8134615384615385	1.725	1.6115384615384616	1.501923076923077	1.4711538461538463	1.3288461538461538	1.153846153846154	1.0	0.9019230769230769	0.8365384615384615	0.7923076923076924	0.7519230769230769	0.7307692307692307	0.7384615384615384	0.7057692307692307	0.6346153846153846	0.6269230769230769	0.6788461538461539	0.6019230769230769	0.5615384615384615	0.551923076923077	0.4788461538461538	0.41923076923076924	0.36538461538461536	0.3403846153846154	0.27115384615384613	0.21538461538461537	0.17692307692307693	0.12307692307692308	0.09423076923076923	0.10192307692307692	0.08653846153846154	0.04807692307692308	0.025	0.017307692307692305	0.019230769230769232	0.009615384615384616	0.0019230769230769232	0.0038461538461538464	0.0019230769230769232	0.0	0.0	0.0	0.0	0.0	0.0	0.0	0.0	0.0	0.0	0.0	0.0	0.0
Sor-CPnd_001-Ex1-3E-lcwgs-1-2-L2-clmp.fp2_repr.R1	0.0	0.0	0.0	0.0	0.0	3.157454687367781e-05	0.00012629818749471125	0.000347320015610456	0.0005683418437262008	0.0010735345937050457	0.0024943892030205475	0.00448358565606225	0.008177807640282555	0.014619015202512829	0.0271856848582366	0.05320311148214712	0.09232397505863393	0.1458744065563915	0.22392668642812305	0.3369635642358897	0.4809119234329868	0.6444680762386379	0.8481870526676072	1.087016925220106	1.3442231840530858	1.6261207385412813	1.9314466068097458	2.2337097440314637	2.540298594174875	2.851244731786854	3.131437260743871	3.3979895854514592	3.651217451378355	3.859577886197755	4.040089570674571	4.180659453356185	4.235725463103879	4.234809801244542	4.214475793057894	4.136391938639289	4.010125325691451	3.854841704166703	3.663784121034079	3.451887336964827	3.2606087320040866	3.0435021477006785	2.797157532992244	2.5723151847047845	2.336548043199032	2.1069063637867735	1.8884104994209228	1.6727247697268295	1.4645853567355456	1.2890308761178968	1.1260430651559719	0.968454501709446	0.8288634299809163	0.7073961481578778	0.607210110927698	0.5129285139628961	0.43291861218499655	0.3692327511407884	0.3082623011277165	0.25322786592689606	0.19967743442913852	0.15462055604040026	0.12162515455740694	0.09661811343345413	0.0742949087937639	0.054750264278957336	0.041394230951391615	0.030374714092478057	0.024249251998984565	0.019765666342922313	0.015313655233733741	0.012661393296344803	0.01054589865580839	0.008714574937135077	0.007009549405956475	0.005083502046662128	0.003978392906083404	0.0031574546873677817	0.0021786437342837693	0.0012945564218207904	0.0009156618593366566	0.0009156618593366566	0.000852512765589301	0.0005999163905998784	0.0003788945624841338	0.0002841709218631004	0.0001894472812420669	0.00012629818749471125	6.314909374735562e-05	0.0	0.0	0.0	0.0	0.0	0.0	0.0	0.0
Sor-CPnd_001-Ex1-3E-lcwgs-1-2-L2-clmp.fp2_repr.R2	0.0	0.0	0.0	0.0	0.0	6.316074029440485e-05	0.0001579018507360121	0.0005052859223552388	0.0009474111044160727	0.001200054065593692	0.0021474651700097644	0.005116019963846793	0.009442530674013523	0.016137569145220437	0.030064512380136705	0.05286553962641686	0.08930928677628845	0.1447012560144815	0.22071520695879773	0.32717263472501706	0.47736887514511184	0.6527030902023796	0.8497014391806285	1.0757853090644505	1.3372391935131394	1.6204835333633978	1.9176863968187199	2.230868927568526	2.5421566361095005	2.8400226873379135	3.1272461538267198	3.413048503658902	3.657291086377365	3.839257179165546	4.017844172347975	4.166271912039827	4.2393804689306	4.260128772117312	4.23600136932485	4.137154810764105	4.0018329246833435	3.8689427271039163	3.690924180584136	3.472166956574465	3.2622838165761574	3.034810410405858	2.788894068069593	2.556304641935447	2.3293681020576504	2.112442539516517	1.890085153310065	1.6692436248706781	1.4636554152123906	1.2920476838324928	1.1231874446554013	0.9696121046295559	0.8385535685186659	0.7170007238220838	0.6162277626823609	0.5218340363123728	0.4379565732014032	0.3636795426151831	0.3011819900938695	0.2513165856314369	0.20094589524664902	0.1565123144495352	0.1225318361711454	0.09638328968926178	0.07405596799518968	0.05289711999656405	0.04026497193768309	0.03135930755617201	0.023937920571579435	0.01929560615994068	0.014969095449773949	0.0117478976947593	0.009347789563571917	0.007705610315917391	0.006726618841354116	0.0049581181131107795	0.003821224787811493	0.002779072572953813	0.0020527240595681574	0.0014842773969185139	0.0009158307342688703	0.000978991474563275	0.000821089623827263	0.0005052859223552388	0.00047370555220803634	0.0004105448119136315	0.0002526429611776194	9.474111044160725e-05	3.1580370147202425e-05	0.0	0.0	0.0	0.0	0.0	0.0	0.0	0.0
Sor-CPnd_001-Ex1-3E-lcwgs-1-2-L3-clmp.fp2_repr.R1	0.0	0.0	0.0	0.0	0.0	0.0	0.00014815956192180732	0.0004444786857654219	0.0008148775905699402	0.0011852764953744585	0.0020371939764248503	0.004000308171888798	0.0075561376580121735	0.016149392249476997	0.030891268660696823	0.053522641744252884	0.09178484861055963	0.14867812038853362	0.22672116963084565	0.33565548753385444	0.4752588347546774	0.646642408007728	0.8551399515221914	1.0958992396451281	1.3432516282735856	1.6041976567083684	1.9165920930204992	2.237876103047938	2.545159034473767	2.823550851324843	3.096979322851538	3.3579623911768017	3.5892765072272237	3.799737164937151	3.9940854702880815	4.143615508157666	4.205583244931462	4.215435855799261	4.189322733010543	4.114428074459069	3.9920482763116563	3.85048181489537	3.6673565963600154	3.472008213966113	3.2700296911762092	3.0570132810231305	2.8231804524200386	2.5833471615591126	2.3610707787859213	2.1237932403681468	1.9098878728435373	1.707205592134505	1.5052270693446013	1.3160273087704535	1.1363468000497816	0.982186775870141	0.8441391040494971	0.7302044009316273	0.6346044436015812	0.5395600846287417	0.45051618791373554	0.3723620189999822	0.3068014128495825	0.2522046142813965	0.20605291074275353	0.16501271209041288	0.12745426314323474	0.09904466714472819	0.07867272738047969	0.06033798159265603	0.046892501348252014	0.03678061124708867	0.026187202569679442	0.01985338129752218	0.01633459170187926	0.013075081339599497	0.010482289005967867	0.00788949667233624	0.00629678138167681	0.005593023462548226	0.005037425105341448	0.003185430581318857	0.0018890344145030434	0.0018149546335421397	0.001481595619218073	0.0013334360572962657	0.0010741568239331029	0.0005926382476872293	0.00033335901432406643	0.00011111967144135547	0.0	0.0	0.0	0.0	0.0	0.0	0.0	0.0	0.0	0.0	0.0
Sor-CPnd_001-Ex1-3E-lcwgs-1-2-L3-clmp.fp2_repr.R2	0.0	7.411211829479873e-05	0.00014822423658959746	0.00014822423658959746	7.411211829479873e-05	3.7056059147399366e-05	0.0001111681774421981	0.0004446727097687924	0.0008893454195375848	0.0012969620701589778	0.0019639711348121668	0.0038908862104769333	0.007892940598396066	0.01526709636872854	0.028496109484350114	0.052656660048454505	0.09008327978732787	0.14511152762121593	0.2272277546918529	0.3386182684889354	0.4763926963989663	0.642922626207379	0.8469162318138126	1.0844455709486425	1.340947612366941	1.6046385292598349	1.9004941054926714	2.2215107458865924	2.534004492676611	2.8131848422931176	3.0764681425353904	3.337898639820293	3.5840620407364665	3.8170705406553145	4.007798077086979	4.130083072273397	4.207085563181693	4.233802981826967	4.194782951544756	4.120374384776778	4.005315321124103	3.852051460490459	3.676739244664113	3.475006058665671	3.2646758669450318	3.06279445671	2.835196141426673	2.5940723645545454	2.3649176947870276	2.12664723446925	1.9106104096399112	1.7035040950650966	1.4995846015769576	1.3166017815070996	1.140251996024626	0.9862840702671816	0.852993425513986	0.7378231936838688	0.6362154795016998	0.5391286045355134	0.4494529413988069	0.374303253447881	0.3118637937845131	0.25539035964387646	0.20477178284852893	0.16575175256631738	0.12802868435426482	0.09886556580526151	0.07826239691930746	0.0589561901035124	0.04632007393424921	0.035536760722355995	0.02638391411294835	0.020973729477428045	0.01686050691206671	0.012710228287557985	0.010449808679566623	0.008411725426459658	0.0061142497593208965	0.004928455866604116	0.004446727097687924	0.003149765027528946	0.0022604196079913613	0.002075139312254365	0.0013710741884537766	0.0009634575378323836	0.0008152333012427861	0.0005187848280635912	0.00018528029573699684	3.7056059147399366e-05	7.411211829479873e-05	3.7056059147399366e-05	0.0	0.0	0.0	0.0	0.0	0.0	0.0	0.0	0.0
Sor-CPnd_002-Ex1-5E-lcwgs-1-2-L2-clmp.fp2_repr.R1	0.0	0.0	0.0	0.0	0.0	0.0	0.0	0.00015889712682215282	0.0006355885072886113	0.0011652455966957873	0.0020656626486879864	0.0038664967526723846	0.007203336415937593	0.014194809996112317	0.027012511559765976	0.05142970338143679	0.08718155691642117	0.13707525473857715	0.21085648729299677	0.3132921683843446	0.4391386928274896	0.5874426778614988	0.7693269223639231	0.9850032891705253	1.2241434650378653	1.4651374407181303	1.7222329919163737	2.0009385523624292	2.2853114436651425	2.5510933711296633	2.8197884125859236	3.0769898952020482	3.2865752054804678	3.468565381400773	3.6657567157870647	3.8296855849585856	3.9248649639250557	3.98720560334828	3.9874174661840427	3.9593986061544038	3.9034668175130056	3.7916562059391508	3.648436928963451	3.4990206640416863	3.329053704050924	3.145474556862396	2.956439941652975	2.7717485145766925	2.575033871570868	2.344262277716161	2.1320816476996463	1.9379623244319164	1.7469679779916887	1.5716514813979134	1.4003603786836327	1.2391327606680884	1.0884982844406874	0.9498870241428296	0.8381293782779153	0.732409823232243	0.6278025480743257	0.5338413804134927	0.45290977715207625	0.3824653842609218	0.3162582480850248	0.2560362370194289	0.20126969397472688	0.15942678391155998	0.12918336410641024	0.10418354948639151	0.08172608889552725	0.0610694624086474	0.045497543980076424	0.03527516215451792	0.02695954585082526	0.020126969397472688	0.015571918428570976	0.012764735854712942	0.010540176079202802	0.008527479139455535	0.006991473580174723	0.005455468020893913	0.004184291006316691	0.0030190454096209033	0.0018537998129251163	0.001059314178814352	0.0008474513430514816	0.000794485634110764	0.0004237256715257408	0.0001059314178814352	0.0	0.0	0.0	0.0	0.0	0.0	0.0	0.0	0.0	0.0	0.0
Sor-CPnd_002-Ex1-5E-lcwgs-1-2-L2-clmp.fp2_repr.R2	0.0	0.0	0.0	0.0	5.301602886616739e-05	0.00015904808659850217	0.00015904808659850217	0.0003711122020631718	0.001060320577323348	0.001855561010315859	0.0029158815876392068	0.0046123945113565636	0.0073162119835311	0.013413055303140351	0.02613690223102053	0.04935792287440185	0.08297008517555197	0.13365340877160803	0.2076637850687777	0.3073339193371724	0.434201276413911	0.5861982311732129	0.7647562163944647	0.9855149605931858	1.2198458081816457	1.458152857935068	1.7207942649380612	1.9967957112153287	2.2782578084658116	2.557440216475049	2.836728656542019	3.067401398138713	3.2563505250177336	3.4452996518967542	3.65036565155109	3.8170480463063203	3.922762007865458	3.994969839181178	4.015805138525582	3.9804964633007147	3.9002832116262027	3.8022035582237934	3.662506322161442	3.5007544180907657	3.3295656608819115	3.1603915127699707	2.96645887917753	2.761710975696392	2.577109163184397	2.363666630969207	2.1426958226550217	1.9315859957099428	1.7470902152556804	1.5752652657004318	1.3977145850276371	1.2373941137363471	1.0889492329110784	0.952645022696162	0.8403570735576195	0.7350142242005449	0.6300955030743995	0.5329171221627147	0.4514845018242815	0.3824576322405316	0.3160285480712238	0.25596138736585616	0.19976439676771873	0.15814681410777737	0.12946514249118077	0.10279807997149858	0.08010721961677894	0.060385256878564664	0.045646800853770125	0.03514962713826898	0.026401982375351365	0.020782283315537622	0.01627592086191339	0.012511782812415505	0.010709237830965815	0.00874764476291762	0.006786051694869426	0.0049304906845535675	0.003393025847434713	0.00265080144330837	0.0016965129237173566	0.0009012724907248457	0.0006892083752601762	0.0007422244041263436	0.000530160288661674	0.00021206411546466957	5.301602886616739e-05	0.0	0.0	0.0	0.0	0.0	0.0	0.0	0.0	0.0	0.0
Sor-CPnd_002-Ex1-5E-lcwgs-1-2-L3-clmp.fp2_repr.R1	0.0	0.0	0.0	0.0	0.0	0.0	5.796718361801017e-05	0.0001739015508540305	0.0006376390197981119	0.000985442121506173	0.0013332452232142338	0.0038838013024066814	0.007999471339285403	0.014086025619176473	0.025215724873834423	0.046547648445262164	0.08022658212732608	0.12909291791730865	0.20311701139750765	0.3072840403590719	0.43295689444291796	0.5850627842565767	0.7622684645768337	0.9611538715702266	1.1949355231016616	1.4435567736393073	1.703945362451409	2.0032299314711954	2.3047752206520844	2.5800613756540147	2.855057694737855	3.100896520461836	3.328359748978908	3.549156751379909	3.7210874179909275	3.8663531801376605	3.9571297896834645	3.976432861828262	3.991388395201709	3.983099087944333	3.9105821412382022	3.812907436841855	3.6929153667525743	3.5333896774358102	3.366849958901267	3.1704571408034483	2.9536019068884722	2.7394711306035426	2.534904939615585	2.338512121517766	2.1298882276765476	1.9239308242817574	1.721219583169576	1.5360723986936515	1.3660546491420278	1.2097171549242542	1.0781316481113712	0.9567483656152578	0.8346115097321104	0.7071416729561061	0.598453203672337	0.5155021639149645	0.4416519719856195	0.3770185622515382	0.30937085896932026	0.24166518850348442	0.18758180618788092	0.15065671022320845	0.1201659716401351	0.09303732970690633	0.07216914360442267	0.05483695570263762	0.044286928284159775	0.0381424068206507	0.028925624625387076	0.0205203830007756	0.016694548881986928	0.01397009125194045	0.010839863336567902	0.008463208808229485	0.006782160483307191	0.004173637220496732	0.0019129170593943357	0.0012173108559782135	0.0005796718361801016	0.0002898359180900508	0.0007535733870341322	0.0007535733870341322	0.0002898359180900508	5.796718361801017e-05	5.796718361801017e-05	0.0001739015508540305	0.0001739015508540305	0.00011593436723602034	5.796718361801017e-05	0.0	0.0	0.0	0.0	0.0	0.0
Sor-CPnd_002-Ex1-5E-lcwgs-1-2-L3-clmp.fp2_repr.R2	0.0	0.0	0.0	0.0	0.0	5.802900986261052e-05	0.00011605801972522104	0.00011605801972522104	0.00040620306903827363	0.0012186092071148208	0.002147073364916589	0.004120059700245347	0.007427713262414147	0.013694846327576081	0.02605502542831212	0.046481236899951026	0.07868733737369986	0.12818608278650664	0.20002599699641843	0.30854024543950015	0.44281937426158086	0.5796517795176165	0.744047964458392	0.9508053265988734	1.1860549325818963	1.4435876783521617	1.7149313284697285	1.993180430760946	2.3014305311511327	2.6000478159041265	2.854330937122086	3.0791933503397018	3.3123539119676706	3.549924678345198	3.7150172114043247	3.836994190135533	3.9326259983891143	3.9782368001411266	4.009978668535974	3.994368864882932	3.907267321079154	3.820804096383864	3.7066030049742467	3.542322878053197	3.3692803706428918	3.1713434180015274	2.9630192725947557	2.75504330124716	2.5481118520770902	2.3388592425125165	2.1385431004667854	1.9299868390205632	1.7258988113337619	1.535041397895636	1.354745264252505	1.2112395228622694	1.0856067165097176	0.9607282872853797	0.8340509587553009	0.709346616560551	0.602805354452798	0.5202881024281658	0.4455467377251236	0.37881337638312146	0.30854024543950015	0.24012404281148234	0.18621509264911715	0.14716156901158028	0.11623210675480887	0.09174386459278723	0.07108553708169789	0.05396697917222778	0.04294146729833178	0.036616305223307236	0.02831815681295393	0.019439718303974524	0.015145571574141346	0.01357878830785086	0.010967482864033387	0.008414206430078525	0.006383191084887156	0.0035397696016192413	0.0018569283156035367	0.001450725246565263	0.0009284641578017683	0.0005802900986261051	0.0006963481183513262	0.0006383191084887157	0.00029014504931305256	0.00011605801972522104	0.00017408702958783155	0.00029014504931305256	0.00023211603945044208	0.00011605801972522104	5.802900986261052e-05	0.0	0.0	0.0	0.0	0.0	0.0
Sor-CPnd_003-Ex1-2B-lcwgs-1-2-L2-clmp.fp2_repr.R1	0.0	0.0	0.0	0.0	0.0	0.0	8.831425745372333e-05	0.00035325702981489333	0.0006181998021760633	0.00052988554472234	0.0011480853468984033	0.002737741981065423	0.0052988554472234	0.01165748198389148	0.020842164759078706	0.03850501624982337	0.06994489190334888	0.1143669634025717	0.1722128020347605	0.255669775328529	0.37807333615938954	0.5353610286844709	0.7183481701285857	0.9319803589091423	1.1686625688851209	1.4331637699590223	1.7301646177758936	2.0178924685601243	2.3060618906316237	2.6033276812208563	2.896795958739579	3.1545852762469977	3.402395082662145	3.666454712448778	3.868164476473082	3.9914511798784793	4.091687862088456	4.152624699731525	4.150063586265366	4.118623710611842	4.0488554472234	3.9237141444114743	3.7804684188215343	3.589444679949131	3.3808464038434365	3.1794015825914936	2.9671824219301963	2.7728910555320048	2.558464038434365	2.330789882718666	2.1168044369082946	1.8793273986152326	1.6392892468560123	1.4458810230323584	1.2868270453582025	1.1290977815458527	0.9722516603080402	0.8405751024445386	0.7274445386463191	0.6221739437614808	0.5224671470962272	0.440158259149357	0.3691535961565635	0.30238801752154865	0.24807474918750883	0.19950190758796102	0.15578635014836795	0.12434647449484244	0.09811714003108661	0.07497880457821111	0.05828740991945739	0.04857284159954783	0.03612053129857284	0.02516956337431115	0.019782393669634024	0.01722128020347605	0.014925109509679244	0.011569167726437755	0.007771654655927653	0.0061819980217606325	0.0052988554472234	0.0033559417832414863	0.002472799208704253	0.00238448495125053	0.0018545994065281898	0.0011480853468984033	0.0007065140596297867	0.00035325702981489333	0.00017662851490744667	8.831425745372333e-05	0.0	0.0	0.0	0.0	0.0	0.0	0.0	0.0	0.0	0.0	0.0
Sor-CPnd_003-Ex1-2B-lcwgs-1-2-L2-clmp.fp2_repr.R2	0.0	0.0	0.0	0.0	8.846692133344422e-05	0.00017693384266688844	0.00017693384266688844	0.00017693384266688844	0.0002654007640003326	0.001238536898668219	0.0023001399546695497	0.002919408404003659	0.005131081437339764	0.009819828268012308	0.019816590378691504	0.037244573881380014	0.06705792637075071	0.11058365166680525	0.168087150533544	0.25053832121631403	0.3723572718924667	0.5311553956859991	0.7242786849569077	0.9339452885171705	1.1596244048387867	1.409808858369767	1.7053768425448042	2.0067836435278483	2.285631379570865	2.5882767174525774	2.8839331685489475	3.1400449058092685	3.400491522214929	3.6692540292259324	3.8530882917568294	3.983753934566326	4.123089335666501	4.187670188239915	4.173161613141231	4.152548820470538	4.0743440620117735	3.931027649451593	3.7623212304687152	3.5884837300484973	3.4080112105282714	3.1990523423386765	2.9731962921743933	2.770341641556805	2.564390648692547	2.3383576646855975	2.1171018944306534	1.8609016902489992	1.6306222940180435	1.450857509868485	1.2942710591082889	1.1340574645734214	0.968712788601214	0.8376048111850498	0.7298521010009148	0.6262573361194516	0.5230164389233222	0.436938124465881	0.36731465737646035	0.30220300327504546	0.2477073797336438	0.1996698414495836	0.1536670423561926	0.12341135526015468	0.1000560880281254	0.07360447854942559	0.0558226273614033	0.04671053446405855	0.03547523545471113	0.024151469524030272	0.017958785030689175	0.015216310469352403	0.013181571278683189	0.01070449748134675	0.0084043575266772	0.007519688313342758	0.006015750650674207	0.0038040776173381007	0.0023001399546695497	0.0019462722693357728	0.0015924045840019956	0.0008846692133344422	0.0005308015280006652	0.0002654007640003326	0.00017693384266688844	8.846692133344422e-05	0.0	0.0	0.0	0.0	0.0	0.0	0.0	0.0	0.0	0.0	0.0
Sor-CPnd_003-Ex1-2B-lcwgs-1-2-L3-clmp.fp2_repr.R1	0.0	0.0	0.0	0.0	0.00015556430172629707	0.00031112860345259414	0.0004666929051788912	0.0003889107543157427	0.00031112860345259414	0.0007000393577683367	0.0015556430172629708	0.002489028827620753	0.0047447112026520605	0.011900669082061725	0.021934566543407884	0.03507975003927999	0.057636573789593054	0.09567204556167268	0.16544263488591693	0.256058840641485	0.3663539305654296	0.5173290853908008	0.7010505257295576	0.9105956401548798	1.1564650190332924	1.433291693955238	1.714551951476383	1.9890451618724343	2.29799586510086	2.6139469619069695	2.8835398967986423	3.171489419294018	3.4418601756943223	3.683062625520946	3.889885364666058	4.04607192359926	4.152555688130911	4.186935398812422	4.157844874389605	4.104719665350074	4.038760401418124	3.9115865847568765	3.7678451699617774	3.606602771222471	3.4036691396205168	3.193890678742605	2.990879264989787	2.773944846232466	2.5376426719102207	2.2972180435922285	2.065505016170909	1.8505151511851665	1.652870705841906	1.4686825725979706	1.2886946755006448	1.1186628937138021	0.9754659539747458	0.8570037382101705	0.7332523361869012	0.6178236243059887	0.5260406862874735	0.44063588463973646	0.36892074154391347	0.3047504670818159	0.24641385393445453	0.19531098081736595	0.150819590523645	0.11846221576457522	0.09427196684613601	0.07467086482862259	0.057169880884414166	0.042935747276457985	0.033601889172880164	0.026757059896923095	0.022556823750313072	0.01804545900025046	0.013145183495872102	0.010111679612209308	0.008400472293220041	0.006067007767325585	0.004433582599199466	0.0030335038836627926	0.0020223359224418617	0.0020223359224418617	0.0017112073189892675	0.0009333858103577824	0.0007778215086314854	0.0010111679612209309	0.0007778215086314854	0.0002333464525894456	0.0	0.0	0.0	0.0	0.0	0.0	0.0	0.0	0.0	0.0	0.0
Sor-CPnd_003-Ex1-2B-lcwgs-1-2-L3-clmp.fp2_repr.R2	0.0	0.0	0.0	0.0	0.0	0.0	7.784548605164581e-05	0.00023353645815493744	0.0004670729163098749	0.0009341458326197498	0.0022575190954977286	0.003580892358375707	0.006149793398080019	0.010742677075127122	0.019072144082653224	0.03440770483482745	0.056982895789804734	0.09831884888322866	0.16285275682004302	0.24824925501869846	0.366807930275355	0.5167383364108249	0.6906451522502016	0.8988039819523026	1.146196936624433	1.4160872367654889	1.6907261115556953	1.9749399811302544	2.2665491718797193	2.602608135164674	2.9100199595826237	3.1771078222258207	3.4431058480642944	3.666989465948828	3.862225944966355	4.019785208734886	4.149397943010877	4.2027221009562545	4.191123123534559	4.131649172191102	4.055049213916282	3.931897654982578	3.760404049210803	3.5998866569723087	3.4055843237874006	3.198748867348178	2.9920691018810586	2.769431011773351	2.53332565257871	2.2944178558862083	2.073414520985586	1.8675910558650346	1.6652706376168072	1.475405497136843	1.2924686049154754	1.1218312994902677	0.9757153221713286	0.8584021746914984	0.7415561001279779	0.6292250637554531	0.5329301975095673	0.43998268716390215	0.3696103677732143	0.310992716776325	0.2528421386957456	0.19702692519671552	0.14915195127495337	0.11630115616115884	0.0919355190269937	0.07395321174906351	0.05744996870611461	0.0436713176749733	0.03417416837667251	0.02911421178331553	0.022730881927080573	0.016114015612690682	0.012299586796160038	0.009030076381990914	0.007940239577267872	0.006305484370183311	0.004670729163098748	0.0029581284699625406	0.002023982637342791	0.002023982637342791	0.0014790642349812703	0.000778454860516458	0.000778454860516458	0.0009341458326197498	0.0004670729163098749	7.784548605164581e-05	0.0	0.0	0.0	0.0	0.0	0.0	0.0	0.0	0.0	0.0	0.0
Sor-CPnd_004-Ex1-1G-lcwgs-1-2-L2-clmp.fp2_repr.R1	0.0	0.0	0.0	2.3215419124212242e-05	2.3215419124212242e-05	2.3215419124212242e-05	6.964625737263673e-05	0.0002553696103663347	0.0005571700589810938	0.0011607709562106122	0.0023215419124212244	0.004109129184985566	0.007336072443251069	0.014045328570148409	0.028415673008035786	0.054161572816787164	0.09413852454868064	0.14908942161569103	0.22850937043962113	0.3401523210079578	0.47963055910622493	0.6475941164699005	0.8481289068648458	1.0836261184608549	1.3465871708808068	1.6252418466287264	1.9210062862711905	2.2246407529967627	2.523214258353256	2.8211377319742716	3.117691495866959	3.393003151260992	3.6279896236362683	3.819052523028535	3.9762673413377003	4.101352019578956	4.164126512890825	4.168351719171432	4.136360871618268	4.051903176844384	3.9293489792876675	3.7811185281795723	3.5982971025764003	3.409277160067065	3.223344868301249	3.0128506631020167	2.7783052836901003	2.554949736296054	2.3474967510020934	2.1287146411755176	1.9147845539459016	1.7107674506823243	1.5202385059299144	1.3471907717780365	1.1781825205537713	1.0286520059747202	0.8960687473563442	0.7760450304841668	0.6760794357353089	0.5887198135708983	0.5031013478408035	0.4222884738694207	0.35185289224656074	0.2884747980374613	0.23229348375686773	0.18414470449325152	0.14101045576046517	0.10853208440569223	0.0832504929794251	0.06344774046647206	0.05019173614654687	0.03863045742268917	0.02936750519212849	0.02309934202859118	0.017574072277028667	0.013116711805179917	0.010423723186771297	0.009054013458442775	0.007684303730114252	0.005687777685431999	0.004085913765861355	0.003064435324396016	0.0024376190080422854	0.0017411564343159183	0.0012304172135832489	0.0008589705075958531	0.0005803854781053061	0.0004410929633600326	0.00034823128686318366	0.00020893877211791017	4.6430838248424484e-05	0.0	0.0	0.0	0.0	0.0	0.0	0.0	0.0	0.0	0.0
Sor-CPnd_004-Ex1-1G-lcwgs-1-2-L2-clmp.fp2_repr.R2	0.0	0.0	0.0	2.3211388435622055e-05	6.963416530686615e-05	9.284555374248822e-05	6.963416530686615e-05	0.00023211388435622054	0.0006963416530686616	0.001346260529266079	0.0025300413394828036	0.004503009356510678	0.0076829695721909	0.014623174714441892	0.028944601379220704	0.053038022575396394	0.09117433377512342	0.14709056851653696	0.22800546860311544	0.3392112305981807	0.4781778131622499	0.6490832662137351	0.8502331583968358	1.0850395638115886	1.3447982117946349	1.6186229611696683	1.9113649921197338	2.2061264138636982	2.5170429619588557	2.811874017868127	3.1016449910984325	3.3839651086409037	3.6156611880052827	3.8065052237229677	3.971120390508399	4.098249164970301	4.161198450407708	4.173500486278588	4.135294540913554	4.045466467667697	3.9277150941337857	3.791626723735734	3.6171467168651628	3.420360565707959	3.2248742523031497	3.026579360897631	2.7901017355155133	2.5558524034232155	2.349572794395842	2.133358711118023	1.9274736956940552	1.7194300211455749	1.5210190727978774	1.352968620523974	1.1858234123990594	1.0291465404586106	0.9007411396327494	0.786355417422004	0.6793741281222219	0.5852055252389032	0.498255664159063	0.4212170659412334	0.35139720952688225	0.2877515824364066	0.2356420153984351	0.18729269328703435	0.14103239613483962	0.10579750848956533	0.081680875904954	0.06455087123946493	0.049788428194409304	0.037439969546658375	0.029153503875141297	0.022422201228810903	0.016572931343034145	0.013276914185175815	0.010862929787871121	0.008866750382407624	0.0073347987456565695	0.0055243104476780484	0.0040852043646694815	0.003226382992551466	0.002506829951047182	0.0017176427442360319	0.0012302035870879688	0.0009052441489892602	0.0005802847108905514	0.0003017480496630867	0.00023211388435622054	0.00020890249592059846	9.284555374248822e-05	2.3211388435622055e-05	0.0	0.0	0.0	0.0	0.0	0.0	0.0	0.0	0.0
Sor-CPnd_004-Ex1-1G-lcwgs-1-2-L3-clmp.fp2_repr.R1	0.0	0.0	0.0	0.0	2.7899170167082548e-05	0.0001673950210024953	0.0003347900420049906	0.0004184875525062383	0.0005858825735087336	0.0010601684663491368	0.002231933613366604	0.004519665567067373	0.008174456858955188	0.014563366827217091	0.027927069337249633	0.050106909620080256	0.08718490677213298	0.14287165042562974	0.22115672191446337	0.33029827560809033	0.47021261399600933	0.6426573847987466	0.8450100660205964	1.0755130099410324	1.3303161310769973	1.6041464862669126	1.8991802107838105	2.2105070506782845	2.519992545341731	2.823312323398253	3.1073816740394875	3.361180425049437	3.603428919610215	3.8087668120399423	3.969187040500667	4.089571959771629	4.15870610344566	4.170786444128006	4.136554162332995	4.064379009110753	3.951722159976074	3.797746639823945	3.610041022939814	3.413407671602216	3.208655661745997	3.011492226175225	2.8022205507519384	2.5782181134804327	2.3660449243597697	2.136518451395182	1.9166729904785713	1.7227737578173474	1.5280654492212784	1.354923199164364	1.1843755719329885	1.0309301360140344	0.9068904254511854	0.7885700447725883	0.6845061400493704	0.5887840872061101	0.5013480879024734	0.4215564612246174	0.35247811589092093	0.2904303614393294	0.23491101280683507	0.1897701554764955	0.14730761848219587	0.11282424415568182	0.08788238602631004	0.06776708433584352	0.05236674240361394	0.04025850255110012	0.03066118801362372	0.02287731953700769	0.018887738203114887	0.015121350230558743	0.011215466407167186	0.008899835283299334	0.007225885073274381	0.005635632373750675	0.003989581333892805	0.003124707058713245	0.0023993286343690994	0.0015902526995237056	0.0010601684663491368	0.0011717651470174672	0.0011438659768503846	0.0006695800840099812	0.00030689087183790806	0.00011159668066833019	2.7899170167082548e-05	0.0	0.0	0.0	0.0	0.0	0.0	0.0	0.0	0.0	0.0
Sor-CPnd_004-Ex1-1G-lcwgs-1-2-L3-clmp.fp2_repr.R2	0.0	0.0	0.0	0.0	0.0	8.369260709724468e-05	0.00022318028559265246	0.0003905654997871418	0.0006974383924770389	0.0011437989636623438	0.002343392998722851	0.004491503247552131	0.00839715824542355	0.01520415695599945	0.027841740627683395	0.049657613544365174	0.0874308768809216	0.14269589510080216	0.2218969989504947	0.3320922649618669	0.47227738184975165	0.6403879319724171	0.840134287577841	1.073385583557862	1.3256908964203558	1.6021554751982539	1.8972835053588377	2.1986884810517147	2.5087974878827057	2.806296808577711	3.088285099424027	3.3438265264276144	3.575794535765478	3.791860949754864	3.973083341656098	4.0912015078060096	4.156091175842073	4.187336415825045	4.154277836021633	4.056413280789255	3.9441256996004515	3.816996629419737	3.62584271480963	3.4076839856428123	3.2067101384666286	3.0156678139993183	2.8074406075413734	2.574691467203936	2.36467881846125	2.146854859722821	1.9290030034486934	1.732241684163071	1.5373216022335883	1.3671466344691907	1.1910573891365879	1.034691701543236	0.9162666625006347	0.7978416234580334	0.6839917802700817	0.5850113236097403	0.49925429887076356	0.4240704401617387	0.3534896748430624	0.2901343712704482	0.2371848485135914	0.1901496033249399	0.14665734517007176	0.11396143333074817	0.08857467584458394	0.06773521667737002	0.052810035078361385	0.040339836620871934	0.03046410898339706	0.022820184201848715	0.01793811545450944	0.014060357992337104	0.010963731529739052	0.008843518816608853	0.007085974067566715	0.0056074046755153935	0.004156732819163152	0.0028734461770054003	0.002008622570333872	0.0013948767849540778	0.0009764137494678545	0.0010880038922641807	0.0010880038922641807	0.0006695408567779574	0.0003347704283889787	0.00011159014279632623	2.7897535699081558e-05	0.0	0.0	0.0	0.0	0.0	0.0	0.0	0.0	0.0	0.0
Sor-CPnd_005-Ex1-3D-lcwgs-1-2-L2-clmp.fp2_repr.R1	0.0	0.0	0.0	0.0	3.4402091647172145e-05	0.00010320627494151644	0.00017201045823586074	0.00037842300811889365	0.0008600522911793038	0.0014792899408284023	0.002270538048713362	0.0042314572726021744	0.007946883170496766	0.014655291041695336	0.02838172560891702	0.04891977432227879	0.08194578230356406	0.13282647584973167	0.2039355992844365	0.3053185633686528	0.4380074308517958	0.6016925829090408	0.7988853722306316	1.0327507912481078	1.3005022705380487	1.5832186596945095	1.887298747763864	2.221687078574377	2.54245218109261	2.840167882207238	3.1380555937801016	3.418673455346085	3.6686734553460854	3.8951424246594195	4.0877253337002895	4.216113939727535	4.286535021329297	4.300639878904637	4.247213430576579	4.165130039906426	4.038943167744599	3.86363010871061	3.670634374569974	3.470448603275079	3.256742809962846	3.0226021742121922	2.8053529654603	2.5819801843952113	2.343160864180542	2.1048231732489335	1.8728154671804047	1.6656460712811338	1.4765033714049813	1.2936218522086143	1.1178615659832116	0.9596119444062199	0.8264070455483694	0.7116760699050502	0.6112907664786018	0.5255951561854961	0.44333975505710743	0.36541901747626254	0.30528416127700564	0.2504816292830604	0.1979840374294757	0.15794000275216732	0.1271157286363011	0.09825237374432366	0.071143525526352	0.05349525251135269	0.0410072932434292	0.031374707582220995	0.024907114352552634	0.02108848217971653	0.016857024907114354	0.013726434567221687	0.011971927893215908	0.010527040044034678	0.008256501995321316	0.006157974404843815	0.005160313747075822	0.004093848906013485	0.0028897756983624606	0.002304940140360534	0.002064125498830329	0.0014448878491812303	0.0009288564744736479	0.000688041832943443	0.00041282509976606576	0.00024081464153020505	6.880418329434429e-05	0.0	0.0	0.0	0.0	0.0	0.0	0.0	0.0	0.0	0.0
Sor-CPnd_005-Ex1-3D-lcwgs-1-2-L2-clmp.fp2_repr.R2	0.0	0.0	0.0	0.0	6.878804408763321e-05	0.00017197011021908304	0.00020636413226289964	0.0005503043527010657	0.0009286385951830484	0.0014445489258402976	0.002648339697373879	0.004471222865696159	0.007979413114165453	0.014135943060008626	0.026999307304396036	0.04684465802367822	0.07790245992924462	0.12708591145190237	0.19869426534712856	0.301566785280184	0.43539392505267444	0.5986623476946719	0.7956369119396097	1.0272462563826708	1.2842039950720245	1.5627611796048952	1.8730984405062525	2.202352413531709	2.5138934652045997	2.8123303944787965	3.11695824772088	3.409892133468066	3.672765643948957	3.88934480075887	4.054883228855759	4.197343268161247	4.29622608153722	4.300387758204522	4.265787372028443	4.17969913485277	4.054160954392839	3.88483918387113	3.682636728275532	3.4865908026257775	3.271490588763748	3.044180497076164	2.8108858455529564	2.5838853000637667	2.3577446051256725	2.124897075889034	1.8813873998188124	1.6722029577483195	1.4909120675553622	1.3078670822381704	1.1288461975001047	0.9702209678340228	0.829136689410287	0.7041832073251012	0.6120760162917603	0.5308717302463094	0.4411721207560356	0.361584353746644	0.3033896684485063	0.25093878483168597	0.19714653435515678	0.15872841173221364	0.12639803101102604	0.09637204976677413	0.07453184576895058	0.056303014085727784	0.040412975901484516	0.030163557332427166	0.025520364356511924	0.021668233887604464	0.01623397840468144	0.013551244685263742	0.012003513693291995	0.009355173995918118	0.007497896805552021	0.006053347879711723	0.005124709284528675	0.004505616887739976	0.0037489484027760107	0.0027515217635053287	0.0018916712124099134	0.001135002727445948	0.0010318206613144983	0.0007222744629201488	0.0003095461983943495	0.00013757608817526642	3.4394022043816604e-05	0.0	0.0	0.0	0.0	0.0	0.0	0.0	0.0	0.0	0.0
Sor-CPnd_005-Ex1-3D-lcwgs-1-2-L3-clmp.fp2_repr.R1	0.0	0.0	0.0	0.0	8.592069176467353e-05	0.0002577620752940206	0.0003866431129410309	0.0007732862258820618	0.0011599293388230927	0.0015465724517641237	0.0024917000611755324	0.004210113896469003	0.00811950537176165	0.015895327976464604	0.029170074854106665	0.04940439776468729	0.08278458651526295	0.13399331880700838	0.2072836688822749	0.3102166576163538	0.4475179230563021	0.607845933889183	0.7939931125973481	1.0215111043902037	1.2882518919736325	1.5835183492229332	1.8900833774392884	2.2021473299285828	2.5082827546861144	2.8203037468295262	3.12205721630706	3.3897431314999005	3.6497391447798027	3.8697820363891315	4.039947966429067	4.171406624829018	4.255694823450162	4.270687984163098	4.229746774537231	4.18008461469725	4.056788422014943	3.879705876287951	3.692914292391551	3.463763807455167	3.2496494435775998	3.044256029914148	2.801014551528357	2.575945299450795	2.364021913213228	2.127654090168611	1.9203704212863357	1.698652076187596	1.4741413086065038	1.2955551507736298	1.1326065588419265	0.983534158630218	0.8376837843596847	0.7145594330609075	0.6147195892303569	0.5323646061739172	0.45658255603747516	0.3798553782916217	0.312923159406941	0.2563443838799035	0.20603781885168712	0.16316339366111504	0.12776406865406953	0.09949616106349195	0.07745750362585319	0.05881271351291903	0.04381955279998351	0.0321343387199879	0.02590508856704907	0.022253459167050446	0.0183440676917578	0.01516500209646488	0.012114817538818969	0.008978712289408384	0.007389179491761924	0.006315170844703505	0.004596757009410034	0.003307946632939931	0.00279242248235189	0.0021480172941168384	0.0017613741811758077	0.0019332155647051547	0.00146065175999945	0.0006444051882350515	0.00030072242117635737	0.0001288810376470103	4.2960345882336765e-05	0.0	0.0	0.0	0.0	0.0	0.0	0.0	0.0	0.0	0.0
Sor-CPnd_005-Ex1-3D-lcwgs-1-2-L3-clmp.fp2_repr.R2	0.0	0.0	0.0	0.0	0.0	0.00025780216777249475	0.0004296702796208246	0.0006015383914691544	0.0008593405592416492	0.0012460438109003912	0.001890549230331628	0.0038240654886253387	0.007304394753554018	0.01417911922748721	0.027498897895732774	0.04782230212179778	0.07987570498151128	0.12744020493553657	0.20104272383458383	0.3041635909435817	0.43925192685636893	0.6005931168539886	0.7880152928245923	1.0150101015482738	1.2707928190065507	1.5604765215269105	1.867604837399876	2.1763659003354006	2.4859433368022046	2.788774949878962	3.076439202085104	3.3629433445362698	3.6310146319917025	3.8522518589684647	4.044228539903049	4.178715337424367	4.2780121390447405	4.303706421766066	4.233927968355643	4.1690477561328985	4.057591285599257	3.8745947135087477	3.6902661635514136	3.496957504750005	3.284786320673242	3.054139314572783	2.817992528893178	2.596067829469022	2.3820920302178514	2.1465038159017533	1.9202394466534272	1.7105603501984645	1.503373341365303	1.3106662209553632	1.131235912185707	0.9897454891065693	0.8528525380193747	0.7217601357070611	0.6255569600999585	0.5340371905407229	0.4524428044407283	0.381976878582913	0.313702271151164	0.2538062341720211	0.20435118498766416	0.16774327716396992	0.130791633116579	0.10294899899714956	0.07923119956208005	0.057661751525114664	0.04391230257724827	0.03321351261468974	0.028057469259239843	0.02260065670805537	0.016971976045022572	0.013405712724169728	0.011815932689572676	0.00962461426350647	0.007777032061136925	0.006616922306160698	0.005628680663032802	0.003995933600473668	0.0022772524819903704	0.001890549230331628	0.001675714090521216	0.001675714090521216	0.001117142727014144	0.0003007691957345772	0.00012890108388624737	8.593405592416491e-05	0.0	0.0	0.0	0.0	0.0	0.0	0.0	0.0	0.0	0.0	0.0
Sor-CPnd_006-Ex1-2D-lcwgs-1-2-L2-clmp.fp2_repr.R1	0.0	0.0	0.0	0.0	4.544892631456474e-05	9.089785262912948e-05	9.089785262912948e-05	0.0004090403368310827	0.0009544274526058596	0.0013634677894369424	0.00181795705258259	0.00363591410516518	0.007453623915588618	0.014225513936458765	0.02717845793610972	0.04822131081975319	0.08130812917675632	0.1296657867754532	0.1980209719525586	0.29605430601307475	0.42585643956747166	0.5883363511420406	0.7777674760211465	0.9981947686467855	1.2342564919246348	1.4967694903175608	1.7872790273202586	2.086923798512184	2.4016121643142303	2.704892849611321	2.9699509878778625	3.2233742010078754	3.4795243497167623	3.702951271479163	3.889928154337282	4.010095115512991	4.094039282415992	4.156758800730091	4.149941461782907	4.096129933026462	4.000005453871157	3.8637950217064074	3.696088483605663	3.515474450431583	3.32727044656297	3.112024331537192	2.8764625464488027	2.655989804896849	2.4539238785022945	2.245449653497386	2.036611837081961	1.8116396518248652	1.5976661067358944	1.41382519979348	1.2381650995876874	1.0819571398445285	0.9472465222481584	0.8274886014092804	0.7193656057069309	0.6167419300886436	0.5258895263858286	0.44812641346160836	0.3800439218423904	0.31746075030723475	0.25433219165630433	0.1990662972577936	0.158298610353629	0.1287568082491619	0.10185104387093959	0.08144447595570002	0.06462837321931107	0.04922118719867362	0.037813506693717865	0.028814619283434047	0.0228153610099115	0.017770530188994816	0.013907371452256812	0.01090774231549554	0.008317153515565348	0.006953685726128406	0.005635666863006028	0.0038631587367380033	0.0029087312841321435	0.0023633441683573665	0.0016361613473243309	0.0011816720841786833	0.0009998763789204244	0.0009544274526058596	0.0007726317473476008	0.0004544892631456475	0.00022724463157282375	0.0001363467789436942	9.089785262912948e-05	4.544892631456474e-05	0.0	0.0	0.0	0.0	0.0	0.0	0.0
Sor-CPnd_006-Ex1-2D-lcwgs-1-2-L2-clmp.fp2_repr.R2	0.0	0.0	0.0	0.0	0.0	0.00018209314246330142	0.00031866299931077746	0.0008649424267006816	0.0016388382821697126	0.0019119779958646646	0.0025493039944862197	0.004279188847887583	0.007056109270452929	0.013110706257357701	0.025219900231167245	0.0452501459021304	0.07807243483114047	0.1281935722941642	0.19779867600076118	0.29562821678916984	0.4227292302285542	0.5797845656031517	0.7652009079164083	0.9811178515922679	1.219113588791803	1.486790508212856	1.7921151848381964	2.08574037706027	2.389471738689057	2.6947964153143973	2.9561911213204666	3.225415832452458	3.4770230320511244	3.68938915944895	3.8685232883472227	4.006959599904947	4.10638245568991	4.158233478006335	4.176488315538281	4.114394553958295	3.9893876116572384	3.8522259520967572	3.700223701425516	3.536795106064703	3.352198182892532	3.1385574034974626	2.8935966035987066	2.668575002799682	2.456208875401857	2.2310507047459844	2.020551032058408	1.8197933424926185	1.6127989627974606	1.4179593003617281	1.2500238997249482	1.0895087946435482	0.9524837049399139	0.8343052554812312	0.7202694250135887	0.6155203448115746	0.5271596474312575	0.44767599074602654	0.38134856360376895	0.31852642945393	0.2521079557404408	0.19843600199938272	0.1564180093759759	0.1248248491585931	0.09992361192673666	0.07939261011399941	0.06068253972589519	0.0457964253295203	0.03550816278034377	0.02699530837018443	0.02007576895657898	0.015842103394307222	0.013201752828589352	0.01165396111765129	0.008831517409470118	0.006100120272520597	0.004734421704045836	0.0038694792773451545	0.0031411067074919494	0.0021851177095596167	0.0014567451397064113	0.0009559889979323323	0.0007283725698532057	0.0007283725698532057	0.0005918027130057295	0.00036418628492660283	0.00022761642807912676	0.00018209314246330142	0.00018209314246330142	0.00013656985684747604	4.5523285615825354e-05	0.0	0.0	0.0	0.0	0.0	0.0
Sor-CPnd_006-Ex1-2D-lcwgs-1-2-L3-clmp.fp2_repr.R1	0.0	0.0	0.0	0.0	3.988538535663916e-05	3.988538535663916e-05	3.988538535663916e-05	0.0001994269267831958	0.00043873923892303083	0.0011167907899858965	0.002233581579971793	0.0045469339306568645	0.0074585670616915236	0.013600916406613954	0.02572607355503226	0.043155986955883574	0.07382784829513908	0.12097237378668657	0.18778039425905718	0.28912915845027726	0.42737190409638864	0.588269548625071	0.7628877657164372	0.9808613966904702	1.2380024760847228	1.5151660189280085	1.8054518535536284	2.1034355675530794	2.40249618695716	2.691106835397801	2.973934102961729	3.253690195853196	3.50381144742468	3.7174375713948398	3.886910573775199	4.039272745837561	4.144849360876585	4.181384373863266	4.173885921416218	4.0902861537087025	3.9965953835059578	3.8772583105188927	3.698611669506506	3.5149793553245394	3.333740164263971	3.118997249503826	2.896676111525919	2.6753919935672847	2.46017045418286	2.2274392306268704	1.9998532217818876	1.8077652059043134	1.5972900273773283	1.4003359944862444	1.2333757713833529	1.0774638000242502	0.9411754382606142	0.8184879929035922	0.7026608338279121	0.6050612958602161	0.5154787203492045	0.42956560029100377	0.3616806744140039	0.30296938716903105	0.24354016298763875	0.19368343129183976	0.15383793132055726	0.12284698689844861	0.09572492485593398	0.07518395139726482	0.05807312107926662	0.044831173140862414	0.036973752225604506	0.028956789768920032	0.022096503487578096	0.01862647496155049	0.015555300289089271	0.011486990982712079	0.008256274768824307	0.006102463959565791	0.004586819316013504	0.0035497992967408855	0.003430143140670968	0.0026324354335381848	0.0013959884874823706	0.001276332331412453	0.001276332331412453	0.0011167907899858965	0.0006780515510628657	0.0002791976974964741	0.00011965615606991748	3.988538535663916e-05	0.0	0.0	0.0	0.0	0.0	0.0	0.0	0.0	0.0
Sor-CPnd_006-Ex1-2D-lcwgs-1-2-L3-clmp.fp2_repr.R2	0.0	0.0	0.0	0.0	3.99339651951533e-05	0.00011980189558545989	0.00011980189558545989	0.00011980189558545989	0.0004392736171466862	0.0011181510254642923	0.0021165001553431245	0.004472604101857169	0.00714817976993244	0.012938604723229668	0.024319784803848356	0.04264947482842372	0.07319895820271599	0.11644744250906701	0.18365630593251	0.28564765304093154	0.4219822102171849	0.58351509943158	0.7571479801001065	0.9699161466598832	1.2252539201176935	1.4988415156696886	1.7824924704508625	2.0763265863568003	2.3733953534435455	2.66099977077904	2.947406169158679	3.2480689931129882	3.502368483475725	3.7099851685253267	3.900190644749842	4.055533769358988	4.167149202079441	4.193904958760194	4.161119173334973	4.10421327293188	4.0196730686137405	3.8777078223449704	3.715016848139916	3.5387083918033144	3.3454280002587717	3.13130207888236	2.9000844204024228	2.6802080080379085	2.4638058506453726	2.228794465471896	2.0125520439401403	1.8194713222215744	1.6045067875760641	1.4104676506928144	1.2344387321125785	1.0710289465340113	0.9406445501718359	0.8240773057671834	0.7081090708404583	0.6086734975045265	0.5183029342678946	0.4294498617086785	0.3634390172410901	0.3051753620213615	0.24435593302914302	0.19495761808273837	0.1539055018621208	0.12383522607017036	0.09640059198110006	0.07467651491493667	0.05890259866285111	0.04632339962637782	0.03602043660602827	0.027394700123875158	0.021883812926944003	0.018130020198599595	0.013857085922718193	0.010183161124764091	0.007627387352274279	0.005910226848882687	0.005151481510174775	0.004272934275881403	0.0034742549719783368	0.0021564341205382778	0.0010782170602691389	0.0009184811994885258	0.0009584151646836791	0.0009983491298788322	0.0007188113735127593	0.0003194717215612264	0.00011980189558545989	3.99339651951533e-05	0.0	0.0	0.0	0.0	0.0	0.0	0.0	0.0	0.0
Sor-CPnd_007-Ex1-1C-lcwgs-1-2-L2-clmp.fp2_repr.R1	0.0	0.0	0.0	0.0	0.0	0.0	0.0	0.00025007752403245005	0.0003751162860486751	0.0004376356670567876	0.0011878682391541378	0.002563294621332613	0.004501395432584101	0.008190038912062738	0.015942442157068692	0.029008992787764205	0.05139093118866849	0.08752713341135752	0.14579519651091838	0.22200632195980755	0.32153717652472263	0.4588297372185378	0.6253813682241495	0.8227550540667606	1.044011143454471	1.3047794816393081	1.5755509207854437	1.841883483880003	2.1304104272324422	2.4240639598275466	2.716654662945513	3.02081145154998	3.2830802548790126	3.5200287088997593	3.738346387380088	3.885266932749152	3.9889865858416105	4.039127129410117	4.0676984865308246	4.074075463393652	3.994238213846292	3.8867048785123393	3.7808595664656046	3.63725254828997	3.460447738799028	3.290207464313937	3.125031259690504	2.9207179225559923	2.685082375536416	2.4630760535766085	2.2528233752463263	2.0250027508527646	1.8198766617651474	1.618126619251968	1.4343821584691254	1.2662675429383108	1.0978403305024558	0.965736878432314	0.8404480388920564	0.7239119126929348	0.6235683061749142	0.5175979553661636	0.42894547309666	0.36023667336874426	0.2903400054016745	0.227257949964489	0.17605457691884485	0.1388555452190179	0.11022166871730237	0.08633926517220337	0.06920895477598055	0.054766977763106565	0.040074923226200126	0.03032189978893457	0.025195310546269344	0.019943682541587893	0.014129380107833427	0.010753333533395353	0.009502945913233102	0.007689883863997839	0.005564224909722014	0.004126279146535426	0.0033760465744380763	0.0023757364783082756	0.0009377907151216876	0.0006251938100811251	0.0008127519531054626	0.0005001550480649001	0.00018755814302433754	0.0	0.0	0.0	0.0	0.0	0.0	0.0	0.0	0.0	0.0	0.0	0.0
Sor-CPnd_007-Ex1-1C-lcwgs-1-2-L2-clmp.fp2_repr.R2	0.0	0.0	0.0	0.0	6.24810994674111e-05	0.00018744329840223334	0.0002499243978696444	0.0003124054973370555	0.0003748865968044667	0.000624810994674111	0.001562027486685278	0.0028116494760334998	0.004998487957392888	0.008934797223839788	0.01699485905513582	0.031802879628912255	0.054983367531321777	0.08972285883520235	0.14045751160274017	0.22361985499386436	0.33308674126076865	0.4615478817657659	0.6272477575533402	0.8240632208756852	1.055680656601378	1.3016687452045757	1.5563417066337433	1.8505027229263147	2.148974935082138	2.4296400338897484	2.7055565691378356	2.982472801977402	3.263512787381817	3.5040025392318825	3.7108149784690134	3.8969461737824305	4.002289307484485	4.028781293658668	4.059584475696102	4.06614499114018	3.992854661464907	3.9056310466084008	3.783480497149612	3.6324011986374125	3.460078326306292	3.2935037151261746	3.100249674473472	2.9089950290037265	2.7099302461005546	2.4737516901137404	2.260128811034662	2.0360091072450586	1.831570949787689	1.6330060156802568	1.4414389647131742	1.2580569377763227	1.0924820241876834	0.9607093854109131	0.8331229802984598	0.7203445957597827	0.6216869397007405	0.5190929743752515	0.4397419780516394	0.3683885624598559	0.29128688571707056	0.230555257034747	0.18132015065442705	0.13939533291179418	0.11140380035039402	0.08716113375703849	0.06822936061841293	0.05417111323824544	0.0371137730836422	0.028303938058737235	0.02492995868749703	0.019431621934364852	0.01480802057377643	0.011621484500938466	0.010559305809992477	0.008122542930763444	0.005435855653664766	0.003561422669642433	0.0026866872770986774	0.002311800680294211	0.0013745841882830444	0.0008747353925437556	0.0009372164920111667	0.000624810994674111	0.00018744329840223334	6.24810994674111e-05	0.0001249621989348222	0.0001249621989348222	6.24810994674111e-05	0.0	0.0	0.0	0.0	0.0	0.0	0.0	0.0
Sor-CPnd_007-Ex1-1C-lcwgs-1-2-L3-clmp.fp2_repr.R1	0.0	0.0	0.0	0.0	7.631781792095e-05	0.0001526356358419	0.00022895345376285002	0.0003052712716838	0.00022895345376285002	0.00038158908960475	0.0010684494508933	0.0018316276301028002	0.0037395730781265503	0.009158138150514	0.01595042394547855	0.02571910463936015	0.050675031099510805	0.08768917279117155	0.13973792461325946	0.21971899779441506	0.32854820614968977	0.4622570231471942	0.6244323862292129	0.8107241797742519	1.0350222466439238	1.3106058871564745	1.581534140775847	1.8284222817501201	2.1125535178698174	2.405690256504186	2.6985217238668713	2.964413001503461	3.217940792636857	3.4877242789874154	3.692103395379719	3.865344842060276	4.00546435576314	4.064458029016035	4.092085079103418	4.093687753279758	4.022635864795354	3.9352519632758662	3.821004189848204	3.6642473918385723	3.5018430753027907	3.3102853523212064	3.097282322503835	2.874281658538819	2.6844792453694164	2.481855438789294	2.2559546977432823	2.049743953720875	1.8437621631522312	1.6223641733635552	1.4176034678816463	1.2648151964039045	1.1116453358365577	0.970762643954484	0.8420908029397622	0.7204402011737681	0.6186322320672207	0.5227770527585075	0.4461539635658737	0.3675466111072952	0.2846654608451435	0.22681655486106342	0.1759888881257107	0.13897474643404997	0.11600308323984401	0.0920392884126657	0.06799917576756645	0.0474696827468309	0.0361746456945303	0.028542863902435302	0.021903213743312652	0.018316276301028	0.01533988140211095	0.012210850867352	0.00999763414764445	0.006868603612885501	0.00450275125733605	0.00312903053475895	0.00221321671970755	0.0010684494508933	0.0008394959971304499	0.0009921316329723501	0.0009158138150514001	0.0006105425433676	0.00038158908960475	0.0003052712716838	7.631781792095e-05	0.0	0.0	0.0	0.0	0.0	0.0	0.0	0.0	0.0	0.0
Sor-CPnd_007-Ex1-1C-lcwgs-1-2-L3-clmp.fp2_repr.R2	0.0	0.0	0.0	0.0	0.0	7.626938958556739e-05	0.00015253877917113478	0.00022880816875670216	0.000762693895855674	0.0009152326750268086	0.0012965796229546457	0.0024406204667381565	0.004271085816791774	0.009609943087781491	0.01845719227970731	0.029745061938371283	0.05018525834730335	0.08908264703594271	0.14437795448547908	0.22285915636902792	0.3267380649845707	0.45441302315081045	0.6228921047453289	0.8297346893013877	1.043517788309733	1.303367598627761	1.577708592967047	1.8369482481683908	2.1273820837102315	2.4088924006705605	2.6859028236453413	2.970997801916192	3.2267290651966	3.44386801734671	3.6583375408613255	3.856714223173386	4.008947924786179	4.069505820117119	4.066302505754525	4.061878881158563	4.031066047765993	3.9566271235304797	3.8201811855618995	3.6499479080069133	3.485739912229186	3.306354307923932	3.1008845723804135	2.9006774247182987	2.7106903752606506	2.4908819944750453	2.249108029488797	2.043333216386936	1.8422871054393801	1.6226312634329463	1.4279155118209925	1.272020879508093	1.1149059369618242	0.9651128558157698	0.8444546814914022	0.7324149481902037	0.6292987334705166	0.5266401350883428	0.4406845330254084	0.36639814756906575	0.28753559873758905	0.22415573599198257	0.1768687144489308	0.14018313805827287	0.11524304766379233	0.0909893817755819	0.06543913626441682	0.046829405205538376	0.03653303761148678	0.029745061938371283	0.023490971992354757	0.018533461669292876	0.01586403303379802	0.013347143177474294	0.009152326750268086	0.005491396050160852	0.0038134694792783695	0.002745698025080426	0.0022880816875670215	0.0016779265708824825	0.0011440408437835108	0.0010677714541979435	0.0009915020646123762	0.0006101551166845391	0.000381346947927837	0.00030507755834226956	7.626938958556739e-05	0.0	0.0	0.0	0.0	0.0	0.0	0.0	0.0	0.0	0.0
Sor-CPnd_008-Ex1-1A-lcwgs-1-2-L2-clmp.fp2_repr.R1	0.0	0.0	0.0	0.0	0.0001275039653733231	0.0002762585916422001	0.0002550079307466462	0.0005525171832844002	0.0009137784185088157	0.001147535688359908	0.0016788022107487542	0.0026775832728397854	0.004186380196424109	0.0073739793307571865	0.013387916364198928	0.023864492185706975	0.042310065843047716	0.07212474307950976	0.11983247679002818	0.19746114104148638	0.30373569618015117	0.4391661580675159	0.6137403373244907	0.8304970784591401	1.0747946761144271	1.3593197748449977	1.6802260050287565	2.0094412436226765	2.3445854166064564	2.676924502352023	3.001974611410415	3.318630709415063	3.617691260198192	3.8834520253579883	4.1049476638723466	4.2613737787245185	4.364779494642283	4.421540009894308	4.420774986102067	4.367414576593332	4.239825608576426	4.068290273827516	3.88043443151082	3.673708002318872	3.4397382258588247	3.1973319370232414	2.9598133001936358	2.7065904249622164	2.460019006591105	2.2110887648605875	1.9703612782357531	1.7413429057643692	1.520059773858967	1.3235124112359895	1.154250897202903	1.0036262127752171	0.8588242094329134	0.728281399551526	0.6219430924301746	0.5292052082819776	0.4398674298770692	0.36325879734859756	0.2957241970225274	0.23681736502005213	0.18577327754893178	0.14424948615901953	0.1136910357912131	0.08672394711475527	0.06434700119173707	0.04794149098036949	0.036444883435874854	0.028029621721235527	0.021123156930180527	0.01663926748121867	0.013812929582110002	0.010306570534343619	0.007012718095532771	0.004866401345081832	0.00325135111701974	0.002188818072242047	0.0019550608023909542	0.0016575515498532005	0.001020031722986585	0.0005100158614932924	0.0002550079307466462	0.0002550079307466462	0.0003400105743288616	0.00023375726985109236	0.00014875462626887695	0.00010625330447776925	2.125066089555385e-05	0.0	0.0	0.0	0.0	0.0	0.0	0.0	0.0	0.0	0.0
Sor-CPnd_008-Ex1-1A-lcwgs-1-2-L2-clmp.fp2_repr.R2	0.0	0.0	0.0	0.0	8.482724719041554e-05	0.00021206811797603887	0.00021206811797603887	0.0004453430477496816	0.0009543065308921748	0.0015056836376298758	0.0023751629213316352	0.003626364817390264	0.005534977879174614	0.009458238061731333	0.016244417836964575	0.026720582864980896	0.04559464536484835	0.07787141292080146	0.12934034515358608	0.20782675561651806	0.3142001235932992	0.45393180652771115	0.6346986702904867	0.8472333381260728	1.0969859606664538	1.3737984750605772	1.6882954940190427	2.0195246874858177	2.3506690537054027	2.6811135951356664	3.009267800891789	3.3338168486423188	3.624625858822861	3.890135142528862	4.1076534111368845	4.25832780895886	4.363683249969356	4.419245096879078	4.408620484168479	4.341097995404908	4.222445883397314	4.059598775603514	3.861887669214453	3.641527687825551	3.4134908405659163	3.17591092799736	2.9321598331957013	2.7042290199950547	2.469278752089401	2.1971105294789526	1.9463187731604894	1.736095647810842	1.5356276558880924	1.3417337756226002	1.1612001867895982	1.000346519304773	0.8549102039968054	0.7279026081409558	0.6197054543495807	0.5242748012603633	0.435842396064355	0.3594978735929811	0.29577140414118136	0.23965818012472148	0.18920717485822186	0.14846888939502478	0.11339282268178798	0.08542103792074845	0.06508370540684631	0.04928463061763143	0.03772691818793731	0.02778092345486109	0.02122801860940149	0.01647769276673822	0.012087882724634213	0.008906860954993632	0.006446870786471581	0.004665498595472855	0.003393089887616622	0.002353956109534031	0.001866199438189142	0.0017389585674035186	0.0012512018960586292	0.0008482724719041555	0.0004453430477496816	0.0001484476825832272	0.00010603405898801943	4.241362359520777e-05	2.1206811797603884e-05	2.1206811797603884e-05	2.1206811797603884e-05	4.241362359520777e-05	4.241362359520777e-05	2.1206811797603884e-05	0.0	0.0	0.0	0.0	0.0	0.0	0.0
Sor-CPnd_008-Ex1-1A-lcwgs-1-2-L3-clmp.fp2_repr.R1	0.0	0.0	0.0	0.0	0.0	6.716256519806017e-05	6.716256519806017e-05	0.00013432513039612033	0.00029103778252492736	0.000559688043317168	0.0013880263474265768	0.0024402398688628526	0.004119303998814357	0.007052069345796318	0.01195493660525471	0.022029321384963736	0.041887053161856855	0.07378927163093543	0.123914932790421	0.19465950146571107	0.29947787821815025	0.43899691365625393	0.6021571720440748	0.8167191803301443	1.071153364822129	1.3480422336119984	1.6619376758259987	1.9900268068185227	2.3242501187658027	2.653704888584021	2.9901893402263022	3.317853108305905	3.5994433566596387	3.855220792455584	4.0981030157335026	4.290658090156341	4.388603497736845	4.41764011342414	4.403334487036954	4.339574825142262	4.236748937824031	4.083058601129137	3.897107845617441	3.6780459454631016	3.448461910094399	3.2177584986390624	2.968854032015052	2.71927793973906	2.4744703895921307	2.233491105661491	1.977803219952476	1.7514653752350131	1.538940631426618	1.3366469850500609	1.1618452153612429	0.9977670685823818	0.8549346799278404	0.7312212348330137	0.6247685689940883	0.5300469645430909	0.4414595410468495	0.36520764202531847	0.29800030178379294	0.24151658445222438	0.18982379677145073	0.14433235261063132	0.11276594696754301	0.08652777149683419	0.06492381302479149	0.04907344763804929	0.0367603106850716	0.027424714122541237	0.021133820515656265	0.01632050334312862	0.012917600039760238	0.0104549726491647	0.007858020128173038	0.005417780259310187	0.004052141433616297	0.0029327653469819605	0.0021715896080706123	0.001544738999555384	0.0008059507823767219	0.0004253629129210477	0.00047013795638642115	0.00044775043465373446	0.00035820034772298754	0.00026865026079224067	0.00017910017386149377	8.955008693074688e-05	4.477504346537344e-05	0.0	0.0	2.238752173268672e-05	4.477504346537344e-05	4.477504346537344e-05	2.238752173268672e-05	0.0	0.0	0.0	0.0
Sor-CPnd_008-Ex1-1A-lcwgs-1-2-L3-clmp.fp2_repr.R2	0.0	0.0	0.0	2.2339629385548494e-05	0.00013403777631329096	0.00022339629385548495	0.0003574340701687759	0.0007372077697231003	0.0009829436929641338	0.0010946418398918762	0.001854189239000525	0.0032392462609045314	0.005004076982362863	0.008533738425279524	0.0148335139120042	0.025422498240754186	0.045528164687747834	0.07990885431210695	0.1286539256313738	0.20465334480100975	0.31308990583846213	0.4499648150837178	0.6274084912931295	0.8418242541356239	1.0811487037430048	1.353267729288371	1.664749181811074	2.0033732840372176	2.345705764741363	2.6640454834854292	2.9886849777162197	3.317211567460096	3.6130776190423	3.875322528399254	4.081226892445854	4.257173813486434	4.36900599819049	4.412836351044936	4.406067443341115	4.336881611134071	4.23440973114256	4.073609078825383	3.874697018776459	3.659655746311169	3.435187150245177	3.196890323589532	2.9523607403353176	2.711204441118322	2.45291364616261	2.2116009695399153	1.991242865280865	1.763244607771957	1.5352016710042782	1.3325588928479677	1.1544003484982184	0.9934879980341127	0.8533738425279525	0.7347727501200756	0.6289946049795034	0.5294492164374993	0.4417438314698359	0.36471678934846474	0.30180839299876017	0.24540082880025021	0.18950707607760786	0.14449272286572767	0.11256939247377887	0.0860969316519039	0.06590190668736806	0.050666279446423976	0.037307181073865985	0.02879578227797201	0.022920459749572752	0.016754722039161368	0.012666569861605994	0.00978475767087024	0.007126341773989969	0.005249812905603896	0.0039094351424709866	0.002747774414422465	0.0020105666446993643	0.0014967551688317491	0.0010723022105063277	0.0007818870284941973	0.0006031699934098094	0.0003797736995543244	0.00024573592324103345	0.00024573592324103345	0.00020105666446993645	0.00015637740569883946	0.00011169814692774247	2.2339629385548494e-05	0.0	0.0	0.0	0.0	0.0	0.0	0.0	0.0	0.0
Sor-CPnd_009-Ex1-6A-lcwgs-1-2-L2-clmp.fp2_repr.R1	0.0	0.0	0.0	0.0	0.0	0.0	0.0	3.889960789195245e-05	0.00013614862762183357	0.0003889960789195245	0.0008363415696769777	0.0015170847077861454	0.002800771768220576	0.0060877886350905585	0.01221447687807307	0.024039957677226612	0.04496794672309703	0.07997759382585423	0.1347482417377233	0.21108872222567998	0.31580646667081597	0.4588792244974171	0.6369810792307213	0.8461442708657497	1.089733615485156	1.3665432252442895	1.6691238252318417	1.98477469347109	2.3138264766291154	2.633639602912803	2.9463730005601545	3.257628213107612	3.534807369141719	3.7683606149250015	3.984078390489824	4.152027447563329	4.246397896309205	4.295236354017551	4.286911837928674	4.236361797473082	4.143586232650775	4.000902470903093	3.8285577581377983	3.628069179062675	3.405660670940437	3.186792027136366	2.9677677849007282	2.7515248646293644	2.520869639634032	2.28074236011701	2.060220482977532	1.8366060870106429	1.6212578577207943	1.4294438912055767	1.2495526545092426	1.0756519574282692	0.9223680525300305	0.791081875894691	0.6775533702620278	0.580810045434742	0.49252738532395596	0.40992406796539493	0.33910733179809543	0.2794936827036783	0.2218639136117508	0.17353115080599987	0.1373350656625381	0.1054568369950831	0.07980254559034045	0.06175312752847451	0.046971276529532584	0.035573691417190516	0.026918528661231095	0.020675141594572725	0.016143337275160267	0.013089718055641998	0.010308396091367399	0.007390925499470966	0.005193097653575652	0.004045559220763055	0.0035787639260596257	0.002586823924814838	0.0016921329432999315	0.0011669882367585736	0.0007974419617850252	0.0004862450986494056	0.0003111968631356196	0.00027229725524366714	0.00023339764735171467	0.0001555984315678098	3.889960789195245e-05	1.9449803945976224e-05	3.889960789195245e-05	1.9449803945976224e-05	0.0	0.0	0.0	0.0	0.0	0.0	0.0
Sor-CPnd_009-Ex1-6A-lcwgs-1-2-L2-clmp.fp2_repr.R2	0.0	0.0	0.0	0.0	1.944580997243362e-05	7.778323988973448e-05	0.00011667485983460173	0.00019445809972433618	0.0003500245795038051	0.0005250368692557078	0.0009139530687043802	0.0018084603274363265	0.003422462555148317	0.00703938321002097	0.013709296030565702	0.024948974194632333	0.04581432829505361	0.08083623205540656	0.13271765306185945	0.20943137340311008	0.31976689918669843	0.4654743533101436	0.6440063346670567	0.8480706645177751	1.0911432891731954	1.370482349427204	1.6770066520226754	1.9932927512243082	2.3142069531993803	2.6398853786176986	2.938086874544968	3.2333131615464556	3.520352762549548	3.7701147458354853	3.9788655158895603	4.134801466058505	4.23903100751075	4.2915541402462924	4.288540039700566	4.216532205372644	4.1050299309907095	3.9852826331804634	3.81649300261974	3.614470482816127	3.4112812144141675	3.1952771572403753	2.972583741436065	2.7534294630467384	2.527663609266784	2.288324580126071	2.0679257698985083	1.8478380926305045	1.630220033229	1.4363647536138093	1.2558687454496806	1.0942935103887295	0.9383381144098119	0.797394883729613	0.6811478317144048	0.5784350634400104	0.49215400459232245	0.41421519822280856	0.3387654555297661	0.27957240997367816	0.22457965937163588	0.1754400975712961	0.13837638376383762	0.10541573586056266	0.0812640398748001	0.06280996621096059	0.04682551041362015	0.035313590909939456	0.026932446811820564	0.019912509411772028	0.015226069208415524	0.01203695637293641	0.009158976497016235	0.006669912820544731	0.00521147707261221	0.004200294954045662	0.003636366464845087	0.0025862927263336716	0.0016140022277119906	0.001283423458180619	0.0009917363085941147	0.0006028201091454423	0.0003500245795038051	0.0002722413396140707	0.00023334971966920345	0.00017501228975190256	5.8337429917300863e-05	0.0	0.0	0.0	0.0	0.0	0.0	0.0	0.0	0.0	0.0
Sor-CPnd_009-Ex1-6A-lcwgs-1-2-L3-clmp.fp2_repr.R1	0.0	0.0	0.0	0.0	1.9746159174578954e-05	5.923847752373686e-05	5.923847752373686e-05	9.873079587289475e-05	0.00021720775092036847	0.000394923183491579	0.0008293386853323161	0.0015994388931408953	0.0028039546027902114	0.00641750173173816	0.012637541871730528	0.023142498552606534	0.044033934959311065	0.07726672085012744	0.13052211214396686	0.20814426385923676	0.31283839980285433	0.45593881534102804	0.6311859780154162	0.8414035885879837	1.0811219609673721	1.3535399729398636	1.6596251863050118	1.9749910944822122	2.295589734840676	2.6191897913936764	2.9308434216460557	3.2265224091262006	3.504903761169415	3.7619790074632586	3.987243191326855	4.160732945834706	4.268310021017812	4.309164824350016	4.302589353344881	4.244417168416572	4.13612923150318	3.9947072394948457	3.8298465565462863	3.6367686121372533	3.4214564924976445	3.2133517209567564	2.991523368789537	2.7591505676230916	2.5321289755929572	2.287256855669004	2.0515272074428803	1.829303932092169	1.6187111444952842	1.4304117706064994	1.245883913120059	1.0798779529393736	0.9355532755323761	0.802562893491587	0.6902467401065818	0.5919108674171787	0.49803762670123036	0.41115452633308297	0.3359808983554609	0.2740766893431559	0.22007094400068242	0.17350950066702525	0.13599179823532526	0.10564195158399739	0.0807815371832025	0.062239893718272855	0.0474697666556878	0.03510867101240137	0.027111476546696902	0.02057549785991127	0.015105811768552899	0.01129480304785916	0.00941891792627416	0.007582525123038318	0.005331462977136317	0.003850501039042896	0.002843446921139369	0.0023103006234257376	0.0018956312807595795	0.0011847695504747372	0.0006318770935865265	0.0004936539793644739	0.0004936539793644739	0.00041466934266615803	0.00031593854679326327	0.00015796927339663163	7.898463669831582e-05	7.898463669831582e-05	5.923847752373686e-05	1.9746159174578954e-05	0.0	0.0	0.0	0.0	0.0	0.0	0.0
Sor-CPnd_009-Ex1-6A-lcwgs-1-2-L3-clmp.fp2_repr.R2	0.0	0.0	0.0	0.0	1.9739821259866457e-05	5.921946377959936e-05	7.895928503946583e-05	7.895928503946583e-05	0.00023687785511839745	0.0005921946377959936	0.0011449096330722545	0.001816063555907714	0.0032768103291378314	0.0073629533299301875	0.014350850055922914	0.02467477657483307	0.044592256226038324	0.07947252039222236	0.13213836351354605	0.21076207159159416	0.31996276280117536	0.46240531301237175	0.6391556725732159	0.8471936488309486	1.0866771603556484	1.3583365805339305	1.6617178934768182	1.979410576833109	2.298425828213811	2.6111440766126153	2.9260929248137844	3.2283095883023396	3.5046670859404703	3.7545337434478596	3.968987161615049	4.130577338448315	4.235395789338207	4.288930184594965	4.283324075357163	4.220650142857087	4.121694418881376	3.986298984859952	3.8130820533046235	3.629047699698889	3.4268132308915566	3.218716035170045	2.990622400512288	2.777767907867148	2.5581426565298737	2.290135103284667	2.0588238777615517	1.8436203463864875	1.629818342320874	1.4394869857332415	1.2593611167369603	1.092638586376128	0.9430502208688601	0.8097669477222418	0.6906963458827273	0.5887204292542572	0.4956866516565066	0.411081777736719	0.3404921769114365	0.27939743011214985	0.22236908649239562	0.1756646693915516	0.13738915596867052	0.10604231980800262	0.08077534859537354	0.06168694143708268	0.047671668342577495	0.036360750760674014	0.02781340815515184	0.02106238928427751	0.015515499510255035	0.01091612115670615	0.008428903677962975	0.0066325799433151296	0.005033654421265946	0.0037505660393746267	0.0028820139039405024	0.0024872174787431735	0.002033201589766245	0.0012238689181117202	0.000690893744095326	0.0006316742803157266	0.0005921946377959936	0.00043427606771706203	0.00021713803385853102	5.921946377959936e-05	1.9739821259866457e-05	3.9479642519732913e-05	3.9479642519732913e-05	1.9739821259866457e-05	0.0	0.0	0.0	0.0	0.0	0.0	0.0
Sor-CPnd_010-Ex1-1H-lcwgs-1-2-L2-clmp.fp2_repr.R1	0.0	0.0	0.0	0.0	0.0	0.0	9.658606881177887e-05	9.658606881177887e-05	0.0002897582064353366	0.0004829303440588943	0.0005795164128706732	0.002607823857918029	0.0064712666103891835	0.011203983982166349	0.02211820975789736	0.04162859565787669	0.06973514168210435	0.11793159001918199	0.18757014563247457	0.2837698701690063	0.4067239357664008	0.5617445762093058	0.7563655048650403	0.9930979595227103	1.2620901611635145	1.5384229040340136	1.8507822505713065	2.167777728411565	2.4710579844805505	2.7691225928337	3.056272975411119	3.337917952066266	3.6099043218402347	3.8391996491993976	4.017594118294754	4.135525708313936	4.209220878817323	4.252394851576188	4.250752888406388	4.198016894835156	4.08365898936201	3.930087139951282	3.7497609494796906	3.538913561263578	3.2988971802663074	3.099833292445231	2.9040533309637553	2.666837945962026	2.4261454624830736	2.158988396149693	1.9328804090613185	1.7363277590293487	1.5258667150884826	1.333853610290666	1.141260989079979	0.9810247009212378	0.8467700652728652	0.7396561149606026	0.6505071734473307	0.5432966370662562	0.44815935928665396	0.37388467237039597	0.3125525186749164	0.25672577090170823	0.20283074450473562	0.15869091105775268	0.12285747952858271	0.09658606881177886	0.07543371974199929	0.05911067411280866	0.042884214552429814	0.033129021602440155	0.025885066441556734	0.018254767005426206	0.013908393908896156	0.010527881500483895	0.008789332261871875	0.00676102481682452	0.004829303440588943	0.003477098477224039	0.0025112377891062503	0.0018351353074237985	0.0013522049633649042	0.0010624467569295675	0.0004829303440588943	0.00019317213762355773	9.658606881177887e-05	0.0	0.0	0.0	0.0	0.0	0.0	0.0	0.0	0.0	0.0	0.0	0.0	0.0	0.0
Sor-CPnd_010-Ex1-1H-lcwgs-1-2-L2-clmp.fp2_repr.R2	0.0	0.0	0.0	0.0	0.0	0.0	0.0	0.0	0.00028966979574417134	0.0013517923801394664	0.0025104715631161516	0.004055377140418399	0.007531414689348455	0.011779905026929636	0.021725234680812854	0.04113311099567233	0.0699069773729267	0.11750938047355218	0.18722324464931608	0.2846488526179391	0.40602049703474685	0.560607611363553	0.7533345821320083	0.9825599471642292	1.2529184231921227	1.5400777473731777	1.8378582973981858	2.1525362521749374	2.479573451570107	2.777160888397952	3.055340448910938	3.338830622345901	3.616430843267398	3.8199721530769692	4.0017882282057275	4.15193373899979	4.2151783110706	4.231979159223762	4.239027790920204	4.192873736798299	4.072660771564468	3.9248326191363594	3.7414716384302986	3.555310516365378	3.3772601485812936	3.139924029268236	2.8553717332488784	2.6486440556861215	2.437378217990039	2.169723326722425	1.9410773012816924	1.7358945292962378	1.5387259549930383	1.3399159185139553	1.1391747500632445	0.9840082961429502	0.8442908979956781	0.730740338063963	0.6410392579818512	0.5445792159990421	0.45091931537509344	0.37734318725607385	0.3170918697412863	0.25722677862082416	0.20373442300673383	0.15854593487064314	0.11953706904376138	0.09385301382111153	0.07328645832327535	0.05600282717720646	0.04393325235453266	0.031380894538951896	0.023752923251022053	0.01834575373046419	0.013324810604231881	0.009365990062394875	0.00869009387232514	0.007627971287929846	0.0053106129219764745	0.004538160133325351	0.0032829243517672755	0.0019311319716278092	0.0011586791829766854	0.0006758961900697332	0.0003862263943255618	0.00028966979574417134	0.0001931131971627809	9.655659858139046e-05	0.0001931131971627809	0.0001931131971627809	9.655659858139046e-05	0.0	0.0	0.0	0.0	0.0	0.0	0.0	0.0	0.0	0.0
Sor-CPnd_010-Ex1-1H-lcwgs-1-2-L3-clmp.fp2_repr.R1	0.0	0.0	0.0	0.0	0.00011872000835788859	0.00023744001671577718	0.00011872000835788859	0.0	0.0	0.00035616002507366575	0.0013059200919367745	0.003442880242378769	0.007123200501473315	0.01424640100294663	0.022912961613072498	0.037990402674524346	0.06470240455504928	0.11444608805700461	0.19054561341441117	0.2863526601592273	0.4063785886090527	0.5721117202766651	0.7669312539919603	0.9797962289776545	1.2287520865041468	1.5134426665463636	1.8128545276249588	2.085554386823029	2.4236689706262955	2.7814910758169717	3.0672501359344095	3.3475480756673845	3.614668094472634	3.8416607504529168	4.004425881911582	4.1160226897679975	4.204350375986266	4.243646698752728	4.245427498878096	4.206487336136709	4.0893106878874725	3.9398421973648907	3.7604562647361206	3.5456917696167003	3.335201194798164	3.1228110998459013	2.893918923731892	2.653273466790452	2.4212945704591378	2.18444815378515	1.948788937194741	1.7398417224848572	1.5285201076078156	1.342842014536078	1.1736660026260866	0.9974855102229798	0.8685555811463128	0.7561277332313925	0.6399008450490195	0.5513357188140346	0.4641952326793443	0.3783606666365909	0.3181696223991414	0.2577411381449761	0.19778753392424236	0.15279265075660262	0.11800768830774126	0.09438240664452142	0.07609952535740658	0.06066592427088107	0.04618208325121866	0.0332416023402088	0.025643521805303934	0.02113216148770417	0.01519616106980974	0.009735040685346865	0.007360640518189093	0.006173440434610207	0.004748800334315543	0.0029680002089472147	0.0024931201755156603	0.002255680158799883	0.0016620801170104404	0.0010684800752209973	0.00047488003343155435	0.00011872000835788859	0.00023744001671577718	0.00047488003343155435	0.00047488003343155435	0.00035616002507366575	0.00011872000835788859	0.0	0.0	0.0	0.0	0.0	0.0	0.0	0.0	0.0	0.0
Sor-CPnd_010-Ex1-1H-lcwgs-1-2-L3-clmp.fp2_repr.R2	0.0	0.0	0.0	0.0	0.00011869774331850403	0.00023739548663700806	0.00011869774331850403	0.0	0.0	0.0003560932299555121	0.0016617684064590564	0.003679630042873625	0.0065283758825177216	0.012581960791761427	0.022908664460471278	0.03798327786192129	0.06931948209800635	0.11679857942540797	0.1798270811275336	0.28012667423166954	0.41081288962534246	0.5692743769555453	0.7496949467996714	0.9612143253932457	1.2151087983515256	1.5123279476210598	1.8161941705164302	2.1186360204919783	2.4474287694842345	2.78025724174932	3.0558734017348863	3.310361363409759	3.6037821848931006	3.8575579601080623	4.009491071555748	4.11964257735532	4.203087090908228	4.245818278502889	4.247005255936074	4.198339181175488	4.0991078677612185	3.937441541361416	3.7544096211642826	3.554522621415922	3.3535673419776946	3.1313651664854545	2.8835242784364183	2.654556331575024	2.417398240424653	2.178578380867823	1.9773857059429585	1.7545900417341265	1.5117344589044674	1.329889516140519	1.1681044919973982	1.0005032784316703	0.8727845066209602	0.7626330008213884	0.6465466078558915	0.5420925937356079	0.4584106846960626	0.3868359454750046	0.3204839069599609	0.2547253571615097	0.19608867196216867	0.15383227534078123	0.11976602300837057	0.09472079916816621	0.07596655572384257	0.059704964889207526	0.045817328920942556	0.032167088439314595	0.02528261932684136	0.02172168702728624	0.015549404374724029	0.011276285615257883	0.008308842032295283	0.005104002962695673	0.004510514246103154	0.003560932299555121	0.0023739548663700804	0.0024926526096885845	0.0024926526096885845	0.0013056751765035443	0.0003560932299555121	0.0004747909732740161	0.0005934887165925201	0.0003560932299555121	0.0003560932299555121	0.0003560932299555121	0.00011869774331850403	0.0	0.0	0.0	0.0	0.0	0.0	0.0	0.0	0.0	0.0
Sor-CPnd_012-Ex1-5B-lcwgs-1-2-L2-clmp.fp2_repr.R1	0.0	0.0	0.0	0.0	0.0	0.0	0.00010922873589583947	0.00021845747179167894	0.0005461436794791973	0.0013107448307500737	0.0021845747179167893	0.002949175869187666	0.005352208058896134	0.011032102325479787	0.020207316140730305	0.03975925986608557	0.07154482201177487	0.11501785889831896	0.1737829188102806	0.2772225317036406	0.41419536651702327	0.5500759139714476	0.7146836189664777	0.9228735895839477	1.1287697567476052	1.3773743596465358	1.680156415549803	1.9800985243197782	2.2698823606514402	2.5250406877041214	2.8236720516433462	3.1147666328057584	3.3361732804666246	3.5363895533636986	3.7280859848608974	3.9088595427685116	4.010005352208059	4.069862699478978	4.107765070834835	4.083516291465958	4.015466789002851	3.8972812967635524	3.755393168834857	3.6203864512675996	3.436226802547214	3.2087033456761804	3.0004041463228144	2.791886489497657	2.578125853349499	2.3674236218064246	2.16382125809658	1.9485314196458805	1.7335692674028684	1.5500649910978581	1.373223667682494	1.1869886729800876	1.0085089185262859	0.8740483446385074	0.77028104553746	0.6748151303644964	0.5721401186224072	0.47361579884436	0.39934025843518917	0.3263754628567684	0.25690598682701443	0.21135760395844938	0.17028759926161374	0.13140216928269488	0.10682570370613101	0.08639993009360902	0.0675033587836288	0.05210210702231543	0.04347303688654411	0.037246998940481266	0.02708872650216819	0.020535002348417822	0.015401251761313368	0.010049043702417233	0.0083013839280838	0.007209096569125405	0.005024521851208616	0.0031676333409793446	0.0026214896615001475	0.0019661172461251106	0.0017476597743334315	0.0013107448307500737	0.0007646011512708763	0.0005461436794791973	0.00032768620768751843	0.00021845747179167894	0.00010922873589583947	0.0	0.0	0.0	0.0	0.0	0.0	0.0	0.0	0.0	0.0
Sor-CPnd_012-Ex1-5B-lcwgs-1-2-L2-clmp.fp2_repr.R2	0.0	0.0	0.0	0.0	0.0	0.0	0.0	0.0003279097067831402	0.0009837291203494206	0.0014209420627269407	0.0024046711830763615	0.0036070067746145425	0.006011677957690903	0.013225691506919988	0.023062982710414195	0.04055150040551501	0.0685331287176763	0.10766368706046436	0.17248050576793175	0.27282087604357264	0.39655213873641093	0.5330718799937916	0.7029291081074582	0.9190216048775476	1.1543514711122478	1.3865115435147113	1.646106728051364	1.9560907041970257	2.2588606667934585	2.5185651545657053	2.7937907017923544	3.0869419796564816	3.3474115900778894	3.5770576880616822	3.7552219620805216	3.8978626845311877	4.008040346010323	4.054494221137934	4.093952689187505	4.085864249753522	3.9987495709848004	3.883653263903918	3.7612336400382125	3.6502908559099163	3.479887111618278	3.23089434093428	3.001248242950488	2.792260456494033	2.5862238573986267	2.3805151680100036	2.1677017683077455	1.9501883294749291	1.744261033615117	1.5625990560572574	1.377876587902755	1.1832075253091643	1.0065734965886461	0.8738793685770687	0.7704785077047851	0.6736358409681643	0.5715466189230134	0.4788574751389791	0.397754474327949	0.3249585194220919	0.261999855719729	0.2144529482361737	0.17127817017639357	0.131710398891228	0.10340086087228355	0.08132160728221877	0.06569124459222242	0.05137252072935863	0.04251895864621384	0.0361793709817398	0.027653718605378158	0.02033040182055469	0.01486524004083569	0.009946594439088586	0.007651226491606604	0.007214013549229085	0.005355858544124624	0.0033884003034257816	0.0024046711830763615	0.002186064711887601	0.0018581550051044613	0.0010930323559438006	0.0006558194135662804	0.0005465161779719003	0.0003279097067831402	0.00021860647118876014	0.00010930323559438007	0.0	0.0	0.0	0.0	0.0	0.0	0.0	0.0	0.0	0.0
Sor-CPnd_012-Ex1-5B-lcwgs-1-2-L3-clmp.fp2_repr.R1	0.0	0.0	0.0	0.0	0.0	0.0	0.00011899831974372522	0.0003569949592311757	0.0005949915987186261	0.0007139899184623514	0.0014279798369247027	0.0028559596738494055	0.005116927748980185	0.009043872300523116	0.01665976476412153	0.03486650768491149	0.0689000271316169	0.11578536511064465	0.16790662915839627	0.25263343281592865	0.3866255408473632	0.5348974472480448	0.7087539923936275	0.9284248906405442	1.1547596947931096	1.4095350973644252	1.6831122344552494	1.9628772841727475	2.2884566869915797	2.5867854745890986	2.8502477545017064	3.1164469957684195	3.3694374235435793	3.5899413100287028	3.7930714418312417	3.9714499231270857	4.080333385692594	4.173033076772955	4.183266932270916	4.097588142055434	4.0020324913012235	3.8862471261905784	3.76332186189531	3.6062440798335924	3.4103728455354214	3.187726989294911	2.9629391632990143	2.7657589474836612	2.560367847605992	2.3188012585262294	2.095322414047514	1.885052383060351	1.6933460899532098	1.5086606977109482	1.3149314331681639	1.1574966561472153	1.0214815766801373	0.8967713375887133	0.7775350212055006	0.6671045804833237	0.5558411515229406	0.4688533797902773	0.3980493795427608	0.326531389376782	0.26631823958645706	0.20372512340125756	0.15624479382351122	0.13196913659579126	0.10864546592602112	0.08329882382060765	0.06199812458648084	0.04640934470005283	0.03474750936516777	0.028440598418750324	0.024513653867207393	0.019277727798483486	0.014755791648221928	0.010828847096678994	0.008805875661035667	0.006901902545136062	0.004878931109492734	0.0028559596738494055	0.0013089815171809774	0.0007139899184623514	0.0008329882382060766	0.0009519865579498017	0.001070984877693527	0.0011899831974372522	0.0009519865579498017	0.0005949915987186261	0.0004759932789749009	0.0003569949592311757	0.00011899831974372522	0.0	0.0	0.0	0.0	0.0	0.0	0.0	0.0
Sor-CPnd_012-Ex1-5B-lcwgs-1-2-L3-clmp.fp2_repr.R2	0.0	0.0	0.0	0.0	0.0	0.0	0.0	0.00011903939966049964	0.0003571181989814989	0.0003571181989814989	0.0010713545969444967	0.0027379061921914915	0.0044044577874384865	0.008451797375895473	0.017974949348735444	0.0348785441005264	0.0665430244102193	0.11296839027781416	0.17082153851281698	0.2584345366629447	0.3814022365122408	0.5207973735146859	0.6924521878251264	0.9071992648126677	1.140754566946568	1.4102597677779392	1.6813124808048967	1.971054379578553	2.2911513252656364	2.5716081508657735	2.8189720233602915	3.0818110178106752	3.3716719559839916	3.5949898697470886	3.75247899549793	3.917586642827043	4.079480226365322	4.171497682302889	4.14090455659014	4.070195153191804	4.004009246980566	3.904016151265746	3.766049487059227	3.6085603613083856	3.430358380016618	3.213468593835188	3.0011023048408565	2.809686950186773	2.5868451940223176	2.352694694890115	2.1289006235283754	1.8810605934352151	1.6869073325889403	1.5089434300964935	1.323480045425435	1.1596818314925874	1.0136204881091544	0.9051755950184392	0.7850648407609951	0.672572608081823	0.5663894635846572	0.4692533134616895	0.4042578012470568	0.339976525430387	0.2693861614317107	0.20581912201300387	0.1604651107423535	0.1333241276197596	0.10951624768765966	0.08701780115182522	0.06547166981327479	0.046663444666915854	0.0333310319049399	0.027021943722933414	0.021784210137871435	0.017974949348735444	0.014403767358920455	0.01011834897114247	0.008689876175216472	0.006309088182006481	0.003571181989814989	0.0019046303945679942	0.0014284727959259955	0.0011903939966049963	0.0010713545969444967	0.0007142363979629978	0.0008332757976234974	0.0011903939966049963	0.0009523151972839971	0.0005951969983024982	0.0003571181989814989	0.00011903939966049964	0.0	0.0	0.0	0.0	0.0	0.0	0.0	0.0	0.0
Sor-CPnd_013-Ex1-7F-lcwgs-1-2-L2-clmp.fp2_repr.R1	0.0	6.342320401342034e-05	0.00012684640802684068	0.00012684640802684068	0.00012684640802684068	0.00012684640802684068	0.00012684640802684068	0.00019026961204026105	0.00044396242809394246	0.0008879248561878849	0.001649003304348929	0.003298006608697858	0.006659436421409136	0.011289330314388822	0.022451814220750804	0.044649935625447924	0.07940585142480228	0.12729037045493466	0.20346163847505247	0.3128032421941892	0.4515732125755529	0.6210400136994121	0.8154321340005455	1.045468094957221	1.2990340646028755	1.585136137907415	1.8951487591250136	2.202370759366022	2.5057239441622112	2.808189204102213	3.0876952641893562	3.3566096492062587	3.6311686993803556	3.8543549543035813	4.0200163631866355	4.151365818698429	4.241426768397486	4.258741303093149	4.229059243614869	4.148321504905785	4.001243094798663	3.8601264658688033	3.714379943045963	3.5076837211662255	3.2961039125774554	3.0821140222361754	2.837173608336346	2.5853200651990536	2.344438736356083	2.120618249392723	1.9146831059611469	1.7041180686365915	1.4959631130645457	1.3101331253052242	1.1372414711646401	0.9902264842615318	0.8605260320540873	0.7304450406225621	0.6149513861141237	0.5248270132110534	0.44358188886986194	0.3761630230035961	0.318511330555397	0.2634599894717481	0.2116432317927837	0.16623221771917474	0.12817829531112254	0.10236505127766045	0.07877161938466808	0.05657349797997095	0.047186863785984745	0.03982977212042798	0.027779363357878117	0.018836691591985845	0.016426609839475872	0.014143374494992738	0.01052825186622778	0.00735709166555676	0.0050738563210736285	0.003995661852845482	0.0029808905886307565	0.001649003304348929	0.0009513480602013053	0.0009513480602013053	0.0006976552441476238	0.00025369281605368136	6.342320401342034e-05	0.00019026961204026105	0.00019026961204026105	6.342320401342034e-05	0.0	0.0	0.0	0.0	0.0	0.0	0.0	0.0	0.0	0.0	0.0
Sor-CPnd_013-Ex1-7F-lcwgs-1-2-L2-clmp.fp2_repr.R2	0.0	0.0	0.0	0.0	0.0001268094117945434	0.0002536188235890868	0.0002536188235890868	0.0003170235294863585	0.0005072376471781736	0.0010144752943563472	0.001902141176918151	0.003994496471528117	0.0064038752956244414	0.012173703532276165	0.02320612235840144	0.04419308001039837	0.07836821648902781	0.1313111459132497	0.20486060475408485	0.30922475066099403	0.45467514598933534	0.6177520495571182	0.8197594425458258	1.0568296378957245	1.303093515600728	1.5970377321404796	1.9073403628017274	2.202108840518143	2.51405999353272	2.8217630312521793	3.1011241654355586	3.3662192407920517	3.629158556148037	3.845875840904912	4.01649790447447	4.1495209774469455	4.2305521915836595	4.257626001001794	4.217554226874719	4.1360157750908275	4.013454478591401	3.877578193853548	3.7025178008711808	3.490429059644807	3.2913382831273736	3.062700913661812	2.811808492426308	2.5659884476625856	2.3374778876088182	2.123487005205526	1.923635372217326	1.7135121768737678	1.5006625791766264	1.3065807744250777	1.1433770614455006	0.99837049905844	0.8576754566723943	0.7367626825262972	0.6224439977935162	0.5219475389463406	0.44142356245680553	0.3777652377359448	0.31822821889840663	0.26084696006137575	0.20555805651895484	0.16174540474394009	0.13029667061889333	0.10379350355383377	0.07836821648902781	0.05953701883753812	0.04774374354064559	0.03778920471477393	0.027707856477107735	0.01902141176918151	0.01604139059200974	0.014392868238680674	0.010969014120228002	0.007671969413569876	0.005072376471781736	0.0037408776479390298	0.002726402353582683	0.001458308235637249	0.0006974517648699887	0.0007608564707672603	0.0006974517648699887	0.00038042823538363016	0.0003170235294863585	0.0003170235294863585	0.0001268094117945434	6.34047058972717e-05	0.0001268094117945434	0.0001268094117945434	6.34047058972717e-05	0.0	0.0	0.0	0.0	0.0	0.0	0.0	0.0
Sor-CPnd_013-Ex1-7F-lcwgs-1-2-L3-clmp.fp2_repr.R1	0.0	0.0	0.0	0.0	0.0	6.520145946946877e-05	6.520145946946877e-05	0.0001956043784084063	0.0007824175136336252	0.0012388277299199065	0.0021516481624924695	0.004368497784454407	0.007367764920049971	0.012714284596546409	0.021451280165455222	0.03872966692486445	0.07296043314633555	0.11658020953141016	0.18517214489329129	0.2913853223690559	0.43124245293106644	0.6057867599308343	0.8076504784483096	1.0413325091868855	1.2967918273882642	1.5710943673763194	1.8818445232078076	2.190443030876803	2.5082349443309937	2.8304605570291086	3.0954392883130297	3.3560495218124964	3.6199198282854366	3.822826770154423	3.993524191045492	4.14837765728548	4.235747612974569	4.226032595513618	4.181956408912257	4.160244322908923	4.0492062374324185	3.865859733404273	3.7082678058665666	3.515858298972164	3.287001176234329	3.0722275687418987	2.856671543735835	2.6171865831044765	2.377636421013648	2.13560860346298	1.9135976339694387	1.7071046118296314	1.5085009662856295	1.332652630096472	1.1643676632057731	1.0108182261551741	0.8675706197007514	0.7376893124375696	0.6265208240421254	0.5326307224060903	0.44917285428517034	0.3779728605445104	0.3209867849681947	0.26184906122938656	0.20473258273413192	0.16554650559298117	0.12870768099273133	0.09767178628526423	0.08143662287736649	0.06546226530734664	0.049618310656265735	0.036643220221841445	0.026015382328318036	0.021907690381741503	0.01675677508365347	0.011931867082912785	0.010236629136706596	0.008215383893153065	0.005411721135965907	0.0033252744329429072	0.0024124540003703445	0.001956043784084063	0.0013040291893893752	0.0009128204325725627	0.0009780218920420315	0.0007172160541641565	0.0003912087568168126	0.00026080583787787507	0.0001956043784084063	6.520145946946877e-05	0.0	0.0	0.0	0.0	0.0	0.0	0.0	0.0	0.0	0.0	0.0
Sor-CPnd_013-Ex1-7F-lcwgs-1-2-L3-clmp.fp2_repr.R2	0.0	0.0	0.0	0.0	0.0	0.0	6.518131486355595e-05	0.00019554394459066787	0.0005866318337720036	0.001108082352680451	0.0021509833904973467	0.004301966780994693	0.007235125949854711	0.012710356398393411	0.02313936677656236	0.04034723390054114	0.07091727057154887	0.11954253145976161	0.19586985116498562	0.30244130096689964	0.44036496321818397	0.6147901617930597	0.8092912053459108	1.0433573070209403	1.3156196592060134	1.5863828411492247	1.8766352362366394	2.1872242015614836	2.507851089375315	2.8279565266702384	3.1046512082660334	3.3531875618407723	3.604526711954644	3.8314880503095465	3.986163310480764	4.102381594882484	4.1840537824065205	4.207062786553355	4.19578641908196	4.153353383105785	4.050366905621368	3.8960827333393304	3.7325428143466683	3.5209642662995657	3.2928296642771193	3.087312978512328	2.861981173029015	2.6080999516354644	2.361779762766086	2.1315593586680066	1.9109857891697335	1.703513663959035	1.5077741754237763	1.3259183069544551	1.1611399429793858	1.0039877928433523	0.8605237188286657	0.7422848136661753	0.6306944026197674	0.5319447106014802	0.45235832515307833	0.3830054061382548	0.32323414040837395	0.26822111066353277	0.21183927330655686	0.16282292452916278	0.12436594875966475	0.09770679098047036	0.07945602281867471	0.06316069410278571	0.047451997220668736	0.03532827265604733	0.027115426983239276	0.021966103109018354	0.016686416605070323	0.01192818062003074	0.010168285118714728	0.008017301728217383	0.005801137022856479	0.004106422836404025	0.0027376152242693497	0.0017598955013160107	0.001433988926998231	0.001238444982407563	0.001303626297271119	0.0009777197229533393	0.00032590657431777974	0.0001303626297271119	6.518131486355595e-05	0.0	0.0	6.518131486355595e-05	0.0001303626297271119	6.518131486355595e-05	0.0	0.0	0.0	0.0	0.0	0.0	0.0
Sor-CPnd_014-Ex1-1F-lcwgs-1-2-L2-clmp.fp2_repr.R1	0.0	0.0	0.0	0.0	1.2857777296611176e-05	3.857333188983354e-05	7.714666377966708e-05	0.00020572443674577882	0.00038573331889833534	0.0009000444107627824	0.001890093262601843	0.0033558798744155174	0.006030297552110642	0.011494852903170394	0.02049529701079822	0.03750613637421481	0.06923913074225119	0.11516711124574631	0.18216898873838716	0.27493785193343684	0.3984625184219804	0.55766751690862	0.7459825231947874	0.968846377076949	1.2157928478356632	1.48841629985571	1.7882339508580893	2.098299250365868	2.4107432386735197	2.7094165474965006	3.0070998074676427	3.2977370054802417	3.554712542530313	3.7681773612086515	3.961519758417794	4.11986328582556	4.203348833812457	4.226158530736645	4.203593131581092	4.1529077734778514	4.047448284091047	3.8822258458295926	3.7062543057481725	3.519495090514895	3.318399453595896	3.108971976988693	2.8835108520926163	2.6556838961739624	2.4326786067415385	2.1998499754545033	1.981666352508308	1.7764948001862835	1.5713361056415556	1.3909029168382108	1.2163714478140106	1.0566778537900998	0.922416943258886	0.7994965923032831	0.6914784052344526	0.593746440002911	0.5050149188789973	0.4258110107318724	0.35776765327820603	0.2962689044685148	0.23554162229662018	0.1848048330841925	0.14516430567874022	0.11463994237658527	0.08853865446446457	0.06594753975431873	0.05158540251400405	0.040373420711359104	0.03110296328050244	0.024159763540332405	0.018810928184942153	0.014323563908424854	0.010749101819966946	0.008550421902246433	0.006994630849356481	0.005053106477568193	0.003317306542525684	0.0023915465771696793	0.0018386621534153985	0.0014014977253306185	0.0010157644064322832	0.000784324415093282	0.0006171733102373366	0.000501453314567836	0.0004243066507881689	0.0002571555459322236	0.0001285777729661118	7.714666377966708e-05	3.857333188983354e-05	1.2857777296611176e-05	0.0	0.0	0.0	0.0	0.0	0.0	0.0
Sor-CPnd_014-Ex1-1F-lcwgs-1-2-L2-clmp.fp2_repr.R2	0.0	0.0	0.0	0.0	0.0	5.140119661985731e-05	0.00011565269239467896	0.0002441556839443222	0.0005011616670436088	0.0011051257273269322	0.0021331496597240783	0.0033924789769105824	0.0057697843205789835	0.011205460863128893	0.020881736126817034	0.03918056212348623	0.0695586693258219	0.11472747085552151	0.1841062359931739	0.27742510845652485	0.39599481875938075	0.5532567798178342	0.7441736743631392	0.9623460534161234	1.2144689228365237	1.486265600263174	1.7846880975389108	2.1029000555132926	2.406565474844254	2.708701708575776	3.003269116105023	3.2789851347739374	3.5431487345025396	3.764405185352715	3.959382774430989	4.120062915064663	4.204797787692498	4.2231865657832515	4.205273248761231	4.153974854534614	4.040159754919094	3.8910705841231983	3.7236954376297877	3.528435141970105	3.3176259843329157	3.0999033657503547	2.881178423833707	2.6648050866624176	2.441171330468573	2.204610173324835	1.9824670518329666	1.7774790797129756	1.5783636943068033	1.3922528116454551	1.2188765754466764	1.0599697760963875	0.9181924255196662	0.7991729547463865	0.6948285256080762	0.5970762999362624	0.5082421818779942	0.4262058720727019	0.3555934782161729	0.29497861710220613	0.23707516910993687	0.1866377449267019	0.1455681888274359	0.1141235067952382	0.08808880070728047	0.06671875321257478	0.05114419063675802	0.03952752020067027	0.03032670600571581	0.022822131299216647	0.017836215227090488	0.014109628472150831	0.010588646503690607	0.008481197442276456	0.006836359150441023	0.004793161584801695	0.0033153771819807967	0.0024544071385981868	0.0018761436766247916	0.0015163353002857908	0.0011179760264818967	0.0007967185476077883	0.0006039640602833234	0.0004369101712687872	0.0003212574788741082	0.0001799041881695006	7.710179492978597e-05	2.5700598309928654e-05	0.0	0.0	0.0	0.0	0.0	0.0	0.0	0.0	0.0
Sor-CPnd_014-Ex1-1F-lcwgs-1-2-L3-clmp.fp2_repr.R1	0.0	1.3197954000379044e-05	2.639590800075809e-05	2.639590800075809e-05	1.3197954000379044e-05	1.3197954000379044e-05	5.279181600151618e-05	0.0001451774940041695	0.0003167508960090971	0.0007522833780216055	0.0014253790320409368	0.002705580570077704	0.005292379554151997	0.009990851178286938	0.01977053509256781	0.03723142823506929	0.0658181965998903	0.1111003767751908	0.1779876076491118	0.27500576750589817	0.3992381085114661	0.5507638183898179	0.7348620787411052	0.9550303473754286	1.2063853813126473	1.4848094189046437	1.7834131281632197	2.088365053295978	2.385899728280523	2.691062820677287	2.996041141718046	3.2792032447961783	3.535098374909528	3.762367142796055	3.956509046141631	4.094731218387601	4.192052931186396	4.237770643843708	4.216297572685092	4.137294620038823	4.022036887753512	3.8857416167915986	3.7186555191468	3.5285917835873413	3.334001149805753	3.129116111903868	2.905120436609435	2.675555224726842	2.447098640980281	2.2064867415993703	1.9856321793570275	1.7833471383932178	1.585127067261525	1.4053709337763622	1.2313163164193635	1.0703144755687395	0.9296506818326996	0.8060254467111492	0.6938692336159279	0.5955180804051032	0.5089395021626167	0.4272177709922697	0.3561203927922278	0.29603010822850195	0.24145656843693464	0.19111957187948897	0.14563942239418276	0.11290849647324272	0.0893765444905669	0.0690912891919843	0.053200952575527934	0.04078167786117125	0.03080402463688469	0.02322839904066712	0.018741094680538244	0.014676124848421497	0.011165469084320673	0.008750243502251306	0.006744154494193692	0.0054375570481561665	0.00442131459012698	0.003299488500094761	0.00234923581206747	0.0016629422040477597	0.001121826090032219	0.0007918772400227428	0.0005543140680159199	0.0003167508960090971	0.0002375631720068228	0.00018477135600530664	0.00010558363200303236	5.279181600151618e-05	1.3197954000379044e-05	0.0	0.0	0.0	0.0	0.0	0.0	0.0	0.0
Sor-CPnd_014-Ex1-1F-lcwgs-1-2-L3-clmp.fp2_repr.R2	0.0	0.0	0.0	0.0	2.6381604634720303e-05	5.2763209269440606e-05	7.91448139041609e-05	0.0001846712324430421	0.00042210567415552485	0.0007518757320895286	0.0014773698595443368	0.0031789833584837967	0.005856716228907907	0.011001129132678367	0.021369099754123447	0.0381346094994882	0.06696970336523748	0.11158099680254951	0.17856389097010436	0.27595158447917434	0.3978741702985343	0.5529716239460549	0.7365612105990735	0.9565046484387366	1.2078421957937169	1.478979137427055	1.775983242404736	2.0866530185832026	2.393378744868778	2.6874281101273705	2.9842607346749257	3.2768854932832436	3.543590325337948	3.7648528434093476	3.9449732490529	4.078081635237382	4.167620801367622	4.23079155366546	4.223312368751516	4.1434684423245365	4.038430083471397	3.896774057385266	3.721652965819993	3.527286493673691	3.3282372867047263	3.1195587940440888	2.9055775988518726	2.689182486835579	2.4488856410202295	2.2106333695640705	1.9918902947352868	1.7844253558878465	1.5853893397211993	1.4050842628452032	1.2344876164747844	1.0697344955309562	0.9250841573187847	0.8062218376370525	0.697978113820795	0.5966859428257865	0.5079909880438568	0.42664331015269674	0.3579324208815677	0.2975976910819624	0.24031003661766723	0.19088410033451875	0.1480008020007809	0.11574929033483533	0.0900404166183004	0.06745776305097981	0.051549655456243466	0.03911072887097285	0.03052351656237139	0.02433703027552948	0.01894199212772918	0.014800080200078088	0.011475998016103332	0.008534449099332018	0.006463493135506475	0.005342274938530862	0.0045640176018066116	0.0037066154511782023	0.002532634044933149	0.0015433238711311378	0.0009761193714846512	0.0006331585112332872	0.000435296476472885	0.00027700684866456315	0.00029019765098192333	0.00023743444171248272	0.00014509882549096166	7.91448139041609e-05	3.957240695208045e-05	2.6381604634720303e-05	1.3190802317360151e-05	0.0	0.0	0.0	0.0	0.0	0.0
Sor-CPnd_015-Ex1-5F-lcwgs-1-2-L2-clmp.fp2_repr.R1	0.0	0.0	0.0	0.0	0.0	8.828213558017254e-05	0.00017656427116034509	0.0002648464067405176	0.00035312854232069017	0.0007062570846413803	0.0016773605760232783	0.0022070533895043134	0.005385210270390525	0.012447781116804328	0.02498384436918883	0.04069806450245954	0.06656473022745009	0.1096464123905743	0.1752400391266425	0.2647581246049374	0.37890692591010056	0.5281920171761723	0.7021961064046923	0.9048036075611884	1.1296582068838878	1.3681082550859338	1.636750793656399	1.9246388377833414	2.217117552960453	2.474548260312236	2.7372758957988297	3.0234865793497487	3.2478114858589673	3.427730478171359	3.6136526557032025	3.7839488952373554	3.922551848098226	3.9835548037841257	3.998739331103915	4.018602811609454	3.9560107774831113	3.8629614065816096	3.7748558352725974	3.6144471949234243	3.4398251307458425	3.27976961893899	3.0782215034094564	2.8718178704230124	2.6690338049953564	2.4266993428277828	2.2107612391986806	2.013803794719316	1.8089009580377353	1.6180349809134025	1.416310301112708	1.2278279416490396	1.0864882425851834	0.9634229455864229	0.8435358054685486	0.7268268222315605	0.6113537888926948	0.5106238721957179	0.42631443271665315	0.3552473135746143	0.2901833796520272	0.2349187627788391	0.19139566993781407	0.16252741160309764	0.1328646140481597	0.10487917706924499	0.08563367151276736	0.06744755158325182	0.048731738840255244	0.03619567558787074	0.02754402630101383	0.019686916234378474	0.015272809455369848	0.012977473930285364	0.011741524032162947	0.010064163456139669	0.0080336743377957	0.006003185219451733	0.004325824643428454	0.003089874745306039	0.002295335525084486	0.0015007963048629333	0.000971103491381898	0.0007945392202215528	0.00035312854232069017	0.0	0.0	0.0	0.0	0.0	0.0	0.0	0.0	0.0	0.0	0.0	0.0
Sor-CPnd_015-Ex1-5F-lcwgs-1-2-L2-clmp.fp2_repr.R2	0.0	0.0	0.0	0.0	0.0	0.0	0.0	0.0	8.832595811583067e-05	0.0008832595811583065	0.002119822994779936	0.0033563864084015654	0.006712772816803131	0.013248893717374598	0.02428963848185343	0.03957002923589214	0.06650944646122049	0.11155568510029412	0.1725889221583331	0.2574701679076464	0.38033157564676684	0.5325172014803431	0.7014847593559271	0.8979216902055345	1.1174116961233735	1.359159843486402	1.6290839714883807	1.89856646969978	2.1817394914191333	2.4600545854421156	2.744110866742627	3.0258706731321268	3.2609060476783522	3.4405610464859517	3.6200393933773194	3.789448581043483	3.9284736391178	4.01874276831218	4.021392547055655	4.015298055945662	3.975816352667885	3.8901401732955296	3.7682503510956837	3.5961030587279295	3.427577130642925	3.264350760044869	3.0613777082946907	2.8633509101989985	2.6838725633076304	2.4547550279551658	2.216363267000539	2.007119072224136	1.8064424953849685	1.6088573270798556	1.409858943444889	1.2379766289514826	1.0905606048561611	0.9655793741222609	0.8503139987811018	0.731780562989657	0.6216380932192161	0.5158235953964511	0.424582880662798	0.35074237967796357	0.28423293321674303	0.23176731409593967	0.18998913590715175	0.15819179098545272	0.1308107439695452	0.10440128249291185	0.08311472658699665	0.06421297155020889	0.04672443184327442	0.0363019687856064	0.027469372974023337	0.019431710785482746	0.016870258000123657	0.014132153298532905	0.011040744764478833	0.009009247727814728	0.007507706439845606	0.006094491109992316	0.004681275780139025	0.003444712366517396	0.002296474911011597	0.0014132153298532907	0.0009715855392741372	0.000794933623042476	0.0003533038324633227	0.0	0.0	0.0	0.0	0.0	0.0	0.0	0.0	0.0	0.0	0.0	0.0
Sor-CPnd_015-Ex1-5F-lcwgs-1-2-L3-clmp.fp2_repr.R1	0.0	0.0	0.0	0.0	0.0	9.59138770115538e-05	9.59138770115538e-05	0.0001918277540231076	0.0006713971390808765	0.0010550526471270916	0.0020141914172426296	0.0028774163103466137	0.006042574251727888	0.010838268102305577	0.019566430910356973	0.036351359387378886	0.06378272821268326	0.11001321693225219	0.17772841410240917	0.2694220805254546	0.38154540275196097	0.510933222840547	0.6877024981728407	0.8913276590683694	1.1152865618903476	1.3720480106502768	1.638113105480327	1.9107962578241746	2.187507793002507	2.455682993126812	2.724529590390197	2.9919374794984086	3.2534946221089163	3.4943343672849276	3.6910537290356245	3.8679189182449294	3.9971149105794925	4.01610585822778	4.028862403870317	4.046606471117454	4.004788020740416	3.9382237900943986	3.801834256983969	3.6265996036838604	3.4401430267734	3.2286529279629237	3.0352905519076314	2.8311858216270447	2.6190243256774877	2.430457643472773	2.217241094876089	1.9896374647276716	1.7839981124149005	1.6019535738469715	1.4086871116686903	1.2318219224593852	1.0852655183857312	0.9445598608097816	0.8233247202671777	0.7034323740027355	0.600804525600373	0.5084394620382465	0.42077417844968645	0.3514284453703331	0.2837132482001761	0.22539761097715139	0.1851137826322988	0.1572987582989482	0.12852459519548207	0.09811989618281952	0.07375777142188486	0.056685101313828284	0.04364081404025697	0.035871790002321116	0.029445560242547013	0.020909225188518725	0.01525030644483705	0.012276976257478886	0.010262784840236256	0.008056765668970518	0.0066180575137972115	0.005371177112647012	0.0037406412034505974	0.002685588556323506	0.0019182775402310757	0.0012468804011501991	0.000863224893103984	0.0006713971390808765	0.0006713971390808765	0.0003836555080462152	0.0001918277540231076	9.59138770115538e-05	0.0	0.0	0.0	0.0	0.0	0.0	0.0	0.0	0.0
Sor-CPnd_015-Ex1-5F-lcwgs-1-2-L3-clmp.fp2_repr.R2	0.0	0.0	0.0	0.0	0.0	0.0	0.0	0.0003839781286057947	0.0007679562572115894	0.000863950789363038	0.0014399179822717299	0.003455803157452152	0.007199589911358648	0.01219130558323398	0.0215027752019245	0.037821845667670766	0.06719617250601406	0.11048970650631738	0.17279015787260757	0.2637929743521809	0.372074806619015	0.4983076163981699	0.678489353246439	0.8913092310262007	1.1244799496220694	1.3758896293267135	1.6306591176566583	1.9020356600488038	2.182147704866731	2.454580187112542	2.7279726146798677	2.9956053703181067	3.2437512359296012	3.4737541349644725	3.6821582642652673	3.8347895703860706	3.960254423908014	4.035706126179052	4.042137759833199	4.035322148050447	4.000380138347319	3.9283842392337336	3.8148227076985695	3.6582556257595567	3.468378441163991	3.2653500056636773	3.052530127883916	2.8325106601927956	2.6211307003953057	2.399767309254065	2.180899775948762	1.9852629194241096	1.7937538277819693	1.6105962604370054	1.4220629992915603	1.2376575030286274	1.0862741258257929	0.9532257042638851	0.8278568452740932	0.7104555324528715	0.6108132080796678	0.5139547251388561	0.42170397974131396	0.3539318400423912	0.28423980970043944	0.22885096464905358	0.1884372666132937	0.15483918036028668	0.12805670589003249	0.09781842826232619	0.07218788817788939	0.05711674663011195	0.043677512128909135	0.03455803157452152	0.028030403388223008	0.020350840816107114	0.01564710874068613	0.01142334932602239	0.009023486022236174	0.008255529765024585	0.006431633654147059	0.004895721139723881	0.00431975394681519	0.0035517976896036	0.002495857835937665	0.0015359125144231787	0.0010559398536659351	0.000863950789363038	0.0007679562572115894	0.000287983596454346	0.0	0.0	0.0	0.0	0.0	0.0	0.0	0.0	0.0	0.0	0.0
Sor-CPnd_016-Ex1-1B-lcwgs-1-2-L2-clmp.fp2_repr.R1	0.0	0.0	0.0	0.0	0.0	0.0	0.0	0.0002568304046106194	0.0006971110982288241	0.0009906315606409606	0.0014676023120606823	0.0026783742195107454	0.0041459765315714275	0.00686104080888369	0.013061660577340074	0.023921917686589123	0.04443165999763716	0.07572827930233121	0.12632386901062326	0.2103441013760973	0.3202675145494424	0.46508317269203026	0.6414889706017243	0.8436511890880833	1.100151383178489	1.3941855063998467	1.6990065066148505	2.0247775298345205	2.3729661783709175	2.7187332830924142	3.0463021191443587	3.3450692598221123	3.6271424242001746	3.883789378521787	4.0932529185106485	4.242911664283036	4.345386995722673	4.397817088321041	4.383544655836251	4.310274610406621	4.202002249834345	4.044418451576829	3.8353951922815863	3.6247575704430766	3.3982331535765105	3.1507954037630794	2.9339204720983116	2.7150642773122624	2.4625266094644207	2.2013300879754207	1.9612670397800944	1.7516934296178293	1.5459355854669212	1.3579357292919478	1.1767235338102553	1.00343639081369	0.8560524286249961	0.7304990508282047	0.6196583862098216	0.5267591598563804	0.4389231614795486	0.3567741220619519	0.29436433374157134	0.2380084049584412	0.18781640588596582	0.15094289779544118	0.11696790427123639	0.08783599837683184	0.06673921514095953	0.05026537918807838	0.03676343791712009	0.026673672021702902	0.019592490866010108	0.014859473409614408	0.011630748323080909	0.008732233756761059	0.0068977308666852075	0.005246678265616939	0.003962526242563842	0.0031186549131289503	0.0021280233524879895	0.0016143625432667506	0.0013942221964576482	0.0011007017340455118	0.000587040924824273	0.0004769707514197218	0.000587040924824273	0.00040359063581668766	0.00014676023120606825	7.338011560303412e-05	3.669005780151706e-05	0.0	0.0	3.669005780151706e-05	7.338011560303412e-05	7.338011560303412e-05	3.669005780151706e-05	0.0	0.0	0.0	0.0
Sor-CPnd_016-Ex1-1B-lcwgs-1-2-L2-clmp.fp2_repr.R2	0.0	0.0	0.0	0.0	3.665278015002716e-05	7.330556030005432e-05	0.0001832639007501358	0.0002565694610501901	0.00032987502135024447	0.0006597500427004889	0.0014294584258510593	0.0023824307097517652	0.0044349863981532865	0.007807042171955785	0.014697764840160893	0.026793182289669853	0.04676894747143466	0.07726406055625726	0.13085042513559694	0.21002043025965564	0.31814613170223577	0.46549030790534496	0.6420467498880258	0.854193041396383	1.1089298634390719	1.3927689929208822	1.708496041133216	2.0239665198844996	2.3556741802422456	2.6990740774678503	3.0007997636628736	3.3009493803114456	3.6159433729207797	3.8789637232773746	4.064500096396812	4.212943856004422	4.316487959928248	4.3575390736962785	4.349841989864773	4.289987999879779	4.164195658404886	4.003986356369118	3.819806136115231	3.639877638358747	3.434182236156795	3.18483337279616	2.963194011228946	2.742544274725782	2.4840322163276407	2.222294713276297	1.9866906424719222	1.7647214058833578	1.5601255870859059	1.3718402554552165	1.1911420493155827	1.020010218795106	0.8650789171009411	0.7407160340518988	0.6373918468089723	0.5397488404893	0.4503160569232337	0.3667843709613218	0.29505488020771864	0.24198165455047932	0.19686208218579587	0.15452812111251452	0.117398854820537	0.08950608912636633	0.06791760161800033	0.051497156110788166	0.03914516920022901	0.02723301565147018	0.0203789457634151	0.015210903762261273	0.011655584087708637	0.009603028399307115	0.007000681008655187	0.0055712225828041285	0.00450829195845334	0.003262097433352417	0.002125861248701575	0.0016493751067512222	0.0012461945251009234	0.0007330556030005432	0.0004031805816502988	0.00032987502135024447	0.0003665278015002716	0.0002565694610501901	7.330556030005432e-05	7.330556030005432e-05	7.330556030005432e-05	7.330556030005432e-05	3.665278015002716e-05	0.0	0.0	0.0	0.0	0.0	0.0	0.0	0.0
Sor-CPnd_016-Ex1-1B-lcwgs-1-2-L3-clmp.fp2_repr.R1	0.0	0.0	0.0	0.0	0.0	0.0	0.0	0.00018538327064289062	0.0004634581766072266	0.00037076654128578125	0.0006488414472501173	0.001761141071107461	0.0034759363245541993	0.006998218466769122	0.013162212215645234	0.02613904116064758	0.045696976213472545	0.07540464533399577	0.13018540180896995	0.2091586751028414	0.30917294961468084	0.44635656989041994	0.6255758467844345	0.8506774831625645	1.0998325989066093	1.3799467208480172	1.6863389214030546	2.011130411569399	2.3678078242863205	2.6970948587657553	3.020264245313974	3.33421081414771	3.6250771657864047	3.8849381654100767	4.080285786850022	4.227341066287496	4.333472988730551	4.370781371947433	4.365636986187092	4.29621095133133	4.177658349755201	4.040567421114784	3.854303579936339	3.637914957278425	3.4086421973108303	3.180528082784753	2.94750131158664	2.7154478025594018	2.4852017804209314	2.257273049165497	2.009322924680631	1.7648023907026582	1.539747100142189	1.342731029266457	1.1680072966855324	1.0031088774486812	0.8599003008770482	0.7364350426288832	0.6286810165677029	0.5364064936052041	0.44816405677918814	0.36372197700135145	0.29703034538757156	0.24109094347107926	0.19201072256837398	0.15243139428611682	0.11665242305203893	0.08699109974917643	0.06738681887869076	0.052046353232991546	0.04018182391184655	0.03044920220309479	0.023126563012700607	0.01756506489341389	0.012930483127341621	0.009686275891091035	0.00801782645530502	0.006534760290161895	0.004541890130750821	0.003012478147946973	0.002178253430053965	0.0014367203474824025	0.0008805705355537305	0.0004634581766072266	0.00037076654128578125	0.0005098039942679493	0.0004634581766072266	0.00013903745298216797	0.0	0.0	0.0	0.0	0.0	0.0	0.0	0.0	0.0	0.0	0.0	0.0	0.0
Sor-CPnd_016-Ex1-1B-lcwgs-1-2-L3-clmp.fp2_repr.R2	0.0	0.0	0.0	0.0	4.629565330111156e-05	9.259130660222312e-05	9.259130660222312e-05	0.0002314782665055578	0.0006018434929144503	0.0013888695990333468	0.0018518261320444624	0.002546260931561136	0.004027721837196706	0.006851756688564511	0.012962782924311236	0.02671259195474137	0.047638227246843794	0.0784711323453841	0.1290259857501979	0.21092299643986429	0.3168011555395064	0.4484659935278677	0.6288801544422994	0.8557288556177459	1.0917903918001137	1.3663699115290064	1.678217432165294	2.0014999791669563	2.353624718175211	2.6859812132238905	2.981856733471294	3.290000601843493	3.6042092007981372	3.8498539372138354	4.030453280741471	4.1833678235950424	4.298088452475197	4.33401387943686	4.33859714911367	4.305819826576482	4.1909603107364255	4.035453211297992	3.8586038156877454	3.6600417586792777	3.4427299620838596	3.2225941306370744	2.9922732554640445	2.7391286232135665	2.504270774017028	2.2657092725564	2.0024258922329783	1.7745586866849072	1.5680800729619495	1.3688698768072665	1.1826687592301959	1.0161895899593987	0.8767470822164508	0.7485081225723716	0.6286023805224927	0.5322611260028796	0.45166039360564436	0.3662449132650935	0.2935144419290473	0.2467095364416235	0.20208052665935194	0.16083109956806155	0.12518344652620567	0.09388758489465425	0.07036939301768957	0.05249927084346051	0.04018462706536483	0.030555131178733628	0.022592278810942442	0.01546274820257126	0.01101836548566455	0.009259130660222312	0.008055443674393412	0.006666574075360064	0.004814747943315602	0.0030092174645722516	0.002314782665055578	0.0018981217853455737	0.0012499826391300121	0.000740730452817785	0.000416660879710004	0.0003703652264088925	0.00027777391980666935	9.259130660222312e-05	4.629565330111156e-05	9.259130660222312e-05	9.259130660222312e-05	4.629565330111156e-05	0.0	0.0	0.0	0.0	0.0	0.0	0.0	0.0	0.0
Sor-CPnd_017-Ex1-3G-lcwgs-1-2-L2-clmp.fp2_repr.R1	0.0	0.0	0.0	0.0	0.0	7.457933525946897e-05	0.0002237380057784069	0.00014915867051893794	0.0002983173410378759	0.0010441106936325655	0.0031323320808976964	0.005593450144460173	0.008278306213801056	0.014915867051893794	0.030502948121122805	0.05451749407467181	0.0886748296235086	0.14490764840914822	0.23231462933324584	0.3467193296212712	0.4832740924813589	0.6470503127111528	0.8599743148769367	1.1124253647302391	1.3857586284561927	1.6743806559103378	1.9908953547515242	2.3184477952111116	2.656590501277544	2.963036989858702	3.2442010837868995	3.513730801414621	3.7380654418751034	3.924662938694295	4.079638797363471	4.185019398085101	4.243862493604822	4.2589275193272345	4.215149449529926	4.133112180744511	4.000733860658953	3.8124956184640535	3.588011819333052	3.387915462831897	3.183642663556211	2.958562229743134	2.7413872054675603	2.5059402440534164	2.271611972668165	2.0404160333638113	1.8318176326430766	1.6358231395811922	1.4349809897274424	1.2522616183417434	1.0811766232565216	0.9379097202230816	0.8103790569293898	0.6990321093870027	0.600811124850282	0.5054987343886806	0.42249193424489173	0.34977708236690946	0.285937171384804	0.2345520093910299	0.1932350576572841	0.15512501733969544	0.11865572239781513	0.09195632037492524	0.0721182171959065	0.05518870809200704	0.04049657904589165	0.03095042413267962	0.025207815317700506	0.02006184118479715	0.014990446387153262	0.011186900288920346	0.008949520231136276	0.00723419552016849	0.005444291473941235	0.004549339450827607	0.0035052287571950415	0.0021628007225246	0.0015661660404488482	0.0008949520231136276	0.0005966346820757517	0.0007457933525946896	0.0009695313583730965	0.0009695313583730965	0.0004474760115568138	7.457933525946897e-05	0.0	0.0	0.0	0.0	0.0	0.0	0.0	0.0	0.0	0.0	0.0
Sor-CPnd_017-Ex1-3G-lcwgs-1-2-L2-clmp.fp2_repr.R2	0.0	0.0	0.0	0.0	0.00014915132893834085	0.0002983026578766817	0.0003728783223458521	0.0002983026578766817	0.0003728783223458521	0.0009694836380992154	0.003057602243235987	0.005816901828595293	0.009247382394177132	0.015288011216179936	0.02900993347850729	0.05160635981266593	0.08844673806043611	0.14997166124750172	0.23379470811084926	0.3484175043999642	0.48705366464815203	0.6525370641052411	0.857694717059929	1.1054350744265131	1.382781970587358	1.686081197983474	1.9887838200638368	2.291561017808669	2.6278226889001584	2.9373862721116843	3.216895862542135	3.4650090982310653	3.7054410404796707	3.94646958804403	4.1021835754556575	4.166318646899144	4.231945231632014	4.273707603734749	4.235151985204188	4.12619693941473	3.975255794529129	3.814023207946783	3.616173970110074	3.4062434746293593	3.201757002654894	2.976016466306715	2.735435372729171	2.5218506696894667	2.295215225367658	2.0455359007248752	1.8246427825671925	1.628285058019867	1.4488560093070428	1.2737523491334306	1.0950690570652983	0.941294036929869	0.8135459236941801	0.6963129791486442	0.5948900754705724	0.5018196462130478	0.42083047459952866	0.3522954389523611	0.2909196670942338	0.241103123228828	0.19344927363302808	0.15198520418816933	0.12014139545983354	0.09336873191540136	0.07308415117978702	0.0542165080690869	0.03833189153715359	0.030053992781075678	0.024237090952480386	0.01924052143304597	0.016332070518748323	0.012752438624228141	0.009172806729707961	0.006562658473286996	0.0052948721773111	0.0050711451839035885	0.0035050562300510102	0.002162694269605942	0.0017152402827909196	0.0011932106315067268	0.0006711809802225337	0.0005966053157533634	0.0007457566446917042	0.0006711809802225337	0.0003728783223458521	7.457566446917042e-05	0.0	7.457566446917042e-05	0.00014915132893834085	7.457566446917042e-05	0.0	0.0	0.0	0.0	0.0	0.0	0.0
Sor-CPnd_017-Ex1-3G-lcwgs-1-2-L3-clmp.fp2_repr.R1	0.0	0.0	0.0	0.0	0.0	0.0	8.870800341348398e-05	0.00026612401024045195	0.00026612401024045195	0.0010644960409618078	0.0023951160921640673	0.0041692761604337466	0.006919224266251749	0.015169068583705758	0.02776560506842048	0.05029743793544541	0.09065957948858062	0.14583595761176765	0.2195523084483728	0.32680028457527494	0.481507042528391	0.6709873378195927	0.8768786137422891	1.1077855466275879	1.37009511272126	1.6517430235590718	1.9651483996189105	2.2936341362590413	2.60499922824037	2.910154759982755	3.210076519523745	3.479216601880255	3.7322118276155116	3.9422723796986414	4.083761645143149	4.178767916798989	4.24547633536593	4.253193931662903	4.219130058352125	4.143550839443836	3.9981584218491357	3.8150651028037053	3.6354313958914	3.437257716265677	3.188697890701095	2.9613392779523355	2.734690329230884	2.5171783048610212	2.2992227404740913	2.0519935349607112	1.8315541464782037	1.62929989869546	1.4367148232847864	1.2709195649049847	1.104680766508116	0.9559174447837033	0.8281779198682863	0.7007045189631099	0.5923033387918325	0.5047485394227238	0.4274838684495793	0.3579367937734078	0.29690568742493084	0.24261638933587865	0.19773013960865576	0.15710187404528012	0.11948968059796292	0.09305469558074468	0.07167606675809504	0.05304738604126341	0.04000730953948127	0.030870385187892424	0.025370488976256413	0.01853997271341815	0.013661032525676532	0.011620748447166401	0.009491756365242784	0.007540180290146138	0.00558860421504949	0.003548320136539359	0.002572532098991035	0.0024838240955775514	0.0019515760750966472	0.0014193280546157437	0.0009757880375483236	0.0005322480204809039	0.00026612401024045195	0.00026612401024045195	0.00026612401024045195	8.870800341348398e-05	0.0	0.0	0.0	0.0	0.0	0.0	0.0	0.0	0.0	0.0	0.0
Sor-CPnd_017-Ex1-3G-lcwgs-1-2-L3-clmp.fp2_repr.R2	0.0	0.0	0.0	0.0	0.0	8.872122548854343e-05	0.00017744245097708685	0.0002661636764656303	0.0004436061274427171	0.0011533759313510645	0.0023954730881906726	0.004879667401869889	0.00825107397043454	0.01623598426440345	0.028745677058288073	0.047288413185393646	0.08339795195923082	0.1423975669091122	0.21763316612339706	0.32436480038611476	0.4768765870009209	0.6606182449876943	0.854829007582116	1.0805358052249703	1.3490949547787914	1.6629019293317695	1.9973809494235784	2.3119864150059533	2.611065666127833	2.919283203475033	3.196182148224777	3.4446903008181873	3.685834591696048	3.8929986532117966	4.077627523453456	4.195449310902242	4.2590624295775275	4.286211124577022	4.226679182274209	4.127843737079972	3.9953829474255764	3.8394110330167166	3.6754542083138886	3.4298738561616005	3.198311457636502	3.0009954521499815	2.7342107271059315	2.497679939953475	2.306042092898221	2.052033224324521	1.830673766730605	1.6369953314891148	1.443405617473113	1.272794700858644	1.09517480743058	0.9514464221391397	0.8227119239552633	0.7045352516045233	0.5994005994005994	0.5084613432748424	0.43109643464883257	0.3551510656306393	0.29588528700429234	0.24442697622093715	0.1966949569081008	0.15614935685983644	0.12039470298795343	0.09573020230213836	0.07532432043977337	0.05536204470485109	0.044183170293294625	0.03406895058760068	0.0243096157838609	0.01730063897026597	0.013130741372304426	0.011001431960579386	0.009759334803739778	0.0078074678429918215	0.005766879656755323	0.004258618823450085	0.0025729155391677593	0.0020405881862364987	0.0022180306372135855	0.0022180306372135855	0.001685703284282325	0.0007097698039083474	0.0002661636764656303	0.0002661636764656303	0.0002661636764656303	8.872122548854343e-05	0.0	0.0	0.0	0.0	0.0	0.0	0.0	0.0	0.0	0.0	0.0
Sor-CPnd_018-Ex1-1E-lcwgs-1-2-L2-clmp.fp2_repr.R1	0.0	0.0	0.0	2.469879815648171e-05	9.879519262592684e-05	0.00014819278893889022	0.00017289158709537193	0.00039518077050370735	0.0006421687520685244	0.0007903615410074147	0.001506626687545384	0.003408434145594475	0.005977109153868573	0.010892169987008433	0.021660845983234457	0.03806084795913831	0.06705723699484784	0.11210784483227046	0.178226527497172	0.27758979248069793	0.40594944649993325	0.5606133205558217	0.7456073187478697	0.9583874648659596	1.2100929168786647	1.4887200588819347	1.7724104545072834	2.074377960768429	2.3931653485741387	2.6940955053127116	2.9815401182578456	3.263402802819615	3.5164666887309264	3.7483884034202894	3.931455895356132	4.064286031841691	4.172639659354176	4.213689061890248	4.199536650546584	4.143519776327683	4.026793256240151	3.8909004687831894	3.728061292537505	3.5438082582901513	3.354121488448372	3.1266208586290194	2.8988979396262575	2.678881045648319	2.455134633148751	2.217013520122111	1.9939586739709247	1.7908110591338626	1.5873670587189228	1.4057814946724692	1.2274808707808278	1.0703718157074475	0.9383814383592095	0.8176290141721703	0.7073982779997925	0.6032187473757527	0.5130187365082816	0.43383438961860116	0.36415908001916625	0.29949762644549716	0.2367873779261901	0.1888964083007721	0.14848917451676802	0.11549158017970845	0.089780131298811	0.06782289973769877	0.0506325362207875	0.037591570794165155	0.030206630145377125	0.024377713780447445	0.019092170974960358	0.014794580095732542	0.011484941142763994	0.008866868538176932	0.00652048271331117	0.005186747612861159	0.004272892081071335	0.003013253375090768	0.0019512050543620547	0.0014572290912324205	0.0009632531281027866	0.0007409639446944511	0.0005927711557555609	0.000419879568660189	0.00024698798156481706	7.409639446944511e-05	0.0	0.0	0.0	0.0	0.0	0.0	0.0	0.0	0.0	0.0	0.0
Sor-CPnd_018-Ex1-1E-lcwgs-1-2-L2-clmp.fp2_repr.R2	0.0	0.0	0.0	0.0	0.00012343344443989114	0.00032092695554371693	0.00034561364443169517	0.0005924805333114774	0.0011355876888469983	0.00153057471105465	0.002295862066581975	0.004048616977628429	0.0071591397775136855	0.012047104177333373	0.021872406354748707	0.039869002554084834	0.06919678895300296	0.11244786788474082	0.1781144603267629	0.2781202370119627	0.4117986573403647	0.5636217940014309	0.7376382639727894	0.955769846986965	1.216510655021791	1.4834231352786114	1.7657154227126426	2.0762492822345204	2.390634265222923	2.69117001574517	2.976745632801302	3.2518540937689315	3.5250616796921865	3.7502536557283235	3.928540922877303	4.079524712116178	4.172272602268311	4.215819921466705	4.207228953733689	4.131292698714268	4.017906736651784	3.8872647790566033	3.7282578159291355	3.545452884713657	3.341121160787861	3.1243967190403	2.8880463596267965	2.673247479612498	2.4608678951092213	2.2279242987622587	2.009891462503635	1.789957751200637	1.5956241362744725	1.4210645591475786	1.233544470354496	1.074685627360356	0.9359464358099183	0.8097233955256857	0.7037681268184832	0.5993187461334474	0.5074842634701684	0.4331773299173539	0.3653876822309657	0.29927672938896	0.23879434161341337	0.18840880959304981	0.14688579888347042	0.11536089717352224	0.0902298478855604	0.06783902106416416	0.050805205731459184	0.037400333665287014	0.02917966626559026	0.023921401532450898	0.01831752315487984	0.014194846110587479	0.010960889866262332	0.0086156544219044	0.006640719310866143	0.005208891355363406	0.0039745569109644946	0.0028142825332295174	0.001974935111038258	0.0012590211332868895	0.0009134074888551943	0.0008146607333032814	0.0006912272888633903	0.0005184204666475427	0.00032092695554371693	0.00017280682221584758	7.406006666393467e-05	2.4686688887978224e-05	0.0	0.0	0.0	0.0	0.0	0.0	0.0	0.0	0.0
Sor-CPnd_018-Ex1-1E-lcwgs-1-2-L3-clmp.fp2_repr.R1	0.0	0.0	0.0	2.5286623881699057e-05	7.585987164509718e-05	0.00012643311940849529	0.00020229299105359246	0.00030343948658038874	0.0005815923492790783	0.0009103184597411661	0.0013907643134934483	0.0027056687553417996	0.0056136305017371905	0.010367515791496614	0.020102865985950753	0.03866324791511786	0.06668082717604042	0.11298063550343139	0.17902929708242935	0.2725392321969525	0.4007424152771667	0.5564321585167878	0.7381924109784406	0.9539884591848603	1.1926436153803361	1.4517050770483428	1.7495309331269946	2.0550692094895644	2.368977358356976	2.681166016800433	2.9700656946488446	3.2561332706225063	3.5238933309058176	3.741889315389945	3.912422306848123	4.062321413218836	4.178285870340307	4.211790646983558	4.185897144128699	4.130165425093434	4.0344808403250845	3.902181224176035	3.7250737105086156	3.5417709739901784	3.345546772668194	3.1323299600977075	2.914258115741935	2.6970713032220215	2.476319076734789	2.2350341116556165	2.01407959217733	1.8025569834069173	1.601250170684711	1.4193634851036498	1.248274187920074	1.0911178204953143	0.9524459751280767	0.8259369958479365	0.709340373129422	0.6034147056889846	0.5066680827176041	0.4296955996217121	0.3635963647949508	0.30113840380715406	0.24300445550312796	0.19364496568605138	0.15134044393196885	0.11679891570956795	0.08979280140391335	0.06807159148953387	0.05211573182018176	0.040256305219664903	0.03175999959541402	0.025311910505580758	0.019521273636671672	0.01421108262151487	0.010923821516893993	0.008546878872014281	0.006498662337596659	0.005487197382328696	0.004652738794232627	0.0031608279852123823	0.002073503158299323	0.001719490423955536	0.0014413375612568463	0.0011378980746764575	0.0007838853403326708	0.0004804458537522821	0.00025286623881699057	0.0001770063671718934	0.00012643311940849529	0.00010114649552679623	5.0573247763398114e-05	0.0	0.0	0.0	0.0	0.0	0.0	0.0	0.0
Sor-CPnd_018-Ex1-1E-lcwgs-1-2-L3-clmp.fp2_repr.R2	0.0	0.0	0.0	2.527603962878597e-05	2.527603962878597e-05	0.0	2.527603962878597e-05	0.00022748435665907374	0.0006319009907196492	0.0011374217832953687	0.0019715310910453057	0.003538645548030036	0.006142077629794991	0.011096181397037042	0.020625248337089352	0.03768657508651988	0.0671837133333131	0.113489417933249	0.17559264730117613	0.2711866291772447	0.40161099366178027	0.5533177835137537	0.7353558209202703	0.9555606781662537	1.203998871677591	1.4658586422318136	1.7511998536011784	2.0564080321187688	2.371625522329359	2.683759335705237	2.9781746453013356	3.2491590661615506	3.5075812953262577	3.7355711727779073	3.9148541218648867	4.073890963209208	4.183437318960366	4.2136927383960225	4.18396811579257	4.121030777116894	4.022252014247598	3.885053671142548	3.7310720377239837	3.545141490214634	3.3386362464474524	3.1403709915992555	2.9206211030665905	2.6956137982911375	2.4714406028234346	2.238041652891225	2.0160927489108555	1.8058719273182426	1.6057867976167726	1.4177330627786051	1.252781628161148	1.0928348493901903	0.9477503819209587	0.8178062621893701	0.6991858082114775	0.5991685194003714	0.5095396828766964	0.4342170847829142	0.3663761944192526	0.301972845445106	0.2437874022196407	0.19556071860791704	0.1508474045045947	0.1160170218961276	0.09041239375216742	0.06816947887883577	0.05211919371455667	0.04006252281162576	0.031418117258580965	0.02471996675695268	0.019058133880104623	0.01455899882618072	0.011652254268870333	0.008796061790817518	0.006268457827938921	0.005434348520188984	0.004751895450211763	0.0031089528743406744	0.001769322774015018	0.0014407342588408003	0.0012890780210680845	0.000960489505893867	0.0007330051492347931	0.0005307968322045054	0.0002527603962878597	0.00012638019814392986	7.582811888635792e-05	5.055207925757194e-05	2.527603962878597e-05	0.0	0.0	0.0	0.0	0.0	0.0	0.0	0.0
Sor-CPnd_019-Ex1-6G-lcwgs-1-2-L2-clmp.fp2_repr.R1	0.0	0.0	0.0	0.0	0.0	7.070035774381019e-05	0.00024745125210333564	0.00042420214646286114	0.0006009530408223866	0.0010605053661571528	0.0021917110900581157	0.004242021464628611	0.0071760863109967335	0.01283211493050155	0.02470977503146166	0.044010972695521844	0.07706338994075311	0.12248836979115116	0.19410783218563088	0.3007239716632966	0.4228588396657287	0.5730617496924535	0.7541960662320951	0.9813563156629573	1.2368320583702153	1.4964084218266143	1.774048726686557	2.0630717891432533	2.370724395865443	2.6724381725371527	2.935196052092024	3.181303997398227	3.432219567031009	3.6763479023203858	3.871092037725711	3.9982819813068255	4.084677818469761	4.1231741632612655	4.114053817112315	4.069653992449202	3.971168394112074	3.8309342345272266	3.6872004072340605	3.524660284781041	3.3476972893482846	3.162214900807398	2.94329124305369	2.7157421416552365	2.5016968085858515	2.273511403967704	2.0505931760014704	1.8417443192262553	1.6368900326635651	1.4546245104000226	1.2746213995842819	1.1103844685454107	0.9698675075295881	0.8402030514274402	0.7299104933470963	0.6244255595933316	0.529651730037754	0.45142178419422796	0.3815344805644717	0.31818696002601776	0.25515759109741093	0.2033342288711981	0.16204521994881294	0.1285686005571188	0.10149036354123951	0.0777350433393193	0.0604488058709577	0.04698038772076187	0.037117687815500344	0.029906251325631707	0.023896720917407844	0.019053746411956844	0.014599623874096804	0.010675754019315337	0.0076356386363315	0.0061155809448395805	0.004913674863194808	0.0036764186026781295	0.0028633644886243126	0.002227061268930021	0.0018028591224671596	0.0014493573337481089	0.001131205723900963	0.0007777039351819121	0.0004949025042066713	0.00035350178871905094	0.00024745125210333564	0.00014140071548762037	3.535017887190509e-05	0.0	0.0	0.0	0.0	0.0	0.0	0.0	0.0
Sor-CPnd_019-Ex1-6G-lcwgs-1-2-L2-clmp.fp2_repr.R2	0.0	3.5338561084469765e-05	7.067712216893953e-05	7.067712216893953e-05	7.067712216893953e-05	0.0001060156832534093	0.0002120313665068186	0.00045940129409810694	0.0006714326606049255	0.0009894797103651533	0.002226329348321595	0.004806044307487887	0.008269223293765924	0.014029408750534496	0.025302409736480354	0.045056665382698945	0.07802754287450923	0.12566392321637448	0.19559893560254013	0.2973386529647286	0.4202461684165144	0.5757004986270969	0.7623941168363507	0.9809277785827117	1.2216187181290352	1.4734059658558822	1.7579520597080327	2.06871936588486	2.3801227661612074	2.6553041413259737	2.9148305339303193	3.1726253370415263	3.425684772967414	3.6528763821794707	3.833915830615209	3.9787332539393665	4.082310576477947	4.124292787046297	4.111464889372635	4.065630775646077	3.975552783441764	3.8434219035469313	3.6917841379334715	3.52590493220297	3.362817472798143	3.1830502125614446	2.9519713616300973	2.730363245069387	2.5153987779925577	2.2702198411885064	2.04737487498984	1.852376694925736	1.645575435459419	1.4561254094855767	1.2836378928322796	1.1218226216264926	0.9806804086551204	0.8451923654572633	0.7340525908466059	0.6325955819730932	0.5315272972715097	0.4487643872116815	0.3797481774137121	0.3180117111991434	0.2592083455545857	0.20563508695052957	0.163016782282659	0.13290832823869078	0.1032946140499051	0.07700272460305961	0.05993419959926072	0.04781307314728759	0.03724684338303113	0.029083635772518615	0.023924205854186028	0.01809334327524852	0.0133226375288451	0.010177505592327291	0.007739144877498877	0.006113571067613269	0.0047000286242344785	0.003710548913869325	0.0032511476197712185	0.0025797149591662927	0.0017669280542234882	0.0013782038822943207	0.0010248182714496232	0.0006360940995204557	0.00031804704976022785	0.0001766928054223488	0.0001060156832534093	7.067712216893953e-05	3.5338561084469765e-05	0.0	0.0	0.0	0.0	0.0	0.0	0.0	0.0
Sor-CPnd_019-Ex1-6G-lcwgs-1-2-L3-clmp.fp2_repr.R1	0.0	0.0	0.0	0.0	0.0	4.1722644548102036e-05	8.344528909620407e-05	0.0002503358672886122	0.0004589490900291224	0.001084788758250653	0.002545081317434224	0.003963651232069694	0.006759068416792529	0.013518136833585059	0.02536736788524604	0.04635385809294136	0.07931474728594197	0.12370764108512254	0.1928420631013276	0.2893882625856357	0.41601648878912545	0.5717671208871903	0.7507989886430961	0.9591618755163176	1.200527374227088	1.4660502841312093	1.7465933460726473	2.033978921719974	2.3333388963526063	2.632406812473402	2.913367100860321	3.1822695449728386	3.4205892906315976	3.61067765919275	3.807274760303407	3.969617570240072	4.04922437603785	4.1052996103104995	4.122030390774289	4.074091072188519	3.9724129874247947	3.83602166239705	3.7002561770375255	3.543295588247566	3.3519138177054217	3.150017940737156	2.9356469930490072	2.720775373626282	2.5054030824689795	2.294077887832842	2.0903879371490084	1.8723453967406272	1.6581830622752192	1.4782332963392553	1.3126361201278383	1.1453700381344971	0.9960029706522919	0.8694164670933502	0.750340039553067	0.6494129623912082	0.5612947371056167	0.47530436669197845	0.3977002478325086	0.32481078780697437	0.2623937115630137	0.21174242108161784	0.1673078046378892	0.13463897395672525	0.10601723979672727	0.0841128514089737	0.06863375028162785	0.051861247173290825	0.03780071596058045	0.029164128539123327	0.02269711863416751	0.017940737155683877	0.014686370880931917	0.011515449895276163	0.008928645933293835	0.007218017506821652	0.005465666435801367	0.004130541810262102	0.0030457530520114485	0.002378190739241816	0.0018357963601164896	0.001168234047346857	0.0009178981800582448	0.0008344528909620408	0.0006675623127696326	0.0004172264454810204	0.00016689057819240815	0.0001251679336443061	0.0001251679336443061	4.1722644548102036e-05	0.0	0.0	0.0	0.0	0.0	0.0	0.0
Sor-CPnd_019-Ex1-6G-lcwgs-1-2-L3-clmp.fp2_repr.R2	0.0	0.0	0.0	0.0	8.344466242044594e-05	0.00016688932484089188	0.00020861165605111487	0.0005841126369431216	0.0009596136178351284	0.0012099476050964663	0.002461617541403155	0.004380844777073413	0.0075934642802605815	0.013810091630583804	0.02453273075161111	0.04589456433124527	0.07789559236948629	0.1251252712994587	0.196845958649832	0.2904291475543621	0.41488686155445725	0.5694263763571231	0.7458283927139459	0.9587791712109239	1.1885440491856218	1.451645069797288	1.7391536541669343	2.0201952771989964	2.3234749027661072	2.6242511884606046	2.8925675004735485	3.148241946129795	3.397491152779667	3.6138631624358832	3.8130455716334875	3.973968603111318	4.06241994527699	4.102515105570015	4.106687338691037	4.0757710912642615	3.9768891662960333	3.8302768944233097	3.697891937493272	3.5441034246523904	3.3634874528433354	3.1740680691489227	2.9566530012124512	2.7289742397982644	2.5119763951738943	2.3116257607024036	2.107687005746834	1.8811764696065336	1.668559469759237	1.4813096472877565	1.3071189144850754	1.1495753918352736	1.000167723771465	0.8717046659751886	0.7571351444719163	0.6530796504336203	0.5644614189431066	0.4762604107646952	0.3958197561913853	0.32464145914674497	0.2624334633123025	0.20969643666258067	0.1666807131848408	0.135472409439594	0.10626677759243792	0.0837367187389175	0.0662967842930443	0.05023368677710846	0.03750837575799045	0.028830130866264073	0.02273867050957152	0.017606823770714094	0.014644538254788262	0.011098140101919311	0.008928578878987715	0.007468297286629912	0.0054656253885392095	0.004047066127391629	0.0030874525095565	0.0022947282165622636	0.001710615579619142	0.0012516699363066893	0.0007510019617840135	0.0005841126369431216	0.0006258349681533446	0.00041722331210222973	0.00016688932484089188	8.344466242044594e-05	4.172233121022297e-05	4.172233121022297e-05	8.344466242044594e-05	8.344466242044594e-05	4.172233121022297e-05	0.0	0.0	0.0	0.0
Sor-CPnd_020-Ex1-2E-lcwgs-1-2-L2-clmp.fp2_repr.R1	0.0	4.288219831301432e-05	8.576439662602864e-05	8.576439662602864e-05	8.576439662602864e-05	8.576439662602864e-05	0.00012864659493904296	0.0006003507763822004	0.0012864659493904294	0.0018439345274596157	0.0031732826751630595	0.006132154358761048	0.010463256388375494	0.017967641093153	0.0320330021398217	0.058705729490516605	0.10193098539003503	0.1608511258721167	0.24369953301286038	0.35926705746643395	0.5045090631526135	0.6817411887803017	0.8850456909823026	1.123170538214471	1.3997178351351003	1.6915311946551628	1.9833874363735384	2.26679588502425	2.56611362924909	2.877824328786391	3.164620471103831	3.431433509007406	3.669386827446322	3.856653387479256	3.9918180765618767	4.085387033280874	4.145979579497163	4.170422432535582	4.11690544904094	4.031998696381171	3.932426231898352	3.784053825735322	3.58996899617062	3.38254780293057	3.1738401437411285	2.9534256444122353	2.743688812463282	2.533737569522764	2.3191550491644404	2.1012705995360146	1.8945784036672857	1.682697461802682	1.4872404018919625	1.3201284750661457	1.1549033649661016	1.0036578515161	0.8720095026951461	0.748766064743543	0.6412175113745031	0.5463620887061155	0.4643284433333191	0.39593133702406125	0.32899222545744583	0.26904291221585186	0.21767003863686069	0.17144302885543125	0.13336363675347454	0.10862060832686528	0.08940938348263486	0.06758234454131057	0.05085828719923498	0.041638614561936904	0.035163402616671745	0.027315960325390118	0.020411926396994816	0.015308944797746112	0.012135662122583053	0.010034434405245351	0.007718795696342577	0.006389447548639133	0.005574685780691861	0.004202455434675403	0.0025300497004678447	0.001457994742642487	0.0009862905611993293	0.000943408362886315	0.0009862905611993293	0.0007289973713212435	0.00034305758650411455	8.576439662602864e-05	4.288219831301432e-05	4.288219831301432e-05	8.576439662602864e-05	4.288219831301432e-05	0.0	0.0	0.0	0.0	0.0	0.0	0.0
Sor-CPnd_020-Ex1-2E-lcwgs-1-2-L2-clmp.fp2_repr.R2	0.0	0.0	0.0	0.0	0.0	4.2980324467065465e-05	0.0001289409734011964	0.0005587442180718511	0.0010315277872095711	0.001934114601017946	0.0033524653084311064	0.0059742651009221	0.011647667930574741	0.01942710665911359	0.03287994821730508	0.05909794614221502	0.0988117659497835	0.1599727676664177	0.24550361335587795	0.3610347255233499	0.5033855601582707	0.6756507006222692	0.873188271872902	1.1069582566492713	1.3777772811162505	1.6638973010935052	1.9618798906236703	2.2581002868506856	2.566355173928479	2.8777906050168354	3.1632229398026173	3.424070528993237	3.6463647671369004	3.8297618116378684	3.9960956673254118	4.106855963477039	4.163504031124631	4.18198557064547	4.130967925503063	4.037786582058465	3.9289604005078553	3.796581001149294	3.605662399866589	3.3821647126378487	3.1741399422172516	2.9633214507062955	2.7432192091104532	2.535108478040922	2.3420838408593316	2.109474324843573	1.891521099471084	1.6950150560076607	1.4951995275602734	1.3192810595165745	1.1526033612332947	1.0105533888696432	0.8812685728727103	0.7565826515937535	0.6455644734953233	0.5503630548007733	0.47170906102604354	0.39726713904908606	0.32553297751355387	0.26940067375956633	0.22057502516497998	0.17329666825120796	0.13388371071490893	0.1078806144123343	0.08664833412560398	0.06477134897186766	0.04998611735519714	0.04074534759477806	0.031676499132227254	0.023381296510083614	0.016547424919820204	0.013108998962454968	0.011561707281640611	0.00919778943595201	0.006704930616862213	0.005286579909449052	0.004641875042443071	0.003567366930766434	0.0023639178456886004	0.0014183507074131602	0.0009885474627425058	0.0009025868138083748	0.0007306655159401129	0.0004298032446706547	0.0001289409734011964	0.0	0.0	0.0	0.0	0.0	0.0	0.0	0.0	0.0	0.0	0.0	0.0
Sor-CPnd_020-Ex1-2E-lcwgs-1-2-L3-clmp.fp2_repr.R1	0.0	0.0	0.0	0.0	3.694377453066629e-05	0.00018471887265333143	0.0002955501962453303	0.0004802690688986617	0.0010344256868586562	0.0016624698538799832	0.002179682697309311	0.0037682650021279617	0.00757347377878659	0.015516385302879842	0.02951807585000237	0.05338375419681278	0.09150972951246039	0.14415460821865986	0.22620673145126968	0.34180380195772453	0.48610618527450705	0.6594833191469239	0.8651123681846125	1.104175533172554	1.374640906511562	1.655265817846503	1.9516287771315082	2.2624736960325342	2.5686636993426966	2.8785850238804556	3.1663400836998155	3.422138778550149	3.65174433725824	3.8651315789473686	4.046119130373103	4.164819477940133	4.216910200028373	4.204755698207784	4.154142727100771	4.084799262306711	3.9779209225894925	3.81311474440819	3.6279894902350214	3.425796212228685	3.201806107249255	2.9895271787960467	2.7622860216579186	2.5231489691209155	2.3049590367428	2.0827422329408427	1.8779259469428287	1.6853380503144655	1.486248049368705	1.3123537026528587	1.140269600889015	0.9789730812881261	0.845125786163522	0.7319670047760912	0.6334379581028042	0.5377166382938477	0.45426065162907264	0.38096420296023076	0.31542594694282877	0.25879114058731734	0.20544433016503522	0.161739844895257	0.1271235281600227	0.09926792216390032	0.0773602638672152	0.060107521161394055	0.048839669929540835	0.037387099825034284	0.02778171844706105	0.023422353052442425	0.01880438123610914	0.014518903390551853	0.012339220693242541	0.009309831181727905	0.006686823190050598	0.0055046224050692765	0.0040268714238426255	0.0023644015699626425	0.0017363574029413155	0.0016624698538799832	0.0011822007849813213	0.0008497068142053246	0.0008127630396746584	0.0007019317160826596	0.0003324939707759966	3.694377453066629e-05	0.0	3.694377453066629e-05	7.388754906133258e-05	7.388754906133258e-05	3.694377453066629e-05	0.0	0.0	0.0	0.0	0.0	0.0
Sor-CPnd_020-Ex1-2E-lcwgs-1-2-L3-clmp.fp2_repr.R2	0.0	0.0	0.0	3.6992864816234244e-05	7.398572963246849e-05	0.00011097859444870274	0.00011097859444870274	0.0003329357833461082	0.0008878287555896219	0.0014427217278331354	0.0020346075648928832	0.00392124367052083	0.007472558692879318	0.01464917446722876	0.028262548719602962	0.052122946526074056	0.09144636182573104	0.1440132227295999	0.22288201051781134	0.33952051328339794	0.47798480629056267	0.6419371831561128	0.8481354116418025	1.0898467903510771	1.3652216760431248	1.64906792777809	1.9430502244727037	2.249277159421491	2.5589814236630035	2.8630627724524493	3.150608310669038	3.411481993353122	3.652453514766072	3.8645706016223595	4.041692438362489	4.172055293974898	4.211378709274555	4.209788016087456	4.168725936141437	4.091706791594038	3.980136311308275	3.813890376824118	3.6437231986694405	3.4444426359043865	3.2139031023696147	2.9992335078410077	2.7709135461952097	2.5333453683453535	2.319452623977887	2.0957197775693026	1.882640876227793	1.6856538710813458	1.489998609068283	1.31172999351885	1.1367167500732458	0.9793121102801691	0.8466926899139695	0.7344193451966985	0.6348345531113958	0.5449788844727629	0.46340961755296634	0.3854656513851608	0.3146613081268885	0.25643453890613577	0.20775192880797153	0.1664678916730541	0.12988194836979844	0.09951080635567011	0.07724110173629711	0.06015039819119688	0.04775778847775841	0.036216014655093325	0.02626493401952631	0.02178879737676197	0.017386646463630095	0.01279953122641705	0.010358002148545589	0.00828640171883647	0.006584729937289695	0.005105015344640326	0.0038842508057045956	0.002811457726033803	0.0018866361056279464	0.001516707457465604	0.0013317431333844329	0.0010358002148545588	0.000739857296324685	0.0004809072426110452	0.0003329357833461082	0.00014797145926493698	0.0	3.6992864816234244e-05	7.398572963246849e-05	7.398572963246849e-05	3.6992864816234244e-05	0.0	0.0	0.0	0.0	0.0	0.0
Sor-CPnd_022-Ex1-7C-lcwgs-1-2-L2-clmp.fp2_repr.R1	0.0	0.0	0.0	0.0	0.0	3.048050070928125e-05	0.00015240250354640625	0.0003352855078020938	0.000609610014185625	0.0010058565234062813	0.0020421935475218437	0.003627179584404469	0.006492346651076906	0.01389910832343225	0.024658725073808535	0.043495674512144346	0.07425049972780913	0.12457380639883248	0.19970824064721077	0.29873938745166556	0.4248372188859621	0.5907425842465799	0.7888048778554896	1.0114039745353705	1.2671963364876586	1.543136309408782	1.8376998682632757	2.148875300004328	2.4626415743056693	2.7644594923289723	3.060760439723895	3.3422173832733986	3.5837753513944524	3.7910122757168554	3.988647842315835	4.13090033912605	4.209326667451031	4.242398010720602	4.21408162556168	4.157570777246672	4.055765904877672	3.9044911798575095	3.7270946657294926	3.5165353668297783	3.286133261968321	3.0619796597522666	2.840752185604303	2.6151050388534944	2.3932374741906357	2.168900988970326	1.955293639999683	1.735163463877254	1.5245432039761202	1.3472381313502313	1.1729811087952704	1.0139338560942408	0.8799415749762405	0.755916417590175	0.6470400690566225	0.554226944396861	0.4669307903654795	0.3912172266036249	0.32757394112264565	0.2706363657977082	0.21881951459193008	0.1747447105663094	0.1395092517463803	0.11155863259596938	0.0871437515278351	0.06733142606680229	0.05196925370932453	0.04044762444121622	0.03157779873481537	0.02392719305678578	0.017953014917766658	0.0151183283518035	0.012527485791514595	0.0102414482383185	0.007894449683703843	0.005852256136182001	0.004572075106392188	0.0034442965801487818	0.0025908425602889063	0.0018593105432661563	0.001341142031208375	0.0010363370241155627	0.0007315320170227501	0.0005486490127670625	0.00036576600851137504	0.000121922002837125	3.048050070928125e-05	0.0	0.0	0.0	0.0	0.0	0.0	0.0	0.0	0.0	0.0
Sor-CPnd_022-Ex1-7C-lcwgs-1-2-L2-clmp.fp2_repr.R2	0.0	0.0	0.0	0.0	6.093581569596928e-05	0.0001523395392399232	0.00018280744708790785	0.0003656148941758157	0.0006702939726556621	0.0010968446825274471	0.0023155609964468325	0.00414363546732591	0.007464637422756237	0.014746467398424565	0.025989125394330896	0.04472688872084145	0.07467684213541034	0.12461374309825717	0.1985288875374679	0.29937766251429704	0.43282709888846976	0.5888532549779991	0.7817151116557419	1.019273389146478	1.2701461423667837	1.53521694064425	1.834777410605635	2.152100670842395	2.4548298032199702	2.7514044182122532	3.0514523746992057	3.3187777981574227	3.5860422857999437	3.8134547499773013	3.984592988359431	4.1299858446100135	4.203017419721633	4.216301427543354	4.207983688700854	4.146438514847926	4.033158833469119	3.8978508547162187	3.7145254531948955	3.5113045078488376	3.3015329623154637	3.0766493344894887	2.8472259883941646	2.6306296315028415	2.4062030222945867	2.1713259206944735	1.9565576382740295	1.7352082877584212	1.5260765682898545	1.348936152061672	1.178102592758022	1.0218936292214047	0.8876215593353365	0.7623070543565756	0.6500328139367523	0.5606095044029173	0.4763352712953918	0.3944375350000091	0.327255798195203	0.271743270096175	0.21961267976827328	0.17726228785957462	0.14018284400857733	0.11072037711957618	0.0890576946396591	0.06675518609493435	0.05100327773752629	0.0398824913730119	0.03013276086165681	0.023612628582188093	0.018219808893094814	0.014868339029816503	0.012156695231345872	0.010054409589834931	0.00795212394832399	0.005667030859725143	0.004844397347829558	0.0038694242966940493	0.002863983337710556	0.0020413498258149707	0.0012491842217673703	0.0009140372354395392	0.0006093581569596928	0.0003656148941758157	0.0002132753549358925	6.093581569596928e-05	0.0	0.0	0.0	0.0	0.0	0.0	0.0	0.0	0.0	0.0	0.0
Sor-CPnd_022-Ex1-7C-lcwgs-1-2-L3-clmp.fp2_repr.R1	0.0	0.0	0.0	0.0	3.700389799061433e-05	7.400779598122865e-05	0.00011101169397184299	0.00022202338794368598	0.0005920623678498292	0.0010361091437372013	0.0018871987975213307	0.0038484053910238904	0.006734709434291808	0.012803348704752558	0.02279440116221843	0.040519268299722695	0.07363775700132252	0.12226087896098975	0.19671272171810578	0.2972523125586049	0.4248787567282338	0.5882879702547866	0.7792650877843472	1.0083562202442407	1.26009373827439	1.5283719987063438	1.8198517031784127	2.1275021110723804	2.448880965120866	2.7471323829252174	3.0308782727172483	3.308481515442837	3.564474481741907	3.7636294607273935	3.9438754478396754	4.098736760930397	4.189248295415439	4.225734138834185	4.1975741724633275	4.13810890839241	4.031796709465375	3.889886760671369	3.7165975063813224	3.5198107768672355	3.3403418716127558	3.1239060722656524	2.8719465308475596	2.6465927920847183	2.421794111791736	2.1788265175853625	1.9599854648688693	1.753244686795307	1.549353208867022	1.364555742301894	1.183976720107696	1.0184212804976878	0.8852442516294667	0.7736034913917832	0.6661071677290487	0.56800983415593	0.48201277522574226	0.4050076635072739	0.338215627634215	0.27867635576731653	0.22772198823424059	0.18353933403344708	0.14157691371209044	0.11134472905375851	0.08821729280962456	0.06912328144646757	0.05354464039241894	0.04174039693341297	0.03215638735384385	0.02434856487782423	0.019427046445072524	0.014616539706292661	0.011323192785127986	0.010139068049428327	0.007955838067982082	0.005550584698592149	0.00469949504480802	0.003441362513127133	0.0022572377774274744	0.0019242026955119452	0.0015171598176151875	0.0008880935517747439	0.0003700389799061433	0.0002590272859343003	0.0002590272859343003	0.00018501948995307166	7.400779598122865e-05	0.0	0.0	0.0	0.0	0.0	0.0	0.0	0.0	0.0	0.0
Sor-CPnd_022-Ex1-7C-lcwgs-1-2-L3-clmp.fp2_repr.R2	0.0	0.0	0.0	0.0	0.0	0.0	3.699513661934002e-05	0.00018497568309670012	0.0005179319126707603	0.0012208395084382208	0.0023676887436377613	0.003477542842217962	0.006474148908384504	0.012985292953388348	0.024712751261719134	0.04250741197562168	0.07317638023305456	0.12267587302973151	0.1962222046289795	0.29788484005892585	0.4261469787181777	0.5811935962898317	0.7699057881850851	1.002605197520734	1.260794255987108	1.5367039848941457	1.8260799435306234	2.1235578370867367	2.443935720210221	2.7413026283564763	3.0111451548579424	3.288090747590322	3.549572373215817	3.7655499807995243	3.9530043380497197	4.098321234690488	4.180746399078377	4.216409710779421	4.194878541266965	4.129397149450733	4.028474416753173	3.90032326350378	3.7427239815053914	3.5481295628876626	3.333261809402536	3.1137696638399914	2.875964925650874	2.6483708451686945	2.422811497200578	2.184710797918506	1.9681042730122698	1.7537174563031943	1.5460267593222194	1.359164324257933	1.1891716714920655	1.0356418545218045	0.8951713207781705	0.7702757395512786	0.6646916196396822	0.5674684006040566	0.4789390386739759	0.4022851155987034	0.33865348061343853	0.28234688267880304	0.2315525601004492	0.18567859069246756	0.14224630030136237	0.11113339040449742	0.08838138138360331	0.06925489575140452	0.05334698700508831	0.04184149951647356	0.03233374940530318	0.024416790168764413	0.01927446617867615	0.013688200549155809	0.011431497215376066	0.010691594482989265	0.007953954373158106	0.005808236449236383	0.004365426121082123	0.002959610929547202	0.0024046838802571015	0.0022936984703990815	0.0018867519675863412	0.0012578346450575607	0.0006289173225287804	0.0004439416394320803	0.0003329562295740602	0.00022197081971604015	0.00014798054647736008	3.699513661934002e-05	0.0	0.0	0.0	0.0	0.0	0.0	0.0	0.0	0.0
Sor-CPnd_024-Ex1-5G-lcwgs-1-2-L2-clmp.fp2_repr.R1	0.0	0.0	0.0	0.0	0.0	0.0001145005828079665	0.0003435017484238995	0.0005725029140398324	0.000687003496847799	0.0008015040796557654	0.0016030081593115307	0.003549518067046961	0.00687003496847799	0.012595064108876314	0.025762631131792463	0.05381527391974425	0.08873795167617403	0.13339317897128097	0.21113907469789023	0.314304099807868	0.4472392764479171	0.6191046512426748	0.8051680983056204	1.0204291939845975	1.2861850466818876	1.5386588317734538	1.8010941675693128	2.1137952592178695	2.4338243881661357	2.7291213912278813	2.989495716533197	3.2263974223628797	3.481962723190261	3.7054678608314116	3.8347390188216055	3.948438097549917	4.037863052722939	4.0825182800180455	4.069465213577937	4.017481948983121	3.9310340089631057	3.7824122524783648	3.598638817071579	3.4472690465994473	3.3079218373221515	3.0900272282385917	2.867209094094289	2.6631690555304925	2.439549417306534	2.24100540671752	2.063186001616748	1.8427723797114128	1.642968862711511	1.4779735228852315	1.285154541436616	1.103442116520373	0.97073594104594	0.8501668273491513	0.7388722608598077	0.6462412893681628	0.5421602595957213	0.4481552811103809	0.369035378390076	0.3069760625081581	0.26094682821935566	0.2162916009242487	0.17610189635865248	0.14163722093345454	0.10889005425037614	0.08278392137015977	0.0635478234584214	0.04946425177304153	0.04156371155929184	0.03652568591574131	0.029999152695687224	0.023014617144401266	0.01797659150085074	0.012938565857300213	0.008702044293405454	0.00652653322005409	0.006183031471630191	0.005496027974782392	0.004122020981086794	0.0028625145701991622	0.001832009324927464	0.0016030081593115307	0.0012595064108876315	0.000458002331231866	0.0	0.0001145005828079665	0.000229001165615933	0.0001145005828079665	0.0	0.0	0.0	0.0	0.0	0.0	0.0	0.0	0.0
Sor-CPnd_024-Ex1-5G-lcwgs-1-2-L2-clmp.fp2_repr.R2	0.0	0.0	0.0	0.0	0.0	0.0	0.00011457247281768081	0.0006874348369060849	0.0011457247281768082	0.0013748696738121698	0.0017185870922652123	0.0038954640758011483	0.00847836298850838	0.01363412426530402	0.02520594401988978	0.04823501105624363	0.08971024621624409	0.14000756178320595	0.20416814656110724	0.30854366929801447	0.45508186203182827	0.6188059256882941	0.7910083523332685	1.015112109164652	1.2641926650702902	1.5204912867634421	1.8107033604106277	2.115695283051294	2.4213746405288665	2.7150238883605824	2.9787697207868837	3.225329682290533	3.4692544769193754	3.675828645409654	3.849520514201258	3.9710819078608175	4.0581569872022545	4.09195586668347	4.060448436658608	4.008890823890652	3.9164308383267836	3.7844433496408154	3.6223233006037967	3.490335811917829	3.311831899267882	3.075698032790642	2.8780605171801423	2.6679346020325156	2.4486428890594745	2.248828496465439	2.057263321914277	1.8487414213860978	1.6545410799601288	1.482109508369519	1.2856177174871966	1.1064263700003436	0.970314272292939	0.8536794949645398	0.749876834591721	0.6487093410937088	0.539865491916912	0.4415623102393419	0.3609032893756946	0.30384619791248957	0.26019408576895314	0.21860427813613503	0.18010792726939426	0.1426427286580126	0.10987500143215591	0.0795132961354705	0.05820281619138186	0.04663099643679609	0.03918378570364684	0.03437174184530425	0.028872263150055567	0.021768769835359355	0.016269291140110678	0.011342674808950402	0.0076763556787846155	0.007332638260331572	0.007447210733149253	0.005957768586519403	0.00423918149425419	0.0027497393476243396	0.001833159565082893	0.0013748696738121698	0.0010311522553591273	0.0005728623640884041	0.00022914494563536163	0.00022914494563536163	0.00011457247281768081	0.0	0.0	0.0	0.0	0.0	0.0	0.0	0.0	0.0	0.0
Sor-CPnd_024-Ex1-5G-lcwgs-1-2-L3-clmp.fp2_repr.R1	0.0	0.0	0.0	0.0	0.0	0.0	0.00012490039193742989	0.0007494023516245793	0.001249003919374299	0.001249003919374299	0.0018735058790614486	0.0038719121500603265	0.006744621164621214	0.01298964076149271	0.02435557642779883	0.04633804540878649	0.0848073661255149	0.13901413622635947	0.21570297687594142	0.32561532178087976	0.45201451842155876	0.599646781691601	0.8019854166302375	1.0274306240772983	1.2583714487696063	1.5275317933947676	1.8240453238542262	2.1013241939553207	2.3766046577854163	2.6716193835416258	3.0046038284468137	3.2931237338222763	3.4903414526914784	3.684311761370307	3.8761587633862	4.009177680799563	4.111720902580193	4.136700980967678	4.076498992053837	4.0226669231288055	3.9502246958050957	3.8449336654018422	3.6823133550993083	3.491840257394728	3.3169797086823256	3.119512189029249	2.896065387853187	2.6635008580656927	2.4269395157362004	2.2009947067213895	2.0135192184233075	1.8331630524656588	1.6164608724542178	1.4191182531930786	1.2500031225097983	1.09100492357345	0.9517409865632159	0.831212108343596	0.7151796442337236	0.6037684946255362	0.5192109292838961	0.4433963913778762	0.36321033975404615	0.2973878332030206	0.24467986780542517	0.20371253924994814	0.16636732206065663	0.13164501310205112	0.10616533314681542	0.08268405946257859	0.06332449871227697	0.050085057166909384	0.039718324636102705	0.03222430111985691	0.02660378348267257	0.022232269764862523	0.018485258006739624	0.013988843896992148	0.010866334098556401	0.008992828219494953	0.0059952188129966345	0.004996015677497196	0.004121712933935187	0.0027478086226234576	0.0022482070548737383	0.0017486054871240185	0.0011241035274368691	0.0007494023516245793	0.0006245019596871495	0.0006245019596871495	0.00024980078387485977	0.00012490039193742989	0.00024980078387485977	0.00024980078387485977	0.00012490039193742989	0.0	0.0	0.0	0.0	0.0	0.0
Sor-CPnd_024-Ex1-5G-lcwgs-1-2-L3-clmp.fp2_repr.R2	0.0	0.0	0.0	0.0	0.0	0.0	0.00012496782078614757	0.0004998712831445903	0.0009997425662891806	0.001124710387075328	0.0013746460286476233	0.0038740024443705747	0.0067482623224519684	0.01187194297468402	0.023493950307795743	0.045363318945371565	0.08272869736042969	0.13496524644903937	0.2109456814870171	0.3211672994203993	0.4483845409806975	0.604719284784168	0.7902964986515971	1.005241150403771	1.2700479626496177	1.5493510421066576	1.8069097207469076	2.0675925949068112	2.386260537911488	2.7073028695111008	2.98435652819399	3.2611602512353066	3.5177191873092677	3.68730052011607	3.8443850708442575	4.0047187849128845	4.120563954781644	4.128561895311957	4.083948383291302	4.042459066790301	3.9513575254371998	3.839386358012812	3.663806569808274	3.4588593437189923	3.306773505822251	3.126819843890198	2.899003506597051	2.6788102063718595	2.4563674853725166	2.239173412846192	2.0284776670007476	1.8102838519081337	1.6183332791806109	1.448252075090664	1.2560515667215693	1.0942182388035082	0.9573784750426764	0.8290365230953031	0.720689422473713	0.6140918713431291	0.5173667780546509	0.4398867291672394	0.36303151938375866	0.29467412141373595	0.2424375723251263	0.19907373851233306	0.16333294176749485	0.13546511773218395	0.10972174665023757	0.08322856864357428	0.06323371731779066	0.04811261100266681	0.03811518533977501	0.03224169776282607	0.02561840326116025	0.020369754788142055	0.016745687985343774	0.012996653361759347	0.009872457842105657	0.008372843992671887	0.005998455397735083	0.004498841548301312	0.0033741311612259842	0.001999485132578361	0.0014996138494337708	0.0016245816702199184	0.0014996138494337708	0.0007498069247168854	0.00024993564157229514	0.00012496782078614757	0.0	0.00012496782078614757	0.00024993564157229514	0.00024993564157229514	0.00012496782078614757	0.0	0.0	0.0	0.0	0.0	0.0
Sor-CPnd_026-Ex1-3H-lcwgs-1-2-L2-clmp.fp2_repr.R1	0.0	0.0	0.0	0.0	7.2874399514948e-05	0.000218623198544844	0.00036437199757474	0.00036437199757474	0.000582995196119584	0.0006558695956345319	0.001165990392239168	0.002769227181568024	0.0056842031621659435	0.013554638309780327	0.026744904621985918	0.04685823888811156	0.07717398908632993	0.12264761438365748	0.20732766662002705	0.308331584347745	0.42886584114546894	0.5972785784245138	0.7893026211464017	1.016014878037405	1.2835367986567792	1.5549939368499603	1.8579328156335992	2.1925720582062405	2.5073165897113006	2.805518632526468	3.0989838393731635	3.388003707849448	3.6574203628562096	3.8945536588778507	4.073606058486078	4.170456135441444	4.235824471806352	4.286836551466816	4.277727251527447	4.198877151252273	4.058885429784058	3.8898896973088943	3.7127320320880557	3.535064246070612	3.3310888018282725	3.094247003404692	2.8439963154703607	2.5863124387855043	2.3483775243691993	2.120207779487897	1.8956088801828272	1.6806294016137306	1.4862005037078494	1.3038687561214495	1.1235046173219532	0.9704683783405625	0.8376183480248123	0.7204363136047759	0.6168817918940348	0.5192300965440045	0.43309255631733595	0.3648092439718297	0.30519798516860225	0.24522235436780002	0.19355440511170188	0.15165162539060678	0.11710916002052142	0.09160312019028963	0.07003229793386503	0.05472867403572595	0.04321451891236416	0.03133599179142764	0.02404855183993284	0.017781353481647312	0.011878527120936525	0.009182174338883447	0.008089058346159228	0.006048575159740684	0.005101207966046359	0.0037165943752623474	0.001967608786903596	0.001676111188843804	0.001165990392239168	0.000510120796604636	0.000437246397089688	0.000510120796604636	0.000510120796604636	0.00036437199757474	7.2874399514948e-05	0.0	0.0	0.0	0.0	0.0	0.0	0.0	0.0	0.0	0.0	0.0	0.0
Sor-CPnd_026-Ex1-3H-lcwgs-1-2-L2-clmp.fp2_repr.R2	0.0	0.0	0.0	0.0	7.285560456309222e-05	0.0002914224182523689	0.0004371336273785534	0.0005099892319416455	0.0005099892319416455	0.001019978463883291	0.0024770905551451355	0.004808469901164087	0.006921282433493762	0.012312597171162586	0.024989472365140635	0.04619045329300047	0.07474985028173263	0.12356310533900441	0.20406854838122135	0.3062849615832397	0.43880930628350445	0.598800213904055	0.7920132772053756	1.0320724942407644	1.2739531013902305	1.5410417477185268	1.8457967416059415	2.1533202484667537	2.4953044562859086	2.795105269063033	3.0684594973837553	3.374598747757869	3.6569142154398513	3.8877207706957275	4.054997238772587	4.181911701921494	4.261834300127206	4.300520626150208	4.255495862530217	4.17899747773897	4.074085407168117	3.923930006163584	3.745652341797698	3.52329703667114	3.302107421217592	3.0836134631328784	2.8497469724853524	2.5938052336552095	2.35491170629283	2.12825792049705	1.9145724323135005	1.701469788966456	1.4899699689197992	1.3041153216793508	1.132904650956084	0.976483667959125	0.8406079654489581	0.7168262932962643	0.6255382207787099	0.533303025401835	0.43356370275496187	0.3598338309371125	0.3002379464045031	0.24836475595558138	0.19583586506559192	0.15321533639618296	0.11977461390172363	0.09114236130842837	0.06870283510299596	0.05311173572649423	0.04007058250970072	0.028777963802421428	0.02353236027387879	0.019452446418345624	0.013186864425919693	0.008888383756697251	0.007285560456309222	0.005755592760484286	0.004954181110290271	0.00393420264640698	0.002841368577960597	0.0016028233003880289	0.0005828448365047378	0.00036427802281546116	0.0005099892319416455	0.00065570044106783	0.00065570044106783	0.0005099892319416455	0.00014571120912618444	7.285560456309222e-05	0.00014571120912618444	0.00014571120912618444	7.285560456309222e-05	0.0	0.0	0.0	0.0	0.0	0.0	0.0	0.0
Sor-CPnd_026-Ex1-3H-lcwgs-1-2-L3-clmp.fp2_repr.R1	0.0	0.0	0.0	0.0	9.226845692078015e-05	9.226845692078015e-05	0.0	0.00027680537076234046	0.0010149530261285816	0.001845369138415603	0.0026757852507026244	0.003967543647593546	0.005074765130642908	0.010610872545889717	0.02454340954092752	0.045211543891182274	0.07842818838266313	0.12576190678302335	0.19265653805058894	0.2927678138096354	0.42941739850931077	0.5897799766376267	0.785204568395839	1.0245489456483428	1.2912047861493974	1.5798205193975976	1.8664986150504617	2.189069140445509	2.521881464558763	2.802377573597935	3.0579611992684956	3.3481454962843493	3.6494020081306964	3.8769360228973406	4.032408372808855	4.183451836788172	4.280795058839595	4.263817662766171	4.242688186131312	4.203197286569218	4.091460185238154	3.9004644794121393	3.7150048810013714	3.5184730677601093	3.2801436435337346	3.071340125522009	2.8408535201339	2.6048308073305444	2.368346752242585	2.127802885050111	1.9134632596231387	1.703552520128364	1.5048062639210036	1.3217456453901755	1.1496649732329207	0.9851503145431697	0.83973522643602	0.7305816418987372	0.6270564332336218	0.5152270634456364	0.4307091569062017	0.3605851296464088	0.29572040443110037	0.2482944175738194	0.19505551793052922	0.15491873916998988	0.12465468529997398	0.09180711463617625	0.06652555743988249	0.05489973186786419	0.04198214789895496	0.027680537076234045	0.022236698117908016	0.017807812185710568	0.01319438933967156	0.010887677916652058	0.009042308778236455	0.006181986613692269	0.004244349018355887	0.0033216644491480857	0.002306711423019504	0.0015685637676532624	0.0010149530261285816	0.0007381476553662412	0.0007381476553662412	0.0004613422846039007	9.226845692078015e-05	0.0	0.0	0.0	0.0	0.0	0.0	0.0	0.0	0.0	0.0	0.0	0.0	0.0	0.0
Sor-CPnd_026-Ex1-3H-lcwgs-1-2-L3-clmp.fp2_repr.R2	0.0	0.0	0.0	0.0	0.0	9.228599799923957e-05	0.00018457199599847913	0.0005537159879954374	0.0011074319759908748	0.0011074319759908748	0.001476575967987833	0.0036914399199695826	0.005998589869950572	0.010059173781917112	0.02261006950981369	0.04854243494760001	0.07918138628334755	0.12384780931497949	0.19638460374238179	0.2978992015415453	0.4233158728225119	0.5841703673351863	0.7845232689915355	1.0188374179116049	1.2938496919493387	1.560187082175144	1.8342764962328857	2.1659523730421526	2.4860925001015146	2.7665496480212037	3.056696825730813	3.3525657353163747	3.6148425416302135	3.839005230770367	4.014717770960919	4.165420805693676	4.271734275388801	4.276625433282761	4.248016773902997	4.201596916909379	4.089561715338301	3.907296869289804	3.724662879249309	3.5519034909947322	3.313713330158695	3.0781994632646357	2.8748011236743114	2.632919522918305	2.363352122762526	2.1209168060185237	1.9121658785442437	1.721964436667811	1.5308401348113858	1.338239256986973	1.1499758210685243	0.9783238647899386	0.8514306175409843	0.7406874199418967	0.6308670823228016	0.5323979224576131	0.4437110783803438	0.3630531161290084	0.29983720749952936	0.2484339066139529	0.19832260970036583	0.1563324806107118	0.11904893741901904	0.08896370207126694	0.06709192054544716	0.05168015887957415	0.04069812511766465	0.028977803371761222	0.02297921350181065	0.01873405759384563	0.013935185697885174	0.011812607743902664	0.010151459779916352	0.007198307843940686	0.003783725917968822	0.0021225779539825102	0.0020302919559832705	0.0018457199599847913	0.0011074319759908748	0.0005537159879954374	0.0005537159879954374	0.0005537159879954374	0.0002768579939977187	0.00018457199599847913	9.228599799923957e-05	0.0	0.0	0.0	0.0	0.0	0.0	0.0	0.0	0.0	0.0	0.0	0.0
Sor-CPnd_027-Ex1-3C-lcwgs-1-2-L2-clmp.fp2_repr.R1	0.0	0.0	0.0	0.0	0.0	4.0936697129027555e-05	8.187339425805511e-05	0.00040936697129027557	0.0009006073368386064	0.001391847702386937	0.0021696449478384606	0.003233999073193177	0.00536270732390261	0.009783870613837587	0.0196086779248042	0.03790738154147952	0.06676775301744395	0.11535961250959965	0.18335546644091444	0.27726424965490365	0.4022439859898248	0.5619380414901612	0.7635103381534929	0.9914458677679184	1.2522126284798238	1.5514189477958862	1.8580348092923027	2.1553171038433008	2.4833837946353277	2.815216661563225	3.1203588019629964	3.414652717623576	3.670138644405837	3.8902552648686175	4.0851139432027885	4.231257951953418	4.31198511869186	4.324716431498987	4.283165683913024	4.216234184107064	4.101857052328562	3.915595080391486	3.716478985555896	3.5317726081097236	3.3171415050622324	3.081387066296162	2.830445112895223	2.580362830133994	2.372690965598437	2.151182497433269	1.916738032975328	1.6883931363896125	1.4799844113057332	1.304120360439431	1.1278469426018383	0.9665154192163405	0.8284359398001307	0.7068539493269188	0.6008279037627374	0.5098256260449092	0.4291393960035959	0.3587692136387975	0.29151022025580525	0.23178357914455405	0.1872853893653011	0.15068798213195045	0.11867548497705088	0.09251693551160227	0.06914208145092754	0.05293114938783263	0.043474772351027265	0.03450963567977023	0.025708245797029305	0.01776652655399796	0.013427236658321039	0.011257591710482578	0.008801389882740924	0.007491415574612043	0.005649264203805803	0.0038071128329995626	0.002988378890419012	0.0020468348564513777	0.0014327843995159645	0.001187164216741799	0.0009824807310966613	0.0008596706397095786	0.0006549871540644409	0.00040936697129027557	0.0002865568799031929	0.00012281009138708266	0.0	0.0	0.0	0.0	0.0	0.0	0.0	0.0	0.0	0.0	0.0
Sor-CPnd_027-Ex1-3C-lcwgs-1-2-L2-clmp.fp2_repr.R2	0.0	0.0	0.0	8.186079408244691e-05	0.00012279119112367038	4.0930397041223456e-05	4.0930397041223456e-05	0.0004093039704122346	0.0008186079408244692	0.0012688423082779273	0.0020465198520611726	0.003601874939627664	0.005975837968018625	0.011378650377460121	0.02062892010877662	0.03900666838028596	0.06823097186771951	0.11362278218643633	0.18488260343520635	0.28115089727616394	0.403901158002793	0.5607464394647613	0.7606095682170555	0.9994384349525944	1.2502189776241706	1.5237977514477081	1.8381432007243044	2.152038415633447	2.4774350721111733	2.8000484615900967	3.1003957150785943	3.3903466477186215	3.6569263236481095	3.879178379581953	4.064142843811243	4.208504354175637	4.268958550605524	4.280050688203696	4.271414374427997	4.210714595615863	4.096068553503397	3.931159983824307	3.738582465745351	3.532784429422079	3.3188412440876043	3.1066171354288605	2.8532989081407285	2.616925865227663	2.399544526541725	2.1636626483931543	1.9407147757096104	1.7232925066266311	1.51315584821699	1.3110415476274286	1.130292914293386	0.9736113544195825	0.8311326423190836	0.7070316784900941	0.6089624471793226	0.5178104529685179	0.42866404821273324	0.3574860877580457	0.29412583313823176	0.23657769489827157	0.18881192155116383	0.14763594212769302	0.11411394695093101	0.09029245587293895	0.07035935251386312	0.053741611315126406	0.04125784021755324	0.031107101751329826	0.02427172544544551	0.018254957080385662	0.01350703102360374	0.010969346407047886	0.008840965760904268	0.006917237099966764	0.005116299630152932	0.003479083748503994	0.0025786150135970777	0.0022511718372672904	0.0016781462786901618	0.00106419032307181	0.0006958167497007989	0.0006958167497007989	0.0004093039704122346	0.00012279119112367038	8.186079408244691e-05	4.0930397041223456e-05	0.0	0.0	0.0	0.0	0.0	0.0	0.0	0.0	0.0	0.0	0.0
Sor-CPnd_027-Ex1-3C-lcwgs-1-2-L3-clmp.fp2_repr.R1	0.0	0.0	0.0	5.1901515835671497e-05	0.0001557045475070145	0.00020760606334268599	0.00041521212668537197	0.0007266212216994009	0.0008823257692064155	0.0010899318325491014	0.0014532424433988018	0.002491272760112232	0.006072477352773565	0.011470234999683401	0.019878280565062183	0.036538667148312734	0.06575922056379578	0.11314530452176386	0.18238192664654962	0.27014738992467013	0.4000049825455202	0.5707609696448794	0.7648726388702908	0.9907480357871331	1.2426260921376469	1.5208701185326818	1.8326944256733961	2.160037286048976	2.483798941831895	2.797595506574365	3.0923442150051437	3.377335438458816	3.6486765632477063	3.8694656116126525	4.071154902150073	4.2038151766260485	4.268640169904802	4.318154216012033	4.304815526442265	4.201168199318429	4.069286447579988	3.9378718094840677	3.7491059963897304	3.526967508613057	3.2947082252484265	3.0731925556617807	2.8624724013689544	2.6436556106057636	2.4097873802502274	2.167614907360984	1.9244563056708635	1.6960896359939088	1.4920647772438842	1.3172604719093426	1.1421966589956227	0.9755927931631171	0.8390399049994655	0.7161890170164309	0.6042893488747233	0.5101919006646508	0.43514230876626986	0.361649762342959	0.3003021706251953	0.24772593508366006	0.19613582834300258	0.1572615929820846	0.1256535698381607	0.09679632703352735	0.07240261459076174	0.052680038573206564	0.03877043232924661	0.027767310972084253	0.022473356356845758	0.01800982599497801	0.013753901696452946	0.011210727420505042	0.009653681945434898	0.00794093192285774	0.004671136425210435	0.0033735985293186473	0.0031659924659759612	0.0024393712442765604	0.002387469728440889	0.001764651538412831	0.0008304242533707439	0.0004671136425210435	0.00036331061084970046	0.0002595075791783575	0.0001557045475070145	0.0001557045475070145	0.00010380303167134299	5.1901515835671497e-05	0.0	0.0	0.0	0.0	0.0	0.0	0.0	0.0	0.0
Sor-CPnd_027-Ex1-3C-lcwgs-1-2-L3-clmp.fp2_repr.R2	0.0	0.0	0.0	0.0	0.0	0.00010379495099840363	0.0002594873774960091	0.0002594873774960091	0.0004151798039936145	0.0006746671814896236	0.0015050267894768526	0.0030100535789537052	0.004930260172424173	0.008511185981869097	0.018734988655211858	0.03933828642839497	0.06850466765894639	0.11344788144125517	0.18164116424720636	0.27199466909131675	0.392396812249465	0.5643850460538198	0.764761198956238	0.9817964414939	1.2316827860225568	1.5079849455803072	1.8179166692615407	2.1376051183366234	2.4617567503046383	2.7820160716102125	3.071603984895759	3.3494630687184856	3.620990660530309	3.8703061328284742	4.056929454723605	4.193679302664001	4.291713633881993	4.302871591114322	4.27697475084022	4.212051008990718	4.072135415044871	3.914626576904793	3.739109314766492	3.551084761032884	3.3456745530070435	3.097397030218862	2.8461094538517266	2.631617187613526	2.4233007209597295	2.18727100238936	1.9544070298244411	1.7255910603484605	1.5062204314133343	1.3250463444456209	1.1499442621113138	0.9911379870837563	0.8511185981869097	0.7158218795604907	0.6072004633406612	0.5177811130555365	0.43666535885028407	0.36701894673035523	0.3082710044652588	0.2513394738426344	0.20354189890786956	0.16171253365551286	0.1252805058550732	0.09652930442851537	0.07084005405641049	0.053350604813179464	0.04048003088937742	0.028543611524561002	0.02117417000367434	0.015517345174261343	0.013441446154293272	0.012507291595307638	0.010379495099840362	0.007525133947384264	0.004826465221425769	0.0036328232849441276	0.0032176434809505126	0.0028543611524561	0.00228348892196488	0.0015050267894768526	0.0009341545589856328	0.0006746671814896236	0.0004670772794928164	0.00020758990199680726	5.1897475499201816e-05	0.00010379495099840363	0.00020758990199680726	0.00010379495099840363	0.0	0.0	0.0	0.0	0.0	0.0	0.0	0.0	0.0
Sor-CPnd_028-Ex1-3A-lcwgs-1-2-L2-clmp.fp2_repr.R1	0.0	0.0	0.0	3.131725380254095e-05	6.26345076050819e-05	6.26345076050819e-05	9.395176140762287e-05	0.00034448979182795055	0.0006263450760508191	0.0013153246597067201	0.002317476781388031	0.003194359887859177	0.005167346877419258	0.008862782826119091	0.016848682545767033	0.03401053762955948	0.061882893513820925	0.10481884847710458	0.17071035047765074	0.2649439671694965	0.3932507559985068	0.5494925352193836	0.7429392119576791	0.9754071869339406	1.2358101523020688	1.5107443234345759	1.824762427312654	2.16586995572993	2.4680188204168454	2.7714516925096646	3.0818369949466478	3.3512280121561053	3.604052202104018	3.8387750193540624	4.033129896452632	4.174088855817868	4.246306443086528	4.262340877033429	4.2359404320778875	4.164912900453724	4.0413350169488975	3.870655983725049	3.684161737330918	3.490746377846425	3.2878418904597626	3.0749785163638914	2.8573862369438365	2.6290834567233134	2.3878153334285375	2.16020153279167	1.9455530752290544	1.7354143022140045	1.5391490726334804	1.3649625069837477	1.195880653703829	1.029492084250929	0.8891907872155453	0.7777326809323021	0.6738220328154713	0.5755484903830977	0.48507294414755686	0.4031783254539123	0.33628467133168477	0.2763121302998188	0.2226656745360662	0.17506344875620394	0.13322359767600922	0.10557046256836557	0.08305335708433861	0.06135050019917774	0.04628690112015554	0.036985676740800874	0.028749238990732597	0.021483636108543095	0.016410240992531463	0.012307680744398595	0.009395176140762287	0.007704044435425075	0.006357402521915814	0.004447050039960815	0.003006456365043932	0.0025366975580058174	0.002192207766177867	0.001471910928719425	0.0008455658526686058	0.0005637105684457372	0.0003758070456304915	0.00018790352281524575	9.395176140762287e-05	6.26345076050819e-05	6.26345076050819e-05	6.26345076050819e-05	3.131725380254095e-05	0.0	0.0	0.0	0.0	0.0	0.0	0.0	0.0
Sor-CPnd_028-Ex1-3A-lcwgs-1-2-L2-clmp.fp2_repr.R2	0.0	0.0	0.0	3.1317665731521164e-05	9.395299719456351e-05	0.00012527066292608466	0.00021922366012064816	0.00037581198877825403	0.0004697649859728175	0.0007203063118249868	0.0017537892809651853	0.0032883549018097222	0.00535532084009012	0.010522735685791113	0.020794930045730055	0.03892785850428081	0.06626818068789879	0.10535262752083721	0.16319635612695682	0.2555208347034812	0.38852696106525164	0.548998680273566	0.7433247961376549	0.9744178515705496	1.2318490638836535	1.5115784541976007	1.8201200969845472	2.1487676811711305	2.4581862185985592	2.7572699263345863	3.0618655432393616	3.3485787730114382	3.598744286874829	3.8221645142035006	4.021282232924513	4.1639655179973225	4.234085771570198	4.244326648264407	4.225128919170984	4.15256588767105	4.034905417517725	3.9025882798020475	3.7151520503988933	3.5098021161973088	3.308022395889118	3.0944985509316068	2.863812625153222	2.62373139965538	2.3973673117479453	2.1662742563150506	1.9475829965118385	1.7463356765210836	1.556425351525139	1.3698033814310042	1.1957084776294782	1.0369905477021288	0.8977835235255173	0.783348772942539	0.674707790519892	0.5713908112716037	0.48273049958566727	0.40390393493942844	0.32939920816413965	0.2724636918642342	0.22392130998037638	0.17800961201796633	0.13792299988161924	0.10795199377655346	0.08274127286267892	0.06072495385341955	0.04503480332192744	0.03454338530186785	0.027215051520691893	0.020638341717072448	0.015564879868566021	0.011869395312246523	0.009270029056530266	0.0074222867783705175	0.0058877211575259795	0.004603696862533612	0.003570213893393413	0.0029125429130314687	0.00241146026132713	0.001722471615233664	0.0008455769747510716	0.00043844732024129633	0.00037581198877825403	0.0002818589915836905	0.00021922366012064816	0.00018790599438912701	0.00012527066292608466	6.263533146304233e-05	3.1317665731521164e-05	0.0	0.0	0.0	0.0	0.0	0.0	0.0	0.0
Sor-CPnd_028-Ex1-3A-lcwgs-1-2-L3-clmp.fp2_repr.R1	0.0	0.0	0.0	0.0	0.0	0.0	3.782308479027856e-05	0.00026476159353194996	0.0006051693566444569	0.0009077540349666855	0.001815508069933371	0.0030258467832222848	0.0048413548531556555	0.010439171402116882	0.020953988973814324	0.035818461296393794	0.0631645515997652	0.10503470646260354	0.16914483518212572	0.2657071706517069	0.39264144320788175	0.5479052062719753	0.7442448394183112	0.9783319111853452	1.2255814164593961	1.5071364596382297	1.8279140417445823	2.1464978849330985	2.4460188933873144	2.7549578499543097	3.0526633503385923	3.321320721603941	3.594705978468074	3.835147328479875	4.010041272550123	4.1451453314209985	4.228696525722723	4.241026851364355	4.21470198435032	4.161295788626447	4.033264646611355	3.868545112349691	3.70673795561688	3.50990662236827	3.300404555714917	3.082619233492493	2.8520118855261645	2.625867661565089	2.3960924214641466	2.1710072438771992	1.9547726681311766	1.7476156327348207	1.5631902712974224	1.3839844955610827	1.2112464673238807	1.0538267884267412	0.9086996120864425	0.7763188153204674	0.6701115932293653	0.5758564659319911	0.4830764389414378	0.4104939392288932	0.3442657177611155	0.2836353128422989	0.22996435552489364	0.1825720302826746	0.1425173834897696	0.1093843612134856	0.08479935609980453	0.06588781370466525	0.05128810297561773	0.0393360081818897	0.028178198168757523	0.02106745822818516	0.01736079591873786	0.013767602863661396	0.010590463741277997	0.008585840247393233	0.00684597834704042	0.005370878040219555	0.003895777733398692	0.0023450312569972707	0.0016642157307722566	0.0013994541372403066	0.0008699309501764069	0.00034040776311250703	0.0001891154239513928	0.00022693850874167136	0.00015129233916111423	7.564616958055712e-05	3.782308479027856e-05	0.0	0.0	0.0	0.0	0.0	0.0	0.0	0.0	0.0	0.0
Sor-CPnd_028-Ex1-3A-lcwgs-1-2-L3-clmp.fp2_repr.R2	0.0	0.0	0.0	0.0	3.783026769454026e-05	0.00011349080308362078	0.00015132107077816105	0.00034047240925086234	0.0007566053538908052	0.0017023620462543116	0.0025724582032287378	0.003064251683257761	0.005750200689570119	0.010857286828333054	0.01891513384727013	0.035976584577507784	0.06366834052991126	0.1044115388369311	0.16906346632690042	0.26420658957866916	0.3912027982292408	0.5427130203458747	0.73481511969875	0.969665421546456	1.2247927468784354	1.5073470162889566	1.810140478916057	2.1198947107989525	2.440354908439403	2.762517468126108	3.056458648112686	3.317600986008097	3.579537759525094	3.7973266106425623	3.9751288688069013	4.138971758191955	4.222047026049166	4.248944346379984	4.244480374792029	4.164166716476519	4.037624471038282	3.8833904696476416	3.705890853624858	3.519992918173888	3.321610994383718	3.088614375653045	2.8387454575306066	2.6292414350382423	2.4149707988163667	2.1794773824178533	1.9729997813410525	1.7705700189075677	1.5651138350585194	1.383074586912392	1.2110603597053173	1.0464986952340671	0.9050891545918757	0.7866047561725755	0.6815879330525318	0.5822834803543637	0.48929668236118373	0.41049623475345637	0.34096420273089134	0.2831595536936338	0.23155906855828096	0.18347679831852026	0.14235529733455501	0.11114532648655928	0.0846641391003811	0.062344281160602345	0.047590476759731645	0.036998001805260375	0.02761609541701439	0.02031485375196812	0.016569657250208633	0.013505405566950873	0.010743796025249434	0.009079264246689662	0.006658127114239085	0.004653122926428451	0.003858687304843107	0.0029129306124796	0.0020050041878106337	0.0012483988339198285	0.0007566053538908052	0.0005296237477235636	0.0004161329446399428	0.00034047240925086234	0.0002648118738617818	0.0001891513384727013	0.00011349080308362078	3.783026769454026e-05	0.0	0.0	0.0	0.0	0.0	0.0	0.0	0.0	0.0
Sor-CPnd_029-Ex1-8E-lcwgs-1-2-L2-clmp.fp2_repr.R1	0.0	0.0	0.0	0.0	2.04503996008082e-05	4.09007992016164e-05	0.0001227023976048492	0.0005112599900202049	0.0010020695804396017	0.0017178335664678886	0.0030266591409196138	0.00511259990020205	0.009427634215972579	0.017689595654699092	0.030961904995623617	0.05460256693415789	0.09460354855333873	0.1533779970060615	0.2349341906140846	0.3456526540528602	0.49172985840143313	0.6673169893739723	0.8630477639533076	1.1096591327394538	1.3842057473803038	1.6595499276055854	1.952910909879179	2.252509264031019	2.5564635532978315	2.8558165026544615	3.141999394668172	3.404807479938158	3.6517665055175175	3.855288882344761	4.011039125704516	4.126645234647885	4.207915122661497	4.238447569265504	4.204990715518582	4.124334339492994	4.0093008417384475	3.861239948628596	3.666204487635688	3.460064459659542	3.239609151962829	3.0088877436665116	2.78415830245323	2.550328433417589	2.319995582713686	2.088640212029743	1.8730111986388214	1.6638036107225536	1.4588497059232537	1.2848372557199768	1.1171030781941478	0.9673652523170304	0.8355010756910191	0.7155185812330772	0.6146776608014921	0.5231621225878754	0.43786350585290434	0.36444657128600294	0.30260456289315896	0.24691812478015823	0.19663059216177087	0.15771348172143285	0.12315230639606699	0.09536021333856864	0.07384639295851841	0.056995263687452453	0.046033849501419255	0.035051984915785254	0.026115160290232073	0.020511750799610626	0.015849059690626353	0.011595376573658249	0.008466465434734595	0.006564578271859432	0.005378455095012557	0.004335484715371338	0.0029857583417179975	0.0018609863636735462	0.0012065735764476837	0.0007975655844315198	0.0006544127872258623	0.0004499087912177804	0.0003272063936129312	0.0002454047952096984	0.0001431527972056574	0.0001636031968064656	0.0001431527972056574	6.13511988024246e-05	2.04503996008082e-05	0.0	0.0	0.0	0.0	0.0	0.0	0.0	0.0
Sor-CPnd_029-Ex1-8E-lcwgs-1-2-L2-clmp.fp2_repr.R2	0.0	0.0	0.0	2.0447489211904692e-05	8.178995684761877e-05	0.00016357991369523754	0.00022492238133095164	0.0006747671439928548	0.0012677443311380908	0.0020856438996142788	0.0033124932523285605	0.005602612044061886	0.009876137289349966	0.018157370420171366	0.03238882291165703	0.055412695764261714	0.0958578294254092	0.15347885402455663	0.23371480169207065	0.34088009265166314	0.4808431563071507	0.6587772074291454	0.8640495516274567	1.1055752941984747	1.364256480218281	1.641013246701411	1.942286552749615	2.2411879500492375	2.5454056945439554	2.8423645803684474	3.126093940672837	3.3896825241035002	3.6322101936459017	3.841081295945508	4.0048247895544415	4.126630482789757	4.202858722571738	4.23369353630329	4.20320632988834	4.135013953366638	4.018299684945086	3.861753707538744	3.6865800674603566	3.474519156843693	3.2556696798086766	3.024592604224942	2.7861748800141335	2.5664461609430056	2.3347352131937016	2.0940069227019475	1.8848700030425862	1.67771648983678	1.4668619810836188	1.288927929961624	1.1247550390792413	0.9743228609472585	0.8376109480764637	0.7170525516830738	0.617248356839767	0.5232103539542172	0.43769895407003184	0.3638221755474202	0.30268418280382514	0.24849833639227775	0.19697066357827792	0.1564437399602828	0.12354372981832815	0.09800481579265918	0.07659629458779497	0.05815265931865695	0.04639535302181175	0.03535370884738321	0.026090996234390387	0.02009988189530231	0.015519644311835662	0.01163462136157377	0.008731077893483303	0.006420511612538073	0.004600685072678556	0.0038441279718380824	0.0029035434680904663	0.001717589093799994	0.0012677443311380908	0.0009610319929595206	0.0007770045900523782	0.0005929771871452361	0.0003885022950261891	0.00020447489211904694	0.00014313242448333284	0.00016357991369523754	0.00010223744605952347	4.0894978423809385e-05	2.0447489211904692e-05	0.0	0.0	0.0	0.0	0.0	0.0	0.0	0.0
Sor-CPnd_029-Ex1-8E-lcwgs-1-2-L3-clmp.fp2_repr.R1	0.0	0.0	0.0	0.0	2.380374290053368e-05	0.00016662620030373574	0.0002856449148064041	0.0005474860867122746	0.0009521497160213471	0.0016186545172362902	0.0030944865770693784	0.005379645895520612	0.009450085931511872	0.018781153148521072	0.033087202631741815	0.05672431933197176	0.096833626119371	0.1532484967936358	0.2357046622010845	0.35081956286806537	0.4909283935806066	0.6607442954330139	0.868955634583982	1.1091354004503668	1.3694769365535038	1.64317237242384	1.9423378131977471	2.2504296575593545	2.540502068545258	2.8267896844099765	3.0990568957062807	3.359731684210025	3.619692360426754	3.815739986955549	3.9731303350138774	4.117214390790807	4.187173591175476	4.190625133896054	4.154943323288154	4.098742686299993	4.005551032844404	3.858919976577117	3.6712512675493096	3.472299584386649	3.265802114724519	3.0418088940304973	2.8121979900119496	2.579468795673432	2.354951892635598	2.1217704271819704	1.8917786632770137	1.6733317146788163	1.4854963794507048	1.3106340841033843	1.1272024413118718	0.9803571513584797	0.8455803590556579	0.7256571023227693	0.6278237190015759	0.5329896072858495	0.44672484301431553	0.3705766694755083	0.3092106202779325	0.2540335442344954	0.2017129173391224	0.16222250786713704	0.12932573517859947	0.10235609447229482	0.08133738949112358	0.06310372242931478	0.05013068254852393	0.03937139075748271	0.029111977567352693	0.02206606966879472	0.018019433375703997	0.014139423282917007	0.009926160789522544	0.007498179013668109	0.0059509357251334195	0.004284673722096063	0.0029040566338651088	0.0018328882033410935	0.0011901871450266841	0.0008569347444192124	0.0006903085441154768	0.0005236823438117409	0.00040466362930907256	0.00026184117190587047	9.521497160213473e-05	2.380374290053368e-05	0.0	0.0	0.0	0.0	0.0	0.0	0.0	0.0	0.0	0.0	0.0
Sor-CPnd_029-Ex1-8E-lcwgs-1-2-L3-clmp.fp2_repr.R2	0.0	0.0	0.0	0.0	0.0	9.522222486728403e-05	0.00026186111838503106	0.00047611112433642016	0.0007855833551550932	0.0016663889351774706	0.0029518889708858046	0.004808722355797843	0.00899850024995834	0.01844930606803628	0.03316113981003166	0.055990668221963004	0.09624586378460732	0.15352203204227868	0.23422286761730188	0.346323231842312	0.48568095793558214	0.6534387125955198	0.8572380793677244	1.0930797248077702	1.3483943152331754	1.6212536005903777	1.920703692241769	2.2259385340538484	2.5344585426238484	2.822862856190635	3.088699502463875	3.3583926488442404	3.6004475444568764	3.7936296331563786	3.9665531935153666	4.099483419430095	4.175256504868236	4.20420406122789	4.173066393696289	4.112814530911515	4.013450139262504	3.8561192182255337	3.673459185373866	3.4855381245982815	3.289118480253291	3.071940390887233	2.822791439521984	2.5835217939867166	2.3683195657866545	2.1362630037850834	1.9073487752041325	1.6863856023996	1.4893946247054064	1.3170185921394053	1.1396910038803056	0.9857880829385579	0.8514057180946033	0.7326397981288832	0.6313947675387436	0.5351012926417026	0.44966315137953194	0.3728902325802842	0.3081153141143143	0.2544337848453829	0.2016092556002571	0.16230628228628563	0.13126383697955102	0.10286380841288358	0.08020091889446998	0.06282286285619064	0.04794439022067751	0.03730330659175852	0.029495084152641227	0.022353417287594924	0.017901778275049397	0.013640583712238436	0.009855500273763897	0.007546361320732258	0.005760944604470684	0.003951722331992287	0.0024043611778989215	0.0014283333730092604	0.0010712500297569453	0.0009046111362391982	0.0007141666865046302	0.0004999166805532411	0.0003570833432523151	0.00026186111838503106	0.00011902778108410504	2.3805556216821008e-05	0.0	2.3805556216821008e-05	2.3805556216821008e-05	0.0	0.0	0.0	0.0	0.0	0.0	0.0	0.0
Sor-CPnd_030-Ex1-2H-lcwgs-1-2-L2-clmp.fp2_repr.R1	0.0	0.0	0.0	0.0	8.17966469918465e-05	0.000163593293983693	0.000163593293983693	0.000490779881951079	0.0010633564108940045	0.0016359329398369302	0.0031082725856901674	0.006216545171380335	0.010388174167964507	0.01685010928032038	0.029855776152023974	0.05112290436990407	0.08678624245834915	0.1414264026489026	0.21602494470546663	0.3211336360899894	0.4546257639806829	0.6249263830177073	0.8358799356096794	1.0555039327827873	1.28952413982646	1.5611708044863826	1.847540865604837	2.159676870525723	2.461015718043686	2.7308628564697877	2.9918759570207696	3.225732570770459	3.474639767566648	3.6958179010326013	3.8756887277676713	4.013270688007957	4.090241332827285	4.107827611930532	4.070282950961275	4.018342080121451	3.928447565077412	3.7957734036566375	3.661545105943017	3.523635959114764	3.3254426834535202	3.09952034446204	2.8689355965920247	2.635242576136319	2.4336956379484094	2.2192248295357877	2.000418798832598	1.8072969152848486	1.6120483189153112	1.4158181627818713	1.2357019461058252	1.0719450588281485	0.9344448952348545	0.8299905770262666	0.7293807012262953	0.614947192084702	0.5082843644073343	0.4325406692928843	0.36947545446217067	0.3024840005758484	0.2443265845646455	0.2001563951890484	0.1586036985171904	0.12269497048776976	0.09766519650826473	0.0772160347603031	0.06061131542095826	0.047196665314295436	0.03803544085120863	0.03075553926893429	0.022003298040806713	0.01668651598633669	0.013251056812679135	0.01030637752097266	0.008261461346176498	0.006707325053331413	0.005071392113494484	0.004089832349592325	0.002699289350730935	0.001472339645853237	0.0013905429988613906	0.001308746351869544	0.0011451530578858512	0.0008179664699184651	0.000327186587967386	0.0	0.0	0.0	0.0	0.0	0.0	0.0	0.0	0.0	0.0	0.0	0.0
Sor-CPnd_030-Ex1-2H-lcwgs-1-2-L2-clmp.fp2_repr.R2	0.0	0.0	0.0	0.0	0.0	0.0	8.193121710461633e-05	0.0006554497368369307	0.000983174605255396	0.0013928306907784777	0.0026217989473477227	0.005735185197323143	0.010814920657809356	0.016550105855132502	0.02892171963792957	0.05276370381537292	0.08766640230193948	0.14075783098573086	0.21580682585355943	0.3173196038461791	0.44603354591753136	0.6181710330543302	0.8291439170987174	1.0570765630837597	1.2868116958451041	1.5334246593299994	1.821330956235621	2.123411353700342	2.423771195605865	2.7162656406693455	2.99712585290397	3.2552091867835116	3.496086965071084	3.7146794523062	3.8770671246075494	4.011188527007806	4.1043443208557555	4.127530855296362	4.090907601250597	4.026181939737951	3.940318024212313	3.8052953784239056	3.668060589773673	3.522223023327456	3.306907784776524	3.0804499006993646	2.8670190801418394	2.6476072807356767	2.434176460178151	2.207472782449678	2.002808602122346	1.8144487339988333	1.6176499505135449	1.433140849593949	1.2570706640361284	1.0877188382808864	0.934671324729463	0.8165265096646064	0.7237803719021807	0.6151395780214594	0.5128894190748983	0.43775849298996505	0.3654951595036935	0.300032117037105	0.24620330739937207	0.2012230692089377	0.16222380986714033	0.12453544999901683	0.09512214305845956	0.07554058217045626	0.05923626996663761	0.046782724966735925	0.036459391611554266	0.027283095295837237	0.021056322795886397	0.01622238098671403	0.012781269868320148	0.009667883618344726	0.007701534407833935	0.0061448412828462255	0.004260423289440049	0.003523042335498502	0.0020482804276154083	0.000983174605255396	0.001228968256569245	0.0011470370394646287	0.0008193121710461632	0.0005735185197323143	0.0004096560855230816	0.000245793651313849	8.193121710461633e-05	0.0	0.0	0.0	0.0	0.0	0.0	0.0	0.0	0.0	0.0
Sor-CPnd_030-Ex1-2H-lcwgs-1-2-L3-clmp.fp2_repr.R1	0.0	0.0	7.263124102096283e-05	7.263124102096283e-05	0.0	0.0	0.00014526248204192567	0.000435787446125777	0.001307362338377331	0.0023241997126708107	0.0032684058459433274	0.004938924389425473	0.007263124102096284	0.014453616963171602	0.028689340203280317	0.04909871893017088	0.08185540863062511	0.13625620815532627	0.21869266671411908	0.32117534779469764	0.4401453205870347	0.6068340187301444	0.8162298865935802	1.043347777266131	1.287534009578608	1.5458833338901727	1.8254409805798586	2.1290395680474834	2.4350349864688	2.7366725304288586	3.0006870915400583	3.2696405770406836	3.5369961752388477	3.740944700025711	3.900588167789788	4.030452826735269	4.128432370872548	4.14964069325067	4.120007146914116	4.062120047820409	3.985639351025335	3.8600599353000904	3.689158625177765	3.5032952794051213	3.2938267803006642	3.079637250529845	2.8765603006352327	2.681254893529864	2.4355434051559466	2.173417256311292	1.965691906991338	1.768425456378403	1.5782768673855223	1.4117334317244545	1.2255069297467058	1.0578013942293025	0.9328030284322256	0.8179730363780833	0.7060482939647796	0.5971740636743563	0.5031892377932304	0.42416644756242294	0.3545130874233196	0.29139653897610285	0.23801257682569518	0.19218226374146766	0.1498382502262463	0.11737208548987593	0.09391219464010493	0.07524596569771749	0.05803236157574929	0.04336085088951481	0.032974583423517126	0.025566196839378916	0.020118853762806702	0.016269397988695672	0.013000992142752348	0.010168373742934795	0.008279961476389763	0.005519974317593175	0.003413668327985253	0.002033674748586959	0.0011620998563354054	0.0010894686153144423	0.0010168373742934795	0.0006536811691886655	0.00029052496408385134	0.0003631562051048141	0.0005084186871467397	0.0003631562051048141	0.00014526248204192567	7.263124102096283e-05	0.00014526248204192567	7.263124102096283e-05	0.0	0.0	0.0	0.0	0.0	0.0	0.0
Sor-CPnd_030-Ex1-2H-lcwgs-1-2-L3-clmp.fp2_repr.R2	0.0	0.0	0.0	0.0	0.00014540484343533483	0.0003635121085883371	0.0004362145303060045	0.0005089169520236719	0.0011632387474826787	0.0018175605429416853	0.002835394446989029	0.005161871941954387	0.008578885762684755	0.015194806138992491	0.025227740336030594	0.046602252321024815	0.07989996146771648	0.13326353900848437	0.2166532167186489	0.31647364173700626	0.4442117966949479	0.6120816884410419	0.8101957876216856	1.036591128850502	1.2779631689531579	1.5452172711873033	1.8283932037776178	2.1171672228401928	2.400706667539096	2.7048208975840984	3.0052273041215005	3.258377136542418	3.503820512261263	3.7497728049321326	3.928838869622747	4.035202512595695	4.1142300450028	4.139530487760547	4.11888299999273	4.072135342828269	3.9934713225297536	3.856499960013668	3.701571099333319	3.524613404872516	3.3103593680705505	3.076839189513403	2.8602586752164716	2.679811264513221	2.4640304768551844	2.2118984783383135	1.9780147876725773	1.7749569238151321	1.5825136135284665	1.396613521196391	1.2157298959628347	1.0570932117748841	0.9303001882992722	0.8174660297934524	0.7132834594720351	0.6075014358728289	0.5058634503115299	0.421674045962471	0.356314568838288	0.29742560724697736	0.2394090747162788	0.1925160127083833	0.1519480613899249	0.11661468443513853	0.09109613441223727	0.07357485077827942	0.0584527470610046	0.04267632154827077	0.03169825586890299	0.024646120962289252	0.020138570815793875	0.01686696183849884	0.013522650439486139	0.010323743883908774	0.00814267123237875	0.0053799792071073885	0.003126204133859699	0.0020356678080946876	0.0013086435909180135	0.0013086435909180135	0.0010905363257650111	0.0007270242171766742	0.0005089169520236719	0.0003635121085883371	0.00014540484343533483	0.0	7.270242171766742e-05	0.00021810726515300225	0.00021810726515300225	7.270242171766742e-05	0.0	0.0	0.0	0.0	0.0	0.0	0.0
Sor-CPnd_031-Ex1-5D-lcwgs-1-2-L2-clmp.fp2_repr.R1	0.0	0.0	0.0	0.0	0.0	0.0	0.0	0.0002518389278511692	0.0007051489979832739	0.0010577234969749109	0.0018132402805284185	0.0033242738476354336	0.0057922953405768925	0.011181648396591914	0.020852263226076813	0.04054606738403825	0.07348659914697118	0.1197745940860161	0.18847625360381506	0.28941329588656367	0.41155517589438073	0.5584276386171826	0.7437810895156433	0.9624276466760284	1.2128562765312312	1.4830794461155357	1.7649375741665645	2.0659354607342815	2.385619795748556	2.685257752105877	2.9515018666301334	3.219458485863777	3.4947688017906757	3.743988604792193	3.9378542114520227	4.070120016359457	4.142649627580593	4.181130615756253	4.190901966156877	4.16113460488487	4.052944601480006	3.9121666408112037	3.7457011095015806	3.5359192826015566	3.3500621538473934	3.1532248478389193	2.9369455766003356	2.717694606013108	2.494666051508112	2.2590455506105585	2.023223578570723	1.7991373005687532	1.5760583782781872	1.3939284656562219	1.2311397826932258	1.0672933762332553	0.9314010907647644	0.8071941315485677	0.692456316019575	0.5899075045985789	0.4987921805020258	0.41417430074403294	0.3440623432302674	0.2840743106161189	0.22892158541671284	0.18444683075819635	0.14515995801341394	0.11614811352495925	0.09287819659151121	0.07021269308490598	0.051526244638349226	0.041301584167591755	0.033293106261924575	0.024680214929414586	0.018787184017697224	0.014455554458657115	0.010526867184178874	0.008058845691237415	0.005842663126147126	0.004331629559040111	0.004130158416759176	0.0033242738476354336	0.0017125047093879508	0.0010577234969749109	0.0010073557114046768	0.0008058845691237416	0.0005540456412725723	0.0005036778557023384	0.00035257449899163694	0.0001007355711404677	5.036778557023385e-05	0.00015110335671070154	0.0002014711422809354	0.00015110335671070154	5.036778557023385e-05	0.0	0.0	0.0	0.0	0.0	0.0
Sor-CPnd_031-Ex1-5D-lcwgs-1-2-L2-clmp.fp2_repr.R2	0.0	5.0415524755030964e-05	5.0415524755030964e-05	0.0	5.0415524755030964e-05	0.00010083104951006193	0.00010083104951006193	0.00020166209902012386	0.0004537397227952787	0.0011091415446106813	0.002319114138731424	0.00413407302991254	0.006301940594378871	0.011293077545126937	0.02142659802088816	0.03997951113073955	0.07199336935018422	0.1178714968772624	0.18865489363332588	0.286561842707596	0.4062987140007946	0.5589065074342733	0.7435785746119518	0.9614744726031955	1.203569822476854	1.4645709941336496	1.7498724487223698	2.062952857451112	2.375428279882794	2.66259510888745	2.9381159516736943	3.2169642190937706	3.490770934038344	3.7204640648222655	3.9161267163965405	4.060869687968234	4.153886331141266	4.1983528239752035	4.185900189360711	4.1569616781513234	4.0628863089584355	3.916882949267866	3.755906178725052	3.5623105636657333	3.3712861403689205	3.168464484279431	2.947140330604845	2.7314123001780675	2.5018704159684115	2.261085869738384	2.0246874741620435	1.808909028210511	1.5986258744572768	1.4071981269624243	1.2399194158252316	1.0686578782323914	0.927998564165855	0.8018085057040125	0.6872140179358271	0.5923824158716139	0.49997075899564203	0.41502059978341493	0.34005271447268387	0.27935242266762655	0.2306510257542667	0.18507539137571868	0.14625543731434482	0.11731692610495706	0.09115126875709599	0.06659890820139591	0.04960887635895047	0.03947535588318925	0.030299730377773608	0.02193075326843847	0.01572964372356966	0.012049310416452401	0.009377287604435758	0.008066483960804954	0.006402771643888932	0.004537397227952786	0.004033241980402477	0.003024931485301858	0.0016637123169160218	0.0011091415446106813	0.0009074794455905574	0.0007562328713254645	0.0006554018218154025	0.0005041552475503096	0.00020166209902012386	5.0415524755030964e-05	5.0415524755030964e-05	0.0002520776237751548	0.0004033241980402477	0.0003529086732852168	0.0001512465742650929	0.0	0.0	0.0	0.0	0.0	0.0
Sor-CPnd_031-Ex1-5D-lcwgs-1-2-L3-clmp.fp2_repr.R1	0.0	0.0	0.0	0.0	5.33640140838306e-05	0.0001067280281676612	0.0002134560563353224	0.0004269121126706448	0.0006937321830897978	0.0010139162675927814	0.0017076484506825791	0.003735480985868142	0.006777229788646486	0.011740083098442732	0.020224961337771796	0.03564716140799884	0.06355654077384223	0.10982314098452338	0.17476714612454522	0.26794071471491343	0.39249232358657404	0.5464475042184254	0.7260707756245991	0.9439026811147956	1.1963144677313142	1.4626542620237128	1.76602868209029	2.0910155278608182	2.4008469936315384	2.677379314613949	2.972749132567951	3.249441545592613	3.5093242941808676	3.7531444745298894	3.9384776954430336	4.107801712131027	4.192650494524319	4.217358033045132	4.232673505087192	4.188007825299025	4.078238048328585	3.9440809169218354	3.7821211341774097	3.6066602558697745	3.3975800486893264	3.140418864819347	2.9024153620054625	2.6786066869378766	2.4525033592646865	2.2323234371548017	2.0134242513829284	1.7944717015969713	1.5900341636418163	1.410624348291978	1.2305741647731336	1.057194483014768	0.9139121051996829	0.789734044426609	0.6727601255548523	0.571101678725155	0.4826775073882478	0.40353867450192693	0.33091025133383356	0.2679940787289972	0.2183655456310348	0.1749272381667967	0.1400271729559715	0.1093428648577689	0.08628961077355408	0.06622474147803377	0.04834779675995052	0.03820863408402271	0.02940357176019066	0.021665789718035223	0.016382752323735993	0.011313170985772086	0.007791146056239267	0.006723865774562655	0.0057633135210537045	0.004322485140790278	0.0028816567605268522	0.0013874643661795957	0.000800460211257459	0.0007470961971736284	0.0006403681690059671	0.0004269121126706448	0.00032018408450298355	0.000266820070419153	0.00016009204225149177	0.0001067280281676612	5.33640140838306e-05	0.0	0.0	0.0	0.0	0.0	0.0	0.0	0.0	0.0	0.0
Sor-CPnd_031-Ex1-5D-lcwgs-1-2-L3-clmp.fp2_repr.R2	0.0	0.0	0.0	0.0	0.0	0.0	5.3414123976318314e-05	0.0002670706198815916	0.0005341412397631832	0.0008012118596447747	0.0014955954713369128	0.002777534446768552	0.005555068893537104	0.011537450778884756	0.021953204954266826	0.036214776055943816	0.061853555564576605	0.10522582423334707	0.17204689332772127	0.26739110462544946	0.3893355496633842	0.5367051177140464	0.7219452996639183	0.9436139141656393	1.1877698748613905	1.4619979873558084	1.7463747834057273	2.048004341499997	2.3859020897741865	2.6832585179503505	2.964750951305548	3.2536145337694777	3.5245309705773638	3.7708234962321674	3.9533929719832237	4.098198662083022	4.192955318017011	4.227193771485831	4.227994983345476	4.174313788749276	4.085005373460872	3.9632211707948666	3.76542866971056	3.5777314380577767	3.384265481015552	3.14796139654432	2.9266132667864566	2.6969859478122644	2.467732527705906	2.2368766838802583	2.005753769434729	1.7952487068440586	1.5975630340077045	1.41323089216543	1.2359494146880294	1.058347452466771	0.9099096019365824	0.7969921438506457	0.6817244643097506	0.5791693462752194	0.49135652645815214	0.4069087964515929	0.33570776919116063	0.27342690063477343	0.22011960490640778	0.17685416448558994	0.13957110595011976	0.10837725754794987	0.08588991135391985	0.0653254736230373	0.0487136810664023	0.03685574554365963	0.027080960855993385	0.020511023606906233	0.015276439457227037	0.01046916829935839	0.007745047976566155	0.006249452505229243	0.004967513529797603	0.003738988678342282	0.002403635578934324	0.0012285248514553211	0.0008012118596447747	0.000854625983621093	0.0009080401075974114	0.0006409694877158198	0.0003738988678342282	0.0002670706198815916	0.0003204847438579099	0.0003738988678342282	0.0002670706198815916	0.00016024237192895495	0.00010682824795263663	5.3414123976318314e-05	0.0	0.0	0.0	0.0	0.0	0.0	0.0
Sor-CPnd_033-Ex1-2F-lcwgs-1-2-L2-clmp.fp2_repr.R1	0.0	0.0	0.0	0.0	0.0	0.0	9.222199679067451e-05	0.00027666599037202353	0.0008299979711160707	0.00184443993581349	0.003227769887673608	0.005625541804231145	0.008668867698323405	0.015862183447996017	0.032093254883154725	0.05948318792998506	0.09821642658206836	0.16092738439972704	0.2511204972610067	0.36787354519800064	0.5164431820277773	0.7042071674935906	0.9070033384362839	1.1477027500599444	1.4132098788202963	1.6813914454875778	1.9851707029160595	2.2992788239850968	2.606378073298043	2.8937418152977847	3.1665344818045997	3.4461515760739254	3.7010531752033495	3.893520482505487	4.037940129479684	4.123706586495011	4.164653153070071	4.176365346662486	4.147038751683051	4.071324492317908	3.936864820997104	3.7455041776564544	3.5551579762805026	3.3812272903332907	3.1649667078591586	2.926757290148846	2.7055167198480183	2.4958038991460243	2.29835660401719	2.0863382333954297	1.8747809727576221	1.6724459117988824	1.474168618698932	1.2988546027998598	1.1380194403969235	0.9901875795414723	0.851670140361879	0.7299371045981887	0.6246195842632385	0.5341498054115869	0.45216445026467716	0.3792168508032536	0.31871922090857113	0.2655993507571426	0.21155726063780733	0.168581810133353	0.13427522732722208	0.10568640832211298	0.08558201302174595	0.06704539166682037	0.05228987218031245	0.039471014626408694	0.0332921408414335	0.02702104505966763	0.020565505284320416	0.01613884943836804	0.012911079550694432	0.011158861611671615	0.008484423704742056	0.0047955438331150745	0.002674437906929561	0.0017522179390228156	0.0012911079550694431	0.0014755519486507921	0.0011988859582787686	0.000922219967906745	0.000922219967906745	0.0006455539775347216	0.00027666599037202353	0.0	0.0	0.0	0.0	0.0	0.0	0.0	0.0	0.0	0.0	0.0	0.0
Sor-CPnd_033-Ex1-2F-lcwgs-1-2-L2-clmp.fp2_repr.R2	0.0	0.0	0.0	0.0	0.0	0.0	9.239616518955996e-05	0.0005543769911373598	0.0008315654867060398	0.0012935463126538397	0.002494696460118119	0.005358977580994478	0.009609201179714236	0.017924856046774636	0.03335501563343115	0.05691603775676894	0.0987715005876396	0.1634488162203316	0.24808370353396852	0.3566491976317015	0.5057766082476512	0.6818836990989525	0.8922697672355807	1.1445112982030794	1.4061772380199133	1.67560445571267	1.961385794643979	2.282924449503648	2.5991965229475116	2.881097222940859	3.1559758143798002	3.4240170895947135	3.6674809848692043	3.8716765099381316	4.030413121733796	4.149696570993518	4.18683982939972	4.16817580403143	4.1424896701087315	4.104237657720254	3.9680457102308426	3.7449089712980554	3.5810905704169658	3.401934406114408	3.1723299356183525	2.9521498739716305	2.71506131409522	2.501256587846578	2.311474864547222	2.0880609371188656	1.8699135911063147	1.6691367241494008	1.4819420934753524	1.314889826812628	1.1442341097075106	0.9915032486491681	0.8567896398027895	0.7322396091272627	0.6310658082446946	0.536267342760206	0.44479513922254177	0.3779927117904898	0.32551168996281976	0.2684108598756717	0.21851693067330932	0.17047092477473813	0.13064817757803782	0.10505443982052969	0.08177060619276058	0.06181303451181562	0.049339552211225025	0.038621597049236074	0.03104511150369215	0.02531654926193943	0.018848817698670233	0.014321405604381795	0.012935463126538397	0.010255974336041158	0.006744920058837878	0.004804600589857118	0.003880638937961519	0.002217507964549439	0.0008315654867060398	0.0010163578170851598	0.0010163578170851598	0.0009239616518955996	0.0008315654867060398	0.0004619808259477998	9.239616518955996e-05	0.0	0.0	0.0	0.0	0.0	0.0	0.0	0.0	0.0	0.0	0.0	0.0
Sor-CPnd_033-Ex1-2F-lcwgs-1-2-L3-clmp.fp2_repr.R1	0.0	0.0	0.0	0.0	0.0	0.0	7.992761754954713e-05	0.0003996380877477357	0.0007992761754954714	0.0016784799685404899	0.0031971047019818855	0.00527522275827011	0.009031820783098827	0.01702458253805354	0.031651336549620664	0.053711358993295676	0.09415473347336652	0.1573774789550583	0.2399427078837405	0.34248984119980946	0.4804449090903278	0.6632393704261421	0.8735289321990006	1.1133917124651915	1.3849857568985526	1.7006998462192637	1.994753551184048	2.2819334810395704	2.601883734090408	2.8851472106860028	3.177602363299796	3.452313584817589	3.682345268125186	3.887919100462621	4.0439378099193375	4.183411502543296	4.246074754702142	4.236323585361097	4.204272610723728	4.112595633394398	3.9690456322754115	3.771464561692931	3.5741232739630995	3.3763823481455195	3.16984938439749	2.959559822624631	2.738959598187881	2.4998960940971857	2.2593139652730487	2.044468529299866	1.8429710054574575	1.6513845061911934	1.460837065953073	1.2916302996006817	1.1300166569154975	0.9819907092137361	0.8605806581559741	0.7446856127091306	0.6300694091430801	0.5238456054197319	0.44088073840330194	0.37038457972460137	0.3066822685376123	0.25872569800788403	0.21132862080100262	0.16656915497325622	0.13036194422331138	0.10270698855116807	0.08176595275318671	0.06450158736248453	0.04859599147012465	0.03908460498172855	0.03093198799167474	0.0237385024122155	0.01862313488904448	0.013507767365873464	0.010790228369188862	0.009031820783098827	0.0063142817864142225	0.004475946582774639	0.004555874200324187	0.003676670407279168	0.003037249466882791	0.00279746661423415	0.0015985523509909427	0.0005594933228468299	7.992761754954713e-05	0.0	0.0	0.0	0.0	0.0	0.0	0.0	0.0	0.0	0.0	0.0	0.0	0.0	0.0
Sor-CPnd_033-Ex1-2F-lcwgs-1-2-L3-clmp.fp2_repr.R2	0.0	0.0	0.0	0.0	8.004533767926154e-05	0.0001600906753585231	0.0001600906753585231	0.0003201813507170462	0.0008004533767926154	0.0013607707405474461	0.0021612241173400615	0.003521994857887507	0.0058433096505860925	0.0135276620677952	0.029456684265968244	0.054831056310294154	0.0940532717731323	0.1504852348370117	0.22989020981483912	0.3429142266179564	0.4832337035697019	0.6588531744380016	0.8698526845605351	1.100543347752167	1.3636523727038994	1.6459722786986548	1.9724772110923625	2.2956202393035414	2.5924283514182433	2.8951598185212104	3.1792407219449093	3.4503542806645684	3.6708791859709335	3.8739542076632203	4.059979572429824	4.191974334262927	4.245044393144277	4.231997003102557	4.181088168338547	4.101122875996965	3.974971423814448	3.8087172574546226	3.6006794248262217	3.373670847167836	3.1879656637519487	2.977686561668529	2.7561210669723333	2.5095814269202075	2.254236799723363	2.0470794658094342	1.8636155518485669	1.6626217089359414	1.456905191100239	1.2759226826074288	1.1247170397313038	0.990400963105503	0.8594467906622312	0.751385584795228	0.6432443335905457	0.5343026290090708	0.4471332562763549	0.3694892787274712	0.3078543687144399	0.26190834488654374	0.2128405528891564	0.17201743067273303	0.13207480717078154	0.09589431453975532	0.07652334282137402	0.06211518203910695	0.04874761064667027	0.03842176208604554	0.02969682027900603	0.023293193264665106	0.017369838276399752	0.012246936664927016	0.009765531196869907	0.00888503248239803	0.006803853702737231	0.00576326431290683	0.005523128299869046	0.0036820855332460305	0.0020811787796608	0.0016009067535852307	0.0011206347275096614	0.00048027202607556923	0.0001600906753585231	0.0001600906753585231	8.004533767926154e-05	0.0	0.0	0.0	0.0	0.0	0.0	0.0	0.0	0.0	0.0	0.0	0.0
Sor-CPnd_034-Ex1-4G-lcwgs-1-2-L2-clmp.fp2_repr.R1	0.0	0.0	0.0	0.0	0.0	0.0	0.00010337883380405161	0.0003101365014121549	0.0003101365014121549	0.0005168941690202581	0.0016540613408648258	0.0032047438479256003	0.0059959723606349945	0.012612217724094297	0.025121056614384542	0.04507317153856651	0.07991183853053191	0.130153951759301	0.19983128574323178	0.3006256487021821	0.42457687043324	0.578818090468885	0.7619020051358605	0.9711407647552609	1.2019857006397083	1.4396536395552229	1.7132974126345475	2.0072034371394665	2.285085742404757	2.5646221090109127	2.853565949493237	3.1268995860711497	3.3494742152512726	3.531524341580208	3.713160952573926	3.8782569501589967	3.990733121337805	4.067543594854215	4.072712536544418	4.0020014142224465	3.9235368793651713	3.837318931972592	3.7044771305343858	3.546100757146579	3.373664862361421	3.186239036674675	2.973898912041153	2.7449147951651787	2.5525267854558384	2.3563137588957486	2.1411824057495172	1.93866327032738	1.752374611812479	1.5617440422778077	1.3582944973514344	1.1767612651915196	1.0284126386827055	0.8941235335712425	0.7846453485727519	0.6824036819405448	0.5840904109928917	0.4919798700734817	0.4021436634977609	0.3287446914968841	0.26702752771586535	0.2252624788590285	0.18463459717403619	0.14379995782143581	0.1115457616745717	0.08456388605171422	0.06595569596698495	0.054067130079519	0.042902216028681425	0.03287446914968842	0.027705527459485835	0.02232982810167515	0.016850749910060414	0.012612217724094297	0.010648019881817317	0.008580443205736286	0.005789214693026891	0.003928395684553962	0.0035148803493377555	0.003618259183141807	0.0029979861803174973	0.0020675766760810325	0.001343924839452671	0.0005168941690202581	0.0003101365014121549	0.0003101365014121549	0.00010337883380405161	0.0	0.0	0.0	0.0	0.0	0.0	0.0	0.0	0.0	0.0
Sor-CPnd_034-Ex1-4G-lcwgs-1-2-L2-clmp.fp2_repr.R2	0.0	0.0	0.0	0.0	0.0	0.00010339272900972513	0.00020678545801945027	0.00041357091603890054	0.0009305345610875261	0.0011373200191069762	0.0015508909351458768	0.0032051745993014785	0.005583207366525156	0.013441054771264267	0.02657193135549936	0.04600976440932768	0.0814734704596634	0.1354444750027399	0.20513117435529463	0.2949794558647458	0.42690857808115507	0.5916131953936471	0.7543533508549545	0.9680661217180564	1.1997692274288503	1.42930108583044	1.720868581637865	2.00850715374292	2.289218413004324	2.567138068582465	2.8344082730726043	3.1082956122193663	3.332244263254431	3.531171873869142	3.742093041048981	3.8884971453267516	3.978345426836203	4.03200625319225	4.03945052968095	4.008019140061994	3.9431918989728967	3.8476570173679105	3.7028038040252857	3.5496791723618832	3.3731877839422824	3.186563908079728	2.9758495263579086	2.754485693548087	2.559280221177726	2.358801719627869	2.152223047066438	1.9417154508026377	1.746820156619306	1.5561639643253729	1.3630263465352062	1.1864315653865958	1.0259660499635024	0.889591040399675	0.780821889481444	0.6830123678382441	0.5910962317485985	0.4935968882924277	0.40261128676386965	0.3330279801403246	0.2748178737078494	0.22746400382139526	0.18445262855334962	0.1427853587624304	0.10959629275030863	0.0835413250398579	0.06648152475325325	0.05417779000109597	0.04135709160389005	0.031121211431927264	0.026468538626489634	0.021712473092042276	0.01716319301561437	0.012924091126215639	0.010132487442953062	0.00847820377879746	0.0054798146375154315	0.003411960057320929	0.0032051745993014785	0.0033085673283112043	0.0031017818702917537	0.0018610691221750521	0.0009305345610875261	0.00041357091603890054	0.00041357091603890054	0.0005169636450486256	0.00031017818702917533	0.00020678545801945027	0.00010339272900972513	0.0	0.0	0.0	0.0	0.0	0.0	0.0	0.0
Sor-CPnd_034-Ex1-4G-lcwgs-1-2-L3-clmp.fp2_repr.R1	0.0	0.0	0.0	0.0	0.0	0.0	0.0	0.0	0.0	0.0007516668211759578	0.0016286114458812415	0.0037583341058797883	0.008017779425876882	0.014031113995284544	0.02292583804586671	0.040965841754089696	0.0724105704399506	0.1220205806375638	0.19806420737986485	0.2945281160974461	0.41041008436207294	0.5621215044360871	0.7476579314630192	0.9622588089087551	1.2020405248638857	1.4359341840531379	1.715178408120006	2.020856248731562	2.324905477897237	2.6144224818535102	2.852575586362759	3.0874714679802464	3.3286312397741993	3.528324058599945	3.6888049249210124	3.863066349630305	4.00162360033374	4.03695194092901	4.000621377905506	3.9584027581161223	3.9077905254902747	3.830118287302092	3.71899687557158	3.554006008323457	3.3976593095188576	3.2161317722048643	2.9965197826179555	2.786804739509863	2.564812471655897	2.350587427620749	2.159413499434997	1.9428081771327919	1.7183103532082393	1.5371586493048335	1.3498683330284906	1.167964962303909	1.0299088228145914	0.9070112975523223	0.7913798848947541	0.6832651404489455	0.5769042852525474	0.4939703793161335	0.42569397639265066	0.3535339615597588	0.2857586698503932	0.23439477040336948	0.18666392725869616	0.15095975325283817	0.12565363693991424	0.09809252016346247	0.07353807067171453	0.05737723401643143	0.046478065109380046	0.03795917446938586	0.028062227990569087	0.021297226599985467	0.017914725904693656	0.01215194694234465	0.00839361283646486	0.007641946015288903	0.007516668211759577	0.00638916797999564	0.004134167516467767	0.002255000463527873	0.0015033336423519155	0.000876944624705284	0.0006263890176466314	0.0007516668211759578	0.0006263890176466314	0.0005011112141173051	0.0003758334105879789	0.00012527780352932627	0.0	0.0	0.0	0.0	0.0	0.0	0.0	0.0	0.0
Sor-CPnd_034-Ex1-4G-lcwgs-1-2-L3-clmp.fp2_repr.R2	0.0	0.0	0.0	0.0	0.0	0.0	0.0	0.00012528062860808208	0.00025056125721616417	0.00037584188582424633	0.0008769644002565748	0.0036331382296343807	0.007516837716484926	0.012778624118024376	0.02317691629249519	0.04284597498396408	0.07830039288005132	0.12778624118024376	0.19618946440025659	0.291402742142399	0.4112963037203336	0.5683982119948685	0.7427888470173188	0.9476226747915331	1.193297987491982	1.4319575849903783	1.6954227469531753	1.9912103110968569	2.3124298428479797	2.610723019563823	2.8413646568313022	3.0890444595894806	3.3314624759461196	3.5257727309172546	3.6868836193072485	3.8466164207825533	3.978411642078256	4.033535118665811	4.01599583066068	3.9617493184733803	3.9009882135984606	3.813291773572803	3.698659998396408	3.5622293938422067	3.4138971295702376	3.2341194275176393	3.022645726427197	2.805033274534958	2.5869197001282873	2.3580319916613215	2.1427998717126364	1.9393441308531112	1.7375170381654907	1.5512247434252726	1.3557869627966646	1.173503648171905	1.0354443954457986	0.9184322883258499	0.8084358964079539	0.6857861610006414	0.5780448203976908	0.49285399294419496	0.4191889833226427	0.3566739496472098	0.2924049871712636	0.23627926555484283	0.18077994708146247	0.1462024935856318	0.12315085792174471	0.09609024214239897	0.07429141276459268	0.057127966645285445	0.04497574567030148	0.03583025978191148	0.027185896407953818	0.021047145606157794	0.017789849262347657	0.012778624118024376	0.008519082745349583	0.007516837716484926	0.007140995830660681	0.0055123476587556125	0.0036331382296343807	0.00238033194355356	0.0017539288005131496	0.0010022450288646567	0.0007516837716484927	0.0010022450288646567	0.0010022450288646567	0.0010022450288646567	0.0006264031430404106	0.00012528062860808208	0.0	0.0	0.0	0.0	0.0	0.0	0.0	0.0	0.0
Sor-CPnd_036-Ex1-5C-lcwgs-1-2-L2-clmp.fp2_repr.R1	0.0	0.0	0.0	0.0	0.0	0.0	9.604754737785394e-05	0.00024011886844463483	0.0006243090579560505	0.0010084992474674662	0.0016808320791124438	0.0031695690634691797	0.005426686426848747	0.009988944927296808	0.021322555517883573	0.03957158951967582	0.07150739902281225	0.1214521236592963	0.19123066682930717	0.2897754504389853	0.42179280430984556	0.5749886423775226	0.7531088189897527	0.9708486088953475	1.21778685320381	1.4829741315140648	1.7634809936310871	2.0414906195162854	2.3345316865661174	2.626420183047416	2.893384340984161	3.161933283452641	3.4143462379616407	3.631845908998791	3.8191866501592946	3.969597109353014	4.044370124986674	4.046627242350053	4.057336543882684	4.038895414786136	3.941359130423925	3.821107601106852	3.6657026694494848	3.49224079888508	3.3140725984991612	3.1164547697692266	2.9139865398967104	2.7081086220922805	2.501222205040383	2.2820897256978094	2.070593026371775	1.8723508885838847	1.6836174579864016	1.5069379945848393	1.3236312504142052	1.157180850808384	1.0190164539053412	0.8964597834511997	0.7893667681248926	0.6836184184618754	0.5792627582358371	0.4873452553952309	0.4065212442767667	0.3401043652649808	0.2825718843856463	0.23555660994418678	0.19137473815037395	0.15209129127283172	0.12001141044862848	0.0933101922775851	0.07707815677072778	0.06070204994280369	0.04715934576252628	0.03697830574047376	0.026989360813176953	0.020458127591482887	0.01632808305423517	0.012101990969609596	0.008500207942940072	0.006050995484804798	0.004754353595203769	0.003697830574047376	0.0023051411370684943	0.001728855852801371	0.0016808320791124438	0.0012966418896010281	0.0007683803790228315	0.0007203566053339044	0.0007203566053339044	0.00043221396320034276	0.00019209509475570787	4.802377368892697e-05	0.0	0.0	0.0	0.0	0.0	0.0	0.0	0.0	0.0
Sor-CPnd_036-Ex1-5C-lcwgs-1-2-L2-clmp.fp2_repr.R2	0.0	0.0	0.0	0.0	0.0	9.609932826569543e-05	9.609932826569543e-05	0.0002882979847970863	0.0009609932826569543	0.0012492912674540405	0.0017778375729153653	0.003315426825166492	0.006102307344871659	0.010618975773359343	0.020469156920593125	0.03906437694000519	0.07125765190901316	0.12079685562997915	0.18941177601168566	0.2855111042773811	0.4129388135576932	0.5703975629210353	0.7443373470819439	0.9594076437405702	1.2068153643606032	1.4680613882508962	1.747998731488867	2.0362006169576876	2.3452080069960313	2.631103508586475	2.881298109726213	3.136345726943369	3.4080185279504898	3.632842906428084	3.795298820861242	3.9507394843310046	4.045253173680316	4.062310804447477	4.063608145379064	4.043331187115002	3.9625597017076855	3.8267233012041246	3.67647200146071	3.5191093514256337	3.3250367579930615	3.115492172709713	2.9180080531237085	2.724848403309661	2.517177754927493	2.286010820784363	2.073823503973707	1.8755705897615775	1.6811135990159427	1.50659721888544	1.3266512267079253	1.165156305557424	1.028935507740801	0.8940120508557645	0.7751852314552321	0.6753380293871746	0.585292958802218	0.4929895540030175	0.40895069143466684	0.3444680421683853	0.2866642962165694	0.23472260928896105	0.18926762701928715	0.15121229302607175	0.11930731604186087	0.0933604974101231	0.0765431149636264	0.061695768746576465	0.0482418627893791	0.03699824138229273	0.026187066952402003	0.01869131934767776	0.015231743530112724	0.01177216771254769	0.008360641559115502	0.006006208016605964	0.004949115405683315	0.004180320779557751	0.002786880519705167	0.0017778375729153653	0.0014414899239854314	0.0009129436185241065	0.00048049664132847716	0.0003843973130627817	0.0003843973130627817	0.0002882979847970863	9.609932826569543e-05	0.0	0.0	0.0	0.0	0.0	0.0	0.0	0.0	0.0	0.0
Sor-CPnd_036-Ex1-5C-lcwgs-1-2-L3-clmp.fp2_repr.R1	0.0	0.0	0.0	0.0	0.0	5.2765547896343136e-05	0.00021106219158537255	0.0004221243831707451	0.00036935883527440197	0.000791483218445147	0.0016884975326829804	0.0026910429427135	0.005593148077012373	0.01229437265984795	0.022372592308049492	0.04136818955073302	0.07323858048012427	0.12273266440689413	0.19264701536954879	0.2885220158972043	0.41621464180635465	0.5736670367290425	0.7659974588112133	0.981544721967775	1.2219973237314106	1.4857195321173335	1.785480609716459	2.063132922747017	2.3477502880998915	2.6408629066640774	2.9146105691503057	3.1797574473294303	3.4330320772318768	3.673168085708135	3.8403821069916457	3.955727594693052	4.044162652967323	4.104104315377569	4.095978421001532	4.053554920492872	3.983376741790736	3.8567394268395123	3.686095644942739	3.49561201703694	3.309296867414953	3.104566541577141	2.903899162927348	2.697480339556854	2.4756539762006273	2.2651194400942183	2.0576980713136934	1.8558170850622846	1.662009227639016	1.4770659822623333	1.3037311574228463	1.1453817481859205	1.004444969754788	0.8690485738527715	0.7547056315613958	0.6584085066505697	0.563272223793463	0.47404568230074673	0.39901307319214674	0.3350084635938826	0.2702123707771732	0.22108764568567774	0.17644799216537144	0.139934233021102	0.11360422462082678	0.08885718265744184	0.06870074336103876	0.05403192104585537	0.04168478283811108	0.03187039092939126	0.02622447730448254	0.020420267035884794	0.01693774087472615	0.014404994575701676	0.010553109579268628	0.007176114513902667	0.0049599615022562545	0.0032714639695732746	0.0029548706821952157	0.0027965740385061865	0.0014774353410976079	0.0008970143142378334	0.0009497798621341764	0.0007387176705488039	0.0002638277394817157	5.2765547896343136e-05	0.00010553109579268627	5.2765547896343136e-05	0.0	0.0	0.0	0.0	0.0	0.0	0.0	0.0	0.0
Sor-CPnd_036-Ex1-5C-lcwgs-1-2-L3-clmp.fp2_repr.R2	0.0	0.0	0.0	0.0	0.0	0.0	0.0	0.0004750588809090727	0.0010556864020201614	0.001425176642727218	0.0022697257643433475	0.0036949024070705655	0.006228549771918953	0.011454197461918753	0.021536002601211295	0.04101341671848328	0.07358134222080526	0.12050660279060144	0.19361288613049762	0.2897331330344333	0.41625714831654964	0.569331676609473	0.7431504427020926	0.968064430652488	1.2176286960900542	1.469568255932166	1.7581929182444782	2.045075697993457	2.3502218524973846	2.6495089474701006	2.926784980960696	3.178143913281696	3.413614765252293	3.6532027941907685	3.825860305241166	3.9532816539649995	4.03288040867732	4.097382847840752	4.116807477637923	4.062017353373077	3.9760316959285342	3.857055838420862	3.6944273481896563	3.4994948540566333	3.3184974204302766	3.1210312789324055	2.8942170554583737	2.6947451097966644	2.489202967323339	2.2780129025992055	2.0776964078158797	1.8705179514194232	1.673315731522057	1.4874621404464077	1.3075203932220711	1.1587213948573292	1.0176816915474356	0.8670352419791586	0.7554491892856275	0.6530476082896719	0.5594082244304837	0.47980946971816335	0.4011080484475604	0.3349165110408962	0.27421454292473696	0.22348881130766818	0.17614127617706393	0.13898111482595427	0.11369742549757139	0.08878322640989558	0.06867240045141151	0.05320659466181614	0.0405383578375742	0.03145945478020081	0.024280787246463716	0.01873843363585787	0.016679845151918553	0.014357335067474195	0.010504079700100607	0.007020314573434074	0.005172863369898791	0.003958824007575606	0.003272627846262501	0.0027447846452524198	0.001530745282929234	0.0007917648015151212	0.0006334118412120969	0.0005278432010100807	0.00026392160050504036	0.00010556864020201615	0.00015835296030302422	0.00010556864020201615	0.0	0.0	0.0	0.0	0.0	0.0	0.0	0.0	0.0
Sor-CPnd_037-Ex1-6C-lcwgs-1-2-L2-clmp.fp2_repr.R1	0.0	0.0	0.0	0.0	3.471940127086896e-05	0.00013887760508347584	0.0002083164076252138	0.00031247461143782065	0.0005207910190630345	0.0010068626368552	0.0022220416813356135	0.0040274505474208	0.007291074266882483	0.013922479909618453	0.02583123454552651	0.045239379855942265	0.07648684099972433	0.12676053403994259	0.2058513301349821	0.31306484125942546	0.44815803160437656	0.6103323549406056	0.8014626589367392	1.0315134117575169	1.2910756556585332	1.5620605825776657	1.842593344846287	2.1415621091897394	2.4366423005908544	2.713251770515868	2.979202384250724	3.2488332545202927	3.496695060193026	3.6885891910171185	3.869442552237075	3.9951615042388915	4.051580531304054	4.093625726243076	4.083175186460545	4.024221643102608	3.94075620244744	3.8016702809563387	3.626267865735909	3.465933670667036	3.300356846006262	3.096415082941178	2.8871612514816505	2.681032166136501	2.4630984843592567	2.233846277767709	2.016086192996819	1.8304068350002116	1.6506297752196524	1.4647768202166906	1.2764587877234974	1.1047019096365087	0.9646785643110941	0.8462506865761601	0.7228926538607627	0.6079714356541864	0.5178051505537397	0.4332634084591738	0.3585819763255347	0.3011560866235174	0.25004912795279827	0.20064341994435173	0.15623730571891034	0.1249551251738574	0.10082514129060348	0.07867416327978907	0.061140865638000245	0.04683647231440224	0.035830422111536774	0.02756720460906996	0.02204681980700179	0.017463858839247087	0.013922479909618453	0.009999187566010261	0.007291074266882483	0.00569398180842251	0.004096889349962538	0.0031594655156490753	0.00236091928641909	0.0014929342546473655	0.0011110208406678067	0.0013540566495638896	0.001180459643209545	0.0007985462292299861	0.0004513522165212965	0.0001735970063543448	0.00013887760508347584	0.0001041582038126069	6.943880254173792e-05	3.471940127086896e-05	0.0	0.0	0.0	0.0	0.0	0.0	0.0
Sor-CPnd_037-Ex1-6C-lcwgs-1-2-L2-clmp.fp2_repr.R2	0.0	0.0	0.0	0.0	3.469877645174476e-05	0.00013879510580697905	0.00020819265871046855	0.00038168654096919235	0.0009715657406488533	0.0017696375990389828	0.002741203339687836	0.0048578287032442664	0.008501200230677467	0.014122402015860118	0.02567709457429112	0.04573298736339959	0.07973778828610945	0.1307102908937225	0.2075333819578854	0.31107453088989173	0.44230530343039043	0.6107678631036112	0.8050116136804784	1.0176110170003185	1.261994499549957	1.5473225383126539	1.8434071977753919	2.1372364367687666	2.424577004565665	2.6870385496466627	2.9586605717109205	3.2348628322668085	3.4795933025809647	3.68136668764786	3.8503150301914055	3.959893766226015	4.026133730472396	4.081027194819057	4.0908816473313525	4.037619025477924	3.933036913252365	3.805102524474782	3.64038743265835	3.477441978440956	3.3007558087486717	3.0931877280143345	2.9030384330587733	2.699079025075418	2.4778049276426417	2.2590291421143904	2.0526061210029614	1.8508327359360655	1.6563113951475843	1.4708117362365567	1.2802460559635747	1.1136919289951999	0.9759030877053213	0.8509527937025885	0.7268352703346975	0.61611147467718	0.5224247782574691	0.4358860297868176	0.36423305641396475	0.30281622209437653	0.2519478158161187	0.20180808384334753	0.15541581972736476	0.1248114988969259	0.0982322361348894	0.07682309106416291	0.06179852086055741	0.04882117846760488	0.037509377344336084	0.02793251504365453	0.021617337729436983	0.01800866497845553	0.013983606910053138	0.009715657406488533	0.007356140607769889	0.00575999689098963	0.00430264828001635	0.003331082539367497	0.002463613128073878	0.001561444940328514	0.0012491559522628112	0.0014920473874250246	0.0013879510580697904	0.0009368669641971084	0.00048578287032442665	0.00024289143516221333	0.00024289143516221333	0.00020819265871046855	0.00013879510580697905	6.939755290348953e-05	0.0	0.0	0.0	0.0	0.0	0.0	0.0
Sor-CPnd_037-Ex1-6C-lcwgs-1-2-L3-clmp.fp2_repr.R1	0.0	4.176624435424792e-05	8.353248870849584e-05	8.353248870849584e-05	8.353248870849584e-05	0.00012529873306274376	0.0002505974661254875	0.0002088312217712396	0.0002088312217712396	0.0008353248870849584	0.002673039638671867	0.0045107543902587754	0.006014339187011701	0.011694548419189418	0.02372322679321282	0.04285216670745836	0.07814464318679785	0.12893239632156334	0.19663547841979923	0.2986286471328726	0.4356219286148058	0.6033551659414654	0.7953963574822973	1.0223123630589264	1.2633871254716453	1.5149869814616348	1.8213841500443977	2.1129543018814023	2.397591257155602	2.701983646009361	2.986119406351309	3.2302848708462424	3.449348822484273	3.6649461758409005	3.8291710486418036	3.952673833197315	4.054875833132159	4.0862422826422	4.06452383557799	4.015740862172229	3.934505516903217	3.8303405034837223	3.669707527697285	3.4945816651199233	3.310141930051565	3.0908273809474087	2.8992456180944735	2.701357152344047	2.4902287871333235	2.2848641636434865	2.0671367318247924	1.8483233776528873	1.6495578207710218	1.4598555389140275	1.2833096240286215	1.1286492211848416	0.9824255997006195	0.8530755409355137	0.7345011732138039	0.6288325749975567	0.5307236670094283	0.44197039775665153	0.3705083536665333	0.31128381917220976	0.25611061038024824	0.20615818213256776	0.1614265344291682	0.12659348663772546	0.09798360925506562	0.07772698074325537	0.06323409395233136	0.049492999559783785	0.038675542272033576	0.03190941068664541	0.024349720458526534	0.017291225162658637	0.012947535749816856	0.010190963622436492	0.008896210047454807	0.0068496640740966595	0.004093091946716296	0.0023389096838378836	0.0015871172854614209	0.0015871172854614209	0.0017541822628784126	0.0013782860636901814	0.001085922353210446	0.0007935586427307104	0.0004594286878967271	0.00029236371047973545	0.0001670649774169917	4.176624435424792e-05	0.0	0.0	0.0	0.0	0.0	0.0	0.0	0.0	0.0
Sor-CPnd_037-Ex1-6C-lcwgs-1-2-L3-clmp.fp2_repr.R2	0.0	0.0	0.0	8.350228629259869e-05	0.00016700457258519738	0.00016700457258519738	0.00016700457258519738	0.0002505068588777961	0.00037576028831669413	0.0008350228629259869	0.0016282945827056745	0.003465344881142846	0.007222947764309788	0.01457114895805847	0.02655372704104638	0.04413095830563841	0.07723961482065379	0.12938679261038166	0.1996122153824572	0.3032385526715722	0.4460274622319159	0.6093996853633853	0.7976138386669027	1.013007986158661	1.2444763237617447	1.510932119321427	1.8048184159282281	2.0959491370873735	2.3906704565571	2.686727812607509	2.9605318093609405	3.218136362573607	3.4548653442131245	3.6493839201317333	3.816179737001199	3.943645977026851	4.024643194730672	4.059004385540076	4.055956552090397	4.016585224103436	3.939011600137612	3.826450518215189	3.6764804120336816	3.5060104945673407	3.3182973549815795	3.1075793355222063	2.8978215923551986	2.707352877321781	2.5173016737198264	2.3022832865163845	2.0814614904156077	1.8722882632526479	1.6630732849465417	1.4682206998827627	1.2921561292348183	1.1292014175348122	0.9844084531034459	0.8585705076604997	0.7407070305584967	0.6301917546502422	0.5347903925609483	0.44611096451820853	0.373797984588818	0.31459486360736555	0.25601800977310757	0.20842170658632633	0.16174392854876365	0.12592144772923883	0.09861620011155905	0.0766550988166056	0.06195869642910823	0.04960035805780362	0.03916257227122878	0.030645339069383718	0.023923405022829525	0.017493728978299428	0.012650596373328703	0.010354283500282236	0.00897649577645436	0.006888938619139392	0.003924607455752138	0.0022545617299001646	0.0016700457258519738	0.0016282945827056745	0.001586543439559375	0.0012942854375352795	0.0010437785786574837	0.0007097694334870888	0.00041751143146299345	0.00029225800202409546	0.0002505068588777961	8.350228629259869e-05	0.0	0.0	0.0	0.0	0.0	0.0	0.0	0.0	0.0
Sor-CPnd_038-Ex1-2A-lcwgs-1-2-L2-clmp.fp2_repr.R1	0.0	0.0	0.0	0.0	0.0	0.0	0.0	0.00013934524456483873	0.0006967262228241937	0.0011147619565187099	0.0016721429347780648	0.0033442858695561296	0.005713155027158388	0.011635327921164035	0.022922292730915974	0.040479793546085656	0.06793080672535888	0.11300899334208421	0.18149718104570245	0.26942403036611573	0.39866674470000363	0.5646269309767266	0.7600586364789129	0.9992447487744586	1.2723614281215425	1.579129984031035	1.894119909369853	2.209806560931495	2.5399851179278805	2.8370691793401166	3.116317049448053	3.3951468838222953	3.658370050805276	3.8737977989025167	4.021155395029834	4.1598039133718485	4.268284186265575	4.278944097474786	4.2432020422439045	4.150398109363722	4.004642983548901	3.8613263995139637	3.671607849038936	3.454368612762352	3.246326162627048	3.0402345459156517	2.81240507105214	2.588895298770139	2.3843364797489555	2.169187422140845	1.9465833939485149	1.7149219248594705	1.5061827485013417	1.341546342047985	1.1804632393310315	1.0085808801603027	0.8580880160302771	0.743964260731674	0.6352052973488174	0.5332045783273555	0.45475320563735117	0.3855682917109088	0.3194489731648928	0.2568829583552802	0.19821861039348312	0.15766914422511502	0.1280582797550868	0.10200071902146195	0.08012351562478227	0.05950041942918614	0.04507818661672533	0.035951073097728395	0.030237918070570004	0.023758364198305	0.018323899660276293	0.015118959035285002	0.012332054143988228	0.00996318498638597	0.006688571739112259	0.0036926489809682266	0.002856577513579194	0.0030655953804264524	0.0025778870244495167	0.0016721429347780648	0.0009057440896714518	0.0006270536005417743	0.0008360714673890324	0.0006967262228241937	0.00034836311141209686	6.967262228241937e-05	0.00013934524456483873	0.00027869048912967747	0.00027869048912967747	0.00013934524456483873	0.0	0.0	0.0	0.0	0.0	0.0	0.0
Sor-CPnd_038-Ex1-2A-lcwgs-1-2-L2-clmp.fp2_repr.R2	0.0	0.0	0.0	0.0	0.0	0.0	0.0	0.00034905573442722745	0.0011169783501671277	0.0019547121127924737	0.003071690462959602	0.004607535694439403	0.006352814366575541	0.011379216942327616	0.02136221094694632	0.03679047440862977	0.06478474430969342	0.11058085666654566	0.18011275896444937	0.27352007349717544	0.3974348592188412	0.5656099120658794	0.7619886682546375	0.9897126293949607	1.2558327213222789	1.5498772720037755	1.8572557517403918	2.1790851388822956	2.508593752181598	2.800334535015875	3.0765074320946972	3.359172765833866	3.6365324524097407	3.8668394259848258	4.029848453962341	4.162908499926001	4.250661111561005	4.27558369099911	4.269091254338763	4.1888084354205	4.058610646479145	3.899999720755412	3.6984549396971316	3.481900762058479	3.249918320958144	3.029594341387678	2.8242099472506976	2.6236425222488124	2.40387703185343	2.1627493305111014	1.9467536420475329	1.7288730526180578	1.5174150887020432	1.3535683269619025	1.1965630576165358	1.0224540572842347	0.8646110541762425	0.7447453149739325	0.635281436657554	0.5342647071143143	0.4530743432865412	0.38382168557617935	0.31135771510908694	0.2515295622282601	0.2021032702333647	0.16140337159914997	0.12761477650659436	0.10164502986520865	0.07930546286186607	0.056197973242783625	0.04258479960012175	0.034626328855180966	0.027994269901063643	0.02136221094694632	0.016335808371194246	0.01284525102692197	0.010890538914129496	0.00900563794822247	0.0060037586321483125	0.003769801931814056	0.002722634728532374	0.002094334406563365	0.0020245232596779192	0.0016754675252506918	0.0008377337626253459	0.0006283003219690094	0.0006981114688544549	0.0004886780281981184	0.00020943344065633648	0.0	0.0	0.0	0.0	0.0	0.0	0.0	0.0	0.0	0.0	0.0	0.0
Sor-CPnd_038-Ex1-2A-lcwgs-1-2-L3-clmp.fp2_repr.R1	0.0	0.0	0.0	0.0	0.0	0.0	0.00011890168138867653	0.0005350575662490443	0.001189016813886765	0.001426820176664118	0.0017240743801358095	0.002853640353328236	0.004696616414852722	0.010106642918037503	0.018489211455939198	0.03358972499230112	0.06046150498614201	0.10041246993273732	0.16664070646623014	0.261345895692311	0.3897597115920816	0.5523577608910968	0.7440272712896433	0.9867650538446263	1.240798496131534	1.520633603279784	1.8597411986002894	2.172155366449037	2.4921792419066597	2.836161806164101	3.1381720768913395	3.422465997091665	3.7011120874260284	3.8891550965422206	4.0483049970809635	4.202342125319994	4.283373621186377	4.324156897902693	4.283908678752627	4.186468750854606	4.051158637434292	3.8890361948608314	3.719482397200579	3.5107504955227578	3.281329701283306	3.047212290629002	2.8155323644431656	2.592235006795231	2.36186299910467	2.1131801324802533	1.8920230050973152	1.701661413194044	1.505176384699256	1.3239107714222187	1.1623828372557017	1.0201764263148445	0.873154497277746	0.7336233741681342	0.6272063693252686	0.5317283191701614	0.4514696842328047	0.37507535394058006	0.30468555855848356	0.2558764183484319	0.20742398318254618	0.1605172698747133	0.12561962638713675	0.09958015816301659	0.0787723639199982	0.06052095582683635	0.04351801538825561	0.031092789683138913	0.025861115702037144	0.021996811056905156	0.01640843203163736	0.01230632402372802	0.010344446280814858	0.00784751097165265	0.005766731547350811	0.003804853804437649	0.0021402302649961773	0.00237803362777353	0.0021996811056905156	0.001129565973192427	0.0006539592476377208	0.000713410088332059	0.0005945084069433825	0.00023780336277735305	5.945084069433826e-05	0.00011890168138867653	0.00029725420347169126	0.0003567050441660295	0.00017835252208301476	0.0	0.0	0.0	0.0	0.0	0.0	0.0	0.0
Sor-CPnd_038-Ex1-2A-lcwgs-1-2-L3-clmp.fp2_repr.R2	0.0	0.0	0.0	0.0	0.0	5.9528345016763175e-05	0.00011905669003352635	0.00011905669003352635	0.0004166984151173423	0.0009524535202682108	0.0018453786955196585	0.0032145306309052115	0.004762267601341055	0.00881019506248095	0.017322748399878084	0.03196672127400183	0.05809966473636086	0.10465083053946968	0.1697748399878086	0.26144849131362385	0.3912202834501676	0.5438509600731484	0.7279126028649802	0.9606684318805242	1.234439290612618	1.5424984760743676	1.849605208015849	2.1499852369704358	2.468461882810119	2.7924746647363605	3.0997599817128925	3.384722169308138	3.6447419803413594	3.868568557604389	4.062273792288936	4.213892487046632	4.2853860294117645	4.306399535202682	4.278123571319719	4.190676432490094	4.076441538402926	3.9296446395915883	3.7324867608960686	3.5278283107284363	3.3131095702529714	3.0589235370313927	2.815869304327949	2.592161783754953	2.38071710225541	2.152723540841207	1.9175270496799754	1.7072134067357514	1.5138653421213046	1.336530402316367	1.1738394353855532	1.0210301737275223	0.8721497828405974	0.7413660088387687	0.6344531011886619	0.5397435042669918	0.45295117723255107	0.3722307413898202	0.30698767525144777	0.25376933480646147	0.2025749580920451	0.1572738875342883	0.12584292136543737	0.10340073529411765	0.08113713425784821	0.06036174184699787	0.042979465102103015	0.031192852788783906	0.024644734836939956	0.02077539241085035	0.016072653154526058	0.012143782383419689	0.010179346997866504	0.007917269887229503	0.0053575510515086865	0.0038098140810728432	0.0027978322157878694	0.0023216054556537643	0.0019049070405364216	0.0013691519353855532	0.0008929251752514477	0.0008333968302346846	0.0008333968302346846	0.0004762267601341054	0.00011905669003352635	0.0	0.0	0.0	0.0	0.0	0.0	0.0	0.0	0.0	0.0	0.0	0.0
Sor-CPnd_041-Ex1-7A-lcwgs-1-2-L2-clmp.fp2_repr.R1	0.0	0.0	0.0	0.0	3.09266808805692e-05	6.18533617611384e-05	9.278004264170759e-05	0.000154633404402846	0.00018556008528341518	0.00043297353232796883	0.0008350203837753685	0.0011752138734616297	0.0024122811086843975	0.00578328932466644	0.010731558265557512	0.019978635848847702	0.03967893156977028	0.07042005236505607	0.11368647891697237	0.18330243757913364	0.2857625313364594	0.415871077801014	0.5753290444212288	0.7731979486951105	1.0049934218949765	1.2739936921941677	1.5821162138072786	1.894939590914236	2.225236542718715	2.581109859611425	2.9170973206979287	3.22688988307859	3.532940317072703	3.8008890802219546	4.025973463670737	4.206399719927978	4.333415598304476	4.3957947136405835	4.400928542666758	4.362053704799883	4.2707890695213235	4.115413424777343	3.8998544590397763	3.7051710028965927	3.5134565081179443	3.2817538149607204	3.024598463438787	2.7632680099979776	2.5242975468338194	2.2835951895403492	2.052294543234572	1.825663825741761	1.5966208271402655	1.4001436235060094	1.2195318071634853	1.0524040236848893	0.9033064951596652	0.7756411564846755	0.6600681500339883	0.5555978220194256	0.46526098716728304	0.3815424620235822	0.31239040357462944	0.25740276496897746	0.2076417354321416	0.16251970802739116	0.12611900463096118	0.09843962524285176	0.07756411564846756	0.05882254703484262	0.04301901310487176	0.0321328214349114	0.023844470958918854	0.018030254953371842	0.01351495954480874	0.01002024460530442	0.007422403411336607	0.005257535749696764	0.0034637882586237507	0.002103014299878706	0.0014535540013867524	0.0012061405543421987	0.0010824338308199218	0.0007422403411336607	0.0004948268940891072	0.00037112017056683036	0.000309266808805692	0.00021648676616398442	9.278004264170759e-05	3.09266808805692e-05	0.0	3.09266808805692e-05	6.18533617611384e-05	3.09266808805692e-05	0.0	0.0	0.0	0.0	0.0	0.0	0.0
Sor-CPnd_041-Ex1-7A-lcwgs-1-2-L2-clmp.fp2_repr.R2	0.0	0.0	0.0	0.0	0.0	0.0	3.0927484327497315e-05	0.0001546374216374866	0.0003402023276024705	0.000494839749239957	0.0007113321395324383	0.0011752444044448981	0.00253605371485478	0.005536019694622019	0.010453489702694092	0.02016471978152825	0.04011294717276402	0.06971054967417896	0.1152667340885825	0.18701849772837628	0.2867596346845551	0.414366435019809	0.577168712519755	0.7771458261813526	1.0156276578306844	1.2922740051401478	1.5955489164555865	1.9035866603574598	2.2378818384533785	2.5892489878980753	2.9190596807665066	3.2358189752487347	3.529630076359959	3.7948641819525757	4.0167379545180415	4.1938905847459464	4.321713877471493	4.38922857575842	4.406826314340765	4.356507297339927	4.24130241822	4.0840361604146755	3.89256410494314	3.7032879008588564	3.5008056609667313	3.2599114855398548	3.0159245616802286	2.7735767944899594	2.53580629498016	2.2890668250153867	2.057017910106174	1.8286493658319338	1.6037756272867008	1.413664381125575	1.2246665244002388	1.0509468449326864	0.9057423060150863	0.7797437348648624	0.6618172371241151	0.5550246337412668	0.4611597188073125	0.3803152747752345	0.316542802091935	0.25994550577261494	0.20764712977481697	0.16286413246860088	0.12507074662039913	0.09847311009875145	0.07803004295827573	0.059071495065519876	0.043793317807736196	0.03238107609088969	0.02375230796351794	0.01765959355100097	0.013422528198133837	0.009896794984799142	0.0076390886288918375	0.0054741647259670245	0.003711298119299678	0.0024741987461997855	0.001577301700702363	0.0010206069828074115	0.0008968970454974221	0.000680404655204941	0.000494839749239957	0.0003402023276024705	0.0002164923902924812	0.00012370993730998926	0.00012370993730998926	0.0001546374216374866	9.278245298249195e-05	3.0927484327497315e-05	0.0	0.0	0.0	0.0	0.0	0.0	0.0	0.0	0.0
Sor-CPnd_041-Ex1-7A-lcwgs-1-2-L3-clmp.fp2_repr.R1	0.0	0.0	0.0	0.0	0.0	3.1371623864268786e-05	9.411487159280637e-05	0.00018822974318561273	0.00021960136704988152	0.00034508786250695664	0.0007215473488781821	0.0013176082022992891	0.002572473156870041	0.00489397332282593	0.010133034508158818	0.01941903517198238	0.035795022829130684	0.06368439644446564	0.10904776455219829	0.17975940474226015	0.28275244588865456	0.4101526104014501	0.5660382093830016	0.7621108585346816	0.9957980846996198	1.2695155029153649	1.5766750721704206	1.9001165142110321	2.2316204635847603	2.558042209892477	2.8802287869785173	3.2132385742977303	3.5168217784322593	3.7790571823136823	4.018830503508289	4.191499921257224	4.314319828685837	4.401846659267147	4.394756672273822	4.345032648448956	4.264689919732563	4.108616091007826	3.922080415510884	3.7255058203773754	3.5180766433868307	3.2791503560365594	3.0308125815270075	2.796058720150684	2.5417603371069215	2.2922304408905276	2.0678292153894127	1.8389418476757076	1.6173013250746489	1.4182483716558634	1.2357282640135474	1.0638117652373544	0.9104358961649444	0.7811848058441571	0.6627569257565423	0.5613638374272257	0.470480243092439	0.38505531131003506	0.3186102119655138	0.26283146473484387	0.20865267032125168	0.16375987657148305	0.12504729272297538	0.09602854064852676	0.0743821201821813	0.05662578107500516	0.04304186794177678	0.03108927924949037	0.022336596191359376	0.017693595859447596	0.013489798261635577	0.009599716902466249	0.006713527506953521	0.0053018044330614255	0.004454770588726168	0.002917561019376997	0.0021332704227702776	0.0018195541841275896	0.0012862365784350204	0.0009097770920637948	0.0008470338443352572	0.0006588041011496446	0.00043920273409976305	0.0002509729909141503	0.00015685811932134394	9.411487159280637e-05	3.1371623864268786e-05	0.0	0.0	0.0	0.0	0.0	0.0	0.0	0.0	0.0	0.0
Sor-CPnd_041-Ex1-7A-lcwgs-1-2-L3-clmp.fp2_repr.R2	0.0	0.0	0.0	0.0	0.0	3.136938009713215e-05	0.0001254775203885286	0.00021958566067992505	0.0002509550407770572	0.00028232442087418937	0.0005332794616512465	0.0014429914844680787	0.0030114604893246863	0.0056151190373866545	0.01094791365389912	0.020954745904884275	0.03798831929762703	0.06487187804086927	0.11089075864336215	0.18231883712453203	0.28593189958535953	0.4179342510340916	0.5694169875231427	0.7659147844515786	1.0068629929776505	1.2810000056464883	1.5848751906474075	1.9074151568061204	2.24278519942456	2.573355726888139	2.8871750053798486	3.19277550628611	3.5008228188399477	3.7882918180500664	4.021429050931953	4.192831343782683	4.312662375753728	4.3805770836640185	4.38089077746499	4.330637030549385	4.249453074858006	4.091288660408266	3.897174936367213	3.725615796615997	3.516915310829777	3.277566940688658	3.0284313239572347	2.785224520064169	2.5503306018968437	2.2979325696353183	2.0719789247956752	1.8454920004943816	1.6095001540236562	1.412374969493278	1.238902297556137	1.069382167511235	0.9150761868134418	0.7854892776321889	0.6660660476024068	0.5593160471318662	0.4702897464162052	0.3901409802680325	0.3231673537606554	0.2665142533052347	0.21092771177311656	0.1639363803876126	0.12594806108998557	0.09564523991615592	0.07340434942728923	0.056527622935032135	0.04272509569229399	0.030836100635480902	0.023432926932557715	0.018915736198570687	0.013802527242738144	0.009128489608265455	0.006336614779620694	0.005301425236415333	0.0044858213538898975	0.003136938009713215	0.0023527035072849114	0.0018507934257307969	0.0011606670635938895	0.0008156038825254358	0.0007842345024283038	0.000627387601942643	0.0004705407014569822	0.00028232442087418937	0.00015684690048566074	9.410814029139645e-05	6.27387601942643e-05	6.27387601942643e-05	6.27387601942643e-05	3.136938009713215e-05	0.0	0.0	0.0	0.0	0.0	0.0	0.0
Sor-CPnd_043-Ex1-1D-lcwgs-1-2-L2-clmp.fp2_repr.R1	0.0	0.0	0.0	0.0	4.551064767112914e-05	0.000159287266848952	0.00022755323835564568	0.0003640851813690331	0.000637149067395808	0.0012287874871204868	0.0020934897928719404	0.0032995219561568626	0.006143937435602434	0.012993289910107368	0.02277807915940013	0.04043621045579824	0.07236192979709533	0.11901034366000271	0.1900524646746353	0.290039357608106	0.4196764374993173	0.5820356730660705	0.7750918404870004	1.0042151961873	1.263421089998216	1.535802316309924	1.8250679929076208	2.1361787803874597	2.4549353566760477	2.764248473572877	3.0655972271272587	3.344031369579227	3.583007780500326	3.799251622909696	4.008646112844561	4.152550780780671	4.2193831668857245	4.245733831887309	4.219861028686271	4.146088268811371	4.0342003415119	3.8876560560108646	3.7064554123082636	3.5104638081125463	3.3111954372845074	3.0919251368050067	2.8525618853787034	2.623210976440048	2.402916686387947	2.1719046388092957	1.9547733387703388	1.7437632208431486	1.5412180833827882	1.3599719290325165	1.1905812984005737	1.0375972562540732	0.8910757260768729	0.7657849130382545	0.661292465985342	0.5616924135570758	0.4788857901194563	0.3994924652571716	0.3227387579598123	0.2630060328914553	0.20948551123020745	0.16702407695304394	0.1310706652928519	0.10094261653456442	0.07916577162392914	0.06007405492589046	0.043803998383461794	0.03247184711335064	0.02507636686679215	0.019592333822421093	0.015155045674486002	0.0115597045084668	0.009193150829568085	0.007031395065189451	0.00477861800546856	0.003162990013143475	0.0024120643265698443	0.001752159935338472	0.0013425641062983096	0.0012515428109560512	0.0009329682772581473	0.0005006171243824205	0.0003868405052045976	0.0003868405052045976	0.00025030856219121023	0.00011377661917782284	2.275532383556457e-05	0.0	0.0	0.0	0.0	0.0	0.0	0.0	0.0	0.0	0.0
Sor-CPnd_043-Ex1-1D-lcwgs-1-2-L2-clmp.fp2_repr.R2	0.0	0.0	0.0	0.0	6.821425095750069e-05	0.0002046427528725021	0.00031833317113500327	0.00043202358939750446	0.0006366663422700065	0.0010004756807100103	0.002046427528725021	0.004411188228585046	0.00793559119472258	0.014211302282812647	0.023965940169735248	0.041838073920600426	0.07348948636488076	0.12289934214176376	0.19436513906157202	0.2916613990106205	0.42167776133561685	0.5830272029337585	0.771730559165858	0.9984974674322429	1.2555060269564529	1.529750053889258	1.823139547257469	2.131831770923812	2.4459129204157977	2.7407349130541157	3.0245971493719286	3.308868671195487	3.5612613997382394	3.7909615207957965	3.9942854648164534	4.139263486184795	4.2164365421013805	4.255796164903859	4.238014983487604	4.141196223295258	4.023935925899314	3.8818229030711873	3.711582870764918	3.524607608890409	3.319032594588154	3.0996328254251795	2.879209842497842	2.64609900889241	2.4026196091414374	2.1746248443578176	1.9615007862829326	1.7570854142469556	1.557240397025131	1.3712656108313317	1.1998431981751323	1.0410176838624183	0.8875356192080417	0.7616121119404954	0.6668170411932218	0.5708623281796709	0.47956892231488246	0.39784824966779664	0.32663257166816584	0.26649034040730274	0.2127829868200972	0.16883027111981422	0.13078945716918133	0.10118447225362605	0.07978793553662332	0.05971020767146562	0.04270212109939544	0.03194700753176283	0.025694034527325264	0.02046427528725021	0.01575749197118266	0.012301303256002627	0.009959280639795101	0.007639996107240079	0.005366187741990055	0.003706307635357538	0.0027967842892575286	0.0022738083652500234	0.0019099990268100198	0.001546189688370016	0.00097773759705751	0.00043202358939750446	0.00031833317113500327	0.0002501189201775026	0.00013642850191500138	9.095233461000094e-05	6.821425095750069e-05	4.547616730500047e-05	4.547616730500047e-05	2.2738083652500235e-05	0.0	0.0	0.0	0.0	0.0	0.0	0.0
Sor-CPnd_043-Ex1-1D-lcwgs-1-2-L3-clmp.fp2_repr.R1	0.0	0.0	0.0	0.0	0.00013676777269852662	0.0002188284363176426	0.0002188284363176426	0.00030088909993675856	0.0005197175362544012	0.0009847279634293917	0.002024163035938194	0.004020972517336683	0.006537499534989573	0.01170732134299388	0.02275815737703483	0.04185093844574914	0.07065423137605886	0.11515846461215941	0.18827451589679176	0.29396865063821315	0.42198328588403405	0.575245251970003	0.7711240560288328	0.9941102326365107	1.2425625685206543	1.5336043888231188	1.835450863168767	2.126574744134851	2.4444504014407666	2.7470354217589867	3.0152096704662577	3.2984283741703666	3.5666573299867173	3.7932541757936358	3.987327645252845	4.137416599012209	4.217699281586244	4.242973965980931	4.233017272128479	4.153856085290571	4.0235163979088755	3.878104901975802	3.710454966201948	3.5319183157212914	3.3243868974285466	3.0975712231853105	2.8669807584155946	2.6390162348816903	2.411872317983977	2.1748811214519703	1.9588427476973778	1.7525148858043804	1.556882263736408	1.3750084796019073	1.1896881475954038	1.02852100424746	0.9000960656835434	0.7826672560445885	0.6670984881143335	0.567258014044409	0.47890603288116085	0.3970368441438228	0.3348348611205329	0.27829506388696196	0.22167320598977194	0.1750901026086538	0.13747896511655897	0.10722593379564488	0.08096652143752776	0.06034194131458995	0.046227507172102	0.03610669199241103	0.02718943321246709	0.0205425194593187	0.01627536495112467	0.012774109970042387	0.009272854988960105	0.006592206644068984	0.0050330540353057795	0.003938911853717567	0.00292683033574847	0.001777981045080846	0.0011488492906676236	0.001012081517969097	0.0008753137452705704	0.0005197175362544012	0.00038294976355587456	0.00035559620901616924	0.00024618199085734793	0.00013676777269852662	5.470710907941065e-05	0.0	0.0	2.7353554539705324e-05	5.470710907941065e-05	5.470710907941065e-05	2.7353554539705324e-05	0.0	0.0	0.0	0.0
Sor-CPnd_043-Ex1-1D-lcwgs-1-2-L3-clmp.fp2_repr.R2	0.0	0.0	0.0	0.0	0.0	2.7331634398939095e-05	0.00010932653759575638	0.00035531124718620827	0.0007106224943724165	0.00120259191355332	0.002350520558308762	0.004181740063037682	0.007324878018915677	0.012982526339496071	0.0216739860783587	0.04072413525441925	0.07289346894197056	0.1168974003242625	0.18342259845128028	0.285861564178504	0.4147028887351029	0.5749755928504818	0.7724739830172156	0.9896511499511857	1.2333673338865256	1.5097174892941987	1.8203415142381416	2.123968640775956	2.4203528841980515	2.726248536390978	3.0177677488900625	3.2960311187056615	3.5562556098179607	3.779227083244505	3.9628956664053763	4.109475221686887	4.2125428150052855	4.246488704928768	4.22970708140782	4.162334602614435	4.033137966810649	3.890794814860975	3.721994640813127	3.5330237205788624	3.3287470850811913	3.101730529763603	2.8760258928971645	2.6540110266745818	2.4175650574893597	2.1889905990110323	1.9752572180113286	1.7581347143461563	1.566211977596806	1.3858778538326058	1.205817046412395	1.0458996535442024	0.9065356497440119	0.7805641467993016	0.6701443438275877	0.5705478680778536	0.4814740715717111	0.40087308172923974	0.33440254687101983	0.27932930355715757	0.2250486776408645	0.1793228532914394	0.13756011592986048	0.10610140473668156	0.0814482705088385	0.0608948814408363	0.04610846723101025	0.03561311962181764	0.02738629766773697	0.02047139416480538	0.016016337757778307	0.012982526339496071	0.009702730211623378	0.006805576965335835	0.004919694191809037	0.0037444339126546564	0.003088474687080118	0.0020772042143193713	0.0010659337415586246	0.0009292755695639294	0.000874612300766051	0.0004646377847819647	0.00024598470959045186	0.00030064797838833	0.00030064797838833	0.00016398980639363456	2.7331634398939095e-05	0.0	0.0	0.0	0.0	0.0	0.0	0.0	0.0	0.0	0.0
Sor-CPnd_044-Ex1-8G-lcwgs-1-2-L2-clmp.fp2_repr.R1	0.0	0.0	0.0	0.0	0.00010446846445286383	0.00013929128593715177	6.964564296857588e-05	0.00045269667929574324	0.0010446846445286383	0.0016018497882772454	0.0029251170046801873	0.004979663472253176	0.008044071762870515	0.014695230666369512	0.028554713617116114	0.05418431022955204	0.09353409850679742	0.1496684867394696	0.23139764876309335	0.34735764430577226	0.4895392244261199	0.6594397704479608	0.8600192221974593	1.0974063962558502	1.3518915756630265	1.6182861600178293	1.9198169712502786	2.2345456318252728	2.54620988410965	2.8346124916425226	3.1180702585246265	3.393344662357923	3.633413193670604	3.8180089703588145	3.9778108981502114	4.110834076220192	4.1730972810340985	4.1629638399821705	4.10846612435926	4.047143135725429	3.938774515266325	3.782245932694451	3.620737686650323	3.4229788834410515	3.2119177624247826	3.0086917762424785	2.7909098506797414	2.5641436371740585	2.3425660240695345	2.120291954535324	1.8959981613550256	1.6969160909293517	1.5074451192333407	1.3321818587029195	1.1600874749275685	1.008956429685759	0.8882605304212168	0.7734496879875195	0.6634792177401382	0.564408290617339	0.48410686427457095	0.41143163583686204	0.34335301983507915	0.28408457766882106	0.23139764876309335	0.1871378426565634	0.14768358591486516	0.11404474036104302	0.0895294740361043	0.07288416536661467	0.060347949632271	0.045408959215511475	0.03238522398038779	0.024863494539781594	0.019570425674169823	0.015600624024960999	0.01218798751950078	0.009367338979273457	0.0070690327613104524	0.005536828616001783	0.004318029864051705	0.0027510028972587476	0.0015670269667929575	0.00118397593046579	0.0010446846445286383	0.0009750390015600624	0.0006964564296857589	0.0004875195007800312	0.0004875195007800312	0.0003134053933585915	6.964564296857588e-05	0.0	0.0	0.0	0.0	0.0	0.0	0.0	0.0	0.0	0.0
Sor-CPnd_044-Ex1-8G-lcwgs-1-2-L2-clmp.fp2_repr.R2	0.0	0.0	0.0	0.0	6.96197993139665e-05	0.00010442969897094975	0.000139239598627933	0.0003480989965698325	0.000835437591767598	0.0016012553842212295	0.002924031571186593	0.005186675048890504	0.008284756118362014	0.015803694444270395	0.030423852300203356	0.05461673256180672	0.09447406766905253	0.14870789133463244	0.22730864476010063	0.3411370166384359	0.4845189933255499	0.6588817807073789	0.8605355294202829	1.0934833779248148	1.3592569618058818	1.6202963993335995	1.9125255069539735	2.232184815504051	2.5236829152316287	2.817896187132451	3.108941758164488	3.3696679065952924	3.6205776633228277	3.819028901267289	3.9572938227048264	4.092460663072893	4.17060888780282	4.160862115898865	4.107115630828482	4.052046369571135	3.9501229833754885	3.7780924592706766	3.6107264617199015	3.43201243688095	3.2205771063644333	3.009768354041743	2.8019184431898956	2.5729041133466026	2.3410701816310944	2.1188437822209134	1.9116204495628921	1.714352748206768	1.5186863022348653	1.3440798455554372	1.169821487872579	1.0166579293818527	0.8921777282084807	0.7739633089733655	0.6646950339500951	0.5678190832047108	0.49029743666860903	0.41486438411192633	0.34545344419590174	0.2857544662841755	0.2302674862309442	0.191141159016495	0.15260660009621457	0.11623025495466706	0.09161965589717991	0.07243940118618214	0.05834139182510393	0.044452241861967605	0.03244282648030839	0.025063127753027936	0.019145444811340787	0.015211926150101678	0.012392324277886037	0.00974677190395531	0.007240459128652516	0.00536072454717542	0.004490477055750839	0.003411370166384358	0.0021930236783899446	0.001566445484564246	0.001253156387651397	0.0010442969897094974	0.0006613880934826817	0.0005221484948547487	0.000556958394511732	0.0003829088962268157	0.00010442969897094975	0.0	0.0	0.0	0.0	0.0	0.0	0.0	0.0	0.0	0.0
Sor-CPnd_044-Ex1-8G-lcwgs-1-2-L3-clmp.fp2_repr.R1	0.0	0.0	0.0	0.0	8.298190496580315e-05	0.0001659638099316063	0.0001659638099316063	0.00012447285744870474	0.0002489457148974095	0.000995782859589638	0.002406475244008292	0.00472996858305078	0.008256699544097414	0.014397360511566848	0.027425519591197944	0.05273500060576791	0.09186096879714409	0.14903550131858248	0.23276424342907787	0.3390640636902717	0.48191741308890185	0.655930467802191	0.8542987116229435	1.084241570283184	1.3316521199387261	1.6090191372869231	1.9053475199198064	2.209766638286855	2.5146006661787332	2.8069874083257407	3.0835246066242794	3.332636285331621	3.5669771849550487	3.77891297023771	3.930106001085403	4.045367867082904	4.12768591680898	4.152497506393756	4.137228835880048	4.055989550918527	3.9443788887395215	3.803683068870002	3.6159365088848725	3.4259079465131834	3.238410332242951	3.0391707784200577	2.812671668815898	2.5727709815597612	2.3567275919812927	2.1405182385928927	1.924889758539253	1.7155679032630144	1.5221785737402103	1.3622724428711075	1.197345906751574	1.0444102558995985	0.9183607422565435	0.7989912719632357	0.6879199921665082	0.5909141452614843	0.4998415045615153	0.4180628372177163	0.3481090913315442	0.29400488929384055	0.2419337439277991	0.19197863713838562	0.15086110322783014	0.11928648838834204	0.09418446213618659	0.0734389858947358	0.05978846252786118	0.04696775821064459	0.037092911519714014	0.03003944959762074	0.024064752440082916	0.017758127662681877	0.012820704317216587	0.010455720025691197	0.007841790019268399	0.005393823822777206	0.004024622390841453	0.00315331238870052	0.0021575295291108823	0.001286219526969949	0.0008713100021409332	0.0005393823822777206	0.0003319276198632126	0.0003734185723461142	0.00041490952482901584	0.0003319276198632126	0.00029043666738031104	0.00012447285744870474	0.0	0.0	0.0	0.0	0.0	0.0	0.0	0.0	0.0
Sor-CPnd_044-Ex1-8G-lcwgs-1-2-L3-clmp.fp2_repr.R2	0.0	0.0	0.0	0.0	0.0	0.0	4.148499695085272e-05	0.00029039497865596906	0.0007467299451153491	0.0014104898963289926	0.0029454347835105436	0.005434534600561707	0.008670364362728219	0.015432418865717215	0.028043857938776444	0.05160733620686079	0.09031283836200638	0.1477695591389374	0.2305321280558886	0.3346179854055781	0.4767870699561504	0.6550481018539644	0.8538442072424508	1.085040095249553	1.3310046421711588	1.597462777586486	1.9011744402636785	2.21065251751704	2.4975212714321864	2.7951346395576038	3.0823352734483573	3.334439599918689	3.5713604175050095	3.760822398579554	3.9145657972794137	4.03354476853446	4.103322533405794	4.12696898166778	4.11726149238128	4.060261106570809	3.9612779038460744	3.811848944829103	3.6323848480197136	3.4467809716615982	3.244749036510946	3.038153751695699	2.814508133133652	2.5840174900747144	2.3692911458571007	2.1485494770816134	1.9285545382512415	1.7273523030396056	1.5378488369681105	1.3652712496525632	1.1919469323919005	1.0406511485121406	0.9195979274095524	0.8051408208221497	0.6981095286889496	0.5973424710953283	0.5035448929894504	0.4205748990877449	0.3496355543017868	0.29462644834495605	0.2432680221198004	0.1949794856690078	0.15208399882182608	0.12055540113917801	0.09475173303574762	0.07255725966704141	0.05911612065496513	0.04725141152702125	0.037087587274062334	0.02937137784120373	0.023024173307723262	0.017340728725456438	0.01277737906086264	0.010163824252958918	0.007218389469448374	0.004853744643249769	0.003816619719478451	0.003235829762166512	0.002530584814002016	0.0017008848749849618	0.001203064911574729	0.0008296999390170544	0.0004978199634102327	0.00045633496645937994	0.0004148499695085272	0.00033187997560682177	0.00029039497865596906	0.00012445499085255818	0.0	0.0	0.0	0.0	0.0	0.0	0.0	0.0	0.0
Sor-CPnd_045-Ex1-7B-lcwgs-1-2-L2-clmp.fp2_repr.R1	0.0	0.0	0.0	0.0	0.0	2.7177753378194743e-05	0.00016306652026916847	0.00046202180742931065	0.0006794438344548687	0.0009783991216150108	0.0015219541891789059	0.0029080196114668376	0.006060639003337428	0.010246013023579418	0.01894289410460174	0.034325502516659966	0.06245447726309153	0.10523226108037004	0.1720895343907291	0.2675378042549491	0.3819017904703926	0.5305369236957397	0.7257275484579342	0.948014393338189	1.1991640123060867	1.4783610727602814	1.769978366508311	2.078554578364334	2.38723950123387	2.7025829736810634	3.015561981584354	3.3134301586093686	3.582299672779849	3.7970854577277224	3.9901290399730396	4.145966277843608	4.246523965342929	4.297672497200692	4.288649483079131	4.2232598084511945	4.120854033722156	3.9752356311217887	3.801923097829041	3.594991683607466	3.3654212008218556	3.160229162816485	2.934572276517334	2.6827160359616036	2.4427092958787653	2.2008816463195884	1.9641634143955125	1.7535358257145033	1.5581821344320392	1.3707371693826302	1.1881570221879179	1.024465413591051	0.8768358572406971	0.7502962375118223	0.6410688466848576	0.5408101144726972	0.4526183047604553	0.3733679759096394	0.30966332199115093	0.2528346396773457	0.20198506310674333	0.15841912444149717	0.12194657940795982	0.09550262537097634	0.07479317729679194	0.05595899420570298	0.04073945231391392	0.03139030515181493	0.024351267026862494	0.01894289410460174	0.014947764358007109	0.011387478665463597	0.007664126452650918	0.004783284594562275	0.003832063226325459	0.0030982638851142007	0.002364464543902943	0.001712198462826269	0.001168643395262374	0.0008968658614804267	0.0005163773141857001	0.0002989552871601422	0.0002445997804037527	0.00021742202702555795	0.00016306652026916847	0.00010871101351277897	2.7177753378194743e-05	0.0	0.0	0.0	0.0	0.0	0.0	0.0	0.0	0.0	0.0
Sor-CPnd_045-Ex1-7B-lcwgs-1-2-L2-clmp.fp2_repr.R2	0.0	0.0	0.0	0.0	8.147604169835179e-05	0.0002444281250950554	0.0002987454862272899	0.00043453888905787625	0.0007061256947190488	0.001032029861512456	0.0018196315979298566	0.002960296181706782	0.00545889479378957	0.01113505903210808	0.021075136119306996	0.0355507128610475	0.06257360002433418	0.10575590212446064	0.171154004927671	0.26257012371322175	0.382149794245836	0.5335865970825059	0.7184557356960661	0.9396903475876575	1.1860738976834733	1.4600778259150302	1.7638205093664858	2.070876551847008	2.38317421967679	2.701908494800742	2.994543277900656	3.2740604182871342	3.5646583003445893	3.8011289320337727	3.966633931403691	4.127114574868878	4.243435203733558	4.284227541943866	4.2756997162461055	4.221844052683495	4.119428668268667	3.9711151136971004	3.807782808772471	3.5954834027871323	3.379137353397442	3.177592784916286	2.9430775782278635	2.7149175027919124	2.4717658356834646	2.223616971350851	1.986874752856007	1.7569222045026918	1.5603748332457015	1.3793350685919636	1.1954164837982175	1.0270326642882905	0.8770352715216247	0.7519695475146548	0.6479789596269918	0.5455907338927297	0.45352280677359225	0.379135180702997	0.31343833241355934	0.2553187560020684	0.20510235563531756	0.16213732297972008	0.1249027719235733	0.09606025316235677	0.07449626079285966	0.05494201078525523	0.040738020849175896	0.03166702154009273	0.025148938204224584	0.019255504521377143	0.014774322227967792	0.011433804518335368	0.008120445489269061	0.005404577432657335	0.004155278126615942	0.0033948350707646577	0.00287882014000843	0.0019825836813265603	0.000923395139247987	0.0007604430558512834	0.0005431736113223454	0.0002715868056611727	0.0002715868056611727	0.0002444281250950554	0.00016295208339670359	0.00013579340283058634	8.147604169835179e-05	5.431736113223453e-05	5.431736113223453e-05	2.7158680566117265e-05	0.0	0.0	0.0	0.0	0.0	0.0	0.0
Sor-CPnd_045-Ex1-7B-lcwgs-1-2-L3-clmp.fp2_repr.R1	0.0	3.376475688699746e-05	6.752951377399492e-05	6.752951377399492e-05	6.752951377399492e-05	0.00010129427066099238	0.0001688237844349873	0.0004051770826439695	0.0007090598946269467	0.0009116484359489315	0.0013505902754798985	0.002633651037185802	0.005064713533049619	0.00985930901100326	0.019212146668701555	0.03376475688699746	0.06010126725885548	0.10345521510176023	0.16727060561818544	0.26144051257602136	0.38258846028656823	0.53247021610795	0.7150024918390583	0.9363980027471006	1.1884856776654236	1.4699824558323216	1.7605281888449347	2.0580294617762696	2.384669719901083	2.710330800076173	3.0108033716135636	3.2855809631599486	3.5443540599418975	3.7870888972025223	3.9853555496429713	4.131455652693009	4.233391453734855	4.290622716658316	4.275023398976523	4.213706600469735	4.133414008592455	3.979007775348216	3.792558787818216	3.5877755372985765	3.390184179995867	3.1732793817537956	2.925581125230782	2.703138906859243	2.4649285470214757	2.225637714963325	2.005896677142745	1.7782884509674954	1.5534151701000922	1.3622728813627996	1.1827794337515212	1.0205397769094984	0.8850418075219776	0.7607537374209398	0.6467976829273234	0.545267058968122	0.45855916328231255	0.3811028109835404	0.31448494564549434	0.25769262456156466	0.20684290068974645	0.16399542420014668	0.12955537217540924	0.0998761508717385	0.07509281931668235	0.057771499033652654	0.04470453811838464	0.032819343694161535	0.023500270793350233	0.017355085039916694	0.013235784699703004	0.011041075502048171	0.008947660575054328	0.006314009537868525	0.00425435936776168	0.0031401223904907643	0.0028024748216207893	0.0024310624958638173	0.0017220026012368707	0.0010129427066099238	0.0006752951377399492	0.0005402361101919593	0.0004051770826439695	0.00037141232575697207	0.00030388281198297717	0.0002363532982089822	0.00010129427066099238	0.0	0.0	0.0	0.0	0.0	0.0	0.0	0.0	0.0	0.0
Sor-CPnd_045-Ex1-7B-lcwgs-1-2-L3-clmp.fp2_repr.R2	0.0	0.0	0.0	0.0	6.749564821808113e-05	0.00016873912054520286	0.0002699825928723245	0.000472469537526568	0.0005737130098536897	0.0011136781955983388	0.002126112918869556	0.003611017179667341	0.006412086580717708	0.011811738438164198	0.01964123363146161	0.03388281540547673	0.061826013767762325	0.10650813288813205	0.1702577726301097	0.2559434980429637	0.37460084761035034	0.5325744122647693	0.7186261665779099	0.9369408407392933	1.1791152265457685	1.451628906226271	1.7518495495002961	2.04295828026488	2.359850348648771	2.6972273462668497	2.990664676894957	3.2566312786983063	3.5256014368473596	3.762679901213369	3.953051377012467	4.111463663380303	4.223708926366973	4.274634392947515	4.270854636647302	4.2184780136300715	4.127190149415116	3.9901402357083025	3.810196837558898	3.602647719288299	3.4061678873254646	3.190688030389241	2.95644438324839	2.7313126486169805	2.4823886979886973	2.2354221211587384	2.006240647634244	1.785901104026318	1.569105081949841	1.3707016240127918	1.1953816777663262	1.0293761309739553	0.8915837651367429	0.7720152243184121	0.6553827441975678	0.552418132840885	0.45981410348567775	0.37902181256863465	0.31550840759542026	0.2610731673075379	0.20825782257688935	0.16499311206909936	0.12959164457871578	0.10174968968875732	0.07640507378286786	0.05865371830151251	0.04609952773294942	0.03361283281260441	0.02318475516291087	0.016637677285756998	0.01295916445787158	0.010900547187220104	0.008740686444241507	0.006243347460172506	0.004555956254720477	0.003509773707340219	0.0029360606974865294	0.002564834632287083	0.0017886346777791502	0.0009786868991621765	0.000472469537526568	0.00037122606519944626	0.0003374782410904057	0.0002699825928723245	0.00016873912054520286	6.749564821808113e-05	0.0	0.0	0.0	0.0	0.0	0.0	0.0	0.0	0.0	0.0	0.0
Sor-CPnd_046-Ex1-5A-lcwgs-1-2-L2-clmp.fp2_repr.R1	0.0	0.0	0.0	0.0	0.0	0.0	0.0	0.0	0.00021895876349607078	0.0007663556722362478	0.0017516701079685663	0.0028464639254489202	0.00426969588817338	0.007225639195370336	0.012590128901024069	0.02736984543700885	0.05430177334702556	0.09174372190485366	0.1540374901194858	0.24632860893307965	0.36204831544075305	0.5027293209869785	0.680523836945788	0.8980593684791344	1.1339874361461506	1.4019929626653411	1.6834644531395402	1.935704948687014	2.2238546814478433	2.533462373031287	2.8013584201687296	3.043088895068392	3.3020076329024954	3.5509637469975277	3.7474792372352517	3.8760080314074448	3.9977491039112607	4.080515516512776	4.074165712371389	4.040446062792994	3.9583365264819674	3.835829098305916	3.7195619948895025	3.5726406645836386	3.414661916721224	3.2282185296043195	3.004442673311335	2.800701543878241	2.5950992649554308	2.3859936458166833	2.170866660681794	1.9672350106304481	1.7703910822474804	1.5940197982513953	1.4030877564828217	1.2117177971872557	1.0633732349186678	0.9397710129251358	0.8266788115794153	0.7075652442375527	0.5993996150704938	0.5107213158545851	0.4372606507016533	0.3606250834780286	0.2850843100718842	0.235052232613032	0.19104152115032177	0.15392801073773776	0.12568233024674463	0.09875040233672792	0.08079578373005011	0.06645398472105749	0.050360515604096275	0.038646221757056495	0.030544747507701878	0.023209628930583502	0.0176261804614337	0.014451278390740672	0.011495335083543716	0.00788251548585855	0.004926572178661592	0.0033938608341890974	0.002299067016708743	0.0015327113444724956	0.001642190726220531	0.0017516701079685663	0.0013137525809764248	0.0006568762904882124	0.00021895876349607078	0.0	0.0	0.0	0.0	0.0	0.0	0.0	0.0	0.0	0.0	0.0	0.0
Sor-CPnd_046-Ex1-5A-lcwgs-1-2-L2-clmp.fp2_repr.R2	0.0	0.0	0.0	0.0	0.0	0.0	0.0	0.00021917760180251663	0.0005479440045062915	0.000767121606308808	0.001095888009012583	0.0020821872171239075	0.0046027296378528485	0.00964381447931073	0.016328731334287486	0.02915062103973471	0.05698617646865431	0.09632855599220605	0.15046542363742765	0.23484880033139652	0.35386223811016304	0.498519455299824	0.6779163223751838	0.895669269765984	1.1363262765451474	1.407339381173959	1.6612566328621747	1.9140779965413772	2.212926656599109	2.5102410734442224	2.787939094928011	3.0563220683351924	3.309253020815297	3.5438826435448907	3.749690411637454	3.879443551904544	3.986840576787777	4.067388345450202	4.06289520461325	4.0272788443203416	3.9604296757705737	3.84601896762966	3.7240466322265595	3.581142835851318	3.412376082463381	3.226184709732143	3.031335821729706	2.842404728975936	2.6287065672184826	2.3888166820456287	2.1674473042250866	1.9802696322857374	1.7810371922472499	1.5895855570727517	1.4036133619433164	1.2118329603661142	1.058079872701649	0.9422445101490189	0.8310118772342417	0.7119984394554751	0.6008753953415993	0.5084920361818385	0.4356154835825017	0.3610950989696461	0.2883281351712106	0.23484880033139652	0.19090369116999195	0.15594486368249058	0.12515041062923699	0.09468472397868717	0.07441079581195438	0.06016425169479081	0.048767016401059946	0.03934237952355173	0.02936979864153722	0.02246570418475795	0.01873968495411517	0.015013665723472389	0.010739702488323313	0.007123272058581789	0.004821907239655365	0.0028493088234327157	0.0016438320135188744	0.0014246544117163579	0.001753420814420133	0.001863009615321391	0.0013150656108150995	0.000767121606308808	0.00043835520360503325	0.00021917760180251663	0.00010958880090125831	0.0	0.0	0.0	0.0	0.0	0.0	0.0	0.0	0.0	0.0
Sor-CPnd_046-Ex1-5A-lcwgs-1-2-L3-clmp.fp2_repr.R1	0.0	0.0	0.0	0.0	0.0	0.0	0.00011697602927208157	0.00023395205854416314	0.00011697602927208157	0.0003509280878162447	0.0012867363219928973	0.0023395205854416313	0.004094161024522855	0.007252513814869057	0.015557811893186847	0.030296791581469123	0.05497873375787833	0.0952184878274744	0.1629476087760096	0.25231729513987994	0.35584108104567214	0.4993706689625162	0.685479531534398	0.9058623706829996	1.138410716875898	1.3927166045134032	1.677904163878738	1.967653788385684	2.271908440522368	2.587509767498444	2.856788586882776	3.0825523233778935	3.3086669879608266	3.5420341663586297	3.7695525432928285	3.9536728133670844	4.07088279469771	4.114631829645469	4.122118295518883	4.083750157917639	3.987712837885261	3.872842377140077	3.7494326662580306	3.5917489787992647	3.4193263116522163	3.2187124214505967	3.013068561990277	2.8331594289698154	2.5949962333718575	2.3370640888269176	2.134695558186216	1.926361250052639	1.712529068543274	1.5182318839223468	1.3459261928045705	1.2028645090048147	1.0485731263949392	0.9126469803807803	0.7998820881624938	0.679747706100066	0.5645263172670657	0.4681380691468704	0.3981864036421656	0.3388795568012203	0.2760634290821125	0.2215525994413225	0.17300754729340864	0.139084498804505	0.11241396413047039	0.08960363842241448	0.06971771344616061	0.04948086038209051	0.03895301774760316	0.03263631216691076	0.02655355864476252	0.021991493503151334	0.01719547630299599	0.011931554985752319	0.0088901782246782	0.007369489844141139	0.005731825434331997	0.0046790411708832625	0.0036262569074345286	0.00222254455616955	0.0016376644098091417	0.0008188322049045709	0.0003509280878162447	0.00011697602927208157	0.00011697602927208157	0.00023395205854416314	0.00023395205854416314	0.00011697602927208157	0.0	0.0	0.0	0.0	0.0	0.0	0.0	0.0	0.0
Sor-CPnd_046-Ex1-5A-lcwgs-1-2-L3-clmp.fp2_repr.R2	0.0	0.0	0.0	0.0	0.0	0.0	0.0	0.00046805413514127044	0.0009361082702825409	0.0012871488716384937	0.0019892300743503994	0.0018722165405650817	0.003042351878418258	0.007722893229830962	0.01567981352723256	0.032178721790962345	0.05838975335887348	0.09536603003503386	0.15773424354260812	0.24537738034781104	0.3556041291735802	0.503977290013363	0.6852312538468199	0.900770183079375	1.1323399664405185	1.3801746309978211	1.6745806820016802	1.9811561405192124	2.2984968441449936	2.567861998918795	2.811367162726041	3.098752401702781	3.34518290385466	3.5178948797217884	3.7053505608458672	3.917730124666219	4.05463595919504	4.108228157668716	4.099218115567246	4.049019309573345	3.991799691552325	3.8829771051319795	3.727349105197507	3.581550242101001	3.4235819714908224	3.2323818572856133	3.049489703979162	2.8503326694765514	2.6057743838652376	2.345770311794262	2.1260188953454358	1.941605566099775	1.7336725165632658	1.5269096023646096	1.352793464092057	1.2108560476104666	1.069152658196447	0.9307256477284164	0.8047020718416292	0.6789125230224128	0.5654093952506547	0.47566001483731607	0.4063880028364081	0.3471791547410374	0.282938724692898	0.22571910667187767	0.1762223818806883	0.14123533527887835	0.11514131724475252	0.09021743454847989	0.06856993079819612	0.048092562385765536	0.03838043908158418	0.0312426135206798	0.02480686916248733	0.02153049021649844	0.018020084202938914	0.012286421047458349	0.009010042101469457	0.007137825560904375	0.005265609020339292	0.004095473682486117	0.0033933924797742102	0.0022232571419210346	0.0014041624054238113	0.0009361082702825409	0.000585067668926588	0.00023402706757063522	0.00011701353378531761	0.00023402706757063522	0.00023402706757063522	0.00011701353378531761	0.0	0.0	0.0	0.0	0.0	0.0	0.0	0.0	0.0
Sor-CPnd_049-Ex1-3B-lcwgs-1-2-L2-clmp.fp2_repr.R1	0.0	0.0	0.0	0.0	0.0	8.957812287251957e-05	0.00026873436861755875	0.0005374687372351175	0.0004478906143625979	0.0009853593515977155	0.0022394530718129898	0.0037622811606458223	0.007345406075546605	0.013884609045240536	0.024365249421325327	0.04066846778412389	0.06852726399747748	0.11537662225980523	0.18838279240090866	0.2875457744207879	0.41322388081093286	0.5758081738245558	0.7678636692632379	0.990644460847194	1.2642160480998688	1.547462072622776	1.8295435815483398	2.1309739650143684	2.4218341299814394	2.7383136380900512	3.064825895960385	3.3277376865912296	3.579273055617265	3.840662018159277	4.0271636699798625	4.163143260500347	4.274220132862272	4.317755100578316	4.278609460883025	4.202915947055747	4.106261152476297	3.930508875400414	3.7440072235798283	3.577033602545452	3.331768702120493	3.0597199429566513	2.851898697892406	2.643271249722308	2.3946023806281933	2.16160968303677	1.9517281411464569	1.7160480998688574	1.499537776885978	1.3269207341106326	1.157886816250188	0.9974523981855055	0.8617415420336384	0.7420651698759522	0.6229262664555012	0.51444715965688	0.4304228804024566	0.36529958507413485	0.3042073052750765	0.24884802533985942	0.20343191704349198	0.16285302738224058	0.13141110625398625	0.10453766939223035	0.07829127939058211	0.05956945171022553	0.046311889525092624	0.03627913976337043	0.02705259310750091	0.022394530718129895	0.019707187031954308	0.014063765290985575	0.010301484130339753	0.007972452935654243	0.005195531126606136	0.003941437406390862	0.0041205936521359005	0.003941437406390862	0.003224812423410705	0.0022394530718129898	0.001254093720215274	0.0004478906143625979	0.00026873436861755875	0.00026873436861755875	8.957812287251957e-05	0.0	0.0	0.0	0.0	0.0	0.0	0.0	0.0	0.0	0.0	0.0	0.0
Sor-CPnd_049-Ex1-3B-lcwgs-1-2-L2-clmp.fp2_repr.R2	0.0	0.0	0.0	0.0	0.0	0.0	0.0	8.959995412482348e-05	0.00044799977062411745	0.0010751994494978818	0.0025087987154950573	0.004031997935617057	0.006899196467611409	0.013260793210473878	0.022399988531205874	0.038617580227798924	0.06621436609824456	0.10958074389465912	0.18520310517601016	0.2935294497129217	0.4264957816341598	0.5814141023159797	0.7687676063909855	0.9988602885835323	1.2580729558666466	1.5296504168189866	1.8216566673117864	2.1239669125289407	2.4221555598563533	2.7532273903475764	3.056254435197729	3.31707990165509	3.5513837816915035	3.7816556637923	4.030295536488685	4.181271459189013	4.261642618038979	4.300439398175028	4.278308209506196	4.197578650839731	4.078589911761965	3.9423979814922334	3.7549548774631027	3.552100581324502	3.3292654954160663	3.0920944168476585	2.893451318552925	2.6688242335619927	2.413285164397996	2.179250084223957	1.9395702069400542	1.7138679224996238	1.5257976187916193	1.3317241181572514	1.1571834075220955	1.0123002817022557	0.8635643578550487	0.7354364234565511	0.6221820814427743	0.5136765369976131	0.42335978323979095	0.35947501594879183	0.30687984287752046	0.2529406704943767	0.20625909439534368	0.16602871499329794	0.1331455318294877	0.10599674572966619	0.07777276018034679	0.05841917008938491	0.04506877692478622	0.03592958160405422	0.029119985090567634	0.02159358894408246	0.01800959077908952	0.014604792522346227	0.01075199449497882	0.007795196008859643	0.005107197385114939	0.003942397981492234	0.003673598119117763	0.0035839981649929396	0.0025983986696198813	0.0017023991283716465	0.0009855994953730585	0.0005375997247489409	0.00044799977062411745	0.00017919990824964696	0.0	0.0	8.959995412482348e-05	0.00017919990824964696	0.00017919990824964696	8.959995412482348e-05	0.0	0.0	0.0	0.0	0.0	0.0	0.0
Sor-CPnd_049-Ex1-3B-lcwgs-1-2-L3-clmp.fp2_repr.R1	0.0	0.0	0.0	0.0	0.0	0.0	0.0	0.0	0.00022385236488830886	0.0004477047297766177	0.0004477047297766177	0.0016788927366623166	0.006155940034428494	0.013095363345966069	0.021377900846833497	0.03615215692946188	0.06670800473671605	0.11718671301902969	0.1926249599863898	0.291343852902134	0.42129015071979725	0.5731739802965149	0.7615457453500267	1.0065521587202808	1.257378733577631	1.5213006717809472	1.8208151360015044	2.1346561515749136	2.4618163828591766	2.766255599107277	3.0139482408561906	3.2870481260199274	3.5821974691251626	3.807952579115022	4.0089720027847235	4.1892850827022565	4.260693987101627	4.250732556864097	4.207193271893321	4.160967758543886	4.10936978843713	3.9609556705161815	3.712927250219935	3.5066472959753585	3.3443543314313344	3.1376266724569812	2.8862404666874104	2.6336230729109538	2.420627547719728	2.1747257248899206	1.9270330831410067	1.7201934979842095	1.545924431918661	1.3702003254813384	1.1742175800216241	1.0198713744311352	0.8768297132675058	0.7358027233878712	0.6225334267543869	0.5342236688059491	0.45408452217593454	0.3798774632154601	0.3170868748642895	0.2582137028986643	0.21120470627211943	0.17079935440977967	0.1301701501825516	0.100733564199739	0.07532632078491593	0.056522722134297994	0.045106251524994236	0.032906297638581404	0.02451183395526982	0.019027451015506253	0.016677001184179013	0.014102698987963458	0.01085683969708298	0.008282537500867429	0.005932087669540185	0.0035816378382129417	0.0021265974664389344	0.0014550403717740077	0.0013431141893298533	0.001566966554218162	0.0012311880068856986	0.0006715570946649266	0.0005596309122207721	0.0003357785473324633	0.00011192618244415443	0.0	0.0	0.00011192618244415443	0.00022385236488830886	0.00011192618244415443	0.0	0.0	0.0	0.0	0.0	0.0	0.0
Sor-CPnd_049-Ex1-3B-lcwgs-1-2-L3-clmp.fp2_repr.R2	0.0	0.0	0.0	0.0	0.0	0.0	0.0	0.0	0.00022378423619083424	0.0006713527085725027	0.0013427054171450054	0.002797302952385428	0.005370821668580022	0.010853535455255461	0.022378423619083425	0.040169270396254744	0.07038014228201737	0.12006024271638256	0.19245444312411744	0.2928216730557066	0.411762994591135	0.565726549090429	0.7688107434336111	1.0036722993158915	1.2561009177391527	1.5197187479719554	1.8026939146352652	2.1122994054052846	2.4438357513220055	2.754560163272979	3.01918502256864	3.30070559169671	3.5571623263714054	3.7750162803031824	3.999919437674971	4.162946253739994	4.244403715713458	4.2595091516563395	4.212626354174359	4.193828478334329	4.119644004037068	3.927413345149141	3.70989506757165	3.5037897860398917	3.356539758626323	3.1408117549383587	2.8741728375169795	2.6555356387585345	2.425037875481975	2.1821200870968247	1.958783419378372	1.73421593836087	1.5303484991910201	1.3640768117012303	1.1840423936857039	1.0097144736930441	0.8730941974985399	0.7535934153726344	0.6400229155057859	0.5420054200542005	0.46077174231692775	0.38949646309014696	0.3215779474062288	0.26563188835852025	0.22087504112035342	0.17522305693742324	0.13035431758116095	0.09947209298682583	0.07664610089536072	0.05784822505533066	0.044309278765785186	0.034015203901006805	0.026966000460995527	0.020364365493365916	0.01667192559621715	0.013874622643831724	0.010405966982873792	0.0071610955581066955	0.005147037432389188	0.003468655660957931	0.0023497344800037594	0.0016783817714312568	0.0010070290628587542	0.0012308132990495884	0.001118921180954171	0.0007832448266679199	0.0010070290628587542	0.0008951369447633369	0.00033567635428625135	0.0	0.0	0.00011189211809541712	0.00022378423619083424	0.00011189211809541712	0.0	0.0	0.0	0.0	0.0	0.0	0.0
Sor-CPnd_050-Ex1-3F-lcwgs-1-2-L2-clmp.fp2_repr.R1	0.0	0.0	0.0	0.0	0.0	2.438797165727486e-05	0.00012193985828637429	0.0002926556598872983	0.0004633714614882223	0.0007072511780609709	0.001365726412807392	0.0029021686272157083	0.0062920966875769134	0.012169597856980154	0.022510097839664695	0.04099618035587904	0.07277370742530817	0.11833043848109762	0.18827514119416192	0.28755857381092786	0.4178878943474047	0.5824823150623527	0.7724646142725239	0.998297231818889	1.2537612349288432	1.5293940905993637	1.8204889203005965	2.1272408278057995	2.4388459416708	2.7418664895124403	3.0453991847588835	3.3326163269666096	3.5825930364536767	3.7962072801997473	3.9798974827223415	4.129151869264864	4.2279231544768265	4.250213760571576	4.227435395043681	4.171684491835151	4.072596162991643	3.9318531785575104	3.7368713451575974	3.524183844334503	3.3300312019709386	3.1242698850985104	2.8968520493944223	2.6656540780834566	2.427164103246966	2.1805285458769452	1.9538423493225754	1.7352529593584207	1.5220776991021812	1.3449966368987085	1.1751344143057891	1.013905533679545	0.8764061494758293	0.7550516025092296	0.64506185033492	0.5467295486127878	0.45539659475629346	0.3767209981899247	0.3183849699857233	0.262195083287362	0.20793184634992543	0.1660820869860418	0.12776858351246298	0.1004052793130006	0.07957795151768786	0.059701754617008856	0.04677612963865318	0.036655121400884116	0.02814371929249519	0.021510191001716427	0.016047285350486856	0.012974400921670223	0.011023363189088236	0.008950385598219873	0.00697495989398061	0.004755654473168598	0.0035118679186475796	0.0028290047122438836	0.0022924693357838366	0.0016096061293801407	0.0009267429229764446	0.0006096992914318715	0.00043898348983094745	0.0002926556598872983	0.00021949174491547372	0.00014632782994364915	4.877594331454972e-05	0.0	0.0	0.0	0.0	0.0	0.0	0.0	0.0	0.0	0.0
Sor-CPnd_050-Ex1-3F-lcwgs-1-2-L2-clmp.fp2_repr.R2	0.0	0.0	0.0	0.0	0.0	2.4389208848209854e-05	0.00014633525308925915	0.00039022734157135767	0.0005853410123570366	0.0010731251893212337	0.002195028796338887	0.003877884206865367	0.006487529553623821	0.012121436797560298	0.023047802361558314	0.04243722339588515	0.07407002727201334	0.11967784781816576	0.18991876930101015	0.2872804910230639	0.4138360957364248	0.5719025582816729	0.7618944952092277	0.9895189813895703	1.2461910153081308	1.528861945858883	1.8253859470354183	2.1222513971358286	2.440237902098789	2.748224831433983	3.0308713727758874	3.3134447464912467	3.574262945914003	3.7871075715323297	3.9740020789361625	4.121069008290867	4.208260429923218	4.241039526615212	4.230381442348544	4.183359047689195	4.081095094988651	3.9351256800321157	3.740841242347276	3.540142442735357	3.33505358553076	3.1250137189299774	2.913608056633694	2.6653259105589178	2.422189887551114	2.1877364228932725	1.9629654741481701	1.7406578354967375	1.5260327976324908	1.3523816306332366	1.1816571686957675	1.0155666564394583	0.8799626552434116	0.7565288692626215	0.6421190905556691	0.5447085904159189	0.45559042128456007	0.3813740587594575	0.3235960229980484	0.26640332824899626	0.21025936948041718	0.165846620167827	0.1299457047432621	0.10160544406164226	0.07972832372479803	0.06024134585507835	0.045388317666518546	0.03519362836796682	0.02748663837193251	0.020755216729826588	0.015926153377881034	0.012950669898399434	0.010511749013578448	0.00851183388802524	0.006707032433257711	0.004536392845767033	0.00341448923874938	0.002731591390999504	0.0021462503786424674	0.0015609093662854307	0.0009511791450801844	0.0007072870565980858	0.0005853410123570366	0.00048778417696419715	0.00036583813272314785	0.00024389208848209858	9.755683539283942e-05	0.0	0.0	0.0	0.0	0.0	0.0	0.0	0.0	0.0	0.0
Sor-CPnd_050-Ex1-3F-lcwgs-1-2-L3-clmp.fp2_repr.R1	0.0	0.0	0.0	0.0	5.7300613918777526e-05	0.00014325153479694382	0.00017190184175633257	0.00034380368351266514	0.0005443558322283864	0.0008595092087816628	0.0018909202593196583	0.003438036835126651	0.006188466303227973	0.012319631992537168	0.023521902013658176	0.04191539908158576	0.07400374287610118	0.12571754693779788	0.19361877443154926	0.28598736406861863	0.4112178557881069	0.5699119060361613	0.7620122141988629	0.9888080440893845	1.2426497637495688	1.5204431400278025	1.8111578047447199	2.1058262118220332	2.42424572336868	2.7332679342326474	3.030228365866712	3.3154135213404676	3.569627694991124	3.8022108868874422	3.9812466550766623	4.101549293999136	4.193660030873571	4.2354035281134	4.2314497857530045	4.181340398881034	4.0465980052510275	3.8905111329362785	3.7225916838473005	3.529832418624533	3.3301397791175935	3.1184713113016294	2.8879509415063875	2.6539352342621	2.4223261528024014	2.1922928382254687	1.976298174058637	1.7529403810032422	1.5460278641425362	1.3619496419284636	1.1858648553560602	1.0293768787438788	0.8947204360347516	0.7757357112324101	0.6655752809735603	0.5621190225432076	0.4733317212760617	0.3969786532292907	0.3303953398556712	0.27140435782628974	0.21559355986940043	0.17193049206329195	0.1379512280094569	0.1070948474141952	0.08406000061884664	0.06535135017436577	0.04910662612839234	0.037417300888961724	0.029595767089048593	0.0232067486371049	0.017247484789552035	0.013379693350034551	0.010829816030648951	0.00882429454349174	0.007105276125928413	0.005443558322283866	0.003982392667355038	0.002950981616817043	0.0021487730219541573	0.0016330674966851593	0.0013465644270912718	0.0009741104366192179	0.0007735582879034967	0.0008308589018222742	0.0006876073670253303	0.0004297546043908314	0.0002292024556751101	8.595092087816629e-05	2.8650306959388763e-05	0.0	0.0	0.0	0.0	0.0	0.0	0.0	0.0
Sor-CPnd_050-Ex1-3F-lcwgs-1-2-L3-clmp.fp2_repr.R2	0.0	0.0	0.0	0.0	0.0	2.8660308281740003e-05	0.00011464123312696001	0.0004299046242261	0.00068784739876176	0.0010031107898609	0.00235014527910268	0.00355387822693576	0.00627660751370106	0.012581875335683862	0.02295690693367374	0.0406976377600708	0.07488938554018662	0.1245290394841603	0.19153684024686843	0.2839376741471982	0.407635564691188	0.5699675507989634	0.7602146771731535	0.9784056041220401	1.2252568393526668	1.50202943642943	1.797459894197606	2.10916940706981	2.4210508817917047	2.716481339559881	3.011223949929295	3.295792150858692	3.5608713421565046	3.7846223689120486	3.96220163902571	4.102407867139982	4.20400865999875	4.238716293327938	4.226535662308198	4.183201276186207	4.06449027928324	3.91674639009087	3.7329764933883536	3.5273101211585876	3.346692858367062	3.136211554345963	2.894289892139796	2.6636030707800704	2.4379604636779315	2.1991054544579103	1.9776185920566236	1.7616631691537128	1.5544204799684507	1.3746343661170957	1.1985454320340851	1.0379903850397776	0.8895013278320827	0.7672364527021799	0.6666387706332724	0.5607675918405249	0.4722645598665118	0.39628608261161896	0.3293929230820379	0.2712411575783874	0.21360527762380824	0.17190452907387654	0.13997694564801816	0.11002692349359987	0.08477719189738692	0.0641990905510976	0.048808505003803224	0.03722974045798026	0.02943413660534698	0.02284226570054678	0.01665163911169094	0.01223795163630298	0.01000244759032726	0.00834014970998634	0.0067065121379271606	0.00547411888181234	0.00452832870851492	0.0032672751441183605	0.00203488188800354	0.00146167572236874	0.001433015414087	0.0011464123312696002	0.00088846955673394	0.0008598092484522	0.00077382832360698	0.00051588554907132	0.00022928246625392003	5.7320616563480007e-05	2.8660308281740003e-05	5.7320616563480007e-05	5.7320616563480007e-05	2.8660308281740003e-05	0.0	0.0	0.0	0.0	0.0
Sor-CPnd_052-Ex1-6D-lcwgs-1-2-L2-clmp.fp2_repr.R1	0.0	0.0	0.0	0.0	4.653526349196895e-05	0.00013960579047590685	0.0001861410539678758	0.0005584231619036274	0.0009307052698393789	0.0010703110603152858	0.0020010163301546645	0.0034436094984057015	0.007352571631731092	0.01591506011425338	0.029317215999940437	0.053934370387192	0.09418737330774515	0.15445053952984492	0.24077345330744734	0.3502243930405583	0.486991532443455	0.6616849115923064	0.8822155252807473	1.1391832502833998	1.3992688379400142	1.6867171605299065	1.9992014548784778	2.2996796512461213	2.607231207664544	2.882999179117952	3.1369421119936263	3.383020585339158	3.6057383564117216	3.8248729121954033	3.99188797286808	4.108226131598002	4.195154003801	4.196782738023219	4.1393582228741295	4.06397109601714	3.959452894214178	3.8283630569573015	3.654879594659241	3.451055140564417	3.2483940680568923	3.0168345969208548	2.7819245868133953	2.5604632678551154	2.330997883576216	2.099391877176687	1.8666224891898582	1.6561434924156828	1.469909367920823	1.2921446613815017	1.1231285843786705	0.9701206380170765	0.834656485991955	0.7245075173064646	0.6205477386654059	0.5194266110973573	0.4318937804689638	0.3617186031230746	0.3052713285073163	0.2559439492058292	0.2078730220186253	0.16571207329490142	0.1317413309457641	0.10600733023470525	0.08432189744744772	0.06300874676812594	0.04797785666021998	0.03704206973960728	0.030806344431683442	0.026245888609470486	0.020615121726942243	0.01577545432377747	0.012145703771403895	0.009167446907917882	0.00702682478728731	0.0063287958349077765	0.005072343720624615	0.0033505389714217643	0.003024792126977981	0.002373298438090416	0.00176834001269482	0.0013029873777751304	0.0007910994793634721	0.0006049584253955963	0.0003722821079357516	9.30705269839379e-05	0.0	0.0	0.0	0.0	0.0	0.0	0.0	0.0	0.0	0.0	0.0
Sor-CPnd_052-Ex1-6D-lcwgs-1-2-L2-clmp.fp2_repr.R2	0.0	0.0	0.0	0.0	0.0	0.0	4.6528854403769956e-05	0.00027917312642261973	0.0007444616704603193	0.0013028079233055588	0.0021403273025734177	0.004187596896339295	0.008096020666255971	0.015307993098840315	0.02842913004070344	0.05360124027314299	0.09612861319818872	0.15615083537905197	0.24027500414106803	0.3493386388635048	0.488459913530777	0.6681543492381365	0.8938192930964208	1.142934779574205	1.3922363814696046	1.670199757677726	1.980268043424449	2.2860091457116214	2.59379751759256	2.867619825758746	3.1347419788907893	3.4017245454596217	3.622410901896702	3.822764148959336	3.9853824951005117	4.108311728435272	4.1655422193519085	4.168240892907328	4.1485591874945325	4.074485251283731	3.964723683745238	3.8189022540438224	3.645582271389779	3.4634218063990203	3.2583226161872023	3.035077172757914	2.7965237362297857	2.565135743279838	2.3337477503298896	2.099614554970119	1.877532332900925	1.6679198438119416	1.4798036854574996	1.2963869413978384	1.119530765809109	0.9698939700465847	0.8392874757352025	0.7247334361931208	0.615064926363435	0.5153070625217523	0.43625453888974713	0.3689738154218957	0.3063459773944214	0.2496273038762258	0.1996087853921731	0.16261834614117598	0.13451491808129892	0.10706289398307466	0.08189078375063512	0.06188337635701403	0.04857612399753583	0.038479362591917754	0.031500034431352256	0.025637398776477242	0.02010046510242862	0.015680223934070474	0.012237088708191499	0.00935229973515776	0.007956434103044663	0.006886270451757954	0.0046063565859732255	0.002977846681841277	0.002652144701014887	0.002047269593765878	0.0013958656321130987	0.000977105942479169	0.0007444616704603193	0.0006979328160565493	0.0004187596896339296	9.305770880753991e-05	0.0	0.0	0.0	0.0	0.0	0.0	0.0	0.0	0.0	0.0	0.0
Sor-CPnd_052-Ex1-6D-lcwgs-1-2-L3-clmp.fp2_repr.R1	0.0	0.0	0.0	0.0	0.0	0.0	0.00010700955381296442	0.00037453343834537543	0.0004815429921583399	0.0007490668766907509	0.001819162414820395	0.0033172961682018972	0.006902116220936205	0.015195356641440949	0.028571550868061502	0.0526487004759785	0.09245625449440126	0.14906430846145943	0.23215722699722632	0.3448917919391843	0.48839160360236966	0.663084700202034	0.8696131390610553	1.1028939663733177	1.3556505324795398	1.637727716330514	1.9374614765606275	2.2445788960038353	2.5694599013799952	2.8694611854946412	3.1176163407869053	3.3713359928774436	3.6131240797178372	3.808309505872684	3.9676467315001887	4.080274286888334	4.151542649727768	4.186427764270794	4.174068160805397	4.1025322740814305	3.9802203540732113	3.832814693695853	3.6471531178303596	3.435060182173064	3.2393397082491524	3.0397668903879738	2.8037573194534806	2.574649864739924	2.3630919768516936	2.109051296099716	1.8823515563469506	1.6846514056774988	1.4851855973701331	1.3145588638153616	1.1494966270588638	0.9947608122453173	0.8617479368558025	0.7422182652467213	0.6329615108036846	0.5401307228709379	0.4537740129438756	0.3782787727288292	0.3227943190768072	0.2674168749785981	0.2125744786494538	0.17330197240009587	0.13916592473376024	0.11262755538814506	0.08983452042598362	0.06784405711741943	0.05120407149950347	0.037399839057631064	0.027501455329931854	0.023863130500291065	0.020438824778276205	0.015623394856692806	0.013269184672807589	0.010914974488922372	0.007865202205252884	0.005832020682806561	0.00508295380611581	0.00363832482964079	0.002568229291511146	0.0018726671917268772	0.0009095812074101975	0.0004280382152518577	0.00032102866143889324	0.00016051433071944662	5.350477690648221e-05	5.350477690648221e-05	0.00010700955381296442	5.350477690648221e-05	0.0	5.350477690648221e-05	0.00010700955381296442	0.00010700955381296442	5.350477690648221e-05	0.0	0.0	0.0	0.0
Sor-CPnd_052-Ex1-6D-lcwgs-1-2-L3-clmp.fp2_repr.R2	0.0	0.0	0.0	0.0	0.0	0.0	5.3506151067126675e-05	0.00016051845320138003	0.0002675307553356334	0.0010701230213425335	0.002461282949087827	0.0037989367257659943	0.007490861149397734	0.014500166939191327	0.026967100137831844	0.05163343577977724	0.0902648768502427	0.1476234707942025	0.22729412973315413	0.3443655882680273	0.49931940175842615	0.6685058514326807	0.8607534522168667	1.0890106926692293	1.3502277221789416	1.636378618085935	1.938313828557731	2.2406235820869966	2.5468392846441628	2.846473730620072	3.109295944661798	3.3555312518727156	3.5922424641936836	3.795940381306235	3.955121180730937	4.070052393223125	4.152665890470768	4.199965328014108	4.173479783235881	4.089528632211559	3.9867433160116086	3.841527622015427	3.6418426662329098	3.4315634925391025	3.2532274910323693	3.0530609798902484	2.824322184078282	2.596064943625919	2.358230102132541	2.1216259021137067	1.90797584090267	1.6968405687917885	1.4973696376135401	1.312773416431953	1.1431054113980943	1.006557713874787	0.8699030040493456	0.7400970815604961	0.6294463611536782	0.5372017567139519	0.4521269765172204	0.38155236325968034	0.32547791694133155	0.2667281630696265	0.21423862887277523	0.17539316319804124	0.14029312809800615	0.11263044799630165	0.08983682764170568	0.06731073804244536	0.05141941117550873	0.038738453372599714	0.029428383086919675	0.025789964814355058	0.021991028088589062	0.016212363773339383	0.012894982407177529	0.011182785573029475	0.008079428811136128	0.005992688919518188	0.005083084351377034	0.0033173813661618538	0.0024077767980207007	0.0017657029852151803	0.0009096045681411535	0.0004280492085370134	0.0002675307553356334	0.0002140246042685067	5.3506151067126675e-05	5.3506151067126675e-05	0.00010701230213425335	5.3506151067126675e-05	0.0	5.3506151067126675e-05	0.00010701230213425335	0.00010701230213425335	5.3506151067126675e-05	0.0	0.0	0.0	0.0
Sor-CPnd_053-Ex1-2C-lcwgs-1-2-L2-clmp.fp2_repr.R1	0.0	0.0	0.0	0.0	7.087513785214313e-05	0.00014175027570428625	7.087513785214313e-05	7.087513785214313e-05	0.0006378762406692881	0.0017718784463035782	0.003472881754755013	0.005103009925354305	0.007796265163735743	0.013395401054055052	0.023105294939798657	0.04358820977906802	0.07923840411869601	0.13111900502646479	0.2070971528039622	0.31043310379238687	0.43453547017148947	0.5902481480326479	0.7901869119135436	1.0243583673770245	1.266113462590685	1.5330292317418557	1.8414069565365305	2.1514856846396566	2.4448378802096773	2.736559947609098	3.0155244901951335	3.2939220316783513	3.5567979179719504	3.7630445691216865	3.9391692866842623	4.0847468198325645	4.157748211820271	4.171639738839292	4.160795842747914	4.122310642894201	3.995940272103829	3.8310847014597442	3.6688515109161886	3.4800401436780795	3.3076718084216674	3.109788423538484	2.8644186962943645	2.650234029705188	2.4392387443193577	2.2087527960241884	1.989748620061066	1.7804543379836872	1.5765465663830716	1.3740562975394988	1.2066492219327367	1.0464714103868933	0.8919636098692212	0.7765788854459322	0.6768575664879668	0.5717497370532385	0.4798955583968611	0.4091621708204223	0.34948530474891776	0.2907298154694911	0.23877833942387017	0.19242599926856857	0.14784553755957056	0.11439247249335902	0.09029492562363034	0.07200914005777742	0.05833023845231379	0.04599796446604089	0.0345161921339937	0.025444174488919377	0.01949066290933936	0.015521655189619345	0.014033277294724339	0.012332273986272903	0.009142892782926463	0.006945763509510026	0.005386510476762877	0.0036855071683114427	0.002197129273416437	0.002055378997712151	0.002126254135564294	0.0018427535841557213	0.0013466276191907193	0.0009922519299300039	0.0004961259649650019	0.0002835005514085725	0.00014175027570428625	0.0	0.0	0.0	0.0	0.0	0.0	0.0	0.0	0.0	0.0
Sor-CPnd_053-Ex1-2C-lcwgs-1-2-L2-clmp.fp2_repr.R2	0.0	0.0	0.0	0.0	0.0	0.0	0.0	0.00028389170099390483	0.0004968104767393335	0.0007097292524847621	0.0022711336079512387	0.004400321365405525	0.0077360488520839075	0.013981666273949814	0.023846902883488008	0.04308056562582506	0.07920578457729945	0.13087407415819013	0.1999307304249575	0.29858309652033943	0.4230696074061667	0.5765840447186208	0.7821216362382079	1.0049056485931747	1.2440844066805397	1.5154848728307124	1.8144938069025427	2.123297004658663	2.427061124722141	2.729334813355401	3.0113102453675973	3.269367801571057	3.5081207221069306	3.7288465196296916	3.9274997374001765	4.091873032275648	4.198971176475598	4.218488730918929	4.183144214145188	4.117281339514602	3.9987565543496464	3.856881676777943	3.683423847470667	3.484628683849685	3.3014475637833676	3.119614929296772	2.8964760523155624	2.676814848671529	2.447714245969448	2.201012357805744	2.0044883277927137	1.8002282489275994	1.578295911675614	1.3883013907854431	1.2144177239266765	1.0479862142189997	0.9089502536572348	0.7873026597813465	0.6738169523090332	0.5708352377734941	0.4837514584936139	0.41384312712386473	0.35018041317598164	0.28836299528455883	0.23747540788140142	0.1963820841625337	0.15358541023770253	0.11838283931445831	0.09063242554230412	0.0701212501454945	0.05493304414232058	0.042796673924831156	0.0339960311940201	0.02718263037016639	0.02157576927553677	0.016323772807149528	0.01369777457295591	0.011710532665998575	0.008729669805562574	0.005748806945126573	0.004613240141150954	0.0034776733371753342	0.002342106533199715	0.002342106533199715	0.0017033502059634292	0.0011355668039756193	0.0009226480282301908	0.0007807021777332384	0.0004258375514908573	0.00021291877574542865	7.097292524847621e-05	0.0	7.097292524847621e-05	0.00014194585049695242	0.00014194585049695242	7.097292524847621e-05	0.0	0.0	0.0	0.0	0.0
Sor-CPnd_053-Ex1-2C-lcwgs-1-2-L3-clmp.fp2_repr.R1	0.0	0.0	6.243413199074976e-05	6.243413199074976e-05	0.0	0.0	6.243413199074976e-05	0.00037460479194449854	0.0006867754518982474	0.001061380243842746	0.0018105898277317432	0.0029344042035652387	0.006056110803102727	0.011987353342223953	0.023287931232549658	0.04176843430181159	0.07192412005334373	0.1175634705385818	0.18424312350470254	0.2850742466697634	0.4125023100628836	0.566340011288091	0.7561397725399703	0.9817767255545399	1.2473090889111986	1.528387551133554	1.8140237049912342	2.125819760153038	2.4507269830329004	2.7471018075929896	3.0229358027281217	3.313816423673025	3.5666746582355615	3.7549760003196626	3.9405302405961713	4.090247289109989	4.184522828416021	4.213866870451674	4.201192741657551	4.132640064731708	4.008521010334098	3.8965141775426924	3.7401166769058642	3.552314807877689	3.336292711189695	3.099167877888827	2.8631044248318025	2.634158462821723	2.420883467941322	2.189877179575548	1.9704212056280626	1.7595811418953005	1.5466807518068437	1.370741367856911	1.2030432893297571	1.0434616479614007	0.9200293690156884	0.8035272787209493	0.6822177602629227	0.5755178286907313	0.48086768459275464	0.39327259740973275	0.33196227979481646	0.28189010593823516	0.22944543506600534	0.18642831812437877	0.14959218024983642	0.11718886574663731	0.09290198840223564	0.07061300328153798	0.053006578060146546	0.04101922471792259	0.031966275579263875	0.02640963783208715	0.021352473140836416	0.017356688693428435	0.013548206641992699	0.011300577890325706	0.008740778478704966	0.005182032955232231	0.003995784447407984	0.004245520975370984	0.0036211796554634864	0.002310062883657741	0.0013735509037964948	0.001061380243842746	0.0008116437158797468	0.000499473055925998	0.000499473055925998	0.00037460479194449854	0.00018730239597224927	0.0001248682639814995	0.0001248682639814995	6.243413199074976e-05	0.0	0.0	0.0	0.0	0.0	0.0	0.0
Sor-CPnd_053-Ex1-2C-lcwgs-1-2-L3-clmp.fp2_repr.R2	0.0	0.0	0.0	0.0	0.0	0.0	0.0	0.0003124421981933342	0.0006248843963866684	0.0009373265945800028	0.0021870953873533395	0.0040617485765133444	0.006873728360253354	0.012122757289901368	0.02080865039967606	0.03586836435259477	0.06555037318096152	0.11429135609912165	0.1843408969340672	0.2863845188640102	0.4084869299179652	0.5659577978074056	0.7601718682043822	0.9820058289216496	1.2335842869069222	1.5070336987657285	1.8030414373340933	2.115983543044537	2.4313002094612495	2.7292450896584133	3.002756989956858	3.255647705174543	3.5227857846298436	3.751306008388448	3.928335757884791	4.0973044986677465	4.208221479026379	4.230529851977384	4.204784614846253	4.158730634832556	4.048188585111754	3.9019031479176354	3.735933852237336	3.5306593280243153	3.3231977084239417	3.10998715237681	2.8842164199623066	2.6607577598144343	2.4342996545639055	2.206466803641326	1.9878822417852697	1.762173997810405	1.5570869389163005	1.389867874443228	1.2180871538765328	1.0553047686178056	0.9217044846703359	0.7947904637642037	0.6768747781660392	0.5770182516234497	0.4852852222338867	0.3929897968875758	0.3293140768957743	0.2853847038297915	0.2358313711963287	0.19308927848348054	0.15165944300304443	0.11635347460719767	0.09110814499317627	0.07111184430880287	0.05405250028744683	0.039930112929108114	0.03111924294005609	0.025495283372576075	0.01987132380509606	0.015747086788944046	0.012747641686288037	0.010560546298934697	0.008185985592665358	0.005498982688202683	0.003999260136874678	0.0033118873008493427	0.0028119797837400083	0.0018121647495213387	0.0011247919134960032	0.0009373265945800028	0.0006873728360253353	0.0004999075171093348	0.0004374190774706679	0.0003124421981933342	0.0002499537585546674	0.0002499537585546674	0.00018746531891600054	6.248843963866685e-05	0.0	0.0	0.0	0.0	0.0	0.0	0.0
Sor-CPnd_054-Ex1-8F-lcwgs-1-2-L2-clmp.fp2_repr.R1	0.0	0.0	0.0	0.0	0.0	0.0	8.954732038598478e-05	0.00017909464077196956	0.0003581892815439391	0.0007163785630878782	0.0014327571261757565	0.002417777650421589	0.007342880271650751	0.01558123374716135	0.027311932717725355	0.04826600568804579	0.08542814364822947	0.13844015731673245	0.21607768409138126	0.32308673195263304	0.45113940010459125	0.6125932187605219	0.8148806155124614	1.040718957525915	1.2773925253060727	1.5415571204447278	1.8133332378161917	2.111257172740363	2.409897486227622	2.6723606822789434	2.9435099684077053	3.188869626265304	3.409424676375984	3.626935117593541	3.829849345588183	3.9606779806721066	4.0353604458740175	4.099744969231541	4.09687945497919	4.046106124320336	3.966588103817582	3.8470424311022917	3.68182762499015	3.50407619402397	3.3237278907665964	3.1257387653931845	2.898019929651625	2.6713756617546975	2.4783116390025146	2.2560551898045005	2.028067712101783	1.8235416323401938	1.633432671160748	1.4504874956121814	1.2562593576949803	1.0979396952525593	0.9691706485375132	0.835028762599308	0.7213932130294933	0.6201151936729445	0.5296724000830999	0.45606450272582044	0.38308343661124283	0.3146692838363505	0.2604036076824437	0.21571949480983732	0.18079603985930323	0.14649941615147108	0.10665085857970787	0.07808526337657871	0.0634890501536632	0.050773330658853366	0.03966946293099125	0.029998352329304895	0.02310320865958407	0.01916312656260074	0.016566254271407184	0.01316345609673976	0.009133826679370446	0.007253332951264767	0.0054623865435450706	0.004298271378527269	0.0035818928154393906	0.0020595883688776496	0.0010745678446318172	0.0008954732038598477	0.0005372839223159086	0.0003581892815439391	0.0002686419611579543	8.954732038598478e-05	0.0	0.0	0.0	0.0	0.0	0.0	0.0	0.0	0.0	0.0	0.0
Sor-CPnd_054-Ex1-8F-lcwgs-1-2-L2-clmp.fp2_repr.R2	0.0	0.0	0.0	0.0	0.0	0.0	0.00017905263252132963	0.0002685789487819945	0.0006266842138246537	0.001521947376431302	0.0020591052739952907	0.0043867894967725765	0.008505000044763157	0.01521947376431302	0.0274845790920241	0.049508052892147644	0.08845200046553683	0.14046679021298308	0.2128040537516003	0.3206832648457014	0.45103358132122934	0.613255266385554	0.8182705306224765	1.047010268668475	1.2763766909282983	1.5370773238793543	1.8257996938199985	2.107180905827268	2.3958137494516514	2.674777750919883	2.9363736470335455	3.1842720167593264	3.419457649576093	3.6421991244326266	3.837814125462179	3.9569736524051247	4.027699442251049	4.0943070215489845	4.107019758457999	4.059749863472368	3.9638671787571957	3.8250118622369045	3.6628797034888403	3.4998522815781694	3.329304649101603	3.127333279617544	2.898145909990242	2.6891019615215894	2.4978737499888095	2.254451696076061	2.0223994843284183	1.820338588528098	1.6110260611106635	1.435912586504803	1.266886901404668	1.1084253216232913	0.970644320898128	0.8391301623112114	0.7240888459162571	0.615941055873374	0.5279366869891404	0.45031737079114403	0.3800392125265222	0.31907179115300943	0.26258068559252995	0.21405742217924958	0.17600873776846704	0.14333163233332438	0.10402957949489251	0.07797742146303906	0.06571231613532798	0.05228336869622825	0.0404658949498205	0.03169231595627535	0.02381400012533684	0.018711000098478946	0.015756631661877008	0.012802263225275069	0.009400263207369806	0.00725163161711385	0.0050134737105972296	0.003939157915469252	0.003760105282947922	0.0023276842227772853	0.0013428947439099723	0.0011638421113886427	0.0008952631626066483	0.0006266842138246537	0.00035810526504265926	8.952631626066482e-05	0.0	0.0	0.0	0.0	0.0	0.0	0.0	0.0	0.0	0.0	0.0
Sor-CPnd_054-Ex1-8F-lcwgs-1-2-L3-clmp.fp2_repr.R1	0.0	0.0	0.0	0.0	0.0	0.0	0.0	0.00010095095802459167	0.00040380383209836666	0.0007066567061721415	0.0017161662864180582	0.002927577782713158	0.005956106523450908	0.013426477417270691	0.02523773950614791	0.04401461769872196	0.08197217791596842	0.13476952896282987	0.20715136586646207	0.31496698903672593	0.44509277393042457	0.600254396414222	0.8030648710856266	1.0190999212582528	1.2443215086111168	1.5016455006158007	1.7827939187142885	2.072523168244867	2.35225827293101	2.6255325163035796	2.892648751236649	3.1446223424660302	3.4165842233842803	3.638373478164308	3.8025197359122935	3.9154838579418123	3.9832219507763127	4.036927860445395	4.0308708029639195	3.9835248036503867	3.937289264875124	3.86157604635668	3.691170829211169	3.4847261200508797	3.3117971289547534	3.130085404510489	2.916271275414404	2.7467746168911145	2.546588867128349	2.297744755597731	2.0766621575238746	1.8585071372327324	1.6595327989662623	1.4819600638010055	1.3061034949221668	1.1408467766359103	1.005471541924933	0.8818066183448081	0.7568293323103636	0.6493165620141735	0.5561388277574755	0.46831149427608065	0.4010781562317026	0.3377819055502837	0.26953905792565974	0.22370732298249513	0.18070221486401905	0.14658079105170707	0.11730501322457551	0.0932786852147227	0.07874174725918148	0.06380100547154192	0.04916311655797614	0.036948050637000546	0.02755961154071352	0.018776878192574047	0.014234085081467424	0.012416967837024773	0.010801752508631307	0.008277978558016515	0.005451351733327949	0.0036342344888852995	0.002927577782713158	0.0022209210765410164	0.001413313412344283	0.0012114114962950998	0.0012114114962950998	0.0006057057481475499	0.0	0.0	0.00010095095802459167	0.00020190191604918333	0.00010095095802459167	0.0	0.0	0.0	0.0	0.0	0.0	0.0	0.0
Sor-CPnd_054-Ex1-8F-lcwgs-1-2-L3-clmp.fp2_repr.R2	0.0	0.0	0.0	0.0	0.0	0.0	0.0	0.00010096053856389693	0.0005048026928194846	0.0008076843085111754	0.0018172896941501444	0.0029278556183530108	0.006158592852397712	0.01564888347740402	0.02847087187501893	0.04825913743354273	0.0815761151596287	0.13235926605726886	0.20797870944162766	0.31913626240047815	0.4415004351399212	0.5877922555190078	0.7966796098077106	1.0204081632653061	1.2381800449476317	1.480081495346729	1.7724632150277742	2.070498724868398	2.339053757448364	2.604075171178593	2.868692742754567	3.138863143951555	3.412668124536843	3.637002441225822	3.777842392522459	3.8900095508669486	4.004599762136971	4.053565623340461	4.038118660940185	4.002984393519949	3.929989924138251	3.8373081497365935	3.7131266873030007	3.524431440727077	3.321096916059389	3.128868050633729	2.929067144815777	2.742290148472568	2.5538977835123364	2.322193347508193	2.087863937501388	1.8708997401275735	1.669786347308291	1.4791728504996537	1.3086505008652318	1.154887600632417	1.0044563981722103	0.8715923294221221	0.7542761836108739	0.6447339992690456	0.5479128427862685	0.467144411935151	0.4042459964098432	0.33892452795900196	0.27299729627677727	0.22574776422887352	0.17577229763974453	0.14306108314504193	0.11812383011975938	0.09611443271282986	0.07915306223409518	0.06360513929525506	0.04765337420215934	0.036143872805875096	0.028268950797891136	0.018273857480065343	0.014336396476073363	0.013326791090434394	0.012317185704795425	0.009591251163570206	0.005048026928194845	0.0027259345412252167	0.0025240134640974227	0.002423052925533526	0.0019182502327140414	0.0014134475398945568	0.0010096053856389691	0.0004038421542555877	0.0	0.0	0.00010096053856389693	0.00020192107712779385	0.00010096053856389693	0.0	0.0	0.0	0.0	0.0	0.0	0.0	0.0
Sor-CPnd_055-Ex1-7G-lcwgs-1-2-L2-clmp.fp2_repr.R1	0.0	3.344785880187094e-05	6.689571760374188e-05	6.689571760374188e-05	3.344785880187094e-05	3.344785880187094e-05	0.00013379143520748376	0.0003344785880187094	0.0007024050348392897	0.0013713622108767086	0.002207558680923482	0.004114086632630126	0.00856265185327896	0.01739288657697289	0.03251131875541855	0.05508862344668143	0.09646362478459579	0.15830871570925517	0.24356730779522417	0.36779265538537287	0.5180069892645752	0.693006186515964	0.899847745346734	1.1503053120551434	1.4191592011045822	1.7027301480268437	2.0208192852326365	2.3398784103436836	2.6367950529278916	2.910097507197979	3.166007074891094	3.4167656723287196	3.6625070909460664	3.870954146999326	4.009963448179901	4.095355831701078	4.161415352834773	4.1928563401085315	4.17245314623939	4.086057326954157	3.9455094242686957	3.7925189181089385	3.617753855869163	3.4099757569919404	3.19902011152854	2.986024146678226	2.752357405088356	2.5097266373395843	2.2782005587130336	2.0670442260968223	1.8655543246743518	1.6493473653790578	1.4462185188752956	1.27145345663552	1.1041138190497597	0.9610907748129597	0.8377016236928577	0.7215706579327618	0.6169457556005095	0.5190438728874333	0.43448768583630354	0.36879609114942896	0.31427608130237933	0.2585185006796605	0.20620604951353433	0.16409519528197883	0.12934286998683492	0.10281871795695127	0.08027486112449025	0.06388541031157349	0.05047281893202325	0.03766228901090667	0.0292334285928352	0.023313157584904043	0.018262530905821535	0.013379143520748376	0.009699879052542573	0.007425424654015349	0.005987166725534898	0.004582356655856318	0.00321099444497961	0.0022744543985272238	0.0018061843753010307	0.0013713622108767086	0.001237570775669225	0.0009699879052542573	0.0004682700232261931	0.0002675828704149675	0.0002675828704149675	0.00020068715281122563	0.00013379143520748376	0.00010034357640561281	3.344785880187094e-05	0.0	0.0	0.0	0.0	0.0	0.0	0.0	0.0
Sor-CPnd_055-Ex1-7G-lcwgs-1-2-L2-clmp.fp2_repr.R2	0.0	0.0	0.0	3.343991749703555e-05	0.00010031975249110666	0.00010031975249110666	0.00010031975249110666	0.0005015987624555333	0.0012038370298932798	0.002073274884816204	0.0029427127397391286	0.004982547707058298	0.00946349665166106	0.017856915943416984	0.03243671997212449	0.05875393504229146	0.10011911298612444	0.15589689537117973	0.24621811253067277	0.371550923309562	0.5167804849991875	0.6920056526836537	0.9003363386901851	1.1453506141909646	1.4215977726339752	1.7027940388665472	1.9975334716854187	2.321633152066687	2.6313202280067336	2.9070657876872885	3.1748526470035494	3.4215389183791807	3.6571231371457955	3.8563247256756368	3.9987453342955117	4.1014393209289075	4.163838206978376	4.18410279698158	4.168486355510463	4.090638227577365	3.958884952639045	3.7949959169860734	3.607966458425154	3.4158541324046845	3.209429521695484	2.992906055902179	2.753275607118422	2.5110034048523997	2.285986200014847	2.065617143709383	1.858824693907715	1.6512631260036155	1.4490853848165386	1.2786755652516455	1.1114425378489705	0.9618657868847306	0.8355297785809302	0.7224359776059561	0.6155620012854304	0.5185862405440274	0.4386648377261123	0.36894260974479326	0.3140677051321579	0.26022943796193065	0.20699308930665009	0.1641565549929475	0.12901120170356314	0.10272742655089322	0.08109179993031121	0.06447216093428454	0.050928994347985146	0.03768678701915907	0.029126168139917967	0.02367546158790117	0.018759793715836946	0.013342527081317185	0.009062217641696634	0.007256462096856714	0.006152944819454541	0.0045143888620998	0.0029427127397391286	0.002140154719810275	0.0018391954623369555	0.0014713563698695643	0.001337596699881422	0.001103517277402173	0.0005015987624555333	0.00016719958748517776	0.00016719958748517776	0.00016719958748517776	0.0001337596699881422	0.00010031975249110666	3.343991749703555e-05	0.0	0.0	0.0	0.0	0.0	0.0	0.0	0.0
Sor-CPnd_055-Ex1-7G-lcwgs-1-2-L3-clmp.fp2_repr.R1	0.0	0.0	0.0	0.0	8.055349920372866e-05	0.00020138374800932166	0.0002819372472130503	0.0004027674960186433	0.0005235977448242364	0.0011277489888522011	0.002577711974519317	0.005074870449834906	0.008860884912410154	0.016795404583977425	0.03254361367830638	0.05767630542986973	0.09904052727098438	0.1583279026849287	0.2450437445777426	0.3659948236321412	0.5092592219659726	0.688450480944667	0.9032061098218075	1.1423291722080762	1.406262712349093	1.6832459193611142	1.9827438294005775	2.289491554368376	2.60240162202526	2.8994023735894077	3.1507292911050406	3.403949215851962	3.6470596764488152	3.8421602515202458	4.003871401171731	4.119062905033063	4.184190409139278	4.201871902214497	4.146451094762331	4.039516324569381	3.918686075763788	3.78089931537581	3.6071051408437658	3.4104740492874637	3.206915356799642	3.0051691180439035	2.7839692092304644	2.5423087116192784	2.313617327379893	2.0811802054275335	1.8632427133318457	1.6603687255872552	1.4646639992717962	1.2915545294829835	1.131655833563582	0.9812221738006188	0.8404952106917049	0.7261897953216139	0.6289214450331115	0.5369293489424534	0.45702027773235454	0.3804138999896086	0.31383643289772684	0.25994614193043236	0.2094390979296945	0.16714851084773696	0.1326716131885411	0.10620978870011623	0.08325204142705357	0.06291228287811208	0.05030566025272854	0.03975315185704009	0.028717322466129267	0.022192489030627247	0.018285644319246404	0.013452434367022688	0.00994835715166049	0.007209538178733716	0.004954040201029313	0.004390165706603212	0.00390684471138084	0.0028596492217323674	0.0018930072312876233	0.0011680257384540655	0.0006847047432316936	0.00048332099522237193	0.0004027674960186433	0.000362490746416779	0.00024166049761118597	0.00012083024880559298	4.027674960186433e-05	0.0	0.0	0.0	0.0	0.0	0.0	0.0	0.0	0.0	0.0
Sor-CPnd_055-Ex1-7G-lcwgs-1-2-L3-clmp.fp2_repr.R2	0.0	0.0	0.0	0.0	4.0275678967396035e-05	0.00020137839483698016	0.00020137839483698016	0.00024165407380437619	0.0007249622214131286	0.001409648763858861	0.0031415029594568907	0.006081627524076801	0.009706438631142443	0.01743936899288248	0.03258302428462339	0.056788707344028404	0.09718521334832662	0.1582834183418664	0.24592329577492017	0.36006456996852054	0.5066680414098421	0.6891571428111135	0.8984698464046706	1.1405669526776883	1.4125083370655462	1.683603932195089	1.9756428803876778	2.298653825706194	2.606480840054002	2.8824900680175665	3.132964515515803	3.387345703873876	3.641968546305754	3.84076929768882	3.9972403104771543	4.122457396386788	4.192980110258699	4.212513814557886	4.151214231169509	4.037878470555257	3.9195485257490468	3.776167108625117	3.60382747832363	3.4109875274277375	3.202923369882169	3.0050892347943203	2.783774378868479	2.5392204561784504	2.3215304113596744	2.09671157136367	1.8677846121129908	1.660928724936445	1.4718344121845206	1.2984073385509132	1.1345658765115463	0.9850625561845721	0.8422449985661858	0.7233914699334001	0.6260451538692039	0.535545703229465	0.4576525401065211	0.38133012846330566	0.314553052735363	0.25953647526590007	0.21048069828361166	0.16891619758925897	0.13508462725664627	0.10838185210126272	0.08349148249941198	0.06351474573158354	0.050827906856853795	0.03934933835114592	0.02883738614065556	0.022111347753100422	0.017801850103589045	0.013049319985436314	0.009384233199403276	0.007048243819294305	0.00487335715505492	0.004188670612609188	0.003826189501902623	0.002779021848750326	0.0018526812325002173	0.0012485460479892772	0.0008457892583153167	0.0006041351845109405	0.00048330814760875237	0.0003624811107065643	0.00024165407380437619	0.00012082703690218809	4.0275678967396035e-05	0.0	0.0	0.0	0.0	0.0	0.0	0.0	0.0	0.0	0.0
Sor-CPnd_058-Ex1-2G-lcwgs-1-2-L2-clmp.fp2_repr.R1	0.0	0.0	0.0	0.0	0.0	0.0	0.0	0.0004532450532834885	0.0013597351598504653	0.0022662252664174425	0.003625960426267908	0.006617377777938932	0.011965669406684096	0.02166511354695075	0.04006686271026038	0.07025298325894072	0.11974734307749765	0.18138867032405206	0.2757542904176744	0.41345013760519816	0.5792471780962982	0.7713324316778407	0.9861705869342142	1.2526786782649055	1.5320589291088478	1.8097168487503128	2.1288920152725455	2.431569061855259	2.728807167798571	2.9962217492358287	3.2323624219965263	3.498145321241964	3.727668616224723	3.898723299333911	4.035512656414868	4.11782195809115	4.148098727650487	4.157072979705499	4.115737030846045	4.02064621866717	3.8875734710231376	3.6924968000899243	3.490984049400085	3.2995333388931396	3.093034892617182	2.8771995982435845	2.6419654155894543	2.412532769617352	2.2014112237979035	1.9880234527120373	1.7984763714288823	1.6205323635097846	1.4266341297151084	1.2487807708066674	1.084615412507388	0.9325063726254492	0.8017904992584911	0.6969095939286919	0.5991899604407718	0.5049149893578062	0.4274100852463296	0.3642277248186113	0.3105635105098463	0.25880292542487193	0.20831142648909132	0.1687884578427711	0.1370613041129269	0.11041049497985779	0.08675110319845969	0.06481404261953885	0.051851234095631075	0.04360217412587159	0.03308688888969465	0.023568742770741398	0.018673696195279723	0.01731396103542926	0.015047735769011819	0.011059179300117118	0.007886463927132699	0.0061641327246554425	0.004895046575461676	0.003263364383641117	0.0021755762557607444	0.0016316821918205585	0.000906490106566977	0.0008158410959102793	0.0012690861491937676	0.0013597351598504653	0.0009971391172236745	0.0006345430745968838	0.00036259604262679074	9.064901065669768e-05	0.0	0.0	0.0	0.0	0.0	0.0	0.0	0.0	0.0
Sor-CPnd_058-Ex1-2G-lcwgs-1-2-L2-clmp.fp2_repr.R2	0.0	0.0	0.0	0.0	0.0	0.0	0.0	0.0003630699744761808	0.001361512404285678	0.0019061173659999492	0.0033583972639046724	0.006626027034190299	0.01152747168961874	0.02341801335371366	0.04166227957114174	0.06580643287380776	0.11055480722799704	0.18080884728913804	0.27647778556361163	0.40445995156646536	0.5731967222042704	0.7709790908001699	0.9895472154348307	1.2338025407636815	1.5032912293186267	1.8019162833252853	2.1232332107367053	2.413598422824031	2.7098635219965943	2.990425844773063	3.2449378968808658	3.4999037864567635	3.7151135138275198	3.894379313725134	4.028079831825988	4.147983690896746	4.194093577655222	4.166863329569508	4.089529425006081	3.9993065363487506	3.869055183005421	3.691423197992949	3.5156973303464776	3.2983999506224833	3.0862763180347748	2.8703404507150663	2.6321665474586915	2.432024224028697	2.2320634355859403	2.0062339114617562	1.8099945902573804	1.6084907544231	1.4255034872871049	1.2605789513812997	1.088574550973209	0.9468864934338794	0.8150013252054068	0.6942805586920767	0.5991562253793173	0.5073902893304626	0.42560877757970295	0.3691513965486568	0.31714162270494395	0.2597765667377073	0.2118513301068515	0.17636124010180482	0.13978194017332962	0.10801331740666378	0.08586604896361676	0.06744024775895059	0.05246361131180813	0.03993769719237989	0.030497877855999188	0.0226918734047613	0.016882753813142408	0.014704333966285323	0.013161286574761556	0.010347494272571154	0.007261399489523616	0.005627584604380802	0.004810677161809395	0.0033583972639046724	0.0022691873404761297	0.0014522798979047231	0.0007261399489523616	0.0007261399489523616	0.0014522798979047231	0.0014522798979047231	0.0007261399489523616	0.0002723024808571356	0.0001815349872380904	9.07674936190452e-05	0.0	0.0	0.0	0.0	0.0	0.0	0.0	0.0	0.0
Sor-CPnd_058-Ex1-2G-lcwgs-1-2-L3-clmp.fp2_repr.R1	0.0	0.0	0.0	0.0	0.0	0.0	0.0003195812207683052	0.0011185342726890682	0.0017576967142256786	0.0019174873246098313	0.002876230986914747	0.0056725666686374175	0.010066808454201616	0.021172255875900218	0.040746605647958914	0.06902954368595393	0.11185342726890682	0.17928506485101922	0.277476394932081	0.4029919193888329	0.5588676598185738	0.7515751359418618	0.9676120411812362	1.2124911515949501	1.4833362361960887	1.7716783926342918	2.0787959457926335	2.394302505996143	2.7114868676086856	2.998470803858624	3.2508600729603923	3.518269659438272	3.755878297079507	3.927493412632087	4.057562969484787	4.148723512708946	4.2167943127325955	4.2219076122648875	4.139935029137818	4.02959961266756	3.897692463795442	3.7082606951850297	3.509960547698296	3.3343506668861123	3.1197518771401955	2.868001770479963	2.6363053854229417	2.428178115397583	2.231316083404307	2.011683889431289	1.7870981865363629	1.5791307071213883	1.4011239671534421	1.2308670717891275	1.0682002304180602	0.946519680610528	0.8254782932445323	0.7055554401512258	0.59681792978481	0.4947117297493365	0.4210482583622421	0.36560091655894117	0.3048804846129632	0.247116178959092	0.20013773950615113	0.16170809770876246	0.12807217422289832	0.10394379205489128	0.08269164087379897	0.06279770988097198	0.05025414696581599	0.0394682807648857	0.028602519258763316	0.023569115031662508	0.02013361690840323	0.013901783103421276	0.009986913149009539	0.008628692960744241	0.00647151972055818	0.005273090142677035	0.004394241785564197	0.002716440376530594	0.001597906103841526	0.001038638967496992	0.0008788483571128393	0.0005592671363445341	0.0003195812207683052	0.0003195812207683052	0.0003994765259603815	0.0003994765259603815	0.0001597906103841526	0.0	0.0	0.0	0.0	0.0	0.0	0.0	0.0	0.0	0.0
Sor-CPnd_058-Ex1-2G-lcwgs-1-2-L3-clmp.fp2_repr.R2	0.0	0.0	0.0	0.0	7.998963334351867e-05	0.00015997926668703734	0.0003999481667175934	0.0011198548668092615	0.0014398134001833362	0.0012798341334962987	0.0026396579003361165	0.005359305434015751	0.010158683434626873	0.01999740833587967	0.037115189871392666	0.06623141640843347	0.11142555924752151	0.17957672685619944	0.2711648570345283	0.39066936924974527	0.550248687770065	0.7468632065284339	0.9588357348887584	1.1955250599522302	1.4723691809541484	1.7874483466942686	2.105487128868099	2.398489155805408	2.6990901979103508	3.0100898923499515	3.2784551122174563	3.5048257745796145	3.723917380307512	3.900454501096658	4.044435841114991	4.166819980130575	4.237610805639589	4.2164935424369	4.14466285169442	4.060593747050382	3.9013343870634367	3.702160200038075	3.521863566481784	3.3290885501239043	3.1039177322618987	2.879386831466642	2.6454171539368496	2.432164791443029	2.2240317654831934	1.9958213415541346	1.7914478283614441	1.5896339834357467	1.3994986249782027	1.2267210169562024	1.0725010038698986	0.941957922253276	0.8180539802041655	0.7108678715238504	0.6077612341440549	0.5036147315307936	0.4266647042543287	0.36627253107997204	0.3032407000052793	0.24996760419849587	0.20365360649259853	0.16317885202077811	0.12830337188300395	0.10174681361295576	0.08278927051054184	0.06319181034137976	0.04959357267298158	0.037275169138079704	0.027196475336796352	0.021037273569345413	0.018157646768978738	0.014078175468459287	0.010078693801283354	0.00847890113441298	0.0063191810341379755	0.00543929506735927	0.004399429833893528	0.0029596164337101914	0.0019197512002444483	0.0011998445001527801	0.0011198548668092615	0.0007998963334351868	0.0003199585333740747	0.0003199585333740747	0.0005599274334046308	0.0005599274334046308	0.0003199585333740747	7.998963334351867e-05	0.0	0.0	0.0	0.0	0.0	0.0	0.0	0.0	0.0
Sor-CPnd_063-Ex1-7D-lcwgs-1-2-L2-clmp.fp2_repr.R1	0.0	0.0	0.0	0.0	3.591082050479122e-05	7.182164100958244e-05	7.182164100958244e-05	0.00025137574353353853	0.000790038051105407	0.0014005219996868577	0.0022264708712970557	0.0038783686145174518	0.0068948775369199146	0.0135024685098015	0.027184491122126953	0.05095745429629874	0.08367221177616355	0.13348051981630898	0.21072469472211489	0.3166975260317538	0.4566060827184204	0.6191743671436103	0.8140264792026074	1.0472672583812264	1.3016236000166626	1.5785319369291075	1.8756580657857502	2.1785299259231596	2.4898767396996995	2.7915635427604504	3.069261917724001	3.321571342590664	3.5619224642292315	3.7903152826397037	3.969510276958612	4.105396821748742	4.186339811166541	4.193809261831538	4.169533547170299	4.120623009642774	4.016804827563422	3.869534552673273	3.68093092338211	3.488843944501981	3.285696432906378	3.0445911840372095	2.837565303827088	2.6361056007952093	2.405342668231421	2.159928120901678	1.929057455876375	1.719517818230918	1.5265330688381702	1.3497800103135877	1.1727755760454717	1.0187899777209268	0.8843757765714935	0.763176757367823	0.6537205764692194	0.5564740745422448	0.4729814168686052	0.3940135225785693	0.32969724305448816	0.27191673286227913	0.21672180174641503	0.1794463700624417	0.14353554955765052	0.111287632744348	0.08482135803231687	0.06471129854963378	0.052860727783052674	0.04259023311868239	0.03131423548017795	0.023162479225590338	0.018853180765015392	0.01497481215049794	0.011671016664057147	0.010090940561846333	0.008331310357111564	0.00617666112682409	0.004524763383603694	0.00351926040946954	0.002729222358364133	0.0019750951277635173	0.0014364328201916488	0.0012209678971629014	0.0010773246151437367	0.0006823055895910332	0.00043092984605749466	0.0003950190255527035	0.00025137574353353853	7.182164100958244e-05	0.0	0.0	0.0	0.0	0.0	0.0	0.0	0.0	0.0
Sor-CPnd_063-Ex1-7D-lcwgs-1-2-L2-clmp.fp2_repr.R2	0.0	0.0	0.0	0.0	3.590576603515605e-05	7.18115320703121e-05	0.00010771729810546817	0.0002872461282812484	0.0008258326188085892	0.001400324875371086	0.002585215154531236	0.004667749584570287	0.008078797357910112	0.01554719669322257	0.027970591741386566	0.04998082632093723	0.08383996369208939	0.13680096859394456	0.2127775695243348	0.3208898310561896	0.45898340722739983	0.6145989972237662	0.809675024092769	1.0424521052986857	1.2984243113633132	1.5802127632072178	1.8795232288762787	2.175853515964422	2.4848226326969396	2.781332448615258	3.0538572128220927	3.304658988577658	3.5555684816313287	3.777825173388944	3.9504960022520095	4.100797538875173	4.172250013285134	4.1879408330424965	4.178677145405427	4.105716628821989	4.000440922806912	3.8701029920992953	3.6994787919002334	3.495462229288477	3.278555496670099	3.0597457584518586	2.854939268987328	2.650312308352974	2.4108567546645183	2.177146123541687	1.9549253375501063	1.7347152744564946	1.5254923757696401	1.3466816609145629	1.179648037319017	1.0209804572096626	0.8821328599517139	0.7644337588884724	0.6592657701715003	0.5570779600354462	0.4710836503812474	0.4000620451637088	0.33528804323628725	0.2699395490523032	0.21259804069415897	0.17381981337619046	0.13931437221640547	0.1105538536222455	0.08330137720156204	0.0632300539879098	0.054217706713085644	0.04341007113650367	0.032494718261816234	0.023805522881308466	0.018060600315683493	0.014075060285781172	0.011238504769003845	0.009874085659667915	0.00836604348619136	0.006103980225976529	0.004308691924218727	0.0032674247091992008	0.0023697805583203	0.001974817131933583	0.0016157594715820226	0.001292607577265618	0.0010771729810546817	0.0006103980225976529	0.00025134036224609235	0.00021543459621093633	0.00017952883017578026	7.18115320703121e-05	0.0	0.0	0.0	0.0	0.0	0.0	0.0	0.0	0.0
Sor-CPnd_063-Ex1-7D-lcwgs-1-2-L3-clmp.fp2_repr.R1	0.0	0.0	0.0	0.0	0.000127695546575248	0.00017026072876699734	0.000127695546575248	0.00029795627534224536	0.00063847773287624	0.0011066947369854827	0.001787737652053472	0.0032775190287646985	0.006257081782187152	0.013195206479442292	0.02447497976025587	0.04580013603832229	0.08291697490952771	0.13569780082729688	0.20971865265874898	0.31247100246963183	0.4467215871024092	0.6114062770022874	0.8093769393761135	1.039058662482793	1.2973867532045198	1.574656350001575	1.8734213638054635	2.178443459391539	2.4826993816981635	2.785039870806159	3.06707676800869	3.3217868182441177	3.551085454711072	3.770423838545156	3.9428128264217412	4.064847203765487	4.161512732522949	4.1875626240243	4.177644936573622	4.117500334136681	4.016791113071001	3.868494018314947	3.6640108830657825	3.4856202045001616	3.2920763210742767	3.0758451955401904	2.84905790482255	2.6265696975062762	2.412764787357119	2.1769111128326366	1.949400214017736	1.732232654475431	1.5326445151783183	1.354211271430505	1.1754800714073497	1.0262039774608847	0.9046378171212486	0.7800069636638066	0.6583982381419787	0.5604131887365718	0.47698543164074303	0.3989208875010748	0.33196585591345307	0.27769524861897266	0.22776628990805067	0.18320054415328915	0.14297644698208603	0.11130795143142452	0.08853557895883862	0.06963663806570192	0.05550499757804113	0.04299083401366683	0.032604929558879996	0.024858066399981612	0.019452288261629445	0.015876812957522503	0.01225877247122381	0.009875122268485846	0.00893868826026736	0.007321211336980885	0.005192952227393419	0.004043692308216187	0.0030221279356142028	0.0025113457493132108	0.0022559546561627146	0.0017026072876699734	0.000893868826026736	0.0005533473684927414	0.0005533473684927414	0.000255391093150496	4.2565182191749334e-05	0.0	0.0	0.0	0.0	0.0	0.0	0.0	0.0	0.0	0.0
Sor-CPnd_063-Ex1-7D-lcwgs-1-2-L3-clmp.fp2_repr.R2	0.0	0.0	0.0	0.0	4.256029090810042e-05	8.512058181620083e-05	0.00012768087272430124	0.00021280145454050206	0.00046816319998910455	0.0009788866908863095	0.0019152130908645186	0.0035325041453723345	0.006767086254387966	0.013959775417856935	0.024812649599422545	0.045837433308024145	0.0815029570890123	0.1330434693787219	0.2065025314861032	0.31154132944729507	0.45445878631669623	0.6199757576582987	0.8144337268174096	1.0440039359757032	1.2895342542245345	1.567325272981706	1.8668220401020084	2.16657416896776	2.476540767651455	2.7677808383355864	3.052424063928962	3.320043173159097	3.5398245154085273	3.742241258967453	3.9271657229631494	4.0570597308146725	4.155714485139648	4.213681601356481	4.187847504775265	4.1060466256498955	3.9936448973616026	3.860516307401064	3.6976380740957637	3.5004136860276267	3.294464438323329	3.08719582160088	2.85754049186077	2.6361418585568317	2.4262345037980806	2.1830450015491945	1.950112529409161	1.7401626143595017	1.54617280840038	1.36312099720464	1.1798138242634517	1.0258306917579443	0.8986179822336321	0.7793640471091349	0.6626637294391234	0.5580930946779208	0.47186594529810927	0.40002417424523584	0.33320451751951813	0.2758332453753988	0.2265484285038185	0.18309437148664798	0.14283233628758502	0.1132954943973633	0.09082366079788629	0.07073520348926289	0.056605186907773546	0.043454057017170526	0.03323958719922642	0.02583409658121695	0.0203863793449801	0.015874988508721457	0.011874321163360015	0.009746306617954996	0.008086455272539077	0.005958440727134058	0.004426270254442443	0.0037453055999128364	0.00306434094538323	0.0024259365817617235	0.0019152130908645186	0.0014044895999673138	0.0008086455272539079	0.0005958440727134058	0.000510723490897205	0.00017024116363240167	0.0	0.0	0.0	0.0	0.0	0.0	0.0	0.0	0.0	0.0	0.0
Sor-CPnd_066-Ex1-8B-lcwgs-1-2-L2-clmp.fp2_repr.R1	0.0	0.0	0.0	0.0	0.0	0.0	0.0	5.1249251760924286e-05	0.0004099940140873943	0.0011274835387403343	0.0019987208186760474	0.0033824506162210034	0.005227423679614277	0.009942354841619313	0.020653448459652488	0.03756570154075751	0.06744401531737637	0.11515706870679689	0.182088591506564	0.27561847597025085	0.40912277680745857	0.5636905201184063	0.7413204267217699	0.9708658253589497	1.2290595557304864	1.4949406738661617	1.7713791378645871	2.073339729239953	2.3903676006330308	2.6853582937689113	2.957440571367658	3.224756668552639	3.4901765434224656	3.737505432420687	3.9531110345788956	4.097582675292941	4.164924192106795	4.201721154871139	4.199619935548941	4.131560929210433	4.056480775380679	3.93676252326716	3.7458078112059563	3.5615667511254334	3.360464687215567	3.15270022057678	2.9495481865964757	2.7315851188572644	2.4868186924470903	2.2172476281846287	2.0012832812640937	1.8071511155937123	1.6011803727665574	1.418271793231819	1.2361832017252548	1.067573163431814	0.9140816544078457	0.779859864045985	0.6711602010610644	0.576707830065681	0.49686149582216105	0.4076365485063918	0.32615023820652217	0.2732610103892483	0.22139676760719293	0.17373496346953335	0.1351955261453183	0.10649594515920068	0.08338253261502382	0.06354907218354612	0.04981427271161841	0.03976941936647725	0.03264577337170877	0.026803358670963406	0.021063442473739882	0.015221027772994514	0.01040359810746763	0.00763613851237772	0.006611153477159233	0.006047411707789066	0.004766180413765959	0.0032287028609382304	0.0024087148327634417	0.001588726804588653	0.0009224865316966373	0.0008199880281747886	0.0006149910211310914	0.0003074955105655457	0.00025624625880462146	0.00025624625880462146	0.00015374775528277285	5.1249251760924286e-05	0.0	0.0	0.0	0.0	0.0	0.0	0.0	0.0	0.0
Sor-CPnd_066-Ex1-8B-lcwgs-1-2-L2-clmp.fp2_repr.R2	0.0	0.0	0.0	0.0	0.0	0.0	5.122410237444204e-05	0.00025612051187221023	0.0005634651261188625	0.001024482047488841	0.002048964094977682	0.004046704087580921	0.00727382253717077	0.013010922003108279	0.023255742477996687	0.04174764343517026	0.07099660589097667	0.11791788366596558	0.18676307725721566	0.2839864235639067	0.4200888635727992	0.5818033547689127	0.7581679392441166	0.9660865707819769	1.2204654631734562	1.4925678949864922	1.7621091216808062	2.052908350860514	2.371727164039041	2.6526913655628555	2.920798317390685	3.2016600707097513	3.4600856671888107	3.7002242591201955	3.9027131358063647	4.053977910118093	4.135885249814825	4.188236282441505	4.210057750053017	4.15289165180314	4.052543635251608	3.9130091803836273	3.74432821126459	3.5758521385550504	3.3960555392207583	3.193515438432214	2.976017899750334	2.745765559577217	2.50260474560574	2.2555508998538065	2.032060141194116	1.8212217358209124	1.6073611084076167	1.4193686526934146	1.238752467721132	1.0654101052860199	0.915579605840777	0.7895683139996496	0.6784632359494849	0.5741709635151209	0.4897024186996659	0.4112783179643952	0.3352105259383487	0.2764564805148637	0.22472013711667727	0.17979659933429157	0.13907343794661015	0.10885121754568934	0.08790055967454254	0.06633521257490245	0.048970241869966596	0.03867419729270374	0.03165649526740518	0.02556082708484658	0.019618831209411304	0.014598869176715983	0.009732579451143988	0.006761581513426349	0.006710357411051908	0.005941995875435277	0.004610169213699784	0.003790583575708711	0.0030222220400920805	0.0018440676854799133	0.0010757061498632829	0.0009220338427399566	0.0007683615356166305	0.00040979281899553634	0.00020489640949776817	0.00020489640949776817	0.0001536723071233261	0.00010244820474888409	5.122410237444204e-05	0.0	0.0	0.0	0.0	0.0	0.0	0.0	0.0
Sor-CPnd_066-Ex1-8B-lcwgs-1-2-L3-clmp.fp2_repr.R1	0.0	0.0	0.0	0.0	6.457186913606713e-05	0.00012914373827213426	0.00019371560740820138	0.00019371560740820138	6.457186913606713e-05	0.00045200308395246995	0.0016788685975377457	0.004520030839524699	0.007877768034600191	0.012526942612397025	0.020727569992677553	0.03848483400509601	0.07225592156325912	0.1200391047239488	0.18280296152420605	0.2715247097171623	0.39853757630780634	0.5512500468146051	0.738766754785744	0.9590214004088691	1.1853458017307843	1.4453121468725907	1.7402118732170093	2.0482196889960496	2.363072122903513	2.6628147394331365	2.9394406268120483	3.2257522945613695	3.508706225115616	3.7352889139140757	3.936494858142061	4.096181090515555	4.16423984058497	4.17818736431836	4.193490897303608	4.174377624039332	4.064153443424066	3.9131198415148045	3.747428425311656	3.570178644533152	3.3681332660063976	3.156660394585778	2.9376971863453742	2.7120185037148197	2.5081651128522555	2.2800972710636667	2.0481551171269134	1.8150506695457111	1.604288088685588	1.4224537051984227	1.2381655906840874	1.0766713459747834	0.9380355429396473	0.806954648593431	0.6840098097583591	0.5850211343727683	0.49248964590078403	0.40796506920167214	0.33958345978657706	0.28101677448016416	0.22923013543303833	0.18248010217852573	0.14050838724008208	0.10919103070908952	0.08568687034356108	0.06379700670643433	0.04746032381500934	0.03680596540755827	0.030090491017407284	0.024085307187753043	0.018015551488962733	0.013430948780301965	0.010266927192634674	0.007619480558055922	0.006005183829654244	0.00497203392347717	0.003809740279027961	0.002453731027170551	0.0017434404666738126	0.001420581120993477	0.001420581120993477	0.0014851529901295441	0.0011622936444492084	0.0006457186913606714	0.00019371560740820138	6.457186913606713e-05	0.00012914373827213426	6.457186913606713e-05	0.0	0.0	0.0	0.0	0.0	0.0	0.0	0.0	0.0
Sor-CPnd_066-Ex1-8B-lcwgs-1-2-L3-clmp.fp2_repr.R2	0.0	6.454286226940448e-05	0.00012908572453880897	0.00012908572453880897	6.454286226940448e-05	0.0	6.454286226940448e-05	0.00019362858680821345	0.0005163428981552359	0.0012263143831186853	0.0028398859398537975	0.00503434325701355	0.007809686334597943	0.012521315280264471	0.021815487447058718	0.0416946890260353	0.07241709146627184	0.1206951524437864	0.18220450018652887	0.26501299247817484	0.38919345948450906	0.5478398149427053	0.7321742295841246	0.9376787030499083	1.1712593216028833	1.4480836578763592	1.7369775093942135	2.0297439326482323	2.357169872940921	2.6673628690076794	2.921532660624594	3.17563790937924	3.449106016814706	3.707342008754594	3.9049077101612406	4.03728512067579	4.138101071540599	4.174438702998274	4.191671647224205	4.173083302890617	4.081948781366218	3.936662798397788	3.7729175568203086	3.6127867155299165	3.395858155442448	3.165311051416135	2.9660672355904834	2.7436525322101155	2.506973856268209	2.2873344959654256	2.0689859929080305	1.8414078605461102	1.6263510434644544	1.4255581989443369	1.2352858409741325	1.0851591433354977	0.949877304018826	0.8151118076003093	0.691705854941208	0.5888890753460466	0.502466182767314	0.4201740333738232	0.3407863127824557	0.27669525054893707	0.22854627529596128	0.18820698637758349	0.14405966858531083	0.1079802085767137	0.08564837823149976	0.0660273481016008	0.04995617539651908	0.03866117449937329	0.030141516679811898	0.02317088755471621	0.017103858501392188	0.012392229555725661	0.009423257891333055	0.007228800574173302	0.005873400466515808	0.004840714670205336	0.00374348601162546	0.002646257353045584	0.002646257353045584	0.0023235430416985617	0.0017426572812739214	0.0014844858321963034	0.0012263143831186853	0.0009036000717716628	0.0005163428981552359	0.00025817144907761794	0.00019362858680821345	6.454286226940448e-05	0.0	0.0	0.0	0.0	0.0	0.0	0.0	0.0	0.0
Sor-CPnd_069-Ex1-6B-lcwgs-1-2-L2-clmp.fp2_repr.R1	0.0	4.454811285284332e-05	8.909622570568665e-05	0.00013364433855852996	0.0001781924514113733	0.00022274056426421665	0.00031183678996990325	0.0003563849028227466	0.00040093301567558997	0.0009800584827625533	0.0017819245141137332	0.002450146206906383	0.0036083971410803095	0.009845132940478375	0.02116035360510058	0.03652945253933153	0.06339196458959606	0.10834101045811496	0.17364854390038328	0.2634129912988626	0.3839156365658038	0.5359137976197051	0.7226594866988244	0.9427271641918705	1.180569538713201	1.4502192658114617	1.7419648568847326	2.038655288484669	2.3548577935141513	2.661081521264596	2.9444075190086796	3.2196703083263984	3.4805440571926494	3.7002108016700195	3.8951087954012094	4.031648761295174	4.130010994474252	4.199238761847571	4.177588379001089	4.111701720091734	4.02077902175908	3.8794278596770084	3.712372436478846	3.531685290747713	3.3328225149726207	3.1377908769028724	2.925519119159074	2.70923803125852	2.4938479056150222	2.267365299871167	2.049435931795057	1.8466529220889145	1.650819417987815	1.4497737846829333	1.2710913040301788	1.1166875448822238	0.9648230281668809	0.8422266215958559	0.7273370385483731	0.6177932290432312	0.5294988693688958	0.44267459741870413	0.37380321494820834	0.312772300339813	0.25000400933015676	0.20131292198199902	0.16264516002573098	0.12932317161180418	0.10246065956153966	0.08005295879655946	0.059961759899927115	0.045038142094224604	0.034881172363776324	0.02784257053302708	0.022452248877833036	0.0190220441881641	0.01688373477122762	0.012829856501618879	0.009399651811949943	0.007172246169307776	0.005702158445163945	0.00481119618810708	0.0035638490282274664	0.002316501868347853	0.0019155688526722632	0.0018264726269665765	0.001247347159879613	0.00066822169279265	0.00022274056426421665	8.909622570568665e-05	0.0001781924514113733	8.909622570568665e-05	0.0	4.454811285284332e-05	8.909622570568665e-05	8.909622570568665e-05	4.454811285284332e-05	0.0	0.0	0.0	0.0
Sor-CPnd_069-Ex1-6B-lcwgs-1-2-L2-clmp.fp2_repr.R2	0.0	0.0	0.0	0.0	0.00013360196234562293	0.00026720392469124587	0.00026720392469124587	0.0003562718995883278	0.0005344078493824917	0.0010688156987649835	0.002360301334772672	0.0037408549456774422	0.005522214443619081	0.011756972686414818	0.02137631397529967	0.036428801732906524	0.06390627198865631	0.10652529797691002	0.1730145412375817	0.26497722531881884	0.38352669990683486	0.5380151023658236	0.7286205686455789	0.9455010875199735	1.1842477942316016	1.4455286985921916	1.737805258216966	2.0508346559927606	2.3668478309276075	2.6638895272093754	2.9292675584152312	3.1802165776877596	3.445505540918718	3.685900005165942	3.864971168696526	4.014828036460867	4.152972465526241	4.209530629585887	4.1452235517101945	4.077220152876272	4.01776727963247	3.894319066425114	3.7240210984218938	3.542277895644398	3.3418304181385152	3.149399058373369	2.959951475767276	2.746054734051934	2.516482028754705	2.277735322043077	2.0560005985367913	1.841435847009721	1.6399640877925215	1.4500711653119427	1.2756760704634562	1.1151755796989147	0.9654523138969199	0.8472591112084921	0.7325840935284991	0.6177754738861605	0.5245658381563643	0.445607078410101	0.37319481481877337	0.30670557155810174	0.24662922249001992	0.19951226376946357	0.16339519994869683	0.13302302050879192	0.1023836371441957	0.07717740024832151	0.05931927128145658	0.04644894890882824	0.03656240369525214	0.02729933430595562	0.021242712012954044	0.017858128966864933	0.014918885795261226	0.011088962874686702	0.0091294674269509	0.007348107929009261	0.00592302033065595	0.005076874569133671	0.003473651020986196	0.00227123335987559	0.0019149614602872618	0.001692291523044557	0.0010688156987649835	0.0006234758242795737	0.00031173791213978685	0.00013360196234562293	0.00013360196234562293	4.453398744854097e-05	0.0	0.0	0.0	0.0	0.0	0.0	0.0	0.0	0.0
Sor-CPnd_069-Ex1-6B-lcwgs-1-2-L3-clmp.fp2_repr.R1	0.0	0.0	0.0	0.0	0.0	0.0	5.4812240669586334e-05	0.000328873444017518	0.000657746888035036	0.0010962448133917265	0.001479930498078831	0.0027954242741489027	0.00537159958561946	0.010523950208560576	0.02049977801042529	0.03705307469264036	0.06555543984082525	0.1078704896377459	0.17232968466517942	0.26320837969535354	0.38089026041295543	0.5277870654074468	0.7052142884548978	0.9170087864021794	1.1610328818631777	1.431421665086247	1.7191311163609058	2.0142402201259584	2.315104609161318	2.614543879939268	2.9297142637893896	3.225535926683147	3.454322219238	3.682121891460801	3.890572842727238	4.028425628011247	4.121990122834231	4.155864087568036	4.14731337802358	4.10357320996925	4.0197652939854525	3.9131006736424374	3.7555702939580464	3.555560427754726	3.3665130096853226	3.1743412938977533	2.9547634577753903	2.736501115429098	2.519554266858875	2.2800247751327825	2.057267829051584	1.8460762657516676	1.6326374005842983	1.4490712065818538	1.2803043175601976	1.1318179575862881	0.990073503214738	0.849480105897249	0.7341551515284394	0.6316014492356433	0.5306921141629349	0.44408877390498847	0.3791910809521982	0.31982942430703626	0.2611255145499093	0.20790282885974096	0.162847167029341	0.12985019814625	0.09882646992726415	0.07640826349340335	0.06188301971596297	0.049769514527984386	0.03880706639406712	0.029872671164924553	0.0252684429486793	0.02121233713912991	0.01655329668221507	0.011784631743961061	0.008715146266464227	0.007509276971733328	0.006522656639680774	0.005097538382271529	0.003946481328210216	0.0030694854774968344	0.001973240664105108	0.001479930498078831	0.0012058692947308994	0.0008769958507133813	0.0005481224066958632	0.0002740612033479316	5.4812240669586334e-05	0.0	0.0	0.0	0.0	0.0	0.0	0.0	0.0	0.0	0.0
Sor-CPnd_069-Ex1-6B-lcwgs-1-2-L3-clmp.fp2_repr.R2	0.0	0.0	0.0	5.479572155006137e-05	0.00010959144310012274	0.00010959144310012274	5.479572155006137e-05	0.0002191828862002455	0.0006027529370506751	0.0010411187094511662	0.001643871646501841	0.0030137646852533757	0.005424776433456076	0.01079475714536209	0.021260739961423813	0.0375898649833421	0.06509731720147291	0.10444064527441697	0.16575705768893564	0.2584166228300894	0.3805014904436262	0.5273540241977906	0.7067552165526916	0.9244586182710854	1.1683543748904086	1.4267162019989479	1.7163115903910224	2.017085305979309	2.3124890408556897	2.595837716991057	2.900885498860249	3.198042696826232	3.4500482202349643	3.6586007364544972	3.836851218656847	4.012252323338593	4.1040351569349465	4.129898737506575	4.149077240049097	4.1211862177801155	4.028197878309662	3.9197571453620896	3.7721374715062246	3.575585218306155	3.382704278449938	3.1839054006663163	2.9587497808171137	2.7255391899000525	2.511671488690163	2.3016942837103276	2.0777441697352272	1.8541776258109766	1.6444196037173417	1.463429335437489	1.2986038050149045	1.138545502367175	0.9861038050149044	0.8590325267403122	0.7514137296159916	0.6407811678064177	0.5327240049096966	0.4440097317201473	0.3804466947220761	0.3200070138523584	0.2580878485007891	0.20630589163598106	0.1626884972821322	0.1296466771874452	0.10027617043661231	0.07698798877783622	0.06372742416272137	0.05085042959845695	0.03956251095914431	0.030466421181834125	0.02432930036822725	0.020603191302823076	0.018027792389970192	0.013479747501315097	0.008876906891109941	0.0070686480799579164	0.005917937927406628	0.005205593547255831	0.00438365772400491	0.003123356128353498	0.002191828862002455	0.001753463089601964	0.0011507101525512888	0.0006027529370506751	0.0004931614939505523	0.0003287743293003682	0.00010959144310012274	0.0	0.0	0.0	0.0	0.0	0.0	0.0	0.0	0.0	0.0
Sor-CPnd_072-Ex1-8C-lcwgs-1-2-L2-clmp.fp2_repr.R1	0.0	0.0	0.0	0.0	3.871797055885519e-05	7.743594111771038e-05	7.743594111771038e-05	0.0002903847791914139	0.0006969234700593933	0.0012776930284422211	0.002477950115766732	0.00410410487923865	0.006930516730035078	0.012815648254981066	0.023153346394195404	0.04187348515940188	0.07358350304710427	0.11899968251264142	0.186485105196726	0.28227336435933376	0.40328638134103567	0.5538992868149824	0.7398810583944432	0.9621609273728309	1.213943889917066	1.4914355849123813	1.787608700702344	2.0866663052989414	2.3941837864626487	2.698623188966927	2.9867623258659273	3.2804962095106824	3.559962521004499	3.7947870124439556	3.9855117354168765	4.137692718698457	4.234081106404727	4.267688304849813	4.25558893905017	4.202487242428701	4.104356546047282	3.966288263034405	3.8011174006303285	3.6175361432255166	3.3986828146415875	3.15104267494715	2.9072743323085977	2.680561255701221	2.4539836919908007	2.204910987385685	1.9743454727077023	1.759092915385747	1.542582024020629	1.35383191754621	1.1810142559567598	1.0176631381689498	0.8791883164652042	0.7558909392205299	0.6414212592632745	0.5455942821301079	0.4573560272264769	0.3711504657771858	0.30451683844539607	0.25288642470516265	0.20524396193249134	0.16203470678880896	0.12236814595126182	0.09422018135497409	0.07428042651716367	0.05544413384028062	0.04152502342437219	0.03167129991714354	0.024353603481519912	0.018158728192103082	0.013783597518952445	0.010744236830082314	0.008653466419904134	0.00660141398028481	0.004723592408180333	0.003387822423899829	0.002613463012722725	0.00216820635129589	0.0012776930284422211	0.0006582054995005382	0.0006001285436622554	0.000619487528941683	0.00038717970558855186	0.00013551289695599314	5.8076955838282775e-05	3.871797055885519e-05	3.871797055885519e-05	1.9358985279427595e-05	0.0	0.0	0.0	0.0	0.0	0.0	0.0	0.0	0.0
Sor-CPnd_072-Ex1-8C-lcwgs-1-2-L2-clmp.fp2_repr.R2	0.0	1.934565264493763e-05	5.803695793481289e-05	7.738261057975052e-05	5.803695793481289e-05	3.869130528987526e-05	5.803695793481289e-05	0.00032887609496393973	0.0007157891478626923	0.0012768130745658835	0.0027083913702912682	0.004526882718915406	0.0074674219209459256	0.01265205682978921	0.02253768533135234	0.04194137493422478	0.07235274089206674	0.11796978982882966	0.1865307828024886	0.28289147862692293	0.4011901445507166	0.5500549416535115	0.7373982418670876	0.9548046862908968	1.2037832358312441	1.4788203794843222	1.7715394496548735	2.0751694679171697	2.3878919429225864	2.6836482805583928	2.964779304794627	3.235734515739623	3.4962430742563533	3.7512768130745657	3.9512721701179307	4.097796143250688	4.201817717522519	4.250588107840406	4.261982697248275	4.2198478657876	4.125886030891138	3.99036973411335	3.8192767821215217	3.6226282229857305	3.4062857894573932	3.1775427925836506	2.9393397715665333	2.705837744142136	2.4700529297056364	2.2346550283220354	2.0015399139505368	1.77101711703346	1.5643862011328815	1.3727868573374191	1.190744265948556	1.0337349490822423	0.8906738477729284	0.7602261119881141	0.649510941901136	0.5502677438326059	0.4573892654842604	0.37563453740675395	0.3102655771195097	0.2561364410189742	0.20498653542575912	0.16242609960689633	0.12547590305506548	0.09636069582443434	0.07469356486210418	0.054438666542854494	0.041167548828427276	0.03364208994954654	0.02576840932305692	0.017681926517472992	0.013097006840622776	0.011046367660259387	0.008840963258736496	0.006596867551923731	0.004875104466524283	0.003520908781378648	0.0026116631070665797	0.002089330485653264	0.0012574674219209458	0.0008125174110873804	0.0006964434952177546	0.0005803695793481289	0.0004836413161234408	0.0003095304423190021	0.00021280217909431392	0.00015476522115950104	9.672826322468814e-05	3.869130528987526e-05	0.0	0.0	0.0	0.0	0.0	0.0	0.0	0.0	0.0
Sor-CPnd_072-Ex1-8C-lcwgs-1-2-L3-clmp.fp2_repr.R1	0.0	2.48407212950561e-05	4.96814425901122e-05	4.96814425901122e-05	4.96814425901122e-05	4.96814425901122e-05	0.0001242036064752805	0.0003229293768357293	0.0004471329833110098	0.0007700623601467391	0.0015649654415885346	0.0035770638664880785	0.007029924126500877	0.01336430805674018	0.023325437296057676	0.04128527879238324	0.07072153352702472	0.11767049677468074	0.1883175081378203	0.28119696506003505	0.40428273907703804	0.5554633688787495	0.7318821715162379	0.9514244663219438	1.2126246507394587	1.4872139839350087	1.7772542457760838	2.079342257445261	2.3780270902970155	2.670874353644432	2.9762910219671466	3.2724669419681005	3.5312824171412895	3.773057157506071	3.9644052336418887	4.110617719184589	4.211446206921221	4.246446783225955	4.2473162084712826	4.203671061155869	4.099489076044403	3.958344097645895	3.7939730448365085	3.596961284245418	3.388299225366947	3.1777741123913468	2.933440777733175	2.6915666744832136	2.4663358545009397	2.224163662595438	1.98373032118059	1.7540530120865014	1.5487941320254528	1.3746855164684046	1.1970495184874583	1.0323058548586463	0.8993334737662111	0.773564901849342	0.6589498137939531	0.556556360615732	0.46725396756000526	0.38679487128531853	0.3142102836611646	0.2589396787796648	0.20977989133674876	0.1646691414649269	0.12892334352134116	0.10135014288382889	0.07834763496460695	0.0592451202887088	0.044266165347789974	0.03283943355206416	0.025958553753333627	0.020493595068421282	0.01535156576034467	0.011873864779036816	0.009563677698596599	0.0071789684542712135	0.005017825701601333	0.004024196849799088	0.0028070015063413395	0.001763691211948983	0.0012420360647528049	0.0010184695730973002	0.0008694252453269636	0.0005216551471961781	0.0003477700981307854	0.00027324793424561713	9.93628851802244e-05	4.96814425901122e-05	4.96814425901122e-05	2.48407212950561e-05	0.0	2.48407212950561e-05	4.96814425901122e-05	4.96814425901122e-05	2.48407212950561e-05	0.0	0.0	0.0	0.0
Sor-CPnd_072-Ex1-8C-lcwgs-1-2-L3-clmp.fp2_repr.R2	0.0	0.0	0.0	0.0	2.482742457180141e-05	7.448227371540422e-05	0.00012413712285900703	0.0003227565194334183	0.0006455130388668366	0.0014151632005926802	0.0025820521554673465	0.004692383244070467	0.008068912985835458	0.013679910939062576	0.024256393806649974	0.04302592678293184	0.0721484958056549	0.1180544038389157	0.18595741004279254	0.2783650842990374	0.3981574078579792	0.5476185037802237	0.7312669633378387	0.9527027630937355	1.2020197606437653	1.4676235487128966	1.758625792118981	2.067776882887052	2.363272890140632	2.656782703428469	2.960868999583892	3.2496367747785144	3.498631015809111	3.7131896189586184	3.9106421265781552	4.075074159517196	4.184538274454268	4.233274508888715	4.241988934913417	4.215349108347874	4.127857264156845	3.981698215702651	3.7931835809289627	3.5964510686220086	3.393710319568678	3.1803930876477606	2.9644689761468035	2.7275408634581026	2.489992065155107	2.25601841599045	2.020952360144635	1.790504205269174	1.5765662877339615	1.3888461305465707	1.2057438743295354	1.037786347101299	0.8979086370637697	0.7774708004659612	0.6683790968974657	0.5639052942993255	0.4725155444505244	0.392173998536175	0.32134135623282567	0.2597941707193299	0.20887312292256527	0.16763477070880312	0.13091500976710882	0.10179244074438576	0.07813190512745903	0.05859272198945133	0.04342316557608066	0.033715642568506315	0.027037065358691735	0.020755726942025977	0.015566795206519483	0.011941991219036477	0.009210974516138322	0.006976506304676196	0.005437205981224508	0.004096525054347233	0.002706189278326353	0.0015393003234516873	0.0010179244074438579	0.0008937872845848506	0.0006951678880104395	0.00042206621772062394	0.00034758394400521975	0.0002979290948616169	0.00012413712285900703	7.448227371540422e-05	7.448227371540422e-05	2.482742457180141e-05	0.0	0.0	0.0	0.0	0.0	0.0	0.0	0.0	0.0
Undetermined-L2-clmp.fp2_repr.R1	0.0	4.549583477491275e-06	1.0535877526821902e-05	1.652217157615253e-05	4.884815944253791e-05	0.00010559822703019224	0.00017623649681229364	0.00037043187577257914	0.0007116506365844248	0.0012939973217033082	0.0023382464556685424	0.004140599868041007	0.007203906258964475	0.013301066474088704	0.02460654196389255	0.04443554237289532	0.0776807855534959	0.12823096812013948	0.2029320159476406	0.307365789059357	0.4437558365169722	0.6134110016514318	0.8159563030034857	1.0524556247515808	1.3155834191416704	1.60278593313231	1.9131422352469507	2.2340020889005467	2.5583632062177153	2.8692908402364243	3.1613451258281655	3.439296660446731	3.695601755782918	3.913177204782269	4.088415427198896	4.213076887903301	4.277845237192391	4.284424174352605	4.239126845088368	4.153517572244176	4.024358489094629	3.856294002014958	3.659893751230423	3.449231274599239	3.231123524333021	3.0049242201262043	2.773611423542449	2.5444297476402555	2.3168933447945803	2.0847817371328823	1.8657690986581679	1.6585532906888263	1.4622959926061894	1.2854795436263966	1.1172175088430971	0.9649685711899953	0.8324899682642128	0.7157069494322513	0.6132168062724714	0.5218183081790535	0.44078136672974083	0.369448926289679	0.30741128489413194	0.2524867975397615	0.203742320710158	0.16333028629369878	0.12931975528183176	0.1022494941389967	0.08027763991209554	0.06170552180169023	0.047691128528683284	0.03701636897991691	0.028678179724485272	0.022309481211283403	0.01738515572630403	0.013462935865182605	0.010443928050224182	0.008000322819287422	0.006037776178154869	0.004454281676225932	0.0032390639842118153	0.002343035490908007	0.0016668237150956194	0.0011879201911491695	0.0008558005972923063	0.0006261663575599835	0.00045759231713083303	0.00031679468109057675	0.00020544961177302708	0.00012188094684437154	6.560978278066365e-05	3.4241601962171176e-05	1.9156140957858003e-05	9.578070478929002e-06	5.267938763410951e-06	5.267938763410951e-06	2.6339693817054754e-06	0.0	0.0	0.0	0.0
Undetermined-L2-clmp.fp2_repr.R2	0.0	4.067845167992649e-06	1.268210552374179e-05	2.3449930968428214e-05	7.130693294481232e-05	0.0001481174211169088	0.0002340207396645183	0.0005269055917599891	0.0009951863560989076	0.0016130202516140264	0.00277714182468957	0.004782350207500064	0.008157465271884554	0.014707174562372482	0.026484304178740852	0.046650287671549585	0.08052490938049355	0.1316464767466967	0.20700857275397794	0.31228368784659805	0.4492152526065567	0.6192229449974834	0.8221653475785379	1.058360948697873	1.3211691107612455	1.608003641381852	1.916846889356368	2.235677175788325	2.557737809853689	2.8656775176308904	3.155594039178776	3.4310654032501096	3.683884851860971	3.9013939687035974	4.075899501425275	4.20069835904418	4.267262184523114	4.275715645352221	4.235053225767958	4.1521328341535355	4.023123756785758	3.854994930292424	3.66021860724361	3.451209851092029	3.233166889392356	3.005746348155411	2.77377771673564	2.5461851295765894	2.3189505127923224	2.0855959425953157	1.866295777453723	1.660485304744224	1.4645477315424529	1.286780744136085	1.1186918782394017	0.9666303223046091	0.8343822830430692	0.7175408484277868	0.6145272159635606	0.5230308495949711	0.4419292633406621	0.37021674230409995	0.30814118575552224	0.2536995388772075	0.20488898613644388	0.16402149929871068	0.12946826530174158	0.10222686335173434	0.08031792784694569	0.061746778944999955	0.0476691632436268	0.03679365954449351	0.028455534090148112	0.022162099045243716	0.01732303829040164	0.013429153324593143	0.010392626549191573	0.007955030153524448	0.00601777871352042	0.004479654669999435	0.0032760510702933743	0.00238591083353263	0.0016845664695687207	0.0011863750789945621	0.0008652545957330247	0.0006360195562661448	0.0004565557988547044	0.0003201633432220097	0.0002143993688542008	0.0001339996055338755	7.609263314245074e-05	4.043916667004457e-05	2.7039206116657023e-05	1.74678057213802e-05	1.0767825444686425e-05	8.853545365631061e-06	7.1785502964576175e-06	5.264270217402252e-06	2.153565088937285e-06	2.3928500988192056e-07	0.0
Undetermined-L3-clmp.fp2_repr.R1	0.0	2.7120455062300937e-06	7.396487744263892e-06	1.3067128348199543e-05	4.53651248314852e-05	9.788018781575884e-05	0.0001582848377272473	0.0003367867419554825	0.0006632184010689956	0.0011881224813202564	0.002187881074753259	0.0038949904461293657	0.0068925403792880445	0.012888872993562783	0.024022312895820266	0.043411219319042155	0.07605857657344856	0.12593827097444096	0.199755958310969	0.30344707344821303	0.43885654697918397	0.6071246707644556	0.8077124873970628	1.0426535379074953	1.3050153408826457	1.5890224721422013	1.8979957081337457	2.2195446991376784	2.54280449775686	2.8519550029046745	3.144323123910346	3.4253070640792296	3.682289648067569	3.90242046461807	4.078508401796169	4.203132563448046	4.27272365113791	4.283801124282903	4.241178370557399	4.155657713762305	4.027999512837732	3.86390719948328	3.670768139108329	3.462634425679024	3.245496967718626	3.017951665303683	2.786067583177955	2.5577996439103976	2.3308936445861503	2.0980236106441117	1.8766674426239778	1.6682201181143157	1.4721323246253184	1.2943037473314025	1.1245223021536546	0.9713370961764858	0.8387903099521365	0.7212403957284652	0.6178056921663556	0.5257522108459365	0.44359202498265315	0.37165033348766185	0.3095787617882078	0.2549517550033554	0.20594188756108842	0.1647878297520041	0.1299289226620628	0.10282079507933563	0.08085076098295713	0.062106335191852095	0.0481183441194917	0.03740058682846184	0.02895700296920166	0.022472995262988456	0.017393580579410966	0.013429063148485522	0.010556513858204901	0.008081402509382728	0.006043916685429502	0.004512597172775401	0.003344691757956132	0.0024324582694969185	0.0017029180283210234	0.0012036551055832107	0.0008722924546401884	0.0006439875329339095	0.00046721147584600256	0.0003148438283141663	0.00020364996255873248	0.00012647994042691257	7.569072458296716e-05	4.1666880959353254e-05	2.2189463232791678e-05	1.0601632433444912e-05	3.698243872131946e-06	2.9585950977055567e-06	1.9723967318037043e-06	9.861983659018522e-07	7.396487744263892e-07	2.4654959147546304e-07	0.0
Undetermined-L3-clmp.fp2_repr.R2	0.0	5.913031895574043e-06	1.4289827080970604e-05	2.0941987963491404e-05	6.18404585745452e-05	0.00013821712055904327	0.00022370970671588465	0.0004856077444240183	0.0009239112336834443	0.0015639969363793343	0.002711371500449681	0.004615614147153505	0.007824665832147335	0.014079421696019763	0.02557952960392433	0.04537389662701641	0.07847381729679498	0.12889571852832876	0.20346200724746522	0.308077831307251	0.4443012746121699	0.6123067716031413	0.813332856085959	1.0483992796862807	1.3094303190927257	1.5941802540666212	1.9028168668880039	2.221497503513006	2.5419963974458977	2.8487713907254903	3.138126345664393	3.4157732510737304	3.6712578665621267	3.890229017342696	4.067032120288965	4.193436974131283	4.26125402969428	4.274352627224622	4.237329163515801	4.154526760495117	4.02860800714988	3.8636053448565444	3.668626320992267	3.46130359666965	3.245851192619606	3.0202128520004483	2.788149509474091	2.5585063216273274	2.331702867348412	2.0993022356276785	1.8784948420672047	1.6698609029217444	1.4739062287946973	1.2958027515840593	1.12610218544969	0.9735688755424752	0.8406609184966705	0.7229573374650183	0.6195462936539559	0.5274858073191055	0.44518995403080885	0.3728711101846485	0.3108015216241498	0.25621832419610585	0.20673905879925814	0.16569177688549908	0.1307511786618941	0.10309026183072768	0.08094891389775069	0.06215138550172081	0.04800692045484973	0.0372003619130302	0.02893320419403074	0.022513129813411224	0.017422009351321974	0.013453872196733826	0.0105626459761271	0.008093708783395954	0.0060793359176370635	0.0045323389479575045	0.0033544137190933583	0.0024514444733734053	0.0017307937111003188	0.0012373019241488684	0.0008973025901533611	0.0006533900244609318	0.00046811502506627844	0.0003116660561625485	0.00019266628926412093	0.00011776788525351636	7.686941464246256e-05	4.878251313848585e-05	3.0057912135834718e-05	1.7246343028757625e-05	9.362300501325569e-06	6.652160882520799e-06	3.4492686057515254e-06	1.9710106318580147e-06	1.4782579738935107e-06	4.927526579645037e-07	0.0
