Sample	0.0	1.0	2.0	3.0	4.0	5.0	6.0	7.0	8.0	9.0	10.0	11.0	12.0	13.0	14.0	15.0	16.0	17.0	18.0	19.0	20.0	21.0	22.0	23.0	24.0	25.0	26.0	27.0	28.0	29.0	30.0	31.0	32.0	33.0	34.0	35.0	36.0	37.0	38.0	39.0	40.0	41.0	42.0	43.0	44.0	45.0	46.0	47.0	48.0	49.0	50.0	51.0	52.0	53.0	54.0	55.0	56.0	57.0	58.0	59.0	60.0	61.0	62.0	63.0	64.0	65.0	66.0	67.0	68.0	69.0	70.0	71.0	72.0	73.0	74.0	75.0	76.0	77.0	78.0	79.0	80.0	81.0	82.0	83.0	84.0	85.0	86.0	87.0	88.0	89.0	90.0	91.0	92.0	93.0	94.0	95.0	96.0	97.0	98.0	99.0	100.0
Sor-ACeb_001-Ex1-8E-lcwgs-1-2-L2-clmp.fp2_repr.R1	0.0	0.0	0.0	0.0	0.0	1.5	2.5	3.0	9.0	23.5	48.0	100.5	217.0	445.0	834.0	1508.5	2711.5	4292.0	6583.0	9643.5	13079.0	16747.5	20525.0	24507.0	28264.0	31780.0	34981.5	37509.0	39837.0	41616.0	42551.0	42814.5	42603.0	41860.0	40486.5	38730.0	36652.0	34210.0	31211.0	28224.5	25738.5	23188.0	20339.5	17978.5	15995.5	13865.0	11947.0	10323.5	8906.0	7665.5	6587.0	5643.5	4779.5	3965.5	3272.0	2762.5	2309.0	1996.0	1708.5	1446.0	1247.5	1086.0	991.5	868.0	710.5	610.0	543.0	500.5	453.0	386.5	333.0	287.5	235.0	199.5	171.5	132.5	96.0	66.5	50.5	36.0	23.5	19.5	16.5	9.5	4.5	3.0	3.0	3.5	2.0	0.0	0.0	0.0	0.0	0.0	0.0	0.0	0.0	0.0	0.0	0.0	0.0
Sor-ACeb_001-Ex1-8E-lcwgs-1-2-L2-clmp.fp2_repr.R2	0.0	0.0	0.0	0.0	0.5	1.5	3.5	9.5	15.5	26.5	55.0	115.0	232.5	448.0	836.5	1531.0	2703.0	4332.0	6665.5	9667.0	13079.5	16812.5	20628.5	24525.0	28175.0	31618.0	34931.5	37662.0	39851.0	41521.5	42573.0	42855.5	42584.0	41908.5	40644.5	38768.5	36566.0	34210.0	31249.0	28105.0	25572.0	23122.5	20373.0	18059.0	15977.0	13805.0	11986.5	10363.0	8875.5	7620.0	6595.5	5626.0	4802.5	4049.5	3272.0	2733.0	2306.0	2006.5	1740.0	1486.0	1260.5	1078.5	988.5	854.5	694.5	605.0	531.5	480.5	457.5	398.5	334.0	292.5	228.5	180.5	161.0	134.0	109.0	77.0	50.5	34.0	24.5	18.5	12.5	8.5	5.0	4.0	3.0	2.0	1.0	0.0	0.0	0.0	0.0	0.0	0.0	0.0	0.0	0.0	0.0	0.0	0.0
Sor-ACeb_001-Ex1-8E-lcwgs-1-2-L3-clmp.fp2_repr.R1	0.0	0.0	0.0	0.5	1.0	2.0	2.5	4.5	13.5	29.5	50.0	92.5	180.0	377.0	733.5	1348.5	2459.5	3955.0	6011.0	8717.5	11763.5	15027.5	18457.0	22138.0	25541.5	28484.5	31299.0	33754.5	35760.0	37388.5	38486.5	38998.0	38973.5	38375.5	37158.0	35338.5	33455.0	31471.0	28835.5	26042.5	23584.5	21197.0	18842.0	16646.5	14560.0	12829.5	11184.5	9660.5	8445.5	7113.0	5937.0	4991.5	4200.0	3577.0	3005.5	2556.0	2173.0	1842.5	1574.5	1330.0	1138.0	1002.5	852.0	746.5	665.5	565.0	478.5	419.0	378.0	326.5	284.5	266.5	226.0	169.5	134.5	106.5	80.0	61.5	51.0	44.5	34.0	18.5	10.0	5.5	3.5	2.5	2.0	1.5	0.5	0.0	0.0	0.0	0.0	0.0	0.0	0.0	0.0	0.0	0.0	0.0	0.0
Sor-ACeb_001-Ex1-8E-lcwgs-1-2-L3-clmp.fp2_repr.R2	0.0	0.0	0.0	0.5	0.5	0.5	2.0	7.5	17.0	29.5	44.5	83.5	184.5	384.0	729.5	1365.5	2452.0	3946.0	6061.0	8752.5	11769.5	15068.5	18621.5	22234.0	25532.5	28404.5	31217.0	33750.5	35810.5	37478.0	38406.5	38854.5	38908.5	38460.5	37159.0	35313.5	33542.5	31480.5	28850.0	26042.5	23577.5	21177.0	18816.0	16611.0	14549.5	12842.0	11147.0	9626.5	8397.5	7073.5	5934.5	5016.0	4246.5	3599.0	3015.5	2566.0	2176.5	1843.0	1568.5	1335.0	1148.0	1004.5	863.5	737.0	646.5	551.5	469.0	432.5	388.5	342.5	307.5	265.0	210.5	176.5	137.0	104.0	84.5	62.0	52.0	44.5	31.5	16.5	10.0	6.5	4.5	3.0	1.5	0.5	0.0	0.0	0.0	0.0	0.0	0.0	0.0	0.0	0.0	0.0	0.0	0.0	0.0
Sor-ACeb_002-Ex1-9E-lcwgs-1-2-L2-clmp.fp2_repr.R1	0.0	0.0	0.0	0.0	0.0	0.0	0.0	0.0	0.0	0.0	0.5	2.0	6.0	14.5	23.0	40.0	84.5	155.0	245.0	379.5	564.0	777.0	1056.5	1374.0	1703.5	2145.5	2657.5	3165.0	3628.0	4121.0	4585.0	4987.5	5378.0	5654.5	5854.0	5950.0	5992.0	5972.0	5770.5	5503.0	5192.0	4851.0	4528.5	4172.5	3869.5	3566.0	3223.5	2937.0	2637.5	2313.0	2044.5	1769.5	1522.5	1338.5	1149.5	956.0	818.0	728.0	641.0	553.5	482.5	435.5	367.5	323.0	313.5	294.5	258.5	248.0	237.0	204.0	175.0	152.5	141.5	123.0	89.0	61.0	49.5	36.5	28.0	21.0	14.0	8.5	4.5	4.0	3.0	1.5	0.5	0.5	1.0	0.5	0.0	0.0	0.0	0.0	0.0	0.0	0.0	0.0	0.0	0.0	0.0
Sor-ACeb_002-Ex1-9E-lcwgs-1-2-L2-clmp.fp2_repr.R2	0.0	0.0	0.0	0.0	0.0	0.0	0.0	0.5	1.5	1.0	0.0	1.0	4.5	10.0	18.5	42.0	88.5	152.0	247.0	375.5	557.0	796.0	1069.0	1389.5	1729.5	2152.5	2654.0	3158.0	3616.0	4087.0	4555.0	5014.5	5424.5	5685.5	5854.5	5893.0	5954.0	5971.0	5758.0	5481.5	5181.0	4849.0	4565.0	4221.5	3856.5	3537.0	3214.5	2953.0	2666.0	2317.0	2016.5	1771.5	1559.0	1347.0	1131.0	939.5	802.0	709.5	630.0	556.0	491.0	435.0	376.0	338.5	312.5	291.0	265.0	255.0	239.0	191.5	158.5	149.5	134.0	104.5	81.0	67.5	58.5	42.5	29.0	19.5	13.5	8.5	6.0	3.5	1.5	0.5	0.0	0.0	0.0	0.0	0.0	0.0	0.0	0.0	0.0	0.0	0.0	0.0	0.0	0.0	0.0
Sor-ACeb_002-Ex1-9E-lcwgs-1-2-L3-clmp.fp2_repr.R1	0.0	0.0	0.0	0.0	0.0	0.0	0.0	0.0	0.0	0.5	2.0	2.5	4.0	8.0	19.5	42.5	83.5	148.0	245.5	404.0	582.0	781.5	1079.0	1425.5	1791.0	2241.0	2725.5	3210.5	3761.0	4291.0	4790.5	5205.5	5509.5	5835.0	6127.5	6292.5	6265.5	6036.5	5836.0	5681.0	5391.0	5033.0	4715.0	4432.5	4096.0	3723.5	3366.0	3027.5	2727.0	2418.0	2116.0	1818.0	1574.5	1394.0	1171.0	1024.5	941.0	781.5	652.5	599.0	532.5	459.0	404.0	377.0	359.0	317.0	273.5	248.5	226.5	207.5	176.5	159.5	136.5	94.5	71.0	59.5	54.5	45.0	31.0	21.5	15.5	10.5	5.5	2.5	2.5	2.5	1.5	1.0	0.5	0.0	0.0	0.0	0.0	0.0	0.0	0.0	0.0	0.0	0.0	0.0	0.0
Sor-ACeb_002-Ex1-9E-lcwgs-1-2-L3-clmp.fp2_repr.R2	0.0	0.0	0.0	0.0	0.0	0.0	0.0	0.0	0.5	1.0	2.0	4.0	6.5	7.5	18.5	41.0	85.0	159.5	254.5	404.5	577.0	793.5	1098.0	1426.5	1794.0	2226.5	2722.5	3277.0	3803.0	4269.0	4730.0	5196.0	5559.0	5849.5	6088.5	6242.5	6248.5	6053.0	5852.5	5676.5	5398.5	5027.0	4674.5	4390.0	4060.5	3697.5	3366.5	3031.5	2742.0	2441.0	2111.5	1826.5	1596.0	1391.5	1172.0	1024.0	948.5	792.0	651.5	584.5	516.5	460.0	421.5	390.0	362.5	323.0	272.5	249.0	230.0	212.5	188.5	152.5	121.0	90.5	70.0	63.0	54.0	44.0	31.0	20.0	14.5	10.0	5.0	1.5	1.5	2.0	2.0	1.5	0.5	0.0	0.0	0.0	0.0	0.0	0.0	0.0	0.0	0.0	0.0	0.0	0.0
Sor-ACeb_003-Ex1-10E-lcwgs-1-2-L2-clmp.fp2_repr.R1	0.0	0.0	0.0	0.0	0.0	0.5	0.5	0.0	0.5	2.5	5.0	9.5	18.5	39.5	88.5	172.0	332.5	614.0	1023.5	1602.0	2283.5	3135.0	4175.5	5413.0	6780.0	8271.0	9885.0	11473.5	13134.0	14547.0	15828.0	17134.5	18173.5	18850.5	19327.5	19640.5	19648.0	19455.0	18962.0	18147.0	17127.0	16040.0	14824.0	13663.5	12501.5	11247.5	10048.0	8918.0	7877.0	6822.0	5952.5	5172.5	4433.5	3779.5	3170.0	2711.5	2320.0	1961.0	1684.5	1398.5	1088.0	852.5	700.5	580.0	445.0	337.5	286.0	239.0	179.5	142.5	120.5	91.5	71.5	54.0	42.0	30.5	21.0	14.5	8.5	5.5	4.5	5.0	4.0	2.0	1.0	1.0	0.5	0.0	0.5	1.0	0.5	0.0	0.0	0.0	0.0	0.0	0.0	0.0	0.0	0.0	0.0
Sor-ACeb_003-Ex1-10E-lcwgs-1-2-L2-clmp.fp2_repr.R2	0.0	0.0	0.0	0.0	0.0	0.0	0.5	0.5	0.0	2.5	8.0	11.0	16.5	38.5	90.0	182.0	343.0	601.5	1022.5	1605.0	2276.0	3139.5	4183.5	5420.0	6812.0	8357.5	9944.0	11481.0	13128.0	14559.0	15849.5	17132.0	18188.5	18862.5	19320.0	19730.0	19699.0	19270.5	18818.5	18185.0	17181.5	16025.5	14793.5	13679.0	12549.5	11250.5	10011.0	8904.0	7869.0	6795.5	5937.0	5172.5	4430.0	3790.5	3166.5	2710.5	2348.5	1979.5	1684.5	1391.0	1076.5	842.0	685.0	577.5	453.0	337.5	282.5	241.0	181.0	138.5	114.0	91.0	76.5	58.5	41.5	29.5	21.0	14.0	6.5	4.5	5.0	4.0	3.5	3.0	2.0	1.5	0.5	0.0	0.5	1.0	0.5	0.0	0.0	0.0	0.0	0.0	0.0	0.0	0.0	0.0	0.0
Sor-ACeb_003-Ex1-10E-lcwgs-1-2-L3-clmp.fp2_repr.R1	0.0	0.0	0.0	0.0	0.0	0.5	1.0	0.5	0.5	0.5	2.0	9.0	22.5	42.0	88.0	177.0	322.5	552.5	932.5	1473.5	2133.0	3009.5	4095.0	5275.5	6575.0	8040.5	9677.0	11325.5	12820.0	14225.5	15558.0	16631.0	17673.5	18554.0	19030.0	19263.5	19226.5	18956.0	18471.5	17710.5	16740.0	15696.5	14555.0	13354.5	12161.5	10986.0	9853.5	8801.5	7806.5	6761.5	5847.0	5095.0	4390.0	3760.0	3188.5	2711.0	2288.0	1922.0	1631.5	1372.5	1099.5	882.5	738.5	600.0	472.0	380.0	302.5	246.5	195.5	150.0	126.0	98.5	66.0	53.5	46.5	30.5	26.0	25.0	18.5	10.5	6.5	5.5	4.5	4.5	5.5	4.5	2.5	1.5	0.5	0.0	0.0	0.0	0.0	0.0	0.0	0.0	0.0	0.0	0.0	0.0	0.0
Sor-ACeb_003-Ex1-10E-lcwgs-1-2-L3-clmp.fp2_repr.R2	0.0	0.0	0.0	0.0	0.0	0.0	0.5	0.5	0.5	1.5	3.5	9.5	24.0	43.5	82.0	161.0	326.5	578.0	947.5	1508.5	2164.0	2985.0	4133.5	5377.0	6646.5	8064.5	9663.5	11287.0	12823.5	14223.0	15559.0	16717.0	17717.5	18528.0	18987.5	19191.5	19146.0	18922.5	18426.5	17653.0	16752.5	15770.5	14602.0	13315.0	12093.5	10956.5	9863.0	8810.5	7760.0	6709.0	5826.5	5088.5	4393.5	3760.5	3174.5	2710.5	2295.5	1906.5	1607.5	1355.5	1102.0	893.5	749.5	607.0	475.5	385.0	294.0	232.0	199.0	154.5	120.5	96.5	68.5	54.0	44.0	31.5	27.5	25.0	19.0	10.0	5.5	4.5	4.0	4.5	6.0	5.0	2.5	1.5	0.5	0.0	0.0	0.0	0.0	0.0	0.0	0.0	0.0	0.0	0.0	0.0	0.0
Sor-ACeb_004-Ex1-11E-lcwgs-1-2-L2-clmp.fp2_repr.R1	0.0	0.0	0.0	0.0	0.0	0.0	0.5	1.0	1.5	3.0	4.5	7.5	10.0	14.5	33.0	77.5	174.5	331.0	527.5	796.5	1230.0	1809.0	2436.5	3322.5	4438.5	5550.0	6781.5	8060.0	9439.5	10843.5	11974.0	13091.5	14329.0	15216.0	15739.0	16038.0	16112.0	15937.5	15506.5	14958.0	14300.0	13554.0	12581.5	11482.5	10434.0	9409.5	8437.5	7474.5	6596.5	5786.5	5077.0	4426.0	3778.5	3247.0	2759.0	2363.0	2003.0	1643.5	1364.5	1147.5	960.5	815.5	671.0	537.5	448.5	389.5	353.0	307.5	239.5	187.5	154.0	129.5	118.0	98.0	77.0	60.5	48.0	41.0	34.0	26.5	16.5	9.5	7.5	5.0	3.5	3.5	2.5	1.5	1.5	2.0	2.0	1.5	0.5	0.0	0.0	0.0	0.0	0.0	0.0	0.0	0.0
Sor-ACeb_004-Ex1-11E-lcwgs-1-2-L2-clmp.fp2_repr.R2	0.0	0.0	0.0	0.0	0.0	0.0	0.5	1.0	2.0	4.0	4.0	5.5	9.0	16.5	35.0	81.0	179.5	328.0	522.5	802.5	1244.0	1817.0	2450.0	3348.0	4452.0	5535.0	6770.5	8078.5	9442.0	10846.0	12004.5	13078.0	14281.5	15214.5	15726.0	16015.5	16125.0	15942.0	15509.5	14932.0	14255.5	13516.0	12555.0	11473.0	10390.5	9387.0	8463.0	7492.5	6600.5	5792.0	5083.0	4433.5	3789.0	3248.0	2749.0	2355.0	2007.0	1652.5	1363.5	1137.0	962.0	822.5	671.5	526.0	438.0	393.0	352.5	307.5	247.0	186.5	149.5	130.0	119.5	102.0	76.0	55.0	46.5	41.5	33.0	26.5	20.0	11.0	7.5	4.5	3.0	3.5	2.5	1.5	1.5	2.0	2.0	1.5	0.5	0.0	0.0	0.0	0.0	0.0	0.0	0.0	0.0
Sor-ACeb_004-Ex1-11E-lcwgs-1-2-L3-clmp.fp2_repr.R1	0.0	0.0	0.0	0.0	0.0	0.0	0.0	0.0	0.0	0.5	1.5	3.5	10.5	24.0	46.5	97.0	189.0	317.5	489.0	754.5	1163.0	1699.0	2300.0	3047.5	3906.0	4902.5	6045.5	7151.0	8294.0	9476.5	10602.5	11736.5	12783.0	13395.0	13840.0	14288.5	14467.0	14347.0	13994.0	13565.5	13033.5	12167.5	11228.5	10411.5	9526.0	8611.0	7754.5	6957.0	6141.0	5324.5	4635.0	4033.5	3466.0	2931.0	2466.5	2168.5	1902.5	1607.0	1358.0	1141.0	922.5	742.0	622.5	534.0	448.0	380.0	321.5	268.5	234.5	199.0	163.5	125.0	89.5	74.0	66.0	58.0	46.5	29.5	20.0	17.0	15.0	11.0	7.0	4.0	1.5	1.0	0.5	0.0	0.0	0.0	0.0	0.0	0.0	0.0	0.0	0.0	0.0	0.0	0.0	0.0	0.0
Sor-ACeb_004-Ex1-11E-lcwgs-1-2-L3-clmp.fp2_repr.R2	0.0	0.0	0.0	0.0	0.0	0.0	0.0	0.0	0.0	0.5	2.0	6.5	14.0	24.5	48.5	96.0	188.0	312.0	480.5	758.5	1171.0	1720.0	2325.5	3044.0	3913.5	4907.5	6026.0	7124.5	8307.0	9522.5	10611.5	11702.0	12759.0	13396.0	13858.0	14309.0	14448.0	14287.0	13939.5	13573.0	13038.5	12174.5	11245.5	10391.0	9483.5	8593.0	7765.0	6932.0	6106.0	5323.5	4647.0	4018.5	3444.5	2936.0	2473.0	2175.5	1906.0	1610.5	1365.0	1132.5	908.0	733.5	620.5	534.5	447.5	378.0	315.0	265.0	233.0	197.5	159.5	121.0	88.0	73.0	68.0	60.0	45.0	28.0	18.5	15.5	13.0	10.5	8.5	4.5	1.5	1.0	0.5	0.0	0.0	0.0	0.0	0.0	0.0	0.0	0.0	0.0	0.0	0.0	0.0	0.0	0.0
Sor-ACeb_005-Ex1-12E-lcwgs-1-2-L2-clmp.fp2_repr.R1	0.0	0.0	0.0	0.0	0.0	0.0	0.0	0.0	0.0	0.0	0.0	0.5	2.5	6.0	10.5	22.5	42.5	71.0	119.5	180.5	269.0	356.0	435.0	559.0	689.5	854.5	1060.0	1259.5	1401.0	1496.5	1645.5	1815.5	1963.0	2041.0	2064.0	2053.5	2005.5	1910.5	1790.0	1691.5	1588.5	1470.0	1374.5	1284.5	1174.0	1052.0	937.5	841.0	765.5	679.5	595.0	555.5	486.0	415.5	371.0	318.5	284.5	272.5	255.0	233.5	232.0	243.5	234.5	239.5	247.0	222.5	200.5	192.0	196.5	190.5	173.5	158.5	129.0	107.0	84.0	66.5	59.0	41.5	29.0	18.0	13.0	10.5	5.0	3.0	2.5	1.5	0.5	0.0	0.5	0.5	0.0	0.0	0.0	0.0	0.0	0.0	0.0	0.0	0.0	0.0	0.0
Sor-ACeb_005-Ex1-12E-lcwgs-1-2-L2-clmp.fp2_repr.R2	0.0	0.0	0.0	0.0	0.0	0.0	0.0	0.0	0.0	0.0	0.0	0.5	2.0	3.5	7.0	14.0	43.0	79.0	120.5	184.0	262.0	345.0	430.5	555.5	705.5	873.5	1066.0	1239.0	1371.5	1499.5	1663.0	1844.0	1973.0	2036.5	2068.0	2062.5	2015.0	1906.0	1794.0	1687.5	1569.5	1470.5	1382.5	1277.5	1153.0	1031.5	932.0	869.0	784.0	667.0	599.0	559.0	481.0	426.0	379.5	315.0	275.5	254.5	251.0	243.5	237.0	236.5	235.0	244.0	247.0	227.5	200.5	180.5	193.0	202.5	170.0	152.5	133.5	100.5	78.5	67.0	60.0	44.5	26.0	16.0	13.5	10.5	5.0	2.5	2.0	1.5	0.5	0.0	0.0	0.0	0.0	0.0	0.0	0.0	0.0	0.0	0.0	0.0	0.0	0.0	0.0
Sor-ACeb_005-Ex1-12E-lcwgs-1-2-L3-clmp.fp2_repr.R1	0.0	0.0	0.0	0.0	0.0	0.0	0.0	0.0	0.5	0.5	0.0	2.0	5.0	7.5	11.0	16.0	31.0	72.5	127.0	181.5	253.0	351.5	474.0	639.5	836.0	995.0	1120.5	1264.5	1458.5	1700.5	1837.0	1905.0	1996.5	2069.5	2133.5	2181.0	2158.0	2026.5	1879.0	1792.0	1676.0	1513.0	1382.5	1289.5	1175.5	1046.0	956.5	906.5	854.0	755.5	650.5	574.0	512.0	454.0	394.0	321.0	286.5	276.5	256.0	252.5	257.0	256.0	261.0	262.5	248.5	234.5	252.0	261.5	235.5	206.0	180.5	166.0	144.0	115.0	90.5	76.0	66.5	51.5	38.5	25.0	17.0	11.0	4.5	2.0	1.5	0.5	0.0	0.5	1.0	1.0	0.5	0.0	0.0	0.0	0.0	0.0	0.0	0.0	0.0	0.0	0.0
Sor-ACeb_005-Ex1-12E-lcwgs-1-2-L3-clmp.fp2_repr.R2	0.0	0.0	0.0	0.0	0.0	0.0	0.0	0.5	1.5	1.5	0.5	1.0	3.0	4.5	9.0	19.0	36.0	74.0	128.0	187.0	250.5	353.0	480.0	631.0	828.5	992.5	1116.5	1266.5	1470.5	1698.5	1836.5	1926.5	2004.5	2075.5	2141.5	2195.0	2178.0	2012.5	1855.5	1782.0	1666.5	1534.5	1418.5	1301.0	1187.0	1056.0	969.0	901.0	832.5	734.0	632.5	585.5	526.5	447.0	381.0	325.0	298.0	271.0	249.0	260.5	254.0	244.0	254.5	269.5	260.0	230.0	242.5	244.0	217.0	209.0	199.5	167.5	136.0	112.0	84.5	75.0	68.5	51.5	38.0	25.0	17.0	12.5	5.0	2.5	2.0	0.5	0.0	0.5	1.0	1.0	0.5	0.0	0.0	0.0	0.0	0.0	0.0	0.0	0.0	0.0	0.0
Sor-ACeb_006-Ex1-1F-lcwgs-1-2-L2-clmp.fp2_repr.R1	0.0	0.0	0.0	0.0	0.0	0.0	0.0	0.0	0.0	0.0	0.5	1.0	1.0	1.5	4.0	7.5	15.5	33.5	49.0	72.0	124.5	174.5	237.0	334.0	445.5	564.0	699.0	854.5	1011.5	1177.5	1361.0	1555.0	1778.5	1946.0	2054.5	2136.5	2191.5	2196.0	2149.5	2100.5	2021.5	1984.0	1894.5	1782.0	1642.5	1466.0	1349.0	1228.5	1098.5	959.0	841.5	744.5	673.0	587.5	481.5	406.0	339.0	270.0	238.5	216.0	191.5	167.5	133.5	121.0	105.0	85.0	71.0	57.5	50.5	42.0	32.5	36.0	34.5	25.0	21.5	14.0	7.0	7.0	4.5	2.0	3.0	3.0	1.0	0.5	0.5	0.0	0.5	1.0	1.0	1.0	1.0	1.0	0.5	0.0	0.0	0.0	0.0	0.0	0.0	0.0	0.0
Sor-ACeb_006-Ex1-1F-lcwgs-1-2-L2-clmp.fp2_repr.R2	0.0	0.0	0.0	0.0	0.0	0.0	0.0	0.0	0.0	0.0	0.5	1.0	2.0	3.0	3.5	9.0	20.0	31.0	43.0	70.5	116.5	179.5	263.5	355.0	438.5	550.0	686.0	849.0	1028.5	1209.5	1381.0	1563.0	1788.0	1968.0	2062.5	2109.0	2134.5	2167.5	2166.5	2107.5	2038.5	1997.5	1904.5	1768.0	1613.0	1446.5	1348.5	1242.0	1108.0	966.0	832.5	724.5	658.0	575.0	476.5	412.0	353.0	288.0	240.0	210.5	196.0	181.0	142.5	111.5	104.0	99.0	71.5	49.5	46.0	40.5	28.5	31.0	32.0	28.5	25.0	12.5	8.0	8.5	5.0	3.0	3.5	2.5	1.0	0.5	0.5	0.0	0.5	1.0	1.0	1.0	1.0	1.0	0.5	0.0	0.0	0.0	0.0	0.0	0.0	0.0	0.0
Sor-ACeb_006-Ex1-1F-lcwgs-1-2-L3-clmp.fp2_repr.R1	0.0	0.0	0.0	0.0	0.0	0.0	0.0	0.0	0.0	0.0	0.5	1.0	1.5	2.0	3.5	8.5	11.0	20.0	44.0	70.5	98.0	139.0	199.0	268.0	353.0	461.5	577.5	723.0	869.5	1017.5	1196.0	1347.0	1498.0	1643.5	1712.5	1774.0	1829.5	1825.5	1831.0	1777.0	1695.0	1615.5	1518.5	1433.5	1355.0	1258.0	1136.5	1023.0	890.0	798.5	746.5	665.5	585.5	514.0	421.5	339.0	301.5	273.5	231.0	189.0	139.0	118.0	111.5	95.0	73.0	66.5	63.5	54.0	50.5	39.0	31.5	28.5	24.0	19.0	14.0	11.5	10.0	5.5	3.5	2.0	2.0	2.5	2.5	2.0	0.5	0.0	0.0	0.0	0.0	0.0	0.0	0.0	0.0	0.0	0.0	0.0	0.0	0.0	0.0	0.0	0.0
Sor-ACeb_006-Ex1-1F-lcwgs-1-2-L3-clmp.fp2_repr.R2	0.0	0.0	0.0	0.0	0.0	0.0	0.0	0.0	0.0	0.0	0.5	1.5	2.0	2.0	3.5	8.0	12.5	21.5	38.0	66.0	98.0	135.5	200.5	273.5	358.0	485.0	603.5	713.0	853.5	1006.5	1158.0	1330.5	1536.5	1675.0	1723.5	1760.0	1806.0	1842.5	1825.5	1761.5	1709.5	1642.5	1505.0	1423.5	1354.5	1252.5	1156.5	1009.0	897.5	829.5	735.0	645.5	569.0	499.5	434.5	356.0	296.5	260.5	226.0	190.0	142.5	121.5	119.5	95.0	70.5	63.0	67.0	62.5	52.5	38.0	31.0	32.0	24.5	14.0	9.5	10.5	10.0	6.0	4.5	4.0	4.5	3.5	2.5	2.0	0.5	0.0	0.0	0.0	0.0	0.0	0.0	0.0	0.0	0.0	0.0	0.0	0.0	0.0	0.0	0.0	0.0
Sor-ACeb_007-Ex1-2F-lcwgs-1-2-L2-clmp.fp2_repr.R1	0.0	0.0	0.0	0.0	0.0	0.0	0.0	0.0	0.0	0.0	0.5	0.5	0.5	1.5	4.5	8.5	10.0	17.0	33.0	47.5	68.0	93.0	119.5	168.0	224.0	268.0	326.5	401.0	469.5	528.5	562.5	623.0	723.0	781.5	845.5	894.0	884.0	855.0	840.5	853.5	831.0	763.0	709.0	681.0	623.0	550.0	509.5	486.5	436.5	374.0	332.0	294.5	257.0	226.5	199.0	165.0	139.0	123.0	103.0	83.0	72.0	64.5	51.5	40.0	32.5	28.0	20.0	12.5	14.0	15.0	14.0	13.5	7.0	2.0	5.0	6.5	4.5	2.5	0.5	0.0	0.5	1.0	0.5	0.0	0.0	0.0	0.0	0.5	0.5	0.0	0.0	0.0	0.0	0.0	0.0	0.0	0.0	0.0	0.0	0.0	0.0
Sor-ACeb_007-Ex1-2F-lcwgs-1-2-L2-clmp.fp2_repr.R2	0.0	0.0	0.0	0.0	0.0	0.0	0.0	0.0	0.0	0.0	0.5	0.5	2.0	4.0	6.5	8.5	11.0	19.0	31.0	42.5	65.5	99.0	124.0	159.0	217.0	261.5	312.5	391.5	478.5	542.5	582.5	640.5	722.5	785.5	846.5	893.5	881.5	848.0	837.0	841.5	802.0	751.5	710.5	664.5	619.5	559.5	508.0	485.5	445.0	376.0	334.5	292.5	247.0	224.0	198.0	172.5	137.5	115.5	105.0	86.0	70.0	66.0	58.0	41.0	36.5	29.5	19.5	14.5	14.0	13.0	11.5	11.0	6.5	3.5	3.5	4.0	4.0	2.5	0.5	0.0	0.5	1.0	0.5	0.0	0.0	0.0	0.0	0.5	0.5	0.0	0.0	0.0	0.0	0.0	0.0	0.0	0.0	0.0	0.0	0.0	0.0
Sor-ACeb_007-Ex1-2F-lcwgs-1-2-L3-clmp.fp2_repr.R1	0.0	0.0	0.0	0.0	0.0	0.0	0.0	0.0	0.0	0.0	0.0	0.0	0.0	0.5	1.0	1.0	6.5	18.0	28.5	47.5	71.0	97.0	143.0	190.0	235.5	288.0	354.5	440.5	495.5	585.5	712.5	756.5	796.5	866.5	887.5	901.5	911.5	901.5	885.5	907.0	927.0	864.0	779.5	709.5	645.5	588.5	532.5	497.0	461.5	399.5	347.0	316.5	286.5	238.5	187.5	158.0	141.5	123.0	109.0	97.0	89.0	77.5	56.5	39.0	32.5	30.5	26.5	16.5	14.5	16.5	13.0	9.5	5.0	4.0	6.5	6.5	4.0	2.5	1.0	0.0	0.5	0.5	0.0	0.0	0.0	0.0	0.0	0.5	0.5	0.0	0.0	0.0	0.0	0.0	0.0	0.0	0.0	0.0	0.0	0.0	0.0
Sor-ACeb_007-Ex1-2F-lcwgs-1-2-L3-clmp.fp2_repr.R2	0.0	0.0	0.0	0.0	0.0	0.0	0.0	0.0	0.0	0.0	0.0	0.5	1.0	2.0	2.0	3.0	8.5	18.5	30.0	43.5	62.5	97.5	144.5	179.5	225.0	296.0	364.5	443.5	506.0	605.0	720.5	746.0	790.5	865.5	879.0	901.0	923.0	911.5	904.5	901.5	904.0	856.5	778.0	716.0	653.5	596.5	547.5	502.5	453.0	391.5	345.5	310.0	278.0	235.5	188.5	166.0	145.0	119.5	106.5	97.5	89.5	76.0	53.0	37.0	34.0	33.0	22.0	13.5	14.5	15.0	11.0	7.0	5.5	7.5	7.5	4.0	3.5	4.0	1.5	0.0	0.5	1.0	0.5	0.5	0.5	0.0	0.0	0.5	0.5	0.0	0.0	0.0	0.0	0.0	0.0	0.0	0.0	0.0	0.0	0.0	0.0
Sor-ACeb_008-Ex1-3F-lcwgs-1-2-L2-clmp.fp2_repr.R1	0.0	0.0	0.0	0.0	0.0	0.0	0.0	0.0	0.0	0.5	1.0	3.0	5.0	8.5	17.0	38.5	62.0	91.5	160.5	258.5	377.0	499.5	635.5	835.5	1065.0	1286.5	1507.0	1707.5	1908.5	2156.5	2387.0	2517.0	2609.0	2721.5	2825.5	2896.0	2851.0	2746.0	2660.5	2537.5	2395.0	2208.5	2019.5	1852.5	1718.5	1564.5	1409.5	1291.5	1149.5	991.5	851.5	755.5	646.0	543.5	450.5	362.5	316.0	275.5	225.5	191.5	162.0	136.5	113.0	101.0	80.5	58.0	56.5	51.5	40.0	36.0	31.5	22.0	13.5	8.0	10.5	10.5	9.5	7.0	1.5	0.0	0.5	0.5	0.0	0.0	0.0	0.0	0.0	0.0	0.0	0.0	0.0	0.0	0.0	0.0	0.0	0.0	0.0	0.0	0.0	0.0	0.0
Sor-ACeb_008-Ex1-3F-lcwgs-1-2-L2-clmp.fp2_repr.R2	0.0	0.0	0.0	0.0	0.0	0.0	0.0	0.5	1.0	1.5	1.5	2.0	3.5	9.5	17.5	35.0	61.0	99.5	170.0	261.5	364.0	486.0	626.5	830.5	1062.5	1281.0	1510.5	1705.5	1920.5	2177.0	2397.0	2528.5	2614.5	2728.0	2838.5	2892.0	2842.0	2736.5	2661.0	2562.0	2386.5	2187.0	2018.0	1850.0	1699.5	1553.5	1416.5	1300.0	1150.0	977.0	851.0	758.0	645.0	549.5	451.0	361.0	305.0	267.0	231.5	191.0	163.5	139.5	118.5	102.5	76.0	60.0	51.5	45.0	40.5	33.0	28.5	22.5	13.5	9.0	9.5	9.0	7.5	5.5	2.5	1.5	2.0	1.0	0.0	0.5	0.5	0.0	0.0	0.0	0.0	0.0	0.0	0.0	0.0	0.0	0.0	0.0	0.0	0.0	0.0	0.0	0.0
Sor-ACeb_008-Ex1-3F-lcwgs-1-2-L3-clmp.fp2_repr.R1	0.0	0.0	0.0	0.0	0.0	0.0	0.0	0.0	0.0	0.0	0.5	2.0	4.5	6.0	10.5	28.0	51.5	84.5	149.5	225.0	324.5	438.5	571.0	747.5	914.0	1078.0	1247.5	1462.0	1658.5	1840.5	2006.5	2137.0	2298.5	2447.5	2487.0	2450.0	2375.5	2275.5	2228.5	2160.5	2062.5	1910.0	1720.5	1635.5	1534.0	1346.0	1193.5	1075.5	971.5	848.5	712.0	614.5	547.5	470.5	413.5	360.5	279.0	225.0	196.0	166.0	150.0	134.0	115.0	94.5	70.0	61.0	51.0	36.0	30.5	23.5	18.5	17.0	13.5	10.5	8.5	7.5	5.0	3.5	2.0	1.0	2.5	2.0	1.0	0.5	0.0	0.0	0.0	0.0	0.0	0.0	0.0	0.0	0.0	0.0	0.0	0.0	0.0	0.0	0.0	0.0	0.0
Sor-ACeb_008-Ex1-3F-lcwgs-1-2-L3-clmp.fp2_repr.R2	0.0	0.0	0.0	0.0	0.0	0.0	0.0	0.0	0.0	0.0	0.5	1.5	4.5	6.0	8.5	24.5	51.5	87.5	147.5	228.0	331.0	444.5	570.5	749.0	901.0	1066.0	1278.0	1475.0	1640.5	1832.0	1997.5	2124.5	2313.5	2464.5	2476.0	2447.0	2381.5	2278.0	2237.5	2151.5	2039.5	1916.5	1727.5	1633.5	1521.0	1323.5	1195.0	1081.5	968.0	841.5	716.0	624.5	547.5	472.0	416.5	356.5	283.0	235.0	204.0	169.0	146.0	134.0	114.0	87.0	67.0	58.5	49.0	36.5	32.0	24.5	18.0	17.0	13.5	10.0	7.5	7.5	6.0	4.0	1.5	1.0	2.0	1.5	1.5	1.0	0.0	0.0	0.0	0.0	0.0	0.0	0.0	0.0	0.0	0.0	0.0	0.0	0.0	0.0	0.0	0.0	0.0
Sor-ACeb_009-Ex1-4F-lcwgs-1-2-L2-clmp.fp2_repr.R1	0.0	0.0	0.0	0.0	0.0	0.0	0.0	0.0	0.0	0.0	0.0	0.0	1.0	4.0	6.5	11.0	16.5	28.5	45.0	66.0	104.5	154.5	199.5	245.0	297.5	358.0	427.5	493.0	576.5	639.5	695.0	759.0	806.5	846.5	882.5	902.0	918.5	926.5	895.0	870.0	805.0	730.0	696.0	631.5	581.5	539.5	469.0	441.5	405.0	338.5	303.5	272.5	229.5	194.5	165.0	137.5	113.0	97.5	84.5	63.0	45.5	44.5	48.0	39.0	31.0	26.5	16.5	10.5	11.0	8.5	5.0	4.0	4.0	5.5	6.0	4.0	1.5	0.5	0.0	0.0	0.0	0.0	0.0	0.0	0.0	0.0	0.0	0.0	0.0	0.0	0.0	0.0	0.0	0.0	0.0	0.0	0.0	0.0	0.0	0.0	0.0
Sor-ACeb_009-Ex1-4F-lcwgs-1-2-L2-clmp.fp2_repr.R2	0.0	0.0	0.0	0.0	0.0	0.0	0.0	0.0	0.0	0.0	0.0	0.0	1.0	4.0	5.5	9.0	16.0	27.5	44.0	70.0	109.0	148.0	195.5	254.0	302.5	358.0	427.5	491.5	575.5	647.0	698.5	741.0	798.5	848.5	863.5	890.0	918.0	923.0	904.0	874.0	798.5	732.0	707.0	640.0	574.5	532.5	473.0	446.5	407.5	336.5	308.5	278.5	228.5	192.0	164.5	136.0	107.0	93.0	82.5	63.5	46.0	45.0	47.5	40.5	33.5	27.0	18.0	11.5	10.5	8.5	5.0	3.5	3.0	5.0	6.0	4.0	1.5	0.5	0.0	0.0	0.0	0.0	0.0	0.0	0.0	0.0	0.0	0.0	0.0	0.0	0.0	0.0	0.0	0.0	0.0	0.0	0.0	0.0	0.0	0.0	0.0
Sor-ACeb_009-Ex1-4F-lcwgs-1-2-L3-clmp.fp2_repr.R1	0.0	0.0	0.0	0.0	0.0	0.0	0.0	0.0	0.5	1.0	1.5	1.5	1.0	1.5	2.5	9.0	22.0	29.5	35.0	55.5	85.5	112.5	143.5	193.5	252.0	313.5	366.0	413.5	486.5	549.5	594.0	652.0	714.5	770.0	786.0	754.0	730.0	703.5	679.5	661.5	647.5	632.0	595.0	554.0	496.5	429.5	378.5	339.5	296.5	266.5	246.0	220.0	187.5	167.0	154.5	130.5	109.0	83.5	62.0	54.0	49.0	42.0	32.0	27.0	23.0	15.5	9.0	7.5	7.5	5.0	3.5	3.5	3.5	3.5	1.5	0.0	0.0	0.0	1.0	2.0	1.5	0.5	0.0	0.0	0.0	0.0	0.0	0.0	0.0	0.0	0.0	0.0	0.0	0.0	0.0	0.0	0.0	0.0	0.0	0.0	0.0
Sor-ACeb_009-Ex1-4F-lcwgs-1-2-L3-clmp.fp2_repr.R2	0.0	0.0	0.0	0.0	0.0	0.0	0.0	0.0	0.5	1.0	1.5	2.0	2.5	3.0	3.5	10.5	22.0	30.0	34.5	50.5	81.5	117.5	153.0	196.5	256.5	311.0	361.0	419.5	491.5	548.0	591.0	653.5	708.5	757.0	777.5	750.0	733.0	704.5	675.5	666.5	644.0	622.5	600.0	557.0	492.0	427.0	380.5	344.5	297.5	262.5	246.0	220.5	186.0	167.0	155.5	130.5	106.5	84.0	65.0	56.5	49.5	40.0	31.0	26.5	21.5	14.0	8.0	6.5	7.0	6.5	5.5	4.0	3.0	2.0	0.5	0.0	0.0	0.5	2.0	3.0	2.0	0.5	0.0	0.0	0.0	0.0	0.0	0.0	0.0	0.0	0.0	0.0	0.0	0.0	0.0	0.0	0.0	0.0	0.0	0.0	0.0
Sor-ACeb_010-Ex1-5F-lcwgs-1-2-L2-clmp.fp2_repr.R1	0.0	0.0	0.0	0.0	0.0	0.0	0.0	0.5	1.5	1.0	0.0	1.0	1.5	5.0	14.0	23.0	36.5	58.0	102.0	162.0	240.5	341.0	470.5	645.5	842.5	1080.0	1376.5	1662.5	1988.5	2340.5	2655.5	3006.0	3377.5	3657.0	3776.0	3857.5	3903.0	3853.5	3844.0	3779.0	3582.0	3392.0	3161.0	2937.5	2688.0	2391.0	2124.5	1930.5	1766.5	1503.5	1274.0	1135.5	993.5	886.0	769.5	595.5	500.0	451.5	365.5	287.5	263.5	250.5	218.0	166.0	120.5	111.0	100.0	88.5	81.0	71.5	59.0	43.5	37.0	34.0	27.0	23.5	16.5	8.0	5.5	4.5	5.0	5.0	3.0	1.5	1.0	1.0	0.5	0.0	0.5	1.0	0.5	0.0	0.0	0.0	0.0	0.0	0.0	0.0	0.0	0.0	0.0
Sor-ACeb_010-Ex1-5F-lcwgs-1-2-L2-clmp.fp2_repr.R2	0.0	0.0	0.0	0.0	0.0	0.0	0.0	0.0	1.0	1.0	0.0	0.5	1.0	5.5	14.5	20.5	33.0	56.0	99.5	168.5	242.0	333.0	470.0	638.5	850.5	1089.5	1374.0	1653.0	1983.0	2360.5	2684.5	3043.0	3404.0	3626.5	3722.0	3855.0	3918.5	3864.0	3839.5	3754.5	3574.5	3404.5	3181.0	2922.5	2671.5	2401.5	2137.5	1922.0	1722.0	1490.5	1290.5	1135.0	993.0	879.5	755.5	599.0	505.0	450.5	364.0	288.5	266.0	249.5	211.0	164.0	118.0	108.5	107.5	95.0	84.5	67.0	52.0	42.5	36.0	32.5	27.5	22.5	14.5	6.5	6.5	8.0	7.0	4.5	2.5	1.5	1.0	1.0	0.5	0.0	0.5	1.0	0.5	0.0	0.0	0.0	0.0	0.0	0.0	0.0	0.0	0.0	0.0
Sor-ACeb_010-Ex1-5F-lcwgs-1-2-L3-clmp.fp2_repr.R1	0.0	0.0	0.0	0.0	0.0	0.0	0.0	0.0	0.0	0.0	0.5	1.0	0.5	3.0	8.0	14.0	24.5	50.5	92.0	137.0	194.0	304.5	451.0	612.0	778.0	947.0	1207.0	1498.5	1743.5	2009.5	2329.0	2675.0	2966.5	3168.5	3352.0	3471.0	3462.5	3427.0	3422.5	3364.0	3213.0	3012.0	2788.5	2595.0	2399.0	2209.0	1998.5	1756.0	1518.0	1303.5	1176.0	1025.0	864.5	755.0	662.0	559.0	455.0	396.5	354.0	306.0	255.0	226.5	184.5	147.0	133.5	113.5	93.0	73.0	69.5	65.5	51.5	44.5	36.5	31.5	26.0	15.0	14.0	12.0	5.5	2.5	2.5	2.0	1.5	1.5	1.0	0.0	0.0	0.0	0.0	0.0	0.0	0.0	0.0	0.0	0.0	0.0	0.0	0.0	0.0	0.0	0.0
Sor-ACeb_010-Ex1-5F-lcwgs-1-2-L3-clmp.fp2_repr.R2	0.0	0.0	0.0	0.0	0.0	0.0	0.0	0.0	0.0	0.0	0.5	1.0	0.5	3.0	8.5	14.5	25.0	53.0	101.0	151.0	205.5	294.0	435.0	600.0	764.0	955.0	1218.0	1499.5	1769.0	2026.5	2301.5	2652.5	2949.0	3186.0	3372.5	3456.0	3449.5	3407.0	3389.0	3352.0	3232.0	3023.0	2796.0	2608.5	2416.0	2194.0	1973.0	1728.5	1506.5	1320.0	1177.0	1027.0	873.0	773.0	677.5	566.5	460.0	392.5	345.5	296.0	249.5	220.0	190.0	160.0	134.5	111.0	87.0	68.5	68.5	64.5	54.5	47.5	38.0	28.0	22.5	19.5	16.0	9.5	5.0	3.0	2.5	3.0	2.0	1.5	1.0	0.0	0.0	0.0	0.0	0.0	0.0	0.0	0.0	0.0	0.0	0.0	0.0	0.0	0.0	0.0	0.0
Sor-ACeb_011-Ex1-6F-lcwgs-1-2-L2-clmp.fp2_repr.R1	0.0	0.0	0.0	0.0	0.0	0.0	0.0	0.0	0.0	0.0	0.5	1.0	2.0	3.5	7.5	14.5	28.0	37.5	40.5	62.0	94.0	135.5	181.5	232.5	304.0	367.0	413.0	478.5	563.5	658.0	724.5	790.0	878.0	934.0	950.0	979.0	1019.5	999.5	961.5	929.5	930.0	916.0	826.5	739.5	682.5	673.0	642.0	591.5	549.0	496.0	456.5	413.0	372.5	313.0	247.0	220.0	201.0	178.5	157.5	152.5	162.5	150.5	144.5	139.0	133.0	124.5	114.5	107.5	103.0	93.5	78.5	78.5	65.0	42.5	37.0	37.0	28.5	23.5	15.5	5.0	4.5	4.0	2.0	0.5	0.0	0.0	0.0	0.0	0.0	0.0	0.0	0.0	0.0	0.0	0.0	0.0	0.0	0.0	0.0	0.0	0.0
Sor-ACeb_011-Ex1-6F-lcwgs-1-2-L2-clmp.fp2_repr.R2	0.0	0.0	0.0	0.0	0.0	0.0	0.0	0.0	1.0	1.0	0.0	0.0	0.5	2.5	7.0	11.0	23.5	41.0	48.5	62.0	87.5	126.5	186.0	254.0	316.5	371.0	423.5	483.5	555.0	638.0	725.5	811.5	880.5	913.5	937.5	966.5	1013.5	986.5	936.5	933.0	939.0	917.0	837.5	777.0	724.0	684.0	641.5	592.5	553.0	485.5	422.5	383.0	355.0	319.0	254.5	223.0	206.0	183.0	169.0	150.0	146.5	150.0	143.0	123.5	121.0	130.0	124.0	115.5	107.5	97.5	86.5	71.5	61.5	60.0	44.5	29.5	23.5	20.5	14.5	6.5	4.0	2.0	2.0	1.5	0.5	0.0	0.0	0.0	0.0	0.0	0.0	0.0	0.0	0.0	0.0	0.0	0.0	0.0	0.0	0.0	0.0
Sor-ACeb_011-Ex1-6F-lcwgs-1-2-L3-clmp.fp2_repr.R1	0.0	0.0	0.0	0.0	0.0	0.0	0.0	0.0	0.0	0.0	0.0	0.5	1.5	4.0	7.0	8.0	11.0	19.5	33.0	48.5	77.5	109.5	144.5	194.0	237.0	278.5	336.5	411.5	486.0	558.0	620.5	652.5	715.5	794.5	836.5	854.0	837.0	825.5	837.5	834.0	770.5	727.5	712.5	669.0	634.0	586.5	555.0	530.5	470.0	416.5	377.0	323.0	273.0	258.5	235.0	204.5	194.0	177.0	162.5	142.0	119.5	116.0	120.5	108.0	94.5	98.0	98.0	92.0	84.5	71.5	59.5	50.5	43.5	37.5	28.5	29.0	26.5	14.5	8.0	6.0	6.5	5.0	2.5	1.5	0.5	0.0	0.0	0.0	0.0	0.0	0.0	0.0	0.0	0.0	0.0	0.0	0.0	0.0	0.0	0.0	0.0
Sor-ACeb_011-Ex1-6F-lcwgs-1-2-L3-clmp.fp2_repr.R2	0.0	0.0	0.0	0.0	0.0	0.0	0.0	0.0	0.0	0.0	0.0	0.5	1.5	2.5	5.0	7.0	11.0	25.0	40.5	52.0	78.5	108.5	152.0	201.0	235.0	279.0	329.0	409.5	499.0	567.5	624.0	665.0	714.0	767.5	832.5	856.5	827.0	822.5	831.0	837.0	797.5	735.0	706.5	672.5	650.5	591.0	531.0	517.5	473.0	425.0	384.0	326.0	278.0	262.0	238.0	207.5	193.0	179.5	161.0	141.0	124.0	118.0	103.5	90.0	95.5	93.5	87.0	90.5	81.5	69.0	63.0	49.5	45.0	46.0	35.0	25.0	24.0	14.5	5.0	5.0	4.5	2.0	1.0	1.0	1.0	1.0	0.5	0.0	0.0	0.0	0.0	0.0	0.0	0.0	0.0	0.0	0.0	0.0	0.0	0.0	0.0
Sor-ACeb_012-Ex1-7F-lcwgs-1-2-L2-clmp.fp2_repr.R1	0.0	0.0	0.0	0.0	0.0	0.0	0.0	0.0	0.5	1.5	2.5	4.5	6.5	10.0	24.0	55.0	111.5	192.0	316.0	517.5	757.0	1078.0	1541.0	2057.5	2536.5	3030.0	3686.5	4355.0	4910.5	5445.0	5974.5	6469.0	6878.0	7044.0	7036.0	7071.5	7029.0	6699.0	6310.5	6020.5	5666.0	5192.0	4737.0	4309.0	3862.5	3449.0	3015.0	2644.5	2299.5	1991.0	1746.0	1515.0	1307.0	1120.0	957.5	790.5	642.5	549.5	488.0	431.5	355.5	300.5	271.5	249.5	231.0	191.0	157.5	130.0	111.0	95.0	75.5	63.5	54.5	48.5	39.5	26.5	16.5	13.5	8.5	5.5	5.5	4.0	2.5	1.5	2.0	1.5	0.0	0.0	0.5	1.0	0.5	0.0	0.0	0.0	0.0	0.0	0.0	0.0	0.0	0.0	0.0
Sor-ACeb_012-Ex1-7F-lcwgs-1-2-L2-clmp.fp2_repr.R2	0.0	0.0	0.0	0.0	0.0	0.0	0.0	0.0	0.0	1.5	2.0	3.0	8.5	14.0	24.0	54.5	107.0	176.5	299.5	520.0	766.5	1077.5	1553.0	2070.5	2524.5	3047.5	3736.5	4384.5	4915.0	5440.0	6005.0	6463.0	6832.5	7023.0	7009.0	7072.0	7027.5	6700.5	6346.0	6037.5	5668.0	5226.5	4753.0	4303.5	3834.0	3402.5	2978.0	2626.5	2318.0	2003.0	1734.0	1515.5	1317.5	1115.0	951.0	784.0	644.0	548.5	486.0	425.5	353.5	311.5	279.5	244.5	221.0	190.0	156.5	124.5	103.5	86.0	73.0	68.0	57.5	46.0	42.5	30.0	19.0	16.5	11.5	6.5	5.5	7.0	5.0	2.0	1.5	1.0	0.0	0.0	0.5	1.0	0.5	0.0	0.0	0.0	0.0	0.0	0.0	0.0	0.0	0.0	0.0
Sor-ACeb_012-Ex1-7F-lcwgs-1-2-L3-clmp.fp2_repr.R1	0.0	0.0	0.0	0.0	0.0	0.0	0.0	0.5	1.5	1.5	2.5	3.0	4.0	11.5	19.5	37.0	85.0	163.5	277.0	447.0	674.0	941.0	1317.0	1709.0	2180.5	2647.0	3095.5	3671.0	4135.5	4525.5	4929.0	5345.0	5731.5	6002.5	6145.0	6054.5	5819.5	5551.5	5249.5	5026.5	4702.0	4345.0	3995.0	3578.5	3237.5	2945.0	2633.5	2304.0	1991.0	1701.5	1461.0	1260.0	1071.0	914.0	819.0	674.5	536.5	477.5	402.0	334.0	296.0	241.5	199.0	176.0	157.5	147.0	131.5	108.0	83.5	78.0	65.0	49.0	44.0	37.5	30.5	23.5	20.0	20.5	17.0	10.5	6.5	4.0	2.5	2.5	3.0	2.5	1.5	1.0	0.5	0.0	0.0	0.0	0.0	0.0	0.0	0.0	0.0	0.0	0.0	0.0	0.0
Sor-ACeb_012-Ex1-7F-lcwgs-1-2-L3-clmp.fp2_repr.R2	0.0	0.0	0.0	0.0	0.0	0.0	0.0	0.0	0.5	2.5	2.5	1.0	2.5	8.0	19.0	46.5	90.5	166.5	297.0	449.0	651.5	913.0	1319.0	1757.0	2177.0	2636.0	3152.0	3719.5	4180.0	4562.5	4929.0	5332.0	5753.0	6006.5	6042.0	5982.0	5818.0	5563.0	5257.0	5008.5	4695.5	4364.0	3999.5	3582.5	3268.5	2940.0	2583.5	2249.5	1976.5	1701.5	1470.5	1287.5	1083.0	906.5	806.5	679.5	538.0	474.0	399.0	335.0	306.0	246.5	198.0	173.0	159.0	155.5	133.0	110.0	88.0	73.0	69.0	57.5	44.5	33.5	26.0	24.5	23.5	18.5	12.5	11.0	9.0	4.5	2.0	1.0	1.0	1.0	1.0	1.0	0.5	0.0	0.0	0.0	0.0	0.0	0.0	0.0	0.0	0.0	0.0	0.0	0.0
Sor-ACeb_013-Ex1-8F-lcwgs-1-2-L2-clmp.fp2_repr.R1	0.0	0.0	0.0	0.0	0.0	0.0	0.0	0.0	0.0	0.5	1.0	1.5	2.0	3.5	8.0	16.0	26.5	51.0	107.5	171.5	205.5	272.5	391.5	511.5	637.5	759.5	923.0	1098.5	1233.5	1408.0	1550.0	1667.0	1857.0	1947.0	1962.5	1943.0	1881.5	1888.0	1883.0	1748.0	1636.5	1590.0	1510.0	1456.5	1398.5	1257.5	1151.5	1138.0	1042.5	931.5	870.0	801.0	700.5	634.5	580.5	491.5	419.5	366.0	339.5	305.5	287.5	297.5	284.0	263.5	272.0	279.5	269.0	246.0	217.5	210.0	209.0	178.5	148.0	127.0	90.5	73.0	59.0	36.5	22.0	14.5	11.5	7.5	6.0	3.0	2.0	2.0	0.5	0.0	0.0	0.0	0.0	0.0	0.0	0.0	0.0	0.0	0.0	0.0	0.0	0.0	0.0
Sor-ACeb_013-Ex1-8F-lcwgs-1-2-L2-clmp.fp2_repr.R2	0.0	0.0	0.0	0.0	0.0	0.0	0.0	0.0	0.0	0.0	0.5	1.5	1.0	2.5	7.0	14.5	29.0	49.5	101.5	161.5	202.0	276.5	395.0	528.0	645.5	779.5	943.0	1108.0	1242.0	1397.0	1567.0	1692.5	1849.0	1928.0	1952.0	1946.0	1909.0	1921.5	1858.5	1719.5	1630.5	1574.0	1509.0	1457.5	1377.5	1247.5	1157.0	1135.5	1063.5	954.0	891.5	804.5	683.5	617.0	557.0	482.5	427.0	361.5	325.0	316.5	309.5	305.0	294.5	272.5	263.5	264.5	256.5	251.0	222.0	198.0	186.0	178.0	160.5	122.0	89.5	70.5	55.5	39.5	25.5	13.5	9.5	8.0	4.0	1.0	2.0	2.5	0.5	0.0	0.0	0.0	0.0	0.0	0.0	0.0	0.0	0.0	0.0	0.0	0.0	0.0	0.0
Sor-ACeb_013-Ex1-8F-lcwgs-1-2-L3-clmp.fp2_repr.R1	0.0	0.0	0.0	0.0	0.0	0.0	0.0	0.0	0.0	0.5	1.5	1.5	1.0	1.5	6.0	13.0	27.0	48.5	68.5	112.0	153.0	215.0	307.5	395.5	506.0	634.5	777.5	914.5	1042.0	1144.0	1280.0	1408.0	1479.0	1545.0	1621.0	1695.0	1660.0	1558.0	1525.5	1519.5	1433.0	1360.5	1296.5	1195.0	1119.0	1038.0	956.0	913.5	873.0	793.5	722.5	652.0	574.0	513.0	454.5	372.0	314.5	294.0	269.0	255.5	246.5	227.0	230.5	237.5	220.0	212.0	206.0	196.5	191.5	188.0	167.0	129.5	101.0	94.5	73.5	53.0	45.0	29.0	19.5	17.5	15.0	8.0	3.0	1.0	0.5	0.0	0.0	0.0	0.0	0.0	0.0	0.0	0.0	0.0	0.0	0.0	0.0	0.0	0.0	0.0	0.0
Sor-ACeb_013-Ex1-8F-lcwgs-1-2-L3-clmp.fp2_repr.R2	0.0	0.0	0.0	0.0	0.0	0.0	0.0	0.0	0.0	0.0	0.0	1.5	3.0	3.5	6.0	12.5	26.0	43.5	66.0	109.5	170.0	232.0	299.0	399.0	518.0	645.0	771.0	895.0	1036.0	1147.5	1286.5	1394.5	1453.0	1553.5	1645.0	1682.5	1657.0	1589.5	1566.5	1521.5	1396.5	1334.5	1289.0	1186.5	1093.5	1019.5	942.0	906.5	891.5	820.0	728.0	662.5	581.0	506.5	461.0	388.0	318.0	293.5	272.5	261.0	254.0	233.5	237.0	238.5	222.0	204.5	191.0	202.0	192.0	172.5	169.5	130.5	105.0	89.0	65.0	53.0	34.5	26.0	22.5	13.5	8.0	6.5	4.0	2.0	0.0	0.0	0.0	0.0	0.0	0.0	0.0	0.0	0.0	0.0	0.0	0.0	0.0	0.0	0.0	0.0	0.0
Sor-ACeb_014-Ex1-9F-lcwgs-1-2-L2-clmp.fp2_repr.R1	0.0	0.0	0.0	0.0	0.0	0.0	0.0	0.0	0.5	1.0	0.5	0.5	1.0	1.0	4.0	12.5	28.5	53.0	75.5	111.0	180.5	259.0	341.0	451.5	577.5	703.0	854.0	982.5	1099.5	1253.0	1426.0	1556.0	1658.0	1723.0	1751.5	1814.5	1845.0	1800.0	1729.0	1628.0	1535.5	1469.0	1356.5	1244.5	1144.0	1013.5	900.0	824.5	770.5	687.5	599.0	539.0	454.5	379.5	329.0	287.5	243.0	203.5	181.0	161.0	135.5	119.5	106.5	94.0	92.5	96.5	90.5	72.0	61.0	51.0	41.5	44.0	39.5	24.0	17.5	18.0	14.5	10.0	7.0	6.5	4.0	1.5	2.5	2.0	1.0	0.5	0.0	0.0	0.0	0.0	0.0	0.0	0.0	0.0	0.0	0.0	0.0	0.0	0.0	0.0	0.0
Sor-ACeb_014-Ex1-9F-lcwgs-1-2-L2-clmp.fp2_repr.R2	0.0	0.0	0.0	0.0	0.0	0.0	0.0	0.0	0.0	0.0	0.0	0.5	2.5	2.5	5.0	15.0	32.0	57.0	80.0	115.5	181.5	258.5	337.5	443.0	563.5	689.5	857.5	985.0	1097.5	1266.0	1430.5	1579.0	1681.0	1706.5	1723.0	1800.0	1830.0	1773.0	1725.0	1645.0	1559.5	1471.5	1329.0	1231.0	1149.5	1019.0	897.0	810.5	773.0	713.5	615.0	538.0	446.5	375.5	334.5	291.5	245.0	201.5	185.0	166.0	134.5	113.0	100.5	91.0	81.5	87.5	89.5	77.5	64.0	54.5	46.0	42.5	42.5	29.5	18.5	18.0	15.5	9.0	6.0	5.0	4.0	2.5	2.5	2.0	1.0	0.5	0.0	0.0	0.0	0.0	0.0	0.0	0.0	0.0	0.0	0.0	0.0	0.0	0.0	0.0	0.0
Sor-ACeb_014-Ex1-9F-lcwgs-1-2-L3-clmp.fp2_repr.R1	0.0	0.0	0.0	0.0	0.0	0.0	0.0	0.0	0.0	0.0	0.0	1.5	2.0	3.5	5.5	10.0	20.5	36.0	69.0	119.5	163.0	236.5	320.5	419.5	531.5	641.5	812.0	957.5	1067.5	1213.0	1369.0	1491.5	1650.5	1746.5	1717.5	1715.5	1766.0	1773.5	1692.5	1588.0	1486.0	1372.5	1253.0	1145.5	1066.0	986.0	884.5	803.0	758.5	682.0	585.0	510.5	439.0	378.0	318.0	278.0	240.0	207.5	188.0	163.5	143.0	123.5	104.5	102.5	93.0	75.5	72.0	68.5	70.0	62.0	54.5	53.0	34.0	24.5	22.5	15.5	11.0	7.5	8.5	7.0	3.5	2.0	0.0	0.0	1.0	1.5	0.5	0.0	0.0	0.0	0.0	0.0	0.0	0.0	0.0	0.0	0.0	0.0	0.0	0.0	0.0
Sor-ACeb_014-Ex1-9F-lcwgs-1-2-L3-clmp.fp2_repr.R2	0.0	0.0	0.0	0.0	0.0	0.0	0.0	0.0	0.0	0.0	0.0	0.5	0.5	1.5	4.5	10.0	20.5	36.0	70.0	116.5	158.5	229.0	320.5	416.5	513.0	638.0	801.0	955.5	1080.0	1231.5	1386.0	1477.0	1621.5	1746.5	1750.5	1733.0	1767.5	1782.0	1687.5	1574.0	1486.5	1390.0	1260.0	1136.0	1046.5	965.5	889.5	808.0	754.5	687.0	593.5	510.5	435.5	373.5	323.5	279.0	237.0	204.0	181.0	171.0	153.5	130.5	114.5	103.5	84.5	76.0	75.5	67.0	62.0	64.5	64.0	51.0	35.5	25.5	19.5	14.0	11.0	9.5	6.5	3.0	2.0	1.0	0.0	0.0	0.5	0.5	0.0	0.0	0.0	0.0	0.0	0.0	0.0	0.0	0.0	0.0	0.0	0.0	0.0	0.0	0.0
Sor-ACeb_015-Ex1-10F-lcwgs-1-2-L2-clmp.fp2_repr.R1	0.0	0.0	0.0	0.0	0.0	0.0	0.0	0.0	0.5	0.5	0.5	0.5	2.0	8.0	12.0	18.5	38.0	65.5	106.0	177.5	263.0	371.5	503.5	652.0	834.5	1047.0	1285.0	1526.0	1846.0	2107.5	2298.5	2521.0	2756.5	2950.5	3045.0	3099.5	3055.5	3006.5	2936.5	2779.5	2598.5	2415.0	2226.0	2020.0	1838.0	1687.5	1463.0	1232.5	1088.5	972.5	890.5	781.0	632.0	544.0	472.0	378.0	322.0	281.5	241.0	192.0	166.0	166.5	152.5	121.0	102.5	96.0	83.0	75.5	65.5	61.0	56.0	48.0	40.0	38.5	38.5	25.5	14.0	12.0	9.0	3.0	2.5	2.5	1.5	0.5	0.0	0.0	0.0	0.0	0.0	0.0	0.0	0.0	0.0	0.0	0.0	0.0	0.0	0.0	0.0	0.0	0.0
Sor-ACeb_015-Ex1-10F-lcwgs-1-2-L2-clmp.fp2_repr.R2	0.0	0.0	0.0	0.0	0.0	0.0	0.5	0.5	0.5	0.5	0.0	0.0	1.5	3.5	6.5	18.0	37.0	64.5	111.5	178.5	267.5	381.5	519.0	667.5	846.0	1071.0	1300.5	1531.0	1808.0	2093.5	2333.5	2544.0	2779.5	2956.0	3049.0	3093.0	3022.0	2979.0	2927.0	2758.0	2582.0	2431.5	2232.5	2013.5	1842.0	1667.5	1430.5	1224.0	1091.0	989.0	904.0	771.0	622.5	535.5	461.5	378.5	327.5	288.5	258.0	201.5	169.5	164.0	143.5	119.5	96.0	86.0	81.0	84.0	80.0	63.5	51.5	44.0	34.5	31.0	26.5	19.0	15.5	11.5	8.5	5.0	2.0	3.0	2.5	1.0	0.0	0.0	0.0	0.0	0.0	0.0	0.0	0.0	0.0	0.0	0.0	0.0	0.0	0.0	0.0	0.0	0.0
Sor-ACeb_015-Ex1-10F-lcwgs-1-2-L3-clmp.fp2_repr.R1	0.0	0.0	0.0	0.0	0.0	0.0	0.0	0.0	0.5	1.0	1.5	2.0	2.0	5.0	11.0	19.0	26.0	42.5	87.0	143.5	210.5	294.5	399.5	536.5	718.5	913.5	1093.5	1298.5	1497.5	1662.5	1884.0	2138.0	2309.5	2425.0	2520.0	2555.5	2492.0	2387.0	2333.0	2270.0	2165.5	1999.0	1804.0	1669.0	1542.0	1395.5	1255.5	1127.5	978.0	829.5	729.0	635.0	529.5	433.0	352.5	304.5	267.0	224.0	190.5	178.0	158.5	129.5	120.0	97.5	80.5	83.0	82.0	73.5	61.5	52.0	44.0	36.5	29.0	27.5	20.5	14.5	12.5	7.0	4.5	3.0	1.5	1.5	0.5	0.0	0.0	0.0	0.0	0.0	0.0	0.0	0.0	0.0	0.0	0.0	0.0	0.0	0.0	0.0	0.0	0.0	0.0
Sor-ACeb_015-Ex1-10F-lcwgs-1-2-L3-clmp.fp2_repr.R2	0.0	0.0	0.0	0.0	0.0	0.0	0.0	0.0	0.5	1.0	0.5	0.5	2.0	5.5	9.0	16.0	27.0	49.0	88.0	138.0	206.5	305.5	414.5	529.0	697.0	883.0	1085.5	1309.0	1487.5	1673.0	1922.0	2126.0	2306.5	2442.5	2510.5	2571.5	2497.0	2379.0	2329.5	2258.5	2142.5	1998.0	1826.5	1663.5	1526.0	1384.0	1261.5	1130.5	973.5	841.0	731.0	631.0	535.0	433.5	346.5	303.0	263.5	220.0	200.0	186.0	160.5	133.5	117.5	101.5	86.5	83.0	77.0	69.0	53.0	42.5	46.5	38.0	30.0	22.5	15.0	14.0	12.0	9.0	3.5	2.0	3.5	2.5	0.5	0.0	0.0	0.0	0.0	0.0	0.0	0.0	0.0	0.0	0.0	0.0	0.0	0.0	0.0	0.0	0.0	0.0	0.0
Sor-ACeb_016-Ex1-11F-lcwgs-1-2-L2-clmp.fp2_repr.R1	0.0	0.0	0.0	0.0	0.0	0.0	0.0	0.0	1.5	3.0	2.0	3.0	7.0	13.5	28.0	44.0	94.5	181.0	299.5	501.5	805.5	1228.5	1765.5	2477.0	3357.0	4482.0	5769.5	7203.5	8907.0	10676.0	12582.5	14662.0	16747.5	18276.0	19527.0	20665.0	21434.0	21990.0	22123.0	21911.5	21386.0	20733.0	19784.0	18499.0	17278.5	16061.0	14716.5	13285.0	11967.5	10725.0	9545.5	8450.0	7357.5	6418.0	5609.5	4799.5	4097.5	3528.5	3007.0	2561.0	2165.5	1818.5	1552.0	1327.0	1108.0	921.0	750.5	627.0	541.5	443.0	361.5	310.0	258.0	215.0	173.0	127.0	107.5	97.0	76.5	55.5	49.5	39.5	22.5	19.5	19.0	11.5	6.5	5.0	2.5	1.0	1.0	1.0	0.5	0.0	0.0	0.0	0.0	0.0	0.0	0.0	0.0
Sor-ACeb_016-Ex1-11F-lcwgs-1-2-L2-clmp.fp2_repr.R2	0.0	0.0	0.0	0.0	0.0	0.0	0.0	0.5	2.0	2.0	1.0	3.5	8.5	13.5	25.5	42.5	91.5	178.0	290.5	491.5	804.5	1222.5	1748.0	2476.5	3403.0	4486.5	5710.5	7160.5	8890.0	10725.0	12643.5	14702.0	16790.5	18312.5	19490.0	20603.5	21477.5	22071.5	22129.0	21861.0	21319.5	20660.5	19778.0	18513.5	17270.5	16037.0	14661.5	13243.0	11971.0	10751.0	9566.5	8464.5	7376.5	6428.0	5603.0	4816.0	4125.5	3537.5	3008.0	2556.0	2168.0	1822.5	1552.0	1323.0	1093.0	897.5	726.5	618.0	536.0	428.0	352.5	301.5	257.0	224.5	177.0	132.0	110.5	99.0	77.5	51.0	45.0	37.0	23.5	18.5	16.5	12.0	7.5	5.5	2.5	1.0	1.0	1.0	0.5	0.0	0.0	0.0	0.0	0.0	0.0	0.0	0.0
Sor-ACeb_016-Ex1-11F-lcwgs-1-2-L3-clmp.fp2_repr.R1	0.0	0.0	0.0	0.0	0.0	0.0	0.0	0.0	0.0	0.5	2.0	6.0	9.5	10.5	19.0	37.0	77.0	147.5	260.0	457.5	679.5	979.0	1438.5	2058.0	2827.0	3754.0	4838.0	6080.5	7522.5	9156.0	10851.0	12483.0	13965.5	15142.0	16362.5	17466.0	18160.0	18517.5	18599.5	18373.5	17977.0	17509.5	16606.0	15721.5	14826.5	13701.5	12574.0	11404.5	10251.5	9052.5	8066.0	7194.0	6389.0	5613.5	4718.5	3962.0	3379.0	2912.0	2492.0	2145.0	1830.5	1569.0	1358.0	1151.5	943.0	768.0	632.5	517.5	422.0	344.5	301.0	271.0	240.5	196.5	153.0	125.5	100.0	83.0	68.0	46.5	31.5	25.5	18.0	11.0	9.0	9.0	6.0	1.5	0.5	0.0	0.0	0.0	0.0	0.0	0.0	0.0	0.0	0.0	0.0	0.0	0.0
Sor-ACeb_016-Ex1-11F-lcwgs-1-2-L3-clmp.fp2_repr.R2	0.0	0.0	0.0	0.0	0.0	0.0	0.0	0.0	0.0	0.5	1.5	4.0	8.0	10.0	18.0	39.5	85.5	155.0	259.5	445.5	667.0	975.0	1431.5	2053.0	2802.5	3743.0	4871.0	6110.5	7556.5	9195.5	10877.0	12515.5	13950.0	15086.5	16348.5	17436.5	18144.5	18562.5	18613.0	18325.0	17926.5	17469.5	16604.5	15695.5	14779.5	13689.0	12547.5	11386.5	10218.0	9029.5	8083.0	7209.0	6375.5	5587.0	4729.0	3990.5	3392.0	2914.0	2500.0	2139.5	1819.0	1580.5	1364.5	1147.0	935.5	758.5	622.5	522.5	436.5	354.5	306.5	270.5	232.5	189.0	145.5	117.5	102.0	86.0	68.0	47.5	30.5	23.0	16.5	10.5	9.5	8.0	4.0	0.0	0.5	1.0	0.5	0.0	0.0	0.0	0.0	0.0	0.0	0.0	0.0	0.0	0.0
Sor-ACeb_017-Ex1-12F-lcwgs-1-2-L2-clmp.fp2_repr.R1	0.0	0.0	0.0	0.0	0.0	0.0	0.0	0.0	0.0	0.5	1.5	3.5	8.5	11.5	22.0	49.0	84.0	160.0	289.5	446.5	740.0	1139.0	1561.5	2189.0	2974.0	3771.5	4740.5	5829.0	7020.5	8274.0	9480.5	10733.0	11936.0	12956.0	13733.5	14243.5	14457.5	14523.0	14564.0	14323.0	13834.0	13168.5	12403.0	11670.5	10826.0	9945.5	9055.0	8150.0	7264.5	6458.0	5761.0	5070.5	4421.5	3821.5	3254.0	2812.0	2447.0	2111.5	1829.0	1522.0	1237.5	1067.5	932.0	783.0	656.5	559.0	486.5	419.5	338.5	272.0	237.5	216.0	182.0	142.5	109.5	76.0	52.0	41.0	34.5	27.0	18.5	12.5	8.5	8.5	6.0	3.0	2.0	2.0	2.0	1.0	1.0	1.0	1.0	0.5	0.0	0.0	0.0	0.0	0.0	0.0	0.0
Sor-ACeb_017-Ex1-12F-lcwgs-1-2-L2-clmp.fp2_repr.R2	0.0	0.0	0.0	0.0	0.0	0.0	0.0	0.0	0.0	0.5	1.0	1.0	5.0	11.5	24.5	50.5	89.5	173.5	299.5	461.5	732.0	1100.0	1559.5	2200.5	2984.0	3799.5	4756.0	5871.0	7075.5	8268.5	9482.0	10779.0	11938.0	12864.0	13662.5	14233.0	14470.0	14527.5	14515.0	14309.5	13860.0	13225.0	12427.5	11611.5	10782.5	9929.0	9040.5	8138.0	7255.0	6476.5	5772.0	5071.5	4430.0	3830.5	3273.5	2817.5	2442.5	2106.5	1834.5	1525.0	1229.0	1067.5	942.5	777.5	648.0	552.5	477.0	407.0	328.5	280.0	242.0	212.0	177.0	131.5	106.5	79.0	47.5	41.0	37.0	28.0	18.0	11.5	8.5	8.0	5.5	3.0	2.0	2.0	2.0	1.0	0.5	0.0	0.0	0.0	0.0	0.0	0.0	0.0	0.0	0.0	0.0
Sor-ACeb_017-Ex1-12F-lcwgs-1-2-L3-clmp.fp2_repr.R1	0.0	0.0	0.0	0.0	0.0	0.0	0.5	1.0	1.0	1.0	1.5	2.5	4.5	6.5	12.5	37.5	82.5	146.5	248.0	422.5	691.5	1023.0	1454.5	2067.5	2778.0	3637.5	4582.5	5574.0	6765.5	8011.0	9145.0	10319.0	11531.5	12459.0	13174.5	13780.0	14044.0	13959.5	13825.5	13600.5	13157.5	12489.5	11768.0	11007.5	10048.0	9270.5	8566.0	7744.5	6961.5	6162.5	5447.0	4762.0	4125.0	3618.0	3142.5	2704.0	2309.0	1995.0	1723.5	1443.0	1216.0	1083.0	987.0	846.0	682.5	560.0	493.5	454.5	377.0	306.0	253.0	208.0	186.5	152.5	112.0	77.0	64.5	52.0	38.5	29.5	18.0	9.0	7.0	8.0	5.5	2.5	1.5	1.0	1.0	0.5	0.0	0.0	0.0	0.0	0.0	0.0	0.0	0.0	0.0	0.0	0.0
Sor-ACeb_017-Ex1-12F-lcwgs-1-2-L3-clmp.fp2_repr.R2	0.0	0.0	0.0	0.0	0.0	0.0	0.5	1.0	1.0	0.5	1.0	1.5	4.5	8.0	12.0	34.0	85.5	160.5	252.0	429.5	695.0	1028.0	1480.0	2061.0	2754.5	3612.5	4605.0	5606.0	6785.5	8047.0	9096.0	10244.5	11559.0	12550.0	13179.5	13747.5	14022.0	13921.5	13800.5	13514.5	13132.0	12544.5	11775.0	10966.0	10019.5	9292.0	8569.0	7760.5	6978.5	6129.5	5422.5	4771.5	4120.5	3597.0	3130.5	2709.0	2310.5	1987.5	1729.0	1457.5	1222.0	1061.5	957.5	825.5	670.0	551.5	489.5	460.0	379.0	297.5	265.0	224.0	178.0	145.0	113.5	85.0	67.5	49.0	36.0	27.0	17.5	13.0	9.5	8.0	5.5	2.5	1.5	1.0	1.0	0.5	0.0	0.0	0.0	0.0	0.0	0.0	0.0	0.0	0.0	0.0	0.0
Sor-ACeb_018-Ex1-1G-lcwgs-1-2-L2-clmp.fp2_repr.R1	0.0	0.0	0.0	0.0	0.0	0.0	0.0	0.0	0.5	1.5	2.5	2.0	3.5	7.0	10.5	20.5	35.0	61.5	97.0	154.0	238.5	321.0	418.0	549.5	680.0	840.0	1049.0	1217.5	1414.0	1640.5	1764.5	1926.5	2093.0	2214.5	2339.0	2405.0	2369.5	2292.0	2255.5	2189.5	2068.0	1930.0	1809.5	1683.0	1547.5	1427.5	1276.5	1127.5	1029.5	884.5	754.5	703.0	626.0	516.0	424.5	353.0	303.5	269.5	233.0	199.0	157.0	124.0	115.0	103.0	88.5	73.5	60.5	52.5	49.0	37.0	25.5	24.0	19.0	16.0	12.5	6.0	4.5	4.0	2.0	1.0	1.0	1.0	0.5	0.5	1.5	1.0	0.0	0.0	0.5	0.5	0.0	0.0	0.0	0.0	0.0	0.0	0.0	0.0	0.0	0.0	0.0
Sor-ACeb_018-Ex1-1G-lcwgs-1-2-L2-clmp.fp2_repr.R2	0.0	0.0	0.0	0.0	0.0	0.0	0.0	0.0	0.0	1.5	2.5	2.5	3.5	5.0	10.0	18.5	35.5	68.0	97.5	160.0	243.0	308.5	420.0	564.0	704.5	860.5	1036.5	1194.0	1404.0	1639.5	1767.5	1954.5	2132.5	2235.5	2355.5	2381.0	2314.5	2284.0	2277.0	2185.5	2050.5	1932.0	1818.5	1689.5	1542.0	1408.5	1266.0	1113.0	1005.5	891.5	770.5	699.5	618.0	522.0	437.5	355.5	295.5	264.5	239.0	200.0	163.0	128.0	115.5	106.5	86.0	71.0	63.5	53.0	40.0	31.5	24.5	18.0	11.0	13.5	17.0	11.5	6.0	3.5	3.0	2.0	0.5	0.0	1.5	3.0	3.0	2.0	1.0	0.5	0.5	0.5	0.0	0.0	0.0	0.0	0.0	0.0	0.0	0.0	0.0	0.0	0.0
Sor-ACeb_018-Ex1-1G-lcwgs-1-2-L3-clmp.fp2_repr.R1	0.0	0.0	0.0	0.0	0.0	0.0	0.0	0.0	0.0	0.0	0.5	0.5	3.0	6.5	14.5	26.0	40.0	62.0	97.5	152.0	226.5	298.0	376.5	520.5	693.5	824.0	944.0	1128.0	1331.5	1515.0	1682.0	1866.0	2026.0	2114.5	2219.0	2280.5	2252.5	2217.5	2188.5	2102.0	1987.5	1872.5	1768.5	1657.0	1485.0	1349.5	1253.0	1102.5	947.5	847.5	788.0	679.5	567.0	505.5	432.0	342.5	273.0	239.0	217.5	196.0	164.5	139.0	126.5	111.5	90.5	72.5	63.5	56.5	43.0	38.0	37.5	34.0	26.0	19.5	17.0	13.0	9.0	5.5	3.5	3.5	2.5	1.0	1.0	0.5	0.0	0.0	0.0	0.0	0.0	0.0	0.0	0.0	0.0	0.0	0.0	0.0	0.0	0.0	0.0	0.0	0.0
Sor-ACeb_018-Ex1-1G-lcwgs-1-2-L3-clmp.fp2_repr.R2	0.0	0.0	0.0	0.0	0.0	0.0	0.0	0.0	0.0	0.0	1.0	1.5	5.0	10.5	15.0	25.5	39.0	62.5	98.5	151.5	237.5	313.0	399.5	532.5	683.0	845.5	969.5	1118.5	1314.0	1526.0	1713.0	1851.0	1993.5	2113.5	2205.0	2268.5	2269.0	2216.5	2176.0	2094.5	1985.0	1893.0	1773.5	1672.5	1506.5	1340.0	1229.5	1104.0	973.0	861.5	775.0	635.0	543.0	512.0	419.0	332.0	288.5	248.0	220.5	198.5	170.5	133.5	114.0	102.5	87.0	67.0	60.0	58.0	42.0	36.5	40.0	37.5	29.0	22.5	18.5	13.0	7.5	5.0	3.5	1.5	1.5	1.5	1.0	0.5	0.0	0.0	0.0	0.0	0.0	0.0	0.0	0.0	0.0	0.0	0.0	0.0	0.0	0.0	0.0	0.0	0.0
Sor-ACeb_019-Ex1-3G-lcwgs-1-2-L2-clmp.fp2_repr.R1	0.0	0.0	0.0	0.0	0.0	0.0	0.0	0.0	0.0	0.0	0.5	1.0	1.5	5.0	6.5	9.5	14.5	18.0	33.0	55.0	79.0	116.0	153.0	190.5	227.0	268.5	312.0	374.0	453.5	509.5	527.0	547.0	584.5	600.5	607.5	602.5	591.5	589.0	593.5	604.0	568.0	502.5	463.0	429.5	399.5	375.0	339.5	307.0	276.5	234.0	217.5	200.0	163.0	128.5	99.5	81.5	75.0	66.0	54.0	50.0	44.0	37.5	31.5	26.5	20.5	12.0	8.0	8.0	9.5	8.0	5.0	3.5	2.0	3.0	4.0	3.5	1.5	0.0	0.0	0.0	0.0	0.5	0.5	0.0	0.0	0.0	0.0	0.0	0.0	0.0	0.0	0.0	0.0	0.0	0.0	0.0	0.0	0.0	0.0	0.0	0.0
Sor-ACeb_019-Ex1-3G-lcwgs-1-2-L2-clmp.fp2_repr.R2	0.0	0.0	0.0	0.0	0.0	0.0	0.0	0.0	0.0	0.0	0.5	1.5	1.5	3.5	8.0	11.0	14.0	22.0	39.0	66.0	89.0	115.0	151.0	198.5	238.0	264.5	314.0	366.0	417.0	460.5	504.5	557.5	586.5	597.0	621.5	636.5	613.5	596.0	588.0	571.0	551.5	513.5	474.0	450.0	404.5	363.5	344.5	310.5	271.5	241.0	214.0	186.5	162.5	137.0	110.5	85.0	69.0	68.5	60.5	50.0	42.0	35.0	28.0	20.0	17.5	15.5	11.5	8.0	7.0	7.0	5.0	4.0	4.0	3.0	3.0	2.5	1.0	0.5	0.0	0.0	0.0	0.5	0.5	0.0	0.0	0.0	0.0	0.0	0.0	0.0	0.0	0.0	0.0	0.0	0.0	0.0	0.0	0.0	0.0	0.0	0.0
Sor-ACeb_019-Ex1-3G-lcwgs-1-2-L3-clmp.fp2_repr.R1	0.0	0.0	0.0	0.0	0.0	0.0	0.0	0.0	0.0	0.0	0.0	0.0	0.5	2.0	5.5	10.5	16.0	23.5	34.0	50.5	72.5	105.5	134.0	166.0	200.0	234.0	268.0	311.5	358.5	404.5	468.5	481.0	475.5	529.0	561.0	550.5	538.5	499.0	467.5	482.0	482.5	452.5	397.0	357.0	337.0	309.5	304.5	279.0	231.5	200.0	181.5	170.0	159.5	132.0	102.0	86.0	70.5	61.5	54.0	35.5	30.5	31.0	23.5	21.0	20.5	17.5	10.5	7.5	10.5	10.0	6.5	6.5	6.0	6.5	7.0	3.5	1.0	0.0	0.0	0.0	0.0	0.0	0.0	0.0	0.0	0.0	0.0	0.0	0.0	0.0	0.0	0.0	0.0	0.0	0.0	0.0	0.0	0.0	0.0	0.0	0.0
Sor-ACeb_019-Ex1-3G-lcwgs-1-2-L3-clmp.fp2_repr.R2	0.0	0.0	0.0	0.0	0.0	0.0	0.0	0.0	0.0	0.0	0.0	0.5	1.0	1.0	3.5	7.0	16.0	25.0	33.5	54.0	82.5	106.0	126.5	166.5	201.5	235.5	281.5	322.5	356.5	386.0	458.0	492.0	483.0	522.0	541.0	540.0	525.0	491.5	482.5	478.5	473.0	454.0	399.0	356.5	330.5	314.0	303.5	278.0	241.5	207.5	191.5	174.5	161.5	136.5	99.5	86.0	77.0	61.5	52.0	40.0	32.0	29.5	24.0	24.0	22.0	15.0	8.5	5.5	10.5	11.5	7.0	5.0	3.5	5.0	6.0	3.5	1.5	0.5	0.0	0.0	0.0	0.0	0.0	0.0	0.0	0.0	0.0	0.0	0.0	0.0	0.0	0.0	0.0	0.0	0.0	0.0	0.0	0.0	0.0	0.0	0.0
Sor-ACeb_020-Ex1-2G-lcwgs-1-2-L2-clmp.fp2_repr.R1	0.0	0.0	0.0	0.5	1.0	0.5	0.0	0.0	0.0	0.5	1.0	1.0	1.0	0.5	1.5	7.0	14.5	23.5	26.5	32.5	53.0	80.5	110.0	122.5	146.5	194.5	240.0	271.5	285.0	302.5	314.0	341.0	368.5	380.0	394.5	392.0	395.5	403.0	386.0	361.5	337.5	318.0	295.5	267.5	251.0	232.0	210.0	198.5	178.0	151.5	145.0	134.5	116.0	94.5	72.5	67.0	61.0	49.0	44.0	35.5	25.5	23.5	21.0	20.5	22.0	19.0	16.5	11.0	6.0	6.0	4.0	1.5	1.5	1.5	0.5	0.5	1.5	2.0	1.5	0.5	0.0	0.0	0.0	0.0	0.0	0.0	0.0	0.0	0.0	0.0	0.0	0.0	0.0	0.0	0.0	0.0	0.0	0.0	0.0	0.0	0.0
Sor-ACeb_020-Ex1-2G-lcwgs-1-2-L2-clmp.fp2_repr.R2	0.0	0.0	0.0	0.0	0.0	0.0	0.0	0.0	0.0	0.0	0.0	0.0	0.0	0.5	2.0	6.0	12.5	23.5	26.5	32.5	53.0	82.5	106.0	122.0	149.5	192.5	243.0	271.5	288.5	304.0	314.5	343.0	365.0	366.5	376.0	395.0	396.5	382.0	377.0	365.5	350.5	329.5	292.5	274.0	266.0	238.0	210.5	193.0	174.0	155.5	144.5	132.0	114.5	91.5	68.0	65.5	65.0	51.0	44.0	39.0	29.5	22.0	21.5	24.5	21.5	17.0	14.0	8.5	3.5	5.0	6.0	3.0	2.0	1.5	0.5	1.0	1.5	2.0	1.5	0.5	0.0	0.0	0.0	0.0	0.0	0.0	0.0	0.0	0.0	0.0	0.0	0.0	0.0	0.0	0.0	0.0	0.0	0.0	0.0	0.0	0.0
Sor-ACeb_020-Ex1-2G-lcwgs-1-2-L3-clmp.fp2_repr.R1	0.0	0.0	0.0	0.0	0.0	0.0	0.0	0.0	0.0	0.0	0.0	0.0	1.0	3.0	4.5	6.5	10.5	17.0	29.5	39.5	64.0	98.5	117.5	135.5	163.0	205.5	234.5	258.0	285.0	303.0	347.5	371.5	389.0	404.5	425.5	450.5	432.5	401.0	378.5	370.5	377.5	360.5	319.5	295.0	281.0	260.0	229.0	216.5	190.5	157.5	148.0	138.0	123.5	114.0	93.5	72.5	59.5	54.5	51.5	43.0	33.0	25.5	25.0	20.5	16.5	15.0	10.5	10.5	12.0	12.0	12.0	8.5	5.5	3.0	2.0	2.5	1.5	1.0	1.0	0.5	0.0	0.5	1.0	0.5	0.0	0.0	0.0	0.0	0.0	0.0	0.0	0.0	0.0	0.0	0.0	0.0	0.0	0.0	0.0	0.0	0.0
Sor-ACeb_020-Ex1-2G-lcwgs-1-2-L3-clmp.fp2_repr.R2	0.0	0.0	0.0	0.0	0.0	0.0	0.0	0.0	0.0	0.0	0.0	0.0	1.0	3.0	4.5	7.5	12.5	14.5	22.5	37.5	60.0	93.0	132.0	151.5	158.0	189.5	233.5	256.5	275.5	310.0	359.5	386.5	387.0	400.5	418.0	429.0	424.5	411.5	394.5	381.0	382.5	373.5	327.5	296.5	281.0	249.5	223.0	208.0	188.0	153.5	142.5	142.5	129.5	110.0	92.0	77.0	59.0	52.0	51.5	45.5	34.5	27.5	27.0	21.0	14.5	15.0	13.0	10.5	9.0	9.0	11.0	9.5	5.5	3.0	2.0	2.0	2.0	1.5	1.0	0.5	0.0	1.0	1.0	0.0	0.0	0.0	0.0	0.0	0.0	0.0	0.0	0.0	0.0	0.0	0.0	0.0	0.0	0.0	0.0	0.0	0.0
Sor-ACeb_021-Ex1-4G-lcwgs-1-2-L2-clmp.fp2_repr.R1	0.0	0.0	0.0	0.0	0.0	0.0	0.0	0.0	0.0	0.0	0.0	0.0	0.0	0.5	2.5	3.5	2.0	3.0	4.5	5.5	9.0	15.5	23.0	21.5	25.5	35.5	38.5	44.5	53.0	56.5	62.0	69.0	64.5	57.0	56.5	68.0	81.5	79.0	71.5	63.5	56.5	56.0	48.0	37.5	42.5	44.5	34.5	29.0	29.0	26.5	17.0	11.0	15.0	17.5	13.0	9.5	7.0	4.5	5.0	4.5	4.0	4.0	2.5	1.5	1.0	2.5	2.5	1.0	1.5	1.5	0.5	0.5	1.0	1.0	1.0	1.0	0.5	0.0	0.0	0.0	0.0	0.0	0.0	0.0	0.0	0.0	0.0	0.0	0.0	0.0	0.0	0.0	0.0	0.0	0.0	0.0	0.0	0.0	0.0	0.0	0.0
Sor-ACeb_021-Ex1-4G-lcwgs-1-2-L2-clmp.fp2_repr.R2	0.0	0.0	0.0	0.0	0.0	0.0	0.0	0.0	0.0	0.0	0.0	0.0	0.0	0.5	2.0	3.5	3.0	4.5	6.0	4.0	6.0	14.0	20.0	23.5	28.5	36.0	43.0	41.0	46.5	54.5	61.0	68.0	68.0	64.0	57.5	71.0	87.5	78.0	64.5	59.5	62.0	60.5	46.0	38.5	42.5	43.0	33.5	29.0	30.5	24.0	15.0	9.0	12.0	16.5	12.0	9.0	6.0	3.5	5.5	5.5	4.5	4.5	3.0	2.0	1.5	2.5	2.5	1.0	1.5	1.5	0.5	0.5	1.0	1.0	1.0	1.0	0.5	0.0	0.0	0.0	0.0	0.0	0.0	0.0	0.0	0.0	0.0	0.0	0.0	0.0	0.0	0.0	0.0	0.0	0.0	0.0	0.0	0.0	0.0	0.0	0.0
Sor-ACeb_021-Ex1-4G-lcwgs-1-2-L3-clmp.fp2_repr.R1	0.0	0.0	0.0	0.0	0.0	0.0	0.0	0.0	0.0	0.0	0.0	0.0	0.5	0.5	0.0	1.5	3.0	3.0	3.5	3.0	6.0	10.0	16.5	25.0	23.0	19.5	25.5	31.5	36.5	50.5	58.5	58.5	63.0	63.0	56.5	55.0	58.0	65.5	63.0	57.5	55.0	52.0	49.5	40.0	32.0	29.5	28.5	28.0	27.0	24.5	24.0	21.5	19.5	16.0	14.0	13.0	14.0	14.5	12.0	9.5	5.5	4.5	5.5	6.0	4.5	2.5	1.0	1.0	1.0	0.0	0.5	2.0	2.0	0.5	0.0	0.5	1.0	1.0	0.5	0.5	0.5	0.0	0.0	0.0	0.0	0.0	0.0	0.0	0.0	0.0	0.0	0.0	0.0	0.0	0.0	0.0	0.0	0.0	0.0	0.0	0.0
Sor-ACeb_021-Ex1-4G-lcwgs-1-2-L3-clmp.fp2_repr.R2	0.0	0.0	0.0	0.0	0.0	0.0	0.0	0.0	0.0	0.0	0.0	0.0	0.0	0.0	0.0	0.5	1.5	2.0	4.0	5.0	5.0	10.5	18.0	21.0	22.5	22.5	26.0	34.5	36.5	47.5	60.0	59.5	60.5	60.0	57.5	57.0	59.0	66.5	70.0	60.0	54.0	52.5	46.0	41.5	38.0	34.0	29.0	26.5	25.0	21.5	21.0	18.5	16.5	16.0	14.5	13.5	13.0	12.5	13.0	11.5	6.0	5.0	6.0	6.0	4.5	2.5	1.0	1.0	1.5	0.5	0.5	1.5	1.5	0.5	0.0	0.5	1.0	1.0	0.5	0.5	0.5	0.0	0.0	0.0	0.0	0.0	0.0	0.0	0.0	0.0	0.0	0.0	0.0	0.0	0.0	0.0	0.0	0.0	0.0	0.0	0.0
Sor-ACeb_022-Ex1-5G-lcwgs-1-2-L2-clmp.fp2_repr.R1	0.0	0.0	0.0	0.0	0.0	0.0	0.0	0.0	0.0	0.5	1.0	3.5	11.0	25.0	40.5	61.5	100.5	148.5	201.0	282.0	355.5	392.0	454.5	555.5	642.5	690.0	762.0	829.0	886.5	937.0	955.5	997.5	1021.0	994.5	998.5	1039.5	1025.0	970.5	910.5	847.0	814.0	786.0	764.5	764.0	740.0	694.5	629.0	573.0	528.5	488.0	459.5	418.0	355.0	301.5	291.0	292.5	261.0	218.0	207.5	202.5	193.5	189.5	189.5	189.0	186.5	204.0	197.5	166.0	151.0	131.5	110.5	100.0	88.0	71.5	53.5	46.5	36.5	27.0	22.0	12.5	8.5	7.5	5.5	2.5	1.5	0.5	0.0	0.0	0.0	0.0	0.0	0.0	0.0	0.0	0.0	0.0	0.0	0.0	0.0	0.0	0.0
Sor-ACeb_022-Ex1-5G-lcwgs-1-2-L2-clmp.fp2_repr.R2	0.0	0.0	0.0	0.0	0.0	0.0	0.0	0.0	0.0	0.5	3.5	4.5	10.0	24.0	41.0	72.5	113.5	158.0	201.0	274.5	350.0	394.5	466.0	562.5	626.5	673.5	763.0	838.5	898.0	920.5	931.0	1000.5	1032.5	1001.5	1001.0	1026.5	1012.0	965.0	905.0	845.5	826.0	801.0	767.5	754.0	733.5	687.5	630.0	579.0	522.0	477.5	450.0	416.5	358.5	319.5	322.0	309.0	266.0	239.0	225.0	204.5	185.0	171.0	175.5	184.0	184.5	194.5	177.5	148.5	136.5	128.0	115.0	111.5	96.5	67.0	54.5	52.0	42.0	33.0	28.5	15.0	9.5	8.5	6.0	4.0	2.0	0.5	0.0	0.0	0.0	0.0	0.0	0.0	0.0	0.0	0.0	0.0	0.0	0.0	0.0	0.0	0.0
Sor-ACeb_022-Ex1-5G-lcwgs-1-2-L3-clmp.fp2_repr.R1	0.0	0.0	0.0	0.0	0.0	0.5	1.0	0.5	0.0	1.0	1.5	3.5	12.5	22.0	30.0	53.0	82.5	126.0	175.0	216.0	275.5	345.0	417.0	497.0	560.5	621.5	661.0	670.5	737.0	807.5	833.0	867.0	897.5	910.0	932.5	896.0	846.0	843.0	801.0	750.5	739.5	724.0	683.0	629.0	587.5	562.5	550.5	523.0	476.5	452.0	432.0	403.0	370.5	329.5	283.5	253.5	241.5	222.0	201.0	198.5	185.5	179.0	172.5	156.5	169.0	168.0	143.0	144.5	150.5	137.0	110.5	95.0	90.5	75.0	65.0	56.5	39.5	30.5	26.5	19.5	13.0	7.0	3.5	4.0	2.0	0.5	1.0	1.0	0.5	0.0	0.0	0.0	0.0	0.0	0.0	0.0	0.0	0.0	0.0	0.0	0.0
Sor-ACeb_022-Ex1-5G-lcwgs-1-2-L3-clmp.fp2_repr.R2	0.0	0.0	0.0	0.0	0.5	1.0	0.5	0.0	0.0	2.0	4.5	5.0	11.0	28.0	38.0	46.0	68.0	114.5	166.5	223.5	300.0	343.5	404.0	485.5	557.0	616.5	653.5	691.0	754.0	814.5	839.0	869.0	893.0	908.5	921.0	896.5	864.5	828.5	789.5	746.0	717.0	710.0	676.0	636.0	619.0	583.0	541.0	519.0	471.5	448.5	419.0	390.5	382.5	345.5	300.0	260.0	234.5	217.5	206.0	195.5	190.0	192.0	183.5	165.0	163.0	176.5	156.5	146.0	143.5	124.5	109.0	95.0	88.5	70.5	56.0	46.0	32.0	24.5	26.5	22.5	12.5	6.5	4.5	5.0	2.5	0.5	1.0	0.5	0.0	0.0	0.0	0.0	0.0	0.0	0.0	0.0	0.0	0.0	0.0	0.0	0.0
Sor-CPnd_001-Ex1-3E-lcwgs-1-2-L2-clmp.fp2_repr.R1	0.0	0.0	0.0	0.0	0.0	0.5	2.0	5.5	9.0	17.0	39.5	71.0	129.5	231.5	430.5	842.5	1462.0	2310.0	3546.0	5336.0	7615.5	10205.5	13431.5	17213.5	21286.5	25750.5	30585.5	35372.0	40227.0	45151.0	49588.0	53809.0	57819.0	61118.5	63977.0	66203.0	67075.0	67060.5	66738.5	65502.0	63502.5	61043.5	58018.0	54662.5	51633.5	48195.5	44294.5	40734.0	37000.5	33364.0	29904.0	26488.5	23192.5	20412.5	17831.5	15336.0	13125.5	11202.0	9615.5	8122.5	6855.5	5847.0	4881.5	4010.0	3162.0	2448.5	1926.0	1530.0	1176.5	867.0	655.5	481.0	384.0	313.0	242.5	200.5	167.0	138.0	111.0	80.5	63.0	50.0	34.5	20.5	14.5	14.5	13.5	9.5	6.0	4.5	3.0	2.0	1.0	0.0	0.0	0.0	0.0	0.0	0.0	0.0	0.0
Sor-CPnd_001-Ex1-3E-lcwgs-1-2-L2-clmp.fp2_repr.R2	0.0	0.0	0.0	0.0	0.0	1.0	2.5	8.0	15.0	19.0	34.0	81.0	149.5	255.5	476.0	837.0	1414.0	2291.0	3494.5	5180.0	7558.0	10334.0	13453.0	17032.5	21172.0	25656.5	30362.0	35320.5	40249.0	44965.0	49512.5	54037.5	57904.5	60785.5	63613.0	65963.0	67120.5	67449.0	67067.0	65502.0	63359.5	61255.5	58437.0	54973.5	51650.5	48049.0	44155.5	40473.0	36880.0	33445.5	29925.0	26428.5	23173.5	20456.5	17783.0	15351.5	13276.5	11352.0	9756.5	8262.0	6934.0	5758.0	4768.5	3979.0	3181.5	2478.0	1940.0	1526.0	1172.5	837.5	637.5	496.5	379.0	305.5	237.0	186.0	148.0	122.0	106.5	78.5	60.5	44.0	32.5	23.5	14.5	15.5	13.0	8.0	7.5	6.5	4.0	1.5	0.5	0.0	0.0	0.0	0.0	0.0	0.0	0.0	0.0
Sor-CPnd_001-Ex1-3E-lcwgs-1-2-L3-clmp.fp2_repr.R1	0.0	0.0	0.0	0.0	0.0	0.0	2.0	6.0	11.0	16.0	27.5	54.0	102.0	218.0	417.0	722.5	1239.0	2007.0	3060.5	4531.0	6415.5	8729.0	11543.5	14793.5	18132.5	21655.0	25872.0	30209.0	34357.0	38115.0	41806.0	45329.0	48451.5	51292.5	53916.0	55934.5	56771.0	56904.0	56551.5	55540.5	53888.5	51977.5	49505.5	46868.5	44142.0	41266.5	38110.0	34872.5	31872.0	28669.0	25781.5	23045.5	20319.0	17765.0	15339.5	13258.5	11395.0	9857.0	8566.5	7283.5	6081.5	5026.5	4141.5	3404.5	2781.5	2227.5	1720.5	1337.0	1062.0	814.5	633.0	496.5	353.5	268.0	220.5	176.5	141.5	106.5	85.0	75.5	68.0	43.0	25.5	24.5	20.0	18.0	14.5	8.0	4.5	1.5	0.0	0.0	0.0	0.0	0.0	0.0	0.0	0.0	0.0	0.0	0.0
Sor-CPnd_001-Ex1-3E-lcwgs-1-2-L3-clmp.fp2_repr.R2	0.0	1.0	2.0	2.0	1.0	0.5	1.5	6.0	12.0	17.5	26.5	52.5	106.5	206.0	384.5	710.5	1215.5	1958.0	3066.0	4569.0	6428.0	8675.0	11427.5	14632.5	18093.5	21651.5	25643.5	29975.0	34191.5	37958.5	41511.0	45038.5	48360.0	51504.0	54077.5	55727.5	56766.5	57127.0	56600.5	55596.5	54044.0	51976.0	49610.5	46888.5	44050.5	41326.5	38255.5	35002.0	31910.0	28695.0	25780.0	22985.5	20234.0	17765.0	15385.5	13308.0	11509.5	9955.5	8584.5	7274.5	6064.5	5050.5	4208.0	3446.0	2763.0	2236.5	1727.5	1334.0	1056.0	795.5	625.0	479.5	356.0	283.0	227.5	171.5	141.0	113.5	82.5	66.5	60.0	42.5	30.5	28.0	18.5	13.0	11.0	7.0	2.5	0.5	1.0	0.5	0.0	0.0	0.0	0.0	0.0	0.0	0.0	0.0	0.0
Sor-CPnd_002-Ex1-5E-lcwgs-1-2-L2-clmp.fp2_repr.R1	0.0	0.0	0.0	0.0	0.0	0.0	0.0	1.5	6.0	11.0	19.5	36.5	68.0	134.0	255.0	485.5	823.0	1294.0	1990.5	2957.5	4145.5	5545.5	7262.5	9298.5	11556.0	13831.0	16258.0	18889.0	21573.5	24082.5	26619.0	29047.0	31025.5	32743.5	34605.0	36152.5	37051.0	37639.5	37641.5	37377.0	36849.0	35793.5	34441.5	33031.0	31426.5	29693.5	27909.0	26165.5	24308.5	22130.0	20127.0	18294.5	16491.5	14836.5	13219.5	11697.5	10275.5	8967.0	7912.0	6914.0	5926.5	5039.5	4275.5	3610.5	2985.5	2417.0	1900.0	1505.0	1219.5	983.5	771.5	576.5	429.5	333.0	254.5	190.0	147.0	120.5	99.5	80.5	66.0	51.5	39.5	28.5	17.5	10.0	8.0	7.5	4.0	1.0	0.0	0.0	0.0	0.0	0.0	0.0	0.0	0.0	0.0	0.0	0.0
Sor-CPnd_002-Ex1-5E-lcwgs-1-2-L2-clmp.fp2_repr.R2	0.0	0.0	0.0	0.0	0.5	1.5	1.5	3.5	10.0	17.5	27.5	43.5	69.0	126.5	246.5	465.5	782.5	1260.5	1958.5	2898.5	4095.0	5528.5	7212.5	9294.5	11504.5	13752.0	16229.0	18832.0	21486.5	24119.5	26753.5	28929.0	30711.0	32493.0	34427.0	35999.0	36996.0	37677.0	37873.5	37540.5	36784.0	35859.0	34541.5	33016.0	31401.5	29806.0	27977.0	26046.0	24305.0	22292.0	20208.0	18217.0	16477.0	14856.5	13182.0	11670.0	10270.0	8984.5	7925.5	6932.0	5942.5	5026.0	4258.0	3607.0	2980.5	2414.0	1884.0	1491.5	1221.0	969.5	755.5	569.5	430.5	331.5	249.0	196.0	153.5	118.0	101.0	82.5	64.0	46.5	32.0	25.0	16.0	8.5	6.5	7.0	5.0	2.0	0.5	0.0	0.0	0.0	0.0	0.0	0.0	0.0	0.0	0.0	0.0
Sor-CPnd_002-Ex1-5E-lcwgs-1-2-L3-clmp.fp2_repr.R1	0.0	0.0	0.0	0.0	0.0	0.0	0.5	1.5	5.5	8.5	11.5	33.5	69.0	121.5	217.5	401.5	692.0	1113.5	1752.0	2650.5	3734.5	5046.5	6575.0	8290.5	10307.0	12451.5	14697.5	17279.0	19880.0	22254.5	24626.5	26747.0	28709.0	30613.5	32096.5	33349.5	34132.5	34299.0	34428.0	34356.5	33731.0	32888.5	31853.5	30477.5	29041.0	27347.0	25476.5	23629.5	21865.0	20171.0	18371.5	16595.0	14846.5	13249.5	11783.0	10434.5	9299.5	8252.5	7199.0	6099.5	5162.0	4446.5	3809.5	3252.0	2668.5	2084.5	1618.0	1299.5	1036.5	802.5	622.5	473.0	382.0	329.0	249.5	177.0	144.0	120.5	93.5	73.0	58.5	36.0	16.5	10.5	5.0	2.5	6.5	6.5	2.5	0.5	0.5	1.5	1.5	1.0	0.5	0.0	0.0	0.0	0.0	0.0	0.0
Sor-CPnd_002-Ex1-5E-lcwgs-1-2-L3-clmp.fp2_repr.R2	0.0	0.0	0.0	0.0	0.0	0.5	1.0	1.0	3.5	10.5	18.5	35.5	64.0	118.0	224.5	400.5	678.0	1104.5	1723.5	2658.5	3815.5	4994.5	6411.0	8192.5	10219.5	12438.5	14776.5	17174.0	19830.0	22403.0	24594.0	26531.5	28540.5	30587.5	32010.0	33061.0	33885.0	34278.0	34551.5	34417.0	33666.5	32921.5	31937.5	30522.0	29031.0	27325.5	25530.5	23738.5	21955.5	20152.5	18426.5	16629.5	14871.0	13226.5	11673.0	10436.5	9354.0	8278.0	7186.5	6112.0	5194.0	4483.0	3839.0	3264.0	2658.5	2069.0	1604.5	1268.0	1001.5	790.5	612.5	465.0	370.0	315.5	244.0	167.5	130.5	117.0	94.5	72.5	55.0	30.5	16.0	12.5	8.0	5.0	6.0	5.5	2.5	1.0	1.5	2.5	2.0	1.0	0.5	0.0	0.0	0.0	0.0	0.0	0.0
Sor-CPnd_003-Ex1-2B-lcwgs-1-2-L2-clmp.fp2_repr.R1	0.0	0.0	0.0	0.0	0.0	0.0	0.5	2.0	3.5	3.0	6.5	15.5	30.0	66.0	118.0	218.0	396.0	647.5	975.0	1447.5	2140.5	3031.0	4067.0	5276.5	6616.5	8114.0	9795.5	11424.5	13056.0	14739.0	16400.5	17860.0	19263.0	20758.0	21900.0	22598.0	23165.5	23510.5	23496.0	23318.0	22923.0	22214.5	21403.5	20322.0	19141.0	18000.5	16799.0	15699.0	14485.0	13196.0	11984.5	10640.0	9281.0	8186.0	7285.5	6392.5	5504.5	4759.0	4118.5	3522.5	2958.0	2492.0	2090.0	1712.0	1404.5	1129.5	882.0	704.0	555.5	424.5	330.0	275.0	204.5	142.5	112.0	97.5	84.5	65.5	44.0	35.0	30.0	19.0	14.0	13.5	10.5	6.5	4.0	2.0	1.0	0.5	0.0	0.0	0.0	0.0	0.0	0.0	0.0	0.0	0.0	0.0	0.0
Sor-CPnd_003-Ex1-2B-lcwgs-1-2-L2-clmp.fp2_repr.R2	0.0	0.0	0.0	0.0	0.5	1.0	1.0	1.0	1.5	7.0	13.0	16.5	29.0	55.5	112.0	210.5	379.0	625.0	950.0	1416.0	2104.5	3002.0	4093.5	5278.5	6554.0	7968.0	9638.5	11342.0	12918.0	14628.5	16299.5	17747.0	19219.0	20738.0	21777.0	22515.5	23303.0	23668.0	23586.0	23469.5	23027.5	22217.5	21264.0	20281.5	19261.5	18080.5	16804.0	15657.5	14493.5	13216.0	11965.5	10517.5	9216.0	8200.0	7315.0	6409.5	5475.0	4734.0	4125.0	3539.5	2956.0	2469.5	2076.0	1708.0	1400.0	1128.5	868.5	697.5	565.5	416.0	315.5	264.0	200.5	136.5	101.5	86.0	74.5	60.5	47.5	42.5	34.0	21.5	13.0	11.0	9.0	5.0	3.0	1.5	1.0	0.5	0.0	0.0	0.0	0.0	0.0	0.0	0.0	0.0	0.0	0.0	0.0
Sor-CPnd_003-Ex1-2B-lcwgs-1-2-L3-clmp.fp2_repr.R1	0.0	0.0	0.0	0.0	1.0	2.0	3.0	2.5	2.0	4.5	10.0	16.0	30.5	76.5	141.0	225.5	370.5	615.0	1063.5	1646.0	2355.0	3325.5	4506.5	5853.5	7434.0	9213.5	11021.5	12786.0	14772.0	16803.0	18536.0	20387.0	22125.0	23675.5	25005.0	26009.0	26693.5	26914.5	26727.5	26386.0	25962.0	25144.5	24220.5	23184.0	21879.5	20531.0	19226.0	17831.5	16312.5	14767.0	13277.5	11895.5	10625.0	9441.0	8284.0	7191.0	6270.5	5509.0	4713.5	3971.5	3381.5	2832.5	2371.5	1959.0	1584.0	1255.5	969.5	761.5	606.0	480.0	367.5	276.0	216.0	172.0	145.0	116.0	84.5	65.0	54.0	39.0	28.5	19.5	13.0	13.0	11.0	6.0	5.0	6.5	5.0	1.5	0.0	0.0	0.0	0.0	0.0	0.0	0.0	0.0	0.0	0.0	0.0
Sor-CPnd_003-Ex1-2B-lcwgs-1-2-L3-clmp.fp2_repr.R2	0.0	0.0	0.0	0.0	0.0	0.0	0.5	1.5	3.0	6.0	14.5	23.0	39.5	69.0	122.5	221.0	366.0	631.5	1046.0	1594.5	2356.0	3319.0	4436.0	5773.0	7362.0	9095.5	10859.5	12685.0	14558.0	16716.5	18691.0	20406.5	22115.0	23553.0	24807.0	25819.0	26651.5	26994.0	26919.5	26537.5	26045.5	25254.5	24153.0	23122.0	21874.0	20545.5	19218.0	17788.0	16271.5	14737.0	13317.5	11995.5	10696.0	9476.5	8301.5	7205.5	6267.0	5513.5	4763.0	4041.5	3423.0	2826.0	2374.0	1997.5	1624.0	1265.5	958.0	747.0	590.5	475.0	369.0	280.5	219.5	187.0	146.0	103.5	79.0	58.0	51.0	40.5	30.0	19.0	13.0	13.0	9.5	5.0	5.0	6.0	3.0	0.5	0.0	0.0	0.0	0.0	0.0	0.0	0.0	0.0	0.0	0.0	0.0
Sor-CPnd_004-Ex1-1G-lcwgs-1-2-L2-clmp.fp2_repr.R1	0.0	0.0	0.0	0.5	0.5	0.5	1.5	5.5	12.0	25.0	50.0	88.5	158.0	302.5	612.0	1166.5	2027.5	3211.0	4921.5	7326.0	10330.0	13947.5	18266.5	23338.5	29002.0	35003.5	41373.5	47913.0	54343.5	60760.0	67147.0	73076.5	78137.5	82252.5	85638.5	88332.5	89684.5	89775.5	89086.5	87267.5	84628.0	81435.5	77498.0	73427.0	69422.5	64889.0	59837.5	55027.0	50559.0	45847.0	41239.5	36845.5	32742.0	29015.0	25375.0	22154.5	19299.0	16714.0	14561.0	12679.5	10835.5	9095.0	7578.0	6213.0	5003.0	3966.0	3037.0	2337.5	1793.0	1366.5	1081.0	832.0	632.5	497.5	378.5	282.5	224.5	195.0	165.5	122.5	88.0	66.0	52.5	37.5	26.5	18.5	12.5	9.5	7.5	4.5	1.0	0.0	0.0	0.0	0.0	0.0	0.0	0.0	0.0	0.0	0.0
Sor-CPnd_004-Ex1-1G-lcwgs-1-2-L2-clmp.fp2_repr.R2	0.0	0.0	0.0	0.5	1.5	2.0	1.5	5.0	15.0	29.0	54.5	97.0	165.5	315.0	623.5	1142.5	1964.0	3168.5	4911.5	7307.0	10300.5	13982.0	18315.0	23373.0	28968.5	34867.0	41173.0	47522.5	54220.0	60571.0	66813.0	72894.5	77885.5	81996.5	85542.5	88281.0	89637.0	89902.0	89079.0	87144.0	84607.5	81676.0	77917.5	73678.5	69467.5	65196.0	60102.0	55056.0	50612.5	45955.0	41520.0	37038.5	32764.5	29144.5	25544.0	22169.0	19403.0	16939.0	14634.5	12606.0	10733.0	9073.5	7569.5	6198.5	5076.0	4034.5	3038.0	2279.0	1759.5	1390.5	1072.5	806.5	628.0	483.0	357.0	286.0	234.0	191.0	158.0	119.0	88.0	69.5	54.0	37.0	26.5	19.5	12.5	6.5	5.0	4.5	2.0	0.5	0.0	0.0	0.0	0.0	0.0	0.0	0.0	0.0	0.0
Sor-CPnd_004-Ex1-1G-lcwgs-1-2-L3-clmp.fp2_repr.R1	0.0	0.0	0.0	0.0	0.5	3.0	6.0	7.5	10.5	19.0	40.0	81.0	146.5	261.0	500.5	898.0	1562.5	2560.5	3963.5	5919.5	8427.0	11517.5	15144.0	19275.0	23841.5	28749.0	34036.5	39616.0	45162.5	50598.5	55689.5	60238.0	64579.5	68259.5	71134.5	73292.0	74531.0	74747.5	74134.0	72840.5	70821.5	68062.0	64698.0	61174.0	57504.5	53971.0	50220.5	46206.0	42403.5	38290.0	34350.0	30875.0	27385.5	24282.5	21226.0	18476.0	16253.0	14132.5	12267.5	10552.0	8985.0	7555.0	6317.0	5205.0	4210.0	3401.0	2640.0	2022.0	1575.0	1214.5	938.5	721.5	549.5	410.0	338.5	271.0	201.0	159.5	129.5	101.0	71.5	56.0	43.0	28.5	19.0	21.0	20.5	12.0	5.5	2.0	0.5	0.0	0.0	0.0	0.0	0.0	0.0	0.0	0.0	0.0	0.0
Sor-CPnd_004-Ex1-1G-lcwgs-1-2-L3-clmp.fp2_repr.R2	0.0	0.0	0.0	0.0	0.0	1.5	4.0	7.0	12.5	20.5	42.0	80.5	150.5	272.5	499.0	890.0	1567.0	2557.5	3977.0	5952.0	8464.5	11477.5	15057.5	19238.0	23760.0	28715.0	34004.5	39406.5	44964.5	50296.5	55350.5	59930.5	64088.0	67960.5	71208.5	73325.5	74488.5	75048.5	74456.0	72702.0	70689.5	68411.0	64985.0	61075.0	57473.0	54049.0	50317.0	46145.5	42381.5	38477.5	34573.0	31046.5	27553.0	24503.0	21347.0	18544.5	16422.0	14299.5	12259.0	10485.0	8948.0	7600.5	6335.5	5200.0	4251.0	3408.0	2628.5	2042.5	1587.5	1214.0	946.5	723.0	546.0	409.0	321.5	252.0	196.5	158.5	127.0	100.5	74.5	51.5	36.0	25.0	17.5	19.5	19.5	12.0	6.0	2.0	0.5	0.0	0.0	0.0	0.0	0.0	0.0	0.0	0.0	0.0	0.0
Sor-CPnd_005-Ex1-3D-lcwgs-1-2-L2-clmp.fp2_repr.R1	0.0	0.0	0.0	0.0	0.5	1.5	2.5	5.5	12.5	21.5	33.0	61.5	115.5	213.0	412.5	711.0	1191.0	1930.5	2964.0	4437.5	6366.0	8745.0	11611.0	15010.0	18901.5	23010.5	27430.0	32290.0	36952.0	41279.0	45608.5	49687.0	53320.5	56612.0	59411.0	61277.0	62300.5	62505.5	61729.0	60536.0	58702.0	56154.0	53349.0	50439.5	47333.5	43930.5	40773.0	37526.5	34055.5	30591.5	27219.5	24208.5	21459.5	18801.5	16247.0	13947.0	12011.0	10343.5	8884.5	7639.0	6443.5	5311.0	4437.0	3640.5	2877.5	2295.5	1847.5	1428.0	1034.0	777.5	596.0	456.0	362.0	306.5	245.0	199.5	174.0	153.0	120.0	89.5	75.0	59.5	42.0	33.5	30.0	21.0	13.5	10.0	6.0	3.5	1.0	0.0	0.0	0.0	0.0	0.0	0.0	0.0	0.0	0.0	0.0
Sor-CPnd_005-Ex1-3D-lcwgs-1-2-L2-clmp.fp2_repr.R2	0.0	0.0	0.0	0.0	1.0	2.5	3.0	8.0	13.5	21.0	38.5	65.0	116.0	205.5	392.5	681.0	1132.5	1847.5	2888.5	4384.0	6329.5	8703.0	11566.5	14933.5	18669.0	22718.5	27230.0	32016.5	36545.5	40884.0	45312.5	49571.0	53392.5	56541.0	58947.5	61018.5	62456.0	62516.5	62013.5	60762.0	58937.0	56475.5	53536.0	50686.0	47559.0	44254.5	40863.0	37563.0	34275.5	30890.5	27350.5	24309.5	21674.0	19013.0	16410.5	14104.5	12053.5	10237.0	8898.0	7717.5	6413.5	5256.5	4410.5	3648.0	2866.0	2307.5	1837.5	1401.0	1083.5	818.5	587.5	438.5	371.0	315.0	236.0	197.0	174.5	136.0	109.0	88.0	74.5	65.5	54.5	40.0	27.5	16.5	15.0	10.5	4.5	2.0	0.5	0.0	0.0	0.0	0.0	0.0	0.0	0.0	0.0	0.0	0.0
Sor-CPnd_005-Ex1-3D-lcwgs-1-2-L3-clmp.fp2_repr.R1	0.0	0.0	0.0	0.0	1.0	3.0	4.5	9.0	13.5	18.0	29.0	49.0	94.5	185.0	339.5	575.0	963.5	1559.5	2412.5	3610.5	5208.5	7074.5	9241.0	11889.0	14993.5	18430.0	21998.0	25630.0	29193.0	32824.5	36336.5	39452.0	42478.0	45039.0	47019.5	48549.5	49530.5	49705.0	49228.5	48650.5	47215.5	45154.5	42980.5	40313.5	37821.5	35431.0	32600.0	29980.5	27514.0	24763.0	22350.5	19770.0	17157.0	15078.5	13182.0	11447.0	9749.5	8316.5	7154.5	6196.0	5314.0	4421.0	3642.0	2983.5	2398.0	1899.0	1487.0	1158.0	901.5	684.5	510.0	374.0	301.5	259.0	213.5	176.5	141.0	104.5	86.0	73.5	53.5	38.5	32.5	25.0	20.5	22.5	17.0	7.5	3.5	1.5	0.5	0.0	0.0	0.0	0.0	0.0	0.0	0.0	0.0	0.0	0.0
Sor-CPnd_005-Ex1-3D-lcwgs-1-2-L3-clmp.fp2_repr.R2	0.0	0.0	0.0	0.0	0.0	3.0	5.0	7.0	10.0	14.5	22.0	44.5	85.0	165.0	320.0	556.5	929.5	1483.0	2339.5	3539.5	5111.5	6989.0	9170.0	11811.5	14788.0	18159.0	21733.0	25326.0	28928.5	32452.5	35800.0	39134.0	42253.5	44828.0	47062.0	48627.0	49782.5	50081.5	49269.5	48514.5	47217.5	45088.0	42943.0	40693.5	38224.5	35540.5	32792.5	30210.0	27720.0	24978.5	22345.5	19905.5	17494.5	15252.0	13164.0	11517.5	9924.5	8399.0	7279.5	6214.5	5265.0	4445.0	3650.5	2953.5	2378.0	1952.0	1522.0	1198.0	922.0	671.0	511.0	386.5	326.5	263.0	197.5	156.0	137.5	112.0	90.5	77.0	65.5	46.5	26.5	22.0	19.5	19.5	13.0	3.5	1.5	1.0	0.0	0.0	0.0	0.0	0.0	0.0	0.0	0.0	0.0	0.0	0.0
Sor-CPnd_006-Ex1-2D-lcwgs-1-2-L2-clmp.fp2_repr.R1	0.0	0.0	0.0	0.0	0.5	1.0	1.0	4.5	10.5	15.0	20.0	40.0	82.0	156.5	299.0	530.5	894.5	1426.5	2178.5	3257.0	4685.0	6472.5	8556.5	10981.5	13578.5	16466.5	19662.5	22959.0	26421.0	29757.5	32673.5	35461.5	38279.5	40737.5	42794.5	44116.5	45040.0	45730.0	45655.0	45063.0	44005.5	42507.0	40662.0	38675.0	36604.5	34236.5	31645.0	29219.5	26996.5	24703.0	22405.5	19930.5	17576.5	15554.0	13621.5	11903.0	10421.0	9103.5	7914.0	6785.0	5785.5	4930.0	4181.0	3492.5	2798.0	2190.0	1741.5	1416.5	1120.5	896.0	711.0	541.5	416.0	317.0	251.0	195.5	153.0	120.0	91.5	76.5	62.0	42.5	32.0	26.0	18.0	13.0	11.0	10.5	8.5	5.0	2.5	1.5	1.0	0.5	0.0	0.0	0.0	0.0	0.0	0.0	0.0
Sor-CPnd_006-Ex1-2D-lcwgs-1-2-L2-clmp.fp2_repr.R2	0.0	0.0	0.0	0.0	0.0	2.0	3.5	9.5	18.0	21.0	28.0	47.0	77.5	144.0	277.0	497.0	857.5	1408.0	2172.5	3247.0	4643.0	6368.0	8404.5	10776.0	13390.0	16330.0	19683.5	22908.5	26244.5	29598.0	32469.0	35426.0	38189.5	40522.0	42489.5	44010.0	45102.0	45671.5	45872.0	45190.0	43817.0	42310.5	40641.0	38846.0	36818.5	34472.0	31781.5	29310.0	26977.5	24504.5	22192.5	19987.5	17714.0	15574.0	13729.5	11966.5	10461.5	9163.5	7911.0	6760.5	5790.0	4917.0	4188.5	3498.5	2769.0	2179.5	1718.0	1371.0	1097.5	872.0	666.5	503.0	390.0	296.5	220.5	174.0	145.0	128.0	97.0	67.0	52.0	42.5	34.5	24.0	16.0	10.5	8.0	8.0	6.5	4.0	2.5	2.0	2.0	1.5	0.5	0.0	0.0	0.0	0.0	0.0	0.0
Sor-CPnd_006-Ex1-2D-lcwgs-1-2-L3-clmp.fp2_repr.R1	0.0	0.0	0.0	0.0	0.5	0.5	0.5	2.5	5.5	14.0	28.0	57.0	93.5	170.5	322.5	541.0	925.5	1516.5	2354.0	3624.5	5357.5	7374.5	9563.5	12296.0	15519.5	18994.0	22633.0	26368.5	30117.5	33735.5	37281.0	40788.0	43923.5	46601.5	48726.0	50636.0	51959.5	52417.5	52323.5	51275.5	50101.0	48605.0	46365.5	44063.5	41791.5	39099.5	36312.5	33538.5	30840.5	27923.0	25070.0	22662.0	20023.5	17554.5	15461.5	13507.0	11798.5	10260.5	8808.5	7585.0	6462.0	5385.0	4534.0	3798.0	3053.0	2428.0	1928.5	1540.0	1200.0	942.5	728.0	562.0	463.5	363.0	277.0	233.5	195.0	144.0	103.5	76.5	57.5	44.5	43.0	33.0	17.5	16.0	16.0	14.0	8.5	3.5	1.5	0.5	0.0	0.0	0.0	0.0	0.0	0.0	0.0	0.0	0.0
Sor-CPnd_006-Ex1-2D-lcwgs-1-2-L3-clmp.fp2_repr.R2	0.0	0.0	0.0	0.0	0.5	1.5	1.5	1.5	5.5	14.0	26.5	56.0	89.5	162.0	304.5	534.0	916.5	1458.0	2299.5	3576.5	5283.5	7306.0	9480.0	12144.0	15341.0	18766.5	22318.0	25997.0	29716.5	33317.5	36903.5	40668.0	43852.0	46451.5	48833.0	50778.0	52175.5	52510.5	52100.0	51387.5	50329.0	48551.5	46514.5	44307.0	41887.0	39206.0	36311.0	33558.0	30848.5	27906.0	25198.5	22781.0	20089.5	17660.0	15456.0	13410.0	11777.5	10318.0	8866.0	7621.0	6489.5	5377.0	4550.5	3821.0	3059.5	2441.0	1927.0	1550.5	1207.0	935.0	737.5	580.0	451.0	343.0	274.0	227.0	173.5	127.5	95.5	74.0	64.5	53.5	43.5	27.0	13.5	11.5	12.0	12.5	9.0	4.0	1.5	0.5	0.0	0.0	0.0	0.0	0.0	0.0	0.0	0.0	0.0
Sor-CPnd_007-Ex1-1C-lcwgs-1-2-L2-clmp.fp2_repr.R1	0.0	0.0	0.0	0.0	0.0	0.0	0.0	2.0	3.0	3.5	9.5	20.5	36.0	65.5	127.5	232.0	411.0	700.0	1166.0	1775.5	2571.5	3669.5	5001.5	6580.0	8349.5	10435.0	12600.5	14730.5	17038.0	19386.5	21726.5	24159.0	26256.5	28151.5	29897.5	31072.5	31902.0	32303.0	32531.5	32582.5	31944.0	31084.0	30237.5	29089.0	27675.0	26313.5	24992.5	23358.5	21474.0	19698.5	18017.0	16195.0	14554.5	12941.0	11471.5	10127.0	8780.0	7723.5	6721.5	5789.5	4987.0	4139.5	3430.5	2881.0	2322.0	1817.5	1408.0	1110.5	881.5	690.5	553.5	438.0	320.5	242.5	201.5	159.5	113.0	86.0	76.0	61.5	44.5	33.0	27.0	19.0	7.5	5.0	6.5	4.0	1.5	0.0	0.0	0.0	0.0	0.0	0.0	0.0	0.0	0.0	0.0	0.0	0.0
Sor-CPnd_007-Ex1-1C-lcwgs-1-2-L2-clmp.fp2_repr.R2	0.0	0.0	0.0	0.0	0.5	1.5	2.0	2.5	3.0	5.0	12.5	22.5	40.0	71.5	136.0	254.5	440.0	718.0	1124.0	1789.5	2665.5	3693.5	5019.5	6594.5	8448.0	10416.5	12454.5	14808.5	17197.0	19443.0	21651.0	23867.0	26116.0	28040.5	29695.5	31185.0	32028.0	32240.0	32486.5	32539.0	31952.5	31254.5	30277.0	29068.0	27689.0	26356.0	24809.5	23279.0	21686.0	19796.0	18086.5	16293.0	14657.0	13068.0	11535.0	10067.5	8742.5	7688.0	6667.0	5764.5	4975.0	4154.0	3519.0	2948.0	2331.0	1845.0	1451.0	1115.5	891.5	697.5	546.0	433.5	297.0	226.5	199.5	155.5	118.5	93.0	84.5	65.0	43.5	28.5	21.5	18.5	11.0	7.0	7.5	5.0	1.5	0.5	1.0	1.0	0.5	0.0	0.0	0.0	0.0	0.0	0.0	0.0	0.0
Sor-CPnd_007-Ex1-1C-lcwgs-1-2-L3-clmp.fp2_repr.R1	0.0	0.0	0.0	0.0	0.5	1.0	1.5	2.0	1.5	2.5	7.0	12.0	24.5	60.0	104.5	168.5	332.0	574.5	915.5	1439.5	2152.5	3028.5	4091.0	5311.5	6781.0	8586.5	10361.5	11979.0	13840.5	15761.0	17679.5	19421.5	21082.5	22850.0	24189.0	25324.0	26242.0	26628.5	26809.5	26820.0	26354.5	25782.0	25033.5	24006.5	22942.5	21687.5	20292.0	18831.0	17587.5	16260.0	14780.0	13429.0	12079.5	10629.0	9287.5	8286.5	7283.0	6360.0	5517.0	4720.0	4053.0	3425.0	2923.0	2408.0	1865.0	1486.0	1153.0	910.5	760.0	603.0	445.5	311.0	237.0	187.0	143.5	120.0	100.5	80.0	65.5	45.0	29.5	20.5	14.5	7.0	5.5	6.5	6.0	4.0	2.5	2.0	0.5	0.0	0.0	0.0	0.0	0.0	0.0	0.0	0.0	0.0	0.0
Sor-CPnd_007-Ex1-1C-lcwgs-1-2-L3-clmp.fp2_repr.R2	0.0	0.0	0.0	0.0	0.0	0.5	1.0	1.5	5.0	6.0	8.5	16.0	28.0	63.0	121.0	195.0	329.0	584.0	946.5	1461.0	2142.0	2979.0	4083.5	5439.5	6841.0	8544.5	10343.0	12042.5	13946.5	15792.0	17608.0	19477.0	21153.5	22577.0	23983.0	25283.5	26281.5	26678.5	26657.5	26628.5	26426.5	25938.5	25044.0	23928.0	22851.5	21675.5	20328.5	19016.0	17770.5	16329.5	14744.5	13395.5	12077.5	10637.5	9361.0	8339.0	7309.0	6327.0	5536.0	4801.5	4125.5	3452.5	2889.0	2402.0	1885.0	1469.5	1159.5	919.0	755.5	596.5	429.0	307.0	239.5	195.0	154.0	121.5	104.0	87.5	60.0	36.0	25.0	18.0	15.0	11.0	7.5	7.0	6.5	4.0	2.5	2.0	0.5	0.0	0.0	0.0	0.0	0.0	0.0	0.0	0.0	0.0	0.0
Sor-CPnd_008-Ex1-1A-lcwgs-1-2-L2-clmp.fp2_repr.R1	0.0	0.0	0.0	0.0	3.0	6.5	6.0	13.0	21.5	27.0	39.5	63.0	98.5	173.5	315.0	561.5	995.5	1697.0	2819.5	4646.0	7146.5	10333.0	14440.5	19540.5	25288.5	31983.0	39533.5	47279.5	55165.0	62984.5	70632.5	78083.0	85119.5	91372.5	96584.0	100264.5	102697.5	104033.0	104015.0	102759.5	99757.5	95721.5	91301.5	86437.5	80932.5	75229.0	69640.5	63682.5	57881.0	52024.0	46360.0	40971.5	35765.0	31140.5	27158.0	23614.0	20207.0	17135.5	14633.5	12451.5	10349.5	8547.0	6958.0	5572.0	4371.0	3394.0	2675.0	2040.5	1514.0	1128.0	857.5	659.5	497.0	391.5	325.0	242.5	165.0	114.5	76.5	51.5	46.0	39.0	24.0	12.0	6.0	6.0	8.0	5.5	3.5	2.5	0.5	0.0	0.0	0.0	0.0	0.0	0.0	0.0	0.0	0.0	0.0
Sor-CPnd_008-Ex1-1A-lcwgs-1-2-L2-clmp.fp2_repr.R2	0.0	0.0	0.0	0.0	2.0	5.0	5.0	10.5	22.5	35.5	56.0	85.5	130.5	223.0	383.0	630.0	1075.0	1836.0	3049.5	4900.0	7408.0	10702.5	14964.5	19975.5	25864.0	32390.5	39805.5	47615.0	55422.5	63213.5	70950.5	78602.5	85459.0	91719.0	96847.5	100400.0	102884.0	104194.0	103943.5	102351.5	99554.0	95714.5	91053.0	85857.5	80481.0	74879.5	69132.5	63758.5	58219.0	51802.0	45889.0	40932.5	36206.0	31634.5	27378.0	23585.5	20156.5	17162.0	14611.0	12361.0	10276.0	8476.0	6973.5	5650.5	4461.0	3500.5	2673.5	2014.0	1534.5	1162.0	889.5	655.0	500.5	388.5	285.0	210.0	152.0	110.0	80.0	55.5	44.0	41.0	29.5	20.0	10.5	3.5	2.5	1.0	0.5	0.5	0.5	1.0	1.0	0.5	0.0	0.0	0.0	0.0	0.0	0.0	0.0
Sor-CPnd_008-Ex1-1A-lcwgs-1-2-L3-clmp.fp2_repr.R1	0.0	0.0	0.0	0.0	0.0	1.5	1.5	3.0	6.5	12.5	31.0	54.5	92.0	157.5	267.0	492.0	935.5	1648.0	2767.5	4347.5	6688.5	9804.5	13448.5	18240.5	23923.0	30107.0	37117.5	44445.0	51909.5	59267.5	66782.5	74100.5	80389.5	86102.0	91526.5	95827.0	98014.5	98663.0	98343.5	96919.5	94623.0	91190.5	87037.5	82145.0	77017.5	71865.0	66306.0	60732.0	55264.5	49882.5	44172.0	39117.0	34370.5	29852.5	25948.5	22284.0	19094.0	16331.0	13953.5	11838.0	9859.5	8156.5	6655.5	5394.0	4239.5	3223.5	2518.5	1932.5	1450.0	1096.0	821.0	612.5	472.0	364.5	288.5	233.5	175.5	121.0	90.5	65.5	48.5	34.5	18.0	9.5	10.5	10.0	8.0	6.0	4.0	2.0	1.0	0.0	0.0	0.5	1.0	1.0	0.5	0.0	0.0	0.0	0.0
Sor-CPnd_008-Ex1-1A-lcwgs-1-2-L3-clmp.fp2_repr.R2	0.0	0.0	0.0	0.5	3.0	5.0	8.0	16.5	22.0	24.5	41.5	72.5	112.0	191.0	332.0	569.0	1019.0	1788.5	2879.5	4580.5	7007.5	10071.0	14042.5	18841.5	24198.0	30288.5	37260.0	44839.0	52501.0	59626.0	66892.0	74245.0	80867.0	86736.5	91345.0	95283.0	97786.0	98767.0	98615.5	97067.0	94773.5	91174.5	86722.5	81909.5	76885.5	71552.0	66079.0	60681.5	54900.5	49499.5	44567.5	39464.5	34360.5	29825.0	25837.5	22236.0	19100.0	16445.5	14078.0	11850.0	9887.0	8163.0	6755.0	5492.5	4241.5	3234.0	2519.5	1927.0	1475.0	1134.0	835.0	644.5	513.0	375.0	283.5	219.0	159.5	117.5	87.5	61.5	45.0	33.5	24.0	17.5	13.5	8.5	5.5	5.5	4.5	3.5	2.5	0.5	0.0	0.0	0.0	0.0	0.0	0.0	0.0	0.0	0.0
Sor-CPnd_009-Ex1-6A-lcwgs-1-2-L2-clmp.fp2_repr.R1	0.0	0.0	0.0	0.0	0.0	0.0	0.0	1.0	3.5	10.0	21.5	39.0	72.0	156.5	314.0	618.0	1156.0	2056.0	3464.0	5426.5	8118.5	11796.5	16375.0	21752.0	28014.0	35130.0	42908.5	51023.0	59482.0	67703.5	75743.0	83744.5	90870.0	96874.0	102419.5	106737.0	109163.0	110418.5	110204.5	108905.0	106520.0	102852.0	98421.5	93267.5	87550.0	81923.5	76293.0	70734.0	64804.5	58631.5	52962.5	47214.0	41678.0	36747.0	32122.5	27652.0	23711.5	20336.5	17418.0	14931.0	12661.5	10538.0	8717.5	7185.0	5703.5	4461.0	3530.5	2711.0	2051.5	1587.5	1207.5	914.5	692.0	531.5	415.0	336.5	265.0	190.0	133.5	104.0	92.0	66.5	43.5	30.0	20.5	12.5	8.0	7.0	6.0	4.0	1.0	0.5	1.0	0.5	0.0	0.0	0.0	0.0	0.0	0.0	0.0
Sor-CPnd_009-Ex1-6A-lcwgs-1-2-L2-clmp.fp2_repr.R2	0.0	0.0	0.0	0.0	0.5	2.0	3.0	5.0	9.0	13.5	23.5	46.5	88.0	181.0	352.5	641.5	1178.0	2078.5	3412.5	5385.0	8222.0	11968.5	16559.0	21806.0	28056.0	35238.5	43120.0	51252.5	59504.0	67878.0	75545.5	83136.5	90517.0	96939.0	102306.5	106316.0	108996.0	110346.5	110269.0	108417.5	105550.5	102471.5	98131.5	92937.0	87712.5	82158.5	76432.5	70797.5	64992.5	58838.5	53171.5	47512.5	41917.0	36932.5	32291.5	28137.0	24127.0	20503.0	17514.0	14873.0	12654.5	10650.5	8710.5	7188.5	5774.5	4511.0	3558.0	2710.5	2089.5	1615.0	1204.0	908.0	692.5	512.0	391.5	309.5	235.5	171.5	134.0	108.0	93.5	66.5	41.5	33.0	25.5	15.5	9.0	7.0	6.0	4.5	1.5	0.0	0.0	0.0	0.0	0.0	0.0	0.0	0.0	0.0	0.0
Sor-CPnd_009-Ex1-6A-lcwgs-1-2-L3-clmp.fp2_repr.R1	0.0	0.0	0.0	0.0	0.5	1.5	1.5	2.5	5.5	10.0	21.0	40.5	71.0	162.5	320.0	586.0	1115.0	1956.5	3305.0	5270.5	7921.5	11545.0	15982.5	21305.5	27375.5	34273.5	42024.0	50009.5	58127.5	66321.5	74213.0	81700.0	88749.0	95258.5	100962.5	105355.5	108079.5	109114.0	108947.5	107474.5	104732.5	101151.5	96977.0	92088.0	86636.0	81366.5	75749.5	69865.5	64117.0	57916.5	51947.5	46320.5	40988.0	36220.0	31547.5	27344.0	23689.5	20322.0	17478.0	14988.0	12611.0	10411.0	8507.5	6940.0	5572.5	4393.5	3443.5	2675.0	2045.5	1576.0	1202.0	889.0	686.5	521.0	382.5	286.0	238.5	192.0	135.0	97.5	72.0	58.5	48.0	30.0	16.0	12.5	12.5	10.5	8.0	4.0	2.0	2.0	1.5	0.5	0.0	0.0	0.0	0.0	0.0	0.0	0.0
Sor-CPnd_009-Ex1-6A-lcwgs-1-2-L3-clmp.fp2_repr.R2	0.0	0.0	0.0	0.0	0.5	1.5	2.0	2.0	6.0	15.0	29.0	46.0	83.0	186.5	363.5	625.0	1129.5	2013.0	3347.0	5338.5	8104.5	11712.5	16189.5	21459.0	27525.0	34406.0	42090.5	50137.5	58218.0	66139.0	74116.5	81771.5	88771.5	95100.5	100532.5	104625.5	107280.5	108636.5	108494.5	106907.0	104400.5	100971.0	96583.5	91922.0	86799.5	81528.5	75751.0	70359.5	64796.5	58008.0	52149.0	46698.0	41282.5	36461.5	31899.0	27676.0	23887.0	20511.0	17495.0	14912.0	12555.5	10412.5	8624.5	7077.0	5632.5	4449.5	3480.0	2686.0	2046.0	1562.5	1207.5	921.0	704.5	533.5	393.0	276.5	213.5	168.0	127.5	95.0	73.0	63.0	51.5	31.0	17.5	16.0	15.0	11.0	5.5	1.5	0.5	1.0	1.0	0.5	0.0	0.0	0.0	0.0	0.0	0.0	0.0
Sor-CPnd_010-Ex1-1H-lcwgs-1-2-L2-clmp.fp2_repr.R1	0.0	0.0	0.0	0.0	0.0	0.0	0.5	0.5	1.5	2.5	3.0	13.5	33.5	58.0	114.5	215.5	361.0	610.5	971.0	1469.0	2105.5	2908.0	3915.5	5141.0	6533.5	7964.0	9581.0	11222.0	12792.0	14335.0	15821.5	17279.5	18687.5	19874.5	20798.0	21408.5	21790.0	22013.5	22005.0	21732.0	21140.0	20345.0	19411.5	18320.0	17077.5	16047.0	15033.5	13805.5	12559.5	11176.5	10006.0	8988.5	7899.0	6905.0	5908.0	5078.5	4383.5	3829.0	3367.5	2812.5	2320.0	1935.5	1618.0	1329.0	1050.0	821.5	636.0	500.0	390.5	306.0	222.0	171.5	134.0	94.5	72.0	54.5	45.5	35.0	25.0	18.0	13.0	9.5	7.0	5.5	2.5	1.0	0.5	0.0	0.0	0.0	0.0	0.0	0.0	0.0	0.0	0.0	0.0	0.0	0.0	0.0	0.0
Sor-CPnd_010-Ex1-1H-lcwgs-1-2-L2-clmp.fp2_repr.R2	0.0	0.0	0.0	0.0	0.0	0.0	0.0	0.0	1.5	7.0	13.0	21.0	39.0	61.0	112.5	213.0	362.0	608.5	969.5	1474.0	2102.5	2903.0	3901.0	5088.0	6488.0	7975.0	9517.0	11146.5	12840.0	14381.0	15821.5	17289.5	18727.0	19781.0	20722.5	21500.0	21827.5	21914.5	21951.0	21712.0	21089.5	20324.0	19374.5	18410.5	17488.5	16259.5	14786.0	13715.5	12621.5	11235.5	10051.5	8989.0	7968.0	6938.5	5899.0	5095.5	4372.0	3784.0	3319.5	2820.0	2335.0	1954.0	1642.0	1332.0	1055.0	821.0	619.0	486.0	379.5	290.0	227.5	162.5	123.0	95.0	69.0	48.5	45.0	39.5	27.5	23.5	17.0	10.0	6.0	3.5	2.0	1.5	1.0	0.5	1.0	1.0	0.5	0.0	0.0	0.0	0.0	0.0	0.0	0.0	0.0	0.0	0.0
Sor-CPnd_010-Ex1-1H-lcwgs-1-2-L3-clmp.fp2_repr.R1	0.0	0.0	0.0	0.0	0.5	1.0	0.5	0.0	0.0	1.5	5.5	14.5	30.0	60.0	96.5	160.0	272.5	482.0	802.5	1206.0	1711.5	2409.5	3230.0	4126.5	5175.0	6374.0	7635.0	8783.5	10207.5	11714.5	12918.0	14098.5	15223.5	16179.5	16865.0	17335.0	17707.0	17872.5	17880.0	17716.0	17222.5	16593.0	15837.5	14933.0	14046.5	13152.0	12188.0	11174.5	10197.5	9200.0	8207.5	7327.5	6437.5	5655.5	4943.0	4201.0	3658.0	3184.5	2695.0	2322.0	1955.0	1593.5	1340.0	1085.5	833.0	643.5	497.0	397.5	320.5	255.5	194.5	140.0	108.0	89.0	64.0	41.0	31.0	26.0	20.0	12.5	10.5	9.5	7.0	4.5	2.0	0.5	1.0	2.0	2.0	1.5	0.5	0.0	0.0	0.0	0.0	0.0	0.0	0.0	0.0	0.0	0.0
Sor-CPnd_010-Ex1-1H-lcwgs-1-2-L3-clmp.fp2_repr.R2	0.0	0.0	0.0	0.0	0.5	1.0	0.5	0.0	0.0	1.5	7.0	15.5	27.5	53.0	96.5	160.0	292.0	492.0	757.5	1180.0	1730.5	2398.0	3158.0	4049.0	5118.5	6370.5	7650.5	8924.5	10309.5	11711.5	12872.5	13944.5	15180.5	16249.5	16889.5	17353.5	17705.0	17885.0	17890.0	17685.0	17267.0	16586.0	15815.0	14973.0	14126.5	13190.5	12146.5	11182.0	10183.0	9177.0	8329.5	7391.0	6368.0	5602.0	4920.5	4214.5	3676.5	3212.5	2723.5	2283.5	1931.0	1629.5	1350.0	1073.0	826.0	648.0	504.5	399.0	320.0	251.5	193.0	135.5	106.5	91.5	65.5	47.5	35.0	21.5	19.0	15.0	10.0	10.5	10.5	5.5	1.5	2.0	2.5	1.5	1.5	1.5	0.5	0.0	0.0	0.0	0.0	0.0	0.0	0.0	0.0	0.0	0.0
Sor-CPnd_012-Ex1-5B-lcwgs-1-2-L2-clmp.fp2_repr.R1	0.0	0.0	0.0	0.0	0.0	0.0	0.5	1.0	2.5	6.0	10.0	13.5	24.5	50.5	92.5	182.0	327.5	526.5	795.5	1269.0	1896.0	2518.0	3271.5	4224.5	5167.0	6305.0	7691.0	9064.0	10390.5	11558.5	12925.5	14258.0	15271.5	16188.0	17065.5	17893.0	18356.0	18630.0	18803.5	18692.5	18381.0	17840.0	17190.5	16572.5	15729.5	14688.0	13734.5	12780.0	11801.5	10837.0	9905.0	8919.5	7935.5	7095.5	6286.0	5433.5	4616.5	4001.0	3526.0	3089.0	2619.0	2168.0	1828.0	1494.0	1176.0	967.5	779.5	601.5	489.0	395.5	309.0	238.5	199.0	170.5	124.0	94.0	70.5	46.0	38.0	33.0	23.0	14.5	12.0	9.0	8.0	6.0	3.5	2.5	1.5	1.0	0.5	0.0	0.0	0.0	0.0	0.0	0.0	0.0	0.0	0.0	0.0
Sor-CPnd_012-Ex1-5B-lcwgs-1-2-L2-clmp.fp2_repr.R2	0.0	0.0	0.0	0.0	0.0	0.0	0.0	1.5	4.5	6.5	11.0	16.5	27.5	60.5	105.5	185.5	313.5	492.5	789.0	1248.0	1814.0	2438.5	3215.5	4204.0	5280.5	6342.5	7530.0	8948.0	10333.0	11521.0	12780.0	14121.0	15312.5	16363.0	17178.0	17830.5	18334.5	18547.0	18727.5	18690.5	18292.0	17765.5	17205.5	16698.0	15918.5	14779.5	13729.0	12773.0	11830.5	10889.5	9916.0	8921.0	7979.0	7148.0	6303.0	5412.5	4604.5	3997.5	3524.5	3081.5	2614.5	2190.5	1819.5	1486.5	1198.5	981.0	783.5	602.5	473.0	372.0	300.5	235.0	194.5	165.5	126.5	93.0	68.0	45.5	35.0	33.0	24.5	15.5	11.0	10.0	8.5	5.0	3.0	2.5	1.5	1.0	0.5	0.0	0.0	0.0	0.0	0.0	0.0	0.0	0.0	0.0	0.0
Sor-CPnd_012-Ex1-5B-lcwgs-1-2-L3-clmp.fp2_repr.R1	0.0	0.0	0.0	0.0	0.0	0.0	0.5	1.5	2.5	3.0	6.0	12.0	21.5	38.0	70.0	146.5	289.5	486.5	705.5	1061.5	1624.5	2247.5	2978.0	3901.0	4852.0	5922.5	7072.0	8247.5	9615.5	10869.0	11976.0	13094.5	14157.5	15084.0	15937.5	16687.0	17144.5	17534.0	17577.0	17217.0	16815.5	16329.0	15812.5	15152.5	14329.5	13394.0	12449.5	11621.0	10758.0	9743.0	8804.0	7920.5	7115.0	6339.0	5525.0	4863.5	4292.0	3768.0	3267.0	2803.0	2335.5	1970.0	1672.5	1372.0	1119.0	856.0	656.5	554.5	456.5	350.0	260.5	195.0	146.0	119.5	103.0	81.0	62.0	45.5	37.0	29.0	20.5	12.0	5.5	3.0	3.5	4.0	4.5	5.0	4.0	2.5	2.0	1.5	0.5	0.0	0.0	0.0	0.0	0.0	0.0	0.0	0.0
Sor-CPnd_012-Ex1-5B-lcwgs-1-2-L3-clmp.fp2_repr.R2	0.0	0.0	0.0	0.0	0.0	0.0	0.0	0.5	1.5	1.5	4.5	11.5	18.5	35.5	75.5	146.5	279.5	474.5	717.5	1085.5	1602.0	2187.5	2908.5	3810.5	4791.5	5923.5	7062.0	8279.0	9623.5	10801.5	11840.5	12944.5	14162.0	15100.0	15761.5	16455.0	17135.0	17521.5	17393.0	17096.0	16818.0	16398.0	15818.5	15157.0	14408.5	13497.5	12605.5	11801.5	10865.5	9882.0	8942.0	7901.0	7085.5	6338.0	5559.0	4871.0	4257.5	3802.0	3297.5	2825.0	2379.0	1971.0	1698.0	1428.0	1131.5	864.5	674.0	560.0	460.0	365.5	275.0	196.0	140.0	113.5	91.5	75.5	60.5	42.5	36.5	26.5	15.0	8.0	6.0	5.0	4.5	3.0	3.5	5.0	4.0	2.5	1.5	0.5	0.0	0.0	0.0	0.0	0.0	0.0	0.0	0.0	0.0
Sor-CPnd_013-Ex1-7F-lcwgs-1-2-L2-clmp.fp2_repr.R1	0.0	0.5	1.0	1.0	1.0	1.0	1.0	1.5	3.5	7.0	13.0	26.0	52.5	89.0	177.0	352.0	626.0	1003.5	1604.0	2466.0	3560.0	4896.0	6428.5	8242.0	10241.0	12496.5	14940.5	17362.5	19754.0	22138.5	24342.0	26462.0	28626.5	30386.0	31692.0	32727.5	33437.5	33574.0	33340.0	32703.5	31544.0	30431.5	29282.5	27653.0	25985.0	24298.0	22367.0	20381.5	18482.5	16718.0	15094.5	13434.5	11793.5	10328.5	8965.5	7806.5	6784.0	5758.5	4848.0	4137.5	3497.0	2965.5	2511.0	2077.0	1668.5	1310.5	1010.5	807.0	621.0	446.0	372.0	314.0	219.0	148.5	129.5	111.5	83.0	58.0	40.0	31.5	23.5	13.0	7.5	7.5	5.5	2.0	0.5	1.5	1.5	0.5	0.0	0.0	0.0	0.0	0.0	0.0	0.0	0.0	0.0	0.0	0.0
Sor-CPnd_013-Ex1-7F-lcwgs-1-2-L2-clmp.fp2_repr.R2	0.0	0.0	0.0	0.0	1.0	2.0	2.0	2.5	4.0	8.0	15.0	31.5	50.5	96.0	183.0	348.5	618.0	1035.5	1615.5	2438.5	3585.5	4871.5	6464.5	8334.0	10276.0	12594.0	15041.0	17365.5	19825.5	22252.0	24455.0	26545.5	28619.0	30328.0	31673.5	32722.5	33361.5	33575.0	33259.0	32616.0	31649.5	30578.0	29197.5	27525.0	25955.0	24152.0	22173.5	20235.0	18433.0	16745.5	15169.5	13512.5	11834.0	10303.5	9016.5	7873.0	6763.5	5810.0	4908.5	4116.0	3481.0	2979.0	2509.5	2057.0	1621.0	1275.5	1027.5	818.5	618.0	469.5	376.5	298.0	218.5	150.0	126.5	113.5	86.5	60.5	40.0	29.5	21.5	11.5	5.5	6.0	5.5	3.0	2.5	2.5	1.0	0.5	1.0	1.0	0.5	0.0	0.0	0.0	0.0	0.0	0.0	0.0	0.0
Sor-CPnd_013-Ex1-7F-lcwgs-1-2-L3-clmp.fp2_repr.R1	0.0	0.0	0.0	0.0	0.0	0.5	0.5	1.5	6.0	9.5	16.5	33.5	56.5	97.5	164.5	297.0	559.5	894.0	1420.0	2234.5	3307.0	4645.5	6193.5	7985.5	9944.5	12048.0	14431.0	16797.5	19234.5	21705.5	23737.5	25736.0	27759.5	29315.5	30624.5	31812.0	32482.0	32407.5	32069.5	31903.0	31051.5	29645.5	28437.0	26961.5	25206.5	23559.5	21906.5	20070.0	18233.0	16377.0	14674.5	13091.0	11568.0	10219.5	8929.0	7751.5	6653.0	5657.0	4804.5	4084.5	3444.5	2898.5	2461.5	2008.0	1570.0	1269.5	987.0	749.0	624.5	502.0	380.5	281.0	199.5	168.0	128.5	91.5	78.5	63.0	41.5	25.5	18.5	15.0	10.0	7.0	7.5	5.5	3.0	2.0	1.5	0.5	0.0	0.0	0.0	0.0	0.0	0.0	0.0	0.0	0.0	0.0	0.0
Sor-CPnd_013-Ex1-7F-lcwgs-1-2-L3-clmp.fp2_repr.R2	0.0	0.0	0.0	0.0	0.0	0.0	0.5	1.5	4.5	8.5	16.5	33.0	55.5	97.5	177.5	309.5	544.0	917.0	1502.5	2320.0	3378.0	4716.0	6208.0	8003.5	10092.0	12169.0	14395.5	16778.0	19237.5	21693.0	23815.5	25722.0	27650.0	29391.0	30577.5	31469.0	32095.5	32272.0	32185.5	31860.0	31070.0	29886.5	28632.0	27009.0	25259.0	23682.5	21954.0	20006.5	18117.0	16351.0	14659.0	13067.5	11566.0	10171.0	8907.0	7701.5	6601.0	5694.0	4838.0	4080.5	3470.0	2938.0	2479.5	2057.5	1625.0	1249.0	954.0	749.5	609.5	484.5	364.0	271.0	208.0	168.5	128.0	91.5	78.0	61.5	44.5	31.5	21.0	13.5	11.0	9.5	10.0	7.5	2.5	1.0	0.5	0.0	0.0	0.5	1.0	0.5	0.0	0.0	0.0	0.0	0.0	0.0	0.0
Sor-CPnd_014-Ex1-1F-lcwgs-1-2-L2-clmp.fp2_repr.R1	0.0	0.0	0.0	0.0	0.5	1.5	3.0	8.0	15.0	35.0	73.5	130.5	234.5	447.0	797.0	1458.5	2692.5	4478.5	7084.0	10691.5	15495.0	21686.0	29009.0	37675.5	47278.5	57880.0	69539.0	81596.5	93746.5	105361.0	116937.0	128239.0	138232.0	146533.0	154051.5	160209.0	163455.5	164342.5	163465.0	161494.0	157393.0	150968.0	144125.0	136862.5	129042.5	120898.5	112131.0	103271.5	94599.5	85545.5	77061.0	69082.5	61104.5	54088.0	47301.0	41091.0	35870.0	31090.0	26889.5	23089.0	19638.5	16558.5	13912.5	11521.0	9159.5	7186.5	5645.0	4458.0	3443.0	2564.5	2006.0	1570.0	1209.5	939.5	731.5	557.0	418.0	332.5	272.0	196.5	129.0	93.0	71.5	54.5	39.5	30.5	24.0	19.5	16.5	10.0	5.0	3.0	1.5	0.5	0.0	0.0	0.0	0.0	0.0	0.0	0.0
Sor-CPnd_014-Ex1-1F-lcwgs-1-2-L2-clmp.fp2_repr.R2	0.0	0.0	0.0	0.0	0.0	2.0	4.5	9.5	19.5	43.0	83.0	132.0	224.5	436.0	812.5	1524.5	2706.5	4464.0	7163.5	10794.5	15408.0	21527.0	28955.5	37444.5	47254.5	57830.0	69441.5	81823.0	93638.5	105394.5	116856.0	127584.0	137862.5	146471.5	154058.0	160310.0	163607.0	164322.5	163625.5	161629.5	157201.0	151400.0	144887.5	137290.0	129087.5	120616.0	112105.5	103686.5	94985.0	85780.5	77137.0	69161.0	61413.5	54172.0	47426.0	41243.0	35726.5	31095.5	27035.5	23232.0	19775.5	16583.5	13836.0	11477.5	9224.5	7262.0	5664.0	4440.5	3427.5	2596.0	1990.0	1538.0	1180.0	888.0	694.0	549.0	412.0	330.0	266.0	186.5	129.0	95.5	73.0	59.0	43.5	31.0	23.5	17.0	12.5	7.0	3.0	1.0	0.0	0.0	0.0	0.0	0.0	0.0	0.0	0.0	0.0
Sor-CPnd_014-Ex1-1F-lcwgs-1-2-L3-clmp.fp2_repr.R1	0.0	0.5	1.0	1.0	0.5	0.5	2.0	5.5	12.0	28.5	54.0	102.5	200.5	378.5	749.0	1410.5	2493.5	4209.0	6743.0	10418.5	15125.0	20865.5	27840.0	36181.0	45703.5	56251.5	67564.0	79117.0	90389.0	101950.0	113504.0	124231.5	133926.0	142536.0	149891.0	155127.5	158814.5	160546.5	159733.0	156740.0	152373.5	147210.0	140880.0	133679.5	126307.5	118545.5	110059.5	101362.5	92707.5	83592.0	75225.0	67561.5	60052.0	53242.0	46648.0	40548.5	35219.5	30536.0	26287.0	22561.0	19281.0	16185.0	13491.5	11215.0	9147.5	7240.5	5517.5	4277.5	3386.0	2617.5	2015.5	1545.0	1167.0	880.0	710.0	556.0	423.0	331.5	255.5	206.0	167.5	125.0	89.0	63.0	42.5	30.0	21.0	12.0	9.0	7.0	4.0	2.0	0.5	0.0	0.0	0.0	0.0	0.0	0.0	0.0	0.0
Sor-CPnd_014-Ex1-1F-lcwgs-1-2-L3-clmp.fp2_repr.R2	0.0	0.0	0.0	0.0	1.0	2.0	3.0	7.0	16.0	28.5	56.0	120.5	222.0	417.0	810.0	1445.5	2538.5	4229.5	6768.5	10460.0	15081.5	20960.5	27919.5	36256.5	45783.5	56061.0	67319.0	79095.0	90721.5	101867.5	113119.0	124211.0	134320.5	142707.5	149535.0	154580.5	157974.5	160369.0	160085.5	157059.0	153077.5	147708.0	141070.0	133702.5	126157.5	118247.5	110136.5	101934.0	92825.5	83794.5	75503.0	67639.0	60094.5	53260.0	46793.5	40548.5	35065.5	30560.0	26457.0	22617.5	19255.5	16172.0	13567.5	11280.5	9109.0	7235.5	5610.0	4387.5	3413.0	2557.0	1954.0	1482.5	1157.0	922.5	718.0	561.0	435.0	323.5	245.0	202.5	173.0	140.5	96.0	58.5	37.0	24.0	16.5	10.5	11.0	9.0	5.5	3.0	1.5	1.0	0.5	0.0	0.0	0.0	0.0	0.0	0.0
Sor-CPnd_015-Ex1-5F-lcwgs-1-2-L2-clmp.fp2_repr.R1	0.0	0.0	0.0	0.0	0.0	0.5	1.0	1.5	2.0	4.0	9.5	12.5	30.5	70.5	141.5	230.5	377.0	621.0	992.5	1499.5	2146.0	2991.5	3977.0	5124.5	6398.0	7748.5	9270.0	10900.5	12557.0	14015.0	15503.0	17124.0	18394.5	19413.5	20466.5	21431.0	22216.0	22561.5	22647.5	22760.0	22405.5	21878.5	21379.5	20471.0	19482.0	18575.5	17434.0	16265.0	15116.5	13744.0	12521.0	11405.5	10245.0	9164.0	8021.5	6954.0	6153.5	5456.5	4777.5	4116.5	3462.5	2892.0	2414.5	2012.0	1643.5	1330.5	1084.0	920.5	752.5	594.0	485.0	382.0	276.0	205.0	156.0	111.5	86.5	73.5	66.5	57.0	45.5	34.0	24.5	17.5	13.0	8.5	5.5	4.5	2.0	0.0	0.0	0.0	0.0	0.0	0.0	0.0	0.0	0.0	0.0	0.0	0.0
Sor-CPnd_015-Ex1-5F-lcwgs-1-2-L2-clmp.fp2_repr.R2	0.0	0.0	0.0	0.0	0.0	0.0	0.0	0.0	0.5	5.0	12.0	19.0	38.0	75.0	137.5	224.0	376.5	631.5	977.0	1457.5	2153.0	3014.5	3971.0	5083.0	6325.5	7694.0	9222.0	10747.5	12350.5	13926.0	15534.0	17129.0	18459.5	19476.5	20492.5	21451.5	22238.5	22749.5	22764.5	22730.0	22506.5	22021.5	21331.5	20357.0	19403.0	18479.0	17330.0	16209.0	15193.0	13896.0	12546.5	11362.0	10226.0	9107.5	7981.0	7008.0	6173.5	5466.0	4813.5	4142.5	3519.0	2920.0	2403.5	1985.5	1609.0	1312.0	1075.5	895.5	740.5	591.0	470.5	363.5	264.5	205.5	155.5	110.0	95.5	80.0	62.5	51.0	42.5	34.5	26.5	19.5	13.0	8.0	5.5	4.5	2.0	0.0	0.0	0.0	0.0	0.0	0.0	0.0	0.0	0.0	0.0	0.0	0.0
Sor-CPnd_015-Ex1-5F-lcwgs-1-2-L3-clmp.fp2_repr.R1	0.0	0.0	0.0	0.0	0.0	0.5	0.5	1.0	3.5	5.5	10.5	15.0	31.5	56.5	102.0	189.5	332.5	573.5	926.5	1404.5	1989.0	2663.5	3585.0	4646.5	5814.0	7152.5	8539.5	9961.0	11403.5	12801.5	14203.0	15597.0	16960.5	18216.0	19241.5	20163.5	20837.0	20936.0	21002.5	21095.0	20877.0	20530.0	19819.0	18905.5	17933.5	16831.0	15823.0	14759.0	13653.0	12670.0	11558.5	10372.0	9300.0	8351.0	7343.5	6421.5	5657.5	4924.0	4292.0	3667.0	3132.0	2650.5	2193.5	1832.0	1479.0	1175.0	965.0	820.0	670.0	511.5	384.5	295.5	227.5	187.0	153.5	109.0	79.5	64.0	53.5	42.0	34.5	28.0	19.5	14.0	10.0	6.5	4.5	3.5	3.5	2.0	1.0	0.5	0.0	0.0	0.0	0.0	0.0	0.0	0.0	0.0	0.0
Sor-CPnd_015-Ex1-5F-lcwgs-1-2-L3-clmp.fp2_repr.R2	0.0	0.0	0.0	0.0	0.0	0.0	0.0	2.0	4.0	4.5	7.5	18.0	37.5	63.5	112.0	197.0	350.0	575.5	900.0	1374.0	1938.0	2595.5	3534.0	4642.5	5857.0	7166.5	8493.5	9907.0	11366.0	12785.0	14209.0	15603.0	16895.5	18093.5	19179.0	19974.0	20627.5	21020.5	21054.0	21018.5	20836.5	20461.5	19870.0	19054.5	18065.5	17008.0	15899.5	14753.5	13652.5	12499.5	11359.5	10340.5	9343.0	8389.0	7407.0	6446.5	5658.0	4965.0	4312.0	3700.5	3181.5	2677.0	2196.5	1843.5	1480.5	1192.0	981.5	806.5	667.0	509.5	376.0	297.5	227.5	180.0	146.0	106.0	81.5	59.5	47.0	43.0	33.5	25.5	22.5	18.5	13.0	8.0	5.5	4.5	4.0	1.5	0.0	0.0	0.0	0.0	0.0	0.0	0.0	0.0	0.0	0.0	0.0
Sor-CPnd_016-Ex1-1B-lcwgs-1-2-L2-clmp.fp2_repr.R1	0.0	0.0	0.0	0.0	0.0	0.0	0.0	3.5	9.5	13.5	20.0	36.5	56.5	93.5	178.0	326.0	605.5	1032.0	1721.5	2866.5	4364.5	6338.0	8742.0	11497.0	14992.5	18999.5	23153.5	27593.0	32338.0	37050.0	41514.0	45585.5	49429.5	52927.0	55781.5	57821.0	59217.5	59932.0	59737.5	58739.0	57263.5	55116.0	52267.5	49397.0	46310.0	42938.0	39982.5	37000.0	33558.5	29999.0	26727.5	23871.5	21067.5	18505.5	16036.0	13674.5	11666.0	9955.0	8444.5	7178.5	5981.5	4862.0	4011.5	3243.5	2559.5	2057.0	1594.0	1197.0	909.5	685.0	501.0	363.5	267.0	202.5	158.5	119.0	94.0	71.5	54.0	42.5	29.0	22.0	19.0	15.0	8.0	6.5	8.0	5.5	2.0	1.0	0.5	0.0	0.0	0.5	1.0	1.0	0.5	0.0	0.0	0.0	0.0
Sor-CPnd_016-Ex1-1B-lcwgs-1-2-L2-clmp.fp2_repr.R2	0.0	0.0	0.0	0.0	0.5	1.0	2.5	3.5	4.5	9.0	19.5	32.5	60.5	106.5	200.5	365.5	638.0	1054.0	1785.0	2865.0	4340.0	6350.0	8758.5	11652.5	15127.5	18999.5	23306.5	27610.0	32135.0	36819.5	40935.5	45030.0	49327.0	52915.0	55446.0	57471.0	58883.5	59443.5	59338.5	58522.0	56806.0	54620.5	52108.0	49653.5	46847.5	43446.0	40422.5	37412.5	33886.0	30315.5	27101.5	24073.5	21282.5	18714.0	16249.0	13914.5	11801.0	10104.5	8695.0	7363.0	6143.0	5003.5	4025.0	3301.0	2685.5	2108.0	1601.5	1221.0	926.5	702.5	534.0	371.5	278.0	207.5	159.0	131.0	95.5	76.0	61.5	44.5	29.0	22.5	17.0	10.0	5.5	4.5	5.0	3.5	1.0	1.0	1.0	1.0	0.5	0.0	0.0	0.0	0.0	0.0	0.0	0.0	0.0
Sor-CPnd_016-Ex1-1B-lcwgs-1-2-L3-clmp.fp2_repr.R1	0.0	0.0	0.0	0.0	0.0	0.0	0.0	2.0	5.0	4.0	7.0	19.0	37.5	75.5	142.0	282.0	493.0	813.5	1404.5	2256.5	3335.5	4815.5	6749.0	9177.5	11865.5	14887.5	18193.0	21697.0	25545.0	29097.5	32584.0	35971.0	39109.0	41912.5	44020.0	45606.5	46751.5	47154.0	47098.5	46349.5	45070.5	43591.5	41582.0	39247.5	36774.0	34313.0	31799.0	29295.5	26811.5	24352.5	21677.5	19039.5	16611.5	14486.0	12601.0	10822.0	9277.0	7945.0	6782.5	5787.0	4835.0	3924.0	3204.5	2601.0	2071.5	1644.5	1258.5	938.5	727.0	561.5	433.5	328.5	249.5	189.5	139.5	104.5	86.5	70.5	49.0	32.5	23.5	15.5	9.5	5.0	4.0	5.5	5.0	1.5	0.0	0.0	0.0	0.0	0.0	0.0	0.0	0.0	0.0	0.0	0.0	0.0	0.0
Sor-CPnd_016-Ex1-1B-lcwgs-1-2-L3-clmp.fp2_repr.R2	0.0	0.0	0.0	0.0	0.5	1.0	1.0	2.5	6.5	15.0	20.0	27.5	43.5	74.0	140.0	288.5	514.5	847.5	1393.5	2278.0	3421.5	4843.5	6792.0	9242.0	11791.5	14757.0	18125.0	21616.5	25419.5	29009.0	32204.5	35532.5	38926.0	41579.0	43529.5	45181.0	46420.0	46808.0	46857.5	46503.5	45263.0	43583.5	41673.5	39529.0	37182.0	34804.5	32317.0	29583.0	27046.5	24470.0	21626.5	19165.5	16935.5	14784.0	12773.0	10975.0	9469.0	8084.0	6789.0	5748.5	4878.0	3955.5	3170.0	2664.5	2182.5	1737.0	1352.0	1014.0	760.0	567.0	434.0	330.0	244.0	167.0	119.0	100.0	87.0	72.0	52.0	32.5	25.0	20.5	13.5	8.0	4.5	4.0	3.0	1.0	0.5	1.0	1.0	0.5	0.0	0.0	0.0	0.0	0.0	0.0	0.0	0.0	0.0
Sor-CPnd_017-Ex1-3G-lcwgs-1-2-L2-clmp.fp2_repr.R1	0.0	0.0	0.0	0.0	0.0	0.5	1.5	1.0	2.0	7.0	21.0	37.5	55.5	100.0	204.5	365.5	594.5	971.5	1557.5	2324.5	3240.0	4338.0	5765.5	7458.0	9290.5	11225.5	13347.5	15543.5	17810.5	19865.0	21750.0	23557.0	25061.0	26312.0	27351.0	28057.5	28452.0	28553.0	28259.5	27709.5	26822.0	25560.0	24055.0	22713.5	21344.0	19835.0	18379.0	16800.5	15229.5	13679.5	12281.0	10967.0	9620.5	8395.5	7248.5	6288.0	5433.0	4686.5	4028.0	3389.0	2832.5	2345.0	1917.0	1572.5	1295.5	1040.0	795.5	616.5	483.5	370.0	271.5	207.5	169.0	134.5	100.5	75.0	60.0	48.5	36.5	30.5	23.5	14.5	10.5	6.0	4.0	5.0	6.5	6.5	3.0	0.5	0.0	0.0	0.0	0.0	0.0	0.0	0.0	0.0	0.0	0.0	0.0
Sor-CPnd_017-Ex1-3G-lcwgs-1-2-L2-clmp.fp2_repr.R2	0.0	0.0	0.0	0.0	1.0	2.0	2.5	2.0	2.5	6.5	20.5	39.0	62.0	102.5	194.5	346.0	593.0	1005.5	1567.5	2336.0	3265.5	4375.0	5750.5	7411.5	9271.0	11304.5	13334.0	15364.0	17618.5	19694.0	21568.0	23231.5	24843.5	26459.5	27503.5	27933.5	28373.5	28653.5	28395.0	27664.5	26652.5	25571.5	24245.0	22837.5	21466.5	19953.0	18340.0	16908.0	15388.5	13714.5	12233.5	10917.0	9714.0	8540.0	7342.0	6311.0	5454.5	4668.5	3988.5	3364.5	2821.5	2362.0	1950.5	1616.5	1297.0	1019.0	805.5	626.0	490.0	363.5	257.0	201.5	162.5	129.0	109.5	85.5	61.5	44.0	35.5	34.0	23.5	14.5	11.5	8.0	4.5	4.0	5.0	4.5	2.5	0.5	0.0	0.5	1.0	0.5	0.0	0.0	0.0	0.0	0.0	0.0	0.0
Sor-CPnd_017-Ex1-3G-lcwgs-1-2-L3-clmp.fp2_repr.R1	0.0	0.0	0.0	0.0	0.0	0.0	0.5	1.5	1.5	6.0	13.5	23.5	39.0	85.5	156.5	283.5	511.0	822.0	1237.5	1842.0	2714.0	3782.0	4942.5	6244.0	7722.5	9310.0	11076.5	12928.0	14683.0	16403.0	18093.5	19610.5	21036.5	22220.5	23018.0	23553.5	23929.5	23973.0	23781.0	23355.0	22535.5	21503.5	20491.0	19374.0	17973.0	16691.5	15414.0	14188.0	12959.5	11566.0	10323.5	9183.5	8098.0	7163.5	6226.5	5388.0	4668.0	3949.5	3338.5	2845.0	2409.5	2017.5	1673.5	1367.5	1114.5	885.5	673.5	524.5	404.0	299.0	225.5	174.0	143.0	104.5	77.0	65.5	53.5	42.5	31.5	20.0	14.5	14.0	11.0	8.0	5.5	3.0	1.5	1.5	1.5	0.5	0.0	0.0	0.0	0.0	0.0	0.0	0.0	0.0	0.0	0.0	0.0
Sor-CPnd_017-Ex1-3G-lcwgs-1-2-L3-clmp.fp2_repr.R2	0.0	0.0	0.0	0.0	0.0	0.5	1.0	1.5	2.5	6.5	13.5	27.5	46.5	91.5	162.0	266.5	470.0	802.5	1226.5	1828.0	2687.5	3723.0	4817.5	6089.5	7603.0	9371.5	11256.5	13029.5	14715.0	16452.0	18012.5	19413.0	20772.0	21939.5	22980.0	23644.0	24002.5	24155.5	23820.0	23263.0	22516.5	21637.5	20713.5	19329.5	18024.5	16912.5	15409.0	14076.0	12996.0	11564.5	10317.0	9225.5	8134.5	7173.0	6172.0	5362.0	4636.5	3970.5	3378.0	2865.5	2429.5	2001.5	1667.5	1377.5	1108.5	880.0	678.5	539.5	424.5	312.0	249.0	192.0	137.0	97.5	74.0	62.0	55.0	44.0	32.5	24.0	14.5	11.5	12.5	12.5	9.5	4.0	1.5	1.5	1.5	0.5	0.0	0.0	0.0	0.0	0.0	0.0	0.0	0.0	0.0	0.0	0.0
Sor-CPnd_018-Ex1-1E-lcwgs-1-2-L2-clmp.fp2_repr.R1	0.0	0.0	0.0	0.5	2.0	3.0	3.5	8.0	13.0	16.0	30.5	69.0	121.0	220.5	438.5	770.5	1357.5	2269.5	3608.0	5619.5	8218.0	11349.0	15094.0	19401.5	24497.0	30137.5	35880.5	41993.5	48447.0	54539.0	60358.0	66064.0	71187.0	75882.0	79588.0	82277.0	84470.5	85301.5	85015.0	83881.0	81518.0	78767.0	75470.5	71740.5	67900.5	63295.0	58685.0	54231.0	49701.5	44881.0	40365.5	36253.0	32134.5	28458.5	24849.0	21668.5	18996.5	16552.0	14320.5	12211.5	10385.5	8782.5	7372.0	6063.0	4793.5	3824.0	3006.0	2338.0	1817.5	1373.0	1025.0	761.0	611.5	493.5	386.5	299.5	232.5	179.5	132.0	105.0	86.5	61.0	39.5	29.5	19.5	15.0	12.0	8.5	5.0	1.5	0.0	0.0	0.0	0.0	0.0	0.0	0.0	0.0	0.0	0.0	0.0
Sor-CPnd_018-Ex1-1E-lcwgs-1-2-L2-clmp.fp2_repr.R2	0.0	0.0	0.0	0.0	2.5	6.5	7.0	12.0	23.0	31.0	46.5	82.0	145.0	244.0	443.0	807.5	1401.5	2277.5	3607.5	5633.0	8340.5	11415.5	14940.0	19358.0	24639.0	30045.0	35762.5	42052.0	48419.5	54506.5	60290.5	65862.5	71396.0	75957.0	79568.0	82626.0	84504.5	85386.5	85212.5	83674.5	81378.0	78732.0	75511.5	71809.0	67670.5	63281.0	58494.0	54143.5	49842.0	45124.0	40708.0	36253.5	32317.5	28782.0	24984.0	21766.5	18956.5	16400.0	14254.0	12138.5	10278.5	8773.5	7400.5	6061.5	4836.5	3816.0	2975.0	2336.5	1827.5	1374.0	1029.0	757.5	591.0	484.5	371.0	287.5	222.0	174.5	134.5	105.5	80.5	57.0	40.0	25.5	18.5	16.5	14.0	10.5	6.5	3.5	1.5	0.5	0.0	0.0	0.0	0.0	0.0	0.0	0.0	0.0	0.0
Sor-CPnd_018-Ex1-1E-lcwgs-1-2-L3-clmp.fp2_repr.R1	0.0	0.0	0.0	0.5	1.5	2.5	4.0	6.0	11.5	18.0	27.5	53.5	111.0	205.0	397.5	764.5	1318.5	2234.0	3540.0	5389.0	7924.0	11002.5	14596.5	18863.5	23582.5	28705.0	34594.0	40635.5	46842.5	53015.5	58728.0	64384.5	69679.0	73989.5	77361.5	80325.5	82618.5	83281.0	82769.0	81667.0	79775.0	77159.0	73657.0	70032.5	66152.5	61936.5	57624.5	53330.0	48965.0	44194.0	39825.0	35642.5	31662.0	28065.5	24682.5	21575.0	18833.0	16331.5	14026.0	11931.5	10018.5	8496.5	7189.5	5954.5	4805.0	3829.0	2992.5	2309.5	1775.5	1346.0	1030.5	796.0	628.0	500.5	386.0	281.0	216.0	169.0	128.5	108.5	92.0	62.5	41.0	34.0	28.5	22.5	15.5	9.5	5.0	3.5	2.5	2.0	1.0	0.0	0.0	0.0	0.0	0.0	0.0	0.0	0.0
Sor-CPnd_018-Ex1-1E-lcwgs-1-2-L3-clmp.fp2_repr.R2	0.0	0.0	0.0	0.5	0.5	0.0	0.5	4.5	12.5	22.5	39.0	70.0	121.5	219.5	408.0	745.5	1329.0	2245.0	3473.5	5364.5	7944.5	10945.5	14546.5	18902.5	23817.0	28997.0	34641.5	40679.0	46914.5	53089.0	58913.0	64273.5	69385.5	73895.5	77442.0	80588.0	82755.0	83353.5	82765.5	81520.5	79566.5	76852.5	73806.5	70128.5	66043.5	62121.5	57774.5	53323.5	48889.0	44272.0	39881.5	35723.0	31765.0	28045.0	24782.0	21618.0	18748.0	16177.5	13831.0	11852.5	10079.5	8589.5	7247.5	5973.5	4822.5	3868.5	2984.0	2295.0	1788.5	1348.5	1031.0	792.5	621.5	489.0	377.0	288.0	230.5	174.0	124.0	107.5	94.0	61.5	35.0	28.5	25.5	19.0	14.5	10.5	5.0	2.5	1.5	1.0	0.5	0.0	0.0	0.0	0.0	0.0	0.0	0.0	0.0
Sor-CPnd_019-Ex1-6G-lcwgs-1-2-L2-clmp.fp2_repr.R1	0.0	0.0	0.0	0.0	0.0	1.0	3.5	6.0	8.5	15.0	31.0	60.0	101.5	181.5	349.5	622.5	1090.0	1732.5	2745.5	4253.5	5981.0	8105.5	10667.5	13880.5	17494.0	21165.5	25092.5	29180.5	33532.0	37799.5	41516.0	44997.0	48546.0	51999.0	54753.5	56552.5	57774.5	58319.0	58190.0	57562.0	56169.0	54185.5	52152.5	49853.5	47350.5	44727.0	41630.5	38412.0	35384.5	32157.0	29004.0	26050.0	23152.5	20574.5	18028.5	15705.5	13718.0	11884.0	10324.0	8832.0	7491.5	6385.0	5396.5	4500.5	3609.0	2876.0	2292.0	1818.5	1435.5	1099.5	855.0	664.5	525.0	423.0	338.0	269.5	206.5	151.0	108.0	86.5	69.5	52.0	40.5	31.5	25.5	20.5	16.0	11.0	7.0	5.0	3.5	2.0	0.5	0.0	0.0	0.0	0.0	0.0	0.0	0.0	0.0
Sor-CPnd_019-Ex1-6G-lcwgs-1-2-L2-clmp.fp2_repr.R2	0.0	0.5	1.0	1.0	1.0	1.5	3.0	6.5	9.5	14.0	31.5	68.0	117.0	198.5	358.0	637.5	1104.0	1778.0	2767.5	4207.0	5946.0	8145.5	10787.0	13879.0	17284.5	20847.0	24873.0	29270.0	33676.0	37569.5	41241.5	44889.0	48469.5	51684.0	54245.5	56294.5	57760.0	58354.0	58172.5	57524.0	56249.5	54380.0	52234.5	49887.5	47580.0	45036.5	41767.0	38631.5	35590.0	32121.0	28968.0	26209.0	23283.0	20602.5	18162.0	15872.5	13875.5	11958.5	10386.0	8950.5	7520.5	6349.5	5373.0	4499.5	3667.5	2909.5	2306.5	1880.5	1461.5	1089.5	848.0	676.5	527.0	411.5	338.5	256.0	188.5	144.0	109.5	86.5	66.5	52.5	46.0	36.5	25.0	19.5	14.5	9.0	4.5	2.5	1.5	1.0	0.5	0.0	0.0	0.0	0.0	0.0	0.0	0.0	0.0
Sor-CPnd_019-Ex1-6G-lcwgs-1-2-L3-clmp.fp2_repr.R1	0.0	0.0	0.0	0.0	0.0	0.5	1.0	3.0	5.5	13.0	30.5	47.5	81.0	162.0	304.0	555.5	950.5	1482.5	2311.0	3468.0	4985.5	6852.0	8997.5	11494.5	14387.0	17569.0	20931.0	24375.0	27962.5	31546.5	34913.5	38136.0	40992.0	43270.0	45626.0	47571.5	48525.5	49197.5	49398.0	48823.5	47605.0	45970.5	44343.5	42462.5	40169.0	37749.5	35180.5	32605.5	30024.5	27492.0	25051.0	22438.0	19871.5	17715.0	15730.5	13726.0	11936.0	10419.0	8992.0	7782.5	6726.5	5696.0	4766.0	3892.5	3144.5	2537.5	2005.0	1613.5	1270.5	1008.0	822.5	621.5	453.0	349.5	272.0	215.0	176.0	138.0	107.0	86.5	65.5	49.5	36.5	28.5	22.0	14.0	11.0	10.0	8.0	5.0	2.0	1.5	1.5	0.5	0.0	0.0	0.0	0.0	0.0	0.0	0.0
Sor-CPnd_019-Ex1-6G-lcwgs-1-2-L3-clmp.fp2_repr.R2	0.0	0.0	0.0	0.0	1.0	2.0	2.5	7.0	11.5	14.5	29.5	52.5	91.0	165.5	294.0	550.0	933.5	1499.5	2359.0	3480.5	4972.0	6824.0	8938.0	11490.0	14243.5	17396.5	20842.0	24210.0	27844.5	31449.0	34664.5	37728.5	40715.5	43308.5	45695.5	47624.0	48684.0	49164.5	49214.5	48844.0	47659.0	45902.0	44315.5	42472.5	40308.0	38038.0	35432.5	32704.0	30103.5	27702.5	25258.5	22544.0	19996.0	17752.0	15664.5	13776.5	11986.0	10446.5	9073.5	7826.5	6764.5	5707.5	4743.5	3890.5	3145.0	2513.0	1997.5	1623.5	1273.5	1003.5	794.5	602.0	449.5	345.5	272.5	211.0	175.5	133.0	107.0	89.5	65.5	48.5	37.0	27.5	20.5	15.0	9.0	7.0	7.5	5.0	2.0	1.0	0.5	0.5	1.0	1.0	0.5	0.0	0.0	0.0	0.0
Sor-CPnd_020-Ex1-2E-lcwgs-1-2-L2-clmp.fp2_repr.R1	0.0	0.5	1.0	1.0	1.0	1.0	1.5	7.0	15.0	21.5	37.0	71.5	122.0	209.5	373.5	684.5	1188.5	1875.5	2841.5	4189.0	5882.5	7949.0	10319.5	13096.0	16320.5	19723.0	23126.0	26430.5	29920.5	33555.0	36899.0	40010.0	42784.5	44968.0	46544.0	47635.0	48341.5	48626.5	48002.5	47012.5	45851.5	44121.5	41858.5	39440.0	37006.5	34436.5	31991.0	29543.0	27041.0	24500.5	22090.5	19620.0	17341.0	15392.5	13466.0	11702.5	10167.5	8730.5	7476.5	6370.5	5414.0	4616.5	3836.0	3137.0	2538.0	1999.0	1555.0	1266.5	1042.5	788.0	593.0	485.5	410.0	318.5	238.0	178.5	141.5	117.0	90.0	74.5	65.0	49.0	29.5	17.0	11.5	11.0	11.5	8.5	4.0	1.0	0.5	0.5	1.0	0.5	0.0	0.0	0.0	0.0	0.0	0.0	0.0
Sor-CPnd_020-Ex1-2E-lcwgs-1-2-L2-clmp.fp2_repr.R2	0.0	0.0	0.0	0.0	0.0	0.5	1.5	6.5	12.0	22.5	39.0	69.5	135.5	226.0	382.5	687.5	1149.5	1861.0	2856.0	4200.0	5856.0	7860.0	10158.0	12877.5	16028.0	19356.5	22823.0	26269.0	29855.0	33478.0	36798.5	39833.0	42419.0	44552.5	46487.5	47776.0	48435.0	48650.0	48056.5	46972.5	45706.5	44166.5	41945.5	39345.5	36925.5	34473.0	31912.5	29491.5	27246.0	24540.0	22004.5	19718.5	17394.0	15347.5	13408.5	11756.0	10252.0	8801.5	7510.0	6402.5	5487.5	4621.5	3787.0	3134.0	2566.0	2016.0	1557.5	1255.0	1008.0	753.5	581.5	474.0	368.5	272.0	192.5	152.5	134.5	107.0	78.0	61.5	54.0	41.5	27.5	16.5	11.5	10.5	8.5	5.0	1.5	0.0	0.0	0.0	0.0	0.0	0.0	0.0	0.0	0.0	0.0	0.0	0.0
Sor-CPnd_020-Ex1-2E-lcwgs-1-2-L3-clmp.fp2_repr.R1	0.0	0.0	0.0	0.0	0.5	2.5	4.0	6.5	14.0	22.5	29.5	51.0	102.5	210.0	399.5	722.5	1238.5	1951.0	3061.5	4626.0	6579.0	8925.5	11708.5	14944.0	18604.5	22402.5	26413.5	30620.5	34764.5	38959.0	42853.5	46315.5	49423.0	52311.0	54760.5	56367.0	57072.0	56907.5	56222.5	55284.0	53837.5	51607.0	49101.5	46365.0	43333.5	40460.5	37385.0	34148.5	31195.5	28188.0	25416.0	22809.5	20115.0	17761.5	15432.5	13249.5	11438.0	9906.5	8573.0	7277.5	6148.0	5156.0	4269.0	3502.5	2780.5	2189.0	1720.5	1343.5	1047.0	813.5	661.0	506.0	376.0	317.0	254.5	196.5	167.0	126.0	90.5	74.5	54.5	32.0	23.5	22.5	16.0	11.5	11.0	9.5	4.5	0.5	0.0	0.5	1.0	1.0	0.5	0.0	0.0	0.0	0.0	0.0	0.0
Sor-CPnd_020-Ex1-2E-lcwgs-1-2-L3-clmp.fp2_repr.R2	0.0	0.0	0.0	0.5	1.0	1.5	1.5	4.5	12.0	19.5	27.5	53.0	101.0	198.0	382.0	704.5	1236.0	1946.5	3012.5	4589.0	6460.5	8676.5	11463.5	14730.5	18452.5	22289.0	26262.5	30401.5	34587.5	38697.5	42584.0	46110.0	49367.0	52234.0	54628.0	56390.0	56921.5	56900.0	56345.0	55304.0	53796.0	51549.0	49249.0	46555.5	43439.5	40538.0	37452.0	34241.0	31350.0	28326.0	25446.0	22783.5	20139.0	17729.5	15364.0	13236.5	11444.0	9926.5	8580.5	7366.0	6263.5	5210.0	4253.0	3466.0	2808.0	2250.0	1755.5	1345.0	1044.0	813.0	645.5	489.5	355.0	294.5	235.0	173.0	140.0	112.0	89.0	69.0	52.5	38.0	25.5	20.5	18.0	14.0	10.0	6.5	4.5	2.0	0.0	0.5	1.0	1.0	0.5	0.0	0.0	0.0	0.0	0.0	0.0
Sor-CPnd_022-Ex1-7C-lcwgs-1-2-L2-clmp.fp2_repr.R1	0.0	0.0	0.0	0.0	0.0	0.5	2.5	5.5	10.0	16.5	33.5	59.5	106.5	228.0	404.5	713.5	1218.0	2043.5	3276.0	4900.5	6969.0	9690.5	12939.5	16591.0	20787.0	25313.5	30145.5	35250.0	40397.0	45348.0	50208.5	54825.5	58788.0	62187.5	65429.5	67763.0	69049.5	69592.0	69127.5	68200.5	66530.5	64049.0	61139.0	57685.0	53905.5	50228.5	46599.5	42898.0	39258.5	35578.5	32074.5	28463.5	25008.5	22100.0	19241.5	16632.5	14434.5	12400.0	10614.0	9091.5	7659.5	6417.5	5373.5	4439.5	3589.5	2866.5	2288.5	1830.0	1429.5	1104.5	852.5	663.5	518.0	392.5	294.5	248.0	205.5	168.0	129.5	96.0	75.0	56.5	42.5	30.5	22.0	17.0	12.0	9.0	6.0	2.0	0.5	0.0	0.0	0.0	0.0	0.0	0.0	0.0	0.0	0.0	0.0
Sor-CPnd_022-Ex1-7C-lcwgs-1-2-L2-clmp.fp2_repr.R2	0.0	0.0	0.0	0.0	1.0	2.5	3.0	6.0	11.0	18.0	38.0	68.0	122.5	242.0	426.5	734.0	1225.5	2045.0	3258.0	4913.0	7103.0	9663.5	12828.5	16727.0	20844.0	25194.0	30110.0	35317.5	40285.5	45152.5	50076.5	54463.5	58849.5	62581.5	65390.0	67776.0	68974.5	69192.5	69056.0	68046.0	66187.0	63966.5	60958.0	57623.0	54180.5	50490.0	46725.0	43170.5	39487.5	35633.0	32108.5	28476.0	25044.0	22137.0	19333.5	16770.0	14566.5	12510.0	10667.5	9200.0	7817.0	6473.0	5370.5	4459.5	3604.0	2909.0	2300.5	1817.0	1461.5	1095.5	837.0	654.5	494.5	387.5	299.0	244.0	199.5	165.0	130.5	93.0	79.5	63.5	47.0	33.5	20.5	15.0	10.0	6.0	3.5	1.0	0.0	0.0	0.0	0.0	0.0	0.0	0.0	0.0	0.0	0.0	0.0
Sor-CPnd_022-Ex1-7C-lcwgs-1-2-L3-clmp.fp2_repr.R1	0.0	0.0	0.0	0.0	0.5	1.0	1.5	3.0	8.0	14.0	25.5	52.0	91.0	173.0	308.0	547.5	995.0	1652.0	2658.0	4016.5	5741.0	7949.0	10529.5	13625.0	17026.5	20651.5	24590.0	28747.0	33089.5	37119.5	40953.5	44704.5	48163.5	50854.5	53290.0	55382.5	56605.5	57098.5	56718.0	55914.5	54478.0	52560.5	50219.0	47560.0	45135.0	42210.5	38806.0	35761.0	32723.5	29440.5	26483.5	23690.0	20935.0	18438.0	15998.0	13761.0	11961.5	10453.0	9000.5	7675.0	6513.0	5472.5	4570.0	3765.5	3077.0	2480.0	1913.0	1504.5	1192.0	934.0	723.5	564.0	434.5	329.0	262.5	197.5	153.0	137.0	107.5	75.0	63.5	46.5	30.5	26.0	20.5	12.0	5.0	3.5	3.5	2.5	1.0	0.0	0.0	0.0	0.0	0.0	0.0	0.0	0.0	0.0	0.0
Sor-CPnd_022-Ex1-7C-lcwgs-1-2-L3-clmp.fp2_repr.R2	0.0	0.0	0.0	0.0	0.0	0.0	0.5	2.5	7.0	16.5	32.0	47.0	87.5	175.5	334.0	574.5	989.0	1658.0	2652.0	4026.0	5759.5	7855.0	10405.5	13550.5	17040.0	20769.0	24680.0	28700.5	33030.5	37049.5	40696.5	44439.5	47973.5	50892.5	53426.0	55390.0	56504.0	56986.0	56695.0	55810.0	54446.0	52714.0	50584.0	47954.0	45050.0	42083.5	38869.5	35793.5	32745.0	29527.0	26599.5	23702.0	20895.0	18369.5	16072.0	13997.0	12098.5	10410.5	8983.5	7669.5	6473.0	5437.0	4577.0	3816.0	3129.5	2509.5	1922.5	1502.0	1194.5	936.0	721.0	565.5	437.0	330.0	260.5	185.0	154.5	144.5	107.5	78.5	59.0	40.0	32.5	31.0	25.5	17.0	8.5	6.0	4.5	3.0	2.0	0.5	0.0	0.0	0.0	0.0	0.0	0.0	0.0	0.0	0.0
Sor-CPnd_024-Ex1-5G-lcwgs-1-2-L2-clmp.fp2_repr.R1	0.0	0.0	0.0	0.0	0.0	0.5	1.5	2.5	3.0	3.5	7.0	15.5	30.0	55.0	112.5	235.0	387.5	582.5	922.0	1372.5	1953.0	2703.5	3516.0	4456.0	5616.5	6719.0	7865.0	9230.5	10628.0	11917.5	13054.5	14089.0	15205.0	16181.0	16745.5	17242.0	17632.5	17827.5	17770.5	17543.5	17166.0	16517.0	15714.5	15053.5	14445.0	13493.5	12520.5	11629.5	10653.0	9786.0	9009.5	8047.0	7174.5	6454.0	5612.0	4818.5	4239.0	3712.5	3226.5	2822.0	2367.5	1957.0	1611.5	1340.5	1139.5	944.5	769.0	618.5	475.5	361.5	277.5	216.0	181.5	159.5	131.0	100.5	78.5	56.5	38.0	28.5	27.0	24.0	18.0	12.5	8.0	7.0	5.5	2.0	0.0	0.5	1.0	0.5	0.0	0.0	0.0	0.0	0.0	0.0	0.0	0.0	0.0
Sor-CPnd_024-Ex1-5G-lcwgs-1-2-L2-clmp.fp2_repr.R2	0.0	0.0	0.0	0.0	0.0	0.0	0.5	3.0	5.0	6.0	7.5	17.0	37.0	59.5	110.0	210.5	391.5	611.0	891.0	1346.5	1986.0	2700.5	3452.0	4430.0	5517.0	6635.5	7902.0	9233.0	10567.0	11848.5	12999.5	14075.5	15140.0	16041.5	16799.5	17330.0	17710.0	17857.5	17720.0	17495.0	17091.5	16515.5	15808.0	15232.0	14453.0	13422.5	12560.0	11643.0	10686.0	9814.0	8978.0	8068.0	7220.5	6468.0	5610.5	4828.5	4234.5	3725.5	3272.5	2831.0	2356.0	1927.0	1575.0	1326.0	1135.5	954.0	786.0	622.5	479.5	347.0	254.0	203.5	171.0	150.0	126.0	95.0	71.0	49.5	33.5	32.0	32.5	26.0	18.5	12.0	8.0	6.0	4.5	2.5	1.0	1.0	0.5	0.0	0.0	0.0	0.0	0.0	0.0	0.0	0.0	0.0	0.0
Sor-CPnd_024-Ex1-5G-lcwgs-1-2-L3-clmp.fp2_repr.R1	0.0	0.0	0.0	0.0	0.0	0.0	0.5	3.0	5.0	5.0	7.5	15.5	27.0	52.0	97.5	185.5	339.5	556.5	863.5	1303.5	1809.5	2400.5	3210.5	4113.0	5037.5	6115.0	7302.0	8412.0	9514.0	10695.0	12028.0	13183.0	13972.5	14749.0	15517.0	16049.5	16460.0	16560.0	16319.0	16103.5	15813.5	15392.0	14741.0	13978.5	13278.5	12488.0	11593.5	10662.5	9715.5	8811.0	8060.5	7338.5	6471.0	5681.0	5004.0	4367.5	3810.0	3327.5	2863.0	2417.0	2078.5	1775.0	1454.0	1190.5	979.5	815.5	666.0	527.0	425.0	331.0	253.5	200.5	159.0	129.0	106.5	89.0	74.0	56.0	43.5	36.0	24.0	20.0	16.5	11.0	9.0	7.0	4.5	3.0	2.5	2.5	1.0	0.5	1.0	1.0	0.5	0.0	0.0	0.0	0.0	0.0	0.0
Sor-CPnd_024-Ex1-5G-lcwgs-1-2-L3-clmp.fp2_repr.R2	0.0	0.0	0.0	0.0	0.0	0.0	0.5	2.0	4.0	4.5	5.5	15.5	27.0	47.5	94.0	181.5	331.0	540.0	844.0	1285.0	1794.0	2419.5	3162.0	4022.0	5081.5	6199.0	7229.5	8272.5	9547.5	10832.0	11940.5	13048.0	14074.5	14753.0	15381.5	16023.0	16486.5	16518.5	16340.0	16174.0	15809.5	15361.5	14659.0	13839.0	13230.5	12510.5	11599.0	10718.0	9828.0	8959.0	8116.0	7243.0	6475.0	5794.5	5025.5	4378.0	3830.5	3317.0	2883.5	2457.0	2070.0	1760.0	1452.5	1179.0	970.0	796.5	653.5	542.0	439.0	333.0	253.0	192.5	152.5	129.0	102.5	81.5	67.0	52.0	39.5	33.5	24.0	18.0	13.5	8.0	6.0	6.5	6.0	3.0	1.0	0.5	0.0	0.5	1.0	1.0	0.5	0.0	0.0	0.0	0.0	0.0	0.0
Sor-CPnd_026-Ex1-3H-lcwgs-1-2-L2-clmp.fp2_repr.R1	0.0	0.0	0.0	0.0	0.5	1.5	2.5	2.5	4.0	4.5	8.0	19.0	39.0	93.0	183.5	321.5	529.5	841.5	1422.5	2115.5	2942.5	4098.0	5415.5	6971.0	8806.5	10669.0	12747.5	15043.5	17203.0	19249.0	21262.5	23245.5	25094.0	26721.0	27949.5	28614.0	29062.5	29412.5	29350.0	28809.0	27848.5	26689.0	25473.5	24254.5	22855.0	21230.0	19513.0	17745.0	16112.5	14547.0	13006.0	11531.0	10197.0	8946.0	7708.5	6658.5	5747.0	4943.0	4232.5	3562.5	2971.5	2503.0	2094.0	1682.5	1328.0	1040.5	803.5	628.5	480.5	375.5	296.5	215.0	165.0	122.0	81.5	63.0	55.5	41.5	35.0	25.5	13.5	11.5	8.0	3.5	3.0	3.5	3.5	2.5	0.5	0.0	0.0	0.0	0.0	0.0	0.0	0.0	0.0	0.0	0.0	0.0	0.0
Sor-CPnd_026-Ex1-3H-lcwgs-1-2-L2-clmp.fp2_repr.R2	0.0	0.0	0.0	0.0	0.5	2.0	3.0	3.5	3.5	7.0	17.0	33.0	47.5	84.5	171.5	317.0	513.0	848.0	1400.5	2102.0	3011.5	4109.5	5435.5	7083.0	8743.0	10576.0	12667.5	14778.0	17125.0	19182.5	21058.5	23159.5	25097.0	26681.0	27829.0	28700.0	29248.5	29514.0	29205.0	28680.0	27960.0	26929.5	25706.0	24180.0	22662.0	21162.5	19557.5	17801.0	16161.5	14606.0	13139.5	11677.0	10225.5	8950.0	7775.0	6701.5	5769.0	4919.5	4293.0	3660.0	2975.5	2469.5	2060.5	1704.5	1344.0	1051.5	822.0	625.5	471.5	364.5	275.0	197.5	161.5	133.5	90.5	61.0	50.0	39.5	34.0	27.0	19.5	11.0	4.0	2.5	3.5	4.5	4.5	3.5	1.0	0.5	1.0	1.0	0.5	0.0	0.0	0.0	0.0	0.0	0.0	0.0	0.0
Sor-CPnd_026-Ex1-3H-lcwgs-1-2-L3-clmp.fp2_repr.R1	0.0	0.0	0.0	0.0	0.5	0.5	0.0	1.5	5.5	10.0	14.5	21.5	27.5	57.5	133.0	245.0	425.0	681.5	1044.0	1586.5	2327.0	3196.0	4255.0	5552.0	6997.0	8561.0	10114.5	11862.5	13666.0	15186.0	16571.0	18143.5	19776.0	21009.0	21851.5	22670.0	23197.5	23105.5	22991.0	22777.0	22171.5	21136.5	20131.5	19066.5	17775.0	16643.5	15394.5	14115.5	12834.0	11530.5	10369.0	9231.5	8154.5	7162.5	6230.0	5338.5	4550.5	3959.0	3398.0	2792.0	2334.0	1954.0	1602.5	1345.5	1057.0	839.5	675.5	497.5	360.5	297.5	227.5	150.0	120.5	96.5	71.5	59.0	49.0	33.5	23.0	18.0	12.5	8.5	5.5	4.0	4.0	2.5	0.5	0.0	0.0	0.0	0.0	0.0	0.0	0.0	0.0	0.0	0.0	0.0	0.0	0.0	0.0
Sor-CPnd_026-Ex1-3H-lcwgs-1-2-L3-clmp.fp2_repr.R2	0.0	0.0	0.0	0.0	0.0	0.5	1.0	3.0	6.0	6.0	8.0	20.0	32.5	54.5	122.5	263.0	429.0	671.0	1064.0	1614.0	2293.5	3165.0	4250.5	5520.0	7010.0	8453.0	9938.0	11735.0	13469.5	14989.0	16561.0	18164.0	19585.0	20799.5	21751.5	22568.0	23144.0	23170.5	23015.5	22764.0	22157.0	21169.5	20180.0	19244.0	17953.5	16677.5	15575.5	14265.0	12804.5	11491.0	10360.0	9329.5	8294.0	7250.5	6230.5	5300.5	4613.0	4013.0	3418.0	2884.5	2404.0	1967.0	1624.5	1346.0	1074.5	847.0	645.0	482.0	363.5	280.0	220.5	157.0	124.5	101.5	75.5	64.0	55.0	39.0	20.5	11.5	11.0	10.0	6.0	3.0	3.0	3.0	1.5	1.0	0.5	0.0	0.0	0.0	0.0	0.0	0.0	0.0	0.0	0.0	0.0	0.0	0.0
Sor-CPnd_027-Ex1-3C-lcwgs-1-2-L2-clmp.fp2_repr.R1	0.0	0.0	0.0	0.0	0.0	0.5	1.0	5.0	11.0	17.0	26.5	39.5	65.5	119.5	239.5	463.0	815.5	1409.0	2239.5	3386.5	4913.0	6863.5	9325.5	12109.5	15294.5	18949.0	22694.0	26325.0	30332.0	34385.0	38112.0	41706.5	44827.0	47515.5	49895.5	51680.5	52666.5	52822.0	52314.5	51497.0	50100.0	47825.0	45393.0	43137.0	40515.5	37636.0	34571.0	31516.5	28980.0	26274.5	23411.0	20622.0	18076.5	15928.5	13775.5	11805.0	10118.5	8633.5	7338.5	6227.0	5241.5	4382.0	3560.5	2831.0	2287.5	1840.5	1449.5	1130.0	844.5	646.5	531.0	421.5	314.0	217.0	164.0	137.5	107.5	91.5	69.0	46.5	36.5	25.0	17.5	14.5	12.0	10.5	8.0	5.0	3.5	1.5	0.0	0.0	0.0	0.0	0.0	0.0	0.0	0.0	0.0	0.0	0.0
Sor-CPnd_027-Ex1-3C-lcwgs-1-2-L2-clmp.fp2_repr.R2	0.0	0.0	0.0	1.0	1.5	0.5	0.5	5.0	10.0	15.5	25.0	44.0	73.0	139.0	252.0	476.5	833.5	1388.0	2258.5	3434.5	4934.0	6850.0	9291.5	12209.0	15272.5	18614.5	22454.5	26289.0	30264.0	34205.0	37874.0	41416.0	44672.5	47387.5	49647.0	51410.5	52149.0	52284.5	52179.0	51437.5	50037.0	48022.5	45670.0	43156.0	40542.5	37950.0	34855.5	31968.0	29312.5	26431.0	23707.5	21051.5	18484.5	16015.5	13807.5	11893.5	10153.0	8637.0	7439.0	6325.5	5236.5	4367.0	3593.0	2890.0	2306.5	1803.5	1394.0	1103.0	859.5	656.5	504.0	380.0	296.5	223.0	165.0	134.0	108.0	84.5	62.5	42.5	31.5	27.5	20.5	13.0	8.5	8.5	5.0	1.5	1.0	0.5	0.0	0.0	0.0	0.0	0.0	0.0	0.0	0.0	0.0	0.0	0.0
Sor-CPnd_027-Ex1-3C-lcwgs-1-2-L3-clmp.fp2_repr.R1	0.0	0.0	0.0	0.5	1.5	2.0	4.0	7.0	8.5	10.5	14.0	24.0	58.5	110.5	191.5	352.0	633.5	1090.0	1757.0	2602.5	3853.5	5498.5	7368.5	9544.5	11971.0	14651.5	17655.5	20809.0	23928.0	26951.0	29790.5	32536.0	35150.0	37277.0	39220.0	40498.0	41122.5	41599.5	41471.0	40472.5	39202.0	37936.0	36117.5	33977.5	31740.0	29606.0	27576.0	25468.0	23215.0	20882.0	18539.5	16339.5	14374.0	12690.0	11003.5	9398.5	8083.0	6899.5	5821.5	4915.0	4192.0	3484.0	2893.0	2386.5	1889.5	1515.0	1210.5	932.5	697.5	507.5	373.5	267.5	216.5	173.5	132.5	108.0	93.0	76.5	45.0	32.5	30.5	23.5	23.0	17.0	8.0	4.5	3.5	2.5	1.5	1.5	1.0	0.5	0.0	0.0	0.0	0.0	0.0	0.0	0.0	0.0	0.0
Sor-CPnd_027-Ex1-3C-lcwgs-1-2-L3-clmp.fp2_repr.R2	0.0	0.0	0.0	0.0	0.0	1.0	2.5	2.5	4.0	6.5	14.5	29.0	47.5	82.0	180.5	379.0	660.0	1093.0	1750.0	2620.5	3780.5	5437.5	7368.0	9459.0	11866.5	14528.5	17514.5	20594.5	23717.5	26803.0	29593.0	32270.0	34886.0	37288.0	39086.0	40403.5	41348.0	41455.5	41206.0	40580.5	39232.5	37715.0	36024.0	34212.5	32233.5	29841.5	27420.5	25354.0	23347.0	21073.0	18829.5	16625.0	14511.5	12766.0	11079.0	9549.0	8200.0	6896.5	5850.0	4988.5	4207.0	3536.0	2970.0	2421.5	1961.0	1558.0	1207.0	930.0	682.5	514.0	390.0	275.0	204.0	149.5	129.5	120.5	100.0	72.5	46.5	35.0	31.0	27.5	22.0	14.5	9.0	6.5	4.5	2.0	0.5	1.0	2.0	1.0	0.0	0.0	0.0	0.0	0.0	0.0	0.0	0.0	0.0
Sor-CPnd_028-Ex1-3A-lcwgs-1-2-L2-clmp.fp2_repr.R1	0.0	0.0	0.0	0.5	1.0	1.0	1.5	5.5	10.0	21.0	37.0	51.0	82.5	141.5	269.0	543.0	988.0	1673.5	2725.5	4230.0	6278.5	8773.0	11861.5	15573.0	19730.5	24120.0	29133.5	34579.5	39403.5	44248.0	49203.5	53504.5	57541.0	61288.5	64391.5	66642.0	67795.0	68051.0	67629.5	66495.5	64522.5	61797.5	58820.0	55732.0	52492.5	49094.0	45620.0	41975.0	38123.0	34489.0	31062.0	27707.0	24573.5	21792.5	19093.0	16436.5	14196.5	12417.0	10758.0	9189.0	7744.5	6437.0	5369.0	4411.5	3555.0	2795.0	2127.0	1685.5	1326.0	979.5	739.0	590.5	459.0	343.0	262.0	196.5	150.0	123.0	101.5	71.0	48.0	40.5	35.0	23.5	13.5	9.0	6.0	3.0	1.5	1.0	1.0	1.0	0.5	0.0	0.0	0.0	0.0	0.0	0.0	0.0	0.0
Sor-CPnd_028-Ex1-3A-lcwgs-1-2-L2-clmp.fp2_repr.R2	0.0	0.0	0.0	0.5	1.5	2.0	3.5	6.0	7.5	11.5	28.0	52.5	85.5	168.0	332.0	621.5	1058.0	1682.0	2605.5	4079.5	6203.0	8765.0	11867.5	15557.0	19667.0	24133.0	29059.0	34306.0	39246.0	44021.0	48884.0	53461.5	57455.5	61022.5	64201.5	66479.5	67599.0	67762.5	67456.0	66297.5	64419.0	62306.5	59314.0	56035.5	52814.0	49405.0	45722.0	41889.0	38275.0	34585.5	31094.0	27881.0	24849.0	21869.5	19090.0	16556.0	14333.5	12506.5	10772.0	9122.5	7707.0	6448.5	5259.0	4350.0	3575.0	2842.0	2202.0	1723.5	1321.0	969.5	719.0	551.5	434.5	329.5	248.5	189.5	148.0	118.5	94.0	73.5	57.0	46.5	38.5	27.5	13.5	7.0	6.0	4.5	3.5	3.0	2.0	1.0	0.5	0.0	0.0	0.0	0.0	0.0	0.0	0.0	0.0
Sor-CPnd_028-Ex1-3A-lcwgs-1-2-L3-clmp.fp2_repr.R1	0.0	0.0	0.0	0.0	0.0	0.0	0.5	3.5	8.0	12.0	24.0	40.0	64.0	138.0	277.0	473.5	835.0	1388.5	2236.0	3512.5	5190.5	7243.0	9838.5	12933.0	16201.5	19923.5	24164.0	28375.5	32335.0	36419.0	40354.5	43906.0	47520.0	50698.5	53010.5	54796.5	55901.0	56064.0	55716.0	55010.0	53317.5	51140.0	49001.0	46399.0	43629.5	40750.5	37702.0	34712.5	31675.0	28699.5	25841.0	23102.5	20664.5	18295.5	16012.0	13931.0	12012.5	10262.5	8858.5	7612.5	6386.0	5426.5	4551.0	3749.5	3040.0	2413.5	1884.0	1446.0	1121.0	871.0	678.0	520.0	372.5	278.5	229.5	182.0	140.0	113.5	90.5	71.0	51.5	31.0	22.0	18.5	11.5	4.5	2.5	3.0	2.0	1.0	0.5	0.0	0.0	0.0	0.0	0.0	0.0	0.0	0.0	0.0	0.0
Sor-CPnd_028-Ex1-3A-lcwgs-1-2-L3-clmp.fp2_repr.R2	0.0	0.0	0.0	0.0	0.5	1.5	2.0	4.5	10.0	22.5	34.0	40.5	76.0	143.5	250.0	475.5	841.5	1380.0	2234.5	3492.0	5170.5	7173.0	9712.0	12816.0	16188.0	19922.5	23924.5	28018.5	32254.0	36512.0	40397.0	43848.5	47310.5	50189.0	52539.0	54704.5	55802.5	56158.0	56099.0	55037.5	53365.0	51326.5	48980.5	46523.5	43901.5	40822.0	37519.5	34750.5	31918.5	28806.0	26077.0	23401.5	20686.0	18280.0	16006.5	13831.5	11962.5	10396.5	9008.5	7696.0	6467.0	5425.5	4506.5	3742.5	3060.5	2425.0	1881.5	1469.0	1119.0	824.0	629.0	489.0	365.0	268.5	219.0	178.5	142.0	120.0	88.0	61.5	51.0	38.5	26.5	16.5	10.0	7.0	5.5	4.5	3.5	2.5	1.5	0.5	0.0	0.0	0.0	0.0	0.0	0.0	0.0	0.0	0.0
Sor-CPnd_029-Ex1-8E-lcwgs-1-2-L2-clmp.fp2_repr.R1	0.0	0.0	0.0	0.0	0.5	1.0	3.0	12.5	24.5	42.0	74.0	125.0	230.5	432.5	757.0	1335.0	2313.0	3750.0	5744.0	8451.0	12022.5	16315.5	21101.0	27130.5	33843.0	40575.0	47747.5	55072.5	62504.0	69823.0	76820.0	83245.5	89283.5	94259.5	98067.5	100894.0	102881.0	103627.5	102809.5	100837.5	98025.0	94405.0	89636.5	84596.5	79206.5	73565.5	68071.0	62354.0	56722.5	51066.0	45794.0	40679.0	35668.0	31413.5	27312.5	23651.5	20427.5	17494.0	15028.5	12791.0	10705.5	8910.5	7398.5	6037.0	4807.5	3856.0	3011.0	2331.5	1805.5	1393.5	1125.5	857.0	638.5	501.5	387.5	283.5	207.0	160.5	131.5	106.0	73.0	45.5	29.5	19.5	16.0	11.0	8.0	6.0	3.5	4.0	3.5	1.5	0.5	0.0	0.0	0.0	0.0	0.0	0.0	0.0	0.0
Sor-CPnd_029-Ex1-8E-lcwgs-1-2-L2-clmp.fp2_repr.R2	0.0	0.0	0.0	0.5	2.0	4.0	5.5	16.5	31.0	51.0	81.0	137.0	241.5	444.0	792.0	1355.0	2344.0	3753.0	5715.0	8335.5	11758.0	16109.0	21128.5	27034.5	33360.0	40127.5	47494.5	54803.5	62242.5	69504.0	76442.0	82887.5	88818.0	93925.5	97929.5	100908.0	102772.0	103526.0	102780.5	101113.0	98259.0	94431.0	90147.5	84962.0	79610.5	73960.0	68130.0	62757.0	57091.0	51204.5	46090.5	41025.0	35869.0	31518.0	27503.5	23825.0	20482.0	17534.0	15093.5	12794.0	10703.0	8896.5	7401.5	6076.5	4816.5	3825.5	3021.0	2396.5	1873.0	1422.0	1134.5	864.5	638.0	491.5	379.5	284.5	213.5	157.0	112.5	94.0	71.0	42.0	31.0	23.5	19.0	14.5	9.5	5.0	3.5	4.0	2.5	1.0	0.5	0.0	0.0	0.0	0.0	0.0	0.0	0.0	0.0
Sor-CPnd_029-Ex1-8E-lcwgs-1-2-L3-clmp.fp2_repr.R1	0.0	0.0	0.0	0.0	0.5	3.5	6.0	11.5	20.0	34.0	65.0	113.0	198.5	394.5	695.0	1191.5	2034.0	3219.0	4951.0	7369.0	10312.0	13879.0	18252.5	23297.5	28766.0	34515.0	40799.0	47270.5	53363.5	59377.0	65096.0	70571.5	76032.0	80150.0	83456.0	86482.5	87952.0	88024.5	87275.0	86094.5	84137.0	81057.0	77115.0	72936.0	68598.5	63893.5	59070.5	54182.0	49466.0	44568.0	39737.0	35148.5	31203.0	27530.0	23677.0	20592.5	17761.5	15242.5	13187.5	11195.5	9383.5	7784.0	6495.0	5336.0	4237.0	3407.5	2716.5	2150.0	1708.5	1325.5	1053.0	827.0	611.5	463.5	378.5	297.0	208.5	157.5	125.0	90.0	61.0	38.5	25.0	18.0	14.5	11.0	8.5	5.5	2.0	0.5	0.0	0.0	0.0	0.0	0.0	0.0	0.0	0.0	0.0	0.0	0.0
Sor-CPnd_029-Ex1-8E-lcwgs-1-2-L3-clmp.fp2_repr.R2	0.0	0.0	0.0	0.0	0.0	2.0	5.5	10.0	16.5	35.0	62.0	101.0	189.0	387.5	696.5	1176.0	2021.5	3224.5	4919.5	7274.0	10201.0	13724.5	18005.0	22958.5	28321.0	34052.0	40341.5	46752.5	53232.5	59290.0	64873.5	70538.0	75622.0	79679.5	83311.5	86103.5	87695.0	88303.0	87649.0	86383.5	84296.5	80992.0	77155.5	73208.5	69083.0	64521.5	59288.5	54263.0	49743.0	44869.0	40061.0	35420.0	31282.5	27662.0	23937.5	20705.0	17882.5	15388.0	13261.5	11239.0	9444.5	7832.0	6471.5	5344.0	4234.5	3409.0	2757.0	2160.5	1684.5	1319.5	1007.0	783.5	619.5	469.5	376.0	286.5	207.0	158.5	121.0	83.0	50.5	30.0	22.5	19.0	15.0	10.5	7.5	5.5	2.5	0.5	0.0	0.5	0.5	0.0	0.0	0.0	0.0	0.0	0.0	0.0	0.0
Sor-CPnd_030-Ex1-2H-lcwgs-1-2-L2-clmp.fp2_repr.R1	0.0	0.0	0.0	0.0	0.5	1.0	1.0	3.0	6.5	10.0	19.0	38.0	63.5	103.0	182.5	312.5	530.5	864.5	1320.5	1963.0	2779.0	3820.0	5109.5	6452.0	7882.5	9543.0	11293.5	13201.5	15043.5	16693.0	18288.5	19718.0	21239.5	22591.5	23691.0	24532.0	25002.5	25110.0	24880.5	24563.0	24013.5	23202.5	22382.0	21539.0	20327.5	18946.5	17537.0	16108.5	14876.5	13565.5	12228.0	11047.5	9854.0	8654.5	7553.5	6552.5	5712.0	5073.5	4458.5	3759.0	3107.0	2644.0	2258.5	1849.0	1493.5	1223.5	969.5	750.0	597.0	472.0	370.5	288.5	232.5	188.0	134.5	102.0	81.0	63.0	50.5	41.0	31.0	25.0	16.5	9.0	8.5	8.0	7.0	5.0	2.0	0.0	0.0	0.0	0.0	0.0	0.0	0.0	0.0	0.0	0.0	0.0	0.0
Sor-CPnd_030-Ex1-2H-lcwgs-1-2-L2-clmp.fp2_repr.R2	0.0	0.0	0.0	0.0	0.0	0.0	0.5	4.0	6.0	8.5	16.0	35.0	66.0	101.0	176.5	322.0	535.0	859.0	1317.0	1936.5	2722.0	3772.5	5060.0	6451.0	7853.0	9358.0	11115.0	12958.5	14791.5	16576.5	18290.5	19865.5	21335.5	22669.5	23660.5	24479.0	25047.5	25189.0	24965.5	24570.5	24046.5	23222.5	22385.0	21495.0	20181.0	18799.0	17496.5	16157.5	14855.0	13471.5	12222.5	11073.0	9872.0	8746.0	7671.5	6638.0	5704.0	4983.0	4417.0	3754.0	3130.0	2671.5	2230.5	1831.0	1502.5	1228.0	990.0	760.0	580.5	461.0	361.5	285.5	222.5	166.5	128.5	99.0	78.0	59.0	47.0	37.5	26.0	21.5	12.5	6.0	7.5	7.0	5.0	3.5	2.5	1.5	0.5	0.0	0.0	0.0	0.0	0.0	0.0	0.0	0.0	0.0	0.0
Sor-CPnd_030-Ex1-2H-lcwgs-1-2-L3-clmp.fp2_repr.R1	0.0	0.0	0.5	0.5	0.0	0.0	1.0	3.0	9.0	16.0	22.5	34.0	50.0	99.5	197.5	338.0	563.5	938.0	1505.5	2211.0	3030.0	4177.5	5619.0	7182.5	8863.5	10642.0	12566.5	14656.5	16763.0	18839.5	20657.0	22508.5	24349.0	25753.0	26852.0	27746.0	28420.5	28566.5	28362.5	27964.0	27437.5	26573.0	25396.5	24117.0	22675.0	21200.5	19802.5	18458.0	16766.5	14962.0	13532.0	12174.0	10865.0	9718.5	8436.5	7282.0	6421.5	5631.0	4860.5	4111.0	3464.0	2920.0	2440.5	2006.0	1638.5	1323.0	1031.5	808.0	646.5	518.0	399.5	298.5	227.0	176.0	138.5	112.0	89.5	70.0	57.0	38.0	23.5	14.0	8.0	7.5	7.0	4.5	2.0	2.5	3.5	2.5	1.0	0.5	1.0	0.5	0.0	0.0	0.0	0.0	0.0	0.0	0.0
Sor-CPnd_030-Ex1-2H-lcwgs-1-2-L3-clmp.fp2_repr.R2	0.0	0.0	0.0	0.0	1.0	2.5	3.0	3.5	8.0	12.5	19.5	35.5	59.0	104.5	173.5	320.5	549.5	916.5	1490.0	2176.5	3055.0	4209.5	5572.0	7129.0	8789.0	10627.0	12574.5	14560.5	16510.5	18602.0	20668.0	22409.0	24097.0	25788.5	27020.0	27751.5	28295.0	28469.0	28327.0	28005.5	27464.5	26522.5	25457.0	24240.0	22766.5	21160.5	19671.0	18430.0	16946.0	15212.0	13603.5	12207.0	10883.5	9605.0	8361.0	7270.0	6398.0	5622.0	4905.5	4178.0	3479.0	2900.0	2450.5	2045.5	1646.5	1324.0	1045.0	802.0	626.5	506.0	402.0	293.5	218.0	169.5	138.5	116.0	93.0	71.0	56.0	37.0	21.5	14.0	9.0	9.0	7.5	5.0	3.5	2.5	1.0	0.0	0.5	1.5	1.5	0.5	0.0	0.0	0.0	0.0	0.0	0.0	0.0
Sor-CPnd_031-Ex1-5D-lcwgs-1-2-L2-clmp.fp2_repr.R1	0.0	0.0	0.0	0.0	0.0	0.0	0.0	2.5	7.0	10.5	18.0	33.0	57.5	111.0	207.0	402.5	729.5	1189.0	1871.0	2873.0	4085.5	5543.5	7383.5	9554.0	12040.0	14722.5	17520.5	20508.5	23682.0	26656.5	29299.5	31959.5	34692.5	37166.5	39091.0	40404.0	41124.0	41506.0	41603.0	41307.5	40233.5	38836.0	37183.5	35101.0	33256.0	31302.0	29155.0	26978.5	24764.5	22425.5	20084.5	17860.0	15645.5	13837.5	12221.5	10595.0	9246.0	8013.0	6874.0	5856.0	4951.5	4111.5	3415.5	2820.0	2272.5	1831.0	1441.0	1153.0	922.0	697.0	511.5	410.0	330.5	245.0	186.5	143.5	104.5	80.0	58.0	43.0	41.0	33.0	17.0	10.5	10.0	8.0	5.5	5.0	3.5	1.0	0.5	1.5	2.0	1.5	0.5	0.0	0.0	0.0	0.0	0.0	0.0
Sor-CPnd_031-Ex1-5D-lcwgs-1-2-L2-clmp.fp2_repr.R2	0.0	0.5	0.5	0.0	0.5	1.0	1.0	2.0	4.5	11.0	23.0	41.0	62.5	112.0	212.5	396.5	714.0	1169.0	1871.0	2842.0	4029.5	5543.0	7374.5	9535.5	11936.5	14525.0	17354.5	20459.5	23558.5	26406.5	29139.0	31904.5	34620.0	36898.0	38838.5	40274.0	41196.5	41637.5	41514.0	41227.0	40294.0	38846.0	37249.5	35329.5	33435.0	31423.5	29228.5	27089.0	24812.5	22424.5	20080.0	17940.0	15854.5	13956.0	12297.0	10598.5	9203.5	7952.0	6815.5	5875.0	4958.5	4116.0	3372.5	2770.5	2287.5	1835.5	1450.5	1163.5	904.0	660.5	492.0	391.5	300.5	217.5	156.0	119.5	93.0	80.0	63.5	45.0	40.0	30.0	16.5	11.0	9.0	7.5	6.5	5.0	2.0	0.5	0.5	2.5	4.0	3.5	1.5	0.0	0.0	0.0	0.0	0.0	0.0
Sor-CPnd_031-Ex1-5D-lcwgs-1-2-L3-clmp.fp2_repr.R1	0.0	0.0	0.0	0.0	0.5	1.0	2.0	4.0	6.5	9.5	16.0	35.0	63.5	110.0	189.5	334.0	595.5	1029.0	1637.5	2510.5	3677.5	5120.0	6803.0	8844.0	11209.0	13704.5	16547.0	19592.0	22495.0	25086.0	27853.5	30446.0	32881.0	35165.5	36902.0	38488.5	39283.5	39515.0	39658.5	39240.0	38211.5	36954.5	35437.0	33793.0	31834.0	29424.5	27194.5	25097.5	22979.0	20916.0	18865.0	16813.5	14898.0	13217.0	11530.0	9905.5	8563.0	7399.5	6303.5	5351.0	4522.5	3781.0	3100.5	2511.0	2046.0	1639.0	1312.0	1024.5	808.5	620.5	453.0	358.0	275.5	203.0	153.5	106.0	73.0	63.0	54.0	40.5	27.0	13.0	7.5	7.0	6.0	4.0	3.0	2.5	1.5	1.0	0.5	0.0	0.0	0.0	0.0	0.0	0.0	0.0	0.0	0.0	0.0
Sor-CPnd_031-Ex1-5D-lcwgs-1-2-L3-clmp.fp2_repr.R2	0.0	0.0	0.0	0.0	0.0	0.0	0.5	2.5	5.0	7.5	14.0	26.0	52.0	108.0	205.5	339.0	579.0	985.0	1610.5	2503.0	3644.5	5024.0	6758.0	8833.0	11118.5	13685.5	16347.5	19171.0	22334.0	25117.5	27752.5	30456.5	32992.5	35298.0	37007.0	38362.5	39249.5	39570.0	39577.5	39075.0	38239.0	37099.0	35247.5	33490.5	31679.5	29467.5	27395.5	25246.0	23100.0	20939.0	18775.5	16805.0	14954.5	13229.0	11569.5	9907.0	8517.5	7460.5	6381.5	5421.5	4599.5	3809.0	3142.5	2559.5	2060.5	1655.5	1306.5	1014.5	804.0	611.5	456.0	345.0	253.5	192.0	143.0	98.0	72.5	58.5	46.5	35.0	22.5	11.5	7.5	8.0	8.5	6.0	3.5	2.5	3.0	3.5	2.5	1.5	1.0	0.5	0.0	0.0	0.0	0.0	0.0	0.0	0.0
Sor-CPnd_033-Ex1-2F-lcwgs-1-2-L2-clmp.fp2_repr.R1	0.0	0.0	0.0	0.0	0.0	0.0	0.5	1.5	4.5	10.0	17.5	30.5	47.0	86.0	174.0	322.5	532.5	872.5	1361.5	1994.5	2800.0	3818.0	4917.5	6222.5	7662.0	9116.0	10763.0	12466.0	14131.0	15689.0	17168.0	18684.0	20066.0	21109.5	21892.5	22357.5	22579.5	22643.0	22484.0	22073.5	21344.5	20307.0	19275.0	18332.0	17159.5	15868.0	14668.5	13531.5	12461.0	11311.5	10164.5	9067.5	7992.5	7042.0	6170.0	5368.5	4617.5	3957.5	3386.5	2896.0	2451.5	2056.0	1728.0	1440.0	1147.0	914.0	728.0	573.0	464.0	363.5	283.5	214.0	180.5	146.5	111.5	87.5	70.0	60.5	46.0	26.0	14.5	9.5	7.0	8.0	6.5	5.0	5.0	3.5	1.5	0.0	0.0	0.0	0.0	0.0	0.0	0.0	0.0	0.0	0.0	0.0	0.0
Sor-CPnd_033-Ex1-2F-lcwgs-1-2-L2-clmp.fp2_repr.R2	0.0	0.0	0.0	0.0	0.0	0.0	0.5	3.0	4.5	7.0	13.5	29.0	52.0	97.0	180.5	308.0	534.5	884.5	1342.5	1930.0	2737.0	3690.0	4828.5	6193.5	7609.5	9067.5	10614.0	12354.0	14065.5	15591.0	17078.5	18529.0	19846.5	20951.5	21810.5	22456.0	22657.0	22556.0	22417.0	22210.0	21473.0	20265.5	19379.0	18409.5	17167.0	15975.5	14692.5	13535.5	12508.5	11299.5	10119.0	9032.5	8019.5	7115.5	6192.0	5365.5	4636.5	3962.5	3415.0	2902.0	2407.0	2045.5	1761.5	1452.5	1182.5	922.5	707.0	568.5	442.5	334.5	267.0	209.0	168.0	137.0	102.0	77.5	70.0	55.5	36.5	26.0	21.0	12.0	4.5	5.5	5.5	5.0	4.5	2.5	0.5	0.0	0.0	0.0	0.0	0.0	0.0	0.0	0.0	0.0	0.0	0.0	0.0
Sor-CPnd_033-Ex1-2F-lcwgs-1-2-L3-clmp.fp2_repr.R1	0.0	0.0	0.0	0.0	0.0	0.0	0.5	2.5	5.0	10.5	20.0	33.0	56.5	106.5	198.0	336.0	589.0	984.5	1501.0	2142.5	3005.5	4149.0	5464.5	6965.0	8664.0	10639.0	12478.5	14275.0	16276.5	18048.5	19878.0	21596.5	23035.5	24321.5	25297.5	26170.0	26562.0	26501.0	26300.5	25727.0	24829.0	23593.0	22358.5	21121.5	19829.5	18514.0	17134.0	15638.5	14133.5	12789.5	11529.0	10330.5	9138.5	8080.0	7069.0	6143.0	5383.5	4658.5	3941.5	3277.0	2758.0	2317.0	1918.5	1618.5	1322.0	1042.0	815.5	642.5	511.5	403.5	304.0	244.5	193.5	148.5	116.5	84.5	67.5	56.5	39.5	28.0	28.5	23.0	19.0	17.5	10.0	3.5	0.5	0.0	0.0	0.0	0.0	0.0	0.0	0.0	0.0	0.0	0.0	0.0	0.0	0.0	0.0
Sor-CPnd_033-Ex1-2F-lcwgs-1-2-L3-clmp.fp2_repr.R2	0.0	0.0	0.0	0.0	0.5	1.0	1.0	2.0	5.0	8.5	13.5	22.0	36.5	84.5	184.0	342.5	587.5	940.0	1436.0	2142.0	3018.5	4115.5	5433.5	6874.5	8518.0	10281.5	12321.0	14339.5	16193.5	18084.5	19859.0	21552.5	22930.0	24198.5	25360.5	26185.0	26516.5	26435.0	26117.0	25617.5	24829.5	23791.0	22491.5	21073.5	19913.5	18600.0	17216.0	15676.0	14081.0	12787.0	11641.0	10385.5	9100.5	7970.0	7025.5	6186.5	5368.5	4693.5	4018.0	3337.5	2793.0	2308.0	1923.0	1636.0	1329.5	1074.5	825.0	599.0	478.0	388.0	304.5	240.0	185.5	145.5	108.5	76.5	61.0	55.5	42.5	36.0	34.5	23.0	13.0	10.0	7.0	3.0	1.0	1.0	0.5	0.0	0.0	0.0	0.0	0.0	0.0	0.0	0.0	0.0	0.0	0.0	0.0
Sor-CPnd_034-Ex1-4G-lcwgs-1-2-L2-clmp.fp2_repr.R1	0.0	0.0	0.0	0.0	0.0	0.0	0.5	1.5	1.5	2.5	8.0	15.5	29.0	61.0	121.5	218.0	386.5	629.5	966.5	1454.0	2053.5	2799.5	3685.0	4697.0	5813.5	6963.0	8286.5	9708.0	11052.0	12404.0	13801.5	15123.5	16200.0	17080.5	17959.0	18757.5	19301.5	19673.0	19698.0	19356.0	18976.5	18559.5	17917.0	17151.0	16317.0	15410.5	14383.5	13276.0	12345.5	11396.5	10356.0	9376.5	8475.5	7553.5	6569.5	5691.5	4974.0	4324.5	3795.0	3300.5	2825.0	2379.5	1945.0	1590.0	1291.5	1089.5	893.0	695.5	539.5	409.0	319.0	261.5	207.5	159.0	134.0	108.0	81.5	61.0	51.5	41.5	28.0	19.0	17.0	17.5	14.5	10.0	6.5	2.5	1.5	1.5	0.5	0.0	0.0	0.0	0.0	0.0	0.0	0.0	0.0	0.0	0.0
Sor-CPnd_034-Ex1-4G-lcwgs-1-2-L2-clmp.fp2_repr.R2	0.0	0.0	0.0	0.0	0.0	0.5	1.0	2.0	4.5	5.5	7.5	15.5	27.0	65.0	128.5	222.5	394.0	655.0	992.0	1426.5	2064.5	2861.0	3648.0	4681.5	5802.0	6912.0	8322.0	9713.0	11070.5	12414.5	13707.0	15031.5	16114.5	17076.5	18096.5	18804.5	19239.0	19498.5	19534.5	19382.5	19069.0	18607.0	17906.5	17166.0	16312.5	15410.0	14391.0	13320.5	12376.5	11407.0	10408.0	9390.0	8447.5	7525.5	6591.5	5737.5	4961.5	4302.0	3776.0	3303.0	2858.5	2387.0	1947.0	1610.5	1329.0	1100.0	892.0	690.5	530.0	404.0	321.5	262.0	200.0	150.5	128.0	105.0	83.0	62.5	49.0	41.0	26.5	16.5	15.5	16.0	15.0	9.0	4.5	2.0	2.0	2.5	1.5	1.0	0.5	0.0	0.0	0.0	0.0	0.0	0.0	0.0	0.0
Sor-CPnd_034-Ex1-4G-lcwgs-1-2-L3-clmp.fp2_repr.R1	0.0	0.0	0.0	0.0	0.0	0.0	0.0	0.0	0.0	3.0	6.5	15.0	32.0	56.0	91.5	163.5	289.0	487.0	790.5	1175.5	1638.0	2243.5	2984.0	3840.5	4797.5	5731.0	6845.5	8065.5	9279.0	10434.5	11385.0	12322.5	13285.0	14082.0	14722.5	15418.0	15971.0	16112.0	15967.0	15798.5	15596.5	15286.5	14843.0	14184.5	13560.5	12836.0	11959.5	11122.5	10236.5	9381.5	8618.5	7754.0	6858.0	6135.0	5387.5	4661.5	4110.5	3620.0	3158.5	2727.0	2302.5	1971.5	1699.0	1411.0	1140.5	935.5	745.0	602.5	501.5	391.5	293.5	229.0	185.5	151.5	112.0	85.0	71.5	48.5	33.5	30.5	30.0	25.5	16.5	9.0	6.0	3.5	2.5	3.0	2.5	2.0	1.5	0.5	0.0	0.0	0.0	0.0	0.0	0.0	0.0	0.0	0.0
Sor-CPnd_034-Ex1-4G-lcwgs-1-2-L3-clmp.fp2_repr.R2	0.0	0.0	0.0	0.0	0.0	0.0	0.0	0.5	1.0	1.5	3.5	14.5	30.0	51.0	92.5	171.0	312.5	510.0	783.0	1163.0	1641.5	2268.5	2964.5	3782.0	4762.5	5715.0	6766.5	7947.0	9229.0	10419.5	11340.0	12328.5	13296.0	14071.5	14714.5	15352.0	15878.0	16098.0	16028.0	15811.5	15569.0	15219.0	14761.5	14217.0	13625.0	12907.5	12063.5	11195.0	10324.5	9411.0	8552.0	7740.0	6934.5	6191.0	5411.0	4683.5	4132.5	3665.5	3226.5	2737.0	2307.0	1967.0	1673.0	1423.5	1167.0	943.0	721.5	583.5	491.5	383.5	296.5	228.0	179.5	143.0	108.5	84.0	71.0	51.0	34.0	30.0	28.5	22.0	14.5	9.5	7.0	4.0	3.0	4.0	4.0	4.0	2.5	0.5	0.0	0.0	0.0	0.0	0.0	0.0	0.0	0.0	0.0
Sor-CPnd_036-Ex1-5C-lcwgs-1-2-L2-clmp.fp2_repr.R1	0.0	0.0	0.0	0.0	0.0	0.0	1.0	2.5	6.5	10.5	17.5	33.0	56.5	104.0	222.0	412.0	744.5	1264.5	1991.0	3017.0	4391.5	5986.5	7841.0	10108.0	12679.0	15440.0	18360.5	21255.0	24306.0	27345.0	30124.5	32920.5	35548.5	37813.0	39763.5	41329.5	42108.0	42131.5	42243.0	42051.0	41035.5	39783.5	38165.5	36359.5	34504.5	32447.0	30339.0	28195.5	26041.5	23760.0	21558.0	19494.0	17529.0	15689.5	13781.0	12048.0	10609.5	9333.5	8218.5	7117.5	6031.0	5074.0	4232.5	3541.0	2942.0	2452.5	1992.5	1583.5	1249.5	971.5	802.5	632.0	491.0	385.0	281.0	213.0	170.0	126.0	88.5	63.0	49.5	38.5	24.0	18.0	17.5	13.5	8.0	7.5	7.5	4.5	2.0	0.5	0.0	0.0	0.0	0.0	0.0	0.0	0.0	0.0	0.0
Sor-CPnd_036-Ex1-5C-lcwgs-1-2-L2-clmp.fp2_repr.R2	0.0	0.0	0.0	0.0	0.0	1.0	1.0	3.0	10.0	13.0	18.5	34.5	63.5	110.5	213.0	406.5	741.5	1257.0	1971.0	2971.0	4297.0	5935.5	7745.5	9983.5	12558.0	15276.5	18189.5	21188.5	24404.0	27379.0	29982.5	32636.5	35463.5	37803.0	39493.5	41111.0	42094.5	42272.0	42285.5	42074.5	41234.0	39820.5	38257.0	36619.5	34600.0	32419.5	30364.5	28354.5	26193.5	23788.0	21580.0	19517.0	17493.5	15677.5	13805.0	12124.5	10707.0	9303.0	8066.5	7027.5	6090.5	5130.0	4255.5	3584.5	2983.0	2442.5	1969.5	1573.5	1241.5	971.5	796.5	642.0	502.0	385.0	272.5	194.5	158.5	122.5	87.0	62.5	51.5	43.5	29.0	18.5	15.0	9.5	5.0	4.0	4.0	3.0	1.0	0.0	0.0	0.0	0.0	0.0	0.0	0.0	0.0	0.0	0.0
Sor-CPnd_036-Ex1-5C-lcwgs-1-2-L3-clmp.fp2_repr.R1	0.0	0.0	0.0	0.0	0.0	0.5	2.0	4.0	3.5	7.5	16.0	25.5	53.0	116.5	212.0	392.0	694.0	1163.0	1825.5	2734.0	3944.0	5436.0	7258.5	9301.0	11579.5	14078.5	16919.0	19550.0	22247.0	25024.5	27618.5	30131.0	32531.0	34806.5	36391.0	37484.0	38322.0	38890.0	38813.0	38411.0	37746.0	36546.0	34929.0	33124.0	31358.5	29418.5	27517.0	25561.0	23459.0	21464.0	19498.5	17585.5	15749.0	13996.5	12354.0	10853.5	9518.0	8235.0	7151.5	6239.0	5337.5	4492.0	3781.0	3174.5	2560.5	2095.0	1672.0	1326.0	1076.5	842.0	651.0	512.0	395.0	302.0	248.5	193.5	160.5	136.5	100.0	68.0	47.0	31.0	28.0	26.5	14.0	8.5	9.0	7.0	2.5	0.5	1.0	0.5	0.0	0.0	0.0	0.0	0.0	0.0	0.0	0.0	0.0
Sor-CPnd_036-Ex1-5C-lcwgs-1-2-L3-clmp.fp2_repr.R2	0.0	0.0	0.0	0.0	0.0	0.0	0.0	4.5	10.0	13.5	21.5	35.0	59.0	108.5	204.0	388.5	697.0	1141.5	1834.0	2744.5	3943.0	5393.0	7039.5	9170.0	11534.0	13920.5	16654.5	19372.0	22262.5	25097.5	27724.0	30105.0	32335.5	34605.0	36240.5	37447.5	38201.5	38812.5	38996.5	38477.5	37663.0	36536.0	34995.5	33149.0	31434.5	29564.0	27415.5	25526.0	23579.0	21578.5	19681.0	17718.5	15850.5	14090.0	12385.5	10976.0	9640.0	8213.0	7156.0	6186.0	5299.0	4545.0	3799.5	3172.5	2597.5	2117.0	1668.5	1316.5	1077.0	841.0	650.5	504.0	384.0	298.0	230.0	177.5	158.0	136.0	99.5	66.5	49.0	37.5	31.0	26.0	14.5	7.5	6.0	5.0	2.5	1.0	1.5	1.0	0.0	0.0	0.0	0.0	0.0	0.0	0.0	0.0	0.0
Sor-CPnd_037-Ex1-6C-lcwgs-1-2-L2-clmp.fp2_repr.R1	0.0	0.0	0.0	0.0	0.5	2.0	3.0	4.5	7.5	14.5	32.0	58.0	105.0	200.5	372.0	651.5	1101.5	1825.5	2964.5	4508.5	6454.0	8789.5	11542.0	14855.0	18593.0	22495.5	26535.5	30841.0	35090.5	39074.0	42904.0	46787.0	50356.5	53120.0	55724.5	57535.0	58347.5	58953.0	58802.5	57953.5	56751.5	54748.5	52222.5	49913.5	47529.0	44592.0	41578.5	38610.0	35471.5	32170.0	29034.0	26360.0	23771.0	21094.5	18382.5	15909.0	13892.5	12187.0	10410.5	8755.5	7457.0	6239.5	5164.0	4337.0	3601.0	2889.5	2250.0	1799.5	1452.0	1133.0	880.5	674.5	516.0	397.0	317.5	251.5	200.5	144.0	105.0	82.0	59.0	45.5	34.0	21.5	16.0	19.5	17.0	11.5	6.5	2.5	2.0	1.5	1.0	0.5	0.0	0.0	0.0	0.0	0.0	0.0	0.0
Sor-CPnd_037-Ex1-6C-lcwgs-1-2-L2-clmp.fp2_repr.R2	0.0	0.0	0.0	0.0	0.5	2.0	3.0	5.5	14.0	25.5	39.5	70.0	122.5	203.5	370.0	659.0	1149.0	1883.5	2990.5	4482.5	6373.5	8801.0	11600.0	14663.5	18185.0	22296.5	26563.0	30797.0	34937.5	38719.5	42633.5	46613.5	50140.0	53047.5	55482.0	57061.0	58015.5	58806.5	58948.5	58181.0	56674.0	54830.5	52457.0	50109.0	47563.0	44572.0	41832.0	38893.0	35704.5	32552.0	29577.5	26670.0	23867.0	21194.0	18448.0	16048.0	14062.5	12262.0	10473.5	8878.0	7528.0	6281.0	5248.5	4363.5	3630.5	2908.0	2239.5	1798.5	1415.5	1107.0	890.5	703.5	540.5	402.5	311.5	259.5	201.5	140.0	106.0	83.0	62.0	48.0	35.5	22.5	18.0	21.5	20.0	13.5	7.0	3.5	3.5	3.0	2.0	1.0	0.0	0.0	0.0	0.0	0.0	0.0	0.0
Sor-CPnd_037-Ex1-6C-lcwgs-1-2-L3-clmp.fp2_repr.R1	0.0	0.5	1.0	1.0	1.0	1.5	3.0	2.5	2.5	10.0	32.0	54.0	72.0	140.0	284.0	513.0	935.5	1543.5	2354.0	3575.0	5215.0	7223.0	9522.0	12238.5	15124.5	18136.5	21804.5	25295.0	28702.5	32346.5	35748.0	38671.0	41293.5	43874.5	45840.5	47319.0	48542.5	48918.0	48658.0	48074.0	47101.5	45854.5	43931.5	41835.0	39627.0	37001.5	34708.0	32339.0	29811.5	27353.0	24746.5	22127.0	19747.5	17476.5	15363.0	13511.5	11761.0	10212.5	8793.0	7528.0	6353.5	5291.0	4435.5	3726.5	3066.0	2468.0	1932.5	1515.5	1173.0	930.5	757.0	592.5	463.0	382.0	291.5	207.0	155.0	122.0	106.5	82.0	49.0	28.0	19.0	19.0	21.0	16.5	13.0	9.5	5.5	3.5	2.0	0.5	0.0	0.0	0.0	0.0	0.0	0.0	0.0	0.0	0.0
Sor-CPnd_037-Ex1-6C-lcwgs-1-2-L3-clmp.fp2_repr.R2	0.0	0.0	0.0	1.0	2.0	2.0	2.0	3.0	4.5	10.0	19.5	41.5	86.5	174.5	318.0	528.5	925.0	1549.5	2390.5	3631.5	5341.5	7298.0	9552.0	12131.5	14903.5	18094.5	21614.0	25100.5	28630.0	32175.5	35454.5	38539.5	41374.5	43704.0	45701.5	47228.0	48198.0	48609.5	48573.0	48101.5	47172.5	45824.5	44028.5	41987.0	39739.0	37215.5	34703.5	32422.5	30146.5	27571.5	24927.0	22422.0	19916.5	17583.0	15474.5	13523.0	11789.0	10282.0	8870.5	7547.0	6404.5	5342.5	4476.5	3767.5	3066.0	2496.0	1937.0	1508.0	1181.0	918.0	742.0	594.0	469.0	367.0	286.5	209.5	151.5	124.0	107.5	82.5	47.0	27.0	20.0	19.5	19.0	15.5	12.5	8.5	5.0	3.5	3.0	1.0	0.0	0.0	0.0	0.0	0.0	0.0	0.0	0.0	0.0
Sor-CPnd_038-Ex1-2A-lcwgs-1-2-L2-clmp.fp2_repr.R1	0.0	0.0	0.0	0.0	0.0	0.0	0.0	1.0	5.0	8.0	12.0	24.0	41.0	83.5	164.5	290.5	487.5	811.0	1302.5	1933.5	2861.0	4052.0	5454.5	7171.0	9131.0	11332.5	13593.0	15858.5	18228.0	20360.0	22364.0	24365.0	26254.0	27800.0	28857.5	29852.5	30631.0	30707.5	30451.0	29785.0	28739.0	27710.5	26349.0	24790.0	23297.0	21818.0	20183.0	18579.0	17111.0	15567.0	13969.5	12307.0	10809.0	9627.5	8471.5	7238.0	6158.0	5339.0	4558.5	3826.5	3263.5	2767.0	2292.5	1843.5	1422.5	1131.5	919.0	732.0	575.0	427.0	323.5	258.0	217.0	170.5	131.5	108.5	88.5	71.5	48.0	26.5	20.5	22.0	18.5	12.0	6.5	4.5	6.0	5.0	2.5	0.5	1.0	2.0	2.0	1.0	0.0	0.0	0.0	0.0	0.0	0.0	0.0
Sor-CPnd_038-Ex1-2A-lcwgs-1-2-L2-clmp.fp2_repr.R2	0.0	0.0	0.0	0.0	0.0	0.0	0.0	2.5	8.0	14.0	22.0	33.0	45.5	81.5	153.0	263.5	464.0	792.0	1290.0	1959.0	2846.5	4051.0	5457.5	7088.5	8994.5	11100.5	13302.0	15607.0	17967.0	20056.5	22034.5	24059.0	26045.5	27695.0	28862.5	29815.5	30444.0	30622.5	30576.0	30001.0	29068.5	27932.5	26489.0	24938.0	23276.5	21698.5	20227.5	18791.0	17217.0	15490.0	13943.0	12382.5	10868.0	9694.5	8570.0	7323.0	6192.5	5334.0	4550.0	3826.5	3245.0	2749.0	2230.0	1801.5	1447.5	1156.0	914.0	728.0	568.0	402.5	305.0	248.0	200.5	153.0	117.0	92.0	78.0	64.5	43.0	27.0	19.5	15.0	14.5	12.0	6.0	4.5	5.0	3.5	1.5	0.0	0.0	0.0	0.0	0.0	0.0	0.0	0.0	0.0	0.0	0.0	0.0
Sor-CPnd_038-Ex1-2A-lcwgs-1-2-L3-clmp.fp2_repr.R1	0.0	0.0	0.0	0.0	0.0	0.0	1.0	4.5	10.0	12.0	14.5	24.0	39.5	85.0	155.5	282.5	508.5	844.5	1401.5	2198.0	3278.0	4645.5	6257.5	8299.0	10435.5	12789.0	15641.0	18268.5	20960.0	23853.0	26393.0	28784.0	31127.5	32709.0	34047.5	35343.0	36024.5	36367.5	36029.0	35209.5	34071.5	32708.0	31282.0	29526.5	27597.0	25628.0	23679.5	21801.5	19864.0	17772.5	15912.5	14311.5	12659.0	11134.5	9776.0	8580.0	7343.5	6170.0	5275.0	4472.0	3797.0	3154.5	2562.5	2152.0	1744.5	1350.0	1056.5	837.5	662.5	509.0	366.0	261.5	217.5	185.0	138.0	103.5	87.0	66.0	48.5	32.0	18.0	20.0	18.5	9.5	5.5	6.0	5.0	2.0	0.5	1.0	2.5	3.0	1.5	0.0	0.0	0.0	0.0	0.0	0.0	0.0	0.0
Sor-CPnd_038-Ex1-2A-lcwgs-1-2-L3-clmp.fp2_repr.R2	0.0	0.0	0.0	0.0	0.0	0.5	1.0	1.0	3.5	8.0	15.5	27.0	40.0	74.0	145.5	268.5	488.0	879.0	1426.0	2196.0	3286.0	4568.0	6114.0	8069.0	10368.5	12956.0	15535.5	18058.5	20733.5	23455.0	26036.0	28429.5	30613.5	32493.5	34120.5	35394.0	35994.5	36171.0	35933.5	35199.0	34239.5	33006.5	31350.5	29631.5	27828.0	25693.0	23651.5	21772.5	19996.5	18081.5	16106.0	14339.5	12715.5	11226.0	9859.5	8576.0	7325.5	6227.0	5329.0	4533.5	3804.5	3126.5	2578.5	2131.5	1701.5	1321.0	1057.0	868.5	681.5	507.0	361.0	262.0	207.0	174.5	135.0	102.0	85.5	66.5	45.0	32.0	23.5	19.5	16.0	11.5	7.5	7.0	7.0	4.0	1.0	0.0	0.0	0.0	0.0	0.0	0.0	0.0	0.0	0.0	0.0	0.0	0.0
Sor-CPnd_041-Ex1-7A-lcwgs-1-2-L2-clmp.fp2_repr.R1	0.0	0.0	0.0	0.0	0.5	1.0	1.5	2.5	3.0	7.0	13.5	19.0	39.0	93.5	173.5	323.0	641.5	1138.5	1838.0	2963.5	4620.0	6723.5	9301.5	12500.5	16248.0	20597.0	25578.5	30636.0	35976.0	41729.5	47161.5	52170.0	57118.0	61450.0	65089.0	68006.0	70059.5	71068.0	71151.0	70522.5	69047.0	66535.0	63050.0	59902.5	56803.0	53057.0	48899.5	44674.5	40811.0	36919.5	33180.0	29516.0	25813.0	22636.5	19716.5	17014.5	14604.0	12540.0	10671.5	8982.5	7522.0	6168.5	5050.5	4161.5	3357.0	2627.5	2039.0	1591.5	1254.0	951.0	695.5	519.5	385.5	291.5	218.5	162.0	120.0	85.0	56.0	34.0	23.5	19.5	17.5	12.0	8.0	6.0	5.0	3.5	1.5	0.5	0.0	0.5	1.0	0.5	0.0	0.0	0.0	0.0	0.0	0.0	0.0
Sor-CPnd_041-Ex1-7A-lcwgs-1-2-L2-clmp.fp2_repr.R2	0.0	0.0	0.0	0.0	0.0	0.0	0.5	2.5	5.5	8.0	11.5	19.0	41.0	89.5	169.0	326.0	648.5	1127.0	1863.5	3023.5	4636.0	6699.0	9331.0	12564.0	16419.5	20892.0	25795.0	30775.0	36179.5	41860.0	47192.0	52313.0	57063.0	61351.0	64938.0	67802.0	69868.5	70960.0	71244.5	70431.0	68568.5	66026.0	62930.5	59870.5	56597.0	52702.5	48758.0	44840.0	40996.0	37007.0	33255.5	29563.5	25928.0	22854.5	19799.0	16990.5	14643.0	12606.0	10699.5	8973.0	7455.5	6148.5	5117.5	4202.5	3357.0	2633.0	2022.0	1592.0	1261.5	955.0	708.0	523.5	384.0	285.5	217.0	160.0	123.5	88.5	60.0	40.0	25.5	16.5	14.5	11.0	8.0	5.5	3.5	2.0	2.0	2.5	1.5	0.5	0.0	0.0	0.0	0.0	0.0	0.0	0.0	0.0	0.0
Sor-CPnd_041-Ex1-7A-lcwgs-1-2-L3-clmp.fp2_repr.R1	0.0	0.0	0.0	0.0	0.0	0.5	1.5	3.0	3.5	5.5	11.5	21.0	41.0	78.0	161.5	309.5	570.5	1015.0	1738.0	2865.0	4506.5	6537.0	9021.5	12146.5	15871.0	20233.5	25129.0	30284.0	35567.5	40770.0	45905.0	51212.5	56051.0	60230.5	64052.0	66804.0	68761.5	70156.5	70043.5	69251.0	67970.5	65483.0	62510.0	59377.0	56071.0	52263.0	48305.0	44563.5	40510.5	36533.5	32957.0	29309.0	25776.5	22604.0	19695.0	16955.0	14510.5	12450.5	10563.0	8947.0	7498.5	6137.0	5078.0	4189.0	3325.5	2610.0	1993.0	1530.5	1185.5	902.5	686.0	495.5	356.0	282.0	215.0	153.0	107.0	84.5	71.0	46.5	34.0	29.0	20.5	14.5	13.5	10.5	7.0	4.0	2.5	1.5	0.5	0.0	0.0	0.0	0.0	0.0	0.0	0.0	0.0	0.0	0.0
Sor-CPnd_041-Ex1-7A-lcwgs-1-2-L3-clmp.fp2_repr.R2	0.0	0.0	0.0	0.0	0.0	0.5	2.0	3.5	4.0	4.5	8.5	23.0	48.0	89.5	174.5	334.0	605.5	1034.0	1767.5	2906.0	4557.5	6661.5	9076.0	12208.0	16048.5	20418.0	25261.5	30402.5	35748.0	41017.0	46019.0	50890.0	55800.0	60382.0	64098.0	66830.0	68740.0	69822.5	69827.5	69026.5	67732.5	65211.5	62117.5	59383.0	56056.5	52241.5	48270.5	44394.0	40650.0	36627.0	33025.5	29415.5	25654.0	22512.0	19747.0	17045.0	14585.5	12520.0	10616.5	8915.0	7496.0	6218.5	5151.0	4248.0	3362.0	2613.0	2007.5	1524.5	1170.0	901.0	681.0	491.5	373.5	301.5	220.0	145.5	101.0	84.5	71.5	50.0	37.5	29.5	18.5	13.0	12.5	10.0	7.5	4.5	2.5	1.5	1.0	1.0	1.0	0.5	0.0	0.0	0.0	0.0	0.0	0.0	0.0
Sor-CPnd_043-Ex1-1D-lcwgs-1-2-L2-clmp.fp2_repr.R1	0.0	0.0	0.0	0.0	1.0	3.5	5.0	8.0	14.0	27.0	46.0	72.5	135.0	285.5	500.5	888.5	1590.0	2615.0	4176.0	6373.0	9221.5	12789.0	17031.0	22065.5	27761.0	33746.0	40102.0	46938.0	53942.0	60738.5	67360.0	73478.0	78729.0	83480.5	88081.5	91243.5	92712.0	93291.0	92722.5	91101.5	88643.0	85423.0	81441.5	77135.0	72756.5	67938.5	62679.0	57639.5	52799.0	47723.0	42952.0	38315.5	33865.0	29882.5	26160.5	22799.0	19579.5	16826.5	14530.5	12342.0	10522.5	8778.0	7091.5	5779.0	4603.0	3670.0	2880.0	2218.0	1739.5	1320.0	962.5	713.5	551.0	430.5	333.0	254.0	202.0	154.5	105.0	69.5	53.0	38.5	29.5	27.5	20.5	11.0	8.5	8.5	5.5	2.5	0.5	0.0	0.0	0.0	0.0	0.0	0.0	0.0	0.0	0.0	0.0
Sor-CPnd_043-Ex1-1D-lcwgs-1-2-L2-clmp.fp2_repr.R2	0.0	0.0	0.0	0.0	1.5	4.5	7.0	9.5	14.0	22.0	45.0	97.0	174.5	312.5	527.0	920.0	1616.0	2702.5	4274.0	6413.5	9272.5	12820.5	16970.0	21956.5	27608.0	33638.5	40090.0	46878.0	53784.5	60267.5	66509.5	72760.5	78310.5	83361.5	87832.5	91020.5	92717.5	93583.0	93192.0	91063.0	88484.5	85359.5	81616.0	77504.5	72984.0	68159.5	63312.5	58186.5	52832.5	47819.0	43132.5	38637.5	34243.0	30153.5	26384.0	22891.5	19516.5	16747.5	14663.0	12553.0	10545.5	8748.5	7182.5	5860.0	4679.0	3712.5	2876.0	2225.0	1754.5	1313.0	939.0	702.5	565.0	450.0	346.5	270.5	219.0	168.0	118.0	81.5	61.5	50.0	42.0	34.0	21.5	9.5	7.0	5.5	3.0	2.0	1.5	1.0	1.0	0.5	0.0	0.0	0.0	0.0	0.0	0.0	0.0
Sor-CPnd_043-Ex1-1D-lcwgs-1-2-L3-clmp.fp2_repr.R1	0.0	0.0	0.0	0.0	2.5	4.0	4.0	5.5	9.5	18.0	37.0	73.5	119.5	214.0	416.0	765.0	1291.5	2105.0	3441.5	5373.5	7713.5	10515.0	14095.5	18171.5	22713.0	28033.0	33550.5	38872.0	44682.5	50213.5	55115.5	60292.5	65195.5	69337.5	72885.0	75628.5	77096.0	77558.0	77376.0	75929.0	73546.5	70888.5	67824.0	64560.5	60767.0	56621.0	52406.0	48239.0	44087.0	39755.0	35806.0	32034.5	28458.5	25134.0	21746.5	18800.5	16453.0	14306.5	12194.0	10369.0	8754.0	7257.5	6120.5	5087.0	4052.0	3200.5	2513.0	1960.0	1480.0	1103.0	845.0	660.0	497.0	375.5	297.5	233.5	169.5	120.5	92.0	72.0	53.5	32.5	21.0	18.5	16.0	9.5	7.0	6.5	4.5	2.5	1.0	0.0	0.0	0.5	1.0	1.0	0.5	0.0	0.0	0.0	0.0
Sor-CPnd_043-Ex1-1D-lcwgs-1-2-L3-clmp.fp2_repr.R2	0.0	0.0	0.0	0.0	0.0	0.5	2.0	6.5	13.0	22.0	43.0	76.5	134.0	237.5	396.5	745.0	1333.5	2138.5	3355.5	5229.5	7586.5	10518.5	14131.5	18104.5	22563.0	27618.5	33301.0	38855.5	44277.5	49873.5	55206.5	60297.0	65057.5	69136.5	72496.5	75178.0	77063.5	77684.5	77377.5	76145.0	73781.5	71177.5	68089.5	64632.5	60895.5	56742.5	52613.5	48552.0	44226.5	40045.0	36135.0	32163.0	28652.0	25353.0	22059.0	19133.5	16584.0	14279.5	12259.5	10437.5	8808.0	7333.5	6117.5	5110.0	4117.0	3280.5	2516.5	1941.0	1490.0	1114.0	843.5	651.5	501.0	374.5	293.0	237.5	177.5	124.5	90.0	68.5	56.5	38.0	19.5	17.0	16.0	8.5	4.5	5.5	5.5	3.0	0.5	0.0	0.0	0.0	0.0	0.0	0.0	0.0	0.0	0.0	0.0
Sor-CPnd_044-Ex1-8G-lcwgs-1-2-L2-clmp.fp2_repr.R1	0.0	0.0	0.0	0.0	1.5	2.0	1.0	6.5	15.0	23.0	42.0	71.5	115.5	211.0	410.0	778.0	1343.0	2149.0	3322.5	4987.5	7029.0	9468.5	12348.5	15757.0	19411.0	23236.0	27565.5	32084.5	36559.5	40700.5	44770.5	48723.0	52170.0	54820.5	57115.0	59025.0	59919.0	59773.5	58991.0	58110.5	56554.5	54307.0	51988.0	49148.5	46118.0	43200.0	40073.0	36817.0	33635.5	30444.0	27223.5	24365.0	21644.5	19128.0	16657.0	14487.0	12754.0	11105.5	9526.5	8104.0	6951.0	5907.5	4930.0	4079.0	3322.5	2687.0	2120.5	1637.5	1285.5	1046.5	866.5	652.0	465.0	357.0	281.0	224.0	175.0	134.5	101.5	79.5	62.0	39.5	22.5	17.0	15.0	14.0	10.0	7.0	7.0	4.5	1.0	0.0	0.0	0.0	0.0	0.0	0.0	0.0	0.0	0.0	0.0
Sor-CPnd_044-Ex1-8G-lcwgs-1-2-L2-clmp.fp2_repr.R2	0.0	0.0	0.0	0.0	1.0	1.5	2.0	5.0	12.0	23.0	42.0	74.5	119.0	227.0	437.0	784.5	1357.0	2136.0	3265.0	4900.0	6959.5	9464.0	12360.5	15706.5	19524.0	23273.5	27471.0	32062.5	36249.5	40475.5	44656.0	48401.0	52005.0	54855.5	56841.5	58783.0	59905.5	59765.5	58993.5	58202.5	56738.5	54267.5	51863.5	49296.5	46259.5	43231.5	40246.0	36956.5	33626.5	30434.5	27458.0	24624.5	21814.0	19306.0	16803.0	14603.0	12815.0	11117.0	9547.5	8156.0	7042.5	5959.0	4962.0	4104.5	3307.5	2745.5	2192.0	1669.5	1316.0	1040.5	838.0	638.5	466.0	360.0	275.0	218.5	178.0	140.0	104.0	77.0	64.5	49.0	31.5	22.5	18.0	15.0	9.5	7.5	8.0	5.5	1.5	0.0	0.0	0.0	0.0	0.0	0.0	0.0	0.0	0.0	0.0
Sor-CPnd_044-Ex1-8G-lcwgs-1-2-L3-clmp.fp2_repr.R1	0.0	0.0	0.0	0.0	1.0	2.0	2.0	1.5	3.0	12.0	29.0	57.0	99.5	173.5	330.5	635.5	1107.0	1796.0	2805.0	4086.0	5807.5	7904.5	10295.0	13066.0	16047.5	19390.0	22961.0	26629.5	30303.0	33826.5	37159.0	40161.0	42985.0	45539.0	47361.0	48750.0	49742.0	50041.0	49857.0	48878.0	47533.0	45837.5	43575.0	41285.0	39025.5	36624.5	33895.0	31004.0	28400.5	25795.0	23196.5	20674.0	18343.5	16416.5	14429.0	12586.0	11067.0	9628.5	8290.0	7121.0	6023.5	5038.0	4195.0	3543.0	2915.5	2313.5	1818.0	1437.5	1135.0	885.0	720.5	566.0	447.0	362.0	290.0	214.0	154.5	126.0	94.5	65.0	48.5	38.0	26.0	15.5	10.5	6.5	4.0	4.5	5.0	4.0	3.5	1.5	0.0	0.0	0.0	0.0	0.0	0.0	0.0	0.0	0.0
Sor-CPnd_044-Ex1-8G-lcwgs-1-2-L3-clmp.fp2_repr.R2	0.0	0.0	0.0	0.0	0.0	0.0	0.5	3.5	9.0	17.0	35.5	65.5	104.5	186.0	338.0	622.0	1088.5	1781.0	2778.5	4033.0	5746.5	7895.0	10291.0	13077.5	16042.0	19253.5	22914.0	26644.0	30101.5	33688.5	37150.0	40188.5	43044.0	45327.5	47180.5	48614.5	49455.5	49740.5	49623.5	48936.5	47743.5	45942.5	43779.5	41542.5	39107.5	36617.5	33922.0	31144.0	28556.0	25895.5	23244.0	20819.0	18535.0	16455.0	14366.0	12542.5	11083.5	9704.0	8414.0	7199.5	6069.0	5069.0	4214.0	3551.0	2932.0	2350.0	1833.0	1453.0	1142.0	874.5	712.5	569.5	447.0	354.0	277.5	209.0	154.0	122.5	87.0	58.5	46.0	39.0	30.5	20.5	14.5	10.0	6.0	5.5	5.0	4.0	3.5	1.5	0.0	0.0	0.0	0.0	0.0	0.0	0.0	0.0	0.0
Sor-CPnd_045-Ex1-7B-lcwgs-1-2-L2-clmp.fp2_repr.R1	0.0	0.0	0.0	0.0	0.0	0.5	3.0	8.5	12.5	18.0	28.0	53.5	111.5	188.5	348.5	631.5	1149.0	1936.0	3166.0	4922.0	7026.0	9760.5	13351.5	17441.0	22061.5	27198.0	32563.0	38240.0	43919.0	49720.5	55478.5	60958.5	65905.0	69856.5	73408.0	76275.0	78125.0	79066.0	78900.0	77697.0	75813.0	73134.0	69945.5	66138.5	61915.0	58140.0	53988.5	49355.0	44939.5	40490.5	36135.5	32260.5	28666.5	25218.0	21859.0	18847.5	16131.5	13803.5	11794.0	9949.5	8327.0	6869.0	5697.0	4651.5	3716.0	2914.5	2243.5	1757.0	1376.0	1029.5	749.5	577.5	448.0	348.5	275.0	209.5	141.0	88.0	70.5	57.0	43.5	31.5	21.5	16.5	9.5	5.5	4.5	4.0	3.0	2.0	0.5	0.0	0.0	0.0	0.0	0.0	0.0	0.0	0.0	0.0	0.0
Sor-CPnd_045-Ex1-7B-lcwgs-1-2-L2-clmp.fp2_repr.R2	0.0	0.0	0.0	0.0	1.5	4.5	5.5	8.0	13.0	19.0	33.5	54.5	100.5	205.0	388.0	654.5	1152.0	1947.0	3151.0	4834.0	7035.5	9823.5	13227.0	17300.0	21836.0	26880.5	32472.5	38125.5	43875.0	49743.0	55130.5	60276.5	65626.5	69980.0	73027.0	75981.5	78123.0	78874.0	78717.0	77725.5	75840.0	73109.5	70102.5	66194.0	62211.0	58500.5	54183.0	49982.5	45506.0	40937.5	36579.0	32345.5	28727.0	25394.0	22008.0	18908.0	16146.5	13844.0	11929.5	10044.5	8349.5	6980.0	5770.5	4700.5	3776.0	2985.0	2299.5	1768.5	1371.5	1011.5	750.0	583.0	463.0	354.5	272.0	210.5	149.5	99.5	76.5	62.5	53.0	36.5	17.0	14.0	10.0	5.0	5.0	4.5	3.0	2.5	1.5	1.0	1.0	0.5	0.0	0.0	0.0	0.0	0.0	0.0	0.0
Sor-CPnd_045-Ex1-7B-lcwgs-1-2-L3-clmp.fp2_repr.R1	0.0	0.5	1.0	1.0	1.0	1.5	2.5	6.0	10.5	13.5	20.0	39.0	75.0	146.0	284.5	500.0	890.0	1532.0	2477.0	3871.5	5665.5	7885.0	10588.0	13866.5	17599.5	21768.0	26070.5	30476.0	35313.0	40135.5	44585.0	48654.0	52486.0	56080.5	59016.5	61180.0	62689.5	63537.0	63306.0	62398.0	61209.0	58922.5	56161.5	53129.0	50203.0	46991.0	43323.0	40029.0	36501.5	32958.0	29704.0	26333.5	23003.5	20173.0	17515.0	15112.5	13106.0	11265.5	9578.0	8074.5	6790.5	5643.5	4657.0	3816.0	3063.0	2428.5	1918.5	1479.0	1112.0	855.5	662.0	486.0	348.0	257.0	196.0	163.5	132.5	93.5	63.0	46.5	41.5	36.0	25.5	15.0	10.0	8.0	6.0	5.5	4.5	3.5	1.5	0.0	0.0	0.0	0.0	0.0	0.0	0.0	0.0	0.0	0.0
Sor-CPnd_045-Ex1-7B-lcwgs-1-2-L3-clmp.fp2_repr.R2	0.0	0.0	0.0	0.0	1.0	2.5	4.0	7.0	8.5	16.5	31.5	53.5	95.0	175.0	291.0	502.0	916.0	1578.0	2522.5	3792.0	5550.0	7890.5	10647.0	13881.5	17469.5	21507.0	25955.0	30268.0	34963.0	39961.5	44309.0	48249.5	52234.5	55747.0	58567.5	60914.5	62577.5	63332.0	63276.0	62500.0	61147.5	59117.0	56451.0	53376.0	50465.0	47272.5	43802.0	40466.5	36778.5	33119.5	29724.0	26459.5	23247.5	20308.0	17710.5	15251.0	13209.5	11438.0	9710.0	8184.5	6812.5	5615.5	4674.5	3868.0	3085.5	2444.5	1920.0	1507.5	1132.0	869.0	683.0	498.0	343.5	246.5	192.0	161.5	129.5	92.5	67.5	52.0	43.5	38.0	26.5	14.5	7.0	5.5	5.0	4.0	2.5	1.0	0.0	0.0	0.0	0.0	0.0	0.0	0.0	0.0	0.0	0.0	0.0
Sor-CPnd_046-Ex1-5A-lcwgs-1-2-L2-clmp.fp2_repr.R1	0.0	0.0	0.0	0.0	0.0	0.0	0.0	0.0	1.0	3.5	8.0	13.0	19.5	33.0	57.5	125.0	248.0	419.0	703.5	1125.0	1653.5	2296.0	3108.0	4101.5	5179.0	6403.0	7688.5	8840.5	10156.5	11570.5	12794.0	13898.0	15080.5	16217.5	17115.0	17702.0	18258.0	18636.0	18607.0	18453.0	18078.0	17518.5	16987.5	16316.5	15595.0	14743.5	13721.5	12791.0	11852.0	10897.0	9914.5	8984.5	8085.5	7280.0	6408.0	5534.0	4856.5	4292.0	3775.5	3231.5	2737.5	2332.5	1997.0	1647.0	1302.0	1073.5	872.5	703.0	574.0	451.0	369.0	303.5	230.0	176.5	139.5	106.0	80.5	66.0	52.5	36.0	22.5	15.5	10.5	7.0	7.5	8.0	6.0	3.0	1.0	0.0	0.0	0.0	0.0	0.0	0.0	0.0	0.0	0.0	0.0	0.0	0.0
Sor-CPnd_046-Ex1-5A-lcwgs-1-2-L2-clmp.fp2_repr.R2	0.0	0.0	0.0	0.0	0.0	0.0	0.0	1.0	2.5	3.5	5.0	9.5	21.0	44.0	74.5	133.0	260.0	439.5	686.5	1071.5	1614.5	2274.5	3093.0	4086.5	5184.5	6421.0	7579.5	8733.0	10096.5	11453.0	12720.0	13944.5	15098.5	16169.0	17108.0	17700.0	18190.0	18557.5	18537.0	18374.5	18069.5	17547.5	16991.0	16339.0	15569.0	14719.5	13830.5	12968.5	11993.5	10899.0	9889.0	9035.0	8126.0	7252.5	6404.0	5529.0	4827.5	4299.0	3791.5	3248.5	2741.5	2320.0	1987.5	1647.5	1315.5	1071.5	871.0	711.5	571.0	432.0	339.5	274.5	222.5	179.5	134.0	102.5	85.5	68.5	49.0	32.5	22.0	13.0	7.5	6.5	8.0	8.5	6.0	3.5	2.0	1.0	0.5	0.0	0.0	0.0	0.0	0.0	0.0	0.0	0.0	0.0	0.0
Sor-CPnd_046-Ex1-5A-lcwgs-1-2-L3-clmp.fp2_repr.R1	0.0	0.0	0.0	0.0	0.0	0.0	0.5	1.0	0.5	1.5	5.5	10.0	17.5	31.0	66.5	129.5	235.0	407.0	696.5	1078.5	1521.0	2134.5	2930.0	3872.0	4866.0	5953.0	7172.0	8410.5	9711.0	11060.0	12211.0	13176.0	14142.5	15140.0	16112.5	16899.5	17400.5	17587.5	17619.5	17455.5	17045.0	16554.0	16026.5	15352.5	14615.5	13758.0	12879.0	12110.0	11092.0	9989.5	9124.5	8234.0	7320.0	6489.5	5753.0	5141.5	4482.0	3901.0	3419.0	2905.5	2413.0	2001.0	1702.0	1448.5	1180.0	947.0	739.5	594.5	480.5	383.0	298.0	211.5	166.5	139.5	113.5	94.0	73.5	51.0	38.0	31.5	24.5	20.0	15.5	9.5	7.0	3.5	1.5	0.5	0.5	1.0	1.0	0.5	0.0	0.0	0.0	0.0	0.0	0.0	0.0	0.0	0.0
Sor-CPnd_046-Ex1-5A-lcwgs-1-2-L3-clmp.fp2_repr.R2	0.0	0.0	0.0	0.0	0.0	0.0	0.0	2.0	4.0	5.5	8.5	8.0	13.0	33.0	67.0	137.5	249.5	407.5	674.0	1048.5	1519.5	2153.5	2928.0	3849.0	4838.5	5897.5	7155.5	8465.5	9821.5	10972.5	12013.0	13241.0	14294.0	15032.0	15833.0	16740.5	17325.5	17554.5	17516.0	17301.5	17057.0	16592.0	15927.0	15304.0	14629.0	13812.0	13030.5	12179.5	11134.5	10023.5	9084.5	8296.5	7408.0	6524.5	5780.5	5174.0	4568.5	3977.0	3438.5	2901.0	2416.0	2032.5	1736.5	1483.5	1209.0	964.5	753.0	603.5	492.0	385.5	293.0	205.5	164.0	133.5	106.0	92.0	77.0	52.5	38.5	30.5	22.5	17.5	14.5	9.5	6.0	4.0	2.5	1.0	0.5	1.0	1.0	0.5	0.0	0.0	0.0	0.0	0.0	0.0	0.0	0.0	0.0
Sor-CPnd_049-Ex1-3B-lcwgs-1-2-L2-clmp.fp2_repr.R1	0.0	0.0	0.0	0.0	0.0	0.5	1.5	3.0	2.5	5.5	12.5	21.0	41.0	77.5	136.0	227.0	382.5	644.0	1051.5	1605.0	2306.5	3214.0	4286.0	5529.5	7056.5	8637.5	10212.0	11894.5	13518.0	15284.5	17107.0	18574.5	19978.5	21437.5	22478.5	23237.5	23857.5	24100.5	23882.0	23459.5	22920.0	21939.0	20898.0	19966.0	18597.0	17078.5	15918.5	14754.0	13366.0	12065.5	10894.0	9578.5	8370.0	7406.5	6463.0	5567.5	4810.0	4142.0	3477.0	2871.5	2402.5	2039.0	1698.0	1389.0	1135.5	909.0	733.5	583.5	437.0	332.5	258.5	202.5	151.0	125.0	110.0	78.5	57.5	44.5	29.0	22.0	23.0	22.0	18.0	12.5	7.0	2.5	1.5	1.5	0.5	0.0	0.0	0.0	0.0	0.0	0.0	0.0	0.0	0.0	0.0	0.0	0.0
Sor-CPnd_049-Ex1-3B-lcwgs-1-2-L2-clmp.fp2_repr.R2	0.0	0.0	0.0	0.0	0.0	0.0	0.0	0.5	2.5	6.0	14.0	22.5	38.5	74.0	125.0	215.5	369.5	611.5	1033.5	1638.0	2380.0	3244.5	4290.0	5574.0	7020.5	8536.0	10165.5	11852.5	13516.5	15364.0	17055.0	18510.5	19818.0	21103.0	22490.5	23333.0	23781.5	23998.0	23874.5	23424.0	22760.0	22000.0	20954.0	19822.0	18578.5	17255.0	16146.5	14893.0	13467.0	12161.0	10823.5	9564.0	8514.5	7431.5	6457.5	5649.0	4819.0	4104.0	3472.0	2866.5	2362.5	2006.0	1712.5	1411.5	1151.0	926.5	743.0	591.5	434.0	326.0	251.5	200.5	162.5	120.5	100.5	81.5	60.0	43.5	28.5	22.0	20.5	20.0	14.5	9.5	5.5	3.0	2.5	1.0	0.0	0.0	0.5	1.0	1.0	0.5	0.0	0.0	0.0	0.0	0.0	0.0	0.0
Sor-CPnd_049-Ex1-3B-lcwgs-1-2-L3-clmp.fp2_repr.R1	0.0	0.0	0.0	0.0	0.0	0.0	0.0	0.0	1.0	2.0	2.0	7.5	27.5	58.5	95.5	161.5	298.0	523.5	860.5	1301.5	1882.0	2560.5	3402.0	4496.5	5617.0	6796.0	8134.0	9536.0	10997.5	12357.5	13464.0	14684.0	16002.5	17011.0	17909.0	18714.5	19033.5	18989.0	18794.5	18588.0	18357.5	17694.5	16586.5	15665.0	14940.0	14016.5	12893.5	11765.0	10813.5	9715.0	8608.5	7684.5	6906.0	6121.0	5245.5	4556.0	3917.0	3287.0	2781.0	2386.5	2028.5	1697.0	1416.5	1153.5	943.5	763.0	581.5	450.0	336.5	252.5	201.5	147.0	109.5	85.0	74.5	63.0	48.5	37.0	26.5	16.0	9.5	6.5	6.0	7.0	5.5	3.0	2.5	1.5	0.5	0.0	0.0	0.5	1.0	0.5	0.0	0.0	0.0	0.0	0.0	0.0	0.0
Sor-CPnd_049-Ex1-3B-lcwgs-1-2-L3-clmp.fp2_repr.R2	0.0	0.0	0.0	0.0	0.0	0.0	0.0	0.0	1.0	3.0	6.0	12.5	24.0	48.5	100.0	179.5	314.5	536.5	860.0	1308.5	1840.0	2528.0	3435.5	4485.0	5613.0	6791.0	8055.5	9439.0	10920.5	12309.0	13491.5	14749.5	15895.5	16869.0	17874.0	18602.5	18966.5	19034.0	18824.5	18740.5	18409.0	17550.0	16578.0	15657.0	14999.0	14035.0	12843.5	11866.5	10836.5	9751.0	8753.0	7749.5	6838.5	6095.5	5291.0	4512.0	3901.5	3367.5	2860.0	2422.0	2059.0	1740.5	1437.0	1187.0	987.0	783.0	582.5	444.5	342.5	258.5	198.0	152.0	120.5	91.0	74.5	62.0	46.5	32.0	23.0	15.5	10.5	7.5	4.5	5.5	5.0	3.5	4.5	4.0	1.5	0.0	0.0	0.5	1.0	0.5	0.0	0.0	0.0	0.0	0.0	0.0	0.0
Sor-CPnd_050-Ex1-3F-lcwgs-1-2-L2-clmp.fp2_repr.R1	0.0	0.0	0.0	0.0	0.0	0.5	2.5	6.0	9.5	14.5	28.0	59.5	129.0	249.5	461.5	840.5	1492.0	2426.0	3860.0	5895.5	8567.5	11942.0	15837.0	20467.0	25704.5	31355.5	37323.5	43612.5	50001.0	56213.5	62436.5	68325.0	73450.0	77829.5	81595.5	84655.5	86680.5	87137.5	86670.5	85527.5	83496.0	80610.5	76613.0	72252.5	68272.0	64053.5	59391.0	54651.0	49761.5	44705.0	40057.5	35576.0	31205.5	27575.0	24092.5	20787.0	17968.0	15480.0	13225.0	11209.0	9336.5	7723.5	6527.5	5375.5	4263.0	3405.0	2619.5	2058.5	1631.5	1224.0	959.0	751.5	577.0	441.0	329.0	266.0	226.0	183.5	143.0	97.5	72.0	58.0	47.0	33.0	19.0	12.5	9.0	6.0	4.5	3.0	1.0	0.0	0.0	0.0	0.0	0.0	0.0	0.0	0.0	0.0	0.0
Sor-CPnd_050-Ex1-3F-lcwgs-1-2-L2-clmp.fp2_repr.R2	0.0	0.0	0.0	0.0	0.0	0.5	3.0	8.0	12.0	22.0	45.0	79.5	133.0	248.5	472.5	870.0	1518.5	2453.5	3893.5	5889.5	8484.0	11724.5	15619.5	20286.0	25548.0	31343.0	37422.0	43508.0	50027.0	56341.0	62135.5	67928.5	73275.5	77639.0	81470.5	84485.5	86273.0	86945.0	86726.5	85762.5	83666.0	80673.5	76690.5	72576.0	68371.5	64065.5	59731.5	54641.5	49657.0	44850.5	40242.5	35685.0	31285.0	27725.0	24225.0	20820.0	18040.0	15509.5	13164.0	11167.0	9340.0	7818.5	6634.0	5461.5	4310.5	3400.0	2664.0	2083.0	1634.5	1235.0	930.5	721.5	563.5	425.5	326.5	265.5	215.5	174.5	137.5	93.0	70.0	56.0	44.0	32.0	19.5	14.5	12.0	10.0	7.5	5.0	2.0	0.0	0.0	0.0	0.0	0.0	0.0	0.0	0.0	0.0	0.0
Sor-CPnd_050-Ex1-3F-lcwgs-1-2-L3-clmp.fp2_repr.R1	0.0	0.0	0.0	0.0	1.0	2.5	3.0	6.0	9.5	15.0	33.0	60.0	108.0	215.0	410.5	731.5	1291.5	2194.0	3379.0	4991.0	7176.5	9946.0	13298.5	17256.5	21686.5	26534.5	31608.0	36750.5	42307.5	47700.5	52883.0	57860.0	62296.5	66355.5	69480.0	71579.5	73187.0	73915.5	73846.5	72972.0	70620.5	67896.5	64966.0	61602.0	58117.0	54423.0	50400.0	46316.0	42274.0	38259.5	34490.0	30592.0	26981.0	23768.5	20695.5	17964.5	15614.5	13538.0	11615.5	9810.0	8260.5	6928.0	5766.0	4736.5	3762.5	3000.5	2407.5	1869.0	1467.0	1140.5	857.0	653.0	516.5	405.0	301.0	233.5	189.0	154.0	124.0	95.0	69.5	51.5	37.5	28.5	23.5	17.0	13.5	14.5	12.0	7.5	4.0	1.5	0.5	0.0	0.0	0.0	0.0	0.0	0.0	0.0	0.0
Sor-CPnd_050-Ex1-3F-lcwgs-1-2-L3-clmp.fp2_repr.R2	0.0	0.0	0.0	0.0	0.0	0.5	2.0	7.5	12.0	17.5	41.0	62.0	109.5	219.5	400.5	710.0	1306.5	2172.5	3341.5	4953.5	7111.5	9943.5	13262.5	17069.0	21375.5	26204.0	31358.0	36796.0	42237.0	47391.0	52533.0	57497.5	62122.0	66025.5	69123.5	71569.5	73342.0	73947.5	73735.0	72979.0	70908.0	68330.5	65124.5	61536.5	58385.5	54713.5	50493.0	46468.5	42532.0	38365.0	34501.0	30733.5	27118.0	23981.5	20909.5	18108.5	15518.0	13385.0	11630.0	9783.0	8239.0	6913.5	5746.5	4732.0	3726.5	2999.0	2442.0	1919.5	1479.0	1120.0	851.5	649.5	513.5	398.5	290.5	213.5	174.5	145.5	117.0	95.5	79.0	57.0	35.5	25.5	25.0	20.0	15.5	15.0	13.5	9.0	4.0	1.0	0.5	1.0	1.0	0.5	0.0	0.0	0.0	0.0	0.0
Sor-CPnd_052-Ex1-6D-lcwgs-1-2-L2-clmp.fp2_repr.R1	0.0	0.0	0.0	0.0	0.5	1.5	2.0	6.0	10.0	11.5	21.5	37.0	79.0	171.0	315.0	579.5	1012.0	1659.5	2587.0	3763.0	5232.5	7109.5	9479.0	12240.0	15034.5	18123.0	21480.5	24709.0	28013.5	30976.5	33705.0	36349.0	38742.0	41096.5	42891.0	44141.0	45075.0	45092.5	44475.5	43665.5	42542.5	41134.0	39270.0	37080.0	34902.5	32414.5	29890.5	27511.0	25045.5	22557.0	20056.0	17794.5	15793.5	13883.5	12067.5	10423.5	8968.0	7784.5	6667.5	5581.0	4640.5	3886.5	3280.0	2750.0	2233.5	1780.5	1415.5	1139.0	906.0	677.0	515.5	398.0	331.0	282.0	221.5	169.5	130.5	98.5	75.5	68.0	54.5	36.0	32.5	25.5	19.0	14.0	8.5	6.5	4.0	1.0	0.0	0.0	0.0	0.0	0.0	0.0	0.0	0.0	0.0	0.0	0.0
Sor-CPnd_052-Ex1-6D-lcwgs-1-2-L2-clmp.fp2_repr.R2	0.0	0.0	0.0	0.0	0.0	0.0	0.5	3.0	8.0	14.0	23.0	45.0	87.0	164.5	305.5	576.0	1033.0	1678.0	2582.0	3754.0	5249.0	7180.0	9605.0	12282.0	14961.0	17948.0	21280.0	24565.5	27873.0	30815.5	33686.0	36555.0	38926.5	41079.5	42827.0	44148.0	44763.0	44792.0	44580.5	43784.5	42605.0	41038.0	39175.5	37218.0	35014.0	32615.0	30051.5	27565.0	25078.5	22562.5	20176.0	17923.5	15902.0	13931.0	12030.5	10422.5	9019.0	7788.0	6609.5	5537.5	4688.0	3965.0	3292.0	2682.5	2145.0	1747.5	1445.5	1150.5	880.0	665.0	522.0	413.5	338.5	275.5	216.0	168.5	131.5	100.5	85.5	74.0	49.5	32.0	28.5	22.0	15.0	10.5	8.0	7.5	4.5	1.0	0.0	0.0	0.0	0.0	0.0	0.0	0.0	0.0	0.0	0.0	0.0
Sor-CPnd_052-Ex1-6D-lcwgs-1-2-L3-clmp.fp2_repr.R1	0.0	0.0	0.0	0.0	0.0	0.0	1.0	3.5	4.5	7.0	17.0	31.0	64.5	142.0	267.0	492.0	864.0	1393.0	2169.5	3223.0	4564.0	6196.5	8126.5	10306.5	12668.5	15304.5	18105.5	20975.5	24011.5	26815.0	29134.0	31505.0	33764.5	35588.5	37077.5	38130.0	38796.0	39122.0	39006.5	38338.0	37195.0	35817.5	34082.5	32100.5	30271.5	28406.5	26201.0	24060.0	22083.0	19709.0	17590.5	15743.0	13879.0	12284.5	10742.0	9296.0	8053.0	6936.0	5915.0	5047.5	4240.5	3535.0	3016.5	2499.0	1986.5	1619.5	1300.5	1052.5	839.5	634.0	478.5	349.5	257.0	223.0	191.0	146.0	124.0	102.0	73.5	54.5	47.5	34.0	24.0	17.5	8.5	4.0	3.0	1.5	0.5	0.5	1.0	0.5	0.0	0.5	1.0	1.0	0.5	0.0	0.0	0.0	0.0
Sor-CPnd_052-Ex1-6D-lcwgs-1-2-L3-clmp.fp2_repr.R2	0.0	0.0	0.0	0.0	0.0	0.0	0.5	1.5	2.5	10.0	23.0	35.5	70.0	135.5	252.0	482.5	843.5	1379.5	2124.0	3218.0	4666.0	6247.0	8043.5	10176.5	12617.5	15291.5	18113.0	20938.0	23799.5	26599.5	29055.5	31356.5	33568.5	35472.0	36959.5	38033.5	38805.5	39247.5	39000.0	38215.5	37255.0	35898.0	34032.0	32067.0	30400.5	28530.0	26392.5	24259.5	22037.0	19826.0	17829.5	15856.5	13992.5	12267.5	10682.0	9406.0	8129.0	6916.0	5882.0	5020.0	4225.0	3565.5	3041.5	2492.5	2002.0	1639.0	1311.0	1052.5	839.5	629.0	480.5	362.0	275.0	241.0	205.5	151.5	120.5	104.5	75.5	56.0	47.5	31.0	22.5	16.5	8.5	4.0	2.5	2.0	0.5	0.5	1.0	0.5	0.0	0.5	1.0	1.0	0.5	0.0	0.0	0.0	0.0
Sor-CPnd_053-Ex1-2C-lcwgs-1-2-L2-clmp.fp2_repr.R1	0.0	0.0	0.0	0.0	0.5	1.0	0.5	0.5	4.5	12.5	24.5	36.0	55.0	94.5	163.0	307.5	559.0	925.0	1461.0	2190.0	3065.5	4164.0	5574.5	7226.5	8932.0	10815.0	12990.5	15178.0	17247.5	19305.5	21273.5	23237.5	25092.0	26547.0	27789.5	28816.5	29331.5	29429.5	29353.0	29081.5	28190.0	27027.0	25882.5	24550.5	23334.5	21938.5	20207.5	18696.5	17208.0	15582.0	14037.0	12560.5	11122.0	9693.5	8512.5	7382.5	6292.5	5478.5	4775.0	4033.5	3385.5	2886.5	2465.5	2051.0	1684.5	1357.5	1043.0	807.0	637.0	508.0	411.5	324.5	243.5	179.5	137.5	109.5	99.0	87.0	64.5	49.0	38.0	26.0	15.5	14.5	15.0	13.0	9.5	7.0	3.5	2.0	1.0	0.0	0.0	0.0	0.0	0.0	0.0	0.0	0.0	0.0	0.0
Sor-CPnd_053-Ex1-2C-lcwgs-1-2-L2-clmp.fp2_repr.R2	0.0	0.0	0.0	0.0	0.0	0.0	0.0	2.0	3.5	5.0	16.0	31.0	54.5	98.5	168.0	303.5	558.0	922.0	1408.5	2103.5	2980.5	4062.0	5510.0	7079.5	8764.5	10676.5	12783.0	14958.5	17098.5	19228.0	21214.5	23032.5	24714.5	26269.5	27669.0	28827.0	29581.5	29719.0	29470.0	29006.0	28171.0	27171.5	25949.5	24549.0	23258.5	21977.5	20405.5	18858.0	17244.0	15506.0	14121.5	12682.5	11119.0	9780.5	8555.5	7383.0	6403.5	5546.5	4747.0	4021.5	3408.0	2915.5	2467.0	2031.5	1673.0	1383.5	1082.0	834.0	638.5	494.0	387.0	301.5	239.5	191.5	152.0	115.0	96.5	82.5	61.5	40.5	32.5	24.5	16.5	16.5	12.0	8.0	6.5	5.5	3.0	1.5	0.5	0.0	0.5	1.0	1.0	0.5	0.0	0.0	0.0	0.0	0.0
Sor-CPnd_053-Ex1-2C-lcwgs-1-2-L3-clmp.fp2_repr.R1	0.0	0.0	0.5	0.5	0.0	0.0	0.5	3.0	5.5	8.5	14.5	23.5	48.5	96.0	186.5	334.5	576.0	941.5	1475.5	2283.0	3303.5	4535.5	6055.5	7862.5	9989.0	12240.0	14527.5	17024.5	19626.5	22000.0	24209.0	26538.5	28563.5	30071.5	31557.5	32756.5	33511.5	33746.5	33645.0	33096.0	32102.0	31205.0	29952.5	28448.5	26718.5	24819.5	22929.0	21095.5	19387.5	17537.5	15780.0	14091.5	12386.5	10977.5	9634.5	8356.5	7368.0	6435.0	5463.5	4609.0	3851.0	3149.5	2658.5	2257.5	1837.5	1493.0	1198.0	938.5	744.0	565.5	424.5	328.5	256.0	211.5	171.0	139.0	108.5	90.5	70.0	41.5	32.0	34.0	29.0	18.5	11.0	8.5	6.5	4.0	4.0	3.0	1.5	1.0	1.0	0.5	0.0	0.0	0.0	0.0	0.0	0.0	0.0
Sor-CPnd_053-Ex1-2C-lcwgs-1-2-L3-clmp.fp2_repr.R2	0.0	0.0	0.0	0.0	0.0	0.0	0.0	2.5	5.0	7.5	17.5	32.5	55.0	97.0	166.5	287.0	524.5	914.5	1475.0	2291.5	3268.5	4528.5	6082.5	7857.5	9870.5	12058.5	14427.0	16931.0	19454.0	21838.0	24026.5	26050.0	28187.5	30016.0	31432.5	32784.5	33672.0	33850.5	33644.5	33276.0	32391.5	31221.0	29893.0	28250.5	26590.5	24884.5	23078.0	21290.0	19478.0	17655.0	15906.0	14100.0	12459.0	11121.0	9746.5	8444.0	7375.0	6359.5	5416.0	4617.0	3883.0	3144.5	2635.0	2283.5	1887.0	1545.0	1213.5	931.0	729.0	569.0	432.5	319.5	249.0	204.0	159.0	126.0	102.0	84.5	65.5	44.0	32.0	26.5	22.5	14.5	9.0	7.5	5.5	4.0	3.5	2.5	2.0	2.0	1.5	0.5	0.0	0.0	0.0	0.0	0.0	0.0	0.0
Sor-CPnd_054-Ex1-8F-lcwgs-1-2-L2-clmp.fp2_repr.R1	0.0	0.0	0.0	0.0	0.0	0.0	0.5	1.0	2.0	4.0	8.0	13.5	41.0	87.0	152.5	269.5	477.0	773.0	1206.5	1804.0	2519.0	3420.5	4550.0	5811.0	7132.5	8607.5	10125.0	11788.5	13456.0	14921.5	16435.5	17805.5	19037.0	20251.5	21384.5	22115.0	22532.0	22891.5	22875.5	22592.0	22148.0	21480.5	20558.0	19565.5	18558.5	17453.0	16181.5	14916.0	13838.0	12597.0	11324.0	10182.0	9120.5	8099.0	7014.5	6130.5	5411.5	4662.5	4028.0	3462.5	2957.5	2546.5	2139.0	1757.0	1454.0	1204.5	1009.5	818.0	595.5	436.0	354.5	283.5	221.5	167.5	129.0	107.0	92.5	73.5	51.0	40.5	30.5	24.0	20.0	11.5	6.0	5.0	3.0	2.0	1.5	0.5	0.0	0.0	0.0	0.0	0.0	0.0	0.0	0.0	0.0	0.0	0.0
Sor-CPnd_054-Ex1-8F-lcwgs-1-2-L2-clmp.fp2_repr.R2	0.0	0.0	0.0	0.0	0.0	0.0	1.0	1.5	3.5	8.5	11.5	24.5	47.5	85.0	153.5	276.5	494.0	784.5	1188.5	1791.0	2519.0	3425.0	4570.0	5847.5	7128.5	8584.5	10197.0	11768.5	13380.5	14938.5	16399.5	17784.0	19097.5	20341.5	21434.0	22099.5	22494.5	22866.5	22937.5	22673.5	22138.0	21362.5	20457.0	19546.5	18594.0	17466.0	16186.0	15018.5	13950.5	12591.0	11295.0	10166.5	8997.5	8019.5	7075.5	6190.5	5421.0	4686.5	4044.0	3440.0	2948.5	2515.0	2122.5	1782.0	1466.5	1195.5	983.0	800.5	581.0	435.5	367.0	292.0	226.0	177.0	133.0	104.5	88.0	71.5	52.5	40.5	28.0	22.0	21.0	13.0	7.5	6.5	5.0	3.5	2.0	0.5	0.0	0.0	0.0	0.0	0.0	0.0	0.0	0.0	0.0	0.0	0.0
Sor-CPnd_054-Ex1-8F-lcwgs-1-2-L3-clmp.fp2_repr.R1	0.0	0.0	0.0	0.0	0.0	0.0	0.0	0.5	2.0	3.5	8.5	14.5	29.5	66.5	125.0	218.0	406.0	667.5	1026.0	1560.0	2204.5	2973.0	3977.5	5047.5	6163.0	7437.5	8830.0	10265.0	11650.5	13004.0	14327.0	15575.0	16922.0	18020.5	18833.5	19393.0	19728.5	19994.5	19964.5	19730.0	19501.0	19126.0	18282.0	17259.5	16403.0	15503.0	14444.0	13604.5	12613.0	11380.5	10285.5	9205.0	8219.5	7340.0	6469.0	5650.5	4980.0	4367.5	3748.5	3216.0	2754.5	2319.5	1986.5	1673.0	1335.0	1108.0	895.0	726.0	581.0	462.0	390.0	316.0	243.5	183.0	136.5	93.0	70.5	61.5	53.5	41.0	27.0	18.0	14.5	11.0	7.0	6.0	6.0	3.0	0.0	0.0	0.5	1.0	0.5	0.0	0.0	0.0	0.0	0.0	0.0	0.0	0.0
Sor-CPnd_054-Ex1-8F-lcwgs-1-2-L3-clmp.fp2_repr.R2	0.0	0.0	0.0	0.0	0.0	0.0	0.0	0.5	2.5	4.0	9.0	14.5	30.5	77.5	141.0	239.0	404.0	655.5	1030.0	1580.5	2186.5	2911.0	3945.5	5053.5	6132.0	7330.0	8778.0	10254.0	11584.0	12896.5	14207.0	15545.0	16901.0	18012.0	18709.5	19265.0	19832.5	20075.0	19998.5	19824.5	19463.0	19004.0	18389.0	17454.5	16447.5	15495.5	14506.0	13581.0	12648.0	11500.5	10340.0	9265.5	8269.5	7325.5	6481.0	5719.5	4974.5	4316.5	3735.5	3193.0	2713.5	2313.5	2002.0	1678.5	1352.0	1118.0	870.5	708.5	585.0	476.0	392.0	315.0	236.0	179.0	140.0	90.5	71.0	66.0	61.0	47.5	25.0	13.5	12.5	12.0	9.5	7.0	5.0	2.0	0.0	0.0	0.5	1.0	0.5	0.0	0.0	0.0	0.0	0.0	0.0	0.0	0.0
Sor-CPnd_055-Ex1-7G-lcwgs-1-2-L2-clmp.fp2_repr.R1	0.0	0.5	1.0	1.0	0.5	0.5	2.0	5.0	10.5	20.5	33.0	61.5	128.0	260.0	486.0	823.5	1442.0	2366.5	3641.0	5498.0	7743.5	10359.5	13451.5	17195.5	21214.5	25453.5	30208.5	34978.0	39416.5	43502.0	47327.5	51076.0	54749.5	57865.5	59943.5	61220.0	62207.5	62677.5	62372.5	61081.0	58980.0	56693.0	54080.5	50974.5	47821.0	44637.0	41144.0	37517.0	34056.0	30899.5	27887.5	24655.5	21619.0	19006.5	16505.0	14367.0	12522.5	10786.5	9222.5	7759.0	6495.0	5513.0	4698.0	3864.5	3082.5	2453.0	1933.5	1537.0	1200.0	955.0	754.5	563.0	437.0	348.5	273.0	200.0	145.0	111.0	89.5	68.5	48.0	34.0	27.0	20.5	18.5	14.5	7.0	4.0	4.0	3.0	2.0	1.5	0.5	0.0	0.0	0.0	0.0	0.0	0.0	0.0	0.0
Sor-CPnd_055-Ex1-7G-lcwgs-1-2-L2-clmp.fp2_repr.R2	0.0	0.0	0.0	0.5	1.5	1.5	1.5	7.5	18.0	31.0	44.0	74.5	141.5	267.0	485.0	878.5	1497.0	2331.0	3681.5	5555.5	7727.0	10347.0	13462.0	17125.5	21256.0	25460.5	29867.5	34713.5	39344.0	43467.0	47471.0	51159.5	54682.0	57660.5	59790.0	61325.5	62258.5	62561.5	62328.0	61164.0	59194.0	56743.5	53947.0	51074.5	47988.0	44750.5	41167.5	37545.0	34180.5	30885.5	27793.5	24690.0	21667.0	19119.0	16618.5	14382.0	12493.0	10802.0	9204.0	7754.0	6559.0	5516.5	4696.0	3891.0	3095.0	2454.5	1929.0	1536.0	1212.5	964.0	761.5	563.5	435.5	354.0	280.5	199.5	135.5	108.5	92.0	67.5	44.0	32.0	27.5	22.0	20.0	16.5	7.5	2.5	2.5	2.5	2.0	1.5	0.5	0.0	0.0	0.0	0.0	0.0	0.0	0.0	0.0
Sor-CPnd_055-Ex1-7G-lcwgs-1-2-L3-clmp.fp2_repr.R1	0.0	0.0	0.0	0.0	1.0	2.5	3.5	5.0	6.5	14.0	32.0	63.0	110.0	208.5	404.0	716.0	1229.5	1965.5	3042.0	4543.5	6322.0	8546.5	11212.5	14181.0	17457.5	20896.0	24614.0	28422.0	32306.5	35993.5	39113.5	42257.0	45275.0	47697.0	49704.5	51134.5	51943.0	52162.5	51474.5	50147.0	48647.0	46936.5	44779.0	42338.0	39811.0	37306.5	34560.5	31560.5	28721.5	25836.0	23130.5	20612.0	18182.5	16033.5	14048.5	12181.0	10434.0	9015.0	7807.5	6665.5	5673.5	4722.5	3896.0	3227.0	2600.0	2075.0	1647.0	1318.5	1033.5	781.0	624.5	493.5	356.5	275.5	227.0	167.0	123.5	89.5	61.5	54.5	48.5	35.5	23.5	14.5	8.5	6.0	5.0	4.5	3.0	1.5	0.5	0.0	0.0	0.0	0.0	0.0	0.0	0.0	0.0	0.0	0.0
Sor-CPnd_055-Ex1-7G-lcwgs-1-2-L3-clmp.fp2_repr.R2	0.0	0.0	0.0	0.0	0.5	2.5	2.5	3.0	9.0	17.5	39.0	75.5	120.5	216.5	404.5	705.0	1206.5	1965.0	3053.0	4470.0	6290.0	8555.5	11154.0	14159.5	17535.5	20901.0	24526.5	28536.5	32358.0	35784.5	38894.0	42052.0	45213.0	47681.0	49623.5	51178.0	52053.5	52296.0	51535.0	50128.0	48659.0	46879.0	44739.5	42345.5	39762.5	37306.5	34559.0	31523.0	28820.5	26029.5	23187.5	20619.5	18272.0	16119.0	14085.0	12229.0	10456.0	8980.5	7772.0	6648.5	5681.5	4734.0	3905.0	3222.0	2613.0	2097.0	1677.0	1345.5	1036.5	788.5	631.0	488.5	358.0	274.5	221.0	162.0	116.5	87.5	60.5	52.0	47.5	34.5	23.0	15.5	10.5	7.5	6.0	4.5	3.0	1.5	0.5	0.0	0.0	0.0	0.0	0.0	0.0	0.0	0.0	0.0	0.0
Sor-CPnd_058-Ex1-2G-lcwgs-1-2-L2-clmp.fp2_repr.R1	0.0	0.0	0.0	0.0	0.0	0.0	0.0	2.5	7.5	12.5	20.0	36.5	66.0	119.5	221.0	387.5	660.5	1000.5	1521.0	2280.5	3195.0	4254.5	5439.5	6909.5	8450.5	9982.0	11742.5	13412.0	15051.5	16526.5	17829.0	19295.0	20561.0	21504.5	22259.0	22713.0	22880.0	22929.5	22701.5	22177.0	21443.0	20367.0	19255.5	18199.5	17060.5	15870.0	14572.5	13307.0	12142.5	10965.5	9920.0	8938.5	7869.0	6888.0	5982.5	5143.5	4422.5	3844.0	3305.0	2785.0	2357.5	2009.0	1713.0	1427.5	1149.0	931.0	756.0	609.0	478.5	357.5	286.0	240.5	182.5	130.0	103.0	95.5	83.0	61.0	43.5	34.0	27.0	18.0	12.0	9.0	5.0	4.5	7.0	7.5	5.5	3.5	2.0	0.5	0.0	0.0	0.0	0.0	0.0	0.0	0.0	0.0	0.0
Sor-CPnd_058-Ex1-2G-lcwgs-1-2-L2-clmp.fp2_repr.R2	0.0	0.0	0.0	0.0	0.0	0.0	0.0	2.0	7.5	10.5	18.5	36.5	63.5	129.0	229.5	362.5	609.0	996.0	1523.0	2228.0	3157.5	4247.0	5451.0	6796.5	8281.0	9926.0	11696.0	13295.5	14927.5	16473.0	17875.0	19279.5	20465.0	21452.5	22189.0	22849.5	23103.5	22953.5	22527.5	22030.5	21313.0	20334.5	19366.5	18169.5	17001.0	15811.5	14499.5	13397.0	12295.5	11051.5	9970.5	8860.5	7852.5	6944.0	5996.5	5216.0	4489.5	3824.5	3300.5	2795.0	2344.5	2033.5	1747.0	1431.0	1167.0	971.5	770.0	595.0	473.0	371.5	289.0	220.0	168.0	125.0	93.0	81.0	72.5	57.0	40.0	31.0	26.5	18.5	12.5	8.0	4.0	4.0	8.0	8.0	4.0	1.5	1.0	0.5	0.0	0.0	0.0	0.0	0.0	0.0	0.0	0.0	0.0
Sor-CPnd_058-Ex1-2G-lcwgs-1-2-L3-clmp.fp2_repr.R1	0.0	0.0	0.0	0.0	0.0	0.0	2.0	7.0	11.0	12.0	18.0	35.5	63.0	132.5	255.0	432.0	700.0	1122.0	1736.5	2522.0	3497.5	4703.5	6055.5	7588.0	9283.0	11087.5	13009.5	14984.0	16969.0	18765.0	20344.5	22018.0	23505.0	24579.0	25393.0	25963.5	26389.5	26421.5	25908.5	25218.0	24392.5	23207.0	21966.0	20867.0	19524.0	17948.5	16498.5	15196.0	13964.0	12589.5	11184.0	9882.5	8768.5	7703.0	6685.0	5923.5	5166.0	4415.5	3735.0	3096.0	2635.0	2288.0	1908.0	1546.5	1252.5	1012.0	801.5	650.5	517.5	393.0	314.5	247.0	179.0	147.5	126.0	87.0	62.5	54.0	40.5	33.0	27.5	17.0	10.0	6.5	5.5	3.5	2.0	2.0	2.5	2.5	1.0	0.0	0.0	0.0	0.0	0.0	0.0	0.0	0.0	0.0	0.0
Sor-CPnd_058-Ex1-2G-lcwgs-1-2-L3-clmp.fp2_repr.R2	0.0	0.0	0.0	0.0	0.5	1.0	2.5	7.0	9.0	8.0	16.5	33.5	63.5	125.0	232.0	414.0	696.5	1122.5	1695.0	2442.0	3439.5	4668.5	5993.5	7473.0	9203.5	11173.0	13161.0	14992.5	16871.5	18815.5	20493.0	21908.0	23277.5	24381.0	25281.0	26046.0	26488.5	26356.5	25907.5	25382.0	24386.5	23141.5	22014.5	20809.5	19402.0	17998.5	16536.0	15203.0	13902.0	12475.5	11198.0	9936.5	8748.0	7668.0	6704.0	5888.0	5113.5	4443.5	3799.0	3148.0	2667.0	2289.5	1895.5	1562.5	1273.0	1020.0	802.0	636.0	517.5	395.0	310.0	233.0	170.0	131.5	113.5	88.0	63.0	53.0	39.5	34.0	27.5	18.5	12.0	7.5	7.0	5.0	2.0	2.0	3.5	3.5	2.0	0.5	0.0	0.0	0.0	0.0	0.0	0.0	0.0	0.0	0.0
Sor-CPnd_063-Ex1-7D-lcwgs-1-2-L2-clmp.fp2_repr.R1	0.0	0.0	0.0	0.0	0.5	1.0	1.0	3.5	11.0	19.5	31.0	54.0	96.0	188.0	378.5	709.5	1165.0	1858.5	2934.0	4409.5	6357.5	8621.0	11334.0	14581.5	18123.0	21978.5	26115.5	30332.5	34667.5	38868.0	42734.5	46247.5	49594.0	52774.0	55269.0	57161.0	58288.0	58392.0	58054.0	57373.0	55927.5	53877.0	51251.0	48576.5	45748.0	42391.0	39508.5	36703.5	33490.5	30073.5	26859.0	23941.5	21254.5	18793.5	16329.0	14185.0	12313.5	10626.0	9102.0	7748.0	6585.5	5486.0	4590.5	3786.0	3017.5	2498.5	1998.5	1549.5	1181.0	901.0	736.0	593.0	436.0	322.5	262.5	208.5	162.5	140.5	116.0	86.0	63.0	49.0	38.0	27.5	20.0	17.0	15.0	9.5	6.0	5.5	3.5	1.0	0.0	0.0	0.0	0.0	0.0	0.0	0.0	0.0	0.0
Sor-CPnd_063-Ex1-7D-lcwgs-1-2-L2-clmp.fp2_repr.R2	0.0	0.0	0.0	0.0	0.5	1.0	1.5	4.0	11.5	19.5	36.0	65.0	112.5	216.5	389.5	696.0	1167.5	1905.0	2963.0	4468.5	6391.5	8558.5	11275.0	14516.5	18081.0	22005.0	26173.0	30299.5	34602.0	38731.0	42526.0	46018.5	49512.5	52607.5	55012.0	57105.0	58100.0	58318.5	58189.5	57173.5	55707.5	53892.5	51516.5	48675.5	45655.0	42608.0	39756.0	36906.5	33572.0	30317.5	27223.0	24156.5	21243.0	18753.0	16427.0	14217.5	12284.0	10645.0	9180.5	7757.5	6560.0	5571.0	4669.0	3759.0	2960.5	2420.5	1940.0	1539.5	1160.0	880.5	755.0	604.5	452.5	331.5	251.5	196.0	156.5	137.5	116.5	85.0	60.0	45.5	33.0	27.5	22.5	18.0	15.0	8.5	3.5	3.0	2.5	1.0	0.0	0.0	0.0	0.0	0.0	0.0	0.0	0.0	0.0
Sor-CPnd_063-Ex1-7D-lcwgs-1-2-L3-clmp.fp2_repr.R1	0.0	0.0	0.0	0.0	1.5	2.0	1.5	3.5	7.5	13.0	21.0	38.5	73.5	155.0	287.5	538.0	974.0	1594.0	2463.5	3670.5	5247.5	7182.0	9507.5	12205.5	15240.0	18497.0	22006.5	25589.5	29163.5	32715.0	36028.0	39020.0	41713.5	44290.0	46315.0	47748.5	48884.0	49190.0	49073.5	48367.0	47184.0	45442.0	43040.0	40944.5	38671.0	36131.0	33467.0	30853.5	28342.0	25571.5	22899.0	20348.0	18003.5	15907.5	13808.0	12054.5	10626.5	9162.5	7734.0	6583.0	5603.0	4686.0	3899.5	3262.0	2675.5	2152.0	1679.5	1307.5	1040.0	818.0	652.0	505.0	383.0	292.0	228.5	186.5	144.0	116.0	105.0	86.0	61.0	47.5	35.5	29.5	26.5	20.0	10.5	6.5	6.5	3.0	0.5	0.0	0.0	0.0	0.0	0.0	0.0	0.0	0.0	0.0	0.0
Sor-CPnd_063-Ex1-7D-lcwgs-1-2-L3-clmp.fp2_repr.R2	0.0	0.0	0.0	0.0	0.5	1.0	1.5	2.5	5.5	11.5	22.5	41.5	79.5	164.0	291.5	538.5	957.5	1563.0	2426.0	3660.0	5339.0	7283.5	9568.0	12265.0	15149.5	18413.0	21931.5	25453.0	29094.5	32516.0	35860.0	39004.0	41586.0	43964.0	46136.5	47662.5	48821.5	49502.5	49199.0	48238.0	46917.5	45353.5	43440.0	41123.0	38703.5	36268.5	33570.5	30969.5	28503.5	25646.5	22910.0	20443.5	18164.5	16014.0	13860.5	12051.5	10557.0	9156.0	7785.0	6556.5	5543.5	4699.5	3914.5	3240.5	2661.5	2151.0	1678.0	1331.0	1067.0	831.0	665.0	510.5	390.5	303.5	239.5	186.5	139.5	114.5	95.0	70.0	52.0	44.0	36.0	28.5	22.5	16.5	9.5	7.0	6.0	2.0	0.0	0.0	0.0	0.0	0.0	0.0	0.0	0.0	0.0	0.0	0.0
Sor-CPnd_066-Ex1-8B-lcwgs-1-2-L2-clmp.fp2_repr.R1	0.0	0.0	0.0	0.0	0.0	0.0	0.0	0.5	4.0	11.0	19.5	33.0	51.0	97.0	201.5	366.5	658.0	1123.5	1776.5	2689.0	3991.5	5499.5	7232.5	9472.0	11991.0	14585.0	17282.0	20228.0	23321.0	26199.0	28853.5	31461.5	34051.0	36464.0	38567.5	39977.0	40634.0	40993.0	40972.5	40308.5	39576.0	38408.0	36545.0	34747.5	32785.5	30758.5	28776.5	26650.0	24262.0	21632.0	19525.0	17631.0	15621.5	13837.0	12060.5	10415.5	8918.0	7608.5	6548.0	5626.5	4847.5	3977.0	3182.0	2666.0	2160.0	1695.0	1319.0	1039.0	813.5	620.0	486.0	388.0	318.5	261.5	205.5	148.5	101.5	74.5	64.5	59.0	46.5	31.5	23.5	15.5	9.0	8.0	6.0	3.0	2.5	2.5	1.5	0.5	0.0	0.0	0.0	0.0	0.0	0.0	0.0	0.0	0.0
Sor-CPnd_066-Ex1-8B-lcwgs-1-2-L2-clmp.fp2_repr.R2	0.0	0.0	0.0	0.0	0.0	0.0	0.5	2.5	5.5	10.0	20.0	39.5	71.0	127.0	227.0	407.5	693.0	1151.0	1823.0	2772.0	4100.5	5679.0	7400.5	9430.0	11913.0	14569.0	17200.0	20038.5	23150.5	25893.0	28510.0	31251.5	33774.0	36118.0	38094.5	39571.0	40370.5	40881.5	41094.5	40536.5	39557.0	38195.0	36548.5	34904.0	33149.0	31172.0	29049.0	26801.5	24428.0	22016.5	19835.0	17777.0	15689.5	13854.5	12091.5	10399.5	8937.0	7707.0	6622.5	5604.5	4780.0	4014.5	3272.0	2698.5	2193.5	1755.0	1357.5	1062.5	858.0	647.5	478.0	377.5	309.0	249.5	191.5	142.5	95.0	66.0	65.5	58.0	45.0	37.0	29.5	18.0	10.5	9.0	7.5	4.0	2.0	2.0	1.5	1.0	0.5	0.0	0.0	0.0	0.0	0.0	0.0	0.0	0.0
Sor-CPnd_066-Ex1-8B-lcwgs-1-2-L3-clmp.fp2_repr.R1	0.0	0.0	0.0	0.0	0.5	1.0	1.5	1.5	0.5	3.5	13.0	35.0	61.0	97.0	160.5	298.0	559.5	929.5	1415.5	2102.5	3086.0	4268.5	5720.5	7426.0	9178.5	11191.5	13475.0	15860.0	18298.0	20619.0	22761.0	24978.0	27169.0	28923.5	30481.5	31718.0	32245.0	32353.0	32471.5	32323.5	31470.0	30300.5	29017.5	27645.0	26080.5	24443.0	22747.5	21000.0	19421.5	17655.5	15859.5	14054.5	12422.5	11014.5	9587.5	8337.0	7263.5	6248.5	5296.5	4530.0	3813.5	3159.0	2629.5	2176.0	1775.0	1413.0	1088.0	845.5	663.5	494.0	367.5	285.0	233.0	186.5	139.5	104.0	79.5	59.0	46.5	38.5	29.5	19.0	13.5	11.0	11.0	11.5	9.0	5.0	1.5	0.5	1.0	0.5	0.0	0.0	0.0	0.0	0.0	0.0	0.0	0.0	0.0
Sor-CPnd_066-Ex1-8B-lcwgs-1-2-L3-clmp.fp2_repr.R2	0.0	0.5	1.0	1.0	0.5	0.0	0.5	1.5	4.0	9.5	22.0	39.0	60.5	97.0	169.0	323.0	561.0	935.0	1411.5	2053.0	3015.0	4244.0	5672.0	7264.0	9073.5	11218.0	13456.0	15724.0	18260.5	20663.5	22632.5	24601.0	26719.5	28720.0	30250.5	31276.0	32057.0	32338.5	32472.0	32328.0	31622.0	30496.5	29228.0	27987.5	26307.0	24521.0	22977.5	21254.5	19421.0	17719.5	16028.0	14265.0	12599.0	11043.5	9569.5	8406.5	7358.5	6314.5	5358.5	4562.0	3892.5	3255.0	2640.0	2143.5	1770.5	1458.0	1116.0	836.5	663.5	511.5	387.0	299.5	233.5	179.5	132.5	96.0	73.0	56.0	45.5	37.5	29.0	20.5	20.5	18.0	13.5	11.5	9.5	7.0	4.0	2.0	1.5	0.5	0.0	0.0	0.0	0.0	0.0	0.0	0.0	0.0	0.0
Sor-CPnd_069-Ex1-6B-lcwgs-1-2-L2-clmp.fp2_repr.R1	0.0	0.5	1.0	1.5	2.0	2.5	3.5	4.0	4.5	11.0	20.0	27.5	40.5	110.5	237.5	410.0	711.5	1216.0	1949.0	2956.5	4309.0	6015.0	8111.0	10581.0	13250.5	16277.0	19551.5	22881.5	26430.5	29867.5	33047.5	36137.0	39065.0	41530.5	43718.0	45250.5	46354.5	47131.5	46888.5	46149.0	45128.5	43542.0	41667.0	39639.0	37407.0	35218.0	32835.5	30408.0	27990.5	25448.5	23002.5	20726.5	18528.5	16272.0	14266.5	12533.5	10829.0	9453.0	8163.5	6934.0	5943.0	4968.5	4195.5	3510.5	2806.0	2259.5	1825.5	1451.5	1150.0	898.5	673.0	505.5	391.5	312.5	252.0	213.5	189.5	144.0	105.5	80.5	64.0	54.0	40.0	26.0	21.5	20.5	14.0	7.5	2.5	1.0	2.0	1.0	0.0	0.5	1.0	1.0	0.5	0.0	0.0	0.0	0.0
Sor-CPnd_069-Ex1-6B-lcwgs-1-2-L2-clmp.fp2_repr.R2	0.0	0.0	0.0	0.0	1.5	3.0	3.0	4.0	6.0	12.0	26.5	42.0	62.0	132.0	240.0	409.0	717.5	1196.0	1942.5	2975.0	4306.0	6040.5	8180.5	10615.5	13296.0	16229.5	19511.0	23025.5	26573.5	29908.5	32888.0	35705.5	38684.0	41383.0	43393.5	45076.0	46627.0	47262.0	46540.0	45776.5	45109.0	43723.0	41811.0	39770.5	37520.0	35359.5	33232.5	30831.0	28253.5	25573.0	23083.5	20674.5	18412.5	16280.5	14322.5	12520.5	10839.5	9512.5	8225.0	6936.0	5889.5	5003.0	4190.0	3443.5	2769.0	2240.0	1834.5	1493.5	1149.5	866.5	666.0	521.5	410.5	306.5	238.5	200.5	167.5	124.5	102.5	82.5	66.5	57.0	39.0	25.5	21.5	19.0	12.0	7.0	3.5	1.5	1.5	0.5	0.0	0.0	0.0	0.0	0.0	0.0	0.0	0.0	0.0
Sor-CPnd_069-Ex1-6B-lcwgs-1-2-L3-clmp.fp2_repr.R1	0.0	0.0	0.0	0.0	0.0	0.0	0.5	3.0	6.0	10.0	13.5	25.5	49.0	96.0	187.0	338.0	598.0	984.0	1572.0	2401.0	3474.5	4814.5	6433.0	8365.0	10591.0	13057.5	15682.0	18374.0	21118.5	23850.0	26725.0	29423.5	31510.5	33588.5	35490.0	36747.5	37601.0	37910.0	37832.0	37433.0	36668.5	35695.5	34258.5	32434.0	30709.5	28956.5	26953.5	24962.5	22983.5	20798.5	18766.5	16840.0	14893.0	13218.5	11679.0	10324.5	9031.5	7749.0	6697.0	5761.5	4841.0	4051.0	3459.0	2917.5	2382.0	1896.5	1485.5	1184.5	901.5	697.0	564.5	454.0	354.0	272.5	230.5	193.5	151.0	107.5	79.5	68.5	59.5	46.5	36.0	28.0	18.0	13.5	11.0	8.0	5.0	2.5	0.5	0.0	0.0	0.0	0.0	0.0	0.0	0.0	0.0	0.0	0.0
Sor-CPnd_069-Ex1-6B-lcwgs-1-2-L3-clmp.fp2_repr.R2	0.0	0.0	0.0	0.5	1.0	1.0	0.5	2.0	5.5	9.5	15.0	27.5	49.5	98.5	194.0	343.0	594.0	953.0	1512.5	2358.0	3472.0	4812.0	6449.0	8435.5	10661.0	13018.5	15661.0	18405.5	21101.0	23686.5	26470.0	29181.5	31481.0	33384.0	35010.5	36611.0	37448.5	37684.5	37859.5	37605.0	36756.5	35767.0	34420.0	32626.5	30866.5	29052.5	26998.0	24870.0	22918.5	21002.5	18959.0	16919.0	15005.0	13353.5	11849.5	10389.0	8998.0	7838.5	6856.5	5847.0	4861.0	4051.5	3471.5	2920.0	2355.0	1882.5	1484.5	1183.0	915.0	702.5	581.5	464.0	361.0	278.0	222.0	188.0	164.5	123.0	81.0	64.5	54.0	47.5	40.0	28.5	20.0	16.0	10.5	5.5	4.5	3.0	1.0	0.0	0.0	0.0	0.0	0.0	0.0	0.0	0.0	0.0	0.0
Sor-CPnd_072-Ex1-8C-lcwgs-1-2-L2-clmp.fp2_repr.R1	0.0	0.0	0.0	0.0	1.0	2.0	2.0	7.5	18.0	33.0	64.0	106.0	179.0	331.0	598.0	1081.5	1900.5	3073.5	4816.5	7290.5	10416.0	14306.0	19109.5	24850.5	31353.5	38520.5	46170.0	53894.0	61836.5	69699.5	77141.5	84728.0	91946.0	98011.0	102937.0	106867.5	109357.0	110225.0	109912.5	108541.0	106006.5	102440.5	98174.5	93433.0	87780.5	81384.5	75088.5	69233.0	63381.0	56948.0	50993.0	45433.5	39841.5	34966.5	30503.0	26284.0	22707.5	19523.0	16566.5	14091.5	11812.5	9586.0	7865.0	6531.5	5301.0	4185.0	3160.5	2433.5	1918.5	1432.0	1072.5	818.0	629.0	469.0	356.0	277.5	223.5	170.5	122.0	87.5	67.5	56.0	33.0	17.0	15.5	16.0	10.0	3.5	1.5	1.0	1.0	0.5	0.0	0.0	0.0	0.0	0.0	0.0	0.0	0.0	0.0
Sor-CPnd_072-Ex1-8C-lcwgs-1-2-L2-clmp.fp2_repr.R2	0.0	0.5	1.5	2.0	1.5	1.0	1.5	8.5	18.5	33.0	70.0	117.0	193.0	327.0	582.5	1084.0	1870.0	3049.0	4821.0	7311.5	10369.0	14216.5	19058.5	24677.5	31112.5	38221.0	45786.5	53634.0	61716.5	69360.5	76626.5	83629.5	90362.5	96954.0	102123.0	105910.0	108598.5	109859.0	110153.5	109064.5	106636.0	103133.5	98711.5	93629.0	88037.5	82125.5	75969.0	69934.0	63840.0	57756.0	51731.0	45773.0	40432.5	35480.5	30775.5	26717.5	23020.0	19648.5	16787.0	14222.0	11821.5	9708.5	8019.0	6620.0	5298.0	4198.0	3243.0	2490.5	1930.5	1407.0	1064.0	869.5	666.0	457.0	338.5	285.5	228.5	170.5	126.0	91.0	67.5	54.0	32.5	21.0	18.0	15.0	12.5	8.0	5.5	4.0	2.5	1.0	0.0	0.0	0.0	0.0	0.0	0.0	0.0	0.0	0.0
Sor-CPnd_072-Ex1-8C-lcwgs-1-2-L3-clmp.fp2_repr.R1	0.0	0.5	1.0	1.0	1.0	1.0	2.5	6.5	9.0	15.5	31.5	72.0	141.5	269.0	469.5	831.0	1423.5	2368.5	3790.5	5660.0	8137.5	11180.5	14731.5	19150.5	24408.0	29935.0	35773.0	41853.5	47865.5	53760.0	59907.5	65869.0	71078.5	75945.0	79796.5	82739.5	84769.0	85473.5	85491.0	84612.5	82515.5	79674.5	76366.0	72400.5	68200.5	63963.0	59045.0	54176.5	49643.0	44768.5	39929.0	35306.0	31174.5	27670.0	24094.5	20778.5	18102.0	15570.5	13263.5	11202.5	9405.0	7785.5	6324.5	5212.0	4222.5	3314.5	2595.0	2040.0	1577.0	1192.5	891.0	661.0	522.5	412.5	309.0	239.0	192.5	144.5	101.0	81.0	56.5	35.5	25.0	20.5	17.5	10.5	7.0	5.5	2.0	1.0	1.0	0.5	0.0	0.5	1.0	1.0	0.5	0.0	0.0	0.0	0.0
Sor-CPnd_072-Ex1-8C-lcwgs-1-2-L3-clmp.fp2_repr.R2	0.0	0.0	0.0	0.0	0.5	1.5	2.5	6.5	13.0	28.5	52.0	94.5	162.5	275.5	488.5	866.5	1453.0	2377.5	3745.0	5606.0	8018.5	11028.5	14727.0	19186.5	24207.5	29556.5	35417.0	41643.0	47594.0	53505.0	59629.0	65444.5	70459.0	74780.0	78756.5	82068.0	84272.5	85254.0	85429.5	84893.0	83131.0	80187.5	76391.0	72429.0	68346.0	64050.0	59701.5	54930.0	50146.0	45434.0	40700.0	36059.0	31750.5	27970.0	24282.5	20900.0	18083.0	15657.5	13460.5	11356.5	9516.0	7898.0	6471.5	5232.0	4206.5	3376.0	2636.5	2050.0	1573.5	1180.0	874.5	679.0	544.5	418.0	313.5	240.5	185.5	140.5	109.5	82.5	54.5	31.0	20.5	18.0	14.0	8.5	7.0	6.0	2.5	1.5	1.5	0.5	0.0	0.0	0.0	0.0	0.0	0.0	0.0	0.0	0.0
Undetermined-L2-clmp.fp2_repr.R1	0.0	9.5	22.0	34.5	102.0	220.5	368.0	773.5	1486.0	2702.0	4882.5	8646.0	15042.5	27774.0	51381.0	92786.0	162205.5	267759.5	423743.0	641811.5	926608.0	1280865.5	1703801.0	2197636.0	2747074.0	3346782.5	3994838.5	4664827.0	5342126.5	5991375.5	6601215.0	7181606.5	7716798.0	8171118.0	8537033.5	8797339.5	8932582.5	8946320.0	8851734.5	8672973.5	8403276.0	8052340.0	7642236.0	7202351.0	6746919.5	6274592.0	5791587.0	5313032.0	4837912.5	4353239.5	3895918.5	3463230.5	3053425.0	2684214.0	2332865.5	2014954.0	1738325.0	1494470.0	1280460.0	1089610.5	920397.0	771447.5	641906.5	527218.5	425435.0	341050.5	270033.0	213507.5	167628.0	128847.5	99584.0	77294.0	59883.0	46584.5	36302.0	28112.0	21808.0	16705.5	12607.5	9301.0	6763.5	4892.5	3480.5	2480.5	1787.0	1307.5	955.5	661.5	429.0	254.5	137.0	71.5	40.0	20.0	11.0	11.0	5.5	0.0	0.0	0.0	0.0
Undetermined-L2-clmp.fp2_repr.R2	0.0	8.5	26.5	49.0	149.0	309.5	489.0	1101.0	2079.5	3370.5	5803.0	9993.0	17045.5	30731.5	55340.5	97478.5	168261.5	275083.0	432556.5	652535.0	938661.5	1293902.5	1717962.5	2211507.0	2760660.0	3360017.5	4005363.5	4671578.0	5344542.5	5988000.5	6593798.0	7169411.5	7697692.5	8152190.5	8516830.0	8777604.5	8916693.5	8934357.5	8849391.0	8676124.0	8406552.0	8055237.0	7648240.5	7211504.5	6755891.0	6280682.5	5795970.5	5320402.5	4845582.5	4357974.5	3899734.0	3469681.0	3060258.0	2688803.5	2337572.0	2019830.5	1743490.5	1499343.5	1284090.5	1092903.5	923437.0	773589.5	643879.0	530120.0	428127.5	342732.5	270531.5	213609.0	167829.0	129023.5	99607.5	76882.5	59459.5	46309.0	36197.5	28061.0	21716.0	16622.5	12574.5	9360.5	6845.5	4985.5	3520.0	2479.0	1808.0	1329.0	954.0	669.0	448.0	280.0	159.0	84.5	56.5	36.5	22.5	18.5	15.0	11.0	4.5	0.5	0.0
Undetermined-L3-clmp.fp2_repr.R1	0.0	5.5	15.0	26.5	92.0	198.5	321.0	683.0	1345.0	2409.5	4437.0	7899.0	13978.0	26138.5	48717.0	88037.5	154246.0	255401.5	405103.0	615387.5	889996.5	1231242.5	1638032.5	2114490.5	2646557.5	3222521.0	3849115.5	4501213.5	5156781.0	5783735.0	6376654.5	6946487.0	7467645.0	7914068.0	8271172.5	8523909.0	8665039.0	8687504.0	8601065.5	8427630.5	8168741.0	7835963.5	7444279.5	7022186.5	6581834.0	6120374.5	5650116.0	5187191.0	4727028.0	4254770.0	3805862.0	3383133.0	2985469.0	2624834.5	2280519.5	1969861.5	1701058.0	1462668.0	1252903.5	1066220.0	899600.0	753703.0	627822.5	517039.5	417648.0	334188.0	263494.5	208519.5	163964.5	125951.0	97583.5	75848.0	58724.5	45575.0	35274.0	27234.0	21408.5	16389.0	12257.0	9151.5	6783.0	4933.0	3453.5	2441.0	1769.0	1306.0	947.5	638.5	413.0	256.5	153.5	84.5	45.0	21.5	7.5	6.0	4.0	2.0	1.5	0.5	0.0
Undetermined-L3-clmp.fp2_repr.R2	0.0	12.0	29.0	42.5	125.5	280.5	454.0	985.5	1875.0	3174.0	5502.5	9367.0	15879.5	28573.0	51911.5	92082.5	159256.0	261583.0	412909.0	625218.0	901672.0	1242625.0	1650590.5	2127638.0	2657378.5	3235254.5	3861606.5	4508342.0	5158767.5	5781341.5	6368563.0	6932024.0	7450508.5	7894892.0	8253699.0	8510227.0	8647856.0	8674438.5	8599302.5	8431262.0	8175720.5	7840861.5	7445168.0	7024424.0	6587181.5	6129267.5	5658314.5	5192273.0	4731994.5	4260357.0	3812247.0	3388842.0	2991168.5	2629722.5	2285329.5	1975776.0	1706050.5	1467181.0	1257317.0	1070488.0	903475.5	756710.5	630745.5	519973.5	419559.5	336257.5	265348.5	209213.0	164279.0	126131.0	97426.0	75495.0	58717.5	45688.5	35356.5	27303.5	21436.0	16425.5	12337.5	9198.0	6807.5	4975.0	3512.5	2511.0	1821.0	1326.0	950.0	632.5	391.0	239.0	156.0	99.0	61.0	35.0	19.0	13.5	7.0	4.0	3.0	1.0	0.0
