[2025-03-25 19:01:20,470] multiqc                                            [DEBUG  ]  No MultiQC config found: /opt/conda/lib/python3.7/site-packages/multiqc_config.yaml
[2025-03-25 19:01:20,471] multiqc                                            [DEBUG  ]  No MultiQC config found: /home/hpc-0373/.multiqc_config.yaml
[2025-03-25 19:01:20,472] multiqc                                            [DEBUG  ]  No MultiQC config found: multiqc_config.yaml
[2025-03-25 19:01:20,473] multiqc                                            [DEBUG  ]  Found command line config: {'max_table_rows': 3000}
[2025-03-25 19:01:20,474] multiqc                                            [DEBUG  ]  New config 'max_table_rows': 3000
[2025-03-25 19:01:20,474] multiqc                                            [DEBUG  ]  Command used: /opt/conda/bin/multiqc -v -p -ip -f --data-dir --data-format tsv --cl-config max_table_rows: 3000 --filename fqc_rprd_report --outdir ./fq_fp1_clmp_fp2_fqscrn_rprd ./fq_fp1_clmp_fp2_fqscrn_rprd
[2025-03-25 19:01:20,618] multiqc                                            [DEBUG  ]  Could not connect to multiqc.info for version check: <urlopen error [SSL: CERTIFICATE_VERIFY_FAILED] certificate verify failed: unable to get local issuer certificate (_ssl.c:1076)>
[2025-03-25 19:01:20,620] multiqc                                            [INFO   ]  This is MultiQC v1.9
[2025-03-25 19:01:20,621] multiqc                                            [DEBUG  ]  Command     : /opt/conda/bin/multiqc -v -p -ip -f --data-dir --data-format tsv --cl-config max_table_rows: 3000 --filename fqc_rprd_report --outdir ./fq_fp1_clmp_fp2_fqscrn_rprd ./fq_fp1_clmp_fp2_fqscrn_rprd
[2025-03-25 19:01:20,622] multiqc                                            [DEBUG  ]  Working dir : /archive/carpenterlab/pire/pire_sphaeramia_orbicularis_lcwgs/2nd_sequencing_run
[2025-03-25 19:01:20,622] multiqc                                            [INFO   ]  Template    : default
[2025-03-25 19:01:20,622] multiqc                                            [DEBUG  ]  Running Python 3.7.7 (default, Jun 26 2020, 05:10:03)  [GCC 7.3.0]
[2025-03-25 19:01:20,623] multiqc                                            [INFO   ]  Searching   : /archive/carpenterlab/pire/pire_sphaeramia_orbicularis_lcwgs/2nd_sequencing_run/fq_fp1_clmp_fp2_fqscrn_rprd
[2025-03-25 19:01:20,624] multiqc                                            [DEBUG  ]  Analysing modules: custom_content, conpair, peddy, somalier, methylQA, mosdepth, phantompeakqualtools, qualimap, preseq, quast, qorts, rna_seqc, rockhopper, rsem, rseqc, busco, goleft_indexcov, disambiguate, supernova, deeptools, sargasso, verifybamid, mirtrace, happy, mirtop, homer, macs2, theta2, snpeff, gatk, htseq, bcftools, featureCounts, fgbio, dragen, dedup, damageprofiler, biobambam2, mtnucratio, picard, prokka, samblaster, samtools, sexdeterrmine, bamtools, jellyfish, vcftools, longranger, stacks, varscan2, bbmap, bismark, biscuit, hicexplorer, hicup, hicpro, salmon, kallisto, slamdunk, star, hisat2, tophat, bowtie2, bowtie1, snpsplit, kat, leehom, adapterRemoval, clipandmerge, cutadapt, flexbar, kaiju, kraken, malt, trimmomatic, sickle, skewer, sortmerna, biobloomtools, fastq_screen, afterqc, fastp, fastqc, pycoqc, minionqc, multivcfanalyzer, clusterflow, bcl2fastq, interop, ivar, flash, seqyclean
[2025-03-25 19:01:20,625] multiqc                                            [DEBUG  ]  Using temporary directory for creating report: /tmp/tmp4uoaclir
[2025-03-25 19:01:20,971] multiqc                                            [DEBUG  ]  File ignored by hicexplorer because it exceeded search pattern filesize limit: Sor-CPnd_022-Ex1-7C-lcwgs-1-2-L3-clmp.fp2_repr.R1_fastqc.html
[2025-03-25 19:01:20,988] multiqc                                            [DEBUG  ]  File ignored by longranger/invocation because it exceeded search pattern filesize limit: Sor-CPnd_022-Ex1-7C-lcwgs-1-2-L3-clmp.fp2_repr.R1_fastqc.html
[2025-03-25 19:01:21,132] multiqc                                            [DEBUG  ]  File ignored by hicexplorer because it exceeded search pattern filesize limit: Sor-CPnd_008-Ex1-1A-lcwgs-1-2-L2-clmp.fp2_repr.R1_fastqc.html
[2025-03-25 19:01:21,149] multiqc                                            [DEBUG  ]  File ignored by longranger/invocation because it exceeded search pattern filesize limit: Sor-CPnd_008-Ex1-1A-lcwgs-1-2-L2-clmp.fp2_repr.R1_fastqc.html
[2025-03-25 19:01:21,319] multiqc                                            [DEBUG  ]  File ignored by hicexplorer because it exceeded search pattern filesize limit: Sor-CPnd_009-Ex1-6A-lcwgs-1-2-L3-clmp.fp2_repr.R2_fastqc.html
[2025-03-25 19:01:21,336] multiqc                                            [DEBUG  ]  File ignored by longranger/invocation because it exceeded search pattern filesize limit: Sor-CPnd_009-Ex1-6A-lcwgs-1-2-L3-clmp.fp2_repr.R2_fastqc.html
[2025-03-25 19:01:21,443] multiqc                                            [DEBUG  ]  Ignoring file as matched an ignore pattern: Sor-ACeb_011-Ex1-6F-lcwgs-1-2-L3-clmp.fp2_repr.R2.fq.gz
[2025-03-25 19:01:21,445] multiqc                                            [DEBUG  ]  Ignoring file as matched an ignore pattern: Sor-ACeb_014-Ex1-9F-lcwgs-1-2-L3-clmp.fp2_repr.R1.fq.gz
[2025-03-25 19:01:21,445] multiqc                                            [DEBUG  ]  Ignoring file as matched an ignore pattern: Sor-ACeb_010-Ex1-5F-lcwgs-1-2-L3-clmp.fp2_repr.R1.fq.gz
[2025-03-25 19:01:21,503] multiqc                                            [DEBUG  ]  File ignored by hicexplorer because it exceeded search pattern filesize limit: Sor-CPnd_049-Ex1-3B-lcwgs-1-2-L2-clmp.fp2_repr.R1_fastqc.html
[2025-03-25 19:01:21,520] multiqc                                            [DEBUG  ]  File ignored by longranger/invocation because it exceeded search pattern filesize limit: Sor-CPnd_049-Ex1-3B-lcwgs-1-2-L2-clmp.fp2_repr.R1_fastqc.html
[2025-03-25 19:01:21,632] multiqc                                            [DEBUG  ]  Ignoring file as matched an ignore pattern: Sor-CPnd_054-Ex1-8F-lcwgs-1-2-L3-clmp.fp2_repr.R2.fq.gz
[2025-03-25 19:01:21,633] multiqc                                            [DEBUG  ]  Ignoring file as matched an ignore pattern: Sor-CPnd_026-Ex1-3H-lcwgs-1-2-L2-clmp.fp2_repr.R2.fq.gz
[2025-03-25 19:01:21,635] multiqc                                            [DEBUG  ]  Ignoring file as matched an ignore pattern: Sor-ACeb_003-Ex1-10E-lcwgs-1-2-L2-clmp.fp2_repr.R1.fq.gz
[2025-03-25 19:01:21,636] multiqc                                            [DEBUG  ]  Ignoring file as matched an ignore pattern: Sor-CPnd_029-Ex1-8E-lcwgs-1-2-L2-clmp.fp2_repr.R2.fq.gz
[2025-03-25 19:01:21,636] multiqc                                            [DEBUG  ]  Ignoring file as matched an ignore pattern: Sor-ACeb_018-Ex1-1G-lcwgs-1-2-L2-clmp.fp2_repr.R2.fq.gz
[2025-03-25 19:01:21,638] multiqc                                            [DEBUG  ]  Ignoring file as matched an ignore pattern: Sor-CPnd_058-Ex1-2G-lcwgs-1-2-L3-clmp.fp2_repr.R2.fq.gz
[2025-03-25 19:01:21,696] multiqc                                            [DEBUG  ]  File ignored by hicexplorer because it exceeded search pattern filesize limit: Sor-CPnd_018-Ex1-1E-lcwgs-1-2-L3-clmp.fp2_repr.R2_fastqc.html
[2025-03-25 19:01:21,713] multiqc                                            [DEBUG  ]  File ignored by longranger/invocation because it exceeded search pattern filesize limit: Sor-CPnd_018-Ex1-1E-lcwgs-1-2-L3-clmp.fp2_repr.R2_fastqc.html
[2025-03-25 19:01:21,881] multiqc                                            [DEBUG  ]  File ignored by hicexplorer because it exceeded search pattern filesize limit: Sor-CPnd_017-Ex1-3G-lcwgs-1-2-L3-clmp.fp2_repr.R1_fastqc.html
[2025-03-25 19:01:21,898] multiqc                                            [DEBUG  ]  File ignored by longranger/invocation because it exceeded search pattern filesize limit: Sor-CPnd_017-Ex1-3G-lcwgs-1-2-L3-clmp.fp2_repr.R1_fastqc.html
[2025-03-25 19:01:22,043] multiqc                                            [DEBUG  ]  File ignored by hicexplorer because it exceeded search pattern filesize limit: Sor-CPnd_034-Ex1-4G-lcwgs-1-2-L2-clmp.fp2_repr.R1_fastqc.html
[2025-03-25 19:01:22,061] multiqc                                            [DEBUG  ]  File ignored by longranger/invocation because it exceeded search pattern filesize limit: Sor-CPnd_034-Ex1-4G-lcwgs-1-2-L2-clmp.fp2_repr.R1_fastqc.html
[2025-03-25 19:01:22,232] multiqc                                            [DEBUG  ]  File ignored by hicexplorer because it exceeded search pattern filesize limit: Sor-CPnd_005-Ex1-3D-lcwgs-1-2-L2-clmp.fp2_repr.R1_fastqc.html
[2025-03-25 19:01:22,250] multiqc                                            [DEBUG  ]  File ignored by longranger/invocation because it exceeded search pattern filesize limit: Sor-CPnd_005-Ex1-3D-lcwgs-1-2-L2-clmp.fp2_repr.R1_fastqc.html
[2025-03-25 19:01:22,356] multiqc                                            [DEBUG  ]  Ignoring file as matched an ignore pattern: Sor-CPnd_069-Ex1-6B-lcwgs-1-2-L3-clmp.fp2_repr.R2.fq.gz
[2025-03-25 19:01:22,357] multiqc                                            [DEBUG  ]  Ignoring file as matched an ignore pattern: Sor-ACeb_004-Ex1-11E-lcwgs-1-2-L2-clmp.fp2_repr.R2.fq.gz
[2025-03-25 19:01:22,416] multiqc                                            [DEBUG  ]  File ignored by hicexplorer because it exceeded search pattern filesize limit: Sor-CPnd_020-Ex1-2E-lcwgs-1-2-L3-clmp.fp2_repr.R2_fastqc.html
[2025-03-25 19:01:22,432] multiqc                                            [DEBUG  ]  File ignored by longranger/invocation because it exceeded search pattern filesize limit: Sor-CPnd_020-Ex1-2E-lcwgs-1-2-L3-clmp.fp2_repr.R2_fastqc.html
[2025-03-25 19:01:22,590] multiqc                                            [DEBUG  ]  File ignored by hicexplorer because it exceeded search pattern filesize limit: Sor-ACeb_004-Ex1-11E-lcwgs-1-2-L3-clmp.fp2_repr.R1_fastqc.html
[2025-03-25 19:01:22,605] multiqc                                            [DEBUG  ]  File ignored by longranger/invocation because it exceeded search pattern filesize limit: Sor-ACeb_004-Ex1-11E-lcwgs-1-2-L3-clmp.fp2_repr.R1_fastqc.html
[2025-03-25 19:01:22,736] multiqc                                            [DEBUG  ]  File ignored by hicexplorer because it exceeded search pattern filesize limit: Sor-ACeb_015-Ex1-10F-lcwgs-1-2-L3-clmp.fp2_repr.R2_fastqc.html
[2025-03-25 19:01:22,750] multiqc                                            [DEBUG  ]  File ignored by longranger/invocation because it exceeded search pattern filesize limit: Sor-ACeb_015-Ex1-10F-lcwgs-1-2-L3-clmp.fp2_repr.R2_fastqc.html
[2025-03-25 19:01:22,831] multiqc                                            [DEBUG  ]  Ignoring file as matched an ignore pattern: Sor-CPnd_002-Ex1-5E-lcwgs-1-2-L3-clmp.fp2_repr.R1.fq.gz
[2025-03-25 19:01:22,832] multiqc                                            [DEBUG  ]  Ignoring file as matched an ignore pattern: Sor-ACeb_013-Ex1-8F-lcwgs-1-2-L2-clmp.fp2_repr.R2.fq.gz
[2025-03-25 19:01:22,833] multiqc                                            [DEBUG  ]  Ignoring file as matched an ignore pattern: Sor-CPnd_014-Ex1-1F-lcwgs-1-2-L2-clmp.fp2_repr.R1.fq.gz
[2025-03-25 19:01:22,833] multiqc                                            [DEBUG  ]  Ignoring file as matched an ignore pattern: Sor-CPnd_018-Ex1-1E-lcwgs-1-2-L2-clmp.fp2_repr.R2.fq.gz
[2025-03-25 19:01:22,887] multiqc                                            [DEBUG  ]  File ignored by hicexplorer because it exceeded search pattern filesize limit: Sor-ACeb_005-Ex1-12E-lcwgs-1-2-L2-clmp.fp2_repr.R1_fastqc.html
[2025-03-25 19:01:22,901] multiqc                                            [DEBUG  ]  File ignored by longranger/invocation because it exceeded search pattern filesize limit: Sor-ACeb_005-Ex1-12E-lcwgs-1-2-L2-clmp.fp2_repr.R1_fastqc.html
[2025-03-25 19:01:22,985] multiqc                                            [DEBUG  ]  Ignoring file as matched an ignore pattern: Sor-ACeb_020-Ex1-2G-lcwgs-1-2-L3-clmp.fp2_repr.R2.fq.gz
[2025-03-25 19:01:23,049] multiqc                                            [DEBUG  ]  File ignored by hicexplorer because it exceeded search pattern filesize limit: Sor-CPnd_024-Ex1-5G-lcwgs-1-2-L2-clmp.fp2_repr.R1_fastqc.html
[2025-03-25 19:01:23,067] multiqc                                            [DEBUG  ]  File ignored by longranger/invocation because it exceeded search pattern filesize limit: Sor-CPnd_024-Ex1-5G-lcwgs-1-2-L2-clmp.fp2_repr.R1_fastqc.html
[2025-03-25 19:01:23,238] multiqc                                            [DEBUG  ]  File ignored by hicexplorer because it exceeded search pattern filesize limit: Sor-ACeb_018-Ex1-1G-lcwgs-1-2-L2-clmp.fp2_repr.R1_fastqc.html
[2025-03-25 19:01:23,253] multiqc                                            [DEBUG  ]  File ignored by longranger/invocation because it exceeded search pattern filesize limit: Sor-ACeb_018-Ex1-1G-lcwgs-1-2-L2-clmp.fp2_repr.R1_fastqc.html
[2025-03-25 19:01:23,383] multiqc                                            [DEBUG  ]  File ignored by hicexplorer because it exceeded search pattern filesize limit: Sor-CPnd_066-Ex1-8B-lcwgs-1-2-L2-clmp.fp2_repr.R2_fastqc.html
[2025-03-25 19:01:23,398] multiqc                                            [DEBUG  ]  File ignored by longranger/invocation because it exceeded search pattern filesize limit: Sor-CPnd_066-Ex1-8B-lcwgs-1-2-L2-clmp.fp2_repr.R2_fastqc.html
[2025-03-25 19:01:23,469] multiqc                                            [DEBUG  ]  Ignoring file as matched an ignore pattern: Sor-CPnd_045-Ex1-7B-lcwgs-1-2-L3-clmp.fp2_repr.R1.fq.gz
[2025-03-25 19:01:23,526] multiqc                                            [DEBUG  ]  File ignored by hicexplorer because it exceeded search pattern filesize limit: Sor-CPnd_055-Ex1-7G-lcwgs-1-2-L3-clmp.fp2_repr.R2_fastqc.html
[2025-03-25 19:01:23,543] multiqc                                            [DEBUG  ]  File ignored by longranger/invocation because it exceeded search pattern filesize limit: Sor-CPnd_055-Ex1-7G-lcwgs-1-2-L3-clmp.fp2_repr.R2_fastqc.html
[2025-03-25 19:01:23,648] multiqc                                            [DEBUG  ]  Ignoring file as matched an ignore pattern: Sor-CPnd_017-Ex1-3G-lcwgs-1-2-L2-clmp.fp2_repr.R1.fq.gz
[2025-03-25 19:01:23,708] multiqc                                            [DEBUG  ]  File ignored by hicexplorer because it exceeded search pattern filesize limit: Sor-ACeb_020-Ex1-2G-lcwgs-1-2-L2-clmp.fp2_repr.R1_fastqc.html
[2025-03-25 19:01:23,723] multiqc                                            [DEBUG  ]  File ignored by longranger/invocation because it exceeded search pattern filesize limit: Sor-ACeb_020-Ex1-2G-lcwgs-1-2-L2-clmp.fp2_repr.R1_fastqc.html
[2025-03-25 19:01:23,801] multiqc                                            [DEBUG  ]  Ignoring file as matched an ignore pattern: Sor-CPnd_020-Ex1-2E-lcwgs-1-2-L3-clmp.fp2_repr.R2.fq.gz
[2025-03-25 19:01:23,858] multiqc                                            [DEBUG  ]  File ignored by hicexplorer because it exceeded search pattern filesize limit: Sor-ACeb_010-Ex1-5F-lcwgs-1-2-L2-clmp.fp2_repr.R1_fastqc.html
[2025-03-25 19:01:23,874] multiqc                                            [DEBUG  ]  File ignored by longranger/invocation because it exceeded search pattern filesize limit: Sor-ACeb_010-Ex1-5F-lcwgs-1-2-L2-clmp.fp2_repr.R1_fastqc.html
[2025-03-25 19:01:23,972] multiqc                                            [DEBUG  ]  Ignoring file as matched an ignore pattern: Sor-CPnd_030-Ex1-2H-lcwgs-1-2-L2-clmp.fp2_repr.R2.fq.gz
[2025-03-25 19:01:24,031] multiqc                                            [DEBUG  ]  File ignored by hicexplorer because it exceeded search pattern filesize limit: Sor-CPnd_015-Ex1-5F-lcwgs-1-2-L3-clmp.fp2_repr.R2_fastqc.html
[2025-03-25 19:01:24,048] multiqc                                            [DEBUG  ]  File ignored by longranger/invocation because it exceeded search pattern filesize limit: Sor-CPnd_015-Ex1-5F-lcwgs-1-2-L3-clmp.fp2_repr.R2_fastqc.html
[2025-03-25 19:01:24,189] multiqc                                            [DEBUG  ]  File ignored by hicexplorer because it exceeded search pattern filesize limit: Sor-ACeb_007-Ex1-2F-lcwgs-1-2-L2-clmp.fp2_repr.R1_fastqc.html
[2025-03-25 19:01:24,203] multiqc                                            [DEBUG  ]  File ignored by longranger/invocation because it exceeded search pattern filesize limit: Sor-ACeb_007-Ex1-2F-lcwgs-1-2-L2-clmp.fp2_repr.R1_fastqc.html
[2025-03-25 19:01:24,350] multiqc                                            [DEBUG  ]  File ignored by hicexplorer because it exceeded search pattern filesize limit: Sor-CPnd_054-Ex1-8F-lcwgs-1-2-L3-clmp.fp2_repr.R2_fastqc.html
[2025-03-25 19:01:24,368] multiqc                                            [DEBUG  ]  File ignored by longranger/invocation because it exceeded search pattern filesize limit: Sor-CPnd_054-Ex1-8F-lcwgs-1-2-L3-clmp.fp2_repr.R2_fastqc.html
[2025-03-25 19:01:24,482] multiqc                                            [DEBUG  ]  Ignoring file as matched an ignore pattern: Sor-ACeb_005-Ex1-12E-lcwgs-1-2-L3-clmp.fp2_repr.R2.fq.gz
[2025-03-25 19:01:24,540] multiqc                                            [DEBUG  ]  File ignored by hicexplorer because it exceeded search pattern filesize limit: Sor-CPnd_007-Ex1-1C-lcwgs-1-2-L3-clmp.fp2_repr.R2_fastqc.html
[2025-03-25 19:01:24,558] multiqc                                            [DEBUG  ]  File ignored by longranger/invocation because it exceeded search pattern filesize limit: Sor-CPnd_007-Ex1-1C-lcwgs-1-2-L3-clmp.fp2_repr.R2_fastqc.html
[2025-03-25 19:01:24,671] multiqc                                            [DEBUG  ]  Ignoring file as matched an ignore pattern: Sor-CPnd_034-Ex1-4G-lcwgs-1-2-L2-clmp.fp2_repr.R2.fq.gz
[2025-03-25 19:01:24,732] multiqc                                            [DEBUG  ]  File ignored by hicexplorer because it exceeded search pattern filesize limit: Sor-CPnd_014-Ex1-1F-lcwgs-1-2-L3-clmp.fp2_repr.R1_fastqc.html
[2025-03-25 19:01:24,747] multiqc                                            [DEBUG  ]  File ignored by longranger/invocation because it exceeded search pattern filesize limit: Sor-CPnd_014-Ex1-1F-lcwgs-1-2-L3-clmp.fp2_repr.R1_fastqc.html
[2025-03-25 19:01:24,825] multiqc                                            [DEBUG  ]  Ignoring file as matched an ignore pattern: Sor-ACeb_017-Ex1-12F-lcwgs-1-2-L2-clmp.fp2_repr.R1.fq.gz
[2025-03-25 19:01:24,827] multiqc                                            [DEBUG  ]  Ignoring file as matched an ignore pattern: Sor-CPnd_022-Ex1-7C-lcwgs-1-2-L3-clmp.fp2_repr.R1.fq.gz
[2025-03-25 19:01:24,828] multiqc                                            [DEBUG  ]  Ignoring file as matched an ignore pattern: Sor-CPnd_049-Ex1-3B-lcwgs-1-2-L3-clmp.fp2_repr.R2.fq.gz
[2025-03-25 19:01:24,882] multiqc                                            [DEBUG  ]  File ignored by hicexplorer because it exceeded search pattern filesize limit: Sor-CPnd_046-Ex1-5A-lcwgs-1-2-L2-clmp.fp2_repr.R2_fastqc.html
[2025-03-25 19:01:24,896] multiqc                                            [DEBUG  ]  File ignored by longranger/invocation because it exceeded search pattern filesize limit: Sor-CPnd_046-Ex1-5A-lcwgs-1-2-L2-clmp.fp2_repr.R2_fastqc.html
[2025-03-25 19:01:25,023] multiqc                                            [DEBUG  ]  File ignored by hicexplorer because it exceeded search pattern filesize limit: Sor-ACeb_014-Ex1-9F-lcwgs-1-2-L3-clmp.fp2_repr.R2_fastqc.html
[2025-03-25 19:01:25,039] multiqc                                            [DEBUG  ]  File ignored by longranger/invocation because it exceeded search pattern filesize limit: Sor-ACeb_014-Ex1-9F-lcwgs-1-2-L3-clmp.fp2_repr.R2_fastqc.html
[2025-03-25 19:01:25,171] multiqc                                            [DEBUG  ]  File ignored by hicexplorer because it exceeded search pattern filesize limit: Sor-CPnd_063-Ex1-7D-lcwgs-1-2-L3-clmp.fp2_repr.R2_fastqc.html
[2025-03-25 19:01:25,185] multiqc                                            [DEBUG  ]  File ignored by longranger/invocation because it exceeded search pattern filesize limit: Sor-CPnd_063-Ex1-7D-lcwgs-1-2-L3-clmp.fp2_repr.R2_fastqc.html
[2025-03-25 19:01:25,311] multiqc                                            [DEBUG  ]  File ignored by hicexplorer because it exceeded search pattern filesize limit: Sor-CPnd_027-Ex1-3C-lcwgs-1-2-L3-clmp.fp2_repr.R2_fastqc.html
[2025-03-25 19:01:25,329] multiqc                                            [DEBUG  ]  File ignored by longranger/invocation because it exceeded search pattern filesize limit: Sor-CPnd_027-Ex1-3C-lcwgs-1-2-L3-clmp.fp2_repr.R2_fastqc.html
[2025-03-25 19:01:25,438] multiqc                                            [DEBUG  ]  File ignored by hicexplorer because it exceeded search pattern filesize limit: Undetermined-L2-clmp.fp2_repr.R2_fastqc.html
[2025-03-25 19:01:25,454] multiqc                                            [DEBUG  ]  File ignored by longranger/invocation because it exceeded search pattern filesize limit: Undetermined-L2-clmp.fp2_repr.R2_fastqc.html
[2025-03-25 19:01:25,562] multiqc                                            [DEBUG  ]  Ignoring file as matched an ignore pattern: Sor-CPnd_003-Ex1-2B-lcwgs-1-2-L3-clmp.fp2_repr.R2.fq.gz
[2025-03-25 19:01:25,563] multiqc                                            [DEBUG  ]  Ignoring file as matched an ignore pattern: Sor-CPnd_037-Ex1-6C-lcwgs-1-2-L2-clmp.fp2_repr.R1.fq.gz
[2025-03-25 19:01:25,626] multiqc                                            [DEBUG  ]  File ignored by hicexplorer because it exceeded search pattern filesize limit: Sor-CPnd_038-Ex1-2A-lcwgs-1-2-L2-clmp.fp2_repr.R1_fastqc.html
[2025-03-25 19:01:25,641] multiqc                                            [DEBUG  ]  File ignored by longranger/invocation because it exceeded search pattern filesize limit: Sor-CPnd_038-Ex1-2A-lcwgs-1-2-L2-clmp.fp2_repr.R1_fastqc.html
[2025-03-25 19:01:25,721] multiqc                                            [DEBUG  ]  Ignoring file as matched an ignore pattern: Sor-CPnd_016-Ex1-1B-lcwgs-1-2-L3-clmp.fp2_repr.R1.fq.gz
[2025-03-25 19:01:25,721] multiqc                                            [DEBUG  ]  Ignoring file as matched an ignore pattern: Sor-CPnd_036-Ex1-5C-lcwgs-1-2-L2-clmp.fp2_repr.R2.fq.gz
[2025-03-25 19:01:25,722] multiqc                                            [DEBUG  ]  Ignoring file as matched an ignore pattern: Sor-CPnd_008-Ex1-1A-lcwgs-1-2-L3-clmp.fp2_repr.R1.fq.gz
[2025-03-25 19:01:25,775] multiqc                                            [DEBUG  ]  File ignored by hicexplorer because it exceeded search pattern filesize limit: Sor-ACeb_012-Ex1-7F-lcwgs-1-2-L2-clmp.fp2_repr.R2_fastqc.html
[2025-03-25 19:01:25,789] multiqc                                            [DEBUG  ]  File ignored by longranger/invocation because it exceeded search pattern filesize limit: Sor-ACeb_012-Ex1-7F-lcwgs-1-2-L2-clmp.fp2_repr.R2_fastqc.html
[2025-03-25 19:01:25,869] multiqc                                            [DEBUG  ]  Ignoring file as matched an ignore pattern: Sor-ACeb_019-Ex1-3G-lcwgs-1-2-L3-clmp.fp2_repr.R1.fq.gz
[2025-03-25 19:01:25,931] multiqc                                            [DEBUG  ]  File ignored by hicexplorer because it exceeded search pattern filesize limit: Sor-CPnd_029-Ex1-8E-lcwgs-1-2-L3-clmp.fp2_repr.R2_fastqc.html
[2025-03-25 19:01:25,949] multiqc                                            [DEBUG  ]  File ignored by longranger/invocation because it exceeded search pattern filesize limit: Sor-CPnd_029-Ex1-8E-lcwgs-1-2-L3-clmp.fp2_repr.R2_fastqc.html
[2025-03-25 19:01:26,122] multiqc                                            [DEBUG  ]  File ignored by hicexplorer because it exceeded search pattern filesize limit: Sor-ACeb_002-Ex1-9E-lcwgs-1-2-L2-clmp.fp2_repr.R2_fastqc.html
[2025-03-25 19:01:26,140] multiqc                                            [DEBUG  ]  File ignored by longranger/invocation because it exceeded search pattern filesize limit: Sor-ACeb_002-Ex1-9E-lcwgs-1-2-L2-clmp.fp2_repr.R2_fastqc.html
[2025-03-25 19:01:26,314] multiqc                                            [DEBUG  ]  File ignored by hicexplorer because it exceeded search pattern filesize limit: Sor-CPnd_036-Ex1-5C-lcwgs-1-2-L2-clmp.fp2_repr.R1_fastqc.html
[2025-03-25 19:01:26,331] multiqc                                            [DEBUG  ]  File ignored by longranger/invocation because it exceeded search pattern filesize limit: Sor-CPnd_036-Ex1-5C-lcwgs-1-2-L2-clmp.fp2_repr.R1_fastqc.html
[2025-03-25 19:01:26,466] multiqc                                            [DEBUG  ]  File ignored by hicexplorer because it exceeded search pattern filesize limit: Sor-CPnd_058-Ex1-2G-lcwgs-1-2-L3-clmp.fp2_repr.R1_fastqc.html
[2025-03-25 19:01:26,483] multiqc                                            [DEBUG  ]  File ignored by longranger/invocation because it exceeded search pattern filesize limit: Sor-CPnd_058-Ex1-2G-lcwgs-1-2-L3-clmp.fp2_repr.R1_fastqc.html
[2025-03-25 19:01:26,596] multiqc                                            [DEBUG  ]  Ignoring file as matched an ignore pattern: Sor-CPnd_044-Ex1-8G-lcwgs-1-2-L2-clmp.fp2_repr.R2.fq.gz
[2025-03-25 19:01:26,598] multiqc                                            [DEBUG  ]  Ignoring file as matched an ignore pattern: Sor-CPnd_055-Ex1-7G-lcwgs-1-2-L2-clmp.fp2_repr.R1.fq.gz
[2025-03-25 19:01:26,599] multiqc                                            [DEBUG  ]  Ignoring file as matched an ignore pattern: Sor-CPnd_063-Ex1-7D-lcwgs-1-2-L2-clmp.fp2_repr.R1.fq.gz
[2025-03-25 19:01:26,663] multiqc                                            [DEBUG  ]  File ignored by hicexplorer because it exceeded search pattern filesize limit: Sor-ACeb_021-Ex1-4G-lcwgs-1-2-L3-clmp.fp2_repr.R2_fastqc.html
[2025-03-25 19:01:26,680] multiqc                                            [DEBUG  ]  File ignored by longranger/invocation because it exceeded search pattern filesize limit: Sor-ACeb_021-Ex1-4G-lcwgs-1-2-L3-clmp.fp2_repr.R2_fastqc.html
[2025-03-25 19:01:26,770] multiqc                                            [DEBUG  ]  Ignoring file as matched an ignore pattern: Sor-ACeb_016-Ex1-11F-lcwgs-1-2-L3-clmp.fp2_repr.R1.fq.gz
[2025-03-25 19:01:26,847] multiqc                                            [DEBUG  ]  File ignored by hicexplorer because it exceeded search pattern filesize limit: Sor-CPnd_028-Ex1-3A-lcwgs-1-2-L2-clmp.fp2_repr.R1_fastqc.html
[2025-03-25 19:01:26,861] multiqc                                            [DEBUG  ]  File ignored by longranger/invocation because it exceeded search pattern filesize limit: Sor-CPnd_028-Ex1-3A-lcwgs-1-2-L2-clmp.fp2_repr.R1_fastqc.html
[2025-03-25 19:01:26,985] multiqc                                            [DEBUG  ]  File ignored by hicexplorer because it exceeded search pattern filesize limit: Sor-ACeb_016-Ex1-11F-lcwgs-1-2-L2-clmp.fp2_repr.R2_fastqc.html
[2025-03-25 19:01:27,000] multiqc                                            [DEBUG  ]  File ignored by longranger/invocation because it exceeded search pattern filesize limit: Sor-ACeb_016-Ex1-11F-lcwgs-1-2-L2-clmp.fp2_repr.R2_fastqc.html
[2025-03-25 19:01:27,133] multiqc                                            [DEBUG  ]  File ignored by hicexplorer because it exceeded search pattern filesize limit: Sor-CPnd_016-Ex1-1B-lcwgs-1-2-L3-clmp.fp2_repr.R1_fastqc.html
[2025-03-25 19:01:27,149] multiqc                                            [DEBUG  ]  File ignored by longranger/invocation because it exceeded search pattern filesize limit: Sor-CPnd_016-Ex1-1B-lcwgs-1-2-L3-clmp.fp2_repr.R1_fastqc.html
[2025-03-25 19:01:27,236] multiqc                                            [DEBUG  ]  Ignoring file as matched an ignore pattern: Sor-CPnd_019-Ex1-6G-lcwgs-1-2-L2-clmp.fp2_repr.R2.fq.gz
[2025-03-25 19:01:27,283] multiqc                                            [DEBUG  ]  File ignored by hicexplorer because it exceeded search pattern filesize limit: Sor-ACeb_017-Ex1-12F-lcwgs-1-2-L3-clmp.fp2_repr.R2_fastqc.html
[2025-03-25 19:01:27,295] multiqc                                            [DEBUG  ]  File ignored by longranger/invocation because it exceeded search pattern filesize limit: Sor-ACeb_017-Ex1-12F-lcwgs-1-2-L3-clmp.fp2_repr.R2_fastqc.html
[2025-03-25 19:01:27,361] multiqc                                            [DEBUG  ]  Ignoring file as matched an ignore pattern: Sor-CPnd_043-Ex1-1D-lcwgs-1-2-L2-clmp.fp2_repr.R2.fq.gz
[2025-03-25 19:01:27,362] multiqc                                            [DEBUG  ]  Ignoring file as matched an ignore pattern: Sor-CPnd_007-Ex1-1C-lcwgs-1-2-L2-clmp.fp2_repr.R1.fq.gz
[2025-03-25 19:01:27,363] multiqc                                            [DEBUG  ]  Ignoring file as matched an ignore pattern: Sor-CPnd_004-Ex1-1G-lcwgs-1-2-L3-clmp.fp2_repr.R1.fq.gz
[2025-03-25 19:01:27,364] multiqc                                            [DEBUG  ]  Ignoring file as matched an ignore pattern: Sor-ACeb_012-Ex1-7F-lcwgs-1-2-L3-clmp.fp2_repr.R2.fq.gz
[2025-03-25 19:01:27,433] multiqc                                            [DEBUG  ]  File ignored by hicexplorer because it exceeded search pattern filesize limit: Sor-CPnd_013-Ex1-7F-lcwgs-1-2-L3-clmp.fp2_repr.R1_fastqc.html
[2025-03-25 19:01:27,444] multiqc                                            [DEBUG  ]  File ignored by longranger/invocation because it exceeded search pattern filesize limit: Sor-CPnd_013-Ex1-7F-lcwgs-1-2-L3-clmp.fp2_repr.R1_fastqc.html
[2025-03-25 19:01:27,510] multiqc                                            [DEBUG  ]  Ignoring file as matched an ignore pattern: Sor-ACeb_008-Ex1-3F-lcwgs-1-2-L2-clmp.fp2_repr.R1.fq.gz
[2025-03-25 19:01:27,511] multiqc                                            [DEBUG  ]  Ignoring file as matched an ignore pattern: Sor-CPnd_024-Ex1-5G-lcwgs-1-2-L2-clmp.fp2_repr.R1.fq.gz
[2025-03-25 19:01:27,513] multiqc                                            [DEBUG  ]  Ignoring file as matched an ignore pattern: Sor-ACeb_016-Ex1-11F-lcwgs-1-2-L2-clmp.fp2_repr.R1.fq.gz
[2025-03-25 19:01:27,564] multiqc                                            [DEBUG  ]  File ignored by hicexplorer because it exceeded search pattern filesize limit: Sor-ACeb_010-Ex1-5F-lcwgs-1-2-L3-clmp.fp2_repr.R1_fastqc.html
[2025-03-25 19:01:27,578] multiqc                                            [DEBUG  ]  File ignored by longranger/invocation because it exceeded search pattern filesize limit: Sor-ACeb_010-Ex1-5F-lcwgs-1-2-L3-clmp.fp2_repr.R1_fastqc.html
[2025-03-25 19:01:27,652] multiqc                                            [DEBUG  ]  Ignoring file as matched an ignore pattern: Sor-CPnd_055-Ex1-7G-lcwgs-1-2-L3-clmp.fp2_repr.R1.fq.gz
[2025-03-25 19:01:27,653] multiqc                                            [DEBUG  ]  Ignoring file as matched an ignore pattern: Sor-CPnd_063-Ex1-7D-lcwgs-1-2-L3-clmp.fp2_repr.R1.fq.gz
[2025-03-25 19:01:27,653] multiqc                                            [DEBUG  ]  Ignoring file as matched an ignore pattern: Sor-CPnd_044-Ex1-8G-lcwgs-1-2-L3-clmp.fp2_repr.R2.fq.gz
[2025-03-25 19:01:27,729] multiqc                                            [DEBUG  ]  File ignored by hicexplorer because it exceeded search pattern filesize limit: Sor-CPnd_007-Ex1-1C-lcwgs-1-2-L2-clmp.fp2_repr.R2_fastqc.html
[2025-03-25 19:01:27,744] multiqc                                            [DEBUG  ]  File ignored by longranger/invocation because it exceeded search pattern filesize limit: Sor-CPnd_007-Ex1-1C-lcwgs-1-2-L2-clmp.fp2_repr.R2_fastqc.html
[2025-03-25 19:01:27,884] multiqc                                            [DEBUG  ]  File ignored by hicexplorer because it exceeded search pattern filesize limit: Sor-CPnd_054-Ex1-8F-lcwgs-1-2-L2-clmp.fp2_repr.R2_fastqc.html
[2025-03-25 19:01:27,901] multiqc                                            [DEBUG  ]  File ignored by longranger/invocation because it exceeded search pattern filesize limit: Sor-CPnd_054-Ex1-8F-lcwgs-1-2-L2-clmp.fp2_repr.R2_fastqc.html
[2025-03-25 19:01:28,070] multiqc                                            [DEBUG  ]  File ignored by hicexplorer because it exceeded search pattern filesize limit: Sor-ACeb_007-Ex1-2F-lcwgs-1-2-L3-clmp.fp2_repr.R1_fastqc.html
[2025-03-25 19:01:28,086] multiqc                                            [DEBUG  ]  File ignored by longranger/invocation because it exceeded search pattern filesize limit: Sor-ACeb_007-Ex1-2F-lcwgs-1-2-L3-clmp.fp2_repr.R1_fastqc.html
[2025-03-25 19:01:28,211] multiqc                                            [DEBUG  ]  File ignored by hicexplorer because it exceeded search pattern filesize limit: Sor-CPnd_015-Ex1-5F-lcwgs-1-2-L2-clmp.fp2_repr.R2_fastqc.html
[2025-03-25 19:01:28,225] multiqc                                            [DEBUG  ]  File ignored by longranger/invocation because it exceeded search pattern filesize limit: Sor-CPnd_015-Ex1-5F-lcwgs-1-2-L2-clmp.fp2_repr.R2_fastqc.html
[2025-03-25 19:01:28,299] multiqc                                            [DEBUG  ]  Ignoring file as matched an ignore pattern: Sor-CPnd_024-Ex1-5G-lcwgs-1-2-L3-clmp.fp2_repr.R1.fq.gz
[2025-03-25 19:01:28,347] multiqc                                            [DEBUG  ]  File ignored by hicexplorer because it exceeded search pattern filesize limit: Sor-CPnd_024-Ex1-5G-lcwgs-1-2-L3-clmp.fp2_repr.R1_fastqc.html
[2025-03-25 19:01:28,359] multiqc                                            [DEBUG  ]  File ignored by longranger/invocation because it exceeded search pattern filesize limit: Sor-CPnd_024-Ex1-5G-lcwgs-1-2-L3-clmp.fp2_repr.R1_fastqc.html
[2025-03-25 19:01:28,423] multiqc                                            [DEBUG  ]  Ignoring file as matched an ignore pattern: Sor-ACeb_008-Ex1-3F-lcwgs-1-2-L3-clmp.fp2_repr.R1.fq.gz
[2025-03-25 19:01:28,424] multiqc                                            [DEBUG  ]  Ignoring file as matched an ignore pattern: Sor-ACeb_012-Ex1-7F-lcwgs-1-2-L2-clmp.fp2_repr.R2.fq.gz
[2025-03-25 19:01:28,425] multiqc                                            [DEBUG  ]  Ignoring file as matched an ignore pattern: Sor-CPnd_004-Ex1-1G-lcwgs-1-2-L2-clmp.fp2_repr.R1.fq.gz
[2025-03-25 19:01:28,426] multiqc                                            [DEBUG  ]  Ignoring file as matched an ignore pattern: Sor-CPnd_007-Ex1-1C-lcwgs-1-2-L3-clmp.fp2_repr.R1.fq.gz
[2025-03-25 19:01:28,426] multiqc                                            [DEBUG  ]  Ignoring file as matched an ignore pattern: Sor-CPnd_043-Ex1-1D-lcwgs-1-2-L3-clmp.fp2_repr.R2.fq.gz
[2025-03-25 19:01:28,494] multiqc                                            [DEBUG  ]  File ignored by hicexplorer because it exceeded search pattern filesize limit: Sor-ACeb_020-Ex1-2G-lcwgs-1-2-L3-clmp.fp2_repr.R1_fastqc.html
[2025-03-25 19:01:28,506] multiqc                                            [DEBUG  ]  File ignored by longranger/invocation because it exceeded search pattern filesize limit: Sor-ACeb_020-Ex1-2G-lcwgs-1-2-L3-clmp.fp2_repr.R1_fastqc.html
[2025-03-25 19:01:28,568] multiqc                                            [DEBUG  ]  Ignoring file as matched an ignore pattern: Sor-CPnd_019-Ex1-6G-lcwgs-1-2-L3-clmp.fp2_repr.R2.fq.gz
[2025-03-25 19:01:28,616] multiqc                                            [DEBUG  ]  File ignored by hicexplorer because it exceeded search pattern filesize limit: Sor-CPnd_055-Ex1-7G-lcwgs-1-2-L2-clmp.fp2_repr.R2_fastqc.html
[2025-03-25 19:01:28,630] multiqc                                            [DEBUG  ]  File ignored by longranger/invocation because it exceeded search pattern filesize limit: Sor-CPnd_055-Ex1-7G-lcwgs-1-2-L2-clmp.fp2_repr.R2_fastqc.html
[2025-03-25 19:01:28,757] multiqc                                            [DEBUG  ]  File ignored by hicexplorer because it exceeded search pattern filesize limit: Sor-CPnd_066-Ex1-8B-lcwgs-1-2-L3-clmp.fp2_repr.R2_fastqc.html
[2025-03-25 19:01:28,772] multiqc                                            [DEBUG  ]  File ignored by longranger/invocation because it exceeded search pattern filesize limit: Sor-CPnd_066-Ex1-8B-lcwgs-1-2-L3-clmp.fp2_repr.R2_fastqc.html
[2025-03-25 19:01:28,925] multiqc                                            [DEBUG  ]  File ignored by hicexplorer because it exceeded search pattern filesize limit: Sor-ACeb_018-Ex1-1G-lcwgs-1-2-L3-clmp.fp2_repr.R1_fastqc.html
[2025-03-25 19:01:28,941] multiqc                                            [DEBUG  ]  File ignored by longranger/invocation because it exceeded search pattern filesize limit: Sor-ACeb_018-Ex1-1G-lcwgs-1-2-L3-clmp.fp2_repr.R1_fastqc.html
[2025-03-25 19:01:29,103] multiqc                                            [DEBUG  ]  File ignored by hicexplorer because it exceeded search pattern filesize limit: Sor-ACeb_015-Ex1-10F-lcwgs-1-2-L2-clmp.fp2_repr.R2_fastqc.html
[2025-03-25 19:01:29,120] multiqc                                            [DEBUG  ]  File ignored by longranger/invocation because it exceeded search pattern filesize limit: Sor-ACeb_015-Ex1-10F-lcwgs-1-2-L2-clmp.fp2_repr.R2_fastqc.html
[2025-03-25 19:01:29,226] multiqc                                            [DEBUG  ]  Ignoring file as matched an ignore pattern: Sor-CPnd_049-Ex1-3B-lcwgs-1-2-L2-clmp.fp2_repr.R2.fq.gz
[2025-03-25 19:01:29,288] multiqc                                            [DEBUG  ]  File ignored by hicexplorer because it exceeded search pattern filesize limit: Sor-ACeb_004-Ex1-11E-lcwgs-1-2-L2-clmp.fp2_repr.R1_fastqc.html
[2025-03-25 19:01:29,306] multiqc                                            [DEBUG  ]  File ignored by longranger/invocation because it exceeded search pattern filesize limit: Sor-ACeb_004-Ex1-11E-lcwgs-1-2-L2-clmp.fp2_repr.R1_fastqc.html
[2025-03-25 19:01:29,478] multiqc                                            [DEBUG  ]  File ignored by hicexplorer because it exceeded search pattern filesize limit: Sor-CPnd_020-Ex1-2E-lcwgs-1-2-L2-clmp.fp2_repr.R2_fastqc.html
[2025-03-25 19:01:29,494] multiqc                                            [DEBUG  ]  File ignored by longranger/invocation because it exceeded search pattern filesize limit: Sor-CPnd_020-Ex1-2E-lcwgs-1-2-L2-clmp.fp2_repr.R2_fastqc.html
[2025-03-25 19:01:29,596] multiqc                                            [DEBUG  ]  Ignoring file as matched an ignore pattern: Sor-CPnd_022-Ex1-7C-lcwgs-1-2-L2-clmp.fp2_repr.R1.fq.gz
[2025-03-25 19:01:29,670] multiqc                                            [DEBUG  ]  File ignored by hicexplorer because it exceeded search pattern filesize limit: Sor-CPnd_005-Ex1-3D-lcwgs-1-2-L3-clmp.fp2_repr.R1_fastqc.html
[2025-03-25 19:01:29,686] multiqc                                            [DEBUG  ]  File ignored by longranger/invocation because it exceeded search pattern filesize limit: Sor-CPnd_005-Ex1-3D-lcwgs-1-2-L3-clmp.fp2_repr.R1_fastqc.html
[2025-03-25 19:01:29,808] multiqc                                            [DEBUG  ]  File ignored by hicexplorer because it exceeded search pattern filesize limit: Sor-CPnd_034-Ex1-4G-lcwgs-1-2-L3-clmp.fp2_repr.R1_fastqc.html
[2025-03-25 19:01:29,824] multiqc                                            [DEBUG  ]  File ignored by longranger/invocation because it exceeded search pattern filesize limit: Sor-CPnd_034-Ex1-4G-lcwgs-1-2-L3-clmp.fp2_repr.R1_fastqc.html
[2025-03-25 19:01:29,983] multiqc                                            [DEBUG  ]  File ignored by hicexplorer because it exceeded search pattern filesize limit: Sor-CPnd_017-Ex1-3G-lcwgs-1-2-L2-clmp.fp2_repr.R1_fastqc.html
[2025-03-25 19:01:30,001] multiqc                                            [DEBUG  ]  File ignored by longranger/invocation because it exceeded search pattern filesize limit: Sor-CPnd_017-Ex1-3G-lcwgs-1-2-L2-clmp.fp2_repr.R1_fastqc.html
[2025-03-25 19:01:30,177] multiqc                                            [DEBUG  ]  File ignored by hicexplorer because it exceeded search pattern filesize limit: Sor-CPnd_018-Ex1-1E-lcwgs-1-2-L2-clmp.fp2_repr.R2_fastqc.html
[2025-03-25 19:01:30,195] multiqc                                            [DEBUG  ]  File ignored by longranger/invocation because it exceeded search pattern filesize limit: Sor-CPnd_018-Ex1-1E-lcwgs-1-2-L2-clmp.fp2_repr.R2_fastqc.html
[2025-03-25 19:01:30,370] multiqc                                            [DEBUG  ]  File ignored by hicexplorer because it exceeded search pattern filesize limit: Sor-ACeb_005-Ex1-12E-lcwgs-1-2-L3-clmp.fp2_repr.R1_fastqc.html
[2025-03-25 19:01:30,387] multiqc                                            [DEBUG  ]  File ignored by longranger/invocation because it exceeded search pattern filesize limit: Sor-ACeb_005-Ex1-12E-lcwgs-1-2-L3-clmp.fp2_repr.R1_fastqc.html
[2025-03-25 19:01:30,502] multiqc                                            [DEBUG  ]  Ignoring file as matched an ignore pattern: Sor-ACeb_017-Ex1-12F-lcwgs-1-2-L3-clmp.fp2_repr.R1.fq.gz
[2025-03-25 19:01:30,509] multiqc                                            [DEBUG  ]  Ignoring file as matched an ignore pattern: Sor-CPnd_034-Ex1-4G-lcwgs-1-2-L3-clmp.fp2_repr.R2.fq.gz
[2025-03-25 19:01:30,509] multiqc                                            [DEBUG  ]  Ignoring file as matched an ignore pattern: Sor-ACeb_019-Ex1-3G-lcwgs-1-2-L2-clmp.fp2_repr.R1.fq.gz
[2025-03-25 19:01:30,571] multiqc                                            [DEBUG  ]  File ignored by hicexplorer because it exceeded search pattern filesize limit: Sor-CPnd_009-Ex1-6A-lcwgs-1-2-L2-clmp.fp2_repr.R2_fastqc.html
[2025-03-25 19:01:30,588] multiqc                                            [DEBUG  ]  File ignored by longranger/invocation because it exceeded search pattern filesize limit: Sor-CPnd_009-Ex1-6A-lcwgs-1-2-L2-clmp.fp2_repr.R2_fastqc.html
[2025-03-25 19:01:30,699] multiqc                                            [DEBUG  ]  Ignoring file as matched an ignore pattern: Sor-CPnd_008-Ex1-1A-lcwgs-1-2-L2-clmp.fp2_repr.R1.fq.gz
[2025-03-25 19:01:30,700] multiqc                                            [DEBUG  ]  Ignoring file as matched an ignore pattern: Sor-CPnd_036-Ex1-5C-lcwgs-1-2-L3-clmp.fp2_repr.R2.fq.gz
[2025-03-25 19:01:30,701] multiqc                                            [DEBUG  ]  Ignoring file as matched an ignore pattern: Sor-CPnd_016-Ex1-1B-lcwgs-1-2-L2-clmp.fp2_repr.R1.fq.gz
[2025-03-25 19:01:30,758] multiqc                                            [DEBUG  ]  File ignored by hicexplorer because it exceeded search pattern filesize limit: Sor-CPnd_008-Ex1-1A-lcwgs-1-2-L3-clmp.fp2_repr.R1_fastqc.html
[2025-03-25 19:01:30,774] multiqc                                            [DEBUG  ]  File ignored by longranger/invocation because it exceeded search pattern filesize limit: Sor-CPnd_008-Ex1-1A-lcwgs-1-2-L3-clmp.fp2_repr.R1_fastqc.html
[2025-03-25 19:01:30,904] multiqc                                            [DEBUG  ]  File ignored by hicexplorer because it exceeded search pattern filesize limit: Sor-CPnd_022-Ex1-7C-lcwgs-1-2-L2-clmp.fp2_repr.R1_fastqc.html
[2025-03-25 19:01:30,919] multiqc                                            [DEBUG  ]  File ignored by longranger/invocation because it exceeded search pattern filesize limit: Sor-CPnd_022-Ex1-7C-lcwgs-1-2-L2-clmp.fp2_repr.R1_fastqc.html
[2025-03-25 19:01:30,997] multiqc                                            [DEBUG  ]  Ignoring file as matched an ignore pattern: Sor-CPnd_037-Ex1-6C-lcwgs-1-2-L3-clmp.fp2_repr.R1.fq.gz
[2025-03-25 19:01:31,047] multiqc                                            [DEBUG  ]  File ignored by hicexplorer because it exceeded search pattern filesize limit: Sor-CPnd_049-Ex1-3B-lcwgs-1-2-L3-clmp.fp2_repr.R1_fastqc.html
[2025-03-25 19:01:31,060] multiqc                                            [DEBUG  ]  File ignored by longranger/invocation because it exceeded search pattern filesize limit: Sor-CPnd_049-Ex1-3B-lcwgs-1-2-L3-clmp.fp2_repr.R1_fastqc.html
[2025-03-25 19:01:31,127] multiqc                                            [DEBUG  ]  Ignoring file as matched an ignore pattern: Sor-CPnd_003-Ex1-2B-lcwgs-1-2-L2-clmp.fp2_repr.R2.fq.gz
[2025-03-25 19:01:31,130] multiqc                                            [DEBUG  ]  Ignoring file as matched an ignore pattern: Sor-CPnd_017-Ex1-3G-lcwgs-1-2-L3-clmp.fp2_repr.R1.fq.gz
[2025-03-25 19:01:31,130] multiqc                                            [DEBUG  ]  Ignoring file as matched an ignore pattern: Sor-CPnd_045-Ex1-7B-lcwgs-1-2-L2-clmp.fp2_repr.R1.fq.gz
[2025-03-25 19:01:31,188] multiqc                                            [DEBUG  ]  File ignored by hicexplorer because it exceeded search pattern filesize limit: Sor-CPnd_016-Ex1-1B-lcwgs-1-2-L2-clmp.fp2_repr.R1_fastqc.html
[2025-03-25 19:01:31,205] multiqc                                            [DEBUG  ]  File ignored by longranger/invocation because it exceeded search pattern filesize limit: Sor-CPnd_016-Ex1-1B-lcwgs-1-2-L2-clmp.fp2_repr.R1_fastqc.html
[2025-03-25 19:01:31,392] multiqc                                            [DEBUG  ]  File ignored by hicexplorer because it exceeded search pattern filesize limit: Sor-ACeb_016-Ex1-11F-lcwgs-1-2-L3-clmp.fp2_repr.R2_fastqc.html
[2025-03-25 19:01:31,408] multiqc                                            [DEBUG  ]  File ignored by longranger/invocation because it exceeded search pattern filesize limit: Sor-ACeb_016-Ex1-11F-lcwgs-1-2-L3-clmp.fp2_repr.R2_fastqc.html
[2025-03-25 19:01:31,567] multiqc                                            [DEBUG  ]  File ignored by hicexplorer because it exceeded search pattern filesize limit: Sor-CPnd_013-Ex1-7F-lcwgs-1-2-L2-clmp.fp2_repr.R1_fastqc.html
[2025-03-25 19:01:31,583] multiqc                                            [DEBUG  ]  File ignored by longranger/invocation because it exceeded search pattern filesize limit: Sor-CPnd_013-Ex1-7F-lcwgs-1-2-L2-clmp.fp2_repr.R1_fastqc.html
[2025-03-25 19:01:31,737] multiqc                                            [DEBUG  ]  File ignored by hicexplorer because it exceeded search pattern filesize limit: Sor-ACeb_017-Ex1-12F-lcwgs-1-2-L2-clmp.fp2_repr.R2_fastqc.html
[2025-03-25 19:01:31,752] multiqc                                            [DEBUG  ]  File ignored by longranger/invocation because it exceeded search pattern filesize limit: Sor-ACeb_017-Ex1-12F-lcwgs-1-2-L2-clmp.fp2_repr.R2_fastqc.html
[2025-03-25 19:01:31,852] multiqc                                            [DEBUG  ]  Ignoring file as matched an ignore pattern: Sor-ACeb_020-Ex1-2G-lcwgs-1-2-L2-clmp.fp2_repr.R2.fq.gz
[2025-03-25 19:01:31,910] multiqc                                            [DEBUG  ]  File ignored by hicexplorer because it exceeded search pattern filesize limit: Sor-CPnd_058-Ex1-2G-lcwgs-1-2-L2-clmp.fp2_repr.R1_fastqc.html
[2025-03-25 19:01:31,926] multiqc                                            [DEBUG  ]  File ignored by longranger/invocation because it exceeded search pattern filesize limit: Sor-CPnd_058-Ex1-2G-lcwgs-1-2-L2-clmp.fp2_repr.R1_fastqc.html
[2025-03-25 19:01:32,024] multiqc                                            [DEBUG  ]  Ignoring file as matched an ignore pattern: Sor-ACeb_005-Ex1-12E-lcwgs-1-2-L2-clmp.fp2_repr.R2.fq.gz
[2025-03-25 19:01:32,082] multiqc                                            [DEBUG  ]  File ignored by hicexplorer because it exceeded search pattern filesize limit: Sor-CPnd_036-Ex1-5C-lcwgs-1-2-L3-clmp.fp2_repr.R1_fastqc.html
[2025-03-25 19:01:32,098] multiqc                                            [DEBUG  ]  File ignored by longranger/invocation because it exceeded search pattern filesize limit: Sor-CPnd_036-Ex1-5C-lcwgs-1-2-L3-clmp.fp2_repr.R1_fastqc.html
[2025-03-25 19:01:32,249] multiqc                                            [DEBUG  ]  File ignored by hicexplorer because it exceeded search pattern filesize limit: Sor-ACeb_002-Ex1-9E-lcwgs-1-2-L3-clmp.fp2_repr.R2_fastqc.html
[2025-03-25 19:01:32,266] multiqc                                            [DEBUG  ]  File ignored by longranger/invocation because it exceeded search pattern filesize limit: Sor-ACeb_002-Ex1-9E-lcwgs-1-2-L3-clmp.fp2_repr.R2_fastqc.html
[2025-03-25 19:01:32,417] multiqc                                            [DEBUG  ]  File ignored by hicexplorer because it exceeded search pattern filesize limit: Sor-CPnd_028-Ex1-3A-lcwgs-1-2-L3-clmp.fp2_repr.R1_fastqc.html
[2025-03-25 19:01:32,434] multiqc                                            [DEBUG  ]  File ignored by longranger/invocation because it exceeded search pattern filesize limit: Sor-CPnd_028-Ex1-3A-lcwgs-1-2-L3-clmp.fp2_repr.R1_fastqc.html
[2025-03-25 19:01:32,540] multiqc                                            [DEBUG  ]  Ignoring file as matched an ignore pattern: Sor-CPnd_030-Ex1-2H-lcwgs-1-2-L3-clmp.fp2_repr.R2.fq.gz
[2025-03-25 19:01:32,596] multiqc                                            [DEBUG  ]  File ignored by hicexplorer because it exceeded search pattern filesize limit: Sor-ACeb_021-Ex1-4G-lcwgs-1-2-L2-clmp.fp2_repr.R2_fastqc.html
[2025-03-25 19:01:32,612] multiqc                                            [DEBUG  ]  File ignored by longranger/invocation because it exceeded search pattern filesize limit: Sor-ACeb_021-Ex1-4G-lcwgs-1-2-L2-clmp.fp2_repr.R2_fastqc.html
[2025-03-25 19:01:32,709] multiqc                                            [DEBUG  ]  Ignoring file as matched an ignore pattern: Sor-CPnd_020-Ex1-2E-lcwgs-1-2-L2-clmp.fp2_repr.R2.fq.gz
[2025-03-25 19:01:32,713] multiqc                                            [DEBUG  ]  Ignoring file as matched an ignore pattern: Sor-ACeb_003-Ex1-10E-lcwgs-1-2-L3-clmp.fp2_repr.R1.fq.gz
[2025-03-25 19:01:32,714] multiqc                                            [DEBUG  ]  Ignoring file as matched an ignore pattern: Sor-CPnd_029-Ex1-8E-lcwgs-1-2-L3-clmp.fp2_repr.R2.fq.gz
[2025-03-25 19:01:32,715] multiqc                                            [DEBUG  ]  Ignoring file as matched an ignore pattern: Sor-ACeb_018-Ex1-1G-lcwgs-1-2-L3-clmp.fp2_repr.R2.fq.gz
[2025-03-25 19:01:32,715] multiqc                                            [DEBUG  ]  Ignoring file as matched an ignore pattern: Sor-CPnd_026-Ex1-3H-lcwgs-1-2-L3-clmp.fp2_repr.R2.fq.gz
[2025-03-25 19:01:32,716] multiqc                                            [DEBUG  ]  Ignoring file as matched an ignore pattern: Sor-CPnd_054-Ex1-8F-lcwgs-1-2-L2-clmp.fp2_repr.R2.fq.gz
[2025-03-25 19:01:32,748] multiqc                                            [DEBUG  ]  File ignored by hicexplorer because it exceeded search pattern filesize limit: Undetermined-L3-clmp.fp2_repr.R2_fastqc.html
[2025-03-25 19:01:32,764] multiqc                                            [DEBUG  ]  File ignored by longranger/invocation because it exceeded search pattern filesize limit: Undetermined-L3-clmp.fp2_repr.R2_fastqc.html
[2025-03-25 19:01:32,915] multiqc                                            [DEBUG  ]  File ignored by hicexplorer because it exceeded search pattern filesize limit: Sor-CPnd_027-Ex1-3C-lcwgs-1-2-L2-clmp.fp2_repr.R2_fastqc.html
[2025-03-25 19:01:32,932] multiqc                                            [DEBUG  ]  File ignored by longranger/invocation because it exceeded search pattern filesize limit: Sor-CPnd_027-Ex1-3C-lcwgs-1-2-L2-clmp.fp2_repr.R2_fastqc.html
[2025-03-25 19:01:33,045] multiqc                                            [DEBUG  ]  Ignoring file as matched an ignore pattern: Sor-ACeb_010-Ex1-5F-lcwgs-1-2-L2-clmp.fp2_repr.R1.fq.gz
[2025-03-25 19:01:33,105] multiqc                                            [DEBUG  ]  File ignored by hicexplorer because it exceeded search pattern filesize limit: Sor-CPnd_063-Ex1-7D-lcwgs-1-2-L2-clmp.fp2_repr.R2_fastqc.html
[2025-03-25 19:01:33,122] multiqc                                            [DEBUG  ]  File ignored by longranger/invocation because it exceeded search pattern filesize limit: Sor-CPnd_063-Ex1-7D-lcwgs-1-2-L2-clmp.fp2_repr.R2_fastqc.html
[2025-03-25 19:01:33,285] multiqc                                            [DEBUG  ]  File ignored by hicexplorer because it exceeded search pattern filesize limit: Sor-CPnd_029-Ex1-8E-lcwgs-1-2-L2-clmp.fp2_repr.R2_fastqc.html
[2025-03-25 19:01:33,302] multiqc                                            [DEBUG  ]  File ignored by longranger/invocation because it exceeded search pattern filesize limit: Sor-CPnd_029-Ex1-8E-lcwgs-1-2-L2-clmp.fp2_repr.R2_fastqc.html
[2025-03-25 19:01:33,470] multiqc                                            [DEBUG  ]  File ignored by hicexplorer because it exceeded search pattern filesize limit: Sor-ACeb_012-Ex1-7F-lcwgs-1-2-L3-clmp.fp2_repr.R2_fastqc.html
[2025-03-25 19:01:33,486] multiqc                                            [DEBUG  ]  File ignored by longranger/invocation because it exceeded search pattern filesize limit: Sor-ACeb_012-Ex1-7F-lcwgs-1-2-L3-clmp.fp2_repr.R2_fastqc.html
[2025-03-25 19:01:33,593] multiqc                                            [DEBUG  ]  Ignoring file as matched an ignore pattern: Sor-ACeb_014-Ex1-9F-lcwgs-1-2-L2-clmp.fp2_repr.R1.fq.gz
[2025-03-25 19:01:33,595] multiqc                                            [DEBUG  ]  Ignoring file as matched an ignore pattern: Sor-ACeb_011-Ex1-6F-lcwgs-1-2-L2-clmp.fp2_repr.R2.fq.gz
[2025-03-25 19:01:33,653] multiqc                                            [DEBUG  ]  File ignored by hicexplorer because it exceeded search pattern filesize limit: Sor-CPnd_038-Ex1-2A-lcwgs-1-2-L3-clmp.fp2_repr.R1_fastqc.html
[2025-03-25 19:01:33,670] multiqc                                            [DEBUG  ]  File ignored by longranger/invocation because it exceeded search pattern filesize limit: Sor-CPnd_038-Ex1-2A-lcwgs-1-2-L3-clmp.fp2_repr.R1_fastqc.html
[2025-03-25 19:01:33,783] multiqc                                            [DEBUG  ]  Ignoring file as matched an ignore pattern: Sor-CPnd_018-Ex1-1E-lcwgs-1-2-L3-clmp.fp2_repr.R2.fq.gz
[2025-03-25 19:01:33,784] multiqc                                            [DEBUG  ]  Ignoring file as matched an ignore pattern: Sor-CPnd_014-Ex1-1F-lcwgs-1-2-L3-clmp.fp2_repr.R1.fq.gz
[2025-03-25 19:01:33,851] multiqc                                            [DEBUG  ]  File ignored by hicexplorer because it exceeded search pattern filesize limit: Sor-CPnd_014-Ex1-1F-lcwgs-1-2-L2-clmp.fp2_repr.R1_fastqc.html
[2025-03-25 19:01:33,867] multiqc                                            [DEBUG  ]  File ignored by longranger/invocation because it exceeded search pattern filesize limit: Sor-CPnd_014-Ex1-1F-lcwgs-1-2-L2-clmp.fp2_repr.R1_fastqc.html
[2025-03-25 19:01:33,966] multiqc                                            [DEBUG  ]  Ignoring file as matched an ignore pattern: Sor-ACeb_013-Ex1-8F-lcwgs-1-2-L3-clmp.fp2_repr.R2.fq.gz
[2025-03-25 19:01:33,966] multiqc                                            [DEBUG  ]  Ignoring file as matched an ignore pattern: Sor-CPnd_002-Ex1-5E-lcwgs-1-2-L2-clmp.fp2_repr.R1.fq.gz
[2025-03-25 19:01:34,031] multiqc                                            [DEBUG  ]  File ignored by hicexplorer because it exceeded search pattern filesize limit: Sor-ACeb_014-Ex1-9F-lcwgs-1-2-L2-clmp.fp2_repr.R2_fastqc.html
[2025-03-25 19:01:34,047] multiqc                                            [DEBUG  ]  File ignored by longranger/invocation because it exceeded search pattern filesize limit: Sor-ACeb_014-Ex1-9F-lcwgs-1-2-L2-clmp.fp2_repr.R2_fastqc.html
[2025-03-25 19:01:34,191] multiqc                                            [DEBUG  ]  File ignored by hicexplorer because it exceeded search pattern filesize limit: Sor-CPnd_046-Ex1-5A-lcwgs-1-2-L3-clmp.fp2_repr.R2_fastqc.html
[2025-03-25 19:01:34,208] multiqc                                            [DEBUG  ]  File ignored by longranger/invocation because it exceeded search pattern filesize limit: Sor-CPnd_046-Ex1-5A-lcwgs-1-2-L3-clmp.fp2_repr.R2_fastqc.html
[2025-03-25 19:01:34,307] multiqc                                            [DEBUG  ]  Ignoring file as matched an ignore pattern: Sor-ACeb_004-Ex1-11E-lcwgs-1-2-L3-clmp.fp2_repr.R2.fq.gz
[2025-03-25 19:01:34,309] multiqc                                            [DEBUG  ]  Ignoring file as matched an ignore pattern: Sor-CPnd_069-Ex1-6B-lcwgs-1-2-L2-clmp.fp2_repr.R2.fq.gz
[2025-03-25 19:01:34,311] multiqc                                            [DEBUG  ]  Ignoring file as matched an ignore pattern: Sor-CPnd_058-Ex1-2G-lcwgs-1-2-L2-clmp.fp2_repr.R2.fq.gz
[2025-03-25 19:01:34,316] multiqc                                            [DEBUG  ]  Ignoring file as matched an ignore pattern: Sor-CPnd_019-Ex1-6G-lcwgs-1-2-L3-clmp.fp2_repr.R1.fq.gz
[2025-03-25 19:01:34,373] multiqc                                            [DEBUG  ]  File ignored by hicexplorer because it exceeded search pattern filesize limit: Sor-CPnd_069-Ex1-6B-lcwgs-1-2-L3-clmp.fp2_repr.R1_fastqc.html
[2025-03-25 19:01:34,389] multiqc                                            [DEBUG  ]  File ignored by longranger/invocation because it exceeded search pattern filesize limit: Sor-CPnd_069-Ex1-6B-lcwgs-1-2-L3-clmp.fp2_repr.R1_fastqc.html
[2025-03-25 19:01:34,489] multiqc                                            [DEBUG  ]  Ignoring file as matched an ignore pattern: Sor-ACeb_012-Ex1-7F-lcwgs-1-2-L2-clmp.fp2_repr.R1.fq.gz
[2025-03-25 19:01:34,550] multiqc                                            [DEBUG  ]  File ignored by hicexplorer because it exceeded search pattern filesize limit: Sor-ACeb_003-Ex1-10E-lcwgs-1-2-L3-clmp.fp2_repr.R1_fastqc.html
[2025-03-25 19:01:34,567] multiqc                                            [DEBUG  ]  File ignored by longranger/invocation because it exceeded search pattern filesize limit: Sor-ACeb_003-Ex1-10E-lcwgs-1-2-L3-clmp.fp2_repr.R1_fastqc.html
[2025-03-25 19:01:34,674] multiqc                                            [DEBUG  ]  Ignoring file as matched an ignore pattern: Sor-CPnd_004-Ex1-1G-lcwgs-1-2-L2-clmp.fp2_repr.R2.fq.gz
[2025-03-25 19:01:34,674] multiqc                                            [DEBUG  ]  Ignoring file as matched an ignore pattern: Sor-CPnd_043-Ex1-1D-lcwgs-1-2-L3-clmp.fp2_repr.R1.fq.gz
[2025-03-25 19:01:34,675] multiqc                                            [DEBUG  ]  Ignoring file as matched an ignore pattern: Sor-CPnd_007-Ex1-1C-lcwgs-1-2-L3-clmp.fp2_repr.R2.fq.gz
[2025-03-25 19:01:34,677] multiqc                                            [DEBUG  ]  Ignoring file as matched an ignore pattern: Sor-CPnd_024-Ex1-5G-lcwgs-1-2-L3-clmp.fp2_repr.R2.fq.gz
[2025-03-25 19:01:34,678] multiqc                                            [DEBUG  ]  Ignoring file as matched an ignore pattern: Sor-ACeb_008-Ex1-3F-lcwgs-1-2-L3-clmp.fp2_repr.R2.fq.gz
[2025-03-25 19:01:34,737] multiqc                                            [DEBUG  ]  File ignored by hicexplorer because it exceeded search pattern filesize limit: Sor-ACeb_022-Ex1-5G-lcwgs-1-2-L2-clmp.fp2_repr.R2_fastqc.html
[2025-03-25 19:01:34,755] multiqc                                            [DEBUG  ]  File ignored by longranger/invocation because it exceeded search pattern filesize limit: Sor-ACeb_022-Ex1-5G-lcwgs-1-2-L2-clmp.fp2_repr.R2_fastqc.html
[2025-03-25 19:01:34,924] multiqc                                            [DEBUG  ]  File ignored by hicexplorer because it exceeded search pattern filesize limit: Sor-CPnd_030-Ex1-2H-lcwgs-1-2-L2-clmp.fp2_repr.R1_fastqc.html
[2025-03-25 19:01:34,941] multiqc                                            [DEBUG  ]  File ignored by longranger/invocation because it exceeded search pattern filesize limit: Sor-CPnd_030-Ex1-2H-lcwgs-1-2-L2-clmp.fp2_repr.R1_fastqc.html
[2025-03-25 19:01:35,049] multiqc                                            [DEBUG  ]  Ignoring file as matched an ignore pattern: Sor-CPnd_055-Ex1-7G-lcwgs-1-2-L3-clmp.fp2_repr.R2.fq.gz
[2025-03-25 19:01:35,050] multiqc                                            [DEBUG  ]  Ignoring file as matched an ignore pattern: Sor-CPnd_063-Ex1-7D-lcwgs-1-2-L3-clmp.fp2_repr.R2.fq.gz
[2025-03-25 19:01:35,051] multiqc                                            [DEBUG  ]  Ignoring file as matched an ignore pattern: Sor-CPnd_044-Ex1-8G-lcwgs-1-2-L3-clmp.fp2_repr.R1.fq.gz
[2025-03-25 19:01:35,083] multiqc                                            [DEBUG  ]  File ignored by hicexplorer because it exceeded search pattern filesize limit: Sor-CPnd_044-Ex1-8G-lcwgs-1-2-L3-clmp.fp2_repr.R2_fastqc.html
[2025-03-25 19:01:35,097] multiqc                                            [DEBUG  ]  File ignored by longranger/invocation because it exceeded search pattern filesize limit: Sor-CPnd_044-Ex1-8G-lcwgs-1-2-L3-clmp.fp2_repr.R2_fastqc.html
[2025-03-25 19:01:35,222] multiqc                                            [DEBUG  ]  File ignored by hicexplorer because it exceeded search pattern filesize limit: Sor-ACeb_013-Ex1-8F-lcwgs-1-2-L2-clmp.fp2_repr.R2_fastqc.html
[2025-03-25 19:01:35,235] multiqc                                            [DEBUG  ]  File ignored by longranger/invocation because it exceeded search pattern filesize limit: Sor-ACeb_013-Ex1-8F-lcwgs-1-2-L2-clmp.fp2_repr.R2_fastqc.html
[2025-03-25 19:01:35,301] multiqc                                            [DEBUG  ]  Ignoring file as matched an ignore pattern: Sor-ACeb_016-Ex1-11F-lcwgs-1-2-L2-clmp.fp2_repr.R2.fq.gz
[2025-03-25 19:01:35,356] multiqc                                            [DEBUG  ]  File ignored by hicexplorer because it exceeded search pattern filesize limit: Sor-ACeb_001-Ex1-8E-lcwgs-1-2-L3-clmp.fp2_repr.R2_fastqc.html
[2025-03-25 19:01:35,369] multiqc                                            [DEBUG  ]  File ignored by longranger/invocation because it exceeded search pattern filesize limit: Sor-ACeb_001-Ex1-8E-lcwgs-1-2-L3-clmp.fp2_repr.R2_fastqc.html
[2025-03-25 19:01:35,510] multiqc                                            [DEBUG  ]  File ignored by hicexplorer because it exceeded search pattern filesize limit: Sor-ACeb_011-Ex1-6F-lcwgs-1-2-L3-clmp.fp2_repr.R2_fastqc.html
[2025-03-25 19:01:35,524] multiqc                                            [DEBUG  ]  File ignored by longranger/invocation because it exceeded search pattern filesize limit: Sor-ACeb_011-Ex1-6F-lcwgs-1-2-L3-clmp.fp2_repr.R2_fastqc.html
[2025-03-25 19:01:35,620] multiqc                                            [DEBUG  ]  File ignored by hicexplorer because it exceeded search pattern filesize limit: Sor-CPnd_072-Ex1-8C-lcwgs-1-2-L2-clmp.fp2_repr.R2_fastqc.html
[2025-03-25 19:01:35,632] multiqc                                            [DEBUG  ]  File ignored by longranger/invocation because it exceeded search pattern filesize limit: Sor-CPnd_072-Ex1-8C-lcwgs-1-2-L2-clmp.fp2_repr.R2_fastqc.html
[2025-03-25 19:01:35,695] multiqc                                            [DEBUG  ]  Ignoring file as matched an ignore pattern: Sor-CPnd_037-Ex1-6C-lcwgs-1-2-L3-clmp.fp2_repr.R2.fq.gz
[2025-03-25 19:01:35,695] multiqc                                            [DEBUG  ]  Ignoring file as matched an ignore pattern: Sor-CPnd_003-Ex1-2B-lcwgs-1-2-L2-clmp.fp2_repr.R1.fq.gz
[2025-03-25 19:01:35,696] multiqc                                            [DEBUG  ]  Ignoring file as matched an ignore pattern: Sor-CPnd_036-Ex1-5C-lcwgs-1-2-L3-clmp.fp2_repr.R1.fq.gz
[2025-03-25 19:01:35,696] multiqc                                            [DEBUG  ]  Ignoring file as matched an ignore pattern: Sor-CPnd_016-Ex1-1B-lcwgs-1-2-L2-clmp.fp2_repr.R2.fq.gz
[2025-03-25 19:01:35,697] multiqc                                            [DEBUG  ]  Ignoring file as matched an ignore pattern: Sor-ACeb_019-Ex1-3G-lcwgs-1-2-L2-clmp.fp2_repr.R2.fq.gz
[2025-03-25 19:01:35,749] multiqc                                            [DEBUG  ]  File ignored by hicexplorer because it exceeded search pattern filesize limit: Sor-ACeb_006-Ex1-1F-lcwgs-1-2-L3-clmp.fp2_repr.R2_fastqc.html
[2025-03-25 19:01:35,763] multiqc                                            [DEBUG  ]  File ignored by longranger/invocation because it exceeded search pattern filesize limit: Sor-ACeb_006-Ex1-1F-lcwgs-1-2-L3-clmp.fp2_repr.R2_fastqc.html
[2025-03-25 19:01:35,861] multiqc                                            [DEBUG  ]  File ignored by hicexplorer because it exceeded search pattern filesize limit: Sor-CPnd_050-Ex1-3F-lcwgs-1-2-L3-clmp.fp2_repr.R1_fastqc.html
[2025-03-25 19:01:35,875] multiqc                                            [DEBUG  ]  File ignored by longranger/invocation because it exceeded search pattern filesize limit: Sor-CPnd_050-Ex1-3F-lcwgs-1-2-L3-clmp.fp2_repr.R1_fastqc.html
[2025-03-25 19:01:35,994] multiqc                                            [DEBUG  ]  File ignored by hicexplorer because it exceeded search pattern filesize limit: Sor-CPnd_043-Ex1-1D-lcwgs-1-2-L3-clmp.fp2_repr.R2_fastqc.html
[2025-03-25 19:01:36,007] multiqc                                            [DEBUG  ]  File ignored by longranger/invocation because it exceeded search pattern filesize limit: Sor-CPnd_043-Ex1-1D-lcwgs-1-2-L3-clmp.fp2_repr.R2_fastqc.html
[2025-03-25 19:01:36,070] multiqc                                            [DEBUG  ]  Ignoring file as matched an ignore pattern: Sor-CPnd_008-Ex1-1A-lcwgs-1-2-L2-clmp.fp2_repr.R2.fq.gz
[2025-03-25 19:01:36,120] multiqc                                            [DEBUG  ]  File ignored by hicexplorer because it exceeded search pattern filesize limit: Sor-CPnd_031-Ex1-5D-lcwgs-1-2-L2-clmp.fp2_repr.R1_fastqc.html
[2025-03-25 19:01:36,135] multiqc                                            [DEBUG  ]  File ignored by longranger/invocation because it exceeded search pattern filesize limit: Sor-CPnd_031-Ex1-5D-lcwgs-1-2-L2-clmp.fp2_repr.R1_fastqc.html
[2025-03-25 19:01:36,270] multiqc                                            [DEBUG  ]  File ignored by hicexplorer because it exceeded search pattern filesize limit: Sor-ACeb_009-Ex1-4F-lcwgs-1-2-L2-clmp.fp2_repr.R2_fastqc.html
[2025-03-25 19:01:36,287] multiqc                                            [DEBUG  ]  File ignored by longranger/invocation because it exceeded search pattern filesize limit: Sor-ACeb_009-Ex1-4F-lcwgs-1-2-L2-clmp.fp2_repr.R2_fastqc.html
[2025-03-25 19:01:36,401] multiqc                                            [DEBUG  ]  Ignoring file as matched an ignore pattern: Sor-CPnd_034-Ex1-4G-lcwgs-1-2-L3-clmp.fp2_repr.R1.fq.gz
[2025-03-25 19:01:36,404] multiqc                                            [DEBUG  ]  Ignoring file as matched an ignore pattern: Sor-ACeb_017-Ex1-12F-lcwgs-1-2-L3-clmp.fp2_repr.R2.fq.gz
[2025-03-25 19:01:36,460] multiqc                                            [DEBUG  ]  File ignored by hicexplorer because it exceeded search pattern filesize limit: Sor-ACeb_008-Ex1-3F-lcwgs-1-2-L3-clmp.fp2_repr.R1_fastqc.html
[2025-03-25 19:01:36,476] multiqc                                            [DEBUG  ]  File ignored by longranger/invocation because it exceeded search pattern filesize limit: Sor-ACeb_008-Ex1-3F-lcwgs-1-2-L3-clmp.fp2_repr.R1_fastqc.html
[2025-03-25 19:01:36,637] multiqc                                            [DEBUG  ]  File ignored by hicexplorer because it exceeded search pattern filesize limit: Sor-CPnd_010-Ex1-1H-lcwgs-1-2-L2-clmp.fp2_repr.R1_fastqc.html
[2025-03-25 19:01:36,655] multiqc                                            [DEBUG  ]  File ignored by longranger/invocation because it exceeded search pattern filesize limit: Sor-CPnd_010-Ex1-1H-lcwgs-1-2-L2-clmp.fp2_repr.R1_fastqc.html
[2025-03-25 19:01:36,847] multiqc                                            [DEBUG  ]  File ignored by hicexplorer because it exceeded search pattern filesize limit: Sor-CPnd_003-Ex1-2B-lcwgs-1-2-L2-clmp.fp2_repr.R2_fastqc.html
[2025-03-25 19:01:36,865] multiqc                                            [DEBUG  ]  File ignored by longranger/invocation because it exceeded search pattern filesize limit: Sor-CPnd_003-Ex1-2B-lcwgs-1-2-L2-clmp.fp2_repr.R2_fastqc.html
[2025-03-25 19:01:36,947] multiqc                                            [DEBUG  ]  Ignoring file as matched an ignore pattern: Sor-CPnd_049-Ex1-3B-lcwgs-1-2-L2-clmp.fp2_repr.R1.fq.gz
[2025-03-25 19:01:36,947] multiqc                                            [DEBUG  ]  Ignoring file as matched an ignore pattern: Sor-CPnd_022-Ex1-7C-lcwgs-1-2-L2-clmp.fp2_repr.R2.fq.gz
[2025-03-25 19:01:36,949] multiqc                                            [DEBUG  ]  Ignoring file as matched an ignore pattern: Sor-CPnd_020-Ex1-2E-lcwgs-1-2-L2-clmp.fp2_repr.R1.fq.gz
[2025-03-25 19:01:36,952] multiqc                                            [DEBUG  ]  Ignoring file as matched an ignore pattern: Sor-CPnd_030-Ex1-2H-lcwgs-1-2-L3-clmp.fp2_repr.R1.fq.gz
[2025-03-25 19:01:36,954] multiqc                                            [DEBUG  ]  Ignoring file as matched an ignore pattern: Sor-ACeb_005-Ex1-12E-lcwgs-1-2-L2-clmp.fp2_repr.R1.fq.gz
[2025-03-25 19:01:37,009] multiqc                                            [DEBUG  ]  File ignored by hicexplorer because it exceeded search pattern filesize limit: Sor-CPnd_012-Ex1-5B-lcwgs-1-2-L3-clmp.fp2_repr.R1_fastqc.html
[2025-03-25 19:01:37,022] multiqc                                            [DEBUG  ]  File ignored by longranger/invocation because it exceeded search pattern filesize limit: Sor-CPnd_012-Ex1-5B-lcwgs-1-2-L3-clmp.fp2_repr.R1_fastqc.html
[2025-03-25 19:01:37,103] multiqc                                            [DEBUG  ]  Ignoring file as matched an ignore pattern: Sor-ACeb_020-Ex1-2G-lcwgs-1-2-L2-clmp.fp2_repr.R1.fq.gz
[2025-03-25 19:01:37,165] multiqc                                            [DEBUG  ]  File ignored by hicexplorer because it exceeded search pattern filesize limit: Sor-CPnd_052-Ex1-6D-lcwgs-1-2-L2-clmp.fp2_repr.R1_fastqc.html
[2025-03-25 19:01:37,182] multiqc                                            [DEBUG  ]  File ignored by longranger/invocation because it exceeded search pattern filesize limit: Sor-CPnd_052-Ex1-6D-lcwgs-1-2-L2-clmp.fp2_repr.R1_fastqc.html
[2025-03-25 19:01:37,276] multiqc                                            [DEBUG  ]  Ignoring file as matched an ignore pattern: Sor-CPnd_017-Ex1-3G-lcwgs-1-2-L3-clmp.fp2_repr.R2.fq.gz
[2025-03-25 19:01:37,276] multiqc                                            [DEBUG  ]  Ignoring file as matched an ignore pattern: Sor-CPnd_045-Ex1-7B-lcwgs-1-2-L2-clmp.fp2_repr.R2.fq.gz
[2025-03-25 19:01:37,326] multiqc                                            [DEBUG  ]  File ignored by hicexplorer because it exceeded search pattern filesize limit: Sor-CPnd_026-Ex1-3H-lcwgs-1-2-L3-clmp.fp2_repr.R2_fastqc.html
[2025-03-25 19:01:37,339] multiqc                                            [DEBUG  ]  File ignored by longranger/invocation because it exceeded search pattern filesize limit: Sor-CPnd_026-Ex1-3H-lcwgs-1-2-L3-clmp.fp2_repr.R2_fastqc.html
[2025-03-25 19:01:37,480] multiqc                                            [DEBUG  ]  File ignored by hicexplorer because it exceeded search pattern filesize limit: Sor-CPnd_019-Ex1-6G-lcwgs-1-2-L2-clmp.fp2_repr.R2_fastqc.html
[2025-03-25 19:01:37,496] multiqc                                            [DEBUG  ]  File ignored by longranger/invocation because it exceeded search pattern filesize limit: Sor-CPnd_019-Ex1-6G-lcwgs-1-2-L2-clmp.fp2_repr.R2_fastqc.html
[2025-03-25 19:01:37,597] multiqc                                            [DEBUG  ]  Ignoring file as matched an ignore pattern: Sor-CPnd_058-Ex1-2G-lcwgs-1-2-L2-clmp.fp2_repr.R1.fq.gz
[2025-03-25 19:01:37,656] multiqc                                            [DEBUG  ]  File ignored by hicexplorer because it exceeded search pattern filesize limit: Sor-CPnd_053-Ex1-2C-lcwgs-1-2-L3-clmp.fp2_repr.R2_fastqc.html
[2025-03-25 19:01:37,672] multiqc                                            [DEBUG  ]  File ignored by longranger/invocation because it exceeded search pattern filesize limit: Sor-CPnd_053-Ex1-2C-lcwgs-1-2-L3-clmp.fp2_repr.R2_fastqc.html
[2025-03-25 19:01:37,819] multiqc                                            [DEBUG  ]  File ignored by hicexplorer because it exceeded search pattern filesize limit: Sor-CPnd_004-Ex1-1G-lcwgs-1-2-L3-clmp.fp2_repr.R1_fastqc.html
[2025-03-25 19:01:37,835] multiqc                                            [DEBUG  ]  File ignored by longranger/invocation because it exceeded search pattern filesize limit: Sor-CPnd_004-Ex1-1G-lcwgs-1-2-L3-clmp.fp2_repr.R1_fastqc.html
[2025-03-25 19:01:37,990] multiqc                                            [DEBUG  ]  File ignored by hicexplorer because it exceeded search pattern filesize limit: Sor-CPnd_041-Ex1-7A-lcwgs-1-2-L2-clmp.fp2_repr.R2_fastqc.html
[2025-03-25 19:01:38,002] multiqc                                            [DEBUG  ]  File ignored by longranger/invocation because it exceeded search pattern filesize limit: Sor-CPnd_041-Ex1-7A-lcwgs-1-2-L2-clmp.fp2_repr.R2_fastqc.html
[2025-03-25 19:01:38,065] multiqc                                            [DEBUG  ]  Ignoring file as matched an ignore pattern: Sor-ACeb_004-Ex1-11E-lcwgs-1-2-L3-clmp.fp2_repr.R1.fq.gz
[2025-03-25 19:01:38,065] multiqc                                            [DEBUG  ]  Ignoring file as matched an ignore pattern: Sor-CPnd_069-Ex1-6B-lcwgs-1-2-L2-clmp.fp2_repr.R1.fq.gz
[2025-03-25 19:01:38,066] multiqc                                            [DEBUG  ]  Ignoring file as matched an ignore pattern: Sor-ACeb_013-Ex1-8F-lcwgs-1-2-L3-clmp.fp2_repr.R1.fq.gz
[2025-03-25 19:01:38,066] multiqc                                            [DEBUG  ]  Ignoring file as matched an ignore pattern: Sor-CPnd_002-Ex1-5E-lcwgs-1-2-L2-clmp.fp2_repr.R2.fq.gz
[2025-03-25 19:01:38,109] multiqc                                            [DEBUG  ]  File ignored by hicexplorer because it exceeded search pattern filesize limit: Sor-CPnd_045-Ex1-7B-lcwgs-1-2-L2-clmp.fp2_repr.R1_fastqc.html
[2025-03-25 19:01:38,122] multiqc                                            [DEBUG  ]  File ignored by longranger/invocation because it exceeded search pattern filesize limit: Sor-CPnd_045-Ex1-7B-lcwgs-1-2-L2-clmp.fp2_repr.R1_fastqc.html
[2025-03-25 19:01:38,189] multiqc                                            [DEBUG  ]  Ignoring file as matched an ignore pattern: Sor-CPnd_014-Ex1-1F-lcwgs-1-2-L3-clmp.fp2_repr.R2.fq.gz
[2025-03-25 19:01:38,234] multiqc                                            [DEBUG  ]  File ignored by hicexplorer because it exceeded search pattern filesize limit: Sor-CPnd_001-Ex1-3E-lcwgs-1-2-L2-clmp.fp2_repr.R1_fastqc.html
[2025-03-25 19:01:38,247] multiqc                                            [DEBUG  ]  File ignored by longranger/invocation because it exceeded search pattern filesize limit: Sor-CPnd_001-Ex1-3E-lcwgs-1-2-L2-clmp.fp2_repr.R1_fastqc.html
[2025-03-25 19:01:38,314] multiqc                                            [DEBUG  ]  Ignoring file as matched an ignore pattern: Sor-CPnd_018-Ex1-1E-lcwgs-1-2-L3-clmp.fp2_repr.R1.fq.gz
[2025-03-25 19:01:38,369] multiqc                                            [DEBUG  ]  File ignored by hicexplorer because it exceeded search pattern filesize limit: Sor-CPnd_006-Ex1-2D-lcwgs-1-2-L3-clmp.fp2_repr.R1_fastqc.html
[2025-03-25 19:01:38,384] multiqc                                            [DEBUG  ]  File ignored by longranger/invocation because it exceeded search pattern filesize limit: Sor-CPnd_006-Ex1-2D-lcwgs-1-2-L3-clmp.fp2_repr.R1_fastqc.html
[2025-03-25 19:01:38,550] multiqc                                            [DEBUG  ]  File ignored by hicexplorer because it exceeded search pattern filesize limit: Sor-CPnd_037-Ex1-6C-lcwgs-1-2-L3-clmp.fp2_repr.R2_fastqc.html
[2025-03-25 19:01:38,565] multiqc                                            [DEBUG  ]  File ignored by longranger/invocation because it exceeded search pattern filesize limit: Sor-CPnd_037-Ex1-6C-lcwgs-1-2-L3-clmp.fp2_repr.R2_fastqc.html
[2025-03-25 19:01:38,638] multiqc                                            [DEBUG  ]  Ignoring file as matched an ignore pattern: Sor-ACeb_014-Ex1-9F-lcwgs-1-2-L2-clmp.fp2_repr.R2.fq.gz
[2025-03-25 19:01:38,639] multiqc                                            [DEBUG  ]  Ignoring file as matched an ignore pattern: Sor-ACeb_011-Ex1-6F-lcwgs-1-2-L2-clmp.fp2_repr.R1.fq.gz
[2025-03-25 19:01:38,682] multiqc                                            [DEBUG  ]  File ignored by hicexplorer because it exceeded search pattern filesize limit: Sor-CPnd_002-Ex1-5E-lcwgs-1-2-L2-clmp.fp2_repr.R1_fastqc.html
[2025-03-25 19:01:38,696] multiqc                                            [DEBUG  ]  File ignored by longranger/invocation because it exceeded search pattern filesize limit: Sor-CPnd_002-Ex1-5E-lcwgs-1-2-L2-clmp.fp2_repr.R1_fastqc.html
[2025-03-25 19:01:38,799] multiqc                                            [DEBUG  ]  File ignored by hicexplorer because it exceeded search pattern filesize limit: Sor-CPnd_033-Ex1-2F-lcwgs-1-2-L2-clmp.fp2_repr.R1_fastqc.html
[2025-03-25 19:01:38,812] multiqc                                            [DEBUG  ]  File ignored by longranger/invocation because it exceeded search pattern filesize limit: Sor-CPnd_033-Ex1-2F-lcwgs-1-2-L2-clmp.fp2_repr.R1_fastqc.html
[2025-03-25 19:01:38,926] multiqc                                            [DEBUG  ]  File ignored by hicexplorer because it exceeded search pattern filesize limit: Sor-ACeb_019-Ex1-3G-lcwgs-1-2-L3-clmp.fp2_repr.R2_fastqc.html
[2025-03-25 19:01:38,941] multiqc                                            [DEBUG  ]  File ignored by longranger/invocation because it exceeded search pattern filesize limit: Sor-ACeb_019-Ex1-3G-lcwgs-1-2-L3-clmp.fp2_repr.R2_fastqc.html
[2025-03-25 19:01:39,022] multiqc                                            [DEBUG  ]  Ignoring file as matched an ignore pattern: Sor-ACeb_010-Ex1-5F-lcwgs-1-2-L2-clmp.fp2_repr.R2.fq.gz
[2025-03-25 19:01:39,023] multiqc                                            [DEBUG  ]  Ignoring file as matched an ignore pattern: Sor-CPnd_029-Ex1-8E-lcwgs-1-2-L3-clmp.fp2_repr.R1.fq.gz
[2025-03-25 19:01:39,024] multiqc                                            [DEBUG  ]  Ignoring file as matched an ignore pattern: Sor-ACeb_018-Ex1-1G-lcwgs-1-2-L3-clmp.fp2_repr.R1.fq.gz
[2025-03-25 19:01:39,024] multiqc                                            [DEBUG  ]  Ignoring file as matched an ignore pattern: Sor-ACeb_003-Ex1-10E-lcwgs-1-2-L3-clmp.fp2_repr.R2.fq.gz
[2025-03-25 19:01:39,026] multiqc                                            [DEBUG  ]  Ignoring file as matched an ignore pattern: Sor-CPnd_026-Ex1-3H-lcwgs-1-2-L3-clmp.fp2_repr.R1.fq.gz
[2025-03-25 19:01:39,027] multiqc                                            [DEBUG  ]  Ignoring file as matched an ignore pattern: Sor-CPnd_054-Ex1-8F-lcwgs-1-2-L2-clmp.fp2_repr.R1.fq.gz
[2025-03-25 19:01:39,028] multiqc                                            [DEBUG  ]  Ignoring file as matched an ignore pattern: Sor-CPnd_018-Ex1-1E-lcwgs-1-2-L2-clmp.fp2_repr.R1.fq.gz
[2025-03-25 19:01:39,081] multiqc                                            [DEBUG  ]  File ignored by hicexplorer because it exceeded search pattern filesize limit: Sor-ACeb_008-Ex1-3F-lcwgs-1-2-L2-clmp.fp2_repr.R1_fastqc.html
[2025-03-25 19:01:39,095] multiqc                                            [DEBUG  ]  File ignored by longranger/invocation because it exceeded search pattern filesize limit: Sor-ACeb_008-Ex1-3F-lcwgs-1-2-L2-clmp.fp2_repr.R1_fastqc.html
[2025-03-25 19:01:39,178] multiqc                                            [DEBUG  ]  Ignoring file as matched an ignore pattern: Sor-CPnd_014-Ex1-1F-lcwgs-1-2-L2-clmp.fp2_repr.R2.fq.gz
[2025-03-25 19:01:39,178] multiqc                                            [DEBUG  ]  Ignoring file as matched an ignore pattern: Sor-CPnd_002-Ex1-5E-lcwgs-1-2-L3-clmp.fp2_repr.R2.fq.gz
[2025-03-25 19:01:39,232] multiqc                                            [DEBUG  ]  File ignored by hicexplorer because it exceeded search pattern filesize limit: Sor-ACeb_009-Ex1-4F-lcwgs-1-2-L3-clmp.fp2_repr.R2_fastqc.html
[2025-03-25 19:01:39,245] multiqc                                            [DEBUG  ]  File ignored by longranger/invocation because it exceeded search pattern filesize limit: Sor-ACeb_009-Ex1-4F-lcwgs-1-2-L3-clmp.fp2_repr.R2_fastqc.html
[2025-03-25 19:01:39,321] multiqc                                            [DEBUG  ]  Ignoring file as matched an ignore pattern: Sor-ACeb_013-Ex1-8F-lcwgs-1-2-L2-clmp.fp2_repr.R1.fq.gz
[2025-03-25 19:01:39,350] multiqc                                            [DEBUG  ]  File ignored by hicexplorer because it exceeded search pattern filesize limit: Sor-CPnd_031-Ex1-5D-lcwgs-1-2-L3-clmp.fp2_repr.R1_fastqc.html
[2025-03-25 19:01:39,363] multiqc                                            [DEBUG  ]  File ignored by longranger/invocation because it exceeded search pattern filesize limit: Sor-CPnd_031-Ex1-5D-lcwgs-1-2-L3-clmp.fp2_repr.R1_fastqc.html
[2025-03-25 19:01:39,448] multiqc                                            [DEBUG  ]  Ignoring file as matched an ignore pattern: Sor-CPnd_069-Ex1-6B-lcwgs-1-2-L3-clmp.fp2_repr.R1.fq.gz
[2025-03-25 19:01:39,449] multiqc                                            [DEBUG  ]  Ignoring file as matched an ignore pattern: Sor-ACeb_004-Ex1-11E-lcwgs-1-2-L2-clmp.fp2_repr.R1.fq.gz
[2025-03-25 19:01:39,450] multiqc                                            [DEBUG  ]  Ignoring file as matched an ignore pattern: Sor-CPnd_058-Ex1-2G-lcwgs-1-2-L3-clmp.fp2_repr.R1.fq.gz
[2025-03-25 19:01:39,503] multiqc                                            [DEBUG  ]  File ignored by hicexplorer because it exceeded search pattern filesize limit: Sor-CPnd_003-Ex1-2B-lcwgs-1-2-L3-clmp.fp2_repr.R2_fastqc.html
[2025-03-25 19:01:39,516] multiqc                                            [DEBUG  ]  File ignored by longranger/invocation because it exceeded search pattern filesize limit: Sor-CPnd_003-Ex1-2B-lcwgs-1-2-L3-clmp.fp2_repr.R2_fastqc.html
[2025-03-25 19:01:39,641] multiqc                                            [DEBUG  ]  File ignored by hicexplorer because it exceeded search pattern filesize limit: Sor-CPnd_010-Ex1-1H-lcwgs-1-2-L3-clmp.fp2_repr.R1_fastqc.html
[2025-03-25 19:01:39,657] multiqc                                            [DEBUG  ]  File ignored by longranger/invocation because it exceeded search pattern filesize limit: Sor-CPnd_010-Ex1-1H-lcwgs-1-2-L3-clmp.fp2_repr.R1_fastqc.html
[2025-03-25 19:01:39,758] multiqc                                            [DEBUG  ]  Ignoring file as matched an ignore pattern: Sor-CPnd_054-Ex1-8F-lcwgs-1-2-L3-clmp.fp2_repr.R1.fq.gz
[2025-03-25 19:01:39,758] multiqc                                            [DEBUG  ]  Ignoring file as matched an ignore pattern: Sor-CPnd_026-Ex1-3H-lcwgs-1-2-L2-clmp.fp2_repr.R1.fq.gz
[2025-03-25 19:01:39,759] multiqc                                            [DEBUG  ]  Ignoring file as matched an ignore pattern: Sor-CPnd_029-Ex1-8E-lcwgs-1-2-L2-clmp.fp2_repr.R1.fq.gz
[2025-03-25 19:01:39,760] multiqc                                            [DEBUG  ]  Ignoring file as matched an ignore pattern: Sor-ACeb_018-Ex1-1G-lcwgs-1-2-L2-clmp.fp2_repr.R1.fq.gz
[2025-03-25 19:01:39,796] multiqc                                            [DEBUG  ]  File ignored by hicexplorer because it exceeded search pattern filesize limit: Sor-CPnd_072-Ex1-8C-lcwgs-1-2-L3-clmp.fp2_repr.R2_fastqc.html
[2025-03-25 19:01:39,813] multiqc                                            [DEBUG  ]  File ignored by longranger/invocation because it exceeded search pattern filesize limit: Sor-CPnd_072-Ex1-8C-lcwgs-1-2-L3-clmp.fp2_repr.R2_fastqc.html
[2025-03-25 19:01:39,924] multiqc                                            [DEBUG  ]  Ignoring file as matched an ignore pattern: Sor-ACeb_003-Ex1-10E-lcwgs-1-2-L2-clmp.fp2_repr.R2.fq.gz
[2025-03-25 19:01:39,961] multiqc                                            [DEBUG  ]  File ignored by hicexplorer because it exceeded search pattern filesize limit: Sor-ACeb_011-Ex1-6F-lcwgs-1-2-L2-clmp.fp2_repr.R2_fastqc.html
[2025-03-25 19:01:39,978] multiqc                                            [DEBUG  ]  File ignored by longranger/invocation because it exceeded search pattern filesize limit: Sor-ACeb_011-Ex1-6F-lcwgs-1-2-L2-clmp.fp2_repr.R2_fastqc.html
[2025-03-25 19:01:40,094] multiqc                                            [DEBUG  ]  Ignoring file as matched an ignore pattern: Sor-ACeb_010-Ex1-5F-lcwgs-1-2-L3-clmp.fp2_repr.R2.fq.gz
[2025-03-25 19:01:40,097] multiqc                                            [DEBUG  ]  Ignoring file as matched an ignore pattern: Sor-ACeb_011-Ex1-6F-lcwgs-1-2-L3-clmp.fp2_repr.R1.fq.gz
[2025-03-25 19:01:40,162] multiqc                                            [DEBUG  ]  File ignored by hicexplorer because it exceeded search pattern filesize limit: Sor-CPnd_043-Ex1-1D-lcwgs-1-2-L2-clmp.fp2_repr.R2_fastqc.html
[2025-03-25 19:01:40,180] multiqc                                            [DEBUG  ]  File ignored by longranger/invocation because it exceeded search pattern filesize limit: Sor-CPnd_043-Ex1-1D-lcwgs-1-2-L2-clmp.fp2_repr.R2_fastqc.html
[2025-03-25 19:01:40,300] multiqc                                            [DEBUG  ]  Ignoring file as matched an ignore pattern: Sor-ACeb_014-Ex1-9F-lcwgs-1-2-L3-clmp.fp2_repr.R2.fq.gz
[2025-03-25 19:01:40,338] multiqc                                            [DEBUG  ]  File ignored by hicexplorer because it exceeded search pattern filesize limit: Sor-CPnd_050-Ex1-3F-lcwgs-1-2-L2-clmp.fp2_repr.R1_fastqc.html
[2025-03-25 19:01:40,355] multiqc                                            [DEBUG  ]  File ignored by longranger/invocation because it exceeded search pattern filesize limit: Sor-CPnd_050-Ex1-3F-lcwgs-1-2-L2-clmp.fp2_repr.R1_fastqc.html
[2025-03-25 19:01:40,525] multiqc                                            [DEBUG  ]  File ignored by hicexplorer because it exceeded search pattern filesize limit: Sor-ACeb_006-Ex1-1F-lcwgs-1-2-L2-clmp.fp2_repr.R2_fastqc.html
[2025-03-25 19:01:40,542] multiqc                                            [DEBUG  ]  File ignored by longranger/invocation because it exceeded search pattern filesize limit: Sor-ACeb_006-Ex1-1F-lcwgs-1-2-L2-clmp.fp2_repr.R2_fastqc.html
[2025-03-25 19:01:40,650] multiqc                                            [DEBUG  ]  Ignoring file as matched an ignore pattern: Sor-ACeb_005-Ex1-12E-lcwgs-1-2-L3-clmp.fp2_repr.R1.fq.gz
[2025-03-25 19:01:40,685] multiqc                                            [DEBUG  ]  File ignored by hicexplorer because it exceeded search pattern filesize limit: Sor-CPnd_030-Ex1-2H-lcwgs-1-2-L3-clmp.fp2_repr.R1_fastqc.html
[2025-03-25 19:01:40,701] multiqc                                            [DEBUG  ]  File ignored by longranger/invocation because it exceeded search pattern filesize limit: Sor-CPnd_030-Ex1-2H-lcwgs-1-2-L3-clmp.fp2_repr.R1_fastqc.html
[2025-03-25 19:01:40,849] multiqc                                            [DEBUG  ]  File ignored by hicexplorer because it exceeded search pattern filesize limit: Sor-ACeb_022-Ex1-5G-lcwgs-1-2-L3-clmp.fp2_repr.R2_fastqc.html
[2025-03-25 19:01:40,865] multiqc                                            [DEBUG  ]  File ignored by longranger/invocation because it exceeded search pattern filesize limit: Sor-ACeb_022-Ex1-5G-lcwgs-1-2-L3-clmp.fp2_repr.R2_fastqc.html
[2025-03-25 19:01:41,033] multiqc                                            [DEBUG  ]  File ignored by hicexplorer because it exceeded search pattern filesize limit: Sor-ACeb_001-Ex1-8E-lcwgs-1-2-L2-clmp.fp2_repr.R2_fastqc.html
[2025-03-25 19:01:41,050] multiqc                                            [DEBUG  ]  File ignored by longranger/invocation because it exceeded search pattern filesize limit: Sor-ACeb_001-Ex1-8E-lcwgs-1-2-L2-clmp.fp2_repr.R2_fastqc.html
[2025-03-25 19:01:41,157] multiqc                                            [DEBUG  ]  Ignoring file as matched an ignore pattern: Sor-CPnd_030-Ex1-2H-lcwgs-1-2-L2-clmp.fp2_repr.R1.fq.gz
[2025-03-25 19:01:41,216] multiqc                                            [DEBUG  ]  File ignored by hicexplorer because it exceeded search pattern filesize limit: Sor-ACeb_013-Ex1-8F-lcwgs-1-2-L3-clmp.fp2_repr.R2_fastqc.html
[2025-03-25 19:01:41,233] multiqc                                            [DEBUG  ]  File ignored by longranger/invocation because it exceeded search pattern filesize limit: Sor-ACeb_013-Ex1-8F-lcwgs-1-2-L3-clmp.fp2_repr.R2_fastqc.html
[2025-03-25 19:01:41,374] multiqc                                            [DEBUG  ]  File ignored by hicexplorer because it exceeded search pattern filesize limit: Sor-CPnd_044-Ex1-8G-lcwgs-1-2-L2-clmp.fp2_repr.R2_fastqc.html
[2025-03-25 19:01:41,389] multiqc                                            [DEBUG  ]  File ignored by longranger/invocation because it exceeded search pattern filesize limit: Sor-CPnd_044-Ex1-8G-lcwgs-1-2-L2-clmp.fp2_repr.R2_fastqc.html
[2025-03-25 19:01:41,485] multiqc                                            [DEBUG  ]  Ignoring file as matched an ignore pattern: Sor-CPnd_020-Ex1-2E-lcwgs-1-2-L3-clmp.fp2_repr.R1.fq.gz
[2025-03-25 19:01:41,486] multiqc                                            [DEBUG  ]  Ignoring file as matched an ignore pattern: Sor-CPnd_045-Ex1-7B-lcwgs-1-2-L3-clmp.fp2_repr.R2.fq.gz
[2025-03-25 19:01:41,487] multiqc                                            [DEBUG  ]  Ignoring file as matched an ignore pattern: Sor-CPnd_017-Ex1-3G-lcwgs-1-2-L2-clmp.fp2_repr.R2.fq.gz
[2025-03-25 19:01:41,494] multiqc                                            [DEBUG  ]  Ignoring file as matched an ignore pattern: Sor-ACeb_020-Ex1-2G-lcwgs-1-2-L3-clmp.fp2_repr.R1.fq.gz
[2025-03-25 19:01:41,547] multiqc                                            [DEBUG  ]  File ignored by hicexplorer because it exceeded search pattern filesize limit: Sor-ACeb_003-Ex1-10E-lcwgs-1-2-L2-clmp.fp2_repr.R1_fastqc.html
[2025-03-25 19:01:41,561] multiqc                                            [DEBUG  ]  File ignored by longranger/invocation because it exceeded search pattern filesize limit: Sor-ACeb_003-Ex1-10E-lcwgs-1-2-L2-clmp.fp2_repr.R1_fastqc.html
[2025-03-25 19:01:41,705] multiqc                                            [DEBUG  ]  File ignored by hicexplorer because it exceeded search pattern filesize limit: Sor-CPnd_069-Ex1-6B-lcwgs-1-2-L2-clmp.fp2_repr.R1_fastqc.html
[2025-03-25 19:01:41,721] multiqc                                            [DEBUG  ]  File ignored by longranger/invocation because it exceeded search pattern filesize limit: Sor-CPnd_069-Ex1-6B-lcwgs-1-2-L2-clmp.fp2_repr.R1_fastqc.html
[2025-03-25 19:01:41,833] multiqc                                            [DEBUG  ]  Ignoring file as matched an ignore pattern: Sor-CPnd_008-Ex1-1A-lcwgs-1-2-L3-clmp.fp2_repr.R2.fq.gz
[2025-03-25 19:01:41,894] multiqc                                            [DEBUG  ]  File ignored by hicexplorer because it exceeded search pattern filesize limit: Sor-CPnd_037-Ex1-6C-lcwgs-1-2-L2-clmp.fp2_repr.R2_fastqc.html
[2025-03-25 19:01:41,910] multiqc                                            [DEBUG  ]  File ignored by longranger/invocation because it exceeded search pattern filesize limit: Sor-CPnd_037-Ex1-6C-lcwgs-1-2-L2-clmp.fp2_repr.R2_fastqc.html
[2025-03-25 19:01:42,018] multiqc                                            [DEBUG  ]  Ignoring file as matched an ignore pattern: Sor-ACeb_019-Ex1-3G-lcwgs-1-2-L3-clmp.fp2_repr.R2.fq.gz
[2025-03-25 19:01:42,019] multiqc                                            [DEBUG  ]  Ignoring file as matched an ignore pattern: Sor-CPnd_016-Ex1-1B-lcwgs-1-2-L3-clmp.fp2_repr.R2.fq.gz
[2025-03-25 19:01:42,020] multiqc                                            [DEBUG  ]  Ignoring file as matched an ignore pattern: Sor-CPnd_036-Ex1-5C-lcwgs-1-2-L2-clmp.fp2_repr.R1.fq.gz
[2025-03-25 19:01:42,021] multiqc                                            [DEBUG  ]  Ignoring file as matched an ignore pattern: Sor-CPnd_003-Ex1-2B-lcwgs-1-2-L3-clmp.fp2_repr.R1.fq.gz
[2025-03-25 19:01:42,021] multiqc                                            [DEBUG  ]  Ignoring file as matched an ignore pattern: Sor-CPnd_037-Ex1-6C-lcwgs-1-2-L2-clmp.fp2_repr.R2.fq.gz
[2025-03-25 19:01:42,078] multiqc                                            [DEBUG  ]  File ignored by hicexplorer because it exceeded search pattern filesize limit: Sor-ACeb_019-Ex1-3G-lcwgs-1-2-L2-clmp.fp2_repr.R2_fastqc.html
[2025-03-25 19:01:42,095] multiqc                                            [DEBUG  ]  File ignored by longranger/invocation because it exceeded search pattern filesize limit: Sor-ACeb_019-Ex1-3G-lcwgs-1-2-L2-clmp.fp2_repr.R2_fastqc.html
[2025-03-25 19:01:42,250] multiqc                                            [DEBUG  ]  File ignored by hicexplorer because it exceeded search pattern filesize limit: Sor-CPnd_033-Ex1-2F-lcwgs-1-2-L3-clmp.fp2_repr.R1_fastqc.html
[2025-03-25 19:01:42,265] multiqc                                            [DEBUG  ]  File ignored by longranger/invocation because it exceeded search pattern filesize limit: Sor-CPnd_033-Ex1-2F-lcwgs-1-2-L3-clmp.fp2_repr.R1_fastqc.html
[2025-03-25 19:01:42,388] multiqc                                            [DEBUG  ]  File ignored by hicexplorer because it exceeded search pattern filesize limit: Sor-CPnd_002-Ex1-5E-lcwgs-1-2-L3-clmp.fp2_repr.R1_fastqc.html
[2025-03-25 19:01:42,404] multiqc                                            [DEBUG  ]  File ignored by longranger/invocation because it exceeded search pattern filesize limit: Sor-CPnd_002-Ex1-5E-lcwgs-1-2-L3-clmp.fp2_repr.R1_fastqc.html
[2025-03-25 19:01:42,550] multiqc                                            [DEBUG  ]  File ignored by hicexplorer because it exceeded search pattern filesize limit: Sor-CPnd_041-Ex1-7A-lcwgs-1-2-L3-clmp.fp2_repr.R2_fastqc.html
[2025-03-25 19:01:42,565] multiqc                                            [DEBUG  ]  File ignored by longranger/invocation because it exceeded search pattern filesize limit: Sor-CPnd_041-Ex1-7A-lcwgs-1-2-L3-clmp.fp2_repr.R2_fastqc.html
[2025-03-25 19:01:42,658] multiqc                                            [DEBUG  ]  Ignoring file as matched an ignore pattern: Sor-CPnd_022-Ex1-7C-lcwgs-1-2-L3-clmp.fp2_repr.R2.fq.gz
[2025-03-25 19:01:42,659] multiqc                                            [DEBUG  ]  Ignoring file as matched an ignore pattern: Sor-CPnd_049-Ex1-3B-lcwgs-1-2-L3-clmp.fp2_repr.R1.fq.gz
[2025-03-25 19:01:42,705] multiqc                                            [DEBUG  ]  File ignored by hicexplorer because it exceeded search pattern filesize limit: Sor-CPnd_004-Ex1-1G-lcwgs-1-2-L2-clmp.fp2_repr.R1_fastqc.html
[2025-03-25 19:01:42,720] multiqc                                            [DEBUG  ]  File ignored by longranger/invocation because it exceeded search pattern filesize limit: Sor-CPnd_004-Ex1-1G-lcwgs-1-2-L2-clmp.fp2_repr.R1_fastqc.html
[2025-03-25 19:01:42,873] multiqc                                            [DEBUG  ]  File ignored by hicexplorer because it exceeded search pattern filesize limit: Sor-CPnd_053-Ex1-2C-lcwgs-1-2-L2-clmp.fp2_repr.R2_fastqc.html
[2025-03-25 19:01:42,889] multiqc                                            [DEBUG  ]  File ignored by longranger/invocation because it exceeded search pattern filesize limit: Sor-CPnd_053-Ex1-2C-lcwgs-1-2-L2-clmp.fp2_repr.R2_fastqc.html
[2025-03-25 19:01:43,060] multiqc                                            [DEBUG  ]  File ignored by hicexplorer because it exceeded search pattern filesize limit: Sor-CPnd_019-Ex1-6G-lcwgs-1-2-L3-clmp.fp2_repr.R2_fastqc.html
[2025-03-25 19:01:43,076] multiqc                                            [DEBUG  ]  File ignored by longranger/invocation because it exceeded search pattern filesize limit: Sor-CPnd_019-Ex1-6G-lcwgs-1-2-L3-clmp.fp2_repr.R2_fastqc.html
[2025-03-25 19:01:43,231] multiqc                                            [DEBUG  ]  File ignored by hicexplorer because it exceeded search pattern filesize limit: Sor-CPnd_006-Ex1-2D-lcwgs-1-2-L2-clmp.fp2_repr.R1_fastqc.html
[2025-03-25 19:01:43,247] multiqc                                            [DEBUG  ]  File ignored by longranger/invocation because it exceeded search pattern filesize limit: Sor-CPnd_006-Ex1-2D-lcwgs-1-2-L2-clmp.fp2_repr.R1_fastqc.html
[2025-03-25 19:01:43,349] multiqc                                            [DEBUG  ]  Ignoring file as matched an ignore pattern: Sor-ACeb_017-Ex1-12F-lcwgs-1-2-L2-clmp.fp2_repr.R2.fq.gz
[2025-03-25 19:01:43,402] multiqc                                            [DEBUG  ]  File ignored by hicexplorer because it exceeded search pattern filesize limit: Sor-CPnd_001-Ex1-3E-lcwgs-1-2-L3-clmp.fp2_repr.R1_fastqc.html
[2025-03-25 19:01:43,415] multiqc                                            [DEBUG  ]  File ignored by longranger/invocation because it exceeded search pattern filesize limit: Sor-CPnd_001-Ex1-3E-lcwgs-1-2-L3-clmp.fp2_repr.R1_fastqc.html
[2025-03-25 19:01:43,536] multiqc                                            [DEBUG  ]  File ignored by hicexplorer because it exceeded search pattern filesize limit: Sor-CPnd_045-Ex1-7B-lcwgs-1-2-L3-clmp.fp2_repr.R1_fastqc.html
[2025-03-25 19:01:43,549] multiqc                                            [DEBUG  ]  File ignored by longranger/invocation because it exceeded search pattern filesize limit: Sor-CPnd_045-Ex1-7B-lcwgs-1-2-L3-clmp.fp2_repr.R1_fastqc.html
[2025-03-25 19:01:43,647] multiqc                                            [DEBUG  ]  Ignoring file as matched an ignore pattern: Sor-CPnd_034-Ex1-4G-lcwgs-1-2-L2-clmp.fp2_repr.R1.fq.gz
[2025-03-25 19:01:43,649] multiqc                                            [DEBUG  ]  Ignoring file as matched an ignore pattern: Sor-ACeb_008-Ex1-3F-lcwgs-1-2-L2-clmp.fp2_repr.R2.fq.gz
[2025-03-25 19:01:43,649] multiqc                                            [DEBUG  ]  Ignoring file as matched an ignore pattern: Sor-CPnd_024-Ex1-5G-lcwgs-1-2-L2-clmp.fp2_repr.R2.fq.gz
[2025-03-25 19:01:43,650] multiqc                                            [DEBUG  ]  Ignoring file as matched an ignore pattern: Sor-CPnd_007-Ex1-1C-lcwgs-1-2-L2-clmp.fp2_repr.R2.fq.gz
[2025-03-25 19:01:43,650] multiqc                                            [DEBUG  ]  Ignoring file as matched an ignore pattern: Sor-CPnd_043-Ex1-1D-lcwgs-1-2-L2-clmp.fp2_repr.R1.fq.gz
[2025-03-25 19:01:43,652] multiqc                                            [DEBUG  ]  Ignoring file as matched an ignore pattern: Sor-CPnd_004-Ex1-1G-lcwgs-1-2-L3-clmp.fp2_repr.R2.fq.gz
[2025-03-25 19:01:43,653] multiqc                                            [DEBUG  ]  Ignoring file as matched an ignore pattern: Sor-ACeb_012-Ex1-7F-lcwgs-1-2-L3-clmp.fp2_repr.R1.fq.gz
[2025-03-25 19:01:43,685] multiqc                                            [DEBUG  ]  File ignored by hicexplorer because it exceeded search pattern filesize limit: Sor-CPnd_026-Ex1-3H-lcwgs-1-2-L2-clmp.fp2_repr.R2_fastqc.html
[2025-03-25 19:01:43,700] multiqc                                            [DEBUG  ]  File ignored by longranger/invocation because it exceeded search pattern filesize limit: Sor-CPnd_026-Ex1-3H-lcwgs-1-2-L2-clmp.fp2_repr.R2_fastqc.html
[2025-03-25 19:01:43,794] multiqc                                            [DEBUG  ]  Ignoring file as matched an ignore pattern: Sor-CPnd_019-Ex1-6G-lcwgs-1-2-L2-clmp.fp2_repr.R1.fq.gz
[2025-03-25 19:01:43,825] multiqc                                            [DEBUG  ]  File ignored by hicexplorer because it exceeded search pattern filesize limit: Sor-CPnd_052-Ex1-6D-lcwgs-1-2-L3-clmp.fp2_repr.R1_fastqc.html
[2025-03-25 19:01:43,839] multiqc                                            [DEBUG  ]  File ignored by longranger/invocation because it exceeded search pattern filesize limit: Sor-CPnd_052-Ex1-6D-lcwgs-1-2-L3-clmp.fp2_repr.R1_fastqc.html
[2025-03-25 19:01:43,930] multiqc                                            [DEBUG  ]  Ignoring file as matched an ignore pattern: Sor-ACeb_016-Ex1-11F-lcwgs-1-2-L3-clmp.fp2_repr.R2.fq.gz
[2025-03-25 19:01:43,931] multiqc                                            [DEBUG  ]  Ignoring file as matched an ignore pattern: Sor-CPnd_044-Ex1-8G-lcwgs-1-2-L2-clmp.fp2_repr.R1.fq.gz
[2025-03-25 19:01:43,933] multiqc                                            [DEBUG  ]  Ignoring file as matched an ignore pattern: Sor-CPnd_055-Ex1-7G-lcwgs-1-2-L2-clmp.fp2_repr.R2.fq.gz
[2025-03-25 19:01:43,933] multiqc                                            [DEBUG  ]  Ignoring file as matched an ignore pattern: Sor-CPnd_063-Ex1-7D-lcwgs-1-2-L2-clmp.fp2_repr.R2.fq.gz
[2025-03-25 19:01:43,993] multiqc                                            [DEBUG  ]  File ignored by hicexplorer because it exceeded search pattern filesize limit: Sor-CPnd_012-Ex1-5B-lcwgs-1-2-L2-clmp.fp2_repr.R1_fastqc.html
[2025-03-25 19:01:44,010] multiqc                                            [DEBUG  ]  File ignored by longranger/invocation because it exceeded search pattern filesize limit: Sor-CPnd_012-Ex1-5B-lcwgs-1-2-L2-clmp.fp2_repr.R1_fastqc.html
[2025-03-25 19:01:44,149] multiqc                                            [DEBUG  ]  File ignored by hicexplorer because it exceeded search pattern filesize limit: Sor-CPnd_041-Ex1-7A-lcwgs-1-2-L3-clmp.fp2_repr.R1_fastqc.html
[2025-03-25 19:01:44,165] multiqc                                            [DEBUG  ]  File ignored by longranger/invocation because it exceeded search pattern filesize limit: Sor-CPnd_041-Ex1-7A-lcwgs-1-2-L3-clmp.fp2_repr.R1_fastqc.html
[2025-03-25 19:01:44,310] multiqc                                            [DEBUG  ]  File ignored by hicexplorer because it exceeded search pattern filesize limit: Sor-CPnd_004-Ex1-1G-lcwgs-1-2-L2-clmp.fp2_repr.R2_fastqc.html
[2025-03-25 19:01:44,328] multiqc                                            [DEBUG  ]  File ignored by longranger/invocation because it exceeded search pattern filesize limit: Sor-CPnd_004-Ex1-1G-lcwgs-1-2-L2-clmp.fp2_repr.R2_fastqc.html
[2025-03-25 19:01:44,475] multiqc                                            [DEBUG  ]  File ignored by hicexplorer because it exceeded search pattern filesize limit: Sor-CPnd_053-Ex1-2C-lcwgs-1-2-L2-clmp.fp2_repr.R1_fastqc.html
[2025-03-25 19:01:44,491] multiqc                                            [DEBUG  ]  File ignored by longranger/invocation because it exceeded search pattern filesize limit: Sor-CPnd_053-Ex1-2C-lcwgs-1-2-L2-clmp.fp2_repr.R1_fastqc.html
[2025-03-25 19:01:44,653] multiqc                                            [DEBUG  ]  File ignored by hicexplorer because it exceeded search pattern filesize limit: Sor-CPnd_019-Ex1-6G-lcwgs-1-2-L3-clmp.fp2_repr.R1_fastqc.html
[2025-03-25 19:01:44,672] multiqc                                            [DEBUG  ]  File ignored by longranger/invocation because it exceeded search pattern filesize limit: Sor-CPnd_019-Ex1-6G-lcwgs-1-2-L3-clmp.fp2_repr.R1_fastqc.html
[2025-03-25 19:01:44,780] multiqc                                            [DEBUG  ]  File ignored by hicexplorer because it exceeded search pattern filesize limit: Sor-CPnd_006-Ex1-2D-lcwgs-1-2-L2-clmp.fp2_repr.R2_fastqc.html
[2025-03-25 19:01:44,793] multiqc                                            [DEBUG  ]  File ignored by longranger/invocation because it exceeded search pattern filesize limit: Sor-CPnd_006-Ex1-2D-lcwgs-1-2-L2-clmp.fp2_repr.R2_fastqc.html
[2025-03-25 19:01:44,907] multiqc                                            [DEBUG  ]  File ignored by hicexplorer because it exceeded search pattern filesize limit: Sor-CPnd_001-Ex1-3E-lcwgs-1-2-L3-clmp.fp2_repr.R2_fastqc.html
[2025-03-25 19:01:44,920] multiqc                                            [DEBUG  ]  File ignored by longranger/invocation because it exceeded search pattern filesize limit: Sor-CPnd_001-Ex1-3E-lcwgs-1-2-L3-clmp.fp2_repr.R2_fastqc.html
[2025-03-25 19:01:44,986] multiqc                                            [DEBUG  ]  Ignoring file as matched an ignore pattern: Sor-CPnd_072-Ex1-8C-lcwgs-1-2-L3-clmp.fp2_repr.R2.fq.gz
[2025-03-25 19:01:45,039] multiqc                                            [DEBUG  ]  File ignored by hicexplorer because it exceeded search pattern filesize limit: Sor-CPnd_045-Ex1-7B-lcwgs-1-2-L3-clmp.fp2_repr.R2_fastqc.html
[2025-03-25 19:01:45,053] multiqc                                            [DEBUG  ]  File ignored by longranger/invocation because it exceeded search pattern filesize limit: Sor-CPnd_045-Ex1-7B-lcwgs-1-2-L3-clmp.fp2_repr.R2_fastqc.html
[2025-03-25 19:01:45,127] multiqc                                            [DEBUG  ]  Ignoring file as matched an ignore pattern: Sor-CPnd_041-Ex1-7A-lcwgs-1-2-L3-clmp.fp2_repr.R2.fq.gz
[2025-03-25 19:01:45,128] multiqc                                            [DEBUG  ]  Ignoring file as matched an ignore pattern: Sor-CPnd_066-Ex1-8B-lcwgs-1-2-L3-clmp.fp2_repr.R1.fq.gz
[2025-03-25 19:01:45,128] multiqc                                            [DEBUG  ]  Ignoring file as matched an ignore pattern: Sor-CPnd_001-Ex1-3E-lcwgs-1-2-L2-clmp.fp2_repr.R2.fq.gz
[2025-03-25 19:01:45,159] multiqc                                            [DEBUG  ]  File ignored by hicexplorer because it exceeded search pattern filesize limit: Sor-CPnd_037-Ex1-6C-lcwgs-1-2-L2-clmp.fp2_repr.R1_fastqc.html
[2025-03-25 19:01:45,173] multiqc                                            [DEBUG  ]  File ignored by longranger/invocation because it exceeded search pattern filesize limit: Sor-CPnd_037-Ex1-6C-lcwgs-1-2-L2-clmp.fp2_repr.R1_fastqc.html
[2025-03-25 19:01:45,246] multiqc                                            [DEBUG  ]  Ignoring file as matched an ignore pattern: Sor-CPnd_006-Ex1-2D-lcwgs-1-2-L3-clmp.fp2_repr.R2.fq.gz
[2025-03-25 19:01:45,249] multiqc                                            [DEBUG  ]  Ignoring file as matched an ignore pattern: Sor-CPnd_012-Ex1-5B-lcwgs-1-2-L3-clmp.fp2_repr.R2.fq.gz
[2025-03-25 19:01:45,299] multiqc                                            [DEBUG  ]  File ignored by hicexplorer because it exceeded search pattern filesize limit: Sor-ACeb_019-Ex1-3G-lcwgs-1-2-L2-clmp.fp2_repr.R1_fastqc.html
[2025-03-25 19:01:45,314] multiqc                                            [DEBUG  ]  File ignored by longranger/invocation because it exceeded search pattern filesize limit: Sor-ACeb_019-Ex1-3G-lcwgs-1-2-L2-clmp.fp2_repr.R1_fastqc.html
[2025-03-25 19:01:45,445] multiqc                                            [DEBUG  ]  File ignored by hicexplorer because it exceeded search pattern filesize limit: Sor-CPnd_002-Ex1-5E-lcwgs-1-2-L3-clmp.fp2_repr.R2_fastqc.html
[2025-03-25 19:01:45,462] multiqc                                            [DEBUG  ]  File ignored by longranger/invocation because it exceeded search pattern filesize limit: Sor-CPnd_002-Ex1-5E-lcwgs-1-2-L3-clmp.fp2_repr.R2_fastqc.html
[2025-03-25 19:01:45,614] multiqc                                            [DEBUG  ]  File ignored by hicexplorer because it exceeded search pattern filesize limit: Sor-CPnd_033-Ex1-2F-lcwgs-1-2-L3-clmp.fp2_repr.R2_fastqc.html
[2025-03-25 19:01:45,631] multiqc                                            [DEBUG  ]  File ignored by longranger/invocation because it exceeded search pattern filesize limit: Sor-CPnd_033-Ex1-2F-lcwgs-1-2-L3-clmp.fp2_repr.R2_fastqc.html
[2025-03-25 19:01:45,744] multiqc                                            [DEBUG  ]  Ignoring file as matched an ignore pattern: Sor-ACeb_002-Ex1-9E-lcwgs-1-2-L3-clmp.fp2_repr.R1.fq.gz
[2025-03-25 19:01:45,746] multiqc                                            [DEBUG  ]  Ignoring file as matched an ignore pattern: Undetermined-L3-clmp.fp2_repr.R2.fq.gz
[2025-03-25 19:01:45,802] multiqc                                            [DEBUG  ]  File ignored by hicexplorer because it exceeded search pattern filesize limit: Sor-CPnd_012-Ex1-5B-lcwgs-1-2-L2-clmp.fp2_repr.R2_fastqc.html
[2025-03-25 19:01:45,819] multiqc                                            [DEBUG  ]  File ignored by longranger/invocation because it exceeded search pattern filesize limit: Sor-CPnd_012-Ex1-5B-lcwgs-1-2-L2-clmp.fp2_repr.R2_fastqc.html
[2025-03-25 19:01:45,935] multiqc                                            [DEBUG  ]  Ignoring file as matched an ignore pattern: Sor-ACeb_022-Ex1-5G-lcwgs-1-2-L3-clmp.fp2_repr.R1.fq.gz
[2025-03-25 19:01:45,937] multiqc                                            [DEBUG  ]  Ignoring file as matched an ignore pattern: Sor-CPnd_033-Ex1-2F-lcwgs-1-2-L2-clmp.fp2_repr.R1.fq.gz
[2025-03-25 19:01:45,940] multiqc                                            [DEBUG  ]  Ignoring file as matched an ignore pattern: Sor-CPnd_053-Ex1-2C-lcwgs-1-2-L2-clmp.fp2_repr.R2.fq.gz
[2025-03-25 19:01:45,943] multiqc                                            [DEBUG  ]  Ignoring file as matched an ignore pattern: Sor-CPnd_052-Ex1-6D-lcwgs-1-2-L2-clmp.fp2_repr.R2.fq.gz
[2025-03-25 19:01:46,004] multiqc                                            [DEBUG  ]  File ignored by hicexplorer because it exceeded search pattern filesize limit: Sor-CPnd_026-Ex1-3H-lcwgs-1-2-L2-clmp.fp2_repr.R1_fastqc.html
[2025-03-25 19:01:46,020] multiqc                                            [DEBUG  ]  File ignored by longranger/invocation because it exceeded search pattern filesize limit: Sor-CPnd_026-Ex1-3H-lcwgs-1-2-L2-clmp.fp2_repr.R1_fastqc.html
[2025-03-25 19:01:46,162] multiqc                                            [DEBUG  ]  File ignored by hicexplorer because it exceeded search pattern filesize limit: Sor-CPnd_052-Ex1-6D-lcwgs-1-2-L3-clmp.fp2_repr.R2_fastqc.html
[2025-03-25 19:01:46,180] multiqc                                            [DEBUG  ]  File ignored by longranger/invocation because it exceeded search pattern filesize limit: Sor-CPnd_052-Ex1-6D-lcwgs-1-2-L3-clmp.fp2_repr.R2_fastqc.html
[2025-03-25 19:01:46,325] multiqc                                            [DEBUG  ]  File ignored by hicexplorer because it exceeded search pattern filesize limit: Sor-CPnd_072-Ex1-8C-lcwgs-1-2-L3-clmp.fp2_repr.R1_fastqc.html
[2025-03-25 19:01:46,340] multiqc                                            [DEBUG  ]  File ignored by longranger/invocation because it exceeded search pattern filesize limit: Sor-CPnd_072-Ex1-8C-lcwgs-1-2-L3-clmp.fp2_repr.R1_fastqc.html
[2025-03-25 19:01:46,445] multiqc                                            [DEBUG  ]  Ignoring file as matched an ignore pattern: Sor-ACeb_007-Ex1-2F-lcwgs-1-2-L3-clmp.fp2_repr.R2.fq.gz
[2025-03-25 19:01:46,500] multiqc                                            [DEBUG  ]  File ignored by hicexplorer because it exceeded search pattern filesize limit: Sor-ACeb_011-Ex1-6F-lcwgs-1-2-L2-clmp.fp2_repr.R1_fastqc.html
[2025-03-25 19:01:46,517] multiqc                                            [DEBUG  ]  File ignored by longranger/invocation because it exceeded search pattern filesize limit: Sor-ACeb_011-Ex1-6F-lcwgs-1-2-L2-clmp.fp2_repr.R1_fastqc.html
[2025-03-25 19:01:46,625] multiqc                                            [DEBUG  ]  Ignoring file as matched an ignore pattern: Sor-CPnd_027-Ex1-3C-lcwgs-1-2-L3-clmp.fp2_repr.R2.fq.gz
[2025-03-25 19:01:46,676] multiqc                                            [DEBUG  ]  File ignored by hicexplorer because it exceeded search pattern filesize limit: Sor-CPnd_043-Ex1-1D-lcwgs-1-2-L2-clmp.fp2_repr.R1_fastqc.html
[2025-03-25 19:01:46,692] multiqc                                            [DEBUG  ]  File ignored by longranger/invocation because it exceeded search pattern filesize limit: Sor-CPnd_043-Ex1-1D-lcwgs-1-2-L2-clmp.fp2_repr.R1_fastqc.html
[2025-03-25 19:01:46,831] multiqc                                            [DEBUG  ]  File ignored by hicexplorer because it exceeded search pattern filesize limit: Sor-CPnd_050-Ex1-3F-lcwgs-1-2-L2-clmp.fp2_repr.R2_fastqc.html
[2025-03-25 19:01:46,847] multiqc                                            [DEBUG  ]  File ignored by longranger/invocation because it exceeded search pattern filesize limit: Sor-CPnd_050-Ex1-3F-lcwgs-1-2-L2-clmp.fp2_repr.R2_fastqc.html
[2025-03-25 19:01:47,003] multiqc                                            [DEBUG  ]  File ignored by hicexplorer because it exceeded search pattern filesize limit: Sor-ACeb_006-Ex1-1F-lcwgs-1-2-L2-clmp.fp2_repr.R1_fastqc.html
[2025-03-25 19:01:47,021] multiqc                                            [DEBUG  ]  File ignored by longranger/invocation because it exceeded search pattern filesize limit: Sor-ACeb_006-Ex1-1F-lcwgs-1-2-L2-clmp.fp2_repr.R1_fastqc.html
[2025-03-25 19:01:47,102] multiqc                                            [DEBUG  ]  Ignoring file as matched an ignore pattern: Sor-ACeb_006-Ex1-1F-lcwgs-1-2-L3-clmp.fp2_repr.R1.fq.gz
[2025-03-25 19:01:47,102] multiqc                                            [DEBUG  ]  Ignoring file as matched an ignore pattern: Sor-CPnd_038-Ex1-2A-lcwgs-1-2-L2-clmp.fp2_repr.R1.fq.gz
[2025-03-25 19:01:47,162] multiqc                                            [DEBUG  ]  File ignored by hicexplorer because it exceeded search pattern filesize limit: Sor-ACeb_008-Ex1-3F-lcwgs-1-2-L2-clmp.fp2_repr.R2_fastqc.html
[2025-03-25 19:01:47,179] multiqc                                            [DEBUG  ]  File ignored by longranger/invocation because it exceeded search pattern filesize limit: Sor-ACeb_008-Ex1-3F-lcwgs-1-2-L2-clmp.fp2_repr.R2_fastqc.html
[2025-03-25 19:01:47,282] multiqc                                            [DEBUG  ]  Ignoring file as matched an ignore pattern: Sor-ACeb_021-Ex1-4G-lcwgs-1-2-L3-clmp.fp2_repr.R1.fq.gz
[2025-03-25 19:01:47,284] multiqc                                            [DEBUG  ]  Ignoring file as matched an ignore pattern: Sor-ACeb_009-Ex1-4F-lcwgs-1-2-L3-clmp.fp2_repr.R2.fq.gz
[2025-03-25 19:01:47,314] multiqc                                            [DEBUG  ]  File ignored by hicexplorer because it exceeded search pattern filesize limit: Sor-CPnd_031-Ex1-5D-lcwgs-1-2-L3-clmp.fp2_repr.R2_fastqc.html
[2025-03-25 19:01:47,329] multiqc                                            [DEBUG  ]  File ignored by longranger/invocation because it exceeded search pattern filesize limit: Sor-CPnd_031-Ex1-5D-lcwgs-1-2-L3-clmp.fp2_repr.R2_fastqc.html
[2025-03-25 19:01:47,452] multiqc                                            [DEBUG  ]  File ignored by hicexplorer because it exceeded search pattern filesize limit: Sor-ACeb_009-Ex1-4F-lcwgs-1-2-L3-clmp.fp2_repr.R1_fastqc.html
[2025-03-25 19:01:47,469] multiqc                                            [DEBUG  ]  File ignored by longranger/invocation because it exceeded search pattern filesize limit: Sor-ACeb_009-Ex1-4F-lcwgs-1-2-L3-clmp.fp2_repr.R1_fastqc.html
[2025-03-25 19:01:47,544] multiqc                                            [DEBUG  ]  Ignoring file as matched an ignore pattern: Sor-CPnd_010-Ex1-1H-lcwgs-1-2-L2-clmp.fp2_repr.R1.fq.gz
[2025-03-25 19:01:47,546] multiqc                                            [DEBUG  ]  Ignoring file as matched an ignore pattern: Sor-CPnd_046-Ex1-5A-lcwgs-1-2-L2-clmp.fp2_repr.R2.fq.gz
[2025-03-25 19:01:47,604] multiqc                                            [DEBUG  ]  File ignored by hicexplorer because it exceeded search pattern filesize limit: Sor-CPnd_003-Ex1-2B-lcwgs-1-2-L3-clmp.fp2_repr.R1_fastqc.html
[2025-03-25 19:01:47,620] multiqc                                            [DEBUG  ]  File ignored by longranger/invocation because it exceeded search pattern filesize limit: Sor-CPnd_003-Ex1-2B-lcwgs-1-2-L3-clmp.fp2_repr.R1_fastqc.html
[2025-03-25 19:01:47,731] multiqc                                            [DEBUG  ]  Ignoring file as matched an ignore pattern: Sor-ACeb_001-Ex1-8E-lcwgs-1-2-L3-clmp.fp2_repr.R1.fq.gz
[2025-03-25 19:01:47,790] multiqc                                            [DEBUG  ]  File ignored by hicexplorer because it exceeded search pattern filesize limit: Sor-CPnd_010-Ex1-1H-lcwgs-1-2-L3-clmp.fp2_repr.R2_fastqc.html
[2025-03-25 19:01:47,806] multiqc                                            [DEBUG  ]  File ignored by longranger/invocation because it exceeded search pattern filesize limit: Sor-CPnd_010-Ex1-1H-lcwgs-1-2-L3-clmp.fp2_repr.R2_fastqc.html
[2025-03-25 19:01:47,909] multiqc                                            [DEBUG  ]  Ignoring file as matched an ignore pattern: Sor-CPnd_050-Ex1-3F-lcwgs-1-2-L2-clmp.fp2_repr.R1.fq.gz
[2025-03-25 19:01:47,910] multiqc                                            [DEBUG  ]  Ignoring file as matched an ignore pattern: Sor-CPnd_013-Ex1-7F-lcwgs-1-2-L2-clmp.fp2_repr.R1.fq.gz
[2025-03-25 19:01:47,911] multiqc                                            [DEBUG  ]  Ignoring file as matched an ignore pattern: Sor-CPnd_005-Ex1-3D-lcwgs-1-2-L3-clmp.fp2_repr.R2.fq.gz
[2025-03-25 19:01:47,913] multiqc                                            [DEBUG  ]  Ignoring file as matched an ignore pattern: Sor-CPnd_028-Ex1-3A-lcwgs-1-2-L2-clmp.fp2_repr.R2.fq.gz
[2025-03-25 19:01:47,966] multiqc                                            [DEBUG  ]  File ignored by hicexplorer because it exceeded search pattern filesize limit: Sor-CPnd_069-Ex1-6B-lcwgs-1-2-L2-clmp.fp2_repr.R2_fastqc.html
[2025-03-25 19:01:47,983] multiqc                                            [DEBUG  ]  File ignored by longranger/invocation because it exceeded search pattern filesize limit: Sor-CPnd_069-Ex1-6B-lcwgs-1-2-L2-clmp.fp2_repr.R2_fastqc.html
[2025-03-25 19:01:48,151] multiqc                                            [DEBUG  ]  File ignored by hicexplorer because it exceeded search pattern filesize limit: Sor-ACeb_003-Ex1-10E-lcwgs-1-2-L2-clmp.fp2_repr.R2_fastqc.html
[2025-03-25 19:01:48,167] multiqc                                            [DEBUG  ]  File ignored by longranger/invocation because it exceeded search pattern filesize limit: Sor-ACeb_003-Ex1-10E-lcwgs-1-2-L2-clmp.fp2_repr.R2_fastqc.html
[2025-03-25 19:01:48,278] multiqc                                            [DEBUG  ]  Ignoring file as matched an ignore pattern: Sor-CPnd_009-Ex1-6A-lcwgs-1-2-L2-clmp.fp2_repr.R2.fq.gz
[2025-03-25 19:01:48,280] multiqc                                            [DEBUG  ]  Ignoring file as matched an ignore pattern: Sor-ACeb_015-Ex1-10F-lcwgs-1-2-L3-clmp.fp2_repr.R2.fq.gz
[2025-03-25 19:01:48,314] multiqc                                            [DEBUG  ]  File ignored by hicexplorer because it exceeded search pattern filesize limit: Sor-CPnd_030-Ex1-2H-lcwgs-1-2-L3-clmp.fp2_repr.R2_fastqc.html
[2025-03-25 19:01:48,330] multiqc                                            [DEBUG  ]  File ignored by longranger/invocation because it exceeded search pattern filesize limit: Sor-CPnd_030-Ex1-2H-lcwgs-1-2-L3-clmp.fp2_repr.R2_fastqc.html
[2025-03-25 19:01:48,469] multiqc                                            [DEBUG  ]  File ignored by hicexplorer because it exceeded search pattern filesize limit: Sor-ACeb_022-Ex1-5G-lcwgs-1-2-L3-clmp.fp2_repr.R1_fastqc.html
[2025-03-25 19:01:48,484] multiqc                                            [DEBUG  ]  File ignored by longranger/invocation because it exceeded search pattern filesize limit: Sor-ACeb_022-Ex1-5G-lcwgs-1-2-L3-clmp.fp2_repr.R1_fastqc.html
[2025-03-25 19:01:48,607] multiqc                                            [DEBUG  ]  File ignored by hicexplorer because it exceeded search pattern filesize limit: Sor-ACeb_001-Ex1-8E-lcwgs-1-2-L2-clmp.fp2_repr.R1_fastqc.html
[2025-03-25 19:01:48,623] multiqc                                            [DEBUG  ]  File ignored by longranger/invocation because it exceeded search pattern filesize limit: Sor-ACeb_001-Ex1-8E-lcwgs-1-2-L2-clmp.fp2_repr.R1_fastqc.html
[2025-03-25 19:01:48,724] multiqc                                            [DEBUG  ]  Ignoring file as matched an ignore pattern: Sor-CPnd_031-Ex1-5D-lcwgs-1-2-L3-clmp.fp2_repr.R1.fq.gz
[2025-03-25 19:01:48,724] multiqc                                            [DEBUG  ]  Ignoring file as matched an ignore pattern: Sor-CPnd_015-Ex1-5F-lcwgs-1-2-L3-clmp.fp2_repr.R1.fq.gz
[2025-03-25 19:01:48,786] multiqc                                            [DEBUG  ]  File ignored by hicexplorer because it exceeded search pattern filesize limit: Sor-ACeb_013-Ex1-8F-lcwgs-1-2-L3-clmp.fp2_repr.R1_fastqc.html
[2025-03-25 19:01:48,802] multiqc                                            [DEBUG  ]  File ignored by longranger/invocation because it exceeded search pattern filesize limit: Sor-ACeb_013-Ex1-8F-lcwgs-1-2-L3-clmp.fp2_repr.R1_fastqc.html
[2025-03-25 19:01:48,936] multiqc                                            [DEBUG  ]  File ignored by hicexplorer because it exceeded search pattern filesize limit: Sor-CPnd_044-Ex1-8G-lcwgs-1-2-L2-clmp.fp2_repr.R1_fastqc.html
[2025-03-25 19:01:48,950] multiqc                                            [DEBUG  ]  File ignored by longranger/invocation because it exceeded search pattern filesize limit: Sor-CPnd_044-Ex1-8G-lcwgs-1-2-L2-clmp.fp2_repr.R1_fastqc.html
[2025-03-25 19:01:49,025] multiqc                                            [DEBUG  ]  Ignoring file as matched an ignore pattern: Sor-CPnd_028-Ex1-3A-lcwgs-1-2-L3-clmp.fp2_repr.R2.fq.gz
[2025-03-25 19:01:49,026] multiqc                                            [DEBUG  ]  Ignoring file as matched an ignore pattern: Sor-CPnd_005-Ex1-3D-lcwgs-1-2-L2-clmp.fp2_repr.R2.fq.gz
[2025-03-25 19:01:49,027] multiqc                                            [DEBUG  ]  Ignoring file as matched an ignore pattern: Sor-CPnd_013-Ex1-7F-lcwgs-1-2-L3-clmp.fp2_repr.R1.fq.gz
[2025-03-25 19:01:49,028] multiqc                                            [DEBUG  ]  Ignoring file as matched an ignore pattern: Sor-CPnd_050-Ex1-3F-lcwgs-1-2-L3-clmp.fp2_repr.R1.fq.gz
[2025-03-25 19:01:49,078] multiqc                                            [DEBUG  ]  File ignored by hicexplorer because it exceeded search pattern filesize limit: Sor-CPnd_052-Ex1-6D-lcwgs-1-2-L2-clmp.fp2_repr.R2_fastqc.html
[2025-03-25 19:01:49,091] multiqc                                            [DEBUG  ]  File ignored by longranger/invocation because it exceeded search pattern filesize limit: Sor-CPnd_052-Ex1-6D-lcwgs-1-2-L2-clmp.fp2_repr.R2_fastqc.html
[2025-03-25 19:01:49,210] multiqc                                            [DEBUG  ]  File ignored by hicexplorer because it exceeded search pattern filesize limit: Sor-CPnd_026-Ex1-3H-lcwgs-1-2-L3-clmp.fp2_repr.R1_fastqc.html
[2025-03-25 19:01:49,223] multiqc                                            [DEBUG  ]  File ignored by longranger/invocation because it exceeded search pattern filesize limit: Sor-CPnd_026-Ex1-3H-lcwgs-1-2-L3-clmp.fp2_repr.R1_fastqc.html
[2025-03-25 19:01:49,290] multiqc                                            [DEBUG  ]  Ignoring file as matched an ignore pattern: Sor-CPnd_031-Ex1-5D-lcwgs-1-2-L2-clmp.fp2_repr.R1.fq.gz
[2025-03-25 19:01:49,290] multiqc                                            [DEBUG  ]  Ignoring file as matched an ignore pattern: Sor-CPnd_015-Ex1-5F-lcwgs-1-2-L2-clmp.fp2_repr.R1.fq.gz
[2025-03-25 19:01:49,294] multiqc                                            [DEBUG  ]  Ignoring file as matched an ignore pattern: Sor-ACeb_015-Ex1-10F-lcwgs-1-2-L2-clmp.fp2_repr.R2.fq.gz
[2025-03-25 19:01:49,296] multiqc                                            [DEBUG  ]  Ignoring file as matched an ignore pattern: Sor-CPnd_009-Ex1-6A-lcwgs-1-2-L3-clmp.fp2_repr.R2.fq.gz
[2025-03-25 19:01:49,346] multiqc                                            [DEBUG  ]  File ignored by hicexplorer because it exceeded search pattern filesize limit: Sor-CPnd_012-Ex1-5B-lcwgs-1-2-L3-clmp.fp2_repr.R2_fastqc.html
[2025-03-25 19:01:49,360] multiqc                                            [DEBUG  ]  File ignored by longranger/invocation because it exceeded search pattern filesize limit: Sor-CPnd_012-Ex1-5B-lcwgs-1-2-L3-clmp.fp2_repr.R2_fastqc.html
[2025-03-25 19:01:49,432] multiqc                                            [DEBUG  ]  Ignoring file as matched an ignore pattern: Sor-ACeb_006-Ex1-1F-lcwgs-1-2-L2-clmp.fp2_repr.R1.fq.gz
[2025-03-25 19:01:49,475] multiqc                                            [DEBUG  ]  File ignored by hicexplorer because it exceeded search pattern filesize limit: Sor-CPnd_037-Ex1-6C-lcwgs-1-2-L3-clmp.fp2_repr.R1_fastqc.html
[2025-03-25 19:01:49,487] multiqc                                            [DEBUG  ]  File ignored by longranger/invocation because it exceeded search pattern filesize limit: Sor-CPnd_037-Ex1-6C-lcwgs-1-2-L3-clmp.fp2_repr.R1_fastqc.html
[2025-03-25 19:01:49,553] multiqc                                            [DEBUG  ]  Ignoring file as matched an ignore pattern: Sor-CPnd_027-Ex1-3C-lcwgs-1-2-L2-clmp.fp2_repr.R2.fq.gz
[2025-03-25 19:01:49,602] multiqc                                            [DEBUG  ]  File ignored by hicexplorer because it exceeded search pattern filesize limit: Sor-CPnd_033-Ex1-2F-lcwgs-1-2-L2-clmp.fp2_repr.R2_fastqc.html
[2025-03-25 19:01:49,616] multiqc                                            [DEBUG  ]  File ignored by longranger/invocation because it exceeded search pattern filesize limit: Sor-CPnd_033-Ex1-2F-lcwgs-1-2-L2-clmp.fp2_repr.R2_fastqc.html
[2025-03-25 19:01:49,749] multiqc                                            [DEBUG  ]  File ignored by hicexplorer because it exceeded search pattern filesize limit: Sor-CPnd_002-Ex1-5E-lcwgs-1-2-L2-clmp.fp2_repr.R2_fastqc.html
[2025-03-25 19:01:49,765] multiqc                                            [DEBUG  ]  File ignored by longranger/invocation because it exceeded search pattern filesize limit: Sor-CPnd_002-Ex1-5E-lcwgs-1-2-L2-clmp.fp2_repr.R2_fastqc.html
[2025-03-25 19:01:49,928] multiqc                                            [DEBUG  ]  File ignored by hicexplorer because it exceeded search pattern filesize limit: Sor-ACeb_019-Ex1-3G-lcwgs-1-2-L3-clmp.fp2_repr.R1_fastqc.html
[2025-03-25 19:01:49,943] multiqc                                            [DEBUG  ]  File ignored by longranger/invocation because it exceeded search pattern filesize limit: Sor-ACeb_019-Ex1-3G-lcwgs-1-2-L3-clmp.fp2_repr.R1_fastqc.html
[2025-03-25 19:01:50,041] multiqc                                            [DEBUG  ]  Ignoring file as matched an ignore pattern: Sor-ACeb_007-Ex1-2F-lcwgs-1-2-L2-clmp.fp2_repr.R2.fq.gz
[2025-03-25 19:01:50,071] multiqc                                            [DEBUG  ]  File ignored by hicexplorer because it exceeded search pattern filesize limit: Sor-CPnd_019-Ex1-6G-lcwgs-1-2-L2-clmp.fp2_repr.R1_fastqc.html
[2025-03-25 19:01:50,085] multiqc                                            [DEBUG  ]  File ignored by longranger/invocation because it exceeded search pattern filesize limit: Sor-CPnd_019-Ex1-6G-lcwgs-1-2-L2-clmp.fp2_repr.R1_fastqc.html
[2025-03-25 19:01:50,155] multiqc                                            [DEBUG  ]  Ignoring file as matched an ignore pattern: Sor-ACeb_001-Ex1-8E-lcwgs-1-2-L2-clmp.fp2_repr.R1.fq.gz
[2025-03-25 19:01:50,182] multiqc                                            [DEBUG  ]  File ignored by hicexplorer because it exceeded search pattern filesize limit: Sor-CPnd_053-Ex1-2C-lcwgs-1-2-L3-clmp.fp2_repr.R1_fastqc.html
[2025-03-25 19:01:50,196] multiqc                                            [DEBUG  ]  File ignored by longranger/invocation because it exceeded search pattern filesize limit: Sor-CPnd_053-Ex1-2C-lcwgs-1-2-L3-clmp.fp2_repr.R1_fastqc.html
[2025-03-25 19:01:50,308] multiqc                                            [DEBUG  ]  File ignored by hicexplorer because it exceeded search pattern filesize limit: Sor-CPnd_004-Ex1-1G-lcwgs-1-2-L3-clmp.fp2_repr.R2_fastqc.html
[2025-03-25 19:01:50,322] multiqc                                            [DEBUG  ]  File ignored by longranger/invocation because it exceeded search pattern filesize limit: Sor-CPnd_004-Ex1-1G-lcwgs-1-2-L3-clmp.fp2_repr.R2_fastqc.html
[2025-03-25 19:01:50,393] multiqc                                            [DEBUG  ]  Ignoring file as matched an ignore pattern: Sor-CPnd_046-Ex1-5A-lcwgs-1-2-L3-clmp.fp2_repr.R2.fq.gz
[2025-03-25 19:01:50,442] multiqc                                            [DEBUG  ]  File ignored by hicexplorer because it exceeded search pattern filesize limit: Sor-CPnd_041-Ex1-7A-lcwgs-1-2-L2-clmp.fp2_repr.R1_fastqc.html
[2025-03-25 19:01:50,456] multiqc                                            [DEBUG  ]  File ignored by longranger/invocation because it exceeded search pattern filesize limit: Sor-CPnd_041-Ex1-7A-lcwgs-1-2-L2-clmp.fp2_repr.R1_fastqc.html
[2025-03-25 19:01:50,532] multiqc                                            [DEBUG  ]  Ignoring file as matched an ignore pattern: Sor-CPnd_010-Ex1-1H-lcwgs-1-2-L3-clmp.fp2_repr.R1.fq.gz
[2025-03-25 19:01:50,588] multiqc                                            [DEBUG  ]  File ignored by hicexplorer because it exceeded search pattern filesize limit: Sor-CPnd_045-Ex1-7B-lcwgs-1-2-L2-clmp.fp2_repr.R2_fastqc.html
[2025-03-25 19:01:50,601] multiqc                                            [DEBUG  ]  File ignored by longranger/invocation because it exceeded search pattern filesize limit: Sor-CPnd_045-Ex1-7B-lcwgs-1-2-L2-clmp.fp2_repr.R2_fastqc.html
[2025-03-25 19:01:50,673] multiqc                                            [DEBUG  ]  Ignoring file as matched an ignore pattern: Sor-ACeb_009-Ex1-4F-lcwgs-1-2-L2-clmp.fp2_repr.R2.fq.gz
[2025-03-25 19:01:50,674] multiqc                                            [DEBUG  ]  Ignoring file as matched an ignore pattern: Sor-ACeb_021-Ex1-4G-lcwgs-1-2-L2-clmp.fp2_repr.R1.fq.gz
[2025-03-25 19:01:50,724] multiqc                                            [DEBUG  ]  File ignored by hicexplorer because it exceeded search pattern filesize limit: Sor-CPnd_001-Ex1-3E-lcwgs-1-2-L2-clmp.fp2_repr.R2_fastqc.html
[2025-03-25 19:01:50,737] multiqc                                            [DEBUG  ]  File ignored by longranger/invocation because it exceeded search pattern filesize limit: Sor-CPnd_001-Ex1-3E-lcwgs-1-2-L2-clmp.fp2_repr.R2_fastqc.html
[2025-03-25 19:01:50,868] multiqc                                            [DEBUG  ]  File ignored by hicexplorer because it exceeded search pattern filesize limit: Sor-CPnd_006-Ex1-2D-lcwgs-1-2-L3-clmp.fp2_repr.R2_fastqc.html
[2025-03-25 19:01:50,883] multiqc                                            [DEBUG  ]  File ignored by longranger/invocation because it exceeded search pattern filesize limit: Sor-CPnd_006-Ex1-2D-lcwgs-1-2-L3-clmp.fp2_repr.R2_fastqc.html
[2025-03-25 19:01:50,984] multiqc                                            [DEBUG  ]  Ignoring file as matched an ignore pattern: Sor-CPnd_038-Ex1-2A-lcwgs-1-2-L3-clmp.fp2_repr.R1.fq.gz
[2025-03-25 19:01:51,044] multiqc                                            [DEBUG  ]  File ignored by hicexplorer because it exceeded search pattern filesize limit: Sor-ACeb_022-Ex1-5G-lcwgs-1-2-L2-clmp.fp2_repr.R1_fastqc.html
[2025-03-25 19:01:51,060] multiqc                                            [DEBUG  ]  File ignored by longranger/invocation because it exceeded search pattern filesize limit: Sor-ACeb_022-Ex1-5G-lcwgs-1-2-L2-clmp.fp2_repr.R1_fastqc.html
[2025-03-25 19:01:51,223] multiqc                                            [DEBUG  ]  File ignored by hicexplorer because it exceeded search pattern filesize limit: Sor-CPnd_030-Ex1-2H-lcwgs-1-2-L2-clmp.fp2_repr.R2_fastqc.html
[2025-03-25 19:01:51,240] multiqc                                            [DEBUG  ]  File ignored by longranger/invocation because it exceeded search pattern filesize limit: Sor-CPnd_030-Ex1-2H-lcwgs-1-2-L2-clmp.fp2_repr.R2_fastqc.html
[2025-03-25 19:01:51,351] multiqc                                            [DEBUG  ]  Ignoring file as matched an ignore pattern: Sor-ACeb_022-Ex1-5G-lcwgs-1-2-L2-clmp.fp2_repr.R1.fq.gz
[2025-03-25 19:01:51,354] multiqc                                            [DEBUG  ]  Ignoring file as matched an ignore pattern: Undetermined-L2-clmp.fp2_repr.R2.fq.gz
[2025-03-25 19:01:51,389] multiqc                                            [DEBUG  ]  File ignored by hicexplorer because it exceeded search pattern filesize limit: Sor-CPnd_044-Ex1-8G-lcwgs-1-2-L3-clmp.fp2_repr.R1_fastqc.html
[2025-03-25 19:01:51,404] multiqc                                            [DEBUG  ]  File ignored by longranger/invocation because it exceeded search pattern filesize limit: Sor-CPnd_044-Ex1-8G-lcwgs-1-2-L3-clmp.fp2_repr.R1_fastqc.html
[2025-03-25 19:01:51,554] multiqc                                            [DEBUG  ]  File ignored by hicexplorer because it exceeded search pattern filesize limit: Sor-ACeb_013-Ex1-8F-lcwgs-1-2-L2-clmp.fp2_repr.R1_fastqc.html
[2025-03-25 19:01:51,571] multiqc                                            [DEBUG  ]  File ignored by longranger/invocation because it exceeded search pattern filesize limit: Sor-ACeb_013-Ex1-8F-lcwgs-1-2-L2-clmp.fp2_repr.R1_fastqc.html
[2025-03-25 19:01:51,687] multiqc                                            [DEBUG  ]  Ignoring file as matched an ignore pattern: Sor-ACeb_002-Ex1-9E-lcwgs-1-2-L2-clmp.fp2_repr.R1.fq.gz
[2025-03-25 19:01:51,748] multiqc                                            [DEBUG  ]  File ignored by hicexplorer because it exceeded search pattern filesize limit: Sor-ACeb_001-Ex1-8E-lcwgs-1-2-L3-clmp.fp2_repr.R1_fastqc.html
[2025-03-25 19:01:51,766] multiqc                                            [DEBUG  ]  File ignored by longranger/invocation because it exceeded search pattern filesize limit: Sor-ACeb_001-Ex1-8E-lcwgs-1-2-L3-clmp.fp2_repr.R1_fastqc.html
[2025-03-25 19:01:51,927] multiqc                                            [DEBUG  ]  File ignored by hicexplorer because it exceeded search pattern filesize limit: Sor-ACeb_003-Ex1-10E-lcwgs-1-2-L3-clmp.fp2_repr.R2_fastqc.html
[2025-03-25 19:01:51,943] multiqc                                            [DEBUG  ]  File ignored by longranger/invocation because it exceeded search pattern filesize limit: Sor-ACeb_003-Ex1-10E-lcwgs-1-2-L3-clmp.fp2_repr.R2_fastqc.html
[2025-03-25 19:01:52,074] multiqc                                            [DEBUG  ]  File ignored by hicexplorer because it exceeded search pattern filesize limit: Sor-CPnd_069-Ex1-6B-lcwgs-1-2-L3-clmp.fp2_repr.R2_fastqc.html
[2025-03-25 19:01:52,088] multiqc                                            [DEBUG  ]  File ignored by longranger/invocation because it exceeded search pattern filesize limit: Sor-CPnd_069-Ex1-6B-lcwgs-1-2-L3-clmp.fp2_repr.R2_fastqc.html
[2025-03-25 19:01:52,158] multiqc                                            [DEBUG  ]  Ignoring file as matched an ignore pattern: Sor-CPnd_052-Ex1-6D-lcwgs-1-2-L3-clmp.fp2_repr.R2.fq.gz
[2025-03-25 19:01:52,159] multiqc                                            [DEBUG  ]  Ignoring file as matched an ignore pattern: Sor-CPnd_053-Ex1-2C-lcwgs-1-2-L3-clmp.fp2_repr.R2.fq.gz
[2025-03-25 19:01:52,159] multiqc                                            [DEBUG  ]  Ignoring file as matched an ignore pattern: Sor-CPnd_033-Ex1-2F-lcwgs-1-2-L3-clmp.fp2_repr.R1.fq.gz
[2025-03-25 19:01:52,213] multiqc                                            [DEBUG  ]  File ignored by hicexplorer because it exceeded search pattern filesize limit: Sor-ACeb_009-Ex1-4F-lcwgs-1-2-L2-clmp.fp2_repr.R1_fastqc.html
[2025-03-25 19:01:52,227] multiqc                                            [DEBUG  ]  File ignored by longranger/invocation because it exceeded search pattern filesize limit: Sor-ACeb_009-Ex1-4F-lcwgs-1-2-L2-clmp.fp2_repr.R1_fastqc.html
[2025-03-25 19:01:52,320] multiqc                                            [DEBUG  ]  Ignoring file as matched an ignore pattern: Sor-CPnd_066-Ex1-8B-lcwgs-1-2-L2-clmp.fp2_repr.R1.fq.gz
[2025-03-25 19:01:52,320] multiqc                                            [DEBUG  ]  Ignoring file as matched an ignore pattern: Sor-CPnd_001-Ex1-3E-lcwgs-1-2-L3-clmp.fp2_repr.R2.fq.gz
[2025-03-25 19:01:52,356] multiqc                                            [DEBUG  ]  File ignored by hicexplorer because it exceeded search pattern filesize limit: Sor-CPnd_031-Ex1-5D-lcwgs-1-2-L2-clmp.fp2_repr.R2_fastqc.html
[2025-03-25 19:01:52,372] multiqc                                            [DEBUG  ]  File ignored by longranger/invocation because it exceeded search pattern filesize limit: Sor-CPnd_031-Ex1-5D-lcwgs-1-2-L2-clmp.fp2_repr.R2_fastqc.html
[2025-03-25 19:01:52,460] multiqc                                            [DEBUG  ]  Ignoring file as matched an ignore pattern: Sor-CPnd_041-Ex1-7A-lcwgs-1-2-L2-clmp.fp2_repr.R2.fq.gz
[2025-03-25 19:01:52,461] multiqc                                            [DEBUG  ]  Ignoring file as matched an ignore pattern: Sor-CPnd_072-Ex1-8C-lcwgs-1-2-L2-clmp.fp2_repr.R2.fq.gz
[2025-03-25 19:01:52,513] multiqc                                            [DEBUG  ]  File ignored by hicexplorer because it exceeded search pattern filesize limit: Sor-ACeb_008-Ex1-3F-lcwgs-1-2-L3-clmp.fp2_repr.R2_fastqc.html
[2025-03-25 19:01:52,527] multiqc                                            [DEBUG  ]  File ignored by longranger/invocation because it exceeded search pattern filesize limit: Sor-ACeb_008-Ex1-3F-lcwgs-1-2-L3-clmp.fp2_repr.R2_fastqc.html
[2025-03-25 19:01:52,659] multiqc                                            [DEBUG  ]  File ignored by hicexplorer because it exceeded search pattern filesize limit: Sor-CPnd_010-Ex1-1H-lcwgs-1-2-L2-clmp.fp2_repr.R2_fastqc.html
[2025-03-25 19:01:52,675] multiqc                                            [DEBUG  ]  File ignored by longranger/invocation because it exceeded search pattern filesize limit: Sor-CPnd_010-Ex1-1H-lcwgs-1-2-L2-clmp.fp2_repr.R2_fastqc.html
[2025-03-25 19:01:52,836] multiqc                                            [DEBUG  ]  File ignored by hicexplorer because it exceeded search pattern filesize limit: Sor-CPnd_003-Ex1-2B-lcwgs-1-2-L2-clmp.fp2_repr.R1_fastqc.html
[2025-03-25 19:01:52,854] multiqc                                            [DEBUG  ]  File ignored by longranger/invocation because it exceeded search pattern filesize limit: Sor-CPnd_003-Ex1-2B-lcwgs-1-2-L2-clmp.fp2_repr.R1_fastqc.html
[2025-03-25 19:01:53,031] multiqc                                            [DEBUG  ]  File ignored by hicexplorer because it exceeded search pattern filesize limit: Sor-ACeb_011-Ex1-6F-lcwgs-1-2-L3-clmp.fp2_repr.R1_fastqc.html
[2025-03-25 19:01:53,048] multiqc                                            [DEBUG  ]  File ignored by longranger/invocation because it exceeded search pattern filesize limit: Sor-ACeb_011-Ex1-6F-lcwgs-1-2-L3-clmp.fp2_repr.R1_fastqc.html
[2025-03-25 19:01:53,154] multiqc                                            [DEBUG  ]  Ignoring file as matched an ignore pattern: Sor-CPnd_012-Ex1-5B-lcwgs-1-2-L2-clmp.fp2_repr.R2.fq.gz
[2025-03-25 19:01:53,191] multiqc                                            [DEBUG  ]  File ignored by hicexplorer because it exceeded search pattern filesize limit: Sor-CPnd_072-Ex1-8C-lcwgs-1-2-L2-clmp.fp2_repr.R1_fastqc.html
[2025-03-25 19:01:53,208] multiqc                                            [DEBUG  ]  File ignored by longranger/invocation because it exceeded search pattern filesize limit: Sor-CPnd_072-Ex1-8C-lcwgs-1-2-L2-clmp.fp2_repr.R1_fastqc.html
[2025-03-25 19:01:53,315] multiqc                                            [DEBUG  ]  Ignoring file as matched an ignore pattern: Sor-CPnd_006-Ex1-2D-lcwgs-1-2-L2-clmp.fp2_repr.R2.fq.gz
[2025-03-25 19:01:53,375] multiqc                                            [DEBUG  ]  File ignored by hicexplorer because it exceeded search pattern filesize limit: Sor-ACeb_006-Ex1-1F-lcwgs-1-2-L3-clmp.fp2_repr.R1_fastqc.html
[2025-03-25 19:01:53,393] multiqc                                            [DEBUG  ]  File ignored by longranger/invocation because it exceeded search pattern filesize limit: Sor-ACeb_006-Ex1-1F-lcwgs-1-2-L3-clmp.fp2_repr.R1_fastqc.html
[2025-03-25 19:01:53,566] multiqc                                            [DEBUG  ]  File ignored by hicexplorer because it exceeded search pattern filesize limit: Sor-CPnd_050-Ex1-3F-lcwgs-1-2-L3-clmp.fp2_repr.R2_fastqc.html
[2025-03-25 19:01:53,583] multiqc                                            [DEBUG  ]  File ignored by longranger/invocation because it exceeded search pattern filesize limit: Sor-CPnd_050-Ex1-3F-lcwgs-1-2-L3-clmp.fp2_repr.R2_fastqc.html
[2025-03-25 19:01:53,743] multiqc                                            [DEBUG  ]  File ignored by hicexplorer because it exceeded search pattern filesize limit: Sor-CPnd_043-Ex1-1D-lcwgs-1-2-L3-clmp.fp2_repr.R1_fastqc.html
[2025-03-25 19:01:53,761] multiqc                                            [DEBUG  ]  File ignored by longranger/invocation because it exceeded search pattern filesize limit: Sor-CPnd_043-Ex1-1D-lcwgs-1-2-L3-clmp.fp2_repr.R1_fastqc.html
[2025-03-25 19:01:53,878] multiqc                                            [DEBUG  ]  Ignoring file as matched an ignore pattern: Sor-CPnd_009-Ex1-6A-lcwgs-1-2-L3-clmp.fp2_repr.R1.fq.gz
[2025-03-25 19:01:53,943] multiqc                                            [DEBUG  ]  File ignored by hicexplorer because it exceeded search pattern filesize limit: Sor-CPnd_058-Ex1-2G-lcwgs-1-2-L2-clmp.fp2_repr.R2_fastqc.html
[2025-03-25 19:01:53,960] multiqc                                            [DEBUG  ]  File ignored by longranger/invocation because it exceeded search pattern filesize limit: Sor-CPnd_058-Ex1-2G-lcwgs-1-2-L2-clmp.fp2_repr.R2_fastqc.html
[2025-03-25 19:01:54,127] multiqc                                            [DEBUG  ]  File ignored by hicexplorer because it exceeded search pattern filesize limit: Sor-ACeb_002-Ex1-9E-lcwgs-1-2-L3-clmp.fp2_repr.R1_fastqc.html
[2025-03-25 19:01:54,144] multiqc                                            [DEBUG  ]  File ignored by longranger/invocation because it exceeded search pattern filesize limit: Sor-ACeb_002-Ex1-9E-lcwgs-1-2-L3-clmp.fp2_repr.R1_fastqc.html
[2025-03-25 19:01:54,316] multiqc                                            [DEBUG  ]  File ignored by hicexplorer because it exceeded search pattern filesize limit: Sor-CPnd_036-Ex1-5C-lcwgs-1-2-L3-clmp.fp2_repr.R2_fastqc.html
[2025-03-25 19:01:54,333] multiqc                                            [DEBUG  ]  File ignored by longranger/invocation because it exceeded search pattern filesize limit: Sor-CPnd_036-Ex1-5C-lcwgs-1-2-L3-clmp.fp2_repr.R2_fastqc.html
[2025-03-25 19:01:54,446] multiqc                                            [DEBUG  ]  Ignoring file as matched an ignore pattern: Sor-ACeb_015-Ex1-10F-lcwgs-1-2-L2-clmp.fp2_repr.R1.fq.gz
[2025-03-25 19:01:54,446] multiqc                                            [DEBUG  ]  Ignoring file as matched an ignore pattern: Sor-CPnd_031-Ex1-5D-lcwgs-1-2-L2-clmp.fp2_repr.R2.fq.gz
[2025-03-25 19:01:54,447] multiqc                                            [DEBUG  ]  Ignoring file as matched an ignore pattern: Sor-CPnd_015-Ex1-5F-lcwgs-1-2-L2-clmp.fp2_repr.R2.fq.gz
[2025-03-25 19:01:54,502] multiqc                                            [DEBUG  ]  File ignored by hicexplorer because it exceeded search pattern filesize limit: Sor-CPnd_028-Ex1-3A-lcwgs-1-2-L3-clmp.fp2_repr.R2_fastqc.html
[2025-03-25 19:01:54,520] multiqc                                            [DEBUG  ]  File ignored by longranger/invocation because it exceeded search pattern filesize limit: Sor-CPnd_028-Ex1-3A-lcwgs-1-2-L3-clmp.fp2_repr.R2_fastqc.html
[2025-03-25 19:01:54,691] multiqc                                            [DEBUG  ]  File ignored by hicexplorer because it exceeded search pattern filesize limit: Sor-ACeb_021-Ex1-4G-lcwgs-1-2-L2-clmp.fp2_repr.R1_fastqc.html
[2025-03-25 19:01:54,708] multiqc                                            [DEBUG  ]  File ignored by longranger/invocation because it exceeded search pattern filesize limit: Sor-ACeb_021-Ex1-4G-lcwgs-1-2-L2-clmp.fp2_repr.R1_fastqc.html
[2025-03-25 19:01:54,860] multiqc                                            [DEBUG  ]  File ignored by hicexplorer because it exceeded search pattern filesize limit: Sor-CPnd_016-Ex1-1B-lcwgs-1-2-L2-clmp.fp2_repr.R2_fastqc.html
[2025-03-25 19:01:54,875] multiqc                                            [DEBUG  ]  File ignored by longranger/invocation because it exceeded search pattern filesize limit: Sor-CPnd_016-Ex1-1B-lcwgs-1-2-L2-clmp.fp2_repr.R2_fastqc.html
[2025-03-25 19:01:54,979] multiqc                                            [DEBUG  ]  File ignored by hicexplorer because it exceeded search pattern filesize limit: Sor-ACeb_016-Ex1-11F-lcwgs-1-2-L3-clmp.fp2_repr.R1_fastqc.html
[2025-03-25 19:01:54,993] multiqc                                            [DEBUG  ]  File ignored by longranger/invocation because it exceeded search pattern filesize limit: Sor-ACeb_016-Ex1-11F-lcwgs-1-2-L3-clmp.fp2_repr.R1_fastqc.html
[2025-03-25 19:01:55,064] multiqc                                            [DEBUG  ]  Ignoring file as matched an ignore pattern: Sor-CPnd_005-Ex1-3D-lcwgs-1-2-L2-clmp.fp2_repr.R1.fq.gz
[2025-03-25 19:01:55,065] multiqc                                            [DEBUG  ]  Ignoring file as matched an ignore pattern: Sor-CPnd_013-Ex1-7F-lcwgs-1-2-L3-clmp.fp2_repr.R2.fq.gz
[2025-03-25 19:01:55,121] multiqc                                            [DEBUG  ]  File ignored by hicexplorer because it exceeded search pattern filesize limit: Sor-CPnd_013-Ex1-7F-lcwgs-1-2-L2-clmp.fp2_repr.R2_fastqc.html
[2025-03-25 19:01:55,138] multiqc                                            [DEBUG  ]  File ignored by longranger/invocation because it exceeded search pattern filesize limit: Sor-CPnd_013-Ex1-7F-lcwgs-1-2-L2-clmp.fp2_repr.R2_fastqc.html
[2025-03-25 19:01:55,211] multiqc                                            [DEBUG  ]  Ignoring file as matched an ignore pattern: Sor-CPnd_050-Ex1-3F-lcwgs-1-2-L3-clmp.fp2_repr.R2.fq.gz
[2025-03-25 19:01:55,212] multiqc                                            [DEBUG  ]  Ignoring file as matched an ignore pattern: Sor-CPnd_028-Ex1-3A-lcwgs-1-2-L3-clmp.fp2_repr.R1.fq.gz
[2025-03-25 19:01:55,240] multiqc                                            [DEBUG  ]  File ignored by hicexplorer because it exceeded search pattern filesize limit: Sor-ACeb_017-Ex1-12F-lcwgs-1-2-L2-clmp.fp2_repr.R1_fastqc.html
[2025-03-25 19:01:55,253] multiqc                                            [DEBUG  ]  File ignored by longranger/invocation because it exceeded search pattern filesize limit: Sor-ACeb_017-Ex1-12F-lcwgs-1-2-L2-clmp.fp2_repr.R1_fastqc.html
[2025-03-25 19:01:55,321] multiqc                                            [DEBUG  ]  Ignoring file as matched an ignore pattern: Sor-ACeb_021-Ex1-4G-lcwgs-1-2-L2-clmp.fp2_repr.R2.fq.gz
[2025-03-25 19:01:55,322] multiqc                                            [DEBUG  ]  Ignoring file as matched an ignore pattern: Sor-ACeb_009-Ex1-4F-lcwgs-1-2-L2-clmp.fp2_repr.R1.fq.gz
[2025-03-25 19:01:55,324] multiqc                                            [DEBUG  ]  Ignoring file as matched an ignore pattern: Sor-CPnd_038-Ex1-2A-lcwgs-1-2-L3-clmp.fp2_repr.R2.fq.gz
[2025-03-25 19:01:55,375] multiqc                                            [DEBUG  ]  File ignored by hicexplorer because it exceeded search pattern filesize limit: Sor-CPnd_014-Ex1-1F-lcwgs-1-2-L2-clmp.fp2_repr.R2_fastqc.html
[2025-03-25 19:01:55,390] multiqc                                            [DEBUG  ]  File ignored by longranger/invocation because it exceeded search pattern filesize limit: Sor-CPnd_014-Ex1-1F-lcwgs-1-2-L2-clmp.fp2_repr.R2_fastqc.html
[2025-03-25 19:01:55,511] multiqc                                            [DEBUG  ]  File ignored by hicexplorer because it exceeded search pattern filesize limit: Sor-ACeb_014-Ex1-9F-lcwgs-1-2-L2-clmp.fp2_repr.R1_fastqc.html
[2025-03-25 19:01:55,526] multiqc                                            [DEBUG  ]  File ignored by longranger/invocation because it exceeded search pattern filesize limit: Sor-ACeb_014-Ex1-9F-lcwgs-1-2-L2-clmp.fp2_repr.R1_fastqc.html
[2025-03-25 19:01:55,629] multiqc                                            [DEBUG  ]  File ignored by hicexplorer because it exceeded search pattern filesize limit: Sor-CPnd_046-Ex1-5A-lcwgs-1-2-L3-clmp.fp2_repr.R1_fastqc.html
[2025-03-25 19:01:55,642] multiqc                                            [DEBUG  ]  File ignored by longranger/invocation because it exceeded search pattern filesize limit: Sor-CPnd_046-Ex1-5A-lcwgs-1-2-L3-clmp.fp2_repr.R1_fastqc.html
[2025-03-25 19:01:55,705] multiqc                                            [DEBUG  ]  Ignoring file as matched an ignore pattern: Sor-CPnd_046-Ex1-5A-lcwgs-1-2-L3-clmp.fp2_repr.R1.fq.gz
[2025-03-25 19:01:55,706] multiqc                                            [DEBUG  ]  Ignoring file as matched an ignore pattern: Sor-CPnd_010-Ex1-1H-lcwgs-1-2-L3-clmp.fp2_repr.R2.fq.gz
[2025-03-25 19:01:55,708] multiqc                                            [DEBUG  ]  Ignoring file as matched an ignore pattern: Sor-ACeb_001-Ex1-8E-lcwgs-1-2-L2-clmp.fp2_repr.R2.fq.gz
[2025-03-25 19:01:55,709] multiqc                                            [DEBUG  ]  Ignoring file as matched an ignore pattern: Sor-ACeb_007-Ex1-2F-lcwgs-1-2-L2-clmp.fp2_repr.R1.fq.gz
[2025-03-25 19:01:55,736] multiqc                                            [DEBUG  ]  File ignored by hicexplorer because it exceeded search pattern filesize limit: Undetermined-L3-clmp.fp2_repr.R1_fastqc.html
[2025-03-25 19:01:55,749] multiqc                                            [DEBUG  ]  File ignored by longranger/invocation because it exceeded search pattern filesize limit: Undetermined-L3-clmp.fp2_repr.R1_fastqc.html
[2025-03-25 19:01:55,839] multiqc                                            [DEBUG  ]  File ignored by hicexplorer because it exceeded search pattern filesize limit: Sor-CPnd_027-Ex1-3C-lcwgs-1-2-L2-clmp.fp2_repr.R1_fastqc.html
[2025-03-25 19:01:55,853] multiqc                                            [DEBUG  ]  File ignored by longranger/invocation because it exceeded search pattern filesize limit: Sor-CPnd_027-Ex1-3C-lcwgs-1-2-L2-clmp.fp2_repr.R1_fastqc.html
[2025-03-25 19:01:55,972] multiqc                                            [DEBUG  ]  File ignored by hicexplorer because it exceeded search pattern filesize limit: Sor-CPnd_063-Ex1-7D-lcwgs-1-2-L2-clmp.fp2_repr.R1_fastqc.html
[2025-03-25 19:01:55,986] multiqc                                            [DEBUG  ]  File ignored by longranger/invocation because it exceeded search pattern filesize limit: Sor-CPnd_063-Ex1-7D-lcwgs-1-2-L2-clmp.fp2_repr.R1_fastqc.html
[2025-03-25 19:01:56,117] multiqc                                            [DEBUG  ]  File ignored by hicexplorer because it exceeded search pattern filesize limit: Sor-CPnd_029-Ex1-8E-lcwgs-1-2-L2-clmp.fp2_repr.R1_fastqc.html
[2025-03-25 19:01:56,132] multiqc                                            [DEBUG  ]  File ignored by longranger/invocation because it exceeded search pattern filesize limit: Sor-CPnd_029-Ex1-8E-lcwgs-1-2-L2-clmp.fp2_repr.R1_fastqc.html
[2025-03-25 19:01:56,263] multiqc                                            [DEBUG  ]  File ignored by hicexplorer because it exceeded search pattern filesize limit: Sor-ACeb_012-Ex1-7F-lcwgs-1-2-L3-clmp.fp2_repr.R1_fastqc.html
[2025-03-25 19:01:56,276] multiqc                                            [DEBUG  ]  File ignored by longranger/invocation because it exceeded search pattern filesize limit: Sor-ACeb_012-Ex1-7F-lcwgs-1-2-L3-clmp.fp2_repr.R1_fastqc.html
[2025-03-25 19:01:56,347] multiqc                                            [DEBUG  ]  Ignoring file as matched an ignore pattern: Sor-CPnd_027-Ex1-3C-lcwgs-1-2-L2-clmp.fp2_repr.R1.fq.gz
[2025-03-25 19:01:56,347] multiqc                                            [DEBUG  ]  Ignoring file as matched an ignore pattern: Sor-ACeb_006-Ex1-1F-lcwgs-1-2-L2-clmp.fp2_repr.R2.fq.gz
[2025-03-25 19:01:56,402] multiqc                                            [DEBUG  ]  File ignored by hicexplorer because it exceeded search pattern filesize limit: Sor-CPnd_038-Ex1-2A-lcwgs-1-2-L3-clmp.fp2_repr.R2_fastqc.html
[2025-03-25 19:01:56,416] multiqc                                            [DEBUG  ]  File ignored by longranger/invocation because it exceeded search pattern filesize limit: Sor-CPnd_038-Ex1-2A-lcwgs-1-2-L3-clmp.fp2_repr.R2_fastqc.html
[2025-03-25 19:01:56,493] multiqc                                            [DEBUG  ]  Ignoring file as matched an ignore pattern: Sor-CPnd_033-Ex1-2F-lcwgs-1-2-L3-clmp.fp2_repr.R2.fq.gz
[2025-03-25 19:01:56,494] multiqc                                            [DEBUG  ]  Ignoring file as matched an ignore pattern: Sor-CPnd_053-Ex1-2C-lcwgs-1-2-L3-clmp.fp2_repr.R1.fq.gz
[2025-03-25 19:01:56,545] multiqc                                            [DEBUG  ]  File ignored by hicexplorer because it exceeded search pattern filesize limit: Sor-CPnd_024-Ex1-5G-lcwgs-1-2-L3-clmp.fp2_repr.R2_fastqc.html
[2025-03-25 19:01:56,560] multiqc                                            [DEBUG  ]  File ignored by longranger/invocation because it exceeded search pattern filesize limit: Sor-CPnd_024-Ex1-5G-lcwgs-1-2-L3-clmp.fp2_repr.R2_fastqc.html
[2025-03-25 19:01:56,636] multiqc                                            [DEBUG  ]  Ignoring file as matched an ignore pattern: Sor-CPnd_052-Ex1-6D-lcwgs-1-2-L3-clmp.fp2_repr.R1.fq.gz
[2025-03-25 19:01:56,686] multiqc                                            [DEBUG  ]  File ignored by hicexplorer because it exceeded search pattern filesize limit: Sor-ACeb_020-Ex1-2G-lcwgs-1-2-L3-clmp.fp2_repr.R2_fastqc.html
[2025-03-25 19:01:56,699] multiqc                                            [DEBUG  ]  File ignored by longranger/invocation because it exceeded search pattern filesize limit: Sor-ACeb_020-Ex1-2G-lcwgs-1-2-L3-clmp.fp2_repr.R2_fastqc.html
[2025-03-25 19:01:56,791] multiqc                                            [DEBUG  ]  File ignored by hicexplorer because it exceeded search pattern filesize limit: Sor-CPnd_055-Ex1-7G-lcwgs-1-2-L2-clmp.fp2_repr.R1_fastqc.html
[2025-03-25 19:01:56,804] multiqc                                            [DEBUG  ]  File ignored by longranger/invocation because it exceeded search pattern filesize limit: Sor-CPnd_055-Ex1-7G-lcwgs-1-2-L2-clmp.fp2_repr.R1_fastqc.html
[2025-03-25 19:01:56,927] multiqc                                            [DEBUG  ]  File ignored by hicexplorer because it exceeded search pattern filesize limit: Sor-CPnd_066-Ex1-8B-lcwgs-1-2-L3-clmp.fp2_repr.R1_fastqc.html
[2025-03-25 19:01:56,943] multiqc                                            [DEBUG  ]  File ignored by longranger/invocation because it exceeded search pattern filesize limit: Sor-CPnd_066-Ex1-8B-lcwgs-1-2-L3-clmp.fp2_repr.R1_fastqc.html
[2025-03-25 19:01:57,093] multiqc                                            [DEBUG  ]  File ignored by hicexplorer because it exceeded search pattern filesize limit: Sor-ACeb_018-Ex1-1G-lcwgs-1-2-L3-clmp.fp2_repr.R2_fastqc.html
[2025-03-25 19:01:57,110] multiqc                                            [DEBUG  ]  File ignored by longranger/invocation because it exceeded search pattern filesize limit: Sor-ACeb_018-Ex1-1G-lcwgs-1-2-L3-clmp.fp2_repr.R2_fastqc.html
[2025-03-25 19:01:57,205] multiqc                                            [DEBUG  ]  Ignoring file as matched an ignore pattern: Sor-ACeb_002-Ex1-9E-lcwgs-1-2-L2-clmp.fp2_repr.R2.fq.gz
[2025-03-25 19:01:57,266] multiqc                                            [DEBUG  ]  File ignored by hicexplorer because it exceeded search pattern filesize limit: Sor-ACeb_010-Ex1-5F-lcwgs-1-2-L3-clmp.fp2_repr.R2_fastqc.html
[2025-03-25 19:01:57,283] multiqc                                            [DEBUG  ]  File ignored by longranger/invocation because it exceeded search pattern filesize limit: Sor-ACeb_010-Ex1-5F-lcwgs-1-2-L3-clmp.fp2_repr.R2_fastqc.html
[2025-03-25 19:01:57,456] multiqc                                            [DEBUG  ]  File ignored by hicexplorer because it exceeded search pattern filesize limit: Sor-CPnd_007-Ex1-1C-lcwgs-1-2-L2-clmp.fp2_repr.R1_fastqc.html
[2025-03-25 19:01:57,473] multiqc                                            [DEBUG  ]  File ignored by longranger/invocation because it exceeded search pattern filesize limit: Sor-CPnd_007-Ex1-1C-lcwgs-1-2-L2-clmp.fp2_repr.R1_fastqc.html
[2025-03-25 19:01:57,620] multiqc                                            [DEBUG  ]  File ignored by hicexplorer because it exceeded search pattern filesize limit: Sor-CPnd_054-Ex1-8F-lcwgs-1-2-L2-clmp.fp2_repr.R1_fastqc.html
[2025-03-25 19:01:57,635] multiqc                                            [DEBUG  ]  File ignored by longranger/invocation because it exceeded search pattern filesize limit: Sor-CPnd_054-Ex1-8F-lcwgs-1-2-L2-clmp.fp2_repr.R1_fastqc.html
[2025-03-25 19:01:57,713] multiqc                                            [DEBUG  ]  Ignoring file as matched an ignore pattern: Undetermined-L2-clmp.fp2_repr.R1.fq.gz
[2025-03-25 19:01:57,767] multiqc                                            [DEBUG  ]  File ignored by hicexplorer because it exceeded search pattern filesize limit: Sor-ACeb_007-Ex1-2F-lcwgs-1-2-L3-clmp.fp2_repr.R2_fastqc.html
[2025-03-25 19:01:57,782] multiqc                                            [DEBUG  ]  File ignored by longranger/invocation because it exceeded search pattern filesize limit: Sor-ACeb_007-Ex1-2F-lcwgs-1-2-L3-clmp.fp2_repr.R2_fastqc.html
[2025-03-25 19:01:57,863] multiqc                                            [DEBUG  ]  Ignoring file as matched an ignore pattern: Sor-ACeb_022-Ex1-5G-lcwgs-1-2-L2-clmp.fp2_repr.R2.fq.gz
[2025-03-25 19:01:57,892] multiqc                                            [DEBUG  ]  File ignored by hicexplorer because it exceeded search pattern filesize limit: Sor-CPnd_015-Ex1-5F-lcwgs-1-2-L2-clmp.fp2_repr.R1_fastqc.html
[2025-03-25 19:01:57,906] multiqc                                            [DEBUG  ]  File ignored by longranger/invocation because it exceeded search pattern filesize limit: Sor-CPnd_015-Ex1-5F-lcwgs-1-2-L2-clmp.fp2_repr.R1_fastqc.html
[2025-03-25 19:01:58,007] multiqc                                            [DEBUG  ]  File ignored by hicexplorer because it exceeded search pattern filesize limit: Sor-CPnd_009-Ex1-6A-lcwgs-1-2-L2-clmp.fp2_repr.R1_fastqc.html
[2025-03-25 19:01:58,021] multiqc                                            [DEBUG  ]  File ignored by longranger/invocation because it exceeded search pattern filesize limit: Sor-CPnd_009-Ex1-6A-lcwgs-1-2-L2-clmp.fp2_repr.R1_fastqc.html
[2025-03-25 19:01:58,139] multiqc                                            [DEBUG  ]  File ignored by hicexplorer because it exceeded search pattern filesize limit: Sor-CPnd_008-Ex1-1A-lcwgs-1-2-L3-clmp.fp2_repr.R2_fastqc.html
[2025-03-25 19:01:58,152] multiqc                                            [DEBUG  ]  File ignored by longranger/invocation because it exceeded search pattern filesize limit: Sor-CPnd_008-Ex1-1A-lcwgs-1-2-L3-clmp.fp2_repr.R2_fastqc.html
[2025-03-25 19:01:58,216] multiqc                                            [DEBUG  ]  Ignoring file as matched an ignore pattern: Sor-CPnd_006-Ex1-2D-lcwgs-1-2-L2-clmp.fp2_repr.R1.fq.gz
[2025-03-25 19:01:58,266] multiqc                                            [DEBUG  ]  File ignored by hicexplorer because it exceeded search pattern filesize limit: Sor-CPnd_022-Ex1-7C-lcwgs-1-2-L2-clmp.fp2_repr.R2_fastqc.html
[2025-03-25 19:01:58,280] multiqc                                            [DEBUG  ]  File ignored by longranger/invocation because it exceeded search pattern filesize limit: Sor-CPnd_022-Ex1-7C-lcwgs-1-2-L2-clmp.fp2_repr.R2_fastqc.html
[2025-03-25 19:01:58,348] multiqc                                            [DEBUG  ]  Ignoring file as matched an ignore pattern: Sor-CPnd_012-Ex1-5B-lcwgs-1-2-L2-clmp.fp2_repr.R1.fq.gz
[2025-03-25 19:01:58,397] multiqc                                            [DEBUG  ]  File ignored by hicexplorer because it exceeded search pattern filesize limit: Sor-CPnd_049-Ex1-3B-lcwgs-1-2-L3-clmp.fp2_repr.R2_fastqc.html
[2025-03-25 19:01:58,410] multiqc                                            [DEBUG  ]  File ignored by longranger/invocation because it exceeded search pattern filesize limit: Sor-CPnd_049-Ex1-3B-lcwgs-1-2-L3-clmp.fp2_repr.R2_fastqc.html
[2025-03-25 19:01:58,502] multiqc                                            [DEBUG  ]  File ignored by hicexplorer because it exceeded search pattern filesize limit: Sor-ACeb_015-Ex1-10F-lcwgs-1-2-L2-clmp.fp2_repr.R1_fastqc.html
[2025-03-25 19:01:58,516] multiqc                                            [DEBUG  ]  File ignored by longranger/invocation because it exceeded search pattern filesize limit: Sor-ACeb_015-Ex1-10F-lcwgs-1-2-L2-clmp.fp2_repr.R1_fastqc.html
[2025-03-25 19:01:58,637] multiqc                                            [DEBUG  ]  File ignored by hicexplorer because it exceeded search pattern filesize limit: Sor-ACeb_004-Ex1-11E-lcwgs-1-2-L2-clmp.fp2_repr.R2_fastqc.html
[2025-03-25 19:01:58,650] multiqc                                            [DEBUG  ]  File ignored by longranger/invocation because it exceeded search pattern filesize limit: Sor-ACeb_004-Ex1-11E-lcwgs-1-2-L2-clmp.fp2_repr.R2_fastqc.html
[2025-03-25 19:01:58,742] multiqc                                            [DEBUG  ]  File ignored by hicexplorer because it exceeded search pattern filesize limit: Sor-CPnd_020-Ex1-2E-lcwgs-1-2-L2-clmp.fp2_repr.R1_fastqc.html
[2025-03-25 19:01:58,755] multiqc                                            [DEBUG  ]  File ignored by longranger/invocation because it exceeded search pattern filesize limit: Sor-CPnd_020-Ex1-2E-lcwgs-1-2-L2-clmp.fp2_repr.R1_fastqc.html
[2025-03-25 19:01:58,871] multiqc                                            [DEBUG  ]  File ignored by hicexplorer because it exceeded search pattern filesize limit: Sor-CPnd_034-Ex1-4G-lcwgs-1-2-L3-clmp.fp2_repr.R2_fastqc.html
[2025-03-25 19:01:58,885] multiqc                                            [DEBUG  ]  File ignored by longranger/invocation because it exceeded search pattern filesize limit: Sor-CPnd_034-Ex1-4G-lcwgs-1-2-L3-clmp.fp2_repr.R2_fastqc.html
[2025-03-25 19:01:58,985] multiqc                                            [DEBUG  ]  File ignored by hicexplorer because it exceeded search pattern filesize limit: Sor-CPnd_005-Ex1-3D-lcwgs-1-2-L3-clmp.fp2_repr.R2_fastqc.html
[2025-03-25 19:01:58,999] multiqc                                            [DEBUG  ]  File ignored by longranger/invocation because it exceeded search pattern filesize limit: Sor-CPnd_005-Ex1-3D-lcwgs-1-2-L3-clmp.fp2_repr.R2_fastqc.html
[2025-03-25 19:01:59,111] multiqc                                            [DEBUG  ]  File ignored by hicexplorer because it exceeded search pattern filesize limit: Sor-CPnd_018-Ex1-1E-lcwgs-1-2-L2-clmp.fp2_repr.R1_fastqc.html
[2025-03-25 19:01:59,125] multiqc                                            [DEBUG  ]  File ignored by longranger/invocation because it exceeded search pattern filesize limit: Sor-CPnd_018-Ex1-1E-lcwgs-1-2-L2-clmp.fp2_repr.R1_fastqc.html
[2025-03-25 19:01:59,224] multiqc                                            [DEBUG  ]  File ignored by hicexplorer because it exceeded search pattern filesize limit: Sor-CPnd_017-Ex1-3G-lcwgs-1-2-L2-clmp.fp2_repr.R2_fastqc.html
[2025-03-25 19:01:59,237] multiqc                                            [DEBUG  ]  File ignored by longranger/invocation because it exceeded search pattern filesize limit: Sor-CPnd_017-Ex1-3G-lcwgs-1-2-L2-clmp.fp2_repr.R2_fastqc.html
[2025-03-25 19:01:59,352] multiqc                                            [DEBUG  ]  File ignored by hicexplorer because it exceeded search pattern filesize limit: Sor-ACeb_005-Ex1-12E-lcwgs-1-2-L3-clmp.fp2_repr.R2_fastqc.html
[2025-03-25 19:01:59,366] multiqc                                            [DEBUG  ]  File ignored by longranger/invocation because it exceeded search pattern filesize limit: Sor-ACeb_005-Ex1-12E-lcwgs-1-2-L3-clmp.fp2_repr.R2_fastqc.html
[2025-03-25 19:01:59,440] multiqc                                            [DEBUG  ]  Ignoring file as matched an ignore pattern: Sor-CPnd_072-Ex1-8C-lcwgs-1-2-L2-clmp.fp2_repr.R1.fq.gz
[2025-03-25 19:01:59,442] multiqc                                            [DEBUG  ]  Ignoring file as matched an ignore pattern: Sor-CPnd_001-Ex1-3E-lcwgs-1-2-L3-clmp.fp2_repr.R1.fq.gz
[2025-03-25 19:01:59,442] multiqc                                            [DEBUG  ]  Ignoring file as matched an ignore pattern: Sor-CPnd_066-Ex1-8B-lcwgs-1-2-L2-clmp.fp2_repr.R2.fq.gz
[2025-03-25 19:01:59,443] multiqc                                            [DEBUG  ]  Ignoring file as matched an ignore pattern: Sor-CPnd_041-Ex1-7A-lcwgs-1-2-L2-clmp.fp2_repr.R1.fq.gz
[2025-03-25 19:01:59,500] multiqc                                            [DEBUG  ]  File ignored by hicexplorer because it exceeded search pattern filesize limit: Sor-CPnd_063-Ex1-7D-lcwgs-1-2-L3-clmp.fp2_repr.R1_fastqc.html
[2025-03-25 19:01:59,517] multiqc                                            [DEBUG  ]  File ignored by longranger/invocation because it exceeded search pattern filesize limit: Sor-CPnd_063-Ex1-7D-lcwgs-1-2-L3-clmp.fp2_repr.R1_fastqc.html
[2025-03-25 19:01:59,688] multiqc                                            [DEBUG  ]  File ignored by hicexplorer because it exceeded search pattern filesize limit: Sor-CPnd_027-Ex1-3C-lcwgs-1-2-L3-clmp.fp2_repr.R1_fastqc.html
[2025-03-25 19:01:59,706] multiqc                                            [DEBUG  ]  File ignored by longranger/invocation because it exceeded search pattern filesize limit: Sor-CPnd_027-Ex1-3C-lcwgs-1-2-L3-clmp.fp2_repr.R1_fastqc.html
[2025-03-25 19:01:59,854] multiqc                                            [DEBUG  ]  File ignored by hicexplorer because it exceeded search pattern filesize limit: Undetermined-L2-clmp.fp2_repr.R1_fastqc.html
[2025-03-25 19:01:59,870] multiqc                                            [DEBUG  ]  File ignored by longranger/invocation because it exceeded search pattern filesize limit: Undetermined-L2-clmp.fp2_repr.R1_fastqc.html
[2025-03-25 19:01:59,974] multiqc                                            [DEBUG  ]  Ignoring file as matched an ignore pattern: Sor-CPnd_012-Ex1-5B-lcwgs-1-2-L3-clmp.fp2_repr.R1.fq.gz
[2025-03-25 19:01:59,975] multiqc                                            [DEBUG  ]  Ignoring file as matched an ignore pattern: Sor-CPnd_006-Ex1-2D-lcwgs-1-2-L3-clmp.fp2_repr.R1.fq.gz
[2025-03-25 19:02:00,009] multiqc                                            [DEBUG  ]  File ignored by hicexplorer because it exceeded search pattern filesize limit: Sor-CPnd_038-Ex1-2A-lcwgs-1-2-L2-clmp.fp2_repr.R2_fastqc.html
[2025-03-25 19:02:00,025] multiqc                                            [DEBUG  ]  File ignored by longranger/invocation because it exceeded search pattern filesize limit: Sor-CPnd_038-Ex1-2A-lcwgs-1-2-L2-clmp.fp2_repr.R2_fastqc.html
[2025-03-25 19:02:00,187] multiqc                                            [DEBUG  ]  File ignored by hicexplorer because it exceeded search pattern filesize limit: Sor-ACeb_012-Ex1-7F-lcwgs-1-2-L2-clmp.fp2_repr.R1_fastqc.html
[2025-03-25 19:02:00,204] multiqc                                            [DEBUG  ]  File ignored by longranger/invocation because it exceeded search pattern filesize limit: Sor-ACeb_012-Ex1-7F-lcwgs-1-2-L2-clmp.fp2_repr.R1_fastqc.html
[2025-03-25 19:02:00,345] multiqc                                            [DEBUG  ]  File ignored by hicexplorer because it exceeded search pattern filesize limit: Sor-CPnd_029-Ex1-8E-lcwgs-1-2-L3-clmp.fp2_repr.R1_fastqc.html
[2025-03-25 19:02:00,362] multiqc                                            [DEBUG  ]  File ignored by longranger/invocation because it exceeded search pattern filesize limit: Sor-CPnd_029-Ex1-8E-lcwgs-1-2-L3-clmp.fp2_repr.R1_fastqc.html
[2025-03-25 19:02:00,465] multiqc                                            [DEBUG  ]  Ignoring file as matched an ignore pattern: Sor-CPnd_041-Ex1-7A-lcwgs-1-2-L3-clmp.fp2_repr.R1.fq.gz
[2025-03-25 19:02:00,465] multiqc                                            [DEBUG  ]  Ignoring file as matched an ignore pattern: Sor-CPnd_001-Ex1-3E-lcwgs-1-2-L2-clmp.fp2_repr.R1.fq.gz
[2025-03-25 19:02:00,466] multiqc                                            [DEBUG  ]  Ignoring file as matched an ignore pattern: Sor-CPnd_066-Ex1-8B-lcwgs-1-2-L3-clmp.fp2_repr.R2.fq.gz
[2025-03-25 19:02:00,526] multiqc                                            [DEBUG  ]  File ignored by hicexplorer because it exceeded search pattern filesize limit: Sor-CPnd_014-Ex1-1F-lcwgs-1-2-L3-clmp.fp2_repr.R2_fastqc.html
[2025-03-25 19:02:00,544] multiqc                                            [DEBUG  ]  File ignored by longranger/invocation because it exceeded search pattern filesize limit: Sor-CPnd_014-Ex1-1F-lcwgs-1-2-L3-clmp.fp2_repr.R2_fastqc.html
[2025-03-25 19:02:00,656] multiqc                                            [DEBUG  ]  Ignoring file as matched an ignore pattern: Sor-CPnd_072-Ex1-8C-lcwgs-1-2-L3-clmp.fp2_repr.R1.fq.gz
[2025-03-25 19:02:00,697] multiqc                                            [DEBUG  ]  File ignored by hicexplorer because it exceeded search pattern filesize limit: Sor-CPnd_046-Ex1-5A-lcwgs-1-2-L2-clmp.fp2_repr.R1_fastqc.html
[2025-03-25 19:02:00,714] multiqc                                            [DEBUG  ]  File ignored by longranger/invocation because it exceeded search pattern filesize limit: Sor-CPnd_046-Ex1-5A-lcwgs-1-2-L2-clmp.fp2_repr.R1_fastqc.html
[2025-03-25 19:02:00,864] multiqc                                            [DEBUG  ]  File ignored by hicexplorer because it exceeded search pattern filesize limit: Sor-ACeb_014-Ex1-9F-lcwgs-1-2-L3-clmp.fp2_repr.R1_fastqc.html
[2025-03-25 19:02:00,879] multiqc                                            [DEBUG  ]  File ignored by longranger/invocation because it exceeded search pattern filesize limit: Sor-ACeb_014-Ex1-9F-lcwgs-1-2-L3-clmp.fp2_repr.R1_fastqc.html
[2025-03-25 19:02:01,033] multiqc                                            [DEBUG  ]  File ignored by hicexplorer because it exceeded search pattern filesize limit: Sor-ACeb_016-Ex1-11F-lcwgs-1-2-L2-clmp.fp2_repr.R1_fastqc.html
[2025-03-25 19:02:01,048] multiqc                                            [DEBUG  ]  File ignored by longranger/invocation because it exceeded search pattern filesize limit: Sor-ACeb_016-Ex1-11F-lcwgs-1-2-L2-clmp.fp2_repr.R1_fastqc.html
[2025-03-25 19:02:01,188] multiqc                                            [DEBUG  ]  File ignored by hicexplorer because it exceeded search pattern filesize limit: Sor-CPnd_016-Ex1-1B-lcwgs-1-2-L3-clmp.fp2_repr.R2_fastqc.html
[2025-03-25 19:02:01,203] multiqc                                            [DEBUG  ]  File ignored by longranger/invocation because it exceeded search pattern filesize limit: Sor-CPnd_016-Ex1-1B-lcwgs-1-2-L3-clmp.fp2_repr.R2_fastqc.html
[2025-03-25 19:02:01,347] multiqc                                            [DEBUG  ]  File ignored by hicexplorer because it exceeded search pattern filesize limit: Sor-ACeb_017-Ex1-12F-lcwgs-1-2-L3-clmp.fp2_repr.R1_fastqc.html
[2025-03-25 19:02:01,364] multiqc                                            [DEBUG  ]  File ignored by longranger/invocation because it exceeded search pattern filesize limit: Sor-ACeb_017-Ex1-12F-lcwgs-1-2-L3-clmp.fp2_repr.R1_fastqc.html
[2025-03-25 19:02:01,472] multiqc                                            [DEBUG  ]  Ignoring file as matched an ignore pattern: Sor-CPnd_052-Ex1-6D-lcwgs-1-2-L2-clmp.fp2_repr.R1.fq.gz
[2025-03-25 19:02:01,508] multiqc                                            [DEBUG  ]  File ignored by hicexplorer because it exceeded search pattern filesize limit: Sor-CPnd_013-Ex1-7F-lcwgs-1-2-L3-clmp.fp2_repr.R2_fastqc.html
[2025-03-25 19:02:01,525] multiqc                                            [DEBUG  ]  File ignored by longranger/invocation because it exceeded search pattern filesize limit: Sor-CPnd_013-Ex1-7F-lcwgs-1-2-L3-clmp.fp2_repr.R2_fastqc.html
[2025-03-25 19:02:01,631] multiqc                                            [DEBUG  ]  Ignoring file as matched an ignore pattern: Sor-CPnd_053-Ex1-2C-lcwgs-1-2-L2-clmp.fp2_repr.R1.fq.gz
[2025-03-25 19:02:01,632] multiqc                                            [DEBUG  ]  Ignoring file as matched an ignore pattern: Sor-CPnd_033-Ex1-2F-lcwgs-1-2-L2-clmp.fp2_repr.R2.fq.gz
[2025-03-25 19:02:01,635] multiqc                                            [DEBUG  ]  Ignoring file as matched an ignore pattern: Sor-ACeb_022-Ex1-5G-lcwgs-1-2-L3-clmp.fp2_repr.R2.fq.gz
[2025-03-25 19:02:01,665] multiqc                                            [DEBUG  ]  File ignored by hicexplorer because it exceeded search pattern filesize limit: Sor-CPnd_036-Ex1-5C-lcwgs-1-2-L2-clmp.fp2_repr.R2_fastqc.html
[2025-03-25 19:02:01,680] multiqc                                            [DEBUG  ]  File ignored by longranger/invocation because it exceeded search pattern filesize limit: Sor-CPnd_036-Ex1-5C-lcwgs-1-2-L2-clmp.fp2_repr.R2_fastqc.html
[2025-03-25 19:02:01,808] multiqc                                            [DEBUG  ]  File ignored by hicexplorer because it exceeded search pattern filesize limit: Sor-ACeb_002-Ex1-9E-lcwgs-1-2-L2-clmp.fp2_repr.R1_fastqc.html
[2025-03-25 19:02:01,823] multiqc                                            [DEBUG  ]  File ignored by longranger/invocation because it exceeded search pattern filesize limit: Sor-ACeb_002-Ex1-9E-lcwgs-1-2-L2-clmp.fp2_repr.R1_fastqc.html
[2025-03-25 19:02:01,898] multiqc                                            [DEBUG  ]  Ignoring file as matched an ignore pattern: Undetermined-L3-clmp.fp2_repr.R1.fq.gz
[2025-03-25 19:02:01,952] multiqc                                            [DEBUG  ]  File ignored by hicexplorer because it exceeded search pattern filesize limit: Sor-CPnd_058-Ex1-2G-lcwgs-1-2-L3-clmp.fp2_repr.R2_fastqc.html
[2025-03-25 19:02:01,965] multiqc                                            [DEBUG  ]  File ignored by longranger/invocation because it exceeded search pattern filesize limit: Sor-CPnd_058-Ex1-2G-lcwgs-1-2-L3-clmp.fp2_repr.R2_fastqc.html
[2025-03-25 19:02:02,090] multiqc                                            [DEBUG  ]  File ignored by hicexplorer because it exceeded search pattern filesize limit: Sor-ACeb_021-Ex1-4G-lcwgs-1-2-L3-clmp.fp2_repr.R1_fastqc.html
[2025-03-25 19:02:02,103] multiqc                                            [DEBUG  ]  File ignored by longranger/invocation because it exceeded search pattern filesize limit: Sor-ACeb_021-Ex1-4G-lcwgs-1-2-L3-clmp.fp2_repr.R1_fastqc.html
[2025-03-25 19:02:02,213] multiqc                                            [DEBUG  ]  File ignored by hicexplorer because it exceeded search pattern filesize limit: Sor-CPnd_028-Ex1-3A-lcwgs-1-2-L2-clmp.fp2_repr.R2_fastqc.html
[2025-03-25 19:02:02,228] multiqc                                            [DEBUG  ]  File ignored by longranger/invocation because it exceeded search pattern filesize limit: Sor-CPnd_028-Ex1-3A-lcwgs-1-2-L2-clmp.fp2_repr.R2_fastqc.html
[2025-03-25 19:02:02,324] multiqc                                            [DEBUG  ]  Ignoring file as matched an ignore pattern: Sor-ACeb_002-Ex1-9E-lcwgs-1-2-L3-clmp.fp2_repr.R2.fq.gz
[2025-03-25 19:02:02,325] multiqc                                            [DEBUG  ]  Ignoring file as matched an ignore pattern: Sor-ACeb_001-Ex1-8E-lcwgs-1-2-L3-clmp.fp2_repr.R2.fq.gz
[2025-03-25 19:02:02,354] multiqc                                            [DEBUG  ]  File ignored by hicexplorer because it exceeded search pattern filesize limit: Sor-CPnd_017-Ex1-3G-lcwgs-1-2-L3-clmp.fp2_repr.R2_fastqc.html
[2025-03-25 19:02:02,367] multiqc                                            [DEBUG  ]  File ignored by longranger/invocation because it exceeded search pattern filesize limit: Sor-CPnd_017-Ex1-3G-lcwgs-1-2-L3-clmp.fp2_repr.R2_fastqc.html
[2025-03-25 19:02:02,493] multiqc                                            [DEBUG  ]  File ignored by hicexplorer because it exceeded search pattern filesize limit: Sor-CPnd_018-Ex1-1E-lcwgs-1-2-L3-clmp.fp2_repr.R1_fastqc.html
[2025-03-25 19:02:02,507] multiqc                                            [DEBUG  ]  File ignored by longranger/invocation because it exceeded search pattern filesize limit: Sor-CPnd_018-Ex1-1E-lcwgs-1-2-L3-clmp.fp2_repr.R1_fastqc.html
[2025-03-25 19:02:02,633] multiqc                                            [DEBUG  ]  File ignored by hicexplorer because it exceeded search pattern filesize limit: Sor-CPnd_005-Ex1-3D-lcwgs-1-2-L2-clmp.fp2_repr.R2_fastqc.html
[2025-03-25 19:02:02,648] multiqc                                            [DEBUG  ]  File ignored by longranger/invocation because it exceeded search pattern filesize limit: Sor-CPnd_005-Ex1-3D-lcwgs-1-2-L2-clmp.fp2_repr.R2_fastqc.html
[2025-03-25 19:02:02,755] multiqc                                            [DEBUG  ]  File ignored by hicexplorer because it exceeded search pattern filesize limit: Sor-CPnd_034-Ex1-4G-lcwgs-1-2-L2-clmp.fp2_repr.R2_fastqc.html
[2025-03-25 19:02:02,768] multiqc                                            [DEBUG  ]  File ignored by longranger/invocation because it exceeded search pattern filesize limit: Sor-CPnd_034-Ex1-4G-lcwgs-1-2-L2-clmp.fp2_repr.R2_fastqc.html
[2025-03-25 19:02:02,834] multiqc                                            [DEBUG  ]  Ignoring file as matched an ignore pattern: Sor-CPnd_010-Ex1-1H-lcwgs-1-2-L2-clmp.fp2_repr.R2.fq.gz
[2025-03-25 19:02:02,874] multiqc                                            [DEBUG  ]  File ignored by hicexplorer because it exceeded search pattern filesize limit: Sor-CPnd_020-Ex1-2E-lcwgs-1-2-L3-clmp.fp2_repr.R1_fastqc.html
[2025-03-25 19:02:02,887] multiqc                                            [DEBUG  ]  File ignored by longranger/invocation because it exceeded search pattern filesize limit: Sor-CPnd_020-Ex1-2E-lcwgs-1-2-L3-clmp.fp2_repr.R1_fastqc.html
[2025-03-25 19:02:02,950] multiqc                                            [DEBUG  ]  Ignoring file as matched an ignore pattern: Sor-CPnd_046-Ex1-5A-lcwgs-1-2-L2-clmp.fp2_repr.R1.fq.gz
[2025-03-25 19:02:03,009] multiqc                                            [DEBUG  ]  File ignored by hicexplorer because it exceeded search pattern filesize limit: Sor-ACeb_004-Ex1-11E-lcwgs-1-2-L3-clmp.fp2_repr.R2_fastqc.html
[2025-03-25 19:02:03,025] multiqc                                            [DEBUG  ]  File ignored by longranger/invocation because it exceeded search pattern filesize limit: Sor-ACeb_004-Ex1-11E-lcwgs-1-2-L3-clmp.fp2_repr.R2_fastqc.html
[2025-03-25 19:02:03,160] multiqc                                            [DEBUG  ]  File ignored by hicexplorer because it exceeded search pattern filesize limit: Sor-ACeb_015-Ex1-10F-lcwgs-1-2-L3-clmp.fp2_repr.R1_fastqc.html
[2025-03-25 19:02:03,175] multiqc                                            [DEBUG  ]  File ignored by longranger/invocation because it exceeded search pattern filesize limit: Sor-ACeb_015-Ex1-10F-lcwgs-1-2-L3-clmp.fp2_repr.R1_fastqc.html
[2025-03-25 19:02:03,255] multiqc                                            [DEBUG  ]  Ignoring file as matched an ignore pattern: Sor-CPnd_038-Ex1-2A-lcwgs-1-2-L2-clmp.fp2_repr.R2.fq.gz
[2025-03-25 19:02:03,256] multiqc                                            [DEBUG  ]  Ignoring file as matched an ignore pattern: Sor-ACeb_009-Ex1-4F-lcwgs-1-2-L3-clmp.fp2_repr.R1.fq.gz
[2025-03-25 19:02:03,257] multiqc                                            [DEBUG  ]  Ignoring file as matched an ignore pattern: Sor-ACeb_021-Ex1-4G-lcwgs-1-2-L3-clmp.fp2_repr.R2.fq.gz
[2025-03-25 19:02:03,314] multiqc                                            [DEBUG  ]  File ignored by hicexplorer because it exceeded search pattern filesize limit: Sor-ACeb_005-Ex1-12E-lcwgs-1-2-L2-clmp.fp2_repr.R2_fastqc.html
[2025-03-25 19:02:03,330] multiqc                                            [DEBUG  ]  File ignored by longranger/invocation because it exceeded search pattern filesize limit: Sor-ACeb_005-Ex1-12E-lcwgs-1-2-L2-clmp.fp2_repr.R2_fastqc.html
[2025-03-25 19:02:03,475] multiqc                                            [DEBUG  ]  File ignored by hicexplorer because it exceeded search pattern filesize limit: Sor-CPnd_022-Ex1-7C-lcwgs-1-2-L3-clmp.fp2_repr.R2_fastqc.html
[2025-03-25 19:02:03,492] multiqc                                            [DEBUG  ]  File ignored by longranger/invocation because it exceeded search pattern filesize limit: Sor-CPnd_022-Ex1-7C-lcwgs-1-2-L3-clmp.fp2_repr.R2_fastqc.html
[2025-03-25 19:02:03,646] multiqc                                            [DEBUG  ]  File ignored by hicexplorer because it exceeded search pattern filesize limit: Sor-CPnd_008-Ex1-1A-lcwgs-1-2-L2-clmp.fp2_repr.R2_fastqc.html
[2025-03-25 19:02:03,663] multiqc                                            [DEBUG  ]  File ignored by longranger/invocation because it exceeded search pattern filesize limit: Sor-CPnd_008-Ex1-1A-lcwgs-1-2-L2-clmp.fp2_repr.R2_fastqc.html
[2025-03-25 19:02:03,757] multiqc                                            [DEBUG  ]  Ignoring file as matched an ignore pattern: Sor-ACeb_006-Ex1-1F-lcwgs-1-2-L3-clmp.fp2_repr.R2.fq.gz
[2025-03-25 19:02:03,793] multiqc                                            [DEBUG  ]  File ignored by hicexplorer because it exceeded search pattern filesize limit: Sor-CPnd_009-Ex1-6A-lcwgs-1-2-L3-clmp.fp2_repr.R1_fastqc.html
[2025-03-25 19:02:03,809] multiqc                                            [DEBUG  ]  File ignored by longranger/invocation because it exceeded search pattern filesize limit: Sor-CPnd_009-Ex1-6A-lcwgs-1-2-L3-clmp.fp2_repr.R1_fastqc.html
[2025-03-25 19:02:03,904] multiqc                                            [DEBUG  ]  Ignoring file as matched an ignore pattern: Sor-CPnd_027-Ex1-3C-lcwgs-1-2-L3-clmp.fp2_repr.R1.fq.gz
[2025-03-25 19:02:03,941] multiqc                                            [DEBUG  ]  File ignored by hicexplorer because it exceeded search pattern filesize limit: Sor-CPnd_049-Ex1-3B-lcwgs-1-2-L2-clmp.fp2_repr.R2_fastqc.html
[2025-03-25 19:02:03,957] multiqc                                            [DEBUG  ]  File ignored by longranger/invocation because it exceeded search pattern filesize limit: Sor-CPnd_049-Ex1-3B-lcwgs-1-2-L2-clmp.fp2_repr.R2_fastqc.html
[2025-03-25 19:02:04,052] multiqc                                            [DEBUG  ]  Ignoring file as matched an ignore pattern: Sor-ACeb_007-Ex1-2F-lcwgs-1-2-L3-clmp.fp2_repr.R1.fq.gz
[2025-03-25 19:02:04,115] multiqc                                            [DEBUG  ]  File ignored by hicexplorer because it exceeded search pattern filesize limit: Sor-ACeb_010-Ex1-5F-lcwgs-1-2-L2-clmp.fp2_repr.R2_fastqc.html
[2025-03-25 19:02:04,133] multiqc                                            [DEBUG  ]  File ignored by longranger/invocation because it exceeded search pattern filesize limit: Sor-ACeb_010-Ex1-5F-lcwgs-1-2-L2-clmp.fp2_repr.R2_fastqc.html
[2025-03-25 19:02:04,250] multiqc                                            [DEBUG  ]  Ignoring file as matched an ignore pattern: Sor-CPnd_031-Ex1-5D-lcwgs-1-2-L3-clmp.fp2_repr.R2.fq.gz
[2025-03-25 19:02:04,251] multiqc                                            [DEBUG  ]  Ignoring file as matched an ignore pattern: Sor-CPnd_015-Ex1-5F-lcwgs-1-2-L3-clmp.fp2_repr.R2.fq.gz
[2025-03-25 19:02:04,253] multiqc                                            [DEBUG  ]  Ignoring file as matched an ignore pattern: Sor-ACeb_015-Ex1-10F-lcwgs-1-2-L3-clmp.fp2_repr.R1.fq.gz
[2025-03-25 19:02:04,292] multiqc                                            [DEBUG  ]  File ignored by hicexplorer because it exceeded search pattern filesize limit: Sor-CPnd_015-Ex1-5F-lcwgs-1-2-L3-clmp.fp2_repr.R1_fastqc.html
[2025-03-25 19:02:04,309] multiqc                                            [DEBUG  ]  File ignored by longranger/invocation because it exceeded search pattern filesize limit: Sor-CPnd_015-Ex1-5F-lcwgs-1-2-L3-clmp.fp2_repr.R1_fastqc.html
[2025-03-25 19:02:04,490] multiqc                                            [DEBUG  ]  File ignored by hicexplorer because it exceeded search pattern filesize limit: Sor-ACeb_007-Ex1-2F-lcwgs-1-2-L2-clmp.fp2_repr.R2_fastqc.html
[2025-03-25 19:02:04,508] multiqc                                            [DEBUG  ]  File ignored by longranger/invocation because it exceeded search pattern filesize limit: Sor-ACeb_007-Ex1-2F-lcwgs-1-2-L2-clmp.fp2_repr.R2_fastqc.html
[2025-03-25 19:02:04,644] multiqc                                            [DEBUG  ]  File ignored by hicexplorer because it exceeded search pattern filesize limit: Sor-CPnd_054-Ex1-8F-lcwgs-1-2-L3-clmp.fp2_repr.R1_fastqc.html
[2025-03-25 19:02:04,659] multiqc                                            [DEBUG  ]  File ignored by longranger/invocation because it exceeded search pattern filesize limit: Sor-CPnd_054-Ex1-8F-lcwgs-1-2-L3-clmp.fp2_repr.R1_fastqc.html
[2025-03-25 19:02:04,796] multiqc                                            [DEBUG  ]  File ignored by hicexplorer because it exceeded search pattern filesize limit: Sor-CPnd_007-Ex1-1C-lcwgs-1-2-L3-clmp.fp2_repr.R1_fastqc.html
[2025-03-25 19:02:04,814] multiqc                                            [DEBUG  ]  File ignored by longranger/invocation because it exceeded search pattern filesize limit: Sor-CPnd_007-Ex1-1C-lcwgs-1-2-L3-clmp.fp2_repr.R1_fastqc.html
[2025-03-25 19:02:04,927] multiqc                                            [DEBUG  ]  Ignoring file as matched an ignore pattern: Sor-CPnd_009-Ex1-6A-lcwgs-1-2-L2-clmp.fp2_repr.R1.fq.gz
[2025-03-25 19:02:04,932] multiqc                                            [DEBUG  ]  Ignoring file as matched an ignore pattern: Sor-CPnd_028-Ex1-3A-lcwgs-1-2-L2-clmp.fp2_repr.R1.fq.gz
[2025-03-25 19:02:04,933] multiqc                                            [DEBUG  ]  Ignoring file as matched an ignore pattern: Sor-CPnd_050-Ex1-3F-lcwgs-1-2-L2-clmp.fp2_repr.R2.fq.gz
[2025-03-25 19:02:04,995] multiqc                                            [DEBUG  ]  File ignored by hicexplorer because it exceeded search pattern filesize limit: Sor-CPnd_024-Ex1-5G-lcwgs-1-2-L2-clmp.fp2_repr.R2_fastqc.html
[2025-03-25 19:02:05,012] multiqc                                            [DEBUG  ]  File ignored by longranger/invocation because it exceeded search pattern filesize limit: Sor-CPnd_024-Ex1-5G-lcwgs-1-2-L2-clmp.fp2_repr.R2_fastqc.html
[2025-03-25 19:02:05,089] multiqc                                            [DEBUG  ]  Ignoring file as matched an ignore pattern: Sor-CPnd_013-Ex1-7F-lcwgs-1-2-L2-clmp.fp2_repr.R2.fq.gz
[2025-03-25 19:02:05,090] multiqc                                            [DEBUG  ]  Ignoring file as matched an ignore pattern: Sor-CPnd_005-Ex1-3D-lcwgs-1-2-L3-clmp.fp2_repr.R1.fq.gz
[2025-03-25 19:02:05,146] multiqc                                            [DEBUG  ]  File ignored by hicexplorer because it exceeded search pattern filesize limit: fqValidationReport.txt
[2025-03-25 19:02:05,159] multiqc                                            [DEBUG  ]  File ignored by longranger/invocation because it exceeded search pattern filesize limit: fqValidationReport.txt
[2025-03-25 19:02:05,312] multiqc                                            [DEBUG  ]  File ignored by hicexplorer because it exceeded search pattern filesize limit: Sor-ACeb_018-Ex1-1G-lcwgs-1-2-L2-clmp.fp2_repr.R2_fastqc.html
[2025-03-25 19:02:05,326] multiqc                                            [DEBUG  ]  File ignored by longranger/invocation because it exceeded search pattern filesize limit: Sor-ACeb_018-Ex1-1G-lcwgs-1-2-L2-clmp.fp2_repr.R2_fastqc.html
[2025-03-25 19:02:05,425] multiqc                                            [DEBUG  ]  File ignored by hicexplorer because it exceeded search pattern filesize limit: Sor-CPnd_066-Ex1-8B-lcwgs-1-2-L2-clmp.fp2_repr.R1_fastqc.html
[2025-03-25 19:02:05,438] multiqc                                            [DEBUG  ]  File ignored by longranger/invocation because it exceeded search pattern filesize limit: Sor-CPnd_066-Ex1-8B-lcwgs-1-2-L2-clmp.fp2_repr.R1_fastqc.html
[2025-03-25 19:02:05,535] multiqc                                            [DEBUG  ]  File ignored by hicexplorer because it exceeded search pattern filesize limit: Sor-CPnd_055-Ex1-7G-lcwgs-1-2-L3-clmp.fp2_repr.R1_fastqc.html
[2025-03-25 19:02:05,547] multiqc                                            [DEBUG  ]  File ignored by longranger/invocation because it exceeded search pattern filesize limit: Sor-CPnd_055-Ex1-7G-lcwgs-1-2-L3-clmp.fp2_repr.R1_fastqc.html
[2025-03-25 19:02:05,662] multiqc                                            [DEBUG  ]  File ignored by hicexplorer because it exceeded search pattern filesize limit: Sor-ACeb_020-Ex1-2G-lcwgs-1-2-L2-clmp.fp2_repr.R2_fastqc.html
[2025-03-25 19:02:05,675] multiqc                                            [DEBUG  ]  File ignored by longranger/invocation because it exceeded search pattern filesize limit: Sor-ACeb_020-Ex1-2G-lcwgs-1-2-L2-clmp.fp2_repr.R2_fastqc.html
[2025-03-25 19:02:05,758] multiqc                                            [DEBUG  ]  Ignoring file as matched an ignore pattern: Sor-ACeb_022-Ex1-5G-lcwgs-1-2-L3-clmp.fp2_repr.orph.fq
[2025-03-25 19:02:05,759] multiqc                                            [DEBUG  ]  Ignoring file as matched an ignore pattern: Sor-CPnd_001-Ex1-3E-lcwgs-1-2-L3-clmp.fp2_repr.orph.fq
[2025-03-25 19:02:05,759] multiqc                                            [DEBUG  ]  Ignoring file as matched an ignore pattern: Sor-CPnd_049-Ex1-3B-lcwgs-1-2-L2-clmp.fp2_repr.orph.fq
[2025-03-25 19:02:05,760] multiqc                                            [DEBUG  ]  Ignoring file as matched an ignore pattern: Sor-CPnd_015-Ex1-5F-lcwgs-1-2-L2-clmp.fp2_repr.orph.fq
[2025-03-25 19:02:05,761] multiqc                                            [DEBUG  ]  Ignoring file as matched an ignore pattern: Sor-ACeb_012-Ex1-7F-lcwgs-1-2-L2-clmp.fp2_repr.orph.fq
[2025-03-25 19:02:05,762] multiqc                                            [DEBUG  ]  Ignoring file as matched an ignore pattern: Sor-CPnd_041-Ex1-7A-lcwgs-1-2-L3-clmp.fp2_repr.orph.fq
[2025-03-25 19:02:05,762] multiqc                                            [DEBUG  ]  Ignoring file as matched an ignore pattern: Sor-ACeb_020-Ex1-2G-lcwgs-1-2-L3-clmp.fp2_repr.orph.fq
[2025-03-25 19:02:05,763] multiqc                                            [DEBUG  ]  Ignoring file as matched an ignore pattern: Sor-CPnd_007-Ex1-1C-lcwgs-1-2-L3-clmp.fp2_repr.orph.fq
[2025-03-25 19:02:05,764] multiqc                                            [DEBUG  ]  Ignoring file as matched an ignore pattern: Sor-CPnd_069-Ex1-6B-lcwgs-1-2-L3-clmp.fp2_repr.orph.fq
[2025-03-25 19:02:05,764] multiqc                                            [DEBUG  ]  Ignoring file as matched an ignore pattern: Sor-CPnd_031-Ex1-5D-lcwgs-1-2-L2-clmp.fp2_repr.orph.fq
[2025-03-25 19:02:05,765] multiqc                                            [DEBUG  ]  Ignoring file as matched an ignore pattern: Sor-ACeb_004-Ex1-11E-lcwgs-1-2-L3-clmp.fp2_repr.orph.fq
[2025-03-25 19:02:05,766] multiqc                                            [DEBUG  ]  Ignoring file as matched an ignore pattern: Sor-ACeb_001-Ex1-8E-lcwgs-1-2-L2-clmp.fp2_repr.orph.fq
[2025-03-25 19:02:05,766] multiqc                                            [DEBUG  ]  Ignoring file as matched an ignore pattern: Sor-CPnd_050-Ex1-3F-lcwgs-1-2-L2-clmp.fp2_repr.orph.fq
[2025-03-25 19:02:05,767] multiqc                                            [DEBUG  ]  Ignoring file as matched an ignore pattern: Sor-CPnd_038-Ex1-2A-lcwgs-1-2-L2-clmp.fp2_repr.orph.fq
[2025-03-25 19:02:05,768] multiqc                                            [DEBUG  ]  Ignoring file as matched an ignore pattern: Sor-ACeb_006-Ex1-1F-lcwgs-1-2-L2-clmp.fp2_repr.orph.fq
[2025-03-25 19:02:05,768] multiqc                                            [DEBUG  ]  Ignoring file as matched an ignore pattern: Sor-CPnd_020-Ex1-2E-lcwgs-1-2-L3-clmp.fp2_repr.orph.fq
[2025-03-25 19:02:05,769] multiqc                                            [DEBUG  ]  Ignoring file as matched an ignore pattern: Sor-ACeb_009-Ex1-4F-lcwgs-1-2-L3-clmp.fp2_repr.orph.fq
[2025-03-25 19:02:05,769] multiqc                                            [DEBUG  ]  Ignoring file as matched an ignore pattern: Sor-ACeb_019-Ex1-3G-lcwgs-1-2-L3-clmp.fp2_repr.orph.fq
[2025-03-25 19:02:05,770] multiqc                                            [DEBUG  ]  Ignoring file as matched an ignore pattern: Sor-CPnd_014-Ex1-1F-lcwgs-1-2-L3-clmp.fp2_repr.orph.fq
[2025-03-25 19:02:05,771] multiqc                                            [DEBUG  ]  Ignoring file as matched an ignore pattern: Sor-ACeb_003-Ex1-10E-lcwgs-1-2-L3-clmp.fp2_repr.orph.fq
[2025-03-25 19:02:05,771] multiqc                                            [DEBUG  ]  Ignoring file as matched an ignore pattern: Sor-CPnd_036-Ex1-5C-lcwgs-1-2-L2-clmp.fp2_repr.orph.fq
[2025-03-25 19:02:05,772] multiqc                                            [DEBUG  ]  Ignoring file as matched an ignore pattern: Sor-CPnd_028-Ex1-3A-lcwgs-1-2-L3-clmp.fp2_repr.orph.fq
[2025-03-25 19:02:05,773] multiqc                                            [DEBUG  ]  Ignoring file as matched an ignore pattern: Sor-ACeb_010-Ex1-5F-lcwgs-1-2-L3-clmp.fp2_repr.orph.fq
[2025-03-25 19:02:05,773] multiqc                                            [DEBUG  ]  Ignoring file as matched an ignore pattern: Sor-CPnd_026-Ex1-3H-lcwgs-1-2-L2-clmp.fp2_repr.orph.fq
[2025-03-25 19:02:05,774] multiqc                                            [DEBUG  ]  Ignoring file as matched an ignore pattern: Sor-ACeb_015-Ex1-10F-lcwgs-1-2-L2-clmp.fp2_repr.orph.fq
[2025-03-25 19:02:05,774] multiqc                                            [DEBUG  ]  Ignoring file as matched an ignore pattern: Sor-CPnd_054-Ex1-8F-lcwgs-1-2-L3-clmp.fp2_repr.orph.fq
[2025-03-25 19:02:05,775] multiqc                                            [DEBUG  ]  Ignoring file as matched an ignore pattern: Sor-CPnd_055-Ex1-7G-lcwgs-1-2-L2-clmp.fp2_repr.orph.fq
[2025-03-25 19:02:05,776] multiqc                                            [DEBUG  ]  Ignoring file as matched an ignore pattern: Sor-CPnd_030-Ex1-2H-lcwgs-1-2-L2-clmp.fp2_repr.orph.fq
[2025-03-25 19:02:05,776] multiqc                                            [DEBUG  ]  Ignoring file as matched an ignore pattern: Sor-CPnd_053-Ex1-2C-lcwgs-1-2-L3-clmp.fp2_repr.orph.fq
[2025-03-25 19:02:05,777] multiqc                                            [DEBUG  ]  Ignoring file as matched an ignore pattern: Sor-CPnd_005-Ex1-3D-lcwgs-1-2-L2-clmp.fp2_repr.orph.fq
[2025-03-25 19:02:05,778] multiqc                                            [DEBUG  ]  Ignoring file as matched an ignore pattern: Sor-CPnd_009-Ex1-6A-lcwgs-1-2-L3-clmp.fp2_repr.orph.fq
[2025-03-25 19:02:05,778] multiqc                                            [DEBUG  ]  Ignoring file as matched an ignore pattern: Sor-CPnd_012-Ex1-5B-lcwgs-1-2-L3-clmp.fp2_repr.orph.fq
[2025-03-25 19:02:05,779] multiqc                                            [DEBUG  ]  Ignoring file as matched an ignore pattern: Sor-CPnd_002-Ex1-5E-lcwgs-1-2-L3-clmp.fp2_repr.orph.fq
[2025-03-25 19:02:05,779] multiqc                                            [DEBUG  ]  Ignoring file as matched an ignore pattern: Sor-CPnd_063-Ex1-7D-lcwgs-1-2-L2-clmp.fp2_repr.orph.fq
[2025-03-25 19:02:05,780] multiqc                                            [DEBUG  ]  Ignoring file as matched an ignore pattern: Sor-CPnd_022-Ex1-7C-lcwgs-1-2-L2-clmp.fp2_repr.orph.fq
[2025-03-25 19:02:05,781] multiqc                                            [DEBUG  ]  Ignoring file as matched an ignore pattern: Sor-CPnd_052-Ex1-6D-lcwgs-1-2-L2-clmp.fp2_repr.orph.fq
[2025-03-25 19:02:05,781] multiqc                                            [DEBUG  ]  Ignoring file as matched an ignore pattern: Sor-ACeb_016-Ex1-11F-lcwgs-1-2-L3-clmp.fp2_repr.orph.fq
[2025-03-25 19:02:05,782] multiqc                                            [DEBUG  ]  Ignoring file as matched an ignore pattern: Sor-CPnd_015-Ex1-5F-lcwgs-1-2-L3-clmp.fp2_repr.orph.fq
[2025-03-25 19:02:05,783] multiqc                                            [DEBUG  ]  Ignoring file as matched an ignore pattern: Sor-ACeb_012-Ex1-7F-lcwgs-1-2-L3-clmp.fp2_repr.orph.fq
[2025-03-25 19:02:05,783] multiqc                                            [DEBUG  ]  Ignoring file as matched an ignore pattern: Sor-ACeb_022-Ex1-5G-lcwgs-1-2-L2-clmp.fp2_repr.orph.fq
[2025-03-25 19:02:05,784] multiqc                                            [DEBUG  ]  Ignoring file as matched an ignore pattern: Sor-CPnd_049-Ex1-3B-lcwgs-1-2-L3-clmp.fp2_repr.orph.fq
[2025-03-25 19:02:05,784] multiqc                                            [DEBUG  ]  Ignoring file as matched an ignore pattern: Sor-CPnd_001-Ex1-3E-lcwgs-1-2-L2-clmp.fp2_repr.orph.fq
[2025-03-25 19:02:05,785] multiqc                                            [DEBUG  ]  Ignoring file as matched an ignore pattern: Sor-CPnd_031-Ex1-5D-lcwgs-1-2-L3-clmp.fp2_repr.orph.fq
[2025-03-25 19:02:05,786] multiqc                                            [DEBUG  ]  Ignoring file as matched an ignore pattern: Sor-ACeb_004-Ex1-11E-lcwgs-1-2-L2-clmp.fp2_repr.orph.fq
[2025-03-25 19:02:05,787] multiqc                                            [DEBUG  ]  Ignoring file as matched an ignore pattern: Sor-ACeb_001-Ex1-8E-lcwgs-1-2-L3-clmp.fp2_repr.orph.fq
[2025-03-25 19:02:05,787] multiqc                                            [DEBUG  ]  Ignoring file as matched an ignore pattern: Sor-CPnd_041-Ex1-7A-lcwgs-1-2-L2-clmp.fp2_repr.orph.fq
[2025-03-25 19:02:05,788] multiqc                                            [DEBUG  ]  Ignoring file as matched an ignore pattern: Sor-ACeb_020-Ex1-2G-lcwgs-1-2-L2-clmp.fp2_repr.orph.fq
[2025-03-25 19:02:05,789] multiqc                                            [DEBUG  ]  Ignoring file as matched an ignore pattern: Sor-CPnd_007-Ex1-1C-lcwgs-1-2-L2-clmp.fp2_repr.orph.fq
[2025-03-25 19:02:05,789] multiqc                                            [DEBUG  ]  Ignoring file as matched an ignore pattern: Sor-CPnd_069-Ex1-6B-lcwgs-1-2-L2-clmp.fp2_repr.orph.fq
[2025-03-25 19:02:05,790] multiqc                                            [DEBUG  ]  Ignoring file as matched an ignore pattern: Sor-ACeb_009-Ex1-4F-lcwgs-1-2-L2-clmp.fp2_repr.orph.fq
[2025-03-25 19:02:05,791] multiqc                                            [DEBUG  ]  Ignoring file as matched an ignore pattern: Sor-CPnd_038-Ex1-2A-lcwgs-1-2-L3-clmp.fp2_repr.orph.fq
[2025-03-25 19:02:05,791] multiqc                                            [DEBUG  ]  Ignoring file as matched an ignore pattern: Sor-CPnd_050-Ex1-3F-lcwgs-1-2-L3-clmp.fp2_repr.orph.fq
[2025-03-25 19:02:05,792] multiqc                                            [DEBUG  ]  Ignoring file as matched an ignore pattern: Sor-CPnd_020-Ex1-2E-lcwgs-1-2-L2-clmp.fp2_repr.orph.fq
[2025-03-25 19:02:05,793] multiqc                                            [DEBUG  ]  Ignoring file as matched an ignore pattern: Sor-ACeb_006-Ex1-1F-lcwgs-1-2-L3-clmp.fp2_repr.orph.fq
[2025-03-25 19:02:05,793] multiqc                                            [DEBUG  ]  Ignoring file as matched an ignore pattern: Sor-CPnd_014-Ex1-1F-lcwgs-1-2-L2-clmp.fp2_repr.orph.fq
[2025-03-25 19:02:05,794] multiqc                                            [DEBUG  ]  Ignoring file as matched an ignore pattern: Sor-ACeb_003-Ex1-10E-lcwgs-1-2-L2-clmp.fp2_repr.orph.fq
[2025-03-25 19:02:05,795] multiqc                                            [DEBUG  ]  Ignoring file as matched an ignore pattern: Sor-ACeb_019-Ex1-3G-lcwgs-1-2-L2-clmp.fp2_repr.orph.fq
[2025-03-25 19:02:05,795] multiqc                                            [DEBUG  ]  Ignoring file as matched an ignore pattern: Sor-ACeb_010-Ex1-5F-lcwgs-1-2-L2-clmp.fp2_repr.orph.fq
[2025-03-25 19:02:05,796] multiqc                                            [DEBUG  ]  Ignoring file as matched an ignore pattern: Sor-CPnd_036-Ex1-5C-lcwgs-1-2-L3-clmp.fp2_repr.orph.fq
[2025-03-25 19:02:05,797] multiqc                                            [DEBUG  ]  Ignoring file as matched an ignore pattern: Sor-CPnd_028-Ex1-3A-lcwgs-1-2-L2-clmp.fp2_repr.orph.fq
[2025-03-25 19:02:05,797] multiqc                                            [DEBUG  ]  Ignoring file as matched an ignore pattern: Sor-CPnd_026-Ex1-3H-lcwgs-1-2-L3-clmp.fp2_repr.orph.fq
[2025-03-25 19:02:05,798] multiqc                                            [DEBUG  ]  Ignoring file as matched an ignore pattern: Sor-CPnd_054-Ex1-8F-lcwgs-1-2-L2-clmp.fp2_repr.orph.fq
[2025-03-25 19:02:05,799] multiqc                                            [DEBUG  ]  Ignoring file as matched an ignore pattern: Sor-ACeb_015-Ex1-10F-lcwgs-1-2-L3-clmp.fp2_repr.orph.fq
[2025-03-25 19:02:05,799] multiqc                                            [DEBUG  ]  Ignoring file as matched an ignore pattern: Sor-CPnd_053-Ex1-2C-lcwgs-1-2-L2-clmp.fp2_repr.orph.fq
[2025-03-25 19:02:05,800] multiqc                                            [DEBUG  ]  Ignoring file as matched an ignore pattern: Sor-CPnd_055-Ex1-7G-lcwgs-1-2-L3-clmp.fp2_repr.orph.fq
[2025-03-25 19:02:05,800] multiqc                                            [DEBUG  ]  Ignoring file as matched an ignore pattern: Sor-CPnd_030-Ex1-2H-lcwgs-1-2-L3-clmp.fp2_repr.orph.fq
[2025-03-25 19:02:05,801] multiqc                                            [DEBUG  ]  Ignoring file as matched an ignore pattern: Sor-CPnd_052-Ex1-6D-lcwgs-1-2-L3-clmp.fp2_repr.orph.fq
[2025-03-25 19:02:05,802] multiqc                                            [DEBUG  ]  Ignoring file as matched an ignore pattern: Sor-CPnd_022-Ex1-7C-lcwgs-1-2-L3-clmp.fp2_repr.orph.fq
[2025-03-25 19:02:05,802] multiqc                                            [DEBUG  ]  Ignoring file as matched an ignore pattern: Sor-CPnd_063-Ex1-7D-lcwgs-1-2-L3-clmp.fp2_repr.orph.fq
[2025-03-25 19:02:05,803] multiqc                                            [DEBUG  ]  Ignoring file as matched an ignore pattern: Sor-ACeb_016-Ex1-11F-lcwgs-1-2-L2-clmp.fp2_repr.orph.fq
[2025-03-25 19:02:05,804] multiqc                                            [DEBUG  ]  Ignoring file as matched an ignore pattern: Sor-CPnd_012-Ex1-5B-lcwgs-1-2-L2-clmp.fp2_repr.orph.fq
[2025-03-25 19:02:05,804] multiqc                                            [DEBUG  ]  Ignoring file as matched an ignore pattern: Sor-CPnd_009-Ex1-6A-lcwgs-1-2-L2-clmp.fp2_repr.orph.fq
[2025-03-25 19:02:05,805] multiqc                                            [DEBUG  ]  Ignoring file as matched an ignore pattern: Sor-CPnd_005-Ex1-3D-lcwgs-1-2-L3-clmp.fp2_repr.orph.fq
[2025-03-25 19:02:05,805] multiqc                                            [DEBUG  ]  Ignoring file as matched an ignore pattern: Sor-CPnd_002-Ex1-5E-lcwgs-1-2-L2-clmp.fp2_repr.orph.fq
[2025-03-25 19:02:05,806] multiqc                                            [DEBUG  ]  Ignoring file as matched an ignore pattern: Sor-CPnd_044-Ex1-8G-lcwgs-1-2-L3-clmp.fp2_repr.orph.fq
[2025-03-25 19:02:05,807] multiqc                                            [DEBUG  ]  Ignoring file as matched an ignore pattern: Sor-ACeb_018-Ex1-1G-lcwgs-1-2-L3-clmp.fp2_repr.orph.fq
[2025-03-25 19:02:05,807] multiqc                                            [DEBUG  ]  Ignoring file as matched an ignore pattern: Sor-ACeb_017-Ex1-12F-lcwgs-1-2-L3-clmp.fp2_repr.orph.fq
[2025-03-25 19:02:05,808] multiqc                                            [DEBUG  ]  Ignoring file as matched an ignore pattern: Sor-CPnd_019-Ex1-6G-lcwgs-1-2-L3-clmp.fp2_repr.orph.fq
[2025-03-25 19:02:05,808] multiqc                                            [DEBUG  ]  Ignoring file as matched an ignore pattern: Sor-CPnd_008-Ex1-1A-lcwgs-1-2-L2-clmp.fp2_repr.orph.fq
[2025-03-25 19:02:05,810] multiqc                                            [DEBUG  ]  Ignoring file as matched an ignore pattern: Sor-CPnd_029-Ex1-8E-lcwgs-1-2-L3-clmp.fp2_repr.orph.fq
[2025-03-25 19:02:05,810] multiqc                                            [DEBUG  ]  Ignoring file as matched an ignore pattern: Sor-CPnd_017-Ex1-3G-lcwgs-1-2-L3-clmp.fp2_repr.orph.fq
[2025-03-25 19:02:05,811] multiqc                                            [DEBUG  ]  Ignoring file as matched an ignore pattern: Sor-ACeb_002-Ex1-9E-lcwgs-1-2-L2-clmp.fp2_repr.orph.fq
[2025-03-25 19:02:05,811] multiqc                                            [DEBUG  ]  Ignoring file as matched an ignore pattern: Sor-CPnd_003-Ex1-2B-lcwgs-1-2-L2-clmp.fp2_repr.orph.fq
[2025-03-25 19:02:05,812] multiqc                                            [DEBUG  ]  Ignoring file as matched an ignore pattern: Sor-CPnd_024-Ex1-5G-lcwgs-1-2-L3-clmp.fp2_repr.orph.fq
[2025-03-25 19:02:05,813] multiqc                                            [DEBUG  ]  Ignoring file as matched an ignore pattern: Sor-CPnd_037-Ex1-6C-lcwgs-1-2-L3-clmp.fp2_repr.orph.fq
[2025-03-25 19:02:05,813] multiqc                                            [DEBUG  ]  Ignoring file as matched an ignore pattern: Sor-CPnd_018-Ex1-1E-lcwgs-1-2-L3-clmp.fp2_repr.orph.fq
[2025-03-25 19:02:05,814] multiqc                                            [DEBUG  ]  Ignoring file as matched an ignore pattern: Sor-ACeb_021-Ex1-4G-lcwgs-1-2-L3-clmp.fp2_repr.orph.fq
[2025-03-25 19:02:05,814] multiqc                                            [DEBUG  ]  Ignoring file as matched an ignore pattern: Sor-ACeb_011-Ex1-6F-lcwgs-1-2-L2-clmp.fp2_repr.orph.fq
[2025-03-25 19:02:05,815] multiqc                                            [DEBUG  ]  Ignoring file as matched an ignore pattern: Sor-CPnd_043-Ex1-1D-lcwgs-1-2-L3-clmp.fp2_repr.orph.fq
[2025-03-25 19:02:05,816] multiqc                                            [DEBUG  ]  Ignoring file as matched an ignore pattern: Sor-CPnd_058-Ex1-2G-lcwgs-1-2-L3-clmp.fp2_repr.orph.fq
[2025-03-25 19:02:05,816] multiqc                                            [DEBUG  ]  Ignoring file as matched an ignore pattern: Sor-CPnd_072-Ex1-8C-lcwgs-1-2-L3-clmp.fp2_repr.orph.fq
[2025-03-25 19:02:05,817] multiqc                                            [DEBUG  ]  Ignoring file as matched an ignore pattern: Sor-CPnd_045-Ex1-7B-lcwgs-1-2-L3-clmp.fp2_repr.orph.fq
[2025-03-25 19:02:05,817] multiqc                                            [DEBUG  ]  Ignoring file as matched an ignore pattern: Sor-CPnd_027-Ex1-3C-lcwgs-1-2-L2-clmp.fp2_repr.orph.fq
[2025-03-25 19:02:05,818] multiqc                                            [DEBUG  ]  Ignoring file as matched an ignore pattern: Sor-CPnd_013-Ex1-7F-lcwgs-1-2-L2-clmp.fp2_repr.orph.fq
[2025-03-25 19:02:05,819] multiqc                                            [DEBUG  ]  Ignoring file as matched an ignore pattern: Sor-CPnd_006-Ex1-2D-lcwgs-1-2-L2-clmp.fp2_repr.orph.fq
[2025-03-25 19:02:05,819] multiqc                                            [DEBUG  ]  Ignoring file as matched an ignore pattern: Sor-ACeb_013-Ex1-8F-lcwgs-1-2-L3-clmp.fp2_repr.orph.fq
[2025-03-25 19:02:05,820] multiqc                                            [DEBUG  ]  Ignoring file as matched an ignore pattern: Sor-ACeb_008-Ex1-3F-lcwgs-1-2-L2-clmp.fp2_repr.orph.fq
[2025-03-25 19:02:05,821] multiqc                                            [DEBUG  ]  Ignoring file as matched an ignore pattern: Sor-CPnd_033-Ex1-2F-lcwgs-1-2-L3-clmp.fp2_repr.orph.fq
[2025-03-25 19:02:05,821] multiqc                                            [DEBUG  ]  Ignoring file as matched an ignore pattern: Sor-ACeb_007-Ex1-2F-lcwgs-1-2-L3-clmp.fp2_repr.orph.fq
[2025-03-25 19:02:05,822] multiqc                                            [DEBUG  ]  Ignoring file as matched an ignore pattern: Sor-CPnd_034-Ex1-4G-lcwgs-1-2-L2-clmp.fp2_repr.orph.fq
[2025-03-25 19:02:05,822] multiqc                                            [DEBUG  ]  Ignoring file as matched an ignore pattern: Undetermined-L2-clmp.fp2_repr.orph.fq
[2025-03-25 19:02:05,823] multiqc                                            [DEBUG  ]  Ignoring file as matched an ignore pattern: Sor-CPnd_004-Ex1-1G-lcwgs-1-2-L3-clmp.fp2_repr.orph.fq
[2025-03-25 19:02:05,824] multiqc                                            [DEBUG  ]  Ignoring file as matched an ignore pattern: Sor-ACeb_005-Ex1-12E-lcwgs-1-2-L3-clmp.fp2_repr.orph.fq
[2025-03-25 19:02:05,824] multiqc                                            [DEBUG  ]  Ignoring file as matched an ignore pattern: Sor-CPnd_016-Ex1-1B-lcwgs-1-2-L2-clmp.fp2_repr.orph.fq
[2025-03-25 19:02:05,825] multiqc                                            [DEBUG  ]  Ignoring file as matched an ignore pattern: Sor-CPnd_066-Ex1-8B-lcwgs-1-2-L2-clmp.fp2_repr.orph.fq
[2025-03-25 19:02:05,825] multiqc                                            [DEBUG  ]  Ignoring file as matched an ignore pattern: Sor-CPnd_010-Ex1-1H-lcwgs-1-2-L2-clmp.fp2_repr.orph.fq
[2025-03-25 19:02:05,826] multiqc                                            [DEBUG  ]  Ignoring file as matched an ignore pattern: Sor-ACeb_014-Ex1-9F-lcwgs-1-2-L2-clmp.fp2_repr.orph.fq
[2025-03-25 19:02:05,827] multiqc                                            [DEBUG  ]  Ignoring file as matched an ignore pattern: Sor-CPnd_046-Ex1-5A-lcwgs-1-2-L2-clmp.fp2_repr.orph.fq
[2025-03-25 19:02:05,827] multiqc                                            [DEBUG  ]  Ignoring file as matched an ignore pattern: Sor-ACeb_017-Ex1-12F-lcwgs-1-2-L2-clmp.fp2_repr.orph.fq
[2025-03-25 19:02:05,828] multiqc                                            [DEBUG  ]  Ignoring file as matched an ignore pattern: Sor-CPnd_019-Ex1-6G-lcwgs-1-2-L2-clmp.fp2_repr.orph.fq
[2025-03-25 19:02:05,829] multiqc                                            [DEBUG  ]  Ignoring file as matched an ignore pattern: Sor-ACeb_018-Ex1-1G-lcwgs-1-2-L2-clmp.fp2_repr.orph.fq
[2025-03-25 19:02:05,829] multiqc                                            [DEBUG  ]  Ignoring file as matched an ignore pattern: Sor-CPnd_044-Ex1-8G-lcwgs-1-2-L2-clmp.fp2_repr.orph.fq
[2025-03-25 19:02:05,830] multiqc                                            [DEBUG  ]  Ignoring file as matched an ignore pattern: Sor-CPnd_008-Ex1-1A-lcwgs-1-2-L3-clmp.fp2_repr.orph.fq
[2025-03-25 19:02:05,830] multiqc                                            [DEBUG  ]  Ignoring file as matched an ignore pattern: Sor-CPnd_029-Ex1-8E-lcwgs-1-2-L2-clmp.fp2_repr.orph.fq
[2025-03-25 19:02:05,831] multiqc                                            [DEBUG  ]  Ignoring file as matched an ignore pattern: Sor-ACeb_002-Ex1-9E-lcwgs-1-2-L3-clmp.fp2_repr.orph.fq
[2025-03-25 19:02:05,832] multiqc                                            [DEBUG  ]  Ignoring file as matched an ignore pattern: Sor-CPnd_017-Ex1-3G-lcwgs-1-2-L2-clmp.fp2_repr.orph.fq
[2025-03-25 19:02:05,832] multiqc                                            [DEBUG  ]  Ignoring file as matched an ignore pattern: Sor-ACeb_011-Ex1-6F-lcwgs-1-2-L3-clmp.fp2_repr.orph.fq
[2025-03-25 19:02:05,833] multiqc                                            [DEBUG  ]  Ignoring file as matched an ignore pattern: Sor-CPnd_058-Ex1-2G-lcwgs-1-2-L2-clmp.fp2_repr.orph.fq
[2025-03-25 19:02:05,833] multiqc                                            [DEBUG  ]  Ignoring file as matched an ignore pattern: Sor-CPnd_043-Ex1-1D-lcwgs-1-2-L2-clmp.fp2_repr.orph.fq
[2025-03-25 19:02:05,834] multiqc                                            [DEBUG  ]  Ignoring file as matched an ignore pattern: Sor-CPnd_072-Ex1-8C-lcwgs-1-2-L2-clmp.fp2_repr.orph.fq
[2025-03-25 19:02:05,835] multiqc                                            [DEBUG  ]  Ignoring file as matched an ignore pattern: Sor-CPnd_045-Ex1-7B-lcwgs-1-2-L2-clmp.fp2_repr.orph.fq
[2025-03-25 19:02:05,835] multiqc                                            [DEBUG  ]  Ignoring file as matched an ignore pattern: Sor-CPnd_003-Ex1-2B-lcwgs-1-2-L3-clmp.fp2_repr.orph.fq
[2025-03-25 19:02:05,836] multiqc                                            [DEBUG  ]  Ignoring file as matched an ignore pattern: Sor-CPnd_018-Ex1-1E-lcwgs-1-2-L2-clmp.fp2_repr.orph.fq
[2025-03-25 19:02:05,836] multiqc                                            [DEBUG  ]  Ignoring file as matched an ignore pattern: Sor-ACeb_021-Ex1-4G-lcwgs-1-2-L2-clmp.fp2_repr.orph.fq
[2025-03-25 19:02:05,837] multiqc                                            [DEBUG  ]  Ignoring file as matched an ignore pattern: Sor-CPnd_024-Ex1-5G-lcwgs-1-2-L2-clmp.fp2_repr.orph.fq
[2025-03-25 19:02:05,838] multiqc                                            [DEBUG  ]  Ignoring file as matched an ignore pattern: Sor-CPnd_037-Ex1-6C-lcwgs-1-2-L2-clmp.fp2_repr.orph.fq
[2025-03-25 19:02:05,838] multiqc                                            [DEBUG  ]  Ignoring file as matched an ignore pattern: Sor-ACeb_013-Ex1-8F-lcwgs-1-2-L2-clmp.fp2_repr.orph.fq
[2025-03-25 19:02:05,839] multiqc                                            [DEBUG  ]  Ignoring file as matched an ignore pattern: Sor-ACeb_008-Ex1-3F-lcwgs-1-2-L3-clmp.fp2_repr.orph.fq
[2025-03-25 19:02:05,839] multiqc                                            [DEBUG  ]  Ignoring file as matched an ignore pattern: Sor-CPnd_006-Ex1-2D-lcwgs-1-2-L3-clmp.fp2_repr.orph.fq
[2025-03-25 19:02:05,840] multiqc                                            [DEBUG  ]  Ignoring file as matched an ignore pattern: Sor-CPnd_013-Ex1-7F-lcwgs-1-2-L3-clmp.fp2_repr.orph.fq
[2025-03-25 19:02:05,841] multiqc                                            [DEBUG  ]  Ignoring file as matched an ignore pattern: Sor-CPnd_027-Ex1-3C-lcwgs-1-2-L3-clmp.fp2_repr.orph.fq
[2025-03-25 19:02:05,841] multiqc                                            [DEBUG  ]  Ignoring file as matched an ignore pattern: Undetermined-L3-clmp.fp2_repr.orph.fq
[2025-03-25 19:02:05,842] multiqc                                            [DEBUG  ]  Ignoring file as matched an ignore pattern: Sor-CPnd_033-Ex1-2F-lcwgs-1-2-L2-clmp.fp2_repr.orph.fq
[2025-03-25 19:02:05,842] multiqc                                            [DEBUG  ]  Ignoring file as matched an ignore pattern: Sor-ACeb_007-Ex1-2F-lcwgs-1-2-L2-clmp.fp2_repr.orph.fq
[2025-03-25 19:02:05,843] multiqc                                            [DEBUG  ]  Ignoring file as matched an ignore pattern: Sor-CPnd_034-Ex1-4G-lcwgs-1-2-L3-clmp.fp2_repr.orph.fq
[2025-03-25 19:02:05,844] multiqc                                            [DEBUG  ]  Ignoring file as matched an ignore pattern: Sor-ACeb_005-Ex1-12E-lcwgs-1-2-L2-clmp.fp2_repr.orph.fq
[2025-03-25 19:02:05,844] multiqc                                            [DEBUG  ]  Ignoring file as matched an ignore pattern: Sor-CPnd_066-Ex1-8B-lcwgs-1-2-L3-clmp.fp2_repr.orph.fq
[2025-03-25 19:02:05,845] multiqc                                            [DEBUG  ]  Ignoring file as matched an ignore pattern: Sor-CPnd_016-Ex1-1B-lcwgs-1-2-L3-clmp.fp2_repr.orph.fq
[2025-03-25 19:02:05,846] multiqc                                            [DEBUG  ]  Ignoring file as matched an ignore pattern: Sor-CPnd_004-Ex1-1G-lcwgs-1-2-L2-clmp.fp2_repr.orph.fq
[2025-03-25 19:02:05,846] multiqc                                            [DEBUG  ]  Ignoring file as matched an ignore pattern: Sor-CPnd_046-Ex1-5A-lcwgs-1-2-L3-clmp.fp2_repr.orph.fq
[2025-03-25 19:02:05,847] multiqc                                            [DEBUG  ]  Ignoring file as matched an ignore pattern: Sor-ACeb_014-Ex1-9F-lcwgs-1-2-L3-clmp.fp2_repr.orph.fq
[2025-03-25 19:02:05,848] multiqc                                            [DEBUG  ]  Ignoring file as matched an ignore pattern: Sor-CPnd_010-Ex1-1H-lcwgs-1-2-L3-clmp.fp2_repr.orph.fq
[2025-03-25 19:02:06,947] multiqc.plots.bargraph                             [DEBUG  ]  Using matplotlib version 3.1.2
[2025-03-25 19:02:06,951] multiqc.plots.linegraph                            [DEBUG  ]  Using matplotlib version 3.1.2
[2025-03-25 19:02:06,953] multiqc                                            [DEBUG  ]  No samples found: custom_content
[2025-03-25 19:02:06,967] multiqc                                            [DEBUG  ]  No samples found: conpair
[2025-03-25 19:02:06,991] multiqc                                            [DEBUG  ]  No samples found: peddy
[2025-03-25 19:02:07,019] multiqc                                            [DEBUG  ]  No samples found: somalier
[2025-03-25 19:02:07,057] multiqc                                            [DEBUG  ]  No samples found: methylQA
[2025-03-25 19:02:07,087] multiqc                                            [DEBUG  ]  No samples found: mosdepth
[2025-03-25 19:02:07,100] multiqc                                            [DEBUG  ]  No samples found: phantompeakqualtools
[2025-03-25 19:02:07,107] multiqc                                            [DEBUG  ]  No samples found: qualimap
[2025-03-25 19:02:07,119] multiqc                                            [DEBUG  ]  No samples found: preseq
[2025-03-25 19:02:07,131] multiqc                                            [DEBUG  ]  No samples found: quast
[2025-03-25 19:02:07,142] multiqc                                            [DEBUG  ]  No samples found: qorts
[2025-03-25 19:02:07,155] multiqc                                            [DEBUG  ]  No samples found: rna_seqc
[2025-03-25 19:02:07,176] multiqc                                            [DEBUG  ]  No samples found: rockhopper
[2025-03-25 19:02:07,186] multiqc                                            [DEBUG  ]  No samples found: rsem
[2025-03-25 19:02:07,210] multiqc                                            [DEBUG  ]  No samples found: rseqc
[2025-03-25 19:02:07,239] multiqc                                            [DEBUG  ]  No samples found: busco
[2025-03-25 19:02:07,274] multiqc                                            [DEBUG  ]  No samples found: goleft_indexcov
[2025-03-25 19:02:07,314] multiqc                                            [DEBUG  ]  No samples found: disambiguate
[2025-03-25 19:02:07,330] multiqc                                            [DEBUG  ]  No samples found: supernova
[2025-03-25 19:02:07,365] multiqc                                            [DEBUG  ]  No samples found: deeptools
[2025-03-25 19:02:07,380] multiqc                                            [DEBUG  ]  No samples found: sargasso
[2025-03-25 19:02:07,395] multiqc                                            [DEBUG  ]  No samples found: verifybamid
[2025-03-25 19:02:07,410] multiqc                                            [DEBUG  ]  No samples found: mirtrace
[2025-03-25 19:02:07,429] multiqc                                            [DEBUG  ]  No samples found: happy
[2025-03-25 19:02:07,443] multiqc                                            [DEBUG  ]  No samples found: mirtop
[2025-03-25 19:02:07,460] multiqc                                            [DEBUG  ]  No samples found: homer
[2025-03-25 19:02:07,473] multiqc                                            [DEBUG  ]  No samples found: macs2
[2025-03-25 19:02:07,490] multiqc                                            [DEBUG  ]  No samples found: theta2
[2025-03-25 19:02:07,505] multiqc                                            [DEBUG  ]  No samples found: snpeff
[2025-03-25 19:02:07,519] multiqc                                            [DEBUG  ]  No samples found: gatk
[2025-03-25 19:02:07,534] multiqc                                            [DEBUG  ]  No samples found: htseq
[2025-03-25 19:02:07,549] multiqc                                            [DEBUG  ]  No samples found: bcftools
[2025-03-25 19:02:07,566] multiqc                                            [DEBUG  ]  No samples found: featureCounts
[2025-03-25 19:02:07,585] multiqc                                            [DEBUG  ]  No samples found: fgbio
[2025-03-25 19:02:07,609] multiqc                                            [DEBUG  ]  No samples found: dragen
[2025-03-25 19:02:07,618] multiqc                                            [DEBUG  ]  No samples found: dedup
[2025-03-25 19:02:07,631] multiqc                                            [DEBUG  ]  No samples found: damageprofiler
[2025-03-25 19:02:07,686] multiqc                                            [DEBUG  ]  No samples found: biobambam2
[2025-03-25 19:02:07,700] multiqc                                            [DEBUG  ]  No samples found: mtnucratio
[2025-03-25 19:02:07,705] multiqc                                            [DEBUG  ]  No samples found: picard
[2025-03-25 19:02:07,717] multiqc                                            [DEBUG  ]  No samples found: prokka
[2025-03-25 19:02:07,728] multiqc                                            [DEBUG  ]  No samples found: samblaster
[2025-03-25 19:02:07,750] multiqc                                            [DEBUG  ]  No samples found: samtools
[2025-03-25 19:02:07,762] multiqc                                            [DEBUG  ]  No samples found: sexdeterrmine
[2025-03-25 19:02:07,781] multiqc                                            [DEBUG  ]  No samples found: bamtools
[2025-03-25 19:02:07,795] multiqc                                            [DEBUG  ]  No samples found: jellyfish
[2025-03-25 19:02:07,816] multiqc                                            [DEBUG  ]  No samples found: vcftools
[2025-03-25 19:02:07,831] multiqc                                            [DEBUG  ]  No samples found: longranger
[2025-03-25 19:02:07,843] multiqc                                            [DEBUG  ]  No samples found: stacks
[2025-03-25 19:02:07,855] multiqc                                            [DEBUG  ]  No samples found: varscan2
[2025-03-25 19:02:07,889] multiqc                                            [DEBUG  ]  No samples found: bbmap
[2025-03-25 19:02:07,906] multiqc                                            [DEBUG  ]  No samples found: bismark
[2025-03-25 19:02:07,922] multiqc                                            [DEBUG  ]  No samples found: biscuit
[2025-03-25 19:02:07,936] multiqc                                            [DEBUG  ]  No samples found: hicexplorer
[2025-03-25 19:02:07,948] multiqc                                            [DEBUG  ]  No samples found: hicup
[2025-03-25 19:02:07,960] multiqc                                            [DEBUG  ]  No samples found: hicpro
[2025-03-25 19:02:07,974] multiqc                                            [DEBUG  ]  No samples found: salmon
[2025-03-25 19:02:07,988] multiqc                                            [DEBUG  ]  No samples found: kallisto
[2025-03-25 19:02:07,999] multiqc                                            [DEBUG  ]  No samples found: slamdunk
[2025-03-25 19:02:08,012] multiqc                                            [DEBUG  ]  No samples found: star
[2025-03-25 19:02:08,024] multiqc                                            [DEBUG  ]  No samples found: hisat2
[2025-03-25 19:02:08,038] multiqc                                            [DEBUG  ]  No samples found: tophat
[2025-03-25 19:02:08,048] multiqc                                            [DEBUG  ]  No samples found: bowtie2
[2025-03-25 19:02:08,058] multiqc                                            [DEBUG  ]  No samples found: bowtie1
[2025-03-25 19:02:08,070] multiqc                                            [DEBUG  ]  No samples found: snpsplit
[2025-03-25 19:02:08,080] multiqc                                            [DEBUG  ]  No samples found: kat
[2025-03-25 19:02:08,091] multiqc                                            [DEBUG  ]  No samples found: leehom
[2025-03-25 19:02:08,104] multiqc                                            [DEBUG  ]  No samples found: adapterRemoval
[2025-03-25 19:02:08,115] multiqc                                            [DEBUG  ]  No samples found: clipandmerge
[2025-03-25 19:02:08,128] multiqc                                            [DEBUG  ]  No samples found: cutadapt
[2025-03-25 19:02:08,142] multiqc                                            [DEBUG  ]  No samples found: flexbar
[2025-03-25 19:02:08,154] multiqc                                            [DEBUG  ]  No samples found: kaiju
[2025-03-25 19:02:08,167] multiqc                                            [DEBUG  ]  No samples found: kraken
[2025-03-25 19:02:08,179] multiqc                                            [DEBUG  ]  No samples found: malt
[2025-03-25 19:02:08,191] multiqc                                            [DEBUG  ]  No samples found: trimmomatic
[2025-03-25 19:02:08,203] multiqc                                            [DEBUG  ]  No samples found: sickle
[2025-03-25 19:02:08,215] multiqc                                            [DEBUG  ]  No samples found: skewer
[2025-03-25 19:02:08,227] multiqc                                            [DEBUG  ]  No samples found: sortmerna
[2025-03-25 19:02:08,239] multiqc                                            [DEBUG  ]  No samples found: biobloomtools
[2025-03-25 19:02:08,255] multiqc                                            [DEBUG  ]  No samples found: fastq_screen
[2025-03-25 19:02:08,270] multiqc                                            [DEBUG  ]  No samples found: afterqc
[2025-03-25 19:02:08,286] multiqc                                            [DEBUG  ]  No samples found: fastp
[2025-03-25 19:02:31,418] multiqc.modules.fastqc.fastqc                      [INFO   ]  Found 284 reports
[2025-03-25 19:03:38,270] multiqc                                            [DEBUG  ]  No samples found: pycoqc
[2025-03-25 19:03:38,277] multiqc                                            [DEBUG  ]  No samples found: minionqc
[2025-03-25 19:03:38,286] multiqc                                            [DEBUG  ]  No samples found: multivcfanalyzer
[2025-03-25 19:03:38,296] multiqc                                            [DEBUG  ]  No samples found: clusterflow
[2025-03-25 19:03:38,304] multiqc                                            [DEBUG  ]  No samples found: bcl2fastq
[2025-03-25 19:03:38,313] multiqc                                            [DEBUG  ]  No samples found: interop
[2025-03-25 19:03:38,320] multiqc                                            [DEBUG  ]  No samples found: ivar
[2025-03-25 19:03:38,327] multiqc                                            [DEBUG  ]  No samples found: flash
[2025-03-25 19:03:38,335] multiqc                                            [DEBUG  ]  No samples found: seqyclean
[2025-03-25 19:03:38,741] multiqc                                            [INFO   ]  Compressing plot data
[2025-03-25 19:03:42,896] multiqc                                            [INFO   ]  Report      : fq_fp1_clmp_fp2_fqscrn_rprd/fqc_rprd_report.html
[2025-03-25 19:03:42,896] multiqc                                            [INFO   ]  Data        : fq_fp1_clmp_fp2_fqscrn_rprd/fqc_rprd_report_data
[2025-03-25 19:03:42,897] multiqc                                            [DEBUG  ]  Moving data file from '/tmp/tmp4uoaclir/multiqc_data' to './fq_fp1_clmp_fp2_fqscrn_rprd/fqc_rprd_report_data'
[2025-03-25 19:03:42,962] multiqc                                            [INFO   ]  Plots       : fq_fp1_clmp_fp2_fqscrn_rprd/fqc_rprd_report_plots
[2025-03-25 19:03:42,963] multiqc                                            [DEBUG  ]  Moving plots directory from '/tmp/tmp4uoaclir/multiqc_plots' to './fq_fp1_clmp_fp2_fqscrn_rprd/fqc_rprd_report_plots'
[2025-03-25 19:03:43,245] multiqc                                            [INFO   ]  MultiQC complete
