#
# There is insufficient memory for the Java Runtime Environment to continue.
# Native memory allocation (mmap) failed to map 16384 bytes for committing reserved memory.
# Possible reasons:
#   The system is out of physical RAM or swap space
# Possible solutions:
#   Reduce memory load on the system
#   Increase physical memory or swap space
#   Check if swap backing store is full
#   Decrease Java heap size (-Xmx/-Xms)
#   Decrease number of Java threads
#   Decrease Java thread stack sizes (-Xss)
#   Set larger code cache with -XX:ReservedCodeCacheSize=
# This output file may be truncated or incomplete.
#
#  Out of Memory Error (os_linux.cpp:2913), pid=3505753, tid=88744
#
# JRE version: OpenJDK Runtime Environment (11.0.9.1) (build 11.0.9.1-internal+0-adhoc..src)
# Java VM: OpenJDK 64-Bit Server VM (11.0.9.1-internal+0-adhoc..src, mixed mode, tiered, g1 gc, linux-amd64)
# Core dump will be written. Default location: Core dumps may be processed with "/usr/lib/systemd/systemd-coredump %P %u %g %s %t %c %h" (or dumping to /archive/carpenterlab/pire/pire_sphaeramia_orbicularis_lcwgs/2nd_sequencing_run/core.3505753)
#

---------------  S U M M A R Y ------------

Command Line: -ea -Xmx180g -Xms180g clump.Clumpify in=fq_fp1_clmp_rpt/Undetermined-L3-r1.fq.gz in2=fq_fp1_clmp_rpt/Undetermined-L3-r2.fq.gz out=fq_fp1_clmp/Undetermined-L3-clmp.r1.fq.gz out2=fq_fp1_clmp/Undetermined-L3-clmp.r2.fq.gz groups=14514 overwrite=t usetmpdir=t tmpdir=/scratch/hpc-0373 deletetemp=t dedupe=t addcount=t subs=2 containment=t consensus=f -Xmx180g

Host: Intel(R) Xeon(R) Gold 6148 CPU @ 2.40GHz, 40 cores, 376G, CentOS Stream release 8
Time: Tue Mar  4 14:49:52 2025 EST elapsed time: 2362.251854 seconds (0d 0h 39m 22s)

---------------  T H R E A D  ---------------

Current thread (0x0000150e5fa71000):  JavaThread "Thread-366666" [_thread_new, id=88744, stack(0x000014dee34f5000,0x000014dee35f6000)]

Stack: [0x000014dee34f5000,0x000014dee35f6000],  sp=0x000014dee35f49c0,  free space=1022k
Native frames: (J=compiled Java code, A=aot compiled Java code, j=interpreted, Vv=VM code, C=native code)
V  [libjvm.so+0xd657ea]  VMError::report_and_die(int, char const*, char const*, __va_list_tag*, Thread*, unsigned char*, void*, void*, char const*, int, unsigned long)+0x38a
V  [libjvm.so+0xd6645d]  VMError::report_and_die(Thread*, char const*, int, unsigned long, VMErrorType, char const*, __va_list_tag*)+0x2d
V  [libjvm.so+0x651c39]  report_vm_out_of_memory(char const*, int, unsigned long, VMErrorType, char const*, ...)+0xd9
V  [libjvm.so+0xb73a2c]  os::pd_commit_memory(char*, unsigned long, bool)+0xdc
V  [libjvm.so+0xb6a47f]  os::commit_memory(char*, unsigned long, bool)+0x2f
V  [libjvm.so+0xb744f6]  os::pd_create_stack_guard_pages(char*, unsigned long)+0x66
V  [libjvm.so+0xcffccc]  JavaThread::run()+0x7c
V  [libjvm.so+0xcfbde0]  Thread::call_run()+0x150
V  [libjvm.so+0xb78891]  thread_native_entry(Thread*)+0x101


---------------  P R O C E S S  ---------------

Threads class SMR info:
_java_thread_list=0x000014dc7800ea50, length=51, elements={
0x0000150e5c015000, 0x0000150e5fa43800, 0x0000150e5fa47800, 0x0000150e5fa5c000,
0x0000150e5fa5e800, 0x0000150e5fa60800, 0x0000150e5fa62800, 0x0000150e5fb18800,
0x0000150e5fb27000, 0x0000150e5fbc5000, 0x0000150e5fbc8800, 0x0000150e5fbef000,
0x0000150e5fbeb800, 0x0000150e5fbbe000, 0x000014def56bc800, 0x000014dcd402c000,
0x000014dcd4015800, 0x000014dcd4030000, 0x000014dca4051800, 0x000014dcc8010800,
0x000014dcec02d000, 0x000014dcd4010800, 0x000014dcc8011800, 0x000014dcb0028800,
0x000014dcbc069000, 0x000014dcd4011800, 0x000014dcb0029800, 0x000014dc8c024000,
0x000014dcbc0d4800, 0x000014dc5c04d800, 0x000014dcc0010800, 0x000014dccc069800,
0x000014dcb4074000, 0x000014dcb006b800, 0x000014dc7c012000, 0x000014dc8c05f000,
0x0000150e5fc8b000, 0x0000150e5fa71000, 0x0000150e5fbe2800, 0x0000150e5fbd1800,
0x0000150e5fc87800, 0x0000150e5fbdc000, 0x000014d7f7ff5800, 0x0000150e5fbd8800,
0x0000150e5fa1b800, 0x000014d7b905f800, 0x0000150e5fa8f800, 0x0000150e5fc3a000,
0x0000150e5fbbb000, 0x000014d8f8000800, 0x0000150e5fbe8800
}

Java Threads: ( => current thread )
  0x0000150e5c015000 JavaThread "main" [_thread_blocked, id=3505755, stack(0x0000150e63381000,0x0000150e63482000)]
  0x0000150e5fa43800 JavaThread "Reference Handler" daemon [_thread_blocked, id=3505770, stack(0x000014df945fd000,0x000014df946fe000)]
  0x0000150e5fa47800 JavaThread "Finalizer" daemon [_thread_blocked, id=3505771, stack(0x000014df944fc000,0x000014df945fd000)]
  0x0000150e5fa5c000 JavaThread "Signal Dispatcher" daemon [_thread_blocked, id=3505776, stack(0x000014df94116000,0x000014df94217000)]
  0x0000150e5fa5e800 JavaThread "C2 CompilerThread0" daemon [_thread_blocked, id=3505777, stack(0x000014df94015000,0x000014df94116000)]
  0x0000150e5fa60800 JavaThread "C1 CompilerThread0" daemon [_thread_blocked, id=3505778, stack(0x000014df8deff000,0x000014df8e000000)]
  0x0000150e5fa62800 JavaThread "Sweeper thread" daemon [_thread_blocked, id=3505779, stack(0x000014df8ddfe000,0x000014df8deff000)]
  0x0000150e5fb18800 JavaThread "Service Thread" daemon [_thread_blocked, id=3505784, stack(0x000014df8dbfc000,0x000014df8dcfd000)]
  0x0000150e5fb27000 JavaThread "Common-Cleaner" daemon [_thread_blocked, id=3505787, stack(0x000014df8d9f9000,0x000014df8dafa000)]
  0x0000150e5fbc5000 JavaThread "process reaper" daemon [_thread_in_native, id=3535310, stack(0x0000150e60060000,0x0000150e60082000)]
  0x0000150e5fbc8800 JavaThread "process reaper" daemon [_thread_in_native, id=3535313, stack(0x0000150e6003e000,0x0000150e60060000)]
  0x0000150e5fbef000 JavaThread "Thread-14539" [_thread_blocked, id=3535315, stack(0x000014d60d2d3000,0x000014d60d3d4000)]
  0x0000150e5fbeb800 JavaThread "Thread-14541" [_thread_blocked, id=3535316, stack(0x000014d60d1d2000,0x000014d60d2d3000)]
  0x0000150e5fbbe000 JavaThread "Thread-14543" [_thread_blocked, id=3535317, stack(0x000014d60d3d4000,0x000014d60d4d5000)]
  0x000014def56bc800 JavaThread "Thread-14544" [_thread_blocked, id=3535318, stack(0x000014d60d0d1000,0x000014d60d1d2000)]
  0x000014dcd402c000 JavaThread "process reaper" daemon [_thread_blocked, id=3535320, stack(0x0000150e6001c000,0x0000150e6003e000)]
  0x000014dcd4015800 JavaThread "ForkJoinPool.commonPool-worker-51" daemon [_thread_blocked, id=3535356, stack(0x000014d60dedf000,0x000014d60dfe0000)]
  0x000014dcd4030000 JavaThread "ForkJoinPool.commonPool-worker-37" daemon [_thread_blocked, id=3535357, stack(0x000014d60d7d8000,0x000014d60d8d9000)]
  0x000014dca4051800 JavaThread "ForkJoinPool.commonPool-worker-23" daemon [_thread_blocked, id=3535358, stack(0x000014d60ddde000,0x000014d60dedf000)]
  0x000014dcc8010800 JavaThread "ForkJoinPool.commonPool-worker-9" daemon [_thread_blocked, id=3535359, stack(0x000014d60dadb000,0x000014d60dbdc000)]
  0x000014dcec02d000 JavaThread "process reaper" daemon [_thread_blocked, id=3535562, stack(0x0000150e44077000,0x0000150e44099000)]
  0x000014dcd4010800 JavaThread "ForkJoinPool.commonPool-worker-59" daemon [_thread_blocked, id=3535579, stack(0x000014d60d8d9000,0x000014d60d9da000)]
  0x000014dcc8011800 JavaThread "ForkJoinPool.commonPool-worker-31" daemon [_thread_blocked, id=3535580, stack(0x000014d60e2e3000,0x000014d60e3e4000)]
  0x000014dcb0028800 JavaThread "ForkJoinPool.commonPool-worker-45" daemon [_thread_blocked, id=3535581, stack(0x000014d60e3e4000,0x000014d60e4e5000)]
  0x000014dcbc069000 JavaThread "ForkJoinPool.commonPool-worker-3" daemon [_thread_blocked, id=3535582, stack(0x000014d60e4e5000,0x000014d60e5e6000)]
  0x000014dcd4011800 JavaThread "ForkJoinPool.commonPool-worker-17" daemon [_thread_blocked, id=3535583, stack(0x000014d60d5d6000,0x000014d60d6d7000)]
  0x000014dcb0029800 JavaThread "ForkJoinPool.commonPool-worker-53" daemon [_thread_blocked, id=3535760, stack(0x000014d60e8e9000,0x000014d60e9ea000)]
  0x000014dc8c024000 JavaThread "ForkJoinPool.commonPool-worker-61" daemon [_thread_blocked, id=3535761, stack(0x000014d60e6e7000,0x000014d60e7e8000)]
  0x000014dcbc0d4800 JavaThread "ForkJoinPool.commonPool-worker-11" daemon [_thread_blocked, id=3535762, stack(0x000014d60edee000,0x000014d60eeef000)]
  0x000014dc5c04d800 JavaThread "ForkJoinPool.commonPool-worker-25" daemon [_thread_blocked, id=3535763, stack(0x000014d60d4d5000,0x000014d60d5d6000)]
  0x000014dcc0010800 JavaThread "ForkJoinPool.commonPool-worker-33" daemon [_thread_blocked, id=3535764, stack(0x000014df8ceee000,0x000014df8cfef000)]
  0x000014dccc069800 JavaThread "ForkJoinPool.commonPool-worker-19" daemon [_thread_blocked, id=3535765, stack(0x000014df8c9e9000,0x000014df8caea000)]
  0x000014dcb4074000 JavaThread "ForkJoinPool.commonPool-worker-39" daemon [_thread_blocked, id=3535766, stack(0x000014df8cded000,0x000014df8ceee000)]
  0x000014dcb006b800 JavaThread "ForkJoinPool.commonPool-worker-47" daemon [_thread_blocked, id=3535767, stack(0x000014df8d1f1000,0x000014df8d2f2000)]
  0x000014dc7c012000 JavaThread "ForkJoinPool.commonPool-worker-55" daemon [_thread_blocked, id=3536172, stack(0x000014df8cfef000,0x000014df8d0f0000)]
  0x000014dc8c05f000 JavaThread "ForkJoinPool.commonPool-worker-5" daemon [_thread_blocked, id=3536173, stack(0x000014df8d6f6000,0x000014df8d7f7000)]
  0x0000150e5fc8b000 JavaThread "Thread-366665" [_thread_new, id=88743, stack(0x000014dee31f2000,0x000014dee32f3000)]
=>0x0000150e5fa71000 JavaThread "Thread-366666" [_thread_new, id=88744, stack(0x000014dee34f5000,0x000014dee35f6000)]
  0x0000150e5fbe2800 JavaThread "Thread-366667" [_thread_new, id=88745, stack(0x000014df8c4e4000,0x000014df8c5e5000)]
  0x0000150e5fbd1800 JavaThread "Thread-366668" [_thread_new, id=88746, stack(0x000014df8d4f4000,0x000014df8d5f5000)]
  0x0000150e5fc87800 JavaThread "Thread-366669" [_thread_new, id=88747, stack(0x000014df8cbeb000,0x000014df8ccec000)]
  0x0000150e5fbdc000 JavaThread "Thread-366670" [_thread_new, id=88748, stack(0x000014df8c3e3000,0x000014df8c4e4000)]
  0x000014d7f7ff5800 JavaThread "Thread-366671" [_thread_new, id=88749, stack(0x000014dee2aeb000,0x000014dee2bec000)]
  0x0000150e5fbd8800 JavaThread "Thread-366672" [_thread_new, id=88750, stack(0x000014df8c2e2000,0x000014df8c3e3000)]
  0x0000150e5fa1b800 JavaThread "Thread-366673" [_thread_new, id=88751, stack(0x000014dee3bfc000,0x000014dee3cfd000)]
  0x000014d7b905f800 JavaThread "Thread-366674" [_thread_new, id=88752, stack(0x000014dee35f6000,0x000014dee36f7000)]
  0x0000150e5fa8f800 JavaThread "Thread-366675" [_thread_new, id=88753, stack(0x000014dee30f1000,0x000014dee31f2000)]
  0x0000150e5fc3a000 JavaThread "Thread-366676" [_thread_new, id=88754, stack(0x000014df8caea000,0x000014df8cbeb000)]
  0x0000150e5fbbb000 JavaThread "Thread-366677" [_thread_new, id=88755, stack(0x000014df8d2f2000,0x000014df8d3f3000)]
  0x000014d8f8000800 JavaThread "Thread-366678" [_thread_new, id=88756, stack(0x000014dee38f9000,0x000014dee39fa000)]
  0x0000150e5fbe8800 JavaThread "Thread-366679" [_thread_new, id=88757, stack(0x000014dee3cfd000,0x000014dee3dfe000)]

Other Threads:
  0x0000150e5fa3b000 VMThread "VM Thread" [stack: 0x000014df94700000,0x000014df94800000] [id=3505769] _threads_hazard_ptr=0x000014dc7800ea50
  0x0000150e5fb1b000 WatcherThread [stack: 0x000014df8dafc000,0x000014df8dbfc000] [id=3505785]
  0x0000150e5c02e800 GCTaskThread "GC Thread#0" [stack: 0x0000150e62c58000,0x0000150e62d58000] [id=3505757]
  0x000014df80001000 GCTaskThread "GC Thread#1" [stack: 0x000014da6d5d7000,0x000014da6d6d7000] [id=3507009]
  0x000014df80003000 GCTaskThread "GC Thread#2" [stack: 0x000014da6d4d5000,0x000014da6d5d5000] [id=3507010]
  0x000014df80004800 GCTaskThread "GC Thread#3" [stack: 0x000014da6d3d3000,0x000014da6d4d3000] [id=3507012]
  0x000014df80006800 GCTaskThread "GC Thread#4" [stack: 0x000014da6d2d1000,0x000014da6d3d1000] [id=3507013]
  0x000014df80008000 GCTaskThread "GC Thread#5" [stack: 0x000014da6d1cf000,0x000014da6d2cf000] [id=3507014]
  0x000014df8000a000 GCTaskThread "GC Thread#6" [stack: 0x000014da6d0cd000,0x000014da6d1cd000] [id=3507015]
  0x000014df8000b800 GCTaskThread "GC Thread#7" [stack: 0x000014da6cfcb000,0x000014da6d0cb000] [id=3507016]
  0x000014df8000d800 GCTaskThread "GC Thread#8" [stack: 0x000014da6cec9000,0x000014da6cfc9000] [id=3507017]
  0x000014df8000f800 GCTaskThread "GC Thread#9" [stack: 0x000014da6cdc7000,0x000014da6cec7000] [id=3507018]
  0x000014df80011000 GCTaskThread "GC Thread#10" [stack: 0x000014da6ccc5000,0x000014da6cdc5000] [id=3507019]
  0x000014df80013000 GCTaskThread "GC Thread#11" [stack: 0x000014da6cbc3000,0x000014da6ccc3000] [id=3507020]
  0x000014df80014800 GCTaskThread "GC Thread#12" [stack: 0x000014da6cac1000,0x000014da6cbc1000] [id=3507021]
  0x000014df80016800 GCTaskThread "GC Thread#13" [stack: 0x000014da6c9bf000,0x000014da6cabf000] [id=3507022]
  0x000014df80018000 GCTaskThread "GC Thread#14" [stack: 0x000014da6c8bd000,0x000014da6c9bd000] [id=3507023]
  0x0000150e5c0b3000 ConcurrentGCThread "G1 Main Marker" [stack: 0x0000150e613ca000,0x0000150e614ca000] [id=3505760]
  0x0000150e5c0b4800 ConcurrentGCThread "G1 Conc#0" [stack: 0x0000150e612c8000,0x0000150e613c8000] [id=3505761]
  0x000014df9006d000 ConcurrentGCThread "G1 Conc#1" [stack: 0x000014d60a69c000,0x000014d60a79c000] [id=3535118]
  0x000014df90073000 ConcurrentGCThread "G1 Conc#2" [stack: 0x000014d60a59a000,0x000014d60a69a000] [id=3535119]
  0x000014df90074000 ConcurrentGCThread "G1 Conc#3" [stack: 0x000014d60a498000,0x000014d60a598000] [id=3535120]
  0x0000150e5f9d2800 ConcurrentGCThread "G1 Refine#0" [stack: 0x0000150e602b7000,0x0000150e603b7000] [id=3505764]
  0x000014df84527800 ConcurrentGCThread "G1 Refine#1" [stack: 0x000014d60b4b8000,0x000014d60b5b8000] [id=3534956]
  0x000014dd54014800 ConcurrentGCThread "G1 Refine#2" [stack: 0x000014d60b3b6000,0x000014d60b4b6000] [id=3534971]
  0x000014dd60010800 ConcurrentGCThread "G1 Refine#3" [stack: 0x000014d60b2b4000,0x000014d60b3b4000] [id=3534972]
  0x000014dd5c010800 ConcurrentGCThread "G1 Refine#4" [stack: 0x000014d60b1b2000,0x000014d60b2b2000] [id=3534973]
  0x000014dd68010800 ConcurrentGCThread "G1 Refine#5" [stack: 0x000014d60b0b0000,0x000014d60b1b0000] [id=3534974]
  0x000014dd64010800 ConcurrentGCThread "G1 Refine#6" [stack: 0x000014d60afae000,0x000014d60b0ae000] [id=3534975]
  0x000014dd70010800 ConcurrentGCThread "G1 Refine#7" [stack: 0x000014d60aeac000,0x000014d60afac000] [id=3534976]
  0x000014dd6c010800 ConcurrentGCThread "G1 Refine#8" [stack: 0x000014d60adaa000,0x000014d60aeaa000] [id=3534977]
  0x000014dd78010800 ConcurrentGCThread "G1 Refine#9" [stack: 0x000014d60aca8000,0x000014d60ada8000] [id=3534978]
  0x000014dd74010800 ConcurrentGCThread "G1 Refine#10" [stack: 0x000014d60aba6000,0x000014d60aca6000] [id=3534979]
  0x000014dd80010800 ConcurrentGCThread "G1 Refine#11" [stack: 0x000014d60aaa4000,0x000014d60aba4000] [id=3534980]
  0x000014dd7c010800 ConcurrentGCThread "G1 Refine#12" [stack: 0x000014d60a9a2000,0x000014d60aaa2000] [id=3534981]
  0x000014dd88010800 ConcurrentGCThread "G1 Refine#13" [stack: 0x000014d60a8a0000,0x000014d60a9a0000] [id=3534982]
  0x000014dd84010800 ConcurrentGCThread "G1 Refine#14" [stack: 0x000014d60a79e000,0x000014d60a89e000] [id=3534983]
  0x0000150e5f9d4800 ConcurrentGCThread "G1 Young RemSet Sampling" [stack: 0x0000150e601b5000,0x0000150e602b5000] [id=3505765]

Threads with active compile tasks:
C1 CompilerThread02362562 2164       3       java.util.HashMap$KeyIterator::next (8 bytes)

VM state:synchronizing (normal execution)

VM Mutex/Monitor currently owned by a thread:  ([mutex/lock_event])
[0x0000150e5c012d30] Safepoint_lock - owner thread: 0x0000150e5fa3b000
[0x0000150e5c012dc0] Threads_lock - owner thread: 0x0000150e5fa3b000

Heap:
 garbage-first heap   total 188743680K, used 38075230K [0x000014e140000000, 0x0000150e40000000)
  region size 32768K, 1078 young (35323904K), 2 survivors (65536K)
 Metaspace       used 9896K, capacity 9944K, committed 9984K, reserved 10240K
Heap Regions: E=young(eden), S=young(survivor), O=old, HS=humongous(starts), HC=humongous(continues), CS=collection set, F=free, A=archive, TAMS=top-at-mark-start (previous, next)
|   0|0x000014e140000000, 0x000014e142000000, 0x000014e142000000|100%| O|  |TAMS 0x000014e142000000, 0x000014e140000000| Untracked 
|   1|0x000014e142000000, 0x000014e142273000, 0x000014e144000000|  7%| O|  |TAMS 0x000014e142000000, 0x000014e142000000| Untracked 
|   2|0x000014e144000000, 0x000014e144000000, 0x000014e146000000|  0%| F|  |TAMS 0x000014e144000000, 0x000014e144000000| Untracked 
|   3|0x000014e146000000, 0x000014e148000000, 0x000014e148000000|100%| O|  |TAMS 0x000014e148000000, 0x000014e146000000| Untracked 
|   4|0x000014e148000000, 0x000014e148000000, 0x000014e14a000000|  0%| F|  |TAMS 0x000014e148000000, 0x000014e148000000| Untracked 
|   5|0x000014e14a000000, 0x000014e14c000000, 0x000014e14c000000|100%| O|  |TAMS 0x000014e14c000000, 0x000014e14a000000| Untracked 
|   6|0x000014e14c000000, 0x000014e14c000000, 0x000014e14e000000|  0%| F|  |TAMS 0x000014e14c000000, 0x000014e14c000000| Untracked 
|   7|0x000014e14e000000, 0x000014e14e000000, 0x000014e150000000|  0%| F|  |TAMS 0x000014e14e000000, 0x000014e14e000000| Untracked 
|   8|0x000014e150000000, 0x000014e150000000, 0x000014e152000000|  0%| F|  |TAMS 0x000014e150000000, 0x000014e150000000| Untracked 
|   9|0x000014e152000000, 0x000014e152000000, 0x000014e154000000|  0%| F|  |TAMS 0x000014e152000000, 0x000014e152000000| Untracked 
|  10|0x000014e154000000, 0x000014e154000000, 0x000014e156000000|  0%| F|  |TAMS 0x000014e154000000, 0x000014e154000000| Untracked 
|  11|0x000014e156000000, 0x000014e156000000, 0x000014e158000000|  0%| F|  |TAMS 0x000014e156000000, 0x000014e156000000| Untracked 
|  12|0x000014e158000000, 0x000014e158000000, 0x000014e15a000000|  0%| F|  |TAMS 0x000014e158000000, 0x000014e158000000| Untracked 
|  13|0x000014e15a000000, 0x000014e15a000000, 0x000014e15c000000|  0%| F|  |TAMS 0x000014e15a000000, 0x000014e15a000000| Untracked 
|  14|0x000014e15c000000, 0x000014e15c000000, 0x000014e15e000000|  0%| F|  |TAMS 0x000014e15c000000, 0x000014e15c000000| Untracked 
|  15|0x000014e15e000000, 0x000014e15e000000, 0x000014e160000000|  0%| F|  |TAMS 0x000014e15e000000, 0x000014e15e000000| Untracked 
|  16|0x000014e160000000, 0x000014e160000000, 0x000014e162000000|  0%| F|  |TAMS 0x000014e160000000, 0x000014e160000000| Untracked 
|  17|0x000014e162000000, 0x000014e162000000, 0x000014e164000000|  0%| F|  |TAMS 0x000014e162000000, 0x000014e162000000| Untracked 
|  18|0x000014e164000000, 0x000014e164000000, 0x000014e166000000|  0%| F|  |TAMS 0x000014e164000000, 0x000014e164000000| Untracked 
|  19|0x000014e166000000, 0x000014e166000000, 0x000014e168000000|  0%| F|  |TAMS 0x000014e166000000, 0x000014e166000000| Untracked 
|  20|0x000014e168000000, 0x000014e168000000, 0x000014e16a000000|  0%| F|  |TAMS 0x000014e168000000, 0x000014e168000000| Untracked 
|  21|0x000014e16a000000, 0x000014e16a000000, 0x000014e16c000000|  0%| F|  |TAMS 0x000014e16a000000, 0x000014e16a000000| Untracked 
|  22|0x000014e16c000000, 0x000014e16c000000, 0x000014e16e000000|  0%| F|  |TAMS 0x000014e16c000000, 0x000014e16c000000| Untracked 
|  23|0x000014e16e000000, 0x000014e16e000000, 0x000014e170000000|  0%| F|  |TAMS 0x000014e16e000000, 0x000014e16e000000| Untracked 
|  24|0x000014e170000000, 0x000014e170000000, 0x000014e172000000|  0%| F|  |TAMS 0x000014e170000000, 0x000014e170000000| Untracked 
|  25|0x000014e172000000, 0x000014e172000000, 0x000014e174000000|  0%| F|  |TAMS 0x000014e172000000, 0x000014e172000000| Untracked 
|  26|0x000014e174000000, 0x000014e174000000, 0x000014e176000000|  0%| F|  |TAMS 0x000014e174000000, 0x000014e174000000| Untracked 
|  27|0x000014e176000000, 0x000014e176000000, 0x000014e178000000|  0%| F|  |TAMS 0x000014e176000000, 0x000014e176000000| Untracked 
|  28|0x000014e178000000, 0x000014e178000000, 0x000014e17a000000|  0%| F|  |TAMS 0x000014e178000000, 0x000014e178000000| Untracked 
|  29|0x000014e17a000000, 0x000014e17a000000, 0x000014e17c000000|  0%| F|  |TAMS 0x000014e17a000000, 0x000014e17a000000| Untracked 
|  30|0x000014e17c000000, 0x000014e17c000000, 0x000014e17e000000|  0%| F|  |TAMS 0x000014e17c000000, 0x000014e17c000000| Untracked 
|  31|0x000014e17e000000, 0x000014e17e000000, 0x000014e180000000|  0%| F|  |TAMS 0x000014e17e000000, 0x000014e17e000000| Untracked 
|  32|0x000014e180000000, 0x000014e180000000, 0x000014e182000000|  0%| F|  |TAMS 0x000014e180000000, 0x000014e180000000| Untracked 
|  33|0x000014e182000000, 0x000014e182000000, 0x000014e184000000|  0%| F|  |TAMS 0x000014e182000000, 0x000014e182000000| Untracked 
|  34|0x000014e184000000, 0x000014e184000000, 0x000014e186000000|  0%| F|  |TAMS 0x000014e184000000, 0x000014e184000000| Untracked 
|  35|0x000014e186000000, 0x000014e188000000, 0x000014e188000000|100%| O|  |TAMS 0x000014e188000000, 0x000014e186000000| Untracked 
|  36|0x000014e188000000, 0x000014e18a000000, 0x000014e18a000000|100%| O|  |TAMS 0x000014e18a000000, 0x000014e188000000| Untracked 
|  37|0x000014e18a000000, 0x000014e18c000000, 0x000014e18c000000|100%| O|  |TAMS 0x000014e18c000000, 0x000014e18a000000| Untracked 
|  38|0x000014e18c000000, 0x000014e18e000000, 0x000014e18e000000|100%| O|  |TAMS 0x000014e18e000000, 0x000014e18c000000| Untracked 
|  39|0x000014e18e000000, 0x000014e18e000000, 0x000014e190000000|  0%| F|  |TAMS 0x000014e18e000000, 0x000014e18e000000| Untracked 
|  40|0x000014e190000000, 0x000014e190000000, 0x000014e192000000|  0%| F|  |TAMS 0x000014e190000000, 0x000014e190000000| Untracked 
|  41|0x000014e192000000, 0x000014e192000000, 0x000014e194000000|  0%| F|  |TAMS 0x000014e192000000, 0x000014e192000000| Untracked 
|  42|0x000014e194000000, 0x000014e196000000, 0x000014e196000000|100%| O|  |TAMS 0x000014e196000000, 0x000014e194000000| Untracked 
|  43|0x000014e196000000, 0x000014e196000000, 0x000014e198000000|  0%| F|  |TAMS 0x000014e196000000, 0x000014e196000000| Untracked 
|  44|0x000014e198000000, 0x000014e19a000000, 0x000014e19a000000|100%| O|  |TAMS 0x000014e19a000000, 0x000014e198000000| Untracked 
|  45|0x000014e19a000000, 0x000014e19c000000, 0x000014e19c000000|100%| O|  |TAMS 0x000014e19c000000, 0x000014e19a000000| Untracked 
|  46|0x000014e19c000000, 0x000014e19c000000, 0x000014e19e000000|  0%| F|  |TAMS 0x000014e19c000000, 0x000014e19c000000| Untracked 
|  47|0x000014e19e000000, 0x000014e19e000000, 0x000014e1a0000000|  0%| F|  |TAMS 0x000014e19e000000, 0x000014e19e000000| Untracked 
|  48|0x000014e1a0000000, 0x000014e1a0000000, 0x000014e1a2000000|  0%| F|  |TAMS 0x000014e1a0000000, 0x000014e1a0000000| Untracked 
|  49|0x000014e1a2000000, 0x000014e1a2000000, 0x000014e1a4000000|  0%| F|  |TAMS 0x000014e1a2000000, 0x000014e1a2000000| Untracked 
|  50|0x000014e1a4000000, 0x000014e1a4000000, 0x000014e1a6000000|  0%| F|  |TAMS 0x000014e1a4000000, 0x000014e1a4000000| Untracked 
|  51|0x000014e1a6000000, 0x000014e1a6000000, 0x000014e1a8000000|  0%| F|  |TAMS 0x000014e1a6000000, 0x000014e1a6000000| Untracked 
|  52|0x000014e1a8000000, 0x000014e1a8000000, 0x000014e1aa000000|  0%| F|  |TAMS 0x000014e1a8000000, 0x000014e1a8000000| Untracked 
|  53|0x000014e1aa000000, 0x000014e1aa000000, 0x000014e1ac000000|  0%| F|  |TAMS 0x000014e1aa000000, 0x000014e1aa000000| Untracked 
|  54|0x000014e1ac000000, 0x000014e1ae000000, 0x000014e1ae000000|100%| O|  |TAMS 0x000014e1ae000000, 0x000014e1ac000000| Untracked 
|  55|0x000014e1ae000000, 0x000014e1ae000000, 0x000014e1b0000000|  0%| F|  |TAMS 0x000014e1ae000000, 0x000014e1ae000000| Untracked 
|  56|0x000014e1b0000000, 0x000014e1b0000000, 0x000014e1b2000000|  0%| F|  |TAMS 0x000014e1b0000000, 0x000014e1b0000000| Untracked 
|  57|0x000014e1b2000000, 0x000014e1b4000000, 0x000014e1b4000000|100%| O|  |TAMS 0x000014e1b4000000, 0x000014e1b2000000| Untracked 
|  58|0x000014e1b4000000, 0x000014e1b6000000, 0x000014e1b6000000|100%| O|  |TAMS 0x000014e1b6000000, 0x000014e1b4000000| Untracked 
|  59|0x000014e1b6000000, 0x000014e1b6000000, 0x000014e1b8000000|  0%| F|  |TAMS 0x000014e1b6000000, 0x000014e1b6000000| Untracked 
|  60|0x000014e1b8000000, 0x000014e1ba000000, 0x000014e1ba000000|100%| O|  |TAMS 0x000014e1ba000000, 0x000014e1b8000000| Untracked 
|  61|0x000014e1ba000000, 0x000014e1ba000000, 0x000014e1bc000000|  0%| F|  |TAMS 0x000014e1ba000000, 0x000014e1ba000000| Untracked 
|  62|0x000014e1bc000000, 0x000014e1bc000000, 0x000014e1be000000|  0%| F|  |TAMS 0x000014e1bc000000, 0x000014e1bc000000| Untracked 
|  63|0x000014e1be000000, 0x000014e1be000000, 0x000014e1c0000000|  0%| F|  |TAMS 0x000014e1be000000, 0x000014e1be000000| Untracked 
|  64|0x000014e1c0000000, 0x000014e1c0000000, 0x000014e1c2000000|  0%| F|  |TAMS 0x000014e1c0000000, 0x000014e1c0000000| Untracked 
|  65|0x000014e1c2000000, 0x000014e1c2000000, 0x000014e1c4000000|  0%| F|  |TAMS 0x000014e1c2000000, 0x000014e1c2000000| Untracked 
|  66|0x000014e1c4000000, 0x000014e1c4000000, 0x000014e1c6000000|  0%| F|  |TAMS 0x000014e1c4000000, 0x000014e1c4000000| Untracked 
|  67|0x000014e1c6000000, 0x000014e1c6000000, 0x000014e1c8000000|  0%| F|  |TAMS 0x000014e1c6000000, 0x000014e1c6000000| Untracked 
|  68|0x000014e1c8000000, 0x000014e1c8000000, 0x000014e1ca000000|  0%| F|  |TAMS 0x000014e1c8000000, 0x000014e1c8000000| Untracked 
|  69|0x000014e1ca000000, 0x000014e1ca000000, 0x000014e1cc000000|  0%| F|  |TAMS 0x000014e1ca000000, 0x000014e1ca000000| Untracked 
|  70|0x000014e1cc000000, 0x000014e1cc000000, 0x000014e1ce000000|  0%| F|  |TAMS 0x000014e1cc000000, 0x000014e1cc000000| Untracked 
|  71|0x000014e1ce000000, 0x000014e1d0000000, 0x000014e1d0000000|100%| O|  |TAMS 0x000014e1d0000000, 0x000014e1ce000000| Untracked 
|  72|0x000014e1d0000000, 0x000014e1d0000000, 0x000014e1d2000000|  0%| F|  |TAMS 0x000014e1d0000000, 0x000014e1d0000000| Untracked 
|  73|0x000014e1d2000000, 0x000014e1d4000000, 0x000014e1d4000000|100%| O|  |TAMS 0x000014e1d4000000, 0x000014e1d2000000| Untracked 
|  74|0x000014e1d4000000, 0x000014e1d4000000, 0x000014e1d6000000|  0%| F|  |TAMS 0x000014e1d4000000, 0x000014e1d4000000| Untracked 
|  75|0x000014e1d6000000, 0x000014e1d6000000, 0x000014e1d8000000|  0%| F|  |TAMS 0x000014e1d6000000, 0x000014e1d6000000| Untracked 
|  76|0x000014e1d8000000, 0x000014e1d8000000, 0x000014e1da000000|  0%| F|  |TAMS 0x000014e1d8000000, 0x000014e1d8000000| Untracked 
|  77|0x000014e1da000000, 0x000014e1da000000, 0x000014e1dc000000|  0%| F|  |TAMS 0x000014e1da000000, 0x000014e1da000000| Untracked 
|  78|0x000014e1dc000000, 0x000014e1de000000, 0x000014e1de000000|100%| O|  |TAMS 0x000014e1de000000, 0x000014e1dc000000| Untracked 
|  79|0x000014e1de000000, 0x000014e1de000000, 0x000014e1e0000000|  0%| F|  |TAMS 0x000014e1de000000, 0x000014e1de000000| Untracked 
|  80|0x000014e1e0000000, 0x000014e1e0000000, 0x000014e1e2000000|  0%| F|  |TAMS 0x000014e1e0000000, 0x000014e1e0000000| Untracked 
|  81|0x000014e1e2000000, 0x000014e1e2000000, 0x000014e1e4000000|  0%| F|  |TAMS 0x000014e1e2000000, 0x000014e1e2000000| Untracked 
|  82|0x000014e1e4000000, 0x000014e1e6000000, 0x000014e1e6000000|100%| O|  |TAMS 0x000014e1e6000000, 0x000014e1e4000000| Untracked 
|  83|0x000014e1e6000000, 0x000014e1e8000000, 0x000014e1e8000000|100%| O|  |TAMS 0x000014e1e8000000, 0x000014e1e6000000| Untracked 
|  84|0x000014e1e8000000, 0x000014e1e8000000, 0x000014e1ea000000|  0%| F|  |TAMS 0x000014e1e8000000, 0x000014e1e8000000| Untracked 
|  85|0x000014e1ea000000, 0x000014e1ea000000, 0x000014e1ec000000|  0%| F|  |TAMS 0x000014e1ea000000, 0x000014e1ea000000| Untracked 
|  86|0x000014e1ec000000, 0x000014e1ec000000, 0x000014e1ee000000|  0%| F|  |TAMS 0x000014e1ec000000, 0x000014e1ec000000| Untracked 
|  87|0x000014e1ee000000, 0x000014e1ee000000, 0x000014e1f0000000|  0%| F|  |TAMS 0x000014e1ee000000, 0x000014e1ee000000| Untracked 
|  88|0x000014e1f0000000, 0x000014e1f0000000, 0x000014e1f2000000|  0%| F|  |TAMS 0x000014e1f0000000, 0x000014e1f0000000| Untracked 
|  89|0x000014e1f2000000, 0x000014e1f2000000, 0x000014e1f4000000|  0%| F|  |TAMS 0x000014e1f2000000, 0x000014e1f2000000| Untracked 
|  90|0x000014e1f4000000, 0x000014e1f4000000, 0x000014e1f6000000|  0%| F|  |TAMS 0x000014e1f4000000, 0x000014e1f4000000| Untracked 
|  91|0x000014e1f6000000, 0x000014e1f6000000, 0x000014e1f8000000|  0%| F|  |TAMS 0x000014e1f6000000, 0x000014e1f6000000| Untracked 
|  92|0x000014e1f8000000, 0x000014e1f8000000, 0x000014e1fa000000|  0%| F|  |TAMS 0x000014e1f8000000, 0x000014e1f8000000| Untracked 
|  93|0x000014e1fa000000, 0x000014e1fa000000, 0x000014e1fc000000|  0%| F|  |TAMS 0x000014e1fa000000, 0x000014e1fa000000| Untracked 
|  94|0x000014e1fc000000, 0x000014e1fc000000, 0x000014e1fe000000|  0%| F|  |TAMS 0x000014e1fc000000, 0x000014e1fc000000| Untracked 
|  95|0x000014e1fe000000, 0x000014e1fe000000, 0x000014e200000000|  0%| F|  |TAMS 0x000014e1fe000000, 0x000014e1fe000000| Untracked 
|  96|0x000014e200000000, 0x000014e200000000, 0x000014e202000000|  0%| F|  |TAMS 0x000014e200000000, 0x000014e200000000| Untracked 
|  97|0x000014e202000000, 0x000014e204000000, 0x000014e204000000|100%| O|  |TAMS 0x000014e204000000, 0x000014e202000000| Untracked 
|  98|0x000014e204000000, 0x000014e204000000, 0x000014e206000000|  0%| F|  |TAMS 0x000014e204000000, 0x000014e204000000| Untracked 
|  99|0x000014e206000000, 0x000014e206000000, 0x000014e208000000|  0%| F|  |TAMS 0x000014e206000000, 0x000014e206000000| Untracked 
| 100|0x000014e208000000, 0x000014e208000000, 0x000014e20a000000|  0%| F|  |TAMS 0x000014e208000000, 0x000014e208000000| Untracked 
| 101|0x000014e20a000000, 0x000014e20a000000, 0x000014e20c000000|  0%| F|  |TAMS 0x000014e20a000000, 0x000014e20a000000| Untracked 
| 102|0x000014e20c000000, 0x000014e20c000000, 0x000014e20e000000|  0%| F|  |TAMS 0x000014e20c000000, 0x000014e20c000000| Untracked 
| 103|0x000014e20e000000, 0x000014e210000000, 0x000014e210000000|100%| O|  |TAMS 0x000014e210000000, 0x000014e20e000000| Untracked 
| 104|0x000014e210000000, 0x000014e210000000, 0x000014e212000000|  0%| F|  |TAMS 0x000014e210000000, 0x000014e210000000| Untracked 
| 105|0x000014e212000000, 0x000014e212000000, 0x000014e214000000|  0%| F|  |TAMS 0x000014e212000000, 0x000014e212000000| Untracked 
| 106|0x000014e214000000, 0x000014e214000000, 0x000014e216000000|  0%| F|  |TAMS 0x000014e214000000, 0x000014e214000000| Untracked 
| 107|0x000014e216000000, 0x000014e216000000, 0x000014e218000000|  0%| F|  |TAMS 0x000014e216000000, 0x000014e216000000| Untracked 
| 108|0x000014e218000000, 0x000014e218000000, 0x000014e21a000000|  0%| F|  |TAMS 0x000014e218000000, 0x000014e218000000| Untracked 
| 109|0x000014e21a000000, 0x000014e21a000000, 0x000014e21c000000|  0%| F|  |TAMS 0x000014e21a000000, 0x000014e21a000000| Untracked 
| 110|0x000014e21c000000, 0x000014e21c000000, 0x000014e21e000000|  0%| F|  |TAMS 0x000014e21c000000, 0x000014e21c000000| Untracked 
| 111|0x000014e21e000000, 0x000014e21e000000, 0x000014e220000000|  0%| F|  |TAMS 0x000014e21e000000, 0x000014e21e000000| Untracked 
| 112|0x000014e220000000, 0x000014e220000000, 0x000014e222000000|  0%| F|  |TAMS 0x000014e220000000, 0x000014e220000000| Untracked 
| 113|0x000014e222000000, 0x000014e224000000, 0x000014e224000000|100%| O|  |TAMS 0x000014e224000000, 0x000014e222000000| Untracked 
| 114|0x000014e224000000, 0x000014e224000000, 0x000014e226000000|  0%| F|  |TAMS 0x000014e224000000, 0x000014e224000000| Untracked 
| 115|0x000014e226000000, 0x000014e226000000, 0x000014e228000000|  0%| F|  |TAMS 0x000014e226000000, 0x000014e226000000| Untracked 
| 116|0x000014e228000000, 0x000014e228000000, 0x000014e22a000000|  0%| F|  |TAMS 0x000014e228000000, 0x000014e228000000| Untracked 
| 117|0x000014e22a000000, 0x000014e22a000000, 0x000014e22c000000|  0%| F|  |TAMS 0x000014e22a000000, 0x000014e22a000000| Untracked 
| 118|0x000014e22c000000, 0x000014e22c000000, 0x000014e22e000000|  0%| F|  |TAMS 0x000014e22c000000, 0x000014e22c000000| Untracked 
| 119|0x000014e22e000000, 0x000014e22e000000, 0x000014e230000000|  0%| F|  |TAMS 0x000014e22e000000, 0x000014e22e000000| Untracked 
| 120|0x000014e230000000, 0x000014e230000000, 0x000014e232000000|  0%| F|  |TAMS 0x000014e230000000, 0x000014e230000000| Untracked 
| 121|0x000014e232000000, 0x000014e232000000, 0x000014e234000000|  0%| F|  |TAMS 0x000014e232000000, 0x000014e232000000| Untracked 
| 122|0x000014e234000000, 0x000014e234000000, 0x000014e236000000|  0%| F|  |TAMS 0x000014e234000000, 0x000014e234000000| Untracked 
| 123|0x000014e236000000, 0x000014e236000000, 0x000014e238000000|  0%| F|  |TAMS 0x000014e236000000, 0x000014e236000000| Untracked 
| 124|0x000014e238000000, 0x000014e238000000, 0x000014e23a000000|  0%| F|  |TAMS 0x000014e238000000, 0x000014e238000000| Untracked 
| 125|0x000014e23a000000, 0x000014e23a000000, 0x000014e23c000000|  0%| F|  |TAMS 0x000014e23a000000, 0x000014e23a000000| Untracked 
| 126|0x000014e23c000000, 0x000014e23c000000, 0x000014e23e000000|  0%| F|  |TAMS 0x000014e23c000000, 0x000014e23c000000| Untracked 
| 127|0x000014e23e000000, 0x000014e23e000000, 0x000014e240000000|  0%| F|  |TAMS 0x000014e23e000000, 0x000014e23e000000| Untracked 
| 128|0x000014e240000000, 0x000014e240000000, 0x000014e242000000|  0%| F|  |TAMS 0x000014e240000000, 0x000014e240000000| Untracked 
| 129|0x000014e242000000, 0x000014e242000000, 0x000014e244000000|  0%| F|  |TAMS 0x000014e242000000, 0x000014e242000000| Untracked 
| 130|0x000014e244000000, 0x000014e244000000, 0x000014e246000000|  0%| F|  |TAMS 0x000014e244000000, 0x000014e244000000| Untracked 
| 131|0x000014e246000000, 0x000014e246000000, 0x000014e248000000|  0%| F|  |TAMS 0x000014e246000000, 0x000014e246000000| Untracked 
| 132|0x000014e248000000, 0x000014e248000000, 0x000014e24a000000|  0%| F|  |TAMS 0x000014e248000000, 0x000014e248000000| Untracked 
| 133|0x000014e24a000000, 0x000014e24a000000, 0x000014e24c000000|  0%| F|  |TAMS 0x000014e24a000000, 0x000014e24a000000| Untracked 
| 134|0x000014e24c000000, 0x000014e24c000000, 0x000014e24e000000|  0%| F|  |TAMS 0x000014e24c000000, 0x000014e24c000000| Untracked 
| 135|0x000014e24e000000, 0x000014e24e000000, 0x000014e250000000|  0%| F|  |TAMS 0x000014e24e000000, 0x000014e24e000000| Untracked 
| 136|0x000014e250000000, 0x000014e250000000, 0x000014e252000000|  0%| F|  |TAMS 0x000014e250000000, 0x000014e250000000| Untracked 
| 137|0x000014e252000000, 0x000014e252000000, 0x000014e254000000|  0%| F|  |TAMS 0x000014e252000000, 0x000014e252000000| Untracked 
| 138|0x000014e254000000, 0x000014e254000000, 0x000014e256000000|  0%| F|  |TAMS 0x000014e254000000, 0x000014e254000000| Untracked 
| 139|0x000014e256000000, 0x000014e256000000, 0x000014e258000000|  0%| F|  |TAMS 0x000014e256000000, 0x000014e256000000| Untracked 
| 140|0x000014e258000000, 0x000014e258000000, 0x000014e25a000000|  0%| F|  |TAMS 0x000014e258000000, 0x000014e258000000| Untracked 
| 141|0x000014e25a000000, 0x000014e25a000000, 0x000014e25c000000|  0%| F|  |TAMS 0x000014e25a000000, 0x000014e25a000000| Untracked 
| 142|0x000014e25c000000, 0x000014e25c000000, 0x000014e25e000000|  0%| F|  |TAMS 0x000014e25c000000, 0x000014e25c000000| Untracked 
| 143|0x000014e25e000000, 0x000014e25e000000, 0x000014e260000000|  0%| F|  |TAMS 0x000014e25e000000, 0x000014e25e000000| Untracked 
| 144|0x000014e260000000, 0x000014e260000000, 0x000014e262000000|  0%| F|  |TAMS 0x000014e260000000, 0x000014e260000000| Untracked 
| 145|0x000014e262000000, 0x000014e262000000, 0x000014e264000000|  0%| F|  |TAMS 0x000014e262000000, 0x000014e262000000| Untracked 
| 146|0x000014e264000000, 0x000014e264000000, 0x000014e266000000|  0%| F|  |TAMS 0x000014e264000000, 0x000014e264000000| Untracked 
| 147|0x000014e266000000, 0x000014e266000000, 0x000014e268000000|  0%| F|  |TAMS 0x000014e266000000, 0x000014e266000000| Untracked 
| 148|0x000014e268000000, 0x000014e268000000, 0x000014e26a000000|  0%| F|  |TAMS 0x000014e268000000, 0x000014e268000000| Untracked 
| 149|0x000014e26a000000, 0x000014e26a000000, 0x000014e26c000000|  0%| F|  |TAMS 0x000014e26a000000, 0x000014e26a000000| Untracked 
| 150|0x000014e26c000000, 0x000014e26c000000, 0x000014e26e000000|  0%| F|  |TAMS 0x000014e26c000000, 0x000014e26c000000| Untracked 
| 151|0x000014e26e000000, 0x000014e26e000000, 0x000014e270000000|  0%| F|  |TAMS 0x000014e26e000000, 0x000014e26e000000| Untracked 
| 152|0x000014e270000000, 0x000014e270000000, 0x000014e272000000|  0%| F|  |TAMS 0x000014e270000000, 0x000014e270000000| Untracked 
| 153|0x000014e272000000, 0x000014e272000000, 0x000014e274000000|  0%| F|  |TAMS 0x000014e272000000, 0x000014e272000000| Untracked 
| 154|0x000014e274000000, 0x000014e274000000, 0x000014e276000000|  0%| F|  |TAMS 0x000014e274000000, 0x000014e274000000| Untracked 
| 155|0x000014e276000000, 0x000014e276000000, 0x000014e278000000|  0%| F|  |TAMS 0x000014e276000000, 0x000014e276000000| Untracked 
| 156|0x000014e278000000, 0x000014e278000000, 0x000014e27a000000|  0%| F|  |TAMS 0x000014e278000000, 0x000014e278000000| Untracked 
| 157|0x000014e27a000000, 0x000014e27a000000, 0x000014e27c000000|  0%| F|  |TAMS 0x000014e27a000000, 0x000014e27a000000| Untracked 
| 158|0x000014e27c000000, 0x000014e27c000000, 0x000014e27e000000|  0%| F|  |TAMS 0x000014e27c000000, 0x000014e27c000000| Untracked 
| 159|0x000014e27e000000, 0x000014e27e000000, 0x000014e280000000|  0%| F|  |TAMS 0x000014e27e000000, 0x000014e27e000000| Untracked 
| 160|0x000014e280000000, 0x000014e280000000, 0x000014e282000000|  0%| F|  |TAMS 0x000014e280000000, 0x000014e280000000| Untracked 
| 161|0x000014e282000000, 0x000014e282000000, 0x000014e284000000|  0%| F|  |TAMS 0x000014e282000000, 0x000014e282000000| Untracked 
| 162|0x000014e284000000, 0x000014e284000000, 0x000014e286000000|  0%| F|  |TAMS 0x000014e284000000, 0x000014e284000000| Untracked 
| 163|0x000014e286000000, 0x000014e286000000, 0x000014e288000000|  0%| F|  |TAMS 0x000014e286000000, 0x000014e286000000| Untracked 
| 164|0x000014e288000000, 0x000014e288000000, 0x000014e28a000000|  0%| F|  |TAMS 0x000014e288000000, 0x000014e288000000| Untracked 
| 165|0x000014e28a000000, 0x000014e28a000000, 0x000014e28c000000|  0%| F|  |TAMS 0x000014e28a000000, 0x000014e28a000000| Untracked 
| 166|0x000014e28c000000, 0x000014e28c000000, 0x000014e28e000000|  0%| F|  |TAMS 0x000014e28c000000, 0x000014e28c000000| Untracked 
| 167|0x000014e28e000000, 0x000014e28e000000, 0x000014e290000000|  0%| F|  |TAMS 0x000014e28e000000, 0x000014e28e000000| Untracked 
| 168|0x000014e290000000, 0x000014e290000000, 0x000014e292000000|  0%| F|  |TAMS 0x000014e290000000, 0x000014e290000000| Untracked 
| 169|0x000014e292000000, 0x000014e292000000, 0x000014e294000000|  0%| F|  |TAMS 0x000014e292000000, 0x000014e292000000| Untracked 
| 170|0x000014e294000000, 0x000014e294000000, 0x000014e296000000|  0%| F|  |TAMS 0x000014e294000000, 0x000014e294000000| Untracked 
| 171|0x000014e296000000, 0x000014e296000000, 0x000014e298000000|  0%| F|  |TAMS 0x000014e296000000, 0x000014e296000000| Untracked 
| 172|0x000014e298000000, 0x000014e298000000, 0x000014e29a000000|  0%| F|  |TAMS 0x000014e298000000, 0x000014e298000000| Untracked 
| 173|0x000014e29a000000, 0x000014e29a000000, 0x000014e29c000000|  0%| F|  |TAMS 0x000014e29a000000, 0x000014e29a000000| Untracked 
| 174|0x000014e29c000000, 0x000014e29c000000, 0x000014e29e000000|  0%| F|  |TAMS 0x000014e29c000000, 0x000014e29c000000| Untracked 
| 175|0x000014e29e000000, 0x000014e29e000000, 0x000014e2a0000000|  0%| F|  |TAMS 0x000014e29e000000, 0x000014e29e000000| Untracked 
| 176|0x000014e2a0000000, 0x000014e2a0000000, 0x000014e2a2000000|  0%| F|  |TAMS 0x000014e2a0000000, 0x000014e2a0000000| Untracked 
| 177|0x000014e2a2000000, 0x000014e2a2000000, 0x000014e2a4000000|  0%| F|  |TAMS 0x000014e2a2000000, 0x000014e2a2000000| Untracked 
| 178|0x000014e2a4000000, 0x000014e2a4000000, 0x000014e2a6000000|  0%| F|  |TAMS 0x000014e2a4000000, 0x000014e2a4000000| Untracked 
| 179|0x000014e2a6000000, 0x000014e2a6000000, 0x000014e2a8000000|  0%| F|  |TAMS 0x000014e2a6000000, 0x000014e2a6000000| Untracked 
| 180|0x000014e2a8000000, 0x000014e2a8000000, 0x000014e2aa000000|  0%| F|  |TAMS 0x000014e2a8000000, 0x000014e2a8000000| Untracked 
| 181|0x000014e2aa000000, 0x000014e2aa000000, 0x000014e2ac000000|  0%| F|  |TAMS 0x000014e2aa000000, 0x000014e2aa000000| Untracked 
| 182|0x000014e2ac000000, 0x000014e2ac000000, 0x000014e2ae000000|  0%| F|  |TAMS 0x000014e2ac000000, 0x000014e2ac000000| Untracked 
| 183|0x000014e2ae000000, 0x000014e2ae000000, 0x000014e2b0000000|  0%| F|  |TAMS 0x000014e2ae000000, 0x000014e2ae000000| Untracked 
| 184|0x000014e2b0000000, 0x000014e2b0000000, 0x000014e2b2000000|  0%| F|  |TAMS 0x000014e2b0000000, 0x000014e2b0000000| Untracked 
| 185|0x000014e2b2000000, 0x000014e2b2000000, 0x000014e2b4000000|  0%| F|  |TAMS 0x000014e2b2000000, 0x000014e2b2000000| Untracked 
| 186|0x000014e2b4000000, 0x000014e2b4000000, 0x000014e2b6000000|  0%| F|  |TAMS 0x000014e2b4000000, 0x000014e2b4000000| Untracked 
| 187|0x000014e2b6000000, 0x000014e2b6000000, 0x000014e2b8000000|  0%| F|  |TAMS 0x000014e2b6000000, 0x000014e2b6000000| Untracked 
| 188|0x000014e2b8000000, 0x000014e2b8000000, 0x000014e2ba000000|  0%| F|  |TAMS 0x000014e2b8000000, 0x000014e2b8000000| Untracked 
| 189|0x000014e2ba000000, 0x000014e2ba000000, 0x000014e2bc000000|  0%| F|  |TAMS 0x000014e2ba000000, 0x000014e2ba000000| Untracked 
| 190|0x000014e2bc000000, 0x000014e2bc000000, 0x000014e2be000000|  0%| F|  |TAMS 0x000014e2bc000000, 0x000014e2bc000000| Untracked 
| 191|0x000014e2be000000, 0x000014e2be000000, 0x000014e2c0000000|  0%| F|  |TAMS 0x000014e2be000000, 0x000014e2be000000| Untracked 
| 192|0x000014e2c0000000, 0x000014e2c0000000, 0x000014e2c2000000|  0%| F|  |TAMS 0x000014e2c0000000, 0x000014e2c0000000| Untracked 
| 193|0x000014e2c2000000, 0x000014e2c2000000, 0x000014e2c4000000|  0%| F|  |TAMS 0x000014e2c2000000, 0x000014e2c2000000| Untracked 
| 194|0x000014e2c4000000, 0x000014e2c4000000, 0x000014e2c6000000|  0%| F|  |TAMS 0x000014e2c4000000, 0x000014e2c4000000| Untracked 
| 195|0x000014e2c6000000, 0x000014e2c6000000, 0x000014e2c8000000|  0%| F|  |TAMS 0x000014e2c6000000, 0x000014e2c6000000| Untracked 
| 196|0x000014e2c8000000, 0x000014e2c8000000, 0x000014e2ca000000|  0%| F|  |TAMS 0x000014e2c8000000, 0x000014e2c8000000| Untracked 
| 197|0x000014e2ca000000, 0x000014e2ca000000, 0x000014e2cc000000|  0%| F|  |TAMS 0x000014e2ca000000, 0x000014e2ca000000| Untracked 
| 198|0x000014e2cc000000, 0x000014e2cc000000, 0x000014e2ce000000|  0%| F|  |TAMS 0x000014e2cc000000, 0x000014e2cc000000| Untracked 
| 199|0x000014e2ce000000, 0x000014e2ce000000, 0x000014e2d0000000|  0%| F|  |TAMS 0x000014e2ce000000, 0x000014e2ce000000| Untracked 
| 200|0x000014e2d0000000, 0x000014e2d0000000, 0x000014e2d2000000|  0%| F|  |TAMS 0x000014e2d0000000, 0x000014e2d0000000| Untracked 
| 201|0x000014e2d2000000, 0x000014e2d2000000, 0x000014e2d4000000|  0%| F|  |TAMS 0x000014e2d2000000, 0x000014e2d2000000| Untracked 
| 202|0x000014e2d4000000, 0x000014e2d6000000, 0x000014e2d6000000|100%| O|  |TAMS 0x000014e2d6000000, 0x000014e2d4000000| Untracked 
| 203|0x000014e2d6000000, 0x000014e2d6000000, 0x000014e2d8000000|  0%| F|  |TAMS 0x000014e2d6000000, 0x000014e2d6000000| Untracked 
| 204|0x000014e2d8000000, 0x000014e2d8000000, 0x000014e2da000000|  0%| F|  |TAMS 0x000014e2d8000000, 0x000014e2d8000000| Untracked 
| 205|0x000014e2da000000, 0x000014e2da000000, 0x000014e2dc000000|  0%| F|  |TAMS 0x000014e2da000000, 0x000014e2da000000| Untracked 
| 206|0x000014e2dc000000, 0x000014e2dc000000, 0x000014e2de000000|  0%| F|  |TAMS 0x000014e2dc000000, 0x000014e2dc000000| Untracked 
| 207|0x000014e2de000000, 0x000014e2de000000, 0x000014e2e0000000|  0%| F|  |TAMS 0x000014e2de000000, 0x000014e2de000000| Untracked 
| 208|0x000014e2e0000000, 0x000014e2e0000000, 0x000014e2e2000000|  0%| F|  |TAMS 0x000014e2e0000000, 0x000014e2e0000000| Untracked 
| 209|0x000014e2e2000000, 0x000014e2e2000000, 0x000014e2e4000000|  0%| F|  |TAMS 0x000014e2e2000000, 0x000014e2e2000000| Untracked 
| 210|0x000014e2e4000000, 0x000014e2e4000000, 0x000014e2e6000000|  0%| F|  |TAMS 0x000014e2e4000000, 0x000014e2e4000000| Untracked 
| 211|0x000014e2e6000000, 0x000014e2e6000000, 0x000014e2e8000000|  0%| F|  |TAMS 0x000014e2e6000000, 0x000014e2e6000000| Untracked 
| 212|0x000014e2e8000000, 0x000014e2e8000000, 0x000014e2ea000000|  0%| F|  |TAMS 0x000014e2e8000000, 0x000014e2e8000000| Untracked 
| 213|0x000014e2ea000000, 0x000014e2ea000000, 0x000014e2ec000000|  0%| F|  |TAMS 0x000014e2ea000000, 0x000014e2ea000000| Untracked 
| 214|0x000014e2ec000000, 0x000014e2ee000000, 0x000014e2ee000000|100%| O|  |TAMS 0x000014e2ee000000, 0x000014e2ec000000| Untracked 
| 215|0x000014e2ee000000, 0x000014e2ee000000, 0x000014e2f0000000|  0%| F|  |TAMS 0x000014e2ee000000, 0x000014e2ee000000| Untracked 
| 216|0x000014e2f0000000, 0x000014e2f0000000, 0x000014e2f2000000|  0%| F|  |TAMS 0x000014e2f0000000, 0x000014e2f0000000| Untracked 
| 217|0x000014e2f2000000, 0x000014e2f2000000, 0x000014e2f4000000|  0%| F|  |TAMS 0x000014e2f2000000, 0x000014e2f2000000| Untracked 
| 218|0x000014e2f4000000, 0x000014e2f4000000, 0x000014e2f6000000|  0%| F|  |TAMS 0x000014e2f4000000, 0x000014e2f4000000| Untracked 
| 219|0x000014e2f6000000, 0x000014e2f6000000, 0x000014e2f8000000|  0%| F|  |TAMS 0x000014e2f6000000, 0x000014e2f6000000| Untracked 
| 220|0x000014e2f8000000, 0x000014e2f8000000, 0x000014e2fa000000|  0%| F|  |TAMS 0x000014e2f8000000, 0x000014e2f8000000| Untracked 
| 221|0x000014e2fa000000, 0x000014e2fa000000, 0x000014e2fc000000|  0%| F|  |TAMS 0x000014e2fa000000, 0x000014e2fa000000| Untracked 
| 222|0x000014e2fc000000, 0x000014e2fc000000, 0x000014e2fe000000|  0%| F|  |TAMS 0x000014e2fc000000, 0x000014e2fc000000| Untracked 
| 223|0x000014e2fe000000, 0x000014e2fe000000, 0x000014e300000000|  0%| F|  |TAMS 0x000014e2fe000000, 0x000014e2fe000000| Untracked 
| 224|0x000014e300000000, 0x000014e300000000, 0x000014e302000000|  0%| F|  |TAMS 0x000014e300000000, 0x000014e300000000| Untracked 
| 225|0x000014e302000000, 0x000014e302000000, 0x000014e304000000|  0%| F|  |TAMS 0x000014e302000000, 0x000014e302000000| Untracked 
| 226|0x000014e304000000, 0x000014e306000000, 0x000014e306000000|100%| O|  |TAMS 0x000014e306000000, 0x000014e304000000| Untracked 
| 227|0x000014e306000000, 0x000014e306000000, 0x000014e308000000|  0%| F|  |TAMS 0x000014e306000000, 0x000014e306000000| Untracked 
| 228|0x000014e308000000, 0x000014e308000000, 0x000014e30a000000|  0%| F|  |TAMS 0x000014e308000000, 0x000014e308000000| Untracked 
| 229|0x000014e30a000000, 0x000014e30a000000, 0x000014e30c000000|  0%| F|  |TAMS 0x000014e30a000000, 0x000014e30a000000| Untracked 
| 230|0x000014e30c000000, 0x000014e30c000000, 0x000014e30e000000|  0%| F|  |TAMS 0x000014e30c000000, 0x000014e30c000000| Untracked 
| 231|0x000014e30e000000, 0x000014e30e000000, 0x000014e310000000|  0%| F|  |TAMS 0x000014e30e000000, 0x000014e30e000000| Untracked 
| 232|0x000014e310000000, 0x000014e310000000, 0x000014e312000000|  0%| F|  |TAMS 0x000014e310000000, 0x000014e310000000| Untracked 
| 233|0x000014e312000000, 0x000014e312000000, 0x000014e314000000|  0%| F|  |TAMS 0x000014e312000000, 0x000014e312000000| Untracked 
| 234|0x000014e314000000, 0x000014e316000000, 0x000014e316000000|100%| O|  |TAMS 0x000014e316000000, 0x000014e314000000| Untracked 
| 235|0x000014e316000000, 0x000014e316000000, 0x000014e318000000|  0%| F|  |TAMS 0x000014e316000000, 0x000014e316000000| Untracked 
| 236|0x000014e318000000, 0x000014e318000000, 0x000014e31a000000|  0%| F|  |TAMS 0x000014e318000000, 0x000014e318000000| Untracked 
| 237|0x000014e31a000000, 0x000014e31a000000, 0x000014e31c000000|  0%| F|  |TAMS 0x000014e31a000000, 0x000014e31a000000| Untracked 
| 238|0x000014e31c000000, 0x000014e31c000000, 0x000014e31e000000|  0%| F|  |TAMS 0x000014e31c000000, 0x000014e31c000000| Untracked 
| 239|0x000014e31e000000, 0x000014e31e000000, 0x000014e320000000|  0%| F|  |TAMS 0x000014e31e000000, 0x000014e31e000000| Untracked 
| 240|0x000014e320000000, 0x000014e320000000, 0x000014e322000000|  0%| F|  |TAMS 0x000014e320000000, 0x000014e320000000| Untracked 
| 241|0x000014e322000000, 0x000014e322000000, 0x000014e324000000|  0%| F|  |TAMS 0x000014e322000000, 0x000014e322000000| Untracked 
| 242|0x000014e324000000, 0x000014e324000000, 0x000014e326000000|  0%| F|  |TAMS 0x000014e324000000, 0x000014e324000000| Untracked 
| 243|0x000014e326000000, 0x000014e326000000, 0x000014e328000000|  0%| F|  |TAMS 0x000014e326000000, 0x000014e326000000| Untracked 
| 244|0x000014e328000000, 0x000014e328000000, 0x000014e32a000000|  0%| F|  |TAMS 0x000014e328000000, 0x000014e328000000| Untracked 
| 245|0x000014e32a000000, 0x000014e32a000000, 0x000014e32c000000|  0%| F|  |TAMS 0x000014e32a000000, 0x000014e32a000000| Untracked 
| 246|0x000014e32c000000, 0x000014e32c000000, 0x000014e32e000000|  0%| F|  |TAMS 0x000014e32c000000, 0x000014e32c000000| Untracked 
| 247|0x000014e32e000000, 0x000014e32e000000, 0x000014e330000000|  0%| F|  |TAMS 0x000014e32e000000, 0x000014e32e000000| Untracked 
| 248|0x000014e330000000, 0x000014e330000000, 0x000014e332000000|  0%| F|  |TAMS 0x000014e330000000, 0x000014e330000000| Untracked 
| 249|0x000014e332000000, 0x000014e332000000, 0x000014e334000000|  0%| F|  |TAMS 0x000014e332000000, 0x000014e332000000| Untracked 
| 250|0x000014e334000000, 0x000014e334000000, 0x000014e336000000|  0%| F|  |TAMS 0x000014e334000000, 0x000014e334000000| Untracked 
| 251|0x000014e336000000, 0x000014e336000000, 0x000014e338000000|  0%| F|  |TAMS 0x000014e336000000, 0x000014e336000000| Untracked 
| 252|0x000014e338000000, 0x000014e338000000, 0x000014e33a000000|  0%| F|  |TAMS 0x000014e338000000, 0x000014e338000000| Untracked 
| 253|0x000014e33a000000, 0x000014e33a000000, 0x000014e33c000000|  0%| F|  |TAMS 0x000014e33a000000, 0x000014e33a000000| Untracked 
| 254|0x000014e33c000000, 0x000014e33c000000, 0x000014e33e000000|  0%| F|  |TAMS 0x000014e33c000000, 0x000014e33c000000| Untracked 
| 255|0x000014e33e000000, 0x000014e33e000000, 0x000014e340000000|  0%| F|  |TAMS 0x000014e33e000000, 0x000014e33e000000| Untracked 
| 256|0x000014e340000000, 0x000014e340000000, 0x000014e342000000|  0%| F|  |TAMS 0x000014e340000000, 0x000014e340000000| Untracked 
| 257|0x000014e342000000, 0x000014e342000000, 0x000014e344000000|  0%| F|  |TAMS 0x000014e342000000, 0x000014e342000000| Untracked 
| 258|0x000014e344000000, 0x000014e344000000, 0x000014e346000000|  0%| F|  |TAMS 0x000014e344000000, 0x000014e344000000| Untracked 
| 259|0x000014e346000000, 0x000014e346000000, 0x000014e348000000|  0%| F|  |TAMS 0x000014e346000000, 0x000014e346000000| Untracked 
| 260|0x000014e348000000, 0x000014e348000000, 0x000014e34a000000|  0%| F|  |TAMS 0x000014e348000000, 0x000014e348000000| Untracked 
| 261|0x000014e34a000000, 0x000014e34a000000, 0x000014e34c000000|  0%| F|  |TAMS 0x000014e34a000000, 0x000014e34a000000| Untracked 
| 262|0x000014e34c000000, 0x000014e34c000000, 0x000014e34e000000|  0%| F|  |TAMS 0x000014e34c000000, 0x000014e34c000000| Untracked 
| 263|0x000014e34e000000, 0x000014e34e000000, 0x000014e350000000|  0%| F|  |TAMS 0x000014e34e000000, 0x000014e34e000000| Untracked 
| 264|0x000014e350000000, 0x000014e350000000, 0x000014e352000000|  0%| F|  |TAMS 0x000014e350000000, 0x000014e350000000| Untracked 
| 265|0x000014e352000000, 0x000014e352000000, 0x000014e354000000|  0%| F|  |TAMS 0x000014e352000000, 0x000014e352000000| Untracked 
| 266|0x000014e354000000, 0x000014e354000000, 0x000014e356000000|  0%| F|  |TAMS 0x000014e354000000, 0x000014e354000000| Untracked 
| 267|0x000014e356000000, 0x000014e356000000, 0x000014e358000000|  0%| F|  |TAMS 0x000014e356000000, 0x000014e356000000| Untracked 
| 268|0x000014e358000000, 0x000014e358000000, 0x000014e35a000000|  0%| F|  |TAMS 0x000014e358000000, 0x000014e358000000| Untracked 
| 269|0x000014e35a000000, 0x000014e35a000000, 0x000014e35c000000|  0%| F|  |TAMS 0x000014e35a000000, 0x000014e35a000000| Untracked 
| 270|0x000014e35c000000, 0x000014e35c000000, 0x000014e35e000000|  0%| F|  |TAMS 0x000014e35c000000, 0x000014e35c000000| Untracked 
| 271|0x000014e35e000000, 0x000014e35e000000, 0x000014e360000000|  0%| F|  |TAMS 0x000014e35e000000, 0x000014e35e000000| Untracked 
| 272|0x000014e360000000, 0x000014e360000000, 0x000014e362000000|  0%| F|  |TAMS 0x000014e360000000, 0x000014e360000000| Untracked 
| 273|0x000014e362000000, 0x000014e362000000, 0x000014e364000000|  0%| F|  |TAMS 0x000014e362000000, 0x000014e362000000| Untracked 
| 274|0x000014e364000000, 0x000014e364000000, 0x000014e366000000|  0%| F|  |TAMS 0x000014e364000000, 0x000014e364000000| Untracked 
| 275|0x000014e366000000, 0x000014e366000000, 0x000014e368000000|  0%| F|  |TAMS 0x000014e366000000, 0x000014e366000000| Untracked 
| 276|0x000014e368000000, 0x000014e368000000, 0x000014e36a000000|  0%| F|  |TAMS 0x000014e368000000, 0x000014e368000000| Untracked 
| 277|0x000014e36a000000, 0x000014e36a000000, 0x000014e36c000000|  0%| F|  |TAMS 0x000014e36a000000, 0x000014e36a000000| Untracked 
| 278|0x000014e36c000000, 0x000014e36c000000, 0x000014e36e000000|  0%| F|  |TAMS 0x000014e36c000000, 0x000014e36c000000| Untracked 
| 279|0x000014e36e000000, 0x000014e36e000000, 0x000014e370000000|  0%| F|  |TAMS 0x000014e36e000000, 0x000014e36e000000| Untracked 
| 280|0x000014e370000000, 0x000014e370000000, 0x000014e372000000|  0%| F|  |TAMS 0x000014e370000000, 0x000014e370000000| Untracked 
| 281|0x000014e372000000, 0x000014e372000000, 0x000014e374000000|  0%| F|  |TAMS 0x000014e372000000, 0x000014e372000000| Untracked 
| 282|0x000014e374000000, 0x000014e374000000, 0x000014e376000000|  0%| F|  |TAMS 0x000014e374000000, 0x000014e374000000| Untracked 
| 283|0x000014e376000000, 0x000014e376000000, 0x000014e378000000|  0%| F|  |TAMS 0x000014e376000000, 0x000014e376000000| Untracked 
| 284|0x000014e378000000, 0x000014e378000000, 0x000014e37a000000|  0%| F|  |TAMS 0x000014e378000000, 0x000014e378000000| Untracked 
| 285|0x000014e37a000000, 0x000014e37a000000, 0x000014e37c000000|  0%| F|  |TAMS 0x000014e37a000000, 0x000014e37a000000| Untracked 
| 286|0x000014e37c000000, 0x000014e37c000000, 0x000014e37e000000|  0%| F|  |TAMS 0x000014e37c000000, 0x000014e37c000000| Untracked 
| 287|0x000014e37e000000, 0x000014e37e000000, 0x000014e380000000|  0%| F|  |TAMS 0x000014e37e000000, 0x000014e37e000000| Untracked 
| 288|0x000014e380000000, 0x000014e380000000, 0x000014e382000000|  0%| F|  |TAMS 0x000014e380000000, 0x000014e380000000| Untracked 
| 289|0x000014e382000000, 0x000014e382000000, 0x000014e384000000|  0%| F|  |TAMS 0x000014e382000000, 0x000014e382000000| Untracked 
| 290|0x000014e384000000, 0x000014e384000000, 0x000014e386000000|  0%| F|  |TAMS 0x000014e384000000, 0x000014e384000000| Untracked 
| 291|0x000014e386000000, 0x000014e386000000, 0x000014e388000000|  0%| F|  |TAMS 0x000014e386000000, 0x000014e386000000| Untracked 
| 292|0x000014e388000000, 0x000014e388000000, 0x000014e38a000000|  0%| F|  |TAMS 0x000014e388000000, 0x000014e388000000| Untracked 
| 293|0x000014e38a000000, 0x000014e38a000000, 0x000014e38c000000|  0%| F|  |TAMS 0x000014e38a000000, 0x000014e38a000000| Untracked 
| 294|0x000014e38c000000, 0x000014e38c000000, 0x000014e38e000000|  0%| F|  |TAMS 0x000014e38c000000, 0x000014e38c000000| Untracked 
| 295|0x000014e38e000000, 0x000014e38e000000, 0x000014e390000000|  0%| F|  |TAMS 0x000014e38e000000, 0x000014e38e000000| Untracked 
| 296|0x000014e390000000, 0x000014e390000000, 0x000014e392000000|  0%| F|  |TAMS 0x000014e390000000, 0x000014e390000000| Untracked 
| 297|0x000014e392000000, 0x000014e392000000, 0x000014e394000000|  0%| F|  |TAMS 0x000014e392000000, 0x000014e392000000| Untracked 
| 298|0x000014e394000000, 0x000014e394000000, 0x000014e396000000|  0%| F|  |TAMS 0x000014e394000000, 0x000014e394000000| Untracked 
| 299|0x000014e396000000, 0x000014e396000000, 0x000014e398000000|  0%| F|  |TAMS 0x000014e396000000, 0x000014e396000000| Untracked 
| 300|0x000014e398000000, 0x000014e398000000, 0x000014e39a000000|  0%| F|  |TAMS 0x000014e398000000, 0x000014e398000000| Untracked 
| 301|0x000014e39a000000, 0x000014e39a000000, 0x000014e39c000000|  0%| F|  |TAMS 0x000014e39a000000, 0x000014e39a000000| Untracked 
| 302|0x000014e39c000000, 0x000014e39c000000, 0x000014e39e000000|  0%| F|  |TAMS 0x000014e39c000000, 0x000014e39c000000| Untracked 
| 303|0x000014e39e000000, 0x000014e39e000000, 0x000014e3a0000000|  0%| F|  |TAMS 0x000014e39e000000, 0x000014e39e000000| Untracked 
| 304|0x000014e3a0000000, 0x000014e3a0000000, 0x000014e3a2000000|  0%| F|  |TAMS 0x000014e3a0000000, 0x000014e3a0000000| Untracked 
| 305|0x000014e3a2000000, 0x000014e3a2000000, 0x000014e3a4000000|  0%| F|  |TAMS 0x000014e3a2000000, 0x000014e3a2000000| Untracked 
| 306|0x000014e3a4000000, 0x000014e3a4000000, 0x000014e3a6000000|  0%| F|  |TAMS 0x000014e3a4000000, 0x000014e3a4000000| Untracked 
| 307|0x000014e3a6000000, 0x000014e3a6000000, 0x000014e3a8000000|  0%| F|  |TAMS 0x000014e3a6000000, 0x000014e3a6000000| Untracked 
| 308|0x000014e3a8000000, 0x000014e3a8000000, 0x000014e3aa000000|  0%| F|  |TAMS 0x000014e3a8000000, 0x000014e3a8000000| Untracked 
| 309|0x000014e3aa000000, 0x000014e3aa000000, 0x000014e3ac000000|  0%| F|  |TAMS 0x000014e3aa000000, 0x000014e3aa000000| Untracked 
| 310|0x000014e3ac000000, 0x000014e3ac000000, 0x000014e3ae000000|  0%| F|  |TAMS 0x000014e3ac000000, 0x000014e3ac000000| Untracked 
| 311|0x000014e3ae000000, 0x000014e3ae000000, 0x000014e3b0000000|  0%| F|  |TAMS 0x000014e3ae000000, 0x000014e3ae000000| Untracked 
| 312|0x000014e3b0000000, 0x000014e3b0000000, 0x000014e3b2000000|  0%| F|  |TAMS 0x000014e3b0000000, 0x000014e3b0000000| Untracked 
| 313|0x000014e3b2000000, 0x000014e3b2000000, 0x000014e3b4000000|  0%| F|  |TAMS 0x000014e3b2000000, 0x000014e3b2000000| Untracked 
| 314|0x000014e3b4000000, 0x000014e3b4000000, 0x000014e3b6000000|  0%| F|  |TAMS 0x000014e3b4000000, 0x000014e3b4000000| Untracked 
| 315|0x000014e3b6000000, 0x000014e3b6000000, 0x000014e3b8000000|  0%| F|  |TAMS 0x000014e3b6000000, 0x000014e3b6000000| Untracked 
| 316|0x000014e3b8000000, 0x000014e3b8000000, 0x000014e3ba000000|  0%| F|  |TAMS 0x000014e3b8000000, 0x000014e3b8000000| Untracked 
| 317|0x000014e3ba000000, 0x000014e3ba000000, 0x000014e3bc000000|  0%| F|  |TAMS 0x000014e3ba000000, 0x000014e3ba000000| Untracked 
| 318|0x000014e3bc000000, 0x000014e3bc000000, 0x000014e3be000000|  0%| F|  |TAMS 0x000014e3bc000000, 0x000014e3bc000000| Untracked 
| 319|0x000014e3be000000, 0x000014e3be000000, 0x000014e3c0000000|  0%| F|  |TAMS 0x000014e3be000000, 0x000014e3be000000| Untracked 
| 320|0x000014e3c0000000, 0x000014e3c0000000, 0x000014e3c2000000|  0%| F|  |TAMS 0x000014e3c0000000, 0x000014e3c0000000| Untracked 
| 321|0x000014e3c2000000, 0x000014e3c2000000, 0x000014e3c4000000|  0%| F|  |TAMS 0x000014e3c2000000, 0x000014e3c2000000| Untracked 
| 322|0x000014e3c4000000, 0x000014e3c4000000, 0x000014e3c6000000|  0%| F|  |TAMS 0x000014e3c4000000, 0x000014e3c4000000| Untracked 
| 323|0x000014e3c6000000, 0x000014e3c6000000, 0x000014e3c8000000|  0%| F|  |TAMS 0x000014e3c6000000, 0x000014e3c6000000| Untracked 
| 324|0x000014e3c8000000, 0x000014e3c8000000, 0x000014e3ca000000|  0%| F|  |TAMS 0x000014e3c8000000, 0x000014e3c8000000| Untracked 
| 325|0x000014e3ca000000, 0x000014e3ca000000, 0x000014e3cc000000|  0%| F|  |TAMS 0x000014e3ca000000, 0x000014e3ca000000| Untracked 
| 326|0x000014e3cc000000, 0x000014e3cc000000, 0x000014e3ce000000|  0%| F|  |TAMS 0x000014e3cc000000, 0x000014e3cc000000| Untracked 
| 327|0x000014e3ce000000, 0x000014e3ce000000, 0x000014e3d0000000|  0%| F|  |TAMS 0x000014e3ce000000, 0x000014e3ce000000| Untracked 
| 328|0x000014e3d0000000, 0x000014e3d0000000, 0x000014e3d2000000|  0%| F|  |TAMS 0x000014e3d0000000, 0x000014e3d0000000| Untracked 
| 329|0x000014e3d2000000, 0x000014e3d2000000, 0x000014e3d4000000|  0%| F|  |TAMS 0x000014e3d2000000, 0x000014e3d2000000| Untracked 
| 330|0x000014e3d4000000, 0x000014e3d4000000, 0x000014e3d6000000|  0%| F|  |TAMS 0x000014e3d4000000, 0x000014e3d4000000| Untracked 
| 331|0x000014e3d6000000, 0x000014e3d6000000, 0x000014e3d8000000|  0%| F|  |TAMS 0x000014e3d6000000, 0x000014e3d6000000| Untracked 
| 332|0x000014e3d8000000, 0x000014e3d8000000, 0x000014e3da000000|  0%| F|  |TAMS 0x000014e3d8000000, 0x000014e3d8000000| Untracked 
| 333|0x000014e3da000000, 0x000014e3da000000, 0x000014e3dc000000|  0%| F|  |TAMS 0x000014e3da000000, 0x000014e3da000000| Untracked 
| 334|0x000014e3dc000000, 0x000014e3dc000000, 0x000014e3de000000|  0%| F|  |TAMS 0x000014e3dc000000, 0x000014e3dc000000| Untracked 
| 335|0x000014e3de000000, 0x000014e3de000000, 0x000014e3e0000000|  0%| F|  |TAMS 0x000014e3de000000, 0x000014e3de000000| Untracked 
| 336|0x000014e3e0000000, 0x000014e3e0000000, 0x000014e3e2000000|  0%| F|  |TAMS 0x000014e3e0000000, 0x000014e3e0000000| Untracked 
| 337|0x000014e3e2000000, 0x000014e3e2000000, 0x000014e3e4000000|  0%| F|  |TAMS 0x000014e3e2000000, 0x000014e3e2000000| Untracked 
| 338|0x000014e3e4000000, 0x000014e3e4000000, 0x000014e3e6000000|  0%| F|  |TAMS 0x000014e3e4000000, 0x000014e3e4000000| Untracked 
| 339|0x000014e3e6000000, 0x000014e3e6000000, 0x000014e3e8000000|  0%| F|  |TAMS 0x000014e3e6000000, 0x000014e3e6000000| Untracked 
| 340|0x000014e3e8000000, 0x000014e3e8000000, 0x000014e3ea000000|  0%| F|  |TAMS 0x000014e3e8000000, 0x000014e3e8000000| Untracked 
| 341|0x000014e3ea000000, 0x000014e3ea000000, 0x000014e3ec000000|  0%| F|  |TAMS 0x000014e3ea000000, 0x000014e3ea000000| Untracked 
| 342|0x000014e3ec000000, 0x000014e3ee000000, 0x000014e3ee000000|100%| O|  |TAMS 0x000014e3ee000000, 0x000014e3ec000000| Untracked 
| 343|0x000014e3ee000000, 0x000014e3ee000000, 0x000014e3f0000000|  0%| F|  |TAMS 0x000014e3ee000000, 0x000014e3ee000000| Untracked 
| 344|0x000014e3f0000000, 0x000014e3f0000000, 0x000014e3f2000000|  0%| F|  |TAMS 0x000014e3f0000000, 0x000014e3f0000000| Untracked 
| 345|0x000014e3f2000000, 0x000014e3f2000000, 0x000014e3f4000000|  0%| F|  |TAMS 0x000014e3f2000000, 0x000014e3f2000000| Untracked 
| 346|0x000014e3f4000000, 0x000014e3f4000000, 0x000014e3f6000000|  0%| F|  |TAMS 0x000014e3f4000000, 0x000014e3f4000000| Untracked 
| 347|0x000014e3f6000000, 0x000014e3f6000000, 0x000014e3f8000000|  0%| F|  |TAMS 0x000014e3f6000000, 0x000014e3f6000000| Untracked 
| 348|0x000014e3f8000000, 0x000014e3f8000000, 0x000014e3fa000000|  0%| F|  |TAMS 0x000014e3f8000000, 0x000014e3f8000000| Untracked 
| 349|0x000014e3fa000000, 0x000014e3fa000000, 0x000014e3fc000000|  0%| F|  |TAMS 0x000014e3fa000000, 0x000014e3fa000000| Untracked 
| 350|0x000014e3fc000000, 0x000014e3fc000000, 0x000014e3fe000000|  0%| F|  |TAMS 0x000014e3fc000000, 0x000014e3fc000000| Untracked 
| 351|0x000014e3fe000000, 0x000014e3fe000000, 0x000014e400000000|  0%| F|  |TAMS 0x000014e3fe000000, 0x000014e3fe000000| Untracked 
| 352|0x000014e400000000, 0x000014e400000000, 0x000014e402000000|  0%| F|  |TAMS 0x000014e400000000, 0x000014e400000000| Untracked 
| 353|0x000014e402000000, 0x000014e402000000, 0x000014e404000000|  0%| F|  |TAMS 0x000014e402000000, 0x000014e402000000| Untracked 
| 354|0x000014e404000000, 0x000014e404000000, 0x000014e406000000|  0%| F|  |TAMS 0x000014e404000000, 0x000014e404000000| Untracked 
| 355|0x000014e406000000, 0x000014e406000000, 0x000014e408000000|  0%| F|  |TAMS 0x000014e406000000, 0x000014e406000000| Untracked 
| 356|0x000014e408000000, 0x000014e408000000, 0x000014e40a000000|  0%| F|  |TAMS 0x000014e408000000, 0x000014e408000000| Untracked 
| 357|0x000014e40a000000, 0x000014e40a000000, 0x000014e40c000000|  0%| F|  |TAMS 0x000014e40a000000, 0x000014e40a000000| Untracked 
| 358|0x000014e40c000000, 0x000014e40c000000, 0x000014e40e000000|  0%| F|  |TAMS 0x000014e40c000000, 0x000014e40c000000| Untracked 
| 359|0x000014e40e000000, 0x000014e40e000000, 0x000014e410000000|  0%| F|  |TAMS 0x000014e40e000000, 0x000014e40e000000| Untracked 
| 360|0x000014e410000000, 0x000014e410000000, 0x000014e412000000|  0%| F|  |TAMS 0x000014e410000000, 0x000014e410000000| Untracked 
| 361|0x000014e412000000, 0x000014e412000000, 0x000014e414000000|  0%| F|  |TAMS 0x000014e412000000, 0x000014e412000000| Untracked 
| 362|0x000014e414000000, 0x000014e414000000, 0x000014e416000000|  0%| F|  |TAMS 0x000014e414000000, 0x000014e414000000| Untracked 
| 363|0x000014e416000000, 0x000014e416000000, 0x000014e418000000|  0%| F|  |TAMS 0x000014e416000000, 0x000014e416000000| Untracked 
| 364|0x000014e418000000, 0x000014e418000000, 0x000014e41a000000|  0%| F|  |TAMS 0x000014e418000000, 0x000014e418000000| Untracked 
| 365|0x000014e41a000000, 0x000014e41a000000, 0x000014e41c000000|  0%| F|  |TAMS 0x000014e41a000000, 0x000014e41a000000| Untracked 
| 366|0x000014e41c000000, 0x000014e41c000000, 0x000014e41e000000|  0%| F|  |TAMS 0x000014e41c000000, 0x000014e41c000000| Untracked 
| 367|0x000014e41e000000, 0x000014e41e000000, 0x000014e420000000|  0%| F|  |TAMS 0x000014e41e000000, 0x000014e41e000000| Untracked 
| 368|0x000014e420000000, 0x000014e420000000, 0x000014e422000000|  0%| F|  |TAMS 0x000014e420000000, 0x000014e420000000| Untracked 
| 369|0x000014e422000000, 0x000014e422000000, 0x000014e424000000|  0%| F|  |TAMS 0x000014e422000000, 0x000014e422000000| Untracked 
| 370|0x000014e424000000, 0x000014e424000000, 0x000014e426000000|  0%| F|  |TAMS 0x000014e424000000, 0x000014e424000000| Untracked 
| 371|0x000014e426000000, 0x000014e426000000, 0x000014e428000000|  0%| F|  |TAMS 0x000014e426000000, 0x000014e426000000| Untracked 
| 372|0x000014e428000000, 0x000014e428000000, 0x000014e42a000000|  0%| F|  |TAMS 0x000014e428000000, 0x000014e428000000| Untracked 
| 373|0x000014e42a000000, 0x000014e42a000000, 0x000014e42c000000|  0%| F|  |TAMS 0x000014e42a000000, 0x000014e42a000000| Untracked 
| 374|0x000014e42c000000, 0x000014e42c000000, 0x000014e42e000000|  0%| F|  |TAMS 0x000014e42c000000, 0x000014e42c000000| Untracked 
| 375|0x000014e42e000000, 0x000014e42e000000, 0x000014e430000000|  0%| F|  |TAMS 0x000014e42e000000, 0x000014e42e000000| Untracked 
| 376|0x000014e430000000, 0x000014e430000000, 0x000014e432000000|  0%| F|  |TAMS 0x000014e430000000, 0x000014e430000000| Untracked 
| 377|0x000014e432000000, 0x000014e432000000, 0x000014e434000000|  0%| F|  |TAMS 0x000014e432000000, 0x000014e432000000| Untracked 
| 378|0x000014e434000000, 0x000014e434000000, 0x000014e436000000|  0%| F|  |TAMS 0x000014e434000000, 0x000014e434000000| Untracked 
| 379|0x000014e436000000, 0x000014e438000000, 0x000014e438000000|100%| O|  |TAMS 0x000014e438000000, 0x000014e436000000| Untracked 
| 380|0x000014e438000000, 0x000014e43a000000, 0x000014e43a000000|100%| O|  |TAMS 0x000014e43a000000, 0x000014e438000000| Untracked 
| 381|0x000014e43a000000, 0x000014e43a000000, 0x000014e43c000000|  0%| F|  |TAMS 0x000014e43a000000, 0x000014e43a000000| Untracked 
| 382|0x000014e43c000000, 0x000014e43c000000, 0x000014e43e000000|  0%| F|  |TAMS 0x000014e43c000000, 0x000014e43c000000| Untracked 
| 383|0x000014e43e000000, 0x000014e43e000000, 0x000014e440000000|  0%| F|  |TAMS 0x000014e43e000000, 0x000014e43e000000| Untracked 
| 384|0x000014e440000000, 0x000014e440000000, 0x000014e442000000|  0%| F|  |TAMS 0x000014e440000000, 0x000014e440000000| Untracked 
| 385|0x000014e442000000, 0x000014e442000000, 0x000014e444000000|  0%| F|  |TAMS 0x000014e442000000, 0x000014e442000000| Untracked 
| 386|0x000014e444000000, 0x000014e444000000, 0x000014e446000000|  0%| F|  |TAMS 0x000014e444000000, 0x000014e444000000| Untracked 
| 387|0x000014e446000000, 0x000014e446000000, 0x000014e448000000|  0%| F|  |TAMS 0x000014e446000000, 0x000014e446000000| Untracked 
| 388|0x000014e448000000, 0x000014e448000000, 0x000014e44a000000|  0%| F|  |TAMS 0x000014e448000000, 0x000014e448000000| Untracked 
| 389|0x000014e44a000000, 0x000014e44a000000, 0x000014e44c000000|  0%| F|  |TAMS 0x000014e44a000000, 0x000014e44a000000| Untracked 
| 390|0x000014e44c000000, 0x000014e44c000000, 0x000014e44e000000|  0%| F|  |TAMS 0x000014e44c000000, 0x000014e44c000000| Untracked 
| 391|0x000014e44e000000, 0x000014e44e000000, 0x000014e450000000|  0%| F|  |TAMS 0x000014e44e000000, 0x000014e44e000000| Untracked 
| 392|0x000014e450000000, 0x000014e450000000, 0x000014e452000000|  0%| F|  |TAMS 0x000014e450000000, 0x000014e450000000| Untracked 
| 393|0x000014e452000000, 0x000014e452000000, 0x000014e454000000|  0%| F|  |TAMS 0x000014e452000000, 0x000014e452000000| Untracked 
| 394|0x000014e454000000, 0x000014e454000000, 0x000014e456000000|  0%| F|  |TAMS 0x000014e454000000, 0x000014e454000000| Untracked 
| 395|0x000014e456000000, 0x000014e456000000, 0x000014e458000000|  0%| F|  |TAMS 0x000014e456000000, 0x000014e456000000| Untracked 
| 396|0x000014e458000000, 0x000014e458000000, 0x000014e45a000000|  0%| F|  |TAMS 0x000014e458000000, 0x000014e458000000| Untracked 
| 397|0x000014e45a000000, 0x000014e45a000000, 0x000014e45c000000|  0%| F|  |TAMS 0x000014e45a000000, 0x000014e45a000000| Untracked 
| 398|0x000014e45c000000, 0x000014e45c000000, 0x000014e45e000000|  0%| F|  |TAMS 0x000014e45c000000, 0x000014e45c000000| Untracked 
| 399|0x000014e45e000000, 0x000014e45e000000, 0x000014e460000000|  0%| F|  |TAMS 0x000014e45e000000, 0x000014e45e000000| Untracked 
| 400|0x000014e460000000, 0x000014e460000000, 0x000014e462000000|  0%| F|  |TAMS 0x000014e460000000, 0x000014e460000000| Untracked 
| 401|0x000014e462000000, 0x000014e462000000, 0x000014e464000000|  0%| F|  |TAMS 0x000014e462000000, 0x000014e462000000| Untracked 
| 402|0x000014e464000000, 0x000014e464000000, 0x000014e466000000|  0%| F|  |TAMS 0x000014e464000000, 0x000014e464000000| Untracked 
| 403|0x000014e466000000, 0x000014e466000000, 0x000014e468000000|  0%| F|  |TAMS 0x000014e466000000, 0x000014e466000000| Untracked 
| 404|0x000014e468000000, 0x000014e468000000, 0x000014e46a000000|  0%| F|  |TAMS 0x000014e468000000, 0x000014e468000000| Untracked 
| 405|0x000014e46a000000, 0x000014e46a000000, 0x000014e46c000000|  0%| F|  |TAMS 0x000014e46a000000, 0x000014e46a000000| Untracked 
| 406|0x000014e46c000000, 0x000014e46c000000, 0x000014e46e000000|  0%| F|  |TAMS 0x000014e46c000000, 0x000014e46c000000| Untracked 
| 407|0x000014e46e000000, 0x000014e46e000000, 0x000014e470000000|  0%| F|  |TAMS 0x000014e46e000000, 0x000014e46e000000| Untracked 
| 408|0x000014e470000000, 0x000014e470000000, 0x000014e472000000|  0%| F|  |TAMS 0x000014e470000000, 0x000014e470000000| Untracked 
| 409|0x000014e472000000, 0x000014e472000000, 0x000014e474000000|  0%| F|  |TAMS 0x000014e472000000, 0x000014e472000000| Untracked 
| 410|0x000014e474000000, 0x000014e474000000, 0x000014e476000000|  0%| F|  |TAMS 0x000014e474000000, 0x000014e474000000| Untracked 
| 411|0x000014e476000000, 0x000014e476000000, 0x000014e478000000|  0%| F|  |TAMS 0x000014e476000000, 0x000014e476000000| Untracked 
| 412|0x000014e478000000, 0x000014e478000000, 0x000014e47a000000|  0%| F|  |TAMS 0x000014e478000000, 0x000014e478000000| Untracked 
| 413|0x000014e47a000000, 0x000014e47a000000, 0x000014e47c000000|  0%| F|  |TAMS 0x000014e47a000000, 0x000014e47a000000| Untracked 
| 414|0x000014e47c000000, 0x000014e47c000000, 0x000014e47e000000|  0%| F|  |TAMS 0x000014e47c000000, 0x000014e47c000000| Untracked 
| 415|0x000014e47e000000, 0x000014e47e000000, 0x000014e480000000|  0%| F|  |TAMS 0x000014e47e000000, 0x000014e47e000000| Untracked 
| 416|0x000014e480000000, 0x000014e480000000, 0x000014e482000000|  0%| F|  |TAMS 0x000014e480000000, 0x000014e480000000| Untracked 
| 417|0x000014e482000000, 0x000014e482000000, 0x000014e484000000|  0%| F|  |TAMS 0x000014e482000000, 0x000014e482000000| Untracked 
| 418|0x000014e484000000, 0x000014e484000000, 0x000014e486000000|  0%| F|  |TAMS 0x000014e484000000, 0x000014e484000000| Untracked 
| 419|0x000014e486000000, 0x000014e486000000, 0x000014e488000000|  0%| F|  |TAMS 0x000014e486000000, 0x000014e486000000| Untracked 
| 420|0x000014e488000000, 0x000014e488000000, 0x000014e48a000000|  0%| F|  |TAMS 0x000014e488000000, 0x000014e488000000| Untracked 
| 421|0x000014e48a000000, 0x000014e48a000000, 0x000014e48c000000|  0%| F|  |TAMS 0x000014e48a000000, 0x000014e48a000000| Untracked 
| 422|0x000014e48c000000, 0x000014e48c000000, 0x000014e48e000000|  0%| F|  |TAMS 0x000014e48c000000, 0x000014e48c000000| Untracked 
| 423|0x000014e48e000000, 0x000014e48e000000, 0x000014e490000000|  0%| F|  |TAMS 0x000014e48e000000, 0x000014e48e000000| Untracked 
| 424|0x000014e490000000, 0x000014e490000000, 0x000014e492000000|  0%| F|  |TAMS 0x000014e490000000, 0x000014e490000000| Untracked 
| 425|0x000014e492000000, 0x000014e492000000, 0x000014e494000000|  0%| F|  |TAMS 0x000014e492000000, 0x000014e492000000| Untracked 
| 426|0x000014e494000000, 0x000014e494000000, 0x000014e496000000|  0%| F|  |TAMS 0x000014e494000000, 0x000014e494000000| Untracked 
| 427|0x000014e496000000, 0x000014e496000000, 0x000014e498000000|  0%| F|  |TAMS 0x000014e496000000, 0x000014e496000000| Untracked 
| 428|0x000014e498000000, 0x000014e498000000, 0x000014e49a000000|  0%| F|  |TAMS 0x000014e498000000, 0x000014e498000000| Untracked 
| 429|0x000014e49a000000, 0x000014e49a000000, 0x000014e49c000000|  0%| F|  |TAMS 0x000014e49a000000, 0x000014e49a000000| Untracked 
| 430|0x000014e49c000000, 0x000014e49c000000, 0x000014e49e000000|  0%| F|  |TAMS 0x000014e49c000000, 0x000014e49c000000| Untracked 
| 431|0x000014e49e000000, 0x000014e49e000000, 0x000014e4a0000000|  0%| F|  |TAMS 0x000014e49e000000, 0x000014e49e000000| Untracked 
| 432|0x000014e4a0000000, 0x000014e4a0000000, 0x000014e4a2000000|  0%| F|  |TAMS 0x000014e4a0000000, 0x000014e4a0000000| Untracked 
| 433|0x000014e4a2000000, 0x000014e4a4000000, 0x000014e4a4000000|100%| O|  |TAMS 0x000014e4a4000000, 0x000014e4a2000000| Untracked 
| 434|0x000014e4a4000000, 0x000014e4a4000000, 0x000014e4a6000000|  0%| F|  |TAMS 0x000014e4a4000000, 0x000014e4a4000000| Untracked 
| 435|0x000014e4a6000000, 0x000014e4a6000000, 0x000014e4a8000000|  0%| F|  |TAMS 0x000014e4a6000000, 0x000014e4a6000000| Untracked 
| 436|0x000014e4a8000000, 0x000014e4a8000000, 0x000014e4aa000000|  0%| F|  |TAMS 0x000014e4a8000000, 0x000014e4a8000000| Untracked 
| 437|0x000014e4aa000000, 0x000014e4aa000000, 0x000014e4ac000000|  0%| F|  |TAMS 0x000014e4aa000000, 0x000014e4aa000000| Untracked 
| 438|0x000014e4ac000000, 0x000014e4ac000000, 0x000014e4ae000000|  0%| F|  |TAMS 0x000014e4ac000000, 0x000014e4ac000000| Untracked 
| 439|0x000014e4ae000000, 0x000014e4ae000000, 0x000014e4b0000000|  0%| F|  |TAMS 0x000014e4ae000000, 0x000014e4ae000000| Untracked 
| 440|0x000014e4b0000000, 0x000014e4b0000000, 0x000014e4b2000000|  0%| F|  |TAMS 0x000014e4b0000000, 0x000014e4b0000000| Untracked 
| 441|0x000014e4b2000000, 0x000014e4b2000000, 0x000014e4b4000000|  0%| F|  |TAMS 0x000014e4b2000000, 0x000014e4b2000000| Untracked 
| 442|0x000014e4b4000000, 0x000014e4b4000000, 0x000014e4b6000000|  0%| F|  |TAMS 0x000014e4b4000000, 0x000014e4b4000000| Untracked 
| 443|0x000014e4b6000000, 0x000014e4b6000000, 0x000014e4b8000000|  0%| F|  |TAMS 0x000014e4b6000000, 0x000014e4b6000000| Untracked 
| 444|0x000014e4b8000000, 0x000014e4b8000000, 0x000014e4ba000000|  0%| F|  |TAMS 0x000014e4b8000000, 0x000014e4b8000000| Untracked 
| 445|0x000014e4ba000000, 0x000014e4ba000000, 0x000014e4bc000000|  0%| F|  |TAMS 0x000014e4ba000000, 0x000014e4ba000000| Untracked 
| 446|0x000014e4bc000000, 0x000014e4bc000000, 0x000014e4be000000|  0%| F|  |TAMS 0x000014e4bc000000, 0x000014e4bc000000| Untracked 
| 447|0x000014e4be000000, 0x000014e4be000000, 0x000014e4c0000000|  0%| F|  |TAMS 0x000014e4be000000, 0x000014e4be000000| Untracked 
| 448|0x000014e4c0000000, 0x000014e4c0000000, 0x000014e4c2000000|  0%| F|  |TAMS 0x000014e4c0000000, 0x000014e4c0000000| Untracked 
| 449|0x000014e4c2000000, 0x000014e4c2000000, 0x000014e4c4000000|  0%| F|  |TAMS 0x000014e4c2000000, 0x000014e4c2000000| Untracked 
| 450|0x000014e4c4000000, 0x000014e4c4000000, 0x000014e4c6000000|  0%| F|  |TAMS 0x000014e4c4000000, 0x000014e4c4000000| Untracked 
| 451|0x000014e4c6000000, 0x000014e4c6000000, 0x000014e4c8000000|  0%| F|  |TAMS 0x000014e4c6000000, 0x000014e4c6000000| Untracked 
| 452|0x000014e4c8000000, 0x000014e4c8000000, 0x000014e4ca000000|  0%| F|  |TAMS 0x000014e4c8000000, 0x000014e4c8000000| Untracked 
| 453|0x000014e4ca000000, 0x000014e4ca000000, 0x000014e4cc000000|  0%| F|  |TAMS 0x000014e4ca000000, 0x000014e4ca000000| Untracked 
| 454|0x000014e4cc000000, 0x000014e4cc000000, 0x000014e4ce000000|  0%| F|  |TAMS 0x000014e4cc000000, 0x000014e4cc000000| Untracked 
| 455|0x000014e4ce000000, 0x000014e4ce000000, 0x000014e4d0000000|  0%| F|  |TAMS 0x000014e4ce000000, 0x000014e4ce000000| Untracked 
| 456|0x000014e4d0000000, 0x000014e4d0000000, 0x000014e4d2000000|  0%| F|  |TAMS 0x000014e4d0000000, 0x000014e4d0000000| Untracked 
| 457|0x000014e4d2000000, 0x000014e4d2000000, 0x000014e4d4000000|  0%| F|  |TAMS 0x000014e4d2000000, 0x000014e4d2000000| Untracked 
| 458|0x000014e4d4000000, 0x000014e4d4000000, 0x000014e4d6000000|  0%| F|  |TAMS 0x000014e4d4000000, 0x000014e4d4000000| Untracked 
| 459|0x000014e4d6000000, 0x000014e4d6000000, 0x000014e4d8000000|  0%| F|  |TAMS 0x000014e4d6000000, 0x000014e4d6000000| Untracked 
| 460|0x000014e4d8000000, 0x000014e4d8000000, 0x000014e4da000000|  0%| F|  |TAMS 0x000014e4d8000000, 0x000014e4d8000000| Untracked 
| 461|0x000014e4da000000, 0x000014e4da000000, 0x000014e4dc000000|  0%| F|  |TAMS 0x000014e4da000000, 0x000014e4da000000| Untracked 
| 462|0x000014e4dc000000, 0x000014e4dc000000, 0x000014e4de000000|  0%| F|  |TAMS 0x000014e4dc000000, 0x000014e4dc000000| Untracked 
| 463|0x000014e4de000000, 0x000014e4de000000, 0x000014e4e0000000|  0%| F|  |TAMS 0x000014e4de000000, 0x000014e4de000000| Untracked 
| 464|0x000014e4e0000000, 0x000014e4e0000000, 0x000014e4e2000000|  0%| F|  |TAMS 0x000014e4e0000000, 0x000014e4e0000000| Untracked 
| 465|0x000014e4e2000000, 0x000014e4e4000000, 0x000014e4e4000000|100%| O|  |TAMS 0x000014e4e4000000, 0x000014e4e2000000| Untracked 
| 466|0x000014e4e4000000, 0x000014e4e4000000, 0x000014e4e6000000|  0%| F|  |TAMS 0x000014e4e4000000, 0x000014e4e4000000| Untracked 
| 467|0x000014e4e6000000, 0x000014e4e6000000, 0x000014e4e8000000|  0%| F|  |TAMS 0x000014e4e6000000, 0x000014e4e6000000| Untracked 
| 468|0x000014e4e8000000, 0x000014e4e8000000, 0x000014e4ea000000|  0%| F|  |TAMS 0x000014e4e8000000, 0x000014e4e8000000| Untracked 
| 469|0x000014e4ea000000, 0x000014e4ea000000, 0x000014e4ec000000|  0%| F|  |TAMS 0x000014e4ea000000, 0x000014e4ea000000| Untracked 
| 470|0x000014e4ec000000, 0x000014e4ec000000, 0x000014e4ee000000|  0%| F|  |TAMS 0x000014e4ec000000, 0x000014e4ec000000| Untracked 
| 471|0x000014e4ee000000, 0x000014e4ee000000, 0x000014e4f0000000|  0%| F|  |TAMS 0x000014e4ee000000, 0x000014e4ee000000| Untracked 
| 472|0x000014e4f0000000, 0x000014e4f0000000, 0x000014e4f2000000|  0%| F|  |TAMS 0x000014e4f0000000, 0x000014e4f0000000| Untracked 
| 473|0x000014e4f2000000, 0x000014e4f2000000, 0x000014e4f4000000|  0%| F|  |TAMS 0x000014e4f2000000, 0x000014e4f2000000| Untracked 
| 474|0x000014e4f4000000, 0x000014e4f4000000, 0x000014e4f6000000|  0%| F|  |TAMS 0x000014e4f4000000, 0x000014e4f4000000| Untracked 
| 475|0x000014e4f6000000, 0x000014e4f6000000, 0x000014e4f8000000|  0%| F|  |TAMS 0x000014e4f6000000, 0x000014e4f6000000| Untracked 
| 476|0x000014e4f8000000, 0x000014e4fa000000, 0x000014e4fa000000|100%| O|  |TAMS 0x000014e4fa000000, 0x000014e4f8000000| Untracked 
| 477|0x000014e4fa000000, 0x000014e4fa000000, 0x000014e4fc000000|  0%| F|  |TAMS 0x000014e4fa000000, 0x000014e4fa000000| Untracked 
| 478|0x000014e4fc000000, 0x000014e4fc000000, 0x000014e4fe000000|  0%| F|  |TAMS 0x000014e4fc000000, 0x000014e4fc000000| Untracked 
| 479|0x000014e4fe000000, 0x000014e4fe000000, 0x000014e500000000|  0%| F|  |TAMS 0x000014e4fe000000, 0x000014e4fe000000| Untracked 
| 480|0x000014e500000000, 0x000014e500000000, 0x000014e502000000|  0%| F|  |TAMS 0x000014e500000000, 0x000014e500000000| Untracked 
| 481|0x000014e502000000, 0x000014e502000000, 0x000014e504000000|  0%| F|  |TAMS 0x000014e502000000, 0x000014e502000000| Untracked 
| 482|0x000014e504000000, 0x000014e504000000, 0x000014e506000000|  0%| F|  |TAMS 0x000014e504000000, 0x000014e504000000| Untracked 
| 483|0x000014e506000000, 0x000014e506000000, 0x000014e508000000|  0%| F|  |TAMS 0x000014e506000000, 0x000014e506000000| Untracked 
| 484|0x000014e508000000, 0x000014e508000000, 0x000014e50a000000|  0%| F|  |TAMS 0x000014e508000000, 0x000014e508000000| Untracked 
| 485|0x000014e50a000000, 0x000014e50a000000, 0x000014e50c000000|  0%| F|  |TAMS 0x000014e50a000000, 0x000014e50a000000| Untracked 
| 486|0x000014e50c000000, 0x000014e50c000000, 0x000014e50e000000|  0%| F|  |TAMS 0x000014e50c000000, 0x000014e50c000000| Untracked 
| 487|0x000014e50e000000, 0x000014e50e000000, 0x000014e510000000|  0%| F|  |TAMS 0x000014e50e000000, 0x000014e50e000000| Untracked 
| 488|0x000014e510000000, 0x000014e510000000, 0x000014e512000000|  0%| F|  |TAMS 0x000014e510000000, 0x000014e510000000| Untracked 
| 489|0x000014e512000000, 0x000014e512000000, 0x000014e514000000|  0%| F|  |TAMS 0x000014e512000000, 0x000014e512000000| Untracked 
| 490|0x000014e514000000, 0x000014e514000000, 0x000014e516000000|  0%| F|  |TAMS 0x000014e514000000, 0x000014e514000000| Untracked 
| 491|0x000014e516000000, 0x000014e516000000, 0x000014e518000000|  0%| F|  |TAMS 0x000014e516000000, 0x000014e516000000| Untracked 
| 492|0x000014e518000000, 0x000014e518000000, 0x000014e51a000000|  0%| F|  |TAMS 0x000014e518000000, 0x000014e518000000| Untracked 
| 493|0x000014e51a000000, 0x000014e51a000000, 0x000014e51c000000|  0%| F|  |TAMS 0x000014e51a000000, 0x000014e51a000000| Untracked 
| 494|0x000014e51c000000, 0x000014e51c000000, 0x000014e51e000000|  0%| F|  |TAMS 0x000014e51c000000, 0x000014e51c000000| Untracked 
| 495|0x000014e51e000000, 0x000014e51e000000, 0x000014e520000000|  0%| F|  |TAMS 0x000014e51e000000, 0x000014e51e000000| Untracked 
| 496|0x000014e520000000, 0x000014e520000000, 0x000014e522000000|  0%| F|  |TAMS 0x000014e520000000, 0x000014e520000000| Untracked 
| 497|0x000014e522000000, 0x000014e522000000, 0x000014e524000000|  0%| F|  |TAMS 0x000014e522000000, 0x000014e522000000| Untracked 
| 498|0x000014e524000000, 0x000014e524000000, 0x000014e526000000|  0%| F|  |TAMS 0x000014e524000000, 0x000014e524000000| Untracked 
| 499|0x000014e526000000, 0x000014e526000000, 0x000014e528000000|  0%| F|  |TAMS 0x000014e526000000, 0x000014e526000000| Untracked 
| 500|0x000014e528000000, 0x000014e528000000, 0x000014e52a000000|  0%| F|  |TAMS 0x000014e528000000, 0x000014e528000000| Untracked 
| 501|0x000014e52a000000, 0x000014e52a000000, 0x000014e52c000000|  0%| F|  |TAMS 0x000014e52a000000, 0x000014e52a000000| Untracked 
| 502|0x000014e52c000000, 0x000014e52c000000, 0x000014e52e000000|  0%| F|  |TAMS 0x000014e52c000000, 0x000014e52c000000| Untracked 
| 503|0x000014e52e000000, 0x000014e52e000000, 0x000014e530000000|  0%| F|  |TAMS 0x000014e52e000000, 0x000014e52e000000| Untracked 
| 504|0x000014e530000000, 0x000014e530000000, 0x000014e532000000|  0%| F|  |TAMS 0x000014e530000000, 0x000014e530000000| Untracked 
| 505|0x000014e532000000, 0x000014e532000000, 0x000014e534000000|  0%| F|  |TAMS 0x000014e532000000, 0x000014e532000000| Untracked 
| 506|0x000014e534000000, 0x000014e534000000, 0x000014e536000000|  0%| F|  |TAMS 0x000014e534000000, 0x000014e534000000| Untracked 
| 507|0x000014e536000000, 0x000014e536000000, 0x000014e538000000|  0%| F|  |TAMS 0x000014e536000000, 0x000014e536000000| Untracked 
| 508|0x000014e538000000, 0x000014e538000000, 0x000014e53a000000|  0%| F|  |TAMS 0x000014e538000000, 0x000014e538000000| Untracked 
| 509|0x000014e53a000000, 0x000014e53a000000, 0x000014e53c000000|  0%| F|  |TAMS 0x000014e53a000000, 0x000014e53a000000| Untracked 
| 510|0x000014e53c000000, 0x000014e53e000000, 0x000014e53e000000|100%| O|  |TAMS 0x000014e53e000000, 0x000014e53c000000| Untracked 
| 511|0x000014e53e000000, 0x000014e53e000000, 0x000014e540000000|  0%| F|  |TAMS 0x000014e53e000000, 0x000014e53e000000| Untracked 
| 512|0x000014e540000000, 0x000014e540000000, 0x000014e542000000|  0%| F|  |TAMS 0x000014e540000000, 0x000014e540000000| Untracked 
| 513|0x000014e542000000, 0x000014e542000000, 0x000014e544000000|  0%| F|  |TAMS 0x000014e542000000, 0x000014e542000000| Untracked 
| 514|0x000014e544000000, 0x000014e544000000, 0x000014e546000000|  0%| F|  |TAMS 0x000014e544000000, 0x000014e544000000| Untracked 
| 515|0x000014e546000000, 0x000014e546000000, 0x000014e548000000|  0%| F|  |TAMS 0x000014e546000000, 0x000014e546000000| Untracked 
| 516|0x000014e548000000, 0x000014e548000000, 0x000014e54a000000|  0%| F|  |TAMS 0x000014e548000000, 0x000014e548000000| Untracked 
| 517|0x000014e54a000000, 0x000014e54a000000, 0x000014e54c000000|  0%| F|  |TAMS 0x000014e54a000000, 0x000014e54a000000| Untracked 
| 518|0x000014e54c000000, 0x000014e54c000000, 0x000014e54e000000|  0%| F|  |TAMS 0x000014e54c000000, 0x000014e54c000000| Untracked 
| 519|0x000014e54e000000, 0x000014e54e000000, 0x000014e550000000|  0%| F|  |TAMS 0x000014e54e000000, 0x000014e54e000000| Untracked 
| 520|0x000014e550000000, 0x000014e550000000, 0x000014e552000000|  0%| F|  |TAMS 0x000014e550000000, 0x000014e550000000| Untracked 
| 521|0x000014e552000000, 0x000014e552000000, 0x000014e554000000|  0%| F|  |TAMS 0x000014e552000000, 0x000014e552000000| Untracked 
| 522|0x000014e554000000, 0x000014e554000000, 0x000014e556000000|  0%| F|  |TAMS 0x000014e554000000, 0x000014e554000000| Untracked 
| 523|0x000014e556000000, 0x000014e556000000, 0x000014e558000000|  0%| F|  |TAMS 0x000014e556000000, 0x000014e556000000| Untracked 
| 524|0x000014e558000000, 0x000014e558000000, 0x000014e55a000000|  0%| F|  |TAMS 0x000014e558000000, 0x000014e558000000| Untracked 
| 525|0x000014e55a000000, 0x000014e55a000000, 0x000014e55c000000|  0%| F|  |TAMS 0x000014e55a000000, 0x000014e55a000000| Untracked 
| 526|0x000014e55c000000, 0x000014e55c000000, 0x000014e55e000000|  0%| F|  |TAMS 0x000014e55c000000, 0x000014e55c000000| Untracked 
| 527|0x000014e55e000000, 0x000014e55e000000, 0x000014e560000000|  0%| F|  |TAMS 0x000014e55e000000, 0x000014e55e000000| Untracked 
| 528|0x000014e560000000, 0x000014e560000000, 0x000014e562000000|  0%| F|  |TAMS 0x000014e560000000, 0x000014e560000000| Untracked 
| 529|0x000014e562000000, 0x000014e564000000, 0x000014e564000000|100%| O|  |TAMS 0x000014e564000000, 0x000014e562000000| Untracked 
| 530|0x000014e564000000, 0x000014e564000000, 0x000014e566000000|  0%| F|  |TAMS 0x000014e564000000, 0x000014e564000000| Untracked 
| 531|0x000014e566000000, 0x000014e566000000, 0x000014e568000000|  0%| F|  |TAMS 0x000014e566000000, 0x000014e566000000| Untracked 
| 532|0x000014e568000000, 0x000014e568000000, 0x000014e56a000000|  0%| F|  |TAMS 0x000014e568000000, 0x000014e568000000| Untracked 
| 533|0x000014e56a000000, 0x000014e56a000000, 0x000014e56c000000|  0%| F|  |TAMS 0x000014e56a000000, 0x000014e56a000000| Untracked 
| 534|0x000014e56c000000, 0x000014e56c000000, 0x000014e56e000000|  0%| F|  |TAMS 0x000014e56c000000, 0x000014e56c000000| Untracked 
| 535|0x000014e56e000000, 0x000014e56e000000, 0x000014e570000000|  0%| F|  |TAMS 0x000014e56e000000, 0x000014e56e000000| Untracked 
| 536|0x000014e570000000, 0x000014e570000000, 0x000014e572000000|  0%| F|  |TAMS 0x000014e570000000, 0x000014e570000000| Untracked 
| 537|0x000014e572000000, 0x000014e572000000, 0x000014e574000000|  0%| F|  |TAMS 0x000014e572000000, 0x000014e572000000| Untracked 
| 538|0x000014e574000000, 0x000014e574000000, 0x000014e576000000|  0%| F|  |TAMS 0x000014e574000000, 0x000014e574000000| Untracked 
| 539|0x000014e576000000, 0x000014e576000000, 0x000014e578000000|  0%| F|  |TAMS 0x000014e576000000, 0x000014e576000000| Untracked 
| 540|0x000014e578000000, 0x000014e578000000, 0x000014e57a000000|  0%| F|  |TAMS 0x000014e578000000, 0x000014e578000000| Untracked 
| 541|0x000014e57a000000, 0x000014e57a000000, 0x000014e57c000000|  0%| F|  |TAMS 0x000014e57a000000, 0x000014e57a000000| Untracked 
| 542|0x000014e57c000000, 0x000014e57c000000, 0x000014e57e000000|  0%| F|  |TAMS 0x000014e57c000000, 0x000014e57c000000| Untracked 
| 543|0x000014e57e000000, 0x000014e57e000000, 0x000014e580000000|  0%| F|  |TAMS 0x000014e57e000000, 0x000014e57e000000| Untracked 
| 544|0x000014e580000000, 0x000014e580000000, 0x000014e582000000|  0%| F|  |TAMS 0x000014e580000000, 0x000014e580000000| Untracked 
| 545|0x000014e582000000, 0x000014e582000000, 0x000014e584000000|  0%| F|  |TAMS 0x000014e582000000, 0x000014e582000000| Untracked 
| 546|0x000014e584000000, 0x000014e584000000, 0x000014e586000000|  0%| F|  |TAMS 0x000014e584000000, 0x000014e584000000| Untracked 
| 547|0x000014e586000000, 0x000014e586000000, 0x000014e588000000|  0%| F|  |TAMS 0x000014e586000000, 0x000014e586000000| Untracked 
| 548|0x000014e588000000, 0x000014e588000000, 0x000014e58a000000|  0%| F|  |TAMS 0x000014e588000000, 0x000014e588000000| Untracked 
| 549|0x000014e58a000000, 0x000014e58a000000, 0x000014e58c000000|  0%| F|  |TAMS 0x000014e58a000000, 0x000014e58a000000| Untracked 
| 550|0x000014e58c000000, 0x000014e58c000000, 0x000014e58e000000|  0%| F|  |TAMS 0x000014e58c000000, 0x000014e58c000000| Untracked 
| 551|0x000014e58e000000, 0x000014e58e000000, 0x000014e590000000|  0%| F|  |TAMS 0x000014e58e000000, 0x000014e58e000000| Untracked 
| 552|0x000014e590000000, 0x000014e590000000, 0x000014e592000000|  0%| F|  |TAMS 0x000014e590000000, 0x000014e590000000| Untracked 
| 553|0x000014e592000000, 0x000014e592000000, 0x000014e594000000|  0%| F|  |TAMS 0x000014e592000000, 0x000014e592000000| Untracked 
| 554|0x000014e594000000, 0x000014e594000000, 0x000014e596000000|  0%| F|  |TAMS 0x000014e594000000, 0x000014e594000000| Untracked 
| 555|0x000014e596000000, 0x000014e596000000, 0x000014e598000000|  0%| F|  |TAMS 0x000014e596000000, 0x000014e596000000| Untracked 
| 556|0x000014e598000000, 0x000014e598000000, 0x000014e59a000000|  0%| F|  |TAMS 0x000014e598000000, 0x000014e598000000| Untracked 
| 557|0x000014e59a000000, 0x000014e59a000000, 0x000014e59c000000|  0%| F|  |TAMS 0x000014e59a000000, 0x000014e59a000000| Untracked 
| 558|0x000014e59c000000, 0x000014e59c000000, 0x000014e59e000000|  0%| F|  |TAMS 0x000014e59c000000, 0x000014e59c000000| Untracked 
| 559|0x000014e59e000000, 0x000014e59e000000, 0x000014e5a0000000|  0%| F|  |TAMS 0x000014e59e000000, 0x000014e59e000000| Untracked 
| 560|0x000014e5a0000000, 0x000014e5a0000000, 0x000014e5a2000000|  0%| F|  |TAMS 0x000014e5a0000000, 0x000014e5a0000000| Untracked 
| 561|0x000014e5a2000000, 0x000014e5a2000000, 0x000014e5a4000000|  0%| F|  |TAMS 0x000014e5a2000000, 0x000014e5a2000000| Untracked 
| 562|0x000014e5a4000000, 0x000014e5a4000000, 0x000014e5a6000000|  0%| F|  |TAMS 0x000014e5a4000000, 0x000014e5a4000000| Untracked 
| 563|0x000014e5a6000000, 0x000014e5a6000000, 0x000014e5a8000000|  0%| F|  |TAMS 0x000014e5a6000000, 0x000014e5a6000000| Untracked 
| 564|0x000014e5a8000000, 0x000014e5a8000000, 0x000014e5aa000000|  0%| F|  |TAMS 0x000014e5a8000000, 0x000014e5a8000000| Untracked 
| 565|0x000014e5aa000000, 0x000014e5aa000000, 0x000014e5ac000000|  0%| F|  |TAMS 0x000014e5aa000000, 0x000014e5aa000000| Untracked 
| 566|0x000014e5ac000000, 0x000014e5ac000000, 0x000014e5ae000000|  0%| F|  |TAMS 0x000014e5ac000000, 0x000014e5ac000000| Untracked 
| 567|0x000014e5ae000000, 0x000014e5ae000000, 0x000014e5b0000000|  0%| F|  |TAMS 0x000014e5ae000000, 0x000014e5ae000000| Untracked 
| 568|0x000014e5b0000000, 0x000014e5b0000000, 0x000014e5b2000000|  0%| F|  |TAMS 0x000014e5b0000000, 0x000014e5b0000000| Untracked 
| 569|0x000014e5b2000000, 0x000014e5b2000000, 0x000014e5b4000000|  0%| F|  |TAMS 0x000014e5b2000000, 0x000014e5b2000000| Untracked 
| 570|0x000014e5b4000000, 0x000014e5b4000000, 0x000014e5b6000000|  0%| F|  |TAMS 0x000014e5b4000000, 0x000014e5b4000000| Untracked 
| 571|0x000014e5b6000000, 0x000014e5b6000000, 0x000014e5b8000000|  0%| F|  |TAMS 0x000014e5b6000000, 0x000014e5b6000000| Untracked 
| 572|0x000014e5b8000000, 0x000014e5b8000000, 0x000014e5ba000000|  0%| F|  |TAMS 0x000014e5b8000000, 0x000014e5b8000000| Untracked 
| 573|0x000014e5ba000000, 0x000014e5ba000000, 0x000014e5bc000000|  0%| F|  |TAMS 0x000014e5ba000000, 0x000014e5ba000000| Untracked 
| 574|0x000014e5bc000000, 0x000014e5bc000000, 0x000014e5be000000|  0%| F|  |TAMS 0x000014e5bc000000, 0x000014e5bc000000| Untracked 
| 575|0x000014e5be000000, 0x000014e5be000000, 0x000014e5c0000000|  0%| F|  |TAMS 0x000014e5be000000, 0x000014e5be000000| Untracked 
| 576|0x000014e5c0000000, 0x000014e5c0000000, 0x000014e5c2000000|  0%| F|  |TAMS 0x000014e5c0000000, 0x000014e5c0000000| Untracked 
| 577|0x000014e5c2000000, 0x000014e5c2000000, 0x000014e5c4000000|  0%| F|  |TAMS 0x000014e5c2000000, 0x000014e5c2000000| Untracked 
| 578|0x000014e5c4000000, 0x000014e5c4000000, 0x000014e5c6000000|  0%| F|  |TAMS 0x000014e5c4000000, 0x000014e5c4000000| Untracked 
| 579|0x000014e5c6000000, 0x000014e5c6000000, 0x000014e5c8000000|  0%| F|  |TAMS 0x000014e5c6000000, 0x000014e5c6000000| Untracked 
| 580|0x000014e5c8000000, 0x000014e5c8000000, 0x000014e5ca000000|  0%| F|  |TAMS 0x000014e5c8000000, 0x000014e5c8000000| Untracked 
| 581|0x000014e5ca000000, 0x000014e5ca000000, 0x000014e5cc000000|  0%| F|  |TAMS 0x000014e5ca000000, 0x000014e5ca000000| Untracked 
| 582|0x000014e5cc000000, 0x000014e5cc000000, 0x000014e5ce000000|  0%| F|  |TAMS 0x000014e5cc000000, 0x000014e5cc000000| Untracked 
| 583|0x000014e5ce000000, 0x000014e5ce000000, 0x000014e5d0000000|  0%| F|  |TAMS 0x000014e5ce000000, 0x000014e5ce000000| Untracked 
| 584|0x000014e5d0000000, 0x000014e5d0000000, 0x000014e5d2000000|  0%| F|  |TAMS 0x000014e5d0000000, 0x000014e5d0000000| Untracked 
| 585|0x000014e5d2000000, 0x000014e5d2000000, 0x000014e5d4000000|  0%| F|  |TAMS 0x000014e5d2000000, 0x000014e5d2000000| Untracked 
| 586|0x000014e5d4000000, 0x000014e5d4000000, 0x000014e5d6000000|  0%| F|  |TAMS 0x000014e5d4000000, 0x000014e5d4000000| Untracked 
| 587|0x000014e5d6000000, 0x000014e5d6000000, 0x000014e5d8000000|  0%| F|  |TAMS 0x000014e5d6000000, 0x000014e5d6000000| Untracked 
| 588|0x000014e5d8000000, 0x000014e5d8000000, 0x000014e5da000000|  0%| F|  |TAMS 0x000014e5d8000000, 0x000014e5d8000000| Untracked 
| 589|0x000014e5da000000, 0x000014e5da000000, 0x000014e5dc000000|  0%| F|  |TAMS 0x000014e5da000000, 0x000014e5da000000| Untracked 
| 590|0x000014e5dc000000, 0x000014e5dc000000, 0x000014e5de000000|  0%| F|  |TAMS 0x000014e5dc000000, 0x000014e5dc000000| Untracked 
| 591|0x000014e5de000000, 0x000014e5de000000, 0x000014e5e0000000|  0%| F|  |TAMS 0x000014e5de000000, 0x000014e5de000000| Untracked 
| 592|0x000014e5e0000000, 0x000014e5e0000000, 0x000014e5e2000000|  0%| F|  |TAMS 0x000014e5e0000000, 0x000014e5e0000000| Untracked 
| 593|0x000014e5e2000000, 0x000014e5e2000000, 0x000014e5e4000000|  0%| F|  |TAMS 0x000014e5e2000000, 0x000014e5e2000000| Untracked 
| 594|0x000014e5e4000000, 0x000014e5e4000000, 0x000014e5e6000000|  0%| F|  |TAMS 0x000014e5e4000000, 0x000014e5e4000000| Untracked 
| 595|0x000014e5e6000000, 0x000014e5e6000000, 0x000014e5e8000000|  0%| F|  |TAMS 0x000014e5e6000000, 0x000014e5e6000000| Untracked 
| 596|0x000014e5e8000000, 0x000014e5e8000000, 0x000014e5ea000000|  0%| F|  |TAMS 0x000014e5e8000000, 0x000014e5e8000000| Untracked 
| 597|0x000014e5ea000000, 0x000014e5ea000000, 0x000014e5ec000000|  0%| F|  |TAMS 0x000014e5ea000000, 0x000014e5ea000000| Untracked 
| 598|0x000014e5ec000000, 0x000014e5ec000000, 0x000014e5ee000000|  0%| F|  |TAMS 0x000014e5ec000000, 0x000014e5ec000000| Untracked 
| 599|0x000014e5ee000000, 0x000014e5ee000000, 0x000014e5f0000000|  0%| F|  |TAMS 0x000014e5ee000000, 0x000014e5ee000000| Untracked 
| 600|0x000014e5f0000000, 0x000014e5f0000000, 0x000014e5f2000000|  0%| F|  |TAMS 0x000014e5f0000000, 0x000014e5f0000000| Untracked 
| 601|0x000014e5f2000000, 0x000014e5f2000000, 0x000014e5f4000000|  0%| F|  |TAMS 0x000014e5f2000000, 0x000014e5f2000000| Untracked 
| 602|0x000014e5f4000000, 0x000014e5f4000000, 0x000014e5f6000000|  0%| F|  |TAMS 0x000014e5f4000000, 0x000014e5f4000000| Untracked 
| 603|0x000014e5f6000000, 0x000014e5f6000000, 0x000014e5f8000000|  0%| F|  |TAMS 0x000014e5f6000000, 0x000014e5f6000000| Untracked 
| 604|0x000014e5f8000000, 0x000014e5f8000000, 0x000014e5fa000000|  0%| F|  |TAMS 0x000014e5f8000000, 0x000014e5f8000000| Untracked 
| 605|0x000014e5fa000000, 0x000014e5fa000000, 0x000014e5fc000000|  0%| F|  |TAMS 0x000014e5fa000000, 0x000014e5fa000000| Untracked 
| 606|0x000014e5fc000000, 0x000014e5fc000000, 0x000014e5fe000000|  0%| F|  |TAMS 0x000014e5fc000000, 0x000014e5fc000000| Untracked 
| 607|0x000014e5fe000000, 0x000014e5fe000000, 0x000014e600000000|  0%| F|  |TAMS 0x000014e5fe000000, 0x000014e5fe000000| Untracked 
| 608|0x000014e600000000, 0x000014e600000000, 0x000014e602000000|  0%| F|  |TAMS 0x000014e600000000, 0x000014e600000000| Untracked 
| 609|0x000014e602000000, 0x000014e602000000, 0x000014e604000000|  0%| F|  |TAMS 0x000014e602000000, 0x000014e602000000| Untracked 
| 610|0x000014e604000000, 0x000014e604000000, 0x000014e606000000|  0%| F|  |TAMS 0x000014e604000000, 0x000014e604000000| Untracked 
| 611|0x000014e606000000, 0x000014e606000000, 0x000014e608000000|  0%| F|  |TAMS 0x000014e606000000, 0x000014e606000000| Untracked 
| 612|0x000014e608000000, 0x000014e608000000, 0x000014e60a000000|  0%| F|  |TAMS 0x000014e608000000, 0x000014e608000000| Untracked 
| 613|0x000014e60a000000, 0x000014e60a000000, 0x000014e60c000000|  0%| F|  |TAMS 0x000014e60a000000, 0x000014e60a000000| Untracked 
| 614|0x000014e60c000000, 0x000014e60c000000, 0x000014e60e000000|  0%| F|  |TAMS 0x000014e60c000000, 0x000014e60c000000| Untracked 
| 615|0x000014e60e000000, 0x000014e60e000000, 0x000014e610000000|  0%| F|  |TAMS 0x000014e60e000000, 0x000014e60e000000| Untracked 
| 616|0x000014e610000000, 0x000014e610000000, 0x000014e612000000|  0%| F|  |TAMS 0x000014e610000000, 0x000014e610000000| Untracked 
| 617|0x000014e612000000, 0x000014e612000000, 0x000014e614000000|  0%| F|  |TAMS 0x000014e612000000, 0x000014e612000000| Untracked 
| 618|0x000014e614000000, 0x000014e614000000, 0x000014e616000000|  0%| F|  |TAMS 0x000014e614000000, 0x000014e614000000| Untracked 
| 619|0x000014e616000000, 0x000014e616000000, 0x000014e618000000|  0%| F|  |TAMS 0x000014e616000000, 0x000014e616000000| Untracked 
| 620|0x000014e618000000, 0x000014e618000000, 0x000014e61a000000|  0%| F|  |TAMS 0x000014e618000000, 0x000014e618000000| Untracked 
| 621|0x000014e61a000000, 0x000014e61a000000, 0x000014e61c000000|  0%| F|  |TAMS 0x000014e61a000000, 0x000014e61a000000| Untracked 
| 622|0x000014e61c000000, 0x000014e61c000000, 0x000014e61e000000|  0%| F|  |TAMS 0x000014e61c000000, 0x000014e61c000000| Untracked 
| 623|0x000014e61e000000, 0x000014e61e000000, 0x000014e620000000|  0%| F|  |TAMS 0x000014e61e000000, 0x000014e61e000000| Untracked 
| 624|0x000014e620000000, 0x000014e620000000, 0x000014e622000000|  0%| F|  |TAMS 0x000014e620000000, 0x000014e620000000| Untracked 
| 625|0x000014e622000000, 0x000014e622000000, 0x000014e624000000|  0%| F|  |TAMS 0x000014e622000000, 0x000014e622000000| Untracked 
| 626|0x000014e624000000, 0x000014e624000000, 0x000014e626000000|  0%| F|  |TAMS 0x000014e624000000, 0x000014e624000000| Untracked 
| 627|0x000014e626000000, 0x000014e626000000, 0x000014e628000000|  0%| F|  |TAMS 0x000014e626000000, 0x000014e626000000| Untracked 
| 628|0x000014e628000000, 0x000014e628000000, 0x000014e62a000000|  0%| F|  |TAMS 0x000014e628000000, 0x000014e628000000| Untracked 
| 629|0x000014e62a000000, 0x000014e62a000000, 0x000014e62c000000|  0%| F|  |TAMS 0x000014e62a000000, 0x000014e62a000000| Untracked 
| 630|0x000014e62c000000, 0x000014e62c000000, 0x000014e62e000000|  0%| F|  |TAMS 0x000014e62c000000, 0x000014e62c000000| Untracked 
| 631|0x000014e62e000000, 0x000014e62e000000, 0x000014e630000000|  0%| F|  |TAMS 0x000014e62e000000, 0x000014e62e000000| Untracked 
| 632|0x000014e630000000, 0x000014e630000000, 0x000014e632000000|  0%| F|  |TAMS 0x000014e630000000, 0x000014e630000000| Untracked 
| 633|0x000014e632000000, 0x000014e632000000, 0x000014e634000000|  0%| F|  |TAMS 0x000014e632000000, 0x000014e632000000| Untracked 
| 634|0x000014e634000000, 0x000014e634000000, 0x000014e636000000|  0%| F|  |TAMS 0x000014e634000000, 0x000014e634000000| Untracked 
| 635|0x000014e636000000, 0x000014e636000000, 0x000014e638000000|  0%| F|  |TAMS 0x000014e636000000, 0x000014e636000000| Untracked 
| 636|0x000014e638000000, 0x000014e638000000, 0x000014e63a000000|  0%| F|  |TAMS 0x000014e638000000, 0x000014e638000000| Untracked 
| 637|0x000014e63a000000, 0x000014e63a000000, 0x000014e63c000000|  0%| F|  |TAMS 0x000014e63a000000, 0x000014e63a000000| Untracked 
| 638|0x000014e63c000000, 0x000014e63c000000, 0x000014e63e000000|  0%| F|  |TAMS 0x000014e63c000000, 0x000014e63c000000| Untracked 
| 639|0x000014e63e000000, 0x000014e63e000000, 0x000014e640000000|  0%| F|  |TAMS 0x000014e63e000000, 0x000014e63e000000| Untracked 
| 640|0x000014e640000000, 0x000014e640000000, 0x000014e642000000|  0%| F|  |TAMS 0x000014e640000000, 0x000014e640000000| Untracked 
| 641|0x000014e642000000, 0x000014e642000000, 0x000014e644000000|  0%| F|  |TAMS 0x000014e642000000, 0x000014e642000000| Untracked 
| 642|0x000014e644000000, 0x000014e644000000, 0x000014e646000000|  0%| F|  |TAMS 0x000014e644000000, 0x000014e644000000| Untracked 
| 643|0x000014e646000000, 0x000014e646000000, 0x000014e648000000|  0%| F|  |TAMS 0x000014e646000000, 0x000014e646000000| Untracked 
| 644|0x000014e648000000, 0x000014e648000000, 0x000014e64a000000|  0%| F|  |TAMS 0x000014e648000000, 0x000014e648000000| Untracked 
| 645|0x000014e64a000000, 0x000014e64a000000, 0x000014e64c000000|  0%| F|  |TAMS 0x000014e64a000000, 0x000014e64a000000| Untracked 
| 646|0x000014e64c000000, 0x000014e64c000000, 0x000014e64e000000|  0%| F|  |TAMS 0x000014e64c000000, 0x000014e64c000000| Untracked 
| 647|0x000014e64e000000, 0x000014e64e000000, 0x000014e650000000|  0%| F|  |TAMS 0x000014e64e000000, 0x000014e64e000000| Untracked 
| 648|0x000014e650000000, 0x000014e650000000, 0x000014e652000000|  0%| F|  |TAMS 0x000014e650000000, 0x000014e650000000| Untracked 
| 649|0x000014e652000000, 0x000014e652000000, 0x000014e654000000|  0%| F|  |TAMS 0x000014e652000000, 0x000014e652000000| Untracked 
| 650|0x000014e654000000, 0x000014e654000000, 0x000014e656000000|  0%| F|  |TAMS 0x000014e654000000, 0x000014e654000000| Untracked 
| 651|0x000014e656000000, 0x000014e656000000, 0x000014e658000000|  0%| F|  |TAMS 0x000014e656000000, 0x000014e656000000| Untracked 
| 652|0x000014e658000000, 0x000014e658000000, 0x000014e65a000000|  0%| F|  |TAMS 0x000014e658000000, 0x000014e658000000| Untracked 
| 653|0x000014e65a000000, 0x000014e65a000000, 0x000014e65c000000|  0%| F|  |TAMS 0x000014e65a000000, 0x000014e65a000000| Untracked 
| 654|0x000014e65c000000, 0x000014e65c000000, 0x000014e65e000000|  0%| F|  |TAMS 0x000014e65c000000, 0x000014e65c000000| Untracked 
| 655|0x000014e65e000000, 0x000014e65e000000, 0x000014e660000000|  0%| F|  |TAMS 0x000014e65e000000, 0x000014e65e000000| Untracked 
| 656|0x000014e660000000, 0x000014e660000000, 0x000014e662000000|  0%| F|  |TAMS 0x000014e660000000, 0x000014e660000000| Untracked 
| 657|0x000014e662000000, 0x000014e662000000, 0x000014e664000000|  0%| F|  |TAMS 0x000014e662000000, 0x000014e662000000| Untracked 
| 658|0x000014e664000000, 0x000014e664000000, 0x000014e666000000|  0%| F|  |TAMS 0x000014e664000000, 0x000014e664000000| Untracked 
| 659|0x000014e666000000, 0x000014e666000000, 0x000014e668000000|  0%| F|  |TAMS 0x000014e666000000, 0x000014e666000000| Untracked 
| 660|0x000014e668000000, 0x000014e668000000, 0x000014e66a000000|  0%| F|  |TAMS 0x000014e668000000, 0x000014e668000000| Untracked 
| 661|0x000014e66a000000, 0x000014e66a000000, 0x000014e66c000000|  0%| F|  |TAMS 0x000014e66a000000, 0x000014e66a000000| Untracked 
| 662|0x000014e66c000000, 0x000014e66c000000, 0x000014e66e000000|  0%| F|  |TAMS 0x000014e66c000000, 0x000014e66c000000| Untracked 
| 663|0x000014e66e000000, 0x000014e66e000000, 0x000014e670000000|  0%| F|  |TAMS 0x000014e66e000000, 0x000014e66e000000| Untracked 
| 664|0x000014e670000000, 0x000014e670000000, 0x000014e672000000|  0%| F|  |TAMS 0x000014e670000000, 0x000014e670000000| Untracked 
| 665|0x000014e672000000, 0x000014e672000000, 0x000014e674000000|  0%| F|  |TAMS 0x000014e672000000, 0x000014e672000000| Untracked 
| 666|0x000014e674000000, 0x000014e674000000, 0x000014e676000000|  0%| F|  |TAMS 0x000014e674000000, 0x000014e674000000| Untracked 
| 667|0x000014e676000000, 0x000014e676000000, 0x000014e678000000|  0%| F|  |TAMS 0x000014e676000000, 0x000014e676000000| Untracked 
| 668|0x000014e678000000, 0x000014e678000000, 0x000014e67a000000|  0%| F|  |TAMS 0x000014e678000000, 0x000014e678000000| Untracked 
| 669|0x000014e67a000000, 0x000014e67a000000, 0x000014e67c000000|  0%| F|  |TAMS 0x000014e67a000000, 0x000014e67a000000| Untracked 
| 670|0x000014e67c000000, 0x000014e67c000000, 0x000014e67e000000|  0%| F|  |TAMS 0x000014e67c000000, 0x000014e67c000000| Untracked 
| 671|0x000014e67e000000, 0x000014e67e000000, 0x000014e680000000|  0%| F|  |TAMS 0x000014e67e000000, 0x000014e67e000000| Untracked 
| 672|0x000014e680000000, 0x000014e680000000, 0x000014e682000000|  0%| F|  |TAMS 0x000014e680000000, 0x000014e680000000| Untracked 
| 673|0x000014e682000000, 0x000014e682000000, 0x000014e684000000|  0%| F|  |TAMS 0x000014e682000000, 0x000014e682000000| Untracked 
| 674|0x000014e684000000, 0x000014e684000000, 0x000014e686000000|  0%| F|  |TAMS 0x000014e684000000, 0x000014e684000000| Untracked 
| 675|0x000014e686000000, 0x000014e686000000, 0x000014e688000000|  0%| F|  |TAMS 0x000014e686000000, 0x000014e686000000| Untracked 
| 676|0x000014e688000000, 0x000014e688000000, 0x000014e68a000000|  0%| F|  |TAMS 0x000014e688000000, 0x000014e688000000| Untracked 
| 677|0x000014e68a000000, 0x000014e68a000000, 0x000014e68c000000|  0%| F|  |TAMS 0x000014e68a000000, 0x000014e68a000000| Untracked 
| 678|0x000014e68c000000, 0x000014e68c000000, 0x000014e68e000000|  0%| F|  |TAMS 0x000014e68c000000, 0x000014e68c000000| Untracked 
| 679|0x000014e68e000000, 0x000014e68e000000, 0x000014e690000000|  0%| F|  |TAMS 0x000014e68e000000, 0x000014e68e000000| Untracked 
| 680|0x000014e690000000, 0x000014e690000000, 0x000014e692000000|  0%| F|  |TAMS 0x000014e690000000, 0x000014e690000000| Untracked 
| 681|0x000014e692000000, 0x000014e692000000, 0x000014e694000000|  0%| F|  |TAMS 0x000014e692000000, 0x000014e692000000| Untracked 
| 682|0x000014e694000000, 0x000014e694000000, 0x000014e696000000|  0%| F|  |TAMS 0x000014e694000000, 0x000014e694000000| Untracked 
| 683|0x000014e696000000, 0x000014e696000000, 0x000014e698000000|  0%| F|  |TAMS 0x000014e696000000, 0x000014e696000000| Untracked 
| 684|0x000014e698000000, 0x000014e698000000, 0x000014e69a000000|  0%| F|  |TAMS 0x000014e698000000, 0x000014e698000000| Untracked 
| 685|0x000014e69a000000, 0x000014e69a000000, 0x000014e69c000000|  0%| F|  |TAMS 0x000014e69a000000, 0x000014e69a000000| Untracked 
| 686|0x000014e69c000000, 0x000014e69c000000, 0x000014e69e000000|  0%| F|  |TAMS 0x000014e69c000000, 0x000014e69c000000| Untracked 
| 687|0x000014e69e000000, 0x000014e69e000000, 0x000014e6a0000000|  0%| F|  |TAMS 0x000014e69e000000, 0x000014e69e000000| Untracked 
| 688|0x000014e6a0000000, 0x000014e6a0000000, 0x000014e6a2000000|  0%| F|  |TAMS 0x000014e6a0000000, 0x000014e6a0000000| Untracked 
| 689|0x000014e6a2000000, 0x000014e6a2000000, 0x000014e6a4000000|  0%| F|  |TAMS 0x000014e6a2000000, 0x000014e6a2000000| Untracked 
| 690|0x000014e6a4000000, 0x000014e6a4000000, 0x000014e6a6000000|  0%| F|  |TAMS 0x000014e6a4000000, 0x000014e6a4000000| Untracked 
| 691|0x000014e6a6000000, 0x000014e6a6000000, 0x000014e6a8000000|  0%| F|  |TAMS 0x000014e6a6000000, 0x000014e6a6000000| Untracked 
| 692|0x000014e6a8000000, 0x000014e6a8000000, 0x000014e6aa000000|  0%| F|  |TAMS 0x000014e6a8000000, 0x000014e6a8000000| Untracked 
| 693|0x000014e6aa000000, 0x000014e6aa000000, 0x000014e6ac000000|  0%| F|  |TAMS 0x000014e6aa000000, 0x000014e6aa000000| Untracked 
| 694|0x000014e6ac000000, 0x000014e6ac000000, 0x000014e6ae000000|  0%| F|  |TAMS 0x000014e6ac000000, 0x000014e6ac000000| Untracked 
| 695|0x000014e6ae000000, 0x000014e6ae000000, 0x000014e6b0000000|  0%| F|  |TAMS 0x000014e6ae000000, 0x000014e6ae000000| Untracked 
| 696|0x000014e6b0000000, 0x000014e6b0000000, 0x000014e6b2000000|  0%| F|  |TAMS 0x000014e6b0000000, 0x000014e6b0000000| Untracked 
| 697|0x000014e6b2000000, 0x000014e6b2000000, 0x000014e6b4000000|  0%| F|  |TAMS 0x000014e6b2000000, 0x000014e6b2000000| Untracked 
| 698|0x000014e6b4000000, 0x000014e6b4000000, 0x000014e6b6000000|  0%| F|  |TAMS 0x000014e6b4000000, 0x000014e6b4000000| Untracked 
| 699|0x000014e6b6000000, 0x000014e6b6000000, 0x000014e6b8000000|  0%| F|  |TAMS 0x000014e6b6000000, 0x000014e6b6000000| Untracked 
| 700|0x000014e6b8000000, 0x000014e6b8000000, 0x000014e6ba000000|  0%| F|  |TAMS 0x000014e6b8000000, 0x000014e6b8000000| Untracked 
| 701|0x000014e6ba000000, 0x000014e6ba000000, 0x000014e6bc000000|  0%| F|  |TAMS 0x000014e6ba000000, 0x000014e6ba000000| Untracked 
| 702|0x000014e6bc000000, 0x000014e6bc000000, 0x000014e6be000000|  0%| F|  |TAMS 0x000014e6bc000000, 0x000014e6bc000000| Untracked 
| 703|0x000014e6be000000, 0x000014e6be000000, 0x000014e6c0000000|  0%| F|  |TAMS 0x000014e6be000000, 0x000014e6be000000| Untracked 
| 704|0x000014e6c0000000, 0x000014e6c0000000, 0x000014e6c2000000|  0%| F|  |TAMS 0x000014e6c0000000, 0x000014e6c0000000| Untracked 
| 705|0x000014e6c2000000, 0x000014e6c2000000, 0x000014e6c4000000|  0%| F|  |TAMS 0x000014e6c2000000, 0x000014e6c2000000| Untracked 
| 706|0x000014e6c4000000, 0x000014e6c4000000, 0x000014e6c6000000|  0%| F|  |TAMS 0x000014e6c4000000, 0x000014e6c4000000| Untracked 
| 707|0x000014e6c6000000, 0x000014e6c6000000, 0x000014e6c8000000|  0%| F|  |TAMS 0x000014e6c6000000, 0x000014e6c6000000| Untracked 
| 708|0x000014e6c8000000, 0x000014e6c8000000, 0x000014e6ca000000|  0%| F|  |TAMS 0x000014e6c8000000, 0x000014e6c8000000| Untracked 
| 709|0x000014e6ca000000, 0x000014e6ca000000, 0x000014e6cc000000|  0%| F|  |TAMS 0x000014e6ca000000, 0x000014e6ca000000| Untracked 
| 710|0x000014e6cc000000, 0x000014e6cc000000, 0x000014e6ce000000|  0%| F|  |TAMS 0x000014e6cc000000, 0x000014e6cc000000| Untracked 
| 711|0x000014e6ce000000, 0x000014e6ce000000, 0x000014e6d0000000|  0%| F|  |TAMS 0x000014e6ce000000, 0x000014e6ce000000| Untracked 
| 712|0x000014e6d0000000, 0x000014e6d0000000, 0x000014e6d2000000|  0%| F|  |TAMS 0x000014e6d0000000, 0x000014e6d0000000| Untracked 
| 713|0x000014e6d2000000, 0x000014e6d2000000, 0x000014e6d4000000|  0%| F|  |TAMS 0x000014e6d2000000, 0x000014e6d2000000| Untracked 
| 714|0x000014e6d4000000, 0x000014e6d4000000, 0x000014e6d6000000|  0%| F|  |TAMS 0x000014e6d4000000, 0x000014e6d4000000| Untracked 
| 715|0x000014e6d6000000, 0x000014e6d6000000, 0x000014e6d8000000|  0%| F|  |TAMS 0x000014e6d6000000, 0x000014e6d6000000| Untracked 
| 716|0x000014e6d8000000, 0x000014e6d8000000, 0x000014e6da000000|  0%| F|  |TAMS 0x000014e6d8000000, 0x000014e6d8000000| Untracked 
| 717|0x000014e6da000000, 0x000014e6da000000, 0x000014e6dc000000|  0%| F|  |TAMS 0x000014e6da000000, 0x000014e6da000000| Untracked 
| 718|0x000014e6dc000000, 0x000014e6dc000000, 0x000014e6de000000|  0%| F|  |TAMS 0x000014e6dc000000, 0x000014e6dc000000| Untracked 
| 719|0x000014e6de000000, 0x000014e6de000000, 0x000014e6e0000000|  0%| F|  |TAMS 0x000014e6de000000, 0x000014e6de000000| Untracked 
| 720|0x000014e6e0000000, 0x000014e6e0000000, 0x000014e6e2000000|  0%| F|  |TAMS 0x000014e6e0000000, 0x000014e6e0000000| Untracked 
| 721|0x000014e6e2000000, 0x000014e6e2000000, 0x000014e6e4000000|  0%| F|  |TAMS 0x000014e6e2000000, 0x000014e6e2000000| Untracked 
| 722|0x000014e6e4000000, 0x000014e6e4000000, 0x000014e6e6000000|  0%| F|  |TAMS 0x000014e6e4000000, 0x000014e6e4000000| Untracked 
| 723|0x000014e6e6000000, 0x000014e6e6000000, 0x000014e6e8000000|  0%| F|  |TAMS 0x000014e6e6000000, 0x000014e6e6000000| Untracked 
| 724|0x000014e6e8000000, 0x000014e6e8000000, 0x000014e6ea000000|  0%| F|  |TAMS 0x000014e6e8000000, 0x000014e6e8000000| Untracked 
| 725|0x000014e6ea000000, 0x000014e6ea000000, 0x000014e6ec000000|  0%| F|  |TAMS 0x000014e6ea000000, 0x000014e6ea000000| Untracked 
| 726|0x000014e6ec000000, 0x000014e6ec000000, 0x000014e6ee000000|  0%| F|  |TAMS 0x000014e6ec000000, 0x000014e6ec000000| Untracked 
| 727|0x000014e6ee000000, 0x000014e6ee000000, 0x000014e6f0000000|  0%| F|  |TAMS 0x000014e6ee000000, 0x000014e6ee000000| Untracked 
| 728|0x000014e6f0000000, 0x000014e6f0000000, 0x000014e6f2000000|  0%| F|  |TAMS 0x000014e6f0000000, 0x000014e6f0000000| Untracked 
| 729|0x000014e6f2000000, 0x000014e6f2000000, 0x000014e6f4000000|  0%| F|  |TAMS 0x000014e6f2000000, 0x000014e6f2000000| Untracked 
| 730|0x000014e6f4000000, 0x000014e6f4000000, 0x000014e6f6000000|  0%| F|  |TAMS 0x000014e6f4000000, 0x000014e6f4000000| Untracked 
| 731|0x000014e6f6000000, 0x000014e6f6000000, 0x000014e6f8000000|  0%| F|  |TAMS 0x000014e6f6000000, 0x000014e6f6000000| Untracked 
| 732|0x000014e6f8000000, 0x000014e6f8000000, 0x000014e6fa000000|  0%| F|  |TAMS 0x000014e6f8000000, 0x000014e6f8000000| Untracked 
| 733|0x000014e6fa000000, 0x000014e6fa000000, 0x000014e6fc000000|  0%| F|  |TAMS 0x000014e6fa000000, 0x000014e6fa000000| Untracked 
| 734|0x000014e6fc000000, 0x000014e6fc000000, 0x000014e6fe000000|  0%| F|  |TAMS 0x000014e6fc000000, 0x000014e6fc000000| Untracked 
| 735|0x000014e6fe000000, 0x000014e6fe000000, 0x000014e700000000|  0%| F|  |TAMS 0x000014e6fe000000, 0x000014e6fe000000| Untracked 
| 736|0x000014e700000000, 0x000014e700000000, 0x000014e702000000|  0%| F|  |TAMS 0x000014e700000000, 0x000014e700000000| Untracked 
| 737|0x000014e702000000, 0x000014e702000000, 0x000014e704000000|  0%| F|  |TAMS 0x000014e702000000, 0x000014e702000000| Untracked 
| 738|0x000014e704000000, 0x000014e704000000, 0x000014e706000000|  0%| F|  |TAMS 0x000014e704000000, 0x000014e704000000| Untracked 
| 739|0x000014e706000000, 0x000014e706000000, 0x000014e708000000|  0%| F|  |TAMS 0x000014e706000000, 0x000014e706000000| Untracked 
| 740|0x000014e708000000, 0x000014e708000000, 0x000014e70a000000|  0%| F|  |TAMS 0x000014e708000000, 0x000014e708000000| Untracked 
| 741|0x000014e70a000000, 0x000014e70a000000, 0x000014e70c000000|  0%| F|  |TAMS 0x000014e70a000000, 0x000014e70a000000| Untracked 
| 742|0x000014e70c000000, 0x000014e70c000000, 0x000014e70e000000|  0%| F|  |TAMS 0x000014e70c000000, 0x000014e70c000000| Untracked 
| 743|0x000014e70e000000, 0x000014e70e000000, 0x000014e710000000|  0%| F|  |TAMS 0x000014e70e000000, 0x000014e70e000000| Untracked 
| 744|0x000014e710000000, 0x000014e710000000, 0x000014e712000000|  0%| F|  |TAMS 0x000014e710000000, 0x000014e710000000| Untracked 
| 745|0x000014e712000000, 0x000014e712000000, 0x000014e714000000|  0%| F|  |TAMS 0x000014e712000000, 0x000014e712000000| Untracked 
| 746|0x000014e714000000, 0x000014e714000000, 0x000014e716000000|  0%| F|  |TAMS 0x000014e714000000, 0x000014e714000000| Untracked 
| 747|0x000014e716000000, 0x000014e716000000, 0x000014e718000000|  0%| F|  |TAMS 0x000014e716000000, 0x000014e716000000| Untracked 
| 748|0x000014e718000000, 0x000014e718000000, 0x000014e71a000000|  0%| F|  |TAMS 0x000014e718000000, 0x000014e718000000| Untracked 
| 749|0x000014e71a000000, 0x000014e71a000000, 0x000014e71c000000|  0%| F|  |TAMS 0x000014e71a000000, 0x000014e71a000000| Untracked 
| 750|0x000014e71c000000, 0x000014e71c000000, 0x000014e71e000000|  0%| F|  |TAMS 0x000014e71c000000, 0x000014e71c000000| Untracked 
| 751|0x000014e71e000000, 0x000014e71e000000, 0x000014e720000000|  0%| F|  |TAMS 0x000014e71e000000, 0x000014e71e000000| Untracked 
| 752|0x000014e720000000, 0x000014e720000000, 0x000014e722000000|  0%| F|  |TAMS 0x000014e720000000, 0x000014e720000000| Untracked 
| 753|0x000014e722000000, 0x000014e722000000, 0x000014e724000000|  0%| F|  |TAMS 0x000014e722000000, 0x000014e722000000| Untracked 
| 754|0x000014e724000000, 0x000014e724000000, 0x000014e726000000|  0%| F|  |TAMS 0x000014e724000000, 0x000014e724000000| Untracked 
| 755|0x000014e726000000, 0x000014e726000000, 0x000014e728000000|  0%| F|  |TAMS 0x000014e726000000, 0x000014e726000000| Untracked 
| 756|0x000014e728000000, 0x000014e728000000, 0x000014e72a000000|  0%| F|  |TAMS 0x000014e728000000, 0x000014e728000000| Untracked 
| 757|0x000014e72a000000, 0x000014e72a000000, 0x000014e72c000000|  0%| F|  |TAMS 0x000014e72a000000, 0x000014e72a000000| Untracked 
| 758|0x000014e72c000000, 0x000014e72c000000, 0x000014e72e000000|  0%| F|  |TAMS 0x000014e72c000000, 0x000014e72c000000| Untracked 
| 759|0x000014e72e000000, 0x000014e72e000000, 0x000014e730000000|  0%| F|  |TAMS 0x000014e72e000000, 0x000014e72e000000| Untracked 
| 760|0x000014e730000000, 0x000014e730000000, 0x000014e732000000|  0%| F|  |TAMS 0x000014e730000000, 0x000014e730000000| Untracked 
| 761|0x000014e732000000, 0x000014e732000000, 0x000014e734000000|  0%| F|  |TAMS 0x000014e732000000, 0x000014e732000000| Untracked 
| 762|0x000014e734000000, 0x000014e734000000, 0x000014e736000000|  0%| F|  |TAMS 0x000014e734000000, 0x000014e734000000| Untracked 
| 763|0x000014e736000000, 0x000014e736000000, 0x000014e738000000|  0%| F|  |TAMS 0x000014e736000000, 0x000014e736000000| Untracked 
| 764|0x000014e738000000, 0x000014e738000000, 0x000014e73a000000|  0%| F|  |TAMS 0x000014e738000000, 0x000014e738000000| Untracked 
| 765|0x000014e73a000000, 0x000014e73a000000, 0x000014e73c000000|  0%| F|  |TAMS 0x000014e73a000000, 0x000014e73a000000| Untracked 
| 766|0x000014e73c000000, 0x000014e73c000000, 0x000014e73e000000|  0%| F|  |TAMS 0x000014e73c000000, 0x000014e73c000000| Untracked 
| 767|0x000014e73e000000, 0x000014e73e000000, 0x000014e740000000|  0%| F|  |TAMS 0x000014e73e000000, 0x000014e73e000000| Untracked 
| 768|0x000014e740000000, 0x000014e740000000, 0x000014e742000000|  0%| F|  |TAMS 0x000014e740000000, 0x000014e740000000| Untracked 
| 769|0x000014e742000000, 0x000014e742000000, 0x000014e744000000|  0%| F|  |TAMS 0x000014e742000000, 0x000014e742000000| Untracked 
| 770|0x000014e744000000, 0x000014e744000000, 0x000014e746000000|  0%| F|  |TAMS 0x000014e744000000, 0x000014e744000000| Untracked 
| 771|0x000014e746000000, 0x000014e746000000, 0x000014e748000000|  0%| F|  |TAMS 0x000014e746000000, 0x000014e746000000| Untracked 
| 772|0x000014e748000000, 0x000014e748000000, 0x000014e74a000000|  0%| F|  |TAMS 0x000014e748000000, 0x000014e748000000| Untracked 
| 773|0x000014e74a000000, 0x000014e74a000000, 0x000014e74c000000|  0%| F|  |TAMS 0x000014e74a000000, 0x000014e74a000000| Untracked 
| 774|0x000014e74c000000, 0x000014e74c000000, 0x000014e74e000000|  0%| F|  |TAMS 0x000014e74c000000, 0x000014e74c000000| Untracked 
| 775|0x000014e74e000000, 0x000014e74e000000, 0x000014e750000000|  0%| F|  |TAMS 0x000014e74e000000, 0x000014e74e000000| Untracked 
| 776|0x000014e750000000, 0x000014e750000000, 0x000014e752000000|  0%| F|  |TAMS 0x000014e750000000, 0x000014e750000000| Untracked 
| 777|0x000014e752000000, 0x000014e752000000, 0x000014e754000000|  0%| F|  |TAMS 0x000014e752000000, 0x000014e752000000| Untracked 
| 778|0x000014e754000000, 0x000014e754000000, 0x000014e756000000|  0%| F|  |TAMS 0x000014e754000000, 0x000014e754000000| Untracked 
| 779|0x000014e756000000, 0x000014e756000000, 0x000014e758000000|  0%| F|  |TAMS 0x000014e756000000, 0x000014e756000000| Untracked 
| 780|0x000014e758000000, 0x000014e758000000, 0x000014e75a000000|  0%| F|  |TAMS 0x000014e758000000, 0x000014e758000000| Untracked 
| 781|0x000014e75a000000, 0x000014e75a000000, 0x000014e75c000000|  0%| F|  |TAMS 0x000014e75a000000, 0x000014e75a000000| Untracked 
| 782|0x000014e75c000000, 0x000014e75c000000, 0x000014e75e000000|  0%| F|  |TAMS 0x000014e75c000000, 0x000014e75c000000| Untracked 
| 783|0x000014e75e000000, 0x000014e75e000000, 0x000014e760000000|  0%| F|  |TAMS 0x000014e75e000000, 0x000014e75e000000| Untracked 
| 784|0x000014e760000000, 0x000014e760000000, 0x000014e762000000|  0%| F|  |TAMS 0x000014e760000000, 0x000014e760000000| Untracked 
| 785|0x000014e762000000, 0x000014e762000000, 0x000014e764000000|  0%| F|  |TAMS 0x000014e762000000, 0x000014e762000000| Untracked 
| 786|0x000014e764000000, 0x000014e764000000, 0x000014e766000000|  0%| F|  |TAMS 0x000014e764000000, 0x000014e764000000| Untracked 
| 787|0x000014e766000000, 0x000014e766000000, 0x000014e768000000|  0%| F|  |TAMS 0x000014e766000000, 0x000014e766000000| Untracked 
| 788|0x000014e768000000, 0x000014e768000000, 0x000014e76a000000|  0%| F|  |TAMS 0x000014e768000000, 0x000014e768000000| Untracked 
| 789|0x000014e76a000000, 0x000014e76a000000, 0x000014e76c000000|  0%| F|  |TAMS 0x000014e76a000000, 0x000014e76a000000| Untracked 
| 790|0x000014e76c000000, 0x000014e76c000000, 0x000014e76e000000|  0%| F|  |TAMS 0x000014e76c000000, 0x000014e76c000000| Untracked 
| 791|0x000014e76e000000, 0x000014e76e000000, 0x000014e770000000|  0%| F|  |TAMS 0x000014e76e000000, 0x000014e76e000000| Untracked 
| 792|0x000014e770000000, 0x000014e770000000, 0x000014e772000000|  0%| F|  |TAMS 0x000014e770000000, 0x000014e770000000| Untracked 
| 793|0x000014e772000000, 0x000014e772000000, 0x000014e774000000|  0%| F|  |TAMS 0x000014e772000000, 0x000014e772000000| Untracked 
| 794|0x000014e774000000, 0x000014e774000000, 0x000014e776000000|  0%| F|  |TAMS 0x000014e774000000, 0x000014e774000000| Untracked 
| 795|0x000014e776000000, 0x000014e776000000, 0x000014e778000000|  0%| F|  |TAMS 0x000014e776000000, 0x000014e776000000| Untracked 
| 796|0x000014e778000000, 0x000014e778000000, 0x000014e77a000000|  0%| F|  |TAMS 0x000014e778000000, 0x000014e778000000| Untracked 
| 797|0x000014e77a000000, 0x000014e77a000000, 0x000014e77c000000|  0%| F|  |TAMS 0x000014e77a000000, 0x000014e77a000000| Untracked 
| 798|0x000014e77c000000, 0x000014e77c000000, 0x000014e77e000000|  0%| F|  |TAMS 0x000014e77c000000, 0x000014e77c000000| Untracked 
| 799|0x000014e77e000000, 0x000014e77e000000, 0x000014e780000000|  0%| F|  |TAMS 0x000014e77e000000, 0x000014e77e000000| Untracked 
| 800|0x000014e780000000, 0x000014e780000000, 0x000014e782000000|  0%| F|  |TAMS 0x000014e780000000, 0x000014e780000000| Untracked 
| 801|0x000014e782000000, 0x000014e782000000, 0x000014e784000000|  0%| F|  |TAMS 0x000014e782000000, 0x000014e782000000| Untracked 
| 802|0x000014e784000000, 0x000014e784000000, 0x000014e786000000|  0%| F|  |TAMS 0x000014e784000000, 0x000014e784000000| Untracked 
| 803|0x000014e786000000, 0x000014e786000000, 0x000014e788000000|  0%| F|  |TAMS 0x000014e786000000, 0x000014e786000000| Untracked 
| 804|0x000014e788000000, 0x000014e788000000, 0x000014e78a000000|  0%| F|  |TAMS 0x000014e788000000, 0x000014e788000000| Untracked 
| 805|0x000014e78a000000, 0x000014e78a000000, 0x000014e78c000000|  0%| F|  |TAMS 0x000014e78a000000, 0x000014e78a000000| Untracked 
| 806|0x000014e78c000000, 0x000014e78c000000, 0x000014e78e000000|  0%| F|  |TAMS 0x000014e78c000000, 0x000014e78c000000| Untracked 
| 807|0x000014e78e000000, 0x000014e78e000000, 0x000014e790000000|  0%| F|  |TAMS 0x000014e78e000000, 0x000014e78e000000| Untracked 
| 808|0x000014e790000000, 0x000014e790000000, 0x000014e792000000|  0%| F|  |TAMS 0x000014e790000000, 0x000014e790000000| Untracked 
| 809|0x000014e792000000, 0x000014e792000000, 0x000014e794000000|  0%| F|  |TAMS 0x000014e792000000, 0x000014e792000000| Untracked 
| 810|0x000014e794000000, 0x000014e794000000, 0x000014e796000000|  0%| F|  |TAMS 0x000014e794000000, 0x000014e794000000| Untracked 
| 811|0x000014e796000000, 0x000014e796000000, 0x000014e798000000|  0%| F|  |TAMS 0x000014e796000000, 0x000014e796000000| Untracked 
| 812|0x000014e798000000, 0x000014e798000000, 0x000014e79a000000|  0%| F|  |TAMS 0x000014e798000000, 0x000014e798000000| Untracked 
| 813|0x000014e79a000000, 0x000014e79a000000, 0x000014e79c000000|  0%| F|  |TAMS 0x000014e79a000000, 0x000014e79a000000| Untracked 
| 814|0x000014e79c000000, 0x000014e79c000000, 0x000014e79e000000|  0%| F|  |TAMS 0x000014e79c000000, 0x000014e79c000000| Untracked 
| 815|0x000014e79e000000, 0x000014e79e000000, 0x000014e7a0000000|  0%| F|  |TAMS 0x000014e79e000000, 0x000014e79e000000| Untracked 
| 816|0x000014e7a0000000, 0x000014e7a0000000, 0x000014e7a2000000|  0%| F|  |TAMS 0x000014e7a0000000, 0x000014e7a0000000| Untracked 
| 817|0x000014e7a2000000, 0x000014e7a2000000, 0x000014e7a4000000|  0%| F|  |TAMS 0x000014e7a2000000, 0x000014e7a2000000| Untracked 
| 818|0x000014e7a4000000, 0x000014e7a4000000, 0x000014e7a6000000|  0%| F|  |TAMS 0x000014e7a4000000, 0x000014e7a4000000| Untracked 
| 819|0x000014e7a6000000, 0x000014e7a6000000, 0x000014e7a8000000|  0%| F|  |TAMS 0x000014e7a6000000, 0x000014e7a6000000| Untracked 
| 820|0x000014e7a8000000, 0x000014e7a8000000, 0x000014e7aa000000|  0%| F|  |TAMS 0x000014e7a8000000, 0x000014e7a8000000| Untracked 
| 821|0x000014e7aa000000, 0x000014e7aa000000, 0x000014e7ac000000|  0%| F|  |TAMS 0x000014e7aa000000, 0x000014e7aa000000| Untracked 
| 822|0x000014e7ac000000, 0x000014e7ac000000, 0x000014e7ae000000|  0%| F|  |TAMS 0x000014e7ac000000, 0x000014e7ac000000| Untracked 
| 823|0x000014e7ae000000, 0x000014e7ae000000, 0x000014e7b0000000|  0%| F|  |TAMS 0x000014e7ae000000, 0x000014e7ae000000| Untracked 
| 824|0x000014e7b0000000, 0x000014e7b0000000, 0x000014e7b2000000|  0%| F|  |TAMS 0x000014e7b0000000, 0x000014e7b0000000| Untracked 
| 825|0x000014e7b2000000, 0x000014e7b2000000, 0x000014e7b4000000|  0%| F|  |TAMS 0x000014e7b2000000, 0x000014e7b2000000| Untracked 
| 826|0x000014e7b4000000, 0x000014e7b4000000, 0x000014e7b6000000|  0%| F|  |TAMS 0x000014e7b4000000, 0x000014e7b4000000| Untracked 
| 827|0x000014e7b6000000, 0x000014e7b6000000, 0x000014e7b8000000|  0%| F|  |TAMS 0x000014e7b6000000, 0x000014e7b6000000| Untracked 
| 828|0x000014e7b8000000, 0x000014e7b8000000, 0x000014e7ba000000|  0%| F|  |TAMS 0x000014e7b8000000, 0x000014e7b8000000| Untracked 
| 829|0x000014e7ba000000, 0x000014e7ba000000, 0x000014e7bc000000|  0%| F|  |TAMS 0x000014e7ba000000, 0x000014e7ba000000| Untracked 
| 830|0x000014e7bc000000, 0x000014e7bc000000, 0x000014e7be000000|  0%| F|  |TAMS 0x000014e7bc000000, 0x000014e7bc000000| Untracked 
| 831|0x000014e7be000000, 0x000014e7be000000, 0x000014e7c0000000|  0%| F|  |TAMS 0x000014e7be000000, 0x000014e7be000000| Untracked 
| 832|0x000014e7c0000000, 0x000014e7c0000000, 0x000014e7c2000000|  0%| F|  |TAMS 0x000014e7c0000000, 0x000014e7c0000000| Untracked 
| 833|0x000014e7c2000000, 0x000014e7c2000000, 0x000014e7c4000000|  0%| F|  |TAMS 0x000014e7c2000000, 0x000014e7c2000000| Untracked 
| 834|0x000014e7c4000000, 0x000014e7c4000000, 0x000014e7c6000000|  0%| F|  |TAMS 0x000014e7c4000000, 0x000014e7c4000000| Untracked 
| 835|0x000014e7c6000000, 0x000014e7c6000000, 0x000014e7c8000000|  0%| F|  |TAMS 0x000014e7c6000000, 0x000014e7c6000000| Untracked 
| 836|0x000014e7c8000000, 0x000014e7c8000000, 0x000014e7ca000000|  0%| F|  |TAMS 0x000014e7c8000000, 0x000014e7c8000000| Untracked 
| 837|0x000014e7ca000000, 0x000014e7ca000000, 0x000014e7cc000000|  0%| F|  |TAMS 0x000014e7ca000000, 0x000014e7ca000000| Untracked 
| 838|0x000014e7cc000000, 0x000014e7cc000000, 0x000014e7ce000000|  0%| F|  |TAMS 0x000014e7cc000000, 0x000014e7cc000000| Untracked 
| 839|0x000014e7ce000000, 0x000014e7ce000000, 0x000014e7d0000000|  0%| F|  |TAMS 0x000014e7ce000000, 0x000014e7ce000000| Untracked 
| 840|0x000014e7d0000000, 0x000014e7d0000000, 0x000014e7d2000000|  0%| F|  |TAMS 0x000014e7d0000000, 0x000014e7d0000000| Untracked 
| 841|0x000014e7d2000000, 0x000014e7d2000000, 0x000014e7d4000000|  0%| F|  |TAMS 0x000014e7d2000000, 0x000014e7d2000000| Untracked 
| 842|0x000014e7d4000000, 0x000014e7d4000000, 0x000014e7d6000000|  0%| F|  |TAMS 0x000014e7d4000000, 0x000014e7d4000000| Untracked 
| 843|0x000014e7d6000000, 0x000014e7d6000000, 0x000014e7d8000000|  0%| F|  |TAMS 0x000014e7d6000000, 0x000014e7d6000000| Untracked 
| 844|0x000014e7d8000000, 0x000014e7d8000000, 0x000014e7da000000|  0%| F|  |TAMS 0x000014e7d8000000, 0x000014e7d8000000| Untracked 
| 845|0x000014e7da000000, 0x000014e7da000000, 0x000014e7dc000000|  0%| F|  |TAMS 0x000014e7da000000, 0x000014e7da000000| Untracked 
| 846|0x000014e7dc000000, 0x000014e7dc000000, 0x000014e7de000000|  0%| F|  |TAMS 0x000014e7dc000000, 0x000014e7dc000000| Untracked 
| 847|0x000014e7de000000, 0x000014e7de000000, 0x000014e7e0000000|  0%| F|  |TAMS 0x000014e7de000000, 0x000014e7de000000| Untracked 
| 848|0x000014e7e0000000, 0x000014e7e0000000, 0x000014e7e2000000|  0%| F|  |TAMS 0x000014e7e0000000, 0x000014e7e0000000| Untracked 
| 849|0x000014e7e2000000, 0x000014e7e2000000, 0x000014e7e4000000|  0%| F|  |TAMS 0x000014e7e2000000, 0x000014e7e2000000| Untracked 
| 850|0x000014e7e4000000, 0x000014e7e4000000, 0x000014e7e6000000|  0%| F|  |TAMS 0x000014e7e4000000, 0x000014e7e4000000| Untracked 
| 851|0x000014e7e6000000, 0x000014e7e6000000, 0x000014e7e8000000|  0%| F|  |TAMS 0x000014e7e6000000, 0x000014e7e6000000| Untracked 
| 852|0x000014e7e8000000, 0x000014e7e8000000, 0x000014e7ea000000|  0%| F|  |TAMS 0x000014e7e8000000, 0x000014e7e8000000| Untracked 
| 853|0x000014e7ea000000, 0x000014e7ea000000, 0x000014e7ec000000|  0%| F|  |TAMS 0x000014e7ea000000, 0x000014e7ea000000| Untracked 
| 854|0x000014e7ec000000, 0x000014e7ec000000, 0x000014e7ee000000|  0%| F|  |TAMS 0x000014e7ec000000, 0x000014e7ec000000| Untracked 
| 855|0x000014e7ee000000, 0x000014e7ee000000, 0x000014e7f0000000|  0%| F|  |TAMS 0x000014e7ee000000, 0x000014e7ee000000| Untracked 
| 856|0x000014e7f0000000, 0x000014e7f0000000, 0x000014e7f2000000|  0%| F|  |TAMS 0x000014e7f0000000, 0x000014e7f0000000| Untracked 
| 857|0x000014e7f2000000, 0x000014e7f2000000, 0x000014e7f4000000|  0%| F|  |TAMS 0x000014e7f2000000, 0x000014e7f2000000| Untracked 
| 858|0x000014e7f4000000, 0x000014e7f4000000, 0x000014e7f6000000|  0%| F|  |TAMS 0x000014e7f4000000, 0x000014e7f4000000| Untracked 
| 859|0x000014e7f6000000, 0x000014e7f6000000, 0x000014e7f8000000|  0%| F|  |TAMS 0x000014e7f6000000, 0x000014e7f6000000| Untracked 
| 860|0x000014e7f8000000, 0x000014e7f8000000, 0x000014e7fa000000|  0%| F|  |TAMS 0x000014e7f8000000, 0x000014e7f8000000| Untracked 
| 861|0x000014e7fa000000, 0x000014e7fa000000, 0x000014e7fc000000|  0%| F|  |TAMS 0x000014e7fa000000, 0x000014e7fa000000| Untracked 
| 862|0x000014e7fc000000, 0x000014e7fc000000, 0x000014e7fe000000|  0%| F|  |TAMS 0x000014e7fc000000, 0x000014e7fc000000| Untracked 
| 863|0x000014e7fe000000, 0x000014e7fe000000, 0x000014e800000000|  0%| F|  |TAMS 0x000014e7fe000000, 0x000014e7fe000000| Untracked 
| 864|0x000014e800000000, 0x000014e800000000, 0x000014e802000000|  0%| F|  |TAMS 0x000014e800000000, 0x000014e800000000| Untracked 
| 865|0x000014e802000000, 0x000014e802000000, 0x000014e804000000|  0%| F|  |TAMS 0x000014e802000000, 0x000014e802000000| Untracked 
| 866|0x000014e804000000, 0x000014e804000000, 0x000014e806000000|  0%| F|  |TAMS 0x000014e804000000, 0x000014e804000000| Untracked 
| 867|0x000014e806000000, 0x000014e806000000, 0x000014e808000000|  0%| F|  |TAMS 0x000014e806000000, 0x000014e806000000| Untracked 
| 868|0x000014e808000000, 0x000014e808000000, 0x000014e80a000000|  0%| F|  |TAMS 0x000014e808000000, 0x000014e808000000| Untracked 
| 869|0x000014e80a000000, 0x000014e80a000000, 0x000014e80c000000|  0%| F|  |TAMS 0x000014e80a000000, 0x000014e80a000000| Untracked 
| 870|0x000014e80c000000, 0x000014e80c000000, 0x000014e80e000000|  0%| F|  |TAMS 0x000014e80c000000, 0x000014e80c000000| Untracked 
| 871|0x000014e80e000000, 0x000014e80e000000, 0x000014e810000000|  0%| F|  |TAMS 0x000014e80e000000, 0x000014e80e000000| Untracked 
| 872|0x000014e810000000, 0x000014e810000000, 0x000014e812000000|  0%| F|  |TAMS 0x000014e810000000, 0x000014e810000000| Untracked 
| 873|0x000014e812000000, 0x000014e812000000, 0x000014e814000000|  0%| F|  |TAMS 0x000014e812000000, 0x000014e812000000| Untracked 
| 874|0x000014e814000000, 0x000014e814000000, 0x000014e816000000|  0%| F|  |TAMS 0x000014e814000000, 0x000014e814000000| Untracked 
| 875|0x000014e816000000, 0x000014e816000000, 0x000014e818000000|  0%| F|  |TAMS 0x000014e816000000, 0x000014e816000000| Untracked 
| 876|0x000014e818000000, 0x000014e818000000, 0x000014e81a000000|  0%| F|  |TAMS 0x000014e818000000, 0x000014e818000000| Untracked 
| 877|0x000014e81a000000, 0x000014e81a000000, 0x000014e81c000000|  0%| F|  |TAMS 0x000014e81a000000, 0x000014e81a000000| Untracked 
| 878|0x000014e81c000000, 0x000014e81c000000, 0x000014e81e000000|  0%| F|  |TAMS 0x000014e81c000000, 0x000014e81c000000| Untracked 
| 879|0x000014e81e000000, 0x000014e81e000000, 0x000014e820000000|  0%| F|  |TAMS 0x000014e81e000000, 0x000014e81e000000| Untracked 
| 880|0x000014e820000000, 0x000014e820000000, 0x000014e822000000|  0%| F|  |TAMS 0x000014e820000000, 0x000014e820000000| Untracked 
| 881|0x000014e822000000, 0x000014e822000000, 0x000014e824000000|  0%| F|  |TAMS 0x000014e822000000, 0x000014e822000000| Untracked 
| 882|0x000014e824000000, 0x000014e824000000, 0x000014e826000000|  0%| F|  |TAMS 0x000014e824000000, 0x000014e824000000| Untracked 
| 883|0x000014e826000000, 0x000014e826000000, 0x000014e828000000|  0%| F|  |TAMS 0x000014e826000000, 0x000014e826000000| Untracked 
| 884|0x000014e828000000, 0x000014e828000000, 0x000014e82a000000|  0%| F|  |TAMS 0x000014e828000000, 0x000014e828000000| Untracked 
| 885|0x000014e82a000000, 0x000014e82a000000, 0x000014e82c000000|  0%| F|  |TAMS 0x000014e82a000000, 0x000014e82a000000| Untracked 
| 886|0x000014e82c000000, 0x000014e82c000000, 0x000014e82e000000|  0%| F|  |TAMS 0x000014e82c000000, 0x000014e82c000000| Untracked 
| 887|0x000014e82e000000, 0x000014e82e000000, 0x000014e830000000|  0%| F|  |TAMS 0x000014e82e000000, 0x000014e82e000000| Untracked 
| 888|0x000014e830000000, 0x000014e830000000, 0x000014e832000000|  0%| F|  |TAMS 0x000014e830000000, 0x000014e830000000| Untracked 
| 889|0x000014e832000000, 0x000014e832000000, 0x000014e834000000|  0%| F|  |TAMS 0x000014e832000000, 0x000014e832000000| Untracked 
| 890|0x000014e834000000, 0x000014e834000000, 0x000014e836000000|  0%| F|  |TAMS 0x000014e834000000, 0x000014e834000000| Untracked 
| 891|0x000014e836000000, 0x000014e836000000, 0x000014e838000000|  0%| F|  |TAMS 0x000014e836000000, 0x000014e836000000| Untracked 
| 892|0x000014e838000000, 0x000014e838000000, 0x000014e83a000000|  0%| F|  |TAMS 0x000014e838000000, 0x000014e838000000| Untracked 
| 893|0x000014e83a000000, 0x000014e83a000000, 0x000014e83c000000|  0%| F|  |TAMS 0x000014e83a000000, 0x000014e83a000000| Untracked 
| 894|0x000014e83c000000, 0x000014e83c000000, 0x000014e83e000000|  0%| F|  |TAMS 0x000014e83c000000, 0x000014e83c000000| Untracked 
| 895|0x000014e83e000000, 0x000014e83e000000, 0x000014e840000000|  0%| F|  |TAMS 0x000014e83e000000, 0x000014e83e000000| Untracked 
| 896|0x000014e840000000, 0x000014e840000000, 0x000014e842000000|  0%| F|  |TAMS 0x000014e840000000, 0x000014e840000000| Untracked 
| 897|0x000014e842000000, 0x000014e842000000, 0x000014e844000000|  0%| F|  |TAMS 0x000014e842000000, 0x000014e842000000| Untracked 
| 898|0x000014e844000000, 0x000014e844000000, 0x000014e846000000|  0%| F|  |TAMS 0x000014e844000000, 0x000014e844000000| Untracked 
| 899|0x000014e846000000, 0x000014e846000000, 0x000014e848000000|  0%| F|  |TAMS 0x000014e846000000, 0x000014e846000000| Untracked 
| 900|0x000014e848000000, 0x000014e848000000, 0x000014e84a000000|  0%| F|  |TAMS 0x000014e848000000, 0x000014e848000000| Untracked 
| 901|0x000014e84a000000, 0x000014e84a000000, 0x000014e84c000000|  0%| F|  |TAMS 0x000014e84a000000, 0x000014e84a000000| Untracked 
| 902|0x000014e84c000000, 0x000014e84c000000, 0x000014e84e000000|  0%| F|  |TAMS 0x000014e84c000000, 0x000014e84c000000| Untracked 
| 903|0x000014e84e000000, 0x000014e84e000000, 0x000014e850000000|  0%| F|  |TAMS 0x000014e84e000000, 0x000014e84e000000| Untracked 
| 904|0x000014e850000000, 0x000014e850000000, 0x000014e852000000|  0%| F|  |TAMS 0x000014e850000000, 0x000014e850000000| Untracked 
| 905|0x000014e852000000, 0x000014e852000000, 0x000014e854000000|  0%| F|  |TAMS 0x000014e852000000, 0x000014e852000000| Untracked 
| 906|0x000014e854000000, 0x000014e854000000, 0x000014e856000000|  0%| F|  |TAMS 0x000014e854000000, 0x000014e854000000| Untracked 
| 907|0x000014e856000000, 0x000014e856000000, 0x000014e858000000|  0%| F|  |TAMS 0x000014e856000000, 0x000014e856000000| Untracked 
| 908|0x000014e858000000, 0x000014e858000000, 0x000014e85a000000|  0%| F|  |TAMS 0x000014e858000000, 0x000014e858000000| Untracked 
| 909|0x000014e85a000000, 0x000014e85a000000, 0x000014e85c000000|  0%| F|  |TAMS 0x000014e85a000000, 0x000014e85a000000| Untracked 
| 910|0x000014e85c000000, 0x000014e85c000000, 0x000014e85e000000|  0%| F|  |TAMS 0x000014e85c000000, 0x000014e85c000000| Untracked 
| 911|0x000014e85e000000, 0x000014e85e000000, 0x000014e860000000|  0%| F|  |TAMS 0x000014e85e000000, 0x000014e85e000000| Untracked 
| 912|0x000014e860000000, 0x000014e860000000, 0x000014e862000000|  0%| F|  |TAMS 0x000014e860000000, 0x000014e860000000| Untracked 
| 913|0x000014e862000000, 0x000014e862000000, 0x000014e864000000|  0%| F|  |TAMS 0x000014e862000000, 0x000014e862000000| Untracked 
| 914|0x000014e864000000, 0x000014e864000000, 0x000014e866000000|  0%| F|  |TAMS 0x000014e864000000, 0x000014e864000000| Untracked 
| 915|0x000014e866000000, 0x000014e866000000, 0x000014e868000000|  0%| F|  |TAMS 0x000014e866000000, 0x000014e866000000| Untracked 
| 916|0x000014e868000000, 0x000014e868000000, 0x000014e86a000000|  0%| F|  |TAMS 0x000014e868000000, 0x000014e868000000| Untracked 
| 917|0x000014e86a000000, 0x000014e86a000000, 0x000014e86c000000|  0%| F|  |TAMS 0x000014e86a000000, 0x000014e86a000000| Untracked 
| 918|0x000014e86c000000, 0x000014e86c000000, 0x000014e86e000000|  0%| F|  |TAMS 0x000014e86c000000, 0x000014e86c000000| Untracked 
| 919|0x000014e86e000000, 0x000014e86e000000, 0x000014e870000000|  0%| F|  |TAMS 0x000014e86e000000, 0x000014e86e000000| Untracked 
| 920|0x000014e870000000, 0x000014e870000000, 0x000014e872000000|  0%| F|  |TAMS 0x000014e870000000, 0x000014e870000000| Untracked 
| 921|0x000014e872000000, 0x000014e872000000, 0x000014e874000000|  0%| F|  |TAMS 0x000014e872000000, 0x000014e872000000| Untracked 
| 922|0x000014e874000000, 0x000014e874000000, 0x000014e876000000|  0%| F|  |TAMS 0x000014e874000000, 0x000014e874000000| Untracked 
| 923|0x000014e876000000, 0x000014e876000000, 0x000014e878000000|  0%| F|  |TAMS 0x000014e876000000, 0x000014e876000000| Untracked 
| 924|0x000014e878000000, 0x000014e878000000, 0x000014e87a000000|  0%| F|  |TAMS 0x000014e878000000, 0x000014e878000000| Untracked 
| 925|0x000014e87a000000, 0x000014e87a000000, 0x000014e87c000000|  0%| F|  |TAMS 0x000014e87a000000, 0x000014e87a000000| Untracked 
| 926|0x000014e87c000000, 0x000014e87c000000, 0x000014e87e000000|  0%| F|  |TAMS 0x000014e87c000000, 0x000014e87c000000| Untracked 
| 927|0x000014e87e000000, 0x000014e87e000000, 0x000014e880000000|  0%| F|  |TAMS 0x000014e87e000000, 0x000014e87e000000| Untracked 
| 928|0x000014e880000000, 0x000014e880000000, 0x000014e882000000|  0%| F|  |TAMS 0x000014e880000000, 0x000014e880000000| Untracked 
| 929|0x000014e882000000, 0x000014e882000000, 0x000014e884000000|  0%| F|  |TAMS 0x000014e882000000, 0x000014e882000000| Untracked 
| 930|0x000014e884000000, 0x000014e884000000, 0x000014e886000000|  0%| F|  |TAMS 0x000014e884000000, 0x000014e884000000| Untracked 
| 931|0x000014e886000000, 0x000014e886000000, 0x000014e888000000|  0%| F|  |TAMS 0x000014e886000000, 0x000014e886000000| Untracked 
| 932|0x000014e888000000, 0x000014e888000000, 0x000014e88a000000|  0%| F|  |TAMS 0x000014e888000000, 0x000014e888000000| Untracked 
| 933|0x000014e88a000000, 0x000014e88a000000, 0x000014e88c000000|  0%| F|  |TAMS 0x000014e88a000000, 0x000014e88a000000| Untracked 
| 934|0x000014e88c000000, 0x000014e88c000000, 0x000014e88e000000|  0%| F|  |TAMS 0x000014e88c000000, 0x000014e88c000000| Untracked 
| 935|0x000014e88e000000, 0x000014e88e000000, 0x000014e890000000|  0%| F|  |TAMS 0x000014e88e000000, 0x000014e88e000000| Untracked 
| 936|0x000014e890000000, 0x000014e890000000, 0x000014e892000000|  0%| F|  |TAMS 0x000014e890000000, 0x000014e890000000| Untracked 
| 937|0x000014e892000000, 0x000014e892000000, 0x000014e894000000|  0%| F|  |TAMS 0x000014e892000000, 0x000014e892000000| Untracked 
| 938|0x000014e894000000, 0x000014e894000000, 0x000014e896000000|  0%| F|  |TAMS 0x000014e894000000, 0x000014e894000000| Untracked 
| 939|0x000014e896000000, 0x000014e896000000, 0x000014e898000000|  0%| F|  |TAMS 0x000014e896000000, 0x000014e896000000| Untracked 
| 940|0x000014e898000000, 0x000014e898000000, 0x000014e89a000000|  0%| F|  |TAMS 0x000014e898000000, 0x000014e898000000| Untracked 
| 941|0x000014e89a000000, 0x000014e89a000000, 0x000014e89c000000|  0%| F|  |TAMS 0x000014e89a000000, 0x000014e89a000000| Untracked 
| 942|0x000014e89c000000, 0x000014e89c000000, 0x000014e89e000000|  0%| F|  |TAMS 0x000014e89c000000, 0x000014e89c000000| Untracked 
| 943|0x000014e89e000000, 0x000014e8a0000000, 0x000014e8a0000000|100%| O|  |TAMS 0x000014e8a0000000, 0x000014e89e000000| Untracked 
| 944|0x000014e8a0000000, 0x000014e8a2000000, 0x000014e8a2000000|100%| O|  |TAMS 0x000014e8a2000000, 0x000014e8a0000000| Untracked 
| 945|0x000014e8a2000000, 0x000014e8a4000000, 0x000014e8a4000000|100%| O|  |TAMS 0x000014e8a4000000, 0x000014e8a2000000| Untracked 
| 946|0x000014e8a4000000, 0x000014e8a4000000, 0x000014e8a6000000|  0%| F|  |TAMS 0x000014e8a4000000, 0x000014e8a4000000| Untracked 
| 947|0x000014e8a6000000, 0x000014e8a6000000, 0x000014e8a8000000|  0%| F|  |TAMS 0x000014e8a6000000, 0x000014e8a6000000| Untracked 
| 948|0x000014e8a8000000, 0x000014e8a8000000, 0x000014e8aa000000|  0%| F|  |TAMS 0x000014e8a8000000, 0x000014e8a8000000| Untracked 
| 949|0x000014e8aa000000, 0x000014e8aa000000, 0x000014e8ac000000|  0%| F|  |TAMS 0x000014e8aa000000, 0x000014e8aa000000| Untracked 
| 950|0x000014e8ac000000, 0x000014e8ac000000, 0x000014e8ae000000|  0%| F|  |TAMS 0x000014e8ac000000, 0x000014e8ac000000| Untracked 
| 951|0x000014e8ae000000, 0x000014e8ae000000, 0x000014e8b0000000|  0%| F|  |TAMS 0x000014e8ae000000, 0x000014e8ae000000| Untracked 
| 952|0x000014e8b0000000, 0x000014e8b0000000, 0x000014e8b2000000|  0%| F|  |TAMS 0x000014e8b0000000, 0x000014e8b0000000| Untracked 
| 953|0x000014e8b2000000, 0x000014e8b2000000, 0x000014e8b4000000|  0%| F|  |TAMS 0x000014e8b2000000, 0x000014e8b2000000| Untracked 
| 954|0x000014e8b4000000, 0x000014e8b4000000, 0x000014e8b6000000|  0%| F|  |TAMS 0x000014e8b4000000, 0x000014e8b4000000| Untracked 
| 955|0x000014e8b6000000, 0x000014e8b6000000, 0x000014e8b8000000|  0%| F|  |TAMS 0x000014e8b6000000, 0x000014e8b6000000| Untracked 
| 956|0x000014e8b8000000, 0x000014e8b8000000, 0x000014e8ba000000|  0%| F|  |TAMS 0x000014e8b8000000, 0x000014e8b8000000| Untracked 
| 957|0x000014e8ba000000, 0x000014e8ba000000, 0x000014e8bc000000|  0%| F|  |TAMS 0x000014e8ba000000, 0x000014e8ba000000| Untracked 
| 958|0x000014e8bc000000, 0x000014e8bc000000, 0x000014e8be000000|  0%| F|  |TAMS 0x000014e8bc000000, 0x000014e8bc000000| Untracked 
| 959|0x000014e8be000000, 0x000014e8be000000, 0x000014e8c0000000|  0%| F|  |TAMS 0x000014e8be000000, 0x000014e8be000000| Untracked 
| 960|0x000014e8c0000000, 0x000014e8c2000000, 0x000014e8c2000000|100%| O|  |TAMS 0x000014e8c2000000, 0x000014e8c0000000| Untracked 
| 961|0x000014e8c2000000, 0x000014e8c2000000, 0x000014e8c4000000|  0%| F|  |TAMS 0x000014e8c2000000, 0x000014e8c2000000| Untracked 
| 962|0x000014e8c4000000, 0x000014e8c4000000, 0x000014e8c6000000|  0%| F|  |TAMS 0x000014e8c4000000, 0x000014e8c4000000| Untracked 
| 963|0x000014e8c6000000, 0x000014e8c6000000, 0x000014e8c8000000|  0%| F|  |TAMS 0x000014e8c6000000, 0x000014e8c6000000| Untracked 
| 964|0x000014e8c8000000, 0x000014e8c8000000, 0x000014e8ca000000|  0%| F|  |TAMS 0x000014e8c8000000, 0x000014e8c8000000| Untracked 
| 965|0x000014e8ca000000, 0x000014e8ca000000, 0x000014e8cc000000|  0%| F|  |TAMS 0x000014e8ca000000, 0x000014e8ca000000| Untracked 
| 966|0x000014e8cc000000, 0x000014e8cc000000, 0x000014e8ce000000|  0%| F|  |TAMS 0x000014e8cc000000, 0x000014e8cc000000| Untracked 
| 967|0x000014e8ce000000, 0x000014e8ce000000, 0x000014e8d0000000|  0%| F|  |TAMS 0x000014e8ce000000, 0x000014e8ce000000| Untracked 
| 968|0x000014e8d0000000, 0x000014e8d0000000, 0x000014e8d2000000|  0%| F|  |TAMS 0x000014e8d0000000, 0x000014e8d0000000| Untracked 
| 969|0x000014e8d2000000, 0x000014e8d2000000, 0x000014e8d4000000|  0%| F|  |TAMS 0x000014e8d2000000, 0x000014e8d2000000| Untracked 
| 970|0x000014e8d4000000, 0x000014e8d4000000, 0x000014e8d6000000|  0%| F|  |TAMS 0x000014e8d4000000, 0x000014e8d4000000| Untracked 
| 971|0x000014e8d6000000, 0x000014e8d6000000, 0x000014e8d8000000|  0%| F|  |TAMS 0x000014e8d6000000, 0x000014e8d6000000| Untracked 
| 972|0x000014e8d8000000, 0x000014e8d8000000, 0x000014e8da000000|  0%| F|  |TAMS 0x000014e8d8000000, 0x000014e8d8000000| Untracked 
| 973|0x000014e8da000000, 0x000014e8da000000, 0x000014e8dc000000|  0%| F|  |TAMS 0x000014e8da000000, 0x000014e8da000000| Untracked 
| 974|0x000014e8dc000000, 0x000014e8dc000000, 0x000014e8de000000|  0%| F|  |TAMS 0x000014e8dc000000, 0x000014e8dc000000| Untracked 
| 975|0x000014e8de000000, 0x000014e8de000000, 0x000014e8e0000000|  0%| F|  |TAMS 0x000014e8de000000, 0x000014e8de000000| Untracked 
| 976|0x000014e8e0000000, 0x000014e8e0000000, 0x000014e8e2000000|  0%| F|  |TAMS 0x000014e8e0000000, 0x000014e8e0000000| Untracked 
| 977|0x000014e8e2000000, 0x000014e8e2000000, 0x000014e8e4000000|  0%| F|  |TAMS 0x000014e8e2000000, 0x000014e8e2000000| Untracked 
| 978|0x000014e8e4000000, 0x000014e8e4000000, 0x000014e8e6000000|  0%| F|  |TAMS 0x000014e8e4000000, 0x000014e8e4000000| Untracked 
| 979|0x000014e8e6000000, 0x000014e8e6000000, 0x000014e8e8000000|  0%| F|  |TAMS 0x000014e8e6000000, 0x000014e8e6000000| Untracked 
| 980|0x000014e8e8000000, 0x000014e8e8000000, 0x000014e8ea000000|  0%| F|  |TAMS 0x000014e8e8000000, 0x000014e8e8000000| Untracked 
| 981|0x000014e8ea000000, 0x000014e8ea000000, 0x000014e8ec000000|  0%| F|  |TAMS 0x000014e8ea000000, 0x000014e8ea000000| Untracked 
| 982|0x000014e8ec000000, 0x000014e8ec000000, 0x000014e8ee000000|  0%| F|  |TAMS 0x000014e8ec000000, 0x000014e8ec000000| Untracked 
| 983|0x000014e8ee000000, 0x000014e8ee000000, 0x000014e8f0000000|  0%| F|  |TAMS 0x000014e8ee000000, 0x000014e8ee000000| Untracked 
| 984|0x000014e8f0000000, 0x000014e8f0000000, 0x000014e8f2000000|  0%| F|  |TAMS 0x000014e8f0000000, 0x000014e8f0000000| Untracked 
| 985|0x000014e8f2000000, 0x000014e8f2000000, 0x000014e8f4000000|  0%| F|  |TAMS 0x000014e8f2000000, 0x000014e8f2000000| Untracked 
| 986|0x000014e8f4000000, 0x000014e8f4000000, 0x000014e8f6000000|  0%| F|  |TAMS 0x000014e8f4000000, 0x000014e8f4000000| Untracked 
| 987|0x000014e8f6000000, 0x000014e8f6000000, 0x000014e8f8000000|  0%| F|  |TAMS 0x000014e8f6000000, 0x000014e8f6000000| Untracked 
| 988|0x000014e8f8000000, 0x000014e8f8000000, 0x000014e8fa000000|  0%| F|  |TAMS 0x000014e8f8000000, 0x000014e8f8000000| Untracked 
| 989|0x000014e8fa000000, 0x000014e8fa000000, 0x000014e8fc000000|  0%| F|  |TAMS 0x000014e8fa000000, 0x000014e8fa000000| Untracked 
| 990|0x000014e8fc000000, 0x000014e8fc000000, 0x000014e8fe000000|  0%| F|  |TAMS 0x000014e8fc000000, 0x000014e8fc000000| Untracked 
| 991|0x000014e8fe000000, 0x000014e8fe000000, 0x000014e900000000|  0%| F|  |TAMS 0x000014e8fe000000, 0x000014e8fe000000| Untracked 
| 992|0x000014e900000000, 0x000014e900000000, 0x000014e902000000|  0%| F|  |TAMS 0x000014e900000000, 0x000014e900000000| Untracked 
| 993|0x000014e902000000, 0x000014e902000000, 0x000014e904000000|  0%| F|  |TAMS 0x000014e902000000, 0x000014e902000000| Untracked 
| 994|0x000014e904000000, 0x000014e904000000, 0x000014e906000000|  0%| F|  |TAMS 0x000014e904000000, 0x000014e904000000| Untracked 
| 995|0x000014e906000000, 0x000014e906000000, 0x000014e908000000|  0%| F|  |TAMS 0x000014e906000000, 0x000014e906000000| Untracked 
| 996|0x000014e908000000, 0x000014e908000000, 0x000014e90a000000|  0%| F|  |TAMS 0x000014e908000000, 0x000014e908000000| Untracked 
| 997|0x000014e90a000000, 0x000014e90a000000, 0x000014e90c000000|  0%| F|  |TAMS 0x000014e90a000000, 0x000014e90a000000| Untracked 
| 998|0x000014e90c000000, 0x000014e90c000000, 0x000014e90e000000|  0%| F|  |TAMS 0x000014e90c000000, 0x000014e90c000000| Untracked 
| 999|0x000014e90e000000, 0x000014e90e000000, 0x000014e910000000|  0%| F|  |TAMS 0x000014e90e000000, 0x000014e90e000000| Untracked 
|1000|0x000014e910000000, 0x000014e910000000, 0x000014e912000000|  0%| F|  |TAMS 0x000014e910000000, 0x000014e910000000| Untracked 
|1001|0x000014e912000000, 0x000014e912000000, 0x000014e914000000|  0%| F|  |TAMS 0x000014e912000000, 0x000014e912000000| Untracked 
|1002|0x000014e914000000, 0x000014e914000000, 0x000014e916000000|  0%| F|  |TAMS 0x000014e914000000, 0x000014e914000000| Untracked 
|1003|0x000014e916000000, 0x000014e916000000, 0x000014e918000000|  0%| F|  |TAMS 0x000014e916000000, 0x000014e916000000| Untracked 
|1004|0x000014e918000000, 0x000014e918000000, 0x000014e91a000000|  0%| F|  |TAMS 0x000014e918000000, 0x000014e918000000| Untracked 
|1005|0x000014e91a000000, 0x000014e91a000000, 0x000014e91c000000|  0%| F|  |TAMS 0x000014e91a000000, 0x000014e91a000000| Untracked 
|1006|0x000014e91c000000, 0x000014e91c000000, 0x000014e91e000000|  0%| F|  |TAMS 0x000014e91c000000, 0x000014e91c000000| Untracked 
|1007|0x000014e91e000000, 0x000014e91e000000, 0x000014e920000000|  0%| F|  |TAMS 0x000014e91e000000, 0x000014e91e000000| Untracked 
|1008|0x000014e920000000, 0x000014e920000000, 0x000014e922000000|  0%| F|  |TAMS 0x000014e920000000, 0x000014e920000000| Untracked 
|1009|0x000014e922000000, 0x000014e922000000, 0x000014e924000000|  0%| F|  |TAMS 0x000014e922000000, 0x000014e922000000| Untracked 
|1010|0x000014e924000000, 0x000014e924000000, 0x000014e926000000|  0%| F|  |TAMS 0x000014e924000000, 0x000014e924000000| Untracked 
|1011|0x000014e926000000, 0x000014e926000000, 0x000014e928000000|  0%| F|  |TAMS 0x000014e926000000, 0x000014e926000000| Untracked 
|1012|0x000014e928000000, 0x000014e928000000, 0x000014e92a000000|  0%| F|  |TAMS 0x000014e928000000, 0x000014e928000000| Untracked 
|1013|0x000014e92a000000, 0x000014e92a000000, 0x000014e92c000000|  0%| F|  |TAMS 0x000014e92a000000, 0x000014e92a000000| Untracked 
|1014|0x000014e92c000000, 0x000014e92c000000, 0x000014e92e000000|  0%| F|  |TAMS 0x000014e92c000000, 0x000014e92c000000| Untracked 
|1015|0x000014e92e000000, 0x000014e92e000000, 0x000014e930000000|  0%| F|  |TAMS 0x000014e92e000000, 0x000014e92e000000| Untracked 
|1016|0x000014e930000000, 0x000014e930000000, 0x000014e932000000|  0%| F|  |TAMS 0x000014e930000000, 0x000014e930000000| Untracked 
|1017|0x000014e932000000, 0x000014e932000000, 0x000014e934000000|  0%| F|  |TAMS 0x000014e932000000, 0x000014e932000000| Untracked 
|1018|0x000014e934000000, 0x000014e934000000, 0x000014e936000000|  0%| F|  |TAMS 0x000014e934000000, 0x000014e934000000| Untracked 
|1019|0x000014e936000000, 0x000014e936000000, 0x000014e938000000|  0%| F|  |TAMS 0x000014e936000000, 0x000014e936000000| Untracked 
|1020|0x000014e938000000, 0x000014e938000000, 0x000014e93a000000|  0%| F|  |TAMS 0x000014e938000000, 0x000014e938000000| Untracked 
|1021|0x000014e93a000000, 0x000014e93a000000, 0x000014e93c000000|  0%| F|  |TAMS 0x000014e93a000000, 0x000014e93a000000| Untracked 
|1022|0x000014e93c000000, 0x000014e93c000000, 0x000014e93e000000|  0%| F|  |TAMS 0x000014e93c000000, 0x000014e93c000000| Untracked 
|1023|0x000014e93e000000, 0x000014e93e000000, 0x000014e940000000|  0%| F|  |TAMS 0x000014e93e000000, 0x000014e93e000000| Untracked 
|1024|0x000014e940000000, 0x000014e940000000, 0x000014e942000000|  0%| F|  |TAMS 0x000014e940000000, 0x000014e940000000| Untracked 
|1025|0x000014e942000000, 0x000014e942000000, 0x000014e944000000|  0%| F|  |TAMS 0x000014e942000000, 0x000014e942000000| Untracked 
|1026|0x000014e944000000, 0x000014e944000000, 0x000014e946000000|  0%| F|  |TAMS 0x000014e944000000, 0x000014e944000000| Untracked 
|1027|0x000014e946000000, 0x000014e946000000, 0x000014e948000000|  0%| F|  |TAMS 0x000014e946000000, 0x000014e946000000| Untracked 
|1028|0x000014e948000000, 0x000014e948000000, 0x000014e94a000000|  0%| F|  |TAMS 0x000014e948000000, 0x000014e948000000| Untracked 
|1029|0x000014e94a000000, 0x000014e94a000000, 0x000014e94c000000|  0%| F|  |TAMS 0x000014e94a000000, 0x000014e94a000000| Untracked 
|1030|0x000014e94c000000, 0x000014e94c000000, 0x000014e94e000000|  0%| F|  |TAMS 0x000014e94c000000, 0x000014e94c000000| Untracked 
|1031|0x000014e94e000000, 0x000014e94e000000, 0x000014e950000000|  0%| F|  |TAMS 0x000014e94e000000, 0x000014e94e000000| Untracked 
|1032|0x000014e950000000, 0x000014e950000000, 0x000014e952000000|  0%| F|  |TAMS 0x000014e950000000, 0x000014e950000000| Untracked 
|1033|0x000014e952000000, 0x000014e952000000, 0x000014e954000000|  0%| F|  |TAMS 0x000014e952000000, 0x000014e952000000| Untracked 
|1034|0x000014e954000000, 0x000014e954000000, 0x000014e956000000|  0%| F|  |TAMS 0x000014e954000000, 0x000014e954000000| Untracked 
|1035|0x000014e956000000, 0x000014e956000000, 0x000014e958000000|  0%| F|  |TAMS 0x000014e956000000, 0x000014e956000000| Untracked 
|1036|0x000014e958000000, 0x000014e958000000, 0x000014e95a000000|  0%| F|  |TAMS 0x000014e958000000, 0x000014e958000000| Untracked 
|1037|0x000014e95a000000, 0x000014e95a000000, 0x000014e95c000000|  0%| F|  |TAMS 0x000014e95a000000, 0x000014e95a000000| Untracked 
|1038|0x000014e95c000000, 0x000014e95c000000, 0x000014e95e000000|  0%| F|  |TAMS 0x000014e95c000000, 0x000014e95c000000| Untracked 
|1039|0x000014e95e000000, 0x000014e95e000000, 0x000014e960000000|  0%| F|  |TAMS 0x000014e95e000000, 0x000014e95e000000| Untracked 
|1040|0x000014e960000000, 0x000014e960000000, 0x000014e962000000|  0%| F|  |TAMS 0x000014e960000000, 0x000014e960000000| Untracked 
|1041|0x000014e962000000, 0x000014e962000000, 0x000014e964000000|  0%| F|  |TAMS 0x000014e962000000, 0x000014e962000000| Untracked 
|1042|0x000014e964000000, 0x000014e964000000, 0x000014e966000000|  0%| F|  |TAMS 0x000014e964000000, 0x000014e964000000| Untracked 
|1043|0x000014e966000000, 0x000014e966000000, 0x000014e968000000|  0%| F|  |TAMS 0x000014e966000000, 0x000014e966000000| Untracked 
|1044|0x000014e968000000, 0x000014e968000000, 0x000014e96a000000|  0%| F|  |TAMS 0x000014e968000000, 0x000014e968000000| Untracked 
|1045|0x000014e96a000000, 0x000014e96a000000, 0x000014e96c000000|  0%| F|  |TAMS 0x000014e96a000000, 0x000014e96a000000| Untracked 
|1046|0x000014e96c000000, 0x000014e96c000000, 0x000014e96e000000|  0%| F|  |TAMS 0x000014e96c000000, 0x000014e96c000000| Untracked 
|1047|0x000014e96e000000, 0x000014e96e000000, 0x000014e970000000|  0%| F|  |TAMS 0x000014e96e000000, 0x000014e96e000000| Untracked 
|1048|0x000014e970000000, 0x000014e970000000, 0x000014e972000000|  0%| F|  |TAMS 0x000014e970000000, 0x000014e970000000| Untracked 
|1049|0x000014e972000000, 0x000014e972000000, 0x000014e974000000|  0%| F|  |TAMS 0x000014e972000000, 0x000014e972000000| Untracked 
|1050|0x000014e974000000, 0x000014e974000000, 0x000014e976000000|  0%| F|  |TAMS 0x000014e974000000, 0x000014e974000000| Untracked 
|1051|0x000014e976000000, 0x000014e976000000, 0x000014e978000000|  0%| F|  |TAMS 0x000014e976000000, 0x000014e976000000| Untracked 
|1052|0x000014e978000000, 0x000014e978000000, 0x000014e97a000000|  0%| F|  |TAMS 0x000014e978000000, 0x000014e978000000| Untracked 
|1053|0x000014e97a000000, 0x000014e97a000000, 0x000014e97c000000|  0%| F|  |TAMS 0x000014e97a000000, 0x000014e97a000000| Untracked 
|1054|0x000014e97c000000, 0x000014e97c000000, 0x000014e97e000000|  0%| F|  |TAMS 0x000014e97c000000, 0x000014e97c000000| Untracked 
|1055|0x000014e97e000000, 0x000014e97e000000, 0x000014e980000000|  0%| F|  |TAMS 0x000014e97e000000, 0x000014e97e000000| Untracked 
|1056|0x000014e980000000, 0x000014e980000000, 0x000014e982000000|  0%| F|  |TAMS 0x000014e980000000, 0x000014e980000000| Untracked 
|1057|0x000014e982000000, 0x000014e982000000, 0x000014e984000000|  0%| F|  |TAMS 0x000014e982000000, 0x000014e982000000| Untracked 
|1058|0x000014e984000000, 0x000014e984000000, 0x000014e986000000|  0%| F|  |TAMS 0x000014e984000000, 0x000014e984000000| Untracked 
|1059|0x000014e986000000, 0x000014e986000000, 0x000014e988000000|  0%| F|  |TAMS 0x000014e986000000, 0x000014e986000000| Untracked 
|1060|0x000014e988000000, 0x000014e988000000, 0x000014e98a000000|  0%| F|  |TAMS 0x000014e988000000, 0x000014e988000000| Untracked 
|1061|0x000014e98a000000, 0x000014e98a000000, 0x000014e98c000000|  0%| F|  |TAMS 0x000014e98a000000, 0x000014e98a000000| Untracked 
|1062|0x000014e98c000000, 0x000014e98c000000, 0x000014e98e000000|  0%| F|  |TAMS 0x000014e98c000000, 0x000014e98c000000| Untracked 
|1063|0x000014e98e000000, 0x000014e98e000000, 0x000014e990000000|  0%| F|  |TAMS 0x000014e98e000000, 0x000014e98e000000| Untracked 
|1064|0x000014e990000000, 0x000014e990000000, 0x000014e992000000|  0%| F|  |TAMS 0x000014e990000000, 0x000014e990000000| Untracked 
|1065|0x000014e992000000, 0x000014e992000000, 0x000014e994000000|  0%| F|  |TAMS 0x000014e992000000, 0x000014e992000000| Untracked 
|1066|0x000014e994000000, 0x000014e994000000, 0x000014e996000000|  0%| F|  |TAMS 0x000014e994000000, 0x000014e994000000| Untracked 
|1067|0x000014e996000000, 0x000014e996000000, 0x000014e998000000|  0%| F|  |TAMS 0x000014e996000000, 0x000014e996000000| Untracked 
|1068|0x000014e998000000, 0x000014e998000000, 0x000014e99a000000|  0%| F|  |TAMS 0x000014e998000000, 0x000014e998000000| Untracked 
|1069|0x000014e99a000000, 0x000014e99a000000, 0x000014e99c000000|  0%| F|  |TAMS 0x000014e99a000000, 0x000014e99a000000| Untracked 
|1070|0x000014e99c000000, 0x000014e99c000000, 0x000014e99e000000|  0%| F|  |TAMS 0x000014e99c000000, 0x000014e99c000000| Untracked 
|1071|0x000014e99e000000, 0x000014e99e000000, 0x000014e9a0000000|  0%| F|  |TAMS 0x000014e99e000000, 0x000014e99e000000| Untracked 
|1072|0x000014e9a0000000, 0x000014e9a0000000, 0x000014e9a2000000|  0%| F|  |TAMS 0x000014e9a0000000, 0x000014e9a0000000| Untracked 
|1073|0x000014e9a2000000, 0x000014e9a2000000, 0x000014e9a4000000|  0%| F|  |TAMS 0x000014e9a2000000, 0x000014e9a2000000| Untracked 
|1074|0x000014e9a4000000, 0x000014e9a4000000, 0x000014e9a6000000|  0%| F|  |TAMS 0x000014e9a4000000, 0x000014e9a4000000| Untracked 
|1075|0x000014e9a6000000, 0x000014e9a6000000, 0x000014e9a8000000|  0%| F|  |TAMS 0x000014e9a6000000, 0x000014e9a6000000| Untracked 
|1076|0x000014e9a8000000, 0x000014e9a8000000, 0x000014e9aa000000|  0%| F|  |TAMS 0x000014e9a8000000, 0x000014e9a8000000| Untracked 
|1077|0x000014e9aa000000, 0x000014e9aa000000, 0x000014e9ac000000|  0%| F|  |TAMS 0x000014e9aa000000, 0x000014e9aa000000| Untracked 
|1078|0x000014e9ac000000, 0x000014e9ac000000, 0x000014e9ae000000|  0%| F|  |TAMS 0x000014e9ac000000, 0x000014e9ac000000| Untracked 
|1079|0x000014e9ae000000, 0x000014e9ae000000, 0x000014e9b0000000|  0%| F|  |TAMS 0x000014e9ae000000, 0x000014e9ae000000| Untracked 
|1080|0x000014e9b0000000, 0x000014e9b0000000, 0x000014e9b2000000|  0%| F|  |TAMS 0x000014e9b0000000, 0x000014e9b0000000| Untracked 
|1081|0x000014e9b2000000, 0x000014e9b2000000, 0x000014e9b4000000|  0%| F|  |TAMS 0x000014e9b2000000, 0x000014e9b2000000| Untracked 
|1082|0x000014e9b4000000, 0x000014e9b4000000, 0x000014e9b6000000|  0%| F|  |TAMS 0x000014e9b4000000, 0x000014e9b4000000| Untracked 
|1083|0x000014e9b6000000, 0x000014e9b6000000, 0x000014e9b8000000|  0%| F|  |TAMS 0x000014e9b6000000, 0x000014e9b6000000| Untracked 
|1084|0x000014e9b8000000, 0x000014e9b8000000, 0x000014e9ba000000|  0%| F|  |TAMS 0x000014e9b8000000, 0x000014e9b8000000| Untracked 
|1085|0x000014e9ba000000, 0x000014e9ba000000, 0x000014e9bc000000|  0%| F|  |TAMS 0x000014e9ba000000, 0x000014e9ba000000| Untracked 
|1086|0x000014e9bc000000, 0x000014e9bc000000, 0x000014e9be000000|  0%| F|  |TAMS 0x000014e9bc000000, 0x000014e9bc000000| Untracked 
|1087|0x000014e9be000000, 0x000014e9be000000, 0x000014e9c0000000|  0%| F|  |TAMS 0x000014e9be000000, 0x000014e9be000000| Untracked 
|1088|0x000014e9c0000000, 0x000014e9c0000000, 0x000014e9c2000000|  0%| F|  |TAMS 0x000014e9c0000000, 0x000014e9c0000000| Untracked 
|1089|0x000014e9c2000000, 0x000014e9c2000000, 0x000014e9c4000000|  0%| F|  |TAMS 0x000014e9c2000000, 0x000014e9c2000000| Untracked 
|1090|0x000014e9c4000000, 0x000014e9c4000000, 0x000014e9c6000000|  0%| F|  |TAMS 0x000014e9c4000000, 0x000014e9c4000000| Untracked 
|1091|0x000014e9c6000000, 0x000014e9c6000000, 0x000014e9c8000000|  0%| F|  |TAMS 0x000014e9c6000000, 0x000014e9c6000000| Untracked 
|1092|0x000014e9c8000000, 0x000014e9c8000000, 0x000014e9ca000000|  0%| F|  |TAMS 0x000014e9c8000000, 0x000014e9c8000000| Untracked 
|1093|0x000014e9ca000000, 0x000014e9ca000000, 0x000014e9cc000000|  0%| F|  |TAMS 0x000014e9ca000000, 0x000014e9ca000000| Untracked 
|1094|0x000014e9cc000000, 0x000014e9cc000000, 0x000014e9ce000000|  0%| F|  |TAMS 0x000014e9cc000000, 0x000014e9cc000000| Untracked 
|1095|0x000014e9ce000000, 0x000014e9ce000000, 0x000014e9d0000000|  0%| F|  |TAMS 0x000014e9ce000000, 0x000014e9ce000000| Untracked 
|1096|0x000014e9d0000000, 0x000014e9d0000000, 0x000014e9d2000000|  0%| F|  |TAMS 0x000014e9d0000000, 0x000014e9d0000000| Untracked 
|1097|0x000014e9d2000000, 0x000014e9d2000000, 0x000014e9d4000000|  0%| F|  |TAMS 0x000014e9d2000000, 0x000014e9d2000000| Untracked 
|1098|0x000014e9d4000000, 0x000014e9d4000000, 0x000014e9d6000000|  0%| F|  |TAMS 0x000014e9d4000000, 0x000014e9d4000000| Untracked 
|1099|0x000014e9d6000000, 0x000014e9d6000000, 0x000014e9d8000000|  0%| F|  |TAMS 0x000014e9d6000000, 0x000014e9d6000000| Untracked 
|1100|0x000014e9d8000000, 0x000014e9d8000000, 0x000014e9da000000|  0%| F|  |TAMS 0x000014e9d8000000, 0x000014e9d8000000| Untracked 
|1101|0x000014e9da000000, 0x000014e9da000000, 0x000014e9dc000000|  0%| F|  |TAMS 0x000014e9da000000, 0x000014e9da000000| Untracked 
|1102|0x000014e9dc000000, 0x000014e9dc000000, 0x000014e9de000000|  0%| F|  |TAMS 0x000014e9dc000000, 0x000014e9dc000000| Untracked 
|1103|0x000014e9de000000, 0x000014e9de000000, 0x000014e9e0000000|  0%| F|  |TAMS 0x000014e9de000000, 0x000014e9de000000| Untracked 
|1104|0x000014e9e0000000, 0x000014e9e0000000, 0x000014e9e2000000|  0%| F|  |TAMS 0x000014e9e0000000, 0x000014e9e0000000| Untracked 
|1105|0x000014e9e2000000, 0x000014e9e2000000, 0x000014e9e4000000|  0%| F|  |TAMS 0x000014e9e2000000, 0x000014e9e2000000| Untracked 
|1106|0x000014e9e4000000, 0x000014e9e4000000, 0x000014e9e6000000|  0%| F|  |TAMS 0x000014e9e4000000, 0x000014e9e4000000| Untracked 
|1107|0x000014e9e6000000, 0x000014e9e6000000, 0x000014e9e8000000|  0%| F|  |TAMS 0x000014e9e6000000, 0x000014e9e6000000| Untracked 
|1108|0x000014e9e8000000, 0x000014e9e8000000, 0x000014e9ea000000|  0%| F|  |TAMS 0x000014e9e8000000, 0x000014e9e8000000| Untracked 
|1109|0x000014e9ea000000, 0x000014e9ea000000, 0x000014e9ec000000|  0%| F|  |TAMS 0x000014e9ea000000, 0x000014e9ea000000| Untracked 
|1110|0x000014e9ec000000, 0x000014e9ec000000, 0x000014e9ee000000|  0%| F|  |TAMS 0x000014e9ec000000, 0x000014e9ec000000| Untracked 
|1111|0x000014e9ee000000, 0x000014e9ee000000, 0x000014e9f0000000|  0%| F|  |TAMS 0x000014e9ee000000, 0x000014e9ee000000| Untracked 
|1112|0x000014e9f0000000, 0x000014e9f0000000, 0x000014e9f2000000|  0%| F|  |TAMS 0x000014e9f0000000, 0x000014e9f0000000| Untracked 
|1113|0x000014e9f2000000, 0x000014e9f2000000, 0x000014e9f4000000|  0%| F|  |TAMS 0x000014e9f2000000, 0x000014e9f2000000| Untracked 
|1114|0x000014e9f4000000, 0x000014e9f4000000, 0x000014e9f6000000|  0%| F|  |TAMS 0x000014e9f4000000, 0x000014e9f4000000| Untracked 
|1115|0x000014e9f6000000, 0x000014e9f6000000, 0x000014e9f8000000|  0%| F|  |TAMS 0x000014e9f6000000, 0x000014e9f6000000| Untracked 
|1116|0x000014e9f8000000, 0x000014e9f8000000, 0x000014e9fa000000|  0%| F|  |TAMS 0x000014e9f8000000, 0x000014e9f8000000| Untracked 
|1117|0x000014e9fa000000, 0x000014e9fa000000, 0x000014e9fc000000|  0%| F|  |TAMS 0x000014e9fa000000, 0x000014e9fa000000| Untracked 
|1118|0x000014e9fc000000, 0x000014e9fc000000, 0x000014e9fe000000|  0%| F|  |TAMS 0x000014e9fc000000, 0x000014e9fc000000| Untracked 
|1119|0x000014e9fe000000, 0x000014e9fe000000, 0x000014ea00000000|  0%| F|  |TAMS 0x000014e9fe000000, 0x000014e9fe000000| Untracked 
|1120|0x000014ea00000000, 0x000014ea00000000, 0x000014ea02000000|  0%| F|  |TAMS 0x000014ea00000000, 0x000014ea00000000| Untracked 
|1121|0x000014ea02000000, 0x000014ea02000000, 0x000014ea04000000|  0%| F|  |TAMS 0x000014ea02000000, 0x000014ea02000000| Untracked 
|1122|0x000014ea04000000, 0x000014ea04000000, 0x000014ea06000000|  0%| F|  |TAMS 0x000014ea04000000, 0x000014ea04000000| Untracked 
|1123|0x000014ea06000000, 0x000014ea06000000, 0x000014ea08000000|  0%| F|  |TAMS 0x000014ea06000000, 0x000014ea06000000| Untracked 
|1124|0x000014ea08000000, 0x000014ea08000000, 0x000014ea0a000000|  0%| F|  |TAMS 0x000014ea08000000, 0x000014ea08000000| Untracked 
|1125|0x000014ea0a000000, 0x000014ea0a000000, 0x000014ea0c000000|  0%| F|  |TAMS 0x000014ea0a000000, 0x000014ea0a000000| Untracked 
|1126|0x000014ea0c000000, 0x000014ea0c000000, 0x000014ea0e000000|  0%| F|  |TAMS 0x000014ea0c000000, 0x000014ea0c000000| Untracked 
|1127|0x000014ea0e000000, 0x000014ea0e000000, 0x000014ea10000000|  0%| F|  |TAMS 0x000014ea0e000000, 0x000014ea0e000000| Untracked 
|1128|0x000014ea10000000, 0x000014ea10000000, 0x000014ea12000000|  0%| F|  |TAMS 0x000014ea10000000, 0x000014ea10000000| Untracked 
|1129|0x000014ea12000000, 0x000014ea12000000, 0x000014ea14000000|  0%| F|  |TAMS 0x000014ea12000000, 0x000014ea12000000| Untracked 
|1130|0x000014ea14000000, 0x000014ea14000000, 0x000014ea16000000|  0%| F|  |TAMS 0x000014ea14000000, 0x000014ea14000000| Untracked 
|1131|0x000014ea16000000, 0x000014ea16000000, 0x000014ea18000000|  0%| F|  |TAMS 0x000014ea16000000, 0x000014ea16000000| Untracked 
|1132|0x000014ea18000000, 0x000014ea18000000, 0x000014ea1a000000|  0%| F|  |TAMS 0x000014ea18000000, 0x000014ea18000000| Untracked 
|1133|0x000014ea1a000000, 0x000014ea1a000000, 0x000014ea1c000000|  0%| F|  |TAMS 0x000014ea1a000000, 0x000014ea1a000000| Untracked 
|1134|0x000014ea1c000000, 0x000014ea1c000000, 0x000014ea1e000000|  0%| F|  |TAMS 0x000014ea1c000000, 0x000014ea1c000000| Untracked 
|1135|0x000014ea1e000000, 0x000014ea1e000000, 0x000014ea20000000|  0%| F|  |TAMS 0x000014ea1e000000, 0x000014ea1e000000| Untracked 
|1136|0x000014ea20000000, 0x000014ea20000000, 0x000014ea22000000|  0%| F|  |TAMS 0x000014ea20000000, 0x000014ea20000000| Untracked 
|1137|0x000014ea22000000, 0x000014ea22000000, 0x000014ea24000000|  0%| F|  |TAMS 0x000014ea22000000, 0x000014ea22000000| Untracked 
|1138|0x000014ea24000000, 0x000014ea24000000, 0x000014ea26000000|  0%| F|  |TAMS 0x000014ea24000000, 0x000014ea24000000| Untracked 
|1139|0x000014ea26000000, 0x000014ea26000000, 0x000014ea28000000|  0%| F|  |TAMS 0x000014ea26000000, 0x000014ea26000000| Untracked 
|1140|0x000014ea28000000, 0x000014ea28000000, 0x000014ea2a000000|  0%| F|  |TAMS 0x000014ea28000000, 0x000014ea28000000| Untracked 
|1141|0x000014ea2a000000, 0x000014ea2a000000, 0x000014ea2c000000|  0%| F|  |TAMS 0x000014ea2a000000, 0x000014ea2a000000| Untracked 
|1142|0x000014ea2c000000, 0x000014ea2c000000, 0x000014ea2e000000|  0%| F|  |TAMS 0x000014ea2c000000, 0x000014ea2c000000| Untracked 
|1143|0x000014ea2e000000, 0x000014ea2e000000, 0x000014ea30000000|  0%| F|  |TAMS 0x000014ea2e000000, 0x000014ea2e000000| Untracked 
|1144|0x000014ea30000000, 0x000014ea30000000, 0x000014ea32000000|  0%| F|  |TAMS 0x000014ea30000000, 0x000014ea30000000| Untracked 
|1145|0x000014ea32000000, 0x000014ea32000000, 0x000014ea34000000|  0%| F|  |TAMS 0x000014ea32000000, 0x000014ea32000000| Untracked 
|1146|0x000014ea34000000, 0x000014ea34000000, 0x000014ea36000000|  0%| F|  |TAMS 0x000014ea34000000, 0x000014ea34000000| Untracked 
|1147|0x000014ea36000000, 0x000014ea36000000, 0x000014ea38000000|  0%| F|  |TAMS 0x000014ea36000000, 0x000014ea36000000| Untracked 
|1148|0x000014ea38000000, 0x000014ea38000000, 0x000014ea3a000000|  0%| F|  |TAMS 0x000014ea38000000, 0x000014ea38000000| Untracked 
|1149|0x000014ea3a000000, 0x000014ea3a000000, 0x000014ea3c000000|  0%| F|  |TAMS 0x000014ea3a000000, 0x000014ea3a000000| Untracked 
|1150|0x000014ea3c000000, 0x000014ea3c000000, 0x000014ea3e000000|  0%| F|  |TAMS 0x000014ea3c000000, 0x000014ea3c000000| Untracked 
|1151|0x000014ea3e000000, 0x000014ea3e000000, 0x000014ea40000000|  0%| F|  |TAMS 0x000014ea3e000000, 0x000014ea3e000000| Untracked 
|1152|0x000014ea40000000, 0x000014ea40000000, 0x000014ea42000000|  0%| F|  |TAMS 0x000014ea40000000, 0x000014ea40000000| Untracked 
|1153|0x000014ea42000000, 0x000014ea42000000, 0x000014ea44000000|  0%| F|  |TAMS 0x000014ea42000000, 0x000014ea42000000| Untracked 
|1154|0x000014ea44000000, 0x000014ea44000000, 0x000014ea46000000|  0%| F|  |TAMS 0x000014ea44000000, 0x000014ea44000000| Untracked 
|1155|0x000014ea46000000, 0x000014ea46000000, 0x000014ea48000000|  0%| F|  |TAMS 0x000014ea46000000, 0x000014ea46000000| Untracked 
|1156|0x000014ea48000000, 0x000014ea48000000, 0x000014ea4a000000|  0%| F|  |TAMS 0x000014ea48000000, 0x000014ea48000000| Untracked 
|1157|0x000014ea4a000000, 0x000014ea4a000000, 0x000014ea4c000000|  0%| F|  |TAMS 0x000014ea4a000000, 0x000014ea4a000000| Untracked 
|1158|0x000014ea4c000000, 0x000014ea4c000000, 0x000014ea4e000000|  0%| F|  |TAMS 0x000014ea4c000000, 0x000014ea4c000000| Untracked 
|1159|0x000014ea4e000000, 0x000014ea4e000000, 0x000014ea50000000|  0%| F|  |TAMS 0x000014ea4e000000, 0x000014ea4e000000| Untracked 
|1160|0x000014ea50000000, 0x000014ea50000000, 0x000014ea52000000|  0%| F|  |TAMS 0x000014ea50000000, 0x000014ea50000000| Untracked 
|1161|0x000014ea52000000, 0x000014ea52000000, 0x000014ea54000000|  0%| F|  |TAMS 0x000014ea52000000, 0x000014ea52000000| Untracked 
|1162|0x000014ea54000000, 0x000014ea54000000, 0x000014ea56000000|  0%| F|  |TAMS 0x000014ea54000000, 0x000014ea54000000| Untracked 
|1163|0x000014ea56000000, 0x000014ea56000000, 0x000014ea58000000|  0%| F|  |TAMS 0x000014ea56000000, 0x000014ea56000000| Untracked 
|1164|0x000014ea58000000, 0x000014ea58000000, 0x000014ea5a000000|  0%| F|  |TAMS 0x000014ea58000000, 0x000014ea58000000| Untracked 
|1165|0x000014ea5a000000, 0x000014ea5a000000, 0x000014ea5c000000|  0%| F|  |TAMS 0x000014ea5a000000, 0x000014ea5a000000| Untracked 
|1166|0x000014ea5c000000, 0x000014ea5c000000, 0x000014ea5e000000|  0%| F|  |TAMS 0x000014ea5c000000, 0x000014ea5c000000| Untracked 
|1167|0x000014ea5e000000, 0x000014ea5e000000, 0x000014ea60000000|  0%| F|  |TAMS 0x000014ea5e000000, 0x000014ea5e000000| Untracked 
|1168|0x000014ea60000000, 0x000014ea60000000, 0x000014ea62000000|  0%| F|  |TAMS 0x000014ea60000000, 0x000014ea60000000| Untracked 
|1169|0x000014ea62000000, 0x000014ea62000000, 0x000014ea64000000|  0%| F|  |TAMS 0x000014ea62000000, 0x000014ea62000000| Untracked 
|1170|0x000014ea64000000, 0x000014ea64000000, 0x000014ea66000000|  0%| F|  |TAMS 0x000014ea64000000, 0x000014ea64000000| Untracked 
|1171|0x000014ea66000000, 0x000014ea66000000, 0x000014ea68000000|  0%| F|  |TAMS 0x000014ea66000000, 0x000014ea66000000| Untracked 
|1172|0x000014ea68000000, 0x000014ea68000000, 0x000014ea6a000000|  0%| F|  |TAMS 0x000014ea68000000, 0x000014ea68000000| Untracked 
|1173|0x000014ea6a000000, 0x000014ea6a000000, 0x000014ea6c000000|  0%| F|  |TAMS 0x000014ea6a000000, 0x000014ea6a000000| Untracked 
|1174|0x000014ea6c000000, 0x000014ea6c000000, 0x000014ea6e000000|  0%| F|  |TAMS 0x000014ea6c000000, 0x000014ea6c000000| Untracked 
|1175|0x000014ea6e000000, 0x000014ea6e000000, 0x000014ea70000000|  0%| F|  |TAMS 0x000014ea6e000000, 0x000014ea6e000000| Untracked 
|1176|0x000014ea70000000, 0x000014ea70000000, 0x000014ea72000000|  0%| F|  |TAMS 0x000014ea70000000, 0x000014ea70000000| Untracked 
|1177|0x000014ea72000000, 0x000014ea72000000, 0x000014ea74000000|  0%| F|  |TAMS 0x000014ea72000000, 0x000014ea72000000| Untracked 
|1178|0x000014ea74000000, 0x000014ea74000000, 0x000014ea76000000|  0%| F|  |TAMS 0x000014ea74000000, 0x000014ea74000000| Untracked 
|1179|0x000014ea76000000, 0x000014ea76000000, 0x000014ea78000000|  0%| F|  |TAMS 0x000014ea76000000, 0x000014ea76000000| Untracked 
|1180|0x000014ea78000000, 0x000014ea78000000, 0x000014ea7a000000|  0%| F|  |TAMS 0x000014ea78000000, 0x000014ea78000000| Untracked 
|1181|0x000014ea7a000000, 0x000014ea7a000000, 0x000014ea7c000000|  0%| F|  |TAMS 0x000014ea7a000000, 0x000014ea7a000000| Untracked 
|1182|0x000014ea7c000000, 0x000014ea7c000000, 0x000014ea7e000000|  0%| F|  |TAMS 0x000014ea7c000000, 0x000014ea7c000000| Untracked 
|1183|0x000014ea7e000000, 0x000014ea7e000000, 0x000014ea80000000|  0%| F|  |TAMS 0x000014ea7e000000, 0x000014ea7e000000| Untracked 
|1184|0x000014ea80000000, 0x000014ea80000000, 0x000014ea82000000|  0%| F|  |TAMS 0x000014ea80000000, 0x000014ea80000000| Untracked 
|1185|0x000014ea82000000, 0x000014ea82000000, 0x000014ea84000000|  0%| F|  |TAMS 0x000014ea82000000, 0x000014ea82000000| Untracked 
|1186|0x000014ea84000000, 0x000014ea84000000, 0x000014ea86000000|  0%| F|  |TAMS 0x000014ea84000000, 0x000014ea84000000| Untracked 
|1187|0x000014ea86000000, 0x000014ea86000000, 0x000014ea88000000|  0%| F|  |TAMS 0x000014ea86000000, 0x000014ea86000000| Untracked 
|1188|0x000014ea88000000, 0x000014ea88000000, 0x000014ea8a000000|  0%| F|  |TAMS 0x000014ea88000000, 0x000014ea88000000| Untracked 
|1189|0x000014ea8a000000, 0x000014ea8a000000, 0x000014ea8c000000|  0%| F|  |TAMS 0x000014ea8a000000, 0x000014ea8a000000| Untracked 
|1190|0x000014ea8c000000, 0x000014ea8c000000, 0x000014ea8e000000|  0%| F|  |TAMS 0x000014ea8c000000, 0x000014ea8c000000| Untracked 
|1191|0x000014ea8e000000, 0x000014ea8e000000, 0x000014ea90000000|  0%| F|  |TAMS 0x000014ea8e000000, 0x000014ea8e000000| Untracked 
|1192|0x000014ea90000000, 0x000014ea90000000, 0x000014ea92000000|  0%| F|  |TAMS 0x000014ea90000000, 0x000014ea90000000| Untracked 
|1193|0x000014ea92000000, 0x000014ea92000000, 0x000014ea94000000|  0%| F|  |TAMS 0x000014ea92000000, 0x000014ea92000000| Untracked 
|1194|0x000014ea94000000, 0x000014ea94000000, 0x000014ea96000000|  0%| F|  |TAMS 0x000014ea94000000, 0x000014ea94000000| Untracked 
|1195|0x000014ea96000000, 0x000014ea96000000, 0x000014ea98000000|  0%| F|  |TAMS 0x000014ea96000000, 0x000014ea96000000| Untracked 
|1196|0x000014ea98000000, 0x000014ea98000000, 0x000014ea9a000000|  0%| F|  |TAMS 0x000014ea98000000, 0x000014ea98000000| Untracked 
|1197|0x000014ea9a000000, 0x000014ea9a000000, 0x000014ea9c000000|  0%| F|  |TAMS 0x000014ea9a000000, 0x000014ea9a000000| Untracked 
|1198|0x000014ea9c000000, 0x000014ea9c000000, 0x000014ea9e000000|  0%| F|  |TAMS 0x000014ea9c000000, 0x000014ea9c000000| Untracked 
|1199|0x000014ea9e000000, 0x000014ea9e000000, 0x000014eaa0000000|  0%| F|  |TAMS 0x000014ea9e000000, 0x000014ea9e000000| Untracked 
|1200|0x000014eaa0000000, 0x000014eaa0000000, 0x000014eaa2000000|  0%| F|  |TAMS 0x000014eaa0000000, 0x000014eaa0000000| Untracked 
|1201|0x000014eaa2000000, 0x000014eaa2000000, 0x000014eaa4000000|  0%| F|  |TAMS 0x000014eaa2000000, 0x000014eaa2000000| Untracked 
|1202|0x000014eaa4000000, 0x000014eaa4000000, 0x000014eaa6000000|  0%| F|  |TAMS 0x000014eaa4000000, 0x000014eaa4000000| Untracked 
|1203|0x000014eaa6000000, 0x000014eaa6000000, 0x000014eaa8000000|  0%| F|  |TAMS 0x000014eaa6000000, 0x000014eaa6000000| Untracked 
|1204|0x000014eaa8000000, 0x000014eaa8000000, 0x000014eaaa000000|  0%| F|  |TAMS 0x000014eaa8000000, 0x000014eaa8000000| Untracked 
|1205|0x000014eaaa000000, 0x000014eaaa000000, 0x000014eaac000000|  0%| F|  |TAMS 0x000014eaaa000000, 0x000014eaaa000000| Untracked 
|1206|0x000014eaac000000, 0x000014eaac000000, 0x000014eaae000000|  0%| F|  |TAMS 0x000014eaac000000, 0x000014eaac000000| Untracked 
|1207|0x000014eaae000000, 0x000014eaae000000, 0x000014eab0000000|  0%| F|  |TAMS 0x000014eaae000000, 0x000014eaae000000| Untracked 
|1208|0x000014eab0000000, 0x000014eab0000000, 0x000014eab2000000|  0%| F|  |TAMS 0x000014eab0000000, 0x000014eab0000000| Untracked 
|1209|0x000014eab2000000, 0x000014eab2000000, 0x000014eab4000000|  0%| F|  |TAMS 0x000014eab2000000, 0x000014eab2000000| Untracked 
|1210|0x000014eab4000000, 0x000014eab4000000, 0x000014eab6000000|  0%| F|  |TAMS 0x000014eab4000000, 0x000014eab4000000| Untracked 
|1211|0x000014eab6000000, 0x000014eab6000000, 0x000014eab8000000|  0%| F|  |TAMS 0x000014eab6000000, 0x000014eab6000000| Untracked 
|1212|0x000014eab8000000, 0x000014eab8000000, 0x000014eaba000000|  0%| F|  |TAMS 0x000014eab8000000, 0x000014eab8000000| Untracked 
|1213|0x000014eaba000000, 0x000014eaba000000, 0x000014eabc000000|  0%| F|  |TAMS 0x000014eaba000000, 0x000014eaba000000| Untracked 
|1214|0x000014eabc000000, 0x000014eabc000000, 0x000014eabe000000|  0%| F|  |TAMS 0x000014eabc000000, 0x000014eabc000000| Untracked 
|1215|0x000014eabe000000, 0x000014eabe000000, 0x000014eac0000000|  0%| F|  |TAMS 0x000014eabe000000, 0x000014eabe000000| Untracked 
|1216|0x000014eac0000000, 0x000014eac0000000, 0x000014eac2000000|  0%| F|  |TAMS 0x000014eac0000000, 0x000014eac0000000| Untracked 
|1217|0x000014eac2000000, 0x000014eac2000000, 0x000014eac4000000|  0%| F|  |TAMS 0x000014eac2000000, 0x000014eac2000000| Untracked 
|1218|0x000014eac4000000, 0x000014eac4000000, 0x000014eac6000000|  0%| F|  |TAMS 0x000014eac4000000, 0x000014eac4000000| Untracked 
|1219|0x000014eac6000000, 0x000014eac6000000, 0x000014eac8000000|  0%| F|  |TAMS 0x000014eac6000000, 0x000014eac6000000| Untracked 
|1220|0x000014eac8000000, 0x000014eac8000000, 0x000014eaca000000|  0%| F|  |TAMS 0x000014eac8000000, 0x000014eac8000000| Untracked 
|1221|0x000014eaca000000, 0x000014eaca000000, 0x000014eacc000000|  0%| F|  |TAMS 0x000014eaca000000, 0x000014eaca000000| Untracked 
|1222|0x000014eacc000000, 0x000014eacc000000, 0x000014eace000000|  0%| F|  |TAMS 0x000014eacc000000, 0x000014eacc000000| Untracked 
|1223|0x000014eace000000, 0x000014eace000000, 0x000014ead0000000|  0%| F|  |TAMS 0x000014eace000000, 0x000014eace000000| Untracked 
|1224|0x000014ead0000000, 0x000014ead0000000, 0x000014ead2000000|  0%| F|  |TAMS 0x000014ead0000000, 0x000014ead0000000| Untracked 
|1225|0x000014ead2000000, 0x000014ead2000000, 0x000014ead4000000|  0%| F|  |TAMS 0x000014ead2000000, 0x000014ead2000000| Untracked 
|1226|0x000014ead4000000, 0x000014ead4000000, 0x000014ead6000000|  0%| F|  |TAMS 0x000014ead4000000, 0x000014ead4000000| Untracked 
|1227|0x000014ead6000000, 0x000014ead6000000, 0x000014ead8000000|  0%| F|  |TAMS 0x000014ead6000000, 0x000014ead6000000| Untracked 
|1228|0x000014ead8000000, 0x000014ead8000000, 0x000014eada000000|  0%| F|  |TAMS 0x000014ead8000000, 0x000014ead8000000| Untracked 
|1229|0x000014eada000000, 0x000014eada000000, 0x000014eadc000000|  0%| F|  |TAMS 0x000014eada000000, 0x000014eada000000| Untracked 
|1230|0x000014eadc000000, 0x000014eadc000000, 0x000014eade000000|  0%| F|  |TAMS 0x000014eadc000000, 0x000014eadc000000| Untracked 
|1231|0x000014eade000000, 0x000014eade000000, 0x000014eae0000000|  0%| F|  |TAMS 0x000014eade000000, 0x000014eade000000| Untracked 
|1232|0x000014eae0000000, 0x000014eae0000000, 0x000014eae2000000|  0%| F|  |TAMS 0x000014eae0000000, 0x000014eae0000000| Untracked 
|1233|0x000014eae2000000, 0x000014eae2000000, 0x000014eae4000000|  0%| F|  |TAMS 0x000014eae2000000, 0x000014eae2000000| Untracked 
|1234|0x000014eae4000000, 0x000014eae4000000, 0x000014eae6000000|  0%| F|  |TAMS 0x000014eae4000000, 0x000014eae4000000| Untracked 
|1235|0x000014eae6000000, 0x000014eae6000000, 0x000014eae8000000|  0%| F|  |TAMS 0x000014eae6000000, 0x000014eae6000000| Untracked 
|1236|0x000014eae8000000, 0x000014eae8000000, 0x000014eaea000000|  0%| F|  |TAMS 0x000014eae8000000, 0x000014eae8000000| Untracked 
|1237|0x000014eaea000000, 0x000014eaea000000, 0x000014eaec000000|  0%| F|  |TAMS 0x000014eaea000000, 0x000014eaea000000| Untracked 
|1238|0x000014eaec000000, 0x000014eaec000000, 0x000014eaee000000|  0%| F|  |TAMS 0x000014eaec000000, 0x000014eaec000000| Untracked 
|1239|0x000014eaee000000, 0x000014eaee000000, 0x000014eaf0000000|  0%| F|  |TAMS 0x000014eaee000000, 0x000014eaee000000| Untracked 
|1240|0x000014eaf0000000, 0x000014eaf0000000, 0x000014eaf2000000|  0%| F|  |TAMS 0x000014eaf0000000, 0x000014eaf0000000| Untracked 
|1241|0x000014eaf2000000, 0x000014eaf2000000, 0x000014eaf4000000|  0%| F|  |TAMS 0x000014eaf2000000, 0x000014eaf2000000| Untracked 
|1242|0x000014eaf4000000, 0x000014eaf4000000, 0x000014eaf6000000|  0%| F|  |TAMS 0x000014eaf4000000, 0x000014eaf4000000| Untracked 
|1243|0x000014eaf6000000, 0x000014eaf6000000, 0x000014eaf8000000|  0%| F|  |TAMS 0x000014eaf6000000, 0x000014eaf6000000| Untracked 
|1244|0x000014eaf8000000, 0x000014eaf8000000, 0x000014eafa000000|  0%| F|  |TAMS 0x000014eaf8000000, 0x000014eaf8000000| Untracked 
|1245|0x000014eafa000000, 0x000014eafa000000, 0x000014eafc000000|  0%| F|  |TAMS 0x000014eafa000000, 0x000014eafa000000| Untracked 
|1246|0x000014eafc000000, 0x000014eafc000000, 0x000014eafe000000|  0%| F|  |TAMS 0x000014eafc000000, 0x000014eafc000000| Untracked 
|1247|0x000014eafe000000, 0x000014eafe000000, 0x000014eb00000000|  0%| F|  |TAMS 0x000014eafe000000, 0x000014eafe000000| Untracked 
|1248|0x000014eb00000000, 0x000014eb00000000, 0x000014eb02000000|  0%| F|  |TAMS 0x000014eb00000000, 0x000014eb00000000| Untracked 
|1249|0x000014eb02000000, 0x000014eb02000000, 0x000014eb04000000|  0%| F|  |TAMS 0x000014eb02000000, 0x000014eb02000000| Untracked 
|1250|0x000014eb04000000, 0x000014eb04000000, 0x000014eb06000000|  0%| F|  |TAMS 0x000014eb04000000, 0x000014eb04000000| Untracked 
|1251|0x000014eb06000000, 0x000014eb06000000, 0x000014eb08000000|  0%| F|  |TAMS 0x000014eb06000000, 0x000014eb06000000| Untracked 
|1252|0x000014eb08000000, 0x000014eb08000000, 0x000014eb0a000000|  0%| F|  |TAMS 0x000014eb08000000, 0x000014eb08000000| Untracked 
|1253|0x000014eb0a000000, 0x000014eb0a000000, 0x000014eb0c000000|  0%| F|  |TAMS 0x000014eb0a000000, 0x000014eb0a000000| Untracked 
|1254|0x000014eb0c000000, 0x000014eb0c000000, 0x000014eb0e000000|  0%| F|  |TAMS 0x000014eb0c000000, 0x000014eb0c000000| Untracked 
|1255|0x000014eb0e000000, 0x000014eb0e000000, 0x000014eb10000000|  0%| F|  |TAMS 0x000014eb0e000000, 0x000014eb0e000000| Untracked 
|1256|0x000014eb10000000, 0x000014eb10000000, 0x000014eb12000000|  0%| F|  |TAMS 0x000014eb10000000, 0x000014eb10000000| Untracked 
|1257|0x000014eb12000000, 0x000014eb12000000, 0x000014eb14000000|  0%| F|  |TAMS 0x000014eb12000000, 0x000014eb12000000| Untracked 
|1258|0x000014eb14000000, 0x000014eb14000000, 0x000014eb16000000|  0%| F|  |TAMS 0x000014eb14000000, 0x000014eb14000000| Untracked 
|1259|0x000014eb16000000, 0x000014eb16000000, 0x000014eb18000000|  0%| F|  |TAMS 0x000014eb16000000, 0x000014eb16000000| Untracked 
|1260|0x000014eb18000000, 0x000014eb18000000, 0x000014eb1a000000|  0%| F|  |TAMS 0x000014eb18000000, 0x000014eb18000000| Untracked 
|1261|0x000014eb1a000000, 0x000014eb1a000000, 0x000014eb1c000000|  0%| F|  |TAMS 0x000014eb1a000000, 0x000014eb1a000000| Untracked 
|1262|0x000014eb1c000000, 0x000014eb1c000000, 0x000014eb1e000000|  0%| F|  |TAMS 0x000014eb1c000000, 0x000014eb1c000000| Untracked 
|1263|0x000014eb1e000000, 0x000014eb1e000000, 0x000014eb20000000|  0%| F|  |TAMS 0x000014eb1e000000, 0x000014eb1e000000| Untracked 
|1264|0x000014eb20000000, 0x000014eb20000000, 0x000014eb22000000|  0%| F|  |TAMS 0x000014eb20000000, 0x000014eb20000000| Untracked 
|1265|0x000014eb22000000, 0x000014eb22000000, 0x000014eb24000000|  0%| F|  |TAMS 0x000014eb22000000, 0x000014eb22000000| Untracked 
|1266|0x000014eb24000000, 0x000014eb24000000, 0x000014eb26000000|  0%| F|  |TAMS 0x000014eb24000000, 0x000014eb24000000| Untracked 
|1267|0x000014eb26000000, 0x000014eb26000000, 0x000014eb28000000|  0%| F|  |TAMS 0x000014eb26000000, 0x000014eb26000000| Untracked 
|1268|0x000014eb28000000, 0x000014eb28000000, 0x000014eb2a000000|  0%| F|  |TAMS 0x000014eb28000000, 0x000014eb28000000| Untracked 
|1269|0x000014eb2a000000, 0x000014eb2a000000, 0x000014eb2c000000|  0%| F|  |TAMS 0x000014eb2a000000, 0x000014eb2a000000| Untracked 
|1270|0x000014eb2c000000, 0x000014eb2c000000, 0x000014eb2e000000|  0%| F|  |TAMS 0x000014eb2c000000, 0x000014eb2c000000| Untracked 
|1271|0x000014eb2e000000, 0x000014eb2e000000, 0x000014eb30000000|  0%| F|  |TAMS 0x000014eb2e000000, 0x000014eb2e000000| Untracked 
|1272|0x000014eb30000000, 0x000014eb30000000, 0x000014eb32000000|  0%| F|  |TAMS 0x000014eb30000000, 0x000014eb30000000| Untracked 
|1273|0x000014eb32000000, 0x000014eb32000000, 0x000014eb34000000|  0%| F|  |TAMS 0x000014eb32000000, 0x000014eb32000000| Untracked 
|1274|0x000014eb34000000, 0x000014eb34000000, 0x000014eb36000000|  0%| F|  |TAMS 0x000014eb34000000, 0x000014eb34000000| Untracked 
|1275|0x000014eb36000000, 0x000014eb36000000, 0x000014eb38000000|  0%| F|  |TAMS 0x000014eb36000000, 0x000014eb36000000| Untracked 
|1276|0x000014eb38000000, 0x000014eb38000000, 0x000014eb3a000000|  0%| F|  |TAMS 0x000014eb38000000, 0x000014eb38000000| Untracked 
|1277|0x000014eb3a000000, 0x000014eb3a000000, 0x000014eb3c000000|  0%| F|  |TAMS 0x000014eb3a000000, 0x000014eb3a000000| Untracked 
|1278|0x000014eb3c000000, 0x000014eb3c000000, 0x000014eb3e000000|  0%| F|  |TAMS 0x000014eb3c000000, 0x000014eb3c000000| Untracked 
|1279|0x000014eb3e000000, 0x000014eb3e000000, 0x000014eb40000000|  0%| F|  |TAMS 0x000014eb3e000000, 0x000014eb3e000000| Untracked 
|1280|0x000014eb40000000, 0x000014eb40000000, 0x000014eb42000000|  0%| F|  |TAMS 0x000014eb40000000, 0x000014eb40000000| Untracked 
|1281|0x000014eb42000000, 0x000014eb42000000, 0x000014eb44000000|  0%| F|  |TAMS 0x000014eb42000000, 0x000014eb42000000| Untracked 
|1282|0x000014eb44000000, 0x000014eb44000000, 0x000014eb46000000|  0%| F|  |TAMS 0x000014eb44000000, 0x000014eb44000000| Untracked 
|1283|0x000014eb46000000, 0x000014eb46000000, 0x000014eb48000000|  0%| F|  |TAMS 0x000014eb46000000, 0x000014eb46000000| Untracked 
|1284|0x000014eb48000000, 0x000014eb48000000, 0x000014eb4a000000|  0%| F|  |TAMS 0x000014eb48000000, 0x000014eb48000000| Untracked 
|1285|0x000014eb4a000000, 0x000014eb4a000000, 0x000014eb4c000000|  0%| F|  |TAMS 0x000014eb4a000000, 0x000014eb4a000000| Untracked 
|1286|0x000014eb4c000000, 0x000014eb4c000000, 0x000014eb4e000000|  0%| F|  |TAMS 0x000014eb4c000000, 0x000014eb4c000000| Untracked 
|1287|0x000014eb4e000000, 0x000014eb4e000000, 0x000014eb50000000|  0%| F|  |TAMS 0x000014eb4e000000, 0x000014eb4e000000| Untracked 
|1288|0x000014eb50000000, 0x000014eb50000000, 0x000014eb52000000|  0%| F|  |TAMS 0x000014eb50000000, 0x000014eb50000000| Untracked 
|1289|0x000014eb52000000, 0x000014eb52000000, 0x000014eb54000000|  0%| F|  |TAMS 0x000014eb52000000, 0x000014eb52000000| Untracked 
|1290|0x000014eb54000000, 0x000014eb54000000, 0x000014eb56000000|  0%| F|  |TAMS 0x000014eb54000000, 0x000014eb54000000| Untracked 
|1291|0x000014eb56000000, 0x000014eb56000000, 0x000014eb58000000|  0%| F|  |TAMS 0x000014eb56000000, 0x000014eb56000000| Untracked 
|1292|0x000014eb58000000, 0x000014eb58000000, 0x000014eb5a000000|  0%| F|  |TAMS 0x000014eb58000000, 0x000014eb58000000| Untracked 
|1293|0x000014eb5a000000, 0x000014eb5a000000, 0x000014eb5c000000|  0%| F|  |TAMS 0x000014eb5a000000, 0x000014eb5a000000| Untracked 
|1294|0x000014eb5c000000, 0x000014eb5c000000, 0x000014eb5e000000|  0%| F|  |TAMS 0x000014eb5c000000, 0x000014eb5c000000| Untracked 
|1295|0x000014eb5e000000, 0x000014eb5e000000, 0x000014eb60000000|  0%| F|  |TAMS 0x000014eb5e000000, 0x000014eb5e000000| Untracked 
|1296|0x000014eb60000000, 0x000014eb60000000, 0x000014eb62000000|  0%| F|  |TAMS 0x000014eb60000000, 0x000014eb60000000| Untracked 
|1297|0x000014eb62000000, 0x000014eb62000000, 0x000014eb64000000|  0%| F|  |TAMS 0x000014eb62000000, 0x000014eb62000000| Untracked 
|1298|0x000014eb64000000, 0x000014eb64000000, 0x000014eb66000000|  0%| F|  |TAMS 0x000014eb64000000, 0x000014eb64000000| Untracked 
|1299|0x000014eb66000000, 0x000014eb66000000, 0x000014eb68000000|  0%| F|  |TAMS 0x000014eb66000000, 0x000014eb66000000| Untracked 
|1300|0x000014eb68000000, 0x000014eb68000000, 0x000014eb6a000000|  0%| F|  |TAMS 0x000014eb68000000, 0x000014eb68000000| Untracked 
|1301|0x000014eb6a000000, 0x000014eb6a000000, 0x000014eb6c000000|  0%| F|  |TAMS 0x000014eb6a000000, 0x000014eb6a000000| Untracked 
|1302|0x000014eb6c000000, 0x000014eb6c000000, 0x000014eb6e000000|  0%| F|  |TAMS 0x000014eb6c000000, 0x000014eb6c000000| Untracked 
|1303|0x000014eb6e000000, 0x000014eb6e000000, 0x000014eb70000000|  0%| F|  |TAMS 0x000014eb6e000000, 0x000014eb6e000000| Untracked 
|1304|0x000014eb70000000, 0x000014eb70000000, 0x000014eb72000000|  0%| F|  |TAMS 0x000014eb70000000, 0x000014eb70000000| Untracked 
|1305|0x000014eb72000000, 0x000014eb72000000, 0x000014eb74000000|  0%| F|  |TAMS 0x000014eb72000000, 0x000014eb72000000| Untracked 
|1306|0x000014eb74000000, 0x000014eb74000000, 0x000014eb76000000|  0%| F|  |TAMS 0x000014eb74000000, 0x000014eb74000000| Untracked 
|1307|0x000014eb76000000, 0x000014eb76000000, 0x000014eb78000000|  0%| F|  |TAMS 0x000014eb76000000, 0x000014eb76000000| Untracked 
|1308|0x000014eb78000000, 0x000014eb78000000, 0x000014eb7a000000|  0%| F|  |TAMS 0x000014eb78000000, 0x000014eb78000000| Untracked 
|1309|0x000014eb7a000000, 0x000014eb7a000000, 0x000014eb7c000000|  0%| F|  |TAMS 0x000014eb7a000000, 0x000014eb7a000000| Untracked 
|1310|0x000014eb7c000000, 0x000014eb7c000000, 0x000014eb7e000000|  0%| F|  |TAMS 0x000014eb7c000000, 0x000014eb7c000000| Untracked 
|1311|0x000014eb7e000000, 0x000014eb7e000000, 0x000014eb80000000|  0%| F|  |TAMS 0x000014eb7e000000, 0x000014eb7e000000| Untracked 
|1312|0x000014eb80000000, 0x000014eb80000000, 0x000014eb82000000|  0%| F|  |TAMS 0x000014eb80000000, 0x000014eb80000000| Untracked 
|1313|0x000014eb82000000, 0x000014eb82000000, 0x000014eb84000000|  0%| F|  |TAMS 0x000014eb82000000, 0x000014eb82000000| Untracked 
|1314|0x000014eb84000000, 0x000014eb84000000, 0x000014eb86000000|  0%| F|  |TAMS 0x000014eb84000000, 0x000014eb84000000| Untracked 
|1315|0x000014eb86000000, 0x000014eb86000000, 0x000014eb88000000|  0%| F|  |TAMS 0x000014eb86000000, 0x000014eb86000000| Untracked 
|1316|0x000014eb88000000, 0x000014eb88000000, 0x000014eb8a000000|  0%| F|  |TAMS 0x000014eb88000000, 0x000014eb88000000| Untracked 
|1317|0x000014eb8a000000, 0x000014eb8a000000, 0x000014eb8c000000|  0%| F|  |TAMS 0x000014eb8a000000, 0x000014eb8a000000| Untracked 
|1318|0x000014eb8c000000, 0x000014eb8c000000, 0x000014eb8e000000|  0%| F|  |TAMS 0x000014eb8c000000, 0x000014eb8c000000| Untracked 
|1319|0x000014eb8e000000, 0x000014eb8e000000, 0x000014eb90000000|  0%| F|  |TAMS 0x000014eb8e000000, 0x000014eb8e000000| Untracked 
|1320|0x000014eb90000000, 0x000014eb90000000, 0x000014eb92000000|  0%| F|  |TAMS 0x000014eb90000000, 0x000014eb90000000| Untracked 
|1321|0x000014eb92000000, 0x000014eb92000000, 0x000014eb94000000|  0%| F|  |TAMS 0x000014eb92000000, 0x000014eb92000000| Untracked 
|1322|0x000014eb94000000, 0x000014eb94000000, 0x000014eb96000000|  0%| F|  |TAMS 0x000014eb94000000, 0x000014eb94000000| Untracked 
|1323|0x000014eb96000000, 0x000014eb96000000, 0x000014eb98000000|  0%| F|  |TAMS 0x000014eb96000000, 0x000014eb96000000| Untracked 
|1324|0x000014eb98000000, 0x000014eb98000000, 0x000014eb9a000000|  0%| F|  |TAMS 0x000014eb98000000, 0x000014eb98000000| Untracked 
|1325|0x000014eb9a000000, 0x000014eb9a000000, 0x000014eb9c000000|  0%| F|  |TAMS 0x000014eb9a000000, 0x000014eb9a000000| Untracked 
|1326|0x000014eb9c000000, 0x000014eb9c000000, 0x000014eb9e000000|  0%| F|  |TAMS 0x000014eb9c000000, 0x000014eb9c000000| Untracked 
|1327|0x000014eb9e000000, 0x000014eb9e000000, 0x000014eba0000000|  0%| F|  |TAMS 0x000014eb9e000000, 0x000014eb9e000000| Untracked 
|1328|0x000014eba0000000, 0x000014eba0000000, 0x000014eba2000000|  0%| F|  |TAMS 0x000014eba0000000, 0x000014eba0000000| Untracked 
|1329|0x000014eba2000000, 0x000014eba2000000, 0x000014eba4000000|  0%| F|  |TAMS 0x000014eba2000000, 0x000014eba2000000| Untracked 
|1330|0x000014eba4000000, 0x000014eba4000000, 0x000014eba6000000|  0%| F|  |TAMS 0x000014eba4000000, 0x000014eba4000000| Untracked 
|1331|0x000014eba6000000, 0x000014eba6000000, 0x000014eba8000000|  0%| F|  |TAMS 0x000014eba6000000, 0x000014eba6000000| Untracked 
|1332|0x000014eba8000000, 0x000014eba8000000, 0x000014ebaa000000|  0%| F|  |TAMS 0x000014eba8000000, 0x000014eba8000000| Untracked 
|1333|0x000014ebaa000000, 0x000014ebaa000000, 0x000014ebac000000|  0%| F|  |TAMS 0x000014ebaa000000, 0x000014ebaa000000| Untracked 
|1334|0x000014ebac000000, 0x000014ebac000000, 0x000014ebae000000|  0%| F|  |TAMS 0x000014ebac000000, 0x000014ebac000000| Untracked 
|1335|0x000014ebae000000, 0x000014ebae000000, 0x000014ebb0000000|  0%| F|  |TAMS 0x000014ebae000000, 0x000014ebae000000| Untracked 
|1336|0x000014ebb0000000, 0x000014ebb0000000, 0x000014ebb2000000|  0%| F|  |TAMS 0x000014ebb0000000, 0x000014ebb0000000| Untracked 
|1337|0x000014ebb2000000, 0x000014ebb2000000, 0x000014ebb4000000|  0%| F|  |TAMS 0x000014ebb2000000, 0x000014ebb2000000| Untracked 
|1338|0x000014ebb4000000, 0x000014ebb4000000, 0x000014ebb6000000|  0%| F|  |TAMS 0x000014ebb4000000, 0x000014ebb4000000| Untracked 
|1339|0x000014ebb6000000, 0x000014ebb6000000, 0x000014ebb8000000|  0%| F|  |TAMS 0x000014ebb6000000, 0x000014ebb6000000| Untracked 
|1340|0x000014ebb8000000, 0x000014ebb8000000, 0x000014ebba000000|  0%| F|  |TAMS 0x000014ebb8000000, 0x000014ebb8000000| Untracked 
|1341|0x000014ebba000000, 0x000014ebba000000, 0x000014ebbc000000|  0%| F|  |TAMS 0x000014ebba000000, 0x000014ebba000000| Untracked 
|1342|0x000014ebbc000000, 0x000014ebbc000000, 0x000014ebbe000000|  0%| F|  |TAMS 0x000014ebbc000000, 0x000014ebbc000000| Untracked 
|1343|0x000014ebbe000000, 0x000014ebbe000000, 0x000014ebc0000000|  0%| F|  |TAMS 0x000014ebbe000000, 0x000014ebbe000000| Untracked 
|1344|0x000014ebc0000000, 0x000014ebc0000000, 0x000014ebc2000000|  0%| F|  |TAMS 0x000014ebc0000000, 0x000014ebc0000000| Untracked 
|1345|0x000014ebc2000000, 0x000014ebc2000000, 0x000014ebc4000000|  0%| F|  |TAMS 0x000014ebc2000000, 0x000014ebc2000000| Untracked 
|1346|0x000014ebc4000000, 0x000014ebc4000000, 0x000014ebc6000000|  0%| F|  |TAMS 0x000014ebc4000000, 0x000014ebc4000000| Untracked 
|1347|0x000014ebc6000000, 0x000014ebc6000000, 0x000014ebc8000000|  0%| F|  |TAMS 0x000014ebc6000000, 0x000014ebc6000000| Untracked 
|1348|0x000014ebc8000000, 0x000014ebc8000000, 0x000014ebca000000|  0%| F|  |TAMS 0x000014ebc8000000, 0x000014ebc8000000| Untracked 
|1349|0x000014ebca000000, 0x000014ebca000000, 0x000014ebcc000000|  0%| F|  |TAMS 0x000014ebca000000, 0x000014ebca000000| Untracked 
|1350|0x000014ebcc000000, 0x000014ebcc000000, 0x000014ebce000000|  0%| F|  |TAMS 0x000014ebcc000000, 0x000014ebcc000000| Untracked 
|1351|0x000014ebce000000, 0x000014ebce000000, 0x000014ebd0000000|  0%| F|  |TAMS 0x000014ebce000000, 0x000014ebce000000| Untracked 
|1352|0x000014ebd0000000, 0x000014ebd0000000, 0x000014ebd2000000|  0%| F|  |TAMS 0x000014ebd0000000, 0x000014ebd0000000| Untracked 
|1353|0x000014ebd2000000, 0x000014ebd2000000, 0x000014ebd4000000|  0%| F|  |TAMS 0x000014ebd2000000, 0x000014ebd2000000| Untracked 
|1354|0x000014ebd4000000, 0x000014ebd4000000, 0x000014ebd6000000|  0%| F|  |TAMS 0x000014ebd4000000, 0x000014ebd4000000| Untracked 
|1355|0x000014ebd6000000, 0x000014ebd6000000, 0x000014ebd8000000|  0%| F|  |TAMS 0x000014ebd6000000, 0x000014ebd6000000| Untracked 
|1356|0x000014ebd8000000, 0x000014ebd8000000, 0x000014ebda000000|  0%| F|  |TAMS 0x000014ebd8000000, 0x000014ebd8000000| Untracked 
|1357|0x000014ebda000000, 0x000014ebda000000, 0x000014ebdc000000|  0%| F|  |TAMS 0x000014ebda000000, 0x000014ebda000000| Untracked 
|1358|0x000014ebdc000000, 0x000014ebdc000000, 0x000014ebde000000|  0%| F|  |TAMS 0x000014ebdc000000, 0x000014ebdc000000| Untracked 
|1359|0x000014ebde000000, 0x000014ebde000000, 0x000014ebe0000000|  0%| F|  |TAMS 0x000014ebde000000, 0x000014ebde000000| Untracked 
|1360|0x000014ebe0000000, 0x000014ebe0000000, 0x000014ebe2000000|  0%| F|  |TAMS 0x000014ebe0000000, 0x000014ebe0000000| Untracked 
|1361|0x000014ebe2000000, 0x000014ebe2000000, 0x000014ebe4000000|  0%| F|  |TAMS 0x000014ebe2000000, 0x000014ebe2000000| Untracked 
|1362|0x000014ebe4000000, 0x000014ebe4000000, 0x000014ebe6000000|  0%| F|  |TAMS 0x000014ebe4000000, 0x000014ebe4000000| Untracked 
|1363|0x000014ebe6000000, 0x000014ebe6000000, 0x000014ebe8000000|  0%| F|  |TAMS 0x000014ebe6000000, 0x000014ebe6000000| Untracked 
|1364|0x000014ebe8000000, 0x000014ebe8000000, 0x000014ebea000000|  0%| F|  |TAMS 0x000014ebe8000000, 0x000014ebe8000000| Untracked 
|1365|0x000014ebea000000, 0x000014ebea000000, 0x000014ebec000000|  0%| F|  |TAMS 0x000014ebea000000, 0x000014ebea000000| Untracked 
|1366|0x000014ebec000000, 0x000014ebec000000, 0x000014ebee000000|  0%| F|  |TAMS 0x000014ebec000000, 0x000014ebec000000| Untracked 
|1367|0x000014ebee000000, 0x000014ebee000000, 0x000014ebf0000000|  0%| F|  |TAMS 0x000014ebee000000, 0x000014ebee000000| Untracked 
|1368|0x000014ebf0000000, 0x000014ebf0000000, 0x000014ebf2000000|  0%| F|  |TAMS 0x000014ebf0000000, 0x000014ebf0000000| Untracked 
|1369|0x000014ebf2000000, 0x000014ebf2000000, 0x000014ebf4000000|  0%| F|  |TAMS 0x000014ebf2000000, 0x000014ebf2000000| Untracked 
|1370|0x000014ebf4000000, 0x000014ebf4000000, 0x000014ebf6000000|  0%| F|  |TAMS 0x000014ebf4000000, 0x000014ebf4000000| Untracked 
|1371|0x000014ebf6000000, 0x000014ebf6000000, 0x000014ebf8000000|  0%| F|  |TAMS 0x000014ebf6000000, 0x000014ebf6000000| Untracked 
|1372|0x000014ebf8000000, 0x000014ebf8000000, 0x000014ebfa000000|  0%| F|  |TAMS 0x000014ebf8000000, 0x000014ebf8000000| Untracked 
|1373|0x000014ebfa000000, 0x000014ebfa000000, 0x000014ebfc000000|  0%| F|  |TAMS 0x000014ebfa000000, 0x000014ebfa000000| Untracked 
|1374|0x000014ebfc000000, 0x000014ebfc000000, 0x000014ebfe000000|  0%| F|  |TAMS 0x000014ebfc000000, 0x000014ebfc000000| Untracked 
|1375|0x000014ebfe000000, 0x000014ebfe000000, 0x000014ec00000000|  0%| F|  |TAMS 0x000014ebfe000000, 0x000014ebfe000000| Untracked 
|1376|0x000014ec00000000, 0x000014ec00000000, 0x000014ec02000000|  0%| F|  |TAMS 0x000014ec00000000, 0x000014ec00000000| Untracked 
|1377|0x000014ec02000000, 0x000014ec02000000, 0x000014ec04000000|  0%| F|  |TAMS 0x000014ec02000000, 0x000014ec02000000| Untracked 
|1378|0x000014ec04000000, 0x000014ec04000000, 0x000014ec06000000|  0%| F|  |TAMS 0x000014ec04000000, 0x000014ec04000000| Untracked 
|1379|0x000014ec06000000, 0x000014ec06000000, 0x000014ec08000000|  0%| F|  |TAMS 0x000014ec06000000, 0x000014ec06000000| Untracked 
|1380|0x000014ec08000000, 0x000014ec08000000, 0x000014ec0a000000|  0%| F|  |TAMS 0x000014ec08000000, 0x000014ec08000000| Untracked 
|1381|0x000014ec0a000000, 0x000014ec0a000000, 0x000014ec0c000000|  0%| F|  |TAMS 0x000014ec0a000000, 0x000014ec0a000000| Untracked 
|1382|0x000014ec0c000000, 0x000014ec0c000000, 0x000014ec0e000000|  0%| F|  |TAMS 0x000014ec0c000000, 0x000014ec0c000000| Untracked 
|1383|0x000014ec0e000000, 0x000014ec0e000000, 0x000014ec10000000|  0%| F|  |TAMS 0x000014ec0e000000, 0x000014ec0e000000| Untracked 
|1384|0x000014ec10000000, 0x000014ec10000000, 0x000014ec12000000|  0%| F|  |TAMS 0x000014ec10000000, 0x000014ec10000000| Untracked 
|1385|0x000014ec12000000, 0x000014ec12000000, 0x000014ec14000000|  0%| F|  |TAMS 0x000014ec12000000, 0x000014ec12000000| Untracked 
|1386|0x000014ec14000000, 0x000014ec14000000, 0x000014ec16000000|  0%| F|  |TAMS 0x000014ec14000000, 0x000014ec14000000| Untracked 
|1387|0x000014ec16000000, 0x000014ec16000000, 0x000014ec18000000|  0%| F|  |TAMS 0x000014ec16000000, 0x000014ec16000000| Untracked 
|1388|0x000014ec18000000, 0x000014ec18000000, 0x000014ec1a000000|  0%| F|  |TAMS 0x000014ec18000000, 0x000014ec18000000| Untracked 
|1389|0x000014ec1a000000, 0x000014ec1a000000, 0x000014ec1c000000|  0%| F|  |TAMS 0x000014ec1a000000, 0x000014ec1a000000| Untracked 
|1390|0x000014ec1c000000, 0x000014ec1c000000, 0x000014ec1e000000|  0%| F|  |TAMS 0x000014ec1c000000, 0x000014ec1c000000| Untracked 
|1391|0x000014ec1e000000, 0x000014ec1e000000, 0x000014ec20000000|  0%| F|  |TAMS 0x000014ec1e000000, 0x000014ec1e000000| Untracked 
|1392|0x000014ec20000000, 0x000014ec20000000, 0x000014ec22000000|  0%| F|  |TAMS 0x000014ec20000000, 0x000014ec20000000| Untracked 
|1393|0x000014ec22000000, 0x000014ec22000000, 0x000014ec24000000|  0%| F|  |TAMS 0x000014ec22000000, 0x000014ec22000000| Untracked 
|1394|0x000014ec24000000, 0x000014ec24000000, 0x000014ec26000000|  0%| F|  |TAMS 0x000014ec24000000, 0x000014ec24000000| Untracked 
|1395|0x000014ec26000000, 0x000014ec26000000, 0x000014ec28000000|  0%| F|  |TAMS 0x000014ec26000000, 0x000014ec26000000| Untracked 
|1396|0x000014ec28000000, 0x000014ec28000000, 0x000014ec2a000000|  0%| F|  |TAMS 0x000014ec28000000, 0x000014ec28000000| Untracked 
|1397|0x000014ec2a000000, 0x000014ec2a000000, 0x000014ec2c000000|  0%| F|  |TAMS 0x000014ec2a000000, 0x000014ec2a000000| Untracked 
|1398|0x000014ec2c000000, 0x000014ec2c000000, 0x000014ec2e000000|  0%| F|  |TAMS 0x000014ec2c000000, 0x000014ec2c000000| Untracked 
|1399|0x000014ec2e000000, 0x000014ec2e000000, 0x000014ec30000000|  0%| F|  |TAMS 0x000014ec2e000000, 0x000014ec2e000000| Untracked 
|1400|0x000014ec30000000, 0x000014ec30000000, 0x000014ec32000000|  0%| F|  |TAMS 0x000014ec30000000, 0x000014ec30000000| Untracked 
|1401|0x000014ec32000000, 0x000014ec32000000, 0x000014ec34000000|  0%| F|  |TAMS 0x000014ec32000000, 0x000014ec32000000| Untracked 
|1402|0x000014ec34000000, 0x000014ec34000000, 0x000014ec36000000|  0%| F|  |TAMS 0x000014ec34000000, 0x000014ec34000000| Untracked 
|1403|0x000014ec36000000, 0x000014ec36000000, 0x000014ec38000000|  0%| F|  |TAMS 0x000014ec36000000, 0x000014ec36000000| Untracked 
|1404|0x000014ec38000000, 0x000014ec38000000, 0x000014ec3a000000|  0%| F|  |TAMS 0x000014ec38000000, 0x000014ec38000000| Untracked 
|1405|0x000014ec3a000000, 0x000014ec3a000000, 0x000014ec3c000000|  0%| F|  |TAMS 0x000014ec3a000000, 0x000014ec3a000000| Untracked 
|1406|0x000014ec3c000000, 0x000014ec3c000000, 0x000014ec3e000000|  0%| F|  |TAMS 0x000014ec3c000000, 0x000014ec3c000000| Untracked 
|1407|0x000014ec3e000000, 0x000014ec3e000000, 0x000014ec40000000|  0%| F|  |TAMS 0x000014ec3e000000, 0x000014ec3e000000| Untracked 
|1408|0x000014ec40000000, 0x000014ec40000000, 0x000014ec42000000|  0%| F|  |TAMS 0x000014ec40000000, 0x000014ec40000000| Untracked 
|1409|0x000014ec42000000, 0x000014ec42000000, 0x000014ec44000000|  0%| F|  |TAMS 0x000014ec42000000, 0x000014ec42000000| Untracked 
|1410|0x000014ec44000000, 0x000014ec44000000, 0x000014ec46000000|  0%| F|  |TAMS 0x000014ec44000000, 0x000014ec44000000| Untracked 
|1411|0x000014ec46000000, 0x000014ec46000000, 0x000014ec48000000|  0%| F|  |TAMS 0x000014ec46000000, 0x000014ec46000000| Untracked 
|1412|0x000014ec48000000, 0x000014ec48000000, 0x000014ec4a000000|  0%| F|  |TAMS 0x000014ec48000000, 0x000014ec48000000| Untracked 
|1413|0x000014ec4a000000, 0x000014ec4a000000, 0x000014ec4c000000|  0%| F|  |TAMS 0x000014ec4a000000, 0x000014ec4a000000| Untracked 
|1414|0x000014ec4c000000, 0x000014ec4c000000, 0x000014ec4e000000|  0%| F|  |TAMS 0x000014ec4c000000, 0x000014ec4c000000| Untracked 
|1415|0x000014ec4e000000, 0x000014ec4e000000, 0x000014ec50000000|  0%| F|  |TAMS 0x000014ec4e000000, 0x000014ec4e000000| Untracked 
|1416|0x000014ec50000000, 0x000014ec50000000, 0x000014ec52000000|  0%| F|  |TAMS 0x000014ec50000000, 0x000014ec50000000| Untracked 
|1417|0x000014ec52000000, 0x000014ec52000000, 0x000014ec54000000|  0%| F|  |TAMS 0x000014ec52000000, 0x000014ec52000000| Untracked 
|1418|0x000014ec54000000, 0x000014ec54000000, 0x000014ec56000000|  0%| F|  |TAMS 0x000014ec54000000, 0x000014ec54000000| Untracked 
|1419|0x000014ec56000000, 0x000014ec56000000, 0x000014ec58000000|  0%| F|  |TAMS 0x000014ec56000000, 0x000014ec56000000| Untracked 
|1420|0x000014ec58000000, 0x000014ec58000000, 0x000014ec5a000000|  0%| F|  |TAMS 0x000014ec58000000, 0x000014ec58000000| Untracked 
|1421|0x000014ec5a000000, 0x000014ec5a000000, 0x000014ec5c000000|  0%| F|  |TAMS 0x000014ec5a000000, 0x000014ec5a000000| Untracked 
|1422|0x000014ec5c000000, 0x000014ec5c000000, 0x000014ec5e000000|  0%| F|  |TAMS 0x000014ec5c000000, 0x000014ec5c000000| Untracked 
|1423|0x000014ec5e000000, 0x000014ec5e000000, 0x000014ec60000000|  0%| F|  |TAMS 0x000014ec5e000000, 0x000014ec5e000000| Untracked 
|1424|0x000014ec60000000, 0x000014ec60000000, 0x000014ec62000000|  0%| F|  |TAMS 0x000014ec60000000, 0x000014ec60000000| Untracked 
|1425|0x000014ec62000000, 0x000014ec62000000, 0x000014ec64000000|  0%| F|  |TAMS 0x000014ec62000000, 0x000014ec62000000| Untracked 
|1426|0x000014ec64000000, 0x000014ec64000000, 0x000014ec66000000|  0%| F|  |TAMS 0x000014ec64000000, 0x000014ec64000000| Untracked 
|1427|0x000014ec66000000, 0x000014ec66000000, 0x000014ec68000000|  0%| F|  |TAMS 0x000014ec66000000, 0x000014ec66000000| Untracked 
|1428|0x000014ec68000000, 0x000014ec68000000, 0x000014ec6a000000|  0%| F|  |TAMS 0x000014ec68000000, 0x000014ec68000000| Untracked 
|1429|0x000014ec6a000000, 0x000014ec6a000000, 0x000014ec6c000000|  0%| F|  |TAMS 0x000014ec6a000000, 0x000014ec6a000000| Untracked 
|1430|0x000014ec6c000000, 0x000014ec6c000000, 0x000014ec6e000000|  0%| F|  |TAMS 0x000014ec6c000000, 0x000014ec6c000000| Untracked 
|1431|0x000014ec6e000000, 0x000014ec6e000000, 0x000014ec70000000|  0%| F|  |TAMS 0x000014ec6e000000, 0x000014ec6e000000| Untracked 
|1432|0x000014ec70000000, 0x000014ec70000000, 0x000014ec72000000|  0%| F|  |TAMS 0x000014ec70000000, 0x000014ec70000000| Untracked 
|1433|0x000014ec72000000, 0x000014ec72000000, 0x000014ec74000000|  0%| F|  |TAMS 0x000014ec72000000, 0x000014ec72000000| Untracked 
|1434|0x000014ec74000000, 0x000014ec74000000, 0x000014ec76000000|  0%| F|  |TAMS 0x000014ec74000000, 0x000014ec74000000| Untracked 
|1435|0x000014ec76000000, 0x000014ec76000000, 0x000014ec78000000|  0%| F|  |TAMS 0x000014ec76000000, 0x000014ec76000000| Untracked 
|1436|0x000014ec78000000, 0x000014ec78000000, 0x000014ec7a000000|  0%| F|  |TAMS 0x000014ec78000000, 0x000014ec78000000| Untracked 
|1437|0x000014ec7a000000, 0x000014ec7a000000, 0x000014ec7c000000|  0%| F|  |TAMS 0x000014ec7a000000, 0x000014ec7a000000| Untracked 
|1438|0x000014ec7c000000, 0x000014ec7c000000, 0x000014ec7e000000|  0%| F|  |TAMS 0x000014ec7c000000, 0x000014ec7c000000| Untracked 
|1439|0x000014ec7e000000, 0x000014ec7e000000, 0x000014ec80000000|  0%| F|  |TAMS 0x000014ec7e000000, 0x000014ec7e000000| Untracked 
|1440|0x000014ec80000000, 0x000014ec80000000, 0x000014ec82000000|  0%| F|  |TAMS 0x000014ec80000000, 0x000014ec80000000| Untracked 
|1441|0x000014ec82000000, 0x000014ec82000000, 0x000014ec84000000|  0%| F|  |TAMS 0x000014ec82000000, 0x000014ec82000000| Untracked 
|1442|0x000014ec84000000, 0x000014ec84000000, 0x000014ec86000000|  0%| F|  |TAMS 0x000014ec84000000, 0x000014ec84000000| Untracked 
|1443|0x000014ec86000000, 0x000014ec86000000, 0x000014ec88000000|  0%| F|  |TAMS 0x000014ec86000000, 0x000014ec86000000| Untracked 
|1444|0x000014ec88000000, 0x000014ec88000000, 0x000014ec8a000000|  0%| F|  |TAMS 0x000014ec88000000, 0x000014ec88000000| Untracked 
|1445|0x000014ec8a000000, 0x000014ec8a000000, 0x000014ec8c000000|  0%| F|  |TAMS 0x000014ec8a000000, 0x000014ec8a000000| Untracked 
|1446|0x000014ec8c000000, 0x000014ec8c000000, 0x000014ec8e000000|  0%| F|  |TAMS 0x000014ec8c000000, 0x000014ec8c000000| Untracked 
|1447|0x000014ec8e000000, 0x000014ec8e000000, 0x000014ec90000000|  0%| F|  |TAMS 0x000014ec8e000000, 0x000014ec8e000000| Untracked 
|1448|0x000014ec90000000, 0x000014ec90000000, 0x000014ec92000000|  0%| F|  |TAMS 0x000014ec90000000, 0x000014ec90000000| Untracked 
|1449|0x000014ec92000000, 0x000014ec92000000, 0x000014ec94000000|  0%| F|  |TAMS 0x000014ec92000000, 0x000014ec92000000| Untracked 
|1450|0x000014ec94000000, 0x000014ec94000000, 0x000014ec96000000|  0%| F|  |TAMS 0x000014ec94000000, 0x000014ec94000000| Untracked 
|1451|0x000014ec96000000, 0x000014ec96000000, 0x000014ec98000000|  0%| F|  |TAMS 0x000014ec96000000, 0x000014ec96000000| Untracked 
|1452|0x000014ec98000000, 0x000014ec98000000, 0x000014ec9a000000|  0%| F|  |TAMS 0x000014ec98000000, 0x000014ec98000000| Untracked 
|1453|0x000014ec9a000000, 0x000014ec9a000000, 0x000014ec9c000000|  0%| F|  |TAMS 0x000014ec9a000000, 0x000014ec9a000000| Untracked 
|1454|0x000014ec9c000000, 0x000014ec9c000000, 0x000014ec9e000000|  0%| F|  |TAMS 0x000014ec9c000000, 0x000014ec9c000000| Untracked 
|1455|0x000014ec9e000000, 0x000014ec9e000000, 0x000014eca0000000|  0%| F|  |TAMS 0x000014ec9e000000, 0x000014ec9e000000| Untracked 
|1456|0x000014eca0000000, 0x000014eca0000000, 0x000014eca2000000|  0%| F|  |TAMS 0x000014eca0000000, 0x000014eca0000000| Untracked 
|1457|0x000014eca2000000, 0x000014eca2000000, 0x000014eca4000000|  0%| F|  |TAMS 0x000014eca2000000, 0x000014eca2000000| Untracked 
|1458|0x000014eca4000000, 0x000014eca4000000, 0x000014eca6000000|  0%| F|  |TAMS 0x000014eca4000000, 0x000014eca4000000| Untracked 
|1459|0x000014eca6000000, 0x000014eca6000000, 0x000014eca8000000|  0%| F|  |TAMS 0x000014eca6000000, 0x000014eca6000000| Untracked 
|1460|0x000014eca8000000, 0x000014eca8000000, 0x000014ecaa000000|  0%| F|  |TAMS 0x000014eca8000000, 0x000014eca8000000| Untracked 
|1461|0x000014ecaa000000, 0x000014ecaa000000, 0x000014ecac000000|  0%| F|  |TAMS 0x000014ecaa000000, 0x000014ecaa000000| Untracked 
|1462|0x000014ecac000000, 0x000014ecac000000, 0x000014ecae000000|  0%| F|  |TAMS 0x000014ecac000000, 0x000014ecac000000| Untracked 
|1463|0x000014ecae000000, 0x000014ecae000000, 0x000014ecb0000000|  0%| F|  |TAMS 0x000014ecae000000, 0x000014ecae000000| Untracked 
|1464|0x000014ecb0000000, 0x000014ecb0000000, 0x000014ecb2000000|  0%| F|  |TAMS 0x000014ecb0000000, 0x000014ecb0000000| Untracked 
|1465|0x000014ecb2000000, 0x000014ecb2000000, 0x000014ecb4000000|  0%| F|  |TAMS 0x000014ecb2000000, 0x000014ecb2000000| Untracked 
|1466|0x000014ecb4000000, 0x000014ecb4000000, 0x000014ecb6000000|  0%| F|  |TAMS 0x000014ecb4000000, 0x000014ecb4000000| Untracked 
|1467|0x000014ecb6000000, 0x000014ecb6000000, 0x000014ecb8000000|  0%| F|  |TAMS 0x000014ecb6000000, 0x000014ecb6000000| Untracked 
|1468|0x000014ecb8000000, 0x000014ecb8000000, 0x000014ecba000000|  0%| F|  |TAMS 0x000014ecb8000000, 0x000014ecb8000000| Untracked 
|1469|0x000014ecba000000, 0x000014ecba000000, 0x000014ecbc000000|  0%| F|  |TAMS 0x000014ecba000000, 0x000014ecba000000| Untracked 
|1470|0x000014ecbc000000, 0x000014ecbc000000, 0x000014ecbe000000|  0%| F|  |TAMS 0x000014ecbc000000, 0x000014ecbc000000| Untracked 
|1471|0x000014ecbe000000, 0x000014ecbe000000, 0x000014ecc0000000|  0%| F|  |TAMS 0x000014ecbe000000, 0x000014ecbe000000| Untracked 
|1472|0x000014ecc0000000, 0x000014ecc0000000, 0x000014ecc2000000|  0%| F|  |TAMS 0x000014ecc0000000, 0x000014ecc0000000| Untracked 
|1473|0x000014ecc2000000, 0x000014ecc2000000, 0x000014ecc4000000|  0%| F|  |TAMS 0x000014ecc2000000, 0x000014ecc2000000| Untracked 
|1474|0x000014ecc4000000, 0x000014ecc4000000, 0x000014ecc6000000|  0%| F|  |TAMS 0x000014ecc4000000, 0x000014ecc4000000| Untracked 
|1475|0x000014ecc6000000, 0x000014ecc6000000, 0x000014ecc8000000|  0%| F|  |TAMS 0x000014ecc6000000, 0x000014ecc6000000| Untracked 
|1476|0x000014ecc8000000, 0x000014ecc8000000, 0x000014ecca000000|  0%| F|  |TAMS 0x000014ecc8000000, 0x000014ecc8000000| Untracked 
|1477|0x000014ecca000000, 0x000014ecca000000, 0x000014eccc000000|  0%| F|  |TAMS 0x000014ecca000000, 0x000014ecca000000| Untracked 
|1478|0x000014eccc000000, 0x000014eccc000000, 0x000014ecce000000|  0%| F|  |TAMS 0x000014eccc000000, 0x000014eccc000000| Untracked 
|1479|0x000014ecce000000, 0x000014ecce000000, 0x000014ecd0000000|  0%| F|  |TAMS 0x000014ecce000000, 0x000014ecce000000| Untracked 
|1480|0x000014ecd0000000, 0x000014ecd0000000, 0x000014ecd2000000|  0%| F|  |TAMS 0x000014ecd0000000, 0x000014ecd0000000| Untracked 
|1481|0x000014ecd2000000, 0x000014ecd2000000, 0x000014ecd4000000|  0%| F|  |TAMS 0x000014ecd2000000, 0x000014ecd2000000| Untracked 
|1482|0x000014ecd4000000, 0x000014ecd4000000, 0x000014ecd6000000|  0%| F|  |TAMS 0x000014ecd4000000, 0x000014ecd4000000| Untracked 
|1483|0x000014ecd6000000, 0x000014ecd6000000, 0x000014ecd8000000|  0%| F|  |TAMS 0x000014ecd6000000, 0x000014ecd6000000| Untracked 
|1484|0x000014ecd8000000, 0x000014ecd8000000, 0x000014ecda000000|  0%| F|  |TAMS 0x000014ecd8000000, 0x000014ecd8000000| Untracked 
|1485|0x000014ecda000000, 0x000014ecda000000, 0x000014ecdc000000|  0%| F|  |TAMS 0x000014ecda000000, 0x000014ecda000000| Untracked 
|1486|0x000014ecdc000000, 0x000014ecdc000000, 0x000014ecde000000|  0%| F|  |TAMS 0x000014ecdc000000, 0x000014ecdc000000| Untracked 
|1487|0x000014ecde000000, 0x000014ecde000000, 0x000014ece0000000|  0%| F|  |TAMS 0x000014ecde000000, 0x000014ecde000000| Untracked 
|1488|0x000014ece0000000, 0x000014ece0000000, 0x000014ece2000000|  0%| F|  |TAMS 0x000014ece0000000, 0x000014ece0000000| Untracked 
|1489|0x000014ece2000000, 0x000014ece2000000, 0x000014ece4000000|  0%| F|  |TAMS 0x000014ece2000000, 0x000014ece2000000| Untracked 
|1490|0x000014ece4000000, 0x000014ece4000000, 0x000014ece6000000|  0%| F|  |TAMS 0x000014ece4000000, 0x000014ece4000000| Untracked 
|1491|0x000014ece6000000, 0x000014ece6000000, 0x000014ece8000000|  0%| F|  |TAMS 0x000014ece6000000, 0x000014ece6000000| Untracked 
|1492|0x000014ece8000000, 0x000014ece8000000, 0x000014ecea000000|  0%| F|  |TAMS 0x000014ece8000000, 0x000014ece8000000| Untracked 
|1493|0x000014ecea000000, 0x000014ecea000000, 0x000014ecec000000|  0%| F|  |TAMS 0x000014ecea000000, 0x000014ecea000000| Untracked 
|1494|0x000014ecec000000, 0x000014ecec000000, 0x000014ecee000000|  0%| F|  |TAMS 0x000014ecec000000, 0x000014ecec000000| Untracked 
|1495|0x000014ecee000000, 0x000014ecee000000, 0x000014ecf0000000|  0%| F|  |TAMS 0x000014ecee000000, 0x000014ecee000000| Untracked 
|1496|0x000014ecf0000000, 0x000014ecf0000000, 0x000014ecf2000000|  0%| F|  |TAMS 0x000014ecf0000000, 0x000014ecf0000000| Untracked 
|1497|0x000014ecf2000000, 0x000014ecf2000000, 0x000014ecf4000000|  0%| F|  |TAMS 0x000014ecf2000000, 0x000014ecf2000000| Untracked 
|1498|0x000014ecf4000000, 0x000014ecf4000000, 0x000014ecf6000000|  0%| F|  |TAMS 0x000014ecf4000000, 0x000014ecf4000000| Untracked 
|1499|0x000014ecf6000000, 0x000014ecf6000000, 0x000014ecf8000000|  0%| F|  |TAMS 0x000014ecf6000000, 0x000014ecf6000000| Untracked 
|1500|0x000014ecf8000000, 0x000014ecf8000000, 0x000014ecfa000000|  0%| F|  |TAMS 0x000014ecf8000000, 0x000014ecf8000000| Untracked 
|1501|0x000014ecfa000000, 0x000014ecfa000000, 0x000014ecfc000000|  0%| F|  |TAMS 0x000014ecfa000000, 0x000014ecfa000000| Untracked 
|1502|0x000014ecfc000000, 0x000014ecfc000000, 0x000014ecfe000000|  0%| F|  |TAMS 0x000014ecfc000000, 0x000014ecfc000000| Untracked 
|1503|0x000014ecfe000000, 0x000014ecfe000000, 0x000014ed00000000|  0%| F|  |TAMS 0x000014ecfe000000, 0x000014ecfe000000| Untracked 
|1504|0x000014ed00000000, 0x000014ed00000000, 0x000014ed02000000|  0%| F|  |TAMS 0x000014ed00000000, 0x000014ed00000000| Untracked 
|1505|0x000014ed02000000, 0x000014ed02000000, 0x000014ed04000000|  0%| F|  |TAMS 0x000014ed02000000, 0x000014ed02000000| Untracked 
|1506|0x000014ed04000000, 0x000014ed04000000, 0x000014ed06000000|  0%| F|  |TAMS 0x000014ed04000000, 0x000014ed04000000| Untracked 
|1507|0x000014ed06000000, 0x000014ed06000000, 0x000014ed08000000|  0%| F|  |TAMS 0x000014ed06000000, 0x000014ed06000000| Untracked 
|1508|0x000014ed08000000, 0x000014ed08000000, 0x000014ed0a000000|  0%| F|  |TAMS 0x000014ed08000000, 0x000014ed08000000| Untracked 
|1509|0x000014ed0a000000, 0x000014ed0a000000, 0x000014ed0c000000|  0%| F|  |TAMS 0x000014ed0a000000, 0x000014ed0a000000| Untracked 
|1510|0x000014ed0c000000, 0x000014ed0c000000, 0x000014ed0e000000|  0%| F|  |TAMS 0x000014ed0c000000, 0x000014ed0c000000| Untracked 
|1511|0x000014ed0e000000, 0x000014ed0e000000, 0x000014ed10000000|  0%| F|  |TAMS 0x000014ed0e000000, 0x000014ed0e000000| Untracked 
|1512|0x000014ed10000000, 0x000014ed10000000, 0x000014ed12000000|  0%| F|  |TAMS 0x000014ed10000000, 0x000014ed10000000| Untracked 
|1513|0x000014ed12000000, 0x000014ed12000000, 0x000014ed14000000|  0%| F|  |TAMS 0x000014ed12000000, 0x000014ed12000000| Untracked 
|1514|0x000014ed14000000, 0x000014ed14000000, 0x000014ed16000000|  0%| F|  |TAMS 0x000014ed14000000, 0x000014ed14000000| Untracked 
|1515|0x000014ed16000000, 0x000014ed16000000, 0x000014ed18000000|  0%| F|  |TAMS 0x000014ed16000000, 0x000014ed16000000| Untracked 
|1516|0x000014ed18000000, 0x000014ed18000000, 0x000014ed1a000000|  0%| F|  |TAMS 0x000014ed18000000, 0x000014ed18000000| Untracked 
|1517|0x000014ed1a000000, 0x000014ed1a000000, 0x000014ed1c000000|  0%| F|  |TAMS 0x000014ed1a000000, 0x000014ed1a000000| Untracked 
|1518|0x000014ed1c000000, 0x000014ed1c000000, 0x000014ed1e000000|  0%| F|  |TAMS 0x000014ed1c000000, 0x000014ed1c000000| Untracked 
|1519|0x000014ed1e000000, 0x000014ed1e000000, 0x000014ed20000000|  0%| F|  |TAMS 0x000014ed1e000000, 0x000014ed1e000000| Untracked 
|1520|0x000014ed20000000, 0x000014ed20000000, 0x000014ed22000000|  0%| F|  |TAMS 0x000014ed20000000, 0x000014ed20000000| Untracked 
|1521|0x000014ed22000000, 0x000014ed22000000, 0x000014ed24000000|  0%| F|  |TAMS 0x000014ed22000000, 0x000014ed22000000| Untracked 
|1522|0x000014ed24000000, 0x000014ed24000000, 0x000014ed26000000|  0%| F|  |TAMS 0x000014ed24000000, 0x000014ed24000000| Untracked 
|1523|0x000014ed26000000, 0x000014ed26000000, 0x000014ed28000000|  0%| F|  |TAMS 0x000014ed26000000, 0x000014ed26000000| Untracked 
|1524|0x000014ed28000000, 0x000014ed28000000, 0x000014ed2a000000|  0%| F|  |TAMS 0x000014ed28000000, 0x000014ed28000000| Untracked 
|1525|0x000014ed2a000000, 0x000014ed2a000000, 0x000014ed2c000000|  0%| F|  |TAMS 0x000014ed2a000000, 0x000014ed2a000000| Untracked 
|1526|0x000014ed2c000000, 0x000014ed2c000000, 0x000014ed2e000000|  0%| F|  |TAMS 0x000014ed2c000000, 0x000014ed2c000000| Untracked 
|1527|0x000014ed2e000000, 0x000014ed2e000000, 0x000014ed30000000|  0%| F|  |TAMS 0x000014ed2e000000, 0x000014ed2e000000| Untracked 
|1528|0x000014ed30000000, 0x000014ed30000000, 0x000014ed32000000|  0%| F|  |TAMS 0x000014ed30000000, 0x000014ed30000000| Untracked 
|1529|0x000014ed32000000, 0x000014ed32000000, 0x000014ed34000000|  0%| F|  |TAMS 0x000014ed32000000, 0x000014ed32000000| Untracked 
|1530|0x000014ed34000000, 0x000014ed34000000, 0x000014ed36000000|  0%| F|  |TAMS 0x000014ed34000000, 0x000014ed34000000| Untracked 
|1531|0x000014ed36000000, 0x000014ed36000000, 0x000014ed38000000|  0%| F|  |TAMS 0x000014ed36000000, 0x000014ed36000000| Untracked 
|1532|0x000014ed38000000, 0x000014ed38000000, 0x000014ed3a000000|  0%| F|  |TAMS 0x000014ed38000000, 0x000014ed38000000| Untracked 
|1533|0x000014ed3a000000, 0x000014ed3a000000, 0x000014ed3c000000|  0%| F|  |TAMS 0x000014ed3a000000, 0x000014ed3a000000| Untracked 
|1534|0x000014ed3c000000, 0x000014ed3c000000, 0x000014ed3e000000|  0%| F|  |TAMS 0x000014ed3c000000, 0x000014ed3c000000| Untracked 
|1535|0x000014ed3e000000, 0x000014ed3e000000, 0x000014ed40000000|  0%| F|  |TAMS 0x000014ed3e000000, 0x000014ed3e000000| Untracked 
|1536|0x000014ed40000000, 0x000014ed40000000, 0x000014ed42000000|  0%| F|  |TAMS 0x000014ed40000000, 0x000014ed40000000| Untracked 
|1537|0x000014ed42000000, 0x000014ed42000000, 0x000014ed44000000|  0%| F|  |TAMS 0x000014ed42000000, 0x000014ed42000000| Untracked 
|1538|0x000014ed44000000, 0x000014ed44000000, 0x000014ed46000000|  0%| F|  |TAMS 0x000014ed44000000, 0x000014ed44000000| Untracked 
|1539|0x000014ed46000000, 0x000014ed46000000, 0x000014ed48000000|  0%| F|  |TAMS 0x000014ed46000000, 0x000014ed46000000| Untracked 
|1540|0x000014ed48000000, 0x000014ed48000000, 0x000014ed4a000000|  0%| F|  |TAMS 0x000014ed48000000, 0x000014ed48000000| Untracked 
|1541|0x000014ed4a000000, 0x000014ed4a000000, 0x000014ed4c000000|  0%| F|  |TAMS 0x000014ed4a000000, 0x000014ed4a000000| Untracked 
|1542|0x000014ed4c000000, 0x000014ed4c000000, 0x000014ed4e000000|  0%| F|  |TAMS 0x000014ed4c000000, 0x000014ed4c000000| Untracked 
|1543|0x000014ed4e000000, 0x000014ed4e000000, 0x000014ed50000000|  0%| F|  |TAMS 0x000014ed4e000000, 0x000014ed4e000000| Untracked 
|1544|0x000014ed50000000, 0x000014ed50000000, 0x000014ed52000000|  0%| F|  |TAMS 0x000014ed50000000, 0x000014ed50000000| Untracked 
|1545|0x000014ed52000000, 0x000014ed52000000, 0x000014ed54000000|  0%| F|  |TAMS 0x000014ed52000000, 0x000014ed52000000| Untracked 
|1546|0x000014ed54000000, 0x000014ed54000000, 0x000014ed56000000|  0%| F|  |TAMS 0x000014ed54000000, 0x000014ed54000000| Untracked 
|1547|0x000014ed56000000, 0x000014ed56000000, 0x000014ed58000000|  0%| F|  |TAMS 0x000014ed56000000, 0x000014ed56000000| Untracked 
|1548|0x000014ed58000000, 0x000014ed58000000, 0x000014ed5a000000|  0%| F|  |TAMS 0x000014ed58000000, 0x000014ed58000000| Untracked 
|1549|0x000014ed5a000000, 0x000014ed5a000000, 0x000014ed5c000000|  0%| F|  |TAMS 0x000014ed5a000000, 0x000014ed5a000000| Untracked 
|1550|0x000014ed5c000000, 0x000014ed5c000000, 0x000014ed5e000000|  0%| F|  |TAMS 0x000014ed5c000000, 0x000014ed5c000000| Untracked 
|1551|0x000014ed5e000000, 0x000014ed5e000000, 0x000014ed60000000|  0%| F|  |TAMS 0x000014ed5e000000, 0x000014ed5e000000| Untracked 
|1552|0x000014ed60000000, 0x000014ed60000000, 0x000014ed62000000|  0%| F|  |TAMS 0x000014ed60000000, 0x000014ed60000000| Untracked 
|1553|0x000014ed62000000, 0x000014ed62000000, 0x000014ed64000000|  0%| F|  |TAMS 0x000014ed62000000, 0x000014ed62000000| Untracked 
|1554|0x000014ed64000000, 0x000014ed64000000, 0x000014ed66000000|  0%| F|  |TAMS 0x000014ed64000000, 0x000014ed64000000| Untracked 
|1555|0x000014ed66000000, 0x000014ed66000000, 0x000014ed68000000|  0%| F|  |TAMS 0x000014ed66000000, 0x000014ed66000000| Untracked 
|1556|0x000014ed68000000, 0x000014ed68000000, 0x000014ed6a000000|  0%| F|  |TAMS 0x000014ed68000000, 0x000014ed68000000| Untracked 
|1557|0x000014ed6a000000, 0x000014ed6a000000, 0x000014ed6c000000|  0%| F|  |TAMS 0x000014ed6a000000, 0x000014ed6a000000| Untracked 
|1558|0x000014ed6c000000, 0x000014ed6c000000, 0x000014ed6e000000|  0%| F|  |TAMS 0x000014ed6c000000, 0x000014ed6c000000| Untracked 
|1559|0x000014ed6e000000, 0x000014ed6e000000, 0x000014ed70000000|  0%| F|  |TAMS 0x000014ed6e000000, 0x000014ed6e000000| Untracked 
|1560|0x000014ed70000000, 0x000014ed70000000, 0x000014ed72000000|  0%| F|  |TAMS 0x000014ed70000000, 0x000014ed70000000| Untracked 
|1561|0x000014ed72000000, 0x000014ed72000000, 0x000014ed74000000|  0%| F|  |TAMS 0x000014ed72000000, 0x000014ed72000000| Untracked 
|1562|0x000014ed74000000, 0x000014ed74000000, 0x000014ed76000000|  0%| F|  |TAMS 0x000014ed74000000, 0x000014ed74000000| Untracked 
|1563|0x000014ed76000000, 0x000014ed76000000, 0x000014ed78000000|  0%| F|  |TAMS 0x000014ed76000000, 0x000014ed76000000| Untracked 
|1564|0x000014ed78000000, 0x000014ed78000000, 0x000014ed7a000000|  0%| F|  |TAMS 0x000014ed78000000, 0x000014ed78000000| Untracked 
|1565|0x000014ed7a000000, 0x000014ed7a000000, 0x000014ed7c000000|  0%| F|  |TAMS 0x000014ed7a000000, 0x000014ed7a000000| Untracked 
|1566|0x000014ed7c000000, 0x000014ed7c000000, 0x000014ed7e000000|  0%| F|  |TAMS 0x000014ed7c000000, 0x000014ed7c000000| Untracked 
|1567|0x000014ed7e000000, 0x000014ed7e000000, 0x000014ed80000000|  0%| F|  |TAMS 0x000014ed7e000000, 0x000014ed7e000000| Untracked 
|1568|0x000014ed80000000, 0x000014ed80000000, 0x000014ed82000000|  0%| F|  |TAMS 0x000014ed80000000, 0x000014ed80000000| Untracked 
|1569|0x000014ed82000000, 0x000014ed82000000, 0x000014ed84000000|  0%| F|  |TAMS 0x000014ed82000000, 0x000014ed82000000| Untracked 
|1570|0x000014ed84000000, 0x000014ed84000000, 0x000014ed86000000|  0%| F|  |TAMS 0x000014ed84000000, 0x000014ed84000000| Untracked 
|1571|0x000014ed86000000, 0x000014ed86000000, 0x000014ed88000000|  0%| F|  |TAMS 0x000014ed86000000, 0x000014ed86000000| Untracked 
|1572|0x000014ed88000000, 0x000014ed88000000, 0x000014ed8a000000|  0%| F|  |TAMS 0x000014ed88000000, 0x000014ed88000000| Untracked 
|1573|0x000014ed8a000000, 0x000014ed8a000000, 0x000014ed8c000000|  0%| F|  |TAMS 0x000014ed8a000000, 0x000014ed8a000000| Untracked 
|1574|0x000014ed8c000000, 0x000014ed8c000000, 0x000014ed8e000000|  0%| F|  |TAMS 0x000014ed8c000000, 0x000014ed8c000000| Untracked 
|1575|0x000014ed8e000000, 0x000014ed8e000000, 0x000014ed90000000|  0%| F|  |TAMS 0x000014ed8e000000, 0x000014ed8e000000| Untracked 
|1576|0x000014ed90000000, 0x000014ed90000000, 0x000014ed92000000|  0%| F|  |TAMS 0x000014ed90000000, 0x000014ed90000000| Untracked 
|1577|0x000014ed92000000, 0x000014ed92000000, 0x000014ed94000000|  0%| F|  |TAMS 0x000014ed92000000, 0x000014ed92000000| Untracked 
|1578|0x000014ed94000000, 0x000014ed94000000, 0x000014ed96000000|  0%| F|  |TAMS 0x000014ed94000000, 0x000014ed94000000| Untracked 
|1579|0x000014ed96000000, 0x000014ed96000000, 0x000014ed98000000|  0%| F|  |TAMS 0x000014ed96000000, 0x000014ed96000000| Untracked 
|1580|0x000014ed98000000, 0x000014ed98000000, 0x000014ed9a000000|  0%| F|  |TAMS 0x000014ed98000000, 0x000014ed98000000| Untracked 
|1581|0x000014ed9a000000, 0x000014ed9a000000, 0x000014ed9c000000|  0%| F|  |TAMS 0x000014ed9a000000, 0x000014ed9a000000| Untracked 
|1582|0x000014ed9c000000, 0x000014ed9c000000, 0x000014ed9e000000|  0%| F|  |TAMS 0x000014ed9c000000, 0x000014ed9c000000| Untracked 
|1583|0x000014ed9e000000, 0x000014ed9e000000, 0x000014eda0000000|  0%| F|  |TAMS 0x000014ed9e000000, 0x000014ed9e000000| Untracked 
|1584|0x000014eda0000000, 0x000014eda0000000, 0x000014eda2000000|  0%| F|  |TAMS 0x000014eda0000000, 0x000014eda0000000| Untracked 
|1585|0x000014eda2000000, 0x000014eda2000000, 0x000014eda4000000|  0%| F|  |TAMS 0x000014eda2000000, 0x000014eda2000000| Untracked 
|1586|0x000014eda4000000, 0x000014eda4000000, 0x000014eda6000000|  0%| F|  |TAMS 0x000014eda4000000, 0x000014eda4000000| Untracked 
|1587|0x000014eda6000000, 0x000014eda6000000, 0x000014eda8000000|  0%| F|  |TAMS 0x000014eda6000000, 0x000014eda6000000| Untracked 
|1588|0x000014eda8000000, 0x000014eda8000000, 0x000014edaa000000|  0%| F|  |TAMS 0x000014eda8000000, 0x000014eda8000000| Untracked 
|1589|0x000014edaa000000, 0x000014edaa000000, 0x000014edac000000|  0%| F|  |TAMS 0x000014edaa000000, 0x000014edaa000000| Untracked 
|1590|0x000014edac000000, 0x000014edac000000, 0x000014edae000000|  0%| F|  |TAMS 0x000014edac000000, 0x000014edac000000| Untracked 
|1591|0x000014edae000000, 0x000014edae000000, 0x000014edb0000000|  0%| F|  |TAMS 0x000014edae000000, 0x000014edae000000| Untracked 
|1592|0x000014edb0000000, 0x000014edb0000000, 0x000014edb2000000|  0%| F|  |TAMS 0x000014edb0000000, 0x000014edb0000000| Untracked 
|1593|0x000014edb2000000, 0x000014edb2000000, 0x000014edb4000000|  0%| F|  |TAMS 0x000014edb2000000, 0x000014edb2000000| Untracked 
|1594|0x000014edb4000000, 0x000014edb4000000, 0x000014edb6000000|  0%| F|  |TAMS 0x000014edb4000000, 0x000014edb4000000| Untracked 
|1595|0x000014edb6000000, 0x000014edb6000000, 0x000014edb8000000|  0%| F|  |TAMS 0x000014edb6000000, 0x000014edb6000000| Untracked 
|1596|0x000014edb8000000, 0x000014edb8000000, 0x000014edba000000|  0%| F|  |TAMS 0x000014edb8000000, 0x000014edb8000000| Untracked 
|1597|0x000014edba000000, 0x000014edba000000, 0x000014edbc000000|  0%| F|  |TAMS 0x000014edba000000, 0x000014edba000000| Untracked 
|1598|0x000014edbc000000, 0x000014edbc000000, 0x000014edbe000000|  0%| F|  |TAMS 0x000014edbc000000, 0x000014edbc000000| Untracked 
|1599|0x000014edbe000000, 0x000014edbe000000, 0x000014edc0000000|  0%| F|  |TAMS 0x000014edbe000000, 0x000014edbe000000| Untracked 
|1600|0x000014edc0000000, 0x000014edc0000000, 0x000014edc2000000|  0%| F|  |TAMS 0x000014edc0000000, 0x000014edc0000000| Untracked 
|1601|0x000014edc2000000, 0x000014edc2000000, 0x000014edc4000000|  0%| F|  |TAMS 0x000014edc2000000, 0x000014edc2000000| Untracked 
|1602|0x000014edc4000000, 0x000014edc4000000, 0x000014edc6000000|  0%| F|  |TAMS 0x000014edc4000000, 0x000014edc4000000| Untracked 
|1603|0x000014edc6000000, 0x000014edc6000000, 0x000014edc8000000|  0%| F|  |TAMS 0x000014edc6000000, 0x000014edc6000000| Untracked 
|1604|0x000014edc8000000, 0x000014edc8000000, 0x000014edca000000|  0%| F|  |TAMS 0x000014edc8000000, 0x000014edc8000000| Untracked 
|1605|0x000014edca000000, 0x000014edca000000, 0x000014edcc000000|  0%| F|  |TAMS 0x000014edca000000, 0x000014edca000000| Untracked 
|1606|0x000014edcc000000, 0x000014edcc000000, 0x000014edce000000|  0%| F|  |TAMS 0x000014edcc000000, 0x000014edcc000000| Untracked 
|1607|0x000014edce000000, 0x000014edce000000, 0x000014edd0000000|  0%| F|  |TAMS 0x000014edce000000, 0x000014edce000000| Untracked 
|1608|0x000014edd0000000, 0x000014edd0000000, 0x000014edd2000000|  0%| F|  |TAMS 0x000014edd0000000, 0x000014edd0000000| Untracked 
|1609|0x000014edd2000000, 0x000014edd2000000, 0x000014edd4000000|  0%| F|  |TAMS 0x000014edd2000000, 0x000014edd2000000| Untracked 
|1610|0x000014edd4000000, 0x000014edd4000000, 0x000014edd6000000|  0%| F|  |TAMS 0x000014edd4000000, 0x000014edd4000000| Untracked 
|1611|0x000014edd6000000, 0x000014edd6000000, 0x000014edd8000000|  0%| F|  |TAMS 0x000014edd6000000, 0x000014edd6000000| Untracked 
|1612|0x000014edd8000000, 0x000014edd8000000, 0x000014edda000000|  0%| F|  |TAMS 0x000014edd8000000, 0x000014edd8000000| Untracked 
|1613|0x000014edda000000, 0x000014edda000000, 0x000014eddc000000|  0%| F|  |TAMS 0x000014edda000000, 0x000014edda000000| Untracked 
|1614|0x000014eddc000000, 0x000014eddc000000, 0x000014edde000000|  0%| F|  |TAMS 0x000014eddc000000, 0x000014eddc000000| Untracked 
|1615|0x000014edde000000, 0x000014edde000000, 0x000014ede0000000|  0%| F|  |TAMS 0x000014edde000000, 0x000014edde000000| Untracked 
|1616|0x000014ede0000000, 0x000014ede0000000, 0x000014ede2000000|  0%| F|  |TAMS 0x000014ede0000000, 0x000014ede0000000| Untracked 
|1617|0x000014ede2000000, 0x000014ede2000000, 0x000014ede4000000|  0%| F|  |TAMS 0x000014ede2000000, 0x000014ede2000000| Untracked 
|1618|0x000014ede4000000, 0x000014ede4000000, 0x000014ede6000000|  0%| F|  |TAMS 0x000014ede4000000, 0x000014ede4000000| Untracked 
|1619|0x000014ede6000000, 0x000014ede6000000, 0x000014ede8000000|  0%| F|  |TAMS 0x000014ede6000000, 0x000014ede6000000| Untracked 
|1620|0x000014ede8000000, 0x000014ede8000000, 0x000014edea000000|  0%| F|  |TAMS 0x000014ede8000000, 0x000014ede8000000| Untracked 
|1621|0x000014edea000000, 0x000014edea000000, 0x000014edec000000|  0%| F|  |TAMS 0x000014edea000000, 0x000014edea000000| Untracked 
|1622|0x000014edec000000, 0x000014edec000000, 0x000014edee000000|  0%| F|  |TAMS 0x000014edec000000, 0x000014edec000000| Untracked 
|1623|0x000014edee000000, 0x000014edee000000, 0x000014edf0000000|  0%| F|  |TAMS 0x000014edee000000, 0x000014edee000000| Untracked 
|1624|0x000014edf0000000, 0x000014edf0000000, 0x000014edf2000000|  0%| F|  |TAMS 0x000014edf0000000, 0x000014edf0000000| Untracked 
|1625|0x000014edf2000000, 0x000014edf2000000, 0x000014edf4000000|  0%| F|  |TAMS 0x000014edf2000000, 0x000014edf2000000| Untracked 
|1626|0x000014edf4000000, 0x000014edf4000000, 0x000014edf6000000|  0%| F|  |TAMS 0x000014edf4000000, 0x000014edf4000000| Untracked 
|1627|0x000014edf6000000, 0x000014edf6000000, 0x000014edf8000000|  0%| F|  |TAMS 0x000014edf6000000, 0x000014edf6000000| Untracked 
|1628|0x000014edf8000000, 0x000014edf8000000, 0x000014edfa000000|  0%| F|  |TAMS 0x000014edf8000000, 0x000014edf8000000| Untracked 
|1629|0x000014edfa000000, 0x000014edfa000000, 0x000014edfc000000|  0%| F|  |TAMS 0x000014edfa000000, 0x000014edfa000000| Untracked 
|1630|0x000014edfc000000, 0x000014edfc000000, 0x000014edfe000000|  0%| F|  |TAMS 0x000014edfc000000, 0x000014edfc000000| Untracked 
|1631|0x000014edfe000000, 0x000014edfe000000, 0x000014ee00000000|  0%| F|  |TAMS 0x000014edfe000000, 0x000014edfe000000| Untracked 
|1632|0x000014ee00000000, 0x000014ee00000000, 0x000014ee02000000|  0%| F|  |TAMS 0x000014ee00000000, 0x000014ee00000000| Untracked 
|1633|0x000014ee02000000, 0x000014ee02000000, 0x000014ee04000000|  0%| F|  |TAMS 0x000014ee02000000, 0x000014ee02000000| Untracked 
|1634|0x000014ee04000000, 0x000014ee04000000, 0x000014ee06000000|  0%| F|  |TAMS 0x000014ee04000000, 0x000014ee04000000| Untracked 
|1635|0x000014ee06000000, 0x000014ee06000000, 0x000014ee08000000|  0%| F|  |TAMS 0x000014ee06000000, 0x000014ee06000000| Untracked 
|1636|0x000014ee08000000, 0x000014ee08000000, 0x000014ee0a000000|  0%| F|  |TAMS 0x000014ee08000000, 0x000014ee08000000| Untracked 
|1637|0x000014ee0a000000, 0x000014ee0a000000, 0x000014ee0c000000|  0%| F|  |TAMS 0x000014ee0a000000, 0x000014ee0a000000| Untracked 
|1638|0x000014ee0c000000, 0x000014ee0c000000, 0x000014ee0e000000|  0%| F|  |TAMS 0x000014ee0c000000, 0x000014ee0c000000| Untracked 
|1639|0x000014ee0e000000, 0x000014ee0e000000, 0x000014ee10000000|  0%| F|  |TAMS 0x000014ee0e000000, 0x000014ee0e000000| Untracked 
|1640|0x000014ee10000000, 0x000014ee10000000, 0x000014ee12000000|  0%| F|  |TAMS 0x000014ee10000000, 0x000014ee10000000| Untracked 
|1641|0x000014ee12000000, 0x000014ee12000000, 0x000014ee14000000|  0%| F|  |TAMS 0x000014ee12000000, 0x000014ee12000000| Untracked 
|1642|0x000014ee14000000, 0x000014ee14000000, 0x000014ee16000000|  0%| F|  |TAMS 0x000014ee14000000, 0x000014ee14000000| Untracked 
|1643|0x000014ee16000000, 0x000014ee16000000, 0x000014ee18000000|  0%| F|  |TAMS 0x000014ee16000000, 0x000014ee16000000| Untracked 
|1644|0x000014ee18000000, 0x000014ee18000000, 0x000014ee1a000000|  0%| F|  |TAMS 0x000014ee18000000, 0x000014ee18000000| Untracked 
|1645|0x000014ee1a000000, 0x000014ee1a000000, 0x000014ee1c000000|  0%| F|  |TAMS 0x000014ee1a000000, 0x000014ee1a000000| Untracked 
|1646|0x000014ee1c000000, 0x000014ee1c000000, 0x000014ee1e000000|  0%| F|  |TAMS 0x000014ee1c000000, 0x000014ee1c000000| Untracked 
|1647|0x000014ee1e000000, 0x000014ee1e000000, 0x000014ee20000000|  0%| F|  |TAMS 0x000014ee1e000000, 0x000014ee1e000000| Untracked 
|1648|0x000014ee20000000, 0x000014ee20000000, 0x000014ee22000000|  0%| F|  |TAMS 0x000014ee20000000, 0x000014ee20000000| Untracked 
|1649|0x000014ee22000000, 0x000014ee22000000, 0x000014ee24000000|  0%| F|  |TAMS 0x000014ee22000000, 0x000014ee22000000| Untracked 
|1650|0x000014ee24000000, 0x000014ee24000000, 0x000014ee26000000|  0%| F|  |TAMS 0x000014ee24000000, 0x000014ee24000000| Untracked 
|1651|0x000014ee26000000, 0x000014ee26000000, 0x000014ee28000000|  0%| F|  |TAMS 0x000014ee26000000, 0x000014ee26000000| Untracked 
|1652|0x000014ee28000000, 0x000014ee28000000, 0x000014ee2a000000|  0%| F|  |TAMS 0x000014ee28000000, 0x000014ee28000000| Untracked 
|1653|0x000014ee2a000000, 0x000014ee2a000000, 0x000014ee2c000000|  0%| F|  |TAMS 0x000014ee2a000000, 0x000014ee2a000000| Untracked 
|1654|0x000014ee2c000000, 0x000014ee2c000000, 0x000014ee2e000000|  0%| F|  |TAMS 0x000014ee2c000000, 0x000014ee2c000000| Untracked 
|1655|0x000014ee2e000000, 0x000014ee2e000000, 0x000014ee30000000|  0%| F|  |TAMS 0x000014ee2e000000, 0x000014ee2e000000| Untracked 
|1656|0x000014ee30000000, 0x000014ee30000000, 0x000014ee32000000|  0%| F|  |TAMS 0x000014ee30000000, 0x000014ee30000000| Untracked 
|1657|0x000014ee32000000, 0x000014ee32000000, 0x000014ee34000000|  0%| F|  |TAMS 0x000014ee32000000, 0x000014ee32000000| Untracked 
|1658|0x000014ee34000000, 0x000014ee34000000, 0x000014ee36000000|  0%| F|  |TAMS 0x000014ee34000000, 0x000014ee34000000| Untracked 
|1659|0x000014ee36000000, 0x000014ee36000000, 0x000014ee38000000|  0%| F|  |TAMS 0x000014ee36000000, 0x000014ee36000000| Untracked 
|1660|0x000014ee38000000, 0x000014ee38000000, 0x000014ee3a000000|  0%| F|  |TAMS 0x000014ee38000000, 0x000014ee38000000| Untracked 
|1661|0x000014ee3a000000, 0x000014ee3a000000, 0x000014ee3c000000|  0%| F|  |TAMS 0x000014ee3a000000, 0x000014ee3a000000| Untracked 
|1662|0x000014ee3c000000, 0x000014ee3c000000, 0x000014ee3e000000|  0%| F|  |TAMS 0x000014ee3c000000, 0x000014ee3c000000| Untracked 
|1663|0x000014ee3e000000, 0x000014ee3e000000, 0x000014ee40000000|  0%| F|  |TAMS 0x000014ee3e000000, 0x000014ee3e000000| Untracked 
|1664|0x000014ee40000000, 0x000014ee40000000, 0x000014ee42000000|  0%| F|  |TAMS 0x000014ee40000000, 0x000014ee40000000| Untracked 
|1665|0x000014ee42000000, 0x000014ee42000000, 0x000014ee44000000|  0%| F|  |TAMS 0x000014ee42000000, 0x000014ee42000000| Untracked 
|1666|0x000014ee44000000, 0x000014ee44000000, 0x000014ee46000000|  0%| F|  |TAMS 0x000014ee44000000, 0x000014ee44000000| Untracked 
|1667|0x000014ee46000000, 0x000014ee46000000, 0x000014ee48000000|  0%| F|  |TAMS 0x000014ee46000000, 0x000014ee46000000| Untracked 
|1668|0x000014ee48000000, 0x000014ee48000000, 0x000014ee4a000000|  0%| F|  |TAMS 0x000014ee48000000, 0x000014ee48000000| Untracked 
|1669|0x000014ee4a000000, 0x000014ee4a000000, 0x000014ee4c000000|  0%| F|  |TAMS 0x000014ee4a000000, 0x000014ee4a000000| Untracked 
|1670|0x000014ee4c000000, 0x000014ee4c000000, 0x000014ee4e000000|  0%| F|  |TAMS 0x000014ee4c000000, 0x000014ee4c000000| Untracked 
|1671|0x000014ee4e000000, 0x000014ee4e000000, 0x000014ee50000000|  0%| F|  |TAMS 0x000014ee4e000000, 0x000014ee4e000000| Untracked 
|1672|0x000014ee50000000, 0x000014ee50000000, 0x000014ee52000000|  0%| F|  |TAMS 0x000014ee50000000, 0x000014ee50000000| Untracked 
|1673|0x000014ee52000000, 0x000014ee52000000, 0x000014ee54000000|  0%| F|  |TAMS 0x000014ee52000000, 0x000014ee52000000| Untracked 
|1674|0x000014ee54000000, 0x000014ee54000000, 0x000014ee56000000|  0%| F|  |TAMS 0x000014ee54000000, 0x000014ee54000000| Untracked 
|1675|0x000014ee56000000, 0x000014ee56000000, 0x000014ee58000000|  0%| F|  |TAMS 0x000014ee56000000, 0x000014ee56000000| Untracked 
|1676|0x000014ee58000000, 0x000014ee58000000, 0x000014ee5a000000|  0%| F|  |TAMS 0x000014ee58000000, 0x000014ee58000000| Untracked 
|1677|0x000014ee5a000000, 0x000014ee5a000000, 0x000014ee5c000000|  0%| F|  |TAMS 0x000014ee5a000000, 0x000014ee5a000000| Untracked 
|1678|0x000014ee5c000000, 0x000014ee5c000000, 0x000014ee5e000000|  0%| F|  |TAMS 0x000014ee5c000000, 0x000014ee5c000000| Untracked 
|1679|0x000014ee5e000000, 0x000014ee5e000000, 0x000014ee60000000|  0%| F|  |TAMS 0x000014ee5e000000, 0x000014ee5e000000| Untracked 
|1680|0x000014ee60000000, 0x000014ee60000000, 0x000014ee62000000|  0%| F|  |TAMS 0x000014ee60000000, 0x000014ee60000000| Untracked 
|1681|0x000014ee62000000, 0x000014ee62000000, 0x000014ee64000000|  0%| F|  |TAMS 0x000014ee62000000, 0x000014ee62000000| Untracked 
|1682|0x000014ee64000000, 0x000014ee64000000, 0x000014ee66000000|  0%| F|  |TAMS 0x000014ee64000000, 0x000014ee64000000| Untracked 
|1683|0x000014ee66000000, 0x000014ee66000000, 0x000014ee68000000|  0%| F|  |TAMS 0x000014ee66000000, 0x000014ee66000000| Untracked 
|1684|0x000014ee68000000, 0x000014ee68000000, 0x000014ee6a000000|  0%| F|  |TAMS 0x000014ee68000000, 0x000014ee68000000| Untracked 
|1685|0x000014ee6a000000, 0x000014ee6a000000, 0x000014ee6c000000|  0%| F|  |TAMS 0x000014ee6a000000, 0x000014ee6a000000| Untracked 
|1686|0x000014ee6c000000, 0x000014ee6c000000, 0x000014ee6e000000|  0%| F|  |TAMS 0x000014ee6c000000, 0x000014ee6c000000| Untracked 
|1687|0x000014ee6e000000, 0x000014ee6e000000, 0x000014ee70000000|  0%| F|  |TAMS 0x000014ee6e000000, 0x000014ee6e000000| Untracked 
|1688|0x000014ee70000000, 0x000014ee70000000, 0x000014ee72000000|  0%| F|  |TAMS 0x000014ee70000000, 0x000014ee70000000| Untracked 
|1689|0x000014ee72000000, 0x000014ee72000000, 0x000014ee74000000|  0%| F|  |TAMS 0x000014ee72000000, 0x000014ee72000000| Untracked 
|1690|0x000014ee74000000, 0x000014ee74000000, 0x000014ee76000000|  0%| F|  |TAMS 0x000014ee74000000, 0x000014ee74000000| Untracked 
|1691|0x000014ee76000000, 0x000014ee76000000, 0x000014ee78000000|  0%| F|  |TAMS 0x000014ee76000000, 0x000014ee76000000| Untracked 
|1692|0x000014ee78000000, 0x000014ee78000000, 0x000014ee7a000000|  0%| F|  |TAMS 0x000014ee78000000, 0x000014ee78000000| Untracked 
|1693|0x000014ee7a000000, 0x000014ee7a000000, 0x000014ee7c000000|  0%| F|  |TAMS 0x000014ee7a000000, 0x000014ee7a000000| Untracked 
|1694|0x000014ee7c000000, 0x000014ee7c000000, 0x000014ee7e000000|  0%| F|  |TAMS 0x000014ee7c000000, 0x000014ee7c000000| Untracked 
|1695|0x000014ee7e000000, 0x000014ee7e000000, 0x000014ee80000000|  0%| F|  |TAMS 0x000014ee7e000000, 0x000014ee7e000000| Untracked 
|1696|0x000014ee80000000, 0x000014ee80000000, 0x000014ee82000000|  0%| F|  |TAMS 0x000014ee80000000, 0x000014ee80000000| Untracked 
|1697|0x000014ee82000000, 0x000014ee82000000, 0x000014ee84000000|  0%| F|  |TAMS 0x000014ee82000000, 0x000014ee82000000| Untracked 
|1698|0x000014ee84000000, 0x000014ee84000000, 0x000014ee86000000|  0%| F|  |TAMS 0x000014ee84000000, 0x000014ee84000000| Untracked 
|1699|0x000014ee86000000, 0x000014ee86000000, 0x000014ee88000000|  0%| F|  |TAMS 0x000014ee86000000, 0x000014ee86000000| Untracked 
|1700|0x000014ee88000000, 0x000014ee88000000, 0x000014ee8a000000|  0%| F|  |TAMS 0x000014ee88000000, 0x000014ee88000000| Untracked 
|1701|0x000014ee8a000000, 0x000014ee8a000000, 0x000014ee8c000000|  0%| F|  |TAMS 0x000014ee8a000000, 0x000014ee8a000000| Untracked 
|1702|0x000014ee8c000000, 0x000014ee8c000000, 0x000014ee8e000000|  0%| F|  |TAMS 0x000014ee8c000000, 0x000014ee8c000000| Untracked 
|1703|0x000014ee8e000000, 0x000014ee8e000000, 0x000014ee90000000|  0%| F|  |TAMS 0x000014ee8e000000, 0x000014ee8e000000| Untracked 
|1704|0x000014ee90000000, 0x000014ee90000000, 0x000014ee92000000|  0%| F|  |TAMS 0x000014ee90000000, 0x000014ee90000000| Untracked 
|1705|0x000014ee92000000, 0x000014ee92000000, 0x000014ee94000000|  0%| F|  |TAMS 0x000014ee92000000, 0x000014ee92000000| Untracked 
|1706|0x000014ee94000000, 0x000014ee94000000, 0x000014ee96000000|  0%| F|  |TAMS 0x000014ee94000000, 0x000014ee94000000| Untracked 
|1707|0x000014ee96000000, 0x000014ee96000000, 0x000014ee98000000|  0%| F|  |TAMS 0x000014ee96000000, 0x000014ee96000000| Untracked 
|1708|0x000014ee98000000, 0x000014ee98000000, 0x000014ee9a000000|  0%| F|  |TAMS 0x000014ee98000000, 0x000014ee98000000| Untracked 
|1709|0x000014ee9a000000, 0x000014ee9a000000, 0x000014ee9c000000|  0%| F|  |TAMS 0x000014ee9a000000, 0x000014ee9a000000| Untracked 
|1710|0x000014ee9c000000, 0x000014ee9c000000, 0x000014ee9e000000|  0%| F|  |TAMS 0x000014ee9c000000, 0x000014ee9c000000| Untracked 
|1711|0x000014ee9e000000, 0x000014ee9e000000, 0x000014eea0000000|  0%| F|  |TAMS 0x000014ee9e000000, 0x000014ee9e000000| Untracked 
|1712|0x000014eea0000000, 0x000014eea0000000, 0x000014eea2000000|  0%| F|  |TAMS 0x000014eea0000000, 0x000014eea0000000| Untracked 
|1713|0x000014eea2000000, 0x000014eea2000000, 0x000014eea4000000|  0%| F|  |TAMS 0x000014eea2000000, 0x000014eea2000000| Untracked 
|1714|0x000014eea4000000, 0x000014eea4000000, 0x000014eea6000000|  0%| F|  |TAMS 0x000014eea4000000, 0x000014eea4000000| Untracked 
|1715|0x000014eea6000000, 0x000014eea6000000, 0x000014eea8000000|  0%| F|  |TAMS 0x000014eea6000000, 0x000014eea6000000| Untracked 
|1716|0x000014eea8000000, 0x000014eea8000000, 0x000014eeaa000000|  0%| F|  |TAMS 0x000014eea8000000, 0x000014eea8000000| Untracked 
|1717|0x000014eeaa000000, 0x000014eeaa000000, 0x000014eeac000000|  0%| F|  |TAMS 0x000014eeaa000000, 0x000014eeaa000000| Untracked 
|1718|0x000014eeac000000, 0x000014eeac000000, 0x000014eeae000000|  0%| F|  |TAMS 0x000014eeac000000, 0x000014eeac000000| Untracked 
|1719|0x000014eeae000000, 0x000014eeae000000, 0x000014eeb0000000|  0%| F|  |TAMS 0x000014eeae000000, 0x000014eeae000000| Untracked 
|1720|0x000014eeb0000000, 0x000014eeb0000000, 0x000014eeb2000000|  0%| F|  |TAMS 0x000014eeb0000000, 0x000014eeb0000000| Untracked 
|1721|0x000014eeb2000000, 0x000014eeb2000000, 0x000014eeb4000000|  0%| F|  |TAMS 0x000014eeb2000000, 0x000014eeb2000000| Untracked 
|1722|0x000014eeb4000000, 0x000014eeb4000000, 0x000014eeb6000000|  0%| F|  |TAMS 0x000014eeb4000000, 0x000014eeb4000000| Untracked 
|1723|0x000014eeb6000000, 0x000014eeb6000000, 0x000014eeb8000000|  0%| F|  |TAMS 0x000014eeb6000000, 0x000014eeb6000000| Untracked 
|1724|0x000014eeb8000000, 0x000014eeb8000000, 0x000014eeba000000|  0%| F|  |TAMS 0x000014eeb8000000, 0x000014eeb8000000| Untracked 
|1725|0x000014eeba000000, 0x000014eeba000000, 0x000014eebc000000|  0%| F|  |TAMS 0x000014eeba000000, 0x000014eeba000000| Untracked 
|1726|0x000014eebc000000, 0x000014eebc000000, 0x000014eebe000000|  0%| F|  |TAMS 0x000014eebc000000, 0x000014eebc000000| Untracked 
|1727|0x000014eebe000000, 0x000014eebe000000, 0x000014eec0000000|  0%| F|  |TAMS 0x000014eebe000000, 0x000014eebe000000| Untracked 
|1728|0x000014eec0000000, 0x000014eec0000000, 0x000014eec2000000|  0%| F|  |TAMS 0x000014eec0000000, 0x000014eec0000000| Untracked 
|1729|0x000014eec2000000, 0x000014eec2000000, 0x000014eec4000000|  0%| F|  |TAMS 0x000014eec2000000, 0x000014eec2000000| Untracked 
|1730|0x000014eec4000000, 0x000014eec4000000, 0x000014eec6000000|  0%| F|  |TAMS 0x000014eec4000000, 0x000014eec4000000| Untracked 
|1731|0x000014eec6000000, 0x000014eec6000000, 0x000014eec8000000|  0%| F|  |TAMS 0x000014eec6000000, 0x000014eec6000000| Untracked 
|1732|0x000014eec8000000, 0x000014eec8000000, 0x000014eeca000000|  0%| F|  |TAMS 0x000014eec8000000, 0x000014eec8000000| Untracked 
|1733|0x000014eeca000000, 0x000014eeca000000, 0x000014eecc000000|  0%| F|  |TAMS 0x000014eeca000000, 0x000014eeca000000| Untracked 
|1734|0x000014eecc000000, 0x000014eecc000000, 0x000014eece000000|  0%| F|  |TAMS 0x000014eecc000000, 0x000014eecc000000| Untracked 
|1735|0x000014eece000000, 0x000014eece000000, 0x000014eed0000000|  0%| F|  |TAMS 0x000014eece000000, 0x000014eece000000| Untracked 
|1736|0x000014eed0000000, 0x000014eed0000000, 0x000014eed2000000|  0%| F|  |TAMS 0x000014eed0000000, 0x000014eed0000000| Untracked 
|1737|0x000014eed2000000, 0x000014eed2000000, 0x000014eed4000000|  0%| F|  |TAMS 0x000014eed2000000, 0x000014eed2000000| Untracked 
|1738|0x000014eed4000000, 0x000014eed4000000, 0x000014eed6000000|  0%| F|  |TAMS 0x000014eed4000000, 0x000014eed4000000| Untracked 
|1739|0x000014eed6000000, 0x000014eed6000000, 0x000014eed8000000|  0%| F|  |TAMS 0x000014eed6000000, 0x000014eed6000000| Untracked 
|1740|0x000014eed8000000, 0x000014eed8000000, 0x000014eeda000000|  0%| F|  |TAMS 0x000014eed8000000, 0x000014eed8000000| Untracked 
|1741|0x000014eeda000000, 0x000014eeda000000, 0x000014eedc000000|  0%| F|  |TAMS 0x000014eeda000000, 0x000014eeda000000| Untracked 
|1742|0x000014eedc000000, 0x000014eedc000000, 0x000014eede000000|  0%| F|  |TAMS 0x000014eedc000000, 0x000014eedc000000| Untracked 
|1743|0x000014eede000000, 0x000014eede000000, 0x000014eee0000000|  0%| F|  |TAMS 0x000014eede000000, 0x000014eede000000| Untracked 
|1744|0x000014eee0000000, 0x000014eee0000000, 0x000014eee2000000|  0%| F|  |TAMS 0x000014eee0000000, 0x000014eee0000000| Untracked 
|1745|0x000014eee2000000, 0x000014eee2000000, 0x000014eee4000000|  0%| F|  |TAMS 0x000014eee2000000, 0x000014eee2000000| Untracked 
|1746|0x000014eee4000000, 0x000014eee4000000, 0x000014eee6000000|  0%| F|  |TAMS 0x000014eee4000000, 0x000014eee4000000| Untracked 
|1747|0x000014eee6000000, 0x000014eee6000000, 0x000014eee8000000|  0%| F|  |TAMS 0x000014eee6000000, 0x000014eee6000000| Untracked 
|1748|0x000014eee8000000, 0x000014eee8000000, 0x000014eeea000000|  0%| F|  |TAMS 0x000014eee8000000, 0x000014eee8000000| Untracked 
|1749|0x000014eeea000000, 0x000014eeea000000, 0x000014eeec000000|  0%| F|  |TAMS 0x000014eeea000000, 0x000014eeea000000| Untracked 
|1750|0x000014eeec000000, 0x000014eeec000000, 0x000014eeee000000|  0%| F|  |TAMS 0x000014eeec000000, 0x000014eeec000000| Untracked 
|1751|0x000014eeee000000, 0x000014eeee000000, 0x000014eef0000000|  0%| F|  |TAMS 0x000014eeee000000, 0x000014eeee000000| Untracked 
|1752|0x000014eef0000000, 0x000014eef0000000, 0x000014eef2000000|  0%| F|  |TAMS 0x000014eef0000000, 0x000014eef0000000| Untracked 
|1753|0x000014eef2000000, 0x000014eef2000000, 0x000014eef4000000|  0%| F|  |TAMS 0x000014eef2000000, 0x000014eef2000000| Untracked 
|1754|0x000014eef4000000, 0x000014eef4000000, 0x000014eef6000000|  0%| F|  |TAMS 0x000014eef4000000, 0x000014eef4000000| Untracked 
|1755|0x000014eef6000000, 0x000014eef6000000, 0x000014eef8000000|  0%| F|  |TAMS 0x000014eef6000000, 0x000014eef6000000| Untracked 
|1756|0x000014eef8000000, 0x000014eef8000000, 0x000014eefa000000|  0%| F|  |TAMS 0x000014eef8000000, 0x000014eef8000000| Untracked 
|1757|0x000014eefa000000, 0x000014eefa000000, 0x000014eefc000000|  0%| F|  |TAMS 0x000014eefa000000, 0x000014eefa000000| Untracked 
|1758|0x000014eefc000000, 0x000014eefc000000, 0x000014eefe000000|  0%| F|  |TAMS 0x000014eefc000000, 0x000014eefc000000| Untracked 
|1759|0x000014eefe000000, 0x000014eefe000000, 0x000014ef00000000|  0%| F|  |TAMS 0x000014eefe000000, 0x000014eefe000000| Untracked 
|1760|0x000014ef00000000, 0x000014ef00000000, 0x000014ef02000000|  0%| F|  |TAMS 0x000014ef00000000, 0x000014ef00000000| Untracked 
|1761|0x000014ef02000000, 0x000014ef02000000, 0x000014ef04000000|  0%| F|  |TAMS 0x000014ef02000000, 0x000014ef02000000| Untracked 
|1762|0x000014ef04000000, 0x000014ef04000000, 0x000014ef06000000|  0%| F|  |TAMS 0x000014ef04000000, 0x000014ef04000000| Untracked 
|1763|0x000014ef06000000, 0x000014ef06000000, 0x000014ef08000000|  0%| F|  |TAMS 0x000014ef06000000, 0x000014ef06000000| Untracked 
|1764|0x000014ef08000000, 0x000014ef08000000, 0x000014ef0a000000|  0%| F|  |TAMS 0x000014ef08000000, 0x000014ef08000000| Untracked 
|1765|0x000014ef0a000000, 0x000014ef0a000000, 0x000014ef0c000000|  0%| F|  |TAMS 0x000014ef0a000000, 0x000014ef0a000000| Untracked 
|1766|0x000014ef0c000000, 0x000014ef0c000000, 0x000014ef0e000000|  0%| F|  |TAMS 0x000014ef0c000000, 0x000014ef0c000000| Untracked 
|1767|0x000014ef0e000000, 0x000014ef0e000000, 0x000014ef10000000|  0%| F|  |TAMS 0x000014ef0e000000, 0x000014ef0e000000| Untracked 
|1768|0x000014ef10000000, 0x000014ef10000000, 0x000014ef12000000|  0%| F|  |TAMS 0x000014ef10000000, 0x000014ef10000000| Untracked 
|1769|0x000014ef12000000, 0x000014ef12000000, 0x000014ef14000000|  0%| F|  |TAMS 0x000014ef12000000, 0x000014ef12000000| Untracked 
|1770|0x000014ef14000000, 0x000014ef14000000, 0x000014ef16000000|  0%| F|  |TAMS 0x000014ef14000000, 0x000014ef14000000| Untracked 
|1771|0x000014ef16000000, 0x000014ef16000000, 0x000014ef18000000|  0%| F|  |TAMS 0x000014ef16000000, 0x000014ef16000000| Untracked 
|1772|0x000014ef18000000, 0x000014ef18000000, 0x000014ef1a000000|  0%| F|  |TAMS 0x000014ef18000000, 0x000014ef18000000| Untracked 
|1773|0x000014ef1a000000, 0x000014ef1a000000, 0x000014ef1c000000|  0%| F|  |TAMS 0x000014ef1a000000, 0x000014ef1a000000| Untracked 
|1774|0x000014ef1c000000, 0x000014ef1c000000, 0x000014ef1e000000|  0%| F|  |TAMS 0x000014ef1c000000, 0x000014ef1c000000| Untracked 
|1775|0x000014ef1e000000, 0x000014ef1e000000, 0x000014ef20000000|  0%| F|  |TAMS 0x000014ef1e000000, 0x000014ef1e000000| Untracked 
|1776|0x000014ef20000000, 0x000014ef20000000, 0x000014ef22000000|  0%| F|  |TAMS 0x000014ef20000000, 0x000014ef20000000| Untracked 
|1777|0x000014ef22000000, 0x000014ef22000000, 0x000014ef24000000|  0%| F|  |TAMS 0x000014ef22000000, 0x000014ef22000000| Untracked 
|1778|0x000014ef24000000, 0x000014ef24000000, 0x000014ef26000000|  0%| F|  |TAMS 0x000014ef24000000, 0x000014ef24000000| Untracked 
|1779|0x000014ef26000000, 0x000014ef26000000, 0x000014ef28000000|  0%| F|  |TAMS 0x000014ef26000000, 0x000014ef26000000| Untracked 
|1780|0x000014ef28000000, 0x000014ef28000000, 0x000014ef2a000000|  0%| F|  |TAMS 0x000014ef28000000, 0x000014ef28000000| Untracked 
|1781|0x000014ef2a000000, 0x000014ef2a000000, 0x000014ef2c000000|  0%| F|  |TAMS 0x000014ef2a000000, 0x000014ef2a000000| Untracked 
|1782|0x000014ef2c000000, 0x000014ef2c000000, 0x000014ef2e000000|  0%| F|  |TAMS 0x000014ef2c000000, 0x000014ef2c000000| Untracked 
|1783|0x000014ef2e000000, 0x000014ef2e000000, 0x000014ef30000000|  0%| F|  |TAMS 0x000014ef2e000000, 0x000014ef2e000000| Untracked 
|1784|0x000014ef30000000, 0x000014ef30000000, 0x000014ef32000000|  0%| F|  |TAMS 0x000014ef30000000, 0x000014ef30000000| Untracked 
|1785|0x000014ef32000000, 0x000014ef32000000, 0x000014ef34000000|  0%| F|  |TAMS 0x000014ef32000000, 0x000014ef32000000| Untracked 
|1786|0x000014ef34000000, 0x000014ef34000000, 0x000014ef36000000|  0%| F|  |TAMS 0x000014ef34000000, 0x000014ef34000000| Untracked 
|1787|0x000014ef36000000, 0x000014ef36000000, 0x000014ef38000000|  0%| F|  |TAMS 0x000014ef36000000, 0x000014ef36000000| Untracked 
|1788|0x000014ef38000000, 0x000014ef38000000, 0x000014ef3a000000|  0%| F|  |TAMS 0x000014ef38000000, 0x000014ef38000000| Untracked 
|1789|0x000014ef3a000000, 0x000014ef3a000000, 0x000014ef3c000000|  0%| F|  |TAMS 0x000014ef3a000000, 0x000014ef3a000000| Untracked 
|1790|0x000014ef3c000000, 0x000014ef3c000000, 0x000014ef3e000000|  0%| F|  |TAMS 0x000014ef3c000000, 0x000014ef3c000000| Untracked 
|1791|0x000014ef3e000000, 0x000014ef3e000000, 0x000014ef40000000|  0%| F|  |TAMS 0x000014ef3e000000, 0x000014ef3e000000| Untracked 
|1792|0x000014ef40000000, 0x000014ef40000000, 0x000014ef42000000|  0%| F|  |TAMS 0x000014ef40000000, 0x000014ef40000000| Untracked 
|1793|0x000014ef42000000, 0x000014ef42000000, 0x000014ef44000000|  0%| F|  |TAMS 0x000014ef42000000, 0x000014ef42000000| Untracked 
|1794|0x000014ef44000000, 0x000014ef44000000, 0x000014ef46000000|  0%| F|  |TAMS 0x000014ef44000000, 0x000014ef44000000| Untracked 
|1795|0x000014ef46000000, 0x000014ef46000000, 0x000014ef48000000|  0%| F|  |TAMS 0x000014ef46000000, 0x000014ef46000000| Untracked 
|1796|0x000014ef48000000, 0x000014ef48000000, 0x000014ef4a000000|  0%| F|  |TAMS 0x000014ef48000000, 0x000014ef48000000| Untracked 
|1797|0x000014ef4a000000, 0x000014ef4a000000, 0x000014ef4c000000|  0%| F|  |TAMS 0x000014ef4a000000, 0x000014ef4a000000| Untracked 
|1798|0x000014ef4c000000, 0x000014ef4c000000, 0x000014ef4e000000|  0%| F|  |TAMS 0x000014ef4c000000, 0x000014ef4c000000| Untracked 
|1799|0x000014ef4e000000, 0x000014ef4e000000, 0x000014ef50000000|  0%| F|  |TAMS 0x000014ef4e000000, 0x000014ef4e000000| Untracked 
|1800|0x000014ef50000000, 0x000014ef50000000, 0x000014ef52000000|  0%| F|  |TAMS 0x000014ef50000000, 0x000014ef50000000| Untracked 
|1801|0x000014ef52000000, 0x000014ef52000000, 0x000014ef54000000|  0%| F|  |TAMS 0x000014ef52000000, 0x000014ef52000000| Untracked 
|1802|0x000014ef54000000, 0x000014ef54000000, 0x000014ef56000000|  0%| F|  |TAMS 0x000014ef54000000, 0x000014ef54000000| Untracked 
|1803|0x000014ef56000000, 0x000014ef56000000, 0x000014ef58000000|  0%| F|  |TAMS 0x000014ef56000000, 0x000014ef56000000| Untracked 
|1804|0x000014ef58000000, 0x000014ef58000000, 0x000014ef5a000000|  0%| F|  |TAMS 0x000014ef58000000, 0x000014ef58000000| Untracked 
|1805|0x000014ef5a000000, 0x000014ef5a000000, 0x000014ef5c000000|  0%| F|  |TAMS 0x000014ef5a000000, 0x000014ef5a000000| Untracked 
|1806|0x000014ef5c000000, 0x000014ef5c000000, 0x000014ef5e000000|  0%| F|  |TAMS 0x000014ef5c000000, 0x000014ef5c000000| Untracked 
|1807|0x000014ef5e000000, 0x000014ef5e000000, 0x000014ef60000000|  0%| F|  |TAMS 0x000014ef5e000000, 0x000014ef5e000000| Untracked 
|1808|0x000014ef60000000, 0x000014ef60000000, 0x000014ef62000000|  0%| F|  |TAMS 0x000014ef60000000, 0x000014ef60000000| Untracked 
|1809|0x000014ef62000000, 0x000014ef62000000, 0x000014ef64000000|  0%| F|  |TAMS 0x000014ef62000000, 0x000014ef62000000| Untracked 
|1810|0x000014ef64000000, 0x000014ef64000000, 0x000014ef66000000|  0%| F|  |TAMS 0x000014ef64000000, 0x000014ef64000000| Untracked 
|1811|0x000014ef66000000, 0x000014ef66000000, 0x000014ef68000000|  0%| F|  |TAMS 0x000014ef66000000, 0x000014ef66000000| Untracked 
|1812|0x000014ef68000000, 0x000014ef68000000, 0x000014ef6a000000|  0%| F|  |TAMS 0x000014ef68000000, 0x000014ef68000000| Untracked 
|1813|0x000014ef6a000000, 0x000014ef6a000000, 0x000014ef6c000000|  0%| F|  |TAMS 0x000014ef6a000000, 0x000014ef6a000000| Untracked 
|1814|0x000014ef6c000000, 0x000014ef6c000000, 0x000014ef6e000000|  0%| F|  |TAMS 0x000014ef6c000000, 0x000014ef6c000000| Untracked 
|1815|0x000014ef6e000000, 0x000014ef6e000000, 0x000014ef70000000|  0%| F|  |TAMS 0x000014ef6e000000, 0x000014ef6e000000| Untracked 
|1816|0x000014ef70000000, 0x000014ef70000000, 0x000014ef72000000|  0%| F|  |TAMS 0x000014ef70000000, 0x000014ef70000000| Untracked 
|1817|0x000014ef72000000, 0x000014ef72000000, 0x000014ef74000000|  0%| F|  |TAMS 0x000014ef72000000, 0x000014ef72000000| Untracked 
|1818|0x000014ef74000000, 0x000014ef74000000, 0x000014ef76000000|  0%| F|  |TAMS 0x000014ef74000000, 0x000014ef74000000| Untracked 
|1819|0x000014ef76000000, 0x000014ef76000000, 0x000014ef78000000|  0%| F|  |TAMS 0x000014ef76000000, 0x000014ef76000000| Untracked 
|1820|0x000014ef78000000, 0x000014ef78000000, 0x000014ef7a000000|  0%| F|  |TAMS 0x000014ef78000000, 0x000014ef78000000| Untracked 
|1821|0x000014ef7a000000, 0x000014ef7a000000, 0x000014ef7c000000|  0%| F|  |TAMS 0x000014ef7a000000, 0x000014ef7a000000| Untracked 
|1822|0x000014ef7c000000, 0x000014ef7c000000, 0x000014ef7e000000|  0%| F|  |TAMS 0x000014ef7c000000, 0x000014ef7c000000| Untracked 
|1823|0x000014ef7e000000, 0x000014ef7e000000, 0x000014ef80000000|  0%| F|  |TAMS 0x000014ef7e000000, 0x000014ef7e000000| Untracked 
|1824|0x000014ef80000000, 0x000014ef80000000, 0x000014ef82000000|  0%| F|  |TAMS 0x000014ef80000000, 0x000014ef80000000| Untracked 
|1825|0x000014ef82000000, 0x000014ef82000000, 0x000014ef84000000|  0%| F|  |TAMS 0x000014ef82000000, 0x000014ef82000000| Untracked 
|1826|0x000014ef84000000, 0x000014ef84000000, 0x000014ef86000000|  0%| F|  |TAMS 0x000014ef84000000, 0x000014ef84000000| Untracked 
|1827|0x000014ef86000000, 0x000014ef86000000, 0x000014ef88000000|  0%| F|  |TAMS 0x000014ef86000000, 0x000014ef86000000| Untracked 
|1828|0x000014ef88000000, 0x000014ef88000000, 0x000014ef8a000000|  0%| F|  |TAMS 0x000014ef88000000, 0x000014ef88000000| Untracked 
|1829|0x000014ef8a000000, 0x000014ef8a000000, 0x000014ef8c000000|  0%| F|  |TAMS 0x000014ef8a000000, 0x000014ef8a000000| Untracked 
|1830|0x000014ef8c000000, 0x000014ef8c000000, 0x000014ef8e000000|  0%| F|  |TAMS 0x000014ef8c000000, 0x000014ef8c000000| Untracked 
|1831|0x000014ef8e000000, 0x000014ef8e000000, 0x000014ef90000000|  0%| F|  |TAMS 0x000014ef8e000000, 0x000014ef8e000000| Untracked 
|1832|0x000014ef90000000, 0x000014ef90000000, 0x000014ef92000000|  0%| F|  |TAMS 0x000014ef90000000, 0x000014ef90000000| Untracked 
|1833|0x000014ef92000000, 0x000014ef92000000, 0x000014ef94000000|  0%| F|  |TAMS 0x000014ef92000000, 0x000014ef92000000| Untracked 
|1834|0x000014ef94000000, 0x000014ef94000000, 0x000014ef96000000|  0%| F|  |TAMS 0x000014ef94000000, 0x000014ef94000000| Untracked 
|1835|0x000014ef96000000, 0x000014ef96000000, 0x000014ef98000000|  0%| F|  |TAMS 0x000014ef96000000, 0x000014ef96000000| Untracked 
|1836|0x000014ef98000000, 0x000014ef98000000, 0x000014ef9a000000|  0%| F|  |TAMS 0x000014ef98000000, 0x000014ef98000000| Untracked 
|1837|0x000014ef9a000000, 0x000014ef9a000000, 0x000014ef9c000000|  0%| F|  |TAMS 0x000014ef9a000000, 0x000014ef9a000000| Untracked 
|1838|0x000014ef9c000000, 0x000014ef9c000000, 0x000014ef9e000000|  0%| F|  |TAMS 0x000014ef9c000000, 0x000014ef9c000000| Untracked 
|1839|0x000014ef9e000000, 0x000014ef9e000000, 0x000014efa0000000|  0%| F|  |TAMS 0x000014ef9e000000, 0x000014ef9e000000| Untracked 
|1840|0x000014efa0000000, 0x000014efa0000000, 0x000014efa2000000|  0%| F|  |TAMS 0x000014efa0000000, 0x000014efa0000000| Untracked 
|1841|0x000014efa2000000, 0x000014efa2000000, 0x000014efa4000000|  0%| F|  |TAMS 0x000014efa2000000, 0x000014efa2000000| Untracked 
|1842|0x000014efa4000000, 0x000014efa4000000, 0x000014efa6000000|  0%| F|  |TAMS 0x000014efa4000000, 0x000014efa4000000| Untracked 
|1843|0x000014efa6000000, 0x000014efa6000000, 0x000014efa8000000|  0%| F|  |TAMS 0x000014efa6000000, 0x000014efa6000000| Untracked 
|1844|0x000014efa8000000, 0x000014efa8000000, 0x000014efaa000000|  0%| F|  |TAMS 0x000014efa8000000, 0x000014efa8000000| Untracked 
|1845|0x000014efaa000000, 0x000014efaa000000, 0x000014efac000000|  0%| F|  |TAMS 0x000014efaa000000, 0x000014efaa000000| Untracked 
|1846|0x000014efac000000, 0x000014efac000000, 0x000014efae000000|  0%| F|  |TAMS 0x000014efac000000, 0x000014efac000000| Untracked 
|1847|0x000014efae000000, 0x000014efae000000, 0x000014efb0000000|  0%| F|  |TAMS 0x000014efae000000, 0x000014efae000000| Untracked 
|1848|0x000014efb0000000, 0x000014efb0000000, 0x000014efb2000000|  0%| F|  |TAMS 0x000014efb0000000, 0x000014efb0000000| Untracked 
|1849|0x000014efb2000000, 0x000014efb2000000, 0x000014efb4000000|  0%| F|  |TAMS 0x000014efb2000000, 0x000014efb2000000| Untracked 
|1850|0x000014efb4000000, 0x000014efb4000000, 0x000014efb6000000|  0%| F|  |TAMS 0x000014efb4000000, 0x000014efb4000000| Untracked 
|1851|0x000014efb6000000, 0x000014efb6000000, 0x000014efb8000000|  0%| F|  |TAMS 0x000014efb6000000, 0x000014efb6000000| Untracked 
|1852|0x000014efb8000000, 0x000014efb8000000, 0x000014efba000000|  0%| F|  |TAMS 0x000014efb8000000, 0x000014efb8000000| Untracked 
|1853|0x000014efba000000, 0x000014efba000000, 0x000014efbc000000|  0%| F|  |TAMS 0x000014efba000000, 0x000014efba000000| Untracked 
|1854|0x000014efbc000000, 0x000014efbc000000, 0x000014efbe000000|  0%| F|  |TAMS 0x000014efbc000000, 0x000014efbc000000| Untracked 
|1855|0x000014efbe000000, 0x000014efbe000000, 0x000014efc0000000|  0%| F|  |TAMS 0x000014efbe000000, 0x000014efbe000000| Untracked 
|1856|0x000014efc0000000, 0x000014efc0000000, 0x000014efc2000000|  0%| F|  |TAMS 0x000014efc0000000, 0x000014efc0000000| Untracked 
|1857|0x000014efc2000000, 0x000014efc2000000, 0x000014efc4000000|  0%| F|  |TAMS 0x000014efc2000000, 0x000014efc2000000| Untracked 
|1858|0x000014efc4000000, 0x000014efc4000000, 0x000014efc6000000|  0%| F|  |TAMS 0x000014efc4000000, 0x000014efc4000000| Untracked 
|1859|0x000014efc6000000, 0x000014efc6000000, 0x000014efc8000000|  0%| F|  |TAMS 0x000014efc6000000, 0x000014efc6000000| Untracked 
|1860|0x000014efc8000000, 0x000014efc8000000, 0x000014efca000000|  0%| F|  |TAMS 0x000014efc8000000, 0x000014efc8000000| Untracked 
|1861|0x000014efca000000, 0x000014efca000000, 0x000014efcc000000|  0%| F|  |TAMS 0x000014efca000000, 0x000014efca000000| Untracked 
|1862|0x000014efcc000000, 0x000014efcc000000, 0x000014efce000000|  0%| F|  |TAMS 0x000014efcc000000, 0x000014efcc000000| Untracked 
|1863|0x000014efce000000, 0x000014efce000000, 0x000014efd0000000|  0%| F|  |TAMS 0x000014efce000000, 0x000014efce000000| Untracked 
|1864|0x000014efd0000000, 0x000014efd0000000, 0x000014efd2000000|  0%| F|  |TAMS 0x000014efd0000000, 0x000014efd0000000| Untracked 
|1865|0x000014efd2000000, 0x000014efd2000000, 0x000014efd4000000|  0%| F|  |TAMS 0x000014efd2000000, 0x000014efd2000000| Untracked 
|1866|0x000014efd4000000, 0x000014efd4000000, 0x000014efd6000000|  0%| F|  |TAMS 0x000014efd4000000, 0x000014efd4000000| Untracked 
|1867|0x000014efd6000000, 0x000014efd6000000, 0x000014efd8000000|  0%| F|  |TAMS 0x000014efd6000000, 0x000014efd6000000| Untracked 
|1868|0x000014efd8000000, 0x000014efd8000000, 0x000014efda000000|  0%| F|  |TAMS 0x000014efd8000000, 0x000014efd8000000| Untracked 
|1869|0x000014efda000000, 0x000014efda000000, 0x000014efdc000000|  0%| F|  |TAMS 0x000014efda000000, 0x000014efda000000| Untracked 
|1870|0x000014efdc000000, 0x000014efdc000000, 0x000014efde000000|  0%| F|  |TAMS 0x000014efdc000000, 0x000014efdc000000| Untracked 
|1871|0x000014efde000000, 0x000014efde000000, 0x000014efe0000000|  0%| F|  |TAMS 0x000014efde000000, 0x000014efde000000| Untracked 
|1872|0x000014efe0000000, 0x000014efe0000000, 0x000014efe2000000|  0%| F|  |TAMS 0x000014efe0000000, 0x000014efe0000000| Untracked 
|1873|0x000014efe2000000, 0x000014efe2000000, 0x000014efe4000000|  0%| F|  |TAMS 0x000014efe2000000, 0x000014efe2000000| Untracked 
|1874|0x000014efe4000000, 0x000014efe4000000, 0x000014efe6000000|  0%| F|  |TAMS 0x000014efe4000000, 0x000014efe4000000| Untracked 
|1875|0x000014efe6000000, 0x000014efe6000000, 0x000014efe8000000|  0%| F|  |TAMS 0x000014efe6000000, 0x000014efe6000000| Untracked 
|1876|0x000014efe8000000, 0x000014efe8000000, 0x000014efea000000|  0%| F|  |TAMS 0x000014efe8000000, 0x000014efe8000000| Untracked 
|1877|0x000014efea000000, 0x000014efea000000, 0x000014efec000000|  0%| F|  |TAMS 0x000014efea000000, 0x000014efea000000| Untracked 
|1878|0x000014efec000000, 0x000014efec000000, 0x000014efee000000|  0%| F|  |TAMS 0x000014efec000000, 0x000014efec000000| Untracked 
|1879|0x000014efee000000, 0x000014efee000000, 0x000014eff0000000|  0%| F|  |TAMS 0x000014efee000000, 0x000014efee000000| Untracked 
|1880|0x000014eff0000000, 0x000014eff0000000, 0x000014eff2000000|  0%| F|  |TAMS 0x000014eff0000000, 0x000014eff0000000| Untracked 
|1881|0x000014eff2000000, 0x000014eff2000000, 0x000014eff4000000|  0%| F|  |TAMS 0x000014eff2000000, 0x000014eff2000000| Untracked 
|1882|0x000014eff4000000, 0x000014eff4000000, 0x000014eff6000000|  0%| F|  |TAMS 0x000014eff4000000, 0x000014eff4000000| Untracked 
|1883|0x000014eff6000000, 0x000014eff6000000, 0x000014eff8000000|  0%| F|  |TAMS 0x000014eff6000000, 0x000014eff6000000| Untracked 
|1884|0x000014eff8000000, 0x000014eff8000000, 0x000014effa000000|  0%| F|  |TAMS 0x000014eff8000000, 0x000014eff8000000| Untracked 
|1885|0x000014effa000000, 0x000014effa000000, 0x000014effc000000|  0%| F|  |TAMS 0x000014effa000000, 0x000014effa000000| Untracked 
|1886|0x000014effc000000, 0x000014effc000000, 0x000014effe000000|  0%| F|  |TAMS 0x000014effc000000, 0x000014effc000000| Untracked 
|1887|0x000014effe000000, 0x000014effe000000, 0x000014f000000000|  0%| F|  |TAMS 0x000014effe000000, 0x000014effe000000| Untracked 
|1888|0x000014f000000000, 0x000014f000000000, 0x000014f002000000|  0%| F|  |TAMS 0x000014f000000000, 0x000014f000000000| Untracked 
|1889|0x000014f002000000, 0x000014f002000000, 0x000014f004000000|  0%| F|  |TAMS 0x000014f002000000, 0x000014f002000000| Untracked 
|1890|0x000014f004000000, 0x000014f004000000, 0x000014f006000000|  0%| F|  |TAMS 0x000014f004000000, 0x000014f004000000| Untracked 
|1891|0x000014f006000000, 0x000014f006000000, 0x000014f008000000|  0%| F|  |TAMS 0x000014f006000000, 0x000014f006000000| Untracked 
|1892|0x000014f008000000, 0x000014f008000000, 0x000014f00a000000|  0%| F|  |TAMS 0x000014f008000000, 0x000014f008000000| Untracked 
|1893|0x000014f00a000000, 0x000014f00a000000, 0x000014f00c000000|  0%| F|  |TAMS 0x000014f00a000000, 0x000014f00a000000| Untracked 
|1894|0x000014f00c000000, 0x000014f00c000000, 0x000014f00e000000|  0%| F|  |TAMS 0x000014f00c000000, 0x000014f00c000000| Untracked 
|1895|0x000014f00e000000, 0x000014f00e000000, 0x000014f010000000|  0%| F|  |TAMS 0x000014f00e000000, 0x000014f00e000000| Untracked 
|1896|0x000014f010000000, 0x000014f010000000, 0x000014f012000000|  0%| F|  |TAMS 0x000014f010000000, 0x000014f010000000| Untracked 
|1897|0x000014f012000000, 0x000014f012000000, 0x000014f014000000|  0%| F|  |TAMS 0x000014f012000000, 0x000014f012000000| Untracked 
|1898|0x000014f014000000, 0x000014f014000000, 0x000014f016000000|  0%| F|  |TAMS 0x000014f014000000, 0x000014f014000000| Untracked 
|1899|0x000014f016000000, 0x000014f016000000, 0x000014f018000000|  0%| F|  |TAMS 0x000014f016000000, 0x000014f016000000| Untracked 
|1900|0x000014f018000000, 0x000014f018000000, 0x000014f01a000000|  0%| F|  |TAMS 0x000014f018000000, 0x000014f018000000| Untracked 
|1901|0x000014f01a000000, 0x000014f01a000000, 0x000014f01c000000|  0%| F|  |TAMS 0x000014f01a000000, 0x000014f01a000000| Untracked 
|1902|0x000014f01c000000, 0x000014f01c000000, 0x000014f01e000000|  0%| F|  |TAMS 0x000014f01c000000, 0x000014f01c000000| Untracked 
|1903|0x000014f01e000000, 0x000014f01e000000, 0x000014f020000000|  0%| F|  |TAMS 0x000014f01e000000, 0x000014f01e000000| Untracked 
|1904|0x000014f020000000, 0x000014f020000000, 0x000014f022000000|  0%| F|  |TAMS 0x000014f020000000, 0x000014f020000000| Untracked 
|1905|0x000014f022000000, 0x000014f022000000, 0x000014f024000000|  0%| F|  |TAMS 0x000014f022000000, 0x000014f022000000| Untracked 
|1906|0x000014f024000000, 0x000014f024000000, 0x000014f026000000|  0%| F|  |TAMS 0x000014f024000000, 0x000014f024000000| Untracked 
|1907|0x000014f026000000, 0x000014f026000000, 0x000014f028000000|  0%| F|  |TAMS 0x000014f026000000, 0x000014f026000000| Untracked 
|1908|0x000014f028000000, 0x000014f028000000, 0x000014f02a000000|  0%| F|  |TAMS 0x000014f028000000, 0x000014f028000000| Untracked 
|1909|0x000014f02a000000, 0x000014f02a000000, 0x000014f02c000000|  0%| F|  |TAMS 0x000014f02a000000, 0x000014f02a000000| Untracked 
|1910|0x000014f02c000000, 0x000014f02c000000, 0x000014f02e000000|  0%| F|  |TAMS 0x000014f02c000000, 0x000014f02c000000| Untracked 
|1911|0x000014f02e000000, 0x000014f02e000000, 0x000014f030000000|  0%| F|  |TAMS 0x000014f02e000000, 0x000014f02e000000| Untracked 
|1912|0x000014f030000000, 0x000014f030000000, 0x000014f032000000|  0%| F|  |TAMS 0x000014f030000000, 0x000014f030000000| Untracked 
|1913|0x000014f032000000, 0x000014f032000000, 0x000014f034000000|  0%| F|  |TAMS 0x000014f032000000, 0x000014f032000000| Untracked 
|1914|0x000014f034000000, 0x000014f034000000, 0x000014f036000000|  0%| F|  |TAMS 0x000014f034000000, 0x000014f034000000| Untracked 
|1915|0x000014f036000000, 0x000014f036000000, 0x000014f038000000|  0%| F|  |TAMS 0x000014f036000000, 0x000014f036000000| Untracked 
|1916|0x000014f038000000, 0x000014f038000000, 0x000014f03a000000|  0%| F|  |TAMS 0x000014f038000000, 0x000014f038000000| Untracked 
|1917|0x000014f03a000000, 0x000014f03a000000, 0x000014f03c000000|  0%| F|  |TAMS 0x000014f03a000000, 0x000014f03a000000| Untracked 
|1918|0x000014f03c000000, 0x000014f03c000000, 0x000014f03e000000|  0%| F|  |TAMS 0x000014f03c000000, 0x000014f03c000000| Untracked 
|1919|0x000014f03e000000, 0x000014f03e000000, 0x000014f040000000|  0%| F|  |TAMS 0x000014f03e000000, 0x000014f03e000000| Untracked 
|1920|0x000014f040000000, 0x000014f040000000, 0x000014f042000000|  0%| F|  |TAMS 0x000014f040000000, 0x000014f040000000| Untracked 
|1921|0x000014f042000000, 0x000014f042000000, 0x000014f044000000|  0%| F|  |TAMS 0x000014f042000000, 0x000014f042000000| Untracked 
|1922|0x000014f044000000, 0x000014f044000000, 0x000014f046000000|  0%| F|  |TAMS 0x000014f044000000, 0x000014f044000000| Untracked 
|1923|0x000014f046000000, 0x000014f046000000, 0x000014f048000000|  0%| F|  |TAMS 0x000014f046000000, 0x000014f046000000| Untracked 
|1924|0x000014f048000000, 0x000014f048000000, 0x000014f04a000000|  0%| F|  |TAMS 0x000014f048000000, 0x000014f048000000| Untracked 
|1925|0x000014f04a000000, 0x000014f04a000000, 0x000014f04c000000|  0%| F|  |TAMS 0x000014f04a000000, 0x000014f04a000000| Untracked 
|1926|0x000014f04c000000, 0x000014f04c000000, 0x000014f04e000000|  0%| F|  |TAMS 0x000014f04c000000, 0x000014f04c000000| Untracked 
|1927|0x000014f04e000000, 0x000014f04e000000, 0x000014f050000000|  0%| F|  |TAMS 0x000014f04e000000, 0x000014f04e000000| Untracked 
|1928|0x000014f050000000, 0x000014f050000000, 0x000014f052000000|  0%| F|  |TAMS 0x000014f050000000, 0x000014f050000000| Untracked 
|1929|0x000014f052000000, 0x000014f052000000, 0x000014f054000000|  0%| F|  |TAMS 0x000014f052000000, 0x000014f052000000| Untracked 
|1930|0x000014f054000000, 0x000014f054000000, 0x000014f056000000|  0%| F|  |TAMS 0x000014f054000000, 0x000014f054000000| Untracked 
|1931|0x000014f056000000, 0x000014f056000000, 0x000014f058000000|  0%| F|  |TAMS 0x000014f056000000, 0x000014f056000000| Untracked 
|1932|0x000014f058000000, 0x000014f058000000, 0x000014f05a000000|  0%| F|  |TAMS 0x000014f058000000, 0x000014f058000000| Untracked 
|1933|0x000014f05a000000, 0x000014f05a000000, 0x000014f05c000000|  0%| F|  |TAMS 0x000014f05a000000, 0x000014f05a000000| Untracked 
|1934|0x000014f05c000000, 0x000014f05c000000, 0x000014f05e000000|  0%| F|  |TAMS 0x000014f05c000000, 0x000014f05c000000| Untracked 
|1935|0x000014f05e000000, 0x000014f05e000000, 0x000014f060000000|  0%| F|  |TAMS 0x000014f05e000000, 0x000014f05e000000| Untracked 
|1936|0x000014f060000000, 0x000014f060000000, 0x000014f062000000|  0%| F|  |TAMS 0x000014f060000000, 0x000014f060000000| Untracked 
|1937|0x000014f062000000, 0x000014f062000000, 0x000014f064000000|  0%| F|  |TAMS 0x000014f062000000, 0x000014f062000000| Untracked 
|1938|0x000014f064000000, 0x000014f064000000, 0x000014f066000000|  0%| F|  |TAMS 0x000014f064000000, 0x000014f064000000| Untracked 
|1939|0x000014f066000000, 0x000014f066000000, 0x000014f068000000|  0%| F|  |TAMS 0x000014f066000000, 0x000014f066000000| Untracked 
|1940|0x000014f068000000, 0x000014f068000000, 0x000014f06a000000|  0%| F|  |TAMS 0x000014f068000000, 0x000014f068000000| Untracked 
|1941|0x000014f06a000000, 0x000014f06a000000, 0x000014f06c000000|  0%| F|  |TAMS 0x000014f06a000000, 0x000014f06a000000| Untracked 
|1942|0x000014f06c000000, 0x000014f06c000000, 0x000014f06e000000|  0%| F|  |TAMS 0x000014f06c000000, 0x000014f06c000000| Untracked 
|1943|0x000014f06e000000, 0x000014f06e000000, 0x000014f070000000|  0%| F|  |TAMS 0x000014f06e000000, 0x000014f06e000000| Untracked 
|1944|0x000014f070000000, 0x000014f070000000, 0x000014f072000000|  0%| F|  |TAMS 0x000014f070000000, 0x000014f070000000| Untracked 
|1945|0x000014f072000000, 0x000014f072000000, 0x000014f074000000|  0%| F|  |TAMS 0x000014f072000000, 0x000014f072000000| Untracked 
|1946|0x000014f074000000, 0x000014f074000000, 0x000014f076000000|  0%| F|  |TAMS 0x000014f074000000, 0x000014f074000000| Untracked 
|1947|0x000014f076000000, 0x000014f076000000, 0x000014f078000000|  0%| F|  |TAMS 0x000014f076000000, 0x000014f076000000| Untracked 
|1948|0x000014f078000000, 0x000014f078000000, 0x000014f07a000000|  0%| F|  |TAMS 0x000014f078000000, 0x000014f078000000| Untracked 
|1949|0x000014f07a000000, 0x000014f07a000000, 0x000014f07c000000|  0%| F|  |TAMS 0x000014f07a000000, 0x000014f07a000000| Untracked 
|1950|0x000014f07c000000, 0x000014f07c000000, 0x000014f07e000000|  0%| F|  |TAMS 0x000014f07c000000, 0x000014f07c000000| Untracked 
|1951|0x000014f07e000000, 0x000014f07e000000, 0x000014f080000000|  0%| F|  |TAMS 0x000014f07e000000, 0x000014f07e000000| Untracked 
|1952|0x000014f080000000, 0x000014f080000000, 0x000014f082000000|  0%| F|  |TAMS 0x000014f080000000, 0x000014f080000000| Untracked 
|1953|0x000014f082000000, 0x000014f082000000, 0x000014f084000000|  0%| F|  |TAMS 0x000014f082000000, 0x000014f082000000| Untracked 
|1954|0x000014f084000000, 0x000014f084000000, 0x000014f086000000|  0%| F|  |TAMS 0x000014f084000000, 0x000014f084000000| Untracked 
|1955|0x000014f086000000, 0x000014f086000000, 0x000014f088000000|  0%| F|  |TAMS 0x000014f086000000, 0x000014f086000000| Untracked 
|1956|0x000014f088000000, 0x000014f088000000, 0x000014f08a000000|  0%| F|  |TAMS 0x000014f088000000, 0x000014f088000000| Untracked 
|1957|0x000014f08a000000, 0x000014f08a000000, 0x000014f08c000000|  0%| F|  |TAMS 0x000014f08a000000, 0x000014f08a000000| Untracked 
|1958|0x000014f08c000000, 0x000014f08c000000, 0x000014f08e000000|  0%| F|  |TAMS 0x000014f08c000000, 0x000014f08c000000| Untracked 
|1959|0x000014f08e000000, 0x000014f08e000000, 0x000014f090000000|  0%| F|  |TAMS 0x000014f08e000000, 0x000014f08e000000| Untracked 
|1960|0x000014f090000000, 0x000014f090000000, 0x000014f092000000|  0%| F|  |TAMS 0x000014f090000000, 0x000014f090000000| Untracked 
|1961|0x000014f092000000, 0x000014f092000000, 0x000014f094000000|  0%| F|  |TAMS 0x000014f092000000, 0x000014f092000000| Untracked 
|1962|0x000014f094000000, 0x000014f094000000, 0x000014f096000000|  0%| F|  |TAMS 0x000014f094000000, 0x000014f094000000| Untracked 
|1963|0x000014f096000000, 0x000014f096000000, 0x000014f098000000|  0%| F|  |TAMS 0x000014f096000000, 0x000014f096000000| Untracked 
|1964|0x000014f098000000, 0x000014f098000000, 0x000014f09a000000|  0%| F|  |TAMS 0x000014f098000000, 0x000014f098000000| Untracked 
|1965|0x000014f09a000000, 0x000014f09a000000, 0x000014f09c000000|  0%| F|  |TAMS 0x000014f09a000000, 0x000014f09a000000| Untracked 
|1966|0x000014f09c000000, 0x000014f09c000000, 0x000014f09e000000|  0%| F|  |TAMS 0x000014f09c000000, 0x000014f09c000000| Untracked 
|1967|0x000014f09e000000, 0x000014f09e000000, 0x000014f0a0000000|  0%| F|  |TAMS 0x000014f09e000000, 0x000014f09e000000| Untracked 
|1968|0x000014f0a0000000, 0x000014f0a0000000, 0x000014f0a2000000|  0%| F|  |TAMS 0x000014f0a0000000, 0x000014f0a0000000| Untracked 
|1969|0x000014f0a2000000, 0x000014f0a2000000, 0x000014f0a4000000|  0%| F|  |TAMS 0x000014f0a2000000, 0x000014f0a2000000| Untracked 
|1970|0x000014f0a4000000, 0x000014f0a4000000, 0x000014f0a6000000|  0%| F|  |TAMS 0x000014f0a4000000, 0x000014f0a4000000| Untracked 
|1971|0x000014f0a6000000, 0x000014f0a6000000, 0x000014f0a8000000|  0%| F|  |TAMS 0x000014f0a6000000, 0x000014f0a6000000| Untracked 
|1972|0x000014f0a8000000, 0x000014f0a8000000, 0x000014f0aa000000|  0%| F|  |TAMS 0x000014f0a8000000, 0x000014f0a8000000| Untracked 
|1973|0x000014f0aa000000, 0x000014f0aa000000, 0x000014f0ac000000|  0%| F|  |TAMS 0x000014f0aa000000, 0x000014f0aa000000| Untracked 
|1974|0x000014f0ac000000, 0x000014f0ac000000, 0x000014f0ae000000|  0%| F|  |TAMS 0x000014f0ac000000, 0x000014f0ac000000| Untracked 
|1975|0x000014f0ae000000, 0x000014f0ae000000, 0x000014f0b0000000|  0%| F|  |TAMS 0x000014f0ae000000, 0x000014f0ae000000| Untracked 
|1976|0x000014f0b0000000, 0x000014f0b0000000, 0x000014f0b2000000|  0%| F|  |TAMS 0x000014f0b0000000, 0x000014f0b0000000| Untracked 
|1977|0x000014f0b2000000, 0x000014f0b2000000, 0x000014f0b4000000|  0%| F|  |TAMS 0x000014f0b2000000, 0x000014f0b2000000| Untracked 
|1978|0x000014f0b4000000, 0x000014f0b4000000, 0x000014f0b6000000|  0%| F|  |TAMS 0x000014f0b4000000, 0x000014f0b4000000| Untracked 
|1979|0x000014f0b6000000, 0x000014f0b6000000, 0x000014f0b8000000|  0%| F|  |TAMS 0x000014f0b6000000, 0x000014f0b6000000| Untracked 
|1980|0x000014f0b8000000, 0x000014f0b8000000, 0x000014f0ba000000|  0%| F|  |TAMS 0x000014f0b8000000, 0x000014f0b8000000| Untracked 
|1981|0x000014f0ba000000, 0x000014f0ba000000, 0x000014f0bc000000|  0%| F|  |TAMS 0x000014f0ba000000, 0x000014f0ba000000| Untracked 
|1982|0x000014f0bc000000, 0x000014f0bc000000, 0x000014f0be000000|  0%| F|  |TAMS 0x000014f0bc000000, 0x000014f0bc000000| Untracked 
|1983|0x000014f0be000000, 0x000014f0be000000, 0x000014f0c0000000|  0%| F|  |TAMS 0x000014f0be000000, 0x000014f0be000000| Untracked 
|1984|0x000014f0c0000000, 0x000014f0c0000000, 0x000014f0c2000000|  0%| F|  |TAMS 0x000014f0c0000000, 0x000014f0c0000000| Untracked 
|1985|0x000014f0c2000000, 0x000014f0c2000000, 0x000014f0c4000000|  0%| F|  |TAMS 0x000014f0c2000000, 0x000014f0c2000000| Untracked 
|1986|0x000014f0c4000000, 0x000014f0c4000000, 0x000014f0c6000000|  0%| F|  |TAMS 0x000014f0c4000000, 0x000014f0c4000000| Untracked 
|1987|0x000014f0c6000000, 0x000014f0c6000000, 0x000014f0c8000000|  0%| F|  |TAMS 0x000014f0c6000000, 0x000014f0c6000000| Untracked 
|1988|0x000014f0c8000000, 0x000014f0c8000000, 0x000014f0ca000000|  0%| F|  |TAMS 0x000014f0c8000000, 0x000014f0c8000000| Untracked 
|1989|0x000014f0ca000000, 0x000014f0ca000000, 0x000014f0cc000000|  0%| F|  |TAMS 0x000014f0ca000000, 0x000014f0ca000000| Untracked 
|1990|0x000014f0cc000000, 0x000014f0cc000000, 0x000014f0ce000000|  0%| F|  |TAMS 0x000014f0cc000000, 0x000014f0cc000000| Untracked 
|1991|0x000014f0ce000000, 0x000014f0ce000000, 0x000014f0d0000000|  0%| F|  |TAMS 0x000014f0ce000000, 0x000014f0ce000000| Untracked 
|1992|0x000014f0d0000000, 0x000014f0d0000000, 0x000014f0d2000000|  0%| F|  |TAMS 0x000014f0d0000000, 0x000014f0d0000000| Untracked 
|1993|0x000014f0d2000000, 0x000014f0d2000000, 0x000014f0d4000000|  0%| F|  |TAMS 0x000014f0d2000000, 0x000014f0d2000000| Untracked 
|1994|0x000014f0d4000000, 0x000014f0d4000000, 0x000014f0d6000000|  0%| F|  |TAMS 0x000014f0d4000000, 0x000014f0d4000000| Untracked 
|1995|0x000014f0d6000000, 0x000014f0d6000000, 0x000014f0d8000000|  0%| F|  |TAMS 0x000014f0d6000000, 0x000014f0d6000000| Untracked 
|1996|0x000014f0d8000000, 0x000014f0d8000000, 0x000014f0da000000|  0%| F|  |TAMS 0x000014f0d8000000, 0x000014f0d8000000| Untracked 
|1997|0x000014f0da000000, 0x000014f0da000000, 0x000014f0dc000000|  0%| F|  |TAMS 0x000014f0da000000, 0x000014f0da000000| Untracked 
|1998|0x000014f0dc000000, 0x000014f0dc000000, 0x000014f0de000000|  0%| F|  |TAMS 0x000014f0dc000000, 0x000014f0dc000000| Untracked 
|1999|0x000014f0de000000, 0x000014f0de000000, 0x000014f0e0000000|  0%| F|  |TAMS 0x000014f0de000000, 0x000014f0de000000| Untracked 
|2000|0x000014f0e0000000, 0x000014f0e0000000, 0x000014f0e2000000|  0%| F|  |TAMS 0x000014f0e0000000, 0x000014f0e0000000| Untracked 
|2001|0x000014f0e2000000, 0x000014f0e2000000, 0x000014f0e4000000|  0%| F|  |TAMS 0x000014f0e2000000, 0x000014f0e2000000| Untracked 
|2002|0x000014f0e4000000, 0x000014f0e4000000, 0x000014f0e6000000|  0%| F|  |TAMS 0x000014f0e4000000, 0x000014f0e4000000| Untracked 
|2003|0x000014f0e6000000, 0x000014f0e6000000, 0x000014f0e8000000|  0%| F|  |TAMS 0x000014f0e6000000, 0x000014f0e6000000| Untracked 
|2004|0x000014f0e8000000, 0x000014f0e8000000, 0x000014f0ea000000|  0%| F|  |TAMS 0x000014f0e8000000, 0x000014f0e8000000| Untracked 
|2005|0x000014f0ea000000, 0x000014f0ea000000, 0x000014f0ec000000|  0%| F|  |TAMS 0x000014f0ea000000, 0x000014f0ea000000| Untracked 
|2006|0x000014f0ec000000, 0x000014f0ec000000, 0x000014f0ee000000|  0%| F|  |TAMS 0x000014f0ec000000, 0x000014f0ec000000| Untracked 
|2007|0x000014f0ee000000, 0x000014f0ee000000, 0x000014f0f0000000|  0%| F|  |TAMS 0x000014f0ee000000, 0x000014f0ee000000| Untracked 
|2008|0x000014f0f0000000, 0x000014f0f0000000, 0x000014f0f2000000|  0%| F|  |TAMS 0x000014f0f0000000, 0x000014f0f0000000| Untracked 
|2009|0x000014f0f2000000, 0x000014f0f2000000, 0x000014f0f4000000|  0%| F|  |TAMS 0x000014f0f2000000, 0x000014f0f2000000| Untracked 
|2010|0x000014f0f4000000, 0x000014f0f4000000, 0x000014f0f6000000|  0%| F|  |TAMS 0x000014f0f4000000, 0x000014f0f4000000| Untracked 
|2011|0x000014f0f6000000, 0x000014f0f6000000, 0x000014f0f8000000|  0%| F|  |TAMS 0x000014f0f6000000, 0x000014f0f6000000| Untracked 
|2012|0x000014f0f8000000, 0x000014f0f8000000, 0x000014f0fa000000|  0%| F|  |TAMS 0x000014f0f8000000, 0x000014f0f8000000| Untracked 
|2013|0x000014f0fa000000, 0x000014f0fa000000, 0x000014f0fc000000|  0%| F|  |TAMS 0x000014f0fa000000, 0x000014f0fa000000| Untracked 
|2014|0x000014f0fc000000, 0x000014f0fc000000, 0x000014f0fe000000|  0%| F|  |TAMS 0x000014f0fc000000, 0x000014f0fc000000| Untracked 
|2015|0x000014f0fe000000, 0x000014f0fe000000, 0x000014f100000000|  0%| F|  |TAMS 0x000014f0fe000000, 0x000014f0fe000000| Untracked 
|2016|0x000014f100000000, 0x000014f100000000, 0x000014f102000000|  0%| F|  |TAMS 0x000014f100000000, 0x000014f100000000| Untracked 
|2017|0x000014f102000000, 0x000014f102000000, 0x000014f104000000|  0%| F|  |TAMS 0x000014f102000000, 0x000014f102000000| Untracked 
|2018|0x000014f104000000, 0x000014f104000000, 0x000014f106000000|  0%| F|  |TAMS 0x000014f104000000, 0x000014f104000000| Untracked 
|2019|0x000014f106000000, 0x000014f106000000, 0x000014f108000000|  0%| F|  |TAMS 0x000014f106000000, 0x000014f106000000| Untracked 
|2020|0x000014f108000000, 0x000014f108000000, 0x000014f10a000000|  0%| F|  |TAMS 0x000014f108000000, 0x000014f108000000| Untracked 
|2021|0x000014f10a000000, 0x000014f10a000000, 0x000014f10c000000|  0%| F|  |TAMS 0x000014f10a000000, 0x000014f10a000000| Untracked 
|2022|0x000014f10c000000, 0x000014f10c000000, 0x000014f10e000000|  0%| F|  |TAMS 0x000014f10c000000, 0x000014f10c000000| Untracked 
|2023|0x000014f10e000000, 0x000014f10e000000, 0x000014f110000000|  0%| F|  |TAMS 0x000014f10e000000, 0x000014f10e000000| Untracked 
|2024|0x000014f110000000, 0x000014f110000000, 0x000014f112000000|  0%| F|  |TAMS 0x000014f110000000, 0x000014f110000000| Untracked 
|2025|0x000014f112000000, 0x000014f112000000, 0x000014f114000000|  0%| F|  |TAMS 0x000014f112000000, 0x000014f112000000| Untracked 
|2026|0x000014f114000000, 0x000014f114000000, 0x000014f116000000|  0%| F|  |TAMS 0x000014f114000000, 0x000014f114000000| Untracked 
|2027|0x000014f116000000, 0x000014f116000000, 0x000014f118000000|  0%| F|  |TAMS 0x000014f116000000, 0x000014f116000000| Untracked 
|2028|0x000014f118000000, 0x000014f118000000, 0x000014f11a000000|  0%| F|  |TAMS 0x000014f118000000, 0x000014f118000000| Untracked 
|2029|0x000014f11a000000, 0x000014f11a000000, 0x000014f11c000000|  0%| F|  |TAMS 0x000014f11a000000, 0x000014f11a000000| Untracked 
|2030|0x000014f11c000000, 0x000014f11c000000, 0x000014f11e000000|  0%| F|  |TAMS 0x000014f11c000000, 0x000014f11c000000| Untracked 
|2031|0x000014f11e000000, 0x000014f11e000000, 0x000014f120000000|  0%| F|  |TAMS 0x000014f11e000000, 0x000014f11e000000| Untracked 
|2032|0x000014f120000000, 0x000014f120000000, 0x000014f122000000|  0%| F|  |TAMS 0x000014f120000000, 0x000014f120000000| Untracked 
|2033|0x000014f122000000, 0x000014f122000000, 0x000014f124000000|  0%| F|  |TAMS 0x000014f122000000, 0x000014f122000000| Untracked 
|2034|0x000014f124000000, 0x000014f124000000, 0x000014f126000000|  0%| F|  |TAMS 0x000014f124000000, 0x000014f124000000| Untracked 
|2035|0x000014f126000000, 0x000014f126000000, 0x000014f128000000|  0%| F|  |TAMS 0x000014f126000000, 0x000014f126000000| Untracked 
|2036|0x000014f128000000, 0x000014f128000000, 0x000014f12a000000|  0%| F|  |TAMS 0x000014f128000000, 0x000014f128000000| Untracked 
|2037|0x000014f12a000000, 0x000014f12a000000, 0x000014f12c000000|  0%| F|  |TAMS 0x000014f12a000000, 0x000014f12a000000| Untracked 
|2038|0x000014f12c000000, 0x000014f12c000000, 0x000014f12e000000|  0%| F|  |TAMS 0x000014f12c000000, 0x000014f12c000000| Untracked 
|2039|0x000014f12e000000, 0x000014f12e000000, 0x000014f130000000|  0%| F|  |TAMS 0x000014f12e000000, 0x000014f12e000000| Untracked 
|2040|0x000014f130000000, 0x000014f130000000, 0x000014f132000000|  0%| F|  |TAMS 0x000014f130000000, 0x000014f130000000| Untracked 
|2041|0x000014f132000000, 0x000014f132000000, 0x000014f134000000|  0%| F|  |TAMS 0x000014f132000000, 0x000014f132000000| Untracked 
|2042|0x000014f134000000, 0x000014f134000000, 0x000014f136000000|  0%| F|  |TAMS 0x000014f134000000, 0x000014f134000000| Untracked 
|2043|0x000014f136000000, 0x000014f136000000, 0x000014f138000000|  0%| F|  |TAMS 0x000014f136000000, 0x000014f136000000| Untracked 
|2044|0x000014f138000000, 0x000014f138000000, 0x000014f13a000000|  0%| F|  |TAMS 0x000014f138000000, 0x000014f138000000| Untracked 
|2045|0x000014f13a000000, 0x000014f13a000000, 0x000014f13c000000|  0%| F|  |TAMS 0x000014f13a000000, 0x000014f13a000000| Untracked 
|2046|0x000014f13c000000, 0x000014f13c000000, 0x000014f13e000000|  0%| F|  |TAMS 0x000014f13c000000, 0x000014f13c000000| Untracked 
|2047|0x000014f13e000000, 0x000014f13e000000, 0x000014f140000000|  0%| F|  |TAMS 0x000014f13e000000, 0x000014f13e000000| Untracked 
|2048|0x000014f140000000, 0x000014f140000000, 0x000014f142000000|  0%| F|  |TAMS 0x000014f140000000, 0x000014f140000000| Untracked 
|2049|0x000014f142000000, 0x000014f142000000, 0x000014f144000000|  0%| F|  |TAMS 0x000014f142000000, 0x000014f142000000| Untracked 
|2050|0x000014f144000000, 0x000014f144000000, 0x000014f146000000|  0%| F|  |TAMS 0x000014f144000000, 0x000014f144000000| Untracked 
|2051|0x000014f146000000, 0x000014f146000000, 0x000014f148000000|  0%| F|  |TAMS 0x000014f146000000, 0x000014f146000000| Untracked 
|2052|0x000014f148000000, 0x000014f148000000, 0x000014f14a000000|  0%| F|  |TAMS 0x000014f148000000, 0x000014f148000000| Untracked 
|2053|0x000014f14a000000, 0x000014f14a000000, 0x000014f14c000000|  0%| F|  |TAMS 0x000014f14a000000, 0x000014f14a000000| Untracked 
|2054|0x000014f14c000000, 0x000014f14c000000, 0x000014f14e000000|  0%| F|  |TAMS 0x000014f14c000000, 0x000014f14c000000| Untracked 
|2055|0x000014f14e000000, 0x000014f14e000000, 0x000014f150000000|  0%| F|  |TAMS 0x000014f14e000000, 0x000014f14e000000| Untracked 
|2056|0x000014f150000000, 0x000014f150000000, 0x000014f152000000|  0%| F|  |TAMS 0x000014f150000000, 0x000014f150000000| Untracked 
|2057|0x000014f152000000, 0x000014f152000000, 0x000014f154000000|  0%| F|  |TAMS 0x000014f152000000, 0x000014f152000000| Untracked 
|2058|0x000014f154000000, 0x000014f154000000, 0x000014f156000000|  0%| F|  |TAMS 0x000014f154000000, 0x000014f154000000| Untracked 
|2059|0x000014f156000000, 0x000014f156000000, 0x000014f158000000|  0%| F|  |TAMS 0x000014f156000000, 0x000014f156000000| Untracked 
|2060|0x000014f158000000, 0x000014f158000000, 0x000014f15a000000|  0%| F|  |TAMS 0x000014f158000000, 0x000014f158000000| Untracked 
|2061|0x000014f15a000000, 0x000014f15a000000, 0x000014f15c000000|  0%| F|  |TAMS 0x000014f15a000000, 0x000014f15a000000| Untracked 
|2062|0x000014f15c000000, 0x000014f15c000000, 0x000014f15e000000|  0%| F|  |TAMS 0x000014f15c000000, 0x000014f15c000000| Untracked 
|2063|0x000014f15e000000, 0x000014f15e000000, 0x000014f160000000|  0%| F|  |TAMS 0x000014f15e000000, 0x000014f15e000000| Untracked 
|2064|0x000014f160000000, 0x000014f160000000, 0x000014f162000000|  0%| F|  |TAMS 0x000014f160000000, 0x000014f160000000| Untracked 
|2065|0x000014f162000000, 0x000014f162000000, 0x000014f164000000|  0%| F|  |TAMS 0x000014f162000000, 0x000014f162000000| Untracked 
|2066|0x000014f164000000, 0x000014f164000000, 0x000014f166000000|  0%| F|  |TAMS 0x000014f164000000, 0x000014f164000000| Untracked 
|2067|0x000014f166000000, 0x000014f166000000, 0x000014f168000000|  0%| F|  |TAMS 0x000014f166000000, 0x000014f166000000| Untracked 
|2068|0x000014f168000000, 0x000014f168000000, 0x000014f16a000000|  0%| F|  |TAMS 0x000014f168000000, 0x000014f168000000| Untracked 
|2069|0x000014f16a000000, 0x000014f16a000000, 0x000014f16c000000|  0%| F|  |TAMS 0x000014f16a000000, 0x000014f16a000000| Untracked 
|2070|0x000014f16c000000, 0x000014f16c000000, 0x000014f16e000000|  0%| F|  |TAMS 0x000014f16c000000, 0x000014f16c000000| Untracked 
|2071|0x000014f16e000000, 0x000014f16e000000, 0x000014f170000000|  0%| F|  |TAMS 0x000014f16e000000, 0x000014f16e000000| Untracked 
|2072|0x000014f170000000, 0x000014f170000000, 0x000014f172000000|  0%| F|  |TAMS 0x000014f170000000, 0x000014f170000000| Untracked 
|2073|0x000014f172000000, 0x000014f172000000, 0x000014f174000000|  0%| F|  |TAMS 0x000014f172000000, 0x000014f172000000| Untracked 
|2074|0x000014f174000000, 0x000014f174000000, 0x000014f176000000|  0%| F|  |TAMS 0x000014f174000000, 0x000014f174000000| Untracked 
|2075|0x000014f176000000, 0x000014f176000000, 0x000014f178000000|  0%| F|  |TAMS 0x000014f176000000, 0x000014f176000000| Untracked 
|2076|0x000014f178000000, 0x000014f178000000, 0x000014f17a000000|  0%| F|  |TAMS 0x000014f178000000, 0x000014f178000000| Untracked 
|2077|0x000014f17a000000, 0x000014f17a000000, 0x000014f17c000000|  0%| F|  |TAMS 0x000014f17a000000, 0x000014f17a000000| Untracked 
|2078|0x000014f17c000000, 0x000014f17c000000, 0x000014f17e000000|  0%| F|  |TAMS 0x000014f17c000000, 0x000014f17c000000| Untracked 
|2079|0x000014f17e000000, 0x000014f17e000000, 0x000014f180000000|  0%| F|  |TAMS 0x000014f17e000000, 0x000014f17e000000| Untracked 
|2080|0x000014f180000000, 0x000014f180000000, 0x000014f182000000|  0%| F|  |TAMS 0x000014f180000000, 0x000014f180000000| Untracked 
|2081|0x000014f182000000, 0x000014f182000000, 0x000014f184000000|  0%| F|  |TAMS 0x000014f182000000, 0x000014f182000000| Untracked 
|2082|0x000014f184000000, 0x000014f184000000, 0x000014f186000000|  0%| F|  |TAMS 0x000014f184000000, 0x000014f184000000| Untracked 
|2083|0x000014f186000000, 0x000014f186000000, 0x000014f188000000|  0%| F|  |TAMS 0x000014f186000000, 0x000014f186000000| Untracked 
|2084|0x000014f188000000, 0x000014f188000000, 0x000014f18a000000|  0%| F|  |TAMS 0x000014f188000000, 0x000014f188000000| Untracked 
|2085|0x000014f18a000000, 0x000014f18a000000, 0x000014f18c000000|  0%| F|  |TAMS 0x000014f18a000000, 0x000014f18a000000| Untracked 
|2086|0x000014f18c000000, 0x000014f18c000000, 0x000014f18e000000|  0%| F|  |TAMS 0x000014f18c000000, 0x000014f18c000000| Untracked 
|2087|0x000014f18e000000, 0x000014f18e000000, 0x000014f190000000|  0%| F|  |TAMS 0x000014f18e000000, 0x000014f18e000000| Untracked 
|2088|0x000014f190000000, 0x000014f190000000, 0x000014f192000000|  0%| F|  |TAMS 0x000014f190000000, 0x000014f190000000| Untracked 
|2089|0x000014f192000000, 0x000014f192000000, 0x000014f194000000|  0%| F|  |TAMS 0x000014f192000000, 0x000014f192000000| Untracked 
|2090|0x000014f194000000, 0x000014f194000000, 0x000014f196000000|  0%| F|  |TAMS 0x000014f194000000, 0x000014f194000000| Untracked 
|2091|0x000014f196000000, 0x000014f196000000, 0x000014f198000000|  0%| F|  |TAMS 0x000014f196000000, 0x000014f196000000| Untracked 
|2092|0x000014f198000000, 0x000014f198000000, 0x000014f19a000000|  0%| F|  |TAMS 0x000014f198000000, 0x000014f198000000| Untracked 
|2093|0x000014f19a000000, 0x000014f19a000000, 0x000014f19c000000|  0%| F|  |TAMS 0x000014f19a000000, 0x000014f19a000000| Untracked 
|2094|0x000014f19c000000, 0x000014f19c000000, 0x000014f19e000000|  0%| F|  |TAMS 0x000014f19c000000, 0x000014f19c000000| Untracked 
|2095|0x000014f19e000000, 0x000014f19e000000, 0x000014f1a0000000|  0%| F|  |TAMS 0x000014f19e000000, 0x000014f19e000000| Untracked 
|2096|0x000014f1a0000000, 0x000014f1a0000000, 0x000014f1a2000000|  0%| F|  |TAMS 0x000014f1a0000000, 0x000014f1a0000000| Untracked 
|2097|0x000014f1a2000000, 0x000014f1a2000000, 0x000014f1a4000000|  0%| F|  |TAMS 0x000014f1a2000000, 0x000014f1a2000000| Untracked 
|2098|0x000014f1a4000000, 0x000014f1a4000000, 0x000014f1a6000000|  0%| F|  |TAMS 0x000014f1a4000000, 0x000014f1a4000000| Untracked 
|2099|0x000014f1a6000000, 0x000014f1a6000000, 0x000014f1a8000000|  0%| F|  |TAMS 0x000014f1a6000000, 0x000014f1a6000000| Untracked 
|2100|0x000014f1a8000000, 0x000014f1a8000000, 0x000014f1aa000000|  0%| F|  |TAMS 0x000014f1a8000000, 0x000014f1a8000000| Untracked 
|2101|0x000014f1aa000000, 0x000014f1aa000000, 0x000014f1ac000000|  0%| F|  |TAMS 0x000014f1aa000000, 0x000014f1aa000000| Untracked 
|2102|0x000014f1ac000000, 0x000014f1ac000000, 0x000014f1ae000000|  0%| F|  |TAMS 0x000014f1ac000000, 0x000014f1ac000000| Untracked 
|2103|0x000014f1ae000000, 0x000014f1ae000000, 0x000014f1b0000000|  0%| F|  |TAMS 0x000014f1ae000000, 0x000014f1ae000000| Untracked 
|2104|0x000014f1b0000000, 0x000014f1b0000000, 0x000014f1b2000000|  0%| F|  |TAMS 0x000014f1b0000000, 0x000014f1b0000000| Untracked 
|2105|0x000014f1b2000000, 0x000014f1b2000000, 0x000014f1b4000000|  0%| F|  |TAMS 0x000014f1b2000000, 0x000014f1b2000000| Untracked 
|2106|0x000014f1b4000000, 0x000014f1b4000000, 0x000014f1b6000000|  0%| F|  |TAMS 0x000014f1b4000000, 0x000014f1b4000000| Untracked 
|2107|0x000014f1b6000000, 0x000014f1b6000000, 0x000014f1b8000000|  0%| F|  |TAMS 0x000014f1b6000000, 0x000014f1b6000000| Untracked 
|2108|0x000014f1b8000000, 0x000014f1b8000000, 0x000014f1ba000000|  0%| F|  |TAMS 0x000014f1b8000000, 0x000014f1b8000000| Untracked 
|2109|0x000014f1ba000000, 0x000014f1ba000000, 0x000014f1bc000000|  0%| F|  |TAMS 0x000014f1ba000000, 0x000014f1ba000000| Untracked 
|2110|0x000014f1bc000000, 0x000014f1bc000000, 0x000014f1be000000|  0%| F|  |TAMS 0x000014f1bc000000, 0x000014f1bc000000| Untracked 
|2111|0x000014f1be000000, 0x000014f1be000000, 0x000014f1c0000000|  0%| F|  |TAMS 0x000014f1be000000, 0x000014f1be000000| Untracked 
|2112|0x000014f1c0000000, 0x000014f1c0000000, 0x000014f1c2000000|  0%| F|  |TAMS 0x000014f1c0000000, 0x000014f1c0000000| Untracked 
|2113|0x000014f1c2000000, 0x000014f1c2000000, 0x000014f1c4000000|  0%| F|  |TAMS 0x000014f1c2000000, 0x000014f1c2000000| Untracked 
|2114|0x000014f1c4000000, 0x000014f1c4000000, 0x000014f1c6000000|  0%| F|  |TAMS 0x000014f1c4000000, 0x000014f1c4000000| Untracked 
|2115|0x000014f1c6000000, 0x000014f1c6000000, 0x000014f1c8000000|  0%| F|  |TAMS 0x000014f1c6000000, 0x000014f1c6000000| Untracked 
|2116|0x000014f1c8000000, 0x000014f1c8000000, 0x000014f1ca000000|  0%| F|  |TAMS 0x000014f1c8000000, 0x000014f1c8000000| Untracked 
|2117|0x000014f1ca000000, 0x000014f1ca000000, 0x000014f1cc000000|  0%| F|  |TAMS 0x000014f1ca000000, 0x000014f1ca000000| Untracked 
|2118|0x000014f1cc000000, 0x000014f1cc000000, 0x000014f1ce000000|  0%| F|  |TAMS 0x000014f1cc000000, 0x000014f1cc000000| Untracked 
|2119|0x000014f1ce000000, 0x000014f1ce000000, 0x000014f1d0000000|  0%| F|  |TAMS 0x000014f1ce000000, 0x000014f1ce000000| Untracked 
|2120|0x000014f1d0000000, 0x000014f1d0000000, 0x000014f1d2000000|  0%| F|  |TAMS 0x000014f1d0000000, 0x000014f1d0000000| Untracked 
|2121|0x000014f1d2000000, 0x000014f1d2000000, 0x000014f1d4000000|  0%| F|  |TAMS 0x000014f1d2000000, 0x000014f1d2000000| Untracked 
|2122|0x000014f1d4000000, 0x000014f1d4000000, 0x000014f1d6000000|  0%| F|  |TAMS 0x000014f1d4000000, 0x000014f1d4000000| Untracked 
|2123|0x000014f1d6000000, 0x000014f1d6000000, 0x000014f1d8000000|  0%| F|  |TAMS 0x000014f1d6000000, 0x000014f1d6000000| Untracked 
|2124|0x000014f1d8000000, 0x000014f1d8000000, 0x000014f1da000000|  0%| F|  |TAMS 0x000014f1d8000000, 0x000014f1d8000000| Untracked 
|2125|0x000014f1da000000, 0x000014f1da000000, 0x000014f1dc000000|  0%| F|  |TAMS 0x000014f1da000000, 0x000014f1da000000| Untracked 
|2126|0x000014f1dc000000, 0x000014f1dc000000, 0x000014f1de000000|  0%| F|  |TAMS 0x000014f1dc000000, 0x000014f1dc000000| Untracked 
|2127|0x000014f1de000000, 0x000014f1de000000, 0x000014f1e0000000|  0%| F|  |TAMS 0x000014f1de000000, 0x000014f1de000000| Untracked 
|2128|0x000014f1e0000000, 0x000014f1e0000000, 0x000014f1e2000000|  0%| F|  |TAMS 0x000014f1e0000000, 0x000014f1e0000000| Untracked 
|2129|0x000014f1e2000000, 0x000014f1e2000000, 0x000014f1e4000000|  0%| F|  |TAMS 0x000014f1e2000000, 0x000014f1e2000000| Untracked 
|2130|0x000014f1e4000000, 0x000014f1e4000000, 0x000014f1e6000000|  0%| F|  |TAMS 0x000014f1e4000000, 0x000014f1e4000000| Untracked 
|2131|0x000014f1e6000000, 0x000014f1e6000000, 0x000014f1e8000000|  0%| F|  |TAMS 0x000014f1e6000000, 0x000014f1e6000000| Untracked 
|2132|0x000014f1e8000000, 0x000014f1e8000000, 0x000014f1ea000000|  0%| F|  |TAMS 0x000014f1e8000000, 0x000014f1e8000000| Untracked 
|2133|0x000014f1ea000000, 0x000014f1ea000000, 0x000014f1ec000000|  0%| F|  |TAMS 0x000014f1ea000000, 0x000014f1ea000000| Untracked 
|2134|0x000014f1ec000000, 0x000014f1ec000000, 0x000014f1ee000000|  0%| F|  |TAMS 0x000014f1ec000000, 0x000014f1ec000000| Untracked 
|2135|0x000014f1ee000000, 0x000014f1ee000000, 0x000014f1f0000000|  0%| F|  |TAMS 0x000014f1ee000000, 0x000014f1ee000000| Untracked 
|2136|0x000014f1f0000000, 0x000014f1f0000000, 0x000014f1f2000000|  0%| F|  |TAMS 0x000014f1f0000000, 0x000014f1f0000000| Untracked 
|2137|0x000014f1f2000000, 0x000014f1f2000000, 0x000014f1f4000000|  0%| F|  |TAMS 0x000014f1f2000000, 0x000014f1f2000000| Untracked 
|2138|0x000014f1f4000000, 0x000014f1f4000000, 0x000014f1f6000000|  0%| F|  |TAMS 0x000014f1f4000000, 0x000014f1f4000000| Untracked 
|2139|0x000014f1f6000000, 0x000014f1f6000000, 0x000014f1f8000000|  0%| F|  |TAMS 0x000014f1f6000000, 0x000014f1f6000000| Untracked 
|2140|0x000014f1f8000000, 0x000014f1f8000000, 0x000014f1fa000000|  0%| F|  |TAMS 0x000014f1f8000000, 0x000014f1f8000000| Untracked 
|2141|0x000014f1fa000000, 0x000014f1fa000000, 0x000014f1fc000000|  0%| F|  |TAMS 0x000014f1fa000000, 0x000014f1fa000000| Untracked 
|2142|0x000014f1fc000000, 0x000014f1fc000000, 0x000014f1fe000000|  0%| F|  |TAMS 0x000014f1fc000000, 0x000014f1fc000000| Untracked 
|2143|0x000014f1fe000000, 0x000014f1fe000000, 0x000014f200000000|  0%| F|  |TAMS 0x000014f1fe000000, 0x000014f1fe000000| Untracked 
|2144|0x000014f200000000, 0x000014f200000000, 0x000014f202000000|  0%| F|  |TAMS 0x000014f200000000, 0x000014f200000000| Untracked 
|2145|0x000014f202000000, 0x000014f202000000, 0x000014f204000000|  0%| F|  |TAMS 0x000014f202000000, 0x000014f202000000| Untracked 
|2146|0x000014f204000000, 0x000014f204000000, 0x000014f206000000|  0%| F|  |TAMS 0x000014f204000000, 0x000014f204000000| Untracked 
|2147|0x000014f206000000, 0x000014f206000000, 0x000014f208000000|  0%| F|  |TAMS 0x000014f206000000, 0x000014f206000000| Untracked 
|2148|0x000014f208000000, 0x000014f208000000, 0x000014f20a000000|  0%| F|  |TAMS 0x000014f208000000, 0x000014f208000000| Untracked 
|2149|0x000014f20a000000, 0x000014f20a000000, 0x000014f20c000000|  0%| F|  |TAMS 0x000014f20a000000, 0x000014f20a000000| Untracked 
|2150|0x000014f20c000000, 0x000014f20c000000, 0x000014f20e000000|  0%| F|  |TAMS 0x000014f20c000000, 0x000014f20c000000| Untracked 
|2151|0x000014f20e000000, 0x000014f20e000000, 0x000014f210000000|  0%| F|  |TAMS 0x000014f20e000000, 0x000014f20e000000| Untracked 
|2152|0x000014f210000000, 0x000014f210000000, 0x000014f212000000|  0%| F|  |TAMS 0x000014f210000000, 0x000014f210000000| Untracked 
|2153|0x000014f212000000, 0x000014f212000000, 0x000014f214000000|  0%| F|  |TAMS 0x000014f212000000, 0x000014f212000000| Untracked 
|2154|0x000014f214000000, 0x000014f214000000, 0x000014f216000000|  0%| F|  |TAMS 0x000014f214000000, 0x000014f214000000| Untracked 
|2155|0x000014f216000000, 0x000014f216000000, 0x000014f218000000|  0%| F|  |TAMS 0x000014f216000000, 0x000014f216000000| Untracked 
|2156|0x000014f218000000, 0x000014f218000000, 0x000014f21a000000|  0%| F|  |TAMS 0x000014f218000000, 0x000014f218000000| Untracked 
|2157|0x000014f21a000000, 0x000014f21a000000, 0x000014f21c000000|  0%| F|  |TAMS 0x000014f21a000000, 0x000014f21a000000| Untracked 
|2158|0x000014f21c000000, 0x000014f21c000000, 0x000014f21e000000|  0%| F|  |TAMS 0x000014f21c000000, 0x000014f21c000000| Untracked 
|2159|0x000014f21e000000, 0x000014f21e000000, 0x000014f220000000|  0%| F|  |TAMS 0x000014f21e000000, 0x000014f21e000000| Untracked 
|2160|0x000014f220000000, 0x000014f220000000, 0x000014f222000000|  0%| F|  |TAMS 0x000014f220000000, 0x000014f220000000| Untracked 
|2161|0x000014f222000000, 0x000014f222000000, 0x000014f224000000|  0%| F|  |TAMS 0x000014f222000000, 0x000014f222000000| Untracked 
|2162|0x000014f224000000, 0x000014f224000000, 0x000014f226000000|  0%| F|  |TAMS 0x000014f224000000, 0x000014f224000000| Untracked 
|2163|0x000014f226000000, 0x000014f226000000, 0x000014f228000000|  0%| F|  |TAMS 0x000014f226000000, 0x000014f226000000| Untracked 
|2164|0x000014f228000000, 0x000014f228000000, 0x000014f22a000000|  0%| F|  |TAMS 0x000014f228000000, 0x000014f228000000| Untracked 
|2165|0x000014f22a000000, 0x000014f22a000000, 0x000014f22c000000|  0%| F|  |TAMS 0x000014f22a000000, 0x000014f22a000000| Untracked 
|2166|0x000014f22c000000, 0x000014f22c000000, 0x000014f22e000000|  0%| F|  |TAMS 0x000014f22c000000, 0x000014f22c000000| Untracked 
|2167|0x000014f22e000000, 0x000014f22e000000, 0x000014f230000000|  0%| F|  |TAMS 0x000014f22e000000, 0x000014f22e000000| Untracked 
|2168|0x000014f230000000, 0x000014f230000000, 0x000014f232000000|  0%| F|  |TAMS 0x000014f230000000, 0x000014f230000000| Untracked 
|2169|0x000014f232000000, 0x000014f232000000, 0x000014f234000000|  0%| F|  |TAMS 0x000014f232000000, 0x000014f232000000| Untracked 
|2170|0x000014f234000000, 0x000014f234000000, 0x000014f236000000|  0%| F|  |TAMS 0x000014f234000000, 0x000014f234000000| Untracked 
|2171|0x000014f236000000, 0x000014f236000000, 0x000014f238000000|  0%| F|  |TAMS 0x000014f236000000, 0x000014f236000000| Untracked 
|2172|0x000014f238000000, 0x000014f238000000, 0x000014f23a000000|  0%| F|  |TAMS 0x000014f238000000, 0x000014f238000000| Untracked 
|2173|0x000014f23a000000, 0x000014f23a000000, 0x000014f23c000000|  0%| F|  |TAMS 0x000014f23a000000, 0x000014f23a000000| Untracked 
|2174|0x000014f23c000000, 0x000014f23c000000, 0x000014f23e000000|  0%| F|  |TAMS 0x000014f23c000000, 0x000014f23c000000| Untracked 
|2175|0x000014f23e000000, 0x000014f23e000000, 0x000014f240000000|  0%| F|  |TAMS 0x000014f23e000000, 0x000014f23e000000| Untracked 
|2176|0x000014f240000000, 0x000014f240000000, 0x000014f242000000|  0%| F|  |TAMS 0x000014f240000000, 0x000014f240000000| Untracked 
|2177|0x000014f242000000, 0x000014f242000000, 0x000014f244000000|  0%| F|  |TAMS 0x000014f242000000, 0x000014f242000000| Untracked 
|2178|0x000014f244000000, 0x000014f244000000, 0x000014f246000000|  0%| F|  |TAMS 0x000014f244000000, 0x000014f244000000| Untracked 
|2179|0x000014f246000000, 0x000014f246000000, 0x000014f248000000|  0%| F|  |TAMS 0x000014f246000000, 0x000014f246000000| Untracked 
|2180|0x000014f248000000, 0x000014f248000000, 0x000014f24a000000|  0%| F|  |TAMS 0x000014f248000000, 0x000014f248000000| Untracked 
|2181|0x000014f24a000000, 0x000014f24a000000, 0x000014f24c000000|  0%| F|  |TAMS 0x000014f24a000000, 0x000014f24a000000| Untracked 
|2182|0x000014f24c000000, 0x000014f24c000000, 0x000014f24e000000|  0%| F|  |TAMS 0x000014f24c000000, 0x000014f24c000000| Untracked 
|2183|0x000014f24e000000, 0x000014f24e000000, 0x000014f250000000|  0%| F|  |TAMS 0x000014f24e000000, 0x000014f24e000000| Untracked 
|2184|0x000014f250000000, 0x000014f250000000, 0x000014f252000000|  0%| F|  |TAMS 0x000014f250000000, 0x000014f250000000| Untracked 
|2185|0x000014f252000000, 0x000014f252000000, 0x000014f254000000|  0%| F|  |TAMS 0x000014f252000000, 0x000014f252000000| Untracked 
|2186|0x000014f254000000, 0x000014f254000000, 0x000014f256000000|  0%| F|  |TAMS 0x000014f254000000, 0x000014f254000000| Untracked 
|2187|0x000014f256000000, 0x000014f256000000, 0x000014f258000000|  0%| F|  |TAMS 0x000014f256000000, 0x000014f256000000| Untracked 
|2188|0x000014f258000000, 0x000014f258000000, 0x000014f25a000000|  0%| F|  |TAMS 0x000014f258000000, 0x000014f258000000| Untracked 
|2189|0x000014f25a000000, 0x000014f25a000000, 0x000014f25c000000|  0%| F|  |TAMS 0x000014f25a000000, 0x000014f25a000000| Untracked 
|2190|0x000014f25c000000, 0x000014f25c000000, 0x000014f25e000000|  0%| F|  |TAMS 0x000014f25c000000, 0x000014f25c000000| Untracked 
|2191|0x000014f25e000000, 0x000014f25e000000, 0x000014f260000000|  0%| F|  |TAMS 0x000014f25e000000, 0x000014f25e000000| Untracked 
|2192|0x000014f260000000, 0x000014f260000000, 0x000014f262000000|  0%| F|  |TAMS 0x000014f260000000, 0x000014f260000000| Untracked 
|2193|0x000014f262000000, 0x000014f262000000, 0x000014f264000000|  0%| F|  |TAMS 0x000014f262000000, 0x000014f262000000| Untracked 
|2194|0x000014f264000000, 0x000014f264000000, 0x000014f266000000|  0%| F|  |TAMS 0x000014f264000000, 0x000014f264000000| Untracked 
|2195|0x000014f266000000, 0x000014f266000000, 0x000014f268000000|  0%| F|  |TAMS 0x000014f266000000, 0x000014f266000000| Untracked 
|2196|0x000014f268000000, 0x000014f268000000, 0x000014f26a000000|  0%| F|  |TAMS 0x000014f268000000, 0x000014f268000000| Untracked 
|2197|0x000014f26a000000, 0x000014f26a000000, 0x000014f26c000000|  0%| F|  |TAMS 0x000014f26a000000, 0x000014f26a000000| Untracked 
|2198|0x000014f26c000000, 0x000014f26c000000, 0x000014f26e000000|  0%| F|  |TAMS 0x000014f26c000000, 0x000014f26c000000| Untracked 
|2199|0x000014f26e000000, 0x000014f26e000000, 0x000014f270000000|  0%| F|  |TAMS 0x000014f26e000000, 0x000014f26e000000| Untracked 
|2200|0x000014f270000000, 0x000014f270000000, 0x000014f272000000|  0%| F|  |TAMS 0x000014f270000000, 0x000014f270000000| Untracked 
|2201|0x000014f272000000, 0x000014f272000000, 0x000014f274000000|  0%| F|  |TAMS 0x000014f272000000, 0x000014f272000000| Untracked 
|2202|0x000014f274000000, 0x000014f274000000, 0x000014f276000000|  0%| F|  |TAMS 0x000014f274000000, 0x000014f274000000| Untracked 
|2203|0x000014f276000000, 0x000014f276000000, 0x000014f278000000|  0%| F|  |TAMS 0x000014f276000000, 0x000014f276000000| Untracked 
|2204|0x000014f278000000, 0x000014f278000000, 0x000014f27a000000|  0%| F|  |TAMS 0x000014f278000000, 0x000014f278000000| Untracked 
|2205|0x000014f27a000000, 0x000014f27a000000, 0x000014f27c000000|  0%| F|  |TAMS 0x000014f27a000000, 0x000014f27a000000| Untracked 
|2206|0x000014f27c000000, 0x000014f27c000000, 0x000014f27e000000|  0%| F|  |TAMS 0x000014f27c000000, 0x000014f27c000000| Untracked 
|2207|0x000014f27e000000, 0x000014f27e000000, 0x000014f280000000|  0%| F|  |TAMS 0x000014f27e000000, 0x000014f27e000000| Untracked 
|2208|0x000014f280000000, 0x000014f280000000, 0x000014f282000000|  0%| F|  |TAMS 0x000014f280000000, 0x000014f280000000| Untracked 
|2209|0x000014f282000000, 0x000014f282000000, 0x000014f284000000|  0%| F|  |TAMS 0x000014f282000000, 0x000014f282000000| Untracked 
|2210|0x000014f284000000, 0x000014f284000000, 0x000014f286000000|  0%| F|  |TAMS 0x000014f284000000, 0x000014f284000000| Untracked 
|2211|0x000014f286000000, 0x000014f286000000, 0x000014f288000000|  0%| F|  |TAMS 0x000014f286000000, 0x000014f286000000| Untracked 
|2212|0x000014f288000000, 0x000014f288000000, 0x000014f28a000000|  0%| F|  |TAMS 0x000014f288000000, 0x000014f288000000| Untracked 
|2213|0x000014f28a000000, 0x000014f28a000000, 0x000014f28c000000|  0%| F|  |TAMS 0x000014f28a000000, 0x000014f28a000000| Untracked 
|2214|0x000014f28c000000, 0x000014f28c000000, 0x000014f28e000000|  0%| F|  |TAMS 0x000014f28c000000, 0x000014f28c000000| Untracked 
|2215|0x000014f28e000000, 0x000014f28e000000, 0x000014f290000000|  0%| F|  |TAMS 0x000014f28e000000, 0x000014f28e000000| Untracked 
|2216|0x000014f290000000, 0x000014f290000000, 0x000014f292000000|  0%| F|  |TAMS 0x000014f290000000, 0x000014f290000000| Untracked 
|2217|0x000014f292000000, 0x000014f292000000, 0x000014f294000000|  0%| F|  |TAMS 0x000014f292000000, 0x000014f292000000| Untracked 
|2218|0x000014f294000000, 0x000014f294000000, 0x000014f296000000|  0%| F|  |TAMS 0x000014f294000000, 0x000014f294000000| Untracked 
|2219|0x000014f296000000, 0x000014f296000000, 0x000014f298000000|  0%| F|  |TAMS 0x000014f296000000, 0x000014f296000000| Untracked 
|2220|0x000014f298000000, 0x000014f298000000, 0x000014f29a000000|  0%| F|  |TAMS 0x000014f298000000, 0x000014f298000000| Untracked 
|2221|0x000014f29a000000, 0x000014f29a000000, 0x000014f29c000000|  0%| F|  |TAMS 0x000014f29a000000, 0x000014f29a000000| Untracked 
|2222|0x000014f29c000000, 0x000014f29c000000, 0x000014f29e000000|  0%| F|  |TAMS 0x000014f29c000000, 0x000014f29c000000| Untracked 
|2223|0x000014f29e000000, 0x000014f29e000000, 0x000014f2a0000000|  0%| F|  |TAMS 0x000014f29e000000, 0x000014f29e000000| Untracked 
|2224|0x000014f2a0000000, 0x000014f2a0000000, 0x000014f2a2000000|  0%| F|  |TAMS 0x000014f2a0000000, 0x000014f2a0000000| Untracked 
|2225|0x000014f2a2000000, 0x000014f2a2000000, 0x000014f2a4000000|  0%| F|  |TAMS 0x000014f2a2000000, 0x000014f2a2000000| Untracked 
|2226|0x000014f2a4000000, 0x000014f2a4000000, 0x000014f2a6000000|  0%| F|  |TAMS 0x000014f2a4000000, 0x000014f2a4000000| Untracked 
|2227|0x000014f2a6000000, 0x000014f2a6000000, 0x000014f2a8000000|  0%| F|  |TAMS 0x000014f2a6000000, 0x000014f2a6000000| Untracked 
|2228|0x000014f2a8000000, 0x000014f2a8000000, 0x000014f2aa000000|  0%| F|  |TAMS 0x000014f2a8000000, 0x000014f2a8000000| Untracked 
|2229|0x000014f2aa000000, 0x000014f2aa000000, 0x000014f2ac000000|  0%| F|  |TAMS 0x000014f2aa000000, 0x000014f2aa000000| Untracked 
|2230|0x000014f2ac000000, 0x000014f2ac000000, 0x000014f2ae000000|  0%| F|  |TAMS 0x000014f2ac000000, 0x000014f2ac000000| Untracked 
|2231|0x000014f2ae000000, 0x000014f2ae000000, 0x000014f2b0000000|  0%| F|  |TAMS 0x000014f2ae000000, 0x000014f2ae000000| Untracked 
|2232|0x000014f2b0000000, 0x000014f2b0000000, 0x000014f2b2000000|  0%| F|  |TAMS 0x000014f2b0000000, 0x000014f2b0000000| Untracked 
|2233|0x000014f2b2000000, 0x000014f2b2000000, 0x000014f2b4000000|  0%| F|  |TAMS 0x000014f2b2000000, 0x000014f2b2000000| Untracked 
|2234|0x000014f2b4000000, 0x000014f2b4000000, 0x000014f2b6000000|  0%| F|  |TAMS 0x000014f2b4000000, 0x000014f2b4000000| Untracked 
|2235|0x000014f2b6000000, 0x000014f2b6000000, 0x000014f2b8000000|  0%| F|  |TAMS 0x000014f2b6000000, 0x000014f2b6000000| Untracked 
|2236|0x000014f2b8000000, 0x000014f2b8000000, 0x000014f2ba000000|  0%| F|  |TAMS 0x000014f2b8000000, 0x000014f2b8000000| Untracked 
|2237|0x000014f2ba000000, 0x000014f2ba000000, 0x000014f2bc000000|  0%| F|  |TAMS 0x000014f2ba000000, 0x000014f2ba000000| Untracked 
|2238|0x000014f2bc000000, 0x000014f2bc000000, 0x000014f2be000000|  0%| F|  |TAMS 0x000014f2bc000000, 0x000014f2bc000000| Untracked 
|2239|0x000014f2be000000, 0x000014f2be000000, 0x000014f2c0000000|  0%| F|  |TAMS 0x000014f2be000000, 0x000014f2be000000| Untracked 
|2240|0x000014f2c0000000, 0x000014f2c0000000, 0x000014f2c2000000|  0%| F|  |TAMS 0x000014f2c0000000, 0x000014f2c0000000| Untracked 
|2241|0x000014f2c2000000, 0x000014f2c2000000, 0x000014f2c4000000|  0%| F|  |TAMS 0x000014f2c2000000, 0x000014f2c2000000| Untracked 
|2242|0x000014f2c4000000, 0x000014f2c4000000, 0x000014f2c6000000|  0%| F|  |TAMS 0x000014f2c4000000, 0x000014f2c4000000| Untracked 
|2243|0x000014f2c6000000, 0x000014f2c6000000, 0x000014f2c8000000|  0%| F|  |TAMS 0x000014f2c6000000, 0x000014f2c6000000| Untracked 
|2244|0x000014f2c8000000, 0x000014f2c8000000, 0x000014f2ca000000|  0%| F|  |TAMS 0x000014f2c8000000, 0x000014f2c8000000| Untracked 
|2245|0x000014f2ca000000, 0x000014f2ca000000, 0x000014f2cc000000|  0%| F|  |TAMS 0x000014f2ca000000, 0x000014f2ca000000| Untracked 
|2246|0x000014f2cc000000, 0x000014f2cc000000, 0x000014f2ce000000|  0%| F|  |TAMS 0x000014f2cc000000, 0x000014f2cc000000| Untracked 
|2247|0x000014f2ce000000, 0x000014f2ce000000, 0x000014f2d0000000|  0%| F|  |TAMS 0x000014f2ce000000, 0x000014f2ce000000| Untracked 
|2248|0x000014f2d0000000, 0x000014f2d0000000, 0x000014f2d2000000|  0%| F|  |TAMS 0x000014f2d0000000, 0x000014f2d0000000| Untracked 
|2249|0x000014f2d2000000, 0x000014f2d2000000, 0x000014f2d4000000|  0%| F|  |TAMS 0x000014f2d2000000, 0x000014f2d2000000| Untracked 
|2250|0x000014f2d4000000, 0x000014f2d4000000, 0x000014f2d6000000|  0%| F|  |TAMS 0x000014f2d4000000, 0x000014f2d4000000| Untracked 
|2251|0x000014f2d6000000, 0x000014f2d6000000, 0x000014f2d8000000|  0%| F|  |TAMS 0x000014f2d6000000, 0x000014f2d6000000| Untracked 
|2252|0x000014f2d8000000, 0x000014f2d8000000, 0x000014f2da000000|  0%| F|  |TAMS 0x000014f2d8000000, 0x000014f2d8000000| Untracked 
|2253|0x000014f2da000000, 0x000014f2da000000, 0x000014f2dc000000|  0%| F|  |TAMS 0x000014f2da000000, 0x000014f2da000000| Untracked 
|2254|0x000014f2dc000000, 0x000014f2ddc64970, 0x000014f2de000000| 88%| S|CS|TAMS 0x000014f2dc000000, 0x000014f2dc000000| Complete 
|2255|0x000014f2de000000, 0x000014f2e0000000, 0x000014f2e0000000|100%| S|CS|TAMS 0x000014f2de000000, 0x000014f2de000000| Complete 
|2256|0x000014f2e0000000, 0x000014f2e0000000, 0x000014f2e2000000|  0%| F|  |TAMS 0x000014f2e0000000, 0x000014f2e0000000| Untracked 
|2257|0x000014f2e2000000, 0x000014f2e2000000, 0x000014f2e4000000|  0%| F|  |TAMS 0x000014f2e2000000, 0x000014f2e2000000| Untracked 
|2258|0x000014f2e4000000, 0x000014f2e4000000, 0x000014f2e6000000|  0%| F|  |TAMS 0x000014f2e4000000, 0x000014f2e4000000| Untracked 
|2259|0x000014f2e6000000, 0x000014f2e6000000, 0x000014f2e8000000|  0%| F|  |TAMS 0x000014f2e6000000, 0x000014f2e6000000| Untracked 
|2260|0x000014f2e8000000, 0x000014f2e8000000, 0x000014f2ea000000|  0%| F|  |TAMS 0x000014f2e8000000, 0x000014f2e8000000| Untracked 
|2261|0x000014f2ea000000, 0x000014f2ea000000, 0x000014f2ec000000|  0%| F|  |TAMS 0x000014f2ea000000, 0x000014f2ea000000| Untracked 
|2262|0x000014f2ec000000, 0x000014f2ec000000, 0x000014f2ee000000|  0%| F|  |TAMS 0x000014f2ec000000, 0x000014f2ec000000| Untracked 
|2263|0x000014f2ee000000, 0x000014f2ee000000, 0x000014f2f0000000|  0%| F|  |TAMS 0x000014f2ee000000, 0x000014f2ee000000| Untracked 
|2264|0x000014f2f0000000, 0x000014f2f0000000, 0x000014f2f2000000|  0%| F|  |TAMS 0x000014f2f0000000, 0x000014f2f0000000| Untracked 
|2265|0x000014f2f2000000, 0x000014f2f2000000, 0x000014f2f4000000|  0%| F|  |TAMS 0x000014f2f2000000, 0x000014f2f2000000| Untracked 
|2266|0x000014f2f4000000, 0x000014f2f4000000, 0x000014f2f6000000|  0%| F|  |TAMS 0x000014f2f4000000, 0x000014f2f4000000| Untracked 
|2267|0x000014f2f6000000, 0x000014f2f6000000, 0x000014f2f8000000|  0%| F|  |TAMS 0x000014f2f6000000, 0x000014f2f6000000| Untracked 
|2268|0x000014f2f8000000, 0x000014f2fa000000, 0x000014f2fa000000|100%| O|  |TAMS 0x000014f2fa000000, 0x000014f2f8000000| Untracked 
|2269|0x000014f2fa000000, 0x000014f2fa000000, 0x000014f2fc000000|  0%| F|  |TAMS 0x000014f2fa000000, 0x000014f2fa000000| Untracked 
|2270|0x000014f2fc000000, 0x000014f2fc000000, 0x000014f2fe000000|  0%| F|  |TAMS 0x000014f2fc000000, 0x000014f2fc000000| Untracked 
|2271|0x000014f2fe000000, 0x000014f2fe000000, 0x000014f300000000|  0%| F|  |TAMS 0x000014f2fe000000, 0x000014f2fe000000| Untracked 
|2272|0x000014f300000000, 0x000014f300000000, 0x000014f302000000|  0%| F|  |TAMS 0x000014f300000000, 0x000014f300000000| Untracked 
|2273|0x000014f302000000, 0x000014f302000000, 0x000014f304000000|  0%| F|  |TAMS 0x000014f302000000, 0x000014f302000000| Untracked 
|2274|0x000014f304000000, 0x000014f304000000, 0x000014f306000000|  0%| F|  |TAMS 0x000014f304000000, 0x000014f304000000| Untracked 
|2275|0x000014f306000000, 0x000014f306000000, 0x000014f308000000|  0%| F|  |TAMS 0x000014f306000000, 0x000014f306000000| Untracked 
|2276|0x000014f308000000, 0x000014f30a000000, 0x000014f30a000000|100%| O|  |TAMS 0x000014f30a000000, 0x000014f308000000| Untracked 
|2277|0x000014f30a000000, 0x000014f30a000000, 0x000014f30c000000|  0%| F|  |TAMS 0x000014f30a000000, 0x000014f30a000000| Untracked 
|2278|0x000014f30c000000, 0x000014f30c000000, 0x000014f30e000000|  0%| F|  |TAMS 0x000014f30c000000, 0x000014f30c000000| Untracked 
|2279|0x000014f30e000000, 0x000014f30e000000, 0x000014f310000000|  0%| F|  |TAMS 0x000014f30e000000, 0x000014f30e000000| Untracked 
|2280|0x000014f310000000, 0x000014f310000000, 0x000014f312000000|  0%| F|  |TAMS 0x000014f310000000, 0x000014f310000000| Untracked 
|2281|0x000014f312000000, 0x000014f312000000, 0x000014f314000000|  0%| F|  |TAMS 0x000014f312000000, 0x000014f312000000| Untracked 
|2282|0x000014f314000000, 0x000014f314000000, 0x000014f316000000|  0%| F|  |TAMS 0x000014f314000000, 0x000014f314000000| Untracked 
|2283|0x000014f316000000, 0x000014f316000000, 0x000014f318000000|  0%| F|  |TAMS 0x000014f316000000, 0x000014f316000000| Untracked 
|2284|0x000014f318000000, 0x000014f318000000, 0x000014f31a000000|  0%| F|  |TAMS 0x000014f318000000, 0x000014f318000000| Untracked 
|2285|0x000014f31a000000, 0x000014f31a000000, 0x000014f31c000000|  0%| F|  |TAMS 0x000014f31a000000, 0x000014f31a000000| Untracked 
|2286|0x000014f31c000000, 0x000014f31c000000, 0x000014f31e000000|  0%| F|  |TAMS 0x000014f31c000000, 0x000014f31c000000| Untracked 
|2287|0x000014f31e000000, 0x000014f31e000000, 0x000014f320000000|  0%| F|  |TAMS 0x000014f31e000000, 0x000014f31e000000| Untracked 
|2288|0x000014f320000000, 0x000014f320000000, 0x000014f322000000|  0%| F|  |TAMS 0x000014f320000000, 0x000014f320000000| Untracked 
|2289|0x000014f322000000, 0x000014f322000000, 0x000014f324000000|  0%| F|  |TAMS 0x000014f322000000, 0x000014f322000000| Untracked 
|2290|0x000014f324000000, 0x000014f324000000, 0x000014f326000000|  0%| F|  |TAMS 0x000014f324000000, 0x000014f324000000| Untracked 
|2291|0x000014f326000000, 0x000014f326000000, 0x000014f328000000|  0%| F|  |TAMS 0x000014f326000000, 0x000014f326000000| Untracked 
|2292|0x000014f328000000, 0x000014f328000000, 0x000014f32a000000|  0%| F|  |TAMS 0x000014f328000000, 0x000014f328000000| Untracked 
|2293|0x000014f32a000000, 0x000014f32a000000, 0x000014f32c000000|  0%| F|  |TAMS 0x000014f32a000000, 0x000014f32a000000| Untracked 
|2294|0x000014f32c000000, 0x000014f32c000000, 0x000014f32e000000|  0%| F|  |TAMS 0x000014f32c000000, 0x000014f32c000000| Untracked 
|2295|0x000014f32e000000, 0x000014f32e000000, 0x000014f330000000|  0%| F|  |TAMS 0x000014f32e000000, 0x000014f32e000000| Untracked 
|2296|0x000014f330000000, 0x000014f330000000, 0x000014f332000000|  0%| F|  |TAMS 0x000014f330000000, 0x000014f330000000| Untracked 
|2297|0x000014f332000000, 0x000014f332000000, 0x000014f334000000|  0%| F|  |TAMS 0x000014f332000000, 0x000014f332000000| Untracked 
|2298|0x000014f334000000, 0x000014f334000000, 0x000014f336000000|  0%| F|  |TAMS 0x000014f334000000, 0x000014f334000000| Untracked 
|2299|0x000014f336000000, 0x000014f336000000, 0x000014f338000000|  0%| F|  |TAMS 0x000014f336000000, 0x000014f336000000| Untracked 
|2300|0x000014f338000000, 0x000014f338000000, 0x000014f33a000000|  0%| F|  |TAMS 0x000014f338000000, 0x000014f338000000| Untracked 
|2301|0x000014f33a000000, 0x000014f33a000000, 0x000014f33c000000|  0%| F|  |TAMS 0x000014f33a000000, 0x000014f33a000000| Untracked 
|2302|0x000014f33c000000, 0x000014f33c000000, 0x000014f33e000000|  0%| F|  |TAMS 0x000014f33c000000, 0x000014f33c000000| Untracked 
|2303|0x000014f33e000000, 0x000014f33e000000, 0x000014f340000000|  0%| F|  |TAMS 0x000014f33e000000, 0x000014f33e000000| Untracked 
|2304|0x000014f340000000, 0x000014f340000000, 0x000014f342000000|  0%| F|  |TAMS 0x000014f340000000, 0x000014f340000000| Untracked 
|2305|0x000014f342000000, 0x000014f342000000, 0x000014f344000000|  0%| F|  |TAMS 0x000014f342000000, 0x000014f342000000| Untracked 
|2306|0x000014f344000000, 0x000014f344000000, 0x000014f346000000|  0%| F|  |TAMS 0x000014f344000000, 0x000014f344000000| Untracked 
|2307|0x000014f346000000, 0x000014f346000000, 0x000014f348000000|  0%| F|  |TAMS 0x000014f346000000, 0x000014f346000000| Untracked 
|2308|0x000014f348000000, 0x000014f348000000, 0x000014f34a000000|  0%| F|  |TAMS 0x000014f348000000, 0x000014f348000000| Untracked 
|2309|0x000014f34a000000, 0x000014f34a000000, 0x000014f34c000000|  0%| F|  |TAMS 0x000014f34a000000, 0x000014f34a000000| Untracked 
|2310|0x000014f34c000000, 0x000014f34c000000, 0x000014f34e000000|  0%| F|  |TAMS 0x000014f34c000000, 0x000014f34c000000| Untracked 
|2311|0x000014f34e000000, 0x000014f34e000000, 0x000014f350000000|  0%| F|  |TAMS 0x000014f34e000000, 0x000014f34e000000| Untracked 
|2312|0x000014f350000000, 0x000014f350000000, 0x000014f352000000|  0%| F|  |TAMS 0x000014f350000000, 0x000014f350000000| Untracked 
|2313|0x000014f352000000, 0x000014f352000000, 0x000014f354000000|  0%| F|  |TAMS 0x000014f352000000, 0x000014f352000000| Untracked 
|2314|0x000014f354000000, 0x000014f354000000, 0x000014f356000000|  0%| F|  |TAMS 0x000014f354000000, 0x000014f354000000| Untracked 
|2315|0x000014f356000000, 0x000014f356000000, 0x000014f358000000|  0%| F|  |TAMS 0x000014f356000000, 0x000014f356000000| Untracked 
|2316|0x000014f358000000, 0x000014f358000000, 0x000014f35a000000|  0%| F|  |TAMS 0x000014f358000000, 0x000014f358000000| Untracked 
|2317|0x000014f35a000000, 0x000014f35a000000, 0x000014f35c000000|  0%| F|  |TAMS 0x000014f35a000000, 0x000014f35a000000| Untracked 
|2318|0x000014f35c000000, 0x000014f35c000000, 0x000014f35e000000|  0%| F|  |TAMS 0x000014f35c000000, 0x000014f35c000000| Untracked 
|2319|0x000014f35e000000, 0x000014f35e000000, 0x000014f360000000|  0%| F|  |TAMS 0x000014f35e000000, 0x000014f35e000000| Untracked 
|2320|0x000014f360000000, 0x000014f360000000, 0x000014f362000000|  0%| F|  |TAMS 0x000014f360000000, 0x000014f360000000| Untracked 
|2321|0x000014f362000000, 0x000014f362000000, 0x000014f364000000|  0%| F|  |TAMS 0x000014f362000000, 0x000014f362000000| Untracked 
|2322|0x000014f364000000, 0x000014f364000000, 0x000014f366000000|  0%| F|  |TAMS 0x000014f364000000, 0x000014f364000000| Untracked 
|2323|0x000014f366000000, 0x000014f366000000, 0x000014f368000000|  0%| F|  |TAMS 0x000014f366000000, 0x000014f366000000| Untracked 
|2324|0x000014f368000000, 0x000014f368000000, 0x000014f36a000000|  0%| F|  |TAMS 0x000014f368000000, 0x000014f368000000| Untracked 
|2325|0x000014f36a000000, 0x000014f36a000000, 0x000014f36c000000|  0%| F|  |TAMS 0x000014f36a000000, 0x000014f36a000000| Untracked 
|2326|0x000014f36c000000, 0x000014f36c000000, 0x000014f36e000000|  0%| F|  |TAMS 0x000014f36c000000, 0x000014f36c000000| Untracked 
|2327|0x000014f36e000000, 0x000014f36e000000, 0x000014f370000000|  0%| F|  |TAMS 0x000014f36e000000, 0x000014f36e000000| Untracked 
|2328|0x000014f370000000, 0x000014f370000000, 0x000014f372000000|  0%| F|  |TAMS 0x000014f370000000, 0x000014f370000000| Untracked 
|2329|0x000014f372000000, 0x000014f372000000, 0x000014f374000000|  0%| F|  |TAMS 0x000014f372000000, 0x000014f372000000| Untracked 
|2330|0x000014f374000000, 0x000014f374000000, 0x000014f376000000|  0%| F|  |TAMS 0x000014f374000000, 0x000014f374000000| Untracked 
|2331|0x000014f376000000, 0x000014f376000000, 0x000014f378000000|  0%| F|  |TAMS 0x000014f376000000, 0x000014f376000000| Untracked 
|2332|0x000014f378000000, 0x000014f378000000, 0x000014f37a000000|  0%| F|  |TAMS 0x000014f378000000, 0x000014f378000000| Untracked 
|2333|0x000014f37a000000, 0x000014f37a000000, 0x000014f37c000000|  0%| F|  |TAMS 0x000014f37a000000, 0x000014f37a000000| Untracked 
|2334|0x000014f37c000000, 0x000014f37c000000, 0x000014f37e000000|  0%| F|  |TAMS 0x000014f37c000000, 0x000014f37c000000| Untracked 
|2335|0x000014f37e000000, 0x000014f37e000000, 0x000014f380000000|  0%| F|  |TAMS 0x000014f37e000000, 0x000014f37e000000| Untracked 
|2336|0x000014f380000000, 0x000014f380000000, 0x000014f382000000|  0%| F|  |TAMS 0x000014f380000000, 0x000014f380000000| Untracked 
|2337|0x000014f382000000, 0x000014f382000000, 0x000014f384000000|  0%| F|  |TAMS 0x000014f382000000, 0x000014f382000000| Untracked 
|2338|0x000014f384000000, 0x000014f384000000, 0x000014f386000000|  0%| F|  |TAMS 0x000014f384000000, 0x000014f384000000| Untracked 
|2339|0x000014f386000000, 0x000014f386000000, 0x000014f388000000|  0%| F|  |TAMS 0x000014f386000000, 0x000014f386000000| Untracked 
|2340|0x000014f388000000, 0x000014f388000000, 0x000014f38a000000|  0%| F|  |TAMS 0x000014f388000000, 0x000014f388000000| Untracked 
|2341|0x000014f38a000000, 0x000014f38a000000, 0x000014f38c000000|  0%| F|  |TAMS 0x000014f38a000000, 0x000014f38a000000| Untracked 
|2342|0x000014f38c000000, 0x000014f38c000000, 0x000014f38e000000|  0%| F|  |TAMS 0x000014f38c000000, 0x000014f38c000000| Untracked 
|2343|0x000014f38e000000, 0x000014f38e000000, 0x000014f390000000|  0%| F|  |TAMS 0x000014f38e000000, 0x000014f38e000000| Untracked 
|2344|0x000014f390000000, 0x000014f390000000, 0x000014f392000000|  0%| F|  |TAMS 0x000014f390000000, 0x000014f390000000| Untracked 
|2345|0x000014f392000000, 0x000014f392000000, 0x000014f394000000|  0%| F|  |TAMS 0x000014f392000000, 0x000014f392000000| Untracked 
|2346|0x000014f394000000, 0x000014f394000000, 0x000014f396000000|  0%| F|  |TAMS 0x000014f394000000, 0x000014f394000000| Untracked 
|2347|0x000014f396000000, 0x000014f396000000, 0x000014f398000000|  0%| F|  |TAMS 0x000014f396000000, 0x000014f396000000| Untracked 
|2348|0x000014f398000000, 0x000014f398000000, 0x000014f39a000000|  0%| F|  |TAMS 0x000014f398000000, 0x000014f398000000| Untracked 
|2349|0x000014f39a000000, 0x000014f39a000000, 0x000014f39c000000|  0%| F|  |TAMS 0x000014f39a000000, 0x000014f39a000000| Untracked 
|2350|0x000014f39c000000, 0x000014f39c000000, 0x000014f39e000000|  0%| F|  |TAMS 0x000014f39c000000, 0x000014f39c000000| Untracked 
|2351|0x000014f39e000000, 0x000014f39e000000, 0x000014f3a0000000|  0%| F|  |TAMS 0x000014f39e000000, 0x000014f39e000000| Untracked 
|2352|0x000014f3a0000000, 0x000014f3a0000000, 0x000014f3a2000000|  0%| F|  |TAMS 0x000014f3a0000000, 0x000014f3a0000000| Untracked 
|2353|0x000014f3a2000000, 0x000014f3a2000000, 0x000014f3a4000000|  0%| F|  |TAMS 0x000014f3a2000000, 0x000014f3a2000000| Untracked 
|2354|0x000014f3a4000000, 0x000014f3a4000000, 0x000014f3a6000000|  0%| F|  |TAMS 0x000014f3a4000000, 0x000014f3a4000000| Untracked 
|2355|0x000014f3a6000000, 0x000014f3a6000000, 0x000014f3a8000000|  0%| F|  |TAMS 0x000014f3a6000000, 0x000014f3a6000000| Untracked 
|2356|0x000014f3a8000000, 0x000014f3a8000000, 0x000014f3aa000000|  0%| F|  |TAMS 0x000014f3a8000000, 0x000014f3a8000000| Untracked 
|2357|0x000014f3aa000000, 0x000014f3aa000000, 0x000014f3ac000000|  0%| F|  |TAMS 0x000014f3aa000000, 0x000014f3aa000000| Untracked 
|2358|0x000014f3ac000000, 0x000014f3ac000000, 0x000014f3ae000000|  0%| F|  |TAMS 0x000014f3ac000000, 0x000014f3ac000000| Untracked 
|2359|0x000014f3ae000000, 0x000014f3ae000000, 0x000014f3b0000000|  0%| F|  |TAMS 0x000014f3ae000000, 0x000014f3ae000000| Untracked 
|2360|0x000014f3b0000000, 0x000014f3b0000000, 0x000014f3b2000000|  0%| F|  |TAMS 0x000014f3b0000000, 0x000014f3b0000000| Untracked 
|2361|0x000014f3b2000000, 0x000014f3b2000000, 0x000014f3b4000000|  0%| F|  |TAMS 0x000014f3b2000000, 0x000014f3b2000000| Untracked 
|2362|0x000014f3b4000000, 0x000014f3b4000000, 0x000014f3b6000000|  0%| F|  |TAMS 0x000014f3b4000000, 0x000014f3b4000000| Untracked 
|2363|0x000014f3b6000000, 0x000014f3b6000000, 0x000014f3b8000000|  0%| F|  |TAMS 0x000014f3b6000000, 0x000014f3b6000000| Untracked 
|2364|0x000014f3b8000000, 0x000014f3b8000000, 0x000014f3ba000000|  0%| F|  |TAMS 0x000014f3b8000000, 0x000014f3b8000000| Untracked 
|2365|0x000014f3ba000000, 0x000014f3ba000000, 0x000014f3bc000000|  0%| F|  |TAMS 0x000014f3ba000000, 0x000014f3ba000000| Untracked 
|2366|0x000014f3bc000000, 0x000014f3bc000000, 0x000014f3be000000|  0%| F|  |TAMS 0x000014f3bc000000, 0x000014f3bc000000| Untracked 
|2367|0x000014f3be000000, 0x000014f3be000000, 0x000014f3c0000000|  0%| F|  |TAMS 0x000014f3be000000, 0x000014f3be000000| Untracked 
|2368|0x000014f3c0000000, 0x000014f3c0000000, 0x000014f3c2000000|  0%| F|  |TAMS 0x000014f3c0000000, 0x000014f3c0000000| Untracked 
|2369|0x000014f3c2000000, 0x000014f3c2000000, 0x000014f3c4000000|  0%| F|  |TAMS 0x000014f3c2000000, 0x000014f3c2000000| Untracked 
|2370|0x000014f3c4000000, 0x000014f3c4000000, 0x000014f3c6000000|  0%| F|  |TAMS 0x000014f3c4000000, 0x000014f3c4000000| Untracked 
|2371|0x000014f3c6000000, 0x000014f3c6000000, 0x000014f3c8000000|  0%| F|  |TAMS 0x000014f3c6000000, 0x000014f3c6000000| Untracked 
|2372|0x000014f3c8000000, 0x000014f3c8000000, 0x000014f3ca000000|  0%| F|  |TAMS 0x000014f3c8000000, 0x000014f3c8000000| Untracked 
|2373|0x000014f3ca000000, 0x000014f3ca000000, 0x000014f3cc000000|  0%| F|  |TAMS 0x000014f3ca000000, 0x000014f3ca000000| Untracked 
|2374|0x000014f3cc000000, 0x000014f3cc000000, 0x000014f3ce000000|  0%| F|  |TAMS 0x000014f3cc000000, 0x000014f3cc000000| Untracked 
|2375|0x000014f3ce000000, 0x000014f3ce000000, 0x000014f3d0000000|  0%| F|  |TAMS 0x000014f3ce000000, 0x000014f3ce000000| Untracked 
|2376|0x000014f3d0000000, 0x000014f3d0000000, 0x000014f3d2000000|  0%| F|  |TAMS 0x000014f3d0000000, 0x000014f3d0000000| Untracked 
|2377|0x000014f3d2000000, 0x000014f3d2000000, 0x000014f3d4000000|  0%| F|  |TAMS 0x000014f3d2000000, 0x000014f3d2000000| Untracked 
|2378|0x000014f3d4000000, 0x000014f3d4000000, 0x000014f3d6000000|  0%| F|  |TAMS 0x000014f3d4000000, 0x000014f3d4000000| Untracked 
|2379|0x000014f3d6000000, 0x000014f3d6000000, 0x000014f3d8000000|  0%| F|  |TAMS 0x000014f3d6000000, 0x000014f3d6000000| Untracked 
|2380|0x000014f3d8000000, 0x000014f3d8000000, 0x000014f3da000000|  0%| F|  |TAMS 0x000014f3d8000000, 0x000014f3d8000000| Untracked 
|2381|0x000014f3da000000, 0x000014f3da000000, 0x000014f3dc000000|  0%| F|  |TAMS 0x000014f3da000000, 0x000014f3da000000| Untracked 
|2382|0x000014f3dc000000, 0x000014f3dc000000, 0x000014f3de000000|  0%| F|  |TAMS 0x000014f3dc000000, 0x000014f3dc000000| Untracked 
|2383|0x000014f3de000000, 0x000014f3de000000, 0x000014f3e0000000|  0%| F|  |TAMS 0x000014f3de000000, 0x000014f3de000000| Untracked 
|2384|0x000014f3e0000000, 0x000014f3e0000000, 0x000014f3e2000000|  0%| F|  |TAMS 0x000014f3e0000000, 0x000014f3e0000000| Untracked 
|2385|0x000014f3e2000000, 0x000014f3e2000000, 0x000014f3e4000000|  0%| F|  |TAMS 0x000014f3e2000000, 0x000014f3e2000000| Untracked 
|2386|0x000014f3e4000000, 0x000014f3e4000000, 0x000014f3e6000000|  0%| F|  |TAMS 0x000014f3e4000000, 0x000014f3e4000000| Untracked 
|2387|0x000014f3e6000000, 0x000014f3e6000000, 0x000014f3e8000000|  0%| F|  |TAMS 0x000014f3e6000000, 0x000014f3e6000000| Untracked 
|2388|0x000014f3e8000000, 0x000014f3e8000000, 0x000014f3ea000000|  0%| F|  |TAMS 0x000014f3e8000000, 0x000014f3e8000000| Untracked 
|2389|0x000014f3ea000000, 0x000014f3ea000000, 0x000014f3ec000000|  0%| F|  |TAMS 0x000014f3ea000000, 0x000014f3ea000000| Untracked 
|2390|0x000014f3ec000000, 0x000014f3ec000000, 0x000014f3ee000000|  0%| F|  |TAMS 0x000014f3ec000000, 0x000014f3ec000000| Untracked 
|2391|0x000014f3ee000000, 0x000014f3ee000000, 0x000014f3f0000000|  0%| F|  |TAMS 0x000014f3ee000000, 0x000014f3ee000000| Untracked 
|2392|0x000014f3f0000000, 0x000014f3f0000000, 0x000014f3f2000000|  0%| F|  |TAMS 0x000014f3f0000000, 0x000014f3f0000000| Untracked 
|2393|0x000014f3f2000000, 0x000014f3f2000000, 0x000014f3f4000000|  0%| F|  |TAMS 0x000014f3f2000000, 0x000014f3f2000000| Untracked 
|2394|0x000014f3f4000000, 0x000014f3f4000000, 0x000014f3f6000000|  0%| F|  |TAMS 0x000014f3f4000000, 0x000014f3f4000000| Untracked 
|2395|0x000014f3f6000000, 0x000014f3f6000000, 0x000014f3f8000000|  0%| F|  |TAMS 0x000014f3f6000000, 0x000014f3f6000000| Untracked 
|2396|0x000014f3f8000000, 0x000014f3f8000000, 0x000014f3fa000000|  0%| F|  |TAMS 0x000014f3f8000000, 0x000014f3f8000000| Untracked 
|2397|0x000014f3fa000000, 0x000014f3fa000000, 0x000014f3fc000000|  0%| F|  |TAMS 0x000014f3fa000000, 0x000014f3fa000000| Untracked 
|2398|0x000014f3fc000000, 0x000014f3fc000000, 0x000014f3fe000000|  0%| F|  |TAMS 0x000014f3fc000000, 0x000014f3fc000000| Untracked 
|2399|0x000014f3fe000000, 0x000014f3fe000000, 0x000014f400000000|  0%| F|  |TAMS 0x000014f3fe000000, 0x000014f3fe000000| Untracked 
|2400|0x000014f400000000, 0x000014f400000000, 0x000014f402000000|  0%| F|  |TAMS 0x000014f400000000, 0x000014f400000000| Untracked 
|2401|0x000014f402000000, 0x000014f402000000, 0x000014f404000000|  0%| F|  |TAMS 0x000014f402000000, 0x000014f402000000| Untracked 
|2402|0x000014f404000000, 0x000014f404000000, 0x000014f406000000|  0%| F|  |TAMS 0x000014f404000000, 0x000014f404000000| Untracked 
|2403|0x000014f406000000, 0x000014f406000000, 0x000014f408000000|  0%| F|  |TAMS 0x000014f406000000, 0x000014f406000000| Untracked 
|2404|0x000014f408000000, 0x000014f408000000, 0x000014f40a000000|  0%| F|  |TAMS 0x000014f408000000, 0x000014f408000000| Untracked 
|2405|0x000014f40a000000, 0x000014f40a000000, 0x000014f40c000000|  0%| F|  |TAMS 0x000014f40a000000, 0x000014f40a000000| Untracked 
|2406|0x000014f40c000000, 0x000014f40c000000, 0x000014f40e000000|  0%| F|  |TAMS 0x000014f40c000000, 0x000014f40c000000| Untracked 
|2407|0x000014f40e000000, 0x000014f40e000000, 0x000014f410000000|  0%| F|  |TAMS 0x000014f40e000000, 0x000014f40e000000| Untracked 
|2408|0x000014f410000000, 0x000014f410000000, 0x000014f412000000|  0%| F|  |TAMS 0x000014f410000000, 0x000014f410000000| Untracked 
|2409|0x000014f412000000, 0x000014f412000000, 0x000014f414000000|  0%| F|  |TAMS 0x000014f412000000, 0x000014f412000000| Untracked 
|2410|0x000014f414000000, 0x000014f414000000, 0x000014f416000000|  0%| F|  |TAMS 0x000014f414000000, 0x000014f414000000| Untracked 
|2411|0x000014f416000000, 0x000014f416000000, 0x000014f418000000|  0%| F|  |TAMS 0x000014f416000000, 0x000014f416000000| Untracked 
|2412|0x000014f418000000, 0x000014f418000000, 0x000014f41a000000|  0%| F|  |TAMS 0x000014f418000000, 0x000014f418000000| Untracked 
|2413|0x000014f41a000000, 0x000014f41a000000, 0x000014f41c000000|  0%| F|  |TAMS 0x000014f41a000000, 0x000014f41a000000| Untracked 
|2414|0x000014f41c000000, 0x000014f41c000000, 0x000014f41e000000|  0%| F|  |TAMS 0x000014f41c000000, 0x000014f41c000000| Untracked 
|2415|0x000014f41e000000, 0x000014f41e000000, 0x000014f420000000|  0%| F|  |TAMS 0x000014f41e000000, 0x000014f41e000000| Untracked 
|2416|0x000014f420000000, 0x000014f420000000, 0x000014f422000000|  0%| F|  |TAMS 0x000014f420000000, 0x000014f420000000| Untracked 
|2417|0x000014f422000000, 0x000014f422000000, 0x000014f424000000|  0%| F|  |TAMS 0x000014f422000000, 0x000014f422000000| Untracked 
|2418|0x000014f424000000, 0x000014f424000000, 0x000014f426000000|  0%| F|  |TAMS 0x000014f424000000, 0x000014f424000000| Untracked 
|2419|0x000014f426000000, 0x000014f426000000, 0x000014f428000000|  0%| F|  |TAMS 0x000014f426000000, 0x000014f426000000| Untracked 
|2420|0x000014f428000000, 0x000014f428000000, 0x000014f42a000000|  0%| F|  |TAMS 0x000014f428000000, 0x000014f428000000| Untracked 
|2421|0x000014f42a000000, 0x000014f42a000000, 0x000014f42c000000|  0%| F|  |TAMS 0x000014f42a000000, 0x000014f42a000000| Untracked 
|2422|0x000014f42c000000, 0x000014f42c000000, 0x000014f42e000000|  0%| F|  |TAMS 0x000014f42c000000, 0x000014f42c000000| Untracked 
|2423|0x000014f42e000000, 0x000014f42e000000, 0x000014f430000000|  0%| F|  |TAMS 0x000014f42e000000, 0x000014f42e000000| Untracked 
|2424|0x000014f430000000, 0x000014f430000000, 0x000014f432000000|  0%| F|  |TAMS 0x000014f430000000, 0x000014f430000000| Untracked 
|2425|0x000014f432000000, 0x000014f432000000, 0x000014f434000000|  0%| F|  |TAMS 0x000014f432000000, 0x000014f432000000| Untracked 
|2426|0x000014f434000000, 0x000014f434000000, 0x000014f436000000|  0%| F|  |TAMS 0x000014f434000000, 0x000014f434000000| Untracked 
|2427|0x000014f436000000, 0x000014f436000000, 0x000014f438000000|  0%| F|  |TAMS 0x000014f436000000, 0x000014f436000000| Untracked 
|2428|0x000014f438000000, 0x000014f438000000, 0x000014f43a000000|  0%| F|  |TAMS 0x000014f438000000, 0x000014f438000000| Untracked 
|2429|0x000014f43a000000, 0x000014f43a000000, 0x000014f43c000000|  0%| F|  |TAMS 0x000014f43a000000, 0x000014f43a000000| Untracked 
|2430|0x000014f43c000000, 0x000014f43c000000, 0x000014f43e000000|  0%| F|  |TAMS 0x000014f43c000000, 0x000014f43c000000| Untracked 
|2431|0x000014f43e000000, 0x000014f43e000000, 0x000014f440000000|  0%| F|  |TAMS 0x000014f43e000000, 0x000014f43e000000| Untracked 
|2432|0x000014f440000000, 0x000014f440000000, 0x000014f442000000|  0%| F|  |TAMS 0x000014f440000000, 0x000014f440000000| Untracked 
|2433|0x000014f442000000, 0x000014f442000000, 0x000014f444000000|  0%| F|  |TAMS 0x000014f442000000, 0x000014f442000000| Untracked 
|2434|0x000014f444000000, 0x000014f444000000, 0x000014f446000000|  0%| F|  |TAMS 0x000014f444000000, 0x000014f444000000| Untracked 
|2435|0x000014f446000000, 0x000014f446000000, 0x000014f448000000|  0%| F|  |TAMS 0x000014f446000000, 0x000014f446000000| Untracked 
|2436|0x000014f448000000, 0x000014f448000000, 0x000014f44a000000|  0%| F|  |TAMS 0x000014f448000000, 0x000014f448000000| Untracked 
|2437|0x000014f44a000000, 0x000014f44a000000, 0x000014f44c000000|  0%| F|  |TAMS 0x000014f44a000000, 0x000014f44a000000| Untracked 
|2438|0x000014f44c000000, 0x000014f44c000000, 0x000014f44e000000|  0%| F|  |TAMS 0x000014f44c000000, 0x000014f44c000000| Untracked 
|2439|0x000014f44e000000, 0x000014f44e000000, 0x000014f450000000|  0%| F|  |TAMS 0x000014f44e000000, 0x000014f44e000000| Untracked 
|2440|0x000014f450000000, 0x000014f450000000, 0x000014f452000000|  0%| F|  |TAMS 0x000014f450000000, 0x000014f450000000| Untracked 
|2441|0x000014f452000000, 0x000014f452000000, 0x000014f454000000|  0%| F|  |TAMS 0x000014f452000000, 0x000014f452000000| Untracked 
|2442|0x000014f454000000, 0x000014f454000000, 0x000014f456000000|  0%| F|  |TAMS 0x000014f454000000, 0x000014f454000000| Untracked 
|2443|0x000014f456000000, 0x000014f456000000, 0x000014f458000000|  0%| F|  |TAMS 0x000014f456000000, 0x000014f456000000| Untracked 
|2444|0x000014f458000000, 0x000014f458000000, 0x000014f45a000000|  0%| F|  |TAMS 0x000014f458000000, 0x000014f458000000| Untracked 
|2445|0x000014f45a000000, 0x000014f45a000000, 0x000014f45c000000|  0%| F|  |TAMS 0x000014f45a000000, 0x000014f45a000000| Untracked 
|2446|0x000014f45c000000, 0x000014f45c000000, 0x000014f45e000000|  0%| F|  |TAMS 0x000014f45c000000, 0x000014f45c000000| Untracked 
|2447|0x000014f45e000000, 0x000014f45e000000, 0x000014f460000000|  0%| F|  |TAMS 0x000014f45e000000, 0x000014f45e000000| Untracked 
|2448|0x000014f460000000, 0x000014f460000000, 0x000014f462000000|  0%| F|  |TAMS 0x000014f460000000, 0x000014f460000000| Untracked 
|2449|0x000014f462000000, 0x000014f462000000, 0x000014f464000000|  0%| F|  |TAMS 0x000014f462000000, 0x000014f462000000| Untracked 
|2450|0x000014f464000000, 0x000014f464000000, 0x000014f466000000|  0%| F|  |TAMS 0x000014f464000000, 0x000014f464000000| Untracked 
|2451|0x000014f466000000, 0x000014f466000000, 0x000014f468000000|  0%| F|  |TAMS 0x000014f466000000, 0x000014f466000000| Untracked 
|2452|0x000014f468000000, 0x000014f468000000, 0x000014f46a000000|  0%| F|  |TAMS 0x000014f468000000, 0x000014f468000000| Untracked 
|2453|0x000014f46a000000, 0x000014f46a000000, 0x000014f46c000000|  0%| F|  |TAMS 0x000014f46a000000, 0x000014f46a000000| Untracked 
|2454|0x000014f46c000000, 0x000014f46c000000, 0x000014f46e000000|  0%| F|  |TAMS 0x000014f46c000000, 0x000014f46c000000| Untracked 
|2455|0x000014f46e000000, 0x000014f46e000000, 0x000014f470000000|  0%| F|  |TAMS 0x000014f46e000000, 0x000014f46e000000| Untracked 
|2456|0x000014f470000000, 0x000014f470000000, 0x000014f472000000|  0%| F|  |TAMS 0x000014f470000000, 0x000014f470000000| Untracked 
|2457|0x000014f472000000, 0x000014f472000000, 0x000014f474000000|  0%| F|  |TAMS 0x000014f472000000, 0x000014f472000000| Untracked 
|2458|0x000014f474000000, 0x000014f474000000, 0x000014f476000000|  0%| F|  |TAMS 0x000014f474000000, 0x000014f474000000| Untracked 
|2459|0x000014f476000000, 0x000014f476000000, 0x000014f478000000|  0%| F|  |TAMS 0x000014f476000000, 0x000014f476000000| Untracked 
|2460|0x000014f478000000, 0x000014f478000000, 0x000014f47a000000|  0%| F|  |TAMS 0x000014f478000000, 0x000014f478000000| Untracked 
|2461|0x000014f47a000000, 0x000014f47a000000, 0x000014f47c000000|  0%| F|  |TAMS 0x000014f47a000000, 0x000014f47a000000| Untracked 
|2462|0x000014f47c000000, 0x000014f47c000000, 0x000014f47e000000|  0%| F|  |TAMS 0x000014f47c000000, 0x000014f47c000000| Untracked 
|2463|0x000014f47e000000, 0x000014f47e000000, 0x000014f480000000|  0%| F|  |TAMS 0x000014f47e000000, 0x000014f47e000000| Untracked 
|2464|0x000014f480000000, 0x000014f480000000, 0x000014f482000000|  0%| F|  |TAMS 0x000014f480000000, 0x000014f480000000| Untracked 
|2465|0x000014f482000000, 0x000014f482000000, 0x000014f484000000|  0%| F|  |TAMS 0x000014f482000000, 0x000014f482000000| Untracked 
|2466|0x000014f484000000, 0x000014f484000000, 0x000014f486000000|  0%| F|  |TAMS 0x000014f484000000, 0x000014f484000000| Untracked 
|2467|0x000014f486000000, 0x000014f486000000, 0x000014f488000000|  0%| F|  |TAMS 0x000014f486000000, 0x000014f486000000| Untracked 
|2468|0x000014f488000000, 0x000014f488000000, 0x000014f48a000000|  0%| F|  |TAMS 0x000014f488000000, 0x000014f488000000| Untracked 
|2469|0x000014f48a000000, 0x000014f48a000000, 0x000014f48c000000|  0%| F|  |TAMS 0x000014f48a000000, 0x000014f48a000000| Untracked 
|2470|0x000014f48c000000, 0x000014f48c000000, 0x000014f48e000000|  0%| F|  |TAMS 0x000014f48c000000, 0x000014f48c000000| Untracked 
|2471|0x000014f48e000000, 0x000014f48e000000, 0x000014f490000000|  0%| F|  |TAMS 0x000014f48e000000, 0x000014f48e000000| Untracked 
|2472|0x000014f490000000, 0x000014f490000000, 0x000014f492000000|  0%| F|  |TAMS 0x000014f490000000, 0x000014f490000000| Untracked 
|2473|0x000014f492000000, 0x000014f492000000, 0x000014f494000000|  0%| F|  |TAMS 0x000014f492000000, 0x000014f492000000| Untracked 
|2474|0x000014f494000000, 0x000014f494000000, 0x000014f496000000|  0%| F|  |TAMS 0x000014f494000000, 0x000014f494000000| Untracked 
|2475|0x000014f496000000, 0x000014f496000000, 0x000014f498000000|  0%| F|  |TAMS 0x000014f496000000, 0x000014f496000000| Untracked 
|2476|0x000014f498000000, 0x000014f498000000, 0x000014f49a000000|  0%| F|  |TAMS 0x000014f498000000, 0x000014f498000000| Untracked 
|2477|0x000014f49a000000, 0x000014f49a000000, 0x000014f49c000000|  0%| F|  |TAMS 0x000014f49a000000, 0x000014f49a000000| Untracked 
|2478|0x000014f49c000000, 0x000014f49c000000, 0x000014f49e000000|  0%| F|  |TAMS 0x000014f49c000000, 0x000014f49c000000| Untracked 
|2479|0x000014f49e000000, 0x000014f49e000000, 0x000014f4a0000000|  0%| F|  |TAMS 0x000014f49e000000, 0x000014f49e000000| Untracked 
|2480|0x000014f4a0000000, 0x000014f4a0000000, 0x000014f4a2000000|  0%| F|  |TAMS 0x000014f4a0000000, 0x000014f4a0000000| Untracked 
|2481|0x000014f4a2000000, 0x000014f4a2000000, 0x000014f4a4000000|  0%| F|  |TAMS 0x000014f4a2000000, 0x000014f4a2000000| Untracked 
|2482|0x000014f4a4000000, 0x000014f4a4000000, 0x000014f4a6000000|  0%| F|  |TAMS 0x000014f4a4000000, 0x000014f4a4000000| Untracked 
|2483|0x000014f4a6000000, 0x000014f4a6000000, 0x000014f4a8000000|  0%| F|  |TAMS 0x000014f4a6000000, 0x000014f4a6000000| Untracked 
|2484|0x000014f4a8000000, 0x000014f4a8000000, 0x000014f4aa000000|  0%| F|  |TAMS 0x000014f4a8000000, 0x000014f4a8000000| Untracked 
|2485|0x000014f4aa000000, 0x000014f4aa000000, 0x000014f4ac000000|  0%| F|  |TAMS 0x000014f4aa000000, 0x000014f4aa000000| Untracked 
|2486|0x000014f4ac000000, 0x000014f4ac000000, 0x000014f4ae000000|  0%| F|  |TAMS 0x000014f4ac000000, 0x000014f4ac000000| Untracked 
|2487|0x000014f4ae000000, 0x000014f4ae000000, 0x000014f4b0000000|  0%| F|  |TAMS 0x000014f4ae000000, 0x000014f4ae000000| Untracked 
|2488|0x000014f4b0000000, 0x000014f4b0000000, 0x000014f4b2000000|  0%| F|  |TAMS 0x000014f4b0000000, 0x000014f4b0000000| Untracked 
|2489|0x000014f4b2000000, 0x000014f4b2000000, 0x000014f4b4000000|  0%| F|  |TAMS 0x000014f4b2000000, 0x000014f4b2000000| Untracked 
|2490|0x000014f4b4000000, 0x000014f4b4000000, 0x000014f4b6000000|  0%| F|  |TAMS 0x000014f4b4000000, 0x000014f4b4000000| Untracked 
|2491|0x000014f4b6000000, 0x000014f4b6000000, 0x000014f4b8000000|  0%| F|  |TAMS 0x000014f4b6000000, 0x000014f4b6000000| Untracked 
|2492|0x000014f4b8000000, 0x000014f4b8000000, 0x000014f4ba000000|  0%| F|  |TAMS 0x000014f4b8000000, 0x000014f4b8000000| Untracked 
|2493|0x000014f4ba000000, 0x000014f4ba000000, 0x000014f4bc000000|  0%| F|  |TAMS 0x000014f4ba000000, 0x000014f4ba000000| Untracked 
|2494|0x000014f4bc000000, 0x000014f4bc000000, 0x000014f4be000000|  0%| F|  |TAMS 0x000014f4bc000000, 0x000014f4bc000000| Untracked 
|2495|0x000014f4be000000, 0x000014f4be000000, 0x000014f4c0000000|  0%| F|  |TAMS 0x000014f4be000000, 0x000014f4be000000| Untracked 
|2496|0x000014f4c0000000, 0x000014f4c0000000, 0x000014f4c2000000|  0%| F|  |TAMS 0x000014f4c0000000, 0x000014f4c0000000| Untracked 
|2497|0x000014f4c2000000, 0x000014f4c2000000, 0x000014f4c4000000|  0%| F|  |TAMS 0x000014f4c2000000, 0x000014f4c2000000| Untracked 
|2498|0x000014f4c4000000, 0x000014f4c4000000, 0x000014f4c6000000|  0%| F|  |TAMS 0x000014f4c4000000, 0x000014f4c4000000| Untracked 
|2499|0x000014f4c6000000, 0x000014f4c6000000, 0x000014f4c8000000|  0%| F|  |TAMS 0x000014f4c6000000, 0x000014f4c6000000| Untracked 
|2500|0x000014f4c8000000, 0x000014f4c8000000, 0x000014f4ca000000|  0%| F|  |TAMS 0x000014f4c8000000, 0x000014f4c8000000| Untracked 
|2501|0x000014f4ca000000, 0x000014f4ca000000, 0x000014f4cc000000|  0%| F|  |TAMS 0x000014f4ca000000, 0x000014f4ca000000| Untracked 
|2502|0x000014f4cc000000, 0x000014f4cc000000, 0x000014f4ce000000|  0%| F|  |TAMS 0x000014f4cc000000, 0x000014f4cc000000| Untracked 
|2503|0x000014f4ce000000, 0x000014f4ce000000, 0x000014f4d0000000|  0%| F|  |TAMS 0x000014f4ce000000, 0x000014f4ce000000| Untracked 
|2504|0x000014f4d0000000, 0x000014f4d0000000, 0x000014f4d2000000|  0%| F|  |TAMS 0x000014f4d0000000, 0x000014f4d0000000| Untracked 
|2505|0x000014f4d2000000, 0x000014f4d2000000, 0x000014f4d4000000|  0%| F|  |TAMS 0x000014f4d2000000, 0x000014f4d2000000| Untracked 
|2506|0x000014f4d4000000, 0x000014f4d4000000, 0x000014f4d6000000|  0%| F|  |TAMS 0x000014f4d4000000, 0x000014f4d4000000| Untracked 
|2507|0x000014f4d6000000, 0x000014f4d6000000, 0x000014f4d8000000|  0%| F|  |TAMS 0x000014f4d6000000, 0x000014f4d6000000| Untracked 
|2508|0x000014f4d8000000, 0x000014f4d8000000, 0x000014f4da000000|  0%| F|  |TAMS 0x000014f4d8000000, 0x000014f4d8000000| Untracked 
|2509|0x000014f4da000000, 0x000014f4da000000, 0x000014f4dc000000|  0%| F|  |TAMS 0x000014f4da000000, 0x000014f4da000000| Untracked 
|2510|0x000014f4dc000000, 0x000014f4dc000000, 0x000014f4de000000|  0%| F|  |TAMS 0x000014f4dc000000, 0x000014f4dc000000| Untracked 
|2511|0x000014f4de000000, 0x000014f4de000000, 0x000014f4e0000000|  0%| F|  |TAMS 0x000014f4de000000, 0x000014f4de000000| Untracked 
|2512|0x000014f4e0000000, 0x000014f4e0000000, 0x000014f4e2000000|  0%| F|  |TAMS 0x000014f4e0000000, 0x000014f4e0000000| Untracked 
|2513|0x000014f4e2000000, 0x000014f4e2000000, 0x000014f4e4000000|  0%| F|  |TAMS 0x000014f4e2000000, 0x000014f4e2000000| Untracked 
|2514|0x000014f4e4000000, 0x000014f4e4000000, 0x000014f4e6000000|  0%| F|  |TAMS 0x000014f4e4000000, 0x000014f4e4000000| Untracked 
|2515|0x000014f4e6000000, 0x000014f4e6000000, 0x000014f4e8000000|  0%| F|  |TAMS 0x000014f4e6000000, 0x000014f4e6000000| Untracked 
|2516|0x000014f4e8000000, 0x000014f4e8000000, 0x000014f4ea000000|  0%| F|  |TAMS 0x000014f4e8000000, 0x000014f4e8000000| Untracked 
|2517|0x000014f4ea000000, 0x000014f4ea000000, 0x000014f4ec000000|  0%| F|  |TAMS 0x000014f4ea000000, 0x000014f4ea000000| Untracked 
|2518|0x000014f4ec000000, 0x000014f4ec000000, 0x000014f4ee000000|  0%| F|  |TAMS 0x000014f4ec000000, 0x000014f4ec000000| Untracked 
|2519|0x000014f4ee000000, 0x000014f4ee000000, 0x000014f4f0000000|  0%| F|  |TAMS 0x000014f4ee000000, 0x000014f4ee000000| Untracked 
|2520|0x000014f4f0000000, 0x000014f4f0000000, 0x000014f4f2000000|  0%| F|  |TAMS 0x000014f4f0000000, 0x000014f4f0000000| Untracked 
|2521|0x000014f4f2000000, 0x000014f4f2000000, 0x000014f4f4000000|  0%| F|  |TAMS 0x000014f4f2000000, 0x000014f4f2000000| Untracked 
|2522|0x000014f4f4000000, 0x000014f4f4000000, 0x000014f4f6000000|  0%| F|  |TAMS 0x000014f4f4000000, 0x000014f4f4000000| Untracked 
|2523|0x000014f4f6000000, 0x000014f4f6000000, 0x000014f4f8000000|  0%| F|  |TAMS 0x000014f4f6000000, 0x000014f4f6000000| Untracked 
|2524|0x000014f4f8000000, 0x000014f4f8000000, 0x000014f4fa000000|  0%| F|  |TAMS 0x000014f4f8000000, 0x000014f4f8000000| Untracked 
|2525|0x000014f4fa000000, 0x000014f4fa000000, 0x000014f4fc000000|  0%| F|  |TAMS 0x000014f4fa000000, 0x000014f4fa000000| Untracked 
|2526|0x000014f4fc000000, 0x000014f4fe000000, 0x000014f4fe000000|100%| O|  |TAMS 0x000014f4fe000000, 0x000014f4fc000000| Untracked 
|2527|0x000014f4fe000000, 0x000014f4fe000000, 0x000014f500000000|  0%| F|  |TAMS 0x000014f4fe000000, 0x000014f4fe000000| Untracked 
|2528|0x000014f500000000, 0x000014f500000000, 0x000014f502000000|  0%| F|  |TAMS 0x000014f500000000, 0x000014f500000000| Untracked 
|2529|0x000014f502000000, 0x000014f502000000, 0x000014f504000000|  0%| F|  |TAMS 0x000014f502000000, 0x000014f502000000| Untracked 
|2530|0x000014f504000000, 0x000014f504000000, 0x000014f506000000|  0%| F|  |TAMS 0x000014f504000000, 0x000014f504000000| Untracked 
|2531|0x000014f506000000, 0x000014f506000000, 0x000014f508000000|  0%| F|  |TAMS 0x000014f506000000, 0x000014f506000000| Untracked 
|2532|0x000014f508000000, 0x000014f508000000, 0x000014f50a000000|  0%| F|  |TAMS 0x000014f508000000, 0x000014f508000000| Untracked 
|2533|0x000014f50a000000, 0x000014f50a000000, 0x000014f50c000000|  0%| F|  |TAMS 0x000014f50a000000, 0x000014f50a000000| Untracked 
|2534|0x000014f50c000000, 0x000014f50c000000, 0x000014f50e000000|  0%| F|  |TAMS 0x000014f50c000000, 0x000014f50c000000| Untracked 
|2535|0x000014f50e000000, 0x000014f50e000000, 0x000014f510000000|  0%| F|  |TAMS 0x000014f50e000000, 0x000014f50e000000| Untracked 
|2536|0x000014f510000000, 0x000014f510000000, 0x000014f512000000|  0%| F|  |TAMS 0x000014f510000000, 0x000014f510000000| Untracked 
|2537|0x000014f512000000, 0x000014f512000000, 0x000014f514000000|  0%| F|  |TAMS 0x000014f512000000, 0x000014f512000000| Untracked 
|2538|0x000014f514000000, 0x000014f514000000, 0x000014f516000000|  0%| F|  |TAMS 0x000014f514000000, 0x000014f514000000| Untracked 
|2539|0x000014f516000000, 0x000014f516000000, 0x000014f518000000|  0%| F|  |TAMS 0x000014f516000000, 0x000014f516000000| Untracked 
|2540|0x000014f518000000, 0x000014f518000000, 0x000014f51a000000|  0%| F|  |TAMS 0x000014f518000000, 0x000014f518000000| Untracked 
|2541|0x000014f51a000000, 0x000014f51a000000, 0x000014f51c000000|  0%| F|  |TAMS 0x000014f51a000000, 0x000014f51a000000| Untracked 
|2542|0x000014f51c000000, 0x000014f51c000000, 0x000014f51e000000|  0%| F|  |TAMS 0x000014f51c000000, 0x000014f51c000000| Untracked 
|2543|0x000014f51e000000, 0x000014f51e000000, 0x000014f520000000|  0%| F|  |TAMS 0x000014f51e000000, 0x000014f51e000000| Untracked 
|2544|0x000014f520000000, 0x000014f520000000, 0x000014f522000000|  0%| F|  |TAMS 0x000014f520000000, 0x000014f520000000| Untracked 
|2545|0x000014f522000000, 0x000014f522000000, 0x000014f524000000|  0%| F|  |TAMS 0x000014f522000000, 0x000014f522000000| Untracked 
|2546|0x000014f524000000, 0x000014f524000000, 0x000014f526000000|  0%| F|  |TAMS 0x000014f524000000, 0x000014f524000000| Untracked 
|2547|0x000014f526000000, 0x000014f526000000, 0x000014f528000000|  0%| F|  |TAMS 0x000014f526000000, 0x000014f526000000| Untracked 
|2548|0x000014f528000000, 0x000014f528000000, 0x000014f52a000000|  0%| F|  |TAMS 0x000014f528000000, 0x000014f528000000| Untracked 
|2549|0x000014f52a000000, 0x000014f52a000000, 0x000014f52c000000|  0%| F|  |TAMS 0x000014f52a000000, 0x000014f52a000000| Untracked 
|2550|0x000014f52c000000, 0x000014f52c000000, 0x000014f52e000000|  0%| F|  |TAMS 0x000014f52c000000, 0x000014f52c000000| Untracked 
|2551|0x000014f52e000000, 0x000014f52e000000, 0x000014f530000000|  0%| F|  |TAMS 0x000014f52e000000, 0x000014f52e000000| Untracked 
|2552|0x000014f530000000, 0x000014f530000000, 0x000014f532000000|  0%| F|  |TAMS 0x000014f530000000, 0x000014f530000000| Untracked 
|2553|0x000014f532000000, 0x000014f532000000, 0x000014f534000000|  0%| F|  |TAMS 0x000014f532000000, 0x000014f532000000| Untracked 
|2554|0x000014f534000000, 0x000014f534000000, 0x000014f536000000|  0%| F|  |TAMS 0x000014f534000000, 0x000014f534000000| Untracked 
|2555|0x000014f536000000, 0x000014f536000000, 0x000014f538000000|  0%| F|  |TAMS 0x000014f536000000, 0x000014f536000000| Untracked 
|2556|0x000014f538000000, 0x000014f538000000, 0x000014f53a000000|  0%| F|  |TAMS 0x000014f538000000, 0x000014f538000000| Untracked 
|2557|0x000014f53a000000, 0x000014f53a000000, 0x000014f53c000000|  0%| F|  |TAMS 0x000014f53a000000, 0x000014f53a000000| Untracked 
|2558|0x000014f53c000000, 0x000014f53c000000, 0x000014f53e000000|  0%| F|  |TAMS 0x000014f53c000000, 0x000014f53c000000| Untracked 
|2559|0x000014f53e000000, 0x000014f53e000000, 0x000014f540000000|  0%| F|  |TAMS 0x000014f53e000000, 0x000014f53e000000| Untracked 
|2560|0x000014f540000000, 0x000014f540000000, 0x000014f542000000|  0%| F|  |TAMS 0x000014f540000000, 0x000014f540000000| Untracked 
|2561|0x000014f542000000, 0x000014f542000000, 0x000014f544000000|  0%| F|  |TAMS 0x000014f542000000, 0x000014f542000000| Untracked 
|2562|0x000014f544000000, 0x000014f544000000, 0x000014f546000000|  0%| F|  |TAMS 0x000014f544000000, 0x000014f544000000| Untracked 
|2563|0x000014f546000000, 0x000014f546000000, 0x000014f548000000|  0%| F|  |TAMS 0x000014f546000000, 0x000014f546000000| Untracked 
|2564|0x000014f548000000, 0x000014f548000000, 0x000014f54a000000|  0%| F|  |TAMS 0x000014f548000000, 0x000014f548000000| Untracked 
|2565|0x000014f54a000000, 0x000014f54a000000, 0x000014f54c000000|  0%| F|  |TAMS 0x000014f54a000000, 0x000014f54a000000| Untracked 
|2566|0x000014f54c000000, 0x000014f54c000000, 0x000014f54e000000|  0%| F|  |TAMS 0x000014f54c000000, 0x000014f54c000000| Untracked 
|2567|0x000014f54e000000, 0x000014f54e000000, 0x000014f550000000|  0%| F|  |TAMS 0x000014f54e000000, 0x000014f54e000000| Untracked 
|2568|0x000014f550000000, 0x000014f550000000, 0x000014f552000000|  0%| F|  |TAMS 0x000014f550000000, 0x000014f550000000| Untracked 
|2569|0x000014f552000000, 0x000014f552000000, 0x000014f554000000|  0%| F|  |TAMS 0x000014f552000000, 0x000014f552000000| Untracked 
|2570|0x000014f554000000, 0x000014f554000000, 0x000014f556000000|  0%| F|  |TAMS 0x000014f554000000, 0x000014f554000000| Untracked 
|2571|0x000014f556000000, 0x000014f556000000, 0x000014f558000000|  0%| F|  |TAMS 0x000014f556000000, 0x000014f556000000| Untracked 
|2572|0x000014f558000000, 0x000014f558000000, 0x000014f55a000000|  0%| F|  |TAMS 0x000014f558000000, 0x000014f558000000| Untracked 
|2573|0x000014f55a000000, 0x000014f55a000000, 0x000014f55c000000|  0%| F|  |TAMS 0x000014f55a000000, 0x000014f55a000000| Untracked 
|2574|0x000014f55c000000, 0x000014f55c000000, 0x000014f55e000000|  0%| F|  |TAMS 0x000014f55c000000, 0x000014f55c000000| Untracked 
|2575|0x000014f55e000000, 0x000014f55e000000, 0x000014f560000000|  0%| F|  |TAMS 0x000014f55e000000, 0x000014f55e000000| Untracked 
|2576|0x000014f560000000, 0x000014f560000000, 0x000014f562000000|  0%| F|  |TAMS 0x000014f560000000, 0x000014f560000000| Untracked 
|2577|0x000014f562000000, 0x000014f562000000, 0x000014f564000000|  0%| F|  |TAMS 0x000014f562000000, 0x000014f562000000| Untracked 
|2578|0x000014f564000000, 0x000014f564000000, 0x000014f566000000|  0%| F|  |TAMS 0x000014f564000000, 0x000014f564000000| Untracked 
|2579|0x000014f566000000, 0x000014f566000000, 0x000014f568000000|  0%| F|  |TAMS 0x000014f566000000, 0x000014f566000000| Untracked 
|2580|0x000014f568000000, 0x000014f568000000, 0x000014f56a000000|  0%| F|  |TAMS 0x000014f568000000, 0x000014f568000000| Untracked 
|2581|0x000014f56a000000, 0x000014f56a000000, 0x000014f56c000000|  0%| F|  |TAMS 0x000014f56a000000, 0x000014f56a000000| Untracked 
|2582|0x000014f56c000000, 0x000014f56c000000, 0x000014f56e000000|  0%| F|  |TAMS 0x000014f56c000000, 0x000014f56c000000| Untracked 
|2583|0x000014f56e000000, 0x000014f56e000000, 0x000014f570000000|  0%| F|  |TAMS 0x000014f56e000000, 0x000014f56e000000| Untracked 
|2584|0x000014f570000000, 0x000014f570000000, 0x000014f572000000|  0%| F|  |TAMS 0x000014f570000000, 0x000014f570000000| Untracked 
|2585|0x000014f572000000, 0x000014f572000000, 0x000014f574000000|  0%| F|  |TAMS 0x000014f572000000, 0x000014f572000000| Untracked 
|2586|0x000014f574000000, 0x000014f574000000, 0x000014f576000000|  0%| F|  |TAMS 0x000014f574000000, 0x000014f574000000| Untracked 
|2587|0x000014f576000000, 0x000014f576000000, 0x000014f578000000|  0%| F|  |TAMS 0x000014f576000000, 0x000014f576000000| Untracked 
|2588|0x000014f578000000, 0x000014f578000000, 0x000014f57a000000|  0%| F|  |TAMS 0x000014f578000000, 0x000014f578000000| Untracked 
|2589|0x000014f57a000000, 0x000014f57a000000, 0x000014f57c000000|  0%| F|  |TAMS 0x000014f57a000000, 0x000014f57a000000| Untracked 
|2590|0x000014f57c000000, 0x000014f57c000000, 0x000014f57e000000|  0%| F|  |TAMS 0x000014f57c000000, 0x000014f57c000000| Untracked 
|2591|0x000014f57e000000, 0x000014f57e000000, 0x000014f580000000|  0%| F|  |TAMS 0x000014f57e000000, 0x000014f57e000000| Untracked 
|2592|0x000014f580000000, 0x000014f580000000, 0x000014f582000000|  0%| F|  |TAMS 0x000014f580000000, 0x000014f580000000| Untracked 
|2593|0x000014f582000000, 0x000014f582000000, 0x000014f584000000|  0%| F|  |TAMS 0x000014f582000000, 0x000014f582000000| Untracked 
|2594|0x000014f584000000, 0x000014f584000000, 0x000014f586000000|  0%| F|  |TAMS 0x000014f584000000, 0x000014f584000000| Untracked 
|2595|0x000014f586000000, 0x000014f586000000, 0x000014f588000000|  0%| F|  |TAMS 0x000014f586000000, 0x000014f586000000| Untracked 
|2596|0x000014f588000000, 0x000014f588000000, 0x000014f58a000000|  0%| F|  |TAMS 0x000014f588000000, 0x000014f588000000| Untracked 
|2597|0x000014f58a000000, 0x000014f58a000000, 0x000014f58c000000|  0%| F|  |TAMS 0x000014f58a000000, 0x000014f58a000000| Untracked 
|2598|0x000014f58c000000, 0x000014f58c000000, 0x000014f58e000000|  0%| F|  |TAMS 0x000014f58c000000, 0x000014f58c000000| Untracked 
|2599|0x000014f58e000000, 0x000014f58e000000, 0x000014f590000000|  0%| F|  |TAMS 0x000014f58e000000, 0x000014f58e000000| Untracked 
|2600|0x000014f590000000, 0x000014f590000000, 0x000014f592000000|  0%| F|  |TAMS 0x000014f590000000, 0x000014f590000000| Untracked 
|2601|0x000014f592000000, 0x000014f592000000, 0x000014f594000000|  0%| F|  |TAMS 0x000014f592000000, 0x000014f592000000| Untracked 
|2602|0x000014f594000000, 0x000014f594000000, 0x000014f596000000|  0%| F|  |TAMS 0x000014f594000000, 0x000014f594000000| Untracked 
|2603|0x000014f596000000, 0x000014f596000000, 0x000014f598000000|  0%| F|  |TAMS 0x000014f596000000, 0x000014f596000000| Untracked 
|2604|0x000014f598000000, 0x000014f598000000, 0x000014f59a000000|  0%| F|  |TAMS 0x000014f598000000, 0x000014f598000000| Untracked 
|2605|0x000014f59a000000, 0x000014f59a000000, 0x000014f59c000000|  0%| F|  |TAMS 0x000014f59a000000, 0x000014f59a000000| Untracked 
|2606|0x000014f59c000000, 0x000014f59c000000, 0x000014f59e000000|  0%| F|  |TAMS 0x000014f59c000000, 0x000014f59c000000| Untracked 
|2607|0x000014f59e000000, 0x000014f59e000000, 0x000014f5a0000000|  0%| F|  |TAMS 0x000014f59e000000, 0x000014f59e000000| Untracked 
|2608|0x000014f5a0000000, 0x000014f5a0000000, 0x000014f5a2000000|  0%| F|  |TAMS 0x000014f5a0000000, 0x000014f5a0000000| Untracked 
|2609|0x000014f5a2000000, 0x000014f5a2000000, 0x000014f5a4000000|  0%| F|  |TAMS 0x000014f5a2000000, 0x000014f5a2000000| Untracked 
|2610|0x000014f5a4000000, 0x000014f5a4000000, 0x000014f5a6000000|  0%| F|  |TAMS 0x000014f5a4000000, 0x000014f5a4000000| Untracked 
|2611|0x000014f5a6000000, 0x000014f5a6000000, 0x000014f5a8000000|  0%| F|  |TAMS 0x000014f5a6000000, 0x000014f5a6000000| Untracked 
|2612|0x000014f5a8000000, 0x000014f5a8000000, 0x000014f5aa000000|  0%| F|  |TAMS 0x000014f5a8000000, 0x000014f5a8000000| Untracked 
|2613|0x000014f5aa000000, 0x000014f5aa000000, 0x000014f5ac000000|  0%| F|  |TAMS 0x000014f5aa000000, 0x000014f5aa000000| Untracked 
|2614|0x000014f5ac000000, 0x000014f5ac000000, 0x000014f5ae000000|  0%| F|  |TAMS 0x000014f5ac000000, 0x000014f5ac000000| Untracked 
|2615|0x000014f5ae000000, 0x000014f5ae000000, 0x000014f5b0000000|  0%| F|  |TAMS 0x000014f5ae000000, 0x000014f5ae000000| Untracked 
|2616|0x000014f5b0000000, 0x000014f5b0000000, 0x000014f5b2000000|  0%| F|  |TAMS 0x000014f5b0000000, 0x000014f5b0000000| Untracked 
|2617|0x000014f5b2000000, 0x000014f5b2000000, 0x000014f5b4000000|  0%| F|  |TAMS 0x000014f5b2000000, 0x000014f5b2000000| Untracked 
|2618|0x000014f5b4000000, 0x000014f5b4000000, 0x000014f5b6000000|  0%| F|  |TAMS 0x000014f5b4000000, 0x000014f5b4000000| Untracked 
|2619|0x000014f5b6000000, 0x000014f5b6000000, 0x000014f5b8000000|  0%| F|  |TAMS 0x000014f5b6000000, 0x000014f5b6000000| Untracked 
|2620|0x000014f5b8000000, 0x000014f5b8000000, 0x000014f5ba000000|  0%| F|  |TAMS 0x000014f5b8000000, 0x000014f5b8000000| Untracked 
|2621|0x000014f5ba000000, 0x000014f5ba000000, 0x000014f5bc000000|  0%| F|  |TAMS 0x000014f5ba000000, 0x000014f5ba000000| Untracked 
|2622|0x000014f5bc000000, 0x000014f5bc000000, 0x000014f5be000000|  0%| F|  |TAMS 0x000014f5bc000000, 0x000014f5bc000000| Untracked 
|2623|0x000014f5be000000, 0x000014f5be000000, 0x000014f5c0000000|  0%| F|  |TAMS 0x000014f5be000000, 0x000014f5be000000| Untracked 
|2624|0x000014f5c0000000, 0x000014f5c0000000, 0x000014f5c2000000|  0%| F|  |TAMS 0x000014f5c0000000, 0x000014f5c0000000| Untracked 
|2625|0x000014f5c2000000, 0x000014f5c2000000, 0x000014f5c4000000|  0%| F|  |TAMS 0x000014f5c2000000, 0x000014f5c2000000| Untracked 
|2626|0x000014f5c4000000, 0x000014f5c4000000, 0x000014f5c6000000|  0%| F|  |TAMS 0x000014f5c4000000, 0x000014f5c4000000| Untracked 
|2627|0x000014f5c6000000, 0x000014f5c6000000, 0x000014f5c8000000|  0%| F|  |TAMS 0x000014f5c6000000, 0x000014f5c6000000| Untracked 
|2628|0x000014f5c8000000, 0x000014f5c8000000, 0x000014f5ca000000|  0%| F|  |TAMS 0x000014f5c8000000, 0x000014f5c8000000| Untracked 
|2629|0x000014f5ca000000, 0x000014f5ca000000, 0x000014f5cc000000|  0%| F|  |TAMS 0x000014f5ca000000, 0x000014f5ca000000| Untracked 
|2630|0x000014f5cc000000, 0x000014f5cc000000, 0x000014f5ce000000|  0%| F|  |TAMS 0x000014f5cc000000, 0x000014f5cc000000| Untracked 
|2631|0x000014f5ce000000, 0x000014f5ce000000, 0x000014f5d0000000|  0%| F|  |TAMS 0x000014f5ce000000, 0x000014f5ce000000| Untracked 
|2632|0x000014f5d0000000, 0x000014f5d0000000, 0x000014f5d2000000|  0%| F|  |TAMS 0x000014f5d0000000, 0x000014f5d0000000| Untracked 
|2633|0x000014f5d2000000, 0x000014f5d2000000, 0x000014f5d4000000|  0%| F|  |TAMS 0x000014f5d2000000, 0x000014f5d2000000| Untracked 
|2634|0x000014f5d4000000, 0x000014f5d4000000, 0x000014f5d6000000|  0%| F|  |TAMS 0x000014f5d4000000, 0x000014f5d4000000| Untracked 
|2635|0x000014f5d6000000, 0x000014f5d6000000, 0x000014f5d8000000|  0%| F|  |TAMS 0x000014f5d6000000, 0x000014f5d6000000| Untracked 
|2636|0x000014f5d8000000, 0x000014f5d8000000, 0x000014f5da000000|  0%| F|  |TAMS 0x000014f5d8000000, 0x000014f5d8000000| Untracked 
|2637|0x000014f5da000000, 0x000014f5da000000, 0x000014f5dc000000|  0%| F|  |TAMS 0x000014f5da000000, 0x000014f5da000000| Untracked 
|2638|0x000014f5dc000000, 0x000014f5dc000000, 0x000014f5de000000|  0%| F|  |TAMS 0x000014f5dc000000, 0x000014f5dc000000| Untracked 
|2639|0x000014f5de000000, 0x000014f5de000000, 0x000014f5e0000000|  0%| F|  |TAMS 0x000014f5de000000, 0x000014f5de000000| Untracked 
|2640|0x000014f5e0000000, 0x000014f5e0000000, 0x000014f5e2000000|  0%| F|  |TAMS 0x000014f5e0000000, 0x000014f5e0000000| Untracked 
|2641|0x000014f5e2000000, 0x000014f5e2000000, 0x000014f5e4000000|  0%| F|  |TAMS 0x000014f5e2000000, 0x000014f5e2000000| Untracked 
|2642|0x000014f5e4000000, 0x000014f5e4000000, 0x000014f5e6000000|  0%| F|  |TAMS 0x000014f5e4000000, 0x000014f5e4000000| Untracked 
|2643|0x000014f5e6000000, 0x000014f5e8000000, 0x000014f5e8000000|100%| O|  |TAMS 0x000014f5e8000000, 0x000014f5e6000000| Untracked 
|2644|0x000014f5e8000000, 0x000014f5e8000000, 0x000014f5ea000000|  0%| F|  |TAMS 0x000014f5e8000000, 0x000014f5e8000000| Untracked 
|2645|0x000014f5ea000000, 0x000014f5ea000000, 0x000014f5ec000000|  0%| F|  |TAMS 0x000014f5ea000000, 0x000014f5ea000000| Untracked 
|2646|0x000014f5ec000000, 0x000014f5ee000000, 0x000014f5ee000000|100%| O|  |TAMS 0x000014f5ee000000, 0x000014f5ec000000| Untracked 
|2647|0x000014f5ee000000, 0x000014f5ee000000, 0x000014f5f0000000|  0%| F|  |TAMS 0x000014f5ee000000, 0x000014f5ee000000| Untracked 
|2648|0x000014f5f0000000, 0x000014f5f0000000, 0x000014f5f2000000|  0%| F|  |TAMS 0x000014f5f0000000, 0x000014f5f0000000| Untracked 
|2649|0x000014f5f2000000, 0x000014f5f2000000, 0x000014f5f4000000|  0%| F|  |TAMS 0x000014f5f2000000, 0x000014f5f2000000| Untracked 
|2650|0x000014f5f4000000, 0x000014f5f4000000, 0x000014f5f6000000|  0%| F|  |TAMS 0x000014f5f4000000, 0x000014f5f4000000| Untracked 
|2651|0x000014f5f6000000, 0x000014f5f6000000, 0x000014f5f8000000|  0%| F|  |TAMS 0x000014f5f6000000, 0x000014f5f6000000| Untracked 
|2652|0x000014f5f8000000, 0x000014f5f8000000, 0x000014f5fa000000|  0%| F|  |TAMS 0x000014f5f8000000, 0x000014f5f8000000| Untracked 
|2653|0x000014f5fa000000, 0x000014f5fa000000, 0x000014f5fc000000|  0%| F|  |TAMS 0x000014f5fa000000, 0x000014f5fa000000| Untracked 
|2654|0x000014f5fc000000, 0x000014f5fc000000, 0x000014f5fe000000|  0%| F|  |TAMS 0x000014f5fc000000, 0x000014f5fc000000| Untracked 
|2655|0x000014f5fe000000, 0x000014f5fe000000, 0x000014f600000000|  0%| F|  |TAMS 0x000014f5fe000000, 0x000014f5fe000000| Untracked 
|2656|0x000014f600000000, 0x000014f600000000, 0x000014f602000000|  0%| F|  |TAMS 0x000014f600000000, 0x000014f600000000| Untracked 
|2657|0x000014f602000000, 0x000014f602000000, 0x000014f604000000|  0%| F|  |TAMS 0x000014f602000000, 0x000014f602000000| Untracked 
|2658|0x000014f604000000, 0x000014f604000000, 0x000014f606000000|  0%| F|  |TAMS 0x000014f604000000, 0x000014f604000000| Untracked 
|2659|0x000014f606000000, 0x000014f606000000, 0x000014f608000000|  0%| F|  |TAMS 0x000014f606000000, 0x000014f606000000| Untracked 
|2660|0x000014f608000000, 0x000014f608000000, 0x000014f60a000000|  0%| F|  |TAMS 0x000014f608000000, 0x000014f608000000| Untracked 
|2661|0x000014f60a000000, 0x000014f60a000000, 0x000014f60c000000|  0%| F|  |TAMS 0x000014f60a000000, 0x000014f60a000000| Untracked 
|2662|0x000014f60c000000, 0x000014f60c000000, 0x000014f60e000000|  0%| F|  |TAMS 0x000014f60c000000, 0x000014f60c000000| Untracked 
|2663|0x000014f60e000000, 0x000014f60e000000, 0x000014f610000000|  0%| F|  |TAMS 0x000014f60e000000, 0x000014f60e000000| Untracked 
|2664|0x000014f610000000, 0x000014f610000000, 0x000014f612000000|  0%| F|  |TAMS 0x000014f610000000, 0x000014f610000000| Untracked 
|2665|0x000014f612000000, 0x000014f612000000, 0x000014f614000000|  0%| F|  |TAMS 0x000014f612000000, 0x000014f612000000| Untracked 
|2666|0x000014f614000000, 0x000014f614000000, 0x000014f616000000|  0%| F|  |TAMS 0x000014f614000000, 0x000014f614000000| Untracked 
|2667|0x000014f616000000, 0x000014f616000000, 0x000014f618000000|  0%| F|  |TAMS 0x000014f616000000, 0x000014f616000000| Untracked 
|2668|0x000014f618000000, 0x000014f618000000, 0x000014f61a000000|  0%| F|  |TAMS 0x000014f618000000, 0x000014f618000000| Untracked 
|2669|0x000014f61a000000, 0x000014f61a000000, 0x000014f61c000000|  0%| F|  |TAMS 0x000014f61a000000, 0x000014f61a000000| Untracked 
|2670|0x000014f61c000000, 0x000014f61c000000, 0x000014f61e000000|  0%| F|  |TAMS 0x000014f61c000000, 0x000014f61c000000| Untracked 
|2671|0x000014f61e000000, 0x000014f61e000000, 0x000014f620000000|  0%| F|  |TAMS 0x000014f61e000000, 0x000014f61e000000| Untracked 
|2672|0x000014f620000000, 0x000014f620000000, 0x000014f622000000|  0%| F|  |TAMS 0x000014f620000000, 0x000014f620000000| Untracked 
|2673|0x000014f622000000, 0x000014f622000000, 0x000014f624000000|  0%| F|  |TAMS 0x000014f622000000, 0x000014f622000000| Untracked 
|2674|0x000014f624000000, 0x000014f626000000, 0x000014f626000000|100%| O|  |TAMS 0x000014f626000000, 0x000014f624000000| Untracked 
|2675|0x000014f626000000, 0x000014f628000000, 0x000014f628000000|100%| O|  |TAMS 0x000014f628000000, 0x000014f626000000| Untracked 
|2676|0x000014f628000000, 0x000014f62a000000, 0x000014f62a000000|100%| O|  |TAMS 0x000014f62a000000, 0x000014f628000000| Untracked 
|2677|0x000014f62a000000, 0x000014f62c000000, 0x000014f62c000000|100%| O|  |TAMS 0x000014f62c000000, 0x000014f62a000000| Untracked 
|2678|0x000014f62c000000, 0x000014f62e000000, 0x000014f62e000000|100%| O|  |TAMS 0x000014f62e000000, 0x000014f62c000000| Untracked 
|2679|0x000014f62e000000, 0x000014f62e000000, 0x000014f630000000|  0%| F|  |TAMS 0x000014f62e000000, 0x000014f62e000000| Untracked 
|2680|0x000014f630000000, 0x000014f632000000, 0x000014f632000000|100%| O|  |TAMS 0x000014f632000000, 0x000014f630000000| Untracked 
|2681|0x000014f632000000, 0x000014f634000000, 0x000014f634000000|100%| O|  |TAMS 0x000014f634000000, 0x000014f632000000| Untracked 
|2682|0x000014f634000000, 0x000014f634000000, 0x000014f636000000|  0%| F|  |TAMS 0x000014f634000000, 0x000014f634000000| Untracked 
|2683|0x000014f636000000, 0x000014f636000000, 0x000014f638000000|  0%| F|  |TAMS 0x000014f636000000, 0x000014f636000000| Untracked 
|2684|0x000014f638000000, 0x000014f638000000, 0x000014f63a000000|  0%| F|  |TAMS 0x000014f638000000, 0x000014f638000000| Untracked 
|2685|0x000014f63a000000, 0x000014f63a000000, 0x000014f63c000000|  0%| F|  |TAMS 0x000014f63a000000, 0x000014f63a000000| Untracked 
|2686|0x000014f63c000000, 0x000014f63e000000, 0x000014f63e000000|100%| O|  |TAMS 0x000014f63e000000, 0x000014f63c000000| Untracked 
|2687|0x000014f63e000000, 0x000014f640000000, 0x000014f640000000|100%| O|  |TAMS 0x000014f640000000, 0x000014f63e000000| Untracked 
|2688|0x000014f640000000, 0x000014f642000000, 0x000014f642000000|100%| O|  |TAMS 0x000014f642000000, 0x000014f640000000| Untracked 
|2689|0x000014f642000000, 0x000014f642000000, 0x000014f644000000|  0%| F|  |TAMS 0x000014f642000000, 0x000014f642000000| Untracked 
|2690|0x000014f644000000, 0x000014f644000000, 0x000014f646000000|  0%| F|  |TAMS 0x000014f644000000, 0x000014f644000000| Untracked 
|2691|0x000014f646000000, 0x000014f646000000, 0x000014f648000000|  0%| F|  |TAMS 0x000014f646000000, 0x000014f646000000| Untracked 
|2692|0x000014f648000000, 0x000014f648000000, 0x000014f64a000000|  0%| F|  |TAMS 0x000014f648000000, 0x000014f648000000| Untracked 
|2693|0x000014f64a000000, 0x000014f64a000000, 0x000014f64c000000|  0%| F|  |TAMS 0x000014f64a000000, 0x000014f64a000000| Untracked 
|2694|0x000014f64c000000, 0x000014f64c000000, 0x000014f64e000000|  0%| F|  |TAMS 0x000014f64c000000, 0x000014f64c000000| Untracked 
|2695|0x000014f64e000000, 0x000014f64e000000, 0x000014f650000000|  0%| F|  |TAMS 0x000014f64e000000, 0x000014f64e000000| Untracked 
|2696|0x000014f650000000, 0x000014f650000000, 0x000014f652000000|  0%| F|  |TAMS 0x000014f650000000, 0x000014f650000000| Untracked 
|2697|0x000014f652000000, 0x000014f652000000, 0x000014f654000000|  0%| F|  |TAMS 0x000014f652000000, 0x000014f652000000| Untracked 
|2698|0x000014f654000000, 0x000014f654000000, 0x000014f656000000|  0%| F|  |TAMS 0x000014f654000000, 0x000014f654000000| Untracked 
|2699|0x000014f656000000, 0x000014f656000000, 0x000014f658000000|  0%| F|  |TAMS 0x000014f656000000, 0x000014f656000000| Untracked 
|2700|0x000014f658000000, 0x000014f658000000, 0x000014f65a000000|  0%| F|  |TAMS 0x000014f658000000, 0x000014f658000000| Untracked 
|2701|0x000014f65a000000, 0x000014f65a000000, 0x000014f65c000000|  0%| F|  |TAMS 0x000014f65a000000, 0x000014f65a000000| Untracked 
|2702|0x000014f65c000000, 0x000014f65c000000, 0x000014f65e000000|  0%| F|  |TAMS 0x000014f65c000000, 0x000014f65c000000| Untracked 
|2703|0x000014f65e000000, 0x000014f65e000000, 0x000014f660000000|  0%| F|  |TAMS 0x000014f65e000000, 0x000014f65e000000| Untracked 
|2704|0x000014f660000000, 0x000014f660000000, 0x000014f662000000|  0%| F|  |TAMS 0x000014f660000000, 0x000014f660000000| Untracked 
|2705|0x000014f662000000, 0x000014f662000000, 0x000014f664000000|  0%| F|  |TAMS 0x000014f662000000, 0x000014f662000000| Untracked 
|2706|0x000014f664000000, 0x000014f664000000, 0x000014f666000000|  0%| F|  |TAMS 0x000014f664000000, 0x000014f664000000| Untracked 
|2707|0x000014f666000000, 0x000014f666000000, 0x000014f668000000|  0%| F|  |TAMS 0x000014f666000000, 0x000014f666000000| Untracked 
|2708|0x000014f668000000, 0x000014f668000000, 0x000014f66a000000|  0%| F|  |TAMS 0x000014f668000000, 0x000014f668000000| Untracked 
|2709|0x000014f66a000000, 0x000014f66a000000, 0x000014f66c000000|  0%| F|  |TAMS 0x000014f66a000000, 0x000014f66a000000| Untracked 
|2710|0x000014f66c000000, 0x000014f66c000000, 0x000014f66e000000|  0%| F|  |TAMS 0x000014f66c000000, 0x000014f66c000000| Untracked 
|2711|0x000014f66e000000, 0x000014f66e000000, 0x000014f670000000|  0%| F|  |TAMS 0x000014f66e000000, 0x000014f66e000000| Untracked 
|2712|0x000014f670000000, 0x000014f670000000, 0x000014f672000000|  0%| F|  |TAMS 0x000014f670000000, 0x000014f670000000| Untracked 
|2713|0x000014f672000000, 0x000014f672000000, 0x000014f674000000|  0%| F|  |TAMS 0x000014f672000000, 0x000014f672000000| Untracked 
|2714|0x000014f674000000, 0x000014f674000000, 0x000014f676000000|  0%| F|  |TAMS 0x000014f674000000, 0x000014f674000000| Untracked 
|2715|0x000014f676000000, 0x000014f676000000, 0x000014f678000000|  0%| F|  |TAMS 0x000014f676000000, 0x000014f676000000| Untracked 
|2716|0x000014f678000000, 0x000014f678000000, 0x000014f67a000000|  0%| F|  |TAMS 0x000014f678000000, 0x000014f678000000| Untracked 
|2717|0x000014f67a000000, 0x000014f67a000000, 0x000014f67c000000|  0%| F|  |TAMS 0x000014f67a000000, 0x000014f67a000000| Untracked 
|2718|0x000014f67c000000, 0x000014f67c000000, 0x000014f67e000000|  0%| F|  |TAMS 0x000014f67c000000, 0x000014f67c000000| Untracked 
|2719|0x000014f67e000000, 0x000014f67e000000, 0x000014f680000000|  0%| F|  |TAMS 0x000014f67e000000, 0x000014f67e000000| Untracked 
|2720|0x000014f680000000, 0x000014f680000000, 0x000014f682000000|  0%| F|  |TAMS 0x000014f680000000, 0x000014f680000000| Untracked 
|2721|0x000014f682000000, 0x000014f682000000, 0x000014f684000000|  0%| F|  |TAMS 0x000014f682000000, 0x000014f682000000| Untracked 
|2722|0x000014f684000000, 0x000014f684000000, 0x000014f686000000|  0%| F|  |TAMS 0x000014f684000000, 0x000014f684000000| Untracked 
|2723|0x000014f686000000, 0x000014f686000000, 0x000014f688000000|  0%| F|  |TAMS 0x000014f686000000, 0x000014f686000000| Untracked 
|2724|0x000014f688000000, 0x000014f688000000, 0x000014f68a000000|  0%| F|  |TAMS 0x000014f688000000, 0x000014f688000000| Untracked 
|2725|0x000014f68a000000, 0x000014f68a000000, 0x000014f68c000000|  0%| F|  |TAMS 0x000014f68a000000, 0x000014f68a000000| Untracked 
|2726|0x000014f68c000000, 0x000014f68c000000, 0x000014f68e000000|  0%| F|  |TAMS 0x000014f68c000000, 0x000014f68c000000| Untracked 
|2727|0x000014f68e000000, 0x000014f68e000000, 0x000014f690000000|  0%| F|  |TAMS 0x000014f68e000000, 0x000014f68e000000| Untracked 
|2728|0x000014f690000000, 0x000014f690000000, 0x000014f692000000|  0%| F|  |TAMS 0x000014f690000000, 0x000014f690000000| Untracked 
|2729|0x000014f692000000, 0x000014f692000000, 0x000014f694000000|  0%| F|  |TAMS 0x000014f692000000, 0x000014f692000000| Untracked 
|2730|0x000014f694000000, 0x000014f694000000, 0x000014f696000000|  0%| F|  |TAMS 0x000014f694000000, 0x000014f694000000| Untracked 
|2731|0x000014f696000000, 0x000014f696000000, 0x000014f698000000|  0%| F|  |TAMS 0x000014f696000000, 0x000014f696000000| Untracked 
|2732|0x000014f698000000, 0x000014f698000000, 0x000014f69a000000|  0%| F|  |TAMS 0x000014f698000000, 0x000014f698000000| Untracked 
|2733|0x000014f69a000000, 0x000014f69a000000, 0x000014f69c000000|  0%| F|  |TAMS 0x000014f69a000000, 0x000014f69a000000| Untracked 
|2734|0x000014f69c000000, 0x000014f69c000000, 0x000014f69e000000|  0%| F|  |TAMS 0x000014f69c000000, 0x000014f69c000000| Untracked 
|2735|0x000014f69e000000, 0x000014f69e000000, 0x000014f6a0000000|  0%| F|  |TAMS 0x000014f69e000000, 0x000014f69e000000| Untracked 
|2736|0x000014f6a0000000, 0x000014f6a0000000, 0x000014f6a2000000|  0%| F|  |TAMS 0x000014f6a0000000, 0x000014f6a0000000| Untracked 
|2737|0x000014f6a2000000, 0x000014f6a2000000, 0x000014f6a4000000|  0%| F|  |TAMS 0x000014f6a2000000, 0x000014f6a2000000| Untracked 
|2738|0x000014f6a4000000, 0x000014f6a4000000, 0x000014f6a6000000|  0%| F|  |TAMS 0x000014f6a4000000, 0x000014f6a4000000| Untracked 
|2739|0x000014f6a6000000, 0x000014f6a6000000, 0x000014f6a8000000|  0%| F|  |TAMS 0x000014f6a6000000, 0x000014f6a6000000| Untracked 
|2740|0x000014f6a8000000, 0x000014f6a8000000, 0x000014f6aa000000|  0%| F|  |TAMS 0x000014f6a8000000, 0x000014f6a8000000| Untracked 
|2741|0x000014f6aa000000, 0x000014f6aa000000, 0x000014f6ac000000|  0%| F|  |TAMS 0x000014f6aa000000, 0x000014f6aa000000| Untracked 
|2742|0x000014f6ac000000, 0x000014f6ac000000, 0x000014f6ae000000|  0%| F|  |TAMS 0x000014f6ac000000, 0x000014f6ac000000| Untracked 
|2743|0x000014f6ae000000, 0x000014f6ae000000, 0x000014f6b0000000|  0%| F|  |TAMS 0x000014f6ae000000, 0x000014f6ae000000| Untracked 
|2744|0x000014f6b0000000, 0x000014f6b0000000, 0x000014f6b2000000|  0%| F|  |TAMS 0x000014f6b0000000, 0x000014f6b0000000| Untracked 
|2745|0x000014f6b2000000, 0x000014f6b2000000, 0x000014f6b4000000|  0%| F|  |TAMS 0x000014f6b2000000, 0x000014f6b2000000| Untracked 
|2746|0x000014f6b4000000, 0x000014f6b4000000, 0x000014f6b6000000|  0%| F|  |TAMS 0x000014f6b4000000, 0x000014f6b4000000| Untracked 
|2747|0x000014f6b6000000, 0x000014f6b6000000, 0x000014f6b8000000|  0%| F|  |TAMS 0x000014f6b6000000, 0x000014f6b6000000| Untracked 
|2748|0x000014f6b8000000, 0x000014f6b8000000, 0x000014f6ba000000|  0%| F|  |TAMS 0x000014f6b8000000, 0x000014f6b8000000| Untracked 
|2749|0x000014f6ba000000, 0x000014f6ba000000, 0x000014f6bc000000|  0%| F|  |TAMS 0x000014f6ba000000, 0x000014f6ba000000| Untracked 
|2750|0x000014f6bc000000, 0x000014f6bc000000, 0x000014f6be000000|  0%| F|  |TAMS 0x000014f6bc000000, 0x000014f6bc000000| Untracked 
|2751|0x000014f6be000000, 0x000014f6be000000, 0x000014f6c0000000|  0%| F|  |TAMS 0x000014f6be000000, 0x000014f6be000000| Untracked 
|2752|0x000014f6c0000000, 0x000014f6c0000000, 0x000014f6c2000000|  0%| F|  |TAMS 0x000014f6c0000000, 0x000014f6c0000000| Untracked 
|2753|0x000014f6c2000000, 0x000014f6c2000000, 0x000014f6c4000000|  0%| F|  |TAMS 0x000014f6c2000000, 0x000014f6c2000000| Untracked 
|2754|0x000014f6c4000000, 0x000014f6c4000000, 0x000014f6c6000000|  0%| F|  |TAMS 0x000014f6c4000000, 0x000014f6c4000000| Untracked 
|2755|0x000014f6c6000000, 0x000014f6c6000000, 0x000014f6c8000000|  0%| F|  |TAMS 0x000014f6c6000000, 0x000014f6c6000000| Untracked 
|2756|0x000014f6c8000000, 0x000014f6c8000000, 0x000014f6ca000000|  0%| F|  |TAMS 0x000014f6c8000000, 0x000014f6c8000000| Untracked 
|2757|0x000014f6ca000000, 0x000014f6ca000000, 0x000014f6cc000000|  0%| F|  |TAMS 0x000014f6ca000000, 0x000014f6ca000000| Untracked 
|2758|0x000014f6cc000000, 0x000014f6cc000000, 0x000014f6ce000000|  0%| F|  |TAMS 0x000014f6cc000000, 0x000014f6cc000000| Untracked 
|2759|0x000014f6ce000000, 0x000014f6ce000000, 0x000014f6d0000000|  0%| F|  |TAMS 0x000014f6ce000000, 0x000014f6ce000000| Untracked 
|2760|0x000014f6d0000000, 0x000014f6d0000000, 0x000014f6d2000000|  0%| F|  |TAMS 0x000014f6d0000000, 0x000014f6d0000000| Untracked 
|2761|0x000014f6d2000000, 0x000014f6d2000000, 0x000014f6d4000000|  0%| F|  |TAMS 0x000014f6d2000000, 0x000014f6d2000000| Untracked 
|2762|0x000014f6d4000000, 0x000014f6d4000000, 0x000014f6d6000000|  0%| F|  |TAMS 0x000014f6d4000000, 0x000014f6d4000000| Untracked 
|2763|0x000014f6d6000000, 0x000014f6d6000000, 0x000014f6d8000000|  0%| F|  |TAMS 0x000014f6d6000000, 0x000014f6d6000000| Untracked 
|2764|0x000014f6d8000000, 0x000014f6d8000000, 0x000014f6da000000|  0%| F|  |TAMS 0x000014f6d8000000, 0x000014f6d8000000| Untracked 
|2765|0x000014f6da000000, 0x000014f6da000000, 0x000014f6dc000000|  0%| F|  |TAMS 0x000014f6da000000, 0x000014f6da000000| Untracked 
|2766|0x000014f6dc000000, 0x000014f6dc000000, 0x000014f6de000000|  0%| F|  |TAMS 0x000014f6dc000000, 0x000014f6dc000000| Untracked 
|2767|0x000014f6de000000, 0x000014f6de000000, 0x000014f6e0000000|  0%| F|  |TAMS 0x000014f6de000000, 0x000014f6de000000| Untracked 
|2768|0x000014f6e0000000, 0x000014f6e0000000, 0x000014f6e2000000|  0%| F|  |TAMS 0x000014f6e0000000, 0x000014f6e0000000| Untracked 
|2769|0x000014f6e2000000, 0x000014f6e2000000, 0x000014f6e4000000|  0%| F|  |TAMS 0x000014f6e2000000, 0x000014f6e2000000| Untracked 
|2770|0x000014f6e4000000, 0x000014f6e4000000, 0x000014f6e6000000|  0%| F|  |TAMS 0x000014f6e4000000, 0x000014f6e4000000| Untracked 
|2771|0x000014f6e6000000, 0x000014f6e6000000, 0x000014f6e8000000|  0%| F|  |TAMS 0x000014f6e6000000, 0x000014f6e6000000| Untracked 
|2772|0x000014f6e8000000, 0x000014f6e8000000, 0x000014f6ea000000|  0%| F|  |TAMS 0x000014f6e8000000, 0x000014f6e8000000| Untracked 
|2773|0x000014f6ea000000, 0x000014f6ea000000, 0x000014f6ec000000|  0%| F|  |TAMS 0x000014f6ea000000, 0x000014f6ea000000| Untracked 
|2774|0x000014f6ec000000, 0x000014f6ec000000, 0x000014f6ee000000|  0%| F|  |TAMS 0x000014f6ec000000, 0x000014f6ec000000| Untracked 
|2775|0x000014f6ee000000, 0x000014f6ee000000, 0x000014f6f0000000|  0%| F|  |TAMS 0x000014f6ee000000, 0x000014f6ee000000| Untracked 
|2776|0x000014f6f0000000, 0x000014f6f0000000, 0x000014f6f2000000|  0%| F|  |TAMS 0x000014f6f0000000, 0x000014f6f0000000| Untracked 
|2777|0x000014f6f2000000, 0x000014f6f2000000, 0x000014f6f4000000|  0%| F|  |TAMS 0x000014f6f2000000, 0x000014f6f2000000| Untracked 
|2778|0x000014f6f4000000, 0x000014f6f4000000, 0x000014f6f6000000|  0%| F|  |TAMS 0x000014f6f4000000, 0x000014f6f4000000| Untracked 
|2779|0x000014f6f6000000, 0x000014f6f6000000, 0x000014f6f8000000|  0%| F|  |TAMS 0x000014f6f6000000, 0x000014f6f6000000| Untracked 
|2780|0x000014f6f8000000, 0x000014f6f8000000, 0x000014f6fa000000|  0%| F|  |TAMS 0x000014f6f8000000, 0x000014f6f8000000| Untracked 
|2781|0x000014f6fa000000, 0x000014f6fa000000, 0x000014f6fc000000|  0%| F|  |TAMS 0x000014f6fa000000, 0x000014f6fa000000| Untracked 
|2782|0x000014f6fc000000, 0x000014f6fc000000, 0x000014f6fe000000|  0%| F|  |TAMS 0x000014f6fc000000, 0x000014f6fc000000| Untracked 
|2783|0x000014f6fe000000, 0x000014f6fe000000, 0x000014f700000000|  0%| F|  |TAMS 0x000014f6fe000000, 0x000014f6fe000000| Untracked 
|2784|0x000014f700000000, 0x000014f700000000, 0x000014f702000000|  0%| F|  |TAMS 0x000014f700000000, 0x000014f700000000| Untracked 
|2785|0x000014f702000000, 0x000014f702000000, 0x000014f704000000|  0%| F|  |TAMS 0x000014f702000000, 0x000014f702000000| Untracked 
|2786|0x000014f704000000, 0x000014f704000000, 0x000014f706000000|  0%| F|  |TAMS 0x000014f704000000, 0x000014f704000000| Untracked 
|2787|0x000014f706000000, 0x000014f706000000, 0x000014f708000000|  0%| F|  |TAMS 0x000014f706000000, 0x000014f706000000| Untracked 
|2788|0x000014f708000000, 0x000014f708000000, 0x000014f70a000000|  0%| F|  |TAMS 0x000014f708000000, 0x000014f708000000| Untracked 
|2789|0x000014f70a000000, 0x000014f70a000000, 0x000014f70c000000|  0%| F|  |TAMS 0x000014f70a000000, 0x000014f70a000000| Untracked 
|2790|0x000014f70c000000, 0x000014f70c000000, 0x000014f70e000000|  0%| F|  |TAMS 0x000014f70c000000, 0x000014f70c000000| Untracked 
|2791|0x000014f70e000000, 0x000014f70e000000, 0x000014f710000000|  0%| F|  |TAMS 0x000014f70e000000, 0x000014f70e000000| Untracked 
|2792|0x000014f710000000, 0x000014f710000000, 0x000014f712000000|  0%| F|  |TAMS 0x000014f710000000, 0x000014f710000000| Untracked 
|2793|0x000014f712000000, 0x000014f712000000, 0x000014f714000000|  0%| F|  |TAMS 0x000014f712000000, 0x000014f712000000| Untracked 
|2794|0x000014f714000000, 0x000014f714000000, 0x000014f716000000|  0%| F|  |TAMS 0x000014f714000000, 0x000014f714000000| Untracked 
|2795|0x000014f716000000, 0x000014f716000000, 0x000014f718000000|  0%| F|  |TAMS 0x000014f716000000, 0x000014f716000000| Untracked 
|2796|0x000014f718000000, 0x000014f718000000, 0x000014f71a000000|  0%| F|  |TAMS 0x000014f718000000, 0x000014f718000000| Untracked 
|2797|0x000014f71a000000, 0x000014f71a000000, 0x000014f71c000000|  0%| F|  |TAMS 0x000014f71a000000, 0x000014f71a000000| Untracked 
|2798|0x000014f71c000000, 0x000014f71c000000, 0x000014f71e000000|  0%| F|  |TAMS 0x000014f71c000000, 0x000014f71c000000| Untracked 
|2799|0x000014f71e000000, 0x000014f71e000000, 0x000014f720000000|  0%| F|  |TAMS 0x000014f71e000000, 0x000014f71e000000| Untracked 
|2800|0x000014f720000000, 0x000014f720000000, 0x000014f722000000|  0%| F|  |TAMS 0x000014f720000000, 0x000014f720000000| Untracked 
|2801|0x000014f722000000, 0x000014f722000000, 0x000014f724000000|  0%| F|  |TAMS 0x000014f722000000, 0x000014f722000000| Untracked 
|2802|0x000014f724000000, 0x000014f724000000, 0x000014f726000000|  0%| F|  |TAMS 0x000014f724000000, 0x000014f724000000| Untracked 
|2803|0x000014f726000000, 0x000014f726000000, 0x000014f728000000|  0%| F|  |TAMS 0x000014f726000000, 0x000014f726000000| Untracked 
|2804|0x000014f728000000, 0x000014f728000000, 0x000014f72a000000|  0%| F|  |TAMS 0x000014f728000000, 0x000014f728000000| Untracked 
|2805|0x000014f72a000000, 0x000014f72a000000, 0x000014f72c000000|  0%| F|  |TAMS 0x000014f72a000000, 0x000014f72a000000| Untracked 
|2806|0x000014f72c000000, 0x000014f72c000000, 0x000014f72e000000|  0%| F|  |TAMS 0x000014f72c000000, 0x000014f72c000000| Untracked 
|2807|0x000014f72e000000, 0x000014f72e000000, 0x000014f730000000|  0%| F|  |TAMS 0x000014f72e000000, 0x000014f72e000000| Untracked 
|2808|0x000014f730000000, 0x000014f730000000, 0x000014f732000000|  0%| F|  |TAMS 0x000014f730000000, 0x000014f730000000| Untracked 
|2809|0x000014f732000000, 0x000014f732000000, 0x000014f734000000|  0%| F|  |TAMS 0x000014f732000000, 0x000014f732000000| Untracked 
|2810|0x000014f734000000, 0x000014f734000000, 0x000014f736000000|  0%| F|  |TAMS 0x000014f734000000, 0x000014f734000000| Untracked 
|2811|0x000014f736000000, 0x000014f736000000, 0x000014f738000000|  0%| F|  |TAMS 0x000014f736000000, 0x000014f736000000| Untracked 
|2812|0x000014f738000000, 0x000014f738000000, 0x000014f73a000000|  0%| F|  |TAMS 0x000014f738000000, 0x000014f738000000| Untracked 
|2813|0x000014f73a000000, 0x000014f73a000000, 0x000014f73c000000|  0%| F|  |TAMS 0x000014f73a000000, 0x000014f73a000000| Untracked 
|2814|0x000014f73c000000, 0x000014f73c000000, 0x000014f73e000000|  0%| F|  |TAMS 0x000014f73c000000, 0x000014f73c000000| Untracked 
|2815|0x000014f73e000000, 0x000014f73e000000, 0x000014f740000000|  0%| F|  |TAMS 0x000014f73e000000, 0x000014f73e000000| Untracked 
|2816|0x000014f740000000, 0x000014f740000000, 0x000014f742000000|  0%| F|  |TAMS 0x000014f740000000, 0x000014f740000000| Untracked 
|2817|0x000014f742000000, 0x000014f742000000, 0x000014f744000000|  0%| F|  |TAMS 0x000014f742000000, 0x000014f742000000| Untracked 
|2818|0x000014f744000000, 0x000014f744000000, 0x000014f746000000|  0%| F|  |TAMS 0x000014f744000000, 0x000014f744000000| Untracked 
|2819|0x000014f746000000, 0x000014f746000000, 0x000014f748000000|  0%| F|  |TAMS 0x000014f746000000, 0x000014f746000000| Untracked 
|2820|0x000014f748000000, 0x000014f748000000, 0x000014f74a000000|  0%| F|  |TAMS 0x000014f748000000, 0x000014f748000000| Untracked 
|2821|0x000014f74a000000, 0x000014f74a000000, 0x000014f74c000000|  0%| F|  |TAMS 0x000014f74a000000, 0x000014f74a000000| Untracked 
|2822|0x000014f74c000000, 0x000014f74c000000, 0x000014f74e000000|  0%| F|  |TAMS 0x000014f74c000000, 0x000014f74c000000| Untracked 
|2823|0x000014f74e000000, 0x000014f74e000000, 0x000014f750000000|  0%| F|  |TAMS 0x000014f74e000000, 0x000014f74e000000| Untracked 
|2824|0x000014f750000000, 0x000014f750000000, 0x000014f752000000|  0%| F|  |TAMS 0x000014f750000000, 0x000014f750000000| Untracked 
|2825|0x000014f752000000, 0x000014f752000000, 0x000014f754000000|  0%| F|  |TAMS 0x000014f752000000, 0x000014f752000000| Untracked 
|2826|0x000014f754000000, 0x000014f754000000, 0x000014f756000000|  0%| F|  |TAMS 0x000014f754000000, 0x000014f754000000| Untracked 
|2827|0x000014f756000000, 0x000014f756000000, 0x000014f758000000|  0%| F|  |TAMS 0x000014f756000000, 0x000014f756000000| Untracked 
|2828|0x000014f758000000, 0x000014f758000000, 0x000014f75a000000|  0%| F|  |TAMS 0x000014f758000000, 0x000014f758000000| Untracked 
|2829|0x000014f75a000000, 0x000014f75a000000, 0x000014f75c000000|  0%| F|  |TAMS 0x000014f75a000000, 0x000014f75a000000| Untracked 
|2830|0x000014f75c000000, 0x000014f75c000000, 0x000014f75e000000|  0%| F|  |TAMS 0x000014f75c000000, 0x000014f75c000000| Untracked 
|2831|0x000014f75e000000, 0x000014f75e000000, 0x000014f760000000|  0%| F|  |TAMS 0x000014f75e000000, 0x000014f75e000000| Untracked 
|2832|0x000014f760000000, 0x000014f760000000, 0x000014f762000000|  0%| F|  |TAMS 0x000014f760000000, 0x000014f760000000| Untracked 
|2833|0x000014f762000000, 0x000014f762000000, 0x000014f764000000|  0%| F|  |TAMS 0x000014f762000000, 0x000014f762000000| Untracked 
|2834|0x000014f764000000, 0x000014f764000000, 0x000014f766000000|  0%| F|  |TAMS 0x000014f764000000, 0x000014f764000000| Untracked 
|2835|0x000014f766000000, 0x000014f766000000, 0x000014f768000000|  0%| F|  |TAMS 0x000014f766000000, 0x000014f766000000| Untracked 
|2836|0x000014f768000000, 0x000014f768000000, 0x000014f76a000000|  0%| F|  |TAMS 0x000014f768000000, 0x000014f768000000| Untracked 
|2837|0x000014f76a000000, 0x000014f76a000000, 0x000014f76c000000|  0%| F|  |TAMS 0x000014f76a000000, 0x000014f76a000000| Untracked 
|2838|0x000014f76c000000, 0x000014f76c000000, 0x000014f76e000000|  0%| F|  |TAMS 0x000014f76c000000, 0x000014f76c000000| Untracked 
|2839|0x000014f76e000000, 0x000014f76e000000, 0x000014f770000000|  0%| F|  |TAMS 0x000014f76e000000, 0x000014f76e000000| Untracked 
|2840|0x000014f770000000, 0x000014f770000000, 0x000014f772000000|  0%| F|  |TAMS 0x000014f770000000, 0x000014f770000000| Untracked 
|2841|0x000014f772000000, 0x000014f772000000, 0x000014f774000000|  0%| F|  |TAMS 0x000014f772000000, 0x000014f772000000| Untracked 
|2842|0x000014f774000000, 0x000014f774000000, 0x000014f776000000|  0%| F|  |TAMS 0x000014f774000000, 0x000014f774000000| Untracked 
|2843|0x000014f776000000, 0x000014f776000000, 0x000014f778000000|  0%| F|  |TAMS 0x000014f776000000, 0x000014f776000000| Untracked 
|2844|0x000014f778000000, 0x000014f778000000, 0x000014f77a000000|  0%| F|  |TAMS 0x000014f778000000, 0x000014f778000000| Untracked 
|2845|0x000014f77a000000, 0x000014f77a000000, 0x000014f77c000000|  0%| F|  |TAMS 0x000014f77a000000, 0x000014f77a000000| Untracked 
|2846|0x000014f77c000000, 0x000014f77c000000, 0x000014f77e000000|  0%| F|  |TAMS 0x000014f77c000000, 0x000014f77c000000| Untracked 
|2847|0x000014f77e000000, 0x000014f77e000000, 0x000014f780000000|  0%| F|  |TAMS 0x000014f77e000000, 0x000014f77e000000| Untracked 
|2848|0x000014f780000000, 0x000014f780000000, 0x000014f782000000|  0%| F|  |TAMS 0x000014f780000000, 0x000014f780000000| Untracked 
|2849|0x000014f782000000, 0x000014f782000000, 0x000014f784000000|  0%| F|  |TAMS 0x000014f782000000, 0x000014f782000000| Untracked 
|2850|0x000014f784000000, 0x000014f784000000, 0x000014f786000000|  0%| F|  |TAMS 0x000014f784000000, 0x000014f784000000| Untracked 
|2851|0x000014f786000000, 0x000014f786000000, 0x000014f788000000|  0%| F|  |TAMS 0x000014f786000000, 0x000014f786000000| Untracked 
|2852|0x000014f788000000, 0x000014f788000000, 0x000014f78a000000|  0%| F|  |TAMS 0x000014f788000000, 0x000014f788000000| Untracked 
|2853|0x000014f78a000000, 0x000014f78a000000, 0x000014f78c000000|  0%| F|  |TAMS 0x000014f78a000000, 0x000014f78a000000| Untracked 
|2854|0x000014f78c000000, 0x000014f78c000000, 0x000014f78e000000|  0%| F|  |TAMS 0x000014f78c000000, 0x000014f78c000000| Untracked 
|2855|0x000014f78e000000, 0x000014f78e000000, 0x000014f790000000|  0%| F|  |TAMS 0x000014f78e000000, 0x000014f78e000000| Untracked 
|2856|0x000014f790000000, 0x000014f790000000, 0x000014f792000000|  0%| F|  |TAMS 0x000014f790000000, 0x000014f790000000| Untracked 
|2857|0x000014f792000000, 0x000014f792000000, 0x000014f794000000|  0%| F|  |TAMS 0x000014f792000000, 0x000014f792000000| Untracked 
|2858|0x000014f794000000, 0x000014f794000000, 0x000014f796000000|  0%| F|  |TAMS 0x000014f794000000, 0x000014f794000000| Untracked 
|2859|0x000014f796000000, 0x000014f796000000, 0x000014f798000000|  0%| F|  |TAMS 0x000014f796000000, 0x000014f796000000| Untracked 
|2860|0x000014f798000000, 0x000014f798000000, 0x000014f79a000000|  0%| F|  |TAMS 0x000014f798000000, 0x000014f798000000| Untracked 
|2861|0x000014f79a000000, 0x000014f79a000000, 0x000014f79c000000|  0%| F|  |TAMS 0x000014f79a000000, 0x000014f79a000000| Untracked 
|2862|0x000014f79c000000, 0x000014f79c000000, 0x000014f79e000000|  0%| F|  |TAMS 0x000014f79c000000, 0x000014f79c000000| Untracked 
|2863|0x000014f79e000000, 0x000014f79e000000, 0x000014f7a0000000|  0%| F|  |TAMS 0x000014f79e000000, 0x000014f79e000000| Untracked 
|2864|0x000014f7a0000000, 0x000014f7a0000000, 0x000014f7a2000000|  0%| F|  |TAMS 0x000014f7a0000000, 0x000014f7a0000000| Untracked 
|2865|0x000014f7a2000000, 0x000014f7a2000000, 0x000014f7a4000000|  0%| F|  |TAMS 0x000014f7a2000000, 0x000014f7a2000000| Untracked 
|2866|0x000014f7a4000000, 0x000014f7a4000000, 0x000014f7a6000000|  0%| F|  |TAMS 0x000014f7a4000000, 0x000014f7a4000000| Untracked 
|2867|0x000014f7a6000000, 0x000014f7a6000000, 0x000014f7a8000000|  0%| F|  |TAMS 0x000014f7a6000000, 0x000014f7a6000000| Untracked 
|2868|0x000014f7a8000000, 0x000014f7a8000000, 0x000014f7aa000000|  0%| F|  |TAMS 0x000014f7a8000000, 0x000014f7a8000000| Untracked 
|2869|0x000014f7aa000000, 0x000014f7aa000000, 0x000014f7ac000000|  0%| F|  |TAMS 0x000014f7aa000000, 0x000014f7aa000000| Untracked 
|2870|0x000014f7ac000000, 0x000014f7ac000000, 0x000014f7ae000000|  0%| F|  |TAMS 0x000014f7ac000000, 0x000014f7ac000000| Untracked 
|2871|0x000014f7ae000000, 0x000014f7ae000000, 0x000014f7b0000000|  0%| F|  |TAMS 0x000014f7ae000000, 0x000014f7ae000000| Untracked 
|2872|0x000014f7b0000000, 0x000014f7b0000000, 0x000014f7b2000000|  0%| F|  |TAMS 0x000014f7b0000000, 0x000014f7b0000000| Untracked 
|2873|0x000014f7b2000000, 0x000014f7b2000000, 0x000014f7b4000000|  0%| F|  |TAMS 0x000014f7b2000000, 0x000014f7b2000000| Untracked 
|2874|0x000014f7b4000000, 0x000014f7b4000000, 0x000014f7b6000000|  0%| F|  |TAMS 0x000014f7b4000000, 0x000014f7b4000000| Untracked 
|2875|0x000014f7b6000000, 0x000014f7b6000000, 0x000014f7b8000000|  0%| F|  |TAMS 0x000014f7b6000000, 0x000014f7b6000000| Untracked 
|2876|0x000014f7b8000000, 0x000014f7b8000000, 0x000014f7ba000000|  0%| F|  |TAMS 0x000014f7b8000000, 0x000014f7b8000000| Untracked 
|2877|0x000014f7ba000000, 0x000014f7ba000000, 0x000014f7bc000000|  0%| F|  |TAMS 0x000014f7ba000000, 0x000014f7ba000000| Untracked 
|2878|0x000014f7bc000000, 0x000014f7bc000000, 0x000014f7be000000|  0%| F|  |TAMS 0x000014f7bc000000, 0x000014f7bc000000| Untracked 
|2879|0x000014f7be000000, 0x000014f7be000000, 0x000014f7c0000000|  0%| F|  |TAMS 0x000014f7be000000, 0x000014f7be000000| Untracked 
|2880|0x000014f7c0000000, 0x000014f7c0000000, 0x000014f7c2000000|  0%| F|  |TAMS 0x000014f7c0000000, 0x000014f7c0000000| Untracked 
|2881|0x000014f7c2000000, 0x000014f7c2000000, 0x000014f7c4000000|  0%| F|  |TAMS 0x000014f7c2000000, 0x000014f7c2000000| Untracked 
|2882|0x000014f7c4000000, 0x000014f7c4000000, 0x000014f7c6000000|  0%| F|  |TAMS 0x000014f7c4000000, 0x000014f7c4000000| Untracked 
|2883|0x000014f7c6000000, 0x000014f7c6000000, 0x000014f7c8000000|  0%| F|  |TAMS 0x000014f7c6000000, 0x000014f7c6000000| Untracked 
|2884|0x000014f7c8000000, 0x000014f7c8000000, 0x000014f7ca000000|  0%| F|  |TAMS 0x000014f7c8000000, 0x000014f7c8000000| Untracked 
|2885|0x000014f7ca000000, 0x000014f7ca000000, 0x000014f7cc000000|  0%| F|  |TAMS 0x000014f7ca000000, 0x000014f7ca000000| Untracked 
|2886|0x000014f7cc000000, 0x000014f7cc000000, 0x000014f7ce000000|  0%| F|  |TAMS 0x000014f7cc000000, 0x000014f7cc000000| Untracked 
|2887|0x000014f7ce000000, 0x000014f7ce000000, 0x000014f7d0000000|  0%| F|  |TAMS 0x000014f7ce000000, 0x000014f7ce000000| Untracked 
|2888|0x000014f7d0000000, 0x000014f7d0000000, 0x000014f7d2000000|  0%| F|  |TAMS 0x000014f7d0000000, 0x000014f7d0000000| Untracked 
|2889|0x000014f7d2000000, 0x000014f7d2000000, 0x000014f7d4000000|  0%| F|  |TAMS 0x000014f7d2000000, 0x000014f7d2000000| Untracked 
|2890|0x000014f7d4000000, 0x000014f7d4000000, 0x000014f7d6000000|  0%| F|  |TAMS 0x000014f7d4000000, 0x000014f7d4000000| Untracked 
|2891|0x000014f7d6000000, 0x000014f7d6000000, 0x000014f7d8000000|  0%| F|  |TAMS 0x000014f7d6000000, 0x000014f7d6000000| Untracked 
|2892|0x000014f7d8000000, 0x000014f7d8000000, 0x000014f7da000000|  0%| F|  |TAMS 0x000014f7d8000000, 0x000014f7d8000000| Untracked 
|2893|0x000014f7da000000, 0x000014f7da000000, 0x000014f7dc000000|  0%| F|  |TAMS 0x000014f7da000000, 0x000014f7da000000| Untracked 
|2894|0x000014f7dc000000, 0x000014f7dc000000, 0x000014f7de000000|  0%| F|  |TAMS 0x000014f7dc000000, 0x000014f7dc000000| Untracked 
|2895|0x000014f7de000000, 0x000014f7de000000, 0x000014f7e0000000|  0%| F|  |TAMS 0x000014f7de000000, 0x000014f7de000000| Untracked 
|2896|0x000014f7e0000000, 0x000014f7e0000000, 0x000014f7e2000000|  0%| F|  |TAMS 0x000014f7e0000000, 0x000014f7e0000000| Untracked 
|2897|0x000014f7e2000000, 0x000014f7e2000000, 0x000014f7e4000000|  0%| F|  |TAMS 0x000014f7e2000000, 0x000014f7e2000000| Untracked 
|2898|0x000014f7e4000000, 0x000014f7e4000000, 0x000014f7e6000000|  0%| F|  |TAMS 0x000014f7e4000000, 0x000014f7e4000000| Untracked 
|2899|0x000014f7e6000000, 0x000014f7e6000000, 0x000014f7e8000000|  0%| F|  |TAMS 0x000014f7e6000000, 0x000014f7e6000000| Untracked 
|2900|0x000014f7e8000000, 0x000014f7e8000000, 0x000014f7ea000000|  0%| F|  |TAMS 0x000014f7e8000000, 0x000014f7e8000000| Untracked 
|2901|0x000014f7ea000000, 0x000014f7ea000000, 0x000014f7ec000000|  0%| F|  |TAMS 0x000014f7ea000000, 0x000014f7ea000000| Untracked 
|2902|0x000014f7ec000000, 0x000014f7ec000000, 0x000014f7ee000000|  0%| F|  |TAMS 0x000014f7ec000000, 0x000014f7ec000000| Untracked 
|2903|0x000014f7ee000000, 0x000014f7ee000000, 0x000014f7f0000000|  0%| F|  |TAMS 0x000014f7ee000000, 0x000014f7ee000000| Untracked 
|2904|0x000014f7f0000000, 0x000014f7f0000000, 0x000014f7f2000000|  0%| F|  |TAMS 0x000014f7f0000000, 0x000014f7f0000000| Untracked 
|2905|0x000014f7f2000000, 0x000014f7f2000000, 0x000014f7f4000000|  0%| F|  |TAMS 0x000014f7f2000000, 0x000014f7f2000000| Untracked 
|2906|0x000014f7f4000000, 0x000014f7f4000000, 0x000014f7f6000000|  0%| F|  |TAMS 0x000014f7f4000000, 0x000014f7f4000000| Untracked 
|2907|0x000014f7f6000000, 0x000014f7f6000000, 0x000014f7f8000000|  0%| F|  |TAMS 0x000014f7f6000000, 0x000014f7f6000000| Untracked 
|2908|0x000014f7f8000000, 0x000014f7f8000000, 0x000014f7fa000000|  0%| F|  |TAMS 0x000014f7f8000000, 0x000014f7f8000000| Untracked 
|2909|0x000014f7fa000000, 0x000014f7fa000000, 0x000014f7fc000000|  0%| F|  |TAMS 0x000014f7fa000000, 0x000014f7fa000000| Untracked 
|2910|0x000014f7fc000000, 0x000014f7fc000000, 0x000014f7fe000000|  0%| F|  |TAMS 0x000014f7fc000000, 0x000014f7fc000000| Untracked 
|2911|0x000014f7fe000000, 0x000014f7fe000000, 0x000014f800000000|  0%| F|  |TAMS 0x000014f7fe000000, 0x000014f7fe000000| Untracked 
|2912|0x000014f800000000, 0x000014f800000000, 0x000014f802000000|  0%| F|  |TAMS 0x000014f800000000, 0x000014f800000000| Untracked 
|2913|0x000014f802000000, 0x000014f802000000, 0x000014f804000000|  0%| F|  |TAMS 0x000014f802000000, 0x000014f802000000| Untracked 
|2914|0x000014f804000000, 0x000014f804000000, 0x000014f806000000|  0%| F|  |TAMS 0x000014f804000000, 0x000014f804000000| Untracked 
|2915|0x000014f806000000, 0x000014f806000000, 0x000014f808000000|  0%| F|  |TAMS 0x000014f806000000, 0x000014f806000000| Untracked 
|2916|0x000014f808000000, 0x000014f808000000, 0x000014f80a000000|  0%| F|  |TAMS 0x000014f808000000, 0x000014f808000000| Untracked 
|2917|0x000014f80a000000, 0x000014f80a000000, 0x000014f80c000000|  0%| F|  |TAMS 0x000014f80a000000, 0x000014f80a000000| Untracked 
|2918|0x000014f80c000000, 0x000014f80c000000, 0x000014f80e000000|  0%| F|  |TAMS 0x000014f80c000000, 0x000014f80c000000| Untracked 
|2919|0x000014f80e000000, 0x000014f80e000000, 0x000014f810000000|  0%| F|  |TAMS 0x000014f80e000000, 0x000014f80e000000| Untracked 
|2920|0x000014f810000000, 0x000014f810000000, 0x000014f812000000|  0%| F|  |TAMS 0x000014f810000000, 0x000014f810000000| Untracked 
|2921|0x000014f812000000, 0x000014f812000000, 0x000014f814000000|  0%| F|  |TAMS 0x000014f812000000, 0x000014f812000000| Untracked 
|2922|0x000014f814000000, 0x000014f814000000, 0x000014f816000000|  0%| F|  |TAMS 0x000014f814000000, 0x000014f814000000| Untracked 
|2923|0x000014f816000000, 0x000014f816000000, 0x000014f818000000|  0%| F|  |TAMS 0x000014f816000000, 0x000014f816000000| Untracked 
|2924|0x000014f818000000, 0x000014f818000000, 0x000014f81a000000|  0%| F|  |TAMS 0x000014f818000000, 0x000014f818000000| Untracked 
|2925|0x000014f81a000000, 0x000014f81a000000, 0x000014f81c000000|  0%| F|  |TAMS 0x000014f81a000000, 0x000014f81a000000| Untracked 
|2926|0x000014f81c000000, 0x000014f81c000000, 0x000014f81e000000|  0%| F|  |TAMS 0x000014f81c000000, 0x000014f81c000000| Untracked 
|2927|0x000014f81e000000, 0x000014f81e000000, 0x000014f820000000|  0%| F|  |TAMS 0x000014f81e000000, 0x000014f81e000000| Untracked 
|2928|0x000014f820000000, 0x000014f820000000, 0x000014f822000000|  0%| F|  |TAMS 0x000014f820000000, 0x000014f820000000| Untracked 
|2929|0x000014f822000000, 0x000014f822000000, 0x000014f824000000|  0%| F|  |TAMS 0x000014f822000000, 0x000014f822000000| Untracked 
|2930|0x000014f824000000, 0x000014f824000000, 0x000014f826000000|  0%| F|  |TAMS 0x000014f824000000, 0x000014f824000000| Untracked 
|2931|0x000014f826000000, 0x000014f826000000, 0x000014f828000000|  0%| F|  |TAMS 0x000014f826000000, 0x000014f826000000| Untracked 
|2932|0x000014f828000000, 0x000014f828000000, 0x000014f82a000000|  0%| F|  |TAMS 0x000014f828000000, 0x000014f828000000| Untracked 
|2933|0x000014f82a000000, 0x000014f82a000000, 0x000014f82c000000|  0%| F|  |TAMS 0x000014f82a000000, 0x000014f82a000000| Untracked 
|2934|0x000014f82c000000, 0x000014f82c000000, 0x000014f82e000000|  0%| F|  |TAMS 0x000014f82c000000, 0x000014f82c000000| Untracked 
|2935|0x000014f82e000000, 0x000014f82e000000, 0x000014f830000000|  0%| F|  |TAMS 0x000014f82e000000, 0x000014f82e000000| Untracked 
|2936|0x000014f830000000, 0x000014f830000000, 0x000014f832000000|  0%| F|  |TAMS 0x000014f830000000, 0x000014f830000000| Untracked 
|2937|0x000014f832000000, 0x000014f832000000, 0x000014f834000000|  0%| F|  |TAMS 0x000014f832000000, 0x000014f832000000| Untracked 
|2938|0x000014f834000000, 0x000014f834000000, 0x000014f836000000|  0%| F|  |TAMS 0x000014f834000000, 0x000014f834000000| Untracked 
|2939|0x000014f836000000, 0x000014f836000000, 0x000014f838000000|  0%| F|  |TAMS 0x000014f836000000, 0x000014f836000000| Untracked 
|2940|0x000014f838000000, 0x000014f838000000, 0x000014f83a000000|  0%| F|  |TAMS 0x000014f838000000, 0x000014f838000000| Untracked 
|2941|0x000014f83a000000, 0x000014f83a000000, 0x000014f83c000000|  0%| F|  |TAMS 0x000014f83a000000, 0x000014f83a000000| Untracked 
|2942|0x000014f83c000000, 0x000014f83c000000, 0x000014f83e000000|  0%| F|  |TAMS 0x000014f83c000000, 0x000014f83c000000| Untracked 
|2943|0x000014f83e000000, 0x000014f83e000000, 0x000014f840000000|  0%| F|  |TAMS 0x000014f83e000000, 0x000014f83e000000| Untracked 
|2944|0x000014f840000000, 0x000014f840000000, 0x000014f842000000|  0%| F|  |TAMS 0x000014f840000000, 0x000014f840000000| Untracked 
|2945|0x000014f842000000, 0x000014f842000000, 0x000014f844000000|  0%| F|  |TAMS 0x000014f842000000, 0x000014f842000000| Untracked 
|2946|0x000014f844000000, 0x000014f844000000, 0x000014f846000000|  0%| F|  |TAMS 0x000014f844000000, 0x000014f844000000| Untracked 
|2947|0x000014f846000000, 0x000014f846000000, 0x000014f848000000|  0%| F|  |TAMS 0x000014f846000000, 0x000014f846000000| Untracked 
|2948|0x000014f848000000, 0x000014f848000000, 0x000014f84a000000|  0%| F|  |TAMS 0x000014f848000000, 0x000014f848000000| Untracked 
|2949|0x000014f84a000000, 0x000014f84a000000, 0x000014f84c000000|  0%| F|  |TAMS 0x000014f84a000000, 0x000014f84a000000| Untracked 
|2950|0x000014f84c000000, 0x000014f84c000000, 0x000014f84e000000|  0%| F|  |TAMS 0x000014f84c000000, 0x000014f84c000000| Untracked 
|2951|0x000014f84e000000, 0x000014f84e000000, 0x000014f850000000|  0%| F|  |TAMS 0x000014f84e000000, 0x000014f84e000000| Untracked 
|2952|0x000014f850000000, 0x000014f850000000, 0x000014f852000000|  0%| F|  |TAMS 0x000014f850000000, 0x000014f850000000| Untracked 
|2953|0x000014f852000000, 0x000014f852000000, 0x000014f854000000|  0%| F|  |TAMS 0x000014f852000000, 0x000014f852000000| Untracked 
|2954|0x000014f854000000, 0x000014f854000000, 0x000014f856000000|  0%| F|  |TAMS 0x000014f854000000, 0x000014f854000000| Untracked 
|2955|0x000014f856000000, 0x000014f856000000, 0x000014f858000000|  0%| F|  |TAMS 0x000014f856000000, 0x000014f856000000| Untracked 
|2956|0x000014f858000000, 0x000014f858000000, 0x000014f85a000000|  0%| F|  |TAMS 0x000014f858000000, 0x000014f858000000| Untracked 
|2957|0x000014f85a000000, 0x000014f85a000000, 0x000014f85c000000|  0%| F|  |TAMS 0x000014f85a000000, 0x000014f85a000000| Untracked 
|2958|0x000014f85c000000, 0x000014f85c000000, 0x000014f85e000000|  0%| F|  |TAMS 0x000014f85c000000, 0x000014f85c000000| Untracked 
|2959|0x000014f85e000000, 0x000014f85e000000, 0x000014f860000000|  0%| F|  |TAMS 0x000014f85e000000, 0x000014f85e000000| Untracked 
|2960|0x000014f860000000, 0x000014f860000000, 0x000014f862000000|  0%| F|  |TAMS 0x000014f860000000, 0x000014f860000000| Untracked 
|2961|0x000014f862000000, 0x000014f862000000, 0x000014f864000000|  0%| F|  |TAMS 0x000014f862000000, 0x000014f862000000| Untracked 
|2962|0x000014f864000000, 0x000014f864000000, 0x000014f866000000|  0%| F|  |TAMS 0x000014f864000000, 0x000014f864000000| Untracked 
|2963|0x000014f866000000, 0x000014f866000000, 0x000014f868000000|  0%| F|  |TAMS 0x000014f866000000, 0x000014f866000000| Untracked 
|2964|0x000014f868000000, 0x000014f868000000, 0x000014f86a000000|  0%| F|  |TAMS 0x000014f868000000, 0x000014f868000000| Untracked 
|2965|0x000014f86a000000, 0x000014f86a000000, 0x000014f86c000000|  0%| F|  |TAMS 0x000014f86a000000, 0x000014f86a000000| Untracked 
|2966|0x000014f86c000000, 0x000014f86c000000, 0x000014f86e000000|  0%| F|  |TAMS 0x000014f86c000000, 0x000014f86c000000| Untracked 
|2967|0x000014f86e000000, 0x000014f86e000000, 0x000014f870000000|  0%| F|  |TAMS 0x000014f86e000000, 0x000014f86e000000| Untracked 
|2968|0x000014f870000000, 0x000014f870000000, 0x000014f872000000|  0%| F|  |TAMS 0x000014f870000000, 0x000014f870000000| Untracked 
|2969|0x000014f872000000, 0x000014f872000000, 0x000014f874000000|  0%| F|  |TAMS 0x000014f872000000, 0x000014f872000000| Untracked 
|2970|0x000014f874000000, 0x000014f874000000, 0x000014f876000000|  0%| F|  |TAMS 0x000014f874000000, 0x000014f874000000| Untracked 
|2971|0x000014f876000000, 0x000014f876000000, 0x000014f878000000|  0%| F|  |TAMS 0x000014f876000000, 0x000014f876000000| Untracked 
|2972|0x000014f878000000, 0x000014f878000000, 0x000014f87a000000|  0%| F|  |TAMS 0x000014f878000000, 0x000014f878000000| Untracked 
|2973|0x000014f87a000000, 0x000014f87a000000, 0x000014f87c000000|  0%| F|  |TAMS 0x000014f87a000000, 0x000014f87a000000| Untracked 
|2974|0x000014f87c000000, 0x000014f87c000000, 0x000014f87e000000|  0%| F|  |TAMS 0x000014f87c000000, 0x000014f87c000000| Untracked 
|2975|0x000014f87e000000, 0x000014f87e000000, 0x000014f880000000|  0%| F|  |TAMS 0x000014f87e000000, 0x000014f87e000000| Untracked 
|2976|0x000014f880000000, 0x000014f880000000, 0x000014f882000000|  0%| F|  |TAMS 0x000014f880000000, 0x000014f880000000| Untracked 
|2977|0x000014f882000000, 0x000014f882000000, 0x000014f884000000|  0%| F|  |TAMS 0x000014f882000000, 0x000014f882000000| Untracked 
|2978|0x000014f884000000, 0x000014f884000000, 0x000014f886000000|  0%| F|  |TAMS 0x000014f884000000, 0x000014f884000000| Untracked 
|2979|0x000014f886000000, 0x000014f886000000, 0x000014f888000000|  0%| F|  |TAMS 0x000014f886000000, 0x000014f886000000| Untracked 
|2980|0x000014f888000000, 0x000014f888000000, 0x000014f88a000000|  0%| F|  |TAMS 0x000014f888000000, 0x000014f888000000| Untracked 
|2981|0x000014f88a000000, 0x000014f88a000000, 0x000014f88c000000|  0%| F|  |TAMS 0x000014f88a000000, 0x000014f88a000000| Untracked 
|2982|0x000014f88c000000, 0x000014f88c000000, 0x000014f88e000000|  0%| F|  |TAMS 0x000014f88c000000, 0x000014f88c000000| Untracked 
|2983|0x000014f88e000000, 0x000014f88e000000, 0x000014f890000000|  0%| F|  |TAMS 0x000014f88e000000, 0x000014f88e000000| Untracked 
|2984|0x000014f890000000, 0x000014f890000000, 0x000014f892000000|  0%| F|  |TAMS 0x000014f890000000, 0x000014f890000000| Untracked 
|2985|0x000014f892000000, 0x000014f892000000, 0x000014f894000000|  0%| F|  |TAMS 0x000014f892000000, 0x000014f892000000| Untracked 
|2986|0x000014f894000000, 0x000014f894000000, 0x000014f896000000|  0%| F|  |TAMS 0x000014f894000000, 0x000014f894000000| Untracked 
|2987|0x000014f896000000, 0x000014f896000000, 0x000014f898000000|  0%| F|  |TAMS 0x000014f896000000, 0x000014f896000000| Untracked 
|2988|0x000014f898000000, 0x000014f898000000, 0x000014f89a000000|  0%| F|  |TAMS 0x000014f898000000, 0x000014f898000000| Untracked 
|2989|0x000014f89a000000, 0x000014f89a000000, 0x000014f89c000000|  0%| F|  |TAMS 0x000014f89a000000, 0x000014f89a000000| Untracked 
|2990|0x000014f89c000000, 0x000014f89c000000, 0x000014f89e000000|  0%| F|  |TAMS 0x000014f89c000000, 0x000014f89c000000| Untracked 
|2991|0x000014f89e000000, 0x000014f89e000000, 0x000014f8a0000000|  0%| F|  |TAMS 0x000014f89e000000, 0x000014f89e000000| Untracked 
|2992|0x000014f8a0000000, 0x000014f8a0000000, 0x000014f8a2000000|  0%| F|  |TAMS 0x000014f8a0000000, 0x000014f8a0000000| Untracked 
|2993|0x000014f8a2000000, 0x000014f8a2000000, 0x000014f8a4000000|  0%| F|  |TAMS 0x000014f8a2000000, 0x000014f8a2000000| Untracked 
|2994|0x000014f8a4000000, 0x000014f8a4000000, 0x000014f8a6000000|  0%| F|  |TAMS 0x000014f8a4000000, 0x000014f8a4000000| Untracked 
|2995|0x000014f8a6000000, 0x000014f8a6000000, 0x000014f8a8000000|  0%| F|  |TAMS 0x000014f8a6000000, 0x000014f8a6000000| Untracked 
|2996|0x000014f8a8000000, 0x000014f8a8000000, 0x000014f8aa000000|  0%| F|  |TAMS 0x000014f8a8000000, 0x000014f8a8000000| Untracked 
|2997|0x000014f8aa000000, 0x000014f8aa000000, 0x000014f8ac000000|  0%| F|  |TAMS 0x000014f8aa000000, 0x000014f8aa000000| Untracked 
|2998|0x000014f8ac000000, 0x000014f8ac000000, 0x000014f8ae000000|  0%| F|  |TAMS 0x000014f8ac000000, 0x000014f8ac000000| Untracked 
|2999|0x000014f8ae000000, 0x000014f8ae000000, 0x000014f8b0000000|  0%| F|  |TAMS 0x000014f8ae000000, 0x000014f8ae000000| Untracked 
|3000|0x000014f8b0000000, 0x000014f8b0000000, 0x000014f8b2000000|  0%| F|  |TAMS 0x000014f8b0000000, 0x000014f8b0000000| Untracked 
|3001|0x000014f8b2000000, 0x000014f8b2000000, 0x000014f8b4000000|  0%| F|  |TAMS 0x000014f8b2000000, 0x000014f8b2000000| Untracked 
|3002|0x000014f8b4000000, 0x000014f8b4000000, 0x000014f8b6000000|  0%| F|  |TAMS 0x000014f8b4000000, 0x000014f8b4000000| Untracked 
|3003|0x000014f8b6000000, 0x000014f8b6000000, 0x000014f8b8000000|  0%| F|  |TAMS 0x000014f8b6000000, 0x000014f8b6000000| Untracked 
|3004|0x000014f8b8000000, 0x000014f8b8000000, 0x000014f8ba000000|  0%| F|  |TAMS 0x000014f8b8000000, 0x000014f8b8000000| Untracked 
|3005|0x000014f8ba000000, 0x000014f8ba000000, 0x000014f8bc000000|  0%| F|  |TAMS 0x000014f8ba000000, 0x000014f8ba000000| Untracked 
|3006|0x000014f8bc000000, 0x000014f8bc000000, 0x000014f8be000000|  0%| F|  |TAMS 0x000014f8bc000000, 0x000014f8bc000000| Untracked 
|3007|0x000014f8be000000, 0x000014f8be000000, 0x000014f8c0000000|  0%| F|  |TAMS 0x000014f8be000000, 0x000014f8be000000| Untracked 
|3008|0x000014f8c0000000, 0x000014f8c0000000, 0x000014f8c2000000|  0%| F|  |TAMS 0x000014f8c0000000, 0x000014f8c0000000| Untracked 
|3009|0x000014f8c2000000, 0x000014f8c2000000, 0x000014f8c4000000|  0%| F|  |TAMS 0x000014f8c2000000, 0x000014f8c2000000| Untracked 
|3010|0x000014f8c4000000, 0x000014f8c4000000, 0x000014f8c6000000|  0%| F|  |TAMS 0x000014f8c4000000, 0x000014f8c4000000| Untracked 
|3011|0x000014f8c6000000, 0x000014f8c6000000, 0x000014f8c8000000|  0%| F|  |TAMS 0x000014f8c6000000, 0x000014f8c6000000| Untracked 
|3012|0x000014f8c8000000, 0x000014f8c8000000, 0x000014f8ca000000|  0%| F|  |TAMS 0x000014f8c8000000, 0x000014f8c8000000| Untracked 
|3013|0x000014f8ca000000, 0x000014f8ca000000, 0x000014f8cc000000|  0%| F|  |TAMS 0x000014f8ca000000, 0x000014f8ca000000| Untracked 
|3014|0x000014f8cc000000, 0x000014f8cc000000, 0x000014f8ce000000|  0%| F|  |TAMS 0x000014f8cc000000, 0x000014f8cc000000| Untracked 
|3015|0x000014f8ce000000, 0x000014f8ce000000, 0x000014f8d0000000|  0%| F|  |TAMS 0x000014f8ce000000, 0x000014f8ce000000| Untracked 
|3016|0x000014f8d0000000, 0x000014f8d0000000, 0x000014f8d2000000|  0%| F|  |TAMS 0x000014f8d0000000, 0x000014f8d0000000| Untracked 
|3017|0x000014f8d2000000, 0x000014f8d2000000, 0x000014f8d4000000|  0%| F|  |TAMS 0x000014f8d2000000, 0x000014f8d2000000| Untracked 
|3018|0x000014f8d4000000, 0x000014f8d4000000, 0x000014f8d6000000|  0%| F|  |TAMS 0x000014f8d4000000, 0x000014f8d4000000| Untracked 
|3019|0x000014f8d6000000, 0x000014f8d6000000, 0x000014f8d8000000|  0%| F|  |TAMS 0x000014f8d6000000, 0x000014f8d6000000| Untracked 
|3020|0x000014f8d8000000, 0x000014f8d8000000, 0x000014f8da000000|  0%| F|  |TAMS 0x000014f8d8000000, 0x000014f8d8000000| Untracked 
|3021|0x000014f8da000000, 0x000014f8da000000, 0x000014f8dc000000|  0%| F|  |TAMS 0x000014f8da000000, 0x000014f8da000000| Untracked 
|3022|0x000014f8dc000000, 0x000014f8dc000000, 0x000014f8de000000|  0%| F|  |TAMS 0x000014f8dc000000, 0x000014f8dc000000| Untracked 
|3023|0x000014f8de000000, 0x000014f8de000000, 0x000014f8e0000000|  0%| F|  |TAMS 0x000014f8de000000, 0x000014f8de000000| Untracked 
|3024|0x000014f8e0000000, 0x000014f8e0000000, 0x000014f8e2000000|  0%| F|  |TAMS 0x000014f8e0000000, 0x000014f8e0000000| Untracked 
|3025|0x000014f8e2000000, 0x000014f8e2000000, 0x000014f8e4000000|  0%| F|  |TAMS 0x000014f8e2000000, 0x000014f8e2000000| Untracked 
|3026|0x000014f8e4000000, 0x000014f8e4000000, 0x000014f8e6000000|  0%| F|  |TAMS 0x000014f8e4000000, 0x000014f8e4000000| Untracked 
|3027|0x000014f8e6000000, 0x000014f8e6000000, 0x000014f8e8000000|  0%| F|  |TAMS 0x000014f8e6000000, 0x000014f8e6000000| Untracked 
|3028|0x000014f8e8000000, 0x000014f8e8000000, 0x000014f8ea000000|  0%| F|  |TAMS 0x000014f8e8000000, 0x000014f8e8000000| Untracked 
|3029|0x000014f8ea000000, 0x000014f8ea000000, 0x000014f8ec000000|  0%| F|  |TAMS 0x000014f8ea000000, 0x000014f8ea000000| Untracked 
|3030|0x000014f8ec000000, 0x000014f8ec000000, 0x000014f8ee000000|  0%| F|  |TAMS 0x000014f8ec000000, 0x000014f8ec000000| Untracked 
|3031|0x000014f8ee000000, 0x000014f8ee000000, 0x000014f8f0000000|  0%| F|  |TAMS 0x000014f8ee000000, 0x000014f8ee000000| Untracked 
|3032|0x000014f8f0000000, 0x000014f8f0000000, 0x000014f8f2000000|  0%| F|  |TAMS 0x000014f8f0000000, 0x000014f8f0000000| Untracked 
|3033|0x000014f8f2000000, 0x000014f8f2000000, 0x000014f8f4000000|  0%| F|  |TAMS 0x000014f8f2000000, 0x000014f8f2000000| Untracked 
|3034|0x000014f8f4000000, 0x000014f8f4000000, 0x000014f8f6000000|  0%| F|  |TAMS 0x000014f8f4000000, 0x000014f8f4000000| Untracked 
|3035|0x000014f8f6000000, 0x000014f8f6000000, 0x000014f8f8000000|  0%| F|  |TAMS 0x000014f8f6000000, 0x000014f8f6000000| Untracked 
|3036|0x000014f8f8000000, 0x000014f8f8000000, 0x000014f8fa000000|  0%| F|  |TAMS 0x000014f8f8000000, 0x000014f8f8000000| Untracked 
|3037|0x000014f8fa000000, 0x000014f8fa000000, 0x000014f8fc000000|  0%| F|  |TAMS 0x000014f8fa000000, 0x000014f8fa000000| Untracked 
|3038|0x000014f8fc000000, 0x000014f8fc000000, 0x000014f8fe000000|  0%| F|  |TAMS 0x000014f8fc000000, 0x000014f8fc000000| Untracked 
|3039|0x000014f8fe000000, 0x000014f8fe000000, 0x000014f900000000|  0%| F|  |TAMS 0x000014f8fe000000, 0x000014f8fe000000| Untracked 
|3040|0x000014f900000000, 0x000014f900000000, 0x000014f902000000|  0%| F|  |TAMS 0x000014f900000000, 0x000014f900000000| Untracked 
|3041|0x000014f902000000, 0x000014f902000000, 0x000014f904000000|  0%| F|  |TAMS 0x000014f902000000, 0x000014f902000000| Untracked 
|3042|0x000014f904000000, 0x000014f904000000, 0x000014f906000000|  0%| F|  |TAMS 0x000014f904000000, 0x000014f904000000| Untracked 
|3043|0x000014f906000000, 0x000014f906000000, 0x000014f908000000|  0%| F|  |TAMS 0x000014f906000000, 0x000014f906000000| Untracked 
|3044|0x000014f908000000, 0x000014f908000000, 0x000014f90a000000|  0%| F|  |TAMS 0x000014f908000000, 0x000014f908000000| Untracked 
|3045|0x000014f90a000000, 0x000014f90a000000, 0x000014f90c000000|  0%| F|  |TAMS 0x000014f90a000000, 0x000014f90a000000| Untracked 
|3046|0x000014f90c000000, 0x000014f90c000000, 0x000014f90e000000|  0%| F|  |TAMS 0x000014f90c000000, 0x000014f90c000000| Untracked 
|3047|0x000014f90e000000, 0x000014f90e000000, 0x000014f910000000|  0%| F|  |TAMS 0x000014f90e000000, 0x000014f90e000000| Untracked 
|3048|0x000014f910000000, 0x000014f910000000, 0x000014f912000000|  0%| F|  |TAMS 0x000014f910000000, 0x000014f910000000| Untracked 
|3049|0x000014f912000000, 0x000014f912000000, 0x000014f914000000|  0%| F|  |TAMS 0x000014f912000000, 0x000014f912000000| Untracked 
|3050|0x000014f914000000, 0x000014f914000000, 0x000014f916000000|  0%| F|  |TAMS 0x000014f914000000, 0x000014f914000000| Untracked 
|3051|0x000014f916000000, 0x000014f916000000, 0x000014f918000000|  0%| F|  |TAMS 0x000014f916000000, 0x000014f916000000| Untracked 
|3052|0x000014f918000000, 0x000014f918000000, 0x000014f91a000000|  0%| F|  |TAMS 0x000014f918000000, 0x000014f918000000| Untracked 
|3053|0x000014f91a000000, 0x000014f91a000000, 0x000014f91c000000|  0%| F|  |TAMS 0x000014f91a000000, 0x000014f91a000000| Untracked 
|3054|0x000014f91c000000, 0x000014f91c000000, 0x000014f91e000000|  0%| F|  |TAMS 0x000014f91c000000, 0x000014f91c000000| Untracked 
|3055|0x000014f91e000000, 0x000014f91e000000, 0x000014f920000000|  0%| F|  |TAMS 0x000014f91e000000, 0x000014f91e000000| Untracked 
|3056|0x000014f920000000, 0x000014f920000000, 0x000014f922000000|  0%| F|  |TAMS 0x000014f920000000, 0x000014f920000000| Untracked 
|3057|0x000014f922000000, 0x000014f922000000, 0x000014f924000000|  0%| F|  |TAMS 0x000014f922000000, 0x000014f922000000| Untracked 
|3058|0x000014f924000000, 0x000014f924000000, 0x000014f926000000|  0%| F|  |TAMS 0x000014f924000000, 0x000014f924000000| Untracked 
|3059|0x000014f926000000, 0x000014f926000000, 0x000014f928000000|  0%| F|  |TAMS 0x000014f926000000, 0x000014f926000000| Untracked 
|3060|0x000014f928000000, 0x000014f928000000, 0x000014f92a000000|  0%| F|  |TAMS 0x000014f928000000, 0x000014f928000000| Untracked 
|3061|0x000014f92a000000, 0x000014f92a000000, 0x000014f92c000000|  0%| F|  |TAMS 0x000014f92a000000, 0x000014f92a000000| Untracked 
|3062|0x000014f92c000000, 0x000014f92c000000, 0x000014f92e000000|  0%| F|  |TAMS 0x000014f92c000000, 0x000014f92c000000| Untracked 
|3063|0x000014f92e000000, 0x000014f92e000000, 0x000014f930000000|  0%| F|  |TAMS 0x000014f92e000000, 0x000014f92e000000| Untracked 
|3064|0x000014f930000000, 0x000014f930000000, 0x000014f932000000|  0%| F|  |TAMS 0x000014f930000000, 0x000014f930000000| Untracked 
|3065|0x000014f932000000, 0x000014f932000000, 0x000014f934000000|  0%| F|  |TAMS 0x000014f932000000, 0x000014f932000000| Untracked 
|3066|0x000014f934000000, 0x000014f934000000, 0x000014f936000000|  0%| F|  |TAMS 0x000014f934000000, 0x000014f934000000| Untracked 
|3067|0x000014f936000000, 0x000014f936000000, 0x000014f938000000|  0%| F|  |TAMS 0x000014f936000000, 0x000014f936000000| Untracked 
|3068|0x000014f938000000, 0x000014f938000000, 0x000014f93a000000|  0%| F|  |TAMS 0x000014f938000000, 0x000014f938000000| Untracked 
|3069|0x000014f93a000000, 0x000014f93a000000, 0x000014f93c000000|  0%| F|  |TAMS 0x000014f93a000000, 0x000014f93a000000| Untracked 
|3070|0x000014f93c000000, 0x000014f93c000000, 0x000014f93e000000|  0%| F|  |TAMS 0x000014f93c000000, 0x000014f93c000000| Untracked 
|3071|0x000014f93e000000, 0x000014f93e000000, 0x000014f940000000|  0%| F|  |TAMS 0x000014f93e000000, 0x000014f93e000000| Untracked 
|3072|0x000014f940000000, 0x000014f940000000, 0x000014f942000000|  0%| F|  |TAMS 0x000014f940000000, 0x000014f940000000| Untracked 
|3073|0x000014f942000000, 0x000014f942000000, 0x000014f944000000|  0%| F|  |TAMS 0x000014f942000000, 0x000014f942000000| Untracked 
|3074|0x000014f944000000, 0x000014f944000000, 0x000014f946000000|  0%| F|  |TAMS 0x000014f944000000, 0x000014f944000000| Untracked 
|3075|0x000014f946000000, 0x000014f946000000, 0x000014f948000000|  0%| F|  |TAMS 0x000014f946000000, 0x000014f946000000| Untracked 
|3076|0x000014f948000000, 0x000014f948000000, 0x000014f94a000000|  0%| F|  |TAMS 0x000014f948000000, 0x000014f948000000| Untracked 
|3077|0x000014f94a000000, 0x000014f94a000000, 0x000014f94c000000|  0%| F|  |TAMS 0x000014f94a000000, 0x000014f94a000000| Untracked 
|3078|0x000014f94c000000, 0x000014f94c000000, 0x000014f94e000000|  0%| F|  |TAMS 0x000014f94c000000, 0x000014f94c000000| Untracked 
|3079|0x000014f94e000000, 0x000014f94e000000, 0x000014f950000000|  0%| F|  |TAMS 0x000014f94e000000, 0x000014f94e000000| Untracked 
|3080|0x000014f950000000, 0x000014f950000000, 0x000014f952000000|  0%| F|  |TAMS 0x000014f950000000, 0x000014f950000000| Untracked 
|3081|0x000014f952000000, 0x000014f952000000, 0x000014f954000000|  0%| F|  |TAMS 0x000014f952000000, 0x000014f952000000| Untracked 
|3082|0x000014f954000000, 0x000014f954000000, 0x000014f956000000|  0%| F|  |TAMS 0x000014f954000000, 0x000014f954000000| Untracked 
|3083|0x000014f956000000, 0x000014f956000000, 0x000014f958000000|  0%| F|  |TAMS 0x000014f956000000, 0x000014f956000000| Untracked 
|3084|0x000014f958000000, 0x000014f958000000, 0x000014f95a000000|  0%| F|  |TAMS 0x000014f958000000, 0x000014f958000000| Untracked 
|3085|0x000014f95a000000, 0x000014f95a000000, 0x000014f95c000000|  0%| F|  |TAMS 0x000014f95a000000, 0x000014f95a000000| Untracked 
|3086|0x000014f95c000000, 0x000014f95c000000, 0x000014f95e000000|  0%| F|  |TAMS 0x000014f95c000000, 0x000014f95c000000| Untracked 
|3087|0x000014f95e000000, 0x000014f95e000000, 0x000014f960000000|  0%| F|  |TAMS 0x000014f95e000000, 0x000014f95e000000| Untracked 
|3088|0x000014f960000000, 0x000014f960000000, 0x000014f962000000|  0%| F|  |TAMS 0x000014f960000000, 0x000014f960000000| Untracked 
|3089|0x000014f962000000, 0x000014f962000000, 0x000014f964000000|  0%| F|  |TAMS 0x000014f962000000, 0x000014f962000000| Untracked 
|3090|0x000014f964000000, 0x000014f964000000, 0x000014f966000000|  0%| F|  |TAMS 0x000014f964000000, 0x000014f964000000| Untracked 
|3091|0x000014f966000000, 0x000014f966000000, 0x000014f968000000|  0%| F|  |TAMS 0x000014f966000000, 0x000014f966000000| Untracked 
|3092|0x000014f968000000, 0x000014f968000000, 0x000014f96a000000|  0%| F|  |TAMS 0x000014f968000000, 0x000014f968000000| Untracked 
|3093|0x000014f96a000000, 0x000014f96a000000, 0x000014f96c000000|  0%| F|  |TAMS 0x000014f96a000000, 0x000014f96a000000| Untracked 
|3094|0x000014f96c000000, 0x000014f96c000000, 0x000014f96e000000|  0%| F|  |TAMS 0x000014f96c000000, 0x000014f96c000000| Untracked 
|3095|0x000014f96e000000, 0x000014f96e000000, 0x000014f970000000|  0%| F|  |TAMS 0x000014f96e000000, 0x000014f96e000000| Untracked 
|3096|0x000014f970000000, 0x000014f970000000, 0x000014f972000000|  0%| F|  |TAMS 0x000014f970000000, 0x000014f970000000| Untracked 
|3097|0x000014f972000000, 0x000014f972000000, 0x000014f974000000|  0%| F|  |TAMS 0x000014f972000000, 0x000014f972000000| Untracked 
|3098|0x000014f974000000, 0x000014f974000000, 0x000014f976000000|  0%| F|  |TAMS 0x000014f974000000, 0x000014f974000000| Untracked 
|3099|0x000014f976000000, 0x000014f976000000, 0x000014f978000000|  0%| F|  |TAMS 0x000014f976000000, 0x000014f976000000| Untracked 
|3100|0x000014f978000000, 0x000014f978000000, 0x000014f97a000000|  0%| F|  |TAMS 0x000014f978000000, 0x000014f978000000| Untracked 
|3101|0x000014f97a000000, 0x000014f97a000000, 0x000014f97c000000|  0%| F|  |TAMS 0x000014f97a000000, 0x000014f97a000000| Untracked 
|3102|0x000014f97c000000, 0x000014f97c000000, 0x000014f97e000000|  0%| F|  |TAMS 0x000014f97c000000, 0x000014f97c000000| Untracked 
|3103|0x000014f97e000000, 0x000014f97e000000, 0x000014f980000000|  0%| F|  |TAMS 0x000014f97e000000, 0x000014f97e000000| Untracked 
|3104|0x000014f980000000, 0x000014f980000000, 0x000014f982000000|  0%| F|  |TAMS 0x000014f980000000, 0x000014f980000000| Untracked 
|3105|0x000014f982000000, 0x000014f982000000, 0x000014f984000000|  0%| F|  |TAMS 0x000014f982000000, 0x000014f982000000| Untracked 
|3106|0x000014f984000000, 0x000014f984000000, 0x000014f986000000|  0%| F|  |TAMS 0x000014f984000000, 0x000014f984000000| Untracked 
|3107|0x000014f986000000, 0x000014f986000000, 0x000014f988000000|  0%| F|  |TAMS 0x000014f986000000, 0x000014f986000000| Untracked 
|3108|0x000014f988000000, 0x000014f988000000, 0x000014f98a000000|  0%| F|  |TAMS 0x000014f988000000, 0x000014f988000000| Untracked 
|3109|0x000014f98a000000, 0x000014f98a000000, 0x000014f98c000000|  0%| F|  |TAMS 0x000014f98a000000, 0x000014f98a000000| Untracked 
|3110|0x000014f98c000000, 0x000014f98c000000, 0x000014f98e000000|  0%| F|  |TAMS 0x000014f98c000000, 0x000014f98c000000| Untracked 
|3111|0x000014f98e000000, 0x000014f98e000000, 0x000014f990000000|  0%| F|  |TAMS 0x000014f98e000000, 0x000014f98e000000| Untracked 
|3112|0x000014f990000000, 0x000014f990000000, 0x000014f992000000|  0%| F|  |TAMS 0x000014f990000000, 0x000014f990000000| Untracked 
|3113|0x000014f992000000, 0x000014f992000000, 0x000014f994000000|  0%| F|  |TAMS 0x000014f992000000, 0x000014f992000000| Untracked 
|3114|0x000014f994000000, 0x000014f994000000, 0x000014f996000000|  0%| F|  |TAMS 0x000014f994000000, 0x000014f994000000| Untracked 
|3115|0x000014f996000000, 0x000014f996000000, 0x000014f998000000|  0%| F|  |TAMS 0x000014f996000000, 0x000014f996000000| Untracked 
|3116|0x000014f998000000, 0x000014f998000000, 0x000014f99a000000|  0%| F|  |TAMS 0x000014f998000000, 0x000014f998000000| Untracked 
|3117|0x000014f99a000000, 0x000014f99a000000, 0x000014f99c000000|  0%| F|  |TAMS 0x000014f99a000000, 0x000014f99a000000| Untracked 
|3118|0x000014f99c000000, 0x000014f99c000000, 0x000014f99e000000|  0%| F|  |TAMS 0x000014f99c000000, 0x000014f99c000000| Untracked 
|3119|0x000014f99e000000, 0x000014f99e000000, 0x000014f9a0000000|  0%| F|  |TAMS 0x000014f99e000000, 0x000014f99e000000| Untracked 
|3120|0x000014f9a0000000, 0x000014f9a0000000, 0x000014f9a2000000|  0%| F|  |TAMS 0x000014f9a0000000, 0x000014f9a0000000| Untracked 
|3121|0x000014f9a2000000, 0x000014f9a2000000, 0x000014f9a4000000|  0%| F|  |TAMS 0x000014f9a2000000, 0x000014f9a2000000| Untracked 
|3122|0x000014f9a4000000, 0x000014f9a4000000, 0x000014f9a6000000|  0%| F|  |TAMS 0x000014f9a4000000, 0x000014f9a4000000| Untracked 
|3123|0x000014f9a6000000, 0x000014f9a6000000, 0x000014f9a8000000|  0%| F|  |TAMS 0x000014f9a6000000, 0x000014f9a6000000| Untracked 
|3124|0x000014f9a8000000, 0x000014f9a8000000, 0x000014f9aa000000|  0%| F|  |TAMS 0x000014f9a8000000, 0x000014f9a8000000| Untracked 
|3125|0x000014f9aa000000, 0x000014f9aa000000, 0x000014f9ac000000|  0%| F|  |TAMS 0x000014f9aa000000, 0x000014f9aa000000| Untracked 
|3126|0x000014f9ac000000, 0x000014f9ac000000, 0x000014f9ae000000|  0%| F|  |TAMS 0x000014f9ac000000, 0x000014f9ac000000| Untracked 
|3127|0x000014f9ae000000, 0x000014f9ae000000, 0x000014f9b0000000|  0%| F|  |TAMS 0x000014f9ae000000, 0x000014f9ae000000| Untracked 
|3128|0x000014f9b0000000, 0x000014f9b0000000, 0x000014f9b2000000|  0%| F|  |TAMS 0x000014f9b0000000, 0x000014f9b0000000| Untracked 
|3129|0x000014f9b2000000, 0x000014f9b2000000, 0x000014f9b4000000|  0%| F|  |TAMS 0x000014f9b2000000, 0x000014f9b2000000| Untracked 
|3130|0x000014f9b4000000, 0x000014f9b4000000, 0x000014f9b6000000|  0%| F|  |TAMS 0x000014f9b4000000, 0x000014f9b4000000| Untracked 
|3131|0x000014f9b6000000, 0x000014f9b6000000, 0x000014f9b8000000|  0%| F|  |TAMS 0x000014f9b6000000, 0x000014f9b6000000| Untracked 
|3132|0x000014f9b8000000, 0x000014f9b8000000, 0x000014f9ba000000|  0%| F|  |TAMS 0x000014f9b8000000, 0x000014f9b8000000| Untracked 
|3133|0x000014f9ba000000, 0x000014f9ba000000, 0x000014f9bc000000|  0%| F|  |TAMS 0x000014f9ba000000, 0x000014f9ba000000| Untracked 
|3134|0x000014f9bc000000, 0x000014f9bc000000, 0x000014f9be000000|  0%| F|  |TAMS 0x000014f9bc000000, 0x000014f9bc000000| Untracked 
|3135|0x000014f9be000000, 0x000014f9be000000, 0x000014f9c0000000|  0%| F|  |TAMS 0x000014f9be000000, 0x000014f9be000000| Untracked 
|3136|0x000014f9c0000000, 0x000014f9c0000000, 0x000014f9c2000000|  0%| F|  |TAMS 0x000014f9c0000000, 0x000014f9c0000000| Untracked 
|3137|0x000014f9c2000000, 0x000014f9c2000000, 0x000014f9c4000000|  0%| F|  |TAMS 0x000014f9c2000000, 0x000014f9c2000000| Untracked 
|3138|0x000014f9c4000000, 0x000014f9c4000000, 0x000014f9c6000000|  0%| F|  |TAMS 0x000014f9c4000000, 0x000014f9c4000000| Untracked 
|3139|0x000014f9c6000000, 0x000014f9c6000000, 0x000014f9c8000000|  0%| F|  |TAMS 0x000014f9c6000000, 0x000014f9c6000000| Untracked 
|3140|0x000014f9c8000000, 0x000014f9c8000000, 0x000014f9ca000000|  0%| F|  |TAMS 0x000014f9c8000000, 0x000014f9c8000000| Untracked 
|3141|0x000014f9ca000000, 0x000014f9ca000000, 0x000014f9cc000000|  0%| F|  |TAMS 0x000014f9ca000000, 0x000014f9ca000000| Untracked 
|3142|0x000014f9cc000000, 0x000014f9cc000000, 0x000014f9ce000000|  0%| F|  |TAMS 0x000014f9cc000000, 0x000014f9cc000000| Untracked 
|3143|0x000014f9ce000000, 0x000014f9ce000000, 0x000014f9d0000000|  0%| F|  |TAMS 0x000014f9ce000000, 0x000014f9ce000000| Untracked 
|3144|0x000014f9d0000000, 0x000014f9d0000000, 0x000014f9d2000000|  0%| F|  |TAMS 0x000014f9d0000000, 0x000014f9d0000000| Untracked 
|3145|0x000014f9d2000000, 0x000014f9d2000000, 0x000014f9d4000000|  0%| F|  |TAMS 0x000014f9d2000000, 0x000014f9d2000000| Untracked 
|3146|0x000014f9d4000000, 0x000014f9d4000000, 0x000014f9d6000000|  0%| F|  |TAMS 0x000014f9d4000000, 0x000014f9d4000000| Untracked 
|3147|0x000014f9d6000000, 0x000014f9d6000000, 0x000014f9d8000000|  0%| F|  |TAMS 0x000014f9d6000000, 0x000014f9d6000000| Untracked 
|3148|0x000014f9d8000000, 0x000014f9d8000000, 0x000014f9da000000|  0%| F|  |TAMS 0x000014f9d8000000, 0x000014f9d8000000| Untracked 
|3149|0x000014f9da000000, 0x000014f9da000000, 0x000014f9dc000000|  0%| F|  |TAMS 0x000014f9da000000, 0x000014f9da000000| Untracked 
|3150|0x000014f9dc000000, 0x000014f9dc000000, 0x000014f9de000000|  0%| F|  |TAMS 0x000014f9dc000000, 0x000014f9dc000000| Untracked 
|3151|0x000014f9de000000, 0x000014f9de000000, 0x000014f9e0000000|  0%| F|  |TAMS 0x000014f9de000000, 0x000014f9de000000| Untracked 
|3152|0x000014f9e0000000, 0x000014f9e0000000, 0x000014f9e2000000|  0%| F|  |TAMS 0x000014f9e0000000, 0x000014f9e0000000| Untracked 
|3153|0x000014f9e2000000, 0x000014f9e2000000, 0x000014f9e4000000|  0%| F|  |TAMS 0x000014f9e2000000, 0x000014f9e2000000| Untracked 
|3154|0x000014f9e4000000, 0x000014f9e4000000, 0x000014f9e6000000|  0%| F|  |TAMS 0x000014f9e4000000, 0x000014f9e4000000| Untracked 
|3155|0x000014f9e6000000, 0x000014f9e6000000, 0x000014f9e8000000|  0%| F|  |TAMS 0x000014f9e6000000, 0x000014f9e6000000| Untracked 
|3156|0x000014f9e8000000, 0x000014f9e8000000, 0x000014f9ea000000|  0%| F|  |TAMS 0x000014f9e8000000, 0x000014f9e8000000| Untracked 
|3157|0x000014f9ea000000, 0x000014f9ea000000, 0x000014f9ec000000|  0%| F|  |TAMS 0x000014f9ea000000, 0x000014f9ea000000| Untracked 
|3158|0x000014f9ec000000, 0x000014f9ec000000, 0x000014f9ee000000|  0%| F|  |TAMS 0x000014f9ec000000, 0x000014f9ec000000| Untracked 
|3159|0x000014f9ee000000, 0x000014f9ee000000, 0x000014f9f0000000|  0%| F|  |TAMS 0x000014f9ee000000, 0x000014f9ee000000| Untracked 
|3160|0x000014f9f0000000, 0x000014f9f0000000, 0x000014f9f2000000|  0%| F|  |TAMS 0x000014f9f0000000, 0x000014f9f0000000| Untracked 
|3161|0x000014f9f2000000, 0x000014f9f2000000, 0x000014f9f4000000|  0%| F|  |TAMS 0x000014f9f2000000, 0x000014f9f2000000| Untracked 
|3162|0x000014f9f4000000, 0x000014f9f4000000, 0x000014f9f6000000|  0%| F|  |TAMS 0x000014f9f4000000, 0x000014f9f4000000| Untracked 
|3163|0x000014f9f6000000, 0x000014f9f6000000, 0x000014f9f8000000|  0%| F|  |TAMS 0x000014f9f6000000, 0x000014f9f6000000| Untracked 
|3164|0x000014f9f8000000, 0x000014f9f8000000, 0x000014f9fa000000|  0%| F|  |TAMS 0x000014f9f8000000, 0x000014f9f8000000| Untracked 
|3165|0x000014f9fa000000, 0x000014f9fa000000, 0x000014f9fc000000|  0%| F|  |TAMS 0x000014f9fa000000, 0x000014f9fa000000| Untracked 
|3166|0x000014f9fc000000, 0x000014f9fc000000, 0x000014f9fe000000|  0%| F|  |TAMS 0x000014f9fc000000, 0x000014f9fc000000| Untracked 
|3167|0x000014f9fe000000, 0x000014f9fe000000, 0x000014fa00000000|  0%| F|  |TAMS 0x000014f9fe000000, 0x000014f9fe000000| Untracked 
|3168|0x000014fa00000000, 0x000014fa00000000, 0x000014fa02000000|  0%| F|  |TAMS 0x000014fa00000000, 0x000014fa00000000| Untracked 
|3169|0x000014fa02000000, 0x000014fa02000000, 0x000014fa04000000|  0%| F|  |TAMS 0x000014fa02000000, 0x000014fa02000000| Untracked 
|3170|0x000014fa04000000, 0x000014fa04000000, 0x000014fa06000000|  0%| F|  |TAMS 0x000014fa04000000, 0x000014fa04000000| Untracked 
|3171|0x000014fa06000000, 0x000014fa06000000, 0x000014fa08000000|  0%| F|  |TAMS 0x000014fa06000000, 0x000014fa06000000| Untracked 
|3172|0x000014fa08000000, 0x000014fa08000000, 0x000014fa0a000000|  0%| F|  |TAMS 0x000014fa08000000, 0x000014fa08000000| Untracked 
|3173|0x000014fa0a000000, 0x000014fa0a000000, 0x000014fa0c000000|  0%| F|  |TAMS 0x000014fa0a000000, 0x000014fa0a000000| Untracked 
|3174|0x000014fa0c000000, 0x000014fa0c000000, 0x000014fa0e000000|  0%| F|  |TAMS 0x000014fa0c000000, 0x000014fa0c000000| Untracked 
|3175|0x000014fa0e000000, 0x000014fa0e000000, 0x000014fa10000000|  0%| F|  |TAMS 0x000014fa0e000000, 0x000014fa0e000000| Untracked 
|3176|0x000014fa10000000, 0x000014fa10000000, 0x000014fa12000000|  0%| F|  |TAMS 0x000014fa10000000, 0x000014fa10000000| Untracked 
|3177|0x000014fa12000000, 0x000014fa12000000, 0x000014fa14000000|  0%| F|  |TAMS 0x000014fa12000000, 0x000014fa12000000| Untracked 
|3178|0x000014fa14000000, 0x000014fa14000000, 0x000014fa16000000|  0%| F|  |TAMS 0x000014fa14000000, 0x000014fa14000000| Untracked 
|3179|0x000014fa16000000, 0x000014fa16000000, 0x000014fa18000000|  0%| F|  |TAMS 0x000014fa16000000, 0x000014fa16000000| Untracked 
|3180|0x000014fa18000000, 0x000014fa18000000, 0x000014fa1a000000|  0%| F|  |TAMS 0x000014fa18000000, 0x000014fa18000000| Untracked 
|3181|0x000014fa1a000000, 0x000014fa1a000000, 0x000014fa1c000000|  0%| F|  |TAMS 0x000014fa1a000000, 0x000014fa1a000000| Untracked 
|3182|0x000014fa1c000000, 0x000014fa1c000000, 0x000014fa1e000000|  0%| F|  |TAMS 0x000014fa1c000000, 0x000014fa1c000000| Untracked 
|3183|0x000014fa1e000000, 0x000014fa1e000000, 0x000014fa20000000|  0%| F|  |TAMS 0x000014fa1e000000, 0x000014fa1e000000| Untracked 
|3184|0x000014fa20000000, 0x000014fa20000000, 0x000014fa22000000|  0%| F|  |TAMS 0x000014fa20000000, 0x000014fa20000000| Untracked 
|3185|0x000014fa22000000, 0x000014fa22000000, 0x000014fa24000000|  0%| F|  |TAMS 0x000014fa22000000, 0x000014fa22000000| Untracked 
|3186|0x000014fa24000000, 0x000014fa24000000, 0x000014fa26000000|  0%| F|  |TAMS 0x000014fa24000000, 0x000014fa24000000| Untracked 
|3187|0x000014fa26000000, 0x000014fa26000000, 0x000014fa28000000|  0%| F|  |TAMS 0x000014fa26000000, 0x000014fa26000000| Untracked 
|3188|0x000014fa28000000, 0x000014fa28000000, 0x000014fa2a000000|  0%| F|  |TAMS 0x000014fa28000000, 0x000014fa28000000| Untracked 
|3189|0x000014fa2a000000, 0x000014fa2a000000, 0x000014fa2c000000|  0%| F|  |TAMS 0x000014fa2a000000, 0x000014fa2a000000| Untracked 
|3190|0x000014fa2c000000, 0x000014fa2c000000, 0x000014fa2e000000|  0%| F|  |TAMS 0x000014fa2c000000, 0x000014fa2c000000| Untracked 
|3191|0x000014fa2e000000, 0x000014fa2e000000, 0x000014fa30000000|  0%| F|  |TAMS 0x000014fa2e000000, 0x000014fa2e000000| Untracked 
|3192|0x000014fa30000000, 0x000014fa30000000, 0x000014fa32000000|  0%| F|  |TAMS 0x000014fa30000000, 0x000014fa30000000| Untracked 
|3193|0x000014fa32000000, 0x000014fa32000000, 0x000014fa34000000|  0%| F|  |TAMS 0x000014fa32000000, 0x000014fa32000000| Untracked 
|3194|0x000014fa34000000, 0x000014fa34000000, 0x000014fa36000000|  0%| F|  |TAMS 0x000014fa34000000, 0x000014fa34000000| Untracked 
|3195|0x000014fa36000000, 0x000014fa36000000, 0x000014fa38000000|  0%| F|  |TAMS 0x000014fa36000000, 0x000014fa36000000| Untracked 
|3196|0x000014fa38000000, 0x000014fa38000000, 0x000014fa3a000000|  0%| F|  |TAMS 0x000014fa38000000, 0x000014fa38000000| Untracked 
|3197|0x000014fa3a000000, 0x000014fa3a000000, 0x000014fa3c000000|  0%| F|  |TAMS 0x000014fa3a000000, 0x000014fa3a000000| Untracked 
|3198|0x000014fa3c000000, 0x000014fa3c000000, 0x000014fa3e000000|  0%| F|  |TAMS 0x000014fa3c000000, 0x000014fa3c000000| Untracked 
|3199|0x000014fa3e000000, 0x000014fa3e000000, 0x000014fa40000000|  0%| F|  |TAMS 0x000014fa3e000000, 0x000014fa3e000000| Untracked 
|3200|0x000014fa40000000, 0x000014fa40000000, 0x000014fa42000000|  0%| F|  |TAMS 0x000014fa40000000, 0x000014fa40000000| Untracked 
|3201|0x000014fa42000000, 0x000014fa42000000, 0x000014fa44000000|  0%| F|  |TAMS 0x000014fa42000000, 0x000014fa42000000| Untracked 
|3202|0x000014fa44000000, 0x000014fa44000000, 0x000014fa46000000|  0%| F|  |TAMS 0x000014fa44000000, 0x000014fa44000000| Untracked 
|3203|0x000014fa46000000, 0x000014fa46000000, 0x000014fa48000000|  0%| F|  |TAMS 0x000014fa46000000, 0x000014fa46000000| Untracked 
|3204|0x000014fa48000000, 0x000014fa48000000, 0x000014fa4a000000|  0%| F|  |TAMS 0x000014fa48000000, 0x000014fa48000000| Untracked 
|3205|0x000014fa4a000000, 0x000014fa4a000000, 0x000014fa4c000000|  0%| F|  |TAMS 0x000014fa4a000000, 0x000014fa4a000000| Untracked 
|3206|0x000014fa4c000000, 0x000014fa4c000000, 0x000014fa4e000000|  0%| F|  |TAMS 0x000014fa4c000000, 0x000014fa4c000000| Untracked 
|3207|0x000014fa4e000000, 0x000014fa4e000000, 0x000014fa50000000|  0%| F|  |TAMS 0x000014fa4e000000, 0x000014fa4e000000| Untracked 
|3208|0x000014fa50000000, 0x000014fa50000000, 0x000014fa52000000|  0%| F|  |TAMS 0x000014fa50000000, 0x000014fa50000000| Untracked 
|3209|0x000014fa52000000, 0x000014fa52000000, 0x000014fa54000000|  0%| F|  |TAMS 0x000014fa52000000, 0x000014fa52000000| Untracked 
|3210|0x000014fa54000000, 0x000014fa54000000, 0x000014fa56000000|  0%| F|  |TAMS 0x000014fa54000000, 0x000014fa54000000| Untracked 
|3211|0x000014fa56000000, 0x000014fa56000000, 0x000014fa58000000|  0%| F|  |TAMS 0x000014fa56000000, 0x000014fa56000000| Untracked 
|3212|0x000014fa58000000, 0x000014fa58000000, 0x000014fa5a000000|  0%| F|  |TAMS 0x000014fa58000000, 0x000014fa58000000| Untracked 
|3213|0x000014fa5a000000, 0x000014fa5a000000, 0x000014fa5c000000|  0%| F|  |TAMS 0x000014fa5a000000, 0x000014fa5a000000| Untracked 
|3214|0x000014fa5c000000, 0x000014fa5c000000, 0x000014fa5e000000|  0%| F|  |TAMS 0x000014fa5c000000, 0x000014fa5c000000| Untracked 
|3215|0x000014fa5e000000, 0x000014fa5e000000, 0x000014fa60000000|  0%| F|  |TAMS 0x000014fa5e000000, 0x000014fa5e000000| Untracked 
|3216|0x000014fa60000000, 0x000014fa60000000, 0x000014fa62000000|  0%| F|  |TAMS 0x000014fa60000000, 0x000014fa60000000| Untracked 
|3217|0x000014fa62000000, 0x000014fa62000000, 0x000014fa64000000|  0%| F|  |TAMS 0x000014fa62000000, 0x000014fa62000000| Untracked 
|3218|0x000014fa64000000, 0x000014fa64000000, 0x000014fa66000000|  0%| F|  |TAMS 0x000014fa64000000, 0x000014fa64000000| Untracked 
|3219|0x000014fa66000000, 0x000014fa66000000, 0x000014fa68000000|  0%| F|  |TAMS 0x000014fa66000000, 0x000014fa66000000| Untracked 
|3220|0x000014fa68000000, 0x000014fa68000000, 0x000014fa6a000000|  0%| F|  |TAMS 0x000014fa68000000, 0x000014fa68000000| Untracked 
|3221|0x000014fa6a000000, 0x000014fa6a000000, 0x000014fa6c000000|  0%| F|  |TAMS 0x000014fa6a000000, 0x000014fa6a000000| Untracked 
|3222|0x000014fa6c000000, 0x000014fa6c000000, 0x000014fa6e000000|  0%| F|  |TAMS 0x000014fa6c000000, 0x000014fa6c000000| Untracked 
|3223|0x000014fa6e000000, 0x000014fa6e000000, 0x000014fa70000000|  0%| F|  |TAMS 0x000014fa6e000000, 0x000014fa6e000000| Untracked 
|3224|0x000014fa70000000, 0x000014fa72000000, 0x000014fa72000000|100%| O|  |TAMS 0x000014fa72000000, 0x000014fa70000000| Untracked 
|3225|0x000014fa72000000, 0x000014fa74000000, 0x000014fa74000000|100%| O|  |TAMS 0x000014fa74000000, 0x000014fa72000000| Untracked 
|3226|0x000014fa74000000, 0x000014fa76000000, 0x000014fa76000000|100%| O|  |TAMS 0x000014fa76000000, 0x000014fa74000000| Untracked 
|3227|0x000014fa76000000, 0x000014fa78000000, 0x000014fa78000000|100%| O|  |TAMS 0x000014fa78000000, 0x000014fa76000000| Untracked 
|3228|0x000014fa78000000, 0x000014fa78000000, 0x000014fa7a000000|  0%| F|  |TAMS 0x000014fa78000000, 0x000014fa78000000| Untracked 
|3229|0x000014fa7a000000, 0x000014fa7c000000, 0x000014fa7c000000|100%| O|  |TAMS 0x000014fa7c000000, 0x000014fa7a000000| Untracked 
|3230|0x000014fa7c000000, 0x000014fa7c000000, 0x000014fa7e000000|  0%| F|  |TAMS 0x000014fa7c000000, 0x000014fa7c000000| Untracked 
|3231|0x000014fa7e000000, 0x000014fa7e000000, 0x000014fa80000000|  0%| F|  |TAMS 0x000014fa7e000000, 0x000014fa7e000000| Untracked 
|3232|0x000014fa80000000, 0x000014fa82000000, 0x000014fa82000000|100%| O|  |TAMS 0x000014fa82000000, 0x000014fa80000000| Untracked 
|3233|0x000014fa82000000, 0x000014fa84000000, 0x000014fa84000000|100%| O|  |TAMS 0x000014fa84000000, 0x000014fa82000000| Untracked 
|3234|0x000014fa84000000, 0x000014fa84000000, 0x000014fa86000000|  0%| F|  |TAMS 0x000014fa84000000, 0x000014fa84000000| Untracked 
|3235|0x000014fa86000000, 0x000014fa88000000, 0x000014fa88000000|100%| O|  |TAMS 0x000014fa88000000, 0x000014fa86000000| Untracked 
|3236|0x000014fa88000000, 0x000014fa88000000, 0x000014fa8a000000|  0%| F|  |TAMS 0x000014fa88000000, 0x000014fa88000000| Untracked 
|3237|0x000014fa8a000000, 0x000014fa8c000000, 0x000014fa8c000000|100%| O|  |TAMS 0x000014fa8c000000, 0x000014fa8a000000| Untracked 
|3238|0x000014fa8c000000, 0x000014fa8c000000, 0x000014fa8e000000|  0%| F|  |TAMS 0x000014fa8c000000, 0x000014fa8c000000| Untracked 
|3239|0x000014fa8e000000, 0x000014fa8e000000, 0x000014fa90000000|  0%| F|  |TAMS 0x000014fa8e000000, 0x000014fa8e000000| Untracked 
|3240|0x000014fa90000000, 0x000014fa90000000, 0x000014fa92000000|  0%| F|  |TAMS 0x000014fa90000000, 0x000014fa90000000| Untracked 
|3241|0x000014fa92000000, 0x000014fa94000000, 0x000014fa94000000|100%| O|  |TAMS 0x000014fa94000000, 0x000014fa92000000| Untracked 
|3242|0x000014fa94000000, 0x000014fa94000000, 0x000014fa96000000|  0%| F|  |TAMS 0x000014fa94000000, 0x000014fa94000000| Untracked 
|3243|0x000014fa96000000, 0x000014fa98000000, 0x000014fa98000000|100%| O|  |TAMS 0x000014fa98000000, 0x000014fa96000000| Untracked 
|3244|0x000014fa98000000, 0x000014fa9a000000, 0x000014fa9a000000|100%| O|  |TAMS 0x000014fa9a000000, 0x000014fa98000000| Untracked 
|3245|0x000014fa9a000000, 0x000014fa9a000000, 0x000014fa9c000000|  0%| F|  |TAMS 0x000014fa9a000000, 0x000014fa9a000000| Untracked 
|3246|0x000014fa9c000000, 0x000014fa9c000000, 0x000014fa9e000000|  0%| F|  |TAMS 0x000014fa9c000000, 0x000014fa9c000000| Untracked 
|3247|0x000014fa9e000000, 0x000014faa0000000, 0x000014faa0000000|100%| O|  |TAMS 0x000014faa0000000, 0x000014fa9e000000| Untracked 
|3248|0x000014faa0000000, 0x000014faa2000000, 0x000014faa2000000|100%| O|  |TAMS 0x000014faa2000000, 0x000014faa0000000| Untracked 
|3249|0x000014faa2000000, 0x000014faa4000000, 0x000014faa4000000|100%| O|  |TAMS 0x000014faa4000000, 0x000014faa2000000| Untracked 
|3250|0x000014faa4000000, 0x000014faa6000000, 0x000014faa6000000|100%| O|  |TAMS 0x000014faa6000000, 0x000014faa4000000| Untracked 
|3251|0x000014faa6000000, 0x000014faa8000000, 0x000014faa8000000|100%| O|  |TAMS 0x000014faa8000000, 0x000014faa6000000| Untracked 
|3252|0x000014faa8000000, 0x000014faaa000000, 0x000014faaa000000|100%| O|  |TAMS 0x000014faaa000000, 0x000014faa8000000| Untracked 
|3253|0x000014faaa000000, 0x000014faac000000, 0x000014faac000000|100%| O|  |TAMS 0x000014faac000000, 0x000014faaa000000| Untracked 
|3254|0x000014faac000000, 0x000014faae000000, 0x000014faae000000|100%| O|  |TAMS 0x000014faae000000, 0x000014faac000000| Untracked 
|3255|0x000014faae000000, 0x000014fab0000000, 0x000014fab0000000|100%| O|  |TAMS 0x000014fab0000000, 0x000014faae000000| Untracked 
|3256|0x000014fab0000000, 0x000014fab0000000, 0x000014fab2000000|  0%| F|  |TAMS 0x000014fab0000000, 0x000014fab0000000| Untracked 
|3257|0x000014fab2000000, 0x000014fab2000000, 0x000014fab4000000|  0%| F|  |TAMS 0x000014fab2000000, 0x000014fab2000000| Untracked 
|3258|0x000014fab4000000, 0x000014fab4000000, 0x000014fab6000000|  0%| F|  |TAMS 0x000014fab4000000, 0x000014fab4000000| Untracked 
|3259|0x000014fab6000000, 0x000014fab6000000, 0x000014fab8000000|  0%| F|  |TAMS 0x000014fab6000000, 0x000014fab6000000| Untracked 
|3260|0x000014fab8000000, 0x000014fab8000000, 0x000014faba000000|  0%| F|  |TAMS 0x000014fab8000000, 0x000014fab8000000| Untracked 
|3261|0x000014faba000000, 0x000014faba000000, 0x000014fabc000000|  0%| F|  |TAMS 0x000014faba000000, 0x000014faba000000| Untracked 
|3262|0x000014fabc000000, 0x000014fabc000000, 0x000014fabe000000|  0%| F|  |TAMS 0x000014fabc000000, 0x000014fabc000000| Untracked 
|3263|0x000014fabe000000, 0x000014fabe000000, 0x000014fac0000000|  0%| F|  |TAMS 0x000014fabe000000, 0x000014fabe000000| Untracked 
|3264|0x000014fac0000000, 0x000014fac0000000, 0x000014fac2000000|  0%| F|  |TAMS 0x000014fac0000000, 0x000014fac0000000| Untracked 
|3265|0x000014fac2000000, 0x000014fac2000000, 0x000014fac4000000|  0%| F|  |TAMS 0x000014fac2000000, 0x000014fac2000000| Untracked 
|3266|0x000014fac4000000, 0x000014fac4000000, 0x000014fac6000000|  0%| F|  |TAMS 0x000014fac4000000, 0x000014fac4000000| Untracked 
|3267|0x000014fac6000000, 0x000014fac6000000, 0x000014fac8000000|  0%| F|  |TAMS 0x000014fac6000000, 0x000014fac6000000| Untracked 
|3268|0x000014fac8000000, 0x000014fac8000000, 0x000014faca000000|  0%| F|  |TAMS 0x000014fac8000000, 0x000014fac8000000| Untracked 
|3269|0x000014faca000000, 0x000014faca000000, 0x000014facc000000|  0%| F|  |TAMS 0x000014faca000000, 0x000014faca000000| Untracked 
|3270|0x000014facc000000, 0x000014facc000000, 0x000014face000000|  0%| F|  |TAMS 0x000014facc000000, 0x000014facc000000| Untracked 
|3271|0x000014face000000, 0x000014face000000, 0x000014fad0000000|  0%| F|  |TAMS 0x000014face000000, 0x000014face000000| Untracked 
|3272|0x000014fad0000000, 0x000014fad2000000, 0x000014fad2000000|100%| O|  |TAMS 0x000014fad2000000, 0x000014fad0000000| Untracked 
|3273|0x000014fad2000000, 0x000014fad2000000, 0x000014fad4000000|  0%| F|  |TAMS 0x000014fad2000000, 0x000014fad2000000| Untracked 
|3274|0x000014fad4000000, 0x000014fad4000000, 0x000014fad6000000|  0%| F|  |TAMS 0x000014fad4000000, 0x000014fad4000000| Untracked 
|3275|0x000014fad6000000, 0x000014fad6000000, 0x000014fad8000000|  0%| F|  |TAMS 0x000014fad6000000, 0x000014fad6000000| Untracked 
|3276|0x000014fad8000000, 0x000014fad8000000, 0x000014fada000000|  0%| F|  |TAMS 0x000014fad8000000, 0x000014fad8000000| Untracked 
|3277|0x000014fada000000, 0x000014fadc000000, 0x000014fadc000000|100%| O|  |TAMS 0x000014fadc000000, 0x000014fada000000| Untracked 
|3278|0x000014fadc000000, 0x000014fade000000, 0x000014fade000000|100%| O|  |TAMS 0x000014fade000000, 0x000014fadc000000| Untracked 
|3279|0x000014fade000000, 0x000014fae0000000, 0x000014fae0000000|100%| O|  |TAMS 0x000014fae0000000, 0x000014fade000000| Untracked 
|3280|0x000014fae0000000, 0x000014fae2000000, 0x000014fae2000000|100%| O|  |TAMS 0x000014fae2000000, 0x000014fae0000000| Untracked 
|3281|0x000014fae2000000, 0x000014fae4000000, 0x000014fae4000000|100%| O|  |TAMS 0x000014fae4000000, 0x000014fae2000000| Untracked 
|3282|0x000014fae4000000, 0x000014fae6000000, 0x000014fae6000000|100%| O|  |TAMS 0x000014fae6000000, 0x000014fae4000000| Untracked 
|3283|0x000014fae6000000, 0x000014fae8000000, 0x000014fae8000000|100%| O|  |TAMS 0x000014fae8000000, 0x000014fae6000000| Untracked 
|3284|0x000014fae8000000, 0x000014faea000000, 0x000014faea000000|100%| O|  |TAMS 0x000014faea000000, 0x000014fae8000000| Untracked 
|3285|0x000014faea000000, 0x000014faec000000, 0x000014faec000000|100%| O|  |TAMS 0x000014faec000000, 0x000014faea000000| Untracked 
|3286|0x000014faec000000, 0x000014faee000000, 0x000014faee000000|100%| O|  |TAMS 0x000014faee000000, 0x000014faec000000| Untracked 
|3287|0x000014faee000000, 0x000014faf0000000, 0x000014faf0000000|100%| O|  |TAMS 0x000014faf0000000, 0x000014faee000000| Untracked 
|3288|0x000014faf0000000, 0x000014faf0000000, 0x000014faf2000000|  0%| F|  |TAMS 0x000014faf0000000, 0x000014faf0000000| Untracked 
|3289|0x000014faf2000000, 0x000014faf2000000, 0x000014faf4000000|  0%| F|  |TAMS 0x000014faf2000000, 0x000014faf2000000| Untracked 
|3290|0x000014faf4000000, 0x000014faf4000000, 0x000014faf6000000|  0%| F|  |TAMS 0x000014faf4000000, 0x000014faf4000000| Untracked 
|3291|0x000014faf6000000, 0x000014faf6000000, 0x000014faf8000000|  0%| F|  |TAMS 0x000014faf6000000, 0x000014faf6000000| Untracked 
|3292|0x000014faf8000000, 0x000014faf8000000, 0x000014fafa000000|  0%| F|  |TAMS 0x000014faf8000000, 0x000014faf8000000| Untracked 
|3293|0x000014fafa000000, 0x000014fafa000000, 0x000014fafc000000|  0%| F|  |TAMS 0x000014fafa000000, 0x000014fafa000000| Untracked 
|3294|0x000014fafc000000, 0x000014fafc000000, 0x000014fafe000000|  0%| F|  |TAMS 0x000014fafc000000, 0x000014fafc000000| Untracked 
|3295|0x000014fafe000000, 0x000014fafe000000, 0x000014fb00000000|  0%| F|  |TAMS 0x000014fafe000000, 0x000014fafe000000| Untracked 
|3296|0x000014fb00000000, 0x000014fb00000000, 0x000014fb02000000|  0%| F|  |TAMS 0x000014fb00000000, 0x000014fb00000000| Untracked 
|3297|0x000014fb02000000, 0x000014fb02000000, 0x000014fb04000000|  0%| F|  |TAMS 0x000014fb02000000, 0x000014fb02000000| Untracked 
|3298|0x000014fb04000000, 0x000014fb04000000, 0x000014fb06000000|  0%| F|  |TAMS 0x000014fb04000000, 0x000014fb04000000| Untracked 
|3299|0x000014fb06000000, 0x000014fb06000000, 0x000014fb08000000|  0%| F|  |TAMS 0x000014fb06000000, 0x000014fb06000000| Untracked 
|3300|0x000014fb08000000, 0x000014fb08000000, 0x000014fb0a000000|  0%| F|  |TAMS 0x000014fb08000000, 0x000014fb08000000| Untracked 
|3301|0x000014fb0a000000, 0x000014fb0a000000, 0x000014fb0c000000|  0%| F|  |TAMS 0x000014fb0a000000, 0x000014fb0a000000| Untracked 
|3302|0x000014fb0c000000, 0x000014fb0c000000, 0x000014fb0e000000|  0%| F|  |TAMS 0x000014fb0c000000, 0x000014fb0c000000| Untracked 
|3303|0x000014fb0e000000, 0x000014fb0e000000, 0x000014fb10000000|  0%| F|  |TAMS 0x000014fb0e000000, 0x000014fb0e000000| Untracked 
|3304|0x000014fb10000000, 0x000014fb10000000, 0x000014fb12000000|  0%| F|  |TAMS 0x000014fb10000000, 0x000014fb10000000| Untracked 
|3305|0x000014fb12000000, 0x000014fb12000000, 0x000014fb14000000|  0%| F|  |TAMS 0x000014fb12000000, 0x000014fb12000000| Untracked 
|3306|0x000014fb14000000, 0x000014fb14000000, 0x000014fb16000000|  0%| F|  |TAMS 0x000014fb14000000, 0x000014fb14000000| Untracked 
|3307|0x000014fb16000000, 0x000014fb16000000, 0x000014fb18000000|  0%| F|  |TAMS 0x000014fb16000000, 0x000014fb16000000| Untracked 
|3308|0x000014fb18000000, 0x000014fb18000000, 0x000014fb1a000000|  0%| F|  |TAMS 0x000014fb18000000, 0x000014fb18000000| Untracked 
|3309|0x000014fb1a000000, 0x000014fb1a000000, 0x000014fb1c000000|  0%| F|  |TAMS 0x000014fb1a000000, 0x000014fb1a000000| Untracked 
|3310|0x000014fb1c000000, 0x000014fb1c000000, 0x000014fb1e000000|  0%| F|  |TAMS 0x000014fb1c000000, 0x000014fb1c000000| Untracked 
|3311|0x000014fb1e000000, 0x000014fb1e000000, 0x000014fb20000000|  0%| F|  |TAMS 0x000014fb1e000000, 0x000014fb1e000000| Untracked 
|3312|0x000014fb20000000, 0x000014fb20000000, 0x000014fb22000000|  0%| F|  |TAMS 0x000014fb20000000, 0x000014fb20000000| Untracked 
|3313|0x000014fb22000000, 0x000014fb22000000, 0x000014fb24000000|  0%| F|  |TAMS 0x000014fb22000000, 0x000014fb22000000| Untracked 
|3314|0x000014fb24000000, 0x000014fb24000000, 0x000014fb26000000|  0%| F|  |TAMS 0x000014fb24000000, 0x000014fb24000000| Untracked 
|3315|0x000014fb26000000, 0x000014fb26000000, 0x000014fb28000000|  0%| F|  |TAMS 0x000014fb26000000, 0x000014fb26000000| Untracked 
|3316|0x000014fb28000000, 0x000014fb28000000, 0x000014fb2a000000|  0%| F|  |TAMS 0x000014fb28000000, 0x000014fb28000000| Untracked 
|3317|0x000014fb2a000000, 0x000014fb2a000000, 0x000014fb2c000000|  0%| F|  |TAMS 0x000014fb2a000000, 0x000014fb2a000000| Untracked 
|3318|0x000014fb2c000000, 0x000014fb2c000000, 0x000014fb2e000000|  0%| F|  |TAMS 0x000014fb2c000000, 0x000014fb2c000000| Untracked 
|3319|0x000014fb2e000000, 0x000014fb2e000000, 0x000014fb30000000|  0%| F|  |TAMS 0x000014fb2e000000, 0x000014fb2e000000| Untracked 
|3320|0x000014fb30000000, 0x000014fb30000000, 0x000014fb32000000|  0%| F|  |TAMS 0x000014fb30000000, 0x000014fb30000000| Untracked 
|3321|0x000014fb32000000, 0x000014fb32000000, 0x000014fb34000000|  0%| F|  |TAMS 0x000014fb32000000, 0x000014fb32000000| Untracked 
|3322|0x000014fb34000000, 0x000014fb34000000, 0x000014fb36000000|  0%| F|  |TAMS 0x000014fb34000000, 0x000014fb34000000| Untracked 
|3323|0x000014fb36000000, 0x000014fb36000000, 0x000014fb38000000|  0%| F|  |TAMS 0x000014fb36000000, 0x000014fb36000000| Untracked 
|3324|0x000014fb38000000, 0x000014fb38000000, 0x000014fb3a000000|  0%| F|  |TAMS 0x000014fb38000000, 0x000014fb38000000| Untracked 
|3325|0x000014fb3a000000, 0x000014fb3a000000, 0x000014fb3c000000|  0%| F|  |TAMS 0x000014fb3a000000, 0x000014fb3a000000| Untracked 
|3326|0x000014fb3c000000, 0x000014fb3c000000, 0x000014fb3e000000|  0%| F|  |TAMS 0x000014fb3c000000, 0x000014fb3c000000| Untracked 
|3327|0x000014fb3e000000, 0x000014fb3e000000, 0x000014fb40000000|  0%| F|  |TAMS 0x000014fb3e000000, 0x000014fb3e000000| Untracked 
|3328|0x000014fb40000000, 0x000014fb40000000, 0x000014fb42000000|  0%| F|  |TAMS 0x000014fb40000000, 0x000014fb40000000| Untracked 
|3329|0x000014fb42000000, 0x000014fb42000000, 0x000014fb44000000|  0%| F|  |TAMS 0x000014fb42000000, 0x000014fb42000000| Untracked 
|3330|0x000014fb44000000, 0x000014fb44000000, 0x000014fb46000000|  0%| F|  |TAMS 0x000014fb44000000, 0x000014fb44000000| Untracked 
|3331|0x000014fb46000000, 0x000014fb46000000, 0x000014fb48000000|  0%| F|  |TAMS 0x000014fb46000000, 0x000014fb46000000| Untracked 
|3332|0x000014fb48000000, 0x000014fb48000000, 0x000014fb4a000000|  0%| F|  |TAMS 0x000014fb48000000, 0x000014fb48000000| Untracked 
|3333|0x000014fb4a000000, 0x000014fb4a000000, 0x000014fb4c000000|  0%| F|  |TAMS 0x000014fb4a000000, 0x000014fb4a000000| Untracked 
|3334|0x000014fb4c000000, 0x000014fb4c000000, 0x000014fb4e000000|  0%| F|  |TAMS 0x000014fb4c000000, 0x000014fb4c000000| Untracked 
|3335|0x000014fb4e000000, 0x000014fb4e000000, 0x000014fb50000000|  0%| F|  |TAMS 0x000014fb4e000000, 0x000014fb4e000000| Untracked 
|3336|0x000014fb50000000, 0x000014fb50000000, 0x000014fb52000000|  0%| F|  |TAMS 0x000014fb50000000, 0x000014fb50000000| Untracked 
|3337|0x000014fb52000000, 0x000014fb52000000, 0x000014fb54000000|  0%| F|  |TAMS 0x000014fb52000000, 0x000014fb52000000| Untracked 
|3338|0x000014fb54000000, 0x000014fb54000000, 0x000014fb56000000|  0%| F|  |TAMS 0x000014fb54000000, 0x000014fb54000000| Untracked 
|3339|0x000014fb56000000, 0x000014fb56000000, 0x000014fb58000000|  0%| F|  |TAMS 0x000014fb56000000, 0x000014fb56000000| Untracked 
|3340|0x000014fb58000000, 0x000014fb58000000, 0x000014fb5a000000|  0%| F|  |TAMS 0x000014fb58000000, 0x000014fb58000000| Untracked 
|3341|0x000014fb5a000000, 0x000014fb5a000000, 0x000014fb5c000000|  0%| F|  |TAMS 0x000014fb5a000000, 0x000014fb5a000000| Untracked 
|3342|0x000014fb5c000000, 0x000014fb5c000000, 0x000014fb5e000000|  0%| F|  |TAMS 0x000014fb5c000000, 0x000014fb5c000000| Untracked 
|3343|0x000014fb5e000000, 0x000014fb5e000000, 0x000014fb60000000|  0%| F|  |TAMS 0x000014fb5e000000, 0x000014fb5e000000| Untracked 
|3344|0x000014fb60000000, 0x000014fb60000000, 0x000014fb62000000|  0%| F|  |TAMS 0x000014fb60000000, 0x000014fb60000000| Untracked 
|3345|0x000014fb62000000, 0x000014fb62000000, 0x000014fb64000000|  0%| F|  |TAMS 0x000014fb62000000, 0x000014fb62000000| Untracked 
|3346|0x000014fb64000000, 0x000014fb64000000, 0x000014fb66000000|  0%| F|  |TAMS 0x000014fb64000000, 0x000014fb64000000| Untracked 
|3347|0x000014fb66000000, 0x000014fb66000000, 0x000014fb68000000|  0%| F|  |TAMS 0x000014fb66000000, 0x000014fb66000000| Untracked 
|3348|0x000014fb68000000, 0x000014fb68000000, 0x000014fb6a000000|  0%| F|  |TAMS 0x000014fb68000000, 0x000014fb68000000| Untracked 
|3349|0x000014fb6a000000, 0x000014fb6a000000, 0x000014fb6c000000|  0%| F|  |TAMS 0x000014fb6a000000, 0x000014fb6a000000| Untracked 
|3350|0x000014fb6c000000, 0x000014fb6c000000, 0x000014fb6e000000|  0%| F|  |TAMS 0x000014fb6c000000, 0x000014fb6c000000| Untracked 
|3351|0x000014fb6e000000, 0x000014fb6e000000, 0x000014fb70000000|  0%| F|  |TAMS 0x000014fb6e000000, 0x000014fb6e000000| Untracked 
|3352|0x000014fb70000000, 0x000014fb70000000, 0x000014fb72000000|  0%| F|  |TAMS 0x000014fb70000000, 0x000014fb70000000| Untracked 
|3353|0x000014fb72000000, 0x000014fb72000000, 0x000014fb74000000|  0%| F|  |TAMS 0x000014fb72000000, 0x000014fb72000000| Untracked 
|3354|0x000014fb74000000, 0x000014fb74000000, 0x000014fb76000000|  0%| F|  |TAMS 0x000014fb74000000, 0x000014fb74000000| Untracked 
|3355|0x000014fb76000000, 0x000014fb76000000, 0x000014fb78000000|  0%| F|  |TAMS 0x000014fb76000000, 0x000014fb76000000| Untracked 
|3356|0x000014fb78000000, 0x000014fb78000000, 0x000014fb7a000000|  0%| F|  |TAMS 0x000014fb78000000, 0x000014fb78000000| Untracked 
|3357|0x000014fb7a000000, 0x000014fb7a000000, 0x000014fb7c000000|  0%| F|  |TAMS 0x000014fb7a000000, 0x000014fb7a000000| Untracked 
|3358|0x000014fb7c000000, 0x000014fb7c000000, 0x000014fb7e000000|  0%| F|  |TAMS 0x000014fb7c000000, 0x000014fb7c000000| Untracked 
|3359|0x000014fb7e000000, 0x000014fb7e000000, 0x000014fb80000000|  0%| F|  |TAMS 0x000014fb7e000000, 0x000014fb7e000000| Untracked 
|3360|0x000014fb80000000, 0x000014fb80000000, 0x000014fb82000000|  0%| F|  |TAMS 0x000014fb80000000, 0x000014fb80000000| Untracked 
|3361|0x000014fb82000000, 0x000014fb82000000, 0x000014fb84000000|  0%| F|  |TAMS 0x000014fb82000000, 0x000014fb82000000| Untracked 
|3362|0x000014fb84000000, 0x000014fb84000000, 0x000014fb86000000|  0%| F|  |TAMS 0x000014fb84000000, 0x000014fb84000000| Untracked 
|3363|0x000014fb86000000, 0x000014fb86000000, 0x000014fb88000000|  0%| F|  |TAMS 0x000014fb86000000, 0x000014fb86000000| Untracked 
|3364|0x000014fb88000000, 0x000014fb88000000, 0x000014fb8a000000|  0%| F|  |TAMS 0x000014fb88000000, 0x000014fb88000000| Untracked 
|3365|0x000014fb8a000000, 0x000014fb8a000000, 0x000014fb8c000000|  0%| F|  |TAMS 0x000014fb8a000000, 0x000014fb8a000000| Untracked 
|3366|0x000014fb8c000000, 0x000014fb8c000000, 0x000014fb8e000000|  0%| F|  |TAMS 0x000014fb8c000000, 0x000014fb8c000000| Untracked 
|3367|0x000014fb8e000000, 0x000014fb8e000000, 0x000014fb90000000|  0%| F|  |TAMS 0x000014fb8e000000, 0x000014fb8e000000| Untracked 
|3368|0x000014fb90000000, 0x000014fb90000000, 0x000014fb92000000|  0%| F|  |TAMS 0x000014fb90000000, 0x000014fb90000000| Untracked 
|3369|0x000014fb92000000, 0x000014fb92000000, 0x000014fb94000000|  0%| F|  |TAMS 0x000014fb92000000, 0x000014fb92000000| Untracked 
|3370|0x000014fb94000000, 0x000014fb94000000, 0x000014fb96000000|  0%| F|  |TAMS 0x000014fb94000000, 0x000014fb94000000| Untracked 
|3371|0x000014fb96000000, 0x000014fb96000000, 0x000014fb98000000|  0%| F|  |TAMS 0x000014fb96000000, 0x000014fb96000000| Untracked 
|3372|0x000014fb98000000, 0x000014fb98000000, 0x000014fb9a000000|  0%| F|  |TAMS 0x000014fb98000000, 0x000014fb98000000| Untracked 
|3373|0x000014fb9a000000, 0x000014fb9a000000, 0x000014fb9c000000|  0%| F|  |TAMS 0x000014fb9a000000, 0x000014fb9a000000| Untracked 
|3374|0x000014fb9c000000, 0x000014fb9c000000, 0x000014fb9e000000|  0%| F|  |TAMS 0x000014fb9c000000, 0x000014fb9c000000| Untracked 
|3375|0x000014fb9e000000, 0x000014fb9e000000, 0x000014fba0000000|  0%| F|  |TAMS 0x000014fb9e000000, 0x000014fb9e000000| Untracked 
|3376|0x000014fba0000000, 0x000014fba0000000, 0x000014fba2000000|  0%| F|  |TAMS 0x000014fba0000000, 0x000014fba0000000| Untracked 
|3377|0x000014fba2000000, 0x000014fba2000000, 0x000014fba4000000|  0%| F|  |TAMS 0x000014fba2000000, 0x000014fba2000000| Untracked 
|3378|0x000014fba4000000, 0x000014fba4000000, 0x000014fba6000000|  0%| F|  |TAMS 0x000014fba4000000, 0x000014fba4000000| Untracked 
|3379|0x000014fba6000000, 0x000014fba6000000, 0x000014fba8000000|  0%| F|  |TAMS 0x000014fba6000000, 0x000014fba6000000| Untracked 
|3380|0x000014fba8000000, 0x000014fba8000000, 0x000014fbaa000000|  0%| F|  |TAMS 0x000014fba8000000, 0x000014fba8000000| Untracked 
|3381|0x000014fbaa000000, 0x000014fbaa000000, 0x000014fbac000000|  0%| F|  |TAMS 0x000014fbaa000000, 0x000014fbaa000000| Untracked 
|3382|0x000014fbac000000, 0x000014fbac000000, 0x000014fbae000000|  0%| F|  |TAMS 0x000014fbac000000, 0x000014fbac000000| Untracked 
|3383|0x000014fbae000000, 0x000014fbae000000, 0x000014fbb0000000|  0%| F|  |TAMS 0x000014fbae000000, 0x000014fbae000000| Untracked 
|3384|0x000014fbb0000000, 0x000014fbb0000000, 0x000014fbb2000000|  0%| F|  |TAMS 0x000014fbb0000000, 0x000014fbb0000000| Untracked 
|3385|0x000014fbb2000000, 0x000014fbb2000000, 0x000014fbb4000000|  0%| F|  |TAMS 0x000014fbb2000000, 0x000014fbb2000000| Untracked 
|3386|0x000014fbb4000000, 0x000014fbb4000000, 0x000014fbb6000000|  0%| F|  |TAMS 0x000014fbb4000000, 0x000014fbb4000000| Untracked 
|3387|0x000014fbb6000000, 0x000014fbb6000000, 0x000014fbb8000000|  0%| F|  |TAMS 0x000014fbb6000000, 0x000014fbb6000000| Untracked 
|3388|0x000014fbb8000000, 0x000014fbb8000000, 0x000014fbba000000|  0%| F|  |TAMS 0x000014fbb8000000, 0x000014fbb8000000| Untracked 
|3389|0x000014fbba000000, 0x000014fbba000000, 0x000014fbbc000000|  0%| F|  |TAMS 0x000014fbba000000, 0x000014fbba000000| Untracked 
|3390|0x000014fbbc000000, 0x000014fbbc000000, 0x000014fbbe000000|  0%| F|  |TAMS 0x000014fbbc000000, 0x000014fbbc000000| Untracked 
|3391|0x000014fbbe000000, 0x000014fbbe000000, 0x000014fbc0000000|  0%| F|  |TAMS 0x000014fbbe000000, 0x000014fbbe000000| Untracked 
|3392|0x000014fbc0000000, 0x000014fbc0000000, 0x000014fbc2000000|  0%| F|  |TAMS 0x000014fbc0000000, 0x000014fbc0000000| Untracked 
|3393|0x000014fbc2000000, 0x000014fbc2000000, 0x000014fbc4000000|  0%| F|  |TAMS 0x000014fbc2000000, 0x000014fbc2000000| Untracked 
|3394|0x000014fbc4000000, 0x000014fbc4000000, 0x000014fbc6000000|  0%| F|  |TAMS 0x000014fbc4000000, 0x000014fbc4000000| Untracked 
|3395|0x000014fbc6000000, 0x000014fbc6000000, 0x000014fbc8000000|  0%| F|  |TAMS 0x000014fbc6000000, 0x000014fbc6000000| Untracked 
|3396|0x000014fbc8000000, 0x000014fbc8000000, 0x000014fbca000000|  0%| F|  |TAMS 0x000014fbc8000000, 0x000014fbc8000000| Untracked 
|3397|0x000014fbca000000, 0x000014fbca000000, 0x000014fbcc000000|  0%| F|  |TAMS 0x000014fbca000000, 0x000014fbca000000| Untracked 
|3398|0x000014fbcc000000, 0x000014fbcc000000, 0x000014fbce000000|  0%| F|  |TAMS 0x000014fbcc000000, 0x000014fbcc000000| Untracked 
|3399|0x000014fbce000000, 0x000014fbce000000, 0x000014fbd0000000|  0%| F|  |TAMS 0x000014fbce000000, 0x000014fbce000000| Untracked 
|3400|0x000014fbd0000000, 0x000014fbd0000000, 0x000014fbd2000000|  0%| F|  |TAMS 0x000014fbd0000000, 0x000014fbd0000000| Untracked 
|3401|0x000014fbd2000000, 0x000014fbd2000000, 0x000014fbd4000000|  0%| F|  |TAMS 0x000014fbd2000000, 0x000014fbd2000000| Untracked 
|3402|0x000014fbd4000000, 0x000014fbd4000000, 0x000014fbd6000000|  0%| F|  |TAMS 0x000014fbd4000000, 0x000014fbd4000000| Untracked 
|3403|0x000014fbd6000000, 0x000014fbd6000000, 0x000014fbd8000000|  0%| F|  |TAMS 0x000014fbd6000000, 0x000014fbd6000000| Untracked 
|3404|0x000014fbd8000000, 0x000014fbd8000000, 0x000014fbda000000|  0%| F|  |TAMS 0x000014fbd8000000, 0x000014fbd8000000| Untracked 
|3405|0x000014fbda000000, 0x000014fbda000000, 0x000014fbdc000000|  0%| F|  |TAMS 0x000014fbda000000, 0x000014fbda000000| Untracked 
|3406|0x000014fbdc000000, 0x000014fbdc000000, 0x000014fbde000000|  0%| F|  |TAMS 0x000014fbdc000000, 0x000014fbdc000000| Untracked 
|3407|0x000014fbde000000, 0x000014fbde000000, 0x000014fbe0000000|  0%| F|  |TAMS 0x000014fbde000000, 0x000014fbde000000| Untracked 
|3408|0x000014fbe0000000, 0x000014fbe0000000, 0x000014fbe2000000|  0%| F|  |TAMS 0x000014fbe0000000, 0x000014fbe0000000| Untracked 
|3409|0x000014fbe2000000, 0x000014fbe2000000, 0x000014fbe4000000|  0%| F|  |TAMS 0x000014fbe2000000, 0x000014fbe2000000| Untracked 
|3410|0x000014fbe4000000, 0x000014fbe4000000, 0x000014fbe6000000|  0%| F|  |TAMS 0x000014fbe4000000, 0x000014fbe4000000| Untracked 
|3411|0x000014fbe6000000, 0x000014fbe6000000, 0x000014fbe8000000|  0%| F|  |TAMS 0x000014fbe6000000, 0x000014fbe6000000| Untracked 
|3412|0x000014fbe8000000, 0x000014fbe8000000, 0x000014fbea000000|  0%| F|  |TAMS 0x000014fbe8000000, 0x000014fbe8000000| Untracked 
|3413|0x000014fbea000000, 0x000014fbea000000, 0x000014fbec000000|  0%| F|  |TAMS 0x000014fbea000000, 0x000014fbea000000| Untracked 
|3414|0x000014fbec000000, 0x000014fbec000000, 0x000014fbee000000|  0%| F|  |TAMS 0x000014fbec000000, 0x000014fbec000000| Untracked 
|3415|0x000014fbee000000, 0x000014fbee000000, 0x000014fbf0000000|  0%| F|  |TAMS 0x000014fbee000000, 0x000014fbee000000| Untracked 
|3416|0x000014fbf0000000, 0x000014fbf0000000, 0x000014fbf2000000|  0%| F|  |TAMS 0x000014fbf0000000, 0x000014fbf0000000| Untracked 
|3417|0x000014fbf2000000, 0x000014fbf2000000, 0x000014fbf4000000|  0%| F|  |TAMS 0x000014fbf2000000, 0x000014fbf2000000| Untracked 
|3418|0x000014fbf4000000, 0x000014fbf4000000, 0x000014fbf6000000|  0%| F|  |TAMS 0x000014fbf4000000, 0x000014fbf4000000| Untracked 
|3419|0x000014fbf6000000, 0x000014fbf6000000, 0x000014fbf8000000|  0%| F|  |TAMS 0x000014fbf6000000, 0x000014fbf6000000| Untracked 
|3420|0x000014fbf8000000, 0x000014fbf8000000, 0x000014fbfa000000|  0%| F|  |TAMS 0x000014fbf8000000, 0x000014fbf8000000| Untracked 
|3421|0x000014fbfa000000, 0x000014fbfa000000, 0x000014fbfc000000|  0%| F|  |TAMS 0x000014fbfa000000, 0x000014fbfa000000| Untracked 
|3422|0x000014fbfc000000, 0x000014fbfc000000, 0x000014fbfe000000|  0%| F|  |TAMS 0x000014fbfc000000, 0x000014fbfc000000| Untracked 
|3423|0x000014fbfe000000, 0x000014fbfe000000, 0x000014fc00000000|  0%| F|  |TAMS 0x000014fbfe000000, 0x000014fbfe000000| Untracked 
|3424|0x000014fc00000000, 0x000014fc00000000, 0x000014fc02000000|  0%| F|  |TAMS 0x000014fc00000000, 0x000014fc00000000| Untracked 
|3425|0x000014fc02000000, 0x000014fc02000000, 0x000014fc04000000|  0%| F|  |TAMS 0x000014fc02000000, 0x000014fc02000000| Untracked 
|3426|0x000014fc04000000, 0x000014fc04000000, 0x000014fc06000000|  0%| F|  |TAMS 0x000014fc04000000, 0x000014fc04000000| Untracked 
|3427|0x000014fc06000000, 0x000014fc06000000, 0x000014fc08000000|  0%| F|  |TAMS 0x000014fc06000000, 0x000014fc06000000| Untracked 
|3428|0x000014fc08000000, 0x000014fc08000000, 0x000014fc0a000000|  0%| F|  |TAMS 0x000014fc08000000, 0x000014fc08000000| Untracked 
|3429|0x000014fc0a000000, 0x000014fc0a000000, 0x000014fc0c000000|  0%| F|  |TAMS 0x000014fc0a000000, 0x000014fc0a000000| Untracked 
|3430|0x000014fc0c000000, 0x000014fc0c000000, 0x000014fc0e000000|  0%| F|  |TAMS 0x000014fc0c000000, 0x000014fc0c000000| Untracked 
|3431|0x000014fc0e000000, 0x000014fc0e000000, 0x000014fc10000000|  0%| F|  |TAMS 0x000014fc0e000000, 0x000014fc0e000000| Untracked 
|3432|0x000014fc10000000, 0x000014fc10000000, 0x000014fc12000000|  0%| F|  |TAMS 0x000014fc10000000, 0x000014fc10000000| Untracked 
|3433|0x000014fc12000000, 0x000014fc12000000, 0x000014fc14000000|  0%| F|  |TAMS 0x000014fc12000000, 0x000014fc12000000| Untracked 
|3434|0x000014fc14000000, 0x000014fc14000000, 0x000014fc16000000|  0%| F|  |TAMS 0x000014fc14000000, 0x000014fc14000000| Untracked 
|3435|0x000014fc16000000, 0x000014fc16000000, 0x000014fc18000000|  0%| F|  |TAMS 0x000014fc16000000, 0x000014fc16000000| Untracked 
|3436|0x000014fc18000000, 0x000014fc18000000, 0x000014fc1a000000|  0%| F|  |TAMS 0x000014fc18000000, 0x000014fc18000000| Untracked 
|3437|0x000014fc1a000000, 0x000014fc1a000000, 0x000014fc1c000000|  0%| F|  |TAMS 0x000014fc1a000000, 0x000014fc1a000000| Untracked 
|3438|0x000014fc1c000000, 0x000014fc1c000000, 0x000014fc1e000000|  0%| F|  |TAMS 0x000014fc1c000000, 0x000014fc1c000000| Untracked 
|3439|0x000014fc1e000000, 0x000014fc1e000000, 0x000014fc20000000|  0%| F|  |TAMS 0x000014fc1e000000, 0x000014fc1e000000| Untracked 
|3440|0x000014fc20000000, 0x000014fc20000000, 0x000014fc22000000|  0%| F|  |TAMS 0x000014fc20000000, 0x000014fc20000000| Untracked 
|3441|0x000014fc22000000, 0x000014fc22000000, 0x000014fc24000000|  0%| F|  |TAMS 0x000014fc22000000, 0x000014fc22000000| Untracked 
|3442|0x000014fc24000000, 0x000014fc24000000, 0x000014fc26000000|  0%| F|  |TAMS 0x000014fc24000000, 0x000014fc24000000| Untracked 
|3443|0x000014fc26000000, 0x000014fc26000000, 0x000014fc28000000|  0%| F|  |TAMS 0x000014fc26000000, 0x000014fc26000000| Untracked 
|3444|0x000014fc28000000, 0x000014fc28000000, 0x000014fc2a000000|  0%| F|  |TAMS 0x000014fc28000000, 0x000014fc28000000| Untracked 
|3445|0x000014fc2a000000, 0x000014fc2a000000, 0x000014fc2c000000|  0%| F|  |TAMS 0x000014fc2a000000, 0x000014fc2a000000| Untracked 
|3446|0x000014fc2c000000, 0x000014fc2c000000, 0x000014fc2e000000|  0%| F|  |TAMS 0x000014fc2c000000, 0x000014fc2c000000| Untracked 
|3447|0x000014fc2e000000, 0x000014fc2e000000, 0x000014fc30000000|  0%| F|  |TAMS 0x000014fc2e000000, 0x000014fc2e000000| Untracked 
|3448|0x000014fc30000000, 0x000014fc30000000, 0x000014fc32000000|  0%| F|  |TAMS 0x000014fc30000000, 0x000014fc30000000| Untracked 
|3449|0x000014fc32000000, 0x000014fc32000000, 0x000014fc34000000|  0%| F|  |TAMS 0x000014fc32000000, 0x000014fc32000000| Untracked 
|3450|0x000014fc34000000, 0x000014fc34000000, 0x000014fc36000000|  0%| F|  |TAMS 0x000014fc34000000, 0x000014fc34000000| Untracked 
|3451|0x000014fc36000000, 0x000014fc36000000, 0x000014fc38000000|  0%| F|  |TAMS 0x000014fc36000000, 0x000014fc36000000| Untracked 
|3452|0x000014fc38000000, 0x000014fc38000000, 0x000014fc3a000000|  0%| F|  |TAMS 0x000014fc38000000, 0x000014fc38000000| Untracked 
|3453|0x000014fc3a000000, 0x000014fc3a000000, 0x000014fc3c000000|  0%| F|  |TAMS 0x000014fc3a000000, 0x000014fc3a000000| Untracked 
|3454|0x000014fc3c000000, 0x000014fc3c000000, 0x000014fc3e000000|  0%| F|  |TAMS 0x000014fc3c000000, 0x000014fc3c000000| Untracked 
|3455|0x000014fc3e000000, 0x000014fc3e000000, 0x000014fc40000000|  0%| F|  |TAMS 0x000014fc3e000000, 0x000014fc3e000000| Untracked 
|3456|0x000014fc40000000, 0x000014fc40000000, 0x000014fc42000000|  0%| F|  |TAMS 0x000014fc40000000, 0x000014fc40000000| Untracked 
|3457|0x000014fc42000000, 0x000014fc42000000, 0x000014fc44000000|  0%| F|  |TAMS 0x000014fc42000000, 0x000014fc42000000| Untracked 
|3458|0x000014fc44000000, 0x000014fc44000000, 0x000014fc46000000|  0%| F|  |TAMS 0x000014fc44000000, 0x000014fc44000000| Untracked 
|3459|0x000014fc46000000, 0x000014fc46000000, 0x000014fc48000000|  0%| F|  |TAMS 0x000014fc46000000, 0x000014fc46000000| Untracked 
|3460|0x000014fc48000000, 0x000014fc48000000, 0x000014fc4a000000|  0%| F|  |TAMS 0x000014fc48000000, 0x000014fc48000000| Untracked 
|3461|0x000014fc4a000000, 0x000014fc4a000000, 0x000014fc4c000000|  0%| F|  |TAMS 0x000014fc4a000000, 0x000014fc4a000000| Untracked 
|3462|0x000014fc4c000000, 0x000014fc4c000000, 0x000014fc4e000000|  0%| F|  |TAMS 0x000014fc4c000000, 0x000014fc4c000000| Untracked 
|3463|0x000014fc4e000000, 0x000014fc4e000000, 0x000014fc50000000|  0%| F|  |TAMS 0x000014fc4e000000, 0x000014fc4e000000| Untracked 
|3464|0x000014fc50000000, 0x000014fc50000000, 0x000014fc52000000|  0%| F|  |TAMS 0x000014fc50000000, 0x000014fc50000000| Untracked 
|3465|0x000014fc52000000, 0x000014fc52000000, 0x000014fc54000000|  0%| F|  |TAMS 0x000014fc52000000, 0x000014fc52000000| Untracked 
|3466|0x000014fc54000000, 0x000014fc54000000, 0x000014fc56000000|  0%| F|  |TAMS 0x000014fc54000000, 0x000014fc54000000| Untracked 
|3467|0x000014fc56000000, 0x000014fc56000000, 0x000014fc58000000|  0%| F|  |TAMS 0x000014fc56000000, 0x000014fc56000000| Untracked 
|3468|0x000014fc58000000, 0x000014fc58000000, 0x000014fc5a000000|  0%| F|  |TAMS 0x000014fc58000000, 0x000014fc58000000| Untracked 
|3469|0x000014fc5a000000, 0x000014fc5a000000, 0x000014fc5c000000|  0%| F|  |TAMS 0x000014fc5a000000, 0x000014fc5a000000| Untracked 
|3470|0x000014fc5c000000, 0x000014fc5c000000, 0x000014fc5e000000|  0%| F|  |TAMS 0x000014fc5c000000, 0x000014fc5c000000| Untracked 
|3471|0x000014fc5e000000, 0x000014fc5e000000, 0x000014fc60000000|  0%| F|  |TAMS 0x000014fc5e000000, 0x000014fc5e000000| Untracked 
|3472|0x000014fc60000000, 0x000014fc60000000, 0x000014fc62000000|  0%| F|  |TAMS 0x000014fc60000000, 0x000014fc60000000| Untracked 
|3473|0x000014fc62000000, 0x000014fc62000000, 0x000014fc64000000|  0%| F|  |TAMS 0x000014fc62000000, 0x000014fc62000000| Untracked 
|3474|0x000014fc64000000, 0x000014fc64000000, 0x000014fc66000000|  0%| F|  |TAMS 0x000014fc64000000, 0x000014fc64000000| Untracked 
|3475|0x000014fc66000000, 0x000014fc66000000, 0x000014fc68000000|  0%| F|  |TAMS 0x000014fc66000000, 0x000014fc66000000| Untracked 
|3476|0x000014fc68000000, 0x000014fc68000000, 0x000014fc6a000000|  0%| F|  |TAMS 0x000014fc68000000, 0x000014fc68000000| Untracked 
|3477|0x000014fc6a000000, 0x000014fc6a000000, 0x000014fc6c000000|  0%| F|  |TAMS 0x000014fc6a000000, 0x000014fc6a000000| Untracked 
|3478|0x000014fc6c000000, 0x000014fc6c000000, 0x000014fc6e000000|  0%| F|  |TAMS 0x000014fc6c000000, 0x000014fc6c000000| Untracked 
|3479|0x000014fc6e000000, 0x000014fc6e000000, 0x000014fc70000000|  0%| F|  |TAMS 0x000014fc6e000000, 0x000014fc6e000000| Untracked 
|3480|0x000014fc70000000, 0x000014fc70000000, 0x000014fc72000000|  0%| F|  |TAMS 0x000014fc70000000, 0x000014fc70000000| Untracked 
|3481|0x000014fc72000000, 0x000014fc72000000, 0x000014fc74000000|  0%| F|  |TAMS 0x000014fc72000000, 0x000014fc72000000| Untracked 
|3482|0x000014fc74000000, 0x000014fc74000000, 0x000014fc76000000|  0%| F|  |TAMS 0x000014fc74000000, 0x000014fc74000000| Untracked 
|3483|0x000014fc76000000, 0x000014fc76000000, 0x000014fc78000000|  0%| F|  |TAMS 0x000014fc76000000, 0x000014fc76000000| Untracked 
|3484|0x000014fc78000000, 0x000014fc78000000, 0x000014fc7a000000|  0%| F|  |TAMS 0x000014fc78000000, 0x000014fc78000000| Untracked 
|3485|0x000014fc7a000000, 0x000014fc7a000000, 0x000014fc7c000000|  0%| F|  |TAMS 0x000014fc7a000000, 0x000014fc7a000000| Untracked 
|3486|0x000014fc7c000000, 0x000014fc7c000000, 0x000014fc7e000000|  0%| F|  |TAMS 0x000014fc7c000000, 0x000014fc7c000000| Untracked 
|3487|0x000014fc7e000000, 0x000014fc7e000000, 0x000014fc80000000|  0%| F|  |TAMS 0x000014fc7e000000, 0x000014fc7e000000| Untracked 
|3488|0x000014fc80000000, 0x000014fc80000000, 0x000014fc82000000|  0%| F|  |TAMS 0x000014fc80000000, 0x000014fc80000000| Untracked 
|3489|0x000014fc82000000, 0x000014fc82000000, 0x000014fc84000000|  0%| F|  |TAMS 0x000014fc82000000, 0x000014fc82000000| Untracked 
|3490|0x000014fc84000000, 0x000014fc84000000, 0x000014fc86000000|  0%| F|  |TAMS 0x000014fc84000000, 0x000014fc84000000| Untracked 
|3491|0x000014fc86000000, 0x000014fc86000000, 0x000014fc88000000|  0%| F|  |TAMS 0x000014fc86000000, 0x000014fc86000000| Untracked 
|3492|0x000014fc88000000, 0x000014fc88000000, 0x000014fc8a000000|  0%| F|  |TAMS 0x000014fc88000000, 0x000014fc88000000| Untracked 
|3493|0x000014fc8a000000, 0x000014fc8a000000, 0x000014fc8c000000|  0%| F|  |TAMS 0x000014fc8a000000, 0x000014fc8a000000| Untracked 
|3494|0x000014fc8c000000, 0x000014fc8c000000, 0x000014fc8e000000|  0%| F|  |TAMS 0x000014fc8c000000, 0x000014fc8c000000| Untracked 
|3495|0x000014fc8e000000, 0x000014fc8e000000, 0x000014fc90000000|  0%| F|  |TAMS 0x000014fc8e000000, 0x000014fc8e000000| Untracked 
|3496|0x000014fc90000000, 0x000014fc90000000, 0x000014fc92000000|  0%| F|  |TAMS 0x000014fc90000000, 0x000014fc90000000| Untracked 
|3497|0x000014fc92000000, 0x000014fc92000000, 0x000014fc94000000|  0%| F|  |TAMS 0x000014fc92000000, 0x000014fc92000000| Untracked 
|3498|0x000014fc94000000, 0x000014fc94000000, 0x000014fc96000000|  0%| F|  |TAMS 0x000014fc94000000, 0x000014fc94000000| Untracked 
|3499|0x000014fc96000000, 0x000014fc96000000, 0x000014fc98000000|  0%| F|  |TAMS 0x000014fc96000000, 0x000014fc96000000| Untracked 
|3500|0x000014fc98000000, 0x000014fc98000000, 0x000014fc9a000000|  0%| F|  |TAMS 0x000014fc98000000, 0x000014fc98000000| Untracked 
|3501|0x000014fc9a000000, 0x000014fc9a000000, 0x000014fc9c000000|  0%| F|  |TAMS 0x000014fc9a000000, 0x000014fc9a000000| Untracked 
|3502|0x000014fc9c000000, 0x000014fc9c000000, 0x000014fc9e000000|  0%| F|  |TAMS 0x000014fc9c000000, 0x000014fc9c000000| Untracked 
|3503|0x000014fc9e000000, 0x000014fc9e000000, 0x000014fca0000000|  0%| F|  |TAMS 0x000014fc9e000000, 0x000014fc9e000000| Untracked 
|3504|0x000014fca0000000, 0x000014fca0000000, 0x000014fca2000000|  0%| F|  |TAMS 0x000014fca0000000, 0x000014fca0000000| Untracked 
|3505|0x000014fca2000000, 0x000014fca2000000, 0x000014fca4000000|  0%| F|  |TAMS 0x000014fca2000000, 0x000014fca2000000| Untracked 
|3506|0x000014fca4000000, 0x000014fca4000000, 0x000014fca6000000|  0%| F|  |TAMS 0x000014fca4000000, 0x000014fca4000000| Untracked 
|3507|0x000014fca6000000, 0x000014fca6000000, 0x000014fca8000000|  0%| F|  |TAMS 0x000014fca6000000, 0x000014fca6000000| Untracked 
|3508|0x000014fca8000000, 0x000014fca8000000, 0x000014fcaa000000|  0%| F|  |TAMS 0x000014fca8000000, 0x000014fca8000000| Untracked 
|3509|0x000014fcaa000000, 0x000014fcaa000000, 0x000014fcac000000|  0%| F|  |TAMS 0x000014fcaa000000, 0x000014fcaa000000| Untracked 
|3510|0x000014fcac000000, 0x000014fcac000000, 0x000014fcae000000|  0%| F|  |TAMS 0x000014fcac000000, 0x000014fcac000000| Untracked 
|3511|0x000014fcae000000, 0x000014fcae000000, 0x000014fcb0000000|  0%| F|  |TAMS 0x000014fcae000000, 0x000014fcae000000| Untracked 
|3512|0x000014fcb0000000, 0x000014fcb0000000, 0x000014fcb2000000|  0%| F|  |TAMS 0x000014fcb0000000, 0x000014fcb0000000| Untracked 
|3513|0x000014fcb2000000, 0x000014fcb2000000, 0x000014fcb4000000|  0%| F|  |TAMS 0x000014fcb2000000, 0x000014fcb2000000| Untracked 
|3514|0x000014fcb4000000, 0x000014fcb4000000, 0x000014fcb6000000|  0%| F|  |TAMS 0x000014fcb4000000, 0x000014fcb4000000| Untracked 
|3515|0x000014fcb6000000, 0x000014fcb6000000, 0x000014fcb8000000|  0%| F|  |TAMS 0x000014fcb6000000, 0x000014fcb6000000| Untracked 
|3516|0x000014fcb8000000, 0x000014fcb8000000, 0x000014fcba000000|  0%| F|  |TAMS 0x000014fcb8000000, 0x000014fcb8000000| Untracked 
|3517|0x000014fcba000000, 0x000014fcba000000, 0x000014fcbc000000|  0%| F|  |TAMS 0x000014fcba000000, 0x000014fcba000000| Untracked 
|3518|0x000014fcbc000000, 0x000014fcbc000000, 0x000014fcbe000000|  0%| F|  |TAMS 0x000014fcbc000000, 0x000014fcbc000000| Untracked 
|3519|0x000014fcbe000000, 0x000014fcbe000000, 0x000014fcc0000000|  0%| F|  |TAMS 0x000014fcbe000000, 0x000014fcbe000000| Untracked 
|3520|0x000014fcc0000000, 0x000014fcc0000000, 0x000014fcc2000000|  0%| F|  |TAMS 0x000014fcc0000000, 0x000014fcc0000000| Untracked 
|3521|0x000014fcc2000000, 0x000014fcc2000000, 0x000014fcc4000000|  0%| F|  |TAMS 0x000014fcc2000000, 0x000014fcc2000000| Untracked 
|3522|0x000014fcc4000000, 0x000014fcc4000000, 0x000014fcc6000000|  0%| F|  |TAMS 0x000014fcc4000000, 0x000014fcc4000000| Untracked 
|3523|0x000014fcc6000000, 0x000014fcc6000000, 0x000014fcc8000000|  0%| F|  |TAMS 0x000014fcc6000000, 0x000014fcc6000000| Untracked 
|3524|0x000014fcc8000000, 0x000014fcc8000000, 0x000014fcca000000|  0%| F|  |TAMS 0x000014fcc8000000, 0x000014fcc8000000| Untracked 
|3525|0x000014fcca000000, 0x000014fcca000000, 0x000014fccc000000|  0%| F|  |TAMS 0x000014fcca000000, 0x000014fcca000000| Untracked 
|3526|0x000014fccc000000, 0x000014fccc000000, 0x000014fcce000000|  0%| F|  |TAMS 0x000014fccc000000, 0x000014fccc000000| Untracked 
|3527|0x000014fcce000000, 0x000014fcce000000, 0x000014fcd0000000|  0%| F|  |TAMS 0x000014fcce000000, 0x000014fcce000000| Untracked 
|3528|0x000014fcd0000000, 0x000014fcd0000000, 0x000014fcd2000000|  0%| F|  |TAMS 0x000014fcd0000000, 0x000014fcd0000000| Untracked 
|3529|0x000014fcd2000000, 0x000014fcd2000000, 0x000014fcd4000000|  0%| F|  |TAMS 0x000014fcd2000000, 0x000014fcd2000000| Untracked 
|3530|0x000014fcd4000000, 0x000014fcd4000000, 0x000014fcd6000000|  0%| F|  |TAMS 0x000014fcd4000000, 0x000014fcd4000000| Untracked 
|3531|0x000014fcd6000000, 0x000014fcd6000000, 0x000014fcd8000000|  0%| F|  |TAMS 0x000014fcd6000000, 0x000014fcd6000000| Untracked 
|3532|0x000014fcd8000000, 0x000014fcd8000000, 0x000014fcda000000|  0%| F|  |TAMS 0x000014fcd8000000, 0x000014fcd8000000| Untracked 
|3533|0x000014fcda000000, 0x000014fcda000000, 0x000014fcdc000000|  0%| F|  |TAMS 0x000014fcda000000, 0x000014fcda000000| Untracked 
|3534|0x000014fcdc000000, 0x000014fcdc000000, 0x000014fcde000000|  0%| F|  |TAMS 0x000014fcdc000000, 0x000014fcdc000000| Untracked 
|3535|0x000014fcde000000, 0x000014fcde000000, 0x000014fce0000000|  0%| F|  |TAMS 0x000014fcde000000, 0x000014fcde000000| Untracked 
|3536|0x000014fce0000000, 0x000014fce0000000, 0x000014fce2000000|  0%| F|  |TAMS 0x000014fce0000000, 0x000014fce0000000| Untracked 
|3537|0x000014fce2000000, 0x000014fce2000000, 0x000014fce4000000|  0%| F|  |TAMS 0x000014fce2000000, 0x000014fce2000000| Untracked 
|3538|0x000014fce4000000, 0x000014fce4000000, 0x000014fce6000000|  0%| F|  |TAMS 0x000014fce4000000, 0x000014fce4000000| Untracked 
|3539|0x000014fce6000000, 0x000014fce6000000, 0x000014fce8000000|  0%| F|  |TAMS 0x000014fce6000000, 0x000014fce6000000| Untracked 
|3540|0x000014fce8000000, 0x000014fce8000000, 0x000014fcea000000|  0%| F|  |TAMS 0x000014fce8000000, 0x000014fce8000000| Untracked 
|3541|0x000014fcea000000, 0x000014fcea000000, 0x000014fcec000000|  0%| F|  |TAMS 0x000014fcea000000, 0x000014fcea000000| Untracked 
|3542|0x000014fcec000000, 0x000014fcec000000, 0x000014fcee000000|  0%| F|  |TAMS 0x000014fcec000000, 0x000014fcec000000| Untracked 
|3543|0x000014fcee000000, 0x000014fcee000000, 0x000014fcf0000000|  0%| F|  |TAMS 0x000014fcee000000, 0x000014fcee000000| Untracked 
|3544|0x000014fcf0000000, 0x000014fcf0000000, 0x000014fcf2000000|  0%| F|  |TAMS 0x000014fcf0000000, 0x000014fcf0000000| Untracked 
|3545|0x000014fcf2000000, 0x000014fcf2000000, 0x000014fcf4000000|  0%| F|  |TAMS 0x000014fcf2000000, 0x000014fcf2000000| Untracked 
|3546|0x000014fcf4000000, 0x000014fcf4000000, 0x000014fcf6000000|  0%| F|  |TAMS 0x000014fcf4000000, 0x000014fcf4000000| Untracked 
|3547|0x000014fcf6000000, 0x000014fcf6000000, 0x000014fcf8000000|  0%| F|  |TAMS 0x000014fcf6000000, 0x000014fcf6000000| Untracked 
|3548|0x000014fcf8000000, 0x000014fcf8000000, 0x000014fcfa000000|  0%| F|  |TAMS 0x000014fcf8000000, 0x000014fcf8000000| Untracked 
|3549|0x000014fcfa000000, 0x000014fcfa000000, 0x000014fcfc000000|  0%| F|  |TAMS 0x000014fcfa000000, 0x000014fcfa000000| Untracked 
|3550|0x000014fcfc000000, 0x000014fcfc000000, 0x000014fcfe000000|  0%| F|  |TAMS 0x000014fcfc000000, 0x000014fcfc000000| Untracked 
|3551|0x000014fcfe000000, 0x000014fcfe000000, 0x000014fd00000000|  0%| F|  |TAMS 0x000014fcfe000000, 0x000014fcfe000000| Untracked 
|3552|0x000014fd00000000, 0x000014fd00000000, 0x000014fd02000000|  0%| F|  |TAMS 0x000014fd00000000, 0x000014fd00000000| Untracked 
|3553|0x000014fd02000000, 0x000014fd02000000, 0x000014fd04000000|  0%| F|  |TAMS 0x000014fd02000000, 0x000014fd02000000| Untracked 
|3554|0x000014fd04000000, 0x000014fd04000000, 0x000014fd06000000|  0%| F|  |TAMS 0x000014fd04000000, 0x000014fd04000000| Untracked 
|3555|0x000014fd06000000, 0x000014fd06000000, 0x000014fd08000000|  0%| F|  |TAMS 0x000014fd06000000, 0x000014fd06000000| Untracked 
|3556|0x000014fd08000000, 0x000014fd08000000, 0x000014fd0a000000|  0%| F|  |TAMS 0x000014fd08000000, 0x000014fd08000000| Untracked 
|3557|0x000014fd0a000000, 0x000014fd0a000000, 0x000014fd0c000000|  0%| F|  |TAMS 0x000014fd0a000000, 0x000014fd0a000000| Untracked 
|3558|0x000014fd0c000000, 0x000014fd0c000000, 0x000014fd0e000000|  0%| F|  |TAMS 0x000014fd0c000000, 0x000014fd0c000000| Untracked 
|3559|0x000014fd0e000000, 0x000014fd0e000000, 0x000014fd10000000|  0%| F|  |TAMS 0x000014fd0e000000, 0x000014fd0e000000| Untracked 
|3560|0x000014fd10000000, 0x000014fd10000000, 0x000014fd12000000|  0%| F|  |TAMS 0x000014fd10000000, 0x000014fd10000000| Untracked 
|3561|0x000014fd12000000, 0x000014fd12000000, 0x000014fd14000000|  0%| F|  |TAMS 0x000014fd12000000, 0x000014fd12000000| Untracked 
|3562|0x000014fd14000000, 0x000014fd14000000, 0x000014fd16000000|  0%| F|  |TAMS 0x000014fd14000000, 0x000014fd14000000| Untracked 
|3563|0x000014fd16000000, 0x000014fd16000000, 0x000014fd18000000|  0%| F|  |TAMS 0x000014fd16000000, 0x000014fd16000000| Untracked 
|3564|0x000014fd18000000, 0x000014fd18000000, 0x000014fd1a000000|  0%| F|  |TAMS 0x000014fd18000000, 0x000014fd18000000| Untracked 
|3565|0x000014fd1a000000, 0x000014fd1a000000, 0x000014fd1c000000|  0%| F|  |TAMS 0x000014fd1a000000, 0x000014fd1a000000| Untracked 
|3566|0x000014fd1c000000, 0x000014fd1c000000, 0x000014fd1e000000|  0%| F|  |TAMS 0x000014fd1c000000, 0x000014fd1c000000| Untracked 
|3567|0x000014fd1e000000, 0x000014fd1e000000, 0x000014fd20000000|  0%| F|  |TAMS 0x000014fd1e000000, 0x000014fd1e000000| Untracked 
|3568|0x000014fd20000000, 0x000014fd20000000, 0x000014fd22000000|  0%| F|  |TAMS 0x000014fd20000000, 0x000014fd20000000| Untracked 
|3569|0x000014fd22000000, 0x000014fd22000000, 0x000014fd24000000|  0%| F|  |TAMS 0x000014fd22000000, 0x000014fd22000000| Untracked 
|3570|0x000014fd24000000, 0x000014fd24000000, 0x000014fd26000000|  0%| F|  |TAMS 0x000014fd24000000, 0x000014fd24000000| Untracked 
|3571|0x000014fd26000000, 0x000014fd26000000, 0x000014fd28000000|  0%| F|  |TAMS 0x000014fd26000000, 0x000014fd26000000| Untracked 
|3572|0x000014fd28000000, 0x000014fd28000000, 0x000014fd2a000000|  0%| F|  |TAMS 0x000014fd28000000, 0x000014fd28000000| Untracked 
|3573|0x000014fd2a000000, 0x000014fd2a000000, 0x000014fd2c000000|  0%| F|  |TAMS 0x000014fd2a000000, 0x000014fd2a000000| Untracked 
|3574|0x000014fd2c000000, 0x000014fd2c000000, 0x000014fd2e000000|  0%| F|  |TAMS 0x000014fd2c000000, 0x000014fd2c000000| Untracked 
|3575|0x000014fd2e000000, 0x000014fd2e000000, 0x000014fd30000000|  0%| F|  |TAMS 0x000014fd2e000000, 0x000014fd2e000000| Untracked 
|3576|0x000014fd30000000, 0x000014fd30000000, 0x000014fd32000000|  0%| F|  |TAMS 0x000014fd30000000, 0x000014fd30000000| Untracked 
|3577|0x000014fd32000000, 0x000014fd32000000, 0x000014fd34000000|  0%| F|  |TAMS 0x000014fd32000000, 0x000014fd32000000| Untracked 
|3578|0x000014fd34000000, 0x000014fd34000000, 0x000014fd36000000|  0%| F|  |TAMS 0x000014fd34000000, 0x000014fd34000000| Untracked 
|3579|0x000014fd36000000, 0x000014fd36000000, 0x000014fd38000000|  0%| F|  |TAMS 0x000014fd36000000, 0x000014fd36000000| Untracked 
|3580|0x000014fd38000000, 0x000014fd38000000, 0x000014fd3a000000|  0%| F|  |TAMS 0x000014fd38000000, 0x000014fd38000000| Untracked 
|3581|0x000014fd3a000000, 0x000014fd3a000000, 0x000014fd3c000000|  0%| F|  |TAMS 0x000014fd3a000000, 0x000014fd3a000000| Untracked 
|3582|0x000014fd3c000000, 0x000014fd3c000000, 0x000014fd3e000000|  0%| F|  |TAMS 0x000014fd3c000000, 0x000014fd3c000000| Untracked 
|3583|0x000014fd3e000000, 0x000014fd3e000000, 0x000014fd40000000|  0%| F|  |TAMS 0x000014fd3e000000, 0x000014fd3e000000| Untracked 
|3584|0x000014fd40000000, 0x000014fd40000000, 0x000014fd42000000|  0%| F|  |TAMS 0x000014fd40000000, 0x000014fd40000000| Untracked 
|3585|0x000014fd42000000, 0x000014fd42000000, 0x000014fd44000000|  0%| F|  |TAMS 0x000014fd42000000, 0x000014fd42000000| Untracked 
|3586|0x000014fd44000000, 0x000014fd44000000, 0x000014fd46000000|  0%| F|  |TAMS 0x000014fd44000000, 0x000014fd44000000| Untracked 
|3587|0x000014fd46000000, 0x000014fd46000000, 0x000014fd48000000|  0%| F|  |TAMS 0x000014fd46000000, 0x000014fd46000000| Untracked 
|3588|0x000014fd48000000, 0x000014fd48000000, 0x000014fd4a000000|  0%| F|  |TAMS 0x000014fd48000000, 0x000014fd48000000| Untracked 
|3589|0x000014fd4a000000, 0x000014fd4a000000, 0x000014fd4c000000|  0%| F|  |TAMS 0x000014fd4a000000, 0x000014fd4a000000| Untracked 
|3590|0x000014fd4c000000, 0x000014fd4c000000, 0x000014fd4e000000|  0%| F|  |TAMS 0x000014fd4c000000, 0x000014fd4c000000| Untracked 
|3591|0x000014fd4e000000, 0x000014fd4e000000, 0x000014fd50000000|  0%| F|  |TAMS 0x000014fd4e000000, 0x000014fd4e000000| Untracked 
|3592|0x000014fd50000000, 0x000014fd50000000, 0x000014fd52000000|  0%| F|  |TAMS 0x000014fd50000000, 0x000014fd50000000| Untracked 
|3593|0x000014fd52000000, 0x000014fd52000000, 0x000014fd54000000|  0%| F|  |TAMS 0x000014fd52000000, 0x000014fd52000000| Untracked 
|3594|0x000014fd54000000, 0x000014fd54000000, 0x000014fd56000000|  0%| F|  |TAMS 0x000014fd54000000, 0x000014fd54000000| Untracked 
|3595|0x000014fd56000000, 0x000014fd56000000, 0x000014fd58000000|  0%| F|  |TAMS 0x000014fd56000000, 0x000014fd56000000| Untracked 
|3596|0x000014fd58000000, 0x000014fd58000000, 0x000014fd5a000000|  0%| F|  |TAMS 0x000014fd58000000, 0x000014fd58000000| Untracked 
|3597|0x000014fd5a000000, 0x000014fd5a000000, 0x000014fd5c000000|  0%| F|  |TAMS 0x000014fd5a000000, 0x000014fd5a000000| Untracked 
|3598|0x000014fd5c000000, 0x000014fd5c000000, 0x000014fd5e000000|  0%| F|  |TAMS 0x000014fd5c000000, 0x000014fd5c000000| Untracked 
|3599|0x000014fd5e000000, 0x000014fd5e000000, 0x000014fd60000000|  0%| F|  |TAMS 0x000014fd5e000000, 0x000014fd5e000000| Untracked 
|3600|0x000014fd60000000, 0x000014fd60000000, 0x000014fd62000000|  0%| F|  |TAMS 0x000014fd60000000, 0x000014fd60000000| Untracked 
|3601|0x000014fd62000000, 0x000014fd62000000, 0x000014fd64000000|  0%| F|  |TAMS 0x000014fd62000000, 0x000014fd62000000| Untracked 
|3602|0x000014fd64000000, 0x000014fd64000000, 0x000014fd66000000|  0%| F|  |TAMS 0x000014fd64000000, 0x000014fd64000000| Untracked 
|3603|0x000014fd66000000, 0x000014fd66000000, 0x000014fd68000000|  0%| F|  |TAMS 0x000014fd66000000, 0x000014fd66000000| Untracked 
|3604|0x000014fd68000000, 0x000014fd68000000, 0x000014fd6a000000|  0%| F|  |TAMS 0x000014fd68000000, 0x000014fd68000000| Untracked 
|3605|0x000014fd6a000000, 0x000014fd6a000000, 0x000014fd6c000000|  0%| F|  |TAMS 0x000014fd6a000000, 0x000014fd6a000000| Untracked 
|3606|0x000014fd6c000000, 0x000014fd6c000000, 0x000014fd6e000000|  0%| F|  |TAMS 0x000014fd6c000000, 0x000014fd6c000000| Untracked 
|3607|0x000014fd6e000000, 0x000014fd6e000000, 0x000014fd70000000|  0%| F|  |TAMS 0x000014fd6e000000, 0x000014fd6e000000| Untracked 
|3608|0x000014fd70000000, 0x000014fd70000000, 0x000014fd72000000|  0%| F|  |TAMS 0x000014fd70000000, 0x000014fd70000000| Untracked 
|3609|0x000014fd72000000, 0x000014fd72000000, 0x000014fd74000000|  0%| F|  |TAMS 0x000014fd72000000, 0x000014fd72000000| Untracked 
|3610|0x000014fd74000000, 0x000014fd74000000, 0x000014fd76000000|  0%| F|  |TAMS 0x000014fd74000000, 0x000014fd74000000| Untracked 
|3611|0x000014fd76000000, 0x000014fd76000000, 0x000014fd78000000|  0%| F|  |TAMS 0x000014fd76000000, 0x000014fd76000000| Untracked 
|3612|0x000014fd78000000, 0x000014fd78000000, 0x000014fd7a000000|  0%| F|  |TAMS 0x000014fd78000000, 0x000014fd78000000| Untracked 
|3613|0x000014fd7a000000, 0x000014fd7a000000, 0x000014fd7c000000|  0%| F|  |TAMS 0x000014fd7a000000, 0x000014fd7a000000| Untracked 
|3614|0x000014fd7c000000, 0x000014fd7c000000, 0x000014fd7e000000|  0%| F|  |TAMS 0x000014fd7c000000, 0x000014fd7c000000| Untracked 
|3615|0x000014fd7e000000, 0x000014fd7e000000, 0x000014fd80000000|  0%| F|  |TAMS 0x000014fd7e000000, 0x000014fd7e000000| Untracked 
|3616|0x000014fd80000000, 0x000014fd80000000, 0x000014fd82000000|  0%| F|  |TAMS 0x000014fd80000000, 0x000014fd80000000| Untracked 
|3617|0x000014fd82000000, 0x000014fd82000000, 0x000014fd84000000|  0%| F|  |TAMS 0x000014fd82000000, 0x000014fd82000000| Untracked 
|3618|0x000014fd84000000, 0x000014fd84000000, 0x000014fd86000000|  0%| F|  |TAMS 0x000014fd84000000, 0x000014fd84000000| Untracked 
|3619|0x000014fd86000000, 0x000014fd86000000, 0x000014fd88000000|  0%| F|  |TAMS 0x000014fd86000000, 0x000014fd86000000| Untracked 
|3620|0x000014fd88000000, 0x000014fd88000000, 0x000014fd8a000000|  0%| F|  |TAMS 0x000014fd88000000, 0x000014fd88000000| Untracked 
|3621|0x000014fd8a000000, 0x000014fd8a000000, 0x000014fd8c000000|  0%| F|  |TAMS 0x000014fd8a000000, 0x000014fd8a000000| Untracked 
|3622|0x000014fd8c000000, 0x000014fd8c000000, 0x000014fd8e000000|  0%| F|  |TAMS 0x000014fd8c000000, 0x000014fd8c000000| Untracked 
|3623|0x000014fd8e000000, 0x000014fd8e000000, 0x000014fd90000000|  0%| F|  |TAMS 0x000014fd8e000000, 0x000014fd8e000000| Untracked 
|3624|0x000014fd90000000, 0x000014fd90000000, 0x000014fd92000000|  0%| F|  |TAMS 0x000014fd90000000, 0x000014fd90000000| Untracked 
|3625|0x000014fd92000000, 0x000014fd92000000, 0x000014fd94000000|  0%| F|  |TAMS 0x000014fd92000000, 0x000014fd92000000| Untracked 
|3626|0x000014fd94000000, 0x000014fd94000000, 0x000014fd96000000|  0%| F|  |TAMS 0x000014fd94000000, 0x000014fd94000000| Untracked 
|3627|0x000014fd96000000, 0x000014fd96000000, 0x000014fd98000000|  0%| F|  |TAMS 0x000014fd96000000, 0x000014fd96000000| Untracked 
|3628|0x000014fd98000000, 0x000014fd98000000, 0x000014fd9a000000|  0%| F|  |TAMS 0x000014fd98000000, 0x000014fd98000000| Untracked 
|3629|0x000014fd9a000000, 0x000014fd9a000000, 0x000014fd9c000000|  0%| F|  |TAMS 0x000014fd9a000000, 0x000014fd9a000000| Untracked 
|3630|0x000014fd9c000000, 0x000014fd9c000000, 0x000014fd9e000000|  0%| F|  |TAMS 0x000014fd9c000000, 0x000014fd9c000000| Untracked 
|3631|0x000014fd9e000000, 0x000014fd9e000000, 0x000014fda0000000|  0%| F|  |TAMS 0x000014fd9e000000, 0x000014fd9e000000| Untracked 
|3632|0x000014fda0000000, 0x000014fda0000000, 0x000014fda2000000|  0%| F|  |TAMS 0x000014fda0000000, 0x000014fda0000000| Untracked 
|3633|0x000014fda2000000, 0x000014fda2000000, 0x000014fda4000000|  0%| F|  |TAMS 0x000014fda2000000, 0x000014fda2000000| Untracked 
|3634|0x000014fda4000000, 0x000014fda4000000, 0x000014fda6000000|  0%| F|  |TAMS 0x000014fda4000000, 0x000014fda4000000| Untracked 
|3635|0x000014fda6000000, 0x000014fda6000000, 0x000014fda8000000|  0%| F|  |TAMS 0x000014fda6000000, 0x000014fda6000000| Untracked 
|3636|0x000014fda8000000, 0x000014fda8000000, 0x000014fdaa000000|  0%| F|  |TAMS 0x000014fda8000000, 0x000014fda8000000| Untracked 
|3637|0x000014fdaa000000, 0x000014fdaa000000, 0x000014fdac000000|  0%| F|  |TAMS 0x000014fdaa000000, 0x000014fdaa000000| Untracked 
|3638|0x000014fdac000000, 0x000014fdac000000, 0x000014fdae000000|  0%| F|  |TAMS 0x000014fdac000000, 0x000014fdac000000| Untracked 
|3639|0x000014fdae000000, 0x000014fdae000000, 0x000014fdb0000000|  0%| F|  |TAMS 0x000014fdae000000, 0x000014fdae000000| Untracked 
|3640|0x000014fdb0000000, 0x000014fdb0000000, 0x000014fdb2000000|  0%| F|  |TAMS 0x000014fdb0000000, 0x000014fdb0000000| Untracked 
|3641|0x000014fdb2000000, 0x000014fdb2000000, 0x000014fdb4000000|  0%| F|  |TAMS 0x000014fdb2000000, 0x000014fdb2000000| Untracked 
|3642|0x000014fdb4000000, 0x000014fdb4000000, 0x000014fdb6000000|  0%| F|  |TAMS 0x000014fdb4000000, 0x000014fdb4000000| Untracked 
|3643|0x000014fdb6000000, 0x000014fdb6000000, 0x000014fdb8000000|  0%| F|  |TAMS 0x000014fdb6000000, 0x000014fdb6000000| Untracked 
|3644|0x000014fdb8000000, 0x000014fdb8000000, 0x000014fdba000000|  0%| F|  |TAMS 0x000014fdb8000000, 0x000014fdb8000000| Untracked 
|3645|0x000014fdba000000, 0x000014fdba000000, 0x000014fdbc000000|  0%| F|  |TAMS 0x000014fdba000000, 0x000014fdba000000| Untracked 
|3646|0x000014fdbc000000, 0x000014fdbc000000, 0x000014fdbe000000|  0%| F|  |TAMS 0x000014fdbc000000, 0x000014fdbc000000| Untracked 
|3647|0x000014fdbe000000, 0x000014fdbe000000, 0x000014fdc0000000|  0%| F|  |TAMS 0x000014fdbe000000, 0x000014fdbe000000| Untracked 
|3648|0x000014fdc0000000, 0x000014fdc0000000, 0x000014fdc2000000|  0%| F|  |TAMS 0x000014fdc0000000, 0x000014fdc0000000| Untracked 
|3649|0x000014fdc2000000, 0x000014fdc2000000, 0x000014fdc4000000|  0%| F|  |TAMS 0x000014fdc2000000, 0x000014fdc2000000| Untracked 
|3650|0x000014fdc4000000, 0x000014fdc4000000, 0x000014fdc6000000|  0%| F|  |TAMS 0x000014fdc4000000, 0x000014fdc4000000| Untracked 
|3651|0x000014fdc6000000, 0x000014fdc6000000, 0x000014fdc8000000|  0%| F|  |TAMS 0x000014fdc6000000, 0x000014fdc6000000| Untracked 
|3652|0x000014fdc8000000, 0x000014fdc8000000, 0x000014fdca000000|  0%| F|  |TAMS 0x000014fdc8000000, 0x000014fdc8000000| Untracked 
|3653|0x000014fdca000000, 0x000014fdca000000, 0x000014fdcc000000|  0%| F|  |TAMS 0x000014fdca000000, 0x000014fdca000000| Untracked 
|3654|0x000014fdcc000000, 0x000014fdcc000000, 0x000014fdce000000|  0%| F|  |TAMS 0x000014fdcc000000, 0x000014fdcc000000| Untracked 
|3655|0x000014fdce000000, 0x000014fdce000000, 0x000014fdd0000000|  0%| F|  |TAMS 0x000014fdce000000, 0x000014fdce000000| Untracked 
|3656|0x000014fdd0000000, 0x000014fdd0000000, 0x000014fdd2000000|  0%| F|  |TAMS 0x000014fdd0000000, 0x000014fdd0000000| Untracked 
|3657|0x000014fdd2000000, 0x000014fdd2000000, 0x000014fdd4000000|  0%| F|  |TAMS 0x000014fdd2000000, 0x000014fdd2000000| Untracked 
|3658|0x000014fdd4000000, 0x000014fdd4000000, 0x000014fdd6000000|  0%| F|  |TAMS 0x000014fdd4000000, 0x000014fdd4000000| Untracked 
|3659|0x000014fdd6000000, 0x000014fdd6000000, 0x000014fdd8000000|  0%| F|  |TAMS 0x000014fdd6000000, 0x000014fdd6000000| Untracked 
|3660|0x000014fdd8000000, 0x000014fdd8000000, 0x000014fdda000000|  0%| F|  |TAMS 0x000014fdd8000000, 0x000014fdd8000000| Untracked 
|3661|0x000014fdda000000, 0x000014fdda000000, 0x000014fddc000000|  0%| F|  |TAMS 0x000014fdda000000, 0x000014fdda000000| Untracked 
|3662|0x000014fddc000000, 0x000014fddc000000, 0x000014fdde000000|  0%| F|  |TAMS 0x000014fddc000000, 0x000014fddc000000| Untracked 
|3663|0x000014fdde000000, 0x000014fdde000000, 0x000014fde0000000|  0%| F|  |TAMS 0x000014fdde000000, 0x000014fdde000000| Untracked 
|3664|0x000014fde0000000, 0x000014fde0000000, 0x000014fde2000000|  0%| F|  |TAMS 0x000014fde0000000, 0x000014fde0000000| Untracked 
|3665|0x000014fde2000000, 0x000014fde2000000, 0x000014fde4000000|  0%| F|  |TAMS 0x000014fde2000000, 0x000014fde2000000| Untracked 
|3666|0x000014fde4000000, 0x000014fde4000000, 0x000014fde6000000|  0%| F|  |TAMS 0x000014fde4000000, 0x000014fde4000000| Untracked 
|3667|0x000014fde6000000, 0x000014fde6000000, 0x000014fde8000000|  0%| F|  |TAMS 0x000014fde6000000, 0x000014fde6000000| Untracked 
|3668|0x000014fde8000000, 0x000014fde8000000, 0x000014fdea000000|  0%| F|  |TAMS 0x000014fde8000000, 0x000014fde8000000| Untracked 
|3669|0x000014fdea000000, 0x000014fdea000000, 0x000014fdec000000|  0%| F|  |TAMS 0x000014fdea000000, 0x000014fdea000000| Untracked 
|3670|0x000014fdec000000, 0x000014fdec000000, 0x000014fdee000000|  0%| F|  |TAMS 0x000014fdec000000, 0x000014fdec000000| Untracked 
|3671|0x000014fdee000000, 0x000014fdee000000, 0x000014fdf0000000|  0%| F|  |TAMS 0x000014fdee000000, 0x000014fdee000000| Untracked 
|3672|0x000014fdf0000000, 0x000014fdf0000000, 0x000014fdf2000000|  0%| F|  |TAMS 0x000014fdf0000000, 0x000014fdf0000000| Untracked 
|3673|0x000014fdf2000000, 0x000014fdf2000000, 0x000014fdf4000000|  0%| F|  |TAMS 0x000014fdf2000000, 0x000014fdf2000000| Untracked 
|3674|0x000014fdf4000000, 0x000014fdf4000000, 0x000014fdf6000000|  0%| F|  |TAMS 0x000014fdf4000000, 0x000014fdf4000000| Untracked 
|3675|0x000014fdf6000000, 0x000014fdf6000000, 0x000014fdf8000000|  0%| F|  |TAMS 0x000014fdf6000000, 0x000014fdf6000000| Untracked 
|3676|0x000014fdf8000000, 0x000014fdf8000000, 0x000014fdfa000000|  0%| F|  |TAMS 0x000014fdf8000000, 0x000014fdf8000000| Untracked 
|3677|0x000014fdfa000000, 0x000014fdfa000000, 0x000014fdfc000000|  0%| F|  |TAMS 0x000014fdfa000000, 0x000014fdfa000000| Untracked 
|3678|0x000014fdfc000000, 0x000014fdfc000000, 0x000014fdfe000000|  0%| F|  |TAMS 0x000014fdfc000000, 0x000014fdfc000000| Untracked 
|3679|0x000014fdfe000000, 0x000014fdfe000000, 0x000014fe00000000|  0%| F|  |TAMS 0x000014fdfe000000, 0x000014fdfe000000| Untracked 
|3680|0x000014fe00000000, 0x000014fe00000000, 0x000014fe02000000|  0%| F|  |TAMS 0x000014fe00000000, 0x000014fe00000000| Untracked 
|3681|0x000014fe02000000, 0x000014fe02000000, 0x000014fe04000000|  0%| F|  |TAMS 0x000014fe02000000, 0x000014fe02000000| Untracked 
|3682|0x000014fe04000000, 0x000014fe04000000, 0x000014fe06000000|  0%| F|  |TAMS 0x000014fe04000000, 0x000014fe04000000| Untracked 
|3683|0x000014fe06000000, 0x000014fe06000000, 0x000014fe08000000|  0%| F|  |TAMS 0x000014fe06000000, 0x000014fe06000000| Untracked 
|3684|0x000014fe08000000, 0x000014fe08000000, 0x000014fe0a000000|  0%| F|  |TAMS 0x000014fe08000000, 0x000014fe08000000| Untracked 
|3685|0x000014fe0a000000, 0x000014fe0a000000, 0x000014fe0c000000|  0%| F|  |TAMS 0x000014fe0a000000, 0x000014fe0a000000| Untracked 
|3686|0x000014fe0c000000, 0x000014fe0c000000, 0x000014fe0e000000|  0%| F|  |TAMS 0x000014fe0c000000, 0x000014fe0c000000| Untracked 
|3687|0x000014fe0e000000, 0x000014fe0e000000, 0x000014fe10000000|  0%| F|  |TAMS 0x000014fe0e000000, 0x000014fe0e000000| Untracked 
|3688|0x000014fe10000000, 0x000014fe10000000, 0x000014fe12000000|  0%| F|  |TAMS 0x000014fe10000000, 0x000014fe10000000| Untracked 
|3689|0x000014fe12000000, 0x000014fe12000000, 0x000014fe14000000|  0%| F|  |TAMS 0x000014fe12000000, 0x000014fe12000000| Untracked 
|3690|0x000014fe14000000, 0x000014fe14000000, 0x000014fe16000000|  0%| F|  |TAMS 0x000014fe14000000, 0x000014fe14000000| Untracked 
|3691|0x000014fe16000000, 0x000014fe16000000, 0x000014fe18000000|  0%| F|  |TAMS 0x000014fe16000000, 0x000014fe16000000| Untracked 
|3692|0x000014fe18000000, 0x000014fe18000000, 0x000014fe1a000000|  0%| F|  |TAMS 0x000014fe18000000, 0x000014fe18000000| Untracked 
|3693|0x000014fe1a000000, 0x000014fe1a000000, 0x000014fe1c000000|  0%| F|  |TAMS 0x000014fe1a000000, 0x000014fe1a000000| Untracked 
|3694|0x000014fe1c000000, 0x000014fe1c000000, 0x000014fe1e000000|  0%| F|  |TAMS 0x000014fe1c000000, 0x000014fe1c000000| Untracked 
|3695|0x000014fe1e000000, 0x000014fe1e000000, 0x000014fe20000000|  0%| F|  |TAMS 0x000014fe1e000000, 0x000014fe1e000000| Untracked 
|3696|0x000014fe20000000, 0x000014fe20000000, 0x000014fe22000000|  0%| F|  |TAMS 0x000014fe20000000, 0x000014fe20000000| Untracked 
|3697|0x000014fe22000000, 0x000014fe22000000, 0x000014fe24000000|  0%| F|  |TAMS 0x000014fe22000000, 0x000014fe22000000| Untracked 
|3698|0x000014fe24000000, 0x000014fe24000000, 0x000014fe26000000|  0%| F|  |TAMS 0x000014fe24000000, 0x000014fe24000000| Untracked 
|3699|0x000014fe26000000, 0x000014fe26000000, 0x000014fe28000000|  0%| F|  |TAMS 0x000014fe26000000, 0x000014fe26000000| Untracked 
|3700|0x000014fe28000000, 0x000014fe28000000, 0x000014fe2a000000|  0%| F|  |TAMS 0x000014fe28000000, 0x000014fe28000000| Untracked 
|3701|0x000014fe2a000000, 0x000014fe2a000000, 0x000014fe2c000000|  0%| F|  |TAMS 0x000014fe2a000000, 0x000014fe2a000000| Untracked 
|3702|0x000014fe2c000000, 0x000014fe2c000000, 0x000014fe2e000000|  0%| F|  |TAMS 0x000014fe2c000000, 0x000014fe2c000000| Untracked 
|3703|0x000014fe2e000000, 0x000014fe2e000000, 0x000014fe30000000|  0%| F|  |TAMS 0x000014fe2e000000, 0x000014fe2e000000| Untracked 
|3704|0x000014fe30000000, 0x000014fe30000000, 0x000014fe32000000|  0%| F|  |TAMS 0x000014fe30000000, 0x000014fe30000000| Untracked 
|3705|0x000014fe32000000, 0x000014fe32000000, 0x000014fe34000000|  0%| F|  |TAMS 0x000014fe32000000, 0x000014fe32000000| Untracked 
|3706|0x000014fe34000000, 0x000014fe34000000, 0x000014fe36000000|  0%| F|  |TAMS 0x000014fe34000000, 0x000014fe34000000| Untracked 
|3707|0x000014fe36000000, 0x000014fe36000000, 0x000014fe38000000|  0%| F|  |TAMS 0x000014fe36000000, 0x000014fe36000000| Untracked 
|3708|0x000014fe38000000, 0x000014fe38000000, 0x000014fe3a000000|  0%| F|  |TAMS 0x000014fe38000000, 0x000014fe38000000| Untracked 
|3709|0x000014fe3a000000, 0x000014fe3a000000, 0x000014fe3c000000|  0%| F|  |TAMS 0x000014fe3a000000, 0x000014fe3a000000| Untracked 
|3710|0x000014fe3c000000, 0x000014fe3c000000, 0x000014fe3e000000|  0%| F|  |TAMS 0x000014fe3c000000, 0x000014fe3c000000| Untracked 
|3711|0x000014fe3e000000, 0x000014fe3e000000, 0x000014fe40000000|  0%| F|  |TAMS 0x000014fe3e000000, 0x000014fe3e000000| Untracked 
|3712|0x000014fe40000000, 0x000014fe40000000, 0x000014fe42000000|  0%| F|  |TAMS 0x000014fe40000000, 0x000014fe40000000| Untracked 
|3713|0x000014fe42000000, 0x000014fe42000000, 0x000014fe44000000|  0%| F|  |TAMS 0x000014fe42000000, 0x000014fe42000000| Untracked 
|3714|0x000014fe44000000, 0x000014fe44000000, 0x000014fe46000000|  0%| F|  |TAMS 0x000014fe44000000, 0x000014fe44000000| Untracked 
|3715|0x000014fe46000000, 0x000014fe46000000, 0x000014fe48000000|  0%| F|  |TAMS 0x000014fe46000000, 0x000014fe46000000| Untracked 
|3716|0x000014fe48000000, 0x000014fe48000000, 0x000014fe4a000000|  0%| F|  |TAMS 0x000014fe48000000, 0x000014fe48000000| Untracked 
|3717|0x000014fe4a000000, 0x000014fe4a000000, 0x000014fe4c000000|  0%| F|  |TAMS 0x000014fe4a000000, 0x000014fe4a000000| Untracked 
|3718|0x000014fe4c000000, 0x000014fe4c000000, 0x000014fe4e000000|  0%| F|  |TAMS 0x000014fe4c000000, 0x000014fe4c000000| Untracked 
|3719|0x000014fe4e000000, 0x000014fe4e000000, 0x000014fe50000000|  0%| F|  |TAMS 0x000014fe4e000000, 0x000014fe4e000000| Untracked 
|3720|0x000014fe50000000, 0x000014fe50000000, 0x000014fe52000000|  0%| F|  |TAMS 0x000014fe50000000, 0x000014fe50000000| Untracked 
|3721|0x000014fe52000000, 0x000014fe52000000, 0x000014fe54000000|  0%| F|  |TAMS 0x000014fe52000000, 0x000014fe52000000| Untracked 
|3722|0x000014fe54000000, 0x000014fe54000000, 0x000014fe56000000|  0%| F|  |TAMS 0x000014fe54000000, 0x000014fe54000000| Untracked 
|3723|0x000014fe56000000, 0x000014fe56000000, 0x000014fe58000000|  0%| F|  |TAMS 0x000014fe56000000, 0x000014fe56000000| Untracked 
|3724|0x000014fe58000000, 0x000014fe58000000, 0x000014fe5a000000|  0%| F|  |TAMS 0x000014fe58000000, 0x000014fe58000000| Untracked 
|3725|0x000014fe5a000000, 0x000014fe5a000000, 0x000014fe5c000000|  0%| F|  |TAMS 0x000014fe5a000000, 0x000014fe5a000000| Untracked 
|3726|0x000014fe5c000000, 0x000014fe5c000000, 0x000014fe5e000000|  0%| F|  |TAMS 0x000014fe5c000000, 0x000014fe5c000000| Untracked 
|3727|0x000014fe5e000000, 0x000014fe5e000000, 0x000014fe60000000|  0%| F|  |TAMS 0x000014fe5e000000, 0x000014fe5e000000| Untracked 
|3728|0x000014fe60000000, 0x000014fe60000000, 0x000014fe62000000|  0%| F|  |TAMS 0x000014fe60000000, 0x000014fe60000000| Untracked 
|3729|0x000014fe62000000, 0x000014fe62000000, 0x000014fe64000000|  0%| F|  |TAMS 0x000014fe62000000, 0x000014fe62000000| Untracked 
|3730|0x000014fe64000000, 0x000014fe64000000, 0x000014fe66000000|  0%| F|  |TAMS 0x000014fe64000000, 0x000014fe64000000| Untracked 
|3731|0x000014fe66000000, 0x000014fe66000000, 0x000014fe68000000|  0%| F|  |TAMS 0x000014fe66000000, 0x000014fe66000000| Untracked 
|3732|0x000014fe68000000, 0x000014fe68000000, 0x000014fe6a000000|  0%| F|  |TAMS 0x000014fe68000000, 0x000014fe68000000| Untracked 
|3733|0x000014fe6a000000, 0x000014fe6a000000, 0x000014fe6c000000|  0%| F|  |TAMS 0x000014fe6a000000, 0x000014fe6a000000| Untracked 
|3734|0x000014fe6c000000, 0x000014fe6c000000, 0x000014fe6e000000|  0%| F|  |TAMS 0x000014fe6c000000, 0x000014fe6c000000| Untracked 
|3735|0x000014fe6e000000, 0x000014fe6e000000, 0x000014fe70000000|  0%| F|  |TAMS 0x000014fe6e000000, 0x000014fe6e000000| Untracked 
|3736|0x000014fe70000000, 0x000014fe70000000, 0x000014fe72000000|  0%| F|  |TAMS 0x000014fe70000000, 0x000014fe70000000| Untracked 
|3737|0x000014fe72000000, 0x000014fe72000000, 0x000014fe74000000|  0%| F|  |TAMS 0x000014fe72000000, 0x000014fe72000000| Untracked 
|3738|0x000014fe74000000, 0x000014fe74000000, 0x000014fe76000000|  0%| F|  |TAMS 0x000014fe74000000, 0x000014fe74000000| Untracked 
|3739|0x000014fe76000000, 0x000014fe76000000, 0x000014fe78000000|  0%| F|  |TAMS 0x000014fe76000000, 0x000014fe76000000| Untracked 
|3740|0x000014fe78000000, 0x000014fe78000000, 0x000014fe7a000000|  0%| F|  |TAMS 0x000014fe78000000, 0x000014fe78000000| Untracked 
|3741|0x000014fe7a000000, 0x000014fe7a000000, 0x000014fe7c000000|  0%| F|  |TAMS 0x000014fe7a000000, 0x000014fe7a000000| Untracked 
|3742|0x000014fe7c000000, 0x000014fe7c000000, 0x000014fe7e000000|  0%| F|  |TAMS 0x000014fe7c000000, 0x000014fe7c000000| Untracked 
|3743|0x000014fe7e000000, 0x000014fe7e000000, 0x000014fe80000000|  0%| F|  |TAMS 0x000014fe7e000000, 0x000014fe7e000000| Untracked 
|3744|0x000014fe80000000, 0x000014fe80000000, 0x000014fe82000000|  0%| F|  |TAMS 0x000014fe80000000, 0x000014fe80000000| Untracked 
|3745|0x000014fe82000000, 0x000014fe82000000, 0x000014fe84000000|  0%| F|  |TAMS 0x000014fe82000000, 0x000014fe82000000| Untracked 
|3746|0x000014fe84000000, 0x000014fe84000000, 0x000014fe86000000|  0%| F|  |TAMS 0x000014fe84000000, 0x000014fe84000000| Untracked 
|3747|0x000014fe86000000, 0x000014fe86000000, 0x000014fe88000000|  0%| F|  |TAMS 0x000014fe86000000, 0x000014fe86000000| Untracked 
|3748|0x000014fe88000000, 0x000014fe88000000, 0x000014fe8a000000|  0%| F|  |TAMS 0x000014fe88000000, 0x000014fe88000000| Untracked 
|3749|0x000014fe8a000000, 0x000014fe8a000000, 0x000014fe8c000000|  0%| F|  |TAMS 0x000014fe8a000000, 0x000014fe8a000000| Untracked 
|3750|0x000014fe8c000000, 0x000014fe8c000000, 0x000014fe8e000000|  0%| F|  |TAMS 0x000014fe8c000000, 0x000014fe8c000000| Untracked 
|3751|0x000014fe8e000000, 0x000014fe8e000000, 0x000014fe90000000|  0%| F|  |TAMS 0x000014fe8e000000, 0x000014fe8e000000| Untracked 
|3752|0x000014fe90000000, 0x000014fe90000000, 0x000014fe92000000|  0%| F|  |TAMS 0x000014fe90000000, 0x000014fe90000000| Untracked 
|3753|0x000014fe92000000, 0x000014fe92000000, 0x000014fe94000000|  0%| F|  |TAMS 0x000014fe92000000, 0x000014fe92000000| Untracked 
|3754|0x000014fe94000000, 0x000014fe94000000, 0x000014fe96000000|  0%| F|  |TAMS 0x000014fe94000000, 0x000014fe94000000| Untracked 
|3755|0x000014fe96000000, 0x000014fe96000000, 0x000014fe98000000|  0%| F|  |TAMS 0x000014fe96000000, 0x000014fe96000000| Untracked 
|3756|0x000014fe98000000, 0x000014fe98000000, 0x000014fe9a000000|  0%| F|  |TAMS 0x000014fe98000000, 0x000014fe98000000| Untracked 
|3757|0x000014fe9a000000, 0x000014fe9a000000, 0x000014fe9c000000|  0%| F|  |TAMS 0x000014fe9a000000, 0x000014fe9a000000| Untracked 
|3758|0x000014fe9c000000, 0x000014fe9c000000, 0x000014fe9e000000|  0%| F|  |TAMS 0x000014fe9c000000, 0x000014fe9c000000| Untracked 
|3759|0x000014fe9e000000, 0x000014fe9e000000, 0x000014fea0000000|  0%| F|  |TAMS 0x000014fe9e000000, 0x000014fe9e000000| Untracked 
|3760|0x000014fea0000000, 0x000014fea0000000, 0x000014fea2000000|  0%| F|  |TAMS 0x000014fea0000000, 0x000014fea0000000| Untracked 
|3761|0x000014fea2000000, 0x000014fea2000000, 0x000014fea4000000|  0%| F|  |TAMS 0x000014fea2000000, 0x000014fea2000000| Untracked 
|3762|0x000014fea4000000, 0x000014fea4000000, 0x000014fea6000000|  0%| F|  |TAMS 0x000014fea4000000, 0x000014fea4000000| Untracked 
|3763|0x000014fea6000000, 0x000014fea6000000, 0x000014fea8000000|  0%| F|  |TAMS 0x000014fea6000000, 0x000014fea6000000| Untracked 
|3764|0x000014fea8000000, 0x000014fea8000000, 0x000014feaa000000|  0%| F|  |TAMS 0x000014fea8000000, 0x000014fea8000000| Untracked 
|3765|0x000014feaa000000, 0x000014feaa000000, 0x000014feac000000|  0%| F|  |TAMS 0x000014feaa000000, 0x000014feaa000000| Untracked 
|3766|0x000014feac000000, 0x000014feac000000, 0x000014feae000000|  0%| F|  |TAMS 0x000014feac000000, 0x000014feac000000| Untracked 
|3767|0x000014feae000000, 0x000014feae000000, 0x000014feb0000000|  0%| F|  |TAMS 0x000014feae000000, 0x000014feae000000| Untracked 
|3768|0x000014feb0000000, 0x000014feb0000000, 0x000014feb2000000|  0%| F|  |TAMS 0x000014feb0000000, 0x000014feb0000000| Untracked 
|3769|0x000014feb2000000, 0x000014feb2000000, 0x000014feb4000000|  0%| F|  |TAMS 0x000014feb2000000, 0x000014feb2000000| Untracked 
|3770|0x000014feb4000000, 0x000014feb4000000, 0x000014feb6000000|  0%| F|  |TAMS 0x000014feb4000000, 0x000014feb4000000| Untracked 
|3771|0x000014feb6000000, 0x000014feb6000000, 0x000014feb8000000|  0%| F|  |TAMS 0x000014feb6000000, 0x000014feb6000000| Untracked 
|3772|0x000014feb8000000, 0x000014feb8000000, 0x000014feba000000|  0%| F|  |TAMS 0x000014feb8000000, 0x000014feb8000000| Untracked 
|3773|0x000014feba000000, 0x000014feba000000, 0x000014febc000000|  0%| F|  |TAMS 0x000014feba000000, 0x000014feba000000| Untracked 
|3774|0x000014febc000000, 0x000014febc000000, 0x000014febe000000|  0%| F|  |TAMS 0x000014febc000000, 0x000014febc000000| Untracked 
|3775|0x000014febe000000, 0x000014febe000000, 0x000014fec0000000|  0%| F|  |TAMS 0x000014febe000000, 0x000014febe000000| Untracked 
|3776|0x000014fec0000000, 0x000014fec0000000, 0x000014fec2000000|  0%| F|  |TAMS 0x000014fec0000000, 0x000014fec0000000| Untracked 
|3777|0x000014fec2000000, 0x000014fec2000000, 0x000014fec4000000|  0%| F|  |TAMS 0x000014fec2000000, 0x000014fec2000000| Untracked 
|3778|0x000014fec4000000, 0x000014fec4000000, 0x000014fec6000000|  0%| F|  |TAMS 0x000014fec4000000, 0x000014fec4000000| Untracked 
|3779|0x000014fec6000000, 0x000014fec6000000, 0x000014fec8000000|  0%| F|  |TAMS 0x000014fec6000000, 0x000014fec6000000| Untracked 
|3780|0x000014fec8000000, 0x000014fec8000000, 0x000014feca000000|  0%| F|  |TAMS 0x000014fec8000000, 0x000014fec8000000| Untracked 
|3781|0x000014feca000000, 0x000014feca000000, 0x000014fecc000000|  0%| F|  |TAMS 0x000014feca000000, 0x000014feca000000| Untracked 
|3782|0x000014fecc000000, 0x000014fecc000000, 0x000014fece000000|  0%| F|  |TAMS 0x000014fecc000000, 0x000014fecc000000| Untracked 
|3783|0x000014fece000000, 0x000014fece000000, 0x000014fed0000000|  0%| F|  |TAMS 0x000014fece000000, 0x000014fece000000| Untracked 
|3784|0x000014fed0000000, 0x000014fed0000000, 0x000014fed2000000|  0%| F|  |TAMS 0x000014fed0000000, 0x000014fed0000000| Untracked 
|3785|0x000014fed2000000, 0x000014fed2000000, 0x000014fed4000000|  0%| F|  |TAMS 0x000014fed2000000, 0x000014fed2000000| Untracked 
|3786|0x000014fed4000000, 0x000014fed4000000, 0x000014fed6000000|  0%| F|  |TAMS 0x000014fed4000000, 0x000014fed4000000| Untracked 
|3787|0x000014fed6000000, 0x000014fed6000000, 0x000014fed8000000|  0%| F|  |TAMS 0x000014fed6000000, 0x000014fed6000000| Untracked 
|3788|0x000014fed8000000, 0x000014fed8000000, 0x000014feda000000|  0%| F|  |TAMS 0x000014fed8000000, 0x000014fed8000000| Untracked 
|3789|0x000014feda000000, 0x000014feda000000, 0x000014fedc000000|  0%| F|  |TAMS 0x000014feda000000, 0x000014feda000000| Untracked 
|3790|0x000014fedc000000, 0x000014fedc000000, 0x000014fede000000|  0%| F|  |TAMS 0x000014fedc000000, 0x000014fedc000000| Untracked 
|3791|0x000014fede000000, 0x000014fede000000, 0x000014fee0000000|  0%| F|  |TAMS 0x000014fede000000, 0x000014fede000000| Untracked 
|3792|0x000014fee0000000, 0x000014fee0000000, 0x000014fee2000000|  0%| F|  |TAMS 0x000014fee0000000, 0x000014fee0000000| Untracked 
|3793|0x000014fee2000000, 0x000014fee2000000, 0x000014fee4000000|  0%| F|  |TAMS 0x000014fee2000000, 0x000014fee2000000| Untracked 
|3794|0x000014fee4000000, 0x000014fee4000000, 0x000014fee6000000|  0%| F|  |TAMS 0x000014fee4000000, 0x000014fee4000000| Untracked 
|3795|0x000014fee6000000, 0x000014fee6000000, 0x000014fee8000000|  0%| F|  |TAMS 0x000014fee6000000, 0x000014fee6000000| Untracked 
|3796|0x000014fee8000000, 0x000014fee8000000, 0x000014feea000000|  0%| F|  |TAMS 0x000014fee8000000, 0x000014fee8000000| Untracked 
|3797|0x000014feea000000, 0x000014feea000000, 0x000014feec000000|  0%| F|  |TAMS 0x000014feea000000, 0x000014feea000000| Untracked 
|3798|0x000014feec000000, 0x000014feec000000, 0x000014feee000000|  0%| F|  |TAMS 0x000014feec000000, 0x000014feec000000| Untracked 
|3799|0x000014feee000000, 0x000014feee000000, 0x000014fef0000000|  0%| F|  |TAMS 0x000014feee000000, 0x000014feee000000| Untracked 
|3800|0x000014fef0000000, 0x000014fef0000000, 0x000014fef2000000|  0%| F|  |TAMS 0x000014fef0000000, 0x000014fef0000000| Untracked 
|3801|0x000014fef2000000, 0x000014fef2000000, 0x000014fef4000000|  0%| F|  |TAMS 0x000014fef2000000, 0x000014fef2000000| Untracked 
|3802|0x000014fef4000000, 0x000014fef4000000, 0x000014fef6000000|  0%| F|  |TAMS 0x000014fef4000000, 0x000014fef4000000| Untracked 
|3803|0x000014fef6000000, 0x000014fef6000000, 0x000014fef8000000|  0%| F|  |TAMS 0x000014fef6000000, 0x000014fef6000000| Untracked 
|3804|0x000014fef8000000, 0x000014fef8000000, 0x000014fefa000000|  0%| F|  |TAMS 0x000014fef8000000, 0x000014fef8000000| Untracked 
|3805|0x000014fefa000000, 0x000014fefa000000, 0x000014fefc000000|  0%| F|  |TAMS 0x000014fefa000000, 0x000014fefa000000| Untracked 
|3806|0x000014fefc000000, 0x000014fefc000000, 0x000014fefe000000|  0%| F|  |TAMS 0x000014fefc000000, 0x000014fefc000000| Untracked 
|3807|0x000014fefe000000, 0x000014fefe000000, 0x000014ff00000000|  0%| F|  |TAMS 0x000014fefe000000, 0x000014fefe000000| Untracked 
|3808|0x000014ff00000000, 0x000014ff00000000, 0x000014ff02000000|  0%| F|  |TAMS 0x000014ff00000000, 0x000014ff00000000| Untracked 
|3809|0x000014ff02000000, 0x000014ff02000000, 0x000014ff04000000|  0%| F|  |TAMS 0x000014ff02000000, 0x000014ff02000000| Untracked 
|3810|0x000014ff04000000, 0x000014ff04000000, 0x000014ff06000000|  0%| F|  |TAMS 0x000014ff04000000, 0x000014ff04000000| Untracked 
|3811|0x000014ff06000000, 0x000014ff06000000, 0x000014ff08000000|  0%| F|  |TAMS 0x000014ff06000000, 0x000014ff06000000| Untracked 
|3812|0x000014ff08000000, 0x000014ff08000000, 0x000014ff0a000000|  0%| F|  |TAMS 0x000014ff08000000, 0x000014ff08000000| Untracked 
|3813|0x000014ff0a000000, 0x000014ff0a000000, 0x000014ff0c000000|  0%| F|  |TAMS 0x000014ff0a000000, 0x000014ff0a000000| Untracked 
|3814|0x000014ff0c000000, 0x000014ff0c000000, 0x000014ff0e000000|  0%| F|  |TAMS 0x000014ff0c000000, 0x000014ff0c000000| Untracked 
|3815|0x000014ff0e000000, 0x000014ff0e000000, 0x000014ff10000000|  0%| F|  |TAMS 0x000014ff0e000000, 0x000014ff0e000000| Untracked 
|3816|0x000014ff10000000, 0x000014ff10000000, 0x000014ff12000000|  0%| F|  |TAMS 0x000014ff10000000, 0x000014ff10000000| Untracked 
|3817|0x000014ff12000000, 0x000014ff12000000, 0x000014ff14000000|  0%| F|  |TAMS 0x000014ff12000000, 0x000014ff12000000| Untracked 
|3818|0x000014ff14000000, 0x000014ff14000000, 0x000014ff16000000|  0%| F|  |TAMS 0x000014ff14000000, 0x000014ff14000000| Untracked 
|3819|0x000014ff16000000, 0x000014ff16000000, 0x000014ff18000000|  0%| F|  |TAMS 0x000014ff16000000, 0x000014ff16000000| Untracked 
|3820|0x000014ff18000000, 0x000014ff18000000, 0x000014ff1a000000|  0%| F|  |TAMS 0x000014ff18000000, 0x000014ff18000000| Untracked 
|3821|0x000014ff1a000000, 0x000014ff1a000000, 0x000014ff1c000000|  0%| F|  |TAMS 0x000014ff1a000000, 0x000014ff1a000000| Untracked 
|3822|0x000014ff1c000000, 0x000014ff1c000000, 0x000014ff1e000000|  0%| F|  |TAMS 0x000014ff1c000000, 0x000014ff1c000000| Untracked 
|3823|0x000014ff1e000000, 0x000014ff1e000000, 0x000014ff20000000|  0%| F|  |TAMS 0x000014ff1e000000, 0x000014ff1e000000| Untracked 
|3824|0x000014ff20000000, 0x000014ff20000000, 0x000014ff22000000|  0%| F|  |TAMS 0x000014ff20000000, 0x000014ff20000000| Untracked 
|3825|0x000014ff22000000, 0x000014ff22000000, 0x000014ff24000000|  0%| F|  |TAMS 0x000014ff22000000, 0x000014ff22000000| Untracked 
|3826|0x000014ff24000000, 0x000014ff24000000, 0x000014ff26000000|  0%| F|  |TAMS 0x000014ff24000000, 0x000014ff24000000| Untracked 
|3827|0x000014ff26000000, 0x000014ff26000000, 0x000014ff28000000|  0%| F|  |TAMS 0x000014ff26000000, 0x000014ff26000000| Untracked 
|3828|0x000014ff28000000, 0x000014ff28000000, 0x000014ff2a000000|  0%| F|  |TAMS 0x000014ff28000000, 0x000014ff28000000| Untracked 
|3829|0x000014ff2a000000, 0x000014ff2a000000, 0x000014ff2c000000|  0%| F|  |TAMS 0x000014ff2a000000, 0x000014ff2a000000| Untracked 
|3830|0x000014ff2c000000, 0x000014ff2c000000, 0x000014ff2e000000|  0%| F|  |TAMS 0x000014ff2c000000, 0x000014ff2c000000| Untracked 
|3831|0x000014ff2e000000, 0x000014ff2e000000, 0x000014ff30000000|  0%| F|  |TAMS 0x000014ff2e000000, 0x000014ff2e000000| Untracked 
|3832|0x000014ff30000000, 0x000014ff30000000, 0x000014ff32000000|  0%| F|  |TAMS 0x000014ff30000000, 0x000014ff30000000| Untracked 
|3833|0x000014ff32000000, 0x000014ff32000000, 0x000014ff34000000|  0%| F|  |TAMS 0x000014ff32000000, 0x000014ff32000000| Untracked 
|3834|0x000014ff34000000, 0x000014ff34000000, 0x000014ff36000000|  0%| F|  |TAMS 0x000014ff34000000, 0x000014ff34000000| Untracked 
|3835|0x000014ff36000000, 0x000014ff36000000, 0x000014ff38000000|  0%| F|  |TAMS 0x000014ff36000000, 0x000014ff36000000| Untracked 
|3836|0x000014ff38000000, 0x000014ff38000000, 0x000014ff3a000000|  0%| F|  |TAMS 0x000014ff38000000, 0x000014ff38000000| Untracked 
|3837|0x000014ff3a000000, 0x000014ff3a000000, 0x000014ff3c000000|  0%| F|  |TAMS 0x000014ff3a000000, 0x000014ff3a000000| Untracked 
|3838|0x000014ff3c000000, 0x000014ff3c000000, 0x000014ff3e000000|  0%| F|  |TAMS 0x000014ff3c000000, 0x000014ff3c000000| Untracked 
|3839|0x000014ff3e000000, 0x000014ff3e000000, 0x000014ff40000000|  0%| F|  |TAMS 0x000014ff3e000000, 0x000014ff3e000000| Untracked 
|3840|0x000014ff40000000, 0x000014ff40000000, 0x000014ff42000000|  0%| F|  |TAMS 0x000014ff40000000, 0x000014ff40000000| Untracked 
|3841|0x000014ff42000000, 0x000014ff42000000, 0x000014ff44000000|  0%| F|  |TAMS 0x000014ff42000000, 0x000014ff42000000| Untracked 
|3842|0x000014ff44000000, 0x000014ff44000000, 0x000014ff46000000|  0%| F|  |TAMS 0x000014ff44000000, 0x000014ff44000000| Untracked 
|3843|0x000014ff46000000, 0x000014ff46000000, 0x000014ff48000000|  0%| F|  |TAMS 0x000014ff46000000, 0x000014ff46000000| Untracked 
|3844|0x000014ff48000000, 0x000014ff48000000, 0x000014ff4a000000|  0%| F|  |TAMS 0x000014ff48000000, 0x000014ff48000000| Untracked 
|3845|0x000014ff4a000000, 0x000014ff4a000000, 0x000014ff4c000000|  0%| F|  |TAMS 0x000014ff4a000000, 0x000014ff4a000000| Untracked 
|3846|0x000014ff4c000000, 0x000014ff4c000000, 0x000014ff4e000000|  0%| F|  |TAMS 0x000014ff4c000000, 0x000014ff4c000000| Untracked 
|3847|0x000014ff4e000000, 0x000014ff4e000000, 0x000014ff50000000|  0%| F|  |TAMS 0x000014ff4e000000, 0x000014ff4e000000| Untracked 
|3848|0x000014ff50000000, 0x000014ff50000000, 0x000014ff52000000|  0%| F|  |TAMS 0x000014ff50000000, 0x000014ff50000000| Untracked 
|3849|0x000014ff52000000, 0x000014ff52000000, 0x000014ff54000000|  0%| F|  |TAMS 0x000014ff52000000, 0x000014ff52000000| Untracked 
|3850|0x000014ff54000000, 0x000014ff54000000, 0x000014ff56000000|  0%| F|  |TAMS 0x000014ff54000000, 0x000014ff54000000| Untracked 
|3851|0x000014ff56000000, 0x000014ff56000000, 0x000014ff58000000|  0%| F|  |TAMS 0x000014ff56000000, 0x000014ff56000000| Untracked 
|3852|0x000014ff58000000, 0x000014ff58000000, 0x000014ff5a000000|  0%| F|  |TAMS 0x000014ff58000000, 0x000014ff58000000| Untracked 
|3853|0x000014ff5a000000, 0x000014ff5a000000, 0x000014ff5c000000|  0%| F|  |TAMS 0x000014ff5a000000, 0x000014ff5a000000| Untracked 
|3854|0x000014ff5c000000, 0x000014ff5c000000, 0x000014ff5e000000|  0%| F|  |TAMS 0x000014ff5c000000, 0x000014ff5c000000| Untracked 
|3855|0x000014ff5e000000, 0x000014ff5e000000, 0x000014ff60000000|  0%| F|  |TAMS 0x000014ff5e000000, 0x000014ff5e000000| Untracked 
|3856|0x000014ff60000000, 0x000014ff60000000, 0x000014ff62000000|  0%| F|  |TAMS 0x000014ff60000000, 0x000014ff60000000| Untracked 
|3857|0x000014ff62000000, 0x000014ff62000000, 0x000014ff64000000|  0%| F|  |TAMS 0x000014ff62000000, 0x000014ff62000000| Untracked 
|3858|0x000014ff64000000, 0x000014ff64000000, 0x000014ff66000000|  0%| F|  |TAMS 0x000014ff64000000, 0x000014ff64000000| Untracked 
|3859|0x000014ff66000000, 0x000014ff66000000, 0x000014ff68000000|  0%| F|  |TAMS 0x000014ff66000000, 0x000014ff66000000| Untracked 
|3860|0x000014ff68000000, 0x000014ff68000000, 0x000014ff6a000000|  0%| F|  |TAMS 0x000014ff68000000, 0x000014ff68000000| Untracked 
|3861|0x000014ff6a000000, 0x000014ff6a000000, 0x000014ff6c000000|  0%| F|  |TAMS 0x000014ff6a000000, 0x000014ff6a000000| Untracked 
|3862|0x000014ff6c000000, 0x000014ff6c000000, 0x000014ff6e000000|  0%| F|  |TAMS 0x000014ff6c000000, 0x000014ff6c000000| Untracked 
|3863|0x000014ff6e000000, 0x000014ff6e000000, 0x000014ff70000000|  0%| F|  |TAMS 0x000014ff6e000000, 0x000014ff6e000000| Untracked 
|3864|0x000014ff70000000, 0x000014ff70000000, 0x000014ff72000000|  0%| F|  |TAMS 0x000014ff70000000, 0x000014ff70000000| Untracked 
|3865|0x000014ff72000000, 0x000014ff72000000, 0x000014ff74000000|  0%| F|  |TAMS 0x000014ff72000000, 0x000014ff72000000| Untracked 
|3866|0x000014ff74000000, 0x000014ff74000000, 0x000014ff76000000|  0%| F|  |TAMS 0x000014ff74000000, 0x000014ff74000000| Untracked 
|3867|0x000014ff76000000, 0x000014ff76000000, 0x000014ff78000000|  0%| F|  |TAMS 0x000014ff76000000, 0x000014ff76000000| Untracked 
|3868|0x000014ff78000000, 0x000014ff78000000, 0x000014ff7a000000|  0%| F|  |TAMS 0x000014ff78000000, 0x000014ff78000000| Untracked 
|3869|0x000014ff7a000000, 0x000014ff7a000000, 0x000014ff7c000000|  0%| F|  |TAMS 0x000014ff7a000000, 0x000014ff7a000000| Untracked 
|3870|0x000014ff7c000000, 0x000014ff7c000000, 0x000014ff7e000000|  0%| F|  |TAMS 0x000014ff7c000000, 0x000014ff7c000000| Untracked 
|3871|0x000014ff7e000000, 0x000014ff7e000000, 0x000014ff80000000|  0%| F|  |TAMS 0x000014ff7e000000, 0x000014ff7e000000| Untracked 
|3872|0x000014ff80000000, 0x000014ff80000000, 0x000014ff82000000|  0%| F|  |TAMS 0x000014ff80000000, 0x000014ff80000000| Untracked 
|3873|0x000014ff82000000, 0x000014ff82000000, 0x000014ff84000000|  0%| F|  |TAMS 0x000014ff82000000, 0x000014ff82000000| Untracked 
|3874|0x000014ff84000000, 0x000014ff84000000, 0x000014ff86000000|  0%| F|  |TAMS 0x000014ff84000000, 0x000014ff84000000| Untracked 
|3875|0x000014ff86000000, 0x000014ff86000000, 0x000014ff88000000|  0%| F|  |TAMS 0x000014ff86000000, 0x000014ff86000000| Untracked 
|3876|0x000014ff88000000, 0x000014ff88000000, 0x000014ff8a000000|  0%| F|  |TAMS 0x000014ff88000000, 0x000014ff88000000| Untracked 
|3877|0x000014ff8a000000, 0x000014ff8a000000, 0x000014ff8c000000|  0%| F|  |TAMS 0x000014ff8a000000, 0x000014ff8a000000| Untracked 
|3878|0x000014ff8c000000, 0x000014ff8c000000, 0x000014ff8e000000|  0%| F|  |TAMS 0x000014ff8c000000, 0x000014ff8c000000| Untracked 
|3879|0x000014ff8e000000, 0x000014ff8e000000, 0x000014ff90000000|  0%| F|  |TAMS 0x000014ff8e000000, 0x000014ff8e000000| Untracked 
|3880|0x000014ff90000000, 0x000014ff90000000, 0x000014ff92000000|  0%| F|  |TAMS 0x000014ff90000000, 0x000014ff90000000| Untracked 
|3881|0x000014ff92000000, 0x000014ff92000000, 0x000014ff94000000|  0%| F|  |TAMS 0x000014ff92000000, 0x000014ff92000000| Untracked 
|3882|0x000014ff94000000, 0x000014ff94000000, 0x000014ff96000000|  0%| F|  |TAMS 0x000014ff94000000, 0x000014ff94000000| Untracked 
|3883|0x000014ff96000000, 0x000014ff96000000, 0x000014ff98000000|  0%| F|  |TAMS 0x000014ff96000000, 0x000014ff96000000| Untracked 
|3884|0x000014ff98000000, 0x000014ff98000000, 0x000014ff9a000000|  0%| F|  |TAMS 0x000014ff98000000, 0x000014ff98000000| Untracked 
|3885|0x000014ff9a000000, 0x000014ff9a000000, 0x000014ff9c000000|  0%| F|  |TAMS 0x000014ff9a000000, 0x000014ff9a000000| Untracked 
|3886|0x000014ff9c000000, 0x000014ff9c000000, 0x000014ff9e000000|  0%| F|  |TAMS 0x000014ff9c000000, 0x000014ff9c000000| Untracked 
|3887|0x000014ff9e000000, 0x000014ff9e000000, 0x000014ffa0000000|  0%| F|  |TAMS 0x000014ff9e000000, 0x000014ff9e000000| Untracked 
|3888|0x000014ffa0000000, 0x000014ffa0000000, 0x000014ffa2000000|  0%| F|  |TAMS 0x000014ffa0000000, 0x000014ffa0000000| Untracked 
|3889|0x000014ffa2000000, 0x000014ffa2000000, 0x000014ffa4000000|  0%| F|  |TAMS 0x000014ffa2000000, 0x000014ffa2000000| Untracked 
|3890|0x000014ffa4000000, 0x000014ffa4000000, 0x000014ffa6000000|  0%| F|  |TAMS 0x000014ffa4000000, 0x000014ffa4000000| Untracked 
|3891|0x000014ffa6000000, 0x000014ffa6000000, 0x000014ffa8000000|  0%| F|  |TAMS 0x000014ffa6000000, 0x000014ffa6000000| Untracked 
|3892|0x000014ffa8000000, 0x000014ffa8000000, 0x000014ffaa000000|  0%| F|  |TAMS 0x000014ffa8000000, 0x000014ffa8000000| Untracked 
|3893|0x000014ffaa000000, 0x000014ffaa000000, 0x000014ffac000000|  0%| F|  |TAMS 0x000014ffaa000000, 0x000014ffaa000000| Untracked 
|3894|0x000014ffac000000, 0x000014ffac000000, 0x000014ffae000000|  0%| F|  |TAMS 0x000014ffac000000, 0x000014ffac000000| Untracked 
|3895|0x000014ffae000000, 0x000014ffae000000, 0x000014ffb0000000|  0%| F|  |TAMS 0x000014ffae000000, 0x000014ffae000000| Untracked 
|3896|0x000014ffb0000000, 0x000014ffb0000000, 0x000014ffb2000000|  0%| F|  |TAMS 0x000014ffb0000000, 0x000014ffb0000000| Untracked 
|3897|0x000014ffb2000000, 0x000014ffb2000000, 0x000014ffb4000000|  0%| F|  |TAMS 0x000014ffb2000000, 0x000014ffb2000000| Untracked 
|3898|0x000014ffb4000000, 0x000014ffb4000000, 0x000014ffb6000000|  0%| F|  |TAMS 0x000014ffb4000000, 0x000014ffb4000000| Untracked 
|3899|0x000014ffb6000000, 0x000014ffb6000000, 0x000014ffb8000000|  0%| F|  |TAMS 0x000014ffb6000000, 0x000014ffb6000000| Untracked 
|3900|0x000014ffb8000000, 0x000014ffb8000000, 0x000014ffba000000|  0%| F|  |TAMS 0x000014ffb8000000, 0x000014ffb8000000| Untracked 
|3901|0x000014ffba000000, 0x000014ffba000000, 0x000014ffbc000000|  0%| F|  |TAMS 0x000014ffba000000, 0x000014ffba000000| Untracked 
|3902|0x000014ffbc000000, 0x000014ffbc000000, 0x000014ffbe000000|  0%| F|  |TAMS 0x000014ffbc000000, 0x000014ffbc000000| Untracked 
|3903|0x000014ffbe000000, 0x000014ffbe000000, 0x000014ffc0000000|  0%| F|  |TAMS 0x000014ffbe000000, 0x000014ffbe000000| Untracked 
|3904|0x000014ffc0000000, 0x000014ffc0000000, 0x000014ffc2000000|  0%| F|  |TAMS 0x000014ffc0000000, 0x000014ffc0000000| Untracked 
|3905|0x000014ffc2000000, 0x000014ffc2000000, 0x000014ffc4000000|  0%| F|  |TAMS 0x000014ffc2000000, 0x000014ffc2000000| Untracked 
|3906|0x000014ffc4000000, 0x000014ffc4000000, 0x000014ffc6000000|  0%| F|  |TAMS 0x000014ffc4000000, 0x000014ffc4000000| Untracked 
|3907|0x000014ffc6000000, 0x000014ffc6000000, 0x000014ffc8000000|  0%| F|  |TAMS 0x000014ffc6000000, 0x000014ffc6000000| Untracked 
|3908|0x000014ffc8000000, 0x000014ffc8000000, 0x000014ffca000000|  0%| F|  |TAMS 0x000014ffc8000000, 0x000014ffc8000000| Untracked 
|3909|0x000014ffca000000, 0x000014ffca000000, 0x000014ffcc000000|  0%| F|  |TAMS 0x000014ffca000000, 0x000014ffca000000| Untracked 
|3910|0x000014ffcc000000, 0x000014ffcc000000, 0x000014ffce000000|  0%| F|  |TAMS 0x000014ffcc000000, 0x000014ffcc000000| Untracked 
|3911|0x000014ffce000000, 0x000014ffce000000, 0x000014ffd0000000|  0%| F|  |TAMS 0x000014ffce000000, 0x000014ffce000000| Untracked 
|3912|0x000014ffd0000000, 0x000014ffd0000000, 0x000014ffd2000000|  0%| F|  |TAMS 0x000014ffd0000000, 0x000014ffd0000000| Untracked 
|3913|0x000014ffd2000000, 0x000014ffd2000000, 0x000014ffd4000000|  0%| F|  |TAMS 0x000014ffd2000000, 0x000014ffd2000000| Untracked 
|3914|0x000014ffd4000000, 0x000014ffd4000000, 0x000014ffd6000000|  0%| F|  |TAMS 0x000014ffd4000000, 0x000014ffd4000000| Untracked 
|3915|0x000014ffd6000000, 0x000014ffd6000000, 0x000014ffd8000000|  0%| F|  |TAMS 0x000014ffd6000000, 0x000014ffd6000000| Untracked 
|3916|0x000014ffd8000000, 0x000014ffd8000000, 0x000014ffda000000|  0%| F|  |TAMS 0x000014ffd8000000, 0x000014ffd8000000| Untracked 
|3917|0x000014ffda000000, 0x000014ffda000000, 0x000014ffdc000000|  0%| F|  |TAMS 0x000014ffda000000, 0x000014ffda000000| Untracked 
|3918|0x000014ffdc000000, 0x000014ffdc000000, 0x000014ffde000000|  0%| F|  |TAMS 0x000014ffdc000000, 0x000014ffdc000000| Untracked 
|3919|0x000014ffde000000, 0x000014ffde000000, 0x000014ffe0000000|  0%| F|  |TAMS 0x000014ffde000000, 0x000014ffde000000| Untracked 
|3920|0x000014ffe0000000, 0x000014ffe0000000, 0x000014ffe2000000|  0%| F|  |TAMS 0x000014ffe0000000, 0x000014ffe0000000| Untracked 
|3921|0x000014ffe2000000, 0x000014ffe2000000, 0x000014ffe4000000|  0%| F|  |TAMS 0x000014ffe2000000, 0x000014ffe2000000| Untracked 
|3922|0x000014ffe4000000, 0x000014ffe4000000, 0x000014ffe6000000|  0%| F|  |TAMS 0x000014ffe4000000, 0x000014ffe4000000| Untracked 
|3923|0x000014ffe6000000, 0x000014ffe6000000, 0x000014ffe8000000|  0%| F|  |TAMS 0x000014ffe6000000, 0x000014ffe6000000| Untracked 
|3924|0x000014ffe8000000, 0x000014ffe8000000, 0x000014ffea000000|  0%| F|  |TAMS 0x000014ffe8000000, 0x000014ffe8000000| Untracked 
|3925|0x000014ffea000000, 0x000014ffea000000, 0x000014ffec000000|  0%| F|  |TAMS 0x000014ffea000000, 0x000014ffea000000| Untracked 
|3926|0x000014ffec000000, 0x000014ffec000000, 0x000014ffee000000|  0%| F|  |TAMS 0x000014ffec000000, 0x000014ffec000000| Untracked 
|3927|0x000014ffee000000, 0x000014ffee000000, 0x000014fff0000000|  0%| F|  |TAMS 0x000014ffee000000, 0x000014ffee000000| Untracked 
|3928|0x000014fff0000000, 0x000014fff0000000, 0x000014fff2000000|  0%| F|  |TAMS 0x000014fff0000000, 0x000014fff0000000| Untracked 
|3929|0x000014fff2000000, 0x000014fff2000000, 0x000014fff4000000|  0%| F|  |TAMS 0x000014fff2000000, 0x000014fff2000000| Untracked 
|3930|0x000014fff4000000, 0x000014fff4000000, 0x000014fff6000000|  0%| F|  |TAMS 0x000014fff4000000, 0x000014fff4000000| Untracked 
|3931|0x000014fff6000000, 0x000014fff6000000, 0x000014fff8000000|  0%| F|  |TAMS 0x000014fff6000000, 0x000014fff6000000| Untracked 
|3932|0x000014fff8000000, 0x000014fff8000000, 0x000014fffa000000|  0%| F|  |TAMS 0x000014fff8000000, 0x000014fff8000000| Untracked 
|3933|0x000014fffa000000, 0x000014fffa000000, 0x000014fffc000000|  0%| F|  |TAMS 0x000014fffa000000, 0x000014fffa000000| Untracked 
|3934|0x000014fffc000000, 0x000014fffc000000, 0x000014fffe000000|  0%| F|  |TAMS 0x000014fffc000000, 0x000014fffc000000| Untracked 
|3935|0x000014fffe000000, 0x000014fffe000000, 0x0000150000000000|  0%| F|  |TAMS 0x000014fffe000000, 0x000014fffe000000| Untracked 
|3936|0x0000150000000000, 0x0000150000000000, 0x0000150002000000|  0%| F|  |TAMS 0x0000150000000000, 0x0000150000000000| Untracked 
|3937|0x0000150002000000, 0x0000150002000000, 0x0000150004000000|  0%| F|  |TAMS 0x0000150002000000, 0x0000150002000000| Untracked 
|3938|0x0000150004000000, 0x0000150004000000, 0x0000150006000000|  0%| F|  |TAMS 0x0000150004000000, 0x0000150004000000| Untracked 
|3939|0x0000150006000000, 0x0000150006000000, 0x0000150008000000|  0%| F|  |TAMS 0x0000150006000000, 0x0000150006000000| Untracked 
|3940|0x0000150008000000, 0x0000150008000000, 0x000015000a000000|  0%| F|  |TAMS 0x0000150008000000, 0x0000150008000000| Untracked 
|3941|0x000015000a000000, 0x000015000a000000, 0x000015000c000000|  0%| F|  |TAMS 0x000015000a000000, 0x000015000a000000| Untracked 
|3942|0x000015000c000000, 0x000015000c000000, 0x000015000e000000|  0%| F|  |TAMS 0x000015000c000000, 0x000015000c000000| Untracked 
|3943|0x000015000e000000, 0x000015000e000000, 0x0000150010000000|  0%| F|  |TAMS 0x000015000e000000, 0x000015000e000000| Untracked 
|3944|0x0000150010000000, 0x0000150010000000, 0x0000150012000000|  0%| F|  |TAMS 0x0000150010000000, 0x0000150010000000| Untracked 
|3945|0x0000150012000000, 0x0000150012000000, 0x0000150014000000|  0%| F|  |TAMS 0x0000150012000000, 0x0000150012000000| Untracked 
|3946|0x0000150014000000, 0x0000150014000000, 0x0000150016000000|  0%| F|  |TAMS 0x0000150014000000, 0x0000150014000000| Untracked 
|3947|0x0000150016000000, 0x0000150016000000, 0x0000150018000000|  0%| F|  |TAMS 0x0000150016000000, 0x0000150016000000| Untracked 
|3948|0x0000150018000000, 0x0000150018000000, 0x000015001a000000|  0%| F|  |TAMS 0x0000150018000000, 0x0000150018000000| Untracked 
|3949|0x000015001a000000, 0x000015001a000000, 0x000015001c000000|  0%| F|  |TAMS 0x000015001a000000, 0x000015001a000000| Untracked 
|3950|0x000015001c000000, 0x000015001c000000, 0x000015001e000000|  0%| F|  |TAMS 0x000015001c000000, 0x000015001c000000| Untracked 
|3951|0x000015001e000000, 0x000015001e000000, 0x0000150020000000|  0%| F|  |TAMS 0x000015001e000000, 0x000015001e000000| Untracked 
|3952|0x0000150020000000, 0x0000150020000000, 0x0000150022000000|  0%| F|  |TAMS 0x0000150020000000, 0x0000150020000000| Untracked 
|3953|0x0000150022000000, 0x0000150022000000, 0x0000150024000000|  0%| F|  |TAMS 0x0000150022000000, 0x0000150022000000| Untracked 
|3954|0x0000150024000000, 0x0000150024000000, 0x0000150026000000|  0%| F|  |TAMS 0x0000150024000000, 0x0000150024000000| Untracked 
|3955|0x0000150026000000, 0x0000150026000000, 0x0000150028000000|  0%| F|  |TAMS 0x0000150026000000, 0x0000150026000000| Untracked 
|3956|0x0000150028000000, 0x0000150028000000, 0x000015002a000000|  0%| F|  |TAMS 0x0000150028000000, 0x0000150028000000| Untracked 
|3957|0x000015002a000000, 0x000015002a000000, 0x000015002c000000|  0%| F|  |TAMS 0x000015002a000000, 0x000015002a000000| Untracked 
|3958|0x000015002c000000, 0x000015002c000000, 0x000015002e000000|  0%| F|  |TAMS 0x000015002c000000, 0x000015002c000000| Untracked 
|3959|0x000015002e000000, 0x000015002e000000, 0x0000150030000000|  0%| F|  |TAMS 0x000015002e000000, 0x000015002e000000| Untracked 
|3960|0x0000150030000000, 0x0000150030000000, 0x0000150032000000|  0%| F|  |TAMS 0x0000150030000000, 0x0000150030000000| Untracked 
|3961|0x0000150032000000, 0x0000150032000000, 0x0000150034000000|  0%| F|  |TAMS 0x0000150032000000, 0x0000150032000000| Untracked 
|3962|0x0000150034000000, 0x0000150034000000, 0x0000150036000000|  0%| F|  |TAMS 0x0000150034000000, 0x0000150034000000| Untracked 
|3963|0x0000150036000000, 0x0000150036000000, 0x0000150038000000|  0%| F|  |TAMS 0x0000150036000000, 0x0000150036000000| Untracked 
|3964|0x0000150038000000, 0x0000150038000000, 0x000015003a000000|  0%| F|  |TAMS 0x0000150038000000, 0x0000150038000000| Untracked 
|3965|0x000015003a000000, 0x000015003a000000, 0x000015003c000000|  0%| F|  |TAMS 0x000015003a000000, 0x000015003a000000| Untracked 
|3966|0x000015003c000000, 0x000015003c000000, 0x000015003e000000|  0%| F|  |TAMS 0x000015003c000000, 0x000015003c000000| Untracked 
|3967|0x000015003e000000, 0x000015003e000000, 0x0000150040000000|  0%| F|  |TAMS 0x000015003e000000, 0x000015003e000000| Untracked 
|3968|0x0000150040000000, 0x0000150040000000, 0x0000150042000000|  0%| F|  |TAMS 0x0000150040000000, 0x0000150040000000| Untracked 
|3969|0x0000150042000000, 0x0000150042000000, 0x0000150044000000|  0%| F|  |TAMS 0x0000150042000000, 0x0000150042000000| Untracked 
|3970|0x0000150044000000, 0x0000150044000000, 0x0000150046000000|  0%| F|  |TAMS 0x0000150044000000, 0x0000150044000000| Untracked 
|3971|0x0000150046000000, 0x0000150046000000, 0x0000150048000000|  0%| F|  |TAMS 0x0000150046000000, 0x0000150046000000| Untracked 
|3972|0x0000150048000000, 0x0000150048000000, 0x000015004a000000|  0%| F|  |TAMS 0x0000150048000000, 0x0000150048000000| Untracked 
|3973|0x000015004a000000, 0x000015004a000000, 0x000015004c000000|  0%| F|  |TAMS 0x000015004a000000, 0x000015004a000000| Untracked 
|3974|0x000015004c000000, 0x000015004c000000, 0x000015004e000000|  0%| F|  |TAMS 0x000015004c000000, 0x000015004c000000| Untracked 
|3975|0x000015004e000000, 0x000015004e000000, 0x0000150050000000|  0%| F|  |TAMS 0x000015004e000000, 0x000015004e000000| Untracked 
|3976|0x0000150050000000, 0x0000150050000000, 0x0000150052000000|  0%| F|  |TAMS 0x0000150050000000, 0x0000150050000000| Untracked 
|3977|0x0000150052000000, 0x0000150052000000, 0x0000150054000000|  0%| F|  |TAMS 0x0000150052000000, 0x0000150052000000| Untracked 
|3978|0x0000150054000000, 0x0000150054000000, 0x0000150056000000|  0%| F|  |TAMS 0x0000150054000000, 0x0000150054000000| Untracked 
|3979|0x0000150056000000, 0x0000150056000000, 0x0000150058000000|  0%| F|  |TAMS 0x0000150056000000, 0x0000150056000000| Untracked 
|3980|0x0000150058000000, 0x0000150058000000, 0x000015005a000000|  0%| F|  |TAMS 0x0000150058000000, 0x0000150058000000| Untracked 
|3981|0x000015005a000000, 0x000015005a000000, 0x000015005c000000|  0%| F|  |TAMS 0x000015005a000000, 0x000015005a000000| Untracked 
|3982|0x000015005c000000, 0x000015005c000000, 0x000015005e000000|  0%| F|  |TAMS 0x000015005c000000, 0x000015005c000000| Untracked 
|3983|0x000015005e000000, 0x000015005e000000, 0x0000150060000000|  0%| F|  |TAMS 0x000015005e000000, 0x000015005e000000| Untracked 
|3984|0x0000150060000000, 0x0000150060000000, 0x0000150062000000|  0%| F|  |TAMS 0x0000150060000000, 0x0000150060000000| Untracked 
|3985|0x0000150062000000, 0x0000150062000000, 0x0000150064000000|  0%| F|  |TAMS 0x0000150062000000, 0x0000150062000000| Untracked 
|3986|0x0000150064000000, 0x0000150064000000, 0x0000150066000000|  0%| F|  |TAMS 0x0000150064000000, 0x0000150064000000| Untracked 
|3987|0x0000150066000000, 0x0000150066000000, 0x0000150068000000|  0%| F|  |TAMS 0x0000150066000000, 0x0000150066000000| Untracked 
|3988|0x0000150068000000, 0x0000150068000000, 0x000015006a000000|  0%| F|  |TAMS 0x0000150068000000, 0x0000150068000000| Untracked 
|3989|0x000015006a000000, 0x000015006a000000, 0x000015006c000000|  0%| F|  |TAMS 0x000015006a000000, 0x000015006a000000| Untracked 
|3990|0x000015006c000000, 0x000015006c000000, 0x000015006e000000|  0%| F|  |TAMS 0x000015006c000000, 0x000015006c000000| Untracked 
|3991|0x000015006e000000, 0x000015006e000000, 0x0000150070000000|  0%| F|  |TAMS 0x000015006e000000, 0x000015006e000000| Untracked 
|3992|0x0000150070000000, 0x0000150070000000, 0x0000150072000000|  0%| F|  |TAMS 0x0000150070000000, 0x0000150070000000| Untracked 
|3993|0x0000150072000000, 0x0000150072000000, 0x0000150074000000|  0%| F|  |TAMS 0x0000150072000000, 0x0000150072000000| Untracked 
|3994|0x0000150074000000, 0x0000150074000000, 0x0000150076000000|  0%| F|  |TAMS 0x0000150074000000, 0x0000150074000000| Untracked 
|3995|0x0000150076000000, 0x0000150076000000, 0x0000150078000000|  0%| F|  |TAMS 0x0000150076000000, 0x0000150076000000| Untracked 
|3996|0x0000150078000000, 0x0000150078000000, 0x000015007a000000|  0%| F|  |TAMS 0x0000150078000000, 0x0000150078000000| Untracked 
|3997|0x000015007a000000, 0x000015007a000000, 0x000015007c000000|  0%| F|  |TAMS 0x000015007a000000, 0x000015007a000000| Untracked 
|3998|0x000015007c000000, 0x000015007c000000, 0x000015007e000000|  0%| F|  |TAMS 0x000015007c000000, 0x000015007c000000| Untracked 
|3999|0x000015007e000000, 0x000015007e000000, 0x0000150080000000|  0%| F|  |TAMS 0x000015007e000000, 0x000015007e000000| Untracked 
|4000|0x0000150080000000, 0x0000150080000000, 0x0000150082000000|  0%| F|  |TAMS 0x0000150080000000, 0x0000150080000000| Untracked 
|4001|0x0000150082000000, 0x0000150082000000, 0x0000150084000000|  0%| F|  |TAMS 0x0000150082000000, 0x0000150082000000| Untracked 
|4002|0x0000150084000000, 0x0000150084000000, 0x0000150086000000|  0%| F|  |TAMS 0x0000150084000000, 0x0000150084000000| Untracked 
|4003|0x0000150086000000, 0x0000150086000000, 0x0000150088000000|  0%| F|  |TAMS 0x0000150086000000, 0x0000150086000000| Untracked 
|4004|0x0000150088000000, 0x0000150088000000, 0x000015008a000000|  0%| F|  |TAMS 0x0000150088000000, 0x0000150088000000| Untracked 
|4005|0x000015008a000000, 0x000015008a000000, 0x000015008c000000|  0%| F|  |TAMS 0x000015008a000000, 0x000015008a000000| Untracked 
|4006|0x000015008c000000, 0x000015008c000000, 0x000015008e000000|  0%| F|  |TAMS 0x000015008c000000, 0x000015008c000000| Untracked 
|4007|0x000015008e000000, 0x000015008e000000, 0x0000150090000000|  0%| F|  |TAMS 0x000015008e000000, 0x000015008e000000| Untracked 
|4008|0x0000150090000000, 0x0000150090000000, 0x0000150092000000|  0%| F|  |TAMS 0x0000150090000000, 0x0000150090000000| Untracked 
|4009|0x0000150092000000, 0x0000150092000000, 0x0000150094000000|  0%| F|  |TAMS 0x0000150092000000, 0x0000150092000000| Untracked 
|4010|0x0000150094000000, 0x0000150094000000, 0x0000150096000000|  0%| F|  |TAMS 0x0000150094000000, 0x0000150094000000| Untracked 
|4011|0x0000150096000000, 0x0000150096000000, 0x0000150098000000|  0%| F|  |TAMS 0x0000150096000000, 0x0000150096000000| Untracked 
|4012|0x0000150098000000, 0x0000150098000000, 0x000015009a000000|  0%| F|  |TAMS 0x0000150098000000, 0x0000150098000000| Untracked 
|4013|0x000015009a000000, 0x000015009a000000, 0x000015009c000000|  0%| F|  |TAMS 0x000015009a000000, 0x000015009a000000| Untracked 
|4014|0x000015009c000000, 0x000015009c000000, 0x000015009e000000|  0%| F|  |TAMS 0x000015009c000000, 0x000015009c000000| Untracked 
|4015|0x000015009e000000, 0x000015009e000000, 0x00001500a0000000|  0%| F|  |TAMS 0x000015009e000000, 0x000015009e000000| Untracked 
|4016|0x00001500a0000000, 0x00001500a0000000, 0x00001500a2000000|  0%| F|  |TAMS 0x00001500a0000000, 0x00001500a0000000| Untracked 
|4017|0x00001500a2000000, 0x00001500a2000000, 0x00001500a4000000|  0%| F|  |TAMS 0x00001500a2000000, 0x00001500a2000000| Untracked 
|4018|0x00001500a4000000, 0x00001500a4000000, 0x00001500a6000000|  0%| F|  |TAMS 0x00001500a4000000, 0x00001500a4000000| Untracked 
|4019|0x00001500a6000000, 0x00001500a6000000, 0x00001500a8000000|  0%| F|  |TAMS 0x00001500a6000000, 0x00001500a6000000| Untracked 
|4020|0x00001500a8000000, 0x00001500a8000000, 0x00001500aa000000|  0%| F|  |TAMS 0x00001500a8000000, 0x00001500a8000000| Untracked 
|4021|0x00001500aa000000, 0x00001500aa000000, 0x00001500ac000000|  0%| F|  |TAMS 0x00001500aa000000, 0x00001500aa000000| Untracked 
|4022|0x00001500ac000000, 0x00001500ac000000, 0x00001500ae000000|  0%| F|  |TAMS 0x00001500ac000000, 0x00001500ac000000| Untracked 
|4023|0x00001500ae000000, 0x00001500ae000000, 0x00001500b0000000|  0%| F|  |TAMS 0x00001500ae000000, 0x00001500ae000000| Untracked 
|4024|0x00001500b0000000, 0x00001500b0000000, 0x00001500b2000000|  0%| F|  |TAMS 0x00001500b0000000, 0x00001500b0000000| Untracked 
|4025|0x00001500b2000000, 0x00001500b2000000, 0x00001500b4000000|  0%| F|  |TAMS 0x00001500b2000000, 0x00001500b2000000| Untracked 
|4026|0x00001500b4000000, 0x00001500b4000000, 0x00001500b6000000|  0%| F|  |TAMS 0x00001500b4000000, 0x00001500b4000000| Untracked 
|4027|0x00001500b6000000, 0x00001500b6000000, 0x00001500b8000000|  0%| F|  |TAMS 0x00001500b6000000, 0x00001500b6000000| Untracked 
|4028|0x00001500b8000000, 0x00001500b8000000, 0x00001500ba000000|  0%| F|  |TAMS 0x00001500b8000000, 0x00001500b8000000| Untracked 
|4029|0x00001500ba000000, 0x00001500ba000000, 0x00001500bc000000|  0%| F|  |TAMS 0x00001500ba000000, 0x00001500ba000000| Untracked 
|4030|0x00001500bc000000, 0x00001500bc000000, 0x00001500be000000|  0%| F|  |TAMS 0x00001500bc000000, 0x00001500bc000000| Untracked 
|4031|0x00001500be000000, 0x00001500be000000, 0x00001500c0000000|  0%| F|  |TAMS 0x00001500be000000, 0x00001500be000000| Untracked 
|4032|0x00001500c0000000, 0x00001500c0000000, 0x00001500c2000000|  0%| F|  |TAMS 0x00001500c0000000, 0x00001500c0000000| Untracked 
|4033|0x00001500c2000000, 0x00001500c2000000, 0x00001500c4000000|  0%| F|  |TAMS 0x00001500c2000000, 0x00001500c2000000| Untracked 
|4034|0x00001500c4000000, 0x00001500c4000000, 0x00001500c6000000|  0%| F|  |TAMS 0x00001500c4000000, 0x00001500c4000000| Untracked 
|4035|0x00001500c6000000, 0x00001500c6000000, 0x00001500c8000000|  0%| F|  |TAMS 0x00001500c6000000, 0x00001500c6000000| Untracked 
|4036|0x00001500c8000000, 0x00001500c8000000, 0x00001500ca000000|  0%| F|  |TAMS 0x00001500c8000000, 0x00001500c8000000| Untracked 
|4037|0x00001500ca000000, 0x00001500ca000000, 0x00001500cc000000|  0%| F|  |TAMS 0x00001500ca000000, 0x00001500ca000000| Untracked 
|4038|0x00001500cc000000, 0x00001500cc000000, 0x00001500ce000000|  0%| F|  |TAMS 0x00001500cc000000, 0x00001500cc000000| Untracked 
|4039|0x00001500ce000000, 0x00001500ce000000, 0x00001500d0000000|  0%| F|  |TAMS 0x00001500ce000000, 0x00001500ce000000| Untracked 
|4040|0x00001500d0000000, 0x00001500d0000000, 0x00001500d2000000|  0%| F|  |TAMS 0x00001500d0000000, 0x00001500d0000000| Untracked 
|4041|0x00001500d2000000, 0x00001500d2000000, 0x00001500d4000000|  0%| F|  |TAMS 0x00001500d2000000, 0x00001500d2000000| Untracked 
|4042|0x00001500d4000000, 0x00001500d4000000, 0x00001500d6000000|  0%| F|  |TAMS 0x00001500d4000000, 0x00001500d4000000| Untracked 
|4043|0x00001500d6000000, 0x00001500d6000000, 0x00001500d8000000|  0%| F|  |TAMS 0x00001500d6000000, 0x00001500d6000000| Untracked 
|4044|0x00001500d8000000, 0x00001500d8000000, 0x00001500da000000|  0%| F|  |TAMS 0x00001500d8000000, 0x00001500d8000000| Untracked 
|4045|0x00001500da000000, 0x00001500da000000, 0x00001500dc000000|  0%| F|  |TAMS 0x00001500da000000, 0x00001500da000000| Untracked 
|4046|0x00001500dc000000, 0x00001500dc000000, 0x00001500de000000|  0%| F|  |TAMS 0x00001500dc000000, 0x00001500dc000000| Untracked 
|4047|0x00001500de000000, 0x00001500de000000, 0x00001500e0000000|  0%| F|  |TAMS 0x00001500de000000, 0x00001500de000000| Untracked 
|4048|0x00001500e0000000, 0x00001500e0000000, 0x00001500e2000000|  0%| F|  |TAMS 0x00001500e0000000, 0x00001500e0000000| Untracked 
|4049|0x00001500e2000000, 0x00001500e2000000, 0x00001500e4000000|  0%| F|  |TAMS 0x00001500e2000000, 0x00001500e2000000| Untracked 
|4050|0x00001500e4000000, 0x00001500e4000000, 0x00001500e6000000|  0%| F|  |TAMS 0x00001500e4000000, 0x00001500e4000000| Untracked 
|4051|0x00001500e6000000, 0x00001500e6000000, 0x00001500e8000000|  0%| F|  |TAMS 0x00001500e6000000, 0x00001500e6000000| Untracked 
|4052|0x00001500e8000000, 0x00001500e8000000, 0x00001500ea000000|  0%| F|  |TAMS 0x00001500e8000000, 0x00001500e8000000| Untracked 
|4053|0x00001500ea000000, 0x00001500ea000000, 0x00001500ec000000|  0%| F|  |TAMS 0x00001500ea000000, 0x00001500ea000000| Untracked 
|4054|0x00001500ec000000, 0x00001500ec000000, 0x00001500ee000000|  0%| F|  |TAMS 0x00001500ec000000, 0x00001500ec000000| Untracked 
|4055|0x00001500ee000000, 0x00001500ee000000, 0x00001500f0000000|  0%| F|  |TAMS 0x00001500ee000000, 0x00001500ee000000| Untracked 
|4056|0x00001500f0000000, 0x00001500f0000000, 0x00001500f2000000|  0%| F|  |TAMS 0x00001500f0000000, 0x00001500f0000000| Untracked 
|4057|0x00001500f2000000, 0x00001500f2000000, 0x00001500f4000000|  0%| F|  |TAMS 0x00001500f2000000, 0x00001500f2000000| Untracked 
|4058|0x00001500f4000000, 0x00001500f4000000, 0x00001500f6000000|  0%| F|  |TAMS 0x00001500f4000000, 0x00001500f4000000| Untracked 
|4059|0x00001500f6000000, 0x00001500f6000000, 0x00001500f8000000|  0%| F|  |TAMS 0x00001500f6000000, 0x00001500f6000000| Untracked 
|4060|0x00001500f8000000, 0x00001500f8000000, 0x00001500fa000000|  0%| F|  |TAMS 0x00001500f8000000, 0x00001500f8000000| Untracked 
|4061|0x00001500fa000000, 0x00001500fa000000, 0x00001500fc000000|  0%| F|  |TAMS 0x00001500fa000000, 0x00001500fa000000| Untracked 
|4062|0x00001500fc000000, 0x00001500fc000000, 0x00001500fe000000|  0%| F|  |TAMS 0x00001500fc000000, 0x00001500fc000000| Untracked 
|4063|0x00001500fe000000, 0x00001500fe000000, 0x0000150100000000|  0%| F|  |TAMS 0x00001500fe000000, 0x00001500fe000000| Untracked 
|4064|0x0000150100000000, 0x0000150100000000, 0x0000150102000000|  0%| F|  |TAMS 0x0000150100000000, 0x0000150100000000| Untracked 
|4065|0x0000150102000000, 0x0000150102000000, 0x0000150104000000|  0%| F|  |TAMS 0x0000150102000000, 0x0000150102000000| Untracked 
|4066|0x0000150104000000, 0x0000150104000000, 0x0000150106000000|  0%| F|  |TAMS 0x0000150104000000, 0x0000150104000000| Untracked 
|4067|0x0000150106000000, 0x0000150106000000, 0x0000150108000000|  0%| F|  |TAMS 0x0000150106000000, 0x0000150106000000| Untracked 
|4068|0x0000150108000000, 0x0000150108000000, 0x000015010a000000|  0%| F|  |TAMS 0x0000150108000000, 0x0000150108000000| Untracked 
|4069|0x000015010a000000, 0x000015010a000000, 0x000015010c000000|  0%| F|  |TAMS 0x000015010a000000, 0x000015010a000000| Untracked 
|4070|0x000015010c000000, 0x000015010c000000, 0x000015010e000000|  0%| F|  |TAMS 0x000015010c000000, 0x000015010c000000| Untracked 
|4071|0x000015010e000000, 0x000015010e000000, 0x0000150110000000|  0%| F|  |TAMS 0x000015010e000000, 0x000015010e000000| Untracked 
|4072|0x0000150110000000, 0x0000150110000000, 0x0000150112000000|  0%| F|  |TAMS 0x0000150110000000, 0x0000150110000000| Untracked 
|4073|0x0000150112000000, 0x0000150112000000, 0x0000150114000000|  0%| F|  |TAMS 0x0000150112000000, 0x0000150112000000| Untracked 
|4074|0x0000150114000000, 0x0000150114000000, 0x0000150116000000|  0%| F|  |TAMS 0x0000150114000000, 0x0000150114000000| Untracked 
|4075|0x0000150116000000, 0x0000150116000000, 0x0000150118000000|  0%| F|  |TAMS 0x0000150116000000, 0x0000150116000000| Untracked 
|4076|0x0000150118000000, 0x0000150118000000, 0x000015011a000000|  0%| F|  |TAMS 0x0000150118000000, 0x0000150118000000| Untracked 
|4077|0x000015011a000000, 0x000015011a000000, 0x000015011c000000|  0%| F|  |TAMS 0x000015011a000000, 0x000015011a000000| Untracked 
|4078|0x000015011c000000, 0x000015011c000000, 0x000015011e000000|  0%| F|  |TAMS 0x000015011c000000, 0x000015011c000000| Untracked 
|4079|0x000015011e000000, 0x000015011e000000, 0x0000150120000000|  0%| F|  |TAMS 0x000015011e000000, 0x000015011e000000| Untracked 
|4080|0x0000150120000000, 0x0000150120000000, 0x0000150122000000|  0%| F|  |TAMS 0x0000150120000000, 0x0000150120000000| Untracked 
|4081|0x0000150122000000, 0x0000150122000000, 0x0000150124000000|  0%| F|  |TAMS 0x0000150122000000, 0x0000150122000000| Untracked 
|4082|0x0000150124000000, 0x0000150124000000, 0x0000150126000000|  0%| F|  |TAMS 0x0000150124000000, 0x0000150124000000| Untracked 
|4083|0x0000150126000000, 0x0000150126000000, 0x0000150128000000|  0%| F|  |TAMS 0x0000150126000000, 0x0000150126000000| Untracked 
|4084|0x0000150128000000, 0x0000150128000000, 0x000015012a000000|  0%| F|  |TAMS 0x0000150128000000, 0x0000150128000000| Untracked 
|4085|0x000015012a000000, 0x000015012a000000, 0x000015012c000000|  0%| F|  |TAMS 0x000015012a000000, 0x000015012a000000| Untracked 
|4086|0x000015012c000000, 0x000015012c000000, 0x000015012e000000|  0%| F|  |TAMS 0x000015012c000000, 0x000015012c000000| Untracked 
|4087|0x000015012e000000, 0x000015012e000000, 0x0000150130000000|  0%| F|  |TAMS 0x000015012e000000, 0x000015012e000000| Untracked 
|4088|0x0000150130000000, 0x0000150130000000, 0x0000150132000000|  0%| F|  |TAMS 0x0000150130000000, 0x0000150130000000| Untracked 
|4089|0x0000150132000000, 0x0000150132000000, 0x0000150134000000|  0%| F|  |TAMS 0x0000150132000000, 0x0000150132000000| Untracked 
|4090|0x0000150134000000, 0x0000150134000000, 0x0000150136000000|  0%| F|  |TAMS 0x0000150134000000, 0x0000150134000000| Untracked 
|4091|0x0000150136000000, 0x0000150136000000, 0x0000150138000000|  0%| F|  |TAMS 0x0000150136000000, 0x0000150136000000| Untracked 
|4092|0x0000150138000000, 0x0000150138000000, 0x000015013a000000|  0%| F|  |TAMS 0x0000150138000000, 0x0000150138000000| Untracked 
|4093|0x000015013a000000, 0x000015013a000000, 0x000015013c000000|  0%| F|  |TAMS 0x000015013a000000, 0x000015013a000000| Untracked 
|4094|0x000015013c000000, 0x000015013c000000, 0x000015013e000000|  0%| F|  |TAMS 0x000015013c000000, 0x000015013c000000| Untracked 
|4095|0x000015013e000000, 0x000015013e000000, 0x0000150140000000|  0%| F|  |TAMS 0x000015013e000000, 0x000015013e000000| Untracked 
|4096|0x0000150140000000, 0x0000150140000000, 0x0000150142000000|  0%| F|  |TAMS 0x0000150140000000, 0x0000150140000000| Untracked 
|4097|0x0000150142000000, 0x0000150142000000, 0x0000150144000000|  0%| F|  |TAMS 0x0000150142000000, 0x0000150142000000| Untracked 
|4098|0x0000150144000000, 0x0000150144000000, 0x0000150146000000|  0%| F|  |TAMS 0x0000150144000000, 0x0000150144000000| Untracked 
|4099|0x0000150146000000, 0x0000150146000000, 0x0000150148000000|  0%| F|  |TAMS 0x0000150146000000, 0x0000150146000000| Untracked 
|4100|0x0000150148000000, 0x0000150148000000, 0x000015014a000000|  0%| F|  |TAMS 0x0000150148000000, 0x0000150148000000| Untracked 
|4101|0x000015014a000000, 0x000015014a000000, 0x000015014c000000|  0%| F|  |TAMS 0x000015014a000000, 0x000015014a000000| Untracked 
|4102|0x000015014c000000, 0x000015014c000000, 0x000015014e000000|  0%| F|  |TAMS 0x000015014c000000, 0x000015014c000000| Untracked 
|4103|0x000015014e000000, 0x000015014e000000, 0x0000150150000000|  0%| F|  |TAMS 0x000015014e000000, 0x000015014e000000| Untracked 
|4104|0x0000150150000000, 0x0000150150000000, 0x0000150152000000|  0%| F|  |TAMS 0x0000150150000000, 0x0000150150000000| Untracked 
|4105|0x0000150152000000, 0x0000150152000000, 0x0000150154000000|  0%| F|  |TAMS 0x0000150152000000, 0x0000150152000000| Untracked 
|4106|0x0000150154000000, 0x0000150154000000, 0x0000150156000000|  0%| F|  |TAMS 0x0000150154000000, 0x0000150154000000| Untracked 
|4107|0x0000150156000000, 0x0000150156000000, 0x0000150158000000|  0%| F|  |TAMS 0x0000150156000000, 0x0000150156000000| Untracked 
|4108|0x0000150158000000, 0x0000150158000000, 0x000015015a000000|  0%| F|  |TAMS 0x0000150158000000, 0x0000150158000000| Untracked 
|4109|0x000015015a000000, 0x000015015a000000, 0x000015015c000000|  0%| F|  |TAMS 0x000015015a000000, 0x000015015a000000| Untracked 
|4110|0x000015015c000000, 0x000015015c000000, 0x000015015e000000|  0%| F|  |TAMS 0x000015015c000000, 0x000015015c000000| Untracked 
|4111|0x000015015e000000, 0x000015015e000000, 0x0000150160000000|  0%| F|  |TAMS 0x000015015e000000, 0x000015015e000000| Untracked 
|4112|0x0000150160000000, 0x0000150160000000, 0x0000150162000000|  0%| F|  |TAMS 0x0000150160000000, 0x0000150160000000| Untracked 
|4113|0x0000150162000000, 0x0000150162000000, 0x0000150164000000|  0%| F|  |TAMS 0x0000150162000000, 0x0000150162000000| Untracked 
|4114|0x0000150164000000, 0x0000150164000000, 0x0000150166000000|  0%| F|  |TAMS 0x0000150164000000, 0x0000150164000000| Untracked 
|4115|0x0000150166000000, 0x0000150166000000, 0x0000150168000000|  0%| F|  |TAMS 0x0000150166000000, 0x0000150166000000| Untracked 
|4116|0x0000150168000000, 0x0000150168000000, 0x000015016a000000|  0%| F|  |TAMS 0x0000150168000000, 0x0000150168000000| Untracked 
|4117|0x000015016a000000, 0x000015016a000000, 0x000015016c000000|  0%| F|  |TAMS 0x000015016a000000, 0x000015016a000000| Untracked 
|4118|0x000015016c000000, 0x000015016c000000, 0x000015016e000000|  0%| F|  |TAMS 0x000015016c000000, 0x000015016c000000| Untracked 
|4119|0x000015016e000000, 0x000015016e000000, 0x0000150170000000|  0%| F|  |TAMS 0x000015016e000000, 0x000015016e000000| Untracked 
|4120|0x0000150170000000, 0x0000150170000000, 0x0000150172000000|  0%| F|  |TAMS 0x0000150170000000, 0x0000150170000000| Untracked 
|4121|0x0000150172000000, 0x0000150172000000, 0x0000150174000000|  0%| F|  |TAMS 0x0000150172000000, 0x0000150172000000| Untracked 
|4122|0x0000150174000000, 0x0000150174000000, 0x0000150176000000|  0%| F|  |TAMS 0x0000150174000000, 0x0000150174000000| Untracked 
|4123|0x0000150176000000, 0x0000150176000000, 0x0000150178000000|  0%| F|  |TAMS 0x0000150176000000, 0x0000150176000000| Untracked 
|4124|0x0000150178000000, 0x0000150178000000, 0x000015017a000000|  0%| F|  |TAMS 0x0000150178000000, 0x0000150178000000| Untracked 
|4125|0x000015017a000000, 0x000015017a000000, 0x000015017c000000|  0%| F|  |TAMS 0x000015017a000000, 0x000015017a000000| Untracked 
|4126|0x000015017c000000, 0x000015017c000000, 0x000015017e000000|  0%| F|  |TAMS 0x000015017c000000, 0x000015017c000000| Untracked 
|4127|0x000015017e000000, 0x000015017e000000, 0x0000150180000000|  0%| F|  |TAMS 0x000015017e000000, 0x000015017e000000| Untracked 
|4128|0x0000150180000000, 0x0000150180000000, 0x0000150182000000|  0%| F|  |TAMS 0x0000150180000000, 0x0000150180000000| Untracked 
|4129|0x0000150182000000, 0x0000150182000000, 0x0000150184000000|  0%| F|  |TAMS 0x0000150182000000, 0x0000150182000000| Untracked 
|4130|0x0000150184000000, 0x0000150184000000, 0x0000150186000000|  0%| F|  |TAMS 0x0000150184000000, 0x0000150184000000| Untracked 
|4131|0x0000150186000000, 0x0000150186000000, 0x0000150188000000|  0%| F|  |TAMS 0x0000150186000000, 0x0000150186000000| Untracked 
|4132|0x0000150188000000, 0x0000150188000000, 0x000015018a000000|  0%| F|  |TAMS 0x0000150188000000, 0x0000150188000000| Untracked 
|4133|0x000015018a000000, 0x000015018a000000, 0x000015018c000000|  0%| F|  |TAMS 0x000015018a000000, 0x000015018a000000| Untracked 
|4134|0x000015018c000000, 0x000015018c000000, 0x000015018e000000|  0%| F|  |TAMS 0x000015018c000000, 0x000015018c000000| Untracked 
|4135|0x000015018e000000, 0x000015018e000000, 0x0000150190000000|  0%| F|  |TAMS 0x000015018e000000, 0x000015018e000000| Untracked 
|4136|0x0000150190000000, 0x0000150190000000, 0x0000150192000000|  0%| F|  |TAMS 0x0000150190000000, 0x0000150190000000| Untracked 
|4137|0x0000150192000000, 0x0000150192000000, 0x0000150194000000|  0%| F|  |TAMS 0x0000150192000000, 0x0000150192000000| Untracked 
|4138|0x0000150194000000, 0x0000150194000000, 0x0000150196000000|  0%| F|  |TAMS 0x0000150194000000, 0x0000150194000000| Untracked 
|4139|0x0000150196000000, 0x0000150196000000, 0x0000150198000000|  0%| F|  |TAMS 0x0000150196000000, 0x0000150196000000| Untracked 
|4140|0x0000150198000000, 0x0000150198000000, 0x000015019a000000|  0%| F|  |TAMS 0x0000150198000000, 0x0000150198000000| Untracked 
|4141|0x000015019a000000, 0x000015019a000000, 0x000015019c000000|  0%| F|  |TAMS 0x000015019a000000, 0x000015019a000000| Untracked 
|4142|0x000015019c000000, 0x000015019c000000, 0x000015019e000000|  0%| F|  |TAMS 0x000015019c000000, 0x000015019c000000| Untracked 
|4143|0x000015019e000000, 0x000015019e000000, 0x00001501a0000000|  0%| F|  |TAMS 0x000015019e000000, 0x000015019e000000| Untracked 
|4144|0x00001501a0000000, 0x00001501a0000000, 0x00001501a2000000|  0%| F|  |TAMS 0x00001501a0000000, 0x00001501a0000000| Untracked 
|4145|0x00001501a2000000, 0x00001501a2000000, 0x00001501a4000000|  0%| F|  |TAMS 0x00001501a2000000, 0x00001501a2000000| Untracked 
|4146|0x00001501a4000000, 0x00001501a4000000, 0x00001501a6000000|  0%| F|  |TAMS 0x00001501a4000000, 0x00001501a4000000| Untracked 
|4147|0x00001501a6000000, 0x00001501a6000000, 0x00001501a8000000|  0%| F|  |TAMS 0x00001501a6000000, 0x00001501a6000000| Untracked 
|4148|0x00001501a8000000, 0x00001501a8000000, 0x00001501aa000000|  0%| F|  |TAMS 0x00001501a8000000, 0x00001501a8000000| Untracked 
|4149|0x00001501aa000000, 0x00001501aa000000, 0x00001501ac000000|  0%| F|  |TAMS 0x00001501aa000000, 0x00001501aa000000| Untracked 
|4150|0x00001501ac000000, 0x00001501ac000000, 0x00001501ae000000|  0%| F|  |TAMS 0x00001501ac000000, 0x00001501ac000000| Untracked 
|4151|0x00001501ae000000, 0x00001501ae000000, 0x00001501b0000000|  0%| F|  |TAMS 0x00001501ae000000, 0x00001501ae000000| Untracked 
|4152|0x00001501b0000000, 0x00001501b0000000, 0x00001501b2000000|  0%| F|  |TAMS 0x00001501b0000000, 0x00001501b0000000| Untracked 
|4153|0x00001501b2000000, 0x00001501b2000000, 0x00001501b4000000|  0%| F|  |TAMS 0x00001501b2000000, 0x00001501b2000000| Untracked 
|4154|0x00001501b4000000, 0x00001501b4000000, 0x00001501b6000000|  0%| F|  |TAMS 0x00001501b4000000, 0x00001501b4000000| Untracked 
|4155|0x00001501b6000000, 0x00001501b6000000, 0x00001501b8000000|  0%| F|  |TAMS 0x00001501b6000000, 0x00001501b6000000| Untracked 
|4156|0x00001501b8000000, 0x00001501b8000000, 0x00001501ba000000|  0%| F|  |TAMS 0x00001501b8000000, 0x00001501b8000000| Untracked 
|4157|0x00001501ba000000, 0x00001501ba000000, 0x00001501bc000000|  0%| F|  |TAMS 0x00001501ba000000, 0x00001501ba000000| Untracked 
|4158|0x00001501bc000000, 0x00001501bc000000, 0x00001501be000000|  0%| F|  |TAMS 0x00001501bc000000, 0x00001501bc000000| Untracked 
|4159|0x00001501be000000, 0x00001501be000000, 0x00001501c0000000|  0%| F|  |TAMS 0x00001501be000000, 0x00001501be000000| Untracked 
|4160|0x00001501c0000000, 0x00001501c0000000, 0x00001501c2000000|  0%| F|  |TAMS 0x00001501c0000000, 0x00001501c0000000| Untracked 
|4161|0x00001501c2000000, 0x00001501c2000000, 0x00001501c4000000|  0%| F|  |TAMS 0x00001501c2000000, 0x00001501c2000000| Untracked 
|4162|0x00001501c4000000, 0x00001501c4000000, 0x00001501c6000000|  0%| F|  |TAMS 0x00001501c4000000, 0x00001501c4000000| Untracked 
|4163|0x00001501c6000000, 0x00001501c6000000, 0x00001501c8000000|  0%| F|  |TAMS 0x00001501c6000000, 0x00001501c6000000| Untracked 
|4164|0x00001501c8000000, 0x00001501c8000000, 0x00001501ca000000|  0%| F|  |TAMS 0x00001501c8000000, 0x00001501c8000000| Untracked 
|4165|0x00001501ca000000, 0x00001501ca000000, 0x00001501cc000000|  0%| F|  |TAMS 0x00001501ca000000, 0x00001501ca000000| Untracked 
|4166|0x00001501cc000000, 0x00001501cc000000, 0x00001501ce000000|  0%| F|  |TAMS 0x00001501cc000000, 0x00001501cc000000| Untracked 
|4167|0x00001501ce000000, 0x00001501ce000000, 0x00001501d0000000|  0%| F|  |TAMS 0x00001501ce000000, 0x00001501ce000000| Untracked 
|4168|0x00001501d0000000, 0x00001501d0000000, 0x00001501d2000000|  0%| F|  |TAMS 0x00001501d0000000, 0x00001501d0000000| Untracked 
|4169|0x00001501d2000000, 0x00001501d2000000, 0x00001501d4000000|  0%| F|  |TAMS 0x00001501d2000000, 0x00001501d2000000| Untracked 
|4170|0x00001501d4000000, 0x00001501d4000000, 0x00001501d6000000|  0%| F|  |TAMS 0x00001501d4000000, 0x00001501d4000000| Untracked 
|4171|0x00001501d6000000, 0x00001501d6000000, 0x00001501d8000000|  0%| F|  |TAMS 0x00001501d6000000, 0x00001501d6000000| Untracked 
|4172|0x00001501d8000000, 0x00001501d8000000, 0x00001501da000000|  0%| F|  |TAMS 0x00001501d8000000, 0x00001501d8000000| Untracked 
|4173|0x00001501da000000, 0x00001501da000000, 0x00001501dc000000|  0%| F|  |TAMS 0x00001501da000000, 0x00001501da000000| Untracked 
|4174|0x00001501dc000000, 0x00001501dc000000, 0x00001501de000000|  0%| F|  |TAMS 0x00001501dc000000, 0x00001501dc000000| Untracked 
|4175|0x00001501de000000, 0x00001501de000000, 0x00001501e0000000|  0%| F|  |TAMS 0x00001501de000000, 0x00001501de000000| Untracked 
|4176|0x00001501e0000000, 0x00001501e0000000, 0x00001501e2000000|  0%| F|  |TAMS 0x00001501e0000000, 0x00001501e0000000| Untracked 
|4177|0x00001501e2000000, 0x00001501e2000000, 0x00001501e4000000|  0%| F|  |TAMS 0x00001501e2000000, 0x00001501e2000000| Untracked 
|4178|0x00001501e4000000, 0x00001501e4000000, 0x00001501e6000000|  0%| F|  |TAMS 0x00001501e4000000, 0x00001501e4000000| Untracked 
|4179|0x00001501e6000000, 0x00001501e6000000, 0x00001501e8000000|  0%| F|  |TAMS 0x00001501e6000000, 0x00001501e6000000| Untracked 
|4180|0x00001501e8000000, 0x00001501e8000000, 0x00001501ea000000|  0%| F|  |TAMS 0x00001501e8000000, 0x00001501e8000000| Untracked 
|4181|0x00001501ea000000, 0x00001501ea000000, 0x00001501ec000000|  0%| F|  |TAMS 0x00001501ea000000, 0x00001501ea000000| Untracked 
|4182|0x00001501ec000000, 0x00001501ec000000, 0x00001501ee000000|  0%| F|  |TAMS 0x00001501ec000000, 0x00001501ec000000| Untracked 
|4183|0x00001501ee000000, 0x00001501ee000000, 0x00001501f0000000|  0%| F|  |TAMS 0x00001501ee000000, 0x00001501ee000000| Untracked 
|4184|0x00001501f0000000, 0x00001501f0000000, 0x00001501f2000000|  0%| F|  |TAMS 0x00001501f0000000, 0x00001501f0000000| Untracked 
|4185|0x00001501f2000000, 0x00001501f2000000, 0x00001501f4000000|  0%| F|  |TAMS 0x00001501f2000000, 0x00001501f2000000| Untracked 
|4186|0x00001501f4000000, 0x00001501f4000000, 0x00001501f6000000|  0%| F|  |TAMS 0x00001501f4000000, 0x00001501f4000000| Untracked 
|4187|0x00001501f6000000, 0x00001501f6000000, 0x00001501f8000000|  0%| F|  |TAMS 0x00001501f6000000, 0x00001501f6000000| Untracked 
|4188|0x00001501f8000000, 0x00001501f8000000, 0x00001501fa000000|  0%| F|  |TAMS 0x00001501f8000000, 0x00001501f8000000| Untracked 
|4189|0x00001501fa000000, 0x00001501fa000000, 0x00001501fc000000|  0%| F|  |TAMS 0x00001501fa000000, 0x00001501fa000000| Untracked 
|4190|0x00001501fc000000, 0x00001501fc000000, 0x00001501fe000000|  0%| F|  |TAMS 0x00001501fc000000, 0x00001501fc000000| Untracked 
|4191|0x00001501fe000000, 0x00001501fe000000, 0x0000150200000000|  0%| F|  |TAMS 0x00001501fe000000, 0x00001501fe000000| Untracked 
|4192|0x0000150200000000, 0x0000150200000000, 0x0000150202000000|  0%| F|  |TAMS 0x0000150200000000, 0x0000150200000000| Untracked 
|4193|0x0000150202000000, 0x0000150202000000, 0x0000150204000000|  0%| F|  |TAMS 0x0000150202000000, 0x0000150202000000| Untracked 
|4194|0x0000150204000000, 0x0000150204000000, 0x0000150206000000|  0%| F|  |TAMS 0x0000150204000000, 0x0000150204000000| Untracked 
|4195|0x0000150206000000, 0x0000150206000000, 0x0000150208000000|  0%| F|  |TAMS 0x0000150206000000, 0x0000150206000000| Untracked 
|4196|0x0000150208000000, 0x0000150208000000, 0x000015020a000000|  0%| F|  |TAMS 0x0000150208000000, 0x0000150208000000| Untracked 
|4197|0x000015020a000000, 0x000015020a000000, 0x000015020c000000|  0%| F|  |TAMS 0x000015020a000000, 0x000015020a000000| Untracked 
|4198|0x000015020c000000, 0x000015020c000000, 0x000015020e000000|  0%| F|  |TAMS 0x000015020c000000, 0x000015020c000000| Untracked 
|4199|0x000015020e000000, 0x000015020e000000, 0x0000150210000000|  0%| F|  |TAMS 0x000015020e000000, 0x000015020e000000| Untracked 
|4200|0x0000150210000000, 0x0000150210000000, 0x0000150212000000|  0%| F|  |TAMS 0x0000150210000000, 0x0000150210000000| Untracked 
|4201|0x0000150212000000, 0x0000150212000000, 0x0000150214000000|  0%| F|  |TAMS 0x0000150212000000, 0x0000150212000000| Untracked 
|4202|0x0000150214000000, 0x0000150214000000, 0x0000150216000000|  0%| F|  |TAMS 0x0000150214000000, 0x0000150214000000| Untracked 
|4203|0x0000150216000000, 0x0000150216000000, 0x0000150218000000|  0%| F|  |TAMS 0x0000150216000000, 0x0000150216000000| Untracked 
|4204|0x0000150218000000, 0x0000150218000000, 0x000015021a000000|  0%| F|  |TAMS 0x0000150218000000, 0x0000150218000000| Untracked 
|4205|0x000015021a000000, 0x000015021a000000, 0x000015021c000000|  0%| F|  |TAMS 0x000015021a000000, 0x000015021a000000| Untracked 
|4206|0x000015021c000000, 0x000015021c000000, 0x000015021e000000|  0%| F|  |TAMS 0x000015021c000000, 0x000015021c000000| Untracked 
|4207|0x000015021e000000, 0x000015021e000000, 0x0000150220000000|  0%| F|  |TAMS 0x000015021e000000, 0x000015021e000000| Untracked 
|4208|0x0000150220000000, 0x0000150220000000, 0x0000150222000000|  0%| F|  |TAMS 0x0000150220000000, 0x0000150220000000| Untracked 
|4209|0x0000150222000000, 0x0000150222000000, 0x0000150224000000|  0%| F|  |TAMS 0x0000150222000000, 0x0000150222000000| Untracked 
|4210|0x0000150224000000, 0x0000150224000000, 0x0000150226000000|  0%| F|  |TAMS 0x0000150224000000, 0x0000150224000000| Untracked 
|4211|0x0000150226000000, 0x0000150226000000, 0x0000150228000000|  0%| F|  |TAMS 0x0000150226000000, 0x0000150226000000| Untracked 
|4212|0x0000150228000000, 0x0000150228000000, 0x000015022a000000|  0%| F|  |TAMS 0x0000150228000000, 0x0000150228000000| Untracked 
|4213|0x000015022a000000, 0x000015022a000000, 0x000015022c000000|  0%| F|  |TAMS 0x000015022a000000, 0x000015022a000000| Untracked 
|4214|0x000015022c000000, 0x000015022c000000, 0x000015022e000000|  0%| F|  |TAMS 0x000015022c000000, 0x000015022c000000| Untracked 
|4215|0x000015022e000000, 0x000015022e000000, 0x0000150230000000|  0%| F|  |TAMS 0x000015022e000000, 0x000015022e000000| Untracked 
|4216|0x0000150230000000, 0x0000150230000000, 0x0000150232000000|  0%| F|  |TAMS 0x0000150230000000, 0x0000150230000000| Untracked 
|4217|0x0000150232000000, 0x0000150232000000, 0x0000150234000000|  0%| F|  |TAMS 0x0000150232000000, 0x0000150232000000| Untracked 
|4218|0x0000150234000000, 0x0000150234000000, 0x0000150236000000|  0%| F|  |TAMS 0x0000150234000000, 0x0000150234000000| Untracked 
|4219|0x0000150236000000, 0x0000150236000000, 0x0000150238000000|  0%| F|  |TAMS 0x0000150236000000, 0x0000150236000000| Untracked 
|4220|0x0000150238000000, 0x0000150238000000, 0x000015023a000000|  0%| F|  |TAMS 0x0000150238000000, 0x0000150238000000| Untracked 
|4221|0x000015023a000000, 0x000015023a000000, 0x000015023c000000|  0%| F|  |TAMS 0x000015023a000000, 0x000015023a000000| Untracked 
|4222|0x000015023c000000, 0x000015023c000000, 0x000015023e000000|  0%| F|  |TAMS 0x000015023c000000, 0x000015023c000000| Untracked 
|4223|0x000015023e000000, 0x000015023e000000, 0x0000150240000000|  0%| F|  |TAMS 0x000015023e000000, 0x000015023e000000| Untracked 
|4224|0x0000150240000000, 0x0000150240000000, 0x0000150242000000|  0%| F|  |TAMS 0x0000150240000000, 0x0000150240000000| Untracked 
|4225|0x0000150242000000, 0x0000150242000000, 0x0000150244000000|  0%| F|  |TAMS 0x0000150242000000, 0x0000150242000000| Untracked 
|4226|0x0000150244000000, 0x0000150244000000, 0x0000150246000000|  0%| F|  |TAMS 0x0000150244000000, 0x0000150244000000| Untracked 
|4227|0x0000150246000000, 0x0000150246000000, 0x0000150248000000|  0%| F|  |TAMS 0x0000150246000000, 0x0000150246000000| Untracked 
|4228|0x0000150248000000, 0x0000150248000000, 0x000015024a000000|  0%| F|  |TAMS 0x0000150248000000, 0x0000150248000000| Untracked 
|4229|0x000015024a000000, 0x000015024a000000, 0x000015024c000000|  0%| F|  |TAMS 0x000015024a000000, 0x000015024a000000| Untracked 
|4230|0x000015024c000000, 0x000015024c000000, 0x000015024e000000|  0%| F|  |TAMS 0x000015024c000000, 0x000015024c000000| Untracked 
|4231|0x000015024e000000, 0x000015024e000000, 0x0000150250000000|  0%| F|  |TAMS 0x000015024e000000, 0x000015024e000000| Untracked 
|4232|0x0000150250000000, 0x0000150250000000, 0x0000150252000000|  0%| F|  |TAMS 0x0000150250000000, 0x0000150250000000| Untracked 
|4233|0x0000150252000000, 0x0000150252000000, 0x0000150254000000|  0%| F|  |TAMS 0x0000150252000000, 0x0000150252000000| Untracked 
|4234|0x0000150254000000, 0x0000150254000000, 0x0000150256000000|  0%| F|  |TAMS 0x0000150254000000, 0x0000150254000000| Untracked 
|4235|0x0000150256000000, 0x0000150256000000, 0x0000150258000000|  0%| F|  |TAMS 0x0000150256000000, 0x0000150256000000| Untracked 
|4236|0x0000150258000000, 0x0000150258000000, 0x000015025a000000|  0%| F|  |TAMS 0x0000150258000000, 0x0000150258000000| Untracked 
|4237|0x000015025a000000, 0x000015025a000000, 0x000015025c000000|  0%| F|  |TAMS 0x000015025a000000, 0x000015025a000000| Untracked 
|4238|0x000015025c000000, 0x000015025c000000, 0x000015025e000000|  0%| F|  |TAMS 0x000015025c000000, 0x000015025c000000| Untracked 
|4239|0x000015025e000000, 0x000015025e000000, 0x0000150260000000|  0%| F|  |TAMS 0x000015025e000000, 0x000015025e000000| Untracked 
|4240|0x0000150260000000, 0x0000150260000000, 0x0000150262000000|  0%| F|  |TAMS 0x0000150260000000, 0x0000150260000000| Untracked 
|4241|0x0000150262000000, 0x0000150262000000, 0x0000150264000000|  0%| F|  |TAMS 0x0000150262000000, 0x0000150262000000| Untracked 
|4242|0x0000150264000000, 0x0000150264000000, 0x0000150266000000|  0%| F|  |TAMS 0x0000150264000000, 0x0000150264000000| Untracked 
|4243|0x0000150266000000, 0x0000150266000000, 0x0000150268000000|  0%| F|  |TAMS 0x0000150266000000, 0x0000150266000000| Untracked 
|4244|0x0000150268000000, 0x0000150268000000, 0x000015026a000000|  0%| F|  |TAMS 0x0000150268000000, 0x0000150268000000| Untracked 
|4245|0x000015026a000000, 0x000015026a000000, 0x000015026c000000|  0%| F|  |TAMS 0x000015026a000000, 0x000015026a000000| Untracked 
|4246|0x000015026c000000, 0x000015026c000000, 0x000015026e000000|  0%| F|  |TAMS 0x000015026c000000, 0x000015026c000000| Untracked 
|4247|0x000015026e000000, 0x000015026e000000, 0x0000150270000000|  0%| F|  |TAMS 0x000015026e000000, 0x000015026e000000| Untracked 
|4248|0x0000150270000000, 0x0000150270000000, 0x0000150272000000|  0%| F|  |TAMS 0x0000150270000000, 0x0000150270000000| Untracked 
|4249|0x0000150272000000, 0x0000150272000000, 0x0000150274000000|  0%| F|  |TAMS 0x0000150272000000, 0x0000150272000000| Untracked 
|4250|0x0000150274000000, 0x0000150274000000, 0x0000150276000000|  0%| F|  |TAMS 0x0000150274000000, 0x0000150274000000| Untracked 
|4251|0x0000150276000000, 0x0000150276000000, 0x0000150278000000|  0%| F|  |TAMS 0x0000150276000000, 0x0000150276000000| Untracked 
|4252|0x0000150278000000, 0x0000150278000000, 0x000015027a000000|  0%| F|  |TAMS 0x0000150278000000, 0x0000150278000000| Untracked 
|4253|0x000015027a000000, 0x000015027a000000, 0x000015027c000000|  0%| F|  |TAMS 0x000015027a000000, 0x000015027a000000| Untracked 
|4254|0x000015027c000000, 0x000015027c000000, 0x000015027e000000|  0%| F|  |TAMS 0x000015027c000000, 0x000015027c000000| Untracked 
|4255|0x000015027e000000, 0x000015027e000000, 0x0000150280000000|  0%| F|  |TAMS 0x000015027e000000, 0x000015027e000000| Untracked 
|4256|0x0000150280000000, 0x0000150280000000, 0x0000150282000000|  0%| F|  |TAMS 0x0000150280000000, 0x0000150280000000| Untracked 
|4257|0x0000150282000000, 0x0000150282000000, 0x0000150284000000|  0%| F|  |TAMS 0x0000150282000000, 0x0000150282000000| Untracked 
|4258|0x0000150284000000, 0x0000150284000000, 0x0000150286000000|  0%| F|  |TAMS 0x0000150284000000, 0x0000150284000000| Untracked 
|4259|0x0000150286000000, 0x0000150286000000, 0x0000150288000000|  0%| F|  |TAMS 0x0000150286000000, 0x0000150286000000| Untracked 
|4260|0x0000150288000000, 0x0000150288000000, 0x000015028a000000|  0%| F|  |TAMS 0x0000150288000000, 0x0000150288000000| Untracked 
|4261|0x000015028a000000, 0x000015028a000000, 0x000015028c000000|  0%| F|  |TAMS 0x000015028a000000, 0x000015028a000000| Untracked 
|4262|0x000015028c000000, 0x000015028c000000, 0x000015028e000000|  0%| F|  |TAMS 0x000015028c000000, 0x000015028c000000| Untracked 
|4263|0x000015028e000000, 0x000015028e000000, 0x0000150290000000|  0%| F|  |TAMS 0x000015028e000000, 0x000015028e000000| Untracked 
|4264|0x0000150290000000, 0x0000150290000000, 0x0000150292000000|  0%| F|  |TAMS 0x0000150290000000, 0x0000150290000000| Untracked 
|4265|0x0000150292000000, 0x0000150292000000, 0x0000150294000000|  0%| F|  |TAMS 0x0000150292000000, 0x0000150292000000| Untracked 
|4266|0x0000150294000000, 0x0000150294000000, 0x0000150296000000|  0%| F|  |TAMS 0x0000150294000000, 0x0000150294000000| Untracked 
|4267|0x0000150296000000, 0x0000150296000000, 0x0000150298000000|  0%| F|  |TAMS 0x0000150296000000, 0x0000150296000000| Untracked 
|4268|0x0000150298000000, 0x0000150298000000, 0x000015029a000000|  0%| F|  |TAMS 0x0000150298000000, 0x0000150298000000| Untracked 
|4269|0x000015029a000000, 0x000015029a000000, 0x000015029c000000|  0%| F|  |TAMS 0x000015029a000000, 0x000015029a000000| Untracked 
|4270|0x000015029c000000, 0x000015029c000000, 0x000015029e000000|  0%| F|  |TAMS 0x000015029c000000, 0x000015029c000000| Untracked 
|4271|0x000015029e000000, 0x000015029e000000, 0x00001502a0000000|  0%| F|  |TAMS 0x000015029e000000, 0x000015029e000000| Untracked 
|4272|0x00001502a0000000, 0x00001502a0000000, 0x00001502a2000000|  0%| F|  |TAMS 0x00001502a0000000, 0x00001502a0000000| Untracked 
|4273|0x00001502a2000000, 0x00001502a2000000, 0x00001502a4000000|  0%| F|  |TAMS 0x00001502a2000000, 0x00001502a2000000| Untracked 
|4274|0x00001502a4000000, 0x00001502a4000000, 0x00001502a6000000|  0%| F|  |TAMS 0x00001502a4000000, 0x00001502a4000000| Untracked 
|4275|0x00001502a6000000, 0x00001502a6000000, 0x00001502a8000000|  0%| F|  |TAMS 0x00001502a6000000, 0x00001502a6000000| Untracked 
|4276|0x00001502a8000000, 0x00001502a8000000, 0x00001502aa000000|  0%| F|  |TAMS 0x00001502a8000000, 0x00001502a8000000| Untracked 
|4277|0x00001502aa000000, 0x00001502aa000000, 0x00001502ac000000|  0%| F|  |TAMS 0x00001502aa000000, 0x00001502aa000000| Untracked 
|4278|0x00001502ac000000, 0x00001502ac000000, 0x00001502ae000000|  0%| F|  |TAMS 0x00001502ac000000, 0x00001502ac000000| Untracked 
|4279|0x00001502ae000000, 0x00001502ae000000, 0x00001502b0000000|  0%| F|  |TAMS 0x00001502ae000000, 0x00001502ae000000| Untracked 
|4280|0x00001502b0000000, 0x00001502b0000000, 0x00001502b2000000|  0%| F|  |TAMS 0x00001502b0000000, 0x00001502b0000000| Untracked 
|4281|0x00001502b2000000, 0x00001502b2000000, 0x00001502b4000000|  0%| F|  |TAMS 0x00001502b2000000, 0x00001502b2000000| Untracked 
|4282|0x00001502b4000000, 0x00001502b4000000, 0x00001502b6000000|  0%| F|  |TAMS 0x00001502b4000000, 0x00001502b4000000| Untracked 
|4283|0x00001502b6000000, 0x00001502b6000000, 0x00001502b8000000|  0%| F|  |TAMS 0x00001502b6000000, 0x00001502b6000000| Untracked 
|4284|0x00001502b8000000, 0x00001502b8000000, 0x00001502ba000000|  0%| F|  |TAMS 0x00001502b8000000, 0x00001502b8000000| Untracked 
|4285|0x00001502ba000000, 0x00001502ba000000, 0x00001502bc000000|  0%| F|  |TAMS 0x00001502ba000000, 0x00001502ba000000| Untracked 
|4286|0x00001502bc000000, 0x00001502bc000000, 0x00001502be000000|  0%| F|  |TAMS 0x00001502bc000000, 0x00001502bc000000| Untracked 
|4287|0x00001502be000000, 0x00001502be000000, 0x00001502c0000000|  0%| F|  |TAMS 0x00001502be000000, 0x00001502be000000| Untracked 
|4288|0x00001502c0000000, 0x00001502c0000000, 0x00001502c2000000|  0%| F|  |TAMS 0x00001502c0000000, 0x00001502c0000000| Untracked 
|4289|0x00001502c2000000, 0x00001502c2000000, 0x00001502c4000000|  0%| F|  |TAMS 0x00001502c2000000, 0x00001502c2000000| Untracked 
|4290|0x00001502c4000000, 0x00001502c4000000, 0x00001502c6000000|  0%| F|  |TAMS 0x00001502c4000000, 0x00001502c4000000| Untracked 
|4291|0x00001502c6000000, 0x00001502c6000000, 0x00001502c8000000|  0%| F|  |TAMS 0x00001502c6000000, 0x00001502c6000000| Untracked 
|4292|0x00001502c8000000, 0x00001502c8000000, 0x00001502ca000000|  0%| F|  |TAMS 0x00001502c8000000, 0x00001502c8000000| Untracked 
|4293|0x00001502ca000000, 0x00001502ca000000, 0x00001502cc000000|  0%| F|  |TAMS 0x00001502ca000000, 0x00001502ca000000| Untracked 
|4294|0x00001502cc000000, 0x00001502cc000000, 0x00001502ce000000|  0%| F|  |TAMS 0x00001502cc000000, 0x00001502cc000000| Untracked 
|4295|0x00001502ce000000, 0x00001502ce000000, 0x00001502d0000000|  0%| F|  |TAMS 0x00001502ce000000, 0x00001502ce000000| Untracked 
|4296|0x00001502d0000000, 0x00001502d0000000, 0x00001502d2000000|  0%| F|  |TAMS 0x00001502d0000000, 0x00001502d0000000| Untracked 
|4297|0x00001502d2000000, 0x00001502d2000000, 0x00001502d4000000|  0%| F|  |TAMS 0x00001502d2000000, 0x00001502d2000000| Untracked 
|4298|0x00001502d4000000, 0x00001502d4000000, 0x00001502d6000000|  0%| F|  |TAMS 0x00001502d4000000, 0x00001502d4000000| Untracked 
|4299|0x00001502d6000000, 0x00001502d6000000, 0x00001502d8000000|  0%| F|  |TAMS 0x00001502d6000000, 0x00001502d6000000| Untracked 
|4300|0x00001502d8000000, 0x00001502d8000000, 0x00001502da000000|  0%| F|  |TAMS 0x00001502d8000000, 0x00001502d8000000| Untracked 
|4301|0x00001502da000000, 0x00001502da000000, 0x00001502dc000000|  0%| F|  |TAMS 0x00001502da000000, 0x00001502da000000| Untracked 
|4302|0x00001502dc000000, 0x00001502dc000000, 0x00001502de000000|  0%| F|  |TAMS 0x00001502dc000000, 0x00001502dc000000| Untracked 
|4303|0x00001502de000000, 0x00001502de000000, 0x00001502e0000000|  0%| F|  |TAMS 0x00001502de000000, 0x00001502de000000| Untracked 
|4304|0x00001502e0000000, 0x00001502e0000000, 0x00001502e2000000|  0%| F|  |TAMS 0x00001502e0000000, 0x00001502e0000000| Untracked 
|4305|0x00001502e2000000, 0x00001502e2000000, 0x00001502e4000000|  0%| F|  |TAMS 0x00001502e2000000, 0x00001502e2000000| Untracked 
|4306|0x00001502e4000000, 0x00001502e4000000, 0x00001502e6000000|  0%| F|  |TAMS 0x00001502e4000000, 0x00001502e4000000| Untracked 
|4307|0x00001502e6000000, 0x00001502e6000000, 0x00001502e8000000|  0%| F|  |TAMS 0x00001502e6000000, 0x00001502e6000000| Untracked 
|4308|0x00001502e8000000, 0x00001502e8000000, 0x00001502ea000000|  0%| F|  |TAMS 0x00001502e8000000, 0x00001502e8000000| Untracked 
|4309|0x00001502ea000000, 0x00001502ea000000, 0x00001502ec000000|  0%| F|  |TAMS 0x00001502ea000000, 0x00001502ea000000| Untracked 
|4310|0x00001502ec000000, 0x00001502ec000000, 0x00001502ee000000|  0%| F|  |TAMS 0x00001502ec000000, 0x00001502ec000000| Untracked 
|4311|0x00001502ee000000, 0x00001502ee000000, 0x00001502f0000000|  0%| F|  |TAMS 0x00001502ee000000, 0x00001502ee000000| Untracked 
|4312|0x00001502f0000000, 0x00001502f0000000, 0x00001502f2000000|  0%| F|  |TAMS 0x00001502f0000000, 0x00001502f0000000| Untracked 
|4313|0x00001502f2000000, 0x00001502f2000000, 0x00001502f4000000|  0%| F|  |TAMS 0x00001502f2000000, 0x00001502f2000000| Untracked 
|4314|0x00001502f4000000, 0x00001502f4000000, 0x00001502f6000000|  0%| F|  |TAMS 0x00001502f4000000, 0x00001502f4000000| Untracked 
|4315|0x00001502f6000000, 0x00001502f6000000, 0x00001502f8000000|  0%| F|  |TAMS 0x00001502f6000000, 0x00001502f6000000| Untracked 
|4316|0x00001502f8000000, 0x00001502f8000000, 0x00001502fa000000|  0%| F|  |TAMS 0x00001502f8000000, 0x00001502f8000000| Untracked 
|4317|0x00001502fa000000, 0x00001502fa000000, 0x00001502fc000000|  0%| F|  |TAMS 0x00001502fa000000, 0x00001502fa000000| Untracked 
|4318|0x00001502fc000000, 0x00001502fc000000, 0x00001502fe000000|  0%| F|  |TAMS 0x00001502fc000000, 0x00001502fc000000| Untracked 
|4319|0x00001502fe000000, 0x00001502fe000000, 0x0000150300000000|  0%| F|  |TAMS 0x00001502fe000000, 0x00001502fe000000| Untracked 
|4320|0x0000150300000000, 0x0000150300000000, 0x0000150302000000|  0%| F|  |TAMS 0x0000150300000000, 0x0000150300000000| Untracked 
|4321|0x0000150302000000, 0x0000150302000000, 0x0000150304000000|  0%| F|  |TAMS 0x0000150302000000, 0x0000150302000000| Untracked 
|4322|0x0000150304000000, 0x0000150304000000, 0x0000150306000000|  0%| F|  |TAMS 0x0000150304000000, 0x0000150304000000| Untracked 
|4323|0x0000150306000000, 0x0000150306000000, 0x0000150308000000|  0%| F|  |TAMS 0x0000150306000000, 0x0000150306000000| Untracked 
|4324|0x0000150308000000, 0x0000150308000000, 0x000015030a000000|  0%| F|  |TAMS 0x0000150308000000, 0x0000150308000000| Untracked 
|4325|0x000015030a000000, 0x000015030a000000, 0x000015030c000000|  0%| F|  |TAMS 0x000015030a000000, 0x000015030a000000| Untracked 
|4326|0x000015030c000000, 0x000015030c000000, 0x000015030e000000|  0%| F|  |TAMS 0x000015030c000000, 0x000015030c000000| Untracked 
|4327|0x000015030e000000, 0x000015030e000000, 0x0000150310000000|  0%| F|  |TAMS 0x000015030e000000, 0x000015030e000000| Untracked 
|4328|0x0000150310000000, 0x0000150310000000, 0x0000150312000000|  0%| F|  |TAMS 0x0000150310000000, 0x0000150310000000| Untracked 
|4329|0x0000150312000000, 0x0000150312000000, 0x0000150314000000|  0%| F|  |TAMS 0x0000150312000000, 0x0000150312000000| Untracked 
|4330|0x0000150314000000, 0x0000150314000000, 0x0000150316000000|  0%| F|  |TAMS 0x0000150314000000, 0x0000150314000000| Untracked 
|4331|0x0000150316000000, 0x0000150316000000, 0x0000150318000000|  0%| F|  |TAMS 0x0000150316000000, 0x0000150316000000| Untracked 
|4332|0x0000150318000000, 0x0000150318000000, 0x000015031a000000|  0%| F|  |TAMS 0x0000150318000000, 0x0000150318000000| Untracked 
|4333|0x000015031a000000, 0x000015031a000000, 0x000015031c000000|  0%| F|  |TAMS 0x000015031a000000, 0x000015031a000000| Untracked 
|4334|0x000015031c000000, 0x000015031c000000, 0x000015031e000000|  0%| F|  |TAMS 0x000015031c000000, 0x000015031c000000| Untracked 
|4335|0x000015031e000000, 0x000015031e000000, 0x0000150320000000|  0%| F|  |TAMS 0x000015031e000000, 0x000015031e000000| Untracked 
|4336|0x0000150320000000, 0x0000150320000000, 0x0000150322000000|  0%| F|  |TAMS 0x0000150320000000, 0x0000150320000000| Untracked 
|4337|0x0000150322000000, 0x0000150322000000, 0x0000150324000000|  0%| F|  |TAMS 0x0000150322000000, 0x0000150322000000| Untracked 
|4338|0x0000150324000000, 0x0000150324000000, 0x0000150326000000|  0%| F|  |TAMS 0x0000150324000000, 0x0000150324000000| Untracked 
|4339|0x0000150326000000, 0x0000150326000000, 0x0000150328000000|  0%| F|  |TAMS 0x0000150326000000, 0x0000150326000000| Untracked 
|4340|0x0000150328000000, 0x0000150328000000, 0x000015032a000000|  0%| F|  |TAMS 0x0000150328000000, 0x0000150328000000| Untracked 
|4341|0x000015032a000000, 0x000015032a000000, 0x000015032c000000|  0%| F|  |TAMS 0x000015032a000000, 0x000015032a000000| Untracked 
|4342|0x000015032c000000, 0x000015032c000000, 0x000015032e000000|  0%| F|  |TAMS 0x000015032c000000, 0x000015032c000000| Untracked 
|4343|0x000015032e000000, 0x000015032e000000, 0x0000150330000000|  0%| F|  |TAMS 0x000015032e000000, 0x000015032e000000| Untracked 
|4344|0x0000150330000000, 0x0000150330000000, 0x0000150332000000|  0%| F|  |TAMS 0x0000150330000000, 0x0000150330000000| Untracked 
|4345|0x0000150332000000, 0x0000150332000000, 0x0000150334000000|  0%| F|  |TAMS 0x0000150332000000, 0x0000150332000000| Untracked 
|4346|0x0000150334000000, 0x0000150334000000, 0x0000150336000000|  0%| F|  |TAMS 0x0000150334000000, 0x0000150334000000| Untracked 
|4347|0x0000150336000000, 0x0000150336000000, 0x0000150338000000|  0%| F|  |TAMS 0x0000150336000000, 0x0000150336000000| Untracked 
|4348|0x0000150338000000, 0x0000150338000000, 0x000015033a000000|  0%| F|  |TAMS 0x0000150338000000, 0x0000150338000000| Untracked 
|4349|0x000015033a000000, 0x000015033a000000, 0x000015033c000000|  0%| F|  |TAMS 0x000015033a000000, 0x000015033a000000| Untracked 
|4350|0x000015033c000000, 0x000015033c000000, 0x000015033e000000|  0%| F|  |TAMS 0x000015033c000000, 0x000015033c000000| Untracked 
|4351|0x000015033e000000, 0x000015033e000000, 0x0000150340000000|  0%| F|  |TAMS 0x000015033e000000, 0x000015033e000000| Untracked 
|4352|0x0000150340000000, 0x0000150340000000, 0x0000150342000000|  0%| F|  |TAMS 0x0000150340000000, 0x0000150340000000| Untracked 
|4353|0x0000150342000000, 0x0000150342000000, 0x0000150344000000|  0%| F|  |TAMS 0x0000150342000000, 0x0000150342000000| Untracked 
|4354|0x0000150344000000, 0x0000150344000000, 0x0000150346000000|  0%| F|  |TAMS 0x0000150344000000, 0x0000150344000000| Untracked 
|4355|0x0000150346000000, 0x0000150346000000, 0x0000150348000000|  0%| F|  |TAMS 0x0000150346000000, 0x0000150346000000| Untracked 
|4356|0x0000150348000000, 0x0000150348000000, 0x000015034a000000|  0%| F|  |TAMS 0x0000150348000000, 0x0000150348000000| Untracked 
|4357|0x000015034a000000, 0x000015034a000000, 0x000015034c000000|  0%| F|  |TAMS 0x000015034a000000, 0x000015034a000000| Untracked 
|4358|0x000015034c000000, 0x000015034c000000, 0x000015034e000000|  0%| F|  |TAMS 0x000015034c000000, 0x000015034c000000| Untracked 
|4359|0x000015034e000000, 0x000015034e000000, 0x0000150350000000|  0%| F|  |TAMS 0x000015034e000000, 0x000015034e000000| Untracked 
|4360|0x0000150350000000, 0x0000150350000000, 0x0000150352000000|  0%| F|  |TAMS 0x0000150350000000, 0x0000150350000000| Untracked 
|4361|0x0000150352000000, 0x0000150352000000, 0x0000150354000000|  0%| F|  |TAMS 0x0000150352000000, 0x0000150352000000| Untracked 
|4362|0x0000150354000000, 0x0000150354000000, 0x0000150356000000|  0%| F|  |TAMS 0x0000150354000000, 0x0000150354000000| Untracked 
|4363|0x0000150356000000, 0x0000150356000000, 0x0000150358000000|  0%| F|  |TAMS 0x0000150356000000, 0x0000150356000000| Untracked 
|4364|0x0000150358000000, 0x0000150358000000, 0x000015035a000000|  0%| F|  |TAMS 0x0000150358000000, 0x0000150358000000| Untracked 
|4365|0x000015035a000000, 0x000015035a000000, 0x000015035c000000|  0%| F|  |TAMS 0x000015035a000000, 0x000015035a000000| Untracked 
|4366|0x000015035c000000, 0x000015035c000000, 0x000015035e000000|  0%| F|  |TAMS 0x000015035c000000, 0x000015035c000000| Untracked 
|4367|0x000015035e000000, 0x000015035e000000, 0x0000150360000000|  0%| F|  |TAMS 0x000015035e000000, 0x000015035e000000| Untracked 
|4368|0x0000150360000000, 0x0000150360000000, 0x0000150362000000|  0%| F|  |TAMS 0x0000150360000000, 0x0000150360000000| Untracked 
|4369|0x0000150362000000, 0x0000150362000000, 0x0000150364000000|  0%| F|  |TAMS 0x0000150362000000, 0x0000150362000000| Untracked 
|4370|0x0000150364000000, 0x0000150364000000, 0x0000150366000000|  0%| F|  |TAMS 0x0000150364000000, 0x0000150364000000| Untracked 
|4371|0x0000150366000000, 0x0000150366000000, 0x0000150368000000|  0%| F|  |TAMS 0x0000150366000000, 0x0000150366000000| Untracked 
|4372|0x0000150368000000, 0x0000150368000000, 0x000015036a000000|  0%| F|  |TAMS 0x0000150368000000, 0x0000150368000000| Untracked 
|4373|0x000015036a000000, 0x000015036a000000, 0x000015036c000000|  0%| F|  |TAMS 0x000015036a000000, 0x000015036a000000| Untracked 
|4374|0x000015036c000000, 0x000015036c000000, 0x000015036e000000|  0%| F|  |TAMS 0x000015036c000000, 0x000015036c000000| Untracked 
|4375|0x000015036e000000, 0x000015036e000000, 0x0000150370000000|  0%| F|  |TAMS 0x000015036e000000, 0x000015036e000000| Untracked 
|4376|0x0000150370000000, 0x0000150370000000, 0x0000150372000000|  0%| F|  |TAMS 0x0000150370000000, 0x0000150370000000| Untracked 
|4377|0x0000150372000000, 0x0000150372000000, 0x0000150374000000|  0%| F|  |TAMS 0x0000150372000000, 0x0000150372000000| Untracked 
|4378|0x0000150374000000, 0x0000150374000000, 0x0000150376000000|  0%| F|  |TAMS 0x0000150374000000, 0x0000150374000000| Untracked 
|4379|0x0000150376000000, 0x0000150376000000, 0x0000150378000000|  0%| F|  |TAMS 0x0000150376000000, 0x0000150376000000| Untracked 
|4380|0x0000150378000000, 0x0000150378000000, 0x000015037a000000|  0%| F|  |TAMS 0x0000150378000000, 0x0000150378000000| Untracked 
|4381|0x000015037a000000, 0x000015037a000000, 0x000015037c000000|  0%| F|  |TAMS 0x000015037a000000, 0x000015037a000000| Untracked 
|4382|0x000015037c000000, 0x000015037c000000, 0x000015037e000000|  0%| F|  |TAMS 0x000015037c000000, 0x000015037c000000| Untracked 
|4383|0x000015037e000000, 0x000015037e000000, 0x0000150380000000|  0%| F|  |TAMS 0x000015037e000000, 0x000015037e000000| Untracked 
|4384|0x0000150380000000, 0x0000150380000000, 0x0000150382000000|  0%| F|  |TAMS 0x0000150380000000, 0x0000150380000000| Untracked 
|4385|0x0000150382000000, 0x0000150382000000, 0x0000150384000000|  0%| F|  |TAMS 0x0000150382000000, 0x0000150382000000| Untracked 
|4386|0x0000150384000000, 0x0000150384000000, 0x0000150386000000|  0%| F|  |TAMS 0x0000150384000000, 0x0000150384000000| Untracked 
|4387|0x0000150386000000, 0x0000150386000000, 0x0000150388000000|  0%| F|  |TAMS 0x0000150386000000, 0x0000150386000000| Untracked 
|4388|0x0000150388000000, 0x0000150388000000, 0x000015038a000000|  0%| F|  |TAMS 0x0000150388000000, 0x0000150388000000| Untracked 
|4389|0x000015038a000000, 0x000015038a000000, 0x000015038c000000|  0%| F|  |TAMS 0x000015038a000000, 0x000015038a000000| Untracked 
|4390|0x000015038c000000, 0x000015038c000000, 0x000015038e000000|  0%| F|  |TAMS 0x000015038c000000, 0x000015038c000000| Untracked 
|4391|0x000015038e000000, 0x000015038e000000, 0x0000150390000000|  0%| F|  |TAMS 0x000015038e000000, 0x000015038e000000| Untracked 
|4392|0x0000150390000000, 0x0000150390000000, 0x0000150392000000|  0%| F|  |TAMS 0x0000150390000000, 0x0000150390000000| Untracked 
|4393|0x0000150392000000, 0x0000150392000000, 0x0000150394000000|  0%| F|  |TAMS 0x0000150392000000, 0x0000150392000000| Untracked 
|4394|0x0000150394000000, 0x0000150394000000, 0x0000150396000000|  0%| F|  |TAMS 0x0000150394000000, 0x0000150394000000| Untracked 
|4395|0x0000150396000000, 0x0000150396000000, 0x0000150398000000|  0%| F|  |TAMS 0x0000150396000000, 0x0000150396000000| Untracked 
|4396|0x0000150398000000, 0x0000150398000000, 0x000015039a000000|  0%| F|  |TAMS 0x0000150398000000, 0x0000150398000000| Untracked 
|4397|0x000015039a000000, 0x000015039a000000, 0x000015039c000000|  0%| F|  |TAMS 0x000015039a000000, 0x000015039a000000| Untracked 
|4398|0x000015039c000000, 0x000015039c000000, 0x000015039e000000|  0%| F|  |TAMS 0x000015039c000000, 0x000015039c000000| Untracked 
|4399|0x000015039e000000, 0x000015039e000000, 0x00001503a0000000|  0%| F|  |TAMS 0x000015039e000000, 0x000015039e000000| Untracked 
|4400|0x00001503a0000000, 0x00001503a0000000, 0x00001503a2000000|  0%| F|  |TAMS 0x00001503a0000000, 0x00001503a0000000| Untracked 
|4401|0x00001503a2000000, 0x00001503a2000000, 0x00001503a4000000|  0%| F|  |TAMS 0x00001503a2000000, 0x00001503a2000000| Untracked 
|4402|0x00001503a4000000, 0x00001503a4000000, 0x00001503a6000000|  0%| F|  |TAMS 0x00001503a4000000, 0x00001503a4000000| Untracked 
|4403|0x00001503a6000000, 0x00001503a6000000, 0x00001503a8000000|  0%| F|  |TAMS 0x00001503a6000000, 0x00001503a6000000| Untracked 
|4404|0x00001503a8000000, 0x00001503a8000000, 0x00001503aa000000|  0%| F|  |TAMS 0x00001503a8000000, 0x00001503a8000000| Untracked 
|4405|0x00001503aa000000, 0x00001503aa000000, 0x00001503ac000000|  0%| F|  |TAMS 0x00001503aa000000, 0x00001503aa000000| Untracked 
|4406|0x00001503ac000000, 0x00001503ac000000, 0x00001503ae000000|  0%| F|  |TAMS 0x00001503ac000000, 0x00001503ac000000| Untracked 
|4407|0x00001503ae000000, 0x00001503ae000000, 0x00001503b0000000|  0%| F|  |TAMS 0x00001503ae000000, 0x00001503ae000000| Untracked 
|4408|0x00001503b0000000, 0x00001503b0000000, 0x00001503b2000000|  0%| F|  |TAMS 0x00001503b0000000, 0x00001503b0000000| Untracked 
|4409|0x00001503b2000000, 0x00001503b2000000, 0x00001503b4000000|  0%| F|  |TAMS 0x00001503b2000000, 0x00001503b2000000| Untracked 
|4410|0x00001503b4000000, 0x00001503b4000000, 0x00001503b6000000|  0%| F|  |TAMS 0x00001503b4000000, 0x00001503b4000000| Untracked 
|4411|0x00001503b6000000, 0x00001503b6000000, 0x00001503b8000000|  0%| F|  |TAMS 0x00001503b6000000, 0x00001503b6000000| Untracked 
|4412|0x00001503b8000000, 0x00001503b8000000, 0x00001503ba000000|  0%| F|  |TAMS 0x00001503b8000000, 0x00001503b8000000| Untracked 
|4413|0x00001503ba000000, 0x00001503ba000000, 0x00001503bc000000|  0%| F|  |TAMS 0x00001503ba000000, 0x00001503ba000000| Untracked 
|4414|0x00001503bc000000, 0x00001503bc000000, 0x00001503be000000|  0%| F|  |TAMS 0x00001503bc000000, 0x00001503bc000000| Untracked 
|4415|0x00001503be000000, 0x00001503be000000, 0x00001503c0000000|  0%| F|  |TAMS 0x00001503be000000, 0x00001503be000000| Untracked 
|4416|0x00001503c0000000, 0x00001503c0000000, 0x00001503c2000000|  0%| F|  |TAMS 0x00001503c0000000, 0x00001503c0000000| Untracked 
|4417|0x00001503c2000000, 0x00001503c2000000, 0x00001503c4000000|  0%| F|  |TAMS 0x00001503c2000000, 0x00001503c2000000| Untracked 
|4418|0x00001503c4000000, 0x00001503c4000000, 0x00001503c6000000|  0%| F|  |TAMS 0x00001503c4000000, 0x00001503c4000000| Untracked 
|4419|0x00001503c6000000, 0x00001503c6000000, 0x00001503c8000000|  0%| F|  |TAMS 0x00001503c6000000, 0x00001503c6000000| Untracked 
|4420|0x00001503c8000000, 0x00001503c8000000, 0x00001503ca000000|  0%| F|  |TAMS 0x00001503c8000000, 0x00001503c8000000| Untracked 
|4421|0x00001503ca000000, 0x00001503ca000000, 0x00001503cc000000|  0%| F|  |TAMS 0x00001503ca000000, 0x00001503ca000000| Untracked 
|4422|0x00001503cc000000, 0x00001503cc000000, 0x00001503ce000000|  0%| F|  |TAMS 0x00001503cc000000, 0x00001503cc000000| Untracked 
|4423|0x00001503ce000000, 0x00001503ce000000, 0x00001503d0000000|  0%| F|  |TAMS 0x00001503ce000000, 0x00001503ce000000| Untracked 
|4424|0x00001503d0000000, 0x00001503d0000000, 0x00001503d2000000|  0%| F|  |TAMS 0x00001503d0000000, 0x00001503d0000000| Untracked 
|4425|0x00001503d2000000, 0x00001503d2000000, 0x00001503d4000000|  0%| F|  |TAMS 0x00001503d2000000, 0x00001503d2000000| Untracked 
|4426|0x00001503d4000000, 0x00001503d4000000, 0x00001503d6000000|  0%| F|  |TAMS 0x00001503d4000000, 0x00001503d4000000| Untracked 
|4427|0x00001503d6000000, 0x00001503d6000000, 0x00001503d8000000|  0%| F|  |TAMS 0x00001503d6000000, 0x00001503d6000000| Untracked 
|4428|0x00001503d8000000, 0x00001503d8000000, 0x00001503da000000|  0%| F|  |TAMS 0x00001503d8000000, 0x00001503d8000000| Untracked 
|4429|0x00001503da000000, 0x00001503da000000, 0x00001503dc000000|  0%| F|  |TAMS 0x00001503da000000, 0x00001503da000000| Untracked 
|4430|0x00001503dc000000, 0x00001503dc000000, 0x00001503de000000|  0%| F|  |TAMS 0x00001503dc000000, 0x00001503dc000000| Untracked 
|4431|0x00001503de000000, 0x00001503de000000, 0x00001503e0000000|  0%| F|  |TAMS 0x00001503de000000, 0x00001503de000000| Untracked 
|4432|0x00001503e0000000, 0x00001503e0000000, 0x00001503e2000000|  0%| F|  |TAMS 0x00001503e0000000, 0x00001503e0000000| Untracked 
|4433|0x00001503e2000000, 0x00001503e2000000, 0x00001503e4000000|  0%| F|  |TAMS 0x00001503e2000000, 0x00001503e2000000| Untracked 
|4434|0x00001503e4000000, 0x00001503e4000000, 0x00001503e6000000|  0%| F|  |TAMS 0x00001503e4000000, 0x00001503e4000000| Untracked 
|4435|0x00001503e6000000, 0x00001503e6000000, 0x00001503e8000000|  0%| F|  |TAMS 0x00001503e6000000, 0x00001503e6000000| Untracked 
|4436|0x00001503e8000000, 0x00001503e8000000, 0x00001503ea000000|  0%| F|  |TAMS 0x00001503e8000000, 0x00001503e8000000| Untracked 
|4437|0x00001503ea000000, 0x00001503ea000000, 0x00001503ec000000|  0%| F|  |TAMS 0x00001503ea000000, 0x00001503ea000000| Untracked 
|4438|0x00001503ec000000, 0x00001503ec000000, 0x00001503ee000000|  0%| F|  |TAMS 0x00001503ec000000, 0x00001503ec000000| Untracked 
|4439|0x00001503ee000000, 0x00001503ee000000, 0x00001503f0000000|  0%| F|  |TAMS 0x00001503ee000000, 0x00001503ee000000| Untracked 
|4440|0x00001503f0000000, 0x00001503f0000000, 0x00001503f2000000|  0%| F|  |TAMS 0x00001503f0000000, 0x00001503f0000000| Untracked 
|4441|0x00001503f2000000, 0x00001503f2000000, 0x00001503f4000000|  0%| F|  |TAMS 0x00001503f2000000, 0x00001503f2000000| Untracked 
|4442|0x00001503f4000000, 0x00001503f4000000, 0x00001503f6000000|  0%| F|  |TAMS 0x00001503f4000000, 0x00001503f4000000| Untracked 
|4443|0x00001503f6000000, 0x00001503f6000000, 0x00001503f8000000|  0%| F|  |TAMS 0x00001503f6000000, 0x00001503f6000000| Untracked 
|4444|0x00001503f8000000, 0x00001503f8000000, 0x00001503fa000000|  0%| F|  |TAMS 0x00001503f8000000, 0x00001503f8000000| Untracked 
|4445|0x00001503fa000000, 0x00001503fa000000, 0x00001503fc000000|  0%| F|  |TAMS 0x00001503fa000000, 0x00001503fa000000| Untracked 
|4446|0x00001503fc000000, 0x00001503fc000000, 0x00001503fe000000|  0%| F|  |TAMS 0x00001503fc000000, 0x00001503fc000000| Untracked 
|4447|0x00001503fe000000, 0x00001503fe000000, 0x0000150400000000|  0%| F|  |TAMS 0x00001503fe000000, 0x00001503fe000000| Untracked 
|4448|0x0000150400000000, 0x0000150400000000, 0x0000150402000000|  0%| F|  |TAMS 0x0000150400000000, 0x0000150400000000| Untracked 
|4449|0x0000150402000000, 0x0000150402000000, 0x0000150404000000|  0%| F|  |TAMS 0x0000150402000000, 0x0000150402000000| Untracked 
|4450|0x0000150404000000, 0x0000150404000000, 0x0000150406000000|  0%| F|  |TAMS 0x0000150404000000, 0x0000150404000000| Untracked 
|4451|0x0000150406000000, 0x0000150406000000, 0x0000150408000000|  0%| F|  |TAMS 0x0000150406000000, 0x0000150406000000| Untracked 
|4452|0x0000150408000000, 0x0000150408000000, 0x000015040a000000|  0%| F|  |TAMS 0x0000150408000000, 0x0000150408000000| Untracked 
|4453|0x000015040a000000, 0x000015040a000000, 0x000015040c000000|  0%| F|  |TAMS 0x000015040a000000, 0x000015040a000000| Untracked 
|4454|0x000015040c000000, 0x000015040c000000, 0x000015040e000000|  0%| F|  |TAMS 0x000015040c000000, 0x000015040c000000| Untracked 
|4455|0x000015040e000000, 0x000015040e000000, 0x0000150410000000|  0%| F|  |TAMS 0x000015040e000000, 0x000015040e000000| Untracked 
|4456|0x0000150410000000, 0x0000150410000000, 0x0000150412000000|  0%| F|  |TAMS 0x0000150410000000, 0x0000150410000000| Untracked 
|4457|0x0000150412000000, 0x0000150412000000, 0x0000150414000000|  0%| F|  |TAMS 0x0000150412000000, 0x0000150412000000| Untracked 
|4458|0x0000150414000000, 0x0000150414000000, 0x0000150416000000|  0%| F|  |TAMS 0x0000150414000000, 0x0000150414000000| Untracked 
|4459|0x0000150416000000, 0x0000150416000000, 0x0000150418000000|  0%| F|  |TAMS 0x0000150416000000, 0x0000150416000000| Untracked 
|4460|0x0000150418000000, 0x0000150418000000, 0x000015041a000000|  0%| F|  |TAMS 0x0000150418000000, 0x0000150418000000| Untracked 
|4461|0x000015041a000000, 0x000015041a000000, 0x000015041c000000|  0%| F|  |TAMS 0x000015041a000000, 0x000015041a000000| Untracked 
|4462|0x000015041c000000, 0x000015041c000000, 0x000015041e000000|  0%| F|  |TAMS 0x000015041c000000, 0x000015041c000000| Untracked 
|4463|0x000015041e000000, 0x000015041e000000, 0x0000150420000000|  0%| F|  |TAMS 0x000015041e000000, 0x000015041e000000| Untracked 
|4464|0x0000150420000000, 0x0000150420000000, 0x0000150422000000|  0%| F|  |TAMS 0x0000150420000000, 0x0000150420000000| Untracked 
|4465|0x0000150422000000, 0x0000150422000000, 0x0000150424000000|  0%| F|  |TAMS 0x0000150422000000, 0x0000150422000000| Untracked 
|4466|0x0000150424000000, 0x0000150424000000, 0x0000150426000000|  0%| F|  |TAMS 0x0000150424000000, 0x0000150424000000| Untracked 
|4467|0x0000150426000000, 0x0000150426000000, 0x0000150428000000|  0%| F|  |TAMS 0x0000150426000000, 0x0000150426000000| Untracked 
|4468|0x0000150428000000, 0x0000150428000000, 0x000015042a000000|  0%| F|  |TAMS 0x0000150428000000, 0x0000150428000000| Untracked 
|4469|0x000015042a000000, 0x000015042a000000, 0x000015042c000000|  0%| F|  |TAMS 0x000015042a000000, 0x000015042a000000| Untracked 
|4470|0x000015042c000000, 0x000015042c000000, 0x000015042e000000|  0%| F|  |TAMS 0x000015042c000000, 0x000015042c000000| Untracked 
|4471|0x000015042e000000, 0x000015042e000000, 0x0000150430000000|  0%| F|  |TAMS 0x000015042e000000, 0x000015042e000000| Untracked 
|4472|0x0000150430000000, 0x0000150430000000, 0x0000150432000000|  0%| F|  |TAMS 0x0000150430000000, 0x0000150430000000| Untracked 
|4473|0x0000150432000000, 0x0000150432000000, 0x0000150434000000|  0%| F|  |TAMS 0x0000150432000000, 0x0000150432000000| Untracked 
|4474|0x0000150434000000, 0x0000150434000000, 0x0000150436000000|  0%| F|  |TAMS 0x0000150434000000, 0x0000150434000000| Untracked 
|4475|0x0000150436000000, 0x0000150436000000, 0x0000150438000000|  0%| F|  |TAMS 0x0000150436000000, 0x0000150436000000| Untracked 
|4476|0x0000150438000000, 0x0000150438000000, 0x000015043a000000|  0%| F|  |TAMS 0x0000150438000000, 0x0000150438000000| Untracked 
|4477|0x000015043a000000, 0x000015043a000000, 0x000015043c000000|  0%| F|  |TAMS 0x000015043a000000, 0x000015043a000000| Untracked 
|4478|0x000015043c000000, 0x000015043c000000, 0x000015043e000000|  0%| F|  |TAMS 0x000015043c000000, 0x000015043c000000| Untracked 
|4479|0x000015043e000000, 0x000015043e000000, 0x0000150440000000|  0%| F|  |TAMS 0x000015043e000000, 0x000015043e000000| Untracked 
|4480|0x0000150440000000, 0x0000150440000000, 0x0000150442000000|  0%| F|  |TAMS 0x0000150440000000, 0x0000150440000000| Untracked 
|4481|0x0000150442000000, 0x0000150442000000, 0x0000150444000000|  0%| F|  |TAMS 0x0000150442000000, 0x0000150442000000| Untracked 
|4482|0x0000150444000000, 0x0000150444000000, 0x0000150446000000|  0%| F|  |TAMS 0x0000150444000000, 0x0000150444000000| Untracked 
|4483|0x0000150446000000, 0x0000150446000000, 0x0000150448000000|  0%| F|  |TAMS 0x0000150446000000, 0x0000150446000000| Untracked 
|4484|0x0000150448000000, 0x0000150448000000, 0x000015044a000000|  0%| F|  |TAMS 0x0000150448000000, 0x0000150448000000| Untracked 
|4485|0x000015044a000000, 0x000015044a000000, 0x000015044c000000|  0%| F|  |TAMS 0x000015044a000000, 0x000015044a000000| Untracked 
|4486|0x000015044c000000, 0x000015044c000000, 0x000015044e000000|  0%| F|  |TAMS 0x000015044c000000, 0x000015044c000000| Untracked 
|4487|0x000015044e000000, 0x000015044e000000, 0x0000150450000000|  0%| F|  |TAMS 0x000015044e000000, 0x000015044e000000| Untracked 
|4488|0x0000150450000000, 0x0000150450000000, 0x0000150452000000|  0%| F|  |TAMS 0x0000150450000000, 0x0000150450000000| Untracked 
|4489|0x0000150452000000, 0x0000150452000000, 0x0000150454000000|  0%| F|  |TAMS 0x0000150452000000, 0x0000150452000000| Untracked 
|4490|0x0000150454000000, 0x0000150454000000, 0x0000150456000000|  0%| F|  |TAMS 0x0000150454000000, 0x0000150454000000| Untracked 
|4491|0x0000150456000000, 0x0000150456000000, 0x0000150458000000|  0%| F|  |TAMS 0x0000150456000000, 0x0000150456000000| Untracked 
|4492|0x0000150458000000, 0x0000150458000000, 0x000015045a000000|  0%| F|  |TAMS 0x0000150458000000, 0x0000150458000000| Untracked 
|4493|0x000015045a000000, 0x000015045a000000, 0x000015045c000000|  0%| F|  |TAMS 0x000015045a000000, 0x000015045a000000| Untracked 
|4494|0x000015045c000000, 0x000015045c000000, 0x000015045e000000|  0%| F|  |TAMS 0x000015045c000000, 0x000015045c000000| Untracked 
|4495|0x000015045e000000, 0x000015045e000000, 0x0000150460000000|  0%| F|  |TAMS 0x000015045e000000, 0x000015045e000000| Untracked 
|4496|0x0000150460000000, 0x0000150460000000, 0x0000150462000000|  0%| F|  |TAMS 0x0000150460000000, 0x0000150460000000| Untracked 
|4497|0x0000150462000000, 0x0000150462000000, 0x0000150464000000|  0%| F|  |TAMS 0x0000150462000000, 0x0000150462000000| Untracked 
|4498|0x0000150464000000, 0x0000150464000000, 0x0000150466000000|  0%| F|  |TAMS 0x0000150464000000, 0x0000150464000000| Untracked 
|4499|0x0000150466000000, 0x0000150466000000, 0x0000150468000000|  0%| F|  |TAMS 0x0000150466000000, 0x0000150466000000| Untracked 
|4500|0x0000150468000000, 0x0000150468000000, 0x000015046a000000|  0%| F|  |TAMS 0x0000150468000000, 0x0000150468000000| Untracked 
|4501|0x000015046a000000, 0x000015046a000000, 0x000015046c000000|  0%| F|  |TAMS 0x000015046a000000, 0x000015046a000000| Untracked 
|4502|0x000015046c000000, 0x000015046c000000, 0x000015046e000000|  0%| F|  |TAMS 0x000015046c000000, 0x000015046c000000| Untracked 
|4503|0x000015046e000000, 0x000015046e000000, 0x0000150470000000|  0%| F|  |TAMS 0x000015046e000000, 0x000015046e000000| Untracked 
|4504|0x0000150470000000, 0x0000150470000000, 0x0000150472000000|  0%| F|  |TAMS 0x0000150470000000, 0x0000150470000000| Untracked 
|4505|0x0000150472000000, 0x0000150472000000, 0x0000150474000000|  0%| F|  |TAMS 0x0000150472000000, 0x0000150472000000| Untracked 
|4506|0x0000150474000000, 0x0000150474000000, 0x0000150476000000|  0%| F|  |TAMS 0x0000150474000000, 0x0000150474000000| Untracked 
|4507|0x0000150476000000, 0x0000150476000000, 0x0000150478000000|  0%| F|  |TAMS 0x0000150476000000, 0x0000150476000000| Untracked 
|4508|0x0000150478000000, 0x0000150478000000, 0x000015047a000000|  0%| F|  |TAMS 0x0000150478000000, 0x0000150478000000| Untracked 
|4509|0x000015047a000000, 0x000015047a000000, 0x000015047c000000|  0%| F|  |TAMS 0x000015047a000000, 0x000015047a000000| Untracked 
|4510|0x000015047c000000, 0x000015047c000000, 0x000015047e000000|  0%| F|  |TAMS 0x000015047c000000, 0x000015047c000000| Untracked 
|4511|0x000015047e000000, 0x000015047e000000, 0x0000150480000000|  0%| F|  |TAMS 0x000015047e000000, 0x000015047e000000| Untracked 
|4512|0x0000150480000000, 0x0000150480000000, 0x0000150482000000|  0%| F|  |TAMS 0x0000150480000000, 0x0000150480000000| Untracked 
|4513|0x0000150482000000, 0x0000150482000000, 0x0000150484000000|  0%| F|  |TAMS 0x0000150482000000, 0x0000150482000000| Untracked 
|4514|0x0000150484000000, 0x0000150484000000, 0x0000150486000000|  0%| F|  |TAMS 0x0000150484000000, 0x0000150484000000| Untracked 
|4515|0x0000150486000000, 0x0000150486000000, 0x0000150488000000|  0%| F|  |TAMS 0x0000150486000000, 0x0000150486000000| Untracked 
|4516|0x0000150488000000, 0x0000150488000000, 0x000015048a000000|  0%| F|  |TAMS 0x0000150488000000, 0x0000150488000000| Untracked 
|4517|0x000015048a000000, 0x000015048a000000, 0x000015048c000000|  0%| F|  |TAMS 0x000015048a000000, 0x000015048a000000| Untracked 
|4518|0x000015048c000000, 0x000015048c000000, 0x000015048e000000|  0%| F|  |TAMS 0x000015048c000000, 0x000015048c000000| Untracked 
|4519|0x000015048e000000, 0x000015048e000000, 0x0000150490000000|  0%| F|  |TAMS 0x000015048e000000, 0x000015048e000000| Untracked 
|4520|0x0000150490000000, 0x0000150490000000, 0x0000150492000000|  0%| F|  |TAMS 0x0000150490000000, 0x0000150490000000| Untracked 
|4521|0x0000150492000000, 0x0000150492000000, 0x0000150494000000|  0%| F|  |TAMS 0x0000150492000000, 0x0000150492000000| Untracked 
|4522|0x0000150494000000, 0x0000150494000000, 0x0000150496000000|  0%| F|  |TAMS 0x0000150494000000, 0x0000150494000000| Untracked 
|4523|0x0000150496000000, 0x0000150496000000, 0x0000150498000000|  0%| F|  |TAMS 0x0000150496000000, 0x0000150496000000| Untracked 
|4524|0x0000150498000000, 0x0000150498000000, 0x000015049a000000|  0%| F|  |TAMS 0x0000150498000000, 0x0000150498000000| Untracked 
|4525|0x000015049a000000, 0x000015049a000000, 0x000015049c000000|  0%| F|  |TAMS 0x000015049a000000, 0x000015049a000000| Untracked 
|4526|0x000015049c000000, 0x000015049c000000, 0x000015049e000000|  0%| F|  |TAMS 0x000015049c000000, 0x000015049c000000| Untracked 
|4527|0x000015049e000000, 0x000015049e000000, 0x00001504a0000000|  0%| F|  |TAMS 0x000015049e000000, 0x000015049e000000| Untracked 
|4528|0x00001504a0000000, 0x00001504a0000000, 0x00001504a2000000|  0%| F|  |TAMS 0x00001504a0000000, 0x00001504a0000000| Untracked 
|4529|0x00001504a2000000, 0x00001504a2000000, 0x00001504a4000000|  0%| F|  |TAMS 0x00001504a2000000, 0x00001504a2000000| Untracked 
|4530|0x00001504a4000000, 0x00001504a4000000, 0x00001504a6000000|  0%| F|  |TAMS 0x00001504a4000000, 0x00001504a4000000| Untracked 
|4531|0x00001504a6000000, 0x00001504a6000000, 0x00001504a8000000|  0%| F|  |TAMS 0x00001504a6000000, 0x00001504a6000000| Untracked 
|4532|0x00001504a8000000, 0x00001504a8000000, 0x00001504aa000000|  0%| F|  |TAMS 0x00001504a8000000, 0x00001504a8000000| Untracked 
|4533|0x00001504aa000000, 0x00001504aa000000, 0x00001504ac000000|  0%| F|  |TAMS 0x00001504aa000000, 0x00001504aa000000| Untracked 
|4534|0x00001504ac000000, 0x00001504ac000000, 0x00001504ae000000|  0%| F|  |TAMS 0x00001504ac000000, 0x00001504ac000000| Untracked 
|4535|0x00001504ae000000, 0x00001504ae000000, 0x00001504b0000000|  0%| F|  |TAMS 0x00001504ae000000, 0x00001504ae000000| Untracked 
|4536|0x00001504b0000000, 0x00001504b0000000, 0x00001504b2000000|  0%| F|  |TAMS 0x00001504b0000000, 0x00001504b0000000| Untracked 
|4537|0x00001504b2000000, 0x00001504b2000000, 0x00001504b4000000|  0%| F|  |TAMS 0x00001504b2000000, 0x00001504b2000000| Untracked 
|4538|0x00001504b4000000, 0x00001504b4000000, 0x00001504b6000000|  0%| F|  |TAMS 0x00001504b4000000, 0x00001504b4000000| Untracked 
|4539|0x00001504b6000000, 0x00001504b6000000, 0x00001504b8000000|  0%| F|  |TAMS 0x00001504b6000000, 0x00001504b6000000| Untracked 
|4540|0x00001504b8000000, 0x00001504b8000000, 0x00001504ba000000|  0%| F|  |TAMS 0x00001504b8000000, 0x00001504b8000000| Untracked 
|4541|0x00001504ba000000, 0x00001504ba000000, 0x00001504bc000000|  0%| F|  |TAMS 0x00001504ba000000, 0x00001504ba000000| Untracked 
|4542|0x00001504bc000000, 0x00001504bc000000, 0x00001504be000000|  0%| F|  |TAMS 0x00001504bc000000, 0x00001504bc000000| Untracked 
|4543|0x00001504be000000, 0x00001504be000000, 0x00001504c0000000|  0%| F|  |TAMS 0x00001504be000000, 0x00001504be000000| Untracked 
|4544|0x00001504c0000000, 0x00001504c0000000, 0x00001504c2000000|  0%| F|  |TAMS 0x00001504c0000000, 0x00001504c0000000| Untracked 
|4545|0x00001504c2000000, 0x00001504c2000000, 0x00001504c4000000|  0%| F|  |TAMS 0x00001504c2000000, 0x00001504c2000000| Untracked 
|4546|0x00001504c4000000, 0x00001504c4000000, 0x00001504c6000000|  0%| F|  |TAMS 0x00001504c4000000, 0x00001504c4000000| Untracked 
|4547|0x00001504c6000000, 0x00001504c6000000, 0x00001504c8000000|  0%| F|  |TAMS 0x00001504c6000000, 0x00001504c6000000| Untracked 
|4548|0x00001504c8000000, 0x00001504c8000000, 0x00001504ca000000|  0%| F|  |TAMS 0x00001504c8000000, 0x00001504c8000000| Untracked 
|4549|0x00001504ca000000, 0x00001504ca000000, 0x00001504cc000000|  0%| F|  |TAMS 0x00001504ca000000, 0x00001504ca000000| Untracked 
|4550|0x00001504cc000000, 0x00001504cc000000, 0x00001504ce000000|  0%| F|  |TAMS 0x00001504cc000000, 0x00001504cc000000| Untracked 
|4551|0x00001504ce000000, 0x00001504ce000000, 0x00001504d0000000|  0%| F|  |TAMS 0x00001504ce000000, 0x00001504ce000000| Untracked 
|4552|0x00001504d0000000, 0x00001504d0000000, 0x00001504d2000000|  0%| F|  |TAMS 0x00001504d0000000, 0x00001504d0000000| Untracked 
|4553|0x00001504d2000000, 0x00001504d2000000, 0x00001504d4000000|  0%| F|  |TAMS 0x00001504d2000000, 0x00001504d2000000| Untracked 
|4554|0x00001504d4000000, 0x00001504d4000000, 0x00001504d6000000|  0%| F|  |TAMS 0x00001504d4000000, 0x00001504d4000000| Untracked 
|4555|0x00001504d6000000, 0x00001504d6000000, 0x00001504d8000000|  0%| F|  |TAMS 0x00001504d6000000, 0x00001504d6000000| Untracked 
|4556|0x00001504d8000000, 0x00001504d8000000, 0x00001504da000000|  0%| F|  |TAMS 0x00001504d8000000, 0x00001504d8000000| Untracked 
|4557|0x00001504da000000, 0x00001504da000000, 0x00001504dc000000|  0%| F|  |TAMS 0x00001504da000000, 0x00001504da000000| Untracked 
|4558|0x00001504dc000000, 0x00001504dc000000, 0x00001504de000000|  0%| F|  |TAMS 0x00001504dc000000, 0x00001504dc000000| Untracked 
|4559|0x00001504de000000, 0x00001504de000000, 0x00001504e0000000|  0%| F|  |TAMS 0x00001504de000000, 0x00001504de000000| Untracked 
|4560|0x00001504e0000000, 0x00001504e0000000, 0x00001504e2000000|  0%| F|  |TAMS 0x00001504e0000000, 0x00001504e0000000| Untracked 
|4561|0x00001504e2000000, 0x00001504e2000000, 0x00001504e4000000|  0%| F|  |TAMS 0x00001504e2000000, 0x00001504e2000000| Untracked 
|4562|0x00001504e4000000, 0x00001504e4000000, 0x00001504e6000000|  0%| F|  |TAMS 0x00001504e4000000, 0x00001504e4000000| Untracked 
|4563|0x00001504e6000000, 0x00001504e6000000, 0x00001504e8000000|  0%| F|  |TAMS 0x00001504e6000000, 0x00001504e6000000| Untracked 
|4564|0x00001504e8000000, 0x00001504e8000000, 0x00001504ea000000|  0%| F|  |TAMS 0x00001504e8000000, 0x00001504e8000000| Untracked 
|4565|0x00001504ea000000, 0x00001504ea000000, 0x00001504ec000000|  0%| F|  |TAMS 0x00001504ea000000, 0x00001504ea000000| Untracked 
|4566|0x00001504ec000000, 0x00001504ec000000, 0x00001504ee000000|  0%| F|  |TAMS 0x00001504ec000000, 0x00001504ec000000| Untracked 
|4567|0x00001504ee000000, 0x00001504ee000000, 0x00001504f0000000|  0%| F|  |TAMS 0x00001504ee000000, 0x00001504ee000000| Untracked 
|4568|0x00001504f0000000, 0x00001504f0000000, 0x00001504f2000000|  0%| F|  |TAMS 0x00001504f0000000, 0x00001504f0000000| Untracked 
|4569|0x00001504f2000000, 0x00001504f2000000, 0x00001504f4000000|  0%| F|  |TAMS 0x00001504f2000000, 0x00001504f2000000| Untracked 
|4570|0x00001504f4000000, 0x00001504f4000000, 0x00001504f6000000|  0%| F|  |TAMS 0x00001504f4000000, 0x00001504f4000000| Untracked 
|4571|0x00001504f6000000, 0x00001504f6000000, 0x00001504f8000000|  0%| F|  |TAMS 0x00001504f6000000, 0x00001504f6000000| Untracked 
|4572|0x00001504f8000000, 0x00001504f8000000, 0x00001504fa000000|  0%| F|  |TAMS 0x00001504f8000000, 0x00001504f8000000| Untracked 
|4573|0x00001504fa000000, 0x00001504fa000000, 0x00001504fc000000|  0%| F|  |TAMS 0x00001504fa000000, 0x00001504fa000000| Untracked 
|4574|0x00001504fc000000, 0x00001504fc000000, 0x00001504fe000000|  0%| F|  |TAMS 0x00001504fc000000, 0x00001504fc000000| Untracked 
|4575|0x00001504fe000000, 0x00001504fe000000, 0x0000150500000000|  0%| F|  |TAMS 0x00001504fe000000, 0x00001504fe000000| Untracked 
|4576|0x0000150500000000, 0x0000150500000000, 0x0000150502000000|  0%| F|  |TAMS 0x0000150500000000, 0x0000150500000000| Untracked 
|4577|0x0000150502000000, 0x0000150502000000, 0x0000150504000000|  0%| F|  |TAMS 0x0000150502000000, 0x0000150502000000| Untracked 
|4578|0x0000150504000000, 0x0000150504000000, 0x0000150506000000|  0%| F|  |TAMS 0x0000150504000000, 0x0000150504000000| Untracked 
|4579|0x0000150506000000, 0x0000150506000000, 0x0000150508000000|  0%| F|  |TAMS 0x0000150506000000, 0x0000150506000000| Untracked 
|4580|0x0000150508000000, 0x0000150508000000, 0x000015050a000000|  0%| F|  |TAMS 0x0000150508000000, 0x0000150508000000| Untracked 
|4581|0x000015050a000000, 0x000015050a000000, 0x000015050c000000|  0%| F|  |TAMS 0x000015050a000000, 0x000015050a000000| Untracked 
|4582|0x000015050c000000, 0x000015050c000000, 0x000015050e000000|  0%| F|  |TAMS 0x000015050c000000, 0x000015050c000000| Untracked 
|4583|0x000015050e000000, 0x000015050e000000, 0x0000150510000000|  0%| F|  |TAMS 0x000015050e000000, 0x000015050e000000| Untracked 
|4584|0x0000150510000000, 0x0000150510000000, 0x0000150512000000|  0%| F|  |TAMS 0x0000150510000000, 0x0000150510000000| Untracked 
|4585|0x0000150512000000, 0x0000150512000000, 0x0000150514000000|  0%| F|  |TAMS 0x0000150512000000, 0x0000150512000000| Untracked 
|4586|0x0000150514000000, 0x0000150514000000, 0x0000150516000000|  0%| F|  |TAMS 0x0000150514000000, 0x0000150514000000| Untracked 
|4587|0x0000150516000000, 0x0000150516000000, 0x0000150518000000|  0%| F|  |TAMS 0x0000150516000000, 0x0000150516000000| Untracked 
|4588|0x0000150518000000, 0x0000150518000000, 0x000015051a000000|  0%| F|  |TAMS 0x0000150518000000, 0x0000150518000000| Untracked 
|4589|0x000015051a000000, 0x000015051a000000, 0x000015051c000000|  0%| F|  |TAMS 0x000015051a000000, 0x000015051a000000| Untracked 
|4590|0x000015051c000000, 0x000015051c000000, 0x000015051e000000|  0%| F|  |TAMS 0x000015051c000000, 0x000015051c000000| Untracked 
|4591|0x000015051e000000, 0x000015051e000000, 0x0000150520000000|  0%| F|  |TAMS 0x000015051e000000, 0x000015051e000000| Untracked 
|4592|0x0000150520000000, 0x0000150520000000, 0x0000150522000000|  0%| F|  |TAMS 0x0000150520000000, 0x0000150520000000| Untracked 
|4593|0x0000150522000000, 0x0000150522000000, 0x0000150524000000|  0%| F|  |TAMS 0x0000150522000000, 0x0000150522000000| Untracked 
|4594|0x0000150524000000, 0x0000150524000000, 0x0000150526000000|  0%| F|  |TAMS 0x0000150524000000, 0x0000150524000000| Untracked 
|4595|0x0000150526000000, 0x0000150526000000, 0x0000150528000000|  0%| F|  |TAMS 0x0000150526000000, 0x0000150526000000| Untracked 
|4596|0x0000150528000000, 0x0000150528000000, 0x000015052a000000|  0%| F|  |TAMS 0x0000150528000000, 0x0000150528000000| Untracked 
|4597|0x000015052a000000, 0x000015052a000000, 0x000015052c000000|  0%| F|  |TAMS 0x000015052a000000, 0x000015052a000000| Untracked 
|4598|0x000015052c000000, 0x000015052c000000, 0x000015052e000000|  0%| F|  |TAMS 0x000015052c000000, 0x000015052c000000| Untracked 
|4599|0x000015052e000000, 0x000015052e000000, 0x0000150530000000|  0%| F|  |TAMS 0x000015052e000000, 0x000015052e000000| Untracked 
|4600|0x0000150530000000, 0x0000150530000000, 0x0000150532000000|  0%| F|  |TAMS 0x0000150530000000, 0x0000150530000000| Untracked 
|4601|0x0000150532000000, 0x0000150532000000, 0x0000150534000000|  0%| F|  |TAMS 0x0000150532000000, 0x0000150532000000| Untracked 
|4602|0x0000150534000000, 0x0000150534000000, 0x0000150536000000|  0%| F|  |TAMS 0x0000150534000000, 0x0000150534000000| Untracked 
|4603|0x0000150536000000, 0x0000150536000000, 0x0000150538000000|  0%| F|  |TAMS 0x0000150536000000, 0x0000150536000000| Untracked 
|4604|0x0000150538000000, 0x0000150538000000, 0x000015053a000000|  0%| F|  |TAMS 0x0000150538000000, 0x0000150538000000| Untracked 
|4605|0x000015053a000000, 0x000015053a000000, 0x000015053c000000|  0%| F|  |TAMS 0x000015053a000000, 0x000015053a000000| Untracked 
|4606|0x000015053c000000, 0x000015053c000000, 0x000015053e000000|  0%| F|  |TAMS 0x000015053c000000, 0x000015053c000000| Untracked 
|4607|0x000015053e000000, 0x000015053e000000, 0x0000150540000000|  0%| F|  |TAMS 0x000015053e000000, 0x000015053e000000| Untracked 
|4608|0x0000150540000000, 0x0000150540000000, 0x0000150542000000|  0%| F|  |TAMS 0x0000150540000000, 0x0000150540000000| Untracked 
|4609|0x0000150542000000, 0x0000150542000000, 0x0000150544000000|  0%| F|  |TAMS 0x0000150542000000, 0x0000150542000000| Untracked 
|4610|0x0000150544000000, 0x0000150544000000, 0x0000150546000000|  0%| F|  |TAMS 0x0000150544000000, 0x0000150544000000| Untracked 
|4611|0x0000150546000000, 0x0000150546000000, 0x0000150548000000|  0%| F|  |TAMS 0x0000150546000000, 0x0000150546000000| Untracked 
|4612|0x0000150548000000, 0x0000150548000000, 0x000015054a000000|  0%| F|  |TAMS 0x0000150548000000, 0x0000150548000000| Untracked 
|4613|0x000015054a000000, 0x000015054a000000, 0x000015054c000000|  0%| F|  |TAMS 0x000015054a000000, 0x000015054a000000| Untracked 
|4614|0x000015054c000000, 0x000015054c000000, 0x000015054e000000|  0%| F|  |TAMS 0x000015054c000000, 0x000015054c000000| Untracked 
|4615|0x000015054e000000, 0x000015054e000000, 0x0000150550000000|  0%| F|  |TAMS 0x000015054e000000, 0x000015054e000000| Untracked 
|4616|0x0000150550000000, 0x0000150550000000, 0x0000150552000000|  0%| F|  |TAMS 0x0000150550000000, 0x0000150550000000| Untracked 
|4617|0x0000150552000000, 0x0000150552000000, 0x0000150554000000|  0%| F|  |TAMS 0x0000150552000000, 0x0000150552000000| Untracked 
|4618|0x0000150554000000, 0x0000150554000000, 0x0000150556000000|  0%| F|  |TAMS 0x0000150554000000, 0x0000150554000000| Untracked 
|4619|0x0000150556000000, 0x0000150556000000, 0x0000150558000000|  0%| F|  |TAMS 0x0000150556000000, 0x0000150556000000| Untracked 
|4620|0x0000150558000000, 0x0000150558000000, 0x000015055a000000|  0%| F|  |TAMS 0x0000150558000000, 0x0000150558000000| Untracked 
|4621|0x000015055a000000, 0x000015055a000000, 0x000015055c000000|  0%| F|  |TAMS 0x000015055a000000, 0x000015055a000000| Untracked 
|4622|0x000015055c000000, 0x000015055c000000, 0x000015055e000000|  0%| F|  |TAMS 0x000015055c000000, 0x000015055c000000| Untracked 
|4623|0x000015055e000000, 0x000015055e000000, 0x0000150560000000|  0%| F|  |TAMS 0x000015055e000000, 0x000015055e000000| Untracked 
|4624|0x0000150560000000, 0x0000150560000000, 0x0000150562000000|  0%| F|  |TAMS 0x0000150560000000, 0x0000150560000000| Untracked 
|4625|0x0000150562000000, 0x0000150562000000, 0x0000150564000000|  0%| F|  |TAMS 0x0000150562000000, 0x0000150562000000| Untracked 
|4626|0x0000150564000000, 0x0000150564000000, 0x0000150566000000|  0%| F|  |TAMS 0x0000150564000000, 0x0000150564000000| Untracked 
|4627|0x0000150566000000, 0x0000150566000000, 0x0000150568000000|  0%| F|  |TAMS 0x0000150566000000, 0x0000150566000000| Untracked 
|4628|0x0000150568000000, 0x0000150568000000, 0x000015056a000000|  0%| F|  |TAMS 0x0000150568000000, 0x0000150568000000| Untracked 
|4629|0x000015056a000000, 0x000015056a000000, 0x000015056c000000|  0%| F|  |TAMS 0x000015056a000000, 0x000015056a000000| Untracked 
|4630|0x000015056c000000, 0x000015056c000000, 0x000015056e000000|  0%| F|  |TAMS 0x000015056c000000, 0x000015056c000000| Untracked 
|4631|0x000015056e000000, 0x000015056e000000, 0x0000150570000000|  0%| F|  |TAMS 0x000015056e000000, 0x000015056e000000| Untracked 
|4632|0x0000150570000000, 0x0000150570000000, 0x0000150572000000|  0%| F|  |TAMS 0x0000150570000000, 0x0000150570000000| Untracked 
|4633|0x0000150572000000, 0x0000150572000000, 0x0000150574000000|  0%| F|  |TAMS 0x0000150572000000, 0x0000150572000000| Untracked 
|4634|0x0000150574000000, 0x0000150574000000, 0x0000150576000000|  0%| F|  |TAMS 0x0000150574000000, 0x0000150574000000| Untracked 
|4635|0x0000150576000000, 0x0000150576000000, 0x0000150578000000|  0%| F|  |TAMS 0x0000150576000000, 0x0000150576000000| Untracked 
|4636|0x0000150578000000, 0x0000150578000000, 0x000015057a000000|  0%| F|  |TAMS 0x0000150578000000, 0x0000150578000000| Untracked 
|4637|0x000015057a000000, 0x000015057a000000, 0x000015057c000000|  0%| F|  |TAMS 0x000015057a000000, 0x000015057a000000| Untracked 
|4638|0x000015057c000000, 0x000015057c000000, 0x000015057e000000|  0%| F|  |TAMS 0x000015057c000000, 0x000015057c000000| Untracked 
|4639|0x000015057e000000, 0x000015057e000000, 0x0000150580000000|  0%| F|  |TAMS 0x000015057e000000, 0x000015057e000000| Untracked 
|4640|0x0000150580000000, 0x0000150580000000, 0x0000150582000000|  0%| F|  |TAMS 0x0000150580000000, 0x0000150580000000| Untracked 
|4641|0x0000150582000000, 0x0000150582000000, 0x0000150584000000|  0%| F|  |TAMS 0x0000150582000000, 0x0000150582000000| Untracked 
|4642|0x0000150584000000, 0x0000150584000000, 0x0000150586000000|  0%| F|  |TAMS 0x0000150584000000, 0x0000150584000000| Untracked 
|4643|0x0000150586000000, 0x0000150586000000, 0x0000150588000000|  0%| F|  |TAMS 0x0000150586000000, 0x0000150586000000| Untracked 
|4644|0x0000150588000000, 0x0000150588000000, 0x000015058a000000|  0%| F|  |TAMS 0x0000150588000000, 0x0000150588000000| Untracked 
|4645|0x000015058a000000, 0x000015058a000000, 0x000015058c000000|  0%| F|  |TAMS 0x000015058a000000, 0x000015058a000000| Untracked 
|4646|0x000015058c000000, 0x000015058c000000, 0x000015058e000000|  0%| F|  |TAMS 0x000015058c000000, 0x000015058c000000| Untracked 
|4647|0x000015058e000000, 0x000015058e000000, 0x0000150590000000|  0%| F|  |TAMS 0x000015058e000000, 0x000015058e000000| Untracked 
|4648|0x0000150590000000, 0x0000150590000000, 0x0000150592000000|  0%| F|  |TAMS 0x0000150590000000, 0x0000150590000000| Untracked 
|4649|0x0000150592000000, 0x0000150592000000, 0x0000150594000000|  0%| F|  |TAMS 0x0000150592000000, 0x0000150592000000| Untracked 
|4650|0x0000150594000000, 0x0000150594000000, 0x0000150596000000|  0%| F|  |TAMS 0x0000150594000000, 0x0000150594000000| Untracked 
|4651|0x0000150596000000, 0x0000150596000000, 0x0000150598000000|  0%| F|  |TAMS 0x0000150596000000, 0x0000150596000000| Untracked 
|4652|0x0000150598000000, 0x0000150598000000, 0x000015059a000000|  0%| F|  |TAMS 0x0000150598000000, 0x0000150598000000| Untracked 
|4653|0x000015059a000000, 0x000015059a000000, 0x000015059c000000|  0%| F|  |TAMS 0x000015059a000000, 0x000015059a000000| Untracked 
|4654|0x000015059c000000, 0x000015059c000000, 0x000015059e000000|  0%| F|  |TAMS 0x000015059c000000, 0x000015059c000000| Untracked 
|4655|0x000015059e000000, 0x000015059e000000, 0x00001505a0000000|  0%| F|  |TAMS 0x000015059e000000, 0x000015059e000000| Untracked 
|4656|0x00001505a0000000, 0x00001505a0000000, 0x00001505a2000000|  0%| F|  |TAMS 0x00001505a0000000, 0x00001505a0000000| Untracked 
|4657|0x00001505a2000000, 0x00001505a2000000, 0x00001505a4000000|  0%| F|  |TAMS 0x00001505a2000000, 0x00001505a2000000| Untracked 
|4658|0x00001505a4000000, 0x00001505a4000000, 0x00001505a6000000|  0%| F|  |TAMS 0x00001505a4000000, 0x00001505a4000000| Untracked 
|4659|0x00001505a6000000, 0x00001505a6000000, 0x00001505a8000000|  0%| F|  |TAMS 0x00001505a6000000, 0x00001505a6000000| Untracked 
|4660|0x00001505a8000000, 0x00001505a8000000, 0x00001505aa000000|  0%| F|  |TAMS 0x00001505a8000000, 0x00001505a8000000| Untracked 
|4661|0x00001505aa000000, 0x00001505aa000000, 0x00001505ac000000|  0%| F|  |TAMS 0x00001505aa000000, 0x00001505aa000000| Untracked 
|4662|0x00001505ac000000, 0x00001505ac000000, 0x00001505ae000000|  0%| F|  |TAMS 0x00001505ac000000, 0x00001505ac000000| Untracked 
|4663|0x00001505ae000000, 0x00001505ae000000, 0x00001505b0000000|  0%| F|  |TAMS 0x00001505ae000000, 0x00001505ae000000| Untracked 
|4664|0x00001505b0000000, 0x00001505b0000000, 0x00001505b2000000|  0%| F|  |TAMS 0x00001505b0000000, 0x00001505b0000000| Untracked 
|4665|0x00001505b2000000, 0x00001505b2000000, 0x00001505b4000000|  0%| F|  |TAMS 0x00001505b2000000, 0x00001505b2000000| Untracked 
|4666|0x00001505b4000000, 0x00001505b4000000, 0x00001505b6000000|  0%| F|  |TAMS 0x00001505b4000000, 0x00001505b4000000| Untracked 
|4667|0x00001505b6000000, 0x00001505b6000000, 0x00001505b8000000|  0%| F|  |TAMS 0x00001505b6000000, 0x00001505b6000000| Untracked 
|4668|0x00001505b8000000, 0x00001505b8000000, 0x00001505ba000000|  0%| F|  |TAMS 0x00001505b8000000, 0x00001505b8000000| Untracked 
|4669|0x00001505ba000000, 0x00001505ba000000, 0x00001505bc000000|  0%| F|  |TAMS 0x00001505ba000000, 0x00001505ba000000| Untracked 
|4670|0x00001505bc000000, 0x00001505bc000000, 0x00001505be000000|  0%| F|  |TAMS 0x00001505bc000000, 0x00001505bc000000| Untracked 
|4671|0x00001505be000000, 0x00001505be000000, 0x00001505c0000000|  0%| F|  |TAMS 0x00001505be000000, 0x00001505be000000| Untracked 
|4672|0x00001505c0000000, 0x00001505c0000000, 0x00001505c2000000|  0%| F|  |TAMS 0x00001505c0000000, 0x00001505c0000000| Untracked 
|4673|0x00001505c2000000, 0x00001505c2000000, 0x00001505c4000000|  0%| F|  |TAMS 0x00001505c2000000, 0x00001505c2000000| Untracked 
|4674|0x00001505c4000000, 0x00001505c4000000, 0x00001505c6000000|  0%| F|  |TAMS 0x00001505c4000000, 0x00001505c4000000| Untracked 
|4675|0x00001505c6000000, 0x00001505c6000000, 0x00001505c8000000|  0%| F|  |TAMS 0x00001505c6000000, 0x00001505c6000000| Untracked 
|4676|0x00001505c8000000, 0x00001505c8000000, 0x00001505ca000000|  0%| F|  |TAMS 0x00001505c8000000, 0x00001505c8000000| Untracked 
|4677|0x00001505ca000000, 0x00001505ca000000, 0x00001505cc000000|  0%| F|  |TAMS 0x00001505ca000000, 0x00001505ca000000| Untracked 
|4678|0x00001505cc000000, 0x00001505cc000000, 0x00001505ce000000|  0%| F|  |TAMS 0x00001505cc000000, 0x00001505cc000000| Untracked 
|4679|0x00001505ce000000, 0x00001505ce000000, 0x00001505d0000000|  0%| F|  |TAMS 0x00001505ce000000, 0x00001505ce000000| Untracked 
|4680|0x00001505d0000000, 0x00001505d0000000, 0x00001505d2000000|  0%| F|  |TAMS 0x00001505d0000000, 0x00001505d0000000| Untracked 
|4681|0x00001505d2000000, 0x00001505d2000000, 0x00001505d4000000|  0%| F|  |TAMS 0x00001505d2000000, 0x00001505d2000000| Untracked 
|4682|0x00001505d4000000, 0x00001505d4000000, 0x00001505d6000000|  0%| F|  |TAMS 0x00001505d4000000, 0x00001505d4000000| Untracked 
|4683|0x00001505d6000000, 0x00001505d6000000, 0x00001505d8000000|  0%| F|  |TAMS 0x00001505d6000000, 0x00001505d6000000| Untracked 
|4684|0x00001505d8000000, 0x00001505d9000800, 0x00001505da000000| 50%| E|  |TAMS 0x00001505d8000000, 0x00001505d8000000| Complete 
|4685|0x00001505da000000, 0x00001505dc000000, 0x00001505dc000000|100%| E|CS|TAMS 0x00001505da000000, 0x00001505da000000| Complete 
|4686|0x00001505dc000000, 0x00001505de000000, 0x00001505de000000|100%| E|CS|TAMS 0x00001505dc000000, 0x00001505dc000000| Complete 
|4687|0x00001505de000000, 0x00001505e0000000, 0x00001505e0000000|100%| E|CS|TAMS 0x00001505de000000, 0x00001505de000000| Complete 
|4688|0x00001505e0000000, 0x00001505e2000000, 0x00001505e2000000|100%| E|CS|TAMS 0x00001505e0000000, 0x00001505e0000000| Complete 
|4689|0x00001505e2000000, 0x00001505e4000000, 0x00001505e4000000|100%| E|CS|TAMS 0x00001505e2000000, 0x00001505e2000000| Complete 
|4690|0x00001505e4000000, 0x00001505e6000000, 0x00001505e6000000|100%| E|CS|TAMS 0x00001505e4000000, 0x00001505e4000000| Complete 
|4691|0x00001505e6000000, 0x00001505e8000000, 0x00001505e8000000|100%| E|CS|TAMS 0x00001505e6000000, 0x00001505e6000000| Complete 
|4692|0x00001505e8000000, 0x00001505ea000000, 0x00001505ea000000|100%| E|CS|TAMS 0x00001505e8000000, 0x00001505e8000000| Complete 
|4693|0x00001505ea000000, 0x00001505ec000000, 0x00001505ec000000|100%| E|CS|TAMS 0x00001505ea000000, 0x00001505ea000000| Complete 
|4694|0x00001505ec000000, 0x00001505ee000000, 0x00001505ee000000|100%| E|CS|TAMS 0x00001505ec000000, 0x00001505ec000000| Complete 
|4695|0x00001505ee000000, 0x00001505f0000000, 0x00001505f0000000|100%| E|CS|TAMS 0x00001505ee000000, 0x00001505ee000000| Complete 
|4696|0x00001505f0000000, 0x00001505f2000000, 0x00001505f2000000|100%| E|CS|TAMS 0x00001505f0000000, 0x00001505f0000000| Complete 
|4697|0x00001505f2000000, 0x00001505f4000000, 0x00001505f4000000|100%| E|CS|TAMS 0x00001505f2000000, 0x00001505f2000000| Complete 
|4698|0x00001505f4000000, 0x00001505f6000000, 0x00001505f6000000|100%| E|CS|TAMS 0x00001505f4000000, 0x00001505f4000000| Complete 
|4699|0x00001505f6000000, 0x00001505f8000000, 0x00001505f8000000|100%| E|CS|TAMS 0x00001505f6000000, 0x00001505f6000000| Complete 
|4700|0x00001505f8000000, 0x00001505fa000000, 0x00001505fa000000|100%| E|CS|TAMS 0x00001505f8000000, 0x00001505f8000000| Complete 
|4701|0x00001505fa000000, 0x00001505fc000000, 0x00001505fc000000|100%| E|CS|TAMS 0x00001505fa000000, 0x00001505fa000000| Complete 
|4702|0x00001505fc000000, 0x00001505fe000000, 0x00001505fe000000|100%| E|CS|TAMS 0x00001505fc000000, 0x00001505fc000000| Complete 
|4703|0x00001505fe000000, 0x0000150600000000, 0x0000150600000000|100%| E|CS|TAMS 0x00001505fe000000, 0x00001505fe000000| Complete 
|4704|0x0000150600000000, 0x0000150602000000, 0x0000150602000000|100%| E|CS|TAMS 0x0000150600000000, 0x0000150600000000| Complete 
|4705|0x0000150602000000, 0x0000150604000000, 0x0000150604000000|100%| E|CS|TAMS 0x0000150602000000, 0x0000150602000000| Complete 
|4706|0x0000150604000000, 0x0000150606000000, 0x0000150606000000|100%| E|CS|TAMS 0x0000150604000000, 0x0000150604000000| Complete 
|4707|0x0000150606000000, 0x0000150608000000, 0x0000150608000000|100%| E|CS|TAMS 0x0000150606000000, 0x0000150606000000| Complete 
|4708|0x0000150608000000, 0x000015060a000000, 0x000015060a000000|100%| E|CS|TAMS 0x0000150608000000, 0x0000150608000000| Complete 
|4709|0x000015060a000000, 0x000015060c000000, 0x000015060c000000|100%| E|CS|TAMS 0x000015060a000000, 0x000015060a000000| Complete 
|4710|0x000015060c000000, 0x000015060e000000, 0x000015060e000000|100%| E|CS|TAMS 0x000015060c000000, 0x000015060c000000| Complete 
|4711|0x000015060e000000, 0x0000150610000000, 0x0000150610000000|100%| E|CS|TAMS 0x000015060e000000, 0x000015060e000000| Complete 
|4712|0x0000150610000000, 0x0000150612000000, 0x0000150612000000|100%| E|CS|TAMS 0x0000150610000000, 0x0000150610000000| Complete 
|4713|0x0000150612000000, 0x0000150614000000, 0x0000150614000000|100%| E|CS|TAMS 0x0000150612000000, 0x0000150612000000| Complete 
|4714|0x0000150614000000, 0x0000150616000000, 0x0000150616000000|100%| E|CS|TAMS 0x0000150614000000, 0x0000150614000000| Complete 
|4715|0x0000150616000000, 0x0000150618000000, 0x0000150618000000|100%| E|CS|TAMS 0x0000150616000000, 0x0000150616000000| Complete 
|4716|0x0000150618000000, 0x000015061a000000, 0x000015061a000000|100%| E|CS|TAMS 0x0000150618000000, 0x0000150618000000| Complete 
|4717|0x000015061a000000, 0x000015061c000000, 0x000015061c000000|100%| E|CS|TAMS 0x000015061a000000, 0x000015061a000000| Complete 
|4718|0x000015061c000000, 0x000015061e000000, 0x000015061e000000|100%| E|CS|TAMS 0x000015061c000000, 0x000015061c000000| Complete 
|4719|0x000015061e000000, 0x0000150620000000, 0x0000150620000000|100%| E|CS|TAMS 0x000015061e000000, 0x000015061e000000| Complete 
|4720|0x0000150620000000, 0x0000150622000000, 0x0000150622000000|100%| E|CS|TAMS 0x0000150620000000, 0x0000150620000000| Complete 
|4721|0x0000150622000000, 0x0000150624000000, 0x0000150624000000|100%| E|CS|TAMS 0x0000150622000000, 0x0000150622000000| Complete 
|4722|0x0000150624000000, 0x0000150626000000, 0x0000150626000000|100%| E|CS|TAMS 0x0000150624000000, 0x0000150624000000| Complete 
|4723|0x0000150626000000, 0x0000150628000000, 0x0000150628000000|100%| E|CS|TAMS 0x0000150626000000, 0x0000150626000000| Complete 
|4724|0x0000150628000000, 0x000015062a000000, 0x000015062a000000|100%| E|CS|TAMS 0x0000150628000000, 0x0000150628000000| Complete 
|4725|0x000015062a000000, 0x000015062c000000, 0x000015062c000000|100%| E|CS|TAMS 0x000015062a000000, 0x000015062a000000| Complete 
|4726|0x000015062c000000, 0x000015062e000000, 0x000015062e000000|100%| E|CS|TAMS 0x000015062c000000, 0x000015062c000000| Complete 
|4727|0x000015062e000000, 0x0000150630000000, 0x0000150630000000|100%| E|CS|TAMS 0x000015062e000000, 0x000015062e000000| Complete 
|4728|0x0000150630000000, 0x0000150632000000, 0x0000150632000000|100%| E|CS|TAMS 0x0000150630000000, 0x0000150630000000| Complete 
|4729|0x0000150632000000, 0x0000150634000000, 0x0000150634000000|100%| E|CS|TAMS 0x0000150632000000, 0x0000150632000000| Complete 
|4730|0x0000150634000000, 0x0000150636000000, 0x0000150636000000|100%| E|CS|TAMS 0x0000150634000000, 0x0000150634000000| Complete 
|4731|0x0000150636000000, 0x0000150638000000, 0x0000150638000000|100%| E|CS|TAMS 0x0000150636000000, 0x0000150636000000| Complete 
|4732|0x0000150638000000, 0x000015063a000000, 0x000015063a000000|100%| E|CS|TAMS 0x0000150638000000, 0x0000150638000000| Complete 
|4733|0x000015063a000000, 0x000015063c000000, 0x000015063c000000|100%| E|CS|TAMS 0x000015063a000000, 0x000015063a000000| Complete 
|4734|0x000015063c000000, 0x000015063e000000, 0x000015063e000000|100%| E|CS|TAMS 0x000015063c000000, 0x000015063c000000| Complete 
|4735|0x000015063e000000, 0x0000150640000000, 0x0000150640000000|100%| E|CS|TAMS 0x000015063e000000, 0x000015063e000000| Complete 
|4736|0x0000150640000000, 0x0000150642000000, 0x0000150642000000|100%| E|CS|TAMS 0x0000150640000000, 0x0000150640000000| Complete 
|4737|0x0000150642000000, 0x0000150644000000, 0x0000150644000000|100%| E|CS|TAMS 0x0000150642000000, 0x0000150642000000| Complete 
|4738|0x0000150644000000, 0x0000150646000000, 0x0000150646000000|100%| E|CS|TAMS 0x0000150644000000, 0x0000150644000000| Complete 
|4739|0x0000150646000000, 0x0000150648000000, 0x0000150648000000|100%| E|CS|TAMS 0x0000150646000000, 0x0000150646000000| Complete 
|4740|0x0000150648000000, 0x000015064a000000, 0x000015064a000000|100%| E|CS|TAMS 0x0000150648000000, 0x0000150648000000| Complete 
|4741|0x000015064a000000, 0x000015064c000000, 0x000015064c000000|100%| E|CS|TAMS 0x000015064a000000, 0x000015064a000000| Complete 
|4742|0x000015064c000000, 0x000015064e000000, 0x000015064e000000|100%| E|CS|TAMS 0x000015064c000000, 0x000015064c000000| Complete 
|4743|0x000015064e000000, 0x0000150650000000, 0x0000150650000000|100%| E|CS|TAMS 0x000015064e000000, 0x000015064e000000| Complete 
|4744|0x0000150650000000, 0x0000150652000000, 0x0000150652000000|100%| E|CS|TAMS 0x0000150650000000, 0x0000150650000000| Complete 
|4745|0x0000150652000000, 0x0000150654000000, 0x0000150654000000|100%| E|CS|TAMS 0x0000150652000000, 0x0000150652000000| Complete 
|4746|0x0000150654000000, 0x0000150656000000, 0x0000150656000000|100%| E|CS|TAMS 0x0000150654000000, 0x0000150654000000| Complete 
|4747|0x0000150656000000, 0x0000150658000000, 0x0000150658000000|100%| E|CS|TAMS 0x0000150656000000, 0x0000150656000000| Complete 
|4748|0x0000150658000000, 0x000015065a000000, 0x000015065a000000|100%| E|CS|TAMS 0x0000150658000000, 0x0000150658000000| Complete 
|4749|0x000015065a000000, 0x000015065c000000, 0x000015065c000000|100%| E|CS|TAMS 0x000015065a000000, 0x000015065a000000| Complete 
|4750|0x000015065c000000, 0x000015065e000000, 0x000015065e000000|100%| E|CS|TAMS 0x000015065c000000, 0x000015065c000000| Complete 
|4751|0x000015065e000000, 0x0000150660000000, 0x0000150660000000|100%| E|CS|TAMS 0x000015065e000000, 0x000015065e000000| Complete 
|4752|0x0000150660000000, 0x0000150662000000, 0x0000150662000000|100%| E|CS|TAMS 0x0000150660000000, 0x0000150660000000| Complete 
|4753|0x0000150662000000, 0x0000150664000000, 0x0000150664000000|100%| E|CS|TAMS 0x0000150662000000, 0x0000150662000000| Complete 
|4754|0x0000150664000000, 0x0000150666000000, 0x0000150666000000|100%| E|CS|TAMS 0x0000150664000000, 0x0000150664000000| Complete 
|4755|0x0000150666000000, 0x0000150668000000, 0x0000150668000000|100%| E|CS|TAMS 0x0000150666000000, 0x0000150666000000| Complete 
|4756|0x0000150668000000, 0x000015066a000000, 0x000015066a000000|100%| E|CS|TAMS 0x0000150668000000, 0x0000150668000000| Complete 
|4757|0x000015066a000000, 0x000015066c000000, 0x000015066c000000|100%| E|CS|TAMS 0x000015066a000000, 0x000015066a000000| Complete 
|4758|0x000015066c000000, 0x000015066e000000, 0x000015066e000000|100%| E|CS|TAMS 0x000015066c000000, 0x000015066c000000| Complete 
|4759|0x000015066e000000, 0x0000150670000000, 0x0000150670000000|100%| E|CS|TAMS 0x000015066e000000, 0x000015066e000000| Complete 
|4760|0x0000150670000000, 0x0000150672000000, 0x0000150672000000|100%| E|CS|TAMS 0x0000150670000000, 0x0000150670000000| Complete 
|4761|0x0000150672000000, 0x0000150674000000, 0x0000150674000000|100%| E|CS|TAMS 0x0000150672000000, 0x0000150672000000| Complete 
|4762|0x0000150674000000, 0x0000150676000000, 0x0000150676000000|100%| E|CS|TAMS 0x0000150674000000, 0x0000150674000000| Complete 
|4763|0x0000150676000000, 0x0000150678000000, 0x0000150678000000|100%| E|CS|TAMS 0x0000150676000000, 0x0000150676000000| Complete 
|4764|0x0000150678000000, 0x000015067a000000, 0x000015067a000000|100%| E|CS|TAMS 0x0000150678000000, 0x0000150678000000| Complete 
|4765|0x000015067a000000, 0x000015067c000000, 0x000015067c000000|100%| E|CS|TAMS 0x000015067a000000, 0x000015067a000000| Complete 
|4766|0x000015067c000000, 0x000015067e000000, 0x000015067e000000|100%| E|CS|TAMS 0x000015067c000000, 0x000015067c000000| Complete 
|4767|0x000015067e000000, 0x0000150680000000, 0x0000150680000000|100%| E|CS|TAMS 0x000015067e000000, 0x000015067e000000| Complete 
|4768|0x0000150680000000, 0x0000150682000000, 0x0000150682000000|100%| E|CS|TAMS 0x0000150680000000, 0x0000150680000000| Complete 
|4769|0x0000150682000000, 0x0000150684000000, 0x0000150684000000|100%| E|CS|TAMS 0x0000150682000000, 0x0000150682000000| Complete 
|4770|0x0000150684000000, 0x0000150686000000, 0x0000150686000000|100%| E|CS|TAMS 0x0000150684000000, 0x0000150684000000| Complete 
|4771|0x0000150686000000, 0x0000150688000000, 0x0000150688000000|100%| E|CS|TAMS 0x0000150686000000, 0x0000150686000000| Complete 
|4772|0x0000150688000000, 0x000015068a000000, 0x000015068a000000|100%| E|CS|TAMS 0x0000150688000000, 0x0000150688000000| Complete 
|4773|0x000015068a000000, 0x000015068c000000, 0x000015068c000000|100%| E|CS|TAMS 0x000015068a000000, 0x000015068a000000| Complete 
|4774|0x000015068c000000, 0x000015068e000000, 0x000015068e000000|100%| E|CS|TAMS 0x000015068c000000, 0x000015068c000000| Complete 
|4775|0x000015068e000000, 0x0000150690000000, 0x0000150690000000|100%| E|CS|TAMS 0x000015068e000000, 0x000015068e000000| Complete 
|4776|0x0000150690000000, 0x0000150692000000, 0x0000150692000000|100%| E|CS|TAMS 0x0000150690000000, 0x0000150690000000| Complete 
|4777|0x0000150692000000, 0x0000150694000000, 0x0000150694000000|100%| E|CS|TAMS 0x0000150692000000, 0x0000150692000000| Complete 
|4778|0x0000150694000000, 0x0000150696000000, 0x0000150696000000|100%| E|CS|TAMS 0x0000150694000000, 0x0000150694000000| Complete 
|4779|0x0000150696000000, 0x0000150698000000, 0x0000150698000000|100%| E|CS|TAMS 0x0000150696000000, 0x0000150696000000| Complete 
|4780|0x0000150698000000, 0x000015069a000000, 0x000015069a000000|100%| E|CS|TAMS 0x0000150698000000, 0x0000150698000000| Complete 
|4781|0x000015069a000000, 0x000015069c000000, 0x000015069c000000|100%| E|CS|TAMS 0x000015069a000000, 0x000015069a000000| Complete 
|4782|0x000015069c000000, 0x000015069e000000, 0x000015069e000000|100%| E|CS|TAMS 0x000015069c000000, 0x000015069c000000| Complete 
|4783|0x000015069e000000, 0x00001506a0000000, 0x00001506a0000000|100%| E|CS|TAMS 0x000015069e000000, 0x000015069e000000| Complete 
|4784|0x00001506a0000000, 0x00001506a2000000, 0x00001506a2000000|100%| E|CS|TAMS 0x00001506a0000000, 0x00001506a0000000| Complete 
|4785|0x00001506a2000000, 0x00001506a4000000, 0x00001506a4000000|100%| E|CS|TAMS 0x00001506a2000000, 0x00001506a2000000| Complete 
|4786|0x00001506a4000000, 0x00001506a6000000, 0x00001506a6000000|100%| E|CS|TAMS 0x00001506a4000000, 0x00001506a4000000| Complete 
|4787|0x00001506a6000000, 0x00001506a8000000, 0x00001506a8000000|100%| E|CS|TAMS 0x00001506a6000000, 0x00001506a6000000| Complete 
|4788|0x00001506a8000000, 0x00001506aa000000, 0x00001506aa000000|100%| E|CS|TAMS 0x00001506a8000000, 0x00001506a8000000| Complete 
|4789|0x00001506aa000000, 0x00001506ac000000, 0x00001506ac000000|100%| E|CS|TAMS 0x00001506aa000000, 0x00001506aa000000| Complete 
|4790|0x00001506ac000000, 0x00001506ae000000, 0x00001506ae000000|100%| E|CS|TAMS 0x00001506ac000000, 0x00001506ac000000| Complete 
|4791|0x00001506ae000000, 0x00001506b0000000, 0x00001506b0000000|100%| E|CS|TAMS 0x00001506ae000000, 0x00001506ae000000| Complete 
|4792|0x00001506b0000000, 0x00001506b2000000, 0x00001506b2000000|100%| E|CS|TAMS 0x00001506b0000000, 0x00001506b0000000| Complete 
|4793|0x00001506b2000000, 0x00001506b4000000, 0x00001506b4000000|100%| E|CS|TAMS 0x00001506b2000000, 0x00001506b2000000| Complete 
|4794|0x00001506b4000000, 0x00001506b6000000, 0x00001506b6000000|100%| E|CS|TAMS 0x00001506b4000000, 0x00001506b4000000| Complete 
|4795|0x00001506b6000000, 0x00001506b8000000, 0x00001506b8000000|100%| E|CS|TAMS 0x00001506b6000000, 0x00001506b6000000| Complete 
|4796|0x00001506b8000000, 0x00001506ba000000, 0x00001506ba000000|100%| E|CS|TAMS 0x00001506b8000000, 0x00001506b8000000| Complete 
|4797|0x00001506ba000000, 0x00001506bc000000, 0x00001506bc000000|100%| E|CS|TAMS 0x00001506ba000000, 0x00001506ba000000| Complete 
|4798|0x00001506bc000000, 0x00001506be000000, 0x00001506be000000|100%| E|CS|TAMS 0x00001506bc000000, 0x00001506bc000000| Complete 
|4799|0x00001506be000000, 0x00001506c0000000, 0x00001506c0000000|100%| E|CS|TAMS 0x00001506be000000, 0x00001506be000000| Complete 
|4800|0x00001506c0000000, 0x00001506c2000000, 0x00001506c2000000|100%| E|CS|TAMS 0x00001506c0000000, 0x00001506c0000000| Complete 
|4801|0x00001506c2000000, 0x00001506c4000000, 0x00001506c4000000|100%| E|CS|TAMS 0x00001506c2000000, 0x00001506c2000000| Complete 
|4802|0x00001506c4000000, 0x00001506c6000000, 0x00001506c6000000|100%| E|CS|TAMS 0x00001506c4000000, 0x00001506c4000000| Complete 
|4803|0x00001506c6000000, 0x00001506c8000000, 0x00001506c8000000|100%| E|CS|TAMS 0x00001506c6000000, 0x00001506c6000000| Complete 
|4804|0x00001506c8000000, 0x00001506ca000000, 0x00001506ca000000|100%| E|CS|TAMS 0x00001506c8000000, 0x00001506c8000000| Complete 
|4805|0x00001506ca000000, 0x00001506cc000000, 0x00001506cc000000|100%| E|CS|TAMS 0x00001506ca000000, 0x00001506ca000000| Complete 
|4806|0x00001506cc000000, 0x00001506ce000000, 0x00001506ce000000|100%| E|CS|TAMS 0x00001506cc000000, 0x00001506cc000000| Complete 
|4807|0x00001506ce000000, 0x00001506d0000000, 0x00001506d0000000|100%| E|CS|TAMS 0x00001506ce000000, 0x00001506ce000000| Complete 
|4808|0x00001506d0000000, 0x00001506d2000000, 0x00001506d2000000|100%| E|CS|TAMS 0x00001506d0000000, 0x00001506d0000000| Complete 
|4809|0x00001506d2000000, 0x00001506d4000000, 0x00001506d4000000|100%| E|CS|TAMS 0x00001506d2000000, 0x00001506d2000000| Complete 
|4810|0x00001506d4000000, 0x00001506d6000000, 0x00001506d6000000|100%| E|CS|TAMS 0x00001506d4000000, 0x00001506d4000000| Complete 
|4811|0x00001506d6000000, 0x00001506d8000000, 0x00001506d8000000|100%| E|CS|TAMS 0x00001506d6000000, 0x00001506d6000000| Complete 
|4812|0x00001506d8000000, 0x00001506da000000, 0x00001506da000000|100%| E|CS|TAMS 0x00001506d8000000, 0x00001506d8000000| Complete 
|4813|0x00001506da000000, 0x00001506dc000000, 0x00001506dc000000|100%| E|CS|TAMS 0x00001506da000000, 0x00001506da000000| Complete 
|4814|0x00001506dc000000, 0x00001506de000000, 0x00001506de000000|100%| E|CS|TAMS 0x00001506dc000000, 0x00001506dc000000| Complete 
|4815|0x00001506de000000, 0x00001506e0000000, 0x00001506e0000000|100%| E|CS|TAMS 0x00001506de000000, 0x00001506de000000| Complete 
|4816|0x00001506e0000000, 0x00001506e2000000, 0x00001506e2000000|100%| E|CS|TAMS 0x00001506e0000000, 0x00001506e0000000| Complete 
|4817|0x00001506e2000000, 0x00001506e4000000, 0x00001506e4000000|100%| E|CS|TAMS 0x00001506e2000000, 0x00001506e2000000| Complete 
|4818|0x00001506e4000000, 0x00001506e6000000, 0x00001506e6000000|100%| E|CS|TAMS 0x00001506e4000000, 0x00001506e4000000| Complete 
|4819|0x00001506e6000000, 0x00001506e8000000, 0x00001506e8000000|100%| E|CS|TAMS 0x00001506e6000000, 0x00001506e6000000| Complete 
|4820|0x00001506e8000000, 0x00001506ea000000, 0x00001506ea000000|100%| E|CS|TAMS 0x00001506e8000000, 0x00001506e8000000| Complete 
|4821|0x00001506ea000000, 0x00001506ec000000, 0x00001506ec000000|100%| E|CS|TAMS 0x00001506ea000000, 0x00001506ea000000| Complete 
|4822|0x00001506ec000000, 0x00001506ee000000, 0x00001506ee000000|100%| E|CS|TAMS 0x00001506ec000000, 0x00001506ec000000| Complete 
|4823|0x00001506ee000000, 0x00001506f0000000, 0x00001506f0000000|100%| E|CS|TAMS 0x00001506ee000000, 0x00001506ee000000| Complete 
|4824|0x00001506f0000000, 0x00001506f2000000, 0x00001506f2000000|100%| E|CS|TAMS 0x00001506f0000000, 0x00001506f0000000| Complete 
|4825|0x00001506f2000000, 0x00001506f4000000, 0x00001506f4000000|100%| E|CS|TAMS 0x00001506f2000000, 0x00001506f2000000| Complete 
|4826|0x00001506f4000000, 0x00001506f6000000, 0x00001506f6000000|100%| E|CS|TAMS 0x00001506f4000000, 0x00001506f4000000| Complete 
|4827|0x00001506f6000000, 0x00001506f8000000, 0x00001506f8000000|100%| E|CS|TAMS 0x00001506f6000000, 0x00001506f6000000| Complete 
|4828|0x00001506f8000000, 0x00001506fa000000, 0x00001506fa000000|100%| E|CS|TAMS 0x00001506f8000000, 0x00001506f8000000| Complete 
|4829|0x00001506fa000000, 0x00001506fc000000, 0x00001506fc000000|100%| E|CS|TAMS 0x00001506fa000000, 0x00001506fa000000| Complete 
|4830|0x00001506fc000000, 0x00001506fe000000, 0x00001506fe000000|100%| E|CS|TAMS 0x00001506fc000000, 0x00001506fc000000| Complete 
|4831|0x00001506fe000000, 0x0000150700000000, 0x0000150700000000|100%| E|CS|TAMS 0x00001506fe000000, 0x00001506fe000000| Complete 
|4832|0x0000150700000000, 0x0000150702000000, 0x0000150702000000|100%| E|CS|TAMS 0x0000150700000000, 0x0000150700000000| Complete 
|4833|0x0000150702000000, 0x0000150704000000, 0x0000150704000000|100%| E|CS|TAMS 0x0000150702000000, 0x0000150702000000| Complete 
|4834|0x0000150704000000, 0x0000150706000000, 0x0000150706000000|100%| E|CS|TAMS 0x0000150704000000, 0x0000150704000000| Complete 
|4835|0x0000150706000000, 0x0000150708000000, 0x0000150708000000|100%| E|CS|TAMS 0x0000150706000000, 0x0000150706000000| Complete 
|4836|0x0000150708000000, 0x000015070a000000, 0x000015070a000000|100%| E|CS|TAMS 0x0000150708000000, 0x0000150708000000| Complete 
|4837|0x000015070a000000, 0x000015070c000000, 0x000015070c000000|100%| E|CS|TAMS 0x000015070a000000, 0x000015070a000000| Complete 
|4838|0x000015070c000000, 0x000015070e000000, 0x000015070e000000|100%| E|CS|TAMS 0x000015070c000000, 0x000015070c000000| Complete 
|4839|0x000015070e000000, 0x0000150710000000, 0x0000150710000000|100%| E|CS|TAMS 0x000015070e000000, 0x000015070e000000| Complete 
|4840|0x0000150710000000, 0x0000150712000000, 0x0000150712000000|100%| E|CS|TAMS 0x0000150710000000, 0x0000150710000000| Complete 
|4841|0x0000150712000000, 0x0000150714000000, 0x0000150714000000|100%| E|CS|TAMS 0x0000150712000000, 0x0000150712000000| Complete 
|4842|0x0000150714000000, 0x0000150716000000, 0x0000150716000000|100%| E|CS|TAMS 0x0000150714000000, 0x0000150714000000| Complete 
|4843|0x0000150716000000, 0x0000150718000000, 0x0000150718000000|100%| E|CS|TAMS 0x0000150716000000, 0x0000150716000000| Complete 
|4844|0x0000150718000000, 0x000015071a000000, 0x000015071a000000|100%| E|CS|TAMS 0x0000150718000000, 0x0000150718000000| Complete 
|4845|0x000015071a000000, 0x000015071c000000, 0x000015071c000000|100%| E|CS|TAMS 0x000015071a000000, 0x000015071a000000| Complete 
|4846|0x000015071c000000, 0x000015071e000000, 0x000015071e000000|100%| E|CS|TAMS 0x000015071c000000, 0x000015071c000000| Complete 
|4847|0x000015071e000000, 0x0000150720000000, 0x0000150720000000|100%| E|CS|TAMS 0x000015071e000000, 0x000015071e000000| Complete 
|4848|0x0000150720000000, 0x0000150722000000, 0x0000150722000000|100%| E|CS|TAMS 0x0000150720000000, 0x0000150720000000| Complete 
|4849|0x0000150722000000, 0x0000150724000000, 0x0000150724000000|100%| E|CS|TAMS 0x0000150722000000, 0x0000150722000000| Complete 
|4850|0x0000150724000000, 0x0000150726000000, 0x0000150726000000|100%| E|CS|TAMS 0x0000150724000000, 0x0000150724000000| Complete 
|4851|0x0000150726000000, 0x0000150728000000, 0x0000150728000000|100%| E|CS|TAMS 0x0000150726000000, 0x0000150726000000| Complete 
|4852|0x0000150728000000, 0x000015072a000000, 0x000015072a000000|100%| E|CS|TAMS 0x0000150728000000, 0x0000150728000000| Complete 
|4853|0x000015072a000000, 0x000015072c000000, 0x000015072c000000|100%| E|CS|TAMS 0x000015072a000000, 0x000015072a000000| Complete 
|4854|0x000015072c000000, 0x000015072e000000, 0x000015072e000000|100%| E|CS|TAMS 0x000015072c000000, 0x000015072c000000| Complete 
|4855|0x000015072e000000, 0x0000150730000000, 0x0000150730000000|100%| E|CS|TAMS 0x000015072e000000, 0x000015072e000000| Complete 
|4856|0x0000150730000000, 0x0000150732000000, 0x0000150732000000|100%| E|CS|TAMS 0x0000150730000000, 0x0000150730000000| Complete 
|4857|0x0000150732000000, 0x0000150734000000, 0x0000150734000000|100%| E|CS|TAMS 0x0000150732000000, 0x0000150732000000| Complete 
|4858|0x0000150734000000, 0x0000150736000000, 0x0000150736000000|100%| E|CS|TAMS 0x0000150734000000, 0x0000150734000000| Complete 
|4859|0x0000150736000000, 0x0000150738000000, 0x0000150738000000|100%| E|CS|TAMS 0x0000150736000000, 0x0000150736000000| Complete 
|4860|0x0000150738000000, 0x000015073a000000, 0x000015073a000000|100%| E|CS|TAMS 0x0000150738000000, 0x0000150738000000| Complete 
|4861|0x000015073a000000, 0x000015073c000000, 0x000015073c000000|100%| E|CS|TAMS 0x000015073a000000, 0x000015073a000000| Complete 
|4862|0x000015073c000000, 0x000015073e000000, 0x000015073e000000|100%| E|CS|TAMS 0x000015073c000000, 0x000015073c000000| Complete 
|4863|0x000015073e000000, 0x0000150740000000, 0x0000150740000000|100%| E|CS|TAMS 0x000015073e000000, 0x000015073e000000| Complete 
|4864|0x0000150740000000, 0x0000150742000000, 0x0000150742000000|100%| E|CS|TAMS 0x0000150740000000, 0x0000150740000000| Complete 
|4865|0x0000150742000000, 0x0000150744000000, 0x0000150744000000|100%| E|CS|TAMS 0x0000150742000000, 0x0000150742000000| Complete 
|4866|0x0000150744000000, 0x0000150746000000, 0x0000150746000000|100%| E|CS|TAMS 0x0000150744000000, 0x0000150744000000| Complete 
|4867|0x0000150746000000, 0x0000150748000000, 0x0000150748000000|100%| E|CS|TAMS 0x0000150746000000, 0x0000150746000000| Complete 
|4868|0x0000150748000000, 0x000015074a000000, 0x000015074a000000|100%| E|CS|TAMS 0x0000150748000000, 0x0000150748000000| Complete 
|4869|0x000015074a000000, 0x000015074c000000, 0x000015074c000000|100%| E|CS|TAMS 0x000015074a000000, 0x000015074a000000| Complete 
|4870|0x000015074c000000, 0x000015074e000000, 0x000015074e000000|100%| E|CS|TAMS 0x000015074c000000, 0x000015074c000000| Complete 
|4871|0x000015074e000000, 0x0000150750000000, 0x0000150750000000|100%| E|CS|TAMS 0x000015074e000000, 0x000015074e000000| Complete 
|4872|0x0000150750000000, 0x0000150752000000, 0x0000150752000000|100%| E|CS|TAMS 0x0000150750000000, 0x0000150750000000| Complete 
|4873|0x0000150752000000, 0x0000150754000000, 0x0000150754000000|100%| E|CS|TAMS 0x0000150752000000, 0x0000150752000000| Complete 
|4874|0x0000150754000000, 0x0000150756000000, 0x0000150756000000|100%| E|CS|TAMS 0x0000150754000000, 0x0000150754000000| Complete 
|4875|0x0000150756000000, 0x0000150758000000, 0x0000150758000000|100%| E|CS|TAMS 0x0000150756000000, 0x0000150756000000| Complete 
|4876|0x0000150758000000, 0x000015075a000000, 0x000015075a000000|100%| E|CS|TAMS 0x0000150758000000, 0x0000150758000000| Complete 
|4877|0x000015075a000000, 0x000015075c000000, 0x000015075c000000|100%| E|CS|TAMS 0x000015075a000000, 0x000015075a000000| Complete 
|4878|0x000015075c000000, 0x000015075e000000, 0x000015075e000000|100%| E|CS|TAMS 0x000015075c000000, 0x000015075c000000| Complete 
|4879|0x000015075e000000, 0x0000150760000000, 0x0000150760000000|100%| E|CS|TAMS 0x000015075e000000, 0x000015075e000000| Complete 
|4880|0x0000150760000000, 0x0000150762000000, 0x0000150762000000|100%| E|CS|TAMS 0x0000150760000000, 0x0000150760000000| Complete 
|4881|0x0000150762000000, 0x0000150764000000, 0x0000150764000000|100%| E|CS|TAMS 0x0000150762000000, 0x0000150762000000| Complete 
|4882|0x0000150764000000, 0x0000150766000000, 0x0000150766000000|100%| E|CS|TAMS 0x0000150764000000, 0x0000150764000000| Complete 
|4883|0x0000150766000000, 0x0000150768000000, 0x0000150768000000|100%| E|CS|TAMS 0x0000150766000000, 0x0000150766000000| Complete 
|4884|0x0000150768000000, 0x000015076a000000, 0x000015076a000000|100%| E|CS|TAMS 0x0000150768000000, 0x0000150768000000| Complete 
|4885|0x000015076a000000, 0x000015076c000000, 0x000015076c000000|100%| E|CS|TAMS 0x000015076a000000, 0x000015076a000000| Complete 
|4886|0x000015076c000000, 0x000015076e000000, 0x000015076e000000|100%| E|CS|TAMS 0x000015076c000000, 0x000015076c000000| Complete 
|4887|0x000015076e000000, 0x0000150770000000, 0x0000150770000000|100%| E|CS|TAMS 0x000015076e000000, 0x000015076e000000| Complete 
|4888|0x0000150770000000, 0x0000150772000000, 0x0000150772000000|100%| E|CS|TAMS 0x0000150770000000, 0x0000150770000000| Complete 
|4889|0x0000150772000000, 0x0000150774000000, 0x0000150774000000|100%| E|CS|TAMS 0x0000150772000000, 0x0000150772000000| Complete 
|4890|0x0000150774000000, 0x0000150776000000, 0x0000150776000000|100%| E|CS|TAMS 0x0000150774000000, 0x0000150774000000| Complete 
|4891|0x0000150776000000, 0x0000150778000000, 0x0000150778000000|100%| E|CS|TAMS 0x0000150776000000, 0x0000150776000000| Complete 
|4892|0x0000150778000000, 0x000015077a000000, 0x000015077a000000|100%| E|CS|TAMS 0x0000150778000000, 0x0000150778000000| Complete 
|4893|0x000015077a000000, 0x000015077c000000, 0x000015077c000000|100%| E|CS|TAMS 0x000015077a000000, 0x000015077a000000| Complete 
|4894|0x000015077c000000, 0x000015077e000000, 0x000015077e000000|100%| E|CS|TAMS 0x000015077c000000, 0x000015077c000000| Complete 
|4895|0x000015077e000000, 0x0000150780000000, 0x0000150780000000|100%| E|CS|TAMS 0x000015077e000000, 0x000015077e000000| Complete 
|4896|0x0000150780000000, 0x0000150782000000, 0x0000150782000000|100%| E|CS|TAMS 0x0000150780000000, 0x0000150780000000| Complete 
|4897|0x0000150782000000, 0x0000150784000000, 0x0000150784000000|100%| E|CS|TAMS 0x0000150782000000, 0x0000150782000000| Complete 
|4898|0x0000150784000000, 0x0000150786000000, 0x0000150786000000|100%| E|CS|TAMS 0x0000150784000000, 0x0000150784000000| Complete 
|4899|0x0000150786000000, 0x0000150788000000, 0x0000150788000000|100%| E|CS|TAMS 0x0000150786000000, 0x0000150786000000| Complete 
|4900|0x0000150788000000, 0x000015078a000000, 0x000015078a000000|100%| E|CS|TAMS 0x0000150788000000, 0x0000150788000000| Complete 
|4901|0x000015078a000000, 0x000015078c000000, 0x000015078c000000|100%| E|CS|TAMS 0x000015078a000000, 0x000015078a000000| Complete 
|4902|0x000015078c000000, 0x000015078e000000, 0x000015078e000000|100%| E|CS|TAMS 0x000015078c000000, 0x000015078c000000| Complete 
|4903|0x000015078e000000, 0x0000150790000000, 0x0000150790000000|100%| E|CS|TAMS 0x000015078e000000, 0x000015078e000000| Complete 
|4904|0x0000150790000000, 0x0000150792000000, 0x0000150792000000|100%| E|CS|TAMS 0x0000150790000000, 0x0000150790000000| Complete 
|4905|0x0000150792000000, 0x0000150794000000, 0x0000150794000000|100%| E|CS|TAMS 0x0000150792000000, 0x0000150792000000| Complete 
|4906|0x0000150794000000, 0x0000150796000000, 0x0000150796000000|100%| E|CS|TAMS 0x0000150794000000, 0x0000150794000000| Complete 
|4907|0x0000150796000000, 0x0000150798000000, 0x0000150798000000|100%| E|CS|TAMS 0x0000150796000000, 0x0000150796000000| Complete 
|4908|0x0000150798000000, 0x000015079a000000, 0x000015079a000000|100%| E|CS|TAMS 0x0000150798000000, 0x0000150798000000| Complete 
|4909|0x000015079a000000, 0x000015079c000000, 0x000015079c000000|100%| E|CS|TAMS 0x000015079a000000, 0x000015079a000000| Complete 
|4910|0x000015079c000000, 0x000015079e000000, 0x000015079e000000|100%| E|CS|TAMS 0x000015079c000000, 0x000015079c000000| Complete 
|4911|0x000015079e000000, 0x00001507a0000000, 0x00001507a0000000|100%| E|CS|TAMS 0x000015079e000000, 0x000015079e000000| Complete 
|4912|0x00001507a0000000, 0x00001507a2000000, 0x00001507a2000000|100%| E|CS|TAMS 0x00001507a0000000, 0x00001507a0000000| Complete 
|4913|0x00001507a2000000, 0x00001507a4000000, 0x00001507a4000000|100%| E|CS|TAMS 0x00001507a2000000, 0x00001507a2000000| Complete 
|4914|0x00001507a4000000, 0x00001507a6000000, 0x00001507a6000000|100%| E|CS|TAMS 0x00001507a4000000, 0x00001507a4000000| Complete 
|4915|0x00001507a6000000, 0x00001507a8000000, 0x00001507a8000000|100%| E|CS|TAMS 0x00001507a6000000, 0x00001507a6000000| Complete 
|4916|0x00001507a8000000, 0x00001507aa000000, 0x00001507aa000000|100%| E|CS|TAMS 0x00001507a8000000, 0x00001507a8000000| Complete 
|4917|0x00001507aa000000, 0x00001507ac000000, 0x00001507ac000000|100%| E|CS|TAMS 0x00001507aa000000, 0x00001507aa000000| Complete 
|4918|0x00001507ac000000, 0x00001507ae000000, 0x00001507ae000000|100%| E|CS|TAMS 0x00001507ac000000, 0x00001507ac000000| Complete 
|4919|0x00001507ae000000, 0x00001507b0000000, 0x00001507b0000000|100%| E|CS|TAMS 0x00001507ae000000, 0x00001507ae000000| Complete 
|4920|0x00001507b0000000, 0x00001507b2000000, 0x00001507b2000000|100%| E|CS|TAMS 0x00001507b0000000, 0x00001507b0000000| Complete 
|4921|0x00001507b2000000, 0x00001507b4000000, 0x00001507b4000000|100%| E|CS|TAMS 0x00001507b2000000, 0x00001507b2000000| Complete 
|4922|0x00001507b4000000, 0x00001507b6000000, 0x00001507b6000000|100%| E|CS|TAMS 0x00001507b4000000, 0x00001507b4000000| Complete 
|4923|0x00001507b6000000, 0x00001507b8000000, 0x00001507b8000000|100%| E|CS|TAMS 0x00001507b6000000, 0x00001507b6000000| Complete 
|4924|0x00001507b8000000, 0x00001507ba000000, 0x00001507ba000000|100%| E|CS|TAMS 0x00001507b8000000, 0x00001507b8000000| Complete 
|4925|0x00001507ba000000, 0x00001507bc000000, 0x00001507bc000000|100%| E|CS|TAMS 0x00001507ba000000, 0x00001507ba000000| Complete 
|4926|0x00001507bc000000, 0x00001507be000000, 0x00001507be000000|100%| E|CS|TAMS 0x00001507bc000000, 0x00001507bc000000| Complete 
|4927|0x00001507be000000, 0x00001507c0000000, 0x00001507c0000000|100%| E|CS|TAMS 0x00001507be000000, 0x00001507be000000| Complete 
|4928|0x00001507c0000000, 0x00001507c2000000, 0x00001507c2000000|100%| E|CS|TAMS 0x00001507c0000000, 0x00001507c0000000| Complete 
|4929|0x00001507c2000000, 0x00001507c4000000, 0x00001507c4000000|100%| E|CS|TAMS 0x00001507c2000000, 0x00001507c2000000| Complete 
|4930|0x00001507c4000000, 0x00001507c6000000, 0x00001507c6000000|100%| E|CS|TAMS 0x00001507c4000000, 0x00001507c4000000| Complete 
|4931|0x00001507c6000000, 0x00001507c8000000, 0x00001507c8000000|100%| E|CS|TAMS 0x00001507c6000000, 0x00001507c6000000| Complete 
|4932|0x00001507c8000000, 0x00001507ca000000, 0x00001507ca000000|100%| E|CS|TAMS 0x00001507c8000000, 0x00001507c8000000| Complete 
|4933|0x00001507ca000000, 0x00001507cc000000, 0x00001507cc000000|100%| E|CS|TAMS 0x00001507ca000000, 0x00001507ca000000| Complete 
|4934|0x00001507cc000000, 0x00001507ce000000, 0x00001507ce000000|100%| E|CS|TAMS 0x00001507cc000000, 0x00001507cc000000| Complete 
|4935|0x00001507ce000000, 0x00001507d0000000, 0x00001507d0000000|100%| E|CS|TAMS 0x00001507ce000000, 0x00001507ce000000| Complete 
|4936|0x00001507d0000000, 0x00001507d2000000, 0x00001507d2000000|100%| E|CS|TAMS 0x00001507d0000000, 0x00001507d0000000| Complete 
|4937|0x00001507d2000000, 0x00001507d4000000, 0x00001507d4000000|100%| E|CS|TAMS 0x00001507d2000000, 0x00001507d2000000| Complete 
|4938|0x00001507d4000000, 0x00001507d6000000, 0x00001507d6000000|100%| E|CS|TAMS 0x00001507d4000000, 0x00001507d4000000| Complete 
|4939|0x00001507d6000000, 0x00001507d8000000, 0x00001507d8000000|100%| E|CS|TAMS 0x00001507d6000000, 0x00001507d6000000| Complete 
|4940|0x00001507d8000000, 0x00001507da000000, 0x00001507da000000|100%| E|CS|TAMS 0x00001507d8000000, 0x00001507d8000000| Complete 
|4941|0x00001507da000000, 0x00001507dc000000, 0x00001507dc000000|100%| E|CS|TAMS 0x00001507da000000, 0x00001507da000000| Complete 
|4942|0x00001507dc000000, 0x00001507de000000, 0x00001507de000000|100%| E|CS|TAMS 0x00001507dc000000, 0x00001507dc000000| Complete 
|4943|0x00001507de000000, 0x00001507e0000000, 0x00001507e0000000|100%| E|CS|TAMS 0x00001507de000000, 0x00001507de000000| Complete 
|4944|0x00001507e0000000, 0x00001507e2000000, 0x00001507e2000000|100%| E|CS|TAMS 0x00001507e0000000, 0x00001507e0000000| Complete 
|4945|0x00001507e2000000, 0x00001507e4000000, 0x00001507e4000000|100%| E|CS|TAMS 0x00001507e2000000, 0x00001507e2000000| Complete 
|4946|0x00001507e4000000, 0x00001507e6000000, 0x00001507e6000000|100%| E|CS|TAMS 0x00001507e4000000, 0x00001507e4000000| Complete 
|4947|0x00001507e6000000, 0x00001507e8000000, 0x00001507e8000000|100%| E|CS|TAMS 0x00001507e6000000, 0x00001507e6000000| Complete 
|4948|0x00001507e8000000, 0x00001507ea000000, 0x00001507ea000000|100%| E|CS|TAMS 0x00001507e8000000, 0x00001507e8000000| Complete 
|4949|0x00001507ea000000, 0x00001507ec000000, 0x00001507ec000000|100%| E|CS|TAMS 0x00001507ea000000, 0x00001507ea000000| Complete 
|4950|0x00001507ec000000, 0x00001507ee000000, 0x00001507ee000000|100%| E|CS|TAMS 0x00001507ec000000, 0x00001507ec000000| Complete 
|4951|0x00001507ee000000, 0x00001507f0000000, 0x00001507f0000000|100%| E|CS|TAMS 0x00001507ee000000, 0x00001507ee000000| Complete 
|4952|0x00001507f0000000, 0x00001507f2000000, 0x00001507f2000000|100%| E|CS|TAMS 0x00001507f0000000, 0x00001507f0000000| Complete 
|4953|0x00001507f2000000, 0x00001507f4000000, 0x00001507f4000000|100%| E|CS|TAMS 0x00001507f2000000, 0x00001507f2000000| Complete 
|4954|0x00001507f4000000, 0x00001507f6000000, 0x00001507f6000000|100%| E|CS|TAMS 0x00001507f4000000, 0x00001507f4000000| Complete 
|4955|0x00001507f6000000, 0x00001507f8000000, 0x00001507f8000000|100%| E|CS|TAMS 0x00001507f6000000, 0x00001507f6000000| Complete 
|4956|0x00001507f8000000, 0x00001507fa000000, 0x00001507fa000000|100%| E|CS|TAMS 0x00001507f8000000, 0x00001507f8000000| Complete 
|4957|0x00001507fa000000, 0x00001507fc000000, 0x00001507fc000000|100%| E|CS|TAMS 0x00001507fa000000, 0x00001507fa000000| Complete 
|4958|0x00001507fc000000, 0x00001507fe000000, 0x00001507fe000000|100%| E|CS|TAMS 0x00001507fc000000, 0x00001507fc000000| Complete 
|4959|0x00001507fe000000, 0x0000150800000000, 0x0000150800000000|100%| E|CS|TAMS 0x00001507fe000000, 0x00001507fe000000| Complete 
|4960|0x0000150800000000, 0x0000150802000000, 0x0000150802000000|100%| E|CS|TAMS 0x0000150800000000, 0x0000150800000000| Complete 
|4961|0x0000150802000000, 0x0000150804000000, 0x0000150804000000|100%| E|CS|TAMS 0x0000150802000000, 0x0000150802000000| Complete 
|4962|0x0000150804000000, 0x0000150806000000, 0x0000150806000000|100%| E|CS|TAMS 0x0000150804000000, 0x0000150804000000| Complete 
|4963|0x0000150806000000, 0x0000150808000000, 0x0000150808000000|100%| E|CS|TAMS 0x0000150806000000, 0x0000150806000000| Complete 
|4964|0x0000150808000000, 0x000015080a000000, 0x000015080a000000|100%| E|CS|TAMS 0x0000150808000000, 0x0000150808000000| Complete 
|4965|0x000015080a000000, 0x000015080c000000, 0x000015080c000000|100%| E|CS|TAMS 0x000015080a000000, 0x000015080a000000| Complete 
|4966|0x000015080c000000, 0x000015080e000000, 0x000015080e000000|100%| E|CS|TAMS 0x000015080c000000, 0x000015080c000000| Complete 
|4967|0x000015080e000000, 0x0000150810000000, 0x0000150810000000|100%| E|CS|TAMS 0x000015080e000000, 0x000015080e000000| Complete 
|4968|0x0000150810000000, 0x0000150812000000, 0x0000150812000000|100%| E|CS|TAMS 0x0000150810000000, 0x0000150810000000| Complete 
|4969|0x0000150812000000, 0x0000150814000000, 0x0000150814000000|100%| E|CS|TAMS 0x0000150812000000, 0x0000150812000000| Complete 
|4970|0x0000150814000000, 0x0000150816000000, 0x0000150816000000|100%| E|CS|TAMS 0x0000150814000000, 0x0000150814000000| Complete 
|4971|0x0000150816000000, 0x0000150818000000, 0x0000150818000000|100%| E|CS|TAMS 0x0000150816000000, 0x0000150816000000| Complete 
|4972|0x0000150818000000, 0x000015081a000000, 0x000015081a000000|100%| E|CS|TAMS 0x0000150818000000, 0x0000150818000000| Complete 
|4973|0x000015081a000000, 0x000015081c000000, 0x000015081c000000|100%| E|CS|TAMS 0x000015081a000000, 0x000015081a000000| Complete 
|4974|0x000015081c000000, 0x000015081e000000, 0x000015081e000000|100%| E|CS|TAMS 0x000015081c000000, 0x000015081c000000| Complete 
|4975|0x000015081e000000, 0x0000150820000000, 0x0000150820000000|100%| E|CS|TAMS 0x000015081e000000, 0x000015081e000000| Complete 
|4976|0x0000150820000000, 0x0000150822000000, 0x0000150822000000|100%| E|CS|TAMS 0x0000150820000000, 0x0000150820000000| Complete 
|4977|0x0000150822000000, 0x0000150824000000, 0x0000150824000000|100%| E|CS|TAMS 0x0000150822000000, 0x0000150822000000| Complete 
|4978|0x0000150824000000, 0x0000150826000000, 0x0000150826000000|100%| E|CS|TAMS 0x0000150824000000, 0x0000150824000000| Complete 
|4979|0x0000150826000000, 0x0000150828000000, 0x0000150828000000|100%| E|CS|TAMS 0x0000150826000000, 0x0000150826000000| Complete 
|4980|0x0000150828000000, 0x000015082a000000, 0x000015082a000000|100%| E|CS|TAMS 0x0000150828000000, 0x0000150828000000| Complete 
|4981|0x000015082a000000, 0x000015082c000000, 0x000015082c000000|100%| E|CS|TAMS 0x000015082a000000, 0x000015082a000000| Complete 
|4982|0x000015082c000000, 0x000015082e000000, 0x000015082e000000|100%| E|CS|TAMS 0x000015082c000000, 0x000015082c000000| Complete 
|4983|0x000015082e000000, 0x0000150830000000, 0x0000150830000000|100%| E|CS|TAMS 0x000015082e000000, 0x000015082e000000| Complete 
|4984|0x0000150830000000, 0x0000150832000000, 0x0000150832000000|100%| E|CS|TAMS 0x0000150830000000, 0x0000150830000000| Complete 
|4985|0x0000150832000000, 0x0000150834000000, 0x0000150834000000|100%| E|CS|TAMS 0x0000150832000000, 0x0000150832000000| Complete 
|4986|0x0000150834000000, 0x0000150836000000, 0x0000150836000000|100%| E|CS|TAMS 0x0000150834000000, 0x0000150834000000| Complete 
|4987|0x0000150836000000, 0x0000150838000000, 0x0000150838000000|100%| E|CS|TAMS 0x0000150836000000, 0x0000150836000000| Complete 
|4988|0x0000150838000000, 0x000015083a000000, 0x000015083a000000|100%| E|CS|TAMS 0x0000150838000000, 0x0000150838000000| Complete 
|4989|0x000015083a000000, 0x000015083c000000, 0x000015083c000000|100%| E|CS|TAMS 0x000015083a000000, 0x000015083a000000| Complete 
|4990|0x000015083c000000, 0x000015083e000000, 0x000015083e000000|100%| E|CS|TAMS 0x000015083c000000, 0x000015083c000000| Complete 
|4991|0x000015083e000000, 0x0000150840000000, 0x0000150840000000|100%| E|CS|TAMS 0x000015083e000000, 0x000015083e000000| Complete 
|4992|0x0000150840000000, 0x0000150842000000, 0x0000150842000000|100%| E|CS|TAMS 0x0000150840000000, 0x0000150840000000| Complete 
|4993|0x0000150842000000, 0x0000150844000000, 0x0000150844000000|100%| E|CS|TAMS 0x0000150842000000, 0x0000150842000000| Complete 
|4994|0x0000150844000000, 0x0000150846000000, 0x0000150846000000|100%| E|CS|TAMS 0x0000150844000000, 0x0000150844000000| Complete 
|4995|0x0000150846000000, 0x0000150848000000, 0x0000150848000000|100%| E|CS|TAMS 0x0000150846000000, 0x0000150846000000| Complete 
|4996|0x0000150848000000, 0x000015084a000000, 0x000015084a000000|100%| E|CS|TAMS 0x0000150848000000, 0x0000150848000000| Complete 
|4997|0x000015084a000000, 0x000015084c000000, 0x000015084c000000|100%| E|CS|TAMS 0x000015084a000000, 0x000015084a000000| Complete 
|4998|0x000015084c000000, 0x000015084e000000, 0x000015084e000000|100%| E|CS|TAMS 0x000015084c000000, 0x000015084c000000| Complete 
|4999|0x000015084e000000, 0x0000150850000000, 0x0000150850000000|100%| E|CS|TAMS 0x000015084e000000, 0x000015084e000000| Complete 
|5000|0x0000150850000000, 0x0000150852000000, 0x0000150852000000|100%| E|CS|TAMS 0x0000150850000000, 0x0000150850000000| Complete 
|5001|0x0000150852000000, 0x0000150854000000, 0x0000150854000000|100%| E|CS|TAMS 0x0000150852000000, 0x0000150852000000| Complete 
|5002|0x0000150854000000, 0x0000150856000000, 0x0000150856000000|100%| E|CS|TAMS 0x0000150854000000, 0x0000150854000000| Complete 
|5003|0x0000150856000000, 0x0000150858000000, 0x0000150858000000|100%| E|CS|TAMS 0x0000150856000000, 0x0000150856000000| Complete 
|5004|0x0000150858000000, 0x000015085a000000, 0x000015085a000000|100%| E|CS|TAMS 0x0000150858000000, 0x0000150858000000| Complete 
|5005|0x000015085a000000, 0x000015085c000000, 0x000015085c000000|100%| E|CS|TAMS 0x000015085a000000, 0x000015085a000000| Complete 
|5006|0x000015085c000000, 0x000015085e000000, 0x000015085e000000|100%| E|CS|TAMS 0x000015085c000000, 0x000015085c000000| Complete 
|5007|0x000015085e000000, 0x0000150860000000, 0x0000150860000000|100%| E|CS|TAMS 0x000015085e000000, 0x000015085e000000| Complete 
|5008|0x0000150860000000, 0x0000150862000000, 0x0000150862000000|100%| E|CS|TAMS 0x0000150860000000, 0x0000150860000000| Complete 
|5009|0x0000150862000000, 0x0000150864000000, 0x0000150864000000|100%| E|CS|TAMS 0x0000150862000000, 0x0000150862000000| Complete 
|5010|0x0000150864000000, 0x0000150866000000, 0x0000150866000000|100%| E|CS|TAMS 0x0000150864000000, 0x0000150864000000| Complete 
|5011|0x0000150866000000, 0x0000150868000000, 0x0000150868000000|100%| E|CS|TAMS 0x0000150866000000, 0x0000150866000000| Complete 
|5012|0x0000150868000000, 0x000015086a000000, 0x000015086a000000|100%| E|CS|TAMS 0x0000150868000000, 0x0000150868000000| Complete 
|5013|0x000015086a000000, 0x000015086c000000, 0x000015086c000000|100%| E|CS|TAMS 0x000015086a000000, 0x000015086a000000| Complete 
|5014|0x000015086c000000, 0x000015086e000000, 0x000015086e000000|100%| E|CS|TAMS 0x000015086c000000, 0x000015086c000000| Complete 
|5015|0x000015086e000000, 0x0000150870000000, 0x0000150870000000|100%| E|CS|TAMS 0x000015086e000000, 0x000015086e000000| Complete 
|5016|0x0000150870000000, 0x0000150872000000, 0x0000150872000000|100%| E|CS|TAMS 0x0000150870000000, 0x0000150870000000| Complete 
|5017|0x0000150872000000, 0x0000150874000000, 0x0000150874000000|100%| E|CS|TAMS 0x0000150872000000, 0x0000150872000000| Complete 
|5018|0x0000150874000000, 0x0000150876000000, 0x0000150876000000|100%| E|CS|TAMS 0x0000150874000000, 0x0000150874000000| Complete 
|5019|0x0000150876000000, 0x0000150878000000, 0x0000150878000000|100%| E|CS|TAMS 0x0000150876000000, 0x0000150876000000| Complete 
|5020|0x0000150878000000, 0x000015087a000000, 0x000015087a000000|100%| E|CS|TAMS 0x0000150878000000, 0x0000150878000000| Complete 
|5021|0x000015087a000000, 0x000015087c000000, 0x000015087c000000|100%| E|CS|TAMS 0x000015087a000000, 0x000015087a000000| Complete 
|5022|0x000015087c000000, 0x000015087e000000, 0x000015087e000000|100%| E|CS|TAMS 0x000015087c000000, 0x000015087c000000| Complete 
|5023|0x000015087e000000, 0x0000150880000000, 0x0000150880000000|100%| E|CS|TAMS 0x000015087e000000, 0x000015087e000000| Complete 
|5024|0x0000150880000000, 0x0000150882000000, 0x0000150882000000|100%| E|CS|TAMS 0x0000150880000000, 0x0000150880000000| Complete 
|5025|0x0000150882000000, 0x0000150884000000, 0x0000150884000000|100%| E|CS|TAMS 0x0000150882000000, 0x0000150882000000| Complete 
|5026|0x0000150884000000, 0x0000150886000000, 0x0000150886000000|100%| E|CS|TAMS 0x0000150884000000, 0x0000150884000000| Complete 
|5027|0x0000150886000000, 0x0000150888000000, 0x0000150888000000|100%| E|CS|TAMS 0x0000150886000000, 0x0000150886000000| Complete 
|5028|0x0000150888000000, 0x000015088a000000, 0x000015088a000000|100%| E|CS|TAMS 0x0000150888000000, 0x0000150888000000| Complete 
|5029|0x000015088a000000, 0x000015088c000000, 0x000015088c000000|100%| E|CS|TAMS 0x000015088a000000, 0x000015088a000000| Complete 
|5030|0x000015088c000000, 0x000015088e000000, 0x000015088e000000|100%| E|CS|TAMS 0x000015088c000000, 0x000015088c000000| Complete 
|5031|0x000015088e000000, 0x0000150890000000, 0x0000150890000000|100%| E|CS|TAMS 0x000015088e000000, 0x000015088e000000| Complete 
|5032|0x0000150890000000, 0x0000150892000000, 0x0000150892000000|100%| E|CS|TAMS 0x0000150890000000, 0x0000150890000000| Complete 
|5033|0x0000150892000000, 0x0000150894000000, 0x0000150894000000|100%| E|CS|TAMS 0x0000150892000000, 0x0000150892000000| Complete 
|5034|0x0000150894000000, 0x0000150896000000, 0x0000150896000000|100%| E|CS|TAMS 0x0000150894000000, 0x0000150894000000| Complete 
|5035|0x0000150896000000, 0x0000150898000000, 0x0000150898000000|100%| E|CS|TAMS 0x0000150896000000, 0x0000150896000000| Complete 
|5036|0x0000150898000000, 0x000015089a000000, 0x000015089a000000|100%| E|CS|TAMS 0x0000150898000000, 0x0000150898000000| Complete 
|5037|0x000015089a000000, 0x000015089c000000, 0x000015089c000000|100%| E|CS|TAMS 0x000015089a000000, 0x000015089a000000| Complete 
|5038|0x000015089c000000, 0x000015089e000000, 0x000015089e000000|100%| E|CS|TAMS 0x000015089c000000, 0x000015089c000000| Complete 
|5039|0x000015089e000000, 0x00001508a0000000, 0x00001508a0000000|100%| E|CS|TAMS 0x000015089e000000, 0x000015089e000000| Complete 
|5040|0x00001508a0000000, 0x00001508a2000000, 0x00001508a2000000|100%| E|CS|TAMS 0x00001508a0000000, 0x00001508a0000000| Complete 
|5041|0x00001508a2000000, 0x00001508a4000000, 0x00001508a4000000|100%| E|CS|TAMS 0x00001508a2000000, 0x00001508a2000000| Complete 
|5042|0x00001508a4000000, 0x00001508a6000000, 0x00001508a6000000|100%| E|CS|TAMS 0x00001508a4000000, 0x00001508a4000000| Complete 
|5043|0x00001508a6000000, 0x00001508a8000000, 0x00001508a8000000|100%| E|CS|TAMS 0x00001508a6000000, 0x00001508a6000000| Complete 
|5044|0x00001508a8000000, 0x00001508aa000000, 0x00001508aa000000|100%| E|CS|TAMS 0x00001508a8000000, 0x00001508a8000000| Complete 
|5045|0x00001508aa000000, 0x00001508ac000000, 0x00001508ac000000|100%| E|CS|TAMS 0x00001508aa000000, 0x00001508aa000000| Complete 
|5046|0x00001508ac000000, 0x00001508ae000000, 0x00001508ae000000|100%| E|CS|TAMS 0x00001508ac000000, 0x00001508ac000000| Complete 
|5047|0x00001508ae000000, 0x00001508b0000000, 0x00001508b0000000|100%| E|CS|TAMS 0x00001508ae000000, 0x00001508ae000000| Complete 
|5048|0x00001508b0000000, 0x00001508b2000000, 0x00001508b2000000|100%| E|CS|TAMS 0x00001508b0000000, 0x00001508b0000000| Complete 
|5049|0x00001508b2000000, 0x00001508b4000000, 0x00001508b4000000|100%| E|CS|TAMS 0x00001508b2000000, 0x00001508b2000000| Complete 
|5050|0x00001508b4000000, 0x00001508b6000000, 0x00001508b6000000|100%| E|CS|TAMS 0x00001508b4000000, 0x00001508b4000000| Complete 
|5051|0x00001508b6000000, 0x00001508b8000000, 0x00001508b8000000|100%| E|CS|TAMS 0x00001508b6000000, 0x00001508b6000000| Complete 
|5052|0x00001508b8000000, 0x00001508ba000000, 0x00001508ba000000|100%| E|CS|TAMS 0x00001508b8000000, 0x00001508b8000000| Complete 
|5053|0x00001508ba000000, 0x00001508bc000000, 0x00001508bc000000|100%| E|CS|TAMS 0x00001508ba000000, 0x00001508ba000000| Complete 
|5054|0x00001508bc000000, 0x00001508bdfffff8, 0x00001508be000000| 99%| E|  |TAMS 0x00001508bc000000, 0x00001508bc000000| Complete 
|5055|0x00001508be000000, 0x00001508c0000000, 0x00001508c0000000|100%| E|CS|TAMS 0x00001508be000000, 0x00001508be000000| Complete 
|5056|0x00001508c0000000, 0x00001508c2000000, 0x00001508c2000000|100%| E|CS|TAMS 0x00001508c0000000, 0x00001508c0000000| Complete 
|5057|0x00001508c2000000, 0x00001508c4000000, 0x00001508c4000000|100%| E|CS|TAMS 0x00001508c2000000, 0x00001508c2000000| Complete 
|5058|0x00001508c4000000, 0x00001508c6000000, 0x00001508c6000000|100%| E|CS|TAMS 0x00001508c4000000, 0x00001508c4000000| Complete 
|5059|0x00001508c6000000, 0x00001508c8000000, 0x00001508c8000000|100%| E|CS|TAMS 0x00001508c6000000, 0x00001508c6000000| Complete 
|5060|0x00001508c8000000, 0x00001508ca000000, 0x00001508ca000000|100%| E|CS|TAMS 0x00001508c8000000, 0x00001508c8000000| Complete 
|5061|0x00001508ca000000, 0x00001508cc000000, 0x00001508cc000000|100%| E|CS|TAMS 0x00001508ca000000, 0x00001508ca000000| Complete 
|5062|0x00001508cc000000, 0x00001508ce000000, 0x00001508ce000000|100%| E|CS|TAMS 0x00001508cc000000, 0x00001508cc000000| Complete 
|5063|0x00001508ce000000, 0x00001508d0000000, 0x00001508d0000000|100%| E|CS|TAMS 0x00001508ce000000, 0x00001508ce000000| Complete 
|5064|0x00001508d0000000, 0x00001508d2000000, 0x00001508d2000000|100%| E|CS|TAMS 0x00001508d0000000, 0x00001508d0000000| Complete 
|5065|0x00001508d2000000, 0x00001508d4000000, 0x00001508d4000000|100%| E|CS|TAMS 0x00001508d2000000, 0x00001508d2000000| Complete 
|5066|0x00001508d4000000, 0x00001508d6000000, 0x00001508d6000000|100%| E|CS|TAMS 0x00001508d4000000, 0x00001508d4000000| Complete 
|5067|0x00001508d6000000, 0x00001508d8000000, 0x00001508d8000000|100%| E|CS|TAMS 0x00001508d6000000, 0x00001508d6000000| Complete 
|5068|0x00001508d8000000, 0x00001508da000000, 0x00001508da000000|100%| E|CS|TAMS 0x00001508d8000000, 0x00001508d8000000| Complete 
|5069|0x00001508da000000, 0x00001508dc000000, 0x00001508dc000000|100%| E|CS|TAMS 0x00001508da000000, 0x00001508da000000| Complete 
|5070|0x00001508dc000000, 0x00001508de000000, 0x00001508de000000|100%| E|CS|TAMS 0x00001508dc000000, 0x00001508dc000000| Complete 
|5071|0x00001508de000000, 0x00001508e0000000, 0x00001508e0000000|100%| E|CS|TAMS 0x00001508de000000, 0x00001508de000000| Complete 
|5072|0x00001508e0000000, 0x00001508e2000000, 0x00001508e2000000|100%| E|CS|TAMS 0x00001508e0000000, 0x00001508e0000000| Complete 
|5073|0x00001508e2000000, 0x00001508e4000000, 0x00001508e4000000|100%| E|CS|TAMS 0x00001508e2000000, 0x00001508e2000000| Complete 
|5074|0x00001508e4000000, 0x00001508e6000000, 0x00001508e6000000|100%| E|CS|TAMS 0x00001508e4000000, 0x00001508e4000000| Complete 
|5075|0x00001508e6000000, 0x00001508e8000000, 0x00001508e8000000|100%| E|CS|TAMS 0x00001508e6000000, 0x00001508e6000000| Complete 
|5076|0x00001508e8000000, 0x00001508ea000000, 0x00001508ea000000|100%| E|CS|TAMS 0x00001508e8000000, 0x00001508e8000000| Complete 
|5077|0x00001508ea000000, 0x00001508ec000000, 0x00001508ec000000|100%| E|CS|TAMS 0x00001508ea000000, 0x00001508ea000000| Complete 
|5078|0x00001508ec000000, 0x00001508ee000000, 0x00001508ee000000|100%| E|CS|TAMS 0x00001508ec000000, 0x00001508ec000000| Complete 
|5079|0x00001508ee000000, 0x00001508f0000000, 0x00001508f0000000|100%| E|CS|TAMS 0x00001508ee000000, 0x00001508ee000000| Complete 
|5080|0x00001508f0000000, 0x00001508f2000000, 0x00001508f2000000|100%| E|CS|TAMS 0x00001508f0000000, 0x00001508f0000000| Complete 
|5081|0x00001508f2000000, 0x00001508f4000000, 0x00001508f4000000|100%| E|CS|TAMS 0x00001508f2000000, 0x00001508f2000000| Complete 
|5082|0x00001508f4000000, 0x00001508f6000000, 0x00001508f6000000|100%| E|CS|TAMS 0x00001508f4000000, 0x00001508f4000000| Complete 
|5083|0x00001508f6000000, 0x00001508f8000000, 0x00001508f8000000|100%| E|CS|TAMS 0x00001508f6000000, 0x00001508f6000000| Complete 
|5084|0x00001508f8000000, 0x00001508fa000000, 0x00001508fa000000|100%| E|CS|TAMS 0x00001508f8000000, 0x00001508f8000000| Complete 
|5085|0x00001508fa000000, 0x00001508fc000000, 0x00001508fc000000|100%| E|CS|TAMS 0x00001508fa000000, 0x00001508fa000000| Complete 
|5086|0x00001508fc000000, 0x00001508fe000000, 0x00001508fe000000|100%| E|CS|TAMS 0x00001508fc000000, 0x00001508fc000000| Complete 
|5087|0x00001508fe000000, 0x0000150900000000, 0x0000150900000000|100%| E|CS|TAMS 0x00001508fe000000, 0x00001508fe000000| Complete 
|5088|0x0000150900000000, 0x0000150902000000, 0x0000150902000000|100%| E|CS|TAMS 0x0000150900000000, 0x0000150900000000| Complete 
|5089|0x0000150902000000, 0x0000150904000000, 0x0000150904000000|100%| E|CS|TAMS 0x0000150902000000, 0x0000150902000000| Complete 
|5090|0x0000150904000000, 0x0000150906000000, 0x0000150906000000|100%| E|CS|TAMS 0x0000150904000000, 0x0000150904000000| Complete 
|5091|0x0000150906000000, 0x0000150908000000, 0x0000150908000000|100%| E|CS|TAMS 0x0000150906000000, 0x0000150906000000| Complete 
|5092|0x0000150908000000, 0x000015090a000000, 0x000015090a000000|100%| E|CS|TAMS 0x0000150908000000, 0x0000150908000000| Complete 
|5093|0x000015090a000000, 0x000015090c000000, 0x000015090c000000|100%| E|CS|TAMS 0x000015090a000000, 0x000015090a000000| Complete 
|5094|0x000015090c000000, 0x000015090e000000, 0x000015090e000000|100%| E|CS|TAMS 0x000015090c000000, 0x000015090c000000| Complete 
|5095|0x000015090e000000, 0x0000150910000000, 0x0000150910000000|100%| E|CS|TAMS 0x000015090e000000, 0x000015090e000000| Complete 
|5096|0x0000150910000000, 0x0000150912000000, 0x0000150912000000|100%| E|CS|TAMS 0x0000150910000000, 0x0000150910000000| Complete 
|5097|0x0000150912000000, 0x0000150914000000, 0x0000150914000000|100%| E|CS|TAMS 0x0000150912000000, 0x0000150912000000| Complete 
|5098|0x0000150914000000, 0x0000150916000000, 0x0000150916000000|100%| E|CS|TAMS 0x0000150914000000, 0x0000150914000000| Complete 
|5099|0x0000150916000000, 0x0000150918000000, 0x0000150918000000|100%| E|CS|TAMS 0x0000150916000000, 0x0000150916000000| Complete 
|5100|0x0000150918000000, 0x000015091a000000, 0x000015091a000000|100%| E|CS|TAMS 0x0000150918000000, 0x0000150918000000| Complete 
|5101|0x000015091a000000, 0x000015091c000000, 0x000015091c000000|100%| E|CS|TAMS 0x000015091a000000, 0x000015091a000000| Complete 
|5102|0x000015091c000000, 0x000015091e000000, 0x000015091e000000|100%| E|CS|TAMS 0x000015091c000000, 0x000015091c000000| Complete 
|5103|0x000015091e000000, 0x0000150920000000, 0x0000150920000000|100%| E|CS|TAMS 0x000015091e000000, 0x000015091e000000| Complete 
|5104|0x0000150920000000, 0x0000150922000000, 0x0000150922000000|100%| E|CS|TAMS 0x0000150920000000, 0x0000150920000000| Complete 
|5105|0x0000150922000000, 0x0000150924000000, 0x0000150924000000|100%| E|CS|TAMS 0x0000150922000000, 0x0000150922000000| Complete 
|5106|0x0000150924000000, 0x0000150926000000, 0x0000150926000000|100%| E|CS|TAMS 0x0000150924000000, 0x0000150924000000| Complete 
|5107|0x0000150926000000, 0x0000150928000000, 0x0000150928000000|100%| E|CS|TAMS 0x0000150926000000, 0x0000150926000000| Complete 
|5108|0x0000150928000000, 0x000015092a000000, 0x000015092a000000|100%| E|CS|TAMS 0x0000150928000000, 0x0000150928000000| Complete 
|5109|0x000015092a000000, 0x000015092c000000, 0x000015092c000000|100%| E|CS|TAMS 0x000015092a000000, 0x000015092a000000| Complete 
|5110|0x000015092c000000, 0x000015092e000000, 0x000015092e000000|100%| E|CS|TAMS 0x000015092c000000, 0x000015092c000000| Complete 
|5111|0x000015092e000000, 0x0000150930000000, 0x0000150930000000|100%| E|CS|TAMS 0x000015092e000000, 0x000015092e000000| Complete 
|5112|0x0000150930000000, 0x0000150932000000, 0x0000150932000000|100%| E|CS|TAMS 0x0000150930000000, 0x0000150930000000| Complete 
|5113|0x0000150932000000, 0x0000150934000000, 0x0000150934000000|100%| E|CS|TAMS 0x0000150932000000, 0x0000150932000000| Complete 
|5114|0x0000150934000000, 0x0000150936000000, 0x0000150936000000|100%| E|CS|TAMS 0x0000150934000000, 0x0000150934000000| Complete 
|5115|0x0000150936000000, 0x0000150938000000, 0x0000150938000000|100%| E|CS|TAMS 0x0000150936000000, 0x0000150936000000| Complete 
|5116|0x0000150938000000, 0x000015093a000000, 0x000015093a000000|100%| E|CS|TAMS 0x0000150938000000, 0x0000150938000000| Complete 
|5117|0x000015093a000000, 0x000015093c000000, 0x000015093c000000|100%| E|CS|TAMS 0x000015093a000000, 0x000015093a000000| Complete 
|5118|0x000015093c000000, 0x000015093e000000, 0x000015093e000000|100%| E|CS|TAMS 0x000015093c000000, 0x000015093c000000| Complete 
|5119|0x000015093e000000, 0x0000150940000000, 0x0000150940000000|100%| E|CS|TAMS 0x000015093e000000, 0x000015093e000000| Complete 
|5120|0x0000150940000000, 0x0000150942000000, 0x0000150942000000|100%| E|CS|TAMS 0x0000150940000000, 0x0000150940000000| Complete 
|5121|0x0000150942000000, 0x0000150944000000, 0x0000150944000000|100%| E|CS|TAMS 0x0000150942000000, 0x0000150942000000| Complete 
|5122|0x0000150944000000, 0x0000150946000000, 0x0000150946000000|100%| E|CS|TAMS 0x0000150944000000, 0x0000150944000000| Complete 
|5123|0x0000150946000000, 0x0000150948000000, 0x0000150948000000|100%| E|CS|TAMS 0x0000150946000000, 0x0000150946000000| Complete 
|5124|0x0000150948000000, 0x000015094a000000, 0x000015094a000000|100%| E|CS|TAMS 0x0000150948000000, 0x0000150948000000| Complete 
|5125|0x000015094a000000, 0x000015094c000000, 0x000015094c000000|100%| E|CS|TAMS 0x000015094a000000, 0x000015094a000000| Complete 
|5126|0x000015094c000000, 0x000015094e000000, 0x000015094e000000|100%| E|CS|TAMS 0x000015094c000000, 0x000015094c000000| Complete 
|5127|0x000015094e000000, 0x0000150950000000, 0x0000150950000000|100%| E|CS|TAMS 0x000015094e000000, 0x000015094e000000| Complete 
|5128|0x0000150950000000, 0x0000150952000000, 0x0000150952000000|100%| E|CS|TAMS 0x0000150950000000, 0x0000150950000000| Complete 
|5129|0x0000150952000000, 0x0000150954000000, 0x0000150954000000|100%| E|CS|TAMS 0x0000150952000000, 0x0000150952000000| Complete 
|5130|0x0000150954000000, 0x0000150956000000, 0x0000150956000000|100%| E|CS|TAMS 0x0000150954000000, 0x0000150954000000| Complete 
|5131|0x0000150956000000, 0x0000150958000000, 0x0000150958000000|100%| E|CS|TAMS 0x0000150956000000, 0x0000150956000000| Complete 
|5132|0x0000150958000000, 0x000015095a000000, 0x000015095a000000|100%| E|CS|TAMS 0x0000150958000000, 0x0000150958000000| Complete 
|5133|0x000015095a000000, 0x000015095c000000, 0x000015095c000000|100%| E|CS|TAMS 0x000015095a000000, 0x000015095a000000| Complete 
|5134|0x000015095c000000, 0x000015095e000000, 0x000015095e000000|100%| E|CS|TAMS 0x000015095c000000, 0x000015095c000000| Complete 
|5135|0x000015095e000000, 0x0000150960000000, 0x0000150960000000|100%| E|CS|TAMS 0x000015095e000000, 0x000015095e000000| Complete 
|5136|0x0000150960000000, 0x0000150962000000, 0x0000150962000000|100%| E|CS|TAMS 0x0000150960000000, 0x0000150960000000| Complete 
|5137|0x0000150962000000, 0x0000150964000000, 0x0000150964000000|100%| E|CS|TAMS 0x0000150962000000, 0x0000150962000000| Complete 
|5138|0x0000150964000000, 0x0000150966000000, 0x0000150966000000|100%| E|CS|TAMS 0x0000150964000000, 0x0000150964000000| Complete 
|5139|0x0000150966000000, 0x0000150968000000, 0x0000150968000000|100%| E|CS|TAMS 0x0000150966000000, 0x0000150966000000| Complete 
|5140|0x0000150968000000, 0x000015096a000000, 0x000015096a000000|100%| E|CS|TAMS 0x0000150968000000, 0x0000150968000000| Complete 
|5141|0x000015096a000000, 0x000015096c000000, 0x000015096c000000|100%| E|CS|TAMS 0x000015096a000000, 0x000015096a000000| Complete 
|5142|0x000015096c000000, 0x000015096e000000, 0x000015096e000000|100%| E|CS|TAMS 0x000015096c000000, 0x000015096c000000| Complete 
|5143|0x000015096e000000, 0x0000150970000000, 0x0000150970000000|100%| E|CS|TAMS 0x000015096e000000, 0x000015096e000000| Complete 
|5144|0x0000150970000000, 0x0000150972000000, 0x0000150972000000|100%| E|CS|TAMS 0x0000150970000000, 0x0000150970000000| Complete 
|5145|0x0000150972000000, 0x0000150974000000, 0x0000150974000000|100%| E|CS|TAMS 0x0000150972000000, 0x0000150972000000| Complete 
|5146|0x0000150974000000, 0x0000150976000000, 0x0000150976000000|100%| E|CS|TAMS 0x0000150974000000, 0x0000150974000000| Complete 
|5147|0x0000150976000000, 0x0000150978000000, 0x0000150978000000|100%| E|CS|TAMS 0x0000150976000000, 0x0000150976000000| Complete 
|5148|0x0000150978000000, 0x000015097a000000, 0x000015097a000000|100%| E|CS|TAMS 0x0000150978000000, 0x0000150978000000| Complete 
|5149|0x000015097a000000, 0x000015097c000000, 0x000015097c000000|100%| E|CS|TAMS 0x000015097a000000, 0x000015097a000000| Complete 
|5150|0x000015097c000000, 0x000015097e000000, 0x000015097e000000|100%| E|CS|TAMS 0x000015097c000000, 0x000015097c000000| Complete 
|5151|0x000015097e000000, 0x0000150980000000, 0x0000150980000000|100%| E|CS|TAMS 0x000015097e000000, 0x000015097e000000| Complete 
|5152|0x0000150980000000, 0x0000150982000000, 0x0000150982000000|100%| E|CS|TAMS 0x0000150980000000, 0x0000150980000000| Complete 
|5153|0x0000150982000000, 0x0000150984000000, 0x0000150984000000|100%| E|CS|TAMS 0x0000150982000000, 0x0000150982000000| Complete 
|5154|0x0000150984000000, 0x0000150986000000, 0x0000150986000000|100%| E|CS|TAMS 0x0000150984000000, 0x0000150984000000| Complete 
|5155|0x0000150986000000, 0x0000150988000000, 0x0000150988000000|100%| E|CS|TAMS 0x0000150986000000, 0x0000150986000000| Complete 
|5156|0x0000150988000000, 0x000015098a000000, 0x000015098a000000|100%| E|CS|TAMS 0x0000150988000000, 0x0000150988000000| Complete 
|5157|0x000015098a000000, 0x000015098c000000, 0x000015098c000000|100%| E|CS|TAMS 0x000015098a000000, 0x000015098a000000| Complete 
|5158|0x000015098c000000, 0x000015098e000000, 0x000015098e000000|100%| E|CS|TAMS 0x000015098c000000, 0x000015098c000000| Complete 
|5159|0x000015098e000000, 0x0000150990000000, 0x0000150990000000|100%| E|CS|TAMS 0x000015098e000000, 0x000015098e000000| Complete 
|5160|0x0000150990000000, 0x0000150992000000, 0x0000150992000000|100%| E|CS|TAMS 0x0000150990000000, 0x0000150990000000| Complete 
|5161|0x0000150992000000, 0x0000150994000000, 0x0000150994000000|100%| E|CS|TAMS 0x0000150992000000, 0x0000150992000000| Complete 
|5162|0x0000150994000000, 0x0000150996000000, 0x0000150996000000|100%| E|CS|TAMS 0x0000150994000000, 0x0000150994000000| Complete 
|5163|0x0000150996000000, 0x0000150998000000, 0x0000150998000000|100%| E|CS|TAMS 0x0000150996000000, 0x0000150996000000| Complete 
|5164|0x0000150998000000, 0x000015099a000000, 0x000015099a000000|100%| E|CS|TAMS 0x0000150998000000, 0x0000150998000000| Complete 
|5165|0x000015099a000000, 0x000015099c000000, 0x000015099c000000|100%| E|CS|TAMS 0x000015099a000000, 0x000015099a000000| Complete 
|5166|0x000015099c000000, 0x000015099e000000, 0x000015099e000000|100%| E|CS|TAMS 0x000015099c000000, 0x000015099c000000| Complete 
|5167|0x000015099e000000, 0x00001509a0000000, 0x00001509a0000000|100%| E|CS|TAMS 0x000015099e000000, 0x000015099e000000| Complete 
|5168|0x00001509a0000000, 0x00001509a2000000, 0x00001509a2000000|100%| E|CS|TAMS 0x00001509a0000000, 0x00001509a0000000| Complete 
|5169|0x00001509a2000000, 0x00001509a4000000, 0x00001509a4000000|100%| E|CS|TAMS 0x00001509a2000000, 0x00001509a2000000| Complete 
|5170|0x00001509a4000000, 0x00001509a6000000, 0x00001509a6000000|100%| E|CS|TAMS 0x00001509a4000000, 0x00001509a4000000| Complete 
|5171|0x00001509a6000000, 0x00001509a8000000, 0x00001509a8000000|100%| E|CS|TAMS 0x00001509a6000000, 0x00001509a6000000| Complete 
|5172|0x00001509a8000000, 0x00001509aa000000, 0x00001509aa000000|100%| E|CS|TAMS 0x00001509a8000000, 0x00001509a8000000| Complete 
|5173|0x00001509aa000000, 0x00001509ac000000, 0x00001509ac000000|100%| E|CS|TAMS 0x00001509aa000000, 0x00001509aa000000| Complete 
|5174|0x00001509ac000000, 0x00001509ae000000, 0x00001509ae000000|100%| E|CS|TAMS 0x00001509ac000000, 0x00001509ac000000| Complete 
|5175|0x00001509ae000000, 0x00001509b0000000, 0x00001509b0000000|100%| E|CS|TAMS 0x00001509ae000000, 0x00001509ae000000| Complete 
|5176|0x00001509b0000000, 0x00001509b2000000, 0x00001509b2000000|100%| E|CS|TAMS 0x00001509b0000000, 0x00001509b0000000| Complete 
|5177|0x00001509b2000000, 0x00001509b4000000, 0x00001509b4000000|100%| E|CS|TAMS 0x00001509b2000000, 0x00001509b2000000| Complete 
|5178|0x00001509b4000000, 0x00001509b6000000, 0x00001509b6000000|100%| E|CS|TAMS 0x00001509b4000000, 0x00001509b4000000| Complete 
|5179|0x00001509b6000000, 0x00001509b8000000, 0x00001509b8000000|100%| E|CS|TAMS 0x00001509b6000000, 0x00001509b6000000| Complete 
|5180|0x00001509b8000000, 0x00001509ba000000, 0x00001509ba000000|100%| E|CS|TAMS 0x00001509b8000000, 0x00001509b8000000| Complete 
|5181|0x00001509ba000000, 0x00001509bc000000, 0x00001509bc000000|100%| E|CS|TAMS 0x00001509ba000000, 0x00001509ba000000| Complete 
|5182|0x00001509bc000000, 0x00001509be000000, 0x00001509be000000|100%| E|CS|TAMS 0x00001509bc000000, 0x00001509bc000000| Complete 
|5183|0x00001509be000000, 0x00001509c0000000, 0x00001509c0000000|100%| E|CS|TAMS 0x00001509be000000, 0x00001509be000000| Complete 
|5184|0x00001509c0000000, 0x00001509c2000000, 0x00001509c2000000|100%| E|CS|TAMS 0x00001509c0000000, 0x00001509c0000000| Complete 
|5185|0x00001509c2000000, 0x00001509c4000000, 0x00001509c4000000|100%| E|CS|TAMS 0x00001509c2000000, 0x00001509c2000000| Complete 
|5186|0x00001509c4000000, 0x00001509c6000000, 0x00001509c6000000|100%| E|CS|TAMS 0x00001509c4000000, 0x00001509c4000000| Complete 
|5187|0x00001509c6000000, 0x00001509c8000000, 0x00001509c8000000|100%| E|CS|TAMS 0x00001509c6000000, 0x00001509c6000000| Complete 
|5188|0x00001509c8000000, 0x00001509ca000000, 0x00001509ca000000|100%| E|CS|TAMS 0x00001509c8000000, 0x00001509c8000000| Complete 
|5189|0x00001509ca000000, 0x00001509cc000000, 0x00001509cc000000|100%| E|CS|TAMS 0x00001509ca000000, 0x00001509ca000000| Complete 
|5190|0x00001509cc000000, 0x00001509ce000000, 0x00001509ce000000|100%| E|CS|TAMS 0x00001509cc000000, 0x00001509cc000000| Complete 
|5191|0x00001509ce000000, 0x00001509d0000000, 0x00001509d0000000|100%| E|CS|TAMS 0x00001509ce000000, 0x00001509ce000000| Complete 
|5192|0x00001509d0000000, 0x00001509d2000000, 0x00001509d2000000|100%| E|CS|TAMS 0x00001509d0000000, 0x00001509d0000000| Complete 
|5193|0x00001509d2000000, 0x00001509d4000000, 0x00001509d4000000|100%| E|CS|TAMS 0x00001509d2000000, 0x00001509d2000000| Complete 
|5194|0x00001509d4000000, 0x00001509d6000000, 0x00001509d6000000|100%| E|CS|TAMS 0x00001509d4000000, 0x00001509d4000000| Complete 
|5195|0x00001509d6000000, 0x00001509d8000000, 0x00001509d8000000|100%| E|CS|TAMS 0x00001509d6000000, 0x00001509d6000000| Complete 
|5196|0x00001509d8000000, 0x00001509da000000, 0x00001509da000000|100%| E|CS|TAMS 0x00001509d8000000, 0x00001509d8000000| Complete 
|5197|0x00001509da000000, 0x00001509dc000000, 0x00001509dc000000|100%| E|CS|TAMS 0x00001509da000000, 0x00001509da000000| Complete 
|5198|0x00001509dc000000, 0x00001509de000000, 0x00001509de000000|100%| E|CS|TAMS 0x00001509dc000000, 0x00001509dc000000| Complete 
|5199|0x00001509de000000, 0x00001509e0000000, 0x00001509e0000000|100%| E|CS|TAMS 0x00001509de000000, 0x00001509de000000| Complete 
|5200|0x00001509e0000000, 0x00001509e2000000, 0x00001509e2000000|100%| E|CS|TAMS 0x00001509e0000000, 0x00001509e0000000| Complete 
|5201|0x00001509e2000000, 0x00001509e4000000, 0x00001509e4000000|100%| E|CS|TAMS 0x00001509e2000000, 0x00001509e2000000| Complete 
|5202|0x00001509e4000000, 0x00001509e6000000, 0x00001509e6000000|100%| E|CS|TAMS 0x00001509e4000000, 0x00001509e4000000| Complete 
|5203|0x00001509e6000000, 0x00001509e8000000, 0x00001509e8000000|100%| E|CS|TAMS 0x00001509e6000000, 0x00001509e6000000| Complete 
|5204|0x00001509e8000000, 0x00001509ea000000, 0x00001509ea000000|100%| E|CS|TAMS 0x00001509e8000000, 0x00001509e8000000| Complete 
|5205|0x00001509ea000000, 0x00001509ec000000, 0x00001509ec000000|100%| E|CS|TAMS 0x00001509ea000000, 0x00001509ea000000| Complete 
|5206|0x00001509ec000000, 0x00001509ee000000, 0x00001509ee000000|100%| E|CS|TAMS 0x00001509ec000000, 0x00001509ec000000| Complete 
|5207|0x00001509ee000000, 0x00001509f0000000, 0x00001509f0000000|100%| E|CS|TAMS 0x00001509ee000000, 0x00001509ee000000| Complete 
|5208|0x00001509f0000000, 0x00001509f2000000, 0x00001509f2000000|100%| E|CS|TAMS 0x00001509f0000000, 0x00001509f0000000| Complete 
|5209|0x00001509f2000000, 0x00001509f4000000, 0x00001509f4000000|100%| E|CS|TAMS 0x00001509f2000000, 0x00001509f2000000| Complete 
|5210|0x00001509f4000000, 0x00001509f6000000, 0x00001509f6000000|100%| E|CS|TAMS 0x00001509f4000000, 0x00001509f4000000| Complete 
|5211|0x00001509f6000000, 0x00001509f8000000, 0x00001509f8000000|100%| E|CS|TAMS 0x00001509f6000000, 0x00001509f6000000| Complete 
|5212|0x00001509f8000000, 0x00001509fa000000, 0x00001509fa000000|100%| E|CS|TAMS 0x00001509f8000000, 0x00001509f8000000| Complete 
|5213|0x00001509fa000000, 0x00001509fc000000, 0x00001509fc000000|100%| E|CS|TAMS 0x00001509fa000000, 0x00001509fa000000| Complete 
|5214|0x00001509fc000000, 0x00001509fe000000, 0x00001509fe000000|100%| E|CS|TAMS 0x00001509fc000000, 0x00001509fc000000| Complete 
|5215|0x00001509fe000000, 0x0000150a00000000, 0x0000150a00000000|100%| E|CS|TAMS 0x00001509fe000000, 0x00001509fe000000| Complete 
|5216|0x0000150a00000000, 0x0000150a02000000, 0x0000150a02000000|100%| E|CS|TAMS 0x0000150a00000000, 0x0000150a00000000| Complete 
|5217|0x0000150a02000000, 0x0000150a04000000, 0x0000150a04000000|100%| E|CS|TAMS 0x0000150a02000000, 0x0000150a02000000| Complete 
|5218|0x0000150a04000000, 0x0000150a06000000, 0x0000150a06000000|100%| E|CS|TAMS 0x0000150a04000000, 0x0000150a04000000| Complete 
|5219|0x0000150a06000000, 0x0000150a08000000, 0x0000150a08000000|100%| E|CS|TAMS 0x0000150a06000000, 0x0000150a06000000| Complete 
|5220|0x0000150a08000000, 0x0000150a0a000000, 0x0000150a0a000000|100%| E|CS|TAMS 0x0000150a08000000, 0x0000150a08000000| Complete 
|5221|0x0000150a0a000000, 0x0000150a0c000000, 0x0000150a0c000000|100%| E|CS|TAMS 0x0000150a0a000000, 0x0000150a0a000000| Complete 
|5222|0x0000150a0c000000, 0x0000150a0e000000, 0x0000150a0e000000|100%| E|CS|TAMS 0x0000150a0c000000, 0x0000150a0c000000| Complete 
|5223|0x0000150a0e000000, 0x0000150a10000000, 0x0000150a10000000|100%| E|CS|TAMS 0x0000150a0e000000, 0x0000150a0e000000| Complete 
|5224|0x0000150a10000000, 0x0000150a12000000, 0x0000150a12000000|100%| E|CS|TAMS 0x0000150a10000000, 0x0000150a10000000| Complete 
|5225|0x0000150a12000000, 0x0000150a14000000, 0x0000150a14000000|100%| E|CS|TAMS 0x0000150a12000000, 0x0000150a12000000| Complete 
|5226|0x0000150a14000000, 0x0000150a16000000, 0x0000150a16000000|100%| E|CS|TAMS 0x0000150a14000000, 0x0000150a14000000| Complete 
|5227|0x0000150a16000000, 0x0000150a18000000, 0x0000150a18000000|100%| E|CS|TAMS 0x0000150a16000000, 0x0000150a16000000| Complete 
|5228|0x0000150a18000000, 0x0000150a1a000000, 0x0000150a1a000000|100%| E|CS|TAMS 0x0000150a18000000, 0x0000150a18000000| Complete 
|5229|0x0000150a1a000000, 0x0000150a1c000000, 0x0000150a1c000000|100%| E|CS|TAMS 0x0000150a1a000000, 0x0000150a1a000000| Complete 
|5230|0x0000150a1c000000, 0x0000150a1e000000, 0x0000150a1e000000|100%| E|CS|TAMS 0x0000150a1c000000, 0x0000150a1c000000| Complete 
|5231|0x0000150a1e000000, 0x0000150a20000000, 0x0000150a20000000|100%| E|CS|TAMS 0x0000150a1e000000, 0x0000150a1e000000| Complete 
|5232|0x0000150a20000000, 0x0000150a22000000, 0x0000150a22000000|100%| E|CS|TAMS 0x0000150a20000000, 0x0000150a20000000| Complete 
|5233|0x0000150a22000000, 0x0000150a24000000, 0x0000150a24000000|100%| E|CS|TAMS 0x0000150a22000000, 0x0000150a22000000| Complete 
|5234|0x0000150a24000000, 0x0000150a26000000, 0x0000150a26000000|100%| E|CS|TAMS 0x0000150a24000000, 0x0000150a24000000| Complete 
|5235|0x0000150a26000000, 0x0000150a28000000, 0x0000150a28000000|100%| E|CS|TAMS 0x0000150a26000000, 0x0000150a26000000| Complete 
|5236|0x0000150a28000000, 0x0000150a2a000000, 0x0000150a2a000000|100%| E|CS|TAMS 0x0000150a28000000, 0x0000150a28000000| Complete 
|5237|0x0000150a2a000000, 0x0000150a2c000000, 0x0000150a2c000000|100%| E|CS|TAMS 0x0000150a2a000000, 0x0000150a2a000000| Complete 
|5238|0x0000150a2c000000, 0x0000150a2e000000, 0x0000150a2e000000|100%| E|CS|TAMS 0x0000150a2c000000, 0x0000150a2c000000| Complete 
|5239|0x0000150a2e000000, 0x0000150a30000000, 0x0000150a30000000|100%| E|CS|TAMS 0x0000150a2e000000, 0x0000150a2e000000| Complete 
|5240|0x0000150a30000000, 0x0000150a32000000, 0x0000150a32000000|100%| E|CS|TAMS 0x0000150a30000000, 0x0000150a30000000| Complete 
|5241|0x0000150a32000000, 0x0000150a34000000, 0x0000150a34000000|100%| E|CS|TAMS 0x0000150a32000000, 0x0000150a32000000| Complete 
|5242|0x0000150a34000000, 0x0000150a36000000, 0x0000150a36000000|100%| E|CS|TAMS 0x0000150a34000000, 0x0000150a34000000| Complete 
|5243|0x0000150a36000000, 0x0000150a38000000, 0x0000150a38000000|100%| E|CS|TAMS 0x0000150a36000000, 0x0000150a36000000| Complete 
|5244|0x0000150a38000000, 0x0000150a3a000000, 0x0000150a3a000000|100%| E|CS|TAMS 0x0000150a38000000, 0x0000150a38000000| Complete 
|5245|0x0000150a3a000000, 0x0000150a3c000000, 0x0000150a3c000000|100%| E|CS|TAMS 0x0000150a3a000000, 0x0000150a3a000000| Complete 
|5246|0x0000150a3c000000, 0x0000150a3e000000, 0x0000150a3e000000|100%| E|CS|TAMS 0x0000150a3c000000, 0x0000150a3c000000| Complete 
|5247|0x0000150a3e000000, 0x0000150a40000000, 0x0000150a40000000|100%| E|CS|TAMS 0x0000150a3e000000, 0x0000150a3e000000| Complete 
|5248|0x0000150a40000000, 0x0000150a42000000, 0x0000150a42000000|100%| E|CS|TAMS 0x0000150a40000000, 0x0000150a40000000| Complete 
|5249|0x0000150a42000000, 0x0000150a44000000, 0x0000150a44000000|100%| E|CS|TAMS 0x0000150a42000000, 0x0000150a42000000| Complete 
|5250|0x0000150a44000000, 0x0000150a46000000, 0x0000150a46000000|100%| E|CS|TAMS 0x0000150a44000000, 0x0000150a44000000| Complete 
|5251|0x0000150a46000000, 0x0000150a48000000, 0x0000150a48000000|100%| E|CS|TAMS 0x0000150a46000000, 0x0000150a46000000| Complete 
|5252|0x0000150a48000000, 0x0000150a4a000000, 0x0000150a4a000000|100%| E|CS|TAMS 0x0000150a48000000, 0x0000150a48000000| Complete 
|5253|0x0000150a4a000000, 0x0000150a4c000000, 0x0000150a4c000000|100%| E|CS|TAMS 0x0000150a4a000000, 0x0000150a4a000000| Complete 
|5254|0x0000150a4c000000, 0x0000150a4e000000, 0x0000150a4e000000|100%| E|CS|TAMS 0x0000150a4c000000, 0x0000150a4c000000| Complete 
|5255|0x0000150a4e000000, 0x0000150a50000000, 0x0000150a50000000|100%| E|CS|TAMS 0x0000150a4e000000, 0x0000150a4e000000| Complete 
|5256|0x0000150a50000000, 0x0000150a52000000, 0x0000150a52000000|100%| E|CS|TAMS 0x0000150a50000000, 0x0000150a50000000| Complete 
|5257|0x0000150a52000000, 0x0000150a54000000, 0x0000150a54000000|100%| E|CS|TAMS 0x0000150a52000000, 0x0000150a52000000| Complete 
|5258|0x0000150a54000000, 0x0000150a56000000, 0x0000150a56000000|100%| E|CS|TAMS 0x0000150a54000000, 0x0000150a54000000| Complete 
|5259|0x0000150a56000000, 0x0000150a58000000, 0x0000150a58000000|100%| E|CS|TAMS 0x0000150a56000000, 0x0000150a56000000| Complete 
|5260|0x0000150a58000000, 0x0000150a5a000000, 0x0000150a5a000000|100%| E|CS|TAMS 0x0000150a58000000, 0x0000150a58000000| Complete 
|5261|0x0000150a5a000000, 0x0000150a5c000000, 0x0000150a5c000000|100%| E|CS|TAMS 0x0000150a5a000000, 0x0000150a5a000000| Complete 
|5262|0x0000150a5c000000, 0x0000150a5e000000, 0x0000150a5e000000|100%| E|CS|TAMS 0x0000150a5c000000, 0x0000150a5c000000| Complete 
|5263|0x0000150a5e000000, 0x0000150a60000000, 0x0000150a60000000|100%| E|CS|TAMS 0x0000150a5e000000, 0x0000150a5e000000| Complete 
|5264|0x0000150a60000000, 0x0000150a62000000, 0x0000150a62000000|100%| E|CS|TAMS 0x0000150a60000000, 0x0000150a60000000| Complete 
|5265|0x0000150a62000000, 0x0000150a64000000, 0x0000150a64000000|100%| E|CS|TAMS 0x0000150a62000000, 0x0000150a62000000| Complete 
|5266|0x0000150a64000000, 0x0000150a66000000, 0x0000150a66000000|100%| E|CS|TAMS 0x0000150a64000000, 0x0000150a64000000| Complete 
|5267|0x0000150a66000000, 0x0000150a68000000, 0x0000150a68000000|100%| E|CS|TAMS 0x0000150a66000000, 0x0000150a66000000| Complete 
|5268|0x0000150a68000000, 0x0000150a6a000000, 0x0000150a6a000000|100%| E|CS|TAMS 0x0000150a68000000, 0x0000150a68000000| Complete 
|5269|0x0000150a6a000000, 0x0000150a6c000000, 0x0000150a6c000000|100%| E|CS|TAMS 0x0000150a6a000000, 0x0000150a6a000000| Complete 
|5270|0x0000150a6c000000, 0x0000150a6e000000, 0x0000150a6e000000|100%| E|CS|TAMS 0x0000150a6c000000, 0x0000150a6c000000| Complete 
|5271|0x0000150a6e000000, 0x0000150a70000000, 0x0000150a70000000|100%| E|CS|TAMS 0x0000150a6e000000, 0x0000150a6e000000| Complete 
|5272|0x0000150a70000000, 0x0000150a72000000, 0x0000150a72000000|100%| E|CS|TAMS 0x0000150a70000000, 0x0000150a70000000| Complete 
|5273|0x0000150a72000000, 0x0000150a74000000, 0x0000150a74000000|100%| E|CS|TAMS 0x0000150a72000000, 0x0000150a72000000| Complete 
|5274|0x0000150a74000000, 0x0000150a76000000, 0x0000150a76000000|100%| E|CS|TAMS 0x0000150a74000000, 0x0000150a74000000| Complete 
|5275|0x0000150a76000000, 0x0000150a78000000, 0x0000150a78000000|100%| E|CS|TAMS 0x0000150a76000000, 0x0000150a76000000| Complete 
|5276|0x0000150a78000000, 0x0000150a7a000000, 0x0000150a7a000000|100%| E|CS|TAMS 0x0000150a78000000, 0x0000150a78000000| Complete 
|5277|0x0000150a7a000000, 0x0000150a7c000000, 0x0000150a7c000000|100%| E|CS|TAMS 0x0000150a7a000000, 0x0000150a7a000000| Complete 
|5278|0x0000150a7c000000, 0x0000150a7e000000, 0x0000150a7e000000|100%| E|CS|TAMS 0x0000150a7c000000, 0x0000150a7c000000| Complete 
|5279|0x0000150a7e000000, 0x0000150a80000000, 0x0000150a80000000|100%| E|CS|TAMS 0x0000150a7e000000, 0x0000150a7e000000| Complete 
|5280|0x0000150a80000000, 0x0000150a82000000, 0x0000150a82000000|100%| E|CS|TAMS 0x0000150a80000000, 0x0000150a80000000| Complete 
|5281|0x0000150a82000000, 0x0000150a84000000, 0x0000150a84000000|100%| E|CS|TAMS 0x0000150a82000000, 0x0000150a82000000| Complete 
|5282|0x0000150a84000000, 0x0000150a86000000, 0x0000150a86000000|100%| E|CS|TAMS 0x0000150a84000000, 0x0000150a84000000| Complete 
|5283|0x0000150a86000000, 0x0000150a88000000, 0x0000150a88000000|100%| E|CS|TAMS 0x0000150a86000000, 0x0000150a86000000| Complete 
|5284|0x0000150a88000000, 0x0000150a8a000000, 0x0000150a8a000000|100%| E|CS|TAMS 0x0000150a88000000, 0x0000150a88000000| Complete 
|5285|0x0000150a8a000000, 0x0000150a8c000000, 0x0000150a8c000000|100%| E|CS|TAMS 0x0000150a8a000000, 0x0000150a8a000000| Complete 
|5286|0x0000150a8c000000, 0x0000150a8e000000, 0x0000150a8e000000|100%| E|CS|TAMS 0x0000150a8c000000, 0x0000150a8c000000| Complete 
|5287|0x0000150a8e000000, 0x0000150a90000000, 0x0000150a90000000|100%| E|CS|TAMS 0x0000150a8e000000, 0x0000150a8e000000| Complete 
|5288|0x0000150a90000000, 0x0000150a92000000, 0x0000150a92000000|100%| E|CS|TAMS 0x0000150a90000000, 0x0000150a90000000| Complete 
|5289|0x0000150a92000000, 0x0000150a94000000, 0x0000150a94000000|100%| E|CS|TAMS 0x0000150a92000000, 0x0000150a92000000| Complete 
|5290|0x0000150a94000000, 0x0000150a96000000, 0x0000150a96000000|100%| E|CS|TAMS 0x0000150a94000000, 0x0000150a94000000| Complete 
|5291|0x0000150a96000000, 0x0000150a98000000, 0x0000150a98000000|100%| E|CS|TAMS 0x0000150a96000000, 0x0000150a96000000| Complete 
|5292|0x0000150a98000000, 0x0000150a9a000000, 0x0000150a9a000000|100%| E|CS|TAMS 0x0000150a98000000, 0x0000150a98000000| Complete 
|5293|0x0000150a9a000000, 0x0000150a9c000000, 0x0000150a9c000000|100%| E|CS|TAMS 0x0000150a9a000000, 0x0000150a9a000000| Complete 
|5294|0x0000150a9c000000, 0x0000150a9e000000, 0x0000150a9e000000|100%| E|CS|TAMS 0x0000150a9c000000, 0x0000150a9c000000| Complete 
|5295|0x0000150a9e000000, 0x0000150aa0000000, 0x0000150aa0000000|100%| E|CS|TAMS 0x0000150a9e000000, 0x0000150a9e000000| Complete 
|5296|0x0000150aa0000000, 0x0000150aa2000000, 0x0000150aa2000000|100%| E|CS|TAMS 0x0000150aa0000000, 0x0000150aa0000000| Complete 
|5297|0x0000150aa2000000, 0x0000150aa4000000, 0x0000150aa4000000|100%| E|CS|TAMS 0x0000150aa2000000, 0x0000150aa2000000| Complete 
|5298|0x0000150aa4000000, 0x0000150aa6000000, 0x0000150aa6000000|100%| E|CS|TAMS 0x0000150aa4000000, 0x0000150aa4000000| Complete 
|5299|0x0000150aa6000000, 0x0000150aa8000000, 0x0000150aa8000000|100%| E|CS|TAMS 0x0000150aa6000000, 0x0000150aa6000000| Complete 
|5300|0x0000150aa8000000, 0x0000150aaa000000, 0x0000150aaa000000|100%| E|CS|TAMS 0x0000150aa8000000, 0x0000150aa8000000| Complete 
|5301|0x0000150aaa000000, 0x0000150aac000000, 0x0000150aac000000|100%| E|CS|TAMS 0x0000150aaa000000, 0x0000150aaa000000| Complete 
|5302|0x0000150aac000000, 0x0000150aae000000, 0x0000150aae000000|100%| E|CS|TAMS 0x0000150aac000000, 0x0000150aac000000| Complete 
|5303|0x0000150aae000000, 0x0000150ab0000000, 0x0000150ab0000000|100%| E|CS|TAMS 0x0000150aae000000, 0x0000150aae000000| Complete 
|5304|0x0000150ab0000000, 0x0000150ab2000000, 0x0000150ab2000000|100%| E|CS|TAMS 0x0000150ab0000000, 0x0000150ab0000000| Complete 
|5305|0x0000150ab2000000, 0x0000150ab4000000, 0x0000150ab4000000|100%| E|CS|TAMS 0x0000150ab2000000, 0x0000150ab2000000| Complete 
|5306|0x0000150ab4000000, 0x0000150ab6000000, 0x0000150ab6000000|100%| E|CS|TAMS 0x0000150ab4000000, 0x0000150ab4000000| Complete 
|5307|0x0000150ab6000000, 0x0000150ab8000000, 0x0000150ab8000000|100%| E|CS|TAMS 0x0000150ab6000000, 0x0000150ab6000000| Complete 
|5308|0x0000150ab8000000, 0x0000150aba000000, 0x0000150aba000000|100%| E|CS|TAMS 0x0000150ab8000000, 0x0000150ab8000000| Complete 
|5309|0x0000150aba000000, 0x0000150abc000000, 0x0000150abc000000|100%| E|CS|TAMS 0x0000150aba000000, 0x0000150aba000000| Complete 
|5310|0x0000150abc000000, 0x0000150abe000000, 0x0000150abe000000|100%| E|CS|TAMS 0x0000150abc000000, 0x0000150abc000000| Complete 
|5311|0x0000150abe000000, 0x0000150ac0000000, 0x0000150ac0000000|100%| E|CS|TAMS 0x0000150abe000000, 0x0000150abe000000| Complete 
|5312|0x0000150ac0000000, 0x0000150ac2000000, 0x0000150ac2000000|100%| E|CS|TAMS 0x0000150ac0000000, 0x0000150ac0000000| Complete 
|5313|0x0000150ac2000000, 0x0000150ac4000000, 0x0000150ac4000000|100%| E|CS|TAMS 0x0000150ac2000000, 0x0000150ac2000000| Complete 
|5314|0x0000150ac4000000, 0x0000150ac6000000, 0x0000150ac6000000|100%| E|CS|TAMS 0x0000150ac4000000, 0x0000150ac4000000| Complete 
|5315|0x0000150ac6000000, 0x0000150ac8000000, 0x0000150ac8000000|100%| E|CS|TAMS 0x0000150ac6000000, 0x0000150ac6000000| Complete 
|5316|0x0000150ac8000000, 0x0000150aca000000, 0x0000150aca000000|100%| E|CS|TAMS 0x0000150ac8000000, 0x0000150ac8000000| Complete 
|5317|0x0000150aca000000, 0x0000150acc000000, 0x0000150acc000000|100%| E|CS|TAMS 0x0000150aca000000, 0x0000150aca000000| Complete 
|5318|0x0000150acc000000, 0x0000150ace000000, 0x0000150ace000000|100%| E|CS|TAMS 0x0000150acc000000, 0x0000150acc000000| Complete 
|5319|0x0000150ace000000, 0x0000150ad0000000, 0x0000150ad0000000|100%| E|CS|TAMS 0x0000150ace000000, 0x0000150ace000000| Complete 
|5320|0x0000150ad0000000, 0x0000150ad2000000, 0x0000150ad2000000|100%| E|CS|TAMS 0x0000150ad0000000, 0x0000150ad0000000| Complete 
|5321|0x0000150ad2000000, 0x0000150ad4000000, 0x0000150ad4000000|100%| E|CS|TAMS 0x0000150ad2000000, 0x0000150ad2000000| Complete 
|5322|0x0000150ad4000000, 0x0000150ad6000000, 0x0000150ad6000000|100%| E|CS|TAMS 0x0000150ad4000000, 0x0000150ad4000000| Complete 
|5323|0x0000150ad6000000, 0x0000150ad8000000, 0x0000150ad8000000|100%| E|CS|TAMS 0x0000150ad6000000, 0x0000150ad6000000| Complete 
|5324|0x0000150ad8000000, 0x0000150ada000000, 0x0000150ada000000|100%| E|CS|TAMS 0x0000150ad8000000, 0x0000150ad8000000| Complete 
|5325|0x0000150ada000000, 0x0000150adc000000, 0x0000150adc000000|100%| E|CS|TAMS 0x0000150ada000000, 0x0000150ada000000| Complete 
|5326|0x0000150adc000000, 0x0000150ade000000, 0x0000150ade000000|100%| E|CS|TAMS 0x0000150adc000000, 0x0000150adc000000| Complete 
|5327|0x0000150ade000000, 0x0000150ae0000000, 0x0000150ae0000000|100%| E|CS|TAMS 0x0000150ade000000, 0x0000150ade000000| Complete 
|5328|0x0000150ae0000000, 0x0000150ae2000000, 0x0000150ae2000000|100%| E|CS|TAMS 0x0000150ae0000000, 0x0000150ae0000000| Complete 
|5329|0x0000150ae2000000, 0x0000150ae4000000, 0x0000150ae4000000|100%| E|CS|TAMS 0x0000150ae2000000, 0x0000150ae2000000| Complete 
|5330|0x0000150ae4000000, 0x0000150ae6000000, 0x0000150ae6000000|100%| E|CS|TAMS 0x0000150ae4000000, 0x0000150ae4000000| Complete 
|5331|0x0000150ae6000000, 0x0000150ae8000000, 0x0000150ae8000000|100%| E|CS|TAMS 0x0000150ae6000000, 0x0000150ae6000000| Complete 
|5332|0x0000150ae8000000, 0x0000150aea000000, 0x0000150aea000000|100%| E|CS|TAMS 0x0000150ae8000000, 0x0000150ae8000000| Complete 
|5333|0x0000150aea000000, 0x0000150aec000000, 0x0000150aec000000|100%| E|CS|TAMS 0x0000150aea000000, 0x0000150aea000000| Complete 
|5334|0x0000150aec000000, 0x0000150aee000000, 0x0000150aee000000|100%| E|CS|TAMS 0x0000150aec000000, 0x0000150aec000000| Complete 
|5335|0x0000150aee000000, 0x0000150af0000000, 0x0000150af0000000|100%| E|CS|TAMS 0x0000150aee000000, 0x0000150aee000000| Complete 
|5336|0x0000150af0000000, 0x0000150af2000000, 0x0000150af2000000|100%| E|CS|TAMS 0x0000150af0000000, 0x0000150af0000000| Complete 
|5337|0x0000150af2000000, 0x0000150af4000000, 0x0000150af4000000|100%| E|CS|TAMS 0x0000150af2000000, 0x0000150af2000000| Complete 
|5338|0x0000150af4000000, 0x0000150af6000000, 0x0000150af6000000|100%| E|CS|TAMS 0x0000150af4000000, 0x0000150af4000000| Complete 
|5339|0x0000150af6000000, 0x0000150af8000000, 0x0000150af8000000|100%| E|CS|TAMS 0x0000150af6000000, 0x0000150af6000000| Complete 
|5340|0x0000150af8000000, 0x0000150afa000000, 0x0000150afa000000|100%| E|CS|TAMS 0x0000150af8000000, 0x0000150af8000000| Complete 
|5341|0x0000150afa000000, 0x0000150afc000000, 0x0000150afc000000|100%| E|CS|TAMS 0x0000150afa000000, 0x0000150afa000000| Complete 
|5342|0x0000150afc000000, 0x0000150afe000000, 0x0000150afe000000|100%| E|CS|TAMS 0x0000150afc000000, 0x0000150afc000000| Complete 
|5343|0x0000150afe000000, 0x0000150b00000000, 0x0000150b00000000|100%| E|CS|TAMS 0x0000150afe000000, 0x0000150afe000000| Complete 
|5344|0x0000150b00000000, 0x0000150b02000000, 0x0000150b02000000|100%| E|CS|TAMS 0x0000150b00000000, 0x0000150b00000000| Complete 
|5345|0x0000150b02000000, 0x0000150b04000000, 0x0000150b04000000|100%| E|CS|TAMS 0x0000150b02000000, 0x0000150b02000000| Complete 
|5346|0x0000150b04000000, 0x0000150b06000000, 0x0000150b06000000|100%| E|CS|TAMS 0x0000150b04000000, 0x0000150b04000000| Complete 
|5347|0x0000150b06000000, 0x0000150b08000000, 0x0000150b08000000|100%| E|CS|TAMS 0x0000150b06000000, 0x0000150b06000000| Complete 
|5348|0x0000150b08000000, 0x0000150b0a000000, 0x0000150b0a000000|100%| E|CS|TAMS 0x0000150b08000000, 0x0000150b08000000| Complete 
|5349|0x0000150b0a000000, 0x0000150b0c000000, 0x0000150b0c000000|100%| E|CS|TAMS 0x0000150b0a000000, 0x0000150b0a000000| Complete 
|5350|0x0000150b0c000000, 0x0000150b0e000000, 0x0000150b0e000000|100%| E|CS|TAMS 0x0000150b0c000000, 0x0000150b0c000000| Complete 
|5351|0x0000150b0e000000, 0x0000150b10000000, 0x0000150b10000000|100%| E|CS|TAMS 0x0000150b0e000000, 0x0000150b0e000000| Complete 
|5352|0x0000150b10000000, 0x0000150b12000000, 0x0000150b12000000|100%| E|CS|TAMS 0x0000150b10000000, 0x0000150b10000000| Complete 
|5353|0x0000150b12000000, 0x0000150b14000000, 0x0000150b14000000|100%| E|CS|TAMS 0x0000150b12000000, 0x0000150b12000000| Complete 
|5354|0x0000150b14000000, 0x0000150b16000000, 0x0000150b16000000|100%| E|CS|TAMS 0x0000150b14000000, 0x0000150b14000000| Complete 
|5355|0x0000150b16000000, 0x0000150b18000000, 0x0000150b18000000|100%| E|CS|TAMS 0x0000150b16000000, 0x0000150b16000000| Complete 
|5356|0x0000150b18000000, 0x0000150b1a000000, 0x0000150b1a000000|100%| E|CS|TAMS 0x0000150b18000000, 0x0000150b18000000| Complete 
|5357|0x0000150b1a000000, 0x0000150b1c000000, 0x0000150b1c000000|100%| E|CS|TAMS 0x0000150b1a000000, 0x0000150b1a000000| Complete 
|5358|0x0000150b1c000000, 0x0000150b1e000000, 0x0000150b1e000000|100%| E|CS|TAMS 0x0000150b1c000000, 0x0000150b1c000000| Complete 
|5359|0x0000150b1e000000, 0x0000150b20000000, 0x0000150b20000000|100%| E|CS|TAMS 0x0000150b1e000000, 0x0000150b1e000000| Complete 
|5360|0x0000150b20000000, 0x0000150b22000000, 0x0000150b22000000|100%| E|CS|TAMS 0x0000150b20000000, 0x0000150b20000000| Complete 
|5361|0x0000150b22000000, 0x0000150b24000000, 0x0000150b24000000|100%| E|CS|TAMS 0x0000150b22000000, 0x0000150b22000000| Complete 
|5362|0x0000150b24000000, 0x0000150b26000000, 0x0000150b26000000|100%| E|CS|TAMS 0x0000150b24000000, 0x0000150b24000000| Complete 
|5363|0x0000150b26000000, 0x0000150b28000000, 0x0000150b28000000|100%| E|CS|TAMS 0x0000150b26000000, 0x0000150b26000000| Complete 
|5364|0x0000150b28000000, 0x0000150b2a000000, 0x0000150b2a000000|100%| E|CS|TAMS 0x0000150b28000000, 0x0000150b28000000| Complete 
|5365|0x0000150b2a000000, 0x0000150b2c000000, 0x0000150b2c000000|100%| E|CS|TAMS 0x0000150b2a000000, 0x0000150b2a000000| Complete 
|5366|0x0000150b2c000000, 0x0000150b2e000000, 0x0000150b2e000000|100%| E|CS|TAMS 0x0000150b2c000000, 0x0000150b2c000000| Complete 
|5367|0x0000150b2e000000, 0x0000150b30000000, 0x0000150b30000000|100%| E|CS|TAMS 0x0000150b2e000000, 0x0000150b2e000000| Complete 
|5368|0x0000150b30000000, 0x0000150b32000000, 0x0000150b32000000|100%| E|CS|TAMS 0x0000150b30000000, 0x0000150b30000000| Complete 
|5369|0x0000150b32000000, 0x0000150b34000000, 0x0000150b34000000|100%| E|CS|TAMS 0x0000150b32000000, 0x0000150b32000000| Complete 
|5370|0x0000150b34000000, 0x0000150b36000000, 0x0000150b36000000|100%| E|CS|TAMS 0x0000150b34000000, 0x0000150b34000000| Complete 
|5371|0x0000150b36000000, 0x0000150b38000000, 0x0000150b38000000|100%| E|CS|TAMS 0x0000150b36000000, 0x0000150b36000000| Complete 
|5372|0x0000150b38000000, 0x0000150b3a000000, 0x0000150b3a000000|100%| E|CS|TAMS 0x0000150b38000000, 0x0000150b38000000| Complete 
|5373|0x0000150b3a000000, 0x0000150b3c000000, 0x0000150b3c000000|100%| E|CS|TAMS 0x0000150b3a000000, 0x0000150b3a000000| Complete 
|5374|0x0000150b3c000000, 0x0000150b3e000000, 0x0000150b3e000000|100%| E|CS|TAMS 0x0000150b3c000000, 0x0000150b3c000000| Complete 
|5375|0x0000150b3e000000, 0x0000150b40000000, 0x0000150b40000000|100%| E|CS|TAMS 0x0000150b3e000000, 0x0000150b3e000000| Complete 
|5376|0x0000150b40000000, 0x0000150b42000000, 0x0000150b42000000|100%| E|CS|TAMS 0x0000150b40000000, 0x0000150b40000000| Complete 
|5377|0x0000150b42000000, 0x0000150b44000000, 0x0000150b44000000|100%| E|CS|TAMS 0x0000150b42000000, 0x0000150b42000000| Complete 
|5378|0x0000150b44000000, 0x0000150b46000000, 0x0000150b46000000|100%| E|CS|TAMS 0x0000150b44000000, 0x0000150b44000000| Complete 
|5379|0x0000150b46000000, 0x0000150b48000000, 0x0000150b48000000|100%| E|CS|TAMS 0x0000150b46000000, 0x0000150b46000000| Complete 
|5380|0x0000150b48000000, 0x0000150b4a000000, 0x0000150b4a000000|100%| E|CS|TAMS 0x0000150b48000000, 0x0000150b48000000| Complete 
|5381|0x0000150b4a000000, 0x0000150b4c000000, 0x0000150b4c000000|100%| E|CS|TAMS 0x0000150b4a000000, 0x0000150b4a000000| Complete 
|5382|0x0000150b4c000000, 0x0000150b4e000000, 0x0000150b4e000000|100%| E|CS|TAMS 0x0000150b4c000000, 0x0000150b4c000000| Complete 
|5383|0x0000150b4e000000, 0x0000150b50000000, 0x0000150b50000000|100%| E|CS|TAMS 0x0000150b4e000000, 0x0000150b4e000000| Complete 
|5384|0x0000150b50000000, 0x0000150b52000000, 0x0000150b52000000|100%| E|CS|TAMS 0x0000150b50000000, 0x0000150b50000000| Complete 
|5385|0x0000150b52000000, 0x0000150b54000000, 0x0000150b54000000|100%| E|CS|TAMS 0x0000150b52000000, 0x0000150b52000000| Complete 
|5386|0x0000150b54000000, 0x0000150b56000000, 0x0000150b56000000|100%| E|CS|TAMS 0x0000150b54000000, 0x0000150b54000000| Complete 
|5387|0x0000150b56000000, 0x0000150b58000000, 0x0000150b58000000|100%| E|CS|TAMS 0x0000150b56000000, 0x0000150b56000000| Complete 
|5388|0x0000150b58000000, 0x0000150b5a000000, 0x0000150b5a000000|100%| E|CS|TAMS 0x0000150b58000000, 0x0000150b58000000| Complete 
|5389|0x0000150b5a000000, 0x0000150b5c000000, 0x0000150b5c000000|100%| E|CS|TAMS 0x0000150b5a000000, 0x0000150b5a000000| Complete 
|5390|0x0000150b5c000000, 0x0000150b5e000000, 0x0000150b5e000000|100%| E|CS|TAMS 0x0000150b5c000000, 0x0000150b5c000000| Complete 
|5391|0x0000150b5e000000, 0x0000150b60000000, 0x0000150b60000000|100%| E|CS|TAMS 0x0000150b5e000000, 0x0000150b5e000000| Complete 
|5392|0x0000150b60000000, 0x0000150b62000000, 0x0000150b62000000|100%| E|CS|TAMS 0x0000150b60000000, 0x0000150b60000000| Complete 
|5393|0x0000150b62000000, 0x0000150b64000000, 0x0000150b64000000|100%| E|CS|TAMS 0x0000150b62000000, 0x0000150b62000000| Complete 
|5394|0x0000150b64000000, 0x0000150b66000000, 0x0000150b66000000|100%| E|CS|TAMS 0x0000150b64000000, 0x0000150b64000000| Complete 
|5395|0x0000150b66000000, 0x0000150b68000000, 0x0000150b68000000|100%| E|CS|TAMS 0x0000150b66000000, 0x0000150b66000000| Complete 
|5396|0x0000150b68000000, 0x0000150b6a000000, 0x0000150b6a000000|100%| E|CS|TAMS 0x0000150b68000000, 0x0000150b68000000| Complete 
|5397|0x0000150b6a000000, 0x0000150b6c000000, 0x0000150b6c000000|100%| E|CS|TAMS 0x0000150b6a000000, 0x0000150b6a000000| Complete 
|5398|0x0000150b6c000000, 0x0000150b6e000000, 0x0000150b6e000000|100%| E|CS|TAMS 0x0000150b6c000000, 0x0000150b6c000000| Complete 
|5399|0x0000150b6e000000, 0x0000150b70000000, 0x0000150b70000000|100%| E|CS|TAMS 0x0000150b6e000000, 0x0000150b6e000000| Complete 
|5400|0x0000150b70000000, 0x0000150b72000000, 0x0000150b72000000|100%| E|CS|TAMS 0x0000150b70000000, 0x0000150b70000000| Complete 
|5401|0x0000150b72000000, 0x0000150b74000000, 0x0000150b74000000|100%| E|CS|TAMS 0x0000150b72000000, 0x0000150b72000000| Complete 
|5402|0x0000150b74000000, 0x0000150b76000000, 0x0000150b76000000|100%| E|CS|TAMS 0x0000150b74000000, 0x0000150b74000000| Complete 
|5403|0x0000150b76000000, 0x0000150b78000000, 0x0000150b78000000|100%| E|CS|TAMS 0x0000150b76000000, 0x0000150b76000000| Complete 
|5404|0x0000150b78000000, 0x0000150b7a000000, 0x0000150b7a000000|100%| E|CS|TAMS 0x0000150b78000000, 0x0000150b78000000| Complete 
|5405|0x0000150b7a000000, 0x0000150b7c000000, 0x0000150b7c000000|100%| E|CS|TAMS 0x0000150b7a000000, 0x0000150b7a000000| Complete 
|5406|0x0000150b7c000000, 0x0000150b7e000000, 0x0000150b7e000000|100%| E|CS|TAMS 0x0000150b7c000000, 0x0000150b7c000000| Complete 
|5407|0x0000150b7e000000, 0x0000150b80000000, 0x0000150b80000000|100%| E|CS|TAMS 0x0000150b7e000000, 0x0000150b7e000000| Complete 
|5408|0x0000150b80000000, 0x0000150b82000000, 0x0000150b82000000|100%| E|CS|TAMS 0x0000150b80000000, 0x0000150b80000000| Complete 
|5409|0x0000150b82000000, 0x0000150b84000000, 0x0000150b84000000|100%| E|CS|TAMS 0x0000150b82000000, 0x0000150b82000000| Complete 
|5410|0x0000150b84000000, 0x0000150b86000000, 0x0000150b86000000|100%| E|CS|TAMS 0x0000150b84000000, 0x0000150b84000000| Complete 
|5411|0x0000150b86000000, 0x0000150b88000000, 0x0000150b88000000|100%| E|CS|TAMS 0x0000150b86000000, 0x0000150b86000000| Complete 
|5412|0x0000150b88000000, 0x0000150b8a000000, 0x0000150b8a000000|100%| E|CS|TAMS 0x0000150b88000000, 0x0000150b88000000| Complete 
|5413|0x0000150b8a000000, 0x0000150b8c000000, 0x0000150b8c000000|100%| E|CS|TAMS 0x0000150b8a000000, 0x0000150b8a000000| Complete 
|5414|0x0000150b8c000000, 0x0000150b8e000000, 0x0000150b8e000000|100%| E|CS|TAMS 0x0000150b8c000000, 0x0000150b8c000000| Complete 
|5415|0x0000150b8e000000, 0x0000150b90000000, 0x0000150b90000000|100%| E|CS|TAMS 0x0000150b8e000000, 0x0000150b8e000000| Complete 
|5416|0x0000150b90000000, 0x0000150b92000000, 0x0000150b92000000|100%| E|CS|TAMS 0x0000150b90000000, 0x0000150b90000000| Complete 
|5417|0x0000150b92000000, 0x0000150b94000000, 0x0000150b94000000|100%| E|CS|TAMS 0x0000150b92000000, 0x0000150b92000000| Complete 
|5418|0x0000150b94000000, 0x0000150b96000000, 0x0000150b96000000|100%| E|CS|TAMS 0x0000150b94000000, 0x0000150b94000000| Complete 
|5419|0x0000150b96000000, 0x0000150b98000000, 0x0000150b98000000|100%| E|CS|TAMS 0x0000150b96000000, 0x0000150b96000000| Complete 
|5420|0x0000150b98000000, 0x0000150b9a000000, 0x0000150b9a000000|100%| E|CS|TAMS 0x0000150b98000000, 0x0000150b98000000| Complete 
|5421|0x0000150b9a000000, 0x0000150b9c000000, 0x0000150b9c000000|100%| E|CS|TAMS 0x0000150b9a000000, 0x0000150b9a000000| Complete 
|5422|0x0000150b9c000000, 0x0000150b9e000000, 0x0000150b9e000000|100%| E|CS|TAMS 0x0000150b9c000000, 0x0000150b9c000000| Complete 
|5423|0x0000150b9e000000, 0x0000150ba0000000, 0x0000150ba0000000|100%| E|CS|TAMS 0x0000150b9e000000, 0x0000150b9e000000| Complete 
|5424|0x0000150ba0000000, 0x0000150ba2000000, 0x0000150ba2000000|100%| E|CS|TAMS 0x0000150ba0000000, 0x0000150ba0000000| Complete 
|5425|0x0000150ba2000000, 0x0000150ba4000000, 0x0000150ba4000000|100%| E|CS|TAMS 0x0000150ba2000000, 0x0000150ba2000000| Complete 
|5426|0x0000150ba4000000, 0x0000150ba6000000, 0x0000150ba6000000|100%| E|CS|TAMS 0x0000150ba4000000, 0x0000150ba4000000| Complete 
|5427|0x0000150ba6000000, 0x0000150ba8000000, 0x0000150ba8000000|100%| E|CS|TAMS 0x0000150ba6000000, 0x0000150ba6000000| Complete 
|5428|0x0000150ba8000000, 0x0000150baa000000, 0x0000150baa000000|100%| E|CS|TAMS 0x0000150ba8000000, 0x0000150ba8000000| Complete 
|5429|0x0000150baa000000, 0x0000150bac000000, 0x0000150bac000000|100%| E|CS|TAMS 0x0000150baa000000, 0x0000150baa000000| Complete 
|5430|0x0000150bac000000, 0x0000150bae000000, 0x0000150bae000000|100%| E|CS|TAMS 0x0000150bac000000, 0x0000150bac000000| Complete 
|5431|0x0000150bae000000, 0x0000150bb0000000, 0x0000150bb0000000|100%| E|CS|TAMS 0x0000150bae000000, 0x0000150bae000000| Complete 
|5432|0x0000150bb0000000, 0x0000150bb2000000, 0x0000150bb2000000|100%| E|CS|TAMS 0x0000150bb0000000, 0x0000150bb0000000| Complete 
|5433|0x0000150bb2000000, 0x0000150bb4000000, 0x0000150bb4000000|100%| E|CS|TAMS 0x0000150bb2000000, 0x0000150bb2000000| Complete 
|5434|0x0000150bb4000000, 0x0000150bb6000000, 0x0000150bb6000000|100%| E|CS|TAMS 0x0000150bb4000000, 0x0000150bb4000000| Complete 
|5435|0x0000150bb6000000, 0x0000150bb8000000, 0x0000150bb8000000|100%| E|CS|TAMS 0x0000150bb6000000, 0x0000150bb6000000| Complete 
|5436|0x0000150bb8000000, 0x0000150bba000000, 0x0000150bba000000|100%| E|CS|TAMS 0x0000150bb8000000, 0x0000150bb8000000| Complete 
|5437|0x0000150bba000000, 0x0000150bbc000000, 0x0000150bbc000000|100%| E|CS|TAMS 0x0000150bba000000, 0x0000150bba000000| Complete 
|5438|0x0000150bbc000000, 0x0000150bbe000000, 0x0000150bbe000000|100%| E|CS|TAMS 0x0000150bbc000000, 0x0000150bbc000000| Complete 
|5439|0x0000150bbe000000, 0x0000150bc0000000, 0x0000150bc0000000|100%| E|CS|TAMS 0x0000150bbe000000, 0x0000150bbe000000| Complete 
|5440|0x0000150bc0000000, 0x0000150bc2000000, 0x0000150bc2000000|100%| E|CS|TAMS 0x0000150bc0000000, 0x0000150bc0000000| Complete 
|5441|0x0000150bc2000000, 0x0000150bc4000000, 0x0000150bc4000000|100%| E|CS|TAMS 0x0000150bc2000000, 0x0000150bc2000000| Complete 
|5442|0x0000150bc4000000, 0x0000150bc6000000, 0x0000150bc6000000|100%| E|CS|TAMS 0x0000150bc4000000, 0x0000150bc4000000| Complete 
|5443|0x0000150bc6000000, 0x0000150bc8000000, 0x0000150bc8000000|100%| E|CS|TAMS 0x0000150bc6000000, 0x0000150bc6000000| Complete 
|5444|0x0000150bc8000000, 0x0000150bca000000, 0x0000150bca000000|100%| E|CS|TAMS 0x0000150bc8000000, 0x0000150bc8000000| Complete 
|5445|0x0000150bca000000, 0x0000150bcc000000, 0x0000150bcc000000|100%| E|CS|TAMS 0x0000150bca000000, 0x0000150bca000000| Complete 
|5446|0x0000150bcc000000, 0x0000150bce000000, 0x0000150bce000000|100%| E|CS|TAMS 0x0000150bcc000000, 0x0000150bcc000000| Complete 
|5447|0x0000150bce000000, 0x0000150bd0000000, 0x0000150bd0000000|100%| E|CS|TAMS 0x0000150bce000000, 0x0000150bce000000| Complete 
|5448|0x0000150bd0000000, 0x0000150bd2000000, 0x0000150bd2000000|100%| E|CS|TAMS 0x0000150bd0000000, 0x0000150bd0000000| Complete 
|5449|0x0000150bd2000000, 0x0000150bd4000000, 0x0000150bd4000000|100%| E|CS|TAMS 0x0000150bd2000000, 0x0000150bd2000000| Complete 
|5450|0x0000150bd4000000, 0x0000150bd6000000, 0x0000150bd6000000|100%| E|CS|TAMS 0x0000150bd4000000, 0x0000150bd4000000| Complete 
|5451|0x0000150bd6000000, 0x0000150bd8000000, 0x0000150bd8000000|100%| E|CS|TAMS 0x0000150bd6000000, 0x0000150bd6000000| Complete 
|5452|0x0000150bd8000000, 0x0000150bda000000, 0x0000150bda000000|100%| E|CS|TAMS 0x0000150bd8000000, 0x0000150bd8000000| Complete 
|5453|0x0000150bda000000, 0x0000150bdc000000, 0x0000150bdc000000|100%| E|CS|TAMS 0x0000150bda000000, 0x0000150bda000000| Complete 
|5454|0x0000150bdc000000, 0x0000150bde000000, 0x0000150bde000000|100%| E|CS|TAMS 0x0000150bdc000000, 0x0000150bdc000000| Complete 
|5455|0x0000150bde000000, 0x0000150be0000000, 0x0000150be0000000|100%| E|CS|TAMS 0x0000150bde000000, 0x0000150bde000000| Complete 
|5456|0x0000150be0000000, 0x0000150be2000000, 0x0000150be2000000|100%| E|CS|TAMS 0x0000150be0000000, 0x0000150be0000000| Complete 
|5457|0x0000150be2000000, 0x0000150be4000000, 0x0000150be4000000|100%| E|CS|TAMS 0x0000150be2000000, 0x0000150be2000000| Complete 
|5458|0x0000150be4000000, 0x0000150be6000000, 0x0000150be6000000|100%| E|CS|TAMS 0x0000150be4000000, 0x0000150be4000000| Complete 
|5459|0x0000150be6000000, 0x0000150be8000000, 0x0000150be8000000|100%| E|CS|TAMS 0x0000150be6000000, 0x0000150be6000000| Complete 
|5460|0x0000150be8000000, 0x0000150bea000000, 0x0000150bea000000|100%| E|CS|TAMS 0x0000150be8000000, 0x0000150be8000000| Complete 
|5461|0x0000150bea000000, 0x0000150bec000000, 0x0000150bec000000|100%| E|CS|TAMS 0x0000150bea000000, 0x0000150bea000000| Complete 
|5462|0x0000150bec000000, 0x0000150bee000000, 0x0000150bee000000|100%| E|CS|TAMS 0x0000150bec000000, 0x0000150bec000000| Complete 
|5463|0x0000150bee000000, 0x0000150bf0000000, 0x0000150bf0000000|100%| E|CS|TAMS 0x0000150bee000000, 0x0000150bee000000| Complete 
|5464|0x0000150bf0000000, 0x0000150bf2000000, 0x0000150bf2000000|100%| E|CS|TAMS 0x0000150bf0000000, 0x0000150bf0000000| Complete 
|5465|0x0000150bf2000000, 0x0000150bf4000000, 0x0000150bf4000000|100%| E|CS|TAMS 0x0000150bf2000000, 0x0000150bf2000000| Complete 
|5466|0x0000150bf4000000, 0x0000150bf6000000, 0x0000150bf6000000|100%| E|CS|TAMS 0x0000150bf4000000, 0x0000150bf4000000| Complete 
|5467|0x0000150bf6000000, 0x0000150bf8000000, 0x0000150bf8000000|100%| E|CS|TAMS 0x0000150bf6000000, 0x0000150bf6000000| Complete 
|5468|0x0000150bf8000000, 0x0000150bfa000000, 0x0000150bfa000000|100%| E|CS|TAMS 0x0000150bf8000000, 0x0000150bf8000000| Complete 
|5469|0x0000150bfa000000, 0x0000150bfc000000, 0x0000150bfc000000|100%| E|CS|TAMS 0x0000150bfa000000, 0x0000150bfa000000| Complete 
|5470|0x0000150bfc000000, 0x0000150bfe000000, 0x0000150bfe000000|100%| E|CS|TAMS 0x0000150bfc000000, 0x0000150bfc000000| Complete 
|5471|0x0000150bfe000000, 0x0000150c00000000, 0x0000150c00000000|100%| E|CS|TAMS 0x0000150bfe000000, 0x0000150bfe000000| Complete 
|5472|0x0000150c00000000, 0x0000150c02000000, 0x0000150c02000000|100%| E|CS|TAMS 0x0000150c00000000, 0x0000150c00000000| Complete 
|5473|0x0000150c02000000, 0x0000150c04000000, 0x0000150c04000000|100%| E|CS|TAMS 0x0000150c02000000, 0x0000150c02000000| Complete 
|5474|0x0000150c04000000, 0x0000150c06000000, 0x0000150c06000000|100%| E|CS|TAMS 0x0000150c04000000, 0x0000150c04000000| Complete 
|5475|0x0000150c06000000, 0x0000150c08000000, 0x0000150c08000000|100%| E|CS|TAMS 0x0000150c06000000, 0x0000150c06000000| Complete 
|5476|0x0000150c08000000, 0x0000150c0a000000, 0x0000150c0a000000|100%| E|CS|TAMS 0x0000150c08000000, 0x0000150c08000000| Complete 
|5477|0x0000150c0a000000, 0x0000150c0c000000, 0x0000150c0c000000|100%| E|CS|TAMS 0x0000150c0a000000, 0x0000150c0a000000| Complete 
|5478|0x0000150c0c000000, 0x0000150c0e000000, 0x0000150c0e000000|100%| E|CS|TAMS 0x0000150c0c000000, 0x0000150c0c000000| Complete 
|5479|0x0000150c0e000000, 0x0000150c10000000, 0x0000150c10000000|100%| E|CS|TAMS 0x0000150c0e000000, 0x0000150c0e000000| Complete 
|5480|0x0000150c10000000, 0x0000150c12000000, 0x0000150c12000000|100%| E|CS|TAMS 0x0000150c10000000, 0x0000150c10000000| Complete 
|5481|0x0000150c12000000, 0x0000150c14000000, 0x0000150c14000000|100%| E|CS|TAMS 0x0000150c12000000, 0x0000150c12000000| Complete 
|5482|0x0000150c14000000, 0x0000150c16000000, 0x0000150c16000000|100%| E|CS|TAMS 0x0000150c14000000, 0x0000150c14000000| Complete 
|5483|0x0000150c16000000, 0x0000150c18000000, 0x0000150c18000000|100%| E|CS|TAMS 0x0000150c16000000, 0x0000150c16000000| Complete 
|5484|0x0000150c18000000, 0x0000150c1a000000, 0x0000150c1a000000|100%| E|CS|TAMS 0x0000150c18000000, 0x0000150c18000000| Complete 
|5485|0x0000150c1a000000, 0x0000150c1c000000, 0x0000150c1c000000|100%| E|CS|TAMS 0x0000150c1a000000, 0x0000150c1a000000| Complete 
|5486|0x0000150c1c000000, 0x0000150c1e000000, 0x0000150c1e000000|100%| E|CS|TAMS 0x0000150c1c000000, 0x0000150c1c000000| Complete 
|5487|0x0000150c1e000000, 0x0000150c20000000, 0x0000150c20000000|100%| E|CS|TAMS 0x0000150c1e000000, 0x0000150c1e000000| Complete 
|5488|0x0000150c20000000, 0x0000150c22000000, 0x0000150c22000000|100%| E|CS|TAMS 0x0000150c20000000, 0x0000150c20000000| Complete 
|5489|0x0000150c22000000, 0x0000150c24000000, 0x0000150c24000000|100%| E|CS|TAMS 0x0000150c22000000, 0x0000150c22000000| Complete 
|5490|0x0000150c24000000, 0x0000150c26000000, 0x0000150c26000000|100%| E|CS|TAMS 0x0000150c24000000, 0x0000150c24000000| Complete 
|5491|0x0000150c26000000, 0x0000150c28000000, 0x0000150c28000000|100%| E|CS|TAMS 0x0000150c26000000, 0x0000150c26000000| Complete 
|5492|0x0000150c28000000, 0x0000150c2a000000, 0x0000150c2a000000|100%| E|CS|TAMS 0x0000150c28000000, 0x0000150c28000000| Complete 
|5493|0x0000150c2a000000, 0x0000150c2c000000, 0x0000150c2c000000|100%| E|CS|TAMS 0x0000150c2a000000, 0x0000150c2a000000| Complete 
|5494|0x0000150c2c000000, 0x0000150c2e000000, 0x0000150c2e000000|100%| E|CS|TAMS 0x0000150c2c000000, 0x0000150c2c000000| Complete 
|5495|0x0000150c2e000000, 0x0000150c30000000, 0x0000150c30000000|100%| E|CS|TAMS 0x0000150c2e000000, 0x0000150c2e000000| Complete 
|5496|0x0000150c30000000, 0x0000150c32000000, 0x0000150c32000000|100%| E|CS|TAMS 0x0000150c30000000, 0x0000150c30000000| Complete 
|5497|0x0000150c32000000, 0x0000150c34000000, 0x0000150c34000000|100%| E|CS|TAMS 0x0000150c32000000, 0x0000150c32000000| Complete 
|5498|0x0000150c34000000, 0x0000150c36000000, 0x0000150c36000000|100%| E|CS|TAMS 0x0000150c34000000, 0x0000150c34000000| Complete 
|5499|0x0000150c36000000, 0x0000150c38000000, 0x0000150c38000000|100%| E|CS|TAMS 0x0000150c36000000, 0x0000150c36000000| Complete 
|5500|0x0000150c38000000, 0x0000150c3a000000, 0x0000150c3a000000|100%| E|CS|TAMS 0x0000150c38000000, 0x0000150c38000000| Complete 
|5501|0x0000150c3a000000, 0x0000150c3c000000, 0x0000150c3c000000|100%| E|CS|TAMS 0x0000150c3a000000, 0x0000150c3a000000| Complete 
|5502|0x0000150c3c000000, 0x0000150c3e000000, 0x0000150c3e000000|100%| E|CS|TAMS 0x0000150c3c000000, 0x0000150c3c000000| Complete 
|5503|0x0000150c3e000000, 0x0000150c40000000, 0x0000150c40000000|100%| E|CS|TAMS 0x0000150c3e000000, 0x0000150c3e000000| Complete 
|5504|0x0000150c40000000, 0x0000150c42000000, 0x0000150c42000000|100%| E|CS|TAMS 0x0000150c40000000, 0x0000150c40000000| Complete 
|5505|0x0000150c42000000, 0x0000150c44000000, 0x0000150c44000000|100%| E|CS|TAMS 0x0000150c42000000, 0x0000150c42000000| Complete 
|5506|0x0000150c44000000, 0x0000150c46000000, 0x0000150c46000000|100%| E|CS|TAMS 0x0000150c44000000, 0x0000150c44000000| Complete 
|5507|0x0000150c46000000, 0x0000150c48000000, 0x0000150c48000000|100%| E|CS|TAMS 0x0000150c46000000, 0x0000150c46000000| Complete 
|5508|0x0000150c48000000, 0x0000150c4a000000, 0x0000150c4a000000|100%| E|CS|TAMS 0x0000150c48000000, 0x0000150c48000000| Complete 
|5509|0x0000150c4a000000, 0x0000150c4c000000, 0x0000150c4c000000|100%| E|CS|TAMS 0x0000150c4a000000, 0x0000150c4a000000| Complete 
|5510|0x0000150c4c000000, 0x0000150c4e000000, 0x0000150c4e000000|100%| E|CS|TAMS 0x0000150c4c000000, 0x0000150c4c000000| Complete 
|5511|0x0000150c4e000000, 0x0000150c50000000, 0x0000150c50000000|100%| E|CS|TAMS 0x0000150c4e000000, 0x0000150c4e000000| Complete 
|5512|0x0000150c50000000, 0x0000150c52000000, 0x0000150c52000000|100%| E|CS|TAMS 0x0000150c50000000, 0x0000150c50000000| Complete 
|5513|0x0000150c52000000, 0x0000150c54000000, 0x0000150c54000000|100%| E|CS|TAMS 0x0000150c52000000, 0x0000150c52000000| Complete 
|5514|0x0000150c54000000, 0x0000150c56000000, 0x0000150c56000000|100%| E|CS|TAMS 0x0000150c54000000, 0x0000150c54000000| Complete 
|5515|0x0000150c56000000, 0x0000150c58000000, 0x0000150c58000000|100%| E|CS|TAMS 0x0000150c56000000, 0x0000150c56000000| Complete 
|5516|0x0000150c58000000, 0x0000150c5a000000, 0x0000150c5a000000|100%| E|CS|TAMS 0x0000150c58000000, 0x0000150c58000000| Complete 
|5517|0x0000150c5a000000, 0x0000150c5c000000, 0x0000150c5c000000|100%| E|CS|TAMS 0x0000150c5a000000, 0x0000150c5a000000| Complete 
|5518|0x0000150c5c000000, 0x0000150c5e000000, 0x0000150c5e000000|100%| E|CS|TAMS 0x0000150c5c000000, 0x0000150c5c000000| Complete 
|5519|0x0000150c5e000000, 0x0000150c60000000, 0x0000150c60000000|100%| E|CS|TAMS 0x0000150c5e000000, 0x0000150c5e000000| Complete 
|5520|0x0000150c60000000, 0x0000150c62000000, 0x0000150c62000000|100%| E|CS|TAMS 0x0000150c60000000, 0x0000150c60000000| Complete 
|5521|0x0000150c62000000, 0x0000150c64000000, 0x0000150c64000000|100%| E|CS|TAMS 0x0000150c62000000, 0x0000150c62000000| Complete 
|5522|0x0000150c64000000, 0x0000150c66000000, 0x0000150c66000000|100%| E|CS|TAMS 0x0000150c64000000, 0x0000150c64000000| Complete 
|5523|0x0000150c66000000, 0x0000150c68000000, 0x0000150c68000000|100%| E|CS|TAMS 0x0000150c66000000, 0x0000150c66000000| Complete 
|5524|0x0000150c68000000, 0x0000150c6a000000, 0x0000150c6a000000|100%| E|CS|TAMS 0x0000150c68000000, 0x0000150c68000000| Complete 
|5525|0x0000150c6a000000, 0x0000150c6c000000, 0x0000150c6c000000|100%| E|CS|TAMS 0x0000150c6a000000, 0x0000150c6a000000| Complete 
|5526|0x0000150c6c000000, 0x0000150c6e000000, 0x0000150c6e000000|100%| E|CS|TAMS 0x0000150c6c000000, 0x0000150c6c000000| Complete 
|5527|0x0000150c6e000000, 0x0000150c70000000, 0x0000150c70000000|100%| E|CS|TAMS 0x0000150c6e000000, 0x0000150c6e000000| Complete 
|5528|0x0000150c70000000, 0x0000150c72000000, 0x0000150c72000000|100%| E|CS|TAMS 0x0000150c70000000, 0x0000150c70000000| Complete 
|5529|0x0000150c72000000, 0x0000150c74000000, 0x0000150c74000000|100%| E|CS|TAMS 0x0000150c72000000, 0x0000150c72000000| Complete 
|5530|0x0000150c74000000, 0x0000150c76000000, 0x0000150c76000000|100%| E|CS|TAMS 0x0000150c74000000, 0x0000150c74000000| Complete 
|5531|0x0000150c76000000, 0x0000150c78000000, 0x0000150c78000000|100%| E|CS|TAMS 0x0000150c76000000, 0x0000150c76000000| Complete 
|5532|0x0000150c78000000, 0x0000150c7a000000, 0x0000150c7a000000|100%| E|CS|TAMS 0x0000150c78000000, 0x0000150c78000000| Complete 
|5533|0x0000150c7a000000, 0x0000150c7c000000, 0x0000150c7c000000|100%| E|CS|TAMS 0x0000150c7a000000, 0x0000150c7a000000| Complete 
|5534|0x0000150c7c000000, 0x0000150c7e000000, 0x0000150c7e000000|100%| E|CS|TAMS 0x0000150c7c000000, 0x0000150c7c000000| Complete 
|5535|0x0000150c7e000000, 0x0000150c80000000, 0x0000150c80000000|100%| E|CS|TAMS 0x0000150c7e000000, 0x0000150c7e000000| Complete 
|5536|0x0000150c80000000, 0x0000150c82000000, 0x0000150c82000000|100%| E|CS|TAMS 0x0000150c80000000, 0x0000150c80000000| Complete 
|5537|0x0000150c82000000, 0x0000150c84000000, 0x0000150c84000000|100%| E|CS|TAMS 0x0000150c82000000, 0x0000150c82000000| Complete 
|5538|0x0000150c84000000, 0x0000150c86000000, 0x0000150c86000000|100%| E|CS|TAMS 0x0000150c84000000, 0x0000150c84000000| Complete 
|5539|0x0000150c86000000, 0x0000150c88000000, 0x0000150c88000000|100%| E|CS|TAMS 0x0000150c86000000, 0x0000150c86000000| Complete 
|5540|0x0000150c88000000, 0x0000150c8a000000, 0x0000150c8a000000|100%| E|CS|TAMS 0x0000150c88000000, 0x0000150c88000000| Complete 
|5541|0x0000150c8a000000, 0x0000150c8c000000, 0x0000150c8c000000|100%| E|CS|TAMS 0x0000150c8a000000, 0x0000150c8a000000| Complete 
|5542|0x0000150c8c000000, 0x0000150c8e000000, 0x0000150c8e000000|100%| E|CS|TAMS 0x0000150c8c000000, 0x0000150c8c000000| Complete 
|5543|0x0000150c8e000000, 0x0000150c90000000, 0x0000150c90000000|100%| E|CS|TAMS 0x0000150c8e000000, 0x0000150c8e000000| Complete 
|5544|0x0000150c90000000, 0x0000150c92000000, 0x0000150c92000000|100%| E|CS|TAMS 0x0000150c90000000, 0x0000150c90000000| Complete 
|5545|0x0000150c92000000, 0x0000150c94000000, 0x0000150c94000000|100%| E|CS|TAMS 0x0000150c92000000, 0x0000150c92000000| Complete 
|5546|0x0000150c94000000, 0x0000150c96000000, 0x0000150c96000000|100%| E|CS|TAMS 0x0000150c94000000, 0x0000150c94000000| Complete 
|5547|0x0000150c96000000, 0x0000150c98000000, 0x0000150c98000000|100%| E|CS|TAMS 0x0000150c96000000, 0x0000150c96000000| Complete 
|5548|0x0000150c98000000, 0x0000150c9a000000, 0x0000150c9a000000|100%| E|CS|TAMS 0x0000150c98000000, 0x0000150c98000000| Complete 
|5549|0x0000150c9a000000, 0x0000150c9c000000, 0x0000150c9c000000|100%| E|CS|TAMS 0x0000150c9a000000, 0x0000150c9a000000| Complete 
|5550|0x0000150c9c000000, 0x0000150c9e000000, 0x0000150c9e000000|100%| E|CS|TAMS 0x0000150c9c000000, 0x0000150c9c000000| Complete 
|5551|0x0000150c9e000000, 0x0000150ca0000000, 0x0000150ca0000000|100%| E|CS|TAMS 0x0000150c9e000000, 0x0000150c9e000000| Complete 
|5552|0x0000150ca0000000, 0x0000150ca2000000, 0x0000150ca2000000|100%| E|CS|TAMS 0x0000150ca0000000, 0x0000150ca0000000| Complete 
|5553|0x0000150ca2000000, 0x0000150ca4000000, 0x0000150ca4000000|100%| E|CS|TAMS 0x0000150ca2000000, 0x0000150ca2000000| Complete 
|5554|0x0000150ca4000000, 0x0000150ca6000000, 0x0000150ca6000000|100%| E|CS|TAMS 0x0000150ca4000000, 0x0000150ca4000000| Complete 
|5555|0x0000150ca6000000, 0x0000150ca8000000, 0x0000150ca8000000|100%| E|CS|TAMS 0x0000150ca6000000, 0x0000150ca6000000| Complete 
|5556|0x0000150ca8000000, 0x0000150caa000000, 0x0000150caa000000|100%| E|CS|TAMS 0x0000150ca8000000, 0x0000150ca8000000| Complete 
|5557|0x0000150caa000000, 0x0000150cac000000, 0x0000150cac000000|100%| E|CS|TAMS 0x0000150caa000000, 0x0000150caa000000| Complete 
|5558|0x0000150cac000000, 0x0000150cae000000, 0x0000150cae000000|100%| E|CS|TAMS 0x0000150cac000000, 0x0000150cac000000| Complete 
|5559|0x0000150cae000000, 0x0000150cb0000000, 0x0000150cb0000000|100%| E|CS|TAMS 0x0000150cae000000, 0x0000150cae000000| Complete 
|5560|0x0000150cb0000000, 0x0000150cb2000000, 0x0000150cb2000000|100%| E|CS|TAMS 0x0000150cb0000000, 0x0000150cb0000000| Complete 
|5561|0x0000150cb2000000, 0x0000150cb4000000, 0x0000150cb4000000|100%| E|CS|TAMS 0x0000150cb2000000, 0x0000150cb2000000| Complete 
|5562|0x0000150cb4000000, 0x0000150cb6000000, 0x0000150cb6000000|100%| E|CS|TAMS 0x0000150cb4000000, 0x0000150cb4000000| Complete 
|5563|0x0000150cb6000000, 0x0000150cb8000000, 0x0000150cb8000000|100%| E|CS|TAMS 0x0000150cb6000000, 0x0000150cb6000000| Complete 
|5564|0x0000150cb8000000, 0x0000150cba000000, 0x0000150cba000000|100%| E|CS|TAMS 0x0000150cb8000000, 0x0000150cb8000000| Complete 
|5565|0x0000150cba000000, 0x0000150cbc000000, 0x0000150cbc000000|100%| E|CS|TAMS 0x0000150cba000000, 0x0000150cba000000| Complete 
|5566|0x0000150cbc000000, 0x0000150cbe000000, 0x0000150cbe000000|100%| E|CS|TAMS 0x0000150cbc000000, 0x0000150cbc000000| Complete 
|5567|0x0000150cbe000000, 0x0000150cc0000000, 0x0000150cc0000000|100%| E|CS|TAMS 0x0000150cbe000000, 0x0000150cbe000000| Complete 
|5568|0x0000150cc0000000, 0x0000150cc2000000, 0x0000150cc2000000|100%| E|CS|TAMS 0x0000150cc0000000, 0x0000150cc0000000| Complete 
|5569|0x0000150cc2000000, 0x0000150cc4000000, 0x0000150cc4000000|100%| E|CS|TAMS 0x0000150cc2000000, 0x0000150cc2000000| Complete 
|5570|0x0000150cc4000000, 0x0000150cc6000000, 0x0000150cc6000000|100%| E|CS|TAMS 0x0000150cc4000000, 0x0000150cc4000000| Complete 
|5571|0x0000150cc6000000, 0x0000150cc8000000, 0x0000150cc8000000|100%| E|CS|TAMS 0x0000150cc6000000, 0x0000150cc6000000| Complete 
|5572|0x0000150cc8000000, 0x0000150cca000000, 0x0000150cca000000|100%| E|CS|TAMS 0x0000150cc8000000, 0x0000150cc8000000| Complete 
|5573|0x0000150cca000000, 0x0000150ccc000000, 0x0000150ccc000000|100%| E|CS|TAMS 0x0000150cca000000, 0x0000150cca000000| Complete 
|5574|0x0000150ccc000000, 0x0000150cce000000, 0x0000150cce000000|100%| E|CS|TAMS 0x0000150ccc000000, 0x0000150ccc000000| Complete 
|5575|0x0000150cce000000, 0x0000150cd0000000, 0x0000150cd0000000|100%| E|CS|TAMS 0x0000150cce000000, 0x0000150cce000000| Complete 
|5576|0x0000150cd0000000, 0x0000150cd2000000, 0x0000150cd2000000|100%| E|CS|TAMS 0x0000150cd0000000, 0x0000150cd0000000| Complete 
|5577|0x0000150cd2000000, 0x0000150cd4000000, 0x0000150cd4000000|100%| E|CS|TAMS 0x0000150cd2000000, 0x0000150cd2000000| Complete 
|5578|0x0000150cd4000000, 0x0000150cd6000000, 0x0000150cd6000000|100%| E|CS|TAMS 0x0000150cd4000000, 0x0000150cd4000000| Complete 
|5579|0x0000150cd6000000, 0x0000150cd8000000, 0x0000150cd8000000|100%| E|CS|TAMS 0x0000150cd6000000, 0x0000150cd6000000| Complete 
|5580|0x0000150cd8000000, 0x0000150cda000000, 0x0000150cda000000|100%| E|CS|TAMS 0x0000150cd8000000, 0x0000150cd8000000| Complete 
|5581|0x0000150cda000000, 0x0000150cdc000000, 0x0000150cdc000000|100%| E|CS|TAMS 0x0000150cda000000, 0x0000150cda000000| Complete 
|5582|0x0000150cdc000000, 0x0000150cde000000, 0x0000150cde000000|100%| E|CS|TAMS 0x0000150cdc000000, 0x0000150cdc000000| Complete 
|5583|0x0000150cde000000, 0x0000150ce0000000, 0x0000150ce0000000|100%| E|CS|TAMS 0x0000150cde000000, 0x0000150cde000000| Complete 
|5584|0x0000150ce0000000, 0x0000150ce2000000, 0x0000150ce2000000|100%| E|CS|TAMS 0x0000150ce0000000, 0x0000150ce0000000| Complete 
|5585|0x0000150ce2000000, 0x0000150ce4000000, 0x0000150ce4000000|100%| E|CS|TAMS 0x0000150ce2000000, 0x0000150ce2000000| Complete 
|5586|0x0000150ce4000000, 0x0000150ce6000000, 0x0000150ce6000000|100%| E|CS|TAMS 0x0000150ce4000000, 0x0000150ce4000000| Complete 
|5587|0x0000150ce6000000, 0x0000150ce8000000, 0x0000150ce8000000|100%| E|CS|TAMS 0x0000150ce6000000, 0x0000150ce6000000| Complete 
|5588|0x0000150ce8000000, 0x0000150cea000000, 0x0000150cea000000|100%| E|CS|TAMS 0x0000150ce8000000, 0x0000150ce8000000| Complete 
|5589|0x0000150cea000000, 0x0000150cec000000, 0x0000150cec000000|100%| E|CS|TAMS 0x0000150cea000000, 0x0000150cea000000| Complete 
|5590|0x0000150cec000000, 0x0000150cee000000, 0x0000150cee000000|100%| E|CS|TAMS 0x0000150cec000000, 0x0000150cec000000| Complete 
|5591|0x0000150cee000000, 0x0000150cf0000000, 0x0000150cf0000000|100%| E|CS|TAMS 0x0000150cee000000, 0x0000150cee000000| Complete 
|5592|0x0000150cf0000000, 0x0000150cf2000000, 0x0000150cf2000000|100%| E|CS|TAMS 0x0000150cf0000000, 0x0000150cf0000000| Complete 
|5593|0x0000150cf2000000, 0x0000150cf4000000, 0x0000150cf4000000|100%| E|CS|TAMS 0x0000150cf2000000, 0x0000150cf2000000| Complete 
|5594|0x0000150cf4000000, 0x0000150cf6000000, 0x0000150cf6000000|100%| E|CS|TAMS 0x0000150cf4000000, 0x0000150cf4000000| Complete 
|5595|0x0000150cf6000000, 0x0000150cf8000000, 0x0000150cf8000000|100%| E|CS|TAMS 0x0000150cf6000000, 0x0000150cf6000000| Complete 
|5596|0x0000150cf8000000, 0x0000150cfa000000, 0x0000150cfa000000|100%| E|CS|TAMS 0x0000150cf8000000, 0x0000150cf8000000| Complete 
|5597|0x0000150cfa000000, 0x0000150cfc000000, 0x0000150cfc000000|100%| E|CS|TAMS 0x0000150cfa000000, 0x0000150cfa000000| Complete 
|5598|0x0000150cfc000000, 0x0000150cfe000000, 0x0000150cfe000000|100%| E|CS|TAMS 0x0000150cfc000000, 0x0000150cfc000000| Complete 
|5599|0x0000150cfe000000, 0x0000150d00000000, 0x0000150d00000000|100%| E|CS|TAMS 0x0000150cfe000000, 0x0000150cfe000000| Complete 
|5600|0x0000150d00000000, 0x0000150d02000000, 0x0000150d02000000|100%| E|CS|TAMS 0x0000150d00000000, 0x0000150d00000000| Complete 
|5601|0x0000150d02000000, 0x0000150d04000000, 0x0000150d04000000|100%| E|CS|TAMS 0x0000150d02000000, 0x0000150d02000000| Complete 
|5602|0x0000150d04000000, 0x0000150d06000000, 0x0000150d06000000|100%| E|CS|TAMS 0x0000150d04000000, 0x0000150d04000000| Complete 
|5603|0x0000150d06000000, 0x0000150d08000000, 0x0000150d08000000|100%| E|CS|TAMS 0x0000150d06000000, 0x0000150d06000000| Complete 
|5604|0x0000150d08000000, 0x0000150d0a000000, 0x0000150d0a000000|100%| E|CS|TAMS 0x0000150d08000000, 0x0000150d08000000| Complete 
|5605|0x0000150d0a000000, 0x0000150d0c000000, 0x0000150d0c000000|100%| E|CS|TAMS 0x0000150d0a000000, 0x0000150d0a000000| Complete 
|5606|0x0000150d0c000000, 0x0000150d0e000000, 0x0000150d0e000000|100%| E|CS|TAMS 0x0000150d0c000000, 0x0000150d0c000000| Complete 
|5607|0x0000150d0e000000, 0x0000150d10000000, 0x0000150d10000000|100%| E|CS|TAMS 0x0000150d0e000000, 0x0000150d0e000000| Complete 
|5608|0x0000150d10000000, 0x0000150d12000000, 0x0000150d12000000|100%| E|CS|TAMS 0x0000150d10000000, 0x0000150d10000000| Complete 
|5609|0x0000150d12000000, 0x0000150d14000000, 0x0000150d14000000|100%| E|CS|TAMS 0x0000150d12000000, 0x0000150d12000000| Complete 
|5610|0x0000150d14000000, 0x0000150d16000000, 0x0000150d16000000|100%| E|CS|TAMS 0x0000150d14000000, 0x0000150d14000000| Complete 
|5611|0x0000150d16000000, 0x0000150d18000000, 0x0000150d18000000|100%| E|CS|TAMS 0x0000150d16000000, 0x0000150d16000000| Complete 
|5612|0x0000150d18000000, 0x0000150d1a000000, 0x0000150d1a000000|100%| E|CS|TAMS 0x0000150d18000000, 0x0000150d18000000| Complete 
|5613|0x0000150d1a000000, 0x0000150d1c000000, 0x0000150d1c000000|100%| E|CS|TAMS 0x0000150d1a000000, 0x0000150d1a000000| Complete 
|5614|0x0000150d1c000000, 0x0000150d1e000000, 0x0000150d1e000000|100%| E|CS|TAMS 0x0000150d1c000000, 0x0000150d1c000000| Complete 
|5615|0x0000150d1e000000, 0x0000150d20000000, 0x0000150d20000000|100%| E|CS|TAMS 0x0000150d1e000000, 0x0000150d1e000000| Complete 
|5616|0x0000150d20000000, 0x0000150d22000000, 0x0000150d22000000|100%| E|CS|TAMS 0x0000150d20000000, 0x0000150d20000000| Complete 
|5617|0x0000150d22000000, 0x0000150d24000000, 0x0000150d24000000|100%| E|CS|TAMS 0x0000150d22000000, 0x0000150d22000000| Complete 
|5618|0x0000150d24000000, 0x0000150d26000000, 0x0000150d26000000|100%| E|CS|TAMS 0x0000150d24000000, 0x0000150d24000000| Complete 
|5619|0x0000150d26000000, 0x0000150d28000000, 0x0000150d28000000|100%| E|CS|TAMS 0x0000150d26000000, 0x0000150d26000000| Complete 
|5620|0x0000150d28000000, 0x0000150d2a000000, 0x0000150d2a000000|100%| E|CS|TAMS 0x0000150d28000000, 0x0000150d28000000| Complete 
|5621|0x0000150d2a000000, 0x0000150d2c000000, 0x0000150d2c000000|100%| E|CS|TAMS 0x0000150d2a000000, 0x0000150d2a000000| Complete 
|5622|0x0000150d2c000000, 0x0000150d2e000000, 0x0000150d2e000000|100%| E|CS|TAMS 0x0000150d2c000000, 0x0000150d2c000000| Complete 
|5623|0x0000150d2e000000, 0x0000150d30000000, 0x0000150d30000000|100%| E|CS|TAMS 0x0000150d2e000000, 0x0000150d2e000000| Complete 
|5624|0x0000150d30000000, 0x0000150d32000000, 0x0000150d32000000|100%| E|CS|TAMS 0x0000150d30000000, 0x0000150d30000000| Complete 
|5625|0x0000150d32000000, 0x0000150d34000000, 0x0000150d34000000|100%| E|CS|TAMS 0x0000150d32000000, 0x0000150d32000000| Complete 
|5626|0x0000150d34000000, 0x0000150d36000000, 0x0000150d36000000|100%| E|CS|TAMS 0x0000150d34000000, 0x0000150d34000000| Complete 
|5627|0x0000150d36000000, 0x0000150d38000000, 0x0000150d38000000|100%| E|CS|TAMS 0x0000150d36000000, 0x0000150d36000000| Complete 
|5628|0x0000150d38000000, 0x0000150d3a000000, 0x0000150d3a000000|100%| E|CS|TAMS 0x0000150d38000000, 0x0000150d38000000| Complete 
|5629|0x0000150d3a000000, 0x0000150d3c000000, 0x0000150d3c000000|100%| E|CS|TAMS 0x0000150d3a000000, 0x0000150d3a000000| Complete 
|5630|0x0000150d3c000000, 0x0000150d3e000000, 0x0000150d3e000000|100%| E|CS|TAMS 0x0000150d3c000000, 0x0000150d3c000000| Complete 
|5631|0x0000150d3e000000, 0x0000150d40000000, 0x0000150d40000000|100%| E|CS|TAMS 0x0000150d3e000000, 0x0000150d3e000000| Complete 
|5632|0x0000150d40000000, 0x0000150d42000000, 0x0000150d42000000|100%| E|CS|TAMS 0x0000150d40000000, 0x0000150d40000000| Complete 
|5633|0x0000150d42000000, 0x0000150d44000000, 0x0000150d44000000|100%| E|CS|TAMS 0x0000150d42000000, 0x0000150d42000000| Complete 
|5634|0x0000150d44000000, 0x0000150d46000000, 0x0000150d46000000|100%| E|CS|TAMS 0x0000150d44000000, 0x0000150d44000000| Complete 
|5635|0x0000150d46000000, 0x0000150d48000000, 0x0000150d48000000|100%| E|CS|TAMS 0x0000150d46000000, 0x0000150d46000000| Complete 
|5636|0x0000150d48000000, 0x0000150d4a000000, 0x0000150d4a000000|100%| E|CS|TAMS 0x0000150d48000000, 0x0000150d48000000| Complete 
|5637|0x0000150d4a000000, 0x0000150d4c000000, 0x0000150d4c000000|100%| E|CS|TAMS 0x0000150d4a000000, 0x0000150d4a000000| Complete 
|5638|0x0000150d4c000000, 0x0000150d4e000000, 0x0000150d4e000000|100%| E|CS|TAMS 0x0000150d4c000000, 0x0000150d4c000000| Complete 
|5639|0x0000150d4e000000, 0x0000150d50000000, 0x0000150d50000000|100%| E|CS|TAMS 0x0000150d4e000000, 0x0000150d4e000000| Complete 
|5640|0x0000150d50000000, 0x0000150d52000000, 0x0000150d52000000|100%| E|CS|TAMS 0x0000150d50000000, 0x0000150d50000000| Complete 
|5641|0x0000150d52000000, 0x0000150d54000000, 0x0000150d54000000|100%| E|CS|TAMS 0x0000150d52000000, 0x0000150d52000000| Complete 
|5642|0x0000150d54000000, 0x0000150d56000000, 0x0000150d56000000|100%| E|CS|TAMS 0x0000150d54000000, 0x0000150d54000000| Complete 
|5643|0x0000150d56000000, 0x0000150d58000000, 0x0000150d58000000|100%| E|CS|TAMS 0x0000150d56000000, 0x0000150d56000000| Complete 
|5644|0x0000150d58000000, 0x0000150d5a000000, 0x0000150d5a000000|100%| E|CS|TAMS 0x0000150d58000000, 0x0000150d58000000| Complete 
|5645|0x0000150d5a000000, 0x0000150d5c000000, 0x0000150d5c000000|100%| E|CS|TAMS 0x0000150d5a000000, 0x0000150d5a000000| Complete 
|5646|0x0000150d5c000000, 0x0000150d5e000000, 0x0000150d5e000000|100%| E|CS|TAMS 0x0000150d5c000000, 0x0000150d5c000000| Complete 
|5647|0x0000150d5e000000, 0x0000150d60000000, 0x0000150d60000000|100%| E|CS|TAMS 0x0000150d5e000000, 0x0000150d5e000000| Complete 
|5648|0x0000150d60000000, 0x0000150d62000000, 0x0000150d62000000|100%| E|CS|TAMS 0x0000150d60000000, 0x0000150d60000000| Complete 
|5649|0x0000150d62000000, 0x0000150d64000000, 0x0000150d64000000|100%| E|CS|TAMS 0x0000150d62000000, 0x0000150d62000000| Complete 
|5650|0x0000150d64000000, 0x0000150d66000000, 0x0000150d66000000|100%| E|CS|TAMS 0x0000150d64000000, 0x0000150d64000000| Complete 
|5651|0x0000150d66000000, 0x0000150d68000000, 0x0000150d68000000|100%| E|CS|TAMS 0x0000150d66000000, 0x0000150d66000000| Complete 
|5652|0x0000150d68000000, 0x0000150d6a000000, 0x0000150d6a000000|100%| E|CS|TAMS 0x0000150d68000000, 0x0000150d68000000| Complete 
|5653|0x0000150d6a000000, 0x0000150d6c000000, 0x0000150d6c000000|100%| E|CS|TAMS 0x0000150d6a000000, 0x0000150d6a000000| Complete 
|5654|0x0000150d6c000000, 0x0000150d6e000000, 0x0000150d6e000000|100%| E|CS|TAMS 0x0000150d6c000000, 0x0000150d6c000000| Complete 
|5655|0x0000150d6e000000, 0x0000150d70000000, 0x0000150d70000000|100%| E|CS|TAMS 0x0000150d6e000000, 0x0000150d6e000000| Complete 
|5656|0x0000150d70000000, 0x0000150d72000000, 0x0000150d72000000|100%| E|CS|TAMS 0x0000150d70000000, 0x0000150d70000000| Complete 
|5657|0x0000150d72000000, 0x0000150d74000000, 0x0000150d74000000|100%| E|CS|TAMS 0x0000150d72000000, 0x0000150d72000000| Complete 
|5658|0x0000150d74000000, 0x0000150d76000000, 0x0000150d76000000|100%| E|CS|TAMS 0x0000150d74000000, 0x0000150d74000000| Complete 
|5659|0x0000150d76000000, 0x0000150d78000000, 0x0000150d78000000|100%| E|CS|TAMS 0x0000150d76000000, 0x0000150d76000000| Complete 
|5660|0x0000150d78000000, 0x0000150d7a000000, 0x0000150d7a000000|100%| E|CS|TAMS 0x0000150d78000000, 0x0000150d78000000| Complete 
|5661|0x0000150d7a000000, 0x0000150d7c000000, 0x0000150d7c000000|100%| E|CS|TAMS 0x0000150d7a000000, 0x0000150d7a000000| Complete 
|5662|0x0000150d7c000000, 0x0000150d7e000000, 0x0000150d7e000000|100%| E|CS|TAMS 0x0000150d7c000000, 0x0000150d7c000000| Complete 
|5663|0x0000150d7e000000, 0x0000150d80000000, 0x0000150d80000000|100%| E|CS|TAMS 0x0000150d7e000000, 0x0000150d7e000000| Complete 
|5664|0x0000150d80000000, 0x0000150d82000000, 0x0000150d82000000|100%| E|CS|TAMS 0x0000150d80000000, 0x0000150d80000000| Complete 
|5665|0x0000150d82000000, 0x0000150d84000000, 0x0000150d84000000|100%| E|CS|TAMS 0x0000150d82000000, 0x0000150d82000000| Complete 
|5666|0x0000150d84000000, 0x0000150d86000000, 0x0000150d86000000|100%| E|CS|TAMS 0x0000150d84000000, 0x0000150d84000000| Complete 
|5667|0x0000150d86000000, 0x0000150d88000000, 0x0000150d88000000|100%| E|CS|TAMS 0x0000150d86000000, 0x0000150d86000000| Complete 
|5668|0x0000150d88000000, 0x0000150d8a000000, 0x0000150d8a000000|100%| E|CS|TAMS 0x0000150d88000000, 0x0000150d88000000| Complete 
|5669|0x0000150d8a000000, 0x0000150d8c000000, 0x0000150d8c000000|100%| E|CS|TAMS 0x0000150d8a000000, 0x0000150d8a000000| Complete 
|5670|0x0000150d8c000000, 0x0000150d8e000000, 0x0000150d8e000000|100%| E|CS|TAMS 0x0000150d8c000000, 0x0000150d8c000000| Complete 
|5671|0x0000150d8e000000, 0x0000150d90000000, 0x0000150d90000000|100%| E|CS|TAMS 0x0000150d8e000000, 0x0000150d8e000000| Complete 
|5672|0x0000150d90000000, 0x0000150d92000000, 0x0000150d92000000|100%| E|CS|TAMS 0x0000150d90000000, 0x0000150d90000000| Complete 
|5673|0x0000150d92000000, 0x0000150d94000000, 0x0000150d94000000|100%| E|CS|TAMS 0x0000150d92000000, 0x0000150d92000000| Complete 
|5674|0x0000150d94000000, 0x0000150d96000000, 0x0000150d96000000|100%| E|CS|TAMS 0x0000150d94000000, 0x0000150d94000000| Complete 
|5675|0x0000150d96000000, 0x0000150d98000000, 0x0000150d98000000|100%| E|CS|TAMS 0x0000150d96000000, 0x0000150d96000000| Complete 
|5676|0x0000150d98000000, 0x0000150d9a000000, 0x0000150d9a000000|100%| E|CS|TAMS 0x0000150d98000000, 0x0000150d98000000| Complete 
|5677|0x0000150d9a000000, 0x0000150d9c000000, 0x0000150d9c000000|100%| E|CS|TAMS 0x0000150d9a000000, 0x0000150d9a000000| Complete 
|5678|0x0000150d9c000000, 0x0000150d9e000000, 0x0000150d9e000000|100%| E|CS|TAMS 0x0000150d9c000000, 0x0000150d9c000000| Complete 
|5679|0x0000150d9e000000, 0x0000150da0000000, 0x0000150da0000000|100%| E|CS|TAMS 0x0000150d9e000000, 0x0000150d9e000000| Complete 
|5680|0x0000150da0000000, 0x0000150da2000000, 0x0000150da2000000|100%| E|CS|TAMS 0x0000150da0000000, 0x0000150da0000000| Complete 
|5681|0x0000150da2000000, 0x0000150da4000000, 0x0000150da4000000|100%| E|CS|TAMS 0x0000150da2000000, 0x0000150da2000000| Complete 
|5682|0x0000150da4000000, 0x0000150da6000000, 0x0000150da6000000|100%| E|CS|TAMS 0x0000150da4000000, 0x0000150da4000000| Complete 
|5683|0x0000150da6000000, 0x0000150da8000000, 0x0000150da8000000|100%| E|CS|TAMS 0x0000150da6000000, 0x0000150da6000000| Complete 
|5684|0x0000150da8000000, 0x0000150daa000000, 0x0000150daa000000|100%| E|CS|TAMS 0x0000150da8000000, 0x0000150da8000000| Complete 
|5685|0x0000150daa000000, 0x0000150dac000000, 0x0000150dac000000|100%| E|CS|TAMS 0x0000150daa000000, 0x0000150daa000000| Complete 
|5686|0x0000150dac000000, 0x0000150dae000000, 0x0000150dae000000|100%| E|CS|TAMS 0x0000150dac000000, 0x0000150dac000000| Complete 
|5687|0x0000150dae000000, 0x0000150db0000000, 0x0000150db0000000|100%| E|CS|TAMS 0x0000150dae000000, 0x0000150dae000000| Complete 
|5688|0x0000150db0000000, 0x0000150db2000000, 0x0000150db2000000|100%| E|CS|TAMS 0x0000150db0000000, 0x0000150db0000000| Complete 
|5689|0x0000150db2000000, 0x0000150db4000000, 0x0000150db4000000|100%| E|CS|TAMS 0x0000150db2000000, 0x0000150db2000000| Complete 
|5690|0x0000150db4000000, 0x0000150db6000000, 0x0000150db6000000|100%| E|CS|TAMS 0x0000150db4000000, 0x0000150db4000000| Complete 
|5691|0x0000150db6000000, 0x0000150db8000000, 0x0000150db8000000|100%| E|CS|TAMS 0x0000150db6000000, 0x0000150db6000000| Complete 
|5692|0x0000150db8000000, 0x0000150dba000000, 0x0000150dba000000|100%| E|CS|TAMS 0x0000150db8000000, 0x0000150db8000000| Complete 
|5693|0x0000150dba000000, 0x0000150dbc000000, 0x0000150dbc000000|100%| E|CS|TAMS 0x0000150dba000000, 0x0000150dba000000| Complete 
|5694|0x0000150dbc000000, 0x0000150dbe000000, 0x0000150dbe000000|100%| E|CS|TAMS 0x0000150dbc000000, 0x0000150dbc000000| Complete 
|5695|0x0000150dbe000000, 0x0000150dc0000000, 0x0000150dc0000000|100%| E|CS|TAMS 0x0000150dbe000000, 0x0000150dbe000000| Complete 
|5696|0x0000150dc0000000, 0x0000150dc2000000, 0x0000150dc2000000|100%| E|CS|TAMS 0x0000150dc0000000, 0x0000150dc0000000| Complete 
|5697|0x0000150dc2000000, 0x0000150dc4000000, 0x0000150dc4000000|100%| E|CS|TAMS 0x0000150dc2000000, 0x0000150dc2000000| Complete 
|5698|0x0000150dc4000000, 0x0000150dc6000000, 0x0000150dc6000000|100%| E|CS|TAMS 0x0000150dc4000000, 0x0000150dc4000000| Complete 
|5699|0x0000150dc6000000, 0x0000150dc8000000, 0x0000150dc8000000|100%| E|CS|TAMS 0x0000150dc6000000, 0x0000150dc6000000| Complete 
|5700|0x0000150dc8000000, 0x0000150dca000000, 0x0000150dca000000|100%| E|CS|TAMS 0x0000150dc8000000, 0x0000150dc8000000| Complete 
|5701|0x0000150dca000000, 0x0000150dcc000000, 0x0000150dcc000000|100%| E|CS|TAMS 0x0000150dca000000, 0x0000150dca000000| Complete 
|5702|0x0000150dcc000000, 0x0000150dce000000, 0x0000150dce000000|100%| E|CS|TAMS 0x0000150dcc000000, 0x0000150dcc000000| Complete 
|5703|0x0000150dce000000, 0x0000150dd0000000, 0x0000150dd0000000|100%| E|CS|TAMS 0x0000150dce000000, 0x0000150dce000000| Complete 
|5704|0x0000150dd0000000, 0x0000150dd2000000, 0x0000150dd2000000|100%| E|CS|TAMS 0x0000150dd0000000, 0x0000150dd0000000| Complete 
|5705|0x0000150dd2000000, 0x0000150dd4000000, 0x0000150dd4000000|100%| E|CS|TAMS 0x0000150dd2000000, 0x0000150dd2000000| Complete 
|5706|0x0000150dd4000000, 0x0000150dd6000000, 0x0000150dd6000000|100%| E|CS|TAMS 0x0000150dd4000000, 0x0000150dd4000000| Complete 
|5707|0x0000150dd6000000, 0x0000150dd8000000, 0x0000150dd8000000|100%| E|CS|TAMS 0x0000150dd6000000, 0x0000150dd6000000| Complete 
|5708|0x0000150dd8000000, 0x0000150dda000000, 0x0000150dda000000|100%| E|CS|TAMS 0x0000150dd8000000, 0x0000150dd8000000| Complete 
|5709|0x0000150dda000000, 0x0000150ddc000000, 0x0000150ddc000000|100%| E|CS|TAMS 0x0000150dda000000, 0x0000150dda000000| Complete 
|5710|0x0000150ddc000000, 0x0000150dde000000, 0x0000150dde000000|100%| E|CS|TAMS 0x0000150ddc000000, 0x0000150ddc000000| Complete 
|5711|0x0000150dde000000, 0x0000150de0000000, 0x0000150de0000000|100%| E|CS|TAMS 0x0000150dde000000, 0x0000150dde000000| Complete 
|5712|0x0000150de0000000, 0x0000150de2000000, 0x0000150de2000000|100%| E|CS|TAMS 0x0000150de0000000, 0x0000150de0000000| Complete 
|5713|0x0000150de2000000, 0x0000150de4000000, 0x0000150de4000000|100%| E|CS|TAMS 0x0000150de2000000, 0x0000150de2000000| Complete 
|5714|0x0000150de4000000, 0x0000150de6000000, 0x0000150de6000000|100%| E|CS|TAMS 0x0000150de4000000, 0x0000150de4000000| Complete 
|5715|0x0000150de6000000, 0x0000150de8000000, 0x0000150de8000000|100%| E|CS|TAMS 0x0000150de6000000, 0x0000150de6000000| Complete 
|5716|0x0000150de8000000, 0x0000150dea000000, 0x0000150dea000000|100%| E|CS|TAMS 0x0000150de8000000, 0x0000150de8000000| Complete 
|5717|0x0000150dea000000, 0x0000150dec000000, 0x0000150dec000000|100%| E|CS|TAMS 0x0000150dea000000, 0x0000150dea000000| Complete 
|5718|0x0000150dec000000, 0x0000150dee000000, 0x0000150dee000000|100%| E|CS|TAMS 0x0000150dec000000, 0x0000150dec000000| Complete 
|5719|0x0000150dee000000, 0x0000150df0000000, 0x0000150df0000000|100%| E|CS|TAMS 0x0000150dee000000, 0x0000150dee000000| Complete 
|5720|0x0000150df0000000, 0x0000150df2000000, 0x0000150df2000000|100%| E|CS|TAMS 0x0000150df0000000, 0x0000150df0000000| Complete 
|5721|0x0000150df2000000, 0x0000150df4000000, 0x0000150df4000000|100%| E|CS|TAMS 0x0000150df2000000, 0x0000150df2000000| Complete 
|5722|0x0000150df4000000, 0x0000150df6000000, 0x0000150df6000000|100%| E|CS|TAMS 0x0000150df4000000, 0x0000150df4000000| Complete 
|5723|0x0000150df6000000, 0x0000150df8000000, 0x0000150df8000000|100%| E|CS|TAMS 0x0000150df6000000, 0x0000150df6000000| Complete 
|5724|0x0000150df8000000, 0x0000150dfa000000, 0x0000150dfa000000|100%| E|CS|TAMS 0x0000150df8000000, 0x0000150df8000000| Complete 
|5725|0x0000150dfa000000, 0x0000150dfc000000, 0x0000150dfc000000|100%| E|CS|TAMS 0x0000150dfa000000, 0x0000150dfa000000| Complete 
|5726|0x0000150dfc000000, 0x0000150dfe000000, 0x0000150dfe000000|100%| E|CS|TAMS 0x0000150dfc000000, 0x0000150dfc000000| Complete 
|5727|0x0000150dfe000000, 0x0000150e00000000, 0x0000150e00000000|100%| E|CS|TAMS 0x0000150dfe000000, 0x0000150dfe000000| Complete 
|5728|0x0000150e00000000, 0x0000150e02000000, 0x0000150e02000000|100%| E|CS|TAMS 0x0000150e00000000, 0x0000150e00000000| Complete 
|5729|0x0000150e02000000, 0x0000150e04000000, 0x0000150e04000000|100%| E|CS|TAMS 0x0000150e02000000, 0x0000150e02000000| Complete 
|5730|0x0000150e04000000, 0x0000150e06000000, 0x0000150e06000000|100%| E|CS|TAMS 0x0000150e04000000, 0x0000150e04000000| Complete 
|5731|0x0000150e06000000, 0x0000150e08000000, 0x0000150e08000000|100%| E|CS|TAMS 0x0000150e06000000, 0x0000150e06000000| Complete 
|5732|0x0000150e08000000, 0x0000150e0a000000, 0x0000150e0a000000|100%| E|CS|TAMS 0x0000150e08000000, 0x0000150e08000000| Complete 
|5733|0x0000150e0a000000, 0x0000150e0c000000, 0x0000150e0c000000|100%| E|CS|TAMS 0x0000150e0a000000, 0x0000150e0a000000| Complete 
|5734|0x0000150e0c000000, 0x0000150e0e000000, 0x0000150e0e000000|100%| E|CS|TAMS 0x0000150e0c000000, 0x0000150e0c000000| Complete 
|5735|0x0000150e0e000000, 0x0000150e10000000, 0x0000150e10000000|100%| E|CS|TAMS 0x0000150e0e000000, 0x0000150e0e000000| Complete 
|5736|0x0000150e10000000, 0x0000150e12000000, 0x0000150e12000000|100%| E|CS|TAMS 0x0000150e10000000, 0x0000150e10000000| Complete 
|5737|0x0000150e12000000, 0x0000150e14000000, 0x0000150e14000000|100%| E|CS|TAMS 0x0000150e12000000, 0x0000150e12000000| Complete 
|5738|0x0000150e14000000, 0x0000150e16000000, 0x0000150e16000000|100%| E|CS|TAMS 0x0000150e14000000, 0x0000150e14000000| Complete 
|5739|0x0000150e16000000, 0x0000150e18000000, 0x0000150e18000000|100%| E|CS|TAMS 0x0000150e16000000, 0x0000150e16000000| Complete 
|5740|0x0000150e18000000, 0x0000150e1a000000, 0x0000150e1a000000|100%| E|CS|TAMS 0x0000150e18000000, 0x0000150e18000000| Complete 
|5741|0x0000150e1a000000, 0x0000150e1c000000, 0x0000150e1c000000|100%| E|CS|TAMS 0x0000150e1a000000, 0x0000150e1a000000| Complete 
|5742|0x0000150e1c000000, 0x0000150e1e000000, 0x0000150e1e000000|100%| E|CS|TAMS 0x0000150e1c000000, 0x0000150e1c000000| Complete 
|5743|0x0000150e1e000000, 0x0000150e20000000, 0x0000150e20000000|100%| E|CS|TAMS 0x0000150e1e000000, 0x0000150e1e000000| Complete 
|5744|0x0000150e20000000, 0x0000150e22000000, 0x0000150e22000000|100%| E|CS|TAMS 0x0000150e20000000, 0x0000150e20000000| Complete 
|5745|0x0000150e22000000, 0x0000150e24000000, 0x0000150e24000000|100%| E|CS|TAMS 0x0000150e22000000, 0x0000150e22000000| Complete 
|5746|0x0000150e24000000, 0x0000150e26000000, 0x0000150e26000000|100%| E|CS|TAMS 0x0000150e24000000, 0x0000150e24000000| Complete 
|5747|0x0000150e26000000, 0x0000150e28000000, 0x0000150e28000000|100%| E|CS|TAMS 0x0000150e26000000, 0x0000150e26000000| Complete 
|5748|0x0000150e28000000, 0x0000150e2a000000, 0x0000150e2a000000|100%| E|CS|TAMS 0x0000150e28000000, 0x0000150e28000000| Complete 
|5749|0x0000150e2a000000, 0x0000150e2c000000, 0x0000150e2c000000|100%| E|CS|TAMS 0x0000150e2a000000, 0x0000150e2a000000| Complete 
|5750|0x0000150e2c000000, 0x0000150e2e000000, 0x0000150e2e000000|100%| E|CS|TAMS 0x0000150e2c000000, 0x0000150e2c000000| Complete 
|5751|0x0000150e2e000000, 0x0000150e30000000, 0x0000150e30000000|100%| E|CS|TAMS 0x0000150e2e000000, 0x0000150e2e000000| Complete 
|5752|0x0000150e30000000, 0x0000150e32000000, 0x0000150e32000000|100%| E|CS|TAMS 0x0000150e30000000, 0x0000150e30000000| Complete 
|5753|0x0000150e32000000, 0x0000150e34000000, 0x0000150e34000000|100%| E|CS|TAMS 0x0000150e32000000, 0x0000150e32000000| Complete 
|5754|0x0000150e34000000, 0x0000150e36000000, 0x0000150e36000000|100%| E|CS|TAMS 0x0000150e34000000, 0x0000150e34000000| Complete 
|5755|0x0000150e36000000, 0x0000150e38000000, 0x0000150e38000000|100%| E|CS|TAMS 0x0000150e36000000, 0x0000150e36000000| Complete 
|5756|0x0000150e38000000, 0x0000150e3a000000, 0x0000150e3a000000|100%| E|CS|TAMS 0x0000150e38000000, 0x0000150e38000000| Complete 
|5757|0x0000150e3a000000, 0x0000150e3c000000, 0x0000150e3c000000|100%| E|CS|TAMS 0x0000150e3a000000, 0x0000150e3a000000| Complete 
|5758|0x0000150e3c000000, 0x0000150e3e000000, 0x0000150e3e000000|100%| E|CS|TAMS 0x0000150e3c000000, 0x0000150e3c000000| Complete 
|5759|0x0000150e3e000000, 0x0000150e40000000, 0x0000150e40000000|100%| E|CS|TAMS 0x0000150e3e000000, 0x0000150e3e000000| Complete 

Card table byte_map: [0x000014e113000000,0x000014e129800000] _byte_map_base: 0x000014d6a2600000

Marking Bits (Prev, Next): (CMBitMap*) 0x0000150e5c09b590, (CMBitMap*) 0x0000150e5c09b558
 Prev Bits: [0x000014df94800000, 0x000014e048800000)
 Next Bits: [0x000014e048800000, 0x000014e0fc800000)

Polling page: 0x0000150e6531e000

Metaspace:

Usage:
    9.71 MB capacity,     9.66 MB (>99%) used,    37.88 KB ( <1%) free+waste,    10.06 KB ( <1%) overhead. 

Virtual space:
     10.00 MB reserved,       9.75 MB ( 98%) committed 

Chunk freelists:
40.00 KB

MaxMetaspaceSize: unlimited


CodeHeap 'non-profiled nmethods': size=119172Kb used=2370Kb max_used=2632Kb free=116801Kb
 bounds [0x0000150e4c438000, 0x0000150e4c6d8000, 0x0000150e53899000]
CodeHeap 'profiled nmethods': size=119168Kb used=1593Kb max_used=3249Kb free=117574Kb
 bounds [0x0000150e44fd8000, 0x0000150e45318000, 0x0000150e4c438000]
CodeHeap 'non-nmethods': size=7420Kb used=1069Kb max_used=2794Kb free=6350Kb
 bounds [0x0000150e44899000, 0x0000150e44be9000, 0x0000150e44fd8000]
 total_blobs=1787 nmethods=1380 adapters=320
 compilation: enabled
              stopped_count=0, restarted_count=0
 full_count=0

Compilation events (20 events):
Event: 2079.062 Thread 0x0000150e5fa5e800 2154       4       jdk.internal.math.FDBigInteger::cmp (147 bytes)
Event: 2079.074 Thread 0x0000150e5fa5e800 nmethod 2154 0x0000150e4c6ba090 code [0x0000150e4c6ba240, 0x0000150e4c6ba5f8]
Event: 2080.366 Thread 0x0000150e5fa60800 2155       3       jdk.internal.math.FDBigInteger::quoRemIteration (337 bytes)
Event: 2080.367 Thread 0x0000150e5fa60800 nmethod 2155 0x0000150e45303b90 code [0x0000150e45303e00, 0x0000150e45304610]
Event: 2081.419 Thread 0x0000150e5fa60800 2156       3       jdk.internal.math.FloatingDecimal$BinaryToASCIIBuffer::dtoa (1509 bytes)
Event: 2081.424 Thread 0x0000150e5fa60800 nmethod 2156 0x0000150e45304a90 code [0x0000150e45304f20, 0x0000150e453075f0]
Event: 2102.198 Thread 0x0000150e5fa5e800 2157       4       jdk.internal.math.FDBigInteger::multDiffMe (297 bytes)
Event: 2102.203 Thread 0x0000150e5fa5e800 nmethod 2157 0x0000150e4c6ba810 code [0x0000150e4c6ba9a0, 0x0000150e4c6bab38]
Event: 2102.297 Thread 0x0000150e5fa5e800 2158       4       jdk.internal.math.FDBigInteger::addAndCmp (292 bytes)
Event: 2102.342 Thread 0x0000150e5fa5e800 nmethod 2158 0x0000150e4c6bad10 code [0x0000150e4c6baf00, 0x0000150e4c6bbf98]
Event: 2132.679 Thread 0x0000150e5fa5e800 2159       4       jdk.internal.math.FloatingDecimal$BinaryToASCIIBuffer::dtoa (1509 bytes)
Event: 2132.813 Thread 0x0000150e5fa5e800 nmethod 2159 0x0000150e4c6bca10 code [0x0000150e4c6bcd80, 0x0000150e4c6c09b0]
Event: 2140.245 Thread 0x0000150e5fa60800 2160       3       java.util.TimSort::mergeHi (732 bytes)
Event: 2140.253 Thread 0x0000150e5fa60800 nmethod 2160 0x0000150e451ee990 code [0x0000150e451eed20, 0x0000150e451f1070]
Event: 2140.256 Thread 0x0000150e5fa5e800 2161       4       java.util.TimSort::mergeHi (732 bytes)
Event: 2140.360 Thread 0x0000150e5fa5e800 nmethod 2161 0x0000150e4c6c3490 code [0x0000150e4c6c3740, 0x0000150e4c6c77b0]
Event: 2213.385 Thread 0x0000150e5fa5e800 2162       4       jdk.internal.math.FDBigInteger::quoRemIteration (337 bytes)
Event: 2213.403 Thread 0x0000150e5fa5e800 nmethod 2162 0x0000150e4c6c9210 code [0x0000150e4c6c93e0, 0x0000150e4c6c9918]
Event: 2303.109 Thread 0x0000150e5fa5e800 2163       4       jdk.internal.math.FDBigInteger::leftShift (395 bytes)
Event: 2303.112 Thread 0x0000150e5fa5e800 nmethod 2163 0x0000150e4c6c9f10 code [0x0000150e4c6ca0c0, 0x0000150e4c6ca318]

GC Heap History (20 events):
Event: 2218.401 GC heap before
{Heap before GC invocations=109 (full 0):
 garbage-first heap   total 188743680K, used 116016540K [0x000014e140000000, 0x0000150e40000000)
  region size 32768K, 3456 young (113246208K), 2 survivors (65536K)
 Metaspace       used 9860K, capacity 9944K, committed 9984K, reserved 10240K
}
Event: 2218.421 GC heap after
{Heap after GC invocations=110 (full 0):
 garbage-first heap   total 188743680K, used 2867590K [0x000014e140000000, 0x0000150e40000000)
  region size 32768K, 2 young (65536K), 2 survivors (65536K)
 Metaspace       used 9860K, capacity 9944K, committed 9984K, reserved 10240K
}
Event: 2231.782 GC heap before
{Heap before GC invocations=110 (full 0):
 garbage-first heap   total 188743680K, used 116015494K [0x000014e140000000, 0x0000150e40000000)
  region size 32768K, 3456 young (113246208K), 2 survivors (65536K)
 Metaspace       used 9860K, capacity 9944K, committed 9984K, reserved 10240K
}
Event: 2231.807 GC heap after
{Heap after GC invocations=111 (full 0):
 garbage-first heap   total 188743680K, used 2869656K [0x000014e140000000, 0x0000150e40000000)
  region size 32768K, 2 young (65536K), 2 survivors (65536K)
 Metaspace       used 9860K, capacity 9944K, committed 9984K, reserved 10240K
}
Event: 2246.698 GC heap before
{Heap before GC invocations=111 (full 0):
 garbage-first heap   total 188743680K, used 116050328K [0x000014e140000000, 0x0000150e40000000)
  region size 32768K, 3456 young (113246208K), 2 survivors (65536K)
 Metaspace       used 9860K, capacity 9944K, committed 9984K, reserved 10240K
}
Event: 2246.723 GC heap after
{Heap after GC invocations=112 (full 0):
 garbage-first heap   total 188743680K, used 2879023K [0x000014e140000000, 0x0000150e40000000)
  region size 32768K, 2 young (65536K), 2 survivors (65536K)
 Metaspace       used 9860K, capacity 9944K, committed 9984K, reserved 10240K
}
Event: 2263.069 GC heap before
{Heap before GC invocations=112 (full 0):
 garbage-first heap   total 188743680K, used 116059695K [0x000014e140000000, 0x0000150e40000000)
  region size 32768K, 3456 young (113246208K), 2 survivors (65536K)
 Metaspace       used 9860K, capacity 9944K, committed 9984K, reserved 10240K
}
Event: 2263.088 GC heap after
{Heap after GC invocations=113 (full 0):
 garbage-first heap   total 188743680K, used 2860774K [0x000014e140000000, 0x0000150e40000000)
  region size 32768K, 2 young (65536K), 2 survivors (65536K)
 Metaspace       used 9860K, capacity 9944K, committed 9984K, reserved 10240K
}
Event: 2278.525 GC heap before
{Heap before GC invocations=113 (full 0):
 garbage-first heap   total 188743680K, used 116008678K [0x000014e140000000, 0x0000150e40000000)
  region size 32768K, 3456 young (113246208K), 2 survivors (65536K)
 Metaspace       used 9860K, capacity 9944K, committed 9984K, reserved 10240K
}
Event: 2278.549 GC heap after
{Heap after GC invocations=114 (full 0):
 garbage-first heap   total 188743680K, used 2866698K [0x000014e140000000, 0x0000150e40000000)
  region size 32768K, 2 young (65536K), 2 survivors (65536K)
 Metaspace       used 9860K, capacity 9944K, committed 9984K, reserved 10240K
}
Event: 2293.347 GC heap before
{Heap before GC invocations=114 (full 0):
 garbage-first heap   total 188743680K, used 116047370K [0x000014e140000000, 0x0000150e40000000)
  region size 32768K, 3456 young (113246208K), 2 survivors (65536K)
 Metaspace       used 9860K, capacity 9944K, committed 9984K, reserved 10240K
}
Event: 2293.371 GC heap after
{Heap after GC invocations=115 (full 0):
 garbage-first heap   total 188743680K, used 2867161K [0x000014e140000000, 0x0000150e40000000)
  region size 32768K, 2 young (65536K), 2 survivors (65536K)
 Metaspace       used 9860K, capacity 9944K, committed 9984K, reserved 10240K
}
Event: 2310.993 GC heap before
{Heap before GC invocations=115 (full 0):
 garbage-first heap   total 188743680K, used 116015065K [0x000014e140000000, 0x0000150e40000000)
  region size 32768K, 3456 young (113246208K), 2 survivors (65536K)
 Metaspace       used 9860K, capacity 9944K, committed 9984K, reserved 10240K
}
Event: 2311.018 GC heap after
{Heap after GC invocations=116 (full 0):
 garbage-first heap   total 188743680K, used 2881249K [0x000014e140000000, 0x0000150e40000000)
  region size 32768K, 2 young (65536K), 2 survivors (65536K)
 Metaspace       used 9860K, capacity 9944K, committed 9984K, reserved 10240K
}
Event: 2325.453 GC heap before
{Heap before GC invocations=116 (full 0):
 garbage-first heap   total 188743680K, used 116061921K [0x000014e140000000, 0x0000150e40000000)
  region size 32768K, 3456 young (113246208K), 2 survivors (65536K)
 Metaspace       used 9860K, capacity 9944K, committed 9984K, reserved 10240K
}
Event: 2325.482 GC heap after
{Heap after GC invocations=117 (full 0):
 garbage-first heap   total 188743680K, used 2866375K [0x000014e140000000, 0x0000150e40000000)
  region size 32768K, 2 young (65536K), 2 survivors (65536K)
 Metaspace       used 9860K, capacity 9944K, committed 9984K, reserved 10240K
}
Event: 2343.144 GC heap before
{Heap before GC invocations=117 (full 0):
 garbage-first heap   total 188743680K, used 116014279K [0x000014e140000000, 0x0000150e40000000)
  region size 32768K, 3456 young (113246208K), 2 survivors (65536K)
 Metaspace       used 9860K, capacity 9944K, committed 9984K, reserved 10240K
}
Event: 2343.167 GC heap after
{Heap after GC invocations=118 (full 0):
 garbage-first heap   total 188743680K, used 2863443K [0x000014e140000000, 0x0000150e40000000)
  region size 32768K, 2 young (65536K), 2 survivors (65536K)
 Metaspace       used 9860K, capacity 9944K, committed 9984K, reserved 10240K
}
Event: 2357.466 GC heap before
{Heap before GC invocations=118 (full 0):
 garbage-first heap   total 188743680K, used 116044115K [0x000014e140000000, 0x0000150e40000000)
  region size 32768K, 3456 young (113246208K), 2 survivors (65536K)
 Metaspace       used 9860K, capacity 9944K, committed 9984K, reserved 10240K
}
Event: 2357.494 GC heap after
{Heap after GC invocations=119 (full 0):
 garbage-first heap   total 188743680K, used 2882398K [0x000014e140000000, 0x0000150e40000000)
  region size 32768K, 2 young (65536K), 2 survivors (65536K)
 Metaspace       used 9860K, capacity 9944K, committed 9984K, reserved 10240K
}

Deoptimization events (20 events):
Event: 2362.114 Thread 0x000014dcec02d000 Uncommon trap: reason=unstable_fused_if action=reinterpret pc=0x0000150e4c6a6984 method=java.lang.Integer.valueOf(I)Ljava/lang/Integer; @ 3 c2
Event: 2362.114 Thread 0x000014dcec02d000 DEOPT PACKING pc=0x0000150e4c6a6984 sp=0x0000150e440978a0
Event: 2362.114 Thread 0x000014dcec07f800 DEOPT UNPACKING pc=0x0000150e448bf425 sp=0x000014df8c5e3928 mode 2
Event: 2362.114 Thread 0x000014dcec02d000 DEOPT UNPACKING pc=0x0000150e448bf425 sp=0x0000150e440977a8 mode 2
Event: 2362.114 Thread 0x000014dcec07f800 Uncommon trap: trap_request=0xffffff4d fr.pc=0x0000150e4c6870f4 relative=0x0000000000001374
Event: 2362.114 Thread 0x000014dcec07f800 Uncommon trap: reason=unstable_if action=reinterpret pc=0x0000150e4c6870f4 method=fileIO.ReadWrite.killProcess(Ljava/lang/String;)Z @ 294 c2
Event: 2362.114 Thread 0x000014dcec07f800 DEOPT PACKING pc=0x0000150e4c6870f4 sp=0x000014df8c5e3820
Event: 2362.114 Thread 0x000014dcec07f800 DEOPT UNPACKING pc=0x0000150e448bf425 sp=0x000014df8c5e37e0 mode 2
Event: 2362.117 Thread 0x000014dcec043800 Uncommon trap: trap_request=0xffffff4d fr.pc=0x0000150e4c632e38 relative=0x0000000000000e98
Event: 2362.117 Thread 0x000014dcec043800 Uncommon trap: reason=unstable_if action=reinterpret pc=0x0000150e4c632e38 method=java.util.TimSort.sort([Ljava/lang/Object;IILjava/util/Comparator;[Ljava/lang/Object;II)V @ 45 c2
Event: 2362.117 Thread 0x000014dcec03c800 Uncommon trap: trap_request=0xffffff4d fr.pc=0x0000150e4c632e38 relative=0x0000000000000e98
Event: 2362.117 Thread 0x000014dcec043800 DEOPT PACKING pc=0x0000150e4c632e38 sp=0x000014df8c4e28e0
Event: 2362.117 Thread 0x000014dcec03c800 Uncommon trap: reason=unstable_if action=reinterpret pc=0x0000150e4c632e38 method=java.util.TimSort.sort([Ljava/lang/Object;IILjava/util/Comparator;[Ljava/lang/Object;II)V @ 45 c2
Event: 2362.117 Thread 0x000014dcec03c800 DEOPT PACKING pc=0x0000150e4c632e38 sp=0x000014dee2eed8e0
Event: 2362.117 Thread 0x000014dcec043800 DEOPT UNPACKING pc=0x0000150e448bf425 sp=0x000014df8c4e2878 mode 2
Event: 2362.117 Thread 0x000014dcec03c800 DEOPT UNPACKING pc=0x0000150e448bf425 sp=0x000014dee2eed878 mode 2
Event: 2362.119 Thread 0x0000150e5fbbe000 Uncommon trap: trap_request=0xffffff4d fr.pc=0x0000150e4c5fc3e8 relative=0x0000000000001948
Event: 2362.119 Thread 0x0000150e5fbbe000 Uncommon trap: reason=unstable_if action=reinterpret pc=0x0000150e4c5fc3e8 method=clump.KmerSort3$FetchThread3.fetchNext_inner(Lstream/ConcurrentReadInputStream;)Ljava/util/ArrayList; @ 347 c2
Event: 2362.119 Thread 0x0000150e5fbbe000 DEOPT PACKING pc=0x0000150e4c5fc3e8 sp=0x000014d60d4d3850
Event: 2362.119 Thread 0x0000150e5fbbe000 DEOPT UNPACKING pc=0x0000150e448bf425 sp=0x000014d60d4d3848 mode 2

Classes redefined (0 events):
No events

Internal exceptions (9 events):
Event: 1.534 Thread 0x0000150e5c015000 Exception <a 'java/lang/NoSuchMethodError'{0x0000150e3a96bee8}: 'java.lang.Object java.lang.invoke.DirectMethodHandle$Holder.invokeStaticInit(java.lang.Object, java.lang.Object, long, java.lang.Object)'> (0x0000150e3a96bee8) thrown at [src/hotspot/share/interpreter/linkResolver.cpp, line 772]
Event: 1.537 Thread 0x0000150e5c015000 Exception <a 'java/lang/NoSuchMethodError'{0x0000150e3a97c080}: 'java.lang.Object java.lang.invoke.Invokers$Holder.linkToTargetMethod(java.lang.Object, long, java.lang.Object)'> (0x0000150e3a97c080) thrown at [src/hotspot/share/interpreter/linkResolver.cpp, line 772]
Event: 1.577 Thread 0x0000150e5c015000 Exception <a 'java/lang/NoSuchMethodError'{0x0000150e3a98bff8}: 'java.lang.Object java.lang.invoke.DirectMethodHandle$Holder.invokeStatic(java.lang.Object, java.lang.Object, java.lang.Object, int)'> (0x0000150e3a98bff8) thrown at [src/hotspot/share/interpreter/linkResolver.cpp, line 772]
Event: 1.579 Thread 0x0000150e5c015000 Exception <a 'java/lang/NoSuchMethodError'{0x0000150e3a994eb0}: 'java.lang.Object java.lang.invoke.Invokers$Holder.linkToTargetMethod(java.lang.Object, java.lang.Object, int, java.lang.Object)'> (0x0000150e3a994eb0) thrown at [src/hotspot/share/interpreter/linkResolver.cpp, line 772]
Event: 1353.435 Thread 0x000014df44161800 Implicit null exception at 0x0000150e4c487e75 to 0x0000150e4c487fdc
Event: 1353.435 Thread 0x000014df44002000 Implicit null exception at 0x0000150e4c487e75 to 0x0000150e4c487fdc
Event: 1729.600 Thread 0x000014dcec07f800 Implicit null exception at 0x0000150e4c4e0d4f to 0x0000150e4c4e1330
Event: 1778.866 Thread 0x000014dcec043800 Implicit null exception at 0x0000150e4c5c29c7 to 0x0000150e4c5c2fa4
Event: 2027.317 Thread 0x000014dcc0010800 Implicit null exception at 0x0000150e4c62a63e to 0x0000150e4c62a7b4

Events (20 events):
Event: 2362.140 Protecting memory [0x000014df8c5e5000,0x000014df8c5e9000] with protection modes 0
Event: 2362.140 Thread 0x000014d7b905f800 Thread added: 0x000014d7b905f800
Event: 2362.140 Thread 0x000014d7f7ff5800 Thread exited: 0x000014d7f7ff5800
Event: 2362.140 Protecting memory [0x000014dee35f6000,0x000014dee35fa000] with protection modes 0
Event: 2362.140 Thread 0x0000150e5fc8b000 Thread added: 0x0000150e5fc8b000
Event: 2362.140 Protecting memory [0x000014dee31f2000,0x000014dee31f6000] with protection modes 0
Event: 2362.140 Thread 0x0000150e5fa71000 Thread added: 0x0000150e5fa71000
Event: 2362.140 Protecting memory [0x000014dee34f5000,0x000014dee34f9000] with protection modes 0
Event: 2362.140 Thread 0x0000150e5fc8b000 Thread exited: 0x0000150e5fc8b000
Event: 2362.140 Thread 0x000014d9b3ff3000 Thread exited: 0x000014d9b3ff3000
Event: 2362.140 Thread 0x0000150e5fa71000 Thread exited: 0x0000150e5fa71000
Event: 2362.140 Thread 0x0000150e5fc8b000 Thread added: 0x0000150e5fc8b000
Event: 2362.140 Thread 0x0000150e5fa71000 Thread added: 0x0000150e5fa71000
Event: 2362.140 Thread 0x0000150e5fbe2800 Thread added: 0x0000150e5fbe2800
Event: 2362.140 Thread 0x0000150e5fbd1800 Thread added: 0x0000150e5fbd1800
Event: 2362.140 Thread 0x000014d7b905f800 Thread exited: 0x000014d7b905f800
Event: 2362.141 Thread 0x0000150e5fc87800 Thread added: 0x0000150e5fc87800
Event: 2362.141 Thread 0x0000150e5fbdc000 Thread added: 0x0000150e5fbdc000
Event: 2362.141 Thread 0x000014d7f7ff5800 Thread added: 0x000014d7f7ff5800
Event: 2362.141 Thread 0x0000150e5fbd8800 Thread added: 0x0000150e5fbd8800


Dynamic libraries:
14d5ec000000-14d5ecf4d000 rw-p 00000000 00:00 0 
14d5ecf4d000-14d5f0000000 ---p 00000000 00:00 0 
14d5f4000000-14d5f8000000 rw-p 00000000 00:00 0 
14d5f8000000-14d5faa74000 rw-p 00000000 00:00 0 
14d5faa74000-14d5fc000000 ---p 00000000 00:00 0 
14d5fc000000-14d5ffff2000 rw-p 00000000 00:00 0 
14d5ffff2000-14d600000000 ---p 00000000 00:00 0 
14d600000000-14d603fff000 rw-p 00000000 00:00 0 
14d603fff000-14d604000000 ---p 00000000 00:00 0 
14d604000000-14d608000000 rw-p 00000000 00:00 0 
14d60a496000-14d60a497000 ---p 00000000 00:00 0 
14d60a497000-14d60a598000 rw-p 00000000 00:00 0 
14d60a598000-14d60a599000 ---p 00000000 00:00 0 
14d60a599000-14d60a69a000 rw-p 00000000 00:00 0 
14d60a69a000-14d60a69b000 ---p 00000000 00:00 0 
14d60a69b000-14d60a79c000 rw-p 00000000 00:00 0 
14d60a79c000-14d60a79d000 ---p 00000000 00:00 0 
14d60a79d000-14d60a89e000 rw-p 00000000 00:00 0 
14d60a89e000-14d60a89f000 ---p 00000000 00:00 0 
14d60a89f000-14d60a9a0000 rw-p 00000000 00:00 0 
14d60a9a0000-14d60a9a1000 ---p 00000000 00:00 0 
14d60a9a1000-14d60aaa2000 rw-p 00000000 00:00 0 
14d60aaa2000-14d60aaa3000 ---p 00000000 00:00 0 
14d60aaa3000-14d60aba4000 rw-p 00000000 00:00 0 
14d60aba4000-14d60aba5000 ---p 00000000 00:00 0 
14d60aba5000-14d60aca6000 rw-p 00000000 00:00 0 
14d60aca6000-14d60aca7000 ---p 00000000 00:00 0 
14d60aca7000-14d60ada8000 rw-p 00000000 00:00 0 
14d60ada8000-14d60ada9000 ---p 00000000 00:00 0 
14d60ada9000-14d60aeaa000 rw-p 00000000 00:00 0 
14d60aeaa000-14d60aeab000 ---p 00000000 00:00 0 
14d60aeab000-14d60afac000 rw-p 00000000 00:00 0 
14d60afac000-14d60afad000 ---p 00000000 00:00 0 
14d60afad000-14d60b0ae000 rw-p 00000000 00:00 0 
14d60b0ae000-14d60b0af000 ---p 00000000 00:00 0 
14d60b0af000-14d60b1b0000 rw-p 00000000 00:00 0 
14d60b1b0000-14d60b1b1000 ---p 00000000 00:00 0 
14d60b1b1000-14d60b2b2000 rw-p 00000000 00:00 0 
14d60b2b2000-14d60b2b3000 ---p 00000000 00:00 0 
14d60b2b3000-14d60b3b4000 rw-p 00000000 00:00 0 
14d60b3b4000-14d60b3b5000 ---p 00000000 00:00 0 
14d60b3b5000-14d60b4b6000 rw-p 00000000 00:00 0 
14d60b4b6000-14d60b4b7000 ---p 00000000 00:00 0 
14d60b4b7000-14d60b5b8000 rw-p 00000000 00:00 0 
14d60cdd0000-14d60cf90000 rw-p 00000000 00:00 0 
14d60cf90000-14d60cfd0000 ---p 00000000 00:00 0 
14d60d0d1000-14d60d0d5000 ---p 00000000 00:00 0 
14d60d0d5000-14d60d1d2000 rw-p 00000000 00:00 0 
14d60d1d2000-14d60d1d6000 ---p 00000000 00:00 0 
14d60d1d6000-14d60d2d3000 rw-p 00000000 00:00 0 
14d60d2d3000-14d60d2d7000 ---p 00000000 00:00 0 
14d60d2d7000-14d60d3d4000 rw-p 00000000 00:00 0 
14d60d3d4000-14d60d3d8000 ---p 00000000 00:00 0 
14d60d3d8000-14d60d4d5000 rw-p 00000000 00:00 0 
14d60d4d5000-14d60d4d9000 ---p 00000000 00:00 0 
14d60d4d9000-14d60d5d6000 rw-p 00000000 00:00 0 
14d60d5d6000-14d60d5da000 ---p 00000000 00:00 0 
14d60d5da000-14d60d6d7000 rw-p 00000000 00:00 0 
14d60d7d8000-14d60d7dc000 ---p 00000000 00:00 0 
14d60d7dc000-14d60d8d9000 rw-p 00000000 00:00 0 
14d60d8d9000-14d60d8dd000 ---p 00000000 00:00 0 
14d60d8dd000-14d60d9da000 rw-p 00000000 00:00 0 
14d60dadb000-14d60dadf000 ---p 00000000 00:00 0 
14d60dadf000-14d60dbdc000 rw-p 00000000 00:00 0 
14d60ddde000-14d60dde2000 ---p 00000000 00:00 0 
14d60dde2000-14d60dedf000 rw-p 00000000 00:00 0 
14d60dedf000-14d60dee3000 ---p 00000000 00:00 0 
14d60dee3000-14d60dfe0000 rw-p 00000000 00:00 0 
14d60e2e3000-14d60e2e7000 ---p 00000000 00:00 0 
14d60e2e7000-14d60e3e4000 rw-p 00000000 00:00 0 
14d60e3e4000-14d60e3e8000 ---p 00000000 00:00 0 
14d60e3e8000-14d60e4e5000 rw-p 00000000 00:00 0 
14d60e4e5000-14d60e4e9000 ---p 00000000 00:00 0 
14d60e4e9000-14d60e5e6000 rw-p 00000000 00:00 0 
14d60e6e7000-14d60e6eb000 ---p 00000000 00:00 0 
14d60e6eb000-14d60e7e8000 rw-p 00000000 00:00 0 
14d60e8e9000-14d60e8ed000 ---p 00000000 00:00 0 
14d60e8ed000-14d60e9ea000 rw-p 00000000 00:00 0 
14d60edee000-14d60edf2000 ---p 00000000 00:00 0 
14d60edf2000-14d60eeef000 rw-p 00000000 00:00 0 
14d610000000-14d611155000 rw-p 00000000 00:00 0 
14d611155000-14d614000000 ---p 00000000 00:00 0 
14d620000000-14d623fe4000 rw-p 00000000 00:00 0 
14d623fe4000-14d624000000 ---p 00000000 00:00 0 
14d630000000-14d633fe5000 rw-p 00000000 00:00 0 
14d633fe5000-14d634000000 ---p 00000000 00:00 0 
14d644000000-14d648000000 rw-p 00000000 00:00 0 
14d654000000-14d657ffe000 rw-p 00000000 00:00 0 
14d657ffe000-14d658000000 ---p 00000000 00:00 0 
14d668000000-14d66bfeb000 rw-p 00000000 00:00 0 
14d66bfeb000-14d66c000000 ---p 00000000 00:00 0 
14d678000000-14d67bff6000 rw-p 00000000 00:00 0 
14d67bff6000-14d67c000000 ---p 00000000 00:00 0 
14d68c000000-14d68fff9000 rw-p 00000000 00:00 0 
14d68fff9000-14d690000000 ---p 00000000 00:00 0 
14d69c000000-14d69fff1000 rw-p 00000000 00:00 0 
14d69fff1000-14d6a0000000 ---p 00000000 00:00 0 
14d6b0000000-14d6b3ff7000 rw-p 00000000 00:00 0 
14d6b3ff7000-14d6b4000000 ---p 00000000 00:00 0 
14d6c0000000-14d6c3ff4000 rw-p 00000000 00:00 0 
14d6c3ff4000-14d6c4000000 ---p 00000000 00:00 0 
14d6d4000000-14d6d7ff7000 rw-p 00000000 00:00 0 
14d6d7ff7000-14d6d8000000 ---p 00000000 00:00 0 
14d6e8000000-14d6ec000000 rw-p 00000000 00:00 0 
14d6f8000000-14d6fbfff000 rw-p 00000000 00:00 0 
14d6fbfff000-14d6fc000000 ---p 00000000 00:00 0 
14d70c000000-14d70fff3000 rw-p 00000000 00:00 0 
14d70fff3000-14d710000000 ---p 00000000 00:00 0 
14d71c000000-14d71ffff000 rw-p 00000000 00:00 0 
14d71ffff000-14d720000000 ---p 00000000 00:00 0 
14d730000000-14d733ffe000 rw-p 00000000 00:00 0 
14d733ffe000-14d734000000 ---p 00000000 00:00 0 
14d744000000-14d747ff6000 rw-p 00000000 00:00 0 
14d747ff6000-14d748000000 ---p 00000000 00:00 0 
14d758000000-14d75bff1000 rw-p 00000000 00:00 0 
14d75bff1000-14d75c000000 ---p 00000000 00:00 0 
14d768000000-14d76bff6000 rw-p 00000000 00:00 0 
14d76bff6000-14d76c000000 ---p 00000000 00:00 0 
14d77c000000-14d77ffff000 rw-p 00000000 00:00 0 
14d77ffff000-14d780000000 ---p 00000000 00:00 0 
14d790000000-14d793fff000 rw-p 00000000 00:00 0 
14d793fff000-14d794000000 ---p 00000000 00:00 0 
14d7a4000000-14d7a7ffd000 rw-p 00000000 00:00 0 
14d7a7ffd000-14d7a8000000 ---p 00000000 00:00 0 
14d7b8000000-14d7bbffe000 rw-p 00000000 00:00 0 
14d7bbffe000-14d7bc000000 ---p 00000000 00:00 0 
14d7cc000000-14d7cfff7000 rw-p 00000000 00:00 0 
14d7cfff7000-14d7d0000000 ---p 00000000 00:00 0 
14d7e0000000-14d7e4000000 rw-p 00000000 00:00 0 
14d7f4000000-14d7f7ff6000 rw-p 00000000 00:00 0 
14d7f7ff6000-14d7f8000000 ---p 00000000 00:00 0 
14d808000000-14d80bff9000 rw-p 00000000 00:00 0 
14d80bff9000-14d80c000000 ---p 00000000 00:00 0 
14d818000000-14d81bff5000 rw-p 00000000 00:00 0 
14d81bff5000-14d81c000000 ---p 00000000 00:00 0 
14d828000000-14d82bff2000 rw-p 00000000 00:00 0 
14d82bff2000-14d82c000000 ---p 00000000 00:00 0 
14d838000000-14d83bffe000 rw-p 00000000 00:00 0 
14d83bffe000-14d83c000000 ---p 00000000 00:00 0 
14d84c000000-14d84fff7000 rw-p 00000000 00:00 0 
14d84fff7000-14d850000000 ---p 00000000 00:00 0 
14d85c000000-14d85fff1000 rw-p 00000000 00:00 0 
14d85fff1000-14d860000000 ---p 00000000 00:00 0 
14d86c000000-14d86fff7000 rw-p 00000000 00:00 0 
14d86fff7000-14d870000000 ---p 00000000 00:00 0 
14d87c000000-14d87fffd000 rw-p 00000000 00:00 0 
14d87fffd000-14d880000000 ---p 00000000 00:00 0 
14d890000000-14d893ff6000 rw-p 00000000 00:00 0 
14d893ff6000-14d894000000 ---p 00000000 00:00 0 
14d8a0000000-14d8a3ff6000 rw-p 00000000 00:00 0 
14d8a3ff6000-14d8a4000000 ---p 00000000 00:00 0 
14d8b0000000-14d8b3ff5000 rw-p 00000000 00:00 0 
14d8b3ff5000-14d8b4000000 ---p 00000000 00:00 0 
14d8c4000000-14d8c7ffa000 rw-p 00000000 00:00 0 
14d8c7ffa000-14d8c8000000 ---p 00000000 00:00 0 
14d8d4000000-14d8d7ff5000 rw-p 00000000 00:00 0 
14d8d7ff5000-14d8d8000000 ---p 00000000 00:00 0 
14d8e8000000-14d8ebff8000 rw-p 00000000 00:00 0 
14d8ebff8000-14d8ec000000 ---p 00000000 00:00 0 
14d8f8000000-14d8fbff9000 rw-p 00000000 00:00 0 
14d8fbff9000-14d8fc000000 ---p 00000000 00:00 0 
14d90c000000-14d90fffa000 rw-p 00000000 00:00 0 
14d90fffa000-14d910000000 ---p 00000000 00:00 0 
14d91c000000-14d91fffd000 rw-p 00000000 00:00 0 
14d91fffd000-14d920000000 ---p 00000000 00:00 0 
14d930000000-14d933ff5000 rw-p 00000000 00:00 0 
14d933ff5000-14d934000000 ---p 00000000 00:00 0 
14d940000000-14d943ffc000 rw-p 00000000 00:00 0 
14d943ffc000-14d944000000 ---p 00000000 00:00 0 
14d954000000-14d957ff9000 rw-p 00000000 00:00 0 
14d957ff9000-14d958000000 ---p 00000000 00:00 0 
14d964000000-14d967ffc000 rw-p 00000000 00:00 0 
14d967ffc000-14d968000000 ---p 00000000 00:00 0 
14d978000000-14d97bffd000 rw-p 00000000 00:00 0 
14d97bffd000-14d97c000000 ---p 00000000 00:00 0 
14d98c000000-14d98fff4000 rw-p 00000000 00:00 0 
14d98fff4000-14d990000000 ---p 00000000 00:00 0 
14d99c000000-14d99fff1000 rw-p 00000000 00:00 0 
14d99fff1000-14d9a0000000 ---p 00000000 00:00 0 
14d9b0000000-14d9b3ff4000 rw-p 00000000 00:00 0 
14d9b3ff4000-14d9b4000000 ---p 00000000 00:00 0 
14d9c4000000-14d9c7ff3000 rw-p 00000000 00:00 0 
14d9c7ff3000-14d9c8000000 ---p 00000000 00:00 0 
14d9d4000000-14d9d7ffb000 rw-p 00000000 00:00 0 
14d9d7ffb000-14d9d8000000 ---p 00000000 00:00 0 
14d9e8000000-14d9ebff6000 rw-p 00000000 00:00 0 
14d9ebff6000-14d9ec000000 ---p 00000000 00:00 0 
14d9fc000000-14d9ffffb000 rw-p 00000000 00:00 0 
14d9ffffb000-14da00000000 ---p 00000000 00:00 0 
14da10000000-14da13ff2000 rw-p 00000000 00:00 0 
14da13ff2000-14da14000000 ---p 00000000 00:00 0 
14da20000000-14da23ffa000 rw-p 00000000 00:00 0 
14da23ffa000-14da24000000 ---p 00000000 00:00 0 
14da34000000-14da37ff1000 rw-p 00000000 00:00 0 
14da37ff1000-14da38000000 ---p 00000000 00:00 0 
14da48000000-14da4bff6000 rw-p 00000000 00:00 0 
14da4bff6000-14da4c000000 ---p 00000000 00:00 0 
14da5c000000-14da5fff5000 rw-p 00000000 00:00 0 
14da5fff5000-14da60000000 ---p 00000000 00:00 0 
14da6c8bb000-14da6c8bc000 ---p 00000000 00:00 0 
14da6c8bc000-14da6c9bd000 rw-p 00000000 00:00 0 
14da6c9bd000-14da6c9be000 ---p 00000000 00:00 0 
14da6c9be000-14da6cabf000 rw-p 00000000 00:00 0 
14da6cabf000-14da6cac0000 ---p 00000000 00:00 0 
14da6cac0000-14da6cbc1000 rw-p 00000000 00:00 0 
14da6cbc1000-14da6cbc2000 ---p 00000000 00:00 0 
14da6cbc2000-14da6ccc3000 rw-p 00000000 00:00 0 
14da6ccc3000-14da6ccc4000 ---p 00000000 00:00 0 
14da6ccc4000-14da6cdc5000 rw-p 00000000 00:00 0 
14da6cdc5000-14da6cdc6000 ---p 00000000 00:00 0 
14da6cdc6000-14da6cec7000 rw-p 00000000 00:00 0 
14da6cec7000-14da6cec8000 ---p 00000000 00:00 0 
14da6cec8000-14da6cfc9000 rw-p 00000000 00:00 0 
14da6cfc9000-14da6cfca000 ---p 00000000 00:00 0 
14da6cfca000-14da6d0cb000 rw-p 00000000 00:00 0 
14da6d0cb000-14da6d0cc000 ---p 00000000 00:00 0 
14da6d0cc000-14da6d1cd000 rw-p 00000000 00:00 0 
14da6d1cd000-14da6d1ce000 ---p 00000000 00:00 0 
14da6d1ce000-14da6d2cf000 rw-p 00000000 00:00 0 
14da6d2cf000-14da6d2d0000 ---p 00000000 00:00 0 
14da6d2d0000-14da6d3d1000 rw-p 00000000 00:00 0 
14da6d3d1000-14da6d3d2000 ---p 00000000 00:00 0 
14da6d3d2000-14da6d4d3000 rw-p 00000000 00:00 0 
14da6d4d3000-14da6d4d4000 ---p 00000000 00:00 0 
14da6d4d4000-14da6d5d5000 rw-p 00000000 00:00 0 
14da6d5d5000-14da6d5d6000 ---p 00000000 00:00 0 
14da6d5d6000-14da6d6d7000 rw-p 00000000 00:00 0 
14da70000000-14da73ff3000 rw-p 00000000 00:00 0 
14da73ff3000-14da74000000 ---p 00000000 00:00 0 
14da80000000-14da800f6000 rw-p 00000000 00:00 0 
14da800f6000-14da84000000 ---p 00000000 00:00 0 
14da84000000-14da840f6000 rw-p 00000000 00:00 0 
14da840f6000-14da88000000 ---p 00000000 00:00 0 
14da88000000-14da88100000 rw-p 00000000 00:00 0 
14da88100000-14da8c000000 ---p 00000000 00:00 0 
14da8c000000-14da8c0f9000 rw-p 00000000 00:00 0 
14da8c0f9000-14da90000000 ---p 00000000 00:00 0 
14da90000000-14da900f9000 rw-p 00000000 00:00 0 
14da900f9000-14da94000000 ---p 00000000 00:00 0 
14da94000000-14da940fe000 rw-p 00000000 00:00 0 
14da940fe000-14da98000000 ---p 00000000 00:00 0 
14da98000000-14da980fc000 rw-p 00000000 00:00 0 
14da980fc000-14da9c000000 ---p 00000000 00:00 0 
14da9c000000-14da9c0f7000 rw-p 00000000 00:00 0 
14da9c0f7000-14daa0000000 ---p 00000000 00:00 0 
14daa0000000-14daa00ff000 rw-p 00000000 00:00 0 
14daa00ff000-14daa4000000 ---p 00000000 00:00 0 
14daa4000000-14daa40f6000 rw-p 00000000 00:00 0 
14daa40f6000-14daa8000000 ---p 00000000 00:00 0 
14daa8000000-14daa80f9000 rw-p 00000000 00:00 0 
14daa80f9000-14daac000000 ---p 00000000 00:00 0 
14daac000000-14daac100000 rw-p 00000000 00:00 0 
14daac100000-14dab0000000 ---p 00000000 00:00 0 
14dab0000000-14dab00f9000 rw-p 00000000 00:00 0 
14dab00f9000-14dab4000000 ---p 00000000 00:00 0 
14dab4000000-14dab4103000 rw-p 00000000 00:00 0 
14dab4103000-14dab8000000 ---p 00000000 00:00 0 
14dab8000000-14dab80fc000 rw-p 00000000 00:00 0 
14dab80fc000-14dabc000000 ---p 00000000 00:00 0 
14dabc000000-14dabc0f7000 rw-p 00000000 00:00 0 
14dabc0f7000-14dac0000000 ---p 00000000 00:00 0 
14dac0000000-14dac00f2000 rw-p 00000000 00:00 0 
14dac00f2000-14dac4000000 ---p 00000000 00:00 0 
14dac4000000-14dac40f9000 rw-p 00000000 00:00 0 
14dac40f9000-14dac8000000 ---p 00000000 00:00 0 
14dac8000000-14dac80fe000 rw-p 00000000 00:00 0 
14dac80fe000-14dacc000000 ---p 00000000 00:00 0 
14dacc000000-14dacc0f9000 rw-p 00000000 00:00 0 
14dacc0f9000-14dad0000000 ---p 00000000 00:00 0 
14dad0000000-14dad00ff000 rw-p 00000000 00:00 0 
14dad00ff000-14dad4000000 ---p 00000000 00:00 0 
14dad4000000-14dad4104000 rw-p 00000000 00:00 0 
14dad4104000-14dad8000000 ---p 00000000 00:00 0 
14dad8000000-14dad80fe000 rw-p 00000000 00:00 0 
14dad80fe000-14dadc000000 ---p 00000000 00:00 0 
14dadc000000-14dadc0fd000 rw-p 00000000 00:00 0 
14dadc0fd000-14dae0000000 ---p 00000000 00:00 0 
14dae4000000-14dae40fe000 rw-p 00000000 00:00 0 
14dae40fe000-14dae8000000 ---p 00000000 00:00 0 
14dae8000000-14dae80f8000 rw-p 00000000 00:00 0 
14dae80f8000-14daec000000 ---p 00000000 00:00 0 
14daec000000-14daec0fa000 rw-p 00000000 00:00 0 
14daec0fa000-14daf0000000 ---p 00000000 00:00 0 
14daf0000000-14daf00fd000 rw-p 00000000 00:00 0 
14daf00fd000-14daf4000000 ---p 00000000 00:00 0 
14daf4000000-14daf4104000 rw-p 00000000 00:00 0 
14daf4104000-14daf8000000 ---p 00000000 00:00 0 
14daf8000000-14daf80fd000 rw-p 00000000 00:00 0 
14daf80fd000-14dafc000000 ---p 00000000 00:00 0 
14dafc000000-14dafc0fb000 rw-p 00000000 00:00 0 
14dafc0fb000-14db00000000 ---p 00000000 00:00 0 
14db00000000-14db000ff000 rw-p 00000000 00:00 0 
14db000ff000-14db04000000 ---p 00000000 00:00 0 
14db04000000-14db04102000 rw-p 00000000 00:00 0 
14db04102000-14db08000000 ---p 00000000 00:00 0 
14db08000000-14db08102000 rw-p 00000000 00:00 0 
14db08102000-14db0c000000 ---p 00000000 00:00 0 
14db0c000000-14db0c0fd000 rw-p 00000000 00:00 0 
14db0c0fd000-14db10000000 ---p 00000000 00:00 0 
14db10000000-14db100fa000 rw-p 00000000 00:00 0 
14db100fa000-14db14000000 ---p 00000000 00:00 0 
14db14000000-14db140f6000 rw-p 00000000 00:00 0 
14db140f6000-14db18000000 ---p 00000000 00:00 0 
14db18000000-14db180fb000 rw-p 00000000 00:00 0 
14db180fb000-14db1c000000 ---p 00000000 00:00 0 
14db1c000000-14db1c0ff000 rw-p 00000000 00:00 0 
14db1c0ff000-14db20000000 ---p 00000000 00:00 0 
14db20000000-14db23ff3000 rw-p 00000000 00:00 0 
14db23ff3000-14db24000000 ---p 00000000 00:00 0 
14db24000000-14db240fc000 rw-p 00000000 00:00 0 
14db240fc000-14db28000000 ---p 00000000 00:00 0 
14db28000000-14db28105000 rw-p 00000000 00:00 0 
14db28105000-14db2c000000 ---p 00000000 00:00 0 
14db2c000000-14db2c105000 rw-p 00000000 00:00 0 
14db2c105000-14db30000000 ---p 00000000 00:00 0 
14db30000000-14db300f9000 rw-p 00000000 00:00 0 
14db300f9000-14db34000000 ---p 00000000 00:00 0 
14db34000000-14db340fe000 rw-p 00000000 00:00 0 
14db340fe000-14db38000000 ---p 00000000 00:00 0 
14db38000000-14db38100000 rw-p 00000000 00:00 0 
14db38100000-14db3c000000 ---p 00000000 00:00 0 
14db3c000000-14db3c0fc000 rw-p 00000000 00:00 0 
14db3c0fc000-14db40000000 ---p 00000000 00:00 0 
14db40000000-14db400f8000 rw-p 00000000 00:00 0 
14db400f8000-14db44000000 ---p 00000000 00:00 0 
14db44000000-14db440fd000 rw-p 00000000 00:00 0 
14db440fd000-14db48000000 ---p 00000000 00:00 0 
14db48000000-14db48101000 rw-p 00000000 00:00 0 
14db48101000-14db4c000000 ---p 00000000 00:00 0 
14db4c000000-14db4c0fc000 rw-p 00000000 00:00 0 
14db4c0fc000-14db50000000 ---p 00000000 00:00 0 
14db50000000-14db500fe000 rw-p 00000000 00:00 0 
14db500fe000-14db54000000 ---p 00000000 00:00 0 
14db54000000-14db540ed000 rw-p 00000000 00:00 0 
14db540ed000-14db58000000 ---p 00000000 00:00 0 
14db58000000-14db580f9000 rw-p 00000000 00:00 0 
14db580f9000-14db5c000000 ---p 00000000 00:00 0 
14db5c000000-14db5c105000 rw-p 00000000 00:00 0 
14db5c105000-14db60000000 ---p 00000000 00:00 0 
14db60000000-14db600fc000 rw-p 00000000 00:00 0 
14db600fc000-14db64000000 ---p 00000000 00:00 0 
14db64000000-14db640fd000 rw-p 00000000 00:00 0 
14db640fd000-14db68000000 ---p 00000000 00:00 0 
14db68000000-14db680f9000 rw-p 00000000 00:00 0 
14db680f9000-14db6c000000 ---p 00000000 00:00 0 
14db6c000000-14db6c0f6000 rw-p 00000000 00:00 0 
14db6c0f6000-14db70000000 ---p 00000000 00:00 0 
14db70000000-14db70193000 rw-p 00000000 00:00 0 
14db70193000-14db74000000 ---p 00000000 00:00 0 
14db74000000-14db74100000 rw-p 00000000 00:00 0 
14db74100000-14db78000000 ---p 00000000 00:00 0 
14db78000000-14db780fa000 rw-p 00000000 00:00 0 
14db780fa000-14db7c000000 ---p 00000000 00:00 0 
14db7c000000-14db7c0fc000 rw-p 00000000 00:00 0 
14db7c0fc000-14db80000000 ---p 00000000 00:00 0 
14db80000000-14db80101000 rw-p 00000000 00:00 0 
14db80101000-14db84000000 ---p 00000000 00:00 0 
14db84000000-14db840f9000 rw-p 00000000 00:00 0 
14db840f9000-14db88000000 ---p 00000000 00:00 0 
14db88000000-14db880f5000 rw-p 00000000 00:00 0 
14db880f5000-14db8c000000 ---p 00000000 00:00 0 
14db8c000000-14db8c103000 rw-p 00000000 00:00 0 
14db8c103000-14db90000000 ---p 00000000 00:00 0 
14db90000000-14db900fd000 rw-p 00000000 00:00 0 
14db900fd000-14db94000000 ---p 00000000 00:00 0 
14db94000000-14db940f5000 rw-p 00000000 00:00 0 
14db940f5000-14db98000000 ---p 00000000 00:00 0 
14db98000000-14db980f6000 rw-p 00000000 00:00 0 
14db980f6000-14db9c000000 ---p 00000000 00:00 0 
14db9c000000-14db9c0fa000 rw-p 00000000 00:00 0 
14db9c0fa000-14dba0000000 ---p 00000000 00:00 0 
14dba0000000-14dba0102000 rw-p 00000000 00:00 0 
14dba0102000-14dba4000000 ---p 00000000 00:00 0 
14dba4000000-14dba40f7000 rw-p 00000000 00:00 0 
14dba40f7000-14dba8000000 ---p 00000000 00:00 0 
14dba8000000-14dba80fe000 rw-p 00000000 00:00 0 
14dba80fe000-14dbac000000 ---p 00000000 00:00 0 
14dbac000000-14dbac0fb000 rw-p 00000000 00:00 0 
14dbac0fb000-14dbb0000000 ---p 00000000 00:00 0 
14dbb0000000-14dbb0100000 rw-p 00000000 00:00 0 
14dbb0100000-14dbb4000000 ---p 00000000 00:00 0 
14dbb4000000-14dbb4104000 rw-p 00000000 00:00 0 
14dbb4104000-14dbb8000000 ---p 00000000 00:00 0 
14dbb8000000-14dbb80fa000 rw-p 00000000 00:00 0 
14dbb80fa000-14dbbc000000 ---p 00000000 00:00 0 
14dbbc000000-14dbbc0f8000 rw-p 00000000 00:00 0 
14dbbc0f8000-14dbc0000000 ---p 00000000 00:00 0 
14dbc0000000-14dbc00f5000 rw-p 00000000 00:00 0 
14dbc00f5000-14dbc4000000 ---p 00000000 00:00 0 
14dbc4000000-14dbc4103000 rw-p 00000000 00:00 0 
14dbc4103000-14dbc8000000 ---p 00000000 00:00 0 
14dbc8000000-14dbc80fe000 rw-p 00000000 00:00 0 
14dbc80fe000-14dbcc000000 ---p 00000000 00:00 0 
14dbcc000000-14dbcc251000 rw-p 00000000 00:00 0 
14dbcc251000-14dbd0000000 ---p 00000000 00:00 0 
14dbd0000000-14dbd00fd000 rw-p 00000000 00:00 0 
14dbd00fd000-14dbd4000000 ---p 00000000 00:00 0 
14dbd4000000-14dbd40f5000 rw-p 00000000 00:00 0 
14dbd40f5000-14dbd8000000 ---p 00000000 00:00 0 
14dbd8000000-14dbd80ff000 rw-p 00000000 00:00 0 
14dbd80ff000-14dbdc000000 ---p 00000000 00:00 0 
14dbdc000000-14dbdc1c1000 rw-p 00000000 00:00 0 
14dbdc1c1000-14dbe0000000 ---p 00000000 00:00 0 
14dbe4000000-14dbe40ff000 rw-p 00000000 00:00 0 
14dbe40ff000-14dbe8000000 ---p 00000000 00:00 0 
14dbe8000000-14dbe80f5000 rw-p 00000000 00:00 0 
14dbe80f5000-14dbec000000 ---p 00000000 00:00 0 
14dbec000000-14dbec102000 rw-p 00000000 00:00 0 
14dbec102000-14dbf0000000 ---p 00000000 00:00 0 
14dbf0000000-14dbf013b000 rw-p 00000000 00:00 0 
14dbf013b000-14dbf4000000 ---p 00000000 00:00 0 
14dbf4000000-14dbf40fa000 rw-p 00000000 00:00 0 
14dbf40fa000-14dbf8000000 ---p 00000000 00:00 0 
14dbf8000000-14dbf8104000 rw-p 00000000 00:00 0 
14dbf8104000-14dbfc000000 ---p 00000000 00:00 0 
14dbfc000000-14dbfc487000 rw-p 00000000 00:00 0 
14dbfc487000-14dc00000000 ---p 00000000 00:00 0 
14dc00000000-14dc00100000 rw-p 00000000 00:00 0 
14dc00100000-14dc04000000 ---p 00000000 00:00 0 
14dc04000000-14dc04100000 rw-p 00000000 00:00 0 
14dc04100000-14dc08000000 ---p 00000000 00:00 0 
14dc08000000-14dc08103000 rw-p 00000000 00:00 0 
14dc08103000-14dc0c000000 ---p 00000000 00:00 0 
14dc0c000000-14dc0c101000 rw-p 00000000 00:00 0 
14dc0c101000-14dc10000000 ---p 00000000 00:00 0 
14dc10000000-14dc10100000 rw-p 00000000 00:00 0 
14dc10100000-14dc14000000 ---p 00000000 00:00 0 
14dc14000000-14dc140ff000 rw-p 00000000 00:00 0 
14dc140ff000-14dc18000000 ---p 00000000 00:00 0 
14dc18000000-14dc180fa000 rw-p 00000000 00:00 0 
14dc180fa000-14dc1c000000 ---p 00000000 00:00 0 
14dc1c000000-14dc1c100000 rw-p 00000000 00:00 0 
14dc1c100000-14dc20000000 ---p 00000000 00:00 0 
14dc20000000-14dc20104000 rw-p 00000000 00:00 0 
14dc20104000-14dc24000000 ---p 00000000 00:00 0 
14dc24000000-14dc240fc000 rw-p 00000000 00:00 0 
14dc240fc000-14dc28000000 ---p 00000000 00:00 0 
14dc28000000-14dc283e6000 rw-p 00000000 00:00 0 
14dc283e6000-14dc2c000000 ---p 00000000 00:00 0 
14dc2c000000-14dc2c0ff000 rw-p 00000000 00:00 0 
14dc2c0ff000-14dc30000000 ---p 00000000 00:00 0 
14dc30000000-14dc30100000 rw-p 00000000 00:00 0 
14dc30100000-14dc34000000 ---p 00000000 00:00 0 
14dc34000000-14dc34106000 rw-p 00000000 00:00 0 
14dc34106000-14dc38000000 ---p 00000000 00:00 0 
14dc38000000-14dc38125000 rw-p 00000000 00:00 0 
14dc38125000-14dc3c000000 ---p 00000000 00:00 0 
14dc3c000000-14dc3c101000 rw-p 00000000 00:00 0 
14dc3c101000-14dc40000000 ---p 00000000 00:00 0 
14dc40000000-14dc40103000 rw-p 00000000 00:00 0 
14dc40103000-14dc44000000 ---p 00000000 00:00 0 
14dc44000000-14dc440fd000 rw-p 00000000 00:00 0 
14dc440fd000-14dc48000000 ---p 00000000 00:00 0 
14dc48000000-14dc48101000 rw-p 00000000 00:00 0 
14dc48101000-14dc4c000000 ---p 00000000 00:00 0 
14dc4c000000-14dc4c0fb000 rw-p 00000000 00:00 0 
14dc4c0fb000-14dc50000000 ---p 00000000 00:00 0 
14dc50000000-14dc50102000 rw-p 00000000 00:00 0 
14dc50102000-14dc54000000 ---p 00000000 00:00 0 
14dc54000000-14dc54106000 rw-p 00000000 00:00 0 
14dc54106000-14dc58000000 ---p 00000000 00:00 0 
14dc58000000-14dc58101000 rw-p 00000000 00:00 0 
14dc58101000-14dc5c000000 ---p 00000000 00:00 0 
14dc5c000000-14dc5c3c1000 rw-p 00000000 00:00 0 
14dc5c3c1000-14dc60000000 ---p 00000000 00:00 0 
14dc60000000-14dc6168f000 rw-p 00000000 00:00 0 
14dc6168f000-14dc64000000 ---p 00000000 00:00 0 
14dc64000000-14dc64a5f000 rw-p 00000000 00:00 0 
14dc64a5f000-14dc68000000 ---p 00000000 00:00 0 
14dc68000000-14dc68d24000 rw-p 00000000 00:00 0 
14dc68d24000-14dc6c000000 ---p 00000000 00:00 0 
14dc6c000000-14dc6d5e9000 rw-p 00000000 00:00 0 
14dc6d5e9000-14dc70000000 ---p 00000000 00:00 0 
14dc70000000-14dc701d5000 rw-p 00000000 00:00 0 
14dc701d5000-14dc74000000 ---p 00000000 00:00 0 
14dc74000000-14dc74108000 rw-p 00000000 00:00 0 
14dc74108000-14dc78000000 ---p 00000000 00:00 0 
14dc78000000-14dc78106000 rw-p 00000000 00:00 0 
14dc78106000-14dc7c000000 ---p 00000000 00:00 0 
14dc7c000000-14dc7c100000 rw-p 00000000 00:00 0 
14dc7c100000-14dc80000000 ---p 00000000 00:00 0 
14dc80000000-14dc80104000 rw-p 00000000 00:00 0 
14dc80104000-14dc84000000 ---p 00000000 00:00 0 
14dc84000000-14dc840f7000 rw-p 00000000 00:00 0 
14dc840f7000-14dc88000000 ---p 00000000 00:00 0 
14dc88000000-14dc880ff000 rw-p 00000000 00:00 0 
14dc880ff000-14dc8c000000 ---p 00000000 00:00 0 
14dc8c000000-14dc8c100000 rw-p 00000000 00:00 0 
14dc8c100000-14dc90000000 ---p 00000000 00:00 0 
14dc90000000-14dc900fa000 rw-p 00000000 00:00 0 
14dc900fa000-14dc94000000 ---p 00000000 00:00 0 
14dc94000000-14dc940fd000 rw-p 00000000 00:00 0 
14dc940fd000-14dc98000000 ---p 00000000 00:00 0 
14dc98000000-14dc98103000 rw-p 00000000 00:00 0 
14dc98103000-14dc9c000000 ---p 00000000 00:00 0 
14dc9c000000-14dc9c0f6000 rw-p 00000000 00:00 0 
14dc9c0f6000-14dca0000000 ---p 00000000 00:00 0 
14dca0000000-14dca0356000 rw-p 00000000 00:00 0 
14dca0356000-14dca4000000 ---p 00000000 00:00 0 
14dca4000000-14dca40fe000 rw-p 00000000 00:00 0 
14dca40fe000-14dca8000000 ---p 00000000 00:00 0 
14dca8000000-14dca80f8000 rw-p 00000000 00:00 0 
14dca80f8000-14dcac000000 ---p 00000000 00:00 0 
14dcac000000-14dcac104000 rw-p 00000000 00:00 0 
14dcac104000-14dcb0000000 ---p 00000000 00:00 0 
14dcb0000000-14dcb00ff000 rw-p 00000000 00:00 0 
14dcb00ff000-14dcb4000000 ---p 00000000 00:00 0 
14dcb4000000-14dcb4101000 rw-p 00000000 00:00 0 
14dcb4101000-14dcb8000000 ---p 00000000 00:00 0 
14dcb8000000-14dcb8100000 rw-p 00000000 00:00 0 
14dcb8100000-14dcbc000000 ---p 00000000 00:00 0 
14dcbc000000-14dcbc0f7000 rw-p 00000000 00:00 0 
14dcbc0f7000-14dcc0000000 ---p 00000000 00:00 0 
14dcc0000000-14dcc0104000 rw-p 00000000 00:00 0 
14dcc0104000-14dcc4000000 ---p 00000000 00:00 0 
14dcc4000000-14dcc4165000 rw-p 00000000 00:00 0 
14dcc4165000-14dcc8000000 ---p 00000000 00:00 0 
14dcc8000000-14dcc80ff000 rw-p 00000000 00:00 0 
14dcc80ff000-14dccc000000 ---p 00000000 00:00 0 
14dccc000000-14dccc102000 rw-p 00000000 00:00 0 
14dccc102000-14dcd0000000 ---p 00000000 00:00 0 
14dcd0000000-14dcd0108000 rw-p 00000000 00:00 0 
14dcd0108000-14dcd4000000 ---p 00000000 00:00 0 
14dcd4000000-14dcd40fe000 rw-p 00000000 00:00 0 
14dcd40fe000-14dcd8000000 ---p 00000000 00:00 0 
14dcd8000000-14dcd8103000 rw-p 00000000 00:00 0 
14dcd8103000-14dcdc000000 ---p 00000000 00:00 0 
14dcdc000000-14dcdc103000 rw-p 00000000 00:00 0 
14dcdc103000-14dce0000000 ---p 00000000 00:00 0 
14dce4000000-14dce4194000 rw-p 00000000 00:00 0 
14dce4194000-14dce8000000 ---p 00000000 00:00 0 
14dce8000000-14dce82f7000 rw-p 00000000 00:00 0 
14dce82f7000-14dcec000000 ---p 00000000 00:00 0 
14dcec000000-14dcec298000 rw-p 00000000 00:00 0 
14dcec298000-14dcf0000000 ---p 00000000 00:00 0 
14dcf0000000-14dcf01d9000 rw-p 00000000 00:00 0 
14dcf01d9000-14dcf4000000 ---p 00000000 00:00 0 
14dcf4000000-14dcf46bc000 rw-p 00000000 00:00 0 
14dcf46bc000-14dcf8000000 ---p 00000000 00:00 0 
14dcf8000000-14dcf919e000 rw-p 00000000 00:00 0 
14dcf919e000-14dcfc000000 ---p 00000000 00:00 0 
14dcfc000000-14dcfc1cc000 rw-p 00000000 00:00 0 
14dcfc1cc000-14dd00000000 ---p 00000000 00:00 0 
14dd00000000-14dd001ba000 rw-p 00000000 00:00 0 
14dd001ba000-14dd04000000 ---p 00000000 00:00 0 
14dd04000000-14dd04204000 rw-p 00000000 00:00 0 
14dd04204000-14dd08000000 ---p 00000000 00:00 0 
14dd08000000-14dd081b7000 rw-p 00000000 00:00 0 
14dd081b7000-14dd0c000000 ---p 00000000 00:00 0 
14dd0c000000-14dd0c192000 rw-p 00000000 00:00 0 
14dd0c192000-14dd10000000 ---p 00000000 00:00 0 
14dd10000000-14dd101a5000 rw-p 00000000 00:00 0 
14dd101a5000-14dd14000000 ---p 00000000 00:00 0 
14dd14000000-14dd1419f000 rw-p 00000000 00:00 0 
14dd1419f000-14dd18000000 ---p 00000000 00:00 0 
14dd18000000-14dd18218000 rw-p 00000000 00:00 0 
14dd18218000-14dd1c000000 ---p 00000000 00:00 0 
14dd1c000000-14dd1c1f8000 rw-p 00000000 00:00 0 
14dd1c1f8000-14dd20000000 ---p 00000000 00:00 0 
14dd20000000-14dd201bf000 rw-p 00000000 00:00 0 
14dd201bf000-14dd24000000 ---p 00000000 00:00 0 
14dd24000000-14dd24196000 rw-p 00000000 00:00 0 
14dd24196000-14dd28000000 ---p 00000000 00:00 0 
14dd28000000-14dd281f0000 rw-p 00000000 00:00 0 
14dd281f0000-14dd2c000000 ---p 00000000 00:00 0 
14dd2c000000-14dd2c230000 rw-p 00000000 00:00 0 
14dd2c230000-14dd30000000 ---p 00000000 00:00 0 
14dd30000000-14dd30203000 rw-p 00000000 00:00 0 
14dd30203000-14dd34000000 ---p 00000000 00:00 0 
14dd34000000-14dd341b9000 rw-p 00000000 00:00 0 
14dd341b9000-14dd38000000 ---p 00000000 00:00 0 
14dd38000000-14dd38204000 rw-p 00000000 00:00 0 
14dd38204000-14dd3c000000 ---p 00000000 00:00 0 
14dd3c000000-14dd3c1e8000 rw-p 00000000 00:00 0 
14dd3c1e8000-14dd40000000 ---p 00000000 00:00 0 
14dd40000000-14dd401b4000 rw-p 00000000 00:00 0 
14dd401b4000-14dd44000000 ---p 00000000 00:00 0 
14dd44000000-14dd441db000 rw-p 00000000 00:00 0 
14dd441db000-14dd48000000 ---p 00000000 00:00 0 
14dd48000000-14dd4822d000 rw-p 00000000 00:00 0 
14dd4822d000-14dd4c000000 ---p 00000000 00:00 0 
14dd4c000000-14dd4c0fd000 rw-p 00000000 00:00 0 
14dd4c0fd000-14dd50000000 ---p 00000000 00:00 0 
14dd50000000-14dd50137000 rw-p 00000000 00:00 0 
14dd50137000-14dd54000000 ---p 00000000 00:00 0 
14dd54000000-14dd57fff000 rw-p 00000000 00:00 0 
14dd57fff000-14dd58000000 ---p 00000000 00:00 0 
14dd58000000-14dd5830b000 rw-p 00000000 00:00 0 
14dd5830b000-14dd5c000000 ---p 00000000 00:00 0 
14dd5c000000-14dd5dfcb000 rw-p 00000000 00:00 0 
14dd5dfcb000-14dd60000000 ---p 00000000 00:00 0 
14dd60000000-14dd63b72000 rw-p 00000000 00:00 0 
14dd63b72000-14dd64000000 ---p 00000000 00:00 0 
14dd64000000-14dd64315000 rw-p 00000000 00:00 0 
14dd64315000-14dd68000000 ---p 00000000 00:00 0 
14dd68000000-14dd68b08000 rw-p 00000000 00:00 0 
14dd68b08000-14dd6c000000 ---p 00000000 00:00 0 
14dd6c000000-14dd6c20e000 rw-p 00000000 00:00 0 
14dd6c20e000-14dd70000000 ---p 00000000 00:00 0 
14dd70000000-14dd7020d000 rw-p 00000000 00:00 0 
14dd7020d000-14dd74000000 ---p 00000000 00:00 0 
14dd74000000-14dd741d4000 rw-p 00000000 00:00 0 
14dd741d4000-14dd78000000 ---p 00000000 00:00 0 
14dd78000000-14dd781b0000 rw-p 00000000 00:00 0 
14dd781b0000-14dd7c000000 ---p 00000000 00:00 0 
14dd7c000000-14dd7c121000 rw-p 00000000 00:00 0 
14dd7c121000-14dd80000000 ---p 00000000 00:00 0 
14dd80000000-14dd80157000 rw-p 00000000 00:00 0 
14dd80157000-14dd84000000 ---p 00000000 00:00 0 
14dd84000000-14dd84118000 rw-p 00000000 00:00 0 
14dd84118000-14dd88000000 ---p 00000000 00:00 0 
14dd88000000-14dd88123000 rw-p 00000000 00:00 0 
14dd88123000-14dd8c000000 ---p 00000000 00:00 0 
14dd8c000000-14dd8cbce000 rw-p 00000000 00:00 0 
14dd8cbce000-14dd90000000 ---p 00000000 00:00 0 
14dd90000000-14dd90109000 rw-p 00000000 00:00 0 
14dd90109000-14dd94000000 ---p 00000000 00:00 0 
14dd94000000-14dd94845000 rw-p 00000000 00:00 0 
14dd94845000-14dd98000000 ---p 00000000 00:00 0 
14dd98000000-14dd9891c000 rw-p 00000000 00:00 0 
14dd9891c000-14dd9c000000 ---p 00000000 00:00 0 
14dd9c000000-14dd9c0fd000 rw-p 00000000 00:00 0 
14dd9c0fd000-14dda0000000 ---p 00000000 00:00 0 
14dda0000000-14dda00f5000 rw-p 00000000 00:00 0 
14dda00f5000-14dda4000000 ---p 00000000 00:00 0 
14dda4000000-14dda40f7000 rw-p 00000000 00:00 0 
14dda40f7000-14dda8000000 ---p 00000000 00:00 0 
14dda8000000-14dda80f0000 rw-p 00000000 00:00 0 
14dda80f0000-14ddac000000 ---p 00000000 00:00 0 
14ddac000000-14ddac0f0000 rw-p 00000000 00:00 0 
14ddac0f0000-14ddb0000000 ---p 00000000 00:00 0 
14ddb0000000-14ddb00f7000 rw-p 00000000 00:00 0 
14ddb00f7000-14ddb4000000 ---p 00000000 00:00 0 
14ddb4000000-14ddb4103000 rw-p 00000000 00:00 0 
14ddb4103000-14ddb8000000 ---p 00000000 00:00 0 
14ddb8000000-14ddb80f7000 rw-p 00000000 00:00 0 
14ddb80f7000-14ddbc000000 ---p 00000000 00:00 0 
14ddbc000000-14ddbc0f4000 rw-p 00000000 00:00 0 
14ddbc0f4000-14ddc0000000 ---p 00000000 00:00 0 
14ddc0000000-14ddc00f2000 rw-p 00000000 00:00 0 
14ddc00f2000-14ddc4000000 ---p 00000000 00:00 0 
14ddc4000000-14ddc40fb000 rw-p 00000000 00:00 0 
14ddc40fb000-14ddc8000000 ---p 00000000 00:00 0 
14ddc8000000-14ddc80fa000 rw-p 00000000 00:00 0 
14ddc80fa000-14ddcc000000 ---p 00000000 00:00 0 
14ddcc000000-14ddcc0fa000 rw-p 00000000 00:00 0 
14ddcc0fa000-14ddd0000000 ---p 00000000 00:00 0 
14ddd0000000-14ddd00fc000 rw-p 00000000 00:00 0 
14ddd00fc000-14ddd4000000 ---p 00000000 00:00 0 
14ddd4000000-14ddd40fa000 rw-p 00000000 00:00 0 
14ddd40fa000-14ddd8000000 ---p 00000000 00:00 0 
14ddd8000000-14ddd80fe000 rw-p 00000000 00:00 0 
14ddd80fe000-14dddc000000 ---p 00000000 00:00 0 
14dddc000000-14dddc0f7000 rw-p 00000000 00:00 0 
14dddc0f7000-14dde0000000 ---p 00000000 00:00 0 
14dde4000000-14dde40ff000 rw-p 00000000 00:00 0 
14dde40ff000-14dde8000000 ---p 00000000 00:00 0 
14dde8000000-14dde80fb000 rw-p 00000000 00:00 0 
14dde80fb000-14ddec000000 ---p 00000000 00:00 0 
14ddec000000-14ddec0fb000 rw-p 00000000 00:00 0 
14ddec0fb000-14ddf0000000 ---p 00000000 00:00 0 
14ddf0000000-14ddf00f8000 rw-p 00000000 00:00 0 
14ddf00f8000-14ddf4000000 ---p 00000000 00:00 0 
14ddf4000000-14ddf40ff000 rw-p 00000000 00:00 0 
14ddf40ff000-14ddf8000000 ---p 00000000 00:00 0 
14ddf8000000-14ddf80fd000 rw-p 00000000 00:00 0 
14ddf80fd000-14ddfc000000 ---p 00000000 00:00 0 
14ddfc000000-14ddfc0fd000 rw-p 00000000 00:00 0 
14ddfc0fd000-14de00000000 ---p 00000000 00:00 0 
14de00000000-14de000f9000 rw-p 00000000 00:00 0 
14de000f9000-14de04000000 ---p 00000000 00:00 0 
14de04000000-14de040f8000 rw-p 00000000 00:00 0 
14de040f8000-14de08000000 ---p 00000000 00:00 0 
14de08000000-14de080fc000 rw-p 00000000 00:00 0 
14de080fc000-14de0c000000 ---p 00000000 00:00 0 
14de0c000000-14de0c0fa000 rw-p 00000000 00:00 0 
14de0c0fa000-14de10000000 ---p 00000000 00:00 0 
14de10000000-14de100f3000 rw-p 00000000 00:00 0 
14de100f3000-14de14000000 ---p 00000000 00:00 0 
14de14000000-14de140f7000 rw-p 00000000 00:00 0 
14de140f7000-14de18000000 ---p 00000000 00:00 0 
14de18000000-14de180ff000 rw-p 00000000 00:00 0 
14de180ff000-14de1c000000 ---p 00000000 00:00 0 
14de1c000000-14de1c0fa000 rw-p 00000000 00:00 0 
14de1c0fa000-14de20000000 ---p 00000000 00:00 0 
14de20000000-14de200f9000 rw-p 00000000 00:00 0 
14de200f9000-14de24000000 ---p 00000000 00:00 0 
14de24000000-14de240fb000 rw-p 00000000 00:00 0 
14de240fb000-14de28000000 ---p 00000000 00:00 0 
14de28000000-14de280fd000 rw-p 00000000 00:00 0 
14de280fd000-14de2c000000 ---p 00000000 00:00 0 
14de2c000000-14de2c0fb000 rw-p 00000000 00:00 0 
14de2c0fb000-14de30000000 ---p 00000000 00:00 0 
14de30000000-14de300f7000 rw-p 00000000 00:00 0 
14de300f7000-14de34000000 ---p 00000000 00:00 0 
14de34000000-14de340fc000 rw-p 00000000 00:00 0 
14de340fc000-14de38000000 ---p 00000000 00:00 0 
14de38000000-14de380fb000 rw-p 00000000 00:00 0 
14de380fb000-14de3c000000 ---p 00000000 00:00 0 
14de3c000000-14de3c0f3000 rw-p 00000000 00:00 0 
14de3c0f3000-14de40000000 ---p 00000000 00:00 0 
14de40000000-14de40103000 rw-p 00000000 00:00 0 
14de40103000-14de44000000 ---p 00000000 00:00 0 
14de44000000-14de440f2000 rw-p 00000000 00:00 0 
14de440f2000-14de48000000 ---p 00000000 00:00 0 
14de48000000-14de480fc000 rw-p 00000000 00:00 0 
14de480fc000-14de4c000000 ---p 00000000 00:00 0 
14de4c000000-14de4c101000 rw-p 00000000 00:00 0 
14de4c101000-14de50000000 ---p 00000000 00:00 0 
14de50000000-14de500f7000 rw-p 00000000 00:00 0 
14de500f7000-14de54000000 ---p 00000000 00:00 0 
14de54000000-14de540fd000 rw-p 00000000 00:00 0 
14de540fd000-14de58000000 ---p 00000000 00:00 0 
14de58000000-14de580f8000 rw-p 00000000 00:00 0 
14de580f8000-14de5c000000 ---p 00000000 00:00 0 
14de5c000000-14de5c0fa000 rw-p 00000000 00:00 0 
14de5c0fa000-14de60000000 ---p 00000000 00:00 0 
14de60000000-14de600fc000 rw-p 00000000 00:00 0 
14de600fc000-14de64000000 ---p 00000000 00:00 0 
14de64000000-14de640fe000 rw-p 00000000 00:00 0 
14de640fe000-14de68000000 ---p 00000000 00:00 0 
14de68000000-14de680fb000 rw-p 00000000 00:00 0 
14de680fb000-14de6c000000 ---p 00000000 00:00 0 
14de6c000000-14de6c0fa000 rw-p 00000000 00:00 0 
14de6c0fa000-14de70000000 ---p 00000000 00:00 0 
14de70000000-14de700f9000 rw-p 00000000 00:00 0 
14de700f9000-14de74000000 ---p 00000000 00:00 0 
14de74000000-14de740fa000 rw-p 00000000 00:00 0 
14de740fa000-14de78000000 ---p 00000000 00:00 0 
14de78000000-14de780f6000 rw-p 00000000 00:00 0 
14de780f6000-14de7c000000 ---p 00000000 00:00 0 
14de7c000000-14de7c0f6000 rw-p 00000000 00:00 0 
14de7c0f6000-14de80000000 ---p 00000000 00:00 0 
14de80000000-14de800f8000 rw-p 00000000 00:00 0 
14de800f8000-14de84000000 ---p 00000000 00:00 0 
14de84000000-14de840f5000 rw-p 00000000 00:00 0 
14de840f5000-14de88000000 ---p 00000000 00:00 0 
14de88000000-14de880fb000 rw-p 00000000 00:00 0 
14de880fb000-14de8c000000 ---p 00000000 00:00 0 
14de8c000000-14de8c0f3000 rw-p 00000000 00:00 0 
14de8c0f3000-14de90000000 ---p 00000000 00:00 0 
14de90000000-14de900fa000 rw-p 00000000 00:00 0 
14de900fa000-14de94000000 ---p 00000000 00:00 0 
14de94000000-14de940fb000 rw-p 00000000 00:00 0 
14de940fb000-14de98000000 ---p 00000000 00:00 0 
14de98000000-14de980fe000 rw-p 00000000 00:00 0 
14de980fe000-14de9c000000 ---p 00000000 00:00 0 
14de9c000000-14de9c103000 rw-p 00000000 00:00 0 
14de9c103000-14dea0000000 ---p 00000000 00:00 0 
14dea0000000-14dea00f8000 rw-p 00000000 00:00 0 
14dea00f8000-14dea4000000 ---p 00000000 00:00 0 
14dea4000000-14dea40fd000 rw-p 00000000 00:00 0 
14dea40fd000-14dea8000000 ---p 00000000 00:00 0 
14dea8000000-14dea80f6000 rw-p 00000000 00:00 0 
14dea80f6000-14deac000000 ---p 00000000 00:00 0 
14deac000000-14deac0f6000 rw-p 00000000 00:00 0 
14deac0f6000-14deb0000000 ---p 00000000 00:00 0 
14deb0000000-14deb00f6000 rw-p 00000000 00:00 0 
14deb00f6000-14deb4000000 ---p 00000000 00:00 0 
14deb4000000-14deb4103000 rw-p 00000000 00:00 0 
14deb4103000-14deb8000000 ---p 00000000 00:00 0 
14deb8000000-14deb80fd000 rw-p 00000000 00:00 0 
14deb80fd000-14debc000000 ---p 00000000 00:00 0 
14debc000000-14debc100000 rw-p 00000000 00:00 0 
14debc100000-14dec0000000 ---p 00000000 00:00 0 
14dec0000000-14dec00fc000 rw-p 00000000 00:00 0 
14dec00fc000-14dec4000000 ---p 00000000 00:00 0 
14dec4000000-14dec40fc000 rw-p 00000000 00:00 0 
14dec40fc000-14dec8000000 ---p 00000000 00:00 0 
14dec8000000-14dec80fa000 rw-p 00000000 00:00 0 
14dec80fa000-14decc000000 ---p 00000000 00:00 0 
14decc000000-14decc15b000 rw-p 00000000 00:00 0 
14decc15b000-14ded0000000 ---p 00000000 00:00 0 
14ded0000000-14ded00f5000 rw-p 00000000 00:00 0 
14ded00f5000-14ded4000000 ---p 00000000 00:00 0 
14ded4000000-14ded4153000 rw-p 00000000 00:00 0 
14ded4153000-14ded8000000 ---p 00000000 00:00 0 
14ded8000000-14ded815d000 rw-p 00000000 00:00 0 
14ded815d000-14dedc000000 ---p 00000000 00:00 0 
14dedc000000-14dedc146000 rw-p 00000000 00:00 0 
14dedc146000-14dee0000000 ---p 00000000 00:00 0 
14dee29ea000-14dee29ee000 ---p 00000000 00:00 0 
14dee29ee000-14dee2aeb000 rw-p 00000000 00:00 0 
14dee2aef000-14dee2bec000 rw-p 00000000 00:00 0 
14dee2dee000-14dee2df2000 ---p 00000000 00:00 0 
14dee2df2000-14dee2eef000 rw-p 00000000 00:00 0 
14dee2eef000-14dee2ef3000 ---p 00000000 00:00 0 
14dee2ef3000-14dee2ff0000 rw-p 00000000 00:00 0 
14dee2ff0000-14dee2ff4000 ---p 00000000 00:00 0 
14dee2ff4000-14dee30f1000 rw-p 00000000 00:00 0 
14dee30f5000-14dee31f2000 rw-p 00000000 00:00 0 
14dee31f6000-14dee32f3000 rw-p 00000000 00:00 0 
14dee32f3000-14dee32f7000 ---p 00000000 00:00 0 
14dee32f7000-14dee33f4000 rw-p 00000000 00:00 0 
14dee33f4000-14dee33f8000 ---p 00000000 00:00 0 
14dee33f8000-14dee34f5000 rw-p 00000000 00:00 0 
14dee34f9000-14dee35f6000 rw-p 00000000 00:00 0 
14dee35fa000-14dee36f7000 rw-p 00000000 00:00 0 
14dee36f7000-14dee36fb000 ---p 00000000 00:00 0 
14dee36fb000-14dee37f8000 rw-p 00000000 00:00 0 
14dee37f8000-14dee37fc000 ---p 00000000 00:00 0 
14dee37fc000-14dee38f9000 rw-p 00000000 00:00 0 
14dee38fd000-14dee39fa000 rw-p 00000000 00:00 0 
14dee39fa000-14dee39fe000 ---p 00000000 00:00 0 
14dee39fe000-14dee3afb000 rw-p 00000000 00:00 0 
14dee3afb000-14dee3aff000 ---p 00000000 00:00 0 
14dee3aff000-14dee3bfc000 rw-p 00000000 00:00 0 
14dee3c00000-14dee3cfd000 rw-p 00000000 00:00 0 
14dee3d01000-14dee3dfe000 rw-p 00000000 00:00 0 
14dee3dfe000-14dee3e02000 ---p 00000000 00:00 0 
14dee3e02000-14dee3eff000 rw-p 00000000 00:00 0 
14dee3eff000-14dee3f03000 ---p 00000000 00:00 0 
14dee3f03000-14dee4000000 rw-p 00000000 00:00 0 
14dee4000000-14dee4145000 rw-p 00000000 00:00 0 
14dee4145000-14dee8000000 ---p 00000000 00:00 0 
14dee8000000-14dee8173000 rw-p 00000000 00:00 0 
14dee8173000-14deec000000 ---p 00000000 00:00 0 
14deec000000-14deec19b000 rw-p 00000000 00:00 0 
14deec19b000-14def0000000 ---p 00000000 00:00 0 
14def0000000-14def015f000 rw-p 00000000 00:00 0 
14def015f000-14def4000000 ---p 00000000 00:00 0 
14def4000000-14def7ff8000 rw-p 00000000 00:00 0 
14def7ff8000-14def8000000 ---p 00000000 00:00 0 
14def8000000-14def8154000 rw-p 00000000 00:00 0 
14def8154000-14defc000000 ---p 00000000 00:00 0 
14defc000000-14defc140000 rw-p 00000000 00:00 0 
14defc140000-14df00000000 ---p 00000000 00:00 0 
14df00000000-14df00156000 rw-p 00000000 00:00 0 
14df00156000-14df04000000 ---p 00000000 00:00 0 
14df04000000-14df04153000 rw-p 00000000 00:00 0 
14df04153000-14df08000000 ---p 00000000 00:00 0 
14df08000000-14df0814b000 rw-p 00000000 00:00 0 
14df0814b000-14df0c000000 ---p 00000000 00:00 0 
14df0c000000-14df0c0fb000 rw-p 00000000 00:00 0 
14df0c0fb000-14df10000000 ---p 00000000 00:00 0 
14df10000000-14df10149000 rw-p 00000000 00:00 0 
14df10149000-14df14000000 ---p 00000000 00:00 0 
14df14000000-14df140f6000 rw-p 00000000 00:00 0 
14df140f6000-14df18000000 ---p 00000000 00:00 0 
14df18000000-14df180f9000 rw-p 00000000 00:00 0 
14df180f9000-14df1c000000 ---p 00000000 00:00 0 
14df1c000000-14df1c100000 rw-p 00000000 00:00 0 
14df1c100000-14df20000000 ---p 00000000 00:00 0 
14df20000000-14df200fd000 rw-p 00000000 00:00 0 
14df200fd000-14df24000000 ---p 00000000 00:00 0 
14df24000000-14df240fc000 rw-p 00000000 00:00 0 
14df240fc000-14df28000000 ---p 00000000 00:00 0 
14df28000000-14df280f4000 rw-p 00000000 00:00 0 
14df280f4000-14df2c000000 ---p 00000000 00:00 0 
14df2c000000-14df2c40c000 rw-p 00000000 00:00 0 
14df2c40c000-14df30000000 ---p 00000000 00:00 0 
14df30000000-14df300f1000 rw-p 00000000 00:00 0 
14df300f1000-14df34000000 ---p 00000000 00:00 0 
14df34000000-14df34416000 rw-p 00000000 00:00 0 
14df34416000-14df38000000 ---p 00000000 00:00 0 
14df38000000-14df383ac000 rw-p 00000000 00:00 0 
14df383ac000-14df3c000000 ---p 00000000 00:00 0 
14df3c000000-14df3c310000 rw-p 00000000 00:00 0 
14df3c310000-14df40000000 ---p 00000000 00:00 0 
14df40000000-14df40376000 rw-p 00000000 00:00 0 
14df40376000-14df44000000 ---p 00000000 00:00 0 
14df44000000-14df44323000 rw-p 00000000 00:00 0 
14df44323000-14df48000000 ---p 00000000 00:00 0 
14df48000000-14df48268000 rw-p 00000000 00:00 0 
14df48268000-14df4c000000 ---p 00000000 00:00 0 
14df4c000000-14df4c17e000 rw-p 00000000 00:00 0 
14df4c17e000-14df50000000 ---p 00000000 00:00 0 
14df50000000-14df50108000 rw-p 00000000 00:00 0 
14df50108000-14df54000000 ---p 00000000 00:00 0 
14df54000000-14df540f8000 rw-p 00000000 00:00 0 
14df540f8000-14df58000000 ---p 00000000 00:00 0 
14df58000000-14df580f6000 rw-p 00000000 00:00 0 
14df580f6000-14df5c000000 ---p 00000000 00:00 0 
14df5c000000-14df5c239000 rw-p 00000000 00:00 0 
14df5c239000-14df60000000 ---p 00000000 00:00 0 
14df60000000-14df600f6000 rw-p 00000000 00:00 0 
14df600f6000-14df64000000 ---p 00000000 00:00 0 
14df64000000-14df6468d000 rw-p 00000000 00:00 0 
14df6468d000-14df68000000 ---p 00000000 00:00 0 
14df68000000-14df680e8000 rw-p 00000000 00:00 0 
14df680e8000-14df6c000000 ---p 00000000 00:00 0 
14df6c000000-14df6c0f8000 rw-p 00000000 00:00 0 
14df6c0f8000-14df70000000 ---p 00000000 00:00 0 
14df70000000-14df71bc4000 rw-p 00000000 00:00 0 
14df71bc4000-14df74000000 ---p 00000000 00:00 0 
14df74000000-14df740f7000 rw-p 00000000 00:00 0 
14df740f7000-14df78000000 ---p 00000000 00:00 0 
14df78000000-14df78101000 rw-p 00000000 00:00 0 
14df78101000-14df7c000000 ---p 00000000 00:00 0 
14df7c000000-14df7c0fe000 rw-p 00000000 00:00 0 
14df7c0fe000-14df80000000 ---p 00000000 00:00 0 
14df80000000-14df84000000 rw-p 00000000 00:00 0 
14df84000000-14df87fff000 rw-p 00000000 00:00 0 
14df87fff000-14df88000000 ---p 00000000 00:00 0 
14df88000000-14df89700000 rw-p 00000000 00:00 0 
14df89700000-14df8c000000 ---p 00000000 00:00 0 
14df8c0e0000-14df8c0e4000 ---p 00000000 00:00 0 
14df8c0e4000-14df8c1e1000 rw-p 00000000 00:00 0 
14df8c2e6000-14df8c3e3000 rw-p 00000000 00:00 0 
14df8c3e7000-14df8c4e4000 rw-p 00000000 00:00 0 
14df8c4e8000-14df8c5e5000 rw-p 00000000 00:00 0 
14df8c5e5000-14df8c5e9000 ---p 00000000 00:00 0 
14df8c5e9000-14df8c6e6000 rw-p 00000000 00:00 0 
14df8c6e6000-14df8c6ea000 ---p 00000000 00:00 0 
14df8c6ea000-14df8c7e7000 rw-p 00000000 00:00 0 
14df8c7e7000-14df8c7eb000 ---p 00000000 00:00 0 
14df8c7eb000-14df8c8e8000 rw-p 00000000 00:00 0 
14df8c8e8000-14df8c8ec000 ---p 00000000 00:00 0 
14df8c8ec000-14df8c9e9000 rw-p 00000000 00:00 0 
14df8c9e9000-14df8c9ed000 ---p 00000000 00:00 0 
14df8c9ed000-14df8caea000 rw-p 00000000 00:00 0 
14df8caee000-14df8cbeb000 rw-p 00000000 00:00 0 
14df8cbef000-14df8ccec000 rw-p 00000000 00:00 0 
14df8ccec000-14df8ccf0000 ---p 00000000 00:00 0 
14df8ccf0000-14df8cded000 rw-p 00000000 00:00 0 
14df8cded000-14df8cdf1000 ---p 00000000 00:00 0 
14df8cdf1000-14df8ceee000 rw-p 00000000 00:00 0 
14df8ceee000-14df8cef2000 ---p 00000000 00:00 0 
14df8cef2000-14df8cfef000 rw-p 00000000 00:00 0 
14df8cfef000-14df8cff3000 ---p 00000000 00:00 0 
14df8cff3000-14df8d0f0000 rw-p 00000000 00:00 0 
14df8d0f0000-14df8d0f4000 ---p 00000000 00:00 0 
14df8d0f4000-14df8d1f1000 rw-p 00000000 00:00 0 
14df8d1f1000-14df8d1f5000 ---p 00000000 00:00 0 
14df8d1f5000-14df8d2f2000 rw-p 00000000 00:00 0 
14df8d2f6000-14df8d3f3000 rw-p 00000000 00:00 0 
14df8d3f3000-14df8d3f7000 ---p 00000000 00:00 0 
14df8d3f7000-14df8d4f4000 rw-p 00000000 00:00 0 
14df8d4f8000-14df8d5f5000 rw-p 00000000 00:00 0 
14df8d5f5000-14df8d5f9000 ---p 00000000 00:00 0 
14df8d5f9000-14df8d6f6000 rw-p 00000000 00:00 0 
14df8d6f6000-14df8d6fa000 ---p 00000000 00:00 0 
14df8d6fa000-14df8d7f7000 rw-p 00000000 00:00 0 
14df8d7f7000-14df8d7fb000 ---p 00000000 00:00 0 
14df8d7fb000-14df8d8f8000 rw-p 00000000 00:00 0 
14df8d8f8000-14df8d8fc000 ---p 00000000 00:00 0 
14df8d8fc000-14df8d9f9000 rw-p 00000000 00:00 0 
14df8d9f9000-14df8d9fd000 ---p 00000000 00:00 0 
14df8d9fd000-14df8dafa000 rw-p 00000000 00:00 0 
14df8dafa000-14df8dafb000 ---p 00000000 00:00 0 
14df8dafb000-14df8dbfc000 rw-p 00000000 00:00 0 
14df8dbfc000-14df8dc00000 ---p 00000000 00:00 0 
14df8dc00000-14df8dcfd000 rw-p 00000000 00:00 0 
14df8dcfd000-14df8dd01000 ---p 00000000 00:00 0 
14df8dd01000-14df8ddfe000 rw-p 00000000 00:00 0 
14df8ddfe000-14df8de02000 ---p 00000000 00:00 0 
14df8de02000-14df8deff000 rw-p 00000000 00:00 0 
14df8deff000-14df8df03000 ---p 00000000 00:00 0 
14df8df03000-14df90000000 rw-p 00000000 00:00 0 
14df90000000-14df900fd000 rw-p 00000000 00:00 0 
14df900fd000-14df94000000 ---p 00000000 00:00 0 
14df94015000-14df94019000 ---p 00000000 00:00 0 
14df94019000-14df94116000 rw-p 00000000 00:00 0 
14df94116000-14df9411a000 ---p 00000000 00:00 0 
14df9411a000-14df94217000 rw-p 00000000 00:00 0 
14df94217000-14df944fc000 r--p 00000000 00:31 88584818099                /usr/lib/locale/locale-archive
14df944fc000-14df94500000 ---p 00000000 00:00 0 
14df94500000-14df945fd000 rw-p 00000000 00:00 0 
14df945fd000-14df94601000 ---p 00000000 00:00 0 
14df94601000-14df946fe000 rw-p 00000000 00:00 0 
14df946fe000-14df946ff000 ---p 00000000 00:00 0 
14df946ff000-150e40000000 rw-p 00000000 00:00 0 
150e40000000-150e4015a000 rw-p 00000000 00:00 0 
150e4015a000-150e44000000 ---p 00000000 00:00 0 
150e44077000-150e4407b000 ---p 00000000 00:00 0 
150e4407b000-150e44899000 rw-p 00000000 00:00 0 
150e44899000-150e44be9000 rwxp 00000000 00:00 0 
150e44be9000-150e44fd8000 ---p 00000000 00:00 0 
150e44fd8000-150e45318000 rwxp 00000000 00:00 0 
150e45318000-150e4c438000 ---p 00000000 00:00 0 
150e4c438000-150e4c6d8000 rwxp 00000000 00:00 0 
150e4c6d8000-150e53899000 ---p 00000000 00:00 0 
150e53899000-150e5c000000 r--s 00000000 00:31 23290452654                /opt/conda/lib/modules
150e5c000000-150e5fffb000 rw-p 00000000 00:00 0 
150e5fffb000-150e60000000 ---p 00000000 00:00 0 
150e6001c000-150e60020000 ---p 00000000 00:00 0 
150e60020000-150e6003e000 rw-p 00000000 00:00 0 
150e6003e000-150e60042000 ---p 00000000 00:00 0 
150e60042000-150e60060000 rw-p 00000000 00:00 0 
150e60060000-150e60064000 ---p 00000000 00:00 0 
150e60064000-150e60082000 rw-p 00000000 00:00 0 
150e60082000-150e60086000 r--p 00000000 00:31 22742434204                /opt/conda/lib/libnet.so
150e60086000-150e60095000 r-xp 00004000 00:31 22742434204                /opt/conda/lib/libnet.so
150e60095000-150e60099000 r--p 00013000 00:31 22742434204                /opt/conda/lib/libnet.so
150e60099000-150e6009a000 r--p 00016000 00:31 22742434204                /opt/conda/lib/libnet.so
150e6009a000-150e6009b000 rw-p 00017000 00:31 22742434204                /opt/conda/lib/libnet.so
150e6009b000-150e600a2000 r--p 00000000 00:31 22742434414                /opt/conda/lib/libnio.so
150e600a2000-150e600aa000 r-xp 00007000 00:31 22742434414                /opt/conda/lib/libnio.so
150e600aa000-150e600ad000 r--p 0000f000 00:31 22742434414                /opt/conda/lib/libnio.so
150e600ad000-150e600ae000 r--p 00011000 00:31 22742434414                /opt/conda/lib/libnio.so
150e600ae000-150e600af000 rw-p 00012000 00:31 22742434414                /opt/conda/lib/libnio.so
150e600af000-150e601b3000 rw-p 00000000 00:00 0 
150e601b3000-150e601b4000 ---p 00000000 00:00 0 
150e601b4000-150e602b5000 rw-p 00000000 00:00 0 
150e602b5000-150e602b6000 ---p 00000000 00:00 0 
150e602b6000-150e612c6000 rw-p 00000000 00:00 0 
150e612c6000-150e612c7000 ---p 00000000 00:00 0 
150e612c7000-150e613c8000 rw-p 00000000 00:00 0 
150e613c8000-150e613c9000 ---p 00000000 00:00 0 
150e613c9000-150e62c56000 rw-p 00000000 00:00 0 
150e62c56000-150e62c57000 ---p 00000000 00:00 0 
150e62c57000-150e62d5e000 rw-p 00000000 00:00 0 
150e62d5e000-150e62e41000 ---p 00000000 00:00 0 
150e62e41000-150e62e48000 rw-p 00000000 00:00 0 
150e62e48000-150e62f2a000 ---p 00000000 00:00 0 
150e62f2a000-150e62f31000 rw-p 00000000 00:00 0 
150e62f31000-150e62f39000 ---p 00000000 00:00 0 
150e62f39000-150e62f44000 r-xp 00000000 00:31 91477640194                /usr/lib64/libnss_files-2.28.so
150e62f44000-150e63144000 ---p 0000b000 00:31 91477640194                /usr/lib64/libnss_files-2.28.so
150e63144000-150e63145000 r--p 0000b000 00:31 91477640194                /usr/lib64/libnss_files-2.28.so
150e63145000-150e63146000 rw-p 0000c000 00:31 91477640194                /usr/lib64/libnss_files-2.28.so
150e63146000-150e6314c000 rw-p 00000000 00:00 0 
150e6314c000-150e6315a000 r--p 00000000 00:31 21167345057                /opt/conda/lib/libjava.so
150e6315a000-150e6316f000 r-xp 0000e000 00:31 21167345057                /opt/conda/lib/libjava.so
150e6316f000-150e63175000 r--p 00023000 00:31 21167345057                /opt/conda/lib/libjava.so
150e63175000-150e63176000 ---p 00029000 00:31 21167345057                /opt/conda/lib/libjava.so
150e63176000-150e63177000 r--p 00029000 00:31 21167345057                /opt/conda/lib/libjava.so
150e63177000-150e63178000 rw-p 0002a000 00:31 21167345057                /opt/conda/lib/libjava.so
150e63178000-150e63179000 rw-p 00000000 00:00 0 
150e63179000-150e63180000 r-xp 00000000 00:31 91477644565                /usr/lib64/librt-2.28.so
150e63180000-150e6337f000 ---p 00007000 00:31 91477644565                /usr/lib64/librt-2.28.so
150e6337f000-150e63380000 r--p 00006000 00:31 91477644565                /usr/lib64/librt-2.28.so
150e63380000-150e63381000 rw-p 00007000 00:31 91477644565                /usr/lib64/librt-2.28.so
150e63381000-150e63385000 ---p 00000000 00:00 0 
150e63385000-150e63482000 rw-p 00000000 00:00 0 
150e63482000-150e63603000 r-xp 00000000 00:31 91227822494                /usr/lib64/libm-2.28.so
150e63603000-150e63802000 ---p 00181000 00:31 91227822494                /usr/lib64/libm-2.28.so
150e63802000-150e63803000 r--p 00180000 00:31 91227822494                /usr/lib64/libm-2.28.so
150e63803000-150e63804000 rw-p 00181000 00:31 91227822494                /usr/lib64/libm-2.28.so
150e63804000-150e63a6a000 r--p 00000000 00:31 36972794887                /opt/conda/lib/server/libjvm.so
150e63a6a000-150e645d6000 r-xp 00266000 00:31 36972794887                /opt/conda/lib/server/libjvm.so
150e645d6000-150e647d5000 r--p 00dd2000 00:31 36972794887                /opt/conda/lib/server/libjvm.so
150e647d5000-150e647d6000 ---p 00fd1000 00:31 36972794887                /opt/conda/lib/server/libjvm.so
150e647d6000-150e64890000 r--p 00fd1000 00:31 36972794887                /opt/conda/lib/server/libjvm.so
150e64890000-150e648c9000 rw-p 0108b000 00:31 36972794887                /opt/conda/lib/server/libjvm.so
150e648c9000-150e64920000 rw-p 00000000 00:00 0 
150e64920000-150e6493b000 r-xp 00000000 00:31 91477643328                /usr/lib64/libpthread-2.28.so
150e6493b000-150e64b3a000 ---p 0001b000 00:31 91477643328                /usr/lib64/libpthread-2.28.so
150e64b3a000-150e64b3b000 r--p 0001a000 00:31 91477643328                /usr/lib64/libpthread-2.28.so
150e64b3b000-150e64b3c000 rw-p 0001b000 00:31 91477643328                /usr/lib64/libpthread-2.28.so
150e64b3c000-150e64b40000 rw-p 00000000 00:00 0 
150e64b40000-150e64b43000 r-xp 00000000 00:31 90980354347                /usr/lib64/libdl-2.28.so
150e64b43000-150e64d42000 ---p 00003000 00:31 90980354347                /usr/lib64/libdl-2.28.so
150e64d42000-150e64d43000 r--p 00002000 00:31 90980354347                /usr/lib64/libdl-2.28.so
150e64d43000-150e64d44000 rw-p 00003000 00:31 90980354347                /usr/lib64/libdl-2.28.so
150e64d44000-150e64f00000 r-xp 00000000 00:31 90771562428                /usr/lib64/libc-2.28.so
150e64f00000-150e650ff000 ---p 001bc000 00:31 90771562428                /usr/lib64/libc-2.28.so
150e650ff000-150e65103000 r--p 001bb000 00:31 90771562428                /usr/lib64/libc-2.28.so
150e65103000-150e65105000 rw-p 001bf000 00:31 90771562428                /usr/lib64/libc-2.28.so
150e65105000-150e65109000 rw-p 00000000 00:00 0 
150e65109000-150e65135000 r-xp 00000000 00:31 90580260263                /usr/lib64/ld-2.28.so
150e65140000-150e65142000 r--p 00000000 00:31 23290452378                /opt/conda/lib/libzip.so
150e65142000-150e65146000 r-xp 00002000 00:31 23290452378                /opt/conda/lib/libzip.so
150e65146000-150e65148000 r--p 00006000 00:31 23290452378                /opt/conda/lib/libzip.so
150e65148000-150e65149000 r--p 00007000 00:31 23290452378                /opt/conda/lib/libzip.so
150e65149000-150e6514a000 rw-p 00008000 00:31 23290452378                /opt/conda/lib/libzip.so
150e6514a000-150e65152000 rw-s 00000000 08:02 48985444                   /tmp/hsperfdata_hpc-0373/3505753
150e65152000-150e65154000 r--p 00000000 00:31 21167345823                /opt/conda/lib/libjimage.so
150e65154000-150e65157000 r-xp 00002000 00:31 21167345823                /opt/conda/lib/libjimage.so
150e65157000-150e65158000 r--p 00005000 00:31 21167345823                /opt/conda/lib/libjimage.so
150e65158000-150e65159000 ---p 00006000 00:31 21167345823                /opt/conda/lib/libjimage.so
150e65159000-150e6515a000 r--p 00006000 00:31 21167345823                /opt/conda/lib/libjimage.so
150e6515a000-150e6515b000 rw-p 00007000 00:31 21167345823                /opt/conda/lib/libjimage.so
150e6515b000-150e65160000 r--p 00000000 00:31 23023984570                /opt/conda/lib/libverify.so
150e65160000-150e65167000 r-xp 00005000 00:31 23023984570                /opt/conda/lib/libverify.so
150e65167000-150e65169000 r--p 0000c000 00:31 23023984570                /opt/conda/lib/libverify.so
150e65169000-150e6516a000 ---p 0000e000 00:31 23023984570                /opt/conda/lib/libverify.so
150e6516a000-150e6516c000 r--p 0000e000 00:31 23023984570                /opt/conda/lib/libverify.so
150e6516c000-150e6516d000 rw-p 00010000 00:31 23023984570                /opt/conda/lib/libverify.so
150e6516d000-150e65170000 r--p 00000000 00:31 20919813147                /opt/conda/lib/libgcc_s.so.1
150e65170000-150e6517c000 r-xp 00003000 00:31 20919813147                /opt/conda/lib/libgcc_s.so.1
150e6517c000-150e6517f000 r--p 0000f000 00:31 20919813147                /opt/conda/lib/libgcc_s.so.1
150e6517f000-150e65180000 r--p 00011000 00:31 20919813147                /opt/conda/lib/libgcc_s.so.1
150e65180000-150e65181000 rw-p 00012000 00:31 20919813147                /opt/conda/lib/libgcc_s.so.1
150e65181000-150e65224000 r--p 00000000 00:31 23023979371                /opt/conda/lib/libstdc++.so.6.0.28
150e65224000-150e652a3000 r-xp 000a3000 00:31 23023979371                /opt/conda/lib/libstdc++.so.6.0.28
150e652a3000-150e652e4000 r--p 00122000 00:31 23023979371                /opt/conda/lib/libstdc++.so.6.0.28
150e652e4000-150e652ef000 r--p 00162000 00:31 23023979371                /opt/conda/lib/libstdc++.so.6.0.28
150e652ef000-150e652f3000 rw-p 0016d000 00:31 23023979371                /opt/conda/lib/libstdc++.so.6.0.28
150e652f3000-150e652fb000 rw-p 00000000 00:00 0 
150e652fb000-150e652fe000 r--p 00000000 00:31 23290452322                /opt/conda/lib/libz.so.1.2.11.1-motley
150e652fe000-150e65311000 r-xp 00003000 00:31 23290452322                /opt/conda/lib/libz.so.1.2.11.1-motley
150e65311000-150e65318000 r--p 00016000 00:31 23290452322                /opt/conda/lib/libz.so.1.2.11.1-motley
150e65318000-150e65319000 r--p 0001c000 00:31 23290452322                /opt/conda/lib/libz.so.1.2.11.1-motley
150e65319000-150e6531a000 rw-p 0001d000 00:31 23290452322                /opt/conda/lib/libz.so.1.2.11.1-motley
150e6531e000-150e6531f000 ---p 00000000 00:00 0 
150e6531f000-150e65320000 r--p 00000000 00:00 0 
150e65320000-150e65323000 r--p 00000000 00:31 21167345879                /opt/conda/lib/libjli.so
150e65323000-150e6532d000 r-xp 00003000 00:31 21167345879                /opt/conda/lib/libjli.so
150e6532d000-150e65330000 r--p 0000d000 00:31 21167345879                /opt/conda/lib/libjli.so
150e65330000-150e65331000 ---p 00010000 00:31 21167345879                /opt/conda/lib/libjli.so
150e65331000-150e65332000 r--p 00010000 00:31 21167345879                /opt/conda/lib/libjli.so
150e65332000-150e65333000 rw-p 00011000 00:31 21167345879                /opt/conda/lib/libjli.so
150e65333000-150e65335000 rw-p 00000000 00:00 0 
150e65335000-150e65336000 r--p 0002c000 00:31 90580260263                /usr/lib64/ld-2.28.so
150e65336000-150e65338000 rw-p 0002d000 00:31 90580260263                /usr/lib64/ld-2.28.so
55edbfe9f000-55edbfea0000 r--p 00000000 00:31 1398870687                 /opt/conda/bin/java
55edbfea0000-55edbfea1000 r-xp 00001000 00:31 1398870687                 /opt/conda/bin/java
55edbfea1000-55edbfea2000 r--p 00002000 00:31 1398870687                 /opt/conda/bin/java
55edbfea2000-55edbfea3000 r--p 00002000 00:31 1398870687                 /opt/conda/bin/java
55edbfea3000-55edbfea4000 rw-p 00003000 00:31 1398870687                 /opt/conda/bin/java
55edc0a33000-55edc0b6a000 rw-p 00000000 00:00 0                          [heap]
7ffc3b63a000-7ffc3b65e000 rw-p 00000000 00:00 0                          [stack]
7ffc3b7f6000-7ffc3b7fa000 r--p 00000000 00:00 0                          [vvar]
7ffc3b7fa000-7ffc3b7fc000 r-xp 00000000 00:00 0                          [vdso]
ffffffffff600000-ffffffffff601000 r-xp 00000000 00:00 0                  [vsyscall]


VM Arguments:
jvm_args: -ea -Xmx180g -Xms180g 
java_command: clump.Clumpify in=fq_fp1_clmp_rpt/Undetermined-L3-r1.fq.gz in2=fq_fp1_clmp_rpt/Undetermined-L3-r2.fq.gz out=fq_fp1_clmp/Undetermined-L3-clmp.r1.fq.gz out2=fq_fp1_clmp/Undetermined-L3-clmp.r2.fq.gz groups=14514 overwrite=t usetmpdir=t tmpdir=/scratch/hpc-0373 deletetemp=t dedupe=t addcount=t subs=2 containment=t consensus=f -Xmx180g
java_class_path (initial): /opt/conda/opt/bbmap-38.90-3/current/
Launcher Type: SUN_STANDARD

[Global flags]
     intx CICompilerCount                          = 12                                        {product} {ergonomic}
     uint ConcGCThreads                            = 4                                         {product} {ergonomic}
     uint G1ConcRefinementThreads                  = 15                                        {product} {ergonomic}
   size_t G1HeapRegionSize                         = 33554432                                  {product} {ergonomic}
    uintx GCDrainStackTargetSize                   = 64                                        {product} {ergonomic}
   size_t InitialHeapSize                          = 193273528320                              {product} {command line}
   size_t MarkStackSize                            = 4194304                                   {product} {ergonomic}
   size_t MaxHeapSize                              = 193273528320                              {product} {command line}
   size_t MaxNewSize                               = 115964116992                              {product} {ergonomic}
   size_t MinHeapDeltaBytes                        = 33554432                                  {product} {ergonomic}
    uintx NonNMethodCodeHeapSize                   = 7594288                                {pd product} {ergonomic}
    uintx NonProfiledCodeHeapSize                  = 122031976                              {pd product} {ergonomic}
    uintx ProfiledCodeHeapSize                     = 122031976                              {pd product} {ergonomic}
    uintx ReservedCodeCacheSize                    = 251658240                              {pd product} {ergonomic}
     bool SegmentedCodeCache                       = true                                      {product} {ergonomic}
     bool UseG1GC                                  = true                                      {product} {ergonomic}

Logging:
Log output configuration:
 #0: stdout all=warning uptime,level,tags
 #1: stderr all=off uptime,level,tags

Environment Variables:
JAVA_HOME=/opt/conda
CLASSPATH=/opt/conda/lib/mpi.jar
PATH=/opt/conda/bin/libfabric:/opt/conda/bin:/opt/psmc/bin:/opt/abyss/bin:/opt/conda/bin/libfabric:/opt/micromamba/condabin:/cm/shared/applications/slurm/23.11.3/bin:/usr/local/sbin:/usr/local/bin:/usr/sbin:/usr/bin:/sbin:/bin
LD_LIBRARY_PATH=/opt/conda/lib/libfabric:/opt/conda/lib/libfabric/prov/:/usr/local/lib:/cm/shared/applications/slurm/23.11.3/lib:/cm/shared/applications/slurm/23.11.3/lib/slurm:/.singularity.d/libs
SHELL=/bin/tcsh
HOSTTYPE=x86_64-linux
OSTYPE=linux
MACHTYPE=x86_64
LANG=en_US.UTF-8
LC_ALL=en_US.UTF-8
TZ=/etc/localtime

Signal Handlers:
SIGSEGV: [libjvm.so+0xd66470], sa_mask[0]=11111111011111111101111111111110, sa_flags=SA_RESTART|SA_SIGINFO
SIGBUS: [libjvm.so+0xd66470], sa_mask[0]=11111111011111111101111111111110, sa_flags=SA_RESTART|SA_SIGINFO
SIGFPE: [libjvm.so+0xd66470], sa_mask[0]=11111111011111111101111111111110, sa_flags=SA_RESTART|SA_SIGINFO
SIGPIPE: [libjvm.so+0xb6f5b0], sa_mask[0]=11111111011111111101111111111110, sa_flags=SA_RESTART|SA_SIGINFO
SIGXFSZ: [libjvm.so+0xb6f5b0], sa_mask[0]=11111111011111111101111111111110, sa_flags=SA_RESTART|SA_SIGINFO
SIGILL: [libjvm.so+0xd66470], sa_mask[0]=11111111011111111101111111111110, sa_flags=SA_RESTART|SA_SIGINFO
SIGUSR2: [libjvm.so+0xb6f420], sa_mask[0]=00000000000000000000000000000000, sa_flags=SA_RESTART|SA_SIGINFO
SIGHUP: [libjvm.so+0xb6f930], sa_mask[0]=11111111011111111101111111111110, sa_flags=SA_RESTART|SA_SIGINFO
SIGINT: [libjvm.so+0xb6f930], sa_mask[0]=11111111011111111101111111111110, sa_flags=SA_RESTART|SA_SIGINFO
SIGTERM: [libjvm.so+0xb6f930], sa_mask[0]=11111111011111111101111111111110, sa_flags=SA_RESTART|SA_SIGINFO
SIGQUIT: [libjvm.so+0xb6f930], sa_mask[0]=11111111011111111101111111111110, sa_flags=SA_RESTART|SA_SIGINFO


---------------  S Y S T E M  ---------------

OS:CentOS Stream release 8
uname:Linux 4.18.0-513.9.1.el8_9.x86_64 #1 SMP Wed Nov 29 18:55:19 UTC 2023 x86_64
OS uptime: 267 days 23:56 hours
libc:glibc 2.28 NPTL 2.28 
rlimit (soft/hard): STACK infinity/infinity , CORE 0k/infinity , NPROC 767719/1541905 , NOFILE 30000/30000 , AS infinity/infinity , CPU infinity/infinity , DATA infinity/infinity , FSIZE infinity/infinity , MEMLOCK infinity/infinity
load average:25.60 24.49 22.42

/proc/meminfo:
MemTotal:       394814892 kB
MemFree:         1043552 kB
MemAvailable:          0 kB
Buffers:            1708 kB
Cached:           520980 kB
SwapCached:            0 kB
Active:            73768 kB
Inactive:       389038132 kB
Active(anon):      55204 kB
Inactive(anon): 388999912 kB
Active(file):      18564 kB
Inactive(file):    38220 kB
Unevictable:           0 kB
Mlocked:               0 kB
SwapTotal:             0 kB
SwapFree:              0 kB
Dirty:                36 kB
Writeback:             0 kB
AnonPages:      388588632 kB
Mapped:            87568 kB
Shmem:            466204 kB
KReclaimable:     224616 kB
Slab:            2539056 kB
SReclaimable:     224616 kB
SUnreclaim:      2314440 kB
KernelStack:       18912 kB
PageTables:       776644 kB
NFS_Unstable:          0 kB
Bounce:                0 kB
WritebackTmp:          0 kB
CommitLimit:    197407444 kB
Committed_AS:   393876724 kB
VmallocTotal:   34359738367 kB
VmallocUsed:      677984 kB
VmallocChunk:          0 kB
Percpu:           112320 kB
HardwareCorrupted:     0 kB
AnonHugePages:  143431680 kB
ShmemHugePages:        0 kB
ShmemPmdMapped:        0 kB
FileHugePages:         0 kB
FilePmdMapped:         0 kB
HugePages_Total:       0
HugePages_Free:        0
HugePages_Rsvd:        0
HugePages_Surp:        0
Hugepagesize:       2048 kB
Hugetlb:               0 kB
DirectMap4k:     9558180 kB
DirectMap2M:    384323584 kB
DirectMap1G:     9437184 kB

/sys/kernel/mm/transparent_hugepage/enabled:
[always] madvise never
/sys/kernel/mm/transparent_hugepage/defrag (defrag/compaction efforts parameter):
always defer defer+madvise [madvise] never

/proc/sys/kernel/threads-max (system-wide limit on the number of threads):
3083810
/proc/sys/vm/max_map_count (maximum number of memory map areas a process may have):
65530
/proc/sys/kernel/pid_max (system-wide limit on number of process identifiers):
4194304

Steal ticks since vm start: 0
Steal ticks percentage since vm start:  0.000

CPU:total 40 (initial active 20) (20 cores per cpu, 2 threads per core) family 6 model 85 stepping 4, cmov, cx8, fxsr, mmx, sse, sse2, sse3, ssse3, sse4.1, sse4.2, popcnt, avx, avx2, aes, clmul, erms, rtm, 3dnowpref, lzcnt, ht, tsc, tscinvbit, bmi1, bmi2, adx, fma
CPU Model and flags from /proc/cpuinfo:
model name	: Intel(R) Xeon(R) Gold 6148 CPU @ 2.40GHz
flags		: fpu vme de pse tsc msr pae mce cx8 apic sep mtrr pge mca cmov pat pse36 clflush dts acpi mmx fxsr sse sse2 ss ht tm pbe syscall nx pdpe1gb rdtscp lm constant_tsc art arch_perfmon pebs bts rep_good nopl xtopology nonstop_tsc cpuid aperfmperf pni pclmulqdq dtes64 monitor ds_cpl vmx smx est tm2 ssse3 sdbg fma cx16 xtpr pdcm pcid dca sse4_1 sse4_2 x2apic movbe popcnt tsc_deadline_timer aes xsave avx f16c rdrand lahf_lm abm 3dnowprefetch cpuid_fault epb cat_l3 cdp_l3 invpcid_single pti intel_ppin ssbd mba ibrs ibpb stibp tpr_shadow vnmi flexpriority ept vpid ept_ad fsgsbase tsc_adjust bmi1 hle avx2 smep bmi2 erms invpcid rtm cqm mpx rdt_a avx512f avx512dq rdseed adx smap clflushopt clwb intel_pt avx512cd avx512bw avx512vl xsaveopt xsavec xgetbv1 xsaves cqm_llc cqm_occup_llc cqm_mbm_total cqm_mbm_local dtherm arat pln pts pku ospke md_clear flush_l1d arch_capabilities
Online cpus:
0-39
Offline cpus:

BIOS frequency limitation:
<Not Available>
Frequency switch latency (ns):
20000
Available cpu frequencies:
<Not Available>
Current governor:
conservative
Core performance/turbo boost:
<Not Available>

Memory: 4k page, physical 394814892k(1043216k free), swap 0k(0k free)

vm_info: OpenJDK 64-Bit Server VM (11.0.9.1-internal+0-adhoc..src) for linux-amd64 JRE (11.0.9.1-internal+0-adhoc..src), built on Mar 19 2021 22:30:45 by "" with gcc 9.3.0

END.
