Sample	0.0	1.0	2.0	3.0	4.0	5.0	6.0	7.0	8.0	9.0	10.0	11.0	12.0	13.0	14.0	15.0	16.0	17.0	18.0	19.0	20.0	21.0	22.0	23.0	24.0	25.0	26.0	27.0	28.0	29.0	30.0	31.0	32.0	33.0	34.0	35.0	36.0	37.0	38.0	39.0	40.0	41.0	42.0	43.0	44.0	45.0	46.0	47.0	48.0	49.0	50.0	51.0	52.0	53.0	54.0	55.0	56.0	57.0	58.0	59.0	60.0	61.0	62.0	63.0	64.0	65.0	66.0	67.0	68.0	69.0	70.0	71.0	72.0	73.0	74.0	75.0	76.0	77.0	78.0	79.0	80.0	81.0	82.0	83.0	84.0	85.0	86.0	87.0	88.0	89.0	90.0	91.0	92.0	93.0	94.0	95.0	96.0	97.0	98.0	99.0	100.0
Sor-CPnd_001-Ex1-3E-lcwgs-1-3.clmp.fp2_repr.R1	0.0	0.0	0.0	2.472872180039602e-05	5.770035086759072e-05	9.067197993478542e-05	0.0001318865162687788	0.00022255849620356422	0.0003379591979387456	0.0005605176941423098	0.0012281931827530024	0.0021019413530336617	0.0037093082700594034	0.007847247717992337	0.01592529683945504	0.02926232079713529	0.05324093803625264	0.09251014825528152	0.15278228619011344	0.23977792948390664	0.35456041317407816	0.49943775129533163	0.6767344436969043	0.8901680415561225	1.1300119142981635	1.394370193251664	1.6892025003705187	1.9988225831260105	2.3118717153044903	2.6144853268832033	2.9146755237254776	3.207323460418631	3.4697116845353664	3.70455211256646	3.923599130274368	4.100236390094597	4.204542138648668	4.250438646310203	4.249573141047189	4.20201156611776	4.107267589993176	3.9760982066566095	3.809261763576604	3.6160150456137763	3.4099093923147414	3.189807282476684	2.9585607620139136	2.7289793088190373	2.5003375470525757	2.2644090552622638	2.045188936501753	1.8336099927775646	1.6223195508077142	1.4331695577564851	1.253680252021944	1.0893166811219783	0.9499043905186124	0.8223124289358357	0.708972454017354	0.6073291645104595	0.514860230791512	0.43364286549174463	0.3611135244511831	0.2968600623064874	0.23954712808043627	0.1902710284395138	0.1472430525068247	0.11387576389082368	0.0876633187824039	0.06689943537733804	0.051048324703284194	0.03991215698583918	0.0317104642553745	0.0242506331789217	0.018752614031966985	0.015084520298241574	0.012710563005403555	0.01032011989803194	0.008012105863328312	0.006182180450099006	0.004698457142075244	0.003618636290124618	0.002629487418108777	0.0018546541350297017	0.001343593884488184	0.0010963066664842237	0.0008737481702806594	0.0006017322304763032	0.00039565954880633634	0.00018958686713636951	5.770035086759072e-05	2.472872180039602e-05	3.29716290671947e-05	2.472872180039602e-05	8.242907266798674e-06	0.0	0.0	0.0	0.0	0.0	0.0
Sor-CPnd_001-Ex1-3E-lcwgs-1-3.clmp.fp2_repr.R2	0.0	8.239599647740635e-06	8.239599647740635e-06	8.239599647740635e-06	2.471879894322191e-05	4.943759788644382e-05	9.887519577288764e-05	0.0001895107918980346	0.0003460631852051067	0.0006921263704102134	0.0011865023492746516	0.0020516603122874184	0.0038561326351426173	0.007753463268523939	0.015358613743388544	0.028813879968149003	0.052239061766675636	0.08949853137375878	0.14921091002093517	0.23442484957786883	0.3471508123586085	0.4927692569331287	0.6671933418761502	0.8745428670115433	1.1151638955245131	1.3833381452595277	1.6734379696571802	1.9732440424398707	2.2830859475935097	2.5962401718055403	2.889627596462641	3.173415887530124	3.457138261800425	3.697446185526781	3.9079349981279625	4.083562064619555	4.193305292327812	4.248098629985288	4.246220001265603	4.201874475961462	4.114740709686606	3.9867302895593064	3.8216581502164706	3.6385083292464917	3.434512321167729	3.206225973327427	2.9794227534237185	2.745055581043384	2.5090157699345577	2.2795923573428674	2.060789788697115	1.8424651168309314	1.6359725100589033	1.448356826079849	1.2638557107676407	1.1014202433120817	0.9591965137924306	0.8303126961024716	0.7147523110429093	0.6115760442539009	0.5209734065273449	0.4379429608770626	0.3650719415924443	0.29982255198198626	0.2409918104971181	0.19202386979059552	0.15024085997690276	0.11824649454472587	0.09104757610753403	0.06856994826849758	0.05285703174025618	0.0408766538524413	0.03187077143746078	0.024537527750971615	0.019239465177474387	0.015671718530002692	0.012796098252941207	0.010085269968834538	0.007959453259717454	0.006418648125589955	0.005232145776315303	0.00402092462809743	0.0027437866826976317	0.0018374307214461616	0.0013924923404681675	0.0010052311570243576	0.0007086055697056947	0.0004778967795689569	0.00026366718872770033	0.0001400731940115908	6.591679718192508e-05	3.295839859096254e-05	3.295839859096254e-05	2.471879894322191e-05	8.239599647740635e-06	0.0	0.0	0.0	0.0	0.0	0.0
Sor-CPnd_002-Ex1-5E-lcwgs-1-3.clmp.fp2_repr.R1	0.0	0.0	0.0	1.580794984959526e-05	2.371192477439289e-05	3.161589969919052e-05	5.532782447358342e-05	0.00011065564894716684	0.0003398709217662981	0.000576990169510227	0.0009247650662013228	0.0017309705085306812	0.00346984499198616	0.007192617181565844	0.013903091892719032	0.025608878756344326	0.046309389084389314	0.07881843795008198	0.1288189833243518	0.20294246016910397	0.3027933753940724	0.4306164578778997	0.5889804994711451	0.780983858344329	0.9936561116458589	1.23343109496452	1.5015418283885802	1.7831130311095713	2.0805237995798564	2.375974382268792	2.652755776185355	2.9318767466796585	3.2100413362080618	3.4427580699188782	3.6534069056396596	3.8349374977374873	3.965084348849205	4.046558522374019	4.084126115191582	4.080506094676025	4.031264330894536	3.939190926995568	3.8036693729349875	3.660386115498256	3.49580954961412	3.3098211156587074	3.116126306151616	2.90331178130144	2.687533265854465	2.4654315704676515	2.251976823648566	2.046054564932814	1.842242667521982	1.656499256789238	1.475861813857913	1.3092223105184044	1.1556006538800376	1.0124596679919524	0.8899006328080404	0.7739018968117104	0.6669057882547249	0.5716470824610638	0.48618140159922707	0.40790833791895614	0.3322910098134172	0.26667220998774727	0.21090966689329996	0.1677223479042057	0.13132454337551264	0.10020659409658436	0.07865245447666122	0.0613822692659784	0.047645160846680114	0.037575496792487936	0.028770468726263376	0.022194361588831747	0.01758634420767473	0.013349813647983199	0.010227743552688134	0.007967206724196011	0.006165100441342152	0.004718673030104185	0.003398709217662981	0.002371192477439289	0.0017151625586810859	0.0012488280381180257	0.0009247650662013228	0.0007113577432317867	0.00045843054563826256	0.000213407322969536	8.694372417277394e-05	3.9519874623988155e-05	1.580794984959526e-05	7.90397492479763e-06	0.0	0.0	0.0	0.0	0.0	0.0	0.0
Sor-CPnd_002-Ex1-5E-lcwgs-1-3.clmp.fp2_repr.R2	0.0	0.0	0.0	7.902860566827932e-06	1.5805721133655864e-05	7.902860566827932e-06	3.161144226731173e-05	0.00013434862963607487	0.0003161144226731173	0.0005611031002447831	0.0009167318257520402	0.0016279892767665542	0.0032875899958004196	0.006891294414273957	0.013671948780612323	0.025265445232148902	0.045512574004362066	0.07717143343507475	0.1271412207991278	0.20194969892472098	0.3016284792541217	0.4280979569050691	0.5821879322370801	0.7698018420935753	0.9834398717966347	1.2223670553135435	1.4870338556966112	1.7657598450280654	2.0697986967550697	2.362789349409648	2.6320081974792084	2.9119986445013555	3.1876820325145814	3.4223179627437026	3.6311984703855313	3.8225425304295695	3.95832157782824	4.036496674555303	4.08030223067723	4.081440242598853	4.035943474315625	3.9475578817362202	3.8174451853639657	3.6644537076507437	3.4992918246646063	3.3209479702530005	3.1289084584790823	2.9196802249723124	2.7045801660643893	2.4770172960425794	2.254915302672447	2.0493698021898195	1.851395242130213	1.6682148370517083	1.483366928393603	1.315715644328915	1.1671734771148172	1.0268977020536216	0.9004914472872088	0.7820591788327255	0.6739322405573855	0.5800304513023361	0.4934467109321693	0.41314574471263066	0.3380448607460648	0.2720164607102174	0.21414381277933647	0.16897106177934804	0.13321061771445164	0.10245268438835732	0.08027725763783815	0.06257484996814358	0.04869742681279372	0.03801275932644235	0.028798023905520984	0.02190672949124703	0.01746532185268973	0.013782588828547914	0.010613541741249913	0.00840864364310492	0.006670014318402776	0.0049946078782352535	0.003548384394505742	0.0024261781940161753	0.0016596007190338659	0.0012012348061578456	0.0009641489891530077	0.000695451729880858	0.0004346573311755363	0.00020547437473752623	7.902860566827933e-05	3.161144226731173e-05	7.902860566827932e-06	0.0	0.0	0.0	0.0	0.0	0.0	0.0	0.0
Sor-CPnd_003-Ex1-2B-lcwgs-1-3.clmp.fp2_repr.R1	0.0	0.0	0.0	0.0	0.0	2.753510553861764e-05	4.8186434692580877e-05	7.572154023119851e-05	0.0001307917513084338	0.0002960023845401396	0.0005851209926956249	0.0011702419853912497	0.0025676485914760947	0.005217902499568043	0.010415153669982122	0.019997370397421062	0.03830821558060179	0.0665730014159928	0.10977558200608388	0.17767026848793033	0.27177837544254074	0.3941856871144655	0.5506608081140449	0.7423120264392084	0.957664086856737	1.203201506720975	1.4789174022555382	1.7671824221393264	2.07117687106205	2.3780762736190972	2.672047944125764	2.961469438442174	3.2463545241210965	3.495822580300972	3.7272138396947456	3.9231674182603182	4.061180250996255	4.153216341259084	4.19274298525977	4.185163947460265	4.122273766410062	4.024579211959047	3.894510257171002	3.73460013175548	3.5594975118590257	3.3591452001836593	3.1448876602112907	2.9310156117164627	2.70628096408665	2.4599794450437154	2.2311282991358796	2.021909683477078	1.8120990630491964	1.6106109282703618	1.4164677828939534	1.2395684973611043	1.084050221278992	0.9497821628963076	0.8295776596674723	0.719113700022923	0.6152788170367959	0.5201863300591798	0.43901283893133497	0.36420684095929556	0.29444665107720774	0.23634757839072454	0.1851185145361264	0.1443046043515104	0.11190266890894209	0.08477370617701906	0.06573318069706496	0.05092617769367333	0.039058547206529126	0.03013028923563235	0.023384188378671032	0.018503590921951057	0.014504116842466842	0.011241206836140652	0.008666674468279902	0.006677263093114778	0.0051352971829521895	0.003992590303099558	0.0030563967147865584	0.0020926680209349406	0.001356103947776919	0.00087423960085111	0.0007572154023119852	0.0004956318996951176	0.0001927457387703235	9.637286938516175e-05	4.130265830792647e-05	1.376755276930882e-05	1.376755276930882e-05	6.88377638465441e-06	0.0	0.0	0.0	0.0	0.0	0.0	0.0
Sor-CPnd_003-Ex1-2B-lcwgs-1-3.clmp.fp2_repr.R2	0.0	0.0	0.0	0.0	0.0	6.881405986850734e-06	3.440702993425367e-05	7.569546585535807e-05	0.00012386530776331323	0.0003234260813819845	0.0007294290346061778	0.0012592972955936844	0.002332796629542399	0.0050234263704010355	0.010156955236591683	0.019350513635024266	0.03683616624761198	0.06525637297330551	0.10927672707118966	0.17729942525120918	0.2698199287444173	0.38940500198390937	0.5420827566141666	0.7330830611851955	0.9475833672013199	1.188171083313595	1.4596700751188039	1.7498864912082468	2.052455031044087	2.3567026339407184	2.6550597533126057	2.9406243389549376	3.2184679870800226	3.475557314748766	3.707268017138004	3.90675309529082	4.059953836776078	4.153417092889485	4.194065558053812	4.186537299904197	4.1302680431497185	4.039474772559211	3.9107580735751672	3.756084711208723	3.576817203845275	3.3687647752388297	3.1536589054958624	2.9400050124161208	2.7187540471268963	2.4765560820136976	2.249311412109926	2.0333384852126155	1.815197915429447	1.6157885327424866	1.4245680231798785	1.2483489786686048	1.0917625854378163	0.9569627235613973	0.8349898024444681	0.7227471893929458	0.6192714875686712	0.5249067672709872	0.44310061289930563	0.3674808425098029	0.29874935951313775	0.23922519772687892	0.1869333936328002	0.146512014866039	0.11388726908237966	0.08719429525938566	0.06751347413699255	0.05146603537565664	0.03956808442439172	0.030808054603130738	0.02374085065463503	0.018855052403971014	0.015070279111203108	0.011739678613567353	0.009262372458301088	0.007246120504153823	0.005333089639809319	0.004004978284347127	0.0030966326940828305	0.002126354449936877	0.0014175696332912513	0.0009633968381591028	0.0007707174705272823	0.0005092240430269544	0.0001995607736186713	0.00013762811973701467	6.881405986850734e-05	1.3762811973701468e-05	1.3762811973701468e-05	6.881405986850734e-06	0.0	0.0	0.0	0.0	0.0	0.0	0.0
Sor-CPnd_004-Ex1-1G-lcwgs-1-3.clmp.fp2_repr.R1	0.0	0.0	4.672778411614209e-06	9.345556823228418e-06	2.3363892058071047e-05	4.6727784116142094e-05	6.074611935098472e-05	0.00013551057393681207	0.00028036670469685257	0.0005747517446285478	0.0011495034892570956	0.0021821875182238357	0.004177463899983103	0.008252126674910694	0.01613043107689225	0.030728190834775043	0.055587371984562636	0.09420788555655407	0.15279985405978463	0.23762947334422901	0.3537573624296653	0.4978938853143172	0.6724361773233428	0.881599084584018	1.12224717278215	1.3855956185039036	1.6700883865382112	1.9674079313124002	2.2792971991740023	2.584177299418183	2.8732634086311077	3.1560973403292927	3.410927311006674	3.6400570004201764	3.848033021964301	4.013468068849091	4.111750617180573	4.151651472037346	4.1508570997073715	4.108105850019514	4.026117280009331	3.903512920045397	3.7420123525831865	3.5622272031963296	3.368549883591744	3.162363536179267	2.9499483751441087	2.7336828446977797	2.5192630617240384	2.296306112592278	2.0817695101582467	1.8783447747870334	1.6811208163680325	1.5046626852102452	1.332232489043269	1.1728159807526388	1.0316840543866548	0.90502372276144	0.789134145374996	0.681650896351046	0.5897279994377713	0.50314141547056	0.4246293925986181	0.3545377164244049	0.28833379188865477	0.2320361575855268	0.1814346401661565	0.1412347274910395	0.11071213890637548	0.08513334988119928	0.06520394995566468	0.049783781197337784	0.03841958410029203	0.029653451800103772	0.023158289807960024	0.018532239180461953	0.01474261588864283	0.011602508796038082	0.008663331175132743	0.00659329033878765	0.005121365139129174	0.0037896232918191233	0.002663483694620099	0.0017943469100598563	0.0012803412847822934	0.001028011250555126	0.0007663356595047303	0.0004532595059265783	0.00027102114787362413	0.000200929471699411	0.00013551057393681207	5.607334093937051e-05	1.8691113646456836e-05	9.345556823228418e-06	9.345556823228418e-06	9.345556823228418e-06	4.672778411614209e-06	0.0	0.0	0.0	0.0
Sor-CPnd_004-Ex1-1G-lcwgs-1-3.clmp.fp2_repr.R2	0.0	0.0	0.0	4.670541410094366e-06	1.40116242302831e-05	3.736433128075493e-05	6.538757974132113e-05	0.00013077515948264226	0.00026622086037537886	0.0005698060520315127	0.0011209299384226479	0.002027014971980955	0.004030677236911438	0.008187459091895425	0.015711701303557448	0.02977937203076168	0.054168939274274464	0.09199098361321864	0.15057825506144237	0.2344611787867372	0.34724074221628587	0.4914343671701292	0.6633476553928827	0.8721488796725614	1.1122427313998724	1.3715511904883115	1.6575891580667208	1.9547476847425649	2.262667138827266	2.56773756265181	2.858422718933263	3.1397340986046576	3.4004857549888157	3.6351337554319567	3.8390636050209066	4.000491527777998	4.105564697880891	4.148202070413642	4.147333349711365	4.1116504133382445	4.0301868300633785	3.9085238968718303	3.7543166311347442	3.580922781284991	3.3868057391986492	3.180265056961456	2.9644580205666355	2.74342464833392	2.5261370503120997	2.3048047634291375	2.093859760642226	1.8868193304741525	1.6869762046190346	1.5084073948868968	1.3368023623972096	1.1801664151268747	1.0386630220252457	0.9081167190716981	0.7915726992656134	0.6874569901517898	0.5943310649759183	0.505576766559895	0.42666329889494053	0.35623153443071753	0.2912969972061755	0.23481146939249428	0.18308522327569915	0.1427691098237646	0.11193419543432158	0.0863116052585439	0.0659153509206618	0.05007287445762171	0.03884489290775485	0.0303445075413831	0.023745032528919758	0.018490673442563596	0.014828968977049613	0.011956586009841579	0.00883666434789854	0.00681431991732768	0.005548603195192107	0.0041334291479335145	0.0028537008015676575	0.0017888173600661423	0.001186317518163969	0.0009808136961198168	0.0007893214983059479	0.0005417828035709465	0.0003035851916561338	0.00017748057358358592	0.0001120929938422648	5.137595551103804e-05	1.8682165640377464e-05	9.341082820188732e-06	9.341082820188732e-06	9.341082820188732e-06	4.670541410094366e-06	0.0	0.0	0.0	0.0
Sor-CPnd_005-Ex1-3D-lcwgs-1-3.clmp.fp2_repr.R1	0.0	0.0	0.0	0.0	3.809786987189972e-05	6.349644978649954e-05	6.349644978649954e-05	0.00019048934935949862	0.0003047829589751978	0.0005841673380357958	0.00137152331538839	0.0025525572814172814	0.004343157165396568	0.00816564344254384	0.015315343688503688	0.0275447599173835	0.048689077696287844	0.0825453847224494	0.1377745967467467	0.2198882056106479	0.331553062205186	0.4717786219136916	0.6434857214263436	0.8534303830004256	1.0915547689897562	1.3542014838866328	1.6398212143162652	1.9483250652489519	2.271471197502405	2.5905662562594802	2.8908917644596657	3.175076475124123	3.444364918668667	3.6878230064400643	3.899469372868424	4.060369376627413	4.174561391923455	4.230819246434294	4.228596870691765	4.186752710282462	4.094187585783703	3.960895838391884	3.7862044057392663	3.5936704706966425	3.401796898731798	3.193934920710713	2.9701480330831744	2.741751303201135	2.5277936660005462	2.3071435029924605	2.0752290697922495	1.8625286622974337	1.6641149560045798	1.468736380011521	1.2847744656900744	1.1203694579028696	0.9787342770091039	0.8553987729438072	0.7466928509093199	0.6464192574064799	0.5518222465145528	0.4655305712547	0.3926112483198839	0.3279464638573128	0.2638912453126921	0.21154477210870185	0.17152930945324985	0.1366697585204616	0.10437546415904793	0.07760536092905973	0.059673963509352265	0.045971429645425665	0.03515163460180614	0.028255920154992294	0.023493686421004828	0.020153773162234954	0.017321831501757073	0.014477190551321894	0.011645248890844015	0.008991097289768334	0.007263993855575548	0.005905169830144457	0.004216164265823569	0.0028192423705205795	0.0017525020141073873	0.0013588240254310902	0.0013334254455164903	0.000977845326712093	0.0004698737284200966	0.00025398579914599816	0.00010159431965839927	1.2699289957299909e-05	0.0	0.0	0.0	0.0	0.0	0.0	0.0	0.0	0.0
Sor-CPnd_005-Ex1-3D-lcwgs-1-3.clmp.fp2_repr.R2	0.0	0.0	0.0	1.2692255946956523e-05	2.5384511893913047e-05	2.5384511893913047e-05	6.346127973478263e-05	0.00016499932731043482	0.00043153670219652185	0.0006599973092417393	0.0011549952911730436	0.002309990582346087	0.004086906414920001	0.00778035289548435	0.014684940130628698	0.0269456593753887	0.0480528810151774	0.08216966500059654	0.1375840544650087	0.2166948857823887	0.32306868287383134	0.4619219629335357	0.6360343300138853	0.8446569410140097	1.0786640639080471	1.3346668663581602	1.625763756501608	1.9307332823950794	2.239980098542675	2.556804191490604	2.8623194843897948	3.1431229549602606	3.4114753224467624	3.669902345782744	3.8741968975049565	4.036645081370053	4.163948408518027	4.215745505037556	4.226597383872204	4.196440583742236	4.102378274919341	3.979847236007422	3.8088825484019178	3.620123317958781	3.431909854521362	3.216014580863632	2.988201278871709	2.7610352819330815	2.540900794789067	2.3202078483833875	2.102764119500128	1.8805988714046014	1.6699835762208046	1.478685894588276	1.2975800944811533	1.1384572816741594	0.9905798076361688	0.8618422555661889	0.7536788503862253	0.6500338883233784	0.5537885114776071	0.4704765434417844	0.39761030205030706	0.32949096438299136	0.2661692994636253	0.2159714271934122	0.17704427820409654	0.14017327467818785	0.10537110887163306	0.0772196851812835	0.05884129857009044	0.04660596383722436	0.036414082311818266	0.029560264100461746	0.024508746233573048	0.020459916586493918	0.017540697718693918	0.01471032464252261	0.011549952911730438	0.009011501722339131	0.007793045151431306	0.006282666693743479	0.004543827629010435	0.0032238330105269566	0.0019165306479904352	0.001358071386324348	0.0012692255946956524	0.0008503811484460872	0.00044422895814347837	0.0002538451189391305	0.00013961481541652178	7.615353568173915e-05	6.346127973478263e-05	2.5384511893913047e-05	0.0	0.0	0.0	0.0	0.0	0.0	0.0
Sor-CPnd_006-Ex1-2D-lcwgs-1-3.clmp.fp2_repr.R1	0.0	0.0	0.0	4.4678903443885625e-06	2.233945172194281e-05	2.6807342066331372e-05	5.808257447705131e-05	0.0001876513944643196	0.0003529633372066964	0.0006165688675256215	0.0011080368054083634	0.0019033212867095273	0.003426871894146027	0.00714415666067731	0.013997900448969364	0.026704580588410434	0.0492987020599834	0.08454142109652037	0.1380086648478183	0.21641567250149318	0.32385503161300494	0.46176987076359105	0.6310984469255732	0.8355982558785822	1.0664675536441723	1.320033734359256	1.6022256885108377	1.9034776628715813	2.21162805992406	2.512544942508974	2.8088822374908897	3.101082266013902	3.376313247008926	3.615841316261941	3.8243264834021446	4.000325619848299	4.121820961983257	4.181364536602924	4.196908327111052	4.170677342899146	4.092087151741351	3.9730134061730515	3.819291170984019	3.638279061571461	3.448165859527383	3.2449215277611474	3.0181269459896396	2.790666648556818	2.5715702418486917	2.343546990232477	2.122279188816978	1.9151343887800907	1.7131723415426947	1.5201103318713205	1.334898405535037	1.16951497654715	1.0263548341322517	0.8969513260877258	0.7787666906979596	0.672238781216703	0.5755804415062009	0.48842530455821326	0.4102550950927909	0.3404175011196533	0.2781351097188767	0.2235553612718261	0.17514130150003163	0.1381248299967724	0.10756446004115464	0.08200812727125206	0.06383721724062377	0.049531032357891594	0.03848193953621869	0.029532755176408392	0.02252710311640713	0.0180860201140849	0.014484900496507719	0.010986542356851474	0.008341551272973445	0.006451633657297083	0.005147009676735623	0.0039451471740951	0.0030068902017735023	0.0022384130625386694	0.0015771652915691624	0.0012420735157400204	0.0009605964240435409	0.0005450826220154046	0.00030381654341842223	0.00021892662687503955	0.00011169725860971404	2.6807342066331372e-05	8.935780688777125e-06	8.935780688777125e-06	1.3403671033165686e-05	1.787156137755425e-05	8.935780688777125e-06	0.0	0.0	0.0	0.0
Sor-CPnd_006-Ex1-2D-lcwgs-1-3.clmp.fp2_repr.R2	0.0	4.466340629755815e-06	8.93268125951163e-06	1.3399021889267446e-05	1.786536251902326e-05	3.573072503804652e-05	6.699510944633724e-05	0.00011612485637365119	0.00024564873463656984	0.0005225618536814304	0.0009736622572867677	0.0018758630644974425	0.003644533953880745	0.007244404501463932	0.013850122292872783	0.026391606781227116	0.048267743185771095	0.08273896016622648	0.13628591797636896	0.21364293768373968	0.31841882251718134	0.4549995189751142	0.6208034821735393	0.8223292377287514	1.054194845181895	1.3069986575073336	1.5858591010667678	1.8825223783764082	2.1903961706667365	2.4914409281341676	2.782333693350164	3.073994669154478	3.349532155285374	3.5913621686835024	3.8055410672428125	3.9829798477817513	4.108113313205621	4.180892333767491	4.202679143359441	4.177319261263687	4.09971212648105	3.9879910819683375	3.8414683112685686	3.6615596443613745	3.467287225988886	3.2526616933666	3.028326336215225	2.8075551188863948	2.587038482973461	2.359353370349769	2.140408886338509	1.9276860148244992	1.7204254779006805	1.5298199251852214	1.3475708957880352	1.1813738946141916	1.0341320430730316	0.9028796909863976	0.7859151625743523	0.6774322150182133	0.5810798486124911	0.492699900230883	0.41469526113219773	0.34619946123426254	0.28235758827253293	0.22753325704228025	0.17811766431466192	0.13948828420790388	0.10856780802810437	0.08263176799111234	0.06435103579352178	0.05037585596301584	0.03863384644738781	0.029964679285031767	0.02351528341566437	0.018557645316635413	0.014935443065903446	0.011675014406181702	0.008861219809435538	0.0068022367791181065	0.00539980582137478	0.004104567038745594	0.002947784815638838	0.0021661752054315704	0.0015900172641930702	0.0012103783106638258	0.0009468642135082329	0.0005761579412385002	0.0003349755472316861	0.00021438435022827913	0.00011165851574389538	3.573072503804652e-05	1.3399021889267446e-05	8.93268125951163e-06	1.3399021889267446e-05	1.786536251902326e-05	8.93268125951163e-06	0.0	0.0	0.0	0.0
Sor-CPnd_007-Ex1-1C-lcwgs-1-3.clmp.fp2_repr.R1	0.0	0.0	0.0	0.0	0.0	0.0	1.587199804964888e-05	0.00011110398634754215	0.00020633597464543544	0.00036505595514192425	0.0006031359258866575	0.0010792958673761237	0.002110975740603301	0.004380671461703091	0.008824830915604777	0.01671321394628027	0.030474236255325853	0.05332991344682024	0.09372414848317663	0.152291821286381	0.22971542777256823	0.3374545505335848	0.48239763672297836	0.6514820319458878	0.842374552489015	1.0678680287803766	1.3195344298556093	1.5816287336494612	1.8599442194500542	2.143608568593379	2.421924054393972	2.69866821238765	2.9682540992609363	3.2200950923147147	3.4365574017158265	3.6307036818591314	3.794502701731508	3.8972580171049347	3.948476954811152	3.9738880236886396	3.964729880813992	3.9050987841414613	3.821358122431514	3.7097621041444326	3.5834527436653265	3.4384302974856853	3.2786468931198702	3.1116417296414642	2.921003161067132	2.7177622260413776	2.5092041716689915	2.290218214577986	2.07620019287652	1.8805778169145977	1.6811461614207597	1.488698185068767	1.321264477643021	1.170464624173307	1.0329813770672485	0.9061323686544545	0.7814895679705619	0.6693856457458919	0.5655034185109399	0.47244589394584857	0.3913717279082421	0.3145830013440408	0.2466508496915436	0.1968762638078447	0.15549796489241008	0.11783371352059328	0.08977202096881406	0.06940824747111456	0.055044089236182314	0.043108346702846356	0.03341055589451089	0.02672844471560871	0.021855741314366506	0.01755442984291166	0.01303091039876173	0.010142206753725633	0.007856639034576196	0.005904383274469383	0.004507647446100282	0.0034124795806745093	0.0024284157015962786	0.0016506877971634835	0.0012380158478726125	0.0008412158966313906	0.0004920319395391152	0.00030156796294332873	0.0001587199804964888	6.348799219859553e-05	3.174399609929776e-05	3.174399609929776e-05	3.174399609929776e-05	1.587199804964888e-05	0.0	0.0	0.0	0.0	0.0
Sor-CPnd_007-Ex1-1C-lcwgs-1-3.clmp.fp2_repr.R2	0.0	0.0	0.0	0.0	0.0	0.0	0.0	3.1721762080440044e-05	9.516528624132013e-05	0.00019033057248264026	0.00042824378808594055	0.0008089049330512211	0.0015702272229817823	0.0039652202600550055	0.008596597523799251	0.016828394783673446	0.02988189987977452	0.05215057686024343	0.092056553557437	0.14999635199736075	0.2287773481241336	0.3377098791083647	0.475493352704756	0.6412712813371357	0.839310242005323	1.065946371189027	1.308824042557916	1.5682446128517546	1.8456355613641628	2.118950263449234	2.3951833676457057	2.6717495503440225	2.9371179510279437	3.1860068963110764	3.4118975640858897	3.622070098749845	3.7819953622783844	3.8826167915975396	3.941682712591319	3.9626666582075303	3.9524839725797087	3.911087073064735	3.827738143198378	3.714364565522885	3.6019902233529266	3.4658245596226376	3.298143325265432	3.1284953416592383	2.939846022566862	2.730339644906595	2.529334699483887	2.308693983333386	2.0885608153761726	1.8894115930351698	1.6833787483227118	1.500423485523774	1.3363585320437381	1.1830631167900114	1.0448196776434537	0.9084795442217224	0.7858590728997814	0.6750073753096837	0.5731805190314712	0.4808543304963504	0.3960620604553342	0.319707779127715	0.2509825815804416	0.20030706665693865	0.15797437516059143	0.11987653890198292	0.09166003153143151	0.07116777322746724	0.05595718830989624	0.043236761715639775	0.03368851132942732	0.02699521953045448	0.02223695521838847	0.018240013196253024	0.013798966504991418	0.010468181486545214	0.008215936378833971	0.0065664047506510895	0.0053133951484737076	0.003489393828848405	0.0019826101300275028	0.0015860881040220022	0.0012688704832176019	0.0007296005278501211	0.00039652202600550055	0.0002696349776837404	0.0001427479293619802	4.7582643120660065e-05	4.7582643120660065e-05	4.7582643120660065e-05	3.1721762080440044e-05	1.5860881040220022e-05	0.0	0.0	0.0	0.0	0.0
Sor-CPnd_008-Ex1-1A-lcwgs-1-3.clmp.fp2_repr.R1	0.0	0.0	0.0	0.0	1.2426796846476618e-05	2.4853593692953236e-05	2.8995859308445444e-05	0.00012841023408025838	0.00028167406185347	0.0004473646864731583	0.0007497500764040893	0.0013048136688800448	0.0023445223383685883	0.00433695209942034	0.008156120996904152	0.015417512620861992	0.028652051262359587	0.05259020425428905	0.09359034931643091	0.15643680323467865	0.24492388131282317	0.36577033837919276	0.5214159688813124	0.7140520313297773	0.9444986943164554	1.2047986655939857	1.493460729540791	1.8099629606893195	2.138150523139151	2.463662182001375	2.786821033994	3.102942176705903	3.41051368318743	3.6964377095623955	3.938818239787306	4.13186024426609	4.264466593414841	4.338551013947919	4.361221633661509	4.334006948567724	4.250088789463468	4.1144834400091	3.9444020138369895	3.750262308970101	3.5399387723434845	3.317457686135398	3.088340690411293	2.852322680171778	2.612038136348306	2.3676071846437265	2.1255083284806693	1.8944071875267434	1.6816852791087566	1.484397452374094	1.2988198105344275	1.1297449549068823	0.9828105089941428	0.8507385121097893	0.7317353632423137	0.6306682244899193	0.5394016861837795	0.4537603445834782	0.37607629523053737	0.308503516245013	0.24673405138679322	0.1927686149481608	0.14974704426565874	0.11414427130050323	0.08536380980406337	0.06437080766474888	0.04809998832709549	0.03593415421439489	0.027260250015554207	0.021129696904625742	0.015686759885868984	0.011370519114526105	0.008914155604539228	0.006814026937484679	0.0050038568635145855	0.0035913442886317424	0.002311384213444651	0.0015533496058095773	0.0011681189035688021	0.0007580346076350736	0.00045979148331963483	0.00030238538993093104	0.00022368234323657914	0.0001491215621577194	6.213398423238309e-05	2.4853593692953236e-05	1.2426796846476618e-05	4.142265615492205e-06	0.0	0.0	0.0	0.0	0.0	0.0	0.0	0.0	0.0
Sor-CPnd_008-Ex1-1A-lcwgs-1-3.clmp.fp2_repr.R2	0.0	0.0	4.137074517399915e-06	8.27414903479983e-06	2.8959521621799406e-05	4.964489420879898e-05	7.033026679579855e-05	0.00011583808648719762	0.00019857957683519593	0.0004095703772225916	0.0006950285189231858	0.0012204369826329749	0.002320898804261352	0.004232227231300113	0.007930771849855637	0.014798315548739496	0.027532230913296433	0.050253044162856766	0.08854580589591038	0.14857889421790055	0.23484930912924096	0.35110937721721336	0.5051492097980819	0.6951112604135337	0.9170446228994522	1.172542070945036	1.4634735622321502	1.7766831997954629	2.095779894397036	2.422617055420664	2.747311211844279	3.068182711413816	3.3724438567959933	3.6573062597660813	3.913126399624023	4.111825951620223	4.252850547769352	4.3328905284574875	4.3580770381194185	4.337044151272957	4.265414843078695	4.140930270850132	3.973192584542152	3.781468140182288	3.5710317077802234	3.350331193500491	3.1256508135350183	2.887309813513092	2.643003152037075	2.3966858723456013	2.149276404981534	1.9130163534418598	1.7001349100000125	1.5082698051065566	1.3201859863220042	1.1457462392958369	0.9949871068072664	0.8601888078068252	0.7415168252752086	0.638569862984229	0.5460814250732365	0.45898359525841614	0.37900153361352357	0.3096145198076922	0.2504957249540475	0.19749152623711974	0.15232294665614746	0.11645864766480761	0.08760668998046059	0.06576707360310645	0.04974832107173398	0.03693993836586384	0.02758601288202263	0.020962556579665368	0.015902914444885275	0.012009927324011953	0.009544230911641603	0.007512927323598245	0.00534510027648069	0.0038019714814905223	0.002531889604648748	0.0016631039559947657	0.0011832033119763756	0.0007819070837885839	0.00047990064401839017	0.00031441766332239354	0.0002564986200787947	0.00015307175714379684	6.205611776099872e-05	3.309659613919932e-05	1.654829806959966e-05	1.2411223552199745e-05	8.27414903479983e-06	4.137074517399915e-06	0.0	0.0	0.0	0.0	0.0	0.0	0.0
Sor-CPnd_009-Ex1-6A-lcwgs-1-3.clmp.fp2_repr.R1	0.0	0.0	0.0	0.0	0.0	9.63232546780111e-06	2.8896976403403333e-05	5.7793952806806666e-05	9.632325467801111e-05	0.00016856569568651943	0.0004816162733900555	0.0010210264995869176	0.002022788348238233	0.004190061578493483	0.008264535251373353	0.016871018056853645	0.03228755496806932	0.058535641867827344	0.10116349822558116	0.16679816396317795	0.2628083680634855	0.390157343073284	0.5479396503986	0.7463511065471012	0.9763999356945953	1.2335444963830136	1.527060718037849	1.8402605967861358	2.1621054876417745	2.478806716697607	2.792266668233525	3.100775604478993	3.3943544362493685	3.6527656477368033	3.871920316780214	4.057959050865325	4.187913569914163	4.250672986499621	4.257348188048807	4.225701182724348	4.148213940498621	4.0219245212902806	3.8645804847737497	3.685732281650352	3.4879613751454603	3.2752362833518065	3.05877866543938	2.8483460671070633	2.630019778053883	2.391942405628977	2.1614697541608994	1.944963974621134	1.7369924354458401	1.5409505313624183	1.3503653396565054	1.1794686212067782	1.0285734265909399	0.896013363503061	0.7775405764118413	0.6667640173693945	0.5667949275018207	0.4778404018066775	0.40019422621073275	0.32997938971319657	0.2670032458047129	0.21343306771553702	0.16676926698677452	0.12899610266479247	0.09948265743144986	0.07623503991491189	0.05759167397198284	0.04308539181747437	0.03262950252217626	0.02404228436763157	0.017935390021045668	0.013923526463706506	0.010845998476744051	0.007990013975541022	0.005581932608590743	0.003958885767266257	0.0029523077558810404	0.00217208939298915	0.0015459882375820782	0.0010980851033293266	0.0007561375492223871	0.0005923880162697683	0.0005779395280680667	0.0005153294125273594	0.0003419475541069394	0.00013485255654921554	2.8896976403403333e-05	9.63232546780111e-06	9.63232546780111e-06	4.816162733900555e-06	0.0	0.0	0.0	0.0	0.0	0.0	0.0
Sor-CPnd_009-Ex1-6A-lcwgs-1-3.clmp.fp2_repr.R2	0.0	0.0	0.0	0.0	4.8147621377505375e-06	1.4444286413251612e-05	1.925904855100215e-05	3.85180971020043e-05	0.00010592476703051183	0.00021184953406102366	0.00043332859239754836	0.0009388786168613547	0.00196923771433997	0.004073288768536955	0.008136948012798408	0.01640870936545383	0.03217224060444909	0.05810936424051124	0.10007964579528267	0.16638373519424532	0.26010308020555956	0.3860283691562871	0.5441307134736015	0.7378815566588208	0.9669486801244404	1.2264065822035413	1.5163708171874297	1.8231193129835164	2.1434935856294373	2.463968968280251	2.771266346960041	3.0732915610989946	3.363371350374189	3.6184622631943504	3.8437690574303867	4.029642949758246	4.153444928606226	4.218164961261868	4.234790334923521	4.207461745029649	4.1379173207119795	4.018963807336715	3.861054053504911	3.697920282753647	3.517780772131849	3.30228164837041	3.0794255680624887	2.8702337827015034	2.64988619346735	2.4117625024206215	2.1858923810144684	1.9686599428834397	1.7579563222112005	1.5624240170350137	1.3703294520251805	1.1981872613141855	1.049001856475985	0.9121326131861505	0.7887398891198797	0.6770566665726183	0.5761825850246068	0.4851932101453972	0.40602407631436505	0.3347126342921418	0.2708207407241922	0.21809909531582383	0.17169441783218417	0.1334266883613429	0.10262184020401496	0.07799433186942095	0.059192685721505114	0.0443776626236467	0.03293297302221368	0.024569731188940992	0.018594611375992574	0.014193918782088585	0.011001731484759978	0.008295835163344175	0.005878824570193406	0.0041792135355674664	0.0031055215788490962	0.0023592334474977633	0.0016659076996616861	0.0011266543402336257	0.0007511028934890838	0.0006307338400453204	0.0006114747914943182	0.00047184668949955266	0.00027925620398953113	0.00012036905344376344	3.85180971020043e-05	1.4444286413251612e-05	9.629524275501075e-06	4.8147621377505375e-06	0.0	0.0	0.0	0.0	0.0	0.0	0.0
Sor-CPnd_010-Ex1-1H-lcwgs-1-3.clmp.fp2_repr.R1	0.0	0.0	0.0	0.0	0.0	0.0	3.7854125342579835e-05	0.00018927062671289917	0.000227124752055479	0.0003406871280832185	0.0010220613842496554	0.002044122768499311	0.003520433656859925	0.00704086731371985	0.014384567630180338	0.025816513483639447	0.043872931272050025	0.07654104144269643	0.12866617203942887	0.20187605045197823	0.31006314068107144	0.45368169223081933	0.6195206153566616	0.8201096255469921	1.0639280468785488	1.3424208470239087	1.6357146101782172	1.9516451402873884	2.278477658495223	2.5811592447344913	2.8876262435080178	3.1788758838938267	3.4572551216631586	3.7329845706585103	3.942847841557773	4.106680496040458	4.225466741365474	4.260822494435444	4.252873128113502	4.2199778931908005	4.13942431446179	3.996449283042866	3.8233045137259056	3.640658358947958	3.444271156670654	3.2330451372590585	3.01443756340566	2.7959056978029464	2.5576139787714065	2.3092530623987404	2.0869736383871116	1.8665869206426118	1.645935224020714	1.4543176415365746	1.2689838438593037	1.105189043501961	0.9651287797344154	0.834077797798404	0.7132852838302318	0.6085050648819709	0.5158760201686781	0.4276380539951244	0.36109050164286904	0.30006965159063037	0.23912450978907682	0.1914661659827688	0.14910739972442197	0.11587147767363687	0.08816225792286843	0.06677467710431083	0.05208727647138986	0.04042820586587526	0.03122965340762836	0.02320457883500144	0.017337189406901564	0.012681131989764245	0.010069197341126237	0.008214345199339824	0.005640264676044396	0.003823266659600563	0.002725497024665748	0.0017412897657586722	0.0014763108883606136	0.0010220613842496554	0.0004921036294535378	0.0003406871280832185	0.0004163953787683781	0.0004163953787683781	0.00026497887739805885	0.0001135623760277395	3.7854125342579835e-05	0.0	0.0	0.0	0.0	0.0	0.0	0.0	0.0	0.0	0.0
Sor-CPnd_010-Ex1-1H-lcwgs-1-3.clmp.fp2_repr.R2	0.0	0.0	0.0	0.0	3.782995284874677e-05	3.782995284874677e-05	3.782995284874677e-05	7.565990569749354e-05	0.00011348985854624031	0.00022697971709248062	0.0006431091984286951	0.0015131981139498707	0.0030263962278997414	0.00692288137132066	0.013580953072700089	0.023341080907676757	0.04032672973676406	0.07210389012971134	0.12446054487237686	0.19970432108853417	0.30789798623595	0.44351836719870713	0.6064519741182595	0.8097123107745758	1.0484949731558655	1.3148935011167402	1.605200559278023	1.9271712879737068	2.246985709357012	2.551819469412213	2.856842379231659	3.150970262630665	3.431441533051273	3.6911819893107682	3.923533559707771	4.096302954367998	4.196401009605782	4.242402232269858	4.2545456471343055	4.230637116933898	4.157738797794362	4.037666527452441	3.85264022806922	3.6496068711299956	3.465980280002179	3.2584829886268025	3.0442519656443503	2.816742629211987	2.5665353210703756	2.325445031565313	2.1085280819305985	1.8937674396082633	1.672991834782977	1.4645487945863824	1.2775175077021785	1.1175346371048283	0.9716623389200608	0.8405437223463045	0.7242922772421057	0.6220379146919431	0.5262146441260676	0.4340230490336717	0.36282707777233025	0.30513639967799144	0.24400319587441666	0.19149522132035615	0.14897435431836478	0.11579748567001386	0.09200244532815215	0.06998541277018153	0.05084345662871566	0.04032672973676406	0.03291205897840969	0.024513809445987904	0.017969227603154714	0.013505293167002597	0.010743706609044083	0.00854956934381677	0.005901472644404496	0.004085634907664651	0.0028750764165047546	0.0019293275952860852	0.0013997082554036305	0.0007565990569749353	0.0004161294813362145	0.0005296193398824548	0.000491789387033708	0.0003404695756387209	0.00022697971709248062	0.00011348985854624031	3.782995284874677e-05	0.0	0.0	0.0	0.0	0.0	0.0	0.0	0.0	0.0	0.0
Sor-CPnd_012-Ex1-5B-lcwgs-1-3.clmp.fp2_repr.R1	0.0	0.0	0.0	0.0	1.863018578207564e-05	5.589055734622691e-05	8.383583601934037e-05	0.00012109620758349165	0.0002794527867311346	0.00041917918009670187	0.0007358923383919876	0.0016301412559316182	0.003083295746933518	0.00611070093652081	0.011709071764034537	0.022188551266452083	0.04088394269876498	0.07127909080222139	0.11838551555219964	0.1890404951307215	0.2875662326392285	0.4154717731260688	0.5735023240225253	0.7626918606395034	0.9837296998509399	1.2314832254738728	1.5025151682315092	1.7930901758745428	2.0881643733839477	2.3723026518392745	2.662886974575199	2.9531173237812647	3.231610655944622	3.481320351074673	3.6984179059932	3.890914300586497	4.040542637695237	4.122580660786608	4.145560994948798	4.145821817549747	4.098240323062326	4.001503083388898	3.876708783927664	3.714505071416023	3.542622977390593	3.3527254937138955	3.1346125936702456	2.925376977151754	2.7049259887924526	2.464494126181876	2.242589983331573	2.0311373747050143	1.816061194943842	1.6168299881903252	1.4277056572235844	1.2521627316919768	1.0940110845879365	0.9575356586413416	0.8390104166957763	0.7219010688696489	0.6161095589061323	0.5214775302260791	0.4388526562825737	0.3653472582793943	0.2961733784705474	0.23961213443616583	0.19046570434305027	0.15039217472580557	0.11864633815314869	0.09238709129331309	0.07181936618990159	0.055108089543379736	0.042439563211568304	0.0323885779821385	0.024321707538499746	0.018937583847479886	0.015239491969737872	0.011988524550765671	0.009380298541275084	0.006902483832259024	0.004732067188647212	0.0036515164132868254	0.002822473145984459	0.0019002789497717149	0.0012947979118542567	0.0010712356824693493	0.0009221941962127442	0.0007079470597188743	0.0004657546445518909	0.00027013769384009675	0.00014904148625660512	4.657546445518909e-05	0.0	0.0	0.0	0.0	0.0	0.0	0.0	0.0	0.0
Sor-CPnd_012-Ex1-5B-lcwgs-1-3.clmp.fp2_repr.R2	0.0	0.0	0.0	0.0	9.311110072405054e-06	3.724444028962022e-05	7.448888057924043e-05	0.00016759998130329098	0.0003072666323893668	0.00043762217340303757	0.0007821332460820245	0.0014245998410779732	0.0028771330123731616	0.006080154877280501	0.011778554241592392	0.021927664220513902	0.04027986217322426	0.07095065875172651	0.11860492010229559	0.1906356676224211	0.28804850119992276	0.41131828744849325	0.5690857365153245	0.7614718928313577	0.9762885133118148	1.2191874417706454	1.4902990337488633	1.7786361793610306	2.08169418999767	2.3659996249484863	2.644653216085352	2.9289214065958786	3.2050423757930506	3.4507346372736025	3.6636890357395786	3.8571645919340836	4.013283974518099	4.1003707870253026	4.124784517635149	4.129458694891497	4.098201298378433	4.0116359080352835	3.878123900707067	3.727349095304612	3.5624307137021733	3.3726889126467032	3.1625557805326663	2.9448620270398362	2.7193003855358238	2.4808801010218198	2.26020679230582	2.0461816161815176	1.8313370623708431	1.6336715066437562	1.4432686167731454	1.265864036563612	1.1087669874219939	0.9688582474740356	0.8443966391361971	0.7298606741355426	0.6234253748978804	0.5266084523650126	0.44282708393351194	0.369520714333467	0.3016147885754169	0.24494737267475977	0.19464875606362766	0.1526835829672981	0.12049507544699381	0.09382805619962574	0.07288736964678677	0.05614599373660248	0.04325941739639388	0.032933396326096674	0.024627886141511367	0.019171575639082006	0.015717153802219733	0.012616554148108848	0.009655621145084042	0.007011265884521006	0.005093177209605565	0.0037244440289620215	0.0026629774807078455	0.001908777564843036	0.0013687331806435429	0.0010521554381817712	0.00084731101658886	0.0006610888151407588	0.0004841777237650628	0.0003165777424617718	0.00019553331152050613	8.379999065164549e-05	1.862222014481011e-05	9.311110072405054e-06	0.0	0.0	0.0	0.0	0.0	0.0	0.0
Sor-CPnd_013-Ex1-7F-lcwgs-1-3.clmp.fp2_repr.R1	0.0	0.0	0.0	0.0	9.655074398141283e-06	1.9310148796282566e-05	6.758552078698898e-05	0.0001641362647684018	0.00029930730634237975	0.0004730986455089228	0.0008786117702308566	0.0016992930940728655	0.0031475542537940577	0.006295108507588115	0.012532286568787385	0.023075627811557663	0.04311956226209897	0.07747231697068564	0.12703181385634485	0.19734972069800782	0.2941032212417816	0.4192329854416926	0.574660373102971	0.7638998313065402	0.9807914225863859	1.2182000469622818	1.4834635609768154	1.7624855560087003	2.0586163428740916	2.358435368159573	2.6390890707647436	2.9208241417025063	3.202404731449899	3.4493525693311584	3.6684648277225764	3.8607070140639674	4.012465473453952	4.099399763334817	4.1404241744525185	4.1568088357061646	4.124551232141974	4.038804516412082	3.9104982327351823	3.7589521849819563	3.5789815982006026	3.378754665331949	3.16151549137377	2.9458790597656828	2.7256661228928767	2.4844630542785113	2.2547398691235356	2.0342759003163775	1.8194698051065303	1.6275848565178705	1.4354295658460625	1.2549182948984132	1.1007653770576895	0.9634605640417222	0.8374811532947748	0.7185016714864798	0.6126724010084532	0.5158513149438924	0.4332231882445994	0.3622970117158535	0.2956480331454842	0.23691621558159076	0.18474984860843344	0.1473171251668397	0.11736708438380543	0.09029425577141727	0.0703275619160611	0.05414565722477631	0.04016510949626774	0.03041348435414504	0.024350097632112315	0.018566708067625688	0.013883996984527164	0.010630236912353552	0.008187503089623809	0.005619253299718226	0.004103406619210046	0.0030510035098126453	0.0022399772603687775	0.0017089481684710067	0.0012165393741658016	0.0009365422166197043	0.0006855102822680311	0.00044413342231449895	0.0003379276039349449	0.00027034208314795594	0.0001641362647684018	4.827537199070641e-05	9.655074398141283e-06	0.0	0.0	0.0	0.0	0.0	0.0	0.0	0.0
Sor-CPnd_013-Ex1-7F-lcwgs-1-3.clmp.fp2_repr.R2	0.0	0.0	0.0	0.0	9.650965125465441e-06	1.9301930250930882e-05	1.9301930250930882e-05	8.685868612918897e-05	0.00022197219788570516	0.00048254825627327204	0.0009650965125465441	0.0016406640713291251	0.002924242433016029	0.006002900308039505	0.012401490186223094	0.023615911662013937	0.04439443957714103	0.07729457968985272	0.12526952732854144	0.19503635422053112	0.29006940781098933	0.41567671891892205	0.5720706087770896	0.7599942017001526	0.9700378066907825	1.2070751611373391	1.4762019746260684	1.750414846735918	2.042067012827484	2.337907697783501	2.6223409419612187	2.9037920379151676	3.1778794474783862	3.4252626365394416	3.644098270759371	3.842686180146073	4.003673929403962	4.098185830877645	4.143950707502602	4.156439056374954	4.118945056862521	4.0389964617631655	3.9186006718229844	3.766752386538911	3.591558416616337	3.400507910992623	3.187096119173206	2.9595553144101068	2.7325742656242853	2.497119669458305	2.266944151215954	2.0438138375151933	1.8294948549739818	1.6351823231378608	1.4457435286900995	1.2657433781350436	1.1089248458113556	0.9683585387589516	0.8422397264993692	0.7257236245396249	0.6163588877378504	0.5201001615764581	0.43877147846416087	0.36666911801180857	0.29700845173619894	0.238909641680897	0.18842544310958728	0.14966716716571807	0.11850420077559017	0.09176137641292542	0.07226642685948523	0.05553165333192816	0.041026252748353594	0.031008550948120467	0.024831933267822584	0.019765176576953224	0.014891439188593177	0.010722222254392106	0.007952395263383524	0.005761626179902869	0.004381538166961311	0.003252375247281854	0.002451345141868222	0.0018819381994657613	0.0013221822221887655	0.0009361436171701477	0.0006755675587825809	0.00041499150039501397	0.0002702270235130324	0.00021232123276023973	0.0001351135117565162	3.8603860501861765e-05	9.650965125465441e-06	0.0	0.0	0.0	0.0	0.0	0.0	0.0	0.0
Sor-CPnd_014-Ex1-1F-lcwgs-1-3.clmp.fp2_repr.R1	0.0	0.0	4.927894068412179e-06	4.927894068412179e-06	9.855788136824358e-06	3.4495258478885256e-05	4.9278940684121796e-05	8.377419916300704e-05	0.00020697155087331153	0.00043365467802027177	0.0008278862034932461	0.0014340171739079441	0.002946880652910483	0.006081021280420629	0.011910719963352237	0.022830933218953627	0.04235032162393427	0.0747315135474707	0.1249812493630697	0.19948115188932503	0.3038933714108423	0.43704014124527096	0.601301634227654	0.8010488923966734	1.0273870669588447	1.285130710419007	1.5702488054291988	1.867228341462059	2.176916916297354	2.479149587407141	2.769299062261182	3.0604981785517946	3.342206170866645	3.5846092800918403	3.7992880572881487	3.9777813083401057	4.095188384520026	4.159428411595847	4.173591179148463	4.142451816530167	4.069962494783824	3.957995813655431	3.8157620071588503	3.6481938972565624	3.453704702058539	3.2438946842018224	3.028851242844451	2.8150447028982524	2.604406798838042	2.382163704246721	2.158644285091681	1.9487702046120752	1.7455241416544833	1.553464398232187	1.3757891775955857	1.2153024514696065	1.0680126256588347	0.9340034743624339	0.8152067320552215	0.7079018387155465	0.6092158321015241	0.5183060423274561	0.4371682664910497	0.36559060514736275	0.29956175252470796	0.23971247906384208	0.18843281338794493	0.15029584119250305	0.11777666823505109	0.0892589452611498	0.06854700649161342	0.053181832786304235	0.04125140124667835	0.03154837782597478	0.024289589863203634	0.01911037319730243	0.015163130048504274	0.012176826243046494	0.009343287153709492	0.006751214873724686	0.005174288771832789	0.003966954725071805	0.002779332254584469	0.0018775276400650404	0.0013650266569501738	0.0010102182840244969	0.0008574535679037193	0.0006701935933040563	0.0004237988898834474	0.00024639470342060896	0.00015276471612077756	7.391841102618269e-05	2.4639470342060898e-05	4.927894068412179e-06	0.0	0.0	0.0	0.0	0.0	0.0	0.0
Sor-CPnd_014-Ex1-1F-lcwgs-1-3.clmp.fp2_repr.R2	0.0	0.0	0.0	0.0	9.850101160538919e-06	3.447535406188622e-05	6.402565754350297e-05	0.00011327616334619756	0.00021177717495158673	0.00036937879352020946	0.0006501066765955686	0.0013346887072530236	0.003058456410347334	0.006043037061990626	0.011421192295644875	0.022886710046512177	0.04249333640656489	0.07356055546690464	0.12282091137075979	0.19614506440981147	0.29908354658802344	0.4308680500148736	0.5923850837948106	0.7893378564997863	1.0157030312701312	1.2732240760112608	1.5529423237176645	1.8437517853308356	2.15509870786373	2.462259337403395	2.749808415532428	3.0392831884383456	3.318479380783241	3.5592207781973926	3.7788681839762495	3.9668672147262956	4.090298832369008	4.154945046285626	4.174073942739391	4.1468482631316625	4.075986635382745	3.975594404354533	3.8336839969346483	3.6600808890307306	3.469402630765018	3.2599550047378987	3.047178044518517	2.8363957297841447	2.620284510321921	2.3935351816063153	2.1706618676973815	1.95806713434947	1.7539040875949798	1.5637084842861335	1.3866775411783478	1.221230317035356	1.0718880082898452	0.9416696709475206	0.8234487568187325	0.7133640262485497	0.6145034859508007	0.5230551467763574	0.44048174874755963	0.368896138563343	0.3024522811849278	0.24306109623745834	0.19140716575159225	0.15096265038641948	0.11814703837008406	0.09058645532289616	0.0699406432904066	0.05333337273373798	0.04117834790163295	0.03231325685714792	0.025191633718078282	0.019552450803669755	0.015646885693516074	0.012598279384329277	0.009529972872821405	0.006919696065278591	0.005156527957542124	0.0039646657171169145	0.003014130955124909	0.0021276218506764066	0.001339613757833293	0.0009603848631525446	0.0008126333457444607	0.000610706271953413	0.00041862929932290403	0.0002856529336556287	0.00016745171972916162	7.38757587040419e-05	2.4625252901347293e-05	4.925050580269459e-06	0.0	0.0	0.0	0.0	0.0	0.0	0.0
Sor-CPnd_015-Ex1-5F-lcwgs-1-3.clmp.fp2_repr.R1	0.0	0.0	0.0	0.0	1.0732773683582376e-05	3.219832105074713e-05	4.2931094734329505e-05	4.2931094734329505e-05	9.659496315224138e-05	0.0003541815315582184	0.0007620269315343487	0.0012128034262448087	0.0023826757577552877	0.005430783483892683	0.011677257767737625	0.021980720503976706	0.039110227302974185	0.0674125515065809	0.11245800265657613	0.17851822467902567	0.269306757268449	0.3900397284350671	0.5354688118476084	0.7127313020056549	0.9190581432988424	1.1477413521749322	1.4052205928440733	1.6822120160699676	1.9761934200369722	2.2718920677933503	2.5590796260186477	2.844743130380876	3.1230868830909015	3.3764554714392303	3.5968851773526453	3.7869196681941553	3.941010099969347	4.037690925311057	4.090002464244838	4.110566458622582	4.076768954292981	4.004376395797218	3.9021145281400447	3.7586710078589665	3.5965202630474034	3.417358071947363	3.216955721727513	3.0087291794923314	2.791551504005042	2.5585429873344685	2.336202847705376	2.115386761939352	1.8952683064627611	1.7029477348266486	1.5156608340481361	1.3346740714218863	1.1719115585103597	1.026933251592529	0.8955963000265315	0.7755180280546118	0.6668594272820237	0.5708976977771137	0.4822879182454577	0.40090129540285246	0.329496152085979	0.26700994370016234	0.2113068482823698	0.16806450311121643	0.13317225586589013	0.10342100721499978	0.0818481321109992	0.06315164035419871	0.04736373026564902	0.036019188482102456	0.027647625008908203	0.021411883498746842	0.017526619425290022	0.013523294841313795	0.010002945073098774	0.007749062599546475	0.005945956620704637	0.004411169983952357	0.0031447026892896363	0.0024685379472239467	0.0019748303577791573	0.0012986656157134677	0.0006654319683821073	0.0003541815315582184	0.00023612102103881226	0.0001395260578865709	6.439664210149426e-05	2.1465547367164752e-05	2.1465547367164752e-05	2.1465547367164752e-05	2.1465547367164752e-05	2.1465547367164752e-05	1.0732773683582376e-05	0.0	0.0	0.0	0.0
Sor-CPnd_015-Ex1-5F-lcwgs-1-3.clmp.fp2_repr.R2	0.0	0.0	0.0	1.072793547962132e-05	2.145587095924264e-05	2.145587095924264e-05	1.072793547962132e-05	6.436761287772793e-05	0.0002038307741128051	0.00046130122562371677	0.0008153230964512205	0.0013302639994730438	0.002714167676344194	0.005406879481729145	0.010824486898937913	0.02060836405635256	0.03809489888813531	0.06680285423160197	0.11069083827873279	0.17682856051059823	0.2689278866031473	0.3847788618475779	0.5275462272103785	0.7050506476561929	0.9120139789290475	1.1430078856762536	1.395135825318314	1.668483621339065	1.965926360447046	2.2596035942016797	2.543067833379714	2.8262102344933595	3.1104790688323654	3.361115825442758	3.577669931034394	3.7827344177273554	3.9417975170837005	4.0332853508539115	4.0885664023804	4.102727277213501	4.075038475740598	4.021763548148798	3.9116091066440464	3.764218001089529	3.600220051412558	3.4220397710315273	3.224710125819373	3.022177431899602	2.8107834632736637	2.571271575755638	2.34004165442788	2.118284500128628	1.905517355761298	1.7117279292574186	1.5182067011405298	1.3364647461802648	1.1802445497260192	1.035202862041539	0.900803286352843	0.7831071062059176	0.6746798623133848	0.5750173417077028	0.4858789258075292	0.40373512384006877	0.3307422508367253	0.26935700402233215	0.21430123914091553	0.17094965186776576	0.1348608769143196	0.10510158389385009	0.08243345622541023	0.06258677558811078	0.04719218817485419	0.03643206888879401	0.028471940762914986	0.02215318676541803	0.017518718638221617	0.013206088575413846	0.00992334031864972	0.007863576706562429	0.006072011481465668	0.004419909417603985	0.003239836514845639	0.002467425160312904	0.0018130210960560034	0.001201528773717588	0.0007616834190531138	0.0004505732901440955	0.00028965425794977566	0.00021455870959242643	8.582348383697056e-05	1.072793547962132e-05	2.145587095924264e-05	2.145587095924264e-05	2.145587095924264e-05	2.145587095924264e-05	1.072793547962132e-05	0.0	0.0	0.0	0.0
Sor-CPnd_016-Ex1-1B-lcwgs-1-3.clmp.fp2_repr.R1	0.0	0.0	0.0	0.0	6.077699867743173e-06	1.823309960322952e-05	3.342734927258745e-05	8.508779814840442e-05	0.00016409789642906567	0.00032819579285813135	0.0006016922869065742	0.0009906650784421373	0.0019448639576778153	0.004132835910065358	0.008262632970196844	0.016288235645551704	0.03119987227105958	0.05648918142073892	0.09852255370605072	0.16421337272655281	0.2582384285304736	0.38422610793885564	0.547998847424997	0.7493317720937913	0.9833900717004487	1.2524498448454389	1.5531622789016355	1.8741803082159625	2.2098577496112854	2.541150130552032	2.858816308389298	3.1741516883272847	3.4777874960198663	3.7486341129259726	3.979386143804578	4.16117318569871	4.281131786838291	4.335335753108758	4.340371127449184	4.296168016311088	4.205762230778408	4.0672058680435335	3.88774962404868	3.689574064461179	3.481564786487669	3.270464998131411	3.0457177347221362	2.81300260678625	2.579391018119872	2.341768147540783	2.104443084255214	1.8754505474883207	1.666265234590402	1.4720857626659418	1.282221457647579	1.1124804168913138	0.9627258921501218	0.8290377670093092	0.7119022574582949	0.6070923232390639	0.5144620995547903	0.43082079397490874	0.35618360074908867	0.29190888579777075	0.23457794294534937	0.18570108060895876	0.14580098097722485	0.11200593086263895	0.08455296056004302	0.06374595506282427	0.04740605896839675	0.03502274548787004	0.02665983046985543	0.01978899076937177	0.014483158784831982	0.010961131711474814	0.008514857514708186	0.0064575561094771215	0.00457650800041061	0.003209025530168395	0.002212282751858515	0.0015346192166051512	0.0010514420771195688	0.0007445182337985387	0.0004740605896839675	0.0002947684435855439	0.00025830224437908486	0.00019752524570165313	0.00010635974768550553	6.989354847904649e-05	5.166044887581697e-05	2.4310799470972692e-05	9.11654980161476e-06	3.0388499338715865e-06	0.0	0.0	0.0	0.0	0.0	0.0	0.0
Sor-CPnd_016-Ex1-1B-lcwgs-1-3.clmp.fp2_repr.R2	0.0	0.0	0.0	0.0	0.0	6.0720037636708135e-06	2.1252013172847845e-05	6.679204140037894e-05	0.00016394410161911196	0.0003066361900653761	0.0005555883443758794	0.0010565286548787215	0.0021494893323394677	0.004159322578114507	0.00810916102638237	0.016078665966200313	0.030930787172139117	0.056396770956974505	0.09780783662520945	0.1622409045634023	0.2558985266161427	0.38103948818351635	0.541225019472916	0.740344238894973	0.9725498068252723	1.2378842272901596	1.5338519067427658	1.8508651512402552	2.180046691280141	2.504285620256399	2.818542175045182	3.1275798425990895	3.4235596660592233	3.6979504801376253	3.9311336406738757	4.10968698334838	4.2339292883587305	4.301012785939765	4.323882988115631	4.290972727716536	4.19962246709399	4.072310764181104	3.9132940936162113	3.724718908729768	3.517599824349075	3.306916473759107	3.0877596419169366	2.856643998662216	2.621247592754108	2.3762392048881087	2.135265663523069	1.907167806138893	1.6918697326885352	1.4927687292777692	1.305292577072551	1.134101538961498	0.9819431966476709	0.8459606723602633	0.723060280181684	0.6169641584190639	0.5242355529421652	0.4380130994980396	0.36098973175587534	0.29580677135286915	0.2395951965106866	0.18985030567681346	0.1486092561139613	0.11493999524440665	0.0868539418355473	0.06465166007368497	0.04781702963890765	0.03605859435055912	0.027624581122820364	0.020295672580069694	0.015046425326376275	0.011555023162265558	0.008713325400867616	0.006727780170147261	0.004848495005291144	0.0034428261340013508	0.0023043254283130737	0.001563540969145234	0.0011476087113337836	0.0008015044968045473	0.0005586243462577149	0.00034610421452923635	0.00021555613361031386	0.0001457280903280995	8.500805269139138e-05	5.768403575487272e-05	3.643202258202487e-05	1.8216011291012436e-05	6.0720037636708135e-06	0.0	0.0	0.0	0.0	0.0	0.0	0.0	0.0
Sor-CPnd_017-Ex1-3G-lcwgs-1-3.clmp.fp2_repr.R1	0.0	0.0	0.0	0.0	0.0	0.0	0.0	5.595062916482496e-05	0.00011190125832964992	0.0002797531458241248	0.0009511606958020242	0.0016785188749447488	0.003804642783208097	0.008672347520547869	0.015274521761997215	0.027247956403269755	0.05181028260662791	0.08789843841794001	0.1401003754287217	0.22581673930923354	0.3385572570763558	0.4771469655176272	0.6519926816577052	0.875795198317005	1.1368608340000783	1.4055357552495678	1.7000039165440417	2.00728477191726	2.3318543717024096	2.651052711087736	2.938527043736607	3.2244347587688624	3.4841016287228146	3.714002763961081	3.93640651489126	4.127030308455819	4.211068153461386	4.224216551315119	4.215376351907077	4.160488784696384	4.083053113932266	3.9714875593776053	3.784836260483749	3.5716084127366017	3.3874748921551623	3.182415836266079	2.9472553418863194	2.7274253198977223	2.5114558913214977	2.2582792943506647	2.0338613207705523	1.8359079947854013	1.6286109137297249	1.4328956129111672	1.252286981967112	1.0990941593138215	0.9623508216349892	0.8417772157847916	0.7289247967593395	0.6209400824712273	0.522914580174454	0.43719821629394223	0.3649100034129884	0.29692998897772604	0.23717471702969298	0.19509984389774462	0.15727721858232294	0.12661627379999887	0.09880881110508087	0.07447028741838202	0.05869220999390138	0.046047367802650944	0.03440963693636735	0.025121832495006408	0.020198177128501808	0.016617336861953012	0.012421039674591142	0.009008051295536819	0.0068259767581086445	0.005706964174812146	0.004587951591515647	0.003077284604065373	0.0023499264249226483	0.0018463707624392237	0.001454716358285449	0.0011190125832964992	0.0006154569208130745	0.00033570377498894977	0.00022380251665929984	0.0002797531458241248	0.00022380251665929984	5.595062916482496e-05	0.0	0.0	0.0	0.0	0.0	0.0	0.0	0.0	0.0
Sor-CPnd_017-Ex1-3G-lcwgs-1-3.clmp.fp2_repr.R2	0.0	0.0	0.0	0.0	0.0	5.5919216862551684e-05	5.5919216862551684e-05	0.00011183843372510337	0.00027959608431275845	0.0006710306023506202	0.0013420612047012404	0.002124930240776964	0.004082102830966273	0.00866747861369551	0.015098188552888954	0.027008981744612463	0.050271375959433956	0.08594783631774193	0.13549226245796273	0.21948292618551535	0.33132135991061873	0.4758166162834523	0.6490543501236374	0.8598138784785946	1.1120654657455653	1.378911968613662	1.6771850713585126	1.9981054569326968	2.3309925549154666	2.6330122451901086	2.8963358373958643	3.193937909538364	3.4851651909585337	3.7087861391918784	3.9064046515841353	4.0721492103647385	4.188964454390609	4.225311945351268	4.219775942881875	4.196233952582741	4.099717384277977	3.963554091217663	3.7952372484613828	3.614338581911028	3.415769442832107	3.1870598458642707	2.961481725040737	2.753294480661457	2.53968307224651	2.294980579255984	2.0681163164446117	1.8472913290543946	1.6327852131696468	1.4414855722828575	1.2558337722991857	1.0925496590605348	0.9561067699159086	0.8479590045037337	0.7416006540311605	0.6260156327762662	0.5231801929660335	0.44192957086474594	0.3659912743654008	0.29698696075701203	0.2430249164846496	0.1971152394404947	0.1566856456488698	0.12570639950701618	0.09897701384671649	0.07481991216209416	0.05955396595861755	0.04507088879121666	0.032377226563417426	0.024045263250897224	0.020074998853656052	0.0165520881913153	0.013420612047012405	0.011127924155647785	0.00794052879448234	0.006039275421155582	0.004138022047828825	0.0025722839756773773	0.0020690110239144125	0.0016775765058765506	0.0015098188552888955	0.0011183843372510338	0.0005032729517629651	0.0003355153011753101	0.00016775765058765505	0.00016775765058765505	0.00016775765058765505	5.5919216862551684e-05	0.0	0.0	0.0	0.0	0.0	0.0	0.0	0.0	0.0
Sor-CPnd_018-Ex1-1E-lcwgs-1-3.clmp.fp2_repr.R1	0.0	0.0	0.0	0.0	0.0	0.0	4.320205883731595e-05	0.0001836087500585928	0.0002808133824425537	0.00042122007366383055	0.000766836544362358	0.0016092766916900193	0.0031969523539613805	0.006523510884434709	0.012560998606949612	0.023620725669302498	0.04373128405807307	0.07564680502414023	0.12644162570211445	0.2012351900642177	0.3031380463467367	0.4356819628596221	0.5978192896760688	0.7930277925324809	1.016468840839079	1.2655179095214961	1.5392569548294395	1.8324153255847562	2.144625804287329	2.4493515262963372	2.740252589477404	3.027600283319102	3.300658896200357	3.542806435983513	3.755382166492526	3.935210736402854	4.06952593732807	4.1460583845583745	4.161881138607542	4.125785818448964	4.064244485635207	3.965063359059439	3.821654124748969	3.6604780437416524	3.483695218979356	3.2838640958273504	3.0673137759053044	2.8570169539999597	2.6374316894445924	2.408568782753911	2.1871906327567947	1.9752737336450505	1.775982636228512	1.585429155211821	1.3970249766222858	1.2287205559068122	1.0818011543158101	0.9458874772136141	0.8262501757783768	0.7149616722134511	0.6143980797548888	0.5245377973732716	0.4447867967595864	0.37145130188324255	0.3001895058310899	0.24125109706228162	0.19044547586959804	0.1498247400478117	0.11854644944959496	0.0923660017941815	0.07103498524325676	0.05508262501757783	0.043104854204931986	0.033114378098802674	0.02474397919907271	0.01900890588841902	0.01525032676957253	0.011556550738982017	0.00874841691455648	0.006307500590248129	0.00459021875146482	0.0034993667658225923	0.0027109291920415757	0.0019872947065165338	0.0014148674269220973	0.001101652500351557	0.0008424401473276611	0.0006480308825597392	0.00042122007366383055	0.00020520977947725076	9.720463238396088e-05	8.64041176746319e-05	5.400257354664494e-05	1.0800514709328988e-05	0.0	0.0	0.0	0.0	0.0	0.0	0.0
Sor-CPnd_018-Ex1-1E-lcwgs-1-3.clmp.fp2_repr.R2	0.0	0.0	0.0	0.0	1.0795887975820665e-05	2.159177595164133e-05	8.636710380656532e-05	0.00014034654368566866	0.000226713647492234	0.00043183551903282663	0.0007557121583074467	0.0014790366526874312	0.0030768280731088894	0.006423553345613296	0.012285720516483916	0.022962853724570555	0.04311877657542774	0.0745995859129208	0.1234509790035093	0.1964743652719603	0.2983443642118041	0.429222914142678	0.5875230195321365	0.7828422247906839	1.0050755787729524	1.245953431289463	1.5186359697827414	1.8141949948967835	2.1289814964957627	2.4387910937378887	2.718372204647716	3.0027358939308324	3.288513844538781	3.5297695531344457	3.740213797447118	3.9224483864789708	4.060117549946636	4.138355350107408	4.166834902587623	4.144768107565046	4.067329203114484	3.965912631469625	3.8300355854059456	3.668334775304104	3.4956545471308527	3.297927858853697	3.082161241768945	2.8645701196162796	2.6437942105107473	2.4182141312559744	2.2002667448001065	1.9883758514986742	1.7842148139879297	1.5929764543842424	1.4091656657079197	1.2410520981484403	1.0940444915816905	0.9586748522528751	0.8327732066788545	0.7206039306100778	0.6185180139107176	0.5264290894769673	0.4477594537971621	0.3768736533479236	0.3075424607672033	0.2463189800563243	0.19362425084634363	0.15253510121037017	0.11921899091698761	0.09287702425598518	0.07290463150071695	0.05585792438689613	0.0437773257419528	0.034147393667520766	0.025823764038163034	0.019691699667896894	0.015492099245302654	0.012199353412677352	0.009381626650988158	0.006747429984887916	0.005182026228393919	0.0038757237833196186	0.002871706201568297	0.0022995241388498017	0.001543811980542355	0.0010256093577029632	0.000777303934259088	0.0005721820627184953	0.0003454684152262613	0.00020512187154059263	0.000129550655709848	7.557121583074466e-05	4.318355190328266e-05	1.0795887975820665e-05	0.0	0.0	0.0	0.0	0.0	0.0	0.0
Sor-CPnd_019-Ex1-6G-lcwgs-1-3.clmp.fp2_repr.R1	0.0	0.0	0.0	5.012431330943874e-06	5.012431330943874e-06	1.5037293992831622e-05	4.009945064755099e-05	0.00012029835194265298	0.0002706712918709692	0.0005313177210800507	0.0010125111288506626	0.0017543509658303558	0.0035387765196463745	0.007488572408430148	0.014455851958442132	0.026821520051880668	0.0486005341848318	0.08227906029744368	0.13540080754278686	0.21175016157572393	0.31225442219247956	0.4418558466853644	0.5982286669168204	0.7869968308401667	0.9988572659051713	1.2345969238307928	1.5049323828025887	1.7881598151575724	2.079061279880231	2.367882585600548	2.6480674721376487	2.9276859539343527	3.1953247248501007	3.4288789627154306	3.638699338228741	3.8280339068924842	3.9732440425499282	4.049603421445528	4.080399799542846	4.086986134311706	4.0429368877753715	3.9497407520391326	3.8164852651059893	3.666593518585444	3.5079250048044153	3.3218184419178	3.1178876732183487	2.916488182341024	2.7050588163704803	2.479248784911459	2.2691276635182915	2.055207119176269	1.8442388968881722	1.6599969584566683	1.4721811564862015	1.2946308138815077	1.1377818126736117	0.9971881262719671	0.872980077891178	0.7571979265777053	0.6546135069586081	0.5590164166148465	0.4721158946302725	0.39398211504351943	0.3208006176117389	0.2597592288635044	0.20693822749801782	0.1645731578888802	0.12966157366885614	0.09966718458448798	0.07745710135707569	0.0601842629906431	0.04649531302583537	0.03644037577596196	0.029042027131488804	0.023177482474284472	0.01833547380859269	0.014551088153730065	0.011478467747861472	0.008741680241166115	0.006546235318212699	0.0048369962343608386	0.0034385278930274973	0.0025663648414432634	0.001954848219068111	0.0015688910065854327	0.0013433315966929582	0.0009272997962246166	0.0005212928584181629	0.0003258080365113518	0.0002055096845686988	9.022376395698973e-05	2.5062156654719366e-05	1.0024862661887748e-05	2.0049725323775495e-05	2.5062156654719366e-05	1.0024862661887748e-05	0.0	0.0	0.0	0.0
Sor-CPnd_019-Ex1-6G-lcwgs-1-3.clmp.fp2_repr.R2	0.0	0.0	5.011035301941937e-06	1.0022070603883874e-05	1.5033105905825811e-05	3.0066211811651622e-05	5.011035301941937e-05	0.0001252758825485484	0.00029565108281457423	0.0005812800950252646	0.0010773725899175164	0.0019743479089651228	0.0036680778410214977	0.007461431564591544	0.01451696926972579	0.026613608488613626	0.04809090579273677	0.08204066996339339	0.13284755688978267	0.20678538276993597	0.30558295478302316	0.4333443108413348	0.5893077735789757	0.7775072264140089	0.9906566240174112	1.2286457236125397	1.492256246706497	1.7682740932080627	2.061424669406968	2.348737389479111	2.629195013258197	2.905984559196262	3.1697454133492777	3.4061259706124827	3.6223070445735597	3.8138087696725727	3.952373917841871	4.040467918450011	4.080606311218565	4.092597718696112	4.053436477811436	3.9558265211649095	3.8319888057480185	3.688853593383349	3.5247973086330715	3.33611178537375	3.132112538231694	2.9289100457026462	2.7187622582451074	2.4939120932116707	2.279179208452855	2.0680191918643236	1.8617349126245817	1.671761553292661	1.4807408875826344	1.303796220035763	1.1462292260015006	1.0033996867902495	0.8787050843367262	0.7624039660139559	0.6583297738279238	0.5635009417739746	0.4774063442513102	0.3978461367623781	0.3221945368089607	0.2608694867837953	0.20944123147996518	0.16674721070741988	0.13067276756873988	0.10063161093359796	0.07858305560505345	0.06140021555469454	0.04739437188576684	0.03715181572859752	0.029194291669113723	0.022840298906251347	0.018335378169805547	0.014732443787709293	0.012041517830566475	0.009601143638520751	0.007125692199361433	0.005161366361000195	0.0036881219822292653	0.002600727321707865	0.0018991823794359938	0.0014882774846767552	0.0012277036489757745	0.0008769311778398388	0.0004860704242883679	0.0003106841887204001	0.00021547451798350326	9.52096707368968e-05	2.5055176509709684e-05	1.0022070603883874e-05	2.0044141207767748e-05	2.5055176509709684e-05	1.0022070603883874e-05	0.0	0.0	0.0	0.0
Sor-CPnd_020-Ex1-2E-lcwgs-1-3.clmp.fp2_repr.R1	0.0	0.0	0.0	0.0	1.862858412794335e-05	5.122860635184422e-05	8.382862857574508e-05	0.00019094298731141932	0.00036325739049489534	0.0007777433873416349	0.0014902867302354682	0.0026452589461679558	0.004824803289137329	0.00886254889886905	0.01705446876913214	0.0323904506524615	0.05883372582207709	0.10033821125913488	0.16232948209089834	0.25269674369555156	0.3733075116319208	0.528148302903386	0.7156496592971677	0.9393090974832876	1.1924715557820378	1.467592457621601	1.767577862125937	2.078004588033985	2.3946253181645742	2.706300159209194	3.00375207627213	3.2850157537278823	3.5500772201383564	3.7802240627470325	3.9679815621725734	4.116786692186585	4.217441589375895	4.251788041361791	4.223658879328596	4.158202691849035	4.0512979046848	3.905720176870955	3.7264247117855325	3.531588350391372	3.3286532120475893	3.1132834937984044	2.8923345146029003	2.6658388744833013	2.4438047802623446	2.2181520835745347	1.9995083916648635	1.7882975048222418	1.5842213657006226	1.4050050720977434	1.2311770964538722	1.0711156444805507	0.9324817214003963	0.8062684067875482	0.6962619603660107	0.5986248938054276	0.5086162324452372	0.42797309175537057	0.35833478713908634	0.2948252867008954	0.237751962078909	0.18893110022560147	0.1461319281916516	0.11408144919952508	0.08824360301406765	0.0665878739653335	0.05053934873911031	0.03908742664645714	0.03015967770314029	0.02279207268053869	0.017911383639017533	0.013817752276901981	0.010497207156096078	0.00814534840994323	0.006384947209852583	0.004852746165329243	0.003641888197012925	0.002873459101735262	0.002100372860425613	0.0014297438318196523	0.0009919721048129834	0.0007172004889258191	0.0005635146698702864	0.0004377717270066687	0.00032600022223900867	0.000200257279375391	7.917148254375924e-05	9.314292063971675e-06	9.314292063971675e-06	1.862858412794335e-05	9.314292063971675e-06	0.0	0.0	0.0	0.0	0.0	0.0
Sor-CPnd_020-Ex1-2E-lcwgs-1-3.clmp.fp2_repr.R2	0.0	0.0	4.656041889477671e-06	9.312083778955343e-06	1.3968125668433014e-05	2.3280209447388355e-05	5.1216460784254386e-05	0.00017227354991067385	0.0003305789741529147	0.000707718367200606	0.0014573411114065112	0.002551510955433764	0.00455826500979864	0.008846479590007575	0.01705508144115671	0.03179611006324302	0.057273971282464836	0.09659890108099325	0.1578444760951825	0.24668641138830597	0.365955580429166	0.5188879323309495	0.7043892972496295	0.9250810267689816	1.1714322031412452	1.4435359472042097	1.7441672599240041	2.050995764398693	2.3680535929045643	2.683020858602061	2.9810447878637474	3.2634151042930104	3.5221792883426217	3.7514381349386126	3.944947891907194	4.103728232422162	4.203809852836484	4.24645454050221	4.2351170785013315	4.168600864068254	4.0617633268723	3.9173701557958176	3.73969559729335	3.5512003974397355	3.350711233678827	3.1267509627530616	2.9054772279975247	2.6914389823382363	2.4714130668090797	2.2381360560624692	2.01670401588269	1.8058924072528095	1.6001931326175758	1.4179277168120827	1.2427115484272588	1.0817475242661263	0.9428158903260021	0.8152962150569876	0.7045895070508771	0.6052668214645394	0.5137616302106347	0.43321676156456046	0.36305952237391087	0.2996581999648934	0.24044265921451644	0.19209897627606976	0.15061829908271318	0.11607512430467834	0.08995007326281913	0.06829947847674796	0.052068516450028794	0.04004196024950797	0.030781092931336882	0.023717877384999256	0.018447237966110534	0.014131087134564731	0.010755456764693421	0.008464684155070406	0.00651845864526874	0.0049819648217411085	0.003748113721029525	0.0029426184741498883	0.002137123227270251	0.0015364938235276316	0.0010708896345798643	0.000651845864526874	0.0004888843983951555	0.00034920314171082534	0.0002560823039212719	0.00021883396880545056	0.00012105708912641945	2.7936251336866028e-05	9.312083778955343e-06	9.312083778955343e-06	4.656041889477671e-06	0.0	0.0	0.0	0.0	0.0	0.0
Sor-CPnd_022-Ex1-7C-lcwgs-1-3.clmp.fp2_repr.R1	0.0	0.0	0.0	0.0	5.564783202724162e-06	2.2259132810896647e-05	3.338869921634497e-05	9.460131444631074e-05	0.00025598002732531145	0.0004674417890288296	0.0009014948788413141	0.0017807306248717317	0.003327740355229049	0.006911460737783409	0.013605894930660575	0.025286374873178592	0.04664401280523392	0.08097316038283928	0.13471783655474923	0.2106214794399068	0.3111826766963351	0.4448710283585804	0.6117310526922644	0.8091306072424985	1.0339478486325546	1.2865778764698264	1.571839793007872	1.8719596806971919	2.177677740288452	2.47628400694663	2.765419012593772	3.0527565932664342	3.3290703384144997	3.5716336734380434	3.7796786582550888	3.9600110227225676	4.090271467931935	4.162357669540024	4.178400939513478	4.163442802264555	4.099931931571865	3.9895767158786413	3.845443266144883	3.6700023461125983	3.4915564431508423	3.2907735004133523	3.0679206274938577	2.846036026851637	2.6217140511666233	2.3847878415274395	2.1556690227216775	1.93863134824903	1.7323225757912342	1.5399424556898573	1.3541788628165192	1.1883093698929201	1.0431742591826714	0.9105487811121464	0.788362836329932	0.6779185841054656	0.5786205926360556	0.48945607137880637	0.41299038539017363	0.3453059272954397	0.2820677309796823	0.2280058621652171	0.1828699056079214	0.14681567523747158	0.1163095337201377	0.08955962086464266	0.0690478299794014	0.053405224396543785	0.04200298361416197	0.033344180950723175	0.025948584074302766	0.020411624787592224	0.017256392711647625	0.013861874957985887	0.010428403721905078	0.008157972175193621	0.00633828806790282	0.005030564015262642	0.003722839962622464	0.0025319763572394936	0.0016972588768308693	0.0013021592694374537	0.0010684383749230391	0.0007178570331514169	0.0004340530898124846	0.0002949335097443806	0.00016694349608172484	6.121261522996578e-05	2.2259132810896647e-05	1.1129566405448324e-05	1.6694349608172486e-05	1.6694349608172486e-05	5.564783202724162e-06	0.0	0.0	0.0	0.0
Sor-CPnd_022-Ex1-7C-lcwgs-1-3.clmp.fp2_repr.R2	0.0	0.0	5.562167118203394e-06	5.562167118203394e-06	1.668650135461018e-05	3.337300270922036e-05	6.118383830023733e-05	0.00010011900812766108	0.0001501785121914916	0.00033929219421040697	0.0007230817253664412	0.0014628499520874924	0.0032761164326217986	0.006947146730636038	0.013543876932825261	0.02512987104004293	0.046266106089215824	0.08064586104683101	0.13348088650264503	0.20994399787658707	0.31150360728786286	0.4427373782747537	0.6056588153340493	0.8030712506933241	1.0309421131918806	1.283058462158686	1.5615839806027207	1.861607274958612	2.169773581975553	2.4657364943351556	2.75175425188741	3.0369488087061707	3.312709930092459	3.551365834633212	3.7591405873336994	3.9411903171124965	4.073875813717239	4.154388182753232	4.17718194360363	4.162164092384481	4.102164995680421	3.9931687688321076	3.8480407043839446	3.67892301315497	3.498258262988606	3.2944104002735695	3.0733142573249848	2.8548545815904283	2.6343869635262007	2.3979448014984923	2.1718260216421696	1.9519146202897624	1.7427159528070144	1.5511159820862621	1.3644941509363018	1.1965834499719779	1.0492527673450063	0.9159554323572621	0.7932818365652862	0.681510088324989	0.5836326335459638	0.49533879271160314	0.4166786253259708	0.34849201862391543	0.2867908987816852	0.23286568857070325	0.18529803537582784	0.14845980255196678	0.11715036384359986	0.08978450162203917	0.06995537584564408	0.05498758413055875	0.04313460600166732	0.03372898140478538	0.026492601984002766	0.02099718087121781	0.017353961408794586	0.013827547455853637	0.010657112198477703	0.008432245351196344	0.006607854536425632	0.005039323409092274	0.0035431004542955617	0.002514099537427934	0.0017743313107068826	0.0012514876015957636	0.0009177575745035599	0.000650773552829797	0.0004282868681016613	0.00027810835591016966	0.00015574067930969503	7.787033965484751e-05	3.337300270922036e-05	5.562167118203394e-06	5.562167118203394e-06	1.1124334236406788e-05	5.562167118203394e-06	0.0	0.0	0.0	0.0
Sor-CPnd_024-Ex1-5G-lcwgs-1-3.clmp.fp2_repr.R1	0.0	0.0	0.0	0.0	1.5875001508125144e-05	3.175000301625029e-05	7.937500754062572e-05	0.00020637501960562687	0.00026987502563812746	0.0004921250467518794	0.0011588751100931353	0.0022860002171700205	0.003667125348376908	0.007254875689213191	0.014176376346755754	0.02701925256682899	0.04891087964653357	0.08162925775477949	0.13355638768785683	0.21166139510783252	0.31692853010821037	0.4475321675155559	0.604980432473141	0.7960678256264434	1.0214452220372963	1.2821762468067435	1.5580678980164504	1.83994442479472	2.1514119543841357	2.4540688581365417	2.7344531347730476	3.0167741615935455	3.285220437095941	3.5200117094011123	3.73205410454514	3.92612599798197	4.056951885410429	4.119912141391653	4.142851518570894	4.123182391702327	4.059349010638156	3.9525896254960142	3.8207318629695273	3.6532982220633308	3.4724025798782447	3.2774893113614847	3.060906665786133	2.8529123960266776	2.6377108755825334	2.416429229560777	2.2024977092372824	1.9793745630405832	1.7635380425361142	1.5833567754188937	1.402381758226267	1.2311063669551048	1.0818654777772205	0.9485789651150017	0.8317072040121843	0.7164388180616877	0.6162834335469262	0.5287010502265997	0.4450715422817966	0.3693001600835152	0.30002165350205706	0.24401464818139157	0.19423064345191113	0.15390813962127325	0.12245976163367735	0.0935037588828571	0.07100888174584376	0.05519738024375113	0.04325937910964102	0.03452812828017219	0.0277177526331865	0.02176462706763957	0.01706562662123453	0.013589001290955123	0.010620376008935721	0.008112125770651948	0.0060642505761038055	0.0045878754358481665	0.00333375031670628	0.0021907502081212698	0.0016351251553368897	0.0014763751402556383	0.0012541251191418865	0.000777875073898132	0.0004921250467518794	0.00036512503468687826	0.00019050001809750174	3.175000301625029e-05	0.0	0.0	0.0	0.0	0.0	0.0	0.0	0.0	0.0
Sor-CPnd_024-Ex1-5G-lcwgs-1-3.clmp.fp2_repr.R2	0.0	0.0	0.0	0.0	1.58703053256301e-05	3.17406106512602e-05	3.17406106512602e-05	0.0001904436639075612	0.0002697951905357117	0.0005078497704201632	0.0009998292355146963	0.0015076790059348594	0.0034438562556617317	0.007316210755115475	0.013823035938623817	0.026566891115104782	0.04819811727393861	0.08024026372638578	0.13080305649384327	0.21147181846402105	0.3190090073504906	0.4456381735436932	0.5956919103975258	0.7887224340731646	1.0153662644284882	1.2651013890326033	1.5441330972678318	1.836591083808543	2.140570912015662	2.4349968164167515	2.7173930293810136	3.0075974325654857	3.275440575546145	3.5054647809358275	3.720586769624743	3.910109955823418	4.046023250632114	4.122026142836557	4.14841846059308	4.126755493823595	4.068797138774394	3.9674017580489425	3.8214584302744483	3.6588830225186935	3.487325021948632	3.286137161335619	3.07244350012601	2.862463490362598	2.6505155627388084	2.4276171244403337	2.205956569957258	1.9861687115026068	1.7748873367024933	1.5872685871428944	1.4049505195620557	1.243073405240629	1.0894012387725525	0.9502821422880791	0.8343019509683743	0.7225750014759384	0.6202115321256242	0.528624000091413	0.4421308360667289	0.36612794386228636	0.30120252477513365	0.24714826483603755	0.19733137641888462	0.1571795039450405	0.1241692688677299	0.09355544989458944	0.07174965037717368	0.05632371360066122	0.04329419292831891	0.03415289706075597	0.02756672035061948	0.021567744937531302	0.01729863280493681	0.013918257770577596	0.01118856525456922	0.008950852203655376	0.006681398542090271	0.00485631342964281	0.003491467171638622	0.0025233785467751856	0.0017774741964705712	0.001428327479306709	0.001126791678119737	0.0006665528236764641	0.0003808873278151224	0.0002063139692331913	0.0001110921372794107	4.76109159768903e-05	3.17406106512602e-05	1.58703053256301e-05	0.0	0.0	0.0	0.0	0.0	0.0	0.0
Sor-CPnd_026-Ex1-3H-lcwgs-1-3.clmp.fp2_repr.R1	0.0	0.0	0.0	4.739092575614355e-06	2.369546287807177e-05	6.634729605860097e-05	9.952094408790145e-05	0.00012795549954158758	0.00024169372135633208	0.000535517461044422	0.00117529495875236	0.0022652862511436615	0.004241487855174847	0.008089631026573703	0.0155489627405907	0.02953402493122866	0.0532863569202078	0.0896351969751699	0.14593087768089283	0.22973699078805707	0.34111040540757004	0.4869085884963456	0.6662216342798659	0.8803480541238494	1.1238994997698224	1.3911037564606865	1.6843635441322784	1.9900350152594042	2.3050993678713976	2.6187704272661607	2.917029957605026	3.1980060173206253	3.466352395322212	3.706922951738124	3.908836730014749	4.079022283497636	4.184291746879758	4.221005497063042	4.216408577264696	4.17851953212266	4.0980213056332735	3.9709804509587796	3.806548155862689	3.616733280931607	3.4178667391811017	3.2005698664040323	2.9725721225912256	2.7499248142962878	2.5243392686044688	2.2873040752499656	2.063661557514149	1.853866668284277	1.6509434632890458	1.4604745935825292	1.2751002483947984	1.1087201862501295	0.9638698216764767	0.8339855114566141	0.7165697538031929	0.6091203078362887	0.5167696108152917	0.4346790492204999	0.3599956893213932	0.2972216690648055	0.24003029986229144	0.19044517424363847	0.14974584720426237	0.11748684404205548	0.09136496576526915	0.06899644880836939	0.052305364757055633	0.03944820659941389	0.02922124482123811	0.022183692346450793	0.016861691384035874	0.012705507195222085	0.00957770609531661	0.007042291567362931	0.005175089092570875	0.0037486222273109544	0.0027249782309782537	0.001952506141153114	0.001336424106323248	0.0009715139780009427	0.0007440375343714537	0.00048338744271266416	0.00027960646196124693	0.00021325916590264596	0.0001658682401465024	7.582548120982967e-05	2.369546287807177e-05	9.47818515122871e-06	9.47818515122871e-06	9.47818515122871e-06	9.47818515122871e-06	9.47818515122871e-06	4.739092575614355e-06	0.0	0.0	0.0	0.0
Sor-CPnd_026-Ex1-3H-lcwgs-1-3.clmp.fp2_repr.R2	0.0	0.0	0.0	9.473211746555208e-06	3.789284698622083e-05	6.157587635260885e-05	8.052229984571927e-05	0.00016104459969143854	0.0003220891993828771	0.0006015489459062558	0.0011652050448262906	0.0023067270602861933	0.00419189619785068	0.007966971078852931	0.015195031641474553	0.02817806834012847	0.05165742365396555	0.08756563277928307	0.14241079218596445	0.22489878346909392	0.33639848572604875	0.4806044515379854	0.6565646231243751	0.8665288882750248	1.106106413345406	1.3721047259769297	1.6632923086425437	1.969651239920266	2.2863596550310996	2.5916054839286016	2.886516038810612	3.1688745881284364	3.435573918429205	3.6752461756170516	3.8798912323720103	4.052303686159315	4.171543002413206	4.224559831952803	4.220808440101166	4.1852507398104715	4.106623082314063	3.982708736063248	3.8190400567180136	3.633118802980121	3.4400073815265926	3.224269193816418	3.0014592535374396	2.778270384788599	2.5457930319222606	2.3095074479338074	2.0834671424492535	1.8685483875551554	1.6671668522468845	1.4749885421503925	1.2883899537726213	1.1200083515834758	0.9720225742846635	0.8424290375917883	0.7260979973440903	0.6184017896033775	0.520420360508757	0.4356919546475672	0.36365291592088805	0.3012149772993427	0.2431583991105791	0.1924009305725363	0.15099825863421676	0.1192819457067499	0.09292747062783333	0.07027702134181982	0.05342891425057138	0.03992958751173021	0.029362219808447866	0.02253203413918156	0.017274401619843425	0.01287409476356853	0.00976688131069842	0.007327529285960453	0.005323945001564028	0.003912436451327301	0.0027851242534872316	0.0018141200494653227	0.0012741469799116755	0.0010088970510081297	0.0007341739103580286	0.0005020802225674261	0.0003694552581156531	0.0003078793817630443	0.0002368302936638802	0.00013262496445177292	6.631248222588646e-05	3.789284698622083e-05	2.368302936638802e-05	1.4209817619832814e-05	9.473211746555208e-06	9.473211746555208e-06	4.736605873277604e-06	0.0	0.0	0.0	0.0
Sor-CPnd_027-Ex1-3C-lcwgs-1-3.clmp.fp2_repr.R1	0.0	0.0	0.0	0.0	1.0322981310035879e-05	1.0322981310035879e-05	2.0645962620071758e-05	0.00012387577572043056	0.0002477515514408611	0.00047485714026165046	0.0008774534113530498	0.001610385084365597	0.0029317266920501897	0.005904745309340523	0.011427540310209717	0.022225378760507248	0.04237583827769728	0.07372673251627625	0.1216253657948427	0.19628116662902217	0.30206075611295985	0.4391705938728564	0.6070016240114197	0.8057293372109204	1.0462651247160664	1.3109050735801462	1.5992569105133785	1.9131581261889494	2.2336350809590133	2.552697787289602	2.8568644315898095	3.15344368462714	3.4423529625511144	3.693810464282278	3.904585096670591	4.083998511839014	4.199584933567486	4.2493829954071	4.255886473632422	4.221696759533583	4.139329691660806	4.005419978107021	3.8462499292875783	3.6675487998295466	3.4614814469186106	3.24251036737013	3.0080341698939748	2.7769439102875113	2.5546075388319585	2.3260464096464544	2.113093628201724	1.8978697908687865	1.6831517796200397	1.485755731009534	1.2993743034568361	1.1337627142999305	0.985741485295326	0.8503142934889654	0.7323226171152553	0.6291444189214467	0.5323974380837904	0.4472947801638546	0.3744971159654816	0.30941071880570536	0.24960968807666756	0.1992748312089326	0.15741514199673712	0.12353511733719937	0.09755217337983906	0.07429449648832821	0.05525891895262206	0.04125063331490337	0.031206372500238465	0.024506757630025175	0.019758186227408672	0.01587674525483518	0.012790173843134453	0.010550086898856668	0.008444198711609348	0.006534447169252711	0.005089229785847688	0.003809180103403239	0.002859465822879938	0.002043950299387104	0.0012490807385143413	0.0010529440936236597	0.0011252049627939109	0.0007329316730125474	0.00026839751406093284	0.00012387577572043056	6.193788786021528e-05	3.096894393010764e-05	2.0645962620071758e-05	1.0322981310035879e-05	0.0	0.0	0.0	0.0	0.0	0.0	0.0
Sor-CPnd_027-Ex1-3C-lcwgs-1-3.clmp.fp2_repr.R2	0.0	0.0	1.0316763854021092e-05	1.0316763854021092e-05	0.0	1.0316763854021092e-05	3.095029156206328e-05	0.00013411793010227423	0.00022696880478846403	0.00040235379030682263	0.0008356578721757085	0.001444346939562953	0.0026823586020454844	0.0055813692450254115	0.011152421726196802	0.02169615438500636	0.04134958952691654	0.07247526607449818	0.12019029889934574	0.19367660783153798	0.29781402217402686	0.4345317767675144	0.605078200038337	0.80407825801855	1.0370307858423462	1.2969513343805537	1.5859445234593923	1.8986765861663337	2.2163813290509133	2.524223245691049	2.8342110492128207	3.1346352126419146	3.4087309947155475	3.6640193162832992	3.8828894614463567	4.052455792151047	4.170624005335005	4.229316074900531	4.250166254649508	4.221372166732935	4.1366096349082975	4.023723604817599	3.8652684287836885	3.678359618040389	3.4717251548082	3.2561254237868673	3.0380909364959856	2.812638695994062	2.5814090677338877	2.346847124748864	2.125655707718652	1.9096845731985743	1.695704574102323	1.4988607197676005	1.3144279323492654	1.1488232389645188	1.0015823852399297	0.8611299621312867	0.7377517832010483	0.6327993445140918	0.5366986892138853	0.45235914470726285	0.3806989029772323	0.3147541484223295	0.2535035214210063	0.20048567197519188	0.15746476670392393	0.12456460677345069	0.09697758022779827	0.07408468123572547	0.05705170411273665	0.043278824367618485	0.03202323500288148	0.02493561823516898	0.019374882517851615	0.015402928434053493	0.013463376829497527	0.011059570851510611	0.008418479304881212	0.0064273438810551415	0.005106798107740442	0.004106072013900394	0.002868060351417864	0.0018157504383077123	0.0012586451901905734	0.0011348440239423202	0.0011554775516503623	0.0007324902336354976	0.0002579190963505273	0.00010316763854021092	5.158381927010546e-05	2.0633527708042185e-05	1.0316763854021092e-05	3.095029156206328e-05	3.095029156206328e-05	2.0633527708042185e-05	1.0316763854021092e-05	0.0	0.0	0.0	0.0
Sor-CPnd_028-Ex1-3A-lcwgs-1-3.clmp.fp2_repr.R1	0.0	5.6427969583970126e-06	1.6928390875191034e-05	2.821398479198506e-05	3.385678175038207e-05	3.385678175038207e-05	5.078517262557311e-05	8.464195437595518e-05	0.00017492670571030738	0.0003949957870877908	0.0007222780106748176	0.0012696293156393278	0.0025844010069458316	0.005366299907435559	0.010394031997367296	0.019857002496599087	0.03842180448972526	0.06928226105519852	0.11787238566395518	0.1915108859710362	0.29546813433558433	0.430189911717313	0.6008280917392387	0.8134994663042636	1.0509765762984018	1.3193987848123894	1.6237768955452827	1.9374317644777805	2.2620280167126103	2.578538140906057	2.8777305212341835	3.1709020372077004	3.4424447124396815	3.694756735637445	3.918155067220383	4.083116593502161	4.187536551217298	4.2346482630229545	4.232966709529353	4.191396224336842	4.096343309572644	3.9581060696858335	3.7906109275697353	3.603574779586708	3.4029733477156947	3.192745304233655	2.978082022342316	2.75766873035037	2.5355964560526556	2.3074976746033737	2.08668938682434	1.8832044857075854	1.6859323040420255	1.4958208317166721	1.3204088454679426	1.157518225669896	1.0124757726512592	0.8861843339253757	0.7692768665413063	0.6632204977082344	0.5686754346702925	0.47963209866678763	0.40156964554432334	0.3343187913941478	0.27004169124104743	0.21702761381690747	0.17238180428207034	0.1340615701375962	0.1044368861060119	0.07883551630576466	0.05881487269737206	0.04492230658579862	0.03462420213672407	0.026487288922715575	0.020240712689770082	0.016036828955764307	0.012809149095561218	0.009767681534985228	0.007431563594208866	0.005682296537105791	0.004051528216129055	0.0029793967940336223	0.002336117940776363	0.0015799831483511632	0.0011003454068874174	0.0008577051376763459	0.0005924936806316862	0.0003724245992542028	0.00022571187833588048	0.00014106992395992532	8.464195437595518e-05	4.51423756671761e-05	1.1285593916794025e-05	0.0	0.0	0.0	0.0	0.0	0.0	0.0	0.0
Sor-CPnd_028-Ex1-3A-lcwgs-1-3.clmp.fp2_repr.R2	0.0	0.0	0.0	5.6391961122930866e-06	1.691758833687926e-05	5.0752765010637776e-05	7.89487455721032e-05	0.00011278392224586173	0.00022556784449172346	0.0004060221200851022	0.0006597859451382911	0.001240623144704479	0.0023289879943770445	0.004827151872122882	0.010099800237116917	0.02013193012088632	0.03785592350182349	0.06804254029092839	0.1159136760881844	0.18777959134324748	0.2898377625835278	0.4235092672293231	0.5952622632214337	0.8021700077775793	1.0365293590083677	1.3072615251634465	1.6047798728519174	1.917129306315719	2.237723244495694	2.550811412650206	2.8503260357624285	3.146192098989997	3.422450677335123	3.669859128369758	3.890509593851562	4.055563224862269	4.161501163027806	4.218569827684212	4.230823800836225	4.19293968135384	4.099441809812021	3.964518403629296	3.804410347609071	3.6222530347897797	3.4257665246491515	3.217719662478323	2.9981801186306405	2.780337972812759	2.5608886561028736	2.3273131531316937	2.108602571112519	1.9006572144717109	1.6943528638995806	1.5137576084033946	1.3361229308661624	1.1689602405094586	1.0248111094870227	0.895848333594992	0.7784007961642639	0.6694458880786491	0.5755814687895308	0.48693330590428346	0.4076010949965443	0.3381825908542164	0.2737604144673802	0.21942112072932402	0.1731627950201838	0.13732006453044895	0.10680637436683107	0.07955213955611856	0.05961194210305022	0.04569440609791088	0.03534648123185307	0.02715272928069121	0.020910139184382764	0.016263441587853263	0.012953233469937219	0.01004904747210628	0.007691863497167771	0.00593807350624462	0.004454964928711538	0.0032820121373545764	0.0023628231710508033	0.0015225829503191335	0.0010432512807742212	0.0007387346907103943	0.0004962492578817917	0.0003552693550744644	0.00020865025615484422	0.00012406231447044792	8.45879416843963e-05	4.511356889834469e-05	1.1278392224586173e-05	0.0	5.6391961122930866e-06	1.1278392224586173e-05	5.6391961122930866e-06	0.0	0.0	0.0	0.0
Sor-CPnd_029-Ex1-8E-lcwgs-1-3.clmp.fp2_repr.R1	0.0	0.0	3.923392774303221e-06	7.846785548606441e-06	2.3540356645819324e-05	6.669767716315476e-05	0.00012554856877770306	0.00024717374478110295	0.00040410945575323175	0.0007375978415690056	0.0014084980059748565	0.002538435124974184	0.0046256800809034975	0.009239589983484085	0.018016219619600392	0.03252492609897371	0.057681720567805954	0.09929322433206592	0.16092972481636952	0.2484410006472029	0.36691569225283727	0.5175112005016921	0.6991682093447056	0.9142642948031052	1.15734594092061	1.4219434730123934	1.7132396929333105	2.0211867917883706	2.3355957185427076	2.6431073207998197	2.9331833655679285	3.2145494783770836	3.483474512698924	3.7238843283371277	3.9273710945763645	4.091623933072569	4.199666323291331	4.240905104742032	4.2364559773359725	4.193357507710251	4.100129848607258	3.965702641981307	3.7959884407432725	3.6063080936768093	3.4052224438154464	3.1824051213772173	2.951807711067546	2.720457009345208	2.489208315835002	2.253153466176274	2.027138578626988	1.8126427722630571	1.6065430264361344	1.4220729449739455	1.2452063987083564	1.0793842031024306	0.9337596334986179	0.8065907035051276	0.6947975497941317	0.5929188096238	0.5021236540408748	0.4212232950347425	0.3516654645391206	0.29020551672966066	0.23368904381582276	0.18851509941249547	0.14899868738971345	0.11636782968583355	0.09129734985803596	0.07110364724869728	0.05484903098475903	0.04127016859289558	0.031041883630287082	0.023971929850992682	0.018459563003096653	0.014096750238071472	0.010793253522108161	0.007733007158151649	0.005720306664934096	0.00428826830231342	0.0030484761856336027	0.0023187251296132036	0.0016752887146274755	0.0010710862273847794	0.0006473598077600315	0.00039626267020462534	0.0003138714219442577	0.0002628673158783158	0.00019616963871516108	8.631464103467086e-05	1.9616963871516107e-05	3.923392774303221e-06	7.846785548606441e-06	1.1770178322909662e-05	1.1770178322909662e-05	7.846785548606441e-06	3.923392774303221e-06	0.0	0.0	0.0	0.0
Sor-CPnd_029-Ex1-8E-lcwgs-1-3.clmp.fp2_repr.R2	0.0	0.0	0.0	3.921216794351942e-06	1.1763650383055826e-05	3.1369734354815534e-05	7.058190229833496e-05	0.00018821840612889322	0.0004274126305843617	0.0008312979604026118	0.001478298731470682	0.0025291848323570026	0.004505478096710382	0.008901162123178909	0.0173631479653904	0.031452079907496926	0.05634396411804306	0.09557181692873988	0.15636244089157803	0.24382910270639244	0.36010102309251624	0.5085465272762977	0.6850169678893125	0.8962058619995195	1.1360862993939993	1.3995646194568894	1.6869309922309716	1.9877353749592979	2.296727258354231	2.6020606464800333	2.9003083958584424	3.1819890042807137	3.4457143610016483	3.6840576814127424	3.8894235685833367	4.054808729318719	4.171837444546153	4.230961551371391	4.233996573170219	4.1981566516698425	4.114932746426517	3.990218446282153	3.8264958814675767	3.638540196863905	3.4346055538232494	3.210657020264221	2.980038496938	2.749674852703412	2.51785643703812	2.27782307218866	2.0546038849533814	1.8355882421216483	1.62797549772789	1.4456193107065531	1.262761207935539	1.096572197757315	0.9493697192973432	0.8185069512194356	0.7050347796244791	0.602083232688769	0.5092523462992811	0.4284948864196028	0.3591913007962266	0.2953382065169996	0.23826489607520707	0.1921866775247774	0.15241769679646	0.11996962782319766	0.09367786921706789	0.07221704970157972	0.05587733931951517	0.04241972328129931	0.032040262426649715	0.024574265650203618	0.018963004417485992	0.014583005258194873	0.011281340717350537	0.008446300975034083	0.00634060755646709	0.004662326768484459	0.0033134281912273913	0.0023997846781433885	0.0016978868719543909	0.0011253892199790073	0.0006862129390115899	0.00046662479852788114	0.00036859437866908256	0.00030193369316509954	0.0001960608397175971	8.626676947574273e-05	3.921216794351942e-05	1.1763650383055826e-05	7.842433588703883e-06	7.842433588703883e-06	3.921216794351942e-06	0.0	0.0	0.0	0.0	0.0	0.0
Sor-CPnd_030-Ex1-2H-lcwgs-1-3.clmp.fp2_repr.R1	0.0	1.6026072496823634e-05	4.0065181242059084e-05	4.0065181242059084e-05	4.0065181242059084e-05	4.0065181242059084e-05	5.609125373888272e-05	0.00017628679746505997	0.00038462573992376715	0.0008253427335864172	0.0012660597272490669	0.002099415497083896	0.004070622414193203	0.00864606611203635	0.01679532397667117	0.03083416348388867	0.05553034120149388	0.09374451107016984	0.15150247634872221	0.23420502346858055	0.34478492369666364	0.485141266623845	0.6558750299687556	0.8620825047853853	1.0972731317125204	1.3482414270127787	1.6228321531733547	1.9179843303473554	2.2222313036633037	2.5172793113660754	2.8019344110546567	3.0771421410063606	3.3313236638422317	3.558220798252261	3.7653978504549483	3.940891357331415	4.056062727329839	4.119646169960986	4.12987080421396	4.096472469130579	4.02613403694202	3.927149000165389	3.7884433427053805	3.612925796720168	3.435140561476655	3.2370102271984247	3.020818509216274	2.8084329834521187	2.593940029154631	2.3650476487187473	2.152325575432159	1.9495556931660982	1.7454556468828006	1.5551780881280137	1.3676650268789288	1.1980210364638022	1.0493311358382726	0.921210699262416	0.8021850588285069	0.6897140820457986	0.5927483304037673	0.5028100115515931	0.4250595208332532	0.35359926356991667	0.28646604588072244	0.23181713866655385	0.1842517554959813	0.14522826896621574	0.11292771984886772	0.08605199627169449	0.06680468320300931	0.052100761687173626	0.03966452942963849	0.030112990221531605	0.02329389637413315	0.01822164442888847	0.014014800398472266	0.010352842832948066	0.007748606052214227	0.005817464316346979	0.004110687595435261	0.003101045028135373	0.0022516631858037206	0.001562542068440304	0.0011458641835228897	0.0007051471898602399	0.00045674306615947353	0.00037661270367535536	0.00026443019619758993	0.00012019554372617725	4.8078217490470894e-05	3.205214499364727e-05	1.6026072496823634e-05	8.013036248411817e-06	1.6026072496823634e-05	8.013036248411817e-06	0.0	0.0	0.0	0.0	0.0
Sor-CPnd_030-Ex1-2H-lcwgs-1-3.clmp.fp2_repr.R2	0.0	8.011654714346053e-06	1.6023309428692107e-05	1.6023309428692107e-05	3.204661885738421e-05	4.005827357173027e-05	6.409323771476843e-05	0.00014420978485822896	0.0003284778432881882	0.0007050256148624527	0.001209759861866254	0.0020109253333008593	0.003925710810029567	0.008628552127350699	0.016327752307837257	0.029715227335509513	0.05377422644269071	0.0907720479135408	0.14708596890067918	0.2281478913004326	0.33851644664526376	0.4784399962313176	0.6444735285314253	0.8474968706476685	1.0830875891777285	1.336071610092634	1.6092530125424058	1.898465736075584	2.2018911350720116	2.496199271003514	2.775469531036189	3.050277299392973	3.3113691148787963	3.545469665631988	3.75433350403499	3.9277457703270104	4.046398376646476	4.116123807625429	4.138211939672881	4.1088091668712305	4.038651106537702	3.9373437326747966	3.794600080629293	3.6296561333703363	3.4555708880823115	3.252755848988641	3.02997576634682	2.8192211774312326	2.612023763208815	2.3832028929123776	2.161784791571996	1.9579122140560314	1.7547366505002155	1.5611109793639004	1.376169941937936	1.2066833864559452	1.056937548190103	0.9266039492971214	0.8096097555035261	0.701604638299427	0.6018194788322468	0.5089563890382618	0.42735768577264716	0.35491630384553013	0.28862787273903096	0.23312312887804146	0.18621489052554532	0.14748655163639648	0.11604881853730259	0.08865697106895343	0.06876403241323217	0.053349608742830366	0.04064312436587753	0.030884928923804036	0.023770579537464743	0.018546980663711115	0.014236710427392938	0.010359069545649446	0.0077552817634869795	0.005936636143330426	0.004518573258891175	0.0035171164195979174	0.0025557178538763914	0.0016504008711552872	0.001057538422293679	0.0007370722337198369	0.0005047342470038014	0.00032046618857384213	0.00019227971314430528	0.00012017482071519081	7.210489242911448e-05	4.005827357173027e-05	1.6023309428692107e-05	8.011654714346053e-06	1.6023309428692107e-05	8.011654714346053e-06	0.0	0.0	0.0	0.0	0.0
Sor-CPnd_031-Ex1-5D-lcwgs-1-3.clmp.fp2_repr.R1	0.0	0.0	0.0	0.0	1.795813330591725e-05	3.142673328535519e-05	4.4895333264793125e-05	0.00010325926650902418	0.00020651853301804836	0.0004354847326684933	0.000790157865460359	0.0014860355310646525	0.0029541129288233876	0.0058902677243408575	0.011731150582090445	0.02305375363147127	0.042690972401491785	0.0732871420214483	0.1216798217475688	0.19533510550178843	0.2967940691468944	0.4284361653459208	0.5908405438979835	0.7923173309903955	1.0235013601041212	1.2771420349168965	1.5614911176827901	1.8637624174879894	2.1806426587375523	2.488045495134917	2.7928174650029653	3.0982359276700264	3.378818291975004	3.6267033850632324	3.846475020461048	4.027488514651367	4.152831795593343	4.227982093945281	4.251188491709852	4.220583343023242	4.145837102670689	4.029302286115265	3.8696589705589877	3.6946749196261295	3.4990479944581203	3.289898594910755	3.071846450776981	2.841923980527996	2.6090204601502287	2.369414066516028	2.146445883389759	1.92588857965981	1.711944358519765	1.5202367959457719	1.331155610367769	1.1592424002302233	1.010338048390884	0.8784939231921659	0.7587894961082481	0.6482751437436333	0.552208109623629	0.4660000906885732	0.3893727358722243	0.3226807183073741	0.25970603433684875	0.20632997261833624	0.16223377628565644	0.12557673667495284	0.09753062198443659	0.07395159295376724	0.055490631915284305	0.04273586773475658	0.03267482355011644	0.02475528676220693	0.01886501903786607	0.01384123124553572	0.010487549850655675	0.008197887854151225	0.0060114851241558	0.0042156717935640745	0.00300349779541466	0.0021370178634041526	0.001521951797676487	0.00097871826517249	0.0006689404656454175	0.0005252753991980796	0.0003681417327713036	0.0002783510662417174	0.00019753946636508974	0.00010325926650902418	4.9384866591272436e-05	2.2447666632396563e-05	8.979066652958624e-06	0.0	0.0	0.0	0.0	0.0	0.0	0.0	0.0
Sor-CPnd_031-Ex1-5D-lcwgs-1-3.clmp.fp2_repr.R2	0.0	0.0	0.0	0.0	4.487715596588834e-06	1.7950862386355336e-05	5.3852587159066e-05	8.526659633518783e-05	0.00018399633946014217	0.00042633298167593924	0.0007853502294030458	0.0015033847248572593	0.0028452116882373203	0.005874419715934783	0.011645621973148022	0.02251935686368277	0.04221594061711116	0.07339210086661378	0.12113690709872238	0.19394560493777963	0.29377483838389823	0.42433594823545717	0.5871098806393307	0.7856194923388411	1.015121267948394	1.2723750768072524	1.5538490867409005	1.852273198482865	2.165488820831186	2.466708779389825	2.768476239251248	3.0754674000671005	3.3554694392850672	3.6034516277213733	3.8242606982203338	4.0079249467263285	4.142919919587317	4.212196785251859	4.232925543592502	4.221266458472565	4.159932849413985	4.047295675655202	3.886240538324822	3.703823874754679	3.5112425353582624	3.3012578348782746	3.0823111663518983	2.8573330080637067	2.62767865012387	2.3894392922477583	2.1587168579959335	1.9357222700014343	1.720958152411079	1.5278158485650888	1.3414769215635274	1.1723663347372701	1.0225484372607487	0.8856910624271757	0.7646798113651576	0.6554039365882196	0.5582897710780372	0.4701375736142428	0.39276486901345475	0.3253773316150768	0.2603817466296807	0.20636311399354093	0.16317782680756657	0.1275229263926683	0.09896310433597695	0.07470251382081772	0.05671574970968967	0.04384049366307632	0.03314177968080854	0.025140182772090645	0.019171521028627497	0.014122840982465058	0.0108512963125518	0.008598463083064204	0.00646679817468451	0.004519129605764956	0.003141400917612183	0.002167566633152407	0.0015751881744026804	0.0010635885963915536	0.0006911082018746803	0.0005071118624145382	0.0003635049633236955	0.0002737506513919189	0.00018399633946014217	9.872974312495432e-05	5.8340302755654836e-05	3.141400917612183e-05	8.975431193177668e-06	0.0	0.0	0.0	0.0	0.0	0.0	0.0	0.0
Sor-CPnd_033-Ex1-2F-lcwgs-1-3.clmp.fp2_repr.R1	0.0	0.0	0.0	0.0	0.0	3.62362166490921e-05	8.455117218121491e-05	0.0001570236054793991	0.000362362166490921	0.000724724332981842	0.0012199526271861009	0.0022466454322437107	0.004505369603370451	0.009216077767752425	0.01723636038608481	0.03103028019050587	0.055827931117367904	0.09609844655339225	0.1596205343392507	0.2519745718389034	0.3771103066671015	0.5339285735854891	0.7194459240899576	0.9455961521969415	1.1969184721361612	1.471878884069472	1.7754900646333318	2.0904794172250063	2.4116651628636756	2.7202165476306948	3.0202403427462947	3.3084632099731732	3.5706684736460033	3.7939198044210602	3.979739123397604	4.126918556687333	4.214429019894891	4.240603647054418	4.213728453039675	4.151148506886693	4.046353368337519	3.8896075738524294	3.701541609443641	3.5055157561109356	3.3055039189468305	3.089681012584838	2.865765351171215	2.6413423827245044	2.4189003274546113	2.1958784927183324	1.983039034860448	1.7787634028706332	1.5806600064500465	1.404564072274342	1.2344591925846204	1.0758049573560124	0.9366941216401479	0.8127783394391358	0.7026323195647789	0.6058333061561709	0.5180933469098359	0.4335300959897379	0.36277284361294404	0.2993232282603838	0.24281888776556618	0.19789805785957498	0.1547407238305063	0.12052165657488033	0.09362230508237096	0.07198928374286298	0.0559487185061982	0.043241885201249906	0.03292664219514169	0.024435288760371106	0.01892738382970911	0.014881006303893822	0.011837164105370087	0.00951804623982819	0.00707814098545599	0.005012676636457741	0.0035149130149619338	0.002488220209904324	0.0019929919157000656	0.0014856848826127762	0.0010991652383557937	0.0009059054162273026	0.0006280944219175964	0.0002778109943097061	0.00012078738883030702	6.039369441515351e-05	1.20787388830307e-05	0.0	0.0	0.0	1.20787388830307e-05	2.41574777660614e-05	1.20787388830307e-05	0.0	0.0	0.0	0.0
Sor-CPnd_033-Ex1-2F-lcwgs-1-3.clmp.fp2_repr.R2	0.0	0.0	0.0	1.2074833053358206e-05	1.2074833053358206e-05	6.037416526679102e-05	0.00010867349748022384	0.00013282316358694023	0.00033809532549402974	0.0006158164857212685	0.0011471091400690294	0.0018112249580037308	0.0037552730795944013	0.008573131467884326	0.017242861600195517	0.030573477291102973	0.05529066055132722	0.09511345996130258	0.1571660270225104	0.24655601611652117	0.3675699929772771	0.5211739442490468	0.7018134467272855	0.9249322118872385	1.181884659262701	1.460318234640088	1.7622977344715234	2.076303768024103	2.395345006959934	2.703832841807129	3.0044961848357485	3.2881943874243995	3.5455694539567295	3.772117471703836	3.961885547970414	4.120488480126274	4.226916058658573	4.2533961675445875	4.227531875144294	4.16401825328363	4.049597135270008	3.893469543890086	3.712069326929486	3.521951080504361	3.3214967769855614	3.107566959779214	2.8806446222074533	2.6515608895191414	2.4332358330813717	2.209984244757832	1.992492351800744	1.7916637284572903	1.5926704797379472	1.4086017246725546	1.2342773598812222	1.0781135440021405	0.9438172507826907	0.819374021334781	0.7089013737296068	0.6125562807968616	0.5239873803504793	0.4396084469736121	0.3646720330444711	0.30001130204373794	0.2450828864840115	0.19894494938712978	0.15778184350823166	0.12330819514089397	0.09386975215680668	0.07214712749381527	0.05565290554292796	0.04264831034446118	0.03335068889337536	0.025163952083198497	0.019150685222626113	0.014912418820897382	0.012292180048318653	0.009828914105433578	0.007232824998961564	0.005023130550197013	0.0033688784218869386	0.00262023877257873	0.002245918947924626	0.0016059527960966412	0.0009176873120552236	0.0006641158179347013	0.0006037416526679101	0.0002897959932805969	0.00014489799664029845	0.00013282316358694023	4.829933221343282e-05	0.0	0.0	0.0	1.2074833053358206e-05	2.414966610671641e-05	1.2074833053358206e-05	0.0	0.0	0.0	0.0
Sor-CPnd_034-Ex1-4G-lcwgs-1-3.clmp.fp2_repr.R1	0.0	0.0	0.0	1.4668938200643498e-05	5.867575280257399e-05	8.801362920386098e-05	8.801362920386098e-05	0.00010268256740450448	0.0003080477022135134	0.0005867575280257398	0.0008507984156373228	0.0014815627582649932	0.0028751118873261254	0.006058271476865764	0.01245392853234633	0.02484918131189008	0.04641252046683603	0.07862550875544914	0.12565412462671222	0.19348329486648772	0.28984354990651484	0.4159964184320489	0.5701962967972134	0.7548928976815157	0.9718758315454342	1.2176685600354167	1.4834257134164748	1.7642625352677948	2.0611325065724175	2.3613176579103863	2.644046772789589	2.9120482737153455	3.1682412793895844	3.3998051378249428	3.6222595856377016	3.8165496721052246	3.953352189764426	4.0360409944014535	4.079299693155151	4.088262414395744	4.038740079030371	3.9589850620334732	3.8416628943047257	3.684749262372443	3.5265887706931043	3.349285314661926	3.147528738650276	2.938041632206886	2.725400704050358	2.4921205798455244	2.2707516334596134	2.066178621313439	1.8609601758864367	1.6726256783283748	1.4847752557309342	1.3132513613508097	1.162146628945981	1.0168948028832092	0.882762031976525	0.7638702878603094	0.6624785870174615	0.5680839696963207	0.48219733653155306	0.4028237119278711	0.32845219525060854	0.2696297530660281	0.21616147332468258	0.17061442021168452	0.1346608526819073	0.10422280591557205	0.08138326913717012	0.06282706231335611	0.049170280848557006	0.03860864534409368	0.029220524895681846	0.022560826952589697	0.018365510627205657	0.014419566251232559	0.011163061970689702	0.008654673538379664	0.0066743668812927915	0.004943432173616859	0.003095145960335778	0.00209765816269202	0.0015255695728669237	0.0011295082414495491	0.0009094741684398968	0.0007774537246341053	0.0006160954044270268	0.00035205451681544393	0.00017602725840772196	7.334469100321748e-05	1.4668938200643498e-05	1.4668938200643498e-05	2.9337876401286995e-05	2.9337876401286995e-05	1.4668938200643498e-05	0.0	0.0	0.0	0.0
Sor-CPnd_034-Ex1-4G-lcwgs-1-3.clmp.fp2_repr.R2	0.0	0.0	0.0	1.4662554504380732e-05	2.9325109008761464e-05	2.9325109008761464e-05	4.398766351314219e-05	7.331277252190366e-05	0.0001906132085569495	0.000381226417113899	0.0006598149526971329	0.0014369303414293116	0.0028445355738498618	0.005967659683282958	0.012683109646289333	0.025307569074561144	0.04602575858925111	0.07709571158403389	0.12405987366156537	0.19241670276098835	0.28715146741379227	0.4113433040658971	0.5645963237456845	0.7506788029607803	0.9630659049567352	1.2028866464303865	1.4709328053249706	1.7526444650176376	2.0434469085030207	2.338501492794674	2.6205357286864372	2.8919102874535163	3.1641206118273444	3.4058621479410696	3.6258737782793022	3.8123961341295294	3.946822433825692	4.03424058378081	4.079122663118719	4.081644622493473	4.037803584525375	3.960575909950801	3.8430115479346765	3.6975003570332023	3.5323266805413533	3.3542059684221357	3.1569212975656935	2.9504285424804997	2.7415311284565873	2.5085138122729687	2.284250041128465	2.0771267961995834	1.8745929308305722	1.6786278898795237	1.4877214302324864	1.3215360374798353	1.1673006266482544	1.0164962535706985	0.8848998268938816	0.7688017203281948	0.6656359868353721	0.5696109173861826	0.48194350400449026	0.4045985289938819	0.33062594151928115	0.2703041922882588	0.21719641987339175	0.17370728321339854	0.13881040349297238	0.10587830607613326	0.08137717749931306	0.06279972094226267	0.049002257153640406	0.0381226417113899	0.02928112134524832	0.023166836116921555	0.018870707647138003	0.014530591513841305	0.010850290333241742	0.008313668403983874	0.006920725726067705	0.005879684356256673	0.003636313517086421	0.002082082739622064	0.0015835558864731188	0.0011583418058460778	0.0008650907157584631	0.0006598149526971329	0.0005278519621577063	0.0003958889716182797	0.00021993831756571096	8.797532702628439e-05	4.398766351314219e-05	2.9325109008761464e-05	2.9325109008761464e-05	2.9325109008761464e-05	1.4662554504380732e-05	0.0	0.0	0.0	0.0
Sor-CPnd_036-Ex1-5C-lcwgs-1-3.clmp.fp2_repr.R1	0.0	0.0	0.0	0.0	1.2991990437895037e-05	2.165331739649173e-05	3.464530783438677e-05	0.00014724255829614376	0.0002944851165922875	0.0005153489540365032	0.0008531407054217742	0.0014291189481684542	0.0028106005980646264	0.0058334037066148725	0.01190932456807045	0.023394244115169664	0.04358379725565855	0.07571732027205227	0.1269923758669447	0.20186088609705452	0.3072475818657798	0.44517055235447345	0.6098267085008758	0.8105746140837508	1.0408489832684817	1.3003033629767247	1.5846590576909336	1.8729080188730314	2.1732958297876026	2.474194658992731	2.7658908283043506	3.0490685825521897	3.319349620958679	3.5498924912791265	3.759942662015534	3.9472092121873534	4.060702909989325	4.121553062536946	4.140361134027539	4.111328366062322	4.039837773346065	3.928041695627979	3.7859396348817618	3.619408301448823	3.435909428503994	3.235326088133333	3.0227598019154525	2.8158536928650153	2.6023043460373345	2.377144490421655	2.1664490508268317	1.9592831019676369	1.7583922844899453	1.580415007481221	1.4055558081775918	1.2385524324254098	1.0904480720968854	0.9622864170905304	0.8397329712898663	0.7223893136547985	0.6200124290041855	0.5310735931298355	0.45178347548736203	0.3781578656758109	0.31061250738919455	0.2520835904664774	0.20125892387343206	0.16041210593669003	0.12781953259149068	0.09972218793780302	0.07830705703267268	0.061235581597278606	0.0471132879912867	0.03654646910179874	0.028582378963369084	0.02193481052264612	0.017218717993690222	0.013420726122345576	0.010073123252847952	0.007557007771375614	0.005482619964791706	0.0039279117757236	0.002845245905899013	0.0020484038257081176	0.0015070708907958244	0.001112980514179675	0.0008661326958596693	0.0005976315601431717	0.000363775732261061	0.00024684781832000574	0.0001602345487340388	7.362127914807188e-05	3.8975971313685115e-05	2.5983980875790074e-05	8.661326958596693e-06	0.0	0.0	0.0	0.0	0.0	0.0
Sor-CPnd_036-Ex1-5C-lcwgs-1-3.clmp.fp2_repr.R2	0.0	0.0	0.0	8.658213306686817e-06	1.7316426613373634e-05	2.164553326671704e-05	4.329106653343408e-05	0.0001038985596802418	0.00019913890605379679	0.0003506576389208161	0.0007878974109085003	0.001601769461737061	0.0030303746573403854	0.005965508968307216	0.01159767672430699	0.022874999556266568	0.04228671378985841	0.07429179927802622	0.12720214079518935	0.203541607520247	0.307102496881528	0.4420234348396287	0.6070489804650794	0.8065298859444903	1.0374790676870544	1.2968704801420847	1.5778641347972986	1.8648536021673934	2.162471026371446	2.461162069025528	2.7526191744618727	3.0364354066550665	3.2998918502575867	3.5319969034765935	3.742053816510122	3.9174129397171034	4.040402859738589	4.115686024440231	4.1423489923181736	4.1216645207284985	4.04813464422146	3.9367337427109748	3.7960118018373943	3.624916848683956	3.44196447240701	3.2407432660529554	3.028920077504862	2.8245559397204802	2.6131266998778413	2.3901257579508157	2.175142321545782	1.96800755550326	1.7668339693223918	1.5885786737643237	1.414137321167851	1.2443714037569893	1.095476109521896	0.9655466315351003	0.8459204273832619	0.7281817137322814	0.6237679903602916	0.5342074319159232	0.4552921467321262	0.38336836879347885	0.31394681450046397	0.25339992884680307	0.20207836947141694	0.16252765108647158	0.12954418749464813	0.10040064150434033	0.07927893014267783	0.062256882781731554	0.04778467923960454	0.03663290050059192	0.02881453388465372	0.022390139611092107	0.017307768400066943	0.013537116505004838	0.010411501501290896	0.007731784482871327	0.005610522222733057	0.004121309533982925	0.0030173873373803553	0.0021472369000583302	0.0015887821417770308	0.0011731879030560638	0.0008831377572820552	0.0006104040381214206	0.000329012105654099	0.00019480979940045336	0.00014718962621367587	9.091123972021157e-05	5.62783864934643e-05	3.463285322674727e-05	1.7316426613373634e-05	1.7316426613373634e-05	8.658213306686817e-06	0.0	0.0	0.0	0.0
Sor-CPnd_037-Ex1-6C-lcwgs-1-3.clmp.fp2_repr.R1	0.0	0.0	8.311340142093996e-06	8.311340142093996e-06	1.662268028418799e-05	6.649072113675197e-05	9.973608170512794e-05	0.0001579154626997859	0.00029089690497328984	0.0006233505106570497	0.0011552762797510654	0.002252373178507473	0.004305274193604689	0.008303028801951901	0.015899593691825815	0.02915618121846574	0.052236772793060764	0.08903107560211089	0.1460385576367336	0.22778058793422803	0.33643473761182285	0.47386274686134705	0.6392251703284492	0.8393622409500726	1.0679490288780837	1.317413903243035	1.5876072599223685	1.8680983670377567	2.168470199773034	2.451147189345793	2.7119736656849867	2.9838542244131654	3.242652733757688	3.4628783135027525	3.648761435780685	3.810774389170523	3.9338154686340823	4.0020848165612435	4.018857100967989	4.005351173237086	3.961209645742424	3.8773814690692645	3.749469944282438	3.599541679459204	3.4450671115782456	3.2678693397488017	3.068937413447782	2.867919340771096	2.6665023237675904	2.4540395357152414	2.251650091915111	2.049534922339669	1.8447435012384727	1.6543639439436677	1.4651479742687556	1.2936600931169304	1.1429422509801979	0.9959645119074076	0.863273966538877	0.7473972622778026	0.6395410012538487	0.5438857875584889	0.4619110397370159	0.3877073949484007	0.31788382641466906	0.25845774439869695	0.206819388095867	0.16655925644756367	0.1342946340159548	0.10452341362697408	0.0815176241136579	0.06328254384190368	0.04938598312432252	0.03922121413054156	0.030901562648305476	0.024177688473351434	0.019232441088805508	0.01457809060923287	0.01092110094671151	0.00823653808081515	0.006083900984012805	0.004612793778862167	0.003374404097690162	0.0026097608046175146	0.001795249470692303	0.0012217670008878173	0.0009724267966249974	0.0006898412317938017	0.00040725566696260583	0.0002327175239786319	0.00012467010213140995	6.649072113675197e-05	5.8179380994657975e-05	4.155670071046998e-05	2.4934020426281986e-05	1.662268028418799e-05	8.311340142093996e-06	0.0	0.0	0.0	0.0
Sor-CPnd_037-Ex1-6C-lcwgs-1-3.clmp.fp2_repr.R2	0.0	0.0	0.0	0.0	8.308337699364795e-06	2.4925013098094382e-05	4.9850026196188765e-05	0.0001578584162879311	0.0003821835341707805	0.0006314336651517244	0.0010302338747212347	0.002035542736344375	0.003896610381002089	0.007967695853690837	0.01591046669428358	0.029170573662469793	0.051785868880140765	0.08780251280688714	0.14313604188465667	0.22578738531793766	0.3347595425828063	0.47117413926867685	0.6350561003886473	0.8310580950543622	1.0574104473358568	1.3026061095195105	1.5710318839105883	1.853307657246507	2.1443902685437526	2.426458333437188	2.692507923246247	2.9546609026743043	3.2067358684730327	3.4201936806451125	3.609823180295415	3.7857605394171636	3.9220089693490467	4.002525069993591	4.022598013875256	4.012312291803442	3.971750987155144	3.8881691098995343	3.767349263075371	3.6194276186758803	3.4580132338526215	3.280314507138607	3.0915656912844374	2.8962699053231686	2.688702704579938	2.476300051295677	2.2714912186686353	2.0639904846269994	1.8610427196446158	1.6716790868006937	1.479897727686256	1.3035781850303363	1.1454954436245222	0.9992105417518062	0.8683542229868108	0.7491877353648215	0.6445109886905246	0.5509175645071801	0.4644776190829888	0.3885892625369908	0.32017840992042107	0.2618704959462789	0.2116133612028213	0.1693488473261526	0.13401348709075414	0.10585653062760686	0.08386436073738823	0.06470533400265302	0.05044822651054304	0.0397637042291599	0.030541449382864985	0.02374522914478458	0.01925041844942823	0.014805457780268063	0.011291030933436755	0.00868221289583621	0.006480503405504539	0.004719135813239203	0.003348260092844012	0.0026420513883980046	0.0019524593593507266	0.0013958007334932854	0.001129933927113612	0.0007726754060409259	0.00044865023576569883	0.000282483481778403	0.0001661667539872959	8.308337699364795e-05	6.646670159491836e-05	4.154168849682397e-05	2.4925013098094382e-05	1.661667539872959e-05	8.308337699364795e-06	0.0	0.0	0.0	0.0
Sor-CPnd_038-Ex1-2A-lcwgs-1-3.clmp.fp2_repr.R1	0.0	4.190681717472117e-06	8.381363434944233e-06	8.381363434944233e-06	4.190681717472117e-06	4.190681717472117e-06	3.3525453739776934e-05	0.00011314840637174716	0.00020115272243866162	0.0004358308986171002	0.0007627040725799253	0.001361971558178438	0.002623366755137545	0.005250924191992563	0.010673666334401482	0.020827688135836422	0.03913258587775463	0.0704118342169665	0.12195302866015607	0.20008409860070622	0.3112964100189813	0.4570357481075091	0.6362712051637915	0.8523637079252413	1.10356993279739	1.3914571947425718	1.7015634511537912	2.022674437755092	2.3614617198406904	2.689328085370556	3.004060854397865	3.302638545404318	3.5748191322724145	3.8250866444398497	4.0384761574935295	4.199863501115098	4.30229633433527	4.332481814746221	4.304379103148853	4.244896566851054	4.132636585003411	3.9722089074951428	3.7854469860742803	3.576403209961619	3.360046694251969	3.1404717349832993	2.9109816227710916	2.677145773617865	2.4535184251284003	2.230523869578274	2.0080782933331367	1.7958747432055011	1.5967964082169879	1.4133954135335385	1.2381578668357243	1.0753917889291074	0.9270332747671594	0.7970383278911743	0.6849836894476874	0.5835356664311224	0.4904815788946541	0.4089392940360816	0.3396421811559627	0.27748598992241624	0.2233800982681337	0.1790217322886914	0.1411840670616356	0.11068009484015609	0.08521332204307804	0.06415514641278064	0.04757261885674347	0.0356501293705353	0.027205905709828986	0.020312234284587352	0.015254081451598506	0.011549518813353154	0.008875863877605944	0.006952340969286242	0.005133585103903344	0.003612367640460965	0.0025437438025055752	0.0018271372288178429	0.0012236790615018582	0.0008171829349070629	0.0005866954404460964	0.0004106868083122675	0.0002933477202230482	0.00019277135900371738	0.00010057636121933081	5.866954404460964e-05	4.190681717472117e-05	1.6762726869888467e-05	0.0	0.0	0.0	0.0	0.0	0.0	0.0	0.0	0.0
Sor-CPnd_038-Ex1-2A-lcwgs-1-3.clmp.fp2_repr.R2	0.0	0.0	0.0	0.0	4.188415011614475e-06	1.2565245034843425e-05	2.9318905081301324e-05	9.63335452671329e-05	0.00022617441062718164	0.000414653086149833	0.0006994653069396173	0.0012481476734611135	0.002450222781794468	0.005067982164053514	0.010265805193467077	0.020380827446516037	0.038604621162050615	0.0690125141463717	0.11937820466103577	0.19630682317935882	0.30433861157393094	0.44627143107251066	0.6229848488275369	0.8386128304554733	1.0856748667455765	1.3625039685232236	1.6717220835856854	1.9915620191176013	2.319339001096527	2.6405234178471715	2.9461520612446797	3.2451043711136744	3.515872836369515	3.764149513012987	3.9839072718423747	4.1532783980820405	4.271894311210963	4.324639021452224	4.315533407216974	4.261519607227194	4.158618627221849	4.0098754449143845	3.8264773168008213	3.6240135235543898	3.404804447091523	3.173842678106066	2.9457499734035646	2.7217870459025155	2.4956252005203687	2.2610278873048304	2.0355068694194607	1.8212149921802292	1.6180768641169272	1.431018061283213	1.254627151484081	1.0932098253514708	0.9434237277061139	0.8110698133390967	0.6975260707892398	0.5916178088055563	0.4982161540465534	0.41678080097573317	0.3443631054249189	0.2820646205421652	0.227615225391177	0.18174370418397529	0.1427202415207632	0.11119823014335269	0.08581643517296898	0.0645560405740139	0.04808300433333417	0.036589993541464055	0.02756395919143486	0.02052742197192254	0.015899223384088546	0.012238548663937495	0.009319223400842206	0.007149624424825909	0.005403055364982673	0.004046008901219583	0.0029947167333043497	0.0021402800709349966	0.001499452574157982	0.0009591470376597148	0.0005780012716027975	0.0003434500309523869	0.00022617441062718164	0.0001507829404181211	0.00012146403533681978	0.0001005219602787474	5.863781016260265e-05	2.513049006968685e-05	8.37683002322895e-06	4.188415011614475e-06	0.0	0.0	0.0	0.0	0.0	0.0	0.0
Sor-CPnd_041-Ex1-7A-lcwgs-1-3.clmp.fp2_repr.R1	0.0	0.0	0.0	0.0	0.0	3.1919870400218993e-06	1.2767948160087597e-05	3.5111857440240896e-05	6.703172784045989e-05	0.00013725544272094167	0.00024578300208168624	0.00045964613376315357	0.0009288682286463728	0.002157783239054804	0.004835860365633177	0.009834512070307473	0.01962752830909466	0.03764310316297826	0.06887031237551251	0.11833015156065183	0.19205228423699763	0.2960919098194714	0.43348460798313404	0.6090215512750584	0.8226644358507642	1.0738642399393676	1.3566615237371478	1.670213602665539	2.0048008761876743	2.3387114484573255	2.67898684288478	3.0202964411132016	3.3506575237943483	3.656319010759805	3.9237149570894796	4.144558964427475	4.308378123295479	4.398127222899775	4.428728802652464	4.414588300065168	4.344281593521646	4.2207580790468775	4.05343411840893	3.86393542380395	3.6538643727260283	3.4219282104239572	3.1837102176271226	2.9448602113963642	2.6994730157076408	2.445358927451497	2.205602396901372	1.9716457068029671	1.7412129703967463	1.534665873011009	1.3381926867235812	1.1586849115538695	1.0014987017550312	0.8586732416492512	0.7297839969602069	0.6190986543604075	0.5233901149523909	0.4381512930356461	0.36210858578120436	0.2947544672497022	0.23610489737633986	0.18721323188432443	0.1461323586792426	0.11231006400317053	0.08547502895770644	0.06367375747435686	0.04720629633488387	0.034661787267597804	0.025507168436814998	0.018880603341729536	0.013795767986974652	0.009968575525988392	0.007083019241808595	0.005241242719715959	0.003906992136986805	0.0027227649451386803	0.0018768883795328769	0.0012863707771288255	0.0008267246433656721	0.0005330618356836573	0.00038942241888267177	0.0003032387688020805	0.00024578300208168624	0.00019151922240131397	0.000127679481600876	8.618365008059128e-05	4.14958315202847e-05	9.5759611200657e-06	3.1919870400218993e-06	6.383974080043799e-06	6.383974080043799e-06	3.1919870400218993e-06	0.0	0.0	0.0	0.0	0.0
Sor-CPnd_041-Ex1-7A-lcwgs-1-3.clmp.fp2_repr.R2	0.0	0.0	0.0	0.0	0.0	0.0	3.190724334627087e-06	1.9144346007762523e-05	3.8288692015525046e-05	8.614955703493134e-05	0.00022654142775852315	0.0004626550285209276	0.0009699801977266344	0.002150548201538657	0.004527637830835837	0.009677466906923955	0.01971548566366077	0.037312330369129156	0.06817301613364234	0.11763881549336608	0.1911722485091819	0.2928414887077394	0.42828135526398997	0.6038509617768455	0.818085765776712	1.067584455122877	1.3520821996955665	1.662070640977592	1.9932933527065606	2.3291617590667464	2.6652886140980367	3.0035596358821968	3.333375238179595	3.635319863414025	3.903535341707113	4.122310546435154	4.278898533881312	4.375188212851689	4.412851522897627	4.399192032021088	4.3335843582524864	4.213268525042368	4.04495781639079	3.858699283356933	3.6556511588742695	3.4303477321575815	3.198177866672776	2.9615665129141697	2.715577620336094	2.462403216556439	2.2228819222046527	1.9897867466628054	1.7632197931096054	1.5559758661269067	1.353224479007363	1.173168714080022	1.014031337890496	0.8706465677410239	0.7435472545954885	0.6296415865736362	0.5321043343884208	0.44546021508162226	0.36881263511521034	0.30105760386940417	0.24098902754571463	0.19115310416317416	0.14963539912100648	0.11603707187738327	0.08852026521555928	0.06576401926099888	0.0483905252589544	0.035608483574438285	0.026578733707443635	0.01961976393362196	0.014122145905059487	0.010213508595141306	0.007600305365081721	0.0056603449696284525	0.004026694110299384	0.002788693068464074	0.0020101563308150645	0.0014326352262475622	0.0009316915057111095	0.0006349541425907903	0.0004690364771901818	0.00034459822813972537	0.0002712115684433024	0.0001978249087468794	0.00011805680038120222	7.338665969642301e-05	3.8288692015525046e-05	1.2762897338508348e-05	3.190724334627087e-06	6.381448669254174e-06	6.381448669254174e-06	3.190724334627087e-06	0.0	0.0	0.0	0.0	0.0
Sor-CPnd_043-Ex1-1D-lcwgs-1-3.clmp.fp2_repr.R1	0.0	0.0	0.0	1.0902518078282916e-05	2.7256295195707286e-05	3.270755423484874e-05	5.9963849430556026e-05	0.00016353777117424372	0.00032707554234848743	0.0006159922714229847	0.0010902518078282914	0.0019188431817777928	0.003728661182772757	0.0070266729014533385	0.013519122417070815	0.0255227948212603	0.04691353529085138	0.0818670082498264	0.13465154952583314	0.21333502249680095	0.3217060521949331	0.46056597369898344	0.6305961943888446	0.8345005387479308	1.0644073887237218	1.3257352958011241	1.6121935070489684	1.9084585333082285	2.2190331145452347	2.5281413071007117	2.8185407786338557	3.0962279140877214	3.3677169680140833	3.609622039135025	3.8208038143113647	3.999921283819475	4.122389269392826	4.169766161702005	4.176552979205736	4.150757621432518	4.077367320988558	3.9620513872745593	3.800661412161737	3.625894047366862	3.4363483193168745	3.2242561838809976	3.0133796792108494	2.8053541830181725	2.5834824888660757	2.3453115301869465	2.129975895622781	1.922888015984836	1.7169121931908762	1.5341968927169327	1.3568565336555827	1.1926210013243288	1.0450009065443782	0.9108999341814984	0.7869982674808522	0.6779621841799447	0.5818292310246852	0.4915618325955417	0.4131836301307659	0.3417339779047388	0.2764878584652547	0.22337079038786037	0.1760647644461908	0.13719183623807307	0.10664298058272433	0.08128917479167741	0.06171915484115958	0.04669003367024658	0.03551495264000659	0.02685290202681082	0.020812907011442085	0.016348325858385228	0.012559700826181918	0.009419775619636438	0.0071466006003144495	0.005255013713732365	0.003635989779107352	0.0026602144111010314	0.0018643305913863784	0.0011938257295719791	0.0008122375968320771	0.0005451259039141457	0.0003325268013876289	0.0001798915482916681	0.0001144764398219706	6.541510846969748e-05	2.180503615656583e-05	0.0	0.0	5.451259039141458e-06	1.0902518078282916e-05	1.0902518078282916e-05	5.451259039141458e-06	0.0	0.0	0.0	0.0
Sor-CPnd_043-Ex1-1D-lcwgs-1-3.clmp.fp2_repr.R2	0.0	0.0	0.0	5.4472639482640655e-06	1.6341791844792198e-05	3.2683583689584396e-05	5.447263948264066e-05	0.00010894527896528132	0.00026146866951667517	0.00046301743560244564	0.0008879040235670428	0.0018684115342545746	0.0035134852466303227	0.006825421727174874	0.013078880739782021	0.02502473057832512	0.046514186854226855	0.08024909248582622	0.13388830058438247	0.21191490937931698	0.3183108688168107	0.45347927642903524	0.6195935905313479	0.8239422502865261	1.0552330775298184	1.3109439890531784	1.5941690307792202	1.8898683069467868	2.1924474774810108	2.493757435515289	2.78216282525613	3.064826798795501	3.3371355235692213	3.582790785844086	3.797167858528019	3.973490345269378	4.097159578686817	4.1650542765379805	4.184985815324679	4.156632806473964	4.083328975522175	3.972232027297329	3.826468691305731	3.652777233051383	3.4597370932528007	3.2491240799571193	3.0310592095802122	2.823077224771542	2.607659724673491	2.3664603243083064	2.1401700853695207	1.9341600101101217	1.7342998958483131	1.5486081151159397	1.370509820327446	1.2036546783281694	1.0563170830555229	0.9221400774818824	0.7950445150409852	0.6838168324813813	0.5855808744383871	0.4946224610302737	0.4166666666666667	0.34650590701302547	0.280196362970807	0.2267641509022848	0.17895896249231935	0.1391612520863021	0.10889625358974694	0.08349566179899161	0.0629703712419326	0.04765811228336231	0.03650756298126577	0.02755770831426791	0.02145132542826389	0.01648342070744706	0.012632205096024368	0.009728813411599622	0.007484540664914827	0.00550718385169497	0.003932924570646656	0.002963311587855652	0.0021843528432538904	0.0013563687231177525	0.0008170895922396099	0.0005556209227229347	0.0003649666845336924	0.0002124432939822986	0.00013073433475833759	7.626169527569691e-05	3.2683583689584396e-05	5.4472639482640655e-06	0.0	5.4472639482640655e-06	1.0894527896528131e-05	1.0894527896528131e-05	5.4472639482640655e-06	0.0	0.0	0.0	0.0
Sor-CPnd_044-Ex1-8G-lcwgs-1-3.clmp.fp2_repr.R1	0.0	0.0	0.0	0.0	1.8777813697648957e-05	4.8822315613887294e-05	9.764463122777459e-05	0.00018777813697648958	0.00033424508381815147	0.0007060457950316009	0.0013257136470540163	0.00234347114946659	0.004337674964156909	0.008540149669690746	0.016663431875293684	0.030806881152362877	0.05545088384915737	0.09376137935510077	0.15284389237338344	0.23760694340457084	0.3465670851665487	0.48853111228351437	0.6619592440322606	0.8691423736839007	1.1055362703236034	1.359269600131715	1.6401669152348457	1.94108513530241	2.250205504393107	2.5505378566733046	2.8430173272651453	3.122979507246133	3.381508690672624	3.6112064189477455	3.810157355074336	3.9742942246054853	4.092996296113804	4.151470407968283	4.153704967798303	4.119908658705274	4.0423975993241195	3.9316197651962086	3.784337861240069	3.601682311840298	3.409386232888154	3.200268988425656	2.975156802255501	2.7577134751994654	2.542737552863301	2.3188571912717117	2.1021274211361867	1.8929913988599913	1.6996775624054348	1.5177919033672675	1.3368150905120664	1.177102273888083	1.0332867543405293	0.9041892851691926	0.788333930217438	0.6782208306944246	0.5806287773450034	0.4979237746950783	0.4238941219734671	0.3547842564406399	0.2895876872824027	0.23391146966887355	0.18578393316179925	0.1479841941884319	0.11711722403223655	0.09022363925446371	0.0711491361003919	0.05543586159819926	0.042039769306296486	0.03250815107336987	0.02507213684910089	0.01970168213157329	0.01568323000027641	0.011619711116105174	0.008551416357909335	0.006376945531721586	0.004630608857840233	0.0034175620929721103	0.0024936936590477816	0.0017726256130580615	0.0011792467002123546	0.000792423738040786	0.0006196678520224156	0.000431889715045926	0.000270400517246145	0.00015773363506025123	8.262238026965541e-05	4.50667528743575e-05	3.004450191623833e-05	2.6288939176708544e-05	2.6288939176708544e-05	2.253337643717875e-05	1.1266688218589375e-05	0.0	0.0	0.0	0.0
Sor-CPnd_044-Ex1-8G-lcwgs-1-3.clmp.fp2_repr.R2	0.0	0.0	0.0	0.0	7.507253884065478e-06	4.1289896362360134e-05	9.008704660878574e-05	0.00016515958544944054	0.0002965365284205864	0.0006456238340296312	0.0012386968908708038	0.0023385095848863966	0.004174033159540406	0.008160384971979174	0.01625695828594379	0.030539508800378364	0.054649054649054646	0.09210274427665732	0.15003997612693265	0.23354316107939296	0.3423195162325597	0.4816278729322208	0.6539869148564801	0.8616713399322095	1.0931500061934845	1.3450446493924755	1.62508774102977	1.9229718215225462	2.230442665225274	2.530327428878153	2.823286750822983	3.1044671914237134	3.3631558993877833	3.5953740301566386	3.7975856671508845	3.9632670067452676	4.081037052051545	4.142382577165185	4.15243479011595	4.129207346598651	4.056739824855767	3.945182032138554	3.794582765597258	3.6131887436235264	3.426460817765166	3.2176653191145945	2.995169082125604	2.774714818193079	2.5549286998562364	2.329110503023547	2.1144143028200997	1.9080173717854878	1.709262825204854	1.5251774527136845	1.3445791996516634	1.1813527320773698	1.0375212549125592	0.9085278650496041	0.7921804443543574	0.6824769433465085	0.5857159480347887	0.5009890806992257	0.4246815985946421	0.3567709799593858	0.29292553930235093	0.23665867144128014	0.18798163725699957	0.1494844393395118	0.11838188649782853	0.091836236763773	0.0723924492040434	0.05616176630669384	0.042483549729926545	0.03281796035419224	0.025453344293924006	0.02015697667871581	0.015915378234218815	0.012000345333678667	0.009117559842197523	0.006779050257311127	0.004962294817367281	0.0036898152840181826	0.0026575678749591793	0.0018430308285380748	0.001193653367566411	0.0008070297925370389	0.0006193484454354019	0.00044292797915986324	0.00026650751288432445	0.00016891321239147328	0.00010510155437691671	5.2550777188458355e-05	3.0029015536261913e-05	2.6275388594229177e-05	2.6275388594229177e-05	2.2521761652196435e-05	1.1260880826098217e-05	0.0	0.0	0.0	0.0
Sor-CPnd_045-Ex1-7B-lcwgs-1-3.clmp.fp2_repr.R1	0.0	0.0	0.0	0.0	9.168453369016954e-06	1.833690673803391e-05	3.208958679155934e-05	9.168453369016953e-05	0.00019253752074935605	0.0003667381347606781	0.000788486989735458	0.001641153153054035	0.0029705788915614932	0.00601908963675963	0.011896068246299497	0.022678169408263435	0.041826484269455344	0.07382438652732452	0.12461761819167845	0.19888209048071576	0.30352623300799075	0.4398794715120109	0.6089457516366835	0.8104912778210988	1.0449561358269692	1.3114922437176613	1.5978643004722213	1.9054063160558414	2.229488221517168	2.5397395150713327	2.8404968751618807	3.135262650975776	3.4122645483872005	3.6660381691882202	3.8847378716260663	4.06583316257089	4.195291724141409	4.257151279022166	4.267429115248834	4.240313414409966	4.166003099854084	4.037640168461162	3.8735156847023897	3.6867542895755148	3.4886010911376353	3.276071757817138	3.0439540238737357	2.815852072505963	2.5857238929436375	2.3341002744576516	2.1032386186258045	1.8932214415284179	1.6784091633190352	1.4795820835585334	1.2925410506039032	1.1248912965247435	0.9787003075557682	0.8458815078255041	0.7264944922808498	0.6182013053127062	0.5212953374288815	0.43658341252584926	0.36487693872676774	0.3013533095595337	0.24170793616739394	0.19184988674667977	0.15172873480386156	0.11986835934652766	0.09281683768124313	0.07055583290126997	0.05361253107532664	0.04043287935736477	0.03051261281208842	0.02320993970366642	0.017681362322149195	0.013115472544378753	0.010057793345811599	0.0077106692833432584	0.005611093461838376	0.0039974456688913924	0.002823883637657222	0.0021545865417189843	0.0015815582061554246	0.0011002144042820345	0.0007380604962058648	0.00046300689513535616	0.0002750536010705086	0.00018795329406484754	0.00012835834716623735	7.79318536366441e-05	2.7505360107050863e-05	9.168453369016954e-06	9.168453369016954e-06	4.584226684508477e-06	0.0	0.0	0.0	0.0	0.0	0.0	0.0
Sor-CPnd_045-Ex1-7B-lcwgs-1-3.clmp.fp2_repr.R2	0.0	0.0	0.0	0.0	4.581618509885391e-06	1.8326474039541565e-05	5.956104062851009e-05	0.00014203017380644715	0.0002657338735733527	0.0004719067065181953	0.0009621398870759323	0.0017593415077959904	0.0029505623203661922	0.005997338629439978	0.011916789744211904	0.023022633012174092	0.04250825653471667	0.07343876309495295	0.12399234173302837	0.19802213361575652	0.30013724696408217	0.433943415545285	0.6004715035240893	0.8046330059430923	1.038506304398702	1.298192441539006	1.5837189070750637	1.886843369307591	2.203350739207494	2.5119044193742353	2.804417853137868	3.0916990785632117	3.3741833494087055	3.6259249600528682	3.843579328983484	4.0285896660311655	4.164714133578371	4.240975173675412	4.253670838566305	4.232059344055176	4.170743543537379	4.050833423896659	3.8869076952314696	3.706950883400191	3.518481424377546	3.307053475001865	3.0785910680064297	2.846234285277592	2.611302632946199	2.3644175379225145	2.1333436083764448	1.911749047527328	1.6922574495742484	1.5004205009468374	1.3133346907141772	1.1402961228328257	0.9917279794127721	0.8578026887503122	0.7358537488726928	0.6246120514526754	0.5281735634380978	0.4430287650503877	0.36953044091480625	0.3061070958824628	0.24575801687025242	0.19535105002449335	0.15451966586439472	0.12121129929752793	0.09343752789060268	0.07074018979263044	0.0547915757597194	0.041591932832739584	0.03187890159178256	0.024172619258155326	0.017872893807062914	0.013433305470983967	0.010221590895554309	0.007839149270413905	0.00578658417798525	0.004173854462505591	0.003078847638642983	0.00233662544004155	0.001649382663558741	0.0011499862459812332	0.0008246913317793705	0.0005589574582060177	0.0003619478622809459	0.00019700959592507187	9.621398870759322e-05	5.49794221186247e-05	2.748971105931235e-05	2.748971105931235e-05	3.207132956919774e-05	1.8326474039541565e-05	4.581618509885391e-06	0.0	0.0	0.0	0.0	0.0	0.0
Sor-CPnd_046-Ex1-5A-lcwgs-1-3.clmp.fp2_repr.R1	0.0	0.0	0.0	0.0	0.0	3.908381289171752e-05	6.513968815286252e-05	0.00010422350104458003	0.0002735866902420226	0.00044294987943946514	0.0006774527567897702	0.0011725143867515255	0.0021235538337833182	0.005289342678012437	0.010422350104458003	0.018434531747260095	0.036256750425883284	0.06626009078909176	0.11399445426750943	0.1842671498468175	0.2855984487374104	0.41577360154209086	0.574180295192222	0.7787579998051021	1.0097954457456748	1.2631497488474184	1.5467158393144596	1.8451468066179837	2.157752170063571	2.462723162057643	2.7498979912483525	3.0338679477819417	3.3143073332176454	3.5553632631961283	3.765790511805135	3.943986642716106	4.06902878809434	4.1369694828377765	4.149619610277062	4.138194108975051	4.073484342763996	3.9657042147462707	3.82870242262317	3.660173021434084	3.4807131805729483	3.2821022713948698	3.0696687203907547	2.854720777423939	2.6394210801410978	2.41713840828827	2.20688052286846	1.9959582126294912	1.7882668309229042	1.5996483499074756	1.4090235664969386	1.2302281504549615	1.0742576811417477	0.942258617068787	0.8212160485431379	0.704342420059272	0.606268105576322	0.5170137048692698	0.4337782113475421	0.36453472284104926	0.2960598826547602	0.23667854293461071	0.1910416774147152	0.15353424497629697	0.12192846828452807	0.09592470477390536	0.07411593718032698	0.055564153994391734	0.04206721060911862	0.03151458112835489	0.02376295823816425	0.018017637743081773	0.0143567872688909	0.011633948304101248	0.008819913775897586	0.0065660805658085426	0.0051330074264455666	0.0038041577881271714	0.0024101684616559134	0.001393989326471258	0.0009770953222929379	0.0008598438836177854	0.0007556203825732052	0.0005471733804840452	0.0002866146278725951	0.00011725143867515254	3.908381289171752e-05	2.605587526114501e-05	2.605587526114501e-05	2.605587526114501e-05	2.605587526114501e-05	2.605587526114501e-05	1.3027937630572504e-05	0.0	0.0	0.0	0.0
Sor-CPnd_046-Ex1-5A-lcwgs-1-3.clmp.fp2_repr.R2	0.0	0.0	0.0	0.0	0.0	1.3022976698248254e-05	3.906893009474476e-05	0.00013022976698248253	0.00019534465047372379	0.0003646433475509511	0.0007162637184036539	0.0011720679028423427	0.0022529749687969476	0.005013846028825577	0.009884439313970424	0.019104706816330187	0.03632108201141438	0.06588323911643791	0.11277897820682987	0.1822305129385878	0.2784182188318494	0.40851775604734947	0.5704454483133683	0.769410486309205	1.0011543566545327	1.254698689992728	1.5322834383158896	1.8338304637638279	2.139206244361051	2.4312725427726645	2.7185854546894173	3.0036844605674684	3.2793418083392893	3.5180269252647833	3.7247666803494743	3.901123830797152	4.0372139372938465	4.10877519425072	4.1251190300070215	4.125418558471082	4.080124645514574	3.973570650169507	3.834198753544854	3.682728511567529	3.504170478057847	3.302262247328206	3.090743059795258	2.8782471490099413	2.6699967286282535	2.4515753634452335	2.2382720281046256	2.0211790065448274	1.8158196869901504	1.623847987481273	1.4220178946118216	1.2454914454670665	1.0936305141887936	0.9550139502126391	0.8318556595773053	0.7181390270482018	0.61355150118457	0.5203721029086037	0.43956453249597327	0.3689539528380713	0.3010521523334049	0.24204504491364207	0.19490186926598335	0.15684873135370198	0.12495546141969198	0.09811510644460233	0.07552024187314163	0.05649367291700092	0.04293675417412449	0.03223186732816443	0.024287851542232994	0.018753086445477483	0.014715963669020525	0.011564403308044448	0.00894678499169655	0.006876131696675078	0.005339420446281783	0.0038678240793797313	0.002357158782382934	0.0013804355300143147	0.0010157921824633638	0.0008985853921791296	0.0007944015785931435	0.0005730109747229231	0.00031255144075795807	0.00015627572037897903	9.116083688773778e-05	7.813786018948952e-05	6.511488349124127e-05	3.906893009474476e-05	2.6045953396496508e-05	2.6045953396496508e-05	1.3022976698248254e-05	0.0	0.0	0.0	0.0
Sor-CPnd_049-Ex1-3B-lcwgs-1-3.clmp.fp2_repr.R1	0.0	0.0	0.0	0.0	0.0	0.0	0.0	5.204139303013093e-05	0.0002775540961606983	0.0005551081923213966	0.0006938852404017457	0.0013183819567633168	0.002671458175546721	0.005360263482103485	0.01167461916975937	0.022828824409217435	0.04270863654672745	0.07613655800308154	0.12706773464856966	0.20209407626700843	0.30444214922626595	0.4374946440733007	0.6071669324825375	0.8093303972735862	1.036248218015967	1.2993521540452988	1.5814858927926487	1.8661696597984752	2.171513859837263	2.4827907786814865	2.786608431191391	3.074119780551854	3.348967724274985	3.6006225538376886	3.815171870169908	3.987793170850853	4.119752796444255	4.196791405259858	4.211258912522235	4.197710803203391	4.138036672528841	4.027726266435973	3.888428804425322	3.710291116083184	3.5098623643931406	3.296076321825362	3.0625665912991646	2.8330293537742675	2.602728842484928	2.374301821344673	2.1617821193406286	1.9382990305382364	1.7192568072744152	1.5136759576743881	1.3223197555025967	1.1628649272582754	1.0190225169229936	0.885189401180507	0.7644880636126233	0.653501119410364	0.5528010238970607	0.4661521045018927	0.390726778870223	0.3250331937351877	0.26714581755467204	0.21680444336352545	0.17137230724822114	0.13473516655500897	0.1056960692441959	0.08130600304407455	0.0623629359811069	0.04737501478842919	0.037400414457654095	0.029785023944244933	0.02385230513881001	0.01929000968316853	0.014415465869346266	0.01072052696420697	0.0081878458367406	0.005932718805434925	0.004562295455641478	0.0038857573462497755	0.0028449294856471574	0.0018214487560545823	0.001266340563733186	0.0008847036815122257	0.0007979680264620075	0.0006071495853515275	0.00022551270313056737	0.00012142991707030548	0.00012142991707030548	6.938852404017457e-05	1.7347131010043642e-05	0.0	0.0	0.0	0.0	0.0	0.0	0.0	0.0
Sor-CPnd_049-Ex1-3B-lcwgs-1-3.clmp.fp2_repr.R2	0.0	0.0	1.7341469488378095e-05	3.468293897675619e-05	5.202440846513429e-05	6.936587795351238e-05	8.670734744189048e-05	0.00012139028641864667	0.00020809763386053716	0.00036417085925594	0.0006242929015816114	0.0012312443336748447	0.0026532448317218484	0.005583953175257746	0.011115881942050359	0.022075690658705314	0.042816088166805516	0.07477641643388634	0.12444238504860121	0.19942689911634806	0.30061437358103427	0.4335020542704756	0.599876112541975	0.8000660363158117	1.027430042777937	1.283632912999235	1.5717961114876136	1.8586760412338525	2.156272999123909	2.473465817535833	2.7697274822752838	3.055237435931941	3.3364987295639454	3.587984720084404	3.794608329038429	3.957895605740998	4.095344092905882	4.183178635864517	4.205878619424804	4.19073951656145	4.134657204236036	4.033539095649303	3.8968016087334414	3.70949639678947	3.5075376431278187	3.306879499677796	3.0892440575986506	2.8596430015725245	2.6288453841517003	2.4024004755724593	2.177342884552288	1.9568981244160262	1.7333492412413438	1.5240723874555973	1.3340098818629733	1.1692832631928698	1.0262161399137504	0.893918069186914	0.7756839302151521	0.6590798893752978	0.5526899740640983	0.46908674966062747	0.39462247967753195	0.32617569960690357	0.2681858256377672	0.21714988093347048	0.17436847570564173	0.13878378031548988	0.1065633300060834	0.08251071182570298	0.06416343710699896	0.048538773097970285	0.03796047671005965	0.030070108092847617	0.023948569363450148	0.01938776288800671	0.015555298131075151	0.011878906599538995	0.008514661518793645	0.00591344109553693	0.004630172353396951	0.004144611207722365	0.002982732752001032	0.001682122540372675	0.001109854047256198	0.0009017564133956609	0.0006936587795351238	0.0003294879202791838	0.00012139028641864667	8.670734744189048e-05	0.00012139028641864667	8.670734744189048e-05	1.7341469488378095e-05	0.0	0.0	0.0	0.0	0.0	0.0	0.0	0.0
Sor-CPnd_050-Ex1-3F-lcwgs-1-3.clmp.fp2_repr.R1	0.0	1.0423825445954707e-05	2.6059563614886765e-05	3.127147633786412e-05	3.127147633786412e-05	2.6059563614886765e-05	3.648338906084147e-05	9.902634173656972e-05	0.00022411224708802617	0.00041695301783818825	0.0008547536865682858	0.001725143111305504	0.0033252003172595515	0.006577433856397419	0.012779609996740469	0.024152003558277055	0.045046561664693265	0.07754283749245705	0.12911992579904094	0.20704323292027538	0.31101046791822756	0.44596773596700323	0.6131033531674409	0.8157008245350166	1.0527125556124117	1.3149395204435712	1.6001249608194463	1.9015976284546252	2.217611532586911	2.5286949672832604	2.832528631381948	3.133573922173843	3.402576373544873	3.64820339635335	3.874520282523195	4.04224484586133	4.1566046348288985	4.217849821236606	4.2293368768780475	4.202188023504059	4.1248276029569055	4.00056517981568	3.8460788747939083	3.675805686134238	3.476887825149084	3.2570180750175615	3.0310816584764932	2.798369755395554	2.5704945073215386	2.34207200841161	2.1218634839530943	1.9027025539518965	1.6895196878439538	1.503939111516899	1.3203859692390827	1.1480592869665593	0.9975236117888044	0.8657403985883222	0.7455484792837413	0.6357074186469938	0.5413874340992725	0.4575955132519656	0.38563463428581735	0.3198498718963972	0.25815124908179127	0.20666276329149802	0.1636905428905497	0.12870297278120274	0.10147072880364609	0.07877284889507973	0.05948355990734053	0.04511952844281495	0.03425790232813014	0.026101258916670585	0.02037857874684145	0.016156929441229796	0.012790033822186424	0.009845303133704221	0.007656299790053731	0.0058373422497346355	0.004372794774577999	0.003273081190029778	0.0024704466306912655	0.0017876860639812323	0.0012143756644537233	0.0008703894247372179	0.0007765749957236257	0.0006410652649262144	0.0003335624142705506	0.00012508590535145647	7.296677812168294e-05	3.648338906084147e-05	2.0847650891909414e-05	1.563573816893206e-05	3.127147633786412e-05	4.169530178381883e-05	2.0847650891909414e-05	0.0	0.0	0.0	0.0
Sor-CPnd_050-Ex1-3F-lcwgs-1-3.clmp.fp2_repr.R2	0.0	0.0	0.0	1.041788642753589e-05	3.6462602496375616e-05	6.771626177898328e-05	7.813414820651918e-05	6.771626177898328e-05	0.0001614772396268063	0.00040629757067389975	0.0008646845734854788	0.0015991455666267594	0.0030889033257643916	0.006214269254025159	0.01234519541663003	0.023893422521553565	0.044270808373813766	0.07599848148887432	0.1264106339117205	0.2022320113313267	0.30524407232680156	0.4372334844204675	0.6026747298329513	0.8071101241437019	1.0415750760818248	1.2995323619140406	1.5817424873495605	1.8845175205930362	2.2025755932257067	2.509653213563755	2.809000762172571	3.10662415057763	3.3812552636371174	3.633956725766642	3.855795199354591	4.0181735861573795	4.138729367896825	4.218717899887445	4.237048171056695	4.203143159678279	4.131801473422513	4.02201778624914	3.8659526386214385	3.6853012790247526	3.489658580858842	3.273935406603857	3.0465441995500306	2.8166422818671686	2.5887614341512486	2.358645949796622	2.134223840374644	1.9126145602881002	1.7013867040265966	1.5144846125733888	1.3301817837838514	1.1578282707266976	1.0050135036643875	0.8702946053267069	0.7509993878449935	0.642346041349008	0.5483298252837103	0.4627364703950755	0.38876426781635687	0.3226471516040003	0.2600825346634335	0.2092536667834859	0.1664153177934583	0.1308642803594921	0.102897464244772	0.07917593684927277	0.0606633526675415	0.04652628078537529	0.034613427655488	0.025950955090991903	0.020148192350854414	0.01624669388374222	0.013168208444405366	0.0103189165064743	0.007730071729231631	0.005787135910496188	0.004698466778818687	0.0036879317953477054	0.0025940537204564365	0.0019481447619492116	0.0013959967812898094	0.000859475630271711	0.0006459089585072252	0.0004948496053079548	0.000286491876757237	0.00015626829641303836	8.334309142028712e-05	4.167154571014356e-05	2.6044716068839728e-05	1.041788642753589e-05	2.083577285507178e-05	3.1253659282607674e-05	1.5626829641303837e-05	0.0	0.0	0.0	0.0
Sor-CPnd_052-Ex1-6D-lcwgs-1-3.clmp.fp2_repr.R1	0.0	0.0	6.922226980099567e-06	6.922226980099567e-06	1.3844453960199133e-05	3.4611134900497834e-05	4.845558886069697e-05	9.691117772139394e-05	0.000256122398263684	0.0005953115202885627	0.0012252341754776233	0.0023604794002139522	0.004457914175184121	0.00894351725828864	0.018267757000482755	0.03496416847648291	0.06145553112932395	0.10468483862004574	0.16954610542357867	0.26253930267423625	0.3879631333266603	0.539082270529214	0.7262454436171459	0.9521938544745759	1.1970953228035186	1.4714231780248643	1.766448491916708	2.070562689833422	2.385586317470773	2.684598834103154	2.97559541189258	3.2493487222745774	3.4928242118456194	3.7064995142673327	3.8964800337361654	4.053192330338639	4.156603479194347	4.202677821973889	4.198233752252666	4.149224385233561	4.05398146421437	3.9361374721051554	3.7800620203848507	3.5827439403171133	3.374218774768593	3.1558986580432333	2.9222458085569523	2.6900466267364926	2.4613708584489036	2.2270742418534732	2.0055006784474663	1.7948642336700165	1.5939812067075274	1.4131518713063862	1.2353267824146084	1.0713946030718906	0.9319601850117449	0.8072977993271317	0.6964314120138572	0.5964052321514184	0.5062570701895818	0.4232526464712079	0.35432111020337637	0.2958352144485152	0.24087965445350473	0.19429306687743464	0.1545664062386432	0.12403246302942403	0.09928550157556808	0.07595067442565244	0.05910197395609009	0.046517365306269085	0.035988658069537646	0.028561108519890813	0.02255261550116439	0.017700134388114592	0.013837531733219033	0.010888663039696619	0.008569717001363263	0.006534582269213991	0.005157059100174177	0.004104880599199043	0.0030250131903035104	0.0021458903638308657	0.0016128788863631989	0.0012875342182985194	0.0008929672804328442	0.0005814670663283636	0.0003807224839054762	0.00020074458242288744	0.00010383340470149349	4.15333618805974e-05	1.3844453960199133e-05	1.3844453960199133e-05	1.3844453960199133e-05	1.3844453960199133e-05	6.922226980099567e-06	0.0	0.0	0.0	0.0
Sor-CPnd_052-Ex1-6D-lcwgs-1-3.clmp.fp2_repr.R2	0.0	0.0	0.0	6.920128841726827e-06	1.3840257683453654e-05	2.7680515366907308e-05	6.228115957554144e-05	9.688180378417558e-05	0.00019376360756835116	0.0006366518534388681	0.0012940640934029166	0.002262882131244672	0.0041728376915612765	0.008816244144359978	0.018089216792273925	0.034531442920216864	0.061443823985692494	0.1035458878587585	0.1686020190998324	0.2609303781061517	0.383354377445141	0.5344830712196132	0.7189045048516332	0.9396150941296686	1.1827745813702657	1.4540920728678495	1.751048641724031	2.053091505278882	2.363355481897704	2.6630801022905763	2.9463901770708727	3.2172370998072193	3.464610945512428	3.68013835828801	3.8701443358953034	4.030850487986726	4.140292325618635	4.19132827582637	4.1971965450841555	4.1575165263056935	4.065077445237907	3.947442175057392	3.7913102281303512	3.597954908163662	3.3942124748055407	3.169868817885599	2.933442616008002	2.710434543954513	2.4852189508005136	2.2501075734028446	2.0287049712406366	1.811267602904738	1.6083901856518326	1.4268129249737624	1.2446682137306704	1.0827441189631046	0.9438017720789134	0.8157378677339165	0.7029605280002945	0.6030269473969174	0.5127192660123823	0.42947703617525035	0.36045567110786697	0.3012678091245774	0.24551233104678438	0.197237512246898	0.1572460876705587	0.1270466454052628	0.10002354227831955	0.07724939826019657	0.061436903856850765	0.047402882565828766	0.03618535371338958	0.028953819073785043	0.022794904404648167	0.017417964294626425	0.013812577168086747	0.01123136911012264	0.008996167494244875	0.006747125620683657	0.005093214827510945	0.003951393568626018	0.002913374242366994	0.0022213613581943113	0.001750792596956887	0.0013286647376115508	0.0008580959763741266	0.0005328499208129657	0.0003390863132446145	0.00018684347872662433	9.688180378417558e-05	3.460064420863413e-05	1.3840257683453654e-05	1.3840257683453654e-05	1.3840257683453654e-05	1.3840257683453654e-05	6.920128841726827e-06	0.0	0.0	0.0	0.0
Sor-CPnd_053-Ex1-2C-lcwgs-1-3.clmp.fp2_repr.R1	0.0	0.0	0.0	9.455111385939682e-06	2.8365334157819047e-05	4.7275556929698414e-05	8.509600247345713e-05	0.00014182667078909523	0.00024583289603443174	0.0004443902351391651	0.0008509600247345714	0.001720830272241022	0.0030634560890444567	0.006183642846404552	0.013114239492298339	0.02483857761086354	0.04479831774658222	0.07785338715182734	0.129166276643322	0.20428713660461278	0.3092956036568589	0.44703766632722813	0.6150360854326045	0.8127140991784453	1.048212558468045	1.3152721795639113	1.6036719870578433	1.9068312234252274	2.2099620944584535	2.511353224996667	2.8188712677129693	3.1146082416423906	3.388589004272765	3.637012600826944	3.856352274757973	4.024662712539085	4.138908823415394	4.2116659055302	4.221735599156226	4.18973004711482	4.107584039393776	3.9755434088891284	3.820082467481508	3.64456723482431	3.453819817724363	3.247178358384651	3.0301173662976337	2.8094917972181173	2.5835240902055445	2.3428536849878356	2.117632931774753	1.909904134625658	1.7032343099517886	1.5126476297454021	1.3284336946131394	1.1577689340969282	1.0103448373673565	0.8791268015532858	0.7599451225335161	0.6582743098005066	0.5681198227355718	0.4792890512646684	0.40142620900145515	0.3339828994855474	0.2723923039175363	0.2189709245869771	0.17488174019434036	0.1400585649599245	0.10888506272048139	0.08132341303046721	0.06244155559274567	0.048674913414817486	0.0373855104200055	0.02886645506127385	0.022853004219816214	0.018352371200108922	0.014296128415540798	0.011686517673021448	0.010041328291867943	0.007488448217664228	0.005228676596424645	0.0038293201113055713	0.002770347636080327	0.0018626569430301174	0.0012102542574002793	0.0009171458044361491	0.000803684467804873	0.0005767617945423207	0.00034038400989382854	0.00022692267326255238	0.00014182667078909523	7.564089108751745e-05	3.782044554375873e-05	2.8365334157819047e-05	2.8365334157819047e-05	1.8910222771879364e-05	9.455111385939682e-06	0.0	0.0	0.0	0.0
Sor-CPnd_053-Ex1-2C-lcwgs-1-3.clmp.fp2_repr.R2	0.0	0.0	9.451606451742177e-06	1.8903212903484354e-05	4.725803225871088e-05	6.616124516219524e-05	7.561285161393742e-05	0.00015122570322787483	0.00023629016129355442	0.00046312871613536665	0.0007750317290428584	0.001502805425827006	0.0031946429806888554	0.006833511464609593	0.013090474935662915	0.02417720930355649	0.044006679639311576	0.07605707711716929	0.12648139753721382	0.20087499191887648	0.30531524321062753	0.43915944217374847	0.6039482006598733	0.8052012568368195	1.0380604849883914	1.2971573726499996	1.5790042770409514	1.8719190125868934	2.1793797704620665	2.4857252387759337	2.7870140976381195	3.0764317387969164	3.3451692650393015	3.600041284616981	3.8208308113296785	4.00284984837733	4.127355860166129	4.1955964587477075	4.216484509006058	4.197751425018705	4.125446635662877	3.998993592945019	3.8460571489493787	3.672090880598612	3.486177781692843	3.280699857431969	3.0574718162547216	2.8298487780774146	2.599352451538778	2.366861836038824	2.144456084622879	1.9239784609230894	1.71419060412022	1.5254136684595734	1.3404646334118826	1.169210976112766	1.0204521421687958	0.8885171677089267	0.7721111826492701	0.6659412873768503	0.574449736923986	0.48798644110344863	0.40604101316684393	0.337668092094941	0.2745219093908515	0.21986326928042652	0.17707584687338968	0.14283267669872776	0.11141553685313679	0.08456352292373726	0.06376998872990447	0.04842057985227517	0.03745671636825425	0.029441754097176878	0.022778371548698644	0.01809982635508627	0.014593280361489921	0.011823959671129463	0.009706799825939215	0.007419511064617609	0.005888350819435377	0.004347738967801402	0.0027504174774569735	0.0020699018129315366	0.001446095787116553	0.000964063858077702	0.0008695477935602802	0.0005765479935562728	0.00033080622581097615	0.00026464498064878095	0.0001701289161313592	7.561285161393742e-05	3.780642580696871e-05	2.835481935522653e-05	2.835481935522653e-05	1.8903212903484354e-05	9.451606451742177e-06	0.0	0.0	0.0	0.0
Sor-CPnd_054-Ex1-8F-lcwgs-1-3.clmp.fp2_repr.R1	0.0	0.0	0.0	0.0	0.0	3.568653942987898e-05	7.137307885975797e-05	7.137307885975797e-05	0.0001784326971493949	0.0003390221245838503	0.0008207904068872167	0.0015523644651997358	0.0029619827726799558	0.006155928051654124	0.012044207057584157	0.02364233237229483	0.0421993328758319	0.07148013847804761	0.11833656474947872	0.18494549059534784	0.27346595165116266	0.3955317597710637	0.5462360157834426	0.720386328201252	0.9169656306507404	1.140095718436059	1.3909364040886782	1.6550167958697828	1.936476532353238	2.209835424386111	2.4746473902255284	2.7561963430575585	3.0245591195702484	3.2585022288028203	3.489929437005585	3.69635822433772	3.860962387458037	3.976265596355976	4.039430771146861	4.0713880672063185	4.0580056149201145	4.001192644147747	3.9003067971794785	3.77463664857716	3.6434886161723545	3.4677324094802007	3.241800928349637	3.0253799099771355	2.8267843180498593	2.6087752486727283	2.3860733993605687	2.157733076818488	1.941775983458575	1.7452858973576617	1.5494916987756304	1.3808192701603075	1.222032012967061	1.0728801214198818	0.9302945531278003	0.7998602515115926	0.6958518323432102	0.594787552677793	0.5070343522197206	0.4291484799140097	0.35267222591577907	0.28854351456028654	0.23274761016167075	0.18851414453833573	0.15138230026154664	0.11862205706491774	0.09237460731424176	0.0720689663786406	0.055795904398615793	0.04366248099245693	0.0327602431966289	0.024712928555191194	0.020252111126456324	0.01657639756517879	0.0133289224770598	0.010134977198085631	0.0077261357865688	0.00563847322992088	0.004032578955576325	0.0027478635361006818	0.0017664837017790096	0.0014631481166250385	0.0012311856103308248	0.0008386336766021561	0.0004639250125884268	0.00028549231543903187	0.0002141192365792739	8.921634857469745e-05	3.568653942987898e-05	1.784326971493949e-05	0.0	0.0	1.784326971493949e-05	3.568653942987898e-05	3.568653942987898e-05	1.784326971493949e-05	0.0
Sor-CPnd_054-Ex1-8F-lcwgs-1-3.clmp.fp2_repr.R2	0.0	0.0	0.0	0.0	0.0	1.783543458533328e-05	1.783543458533328e-05	7.134173834133312e-05	0.00016051891126799952	0.00024969608419466593	0.0006777465142426646	0.0014981765051679955	0.0030320238795066576	0.006438591885305314	0.012074589214270631	0.022205116058739933	0.04034375303202388	0.07041429574289579	0.11696478001061565	0.18384765970561545	0.27286431372101383	0.3910240678488468	0.5353305690787784	0.7071214750047086	0.9052196469440053	1.1287868194711579	1.3797492195213825	1.6432142592159256	1.9172378761849862	2.1897989875180492	2.465213768384766	2.7348498684458344	2.995051023611262	3.2363822889854066	3.472469936591463	3.683106419044249	3.84316160901303	3.9602512370657426	4.024351788965431	4.063464897011067	4.054636356891327	3.998668763162551	3.9106152226147604	3.794560049767997	3.662684846444043	3.480549388458619	3.258676582217073	3.047237505207947	2.8471774354642636	2.624180996843841	2.39988257149869	2.174407007470907	1.955530554239697	1.7598758368385907	1.5663613715877247	1.386936899659272	1.226079115134151	1.0791864758893461	0.9389999600486264	0.8121900201469069	0.70103959181111	0.6009114620490489	0.5127152380245757	0.4321525800026254	0.3565660082299829	0.28979014114249513	0.23391172458664594	0.19117802332018743	0.15388412960225553	0.12252943560123962	0.09634701762997037	0.07415973700581578	0.057055555238481166	0.0444280675520652	0.033316591805402564	0.024933937550295923	0.02054642064230394	0.017264700678602616	0.014072157887827957	0.010897450531638634	0.008132958170911976	0.00549331385228265	0.004066479085455988	0.0031568719216039905	0.002033239542727994	0.001462505635997329	0.0010701260751199968	0.0007134173834133312	0.0004280504300479987	0.0002675315187799992	0.0001783543458533328	8.91771729266664e-05	7.134173834133312e-05	3.567086917066656e-05	0.0	0.0	0.0	0.0	0.0	0.0	0.0
Sor-CPnd_055-Ex1-7G-lcwgs-1-3.clmp.fp2_repr.R1	0.0	0.0	1.0005783342772123e-05	2.0011566685544246e-05	4.002313337108849e-05	7.004048339940486e-05	0.00010506072509910728	0.00018510699184128427	0.0003351937419828661	0.0006603817006229601	0.0012106997844754267	0.002446414027307784	0.004847802029573094	0.00945046236724827	0.0179103521835621	0.03331425563975978	0.06019979548178848	0.09976766571078083	0.16051777927642177	0.2509850693700959	0.3694285296901609	0.5167686923041518	0.6939461008462892	0.9082349598067684	1.1510753215358478	1.4090794479208983	1.692158067362936	1.990865720386383	2.3056276527833086	2.60788735889344	2.8852326644800694	3.1620026375244894	3.421292507069086	3.638753199349224	3.830223869396511	3.9916821923071533	4.105262841922632	4.163256362177338	4.163476489410879	4.12850627662789	4.0565246712599885	3.9418834086101766	3.787684281514715	3.606114334085101	3.4110115646843875	3.201315360278241	2.973708803688532	2.746462455299163	2.5294120001360785	2.3051673867495412	2.084549869824759	1.872107077891021	1.6679140543233988	1.479945408446082	1.292767219452844	1.1241797759104764	0.9838136442863975	0.8598219771027654	0.7428993958508018	0.6352972017826304	0.5427086856202885	0.4561536568136383	0.38258113189423487	0.3208654602360164	0.2615461736883919	0.21019649357328535	0.1646351591219725	0.12969996658068364	0.1046254735236967	0.08144707641016508	0.06296139168439359	0.04932350898819518	0.03746665572701022	0.028561508551943022	0.022267870829339356	0.016819721799199938	0.012832417137105246	0.009960757317729647	0.007589386665492655	0.005453151921810806	0.003942278637052216	0.0027065643942198593	0.0018560728100842287	0.001315760509574534	0.0010005783342772123	0.0007804511007362256	0.000490283383795834	0.0002951706086117776	0.0002051185585268285	0.00013507807512742363	6.503759172801879e-05	2.0011566685544246e-05	1.0005783342772123e-05	1.5008675014158182e-05	2.0011566685544246e-05	2.0011566685544246e-05	1.0005783342772123e-05	0.0	0.0	0.0	0.0
Sor-CPnd_055-Ex1-7G-lcwgs-1-3.clmp.fp2_repr.R2	0.0	0.0	5.001198787349328e-06	1.0002397574698656e-05	2.000479514939731e-05	4.5010789086143945e-05	9.002157817228789e-05	0.00021505154785602106	0.0004251018969246929	0.0007451786193150498	0.0013153152810728732	0.0025005993936746637	0.004861165221303546	0.00989737240016432	0.01852944150712926	0.03318795515285014	0.059449249985221456	0.09985393498821668	0.16083355180236703	0.25110018871523504	0.36914348369304123	0.5138181622134825	0.689360239649444	0.9027913990983639	1.1447093868400255	1.402646214297567	1.6854990141136832	1.986376134359406	2.2970706078246956	2.59417182298597	2.873693824409711	3.147534464011023	3.3984596107687013	3.6251039374137983	3.8232964441576645	3.981599389373633	4.101078028403409	4.1585668084639895	4.158166712561001	4.12367844572344	4.058337783566722	3.9513121295174454	3.7955047824963644	3.6149164954839677	3.418394389135076	3.2062535389732916	2.980114333405717	2.7534099923751723	2.537913337827077	2.3109689392547392	2.08914076704186	1.88176605932442	1.676531864687966	1.4849859511324865	1.2977410685341277	1.1308110554099817	0.9915676787726018	0.8646822643387619	0.7470140592700071	0.6397233416850019	0.5441954436478424	0.45880497555263994	0.3868877369905566	0.3233225004033467	0.2638882540144873	0.21309107793138016	0.16693001312414585	0.13137148974609214	0.10569033397305336	0.08238474762400547	0.06431541640531235	0.05041208377648122	0.037974102392343445	0.02902195656298815	0.022545404133370767	0.017239132219993132	0.013343198364648007	0.010232452718916724	0.007821874903414348	0.005706367816365582	0.004100983005626449	0.0029357036881740555	0.002125509484623464	0.0015003596362047982	0.0011052649320042014	0.0008201966011252898	0.0005151234750969808	0.00029507072845361035	0.00018004315634457578	0.00012502996968373318	7.001678302289059e-05	3.0007192724095965e-05	1.5003596362047983e-05	1.5003596362047983e-05	2.000479514939731e-05	2.000479514939731e-05	1.0002397574698656e-05	0.0	0.0	0.0	0.0
Sor-CPnd_058-Ex1-2G-lcwgs-1-3.clmp.fp2_repr.R1	0.0	0.0	0.0	9.84629732942816e-06	1.969259465885632e-05	5.907778397656896e-05	6.892408130599712e-05	0.00018707964925913505	0.00048246856914197986	0.0008467815703308219	0.001536022383390793	0.0027372706575810287	0.005326846855220635	0.010643847413111841	0.020056907660045163	0.036903922390696745	0.06816591641163115	0.11668846965105313	0.18564208984903852	0.28560170033739324	0.4196196532882399	0.5817684777092629	0.7742635904995834	1.0111851968402839	1.2784629378476111	1.5598405766306798	1.8621711361307716	2.17643540799413	2.4902861353696526	2.80061188830124	3.084283714362065	3.350537440447132	3.610164608429494	3.814327583555187	3.9899953742095144	4.145419177554538	4.226897287955556	4.228955164097407	4.1810923127790565	4.101632693330571	3.9900150668041734	3.8416412123470205	3.664693403039867	3.467304680476821	3.2572043880614827	3.040447998651451	2.808390463191488	2.585460445355905	2.3622744237897573	2.1335547831244703	1.9303567451370616	1.72719809233897	1.530459225399666	1.3559237589382225	1.1931250788934573	1.0410785555324276	0.9012808260492066	0.779039044704356	0.6749341430403121	0.582438025927664	0.49788787075986435	0.42212061280991464	0.35362976858641243	0.2950147605843266	0.24187429389740275	0.19669948174998636	0.1555518052103061	0.12316733329381685	0.09714356945213823	0.07441831521581804	0.05823100240623814	0.044977886200827835	0.034363577679704285	0.027047778763939156	0.021120307771623402	0.01593130907901476	0.012317717959114629	0.009777373248122164	0.00749303226769483	0.00588808580299804	0.004420987500913244	0.003140968848087583	0.002333572467074474	0.0016443316540145029	0.0012012482741902356	0.0009255519489662471	0.0007089334077188276	0.0005710852451068333	0.0003741592985182701	0.00015754075727085056	6.892408130599712e-05	3.938518931771264e-05	9.84629732942816e-06	0.0	0.0	0.0	0.0	0.0	0.0	0.0	0.0
Sor-CPnd_058-Ex1-2G-lcwgs-1-3.clmp.fp2_repr.R2	0.0	0.0	0.0	0.0	9.844083499091292e-06	5.906450099454776e-05	0.00012797308548818682	0.00023625800397819103	0.0004528278409581995	0.0008662793479200337	0.0016341178608491548	0.0028547842147364747	0.005158299753523837	0.009765330831098562	0.019373156326211664	0.037151571125570534	0.0679438643107281	0.11574673378231541	0.18400560876501443	0.28266301359290735	0.41315618445686153	0.5743924280884778	0.7686457277760463	1.0042540222432974	1.2660672669851294	1.5426761692260955	1.8495753163937656	2.1671356059909517	2.4860642231945116	2.784369485467475	3.066116999294967	3.346683223102568	3.59289359549834	3.802395380526001	3.9848554681816575	4.12144212673155	4.211554867082231	4.241599009921458	4.194495070378306	4.111765392651943	3.997741373481969	3.8545887112381827	3.678005541431483	3.471279787950566	3.2701651620641305	3.0498447292709687	2.8175440468594126	2.595589496205401	2.3722075534440217	2.139995467783957	1.93283657462908	1.7363683561542158	1.5396245033413773	1.3676877409462487	1.1986549831833522	1.0386590940726212	0.9022890053597098	0.7871526047543379	0.6832384593379303	0.5869534786333184	0.5011130705212422	0.42073612875116184	0.3530482106114101	0.2992601383723753	0.24477313620490498	0.19803342775121954	0.15628466963157336	0.12233242564320751	0.09763362014398744	0.07604554503048024	0.058444323734105005	0.04410149407592899	0.033794738652380404	0.026834971618522867	0.021154935439547187	0.01614429693850972	0.012570894628339581	0.009696422246604924	0.0074027507913166524	0.005857229681959319	0.004616875161073816	0.003435585141182861	0.002421644540776458	0.0018408436143300718	0.0012403545208855029	0.0008564352644209425	0.0007776825964282121	0.0005414245924500211	0.00023625800397819103	8.859675149182163e-05	3.937633399636517e-05	1.9688166998182584e-05	9.844083499091292e-06	0.0	0.0	0.0	0.0	0.0	0.0	0.0	0.0
Sor-CPnd_063-Ex1-7D-lcwgs-1-3.clmp.fp2_repr.R1	0.0	4.494566249187382e-06	4.494566249187382e-06	0.0	8.989132498374765e-06	3.146196374431168e-05	4.94402287410612e-05	0.00012135328872805933	0.00028765223994799247	0.0005078859861581742	0.0010786958998049718	0.002220315727098567	0.004090055286760518	0.007887963767323855	0.015205117621000915	0.028765223994799246	0.05211899022557688	0.0877698897141312	0.14293170129040794	0.22346983390959663	0.332350701296161	0.4707159232773946	0.6398060001380731	0.8450144113772213	1.0739855943758234	1.3238520158668976	1.6014094600192152	1.8978665552493656	2.201532934743213	2.4931898332192315	2.7745272075871155	3.0546510490677194	3.3218620017144076	3.5563255446695163	3.7600732218776787	3.9370872190356745	4.067155471720908	4.131890709407955	4.153082589272873	4.127868072614931	4.058170833788783	3.9603870504714624	3.8111539672996937	3.6431785428688137	3.471175987078661	3.268920505865229	3.052853222568044	2.837352254618257	2.6227097488220643	2.3953745879381665	2.165971926579642	1.9445965605421671	1.7321024574130859	1.5431463977309992	1.3617951441425376	1.1946781818652523	1.0475215883006082	0.9127969649812164	0.7903425075221061	0.6757939920953164	0.5755426919071919	0.48853687845542254	0.4118371054130398	0.3431241765954632	0.2806002655030175	0.22739359024513722	0.18116248180599584	0.14539921816121182	0.11545641780912547	0.088484525747752	0.06922530936998406	0.055044952853797874	0.04306243923346431	0.03378565449514155	0.026288717991497	0.020616575385022522	0.01696249302443318	0.013811802083752827	0.010849882925538342	0.008234045368511285	0.006296887315111522	0.004750756525391063	0.003487783409369409	0.002597859292030307	0.0018607504271635764	0.0014562394647367118	0.0012719622485200292	0.0009079023823358512	0.00047642402241386257	0.00025169570995449344	0.0001797826499674953	8.539675873456027e-05	5.393479499024859e-05	4.494566249187382e-05	2.247283124593691e-05	8.989132498374765e-06	4.494566249187382e-06	0.0	0.0	0.0	0.0
Sor-CPnd_063-Ex1-7D-lcwgs-1-3.clmp.fp2_repr.R2	0.0	0.0	0.0	0.0	1.347906781642516e-05	1.7972090421900212e-05	4.493022605475053e-06	8.087440689855097e-05	0.0002740743789339783	0.0004448092379420303	0.001006437063626412	0.002111720624573275	0.0038999436215523464	0.007723505858811618	0.014777551349407453	0.028472284250895416	0.0519258622514752	0.08678722464735614	0.14179979342879268	0.22212605156947568	0.3299181568974277	0.465679327944462	0.632100885251258	0.8356662604375162	1.0649946272435684	1.312106377522091	1.5861627843656472	1.8799839976506885	2.1801493588546603	2.4703851401005323	2.752192010938533	3.0262304456916675	3.288627458874016	3.526852010438909	3.736599784730301	3.9183740002800054	4.053452231891007	4.124518370441806	4.148578506494125	4.12914169070284	4.064842044195887	3.967514188516086	3.824698971978456	3.6603172469345453	3.488216509054429	3.2911435515330822	3.071232560108106	2.856560433041113	2.642917208150774	2.4098641256047832	2.184404251262045	1.9588006001959317	1.7417965943966975	1.55672899327718	1.3740426941385644	1.2028270817117266	1.0547909729065346	0.920710192313948	0.7960962103510975	0.6816993617930971	0.5810691344982722	0.49315416117694194	0.41737034889039415	0.34881580997605577	0.28541027496759186	0.23193881293983323	0.18481149883100537	0.14828771807109867	0.11786546200942707	0.09064673106545922	0.0709448269404511	0.055870736099082295	0.0435508681148697	0.03398971601041878	0.026630144982650643	0.02111271322312728	0.017482350957903434	0.014063160755136918	0.010751803094901802	0.0084289104078712	0.006824901337716606	0.005180455064112736	0.0038055901468373706	0.0028845205127149844	0.002017367149858299	0.0015366137310724682	0.0012221021486892147	0.0007952650011690844	0.0004493022605475054	0.0002830604241449284	0.00020218601724637743	8.986045210950107e-05	4.493022605475053e-05	3.5944180843800425e-05	2.2465113027375266e-05	1.7972090421900212e-05	8.986045210950106e-06	0.0	0.0	0.0	0.0
Sor-CPnd_066-Ex1-8B-lcwgs-1-3.clmp.fp2_repr.R1	0.0	0.0	0.0	0.0	0.0	0.0	0.0	0.0003340136077143783	0.0006680272154287566	0.0008350340192859458	0.0013360544308575132	0.0018370748424290807	0.0028391156655722155	0.004509183704144107	0.01152346946614605	0.024382993363149617	0.040582653337296964	0.06713673515059003	0.11222857219203111	0.181870409400479	0.2768972807952196	0.4006493224533968	0.5506214323171525	0.7176282361743417	0.9422523873622612	1.2062901442604772	1.4623115745735482	1.7370377669186243	2.032639809745849	2.337260219981362	2.6200027389115834	2.889885733944801	3.1641109058783057	3.4239734926800915	3.689013290401451	3.883075196483505	4.019686762038686	4.122896966822428	4.152624177909008	4.165817715413725	4.130412272996002	4.034216353974261	3.9288350607403744	3.7721826787223316	3.5594160106082717	3.3339568254010667	3.1211901572870078	2.9177758701889513	2.7136935558754667	2.501594914976836	2.264612260303485	2.047169401681425	1.8460932098373688	1.6719051134143206	1.4875296019559836	1.2826122536232125	1.1247908239781688	0.9804969454455574	0.85557585616038	0.7533676921997803	0.6458153105157504	0.5290775546195752	0.43371666961712024	0.36891802972053084	0.3096306143512287	0.2528483010397844	0.19740204215919757	0.15431428676404277	0.11723877630774678	0.0921877557291684	0.07548707534344949	0.05828537454615901	0.04793095270701329	0.03891258529872507	0.027723129440293395	0.01753571440500486	0.012859523897003565	0.01185748307386043	0.00985340142757416	0.008183333389002267	0.0063462585465731865	0.0040081632925725395	0.0028391156655722155	0.002505102057857837	0.0015030612347147023	0.0006680272154287566	0.00016700680385718915	0.0	0.0	0.0	0.0	0.0	0.0	0.0	0.0	0.0	0.0	0.0	0.0	0.0	0.0
Sor-CPnd_066-Ex1-8B-lcwgs-1-3.clmp.fp2_repr.R2	0.0	0.0	0.0	0.0	0.0	0.0	0.0	0.0	0.00016689197082728348	0.0006675678833091339	0.0015020277374455514	0.0023364875915819687	0.0031709474457183866	0.005006759124818505	0.01001351824963701	0.020861496353410437	0.03921961314441162	0.06926016789332265	0.11682437957909846	0.1829136000267027	0.2853852701146548	0.4010414058979623	0.5318847110265524	0.7114604716367096	0.9222450307915686	1.182763397252958	1.4309317578731287	1.6996278309050552	2.0295732572305947	2.3384902952318964	2.602513393080659	2.837997963917956	3.1360670238154844	3.4152772910095295	3.6400807757138804	3.8520335786645306	3.9945593217510305	4.078672875047981	4.12857357432534	4.16412156411155	4.123733707171348	4.024432984529114	3.9293045611575628	3.7984612560289723	3.5848395333700496	3.3498556384452343	3.146414326006776	2.9630000500675915	2.7695722558787694	2.523907274821008	2.280578781354829	2.060782055775297	1.8533353360369833	1.6872778250638363	1.5092040921911247	1.3079323753734207	1.1473822994375742	0.9968457417513643	0.865334868739465	0.755853735876767	0.6527144979055057	0.5452360686927351	0.4419299387506467	0.3760076102738697	0.312588661359502	0.24516430514527945	0.19059063068475773	0.15470885695689182	0.12700478979956273	0.09846626278809725	0.07927368614295967	0.06241759708940403	0.048064887598257645	0.03871893723192977	0.028872310953120046	0.019192576645137602	0.014352709491146382	0.013184465695355398	0.011515545987082562	0.008678382483018741	0.005841218978954923	0.004005407299854804	0.0025033795624092524	0.0021695956207546854	0.0018358116791001185	0.001001351824963701	0.0005006759124818505	0.00016689197082728348	0.0	0.0	0.0	0.0	0.0	0.0	0.0	0.0	0.0	0.0	0.0	0.0	0.0
Sor-CPnd_069-Ex1-6B-lcwgs-1-3.clmp.fp2_repr.R1	0.0	0.0	0.0	0.0	0.0	1.845762203810539e-05	5.5372866114316176e-05	0.00014766097630484313	0.0002399490864953701	0.0003414660077049497	0.0007936777476385318	0.0015504402512008528	0.003156253368516022	0.006358650792127307	0.012071284812920927	0.022232205744897943	0.04171422580611819	0.0739227762626121	0.12279855941951516	0.1964167849184985	0.29705696908126816	0.426970941796473	0.5860479573318843	0.7826585472817829	1.0151507544737584	1.263590347106657	1.5382582206557034	1.8363672741931434	2.138915385830748	2.4348187535346346	2.724169665414994	3.0083432143136646	3.272047260372076	3.5086462884675305	3.72385293262082	3.9107363557566366	4.042145395856928	4.110752376972566	4.133464480890455	4.113253384758729	4.051955621970181	3.9535672676960605	3.8111667136720775	3.643525361510985	3.4622530554747524	3.271207438569342	3.0743845859660053	2.86731775313152	2.647699737311123	2.4274357047193926	2.21722184732741	2.001036949206101	1.7940900909148632	1.606449905275484	1.4190773551556568	1.2485566139566202	1.1010156121950248	0.9679084708672276	0.8479339276195427	0.7313463580158499	0.627153081610745	0.537661301158991	0.45366989207459246	0.3776798621437125	0.3088606183746366	0.24702758454698354	0.20037594484567214	0.16439281068238568	0.1289172611251471	0.09810226113253016	0.07537169959260337	0.05866755164811799	0.04729765647264507	0.03829033691804964	0.030261271331473792	0.024631696609851646	0.02039567235210646	0.01618733452741843	0.012505038930816403	0.009358014373319434	0.007106184484670575	0.005712634020793619	0.004402142856088136	0.0032854567227827594	0.002390262053934648	0.0017719317156581176	0.0015135250071246422	0.001125914944324429	0.0007013896374480049	0.00043375411789547665	0.000212262653438212	9.228811019052696e-05	5.5372866114316176e-05	6.460167713336887e-05	6.460167713336887e-05	3.691524407621078e-05	9.228811019052696e-06	0.0	0.0	0.0	0.0
Sor-CPnd_069-Ex1-6B-lcwgs-1-3.clmp.fp2_repr.R2	0.0	0.0	0.0	0.0	9.224591876381612e-06	2.7673775629144842e-05	6.45721431346713e-05	9.224591876381613e-05	0.00011069510251657937	0.00035053449130250134	0.0008394378607507268	0.0015774052108612558	0.0029518694004421163	0.005866840433378706	0.011761354642386557	0.02256335172962943	0.04111400599303285	0.07164740510385599	0.12012263541424137	0.1945466426728882	0.29611862382372617	0.42592708070816826	0.5846730823088194	0.7774486033414424	1.0055266374849778	1.2548581313116964	1.5256644750266315	1.8117006199294725	2.1155955747049884	2.4186787653953825	2.6983776156791492	2.9752260670731143	3.246281474768712	3.4873292850904396	3.6972256486456274	3.8754539882891956	4.003463649757744	4.079677227840409	4.119693507400153	4.115791505036443	4.059899702857447	3.961039751718265	3.8249401231741302	3.667919120254363	3.4933898419532228	3.2965923988624977	3.095597766468018	2.8919741253887703	2.675500627825723	2.4522378306416592	2.2313365289779483	2.012243247322009	1.8052987531672635	1.6213511665603377	1.4386027768973417	1.2624499704259584	1.1070986186358158	0.973286688877024	0.8565679278651674	0.7397107979751653	0.63438440793064	0.5451272569347714	0.458748178604334	0.37941668846745213	0.3101400034758262	0.251757561490207	0.2039003788355392	0.16508329621972537	0.13051875045892344	0.1000406988993586	0.07641651910394529	0.05876065025255088	0.0470085202020407	0.03880785802393745	0.030708666356474394	0.024482066839916803	0.020884476008127973	0.016567367009981376	0.012748385973159389	0.009796516572717273	0.007508817787374633	0.006088230638411865	0.004667643489449096	0.003385425218632052	0.002241575825960732	0.0015220576596029663	0.0013375658220753338	0.000977806738896451	0.0005995984719648049	0.0004058820425607909	0.0002121656131567771	0.00010147051064019773	7.37967350110529e-05	7.37967350110529e-05	6.45721431346713e-05	3.689836750552645e-05	9.224591876381612e-06	0.0	0.0	0.0	0.0
Sor-CPnd_072-Ex1-8C-lcwgs-1-3.clmp.fp2_repr.R1	0.0	0.0	7.779115439894975e-06	1.555823087978995e-05	2.3337346319684925e-05	5.4453808079264834e-05	9.72389429986872e-05	0.00015169275107795204	0.0003033855021559041	0.0006184396774716506	0.0010890761615852966	0.0019681162062934287	0.0037534231997493257	0.007359043206140647	0.014192996120088383	0.02618450257068649	0.04702475283416513	0.08045550143711379	0.13140092845298598	0.207542910378678	0.31038670605180957	0.4431023050141377	0.6079845463204318	0.8053834901654866	1.030452747630248	1.2810919575459443	1.5624081091988662	1.867750058887904	2.1824891800283344	2.485738547664041	2.7825429181577936	3.0718015466748483	3.3488469639512677	3.6060361890673556	3.82494827666144	4.006221114199593	4.148022719995718	4.225502709777072	4.243157412267914	4.220543523684139	4.147548193953885	4.034179255090575	3.885010826972869	3.706266201952683	3.5105475470426444	3.296979711755768	3.0737035403999027	2.8488326503788586	2.614774625023298	2.37171616310378	2.1464252008489817	1.9286644223400016	1.7167224221800628	1.5213382692339408	1.331543410731383	1.1579407810169668	1.0067186664231285	0.8720271721390669	0.7510308105869404	0.6424693650654861	0.5455688135884343	0.46041861598334394	0.3846850376182464	0.31576207482077695	0.25564896025898853	0.20581594675102133	0.16115993456830421	0.1257105055087028	0.09776014373316015	0.07483509053178966	0.05728929565710655	0.04338412680829428	0.03270729086703843	0.024784261791505394	0.018572638112749253	0.014115204965689434	0.010820749576893912	0.008300316174367939	0.0065033405077521995	0.00455078253233856	0.003045523694718883	0.002314286843368755	0.0016530620309776823	0.001108523950185034	0.0008401444675086575	0.0005951023311519656	0.00039284532971469626	0.00027226904039632415	0.00013613452019816207	6.61224812391073e-05	3.889557719947488e-05	1.944778859973744e-05	1.555823087978995e-05	1.1668673159842463e-05	3.889557719947487e-06	0.0	0.0	0.0	0.0	0.0	0.0
Sor-CPnd_072-Ex1-8C-lcwgs-1-3.clmp.fp2_repr.R2	0.0	0.0	0.0	3.886671197488837e-06	3.498004077739954e-05	5.4413396764843726e-05	5.4413396764843726e-05	0.00010494012233219859	0.0002642936414292409	0.0005830006796233256	0.001072721250506919	0.002013295680299218	0.00374286436318175	0.007159248345774438	0.014151369830056855	0.026448797498911537	0.046744994492198245	0.07906655217051542	0.12912687719417165	0.2055621529639871	0.30779326547153596	0.437130022910372	0.5992158718592491	0.7958969811369742	1.019131828035943	1.263549032961226	1.541255576693001	1.841271613098362	2.1469000027128966	2.4554433957255477	2.7515455542350375	3.0314130871526164	3.303561691071982	3.556510139275753	3.7834917372091015	3.973099104907397	4.1109476722687335	4.191530026206269	4.22356785688717	4.215592407589923	4.154843736773172	4.047594931749665	3.9048374986659002	3.7350055140204277	3.5451688327214805	3.33470558737746	3.1085285303819923	2.8797240836570217	2.6524937387670344	2.414240794360969	2.1789184000378095	1.9497447195490778	1.7372565185111655	1.5424954248049998	1.3480180580962509	1.1747735761393836	1.0200724024657353	0.8821344416668564	0.7625920956456923	0.6520318467619248	0.553951699093294	0.4681495457375304	0.39097968911138953	0.32082916066791356	0.25987060960649866	0.20838387625336402	0.16365606411266248	0.1277471089190631	0.09963870281882382	0.07672677610962714	0.058844201929981	0.0444635184992723	0.03389177284210266	0.026382724088554226	0.019518862753788942	0.014365136745918744	0.011158633007990451	0.008807196933509705	0.006700621144470756	0.004733965518541404	0.0033114438602604894	0.002386416115258146	0.0016596086013277336	0.001123247976074274	0.0008278609650651224	0.0005907740220183033	0.0004391938453162386	0.00031870703819408466	0.00016324019029453115	8.550676634475442e-05	4.275338317237721e-05	1.554668478995535e-05	7.773342394977674e-06	7.773342394977674e-06	3.886671197488837e-06	0.0	0.0	0.0	0.0	0.0	0.0
