Sample	0.0	1.0	2.0	3.0	4.0	5.0	6.0	7.0	8.0	9.0	10.0	11.0	12.0	13.0	14.0	15.0	16.0	17.0	18.0	19.0	20.0	21.0	22.0	23.0	24.0	25.0	26.0	27.0	28.0	29.0	30.0	31.0	32.0	33.0	34.0	35.0	36.0	37.0	38.0	39.0	40.0	41.0	42.0	43.0	44.0	45.0	46.0	47.0	48.0	49.0	50.0	51.0	52.0	53.0	54.0	55.0	56.0	57.0	58.0	59.0	60.0	61.0	62.0	63.0	64.0	65.0	66.0	67.0	68.0	69.0	70.0	71.0	72.0	73.0	74.0	75.0	76.0	77.0	78.0	79.0	80.0	81.0	82.0	83.0	84.0	85.0	86.0	87.0	88.0	89.0	90.0	91.0	92.0	93.0	94.0	95.0	96.0	97.0	98.0	99.0	100.0
Sor-ACeb_001-Ex1-8E-lcwgs-1-2-L2-clmp.r1	0.00020401563983895004	0.00020401563983895004	0.0002550195497986876	0.0010200781991947503	0.0017341329386310754	0.0027542111378258257	0.004335332346577688	0.006171473105128239	0.009792750712269602	0.01642325900703548	0.025450951069909022	0.04044610059807185	0.06640709076757824	0.10823029693456301	0.17596348936109443	0.28001146567895896	0.4509255679540394	0.6540741413236738	0.9220996881620945	1.2808101869089283	1.6623704373177248	2.0526013524196767	2.4508908852952667	2.8652466498081743	3.2610369910957373	3.6229607361700347	3.933778563464675	4.173292924635603	4.381082853811573	4.538786943407082	4.615802847446285	4.613711687137936	4.573877633459381	4.487426006077626	4.327171720984131	4.12723639394196	3.9004730102609666	3.634385612001016	3.3193344601797174	3.0091286798045935	2.742327226805207	2.4677221755819803	2.1714404626258648	1.9295799215967895	1.721994008060658	1.50594144547121	1.3169719590703823	1.1516172829809133	1.0065621630554198	0.877114239577606	0.7577650902718203	0.6486677268679417	0.5469149264982653	0.4530167282623886	0.37533777339370833	0.3171933160396076	0.2686375937579375	0.23721918522273916	0.208299968275568	0.1831550406654174	0.16530367217950928	0.15270570641945413	0.14638122158444666	0.13470132620366676	0.12077725878465843	0.11062748070267067	0.10165079254975685	0.0961423702741052	0.08803274859050696	0.07762795095872049	0.06707014159705482	0.05727739088478523	0.04722962062271694	0.03753887773036681	0.03157142026507752	0.02524693543007007	0.01744333720623023	0.011373871921021466	0.008313637323437215	0.005916453555329552	0.0036212776071413632	0.002397183768107663	0.002091160308349238	0.001479113388832388	0.0007650586493960627	0.00045903518963763757	0.0004080312796779001	0.00030602345975842506	0.00015301172987921253	0.0	0.0	0.0	0.0	0.0	0.0	0.0	0.0	0.0	0.0	0.0	0.0
Sor-ACeb_001-Ex1-8E-lcwgs-1-2-L2-clmp.r2	0.0	5.100318157846687e-05	0.00010200636315693374	0.0006630413605200693	0.001530095447354006	0.0021421336262956083	0.0032642036210218796	0.005712356336788289	0.01025163949727184	0.01575998310774626	0.022033374441897687	0.03600824619439761	0.06314193879414198	0.10496454768848482	0.16581134331159578	0.2707758910000806	0.4389333806642858	0.6447312183333996	0.9193323479518652	1.2690611640354126	1.6514320163291785	2.0561422621543133	2.464728749779411	2.8705100624176936	3.2553800706088043	3.6083730903133735	3.928724073807724	4.180628787623772	4.380408249866627	4.536018956862529	4.622112327366981	4.625886562803787	4.58355392209366	4.500469739302337	4.346644143661681	4.136715048284712	3.8938889007896313	3.6360678179104813	3.322500257566067	2.9932747204770633	2.7218357881164628	2.4640147052373127	2.182375136561019	1.943272221321166	1.7252846232547987	1.5029617547542615	1.3233795524164798	1.1576192122864624	1.0061907661799943	0.8765916817891101	0.7621405423270303	0.6456492756018121	0.546346081068537	0.46101775828776204	0.37461836869383913	0.3164747416943869	0.2692457955527266	0.23604272434514464	0.21013310810328345	0.187793714571915	0.16800448011946986	0.15198948110383126	0.14576709295125828	0.1343933834592602	0.11965346398308326	0.10960583721212529	0.10190435679377678	0.09430488273858524	0.08966359321494474	0.08170709688870392	0.0668141678677916	0.05753158882051062	0.046157879328512515	0.035855236649662205	0.031162943944443258	0.024022498523457895	0.018004123097198805	0.01249577948672438	0.008925556776231702	0.006783423149936093	0.004182260889434283	0.0027031686236587437	0.002346146352609476	0.0015810986289324727	0.0008670540868339367	0.000765047723677003	0.0006120381789416024	0.0005100318157846686	0.0003060190894708012	5.100318157846687e-05	5.100318157846687e-05	0.00010200636315693374	5.100318157846687e-05	0.0	0.0001530095447354006	0.00020401272631386747	5.100318157846687e-05	0.0	0.0	0.0	0.0
Sor-ACeb_001-Ex1-8E-lcwgs-1-2-L3-clmp.r1	0.0	0.0001678813817309242	0.00027980230288487365	0.0005036441451927726	0.0012870905932704188	0.0026861021076947872	0.005092401912504701	0.007554662177891588	0.012255340866357468	0.018355031069247713	0.025909693247139303	0.03872463871926651	0.061276704331787335	0.10537354726644342	0.17314166502515982	0.27521354511756174	0.44729196139175903	0.664474508890998	0.9353231380835557	1.275618698852139	1.6482034453736367	2.031140877101875	2.434168114177247	2.860978546997833	3.239830865103952	3.568318768690794	3.875597657718962	4.1266362838672705	4.31958795193668	4.477228569382017	4.583889207241731	4.619144297405225	4.6000058198879	4.522052898304175	4.365475529609799	4.140066794405745	3.911356392027649	3.6816387013591676	3.3727369589742673	3.043689450781656	2.757339774009276	2.480951059219598	2.2120050856866573	1.9596234084845015	1.7250931182064	1.5328129756639148	1.3468563651666279	1.1780236556058952	1.0453414035778879	0.8935766344931326	0.7585440431208925	0.6356548716938559	0.5243495156062533	0.4449416220475261	0.3770615833676558	0.32328358075318303	0.27683639847429403	0.2393988503482979	0.20906828071557762	0.18086420858478233	0.1621174542914958	0.14868694375302188	0.13329781709435382	0.12585507583761618	0.11852425550203248	0.10649275647798292	0.09474105975681822	0.08478009777411673	0.07918405171641925	0.07118170585391187	0.06010153465967087	0.05377800261447272	0.04488028938273373	0.03452760417599341	0.028539834894257116	0.02165669824328922	0.016284494027899648	0.012758985011550239	0.009681159679816628	0.0072188994144297405	0.004980480991350751	0.0030218648711566355	0.0015668928961552924	0.0007834464480776462	0.0005596046057697473	0.0003357627634618484	0.00027980230288487365	0.00022384184230789893	5.596046057697473e-05	0.0	0.0	0.0	0.0	0.0	0.0	0.0	0.0	0.0	0.0	0.0	0.0
Sor-ACeb_001-Ex1-8E-lcwgs-1-2-L3-clmp.r2	0.00011190758224228104	0.00011190758224228104	0.0003357227467268431	0.0007273992845748268	0.0011750296135439508	0.0022381516448456208	0.0035810426317529932	0.005819194276598614	0.011414573388712665	0.017849259367643828	0.024227991555453843	0.03541874977968195	0.059534833752893514	0.09903821028441871	0.1650077300162434	0.27031276490622985	0.43341806602435445	0.6455948419557194	0.9250280748146951	1.2632687421419895	1.6292624898653696	2.025639146167529	2.4492093449545624	2.8705973458878717	3.243585317501395	3.5620742965629266	3.8653438444395083	4.128102847544384	4.341846329627141	4.506406429314415	4.5815523707901065	4.615012737880549	4.6014719204292325	4.532257080812382	4.369375594858742	4.140244820217672	3.9211297741872855	3.676387891823416	3.369984931644051	3.047803002368524	2.7618231759483747	2.4774100556796177	2.209503303791597	1.961516101542702	1.727461393282971	1.5353720283640957	1.3460803530012773	1.177491580353281	1.0430346202891805	0.8919034304709799	0.7561035794199717	0.637929172572123	0.5335193983400748	0.45048397231630233	0.37863930451675787	0.324923665040463	0.2801606321435506	0.24300731483911328	0.2093790863753078	0.18263317421940264	0.16338507007373032	0.1479418237242955	0.13563198967764462	0.12500076936462792	0.11431359526049008	0.10351451357410994	0.0947297683680909	0.08801531343355404	0.07855912273408128	0.07106131472384845	0.06417899841594817	0.055170438045444546	0.04487494047915469	0.03530684219743967	0.026634004573662884	0.020982671670427694	0.01723376766531128	0.013205094704589162	0.00990382102844187	0.0071061314723848456	0.004812026036418084	0.002797689556057026	0.0017345675247553561	0.0009512144490593888	0.0006714454934536862	0.0005035841200902646	0.00039167653784798363	0.0003357227467268431	0.00016786137336342156	5.595379112114052e-05	0.00016786137336342156	0.00016786137336342156	0.00011190758224228104	0.00016786137336342156	0.00016786137336342156	5.595379112114052e-05	0.0	0.0	0.0	5.595379112114052e-05	5.595379112114052e-05
Sor-ACeb_002-Ex1-9E-lcwgs-1-2-L2-clmp.r1	0.0	0.0003463563313937379	0.0003463563313937379	0.0	0.0	0.0	0.0006927126627874758	0.0013854253255749516	0.0006927126627874758	0.0006927126627874758	0.002770850651149903	0.006234413965087281	0.010390689941812137	0.019395954558049322	0.02909393183707398	0.051607093377666946	0.09767248545303409	0.16036298143530064	0.228595178719867	0.32557495151011356	0.476932668329177	0.6438764200609588	0.8475339429204766	1.0927542255472429	1.3611803823773898	1.6919506788584096	2.043848711554447	2.4030202272097534	2.7081601551676364	3.034427819340537	3.3755888057633694	3.689387642006096	3.9678581324466613	4.1576614020504294	4.297589359933499	4.358548074258797	4.386256580770296	4.372402327514547	4.240094208922139	4.042324743696315	3.8057633693543917	3.561235799390413	3.3437240232751457	3.0901911886949294	2.8719866999168744	2.679412579661956	2.4650180105292323	2.268287614297589	2.0594347464671654	1.8467719589914104	1.6708229426433914	1.4422277639235246	1.209129952895539	1.0511914657799946	0.9109171515655305	0.7588667220836797	0.6521889720144084	0.6016209476309227	0.5430867276253809	0.47866444998614577	0.44229703518980323	0.41493488500969794	0.37683568855638677	0.35986422831809367	0.3553615960099751	0.3418536990856193	0.32315045719035745	0.32349681352175114	0.2971737323358271	0.24660570795234138	0.20746744250484897	0.18703241895261846	0.17664172901080633	0.14200609587143254	0.09905791077860902	0.07446661124965365	0.05922693266832917	0.03983097811027986	0.03255749515101136	0.024244943197561653	0.012815184261568302	0.00796619562205597	0.004502632308118593	0.003809919645331117	0.004156275976724855	0.0031172069825436406	0.0013854253255749516	0.0003463563313937379	0.0	0.0	0.0	0.0	0.0	0.0	0.0	0.0	0.0	0.0	0.0	0.0	0.0
Sor-ACeb_002-Ex1-9E-lcwgs-1-2-L2-clmp.r2	0.0	0.0003463347394523755	0.0003463347394523755	0.0	0.0	0.0	0.0	0.0003463347394523755	0.0010390042183571267	0.0017316736972618776	0.003809682133976131	0.00692669478904751	0.009351037965214139	0.015238728535904524	0.02597510545892816	0.04917953300223732	0.09281771017323663	0.1499629421828786	0.22858092803856783	0.3297106719586615	0.4699762414368736	0.648338632254847	0.8530224632712009	1.1061931578108875	1.3746025808864784	1.6873428506119736	2.034716594282706	2.3845146811296054	2.7183813699616954	3.052248058793785	3.3767637096606613	3.715825419584537	3.99323954588589	4.149782848118363	4.2810437143708135	4.3208722094078365	4.37663210245967	4.383558797248717	4.235673863502552	4.027526685091675	3.7940970707007735	3.567247816359468	3.3573689642513282	3.1104322950217846	2.8752710069336214	2.676474866487958	2.457244976414604	2.28892629304075	2.0956715084263244	1.8494275086756853	1.6447436776593314	1.4334794865933822	1.2225616302668856	1.051472268977412	0.8983923141394621	0.7563950709639882	0.6417582722052518	0.5783790148854672	0.5406285282851582	0.4914489952829208	0.44123045806232636	0.410406666251065	0.3816608828765178	0.3702318364745894	0.36053446376992293	0.34633473945237553	0.3304033414375662	0.3224376424301616	0.2957698674923287	0.2417416481377581	0.20329849205854442	0.18286474243085427	0.16450900123987838	0.13645588734423594	0.1004370744411889	0.07238396054554648	0.05818423622799909	0.04121383399483269	0.0325554655085233	0.02389709702221391	0.014546059056999773	0.01004370744411889	0.006580360049595135	0.003809682133976131	0.003463347394523755	0.002770677915619004	0.001385338957809502	0.000692669478904751	0.0010390042183571267	0.000692669478904751	0.0003463347394523755	0.0003463347394523755	0.0	0.0	0.0	0.0	0.0003463347394523755	0.0003463347394523755	0.0	0.0	0.0
Sor-ACeb_002-Ex1-9E-lcwgs-1-2-L3-clmp.r1	0.0	0.0	0.0	0.0	0.0	0.0006671158580110608	0.0013342317160221215	0.0013342317160221215	0.0013342317160221215	0.0013342317160221215	0.0030020213610497735	0.006671158580110607	0.00900606408314932	0.012675201302210153	0.026351076391436898	0.04936657349281849	0.08972708290248768	0.142762793614367	0.2208153490016611	0.34223043515967416	0.47198446954282547	0.6287566961754248	0.8555760878991854	1.0883995223450456	1.3392350849572046	1.6791306146138398	2.0196932601284865	2.3329041554646794	2.7061554780218677	3.0767383371470123	3.4139654033716034	3.686815789298127	3.8956230528555893	4.137118993455593	4.316239601331564	4.412637842814162	4.4149727483172	4.248193783814435	4.108433011561117	4.012368328007525	3.8035610644500633	3.5480556908318266	3.341916890706409	3.1644640724754667	2.9349762173196616	2.6888104657135803	2.4606568422737976	2.2491811152842915	2.067392043976277	1.8699257500050033	1.6681232029566575	1.4306299575047199	1.2208220201602413	1.0830625954809572	0.9116138199721145	0.7881973862400683	0.7254884955870287	0.6187499583052589	0.5253537381837103	0.4913308294251463	0.4546394572345379	0.4186152009019406	0.4052728837417194	0.3942654720845369	0.38359161835635996	0.35056938338481247	0.31621291669724283	0.30487194711105475	0.28819405066077824	0.26184297426934133	0.225151602078733	0.20080187326132928	0.17211589136685368	0.12141508615801305	0.08472371396740472	0.06938004923315032	0.059706869291989935	0.04836589970580191	0.03335579290055304	0.022681939172376066	0.016344338521270988	0.010673853728176972	0.004002695148066364	0.002001347574033182	0.002001347574033182	0.0013342317160221215	0.001000673787016591	0.0006671158580110608	0.0003335579290055304	0.0	0.0	0.0	0.0	0.0	0.0	0.0	0.0	0.0	0.0	0.0	0.0
Sor-ACeb_002-Ex1-9E-lcwgs-1-2-L3-clmp.r2	0.0	0.0	0.0	0.0	0.0	0.00033366032044737176	0.0006673206408947435	0.0006673206408947435	0.0023356222431316024	0.003002942884026346	0.003002942884026346	0.005004904806710576	0.009008828652079038	0.01334641281789487	0.027360146276684486	0.04404316229905307	0.0804121372278166	0.14947982356042255	0.22155045277705482	0.3373305839722928	0.4761332772783995	0.6312853262864274	0.85183479810214	1.0927375494651426	1.3566628629390136	1.6799797134525167	2.019645919667941	2.3673199735741024	2.7360146276684483	3.062334421065978	3.3646306713912972	3.6849445790207733	3.92784929230646	4.138388954508752	4.315896244986753	4.412657737916492	4.406985512468886	4.257505688908464	4.111362468552515	3.990243772230119	3.7967207863706434	3.5434726031510886	3.3159162646059803	3.1397436154097678	2.9272019912847926	2.68629923992179	2.460411202978919	2.244866635969917	2.0740325519008627	1.8868491121298872	1.6642976783914902	1.4344057176032512	1.2288709602076702	1.073385250879195	0.9022175064896932	0.7787631879241657	0.7367219875477968	0.6396268342976117	0.5368594555998212	0.49081433137808383	0.4544453564493203	0.4207456640841357	0.40206068613908297	0.3990577432550566	0.38237472723268806	0.35000967614929296	0.3223158695521611	0.31097141865695044	0.29028447878921343	0.257585767385371	0.22054947181571272	0.18651611913008082	0.15682035061026472	0.12245333760418545	0.09842979453197466	0.08074579754826397	0.06072617832142166	0.04704610518307942	0.033699692365184546	0.020019619226842304	0.01334641281789487	0.00967614929297378	0.0056722254476053195	0.002669282563578974	0.0020019619226842307	0.0020019619226842307	0.0016683016022368588	0.0010009809613421153	0.00033366032044737176	0.00033366032044737176	0.00033366032044737176	0.0	0.0	0.0	0.0	0.0	0.00033366032044737176	0.00033366032044737176	0.0	0.0	0.0
Sor-ACeb_003-Ex1-10E-lcwgs-1-2-L2-clmp.r1	0.0	0.0	0.0001115137998327293	0.0001115137998327293	0.0001115137998327293	0.0004460551993309172	0.0004460551993309172	0.0003345413994981879	0.0012266517981600223	0.002230275996654586	0.003679955394480067	0.007025369389461946	0.011931976582102035	0.020407025369389462	0.03679955394480067	0.06233621410649568	0.10794535823808195	0.18589350432115975	0.29428491775857263	0.4392528575411207	0.6095344298856984	0.820630052969055	1.0638416504042376	1.349874546975188	1.6752718148870922	2.0210761081683857	2.383830499024254	2.7318650683022025	3.0957345971563983	3.418790075271815	3.6973515472539726	3.967884025648174	4.209868971285196	4.368441594647337	4.459771396710343	4.518204627822693	4.51887371062169	4.471480345692779	4.348926679676611	4.169500975745748	3.946250348480625	3.7010315026484526	3.4301644828547535	3.1676609980485084	2.897351547253973	2.6184555338723166	2.3578477836632286	2.1077223306384165	1.8771117925843321	1.6359074435461387	1.4320602174519097	1.2434903819347645	1.0600501812099248	0.9014775578477836	0.7541678282687483	0.6428770560356845	0.5516587677725118	0.4694730972957904	0.4055756899916364	0.34078617228882074	0.27030945079453583	0.21209924728185112	0.17541120713688318	0.14664064678003905	0.11385558962921662	0.08898801226651798	0.0757178700864232	0.06378589350432116	0.05018120992472819	0.04103707833844438	0.035238360747142455	0.027655422358516864	0.021522163367716753	0.01605798717591302	0.013270142180094787	0.010482297184276554	0.007025369389461946	0.004349038193476443	0.002787844995818233	0.0021187621968218567	0.0016727069974909396	0.0014496793978254808	0.0007805965988291052	0.0002230275996654586	0.0001115137998327293	0.0002230275996654586	0.0001115137998327293	0.0	0.0001115137998327293	0.0002230275996654586	0.0001115137998327293	0.0	0.0	0.0	0.0	0.0	0.0	0.0	0.0	0.0	0.0
Sor-ACeb_003-Ex1-10E-lcwgs-1-2-L2-clmp.r2	0.0	0.0	0.0	0.0	0.0002230450104831155	0.0005576125262077888	0.0005576125262077888	0.000446090020966231	0.000892180041932462	0.002118927599589597	0.0041263326939376364	0.00691439532497658	0.010483115492706429	0.018178168354373914	0.03434893161439979	0.0633447829772048	0.11274925279921488	0.18624258375340144	0.29653834143730207	0.43928714814649594	0.6048980684302092	0.8218093411250391	1.0707275728241958	1.3537716911272695	1.6830976491055896	2.044876656109203	2.3942766650310032	2.7341972610072713	3.10066021323103	3.4213989383057504	3.7113574519338	3.9829147521969936	4.207521077753491	4.359526252397734	4.460454119641344	4.54108489093099	4.529375027880627	4.432796538341437	4.3185974929740825	4.173395191149574	3.9560378284337783	3.692287103537494	3.415488245527948	3.1626667261453365	2.9070571441316857	2.624124548333854	2.3458758977561676	2.0974037560779766	1.8677789177856092	1.6297898916001248	1.4337333273854664	1.2425837534014363	1.053330062006513	0.8986483472364724	0.752999955390998	0.6447116028014453	0.560066021323103	0.4716286746665477	0.40148101886960785	0.3378016683766784	0.265535084980149	0.20910469732792078	0.17386358567158852	0.1459829593611991	0.1150912254092876	0.08899495918276308	0.0741624659856359	0.06479457554534505	0.05219253245304903	0.04237855199179195	0.035798724182540036	0.028438238836597227	0.022639068564036222	0.01728598831244145	0.012602043092296025	0.00892180041932462	0.0068028728197350235	0.0045724227149038675	0.0023419726100727123	0.001784360083864924	0.0018958825891064817	0.0015613150733818084	0.0011152250524155776	0.0005576125262077888	0.0002230450104831155	0.0003345675157246732	0.0002230450104831155	0.00011152250524155775	0.0003345675157246732	0.0003345675157246732	0.0002230450104831155	0.0002230450104831155	0.00011152250524155775	0.0	0.0	0.0	0.0	0.0	0.0	0.00011152250524155775	0.00011152250524155775
Sor-ACeb_003-Ex1-10E-lcwgs-1-2-L3-clmp.r1	0.0	0.0	0.0	0.00011386927806877705	0.00034160783420633114	0.0005693463903438852	0.0005693463903438852	0.0007970849464814392	0.0013664313368253246	0.0020496470052379866	0.0035299476201320883	0.005921202459576406	0.011273058528808928	0.01890230015941699	0.03507173764518333	0.06342518788430881	0.10817581416533818	0.1780915508995673	0.2837622409473924	0.4223411523570941	0.5906399453427466	0.8002732862673652	1.0556820769756319	1.3486677294465952	1.6570257344568433	1.9937371897062173	2.366317467547256	2.745388294238215	3.095422455021635	3.4148257800045547	3.7104304258711003	3.9476201320883626	4.181735367797768	4.380209519471647	4.484969255294922	4.534274652698702	4.522546117057618	4.451947164654976	4.328854475062628	4.154179002505124	3.9270097927579144	3.6800273286267364	3.428717831928946	3.1636301525848327	2.8909132316101114	2.6213846504213163	2.3608517421999546	2.117171487132772	1.8939877021179687	1.65736734229105	1.4418127989068548	1.2549533135959918	1.0717376451833296	0.9083352311546345	0.7699840583010703	0.6587337736278752	0.5554543384194944	0.4681166021407424	0.4025278979731268	0.34194944204053745	0.27556365292644047	0.22352539284900935	0.1903894329309952	0.15850603507173766	0.12685037576861763	0.10271008881803688	0.08244135732179458	0.06718287406057846	0.055340469141425645	0.0446367570029606	0.036779776816214985	0.02858118879526304	0.020040992940104762	0.01616943748576634	0.013892051924390799	0.009337280801639718	0.007287633796401731	0.006718287406057845	0.004896378956957413	0.0030744705078569806	0.0021635162833067638	0.0017080391710316556	0.0014803006148941015	0.0014803006148941015	0.0014803006148941015	0.0010248235026189933	0.0005693463903438852	0.00034160783420633114	0.00011386927806877705	0.0	0.0	0.0	0.0	0.0	0.0	0.0	0.0	0.0	0.0	0.0	0.0
Sor-ACeb_003-Ex1-10E-lcwgs-1-2-L3-clmp.r2	0.0	0.0	0.0	0.00011388950895399319	0.00011388950895399319	0.00022777901790798638	0.00045555803581597275	0.0006833370537239592	0.001138895089539932	0.0020500111611718775	0.003530574777573789	0.006150033483515632	0.011958398440169285	0.0200445535759028	0.031091835944440142	0.05432529577105475	0.10523390627348972	0.18028709267417123	0.2813070871163632	0.42765510612224444	0.5983754800442802	0.8024654800898361	1.0668030303720542	1.3608657424912647	1.675086897695332	2.004113689063418	2.362182305214773	2.741776038558432	3.096314079932213	3.408599113484062	3.7182646883299695	3.9799827799062464	4.199106195133729	4.376659939593004	4.4755160333650705	4.518110709713865	4.506949537836372	4.45239646304741	4.330420798957683	4.149108700702926	3.934768644851511	3.700725703951055	3.432174241837539	3.146881021907786	2.8693322885869046	2.6077280865195824	2.362182305214773	2.1192559826159054	1.8831630305542775	1.6433117246971676	1.4350078128203143	1.254720720146143	1.0772808651958217	0.9161272100259212	0.771031975618534	0.6561174610839547	0.5541863505701309	0.4658080916218322	0.3991827288837462	0.3393907366828997	0.2758403906865715	0.2273234598721704	0.19292882816806448	0.1556869587401087	0.12357011721508263	0.10227277904068588	0.08188655693792112	0.06571424666645408	0.056033638405364655	0.045100245545781306	0.03485018973992191	0.02790292969372833	0.020158443084856797	0.015488973217743073	0.012755625002847238	0.009452829243181434	0.00854171317154949	0.007288928573055564	0.005238917411883687	0.003075016741757816	0.001822232143263891	0.0014805636164019116	0.0013666741074479184	0.0013666741074479184	0.001708342634309898	0.0015944531253559047	0.0009111160716319455	0.00045555803581597275	0.00011388950895399319	0.0	0.0	0.0	0.0	0.0	0.00011388950895399319	0.00011388950895399319	0.0	0.0	0.0	0.0	0.0
Sor-ACeb_004-Ex1-11E-lcwgs-1-2-L2-clmp.r1	0.0	0.0	0.00013621676991897827	0.00013621676991897827	0.0	0.00013621676991897827	0.00040865030975693477	0.0010897341593518262	0.0017708180089467175	0.0023156850886226306	0.0031329857081364995	0.003950286327650369	0.006674621726029935	0.012668159602464979	0.024655235355335064	0.045087750843181805	0.07968681040260228	0.1333562177506797	0.19628836545324768	0.2816962801924471	0.41355411347401805	0.5865494112711204	0.7851534618129907	1.0548626662525677	1.3757893761816804	1.6958987854912795	2.0500623872806227	2.405996807078913	2.7769150715682906	3.158866894421106	3.4765244018721635	3.789686755915894	4.123417842217391	4.357574469708115	4.507004266309234	4.595681383526489	4.614479297775308	4.5621720581264205	4.433310993783066	4.279249827004702	4.10216802611003	3.892530417204723	3.6226849959952268	3.3239616195629074	3.0481226604769764	2.783044826214645	2.5377184235905648	2.2968871743738113	2.0609597288741415	1.8347036740387184	1.6395050427448223	1.416381973617536	1.178275059799162	0.9946548539483793	0.8322844642049573	0.7140483079152841	0.6118857304760503	0.5101318033465736	0.42472388860737426	0.3583863216568318	0.3053979981583492	0.2615361982444383	0.21794683187036523	0.17885261890361848	0.15174548168974178	0.1371702873084111	0.13049566558238118	0.11564803766121255	0.0915376693855534	0.07301218867657235	0.0595267284545935	0.05080885517977889	0.045905051462695676	0.035552576948853325	0.02669848690411974	0.02179468318703652	0.017571963319548196	0.015120061461006588	0.01334924345205987	0.010624908053680306	0.006538404956110956	0.003950286327650369	0.0028605521682985437	0.0017708180089467175	0.0013621676991897825	0.0010897341593518262	0.0006810838495948913	0.00040865030975693477	0.00040865030975693477	0.0005448670796759131	0.0005448670796759131	0.00040865030975693477	0.00013621676991897827	0.0	0.0	0.0	0.0	0.0	0.0	0.0	0.0
Sor-ACeb_004-Ex1-11E-lcwgs-1-2-L2-clmp.r2	0.0	0.0	0.00013625091969370794	0.0002725018393874159	0.00013625091969370794	0.00013625091969370794	0.0005450036787748318	0.0008175055181622475	0.0010900073575496635	0.002043763795405619	0.0034062729923426986	0.004632531269586069	0.006812545984685397	0.011853830013352589	0.023162656347930348	0.042101534185355755	0.07548300951031418	0.1288933700302477	0.19620132435893942	0.28789819331280486	0.42156034553233235	0.5849251982450882	0.7785377551298471	1.058942147859498	1.3774967981033872	1.692100171676159	2.05262010518571	2.412595035016486	2.7800637654304166	3.169741395754421	3.4929285772678966	3.7840967926533504	4.115050276589367	4.372973267569556	4.514129220372237	4.5938360083930565	4.620949941412104	4.562907049622585	4.434149930512031	4.2707850777992755	4.0878000926506255	3.8830149603509825	3.6196419325830447	3.3260212006431042	3.043028040439273	2.7837425402621467	2.5390358884922475	2.2909229637300053	2.068152710030793	1.8509687440390221	1.6393710657546938	1.4010682072103986	1.1669891271766086	0.9954492192822302	0.835490639561817	0.7143635719541107	0.6131291386216857	0.509442188734774	0.42292285472926944	0.3571136605172085	0.3032945472381939	0.25955800201651363	0.21841022426901383	0.1799874649153882	0.15273728097664657	0.1373409270512576	0.12698585715453578	0.11349701610485871	0.09333187999018994	0.07289424203613375	0.05749788811074475	0.050549091206365644	0.04659781453524811	0.036515246477913724	0.02656892934027305	0.021255143472218435	0.017576368640488324	0.014987601166307872	0.013352590129983376	0.010900073575496634	0.007221298743766521	0.00395127667111753	0.0027250183938741586	0.001771261956018203	0.0012262582772433715	0.0010900073575496635	0.0008175055181622475	0.0005450036787748318	0.0006812545984685397	0.0008175055181622475	0.0005450036787748318	0.0005450036787748318	0.0002725018393874159	0.0	0.0	0.0	0.0	0.0	0.00013625091969370794	0.00013625091969370794	0.0
Sor-ACeb_004-Ex1-11E-lcwgs-1-2-L3-clmp.r1	0.00030218281758280947	0.00030218281758280947	0.00015109140879140473	0.0	0.0	0.00015109140879140473	0.00015109140879140473	0.0006043656351656189	0.001510914087914047	0.001964188314288261	0.0021152797230796663	0.0028707367670366894	0.007252387621987426	0.016166780740680304	0.028103002035201274	0.05152217039786901	0.08838847414297175	0.13764427340896968	0.19898738537828	0.2923618760113681	0.43333016041374867	0.615999673642557	0.8134761449329229	1.047516737150809	1.3344393224456863	1.6671426046043596	2.011479925239971	2.3476583098008463	2.7077091369507635	3.0667023242391416	3.412097284736293	3.761118439044438	4.081734408499798	4.276037960205545	4.413984416432097	4.539390285728963	4.582753520052096	4.537577188823466	4.437403584794765	4.3094291615484455	4.142473154833943	3.8918125076490027	3.6032279168574197	3.3598196572944667	3.1105188327886486	2.8384032055553288	2.581547810609941	2.343125567537104	2.104098958829102	1.8699072752024246	1.6704666155977705	1.4397500343732954	1.1937732208608887	0.9962967495705226	0.8359887648428422	0.733246606864687	0.6431961272250099	0.5440801630578483	0.4617353452665328	0.3902691089081984	0.3169897756443671	0.25821521762451066	0.2184781771123712	0.19188608916508398	0.16922237784637328	0.14610539230128836	0.12465041225290889	0.1056128947451919	0.09156139372759126	0.07932298961548748	0.06844440818250633	0.053184175894574456	0.03822612642422539	0.03278683570773482	0.0288584590791583	0.02372135118025054	0.019188608916508396	0.01541132369672328	0.012238404112103782	0.008612210301110068	0.006043656351656188	0.003626193810993713	0.00256855394945388	0.001964188314288261	0.0009065484527484282	0.0004532742263742141	0.00015109140879140473	0.00015109140879140473	0.00015109140879140473	0.0	0.0	0.0	0.0	0.0	0.0	0.0	0.0	0.0	0.0	0.0	0.0
Sor-ACeb_004-Ex1-11E-lcwgs-1-2-L3-clmp.r2	0.0	0.0	0.0	0.0	0.00015113091261912895	0.0003022618252382579	0.00015113091261912895	0.0004533927378573868	0.0013601782135721605	0.002418094601906063	0.0031737491650017076	0.0045339273785738685	0.008161069281432962	0.01435743669881725	0.024483207844298888	0.04564153561097694	0.08795819114433305	0.13949383234745602	0.19994619739510758	0.29364736321896756	0.4354081592557105	0.6172186471365226	0.8115730007647225	1.052626806392233	1.3426470277083415	1.6594174205580359	2.0026357231160774	2.3434359310722135	2.7185428561928915	3.089720377585472	3.4126871378525507	3.7442683601389195	4.082952735318387	4.280178576286351	4.41392943395428	4.5504006480493535	4.591054863543899	4.5389146986902995	4.422241634148332	4.30632422416946	4.140382482113656	3.8837621924863757	3.615655953500041	3.3697659586687183	3.107100432536672	2.8303797315310466	2.5755730128551955	2.3379952182179244	2.103288910920418	1.8774993274674388	1.6722635481306618	1.4355925389691058	1.195294387904691	1.003358128878397	0.8353005540459257	0.7275442133484867	0.6401905458546302	0.5436178926910068	0.4621583307892963	0.3841747798778258	0.3122364654711204	0.2611542170058548	0.22322035793845346	0.19223852085153204	0.16624400388104182	0.1458413306774594	0.12302056287197095	0.10276902058100768	0.09264324943552604	0.08266860920266353	0.06785777976598889	0.0506288557274082	0.03793385906740137	0.03279540803835098	0.0287148733976345	0.02433207693167976	0.019042494990010247	0.01405517487357899	0.011637080271672928	0.008765592931909478	0.0057429746795269	0.0037782728154782236	0.0031737491650017076	0.002720356427144321	0.0013601782135721605	0.0004533927378573868	0.00015113091261912895	0.00015113091261912895	0.00015113091261912895	0.0003022618252382579	0.0003022618252382579	0.00015113091261912895	0.00015113091261912895	0.00015113091261912895	0.00015113091261912895	0.0	0.0	0.0	0.0	0.0	0.0
Sor-ACeb_005-Ex1-12E-lcwgs-1-2-L2-clmp.r1	0.0	0.0	0.0	0.0	0.0	0.0	0.0	0.0	0.0017913442247062196	0.0035826884494124392	0.005374032674118658	0.005374032674118658	0.011643737460590428	0.03313986815706506	0.04478360561765549	0.07344511321295501	0.13435081685296646	0.20869160217827457	0.3107982229865291	0.4209658928059616	0.5875609057036401	0.7684866723989682	0.9341860131842935	1.192139581541989	1.4617368873602752	1.7689524218973918	2.163943823445113	2.5419174548581256	2.7962883347664085	3.010353969618802	3.3256305531670964	3.6265763829177415	3.886321295500143	4.064560045858412	4.114717684150186	4.07262109486959	3.9588707366007454	3.784214674691889	3.574627400401261	3.386536256807108	3.199340785325308	2.9834838062482087	2.798975351103468	2.604614502722843	2.3932358842075097	2.170213528231585	1.9749570077386072	1.8083619948409286	1.6578890799656063	1.4939810834049871	1.3408211521926052	1.2512539409572943	1.0873459443966753	0.9735955861278303	0.889402407566638	0.7666953281742619	0.7156420177701347	0.7147463456577816	0.7219117225566065	0.7237030667813127	0.7649039839495557	0.8302880481513328	0.8374534250501575	0.8490971625107482	0.8795500143307537	0.8714889653195758	0.8428274577242764	0.8052092290054457	0.7935654915448552	0.7281814273430782	0.6627973631413012	0.6001003152765835	0.456792777300086	0.37976497563771855	0.3233376325594726	0.2498925193465176	0.1907781599312124	0.13166380051590712	0.09404557179707652	0.06180137575236457	0.03940957294353683	0.02955717970765262	0.016122098022355976	0.008956721123531098	0.005374032674118658	0.0008956721123531098	0.0	0.0	0.0008956721123531098	0.0008956721123531098	0.0	0.0	0.0	0.0	0.0	0.0	0.0	0.0	0.0	0.0	0.0
Sor-ACeb_005-Ex1-12E-lcwgs-1-2-L2-clmp.r2	0.0	0.0	0.0	0.0	0.0	0.0	0.0008954475446828325	0.0026863426340484973	0.00358179017873133	0.00358179017873133	0.00358179017873133	0.00358179017873133	0.010745370536193989	0.021490741072387978	0.03402700669794763	0.05820409040438411	0.12625810380027938	0.19699845983022313	0.2784841863963609	0.4307102689924424	0.6142770156524231	0.7763530212400158	0.9366381317382427	1.1972133672409468	1.497188294709696	1.8025359074465417	2.1374332891579213	2.4723306708693005	2.757082990078441	3.0185536731258282	3.3256921809520397	3.632830688778251	3.8978831620043697	4.08144990866435	4.1745764533113645	4.130699523621907	3.9883233640173357	3.77789319101687	3.5665675704717215	3.3758372434542787	3.1636161753644467	2.9693040581682726	2.7723055983380496	2.574411690963143	2.3433862244349726	2.1374332891579213	1.993266234463985	1.8759626061105341	1.7103048103442102	1.4819656864500879	1.35302124001576	1.2536265625559655	1.0987141373258353	0.9867831942404814	0.8891794118700527	0.7727712310612844	0.6966581897632437	0.6975536373079264	0.7262079587377772	0.7351624341846055	0.7700848884272359	0.7826211540527955	0.8050073426698664	0.8721659085210788	0.8954475446828324	0.8855976216913213	0.8479888248146423	0.7700848884272359	0.7727712310612844	0.775457573695333	0.6635266306099789	0.5784591138651098	0.48622801676277805	0.38683333930298364	0.3062430602815287	0.23639815179626777	0.19878935491958882	0.14327160714925322	0.09133564955764892	0.06178588058311544	0.03939969196604463	0.026863426340484976	0.015222608259608151	0.008059027902145492	0.0053726852680969946	0.0026863426340484973	0.001790895089365665	0.0008954475446828325	0.0	0.0	0.0	0.0	0.0	0.0	0.0008954475446828325	0.0008954475446828325	0.0	0.0	0.0	0.0	0.0
Sor-ACeb_005-Ex1-12E-lcwgs-1-2-L3-clmp.r1	0.0	0.0	0.0	0.0	0.0	0.0	0.0008460809530255856	0.0033843238121023423	0.004230404765127927	0.004230404765127927	0.004230404765127927	0.013537295248409369	0.023690266684716393	0.03130499526194666	0.046534452416407204	0.06345607147691891	0.09983755245701909	0.1929064572898335	0.2876675240286991	0.38412075267361584	0.5448761337484771	0.7360904291322593	0.9603018816840395	1.2454311628536618	1.5990930012183566	1.9121429538378234	2.1625829159333967	2.4096385542168677	2.720996344930283	3.1592662785975363	3.4215513740354675	3.5636929741437657	3.746446459997293	3.8632056315148233	3.963043183971843	4.058650331663734	4.023114931636659	3.7989034790848786	3.572153783674022	3.4071679978340326	3.1398064166779474	2.833525111682686	2.6482333829700826	2.5221673209692703	2.303032354135644	2.067821849194531	1.9442940300527956	1.8478408014078789	1.7488493299038854	1.595708677406254	1.4171855963178557	1.242892919994585	1.088060105590903	0.9763774197915256	0.8765398673345066	0.7936239339379992	0.7597806958169757	0.7504738053336943	0.712400162447543	0.7022471910112359	0.7504738053336943	0.7995465006091783	0.8536956816028158	0.9171517530797346	0.9205360768918371	0.8807702720996344	0.8968458102071206	0.9323812102341952	0.8748477054284554	0.7640111005821038	0.6599431433599567	0.579565452822526	0.5194937051577095	0.43150128604304855	0.3198186002436713	0.2462095573304454	0.19713686205496142	0.14298768106132395	0.10406795722214701	0.06937863814809801	0.04991877622850954	0.036381480980100175	0.01692161906051171	0.00761472857723027	0.005922566671179098	0.0025382428590767564	0.0025382428590767564	0.0033843238121023423	0.0033843238121023423	0.004230404765127927	0.004230404765127927	0.0025382428590767564	0.0008460809530255856	0.0	0.0	0.0	0.0	0.0	0.0	0.0	0.0
Sor-ACeb_005-Ex1-12E-lcwgs-1-2-L3-clmp.r2	0.0	0.0	0.0	0.0	0.0	0.0	0.0	0.0008455801525426595	0.001691160305085319	0.003382320610170638	0.004227900762713298	0.005919061067798616	0.01775718320339585	0.0312864656440784	0.04143342747459031	0.07187431296612605	0.11161658013563107	0.18687321371192778	0.3044088549153574	0.41010637398318983	0.5301787556442475	0.7255077708816018	0.9428218700850653	1.2184809998139723	1.5803893051022306	1.9363785493226902	2.156229388983782	2.3853816103228427	2.7574368774416125	3.174307892645144	3.4457391216113376	3.5801863658656203	3.7306996330182143	3.8803673200182645	4.002130861984408	4.087534457391216	4.045255449764083	3.7586037780521213	3.4939371903062693	3.397541052916406	3.184454854475656	2.9054134041365782	2.6830258240178586	2.4868512286279616	2.2982868546109483	2.10464899967868	1.9828854577125365	1.8298354501023153	1.698770526458203	1.5347279768649271	1.3698398471191084	1.2624511677461907	1.1017909387630853	0.9639613738986318	0.8827856792545364	0.7999188243053559	0.7593309769833082	0.7432649540849977	0.7043682670680353	0.7314268319494005	0.7593309769833082	0.7838528014070454	0.842197831932489	0.9081530838308163	0.9546599922206627	0.9216823662714989	0.8988517021528472	0.8946238013901338	0.8337420304070623	0.7914630227799294	0.7187431296612606	0.5766856640340938	0.4921276487798279	0.4050328930679339	0.2908795724746749	0.22492432057634743	0.18264531294921443	0.14459420608479479	0.1107709999830884	0.07271989311866872	0.048198068694931595	0.03635994655933436	0.016066022898310533	0.006764641220341276	0.006764641220341276	0.003382320610170638	0.0025367404576279785	0.003382320610170638	0.004227900762713298	0.005919061067798616	0.005919061067798616	0.003382320610170638	0.0008455801525426595	0.0	0.0	0.0	0.0	0.0	0.0	0.0	0.0
Sor-ACeb_006-Ex1-1F-lcwgs-1-2-L2-clmp.r1	0.0	0.0	0.0	0.0	0.0	0.0009669496606006692	0.0009669496606006692	0.0	0.0	0.0009669496606006692	0.0029008489818020075	0.0038677986424026766	0.0038677986424026766	0.0038677986424026766	0.008702546945406023	0.025140691175617395	0.049314432690634125	0.08605851979345956	0.12183565723568432	0.18372043551412712	0.3094238913922141	0.41288750507648575	0.523119766384962	0.7348817420565085	0.9824208551702799	1.2338277669264537	1.5190779168036512	1.8285018081958653	2.1679011390667	2.504399620955733	2.8476667504689708	3.244116111315245	3.704384149761163	4.0515190779168035	4.24780985901874	4.381248912181632	4.502117619756715	4.535960857877739	4.450869287744879	4.330000580169796	4.159817439904079	4.087296215359029	3.883269836972287	3.6763426096037444	3.4645806339321976	3.140652497630973	2.9095515287474134	2.6871531068092596	2.4386470440348877	2.1553307934788912	1.928097623237734	1.6757237618209595	1.4794329807190238	1.326654934344118	1.1023226130847628	0.9040979326616256	0.7619563325533273	0.6401206753176429	0.5598638534877874	0.517318068421358	0.47380533369432787	0.4099866560946837	0.3519696764586436	0.32392813630122413	0.28718404919839874	0.26977895530758667	0.22336537159875458	0.17695178788992244	0.18081958653232513	0.1595466939991104	0.11603395927208031	0.10636446266607359	0.10829836198727495	0.08605851979345956	0.06865342590264752	0.04834748303003346	0.027074590496818738	0.028041540157419404	0.01837204355141271	0.0067686476242046845	0.005801697963604015	0.004834748303003345	0.0019338993212013383	0.0009669496606006692	0.0009669496606006692	0.0	0.0009669496606006692	0.0019338993212013383	0.0019338993212013383	0.0019338993212013383	0.0019338993212013383	0.0019338993212013383	0.0009669496606006692	0.0	0.0	0.0	0.0	0.0	0.0	0.0	0.0
Sor-ACeb_006-Ex1-1F-lcwgs-1-2-L2-clmp.r2	0.0	0.0	0.0	0.0	0.0009667626984280438	0.0009667626984280438	0.0	0.0	0.0	0.0	0.0019335253968560877	0.004833813492140219	0.005800576190568263	0.006767338888996307	0.008700864285852395	0.027069355555985226	0.0551054738103985	0.08604188016009591	0.12277886270036158	0.1827181500029003	0.2793944198457047	0.4070070960382065	0.5790908563583983	0.7898451246157118	0.9831976643013206	1.2171542373209072	1.499448945261896	1.8126800595525823	2.1694154952725304	2.5454861849610393	2.9109224849668403	3.289893462750633	3.7172025754558287	4.063303621493068	4.252789110384965	4.3591330072120495	4.413271718324021	4.478044819118699	4.454842514356426	4.3194957365765	4.187049246891858	4.0932732651443375	3.906688064347725	3.6688644405344264	3.398170884974574	3.101374736557165	2.911889247665268	2.7030685048048104	2.46621164368994	2.201318664320656	1.9296583460623757	1.6502639262166707	1.4462769968483538	1.253891219861173	1.0769736460488408	0.9242251396972099	0.7685763452502948	0.6651327365184941	0.5713567547709739	0.49498250159515844	0.4669463833407452	0.43891026508633185	0.36736982540265667	0.3025967246079777	0.2822947079409888	0.2909955722268412	0.23975714921015487	0.18078462460604422	0.17498404841547593	0.14501440476420657	0.10634389682708481	0.10731065952551287	0.10634389682708481	0.0947427444459483	0.08217482936638372	0.04833813492140219	0.024169067460701094	0.023202304762273054	0.014501440476420659	0.008700864285852395	0.007734101587424351	0.004833813492140219	0.0019335253968560877	0.0009667626984280438	0.0009667626984280438	0.0	0.0009667626984280438	0.0019335253968560877	0.0019335253968560877	0.0019335253968560877	0.0019335253968560877	0.0029002880952841317	0.0019335253968560877	0.0	0.0	0.0	0.0	0.0	0.0	0.0	0.0
Sor-ACeb_006-Ex1-1F-lcwgs-1-2-L3-clmp.r1	0.0	0.0	0.0	0.0	0.0	0.0	0.0	0.0011540414531689977	0.0011540414531689977	0.0011540414531689977	0.0034621243595069936	0.0057702072658449895	0.004616165812675991	0.0057702072658449895	0.017310621797534967	0.03346720214190094	0.04154549231408392	0.062318238471125886	0.12232839403591377	0.19964917139823662	0.28043207312006646	0.3900660111711213	0.528550985551401	0.7039652864330886	0.9393897428795643	1.2163596916401236	1.5048700549323732	1.8556986566957485	2.2203757558971517	2.605825601255597	2.992429488067211	3.2890181415316437	3.695240733047131	4.065688039514379	4.234178091677053	4.394589853667544	4.488067211374233	4.455754050685501	4.470756589576698	4.362276692978812	4.152241148502054	3.960670267276001	3.7356321839080464	3.526750680884457	3.369801043253474	3.2324701103263633	2.971656741910169	2.650833217929188	2.362322854636939	2.169597931957716	2.0368831648432812	1.7841480865992707	1.5302589669020912	1.3479204173013895	1.1055717121358999	0.8782255458616073	0.7789779808890734	0.7131976180584407	0.6254904676175967	0.535475234270415	0.4050685500623183	0.34505839449753034	0.34159627013802335	0.30697502654295344	0.2585052855098555	0.25388911969717953	0.23773253935281355	0.2169597931957716	0.2008032128514056	0.1511794303651387	0.12579051839542077	0.11655818677006877	0.09347735770668883	0.07732077736232286	0.062318238471125886	0.046161658126759916	0.03923740940774593	0.019618704703872964	0.008078290172182985	0.006924248719013987	0.006924248719013987	0.006924248719013987	0.0057702072658449895	0.004616165812675991	0.0011540414531689977	0.0	0.0	0.0	0.0	0.0	0.0	0.0	0.0	0.0	0.0	0.0	0.0	0.0	0.0	0.0	0.0
Sor-ACeb_006-Ex1-1F-lcwgs-1-2-L3-clmp.r2	0.0	0.0	0.0	0.0	0.0	0.0	0.0011540148175502574	0.0011540148175502574	0.0	0.0	0.0	0.0034620444526507724	0.00461605927020103	0.00461605927020103	0.01269416299305283	0.026542340803655917	0.04731460751956055	0.07616497795831698	0.11078542248482472	0.1788722967202899	0.2723474969418607	0.3796708749740347	0.5331548457082189	0.7351074387795139	0.9520622244789624	1.269416299305283	1.5775382555912019	1.842961663627761	2.1845500496226373	2.5619128949615715	2.8977312068686962	3.278556096660281	3.771320423754241	4.111754794931567	4.2617767212131	4.343711773259169	4.421030766035036	4.492579684723152	4.455651210561544	4.328709580631015	4.200613935882937	4.019433609527547	3.7090036236065274	3.507051030535232	3.3662612227941007	3.18392688162116	2.987744362637616	2.6519260507304914	2.389964687146583	2.229556627507097	1.9975996491794954	1.7437163893184389	1.5048353220855355	1.3155768920072934	1.1332425508343527	0.9105176910471531	0.7674198536709211	0.6970249498003555	0.6116278533016364	0.5239227271678168	0.4212154084058439	0.3704387564336326	0.36120663789323054	0.29888983774551664	0.24465114132065455	0.24234311168555406	0.2619613635839084	0.237727052415353	0.1950285041659935	0.15002192628153346	0.12347958547787755	0.12347958547787755	0.10039928912687239	0.0646248297828144	0.04500657788446003	0.04269854824935952	0.03577445934405798	0.02192628153345489	0.01846423708080412	0.01384817781060309	0.011540148175502574	0.00923211854040206	0.006924088905301545	0.005770074087751287	0.0011540148175502574	0.0	0.0	0.0	0.0	0.0	0.0	0.0	0.0	0.0	0.0	0.0011540148175502574	0.0011540148175502574	0.0	0.0	0.0	0.0
Sor-ACeb_007-Ex1-2F-lcwgs-1-2-L2-clmp.r1	0.0	0.0	0.0	0.0	0.0	0.0	0.0	0.0	0.002389257896497348	0.004778515792994696	0.007167773689492044	0.004778515792994696	0.009557031585989391	0.014335547378984088	0.028671094757968175	0.062120705308931046	0.07406699479141778	0.14335547378984087	0.24131504754623218	0.2962679791656711	0.3990060687150571	0.5184689635399244	0.6642136952262627	0.9126965164619869	1.2041859798346635	1.4813398958283557	1.784775648683519	2.107325464710661	2.4203182491518134	2.759592870454437	2.9746260811391982	3.239833707650404	3.722463802742868	4.025899555598031	4.300664213695226	4.5085296506904955	4.463133750657046	4.341281597935681	4.257657571558274	4.343670855832178	4.286328666316242	3.918382950255651	3.626893486882974	3.4715917236106466	3.192048549720457	2.898169828451283	2.7261432599034743	2.575620012424141	2.3629760596358773	2.1121039805036554	1.9424666698523436	1.7393797486500693	1.421608448415922	1.2137430114206527	1.0799445692168013	0.9007502269795001	0.7454484637071725	0.6403211162612893	0.5686433793663688	0.49696564247144837	0.41573087399053854	0.37989200554307834	0.329717589716634	0.26759688440770296	0.2389257896497348	0.20786543699526927	0.15530176327232761	0.1194628948248674	0.12424141061786209	0.10751660534238067	0.09079180006689921	0.09318105796339657	0.0597314474124337	0.023892578964973477	0.03344961055096287	0.03583886844746022	0.02150332106847613	0.014335547378984088	0.009557031585989391	0.007167773689492044	0.004778515792994696	0.004778515792994696	0.002389257896497348	0.002389257896497348	0.004778515792994696	0.002389257896497348	0.0	0.002389257896497348	0.002389257896497348	0.0	0.0	0.0	0.0	0.0	0.0	0.0	0.0	0.0	0.0	0.0	0.0
Sor-ACeb_007-Ex1-2F-lcwgs-1-2-L2-clmp.r2	0.0	0.0	0.0	0.0	0.0	0.0	0.0	0.0	0.0	0.0023936042893388867	0.011968021446694432	0.011968021446694432	0.011968021446694432	0.016755230025372204	0.03829766862942219	0.07180812868016659	0.07659533725884438	0.11010579730958879	0.18670113456843315	0.25850926324859974	0.40691272918761073	0.5720714251519938	0.6893580353295993	0.9095696299487768	1.2087701661161376	1.4457369907606874	1.7186078797453204	2.132701421800948	2.530039733831203	2.790942601369142	3.00876059169898	3.343865192206424	3.774713964287424	4.071520896165446	4.308487720809995	4.4832208339317345	4.442529561012973	4.322849346546029	4.25582842644454	4.21274354923644	4.066733687586768	3.884819761597013	3.693331418449902	3.4707262195413855	3.243333812054191	2.9608885059122025	2.7095600555316195	2.611422279668725	2.4725932308870697	2.0991909617502036	1.876585762841687	1.6970654411412704	1.3882904878165543	1.2111637704054765	1.0771219302024988	0.9239312556848102	0.7444109339843937	0.6462731581214994	0.5840394465986883	0.48590167073579393	0.39733831203025516	0.36382785197951073	0.32553018335008854	0.2632964718272775	0.26569007611661644	0.21781799032983867	0.13404184020297763	0.1077121930202499	0.11728661017760544	0.11728661017760544	0.10053138015223323	0.08616975441619991	0.06223371152281105	0.04069127291876107	0.028723251472066638	0.023936042893388864	0.023936042893388864	0.016755230025372204	0.007180812868016659	0.0047872085786777735	0.0047872085786777735	0.0047872085786777735	0.0023936042893388867	0.0	0.0	0.0	0.0	0.0023936042893388867	0.0023936042893388867	0.0	0.0	0.0	0.0	0.0	0.0	0.0023936042893388867	0.0023936042893388867	0.0	0.0	0.0	0.0
Sor-ACeb_007-Ex1-2F-lcwgs-1-2-L3-clmp.r1	0.0	0.0	0.0	0.0	0.0	0.0	0.0	0.0	0.004425953793042401	0.004425953793042401	0.0022129768965212003	0.006638930689563601	0.006638930689563601	0.008851907586084801	0.019916792068690802	0.026555722758254404	0.046472514826945206	0.10843586792953881	0.18367708241125963	0.27440913516862886	0.3806320262016465	0.531114455165088	0.7679029830928565	1.0002655572275825	1.2282021775692662	1.4517128441179075	1.734973886872621	2.1598654510046917	2.4696822165176595	2.89457378064973	3.3991325130565637	3.5850225723643443	3.7864034699477735	4.051960697530318	4.158183588563336	4.253341595113747	4.264406479596353	4.226785872355492	4.191378242011154	4.277684340975481	4.370629370629371	4.071877489599009	3.6934584402938833	3.4588828892626364	3.191112684783571	2.885721873063645	2.640081437549792	2.4741081703107017	2.332477648933345	2.108966982384704	1.845622731698681	1.6420288572187307	1.4517128441179075	1.2171372930866602	0.9714968575728069	0.805523590333717	0.7457732141276445	0.6771709303354874	0.6085686465433301	0.5289014782685669	0.4514472868903248	0.3894839337877313	0.3009648579268832	0.26113127378950163	0.23236257413472602	0.18367708241125963	0.1681862441356112	0.13056563689475081	0.1040099141364964	0.10179693723997521	0.09073205275736922	0.0730282375851996	0.0420465610339028	0.0420465610339028	0.05532442241303001	0.04868549172346641	0.039833584137381604	0.030981676551296803	0.015490838275648402	0.0022129768965212003	0.0022129768965212003	0.0022129768965212003	0.0	0.0	0.0	0.0	0.0	0.0022129768965212003	0.0022129768965212003	0.0	0.0	0.0	0.0	0.0	0.0	0.0	0.0	0.0	0.0	0.0	0.0
Sor-ACeb_007-Ex1-2F-lcwgs-1-2-L3-clmp.r2	0.0	0.0	0.0	0.0	0.0	0.0	0.0	0.0	0.00221483942414175	0.0044296788482835	0.0044296788482835	0.006644518272425249	0.008859357696567	0.01107419712070875	0.01107419712070875	0.0310077519379845	0.06423034330011074	0.10852713178294572	0.17718715393134	0.23255813953488372	0.33665559246954596	0.5382059800664452	0.7486157253599114	0.9302325581395349	1.1805094130675526	1.4795127353266888	1.787375415282392	2.1727574750830563	2.478405315614618	2.9191583610188263	3.4174972314507195	3.539313399778516	3.7475083056478407	4.095238095238096	4.1638981173864895	4.254706533776301	4.301218161683278	4.25249169435216	4.272425249169435	4.281284606866002	4.30343300110742	4.068660022148395	3.6699889258028793	3.435215946843854	3.2093023255813953	2.9169435215946846	2.697674418604651	2.540420819490587	2.3300110741971207	2.035437430786268	1.7984496124031006	1.5991140642303434	1.4285714285714286	1.2248062015503876	0.9723145071982282	0.8394241417497231	0.7596899224806202	0.655592469545958	0.6068660022148394	0.5514950166112957	0.4983388704318937	0.4230343300110742	0.30564784053156147	0.23920265780730895	0.21262458471760798	0.19712070874861573	0.15503875968992248	0.124031007751938	0.11960132890365448	0.10188261351052048	0.0664451827242525	0.04872646733111849	0.04872646733111849	0.062015503875969	0.05758582502768549	0.035437430786268	0.03322259136212625	0.028792912513842746	0.008859357696567	0.0	0.00221483942414175	0.0044296788482835	0.0044296788482835	0.00221483942414175	0.0	0.0	0.0	0.00221483942414175	0.00221483942414175	0.0	0.0	0.00221483942414175	0.00221483942414175	0.00221483942414175	0.0044296788482835	0.00221483942414175	0.0	0.0	0.0	0.0	0.0
Sor-ACeb_008-Ex1-3F-lcwgs-1-2-L2-clmp.r1	0.0	0.0	0.0	0.0	0.0	0.0015147842947164324	0.0015147842947164324	0.0	0.0030295685894328648	0.0060591371788657295	0.0060591371788657295	0.00984609791565681	0.016662627241880754	0.030295685894328645	0.05453223460979156	0.09618880271449345	0.14693407658749394	0.2196437227338827	0.3415838584585555	0.5051805622879302	0.7127060106640815	0.9300775569558896	1.1376030053320407	1.4557077072224915	1.8344037809015996	2.172958070770722	2.5039384391662627	2.816741396025206	3.1000060591371787	3.4438620940378093	3.8058955404750363	4.0103914202617545	4.145964614638875	4.323194377120698	4.459524963645177	4.532234609791566	4.488305865244789	4.333040475036355	4.188378574890936	4.0103914202617545	3.7884755210857977	3.5074830344158996	3.215129665535628	2.9318650024236548	2.722067377605429	2.5175714978187105	2.2895964614638875	2.094946679592826	1.8934803683955406	1.680653174987882	1.4443468250121183	1.2474248666989822	1.0626211827435772	0.8997818710615609	0.7467886572952012	0.5998545807077071	0.532446679592826	0.47337009209888514	0.3832404265632574	0.3264360155113912	0.28174987881725644	0.2438802714493456	0.20373848763936014	0.18404629180804655	0.15526539020843433	0.12496970431410566	0.11663839069316528	0.09543141056713524	0.07725399903053805	0.07422443044110519	0.0651357246728066	0.04392874454677654	0.028780901599612215	0.020449587978671836	0.020449587978671836	0.01969219583131362	0.01969219583131362	0.01363305865244789	0.0037869607367910806	0.0015147842947164324	0.0015147842947164324	0.0015147842947164324	0.0007573921473582162	0.0	0.0	0.0	0.0	0.0	0.0	0.0	0.0	0.0	0.0	0.0	0.0	0.0	0.0	0.0	0.0	0.0	0.0
Sor-ACeb_008-Ex1-3F-lcwgs-1-2-L2-clmp.r2	0.0	0.0	0.0007576561150425045	0.0007576561150425045	0.0007576561150425045	0.001515312230085009	0.001515312230085009	0.0007576561150425045	0.003030624460170018	0.005303592805297531	0.003030624460170018	0.00833421726546755	0.02197202733623263	0.04318639855742276	0.06137014531844287	0.09622232661039808	0.1492582546633734	0.22653917839770885	0.3417029078841695	0.48338460139711786	0.6508266028215114	0.8811540617944327	1.1258769869531617	1.425151152394951	1.7941296804206506	2.162350552331308	2.5176912702862424	2.791962783931629	3.1162396011698212	3.5041595320715833	3.822375100389435	4.019365690300487	4.169381601078903	4.344400163653721	4.498204355007349	4.579273559316897	4.482293576591457	4.307275014016638	4.208779719061113	4.0640674010879945	3.79358416801782	3.484460473080478	3.209431303320049	2.9306138529844072	2.6927098328610612	2.4729895594987346	2.278271937932811	2.1168911854287575	1.9039898171018137	1.6691164214386374	1.4615186459169913	1.259982119315685	1.0599609049444638	0.9122179625111755	0.7402300243965269	0.5970330186534936	0.5167214704589881	0.4477747639901201	0.38716227478671983	0.330338066158532	0.29624354098161926	0.250784174079069	0.20532480717651871	0.18714106041549863	0.15986544027396846	0.13183216401739578	0.10834482445107815	0.09016107769005804	0.08334217265467549	0.0674313942387829	0.056824208628187836	0.04848999136272029	0.03182155683178519	0.025002651796402646	0.02197202733623263	0.015910778415892595	0.012880153955722578	0.010607185610595062	0.006061248920340036	0.003030624460170018	0.0022729683451275136	0.0007576561150425045	0.0	0.0007576561150425045	0.001515312230085009	0.0007576561150425045	0.0	0.0	0.0	0.0	0.0007576561150425045	0.0007576561150425045	0.0	0.0	0.0	0.0	0.0	0.0	0.0	0.0	0.0
Sor-ACeb_008-Ex1-3F-lcwgs-1-2-L3-clmp.r1	0.0	0.0	0.0008821453775582216	0.0008821453775582216	0.0	0.0	0.0	0.0017642907551164433	0.0035285815102328866	0.004410726887791108	0.009703599153140438	0.013232180663373325	0.01587861679604799	0.023817925194071984	0.04146083274523642	0.08997882851093861	0.15349329569513057	0.20995059985885675	0.33345095271700775	0.5116443189837685	0.7224770642201835	0.9306633733239238	1.1494354269583629	1.4820042342978124	1.798694424841214	2.105681016231475	2.4179604798870855	2.7708186309103744	3.1086803105151732	3.4236062103034577	3.7252999294283695	3.9820042342978126	4.273112208892026	4.522759350741002	4.581863091037404	4.513055751587862	4.377205363443895	4.189308398023995	4.095800988002822	3.9820042342978126	3.8020465772759353	3.525935074100212	3.204834156669019	3.0557515878616797	2.8599153140437545	2.520289343683839	2.2547635850388144	2.0359915314043757	1.8533874382498237	1.6593154551870148	1.429075511644319	1.2147141848976712	1.047106563161609	0.903316866619619	0.7824629498941426	0.6739590684544814	0.5381086803105152	0.4357798165137615	0.37844036697247707	0.32904022582921666	0.29904728299223715	0.27611150317572336	0.24435426958362738	0.1993648553281581	0.15261115031757233	0.13761467889908258	0.11732533521524348	0.08821453775582216	0.0776287932251235	0.06792519407198307	0.056457304163726185	0.04322512350035286	0.034403669724770644	0.030875088214537758	0.025582215949188428	0.02117148906139732	0.01587861679604799	0.01058574453069866	0.007057163020465773	0.007057163020465773	0.008821453775582216	0.00529287226534933	0.0017642907551164433	0.0008821453775582216	0.0	0.0	0.0	0.0	0.0	0.0	0.0	0.0	0.0	0.0	0.0	0.0	0.0	0.0	0.0	0.0	0.0
Sor-ACeb_008-Ex1-3F-lcwgs-1-2-L3-clmp.r2	0.0	0.0	0.0	0.0008822076363893005	0.0008822076363893005	0.0	0.0	0.0	0.0008822076363893005	0.002646622909167902	0.007057661091114404	0.010586491636671608	0.01587973745500741	0.022055190909732514	0.03617051309196132	0.08998517891170865	0.1535041287317383	0.21702307855176795	0.33523890182793425	0.5055049756510692	0.7287035076575622	0.9316112640271015	1.1292257745783048	1.4979885665890325	1.8094078622344554	2.099654174606535	2.4498906062530876	2.7445479568071143	3.0621427059072626	3.4344343284635475	3.729973886653963	3.975227609570189	4.313113134307291	4.549544780859623	4.5583668572235165	4.501905568494601	4.359870139035923	4.170195497212224	4.119909661938034	3.9955183852071428	3.7873173830192677	3.5350059990119274	3.2050603430023292	3.035676476815583	2.8230644364457618	2.494883195708942	2.271684663702449	2.0661302844237417	1.8552826593266993	1.6285552967746488	1.4097678029501024	1.2342084833086315	1.0780577316677253	0.9201425647540405	0.8045733643870422	0.6766532571105935	0.5346178276519162	0.44375044110381817	0.38993577528407086	0.34229656291904864	0.29289293528124777	0.26466229091679017	0.23378502364316467	0.18791022655092102	0.1517397134589597	0.13409556073117368	0.12174465382172348	0.09704284000282307	0.08028089491142636	0.06175453454725104	0.04940362763780084	0.04852142000141153	0.04058155127390783	0.03440609781918272	0.025584021455289718	0.020290775636953914	0.017644152727786012	0.011468699273060908	0.007057661091114404	0.007057661091114404	0.006175453454725105	0.003528830545557202	0.002646622909167902	0.002646622909167902	0.0008822076363893005	0.0	0.0	0.0	0.0	0.0	0.0	0.0	0.0	0.0	0.0	0.0	0.0	0.0	0.0	0.0	0.0
Sor-ACeb_009-Ex1-4F-lcwgs-1-2-L2-clmp.r1	0.0	0.0	0.0	0.0	0.0	0.0	0.0	0.0	0.002348961758902565	0.002348961758902565	0.0	0.002348961758902565	0.00939584703561026	0.021140655830123086	0.03758338814244104	0.07281781452597952	0.10570327915061543	0.18556797895330265	0.2912712581039181	0.39227661373672834	0.5731466691722259	0.8103918068213849	1.042939020952739	1.3107206614676312	1.5972939960537442	1.8932631776754674	2.1892323592971907	2.5345297378558675	2.9784835102884526	3.265056844874566	3.499953020764822	3.748942967208494	3.97444329606314	4.174105045569858	4.305646904068402	4.387860565629992	4.510006577092925	4.554636850512074	4.401954336183407	4.300948980550596	4.004979798928873	3.629145917504463	3.4130414356854275	3.1006295217513857	2.889222963450155	2.722446678568073	2.4217795734285446	2.2878887531710985	2.116414544771211	1.7899088602837545	1.599642957812647	1.4328666729305648	1.1909236117636006	1.0194494033637134	0.8808606595884619	0.7281781452597952	0.5919383632434464	0.5003288546462463	0.44630273419148736	0.3476463403175796	0.2513389082025745	0.24194306116696424	0.24664098468476933	0.1949638259889129	0.16207836136427697	0.14328666729305647	0.10100535563281031	0.07281781452597952	0.06577092924927182	0.0469792351780513	0.02818754110683078	0.021140655830123086	0.021140655830123086	0.030536502865733343	0.03288546462463591	0.021140655830123086	0.007046885276707695	0.002348961758902565	0.00469792351780513	0.007046885276707695	0.00469792351780513	0.002348961758902565	0.0	0.0	0.0	0.0	0.0	0.0	0.0	0.0	0.0	0.0	0.0	0.0	0.0	0.0	0.0	0.0	0.0	0.0	0.0
Sor-ACeb_009-Ex1-4F-lcwgs-1-2-L2-clmp.r2	0.0	0.0	0.0	0.0	0.0	0.0	0.0	0.0	0.0023491824844953956	0.0023491824844953956	0.0	0.0023491824844953956	0.011745912422476978	0.028190189813944746	0.03523773726743094	0.06107874459688029	0.09866566434880662	0.17383950385265928	0.27955271565495204	0.40171020484871267	0.5966923510618305	0.8034204096974253	1.033640293177974	1.3366848336778803	1.620935914301823	1.9004886299567751	2.2129299003946628	2.518323623379064	2.9717158428866757	3.3264423980454803	3.530821274196579	3.7140575079872202	3.9701183987972186	4.181544822401804	4.254369479421161	4.390622063521894	4.482240180417215	4.486938545386206	4.432907348242812	4.308400676564555	3.9489757564367602	3.613042661153919	3.441552339785755	3.1666979890997933	2.9176846457432815	2.680417214809246	2.382071039278331	2.2904529223830106	2.1424544258598006	1.7853786882165008	1.60214245442586	1.4400488629956776	1.1957338846081564	1.0265927457244879	0.8879909791392595	0.7258973877090773	0.5708513437323811	0.48862995677504234	0.44164630708513436	0.35707573764330014	0.2560608908099981	0.23726743093403496	0.24431497838752117	0.213775606089081	0.17853786882165007	0.14564931403871453	0.09631648186431122	0.05872956211238489	0.05872956211238489	0.04933283217440331	0.028190189813944746	0.023491824844953955	0.025841007329449352	0.028190189813944746	0.025841007329449352	0.018793459875963165	0.009396729937981583	0.0023491824844953956	0.004698364968990791	0.0070475474534861865	0.004698364968990791	0.0023491824844953956	0.0	0.0	0.0	0.0023491824844953956	0.0023491824844953956	0.0	0.0	0.0	0.0	0.0	0.0	0.0	0.0	0.0	0.0	0.0	0.0	0.0	0.0
Sor-ACeb_009-Ex1-4F-lcwgs-1-2-L3-clmp.r1	0.0	0.0	0.0	0.0	0.0028433323855558716	0.0028433323855558716	0.0	0.0	0.005686664771111743	0.011373329542223486	0.011373329542223486	0.008529997156667616	0.008529997156667616	0.014216661927779357	0.0398066533977822	0.10520329826556724	0.17628660790446402	0.22177992607335795	0.2587432470855843	0.3810065396644868	0.5942564685811771	0.7705430764856411	0.9439863520045493	1.2539095820301394	1.589422803525732	1.947682684105772	2.2433892522035825	2.5191924936025023	2.959909013363662	3.3124822291725904	3.57406880864373	3.8982087005971	4.253625248791583	4.557861814046062	4.623258458913846	4.4469718510093825	4.330395223201592	4.179698606767131	4.060278646573785	3.960762013079329	3.8640887119704295	3.7731020756326417	3.5712254762581748	3.3295422234859253	2.982655672448109	2.607335797554734	2.3144725618424795	2.1381859539380157	1.8879727040090986	1.6860961046346317	1.6292294569235144	1.4586295137901621	1.1828262723912426	1.0406596531134489	0.9695763434745522	0.8075063974978675	0.6681831106056298	0.5231731589422803	0.39237986920671025	0.3383565538811487	0.29570656809781065	0.26158657947114017	0.22177992607335795	0.17912994029001988	0.13932328689223772	0.11088996303667897	0.0796133067955644	0.05686664771111743	0.05402331532556155	0.03696332101222633	0.0199033266988911	0.01705999431333523	0.02558999147000284	0.028433323855558714	0.011373329542223486	0.0	0.0	0.0	0.005686664771111743	0.011373329542223486	0.008529997156667616	0.0028433323855558716	0.0	0.0	0.0	0.0	0.0	0.0	0.0	0.0	0.0	0.0	0.0	0.0	0.0	0.0	0.0	0.0	0.0	0.0	0.0
Sor-ACeb_009-Ex1-4F-lcwgs-1-2-L3-clmp.r2	0.0	0.0	0.0	0.0	0.0	0.0028451120974166385	0.0028451120974166385	0.0	0.005690224194833277	0.011380448389666554	0.011380448389666554	0.011380448389666554	0.01422556048708319	0.025606008876749742	0.042676681461249574	0.09104358711733243	0.15932627745533173	0.21053829520883122	0.2617503129623307	0.35279390007966316	0.5206555138272448	0.7567998179128258	0.99863434619324	1.3030613406168203	1.6729259132809833	1.9460566746329806	2.2134972117901444	2.5975873449413904	3.0243541595538863	3.288949584613634	3.5108683282121316	3.9177193581427106	4.244907249345625	4.489586889723455	4.603391373620121	4.441219984067373	4.32457038807329	4.185159895299875	4.054284738818709	3.974621600091044	3.8295208831227954	3.721406623420963	3.601911915329464	3.3629224991464666	2.9702970297029703	2.594742232843974	2.350062592466143	2.162285194036645	1.8834642084898146	1.6928416979628997	1.6217138955274837	1.4424718333902355	1.1892568567201547	1.0327756913622397	0.9559576647319904	0.8137020598611586	0.6657562307954934	0.5178104017298282	0.3926254694434961	0.3471036758848299	0.30727210652099696	0.2560600887674974	0.21053829520883122	0.1792420621372482	0.14225560487083191	0.0967338113121657	0.06543757824058268	0.051212017753499484	0.04836690565608285	0.042676681461249574	0.03983156936383293	0.031296233071583024	0.019915784681916467	0.01707067258449983	0.01422556048708319	0.011380448389666554	0.011380448389666554	0.005690224194833277	0.005690224194833277	0.011380448389666554	0.008535336292249915	0.0028451120974166385	0.0	0.0	0.0	0.0	0.0	0.0	0.0	0.0	0.0	0.0	0.0	0.0	0.0	0.0	0.0	0.0	0.0	0.0	0.0
Sor-ACeb_010-Ex1-5F-lcwgs-1-2-L2-clmp.r1	0.0	0.0	0.0	0.0	0.0	0.0	0.0005616526066297474	0.0011233052132594947	0.0016849578198892422	0.0016849578198892422	0.0005616526066297474	0.002808263033148737	0.007301483886186715	0.01628792559226267	0.028644282938117115	0.03819237725082282	0.06122013412264247	0.0960425957336868	0.15220785639666154	0.2398256630309021	0.34092313222425663	0.4521303483369466	0.6099547307999056	0.8323691630252856	1.0884827516484503	1.3878435909821056	1.7242735023533244	2.054525235051616	2.426900913247138	2.811071296181886	3.20141985778956	3.620974354941981	4.027049189535289	4.35730092223358	4.508385473416983	4.6055513743639285	4.6521685407141975	4.581961964885479	4.546577850667806	4.449411949720859	4.243847095694371	4.052885209440257	3.786100221291127	3.522123496175146	3.2379272772204932	2.904305628882424	2.616739494287993	2.4106129876548756	2.219651101400762	1.9197286094604766	1.6726014625433876	1.4771463554362354	1.2530469653909664	1.1103872033070106	0.9682890938296844	0.7537377980971209	0.6352290980982442	0.5745706165822315	0.480212978668434	0.3948417824607124	0.3605809734562978	0.3431697426507756	0.31171719667950976	0.25779854644305406	0.20444154881322807	0.19320849668063309	0.18590701279444638	0.16624917156240523	0.14771463554362355	0.13142670995136088	0.11233052132594946	0.09323433270053806	0.07132988104197792	0.05728856587623423	0.04886377677678802	0.04830212417015827	0.03650741943093358	0.017972883412151915	0.01235635734585444	0.010109746919335453	0.007863136492816463	0.005616526066297474	0.0033699156397784843	0.002808263033148737	0.002808263033148737	0.0022466104265189894	0.0011233052132594947	0.0	0.0005616526066297474	0.0011233052132594947	0.0005616526066297474	0.0	0.0	0.0	0.0	0.0	0.0	0.0	0.0	0.0	0.0
Sor-ACeb_010-Ex1-5F-lcwgs-1-2-L2-clmp.r2	0.0	0.0	0.0	0.0	0.0	0.0	0.0	0.0	0.0011236965120460267	0.0011236965120460267	0.0	0.0028092412801150666	0.006742179072276159	0.01854099244875944	0.029777957569219707	0.03876752966558792	0.059555915138439414	0.08989572096368213	0.14608054656598346	0.23822366055375765	0.337670801869831	0.4494786048184107	0.6185949298813377	0.8292880258899676	1.0933567062207838	1.388327040632866	1.7215030564545128	2.040632865875584	2.405834232290543	2.8266585760517797	3.221076051779935	3.6497662711254946	4.061601042790363	4.341963322545847	4.466693635382956	4.622325602301331	4.685814455231931	4.585243617403812	4.540295756921971	4.452085580726357	4.2380213951815895	4.045869291621719	3.7992179072276158	3.4924487594390508	3.2205142035239125	2.9232964760877382	2.630011686443725	2.3979683567062207	2.1782856886012225	1.9153407047824522	1.6838592233009708	1.4720424307802948	1.2613493347716649	1.1158306364617046	0.9601986695433298	0.7528766630708378	0.6376977705861201	0.5826366414958648	0.4865605897159295	0.3983504135203164	0.3685724559510967	0.3511551600143833	0.30676914778856523	0.252269866954333	0.1983324343761237	0.18765731751168643	0.18540992448759439	0.1730492628550881	0.1556319669183747	0.12416846458108595	0.10394192736425745	0.0893338727076591	0.07247842502696872	0.06067961165048543	0.052251887810140236	0.04607155699388709	0.02921610931319669	0.012922509888529306	0.013484358144552318	0.016293599424667387	0.01179881337648328	0.006742179072276159	0.003932937792161093	0.0033710895361380795	0.003932937792161093	0.0028092412801150666	0.0011236965120460267	0.0	0.0005618482560230133	0.0011236965120460267	0.0005618482560230133	0.0	0.0005618482560230133	0.0005618482560230133	0.0	0.0	0.0	0.0	0.0	0.0	0.0
Sor-ACeb_010-Ex1-5F-lcwgs-1-2-L3-clmp.r1	0.0	0.0	0.0	0.0	0.0	0.0	0.0	0.0	0.0012571974554323503	0.0012571974554323503	0.0018857961831485253	0.0069145860048779265	0.0069145860048779265	0.009428980915742626	0.022629554197782304	0.03457293002438963	0.04777350330642931	0.0886324206079807	0.1540066882904629	0.2149807648789319	0.29104121093258906	0.44819089286163283	0.6505996831862413	0.8781524226194967	1.1075909582359005	1.3508586658620603	1.7104171381157125	2.081290387468256	2.4006185411480727	2.7507480324859825	3.141107842397727	3.551582811596389	3.9589147871564707	4.257499182821654	4.481280329888612	4.627115234718765	4.612657463981293	4.551683387392824	4.538482814110784	4.4819089286163285	4.283271730658017	4.005431093007468	3.7288476528123504	3.479293957909029	3.2259686706394106	2.9915013452012773	2.7507480324859825	2.4829649744788918	2.2032385406451938	1.9140831258957534	1.7248749088531845	1.492921978325916	1.2414824872394459	1.0893615951321314	0.962384652133464	0.8134067536647307	0.6543712755525383	0.5751678358603002	0.5217369440044253	0.45699127504965925	0.3897312111840286	0.3545296824319228	0.3105277714917905	0.2652686630962259	0.2526966885419024	0.21058057378491868	0.1785220386713937	0.16532146538935405	0.15777828065675997	0.14583490483015263	0.10937617862261446	0.0886324206079807	0.07417464987050866	0.060974076588468984	0.04965929948957783	0.038973121118402856	0.03142993638580876	0.019486560559201428	0.011943375826607327	0.006285987277161751	0.004400191094013226	0.004400191094013226	0.0031429936385808754	0.0031429936385808754	0.0025143949108647006	0.0006285987277161751	0.0	0.0	0.0	0.0	0.0	0.0	0.0	0.0	0.0	0.0	0.0	0.0	0.0	0.0	0.0
Sor-ACeb_010-Ex1-5F-lcwgs-1-2-L3-clmp.r2	0.0	0.0	0.0	0.0	0.0	0.0	0.0	0.0006290574203613306	0.0006290574203613306	0.0006290574203613306	0.0025162296814453225	0.0037743445221679836	0.004403401942529314	0.01069397614614262	0.020758894871923908	0.029565698756982537	0.048437421367822454	0.09310049821347692	0.1622968144532233	0.22897690101152435	0.298802274671632	0.4290171606864275	0.6303155352020532	0.8655830104171909	1.1008504856323285	1.371974233808062	1.726133561471491	2.0903578078607015	2.4420009058426855	2.7640783050676863	3.1163504604700316	3.5636102863469374	3.9448190830859042	4.265638367470183	4.5153741633536315	4.605958431885663	4.58079613507121	4.529842484021942	4.502163957526043	4.440516330330633	4.27381611393488	4.029741834834684	3.749811282773892	3.4981883146293593	3.260404609732776	2.9823612299330686	2.7118665391776964	2.4495495948870216	2.19855568416285	1.935609682451814	1.7299079059936593	1.4958985456192442	1.2537114387801318	1.1052538875748579	0.9706355996175331	0.8215489909918978	0.6649136933219264	0.5630063912233908	0.5051331085501485	0.4466307684565447	0.39001560062402496	0.35227215540234513	0.31138342307885863	0.2786724372200694	0.2516229681445323	0.22017009712646574	0.18368476674550854	0.15537718282924864	0.150344723466358	0.1383926324794927	0.11511750792612349	0.09435861305419958	0.076115947863721	0.05535705299179709	0.04214684716420915	0.04277590458457048	0.03585627296059584	0.02138795229228524	0.014468320668310605	0.008806803885058627	0.006290574203613305	0.005032459362890645	0.0025162296814453225	0.0037743445221679836	0.0037743445221679836	0.0006290574203613306	0.0	0.0	0.0006290574203613306	0.0006290574203613306	0.0006290574203613306	0.0006290574203613306	0.0	0.0	0.0	0.0	0.0	0.0	0.0	0.0	0.0
Sor-ACeb_011-Ex1-6F-lcwgs-1-2-L2-clmp.r1	0.0	0.0	0.0	0.0	0.0017593244194229415	0.0017593244194229415	0.0	0.0017593244194229415	0.003518648838845883	0.003518648838845883	0.003518648838845883	0.003518648838845883	0.01055594651653765	0.017593244194229415	0.0422237860661506	0.0844475721323012	0.14602392681210416	0.1864883884588318	0.19704433497536944	0.27621393384940185	0.4134412385643913	0.5964109781843772	0.7705840957072484	0.960591133004926	1.2227304714989444	1.474313863476425	1.6748768472906401	1.87192118226601	2.1657283603096413	2.554539057002111	2.8114004222378606	3.0277973258268824	3.300492610837438	3.5467980295566504	3.650598170302604	3.682266009852217	3.808937368050669	3.779028852920478	3.6101337086558765	3.4992962702322306	3.506333567909923	3.4342012667135817	3.189655172413793	2.88881069669247	2.580928923293455	2.5510204081632653	2.5158339197748067	2.327586206896552	2.1850809289232935	2.042575650950035	1.87192118226601	1.6695988740323717	1.5182969739619987	1.2843068261787474	1.0626319493314567	0.9834623504574245	0.907811400422238	0.8585503166783954	0.7952146375791697	0.8268824771287826	0.9236453201970444	0.8691062631949331	0.8831808585503167	0.9166080225193526	0.9095707248416608	0.9113300492610837	0.874384236453202	0.8391977480647431	0.8092892329345531	0.7301196340605207	0.5911330049261084	0.5154820548909218	0.46446164672765655	0.3377902885292048	0.24806474313863475	0.2375087966220971	0.18824771287825476	0.1442646023926812	0.10028149190710767	0.04398311048557354	0.03342716396903589	0.017593244194229415	0.007037297677691766	0.0017593244194229415	0.0	0.0	0.0	0.0	0.0	0.0	0.0	0.0	0.0	0.0	0.0	0.0	0.0	0.0	0.0	0.0	0.0
Sor-ACeb_011-Ex1-6F-lcwgs-1-2-L2-clmp.r2	0.0	0.0	0.0	0.001758334505556337	0.003516669011112674	0.001758334505556337	0.0	0.0	0.005275003516669011	0.007033338022225348	0.003516669011112674	0.005275003516669011	0.007033338022225348	0.01758334505556337	0.03516669011112674	0.05978337318891546	0.12660008440005627	0.2039668026445351	0.22155014770009845	0.25320016880011254	0.3798002532001688	0.5398086932057955	0.7543255028836686	1.0374173582782389	1.2923758615839076	1.543817695878464	1.731959487972992	1.909551273034182	2.1979181319454213	2.5179350119566744	2.792235194823463	3.0647770431846957	3.332043888029259	3.5043606695737797	3.5817273878182587	3.6256857504571673	3.7751441834294552	3.6608524405682936	3.495568997045998	3.514910676607118	3.553594035729357	3.4533689689126454	3.168518779012519	2.9856519904346603	2.7535518357012236	2.609368406245604	2.532001688001125	2.3473765649177096	2.1926431284287524	1.9886763257842173	1.7618511745674499	1.5719510479673655	1.4523843015895344	1.3486425657617105	1.111267407511605	0.9793923195948797	0.9073006048670699	0.829933886622591	0.8281755521170349	0.8018005345336896	0.8070755380503588	0.8545505697003799	0.8985089323392882	0.8985089323392882	0.8844422562948375	0.9371922914615277	0.9442256294837531	0.8615839077226052	0.7859755239836828	0.7490504993669995	0.6611337740891827	0.5116753411168941	0.4431002954001969	0.42375861583907726	0.318258545505697	0.19341679561119707	0.13011675341116893	0.13011675341116893	0.0949500633000422	0.03516669011112674	0.019341679561119707	0.010550007033338022	0.010550007033338022	0.003516669011112674	0.001758334505556337	0.003516669011112674	0.001758334505556337	0.0	0.0	0.0	0.0	0.0	0.001758334505556337	0.001758334505556337	0.0	0.0	0.0	0.0	0.0	0.0	0.0
Sor-ACeb_011-Ex1-6F-lcwgs-1-2-L3-clmp.r1	0.0	0.0	0.0	0.0	0.002078397140125535	0.00415679428025107	0.002078397140125535	0.0	0.00415679428025107	0.006235191420376606	0.00831358856050214	0.012470382840753212	0.010391985700627675	0.02701916282163196	0.0415679428025107	0.05195992850313838	0.08937107702539801	0.13301741696803424	0.17458535977054496	0.24525086253481318	0.38658186806334954	0.5320696678721369	0.6941846448019288	0.9311219187762398	1.1306480442282911	1.3343309639605936	1.5733466350750303	1.8705574261129818	2.2155713513738204	2.516938936692023	2.776738579207715	2.9367751589973814	3.1820260215321943	3.535353535353535	3.7348796608055865	3.8076235607099806	3.757742029346968	3.6891549237228247	3.751506837926591	3.716174086544457	3.4210416926466305	3.2526915242964622	3.179947624392069	3.0032838674813984	2.8702664505133644	2.6541131479403086	2.525252525252525	2.4753709938895123	2.275844868437461	2.0368291973230246	1.8310678804505967	1.5712682379349048	1.3426445525210957	1.2844494325975806	1.1639023984702996	1.032963378642391	1.0308849815022654	0.9622978758781228	0.943592301616993	0.9477490958972441	0.8604564160119716	0.8750051959928503	0.9768466558590017	0.9103379473749845	0.8209668703495864	0.8625348131520971	0.8895539759737291	0.8521428274514695	0.7752421332668246	0.7170470133433096	0.6172839506172839	0.4946585193498774	0.3928170594837262	0.3138379681589558	0.23901567111443656	0.21615330257305568	0.1891341397514237	0.11431184270690445	0.0706655027642682	0.0415679428025107	0.03325435424200856	0.024940765681506424	0.012470382840753212	0.006235191420376606	0.002078397140125535	0.0	0.0	0.0	0.0	0.0	0.0	0.0	0.0	0.0	0.0	0.0	0.0	0.0	0.0	0.0	0.0
Sor-ACeb_011-Ex1-6F-lcwgs-1-2-L3-clmp.r2	0.0	0.0	0.0	0.0	0.0	0.0	0.0020784835384103756	0.0020784835384103756	0.006235450615231127	0.006235450615231127	0.004156967076820751	0.010392417692051879	0.012470901230462255	0.01454938476887263	0.03117725307615564	0.0602760226139009	0.08729630861323578	0.1371799135350848	0.19953441968739608	0.2639674093781177	0.4032258064516129	0.5196208846025939	0.7108413701363485	0.9768872630528767	1.1286165613568342	1.311523112736947	1.5297638842700367	1.8768706351845694	2.2655470568673097	2.583555038244097	2.843365480545394	2.9950947788493516	3.182158297306285	3.4253408713002997	3.708014632524111	3.7890754905221153	3.668523445294313	3.6560525440638507	3.664366478217493	3.6976222148320588	3.564599268373794	3.2902394413036244	3.15098104423013	3.007565680079814	2.9452111739275026	2.7041070834718988	2.423511805786498	2.4193548387096775	2.2946458264050547	2.0660126371799135	1.8664782174925172	1.610824742268041	1.4092118390422348	1.3406218822746925	1.2013634852011972	1.0246923844363152	0.9685733288992351	0.9394745593614898	0.9166112404389757	0.9062188227469239	0.8771200532091785	0.8688061190555371	0.8397073495177918	0.8043731293648154	0.8771200532091785	0.8812770202859994	0.8272364482873296	0.8625706684403058	0.8147655470568673	0.7087628865979382	0.5986032590621883	0.5009145327569006	0.4364815430661789	0.36581310276022616	0.2681243764549385	0.19537745261057532	0.1704356501496508	0.11223811107416029	0.056119055537080145	0.03533422015297639	0.027020285999334887	0.012470901230462255	0.004156967076820751	0.004156967076820751	0.006235450615231127	0.006235450615231127	0.0020784835384103756	0.0	0.004156967076820751	0.004156967076820751	0.0	0.0	0.0	0.0	0.0020784835384103756	0.0020784835384103756	0.0	0.0	0.0	0.0	0.0
Sor-ACeb_012-Ex1-7F-lcwgs-1-2-L2-clmp.r1	0.0	0.0	0.0	0.0	0.0	0.0003116313276741084	0.0006232626553482169	0.0006232626553482169	0.001558156638370542	0.0034279446044151924	0.003739575932089301	0.00592099522580806	0.010907096468593796	0.014958303728357204	0.026488662852299217	0.05796342694738417	0.10969422734128616	0.16859254827169265	0.25771910798648767	0.3945252608354212	0.5571968138813058	0.790297046981539	1.1037981626216922	1.4356855265946176	1.7597821073756903	2.1081859317153433	2.540418583199332	2.955511511661244	3.306720017949964	3.6292584420926666	3.970183114568141	4.307368211111527	4.564464056442666	4.665120975281403	4.662316293332336	4.690986375478355	4.6595116113832695	4.437006843423956	4.17336674021166	3.977039003776971	3.739887563416975	3.4357353876070453	3.1493461974745394	2.8819665183301546	2.6233125163606448	2.368709721650898	2.0947857846253566	1.8806950625132441	1.6687857596948505	1.480248806452015	1.3188237787168269	1.1249890929035313	0.945801079490919	0.8030739314161773	0.6799795569849045	0.5618712837964175	0.45996783964698407	0.40356256933797047	0.37613901250264886	0.33843162185408177	0.2798449322513494	0.24276080425813049	0.23154207646186256	0.21845356069955	0.20224873166049634	0.17856475075726413	0.15830871445844708	0.13587125886591128	0.11997806115453173	0.11000585866896029	0.09473592361292896	0.08008925121224587	0.0663774727945851	0.05079590641087967	0.038953915959263556	0.03147476409508495	0.022437455592535804	0.015581566383705421	0.010595465140919687	0.007167520536504494	0.004362838587437518	0.003116313276741084	0.0028046819490669755	0.002181419293718759	0.001558156638370542	0.0012465253106964337	0.0003116313276741084	0.0	0.0003116313276741084	0.0006232626553482169	0.0003116313276741084	0.0	0.0	0.0	0.0	0.0	0.0	0.0	0.0	0.0	0.0
Sor-ACeb_012-Ex1-7F-lcwgs-1-2-L2-clmp.r2	0.0	0.0	0.0	0.0	0.0	0.0006228511634859734	0.0009342767452289601	0.0009342767452289601	0.0012457023269719467	0.002179979072200907	0.0031142558174298667	0.0052942348896307745	0.010899895361004535	0.01619413025063531	0.026782600029896856	0.0585480093676815	0.10619612337435845	0.1544670885445214	0.2388634211968708	0.3920848074144202	0.5661717076087498	0.7829239125018687	1.1055608151876026	1.448440380686631	1.755506004285216	2.1220539139967114	2.5670810703074394	2.9809656684438686	3.3088968060192334	3.620945238925706	3.9924759579450892	4.311064328068165	4.548059195774578	4.6495839354227915	4.642421147042702	4.676677961034431	4.637749763316558	4.445911604962878	4.2036225023668345	3.984067467238029	3.7352384274253825	3.446858338731377	3.165018187253974	2.8875379939209727	2.605386416861827	2.3425432258707457	2.0797000348796653	1.8785191090736957	1.683566694902586	1.4798943644426727	1.3042503363396283	1.1295405849818128	0.9657307289850018	0.8034780008969057	0.6757935123822811	0.5599431959738901	0.467449798196223	0.4101474911555135	0.3702850166924112	0.327308286411879	0.2774801933330011	0.2482061886491604	0.23543773979769794	0.2242264188549504	0.20242662813294135	0.1734640490308436	0.1541556629627784	0.1336015745677413	0.11647316757187702	0.10463899546564352	0.08813343963326524	0.07692211869051771	0.06664507449299915	0.05231949773282176	0.04328815586227515	0.032076834919527626	0.022111216303752054	0.01619413025063531	0.01307987443320544	0.009965618615775574	0.0056056604713737605	0.0056056604713737605	0.004359958144401814	0.0015571279087149333	0.0015571279087149333	0.0012457023269719467	0.0	0.0	0.0003114255817429867	0.0006228511634859734	0.0006228511634859734	0.0003114255817429867	0.0	0.0003114255817429867	0.0003114255817429867	0.0	0.0	0.0	0.0	0.0	0.0
Sor-ACeb_012-Ex1-7F-lcwgs-1-2-L3-clmp.r1	0.0	0.0003703484237971083	0.0007406968475942166	0.0003703484237971083	0.0003703484237971083	0.001111045271391325	0.00222209054278265	0.0033331358141739753	0.0033331358141739753	0.0044441810855653	0.005925574780753733	0.007406968475942167	0.009629059018724817	0.01592498222327566	0.027776131784783123	0.04925634036501541	0.09295745437307419	0.16221260962313344	0.2577625029627874	0.40516117563403653	0.598483052856127	0.8121740933870586	1.097712728134629	1.4191751599905191	1.8054485660109032	2.1957958046930552	2.5391087935529746	2.9376036975586635	3.286842261199336	3.590898317136762	3.9093979616022754	4.218638895472861	4.491956032235127	4.688240696847594	4.803789405072292	4.739348779331595	4.556026309552027	4.3775183692818205	4.154568618155961	3.972727542071581	3.7249644465513154	3.4449810381607016	3.1805522635695667	2.875014813936952	2.612067433041005	2.3835624555581894	2.1557981749229675	1.9143310026072529	1.6973068262621474	1.493244844749941	1.3239956150746623	1.1380807063285139	0.9325373311211187	0.7943973690447973	0.7029213083669116	0.5744104053093151	0.465157620289168	0.4196047641621238	0.3629414553211662	0.30961128229438256	0.2807241052382081	0.23813403650154064	0.20850616259777197	0.19258118037449634	0.17628584972742356	0.17036027494666983	0.16258295804693054	0.1418434463142925	0.11480801137710359	0.105919649205973	0.09184640910168286	0.0755510784546101	0.06407027731689974	0.04999703721260962	0.038145887651102155	0.031109267598957095	0.029257525479971555	0.025924389665797583	0.0177767243422612	0.01111045271391325	0.0088883621711306	0.005555226356956625	0.00222209054278265	0.001111045271391325	0.001111045271391325	0.0007406968475942166	0.0007406968475942166	0.0007406968475942166	0.0003703484237971083	0.0	0.0003703484237971083	0.0003703484237971083	0.0	0.0	0.0	0.0	0.0	0.0	0.0	0.0	0.0
Sor-ACeb_012-Ex1-7F-lcwgs-1-2-L3-clmp.r2	0.0	0.0003705021044519533	0.0007410042089039066	0.0003705021044519533	0.0003705021044519533	0.0007410042089039066	0.0007410042089039066	0.0007410042089039066	0.0014820084178078132	0.0037050210445195328	0.005187029462327346	0.005928033671231253	0.0077805441934910196	0.012597071551366412	0.029269666251704306	0.057798328294504715	0.09929456399312347	0.1596864070187919	0.26527950678759854	0.4134803485683799	0.5876163376607979	0.785464461438141	1.0985387397000415	1.451627245242753	1.8054567549943685	2.192260952042208	2.581288161716759	2.982171438733772	3.323403876934021	3.61721204576442	3.893606615685577	4.196306835022822	4.504564585926848	4.700189697077479	4.745390953820618	4.701301203390836	4.563103918430256	4.367849309384077	4.143695536190646	3.9484409271444663	3.7105785760863124	3.453079613492205	3.1807605667200187	2.8725028158159938	2.6238959037287333	2.3889975695061945	2.1440956784634535	1.888819728496058	1.6961586341810422	1.5097960756417097	1.3293615507736085	1.1455925069654396	0.9366293200545378	0.7776839172446499	0.6883929100717292	0.5820588060940186	0.4660916474005572	0.4190378801351592	0.3664265813029818	0.3134447803663525	0.28676862884581183	0.24156737210267354	0.2078516805975458	0.1934020985239196	0.17895251645029345	0.17154247436125436	0.15894540280988798	0.13893828916948248	0.11337364396229771	0.10040607030647934	0.09373703242634418	0.08002845456162191	0.06335585986128402	0.04779477147430197	0.03630920623629142	0.031122176773964078	0.028899164147252358	0.02260062837156915	0.015190586282530085	0.012597071551366412	0.011485565238010552	0.006669037880135158	0.002593514731163673	0.0011115063133558599	0.0007410042089039066	0.0007410042089039066	0.0007410042089039066	0.0011115063133558599	0.0007410042089039066	0.0	0.0007410042089039066	0.0007410042089039066	0.0	0.0	0.0003705021044519533	0.0003705021044519533	0.0	0.0	0.0	0.0	0.0
Sor-ACeb_013-Ex1-8F-lcwgs-1-2-L2-clmp.r1	0.0	0.0	0.0	0.0	0.0	0.0	0.0008659808098652533	0.0008659808098652533	0.0008659808098652533	0.0034639232394610133	0.0034639232394610133	0.004329904049326267	0.008659808098652534	0.0129897121479788	0.0259794242959576	0.0519588485919152	0.07274238802868128	0.11430946690221344	0.2208251065156396	0.3533201704250234	0.4364543281720877	0.5524957566940316	0.7707229207800755	1.0019397970140982	1.2444144237763692	1.4773632616301222	1.7648688905053864	2.057570404239842	2.2991790501922478	2.6334476428002356	2.9001697322387336	3.111469049845855	3.426686064636807	3.591222418511206	3.6561709792511	3.63971734386366	3.5219439537219857	3.506356299144411	3.4829748172780493	3.264747653192005	3.069901970972323	2.9460667151615922	2.7867262461463853	2.744293186462988	2.651633239807406	2.3797152655097165	2.2013232186774743	2.1961273338182825	2.042848730472133	1.848869029062316	1.7562090824067338	1.6193841144480237	1.402022931171845	1.2695278672624615	1.1863937095153971	1.048702760746822	0.9421871211333958	0.8997540614499983	0.9092798503585161	0.8876303301118847	0.9240015241262254	0.9958779313450414	1.0192594132114032	1.0218573556409989	1.0712182618033184	1.1404967265925388	1.1223111295853685	1.0461048183172261	0.9984758737746371	0.9378572170840694	0.8218157885621256	0.6988465135612595	0.5646194880321452	0.4529079635595275	0.3437943815165056	0.26152620457930653	0.20696941355779555	0.1376909487685753	0.08833004260625585	0.05715473345110672	0.03637119401434064	0.02251550105649659	0.013855692957844053	0.006061865669056774	0.0025979424295957602	0.0034639232394610133	0.0008659808098652533	0.0	0.0	0.0	0.0	0.0	0.0	0.0	0.0	0.0	0.0	0.0	0.0	0.0	0.0
Sor-ACeb_013-Ex1-8F-lcwgs-1-2-L2-clmp.r2	0.0	0.0	0.0	0.0	0.0	0.0	0.0008660108078148816	0.0008660108078148816	0.0	0.0017320216156297631	0.004330054039074408	0.0034640432312595263	0.0017320216156297631	0.009526118885963697	0.025114313426631563	0.047630594429818485	0.07274490785645005	0.10911736178467507	0.21823472356935014	0.3524663987806568	0.43387141471525564	0.5672370791187474	0.7820077594568381	1.0210267424137454	1.2600457253706527	1.505126783982264	1.7874463073299156	2.0879520576416795	2.3347651378689207	2.5988984342524595	2.902868227795483	3.1687335457946517	3.4458570042954135	3.5567063876957183	3.625121241513094	3.6485035333240963	3.566232506581682	3.5567063876957183	3.4458570042954135	3.2120340861853953	3.026707773313011	2.902868227795483	2.799812941665512	2.7288000554246916	2.5954343910212	2.37719966745185	2.2308438409311346	2.2100595815435775	2.075827906332271	1.8783774421504782	1.7874463073299156	1.6038520160731606	1.3440487737286961	1.2306013579049466	1.1474643203547181	1.0175626991824858	0.9569419426354441	0.8963211860884024	0.87640293750866	0.9171054454759596	0.9569419426354441	1.0331508937231537	1.0435430234169323	1.052203131495081	1.1084938340030484	1.1128238880421228	1.0981017043092698	1.0781834557295276	0.9915823749480394	0.87813495912429	0.7733476513786892	0.6711583760565332	0.584557295275045	0.4511916308715533	0.32562006373839547	0.2667313288069835	0.212172647914646	0.14289178328945545	0.09179714562837744	0.05715671331578218	0.03983649715948455	0.029444367465705973	0.014722183732852986	0.006062075654704171	0.006062075654704171	0.0069280864625190525	0.0017320216156297631	0.0	0.0	0.0	0.0008660108078148816	0.0008660108078148816	0.0	0.0	0.0008660108078148816	0.0017320216156297631	0.0017320216156297631	0.0008660108078148816	0.0	0.0	0.0
Sor-ACeb_013-Ex1-8F-lcwgs-1-2-L3-clmp.r1	0.0	0.0	0.0	0.0010532968190436064	0.0021065936380872128	0.0010532968190436064	0.0	0.0	0.0031598904571308196	0.0031598904571308196	0.0021065936380872128	0.0031598904571308196	0.0042131872761744255	0.009479671371392459	0.02106593638087213	0.03581209184748262	0.0821571518854013	0.14219507057088687	0.18011375605645671	0.2875500315989046	0.3949863071413524	0.5308615967979777	0.7425742574257426	0.9427006530440278	1.1954918896144935	1.4914682957657468	1.7874447019170001	2.08236781124921	2.3572782810195916	2.561617863914051	2.8797135032652204	3.1999157362544763	3.3663366336633667	3.5243311565199074	3.702338318938277	3.8424267958710763	3.739203707604803	3.509585001053297	3.429534442805983	3.429534442805983	3.275753107225616	3.088266273435854	2.919738782388877	2.710132715399199	2.5574046766378764	2.4078365283336844	2.2372024436486204	2.160311775858437	2.0792079207920793	1.9359595534021488	1.8211502001263955	1.6094375394986309	1.3829787234042552	1.24710343374763	1.1333473772909206	0.9879924162629028	0.8773962502633242	0.8615967979776701	0.8563303138824521	0.8784495470823679	0.9311143880345482	0.9479671371392459	1.012218243100906	1.083842426795871	1.087002317253002	1.0606698967769117	1.0132715399199494	0.9890457130819464	0.9427006530440278	0.8816094375394986	0.7825995365493996	0.6330313882452074	0.5371813777122393	0.4508110385506635	0.32546871708447445	0.25068464293237835	0.2001263956182852	0.1316621023804508	0.0821571518854013	0.053718137771223924	0.03475879502843901	0.023172530018959345	0.016852749104697702	0.008426374552348851	0.0042131872761744255	0.0	0.0	0.0	0.0	0.0	0.0	0.0	0.0	0.0	0.0	0.0	0.0	0.0	0.0	0.0	0.0
Sor-ACeb_013-Ex1-8F-lcwgs-1-2-L3-clmp.r2	0.0	0.0	0.0010536075522589346	0.0010536075522589346	0.0	0.002107215104517869	0.002107215104517869	0.0010536075522589346	0.0010536075522589346	0.002107215104517869	0.004214430209035738	0.008428860418071477	0.009482467970330411	0.01158968307484828	0.017911328388401888	0.03160822656776804	0.07269892110586648	0.12643290627107215	0.18016689143627782	0.27920600134861767	0.4203894133513149	0.5520903573836817	0.7122387053270398	0.9387643290627107	1.223238368172623	1.527730950775455	1.7774359406608227	2.0418914362778153	2.3590273095077543	2.6045178691840865	2.8900455158462575	3.1608226567768036	3.318863789615644	3.512727579231288	3.6971089008766014	3.7993088334457177	3.7740222521915037	3.6075522589345916	3.531692515171949	3.42211732973702	3.169251517194875	3.047033041132839	2.930082602832097	2.688806473364801	2.5023179366149697	2.369563385030344	2.2157366824005393	2.1683243425488876	2.1314480782198246	1.966031692515172	1.806936952124073	1.6404669588671612	1.3949763991908293	1.2337744436952123	1.142110586648685	1.0051416048550235	0.9071561024949427	0.854475724881996	0.8481540795684424	0.9061024949426838	0.9377107215104519	0.9313890761968981	0.9766942009440325	1.044125084288604	1.0241065407956844	1.0072488199595413	1.0388570465273095	1.063090020229265	1.0009271746459878	0.8987272420768713	0.8049561699258261	0.6247892784895482	0.5120532703978422	0.4277646662171275	0.3287255563047876	0.26445549561699255	0.17805967633175995	0.1306473364801079	0.09693189480782198	0.0547875927174646	0.033715441672285906	0.0273937963587323	0.016857720836142953	0.007375252865812542	0.002107215104517869	0.002107215104517869	0.002107215104517869	0.0	0.0	0.002107215104517869	0.002107215104517869	0.0010536075522589346	0.0010536075522589346	0.0	0.0	0.002107215104517869	0.002107215104517869	0.0	0.0	0.0	0.0
Sor-ACeb_014-Ex1-9F-lcwgs-1-2-L2-clmp.r1	0.0	0.0	0.0	0.0	0.0	0.0	0.0	0.0	0.0	0.0011420740063956144	0.0011420740063956144	0.006852444038373686	0.01027866605756053	0.01027866605756053	0.02055733211512106	0.05139333028780265	0.10507080858839653	0.16217450890817725	0.21242576518958428	0.31863864778437645	0.4899497487437186	0.6726815897670169	0.8919597989949748	1.1706258565555048	1.472133394243947	1.7816354499771585	2.158519872087711	2.4623115577889445	2.7295568752855184	3.0973047053449063	3.4650525354042943	3.7562814070351758	3.9972590223846507	4.1765646413887625	4.29419826404751	4.444952032891732	4.470077661032435	4.320465966194609	4.184559159433531	3.960712654179991	3.7288716308816814	3.566697121973504	3.309730470534491	3.050479671082686	2.8323435358611238	2.550251256281407	2.256738236637734	2.0808588396528096	1.9986295111923253	1.8307446322521699	1.63544997715852	1.4321608040201006	1.1649154865235267	0.9730470534490635	0.8508451347647328	0.7469164001827319	0.6361352215623572	0.5493375970762906	0.5025125628140703	0.47510278666057565	0.444266788487894	0.4202832343535861	0.38830516217450894	0.37345820009136593	0.3780264961169484	0.3860210141617177	0.38830516217450894	0.38259479214253084	0.3437642759250799	0.26610324349017817	0.2295568752855185	0.21014161717679306	0.174737322978529	0.13476473275468248	0.1027866605756053	0.08222932846048424	0.0719506624029237	0.05824577432617633	0.0319780721790772	0.021699406121516676	0.017131110095934217	0.009136592051164915	0.0079945180447693	0.0045682960255824575	0.0022841480127912287	0.0011420740063956144	0.0	0.0	0.0	0.0	0.0	0.0	0.0	0.0	0.0	0.0	0.0	0.0	0.0	0.0	0.0
Sor-ACeb_014-Ex1-9F-lcwgs-1-2-L2-clmp.r2	0.0	0.0	0.0	0.0	0.0	0.0	0.0	0.0	0.0011417089098963327	0.0022834178197926654	0.0011417089098963327	0.0034251267296889986	0.00799196236927433	0.011417089098963329	0.019409051468237657	0.05251860985523131	0.10389551080056628	0.1701146275745536	0.24090057998812625	0.3322372927798329	0.4932182490752158	0.6884504726674887	0.8939580764488286	1.1405672009864365	1.4237110106407271	1.7411060875919075	2.147554459515002	2.4569575740969083	2.7172672055532723	3.124857286386263	3.514180024660912	3.8532675709001234	4.109010366716902	4.177512901310681	4.211764168607572	4.365894871443577	4.422980316938394	4.285975247750833	4.177512901310681	3.986847513357994	3.7653559848381057	3.5758323057953145	3.2333196328264147	2.9924190528382884	2.8245878430835276	2.546010869068822	2.274284148513495	2.067634835822259	2.000274010138375	1.8952367904279126	1.6657532995387498	1.4305612641001049	1.1542677079051924	0.9544686486733343	0.8654153537014203	0.7660866785404393	0.6496323697310135	0.5571539480294104	0.5331780609215875	0.5034936292642828	0.45211672831894784	0.4098734986527835	0.3653468511668265	0.3573548887975522	0.35507147097775954	0.37790564917568614	0.4121569164725762	0.38703932045485684	0.32196191259076584	0.2637347581860529	0.21464127506051056	0.19751564141206557	0.18952367904279127	0.1495638671964196	0.11759601771932228	0.09476183952139564	0.06165228113440197	0.03995981184637165	0.030826140567200986	0.021692469288030324	0.014842215828652326	0.009133671279170662	0.006850253459377997	0.006850253459377997	0.004566835639585331	0.0011417089098963327	0.0	0.0	0.0	0.0011417089098963327	0.0011417089098963327	0.0	0.0	0.0	0.0	0.0	0.0	0.0	0.0	0.0	0.0
Sor-ACeb_014-Ex1-9F-lcwgs-1-2-L3-clmp.r1	0.0	0.0	0.0	0.0	0.0	0.0	0.0	0.0	0.003549791745550928	0.00473305566073457	0.00473305566073457	0.008282847406285498	0.008282847406285498	0.014199166982203712	0.029581597879591064	0.047330556607345704	0.08401173797803863	0.13252555850056796	0.20943771298750474	0.34432979931844	0.46502271866717154	0.6578947368421052	0.896914047709201	1.1465827338129497	1.4341158652025747	1.758330177962893	2.154723589549413	2.465921999242711	2.7167739492616434	3.0599204846648997	3.452764104505869	3.75212987504733	4.130774327906097	4.3733434305187435	4.303530859522908	4.318913290420295	4.457355168496782	4.4656380159030675	4.2550170390003785	3.9816830745929574	3.737930708065127	3.4811624384702764	3.193629307080651	2.906096175691026	2.7132241575160925	2.5274517228322604	2.291982203710716	2.1334248390761075	2.029297614539947	1.821043165467626	1.5903067020068156	1.3714028776978417	1.152499053388868	0.9974914804998106	0.8436671715259372	0.7419064748201438	0.6543449450965544	0.5868989019310867	0.5502177205603938	0.486321469140477	0.44727375993941687	0.44135744036349867	0.40467625899280574	0.4023097311624385	0.407042786823173	0.3952101476713366	0.3928436198409694	0.3703616054524801	0.3360469519121545	0.31948125709958347	0.2910829231351761	0.2307364634608103	0.17630632336236274	0.12069291934873154	0.09229458538432413	0.07454562665656948	0.047330556607345704	0.028398333964407423	0.024848542218856493	0.01893222264293828	0.010649375236652783	0.007099583491101856	0.0011832639151836426	0.002366527830367285	0.002366527830367285	0.003549791745550928	0.002366527830367285	0.0	0.0	0.0	0.0	0.0	0.0	0.0	0.0	0.0	0.0	0.0	0.0	0.0	0.0
Sor-ACeb_014-Ex1-9F-lcwgs-1-2-L3-clmp.r2	0.0	0.0	0.0	0.0	0.0	0.0	0.0011833759348669885	0.0035501278046009654	0.0035501278046009654	0.0011833759348669885	0.0	0.0035501278046009654	0.00828363154406892	0.01656726308813784	0.030767774306541706	0.053251917069014484	0.08046956357095522	0.1136040897472309	0.21182429234119096	0.34791252485089463	0.46388336646785955	0.6307393732841049	0.8520306731042318	1.1171068825144372	1.4046672346871154	1.7241787371012025	2.1052257881283727	2.4768058316766073	2.760816056044684	3.1276625958534505	3.5087096468806207	3.734734450440216	4.064896336268106	4.358373568115119	4.393874846161128	4.348906560636183	4.432926252011739	4.461327274448547	4.243586102433021	3.9856101486320177	3.7560352172678217	3.488592255987882	3.1690807535737955	2.879153649531383	2.6732462368645273	2.504023478178548	2.324150336078765	2.138360314304648	2.0200227208179498	1.853166714001704	1.6176749029631732	1.3608823250970368	1.134857521537442	0.9928524093534034	0.8555808009088327	0.7502603427056708	0.6638738994603806	0.5703872006058884	0.517135283536874	0.5076682760579381	0.48400075736059833	0.4342989680961848	0.41654832907318	0.4342989680961848	0.412998201268579	0.3834138028969043	0.35501278046009654	0.35737953232983055	0.34672914891602763	0.32542838208842184	0.308861119000284	0.2473255703872006	0.18223989396951623	0.12780460096563476	0.10177033039856101	0.0733693079617533	0.0520685411341475	0.04023478178547761	0.02366751869733977	0.013017135283536875	0.010650383413802898	0.00828363154406892	0.0035501278046009654	0.0011833759348669885	0.0011833759348669885	0.002366751869733977	0.0011833759348669885	0.0	0.0	0.0	0.0	0.0	0.0	0.0011833759348669885	0.0011833759348669885	0.0	0.0	0.0	0.0	0.0	0.0
Sor-ACeb_015-Ex1-10F-lcwgs-1-2-L2-clmp.r1	0.0	0.0	0.0	0.0	0.0	0.0	0.0007237461098646595	0.0007237461098646595	0.001447492219729319	0.002894984439458638	0.0036187305493232975	0.002894984439458638	0.004342476659187957	0.013027429977563872	0.02533111384526308	0.0376347977129623	0.07454584931605993	0.1375117608742853	0.20409640298183399	0.3133820655713976	0.45306506477527686	0.6180791778244192	0.8149381197076067	1.0472606209741622	1.343272779908808	1.7044220887312729	2.078598827531302	2.4093507997394514	2.87978577115148	3.3118621987406818	3.5868857204892524	3.8959253094014623	4.264312079322574	4.527031917203446	4.658753709198813	4.759354418470001	4.708692190779475	4.615328942606933	4.485778388941159	4.245494680466092	3.971194904827387	3.696171383078816	3.4182528768907865	3.1374393862632988	2.880509517261345	2.661938192082218	2.3471086342910907	2.0322790764999636	1.8187739740898892	1.6378374466237244	1.5075631468480857	1.3121516971846277	1.0516030976333504	0.8996164145617717	0.7729608453354563	0.6144604472750959	0.5283346602012015	0.4755011941810812	0.4139827748425852	0.3408844177462546	0.308315842802345	0.3133820655713976	0.30469711225302165	0.2663385684301947	0.24607367735398422	0.2554823767822248	0.23955996236520227	0.2192950712889918	0.20047767243251066	0.17442281247738292	0.15126293696171383	0.12593182311645074	0.09698197872186437	0.08323080263443583	0.08612578707389447	0.06296591155822537	0.034016067163638995	0.031121082724180356	0.020988637186075125	0.007961207208511255	0.009408699428240574	0.007237461098646595	0.002894984439458638	0.0021712383295939787	0.0007237461098646595	0.0	0.0	0.0	0.0	0.0	0.0	0.0	0.0	0.0	0.0	0.0	0.0	0.0	0.0	0.0	0.0
Sor-ACeb_015-Ex1-10F-lcwgs-1-2-L2-clmp.r2	0.0	0.0	0.0	0.0	0.0	0.0	0.0014473036732567228	0.0014473036732567228	0.0007236518366283614	0.0014473036732567228	0.0028946073465134455	0.003618259183141807	0.005789214693026891	0.013749384895938866	0.02677511795524937	0.048484673054100216	0.07743074651923466	0.12229716039019306	0.20624077343908298	0.31840680811647903	0.45083509421946916	0.6252351868469042	0.8394361304888992	1.0840304512692853	1.3828986597967985	1.7447245781109793	2.0956957188757346	2.4343647784178075	2.84395171794946	3.2788664717631053	3.636350479057516	3.9439025096245697	4.289084435696298	4.524994934437144	4.677685471965728	4.7768257735838136	4.650910354010478	4.53512606014994	4.4569716617940776	4.231192288766029	3.964888412886792	3.7210177439430345	3.406229195009697	3.1066373346455554	2.8823052652907633	2.6384345963470053	2.307002055171216	2.0160940168466146	1.8293918429964977	1.657886357715576	1.5088140793701335	1.297507743074652	1.0601499406605495	0.8908154108895129	0.7468086954004689	0.6230642313370192	0.5456334848177845	0.4833994268677454	0.42984919095724666	0.35458939994789707	0.31840680811647903	0.3162358526065939	0.29524994934437143	0.27643500159203405	0.24459432078038612	0.22795032853793382	0.22143746200827857	0.22143746200827857	0.2120299881321099	0.1794656554838336	0.14834862650881409	0.12084985671693635	0.09914030161808551	0.07815439835586302	0.06078675427678235	0.0448664138709584	0.036182591831418066	0.028222421628506092	0.020262251425594117	0.015196688569195588	0.007960170202911974	0.007960170202911974	0.006512866529655253	0.0028946073465134455	0.0007236518366283614	0.0	0.0	0.0	0.0	0.0	0.0	0.0	0.0	0.0	0.0014473036732567228	0.0014473036732567228	0.0	0.0007236518366283614	0.0007236518366283614	0.0	0.0
Sor-ACeb_015-Ex1-10F-lcwgs-1-2-L3-clmp.r1	0.0	0.0	0.0	0.0	0.0	0.0017521419935871603	0.0026282129903807405	0.0008760709967935801	0.0008760709967935801	0.004380354983967901	0.005256425980761481	0.006132496977555061	0.008760709967935801	0.018397490932665184	0.035042839871743205	0.04993604681723406	0.07008567974348641	0.10863280360240393	0.1909834773010005	0.31538555884568886	0.45380477633907457	0.6027368457939832	0.818250311005204	1.081071610043278	1.399961452876141	1.7950694724300456	2.1332328771923676	2.4696441399611024	2.8305853906400573	3.1389623815113974	3.5323182590717153	3.9975119583691066	4.30676502023724	4.508261349499763	4.646680566993149	4.697492684807177	4.634415573038039	4.4548210186953545	4.321658227182731	4.195504003644455	4.003644455346661	3.7259299493630964	3.3982793965622973	3.1424666654985725	2.8971667863963697	2.63784977134547	2.4205841641406622	2.226096402852487	1.9860529497310462	1.7179752247122106	1.5138506824593065	1.2939568622641178	1.0609219771170255	0.8751949257967866	0.711369649396387	0.6027368457939832	0.5361554500376711	0.465193699297391	0.40562087151542764	0.37758659961803304	0.34780018572705135	0.31363341685210167	0.3013684228969916	0.26807772501883553	0.2339109561438859	0.23478702714067948	0.23566309813747308	0.21901774919839503	0.18660312231703258	0.15769277942284443	0.14805599845811507	0.13053457852224346	0.1016242356280553	0.07271389273386716	0.054316401801201966	0.04730783382685333	0.035042839871743205	0.027158200900600983	0.021901774919839502	0.012264993955110121	0.006132496977555061	0.005256425980761481	0.0026282129903807405	0.0	0.0	0.0	0.0	0.0	0.0	0.0	0.0	0.0	0.0	0.0	0.0	0.0	0.0	0.0	0.0	0.0	0.0
Sor-ACeb_015-Ex1-10F-lcwgs-1-2-L3-clmp.r2	0.0	0.0	0.0	0.0	0.0	0.0008765010079761591	0.0017530020159523183	0.0008765010079761591	0.0026295030239284773	0.0035060040319046365	0.0008765010079761591	0.0035060040319046365	0.01139451310369007	0.019283022175475503	0.025418529231308613	0.03944254535892716	0.06749057761416426	0.11920413708475765	0.19195372074677886	0.297133841703918	0.4452625120518888	0.6258217196949777	0.825663949513542	1.067578227714962	1.3883775966342362	1.734595494784819	2.1018494171268296	2.5085458848277673	2.8442457708826367	3.166798141817863	3.612937154877728	3.9766850731878343	4.293978438075204	4.550793233412218	4.669120869488999	4.74888246121483	4.628801823122097	4.428959593303532	4.309755456218775	4.18529231308616	3.974932071171882	3.7146112718029625	3.4236129371548776	3.12647909545096	2.8705408011219213	2.6312560259444298	2.4375493031816986	2.2289420632833727	1.965991760890525	1.729336488736962	1.5251117538785168	1.2770619686212639	1.0579367166272242	0.8747480059602069	0.6933122973091419	0.6179332106231922	0.5697256551845035	0.46892803926724513	0.4198439828205803	0.39179595056534317	0.34884740117451135	0.32342887194320274	0.2883688316241564	0.2506792882811815	0.23139626610570604	0.23051976509772987	0.23051976509772987	0.20510123586642126	0.16478218949951792	0.1612761854676133	0.15601717941975635	0.12183364010868612	0.10079761591725832	0.07625558769392585	0.05083705846261723	0.04470155140678412	0.03768954334297484	0.021912525199403978	0.01139451310369007	0.013147515119642388	0.013147515119642388	0.007012008063809273	0.0008765010079761591	0.0008765010079761591	0.0017530020159523183	0.0008765010079761591	0.0	0.0	0.0	0.0	0.0	0.0008765010079761591	0.0008765010079761591	0.0008765010079761591	0.0017530020159523183	0.0008765010079761591	0.0008765010079761591	0.0008765010079761591	0.0	0.0	0.0
Sor-ACeb_016-Ex1-11F-lcwgs-1-2-L2-clmp.r1	0.0	9.625269026269283e-05	9.625269026269283e-05	0.0	9.625269026269283e-05	0.00019250538052538566	0.0003850107610507713	0.0008662742123642356	0.0012512849734150069	0.0013475376636776998	0.0013475376636776998	0.0020213064955165497	0.004331371061821178	0.0069301936989138845	0.009914027097057363	0.016170451964132398	0.03185964047695133	0.0538052538568453	0.08489487281169508	0.1306149006864742	0.19856930001193535	0.2928006837791116	0.4061863529085638	0.5614419423022874	0.7574124196771299	1.001220484112531	1.2658191296446737	1.550245829370931	1.8952154712724223	2.247500317633878	2.6204794924018127	3.0363873670269084	3.4486376394220217	3.7501010653247757	3.9966042050875323	4.226070618673792	4.379016143501211	4.474980075693115	4.497791963285374	4.467376113162363	4.370160895997043	4.246764947080271	4.079189013332923	3.8494338416758747	3.632480277823765	3.4223606549803067	3.177493810952016	2.9238679721098206	2.6997917091782715	2.4606037738754796	2.2153519190861384	1.9366041280853799	1.6509261433857076	1.4269461331444215	1.234344499928773	1.0545444745180628	0.9012139389295931	0.7778179900128208	0.6692449553965033	0.577227383505369	0.4871348654194885	0.41475284234194343	0.3655677176177074	0.31522756061031904	0.26979629080632805	0.23437530078965707	0.19760677310930844	0.17027100907470366	0.14880665914612312	0.125032244651238	0.10366414741292018	0.0887449804222028	0.07459583495358696	0.058329130299191866	0.04523876442346564	0.03599850615824712	0.03108961895484979	0.027528269415130157	0.02136809723831781	0.014149145468615848	0.011742828212048527	0.010106532477582749	0.006641435628125805	0.0050051398936600275	0.0040426129910330994	0.002406317256567321	0.0013475376636776998	0.0008662742123642356	0.0005775161415761571	0.0003850107610507713	0.0003850107610507713	0.0003850107610507713	0.00028875807078807854	9.625269026269283e-05	0.0	0.0	0.0	0.0	0.0	0.0	0.0
Sor-ACeb_016-Ex1-11F-lcwgs-1-2-L2-clmp.r2	0.0	0.0	9.628141903406628e-05	9.628141903406628e-05	9.628141903406628e-05	0.00019256283806813257	0.0005776885142043977	0.0009628141903406629	0.0010590956093747292	0.0010590956093747292	0.0009628141903406629	0.0018293469616472594	0.003947538180396718	0.0066434179133505735	0.011072363188917625	0.0168492483309616	0.029076988548288017	0.04977749364061228	0.08097267340764974	0.12689891028689937	0.1973769090198359	0.2902884783877099	0.40004929608654544	0.5584322303975845	0.7644744671304864	1.002097009306562	1.2544506085948497	1.5413692373163674	1.8918336026003686	2.2669460111570907	2.64600595789421	3.0503879178372886	3.4617021399508197	3.7597894132802887	3.9951012013995464	4.214237711121081	4.378204967736096	4.4891211624633405	4.505777847956234	4.462740053648007	4.358563558253147	4.234841934794372	4.07925116163532	3.8521232941339587	3.6277875877845838	3.4130800233386163	3.172569038591518	2.9205042835603328	2.699923552553287	2.4713514637664136	2.222367714144318	1.9338123012992214	1.6463159840634993	1.426312941570658	1.230091409579231	1.0523559100423445	0.9056230274344275	0.7789166799855963	0.6679042038393179	0.5762442929188868	0.49016870430243153	0.41439522752262137	0.36144044705388484	0.31859521558372533	0.2733429486377142	0.23126796851982726	0.19371821509654139	0.1673371062812072	0.14605891267467855	0.12324021636360485	0.10330996262355313	0.08646071429259153	0.07201850143748158	0.060272168315325496	0.04794814667896501	0.03803116051845618	0.03244683821448034	0.027632767262777025	0.020796786511358318	0.013575680083803348	0.011650051703122022	0.010013267579542894	0.006835980751418707	0.0051991966278395795	0.0038512567613626517	0.0024070354758516576	0.0013479398664769282	0.0009628141903406629	0.0008665327713065967	0.0006739699332384641	0.00048140709517033146	0.00038512567613626514	0.00038512567613626514	0.00019256283806813257	9.628141903406628e-05	9.628141903406628e-05	0.0	0.0	0.0	0.0	0.0
Sor-ACeb_016-Ex1-11F-lcwgs-1-2-L3-clmp.r1	0.0	0.0	0.0	0.0001136126082728157	0.0001136126082728157	0.0	0.0001136126082728157	0.000340837824818447	0.0002272252165456314	0.001136126082728157	0.0020450269489106824	0.002613089990274761	0.004090053897821365	0.006021468238459231	0.009770684311462148	0.017155503849195168	0.032493205966025285	0.052716250238586476	0.08214191578124574	0.13269952646264874	0.1958681366623342	0.2786917280932169	0.39457658853148886	0.5534070148968853	0.750752115466766	0.9920652954382266	1.2614407896530726	1.5496759768412058	1.885514846895649	2.2686165619915837	2.664670114430619	3.0467493160520984	3.39383583432555	3.6769584541414067	3.960308299173809	4.212755514756006	4.381129400216318	4.463952991647202	4.477472892031666	4.427483344391627	4.340115248629832	4.2286612799142	4.041882151913691	3.869077374730738	3.685706624978414	3.462457849722331	3.2247802732156003	2.9673341028694002	2.7260209228979395	2.473005644274379	2.2446443016460194	1.9676567626768948	1.6872608454595859	1.4684429619261428	1.2349690519255063	1.0366014378811703	0.8835652545376875	0.7601819619534098	0.6570217136416932	0.5737436717777192	0.4954645846777492	0.42843314579678793	0.37696663424920246	0.3277723748670732	0.273692773329213	0.22938385610281486	0.19518646101269735	0.1637157685211274	0.1371304181852885	0.11327177044799723	0.09872935658907682	0.08861783445279624	0.07998327622406223	0.06714505148923407	0.051012061114494245	0.04146860201957772	0.03397016987357189	0.025676449469656342	0.018632467756741773	0.012156549085191279	0.007725657362551467	0.0062486934550048615	0.004885342155731074	0.0030675404233660238	0.0023858647737291295	0.0020450269489106824	0.0012497386910009724	0.0004544504330912628	0.000340837824818447	0.0002272252165456314	0.0001136126082728157	0.0	0.0	0.0	0.0	0.0	0.0	0.0	0.0	0.0	0.0
Sor-ACeb_016-Ex1-11F-lcwgs-1-2-L3-clmp.r2	0.0	0.0	0.0	0.00022731509053960054	0.00022731509053960054	0.0	0.00022731509053960054	0.0005682877263490015	0.0004546301810792011	0.0006819452716188018	0.0018185207243168044	0.0026141235412054063	0.0038643565391732093	0.0055692197182202145	0.008410658349965221	0.017162289335739843	0.03512018148836829	0.056374142453820934	0.0822880627753354	0.12763742333798572	0.19060370341745508	0.2732327388285999	0.39109561327338277	0.555444423733514	0.7483212780563651	0.9891616164830719	1.2631899581285604	1.5519937806591229	1.8919434985610957	2.279061097750035	2.67481667037948	3.053864583854264	3.3932460140298875	3.672729917848326	3.965625412008602	4.207034038161658	4.375247205160962	4.4741292695456885	4.47844825626594	4.419687305361453	4.333989516228024	4.230561150032506	4.0440491182447635	3.8567414836401333	3.6702294518523906	3.4542801158397705	3.2175314490427764	2.971917493714738	2.7389195259116472	2.4742111029782823	2.237689751271828	1.9653662728053867	1.687359917075455	1.4607267718074732	1.239435531167172	1.0505366909287641	0.8848239899253951	0.7612782382171223	0.6648966398283316	0.576471069608427	0.49600152755740845	0.4325806172968598	0.37757036538627653	0.3273337303770248	0.2726644511022509	0.22731509053960058	0.19219490905123227	0.1632122350074332	0.13854854768388652	0.11263462736237208	0.09990498229215444	0.09183529657799863	0.07967393923412999	0.06467114325851636	0.04910005955655372	0.039666483299160296	0.033983606035670286	0.026027577866784262	0.018980810060056648	0.013297932796566632	0.00829700080469542	0.005796534808759814	0.004318986720252411	0.0030687537222846076	0.002841438631745007	0.0026141235412054063	0.0013638905432376035	0.00011365754526980027	0.0003409726358094009	0.0003409726358094009	0.00011365754526980027	0.00011365754526980027	0.00011365754526980027	0.00011365754526980027	0.00011365754526980027	0.0	0.0	0.0	0.0	0.0	0.0
Sor-ACeb_017-Ex1-12F-lcwgs-1-2-L2-clmp.r1	0.0	0.0	0.0	0.00014543127645031342	0.00014543127645031342	0.00029086255290062683	0.0005817251058012537	0.0004362938293509402	0.0004362938293509402	0.0008725876587018804	0.0013088814880528206	0.0020360378703043877	0.004799232122860342	0.00814415148121755	0.012507089774726953	0.022541847849798576	0.036357819112578356	0.06282631142653539	0.109509751167086	0.1649190674946554	0.26017655356961067	0.38801064556943615	0.525297770538532	0.7268655196986664	0.9735169645583979	1.2363112811041144	1.5389537673972165	1.8655924143046203	2.2266982737307486	2.60321984846061	2.969561233838949	3.33648434432309	3.7023894358720786	4.00939486045869	4.231322988321868	4.381698928171493	4.450487921932491	4.477392708075799	4.478701589563851	4.397841799857477	4.2532831110658655	4.062913570192405	3.8478207123223918	3.6354910487049343	3.386076409592647	3.1424790215383718	2.9041171594363084	2.6517938947950146	2.4116868573755474	2.186850103983363	1.9749567341952559	1.7261238201887699	1.471473655124271	1.2559445034249066	1.0708104885036576	0.9300330128997543	0.8071435842992395	0.70068788993761	0.6096479108797138	0.5152630124634604	0.4368755544567415	0.38670176408138335	0.3442358313578918	0.30147903608149973	0.26759354866857665	0.23937988103721586	0.21131164468230537	0.1909512659792615	0.16739139919431073	0.13903230028649963	0.11867192158345574	0.1031107750032722	0.08347755268247989	0.06442605546748884	0.05177353441631157	0.03897558208868399	0.028649961460711745	0.022105554020447636	0.016142871685984786	0.01148907083957476	0.007126132546065356	0.004799232122860342	0.003490350634807522	0.0029086255290062682	0.0020360378703043877	0.0011634502116025073	0.0007271563822515671	0.0005817251058012537	0.0005817251058012537	0.00029086255290062683	0.00014543127645031342	0.0	0.0	0.0	0.0	0.0	0.0	0.0	0.0	0.0	0.0
Sor-ACeb_017-Ex1-12F-lcwgs-1-2-L2-clmp.r2	0.0	0.0	0.0	0.0	0.0	0.0001454862879173638	0.0002909725758347276	0.0002909725758347276	0.0004364588637520913	0.0007274314395868189	0.0008729177275041826	0.0014548628791736379	0.004364588637520914	0.008292718411289736	0.012802793336728013	0.022550374627191387	0.03608059940350622	0.06575980213864843	0.11420673601513058	0.17050992943915036	0.25649232559831237	0.37215392449261653	0.5238961227904271	0.732232487088092	0.9798501491234451	1.2482723503309814	1.542882083363643	1.8687713682985378	2.243253073397832	2.6065323343274898	2.963846657452535	3.352149559903979	3.7090274241652725	3.987197206663272	4.218374918163963	4.388739361315197	4.452316869135084	4.463664799592639	4.463082854440969	4.40285153124318	4.270749981814214	4.0830726704008145	3.8462209936713467	3.612860987851895	3.3802284134720297	3.147304866516331	2.9033243616789117	2.6463955772168473	2.404597366698189	2.198006837855532	1.9803593511311561	1.7160107659853059	1.4679566450862005	1.2567105550301885	1.0706335927838802	0.9241289008510949	0.8013384738488397	0.6961518876845857	0.6135156761475231	0.5252054993816833	0.439514075798356	0.38713901214810503	0.34567542009165636	0.2953371644722485	0.2599839965083291	0.2367061904415509	0.21430130210227685	0.18985960573215974	0.16003491670910017	0.13908489124899978	0.12060813268349457	0.10373172328508037	0.08641885502291409	0.06503237069906162	0.05121117334691205	0.03957227031352295	0.027933367280133844	0.021968429475521932	0.01760384083800102	0.01236633447297592	0.007565286971702918	0.004946533789190369	0.0036371571979340947	0.0030552120462646395	0.002036808030843093	0.001309376591256274	0.0008729177275041826	0.0010184040154215465	0.0010184040154215465	0.0002909725758347276	0.0001454862879173638	0.0	0.0001454862879173638	0.0001454862879173638	0.0001454862879173638	0.0001454862879173638	0.0	0.0001454862879173638	0.0001454862879173638	0.0	0.0
Sor-ACeb_017-Ex1-12F-lcwgs-1-2-L3-clmp.r1	0.0	0.0	0.0	0.0	0.0	0.00015204176891475628	0.00030408353782951256	0.00030408353782951256	0.00030408353782951256	0.00015204176891475628	0.0004561253067442688	0.0018245012269770752	0.004105127760698419	0.0060816707565902505	0.008058213752482082	0.018397054038685506	0.03725023338411528	0.05960037341458446	0.09624243972304071	0.16739798757514665	0.26181592607121024	0.3677890390047954	0.51466138777645	0.7132279379791215	0.9558866011670726	1.263771183219454	1.5672465539733074	1.8559738731424296	2.2196577843865266	2.616638843022955	2.980778879573797	3.347047500889444	3.7271519231763346	4.015271075269798	4.241509227414955	4.431105313251656	4.517160954457409	4.499372067494383	4.448286033139024	4.372265148681645	4.231778554204411	4.030627293930189	3.8182249427562738	3.5886418716949917	3.3029553879041647	3.084623407742575	2.8814956044724607	2.6449186120411	2.418376376358113	2.1783024232417127	1.9614908607692705	1.701651477693952	1.4358824656309581	1.2409649178822406	1.0726546796936054	0.9280629574556722	0.7973070361889819	0.6965033433984984	0.6095354515792578	0.5210471420708698	0.45110792837008185	0.4130974861413928	0.38649017658131046	0.3419419382892868	0.29085590393392874	0.25178116932283634	0.2315596140571738	0.2140748106319768	0.18123378854638947	0.15493056252413662	0.13364471487607074	0.11068640776994255	0.0948740638028079	0.07450046676823056	0.055951370960630305	0.04165944468264322	0.03299306385450211	0.024478724795275755	0.01672459458062319	0.012315383282095256	0.008058213752482082	0.004561253067442688	0.0031928771472098812	0.002736751840465613	0.0016724594580623188	0.0009122506134885376	0.0006081670756590251	0.00030408353782951256	0.0004561253067442688	0.00030408353782951256	0.0	0.0	0.0	0.0	0.0	0.0	0.0	0.0	0.0	0.0	0.0
Sor-ACeb_017-Ex1-12F-lcwgs-1-2-L3-clmp.r2	0.0	0.0	0.0	0.0	0.0	0.0	0.00015209588124353592	0.00045628764373060776	0.0006083835249741437	0.00045628764373060776	0.0006083835249741437	0.0013688629311918233	0.003194013506114254	0.004410780556062542	0.006388027012228508	0.017491026343006633	0.03756768266715337	0.06251140719109327	0.09734136399586299	0.16456774350550588	0.2553689846078968	0.36670316967816513	0.5248828861714425	0.7241284906004746	0.961245969459147	1.2505323355843523	1.5612642209648964	1.8660643669769421	2.23717831721117	2.6303461702257103	2.9594816572367217	3.326489018677374	3.7388209527285996	4.042860619334428	4.237695443207398	4.419145829530937	4.512836892376955	4.495497961915191	4.458994950416742	4.3523757376650245	4.224311005657967	4.048183975177952	3.8189754821439434	3.5792723733041307	3.2980470888848332	3.0870901016000487	2.875220539027803	2.642970128368924	2.4274502646468332	2.177860923526191	1.9501733893046176	1.6960211717466689	1.434872543651518	1.245056883859585	1.075622072154286	0.9270243961793514	0.8000243353409989	0.7000973413639959	0.6109691549552838	0.5235140232402506	0.457200219018069	0.4065522905639715	0.3749163472653161	0.33841333576686744	0.28974265376893593	0.2576504228265498	0.2354444241649936	0.21704082253452575	0.18905518038571514	0.15437731946218897	0.13855934781286122	0.11513658210135669	0.08654255642757194	0.06996410537202653	0.05308146255399404	0.039392833242075806	0.0313317515361684	0.024943724523939892	0.018859889274198457	0.012471862261969946	0.0076047940621767965	0.005931739368497902	0.004410780556062542	0.0028898217436271823	0.001825150574922431	0.0009125752874612155	0.00045628764373060776	0.0006083835249741437	0.0007604794062176796	0.00030419176248707184	0.00015209588124353592	0.00015209588124353592	0.0	0.00030419176248707184	0.00045628764373060776	0.00030419176248707184	0.00015209588124353592	0.00015209588124353592	0.00015209588124353592	0.0	0.0
Sor-ACeb_018-Ex1-1G-lcwgs-1-2-L2-clmp.r1	0.0	0.0	0.0	0.0	0.0	0.0008949987470017542	0.0017899974940035084	0.0017899974940035084	0.003579994988007017	0.004474993735008771	0.003579994988007017	0.008949987470017542	0.01700497619303333	0.025059964916049116	0.04027494361507894	0.07338989725414384	0.11097984462821753	0.17541975441234384	0.24522965667848068	0.3481545125836824	0.5217842695020226	0.7043640138903805	0.9164787169297963	1.1429133999212402	1.394408047828733	1.7228725879783766	2.126517022876168	2.4272366018687572	2.7825511044284537	3.211255504242294	3.4287401997637206	3.733039773744317	4.032864353989905	4.248559052017327	4.475888733755773	4.584183582142985	4.504528693659829	4.352378906669531	4.274514015680378	4.140264203630115	3.932624494325708	3.6659148677191853	3.436795188486736	3.2595854365803887	3.0018257974438836	2.753016145777396	2.5131564815809257	2.2589768374324275	2.0746070955500664	1.8222174488955716	1.583252783446103	1.4418429814198261	1.2359932696094227	1.0068735903769734	0.8457738159166577	0.7133140013603981	0.6068091504671893	0.5486342319120753	0.477034332151935	0.40364443489779117	0.3329395338846526	0.28281960405255435	0.2801346078115491	0.26670962660652275	0.23090967672645257	0.20137471807539473	0.18615973937636487	0.16378477070132103	0.14677979450828768	0.11903483335123331	0.09486986718218594	0.09128987219417893	0.06980990226613683	0.05011992983209823	0.04116994236208069	0.026849962410052625	0.016109977446031574	0.009844986217019297	0.004474993735008771	0.0017899974940035084	0.0017899974940035084	0.0017899974940035084	0.0008949987470017542	0.0008949987470017542	0.0026849962410052624	0.0017899974940035084	0.0	0.0	0.0017899974940035084	0.0026849962410052624	0.0008949987470017542	0.0	0.0	0.0	0.0	0.0	0.0	0.0	0.0	0.0	0.0
Sor-ACeb_018-Ex1-1G-lcwgs-1-2-L2-clmp.r2	0.0	0.0	0.0	0.0	0.0	0.0	0.0	0.0017906385417039714	0.0026859578125559575	0.0026859578125559575	0.005371915625111915	0.00895319270851986	0.0125344697919278	0.020592343229595675	0.04118468645919135	0.06804426458475092	0.10475235468968234	0.1772732156286932	0.254270672921964	0.3706621781327221	0.5309243276152276	0.6786520073058052	0.889947355226874	1.1701822870035454	1.459370411488737	1.760197686495004	2.104000286502167	2.396769688070766	2.762955269849228	3.1980804354832935	3.438921319342478	3.7710847688285645	4.100562260502095	4.309171650610607	4.5195716792608245	4.532106149052752	4.407656770404326	4.342298463632131	4.288579307381013	4.132793754252766	3.90448734018551	3.6708090104931417	3.4541417469469615	3.235683844859077	3.0011101958958566	2.7566880349532643	2.4800343802600007	2.2382981771299644	2.0529670880636037	1.8282419510797552	1.6151559646169826	1.4316155140923252	1.2086810156501808	1.0161873724170039	0.878308204705798	0.7117788203273288	0.5837481645954947	0.5371915625111915	0.4834724062600724	0.4091609067793575	0.3608136661533503	0.3035132328188232	0.2730723776098557	0.2596425885470759	0.21756258281703253	0.1826451312538051	0.1772732156286932	0.16205278802420944	0.14235576406546574	0.12444937864842602	0.10206639687712638	0.07610213802241879	0.04834724062600723	0.04476596354259929	0.04118468645919135	0.03223149375067149	0.02327830104215163	0.016115746875335745	0.011639150521075815	0.005371915625111915	0.0026859578125559575	0.00447659635425993	0.00447659635425993	0.0026859578125559575	0.0026859578125559575	0.0026859578125559575	0.0017906385417039714	0.0008953192708519857	0.0017906385417039714	0.0035812770834079428	0.0017906385417039714	0.0	0.0	0.0	0.0	0.0	0.0008953192708519857	0.0017906385417039714	0.0008953192708519857	0.0	0.0
Sor-ACeb_018-Ex1-1G-lcwgs-1-2-L3-clmp.r1	0.0	0.0	0.0	0.0	0.0	0.0	0.0009285568369639905	0.004642784184819953	0.006499897858747934	0.006499897858747934	0.011142682043567886	0.011142682043567886	0.01392835255445986	0.0194996935762438	0.0389993871524876	0.0789273311419392	0.11142682043567888	0.1671402306535183	0.24978178914331345	0.3630657232529203	0.5367058517651866	0.6815607183315691	0.8561294036807993	1.1681245009007002	1.485690939142385	1.7354727282856985	1.969469051200624	2.3083922966924804	2.7216000891414565	3.0865229260683047	3.3873753412446375	3.7197986888777463	4.041079354467287	4.218433710327409	4.394859509350567	4.491429420394823	4.4505729195684065	4.380931156796108	4.299218155143277	4.1209352424461905	3.905510056270544	3.7160844615298902	3.5155161847456684	3.3028766690809146	2.9695247646108416	2.7234572028153843	2.573959552064182	2.2944639441380206	1.9963971994725798	1.8171857299385294	1.7122588073615985	1.4624770182182851	1.201552547031404	1.0520548962802012	0.8904860066484669	0.7354170148754805	0.6072761713744499	0.5283488402325107	0.4800638847103831	0.4317789291882556	0.3630657232529203	0.3268520066113247	0.3157093245677568	0.2887811762958011	0.2553531301650974	0.22006797036046577	0.194996935762438	0.1671402306535183	0.13556929819674263	0.13092651401192268	0.12349805931621075	0.10214125206603895	0.08171300165283117	0.06964176277229929	0.05571341021783944	0.03621371664159563	0.025999591434991736	0.018571136739279813	0.012999795717495868	0.010214125206603896	0.005571341021783943	0.001857113673927981	0.001857113673927981	0.0009285568369639905	0.0	0.0	0.0	0.0	0.0	0.0	0.0	0.0	0.0	0.0	0.0	0.0	0.0	0.0	0.0	0.0	0.0
Sor-ACeb_018-Ex1-1G-lcwgs-1-2-L3-clmp.r2	0.0	0.0	0.0	0.0	0.0	0.000929074456026906	0.003716297824107624	0.004645372280134529	0.001858148912053812	0.003716297824107624	0.010219819016295966	0.012077967928349777	0.0157942657524574	0.020439638032591932	0.036233903785049336	0.0752550309381794	0.10870171135514801	0.16165895534868163	0.2582826987754799	0.3725588568667893	0.5509411524239552	0.7256071501570136	0.889124254417749	1.1325417618967983	1.4335618856495158	1.7717449876433096	1.9975100804578478	2.293884831930431	2.698961294758162	3.101250534217812	3.4719512421725476	3.733950238772135	3.986658490811454	4.210565434713938	4.3824442090789155	4.48928777152201	4.461415537841202	4.346210305293866	4.284891391196091	4.1148707657431665	3.8909638218406823	3.7413828344203504	3.5230503372540274	3.313079510191947	2.9999814185108797	2.7119683371425385	2.5326569671293457	2.3161826188750765	2.0736941858520543	1.847929093037516	1.6658304996562425	1.3768883438318746	1.156697697753498	1.0740100711671035	0.889124254417749	0.71167103331661	0.6271252578181615	0.5453667056877938	0.4756861214857759	0.4292323986844306	0.3864949737071929	0.32331791069736326	0.2945166025605292	0.2638571455116413	0.23598491183083412	0.22297786944645742	0.19882193358975786	0.17559507218908524	0.1412193173160897	0.11892153037144397	0.11334708363528252	0.10312726461898657	0.09104929669063679	0.08547484995447535	0.06689336083393722	0.037162978241076235	0.020439638032591932	0.0157942657524574	0.013936116840403589	0.008361670104242153	0.005574446736161436	0.002787223368080718	0.001858148912053812	0.000929074456026906	0.0	0.000929074456026906	0.000929074456026906	0.0	0.0	0.0	0.0	0.0	0.000929074456026906	0.000929074456026906	0.000929074456026906	0.000929074456026906	0.0	0.0	0.0	0.0	0.0
Sor-ACeb_019-Ex1-3G-lcwgs-1-2-L2-clmp.r1	0.0	0.0	0.0	0.0	0.0	0.0	0.009871018689128718	0.013161358252171624	0.003290339563042906	0.003290339563042906	0.006580679126085812	0.009871018689128718	0.019742037378257436	0.06251645169781521	0.08225848907607265	0.09212950776520136	0.14806528033693078	0.21387207159778887	0.3224532771782048	0.5198736509607792	0.7172940247433536	0.9410371150302712	1.1812319031324032	1.4872334824953937	1.7307186101605685	1.9972361147670439	2.3065280336930774	2.684917083443011	3.1949197157146623	3.5075019742037377	3.6259541984732824	3.8266649118189	4.106343774677547	4.152408528560148	4.191892603316663	4.158989207686234	4.037246643853646	4.093182416425375	4.162279547249277	4.211634640694919	3.987891550408002	3.5009212950776516	3.2179520926559624	2.9909186628060014	2.737562516451698	2.6487233482495394	2.5006580679126085	2.273624638062648	2.0400105290866017	1.7702026849170833	1.6780731771518822	1.5135561989997368	1.2042642800737036	0.9245854172150566	0.7140036851803107	0.5856804422216373	0.5330350092129508	0.4935509344564359	0.42774414319557774	0.4244538036325349	0.3718083706238484	0.3224532771782048	0.2862595419847328	0.23690444853908924	0.18425901553040272	0.1020005264543301	0.07238747038694393	0.07896814951302975	0.08554882863911556	0.07238747038694393	0.04935509344564359	0.029613056067386154	0.019742037378257436	0.02303237694130034	0.019742037378257436	0.019742037378257436	0.01645169781521453	0.006580679126085812	0.0	0.003290339563042906	0.003290339563042906	0.003290339563042906	0.003290339563042906	0.0	0.0	0.0	0.0	0.0	0.0	0.0	0.0	0.0	0.0	0.0	0.0	0.0	0.0	0.0	0.0	0.0	0.0
Sor-ACeb_019-Ex1-3G-lcwgs-1-2-L2-clmp.r2	0.0	0.0	0.0	0.0	0.0	0.0	0.0	0.0	0.0	0.009862581366296272	0.01315010848839503	0.01315010848839503	0.023012689854691303	0.039450325465185086	0.07561312380827141	0.11835097639555525	0.15122624761654282	0.22026431718061676	0.3484778749424683	0.5588796107567888	0.7331185482280228	0.9237951213097508	1.2032349266881452	1.545137747386416	1.811427444276415	1.9988164902360446	2.350581892300611	2.6859096587546847	2.945624301400487	3.2513643237556713	3.5834045630876457	3.882569531198633	4.076533631402459	4.17844697218752	4.316523111315669	4.415148924978631	4.2343349332632	4.099546321257151	4.083108685646657	3.958182655006904	3.8332566243671513	3.557104346110855	3.274377013610362	3.129725820238017	2.820698270760734	2.564271155237031	2.465645341574068	2.2157932802945624	1.9725162732592543	1.801564862910119	1.637188506805181	1.4300742981129595	1.206522453810244	0.9763955552633309	0.7824314550595043	0.6246301531987639	0.5358669209020974	0.5621671378788875	0.4766914327043198	0.38464067328555457	0.3451903478203695	0.2925899138667894	0.23012689854691304	0.17752646459333288	0.1610888289828391	0.12821355776185153	0.09205075941876521	0.07232559668617267	0.07561312380827141	0.07890065093037017	0.04931290683148136	0.03616279834308633	0.042737852587283846	0.029587744098888813	0.02630021697679006	0.023012689854691303	0.01315010848839503	0.009862581366296272	0.0032875271220987575	0.0	0.0	0.0032875271220987575	0.0032875271220987575	0.0032875271220987575	0.0032875271220987575	0.0	0.0	0.0	0.0	0.0	0.0	0.0	0.0	0.0	0.0	0.0	0.0	0.0	0.0	0.0	0.0
Sor-ACeb_019-Ex1-3G-lcwgs-1-2-L3-clmp.r1	0.0	0.0	0.0	0.0	0.0	0.0	0.0	0.0037832929782082325	0.0037832929782082325	0.0037832929782082325	0.011349878934624698	0.018916464891041162	0.03026634382566586	0.05674939467312348	0.07566585956416465	0.1059322033898305	0.16646489104116224	0.24213075060532688	0.3594128329297821	0.5372276029055689	0.7869249394673125	1.0177058111380146	1.172820823244552	1.4868341404358354	1.8311138014527846	2.05432808716707	2.2661924939467313	2.6369552058111383	2.947185230024213	3.249848668280872	3.7643765133171914	3.919491525423729	3.9270581113801453	4.233504842615012	4.426452784503631	4.4491525423728815	4.377269975786925	3.983807506053269	3.722760290556901	3.843825665859564	3.8135593220338984	3.5827784503631963	3.181749394673124	2.863952784503632	2.6823547215496366	2.489406779661017	2.5083232445520585	2.31159200968523	1.9332627118644068	1.7365314769975788	1.5851997578692494	1.464134382566586	1.380901937046005	1.0933716707021792	0.8020581113801453	0.7074757869249395	0.6128934624697336	0.552360774818402	0.47291162227602906	0.3064467312348668	0.276180387409201	0.29888014527845036	0.23834745762711865	0.20051452784503632	0.17024818401937045	0.15511501210653753	0.1059322033898305	0.07566585956416465	0.1286319612590799	0.14376513317191283	0.09836561743341406	0.06809927360774817	0.05296610169491525	0.05674939467312348	0.06431598062953996	0.03404963680387409	0.007566585956416465	0.0	0.0037832929782082325	0.011349878934624698	0.007566585956416465	0.0	0.0	0.0	0.0	0.0037832929782082325	0.0037832929782082325	0.0	0.0	0.0	0.0	0.0	0.0	0.0	0.0	0.0	0.0	0.0	0.0	0.0	0.0
Sor-ACeb_019-Ex1-3G-lcwgs-1-2-L3-clmp.r2	0.0	0.0	0.0	0.0	0.0	0.0	0.0	0.0	0.0	0.0	0.003788452795878163	0.02273071677526898	0.03788452795878163	0.03788452795878163	0.06440369752992878	0.10228822548871042	0.17805728140627367	0.2576147901197151	0.3599030156084255	0.5909986361569934	0.8220942567055615	0.9887861797242006	1.1668434611304743	1.4964388543718745	1.7881497196544933	2.0078799818154263	2.398090619790877	2.7655705409910594	2.9966661615396273	3.186088801333535	3.697529928777087	3.996817699651462	3.9665100772844375	4.2051826034247615	4.330201545688741	4.368086073647523	4.273374753750568	3.9286255493256554	3.7808758902864072	3.799818154265798	3.7088952871647223	3.5990301560842557	3.2353386876799513	2.8375511441127443	2.614032429155933	2.504167298075466	2.4928019396878316	2.3033792998939235	1.9813608122442796	1.7540536444915895	1.644188513411123	1.4737081375966057	1.3524776481285044	1.1175935747840582	0.8296711622973179	0.7463252007879981	0.674344597666313	0.5493256554023337	0.44703742991362333	0.34474920442491286	0.30307622367025305	0.2917108652826186	0.2273071677526898	0.20457645097742083	0.17426882861039553	0.12880739505985755	0.10228822548871042	0.08713441430519776	0.12123048946810122	0.12880739505985755	0.09849977269283225	0.07198060312168511	0.04546143355053796	0.04546143355053796	0.053038339142294284	0.03409607516290347	0.01136535838763449	0.003788452795878163	0.007576905591756326	0.015153811183512653	0.007576905591756326	0.0	0.0	0.0	0.0	0.0	0.0	0.0	0.0	0.0	0.0	0.003788452795878163	0.003788452795878163	0.0	0.0	0.0	0.0	0.0	0.0	0.0	0.0
Sor-ACeb_020-Ex1-2G-lcwgs-1-2-L2-clmp.r1	0.0	0.0	0.0	0.0	0.0	0.0	0.0	0.004880429477794046	0.004880429477794046	0.009760858955588092	0.009760858955588092	0.009760858955588092	0.014641288433382138	0.02440214738897023	0.0536847242557345	0.1171303074670571	0.2635431918008785	0.3904343582235237	0.4001952171791117	0.5075646656905808	0.6979014153245485	0.9468033186920448	1.3128355295265983	1.5226939970717424	1.7374328940946804	2.1571498291849682	2.5866276232308443	2.894094680331869	3.0649097120546607	3.2601268911664225	3.391898487066862	3.65544167886774	3.918984870668619	4.04099560761347	4.2215714982918495	4.153245485602733	4.109321620302587	4.206930209858468	3.972669594924353	3.7188872620790634	3.572474377745242	3.3430941922889215	3.128355295265983	2.9136163982430454	2.7086383601756956	2.469497315763787	2.3328452903855537	2.3133235724743777	2.0741825280624697	1.7325524646168864	1.7081503172279162	1.6251830161054173	1.3762811127379209	1.1371400683260127	0.858955588091752	0.7564665690580772	0.7271839921913129	0.5758906783796974	0.48316251830161056	0.429477794045876	0.32210834553440704	0.2537823328452904	0.2440214738897023	0.2537823328452904	0.2244997559785261	0.2244997559785261	0.2440214738897023	0.16593460224499756	0.08296730112249878	0.07320644216691069	0.0634455832113226	0.03416300634455832	0.02440214738897023	0.029282576866764276	0.02440214738897023	0.014641288433382138	0.014641288433382138	0.019521717911176184	0.014641288433382138	0.004880429477794046	0.004880429477794046	0.009760858955588092	0.004880429477794046	0.0	0.0	0.0	0.0	0.0	0.0	0.0	0.0	0.0	0.0	0.0	0.0	0.0	0.0	0.0	0.0	0.0	0.0
Sor-ACeb_020-Ex1-2G-lcwgs-1-2-L2-clmp.r2	0.0	0.0	0.0	0.0	0.0	0.0	0.0	0.00488328938372888	0.00976657876745776	0.00488328938372888	0.0	0.00976657876745776	0.01464986815118664	0.02929973630237328	0.048832893837288796	0.09278249829084873	0.21486473288407068	0.3711299931633949	0.4639124914542435	0.5566949897450924	0.6983103818732298	0.9668912979783182	1.2891883973044242	1.508936419572224	1.7238011524562946	2.0900478562359606	2.5979099521437643	2.925090340853599	3.13995507373767	3.3157534915519093	3.4085359898427576	3.7064166422502196	3.9652309795878504	3.9652309795878504	4.05313018849497	4.180095712471921	4.111729661099717	3.9945307158902237	3.9212813751342903	3.779665983006153	3.642933880261744	3.4329524367614024	3.0569391542142785	2.8616075788651236	2.793241527492919	2.6125598202949507	2.431878113096982	2.2121300908291825	1.9728489110264675	1.8165836507471433	1.7726340462935832	1.577302470944428	1.3282547123742554	1.0840902431878112	0.7959761695478074	0.7959761695478074	0.7764430120128919	0.5908780154311944	0.4736790702217013	0.4443793339193281	0.3467135462447504	0.23928117980271513	0.2636976267213595	0.2685809161050884	0.244164469186444	0.21974802226779958	0.1904482859654263	0.13184881336067975	0.05859947260474656	0.07813263013966208	0.09766578767457759	0.043949604453559915	0.024416446918644398	0.02929973630237328	0.01953315753491552	0.01464986815118664	0.01953315753491552	0.024416446918644398	0.01464986815118664	0.00488328938372888	0.00488328938372888	0.00976657876745776	0.00488328938372888	0.0	0.0	0.0	0.0	0.0	0.00488328938372888	0.00488328938372888	0.0	0.0	0.0	0.0	0.0	0.0	0.0	0.0	0.0	0.0	0.0
Sor-ACeb_020-Ex1-2G-lcwgs-1-2-L3-clmp.r1	0.0	0.0	0.0	0.0	0.0	0.0	0.0	0.0	0.0	0.009240436148586214	0.01386065422287932	0.004620218074293107	0.018480872297172428	0.050822398817224175	0.060062834965810386	0.10626501570874146	0.1524671964516725	0.1986693771946036	0.3418961374976899	0.4712622435778969	0.7253742376640177	1.0949916836074662	1.29366106080207	1.4784697837737941	1.8111254851228977	2.2223248937349847	2.4440953613010534	2.5318795047126224	2.8368138976159676	3.174089817039364	3.5668083533542783	3.7608575124745887	3.8578820920347443	3.9087044908519686	4.153576048789502	4.513953058584365	4.375346516355572	4.010349288486417	3.7007946775087786	3.5668083533542783	3.6638329329144335	3.5575679172056924	3.183330253187951	2.9661800036961745	2.8229532433930884	2.652005174644243	2.3701718721123637	2.2408057660321568	2.03751617076326	1.7233413417113288	1.607835889854001	1.469229347625208	1.298281278876363	1.2474588800591389	1.0256884124930696	0.7669562003326558	0.6191092219552763	0.5498059508408797	0.5405655146922934	0.49436333394936244	0.42043984476067264	0.31879504712622436	0.258732212160414	0.2032895952688967	0.2079098133431898	0.19404915912031048	0.1386065422287932	0.1386065422287932	0.129366106080207	0.1339863241545001	0.17094806874884494	0.129366106080207	0.0646830530401035	0.04158196266863796	0.036961744594344856	0.03234152652005175	0.023101090371465533	0.018480872297172428	0.018480872297172428	0.009240436148586214	0.0	0.004620218074293107	0.009240436148586214	0.004620218074293107	0.0	0.0	0.0	0.0	0.0	0.0	0.0	0.0	0.0	0.0	0.0	0.0	0.0	0.0	0.0	0.0	0.0
Sor-ACeb_020-Ex1-2G-lcwgs-1-2-L3-clmp.r2	0.0	0.0	0.0	0.0	0.0	0.0046236360273719255	0.0046236360273719255	0.0	0.0	0.0	0.0	0.0046236360273719255	0.02774181616423155	0.05085999630109118	0.060107268355835027	0.1109672646569262	0.17569816904013316	0.2219345293138524	0.35601997410763825	0.5132235990382837	0.6981690401331607	0.989458109857592	1.3501017199926022	1.5350471610874792	1.664508969853893	2.0760125762899944	2.5060107268355836	2.6817088958757167	2.8666543369705937	3.2272979471056042	3.7220270020343995	3.9809506195672277	3.8977251710745326	3.86535971888293	4.0133160717588305	4.230626965045311	4.2260033290179395	4.078046976142038	3.8514888108008134	3.708156093952284	3.7590160902533754	3.6757906417606803	3.2272979471056042	2.9406325134085445	2.8296652487516183	2.519881634917699	2.2933234695764746	2.186979840946921	1.988163491769928	1.6876271499907527	1.5859071573885706	1.5026817088958757	1.3547253560199741	1.1928980950619568	0.9524690216386167	0.7721472165711115	0.5964490475309784	0.5317181431477714	0.5548363232846311	0.4808581468466802	0.369890882189754	0.309783613833919	0.27741816164231553	0.21731089328648048	0.1803218050675051	0.2034399852043647	0.184945441094877	0.14333271684852966	0.12021453671167005	0.1063436286295543	0.12946180876641392	0.11559090068429814	0.06473090438320696	0.0554836323284631	0.04623636027371925	0.02774181616423155	0.02774181616423155	0.023118180136859626	0.023118180136859626	0.013870908082115775	0.0	0.009247272054743851	0.009247272054743851	0.0	0.0	0.0046236360273719255	0.0046236360273719255	0.0	0.0	0.0	0.0	0.0	0.0	0.0	0.0	0.0	0.0	0.0	0.0	0.0	0.0
Sor-ACeb_021-Ex1-4G-lcwgs-1-2-L2-clmp.r1	0.0	0.0	0.0	0.0	0.0	0.0	0.028851702250432775	0.05770340450086555	0.028851702250432775	0.0	0.028851702250432775	0.05770340450086555	0.028851702250432775	0.028851702250432775	0.08655510675129832	0.1154068090017311	0.2308136180034622	0.3462204270051933	0.37507212925562605	0.5481823427582228	0.8366993652625505	1.2117714945181766	1.529140219272937	1.4425851125216387	1.788805539526832	2.3946912867859207	2.538949798038084	2.827466820542412	3.1736872475476052	3.4045008655510673	3.8949798038084245	4.327755337564916	3.981534910559723	3.4910559723023655	3.606462781304097	4.298903635314484	4.99134448932487	4.847085978072706	4.298903635314484	3.750721292556261	3.375649163300635	3.519907674552799	3.144835545297173	2.3946912867859207	2.5966532025389495	2.740911713791114	2.192729371032891	1.9907674552798615	2.07732256203116	1.8753606462781305	1.3271783035199076	0.8655510675129832	0.9809578765147143	1.1252163877668782	0.8078476630121176	0.5770340450086555	0.4616272360069244	0.3462204270051933	0.4039238315060588	0.37507212925562605	0.3462204270051933	0.28851702250432776	0.17311021350259664	0.14425851125216388	0.2019619157530294	0.28851702250432776	0.17311021350259664	0.05770340450086555	0.08655510675129832	0.08655510675129832	0.028851702250432775	0.028851702250432775	0.05770340450086555	0.05770340450086555	0.05770340450086555	0.05770340450086555	0.05770340450086555	0.028851702250432775	0.0	0.0	0.0	0.0	0.0	0.0	0.0	0.0	0.0	0.0	0.0	0.0	0.0	0.0	0.0	0.0	0.0	0.0	0.0	0.0	0.0	0.0	0.0
Sor-ACeb_021-Ex1-4G-lcwgs-1-2-L2-clmp.r2	0.0	0.0	0.0	0.0	0.0	0.0	0.0	0.0	0.0	0.0	0.0	0.028851702250432775	0.05770340450086555	0.05770340450086555	0.14425851125216388	0.17311021350259664	0.14425851125216388	0.37507212925562605	0.51933064050779	0.4616272360069244	0.6058857472590883	0.9809578765147143	1.3271783035199076	1.7022504327755337	2.019619157530294	2.3658395845354874	2.683208309290248	2.683208309290248	3.0005770340450084	3.4333525678015	3.9238315060588573	4.183496826312752	4.068090017311022	4.125793421811887	3.866128101557992	4.443162146566648	5.395268320830929	4.702827466820542	3.8084246970571263	3.5487593768032317	3.750721292556261	3.693017888055395	2.9140219272937102	2.3658395845354874	2.5966532025389495	2.798615118291979	2.221581073283324	1.9619157530294287	2.048470859780727	1.7022504327755337	1.154068090017311	0.6924408540103866	0.8078476630121176	1.03866128101558	0.7501442585112521	0.5481823427582228	0.37507212925562605	0.259665320253895	0.4327755337564916	0.4616272360069244	0.37507212925562605	0.3173687247547605	0.2308136180034622	0.2019619157530294	0.2308136180034622	0.3173687247547605	0.2019619157530294	0.05770340450086555	0.14425851125216388	0.17311021350259664	0.05770340450086555	0.028851702250432775	0.05770340450086555	0.05770340450086555	0.05770340450086555	0.05770340450086555	0.028851702250432775	0.0	0.0	0.0	0.0	0.0	0.0	0.0	0.0	0.0	0.0	0.0	0.0	0.0	0.0	0.0	0.0	0.0	0.0	0.0	0.0	0.0	0.0	0.0	0.0
Sor-ACeb_021-Ex1-4G-lcwgs-1-2-L3-clmp.r1	0.0	0.0	0.0	0.0	0.0	0.0	0.0	0.0	0.0	0.032071840923669014	0.06414368184733803	0.06414368184733803	0.06414368184733803	0.032071840923669014	0.032071840923669014	0.19243104554201412	0.3527902501603592	0.38486209108402825	0.28864656831302116	0.22450288646568314	0.5131494547787042	0.9300833867864015	1.379089159717768	1.6677357280307887	1.5715202052597819	1.603592046183451	1.892238614496472	2.3091725465041693	2.758178319435536	3.6561898652982685	4.2014111610006415	3.9769082745349587	4.2014111610006415	4.329698524695318	3.8486209108402822	3.527902501603592	3.8486209108402822	4.554201411161	4.361770365618987	4.008980115458628	3.816549069916613	3.559974342527261	3.3033996151379084	2.5978191148171907	2.148813341885824	2.052597819114817	1.9243104554201411	1.9243104554201411	1.9243104554201411	1.731879409878127	1.8280949326491343	1.7960230917254651	1.5073765234124439	1.0904425914047466	0.9300833867864015	0.8659397049390635	0.8659397049390635	0.8980115458627326	0.8338678640153944	0.7376523412443875	0.4169339320076972	0.28864656831302116	0.3527902501603592	0.38486209108402825	0.3207184092366902	0.19243104554201412	0.06414368184733803	0.06414368184733803	0.06414368184733803	0.0	0.06414368184733803	0.1603592046183451	0.12828736369467605	0.032071840923669014	0.0	0.032071840923669014	0.06414368184733803	0.06414368184733803	0.032071840923669014	0.032071840923669014	0.032071840923669014	0.0	0.0	0.0	0.0	0.0	0.0	0.0	0.0	0.0	0.0	0.0	0.0	0.0	0.0	0.0	0.0	0.0	0.0	0.0	0.0
Sor-ACeb_021-Ex1-4G-lcwgs-1-2-L3-clmp.r2	0.0	0.0	0.0	0.0	0.0	0.0	0.0	0.0	0.0	0.0	0.031928480204342274	0.06385696040868455	0.09578544061302681	0.06385696040868455	0.09578544061302681	0.19157088122605362	0.2234993614303959	0.2554278416347382	0.28735632183908044	0.351213282247765	0.4469987228607918	0.7662835249042145	1.181353767560664	1.40485312899106	1.5964240102171137	1.7879948914431671	1.979565772669221	2.5223499361430397	2.7777777777777777	3.4163473818646235	4.182630906768837	4.054916985951468	4.054916985951468	4.118773946360153	3.9272030651340994	3.7037037037037033	3.9910600255427844	4.693486590038314	4.853128991060025	4.182630906768837	3.7994891443167305	3.5440613026819925	3.1289910600255424	2.80970625798212	2.5223499361430397	2.234993614303959	1.8518518518518516	1.7879948914431671	1.8199233716475096	1.7560664112388251	1.7560664112388251	1.5006385696040867	1.2452107279693485	1.053639846743295	0.9259259259259258	0.8939974457215836	0.8620689655172413	0.8620689655172413	0.8301404853128991	0.70242656449553	0.38314176245210724	0.31928480204342274	0.41507024265644954	0.38314176245210724	0.2554278416347382	0.15964240102171137	0.06385696040868455	0.06385696040868455	0.1277139208173691	0.09578544061302681	0.06385696040868455	0.09578544061302681	0.09578544061302681	0.031928480204342274	0.0	0.031928480204342274	0.06385696040868455	0.06385696040868455	0.031928480204342274	0.031928480204342274	0.031928480204342274	0.0	0.0	0.0	0.0	0.0	0.0	0.0	0.0	0.0	0.0	0.0	0.0	0.0	0.0	0.0	0.0	0.0	0.0	0.0	0.0
Sor-ACeb_022-Ex1-5G-lcwgs-1-2-L2-clmp.r1	0.0	0.0	0.0	0.001394155699308499	0.004182467097925496	0.008364934195850993	0.008364934195850993	0.006970778496542494	0.019518179790318984	0.044612982377871965	0.047401293776488954	0.05716038367164845	0.09898505465090342	0.17566361811287085	0.2704662056658488	0.36666294891813517	0.4851661833593575	0.6385233102832925	0.8295226410885568	1.070711577068927	1.2895940218603614	1.4122797233995092	1.5698193174213695	1.8598037028775372	2.121904974347535	2.2459848315859916	2.4537140307829577	2.6488958286861477	2.803647111309391	2.92493865714923	2.9165737229533795	2.99046397501673	3.097813963863484	3.035076957394602	3.0601717599821545	3.1605509703323666	3.071325005576623	2.90681463305822	2.7325451706446575	2.5722172652241806	2.489962078964979	2.400736114209235	2.336604952041044	2.336604952041044	2.2376198973901404	2.121904974347535	1.9810952487173767	1.8235556546955165	1.7050524202542943	1.6423154137854117	1.5740017845192953	1.4094914120008923	1.1975797457060005	1.0581641757751505	1.026098594691055	0.9870622351104171	0.9257193843408432	0.8657706892705777	0.8643765335712693	0.8825005576622796	0.8950479589560563	0.9717265224180236	1.017733660495204	1.0233102832924381	1.070711577068927	1.1167187151461075	1.0999888467544054	1.0163395047958956	0.9201427615436093	0.7709681017175998	0.6190051304929735	0.5506915012268571	0.47540709346419807	0.3750278831139862	0.2899843854561678	0.2537363372741468	0.20354673209904084	0.15056881552531787	0.1240798572384564	0.07389025206335044	0.034853892482712465	0.02648895828686148	0.019518179790318984	0.011153245594467991	0.009759089895159492	0.004182467097925496	0.001394155699308499	0.0	0.0	0.0	0.0	0.0	0.0	0.0	0.0	0.0	0.0	0.0	0.0	0.0	0.0
Sor-ACeb_022-Ex1-5G-lcwgs-1-2-L2-clmp.r2	0.0	0.0	0.0	0.0013941168269901018	0.004182350480970306	0.006970584134950509	0.005576467307960407	0.005576467307960407	0.01812351875087132	0.03485292067475254	0.04600585529067336	0.06412937404154469	0.09619406106231702	0.1603234351038617	0.2356057437613272	0.37641154328732745	0.5409173288721595	0.6817231283981597	0.8169524606161996	1.0190994005297644	1.2574933779450717	1.4359403317998047	1.6422696221943398	1.891816534225568	2.0702634880803013	2.212463404433292	2.438310330405688	2.637669036665273	2.823086574654956	2.8426042102328175	2.849574794367768	3.0545099679353127	3.1283981597657884	3.0517217342813328	3.065662902551234	3.1144569914958873	3.044751150146382	2.892792416004461	2.714345462149728	2.5526279102188765	2.5177749895441237	2.4397044472326783	2.32538686741949	2.301686881360658	2.245922208281054	2.1037222919280634	1.9670988428830336	1.8736930154746967	1.7314930991217063	1.5851108322877456	1.5014638226683397	1.4108462289139831	1.2142757563083786	1.0943817091872299	1.0999581764951905	1.0637111389934477	0.9967935312979228	0.9340582740833683	0.8964171197546354	0.890840652446675	0.9201171058134672	0.9256935731214275	0.9535759096612296	1.0469817370695664	1.0511640875505368	1.0483758538965566	1.0316464519726753	0.9521817928342394	0.8545936149449324	0.7723407221525164	0.6775407779171895	0.6050467029137042	0.4963055904084762	0.34852920674752547	0.2857939495329709	0.26767043078209957	0.232817510107347	0.1714763697197825	0.13244109856405967	0.0808587759654259	0.04182350480970305	0.027882336539802037	0.015335285096891119	0.012547051442910915	0.009758817788930712	0.0027882336539802035	0.0	0.0	0.0	0.0013941168269901018	0.0013941168269901018	0.0	0.0	0.0	0.0013941168269901018	0.0013941168269901018	0.0	0.0	0.0	0.0	0.0
Sor-ACeb_022-Ex1-5G-lcwgs-1-2-L3-clmp.r1	0.0	0.0	0.0	0.0	0.004634349800722959	0.009268699601445917	0.012358266135261222	0.015447832669076528	0.020082182469799488	0.03707479840578367	0.050977847807952545	0.07106003027775203	0.11585874501807397	0.15602310995767296	0.21472487410016372	0.3213149195167918	0.42944974820032744	0.6117341736954305	0.8218246979948712	0.9809373744863595	1.1678561497821855	1.3516853585441964	1.606574597583959	1.9170760342323974	2.0978156764605926	2.2940031513578645	2.408317113109031	2.394414063706862	2.57978805573578	2.7790650971668676	2.839311644576266	2.913461241387833	3.0200512868044616	3.0741187011462294	3.1297308987549046	3.0231408533382766	2.8331325115086354	2.806871195971205	2.6910124509531315	2.5365341242623662	2.508728025458028	2.4222201625111994	2.2801001019556955	2.1225322087311147	2.0143973800475794	1.958785182438904	1.9464269163036427	1.9232551673000278	1.801217289214323	1.7100750764667716	1.6158432971854049	1.4845367194982544	1.4165662557543177	1.2976179442024285	1.0998856860382489	1.0041091234899744	1.0180121728921432	0.9778478079525442	0.912966910742423	0.9639447585503754	0.9979299904223438	1.0303704390274044	1.0921617697037105	1.0767139370346341	1.126147001575679	1.133870917910217	1.0334600055612198	1.0504526214972039	1.0334600055612198	0.9330490932122224	0.7677572836531035	0.6086446071616152	0.5205919609478791	0.41400191553125093	0.3537553681218525	0.30895665338153055	0.22090400716779438	0.1575678932245806	0.12358266135261223	0.08496307967992091	0.050977847807952545	0.030895665338153057	0.012358266135261222	0.007723916334538264	0.004634349800722959	0.0015447832669076528	0.0030895665338153055	0.0030895665338153055	0.0015447832669076528	0.0	0.0	0.0	0.0	0.0	0.0	0.0	0.0	0.0	0.0	0.0	0.0
Sor-ACeb_022-Ex1-5G-lcwgs-1-2-L3-clmp.r2	0.0	0.0	0.0	0.0015441630636195182	0.00926497838171711	0.00926497838171711	0.0030883261272390363	0.012353304508956145	0.0169857936998147	0.030883261272390366	0.05867819641754169	0.08184064237183446	0.10037059913526869	0.15596046942557135	0.2300802964793082	0.3042001235330451	0.4122915379864114	0.5898702903026559	0.7720815318097591	0.9481161210623842	1.2044471896232243	1.3804817788758492	1.5796788140827671	1.856084002470661	2.1170475602223595	2.3100679431747992	2.4011735639283507	2.4799258801729462	2.6096355775169857	2.7671402100061764	2.8829524397776405	2.98023471278567	3.051266213712168	3.086781964175417	3.10994441012971	3.021927115503397	2.865966646077826	2.739345274861025	2.645151327980235	2.5200741198270538	2.407350216182829	2.364113650401482	2.2683755404570722	2.1402100061766522	2.0830759728227304	1.9950586781964177	1.9224830142063003	1.9163063619518224	1.7835083384805435	1.6846819024088946	1.567325509573811	1.4854848672019765	1.4854848672019765	1.3341568869672638	1.1642989499691168	1.0484867201976529	0.9898085237801111	0.9789993823347746	0.9666460778258184	0.9311303273625695	0.9465719579987647	1.0484867201976529	1.1195182211241506	1.0963557751698578	1.105620753551575	1.1797405806053118	1.0932674490426189	1.0129709697344038	0.9805435453983941	0.8878937615812229	0.7473749227918468	0.6084002470660902	0.5558987029030266	0.4508956145768993	0.3428042001235331	0.27640518838789374	0.18993205682520076	0.1327980234712786	0.12507720815318096	0.09882643607164916	0.05713403335392218	0.030883261272390366	0.013897467572575664	0.015441630636195183	0.00926497838171711	0.0030883261272390363	0.0030883261272390363	0.0015441630636195182	0.0	0.0015441630636195182	0.0015441630636195182	0.0	0.0	0.0	0.0	0.0	0.0	0.0	0.0	0.0	0.0
Sor-CPnd_001-Ex1-3E-lcwgs-1-2-L2-clmp.r1	5.629827048898145e-05	0.0001125965409779629	0.00036593875817837935	0.0008163249220902309	0.0012948602212465733	0.0019704394671143503	0.0030401066064049977	0.004447563368629534	0.006164660618543468	0.00816324922090231	0.011963382478908557	0.017621358663051194	0.025869055289686974	0.04014066685864377	0.061899948402635095	0.09939459654829674	0.1534690853529634	0.2233070898945449	0.3199993694593705	0.44821868049802577	0.6018285115272116	0.7760998078258536	0.9896672969258048	1.234283282200429	1.4908626499539621	1.7693983431981979	2.05944703275743	2.3388834983294893	2.6215008161841764	2.897812727744097	3.1425413095596997	3.3715063756383867	3.590337753029058	3.7745175449337607	3.9189226087379985	4.026564901912931	4.072335395820473	4.058486021280183	4.024735208122039	3.950224447129872	3.830534324070298	3.6854255318849476	3.510478656340438	3.316080728341985	3.1449902843259707	2.948650065995648	2.7326336021294257	2.5394742360817304	2.3333381186863247	2.1426277274049004	1.9686097733234587	1.7425159190397093	1.4954228098635696	1.3125660273153579	1.1469083664015298	0.9832774432253053	0.8424754687323628	0.7239113110825679	0.6206039847352869	0.5212093881869901	0.4401398786828569	0.37840882509168877	0.3168466663119876	0.2591690881960261	0.20560128382576026	0.16078786051653102	0.12667110860020825	0.10147763255638906	0.07884572781981851	0.05829685909134028	0.043912650981405524	0.03273744428934271	0.02567201134297554	0.020154780835055355	0.015397576978736423	0.012273022966597956	0.009880346470816244	0.007966205274190874	0.006418002835743885	0.004813502126807914	0.0039408789342287006	0.003096404876893979	0.0023082290900482394	0.0014356058974690268	0.0007881757868457403	0.0007318775163567587	0.0006755792458677774	0.0005911318401343052	0.00042223702866736086	0.0002814913524449072	0.00016889481146694434	5.629827048898145e-05	2.8149135244490724e-05	0.0	0.0	0.0	0.0	0.0	0.0	0.0	0.0
Sor-CPnd_001-Ex1-3E-lcwgs-1-2-L2-clmp.r2	0.00011259682623325895	0.0002251936524665179	0.00036593968525809167	0.0003940888918164064	0.0008444761967494422	0.001829698426290458	0.0027304730361565298	0.0036030984394642865	0.005292050832963171	0.007178047672370259	0.010837444524951176	0.016973971554663788	0.026206911305791024	0.040422260617739965	0.05992966076265208	0.09348351498016326	0.1445743248835045	0.21410286508254192	0.30783972292173	0.4305984127225406	0.5892191916786441	0.7711193644584741	0.9780441818686456	1.21382193600109	1.4722598014129775	1.755468968596182	2.0469821517140896	2.3341040586089	2.6178480607167125	2.885012180161678	3.1375387121963194	3.3857584156275387	3.599833131503522	3.7600302660268916	3.9060683496514286	4.018580728265012	4.070966401670036	4.081550503335962	4.05469616027933	3.9616630326041	3.8273913173209384	3.6947241068116012	3.535089956419398	3.3391151803604115	3.151444420236127	2.9521198885967	2.731570855212304	2.5237452631922666	2.3280519791988623	2.1489385778683054	1.9664754209573094	1.7454760002679803	1.5066862810337966	1.3171013748635467	1.143420770398745	0.9911054137117037	0.8596486190843738	0.7305000593948259	0.6244056998765376	0.5288672928176174	0.4469812509394797	0.3736244186485116	0.309810167380812	0.25987347494636165	0.20889526186925372	0.1646165599530246	0.13061231843058038	0.10389872140673971	0.08016894027808037	0.05787476868389511	0.044532044775253916	0.034764270099518706	0.026741746230399006	0.021027457299061112	0.015904301705447828	0.012836038190591523	0.010584101665926342	0.008501060380611051	0.007346942911720148	0.005770587344454522	0.004616469875563618	0.003406053993556084	0.0026741746230399006	0.0021393396984319205	0.0013230127082407928	0.0012385650885658485	0.0011541174688909045	0.0010133714360993306	0.0008726254033077569	0.000647431750841239	0.0005066857180496653	0.0004503873049330358	0.0003377904786997769	0.00016889523934988845	0.0001407460327915737	0.0002251936524665179	0.00025334285902483265	0.0001970444459082032	0.0001407460327915737	8.444761967494422e-05	5.6298413116629476e-05
Sor-CPnd_001-Ex1-3E-lcwgs-1-2-L3-clmp.r1	0.0	9.890192489519692e-05	0.00042857500787918666	0.0005274769327743837	0.0007252807825647774	0.0020439731145007363	0.003923109687509478	0.005208834711147038	0.00675829820117179	0.009395682865043707	0.013351759860851586	0.01961554843754739	0.02795627743704233	0.04289046809621707	0.0679456224030003	0.10269316534951281	0.15600130286802394	0.23040851769751042	0.32779394641098103	0.4483553928582261	0.5982907109993446	0.7823142259210077	0.9984478991253114	1.2432960978575205	1.4878805581233425	1.748124489830904	2.048390733812722	2.342788796917425	2.615626240394975	2.8635733661072336	3.103410533978086	3.327588230407199	3.5314250976161996	3.7132068355735717	3.8754719270182916	3.9896377156556473	4.0255720817009015	4.022341285487659	3.992571806094205	3.9223184721103164	3.8100647873542677	3.675492234880203	3.51124910493758	3.342126813366793	3.163806642780753	2.973024829657918	2.7634516508049956	2.546592696818127	2.3507668855256374	2.156886145422753	1.9925770808635324	1.7838610520263685	1.5416172706497329	1.341505709278451	1.1577789001314736	1.0008215453227962	0.8586005773235029	0.7433139002040017	0.6484669542295078	0.5509166889745453	0.45933350652159294	0.38146472432077455	0.31447515385842784	0.25895820668392394	0.2123754000582862	0.1705728531359163	0.13249561205126548	0.1026601980412144	0.08103364379746468	0.06234117999227247	0.048264139348856094	0.03705525452740045	0.02700022549638876	0.02060456768649936	0.01671442530728828	0.014077040643416364	0.011637459829334838	0.00870336939077733	0.006626428967978194	0.005637409719026224	0.005076965477953442	0.003560469296227089	0.0020769404227991353	0.00161539810662155	0.0014175942568311558	0.001219790407040762	0.0008241827074599744	0.00046154231617758564	0.00026373846638719185	9.890192489519692e-05	3.296730829839898e-05	0.0	0.0	0.0	0.0	0.0	0.0	0.0	0.0	0.0	0.0
Sor-CPnd_001-Ex1-3E-lcwgs-1-2-L3-clmp.r2	0.0	0.00026377446755475136	0.0005605207435538465	0.0005934925519981905	0.0009891542533303176	0.0018134494644389155	0.0029674627599909527	0.0045171377568751165	0.005836010094648874	0.007286769666200005	0.010616922319078742	0.016980481348837118	0.02644339037236382	0.04042343715276564	0.062448605193587386	0.09601390618992948	0.14616402683377658	0.21853714636911148	0.31425430628304185	0.43727212358888906	0.589601878601758	0.7693641782403209	0.98249394802456	1.2207152640349448	1.4753895124590573	1.7412412039458023	2.0257219672036015	2.3155441634293847	2.5958704788231963	2.856182906491292	3.098097065047443	3.324250699167198	3.528906714181241	3.726111100486862	3.8873102719712596	3.976564957430098	4.03123221583082	4.044915516335223	3.9977328584513665	3.92420572562048	3.823377935397676	3.6860833250354283	3.523862027489256	3.3430776017889183	3.154149139402828	2.9773213307158115	2.777775946010642	2.568866567707279	2.370112506404774	2.168325038725389	1.9984213098116848	1.7856212581118893	1.5424871426432971	1.3470632339936708	1.1676965960564398	1.003398074578274	0.8685104062324631	0.7561095112456947	0.6488192465677997	0.5491784414489923	0.46223178258125736	0.3885068188997044	0.3213762169070202	0.2629172005351984	0.2141189240375694	0.17303605071591688	0.13436011941070145	0.10425685830101547	0.08233060568552676	0.06419611104113761	0.05011714883540276	0.03775272066877378	0.028223868028358395	0.022255970699932143	0.017969635602167435	0.013947074971957477	0.011474189338631683	0.009331021789749329	0.006990023390200911	0.005737094669315841	0.0054073765848724024	0.004121476055542989	0.0026707164839918575	0.0021761393573266983	0.0017475058475502278	0.0014177877631067885	0.001154013295552037	0.0009232106364416297	0.0005934925519981905	0.00026377446755475136	0.00046160531822081485	0.0005605207435538465	0.00026377446755475136	0.00016485904222171958	9.891542533303176e-05	0.00023080265911040742	0.0003626898928877831	0.00023080265911040742	0.00013188723377737568	0.00013188723377737568	6.594361688868784e-05
Sor-CPnd_002-Ex1-5E-lcwgs-1-2-L2-clmp.r1	0.0	9.391064589864036e-05	0.00018782129179728072	0.0004225979065438816	0.0012208383966823247	0.0020190788868207675	0.002817319376959211	0.0037094705129962946	0.004695532294932018	0.007700672963688509	0.011738830737330046	0.016669139647008665	0.025215008423784935	0.040146801121668754	0.05991499208333255	0.0965870993067516	0.14955270359358477	0.2157127536291769	0.30835560580818566	0.4265891089945738	0.5667037926753452	0.7239102139096693	0.9076463926103592	1.1227956823641443	1.3617513208532346	1.6000495848210345	1.8430433810837663	2.1017672105345206	2.359504978203339	2.591652094864778	2.8226253284524843	3.0397467417701405	3.2169091752579253	3.371673919698885	3.5393044226279575	3.6748644399826453	3.755768461424324	3.8009864374245197	3.7882615449052532	3.7606518150110535	3.707780121370119	3.609361764468344	3.4834275883182673	3.356648216355102	3.210898893920413	3.056275015448301	2.8998198793811665	2.7412987091042615	2.5817445217224715	2.40570901598547	2.2517425120346495	2.047439901882157	1.8038826417440332	1.6101449792551383	1.4276296389511307	1.260656510543348	1.107535202405615	0.9603772202824457	0.8427541362943985	0.7402037109730834	0.6363854919321364	0.5372158498631722	0.4532127771068384	0.3876631462695874	0.3241325943191572	0.26445237885057127	0.20890423180152548	0.16410885370787404	0.13433917895800504	0.10804419810638574	0.08461349195467496	0.06357750727337952	0.046438814396877665	0.03573300076443266	0.02845492570728803	0.0216464038796366	0.01587089915687022	0.012771847842215089	0.011222322184887524	0.009062377329218795	0.007325030380093949	0.005305951493273181	0.0034746938982496934	0.0023947214704153293	0.0016434363032262064	0.0010799724278343643	0.0009391064589864037	0.000798240490138443	0.000516508552442522	0.0002817319376959211	9.391064589864036e-05	0.0	0.0	0.0	0.0	0.0	0.0	0.0	0.0	0.0	0.0
Sor-CPnd_002-Ex1-5E-lcwgs-1-2-L2-clmp.r2	0.0002817918769734237	0.00018786125131561583	9.393062565780791e-05	0.0002817918769734237	0.0006105490667757514	0.000986271569406983	0.0018786125131561582	0.0033815025236810852	0.0050722537855216274	0.006340317231902034	0.0094869931914386	0.016203032925971864	0.023013003286162938	0.03503612337036235	0.058565745097643236	0.09313221533971655	0.14155345286631654	0.20880778083730697	0.2955057483194637	0.4122615160121189	0.5490714722827161	0.7049023802490195	0.8941256256366735	1.116882104384165	1.3458380044250717	1.5846096548472195	1.8451732104219787	2.105079251617133	2.355639195559336	2.594645672545628	2.838583507378955	3.0369180234554167	3.194815405186192	3.3506932784653243	3.522163635603652	3.6703391975788446	3.7602308063333667	3.8074779110392436	3.8168709736050244	3.789537161538602	3.714157834448212	3.625299462575925	3.4983052566865687	3.3571744916357122	3.2180632350364986	3.076744608734327	2.9110509850739543	2.7361051947862864	2.5861919162364253	2.425476615735916	2.263117529286395	2.0402671199132456	1.8079297173486577	1.614667455057718	1.4245988340391436	1.2565569447373253	1.1038257474177298	0.9638691151875959	0.847019416869283	0.7431321448917473	0.6373192950882267	0.539866270968251	0.458663245087076	0.38976513116707395	0.3239667278937795	0.2634754049701512	0.20688220301132193	0.163815011147217	0.13488437844461218	0.10806718481930801	0.08425577121505369	0.06434247857559842	0.048609098777915596	0.03752528495029426	0.029306355205236067	0.02207369702958486	0.01568641448485392	0.01235187727400174	0.011130779140450239	0.009158236001636271	0.0075614153654535365	0.005541906913810667	0.0035693637749967004	0.00248916157993191	0.0018316472003272542	0.0013150287592093109	0.001033236882235887	0.0012680634463804069	0.0012210981335515029	0.0007514450052624633	0.00042268781546013566	0.00037572250263123166	0.00037572250263123166	0.0003287571898023277	0.00018786125131561583	0.0002817918769734237	0.0002817918769734237	0.00014089593848671186	4.696531282890396e-05	0.0	0.0
Sor-CPnd_002-Ex1-5E-lcwgs-1-2-L3-clmp.r1	0.00010301923626689194	0.00010301923626689194	0.00020603847253378388	0.0001545288544003379	0.0003090577088006758	0.0013392500714695952	0.0021118943434712844	0.003296615560540542	0.005202471431478043	0.006902288829881759	0.01009588515415541	0.016071000857635142	0.02616688601179055	0.04192882916062502	0.06170852252386827	0.09328391843967064	0.14159994024884295	0.20418412628097982	0.2914414193990373	0.41161335850436676	0.5540889622614783	0.7198984230330409	0.9001820865001018	1.0956610873165291	1.3227669936668924	1.5672831509463605	1.82318293383332	2.100510717863793	2.3669184628499753	2.6119497163107783	2.8444126229470195	3.055344509203481	3.263752424171403	3.447744780144072	3.5896022684835827	3.708177409426775	3.775242932236522	3.7847722115912092	3.7928592216381602	3.7834844711378732	3.721312362050804	3.6392575403642247	3.5319114961741236	3.39329911377702	3.2552533371793846	3.0868168858830165	2.905451520435153	2.721150106753684	2.5477687321165043	2.3974636664031093	2.2447891582555752	2.0377204933591226	1.7851688356508368	1.5766579014466475	1.3991042477406594	1.2349946043675004	1.095867125789063	0.9724500807413263	0.8484149202759885	0.7215982404314446	0.6121918115160053	0.526685845414485	0.45385124537379246	0.38652817447337856	0.3144662187046876	0.24781277284000855	0.19645768356096294	0.15772245072461155	0.1246017662648058	0.09755921674474667	0.07628574445563348	0.05836039734519428	0.04682224288330238	0.039765425199020286	0.02889689577286319	0.019728183745109804	0.016895154747770275	0.014731750786165548	0.011435135225625006	0.008653615846418923	0.006593231121081084	0.0040177502144087855	0.0022664231978716228	0.0018543462528040548	0.0009786827445354735	0.00036056732693412176	0.0006696250357347976	0.0007211346538682435	0.00036056732693412176	0.00010301923626689194	5.150961813344597e-05	0.0001545288544003379	0.0001545288544003379	0.00010301923626689194	5.150961813344597e-05	0.0	0.0	0.0	0.0	0.0	0.0
Sor-CPnd_002-Ex1-5E-lcwgs-1-2-L3-clmp.r2	0.00020604876762232087	0.00020604876762232087	0.00015453657571674062	0.0002575609595279011	0.0006181463028669625	0.0009272194543004438	0.0017514145247897273	0.0030907315143348124	0.00463609727150222	0.0062844874124807866	0.008602536048231895	0.012826535784489473	0.02240780347892739	0.03842809516156284	0.059496581650945145	0.09318555515719461	0.13918594252887773	0.19811589006886152	0.2835746164402191	0.4016920724797145	0.5463383073505838	0.7001537123806463	0.8720498967695673	1.0789228594623774	1.310315625502244	1.563446536526265	1.8271889590828359	2.085728650256943	2.358331169821273	2.618570763328264	2.84857270018668	3.0530761020518336	3.2549523821298028	3.4530167600067587	3.583033532376443	3.682452062754213	3.760235472531639	3.793100250967399	3.8172079567792103	3.7975818116631843	3.7227861090162824	3.649278211167019	3.5384239741862102	3.393056568628663	3.253149455413107	3.0863529780228385	2.909460111019076	2.73668821936776	2.571849205269903	2.409019166656364	2.2602004442411427	2.044364360156762	1.7914910100922685	1.5819394134203684	1.3919624496725884	1.2359835325824917	1.0998883215679487	0.974559158661672	0.8527328248049748	0.72889751546396	0.6173736199883788	0.5339753812932444	0.45892211768681407	0.3876807562813967	0.31695451679503506	0.24849481375251894	0.19399491471641508	0.15664857558486942	0.12378379714910925	0.0978731646206024	0.0780924829288596	0.05918750849951167	0.04677307025026683	0.03925229023205212	0.030031607880953264	0.02137755964081579	0.016947511136935888	0.0148355112688071	0.011796291946377869	0.00952975550253234	0.0075722922101202905	0.0042755119281631575	0.002627121787184591	0.0022665364438455293	0.0014938535652618263	0.000978731646206024	0.0011332682219227647	0.000978731646206024	0.0005666341109613823	0.0002575609595279011	0.00020604876762232087	0.00030907315143348125	0.00036058534333906146	0.0004636097271502219	0.00041209753524464173	0.0002575609595279011	0.00010302438381116043	5.151219190558022e-05	5.151219190558022e-05	5.151219190558022e-05	5.151219190558022e-05
Sor-CPnd_003-Ex1-2B-lcwgs-1-2-L2-clmp.r1	0.0	7.872999077284508e-05	7.872999077284508e-05	0.00023618997231853527	0.00039364995386422544	0.0007085699169556058	0.000866029898501296	0.0012596798523655214	0.0025980896955038876	0.004093959520187944	0.006298399261827607	0.009132678929650029	0.015194888219159099	0.026610736881221637	0.04204181507269927	0.0705420717324692	0.11329245672212407	0.16808853030002424	0.24028393183872318	0.3443649796404244	0.48048913368667356	0.6403110149555491	0.8299715627273327	1.0507304568543905	1.2864480492282886	1.5512957381881396	1.8455884436970345	2.109097722813747	2.363238133028491	2.6325734314623936	2.9009639700070227	3.1246358737926756	3.3407496984641356	3.5735542811794385	3.7440834411934207	3.8529670184322655	3.935869698716071	3.9694874047760758	3.9557883863816015	3.9294925694634704	3.8772945855810743	3.763844668877405	3.629688764600477	3.4719138630916953	3.290677424332606	3.115503194863025	2.9367073858178947	2.7673591756655047	2.5808478275246345	2.3999263087286367	2.234435868124116	1.98494052736497	1.6995443108134067	1.4934291949700984	1.321876545076069	1.1507962751266765	0.9908169338762554	0.8525670700791395	0.7374638235692399	0.6351148355645413	0.5362299671538479	0.45143776709149375	0.3782976056635206	0.3120856834235579	0.25799817976261336	0.20910685549267652	0.1627348909274708	0.13029813472905863	0.10534072765406673	0.08030459058830199	0.06274780264595753	0.05227671387316913	0.037396745617101414	0.025665976991947496	0.020705987573258255	0.017320597970025917	0.015273618209931946	0.012439338542109523	0.00850283900346727	0.006770779206464677	0.005826019317190536	0.003857769547869409	0.002834279667822423	0.0025980896955038876	0.002046979760093972	0.000866029898501296	0.00023618997231853527	0.00023618997231853527	0.00023618997231853527	7.872999077284508e-05	0.0	0.0	0.0	0.0	0.0	0.0	0.0	0.0	0.0	0.0	0.0
Sor-CPnd_003-Ex1-2B-lcwgs-1-2-L2-clmp.r2	0.0	0.0	7.874468374953836e-05	0.0001574893674990767	0.0003149787349981534	0.0003937234187476918	0.0007874468374953836	0.0016536383587403055	0.0027560639312338426	0.004567191657473225	0.006772042802460299	0.009843085468692295	0.014331532442415983	0.022206000817369818	0.038584895037273796	0.06464938535837099	0.10843142952311433	0.1668599848652718	0.23631279593236462	0.33427118251679033	0.4686883576772523	0.6316898530387968	0.8311501369763774	1.0384061446051622	1.2589700037876193	1.5206385878873352	1.8095528325643915	2.0861829065765196	2.3398982776175323	2.60983505351095	2.8859926594205807	3.1224629447204446	3.345231655047889	3.5777647061602753	3.7309231160531273	3.8347086092350193	3.9625899756442693	4.013774020081469	3.9799138060691677	3.9621962522255214	3.898964271174642	3.762184755501694	3.6082388987713467	3.463899893458443	3.313261313445576	3.132699753607884	2.934263150559048	2.7664582294887814	2.5986533084185153	2.413130833504603	2.2465858273743295	1.9797988388308934	1.6989952965800397	1.5029997787274385	1.3281865808034634	1.1592004894769543	0.9924979939791814	0.8579233294512205	0.7463421125781247	0.6407454916699936	0.5400310411543341	0.4507345697823576	0.3791556522540272	0.31537245841690115	0.2593062435872298	0.2107995183975142	0.1635527081477912	0.1307161750242337	0.1069352805318731	0.08213070515076851	0.06205081079463622	0.04960915076220916	0.039057363139771026	0.028505575517332887	0.02259972423611751	0.01834751131364244	0.014252787758666443	0.012362915348677523	0.010473042938688601	0.008425681161200606	0.00622083001621353	0.00480342570872184	0.0037797448199778415	0.0032285320337310727	0.0025198298799852274	0.0013386596237421522	0.0010236808887439987	0.0007874468374953836	0.0003937234187476918	0.0003937234187476918	0.0003149787349981534	0.0003937234187476918	0.0004724681024972302	0.0004724681024972302	0.0004724681024972302	0.0001574893674990767	0.0	0.0	7.874468374953836e-05	7.874468374953836e-05	7.874468374953836e-05
Sor-CPnd_003-Ex1-2B-lcwgs-1-2-L3-clmp.r1	0.0	0.0	7.00058524892681e-05	0.0002800234099570724	0.000630052672403413	0.0008400702298712172	0.0010500877873390216	0.002100175574678043	0.003570298476952673	0.004270357001845354	0.005880491609098521	0.0081206788887551	0.013511129530428745	0.025832159568539927	0.042563558313475004	0.06335529650278764	0.09807819933746462	0.15233273501664737	0.233959559019134	0.3342079397837659	0.4506276724734188	0.6108010629688642	0.8020570519695446	1.0166949957016407	1.2685760529580272	1.5387986435666021	1.8068510527480097	2.062302408481349	2.348976374424902	2.643070960732317	2.8859212630175883	3.1432627767681383	3.385413020528516	3.5973907418660205	3.777025759353482	3.9096868498206447	3.9907536270032176	4.015325681226951	3.9925737791679383	3.9350989742742497	3.870483572426655	3.7630945947081176	3.6319736329957184	3.4925919806895855	3.3277982039298486	3.140042507553632	2.953196887259775	2.7707616356727423	2.562354212812191	2.351146555852069	2.179352193843405	1.961283963339335	1.7103829880177983	1.5034456880595217	1.3156899916833047	1.145505764281894	0.9991935325793236	0.873182998098641	0.7471724636179584	0.6344630411102368	0.5414252631519995	0.45482802362277486	0.38510219454346384	0.3185966346786591	0.2567814669306354	0.20574720046595893	0.1591233027081064	0.12699061641553233	0.10066841587956753	0.07875658405042661	0.0603450448457491	0.04445371633068525	0.03500292624463405	0.02884241122557846	0.023731983993861887	0.01848154505716678	0.013581135382918013	0.010500877873390217	0.00889074326613705	0.0058104857566092525	0.003570298476952673	0.0025902165421029196	0.002030169722188775	0.0025902165421029196	0.0025902165421029196	0.0014701229022746301	0.0008400702298712172	0.0008400702298712172	0.0004900409674248767	0.0001400117049785362	0.0001400117049785362	7.00058524892681e-05	0.0	0.0	0.0	0.0	0.0	0.0	0.0	0.0	0.0
Sor-CPnd_003-Ex1-2B-lcwgs-1-2-L3-clmp.r2	0.0	0.0	0.00021006285080496086	0.0004201257016099217	0.0004201257016099217	0.0007002095026832028	0.0009102723534881636	0.0010503142540248041	0.002170649458317929	0.003571068463684334	0.0056016760214656226	0.008332493081930114	0.014004190053664057	0.023246955489082333	0.038301459796771194	0.05895764012592568	0.09298782195632933	0.15026495927581535	0.22427710370942988	0.31859532372085725	0.4484841864685914	0.6068715759755319	0.7853549782094803	0.9972383737214174	1.2470031033285158	1.5155334476075242	1.7796524720196283	2.03929015561456	2.3151026787214737	2.6288665568738168	2.8969767754512152	3.1433104784951658	3.38866388823536	3.5834621718818274	3.7478013421615746	3.879440728666017	3.985312405471717	4.0290054784391485	4.023263760517147	3.9670369374516854	3.8975061338352432	3.794715378841349	3.6389187644943366	3.484872673904032	3.31948318937026	3.143030394694093	2.9555843108257993	2.762746613786845	2.561156297964351	2.3632070715558093	2.187734570183399	1.9689191005948978	1.7251061517606068	1.52071499792738	1.3307481598494268	1.1512144433614537	0.9939473890588064	0.8719708936913925	0.7602174570631534	0.6520350888985985	0.5536556537716085	0.46115797846715734	0.3906468815469588	0.32797813105681217	0.26348883585968924	0.20796222229691125	0.16342889792625953	0.12785825518995284	0.10055008458530793	0.08087419755990992	0.06154841528585353	0.045723680525213146	0.036971061741673104	0.032629762825037247	0.02548762589766858	0.018345488970299913	0.01477442050661558	0.011483435844004526	0.008962681634344997	0.007072115977100348	0.005251571270124021	0.0031509427620744126	0.0026607961101961708	0.00259077515992785	0.0020306075577812884	0.0015404609059030462	0.001470439955634726	0.001470439955634726	0.000980293303756484	0.0004201257016099217	0.00014004190053664057	0.00028008380107328115	0.0003501047513416014	0.00028008380107328115	0.00021006285080496086	0.0003501047513416014	0.00028008380107328115	7.002095026832029e-05	0.00021006285080496086	0.00014004190053664057	0.0
Sor-CPnd_004-Ex1-1G-lcwgs-1-2-L2-clmp.r1	0.0002468930566265685	0.00020574421385547372	0.00018516979246992638	0.0005143605346386843	0.001090444333434011	0.002016293295783643	0.0028804189939766324	0.0037445446921696222	0.005349349560242318	0.00831206623976114	0.012447524938256162	0.01777630007711293	0.02621181284518735	0.040675631079227156	0.06557068095573948	0.10153476953767629	0.15591296525967802	0.23057754046782944	0.3279357024642396	0.4525755472178856	0.6028716954393092	0.7843380920598371	0.9959254415888062	1.235349983252421	1.4942379275467634	1.7695648345281585	2.0532243821707	2.33643129254276	2.604516003196442	2.86398003128958	3.119761237954705	3.3529105810957276	3.5582433065234906	3.724813822060882	3.8554819722804936	3.9491984616916618	3.985882655022093	3.975369125694078	3.939158144055515	3.859411686765133	3.74672558083649	3.612415758031637	3.445186861009908	3.2723411469499246	3.100668174908917	2.916753422143509	2.718786339571772	2.522794401453048	2.3437557865560144	2.168502865193922	2.0067467642607486	1.7929373772221404	1.5558377451750924	1.3675612150759484	1.196299731462652	1.0422590385490589	0.9049659246433013	0.7872596598965846	0.6885847349314995	0.6006908067724411	0.5131260693555515	0.4308078093919765	0.3603404161464767	0.29832911009043694	0.2421197908651215	0.1921239468982414	0.14838272703256766	0.11622490640695712	0.08988964703345648	0.06869799300634269	0.05409015382260404	0.040860800871697085	0.03069703670723668	0.023784031121692764	0.018270086190366068	0.014072904227714405	0.011295357340665509	0.00940251057319515	0.008126896447291213	0.006398645050905234	0.004485223862049328	0.003250758578916485	0.0023660584593379478	0.0017282513963859795	0.0012550397045183897	0.0007612535912652528	0.0005143605346386843	0.00043206284909649487	0.00034976516355430534	0.0002468930566265685	6.172326415664212e-05	0.0	0.0	0.0	0.0	0.0	0.0	0.0	0.0	0.0	0.0
Sor-CPnd_004-Ex1-1G-lcwgs-1-2-L2-clmp.r2	0.000370326098875834	0.00024688406591722264	0.00024688406591722264	0.0004731944596746768	0.0008640942307102794	0.0015635990841424102	0.002304251281894078	0.0031477718404445887	0.004958254990504222	0.007056769550800614	0.010060525686126823	0.015718285530063176	0.02403004908260967	0.037279493953500616	0.0603220067724414	0.0969637168889892	0.1483978972884106	0.21929477155097302	0.3167316828996369	0.4422105094020653	0.5934064261042044	0.7750102302584815	0.9839152973687714	1.2248947193761404	1.486653550264876	1.7536792412265116	2.0366906754562883	2.312830503184702	2.596459147579271	2.8583825678452843	3.1102043150808516	3.3553601925366534	3.5542458813051363	3.717415675204261	3.8484905405341463	3.94856088191926	3.9889881477132056	3.98505857633069	3.941895012139495	3.85612337290542	3.7513005132513997	3.623023667335242	3.461108867437864	3.284998233750245	3.112446845346266	2.9353486753949785	2.7306612110774413	2.5304588072907332	2.3556854622934993	2.180089170409875	2.018277238873295	1.8019245024411692	1.5606570490235632	1.3751442471589301	1.2018727802293594	1.044031567419615	0.913018423106209	0.7969829121251142	0.6892180173522466	0.5965953452889685	0.5102064958901004	0.43085384236987306	0.36117081476473695	0.2963843211336258	0.24379801509325738	0.19769241578321603	0.1523891896874057	0.11652927911292908	0.08963948960011159	0.07005335370401192	0.054725967944984355	0.04207315956672669	0.03213607591355848	0.024400375181485506	0.018434010255152625	0.015039354348790814	0.012920266116334652	0.010760030539558953	0.008805531684380943	0.006624722435445475	0.0049376813183444525	0.003929571382515794	0.003065477151805515	0.0023659722983733838	0.0016253201006217158	0.0010698309523079648	0.0008229468863907421	0.0006789311812723624	0.0006172101647930566	0.0005349154761539824	0.0005966364926332881	0.0004320471153551397	0.0002263103937574541	0.00024688406591722264	0.0002674577380769912	0.000185163049437917	0.00010286836079884277	0.00014401570511837989	0.00010286836079884277	4.1147344319537106e-05	2.0573672159768553e-05
Sor-CPnd_004-Ex1-1G-lcwgs-1-2-L3-clmp.r1	4.943914992348055e-05	7.415872488522084e-05	0.0002471957496174028	0.0008157459737374292	0.0012606983230487542	0.0016314919474748584	0.002496677071135768	0.0038809732689932238	0.005487745641506342	0.008009142287603849	0.01065413680851006	0.016759871824059906	0.027018495433182122	0.04068842038702449	0.0619225352791594	0.09702433172483059	0.153904073711795	0.2261593913249618	0.31947578680553135	0.44472987313666934	0.6004879149705948	0.7842779548111338	0.993257241537686	1.2252504525536188	1.4773901171633694	1.7491818438677038	2.0260163638642332	2.305125084757243	2.5896968317167968	2.8658392036143976	3.1149136409288922	3.3365987891857793	3.53902738854747	3.7059586782641025	3.8392466264578062	3.928039339720377	3.972658172526318	3.9744379819235633	3.9376305348055323	3.8708382432589103	3.765211499447394	3.622727869367923	3.45265719363115	3.274626814756696	3.0944458328605715	2.926871834194934	2.7428840377547012	2.5429768350391075	2.365416128088927	2.183826130419983	2.013483539358631	1.809299850174656	1.5723874437413372	1.3795500394648015	1.2008027929164575	1.0466020843051216	0.9202108975257436	0.8024715619829746	0.699267336517709	0.5997957668716661	0.5092726833617732	0.432197048631067	0.36285864086338554	0.2994529310865217	0.2424990303746721	0.19694085372018477	0.1557580418339255	0.12023601261390471	0.09311863888087563	0.0717362065389703	0.055915678563456514	0.042740145108848944	0.03176465382583626	0.02405214643777329	0.019627342519621782	0.0161418824500164	0.012755300680257983	0.009541755935231747	0.0073911529135603435	0.006006856715702887	0.004523682217998471	0.0032877034699114573	0.0023483596213653263	0.0016067723725131178	0.0012112591731252736	0.0013101374729722348	0.0009887829984696111	0.0004943914992348056	0.00027191532457914304	0.0001235978748087014	7.415872488522084e-05	4.943914992348055e-05	2.4719574961740275e-05	0.0	0.0	0.0	0.0	0.0	0.0	0.0	0.0
Sor-CPnd_004-Ex1-1G-lcwgs-1-2-L3-clmp.r2	0.0	4.944044539908451e-05	0.0002224820042958803	0.0005191246766903874	0.0011371302441789436	0.0015820942527707044	0.0021753795975597186	0.0037327536276308805	0.005339568103101128	0.007712709482257184	0.011297141773690811	0.0157962223050075	0.023830294682358737	0.03725337560821018	0.05903189180650691	0.09368964403126515	0.14570099259110206	0.21756267997867137	0.31320522160320036	0.4359164070837281	0.591777411204342	0.7710484662214225	0.9742734170343594	1.2087694495622172	1.4628438984681125	1.7418363318551466	2.020087158561194	2.2938141845132254	2.578640590457351	2.8455201147216096	3.093093145057525	3.323386739726461	3.523620543592753	3.699208285427602	3.846145289153681	3.93476728753154	3.9772366301293536	3.99147547840429	3.9587706237727955	3.8699014231679407	3.760366116386269	3.636863883779356	3.4662201864844158	3.2759486323660396	3.0969494997986535	2.931472329047918	2.751583268463349	2.5475672705240267	2.366689401031476	2.1924365512224027	2.0255750480004924	1.8185679031145257	1.5815998483167135	1.3942700006995823	1.2100549011425934	1.0511780298526352	0.9298264566205824	0.8120593156799631	0.7007935933093234	0.598526032001317	0.5115355683216279	0.43700409688250796	0.3654390521673332	0.30064734847183294	0.2458673349696473	0.2003079645343909	0.15736893770528598	0.12211790013573876	0.09475261360734547	0.07356738275383776	0.057400357108337116	0.04392783573708659	0.034039746657269686	0.02630231695231296	0.021333552189704966	0.01666143009949148	0.012854515803761972	0.010085850861413241	0.008256554381647114	0.0069216623558718314	0.005562050107397008	0.0041777176362226415	0.0027933851650482748	0.001928177370564296	0.0017056953662684155	0.0017551358116675003	0.0012607313576766552	0.0008652077944839789	0.0005932853447890142	0.00037080334049313386	0.00037080334049313386	0.0002719224496949648	0.00024720222699542254	0.0002966426723945071	0.0002224820042958803	0.0002224820042958803	0.00024720222699542254	0.00012360111349771127	4.944044539908451e-05	0.0	2.4720222699542256e-05
Sor-CPnd_005-Ex1-3D-lcwgs-1-2-L2-clmp.r1	0.0001223692148424068	0.0001223692148424068	0.00030592303710601704	0.0006118460742120341	0.0010707306298710596	0.0019273151337679073	0.002783899637664755	0.003671076445272204	0.005384245453065899	0.007586891320229222	0.01058493708386819	0.01547970567756446	0.02266889704955586	0.034752857015243534	0.056228654220085925	0.08605615033792259	0.13197519820753573	0.19848286647438382	0.2812350480115614	0.3931111026812319	0.5334074074980513	0.7069575464482948	0.9175549651920769	1.155563088060558	1.4239493685136668	1.7069281778367325	1.998228093769082	2.3097801147578494	2.606617237661818	2.879837102101202	3.1492329285767604	3.395745711876789	3.610442499317792	3.805927320028536	3.9742461750442675	4.080248507401502	4.12846197804941	4.129349154857017	4.075476108022648	3.9923568188409435	3.869314573316903	3.7101734094143533	3.5341758861672616	3.3468286182435367	3.1490187824507863	2.9447233782713877	2.753857995420944	2.551428721767892	2.3425138797281937	2.1451935207948125	1.9620679907831506	1.7478606802015177	1.5173476717421337	1.3221993663722056	1.1399610131681512	0.9790760879540968	0.8480186588578792	0.7340011429284666	0.6308133025126071	0.5408107449960169	0.45922107099984216	0.3799870043893837	0.31757870481975625	0.2608605737403007	0.20732404224674772	0.16764582433409733	0.13610515920846697	0.10535989397931227	0.07767385912121771	0.05941025380598851	0.04515424027684811	0.034477526281848116	0.02679885805048709	0.023158373908925486	0.018997820604283656	0.015204374944169046	0.012848767558452713	0.011410929284054435	0.009238875720601714	0.006883268334885383	0.005812537705014323	0.004466476341747848	0.0032121918896131784	0.0023556073857163313	0.0019579074374785088	0.0013766536669770765	0.0007342152890544408	0.0004894768593696272	0.0002753307333954153	9.17769111318051e-05	3.05923037106017e-05	0.0	0.0	0.0	0.0	0.0	0.0	0.0	0.0	0.0	0.0
Sor-CPnd_005-Ex1-3D-lcwgs-1-2-L2-clmp.r2	0.0	0.0001223528951142042	0.0003976469091211636	0.0007341173706852252	0.001131764279806389	0.0018352934267130629	0.0024164696785055327	0.003028234154076554	0.004435292447889902	0.0064847034410528215	0.00987999628047199	0.015018817875268563	0.022054109344335306	0.03159763516324323	0.050959980815066044	0.07851997043954054	0.1209764250441694	0.18255051951039267	0.2631810773906532	0.3766022111615205	0.5192045104171256	0.6929150332555168	0.9037290715372907	1.1417360407581965	1.400114767015617	1.68103701419783	1.9819333715074365	2.2860109040900127	2.5741519720839636	2.845469516999711	3.117123532377023	3.381895197404161	3.6129280516035567	3.7970997469742125	3.937071458984862	4.060862000616659	4.137332560063036	4.127574916677679	4.090716107024525	4.011982019018534	3.893360887205313	3.733506829738605	3.5451445477102874	3.362471675304781	3.167532925164075	2.9628671198617904	2.7610460193709105	2.5627731528383424	2.362848522221733	2.170081535969304	1.9746227860243628	1.757752279434436	1.5392911852080244	1.3441994939484259	1.1606089748295623	0.9979713889990065	0.8544208548062664	0.73105854830737	0.6347056434049343	0.5495174401816696	0.46081159122387155	0.38171044453253855	0.3188516446676161	0.26541401772648743	0.21430109579252862	0.17043758289408645	0.13599524291943796	0.10889407665164172	0.085983497041507	0.06551997533365635	0.04698351172385441	0.03529881024044791	0.030557635554772495	0.02514351994596896	0.019607051442051222	0.016884699525760178	0.014192935833247686	0.011684701483406501	0.010185878518257498	0.008717643776887048	0.006851762126395435	0.005505880280139188	0.004741174685675412	0.003762351524761779	0.002783528363848145	0.0018352934267130629	0.0018047052029345118	0.0013152936224776952	0.0006729409231281231	0.0004894115804568168	0.0004588233566782657	0.0005505880280139188	0.00058117625179247	0.0005199998042353678	0.0006423526993495721	0.00058117625179247	0.0003670586853426126	0.0003976469091211636	0.0002752940140069594	6.11764475571021e-05	3.058822377855105e-05
Sor-CPnd_005-Ex1-3D-lcwgs-1-2-L3-clmp.r1	0.00015261397211437504	0.00011446047908578126	0.0005723023954289063	0.0009919908187434375	0.0008775303396576564	0.0016787536932581252	0.0028233584841159376	0.004158730740116719	0.005646716968231875	0.007439931140575782	0.010034368666520157	0.01423125289966547	0.021976411984470003	0.03708519522379313	0.05833669084071985	0.08657027568187924	0.1342621419676214	0.20248058750274703	0.28813517935194	0.39973414646057676	0.5492576856396356	0.7250689815153957	0.9193084145239665	1.1518539545332453	1.4168681171098576	1.704812528996655	1.999662723121627	2.29722181525163	2.585929296998999	2.868150684931507	3.129807340121603	3.3631159499914536	3.5918461406978732	3.774448758332723	3.920576636632237	4.029047017312529	4.087116633702049	4.0920002808097085	4.047551461431397	3.995319329475252	3.880286547994042	3.716073913998975	3.54472657680756	3.3347297511781795	3.149647156496472	2.9751330793836837	2.7531560569433253	2.5473942690401192	2.362845823260811	2.1722691255829853	2.0145044319097503	1.7807379801235563	1.5142739848118574	1.3201490122823725	1.1527696383659316	1.0065272995873318	0.860094193343589	0.7322036847117427	0.6326230679071131	0.5516232022074085	0.47054702952164673	0.39122591751520036	0.3246480721803043	0.2671889116792421	0.21671184040241254	0.17481930505701657	0.1392602495543672	0.10827961321514908	0.08340353576050595	0.06467017068346641	0.048264168681171095	0.03609320440504969	0.029683417576245937	0.024685309989500158	0.019534588430640005	0.015566625155666251	0.013124801601836251	0.010034368666520157	0.00763069860571875	0.006562400800918126	0.005379642517031719	0.0039298097819451564	0.0028233584841159376	0.0022510560886870312	0.001716907186286719	0.0016406002002295314	0.0013735257490293752	0.0005723023954289063	0.00026707445120015624	7.630698605718752e-05	0.0	0.0	0.0	0.0	0.0	0.0	0.0	0.0	0.0	0.0	0.0
Sor-CPnd_005-Ex1-3D-lcwgs-1-2-L3-clmp.r2	7.62988059618361e-05	3.814940298091805e-05	0.0001525976119236722	0.0005340916417328527	0.0010681832834657054	0.0019074701490459024	0.0025941594027024274	0.0033189980593398708	0.004921272984538428	0.006828743133584331	0.009308454327344005	0.014382324923806105	0.021211068057390436	0.03341887701128421	0.053142118352418846	0.0803044932748325	0.12520634058337304	0.18479570803956702	0.2697544284780715	0.3862627051817953	0.5339771935239099	0.7054969093261175	0.8995629222900475	1.1287645353994034	1.3841747883566495	1.6757506753398062	1.9735449150088527	2.2630988836340205	2.5501731410654287	2.8206905576031187	3.0853711154847283	3.33643233650215	3.5648709615518874	3.759776261381397	3.9211100865877	4.027203576277634	4.099725591344358	4.1146420079098975	4.049788022842336	3.9860022210582415	3.8843340621140947	3.71834600974412	3.5446899273749817	3.3724072235131555	3.1895571350256153	2.9854578290777036	2.774033837757456	2.5779459064355374	2.3942565310824167	2.2012205519989716	2.015661855899786	1.796455386371431	1.5518032650548035	1.3435456741819718	1.161954515992802	1.0188561054113783	0.8772455215462105	0.744790794396463	0.6488450458994541	0.5584691102376593	0.47404448144088773	0.4011791217473342	0.3315946107101397	0.2693729344482624	0.22115208908038195	0.18460496102466245	0.1462266616258589	0.11528749580833435	0.0894222005872719	0.06687590342554935	0.05096760238250651	0.03853089701072723	0.03257959014570401	0.02609419163894795	0.020219183579886568	0.01682388671458486	0.01430602611784427	0.011978912536008269	0.009918844775038693	0.008125822834935544	0.00644724910377515	0.005035721193481182	0.003700492089149051	0.002899354626549772	0.0022889641788550828	0.002174515969912329	0.0018693207460649844	0.0011063326864466235	0.0009918844775038693	0.0008011374625992791	0.0003814940298091805	0.0005722410447137707	0.0006485398506756068	0.0005340916417328527	0.00045779283577101663	0.0003814940298091805	0.00045779283577101663	0.00034334462682826246	0.00019074701490459024	0.00011444820894275416	3.814940298091805e-05
Sor-CPnd_006-Ex1-2D-lcwgs-1-2-L2-clmp.r1	0.0	0.0001609858775138951	0.0003219717550277902	0.0004427111631632115	0.0007646829181910018	0.0011269011425972656	0.0015696123057604772	0.0025757740402223214	0.004427111631632115	0.006358942161798856	0.009377427365184389	0.015092426016927665	0.024147881627084263	0.038757350011470244	0.06093315463900929	0.09437797069252099	0.14174806515098462	0.20384836740196965	0.2896538401168758	0.4084614177221303	0.5530267357296081	0.7265292652202086	0.9239784439910008	1.148593989592263	1.3892678764755362	1.6465233087427404	1.9204810258020115	2.1920642011679528	2.4694831145937726	2.7378868188788137	2.9737713759060487	3.1966160768546583	3.414349476192201	3.6064458745356562	3.7609520704796173	3.8463550785007383	3.9056783743646086	3.954980299353239	3.947333470171329	3.8972668622645075	3.809730791366327	3.685248461578708	3.5303398009409626	3.3720906833448034	3.21158776346345	3.0231135473640576	2.82236415810423	2.6381963142283342	2.460508151922373	2.291754705818432	2.144372134954461	1.915691695945973	1.6549348208428416	1.4499193058288962	1.2623707585252084	1.100096993991202	0.9643054063082315	0.8429220546627546	0.7295879968929725	0.6263558029371874	0.5356402609581075	0.45486559691551054	0.3862453666252128	0.32189126208903324	0.2598714527768052	0.20863769725800804	0.1675862984919648	0.13691848882556779	0.10802152381182362	0.08475906451106577	0.06612494918883241	0.049382417927387325	0.0379121741545223	0.02909819736063654	0.022699008729459208	0.01758770711839304	0.014005771343708872	0.011711722589135868	0.0090554556101566	0.006922392733097489	0.005272287488580064	0.003783168121576535	0.003018485203385533	0.0024550346320869002	0.0016903517138958987	0.001046408203840318	0.0009256687957048968	0.0008451758569479493	0.000523204101920159	0.00024147881627084263	4.024646937847377e-05	0.0	0.0	0.0	0.0	0.0	0.0	0.0	0.0	0.0	0.0
Sor-CPnd_006-Ex1-2D-lcwgs-1-2-L2-clmp.r2	0.0001610310496044071	0.00020128881200550888	0.0004830931488132213	0.0007648974856209337	0.0008051552480220355	0.0009661862976264427	0.0015297949712418674	0.00249598126886831	0.003784229665703567	0.005394540161747638	0.009219027589852305	0.014774598801204351	0.021256098547781738	0.03264904530729354	0.05322076189425654	0.08534645629033576	0.13409860655807002	0.1980279332510196	0.28059660393567937	0.3962571553140447	0.5406214912843957	0.705275739504902	0.8963793376229321	1.117837288591393	1.3581358723635695	1.618241275237088	1.9076945869010098	2.1818096910901117	2.461882944114577	2.736883719076503	2.966352964762783	3.201216750610811	3.406491081094029	3.592401427862317	3.751500104871471	3.853231470459055	3.9239643589977913	3.9661142362317445	3.9742060464743663	3.91587254875517	3.8080220032826175	3.683102166551999	3.544615463892209	3.3971512802169737	3.2341073424925115	3.04807622243702	2.839742302011318	2.6464647847236287	2.4649827918194616	2.282454097092866	2.1274617118486243	1.922549701227016	1.671220490556938	1.4587400206039227	1.2805189064542453	1.1152607917977224	0.9715808377881903	0.8485531158904233	0.7336574619976787	0.630517074726056	0.5408630378588023	0.45990467767018667	0.3892925624186542	0.3239944718040671	0.2609910736463428	0.2093001067233281	0.16570095004293492	0.13341422459725127	0.10825312309656267	0.08538671405273686	0.06485525522817495	0.048631376980530945	0.038446163093052196	0.03011280627602413	0.022826151281424706	0.017673157694083678	0.014452536701995537	0.012842226205951466	0.010144956125077646	0.007528201569006032	0.006038664360165266	0.00499196253773662	0.004066034002511279	0.0029388166552804292	0.002133661407258394	0.0015297949712418674	0.0014492794464396638	0.0014895372088407656	0.0010064440600275444	0.0007648974856209337	0.0006038664360165266	0.0003220620992088142	0.00024154657440661066	0.00024154657440661066	0.0001610310496044071	0.00012077328720330533	0.0001610310496044071	0.00012077328720330533	4.0257762401101775e-05	0.0	4.0257762401101775e-05
Sor-CPnd_006-Ex1-2D-lcwgs-1-2-L3-clmp.r1	0.0	7.129214880952805e-05	0.00017823037202382012	0.0002495225208333482	0.0004990450416666964	0.0009624440089286287	0.001318904752976269	0.0023526409107144258	0.003671545663690695	0.005774664053571772	0.00973137831250058	0.015185227696429474	0.021102476047620305	0.0327943884523829	0.05378992627678891	0.08305535336310019	0.12896749719643624	0.18903113256846363	0.27055370473215895	0.3908948519226423	0.5402162576041988	0.7102480325149233	0.899243519008982	1.1212472704018526	1.3728729096250816	1.64506633377986	1.922071977979281	2.195334784366202	2.4673499781489565	2.7284931192382578	2.9825783375954154	3.2318869819823357	3.4461198891549674	3.62392250828593	3.765900822640105	3.8965080392591602	3.973325329601427	3.9921464568871428	3.9890808944883323	3.911978435550828	3.8151280513930845	3.698244573419863	3.5458932514139017	3.387802911428773	3.2238309691668583	3.0382931518900618	2.8500105868840984	2.6568088636102773	2.4726255971608615	2.2830597734763267	2.0983418159108393	1.8938759331251127	1.6448524573334313	1.4309047187560375	1.2543497122292413	1.0985407210060179	0.9583803564464857	0.8303396571845731	0.7144899153690901	0.616926609723251	0.5292729127619362	0.4436510420416931	0.37118257277680783	0.3091584033125184	0.2514474088512054	0.20332520840477403	0.16169059350000964	0.12903878934524576	0.10148437383036318	0.0792768694761952	0.061346894050598885	0.04876382978571719	0.0396384347380976	0.030227871095239896	0.023205594437501382	0.018821127285715406	0.014472306208334194	0.010729468395833972	0.008341181410714781	0.00645193946726229	0.004883512193452672	0.003742837812500223	0.0034220231428573463	0.00238828698511919	0.001318904752976269	0.0012476126041667409	0.001211966529761977	0.0009267979345238647	0.00046339896726193234	0.0001425842976190561	3.5646074404764024e-05	3.5646074404764024e-05	7.129214880952805e-05	7.129214880952805e-05	3.5646074404764024e-05	0.0	0.0	0.0	0.0	0.0	0.0
Sor-CPnd_006-Ex1-2D-lcwgs-1-2-L3-clmp.r2	0.0	3.565437363287761e-05	3.565437363287761e-05	0.00014261749453151043	0.00039219810996165373	0.0007487418462904298	0.0013905205716822269	0.0019609905498082685	0.0037080548578192715	0.005740354154893296	0.008093542814663218	0.013691279475025003	0.019788177366247075	0.029414858247124028	0.047776860668056004	0.07719171891518002	0.12118921597815101	0.17887799251614697	0.2601699643991079	0.3721960063536094	0.5274708035247914	0.7024981236885876	0.8781672225777755	1.0875297045500327	1.3409966467061598	1.6200990835043259	1.892177608696815	2.163257811427583	2.4385808846206642	2.7006761851959475	2.960097407748765	3.2229414501703384	3.4463874097275826	3.628331678376157	3.7858527010862106	3.9099299213286245	3.9902948794971307	4.009869130621581	3.9782793555828513	3.918986132231375	3.8450389613167872	3.714615262567721	3.5644746951996735	3.40670409187419	3.241303452591271	3.062033261965162	2.858054590411469	2.662347733540604	2.478192893726791	2.2890107872307426	2.1087066197692805	1.9021608333140205	1.655575185269039	1.450170338770031	1.2647675958790674	1.0951597405074687	0.9619193462414052	0.8423702314503665	0.7223576098021004	0.6208852624429306	0.532854613943356	0.4443604585865537	0.37494139312334096	0.3155768610245997	0.25457222773874616	0.20679536707069016	0.16668419673370283	0.13306212239789925	0.10378988164530673	0.08029364942124038	0.06300127820929474	0.04973785121786426	0.039184156622532496	0.029949673851617193	0.023924084707660876	0.019966449234411463	0.01583054189299766	0.012122487035178387	0.008770975913687893	0.00627516975938646	0.005704699781260418	0.0047776860668056	0.003672400484186394	0.0026740780224658207	0.001996644923441146	0.00164010118711237	0.0013905205716822269	0.0013548661980493492	0.0010339768353534507	0.0006061243517589194	0.00039219810996165373	0.00046350685722740893	0.00046350685722740893	0.00035654373632877613	0.00024958061543014327	0.00017827186816438806	0.00010696312089863283	7.130874726575522e-05	0.00017827186816438806	0.00014261749453151043	3.565437363287761e-05
Sor-CPnd_007-Ex1-1C-lcwgs-1-2-L2-clmp.r1	0.0	0.0	0.0	0.0	0.00011333396800355415	0.00039666888801243955	0.000680003808021325	0.0014166746000444268	0.0026633482480835228	0.0031733511040995164	0.004873360624152829	0.006913372048216803	0.010653392992334091	0.017793432976558003	0.029976834536940073	0.048846940209531835	0.08046711728252344	0.1285773867000322	0.1913077379899994	0.27438153653660463	0.3848821553400699	0.5257562775684876	0.6938872191017603	0.8921083291399765	1.1146962422989568	1.376497708387167	1.6488392334997077	1.9053140030917508	2.173178836468151	2.4414403387325634	2.7125918571810668	2.988900071173732	3.2214613735170246	3.444672623500025	3.635073689745996	3.7572477072538275	3.8546582527528823	3.8974418256742234	3.9271353252911547	3.9366553786034535	3.852958243232829	3.743194295221387	3.652073784946529	3.536189802662895	3.3798455938019916	3.2240680547811067	3.0833639335046943	2.9109829681712887	2.710381844804998	2.531597510279391	2.372193284282392	2.142181996219179	1.8893339136032496	1.670656022340392	1.471074904686133	1.2937072447605706	1.1315830035314864	0.9962622457352428	0.8684781968112355	0.7510075389755516	0.6462869525402676	0.5390163518249036	0.4492558491660886	0.3798954607479135	0.31110174216975617	0.2467280483437374	0.19193107481401897	0.1500541736367057	0.11843399656371409	0.09446386233096239	0.07621709348239017	0.0593303322498606	0.04278357292134169	0.032186846913009375	0.027426820256860104	0.022383458680701948	0.01586675552049758	0.012240068544383849	0.0108800609283412	0.008500047600266562	0.005950033320186593	0.004023355864126172	0.0031733511040995164	0.0024933472960781914	0.0011900066640373186	0.000736670792023102	0.000736670792023102	0.00039666888801243955	0.0002833349200088854	0.00011333396800355415	0.0	5.6666984001777076e-05	5.6666984001777076e-05	0.0	0.0	0.0	0.0	0.0	0.0	0.0	0.0
Sor-CPnd_007-Ex1-1C-lcwgs-1-2-L2-clmp.r2	0.0	5.6658507841537484e-05	0.00011331701568307497	5.6658507841537484e-05	0.00039660955489076243	0.0005665850784153749	0.0007365606019399874	0.0013598041881968997	0.0024363158371861118	0.0033428519626507117	0.004249388088115312	0.006062460339044511	0.010311848427159823	0.016997552352461247	0.02946242407759949	0.051559242135799106	0.08136161726044783	0.12464871725138248	0.18374354093010606	0.27048771643549996	0.38607107243223643	0.5263008793400417	0.6927069168706372	0.8898218656513462	1.1269377209681806	1.3713058652887318	1.6189035445562505	1.9010629136071073	2.185715257002992	2.4513303417641192	2.704367237784426	2.9541745988577643	3.2177499773365965	3.431579185930559	3.604954219925664	3.768130722509292	3.8608806998458887	3.8841673465687605	3.909720333605294	3.916462696038437	3.854534946967637	3.775383011513009	3.6635957755416553	3.533337866013961	3.380643187381017	3.2302715075695767	3.067774907080047	2.9090744266159008	2.7341129544012333	2.5418139787870544	2.3811304505484543	2.1495104704922494	1.8989665488169702	1.6791315383918048	1.474650983591696	1.2888110778714532	1.1275609645544376	0.9924304233523705	0.8621158553168343	0.7464191823044148	0.643980600126915	0.542675188106246	0.463296618620252	0.38884733931647175	0.30844891668933005	0.2477109962832019	0.1985880699845889	0.1541677998368235	0.12436542471217478	0.09813253558154293	0.07801876529779712	0.06232435862569124	0.044023660592874624	0.03388178768923941	0.028952497507025658	0.022040159550358082	0.01682757682893663	0.014107968452542835	0.012238237693772098	0.008952044238962923	0.006402411386093735	0.004022754056749162	0.0028895838999184117	0.0030029009156014867	0.0026062913607107245	0.0018130722509291995	0.0014731212038799747	0.0010765116489892122	0.0005665850784153749	0.00039660955489076243	0.00033995104704922493	0.00028329253920768744	0.00039660955489076243	0.0005665850784153749	0.0004532680627322999	0.00022663403136614994	0.00022663403136614994	0.00011331701568307497	0.0	0.0	0.0
Sor-CPnd_007-Ex1-1C-lcwgs-1-2-L3-clmp.r1	0.0	0.0	0.0	0.00027690207496569873	0.0004153531124485481	0.00027690207496569873	0.0004845786311899728	0.0012460593373456444	0.0018690890060184665	0.0019383145247598911	0.003322824899588385	0.006437973242952496	0.009760798142540881	0.01862166454144324	0.03267444484595245	0.04887321623144583	0.07919399344018985	0.12370600199092592	0.18330917362729257	0.2712948079476433	0.3936855250824822	0.5311674053029516	0.6974471013198538	0.8938398979892755	1.121314952573597	1.3843719237910108	1.6405755686530237	1.881549599391923	2.150144612108651	2.4205394883126554	2.690934364516661	2.934746641523958	3.160906411252193	3.403680305478369	3.5875432832555934	3.7416392879740044	3.8666605748210174	3.9204488028831044	3.938447437755875	3.9391396929432894	3.8782904619695766	3.800896332016664	3.697542632535717	3.563798930327285	3.424586412138279	3.253460929809478	3.0646829402016125	2.863305906182808	2.711355892545381	2.5553907988209508	2.375473675611988	2.158313223320139	1.9044632460953348	1.6674350699246963	1.456089561207127	1.2954863577270217	1.1409057743774202	0.9998933927011382	0.8750797824103494	0.7554580860251676	0.6496814933882707	0.5498582953631364	0.46644154527971954	0.384201629014907	0.2997464961503689	0.24042022658896794	0.19168546139500497	0.1536114260872214	0.12578276755316867	0.10037700217506579	0.07614807061556716	0.053649777024604134	0.04042770294499202	0.03191296413979678	0.024990412265654315	0.020144625953754585	0.0168218010541662	0.013983554785767786	0.010522278848696553	0.007199453949108168	0.005122688386865427	0.003530501455812659	0.0026305697121741384	0.0016614124497941925	0.0013845103748284938	0.0013845103748284938	0.0009691572623799456	0.0004153531124485481	0.00027690207496569873	0.00027690207496569873	0.00013845103748284936	0.00013845103748284936	6.922551874142468e-05	0.0	0.0	0.0	0.0	0.0	0.0	0.0	0.0
Sor-CPnd_007-Ex1-1C-lcwgs-1-2-L3-clmp.r2	0.0	0.0	6.922705227057809e-05	0.00020768115681173426	0.0004153623136234685	0.000830724627246937	0.0011768598885998276	0.0011768598885998276	0.0017306763067644522	0.0020075845158467644	0.003807487874881795	0.0070611593315989644	0.010384057840586713	0.016822173701750476	0.029075361953642794	0.04686671438718136	0.07407294592951855	0.11990125453264125	0.18345168851703192	0.27282381299834824	0.38857144439475483	0.5237718774791937	0.6919936144966985	0.8951750129108452	1.1153170391312834	1.3736031711528105	1.6367351968332777	1.8817989618711242	2.153515142033143	2.419623930961245	2.68005610160316	2.943257354335898	3.167068414326677	3.3633963345660365	3.55425531767602	3.7188772479754553	3.858023623039317	3.924550820271342	3.9154820764238965	3.916035892842061	3.892567922122335	3.8128183579066293	3.6954785043079994	3.548717153494374	3.401471213314854	3.2468872055946534	3.069735178834244	2.903867161593939	2.7512215113373144	2.565554557147624	2.3731725788876874	2.1552458183399077	1.9064437924794497	1.6781329740910833	1.4736362616837957	1.311160370004749	1.1537380531414545	0.99991554299623	0.8773144334250362	0.7645435652762644	0.6575185424659508	0.5521549689101308	0.46354434200379085	0.386079270513014	0.3075757932381784	0.2429869534697291	0.19258965941674824	0.15700695454967112	0.12786236554375774	0.10093304221050285	0.07573439518401243	0.05378941961423917	0.042574637146405525	0.03523656960572425	0.027344685646878343	0.02132193209933805	0.018206714747162036	0.01599144907450354	0.011837825938268853	0.008168792167928214	0.005745845338457981	0.0038767149271523725	0.0028383091430937016	0.002353719777199655	0.002284492724929077	0.002284492724929077	0.001592222202223296	0.0006922705227057808	0.000761497574976359	0.0008999516795175152	0.0006922705227057808	0.00048458936589404657	0.0004153623136234685	0.00027690820908231236	0.00013845410454115618	0.00013845410454115618	0.0003461352613528904	0.0004153623136234685	0.0004153623136234685	0.00027690820908231236	0.0
Sor-CPnd_008-Ex1-1A-lcwgs-1-2-L2-clmp.r1	0.0	3.8484940265599965e-05	0.0001154548207967999	0.0002309096415935998	0.0003848494026559997	0.0005195466935855996	0.0008081837455775993	0.0015778825508895985	0.0018857620730143984	0.002386066296467198	0.0038100090862943966	0.005522588928113596	0.008293504627236792	0.013219576981233588	0.02180171866046238	0.03515599293262557	0.056880741712556755	0.09119006595933912	0.14293306814643827	0.2274844819099614	0.3419386942598557	0.48131190543172603	0.6573997496169787	0.8753399663410713	1.1268582934468998	1.4210179343670133	1.7399233918779073	2.059810215365574	2.380659162359881	2.689616262812118	2.9987273030254165	3.3019501473780783	3.574635191629987	3.817378952355259	4.026871724691052	4.167976758174874	4.258397125328902	4.310775129030383	4.304405871416426	4.249468619187283	4.1301460618937895	3.9705297721422146	3.7922482863618225	3.6017478320471024	3.390388540108427	3.163519817242716	2.9430203519909606	2.7138617751794456	2.488551692394491	2.2597202375752334	2.0488997348002767	1.811505380771923	1.5616034211572498	1.358807028427671	1.1830078212944102	1.0266050240550118	0.878534216383116	0.7504563351791994	0.643121836778441	0.5492955524109083	0.46297383139516757	0.3861001632146317	0.31696196802748133	0.2569831886235438	0.20512473161564782	0.16242569039096466	0.1294440965833455	0.1006958462049423	0.07606548443495834	0.057265591115212754	0.044334651185971165	0.03463644623903997	0.026150516910475177	0.020608685512228782	0.016471554433676785	0.01169942184074239	0.008255019686971192	0.006253802793159994	0.0042525858993487965	0.0027516732289903974	0.002097429244475198	0.0015778825508895985	0.0009813659767727992	0.0005387891637183995	0.00028863705199199974	0.00019242470132799984	0.00019242470132799984	0.00017318223119519986	0.00013469729092959988	5.772741039839995e-05	0.0	0.0	1.9242470132799982e-05	1.9242470132799982e-05	0.0	0.0	0.0	0.0	0.0	0.0	0.0
Sor-CPnd_008-Ex1-1A-lcwgs-1-2-L2-clmp.r2	0.0	3.8480675197319284e-05	7.696135039463857e-05	0.00023088405118391566	0.0004425277647691717	0.0005964504655584489	0.000808094179143705	0.0010582185679262803	0.001558467345491431	0.0025589649006217325	0.0037711061693372896	0.005464255878019338	0.007734615714661175	0.011967489986366297	0.02037551751698056	0.03336274539607582	0.05541217228413977	0.09104527751685743	0.14493746313070308	0.2284405283088859	0.33822589464683783	0.48175881313283875	0.6683323668270412	0.8849016068375543	1.1396436766438078	1.4235540982496295	1.7331696108872605	2.050442777889158	2.374276900012198	2.688817939075086	2.999510910618242	3.3093380669694583	3.5746623224549747	3.817513863625257	4.018883236932829	4.156009122998476	4.249478683052764	4.294347150332838	4.286477852254987	4.219983245514019	4.101809091983052	3.954812912729292	3.775492966309784	3.5707950145976444	3.365038844317578	3.1494123808493995	2.922183993809229	2.722911817299911	2.509113185903605	2.259719929949779	2.036993781907695	1.8114970252514038	1.5860002685951127	1.3825529388268858	1.1963257112094592	1.0340142232271663	0.884978568187949	0.7583579064511697	0.6512469470394315	0.5555262674860998	0.46484655638361694	0.38684622775865074	0.32468069697738144	0.266536396754232	0.21406799612268715	0.17268202994797027	0.13479780521620943	0.10474439788710307	0.08302205673821635	0.06443589061791113	0.0493899466157593	0.037672581018175576	0.029591639226738527	0.024242825374311147	0.01879780983389047	0.014372532186198751	0.01125559749521589	0.008350306517818285	0.006714877821932214	0.00534881385242738	0.0040404708957185245	0.003482501105357395	0.0028090892894043077	0.002462763212628434	0.0019047934222673044	0.0013275832943075152	0.001173660593518238	0.0012121412687155573	0.0012506219439128768	0.001289102619110196	0.001346823631906175	0.001289102619110196	0.0010582185679262803	0.001019737892728961	0.0010004975551303013	0.0007118924911504068	0.0006541714783544278	0.0006349311407557681	0.0005579697903611296	0.0002501243887825753	0.00013468236319061748
Sor-CPnd_008-Ex1-1A-lcwgs-1-2-L3-clmp.r1	0.0	0.0	6.09715449864318e-05	0.0002235623316169166	0.0004268008149050226	0.0006300392981931286	0.0008536016298100452	0.001178783203071015	0.0017072032596200904	0.0025201571927725144	0.004166388907406173	0.006158126043629611	0.008393749359798778	0.01247884287388971	0.01873858815916337	0.03192876572456145	0.05771972925382211	0.09371326464414567	0.14812020662037165	0.22606216496136028	0.3352418781837308	0.4777120549686932	0.6473552169692752	0.8640074401543962	1.1171206472414035	1.402934926289467	1.714011748810242	2.026612859955678	2.350961155435166	2.665167850598578	2.9806955959033625	3.2912846460642466	3.563807128305267	3.799827978947745	4.017963843060869	4.193114767958559	4.277641653158081	4.300343391741364	4.290709887633507	4.232360119081492	4.13482597095153	3.9908924770868937	3.8150911890426817	3.611812058057918	3.395159834872797	3.1846860615796344	2.960676605299484	2.7328869132301747	2.50536143118914	2.283384359741871	2.0587245403151986	1.8226020704310768	1.5796914352051328	1.3674494871073635	1.1868924185542102	1.0226554002090917	0.877217941568123	0.7520230358626498	0.6473348931209464	0.5532557992068822	0.46269273105370207	0.3851978973759473	0.3188608564307095	0.26284833043650746	0.21077863101809474	0.16216398581557978	0.1275118244149577	0.1010298500425175	0.07771839600937173	0.058959484001879545	0.045017324048315474	0.03459118985563564	0.027010394428989285	0.020181581390508924	0.015507096274882488	0.012214632845615171	0.00918637944462239	0.006645898403521066	0.004674485115626438	0.0032518157326096955	0.002337242557813219	0.00168687941129128	0.001178783203071015	0.0007519823881659922	0.0004674485115626438	0.0003251815732609696	0.0002235623316169166	0.0001625907866304848	0.0001219430899728636	6.09715449864318e-05	4.06476966576212e-05	2.03238483288106e-05	0.0	0.0	0.0	0.0	0.0	0.0	0.0	0.0	0.0
Sor-CPnd_008-Ex1-1A-lcwgs-1-2-L3-clmp.r2	0.00012192713146914879	6.096356573457439e-05	0.00010160594289095732	0.00020321188578191463	0.0002235330743601061	0.00034546020582925486	0.000568993280189361	0.001402162011895211	0.0019101917263499974	0.0021743671778664867	0.003352996115401591	0.005181903087438823	0.007823657602603713	0.01194885888397658	0.01861420873762338	0.03139623635330581	0.05525331174410259	0.09384324885408818	0.1452355347683344	0.22375660743446618	0.3361124590832868	0.47661315691290257	0.6578375166532141	0.8767373600174926	1.118356292212189	1.3977523139737433	1.707630118602585	2.030696374618673	2.3641264368096384	2.672947539632414	2.973091494932302	3.277137118439203	3.559296821847391	3.808515878570331	3.9967104059929626	4.151110796810062	4.247819333253674	4.283665909905604	4.279276533172715	4.218109755552359	4.125526420390118	3.973727141711028	3.7843336641622836	3.5903475979948674	3.3849003814693517	3.1671588458540305	2.950067588273211	2.7295217286340994	2.4889391770568903	2.273128154356497	2.078329240645954	1.8413232182585066	1.5896249765290273	1.3787316814645563	1.193300835688559	1.0310971084574347	0.8910028343993829	0.7687099215358267	0.6628365290434491	0.5650509696051919	0.47598320006697864	0.3947797305085255	0.3309102348072698	0.2735638406396135	0.21575005913465878	0.16953967630785138	0.13407920223890726	0.10475572712057699	0.08374361813072702	0.06734441894812651	0.05127035878277706	0.03982952961325527	0.031883944879182405	0.023775790636484013	0.01830939090895051	0.01487511003923615	0.01137986560378722	0.008555220391418606	0.006970167682319672	0.005527363293268078	0.004450340298623931	0.003820383452699995	0.003088820663885102	0.002621433326586699	0.0021337248007101037	0.0017476222177244657	0.001585052709098934	0.001585052709098934	0.0017273010291462742	0.0014631255776297854	0.0012599136918478708	0.0013005560690042537	0.0012192713146914878	0.0009144534860186157	0.0008534899202840414	0.0008331687317058499	0.0006096356573457439	0.0005080297144547866	0.0003861025829856378	0.0002235330743601061	0.00012192713146914879
Sor-CPnd_009-Ex1-6A-lcwgs-1-2-L2-clmp.r1	0.0	0.0	0.0	3.573021117984016e-05	8.93255279496004e-05	7.146042235968032e-05	0.0001965161614891209	0.0004823578509278421	0.0008932552794960041	0.0017150501366323275	0.0031978539005956936	0.004698522770148981	0.00680660522975955	0.012970066658281976	0.023224637266896102	0.040250082894089934	0.06758369444666766	0.10929871599913105	0.17284489658247676	0.2578292038737266	0.3716299264815175	0.5205534466790913	0.7040102159819805	0.9176947439430146	1.1592845668355038	1.43510393203828	1.7333440047564055	2.0394447239340963	2.3483145344782246	2.6482339271218027	2.940775031156744	3.2256698699991997	3.4820877305313225	3.6976480945792987	3.8958614410994614	4.044106087284619	4.127214558488927	4.164641954699809	4.1532082871222595	4.105937217731332	4.017612135694767	3.889322812453551	3.7293050616846366	3.546955928928322	3.348903368358468	3.1496538457140897	2.9462417534672594	2.7513870467980017	2.5483858519797393	2.336791541372726	2.146420976206538	1.917211671487863	1.6714950092041023	1.4671717965721864	1.2820178422382547	1.108297555481872	0.9562297767004723	0.8234027166394163	0.7062790843919003	0.6055734841815209	0.5153547009524245	0.4297451149655275	0.3549260527549422	0.2938095265318256	0.23514051977452807	0.1847966522221333	0.14638667520380513	0.11355061112953203	0.08680654806142166	0.06679762980071118	0.05068330455860326	0.03828492127919873	0.028566303838282205	0.021598912658213374	0.016596683093035754	0.01336309898126022	0.010486816981283086	0.007574804770126113	0.005448857204925624	0.004180434708041299	0.0034658304844444954	0.00234032883227953	0.0014649386583734463	0.0010004459130355243	0.0007324693291867232	0.00044662763974800203	0.0002679765838488012	0.00023224637266896104	0.0001786510558992008	0.00012505573912944054	3.573021117984016e-05	0.0	0.0	0.0	0.0	0.0	0.0	0.0	0.0	0.0	0.0
Sor-CPnd_009-Ex1-6A-lcwgs-1-2-L2-clmp.r2	0.0	1.786648447616897e-05	3.573296895233794e-05	3.573296895233794e-05	5.3599453428506906e-05	0.0001786648447616897	0.0003394632050472104	0.00048239508085656216	0.0008754577393322795	0.0014829182115220245	0.0024834413421874865	0.00432368924323289	0.0074681905110386285	0.013524928748459907	0.023101364427686476	0.03882387076671517	0.06619532498420604	0.10764556896891804	0.16769482329332194	0.25170303330026844	0.3689429044328892	0.5205578916976591	0.703582158671534	0.9083856702218588	1.151602123395947	1.4343571067157972	1.7400169231340956	2.047248990186297	2.346459005708699	2.651940157282236	2.930871712924186	3.2028710725893825	3.4718688628625824	3.7002740004059267	3.884245191057038	4.0241933639588705	4.117313481048663	4.159817847617468	4.15318938187681	4.086886857985747	3.983868708496156	3.8729178398991473	3.7198735338762843	3.533776231572508	3.3493226458405396	3.156596877796105	2.955330930172061	2.75783481077249	2.556961925806922	2.346869934851651	2.1585035890194013	1.9315277702341511	1.6837553635186397	1.4764505441416511	1.2910500347324458	1.1296978134281639	0.971740224174354	0.8284510186754789	0.7104428887103829	0.6064778155435556	0.5164843332370925	0.43447716949147697	0.3575262208526172	0.29676230714916657	0.23876769853952207	0.18867007606834432	0.15047153225829507	0.11620361503300297	0.09020788012017712	0.06964355648810665	0.052831194596031646	0.04002092522661849	0.030569554938725107	0.022708301769210758	0.017241157519503055	0.014007323829316472	0.011023620921796254	0.008254315827990064	0.006682065194087195	0.005234879951517508	0.004109291429518863	0.002840771031710866	0.002197577590568783	0.0018402479010454038	0.0014114522736173485	0.001179187975427152	0.0008575912548561105	0.0008575912548561105	0.0008218582859037725	0.0005181280498089001	0.00042879562742805525	0.00048239508085656216	0.00046452859638039317	0.00030373023609487243	0.0002858637516187035	0.0003573296895233794	0.00019653132923785863	0.0001250653913331828	0.00014293187580935175	0.0001250653913331828	0.0001250653913331828
Sor-CPnd_009-Ex1-6A-lcwgs-1-2-L3-clmp.r1	0.0	0.0	1.8157384944368495e-05	7.262953977747398e-05	0.00014525907955494796	0.00023604600427679047	0.00047209200855358093	0.0006536658579972658	0.0008170823224965823	0.0014525907955494797	0.002741765126599643	0.004357772386648439	0.00737189828741361	0.014053815946941215	0.0238588038169002	0.03918363670994721	0.06669207490066549	0.10718304332660723	0.16935392937612498	0.25685436742303674	0.36716048096007536	0.5140355677750721	0.6943565576575956	0.9090676346247532	1.1499798180666343	1.4235026648686013	1.7254236617235605	2.0239310702089788	2.3280854254120955	2.6335471123312066	2.9225400511057757	3.1969889245399057	3.4553685122982696	3.6948825770994342	3.8981726589365837	4.049932082301615	4.144023651083333	4.180828670365568	4.172367328981492	4.115589186260452	4.016068559380368	3.8861887848733003	3.735300915985598	3.5584661440123933	3.361494832135884	3.17127806745868	2.9717647216899583	2.7614477318793385	2.554598802593093	2.3429744810664777	2.145422132871748	1.9144420389944368	1.6691902405508514	1.468424035220969	1.2808037765908094	1.1103604041180222	0.9630132252944719	0.8311724532134123	0.7182335188594402	0.6171695142590852	0.5171041658306704	0.4264806575733272	0.3522351105358045	0.2883937450714048	0.233068193145914	0.18658528768833066	0.14712929020421792	0.1149180893129082	0.08762753974152236	0.06761810153282828	0.051530658472117796	0.037839990224063945	0.02923338976043328	0.02207938009235209	0.01608744306071049	0.01183861498372826	0.009786830485014619	0.007753203371245347	0.005356428558588706	0.003958309917872332	0.0029778111308764333	0.0022515157331016934	0.0017431089546593756	0.0010712857117177413	0.0005628789332754234	0.0004357772386648439	0.00039946246877610697	0.0003268329289986329	0.00023604600427679047	9.078692472184248e-05	1.8157384944368495e-05	3.631476988873699e-05	3.631476988873699e-05	1.8157384944368495e-05	0.0	0.0	0.0	0.0	0.0	1.8157384944368495e-05	3.631476988873699e-05
Sor-CPnd_009-Ex1-6A-lcwgs-1-2-L3-clmp.r2	0.0	0.0	1.8157539900286055e-05	7.263015960114422e-05	0.00014526031920228844	0.00027236309850429085	0.0004902535773077234	0.0006899865162108701	0.0009805071546154468	0.0016160210511254587	0.0024694254264389036	0.004194391716966078	0.007371961199516138	0.013055271188305672	0.022787712574859	0.03785847069209642	0.06449558172581607	0.10565872467976456	0.16419863331828677	0.25030168752544324	0.36641915518777257	0.5162007018252323	0.6991197587807139	0.9108729890978499	1.1496991114063124	1.4239324365203327	1.7238586805932579	2.0231312532297725	2.324346682635618	2.623528467572631	2.9190969020694872	3.1972159407221685	3.45369119181371	3.6815864751021996	3.8758176794155594	4.0229482252275774	4.113372773931002	4.162815755079481	4.154045663307643	4.089876917300032	3.9992707931976046	3.8715506575389926	3.710965374660863	3.5510700782989435	3.3677333979257553	3.1773879071510565	2.975367118220474	2.7793201599170856	2.5824924273979843	2.351909828204252	2.1557357671215613	1.928911778687188	1.6819510785033975	1.4826539205578577	1.301768508071208	1.132158927862636	0.9772569549732957	0.8425098513732729	0.7190022649715272	0.6133253827518623	0.5195780042466854	0.431314202791395	0.3591198241478576	0.2960950031539647	0.23686510799923155	0.19032733323479842	0.15067126609257367	0.1167892966386399	0.0899706102059174	0.0697794258367993	0.05361921532554472	0.039964745320529606	0.03050466703248057	0.024040582827978735	0.018448060538690633	0.013454737066111966	0.010204537423960762	0.008243523114729869	0.006518556824202694	0.004793590533675518	0.003577035360356353	0.003086781783048629	0.0024694254264389036	0.0017794389102280333	0.0013799730324217403	0.0010894523940171634	0.0008715619152137306	0.000708144056111156	0.000671828976310584	0.0005265686571082956	0.00034499325810543506	0.00041762341770657923	0.0005084111172080095	0.00045393849750715134	0.0002905206384045769	0.00021789047880343265	0.0002360480187037187	0.0001997329389031466	0.00010894523940171633	7.263015960114422e-05	9.078769950143027e-05
Sor-CPnd_010-Ex1-1H-lcwgs-1-2-L2-clmp.r1	0.00017519562781791217	8.759781390895608e-05	8.759781390895608e-05	0.0005255868834537366	0.0010511737669074732	0.0014891628364522534	0.0019271519059970337	0.0025403366033597266	0.0035039125563582434	0.0048178797649925855	0.006131846973626926	0.012438889575071764	0.02041029064078677	0.02890727858995551	0.04774080858038107	0.07472093526433955	0.11405235370946082	0.17230489995891662	0.2515809215465219	0.3640565146056215	0.498781952397596	0.6613634950126185	0.8595973478885861	1.1046960312058451	1.3757236674401552	1.639568282933931	1.9299550360421205	2.228926374913388	2.5185247476963966	2.7960346221599695	3.051820238774121	3.2994592586947404	3.5505145933578084	3.7609245423671207	3.9159726729859727	4.012330268285825	4.067429293234558	4.097124952149694	4.086963605736256	4.035894080227334	3.937521735207576	3.792985342257799	3.633119331873954	3.4442584450862443	3.2199204436654076	3.0395565448268673	2.862608960730776	2.648519903537287	2.4385479435975195	2.216662680966134	2.029553750456604	1.8167786604717493	1.5664241083199526	1.362496397539903	1.1662772943838413	1.0079880446503577	0.8680943358377549	0.7501876783163	0.6625022665934349	0.5593996396225936	0.4601513164637463	0.3823644577125933	0.3226227486266853	0.26883769088658627	0.21452704626303346	0.16739942238001507	0.12938197114352815	0.10161346413438907	0.0799768040988769	0.06219444787535883	0.045463265418748205	0.035477114633127214	0.02750571356741221	0.020059899385150945	0.015504813061885227	0.011300117994255336	0.008847379204804565	0.0066574338570806624	0.0048178797649925855	0.0038543038119940674	0.002890727858995551	0.0021023475338149463	0.0012263693947253851	0.0007007825112716487	0.0002627934417268683	8.759781390895608e-05	8.759781390895608e-05	0.0	0.0	0.0	0.00017519562781791217	0.0002627934417268683	8.759781390895608e-05	0.0	0.0	0.0	0.0	0.0	0.0	0.0	0.0
Sor-CPnd_010-Ex1-1H-lcwgs-1-2-L2-clmp.r2	0.00017519961806483262	0.00017519961806483262	8.759980903241631e-05	0.00043799904516208155	0.0012263973264538283	0.0018395959896807424	0.0017519961806483262	0.002277595034842824	0.00332879274323182	0.004292390642588399	0.007533583576787802	0.01375317001808936	0.020936354358747498	0.02820713850843805	0.04590229993298615	0.0713938443614193	0.10766016530083965	0.169593230286758	0.24738186070754364	0.35381562868192945	0.48968293249120715	0.6527061771005339	0.8463017550621739	1.0776528507167855	1.351927852797281	1.6378536294790877	1.9245678044421863	2.227487944076282	2.528393288102632	2.8043326865547433	3.059248130839075	3.3118859800885634	3.5608446373586906	3.738059051031269	3.9011698954496277	4.0235468286679135	4.070675525927354	4.08145030243834	4.084691495372541	4.037299998686003	3.9244714446522506	3.7945609278571775	3.6281212906955864	3.4495052800784896	3.282627643871736	3.08009688538879	2.8307878288825328	2.634476656840888	2.4465750664663553	2.227663143694347	2.0375715580940037	1.8112136515542394	1.5766213629654289	1.3741782042915147	1.1663038574575908	1.0070474046366578	0.8710049012093154	0.7514311618800671	0.6518301790102097	0.5538935925119683	0.46217659245502846	0.38806715401360425	0.33042647967027433	0.27042061048306915	0.21619632869200345	0.17003122933192005	0.12465452825312841	0.09819938592533868	0.0794530267924016	0.06175786536785349	0.048705493822023466	0.03565312227619344	0.026017143282627647	0.01944715760519642	0.015855565434867352	0.012526772691635532	0.010599576892922374	0.008847580712274048	0.006219586441301559	0.004905589305815313	0.003941991406458734	0.0029783935071021543	0.002189995225810408	0.001138797517421412	0.0006131986632269142	0.00035039923612966524	0.0005255988541944979	0.001138797517421412	0.0010511977083889957	0.0006131986632269142	0.0005255988541944979	0.0007007984722593305	0.0007883982812917467	0.0005255988541944979	0.00035039923612966524	0.00017519961806483262	0.00026279942709724893	0.00035039923612966524	8.759980903241631e-05	0.0	0.0
Sor-CPnd_010-Ex1-1H-lcwgs-1-2-L3-clmp.r1	0.0	0.0	0.00010773633041439701	0.00021547266082879403	0.00032320899124319106	0.0010773633041439702	0.0016160449562159554	0.0014005722953871612	0.0029088809211887195	0.005171343859891057	0.008080224781079776	0.011096842032682894	0.015729504240501967	0.028765600220644005	0.045680204095704335	0.07153692339515963	0.10849048472729779	0.16731452113355857	0.25533510308212093	0.36339464248776115	0.49504843825415434	0.6627939047093705	0.8623215886368338	1.0795180307522583	1.3289276356615873	1.615398538233469	1.9104883472385024	2.173903675101703	2.473410673653727	2.7914483210370267	3.0589576294559744	3.314077259877267	3.551528132110598	3.7573045232020963	3.9022098876094597	3.990122733227608	4.064891746535199	4.093010928773357	4.0864390126180785	4.049808660277185	3.9434729021581747	3.8058936082189887	3.6337309522167827	3.4415293387574986	3.256546059435979	3.060142729090533	2.8490872578087294	2.6350151692753223	2.428484623870923	2.231758084534234	2.0551782389850377	1.827100427497759	1.5659475625732606	1.370944804523202	1.2036302833896435	1.031683100048266	0.8923800248224506	0.7766712059573881	0.6579457698407226	0.5617372267806661	0.47587137144039166	0.3967929049162242	0.33398262428463077	0.26955629869682135	0.21213283458594773	0.16752999379438738	0.12885265117561884	0.1013798869199476	0.08047903881955458	0.0652882162311246	0.0506360752947666	0.03447562573260705	0.025210301316968903	0.021224057091636214	0.016591394883817143	0.0108813693718541	0.007541543129007792	0.005817761842377439	0.004093980555747087	0.0030166172516031165	0.0030166172516031165	0.0024779355995311315	0.0017237812866303522	0.0009696269737295732	0.00021547266082879403	0.00021547266082879403	0.00032320899124319106	0.00021547266082879403	0.00032320899124319106	0.00032320899124319106	0.00010773633041439701	0.0	0.0	0.0	0.0	0.0	0.0	0.0	0.0	0.0	0.0
Sor-CPnd_010-Ex1-1H-lcwgs-1-2-L3-clmp.r2	0.00021547521442477277	0.00021547521442477277	0.00021547521442477277	0.00010773760721238639	0.0005386880360619319	0.00118511367933625	0.0008619008576990911	0.0016160641081857956	0.002693440180309659	0.004309504288495455	0.007002944468805114	0.009696384649114775	0.015298740224158867	0.027904040268008072	0.04449563177871557	0.06658184125725479	0.10741439439074922	0.16419211339167686	0.2364840478311881	0.3487466345464947	0.49376145385436676	0.6590309433181675	0.8406765490782508	1.0532428481082892	1.3113821549891669	1.6121855543261499	1.906416959623177	2.186211525553744	2.490031577892674	2.7928819917666923	3.0498361849682336	3.282441678939776	3.5393958721413177	3.756810363495913	3.8890044075455115	3.9953414258641367	4.066986934660374	4.102540345040461	4.098015365537541	4.03703587985533	3.941041671829094	3.8077702517073715	3.6362519810252527	3.4413546495780456	3.271560180611325	3.0834503184184983	2.851383512483018	2.6392481638818293	2.432391958034047	2.2315690581901593	2.072656087551889	1.8440368850472053	1.5641345815094254	1.3636348944871746	1.2015975332397453	1.035897093347095	0.9024101980109482	0.7901476112956416	0.6696969664321938	0.5616361463981702	0.4770621247364468	0.40433923986808606	0.34142047725605246	0.2753773240348596	0.20987285884972867	0.16333021253397775	0.12917739104765127	0.10396679095995284	0.08047999258765262	0.06302650021924602	0.050852150604246374	0.03619983602336182	0.026287976159822275	0.02176299665690205	0.0165915915107075	0.011527923971725342	0.00861900857699091	0.006141043611106024	0.0051714051461945465	0.004524979502920227	0.003770816252433523	0.003232128216371591	0.0022624897514601137	0.0016160641081857956	0.0008619008576990911	0.0005386880360619319	0.0006464256432743183	0.0009696384649114774	0.0014005888937610228	0.0008619008576990911	0.00043095042884954554	0.0005386880360619319	0.00043095042884954554	0.00043095042884954554	0.00043095042884954554	0.00021547521442477277	0.00021547521442477277	0.00021547521442477277	0.00021547521442477277	0.00010773760721238639	0.0
Sor-CPnd_012-Ex1-5B-lcwgs-1-2-L2-clmp.r1	0.0	0.0	0.0	0.0	0.00019534454871502355	0.0005860336461450706	0.0006837059205025824	0.0010743950179326297	0.0030278405050828652	0.005469647364020659	0.006251025558880754	0.007716109674243431	0.01259972339211902	0.024027379491947897	0.04248743934551762	0.07471928988349652	0.11925784699052189	0.1747356988255886	0.2529711905859555	0.3681268020534619	0.5104353057923566	0.651181053141531	0.8223028778158916	1.0388423100664952	1.2536236413786637	1.4940927808468576	1.7732401409606264	2.0540479297384726	2.3211816001062675	2.547097570695192	2.8114964173809764	3.085076457856367	3.2906765953789296	3.456035755866197	3.606841747474195	3.7585267895514107	3.844478390986021	3.904351495167176	3.9405879089538125	3.9128489830362794	3.856492080731995	3.7450480156900743	3.619636815415029	3.505067237593668	3.3354104970346694	3.139870603770931	2.9603489635018247	2.7805343064096455	2.6024777502559013	2.430476875112323	2.2742012361403043	2.052778190171825	1.7961931254346415	1.5886395424249289	1.3967135233124186	1.207522327881918	1.0283913767102415	0.8907711421405075	0.7816712116831668	0.6917150469998985	0.5917963103321638	0.48181732940560557	0.40533993858367384	0.3366763297103431	0.269868494049805	0.22259511326076933	0.178251900702459	0.1392806632338118	0.11095570367013338	0.08780737464740308	0.0688589534220458	0.05342673407355894	0.045515279850600485	0.03906890974300471	0.02842263183803593	0.021194883535580057	0.01679963118949203	0.011232311551113856	0.008888176966533571	0.008009126497315966	0.005958008735808218	0.004297580071730519	0.003125512779440377	0.0018557732127927238	0.0011720672922901413	0.0009767227435751177	0.0007813781948600942	0.0005860336461450706	0.0002930168230725353	0.00019534454871502355	9.767227435751178e-05	0.0	0.0	0.0	0.0	0.0	0.0	0.0	0.0	0.0	0.0
Sor-CPnd_012-Ex1-5B-lcwgs-1-2-L2-clmp.r2	0.0	0.0	0.0	0.0	0.0002930660570892679	0.0005861321141785358	0.0006838207998749585	0.0015630189711427623	0.002442217142410566	0.0031260379422855247	0.005372877713303245	0.008303538284195925	0.01260184045483852	0.024910614852587772	0.043178399077818806	0.07111736318699569	0.10902057323720768	0.1579626047711154	0.23787194967078915	0.3578336557059961	0.4973330988804876	0.6335111267413008	0.8035871285387726	1.021628275013188	1.2552996111990309	1.4958091553836235	1.7440361057382332	2.0229373034015197	2.3067229353496277	2.545571771877381	2.7852998065764023	3.0581443057265107	3.2938671043119787	3.483773909305824	3.641248070648458	3.7637496825117718	3.856163179180587	3.890940351288514	3.920051579626048	3.915460211398316	3.8343786022702853	3.730144774632202	3.6192681163667624	3.524412402555536	3.386378289666491	3.1716585585057535	2.971299064142391	2.78481136314792	2.608190219408788	2.4482738409237443	2.280249301525897	2.056249145224	1.8072406853838188	1.59857765273626	1.407400894828361	1.2124142781783014	1.0264150206123126	0.8874040208663033	0.7873708067131665	0.695738819529922	0.5926772561201962	0.4942070609382021	0.4106832346677608	0.33731903170974736	0.2718676122931442	0.22419553367328998	0.1829709083093996	0.14125783951702714	0.11048590352265401	0.08860363792665533	0.07141042924408496	0.05499873004708595	0.04591368227731864	0.03966160639274759	0.029697360451712486	0.02178457691030225	0.01670476525408827	0.011234198855088603	0.008791981712678037	0.00888967039837446	0.00664283062735674	0.003809858742160483	0.00332141531367837	0.0029306605708926793	0.002149151085321298	0.0017583963425356075	0.0014653302854463397	0.0012699529140534943	0.0007815094855713812	0.0005861321141785358	0.0004884434284821132	0.0004884434284821132	0.0002930660570892679	9.768868569642265e-05	0.0001953773713928453	0.0001953773713928453	0.0001953773713928453	9.768868569642265e-05	0.0	0.0	0.0
Sor-CPnd_012-Ex1-5B-lcwgs-1-2-L3-clmp.r1	0.0	0.0	0.0	0.0	0.00021403101737503798	0.0008561240695001519	0.0018192636476878229	0.002461356699812937	0.0029964342432505318	0.00321046526062557	0.005457790943063469	0.00963139578187671	0.016266357320502887	0.026218799628442153	0.040665893301257215	0.06956008064688735	0.1116171755610823	0.1651249299048418	0.23404291749960404	0.3374198988917474	0.4764330446768346	0.6332107649040499	0.813424881533832	1.027241867891495	1.2500481569789093	1.50795553291583	1.7781696923518158	2.039287533549362	2.340322159487353	2.6134257376579018	2.850465089400756	3.0829027742700474	3.3058160788661493	3.5139612432633736	3.69096489463253	3.836505986447556	3.9358163785095734	4.017041149603401	4.015542932481775	3.9284323084101347	3.839181374164744	3.7344131911596627	3.621832876020393	3.487421397108869	3.316089567700151	3.1153284734023656	2.9137112550350794	2.750619619795301	2.586243798451272	2.398538596213363	2.2328785887650837	1.9960532680396044	1.7468141483063724	1.5473372401128371	1.3463621147976765	1.1834845105752727	1.0429731476685602	0.9164808163999126	0.7936270124266408	0.6828659609350587	0.5754223902127896	0.48585040944133623	0.4130798635338233	0.3370988523656848	0.26828788027961015	0.2039715595584112	0.16244954218765384	0.13986926985458734	0.11579078039989554	0.08614748449345279	0.06239004156482357	0.048478025435446104	0.03531511786688127	0.026967908189254784	0.02332938089387914	0.019690853598503495	0.015303217742315217	0.011236628412189495	0.010059457816626784	0.007919147642876406	0.004708682382250836	0.002247325682437899	0.0007491085608126329	0.00042806203475007597	0.0008561240695001519	0.001284186104250228	0.001284186104250228	0.00107015508687519	0.000642093052125114	0.000321046526062557	0.000321046526062557	0.000321046526062557	0.00021403101737503798	0.00010701550868751899	0.0	0.0	0.0	0.0	0.0	0.0	0.0
Sor-CPnd_012-Ex1-5B-lcwgs-1-2-L3-clmp.r2	0.0	0.0	0.0	0.00010699879091366268	0.0005349939545683134	0.0009629891182229641	0.0019259782364459282	0.0020329770273595908	0.001283985490963952	0.0022469746091869163	0.004707946800201157	0.009094897227661328	0.01401684160968981	0.0223627473009555	0.038198568356177576	0.06548326003916156	0.10560780663178505	0.1594281984613574	0.22983340288254742	0.3313752554596133	0.4655517392653463	0.6121400828170641	0.7860131180517661	1.000438695042746	1.2288811136434157	1.4934891235729035	1.7689040113846712	2.0454958858964893	2.338779571790839	2.5999636204110894	2.8196321381568388	3.0468975700574585	3.3085096138413634	3.5159802694229554	3.6567906782653354	3.7942841245893923	3.9235386640130967	3.997581827325351	3.971688119924245	3.917332734140104	3.860516376164949	3.7496656287783945	3.6244770434094096	3.4900865620218493	3.331835350260542	3.148653420216352	2.9619405300720105	2.788816486373704	2.6083095261023552	2.435078483613135	2.2563905027873186	1.9954204517488952	1.7475042532019387	1.5504124803389723	1.3647695781037674	1.195176494505612	1.0447361944810023	0.930675483367038	0.8045239088798296	0.6895002086476423	0.5842133983885982	0.4889844744754384	0.41729528456328446	0.34549909586021676	0.2741309023208038	0.2112156132635701	0.16991407997089633	0.1422013931242577	0.11470270385944639	0.0903069795311313	0.06719524069378016	0.0493264426111985	0.036914582865213624	0.029210669919429912	0.02353973400100579	0.020971763019077886	0.017440802918927016	0.013481847655121497	0.012304860955071207	0.008880899645834002	0.0048149455911148204	0.0023539734001005786	0.001283985490963952	0.001283985490963952	0.0021399758182732535	0.0022469746091869163	0.0016049818637049404	0.0011769867000502893	0.0010699879091366268	0.0009629891182229641	0.0008559903273093015	0.0007489915363956387	0.000320996372740988	0.00021399758182732536	0.0005349939545683134	0.00042799516365465073	0.00021399758182732536	0.000320996372740988	0.00010699879091366268	0.0	0.0
Sor-CPnd_013-Ex1-7F-lcwgs-1-2-L2-clmp.r1	0.00011544444668919757	0.00011544444668919757	0.0004040555634121915	0.0005195000101013891	0.00034633334006759273	0.0011544444668919757	0.0021357222637501555	0.002770666720540742	0.004848666760946298	0.0068112223546626565	0.007734777928176237	0.010447722425372381	0.0189328892570284	0.03047733392594816	0.04848666760946298	0.07919489042878954	0.1241027801908874	0.18424933691595932	0.27429600533353343	0.3906640075962446	0.5336419548208158	0.7124076805190382	0.915878517808749	1.1444008000300157	1.3934144715386148	1.679832143774514	1.9786023718061572	2.2657127107221915	2.5426639383295764	2.8166136103230426	3.079134282094278	3.3328234536937895	3.577046180664787	3.7756683511935516	3.9238412985191364	4.027337244976002	4.102953357557427	4.110745857708947	4.077093801499046	4.008000300155561	3.863463852900686	3.7294905725178724	3.5992692366524572	3.4097094551887945	3.2161668403143553	3.015351225298496	2.7970457766092234	2.5730258278088356	2.355470768023043	2.169374319960056	2.001460372250618	1.7822313679878323	1.5426264188844026	1.3396173593814487	1.159293133652922	1.0130827419210533	0.8779550170713475	0.7467524034090745	0.6309039011564648	0.5411458438556136	0.4610851200766551	0.3897981742460756	0.3304020064244835	0.27458461645025645	0.22205739320667156	0.17536011452089112	0.13576266930649636	0.1087486687812241	0.08387039051970205	0.06153189008534231	0.050218334309800945	0.040174667447840755	0.0286879450022656	0.020260500393954176	0.01720122255669044	0.014776889176217289	0.011140389105507567	0.007850222374865434	0.005137277877669292	0.003925111187432717	0.0031170000606083347	0.0017893889236825623	0.0010390000202027782	0.0008658333501689819	0.0005772222334459879	0.00028861111672299393	0.00028861111672299393	0.00023088889337839514	5.7722223344598784e-05	0.0	5.7722223344598784e-05	5.7722223344598784e-05	0.0	0.0	0.0	0.0	0.0	0.0	0.0	0.0	0.0
Sor-CPnd_013-Ex1-7F-lcwgs-1-2-L2-clmp.r2	0.00011547124102138932	0.00017320686153208398	0.00023094248204277864	0.00034641372306416795	0.0005773562051069466	0.0009815055486818093	0.0015588617537887557	0.002367160440938481	0.0038105509537058476	0.0050229989844304355	0.007505630666390306	0.0118935378252031	0.01772483549678326	0.02909875273739011	0.045380197721406	0.07326650242807152	0.11714557401619947	0.1805392853369422	0.2650642337645992	0.38203660091926656	0.5386733393647811	0.7081273855636699	0.9134929877202109	1.151883364808869	1.397894843804939	1.6827623954047064	1.9798121629322305	2.2643333008089335	2.550875185403511	2.8251771184498216	3.0953220868193623	3.3499939088920363	3.5722183122377	3.764362457297292	3.918689770922378	4.023653129010821	4.0968041601978715	4.112912398320355	4.060719397378687	3.9912057102838108	3.8836442492723866	3.7515451495439174	3.5823220458270715	3.390004693905947	3.208368431779302	3.0031183008637825	2.7870716089127634	2.56403890687995	2.3566525580055346	2.1789423180736165	2.0078139388799174	1.7900351783135773	1.5480651927532558	1.3334618913150038	1.169839142787695	1.021805011798274	0.8744637082549812	0.7558747437260145	0.6401725602225824	0.540578614841634	0.4603261023317685	0.3926599550932343	0.3319220823159836	0.27262760005150016	0.2170859331202119	0.1737264821166802	0.13925831667179553	0.1101018283138947	0.0832547647764217	0.06397106752584969	0.05219300094166797	0.04029946311646487	0.029156488357900804	0.020842559004360772	0.017551628635251178	0.015646353158398255	0.012182215927756573	0.009006756799668367	0.005889033292090855	0.004272435917791405	0.0034641372306416793	0.0024248960614491758	0.0018475398563422292	0.0019630110973636187	0.0015588617537887557	0.0008660343076604198	0.0007505630666390305	0.0007505630666390305	0.0004041493435748626	0.00034641372306416795	0.0005773562051069466	0.0004041493435748626	0.00017320686153208398	0.00034641372306416795	0.00023094248204277864	5.773562051069466e-05	5.773562051069466e-05	0.0	5.773562051069466e-05	0.00011547124102138932	5.773562051069466e-05
Sor-CPnd_013-Ex1-7F-lcwgs-1-2-L3-clmp.r1	0.0	0.00011870352015289013	0.0001780552802293352	0.0001780552802293352	0.0007122211209173408	0.0014837940019111267	0.0020773116026755775	0.002670829203440028	0.003917216165045374	0.006291286568103177	0.00973368865253699	0.014422477698576151	0.02059506074652644	0.03127837756028655	0.047362704541003164	0.07252785081341588	0.11638880150990878	0.1721201042216907	0.2526010908853502	0.36827767127434163	0.514876518663161	0.6943562411343309	0.9056485070064753	1.1383667582662162	1.3892466481093497	1.6638078902229847	1.963652982129185	2.2548920688243013	2.5526004973677496	2.843246066462101	3.077566815243906	3.3135494133078516	3.5533898757767663	3.744383839702766	3.892644536373726	4.025177016624428	4.099248013199832	4.08441007318072	4.04701846433256	4.020903689898924	3.910212657356354	3.7376177390540515	3.5942238867093605	3.416465365280407	3.2046389335675753	3.0112115474784407	2.827517850041843	2.6195492827339795	2.4022031373340376	2.193403645385104	2.005377269462926	1.7880904758230607	1.5571527773656126	1.3652091852783894	1.1829399300836267	1.0225121225969958	0.8800678984135274	0.7533518906503173	0.6420673405069828	0.5426531423789372	0.456474386747939	0.3894068978615561	0.3314795800269457	0.2707627294687424	0.21461596443642536	0.17306973238291382	0.1344910883332245	0.10345011781324376	0.08606005211084534	0.06956026280959361	0.05288241822811255	0.03857864404968929	0.02753921667547051	0.023384593470119355	0.01875515618415664	0.012701276656359244	0.010030447452919217	0.008487301690931644	0.006172583047950287	0.004154623205351155	0.0029082362437458085	0.0020773116026755775	0.0014837940019111267	0.001008979921299566	0.0008309246410702309	0.0007122211209173408	0.0003561105604586704	0.00011870352015289013	5.935176007644506e-05	0.0	0.0	0.0	0.0	0.0	0.0	0.0	0.0	0.0	0.0	0.0	0.0
Sor-CPnd_013-Ex1-7F-lcwgs-1-2-L3-clmp.r2	0.0	0.0	5.9354296479459264e-05	5.9354296479459264e-05	0.00035612577887675557	0.0008309601507124296	0.0016619203014248591	0.0024335261556578296	0.0033831948993291775	0.005698012462028089	0.009259270250795645	0.013829551079714007	0.020417877988933984	0.03056746268692152	0.045406036806786336	0.07039419562463868	0.11128930589898611	0.16951587074533564	0.2562918521983051	0.37553463382553876	0.5200029914565425	0.6964633148899749	0.8964279397292731	1.1328954569034388	1.4021859000307455	1.6787175673285464	1.9557240689981825	2.2402092120242307	2.550632182611803	2.845741744707674	3.092596263765745	3.323425122774362	3.543451499823718	3.7435941875524543	3.891327031489829	3.9835042539224284	4.048081728492081	4.069093149445809	4.053957803843547	4.0108665845994596	3.907886880207598	3.767573323330156	3.616932118865288	3.417264265508387	3.2115422739105814	3.030274252462313	2.828885124507508	2.6016768775841377	2.387229804403851	2.1948031752174444	2.0082526213825043	1.7885823701120254	1.556685133766778	1.3624778756859872	1.1881543069258154	1.0192319791452744	0.877909399227682	0.7609220808666677	0.6458340999929961	0.543447938565929	0.4629041582433028	0.3947060715884041	0.3315531001342594	0.2764129587048418	0.22257861179797223	0.17367067149889778	0.13176653818439957	0.1045822703968072	0.08748823301072295	0.07015677843872084	0.05318144964559549	0.039055127083484194	0.03027069120452422	0.02457267874249613	0.018934020576947503	0.01430438545154968	0.012345693667727524	0.010268293290946452	0.006885098391617274	0.004748343718356741	0.003917383567644311	0.0028490062310140445	0.002255463266219452	0.001365148819027563	0.0009496687436713482	0.0008903144471918889	0.0008309601507124296	0.0008309601507124296	0.0005935429647945926	0.0004748343718356741	0.00035612577887675557	0.0004154800753562148	0.0004748343718356741	0.0002967714823972963	0.0004154800753562148	0.0005341886683151333	0.0002967714823972963	0.00011870859295891853	5.9354296479459264e-05	0.00011870859295891853	0.00011870859295891853
Sor-CPnd_014-Ex1-1F-lcwgs-1-2-L2-clmp.r1	4.629031713033363e-05	0.00011572579282583408	0.00023145158565166817	0.0003240322199123354	0.0004976209091510865	0.000937378921889256	0.0014349998310403426	0.002048346533017263	0.0034254834676446886	0.004953063932945699	0.007140281417353963	0.011098103531997488	0.017150562496788608	0.027045117783397424	0.043304591675427107	0.06943547569550045	0.1115249465462563	0.17000118966115024	0.24978255123528026	0.3549772969139634	0.4897399826596472	0.6589079466124514	0.8552136089829138	1.0823139048243307	1.3317724238396984	1.6032998515469532	1.8914107853661495	2.1827620413844695	2.471278015478556	2.74132415303764	3.012238234042918	3.273836388725716	3.5003812007615682	3.6893498478668727	3.854791441290685	3.9860939258308763	4.05142113588106	4.0634334731763815	4.03444416207351	3.9858740468245073	3.894739984974163	3.7418893578098014	3.575001191975666	3.4055670586993623	3.225578733117343	3.0376284729889056	2.8371219643388654	2.6363377137860433	2.443098784925466	2.245496993675354	2.072394352766471	1.8571212329518547	1.6088894073404407	1.417097050890186	1.2414368699598524	1.0799183809128359	0.9426907357799618	0.8186095407121026	0.7087047552654079	0.6099327910885585	0.5202684468071022	0.4397695853174521	0.3691999968522584	0.3079926250266748	0.24837069656280505	0.1962477994740494	0.15491054627666148	0.12266934039538412	0.09564736777055186	0.07212031408905979	0.0562774530512031	0.04296898687623219	0.032391649411950954	0.025575400214509332	0.019858546048913128	0.015021207908793261	0.011271692221236237	0.00910761989539314	0.0074411684787011306	0.005496975159227118	0.0036569350532963565	0.0025691126007335164	0.0018979030023436787	0.001423427251757759	0.0010299595561499232	0.0007290724948027546	0.0005670563848465869	0.0003818951163252524	0.00025459674421683497	0.0001620161099561677	8.100805497808385e-05	2.3145158565166815e-05	0.0	0.0	0.0	0.0	0.0	0.0	0.0	0.0	0.0
Sor-CPnd_014-Ex1-1F-lcwgs-1-2-L2-clmp.r2	2.3144218452723363e-05	8.100476458453177e-05	0.00026615851220631865	0.00027773062143268034	0.00032401905833812707	0.0007521870997135093	0.0012729320148997848	0.0019441143500287623	0.0028930273065904204	0.0041891035399429285	0.0069432655358170085	0.01066948470670547	0.01535618894338195	0.024880034836677615	0.04032880065387046	0.06684050289146506	0.1078404858804645	0.16469425850957944	0.2465437870676356	0.3508316354156071	0.4806475567169325	0.6479802561301223	0.8468585252943741	1.0688000081467648	1.3201346484341143	1.5924842390765364	1.8854090399234296	2.1842819049126727	2.465206428491829	2.7450200295852545	3.012463045915699	3.2575256030023607	3.492381559751371	3.68707072537568	3.8532693580846864	3.98795713737031	4.052309636778107	4.059391767624641	4.038318956723436	3.9890680598560406	3.886492883673571	3.7493286730135056	3.5938342413388833	3.415207163320765	3.2244177985057396	3.032737381280285	2.842237319195919	2.6481383311421545	2.4526275457627738	2.255716535167003	2.074092280859257	1.859985115953113	1.6212987910501768	1.4214831810385897	1.2437934438678062	1.0820153568832698	0.9407314753386202	0.818506857689788	0.711418558909037	0.6145947210120689	0.524019822097336	0.4413833901118873	0.36960159658076575	0.30771395643818344	0.24955253546648964	0.19879726439966736	0.15659378205112628	0.12422659254499266	0.09696270320768453	0.07400363850258294	0.056900061066020385	0.044367466773870684	0.034519601822236894	0.025817375684012912	0.020054465289284795	0.016085231824642738	0.012613599056734233	0.01053061939598913	0.008308774424527687	0.005890203596218096	0.0041196708845847585	0.0031128973818912923	0.0024764313744414	0.001920970131576039	0.0015506626363324652	0.0013539367794843167	0.001053061939598913	0.0006827544443553391	0.0006711823351289775	0.000613321788997169	0.0004513122598281056	0.0003703074952435738	0.0002430142937535953	0.0002082979660745103	0.0001967258568481486	0.0001967258568481486	0.0002314421845272336	0.0001967258568481486	0.00012729320148997849	5.78605461318084e-05	3.471632767908504e-05
Sor-CPnd_014-Ex1-1F-lcwgs-1-2-L3-clmp.r1	2.3763278771657108e-05	8.317147570079988e-05	0.00019010623017325686	0.0002851593452598853	0.0004871472148189707	0.0008673596751654846	0.001176282299197027	0.0019485888592758829	0.0031248711584729097	0.004717010836173936	0.007188391828426276	0.010218209871812557	0.014911457429214837	0.02507025910409825	0.042310517852935485	0.06856894089561659	0.10780211414762247	0.16505973434793028	0.24431026905140674	0.35264705697139154	0.4883234971181678	0.6486424573511524	0.8403170639233386	1.0672801394714357	1.3206323360954582	1.598116142312098	1.8840953206896056	2.1704665931668456	2.4461800351149967	2.724222278382771	3.0054963275634905	3.258622773039182	3.478777669219199	3.6747415476096696	3.845088611484294	3.9632396335369724	4.042478286601063	4.076329077211289	4.048169591866875	3.9723290876671316	3.8698380663249745	3.741670822270042	3.5894551400981927	3.4181813083514734	3.2412993428146435	3.0604845546411052	2.861538384764792	2.6584098778246665	2.457348776137676	2.255871817072181	2.079156194486753	1.8643361543909727	1.626655840116858	1.435266392889932	1.2571725001357477	1.094227697598495	0.9492598154520008	0.8233025563228323	0.7107953129784217	0.6119757182064856	0.5242179297027558	0.4403454372781921	0.3677367389913938	0.3071284964842823	0.25257989006394344	0.2025225433314477	0.1570039828443385	0.12279674305253811	0.09660960984617198	0.07378498058599532	0.056212035934354886	0.04332045720073091	0.03332799847724909	0.025224720416114024	0.020151260398365227	0.016004568252711064	0.01217868037047427	0.009350850196647073	0.007390379697985361	0.005905174774756792	0.0045506678847723366	0.003410030503732795	0.0024476177134806825	0.0017466009897167977	0.0011881639385828554	0.0007960698388505132	0.0004990288542047993	0.0003089226240315424	0.00021386950894491399	0.00011881639385828554	8.317147570079988e-05	4.7526557543314216e-05	1.1881639385828554e-05	0.0	0.0	0.0	0.0	0.0	0.0	0.0	0.0
Sor-CPnd_014-Ex1-1F-lcwgs-1-2-L3-clmp.r2	0.0	3.564440994065562e-05	0.00013069616978240395	0.0003445626294263377	0.0005109032091493973	0.0007247696687933309	0.001318843167804258	0.001889153726854748	0.0028515527952524496	0.004503077122502827	0.00642787525929823	0.009719042443818767	0.015826118013651098	0.02516495341810287	0.03974351708383102	0.06483718168205257	0.10348760352770349	0.157500766057777	0.23598975674710065	0.3479844927806406	0.48078368274954325	0.6418013639214649	0.8344593996507086	1.0605162474943464	1.3114410120065818	1.581803861406455	1.8727572982820466	2.1652078003751454	2.4490085923226457	2.7208447440000656	2.991457104269523	3.254251457291997	3.4879124459229747	3.6819606136399035	3.8408752746253265	3.95250168508948	4.022008284473758	4.066409337789835	4.053506061391317	3.9802805619032307	3.8863218972996627	3.755388098117654	3.5918159008999853	3.412417585668666	3.236322319091847	3.0562467600716547	2.8657867962887518	2.673081234679587	2.4622683128205693	2.263705186511157	2.087217831424991	1.8705948707456466	1.6343080772490404	1.4397133619130211	1.2615031936797234	1.094259622238167	0.9483432894111031	0.8268790218033291	0.7167496765566834	0.6153650932154786	0.5257431651546902	0.4416936465146242	0.3712127665919679	0.31102123967218076	0.25431098345659764	0.20471772775916544	0.1615523473210315	0.1269416252686549	0.09863996377577433	0.07449681677597025	0.05659144151578091	0.04355746894748117	0.03450378882255464	0.027184803314740023	0.021386645964393373	0.017311301761178417	0.01360428312735023	0.010313115942829694	0.008269503106232104	0.0068199637686454425	0.005417950310979655	0.004372380952720423	0.0033505745344216283	0.0023168866461426153	0.0015089466874877546	0.0010218064182987946	0.0007722955487142052	0.0006059549689911456	0.0005821920290307084	0.0005584290890702715	0.00042773291928786746	0.00027327380954502643	0.00029703674950546353	0.0003207996894659006	0.00029703674950546353	0.0003445626294263377	0.00029703674950546353	0.0001188146998021854	4.7525879920874164e-05	7.128881988131124e-05	5.94073499010927e-05
Sor-CPnd_015-Ex1-5F-lcwgs-1-2-L2-clmp.r1	0.0	0.00015840279295804542	0.0004752083788741363	0.00039600698239511357	0.00023760418943706815	0.0007920139647902271	0.0013464237401433863	0.002296840497891659	0.004435278202825272	0.005781701942968658	0.007603334061986181	0.010375382938751976	0.015761077899325522	0.028274898543011108	0.053144137037424245	0.08316146630297386	0.12141574080234183	0.1770943225270948	0.2576421427462609	0.36028715258307437	0.48019806685231475	0.6300471089906257	0.8110222999451926	1.0232028411124945	1.2462339735974226	1.478056461091522	1.732847353564538	2.001181684835467	2.2707040370535814	2.5014177049969746	2.731814567354452	2.980902959280978	3.183658534267276	3.340318896502783	3.5062458221263357	3.658866913141413	3.7617495271676633	3.8095871706409925	3.8246354359720067	3.8412677292326016	3.786143557283202	3.7008436532752946	3.630829618787838	3.4961872447735	3.337150840643622	3.1987067995982907	3.0208996645028843	2.841508501477898	2.677957617748716	2.491517530437097	2.3308970983776387	2.119666973968085	1.868519345733104	1.6506363040193126	1.439643783799196	1.2564509537432165	1.1127004191337901	0.9873246085074971	0.8673344928417778	0.7484531967267647	0.6290174908363985	0.5260556754136689	0.44083497280224043	0.3677320838521025	0.29748044517520933	0.2416434606574983	0.2008547414708016	0.16830296751792329	0.13606799915096104	0.10779310060794992	0.0889431682459425	0.07001403448745608	0.0502136853677004	0.036907850759224585	0.028354099939490136	0.02130517565285711	0.016077883485241612	0.013226633211996795	0.012593022040164614	0.010692188524668068	0.008157743837339339	0.0060193061324057264	0.004435278202825272	0.0029304516697238408	0.001980034911975568	0.001425625136622409	0.0010296181542272954	0.0008712153612692499	0.000554409775353159	0.00031680558591609085	0.00015840279295804542	0.0	0.0	0.0	0.0	0.0	0.0	0.0	0.0	0.0	0.0
Sor-CPnd_015-Ex1-5F-lcwgs-1-2-L2-clmp.r2	0.0	0.0002376254563398868	0.0003960424272331447	0.00031683394178651567	0.0004752509126797736	0.0006336678835730313	0.0009505018253595472	0.001980212136165723	0.0028515054760786416	0.00443567518501122	0.006495095806623571	0.008633724913682554	0.016396156487452188	0.0287526802171263	0.045624087617258266	0.07413914237804467	0.11651568209199116	0.1736250000990106	0.24823939338973502	0.3437648268383695	0.4757261635924533	0.6350144278256241	0.8089562618664212	1.0072943094247802	1.216721544945667	1.454267792800107	1.7278539015327634	1.9866280234869003	2.2412833041978124	2.4832652272372635	2.731663037597892	2.982437102521919	3.198280225363983	3.3611328714422517	3.5167775453448775	3.658006274896217	3.766917942385332	3.839789748996231	3.843274922355882	3.834561988956753	3.8020073014381888	3.7384820961099923	3.6307585559025766	3.480420850524875	3.3362614070120102	3.200418854471042	3.0195858821963877	2.841129164485133	2.701722230099066	2.5184337947755666	2.331184935179736	2.1143913105123127	1.8614786164812263	1.6433384475612105	1.443574647264812	1.2738308629526862	1.1204832351280127	0.9825020534799852	0.8655111204753143	0.750738025063149	0.6388164351270623	0.5279245555017819	0.43311199842216697	0.362458029403774	0.29338823009431353	0.24000171090328565	0.19786279664567907	0.1629318545637157	0.13560492708462873	0.1114463390234069	0.09235709403076933	0.07215893024187894	0.05124789008396891	0.03873294938340155	0.02946555658614596	0.02225758441050273	0.01837636862361791	0.01401990192405332	0.011960481302440968	0.010772354020741533	0.009267392797255584	0.00736638914653649	0.004673300641351107	0.0026930885051853833	0.002455463048845497	0.0019010036507190943	0.0015049612234859496	0.0014257527380393208	0.0007920848544662894	0.0003960424272331447	0.0004752509126797736	0.00031683394178651567	0.0002376254563398868	0.00031683394178651567	0.0002376254563398868	0.00015841697089325783	7.920848544662892e-05	0.0	0.0	0.0	0.0002376254563398868
Sor-CPnd_015-Ex1-5F-lcwgs-1-2-L3-clmp.r1	0.00017282365333649025	8.641182666824513e-05	8.641182666824513e-05	8.641182666824513e-05	0.0003456473066729805	0.0012097655733554317	0.0016418247066966574	0.0017282365333649026	0.002765178453383844	0.004839062293421727	0.006394475173450138	0.010542242853525905	0.018232895426999723	0.02678766626715599	0.04242820689410835	0.0683517548945819	0.11034790265534902	0.17178671141647128	0.2541371822313089	0.3560167258731699	0.47535145850201643	0.6139560284778816	0.7915323322811254	0.9956370668715204	1.2220360527423224	1.4762596468002998	1.7291870634582533	1.984361187609581	2.2359060150408427	2.474748303951872	2.716874242276295	2.959086592427386	3.1952501147117	3.4052308535155356	3.5726969735985943	3.727719790641426	3.834179161096704	3.8423882846301876	3.8566462360304485	3.863386358510571	3.838154105123444	3.7889857757492122	3.6586767411334984	3.5060734552373773	3.3455202812877785	3.1591299711643734	2.9950339123213756	2.8264444384916296	2.6442018960483007	2.4990300272456487	2.344266445682822	2.103263861105086	1.842732203700327	1.6424295894833352	1.4413492688263287	1.2538356049562367	1.097430198686713	0.9666026931109899	0.8504651980688684	0.7273283450666193	0.6264857433447771	0.5282354964229824	0.43249119247456685	0.3594731989398997	0.2901709139519671	0.2338304029642713	0.19796949489694957	0.16841665017640975	0.13583939152248134	0.10274366190854345	0.07586958381471921	0.05953774857442089	0.04545262082749693	0.03594731989398997	0.029552844720539834	0.021689368493729527	0.016763894373639555	0.01313459765357326	0.01011018372018468	0.008122711706815042	0.006999357960127854	0.0058760042134406686	0.0043205913334122565	0.0031108257600568246	0.002246707493374373	0.0012961774000236769	0.0009505300933506963	0.0008641182666824513	0.000691294613345961	0.0003456473066729805	8.641182666824513e-05	0.0	0.0	0.0	0.0	0.0	0.0	0.0	0.0	0.0	0.0
Sor-CPnd_015-Ex1-5F-lcwgs-1-2-L3-clmp.r2	0.00017287997289242024	8.643998644621012e-05	0.0	0.0	0.00017287997289242024	0.0006050799051234709	0.0012965997966931518	0.001988119688262833	0.0024203196204938835	0.0036304794307408256	0.00648299898346576	0.010286358387099005	0.015818517519656454	0.02696927577121756	0.04218271338575054	0.06431134991598032	0.11012454273247169	0.17296641287886647	0.24453872165632845	0.3372888271131119	0.4539828088154956	0.5918545871972007	0.7815903574466319	0.9977767635486036	1.2228664882545346	1.4768271684335	1.722748929872968	1.969275771217559	2.2249652511254485	2.4697632927411157	2.7174138539095076	2.9646322151456688	3.1905863397160616	3.3938067478511016	3.574898519455912	3.6971246602908536	3.794628965002178	3.865336873915178	3.87259783277666	3.8559149153925416	3.829896479472232	3.7687834090547616	3.667302864966911	3.5403225248774284	3.3805814299248316	3.19542697895705	3.007333568450097	2.8280570365606565	2.6512008242917107	2.476246291724581	2.316072996839754	2.101788270439599	1.858286828620625	1.6535105007295534	1.4522782122827764	1.2632339619249149	1.1035793069587647	0.9709803677502783	0.8488406669017835	0.735085644738571	0.6367169401627838	0.5318652366035309	0.4360897316211301	0.3664191025454847	0.2952789937002538	0.24047604229335656	0.1987255288398371	0.1663969739089545	0.13942769813773695	0.10580254341016118	0.07831462772026637	0.062496110200609925	0.046936912640292094	0.03613191433451583	0.029130275432372812	0.02169643659799874	0.017028677329903395	0.012188038088915628	0.009767718468421744	0.009335518536190694	0.007520278820820281	0.005877919078342289	0.004754199254541557	0.003544039444294615	0.0024203196204938835	0.0016423597424779922	0.001383039783139362	0.0012101598102469417	0.0009508398509083113	0.0003457599457848405	8.643998644621012e-05	0.0	0.00017287997289242024	0.00017287997289242024	0.0	0.00017287997289242024	0.0002593199593386304	0.00017287997289242024	0.00017287997289242024	8.643998644621012e-05	8.643998644621012e-05
Sor-CPnd_016-Ex1-1B-lcwgs-1-2-L2-clmp.r1	0.0	3.350377822106999e-05	3.350377822106999e-05	3.350377822106999e-05	0.00016751889110534995	0.0003015340039896299	0.0004690528950949799	0.0009381057901899597	0.0015076700199481497	0.0018092040239377795	0.002713806035906669	0.0043889949469601685	0.007069297204645769	0.012295886607132687	0.021308402948600515	0.03655262203918736	0.062216516156526964	0.0982665815223983	0.15408387603870088	0.24367297900184204	0.36358300125505155	0.5143500032498665	0.694131277184128	0.9038649288480262	1.163117164722666	1.4620713777892733	1.7626337722104923	2.0703324713927986	2.4009812586565387	2.7258338922880334	3.0356433294982677	3.3233402730825956	3.5810513351590663	3.8152762487025664	4.008961590598572	4.136711496955512	4.22713819437418	4.2760872143551625	4.261111025490345	4.190183526996339	4.084948159603958	3.941149943479126	3.7494078207199424	3.550026836526355	3.3524885601349266	3.13089457098077	2.9261864860500317	2.725163816723612	2.498343238166968	2.266463589098943	2.0579360734510033	1.8376487316474681	1.5916639919483722	1.3895356979406568	1.203824255261266	1.0291355556166069	0.8829920750162996	0.7559122442237811	0.6426694738365646	0.5476862625798311	0.4576616104998161	0.3746727518462257	0.3093068805369181	0.2513453442144671	0.20058712020954603	0.16162222613844163	0.12647676278453923	0.09685942283711335	0.07541700477562854	0.05755949098379824	0.04114263965547395	0.03008639284252085	0.022481035186337966	0.016584370219429646	0.012630924389343386	0.009347554123678527	0.007471342543298608	0.005662138519360828	0.004053957164749469	0.0032498664874437886	0.0021442418061484794	0.0013401511288427996	0.0011056246812953096	0.0009716095684110296	0.0006700755644213998	0.0004690528950949799	0.0003685415604317699	0.00020102266932641992	6.700755644213998e-05	6.700755644213998e-05	3.350377822106999e-05	0.0	0.0	0.0	0.0	0.0	0.0	0.0	0.0	0.0	0.0
Sor-CPnd_016-Ex1-1B-lcwgs-1-2-L2-clmp.r2	6.700571558753961e-05	6.700571558753961e-05	3.3502857793769804e-05	0.0	6.700571558753961e-05	0.00020101714676261883	0.0006030514402878566	0.0009380800182255545	0.0010720914494006337	0.0012731085961632527	0.002110680041007498	0.004120851508633686	0.007437634430216898	0.012530068814869908	0.021508834703600217	0.035110994967870755	0.06104220690024859	0.09715828760193244	0.15233749438827132	0.23880837035399122	0.35647040692571075	0.5074342841444375	0.6869425962034561	0.9032705489778279	1.1616445882833806	1.4547945939788662	1.762350828525673	2.064513102967683	2.3849679377650914	2.7070644125943946	2.988253898057504	3.2683042863556264	3.5654746349863644	3.804551028202706	3.9682459913830646	4.101218833966537	4.194122258628661	4.227223082128906	4.219416916262957	4.162328046582373	4.043761432850222	3.8991630986123114	3.729873158180393	3.563665480665501	3.3849612371935325	3.163942884328033	2.9601450003685312	2.7631816993989586	2.533318592075904	2.2979945189324646	2.0868260062583337	1.8490227216381556	1.6125260484719346	1.4166013360939689	1.2264056123987377	1.051420186141878	0.8928846630617592	0.767751489202029	0.6656682815044123	0.5652267138386904	0.4715862263051038	0.38947072185257403	0.3183776576141945	0.2604177136309727	0.21368122700866385	0.1698929918722067	0.13166623112951534	0.10127913911056614	0.07796115008610235	0.061109212615836135	0.0462674466131961	0.033904892087295045	0.026500760514871914	0.0195321660937678	0.015277303153959034	0.01266408024604499	0.010017354480337174	0.008308708732854912	0.006265034407434954	0.004757405806715313	0.003852828646283528	0.002613222907914045	0.002311697187770117	0.002177685756595038	0.0014741257429258716	0.0012731085961632527	0.0012731085961632527	0.0011726000227819432	0.0009045771604317848	0.0009715828760193245	0.0007035600136691659	0.0003350285779376981	0.0005695485824940867	0.0005025428669065471	0.00026802286235015843	0.00040203429352523765	0.0003350285779376981	0.0003015257201439283	0.00016751428896884905	0.0	3.3502857793769804e-05
Sor-CPnd_016-Ex1-1B-lcwgs-1-2-L3-clmp.r1	0.0	0.0	0.0	8.472651973958457e-05	8.472651973958457e-05	0.00016945303947916914	0.0003812693388281306	0.0005507223783072997	0.0011014447566145993	0.0013132610559635609	0.0021605262533594062	0.004659958585677151	0.007498296996953234	0.012624251441198102	0.022325437951380533	0.03965201123812558	0.06303653068625091	0.09743549770052226	0.1579725960544554	0.2443936461888317	0.35174214669888537	0.493150708144252	0.6777697946568068	0.907759932489909	1.1549919170900167	1.435394334168172	1.7420196091057285	2.0559313647408892	2.399031406426337	2.708664472814649	3.011307601324445	3.3089095019097354	3.5765182145072134	3.81184612308391	3.9907461695140425	4.1229195403077945	4.214551271406155	4.251026038154047	4.238825419311546	4.168926040526389	4.062890801072299	3.9406727963479478	3.7718975690266956	3.5703331785662242	3.366311719033304	3.1580115702535356	2.937892071970095	2.7289988375521492	2.527900442950245	2.3245991588351123	2.114562116400682	1.8674572215801835	1.5973067133905179	1.380322096337442	1.2012102336079602	1.028707039418166	0.8786563729593617	0.7563112784554017	0.6517163898368845	0.5580935855246436	0.4648944138111006	0.3799984410320368	0.3113699600429733	0.2516377636265662	0.2021998393585186	0.1629714607190909	0.1256917920336737	0.09489370210833471	0.07438988433135525	0.057529306903177924	0.04354943114614647	0.03312806921817756	0.025290866142265996	0.0181314752242711	0.012751341220807478	0.009870639549661601	0.008218472414739704	0.00686284809890635	0.0051683177041146585	0.003431424049453175	0.0022028895132291987	0.0013132610559635609	0.000889628457265638	0.0006354488980468843	0.0005083591184375074	0.0005507223783072997	0.00046599585856771516	0.00012708977960937685	0.0	0.0	0.0	0.0	0.0	0.0	0.0	0.0	0.0	0.0	0.0	0.0	0.0
Sor-CPnd_016-Ex1-1B-lcwgs-1-2-L3-clmp.r2	0.0	0.0	4.2360011809971296e-05	8.472002361994259e-05	8.472002361994259e-05	8.472002361994259e-05	0.00025416007085982774	0.0004236001180997129	0.0009742802716293398	0.0018214805078287655	0.002922840814888019	0.0049137613699566695	0.007540082102174889	0.011860803306791961	0.019782125515256595	0.03524352982589612	0.05858389633319029	0.09395450619451633	0.1509287220789277	0.23827506643108853	0.34963953747950305	0.488368576157159	0.6714909072116649	0.8972274101470019	1.1386794774638382	1.4219408764371162	1.7245184407957415	2.0342972071620613	2.376608462598439	2.688928829673358	2.9666410670995296	3.2624410295685595	3.551463390147993	3.771608371524414	3.938676258102941	4.07287277551693	4.178984605100908	4.214143414903184	4.211517094170966	4.176527724415929	4.068975654430412	3.934186096851084	3.7718201715834643	3.5945011621469245	3.4001110679509656	3.1970371713339634	2.988117593087185	2.760983209762119	2.5510469912319014	2.338908052087565	2.1135951492703278	1.868245960866974	1.6229391324754303	1.4154174346183808	1.2269153820640084	1.0553996942454347	0.9090034934301741	0.7786617370908924	0.6586981836450536	0.559321595938861	0.47455921230710835	0.38784826813209716	0.31232036707491834	0.26297095331630177	0.21887418102212167	0.1746926887043216	0.13669575811077736	0.10556114943044846	0.07980626224998591	0.06023593679377918	0.04655365297915845	0.03664141021562517	0.027618727700101285	0.019866845538876538	0.015334324275209608	0.011987883342221877	0.009615722680863482	0.008090762255704518	0.00622692173606578	0.004659601299096842	0.0038547610747073874	0.0032617209093677895	0.0021180005904985646	0.0013555203779190815	0.0016096804487789093	0.0016096804487789093	0.0011013603070592537	0.0006354001771495694	0.0005930401653395981	0.0006777601889595407	0.0005930401653395981	0.0005506801535296268	0.0005506801535296268	0.0006354001771495694	0.0005506801535296268	0.0005083201417196555	0.0005083201417196555	0.00038124010628974163	0.00025416007085982774	0.00012708003542991387	0.00012708003542991387
Sor-CPnd_017-Ex1-3G-lcwgs-1-2-L2-clmp.r1	0.00013360455057099245	6.680227528549622e-05	6.680227528549622e-05	0.0007348250281404584	0.0010688364045679396	0.0010020341292824432	0.0022044750844213753	0.003607322865416796	0.004208543342986262	0.0064130184274076366	0.011289584523248863	0.018303823428225965	0.027322130591767958	0.04054898109829621	0.06372937062236339	0.09746451964153899	0.14723221472923367	0.21957907886342606	0.3233898146570872	0.4541218673908033	0.6063642527664492	0.7823214458684462	1.0000968632991638	1.2536783002829077	1.522290249205888	1.80867160335481	2.1046724851448437	2.4082888263174245	2.7239963793166795	3.0027622740830555	3.2502647040158186	3.476256801306653	3.6732567111235808	3.834183392286341	3.959504460721932	4.036126670474396	4.067189728482152	4.0768760583985495	4.034256206766402	3.9484820852998253	3.822359389560809	3.6466694055599533	3.44766542748446	3.2692365501968994	3.0892712205777726	2.883653817249016	2.686052686954518	2.480969701828044	2.2751518916734303	2.082427327474774	1.912281932322615	1.7049276698364348	1.4734577859721902	1.2799983967453932	1.1034399831658266	0.9576774184928739	0.8264109475568737	0.7125130681951027	0.6068986709687332	0.5119058355127576	0.43227752337244607	0.35846100918197277	0.29366280215504137	0.24028778420192992	0.19773473484506884	0.16025865840990544	0.1239182206545955	0.09853335604610694	0.07822546435931607	0.05925361817823515	0.04322107210971606	0.031664278485325215	0.025050853232061087	0.02084230988907482	0.017101382473087033	0.013360455057099244	0.009686329916396954	0.008016273034259546	0.006546622977978631	0.005477786573410691	0.004008136517129773	0.0019372659832793907	0.0015364523315664132	0.001202440955138932	0.0007348250281404584	0.000601220477569466	0.0005344182022839698	0.0005344182022839698	0.0002672091011419849	6.680227528549622e-05	0.0	0.0	0.0	0.0	0.0	0.0	0.0	0.0	0.0	0.0	0.0
Sor-CPnd_017-Ex1-3G-lcwgs-1-2-L2-clmp.r2	0.00013362043911684907	0.00013362043911684907	0.00026724087823369814	0.0006012919760258208	0.0009353430738179434	0.0014030146107269152	0.002137927025869585	0.0025387883432201326	0.0038749927343886227	0.006814642394959302	0.010355584031555802	0.01456462786373655	0.02224780311295537	0.03828225580697726	0.06139859177419214	0.09246534386885956	0.14317430051370378	0.21606425005194496	0.31380760126592006	0.4446888213808737	0.6009579249280287	0.7784726782947626	0.987989526829982	1.241801550932437	1.518329049684756	1.8140310814503429	2.1036533832361135	2.3844567360401716	2.6962600307193387	2.976261660888696	3.2219228382050233	3.442062511650032	3.6511784988679006	3.858356989718575	3.97901624624109	4.01930280863482	4.062194969591328	4.084041911386933	4.045024743164814	3.9464796693161373	3.8064454491216795	3.6541181485284713	3.4732628841838165	3.286261079639786	3.104336851782196	2.907580755182636	2.694723395669495	2.500506087413155	2.3022801659833094	2.08768574076165	1.9048929800498005	1.7003200877619042	1.4819174800254147	1.297521274044163	1.123012980557558	0.9679464609624546	0.8318540437219438	0.7085891886366505	0.6032962826125736	0.5110981796219477	0.4331306533972663	0.3601070834199082	0.2975059076936645	0.24766548390307974	0.19849316230807929	0.15793935903611558	0.12593726386763024	0.09881231472690989	0.0781679568833567	0.060062387383023656	0.043293022273859096	0.0326701973640696	0.025855554969110295	0.02104521916090373	0.017504277524307228	0.014364197205061276	0.011090496446698473	0.008284467225244643	0.007015073053634575	0.006146540199375056	0.004609905149531293	0.003206890538804378	0.002137927025869585	0.0018038759280774625	0.0014698248302853396	0.0008685328542595189	0.0012025839520516416	0.0012693941716100663	0.0006012919760258208	0.0003340510977921227	0.00040086131735054723	0.0003340510977921227	0.00040086131735054723	0.00026724087823369814	0.00020043065867527362	0.00020043065867527362	6.681021955842453e-05	6.681021955842453e-05	0.0	6.681021955842453e-05	6.681021955842453e-05
Sor-CPnd_017-Ex1-3G-lcwgs-1-2-L3-clmp.r1	0.00015906204294516098	0.00015906204294516098	0.00015906204294516098	0.00039765510736290244	0.0007157791932532243	0.0013520273650338682	0.002465461665649995	0.0034993649447935416	0.005010454352772571	0.007555447039895147	0.011691060156469332	0.016781045530714484	0.025211333806808015	0.04016316584365315	0.06107982449094181	0.09591441189593207	0.15206331305557388	0.22387982544531407	0.3125569143872413	0.42771783347953785	0.5872570625535343	0.7888682019865259	1.002488525661877	1.2399681557790023	1.5098169116354678	1.7906409484551498	2.0825993282809927	2.379806755524026	2.666675149975624	2.939387022605102	3.2013622073357824	3.4400348027749965	3.6656643106927076	3.8437342677698147	3.95730456643266	4.024746872641408	4.076680629663003	4.08367935955259	4.042164166343904	3.9689160955676566	3.825601194874067	3.6596994840822634	3.499364944793541	3.3119898582041416	3.0881100327588276	2.8824428112307348	2.6841719746995913	2.498864694668479	2.311330546036134	2.102482083649138	1.925525560872646	1.7214489597740048	1.485003232936023	1.2955603397883362	1.1231370852357818	0.9690854966433932	0.8402452418578128	0.7127570144372662	0.6043562321701391	0.5176674187650264	0.43853405239980875	0.3647292644732541	0.30261553670316876	0.24940928333801243	0.20447425620600443	0.1629590629973174	0.12462511064753362	0.09798221845421916	0.07563400142042404	0.0562284321811144	0.0419923793375225	0.03228959471786767	0.026563361171841885	0.019246507196364476	0.013917928757701585	0.011770591177941912	0.00970278461965482	0.007555447039895147	0.005487640481608053	0.0032607718803758	0.0027835857515403173	0.0028631167730128974	0.0018292134938693513	0.0013520273650338682	0.0014315583865064487	0.0009543722576709658	0.00031812408589032196	7.953102147258049e-05	0.00015906204294516098	7.953102147258049e-05	0.0	0.0	0.0	0.0	0.0	0.0	0.0	0.0	0.0	0.0	0.0
Sor-CPnd_017-Ex1-3G-lcwgs-1-2-L3-clmp.r2	0.0001590681153530159	0.0001590681153530159	0.0001590681153530159	0.0001590681153530159	0.0006362724614120636	0.0010339427497946033	0.0019883514419126985	0.0036585666531193657	0.0042948391145314286	0.006203656498767619	0.01010082532491651	0.016065879650654605	0.024894160052746986	0.037858211454017784	0.0579803280461743	0.0871693272134527	0.13592370456915207	0.2100494463236575	0.30302475974749526	0.42375745930043435	0.5830641768264797	0.7765705391534236	0.9741331384218694	1.21257624333604	1.4883208213004933	1.7880846846832517	2.1031986211975764	2.3877714795641216	2.6631183872401922	2.9465777687992665	3.198223527287738	3.41566964097531	3.621821918472819	3.7995010033221375	3.9510929172535616	4.042159413293164	4.092981676148452	4.114535405778785	4.0483630697919315	3.947354816542766	3.827576525681945	3.6788478378268747	3.5226429485502133	3.304162892112846	3.1061230884983413	2.9341704558017314	2.6915120458307054	2.4858369726792557	2.3177815088087943	2.101767008159399	1.9273488196748172	1.7320927080789899	1.4976263060486446	1.3054720227022014	1.119839532085232	0.9668160051156305	0.8369368889298932	0.7193855516840143	0.6159117426468775	0.5224592248769807	0.4415730882199721	0.3661748015426426	0.30461544090102544	0.2541113142764429	0.205118334747714	0.1640787609866359	0.12836796908988382	0.09909943586492889	0.07881825115741938	0.05988914543041048	0.04589115127934509	0.0349949853776635	0.026166704975571116	0.019247241957714923	0.015270539073889526	0.012884517343594287	0.01041896155562254	0.008032939825327302	0.0066013267871501595	0.005249247806649524	0.0034994985377663494	0.0027041579610012703	0.0027041579610012703	0.0025450898456482545	0.0019883514419126985	0.0009544086921180954	0.0004772043460590477	0.0005567384037355556	0.0007158065190885715	0.0006362724614120636	0.00023860217302952385	0.00023860217302952385	0.00023860217302952385	0.0003181362307060318	0.0003181362307060318	0.0001590681153530159	7.953405767650795e-05	7.953405767650795e-05	7.953405767650795e-05	7.953405767650795e-05	7.953405767650795e-05
Sor-CPnd_018-Ex1-1E-lcwgs-1-2-L2-clmp.r1	0.0	4.473290207833537e-05	0.00013419870623500608	0.00035786321662668294	0.0007828257863708688	0.0010959561009192163	0.0014538193175458994	0.0023261109080734386	0.003489166362110158	0.005412681151478579	0.008365052688648712	0.01274887709232558	0.01804972598860832	0.027622567033372087	0.04573939237509791	0.07215417105235494	0.11301767710091429	0.16862067438428516	0.2456059988611003	0.3556265715227661	0.4941867357104099	0.6586472502014099	0.8484265872687478	1.0650680320341257	1.3176970965215247	1.5929833759116008	1.8695892759129873	2.1558351163122556	2.4485001281597643	2.723025948214509	2.984020065390556	3.2327573673971397	3.454744393960879	3.658748793889128	3.822314650338561	3.9425790575761654	4.028555695370726	4.053539021181477	4.03437097264091	3.974898579327763	3.8712748116632993	3.752799720508828	3.6019603747006808	3.4361355066962918	3.2677384968223984	3.0633986001285622	2.8597520634169404	2.6624128658983643	2.467735276053449	2.2679134024695244	2.083994075574449	1.8653396502155455	1.623983277051887	1.4354564612427427	1.2560327910065394	1.0966494609014306	0.9596549482865285	0.8360132069420095	0.7244940820607195	0.6194164950787098	0.5270206858359081	0.44813421302076367	0.3771207309714063	0.31006611075598156	0.24782027751397792	0.19937454456314072	0.15819790820003302	0.12422326907153732	0.09774139104116276	0.07512890904056424	0.05667658693325091	0.04131083506934271	0.031872192730813945	0.025520120635690324	0.020308737543564256	0.015477584119104036	0.011921318403876375	0.00925971073021542	0.006933599822141982	0.005748177917066094	0.00454038956095104	0.0031760360475618105	0.0021471792997600973	0.0015880180237809053	0.0010735896498800487	0.0007380928842925335	0.0006262606290966951	0.0005367948249400243	0.0003354967655875152	8.946580415667073e-05	0.0	0.0	0.0	0.0	0.0	0.0	0.0	0.0	0.0	0.0	0.0
Sor-CPnd_018-Ex1-1E-lcwgs-1-2-L2-clmp.r2	4.473607393978301e-05	6.710411090967451e-05	0.00020131233272902352	0.0004697287763677216	0.0005815689612171791	0.0008723534418257687	0.0015210265139526224	0.002192067623049367	0.0034894137673030746	0.0050551763551954804	0.0074261882740039795	0.011676115298283366	0.017335228651665917	0.02630481147659241	0.04308083920401103	0.07081720504667649	0.11011784600277587	0.16469585620931115	0.24329713812150988	0.35231895031276106	0.49446782525642163	0.6543545535172061	0.8353343406405983	1.055995025348578	1.3164484478259946	1.5826504558046732	1.856301020094326	2.1507091226920383	2.441113346672139	2.7223690435315553	2.9863789838871844	3.225985395908662	3.46767203536834	3.6681567507294774	3.817776550021082	3.9481598375185794	4.029534756015045	4.059284245185	4.037296464843597	3.965808218687824	3.8709453738985142	3.7477645943053215	3.5988158361228137	3.4401817179323433	3.258441417551975	3.060327714109646	2.850426055184184	2.6628029610807338	2.4773271985263934	2.281159514300445	2.1031770441310185	1.8716007573817317	1.6357745436081657	1.4494264276119997	1.2613112366952122	1.0985837677392514	0.9566809412022595	0.8297646994350952	0.7227783786081042	0.6170446678514271	0.52365811350213	0.45060410475846435	0.3810618778190717	0.3114749148057392	0.2510588469500622	0.19954525780840213	0.15715782775045772	0.1258202079556397	0.09915750788752904	0.07542502066247415	0.05699375819928355	0.04196243735551646	0.03196392482997496	0.026371915587502084	0.020869378492908774	0.016239194840141233	0.012705044998898374	0.009685360007963021	0.007739340791582461	0.006486730721268536	0.005010440281255697	0.003757830210941773	0.0028183726582063293	0.002192067623049367	0.0016328666988020797	0.0013868182921332732	0.0010960338115246836	0.0008499854048558772	0.0006486730721268535	0.00040262466545804704	0.00044736073939783007	0.0004920968133376131	0.00035788859151826406	0.00022368036969891504	0.00017894429575913203	0.00026841644363869804	0.00017894429575913203	0.00015657625878924054	0.00017894429575913203	4.473607393978301e-05	0.0
Sor-CPnd_018-Ex1-1E-lcwgs-1-2-L3-clmp.r1	0.00013735625381879003	0.00018314167175838668	0.00020603438072818505	0.00027471250763758007	0.0008470302318825385	0.0012819917023087068	0.0016711677547952785	0.002586876113587212	0.003914653233835516	0.005471357443781803	0.007943770012520023	0.012339170134721304	0.018382845302748065	0.027837534107274776	0.043519039751586636	0.07096739780637484	0.11091517495867294	0.16828430363698757	0.24733282770970122	0.3530513577322299	0.4915980324174495	0.6537699827595009	0.8388117493623809	1.0622903743255523	1.3012902559702468	1.5562463557668909	1.8487236055650342	2.1346764333067854	2.4203545485408986	2.7030108261909986	2.9618815792214788	3.225674264680465	3.4651091077955853	3.6553246266256396	3.803211526570537	3.928274395672546	4.032871182955554	4.057366381553238	4.023302030606178	3.967237786339142	3.8781393630286867	3.7595780232741016	3.5965590427001675	3.4269927473608712	3.2551371811245957	3.067462752990189	2.872371087149567	2.6825218516630294	2.4908183067499383	2.2872334458815216	2.1065184012739335	1.8827192783851852	1.6439483238301884	1.4509170017968487	1.275856456304801	1.1174389102337965	0.9727798822536406	0.8459313818519881	0.7312160172043286	0.6223611860529376	0.5229381509971034	0.4449197988280307	0.3786682990694343	0.3153012806410325	0.2566730529693789	0.20438610568235954	0.16013449924373935	0.12403269719836738	0.09610359225521341	0.07398923539038822	0.05622449322982471	0.04317564911703966	0.034064350947059924	0.02694471845745264	0.02092393599839568	0.015658612935342063	0.01211024304502332	0.009637830476285098	0.007463023124154258	0.006158138712875752	0.005105074100265028	0.003342335509590557	0.0021290219341912452	0.0017398458817046735	0.0012590989933389085	0.0007783521049731434	0.0005265323063053617	0.0004120687614563701	0.00025181979866778167	0.00013735625381879003	6.867812690939502e-05	4.578541793959667e-05	2.2892708969798335e-05	0.0	0.0	0.0	0.0	0.0	0.0	0.0	0.0
Sor-CPnd_018-Ex1-1E-lcwgs-1-2-L3-clmp.r2	4.5787734473264774e-05	6.868160170989716e-05	0.0002060448051296915	0.000297620274076221	0.0005723466809158097	0.001007330158411825	0.0011446933618316194	0.001900190980640488	0.00297620274076221	0.004647455049036375	0.00739471911743226	0.011721660025155782	0.017994579647993055	0.026923187870279686	0.042468123723953075	0.06859002624095063	0.10872297550676718	0.16495031343993635	0.2397903654364876	0.344140612301058	0.4824424642775543	0.6441647424371254	0.8304521401416031	1.0531178928850897	1.300280083571773	1.5629643162448927	1.8454288502104634	2.1332047613749325	2.4217819578926836	2.7088939469072906	2.9781258256100873	3.2211900140614134	3.4510902288516756	3.6525104727995674	3.8073188030536755	3.942736027758356	4.032182367051878	4.049009359470804	4.026985459189163	3.9679879633203616	3.867827294160095	3.744223304949517	3.6022355403479227	3.433141436938156	3.2538137748736142	3.0762947283207667	2.8788580172720493	2.6830925585316057	2.489021245966673	2.2953620230119998	2.1089830498385753	1.8869583253777145	1.6508080848318514	1.4507385790509209	1.282903638339169	1.119418532402377	0.9698757916126944	0.8406628049291412	0.7239498697567893	0.6217745402796989	0.5278181091405596	0.44885716104141454	0.3814576158967688	0.3155003843880309	0.25725838613803814	0.20785342064138543	0.16101256827523558	0.1253439231205623	0.09862678005541231	0.07520635387233739	0.05785280250697004	0.04475751044761631	0.03482157206691786	0.027220808144355905	0.02158891680414434	0.01739933909984061	0.013873683545399227	0.010393815725431103	0.008218898337951025	0.007165780445065936	0.005311377198898713	0.0034569739527314904	0.0023351744581365033	0.0018772971134038555	0.001602570706564267	0.0010531178928850898	0.0007326037515722364	0.000595240548152442	0.000412089610259383	0.0004349834774960153	0.00038919574302275053	0.0003205141413128534	0.0003434080085494858	0.00038919574302275053	0.0003434080085494858	0.0002060448051296915	0.0001602570706564267	0.0002060448051296915	0.0001602570706564267	4.5787734473264774e-05	2.2893867236632387e-05
Sor-CPnd_019-Ex1-6G-lcwgs-1-2-L2-clmp.r1	6.300980842182798e-05	6.300980842182798e-05	9.451471263274197e-05	0.0003780588505309679	0.0010396618389601616	0.0018587893484439256	0.002709421762138603	0.0037175786968878513	0.0050092797695353245	0.006742049501135595	0.011026716473819897	0.017107162986526297	0.02384921248766189	0.03638816436360566	0.056236254016481475	0.08544130021999874	0.13383283308796265	0.19570846495819771	0.27998408372239264	0.39494547918801787	0.5299124888275732	0.6886972060505799	0.8748596850328706	1.103301745466208	1.358270935245135	1.6148153702346075	1.8811263255294635	2.1546203989844077	2.4361167181089245	2.7096107915638687	2.945046940732029	3.159311794270455	3.3734821330962483	3.587148393454667	3.7625992050052472	3.8625642660664776	3.923211206672487	3.9513135812286224	3.935151565368423	3.8878311992436307	3.7961519279898708	3.6718335759736043	3.543955169781504	3.401080429185009	3.2425792560999005	3.076548410908384	2.888275103343962	2.6908968784625857	2.5075383359550663	2.3216909060148847	2.1427115451926824	1.9235004216931428	1.680944164173316	1.4838494834298381	1.2938749110380268	1.1260482863064878	0.9837406339857894	0.8564923258779078	0.7469497739365598	0.6387304279720704	0.5427979946498371	0.46110577803093716	0.38933760623847513	0.32796605283561464	0.26665750924117604	0.2130046573699895	0.17097711515263023	0.1368888087964213	0.10787279201816952	0.08273187845786015	0.0634823819849917	0.049084640760604	0.03862501256258055	0.03134737968985942	0.02536144788978576	0.019123476856024793	0.014271721607544039	0.01096370666539807	0.008254284903259466	0.006490010267448282	0.005450348428488121	0.004316171876895217	0.0032135002295132276	0.0023313629116076353	0.0018902942526548396	0.0014492255937020436	0.0010081569347492477	0.0006616029884291938	0.0002520392336873119	9.451471263274197e-05	6.300980842182798e-05	9.451471263274197e-05	6.300980842182798e-05	3.150490421091399e-05	6.300980842182798e-05	6.300980842182798e-05	3.150490421091399e-05	0.0	0.0	0.0	0.0
Sor-CPnd_019-Ex1-6G-lcwgs-1-2-L2-clmp.r2	0.0	6.301147596506013e-05	0.00015752868991265035	0.0002835516418427706	0.0006931262356156615	0.0012287237813186727	0.0022999188727246948	0.0037806885579036087	0.004505320531501799	0.005828561526768063	0.008853112373090949	0.013957041926260821	0.02271563708540418	0.0353179322784162	0.05349674309433605	0.08100125235308481	0.1272201699734564	0.19073573774623703	0.2705082663180032	0.3828892337016879	0.5218295382046456	0.6851867896440639	0.8736226085175762	1.0962736588401163	1.339119887209458	1.5888658721969737	1.8598467245847148	2.153511708319878	2.4426083600475734	2.6885421507392033	2.9217161175479083	3.1456904088657147	3.371460527248525	3.5734438134545257	3.721205724592591	3.841337103519978	3.92665464197667	3.9529619331920824	3.9355392600877432	3.893321571191153	3.807216389284899	3.685982309528123	3.5467899591213046	3.3963500602547243	3.254574239333339	3.1013933412622774	2.9046400075613774	2.7081702255023195	2.523420577972763	2.325123463110719	2.147179054985389	1.9409424941517472	1.6971825993809122	1.4919857279006938	1.3044950811666576	1.141610415796977	0.9986373768322556	0.8622175313679004	0.7516008853112374	0.6474114098030104	0.5430328998668883	0.4587235450256378	0.3915218059089011	0.3308102488165657	0.27220957616905983	0.2159718338702436	0.17129669741101597	0.14136624632761244	0.11225494443175463	0.08418333188932034	0.06521687762383724	0.05160639881538425	0.039980781499830656	0.03200982979025055	0.026149762525499956	0.01947054607320358	0.014524145209946361	0.011657123053536125	0.00960925008467167	0.007529871377824686	0.005450492670977702	0.0044423090555367395	0.003717677081938548	0.002835516418427706	0.002205401658777105	0.0015752868991265035	0.0011342065673710824	0.0009136664014933719	0.0007561377115807217	0.0005355975457030112	0.000441080331755421	0.00037806885579036084	0.0002520459038602405	0.0003150573798253007	0.0002835516418427706	0.0002205401658777105	0.00015752868991265035	3.1505737982530064e-05	0.0	0.0	3.1505737982530064e-05
Sor-CPnd_019-Ex1-6G-lcwgs-1-2-L3-clmp.r1	0.00014896203255714184	0.0002606835569749982	0.0004468860976714255	0.0006330886383678528	0.0010799747360392782	0.001862025406964273	0.0024951140453321257	0.0030164811592821223	0.004580582501132111	0.0066660509569320976	0.009719772624353504	0.014561038682460616	0.022120861834735564	0.03541572324046047	0.057313142026360314	0.08870689038777797	0.13525752556188478	0.19454441451962723	0.27356877279119096	0.38093315775675096	0.5243835951092786	0.6916307171628095	0.8709810043616083	1.0819484829706605	1.3269537860190195	1.586631849274257	1.8527525204375908	2.1218524322520675	2.3944901923397763	2.6637018256786713	2.916266951879305	3.154457241938175	3.366057809185595	3.5347573110565578	3.6982059012798816	3.8258291226732135	3.8828815811425983	3.9289480897108944	3.9345714064399266	3.8856001382367658	3.797079450389685	3.6699403556021646	3.5519251853087686	3.4165186977143263	3.247335069237553	3.0714853898038466	2.883122899635341	2.691855649831971	2.509712324522726	2.336916366756441	2.1781600805586674	1.9603031079438473	1.7114247920490027	1.5201947827537718	1.3485160402316656	1.1730760063874919	1.0174851633815574	0.8884095621707938	0.766707581571609	0.6638492980909027	0.5713811163810567	0.4839031627618753	0.4085283742879615	0.3362817884977477	0.27282396262840525	0.22139482088805204	0.1772275782348595	0.14296631074671687	0.11365803084109921	0.09015927020521008	0.0704218008913888	0.0535146101961532	0.04062939437996044	0.030872381247467648	0.023796684701003407	0.018806456610339157	0.014486557666182044	0.011209392949924922	0.009384608051099936	0.007671544676692805	0.005772278761589246	0.004543341992992825	0.0032026836999785495	0.0021227089639392713	0.0016758228662678456	0.0011544557523178493	0.0007075696546464238	0.0004468860976714255	0.00040964558953214	0.0003351645732535691	0.00014896203255714184	7.448101627857092e-05	3.724050813928546e-05	0.0	0.0	0.0	0.0	0.0	0.0	0.0	0.0
Sor-CPnd_019-Ex1-6G-lcwgs-1-2-L3-clmp.r2	0.00022344928985953605	0.0003351739347893041	0.0004468985797190721	0.0005958647729587628	0.0006703478695786082	0.0010427633526778348	0.0017503527705663656	0.0029420823164838916	0.004655193538740335	0.006182097019447164	0.009943493398749354	0.014710411582419456	0.021339407181585696	0.03325670264076095	0.05135609511938337	0.0808141598325322	0.12457297909669134	0.18505325355200578	0.2682136309280631	0.3734954880002145	0.5137844004836932	0.6788389425932706	0.8607639060872427	1.0762807461567654	1.302262461301376	1.5606815650239296	1.8385779985125725	2.107126803375425	2.384985995315758	2.655732051528896	2.900781439408187	3.1230762412701156	3.3447006952624654	3.5408519302108283	3.7068375110281533	3.8315222147697745	3.8980356200512967	3.9257060904455687	3.921870210969647	3.893790083543965	3.803181396505923	3.6704897598776687	3.55429612915071	3.422461048133584	3.262545839690776	3.0903409203056937	2.8988448788960715	2.7045557213632043	2.52371076277022	2.3650245254216395	2.2074927760706666	1.9757386209380179	1.7226823001720932	1.5207213836873825	1.3435633383770804	1.1814136370356771	1.023360506008365	0.8896633475757427	0.7741773062666726	0.667033371779025	0.5756426122264748	0.48585323925125123	0.40641701670618613	0.3371849783980399	0.2751778004620187	0.22099134767108114	0.17700907911706246	0.14513031376376867	0.11537431666414046	0.09258248909846778	0.07202515443139046	0.053814037307838264	0.041710534107113395	0.032623596319492264	0.02551046059229703	0.019924228345808634	0.016349039708056054	0.01251316023213402	0.010092459591989044	0.008565556111282216	0.006591754050856313	0.00472967663536018	0.0035379470894426543	0.0029420823164838916	0.0022344928985953603	0.0013406957391572164	0.0008193140628182989	0.0006331063212686855	0.0005958647729587628	0.00048414012802899483	0.00037241548309922676	0.00048414012802899483	0.00048414012802899483	0.00037241548309922676	0.0002979323864793814	0.00018620774154961338	7.448309661984536e-05	7.448309661984536e-05	0.00011172464492976803	3.724154830992268e-05	0.0
Sor-CPnd_020-Ex1-2E-lcwgs-1-2-L2-clmp.r1	7.52944861471322e-05	0.0001505889722942644	0.0002635307015149627	0.000376472430735661	0.0010541228060598508	0.0023341290705610985	0.00395296052272444	0.004743552627269328	0.00617414786406484	0.008997691094582299	0.012310648485056114	0.019237741210592275	0.028386021277468844	0.044197863368366605	0.07002387211683295	0.11102171982394643	0.17046671663710733	0.249450632605449	0.35753586746965726	0.4870423836427247	0.640417251924433	0.8256416878463781	1.036503896301422	1.282302746328735	1.553889957861441	1.833872504599552	2.115059763116017	2.379456351221672	2.6442670590011357	2.9126919021156623	3.160071936352065	3.3861436310088298	3.5878952066400704	3.750004235314846	3.8451764658048204	3.907332064119279	3.957929958810151	3.968057067196941	3.9018732138736114	3.814945729616747	3.723877048621791	3.5863516696740536	3.412797879104914	3.2370981956805815	3.0606079201517034	2.8709034623040037	2.6885778640987232	2.5049722596289414	2.3275408030232243	2.1687447317389226	2.0252334411424884	1.7961499670398389	1.541466367647164	1.3526654436332302	1.1789234168487226	1.0276567941791337	0.8938208450526064	0.7671002248669829	0.6538949649447696	0.5575933171625875	0.47586115244987554	0.40229843948412736	0.3349475216255176	0.27493781616625323	0.22283403175243777	0.1771302786611285	0.1390312686706796	0.11414644099905241	0.09344045730859106	0.06949681071380302	0.05217907889996262	0.04118608392248131	0.032602512501708245	0.025411889074657117	0.01938833018288654	0.015171838958647139	0.012611826429644646	0.010315344602157113	0.007077681697830426	0.005421203002593519	0.0051576723010785565	0.0041035494950187055	0.0024470707997817968	0.0013553007506483796	0.0011670645352805493	0.0010917700491334169	0.0009411810768391526	0.0005647086461034915	0.0001882362153678305	0.00011294172922069831	7.52944861471322e-05	0.0	0.0	0.0	0.0	0.0	0.0	0.0	0.0	0.0	0.0
Sor-CPnd_020-Ex1-2E-lcwgs-1-2-L2-clmp.r2	0.00015064364379858495	0.0001129827328489387	0.00015064364379858495	0.0007908791299425708	0.0013181318832376182	0.0019960282803312504	0.003125855608820637	0.004406326581108609	0.005724458464346227	0.006967268525684552	0.010582715976850591	0.017549984502535143	0.027078194972795643	0.04165296751030873	0.06568062869618303	0.10341686146772855	0.15794986052281632	0.2376026871813181	0.34312855966222683	0.4724937887742617	0.6292008392357396	0.8099732117940415	1.0119110163060445	1.2507188526377513	1.5223293424066	1.8032420771800113	2.0811042781665012	2.3528654115791485	2.6351716000576966	2.9108118072981575	3.1571518258197937	3.3745682647321007	3.56204427943944	3.722592742817782	3.8525605465050106	3.938314440737355	3.9750338289132605	3.975410438022757	3.9188437497763884	3.823712288717582	3.734305286123122	3.6161253475631314	3.4365204632442694	3.244525139222972	3.070682374279406	2.888478887105017	2.693244724742051	2.5160501387239655	2.362732570247956	2.180755048539265	2.0174196777506497	1.8103223284385448	1.5602538797328938	1.3618185399392078	1.1824396210860426	1.035486746560523	0.9031086445725166	0.7729525363305393	0.6592919070845069	0.5634448887176573	0.48262457381971646	0.4074910564751722	0.33642491751318976	0.27846477556168425	0.22649271845117244	0.17975552796266145	0.14119075515022372	0.11486577839642101	0.09230689273758291	0.06869350157215473	0.0530265626171019	0.04278279483879812	0.033405228012336204	0.02560941944575944	0.019357708228118164	0.015252668934606722	0.013181318832376183	0.010921664175397408	0.00828540040892217	0.006515337594288797	0.005423171176749057	0.004067378382561793	0.0030128728759716986	0.0023726373898277126	0.0018453846365326654	0.0013557927941872643	0.0012428100613383257	0.0010168445956404482	0.0005649136642446934	0.0003389481985468161	0.0002259654656978774	0.0003389481985468161	0.0004895918423454011	0.00041427002044610857	0.00026362637664752365	0.00026362637664752365	0.00018830455474823116	7.532182189929247e-05	0.0001129827328489387	0.00018830455474823116	0.00015064364379858495
Sor-CPnd_020-Ex1-2E-lcwgs-1-2-L3-clmp.r1	0.00019667314267620358	0.00022945199978890418	0.00039334628535240716	0.0005244617138032095	0.0011144811418318202	0.001999510283874736	0.0024584142834525443	0.0032123279970446583	0.00494960742401779	0.007637473707259239	0.011833167417684915	0.017503909698182118	0.025698623976357266	0.04195693710425676	0.0659838393678663	0.10000829305084952	0.15340505128743878	0.22414182493664664	0.3253957145577788	0.45480664243872077	0.6071627702985531	0.7911177164150289	1.0057208939318796	1.244449310283678	1.5109086397528213	1.7908400794952841	2.0738199529492287	2.355160883547538	2.6294871387237286	2.907550183610768	3.160930749091944	3.3848431220288013	3.5829257555608516	3.7593743433985187	3.906092507834966	3.9986927791783455	4.036027897429712	4.014033284307089	3.956047486074722	3.8912109067058007	3.795037739937137	3.64032153436519	3.4623978979574512	3.2803441255535115	3.0902267542998483	2.910828069322038	2.7129421089326646	2.503944115982086	2.324512652147163	2.1475723814528047	1.993872320451352	1.7921840126369049	1.5416224288674216	1.3436709107638227	1.1610598977889677	0.9972311699396903	0.8631656443487448	0.7496852410245753	0.6463990622624557	0.5482919429241428	0.46414861671584046	0.3904289670693768	0.324936810558201	0.267016570040059	0.2158159952300207	0.17281013469815754	0.13511444901855185	0.1047940061893038	0.082766614209569	0.06368931936997725	0.050217209096657306	0.039367407392353414	0.03038600054347345	0.02487915254853975	0.018585611982901235	0.013504889130432646	0.011275926846769004	0.008719175991978358	0.006227982851413113	0.005146280566693993	0.004162914853312976	0.002851760568804952	0.00219618342655094	0.0017045005698604308	0.0013767119987334248	0.0010817022847191197	0.0007866925707048143	0.0004261251424651077	0.00013111542845080238	3.2778857112700594e-05	3.2778857112700594e-05	6.555771422540119e-05	6.555771422540119e-05	6.555771422540119e-05	3.2778857112700594e-05	0.0	0.0	0.0	0.0	0.0	0.0
Sor-CPnd_020-Ex1-2E-lcwgs-1-2-L3-clmp.r2	0.0001967253749831554	0.00022951293748034796	0.00032787562497192565	0.0003934507499663108	0.0007213263749382364	0.0016721656873568207	0.0029180930622501383	0.004065657749651877	0.005278797562048003	0.007082113499393594	0.010459232436604429	0.015770817561149623	0.02314801912301795	0.038689323746687224	0.06062420305730905	0.09223141330460267	0.14472430086260799	0.213348669169232	0.3101047660984473	0.44023860164980455	0.5878154204496683	0.7598189733099405	0.9684462334795767	1.2124840611461811	1.4950472747469867	1.7719054524732807	2.0460094749498103	2.3369335169874	2.62225088583797	2.892354825689842	3.1431141036683705	3.3730532794611823	3.5799755863809644	3.7548316571784923	3.9032609526032833	4.006607349594434	4.025492985592817	4.015722291968653	3.9781477453468708	3.9029330769783113	3.7985046904247532	3.647058939250221	3.4870228467014237	3.313642216216269	3.11147410585858	2.9244210618120965	2.7369745670156465	2.5302161979083504	2.343556604611833	2.16152005762742	2.0017462655786007	1.7972174507211132	1.5488844523673768	1.3484540828220386	1.168384789587457	1.00916838610109	0.8712638982378981	0.7553926523728195	0.651783954881691	0.5585689147021725	0.474370454209382	0.39348353752880794	0.3249903194721727	0.26613664478971205	0.21623397466898497	0.17518394642249988	0.13859302667563297	0.10888749505317652	0.08537881274268944	0.0660997259943402	0.05173877362056986	0.03977131330909458	0.030590795809880663	0.02455788431039723	0.018656123060902568	0.014787190686233848	0.012229760811452826	0.009344455311699881	0.007377201561868326	0.005868973686997469	0.004524683624612574	0.003541056749696797	0.0028197303747585604	0.002262341812306287	0.0015410154373680506	0.0014098651873792802	0.0013115024998877026	0.0009180517499213918	0.0007213263749382364	0.0004262383124635034	0.00013115024998877026	0.00032787562497192565	0.0004262383124635034	0.0003606631874691182	0.00032787562497192565	0.00022951293748034796	0.0001967253749831554	0.00016393781248596283	0.00013115024998877026	0.00013115024998877026	0.00013115024998877026
Sor-CPnd_022-Ex1-7C-lcwgs-1-2-L2-clmp.r1	5.4829325903594144e-05	8.224398885539121e-05	0.00019190264066257953	0.00041121994427695605	0.0007950252256021151	0.0010143425292164917	0.0015900504512042302	0.003015612924697678	0.004139614105721358	0.004879810005419879	0.007813178941262166	0.013268696868669782	0.019327337381016937	0.029936811943362403	0.0487158560653434	0.07939286390840432	0.12092607828037688	0.18107384879661967	0.26910233153484003	0.38243454817756917	0.5220025972651681	0.6952358524575738	0.8992557741448476	1.1295937722658465	1.3837825271549091	1.6534879812746885	1.931993542201995	2.221108577691647	2.523300407409306	2.8025187495733594	3.063122535593142	3.3141311895797965	3.530186148302909	3.7150432205868764	3.885178618865729	4.000594349892795	4.057973239450907	4.076752283572888	4.042703272186755	3.985625943921114	3.8934030177512686	3.7529028701233083	3.590416162808007	3.402269330969824	3.1952063816949003	2.995874367372384	2.7999417712558903	2.5990471211451216	2.4040466235689886	2.2123358855470716	2.0426391218754483	1.8221429877541444	1.5730807748370677	1.3816990127705724	1.1986238935784714	1.0376998220514229	0.9030664122951474	0.7712292981599552	0.6622560129265619	0.5718972838374388	0.4822513359850623	0.4045307665167176	0.3390645513878262	0.2814389298631488	0.22896726497340916	0.18291063121439005	0.14546220162223528	0.11662197619694474	0.09137307161833964	0.07111363569696161	0.055871083095762435	0.042657215552996244	0.03306208351986727	0.02560529519697847	0.019217678729209747	0.015105479286440187	0.011952793046983524	0.010006351977405932	0.008005081581924745	0.006140884501202545	0.004824980679516285	0.0035913208466854165	0.0029059542728904894	0.0021109290472883747	0.0013707331475898536	0.0009595132033128975	0.0005482932590359414	0.0003015612924697678	0.00016448797771078242	0.00010965865180718829	8.224398885539121e-05	2.7414662951797072e-05	2.7414662951797072e-05	5.4829325903594144e-05	2.7414662951797072e-05	0.0	0.0	0.0	0.0	0.0	0.0
Sor-CPnd_022-Ex1-7C-lcwgs-1-2-L2-clmp.r2	0.00021932247449485236	0.0001919071651829958	0.00021932247449485236	0.00027415309311856545	0.0004386449489897047	0.0011788583004098314	0.0016175032493995361	0.0020287328890773847	0.003618820829165064	0.005373400625123883	0.008005270319062112	0.012638457592765868	0.019656776776601145	0.032048496585560304	0.04942980268927735	0.07525502406104621	0.11588451246121761	0.17534831835863446	0.2626386632075857	0.37567198350037023	0.517902608210282	0.6838200601656378	0.8800040136012833	1.1259193381286363	1.3823073108131188	1.6418206287591528	1.9246917902388887	2.2236009076660608	2.5085830479628095	2.7814750368530294	3.0540106267221954	3.2940316597474997	3.530433871943638	3.7270016397096497	3.8745508344260617	3.998166464113223	4.0557386136681215	4.0599331559928356	4.037946077924727	3.9766180309941035	3.8774020265944955	3.7473437992190473	3.5789863847349364	3.401417426322042	3.214691754598987	3.0148615650248645	2.8097950513721774	2.6168186891260192	2.420744396927621	2.2242588750895456	2.0511860274037947	1.8183203901088856	1.5706504857855734	1.3811558678220208	1.2075621292593453	1.0513496968003866	0.9124089092078976	0.7818572062648368	0.6695092687048487	0.5769003538493972	0.49070662137292037	0.4112022243685364	0.3428832735633898	0.2850918015339962	0.23264631482041465	0.18647893393924822	0.1478233478095305	0.11900985772276926	0.09502146207489479	0.07226675534605385	0.057051258677973476	0.04520784505525144	0.03500934999124081	0.027360478693232833	0.02001317579765528	0.016202447803307218	0.01340608625349785	0.01126769212717304	0.009266374547407513	0.0069909038745234195	0.005921706811361014	0.0046057719643918995	0.0038381433036599162	0.0028237768591212243	0.0017819951052706756	0.0015900879400876796	0.0011240276817861183	0.0008772898979794094	0.0007676286607319832	0.0007402133514201267	0.0007676286607319832	0.0006305521141727005	0.0004112296396778482	0.0003838143303659916	0.0004386449489897047	0.00030156840243042204	0.00027415309311856545	0.00021932247449485236	5.483061862371309e-05	0.0	2.7415309311856545e-05
Sor-CPnd_022-Ex1-7C-lcwgs-1-2-L3-clmp.r1	0.0	3.333440003413443e-05	0.00013333760013653772	0.00026667520027307543	0.0006333536006485541	0.0012333728012629737	0.0017667232018091245	0.0025334144025942165	0.0034667776035499803	0.005366838405495643	0.008333600008533606	0.013500432013824443	0.02093400322143642	0.03126766723201809	0.04863488964980213	0.07666912007850918	0.11980383372267912	0.1810724609854182	0.268075245074509	0.3812121987903613	0.520749997333248	0.6886887047052173	0.8856283401068834	1.117602429944425	1.3707771982036758	1.644119278483578	1.922828197168976	2.203737186256627	2.4979799353579315	2.769421954835888	3.028530246301215	3.277771555356438	3.5005786851845926	3.6793177381676214	3.8350893895271314	3.963393495258515	4.042962708139994	4.062563335360065	4.0258954953225174	3.974260509669643	3.8785907815716767	3.74655322303647	3.587948147674059	3.4093090978911325	3.2475039201254443	3.0581311935315263	2.8359240829039862	2.6351176570983603	2.4369779832954652	2.235504869489157	2.0579325205073227	1.8343920338784174	1.5912842544294752	1.3942446158277064	1.2043718732332767	1.0380998858630144	0.9076290441294121	0.7943254184133892	0.6839552199003701	0.5828853189968746	0.49464916210652077	0.41661333162661207	0.34981119395820665	0.28884257629577476	0.23670757464238856	0.19147279379606813	0.14897143375254676	0.11720375052001664	0.09280296969503024	0.07393569927571016	0.05826853125966698	0.0457014624467983	0.03436776643519259	0.02566748802628351	0.019933971220412388	0.01453379841488261	0.011933715212220124	0.011233692811503302	0.008866950409079758	0.005833520005973525	0.00436680640447161	0.003133433603208636	0.0021334016021846034	0.0017333888017749901	0.0014667136015019146	0.0011667040011947049	0.0006333536006485541	0.00026667520027307543	0.00013333760013653772	6.666880006826886e-05	3.333440003413443e-05	0.0	0.0	0.0	0.0	0.0	0.0	0.0	0.0	0.0	0.0
Sor-CPnd_022-Ex1-7C-lcwgs-1-2-L3-clmp.r2	0.0	6.66788688996753e-05	0.0002667154755987012	0.0003667337789482142	0.0006667886889967531	0.0011002013368446425	0.0018670083291909086	0.002800512493786363	0.003467301182783116	0.004734199691876947	0.0076347304890128235	0.011602123188543504	0.019103495939756975	0.030638940259400806	0.04747535465656882	0.07418024165088878	0.113154040522749	0.17543210407504573	0.2644817334905621	0.3750686375606736	0.512160392018406	0.6774573080207011	0.871559495387656	1.1025017578216814	1.3629827591782628	1.6397667439808152	1.9146837204541765	2.19323469528257	2.491222560395219	2.765939500261881	3.0118845081983334	3.2586963414304817	3.4891051729133102	3.6779730690716406	3.8391358952021553	3.9609915281163115	4.026836911154741	4.049007635063883	4.027303663237039	3.965292315160341	3.876976153302721	3.7594879863014934	3.6122943832054597	3.4380958382050584	3.239992918704123	3.0493246930855014	2.8389862011414757	2.639516364828097	2.4507818264075656	2.2474779551324557	2.067578366841132	1.8404701393688379	1.5922913893242463	1.3930215896175668	1.2201899614296083	1.0619610055306787	0.9161343192470889	0.7928117512171394	0.686925707404455	0.586307294234845	0.4968909310403804	0.417709774222016	0.35196440948693614	0.29565410470116027	0.24244436731921942	0.19520238870379947	0.15046086767211733	0.11795491908352562	0.0954508008298852	0.07664735980017676	0.06014433974750713	0.046975263139821255	0.03567319486132629	0.02770507002781509	0.02287085203258863	0.016436341183769965	0.013269094911035388	0.012368930180889769	0.009535078252653569	0.006701226324417368	0.005000915167475649	0.003867374396181168	0.00326726457608409	0.002867191362686038	0.002433778714838149	0.0022337421081391226	0.0016002928535922075	0.0006001098200970778	0.00033339434449837653	0.00040007321339805186	0.0004334126478478895	0.00033339434449837653	0.00040007321339805186	0.0004334126478478895	0.00020003660669902593	0.00020003660669902593	0.00033339434449837653	0.0003000549100485389	0.00010001830334951297	6.66788688996753e-05	6.66788688996753e-05
Sor-CPnd_024-Ex1-5G-lcwgs-1-2-L2-clmp.r1	0.0	0.0	0.0004058935747047124	0.0007103137557332468	0.0007103137557332468	0.0015221009051426715	0.0027397816292568087	0.0033486219913138777	0.005682510045865974	0.008828185249827496	0.011669440272760482	0.01562690262613143	0.02415066769493039	0.03835694280959532	0.06291350407923042	0.10187928725088281	0.15312335105735275	0.22060315785201118	0.3129439460973333	0.42547793968421477	0.573121727483054	0.7573974103989933	0.9513130657141697	1.1676543410317815	1.4216422454032551	1.669338799366806	1.9260664853675367	2.2147582903762633	2.4949263303161913	2.753480537403093	2.976823476884361	3.190932337541097	3.428075658562325	3.6090027194869507	3.699719933433454	3.78424727036571	3.852437390916102	3.8810528879327846	3.8581199009619676	3.812152453626659	3.7402078175102487	3.607074725007103	3.4419775134959614	3.313918090676624	3.2021958842391527	3.011527377521614	2.8158866745139424	2.641555384178268	2.456264967325567	2.29502374477412	2.16280391281406	1.9353005641920689	1.6842553882372042	1.5048504282177213	1.3082964646669644	1.1272679303486626	0.9918009497909648	0.8676989893249989	0.7518163737468035	0.6539960222429679	0.5545520964403133	0.4592685797783821	0.37890165198684905	0.31964119007996106	0.2712383812964241	0.22242967893818238	0.18244916182976822	0.14804968137354385	0.11365020091731948	0.0885862726793035	0.06869748751877258	0.05246174453058408	0.04414092624913747	0.03855988959694768	0.0319641190079961	0.024455087875958924	0.01867110443641677	0.014409221902017292	0.010147339367617811	0.007813451313065715	0.006494297195275399	0.005073669683808906	0.0038559889596947684	0.002942728416609165	0.00213094126719974	0.0013191541177903154	0.001014733936761781	0.0004058935747047124	0.0	0.0	0.0	0.0	0.0	0.0	0.0	0.0	0.0	0.0	0.0	0.0	0.0
Sor-CPnd_024-Ex1-5G-lcwgs-1-2-L2-clmp.r2	0.0	0.00010151037283744838	0.0003045311185123452	0.00040604149134979353	0.0006090622370246904	0.0011166141012119324	0.0021317178295864165	0.0036543734221481422	0.006192132743084352	0.00822234019983332	0.010760099520769529	0.015632597416967053	0.02283983388842589	0.03522409937459459	0.05989111997409455	0.09602881270422618	0.14810363396983722	0.21144610662040503	0.291131749297802	0.4107109685003162	0.5749547517513077	0.7516843108613054	0.9377528242723483	1.1630043415986462	1.391808721974255	1.641321218408703	1.923418544523972	2.205718891384916	2.4886283004828846	2.7561081329095614	2.9717161648163017	3.1802184706244208	3.4018156145285707	3.573672675742371	3.714061521376562	3.8083646577425516	3.876376607543642	3.8969832132296442	3.859424375279788	3.809379761470926	3.7269533387269176	3.613870783386	3.4715532406678977	3.356440477870231	3.204885491223921	3.0035904218872607	2.8256427383032134	2.6356153203515102	2.4587842508686752	2.3112896791358626	2.165520783741287	1.9449387435655112	1.7085210852270938	1.5168695013099913	1.3137472452622572	1.1324497193745742	0.990436707774984	0.8725831649107065	0.7586885265870893	0.6506814898880442	0.5503892415246452	0.4529392836006947	0.374674786143022	0.3210773092848493	0.2728598821870613	0.2277892766472342	0.18972288683319105	0.15216404888333515	0.11947770882967676	0.091460845926541	0.0662862734628538	0.0507551864187242	0.043649460320102806	0.037355817204181005	0.03106217408825921	0.024362489480987612	0.01898243972060285	0.014109941824405326	0.009338954301045251	0.007714788335646079	0.007105726098621388	0.0059891119974094555	0.004263435659172833	0.0026392696937736584	0.002334738575261313	0.0019286970839115197	0.0018271867110740711	0.0011166141012119324	0.00040604149134979353	0.00040604149134979353	0.00020302074567489677	0.00020302074567489677	0.0003045311185123452	0.0003045311185123452	0.00020302074567489677	0.00020302074567489677	0.00010151037283744838	0.0	0.00010151037283744838	0.00010151037283744838	0.00010151037283744838
Sor-CPnd_024-Ex1-5G-lcwgs-1-2-L3-clmp.r1	0.00022221703715802186	0.00011110851857901093	0.00033332555573703277	0.0006666511114740655	0.0007777596300530765	0.001333302222948131	0.0022221703715802187	0.00355547259452835	0.0057776429661085685	0.006999836670477689	0.009888658153531973	0.014999650008166474	0.020443967418538014	0.03699913668681064	0.06166522781135107	0.09055344264189391	0.14177446970681795	0.213661681227438	0.3092150072053874	0.43332322245814264	0.569431157717431	0.7273163626182055	0.935422617916693	1.1637506235965605	1.3917453037206908	1.6524058883070507	1.932732680681895	2.18383793267046	2.4371653550306047	2.7164921707382383	3.005485427562246	3.249813059917491	3.4068093966696336	3.559361392678615	3.735912828700664	3.848576866539781	3.918686341763137	3.934352642882777	3.8822427476692214	3.835354952828878	3.7736897250175274	3.6736920582964174	3.5192512174715924	3.353477307751708	3.2097028847104676	3.0372624638758428	2.8409337115467306	2.644493850699039	2.4543871754103512	2.2792801501298303	2.13328355671701	1.931843812533263	1.6674055383152169	1.4598548256096247	1.281414544771733	1.1116407283830045	0.9751994675679789	0.854646724909752	0.7338717652143673	0.6187633399665119	0.5292098739918291	0.45498938358104973	0.3794355909473223	0.3139926735042849	0.2596606079191485	0.2163282856733343	0.17532924231767924	0.14166336118823894	0.11655283598938247	0.09110898523478897	0.06944282411188184	0.05322098039934624	0.04088793483707603	0.03288812149938724	0.02822156371906878	0.023443897420171306	0.01922177371416889	0.014666324452429443	0.01188861148795417	0.009888658153531973	0.006333185559003623	0.004888774817476481	0.00355547259452835	0.001777736297264175	0.0012221937043691202	0.001333302222948131	0.0011110851857901094	0.0005555425928950547	0.00033332555573703277	0.0004444340743160437	0.00022221703715802186	0.00011110851857901093	0.00022221703715802186	0.00022221703715802186	0.00011110851857901093	0.0	0.0	0.0	0.0	0.0	0.0
Sor-CPnd_024-Ex1-5G-lcwgs-1-2-L3-clmp.r2	0.0	0.0	0.00011111876595943275	0.0003333562978782983	0.0010000688936348948	0.001889019021310357	0.002222375319188655	0.002333494085148088	0.005222582000093339	0.007889432383119725	0.010222926468267815	0.014223202042807392	0.02022361540461676	0.03300227348995153	0.05367036395840602	0.08778382510795188	0.1348981818747514	0.19879147230142521	0.28635305987745824	0.406472445879605	0.5521491480524214	0.7198273658852055	0.9082847929524034	1.1293000184457151	1.3862066053439237	1.650780387093333	1.908575924119217	2.1615933542088452	2.4509466207672084	2.736521849282951	2.989094804308741	3.235556227206763	3.4396814002742406	3.5760241261064656	3.7117001393429327	3.837375463643051	3.932826483602204	3.934271027559676	3.892157015261051	3.8560434163242356	3.7797048241101057	3.685142754278628	3.5287986505737066	3.346674993166196	3.2051096853338783	3.0376537050330135	2.83652873864644	2.654182843707011	2.4630585662567865	2.304714324764595	2.157370841102387	1.923132482459903	1.6785600785831911	1.4862134947074133	1.2846440532570023	1.1202993984030012	0.9820676535494668	0.8460582840151211	0.7372730121408364	0.6341547973304827	0.537925946009614	0.45892050341245727	0.38113736724085434	0.31279932617580325	0.2606846249408293	0.21323691187615149	0.1740119874924717	0.1467878898324107	0.11989714847022795	0.09267305081016693	0.0715604852778747	0.05300365136264943	0.04089170587307126	0.03433569868146472	0.028446404085614784	0.022890465787643147	0.018556833915225272	0.01533438970240172	0.01211194548957817	0.00966733263847065	0.0070004822554442635	0.005111463234133908	0.003444681744742416	0.002222375319188655	0.001889019021310357	0.001777900255350924	0.0016667814893914915	0.0010000688936348948	0.0003333562978782983	0.0003333562978782983	0.000444475063837731	0.0007778313617160293	0.000888950127675462	0.0005555938297971638	0.0002222375319188655	0.0002222375319188655	0.0002222375319188655	0.00011111876595943275	0.0	0.0	0.0
Sor-CPnd_026-Ex1-3H-lcwgs-1-2-L2-clmp.r1	0.00013135176067183797	6.567588033591899e-05	0.00039405528201551395	0.0007881105640310279	0.0007881105640310279	0.000985138205038785	0.002298655811757165	0.003874876939819221	0.004465959862842491	0.005648125708889034	0.008603540324005388	0.012609769024496446	0.018520598254729154	0.030670636116874168	0.04991366905529843	0.08143809161653955	0.12498120027925384	0.18382678906023728	0.27958222259000715	0.38991770155435107	0.5217948692688764	0.6986600150135063	0.8943741384145448	1.1264070236413466	1.3942332636512242	1.6671822223273034	1.9650223396506965	2.276391688323288	2.5681239487754404	2.842649128579582	3.1161234942983485	3.3818481061374763	3.6082328656553893	3.8063769966288565	3.9672172275715227	4.0481955880257114	4.092526807252456	4.133048825419718	4.115184985968348	4.03420662551416	3.908568666431547	3.750880877745005	3.583210355247404	3.4255882424411985	3.2494455313802644	3.0287088975712404	2.7966760123444385	2.5654969135620034	2.3533638200769853	2.1699967621790996	1.9901105259390175	1.7618868417716989	1.524205830836008	1.32139871235869	1.1386884132641635	0.9876338884915499	0.8528669820422441	0.731235251660122	0.623461132028879	0.5262608291317189	0.44462570987417155	0.3748779249574256	0.30999015518553763	0.2506848352422028	0.19820980685380354	0.1528934494220194	0.1203182127754036	0.0968062476151446	0.07395104125824478	0.05726936765292136	0.044987978030104514	0.032837940167959496	0.02475980688664146	0.018783301776072833	0.012806796665504203	0.00912894736669274	0.007946781520646198	0.006304884512248223	0.005188394546537601	0.0038092010594833014	0.002167304051085327	0.00131351760671838	0.000919462324702866	0.000459731162351433	0.00039405528201551395	0.0005254070426873519	0.0005254070426873519	0.000328379401679595	6.567588033591899e-05	0.0	0.0	6.567588033591899e-05	6.567588033591899e-05	0.0	0.0	0.0	0.0	0.0	0.0	0.0	0.0
Sor-CPnd_026-Ex1-3H-lcwgs-1-2-L2-clmp.r2	0.0	0.0	6.565824358945739e-05	0.00032829121794728693	0.000853557166662946	0.000984873653841861	0.0012475066281996902	0.00275764623075721	0.003873836371777986	0.005712267192282792	0.009389128833292406	0.012737699256354734	0.017399434551206207	0.02816738649987722	0.04970329039721925	0.08220412097400065	0.12100814293536998	0.17865608080691353	0.2684108997937018	0.3826562436393577	0.5195536815233763	0.688032734573924	0.8914419732140629	1.1289278402771303	1.3791514065965524	1.6541281307492	1.9512316829914949	2.2417694108748436	2.5523985612965663	2.83026424816715	3.0821949288198978	3.3498179296905266	3.600369787227896	3.813956053624401	3.9601113038545326	4.054199566918226	4.116968847789747	4.141065423187077	4.093397538341131	4.022289660533749	3.9177617367393327	3.776859145996357	3.6059507379329996	3.4061527026902807	3.218501442511611	3.023562117294513	2.8067585969621245	2.5775456685913287	2.373348531028116	2.1780152563494806	2.0034299866451133	1.7893184542998926	1.5360089505317662	1.3290541667377964	1.154140605815482	0.9983992520212891	0.8572996865475451	0.7322207325096287	0.6372789122792734	0.5416805096130234	0.4478548795236888	0.3728075071009391	0.3082654536525024	0.25481964337068413	0.20235870674270767	0.1596151901659709	0.12599816944816872	0.09717420051239693	0.0750473724227498	0.05902676098692219	0.044778922128009935	0.033091754769086525	0.026460272166551328	0.02186419511528931	0.01588929494864869	0.011424534384565584	0.009060837615345119	0.006697140846124654	0.00604055841023008	0.004793051782030389	0.003151595692293955	0.002560671499988838	0.0017727725769153494	0.0010505318974313182	0.0009192154102524034	0.000853557166662946	0.0007878989230734887	0.0005909241923051164	0.00032829121794728693	0.0005252659487156591	0.0006565824358945739	0.0007222406794840313	0.0005909241923051164	0.00026263297435782956	0.00032829121794728693	0.0004596077051262017	0.00032829121794728693	6.565824358945739e-05	6.565824358945739e-05	0.00013131648717891478	6.565824358945739e-05
Sor-CPnd_026-Ex1-3H-lcwgs-1-2-L3-clmp.r1	0.0	0.000166545920874033	0.0004163648021850825	0.0004163648021850825	0.0005829107230591155	0.001332367366992264	0.0017487321691773464	0.0032476454570436433	0.004496739863598891	0.005662561309717122	0.00832729604370165	0.013490219590796671	0.018736416098328712	0.027313531023341414	0.049630684420461826	0.08102459050521704	0.12607526210164297	0.18444960736799154	0.26639020043801576	0.3806407021576024	0.525119288515826	0.6904161149833038	0.8893552174673361	1.141089376868437	1.4075628502668898	1.6835294411551627	1.9729029786737948	2.282678391499496	2.5812119546662	2.834861392157353	3.0728555130863455	3.3358315221464436	3.601805357782274	3.7998284577015	3.935396837292963	4.0589739105814955	4.132337388726507	4.112684970063371	4.07671105115458	4.040737132245789	3.93881102867088	3.7579421586016806	3.5864831330618636	3.4035324389817387	3.1903536602629763	3.006486963618044	2.796888922198073	2.5780475821695936	2.3716139132462297	2.1675118872151025	1.9957197698335376	1.7796264374994795	1.548877064128507	1.3547677933498214	1.1717338263092592	1.0006911655716273	0.8483849209323241	0.7363827891445369	0.635955598857495	0.5261185640410703	0.4390150474239509	0.3724799520347748	0.3075270428939019	0.2556479885416406	0.20218674794107602	0.15963426515776064	0.1272410835477612	0.09509772081907285	0.07028237860884193	0.0570419778993563	0.043052120545937524	0.029395355034266827	0.023566247803675666	0.01807023241483258	0.01382331143254474	0.011325122619434243	0.008826933806323748	0.005912380191028171	0.003913829140539776	0.0031643724966066264	0.002165096971362429	0.0014156403274292804	0.0010825484856812144	0.0009160025648071815	0.0007494566439331485	0.0004163648021850825	8.32729604370165e-05	0.0	0.0	0.0	0.0	0.0	0.0	0.0	0.0	0.0	0.0	0.0	0.0	0.0	0.0
Sor-CPnd_026-Ex1-3H-lcwgs-1-2-L3-clmp.r2	0.0	0.00016652955733113069	0.00033305911466226137	0.00033305911466226137	0.0005828534506589575	0.0009159125653212188	0.0009991773439867843	0.002164884245304699	0.0032473263679570485	0.004496298047940528	0.008659536981218796	0.013572158922487153	0.01806845697042768	0.02597861094365639	0.047544188618037816	0.0824321308789097	0.12439757932635462	0.18176701182692917	0.2634497596978488	0.37777230080567	0.5103298284412501	0.6790242700176854	0.8846882733216318	1.118912095707867	1.392686687960246	1.6583845966820652	1.9287453330091557	2.2360756310637573	2.5314990657691836	2.7966141210403435	3.0711380963007127	3.344246570323767	3.5780540688166744	3.763484730904888	3.904535265964356	4.03909114828791	4.129183638804052	4.11569474466023	4.073562766655454	4.033096084223989	3.937924442209248	3.769313265411478	3.5950400836644496	3.435588032519892	3.2286750575359626	3.018348226626744	2.837830186479798	2.6200095254906794	2.3765433126725664	2.1772074325472026	2.0084297261921016	1.8030987820028175	1.574287170229844	1.3715374341791926	1.176198263429776	0.9947643107175093	0.8661202276792108	0.7597078405446183	0.6461346824447871	0.542719827342155	0.45545833930064245	0.37619027001102423	0.31049435964389316	0.2578710195272559	0.20666318064793318	0.1629491718485114	0.12622940445699707	0.09633734891605912	0.07335627000436307	0.05936778718854809	0.04471318614340859	0.02939246686894457	0.02439658014901065	0.020233341215732382	0.01507092493846733	0.012406452021169237	0.00965871432520558	0.006577917514579663	0.00482935716260279	0.0034138559252881793	0.0032473263679570485	0.0028310024746292218	0.0024979433599669606	0.002164884245304699	0.001582030794645742	0.0013322364586490455	0.0008326477866556534	0.0004163238933278267	0.00033305911466226137	0.0004995886719933922	0.0006661182293245227	0.0006661182293245227	0.0004995886719933922	0.0004163238933278267	0.00016652955733113069	0.00016652955733113069	0.00016652955733113069	0.00016652955733113069	0.0002497943359966961	8.326477866556534e-05	0.0
Sor-CPnd_027-Ex1-3C-lcwgs-1-2-L2-clmp.r1	0.0	3.67784437127986e-05	0.00011033533113839582	0.00033100599341518745	0.0008459042053943679	0.0016182515233631387	0.0022067066227679163	0.0023538203976191103	0.0031629461593006797	0.005259317450930201	0.00764991629226211	0.010077293577306818	0.015446946359375414	0.024604778843862266	0.0395736054349713	0.06447261182853596	0.1030899777269745	0.16211937988601624	0.2393541116828933	0.3449818020260509	0.47929667846519136	0.6486246333189162	0.8549517025477164	1.091326760289873	1.353557063962127	1.65138890114837	1.9549949539975224	2.232561868698014	2.5384114066136467	2.8419806810190864	3.124365571845954	3.393289552273938	3.624074286571749	3.8192574873555714	3.977662244426595	4.099619563778234	4.166703445110379	4.16894693017686	4.12635749235744	4.056221000197133	3.953719477569563	3.79045996592845	3.602154334118921	3.4299576606555977	3.233082651460987	3.022636396536353	2.8059745846242565	2.58129507198277	2.3922170928552724	2.202182874191242	2.0090960446990493	1.770072939009571	1.5233263601404055	1.337484884059634	1.1517169648662884	0.9893769143179952	0.8514945288387133	0.7248295686918349	0.6189444292426878	0.5264466433049992	0.44167233054699845	0.3682625568962524	0.30224525043177897	0.2423699440673428	0.19385917681016143	0.1561980504482557	0.1262603972660376	0.09959602557425862	0.07429245629985318	0.05711692308597623	0.045678827091295865	0.03563831195770185	0.02684826391034298	0.01956613205520886	0.014968826591109033	0.011658766656957158	0.008642934272507672	0.0073189102988469226	0.005663880331770985	0.004045628808407847	0.0034571737090030685	0.002317041953906312	0.0014711377485119442	0.0011033533113839582	0.0009562395365327638	0.0008826826491071665	0.00036778443712798606	7.35568874255972e-05	7.35568874255972e-05	3.67784437127986e-05	0.0	0.0	0.0	0.0	0.0	0.0	0.0	0.0	0.0	0.0	0.0
Sor-CPnd_027-Ex1-3C-lcwgs-1-2-L2-clmp.r2	0.0	7.354958381967996e-05	0.00014709916763935992	0.00025742354336887984	0.00044129750291807974	0.0012135681330247194	0.0016916404278526388	0.002206487514590399	0.0033097312718855985	0.0044497498210906376	0.006913660879049916	0.010039518191386314	0.013790546966189992	0.022175199521633507	0.03625994482310222	0.06089905540269501	0.09932871294847778	0.15493219831615582	0.23513801947151683	0.34123329413140513	0.4744683652207554	0.6374174681732564	0.8406717430589419	1.086290578224763	1.3420960307496101	1.6145604640096143	1.923726139595639	2.225867829926884	2.5342244600908925	2.833350617485531	3.1097499534798883	3.3691593356118994	3.6081587082339492	3.7997553740842154	3.960167016394938	4.082259325535607	4.121424478919586	4.12289547059598	4.116643755971307	4.058907332672858	3.939315709382058	3.790414576939116	3.6220963543677787	3.4389578906567757	3.238939797459156	3.0467179601464225	2.8253704876410954	2.617078066263762	2.4190458118292737	2.2161592848626865	2.034933110330995	1.8031415969232738	1.5607589434455185	1.3546362347908654	1.1623040731024024	1.0002743399476475	0.8603830315226161	0.7297957454507744	0.6260908322650256	0.5353674206234504	0.44681372170455574	0.37304348913341673	0.3066649897361556	0.2478253226804116	0.1997974444461606	0.15853612792332014	0.12451944540671817	0.10120422733587962	0.07994839761199211	0.06111970415415405	0.04751303114751325	0.03618639523928254	0.02816949060293742	0.021807451602535107	0.01680607990279687	0.013680222590460473	0.011216311532501192	0.008825950058361596	0.007207859214328636	0.006104615457033437	0.004817497740189037	0.003677479190983998	0.0023168118903199187	0.0016916404278526388	0.0016548656359427992	0.0013974420925739193	0.0011400185492050393	0.0010664689653853594	0.0012503429249345593	0.0012503429249345593	0.0008825950058361595	0.0007722706301066395	0.0007722706301066395	0.0006251714624672796	0.00029419833527871984	0.0001838739595491999	0.00029419833527871984	0.00033097312718855985	0.00029419833527871984	0.0001838739595491999	3.677479190983998e-05
Sor-CPnd_027-Ex1-3C-lcwgs-1-2-L3-clmp.r1	0.0	9.324617923780573e-05	0.00018649235847561146	0.0005594770754268344	0.0009790848819969601	0.0009790848819969601	0.0017250543158994058	0.0029838777356097834	0.003543354811036618	0.004662308961890287	0.0065738556362653034	0.009837471909588504	0.01739041242785077	0.026761653441250245	0.04046884178920769	0.06466622530141827	0.10238430480311068	0.15893811251083986	0.24043527316468205	0.3397424540529452	0.4782596533107056	0.655613886221012	0.8604291189168525	1.0956426060442175	1.3517432373208509	1.6257937581007618	1.9251139934541182	2.2354839010471546	2.5383941143011666	2.8254524770847516	3.0902716261201197	3.3503352200143595	3.5957125406786457	3.7891051164178546	3.9570414852251425	4.0740188170789695	4.132204432923361	4.166425780703635	4.144792667120465	4.0421752468692596	3.921188329308207	3.7941404100966962	3.622940425016085	3.4283822720364032	3.214382290685639	3.0165138983430153	2.824147030575422	2.6262786382327983	2.427058176291226	2.2223828128642427	2.0237684510877165	1.7859906940313122	1.5385619574237945	1.3537014070848448	1.1758343201887302	1.0077114590229665	0.8673759592700688	0.7381833779360891	0.622511492591591	0.5269807819624591	0.4481411374168943	0.37135290881456134	0.30948406889027724	0.2555411542012066	0.20430237871003235	0.1662113144913887	0.1333886593996811	0.10154508918997045	0.07566927445147935	0.05683354624544259	0.042473634642820515	0.029745531176860025	0.022379083017073375	0.018462743489085536	0.01529237339500014	0.013054465093292802	0.010676687522728757	0.008065794504070195	0.004848801320365898	0.003823093348750035	0.003962962617606743	0.0030305008252286864	0.0022845313913262403	0.0018649235847561147	0.0011189541508536689	0.0005128539858079315	0.0002797385377134172	0.0001398692688567086	4.6623089618902865e-05	0.0001398692688567086	0.00018649235847561146	0.0001398692688567086	4.6623089618902865e-05	0.0	0.0	0.0	0.0	0.0	0.0	0.0	0.0
Sor-CPnd_027-Ex1-3C-lcwgs-1-2-L3-clmp.r2	9.324161466504115e-05	0.0001864832293300823	0.0004195872659926852	0.0006526913026552881	0.0007459329173203292	0.0007459329173203292	0.001212140990645535	0.0015851074493056995	0.002331040366626029	0.0037762853939341664	0.006620154641217921	0.010163335998489486	0.013100446860438283	0.02125908814362938	0.03720340425135142	0.06223877778891498	0.09785707459096069	0.15562025487595368	0.2347357649192411	0.3351569839134904	0.46900532176515697	0.6477028762707083	0.8482655894152119	1.0726515351066335	1.3291125962428292	1.602590252055395	1.9045532211481304	2.2031128713055925	2.500973209353066	2.80326252409713	3.071238924644458	3.3174434081674997	3.560617539213926	3.7873811460793063	3.9508336965871234	4.0725140037250025	4.148179574025684	4.135825060082565	4.104728981591775	4.048457667141422	3.9177329233810343	3.7750266321361887	3.6207583806728785	3.444205383304623	3.2616383017904718	3.042194161676298	2.817994699214206	2.6287142214441728	2.4444687908660514	2.2456310475928514	2.059940371987422	1.8221276337842343	1.5591862804288183	1.3657099299988578	1.1921872851072162	1.028641492984734	0.8836974029879275	0.7468653334669797	0.6312457312823286	0.5387034287272753	0.4573034991246943	0.38392234838330697	0.3224761243190448	0.26625143067602497	0.2145489553442597	0.16895380577305458	0.13352199220033895	0.10503667892016887	0.07804323147463944	0.06046718711027919	0.047926189937831154	0.03417305177473758	0.025781306454883877	0.01962735988699116	0.01636390337371472	0.014825416731741543	0.01216803071378787	0.009324161466504116	0.0072728459438732105	0.006153946567892716	0.005035047191912223	0.003962768623264249	0.00321683570594392	0.002750627632618714	0.0016783490639707408	0.0009790369539829321	0.0009790369539829321	0.0009324161466504116	0.0008391745319853704	0.0007459329173203292	0.0007459329173203292	0.0004195872659926852	0.0005128288806577264	0.000559449687990247	0.0003729664586601646	0.0002797248439951235	0.0002331040366626029	0.0002797248439951235	0.0002797248439951235	0.0001864832293300823	4.6620807332520576e-05
Sor-CPnd_028-Ex1-3A-lcwgs-1-2-L2-clmp.r1	0.00011277631607141448	8.458223705356085e-05	0.0001409703950892681	0.0003383289482142434	0.0003947171062499507	0.0004511052642856579	0.000817628291517755	0.0018326151361604853	0.002509273032588972	0.003467871719195995	0.005695203961606431	0.008711970416516768	0.013617740165623298	0.020835424394193825	0.033917477058477905	0.05762869751249279	0.09518321076427382	0.14841363194998144	0.22594734924907892	0.33198528043522635	0.46548424458476323	0.6318011167110817	0.8377024757784667	1.0755759204520976	1.3391341711109932	1.6175788954913155	1.918550689006903	2.2364953180912384	2.5221859207791493	2.7998412109469717	3.0813027017822043	3.3309048833272623	3.5607994036388404	3.7663060455999755	3.9328766644374547	4.043792171293691	4.094569707604846	4.103507230653505	4.084053316131186	4.017599871886105	3.896985601847727	3.739042371189711	3.566748354311608	3.3949336367768077	3.21389945540317	3.0225180470299793	2.828965694572414	2.6258555493277966	2.410086262604163	2.218563883835883	2.0526417288158147	1.8314873729997712	1.5826746256672126	1.3931540265092008	1.221677637922615	1.050652354600315	0.9069189397672973	0.7913232157940976	0.6848623734226822	0.5870007251517123	0.4976536887441342	0.41397366221914467	0.3456312146798675	0.2853522737396965	0.23028923741782834	0.18210555637631654	0.14099858916828595	0.1129454805455216	0.08867037851114963	0.0650437402941883	0.04877575670088676	0.038851440886602286	0.02988572375892484	0.021145559263390214	0.016098819119194415	0.012574559241962713	0.009388628312945256	0.007330460544641941	0.0057797861986599915	0.004257305931695897	0.0028476019808032155	0.0023683026374997037	0.0021709440843747283	0.0015224802669640955	0.0008740164495534621	0.0005074934223213651	0.0003101348691963898	0.0001409703950892681	8.458223705356085e-05	8.458223705356085e-05	5.638815803570724e-05	8.458223705356085e-05	5.638815803570724e-05	0.0	0.0	0.0	0.0	0.0	0.0	0.0	0.0
Sor-CPnd_028-Ex1-3A-lcwgs-1-2-L2-clmp.r2	0.0001691805963390447	0.0001691805963390447	0.00014098383028253724	0.0002819676605650745	0.0004793450229606266	0.0007049191514126861	0.0009868868119777606	0.0015226253670514022	0.002509512179029163	0.003721973119458983	0.005160008188340863	0.007161978578352891	0.01105313229415092	0.018694455895464437	0.03242628096498357	0.056139761218506334	0.09395162450028281	0.1436061295257924	0.2135905028780439	0.31684706017697417	0.4541089173400525	0.6191445890687904	0.8217665499508531	1.058703975123685	1.3183116002059492	1.606087794578664	1.9094849973466843	2.2142638416514733	2.5018708554278493	2.7836129418644715	3.067469785755332	3.332350206090163	3.553384655207125	3.745742993244619	3.9170665438039576	4.030248362754779	4.08441435034933	4.094762563492068	4.075673352871812	4.003010286744193	3.8928737185274747	3.7744191043240867	3.6001630900948713	3.4130493505438877	3.236424807965925	3.042854008988001	2.838765816271	2.6260494131407084	2.420579578886938	2.2298566532807222	2.056164574372636	1.8374986536044209	1.601181557284832	1.4014356665405332	1.2239934177469318	1.0624541450092007	0.9232467109882233	0.8042845549958185	0.6913565069395061	0.5891714267507231	0.5004925975030072	0.4187501727051921	0.34445169414629495	0.2858588142808725	0.23451250329197243	0.18956685819789956	0.1495556471637155	0.11676280823999734	0.09031424167899335	0.06781322236590041	0.05024663711269627	0.03927809511671487	0.03090365559793216	0.023487906125070703	0.018356094702786346	0.014831498945722919	0.011532477317111546	0.008910178073856353	0.007359355940748443	0.005836730573697041	0.004821646995662773	0.0040885310781935795	0.003214431330441849	0.0024813154129726556	0.0018045930276164768	0.0012124609404298202	0.0009304932798647458	0.0007049191514126861	0.0007331159174691936	0.0008740997477517309	0.0006767223853561788	0.0006767223853561788	0.0006767223853561788	0.000507541789017134	0.0003383611926780894	0.0001691805963390447	0.0001691805963390447	0.00014098383028253724	8.459029816952235e-05	0.0001127870642260298	0.00014098383028253724
Sor-CPnd_028-Ex1-3A-lcwgs-1-2-L3-clmp.r1	0.0	6.798567949647086e-05	0.00016996419874117718	0.00033992839748235435	0.0005778782757200023	0.0009178066732023568	0.0011557565514400045	0.001665649147663536	0.0022095345836353033	0.0031273412568376593	0.00557482571871061	0.008838138334541213	0.012509365027350637	0.019987789771962434	0.03528456765866838	0.058093763129734355	0.09467005869883567	0.1478348600650759	0.22312900010741737	0.334387564603392	0.474166121648136	0.6360400245292332	0.8366657647233187	1.0741397432044915	1.3250069005464689	1.6087791267647384	1.921071345531777	2.2234716479320795	2.501329120034156	2.781192169681378	3.051265281481109	3.293328293328293	3.537498861239868	3.7475066252044673	3.901290232225484	4.020639092581538	4.089406607392219	4.091242220738624	4.05837114470208	4.003132780111198	3.8786849937929073	3.7282326850672174	3.5827433309447696	3.4048588005422533	3.2197337952733633	3.0279461934138197	2.821881598860016	2.6263207917884177	2.427292715062499	2.2357430630811925	2.0736652031616063	1.8542414225867463	1.6149318307591687	1.4211726441942267	1.242166350080019	1.0782188839742797	0.9288543461205332	0.7958743570254362	0.6892728115749699	0.5918153400167788	0.4971792741576915	0.42232704103207697	0.3550552111703191	0.29383410678374705	0.2383237994748786	0.18923813887842666	0.14878665957802648	0.11523572674651812	0.08899325446088037	0.06771373677848498	0.05098925962235314	0.03881982299248486	0.028146071311538935	0.02144948188113656	0.017574298149837717	0.013325193181308289	0.010299830443715336	0.009042095373030624	0.007138496347129441	0.005336875840472963	0.00394316941079531	0.0024814773016211865	0.0017336348271600071	0.0013597135899294174	0.0008838138334541213	0.00040791407697882517	0.00020395703848941258	0.00020395703848941258	0.00016996419874117718	6.798567949647086e-05	0.0	0.0	0.0	0.0	0.0	0.0	0.0	0.0	0.0	0.0	0.0
Sor-CPnd_028-Ex1-3A-lcwgs-1-2-L3-clmp.r2	6.79785160697813e-05	6.79785160697813e-05	0.00023792480624423458	0.00030590332231401587	0.00023792480624423458	0.00040787109641868784	0.0011896240312211728	0.0018014306758492046	0.0024132373204772363	0.0035348828356286284	0.00516636722130338	0.00778354008998996	0.012915918053258448	0.021005361465562422	0.03242575216528568	0.055062598016522864	0.08959568417997177	0.14132733490907534	0.21919672506700982	0.325447145684078	0.4613022100495359	0.6196581632340915	0.8184953227382018	1.0594791622055766	1.3155202429824078	1.593382427417639	1.8910603492872113	2.1917973043799237	2.487979698895961	2.78049125354423	3.04472374550747	3.2849598212980773	3.521015218350393	3.7097575682181403	3.865938208888463	4.008285221538585	4.077487350897623	4.09053922598302	4.075380016899459	4.003424757639595	3.8893907969325374	3.746703891702066	3.5894355947746273	3.417381970602011	3.2354034830832066	3.0420046048646787	2.8266826552136464	2.6308705396746412	2.4417543079685093	2.245500332075051	2.0943161123358576	1.8837866480677448	1.6278815243230529	1.4300300533019545	1.2482894905893942	1.0795328244461622	0.9339568322827254	0.8141786869677706	0.707792309318563	0.6035812441835882	0.5062699984296963	0.42455982211381915	0.3544739720458746	0.294041071259839	0.23982820469418847	0.19316095341228356	0.15254379006058924	0.11920032792836152	0.09105722227547206	0.06845436568226977	0.053703027695127234	0.04231662625343886	0.03184793477869254	0.02382646988245835	0.019577812628097015	0.01502325205142167	0.0123720899247002	0.010978530345269681	0.007715561573920179	0.0056762060918267385	0.005302324253442942	0.004044721706151988	0.002753129900826143	0.002243291030302783	0.0016314843856747514	0.0011556347731862824	0.0009177099669420476	0.0008837207089071571	0.0007477636767675944	0.0005098388705233599	0.00040787109641868784	0.00047584961248846915	0.0006118066446280317	0.00047584961248846915	0.0003738818383837972	0.00044186035445357855	0.00044186035445357855	0.00030590332231401587	0.00010196777410467196	0.00010196777410467196	0.00010196777410467196
Sor-CPnd_029-Ex1-8E-lcwgs-1-2-L2-clmp.r1	0.00021878095978477787	0.0002734761997309723	0.00032817143967716684	0.0004557936662182872	0.0010939047989238892	0.0022242730911452417	0.0031540921702305474	0.0037375080629899553	0.005724768447701688	0.008842397124634773	0.012452282961083607	0.017812416475810663	0.027365851719745964	0.04402966815668655	0.0686060626391766	0.10592644802912997	0.15998357684261882	0.23393154124987375	0.33068742071469176	0.45575720272498976	0.6163606589536655	0.8039653319691125	1.0065018054898704	1.2521016645949326	1.5206552927307473	1.7952253972606438	2.080534000566643	2.3516036097399824	2.6236212697390564	2.8970610059767314	3.15405570673725	3.383520470058185	3.589174572255876	3.7635429972043437	3.8983485319250644	3.984694084053457	4.042780428876315	4.054941003891019	4.017164824834848	3.9443289969731654	3.83661583777246	3.6935695535665127	3.509738852107353	3.325871687154896	3.1306096805469816	2.9272892419203282	2.7299852796877557	2.524075933036982	2.322633364315148	2.1262956846549588	1.9527659200523324	1.7344407539337727	1.4912657171329922	1.3042444600103045	1.131826831953251	0.9804121760355359	0.8491800636579666	0.727063824604763	0.6220489639080697	0.5295593131590549	0.4442894340829377	0.37125305700811934	0.3096844485753531	0.25307487523104183	0.20064037186929	0.16011119906915994	0.12554380742316504	0.09837850491655513	0.07650040893807733	0.058797382942159054	0.046928515873834856	0.03527842976529543	0.025670299281413938	0.019617359394035083	0.015478752904773036	0.012014721041514052	0.009316422537501791	0.007019222459761623	0.005196047794888474	0.004010984262720928	0.002825920730553381	0.0016955524383320284	0.0011668317855188153	0.0010392095589776948	0.0007657333592467226	0.00043756191956955575	0.0003099396930284353	0.0002734761997309723	0.0001823174664873149	0.0001458539731898519	7.292698659492595e-05	0.0	0.0	0.0	0.0	0.0	0.0	0.0	0.0	0.0	0.0
Sor-CPnd_029-Ex1-8E-lcwgs-1-2-L2-clmp.r2	0.00010939638357435179	0.000182327305957253	0.00034642188131878067	0.0006563783014461108	0.0010574983745520676	0.0015133166394451997	0.002625513205784443	0.003938269808676665	0.005743310137653469	0.008332357882246462	0.011778343964838544	0.018050403289768046	0.026947975820481994	0.041187738415743455	0.06458033177005901	0.0991678217101499	0.15173278401762594	0.2226945714961888	0.31755946878574753	0.4404845384621275	0.5947516720325593	0.7820929789036366	0.9930639046267741	1.233881810335114	1.4925677920272644	1.7703616753837352	2.0586576115633437	2.3357951166183684	2.614336541929264	2.885949529613783	3.143578012931382	3.376209422602241	3.581054150845215	3.752733542134564	3.884774977108807	3.978017161375346	4.034538626222094	4.056527299320539	4.022997307755	3.9555544372814126	3.848601239606888	3.6997674597539825	3.5377696484109626	3.345487271548444	3.1502147268682257	2.944859482168572	2.72938507198829	2.5426636779574676	2.342778252436531	2.13736830954509	1.9663817620183779	1.7486464932442263	1.5033433358093382	1.3135770757690293	1.145799488827165	0.9938479120423903	0.8543310575239004	0.7298562057468838	0.6265313214609085	0.53192168239969	0.4479964234675664	0.3740991663630917	0.3120349514152428	0.25578697752743024	0.2025838696491038	0.16166962219229625	0.12870484527522488	0.102613807792742	0.08038810919655286	0.06146253483818999	0.04899134711071388	0.03763235594957702	0.028078405117416962	0.02167871667831738	0.016828810339854453	0.013109333298326491	0.010265027325393344	0.007675979580800351	0.005633913754079118	0.004649346301909951	0.003719477041527961	0.0025343495528058167	0.0021879276714870358	0.001768574867785354	0.0013309893334879468	0.0011304292969349687	0.0009845674521691663	0.0008022401462119132	0.0005287491872760338	0.0005287491872760338	0.0006016801096589349	0.0005105164566803084	0.000364654611914506	0.000364654611914506	0.0004922837260845831	0.0004011200731059566	0.00021879276714870357	0.0001640945753615277	0.0001276291141700771	5.469819178717589e-05	3.64654611914506e-05
Sor-CPnd_029-Ex1-8E-lcwgs-1-2-L3-clmp.r1	0.00012702329586075536	0.00014819384517088127	0.00021170549310125896	0.0005716048313733991	0.000995015817575917	0.0019053494379113307	0.003027388551348003	0.003831869425132787	0.005694877764423866	0.009082165654044008	0.01314691112158818	0.019095835477733556	0.02955408683693575	0.04657520848227697	0.07181050325994703	0.11006568586334453	0.16576540109828575	0.23730068721720116	0.33629417579134985	0.46545569713242796	0.6189845207294609	0.8021732839099803	1.0141539941522708	1.2545667521180606	1.5108785926157549	1.7836822910260368	2.070458551981002	2.3499733145225945	2.615219126829162	2.869138695254812	3.1096149648685323	3.3390825488409868	3.561733215935581	3.7301025945990123	3.857189402107698	3.9611156286711053	4.008008395393035	4.008452976928547	3.9692662901555043	3.910560356918525	3.8240998335359713	3.685453906103956	3.5150098136081325	3.3385956262068537	3.153374490292562	2.955578048088056	2.7496944560470813	2.5443401277388604	2.3524926098904997	2.1616401078597147	1.9799332831309042	1.7504445286091395	1.5189445719029127	1.3293623028307353	1.1424263524223237	0.9928352509969741	0.8548456105935736	0.7328185643700078	0.6344178511765427	0.5396584724644192	0.4533461429270359	0.37929156144021553	0.3168596115246543	0.25965678728869407	0.20713265445027176	0.16633700592965914	0.133183925710002	0.10644552193131299	0.08383537526809855	0.06448549319864348	0.05080931834430215	0.040372237534410084	0.030062180020378772	0.02201737128253093	0.01759272647671462	0.013718515952961578	0.009696111584037659	0.0073885217092339375	0.005652536665803614	0.003493140636170773	0.0022864193254935965	0.0016724733954999456	0.0012490624092974278	0.0009526747189556653	0.0006774575779240286	0.0003598993382721402	0.00021170549310125896	0.00014819384517088127	6.351164793037768e-05	2.1170549310125895e-05	0.0	0.0	0.0	0.0	0.0	0.0	0.0	0.0	0.0	0.0	0.0
Sor-CPnd_029-Ex1-8E-lcwgs-1-2-L3-clmp.r2	0.0	2.1171988104730203e-05	0.0002328918691520322	0.0004446117501993343	0.0009527394647128591	0.0018419629651115275	0.0028582183941385777	0.003662753942118325	0.004890729252192677	0.008278247348949509	0.011856313338648913	0.01670469861463213	0.02606271735692288	0.042365148197565136	0.06751747006598462	0.10321344201055974	0.15567762853408118	0.2277259040544781	0.32346563426406805	0.44982005927309787	0.6038039287588006	0.7812675330526493	0.9913995149920964	1.2290127374914834	1.4811499438307154	1.753337022905127	2.039751677985917	2.3221436553268084	2.604154536881815	2.861627084223439	3.0981817073175892	3.335773757828872	3.5456940198872715	3.704145178863073	3.842758184984741	3.946606786638443	4.000341292448248	4.0223389880890625	3.987362863740049	3.9213062608532905	3.831939299063224	3.691082062202454	3.5196313025303487	3.355633082671109	3.1867229615715713	2.988045025196783	2.7645746907513558	2.5568774874439524	2.3741208861239214	2.1824720497999035	1.9972806698478285	1.7687502302453706	1.531899199317754	1.3442942127217397	1.1613682354968706	1.00054581385334	0.8620598396602998	0.7443012418217902	0.6442000820626259	0.5480792560671508	0.45947448584885486	0.3801430464204308	0.3162248143322503	0.2636971118444147	0.21123292532089327	0.1694817647783653	0.13740620279969903	0.10962855440629299	0.08568303585984313	0.06635301072022445	0.050537535605990995	0.03980333763689278	0.0313345423950007	0.02398786252265932	0.019520573032561248	0.014778047697101683	0.010818885921517134	0.00838410728947316	0.006880896134037316	0.0048483852759832165	0.0031757982157095306	0.002413606643939243	0.0018419629651115275	0.0013973512149121935	0.0010797713933412404	0.0008468795241892081	0.0006139876550371758	0.0006351596431419061	0.0006139876550371758	0.0004657837383040644	0.0004446117501993343	0.0005081277145135249	0.0004869557264087946	0.00035992379778041346	0.00029640783346622285	0.0002328918691520322	0.00027523584536149264	0.0002328918691520322	0.00012703192862838122	8.468795241892081e-05	2.1171988104730203e-05
Sor-CPnd_030-Ex1-2H-lcwgs-1-2-L2-clmp.r1	0.0	0.0	0.00035936889072885763	0.0005031164470204007	0.0007906115596034867	0.0015812231192069734	0.001796844453644288	0.0026593297913935464	0.0062530186986821225	0.010206076496699556	0.013296648956967732	0.01947779387750408	0.028605763702017065	0.04420237355964948	0.06978943857954414	0.10723567699349112	0.15790669058626003	0.23049920651348926	0.32824754479173857	0.4427424733779526	0.5847650589939971	0.767252581706111	0.9840957703719037	1.2061138710641919	1.437044320246556	1.6983773775845812	1.9709946180914923	2.256692886220934	2.5255008164861197	2.7627561581453115	2.9870023459601187	3.1853020998643027	3.3963953862784333	3.5891608592653923	3.733699027116539	3.827278686262334	3.883412106994181	3.901164930196187	3.867168633133237	3.815707007980864	3.732405299109915	3.6109386140435613	3.490190666758665	3.3686521079141656	3.191770739897422	2.9993646358011916	2.8052335610294623	2.61218059292992	2.4584425814761146	2.296295337979254	2.1351543273764344	1.9329015156742335	1.6805526806044297	1.4583908323558499	1.2660566020377655	1.0967219807263278	0.9551306377791579	0.8466731065571884	0.7413061477954874	0.6207738218450286	0.5152631155270361	0.44353308493755605	0.37927792727523635	0.30855412957979717	0.25206133995722074	0.2114526553048598	0.16667529152004415	0.12894155799351412	0.10306699786103636	0.07906115596034867	0.0618114492053635	0.04837105269210423	0.036583753076197705	0.02889325881460015	0.02134651210929414	0.016243473860944362	0.013081027622530416	0.00999045516226224	0.007618620483451782	0.00610927114239058	0.004671795579475149	0.0038811840198716622	0.0029468249039766325	0.0018687182317900597	0.001509349341061202	0.0008624853377492582	0.0004312426688746291	0.00021562133443731455	7.187377814577153e-05	7.187377814577153e-05	0.00014374755629154305	0.00014374755629154305	7.187377814577153e-05	0.0	0.0	0.0	0.0	0.0	0.0	0.0	0.0
Sor-CPnd_030-Ex1-2H-lcwgs-1-2-L2-clmp.r2	0.0	0.0	0.0003594221067598672	0.000646959792167761	0.0007907286348717079	0.0008626130562236813	0.0015095728483914422	0.0036661054889506454	0.005175678337342088	0.007475979820605238	0.011645276259019698	0.018114874180697307	0.027891155484565694	0.043633843760647884	0.06692439627868726	0.10049442105005887	0.14707552608613766	0.2187442941740552	0.31650710721273906	0.4287186889431696	0.5656585116186791	0.7465197157402442	0.9585787587285659	1.188465138212177	1.423670964875834	1.6639805854554812	1.941526336295451	2.2282732930684728	2.4914421596380474	2.7436127097407703	2.990535697084799	3.2131617500118606	3.410987677572492	3.6096762181893465	3.7393557143083065	3.830936467110721	3.909074833120316	3.911447019024931	3.873060738022977	3.813181015036783	3.7416560157915697	3.634404459134425	3.515795163903669	3.3843904416722617	3.187858433695966	2.9910388880342627	2.811759141182441	2.6331982385441393	2.4706675618673275	2.295988417982032	2.1428746005023283	1.9394416880762437	1.680801540051843	1.4707552608613765	1.2897502878971074	1.1163650635961475	0.955703381874487	0.833356096733428	0.7333648666328331	0.6230222798575539	0.5240374316558865	0.4468335631238669	0.3730082623953902	0.308599820864022	0.25820884149628864	0.2151500731064565	0.17281014893014415	0.1324111041303351	0.10200399389845032	0.08043866749285827	0.062251908890809	0.04909705978339786	0.03802685889519395	0.029041306226197272	0.02235605504046374	0.017252261124473627	0.013226733528763114	0.01020758783198023	0.008913668247644706	0.006829020028437478	0.0046006029665263005	0.004097412017062486	0.0034504522248947254	0.0023721859046151234	0.0018689949551513095	0.0016533416910953893	0.0010782663202796017	0.0005750753708157876	0.0005031909494638141	0.00043130652811184067	0.0005031909494638141	0.00043130652811184067	0.0002875376854078938	0.0005031909494638141	0.0005031909494638141	0.00021565326405592033	0.0001437688427039469	7.188442135197344e-05	0.0001437688427039469	0.00021565326405592033	7.188442135197344e-05
Sor-CPnd_030-Ex1-2H-lcwgs-1-2-L3-clmp.r1	0.00012888582713446207	0.00012888582713446207	0.00045110039497061726	0.0005155433085378483	0.0010310866170756966	0.0023843878019875484	0.0029643740240926277	0.0035443602461977066	0.004704332690407866	0.006637620097424796	0.011019738219996507	0.017206257922450688	0.0242949784148461	0.03898796270817478	0.06115632497530225	0.09247558096897654	0.14158108110720657	0.21369270138893812	0.31080817213475526	0.4269343023829056	0.5647776945032128	0.7423179213809343	0.9473752723518634	1.1707988536894536	1.4155530394177969	1.6808000716605198	1.9477226196559907	2.219607271996139	2.4920719105583915	2.7615721750965516	2.999108754505365	3.2252389382127786	3.4513691219201927	3.636062512203877	3.7768058354347094	3.872954662477018	3.9417152512532536	3.951317245374771	3.9159380858263613	3.8639326545776056	3.7998763984917776	3.6851035694285397	3.529667261904378	3.3634045449009218	3.17935558375291	3.004006415936475	2.828657248120039	2.652276993686528	2.4485729439005106	2.2410023193004593	2.094910234243547	1.8971993754192815	1.6503185735432195	1.450416655657669	1.2514813814756267	1.0893430109404734	0.962841571607999	0.8360179177076882	0.7190540295831639	0.605827830445539	0.5135455782172641	0.43782515477576767	0.36822680812315817	0.30326835124738927	0.24675191604892766	0.19925748874987836	0.15769180949901435	0.12392372278978528	0.09724435657295163	0.0766226242314377	0.05948080922255425	0.04414339579355326	0.03338142922782568	0.025261622118354567	0.020106189032976084	0.017592915403854072	0.013533011849118518	0.010117537430055274	0.007862035455202187	0.005413204739647407	0.003673246073332169	0.0023199448884203173	0.0013533011849118518	0.0012888582713446207	0.0010955295306429276	0.0005799862221050793	0.0003222145678361552	0.0003866574814033863	0.00019332874070169314	0.0	0.0	6.444291356723104e-05	0.00019332874070169314	0.00019332874070169314	6.444291356723104e-05	0.0	0.0	0.0	0.0	0.0	0.0
Sor-CPnd_030-Ex1-2H-lcwgs-1-2-L3-clmp.r2	0.00012890343779023414	0.00012890343779023414	0.00019335515668535123	0.00012890343779023414	0.0007734206267414049	0.0018046481290632781	0.0022558101613290977	0.0029647790691753853	0.004382716884867961	0.006574075327301942	0.00921659580200174	0.013534860967974585	0.021011260359808166	0.03454612132778275	0.05446170246637393	0.08784769285404458	0.137088806089914	0.20102491123387017	0.2982181033277067	0.413973390463337	0.5473239968573341	0.7264353236668645	0.9351944411681486	1.161097715895534	1.4069165717615106	1.668590550475686	1.9341960840424635	2.2037331724618427	2.462635727263528	2.729465843489313	2.989464077512215	3.216720838336398	3.437210168676594	3.650480906500536	3.8027803182496975	3.8836672254630695	3.9349707937035827	3.9476033306070253	3.920017994919916	3.8711635919974166	3.80696967997788	3.685607093298375	3.5438133117291173	3.3883557657540946	3.2041527531518503	3.0013231937889167	2.8124152057073286	2.6610181180226986	2.4808755637108466	2.279850652476976	2.1098914697505524	1.901583514281534	1.6535088482542284	1.4481012201354904	1.2533281256344466	1.0849157841615058	0.9558834429334813	0.8421261590835998	0.731140299146208	0.6205411495221871	0.5210276955481264	0.43704710582778883	0.36975951130128665	0.3073057956919182	0.24749460055724956	0.1988335527914362	0.1608714903622122	0.12735659653675133	0.09803106443947306	0.0773420626741405	0.06258261904715867	0.04672749619895988	0.03570625226789486	0.028036497719375924	0.021204615516493518	0.01720860894499626	0.013341505811289234	0.010054468147638263	0.008249820018574985	0.0058651064194556535	0.004511620322658195	0.0033514893825460877	0.0021269067235388634	0.001998003285748629	0.0014179378156925755	0.0011601309401121074	0.0009667757834267561	0.0008378723456365219	0.0005800654700560537	0.0005800654700560537	0.0005156137511609366	0.00045116203226581953	0.0005156137511609366	0.00045116203226581953	0.00038671031337070245	0.00019335515668535123	0.00012890343779023414	6.445171889511707e-05	6.445171889511707e-05	0.00019335515668535123	0.00012890343779023414
Sor-CPnd_031-Ex1-5D-lcwgs-1-2-L2-clmp.r1	8.982857563768183e-05	8.982857563768183e-05	0.00013474286345652276	0.00017965715127536366	0.0003593143025507273	0.0005838857416449319	0.0013474286345652275	0.002515200117855091	0.00341348587423191	0.005075314523529023	0.007680343217021796	0.011228571954710229	0.01706742937115955	0.028251087038050935	0.04733965936105832	0.07711783218494986	0.11983131990066756	0.17808515120170423	0.2608172693640092	0.37355213178929986	0.5139092812231777	0.6762744316882877	0.8600187831551658	1.0763709075785226	1.3323823481459158	1.6072577895972222	1.8720275162892892	2.1500918721757336	2.452544686347808	2.7218058418217597	2.95738128143158	3.1979422069892918	3.4387277039860984	3.6557535427267376	3.8203644075827894	3.9285629269383775	3.986726929663776	4.01565173101911	4.017538131107501	3.9826846437600802	3.884412182012457	3.7532624615814414	3.6042817688863455	3.418156960165069	3.252108838098814	3.0804015157673854	2.89539956424158	2.712643327106716	2.5219372610279174	2.3250330232301186	2.133338842819306	1.8907567743097458	1.6226633903190846	1.4306548098935397	1.2571958303371762	1.0859825651717545	0.9470177586602606	0.8205840384502234	0.7023247186232153	0.6003692852744466	0.5100915667585763	0.42439510560022786	0.35262207366572	0.2918979565346471	0.23584492533673365	0.18733749449238546	0.1480824069387185	0.12050503421795018	0.09557760447849346	0.07199760337360198	0.053942059670427936	0.041949944822797416	0.0323832015173843	0.023759658256166844	0.017247086522434913	0.012890400604007342	0.010150629047058046	0.008129486095210206	0.005838857416449319	0.004311771630608728	0.004177028767152205	0.00341348587423191	0.0018414858005724774	0.0012576000589275456	0.0008533714685579775	0.000538971453826091	0.00049405716600725	0.0003593143025507273	0.0003593143025507273	0.00017965715127536366	0.0	4.4914287818840915e-05	8.982857563768183e-05	8.982857563768183e-05	4.4914287818840915e-05	0.0	0.0	0.0	0.0	0.0	0.0
Sor-CPnd_031-Ex1-5D-lcwgs-1-2-L2-clmp.r2	0.0	0.0001347432870894372	0.0001796577161192496	0.0001796577161192496	0.0003593154322384992	0.0006737164354471861	0.0013474328708943722	0.001931320448281933	0.0027846945998483688	0.00467110061910049	0.007051565357680547	0.010914206254244413	0.017471712892597024	0.02672408527273838	0.04370173944600747	0.07024616700262659	0.11354367658736575	0.17009094273589956	0.2473886750962067	0.3581476570837241	0.49482226462144324	0.6604217644543615	0.8511733445439749	1.0641575670033452	1.3075039434868687	1.5739363364917158	1.851911737757225	2.151356236098984	2.4439737412282123	2.7010639329948583	2.9423891601720404	3.1908108671359328	3.4372114247934835	3.6350594846698074	3.797425145612579	3.9178856442705356	3.9975638413694234	4.02473707093246	4.004615406727104	3.982652250931525	3.8928683073009305	3.7621224043951464	3.6219893858221317	3.4441282468640746	3.2794270356117523	3.105653109695408	2.9054694995095347	2.7218143992066315	2.5293560708138854	2.3323613850891283	2.142957237870409	1.9062581968832977	1.650560352416576	1.45087080095003	1.2719317156952574	1.0901630214116065	0.9440563837776269	0.8176671804877347	0.7066387119260384	0.6116446945279853	0.5164710194138128	0.428079423083142	0.34970374442611935	0.28879977866169376	0.23889984800957217	0.1923235851056567	0.15279888755942178	0.12342485097392449	0.09674568013021592	0.07118937001225266	0.05385240040674506	0.043162766297649716	0.03471885364004498	0.026005454408261384	0.018414915902223085	0.013743815283122596	0.010734548538125164	0.009207457951111542	0.007051565357680547	0.0055693891996967376	0.005389731483577489	0.0036829831804446166	0.002470293596639682	0.0020660637353713705	0.0012576040128347472	0.00112286072574531	0.0013025184418645596	0.0010330318676856852	0.0007635452935068108	0.0008084597225366232	0.0005838875773875612	0.0003144010032086868	0.0003593154322384992	0.0004042298612683116	0.0003593154322384992	0.0003144010032086868	0.0003593154322384992	0.00022457214514906202	8.98288580596248e-05	4.49144290298124e-05	0.0
Sor-CPnd_031-Ex1-5D-lcwgs-1-2-L3-clmp.r1	9.578034884160852e-05	4.789017442080426e-05	0.0	0.0001436705232624128	0.0003831213953664341	0.0008141329651536723	0.0017240462791489532	0.00258606941872343	0.0028734104652482556	0.003974884476926753	0.005698930756075707	0.009051242965532004	0.014750173721607711	0.024950780873239018	0.04147289104841649	0.06661523261933873	0.10598095599323983	0.16364072599588816	0.2418453808250615	0.346198070887994	0.47655512566142316	0.6437876147388716	0.8361624453872424	1.053488056908852	1.306731299246065	1.575874079490985	1.868722496074203	2.1612356814364753	2.4489598493566676	2.7109669936128875	2.977571594613505	3.2262173802063208	3.4467516334141237	3.6591924471448114	3.830351930524766	3.9708138121009853	4.0341246226852885	4.051604536348882	4.065301126233232	4.026701645650064	3.92584493831985	3.79960643854661	3.651625799586325	3.4967489755094436	3.305619289396014	3.0754591111296286	2.8695313611201705	2.675336703843809	2.4819082893581803	2.2994467248149166	2.1276167789930707	1.8971213695057398	1.637269283098456	1.4408237876243168	1.2598468184880978	1.0827489534799635	0.9340978520777871	0.8075720112580222	0.691150997241047	0.5900548390387294	0.4967647792670026	0.4116639393212334	0.33911032507371497	0.2779066821639271	0.22474858855683438	0.18078540843853608	0.14592136146019058	0.1126855804121524	0.08739956831796777	0.06651945227049712	0.04937476982784919	0.03926994302505949	0.030314480408369093	0.022556272152198804	0.017479913663593555	0.012068323954042674	0.007853988605011897	0.006513063721229379	0.005651040581654903	0.004118555000189166	0.0026818497675650385	0.0013409248837825192	0.0009099133139952809	0.0009099133139952809	0.0006704624418912596	0.0004789017442080426	0.0003352312209456298	0.00019156069768321704	0.0001436705232624128	9.578034884160852e-05	9.578034884160852e-05	4.789017442080426e-05	0.0	0.0	0.0	0.0	0.0	0.0	0.0	0.0	0.0
Sor-CPnd_031-Ex1-5D-lcwgs-1-2-L3-clmp.r2	9.578856016383676e-05	4.789428008191838e-05	0.0	0.00014368284024575515	0.0004789428008191838	0.0005747313609830206	0.0011015684418841226	0.0019157712032767352	0.0026341854045055105	0.003735753846389634	0.005124687968765266	0.0077588733732707775	0.014272495464411677	0.02485713136251564	0.03898594398668156	0.060538370023544834	0.09985957397079981	0.1548422075048421	0.2291741301919794	0.3359304804945755	0.4688850020019809	0.6270798091125573	0.8203332292430979	1.0417005917817248	1.2865840458405733	1.5651371787970108	1.8346382928179652	2.1050972924405587	2.4241689863462987	2.7033926392238827	2.961447020305259	3.2302776144050664	3.470802688976461	3.6755507363266617	3.83403290911773	3.962389579737271	4.03025577461335	4.056453945818158	4.067421735956918	4.0135885651448415	3.926229398275423	3.818179902410615	3.6403484404664517	3.4651032696467126	3.2988622234823737	3.0982809784992997	2.90555439544966	2.7047815733462586	2.4969682920708145	2.303571189100028	2.121141876268001	1.8998703022895382	1.6536937026684777	1.4523461492040928	1.270299990612721	1.0889722462225782	0.93647685844175	0.8205248063634256	0.7035190801232991	0.5983911353434882	0.5072004260675156	0.4225233388826839	0.35116086156062554	0.28544990928823355	0.2288867645114879	0.18650032663899016	0.14919068245517575	0.1162873120388978	0.09238806627802054	0.0708835345212392	0.05378527653199434	0.040518560949302944	0.02988603077111707	0.022653994478747393	0.017002469429081023	0.012452512821298778	0.00972253885662943	0.008094133333844206	0.007040459172042002	0.005555736489502532	0.003592071006143878	0.002251031163850164	0.0016762998028671432	0.0012452512821298778	0.001388934122375633	0.0011973570020479595	0.0008142027613926124	0.0008142027613926124	0.0006705199211468573	0.0006705199211468573	0.0006226256410649389	0.0006226256410649389	0.0006705199211468573	0.0005747313609830206	0.0004789428008191838	0.000383154240655347	0.00033525996057342866	0.0001915771203276735	9.578856016383676e-05	4.789428008191838e-05	4.789428008191838e-05
Sor-CPnd_033-Ex1-2F-lcwgs-1-2-L2-clmp.r1	0.0001632827673816547	0.00024492415107248204	0.0004898483021449641	0.0008980552205991009	0.0013062621390532375	0.0017144690575073742	0.003020731196560612	0.0035105794987055758	0.005306689939903777	0.007919214218010253	0.011021586798261693	0.01812438717936367	0.03004402919822446	0.04555589209948166	0.07151785211316475	0.1119303370401243	0.16409918121856296	0.24704682704844355	0.35603807427569806	0.48690921233209433	0.6484775106562416	0.8408246106318308	1.0503980425661845	1.3072418356575275	1.576984967372021	1.8327674224753832	2.118920472311733	2.3994402666734156	2.6757963504668663	2.9342729712320255	3.165971218146594	3.4110586519864574	3.627163394616077	3.7777917475256535	3.889232236263633	3.951769536170807	3.9868753311578624	3.991855455563003	3.939360045849801	3.8635968417847133	3.75076844952399	3.5737699296822765	3.394648733864601	3.2380605599455943	3.0468564393416764	2.843814318102589	2.6582434529733385	2.4660596357651308	2.2960006335371377	2.14031051483873	1.9812730994089982	1.7651683567793781	1.52457119904251	1.3328772301364473	1.15751153796855	1.00059679851478	0.8640107636000258	0.7443244951092729	0.6378641307764341	0.5463441396590166	0.46445783181711675	0.3904090968095364	0.323463162183058	0.26884507649389444	0.2174110047686732	0.1720183954365732	0.13838214535595234	0.11078735766845271	0.08841761853716601	0.06898696921874911	0.052985258015346946	0.0391062227879063	0.032166705174185975	0.027104939385354677	0.021634966678069245	0.015838428436020506	0.011348152333025	0.010531738496116728	0.008327421136464388	0.00489848302144964	0.003918786417159713	0.002857448429178957	0.0015511862901257196	0.0015511862901257196	0.00122462075536241	0.0008980552205991009	0.0007347724532174462	0.0003265655347633094	8.164138369082735e-05	0.0	0.0	0.0	0.0	0.0	0.0	0.0	0.0	0.0	0.0	0.0	0.0
Sor-CPnd_033-Ex1-2F-lcwgs-1-2-L2-clmp.r2	0.0	8.166265158629701e-05	0.00032665060634518803	0.0007349638642766731	0.001143277122208158	0.0014699277285533461	0.0024498795475889103	0.003593156669797068	0.004818096443591524	0.007267975991180434	0.011596096525254175	0.017312482136294965	0.025478747294924668	0.042137928218529255	0.0684333020293169	0.10395655546935609	0.15589400187824098	0.23453513535584503	0.3321220040014699	0.45853578865705774	0.624964272589931	0.8093585398717896	1.0299293618063778	1.2930464252174267	1.557061777795925	1.823445347270426	2.0890122902290638	2.376138173206484	2.6652239598219754	2.921971336409293	3.1667143032134257	3.3989628843248543	3.5996896819239717	3.7602384549426318	3.8872238781593236	3.9708464333836924	3.9986933975746193	3.985137397411294	3.953043975337879	3.9076395410558984	3.7777142623820996	3.5757625250091873	3.4265648605610224	3.266587726103467	3.0639010248662775	2.86668572128537	2.660160875423625	2.4809930178432893	2.318729329141317	2.1460128210362988	1.9812175901351516	1.7686497080560206	1.5302764280756196	1.3402474378343066	1.1691641827610142	1.0096770242129762	0.8678289984075783	0.7501531174717243	0.6497897186721653	0.5532644644971622	0.4622106079784411	0.38691764321587524	0.33016210036339877	0.2750398105426483	0.22326568943693603	0.17679964068433301	0.14062308603160345	0.1120411579763995	0.08664407333306112	0.06737168755869502	0.05275407292474787	0.03797313298762811	0.030623494344861377	0.0271936629782369	0.020823976154505736	0.015679229104569026	0.014699277285533462	0.011841084480013066	0.007512963945939325	0.0052264097015230085	0.004409783185660038	0.0036748193213833654	0.0023682168960026135	0.001714915683312237	0.0013066024253807521	0.0012249397737944551	0.0012249397737944551	0.000898289167449267	0.0007349638642766731	0.0006533012126903761	0.00032665060634518803	0.0004899759095177821	0.0004899759095177821	0.00040831325793148503	0.00024498795475889104	0.00024498795475889104	0.00032665060634518803	8.166265158629701e-05	8.166265158629701e-05	8.166265158629701e-05	0.0
Sor-CPnd_033-Ex1-2F-lcwgs-1-2-L3-clmp.r1	0.0	7.133237462621835e-05	0.0002139971238786551	0.0003566618731310918	0.0007133237462621836	0.0017119769910292407	0.002781962610422516	0.0032812892328060446	0.00477926909995663	0.008417220205893767	0.012269168435709556	0.01783309365655459	0.02646431098632701	0.043584080896619415	0.06990572713369399	0.10514392019904586	0.1627804788970303	0.241745417608254	0.33561882261635734	0.4487519687735397	0.6074665023168755	0.805271177155379	1.0162010089251068	1.2549504667990596	1.5175249377981692	1.8242541486909083	2.111794950809194	2.3767947225455957	2.66305154192061	2.9157821452213013	3.168227419023488	3.4113994841242667	3.617050720171654	3.786536442283549	3.910369444634664	4.016726015202356	4.06437604145267	4.05267753201397	4.013944052591933	3.918430002967427	3.7900317286402334	3.613912095688101	3.422598666940583	3.2441250656257843	3.0657227966856126	2.8821132643977267	2.6843085895592234	2.475518729028282	2.2730774498390742	2.091679221164601	1.9412392430779062	1.7464305279737042	1.5151709694355042	1.327923486041681	1.1547284804492228	0.9998658951357027	0.8659750279622909	0.7493465954484239	0.6384960852792806	0.5348501449473853	0.45510055011527306	0.38369684311442853	0.3147897692255016	0.2657844278572896	0.21820573398160192	0.17283834371932708	0.13702949165696546	0.10849654180647812	0.08716816179323883	0.06890707388892693	0.05150197448012965	0.04023145928918715	0.03195690383254582	0.02439567212216668	0.019616403022210047	0.014409139674496108	0.01169850943869981	0.010129197196923007	0.007275902211874272	0.004921933849209067	0.004279942477573102	0.0034952863566846994	0.0026392978611700793	0.0023539683626652057	0.0016406446164030223	0.0008559884955146203	0.0002139971238786551	0.0	0.0	0.0	0.0	0.0	0.0	0.0	0.0	0.0	0.0	0.0	0.0	0.0	0.0
Sor-CPnd_033-Ex1-2F-lcwgs-1-2-L3-clmp.r2	0.0	0.0	0.0001426661739928125	0.00042799852197843743	0.0006419977829676561	0.0009986632179496875	0.0014979948269245311	0.0027819903928598434	0.0047079837417628115	0.006277311655683749	0.009772632918507653	0.015122614443238123	0.022469922403867963	0.03737853758611687	0.060276458511963275	0.0972983306630981	0.1509408120843956	0.22056190499288808	0.3159342423070832	0.4404818122028085	0.5958452756809813	0.7841646253514937	0.9942405665559102	1.2284270911651118	1.4943568394877143	1.7721992133387166	2.084994799817958	2.3840231005068926	2.6516648429174094	2.928009221941487	3.168330392032379	3.395954272637912	3.597042244880781	3.779654947591581	3.9332350838948433	4.03196007629787	4.071121941058896	4.055428661919688	4.001215515802419	3.9214651245404366	3.800484208994532	3.6425527543844884	3.45394807236599	3.25207543616616	3.079378032547861	2.8884193586584814	2.6961766892031664	2.488312073695639	2.2707461583565998	2.1081067200047934	1.973501184842575	1.7572192650694713	1.5104067840619058	1.3152394580397382	1.1559526747767632	1.008792516303177	0.8708343260521273	0.7647620256884713	0.6594030561947792	0.5509054308732454	0.46259506917169446	0.38198868086575544	0.31828823417796465	0.2719217276303006	0.2229158968637695	0.18197070492783232	0.141881510035852	0.10685696432061656	0.08588503674367311	0.0684084304295536	0.05278648437734061	0.041658522805901245	0.033098552366332495	0.02560857823170984	0.018475269532069218	0.01383861887730281	0.012197957876385467	0.011127961571439374	0.008773969700557967	0.006562644003669374	0.00549264769872328	0.004137319045791562	0.0027819903928598434	0.002639324218867031	0.002139992609892187	0.0015693279139209373	0.0011413293919425	0.0004993316089748437	0.000285332347985625	0.00057066469597125	0.0004993316089748437	0.0004993316089748437	0.0004993316089748437	0.00042799852197843743	0.0004993316089748437	0.00042799852197843743	0.00042799852197843743	0.00021399926098921872	0.0	7.133308699640624e-05	7.133308699640624e-05
Sor-CPnd_034-Ex1-4G-lcwgs-1-2-L2-clmp.r1	0.0003698238528988643	0.00018491192644943215	0.0002773678896741482	0.0006471917425730125	0.001017015595471877	0.001571751374820173	0.0018491192644943214	0.0030510467864156305	0.0051775339405841	0.006656829352179557	0.008875772469572742	0.013128746777909681	0.020340311909437536	0.03587291373118984	0.05769252105222283	0.08718597332090726	0.13470833841841132	0.20275592735180234	0.28873997315078825	0.3993173051675487	0.5354124830343308	0.6917555168473256	0.8734314845838926	1.0918124697206721	1.3333074456636305	1.5686078720705328	1.82184475534303	2.088487753283111	2.3424642842614065	2.6065185152311954	2.868353803083591	3.097921959770561	3.2896756274986227	3.443984630120674	3.592561363022792	3.738549328954619	3.8374772096050647	3.8937828912089167	3.884722206812895	3.816119882100156	3.7505686041738318	3.680856807902396	3.561865983232187	3.4195762558293485	3.2699825073317577	3.100973006556977	2.9108835461669607	2.7142297123879895	2.5551129996782533	2.4097722254889997	2.251672528374735	2.0405955643327083	1.8036309305877611	1.588023624347723	1.3792580593863144	1.1986915632084438	1.048173255078606	0.9095817662047567	0.7960458433648053	0.6928649884060222	0.5939371077555761	0.5018509683837589	0.4145725390996269	0.3404228565934046	0.27459421077740676	0.23058517228244185	0.18907244479454435	0.14866918886534344	0.11889836870698488	0.09116157973957004	0.06971179627143591	0.05667550545675095	0.0437316706052907	0.03208221923897648	0.026719773371942944	0.022651710990055435	0.018213824755269066	0.01368348255725798	0.011464539439864791	0.009153140359246891	0.006379461462505409	0.004160518345112223	0.0030510467864156305	0.003143502749640346	0.002773678896741482	0.0018491192644943214	0.001017015595471877	0.00046227981612358035	0.0003698238528988643	0.0002773678896741482	9.245596322471607e-05	0.0	0.0	0.0	0.0	0.0	0.0	0.0	0.0	0.0	0.0
Sor-CPnd_034-Ex1-4G-lcwgs-1-2-L2-clmp.r2	0.00018491722642652084	9.245861321326042e-05	0.0	9.245861321326042e-05	0.0011095033585591248	0.0017567136510519478	0.0019416308774784688	0.003143592849250854	0.004992765113516063	0.006564561538141489	0.008876026868472999	0.013498957529136019	0.021080563812623375	0.034671979954972655	0.05482795763546343	0.0859865102883322	0.12971943433820438	0.19138932935144906	0.2805194324890321	0.3869392962974948	0.5248875472116794	0.6964907333354907	0.8653201610629041	1.0824129848876396	1.3228053792421166	1.5496063574542447	1.82171205614087	2.095851844318187	2.361115605627031	2.6137125369256586	2.846800700836288	3.070643003425592	3.2709083596455137	3.4554557516191817	3.6325139959225754	3.7490118485712833	3.816229260377323	3.855431712379746	3.858113012162931	3.833796396887843	3.7747153430445697	3.6866947432655457	3.5619680740408577	3.424019823126673	3.270630983805874	3.105962193673057	2.9168843296519396	2.726512045045836	2.5609186687808867	2.4084544155922205	2.254325907365715	2.046941237928372	1.8071035952531747	1.590565523107719	1.389283122142451	1.2076019471783943	1.0468164188005344	0.9047075302917531	0.791353270492296	0.6946415610712255	0.5982996861030081	0.5024201042008571	0.4131050838368475	0.34348374808726245	0.28412531840434924	0.2335504569766958	0.19462538081391317	0.1539435910000786	0.12102832469615787	0.09347565795860628	0.07082329772135748	0.05584500238080929	0.0453047204744976	0.03439460411533288	0.02746020812433834	0.023022194690101843	0.018861557095505126	0.01507075395376145	0.012296995557363634	0.009708154387392344	0.006379644311714968	0.004438013434236499	0.003698344528530417	0.003605885915317156	0.003236051462464115	0.0018491722642652085	0.0012019619717723853	0.0007396689057060833	0.00046229306606630213	0.0006472102924928229	0.00046229306606630213	0.0002773758396397812	0.0006472102924928229	0.0005547516792795624	0.00018491722642652084	0.00018491722642652084	9.245861321326042e-05	9.245861321326042e-05	9.245861321326042e-05	0.0	0.0
Sor-CPnd_034-Ex1-4G-lcwgs-1-2-L3-clmp.r1	0.0	0.00011188285417636318	0.00022376570835272637	0.0005594142708818159	0.000671297125058179	0.0008950628334109055	0.002013891375174537	0.003020837062761806	0.003132719916938169	0.0044753141670545275	0.009174394042461781	0.01476853675127994	0.020474562314274462	0.03334109054455623	0.05426318427553614	0.09017758046614872	0.1356020192617522	0.1965781747878701	0.29279742937954245	0.4032258064516129	0.5276395402957288	0.692219218789159	0.8783922881386272	1.0890677025527193	1.3336436217822492	1.5596469872185028	1.82122910028284	2.1000411728903368	2.3782938312269524	2.657889083813684	2.8680050839568936	3.0579821703483585	3.264741684866278	3.433125380401704	3.560336185600229	3.705000716050267	3.8216945329562138	3.8431760409580753	3.8140864988722214	3.782535533994486	3.7307337725108303	3.6578980344420176	3.5677204539758693	3.432454083276646	3.288013318534961	3.128468368479467	2.943749776234292	2.7598143639683506	2.5721868175145897	2.4062645447710427	2.2668585084672945	2.0468968171565645	1.776923490029	1.5743036411156062	1.3825364290573199	1.1954682968744406	1.047447280799112	0.9166562242669436	0.800633704486055	0.6964707672478608	0.5902939386344922	0.5043679066270452	0.43287476280834913	0.35880831334359675	0.29525885217142245	0.24379273925029538	0.1923266263291683	0.1556290501593212	0.12911281371952313	0.10035892019619778	0.07641598940245604	0.06041674125523611	0.04755021302495435	0.038711467545021666	0.029760839210912608	0.02282410225197809	0.018572553793276287	0.013649708209516307	0.010181339730049048	0.008391214063227239	0.00738426837563997	0.005594142708818159	0.0034683684794672587	0.002573305646056353	0.001902008520998174	0.0007831799792345423	0.00044753141670545273	0.0007831799792345423	0.0007831799792345423	0.000671297125058179	0.00044753141670545273	0.00011188285417636318	0.0	0.0	0.0	0.0	0.0	0.0	0.0	0.0	0.0
Sor-CPnd_034-Ex1-4G-lcwgs-1-2-L3-clmp.r2	0.00022378924424134328	0.00022378924424134328	0.00022378924424134328	0.0005594731106033582	0.0007832623548447014	0.0010070515990860446	0.0019022085760514178	0.0026854709308961194	0.0030211547972581344	0.004251995640585522	0.008615885903291716	0.014546300875687312	0.019581558871117535	0.03110670494954671	0.05113584230914694	0.08101170641536627	0.13069291863694446	0.19469664248996865	0.27951276605743774	0.39207875591083347	0.5217646229486919	0.6778576208070288	0.8606934333522063	1.0713910068054309	1.3140904421851678	1.5527616711685601	1.809112250447019	2.08750607028325	2.379551034018203	2.645748340043281	2.8577886489619537	3.0683743277930575	3.2599379208636474	3.4355005829709815	3.5706692864927523	3.6910678998945956	3.8017316811719395	3.848279843974139	3.830712388301193	3.786290223319287	3.7246362865307967	3.637022797410311	3.544597839538636	3.425430066980121	3.295856094564383	3.1534142406047683	2.9703546388153494	2.7842738822286726	2.6000953342180466	2.4172595216728694	2.257138317418188	2.0423006429464987	1.7982584721013137	1.5913653158001921	1.3870457358078456	1.1982795082902726	1.0537116565103648	0.9346557785739703	0.8232087349417812	0.6979986527887496	0.5887895015989741	0.5047566403863497	0.428668297344293	0.3639932057585448	0.300548955016124	0.24482543320002953	0.1913398038263485	0.1563167871025783	0.12912639392725508	0.10059326528648381	0.0796689709499182	0.06299667225393814	0.04900984448885418	0.037820382276787017	0.027637971663805893	0.021595662069289624	0.018686401894152164	0.014881984742049327	0.012084619189032537	0.009399148258136418	0.0073850450599643284	0.005818520350274925	0.0038044171521028356	0.002797365553016791	0.0022378924424134327	0.0013427354654480597	0.0010070515990860446	0.0011189462212067164	0.0011189462212067164	0.0012308408433273881	0.0011189462212067164	0.0006713677327240299	0.0005594731106033582	0.00044757848848268655	0.00022378924424134328	0.00022378924424134328	0.00022378924424134328	0.00011189462212067164	0.00011189462212067164	0.0	0.00011189462212067164
Sor-CPnd_036-Ex1-5C-lcwgs-1-2-L2-clmp.r1	0.0	8.545547769612032e-05	0.0003418219107844813	0.000555460605024782	0.000555460605024782	0.0012818321654418047	0.0020082037258588275	0.0020082037258588275	0.0024782088531874894	0.004144590668261836	0.006836438215689625	0.011493761750128183	0.01841565544351393	0.028542129550504187	0.04747051786019484	0.07502990941719363	0.11976585199111264	0.1840283712185951	0.2717484190736626	0.3883096906511707	0.534865834900017	0.7036404033498547	0.893479747051786	1.1097248333618186	1.355110237566228	1.6194667578191762	1.8913433601093832	2.1585199111263034	2.4215518714749615	2.672577337207315	2.9100153819859855	3.144291574089899	3.359553922406426	3.5558878824132627	3.710049564177064	3.826183558366091	3.885489659887199	3.8795505041873186	3.888352418390019	3.863313963425056	3.7666638181507435	3.65924628268672	3.5202956759528288	3.36233122543155	3.1998803623312257	3.024141172449154	2.8503247308152453	2.675824645359768	2.5089300974192446	2.3368654930781063	2.166424542813194	1.9572295334130918	1.721543325927192	1.5251666381815074	1.3383609639377883	1.1738164416339087	1.031917620919501	0.9034780379422321	0.7939241155358058	0.6859511194667578	0.5830199965817808	0.4934199282173988	0.4146299777815758	0.3458383182361989	0.2857631174158264	0.23842078277217568	0.19428302854212956	0.15450350367458554	0.1208767732011622	0.09297555973337891	0.0754999145445223	0.059647923431891986	0.046701418560929756	0.03687403862587592	0.026747564518885658	0.019398393437019313	0.015381985985301659	0.011921039138608786	0.008759186463852334	0.006195522132968723	0.005084600922919159	0.004230046145957956	0.00273457528627585	0.0019227482481627073	0.001538198598530166	0.0011536489488976245	0.0007263715604170228	0.000555460605024782	0.0004700051273286618	0.00025636643308836097	8.545547769612032e-05	0.0	0.0	0.0	0.0	0.0	0.0	0.0	0.0	0.0	0.0
Sor-CPnd_036-Ex1-5C-lcwgs-1-2-L2-clmp.r2	0.0	0.00012816240740266065	0.00046992882714308904	0.0006408120370133033	0.0006835328394808568	0.0008116952468835175	0.001238903271559053	0.0016661112962345884	0.0028195729628585344	0.005169217098573979	0.006835328394808568	0.009227693332991567	0.015678534505592152	0.026615059937285863	0.0445150761711908	0.07168550654055486	0.11504712104512171	0.17579610215398286	0.2591871085706474	0.3759430617144712	0.5164090602277873	0.6857970420116372	0.8741530600910808	1.0915592238484606	1.332589991370398	1.5980570579037758	1.8706584984492347	2.1365100522048204	2.427011508984185	2.679406009962491	2.904971846991174	3.1339553482172606	3.3579832363571116	3.552918258016559	3.694794043011304	3.815565751587078	3.8797323968933437	3.885798750843736	3.8887892070164645	3.867300643375285	3.7916848230077154	3.669076119925837	3.5324122728321328	3.388528610121413	3.213800528029118	3.0369791266159143	2.872803082733106	2.7037568673689965	2.529413272498911	2.3436205025675205	2.1712847854134094	1.9607993916557729	1.7212638522202002	1.5279522210545202	1.3440818872341698	1.177086270388503	1.0346123941592118	0.905040200275122	0.78580644058818	0.6822084946043626	0.5925375302249678	0.49799639436427173	0.41276839344150235	0.348217260913029	0.2922102888780663	0.24090260511453448	0.1943369304249011	0.1556318833892976	0.12205333264980048	0.09471201907056621	0.07706832765146661	0.06271413802236861	0.05015422209690786	0.03840600141833064	0.027426755184169378	0.020505985184425705	0.017002879382086312	0.012773519937798511	0.009526738950264442	0.007305257221951657	0.005596425123249515	0.004784729876365998	0.0033749433949367305	0.0024350857406505526	0.0021360401233776775	0.0014952280863643741	0.0009398576542861781	0.0006835328394808568	0.0005126496296106426	0.0004272080246755355	0.00046992882714308904	0.0005553704320781962	0.0006408120370133033	0.0004272080246755355	0.0001708832098702142	0.0002563248148053213	0.0002563248148053213	0.0001708832098702142	8.54416049351071e-05	0.0	0.0
Sor-CPnd_036-Ex1-5C-lcwgs-1-2-L3-clmp.r1	9.433592930088114e-05	9.433592930088114e-05	0.00014150389395132173	0.000330175752553084	0.0004716796465044057	0.00042451168185396514	0.0005660155758052869	0.0018867185860176228	0.0031602536315795187	0.004480956641791854	0.006745018945013002	0.010895799834251773	0.017027635238809045	0.026838571886100684	0.04480956641791854	0.07282733742028025	0.11740106401494659	0.18315320673766075	0.2646122816889716	0.37352311206683886	0.5185646033669437	0.6905861704471005	0.884116329407858	1.1044850602547165	1.3539092573262463	1.6208799372477398	1.9127081345400156	2.171377252683032	2.4295746911795435	2.690743711449033	2.9368189830303812	3.1745455248686016	3.394584079962907	3.599576054333722	3.7319765311075086	3.8203692968624345	3.8944230013636254	3.9393740716754957	3.9204125498860187	3.8719710501900164	3.8120677350839562	3.6988174519582486	3.544342367728056	3.369537890733523	3.1998747218858883	3.0258249323257624	2.848803560992659	2.6678200806289185	2.4782991986634486	2.313258490351557	2.1614248121417887	1.9439333271386072	1.6961600088298432	1.4972998698635855	1.3208916820709378	1.160096090577586	1.0156206148532865	0.8773241424981947	0.7620928048571683	0.6649267976772608	0.5693173333308177	0.4799340403182328	0.40545582413518716	0.3431469428319552	0.27909284683665686	0.22848162076673414	0.1826343591265059	0.14631502634566665	0.11768407180284923	0.09013798044699192	0.06910106821289544	0.05410165545405534	0.04094179331658242	0.030659177022786373	0.025895212593091875	0.02131992002199914	0.017735154708565654	0.014480565147685255	0.010424120187747367	0.007075194697566086	0.004811132394344939	0.002971581772977756	0.002877245843676875	0.002877245843676875	0.0014150389395132172	0.0007075194697566086	0.0007075194697566086	0.00042451168185396514	0.00014150389395132173	9.433592930088114e-05	9.433592930088114e-05	4.716796465044057e-05	0.0	0.0	0.0	0.0	0.0	0.0	0.0	0.0	0.0
Sor-CPnd_036-Ex1-5C-lcwgs-1-2-L3-clmp.r2	9.434420634587435e-05	9.434420634587435e-05	0.0001886884126917487	0.00023586051586468588	0.0001886884126917487	0.0005188931349023089	0.0009434420634587435	0.0020755725396092357	0.003396391428451477	0.0044341776982560945	0.006698438650557079	0.01037786269804618	0.016274375594663326	0.025048386784829638	0.0388226409113273	0.06594660023576618	0.11222243344841754	0.17335747916054411	0.2616164841971096	0.3719520335186096	0.5094587142677215	0.6752214848174227	0.8593813756045695	1.0852414055965927	1.3325647425323024	1.588001681213757	1.8678737693387935	2.1433116797655734	2.4285142155491517	2.69862167831739	2.941746698070708	3.159681814729678	3.3702580832936695	3.5764473462625777	3.7215015635193596	3.8237706831982874	3.885613310458008	3.936606353987953	3.943163276328991	3.8928306422434673	3.8124022063336094	3.6959814557028006	3.5465402328509357	3.3743620562697147	3.2141184217912477	3.0391570911228234	2.8471194591057962	2.673478947326214	2.500357328681535	2.340443898925278	2.1853891957958336	1.955944085962667	1.7085735769237844	1.5112998414545613	1.3279890485245274	1.1775572115060307	1.030804798535023	0.8779671842547068	0.7654617181872515	0.6651738268415871	0.5704050715671564	0.4849292206177942	0.40898213450936527	0.34916790768608097	0.28869327141837553	0.2337377712219037	0.18604677491406424	0.14901667392330853	0.12212857511473435	0.09311773166337799	0.07009774531498464	0.055615909640892934	0.04391722805400451	0.03410543059403358	0.02674658249905538	0.021274618530994667	0.017925399205716126	0.014623351983610524	0.011321304761504922	0.007877741229880508	0.005660652380752461	0.004528521904601969	0.003773768253834974	0.0028774982935491676	0.0016510236110528014	0.001084958372977555	0.0011321304761504922	0.0008962699602858064	0.0005660652380752461	0.0006604094444211205	0.0005660652380752461	0.0004245489285564346	0.00033020472221056025	0.00028303261903762304	0.00028303261903762304	0.00023586051586468588	0.00028303261903762304	0.00028303261903762304	0.0001886884126917487	9.434420634587435e-05	4.7172103172937175e-05
Sor-CPnd_037-Ex1-6C-lcwgs-1-2-L2-clmp.r1	0.0	3.106450606814061e-05	0.00012425802427256245	0.0002174515424769843	0.00034170956674954675	0.0007455481456353748	0.0017085478337477338	0.0026404830157919523	0.0034170956674954675	0.005156708007311342	0.008635932686943092	0.01251899594546067	0.019073606725838337	0.03168579618950342	0.052374757230885076	0.08347032780509384	0.1249103788999934	0.18520658517825436	0.27523152376372584	0.39178555053138947	0.5361423102300389	0.7038906429979982	0.8985097735148991	1.130903343410659	1.3867506153878653	1.6532840774525117	1.9298513749771675	2.210674509833159	2.4781709715859175	2.7285508904951308	2.970046360668856	3.2116039598547177	3.428869115295293	3.598357060403068	3.749641204954913	3.849948495048939	3.890301288431454	3.921521117029935	3.911114507497108	3.8569069444082027	3.783843226135936	3.6561370416898096	3.4924581592167767	3.3535376880800523	3.2124427015185573	3.034722662302725	2.8555115267956217	2.683227776141714	2.506781381674675	2.3217922480388977	2.1569018498292074	1.9496705298486412	1.7069946084443268	1.5034910291919377	1.305175222452928	1.129350118107252	0.9887521636428476	0.8646183973945577	0.7394905669520874	0.6284349577584846	0.5357074071450849	0.443601146653048	0.3677416228346486	0.3114527378391778	0.2584877549929981	0.2089709323203819	0.16544955931891692	0.13183776375318876	0.10502909501638343	0.08250732811698147	0.06327839886080244	0.04802572638134539	0.037308471787836875	0.02948021625866544	0.02382647615426385	0.018328058580202963	0.013823705200322573	0.00959893237505545	0.006678868804650233	0.005312030537652045	0.004349030849539686	0.0035102891856998893	0.0025162249915193897	0.0015221607973388903	0.0009008706759760779	0.0009319351820442184	0.0008076771577716559	0.0005280966031583905	0.00031064506068140615	0.00015532253034070308	0.00015532253034070308	0.00012425802427256245	6.212901213628123e-05	3.106450606814061e-05	0.0	0.0	0.0	0.0	0.0	0.0	0.0
Sor-CPnd_037-Ex1-6C-lcwgs-1-2-L2-clmp.r2	0.0	6.212866473695034e-05	0.00012425732947390068	0.0002174503265793262	0.0004970293178956027	0.0009629943034227302	0.0014289592889498578	0.002174503265793262	0.0030753689044790418	0.004939228846587552	0.007921404753961168	0.01189763929712599	0.019353079065560032	0.031437104356896874	0.049982510780876545	0.0773191232651347	0.11969087261573483	0.18386978328900455	0.27243419487152726	0.3846385633864596	0.5233097430793328	0.6947848577533157	0.8943421288884001	1.1129107714329913	1.3546844702568337	1.6347604908910056	1.9182846524180786	2.1960619124569836	2.4668186333806132	2.7060450569502406	2.950769867349088	3.1968925727045168	3.4150573789283176	3.5922483307581	3.732503791401766	3.8187073137242846	3.8704604914501637	3.915441644719716	3.911651796170762	3.8582211444969845	3.7755589560644722	3.6617392422663793	3.5130964118832257	3.3703558046500817	3.214661370819284	3.03588613803871	2.8779240079450137	2.705548027632345	2.523231460961764	2.3519116679496235	2.188544344023813	1.9662169172626358	1.7159626557021999	1.5095712314460508	1.311505048264653	1.1402784482496182	0.9985008353198974	0.8714166516004654	0.7475942227797234	0.6383099015074278	0.5406125762085734	0.4499668543573628	0.37625119364697124	0.31232079763264936	0.2601637835859795	0.21126852443799962	0.16656695015976386	0.1355026177912887	0.10701662500939696	0.08346986107409278	0.06772024456327587	0.05265404336456542	0.04035256774664925	0.03118858969794907	0.024447629573989958	0.020222880371877337	0.015687487846079963	0.011183159652651061	0.008542691401330672	0.006709895791590637	0.005218807837903829	0.003883041546059396	0.0030753689044790418	0.002329824927635638	0.0017085382802661344	0.0015532166184237584	0.0012736376271074818	0.0010251229681596807	0.0008076726415803543	0.0006523509797379786	0.000559157982632553	0.0006523509797379786	0.0005902223150010282	0.00024851465894780135	0.00015532166184237584	9.319299710542551e-05	9.319299710542551e-05	0.00012425732947390068	6.212866473695034e-05	9.319299710542551e-05	0.00015532166184237584
Sor-CPnd_037-Ex1-6C-lcwgs-1-2-L3-clmp.r1	7.482699997605536e-05	3.741349998802768e-05	7.482699997605536e-05	0.00026189449991619377	0.0005237889998323875	0.0008979239997126643	0.0013842994995570243	0.0023570504992457436	0.003442041998898546	0.005088235998371765	0.008081315997413978	0.01208456049613294	0.017808825994301176	0.03034234849029045	0.04923616598424442	0.07752077197519334	0.12271627996073078	0.18130582094198214	0.262231221416086	0.3748084428800613	0.5173538778344468	0.6913640662787635	0.8908902617149151	1.1207962191413452	1.3615895050642912	1.612521849483993	1.9015037233915189	2.1755950243038096	2.4450096377175967	2.7219817781289657	2.9728392955486913	3.190174316979144	3.3845000359169597	3.5719790843569665	3.7141503843114716	3.814231496779446	3.895568445753418	3.918540334746067	3.900132892751958	3.8502981107679046	3.768325132294136	3.6824237363216246	3.5401776093671433	3.379785934918469	3.2216390704690756	3.026190946531619	2.8607858630845486	2.699084716136293	2.5271696836913056	2.3716043507410864	2.2133078322917417	1.9752083183679332	1.7102084979527334	1.4993834255201974	1.3155334865790294	1.1563390441299715	1.0050014366783995	0.8719964442209611	0.7546677082585064	0.6462433852932021	0.544740559825683	0.45521005435433276	0.3822537293776788	0.32396349639633165	0.2684044489141106	0.21617520293082393	0.16948315494576538	0.13442670545698343	0.10453331896654934	0.08268383497354118	0.06715723247850969	0.052715621483131005	0.04134191748677059	0.03258715848957211	0.024468428992170103	0.017958479994253287	0.013394032995713909	0.010700260996575917	0.009241134497042837	0.006809256997821038	0.004302552498623183	0.002656358499149965	0.0020203289993534945	0.001758434499437301	0.0013842994995570243	0.0010849914996528028	0.000935337499700692	0.0005237889998323875	0.00022448099992816608	0.00011224049996408304	0.00011224049996408304	0.00011224049996408304	3.741349998802768e-05	0.0	0.0	0.0	0.0	0.0	0.0	3.741349998802768e-05	7.482699997605536e-05
Sor-CPnd_037-Ex1-6C-lcwgs-1-2-L3-clmp.r2	0.00014964812114913296	7.482406057456648e-05	0.0	0.00014964812114913296	0.0003741203028728324	0.0006734165451710983	0.0011971849691930637	0.0019454255749387285	0.0029929624229826594	0.004452031604186705	0.007145697784871098	0.010550192541013872	0.01672317753841561	0.02895691144235723	0.045904561162496534	0.07239227860589308	0.1154161134362688	0.17594877844109305	0.256908411982774	0.3691070908143364	0.5164356660856578	0.6859495753173382	0.8828490907193098	1.1050765506257725	1.3431292993437556	1.6052753955667494	1.8873621039328647	2.163687359634739	2.4312582002493888	2.6950504258050225	2.945075024214937	3.1786009172681586	3.3845541439996527	3.556462423169719	3.6981791938979485	3.7969843658866633	3.865785089584977	3.8935448160581414	3.886623590454994	3.8490619120465612	3.7805978966208333	3.684561214873377	3.542208439630264	3.388706879361542	3.230528815306908	3.0483696398381257	2.868642246338017	2.7146917417058463	2.5647443243144155	2.3990090301417504	2.2358925780891954	2.000159375249024	1.7237967075168625	1.5112963754850937	1.3274910706836711	1.1549093749684336	1.011134942574404	0.8868521779600492	0.7634298900423018	0.6514556833924631	0.5518274467374278	0.46028020862444574	0.38762604580654164	0.3265696123776954	0.26689742406947864	0.22046909448296012	0.17325511226040868	0.13689061882116937	0.10834523971197227	0.0839151839343763	0.0676409507594081	0.0542474439165607	0.04306124686066301	0.03314705883453295	0.025664652777076306	0.019529079809961852	0.014403631660604045	0.011747377510206937	0.010475368480439307	0.008230646663202312	0.005275096270506936	0.003254846634993642	0.002693666180684393	0.002506606029247977	0.0019454255749387285	0.0016835413629277456	0.0013842451206294798	0.0010475368480439308	0.0007108285754583816	0.0006734165451710983	0.0007108285754583816	0.0007856526360329481	0.0007482406057456648	0.00041153233316011564	0.00044894436344739886	0.0002618842120109827	0.00011223609086184972	0.0001870601514364162	0.00022447218172369943	0.00014964812114913296	7.482406057456648e-05
Sor-CPnd_038-Ex1-2A-lcwgs-1-2-L2-clmp.r1	0.0	0.0	0.0001244864932154861	0.0001244864932154861	0.0003734594796464584	0.0006846757126851736	0.0009958919457238888	0.0014938379185858335	0.0018050541516245488	0.0024897298643097223	0.0044815137557575	0.008278351798829827	0.012697622307979585	0.022469812025395244	0.038404083156977464	0.062741192580605	0.10344827586206896	0.16121000871405453	0.24013444541267273	0.34059504543757	0.47827710693389763	0.6526826839287937	0.8586455869538154	1.0968504917216482	1.373023776920204	1.6803809286692395	1.985186107307357	2.2809037719407446	2.584028382920453	2.8651188846010207	3.118697871280966	3.363811776422258	3.591622059006598	3.776733474418026	3.9045811029503303	4.025830947342214	4.11776422258185	4.112847006099838	4.065479895431345	3.9713058633138303	3.848375451263538	3.72146147143035	3.54027138055521	3.3375451263537905	3.152869413668617	2.98649321548612	2.7912983941242375	2.5905016805676584	2.415535914353293	2.24847504045811	2.0860824100585087	1.8457612349060126	1.5774305987800323	1.3875886966264162	1.218785011826217	1.0414540022407568	0.8834183991036972	0.7646582845761235	0.6570397111913358	0.553031246109797	0.47124362006722265	0.4017801568529815	0.33393501805054154	0.2700112037843894	0.208328146396116	0.16525581974355782	0.1353168181252334	0.10656043819245611	0.08247230175525955	0.06168305738827337	0.04637121872276858	0.036474542512137435	0.02969002863189344	0.0228432715050417	0.017988298269637746	0.014129216979957674	0.010643595169924063	0.008402838292045313	0.006162081414166564	0.004108054276111042	0.003236648823602639	0.0028631893439561807	0.002116270384663264	0.0012448649321548612	0.0007469189592929168	0.0006224324660774306	0.0007469189592929168	0.0004979459728619444	0.0001244864932154861	0.0	0.0	0.0	0.0	0.0	0.0	0.0	0.0	0.0	0.0	0.0	0.0
Sor-CPnd_038-Ex1-2A-lcwgs-1-2-L2-clmp.r2	0.0	6.225293366949918e-05	6.225293366949918e-05	0.00012450586733899835	0.00031126466834749584	0.0006225293366949917	0.001058299872381486	0.001369564540728982	0.0019920938774239737	0.0031126466834749586	0.004108693622186946	0.007345846173000903	0.011890310330874341	0.019547421172222742	0.03573318392629253	0.059513804588041216	0.09655430012139322	0.151399134684222	0.22610265508762098	0.32975378964733715	0.4648426557101504	0.6424502754692315	0.8504995797926977	1.0784075699567341	1.3457216671335637	1.6424191490023967	1.9355059607183989	2.2383042300868428	2.5496934043016775	2.819871136427304	3.072618047125471	3.3261119930276717	3.5701434930121083	3.7688548572851497	3.908799452174184	4.024963426401469	4.101161017212936	4.105456469636132	4.079559249229621	4.00491798175989	3.894730289164877	3.7616335169794874	3.5710150340834814	3.3658916176424816	3.1680517944408133	2.9794254054222304	2.806611261555701	2.6426992872039095	2.4512092632365303	2.2542409811062347	2.087527624739316	1.8510287297288885	1.5853954617611354	1.405110965854266	1.2458679615276869	1.065894730289165	0.8948859214990507	0.7660223488031873	0.6566439443458773	0.5551716624645936	0.47505213683194825	0.4032745043110157	0.32863323684128615	0.2691194322532449	0.2175740031748996	0.17181809692781772	0.13720546580757617	0.1123042923397765	0.08883493634637532	0.06517882155196564	0.048993058797895846	0.03940610701279298	0.03243377844180907	0.02434089706477418	0.018738133034519253	0.015438727550035796	0.012388333800230336	0.010333986989136864	0.007657110841348398	0.005602764030254926	0.005104740560898932	0.004046440688517446	0.0031748996171444576	0.0022411056121019704	0.001431817474398481	0.001369564540728982	0.001058299872381486	0.0008715410713729883	0.001058299872381486	0.0009337940050424876	0.0008092881377034894	0.0007470352040339901	0.0006225293366949917	0.0004980234693559934	0.00037351760201699503	0.0006225293366949917	0.00043577053568649417	0.0	6.225293366949918e-05	0.00012450586733899835	6.225293366949918e-05
Sor-CPnd_038-Ex1-2A-lcwgs-1-2-L3-clmp.r1	0.0	0.0001072514875781327	0.0002145029751562654	0.0002681287189453318	0.00016087723136719905	0.00016087723136719905	0.0004826316941015972	0.0009116376444141282	0.002252281239140787	0.003700176321445579	0.004397310990703441	0.006542340742266096	0.011475909170860199	0.021182168796681212	0.032711703711330475	0.05496638738379301	0.09153914464793626	0.13969506257051786	0.21428847218110916	0.3194485557514683	0.4591972440657752	0.6308532499345766	0.8270698464587704	1.072514875781327	1.3316880955138848	1.6120971097869128	1.9385706379747485	2.233244100095668	2.532636627670026	2.8514416744960256	3.1267026173653027	3.3808350171816883	3.6378095814188947	3.8087684526184375	3.93961526746376	4.061828337559041	4.137118881838891	4.180984740258347	4.137976893739516	4.0408606717375175	3.909799353917039	3.758842885150817	3.609709691673423	3.4218587111803243	3.2095543915194105	3.004811301732755	2.7960462811619196	2.5914640686066313	2.3948720918759143	2.195437950724376	2.0244790795248333	1.8110486192443491	1.5569162194279635	1.3624692724488088	1.201699292569188	1.0552473862812477	0.9049880521842838	0.7618073162674767	0.6464583413771949	0.5468217094171096	0.4631655491061661	0.3850328404054964	0.3149439932731867	0.26346327923568297	0.21477110387521076	0.16838483549766836	0.13127582079563443	0.10478470336383566	0.08408516626125603	0.06317112618352017	0.04547463073312827	0.033891470074689935	0.02708100061347851	0.022254683672462538	0.016677606318399634	0.011690412146016465	0.009813511113399143	0.008580119006250617	0.006703217973633295	0.004772691197226906	0.0026812871894533177	0.001984152520195455	0.0018769010326173225	0.0011261406195703936	0.0006435089254687962	0.0004826316941015972	0.0002681287189453318	0.00016087723136719905	0.0001072514875781327	0.0	0.0	0.0	0.0	0.0	0.0	0.0	0.0	0.0	0.0	0.0	0.0
Sor-CPnd_038-Ex1-2A-lcwgs-1-2-L3-clmp.r2	0.00010727064329668432	5.363532164834216e-05	5.363532164834216e-05	5.363532164834216e-05	5.363532164834216e-05	0.00048271789483507943	0.0011263417546151853	0.0013408830412085541	0.0017699656143952912	0.0028426720473621343	0.004505367018460741	0.0067044152060427705	0.00970799321834993	0.016841490997579436	0.028158543865379634	0.04853996609174965	0.08361746644976542	0.13730642341975594	0.21223496776248993	0.3152684206489552	0.45332573857178793	0.6146071507683528	0.800560810923155	1.0333917421986083	1.3111690730153724	1.6224684798623503	1.9282970839011975	2.207576203724115	2.500746871853953	2.801641026301153	3.0809737814457185	3.3475413300379793	3.579835908096949	3.774103043107244	3.955765877530179	4.0849197320593875	4.136570546806741	4.145205833592123	4.113882805749492	4.035628871464561	3.93211270068326	3.7962007956263615	3.6150743144199096	3.43131970245269	3.2403779573845917	3.0244957877500145	2.8139235149586233	2.608875680297011	2.421581137101	2.2369683599874066	2.0499956287212857	1.8230109475055016	1.5820274473395002	1.383523121918986	1.2107637508896758	1.0603703089877246	0.9102986790156632	0.771865913841292	0.6593926443447186	0.5632781479508894	0.47520894980431155	0.39084058885146933	0.31945197573752593	0.2665675485922605	0.21598944027787387	0.16846854529744273	0.1351073752321739	0.10952332680591469	0.0862455972105342	0.06795595252844952	0.05084628492262837	0.03722291322394946	0.030143050766368296	0.024511341993292364	0.018504185968678043	0.01394518362856896	0.011156146902855168	0.009118004680218167	0.007348039065822876	0.005631708773075926	0.00396901380197732	0.00348629590714224	0.0028963073690104766	0.002091777544285344	0.001394518362856896	0.0010727064329668432	0.0011799770762635276	0.0009654357896701589	0.000697259181428448	0.0005899885381317638	0.0006436238597801059	0.0005363532164834216	0.00037544725153839515	0.00032181192989005295	0.00048271789483507943	0.00037544725153839515	5.363532164834216e-05	0.0002681766082417108	0.00032181192989005295	5.363532164834216e-05	0.0
Sor-CPnd_041-Ex1-7A-lcwgs-1-2-L2-clmp.r1	0.0	5.76141740086329e-05	0.00017284252202589873	0.0002304566960345316	0.00014403543502158227	0.0002592637830388481	0.0005761417400863291	0.0008354055231251772	0.0009218267841381264	0.001209897654181291	0.002362181134353949	0.0037449213105611393	0.0057902244878676075	0.010514586756575506	0.017485901811620085	0.029930563397484795	0.0563754692674473	0.09411275324310187	0.14559101771981536	0.2237446447625259	0.33370129585800185	0.4693826756483323	0.6341015991390138	0.8361833144742937	1.068627699512123	1.3390974393956503	1.6397570064597011	1.9390626404345492	2.254701892740844	2.592839479997511	2.908651574825832	3.1930639448194484	3.4790607045983024	3.7333120544983993	3.9393979549272795	4.105211547724124	4.2230325335717795	4.27776599887998	4.28050267214539	4.24553086852215	4.1663113792602795	4.02048990484443	3.816449307592857	3.6384215099061814	3.4626406650058423	3.2539045125725647	3.0179744700072133	2.7698302225520317	2.548303723488838	2.335822649745	2.138868595896488	1.906251368336633	1.6487736246920521	1.4435231297862976	1.2525321429476794	1.079343935877729	0.9278474653220287	0.797524203714501	0.6832176824813734	0.5798578543098859	0.485197766413702	0.3959534108743296	0.32629787449789244	0.2694902989253804	0.21806964862267555	0.17275610076488576	0.1346155175711708	0.1050306392177378	0.08293560348542707	0.0626842213213926	0.04528474077078547	0.0334450280120114	0.024946937345738045	0.018868641987827277	0.013654559240046	0.010111287538515075	0.007691492230152494	0.005502153617824443	0.0037161142235568223	0.002362181134353949	0.0016420039592460378	0.0012963189151942406	0.0010658622191597087	0.0007777913491165442	0.0005761417400863291	0.0004032992180604303	0.0002592637830388481	0.00014403543502158227	0.00014403543502158227	0.0001152283480172658	2.880708700431645e-05	0.0	0.0	0.0	0.0	0.0	0.0	0.0	0.0	0.0	0.0
Sor-CPnd_041-Ex1-7A-lcwgs-1-2-L2-clmp.r2	0.0	5.7619452327105627e-05	0.00014404863081776407	0.0001728583569813169	0.0002304778093084225	0.0003745264401261866	0.0003745264401261866	0.0005473847971075035	0.0009507209633972428	0.0015269154866682994	0.0024200169977384367	0.003140260151827257	0.005445038244911482	0.009766497169444404	0.016940118984169056	0.03039426110254822	0.055026576972385874	0.09077944714135493	0.14479768369801646	0.2240244306477867	0.3267887238731796	0.46334682588841997	0.6348799354662135	0.8372106423128448	1.076216130565679	1.3559297618876132	1.6541392374065484	1.9441955604211982	2.2637818527534894	2.5996456403681885	2.9075928033304046	3.203267022946947	3.477938952190259	3.7260483139107765	3.9315769003615624	4.094611140721108	4.211348151135823	4.271416430186831	4.287002492041314	4.236758329612076	4.130824966508693	3.984471557597845	3.80709007360885	3.6363060169113095	3.452932109880295	3.232941040895406	3.0054882528341564	2.7835381224701456	2.5668601719940654	2.3449388513562175	2.1437317238299647	1.9096526987510984	1.6560694890595065	1.4537964016652023	1.261376240618833	1.0817764077152447	0.9295170049408681	0.802408493107273	0.687284827357716	0.5805447919217528	0.4831679174889443	0.3985825614727532	0.3296120770372078	0.27268405813802743	0.2208553607697959	0.17300240561213467	0.1332161737802682	0.10584693392489304	0.08470059492084528	0.06487950332032094	0.04845795940709583	0.035291914550352195	0.026130421630342404	0.01944656516039815	0.014721770069575488	0.01155270019158468	0.008959824836864926	0.006366949482145172	0.004148600567551605	0.002621685080883306	0.002016680831448697	0.00184382247446738	0.001584534938995405	0.001238818225032771	0.001238818225032771	0.0010083404157243485	0.0005473847971075035	0.00043214589245329225	0.000460955618616845	0.00043214589245329225	0.0004033361662897394	0.0003745264401261866	0.00043214589245329225	0.00031690698779908097	0.0002016680831448697	0.0002304778093084225	0.0002304778093084225	0.0001728583569813169	0.00014404863081776407	8.642917849065845e-05	0.0
Sor-CPnd_041-Ex1-7A-lcwgs-1-2-L3-clmp.r1	0.0	0.0	0.0	2.9254667143322707e-05	0.00017552800285993626	0.00023403733714658166	0.0003218013385765498	0.0006728573442964223	0.000906894681443004	0.001316460021449522	0.0019600626986026218	0.0031302493843355303	0.005646150758661283	0.010063605497303011	0.018313421631720016	0.030541872497628908	0.05172225150939455	0.08872940544569778	0.14191439031225847	0.21791801555061086	0.3275352533366411	0.4623115048659288	0.6237972674970701	0.8206519227044887	1.0552158438596502	1.328600708314001	1.6310647119088144	1.9419833143080483	2.2569390607730604	2.5713097138952064	2.8735689348200166	3.1787536224591593	3.4645132111151353	3.7155475098719872	3.9394919868541227	4.094453958712303	4.204451507171196	4.281654573762425	4.27712010035521	4.234788596998822	4.157322238403303	4.010961138685261	3.8402601559039717	3.655312150223886	3.4646009751165647	3.251451470310316	3.015951399806568	2.801456180311726	2.578155306006744	2.3556443077146314	2.155542384454304	1.919398711273403	1.6671649711636747	1.453079317008839	1.2657616832901437	1.0889757297430445	0.9352424539048837	0.8079261424971432	0.6881282805452368	0.5829577521649917	0.4900156746506554	0.40368515191071	0.33344469609959226	0.2743795231372237	0.21981956891492685	0.17432856150706003	0.13416190351927795	0.10397108702736892	0.07998225996984429	0.06005983164524152	0.045549516742153455	0.03302851920481134	0.02407659105895459	0.01910329764458973	0.014451805568801417	0.010209878833019626	0.006991865447254129	0.005324349420084733	0.00453447340721502	0.002925466714332271	0.001901553364315976	0.0016675160271693945	0.0011409320185895857	0.0007021120114397451	0.0007021120114397451	0.0005558386757231314	0.0004095653400065179	0.00020478267000325896	2.9254667143322707e-05	0.0	0.0	0.0	0.0	0.0	0.0	0.0	0.0	0.0	0.0	0.0	0.0
Sor-CPnd_041-Ex1-7A-lcwgs-1-2-L3-clmp.r2	0.0	2.9257363273758515e-05	5.851472654751703e-05	2.9257363273758515e-05	8.777208982127555e-05	0.00023405890619006812	0.00032183099601134366	0.0006144046287489288	0.0010825224411290652	0.0011702945309503404	0.0014921255269616843	0.0030135084171971274	0.0053833548423715665	0.009303841521055208	0.018081050503182764	0.03136389342946913	0.05160998881491002	0.08543150075937486	0.1394991080892806	0.21729443703420448	0.3283553880213918	0.4672108341186497	0.6227137199186762	0.8207275545554739	1.062539662013088	1.3377636783293343	1.636949475166789	1.948160048309758	2.2665679328180723	2.580528698108775	2.8769350454352223	3.1626039404402007	3.4566404413414733	3.7245208594760064	3.9354957060430786	4.090325672487809	4.200362615760414	4.260281695745072	4.255776061800914	4.213616201323427	4.143925162005335	3.9973750293670784	3.8173544731436424	3.6552979379702935	3.463808495343544	3.2504345449880234	3.021612706823958	2.7937856190112007	2.5814064190069876	2.3606303557432056	2.160714792493614	1.9247834150540253	1.6589510123486553	1.4542664988854406	1.277347223169023	1.1030903675105173	0.9470608491715632	0.8160171190683987	0.6919366414243889	0.5809634625270228	0.4912311293664055	0.4084620486649426	0.33751294272607824	0.27835455418653854	0.22226818879074345	0.1746079440177908	0.1363978275822622	0.10506319151606681	0.08057477845593096	0.061294176058524094	0.04643143551545477	0.03449443129976129	0.02600979595037132	0.020216838022167134	0.01536011571872322	0.010883739137838168	0.007226568728618353	0.005705185838382911	0.0049444943932651884	0.0036864277724935734	0.0029257363273758516	0.0023991037884481983	0.0016384123433304766	0.001141037167676582	0.0011117798044028237	0.0008777208982127555	0.0007314340818439629	0.0005558899022014118	0.0002925736327375851	0.00026331626946382667	0.0003803457225588607	0.00043886044910637775	0.0003510883592851022	0.0001755441796425511	0.00020480154291630957	0.00023405890619006812	0.00011702945309503406	0.00014628681636879256	0.00014628681636879256	8.777208982127555e-05	0.00011702945309503406
Sor-CPnd_043-Ex1-1D-lcwgs-1-2-L2-clmp.r1	8.169170449332967e-05	6.126877836999725e-05	0.00016338340898665934	0.0003471897440966511	0.0006535336359466373	0.0009598775277966235	0.0012866443457699422	0.0021648301690732363	0.0031655535491165246	0.0053303837181897604	0.008312130932196293	0.011722759594792808	0.01815598132364252	0.029797049213942	0.04727907397551454	0.07493171594650663	0.11735013350466807	0.17400333057079218	0.25563376628575185	0.3695120023494534	0.5101646945608438	0.6790622936008028	0.8785125901212671	1.11129310207501	1.3692142360865753	1.639470817476633	1.9222466525802937	2.2171537058012136	2.511815683908654	2.7922428825081314	3.0660734759697723	3.3162134751283476	3.5283055629191553	3.7212205230801527	3.899839434954818	4.021069924422919	4.075170255723627	4.087669086511107	4.053869143776991	3.9828994754984115	3.8843180111010858	3.7474027143702653	3.5771163563539194	3.3999270493078875	3.2208996789107553	3.0267389202562343	2.8164848958165267	2.6130521287020128	2.421791425557005	2.2238115797174203	2.0508293954527947	1.831895627410671	1.5797950273442558	1.3847765057925545	1.215123258486032	1.0611139725899823	0.9101885485385559	0.7810748095868483	0.6769587322100996	0.5757222874167408	0.48943542454566136	0.41005151070426826	0.3342007630822117	0.2742186290579844	0.22017956653564677	0.1768421173019354	0.13887589763866043	0.1084865835671418	0.0861847482404628	0.06433221728849711	0.04678892374855457	0.034923203670898434	0.02738714393138877	0.021770839247472355	0.016358763824789267	0.012233332747876116	0.009353700164486247	0.007229715847659675	0.005207846161449766	0.003512743293213176	0.002675403322156547	0.002062715538456574	0.001572565311496596	0.001123260936783283	0.0007148024143166347	0.0003880355963433159	0.00020422926123332417	0.0001225375567399945	6.126877836999725e-05	4.0845852246664834e-05	2.0422926123332417e-05	0.0	0.0	0.0	0.0	0.0	0.0	0.0	0.0	0.0	0.0
Sor-CPnd_043-Ex1-1D-lcwgs-1-2-L2-clmp.r2	4.084520158740792e-05	0.00010211300396851978	0.0001838034071433356	0.0002450712095244475	0.00044929721746148705	0.0007964814309544543	0.001388736853971869	0.002348599091275955	0.003308461328580041	0.004656352980964502	0.0073112910841460176	0.011191585234949768	0.017216252469092436	0.02812192129293035	0.043929014307257215	0.06947768790018087	0.11003697307647692	0.16901744416869394	0.2501768597228735	0.36092862382713004	0.5043769718021066	0.6727000475438146	0.8672253201038448	1.0966119722187277	1.3566121029233726	1.6303566439621806	1.9127807903383125	2.20449722007558	2.496499566223959	2.7637497202103694	3.024178725531682	3.2877528113752255	3.515444387624231	3.71928236614619	3.8930786989006108	4.009099494009643	4.06791658429551	4.0991631635098775	4.078801830518555	3.98818675079689	3.8761687854434235	3.7432993446795857	3.584411510504569	3.413310961054917	3.232407563224288	3.034859745746789	2.8383739035105635	2.638130302728296	2.4282676569721944	2.235968447898678	2.0666855099196657	1.8452024043119464	1.6003762659970233	1.4034207039425424	1.2228849129261992	1.061689324861494	0.910541656387291	0.7813687063671134	0.680603594050978	0.5848828641308876	0.49426778440922314	0.4108618827677362	0.3390764409778668	0.2791565302491394	0.22530213195614207	0.1790653637591963	0.13971101202972877	0.11003697307647692	0.08700027938117885	0.06547485814461489	0.04846283168345949	0.03696490743660416	0.029449390344521105	0.0227099320825988	0.017400055876235773	0.013989481543687211	0.011314120839711991	0.008495801930180846	0.006228893242079706	0.004554239976995982	0.003308461328580041	0.00283874151032485	0.0024711346960381787	0.0018993018738144682	0.0012049334468285334	0.0007760588301607504	0.0008577492333355662	0.0007147910277796385	0.0005514102214300068	0.000469719818255191	0.00034718421349296723	0.000469719818255191	0.0005922554230174148	0.0005105650198425989	0.0003880294150803752	0.00030633901190555937	0.00022464860873074353	0.0001838034071433356	0.00010211300396851978	8.169040317481584e-05	8.169040317481584e-05
Sor-CPnd_043-Ex1-1D-lcwgs-1-2-L3-clmp.r1	9.820389977506397e-05	9.820389977506397e-05	0.00019640779955012793	0.0003191626742689579	0.0005646724237066178	0.0009820389977506397	0.0016940172711198533	0.002430546519432833	0.003142524792802047	0.00508205181335956	0.007929964906836414	0.011858120897838973	0.0182659253581619	0.0279390094860057	0.04347977662540957	0.07217986633467202	0.11315544351581745	0.16760950594109042	0.2524576753467457	0.37125984309962934	0.5116177668531394	0.6748326482792958	0.8772799876655902	1.1017004496265552	1.3473820558888214	1.6389494343209865	1.9292156110811316	2.1980487867153693	2.495287440359544	2.7746529842446574	3.0187878790854663	3.2741671204505205	3.5119187618059504	3.71016788447686	3.8747576204998677	3.9973160874191476	4.067777385507756	4.09205829972714	4.074307944842798	3.991276547582981	3.8672204711921316	3.734424247721301	3.58473695348916	3.4244927400311993	3.233387951068925	3.0298112668352175	2.829794473968356	2.631348943497895	2.4347201851732736	2.2386806502473022	2.071341205030593	1.8498423090879363	1.6046517223245453	1.406599007453185	1.2144630775432723	1.0489649554473457	0.914842979329552	0.7960899135265561	0.6824925524617508	0.5825700844406232	0.49271351614643966	0.40843001916449106	0.3434435884883425	0.2872464068420621	0.23053365472196266	0.18280655943128157	0.14467889534361297	0.11354825911491771	0.08592841230318098	0.06427445240277938	0.0496666223112386	0.03852047968676884	0.02872464068420621	0.02175216380017667	0.017382090260186323	0.013134771594914807	0.009231166578856012	0.006726967134591882	0.005106602788303326	0.0038545030661712608	0.002823362118533089	0.0018413231207824493	0.0012766506970758316	0.0011047938724694697	0.0008838350979755758	0.00046646852393155384	0.0003682646241564899	0.0003682646241564899	0.00022095877449389395	0.00014730584966259595	7.365292483129798e-05	0.0	0.0	0.0	0.0	0.0	0.0	0.0	0.0	0.0	0.0
Sor-CPnd_043-Ex1-1D-lcwgs-1-2-L3-clmp.r2	9.819297915289408e-05	9.819297915289408e-05	9.819297915289408e-05	0.00027003069267045874	0.0004909648957644704	0.0006382543644938115	0.0013010569737758465	0.0022338902757283404	0.0031176270881043866	0.004565973530609575	0.006922605030279033	0.010825775951606572	0.016864644169509557	0.025800205272422917	0.04040641092141591	0.06667303284481507	0.10788953584424237	0.16371224449266267	0.2422420795701897	0.35408388282533604	0.49427890881088055	0.6645209864172107	0.8641964095246207	1.0855970292696087	1.3340252665264307	1.6108803712480155	1.906563979722168	2.1908326543697965	2.472081894908473	2.7503362495829866	3.0134197889783785	3.2639100787974105	3.4963574086971	3.699371393095708	3.854761782605163	3.9746554101508464	4.061212521274123	4.088534717723415	4.067570516674272	3.9992527514286467	3.885987149975783	3.7518064439633534	3.5954095764175813	3.4274995820661327	3.2408592769412694	3.0384835469071545	2.8383662553935562	2.6503267003157642	2.44738636065152	2.255394538162824	2.089693885842315	1.8612479198431071	1.622810818215092	1.4233072328211998	1.233672041832173	1.0691251570167106	0.9259843416565794	0.7989717231223109	0.6890937794502224	0.5894770020996113	0.4988939788310666	0.415356301816742	0.34794682162828017	0.29190317877676586	0.23527037805033418	0.18872690593186242	0.14746130644285868	0.11515581630155652	0.08925741804998072	0.06723764247494422	0.05076577022204624	0.039228095171581184	0.03039072704782072	0.02287896414262432	0.018042959919344286	0.014949881076028123	0.011193999623429925	0.008297306738419549	0.006628026092820351	0.004934197202432928	0.0038786226765393163	0.0027739516610692577	0.001841118359116764	0.0016692806455991995	0.0014237981977169643	0.0009819297915289408	0.0007364473436467056	0.0009082850571642703	0.0010555745258936113	0.0007609955884349291	0.000613706119705588	0.0005891578749173645	0.0004173201613997999	0.0003682236718233528	0.0004909648957644704	0.0003682236718233528	0.00022093420309401168	0.00027003069267045874	0.00027003069267045874	0.00017183771351756463	7.364473436467056e-05
Sor-CPnd_044-Ex1-8G-lcwgs-1-2-L2-clmp.r1	0.0	0.00012420801862126615	0.0003415720512084819	0.0005899880884510143	0.0013041841955232945	0.002204692330527474	0.003012044451565704	0.00403676060519115	0.005775672865888876	0.008477197270901415	0.012638165894713832	0.01881751482112182	0.027636284143231722	0.042541246377783656	0.06576814585996042	0.10209899130668079	0.1580857557002165	0.23239320284038897	0.3311696296489509	0.46335801346663336	0.617624372594246	0.7960491913436948	1.003445530436554	1.2394718178216149	1.4905893794691598	1.7567050593652225	2.0412966820311986	2.3297077012697787	2.6130261917448867	2.872124118588848	3.1240800843620864	3.359920059719215	3.562534390095156	3.7169249572413894	3.852187489519948	3.95872691749234	3.9983492754325236	3.977171808257598	3.921681875938547	3.8644530313587984	3.765397136508339	3.621191626889049	3.4716141204643893	3.2931271977056293	3.107374105857526	2.9264651267356516	2.734501633956485	2.53390568388314	2.337874378494127	2.1613126800239972	1.983167329316446	1.772852101785987	1.544775127592687	1.3534016229019712	1.1759394162968373	1.0227598773321607	0.8988313267527924	0.7823552572907002	0.6729279928853648	0.5756731143049133	0.4952173702429881	0.41988520694919024	0.3495834684095536	0.2900878274899671	0.23823097971558846	0.1956586813331495	0.15687472751865916	0.12144439020694298	0.09393231408233253	0.07393482308430868	0.06036509704993535	0.04614327891780038	0.03359826903705249	0.025866319877878675	0.0200906470119898	0.016178094425419915	0.01335236200178611	0.010402421559531042	0.007514585126586602	0.0056514648472676095	0.004378332656399632	0.0029809924469103876	0.0019562762932849418	0.0013973402094892443	0.0010247161536254456	0.000869456130348863	0.0005589360837956976	0.00037262405586379845	0.0003415720512084819	0.00018631202793189923	3.105200465531654e-05	0.0	0.0	0.0	0.0	0.0	0.0	0.0	0.0	0.0	0.0
Sor-CPnd_044-Ex1-8G-lcwgs-1-2-L2-clmp.r2	6.210109748164525e-05	0.000248404389926581	0.0004657582311123393	0.0005278593285939846	0.000652061523557275	0.001242021949632905	0.0021735384118575837	0.003477661458972134	0.005930654809497121	0.009035709683579383	0.012171815106402467	0.017729863331009718	0.025026742285103033	0.03903053976721404	0.06352942272372308	0.09948595816559568	0.1526134470611432	0.22505437727348238	0.3206279662977344	0.44548222278458216	0.6033742631316652	0.7884665841757088	0.9899846455036476	1.2201934138681065	1.4848682913348785	1.7504125841663936	2.028563399786683	2.3217116304487893	2.5947391055268425	2.8596934379322816	3.1130659156573945	3.3350773391542763	3.5488914177835804	3.7182100600672867	3.8351464266252244	3.9416808593549866	3.997416594344764	3.982450229851687	3.9291985387611765	3.877095717974076	3.7804664102926355	3.617109473367168	3.4585653714965274	3.3020085047453005	3.1190276210156322	2.9299297791840226	2.7489050800250268	2.550554174668652	2.349160315535676	2.1681356163766803	1.9998726927501624	1.7917408645404285	1.5582096874607017	1.3644232127692275	1.1862241135456466	1.0327723016685013	0.9068933770732063	0.7864793490562962	0.6751941823691879	0.5813904746231627	0.5041367093559961	0.42657243860142124	0.35462831716893517	0.29392449438062695	0.23809560774462785	0.19869246139252397	0.16109024686738777	0.12336383014728827	0.09693981316884823	0.07579438947634802	0.06123168211690221	0.047755743963385194	0.0359565354418726	0.028224948805407768	0.02111437314375938	0.016518891930117633	0.014190100774555937	0.011985511813957532	0.008942558037356916	0.006334311943127815	0.00496808779853162	0.003881318592602828	0.002701397740451568	0.0016146285345227764	0.001242021949632905	0.0012730724983737276	0.0011799208521512596	0.0010557186571879692	0.0007141626210389202	0.000496808779853162	0.0005589098773348072	0.0006210109748164525	0.0006210109748164525	0.00043470768237151676	0.0002794549386674036	0.00037260658488987144	0.00031050548740822623	0.0001242021949632905	6.210109748164525e-05	6.210109748164525e-05	6.210109748164525e-05
Sor-CPnd_044-Ex1-8G-lcwgs-1-2-L3-clmp.r1	0.0002221500645901313	0.00033322509688519695	0.0004443001291802626	0.0008886002583605252	0.0014069504090708316	0.0018512505382510941	0.0027028257858465973	0.0031471259150268596	0.0046281263456277345	0.008219552389834857	0.012662553681637483	0.019215980587046357	0.02928678351513231	0.04265281240130521	0.06508996892490845	0.1040773052604765	0.15861514611735372	0.23073986708761637	0.3310406212500606	0.45718483292649015	0.6139857535163579	0.7922241553391731	0.9954544394283782	1.2329328584752286	1.4795194301702743	1.7488763834858085	2.027230414417243	2.303066744616656	2.5764594241055776	2.830969348104338	3.0742236688305318	3.2978917588620287	3.5033805686079003	3.683544270990497	3.8069116068595497	3.8962899828463127	3.9523088241337905	3.964971377815428	3.9471623476374527	3.8664107991589396	3.7681464205885717	3.642890809170503	3.4712058342530967	3.295929433291483	3.120319807232984	2.9467095317557965	2.7541424507669174	2.5438033646108282	2.3597890611086694	2.1874746610082574	2.016641261338447	1.7971199725126321	1.5597156034873116	1.3797370261585404	1.2067932008751232	1.0553979318569486	0.9329191962462563	0.810440460635564	0.6956999522747611	0.6016934499423705	0.5138701244077387	0.43086005027255964	0.3584021042054118	0.30093928749809784	0.2490672474163022	0.19982398309882307	0.15698604564369278	0.12547776148265916	0.10111530439927474	0.07830789776802127	0.0614244928591713	0.04768821386534818	0.037802535991087335	0.030027283730432747	0.0240292319864992	0.01817928028562574	0.012958753767757658	0.010292952992676083	0.007627152217594507	0.005294576539398129	0.0038876261303272975	0.003073075893496816	0.0023325756781963783	0.001518025441365897	0.0011848003444807002	0.0008145502368304814	0.0004443001291802626	0.0003702501076502188	0.0004443001291802626	0.0004443001291802626	0.0003702501076502188	0.00014810004306008753	0.0	0.0	0.0	0.0	0.0	0.0	0.0	0.0	0.0
Sor-CPnd_044-Ex1-8G-lcwgs-1-2-L3-clmp.r2	0.00014810892671014898	0.00025919062174276075	0.00025919062174276075	0.00044432678013044694	0.0008516263285833566	0.0012589258770362665	0.0020364977422645484	0.0035175870093660383	0.0053319213615653635	0.008627344980866179	0.012441149843652514	0.016291981938116387	0.024919326918982562	0.04058184591858082	0.062205749218262565	0.0958264755814664	0.14807189947847144	0.21975662000618354	0.320137445083987	0.44303082702173313	0.5987303362257773	0.7809043160792605	0.9822954291733856	1.2237129797109285	1.4735727390709497	1.734170395617457	2.013244640771055	2.296021609092407	2.563210112877516	2.826992111348291	3.077999714890316	3.2987560701517933	3.50688613941123	3.6699540677191043	3.7896260805009048	3.87989847133074	3.9300703702538033	3.9445480178397205	3.9331066032513613	3.876269802626341	3.786071466259861	3.651292342953625	3.4900757762296277	3.3147888614681666	3.1283567499717666	2.949515220969262	2.7542706283336083	2.5588408995395664	2.3805547790122246	2.1972699822084154	2.022279285300374	1.8141862432726148	1.5839879439333657	1.3917055298319148	1.2110496664772108	1.0591269349042753	0.9352708449429132	0.816635594648084	0.707886615211157	0.6092830972538754	0.5165298819016445	0.4351440266744177	0.3614598356361186	0.30229031941541407	0.2511186852370576	0.20257598450780626	0.1612535939556747	0.13100234567512678	0.10300975852690862	0.07879394900979926	0.06350170232697637	0.05013487169138543	0.03891562049309165	0.030584493365645764	0.02432689121214197	0.018772806460511382	0.014329538659206914	0.011330332893326396	0.008183018200735732	0.005850302605050885	0.004517322264659544	0.0035546142410435755	0.002702987912460219	0.002073524973942086	0.0016291981938116387	0.0012589258770362665	0.0009627080236159684	0.0008886535602608939	0.0009256807919384311	0.0009627080236159684	0.0006294629385181332	0.0003332450850978352	0.0003702723167753725	0.0004813540118079842	0.0003332450850978352	0.00018513615838768624	0.00014810892671014898	0.00014810892671014898	0.00018513615838768624	0.00011108169503261173	7.405446335507449e-05
Sor-CPnd_045-Ex1-7B-lcwgs-1-2-L2-clmp.r1	4.9292711210025146e-05	2.4646355605012573e-05	7.393906681503773e-05	0.00022181720044511317	0.00044363440089022633	0.0007640370237553899	0.001158378713435591	0.0017991839591659181	0.002563220982921308	0.004214526808457151	0.006654516013353395	0.009809249530795004	0.015354679541922834	0.02334009875794691	0.03738852145280408	0.06028498580986076	0.09757492184024479	0.1493569149663762	0.22610566632038537	0.3320849954219394	0.4561301031819677	0.613398498297553	0.8153014434138159	1.0412345852449663	1.2936625593515052	1.5745817205374384	1.8603315674219543	2.152267649563328	2.441813035211016	2.730545091123738	3.0172807922324547	3.2929256333189154	3.5401778727484015	3.7348347893167904	3.9043277768124622	4.037196279879085	4.117149057461746	4.159417557324343	4.14411217049363	4.078478925517482	3.9880760931582953	3.853630223332951	3.6893622632255423	3.4939166632777927	3.2877745449974674	3.1056133307208196	2.899274041595654	2.670802325137188	2.456995190263704	2.250138327670833	2.051340823360802	1.8293264520708483	1.5945945612887087	1.393480299551806	1.20542860628556	1.0410127680445211	0.8944655376171164	0.7654911587360855	0.65645568153951	0.5559478433822687	0.46512602297779737	0.3829797197462904	0.31734647477014194	0.2608570277234531	0.21003624246591718	0.1650073507755592	0.12623863340887442	0.09934945944380569	0.08002671664947583	0.06021104674304572	0.04231779257380659	0.03236066490938151	0.02526251449513789	0.01932274279432986	0.01510821598587271	0.01168237255677596	0.008453699972519314	0.00574260085596793	0.004165234097247126	0.0033026116510716853	0.002563220982921308	0.001749891247955893	0.0012323177802506288	0.0008626224461754402	0.00044363440089022633	0.00022181720044511317	0.00017252448923508803	0.00012323177802506287	7.393906681503773e-05	7.393906681503773e-05	2.4646355605012573e-05	0.0	0.0	0.0	0.0	0.0	0.0	0.0	0.0	0.0	0.0
Sor-CPnd_045-Ex1-7B-lcwgs-1-2-L2-clmp.r2	0.0	2.4644017171951168e-05	0.00012322008585975583	0.0002710841888914628	0.0003943042747512187	0.0008871846181902419	0.001503285047489021	0.0017743692363804838	0.0024890457343670676	0.0038937547131682837	0.005594191898032915	0.008181813701087786	0.013061329101134118	0.021933175283036538	0.037113889860958454	0.05860347283489987	0.09315438490997541	0.1446850248165253	0.2210814780495739	0.3207418834929444	0.44684531936181854	0.6059963822582791	0.7985647324399057	1.0242792857178062	1.272690978811074	1.5504044083217916	1.847414103278147	2.1373756093233243	2.435913233344341	2.7274026684541797	2.991487956468808	3.2528131145601784	3.5182784675364362	3.7316217241940173	3.8769474934570134	4.018404152024013	4.1158712399390796	4.139825224630216	4.123806613468449	4.072867429974025	3.983483579691358	3.851983104061827	3.7011863629866575	3.506720423482791	3.3085085933687877	3.129297300494359	2.9155597395620263	2.702339702990305	2.493038065148924	2.2818634820024744	2.075494482204555	1.834278842125497	1.5993720704424588	1.4060151117113298	1.2178580406034827	1.0450049041594172	0.895736092148909	0.7743150195427057	0.6709826555407145	0.5645205013578853	0.4682609702842441	0.391618076879476	0.3249560104293481	0.26691934998940303	0.21442759341314707	0.16955083814302402	0.13194406793862654	0.1015333507484388	0.08051200410076445	0.06121573865512669	0.04524641552770234	0.03506843643568651	0.027009842820458478	0.020848838527470687	0.0169057957799585	0.013849937650636555	0.01035048721221949	0.007467137203101203	0.00571741198389267	0.004682363262670721	0.004164838902059747	0.0031544341980097495	0.002070097442443898	0.0016757931676926793	0.0011582688070817047	0.0007393205151585349	0.0007639645323304861	0.0007639645323304861	0.0008625406010182909	0.0008132525666743884	0.0006900324808146326	0.0006407444464707303	0.00046823632626707214	0.00036966025757926744	0.0003450162404073163	0.00044359230909512095	0.00044359230909512095	0.00024644017171951166	0.00012322008585975583	7.39320515158535e-05	2.4644017171951168e-05
Sor-CPnd_045-Ex1-7B-lcwgs-1-2-L3-clmp.r1	0.0	3.066075772543782e-05	0.0001226430309017513	0.00021462530407806476	0.0002759468195289404	0.000521232881332443	0.001165108793566637	0.002054270767604334	0.002544842891211339	0.0033420225920727225	0.00533497184422618	0.00873831595174978	0.014257252342328587	0.02250499617047136	0.03657828396644732	0.05923658392554587	0.09652006531967826	0.15149480392138828	0.22428344276157766	0.32619980144093297	0.4551589484341244	0.6121726887460915	0.8022080651283551	1.0281165280493811	1.2862801080975674	1.5689416335683788	1.8460535618908858	2.124943814161468	2.4329617862712163	2.7364113054798747	3.012848697132422	3.2642669104810116	3.5017958005799787	3.7208669145282323	3.892107246424802	4.017724370825921	4.104616958219812	4.147480697519974	4.123963896344563	4.06705753000615	4.000860954076931	3.8566020889787453	3.6837980584381778	3.5002934234514322	3.3196402389331525	3.1213571187227465	2.8924132407869023	2.6925051004170477	2.481927016358741	2.273955096707096	2.095141557652343	1.8605867610527431	1.5979160496189175	1.3927955804357386	1.2044772064860993	1.03961431219642	0.901579580916499	0.7729577022582874	0.658501093669228	0.5584243804533989	0.46929355774555126	0.39071003569525414	0.3243601559774067	0.26463299992825384	0.21189649664050078	0.16894077506716237	0.13453940489922114	0.10452252308601753	0.07861418280802257	0.0605549965077397	0.0466963340158418	0.035167889111077176	0.026306930128425648	0.018580419181615317	0.013582715672368954	0.011191176569784805	0.008983602013553282	0.00674536669959632	0.004660435174266548	0.0033420225920727225	0.003219379561170971	0.002606164406662215	0.0014410556130955777	0.0007051974276850698	0.0004292506081561295	0.0003679290927052538	0.0003066075772543782	0.0002452860618035026	0.0001839645463526269	0.0002452860618035026	0.0001533037886271891	3.066075772543782e-05	0.0	0.0	0.0	0.0	0.0	0.0	0.0	0.0	0.0
Sor-CPnd_045-Ex1-7B-lcwgs-1-2-L3-clmp.r2	6.131935333836357e-05	6.131935333836357e-05	6.131935333836357e-05	0.0002452774133534543	0.0004292354733685449	0.0006131935333836357	0.0010117693300829987	0.0014716644801207254	0.0019928789834968157	0.003556522493625087	0.005794678890475357	0.008492730437363354	0.013122341614409802	0.02149243334509643	0.03479873301952133	0.05595390992125675	0.09148847518083844	0.14468301420186883	0.21694787211113029	0.31392442941575227	0.4415300037128868	0.6046088239162648	0.7965383998653427	1.0181465428301886	1.2634852755369812	1.5361417801560149	1.8286044359033398	2.106718362969488	2.404454483103912	2.7208316866531987	2.9964928395858124	3.239194840099055	3.4776351455552823	3.6901680242260504	3.864284328030333	3.9970407280078906	4.088805140278751	4.132065944058967	4.125106197455063	4.079086022774621	3.9890385523972336	3.860267910386671	3.698722074016752	3.5086320786678247	3.3368152506137303	3.142003665057749	2.9294094670336426	2.7313479557507283	2.5048649241954823	2.2903698262178867	2.098194972855455	1.8704855542334424	1.6188615878094674	1.4047650656285708	1.2212975604401872	1.0529759355263792	0.9160498195218133	0.7924913225450106	0.6737157351286005	0.5685837038299761	0.4745198158089265	0.3946820177623771	0.32765996456354574	0.2714914369056047	0.219094049477973	0.17420828283429088	0.1354851112011143	0.10761546510882805	0.08324102215682855	0.06303629523183775	0.04933141976071349	0.03725150715305587	0.027195133205564243	0.020143407571652432	0.01563643510128271	0.012938383554394714	0.010761546510882805	0.008186133670671536	0.006346553070520629	0.004874888590399903	0.0038631192603169047	0.0031579466969257237	0.0021768370435119064	0.0013796854501131803	0.0010730886834213623	0.0010730886834213623	0.0008891306234062717	0.0010424290067521805	0.0009504499767446353	0.0008278112700679082	0.0008278112700679082	0.0005212145033760903	0.00030659676669181785	0.0004292354733685449	0.0004598951500377267	0.0002452774133534543	0.000275937090022636	0.0003372564433609996	0.0002452774133534543	0.00012263870667672715	6.131935333836357e-05
Sor-CPnd_046-Ex1-5A-lcwgs-1-2-L2-clmp.r1	0.0	0.0	0.0001981759882045652	0.000495439970511413	0.0005945279646136955	0.000495439970511413	0.000990879941022826	0.0015854079056365216	0.001189055929227391	0.0017835838938410865	0.0032699038053753257	0.006044367640239238	0.010998767345353367	0.01724131097379717	0.029924574218889343	0.0545974847503577	0.08808922675692922	0.13515602395551346	0.20620211572685004	0.3100463335460422	0.4449050935192488	0.5947261406019001	0.7742735859152362	0.9892945331171894	1.2232412871926786	1.4868153515047504	1.7619827111267892	2.015449800040428	2.2875454318452957	2.5644963753611756	2.797452249495642	3.012473196697595	3.2385919992390044	3.4519284505412187	3.6342503596894185	3.7558313284529197	3.8532348266554632	3.9164529668927193	3.9134803270696508	3.882564872909739	3.8108251651796863	3.7013329316966637	3.592336138184153	3.459756402075299	3.322519530243637	3.161204275845122	2.9621364956936356	2.79041700191438	2.6218683239463973	2.456490461789688	2.311128374441639	2.102052706885823	1.8378841146091376	1.6279166551064008	1.4237953872556985	1.2380053983139188	1.091949695007154	0.9626398627036754	0.8485895814919481	0.728990372610493	0.6199935790979821	0.5297244164708027	0.45243578107102234	0.3739580897420145	0.30013753413581395	0.2483145132203202	0.19986048410430396	0.15923440652236812	0.12831895236245597	0.10186245793714649	0.0819457711225877	0.06549716410160879	0.05241754888010749	0.04151786952885641	0.03150998212452587	0.023582942596343255	0.017043134985592606	0.013475967197910433	0.011395119321762499	0.008620655486898585	0.005747103657932391	0.0037653437758867385	0.002477199852557065	0.0016844958997388041	0.0016844958997388041	0.0017835838938410865	0.0013872319174319564	0.0006936159587159782	0.0001981759882045652	0.0	0.0	0.0	0.0	0.0	0.0	0.0	0.0	0.0	0.0	0.0	0.0
Sor-CPnd_046-Ex1-5A-lcwgs-1-2-L2-clmp.r2	0.0	0.0	0.00029722039486720193	0.0003962938598229359	0.0004953673247786698	0.0005944407897344039	0.0006935142546901378	0.0012879550444245417	0.0016842489042474776	0.0019814692991146792	0.002873130483716285	0.005052746712742432	0.010799007680175002	0.019418399131323857	0.03041555374141033	0.04805063050353098	0.08233004937821493	0.13285751650563926	0.1971561952619106	0.28959173806561045	0.4241335034754971	0.586217692143078	0.7687110145915399	0.9824124785010581	1.231285022469862	1.498288010525565	1.738144869183397	1.9842433561334403	2.272249918759759	2.538658466025727	2.7783171777536477	3.025208252423337	3.2496096505480745	3.450926931338126	3.6361943108053483	3.7558750564718753	3.851778170549026	3.917959245139456	3.9088444863635283	3.8739706266991103	3.810959902987263	3.714858641980201	3.599041761446948	3.460338910508921	3.313611108909478	3.1564805934896842	2.9947926986819264	2.832510363084434	2.651304995680397	2.4696042609515807	2.3059348968447084	2.104221322194834	1.8466303133099258	1.618860417376693	1.4302245401009757	1.2479293645824252	1.092284951136967	0.9686412668722111	0.8549049291030284	0.7391871220347312	0.6249554169407698	0.529250449793531	0.450982412478501	0.37251622823355973	0.3006879661406526	0.24619756041499896	0.20102006039518422	0.16436287836156266	0.12998438602192297	0.09877624456086677	0.07707915573556103	0.0624162829221124	0.05280615682140621	0.04309695725574428	0.03289239036530368	0.024372072379110557	0.019319325666368126	0.015059166673271564	0.011096228075042205	0.00822309759132592	0.005647187502476837	0.0039629385982293585	0.0026749835538048172	0.002179616229026147	0.0024768366238933494	0.0022786896939818815	0.0016842489042474776	0.0009907346495573396	0.0003962938598229359	0.00019814692991146796	0.00019814692991146796	9.907346495573398e-05	0.00019814692991146796	0.00029722039486720193	9.907346495573398e-05	0.0	0.0	9.907346495573398e-05	9.907346495573398e-05	0.0	0.0
Sor-CPnd_046-Ex1-5A-lcwgs-1-2-L3-clmp.r1	0.0	0.00010608706353129886	0.00021217412706259773	0.00021217412706259773	0.00021217412706259773	0.00042434825412519545	0.0005304353176564943	0.0005304353176564943	0.0010608706353129886	0.002333915397688575	0.004455656668314553	0.007532181510722219	0.011987838179036772	0.018459149054446	0.030553074297014073	0.05314961882918073	0.08624878265094599	0.13706448608243813	0.2155689130955993	0.3170942328950523	0.4365482664312948	0.5913292921234599	0.7841955736233611	1.0070844941026202	1.2343229841866623	1.4795962750710254	1.7553165531888708	2.026475087574871	2.3021953656927168	2.592025223260225	2.8434515638294036	3.052655253113125	3.257509372792063	3.4720174152523495	3.6601097788933425	3.8106473220442556	3.9191743880367738	3.943256151458379	3.9487726787620065	3.917052646766148	3.8343047372117347	3.7306576761416563	3.618947998243198	3.4876122135914502	3.333361623216942	3.1581057942632356	2.9850777936436876	2.8254167630290827	2.61281828771236	2.410616344621704	2.2775831669534554	2.0689099129873907	1.7982818139190468	1.5829250749505104	1.390801402895328	1.2244568872782515	1.0671297720613353	0.9326113755036484	0.8222808294310975	0.6961433108923831	0.578598844499704	0.4875761439898496	0.414588244280316	0.34785948131912897	0.28484376558153746	0.23307327857826363	0.18554627411624172	0.15096189140503827	0.12072707829861812	0.09516009598757509	0.07320007383659621	0.05081570343149215	0.040843519459550066	0.036175688664172916	0.029173942471107186	0.02259654453216666	0.01771653960972691	0.013260882941412358	0.009547835717816899	0.007532181510722219	0.006365223811877933	0.004880004922439748	0.0033947860330015636	0.0022278283341572763	0.0016973930165007818	0.0008486965082503909	0.00042434825412519545	0.0003182611905938966	0.00010608706353129886	0.0	0.0	0.0	0.0	0.0	0.0	0.00010608706353129886	0.00021217412706259773	0.00010608706353129886	0.0	0.0	0.0
Sor-CPnd_046-Ex1-5A-lcwgs-1-2-L3-clmp.r2	0.0	0.00010611295511846449	0.0003183388653553935	0.0003183388653553935	0.00021222591023692898	0.00021222591023692898	0.00010611295511846449	0.00042445182047385797	0.0008489036409477159	0.0011672425063031094	0.003607840474027793	0.007109567992937121	0.009444053005543341	0.015916943267769674	0.028438271971748485	0.050191427771033706	0.08595149364595625	0.13486956595556837	0.20681414952588734	0.3023158091325054	0.42275401319196254	0.5850007215680948	0.7713350707561185	0.9857893530505353	1.2187072895355648	1.4658443620064687	1.7524554537814412	2.042249934209968	2.3283304612093483	2.5837443441794923	2.811462745863717	3.067513306564572	3.2853632034227793	3.4337091146783925	3.6003064542143823	3.7819718333771934	3.8986960840075047	3.9501608672399593	3.931591100094228	3.877685718894049	3.835664988667136	3.748227913649522	3.609007716534096	3.483157751763597	3.348075959897792	3.1792502483043146	3.0251742374723047	2.8424477287583088	2.622793911663087	2.42563604105298	2.2782451463934326	2.080026146232141	1.811348143872189	1.5841603069635568	1.3979320707306513	1.2368526048608224	1.0899922749768673	0.9513026426370342	0.8229059669436923	0.6969498892180749	0.5826662365554885	0.49321301539062307	0.4239212556982657	0.36163295104372706	0.29435733749862053	0.23504019558739886	0.18612212327778674	0.1515292999091673	0.12309102793741883	0.09709335393339502	0.07565853699946519	0.05581541439231232	0.04626524843165052	0.03851900270800261	0.028650497881985416	0.021753155799285225	0.017614750549665107	0.012839667569334204	0.009550165960661806	0.007427906858292516	0.005942325486634012	0.004881195935449367	0.004032292294501651	0.0026528238779616126	0.0018039202370138964	0.0011672425063031094	0.0005305647755923225	0.0007427906858292515	0.000636677730710787	0.0003183388653553935	0.00042445182047385797	0.00021222591023692898	0.00010611295511846449	0.0003183388653553935	0.00042445182047385797	0.0003183388653553935	0.00021222591023692898	0.00010611295511846449	0.00010611295511846449	0.00010611295511846449	0.0
Sor-CPnd_049-Ex1-3B-lcwgs-1-2-L2-clmp.r1	0.00016124078005064573	8.062039002532287e-05	0.0	0.0	0.00024186117007596856	0.0009674446803038742	0.00169302819053178	0.0021767505306837173	0.0032248156010129146	0.0055628069117472775	0.008303900172608255	0.010722511873367941	0.01805896736567232	0.02982954430936946	0.04692106699473791	0.07183276751256266	0.11133675862497087	0.174543144404824	0.2633868142127298	0.3737561281573968	0.5066185309191289	0.680677952983801	0.8835188542875133	1.103209417106518	1.3687729818499317	1.6477195313375486	1.924489330294482	2.2257677278191137	2.494314246993464	2.7730189353110055	3.0622042743318385	3.2961646461853253	3.529560675308635	3.758280721810476	3.9161354454800583	4.032712529456675	4.127038385786302	4.155255522295166	4.111559270901441	4.032712529456675	3.93040525451454	3.773921077475389	3.610181065333958	3.4561961203855915	3.2315070933850167	2.994886248660694	2.816392705144629	2.636044892657982	2.4223202387008507	2.222301051048025	2.0539656766751504	1.809121552168245	1.5439610893749582	1.3516814591645632	1.1811693342610052	1.0178324240697012	0.8741668890445758	0.7538006467367688	0.6399646560210129	0.5329007780673842	0.44695944230039	0.3783514903888402	0.31707999396959485	0.26217750836234993	0.21565954331773865	0.17091522685368446	0.1364096999228463	0.10851504497408457	0.08263589977595594	0.06328700616987845	0.04700168738476323	0.03684351824157255	0.028297756898888325	0.02249308881706508	0.019268273216052165	0.014269809034482146	0.010883752653418587	0.008465140952658901	0.005079084571595341	0.004192260281316789	0.004595362231443403	0.004192260281316789	0.003144195210987592	0.001854268970582426	0.001209305850379843	0.00056434273017726	0.00016124078005064573	8.062039002532287e-05	0.0	0.0	0.0	8.062039002532287e-05	8.062039002532287e-05	0.0	0.0	0.0	0.0	0.0	0.0	0.0	0.0
Sor-CPnd_049-Ex1-3B-lcwgs-1-2-L2-clmp.r2	0.00016121842436397316	8.060921218198658e-05	0.00016121842436397316	0.00024182763654595976	0.00016121842436397316	0.0006448736974558926	0.0015315750314577451	0.002257057941095624	0.0027407132141875437	0.004111069821281316	0.00894762255220051	0.01249442788820792	0.01789524510440102	0.02781017820278537	0.043770802214818716	0.06795356586941469	0.10374405607821674	0.1629112178197949	0.2517425696443441	0.36483729433567125	0.5089665657170633	0.6792132218454189	0.8746905613867364	1.104829862166308	1.363504824058303	1.6350772598994159	1.9141463524734534	2.205306826874789	2.48574627605592	2.781098429490719	3.054766704848564	3.283938695081951	3.4974724981520335	3.7077013235226546	3.915753700164362	4.0475497620819105	4.117518558255875	4.138960608696283	4.099542703939291	4.017724353574575	3.9088213079167113	3.7859728685513643	3.622094340185385	3.441287877261189	3.243875916627504	3.0290523661625097	2.846553109782492	2.656234759820822	2.443507048872559	2.2421452368419565	2.047877035483369	1.807903410817595	1.5679297861518209	1.364149697755759	1.1880185691381182	1.0363926410238014	0.8829933102414811	0.7551470997208503	0.6409238460589753	0.5351645596762089	0.44955757633893917	0.37926634331624687	0.318486997331029	0.2664940554736477	0.22022436768118736	0.17629234704200464	0.13961515549920075	0.11156314965986942	0.08383358066926604	0.06416493289686132	0.0492522286431938	0.03933729554480945	0.0324049032971586	0.024585809715505908	0.020394130682042603	0.01531575031457745	0.010882243644568189	0.008222139642562631	0.0061263001258309805	0.0059650817014670066	0.0058844724892850205	0.004755943518737208	0.0035468053360074095	0.0027407132141875437	0.0016927934558217182	0.0010479197583658255	0.0008060921218198658	0.000564264485273906	0.0004030460609099329	0.00024182763654595976	0.0003224368487279463	0.0004030460609099329	0.0004836552730919195	0.0003224368487279463	0.00016121842436397316	0.00016121842436397316	0.0003224368487279463	0.00024182763654595976	8.060921218198658e-05	8.060921218198658e-05	0.0
Sor-CPnd_049-Ex1-3B-lcwgs-1-2-L3-clmp.r1	0.0	0.00010083511643430895	0.0002016702328686179	0.0004033404657372358	0.0010083511643430895	0.0015125267465146343	0.001815032095817561	0.002117537445120488	0.0029242183765949593	0.0044367451231095935	0.005848436753189919	0.009075160479087805	0.01905783700608439	0.030754710512464232	0.043560770299621465	0.07139126243549074	0.118481261810313	0.1781756507394239	0.26035627063338573	0.36794733986879335	0.5107298647397748	0.6780153229042933	0.8761563266977104	1.1188664519550922	1.3623832581439483	1.6280837899483522	1.9254465483131293	2.2211959448149576	2.522793778069975	2.7993845024492847	3.022129274652673	3.2754270871356574	3.531749953111671	3.7160765459535874	3.896672239487435	4.0535716806592195	4.1076193030680095	4.083822215589512	4.037236391796862	4.00234744151059	3.9447705900266	3.801383054457013	3.576924085274241	3.389572438939295	3.252840021054372	3.071336811472616	2.848289533919925	2.626754783113748	2.4349663916556925	2.2230109769107753	2.0311217503362853	1.8176538088448533	1.586539721977417	1.396566362615179	1.2012487420819224	1.0374925129926047	0.8902732429985136	0.7519274632506419	0.6401013191249932	0.5498538899162867	0.4675724349058906	0.39103858153225013	0.3269074474800296	0.2667088829687472	0.21740051103237007	0.17515059724639465	0.1363290774191857	0.1094061013312252	0.08258396035969903	0.061509421024928464	0.048300020772033984	0.035594796101311055	0.027023811204394798	0.022082890499113658	0.01825115607460992	0.013814410951500326	0.010789357458471057	0.008066809314744716	0.005344261171018374	0.003730899308069431	0.002520877910857724	0.001815032095817561	0.001714196979383252	0.001815032095817561	0.0013108565136460163	0.0005041755821715447	0.0004033404657372358	0.00030250534930292687	0.00010083511643430895	0.0	0.0	0.00010083511643430895	0.0002016702328686179	0.00010083511643430895	0.0	0.0	0.0	0.0	0.0	0.0	0.0
Sor-CPnd_049-Ex1-3B-lcwgs-1-2-L3-clmp.r2	0.0	0.0	0.0	0.00020166860604642816	0.00040333721209285633	0.0012100116362785689	0.002319188969533924	0.0026216918786035655	0.0032266976967428506	0.004436709333021419	0.006755898302555343	0.010083430302321407	0.016738494301853535	0.027326096119291016	0.042955413087889194	0.07149152084345878	0.11263191647693013	0.1681916174427211	0.25480828373966197	0.37298608688286883	0.5041715151160703	0.6638930511048415	0.8677800118177804	1.1028247721648923	1.3571288843894382	1.626860644976536	1.9013316178057245	2.196776125663742	2.507345778975241	2.7821192547134994	3.0170631807575883	3.2621913714070216	3.49743780036018	3.6985014005884693	3.895733297301876	4.037909664564608	4.100628601045047	4.094679377166678	4.04426222565507	4.028027902868333	3.9537130215402243	3.765455377795883	3.5683243153854995	3.3932759653372004	3.255435473104466	3.0732278875415187	2.8443340196788225	2.645589608420068	2.445030179706895	2.2466891056602325	2.0590364677340314	1.8244958789020354	1.5875352667974822	1.4025043207498846	1.2132383339753119	1.033450771684921	0.8951061079370712	0.7731974355820055	0.6572379871053093	0.5587228730516292	0.4804754539056151	0.40797559003192413	0.33366070870381537	0.2763868245866298	0.22808719343851022	0.17998923089643712	0.13925217247505864	0.1081952071439087	0.08349080290322125	0.06443311963183379	0.048702968360212394	0.0365020176944035	0.028334439149523157	0.021074369331851743	0.01804934024115532	0.014721808241389253	0.010990939029530335	0.007865075635810698	0.006150892484416058	0.004537543636044633	0.0038317035148821344	0.0038317035148821344	0.002319188969533924	0.0020166860604642813	0.0021175203634874957	0.0011091773332553548	0.0007058401211624986	0.0006050058181392844	0.0005041715151160703	0.0005041715151160703	0.0005041715151160703	0.0003025029090696422	0.00040333721209285633	0.0003025029090696422	0.00020166860604642816	0.0005041715151160703	0.00040333721209285633	0.00020166860604642816	0.00010083430302321408	0.0	0.0
Sor-CPnd_050-Ex1-3F-lcwgs-1-2-L2-clmp.r1	4.394676201356153e-05	8.789352402712307e-05	0.00015381366704746535	0.00028565395308815	0.0005053877631559576	0.001318402860406846	0.002263258243698419	0.003076273340949307	0.004284809296322249	0.00604267977686471	0.008723432259691964	0.012173253077756544	0.018743293998783994	0.029817878026201502	0.047176849021558304	0.07508304290016987	0.11982084662997552	0.17725926458170044	0.25834104049672146	0.37165776634868986	0.5156273587051174	0.6895466693737872	0.8873070984348141	1.1165334090975512	1.37243540430252	1.6471905604113064	1.9289991718232697	2.215554033532698	2.5006366787146717	2.7776331196861497	3.055112975039777	3.3161347680193263	3.5318694227439	3.712073120380509	3.8784335879828458	4.003967513674584	4.075446922089642	4.088301349978609	4.061889346008458	4.004846448914855	3.916403590362563	3.787046296375644	3.6035246182070115	3.4136746063084256	3.2394037215436473	3.053442998083262	2.8518152539650417	2.6453094192633158	2.4278608408202134	2.2174217709182744	2.033109051033397	1.8046078619438841	1.558242314095858	1.3695788647716383	1.195615607340955	1.0352978195154825	0.8953493558832959	0.7681015064730284	0.658696042440267	0.5602113487678756	0.4668464528700641	0.3882696423898161	0.32858993957539956	0.27242597772206795	0.21626201586873628	0.1726009078082629	0.13529010685874918	0.10624129716778499	0.0842019960179839	0.06376675168167778	0.04915445331216857	0.03816776280877819	0.028829075880896365	0.021885487482753645	0.016677796184146602	0.013601522843197293	0.011426158123525997	0.008921192688752992	0.007163322208210529	0.005207691298607041	0.003625607866118826	0.002922459673901842	0.002526938815779788	0.0018237906235628034	0.0010107755263119153	0.0005053877631559576	0.00035157409610849226	0.00026368057208136917	0.0001977604290610269	0.00010986690503390383	2.1973381006780766e-05	0.0	0.0	0.0	0.0	0.0	0.0	0.0	0.0	0.0	0.0
Sor-CPnd_050-Ex1-3F-lcwgs-1-2-L2-clmp.r2	8.788494981220084e-05	0.00013182742471830127	0.000307597324342703	0.0002856260868896528	0.00046139598651405444	0.0010765906351994604	0.0016917852838848663	0.0025047210696477243	0.0036911678921124355	0.0054268956509034025	0.008393012707065182	0.011820525749741014	0.01680799665158341	0.02792544280282682	0.04565623142743834	0.07395518526696701	0.11594222003974597	0.17407811434051682	0.2549762106426477	0.36333835376109136	0.5013836386786059	0.6666512868004495	0.8653591583258357	1.0979466780038252	1.3567458839633035	1.6406142718567125	1.9263721861710836	2.2099769192150553	2.5095107994124892	2.788765227440757	3.0417420554751775	3.2945870560848793	3.5263176975022	3.711095804482352	3.8674211589608043	3.9906358585975097	4.062042380319923	4.081289184328795	4.064437245202305	4.020538712771112	3.9255790244990285	3.7889838412534154	3.611807782432018	3.427073617926772	3.2433721015818193	3.0557597049702236	2.8659941270882285	2.6437990027255323	2.426327694415241	2.2309594509827186	2.0449948971801013	1.8113307868669124	1.5661098056534193	1.3808043889743935	1.2052542017245225	1.039195589054369	0.9012162178492137	0.7739148680462407	0.6577309643945112	0.5601566988655151	0.4705140500570703	0.39504284940584283	0.33580839323241946	0.276991390570604	0.22067910897843632	0.17658283541016453	0.13850668090402854	0.10921902137911262	0.08628104947812817	0.06551823008499573	0.05016033510531363	0.03917471637878853	0.030671847484458097	0.02282811571371917	0.01735727758790967	0.014281304344482637	0.011666727087569663	0.009843114378966495	0.008063444145269428	0.005888291637417457	0.0046359311025935945	0.0036472254172063355	0.0030540020059739792	0.002372893644929423	0.0014720729093543642	0.0009887056853872596	0.0008129357857628579	0.0006811083610445566	0.0005932234112323557	0.000615194648685406	0.0006371658861384561	0.0005492809363262552	0.00048336722396710464	0.00046139598651405444	0.0003735110367018536	0.00035153979924880337	0.0003735110367018536	0.00024168361198355232	0.00010985618726525108	6.591371235915063e-05	4.394247490610042e-05
Sor-CPnd_050-Ex1-3F-lcwgs-1-2-L3-clmp.r1	0.00010311914798835166	0.00020623829597670332	0.0002835776569679671	0.0004898159529446704	0.0010311914798835167	0.0013147691368514836	0.0016499063678136266	0.002784216995685495	0.004150545706531155	0.005155957399417583	0.007733936099126375	0.012142279675628408	0.018999703016853792	0.030574827378546266	0.04869801763749907	0.07708156312129287	0.12217041057919964	0.18875960039267772	0.26999170922050175	0.3747865433636641	0.5125537250761019	0.6837315107367656	0.8832670620942262	1.1127587259423029	1.3671021044555722	1.6403678466247038	1.9198980770341285	2.197907300010724	2.495766958975078	2.778081406380188	3.042040645443371	3.293084211221013	3.5172652389476893	3.7216216104736057	3.868231259126045	3.9613736295465234	4.0380427160758625	4.0667098392166245	4.058228289294583	4.008009264224255	3.8827452792054054	3.747014700665737	3.589139285095571	3.4101760037617863	3.231393180936982	3.041086793324479	2.83675620158556	2.6318068949587112	2.4298738234105213	2.2342825794636156	2.057562139598578	1.8259823130037371	1.5872872651977	1.3912835446588405	1.2085048548494872	1.0507841180013033	0.9133778533068247	0.7914394608105989	0.6801223405571734	0.5756884234319702	0.48380926257434886	0.403479446291423	0.3373027330698983	0.27971068891840384	0.22191240647093274	0.17831878665885711	0.1450886412196108	0.11386931916613732	0.08935274173190672	0.06880625149522765	0.05094085910624572	0.03910793687458237	0.0309357443965055	0.023794743398312147	0.018071630684958626	0.014153103061401264	0.011239987130730331	0.008971365874986596	0.007708156312129287	0.00605824994431566	0.004150545706531155	0.003299812735627253	0.0026037584867058794	0.0018303648767932419	0.0013921084978427475	0.0008765127579009892	0.0006960542489213737	0.0007991733969097255	0.0006444946749271979	0.0003351372309621429	0.00015467872198252747	2.5779786997087915e-05	0.0	0.0	2.5779786997087915e-05	5.155957399417583e-05	2.5779786997087915e-05	0.0	0.0	0.0	0.0
Sor-CPnd_050-Ex1-3F-lcwgs-1-2-L3-clmp.r2	5.156034493870764e-05	0.00010312068987741527	0.00018046120728547674	0.0005156034493870764	0.0007734051740806146	0.0008765258639580299	0.0014694698307531678	0.002578017246935382	0.003402982765954704	0.004614650872014334	0.007527810361051316	0.011265935369107619	0.017040694002242875	0.027094961265290863	0.04516686216630789	0.07259696567370036	0.11827943128939532	0.1809252503899251	0.2601992807331881	0.36450585854419365	0.4997744234908932	0.6750538161100298	0.8737416053313397	1.0959151316722309	1.3444359942768018	1.6150246845151393	1.8974206937444411	2.188195259026283	2.4795112079299813	2.750641281790175	3.020172984957269	3.279237938101806	3.5106407661867256	3.7084520295440777	3.857616107451759	3.9673365214813288	4.044573918199513	4.071772000154681	4.056510138052824	4.008945719846866	3.9019064437541084	3.7682620296729787	3.5992729991363643	3.4145322832209746	3.253071063045412	3.061472821253174	2.846698204410987	2.6418747341419713	2.445197798373271	2.245092099666147	2.066976888075381	1.8452674048389386	1.6021088181079932	1.4123667487335492	1.2268268474716095	1.0586627824540145	0.9105814717900463	0.7869655447994947	0.6831487902654069	0.5772438417613014	0.48698745794609366	0.40766186725789194	0.338957707627064	0.2799726730171825	0.2226891297902783	0.18123461245955735	0.14882893566557961	0.1167841812861728	0.08976656053829	0.0685494785960118	0.05223062942291084	0.04039753025947744	0.03181273282718262	0.0246200647082329	0.019386689696954073	0.015004060377163923	0.012374482785289834	0.01038940950514959	0.008662137949702884	0.006805965531909408	0.004975573286585287	0.003892806042872427	0.0031967413861998736	0.0023975560396499052	0.0018561724177934748	0.0015468103481612293	0.0011858879335902757	0.0010312068987741528	0.0010827672437128605	0.0009023060364273836	0.0004898232769177226	0.0003351422421015997	0.0004124827595096611	0.0003867025870403073	0.0003351422421015997	0.0003609224145709535	0.0003351422421015997	0.0002578017246935382	0.0001546810348161229	5.156034493870764e-05	2.578017246935382e-05
Sor-CPnd_052-Ex1-6D-lcwgs-1-2-L2-clmp.r1	0.0	4.1769175184097635e-05	0.0001253075255522929	0.0002088458759204882	0.0005847684525773669	0.0016707670073639056	0.0026314580365981513	0.003299764839543714	0.0053046852483804	0.00743491318276938	0.010400524620840311	0.0158722865699571	0.026439887891533807	0.04176917518409764	0.06353091545501251	0.1022927100258551	0.15868109652438694	0.23298845917689662	0.3334015563194674	0.4580407750688147	0.6085351132571185	0.7913170238627297	1.0167034931561207	1.2762571477501035	1.5338476511104335	1.8098165915517666	2.1037462773222617	2.3835579818805317	2.6633696864388017	2.9088471289957436	3.131100910150327	3.3466298541002715	3.535134141706104	3.7208816637497857	3.8661548550400777	3.9613468052846357	4.025713104243331	4.016398578177277	3.9615974203357407	3.8877077494350716	3.7887148042487606	3.6690043481711365	3.5051021047487376	3.3202317353839215	3.1432139709537155	2.9341174799821226	2.7269423710689984	2.5370179315069064	2.339282656185388	2.1535351341417064	1.9678711504483921	1.7433618338338674	1.5155945215549829	1.3242081608614473	1.1461043978764551	0.9892193758849844	0.8524253271570646	0.7369335577730346	0.6327194656887111	0.533893597203136	0.4447999465354558	0.3707849681092347	0.31226635367631395	0.2638141104627607	0.21536186724920742	0.1718383867073777	0.13737881718049713	0.11114777516488383	0.08875949726620748	0.0674154487471336	0.051793777228281074	0.04085025333004749	0.032830571694700744	0.025980426964508734	0.020341588314655552	0.016081132445877593	0.013031982657438464	0.010233447920103922	0.00793614328497855	0.006599529679087428	0.005179377722828107	0.0034668415402801037	0.002714996386966347	0.0020466895840207844	0.0014619211314434173	0.001044229379602441	0.0007936143284978551	0.00071007597812966	0.00037592257665687877	8.353835036819527e-05	0.0	0.0	0.0	0.0	0.0	0.0	0.0	0.0	0.0	0.0	0.0
Sor-CPnd_052-Ex1-6D-lcwgs-1-2-L2-clmp.r2	8.352624415472903e-05	0.00016705248830945805	0.00016705248830945805	0.0003758680986962806	0.0007099730753151967	0.0012111305402435707	0.002004629859713497	0.0034663391324212547	0.005262153381747929	0.007016204508997239	0.009187886857020194	0.013823593407607653	0.022927954020473117	0.0381297304566338	0.060723579500488	0.0978092319051877	0.15302007929146358	0.22710785785670823	0.32437416917489015	0.4503317453602215	0.6006372217166565	0.7876524823790948	1.0169737857059034	1.2661743351415373	1.5142472802810825	1.7908026746773904	2.086610868351363	2.366716128124247	2.6520835412788784	2.902328168766447	3.1371622042074674	3.364854745773259	3.55546163493435	3.7272333560385507	3.8626711609354434	3.9609815503055597	4.008090352008828	3.9967725459258614	3.9626520751886543	3.893701160638926	3.7918409058922338	3.657864810268048	3.497452658368891	3.3372910852021977	3.15787671275784	2.9592513041578945	2.7526491392411723	2.5487198141374017	2.3506373261244615	2.1567311503192585	1.9699664683892841	1.7501671568961146	1.5245627714341914	1.3272737827407215	1.1466900428781974	0.9936282004646566	0.8572298437599841	0.7410030750186786	0.632669536349995	0.5295146248189047	0.4475753793031155	0.3794179640728566	0.3154786241724115	0.2569267270199465	0.2063933493063354	0.16943298626786785	0.14103406325525997	0.11246808775434262	0.0864914258222219	0.06761449464325314	0.053916190601877585	0.04314130510591754	0.03478868069044464	0.026978976861977474	0.021299192259455903	0.017248169417951542	0.013907119651762384	0.010941937984269502	0.009020834368710736	0.007600888218080342	0.0058468370908310325	0.004176312207736451	0.0030904710337249742	0.0022969717142550484	0.0017122880051719449	0.0012111305402435707	0.0010023149298567485	0.0010023149298567485	0.0007099730753151967	0.0005011574649283742	0.0005846837090831032	0.0004176312207736451	0.00012528936623209356	0.00016705248830945805	0.00012528936623209356	0.00016705248830945805	0.00020881561038682255	8.352624415472903e-05	0.0	8.352624415472903e-05	8.352624415472903e-05
Sor-CPnd_052-Ex1-6D-lcwgs-1-2-L3-clmp.r1	9.603753915330424e-05	9.603753915330424e-05	9.603753915330424e-05	0.00019207507830660848	0.0005762252349198254	0.0011044317002629987	0.0018247132439127808	0.0029291449441757795	0.004273670492322038	0.006242440044964776	0.010324035458980207	0.014933837338338809	0.022904953088063063	0.039663503670314654	0.06391298230652398	0.10290422320276549	0.15860599591168195	0.22885745580232403	0.32407867587282513	0.4504640773985736	0.6095022422364453	0.793414129715023	1.0011913456731967	1.224478624204629	1.4728797192246506	1.7632012000850892	2.048864860296593	2.3246846727448824	2.617407092084154	2.8871765395657856	3.11459343228081	3.3317823270760076	3.540327843347408	3.715836446150071	3.8433262793760825	3.927071013517764	3.988342963497572	4.011391972894365	3.987430606875616	3.914442077119104	3.7933867590163644	3.6655607944033166	3.5092596994313134	3.3180969777466616	3.1432606377180714	2.972794005720956	2.768282066093995	2.5642983329323767	2.3819230460802516	2.1687197091599164	1.9776530250144178	1.768627321047251	1.5340556316653053	1.3472626180121285	1.173290615835918	1.014012357150163	0.8749019816866016	0.7516858189529123	0.6407144424612692	0.5477501045608708	0.4626128261014666	0.38751147048358264	0.3306092285352499	0.2747153807480268	0.2189655892695337	0.17959019821667893	0.14636120966963567	0.11851032331517744	0.0960855579228809	0.07337267991312445	0.05483743485653672	0.04096001044888426	0.03029984360286749	0.025401929106048975	0.022088634005259976	0.016614494273521636	0.013733368098922507	0.01152450469839651	0.008211209597607513	0.005570177270891646	0.004705839418511908	0.0037454640269788658	0.0024969760179859106	0.0016806569351828242	0.0009603753915330424	0.0005762252349198254	0.00043216892618986913	0.0002881126174599127	9.603753915330424e-05	4.801876957665212e-05	9.603753915330424e-05	4.801876957665212e-05	0.0	4.801876957665212e-05	9.603753915330424e-05	9.603753915330424e-05	4.801876957665212e-05	0.0	0.0	0.0	0.0
Sor-CPnd_052-Ex1-6D-lcwgs-1-2-L3-clmp.r2	9.604164365668955e-05	4.8020821828344775e-05	0.0001440624654850343	0.0003361457527984134	0.0005762498619401372	0.0010084372583952401	0.0019208328731337907	0.0026411452005589624	0.003745624102610892	0.005618436153916338	0.008691768750930404	0.01368593422107826	0.02377030680503066	0.03836863664084748	0.05911363167069242	0.09388070667441402	0.14411048630686266	0.21618973987120815	0.31189523777509925	0.4440485394467041	0.6123134991332242	0.7900385607199282	0.9891809088420739	1.2125257511657055	1.4671321484995894	1.752039684407159	2.0296000345749916	2.3072564263864814	2.5954773990002065	2.8696282708182266	3.109588317494466	3.3197274338153027	3.5267451967172967	3.7037499459765755	3.832829915051166	3.9275269756966624	3.990530293935451	4.019871016072569	3.9844796703850793	3.9107196880567416	3.8154463775493053	3.6826207843721037	3.5092656175717796	3.3180467050513105	3.1574650768573256	2.9831014727986056	2.780645687970304	2.583040006146665	2.3850021369265715	2.187348434281104	2.0059257694136177	1.7841175933884932	1.5440134842467694	1.3470800939287275	1.1723803441172091	1.0248123586387057	0.8861762460202744	0.75546356900352	0.6427587001723948	0.5495983058254059	0.46316082653438534	0.3915137603664949	0.33475314896539143	0.2748231633236171	0.22003140561747572	0.1823350604822251	0.14905663095518218	0.1200040337490336	0.0959936228348612	0.07337581575371081	0.057624986194013725	0.043746968685622084	0.03198186733767762	0.025931243787306175	0.02237770297200866	0.01781572489831591	0.013974059152048328	0.011332913951489365	0.008211560532646956	0.0067229150559682685	0.006050623550371441	0.0038416657462675813	0.0025931243787306177	0.001872812051305446	0.0010564580802235849	0.0007683331492535164	0.0009123956147385505	0.0007203123274251716	0.0002881249309700686	0.0001920832873133791	0.00024010410914172383	0.0002881249309700686	0.0002881249309700686	0.0002881249309700686	0.0001920832873133791	9.604164365668955e-05	9.604164365668955e-05	9.604164365668955e-05	4.8020821828344775e-05	4.8020821828344775e-05	9.604164365668955e-05
Sor-CPnd_053-Ex1-2C-lcwgs-1-2-L2-clmp.r1	0.0	0.0	6.262297586886247e-05	0.00018786892760658743	0.0005009838069508997	0.0008140986862952123	0.001189836541508387	0.002003935227803599	0.003005902841705399	0.0052603299729844484	0.009017708525116196	0.01315082493246112	0.019287876567609642	0.032062963644857584	0.0499105117674834	0.0775898671015206	0.12587218149641358	0.19112532235176827	0.27967421023033984	0.3987831103329163	0.5364910342685448	0.6996865093828005	0.9006436389459801	1.1441843920999863	1.389791703457665	1.6498649222410506	1.9446312696557864	2.234074664121669	2.505482641537319	2.7701273375591318	3.018803174734385	3.259275402070817	3.484718115198721	3.6621916288110774	3.8138644763654623	3.9307189493367605	3.9781871650453575	3.9728642120965043	3.9672281442683066	3.931032064216104	3.812424147920479	3.668453926397964	3.5215404250096123	3.3552138011019137	3.2061711185340216	3.0444785948406183	2.829619164634551	2.6445682709420626	2.47348230086833	2.2898717356208254	2.1282418349032914	1.9068069922309936	1.6379039338500982	1.41208548286698	1.2412500046967232	1.0786181363652874	0.9244403697761479	0.8001963856523248	0.6954907699995867	0.5934779423092097	0.49816577303680104	0.4228929560424284	0.35638735566969637	0.29614405288385065	0.2466719019474493	0.19870270243190066	0.1538646517097951	0.11967250688539621	0.09437282463437575	0.07571117782545474	0.06099477849627206	0.04897116712945045	0.036446571955677964	0.026051157961446792	0.021354434771282106	0.017346564315674905	0.013714431715280882	0.011021643752919795	0.008015740911214396	0.006262297586886248	0.005636067828197623	0.004195739383213786	0.002254427131279049	0.0021291811795413245	0.002003935227803599	0.0014403284449838372	0.0008140986862952123	0.0005009838069508997	0.0003131148793443124	0.00018786892760658743	6.262297586886247e-05	0.0	0.0	0.0	0.0	0.0	0.0	0.0	0.0	0.0	0.0
Sor-CPnd_053-Ex1-2C-lcwgs-1-2-L2-clmp.r2	0.0	6.26230150852581e-05	6.26230150852581e-05	6.26230150852581e-05	0.0004383611055968067	0.000563607135767323	0.0007514761810230972	0.001127214271534646	0.0018786904525577432	0.003694757890030228	0.007326892764975198	0.012274110956710587	0.02016461085745311	0.029871178195668115	0.04546430895189738	0.07351941971009301	0.11823225248096729	0.1826713350036979	0.26426912365978916	0.3778672730244474	0.5191447950567897	0.6838433247310185	0.8910002586330522	1.1108070415823081	1.3445787568955767	1.6138577217621866	1.9100645831154575	2.2107176785397815	2.482501564009802	2.7466454416394206	3.0026483273079556	3.2329131537764497	3.443201238432746	3.6260604424817005	3.791259956276611	3.927903375192644	4.0158260883723464	4.022276258926128	3.984827695905144	3.930032557705543	3.8272055669355485	3.6971375646034677	3.5398911737243846	3.3756310051557525	3.2141888722659573	3.0424139418870944	2.855421618842514	2.6818932440412637	2.4938363297402333	2.2869925109136258	2.1389517032520757	1.9247809916604932	1.6484256260892491	1.442646398519091	1.260663916681331	1.0885132482119564	0.9429147381387313	0.8140365730932702	0.6988102253363951	0.5957327425060603	0.5031759262100488	0.42577387956466983	0.36114692799668346	0.2980855518058286	0.24792451672253682	0.20634283470592546	0.1620057400255627	0.12687422856273292	0.09957059398556038	0.07871712996216944	0.060055471466762524	0.04702988432902884	0.03769905508132538	0.029432817090071308	0.02342100764188653	0.017534444223872268	0.01452853949977988	0.012649849047222135	0.00951869829295923	0.00726426974988994	0.0062623015085258105	0.004195742010712293	0.002943281709007131	0.0035068888447744536	0.0030685277391776468	0.0020039364827282593	0.0013150833167904202	0.0011898372866199038	0.0008767222111936134	0.0008140991961083555	0.0008767222111936134	0.000626230150852581	0.000626230150852581	0.0005009841206820648	0.000563607135767323	0.0005009841206820648	0.0003131150754262905	0.0003131150754262905	6.26230150852581e-05	6.26230150852581e-05	0.0001252460301705162
Sor-CPnd_053-Ex1-2C-lcwgs-1-2-L3-clmp.r1	0.0	0.0	0.00011150895026589308	0.00033452685079767924	0.0004460358010635723	0.0008920716021271446	0.0020071611047860756	0.0027877237566473275	0.0030107416571791136	0.004070076684705098	0.006356010165155906	0.010426086849861004	0.01778567756740995	0.028713554693467473	0.045941687509547954	0.07532429590461079	0.11914731335910676	0.17289462738726724	0.2512854194241901	0.36457851289433746	0.5016230127711201	0.668607665794295	0.8633022929585444	1.0882716001199837	1.3513212137972253	1.6306511342132877	1.9089217196018238	2.2004618700720013	2.4943437084977624	2.7657007389698136	3.0212792529792405	3.2784188922923896	3.5031094270781646	3.662678734908657	3.812379500640619	3.9408378113469276	4.026420930676001	4.049001493104844	4.031940623714162	3.963362619300638	3.8483968915765026	3.744749322304355	3.5937104491692025	3.4301268191291374	3.2465273325163446	3.038618894745587	2.832773372554748	2.6352352671587185	2.4513570081702607	2.261345756917179	2.0962010015733914	1.8758593158479866	1.6152071446014615	1.4188956376583568	1.24014679038213	1.0654680197906086	0.9381805530620915	0.8288460273263832	0.7071897625862941	0.5928930885637536	0.49275805122498156	0.40745370427157335	0.3442838839459449	0.2915401504701775	0.23567416638696506	0.19112634075574075	0.1560567758971174	0.12388644374540722	0.09840664860965066	0.0760491040813391	0.057371354911801994	0.04281943690210294	0.0330624037538373	0.026817902538947287	0.021186700550519688	0.017339641766346378	0.013548337457306011	0.011206649501722257	0.008474680220207875	0.00485063933656635	0.0036240408836415256	0.0035682864085085785	0.0028992327069132205	0.001951406629653129	0.0013938618783236637	0.0008920716021271446	0.0004460358010635723	0.00016726342539883962	0.0002787723756647327	0.0002787723756647327	0.00011150895026589308	0.0	0.0	0.0	0.0	0.0	0.0	0.0	0.0	0.0	0.0
Sor-CPnd_053-Ex1-2C-lcwgs-1-2-L3-clmp.r2	0.00011153836501487643	0.00011153836501487643	0.00016730754752231463	0.0003903842775520675	0.0003903842775520675	0.0007249993725966968	0.0016730754752231464	0.002676920760357034	0.003346150950446293	0.004182688688057866	0.0063576868058479565	0.009536530208771935	0.015726909467097577	0.02498459376333232	0.03981919631031089	0.0669787881914333	0.1086941367069971	0.16451908839694274	0.2440459426525496	0.35775930578521614	0.4877572702100546	0.6495436686641329	0.8504242640559254	1.0775163752262138	1.3299834644373865	1.602415920986222	1.887340674416724	2.180296190128297	2.4757055498701974	2.74624185421378	2.995251254109492	3.2215068275421683	3.4488220154424867	3.651877608952069	3.8064140136801803	3.9495735051767746	4.043377270154285	4.059438794716427	4.03696381416593	3.9881657794719216	3.880140872955014	3.7473544494048037	3.602354574885464	3.4301393393024946	3.2421971942524284	3.0488454384991397	2.8562744513009557	2.661974619445041	2.4762632416952717	2.2853653299723105	2.104282794370659	1.8802579882382795	1.6299658971448967	1.440127599889577	1.2584316032803433	1.0842644463096138	0.9481318718089571	0.8244358250074592	0.7047551593464967	0.5983475591223046	0.5056591777949423	0.41341694992763944	0.3469958535612806	0.29819781886727215	0.2469459401429364	0.2034459777871346	0.1601133229788551	0.12732104366448144	0.101555681346045	0.07829993224044325	0.05850187245030269	0.04349996235580181	0.0350230466146712	0.028498052261300928	0.021638442812886027	0.01779036921987279	0.014444218269426498	0.01215768178662153	0.010149991216353755	0.006692301900892586	0.00529807233820663	0.004349996235580181	0.0030115358554016636	0.002286536482804967	0.0016173062927157082	0.0010596144676413262	0.0010038452851338878	0.000780768555104135	0.0005576918250743822	0.0007249993725966968	0.0006692301900892585	0.0006134610075818203	0.0005576918250743822	0.0004461534600595057	0.0005019226425669439	0.0005019226425669439	0.00033461509504462925	0.00016730754752231463	0.00016730754752231463	0.00016730754752231463	0.00011153836501487643
Sor-CPnd_054-Ex1-8F-lcwgs-1-2-L2-clmp.r1	0.0	0.0	0.0	0.00032334154081944445	0.0008891892372534723	0.0010508600076631945	0.0015358723188923613	0.0025867323265555556	0.004041769260243056	0.006224324660774307	0.008245209290895833	0.011963637010319444	0.022553072472156252	0.03823513720189931	0.05642309887299306	0.08633219139879167	0.1378243317742882	0.2047560307239132	0.289875691344632	0.40708699989168057	0.5469322162960903	0.7156356652186354	0.9262926790625036	1.142446499100302	1.3830934408551738	1.6549428412991216	1.9111910123985314	2.1802920097455143	2.4424411639648786	2.686159850357535	2.937477062959448	3.1536308829972466	3.3441598859251043	3.53315301653407	3.706625753183702	3.8133284616541183	3.869347383601087	3.9297314163491186	3.932560654831289	3.879451806751695	3.797161384613146	3.6888419684386324	3.5467333612484864	3.3850625908387637	3.223795997355066	3.0523441453355558	2.859551751621962	2.6647384732782466	2.495226670503653	2.3129428768666913	2.136721737120094	1.9272772540542986	1.6935013200418403	1.4943229308970625	1.2934469986629826	1.1240160312735938	0.9895867856779098	0.8591184739572639	0.7482931608413994	0.6494314847358542	0.5535607178828889	0.47118946035913545	0.39593171673340977	0.3245540715975174	0.26683760656124655	0.22334816932103127	0.18802310598650696	0.15075799340706597	0.11155283158270834	0.08520049600592362	0.07073096205425349	0.05537223886532987	0.0432469310846007	0.033627520245222225	0.02538231095432639	0.020047175530805556	0.016813760122611113	0.013499509329211807	0.01010442315060764	0.008568550831715278	0.006385995431184029	0.0043651108010625	0.00363759233421875	0.0025867323265555556	0.0012933661632777778	0.0008083538520486112	0.0004850123112291667	0.00032334154081944445	0.00024250615561458334	8.083538520486111e-05	0.0	0.0	0.0	0.0	0.0	0.0	8.083538520486111e-05	0.00016167077040972223	0.00016167077040972223	8.083538520486111e-05	0.0
Sor-CPnd_054-Ex1-8F-lcwgs-1-2-L2-clmp.r2	0.0	0.0	0.0	0.00032321926386812654	0.0008080481596703164	0.0011312674235384429	0.0020201203991757908	0.0028281685588461072	0.0040402407983515815	0.005817946749626278	0.008242091228637227	0.013656013898428345	0.021413276231263382	0.033776413074219226	0.05341198335420791	0.08573390974102058	0.13348955597753626	0.19837582319906266	0.28750353521069855	0.4063674194982021	0.5459173366732658	0.7061532867358894	0.9135792493232597	1.1500141408427942	1.372146579936164	1.6379136196517312	1.9195992081128037	2.1726798917215464	2.432063350975718	2.689588299462648	2.929740212516666	3.1488020686032887	3.36325805017979	3.555169488101491	3.716294291139752	3.813825704011959	3.8681265403418044	3.9254979596783963	3.9375378772574847	3.8900246454688703	3.8013817623530364	3.671528423094016	3.5253525110096566	3.383378449355581	3.238091390246859	3.0613712577269605	2.856531049250535	2.679972526362571	2.5153731162377277	2.320229485677346	2.1410044038624703	1.9217001333279464	1.6758110783402689	1.483657225970668	1.3019271948608138	1.1353076643367943	0.993495212314654	0.8618641671043594	0.7462324754555372	0.6419134580420993	0.5501191871035513	0.4670518362894428	0.3923881863359056	0.3309765262009616	0.2724738394408307	0.22261726798917217	0.1836693466930629	0.14956971435497554	0.11142984121853662	0.08524908084521839	0.07175467657872409	0.055674518201284794	0.04355379580623005	0.03547331420952689	0.026342370005252316	0.019635570279988687	0.017049816169043674	0.014302452426164599	0.010585430891681144	0.008807724940406448	0.006464385277362531	0.004848288958021898	0.00444426487818674	0.0029897781907801705	0.0022625348470768857	0.0015352915033736013	0.0006464385277362531	0.0005656337117692214	0.00048482889580218983	0.0006464385277362531	0.0009696577916043797	0.0006464385277362531	0.00032321926386812654	0.00024241444790109492	0.00024241444790109492	0.00016160963193406327	8.080481596703163e-05	0.00024241444790109492	0.00032321926386812654	0.00016160963193406327	0.0
Sor-CPnd_054-Ex1-8F-lcwgs-1-2-L3-clmp.r1	0.0	0.0	9.089438254536992e-05	0.0003635775301814797	0.00045447191272684963	0.0005453662952722196	0.0010907325905444392	0.002454148328724988	0.003908458449450907	0.005544557335267566	0.009089438254536994	0.01363415738180549	0.020814813602889715	0.035903281105421125	0.0577179329163099	0.08362283194174033	0.13016075580496975	0.19878601462672402	0.28559014995755233	0.4047526854745323	0.5466388166278547	0.7082490287935226	0.9103981355744253	1.1227274132004095	1.3430553964903862	1.595378202436333	1.8657889905088085	2.142380596594369	2.4002479598755837	2.6423905949764492	2.8832607087216795	3.1048612133672915	3.344822383287068	3.5399726226119776	3.6793137110540295	3.7575737744255933	3.811837720805179	3.8691011818087615	3.8591936941113167	3.819745532086626	3.7647544306466774	3.690584614489655	3.5491529552490597	3.368364028366319	3.2260234253002693	3.0544148310546113	2.8611733737631546	2.732466928078911	2.561221911363434	2.36125426976362	2.1985533250074076	1.9671362270468962	1.72363017620785	1.5317521346545742	1.3476910100002	1.1753552606941786	1.0313785587423125	0.9054898389169752	0.780873640447273	0.6725275364531922	0.5783609561361889	0.49164771518790595	0.42038651927233595	0.3555788245174872	0.2861355162528246	0.23505287326232666	0.18842405501655188	0.15442955594458352	0.12743392432860864	0.09998382079990692	0.08225941620355978	0.06644379364066542	0.05190069243340623	0.039993528319962765	0.0296315687097906	0.019724081012345275	0.015270256267622148	0.013997734911986968	0.011816269730898091	0.008544071959264774	0.0047265078923592364	0.0030904090065425774	0.0032721977716333173	0.002726831476361098	0.0015452045032712887	0.0009089438254536993	0.0007271550603629594	0.0003635775301814797	0.0	0.0	9.089438254536992e-05	0.00018178876509073984	9.089438254536992e-05	0.0	0.0	0.0	0.0	0.0	0.0	0.0	0.0
Sor-CPnd_054-Ex1-8F-lcwgs-1-2-L3-clmp.r2	0.0	0.0	0.0	0.0003636152078424528	0.0003636152078424528	0.000454519009803066	0.000909038019606132	0.0016362684352910378	0.0038179596823457547	0.005454228117636792	0.008181342176455188	0.013271955086249527	0.020907874450941034	0.03381621432934811	0.055269511592052824	0.08308607499200046	0.1267198999330948	0.19607950082904269	0.281074555662216	0.3954315385286674	0.5316054338656659	0.6893235302673298	0.8995840242022282	1.1209347819763213	1.3377403496523839	1.5740902347499783	1.852164964947494	2.140875439974401	2.389588242138639	2.626029031038194	2.859469994473049	3.0988197050353437	3.3381694155976382	3.532339936585508	3.6542419350146895	3.7443276027576577	3.840049306222183	3.882046862727987	3.86622960118684	3.8304135032143583	3.7578722692497895	3.6774224045146466	3.5733375512697445	3.4052564214445704	3.2274485848096113	3.0592765511824767	2.89519518864357	2.7413859557262126	2.5676687901794804	2.373861884399453	2.1992356808331155	1.9808847485237222	1.7427167873869158	1.5364560607382842	1.3532848997876485	1.1852946737644354	1.0290310381941414	0.8966751025394886	0.7780456409808884	0.668142944410507	0.5721485295400994	0.4913350495971144	0.42270267911685133	0.35643380748756437	0.28880137882886814	0.23607717369171247	0.18671640922709953	0.15453646333304244	0.1268108037350554	0.10453937225470518	0.08717674608022806	0.06999592750967217	0.052996916543037495	0.038997731041103066	0.02990735084504174	0.020271547837216745	0.017089914768595282	0.015180934927422406	0.012908339878407076	0.009635803007825	0.0051815167117549524	0.003181633068621462	0.002727114058818396	0.002636210256857783	0.0020907874450941033	0.0016362684352910378	0.001363557029409198	0.0006363266137242924	0.0001818076039212264	0.000454519009803066	0.0006363266137242924	0.0005454228117636792	0.0001818076039212264	0.0001818076039212264	0.0001818076039212264	0.0001818076039212264	0.0002727114058818396	9.09038019606132e-05	0.0	0.0	0.0
Sor-CPnd_055-Ex1-7G-lcwgs-1-2-L2-clmp.r1	0.00011924423006981748	0.00014905528758727188	0.00047697692027926994	0.0008347096104887225	0.0013116865307679925	0.001848285566082171	0.0028320504641581655	0.004113925937408704	0.005574667755763968	0.008645206680061768	0.01240139992726102	0.018095311913094804	0.02843974887165147	0.046236950209571734	0.0718744596745825	0.10731980706283574	0.16291742933288816	0.24269181924959607	0.345301479224674	0.48264102120758634	0.6475856024516614	0.8306254956088311	1.0437447458011126	1.2954096933634625	1.5615926259368125	1.841458833910674	2.1358132158380188	2.427335547301205	2.7031176403951753	2.9461373812774636	3.166262229986347	3.3803056229616693	3.5851672102216154	3.7566702241195307	3.879461970033925	3.951157563363403	3.9903889150563727	4.0057416096778615	3.9785241141644256	3.8925490242840874	3.7651365644544876	3.6272604234362613	3.4676222104302927	3.279782737012813	3.0928972174358913	2.9113478771545944	2.7059496908593337	2.4870470955086663	2.2853156692880523	2.117628470752371	1.96845393893503	1.738044275382625	1.4865880052228972	1.2965723246066432	1.1218199054393256	0.9742849817854439	0.8485717522343388	0.7323682500313017	0.6244522218181168	0.5240485800993304	0.4425153377890927	0.37645403433041386	0.3179349284236509	0.2601909100123418	0.20885626896728535	0.16789587593830305	0.1338218371958527	0.10714094071773103	0.08302379518611043	0.06510734961812036	0.05103653046988189	0.0388139968877256	0.03067557818546055	0.02393827918651586	0.018303989315716987	0.013742897515546467	0.010105948498417033	0.008019174472195228	0.006618054768874872	0.004948635547897426	0.003309027384437436	0.002295451428843987	0.001967529796151989	0.0015203639333901731	0.0013116865307679925	0.001132820185663266	0.0005365990353141788	0.00017886634510472625	0.00014905528758727188	0.00011924423006981748	8.943317255236313e-05	8.943317255236313e-05	5.962211503490874e-05	2.981105751745437e-05	0.0	0.0	0.0	0.0	0.0	0.0	0.0
Sor-CPnd_055-Ex1-7G-lcwgs-1-2-L2-clmp.r2	0.00023845753741920386	0.00029807192177400485	0.0003576863061288058	0.0005961438435480097	0.0010730589183864175	0.0016393955697570266	0.0028614904490304465	0.003934549367416864	0.0055143305528190896	0.008375821001849536	0.012191141600556798	0.018182387228214296	0.027303388034498843	0.04256467042932789	0.0673940615131025	0.10653090484202933	0.16232996859812304	0.23684794904162426	0.3427827100401056	0.47926984302042236	0.6350124221473399	0.8184756899992399	1.0359191569333763	1.2844813325007192	1.554057578553129	1.832248103144808	2.1164596805563214	2.411372039959522	2.6936461498795046	2.9397641356883	3.1744659668931514	3.3875873909615652	3.5867590490909556	3.756809080463025	3.8718052278834363	3.9493635419290323	3.996816591875454	4.001854007353434	3.972881416557001	3.8921635401406007	3.7775250790263186	3.6368947463333425	3.462492864903373	3.2910120883067875	3.1100824317899667	2.9211048333852476	2.7101593343457844	2.494891792440598	2.301592151170156	2.1222720830309143	1.9609853661590004	1.739696771433979	1.4893163571438153	1.3002791443547415	1.1288281749503337	0.9766922660768818	0.8508463007038969	0.7352540094399378	0.6214799568988001	0.5259180987780542	0.44940303645866714	0.3772100170050031	0.3177148614189118	0.26224367677676946	0.20933591066188362	0.16835102141795794	0.13398332883741518	0.10769338533694794	0.08489088332123658	0.06638061697907088	0.05213277911827345	0.03952433682723304	0.030850443903609498	0.02423324724022659	0.018838145456117106	0.01466513855128104	0.011505576180476589	0.00918061519063935	0.007451798044350122	0.0055143305528190896	0.003874934983062063	0.003010526409917449	0.0024739969507242402	0.001967274683708432	0.0017586243384666287	0.0015201668010474249	0.001043251726209017	0.0006855654200802111	0.00038749349830620634	0.0004769150748384077	0.0005365294591932087	0.0004173006904836068	0.00032787911395140533	0.0002086503452418034	0.0002086503452418034	0.00014903596088700242	5.9614384354800966e-05	5.9614384354800966e-05	8.942157653220145e-05	5.9614384354800966e-05	2.9807192177400483e-05
Sor-CPnd_055-Ex1-7G-lcwgs-1-2-L3-clmp.r1	0.0	0.00010777325369608373	0.00025147092529086205	0.0005029418505817241	0.001365127880150394	0.001975842984428202	0.0025865580887060096	0.003879837133059015	0.005460511520601576	0.0086218602956867	0.013759052055200022	0.0205487670380533	0.02974541802011911	0.04522884213445647	0.07206438230478132	0.111976410590231	0.1702098920040149	0.24705222188932263	0.3465269350508079	0.4778666068884353	0.6319464352559363	0.8198311408661089	1.0408022353609794	1.2818910038791187	1.5446781208080695	1.8173444526591616	2.1030513482074795	2.3814296625044635	2.6602031453983335	2.921840680954526	3.1438176591505598	3.3668723698835543	3.5759524820539568	3.7408455602089647	3.871933761121302	3.9581882884960673	4.007476589853076	4.022492996534731	3.9633254802555804	3.8552289067984087	3.742031065999622	3.613601272011789	3.453917234452092	3.2835277203585833	3.1075339970728786	2.9276245122362163	2.7316208881809385	2.521211572548284	2.32484870431402	2.137574713808125	1.970993188011878	1.7563088666492792	1.5068137843428455	1.3112771777202508	1.1486114134749619	0.9937053234957907	0.8481036577523816	0.734438799520912	0.6369399293438549	0.5432849718819581	0.4617006188340227	0.38453496918762675	0.3200147146415713	0.26645140755461766	0.21443285043730795	0.17053321176510317	0.13636909034344463	0.11039573620268844	0.08625452737476569	0.06667571961997715	0.05288074314687841	0.04134900500139746	0.029996888945409975	0.022344987932988027	0.018501075217827706	0.013830900890997413	0.010561778862216206	0.008190767280902364	0.0056401336100950486	0.004418703401539433	0.00384391271516032	0.002802104596098177	0.0017602964770360343	0.0011495813727582266	0.0006466395221765024	0.00046701743268302956	0.0005029418505817241	0.0004310930147843349	0.00028739534318955666	0.00014369767159477833	3.592441789869458e-05	0.0	0.0	0.0	0.0	0.0	0.0	0.0	0.0	0.0	0.0
Sor-CPnd_055-Ex1-7G-lcwgs-1-2-L3-clmp.r2	7.185487614374999e-05	0.00010778231421562497	0.00025149206650312497	0.00035927438071874996	0.0007904036375812499	0.0019041542178093748	0.0030179047980375	0.00409572794019375	0.005712462653428124	0.008083673566171875	0.01257460332515625	0.018933759863878123	0.027735982191487495	0.04329256287660937	0.06779507564162811	0.10400993321807812	0.1599130268579156	0.23561213887535623	0.335993400848175	0.4652243955927093	0.6200716536824905	0.8081517919887562	1.0277043660459844	1.2771485685790123	1.543658304196181	1.808120175843253	2.0933481066958683	2.3861207995435776	2.659097474013684	2.908829096051287	3.1328725998675	3.3591076774060964	3.5783369045206777	3.7414834008050626	3.8685228218272116	3.965670614373562	4.01449600271324	4.025022742068299	3.9671795667725807	3.8556967264355526	3.74374682940359	3.6125398255651024	3.456542889457021	3.2895521572989463	3.1047773432952934	2.928373622362387	2.7391438060378217	2.525519259262453	2.337187628889684	2.154784025798775	1.9709792526230623	1.7541571638592965	1.519263573745378	1.326656578242056	1.1555701181437874	1.00194439294845	0.8562227041289249	0.7339616323703343	0.6359875087483311	0.5441569770366187	0.4629250395561093	0.3870822177863812	0.32223319206664686	0.2675157038831812	0.21700172595412498	0.17493069597195934	0.1399373712899531	0.11259659091725624	0.08769887633344686	0.06808249514620311	0.05439414124081874	0.04167582816337499	0.031220943684459372	0.023568399375149998	0.0185385580450875	0.0149458142379	0.011460852744928123	0.008658512575321874	0.0062154467864343746	0.004886131577775	0.004311292568624999	0.0031975419883968747	0.0022634285985281247	0.0016885895893781248	0.0010418957040843747	0.000754476199509375	0.000898185951796875	0.0007904036375812499	0.000467056694934375	0.00028741950457499997	0.00017963719035937498	0.00010778231421562497	0.00021556462843124995	0.00021556462843124995	0.00025149206650312497	0.00028741950457499997	0.00014370975228749998	7.185487614374999e-05	3.5927438071874996e-05	0.0	3.5927438071874996e-05
Sor-CPnd_058-Ex1-2G-lcwgs-1-2-L2-clmp.r1	0.00015799148583882814	0.00023698722875824222	0.00047397445751648444	0.0007109616862747267	0.0009479489150329689	0.0014219233725494534	0.003238825459695977	0.005134723289761915	0.007267608348586094	0.010585429551201486	0.015009191154688673	0.023145752675388324	0.03768096937256051	0.05924680718956055	0.09353095961658627	0.14361426062749477	0.2117085910240297	0.29647102317656104	0.41204179506766386	0.5640296044446165	0.7409010728411847	0.94779092354713	1.1815393268456762	1.4395394232204828	1.7052811024013916	1.9842150706498425	2.279975132140129	2.545953798549796	2.804822848096716	3.029328749473691	3.234006719377893	3.454641829351816	3.630407357347513	3.767069992598099	3.8735562540534687	3.924271521007733	3.926878380524074	3.9238765422931356	3.8884864494652387	3.7887938219009376	3.6608997141144064	3.488846986035923	3.3053398752341234	3.128705394066314	2.9455142662361924	2.774488482815661	2.5794479935476278	2.384644491508353	2.2169365292904364	2.0568911541357036	1.9224403996868609	1.7256620040746005	1.4735075926758308	1.2749122949764238	1.1064143753293134	0.9505557745493096	0.8141301265274814	0.7078808523008695	0.6081092289936496	0.5153682268062575	0.43471357328553567	0.3671722130894366	0.31361309939007387	0.26036996866238876	0.2105236548802385	0.17165774936388678	0.13792656713729698	0.11201596345972915	0.09013414267105145	0.06667240702398548	0.052453173298490946	0.041630756518531216	0.03120331845316856	0.023856714361663048	0.01864299532898172	0.015483165612205156	0.01279731035294508	0.010190450836604416	0.008136561520699649	0.006240663690633712	0.004423761603487188	0.0028438467450989068	0.002053889315904766	0.0015009191154688674	0.0006319659433553126	0.0007899574291941406	0.0013429276296300391	0.001026944657952383	0.00047397445751648444	0.0003159829716776563	0.0003159829716776563	0.00015799148583882814	0.0	0.0	0.0	0.0	0.0	0.0	0.0	0.0	0.0
Sor-CPnd_058-Ex1-2G-lcwgs-1-2-L2-clmp.r2	0.00015797301662902962	0.00031594603325805923	0.00039493254157257397	0.0007898650831451479	0.001184797624717722	0.0011058111164032073	0.001263784133032237	0.0031594603325805918	0.006397907173475699	0.009399394489427261	0.01398061197166912	0.021089397719975454	0.031989535867378495	0.055448528836789385	0.08862286232888561	0.13159152285198164	0.19667640570314185	0.28269271325764844	0.3980130153968401	0.5480083946861036	0.7276237145933103	0.9325937036694762	1.1648930246224642	1.4157541750293632	1.672381340543222	1.9628147316156925	2.268018599742978	2.524408805731893	2.7857751617446223	3.02384049780457	3.235287380562526	3.458661226075974	3.6429367499737366	3.7838486808068312	3.875394043943354	3.946323928409788	3.9705727864623444	3.944902171260127	3.860070661330338	3.770263001376735	3.6520991849382205	3.486701436527627	3.3283334873570247	3.1427151928179144	2.962467980844192	2.781746849820582	2.5760659821695855	2.400873906727992	2.2443226472486235	2.072211045631296	1.930035330665169	1.7104528375508181	1.472466487999185	1.2961686014411877	1.1152894974009488	0.9611078331710161	0.8246981333118489	0.7044016811488429	0.6104867227628848	0.5197312247095074	0.4353736338296056	0.37352719781934046	0.3186315745407527	0.2623141941125036	0.21500127563210927	0.17945734689057763	0.1425706475076992	0.1110550306902078	0.08972867344528881	0.0704559654165472	0.05434271772038618	0.041546903373434786	0.03206852237569301	0.024090885035927014	0.01856182945391098	0.016350207221104564	0.01429655800492718	0.011611016722233676	0.008372569881338568	0.006160947648532155	0.005055136532128948	0.003554392874153166	0.002606554774378988	0.0022116222328064147	0.0015797301662902959	0.001184797624717722	0.0015007436579757812	0.0013427706413467516	0.0007108785748306333	0.0006318920665161185	0.0007898650831451479	0.0004739190498870888	7.898650831451481e-05	7.898650831451481e-05	0.00031594603325805923	0.00031594603325805923	0.00015797301662902962	0.0002369595249435444	0.0002369595249435444	0.0002369595249435444	0.00015797301662902962
Sor-CPnd_058-Ex1-2G-lcwgs-1-2-L3-clmp.r1	0.0	7.02997581688319e-05	0.0002811990326753276	0.00042179854901299146	0.0010544963725324784	0.002108992745064957	0.003936786457454587	0.006045779202519544	0.00808447218941567	0.011037062032506609	0.01546594679714302	0.025870311006130138	0.0378915696530004	0.052865418142961584	0.0837270119790788	0.1339913390697936	0.19775321972892415	0.2862606152634835	0.4039424104381081	0.5435577301614082	0.714245542995332	0.912139362240594	1.1389966818514146	1.3857488330240144	1.645225240425173	1.927478769473033	2.2124036893313086	2.488400539902143	2.7753641527473145	3.0347702603903044	3.249114223047073	3.47133175861875	3.667327484393454	3.810668691299702	3.9140093358078847	3.9798802092120806	4.01242899724425	3.9984393453686518	3.9220235082391315	3.8117231876722344	3.6845509251448174	3.511754119565829	3.330872841797424	3.178392666329228	3.0028541701816547	2.783097126145886	2.574728642933468	2.3922304707271804	2.2300489286316854	2.0627355041898654	1.9022411562904222	1.6859991001630954	1.44740172093808	1.2602637646926496	1.0868342612901412	0.9583966031156852	0.8421911028626062	0.7224706147010854	0.6105533996963051	0.5086890501096677	0.42882852482987455	0.36527754344525054	0.30664754513244474	0.25132163545357405	0.20632979022552161	0.16654012710196278	0.1306872504358585	0.10481693942972836	0.08393791125358528	0.06643327146954614	0.053568415724649904	0.041758056352286146	0.029807097463584724	0.023761318261065183	0.019191833980091107	0.013778752601091054	0.010615263483493616	0.008928069287441652	0.006819076542376694	0.004850683313649401	0.004147685731961082	0.002741690568584444	0.0015465946797143019	0.0013356954052078061	0.0014059951633766381	0.0009841966143636467	0.00035149879084415953	0.00021089927450649573	0.00035149879084415953	0.00035149879084415953	0.0001405995163376638	7.02997581688319e-05	7.02997581688319e-05	0.0	0.0	0.0	0.0	0.0	0.0	0.0	0.0
Sor-CPnd_058-Ex1-2G-lcwgs-1-2-L3-clmp.r2	0.0	0.00014061464065577044	0.0004218439219673113	0.000632765882950967	0.0013358390862298192	0.0021092196098365565	0.0030935220944269494	0.005202741704263506	0.007241653993772178	0.009772717525576046	0.013920849424921273	0.019334513090168436	0.02910723061574448	0.04858235834656869	0.07832235484526413	0.12071766900297892	0.18533009638430545	0.27574531032596583	0.38422950559189273	0.5128215944715948	0.6867619049627828	0.897332329344799	1.1137382613140296	1.3594623458599886	1.6345045829826754	1.9267721135856946	2.226492220143469	2.5043467500792715	2.764905679214414	3.0311595012961154	3.2716808441378107	3.4655181262817907	3.6454345590008486	3.7947673073772767	3.9070480979409092	3.9920496482173227	4.024180093607167	3.9907841164514206	3.9298276697271444	3.852138080764831	3.704773937357584	3.517967387246393	3.349862584342419	3.1769065763358215	2.9815225331446285	2.7904272364934366	2.5906841394419144	2.404369740573019	2.229374820276912	2.0471382459870338	1.900688097744049	1.697218712715149	1.4581738236003394	1.2676409855117705	1.1010829436550105	0.9642648982969457	0.83911786811331	0.7302821362457438	0.6246805411132601	0.5149308140814314	0.4387176788460037	0.3771284662387763	0.31033651192728534	0.2538797337039935	0.208250282811196	0.17063586643577744	0.1332323720213425	0.10574220977313936	0.08661861864395459	0.06728410555378615	0.05491001717607836	0.04120008971214074	0.029388459897056022	0.022709264465906927	0.019545435051152093	0.01574883975344629	0.011952244455740488	0.010405483408527013	0.007804112556395259	0.005765200266886587	0.004569975821312539	0.0036559806570500317	0.003023214774099064	0.0017576830081971304	0.0014764537268855897	0.0011952244455740487	0.000632765882950967	0.0005624585626230818	0.0007030732032788522	0.0008436878439346226	0.0004218439219673113	0.00014061464065577044	0.0004218439219673113	0.0004921512422951965	0.00021092196098365564	0.00014061464065577044	7.030732032788522e-05	0.0	7.030732032788522e-05	0.00014061464065577044	0.00014061464065577044
Sor-CPnd_063-Ex1-7D-lcwgs-1-2-L2-clmp.r1	0.0	3.237536778417803e-05	0.00016187683892089015	0.00042087978119431435	0.0009065102979569847	0.0015540176536405453	0.00229865111267664	0.0032375367784178025	0.004338299283079856	0.00673407649910903	0.0101658654842319	0.015151672122995319	0.022436129874435374	0.03509489867804898	0.057272025610210935	0.09210792134598648	0.13798381749616676	0.19998264680286768	0.29040704902407694	0.4132715697650325	0.5641731590070863	0.7321689424391862	0.9330580995400107	1.1692687828933737	1.4214405225643363	1.693976368571547	1.982376144793005	2.265013105548879	2.546678805271228	2.8233586983548133	3.0709007604326386	3.2883013551033935	3.501331275123285	3.70438958186565	3.859467593551863	3.9670833160664705	4.03193117773818	4.032967189507273	4.004962496373959	3.9550720546185407	3.85286301852389	3.719508878620861	3.5453293999419837	3.37056716464299	3.1937976565413786	2.980184979901372	2.794544621026895	2.6122065496664044	2.4067524657080104	2.2018163876341634	2.0131974949235425	1.7909405950851602	1.5621114955865898	1.3790935415026315	1.1981152355890763	1.0389903029298413	0.9035317641208404	0.7784980937383449	0.6646986759769591	0.5638817806970288	0.4804828332849861	0.4049187248767146	0.3400061124694377	0.2804354357465501	0.22387566822759108	0.18408634122083625	0.14821443371596701	0.11677795159753014	0.0897445194977415	0.06918616095478845	0.055523755749865324	0.04367437114085616	0.03295812440429323	0.02492903319381708	0.02000797729062202	0.01612293315652066	0.012658768803613609	0.010716246736562927	0.008644223198375534	0.006475073556835605	0.004856305167626704	0.0037555426629646517	0.002978533836144379	0.0020396481704032157	0.0013921408147196553	0.0011331378724462311	0.0009712610335253409	0.0005827566201152045	0.0003237536778417803	0.00025900294227342426	0.00012950147113671213	3.237536778417803e-05	0.0	0.0	0.0	0.0	0.0	0.0	0.0	0.0	0.0
Sor-CPnd_063-Ex1-7D-lcwgs-1-2-L2-clmp.r2	0.00012949392479251836	0.00019424088718877756	0.00022661436838690714	0.0003237348119812959	0.0006798431051607213	0.0012301922855289242	0.0018452884282933867	0.002589878495850367	0.004176179074558717	0.006409949277229658	0.009906285246627655	0.014470946095563927	0.021657858921548697	0.034930986212781824	0.05584425506677354	0.0865343152426004	0.13014139441648095	0.19547107947430645	0.2860197063854749	0.4086180796827917	0.5578598280061691	0.726687532454415	0.9244247556125904	1.154891568262075	1.409185263073383	1.6886978997380337	1.9832965786410128	2.2608344329525782	2.5402499491736346	2.8046117966375608	3.0520746869160633	3.283901185775869	3.5035228822239803	3.695788987059672	3.841178291120472	3.9631291947938263	4.022405038867602	4.0305955296107285	4.0144411624928615	3.9430252629697877	3.8445451331650773	3.7207165675822322	3.5619570157866045	3.383999989640486	3.190730306887652	2.9893672538352862	2.805453507148712	2.624550494213564	2.4175868289139215	2.2211769184848693	2.0391084602265885	1.8100660807498214	1.5637362623132538	1.3738010481238274	1.2039050187960432	1.044239009526868	0.904612185119335	0.7822727996716035	0.6725590718911423	0.5677984867339949	0.4785771725519497	0.40978352500592435	0.3450689360908633	0.27867092615349953	0.2226648036807353	0.18342814446860226	0.14852953173701858	0.11884304947833373	0.09083998824195164	0.06853465969644035	0.05814277223184075	0.04681205381249539	0.03522234754356499	0.02696710983804195	0.021042762778784235	0.01660759585464048	0.012949392479251837	0.010715622276580895	0.009096948216674415	0.007251659788381029	0.005794853134465197	0.004499913886540013	0.0032697216010110883	0.002784119383039145	0.0019747823530859047	0.0015539270975102205	0.0013596862103214427	0.0008417105111513693	0.0006474696239625918	0.0006474696239625918	0.00048560221797194384	0.0004208552555756847	0.0003561082931794255	0.0004208552555756847	0.0003561082931794255	9.712044359438878e-05	0.00016186740599064795	0.00012949392479251836	3.237348119812959e-05	3.237348119812959e-05	0.0
Sor-CPnd_063-Ex1-7D-lcwgs-1-2-L3-clmp.r1	0.0	0.0	0.00015337787938210186	0.0004601336381463056	0.0007285449270649839	0.0015721232636665443	0.002607423949495732	0.0029908686479509865	0.004332925092544378	0.0061734596451296	0.008550816775552179	0.014187453842844422	0.022738270618396603	0.03592876824525736	0.05625133726338586	0.08685022420011519	0.1348958449165586	0.20173025585730947	0.28673994550483944	0.40445746793060267	0.5529272551724773	0.7184219870257652	0.917698196812961	1.15148442946113	1.4115366239534834	1.6897640971526164	1.9766574205368381	2.258796029660214	2.5397459602183794	2.813295408096358	3.0644900300543956	3.290952468962069	3.4934879586861345	3.6801104934243067	3.8228286101893527	3.9273939794581008	4.0053866311238995	4.017618517004622	4.003047618463322	3.9458376694537987	3.8533124637165455	3.718224896450759	3.535781908925749	3.3773425595240383	3.20421727817149	3.0143354634964483	2.8088857940641225	2.6085742835910977	2.4228336716593724	2.2292324434093143	2.0507772807482385	1.8245065641897928	1.5826679928740637	1.3866894074935832	1.196079047891476	1.0412440786552442	0.9167395850668228	0.7926568806467025	0.6743641911732564	0.5718310788063213	0.48436734308867774	0.406528069302261	0.3390801468439817	0.2847460330728721	0.23535835591183535	0.18972843679566004	0.14854647618156566	0.11599202128271455	0.09417401794061055	0.07580701688460385	0.059702339549483154	0.044709651839882694	0.03381982240375346	0.026764439952176776	0.021357869703957685	0.017331700370177512	0.012653675049023405	0.010199628978909775	0.009087639353389536	0.006786971162658008	0.0047930587306906835	0.0038727914543980725	0.0029908686479509865	0.002377357130422579	0.0021472903113494263	0.0016488122033575952	0.0008819228064470858	0.0006135115175284075	0.0005368225778373566	0.0002300668190731528	3.8344469845525466e-05	0.0	0.0	0.0	0.0	0.0	0.0	0.0	0.0	0.0	0.0
Sor-CPnd_063-Ex1-7D-lcwgs-1-2-L3-clmp.r2	0.0	0.00011504955567861597	0.00023009911135723194	0.00026844896325010394	0.0004601982227144639	0.0007669970378574399	0.0016106937795006236	0.0022626412616794473	0.003643235929822839	0.00559907837635931	0.008015119045610246	0.013153999199255091	0.021897765430829906	0.03489836522251351	0.0513504516845556	0.08095653734585277	0.12835695428544255	0.19182595916814568	0.27477668881242784	0.39584717123822466	0.5510873717005705	0.7207471164746362	0.9196294483910704	1.1505722564899454	1.4020322353515071	1.6801837111305076	1.9644711632123675	2.2403983475815816	2.526028044479692	2.7922527163200095	3.0493501234098233	3.2844347155131284	3.475416977939631	3.659994815100024	3.81604036245212	3.916133475892516	4.001078397835228	4.043454984176851	4.01112605903116	3.936228798284381	3.8368643320299496	3.7162156979749743	3.56580757885113	3.385639974658418	3.2013305864612747	3.0238474719010635	2.8222039506483427	2.6268114552541597	2.4474491979511974	2.241357093878903	2.0494160851550793	1.8317806756630306	1.5984218268949044	1.4009584394985066	1.2083271334406107	1.0464907584526908	0.9126497753465677	0.7964880739630583	0.6811700693211923	0.5738288338730435	0.48838536385572473	0.4126827562191955	0.3407384340681676	0.28137286333800177	0.2334738983238047	0.19010021583296643	0.15040811912384394	0.12183747946365431	0.09928776655064558	0.07742835097170854	0.061973360658881135	0.04720866768012542	0.03501341477819212	0.02757354351097496	0.02254971291300873	0.01813947994532845	0.014112745496576892	0.011696704827325956	0.009549113121325125	0.007056372748288446	0.005215579857430591	0.004486932671466023	0.003604886077929967	0.0027611893362867834	0.0022242914097865755	0.0015339940757148798	0.0011888454086790316	0.0009203964454289278	0.0006519474821788238	0.0004218483708215919	0.00023009911135723194	0.0003451486670358479	0.0004601982227144639	0.0003451486670358479	0.00026844896325010394	0.0003451486670358479	0.00026844896325010394	0.00023009911135723194	0.00015339940757148795	0.0	0.0
Sor-CPnd_066-Ex1-8B-lcwgs-1-2-L2-clmp.r1	0.0	0.0001384995512614539	0.00032316561961005916	0.00023083258543575653	0.0003693321366972104	0.0010156633759173287	0.0014311620297016905	0.0017081611322245984	0.003000823610664835	0.004708984742889433	0.007755974870641419	0.012418793096443701	0.017866442112727556	0.029546570935776836	0.0458895179846284	0.07123493586547446	0.1134772990002179	0.16860012040227657	0.24482104011316336	0.35280452358001024	0.4923197382173815	0.6529330511635809	0.842123438186727	1.072494358451612	1.3259485372600726	1.5917753426478898	1.8669739510043988	2.1542681868377414	2.4500570618151194	2.7259481679279363	2.975570525818163	3.2100964326208916	3.436173866796671	3.6543568265505484	3.845486207291355	3.9679198106064804	4.027520784165993	4.055266860935371	4.044048397283192	3.9809849349421444	3.904302350060386	3.7903172193722092	3.6226404293116756	3.4565794673491927	3.278376711392789	3.091771649326523	2.9073364135633533	2.708912723122777	2.4903142647151153	2.2659449916715606	2.09157405663339	1.8818395695064616	1.6369723628762112	1.443211490661437	1.258360756244483	1.088652639432115	0.9381036272109144	0.8026972325942997	0.6881581037010773	0.5896387562370964	0.5053386960359582	0.41813014525832937	0.33973939924434643	0.2868325706624711	0.23337174387554985	0.1839274040752108	0.14293153690182045	0.11153830528255755	0.08822421415354614	0.06763394753267667	0.0514756665521737	0.04122669975882611	0.03379389050779476	0.027376744632680722	0.021652096513873963	0.015327283672934233	0.010433632861696194	0.007986807456077176	0.006878811045985545	0.005724648118806762	0.0043396526061922226	0.0031393231619262886	0.0024929919227061705	0.0017543276493117495	0.0010618298930044799	0.0007848307904815722	0.0006463312392201183	0.00041549865378436176	0.0002769991025229078	0.0001846660683486052	4.61665170871513e-05	0.0	0.0	0.0	0.0	0.0	0.0	0.0	0.0	0.0	0.0
Sor-CPnd_066-Ex1-8B-lcwgs-1-2-L2-clmp.r2	9.231935295211904e-05	0.00013847902942817854	0.0003231177353324166	0.0004615967647605952	0.00027695805885635707	0.0005539161177127141	0.0013847902942817855	0.0020771854414226784	0.0029080596179917495	0.004292849912273535	0.007247069206741345	0.010986003001302164	0.01703292061966596	0.026680293003162398	0.04011275885769572	0.06799320344923566	0.11064474451311465	0.16649795304914666	0.24796978202939174	0.3550602314538498	0.49478557214688196	0.6640992654610682	0.8478609375122612	1.062688071831842	1.3159200569795046	1.5871081562763543	1.8558497927199726	2.1305921871054787	2.425044763346263	2.6848775822300017	2.9271697240528383	3.1776321286119367	3.4149851850518353	3.628381369400658	3.7957101966263735	3.9301271745246593	3.9961355118854245	4.036663707831405	4.058820352539913	3.9944737635322864	3.8934763914026678	3.773876669653198	3.628196730694754	3.4785470595593693	3.310618156539465	3.123302189399615	2.9323857674946328	2.7248518620582693	2.519072024327996	2.312092035009345	2.126022379134349	1.9012247546959393	1.6467926179598993	1.448859925230556	1.2661599257383125	1.0930611389530893	0.9381492646994336	0.8096868850665598	0.696503358347262	0.5941211959233621	0.5105721815016943	0.4275309235212632	0.35007498639443535	0.28932885215194104	0.2362452242044726	0.1918857751109794	0.14868031792938768	0.11553767021957696	0.0916731174814542	0.06974727115532592	0.05432993921232205	0.04357473459340018	0.035035194445329175	0.02820356232687236	0.022202804384984627	0.016894441590237782	0.011586078795490938	0.008401061118642833	0.008216422412738593	0.0069701111478849866	0.005031404735890487	0.0042005305593214165	0.003138858000372047	0.0023079838238029755	0.0019387064119944996	0.001338630617805726	0.0010616725589493688	0.0009693532059972498	0.0008308741765690712	0.0009231935295211903	0.0008308741765690712	0.00036927741180847615	0.0003231177353324166	0.0003231177353324166	0.00018463870590423807	0.0004154370882845356	0.0004154370882845356	4.615967647605952e-05	0.0	0.0	0.0
Sor-CPnd_066-Ex1-8B-lcwgs-1-2-L3-clmp.r1	0.0	0.0	5.8196039177573576e-05	0.0002327841567102943	0.00040737227424301505	0.0008147445484860301	0.0013385089010841923	0.0018040772145047808	0.003200782154766547	0.005295839565159195	0.008089249445682727	0.012919520697421335	0.017807987988337513	0.02764311860934745	0.04428718581413349	0.0711155598749949	0.11324949223955817	0.170456198751113	0.2475077546222204	0.34940901922215173	0.48791559246477684	0.6494096011825435	0.8376155918828164	1.060971990246344	1.2943963033875916	1.559886634115682	1.8446398538115496	2.1260177032351177	2.419791309003509	2.698375748546554	2.944719582385223	3.19734858845507	3.4527710044054403	3.659192355368294	3.8355263540763413	3.958727369015265	4.01401360623396	4.021753679444577	4.021346307170334	4.0120931369411	3.913567242613468	3.777504903016301	3.6336442941693385	3.468309346865852	3.287086880866888	3.1038857495358863	2.90305121833408	2.6954659465876754	2.5119738350607856	2.321265414675877	2.140217536794446	1.8923024098979824	1.639033247397182	1.4512346289711522	1.2598860521552904	1.090419186070196	0.9483044583985615	0.8176543504449088	0.6987598424051259	0.6024453975662416	0.5142783982122177	0.42721712360256764	0.35284258553362857	0.2938899978467466	0.24000046556831345	0.18995187187560014	0.14793433158939204	0.11656666647267987	0.09194974190056625	0.06814756187693866	0.05080514220202173	0.0398642868366379	0.03206601758684304	0.02525708100306693	0.018680928576001114	0.014374421676860673	0.011057247443738979	0.008613013798280889	0.0068671326229536814	0.005645015800224636	0.004422898977495591	0.0029098019588786788	0.002153253449570222	0.0016876851361496336	0.0016876851361496336	0.0013967049402617657	0.0008147445484860301	0.00040737227424301505	0.00011639207835514715	5.8196039177573576e-05	0.00011639207835514715	5.8196039177573576e-05	0.0	0.0	0.0	0.0	0.0	0.0	0.0	0.0	0.0
Sor-CPnd_066-Ex1-8B-lcwgs-1-2-L3-clmp.r2	0.00011639255250613535	5.819627625306767e-05	0.00011639255250613535	0.0002327851050122707	0.00029098138126533836	0.0006983553150368121	0.0015131031825797595	0.0022696547738696392	0.003200795193918722	0.004772094652751549	0.008089282399176405	0.011406470145601264	0.01629495735085895	0.025897342932615114	0.04155214124469032	0.06913717618864439	0.11034013977581629	0.16748888305632875	0.23953587305762655	0.33765479482029864	0.476394717407612	0.6410901792037934	0.8276092445948754	1.034613399227037	1.2708320845382388	1.5458094898339836	1.8243950642574183	2.1050175083497105	2.410373369849557	2.6945457867932863	2.924712059374169	3.1567406127951494	3.3955199342614866	3.621263289847136	3.798936521247751	3.9099168200623513	3.9870850823739192	4.010363592875146	4.0259019986347155	4.0166487907104775	3.93511580767993	3.7938734452137344	3.6516417460512374	3.5080133362586663	3.3166639799385798	3.1109983396602385	2.9251776295841934	2.7308602631752006	2.5242052862005573	2.3394321090970673	2.161176914933921	1.9194295833786779	1.6686618290042095	1.4610175153332638	1.26251001703405	1.10770792220089	0.9675712889835032	0.8320321615901085	0.7128461878238259	0.6114682745909821	0.522893542133813	0.43653026817426055	0.35540465907748425	0.29167973658037516	0.24163093900273694	0.1994386387192629	0.15491848738566613	0.11650894505864148	0.09200831275609998	0.07175600862003244	0.05645038796547564	0.045393095477392786	0.03526694340935901	0.02723585728643567	0.020368696688573686	0.015305620654556797	0.0115228626981074	0.008322067504188678	0.007274534531633459	0.006401590387837444	0.0048884872052576845	0.003666365403943263	0.003200795193918722	0.0024442436026288423	0.002153262221363504	0.001978673392604301	0.0013385143538205565	0.0012803180775674888	0.0008729441437960151	0.00034917765751840604	0.0004655702100245414	0.000523766486277609	0.0004655702100245414	0.00034917765751840604	0.00029098138126533836	0.00011639255250613535	0.00011639255250613535	0.00011639255250613535	0.00011639255250613535	0.00011639255250613535	0.0
Sor-CPnd_069-Ex1-6B-lcwgs-1-2-L2-clmp.r1	0.0	0.00012055639185971094	0.0002009273197661849	0.00048222556743884377	0.0006429674232517917	0.0007233383511582657	0.0013663057744100573	0.002170015053474797	0.0027727970127733514	0.00425965917904312	0.0061483759848452585	0.009403398565057453	0.0143462106313056	0.024673874867287504	0.041551769727647035	0.06385470222169357	0.09982069245984065	0.15346828683741204	0.22753009690322776	0.3285965387456188	0.4612889407192073	0.6228746912751733	0.8109426625763222	1.0319627143191257	1.2733166108222669	1.5417555100298899	1.8252639582199768	2.107084616924028	2.4005188747105644	2.6765126411413958	2.9335388685862993	3.1912884343823618	3.4265743258285637	3.6211925277540904	3.7893686943983873	3.9014459533639654	3.9811739138471878	4.039241909259615	4.023248094606227	3.9622465603252133	3.8810719231396744	3.750428979827701	3.594429008761235	3.429065824593665	3.253897387221505	3.080497110263287	2.890058196588897	2.7035976438458778	2.5144044795540377	2.323161856600583	2.146627113454013	1.93243859058326	1.6992825287265791	1.4862191988465163	1.3034557087871945	1.148540745247466	0.9942687491309894	0.8677649086061994	0.7503027974708877	0.6381853530413565	0.5483306556419186	0.45851614370643395	0.3846552609603844	0.3245378068863419	0.264701651059972	0.21467074843819195	0.17436472809309525	0.14064912383632944	0.11227818628534413	0.08696134399480482	0.0638948876856468	0.049428120662481485	0.039863980241611086	0.031304476419571604	0.024432762083568083	0.019891804656852304	0.0172797494998919	0.013863985063866758	0.010287478772028668	0.007514681759255315	0.006027819592985547	0.00518392484996757	0.003375578972071906	0.001928902269755375	0.001647604022082716	0.0014868621662697682	0.0009644511348776875	0.0006027819592985547	0.00036166917557913284	0.00016074185581294793	0.00012055639185971094	4.018546395323698e-05	0.0	0.0	0.0	0.0	0.0	0.0	0.0	0.0	0.0
Sor-CPnd_069-Ex1-6B-lcwgs-1-2-L2-clmp.r2	0.0	4.0184252836104104e-05	8.036850567220821e-05	0.00016073701134441642	0.0004018425283610411	0.0007233165510498739	0.0012858960907553313	0.0018484756304607886	0.002491423675838454	0.004098793789282618	0.006308927695268345	0.009162009646631736	0.01410467274547254	0.024552578482859605	0.03841614571131552	0.058869930404892516	0.09539741623291115	0.1460697590592384	0.2183210456585536	0.3210721801604718	0.4538409515309597	0.6148592526452289	0.8050513213185096	1.0266272914567875	1.2739613676630084	1.537047670980982	1.8194224156602854	2.1109189857333845	2.3998035793721373	2.669238994638215	2.9145638582026305	3.1417254394851275	3.384076668339671	3.603000477790766	3.7568659819002086	3.8912421233841408	4.0147685166023255	4.05463129541574	3.986197512835855	3.92580058082319	3.8791466632804736	3.7662690970638577	3.6027191880209135	3.4404551750687253	3.2673815981036247	3.1020635819358926	2.9303964538200558	2.7365878023915253	2.5414530706194043	2.3408130962087363	2.158898983619693	1.931978507854213	1.6905917010677358	1.4915590967705121	1.312015855098799	1.1486266830671996	0.996288180565529	0.8760568960799057	0.7608486431987951	0.6442741257212571	0.5495598417865597	0.46561493761193823	0.38966669975170154	0.32444765739870457	0.2657786482579925	0.21715570232630657	0.17681071247885807	0.1430559400965306	0.11327940874497748	0.08820443497524852	0.06722825499480216	0.05248063420395196	0.04066646387013735	0.03086150617812795	0.025195526528237273	0.0215387595201518	0.018324019293263473	0.013823382975619811	0.010849748265748109	0.008559245854090174	0.0069116914878099055	0.005746348155562887	0.00401842528361041	0.002732529192855079	0.002290502411657934	0.002049396894641309	0.0017681071247885804	0.0012858960907553313	0.0008840535623942902	0.0006831322982137698	0.0004822110340332492	0.0004822110340332492	0.0005625795397054575	0.0004420267811971451	0.00028128976985272876	0.0002411055170166246	0.0002411055170166246	0.00016073701134441642	4.0184252836104104e-05	4.0184252836104104e-05	8.036850567220821e-05
Sor-CPnd_069-Ex1-6B-lcwgs-1-2-L3-clmp.r1	0.0	4.9522013525452335e-05	9.904402705090467e-05	0.00019808805410180934	0.0004952201352545233	0.0006437861758308803	0.0009409182569835943	0.001782792486916284	0.002773232757425331	0.004209371149663448	0.0069826039070887795	0.010251056799768633	0.014509949962957533	0.022185862059402647	0.036943422089987445	0.06289295717732446	0.10246104598416088	0.15455820421293673	0.2309706710827097	0.3325898428369379	0.45689009678582326	0.6077836719978764	0.7867067068653357	1.0031179059715625	1.2491432691660098	1.5195829850285048	1.7967576947304615	2.076358983095165	2.3623486112046526	2.633976855391759	2.9153114142298535	3.191842337755979	3.406074568267086	3.603172182098387	3.7832837452904564	3.9040679362790347	3.9799356610000283	4.00746990052018	3.9963769694904774	3.9498757987900786	3.875196602393696	3.7777868017891314	3.6346186606870488	3.45851838059054	3.2872712578195262	3.1143403865886463	2.922194974109891	2.730544781766391	2.541964954261468	2.3416484095510137	2.162279676561825	1.9417086283194607	1.6901367996101628	1.4900678649673351	1.3129771446003178	1.154704789372972	1.0097538557839731	0.874311148791861	0.758924857277557	0.6539381886035981	0.5518237967141153	0.4629317824359284	0.39290765531093885	0.33293649693161603	0.2718263322412079	0.21690641924148124	0.17481270774484675	0.14034538633113192	0.10716563726907884	0.08349411480391264	0.06754802644871698	0.05303807648575945	0.04050900706382001	0.031099824493984064	0.025949535087337022	0.022136340045877195	0.01866979909909553	0.013569031705973941	0.009854880691565015	0.008517786326377801	0.0069826039070887795	0.005397899474274304	0.004060805109087092	0.0031694088656289495	0.002079924568068998	0.001337094365187213	0.0008418742299326896	0.0005447421487799757	0.0003961761082036187	0.00029713208115271397	0.00014856604057635699	0.0	0.0	4.9522013525452335e-05	9.904402705090467e-05	4.9522013525452335e-05	0.0	0.0	0.0	0.0	0.0
Sor-CPnd_069-Ex1-6B-lcwgs-1-2-L3-clmp.r2	0.0	0.0	4.952088543343155e-05	0.0001980835417337262	0.0003961670834674524	0.0007923341669349048	0.0010399385941020625	0.001634189219303241	0.002723648698838735	0.004258796147275113	0.006140589793745511	0.008864238492584248	0.013469680837893383	0.021937752247010174	0.03748731027310768	0.06056404288508679	0.0968628519077921	0.14757223859162602	0.2169014781984302	0.3157451655235596	0.4493029935375244	0.6050956991111001	0.7840146581820883	1.0013618243494193	1.2519870255280163	1.511278381657464	1.788050610344913	2.080223834402159	2.362839527570753	2.6120286230717804	2.8833535543615523	3.1621066184663387	3.396142323024735	3.582687498452472	3.733676678139005	3.8814470002723653	3.959046227746552	3.9793993116596926	3.9943050981751558	3.9604328125386883	3.8775843712085574	3.7806719984153316	3.6454304602966303	3.4761185529997274	3.3097283779433972	3.1267982271523014	2.926733850001238	2.727857974100577	2.539331963255503	2.3632356946542203	2.183821526728898	1.9550845569118778	1.7049050437021813	1.507811919677124	1.3312699631069405	1.1661673310718794	1.0162676108648823	0.8873647460816598	0.7749523361477704	0.6632827394953822	0.5557728972194023	0.465892490157724	0.39874216950999086	0.334959269071731	0.2732067249362419	0.22220021293980738	0.17872087552925447	0.14504667343452102	0.11295713967365738	0.08616634065417089	0.07061678262807339	0.056503330279545405	0.04352885829598633	0.03426845271993463	0.028127862926189122	0.02332433703914626	0.020353083913140366	0.01495530740089633	0.010399385941020625	0.008864238492584248	0.007428132815014733	0.006239631564612376	0.004902567657909724	0.0037140664075073666	0.0030702948968727556	0.0025750860425384405	0.0014856265630029464	0.000990417708668631	0.0010399385941020625	0.0008913759378017679	0.0007428132815014732	0.0004952088543343156	0.0002971253126005893	0.0002971253126005893	0.0003961670834674524	0.00034664619803402086	0.0002476044271671578	0.0001980835417337262	0.00014856265630029466	4.952088543343155e-05	0.0
Sor-CPnd_072-Ex1-8C-lcwgs-1-2-L2-clmp.r1	0.00013861512401895147	0.00012128823351658252	0.00017326890502368934	0.0003811915910521165	0.000502479824568699	0.0011089209921516117	0.0017326890502368934	0.002079226860284272	0.0033960705384643106	0.0050594520266917286	0.00762383182104233	0.011712977979601398	0.01847046527552528	0.02909184915347744	0.0458989329407753	0.07389918799260349	0.11331786388549282	0.16727380090986968	0.24786116863638757	0.35563442756112235	0.48224201646193215	0.6390850292893757	0.8335100676164575	1.0600418340444289	1.3152842580348256	1.5982323799385103	1.881041886718176	2.156989944858904	2.445465344832844	2.728430793627031	2.9908465502854087	3.2539553825638805	3.505524505767775	3.716877916115672	3.8814833758881764	4.007034024468341	4.089024870325551	4.116921164034366	4.102262614669361	4.043715051661857	3.9534419521445145	3.8304903371397048	3.6746522839613984	3.506026985592344	3.3108568909736604	3.09676583192639	2.8804742577853184	2.6740416843400947	2.482770140084444	2.274656858260491	2.0852219643980914	1.8527297476373055	1.5839376952740558	1.3828418041035622	1.2057436562788493	1.038209952011444	0.8958695465344833	0.771635741632498	0.6575035138933939	0.5598318321315402	0.4696453670667099	0.38408518176601214	0.3168915003978254	0.2616187196952685	0.2115266792529199	0.16716983956685547	0.12691947292985242	0.09774098932386316	0.07727793164056544	0.05776785293489802	0.043698417846974445	0.033163668421534134	0.025227952571449164	0.01899027199059635	0.014017454416416468	0.010846633454482951	0.008888694827715262	0.00682679485793336	0.004990144464682252	0.003586666333990369	0.002581706684852971	0.0018886310647582135	0.0011262478826539806	0.0007104025105971262	0.0005717873865781748	0.000519806715071068	0.00027723024803790293	6.930756200947573e-05	3.465378100473787e-05	3.465378100473787e-05	3.465378100473787e-05	1.7326890502368933e-05	0.0	1.7326890502368933e-05	3.465378100473787e-05	3.465378100473787e-05	1.7326890502368933e-05	0.0	0.0	0.0	0.0
Sor-CPnd_072-Ex1-8C-lcwgs-1-2-L2-clmp.r2	3.465124132008062e-05	5.1976861980120926e-05	0.0001559305859403628	0.0003465124132008062	0.0006063967231014108	0.00110883972224258	0.0018538414106243134	0.002356284409765482	0.002910704270886772	0.004521986992270521	0.00783118053833822	0.011868050152127612	0.017290969418720232	0.027114596332963082	0.042932887995579885	0.07023806615580341	0.1087009440210929	0.16095501593177447	0.240271707313439	0.34704950744126745	0.4716207199869572	0.6273780497207196	0.8205413944595091	1.0428117819071663	1.2937733971678502	1.5721441443127175	1.8583807232372438	2.139073103550557	2.430593996776395	2.7072668330965786	2.966111605757581	3.2108186719599905	3.444558620284594	3.6736553022723073	3.840916844124336	3.96275060860574	4.05341558151973	4.0919997387296405	4.100056152336559	4.055269422930355	3.9700273692829566	3.8514508214856407	3.6922976701025103	3.514276917820596	3.3252024195575762	3.1232030082821662	2.912471484194096	2.708341021577501	2.5025126481362223	2.3017433559276754	2.1131366494224766	1.8705259833199321	1.6150770323082975	1.4087115646265576	1.2235873078740267	1.063827759767795	0.9151046320220091	0.7813335149058378	0.6701896583716792	0.5675007047196203	0.4727642109505199	0.3941925212572371	0.3280606271978632	0.2705568922271895	0.2184240996611282	0.17320422973842298	0.13340727908231037	0.10327802475450028	0.08149971958482961	0.06119409217126237	0.04657126833418835	0.03763124807360755	0.028916460881607275	0.020912024136668653	0.016459339627038296	0.013860496528032248	0.011140374084405918	0.008680135950680196	0.006618387092135398	0.005145709336031971	0.004036869613789392	0.003153262960127336	0.0025641918576859656	0.0022350050651452	0.002027097617224716	0.0016979108246839502	0.0014033752734632652	0.0011434909635626605	0.001004885998282338	0.0008836066536620558	0.0006930248264016124	0.0006237223437614512	0.0007450016883817334	0.0007623273090417737	0.0006930248264016124	0.0005890711024413705	0.00045046613716104804	0.0003811636545208868	0.0003118611718807256	0.0001559305859403628	6.930248264016124e-05
Sor-CPnd_072-Ex1-8C-lcwgs-1-2-L3-clmp.r1	8.892493312845029e-05	8.892493312845029e-05	0.00020008109953901316	0.00040016219907802633	0.000622474531899152	0.0009114805645666155	0.0014450301633373171	0.002534360594160833	0.003490303625291674	0.00484640885550054	0.0075808505492003875	0.011871478572648113	0.0187409296568209	0.02972315889818451	0.04773045785669569	0.07387438819646008	0.11113393517728075	0.169246378976723	0.2507905426555119	0.35103117352455754	0.4811283506914803	0.642215867053668	0.8253345355984293	1.0491808235160207	1.3102199647145865	1.5839753713505207	1.8671568208980707	2.1520945378749077	2.4277395993398216	2.695470341756303	2.972538202151272	3.240935881566217	3.477120503955381	3.6908960431961755	3.854451226452678	3.982036274258722	4.066248185931364	4.090235686642764	4.087856944681578	4.04368348415002	3.948711655568835	3.8184143973023734	3.666085986853338	3.493149223151784	3.3140099453645213	3.1219765522736327	2.898663813954812	2.685555211712481	2.490431677195379	2.2954859925445334	2.10834347077571	1.8622437183427238	1.6022716763416995	1.408837715554038	1.2214284189858289	1.050581391212794	0.9144595498264185	0.7888530817824825	0.6749402424449377	0.5713426953502931	0.48088380712537704	0.39880609384781746	0.3265101232143873	0.2684421418815093	0.21579858146946676	0.16986885350862216	0.13412103039098516	0.10633198878834443	0.08221110067725229	0.062091834556940416	0.04648550879289739	0.03459179898696716	0.02678863610494565	0.02145314011723863	0.01642888139548119	0.011871478572648113	0.009626124011154744	0.00751415684935405	0.005246571054578567	0.003823772124523362	0.0024454356610323826	0.0018451923624153435	0.0014894926299015424	0.0009781742644129532	0.0005335495987707018	0.0002667747993853509	0.0002667747993853509	0.0002667747993853509	0.00013338739969267544	8.892493312845029e-05	6.669369984633772e-05	4.446246656422514e-05	2.223123328211257e-05	0.0	0.0	0.0	0.0	0.0	0.0	0.0	0.0
Sor-CPnd_072-Ex1-8C-lcwgs-1-2-L3-clmp.r2	4.4460657764309164e-05	8.892131552861833e-05	0.00020007295993939125	0.0004446065776430916	0.0005779885509360191	0.0008447524975218742	0.0014227410484578932	0.002334184532626231	0.003067785385737332	0.004401605118666607	0.007313778202228858	0.011181855427723755	0.017161813897023336	0.027454456169460906	0.04450511842207347	0.07084805814742665	0.10895084185143959	0.16357075991489342	0.24039877653161965	0.3405908688034903	0.46832633856035055	0.6283847065118636	0.8163199068815984	1.0369559210369825	1.2871138119478682	1.5541667528091911	1.8368698452035508	2.131688466838685	2.4086116737236845	2.6747754014297214	2.9530991190342966	3.2118379168936935	3.4377869796519134	3.632391278686294	3.8012528568751405	3.9441938715873945	4.036783191381568	4.070239836349211	4.074241295547998	4.0510328321950295	3.9710036482192725	3.83684361341547	3.669315854959553	3.495474683101104	3.3160759290221167	3.129585700029722	2.9379380347366673	2.7295953924531147	2.5263434954835753	2.332606179275598	2.1444486756170416	1.8996705242956375	1.630483471861628	1.426586895354506	1.2423196992503267	1.0687452913384636	0.9243370749199875	0.7992470143001036	0.6878730666005092	0.5861026209780056	0.4911346559934412	0.40777092268536147	0.3374341621022244	0.2738554214992623	0.2209027781019701	0.17877630487028714	0.14149604333491392	0.11057365585983689	0.08529777192082713	0.06495702099365569	0.049017875185150855	0.03843623863724527	0.030233247279730233	0.023786451903905402	0.018406712314423992	0.01484985969327926	0.011737613649777618	0.008958822539508297	0.007269317544464548	0.005557582220538646	0.004201532158727215	0.003379009990087497	0.0024897968348013134	0.0017784263105723665	0.0015116623639865115	0.0012671287462828111	0.0012004377596363475	0.0011559771018720382	0.0008225221686397196	0.0006446795375824829	0.0006446795375824829	0.0006446795375824829	0.0006002188798181737	0.0006002188798181737	0.0006002188798181737	0.0005335278931717099	0.00046683690652524624	0.0004001459198787825	0.00028899427546800956	0.00017784263105723665	6.669098664646374e-05
Undetermined-L2-clmp.r1	7.093756265546786e-05	0.00012790257509091933	0.00026741311498000613	0.0004772163305913293	0.000817716631337575	0.001346093991965272	0.002098462080735386	0.0030651475936494432	0.004436177213699668	0.006425653402718925	0.00923736043160838	0.013642368110201855	0.02045946788139232	0.03174369943907756	0.050291937412682716	0.07933420548845341	0.12373015663291134	0.1862906380257017	0.2730343794146743	0.38935564503399966	0.5364917579462382	0.7145785743319906	0.922563638716223	1.162262092853671	1.426616079184738	1.7137377986935438	2.013160736453741	2.3119127768410666	2.6118501194116712	2.8951366963285494	3.1581013812431245	3.406886292269805	3.633957430329957	3.8248471870011547	3.9748586357863616	4.0772434648539315	4.125636855135181	4.122449608948839	4.0737314106155535	3.989401481017666	3.8690075394526726	3.7126757687971743	3.5306508428724883	3.3391445742931207	3.1417380201993077	2.938232985340235	2.731681719570887	2.5277486947504593	2.326642854245319	2.1273635484974007	1.9452165239800228	1.730395658103536	1.50199669784786	1.3153457829887927	1.1422669435642054	0.9875347074654327	0.8533601770242146	0.7353897205543052	0.6322849827069377	0.5404178295957517	0.458651110595149	0.3866226142109645	0.32376290528115476	0.268117546473406	0.21871512310396068	0.17728264238001265	0.14205762831304025	0.1134717252236864	0.08978373839222599	0.0695942631735466	0.053967363007480264	0.04182392709241955	0.03231506926192069	0.0250282768410266	0.01938616106218398	0.014967395795681564	0.011611619157455781	0.008907178321793838	0.006712628088006955	0.004918982564379004	0.003551822265928168	0.0025230126451128067	0.0017562420815005226	0.0012340986278940637	0.0008568397719536209	0.0005937259031951583	0.0004047740317583212	0.0002502161300938321	0.0001500436931318684	9.028417065241365e-05	4.922636923667315e-05	2.4935628084952338e-05	1.4617437153247923e-05	9.028417065241364e-06	6.2339070212380845e-06	4.2992462215435064e-06	2.5795477329261043e-06	2.1496231107717532e-06	3.009472355080455e-06	1.934660799694578e-06	8.598492443087014e-07
Undetermined-L2-clmp.r2	7.653501183443043e-05	0.00012834663501448026	0.0002607780038066408	0.0004613599308895723	0.0007586855527070365	0.0012092961841816607	0.0019110104499894724	0.002889411682738048	0.004164923551315789	0.006071419295550984	0.008825389805660685	0.012909693611364365	0.01953384188283198	0.030488667902593882	0.0482755336445085	0.07667539768478966	0.12046202389361584	0.18262629734020216	0.2692084643517963	0.3859462859701092	0.5332050233892609	0.7109896212869821	0.9197053282512165	1.1597092360085286	1.4239971010601382	1.7114168134947514	2.011001293091273	2.3093074660013686	2.6082957894523373	2.8903569761285985	3.15209919209276	3.3984447565329154	3.62315327116671	3.8141911102850963	3.9630886858930516	4.06545318929166	4.115125271916159	4.113097524074524	4.068361734727357	3.986826148805093	3.8663314470412553	3.710576248378541	3.5311190594918536	3.3417028596832052	3.145675410762387	2.942425722550654	2.7360673369481177	2.534948374866415	2.3358554407384426	2.135391970935064	1.950122420868726	1.7359544542552416	1.5093590076021475	1.3216173336563597	1.1485299646169824	0.9933786615953994	0.8587580904843906	0.7406157654045206	0.6366724049078437	0.5441865076715718	0.4621351703633783	0.38944862270548763	0.3265297484399719	0.2712383620533151	0.22145448671490106	0.17970549770317248	0.1441248866677177	0.1154786486848459	0.09168292456997529	0.07146521225836432	0.05594429883312076	0.043629256465391335	0.03397208587100196	0.026552059470851586	0.020895563132717603	0.01641654505249703	0.012876370783178026	0.010012112461070956	0.007783137734387318	0.005990369577962274	0.004546738666534746	0.0034468703503972562	0.002577467013716254	0.0019765811764206557	0.0015595083591206696	0.0012516484238765562	0.0010248382062211514	0.000874563000400177	0.0007608354125900262	0.0006735511013406477	0.0006357135674000304	0.0005952962015998256	0.0005503641300453425	0.0005060770164557563	0.00045555530920550025	0.00038525489103173973	0.0003033452294898353	0.00023218486736287887	0.0001586596593646339	9.459383485154325e-05	5.7616244864121796e-05
Undetermined-L3-clmp.r1	7.661265481145174e-05	0.00012466163196198652	0.00024400909133589545	0.0004483833121190457	0.0008059828425250994	0.0013398357637690594	0.0020614561164584272	0.0030199999970329204	0.0043833066897326555	0.006293087463573034	0.009054021546937173	0.013378872338200976	0.020117907451456855	0.03124467773160212	0.049386377251867626	0.07791042004223186	0.12167550981520259	0.18322514242574844	0.2688098919567378	0.38425564153170866	0.5299735752546634	0.7061434892981653	0.9123037149186253	1.1500631178670837	1.4123908263856562	1.6964971212894597	1.9955063489449532	2.2953399376231722	2.594119770161947	2.876454895626916	3.1407988897949477	3.3920908332389454	3.6195571267320132	3.813100399509088	3.9642441034444706	4.066788149094878	4.120294338645652	4.121703037229209	4.075917011905764	3.9929282356840505	3.873807292916708	3.7211501569130134	3.5431528317707865	3.354095384929622	3.1582670179396746	2.953943503219969	2.7459250885845448	2.542526904166738	2.342336044329694	2.1425413117743197	1.9589089708740097	1.7429416611661106	1.5133880049652173	1.3249824299615247	1.150578814031985	0.9949286917419133	0.8603862415478278	0.7413633895495073	0.6369476480288072	0.5444868020165611	0.4618520825435283	0.3891796652822782	0.32628864694095844	0.27083924161380996	0.22100403820210762	0.17885401404819679	0.14277609634773814	0.11421131156753195	0.09047865963689318	0.0700009384164519	0.054351807263852615	0.042233722372173044	0.03262813399536499	0.02522084167915835	0.019531798499763463	0.015105535581610516	0.011858576130295116	0.00905291442764799	0.00676272746604439	0.005028092963752735	0.003702871174600889	0.0026752430503813878	0.0018431321926315734	0.0012643302282467903	0.0008819312257630414	0.0006142297816386334	0.00040476281212524214	0.00024755187306128054	0.00014835398475049905	8.85695431346263e-05	5.4248845169958616e-05	3.3213578675484865e-05	1.837818020043496e-05	1.0849769033991721e-05	7.528411166443236e-06	6.421291877260407e-06	3.764205583221618e-06	1.771390862692526e-06	1.5499670048559602e-06	1.771390862692526e-06	1.771390862692526e-06
Undetermined-L3-clmp.r2	7.307994664472957e-05	0.00012157845669077739	0.00024825036420830863	0.00043560077287934263	0.0007314638295986115	0.001224421287874878	0.0018963138882388464	0.0028200001229514737	0.00413831806954564	0.006028209780655102	0.008644693324920192	0.012718346714404437	0.01927450374597177	0.02987176037260887	0.047124828503510664	0.07495322927705614	0.1180001967577909	0.17907642998454798	0.26473277108368415	0.3806287082868744	0.5264548698199892	0.7020438361688972	0.9087991852179447	1.147047562183195	1.4090757108778729	1.694098575511507	1.9932526658280099	2.291556592765213	2.5890364879404	2.8706622423269734	3.1328070974818987	3.3812133655763827	3.608163804244742	3.8011597495212732	3.9527237941379183	4.056012554727357	4.10743049791467	4.110615676316462	4.069773287226177	3.9894464673268946	3.8722988699466256	3.719507082226349	3.5399660409446474	3.352712186384938	3.1596157008181747	2.9583770019232696	2.7526053532469366	2.5493554056386145	2.3504796250185556	2.15147429358399	1.9661165314581355	1.7498926787765365	1.5216502752332521	1.3329556384527228	1.1584613211227992	1.0027388060876854	0.8673092635095102	0.7475354385920902	0.6426121231960304	0.5496929641267106	0.46656518918148204	0.3931147493527022	0.33012138552563164	0.2746025500596306	0.22425910354237902	0.18221355278506082	0.14571787033945044	0.11654900618093358	0.0928821761872298	0.0723433893643042	0.056528888910384725	0.04417018411522587	0.03458763147503165	0.027092286401887655	0.021244340489622888	0.016747709227134297	0.013285269936860522	0.010324867734597657	0.007977451266615435	0.00615089550926474	0.00476392670370128	0.0036672845952627933	0.002752013627133498	0.0021266264473616308	0.0016753024132344825	0.0013344841166095162	0.0010824690278770854	0.0009146066049779792	0.0007810696115635188	0.0006858442265415984	0.0006406675322521293	0.0005897330239845904	0.0005698021294451187	0.0005551861401161728	0.0004949505477302139	0.000429842958901273	0.0003594204648618064	0.0002750463446447095	0.00017849223332015767	0.00010563374105920002	6.577195198025662e-05
