Sample	0.0	1.0	2.0	3.0	4.0	5.0	6.0	7.0	8.0	9.0	10.0	11.0	12.0	13.0	14.0	15.0	16.0	17.0	18.0	19.0	20.0	21.0	22.0	23.0	24.0	25.0	26.0	27.0	28.0	29.0	30.0	31.0	32.0	33.0	34.0	35.0	36.0	37.0	38.0	39.0	40.0	41.0	42.0	43.0	44.0	45.0	46.0	47.0	48.0	49.0	50.0	51.0	52.0	53.0	54.0	55.0	56.0	57.0	58.0	59.0	60.0	61.0	62.0	63.0	64.0	65.0	66.0	67.0	68.0	69.0	70.0	71.0	72.0	73.0	74.0	75.0	76.0	77.0	78.0	79.0	80.0	81.0	82.0	83.0	84.0	85.0	86.0	87.0	88.0	89.0	90.0	91.0	92.0	93.0	94.0	95.0	96.0	97.0	98.0	99.0	100.0
Sor-ACeb_001-Ex1-8E-lcwgs-1-2-L2-clmp.r1	2.0	2.0	2.5	10.0	17.0	27.0	42.5	60.5	96.0	161.0	249.5	396.5	651.0	1061.0	1725.0	2745.0	4420.5	6412.0	9039.5	12556.0	16296.5	20122.0	24026.5	28088.5	31968.5	35516.5	38563.5	40911.5	42948.5	44494.5	45249.5	45229.0	44838.5	43991.0	42420.0	40460.0	38237.0	35628.5	32540.0	29499.0	26883.5	24191.5	21287.0	18916.0	16881.0	14763.0	12910.5	11289.5	9867.5	8598.5	7428.5	6359.0	5361.5	4441.0	3679.5	3109.5	2633.5	2325.5	2042.0	1795.5	1620.5	1497.0	1435.0	1320.5	1184.0	1084.5	996.5	942.5	863.0	761.0	657.5	561.5	463.0	368.0	309.5	247.5	171.0	111.5	81.5	58.0	35.5	23.5	20.5	14.5	7.5	4.5	4.0	3.0	1.5	0.0	0.0	0.0	0.0	0.0	0.0	0.0	0.0	0.0	0.0	0.0	0.0
Sor-ACeb_001-Ex1-8E-lcwgs-1-2-L2-clmp.r2	0.0	0.5	1.0	6.5	15.0	21.0	32.0	56.0	100.5	154.5	216.0	353.0	619.0	1029.0	1625.5	2654.5	4303.0	6320.5	9012.5	12441.0	16189.5	20157.0	24162.5	28140.5	31913.5	35374.0	38514.5	40984.0	42942.5	44468.0	45312.0	45349.0	44934.0	44119.5	42611.5	40553.5	38173.0	35645.5	32571.5	29344.0	26683.0	24155.5	21394.5	19050.5	16913.5	14734.0	12973.5	11348.5	9864.0	8593.5	7471.5	6329.5	5356.0	4519.5	3672.5	3102.5	2639.5	2314.0	2060.0	1841.0	1647.0	1490.0	1429.0	1317.5	1173.0	1074.5	999.0	924.5	879.0	801.0	655.0	564.0	452.5	351.5	305.5	235.5	176.5	122.5	87.5	66.5	41.0	26.5	23.0	15.5	8.5	7.5	6.0	5.0	3.0	0.5	0.5	1.0	0.5	0.0	1.5	2.0	0.5	0.0	0.0	0.0	0.0
Sor-ACeb_001-Ex1-8E-lcwgs-1-2-L3-clmp.r1	0.0	1.5	2.5	4.5	11.5	24.0	45.5	67.5	109.5	164.0	231.5	346.0	547.5	941.5	1547.0	2459.0	3996.5	5937.0	8357.0	11397.5	14726.5	18148.0	21749.0	25562.5	28947.5	31882.5	34628.0	36871.0	38595.0	40003.5	40956.5	41271.5	41100.5	40404.0	39005.0	36991.0	34947.5	32895.0	30135.0	27195.0	24636.5	22167.0	19764.0	17509.0	15413.5	13695.5	12034.0	10525.5	9340.0	7984.0	6777.5	5679.5	4685.0	3975.5	3369.0	2888.5	2473.5	2139.0	1868.0	1616.0	1448.5	1328.5	1191.0	1124.5	1059.0	951.5	846.5	757.5	707.5	636.0	537.0	480.5	401.0	308.5	255.0	193.5	145.5	114.0	86.5	64.5	44.5	27.0	14.0	7.0	5.0	3.0	2.5	2.0	0.5	0.0	0.0	0.0	0.0	0.0	0.0	0.0	0.0	0.0	0.0	0.0	0.0
Sor-ACeb_001-Ex1-8E-lcwgs-1-2-L3-clmp.r2	1.0	1.0	3.0	6.5	10.5	20.0	32.0	52.0	102.0	159.5	216.5	316.5	532.0	885.0	1474.5	2415.5	3873.0	5769.0	8266.0	11288.5	14559.0	18101.0	21886.0	25651.5	28984.5	31830.5	34540.5	36888.5	38798.5	40269.0	40940.5	41239.5	41118.5	40500.0	39044.5	36997.0	35039.0	32852.0	30114.0	27235.0	24679.5	22138.0	19744.0	17528.0	15436.5	13720.0	12028.5	10522.0	9320.5	7970.0	6756.5	5700.5	4767.5	4025.5	3383.5	2903.5	2503.5	2171.5	1871.0	1632.0	1460.0	1322.0	1212.0	1117.0	1021.5	925.0	846.5	786.5	702.0	635.0	573.5	493.0	401.0	315.5	238.0	187.5	154.0	118.0	88.5	63.5	43.0	25.0	15.5	8.5	6.0	4.5	3.5	3.0	1.5	0.5	1.5	1.5	1.0	1.5	1.5	0.5	0.0	0.0	0.0	0.5	0.5
Sor-ACeb_002-Ex1-9E-lcwgs-1-2-L2-clmp.r1	0.0	0.5	0.5	0.0	0.0	0.0	1.0	2.0	1.0	1.0	4.0	9.0	15.0	28.0	42.0	74.5	141.0	231.5	330.0	470.0	688.5	929.5	1223.5	1577.5	1965.0	2442.5	2950.5	3469.0	3909.5	4380.5	4873.0	5326.0	5728.0	6002.0	6204.0	6292.0	6332.0	6312.0	6121.0	5835.5	5494.0	5141.0	4827.0	4461.0	4146.0	3868.0	3558.5	3274.5	2973.0	2666.0	2412.0	2082.0	1745.5	1517.5	1315.0	1095.5	941.5	868.5	784.0	691.0	638.5	599.0	544.0	519.5	513.0	493.5	466.5	467.0	429.0	356.0	299.5	270.0	255.0	205.0	143.0	107.5	85.5	57.5	47.0	35.0	18.5	11.5	6.5	5.5	6.0	4.5	2.0	0.5	0.0	0.0	0.0	0.0	0.0	0.0	0.0	0.0	0.0	0.0	0.0	0.0	0.0
Sor-ACeb_002-Ex1-9E-lcwgs-1-2-L2-clmp.r2	0.0	0.5	0.5	0.0	0.0	0.0	0.0	0.5	1.5	2.5	5.5	10.0	13.5	22.0	37.5	71.0	134.0	216.5	330.0	476.0	678.5	936.0	1231.5	1597.0	1984.5	2436.0	2937.5	3442.5	3924.5	4406.5	4875.0	5364.5	5765.0	5991.0	6180.5	6238.0	6318.5	6328.5	6115.0	5814.5	5477.5	5150.0	4847.0	4490.5	4151.0	3864.0	3547.5	3304.5	3025.5	2670.0	2374.5	2069.5	1765.0	1518.0	1297.0	1092.0	926.5	835.0	780.5	709.5	637.0	592.5	551.0	534.5	520.5	500.0	477.0	465.5	427.0	349.0	293.5	264.0	237.5	197.0	145.0	104.5	84.0	59.5	47.0	34.5	21.0	14.5	9.5	5.5	5.0	4.0	2.0	1.0	1.5	1.0	0.5	0.5	0.0	0.0	0.0	0.0	0.5	0.5	0.0	0.0	0.0
Sor-ACeb_002-Ex1-9E-lcwgs-1-2-L3-clmp.r1	0.0	0.0	0.0	0.0	0.0	1.0	2.0	2.0	2.0	2.0	4.5	10.0	13.5	19.0	39.5	74.0	134.5	214.0	331.0	513.0	707.5	942.5	1282.5	1631.5	2007.5	2517.0	3027.5	3497.0	4056.5	4612.0	5117.5	5526.5	5839.5	6201.5	6470.0	6614.5	6618.0	6368.0	6158.5	6014.5	5701.5	5318.5	5009.5	4743.5	4399.5	4030.5	3688.5	3371.5	3099.0	2803.0	2500.5	2144.5	1830.0	1623.5	1366.5	1181.5	1087.5	927.5	787.5	736.5	681.5	627.5	607.5	591.0	575.0	525.5	474.0	457.0	432.0	392.5	337.5	301.0	258.0	182.0	127.0	104.0	89.5	72.5	50.0	34.0	24.5	16.0	6.0	3.0	3.0	2.0	1.5	1.0	0.5	0.0	0.0	0.0	0.0	0.0	0.0	0.0	0.0	0.0	0.0	0.0	0.0
Sor-ACeb_002-Ex1-9E-lcwgs-1-2-L3-clmp.r2	0.0	0.0	0.0	0.0	0.0	0.5	1.0	1.0	3.5	4.5	4.5	7.5	13.5	20.0	41.0	66.0	120.5	224.0	332.0	505.5	713.5	946.0	1276.5	1637.5	2033.0	2517.5	3026.5	3547.5	4100.0	4589.0	5042.0	5522.0	5886.0	6201.5	6467.5	6612.5	6604.0	6380.0	6161.0	5979.5	5689.5	5310.0	4969.0	4705.0	4386.5	4025.5	3687.0	3364.0	3108.0	2827.5	2494.0	2149.5	1841.5	1608.5	1352.0	1167.0	1104.0	958.5	804.5	735.5	681.0	630.5	602.5	598.0	573.0	524.5	483.0	466.0	435.0	386.0	330.5	279.5	235.0	183.5	147.5	121.0	91.0	70.5	50.5	30.0	20.0	14.5	8.5	4.0	3.0	3.0	2.5	1.5	0.5	0.5	0.5	0.0	0.0	0.0	0.0	0.0	0.5	0.5	0.0	0.0	0.0
Sor-ACeb_003-Ex1-10E-lcwgs-1-2-L2-clmp.r1	0.0	0.0	0.5	0.5	0.5	2.0	2.0	1.5	5.5	10.0	16.5	31.5	53.5	91.5	165.0	279.5	484.0	833.5	1319.5	1969.5	2733.0	3679.5	4770.0	6052.5	7511.5	9062.0	10688.5	12249.0	13880.5	15329.0	16578.0	17791.0	18876.0	19587.0	19996.5	20258.5	20261.5	20049.0	19499.5	18695.0	17694.0	16594.5	15380.0	14203.0	12991.0	11740.5	10572.0	9450.5	8416.5	7335.0	6421.0	5575.5	4753.0	4042.0	3381.5	2882.5	2473.5	2105.0	1818.5	1528.0	1212.0	951.0	786.5	657.5	510.5	399.0	339.5	286.0	225.0	184.0	158.0	124.0	96.5	72.0	59.5	47.0	31.5	19.5	12.5	9.5	7.5	6.5	3.5	1.0	0.5	1.0	0.5	0.0	0.5	1.0	0.5	0.0	0.0	0.0	0.0	0.0	0.0	0.0	0.0	0.0	0.0
Sor-ACeb_003-Ex1-10E-lcwgs-1-2-L2-clmp.r2	0.0	0.0	0.0	0.0	1.0	2.5	2.5	2.0	4.0	9.5	18.5	31.0	47.0	81.5	154.0	284.0	505.5	835.0	1329.5	1969.5	2712.0	3684.5	4800.5	6069.5	7546.0	9168.0	10734.5	12258.5	13901.5	15339.5	16639.5	17857.0	18864.0	19545.5	19998.0	20359.5	20307.0	19874.0	19362.0	18711.0	17736.5	16554.0	15313.0	14179.5	13033.5	11765.0	10517.5	9403.5	8374.0	7307.0	6428.0	5571.0	4722.5	4029.0	3376.0	2890.5	2511.0	2114.5	1800.0	1514.5	1190.5	937.5	779.5	654.5	516.0	399.0	332.5	290.5	234.0	190.0	160.5	127.5	101.5	77.5	56.5	40.0	30.5	20.5	10.5	8.0	8.5	7.0	5.0	2.5	1.0	1.5	1.0	0.5	1.5	1.5	1.0	1.0	0.5	0.0	0.0	0.0	0.0	0.0	0.0	0.5	0.5
Sor-ACeb_003-Ex1-10E-lcwgs-1-2-L3-clmp.r1	0.0	0.0	0.0	0.5	1.5	2.5	2.5	3.5	6.0	9.0	15.5	26.0	49.5	83.0	154.0	278.5	475.0	782.0	1246.0	1854.5	2593.5	3514.0	4635.5	5922.0	7276.0	8754.5	10390.5	12055.0	13592.0	14994.5	16292.5	17334.0	18362.0	19233.5	19693.5	19910.0	19858.5	19548.5	19008.0	18241.0	17243.5	16159.0	15055.5	13891.5	12694.0	11510.5	10366.5	9296.5	8316.5	7277.5	6331.0	5510.5	4706.0	3988.5	3381.0	2892.5	2439.0	2055.5	1767.5	1501.5	1210.0	981.5	836.0	696.0	557.0	451.0	362.0	295.0	243.0	196.0	161.5	125.5	88.0	71.0	61.0	41.0	32.0	29.5	21.5	13.5	9.5	7.5	6.5	6.5	6.5	4.5	2.5	1.5	0.5	0.0	0.0	0.0	0.0	0.0	0.0	0.0	0.0	0.0	0.0	0.0	0.0
Sor-ACeb_003-Ex1-10E-lcwgs-1-2-L3-clmp.r2	0.0	0.0	0.0	0.5	0.5	1.0	2.0	3.0	5.0	9.0	15.5	27.0	52.5	88.0	136.5	238.5	462.0	791.5	1235.0	1877.5	2627.0	3523.0	4683.5	5974.5	7354.0	8798.5	10370.5	12037.0	13593.5	14964.5	16324.0	17473.0	18435.0	19214.5	19648.5	19835.5	19786.5	19547.0	19011.5	18215.5	17274.5	16247.0	15068.0	13815.5	12597.0	11448.5	10370.5	9304.0	8267.5	7214.5	6300.0	5508.5	4729.5	4022.0	3385.0	2880.5	2433.0	2045.0	1752.5	1490.0	1211.0	998.0	847.0	683.5	542.5	449.0	359.5	288.5	246.0	198.0	153.0	122.5	88.5	68.0	56.0	41.5	37.5	32.0	23.0	13.5	8.0	6.5	6.0	6.0	7.5	7.0	4.0	2.0	0.5	0.0	0.0	0.0	0.0	0.0	0.5	0.5	0.0	0.0	0.0	0.0	0.0
Sor-ACeb_004-Ex1-11E-lcwgs-1-2-L2-clmp.r1	0.0	0.0	0.5	0.5	0.0	0.5	1.5	4.0	6.5	8.5	11.5	14.5	24.5	46.5	90.5	165.5	292.5	489.5	720.5	1034.0	1518.0	2153.0	2882.0	3872.0	5050.0	6225.0	7525.0	8831.5	10193.0	11595.0	12761.0	13910.5	15135.5	15995.0	16543.5	16869.0	16938.0	16746.0	16273.0	15707.5	15057.5	14288.0	13297.5	12201.0	11188.5	10215.5	9315.0	8431.0	7565.0	6734.5	6018.0	5199.0	4325.0	3651.0	3055.0	2621.0	2246.0	1872.5	1559.0	1315.5	1121.0	960.0	800.0	656.5	557.0	503.5	479.0	424.5	336.0	268.0	218.5	186.5	168.5	130.5	98.0	80.0	64.5	55.5	49.0	39.0	24.0	14.5	10.5	6.5	5.0	4.0	2.5	1.5	1.5	2.0	2.0	1.5	0.5	0.0	0.0	0.0	0.0	0.0	0.0	0.0	0.0
Sor-ACeb_004-Ex1-11E-lcwgs-1-2-L2-clmp.r2	0.0	0.0	0.5	1.0	0.5	0.5	2.0	3.0	4.0	7.5	12.5	17.0	25.0	43.5	85.0	154.5	277.0	473.0	720.0	1056.5	1547.0	2146.5	2857.0	3886.0	5055.0	6209.5	7532.5	8853.5	10202.0	11632.0	12818.0	13886.5	15101.0	16047.5	16565.5	16858.0	16957.5	16744.5	16272.0	15672.5	15001.0	14249.5	13283.0	12205.5	11167.0	10215.5	9317.5	8407.0	7589.5	6792.5	6016.0	5141.5	4282.5	3653.0	3066.0	2621.5	2250.0	1869.5	1552.0	1310.5	1113.0	952.5	801.5	660.5	560.5	504.0	466.0	416.5	342.5	267.5	211.0	185.5	171.0	134.0	97.5	78.0	64.5	55.0	49.0	40.0	26.5	14.5	10.0	6.5	4.5	4.0	3.0	2.0	2.5	3.0	2.0	2.0	1.0	0.0	0.0	0.0	0.0	0.0	0.5	0.5	0.0
Sor-ACeb_004-Ex1-11E-lcwgs-1-2-L3-clmp.r1	1.0	1.0	0.5	0.0	0.0	0.5	0.5	2.0	5.0	6.5	7.0	9.5	24.0	53.5	93.0	170.5	292.5	455.5	658.5	967.5	1434.0	2038.5	2692.0	3466.5	4416.0	5517.0	6656.5	7769.0	8960.5	10148.5	11291.5	12446.5	13507.5	14150.5	14607.0	15022.0	15165.5	15016.0	14684.5	14261.0	13708.5	12879.0	11924.0	11118.5	10293.5	9393.0	8543.0	7754.0	6963.0	6188.0	5528.0	4764.5	3950.5	3297.0	2766.5	2426.5	2128.5	1800.5	1528.0	1291.5	1049.0	854.5	723.0	635.0	560.0	483.5	412.5	349.5	303.0	262.5	226.5	176.0	126.5	108.5	95.5	78.5	63.5	51.0	40.5	28.5	20.0	12.0	8.5	6.5	3.0	1.5	0.5	0.5	0.5	0.0	0.0	0.0	0.0	0.0	0.0	0.0	0.0	0.0	0.0	0.0	0.0
Sor-ACeb_004-Ex1-11E-lcwgs-1-2-L3-clmp.r2	0.0	0.0	0.0	0.0	0.5	1.0	0.5	1.5	4.5	8.0	10.5	15.0	27.0	47.5	81.0	151.0	291.0	461.5	661.5	971.5	1440.5	2042.0	2685.0	3482.5	4442.0	5490.0	6625.5	7753.0	8994.0	10222.0	11290.5	12387.5	13508.0	14160.5	14603.0	15054.5	15189.0	15016.5	14630.5	14247.0	13698.0	12849.0	11962.0	11148.5	10279.5	9364.0	8521.0	7735.0	6958.5	6211.5	5532.5	4749.5	3954.5	3319.5	2763.5	2407.0	2118.0	1798.5	1529.0	1271.0	1033.0	864.0	738.5	636.0	550.0	482.5	407.0	340.0	306.5	273.5	224.5	167.5	125.5	108.5	95.0	80.5	63.0	46.5	38.5	29.0	19.0	12.5	10.5	9.0	4.5	1.5	0.5	0.5	0.5	1.0	1.0	0.5	0.5	0.5	0.5	0.0	0.0	0.0	0.0	0.0	0.0
Sor-ACeb_005-Ex1-12E-lcwgs-1-2-L2-clmp.r1	0.0	0.0	0.0	0.0	0.0	0.0	0.0	0.0	1.0	2.0	3.0	3.0	6.5	18.5	25.0	41.0	75.0	116.5	173.5	235.0	328.0	429.0	521.5	665.5	816.0	987.5	1208.0	1419.0	1561.0	1680.5	1856.5	2024.5	2169.5	2269.0	2297.0	2273.5	2210.0	2112.5	1995.5	1890.5	1786.0	1665.5	1562.5	1454.0	1336.0	1211.5	1102.5	1009.5	925.5	834.0	748.5	698.5	607.0	543.5	496.5	428.0	399.5	399.0	403.0	404.0	427.0	463.5	467.5	474.0	491.0	486.5	470.5	449.5	443.0	406.5	370.0	335.0	255.0	212.0	180.5	139.5	106.5	73.5	52.5	34.5	22.0	16.5	9.0	5.0	3.0	0.5	0.0	0.0	0.5	0.5	0.0	0.0	0.0	0.0	0.0	0.0	0.0	0.0	0.0	0.0	0.0
Sor-ACeb_005-Ex1-12E-lcwgs-1-2-L2-clmp.r2	0.0	0.0	0.0	0.0	0.0	0.0	0.5	1.5	2.0	2.0	2.0	2.0	6.0	12.0	19.0	32.5	70.5	110.0	155.5	240.5	343.0	433.5	523.0	668.5	836.0	1006.5	1193.5	1380.5	1539.5	1685.5	1857.0	2028.5	2176.5	2279.0	2331.0	2306.5	2227.0	2109.5	1991.5	1885.0	1766.5	1658.0	1548.0	1437.5	1308.5	1193.5	1113.0	1047.5	955.0	827.5	755.5	700.0	613.5	551.0	496.5	431.5	389.0	389.5	405.5	410.5	430.0	437.0	449.5	487.0	500.0	494.5	473.5	430.0	431.5	433.0	370.5	323.0	271.5	216.0	171.0	132.0	111.0	80.0	51.0	34.5	22.0	15.0	8.5	4.5	3.0	1.5	1.0	0.5	0.0	0.0	0.0	0.0	0.0	0.0	0.5	0.5	0.0	0.0	0.0	0.0	0.0
Sor-ACeb_005-Ex1-12E-lcwgs-1-2-L3-clmp.r1	0.0	0.0	0.0	0.0	0.0	0.0	0.5	2.0	2.5	2.5	2.5	8.0	14.0	18.5	27.5	37.5	59.0	114.0	170.0	227.0	322.0	435.0	567.5	736.0	945.0	1130.0	1278.0	1424.0	1608.0	1867.0	2022.0	2106.0	2214.0	2283.0	2342.0	2398.5	2377.5	2245.0	2111.0	2013.5	1855.5	1674.5	1565.0	1490.5	1361.0	1222.0	1149.0	1092.0	1033.5	943.0	837.5	734.5	643.0	577.0	518.0	469.0	449.0	443.5	421.0	415.0	443.5	472.5	504.5	542.0	544.0	520.5	530.0	551.0	517.0	451.5	390.0	342.5	307.0	255.0	189.0	145.5	116.5	84.5	61.5	41.0	29.5	21.5	10.0	4.5	3.5	1.5	1.5	2.0	2.0	2.5	2.5	1.5	0.5	0.0	0.0	0.0	0.0	0.0	0.0	0.0	0.0
Sor-ACeb_005-Ex1-12E-lcwgs-1-2-L3-clmp.r2	0.0	0.0	0.0	0.0	0.0	0.0	0.0	0.5	1.0	2.0	2.5	3.5	10.5	18.5	24.5	42.5	66.0	110.5	180.0	242.5	313.5	429.0	557.5	720.5	934.5	1145.0	1275.0	1410.5	1630.5	1877.0	2037.5	2117.0	2206.0	2294.5	2366.5	2417.0	2392.0	2222.5	2066.0	2009.0	1883.0	1718.0	1586.5	1470.5	1359.0	1244.5	1172.5	1082.0	1004.5	907.5	810.0	746.5	651.5	570.0	522.0	473.0	449.0	439.5	416.5	432.5	449.0	463.5	498.0	537.0	564.5	545.0	531.5	529.0	493.0	468.0	425.0	341.0	291.0	239.5	172.0	133.0	108.0	85.5	65.5	43.0	28.5	21.5	9.5	4.0	4.0	2.0	1.5	2.0	2.5	3.5	3.5	2.0	0.5	0.0	0.0	0.0	0.0	0.0	0.0	0.0	0.0
Sor-ACeb_006-Ex1-1F-lcwgs-1-2-L2-clmp.r1	0.0	0.0	0.0	0.0	0.0	0.5	0.5	0.0	0.0	0.5	1.5	2.0	2.0	2.0	4.5	13.0	25.5	44.5	63.0	95.0	160.0	213.5	270.5	380.0	508.0	638.0	785.5	945.5	1121.0	1295.0	1472.5	1677.5	1915.5	2095.0	2196.5	2265.5	2328.0	2345.5	2301.5	2239.0	2151.0	2113.5	2008.0	1901.0	1791.5	1624.0	1504.5	1389.5	1261.0	1114.5	997.0	866.5	765.0	686.0	570.0	467.5	394.0	331.0	289.5	267.5	245.0	212.0	182.0	167.5	148.5	139.5	115.5	91.5	93.5	82.5	60.0	55.0	56.0	44.5	35.5	25.0	14.0	14.5	9.5	3.5	3.0	2.5	1.0	0.5	0.5	0.0	0.5	1.0	1.0	1.0	1.0	1.0	0.5	0.0	0.0	0.0	0.0	0.0	0.0	0.0	0.0
Sor-ACeb_006-Ex1-1F-lcwgs-1-2-L2-clmp.r2	0.0	0.0	0.0	0.0	0.5	0.5	0.0	0.0	0.0	0.0	1.0	2.5	3.0	3.5	4.5	14.0	28.5	44.5	63.5	94.5	144.5	210.5	299.5	408.5	508.5	629.5	775.5	937.5	1122.0	1316.5	1505.5	1701.5	1922.5	2101.5	2199.5	2254.5	2282.5	2316.0	2304.0	2234.0	2165.5	2117.0	2020.5	1897.5	1757.5	1604.0	1506.0	1398.0	1275.5	1138.5	998.0	853.5	748.0	648.5	557.0	478.0	397.5	344.0	295.5	256.0	241.5	227.0	190.0	156.5	146.0	150.5	124.0	93.5	90.5	75.0	55.0	55.5	55.0	49.0	42.5	25.0	12.5	12.0	7.5	4.5	4.0	2.5	1.0	0.5	0.5	0.0	0.5	1.0	1.0	1.0	1.0	1.5	1.0	0.0	0.0	0.0	0.0	0.0	0.0	0.0	0.0
Sor-ACeb_006-Ex1-1F-lcwgs-1-2-L3-clmp.r1	0.0	0.0	0.0	0.0	0.0	0.0	0.0	0.5	0.5	0.5	1.5	2.5	2.0	2.5	7.5	14.5	18.0	27.0	53.0	86.5	121.5	169.0	229.0	305.0	407.0	527.0	652.0	804.0	962.0	1129.0	1296.5	1425.0	1601.0	1761.5	1834.5	1904.0	1944.5	1930.5	1937.0	1890.0	1799.0	1716.0	1618.5	1528.0	1460.0	1400.5	1287.5	1148.5	1023.5	940.0	882.5	773.0	663.0	584.0	479.0	380.5	337.5	309.0	271.0	232.0	175.5	149.5	148.0	133.0	112.0	110.0	103.0	94.0	87.0	65.5	54.5	50.5	40.5	33.5	27.0	20.0	17.0	8.5	3.5	3.0	3.0	3.0	2.5	2.0	0.5	0.0	0.0	0.0	0.0	0.0	0.0	0.0	0.0	0.0	0.0	0.0	0.0	0.0	0.0	0.0	0.0
Sor-ACeb_006-Ex1-1F-lcwgs-1-2-L3-clmp.r2	0.0	0.0	0.0	0.0	0.0	0.0	0.5	0.5	0.0	0.0	0.0	1.5	2.0	2.0	5.5	11.5	20.5	33.0	48.0	77.5	118.0	164.5	231.0	318.5	412.5	550.0	683.5	798.5	946.5	1110.0	1255.5	1420.5	1634.0	1781.5	1846.5	1882.0	1915.5	1946.5	1930.5	1875.5	1820.0	1741.5	1607.0	1519.5	1458.5	1379.5	1294.5	1149.0	1035.5	966.0	865.5	755.5	652.0	570.0	491.0	394.5	332.5	302.0	265.0	227.0	182.5	160.5	156.5	129.5	106.0	105.0	113.5	103.0	84.5	65.0	53.5	53.5	43.5	28.0	19.5	18.5	15.5	9.5	8.0	6.0	5.0	4.0	3.0	2.5	0.5	0.0	0.0	0.0	0.0	0.0	0.0	0.0	0.0	0.0	0.0	0.5	0.5	0.0	0.0	0.0	0.0
Sor-ACeb_007-Ex1-2F-lcwgs-1-2-L2-clmp.r1	0.0	0.0	0.0	0.0	0.0	0.0	0.0	0.0	0.5	1.0	1.5	1.0	2.0	3.0	6.0	13.0	15.5	30.0	50.5	62.0	83.5	108.5	139.0	191.0	252.0	310.0	373.5	441.0	506.5	577.5	622.5	678.0	779.0	842.5	900.0	943.5	934.0	908.5	891.0	909.0	897.0	820.0	759.0	726.5	668.0	606.5	570.5	539.0	494.5	442.0	406.5	364.0	297.5	254.0	226.0	188.5	156.0	134.0	119.0	104.0	87.0	79.5	69.0	56.0	50.0	43.5	32.5	25.0	26.0	22.5	19.0	19.5	12.5	5.0	7.0	7.5	4.5	3.0	2.0	1.5	1.0	1.0	0.5	0.5	1.0	0.5	0.0	0.5	0.5	0.0	0.0	0.0	0.0	0.0	0.0	0.0	0.0	0.0	0.0	0.0	0.0
Sor-ACeb_007-Ex1-2F-lcwgs-1-2-L2-clmp.r2	0.0	0.0	0.0	0.0	0.0	0.0	0.0	0.0	0.0	0.5	2.5	2.5	2.5	3.5	8.0	15.0	16.0	23.0	39.0	54.0	85.0	119.5	144.0	190.0	252.5	302.0	359.0	445.5	528.5	583.0	628.5	698.5	788.5	850.5	900.0	936.5	928.0	903.0	889.0	880.0	849.5	811.5	771.5	725.0	677.5	618.5	566.0	545.5	516.5	438.5	392.0	354.5	290.0	253.0	225.0	193.0	155.5	135.0	122.0	101.5	83.0	76.0	68.0	55.0	55.5	45.5	28.0	22.5	24.5	24.5	21.0	18.0	13.0	8.5	6.0	5.0	5.0	3.5	1.5	1.0	1.0	1.0	0.5	0.0	0.0	0.0	0.0	0.5	0.5	0.0	0.0	0.0	0.0	0.0	0.0	0.5	0.5	0.0	0.0	0.0	0.0
Sor-ACeb_007-Ex1-2F-lcwgs-1-2-L3-clmp.r1	0.0	0.0	0.0	0.0	0.0	0.0	0.0	0.0	1.0	1.0	0.5	1.5	1.5	2.0	4.5	6.0	10.5	24.5	41.5	62.0	86.0	120.0	173.5	226.0	277.5	328.0	392.0	488.0	558.0	654.0	768.0	810.0	855.5	915.5	939.5	961.0	963.5	955.0	947.0	966.5	987.5	920.0	834.5	781.5	721.0	652.0	596.5	559.0	527.0	476.5	417.0	371.0	328.0	275.0	219.5	182.0	168.5	153.0	137.5	119.5	102.0	88.0	68.0	59.0	52.5	41.5	38.0	29.5	23.5	23.0	20.5	16.5	9.5	9.5	12.5	11.0	9.0	7.0	3.5	0.5	0.5	0.5	0.0	0.0	0.0	0.0	0.0	0.5	0.5	0.0	0.0	0.0	0.0	0.0	0.0	0.0	0.0	0.0	0.0	0.0	0.0
Sor-ACeb_007-Ex1-2F-lcwgs-1-2-L3-clmp.r2	0.0	0.0	0.0	0.0	0.0	0.0	0.0	0.0	0.5	1.0	1.0	1.5	2.0	2.5	2.5	7.0	14.5	24.5	40.0	52.5	76.0	121.5	169.0	210.0	266.5	334.0	403.5	490.5	559.5	659.0	771.5	799.0	846.0	924.5	940.0	960.5	971.0	960.0	964.5	966.5	971.5	918.5	828.5	775.5	724.5	658.5	609.0	573.5	526.0	459.5	406.0	361.0	322.5	276.5	219.5	189.5	171.5	148.0	137.0	124.5	112.5	95.5	69.0	54.0	48.0	44.5	35.0	28.0	27.0	23.0	15.0	11.0	11.0	14.0	13.0	8.0	7.5	6.5	2.0	0.0	0.5	1.0	1.0	0.5	0.0	0.0	0.0	0.5	0.5	0.0	0.0	0.5	0.5	0.5	1.0	0.5	0.0	0.0	0.0	0.0	0.0
Sor-ACeb_008-Ex1-3F-lcwgs-1-2-L2-clmp.r1	0.0	0.0	0.0	0.0	0.0	1.0	1.0	0.0	2.0	4.0	4.0	6.5	11.0	20.0	36.0	63.5	97.0	145.0	225.5	333.5	470.5	614.0	751.0	961.0	1211.0	1434.5	1653.0	1859.5	2046.5	2273.5	2512.5	2647.5	2737.0	2854.0	2944.0	2992.0	2963.0	2860.5	2765.0	2647.5	2501.0	2315.5	2122.5	1935.5	1797.0	1662.0	1511.5	1383.0	1250.0	1109.5	953.5	823.5	701.5	594.0	493.0	396.0	351.5	312.5	253.0	215.5	186.0	161.0	134.5	121.5	102.5	82.5	77.0	63.0	51.0	49.0	43.0	29.0	19.0	13.5	13.5	13.0	13.0	9.0	2.5	1.0	1.0	1.0	0.5	0.0	0.0	0.0	0.0	0.0	0.0	0.0	0.0	0.0	0.0	0.0	0.0	0.0	0.0	0.0	0.0	0.0	0.0
Sor-ACeb_008-Ex1-3F-lcwgs-1-2-L2-clmp.r2	0.0	0.0	0.5	0.5	0.5	1.0	1.0	0.5	2.0	3.5	2.0	5.5	14.5	28.5	40.5	63.5	98.5	149.5	225.5	319.0	429.5	581.5	743.0	940.5	1184.0	1427.0	1661.5	1842.5	2056.5	2312.5	2522.5	2652.5	2751.5	2867.0	2968.5	3022.0	2958.0	2842.5	2777.5	2682.0	2503.5	2299.5	2118.0	1934.0	1777.0	1632.0	1503.5	1397.0	1256.5	1101.5	964.5	831.5	699.5	602.0	488.5	394.0	341.0	295.5	255.5	218.0	195.5	165.5	135.5	123.5	105.5	87.0	71.5	59.5	55.0	44.5	37.5	32.0	21.0	16.5	14.5	10.5	8.5	7.0	4.0	2.0	1.5	0.5	0.0	0.5	1.0	0.5	0.0	0.0	0.0	0.0	0.5	0.5	0.0	0.0	0.0	0.0	0.0	0.0	0.0	0.0	0.0
Sor-ACeb_008-Ex1-3F-lcwgs-1-2-L3-clmp.r1	0.0	0.0	0.5	0.5	0.0	0.0	0.0	1.0	2.0	2.5	5.5	7.5	9.0	13.5	23.5	51.0	87.0	119.0	189.0	290.0	409.5	527.5	651.5	840.0	1019.5	1193.5	1370.5	1570.5	1762.0	1940.5	2111.5	2257.0	2422.0	2563.5	2597.0	2558.0	2481.0	2374.5	2321.5	2257.0	2155.0	1998.5	1816.5	1732.0	1621.0	1428.5	1278.0	1154.0	1050.5	940.5	810.0	688.5	593.5	512.0	443.5	382.0	305.0	247.0	214.5	186.5	169.5	156.5	138.5	113.0	86.5	78.0	66.5	50.0	44.0	38.5	32.0	24.5	19.5	17.5	14.5	12.0	9.0	6.0	4.0	4.0	5.0	3.0	1.0	0.5	0.0	0.0	0.0	0.0	0.0	0.0	0.0	0.0	0.0	0.0	0.0	0.0	0.0	0.0	0.0	0.0	0.0
Sor-ACeb_008-Ex1-3F-lcwgs-1-2-L3-clmp.r2	0.0	0.0	0.0	0.5	0.5	0.0	0.0	0.0	0.5	1.5	4.0	6.0	9.0	12.5	20.5	51.0	87.0	123.0	190.0	286.5	413.0	528.0	640.0	849.0	1025.5	1190.0	1388.5	1555.5	1735.5	1946.5	2114.0	2253.0	2444.5	2578.5	2583.5	2551.5	2471.0	2363.5	2335.0	2264.5	2146.5	2003.5	1816.5	1720.5	1600.0	1414.0	1287.5	1171.0	1051.5	923.0	799.0	699.5	611.0	521.5	456.0	383.5	303.0	251.5	221.0	194.0	166.0	150.0	132.5	106.5	86.0	76.0	69.0	55.0	45.5	35.0	28.0	27.5	23.0	19.5	14.5	11.5	10.0	6.5	4.0	4.0	3.5	2.0	1.5	1.5	0.5	0.0	0.0	0.0	0.0	0.0	0.0	0.0	0.0	0.0	0.0	0.0	0.0	0.0	0.0	0.0	0.0
Sor-ACeb_009-Ex1-4F-lcwgs-1-2-L2-clmp.r1	0.0	0.0	0.0	0.0	0.0	0.0	0.0	0.0	0.5	0.5	0.0	0.5	2.0	4.5	8.0	15.5	22.5	39.5	62.0	83.5	122.0	172.5	222.0	279.0	340.0	403.0	466.0	539.5	634.0	695.0	745.0	798.0	846.0	888.5	916.5	934.0	960.0	969.5	937.0	915.5	852.5	772.5	726.5	660.0	615.0	579.5	515.5	487.0	450.5	381.0	340.5	305.0	253.5	217.0	187.5	155.0	126.0	106.5	95.0	74.0	53.5	51.5	52.5	41.5	34.5	30.5	21.5	15.5	14.0	10.0	6.0	4.5	4.5	6.5	7.0	4.5	1.5	0.5	1.0	1.5	1.0	0.5	0.0	0.0	0.0	0.0	0.0	0.0	0.0	0.0	0.0	0.0	0.0	0.0	0.0	0.0	0.0	0.0	0.0	0.0	0.0
Sor-ACeb_009-Ex1-4F-lcwgs-1-2-L2-clmp.r2	0.0	0.0	0.0	0.0	0.0	0.0	0.0	0.0	0.5	0.5	0.0	0.5	2.5	6.0	7.5	13.0	21.0	37.0	59.5	85.5	127.0	171.0	220.0	284.5	345.0	404.5	471.0	536.0	632.5	708.0	751.5	790.5	845.0	890.0	905.5	934.5	954.0	955.0	943.5	917.0	840.5	769.0	732.5	674.0	621.0	570.5	507.0	487.5	456.0	380.0	341.0	306.5	254.5	218.5	189.0	154.5	121.5	104.0	94.0	76.0	54.5	50.5	52.0	45.5	38.0	31.0	20.5	12.5	12.5	10.5	6.0	5.0	5.5	6.0	5.5	4.0	2.0	0.5	1.0	1.5	1.0	0.5	0.0	0.0	0.0	0.5	0.5	0.0	0.0	0.0	0.0	0.0	0.0	0.0	0.0	0.0	0.0	0.0	0.0	0.0	0.0
Sor-ACeb_009-Ex1-4F-lcwgs-1-2-L3-clmp.r1	0.0	0.0	0.0	0.0	0.5	0.5	0.0	0.0	1.0	2.0	2.0	1.5	1.5	2.5	7.0	18.5	31.0	39.0	45.5	67.0	104.5	135.5	166.0	220.5	279.5	342.5	394.5	443.0	520.5	582.5	628.5	685.5	748.0	801.5	813.0	782.0	761.5	735.0	714.0	696.5	679.5	663.5	628.0	585.5	524.5	458.5	407.0	376.0	332.0	296.5	286.5	256.5	208.0	183.0	170.5	142.0	117.5	92.0	69.0	59.5	52.0	46.0	39.0	31.5	24.5	19.5	14.0	10.0	9.5	6.5	3.5	3.0	4.5	5.0	2.0	0.0	0.0	0.0	1.0	2.0	1.5	0.5	0.0	0.0	0.0	0.0	0.0	0.0	0.0	0.0	0.0	0.0	0.0	0.0	0.0	0.0	0.0	0.0	0.0	0.0	0.0
Sor-ACeb_009-Ex1-4F-lcwgs-1-2-L3-clmp.r2	0.0	0.0	0.0	0.0	0.0	0.5	0.5	0.0	1.0	2.0	2.0	2.0	2.5	4.5	7.5	16.0	28.0	37.0	46.0	62.0	91.5	133.0	175.5	229.0	294.0	342.0	389.0	456.5	531.5	578.0	617.0	688.5	746.0	789.0	809.0	780.5	760.0	735.5	712.5	698.5	673.0	654.0	633.0	591.0	522.0	456.0	413.0	380.0	331.0	297.5	285.0	253.5	209.0	181.5	168.0	143.0	117.0	91.0	69.0	61.0	54.0	45.0	37.0	31.5	25.0	17.0	11.5	9.0	8.5	7.5	7.0	5.5	3.5	3.0	2.5	2.0	2.0	1.0	1.0	2.0	1.5	0.5	0.0	0.0	0.0	0.0	0.0	0.0	0.0	0.0	0.0	0.0	0.0	0.0	0.0	0.0	0.0	0.0	0.0	0.0	0.0
Sor-ACeb_010-Ex1-5F-lcwgs-1-2-L2-clmp.r1	0.0	0.0	0.0	0.0	0.0	0.0	0.5	1.0	1.5	1.5	0.5	2.5	6.5	14.5	25.5	34.0	54.5	85.5	135.5	213.5	303.5	402.5	543.0	741.0	969.0	1235.5	1535.0	1829.0	2160.5	2502.5	2850.0	3223.5	3585.0	3879.0	4013.5	4100.0	4141.5	4079.0	4047.5	3961.0	3778.0	3608.0	3370.5	3135.5	2882.5	2585.5	2329.5	2146.0	1976.0	1709.0	1489.0	1315.0	1115.5	988.5	862.0	671.0	565.5	511.5	427.5	351.5	321.0	305.5	277.5	229.5	182.0	172.0	165.5	148.0	131.5	117.0	100.0	83.0	63.5	51.0	43.5	43.0	32.5	16.0	11.0	9.0	7.0	5.0	3.0	2.5	2.5	2.0	1.0	0.0	0.5	1.0	0.5	0.0	0.0	0.0	0.0	0.0	0.0	0.0	0.0	0.0	0.0
Sor-ACeb_010-Ex1-5F-lcwgs-1-2-L2-clmp.r2	0.0	0.0	0.0	0.0	0.0	0.0	0.0	0.0	1.0	1.0	0.0	2.5	6.0	16.5	26.5	34.5	53.0	80.0	130.0	212.0	300.5	400.0	550.5	738.0	973.0	1235.5	1532.0	1816.0	2141.0	2515.5	2866.5	3248.0	3614.5	3864.0	3975.0	4113.5	4170.0	4080.5	4040.5	3962.0	3771.5	3600.5	3381.0	3108.0	2866.0	2601.5	2340.5	2134.0	1938.5	1704.5	1498.5	1310.0	1122.5	993.0	854.5	670.0	567.5	518.5	433.0	354.5	328.0	312.5	273.0	224.5	176.5	167.0	165.0	154.0	138.5	110.5	92.5	79.5	64.5	54.0	46.5	41.0	26.0	11.5	12.0	14.5	10.5	6.0	3.5	3.0	3.5	2.5	1.0	0.0	0.5	1.0	0.5	0.0	0.5	0.5	0.0	0.0	0.0	0.0	0.0	0.0	0.0
Sor-ACeb_010-Ex1-5F-lcwgs-1-2-L3-clmp.r1	0.0	0.0	0.0	0.0	0.0	0.0	0.0	0.0	1.0	1.0	1.5	5.5	5.5	7.5	18.0	27.5	38.0	70.5	122.5	171.0	231.5	356.5	517.5	698.5	881.0	1074.5	1360.5	1655.5	1909.5	2188.0	2498.5	2825.0	3149.0	3386.5	3564.5	3680.5	3669.0	3620.5	3610.0	3565.0	3407.0	3186.0	2966.0	2767.5	2566.0	2379.5	2188.0	1975.0	1752.5	1522.5	1372.0	1187.5	987.5	866.5	765.5	647.0	520.5	457.5	415.0	363.5	310.0	282.0	247.0	211.0	201.0	167.5	142.0	131.5	125.5	116.0	87.0	70.5	59.0	48.5	39.5	31.0	25.0	15.5	9.5	5.0	3.5	3.5	2.5	2.5	2.0	0.5	0.0	0.0	0.0	0.0	0.0	0.0	0.0	0.0	0.0	0.0	0.0	0.0	0.0	0.0	0.0
Sor-ACeb_010-Ex1-5F-lcwgs-1-2-L3-clmp.r2	0.0	0.0	0.0	0.0	0.0	0.0	0.0	0.5	0.5	0.5	2.0	3.0	3.5	8.5	16.5	23.5	38.5	74.0	129.0	182.0	237.5	341.0	501.0	688.0	875.0	1090.5	1372.0	1661.5	1941.0	2197.0	2477.0	2832.5	3135.5	3390.5	3589.0	3661.0	3641.0	3600.5	3578.5	3529.5	3397.0	3203.0	2980.5	2780.5	2591.5	2370.5	2155.5	1947.0	1747.5	1538.5	1375.0	1189.0	996.5	878.5	771.5	653.0	528.5	447.5	401.5	355.0	310.0	280.0	247.5	221.5	200.0	175.0	146.0	123.5	119.5	110.0	91.5	75.0	60.5	44.0	33.5	34.0	28.5	17.0	11.5	7.0	5.0	4.0	2.0	3.0	3.0	0.5	0.0	0.0	0.5	0.5	0.5	0.5	0.0	0.0	0.0	0.0	0.0	0.0	0.0	0.0	0.0
Sor-ACeb_011-Ex1-6F-lcwgs-1-2-L2-clmp.r1	0.0	0.0	0.0	0.0	0.5	0.5	0.0	0.5	1.0	1.0	1.0	1.0	3.0	5.0	12.0	24.0	41.5	53.0	56.0	78.5	117.5	169.5	219.0	273.0	347.5	419.0	476.0	532.0	615.5	726.0	799.0	860.5	938.0	1008.0	1037.5	1046.5	1082.5	1074.0	1026.0	994.5	996.5	976.0	906.5	821.0	733.5	725.0	715.0	661.5	621.0	580.5	532.0	474.5	431.5	365.0	302.0	279.5	258.0	244.0	226.0	235.0	262.5	247.0	251.0	260.5	258.5	259.0	248.5	238.5	230.0	207.5	168.0	146.5	132.0	96.0	70.5	67.5	53.5	41.0	28.5	12.5	9.5	5.0	2.0	0.5	0.0	0.0	0.0	0.0	0.0	0.0	0.0	0.0	0.0	0.0	0.0	0.0	0.0	0.0	0.0	0.0	0.0
Sor-ACeb_011-Ex1-6F-lcwgs-1-2-L2-clmp.r2	0.0	0.0	0.0	0.5	1.0	0.5	0.0	0.0	1.5	2.0	1.0	1.5	2.0	5.0	10.0	17.0	36.0	58.0	63.0	72.0	108.0	153.5	214.5	295.0	367.5	439.0	492.5	543.0	625.0	716.0	794.0	871.5	947.5	996.5	1018.5	1031.0	1073.5	1041.0	994.0	999.5	1010.5	982.0	901.0	849.0	783.0	742.0	720.0	667.5	623.5	565.5	501.0	447.0	413.0	383.5	316.0	278.5	258.0	236.0	235.5	228.0	229.5	243.0	255.5	255.5	251.5	266.5	268.5	245.0	223.5	213.0	188.0	145.5	126.0	120.5	90.5	55.0	37.0	37.0	27.0	10.0	5.5	3.0	3.0	1.0	0.5	1.0	0.5	0.0	0.0	0.0	0.0	0.0	0.5	0.5	0.0	0.0	0.0	0.0	0.0	0.0	0.0
Sor-ACeb_011-Ex1-6F-lcwgs-1-2-L3-clmp.r1	0.0	0.0	0.0	0.0	0.5	1.0	0.5	0.0	1.0	1.5	2.0	3.0	2.5	6.5	10.0	12.5	21.5	32.0	42.0	59.0	93.0	128.0	167.0	224.0	272.0	321.0	378.5	450.0	533.0	605.5	668.0	706.5	765.5	850.5	898.5	916.0	904.0	887.5	902.5	894.0	823.0	782.5	765.0	722.5	690.5	638.5	607.5	595.5	547.5	490.0	440.5	378.0	323.0	309.0	280.0	248.5	248.0	231.5	227.0	228.0	207.0	210.5	235.0	219.0	197.5	207.5	214.0	205.0	186.5	172.5	148.5	119.0	94.5	75.5	57.5	52.0	45.5	27.5	17.0	10.0	8.0	6.0	3.0	1.5	0.5	0.0	0.0	0.0	0.0	0.0	0.0	0.0	0.0	0.0	0.0	0.0	0.0	0.0	0.0	0.0	0.0
Sor-ACeb_011-Ex1-6F-lcwgs-1-2-L3-clmp.r2	0.0	0.0	0.0	0.0	0.0	0.0	0.5	0.5	1.5	1.5	1.0	2.5	3.0	3.5	7.5	14.5	21.0	33.0	48.0	63.5	97.0	125.0	171.0	235.0	271.5	315.5	368.0	451.5	545.0	621.5	684.0	720.5	765.5	824.0	892.0	911.5	882.5	879.5	881.5	889.5	857.5	791.5	758.0	723.5	708.5	650.5	583.0	582.0	552.0	497.0	449.0	387.5	339.0	322.5	289.0	246.5	233.0	226.0	220.5	218.0	211.0	209.0	202.0	193.5	211.0	212.0	199.0	207.5	196.0	170.5	144.0	120.5	105.0	88.0	64.5	47.0	41.0	27.0	13.5	8.5	6.5	3.0	1.0	1.0	1.5	1.5	0.5	0.0	1.0	1.0	0.0	0.0	0.0	0.0	0.5	0.5	0.0	0.0	0.0	0.0	0.0
Sor-ACeb_012-Ex1-7F-lcwgs-1-2-L2-clmp.r1	0.0	0.0	0.0	0.0	0.0	0.5	1.0	1.0	2.5	5.5	6.0	9.5	17.5	24.0	42.5	93.0	176.0	270.5	413.5	633.0	894.0	1268.0	1771.0	2303.5	2823.5	3382.5	4076.0	4742.0	5305.5	5823.0	6370.0	6911.0	7323.5	7485.0	7480.5	7526.5	7476.0	7119.0	6696.0	6381.0	6000.5	5512.5	5053.0	4624.0	4209.0	3800.5	3361.0	3017.5	2677.5	2375.0	2116.0	1805.0	1517.5	1288.5	1091.0	901.5	738.0	647.5	603.5	543.0	449.0	389.5	371.5	350.5	324.5	286.5	254.0	218.0	192.5	176.5	152.0	128.5	106.5	81.5	62.5	50.5	36.0	25.0	17.0	11.5	7.0	5.0	4.5	3.5	2.5	2.0	0.5	0.0	0.5	1.0	0.5	0.0	0.0	0.0	0.0	0.0	0.0	0.0	0.0	0.0	0.0
Sor-ACeb_012-Ex1-7F-lcwgs-1-2-L2-clmp.r2	0.0	0.0	0.0	0.0	0.0	1.0	1.5	1.5	2.0	3.5	5.0	8.5	17.5	26.0	43.0	94.0	170.5	248.0	383.5	629.5	909.0	1257.0	1775.0	2325.5	2818.5	3407.0	4121.5	4786.0	5312.5	5813.5	6410.0	6921.5	7302.0	7465.0	7453.5	7508.5	7446.0	7138.0	6749.0	6396.5	5997.0	5534.0	5081.5	4636.0	4183.0	3761.0	3339.0	3016.0	2703.0	2376.0	2094.0	1813.5	1550.5	1290.0	1085.0	899.0	750.5	658.5	594.5	525.5	445.5	398.5	378.0	360.0	325.0	278.5	247.5	214.5	187.0	168.0	141.5	123.5	107.0	84.0	69.5	51.5	35.5	26.0	21.0	16.0	9.0	9.0	7.0	2.5	2.5	2.0	0.0	0.0	0.5	1.0	1.0	0.5	0.0	0.5	0.5	0.0	0.0	0.0	0.0	0.0	0.0
Sor-ACeb_012-Ex1-7F-lcwgs-1-2-L3-clmp.r1	0.0	0.5	1.0	0.5	0.5	1.5	3.0	4.5	4.5	6.0	8.0	10.0	13.0	21.5	37.5	66.5	125.5	219.0	348.0	547.0	808.0	1096.5	1482.0	1916.0	2437.5	2964.5	3428.0	3966.0	4437.5	4848.0	5278.0	5695.5	6064.5	6329.5	6485.5	6398.5	6151.0	5910.0	5609.0	5363.5	5029.0	4651.0	4294.0	3881.5	3526.5	3218.0	2910.5	2584.5	2291.5	2016.0	1787.5	1536.5	1259.0	1072.5	949.0	775.5	628.0	566.5	490.0	418.0	379.0	321.5	281.5	260.0	238.0	230.0	219.5	191.5	155.0	143.0	124.0	102.0	86.5	67.5	51.5	42.0	39.5	35.0	24.0	15.0	12.0	7.5	3.0	1.5	1.5	1.0	1.0	1.0	0.5	0.0	0.5	0.5	0.0	0.0	0.0	0.0	0.0	0.0	0.0	0.0	0.0
Sor-ACeb_012-Ex1-7F-lcwgs-1-2-L3-clmp.r2	0.0	0.5	1.0	0.5	0.5	1.0	1.0	1.0	2.0	5.0	7.0	8.0	10.5	17.0	39.5	78.0	134.0	215.5	358.0	558.0	793.0	1060.0	1482.5	1959.0	2436.5	2958.5	3483.5	4024.5	4485.0	4881.5	5254.5	5663.0	6079.0	6343.0	6404.0	6344.5	6158.0	5894.5	5592.0	5328.5	5007.5	4660.0	4292.5	3876.5	3541.0	3224.0	2893.5	2549.0	2289.0	2037.5	1794.0	1546.0	1264.0	1049.5	929.0	785.5	629.0	565.5	494.5	423.0	387.0	326.0	280.5	261.0	241.5	231.5	214.5	187.5	153.0	135.5	126.5	108.0	85.5	64.5	49.0	42.0	39.0	30.5	20.5	17.0	15.5	9.0	3.5	1.5	1.0	1.0	1.0	1.5	1.0	0.0	1.0	1.0	0.0	0.0	0.5	0.5	0.0	0.0	0.0	0.0	0.0
Sor-ACeb_013-Ex1-8F-lcwgs-1-2-L2-clmp.r1	0.0	0.0	0.0	0.0	0.0	0.0	0.5	0.5	0.5	2.0	2.0	2.5	5.0	7.5	15.0	30.0	42.0	66.0	127.5	204.0	252.0	319.0	445.0	578.5	718.5	853.0	1019.0	1188.0	1327.5	1520.5	1674.5	1796.5	1978.5	2073.5	2111.0	2101.5	2033.5	2024.5	2011.0	1885.0	1772.5	1701.0	1609.0	1584.5	1531.0	1374.0	1271.0	1268.0	1179.5	1067.5	1014.0	935.0	809.5	733.0	685.0	605.5	544.0	519.5	525.0	512.5	533.5	575.0	588.5	590.0	618.5	658.5	648.0	604.0	576.5	541.5	474.5	403.5	326.0	261.5	198.5	151.0	119.5	79.5	51.0	33.0	21.0	13.0	8.0	3.5	1.5	2.0	0.5	0.0	0.0	0.0	0.0	0.0	0.0	0.0	0.0	0.0	0.0	0.0	0.0	0.0	0.0
Sor-ACeb_013-Ex1-8F-lcwgs-1-2-L2-clmp.r2	0.0	0.0	0.0	0.0	0.0	0.0	0.5	0.5	0.0	1.0	2.5	2.0	1.0	5.5	14.5	27.5	42.0	63.0	126.0	203.5	250.5	327.5	451.5	589.5	727.5	869.0	1032.0	1205.5	1348.0	1500.5	1676.0	1829.5	1989.5	2053.5	2093.0	2106.5	2059.0	2053.5	1989.5	1854.5	1747.5	1676.0	1616.5	1575.5	1498.5	1372.5	1288.0	1276.0	1198.5	1084.5	1032.0	926.0	776.0	710.5	662.5	587.5	552.5	517.5	506.0	529.5	552.5	596.5	602.5	607.5	640.0	642.5	634.0	622.5	572.5	507.0	446.5	387.5	337.5	260.5	188.0	154.0	122.5	82.5	53.0	33.0	23.0	17.0	8.5	3.5	3.5	4.0	1.0	0.0	0.0	0.0	0.5	0.5	0.0	0.0	0.5	1.0	1.0	0.5	0.0	0.0	0.0
Sor-ACeb_013-Ex1-8F-lcwgs-1-2-L3-clmp.r1	0.0	0.0	0.0	0.5	1.0	0.5	0.0	0.0	1.5	1.5	1.0	1.5	2.0	4.5	10.0	17.0	39.0	67.5	85.5	136.5	187.5	252.0	352.5	447.5	567.5	708.0	848.5	988.5	1119.0	1216.0	1367.0	1519.0	1598.0	1673.0	1757.5	1824.0	1775.0	1666.0	1628.0	1628.0	1555.0	1466.0	1386.0	1286.5	1214.0	1143.0	1062.0	1025.5	987.0	919.0	864.5	764.0	656.5	592.0	538.0	469.0	416.5	409.0	406.5	417.0	442.0	450.0	480.5	514.5	516.0	503.5	481.0	469.5	447.5	418.5	371.5	300.5	255.0	214.0	154.5	119.0	95.0	62.5	39.0	25.5	16.5	11.0	8.0	4.0	2.0	0.0	0.0	0.0	0.0	0.0	0.0	0.0	0.0	0.0	0.0	0.0	0.0	0.0	0.0	0.0	0.0
Sor-ACeb_013-Ex1-8F-lcwgs-1-2-L3-clmp.r2	0.0	0.0	0.5	0.5	0.0	1.0	1.0	0.5	0.5	1.0	2.0	4.0	4.5	5.5	8.5	15.0	34.5	60.0	85.5	132.5	199.5	262.0	338.0	445.5	580.5	725.0	843.5	969.0	1119.5	1236.0	1371.5	1500.0	1575.0	1667.0	1754.5	1803.0	1791.0	1712.0	1676.0	1624.0	1504.0	1446.0	1390.5	1276.0	1187.5	1124.5	1051.5	1029.0	1011.5	933.0	857.5	778.5	662.0	585.5	542.0	477.0	430.5	405.5	402.5	430.0	445.0	442.0	463.5	495.5	486.0	478.0	493.0	504.5	475.0	426.5	382.0	296.5	243.0	203.0	156.0	125.5	84.5	62.0	46.0	26.0	16.0	13.0	8.0	3.5	1.0	1.0	1.0	0.0	0.0	1.0	1.0	0.5	0.5	0.0	0.0	1.0	1.0	0.0	0.0	0.0	0.0
Sor-ACeb_014-Ex1-9F-lcwgs-1-2-L2-clmp.r1	0.0	0.0	0.0	0.0	0.0	0.0	0.0	0.0	0.0	0.5	0.5	3.0	4.5	4.5	9.0	22.5	46.0	71.0	93.0	139.5	214.5	294.5	390.5	512.5	644.5	780.0	945.0	1078.0	1195.0	1356.0	1517.0	1644.5	1750.0	1828.5	1880.0	1946.0	1957.0	1891.5	1832.0	1734.0	1632.5	1561.5	1449.0	1335.5	1240.0	1116.5	988.0	911.0	875.0	801.5	716.0	627.0	510.0	426.0	372.5	327.0	278.5	240.5	220.0	208.0	194.5	184.0	170.0	163.5	165.5	169.0	170.0	167.5	150.5	116.5	100.5	92.0	76.5	59.0	45.0	36.0	31.5	25.5	14.0	9.5	7.5	4.0	3.5	2.0	1.0	0.5	0.0	0.0	0.0	0.0	0.0	0.0	0.0	0.0	0.0	0.0	0.0	0.0	0.0	0.0	0.0
Sor-ACeb_014-Ex1-9F-lcwgs-1-2-L2-clmp.r2	0.0	0.0	0.0	0.0	0.0	0.0	0.0	0.0	0.5	1.0	0.5	1.5	3.5	5.0	8.5	23.0	45.5	74.5	105.5	145.5	216.0	301.5	391.5	499.5	623.5	762.5	940.5	1076.0	1190.0	1368.5	1539.0	1687.5	1799.5	1829.5	1844.5	1912.0	1937.0	1877.0	1829.5	1746.0	1649.0	1566.0	1416.0	1310.5	1237.0	1115.0	996.0	905.5	876.0	830.0	729.5	626.5	505.5	418.0	379.0	335.5	284.5	244.0	233.5	220.5	198.0	179.5	160.0	156.5	155.5	165.5	180.5	169.5	141.0	115.5	94.0	86.5	83.0	65.5	51.5	41.5	27.0	17.5	13.5	9.5	6.5	4.0	3.0	3.0	2.0	0.5	0.0	0.0	0.0	0.5	0.5	0.0	0.0	0.0	0.0	0.0	0.0	0.0	0.0	0.0	0.0
Sor-ACeb_014-Ex1-9F-lcwgs-1-2-L3-clmp.r1	0.0	0.0	0.0	0.0	0.0	0.0	0.0	0.0	1.5	2.0	2.0	3.5	3.5	6.0	12.5	20.0	35.5	56.0	88.5	145.5	196.5	278.0	379.0	484.5	606.0	743.0	910.5	1042.0	1148.0	1293.0	1459.0	1585.5	1745.5	1848.0	1818.5	1825.0	1883.5	1887.0	1798.0	1682.5	1579.5	1471.0	1349.5	1228.0	1146.5	1068.0	968.5	901.5	857.5	769.5	672.0	579.5	487.0	421.5	356.5	313.5	276.5	248.0	232.5	205.5	189.0	186.5	171.0	170.0	172.0	167.0	166.0	156.5	142.0	135.0	123.0	97.5	74.5	51.0	39.0	31.5	20.0	12.0	10.5	8.0	4.5	3.0	0.5	1.0	1.0	1.5	1.0	0.0	0.0	0.0	0.0	0.0	0.0	0.0	0.0	0.0	0.0	0.0	0.0	0.0	0.0
Sor-ACeb_014-Ex1-9F-lcwgs-1-2-L3-clmp.r2	0.0	0.0	0.0	0.0	0.0	0.0	0.5	1.5	1.5	0.5	0.0	1.5	3.5	7.0	13.0	22.5	34.0	48.0	89.5	147.0	196.0	266.5	360.0	472.0	593.5	728.5	889.5	1046.5	1166.5	1321.5	1482.5	1578.0	1717.5	1841.5	1856.5	1837.5	1873.0	1885.0	1793.0	1684.0	1587.0	1474.0	1339.0	1216.5	1129.5	1058.0	982.0	903.5	853.5	783.0	683.5	575.0	479.5	419.5	361.5	317.0	280.5	241.0	218.5	214.5	204.5	183.5	176.0	183.5	174.5	162.0	150.0	151.0	146.5	137.5	130.5	104.5	77.0	54.0	43.0	31.0	22.0	17.0	10.0	5.5	4.5	3.5	1.5	0.5	0.5	1.0	0.5	0.0	0.0	0.0	0.0	0.0	0.0	0.5	0.5	0.0	0.0	0.0	0.0	0.0	0.0
Sor-ACeb_015-Ex1-10F-lcwgs-1-2-L2-clmp.r1	0.0	0.0	0.0	0.0	0.0	0.0	0.5	0.5	1.0	2.0	2.5	2.0	3.0	9.0	17.5	26.0	51.5	95.0	141.0	216.5	313.0	427.0	563.0	723.5	928.0	1177.5	1436.0	1664.5	1989.5	2288.0	2478.0	2691.5	2946.0	3127.5	3218.5	3288.0	3253.0	3188.5	3099.0	2933.0	2743.5	2553.5	2361.5	2167.5	1990.0	1839.0	1621.5	1404.0	1256.5	1131.5	1041.5	906.5	726.5	621.5	534.0	424.5	365.0	328.5	286.0	235.5	213.0	216.5	210.5	184.0	170.0	176.5	165.5	151.5	138.5	120.5	104.5	87.0	67.0	57.5	59.5	43.5	23.5	21.5	14.5	5.5	6.5	5.0	2.0	1.5	0.5	0.0	0.0	0.0	0.0	0.0	0.0	0.0	0.0	0.0	0.0	0.0	0.0	0.0	0.0	0.0	0.0
Sor-ACeb_015-Ex1-10F-lcwgs-1-2-L2-clmp.r2	0.0	0.0	0.0	0.0	0.0	0.0	1.0	1.0	0.5	1.0	2.0	2.5	4.0	9.5	18.5	33.5	53.5	84.5	142.5	220.0	311.5	432.0	580.0	749.0	955.5	1205.5	1448.0	1682.0	1965.0	2265.5	2512.5	2725.0	2963.5	3126.5	3232.0	3300.5	3213.5	3133.5	3079.5	2923.5	2739.5	2571.0	2353.5	2146.5	1991.5	1823.0	1594.0	1393.0	1264.0	1145.5	1042.5	896.5	732.5	615.5	516.0	430.5	377.0	334.0	297.0	245.0	220.0	218.5	204.0	191.0	169.0	157.5	153.0	153.0	146.5	124.0	102.5	83.5	68.5	54.0	42.0	31.0	25.0	19.5	14.0	10.5	5.5	5.5	4.5	2.0	0.5	0.0	0.0	0.0	0.0	0.0	0.0	0.0	0.0	0.0	1.0	1.0	0.0	0.5	0.5	0.0	0.0
Sor-ACeb_015-Ex1-10F-lcwgs-1-2-L3-clmp.r1	0.0	0.0	0.0	0.0	0.0	1.0	1.5	0.5	0.5	2.5	3.0	3.5	5.0	10.5	20.0	28.5	40.0	62.0	109.0	180.0	259.0	344.0	467.0	617.0	799.0	1024.5	1217.5	1409.5	1615.5	1791.5	2016.0	2281.5	2458.0	2573.0	2652.0	2681.0	2645.0	2542.5	2466.5	2394.5	2285.0	2126.5	1939.5	1793.5	1653.5	1505.5	1381.5	1270.5	1133.5	980.5	864.0	738.5	605.5	499.5	406.0	344.0	306.0	265.5	231.5	215.5	198.5	179.0	172.0	153.0	133.5	134.0	134.5	125.0	106.5	90.0	84.5	74.5	58.0	41.5	31.0	27.0	20.0	15.5	12.5	7.0	3.5	3.0	1.5	0.0	0.0	0.0	0.0	0.0	0.0	0.0	0.0	0.0	0.0	0.0	0.0	0.0	0.0	0.0	0.0	0.0	0.0
Sor-ACeb_015-Ex1-10F-lcwgs-1-2-L3-clmp.r2	0.0	0.0	0.0	0.0	0.0	0.5	1.0	0.5	1.5	2.0	0.5	2.0	6.5	11.0	14.5	22.5	38.5	68.0	109.5	169.5	254.0	357.0	471.0	609.0	792.0	989.5	1199.0	1431.0	1622.5	1806.5	2061.0	2268.5	2449.5	2596.0	2663.5	2709.0	2640.5	2526.5	2458.5	2387.5	2267.5	2119.0	1953.0	1783.5	1637.5	1501.0	1390.5	1271.5	1121.5	986.5	870.0	728.5	603.5	499.0	395.5	352.5	325.0	267.5	239.5	223.5	199.0	184.5	164.5	143.0	132.0	131.5	131.5	117.0	94.0	92.0	89.0	69.5	57.5	43.5	29.0	25.5	21.5	12.5	6.5	7.5	7.5	4.0	0.5	0.5	1.0	0.5	0.0	0.0	0.0	0.0	0.0	0.5	0.5	0.5	1.0	0.5	0.5	0.5	0.0	0.0	0.0
Sor-ACeb_016-Ex1-11F-lcwgs-1-2-L2-clmp.r1	0.0	0.5	0.5	0.0	0.5	1.0	2.0	4.5	6.5	7.0	7.0	10.5	22.5	36.0	51.5	84.0	165.5	279.5	441.0	678.5	1031.5	1521.0	2110.0	2916.5	3934.5	5201.0	6575.5	8053.0	9845.0	11675.0	13612.5	15773.0	17914.5	19480.5	20761.0	21953.0	22747.5	23246.0	23364.5	23206.5	22701.5	22060.5	21190.0	19996.5	18869.5	17778.0	16506.0	15188.5	14024.5	12782.0	11508.0	10060.0	8576.0	7412.5	6412.0	5478.0	4681.5	4040.5	3476.5	2998.5	2530.5	2154.5	1899.0	1637.5	1401.5	1217.5	1026.5	884.5	773.0	649.5	538.5	461.0	387.5	303.0	235.0	187.0	161.5	143.0	111.0	73.5	61.0	52.5	34.5	26.0	21.0	12.5	7.0	4.5	3.0	2.0	2.0	2.0	1.5	0.5	0.0	0.0	0.0	0.0	0.0	0.0	0.0
Sor-ACeb_016-Ex1-11F-lcwgs-1-2-L2-clmp.r2	0.0	0.0	0.5	0.5	0.5	1.0	3.0	5.0	5.5	5.5	5.0	9.5	20.5	34.5	57.5	87.5	151.0	258.5	420.5	659.0	1025.0	1507.5	2077.5	2900.0	3970.0	5204.0	6514.5	8004.5	9824.5	11772.5	13741.0	15841.0	17977.0	19525.0	20747.0	21885.0	22736.5	23312.5	23399.0	23175.5	22634.5	21992.0	21184.0	20004.5	18839.5	17724.5	16475.5	15166.5	14021.0	12834.0	11541.0	10042.5	8549.5	7407.0	6388.0	5465.0	4703.0	4045.0	3468.5	2992.5	2545.5	2152.0	1877.0	1654.5	1419.5	1201.0	1006.0	869.0	758.5	640.0	536.5	449.0	374.0	313.0	249.0	197.5	168.5	143.5	108.0	70.5	60.5	52.0	35.5	27.0	20.0	12.5	7.0	5.0	4.5	3.5	2.5	2.0	2.0	1.0	0.5	0.5	0.0	0.0	0.0	0.0	0.0
Sor-ACeb_016-Ex1-11F-lcwgs-1-2-L3-clmp.r1	0.0	0.0	0.0	0.5	0.5	0.0	0.5	1.5	1.0	5.0	9.0	11.5	18.0	26.5	43.0	75.5	143.0	232.0	361.5	584.0	862.0	1226.5	1736.5	2435.5	3304.0	4366.0	5551.5	6820.0	8298.0	9984.0	11727.0	13408.5	14936.0	16182.0	17429.0	18540.0	19281.0	19645.5	19705.0	19485.0	19100.5	18610.0	17788.0	17027.5	16220.5	15238.0	14192.0	13059.0	11997.0	10883.5	9878.5	8659.5	7425.5	6462.5	5435.0	4562.0	3888.5	3345.5	2891.5	2525.0	2180.5	1885.5	1659.0	1442.5	1204.5	1009.5	859.0	720.5	603.5	498.5	434.5	390.0	352.0	295.5	224.5	182.5	149.5	113.0	82.0	53.5	34.0	27.5	21.5	13.5	10.5	9.0	5.5	2.0	1.5	1.0	0.5	0.0	0.0	0.0	0.0	0.0	0.0	0.0	0.0	0.0	0.0
Sor-ACeb_016-Ex1-11F-lcwgs-1-2-L3-clmp.r2	0.0	0.0	0.0	1.0	1.0	0.0	1.0	2.5	2.0	3.0	8.0	11.5	17.0	24.5	37.0	75.5	154.5	248.0	362.0	561.5	838.5	1202.0	1720.5	2443.5	3292.0	4351.5	5557.0	6827.5	8323.0	10026.0	11767.0	13434.5	14927.5	16157.0	17445.5	18507.5	19247.5	19682.5	19701.5	19443.0	19066.0	18611.0	17790.5	16966.5	16146.0	15196.0	14154.5	13074.0	12049.0	10884.5	9844.0	8646.0	7423.0	6426.0	5452.5	4621.5	3892.5	3349.0	2925.0	2536.0	2182.0	1903.0	1661.0	1440.0	1199.5	1000.0	845.5	718.0	609.5	495.5	439.5	404.0	350.5	284.5	216.0	174.5	149.5	114.5	83.5	58.5	36.5	25.5	19.0	13.5	12.5	11.5	6.0	0.5	1.5	1.5	0.5	0.5	0.5	0.5	0.5	0.0	0.0	0.0	0.0	0.0	0.0
Sor-ACeb_017-Ex1-12F-lcwgs-1-2-L2-clmp.r1	0.0	0.0	0.0	0.5	0.5	1.0	2.0	1.5	1.5	3.0	4.5	7.0	16.5	28.0	43.0	77.5	125.0	216.0	376.5	567.0	894.5	1334.0	1806.0	2499.0	3347.0	4250.5	5291.0	6414.0	7655.5	8950.0	10209.5	11471.0	12729.0	13784.5	14547.5	15064.5	15301.0	15393.5	15398.0	15120.0	14623.0	13968.5	13229.0	12499.0	11641.5	10804.0	9984.5	9117.0	8291.5	7518.5	6790.0	5934.5	5059.0	4318.0	3681.5	3197.5	2775.0	2409.0	2096.0	1771.5	1502.0	1329.5	1183.5	1036.5	920.0	823.0	726.5	656.5	575.5	478.0	408.0	354.5	287.0	221.5	178.0	134.0	98.5	76.0	55.5	39.5	24.5	16.5	12.0	10.0	7.0	4.0	2.5	2.0	2.0	1.0	0.5	0.0	0.0	0.0	0.0	0.0	0.0	0.0	0.0	0.0	0.0
Sor-ACeb_017-Ex1-12F-lcwgs-1-2-L2-clmp.r2	0.0	0.0	0.0	0.0	0.0	0.5	1.0	1.0	1.5	2.5	3.0	5.0	15.0	28.5	44.0	77.5	124.0	226.0	392.5	586.0	881.5	1279.0	1800.5	2516.5	3367.5	4290.0	5302.5	6422.5	7709.5	8958.0	10186.0	11520.5	12747.0	13703.0	14497.5	15083.0	15301.5	15340.5	15338.5	15131.5	14677.5	14032.5	13218.5	12416.5	11617.0	10816.5	9978.0	9095.0	8264.0	7554.0	6806.0	5897.5	5045.0	4319.0	3679.5	3176.0	2754.0	2392.5	2108.5	1805.0	1510.5	1330.5	1188.0	1015.0	893.5	813.5	736.5	652.5	550.0	478.0	414.5	356.5	297.0	223.5	176.0	136.0	96.0	75.5	60.5	42.5	26.0	17.0	12.5	10.5	7.0	4.5	3.0	3.5	3.5	1.0	0.5	0.0	0.5	0.5	0.5	0.5	0.0	0.5	0.5	0.0	0.0
Sor-ACeb_017-Ex1-12F-lcwgs-1-2-L3-clmp.r1	0.0	0.0	0.0	0.0	0.0	0.5	1.0	1.0	1.0	0.5	1.5	6.0	13.5	20.0	26.5	60.5	122.5	196.0	316.5	550.5	861.0	1209.5	1692.5	2345.5	3143.5	4156.0	5154.0	6103.5	7299.5	8605.0	9802.5	11007.0	12257.0	13204.5	13948.5	14572.0	14855.0	14796.5	14628.5	14378.5	13916.5	13255.0	12556.5	11801.5	10862.0	10144.0	9476.0	8698.0	7953.0	7163.5	6450.5	5596.0	4722.0	4081.0	3527.5	3052.0	2622.0	2290.5	2004.5	1713.5	1483.5	1358.5	1271.0	1124.5	956.5	828.0	761.5	704.0	596.0	509.5	439.5	364.0	312.0	245.0	184.0	137.0	108.5	80.5	55.0	40.5	26.5	15.0	10.5	9.0	5.5	3.0	2.0	1.0	1.5	1.0	0.0	0.0	0.0	0.0	0.0	0.0	0.0	0.0	0.0	0.0	0.0
Sor-ACeb_017-Ex1-12F-lcwgs-1-2-L3-clmp.r2	0.0	0.0	0.0	0.0	0.0	0.0	0.5	1.5	2.0	1.5	2.0	4.5	10.5	14.5	21.0	57.5	123.5	205.5	320.0	541.0	839.5	1205.5	1725.5	2380.5	3160.0	4111.0	5132.5	6134.5	7354.5	8647.0	9729.0	10935.5	12291.0	13290.5	13931.0	14527.5	14835.5	14778.5	14658.5	14308.0	13887.0	13308.0	12554.5	11766.5	10842.0	10148.5	9452.0	8688.5	7980.0	7159.5	6411.0	5575.5	4717.0	4093.0	3536.0	3047.5	2630.0	2301.5	2008.5	1721.0	1503.0	1336.5	1232.5	1112.5	952.5	847.0	774.0	713.5	621.5	507.5	455.5	378.5	284.5	230.0	174.5	129.5	103.0	82.0	62.0	41.0	25.0	19.5	14.5	9.5	6.0	3.0	1.5	2.0	2.5	1.0	0.5	0.5	0.0	1.0	1.5	1.0	0.5	0.5	0.5	0.0	0.0
Sor-ACeb_018-Ex1-1G-lcwgs-1-2-L2-clmp.r1	0.0	0.0	0.0	0.0	0.0	0.5	1.0	1.0	2.0	2.5	2.0	5.0	9.5	14.0	22.5	41.0	62.0	98.0	137.0	194.5	291.5	393.5	512.0	638.5	779.0	962.5	1188.0	1356.0	1554.5	1794.0	1915.5	2085.5	2253.0	2373.5	2500.5	2561.0	2516.5	2431.5	2388.0	2313.0	2197.0	2048.0	1920.0	1821.0	1677.0	1538.0	1404.0	1262.0	1159.0	1018.0	884.5	805.5	690.5	562.5	472.5	398.5	339.0	306.5	266.5	225.5	186.0	158.0	156.5	149.0	129.0	112.5	104.0	91.5	82.0	66.5	53.0	51.0	39.0	28.0	23.0	15.0	9.0	5.5	2.5	1.0	1.0	1.0	0.5	0.5	1.5	1.0	0.0	0.0	1.0	1.5	0.5	0.0	0.0	0.0	0.0	0.0	0.0	0.0	0.0	0.0	0.0
Sor-ACeb_018-Ex1-1G-lcwgs-1-2-L2-clmp.r2	0.0	0.0	0.0	0.0	0.0	0.0	0.0	1.0	1.5	1.5	3.0	5.0	7.0	11.5	23.0	38.0	58.5	99.0	142.0	207.0	296.5	379.0	497.0	653.5	815.0	983.0	1175.0	1338.5	1543.0	1786.0	1920.5	2106.0	2290.0	2406.5	2524.0	2531.0	2461.5	2425.0	2395.0	2308.0	2180.5	2050.0	1929.0	1807.0	1676.0	1539.5	1385.0	1250.0	1146.5	1021.0	902.0	799.5	675.0	567.5	490.5	397.5	326.0	300.0	270.0	228.5	201.5	169.5	152.5	145.0	121.5	102.0	99.0	90.5	79.5	69.5	57.0	42.5	27.0	25.0	23.0	18.0	13.0	9.0	6.5	3.0	1.5	2.5	2.5	1.5	1.5	1.5	1.0	0.5	1.0	2.0	1.0	0.0	0.0	0.0	0.0	0.0	0.5	1.0	0.5	0.0	0.0
Sor-ACeb_018-Ex1-1G-lcwgs-1-2-L3-clmp.r1	0.0	0.0	0.0	0.0	0.0	0.0	0.5	2.5	3.5	3.5	6.0	6.0	7.5	10.5	21.0	42.5	60.0	90.0	134.5	195.5	289.0	367.0	461.0	629.0	800.0	934.5	1060.5	1243.0	1465.5	1662.0	1824.0	2003.0	2176.0	2271.5	2366.5	2418.5	2396.5	2359.0	2315.0	2219.0	2103.0	2001.0	1893.0	1778.5	1599.0	1466.5	1386.0	1235.5	1075.0	978.5	922.0	787.5	647.0	566.5	479.5	396.0	327.0	284.5	258.5	232.5	195.5	176.0	170.0	155.5	137.5	118.5	105.0	90.0	73.0	70.5	66.5	55.0	44.0	37.5	30.0	19.5	14.0	10.0	7.0	5.5	3.0	1.0	1.0	0.5	0.0	0.0	0.0	0.0	0.0	0.0	0.0	0.0	0.0	0.0	0.0	0.0	0.0	0.0	0.0	0.0	0.0
Sor-ACeb_018-Ex1-1G-lcwgs-1-2-L3-clmp.r2	0.0	0.0	0.0	0.0	0.0	0.5	2.0	2.5	1.0	2.0	5.5	6.5	8.5	11.0	19.5	40.5	58.5	87.0	139.0	200.5	296.5	390.5	478.5	609.5	771.5	953.5	1075.0	1234.5	1452.5	1669.0	1868.5	2009.5	2145.5	2266.0	2358.5	2416.0	2401.0	2339.0	2306.0	2214.5	2094.0	2013.5	1896.0	1783.0	1614.5	1459.5	1363.0	1246.5	1116.0	994.5	896.5	741.0	622.5	578.0	478.5	383.0	337.5	293.5	256.0	231.0	208.0	174.0	158.5	142.0	127.0	120.0	107.0	94.5	76.0	64.0	61.0	55.5	49.0	46.0	36.0	20.0	11.0	8.5	7.5	4.5	3.0	1.5	1.0	0.5	0.0	0.5	0.5	0.0	0.0	0.0	0.0	0.0	0.5	0.5	0.5	0.5	0.0	0.0	0.0	0.0	0.0
Sor-ACeb_019-Ex1-3G-lcwgs-1-2-L2-clmp.r1	0.0	0.0	0.0	0.0	0.0	0.0	1.5	2.0	0.5	0.5	1.0	1.5	3.0	9.5	12.5	14.0	22.5	32.5	49.0	79.0	109.0	143.0	179.5	226.0	263.0	303.5	350.5	408.0	485.5	533.0	551.0	581.5	624.0	631.0	637.0	632.0	613.5	622.0	632.5	640.0	606.0	532.0	489.0	454.5	416.0	402.5	380.0	345.5	310.0	269.0	255.0	230.0	183.0	140.5	108.5	89.0	81.0	75.0	65.0	64.5	56.5	49.0	43.5	36.0	28.0	15.5	11.0	12.0	13.0	11.0	7.5	4.5	3.0	3.5	3.0	3.0	2.5	1.0	0.0	0.5	0.5	0.5	0.5	0.0	0.0	0.0	0.0	0.0	0.0	0.0	0.0	0.0	0.0	0.0	0.0	0.0	0.0	0.0	0.0	0.0	0.0
Sor-ACeb_019-Ex1-3G-lcwgs-1-2-L2-clmp.r2	0.0	0.0	0.0	0.0	0.0	0.0	0.0	0.0	0.0	1.5	2.0	2.0	3.5	6.0	11.5	18.0	23.0	33.5	53.0	85.0	111.5	140.5	183.0	235.0	275.5	304.0	357.5	408.5	448.0	494.5	545.0	590.5	620.0	635.5	656.5	671.5	644.0	623.5	621.0	602.0	583.0	541.0	498.0	476.0	429.0	390.0	375.0	337.0	300.0	274.0	249.0	217.5	183.5	148.5	119.0	95.0	81.5	85.5	72.5	58.5	52.5	44.5	35.0	27.0	24.5	19.5	14.0	11.0	11.5	12.0	7.5	5.5	6.5	4.5	4.0	3.5	2.0	1.5	0.5	0.0	0.0	0.5	0.5	0.5	0.5	0.0	0.0	0.0	0.0	0.0	0.0	0.0	0.0	0.0	0.0	0.0	0.0	0.0	0.0	0.0	0.0
Sor-ACeb_019-Ex1-3G-lcwgs-1-2-L3-clmp.r1	0.0	0.0	0.0	0.0	0.0	0.0	0.0	0.5	0.5	0.5	1.5	2.5	4.0	7.5	10.0	14.0	22.0	32.0	47.5	71.0	104.0	134.5	155.0	196.5	242.0	271.5	299.5	348.5	389.5	429.5	497.5	518.0	519.0	559.5	585.0	588.0	578.5	526.5	492.0	508.0	504.0	473.5	420.5	378.5	354.5	329.0	331.5	305.5	255.5	229.5	209.5	193.5	182.5	144.5	106.0	93.5	81.0	73.0	62.5	40.5	36.5	39.5	31.5	26.5	22.5	20.5	14.0	10.0	17.0	19.0	13.0	9.0	7.0	7.5	8.5	4.5	1.0	0.0	0.5	1.5	1.0	0.0	0.0	0.0	0.0	0.5	0.5	0.0	0.0	0.0	0.0	0.0	0.0	0.0	0.0	0.0	0.0	0.0	0.0	0.0	0.0
Sor-ACeb_019-Ex1-3G-lcwgs-1-2-L3-clmp.r2	0.0	0.0	0.0	0.0	0.0	0.0	0.0	0.0	0.0	0.0	0.5	3.0	5.0	5.0	8.5	13.5	23.5	34.0	47.5	78.0	108.5	130.5	154.0	197.5	236.0	265.0	316.5	365.0	395.5	420.5	488.0	527.5	523.5	555.0	571.5	576.5	564.0	518.5	499.0	501.5	489.5	475.0	427.0	374.5	345.0	330.5	329.0	304.0	261.5	231.5	217.0	194.5	178.5	147.5	109.5	98.5	89.0	72.5	59.0	45.5	40.0	38.5	30.0	27.0	23.0	17.0	13.5	11.5	16.0	17.0	13.0	9.5	6.0	6.0	7.0	4.5	1.5	0.5	1.0	2.0	1.0	0.0	0.0	0.0	0.0	0.0	0.0	0.0	0.0	0.0	0.0	0.5	0.5	0.0	0.0	0.0	0.0	0.0	0.0	0.0	0.0
Sor-ACeb_020-Ex1-2G-lcwgs-1-2-L2-clmp.r1	0.0	0.0	0.0	0.0	0.0	0.0	0.0	0.5	0.5	1.0	1.0	1.0	1.5	2.5	5.5	12.0	27.0	40.0	41.0	52.0	71.5	97.0	134.5	156.0	178.0	221.0	265.0	296.5	314.0	334.0	347.5	374.5	401.5	414.0	432.5	425.5	421.0	431.0	407.0	381.0	366.0	342.5	320.5	298.5	277.5	253.0	239.0	237.0	212.5	177.5	175.0	166.5	141.0	116.5	88.0	77.5	74.5	59.0	49.5	44.0	33.0	26.0	25.0	26.0	23.0	23.0	25.0	17.0	8.5	7.5	6.5	3.5	2.5	3.0	2.5	1.5	1.5	2.0	1.5	0.5	0.5	1.0	0.5	0.0	0.0	0.0	0.0	0.0	0.0	0.0	0.0	0.0	0.0	0.0	0.0	0.0	0.0	0.0	0.0	0.0	0.0
Sor-ACeb_020-Ex1-2G-lcwgs-1-2-L2-clmp.r2	0.0	0.0	0.0	0.0	0.0	0.0	0.0	0.5	1.0	0.5	0.0	1.0	1.5	3.0	5.0	9.5	22.0	38.0	47.5	57.0	71.5	99.0	132.0	154.5	176.5	214.0	266.0	299.5	321.5	339.5	349.0	379.5	406.0	406.0	415.0	428.0	421.0	409.0	401.5	387.0	373.0	351.5	313.0	293.0	286.0	267.5	249.0	226.5	202.0	186.0	181.5	161.5	136.0	111.0	81.5	81.5	79.5	60.5	48.5	45.5	35.5	24.5	27.0	27.5	25.0	22.5	19.5	13.5	6.0	8.0	10.0	4.5	2.5	3.0	2.0	1.5	2.0	2.5	1.5	0.5	0.5	1.0	0.5	0.0	0.0	0.0	0.0	0.0	0.5	0.5	0.0	0.0	0.0	0.0	0.0	0.0	0.0	0.0	0.0	0.0	0.0
Sor-ACeb_020-Ex1-2G-lcwgs-1-2-L3-clmp.r1	0.0	0.0	0.0	0.0	0.0	0.0	0.0	0.0	0.0	1.0	1.5	0.5	2.0	5.5	6.5	11.5	16.5	21.5	37.0	51.0	78.5	118.5	140.0	160.0	196.0	240.5	264.5	274.0	307.0	343.5	386.0	407.0	417.5	423.0	449.5	488.5	473.5	434.0	400.5	386.0	396.5	385.0	344.5	321.0	305.5	287.0	256.5	242.5	220.5	186.5	174.0	159.0	140.5	135.0	111.0	83.0	67.0	59.5	58.5	53.5	45.5	34.5	28.0	22.0	22.5	21.0	15.0	15.0	14.0	14.5	18.5	14.0	7.0	4.5	4.0	3.5	2.5	2.0	2.0	1.0	0.0	0.5	1.0	0.5	0.0	0.0	0.0	0.0	0.0	0.0	0.0	0.0	0.0	0.0	0.0	0.0	0.0	0.0	0.0	0.0	0.0
Sor-ACeb_020-Ex1-2G-lcwgs-1-2-L3-clmp.r2	0.0	0.0	0.0	0.0	0.0	0.5	0.5	0.0	0.0	0.0	0.0	0.5	3.0	5.5	6.5	12.0	19.0	24.0	38.5	55.5	75.5	107.0	146.0	166.0	180.0	224.5	271.0	290.0	310.0	349.0	402.5	430.5	421.5	418.0	434.0	457.5	457.0	441.0	416.5	401.0	406.5	397.5	349.0	318.0	306.0	272.5	248.0	236.5	215.0	182.5	171.5	162.5	146.5	129.0	103.0	83.5	64.5	57.5	60.0	52.0	40.0	33.5	30.0	23.5	19.5	22.0	20.0	15.5	13.0	11.5	14.0	12.5	7.0	6.0	5.0	3.0	3.0	2.5	2.5	1.5	0.0	1.0	1.0	0.0	0.0	0.5	0.5	0.0	0.0	0.0	0.0	0.0	0.0	0.0	0.0	0.0	0.0	0.0	0.0	0.0	0.0
Sor-ACeb_021-Ex1-4G-lcwgs-1-2-L2-clmp.r1	0.0	0.0	0.0	0.0	0.0	0.0	0.5	1.0	0.5	0.0	0.5	1.0	0.5	0.5	1.5	2.0	4.0	6.0	6.5	9.5	14.5	21.0	26.5	25.0	31.0	41.5	44.0	49.0	55.0	59.0	67.5	75.0	69.0	60.5	62.5	74.5	86.5	84.0	74.5	65.0	58.5	61.0	54.5	41.5	45.0	47.5	38.0	34.5	36.0	32.5	23.0	15.0	17.0	19.5	14.0	10.0	8.0	6.0	7.0	6.5	6.0	5.0	3.0	2.5	3.5	5.0	3.0	1.0	1.5	1.5	0.5	0.5	1.0	1.0	1.0	1.0	1.0	0.5	0.0	0.0	0.0	0.0	0.0	0.0	0.0	0.0	0.0	0.0	0.0	0.0	0.0	0.0	0.0	0.0	0.0	0.0	0.0	0.0	0.0	0.0	0.0
Sor-ACeb_021-Ex1-4G-lcwgs-1-2-L2-clmp.r2	0.0	0.0	0.0	0.0	0.0	0.0	0.0	0.0	0.0	0.0	0.0	0.5	1.0	1.0	2.5	3.0	2.5	6.5	9.0	8.0	10.5	17.0	23.0	29.5	35.0	41.0	46.5	46.5	52.0	59.5	68.0	72.5	70.5	71.5	67.0	77.0	93.5	81.5	66.0	61.5	65.0	64.0	50.5	41.0	45.0	48.5	38.5	34.0	35.5	29.5	20.0	12.0	14.0	18.0	13.0	9.5	6.5	4.5	7.5	8.0	6.5	5.5	4.0	3.5	4.0	5.5	3.5	1.0	2.5	3.0	1.0	0.5	1.0	1.0	1.0	1.0	0.5	0.0	0.0	0.0	0.0	0.0	0.0	0.0	0.0	0.0	0.0	0.0	0.0	0.0	0.0	0.0	0.0	0.0	0.0	0.0	0.0	0.0	0.0	0.0	0.0
Sor-ACeb_021-Ex1-4G-lcwgs-1-2-L3-clmp.r1	0.0	0.0	0.0	0.0	0.0	0.0	0.0	0.0	0.0	0.5	1.0	1.0	1.0	0.5	0.5	3.0	5.5	6.0	4.5	3.5	8.0	14.5	21.5	26.0	24.5	25.0	29.5	36.0	43.0	57.0	65.5	62.0	65.5	67.5	60.0	55.0	60.0	71.0	68.0	62.5	59.5	55.5	51.5	40.5	33.5	32.0	30.0	30.0	30.0	27.0	28.5	28.0	23.5	17.0	14.5	13.5	13.5	14.0	13.0	11.5	6.5	4.5	5.5	6.0	5.0	3.0	1.0	1.0	1.0	0.0	1.0	2.5	2.0	0.5	0.0	0.5	1.0	1.0	0.5	0.5	0.5	0.0	0.0	0.0	0.0	0.0	0.0	0.0	0.0	0.0	0.0	0.0	0.0	0.0	0.0	0.0	0.0	0.0	0.0	0.0	0.0
Sor-ACeb_021-Ex1-4G-lcwgs-1-2-L3-clmp.r2	0.0	0.0	0.0	0.0	0.0	0.0	0.0	0.0	0.0	0.0	0.5	1.0	1.5	1.0	1.5	3.0	3.5	4.0	4.5	5.5	7.0	12.0	18.5	22.0	25.0	28.0	31.0	39.5	43.5	53.5	65.5	63.5	63.5	64.5	61.5	58.0	62.5	73.5	76.0	65.5	59.5	55.5	49.0	44.0	39.5	35.0	29.0	28.0	28.5	27.5	27.5	23.5	19.5	16.5	14.5	14.0	13.5	13.5	13.0	11.0	6.0	5.0	6.5	6.0	4.0	2.5	1.0	1.0	2.0	1.5	1.0	1.5	1.5	0.5	0.0	0.5	1.0	1.0	0.5	0.5	0.5	0.0	0.0	0.0	0.0	0.0	0.0	0.0	0.0	0.0	0.0	0.0	0.0	0.0	0.0	0.0	0.0	0.0	0.0	0.0	0.0
Sor-ACeb_022-Ex1-5G-lcwgs-1-2-L2-clmp.r1	0.0	0.0	0.0	0.5	1.5	3.0	3.0	2.5	7.0	16.0	17.0	20.5	35.5	63.0	97.0	131.5	174.0	229.0	297.5	384.0	462.5	506.5	563.0	667.0	761.0	805.5	880.0	950.0	1005.5	1049.0	1046.0	1072.5	1111.0	1088.5	1097.5	1133.5	1101.5	1042.5	980.0	922.5	893.0	861.0	838.0	838.0	802.5	761.0	710.5	654.0	611.5	589.0	564.5	505.5	429.5	379.5	368.0	354.0	332.0	310.5	310.0	316.5	321.0	348.5	365.0	367.0	384.0	400.5	394.5	364.5	330.0	276.5	222.0	197.5	170.5	134.5	104.0	91.0	73.0	54.0	44.5	26.5	12.5	9.5	7.0	4.0	3.5	1.5	0.5	0.0	0.0	0.0	0.0	0.0	0.0	0.0	0.0	0.0	0.0	0.0	0.0	0.0	0.0
Sor-ACeb_022-Ex1-5G-lcwgs-1-2-L2-clmp.r2	0.0	0.0	0.0	0.5	1.5	2.5	2.0	2.0	6.5	12.5	16.5	23.0	34.5	57.5	84.5	135.0	194.0	244.5	293.0	365.5	451.0	515.0	589.0	678.5	742.5	793.5	874.5	946.0	1012.5	1019.5	1022.0	1095.5	1122.0	1094.5	1099.5	1117.0	1092.0	1037.5	973.5	915.5	903.0	875.0	834.0	825.5	805.5	754.5	705.5	672.0	621.0	568.5	538.5	506.0	435.5	392.5	394.5	381.5	357.5	335.0	321.5	319.5	330.0	332.0	342.0	375.5	377.0	376.0	370.0	341.5	306.5	277.0	243.0	217.0	178.0	125.0	102.5	96.0	83.5	61.5	47.5	29.0	15.0	10.0	5.5	4.5	3.5	1.0	0.0	0.0	0.0	0.5	0.5	0.0	0.0	0.0	0.5	0.5	0.0	0.0	0.0	0.0	0.0
Sor-ACeb_022-Ex1-5G-lcwgs-1-2-L3-clmp.r1	0.0	0.0	0.0	0.0	1.5	3.0	4.0	5.0	6.5	12.0	16.5	23.0	37.5	50.5	69.5	104.0	139.0	198.0	266.0	317.5	378.0	437.5	520.0	620.5	679.0	742.5	779.5	775.0	835.0	899.5	919.0	943.0	977.5	995.0	1013.0	978.5	917.0	908.5	871.0	821.0	812.0	784.0	738.0	687.0	652.0	634.0	630.0	622.5	583.0	553.5	523.0	480.5	458.5	420.0	356.0	325.0	329.5	316.5	295.5	312.0	323.0	333.5	353.5	348.5	364.5	367.0	334.5	340.0	334.5	302.0	248.5	197.0	168.5	134.0	114.5	100.0	71.5	51.0	40.0	27.5	16.5	10.0	4.0	2.5	1.5	0.5	1.0	1.0	0.5	0.0	0.0	0.0	0.0	0.0	0.0	0.0	0.0	0.0	0.0	0.0	0.0
Sor-ACeb_022-Ex1-5G-lcwgs-1-2-L3-clmp.r2	0.0	0.0	0.0	0.5	3.0	3.0	1.0	4.0	5.5	10.0	19.0	26.5	32.5	50.5	74.5	98.5	133.5	191.0	250.0	307.0	390.0	447.0	511.5	601.0	685.5	748.0	777.5	803.0	845.0	896.0	933.5	965.0	988.0	999.5	1007.0	978.5	928.0	887.0	856.5	816.0	779.5	765.5	734.5	693.0	674.5	646.0	622.5	620.5	577.5	545.5	507.5	481.0	481.0	432.0	377.0	339.5	320.5	317.0	313.0	301.5	306.5	339.5	362.5	355.0	358.0	382.0	354.0	328.0	317.5	287.5	242.0	197.0	180.0	146.0	111.0	89.5	61.5	43.0	40.5	32.0	18.5	10.0	4.5	5.0	3.0	1.0	1.0	0.5	0.0	0.5	0.5	0.0	0.0	0.0	0.0	0.0	0.0	0.0	0.0	0.0	0.0
Sor-CPnd_001-Ex1-3E-lcwgs-1-2-L2-clmp.r1	1.0	2.0	6.5	14.5	23.0	35.0	54.0	79.0	109.5	145.0	212.5	313.0	459.5	713.0	1099.5	1765.5	2726.0	3966.5	5684.0	7961.5	10690.0	13785.5	17579.0	21924.0	26481.5	31429.0	36581.0	41544.5	46564.5	51472.5	55819.5	59886.5	63773.5	67045.0	69610.0	71522.0	72335.0	72089.0	71489.5	70166.0	68040.0	65462.5	62355.0	58902.0	55863.0	52375.5	48538.5	45107.5	41446.0	38058.5	34967.5	30951.5	26562.5	23314.5	20372.0	17465.5	14964.5	12858.5	11023.5	9258.0	7818.0	6721.5	5628.0	4603.5	3652.0	2856.0	2250.0	1802.5	1400.5	1035.5	780.0	581.5	456.0	358.0	273.5	218.0	175.5	141.5	114.0	85.5	70.0	55.0	41.0	25.5	14.0	13.0	12.0	10.5	7.5	5.0	3.0	1.0	0.5	0.0	0.0	0.0	0.0	0.0	0.0	0.0	0.0
Sor-CPnd_001-Ex1-3E-lcwgs-1-2-L2-clmp.r2	2.0	4.0	6.5	7.0	15.0	32.5	48.5	64.0	94.0	127.5	192.5	301.5	465.5	718.0	1064.5	1660.5	2568.0	3803.0	5468.0	7648.5	10466.0	13697.0	17372.5	21560.5	26151.0	31181.5	36359.5	41459.5	46499.5	51245.0	55730.5	60139.5	63942.0	66787.5	69381.5	71380.0	72310.5	72498.5	72021.5	70369.0	67984.0	65627.5	62792.0	59311.0	55977.5	52437.0	48519.5	44828.0	41352.0	38170.5	34929.5	31004.0	26762.5	23395.0	20310.0	17604.5	15269.5	12975.5	11091.0	9394.0	7939.5	6636.5	5503.0	4616.0	3710.5	2924.0	2320.0	1845.5	1424.0	1028.0	791.0	617.5	475.0	373.5	282.5	228.0	188.0	151.0	130.5	102.5	82.0	60.5	47.5	38.0	23.5	22.0	20.5	18.0	15.5	11.5	9.0	8.0	6.0	3.0	2.5	4.0	4.5	3.5	2.5	1.5	1.0
Sor-CPnd_001-Ex1-3E-lcwgs-1-2-L3-clmp.r1	0.0	1.5	6.5	8.0	11.0	31.0	59.5	79.0	102.5	142.5	202.5	297.5	424.0	650.5	1030.5	1557.5	2366.0	3494.5	4971.5	6800.0	9074.0	11865.0	15143.0	18856.5	22566.0	26513.0	31067.0	35532.0	39670.0	43430.5	47068.0	50468.0	53559.5	56316.5	58777.5	60509.0	61054.0	61005.0	60553.5	59488.0	57785.5	55744.5	53253.5	50688.5	47984.0	45090.5	41912.0	38623.0	35653.0	32712.5	30220.5	27055.0	23381.0	20346.0	17559.5	15179.0	13022.0	11273.5	9835.0	8355.5	6966.5	5785.5	4769.5	3927.5	3221.0	2587.0	2009.5	1557.0	1229.0	945.5	732.0	562.0	409.5	312.5	253.5	213.5	176.5	132.0	100.5	85.5	77.0	54.0	31.5	24.5	21.5	18.5	12.5	7.0	4.0	1.5	0.5	0.0	0.0	0.0	0.0	0.0	0.0	0.0	0.0	0.0	0.0
Sor-CPnd_001-Ex1-3E-lcwgs-1-2-L3-clmp.r2	0.0	4.0	8.5	9.0	15.0	27.5	45.0	68.5	88.5	110.5	161.0	257.5	401.0	613.0	947.0	1456.0	2216.5	3314.0	4765.5	6631.0	8941.0	11667.0	14899.0	18511.5	22373.5	26405.0	30719.0	35114.0	39365.0	43312.5	46981.0	50410.5	53514.0	56504.5	58949.0	60302.5	61131.5	61339.0	60623.5	59508.5	57979.5	55897.5	53437.5	50696.0	47831.0	45149.5	42123.5	38955.5	35941.5	32881.5	30305.0	27078.0	23391.0	20427.5	17707.5	15216.0	13170.5	11466.0	9839.0	8328.0	7009.5	5891.5	4873.5	3987.0	3247.0	2624.0	2037.5	1581.0	1248.5	973.5	760.0	572.5	428.0	337.5	272.5	211.5	174.0	141.5	106.0	87.0	82.0	62.5	40.5	33.0	26.5	21.5	17.5	14.0	9.0	4.0	7.0	8.5	4.0	2.5	1.5	3.5	5.5	3.5	2.0	2.0	1.0
Sor-CPnd_002-Ex1-5E-lcwgs-1-2-L2-clmp.r1	0.0	1.0	2.0	4.5	13.0	21.5	30.0	39.5	50.0	82.0	125.0	177.5	268.5	427.5	638.0	1028.5	1592.5	2297.0	3283.5	4542.5	6034.5	7708.5	9665.0	11956.0	14500.5	17038.0	19625.5	22380.5	25125.0	27597.0	30056.5	32368.5	34255.0	35903.0	37688.0	39131.5	39993.0	40474.5	40339.0	40045.0	39482.0	38434.0	37093.0	35743.0	34191.0	32544.5	30878.5	29190.5	27491.5	25617.0	23977.5	21802.0	19208.5	17145.5	15202.0	13424.0	11793.5	10226.5	8974.0	7882.0	6776.5	5720.5	4826.0	4128.0	3451.5	2816.0	2224.5	1747.5	1430.5	1150.5	901.0	677.0	494.5	380.5	303.0	230.5	169.0	136.0	119.5	96.5	78.0	56.5	37.0	25.5	17.5	11.5	10.0	8.5	5.5	3.0	1.0	0.0	0.0	0.0	0.0	0.0	0.0	0.0	0.0	0.0	0.0
Sor-CPnd_002-Ex1-5E-lcwgs-1-2-L2-clmp.r2	3.0	2.0	1.0	3.0	6.5	10.5	20.0	36.0	54.0	67.5	101.0	172.5	245.0	373.0	623.5	991.5	1507.0	2223.0	3146.0	4389.0	5845.5	7504.5	9519.0	11890.5	14328.0	16870.0	19644.0	22411.0	25078.5	27623.0	30220.0	32331.5	34012.5	35672.0	37497.5	39075.0	40032.0	40535.0	40635.0	40344.0	39541.5	38595.5	37243.5	35741.0	34260.0	32755.5	30991.5	29129.0	27533.0	25822.0	24093.5	21721.0	19247.5	17190.0	15166.5	13377.5	11751.5	10261.5	9017.5	7911.5	6785.0	5747.5	4883.0	4149.5	3449.0	2805.0	2202.5	1744.0	1436.0	1150.5	897.0	685.0	517.5	399.5	312.0	235.0	167.0	131.5	118.5	97.5	80.5	59.0	38.0	26.5	19.5	14.0	11.0	13.5	13.0	8.0	4.5	4.0	4.0	3.5	2.0	3.0	3.0	1.5	0.5	0.0	0.0
Sor-CPnd_002-Ex1-5E-lcwgs-1-2-L3-clmp.r1	1.0	1.0	2.0	1.5	3.0	13.0	20.5	32.0	50.5	67.0	98.0	156.0	254.0	407.0	599.0	905.5	1374.5	1982.0	2829.0	3995.5	5378.5	6988.0	8738.0	10635.5	12840.0	15213.5	17697.5	20389.5	22975.5	25354.0	27610.5	29658.0	31681.0	33467.0	34844.0	35995.0	36646.0	36738.5	36817.0	36726.0	36122.5	35326.0	34284.0	32938.5	31598.5	29963.5	28203.0	26414.0	24731.0	23272.0	21790.0	19780.0	17328.5	15304.5	13581.0	11988.0	10637.5	9439.5	8235.5	7004.5	5942.5	5112.5	4405.5	3752.0	3052.5	2405.5	1907.0	1531.0	1209.5	947.0	740.5	566.5	454.5	386.0	280.5	191.5	164.0	143.0	111.0	84.0	64.0	39.0	22.0	18.0	9.5	3.5	6.5	7.0	3.5	1.0	0.5	1.5	1.5	1.0	0.5	0.0	0.0	0.0	0.0	0.0	0.0
Sor-CPnd_002-Ex1-5E-lcwgs-1-2-L3-clmp.r2	2.0	2.0	1.5	2.5	6.0	9.0	17.0	30.0	45.0	61.0	83.5	124.5	217.5	373.0	577.5	904.5	1351.0	1923.0	2752.5	3899.0	5303.0	6796.0	8464.5	10472.5	12718.5	15175.5	17735.5	20245.0	22891.0	25417.0	27649.5	29634.5	31594.0	33516.5	34778.5	35743.5	36498.5	36817.5	37051.5	36861.0	36135.0	35421.5	34345.5	32934.5	31576.5	29957.5	28240.5	26563.5	24963.5	23383.0	21938.5	19843.5	17389.0	15355.0	13511.0	11997.0	10676.0	9459.5	8277.0	7075.0	5992.5	5183.0	4454.5	3763.0	3076.5	2412.0	1883.0	1520.5	1201.5	950.0	758.0	574.5	454.0	381.0	291.5	207.5	164.5	144.0	114.5	92.5	73.5	41.5	25.5	22.0	14.5	9.5	11.0	9.5	5.5	2.5	2.0	3.0	3.5	4.5	4.0	2.5	1.0	0.5	0.5	0.5	0.5
Sor-CPnd_003-Ex1-2B-lcwgs-1-2-L2-clmp.r1	0.0	0.5	0.5	1.5	2.5	4.5	5.5	8.0	16.5	26.0	40.0	58.0	96.5	169.0	267.0	448.0	719.5	1067.5	1526.0	2187.0	3051.5	4066.5	5271.0	6673.0	8170.0	9852.0	11721.0	13394.5	15008.5	16719.0	18423.5	19844.0	21216.5	22695.0	23778.0	24469.5	24996.0	25209.5	25122.5	24955.5	24624.0	23903.5	23051.5	22049.5	20898.5	19786.0	18650.5	17575.0	16390.5	15241.5	14190.5	12606.0	10793.5	9484.5	8395.0	7308.5	6292.5	5414.5	4683.5	4033.5	3405.5	2867.0	2402.5	1982.0	1638.5	1328.0	1033.5	827.5	669.0	510.0	398.5	332.0	237.5	163.0	131.5	110.0	97.0	79.0	54.0	43.0	37.0	24.5	18.0	16.5	13.0	5.5	1.5	1.5	1.5	0.5	0.0	0.0	0.0	0.0	0.0	0.0	0.0	0.0	0.0	0.0	0.0
Sor-CPnd_003-Ex1-2B-lcwgs-1-2-L2-clmp.r2	0.0	0.0	0.5	1.0	2.0	2.5	5.0	10.5	17.5	29.0	43.0	62.5	91.0	141.0	245.0	410.5	688.5	1059.5	1500.5	2122.5	2976.0	4011.0	5277.5	6593.5	7994.0	9655.5	11490.0	13246.5	14857.5	16571.5	18325.0	19826.5	21241.0	22717.5	23690.0	24349.0	25161.0	25486.0	25271.0	25158.5	24757.0	23888.5	22911.0	21994.5	21038.0	19891.5	18631.5	17566.0	16500.5	15322.5	14265.0	12571.0	10788.0	9543.5	8433.5	7360.5	6302.0	5447.5	4739.0	4068.5	3429.0	2862.0	2407.5	2002.5	1646.5	1338.5	1038.5	830.0	679.0	521.5	394.0	315.0	248.0	181.0	143.5	116.5	90.5	78.5	66.5	53.5	39.5	30.5	24.0	20.5	16.0	8.5	6.5	5.0	2.5	2.5	2.0	2.5	3.0	3.0	3.0	1.0	0.0	0.0	0.5	0.5	0.5
Sor-CPnd_003-Ex1-2B-lcwgs-1-2-L3-clmp.r1	0.0	0.0	0.5	2.0	4.5	6.0	7.5	15.0	25.5	30.5	42.0	58.0	96.5	184.5	304.0	452.5	700.5	1088.0	1671.0	2387.0	3218.5	4362.5	5728.5	7261.5	9060.5	10990.5	12905.0	14729.5	16777.0	18877.5	20612.0	22450.0	24179.5	25693.5	26976.5	27924.0	28503.0	28678.5	28516.0	28105.5	27644.0	26877.0	25940.5	24945.0	23768.0	22427.0	21092.5	19789.5	18301.0	16792.5	15565.5	14008.0	12216.0	10738.0	9397.0	8181.5	7136.5	6236.5	5336.5	4531.5	3867.0	3248.5	2750.5	2275.5	1834.0	1469.5	1136.5	907.0	719.0	562.5	431.0	317.5	250.0	206.0	169.5	132.0	97.0	75.0	63.5	41.5	25.5	18.5	14.5	18.5	18.5	10.5	6.0	6.0	3.5	1.0	1.0	0.5	0.0	0.0	0.0	0.0	0.0	0.0	0.0	0.0	0.0
Sor-CPnd_003-Ex1-2B-lcwgs-1-2-L3-clmp.r2	0.0	0.0	1.5	3.0	3.0	5.0	6.5	7.5	15.5	25.5	40.0	59.5	100.0	166.0	273.5	421.0	664.0	1073.0	1601.5	2275.0	3202.5	4333.5	5608.0	7121.0	8904.5	10822.0	12708.0	14562.0	16531.5	18772.0	20686.5	22445.5	24197.5	25588.5	26762.0	27702.0	28458.0	28770.0	28729.0	28327.5	27831.0	27097.0	25984.5	24884.5	23703.5	22443.5	21105.0	19728.0	18288.5	16875.0	15622.0	14059.5	12318.5	10859.0	9502.5	8220.5	7097.5	6226.5	5428.5	4656.0	3953.5	3293.0	2789.5	2342.0	1881.5	1485.0	1167.0	913.0	718.0	577.5	439.5	326.5	264.0	233.0	182.0	131.0	105.5	82.0	64.0	50.5	37.5	22.5	19.0	18.5	14.5	11.0	10.5	10.5	7.0	3.0	1.0	2.0	2.5	2.0	1.5	2.5	2.0	0.5	1.5	1.0	0.0
Sor-CPnd_004-Ex1-1G-lcwgs-1-2-L2-clmp.r1	6.0	5.0	4.5	12.5	26.5	49.0	70.0	91.0	130.0	202.0	302.5	432.0	637.0	988.5	1593.5	2467.5	3789.0	5603.5	7969.5	10998.5	14651.0	19061.0	24203.0	30021.5	36313.0	43004.0	49897.5	56780.0	63295.0	69600.5	75816.5	81482.5	86472.5	90520.5	93696.0	95973.5	96865.0	96609.5	95729.5	93791.5	91053.0	87789.0	83725.0	79524.5	75352.5	70883.0	66072.0	61309.0	56958.0	52699.0	48768.0	43572.0	37810.0	33234.5	29072.5	25329.0	21992.5	19132.0	16734.0	14598.0	12470.0	10469.5	8757.0	7250.0	5884.0	4669.0	3606.0	2824.5	2184.5	1669.5	1314.5	993.0	746.0	578.0	444.0	342.0	274.5	228.5	197.5	155.5	109.0	79.0	57.5	42.0	30.5	18.5	12.5	10.5	8.5	6.0	1.5	0.0	0.0	0.0	0.0	0.0	0.0	0.0	0.0	0.0	0.0
Sor-CPnd_004-Ex1-1G-lcwgs-1-2-L2-clmp.r2	9.0	6.0	6.0	11.5	21.0	38.0	56.0	76.5	120.5	171.5	244.5	382.0	584.0	906.0	1466.0	2356.5	3606.5	5329.5	7697.5	10747.0	14421.5	18835.0	23912.0	29768.5	36130.0	42619.5	49497.5	56208.5	63101.5	69467.0	75587.0	81545.0	86378.5	90344.0	93529.5	95961.5	96944.0	96848.5	95799.5	93715.0	91167.5	88050.0	84115.0	79835.0	75641.5	71337.5	66363.0	61497.5	57250.0	52982.5	49050.0	43792.0	37928.5	33420.0	29209.0	25373.0	22189.0	19369.0	16750.0	14499.0	12399.5	10471.0	8777.5	7203.0	5925.0	4804.5	3703.5	2832.0	2178.5	1702.5	1330.0	1022.5	781.0	593.0	448.0	365.5	314.0	261.5	214.0	161.0	120.0	95.5	74.5	57.5	39.5	26.0	20.0	16.5	15.0	13.0	14.5	10.5	5.5	6.0	6.5	4.5	2.5	3.5	2.5	1.0	0.5
Sor-CPnd_004-Ex1-1G-lcwgs-1-2-L3-clmp.r1	1.0	1.5	5.0	16.5	25.5	33.0	50.5	78.5	111.0	162.0	215.5	339.0	546.5	823.0	1252.5	1962.5	3113.0	4574.5	6462.0	8995.5	12146.0	15863.5	20090.5	24783.0	29883.0	35380.5	40980.0	46625.5	52381.5	57967.0	63005.0	67489.0	71583.5	74960.0	77656.0	79452.0	80354.5	80390.5	79646.0	78295.0	76158.5	73276.5	69836.5	66235.5	62591.0	59201.5	55480.0	51436.5	47845.0	44172.0	40726.5	36596.5	31804.5	27904.0	24288.5	21169.5	18613.0	16231.5	14144.0	12132.0	10301.0	8742.0	7339.5	6057.0	4905.0	3983.5	3150.5	2432.0	1883.5	1451.0	1131.0	864.5	642.5	486.5	397.0	326.5	258.0	193.0	149.5	121.5	91.5	66.5	47.5	32.5	24.5	26.5	20.0	10.0	5.5	2.5	1.5	1.0	0.5	0.0	0.0	0.0	0.0	0.0	0.0	0.0	0.0
Sor-CPnd_004-Ex1-1G-lcwgs-1-2-L3-clmp.r2	0.0	1.0	4.5	10.5	23.0	32.0	44.0	75.5	108.0	156.0	228.5	319.5	482.0	753.5	1194.0	1895.0	2947.0	4400.5	6335.0	8817.0	11969.5	15595.5	19706.0	24449.0	29588.0	35231.0	40859.0	46395.5	52156.5	57554.5	62562.0	67220.0	71270.0	74821.5	77793.5	79586.0	80445.0	80733.0	80071.5	78274.0	76058.5	73560.5	70109.0	66260.5	62640.0	59293.0	55654.5	51528.0	47869.5	44345.0	40970.0	36783.0	31990.0	28201.0	24475.0	21261.5	18807.0	16425.0	14174.5	12106.0	10346.5	8839.0	7391.5	6081.0	4973.0	4051.5	3183.0	2470.0	1916.5	1488.0	1161.0	888.5	688.5	532.0	431.5	337.0	260.0	204.0	167.0	140.0	112.5	84.5	56.5	39.0	34.5	35.5	25.5	17.5	12.0	7.5	7.5	5.5	5.0	6.0	4.5	4.5	5.0	2.5	1.0	0.0	0.5
Sor-CPnd_005-Ex1-3D-lcwgs-1-2-L2-clmp.r1	2.0	2.0	5.0	10.0	17.5	31.5	45.5	60.0	88.0	124.0	173.0	253.0	370.5	568.0	919.0	1406.5	2157.0	3244.0	4596.5	6425.0	8718.0	11554.5	14996.5	18886.5	23273.0	27898.0	32659.0	37751.0	42602.5	47068.0	51471.0	55500.0	59009.0	62204.0	64955.0	66687.5	67475.5	67490.0	66609.5	65251.0	63240.0	60639.0	57762.5	54700.5	51467.5	48128.5	45009.0	41700.5	38286.0	35061.0	32068.0	28567.0	24799.5	21610.0	18631.5	16002.0	13860.0	11996.5	10310.0	8839.0	7505.5	6210.5	5190.5	4263.5	3388.5	2740.0	2224.5	1722.0	1269.5	971.0	738.0	563.5	438.0	378.5	310.5	248.5	210.0	186.5	151.0	112.5	95.0	73.0	52.5	38.5	32.0	22.5	12.0	8.0	4.5	1.5	0.5	0.0	0.0	0.0	0.0	0.0	0.0	0.0	0.0	0.0	0.0
Sor-CPnd_005-Ex1-3D-lcwgs-1-2-L2-clmp.r2	0.0	2.0	6.5	12.0	18.5	30.0	39.5	49.5	72.5	106.0	161.5	245.5	360.5	516.5	833.0	1283.5	1977.5	2984.0	4302.0	6156.0	8487.0	11326.5	14772.5	18663.0	22886.5	27478.5	32397.0	37367.5	42077.5	46512.5	50953.0	55281.0	59057.5	62068.0	64356.0	66379.5	67629.5	67470.0	66867.5	65580.5	63641.5	61028.5	57949.5	54963.5	51777.0	48431.5	45132.5	41891.5	38623.5	35472.5	32277.5	28732.5	25161.5	21972.5	18971.5	16313.0	13966.5	11950.0	10375.0	8982.5	7532.5	6239.5	5212.0	4338.5	3503.0	2786.0	2223.0	1780.0	1405.5	1071.0	768.0	577.0	499.5	411.0	320.5	276.0	232.0	191.0	166.5	142.5	112.0	90.0	77.5	61.5	45.5	30.0	29.5	21.5	11.0	8.0	7.5	9.0	9.5	8.5	10.5	9.5	6.0	6.5	4.5	1.0	0.5
Sor-CPnd_005-Ex1-3D-lcwgs-1-2-L3-clmp.r1	2.0	1.5	7.5	13.0	11.5	22.0	37.0	54.5	74.0	97.5	131.5	186.5	288.0	486.0	764.5	1134.5	1759.5	2653.5	3776.0	5238.5	7198.0	9502.0	12047.5	15095.0	18568.0	22341.5	26205.5	30105.0	33888.5	37587.0	41016.0	44073.5	47071.0	49464.0	51379.0	52800.5	53561.5	53625.5	53043.0	52358.5	50851.0	48699.0	46453.5	43701.5	41276.0	38989.0	36080.0	33383.5	30965.0	28467.5	26400.0	23336.5	19844.5	17300.5	15107.0	13190.5	11271.5	9595.5	8290.5	7229.0	6166.5	5127.0	4254.5	3501.5	2840.0	2291.0	1825.0	1419.0	1093.0	847.5	632.5	473.0	389.0	323.5	256.0	204.0	172.0	131.5	100.0	86.0	70.5	51.5	37.0	29.5	22.5	21.5	18.0	7.5	3.5	1.0	0.0	0.0	0.0	0.0	0.0	0.0	0.0	0.0	0.0	0.0	0.0
Sor-CPnd_005-Ex1-3D-lcwgs-1-2-L3-clmp.r2	1.0	0.5	2.0	7.0	14.0	25.0	34.0	43.5	64.5	89.5	122.0	188.5	278.0	438.0	696.5	1052.5	1641.0	2422.0	3535.5	5062.5	6998.5	9246.5	11790.0	14794.0	18141.5	21963.0	25866.0	29661.0	33423.5	36969.0	40438.0	43728.5	46722.5	49277.0	51391.5	52782.0	53732.5	53928.0	53078.0	52242.0	50909.5	48734.0	46458.0	44200.0	41803.5	39128.5	36357.5	33787.5	31380.0	28850.0	26418.0	23545.0	20338.5	17609.0	15229.0	13353.5	11497.5	9761.5	8504.0	7319.5	6213.0	5258.0	4346.0	3530.5	2898.5	2419.5	1916.5	1511.0	1172.0	876.5	668.0	505.0	427.0	342.0	265.0	220.5	187.5	157.0	130.0	106.5	84.5	66.0	48.5	38.0	30.0	28.5	24.5	14.5	13.0	10.5	5.0	7.5	8.5	7.0	6.0	5.0	6.0	4.5	2.5	1.5	0.5
Sor-CPnd_006-Ex1-2D-lcwgs-1-2-L2-clmp.r1	0.0	2.0	4.0	5.5	9.5	14.0	19.5	32.0	55.0	79.0	116.5	187.5	300.0	481.5	757.0	1172.5	1761.0	2532.5	3598.5	5074.5	6870.5	9026.0	11479.0	14269.5	17259.5	20455.5	23859.0	27233.0	30679.5	34014.0	36944.5	39713.0	42418.0	44804.5	46724.0	47785.0	48522.0	49134.5	49039.5	48417.5	47330.0	45783.5	43859.0	41893.0	39899.0	37557.5	35063.5	32775.5	30568.0	28471.5	26640.5	23799.5	20560.0	18013.0	15683.0	13667.0	11980.0	10472.0	9064.0	7781.5	6654.5	5651.0	4798.5	3999.0	3228.5	2592.0	2082.0	1701.0	1342.0	1053.0	821.5	613.5	471.0	361.5	282.0	218.5	174.0	145.5	112.5	86.0	65.5	47.0	37.5	30.5	21.0	13.0	11.5	10.5	6.5	3.0	0.5	0.0	0.0	0.0	0.0	0.0	0.0	0.0	0.0	0.0	0.0
Sor-CPnd_006-Ex1-2D-lcwgs-1-2-L2-clmp.r2	2.0	2.5	6.0	9.5	10.0	12.0	19.0	31.0	47.0	67.0	114.5	183.5	264.0	405.5	661.0	1060.0	1665.5	2459.5	3485.0	4921.5	6714.5	8759.5	11133.0	13883.5	16868.0	20098.5	23693.5	27098.0	30576.5	33992.0	36842.0	39759.0	42308.5	44617.5	46593.5	47857.0	48735.5	49259.0	49359.5	48635.0	47295.5	45744.0	44024.0	42192.5	40167.5	37857.0	35269.5	32869.0	30615.0	28348.0	26423.0	23878.0	20756.5	18117.5	15904.0	13851.5	12067.0	10539.0	9112.0	7831.0	6717.5	5712.0	4835.0	4024.0	3241.5	2599.5	2058.0	1657.0	1344.5	1060.5	805.5	604.0	477.5	374.0	283.5	219.5	179.5	159.5	126.0	93.5	75.0	62.0	50.5	36.5	26.5	19.0	18.0	18.5	12.5	9.5	7.5	4.0	3.0	3.0	2.0	1.5	2.0	1.5	0.5	0.0	0.5
Sor-CPnd_006-Ex1-2D-lcwgs-1-2-L3-clmp.r1	0.0	1.0	2.5	3.5	7.0	13.5	18.5	33.0	51.5	81.0	136.5	213.0	296.0	460.0	754.5	1165.0	1809.0	2651.5	3795.0	5483.0	7577.5	9962.5	12613.5	15727.5	19257.0	23075.0	26960.5	30793.5	34609.0	38272.0	41836.0	45333.0	48338.0	50832.0	52823.5	54655.5	55733.0	55997.0	55954.0	54872.5	53514.0	51874.5	49737.5	47520.0	45220.0	42617.5	39976.5	37266.5	34683.0	32024.0	29433.0	26565.0	23072.0	20071.0	17594.5	15409.0	13443.0	11647.0	10022.0	8653.5	7424.0	6223.0	5206.5	4336.5	3527.0	2852.0	2268.0	1810.0	1423.5	1112.0	860.5	684.0	556.0	424.0	325.5	264.0	203.0	150.5	117.0	90.5	68.5	52.5	48.0	33.5	18.5	17.5	17.0	13.0	6.5	2.0	0.5	0.5	1.0	1.0	0.5	0.0	0.0	0.0	0.0	0.0	0.0
Sor-CPnd_006-Ex1-2D-lcwgs-1-2-L3-clmp.r2	0.0	0.5	0.5	2.0	5.5	10.5	19.5	27.5	52.0	80.5	113.5	192.0	277.5	412.5	670.0	1082.5	1699.5	2508.5	3648.5	5219.5	7397.0	9851.5	12315.0	15251.0	18805.5	22719.5	26535.0	30336.5	34197.5	37873.0	41511.0	45197.0	48330.5	50882.0	53091.0	54831.0	55958.0	56232.5	55789.5	54958.0	53921.0	52092.0	49986.5	47774.0	45454.5	42940.5	40080.0	37335.5	34753.0	32100.0	29571.5	26675.0	23217.0	20336.5	17736.5	15358.0	13489.5	11813.0	10130.0	8707.0	7472.5	6231.5	5258.0	4425.5	3570.0	2900.0	2337.5	1866.0	1455.5	1126.0	883.5	697.5	549.5	420.0	335.5	280.0	222.0	170.0	123.0	88.0	80.0	67.0	51.5	37.5	28.0	23.0	19.5	19.0	14.5	8.5	5.5	6.5	6.5	5.0	3.5	2.5	1.5	1.0	2.5	2.0	0.5
Sor-CPnd_007-Ex1-1C-lcwgs-1-2-L2-clmp.r1	0.0	0.0	0.0	0.0	1.0	3.5	6.0	12.5	23.5	28.0	43.0	61.0	94.0	157.0	264.5	431.0	710.0	1134.5	1688.0	2421.0	3396.0	4639.0	6122.5	7871.5	9835.5	12145.5	14548.5	16811.5	19175.0	21542.0	23934.5	26372.5	28424.5	30394.0	32074.0	33152.0	34011.5	34389.0	34651.0	34735.0	33996.5	33028.0	32224.0	31201.5	29822.0	28447.5	27206.0	25685.0	23915.0	22337.5	20931.0	18901.5	16670.5	14741.0	12980.0	11415.0	9984.5	8790.5	7663.0	6626.5	5702.5	4756.0	3964.0	3352.0	2745.0	2177.0	1693.5	1324.0	1045.0	833.5	672.5	523.5	377.5	284.0	242.0	197.5	140.0	108.0	96.0	75.0	52.5	35.5	28.0	22.0	10.5	6.5	6.5	3.5	2.5	1.0	0.0	0.5	0.5	0.0	0.0	0.0	0.0	0.0	0.0	0.0	0.0
Sor-CPnd_007-Ex1-1C-lcwgs-1-2-L2-clmp.r2	0.0	0.5	1.0	0.5	3.5	5.0	6.5	12.0	21.5	29.5	37.5	53.5	91.0	150.0	260.0	455.0	718.0	1100.0	1621.5	2387.0	3407.0	4644.5	6113.0	7852.5	9945.0	12101.5	14286.5	16776.5	19288.5	21632.5	23865.5	26070.0	28396.0	30283.0	31813.0	33253.0	34071.5	34277.0	34502.5	34562.0	34015.5	33317.0	32330.5	31181.0	29833.5	28506.5	27072.5	25672.0	24128.0	22431.0	21013.0	18969.0	16758.0	14818.0	13013.5	11373.5	9950.5	8758.0	7608.0	6587.0	5683.0	4789.0	4088.5	3431.5	2722.0	2186.0	1752.5	1360.5	1097.5	866.0	688.5	550.0	388.5	299.0	255.5	194.5	148.5	124.5	108.0	79.0	56.5	35.5	25.5	26.5	23.0	16.0	13.0	9.5	5.0	3.5	3.0	2.5	3.5	5.0	4.0	2.0	2.0	1.0	0.0	0.0	0.0
Sor-CPnd_007-Ex1-1C-lcwgs-1-2-L3-clmp.r1	0.0	0.0	0.0	2.0	3.0	2.0	3.5	9.0	13.5	14.0	24.0	46.5	70.5	134.5	236.0	353.0	572.0	893.5	1324.0	1959.5	2843.5	3836.5	5037.5	6456.0	8099.0	9999.0	11849.5	13590.0	15530.0	17483.0	19436.0	21197.0	22830.5	24584.0	25912.0	27025.0	27928.0	28316.5	28446.5	28451.5	28012.0	27453.0	26706.5	25740.5	24735.0	23499.0	22135.5	20681.0	19583.5	18457.0	17157.5	15589.0	13755.5	12043.5	10517.0	9357.0	8240.5	7222.0	6320.5	5456.5	4692.5	3971.5	3369.0	2775.0	2165.0	1736.5	1384.5	1109.5	908.5	725.0	550.0	387.5	292.0	230.5	180.5	145.5	121.5	101.0	76.0	52.0	37.0	25.5	19.0	12.0	10.0	10.0	7.0	3.0	2.0	2.0	1.0	1.0	0.5	0.0	0.0	0.0	0.0	0.0	0.0	0.0	0.0
Sor-CPnd_007-Ex1-1C-lcwgs-1-2-L3-clmp.r2	0.0	0.0	0.5	1.5	3.0	6.0	8.5	8.5	12.5	14.5	27.5	51.0	75.0	121.5	210.0	338.5	535.0	866.0	1325.0	1970.5	2806.5	3783.0	4998.0	6465.5	8055.5	9921.0	11821.5	13591.5	15554.0	17476.0	19357.0	21258.0	22874.5	24292.5	25671.0	26860.0	27865.0	28345.5	28280.0	28284.0	28114.5	27538.5	26691.0	25631.0	24567.5	23451.0	22171.5	20973.5	19871.0	18530.0	17140.5	15566.5	13769.5	12120.5	10643.5	9470.0	8333.0	7222.0	6336.5	5522.0	4749.0	3988.0	3348.0	2788.5	2221.5	1755.0	1391.0	1134.0	923.5	729.0	547.0	388.5	307.5	254.5	197.5	154.0	131.5	115.5	85.5	59.0	41.5	28.0	20.5	17.0	16.5	16.5	11.5	5.0	5.5	6.5	5.0	3.5	3.0	2.0	1.0	1.0	2.5	3.0	3.0	2.0	0.0
Sor-CPnd_008-Ex1-1A-lcwgs-1-2-L2-clmp.r1	0.0	1.0	3.0	6.0	10.0	13.5	21.0	41.0	49.0	62.0	99.0	143.5	215.5	343.5	566.5	913.5	1478.0	2369.5	3714.0	5911.0	8885.0	12506.5	17082.0	22745.0	29280.5	36924.0	45210.5	53522.5	61859.5	69887.5	77919.5	85798.5	92884.0	99191.5	104635.0	108301.5	110651.0	112012.0	111846.5	110419.0	107318.5	103171.0	98538.5	93588.5	88096.5	82201.5	76472.0	70517.5	64663.0	58717.0	53239.0	47070.5	40577.0	35307.5	30739.5	26675.5	22828.0	19500.0	16711.0	14273.0	12030.0	10032.5	8236.0	6677.5	5330.0	4220.5	3363.5	2616.5	1976.5	1488.0	1152.0	900.0	679.5	535.5	428.0	304.0	214.5	162.5	110.5	71.5	54.5	41.0	25.5	14.0	7.5	5.0	5.0	4.5	3.5	1.5	0.0	0.0	0.5	0.5	0.0	0.0	0.0	0.0	0.0	0.0	0.0
Sor-CPnd_008-Ex1-1A-lcwgs-1-2-L2-clmp.r2	0.0	1.0	2.0	6.0	11.5	15.5	21.0	27.5	40.5	66.5	98.0	142.0	201.0	311.0	529.5	867.0	1440.0	2366.0	3766.5	5936.5	8789.5	12519.5	17368.0	22996.0	29616.0	36994.0	45040.0	53285.0	61700.5	69874.5	77948.5	86000.0	92895.0	99206.0	104439.0	108002.5	110431.5	111597.5	111393.0	109665.0	106594.0	102774.0	98114.0	92794.5	87447.5	81844.0	75939.0	70760.5	65204.5	58723.5	52935.5	47075.5	41215.5	35928.5	31089.0	26871.0	22998.0	19707.5	16924.0	14436.5	12080.0	10053.0	8437.5	6926.5	5563.0	4487.5	3503.0	2722.0	2157.5	1674.5	1283.5	979.0	769.0	630.0	488.5	373.5	292.5	217.0	174.5	139.0	105.0	90.5	73.0	64.0	49.5	34.5	30.5	31.5	32.5	33.5	35.0	33.5	27.5	26.5	26.0	18.5	17.0	16.5	14.5	6.5	3.5
Sor-CPnd_008-Ex1-1A-lcwgs-1-2-L3-clmp.r1	0.0	0.0	1.5	5.5	10.5	15.5	21.0	29.0	42.0	62.0	102.5	151.5	206.5	307.0	461.0	785.5	1420.0	2305.5	3644.0	5561.5	8247.5	11752.5	15926.0	21256.0	27483.0	34514.5	42167.5	49858.0	57837.5	65567.5	73330.0	80971.0	87675.5	93482.0	98848.5	103157.5	105237.0	105795.5	105558.5	104123.0	101723.5	98182.5	93857.5	88856.5	83526.5	78348.5	72837.5	67233.5	61636.0	56175.0	50648.0	44839.0	38863.0	33641.5	29199.5	25159.0	21581.0	18501.0	15925.5	13611.0	11383.0	9476.5	7844.5	6466.5	5185.5	3989.5	3137.0	2485.5	1912.0	1450.5	1107.5	851.0	664.5	496.5	381.5	300.5	226.0	163.5	115.0	80.0	57.5	41.5	29.0	18.5	11.5	8.0	5.5	4.0	3.0	1.5	1.0	0.5	0.0	0.0	0.0	0.0	0.0	0.0	0.0	0.0	0.0
Sor-CPnd_008-Ex1-1A-lcwgs-1-2-L3-clmp.r2	3.0	1.5	2.5	5.0	5.5	8.5	14.0	34.5	47.0	53.5	82.5	127.5	192.5	294.0	458.0	772.5	1359.5	2309.0	3573.5	5505.5	8270.0	11727.0	16186.0	21572.0	27517.0	34391.5	42016.0	49965.0	58169.0	65767.5	73152.5	80633.5	87576.0	93708.0	98338.5	102137.5	104517.0	105399.0	105291.0	103786.0	101508.0	97773.0	93113.0	88340.0	83285.0	77927.5	72586.0	67159.5	61240.0	55930.0	51137.0	45305.5	39112.5	33923.5	29361.0	25370.0	21923.0	18914.0	16309.0	13903.0	11711.5	9713.5	8142.0	6731.0	5308.5	4171.5	3299.0	2577.5	2060.5	1657.0	1261.5	980.0	784.5	585.0	450.5	366.0	280.0	210.5	171.5	136.0	109.5	94.0	76.0	64.5	52.5	43.0	39.0	39.0	42.5	36.0	31.0	32.0	30.0	22.5	21.0	20.5	15.0	12.5	9.5	5.5	3.0
Sor-CPnd_009-Ex1-6A-lcwgs-1-2-L2-clmp.r1	0.0	0.0	0.0	1.0	2.5	2.0	5.5	13.5	25.0	48.0	89.5	131.5	190.5	363.0	650.0	1126.5	1891.5	3059.0	4837.5	7216.0	10401.0	14569.0	19703.5	25684.0	32445.5	40165.0	48512.0	57079.0	65723.5	74117.5	82305.0	90278.5	97455.0	103488.0	109035.5	113184.5	115510.5	116558.0	116238.0	114915.0	112443.0	108852.5	104374.0	99270.5	93727.5	88151.0	82458.0	77004.5	71323.0	65401.0	60073.0	53658.0	46781.0	41062.5	35880.5	31018.5	26762.5	23045.0	19767.0	16948.5	14423.5	12027.5	9933.5	8223.0	6581.0	5172.0	4097.0	3178.0	2429.5	1869.5	1418.5	1071.5	799.5	604.5	464.5	374.0	293.5	212.0	152.5	117.0	97.0	65.5	41.0	28.0	20.5	12.5	7.5	6.5	5.0	3.5	1.0	0.0	0.0	0.0	0.0	0.0	0.0	0.0	0.0	0.0	0.0
Sor-CPnd_009-Ex1-6A-lcwgs-1-2-L2-clmp.r2	0.0	0.5	1.0	1.0	1.5	5.0	9.5	13.5	24.5	41.5	69.5	121.0	209.0	378.5	646.5	1086.5	1852.5	3012.5	4693.0	7044.0	10325.0	14568.0	19690.0	25421.5	32228.0	40141.0	48695.0	57293.0	65666.5	74215.5	82021.5	89633.5	97161.5	103553.5	108702.0	112618.5	115224.5	116414.0	116228.5	114373.0	111490.0	108385.0	104102.0	98894.0	93732.0	88338.5	82706.0	77179.0	71557.5	65678.0	60406.5	54054.5	47120.5	41319.0	36130.5	31615.0	27194.5	23184.5	19882.0	16972.5	14454.0	12159.0	10005.5	8305.0	6682.0	5280.0	4211.0	3252.0	2524.5	1949.0	1478.5	1120.0	855.5	635.5	482.5	392.0	308.5	231.0	187.0	146.5	115.0	79.5	61.5	51.5	39.5	33.0	24.0	24.0	23.0	14.5	12.0	13.5	13.0	8.5	8.0	10.0	5.5	3.5	4.0	3.5	3.5
Sor-CPnd_009-Ex1-6A-lcwgs-1-2-L3-clmp.r1	0.0	0.0	0.5	2.0	4.0	6.5	13.0	18.0	22.5	40.0	75.5	120.0	203.0	387.0	657.0	1079.0	1836.5	2951.5	4663.5	7073.0	10110.5	14155.0	19120.5	25033.0	31667.0	39199.0	47513.0	55733.0	64108.5	72520.0	80478.0	88035.5	95150.5	101746.0	107344.0	111523.0	114114.0	115127.5	114894.5	113331.0	110590.5	107014.0	102859.0	97989.5	92565.5	87327.5	81833.5	76042.0	70346.0	64518.5	59078.5	52718.0	45964.5	40436.0	35269.5	30576.0	26518.5	22888.0	19778.0	16995.0	14239.5	11744.0	9699.5	7941.5	6418.0	5138.0	4051.5	3164.5	2413.0	1862.0	1419.0	1042.0	805.0	608.0	443.0	326.0	269.5	213.5	147.5	109.0	82.0	62.0	48.0	29.5	15.5	12.0	11.0	9.0	6.5	2.5	0.5	1.0	1.0	0.5	0.0	0.0	0.0	0.0	0.0	0.5	1.0
Sor-CPnd_009-Ex1-6A-lcwgs-1-2-L3-clmp.r2	0.0	0.0	0.5	2.0	4.0	7.5	13.5	19.0	27.0	44.5	68.0	115.5	203.0	359.5	627.5	1042.5	1776.0	2909.5	4521.5	6892.5	10090.0	14214.5	19251.5	25082.5	31659.0	39210.5	47469.5	55710.5	64005.0	72243.5	80382.5	88041.0	95103.5	101379.0	106727.5	110779.0	113269.0	114630.5	114389.0	112622.0	110127.0	106610.0	102188.0	97785.0	92736.5	87495.0	81932.0	76533.5	71113.5	64764.0	59362.0	53116.0	46315.5	40827.5	35846.5	31176.0	26910.5	23200.0	19799.0	16889.0	14307.5	11877.0	9889.0	8153.5	6522.5	5241.0	4149.0	3216.0	2477.5	1921.5	1476.5	1100.5	840.0	662.0	508.0	370.5	281.0	227.0	179.5	132.0	98.5	85.0	68.0	49.0	38.0	30.0	24.0	19.5	18.5	14.5	9.5	11.5	14.0	12.5	8.0	6.0	6.5	5.5	3.0	2.0	2.5
Sor-CPnd_010-Ex1-1H-lcwgs-1-2-L2-clmp.r1	1.0	0.5	0.5	3.0	6.0	8.5	11.0	14.5	20.0	27.5	35.0	71.0	116.5	165.0	272.5	426.5	651.0	983.5	1436.0	2078.0	2847.0	3775.0	4906.5	6305.5	7852.5	9358.5	11016.0	12722.5	14375.5	15959.5	17419.5	18833.0	20266.0	21467.0	22352.0	22902.0	23216.5	23386.0	23328.0	23036.5	22475.0	21650.0	20737.5	19659.5	18379.0	17349.5	16339.5	15117.5	13919.0	12652.5	11584.5	10370.0	8941.0	7777.0	6657.0	5753.5	4955.0	4282.0	3781.5	3193.0	2626.5	2182.5	1841.5	1534.5	1224.5	955.5	738.5	580.0	456.5	355.0	259.5	202.5	157.0	114.5	88.5	64.5	50.5	38.0	27.5	22.0	16.5	12.0	7.0	4.0	1.5	0.5	0.5	0.0	0.0	0.0	1.0	1.5	0.5	0.0	0.0	0.0	0.0	0.0	0.0	0.0	0.0
Sor-CPnd_010-Ex1-1H-lcwgs-1-2-L2-clmp.r2	1.0	1.0	0.5	2.5	7.0	10.5	10.0	13.0	19.0	24.5	43.0	78.5	119.5	161.0	262.0	407.5	614.5	968.0	1412.0	2019.5	2795.0	3725.5	4830.5	6151.0	7716.5	9348.5	10985.0	12714.0	14431.5	16006.5	17461.5	18903.5	20324.5	21336.0	22267.0	22965.5	23234.5	23296.0	23314.5	23044.0	22400.0	21658.5	20708.5	19689.0	18736.5	17580.5	16157.5	15037.0	13964.5	12715.0	11630.0	10338.0	8999.0	7843.5	6657.0	5748.0	4971.5	4289.0	3720.5	3161.5	2638.0	2215.0	1886.0	1543.5	1234.0	970.5	711.5	560.5	453.5	352.5	278.0	203.5	148.5	111.0	90.5	71.5	60.5	50.5	35.5	28.0	22.5	17.0	12.5	6.5	3.5	2.0	3.0	6.5	6.0	3.5	3.0	4.0	4.5	3.0	2.0	1.0	1.5	2.0	0.5	0.0	0.0
Sor-CPnd_010-Ex1-1H-lcwgs-1-2-L3-clmp.r1	0.0	0.0	0.5	1.0	1.5	5.0	7.5	6.5	13.5	24.0	37.5	51.5	73.0	133.5	212.0	332.0	503.5	776.5	1185.0	1686.5	2297.5	3076.0	4002.0	5010.0	6167.5	7497.0	8866.5	10089.0	11479.0	12955.0	14196.5	15380.5	16482.5	17437.5	18110.0	18518.0	18865.0	18995.5	18965.0	18795.0	18301.5	17663.0	16864.0	15972.0	15113.5	14202.0	13222.5	12229.0	11270.5	10357.5	9538.0	8479.5	7267.5	6362.5	5586.0	4788.0	4141.5	3604.5	3053.5	2607.0	2208.5	1841.5	1550.0	1251.0	984.5	777.5	598.0	470.5	373.5	303.0	235.0	160.0	117.0	98.5	77.0	50.5	35.0	27.0	19.0	14.0	14.0	11.5	8.0	4.5	1.0	1.0	1.5	1.0	1.5	1.5	0.5	0.0	0.0	0.0	0.0	0.0	0.0	0.0	0.0	0.0	0.0
Sor-CPnd_010-Ex1-1H-lcwgs-1-2-L3-clmp.r2	1.0	1.0	1.0	0.5	2.5	5.5	4.0	7.5	12.5	20.0	32.5	45.0	71.0	129.5	206.5	309.0	498.5	762.0	1097.5	1618.5	2291.5	3058.5	3901.5	4888.0	6086.0	7482.0	8847.5	10146.0	11556.0	12961.5	14154.0	15233.5	16426.0	17435.0	18048.5	18542.0	18874.5	19039.5	19018.5	18735.5	18290.0	17671.5	16875.5	15971.0	15183.0	14310.0	13233.0	12248.5	11288.5	10356.5	9619.0	8558.0	7259.0	6328.5	5576.5	4807.5	4188.0	3667.0	3108.0	2606.5	2214.0	1876.5	1584.5	1278.0	974.0	758.0	599.5	482.5	373.5	292.5	236.0	168.0	122.0	101.0	77.0	53.5	40.0	28.5	24.0	21.0	17.5	15.0	10.5	7.5	4.0	2.5	3.0	4.5	6.5	4.0	2.0	2.5	2.0	2.0	2.0	1.0	1.0	1.0	1.0	0.5	0.0
Sor-CPnd_012-Ex1-5B-lcwgs-1-2-L2-clmp.r1	0.0	0.0	0.0	0.0	1.0	3.0	3.5	5.5	15.5	28.0	32.0	39.5	64.5	123.0	217.5	382.5	610.5	894.5	1295.0	1884.5	2613.0	3333.5	4209.5	5318.0	6417.5	7648.5	9077.5	10515.0	11882.5	13039.0	14392.5	15793.0	16845.5	17692.0	18464.0	19240.5	19680.5	19987.0	20172.5	20030.5	19742.0	19171.5	18529.5	17943.0	17074.5	16073.5	15154.5	14234.0	13322.5	12442.0	11642.0	10508.5	9195.0	8132.5	7150.0	6181.5	5264.5	4560.0	4001.5	3541.0	3029.5	2466.5	2075.0	1723.5	1381.5	1139.5	912.5	713.0	568.0	449.5	352.5	273.5	233.0	200.0	145.5	108.5	86.0	57.5	45.5	41.0	30.5	22.0	16.0	9.5	6.0	5.0	4.0	3.0	1.5	1.0	0.5	0.0	0.0	0.0	0.0	0.0	0.0	0.0	0.0	0.0	0.0
Sor-CPnd_012-Ex1-5B-lcwgs-1-2-L2-clmp.r2	0.0	0.0	0.0	0.0	1.5	3.0	3.5	8.0	12.5	16.0	27.5	42.5	64.5	127.5	221.0	364.0	558.0	808.5	1217.5	1831.5	2545.5	3242.5	4113.0	5229.0	6425.0	7656.0	8926.5	10354.0	11806.5	13029.0	14256.0	15652.5	16859.0	17831.0	18637.0	19264.0	19737.0	19915.0	20064.0	20040.5	19625.5	19092.0	18524.5	18039.0	17332.5	16233.5	15208.0	14253.5	13349.5	12531.0	11671.0	10524.5	9250.0	8182.0	7203.5	6205.5	5253.5	4542.0	4030.0	3561.0	3033.5	2529.5	2102.0	1726.5	1391.5	1147.5	936.5	723.0	565.5	453.5	365.5	281.5	235.0	203.0	152.0	111.5	85.5	57.5	45.0	45.5	34.0	19.5	17.0	15.0	11.0	9.0	7.5	6.5	4.0	3.0	2.5	2.5	1.5	0.5	1.0	1.0	1.0	0.5	0.0	0.0	0.0
Sor-CPnd_012-Ex1-5B-lcwgs-1-2-L3-clmp.r1	0.0	0.0	0.0	0.0	1.0	4.0	8.5	11.5	14.0	15.0	25.5	45.0	76.0	122.5	190.0	325.0	521.5	771.5	1093.5	1576.5	2226.0	2958.5	3800.5	4799.5	5840.5	7045.5	8308.0	9528.0	10934.5	12210.5	13318.0	14404.0	15445.5	16418.0	17245.0	17925.0	18389.0	18768.5	18761.5	18354.5	17937.5	17448.0	16922.0	16294.0	15493.5	14555.5	13613.5	12851.5	12083.5	11206.5	10432.5	9326.0	8161.5	7229.5	6290.5	5529.5	4873.0	4282.0	3708.0	3190.5	2688.5	2270.0	1930.0	1575.0	1253.5	953.0	759.0	653.5	541.0	402.5	291.5	226.5	165.0	126.0	109.0	92.0	71.5	52.5	47.0	37.0	22.0	10.5	3.5	2.0	4.0	6.0	6.0	5.0	3.0	1.5	1.5	1.5	1.0	0.5	0.0	0.0	0.0	0.0	0.0	0.0	0.0
Sor-CPnd_012-Ex1-5B-lcwgs-1-2-L3-clmp.r2	0.0	0.0	0.0	0.5	2.5	4.5	9.0	9.5	6.0	10.5	22.0	42.5	65.5	104.5	178.5	306.0	493.5	745.0	1074.0	1548.5	2175.5	2860.5	3673.0	4675.0	5742.5	6979.0	8266.0	9558.5	10929.0	12149.5	13176.0	14238.0	15460.5	16430.0	17088.0	17730.5	18334.5	18680.5	18559.5	18305.5	18040.0	17522.0	16937.0	16309.0	15569.5	14713.5	13841.0	13032.0	12188.5	11379.0	10544.0	9324.5	8166.0	7245.0	6377.5	5585.0	4882.0	4349.0	3759.5	3222.0	2730.0	2285.0	1950.0	1614.5	1281.0	987.0	794.0	664.5	536.0	422.0	314.0	230.5	172.5	136.5	110.0	98.0	81.5	63.0	57.5	41.5	22.5	11.0	6.0	6.0	10.0	10.5	7.5	5.5	5.0	4.5	4.0	3.5	1.5	1.0	2.5	2.0	1.0	1.5	0.5	0.0	0.0
Sor-CPnd_013-Ex1-7F-lcwgs-1-2-L2-clmp.r1	1.0	1.0	3.5	4.5	3.0	10.0	18.5	24.0	42.0	59.0	67.0	90.5	164.0	264.0	420.0	686.0	1075.0	1596.0	2376.0	3384.0	4622.5	6171.0	7933.5	9913.0	12070.0	14551.0	17139.0	19626.0	22025.0	24398.0	26672.0	28869.5	30985.0	32705.5	33989.0	34885.5	35540.5	35608.0	35316.5	34718.0	33466.0	32305.5	31177.5	29535.5	27859.0	26119.5	24228.5	22288.0	20403.5	18791.5	17337.0	15438.0	13362.5	11604.0	10042.0	8775.5	7605.0	6468.5	5465.0	4687.5	3994.0	3376.5	2862.0	2378.5	1923.5	1519.0	1176.0	942.0	726.5	533.0	435.0	348.0	248.5	175.5	149.0	128.0	96.5	68.0	44.5	34.0	27.0	15.5	9.0	7.5	5.0	2.5	2.5	2.0	0.5	0.0	0.5	0.5	0.0	0.0	0.0	0.0	0.0	0.0	0.0	0.0	0.0
Sor-CPnd_013-Ex1-7F-lcwgs-1-2-L2-clmp.r2	1.0	1.5	2.0	3.0	5.0	8.5	13.5	20.5	33.0	43.5	65.0	103.0	153.5	252.0	393.0	634.5	1014.5	1563.5	2295.5	3308.5	4665.0	6132.5	7911.0	9975.5	12106.0	14573.0	17145.5	19609.5	22091.0	24466.5	26806.0	29011.5	30936.0	32600.0	33936.5	34845.5	35479.0	35618.5	35166.5	34564.5	33633.0	32489.0	31023.5	29358.0	27785.0	26007.5	24136.5	22205.0	20409.0	18870.0	17388.0	15502.0	13406.5	11548.0	10131.0	8849.0	7573.0	6546.0	5544.0	4681.5	3986.5	3400.5	2874.5	2361.0	1880.0	1504.5	1206.0	953.5	721.0	554.0	452.0	349.0	252.5	180.5	152.0	135.5	105.5	78.0	51.0	37.0	30.0	21.0	16.0	17.0	13.5	7.5	6.5	6.5	3.5	3.0	5.0	3.5	1.5	3.0	2.0	0.5	0.5	0.0	0.5	1.0	0.5
Sor-CPnd_013-Ex1-7F-lcwgs-1-2-L3-clmp.r1	0.0	1.0	1.5	1.5	6.0	12.5	17.5	22.5	33.0	53.0	82.0	121.5	173.5	263.5	399.0	611.0	980.5	1450.0	2128.0	3102.5	4337.5	5849.5	7629.5	9590.0	11703.5	14016.5	16542.5	18996.0	21504.0	23952.5	25926.5	27914.5	29935.0	31544.0	32793.0	33909.5	34533.5	34408.5	34093.5	33873.5	32941.0	31487.0	30279.0	28781.5	26997.0	25367.5	23820.0	22068.0	20237.0	18478.0	16894.0	15063.5	13118.0	11501.0	9965.5	8614.0	7414.0	6346.5	5409.0	4571.5	3845.5	3280.5	2792.5	2281.0	1808.0	1458.0	1133.0	871.5	725.0	586.0	445.5	325.0	232.0	197.0	158.0	107.0	84.5	71.5	52.0	35.0	24.5	17.5	12.5	8.5	7.0	6.0	3.0	1.0	0.5	0.0	0.0	0.0	0.0	0.0	0.0	0.0	0.0	0.0	0.0	0.0	0.0
Sor-CPnd_013-Ex1-7F-lcwgs-1-2-L3-clmp.r2	0.0	0.0	0.5	0.5	3.0	7.0	14.0	20.5	28.5	48.0	78.0	116.5	172.0	257.5	382.5	593.0	937.5	1428.0	2159.0	3163.5	4380.5	5867.0	7551.5	9543.5	11812.0	14141.5	16475.0	18871.5	21486.5	23972.5	26052.0	27996.5	29850.0	31536.0	32780.5	33557.0	34101.0	34278.0	34150.5	33787.5	32920.0	31738.0	30469.0	28787.0	27054.0	25527.0	23830.5	21916.5	20110.0	18489.0	16917.5	15067.0	13113.5	11477.5	10009.0	8586.0	7395.5	6410.0	5440.5	4578.0	3899.5	3325.0	2793.0	2328.5	1875.0	1463.0	1110.0	881.0	737.0	591.0	448.0	329.0	255.0	207.0	159.5	120.5	104.0	86.5	58.0	40.0	33.0	24.0	19.0	11.5	8.0	7.5	7.0	7.0	5.0	4.0	3.0	3.5	4.0	2.5	3.5	4.5	2.5	1.0	0.5	1.0	1.0
Sor-CPnd_014-Ex1-1F-lcwgs-1-2-L2-clmp.r1	2.0	5.0	10.0	14.0	21.5	40.5	62.0	88.5	148.0	214.0	308.5	479.5	741.0	1168.5	1871.0	3000.0	4818.5	7345.0	10792.0	15337.0	21159.5	28468.5	36950.0	46762.0	57540.0	69271.5	81719.5	94307.5	106773.0	118440.5	130145.5	141448.0	151236.0	159400.5	166548.5	172221.5	175044.0	175563.0	174310.5	172212.0	168274.5	161670.5	154460.0	147139.5	139363.0	131242.5	122579.5	113904.5	105555.5	97018.0	89539.0	80238.0	69513.0	61226.5	53637.0	46658.5	40729.5	35368.5	30620.0	26352.5	22478.5	19000.5	15951.5	13307.0	10731.0	8479.0	6693.0	5300.0	4132.5	3116.0	2431.5	1856.5	1399.5	1105.0	858.0	649.0	487.0	393.5	321.5	237.5	158.0	111.0	82.0	61.5	44.5	31.5	24.5	16.5	11.0	7.0	3.5	1.0	0.0	0.0	0.0	0.0	0.0	0.0	0.0	0.0	0.0
Sor-CPnd_014-Ex1-1F-lcwgs-1-2-L2-clmp.r2	1.0	3.5	11.5	12.0	14.0	32.5	55.0	84.0	125.0	181.0	300.0	461.0	663.5	1075.0	1742.5	2888.0	4659.5	7116.0	10652.5	15158.5	20767.5	27997.5	36590.5	46180.0	57039.5	68807.0	81463.5	94377.0	106515.0	118605.0	130160.5	140749.0	150896.5	159308.5	166489.5	172309.0	175089.5	175395.5	174485.0	172357.0	167925.0	161998.5	155280.0	147562.0	139318.5	131036.5	122805.5	114419.0	105971.5	97463.5	89616.0	80365.0	70052.0	61418.5	53741.0	46751.0	40646.5	35365.5	30738.5	26555.0	22641.5	19071.0	15969.5	13295.5	10782.5	8589.5	6766.0	5367.5	4189.5	3197.5	2458.5	1917.0	1491.5	1115.5	866.5	695.0	545.0	455.0	359.0	254.5	178.0	134.5	107.0	83.0	67.0	58.5	45.5	29.5	29.0	26.5	19.5	16.0	10.5	9.0	8.5	8.5	10.0	8.5	5.5	2.5	1.5
Sor-CPnd_014-Ex1-1F-lcwgs-1-2-L3-clmp.r1	1.0	3.5	8.0	12.0	20.5	36.5	49.5	82.0	131.5	198.5	302.5	430.0	627.5	1055.0	1780.5	2885.5	4536.5	6946.0	10281.0	14840.0	20549.5	27296.0	35362.0	44913.0	55574.5	67251.5	79286.0	91337.0	102939.5	114640.0	126476.5	137128.5	146393.0	154639.5	161808.0	166780.0	170114.5	171539.0	170354.0	167162.5	162849.5	157456.0	151050.5	143843.0	136399.5	128790.5	120418.5	111870.5	103409.5	94931.0	87494.5	78454.5	68452.5	60398.5	52904.0	46047.0	39946.5	34646.0	29911.5	25753.0	22060.0	18530.5	15475.0	12924.5	10629.0	8522.5	6607.0	5167.5	4065.5	3105.0	2365.5	1823.0	1402.5	1061.5	848.0	673.5	512.5	393.5	311.0	248.5	191.5	143.5	103.0	73.5	50.0	33.5	21.0	13.0	9.0	5.0	3.5	2.0	0.5	0.0	0.0	0.0	0.0	0.0	0.0	0.0	0.0
Sor-CPnd_014-Ex1-1F-lcwgs-1-2-L3-clmp.r2	0.0	1.5	5.5	14.5	21.5	30.5	55.5	79.5	120.0	189.5	270.5	409.0	666.0	1059.0	1672.5	2728.5	4355.0	6628.0	9931.0	14644.0	20232.5	27008.5	35116.0	44629.0	55188.5	66566.0	78810.0	91117.0	103060.0	114499.5	125887.5	136946.5	146779.5	154945.5	161633.0	166330.5	169255.5	171124.0	170581.0	167499.5	163545.5	158035.5	151152.0	143602.5	136192.0	128614.0	120599.0	112489.5	103618.0	95262.0	87835.0	78719.0	68775.5	60586.5	53087.0	46049.0	39908.5	34797.0	30162.5	25896.0	22124.5	18587.5	15621.5	13088.5	10702.0	8615.0	6798.5	5342.0	4151.0	3135.0	2381.5	1833.0	1452.0	1144.0	900.0	728.5	572.5	434.0	348.0	287.0	228.0	184.0	141.0	97.5	63.5	43.0	32.5	25.5	24.5	23.5	18.0	11.5	12.5	13.5	12.5	14.5	12.5	5.0	2.0	3.0	2.5
Sor-CPnd_015-Ex1-5F-lcwgs-1-2-L2-clmp.r1	0.0	1.0	3.0	2.5	1.5	5.0	8.5	14.5	28.0	36.5	48.0	65.5	99.5	178.5	335.5	525.0	766.5	1118.0	1626.5	2274.5	3031.5	3977.5	5120.0	6459.5	7867.5	9331.0	10939.5	12633.5	14335.0	15791.5	17246.0	18818.5	20098.5	21087.5	22135.0	23098.5	23748.0	24050.0	24145.0	24250.0	23902.0	23363.5	22921.5	22071.5	21067.5	20193.5	19071.0	17938.5	16906.0	15729.0	14715.0	13381.5	11796.0	10420.5	9088.5	7932.0	7024.5	6233.0	5475.5	4725.0	3971.0	3321.0	2783.0	2321.5	1878.0	1525.5	1268.0	1062.5	859.0	680.5	561.5	442.0	317.0	233.0	179.0	134.5	101.5	83.5	79.5	67.5	51.5	38.0	28.0	18.5	12.5	9.0	6.5	5.5	3.5	2.0	1.0	0.0	0.0	0.0	0.0	0.0	0.0	0.0	0.0	0.0	0.0
Sor-CPnd_015-Ex1-5F-lcwgs-1-2-L2-clmp.r2	0.0	1.5	2.5	2.0	3.0	4.0	6.0	12.5	18.0	28.0	41.0	54.5	103.5	181.5	288.0	468.0	735.5	1096.0	1567.0	2170.0	3003.0	4008.5	5106.5	6358.5	7680.5	9180.0	10907.0	12540.5	14148.0	15675.5	17243.5	18826.5	20189.0	21217.0	22199.5	23091.0	23778.5	24238.5	24260.5	24205.5	24000.0	23599.0	22919.0	21970.0	21060.0	20202.5	19061.0	17934.5	17054.5	15897.5	14715.5	13347.0	11750.5	10373.5	9112.5	8041.0	7073.0	6202.0	5463.5	4739.0	4032.5	3332.5	2734.0	2288.0	1852.0	1515.0	1249.0	1028.5	856.0	703.5	583.0	455.5	323.5	244.5	186.0	140.5	116.0	88.5	75.5	68.0	58.5	46.5	29.5	17.0	15.5	12.0	9.5	9.0	5.0	2.5	3.0	2.0	1.5	2.0	1.5	1.0	0.5	0.0	0.0	0.0	1.5
Sor-CPnd_015-Ex1-5F-lcwgs-1-2-L3-clmp.r1	1.0	0.5	0.5	0.5	2.0	7.0	9.5	10.0	16.0	28.0	37.0	61.0	105.5	155.0	245.5	395.5	638.5	994.0	1470.5	2060.0	2750.5	3552.5	4580.0	5761.0	7071.0	8542.0	10005.5	11482.0	12937.5	14319.5	15720.5	17122.0	18488.5	19703.5	20672.5	21569.5	22185.5	22233.0	22315.5	22354.5	22208.5	21924.0	21170.0	20287.0	19358.0	18279.5	17330.0	16354.5	15300.0	14460.0	13564.5	12170.0	10662.5	9503.5	8340.0	7255.0	6350.0	5593.0	4921.0	4208.5	3625.0	3056.5	2502.5	2080.0	1679.0	1353.0	1145.5	974.5	786.0	594.5	439.0	344.5	263.0	208.0	171.0	125.5	97.0	76.0	58.5	47.0	40.5	34.0	25.0	18.0	13.0	7.5	5.5	5.0	4.0	2.0	0.5	0.0	0.0	0.0	0.0	0.0	0.0	0.0	0.0	0.0	0.0
Sor-CPnd_015-Ex1-5F-lcwgs-1-2-L3-clmp.r2	1.0	0.5	0.0	0.0	1.0	3.5	7.5	11.5	14.0	21.0	37.5	59.5	91.5	156.0	244.0	372.0	637.0	1000.5	1414.5	1951.0	2626.0	3423.5	4521.0	5771.5	7073.5	8542.5	9965.0	11391.0	12870.0	14286.0	15718.5	17148.5	18455.5	19631.0	20678.5	21385.5	21949.5	22358.5	22400.5	22304.0	22153.5	21800.0	21213.0	20478.5	19554.5	18483.5	17395.5	16358.5	15335.5	14323.5	13397.0	12157.5	10749.0	9564.5	8400.5	7307.0	6383.5	5616.5	4910.0	4252.0	3683.0	3076.5	2522.5	2119.5	1708.0	1391.0	1149.5	962.5	806.5	612.0	453.0	361.5	271.5	209.0	168.5	125.5	98.5	70.5	56.5	54.0	43.5	34.0	27.5	20.5	14.0	9.5	8.0	7.0	5.5	2.0	0.5	0.0	1.0	1.0	0.0	1.0	1.5	1.0	1.0	0.5	0.5
Sor-CPnd_016-Ex1-1B-lcwgs-1-2-L2-clmp.r1	0.0	0.5	0.5	0.5	2.5	4.5	7.0	14.0	22.5	27.0	40.5	65.5	105.5	183.5	318.0	545.5	928.5	1466.5	2299.5	3636.5	5426.0	7676.0	10359.0	13489.0	17358.0	21819.5	26305.0	30897.0	35831.5	40679.5	45303.0	49596.5	53442.5	56938.0	59828.5	61735.0	63084.5	63815.0	63591.5	62533.0	60962.5	58816.5	55955.0	52979.5	50031.5	46724.5	43669.5	40669.5	37284.5	33824.0	30712.0	27424.5	23753.5	20737.0	17965.5	15358.5	13177.5	11281.0	9591.0	8173.5	6830.0	5591.5	4616.0	3751.0	2993.5	2412.0	1887.5	1445.5	1125.5	859.0	614.0	449.0	335.5	247.5	188.5	139.5	111.5	84.5	60.5	48.5	32.0	20.0	16.5	14.5	10.0	7.0	5.5	3.0	1.0	1.0	0.5	0.0	0.0	0.0	0.0	0.0	0.0	0.0	0.0	0.0	0.0
Sor-CPnd_016-Ex1-1B-lcwgs-1-2-L2-clmp.r2	1.0	1.0	0.5	0.0	1.0	3.0	9.0	14.0	16.0	19.0	31.5	61.5	111.0	187.0	321.0	524.0	911.0	1450.0	2273.5	3564.0	5320.0	7573.0	10252.0	13480.5	17336.5	21711.5	26301.5	30811.0	35593.5	40400.5	44597.0	48776.5	53211.5	56779.5	59222.5	61207.0	62593.5	63087.5	62971.0	62119.0	60349.5	58191.5	55665.0	53184.5	50517.5	47219.0	44177.5	41238.0	37807.5	34295.5	31144.0	27595.0	24065.5	21141.5	18303.0	15691.5	13325.5	11458.0	9934.5	8435.5	7038.0	5812.5	4751.5	3886.5	3189.0	2535.5	1965.0	1511.5	1163.5	912.0	690.5	506.0	395.5	291.5	228.0	189.0	149.5	124.0	93.5	71.0	57.5	39.0	34.5	32.5	22.0	19.0	19.0	17.5	13.5	14.5	10.5	5.0	8.5	7.5	4.0	6.0	5.0	4.5	2.5	0.0	0.5
Sor-CPnd_016-Ex1-1B-lcwgs-1-2-L3-clmp.r1	0.0	0.0	0.0	1.0	1.0	2.0	4.5	6.5	13.0	15.5	25.5	55.0	88.5	149.0	263.5	468.0	744.0	1150.0	1864.5	2884.5	4151.5	5820.5	7999.5	10714.0	13632.0	16941.5	20560.5	24265.5	28315.0	31969.5	35541.5	39054.0	42212.5	44990.0	47101.5	48661.5	49743.0	50173.5	50029.5	49204.5	47953.0	46510.5	44518.5	42139.5	39731.5	37273.0	34675.0	32209.5	29836.0	27436.5	24957.5	22041.0	18852.5	16291.5	14177.5	12141.5	10370.5	8926.5	7692.0	6587.0	5487.0	4485.0	3675.0	2970.0	2386.5	1923.5	1483.5	1120.0	878.0	679.0	514.0	391.0	298.5	214.0	150.5	116.5	97.0	81.0	61.0	40.5	26.0	15.5	10.5	7.5	6.0	6.5	5.5	1.5	0.0	0.0	0.0	0.0	0.0	0.0	0.0	0.0	0.0	0.0	0.0	0.0	0.0
Sor-CPnd_016-Ex1-1B-lcwgs-1-2-L3-clmp.r2	0.0	0.0	0.5	1.0	1.0	1.0	3.0	5.0	11.5	21.5	34.5	58.0	89.0	140.0	233.5	416.0	691.5	1109.0	1781.5	2812.5	4127.0	5764.5	7926.0	10590.5	13440.5	16784.0	20355.5	24012.0	28052.5	31739.0	35017.0	38508.5	41920.0	44518.5	46490.5	48074.5	49327.0	49742.0	49711.0	49298.0	48028.5	46437.5	44521.0	42428.0	40133.5	37736.5	35270.5	32589.5	30111.5	27607.5	24948.0	22052.0	19156.5	16707.0	14482.0	12457.5	10729.5	9191.0	7775.0	6602.0	5601.5	4578.0	3686.5	3104.0	2583.5	2062.0	1613.5	1246.0	942.0	711.0	549.5	432.5	326.0	234.5	181.0	141.5	113.5	95.5	73.5	55.0	45.5	38.5	25.0	16.0	19.0	19.0	13.0	7.5	7.0	8.0	7.0	6.5	6.5	7.5	6.5	6.0	6.0	4.5	3.0	1.5	1.5
Sor-CPnd_017-Ex1-3G-lcwgs-1-2-L2-clmp.r1	1.0	0.5	0.5	5.5	8.0	7.5	16.5	27.0	31.5	48.0	84.5	137.0	204.5	303.5	477.0	729.5	1102.0	1643.5	2420.5	3399.0	4538.5	5855.5	7485.5	9383.5	11394.0	13537.5	15753.0	18025.5	20388.5	22475.0	24327.5	26019.0	27493.5	28698.0	29636.0	30209.5	30442.0	30514.5	30195.5	29553.5	28609.5	27294.5	25805.0	24469.5	23122.5	21583.5	20104.5	18569.5	17029.0	15586.5	14313.0	12761.0	11028.5	9580.5	8259.0	7168.0	6185.5	5333.0	4542.5	3831.5	3235.5	2683.0	2198.0	1798.5	1480.0	1199.5	927.5	737.5	585.5	443.5	323.5	237.0	187.5	156.0	128.0	100.0	72.5	60.0	49.0	41.0	30.0	14.5	11.5	9.0	5.5	4.5	4.0	4.0	2.0	0.5	0.0	0.0	0.0	0.0	0.0	0.0	0.0	0.0	0.0	0.0	0.0
Sor-CPnd_017-Ex1-3G-lcwgs-1-2-L2-clmp.r2	1.0	1.0	2.0	4.5	7.0	10.5	16.0	19.0	29.0	51.0	77.5	109.0	166.5	286.5	459.5	692.0	1071.5	1617.0	2348.5	3328.0	4497.5	5826.0	7394.0	9293.5	11363.0	13576.0	15743.5	17845.0	20178.5	22274.0	24112.5	25760.0	27325.0	28875.5	29778.5	30080.0	30401.0	30564.5	30272.5	29535.0	28487.0	27347.0	25993.5	24594.0	23232.5	21760.0	20167.0	18713.5	17230.0	15624.0	14256.0	12725.0	11090.5	9710.5	8404.5	7244.0	6225.5	5303.0	4515.0	3825.0	3241.5	2695.0	2226.5	1853.5	1485.5	1182.0	942.5	739.5	585.0	449.5	324.0	244.5	193.5	157.5	131.0	107.5	83.0	62.0	52.5	46.0	34.5	24.0	16.0	13.5	11.0	6.5	9.0	9.5	4.5	2.5	3.0	2.5	3.0	2.0	1.5	1.5	0.5	0.5	0.0	0.5	0.5
Sor-CPnd_017-Ex1-3G-lcwgs-1-2-L3-clmp.r1	1.0	1.0	1.0	2.5	4.5	8.5	15.5	22.0	31.5	47.5	73.5	105.5	158.5	252.5	384.0	603.0	956.0	1407.5	1965.0	2689.0	3692.0	4959.5	6302.5	7795.5	9492.0	11257.5	13093.0	14961.5	16765.0	18479.5	20126.5	21627.0	23045.5	24165.0	24879.0	25303.0	25629.5	25673.5	25412.5	24952.0	24051.0	23008.0	22000.0	20822.0	19414.5	18121.5	16875.0	15710.0	14531.0	13218.0	12105.5	10822.5	9336.0	8145.0	7061.0	6092.5	5282.5	4481.0	3799.5	3254.5	2757.0	2293.0	1902.5	1568.0	1285.5	1024.5	783.5	616.0	475.5	353.5	264.0	203.0	167.0	121.0	87.5	74.0	61.0	47.5	34.5	20.5	17.5	18.0	11.5	8.5	9.0	6.0	2.0	0.5	1.0	0.5	0.0	0.0	0.0	0.0	0.0	0.0	0.0	0.0	0.0	0.0	0.0
Sor-CPnd_017-Ex1-3G-lcwgs-1-2-L3-clmp.r2	1.0	1.0	1.0	1.0	4.0	6.5	12.5	23.0	27.0	39.0	63.5	101.0	156.5	238.0	364.5	548.0	854.5	1320.5	1905.0	2664.0	3665.5	4882.0	6124.0	7623.0	9356.5	11241.0	13222.0	15011.0	16742.0	18524.0	20106.0	21473.0	22769.0	23886.0	24839.0	25411.5	25731.0	25866.5	25450.5	24815.5	24062.5	23127.5	22145.5	20772.0	19527.0	18446.0	16920.5	15627.5	14571.0	13213.0	12116.5	10889.0	9415.0	8207.0	7040.0	6078.0	5261.5	4522.5	3872.0	3284.5	2776.0	2302.0	1915.0	1597.5	1289.5	1031.5	807.0	623.0	495.5	376.5	288.5	220.0	164.5	121.0	96.0	81.0	65.5	50.5	41.5	33.0	22.0	17.0	17.0	16.0	12.5	6.0	3.0	3.5	4.5	4.0	1.5	1.5	1.5	2.0	2.0	1.0	0.5	0.5	0.5	0.5	0.5
Sor-CPnd_018-Ex1-1E-lcwgs-1-2-L2-clmp.r1	0.0	1.0	3.0	8.0	17.5	24.5	32.5	52.0	78.0	121.0	187.0	285.0	403.5	617.5	1022.5	1613.0	2526.5	3769.5	5490.5	7950.0	11047.5	14724.0	18966.5	23809.5	29457.0	35611.0	41794.5	48193.5	54736.0	60873.0	66707.5	72268.0	77230.5	81791.0	85447.5	88136.0	90058.0	90616.5	90188.0	88858.5	86542.0	83893.5	80521.5	76814.5	73050.0	68482.0	63929.5	59518.0	55166.0	50699.0	46587.5	41699.5	36304.0	32089.5	28078.5	24515.5	21453.0	18689.0	16196.0	13847.0	11781.5	10018.0	8430.5	6931.5	5540.0	4457.0	3536.5	2777.0	2185.0	1679.5	1267.0	923.5	712.5	570.5	454.0	346.0	266.5	207.0	155.0	128.5	101.5	71.0	48.0	35.5	24.0	16.5	14.0	12.0	7.5	2.0	0.0	0.0	0.0	0.0	0.0	0.0	0.0	0.0	0.0	0.0	0.0
Sor-CPnd_018-Ex1-1E-lcwgs-1-2-L2-clmp.r2	1.0	1.5	4.5	10.5	13.0	19.5	34.0	49.0	78.0	113.0	166.0	261.0	387.5	588.0	963.0	1583.0	2461.5	3681.5	5438.5	7875.5	11053.0	14627.0	18672.5	23605.0	29427.0	35377.5	41494.5	48075.5	54567.0	60854.0	66755.5	72111.5	77514.0	81995.5	85340.0	88254.5	90073.5	90738.5	90247.0	88649.0	86528.5	83775.0	80445.5	76899.5	72837.0	68408.5	63716.5	59522.5	55376.5	50991.5	47013.0	41836.5	36565.0	32399.5	28194.5	24557.0	21385.0	18548.0	16156.5	13793.0	11705.5	10072.5	8518.0	6962.5	5612.0	4460.5	3513.0	2812.5	2216.5	1686.0	1274.0	938.0	714.5	589.5	466.5	363.0	284.0	216.5	173.0	145.0	112.0	84.0	63.0	49.0	36.5	31.0	24.5	19.0	14.5	9.0	10.0	11.0	8.0	5.0	4.0	6.0	4.0	3.5	4.0	1.0	0.0
Sor-CPnd_018-Ex1-1E-lcwgs-1-2-L3-clmp.r1	3.0	4.0	4.5	6.0	18.5	28.0	36.5	56.5	85.5	119.5	173.5	269.5	401.5	608.0	950.5	1550.0	2422.5	3675.5	5402.0	7711.0	10737.0	14279.0	18320.5	23201.5	28421.5	33990.0	40378.0	46623.5	52863.0	59036.5	64690.5	70452.0	75681.5	79836.0	83066.0	85797.5	88082.0	88617.0	87873.0	86648.5	84702.5	82113.0	78552.5	74849.0	71095.5	66996.5	62735.5	58589.0	54402.0	49955.5	46008.5	41120.5	35905.5	31689.5	27866.0	24406.0	21246.5	18476.0	15970.5	13593.0	11421.5	9717.5	8270.5	6886.5	5606.0	4464.0	3497.5	2709.0	2099.0	1616.0	1228.0	943.0	744.0	588.5	457.0	342.0	264.5	210.5	163.0	134.5	111.5	73.0	46.5	38.0	27.5	17.0	11.5	9.0	5.5	3.0	1.5	1.0	0.5	0.0	0.0	0.0	0.0	0.0	0.0	0.0	0.0
Sor-CPnd_018-Ex1-1E-lcwgs-1-2-L3-clmp.r2	1.0	1.5	4.5	6.5	12.5	22.0	25.0	41.5	65.0	101.5	161.5	256.0	393.0	588.0	927.5	1498.0	2374.5	3602.5	5237.0	7516.0	10536.5	14068.5	18137.0	23000.0	28398.0	34135.0	40304.0	46589.0	52891.5	59162.0	65042.0	70350.5	75371.5	79770.5	83151.5	86109.0	88062.5	88430.0	87949.0	86660.5	84473.0	81773.5	78672.5	74979.5	71063.0	67186.0	62874.0	58598.5	54360.0	50130.5	46060.0	41211.0	36053.5	31684.0	28018.5	24448.0	21182.0	18360.0	15811.0	13579.5	11527.5	9803.0	8331.0	6890.5	5618.5	4539.5	3516.5	2737.5	2154.0	1642.5	1263.5	977.5	760.5	594.5	471.5	380.0	303.0	227.0	179.5	156.5	116.0	75.5	51.0	41.0	35.0	23.0	16.0	13.0	9.0	9.5	8.5	7.0	7.5	8.5	7.5	4.5	3.5	4.5	3.5	1.0	0.5
Sor-CPnd_019-Ex1-6G-lcwgs-1-2-L2-clmp.r1	1.0	1.0	1.5	6.0	16.5	29.5	43.0	59.0	79.5	107.0	175.0	271.5	378.5	577.5	892.5	1356.0	2124.0	3106.0	4443.5	6268.0	8410.0	10930.0	13884.5	17510.0	21556.5	25628.0	29854.5	34195.0	38662.5	43003.0	46739.5	50140.0	53539.0	56930.0	59714.5	61301.0	62263.5	62709.5	62453.0	61702.0	60247.0	58274.0	56244.5	53977.0	51461.5	48826.5	45838.5	42706.0	39796.0	36846.5	34006.0	30527.0	26677.5	23549.5	20534.5	17871.0	15612.5	13593.0	11854.5	10137.0	8614.5	7318.0	6179.0	5205.0	4232.0	3380.5	2713.5	2172.5	1712.0	1313.0	1007.5	779.0	613.0	497.5	402.5	303.5	226.5	174.0	131.0	103.0	86.5	68.5	51.0	37.0	30.0	23.0	16.0	10.5	4.0	1.5	1.0	1.5	1.0	0.5	1.0	1.0	0.5	0.0	0.0	0.0	0.0
Sor-CPnd_019-Ex1-6G-lcwgs-1-2-L2-clmp.r2	0.0	1.0	2.5	4.5	11.0	19.5	36.5	60.0	71.5	92.5	140.5	221.5	360.5	560.5	849.0	1285.5	2019.0	3027.0	4293.0	6076.5	8281.5	10874.0	13864.5	17398.0	21252.0	25215.5	29516.0	34176.5	38764.5	42667.5	46368.0	49922.5	53505.5	56711.0	59056.0	60962.5	62316.5	62734.0	62457.5	61787.5	60421.0	58497.0	56288.0	53900.5	51650.5	49219.5	46097.0	42979.0	40047.0	36900.0	34076.0	30803.0	26934.5	23678.0	20702.5	18117.5	15848.5	13683.5	11928.0	10274.5	8618.0	7280.0	6213.5	5250.0	4320.0	3427.5	2718.5	2243.5	1781.5	1336.0	1035.0	819.0	634.5	508.0	415.0	309.0	230.5	185.0	152.5	119.5	86.5	70.5	59.0	45.0	35.0	25.0	18.0	14.5	12.0	8.5	7.0	6.0	4.0	5.0	4.5	3.5	2.5	0.5	0.0	0.0	0.5
Sor-CPnd_019-Ex1-6G-lcwgs-1-2-L3-clmp.r1	2.0	3.5	6.0	8.5	14.5	25.0	33.5	40.5	61.5	89.5	130.5	195.5	297.0	475.5	769.5	1191.0	1816.0	2612.0	3673.0	5114.5	7040.5	9286.0	11694.0	14526.5	17816.0	21302.5	24875.5	28488.5	32149.0	35763.5	39154.5	42352.5	45193.5	47458.5	49653.0	51366.5	52132.5	52751.0	52826.5	52169.0	50980.5	49273.5	47689.0	45871.0	43599.5	41238.5	38709.5	36141.5	33696.0	31376.0	29244.5	26319.5	22978.0	20410.5	18105.5	15750.0	13661.0	11928.0	10294.0	8913.0	7671.5	6497.0	5485.0	4515.0	3663.0	2972.5	2379.5	1919.5	1526.0	1210.5	945.5	718.5	545.5	414.5	319.5	252.5	194.5	150.5	126.0	103.0	77.5	61.0	43.0	28.5	22.5	15.5	9.5	6.0	5.5	4.5	2.0	1.0	0.5	0.0	0.0	0.0	0.0	0.0	0.0	0.0	0.0
Sor-CPnd_019-Ex1-6G-lcwgs-1-2-L3-clmp.r2	3.0	4.5	6.0	8.0	9.0	14.0	23.5	39.5	62.5	83.0	133.5	197.5	286.5	446.5	689.5	1085.0	1672.5	2484.5	3601.0	5014.5	6898.0	9114.0	11556.5	14450.0	17484.0	20953.5	24684.5	28290.0	32020.5	35655.5	38945.5	41930.0	44905.5	47539.0	49767.5	51441.5	52334.5	52706.0	52654.5	52277.5	51061.0	49279.5	47719.5	45949.5	43802.5	41490.5	38919.5	36311.0	33883.0	31752.5	29637.5	26526.0	23128.5	20417.0	18038.5	15861.5	13739.5	11944.5	10394.0	8955.5	7728.5	6523.0	5456.5	4527.0	3694.5	2967.0	2376.5	1948.5	1549.0	1243.0	967.0	722.5	560.0	438.0	342.5	267.5	219.5	168.0	135.5	115.0	88.5	63.5	47.5	39.5	30.0	18.0	11.0	8.5	8.0	6.5	5.0	6.5	6.5	5.0	4.0	2.5	1.0	1.0	1.5	0.5	0.0
Sor-CPnd_020-Ex1-2E-lcwgs-1-2-L2-clmp.r1	1.0	2.0	3.5	5.0	14.0	31.0	52.5	63.0	82.0	119.5	163.5	255.5	377.0	587.0	930.0	1474.5	2264.0	3313.0	4748.5	6468.5	8505.5	10965.5	13766.0	17030.5	20637.5	24356.0	28090.5	31602.0	35119.0	38684.0	41969.5	44972.0	47651.5	49804.5	51068.5	51894.0	52566.0	52700.5	51821.5	50667.0	49457.5	47631.0	45326.0	42992.5	40648.5	38129.0	35707.5	33269.0	30912.5	28803.5	26897.5	23855.0	20472.5	17965.0	15657.5	13648.5	11871.0	10188.0	8684.5	7405.5	6320.0	5343.0	4448.5	3651.5	2959.5	2352.5	1846.5	1516.0	1241.0	923.0	693.0	547.0	433.0	337.5	257.5	201.5	167.5	137.0	94.0	72.0	68.5	54.5	32.5	18.0	15.5	14.5	12.5	7.5	2.5	1.5	1.0	0.0	0.0	0.0	0.0	0.0	0.0	0.0	0.0	0.0	0.0
Sor-CPnd_020-Ex1-2E-lcwgs-1-2-L2-clmp.r2	2.0	1.5	2.0	10.5	17.5	26.5	41.5	58.5	76.0	92.5	140.5	233.0	359.5	553.0	872.0	1373.0	2097.0	3154.5	4555.5	6273.0	8353.5	10753.5	13434.5	16605.0	20211.0	23940.5	27629.5	31237.5	34985.5	38645.0	41915.5	44802.0	47291.0	49422.5	51148.0	52286.5	52774.0	52779.0	52028.0	50765.0	49578.0	48009.0	45624.5	43075.5	40767.5	38348.5	35756.5	33404.0	31368.5	28952.5	26784.0	24034.5	20714.5	18080.0	15698.5	13747.5	11990.0	10262.0	8753.0	7480.5	6407.5	5410.0	4466.5	3697.0	3007.0	2386.5	1874.5	1525.0	1225.5	912.0	704.0	568.0	443.5	340.0	257.0	202.5	175.0	145.0	110.0	86.5	72.0	54.0	40.0	31.5	24.5	18.0	16.5	13.5	7.5	4.5	3.0	4.5	6.5	5.5	3.5	3.5	2.5	1.0	1.5	2.5	2.0
Sor-CPnd_020-Ex1-2E-lcwgs-1-2-L3-clmp.r1	3.0	3.5	6.0	8.0	17.0	30.5	37.5	49.0	75.5	116.5	180.5	267.0	392.0	640.0	1006.5	1525.5	2340.0	3419.0	4963.5	6937.5	9261.5	12067.5	15341.0	18982.5	23047.0	27317.0	31633.5	35925.0	40109.5	44351.0	48216.0	51631.5	54653.0	57344.5	59582.5	60995.0	61564.5	61229.0	60344.5	59355.5	57888.5	55528.5	52814.5	50037.5	47137.5	44401.0	41382.5	38194.5	35457.5	32758.5	30414.0	27337.5	23515.5	20496.0	17710.5	15211.5	13166.5	11435.5	9860.0	8363.5	7080.0	5955.5	4956.5	4073.0	3292.0	2636.0	2061.0	1598.5	1262.5	971.5	766.0	600.5	463.5	379.5	283.5	206.0	172.0	133.0	95.0	78.5	63.5	43.5	33.5	26.0	21.0	16.5	12.0	6.5	2.0	0.5	0.5	1.0	1.0	1.0	0.5	0.0	0.0	0.0	0.0	0.0	0.0
Sor-CPnd_020-Ex1-2E-lcwgs-1-2-L3-clmp.r2	3.0	3.5	5.0	6.0	11.0	25.5	44.5	62.0	80.5	108.0	159.5	240.5	353.0	590.0	924.5	1406.5	2207.0	3253.5	4729.0	6713.5	8964.0	11587.0	14768.5	18490.0	22799.0	27021.0	31201.0	35637.5	39988.5	44107.5	47931.5	51438.0	54593.5	57260.0	59523.5	61099.5	61387.5	61238.5	60665.5	59518.5	57926.0	55616.5	53176.0	50532.0	47449.0	44596.5	41738.0	38585.0	35738.5	32962.5	30526.0	27407.0	23620.0	20563.5	17817.5	15389.5	13286.5	11519.5	9939.5	8518.0	7234.0	6000.5	4956.0	4058.5	3297.5	2671.5	2113.5	1660.5	1302.0	1008.0	789.0	606.5	466.5	374.5	284.5	225.5	186.5	142.5	112.5	89.5	69.0	54.0	43.0	34.5	23.5	21.5	20.0	14.0	11.0	6.5	2.0	5.0	6.5	5.5	5.0	3.5	3.0	2.5	2.0	2.0	2.0
Sor-CPnd_022-Ex1-7C-lcwgs-1-2-L2-clmp.r1	1.0	1.5	3.5	7.5	14.5	18.5	29.0	55.0	75.5	89.0	142.5	242.0	352.5	546.0	888.5	1448.0	2205.5	3302.5	4908.0	6975.0	9520.5	12680.0	16401.0	20602.0	25238.0	30157.0	35236.5	40509.5	46021.0	51113.5	55866.5	60444.5	64385.0	67756.5	70859.5	72964.5	74011.0	74353.5	73732.5	72691.5	71009.5	68447.0	65483.5	62052.0	58275.5	54640.0	51066.5	47402.5	43846.0	40349.5	37254.5	33233.0	28690.5	25200.0	21861.0	18926.0	16470.5	14066.0	12078.5	10430.5	8795.5	7378.0	6184.0	5133.0	4176.0	3336.0	2653.0	2127.0	1666.5	1297.0	1019.0	778.0	603.0	467.0	350.5	275.5	218.0	182.5	146.0	112.0	88.0	65.5	53.0	38.5	25.0	17.5	10.0	5.5	3.0	2.0	1.5	0.5	0.5	1.0	0.5	0.0	0.0	0.0	0.0	0.0	0.0
Sor-CPnd_022-Ex1-7C-lcwgs-1-2-L2-clmp.r2	4.0	3.5	4.0	5.0	8.0	21.5	29.5	37.0	66.0	98.0	146.0	230.5	358.5	584.5	901.5	1372.5	2113.5	3198.0	4790.0	6851.5	9445.5	12471.5	16049.5	20534.5	25210.5	29943.5	35102.5	40554.0	45751.5	50728.5	55699.0	60076.5	64388.0	67973.0	70664.0	72918.5	73968.5	74045.0	73644.0	72525.5	70716.0	68344.0	65273.5	62035.0	58629.5	54985.0	51245.0	47725.5	44149.5	40566.0	37409.5	33162.5	28645.5	25189.5	22023.5	19174.5	16640.5	14259.5	12210.5	10521.5	8949.5	7499.5	6253.5	5199.5	4243.0	3401.0	2696.0	2170.5	1733.0	1318.0	1040.5	824.5	638.5	499.0	365.0	295.5	244.5	205.5	169.0	127.5	108.0	84.0	70.0	51.5	32.5	29.0	20.5	16.0	14.0	13.5	14.0	11.5	7.5	7.0	8.0	5.5	5.0	4.0	1.0	0.0	0.5
Sor-CPnd_022-Ex1-7C-lcwgs-1-2-L3-clmp.r1	0.0	0.5	2.0	4.0	9.5	18.5	26.5	38.0	52.0	80.5	125.0	202.5	314.0	469.0	729.5	1150.0	1797.0	2716.0	4021.0	5718.0	7811.0	10330.0	13284.0	16763.5	20561.0	24661.0	28841.5	33055.0	37468.5	41540.0	45426.5	49165.0	52507.0	55188.0	57524.5	59449.0	60642.5	60936.5	60386.5	59612.0	58177.0	56196.5	53817.5	51138.0	48711.0	45870.5	42537.5	39525.5	36553.5	33531.5	30868.0	27515.0	23868.5	20913.0	18065.0	15571.0	13614.0	11914.5	10259.0	8743.0	7419.5	6249.0	5247.0	4332.5	3550.5	2872.0	2234.5	1758.0	1392.0	1109.0	874.0	685.5	515.5	385.0	299.0	218.0	179.0	168.5	133.0	87.5	65.5	47.0	32.0	26.0	22.0	17.5	9.5	4.0	2.0	1.0	0.5	0.0	0.0	0.0	0.0	0.0	0.0	0.0	0.0	0.0	0.0
Sor-CPnd_022-Ex1-7C-lcwgs-1-2-L3-clmp.r2	0.0	1.0	4.0	5.5	10.0	16.5	28.0	42.0	52.0	71.0	114.5	174.0	286.5	459.5	712.0	1112.5	1697.0	2631.0	3966.5	5625.0	7681.0	10160.0	13071.0	16534.5	20441.0	24592.0	28715.0	32892.5	37361.5	41481.5	45170.0	48871.5	52327.0	55159.5	57576.5	59404.0	60391.5	60724.0	60398.5	59468.5	58144.0	56382.0	54174.5	51562.0	48591.0	45731.5	42577.0	39585.5	36755.0	33706.0	31008.0	27602.0	23880.0	20891.5	18299.5	15926.5	13739.5	11890.0	10302.0	8793.0	7452.0	6264.5	5278.5	4434.0	3636.0	2927.5	2256.5	1769.0	1431.5	1149.5	902.0	704.5	535.0	415.5	343.0	246.5	199.0	185.5	143.0	100.5	75.0	58.0	49.0	43.0	36.5	33.5	24.0	9.0	5.0	6.0	6.5	5.0	6.0	6.5	3.0	3.0	5.0	4.5	1.5	1.0	1.0
Sor-CPnd_024-Ex1-5G-lcwgs-1-2-L2-clmp.r1	0.0	0.0	2.0	3.5	3.5	7.5	13.5	16.5	28.0	43.5	57.5	77.0	119.0	189.0	310.0	502.0	754.5	1087.0	1542.0	2096.5	2824.0	3732.0	4687.5	5753.5	7005.0	8225.5	9490.5	10913.0	12293.5	13567.5	14668.0	15723.0	16891.5	17783.0	18230.0	18646.5	18982.5	19123.5	19010.5	18784.0	18429.5	17773.5	16960.0	16329.0	15778.5	14839.0	13875.0	13016.0	12103.0	11308.5	10657.0	9536.0	8299.0	7415.0	6446.5	5554.5	4887.0	4275.5	3704.5	3222.5	2732.5	2263.0	1867.0	1575.0	1336.5	1096.0	899.0	729.5	560.0	436.5	338.5	258.5	217.5	190.0	157.5	120.5	92.0	71.0	50.0	38.5	32.0	25.0	19.0	14.5	10.5	6.5	5.0	2.0	0.0	0.0	0.0	0.0	0.0	0.0	0.0	0.0	0.0	0.0	0.0	0.0	0.0
Sor-CPnd_024-Ex1-5G-lcwgs-1-2-L2-clmp.r2	0.0	0.5	1.5	2.0	3.0	5.5	10.5	18.0	30.5	40.5	53.0	77.0	112.5	173.5	295.0	473.0	729.5	1041.5	1434.0	2023.0	2832.0	3702.5	4619.0	5728.5	6855.5	8084.5	9474.0	10864.5	12258.0	13575.5	14637.5	15664.5	16756.0	17602.5	18294.0	18758.5	19093.5	19195.0	19010.0	18763.5	18357.5	17800.5	17099.5	16532.5	15786.0	14794.5	13918.0	12982.0	12111.0	11384.5	10666.5	9580.0	8415.5	7471.5	6471.0	5578.0	4878.5	4298.0	3737.0	3205.0	2711.0	2231.0	1845.5	1581.5	1344.0	1122.0	934.5	749.5	588.5	450.5	326.5	250.0	215.0	184.0	153.0	120.0	93.5	69.5	46.0	38.0	35.0	29.5	21.0	13.0	11.5	9.5	9.0	5.5	2.0	2.0	1.0	1.0	1.5	1.5	1.0	1.0	0.5	0.0	0.5	0.5	0.5
Sor-CPnd_024-Ex1-5G-lcwgs-1-2-L3-clmp.r1	1.0	0.5	1.5	3.0	3.5	6.0	10.0	16.0	26.0	31.5	44.5	67.5	92.0	166.5	277.5	407.5	638.0	961.5	1391.5	1950.0	2562.5	3273.0	4209.5	5237.0	6263.0	7436.0	8697.5	9827.5	10967.5	12224.5	13525.0	14624.5	15331.0	16017.5	16812.0	17319.0	17634.5	17705.0	17470.5	17259.5	16982.0	16532.0	15837.0	15091.0	14444.0	13668.0	12784.5	11900.5	11045.0	10257.0	9600.0	8693.5	7503.5	6569.5	5766.5	5002.5	4388.5	3846.0	3302.5	2784.5	2381.5	2047.5	1707.5	1413.0	1168.5	973.5	789.0	637.5	524.5	410.0	312.5	239.5	184.0	148.0	127.0	105.5	86.5	66.0	53.5	44.5	28.5	22.0	16.0	8.0	5.5	6.0	5.0	2.5	1.5	2.0	1.0	0.5	1.0	1.0	0.5	0.0	0.0	0.0	0.0	0.0	0.0
Sor-CPnd_024-Ex1-5G-lcwgs-1-2-L3-clmp.r2	0.0	0.0	0.5	1.5	4.5	8.5	10.0	10.5	23.5	35.5	46.0	64.0	91.0	148.5	241.5	395.0	607.0	894.5	1288.5	1829.0	2484.5	3239.0	4087.0	5081.5	6237.5	7428.0	8588.0	9726.5	11028.5	12313.5	13450.0	14559.0	15477.5	16091.0	16701.5	17267.0	17696.5	17703.0	17513.5	17351.0	17007.5	16582.0	15878.5	15059.0	14422.0	13668.5	12763.5	11943.0	11083.0	10370.5	9707.5	8653.5	7553.0	6687.5	5780.5	5041.0	4419.0	3807.0	3317.5	2853.5	2420.5	2065.0	1715.0	1407.5	1173.0	959.5	783.0	660.5	539.5	417.0	322.0	238.5	184.0	154.5	128.0	103.0	83.5	69.0	54.5	43.5	31.5	23.0	15.5	10.0	8.5	8.0	7.5	4.5	1.5	1.5	2.0	3.5	4.0	2.5	1.0	1.0	1.0	0.5	0.0	0.0	0.0
Sor-CPnd_026-Ex1-3H-lcwgs-1-2-L2-clmp.r1	1.0	0.5	3.0	6.0	6.0	7.5	17.5	29.5	34.0	43.0	65.5	96.0	141.0	233.5	380.0	620.0	951.5	1399.5	2128.5	2968.5	3972.5	5319.0	6809.0	8575.5	10614.5	12692.5	14960.0	17330.5	19551.5	21641.5	23723.5	25746.5	27470.0	28978.5	30203.0	30819.5	31157.0	31465.5	31329.5	30713.0	29756.5	28556.0	27279.5	26079.5	24738.5	23058.0	21291.5	19531.5	17916.5	16520.5	15151.0	13413.5	11604.0	10060.0	8669.0	7519.0	6493.0	5567.0	4746.5	4006.5	3385.0	2854.0	2360.0	1908.5	1509.0	1164.0	916.0	737.0	563.0	436.0	342.5	250.0	188.5	143.0	97.5	69.5	60.5	48.0	39.5	29.0	16.5	10.0	7.0	3.5	3.0	4.0	4.0	2.5	0.5	0.0	0.0	0.5	0.5	0.0	0.0	0.0	0.0	0.0	0.0	0.0	0.0
Sor-CPnd_026-Ex1-3H-lcwgs-1-2-L2-clmp.r2	0.0	0.0	0.5	2.5	6.5	7.5	9.5	21.0	29.5	43.5	71.5	97.0	132.5	214.5	378.5	626.0	921.5	1360.5	2044.0	2914.0	3956.5	5239.5	6788.5	8597.0	10502.5	12596.5	14859.0	17071.5	19437.0	21553.0	23471.5	25509.5	27417.5	29044.0	30157.0	30873.5	31351.5	31535.0	31172.0	30630.5	29834.5	28761.5	27460.0	25938.5	24509.5	23025.0	21374.0	19628.5	18073.5	16586.0	15256.5	13626.0	11697.0	10121.0	8789.0	7603.0	6528.5	5576.0	4853.0	4125.0	3410.5	2839.0	2347.5	1940.5	1541.0	1215.5	959.5	740.0	571.5	449.5	341.0	252.0	201.5	166.5	121.0	87.0	69.0	51.0	46.0	36.5	24.0	19.5	13.5	8.0	7.0	6.5	6.0	4.5	2.5	4.0	5.0	5.5	4.5	2.0	2.5	3.5	2.5	0.5	0.5	1.0	0.5
Sor-CPnd_026-Ex1-3H-lcwgs-1-2-L3-clmp.r1	0.0	1.0	2.5	2.5	3.5	8.0	10.5	19.5	27.0	34.0	50.0	81.0	112.5	164.0	298.0	486.5	757.0	1107.5	1599.5	2285.5	3153.0	4145.5	5340.0	6851.5	8451.5	10108.5	11846.0	13706.0	15498.5	17021.5	18450.5	20029.5	21626.5	22815.5	23629.5	24371.5	24812.0	24694.0	24478.0	24262.0	23650.0	22564.0	21534.5	20436.0	19156.0	18052.0	16793.5	15479.5	14240.0	13014.5	11983.0	10685.5	9300.0	8134.5	7035.5	6008.5	5094.0	4421.5	3818.5	3159.0	2636.0	2236.5	1846.5	1535.0	1214.0	958.5	764.0	571.0	422.0	342.5	258.5	176.5	141.5	108.5	83.0	68.0	53.0	35.5	23.5	19.0	13.0	8.5	6.5	5.5	4.5	2.5	0.5	0.0	0.0	0.0	0.0	0.0	0.0	0.0	0.0	0.0	0.0	0.0	0.0	0.0	0.0
Sor-CPnd_026-Ex1-3H-lcwgs-1-2-L3-clmp.r2	0.0	1.0	2.0	2.0	3.5	5.5	6.0	13.0	19.5	27.0	52.0	81.5	108.5	156.0	285.5	495.0	747.0	1091.5	1582.0	2268.5	3064.5	4077.5	5312.5	6719.0	8363.0	9958.5	11582.0	13427.5	15201.5	16793.5	18442.0	20082.0	21486.0	22599.5	23446.5	24254.5	24795.5	24714.5	24461.5	24218.5	23647.0	22634.5	21588.0	20630.5	19388.0	18125.0	17041.0	15733.0	14271.0	13074.0	12060.5	10827.5	9453.5	8236.0	7063.0	5973.5	5201.0	4562.0	3880.0	3259.0	2735.0	2259.0	1864.5	1548.5	1241.0	978.5	758.0	578.5	440.5	356.5	268.5	176.5	146.5	121.5	90.5	74.5	58.0	39.5	29.0	20.5	19.5	17.0	15.0	13.0	9.5	8.0	5.0	2.5	2.0	3.0	4.0	4.0	3.0	2.5	1.0	1.0	1.0	1.0	1.5	0.5	0.0
Sor-CPnd_027-Ex1-3C-lcwgs-1-2-L2-clmp.r1	0.0	0.5	1.5	4.5	11.5	22.0	30.0	32.0	43.0	71.5	104.0	137.0	210.0	334.5	538.0	876.5	1401.5	2204.0	3254.0	4690.0	6516.0	8818.0	11623.0	14836.5	18401.5	22450.5	26578.0	30351.5	34509.5	38636.5	42475.5	46131.5	49269.0	51922.5	54076.0	55734.0	56646.0	56676.5	56097.5	55144.0	53750.5	51531.0	48971.0	46630.0	43953.5	41092.5	38147.0	35092.5	32522.0	29938.5	27313.5	24064.0	20709.5	18183.0	15657.5	13450.5	11576.0	9854.0	8414.5	7157.0	6004.5	5006.5	4109.0	3295.0	2635.5	2123.5	1716.5	1354.0	1010.0	776.5	621.0	484.5	365.0	266.0	203.5	158.5	117.5	99.5	77.0	55.0	47.0	31.5	20.0	15.0	13.0	12.0	5.0	1.0	1.0	0.5	0.0	0.0	0.0	0.0	0.0	0.0	0.0	0.0	0.0	0.0	0.0
Sor-CPnd_027-Ex1-3C-lcwgs-1-2-L2-clmp.r2	0.0	1.0	2.0	3.5	6.0	16.5	23.0	30.0	45.0	60.5	94.0	136.5	187.5	301.5	493.0	828.0	1350.5	2106.5	3197.0	4639.5	6451.0	8666.5	11430.0	14769.5	18247.5	21952.0	26155.5	30263.5	34456.0	38523.0	42281.0	45808.0	49057.5	51662.5	53843.5	55503.5	56036.0	56056.0	55971.0	55186.0	53560.0	51535.5	49247.0	46757.0	44037.5	41424.0	38414.5	35582.5	32890.0	30131.5	27667.5	24516.0	21220.5	18418.0	15803.0	13600.0	11698.0	9922.5	8512.5	7279.0	6075.0	5072.0	4169.5	3369.5	2716.5	2155.5	1693.0	1376.0	1087.0	831.0	646.0	492.0	383.0	296.5	228.5	186.0	152.5	120.0	98.0	83.0	65.5	50.0	31.5	23.0	22.5	19.0	15.5	14.5	17.0	17.0	12.0	10.5	10.5	8.5	4.0	2.5	4.0	4.5	4.0	2.5	0.5
Sor-CPnd_027-Ex1-3C-lcwgs-1-2-L3-clmp.r1	0.0	1.0	2.0	6.0	10.5	10.5	18.5	32.0	38.0	50.0	70.5	105.5	186.5	287.0	434.0	693.5	1098.0	1704.5	2578.5	3643.5	5129.0	7031.0	9227.5	11750.0	14496.5	17435.5	20645.5	23974.0	27222.5	30301.0	33141.0	35930.0	38561.5	40635.5	42436.5	43691.0	44315.0	44682.0	44450.0	43349.5	42052.0	40689.5	38853.5	36767.0	34472.0	32350.0	30287.0	28165.0	26028.5	23833.5	21703.5	19153.5	16500.0	14517.5	12610.0	10807.0	9302.0	7916.5	6676.0	5651.5	4806.0	3982.5	3319.0	2740.5	2191.0	1782.5	1430.5	1089.0	811.5	609.5	455.5	319.0	240.0	198.0	164.0	140.0	114.5	86.5	52.0	41.0	42.5	32.5	24.5	20.0	12.0	5.5	3.0	1.5	0.5	1.5	2.0	1.5	0.5	0.0	0.0	0.0	0.0	0.0	0.0	0.0	0.0
Sor-CPnd_027-Ex1-3C-lcwgs-1-2-L3-clmp.r2	1.0	2.0	4.5	7.0	8.0	8.0	13.0	17.0	25.0	40.5	71.0	109.0	140.5	228.0	399.0	667.5	1049.5	1669.0	2517.5	3594.5	5030.0	6946.5	9097.5	11504.0	14254.5	17187.5	20426.0	23628.0	26822.5	30064.5	32938.5	35579.0	38187.0	40619.0	42372.0	43677.0	44488.5	44356.0	44022.5	43419.0	42017.0	40486.5	38832.0	36938.5	34980.5	32627.0	30222.5	28192.5	26216.5	24084.0	22092.5	19542.0	16722.0	14647.0	12786.0	11032.0	9477.5	8010.0	6770.0	5777.5	4904.5	4117.5	3458.5	2855.5	2301.0	1812.0	1432.0	1126.5	837.0	648.5	514.0	366.5	276.5	210.5	175.5	159.0	130.5	100.0	78.0	66.0	54.0	42.5	34.5	29.5	18.0	10.5	10.5	10.0	9.0	8.0	8.0	4.5	5.5	6.0	4.0	3.0	2.5	3.0	3.0	2.0	0.5
Sor-CPnd_028-Ex1-3A-lcwgs-1-2-L2-clmp.r1	2.0	1.5	2.5	6.0	7.0	8.0	14.5	32.5	44.5	61.5	101.0	154.5	241.5	369.5	601.5	1022.0	1688.0	2632.0	4007.0	5887.5	8255.0	11204.5	14856.0	19074.5	23748.5	28686.5	34024.0	39662.5	44729.0	49653.0	54644.5	59071.0	63148.0	66792.5	69746.5	71713.5	72614.0	72772.5	72427.5	71249.0	69110.0	66309.0	63253.5	60206.5	56996.0	53602.0	50169.5	46567.5	42741.0	39344.5	36402.0	32480.0	28067.5	24706.5	21665.5	18632.5	16083.5	14033.5	12145.5	10410.0	8825.5	7341.5	6129.5	5060.5	4084.0	3229.5	2500.5	2003.0	1572.5	1153.5	865.0	689.0	530.0	375.0	285.5	223.0	166.5	130.0	102.5	75.5	50.5	42.0	38.5	27.0	15.5	9.0	5.5	2.5	1.5	1.5	1.0	1.5	1.0	0.0	0.0	0.0	0.0	0.0	0.0	0.0	0.0
Sor-CPnd_028-Ex1-3A-lcwgs-1-2-L2-clmp.r2	3.0	3.0	2.5	5.0	8.5	12.5	17.5	27.0	44.5	66.0	91.5	127.0	196.0	331.5	575.0	995.5	1666.0	2546.5	3787.5	5618.5	8052.5	10979.0	14572.0	18773.5	23377.0	28480.0	33860.0	39264.5	44364.5	49360.5	54394.0	59091.0	63010.5	66421.5	69459.5	71466.5	72427.0	72610.5	72272.0	70983.5	69030.5	66930.0	63840.0	60522.0	57390.0	53957.5	50338.5	46566.5	42923.0	39541.0	36461.0	32583.5	28393.0	24851.0	21704.5	18840.0	16371.5	14262.0	12259.5	10447.5	8875.0	7425.5	6108.0	5069.0	4158.5	3361.5	2652.0	2070.5	1601.5	1202.5	891.0	696.5	548.0	416.5	325.5	263.0	204.5	158.0	130.5	103.5	85.5	72.5	57.0	44.0	32.0	21.5	16.5	12.5	13.0	15.5	12.0	12.0	12.0	9.0	6.0	3.0	3.0	2.5	1.5	2.0	2.5
Sor-CPnd_028-Ex1-3A-lcwgs-1-2-L3-clmp.r1	0.0	1.0	2.5	5.0	8.5	13.5	17.0	24.5	32.5	46.0	82.0	130.0	184.0	294.0	519.0	854.5	1392.5	2174.5	3282.0	4918.5	6974.5	9355.5	12306.5	15799.5	19489.5	23663.5	28257.0	32705.0	36792.0	40908.5	44881.0	48441.5	52033.0	55122.0	57384.0	59139.5	60151.0	60178.0	59694.5	58882.0	57051.5	54838.5	52698.5	50082.0	47359.0	44538.0	41507.0	38630.5	35703.0	32885.5	30501.5	27274.0	23754.0	20904.0	18271.0	15859.5	13662.5	11706.5	10138.5	8705.0	7313.0	6212.0	5222.5	4322.0	3505.5	2783.5	2188.5	1695.0	1309.0	996.0	750.0	571.0	414.0	315.5	258.5	196.0	151.5	133.0	105.0	78.5	58.0	36.5	25.5	20.0	13.0	6.0	3.0	3.0	2.5	1.0	0.0	0.0	0.0	0.0	0.0	0.0	0.0	0.0	0.0	0.0	0.0
Sor-CPnd_028-Ex1-3A-lcwgs-1-2-L3-clmp.r2	1.0	1.0	3.5	4.5	3.5	6.0	17.5	26.5	35.5	52.0	76.0	114.5	190.0	309.0	477.0	810.0	1318.0	2079.0	3224.5	4787.5	6786.0	9115.5	12040.5	15585.5	19352.0	23439.5	27818.5	32242.5	36599.5	40902.5	44789.5	48323.5	51796.0	54572.5	56870.0	58964.0	59982.0	60174.0	59951.0	58892.5	57215.0	55116.0	52802.5	50271.5	47594.5	44749.5	41582.0	38701.5	35919.5	33032.5	30808.5	27711.5	23947.0	21036.5	18363.0	15880.5	13739.0	11977.0	10412.0	8879.0	7447.5	6245.5	5214.5	4325.5	3528.0	2841.5	2244.0	1753.5	1339.5	1007.0	790.0	622.5	468.5	350.5	288.0	221.0	182.0	161.5	113.5	83.5	78.0	59.5	40.5	33.0	24.0	17.0	13.5	13.0	11.0	7.5	6.0	7.0	9.0	7.0	5.5	6.5	6.5	4.5	1.5	1.5	1.5
Sor-CPnd_029-Ex1-8E-lcwgs-1-2-L2-clmp.r1	6.0	7.5	9.0	12.5	30.0	61.0	86.5	102.5	157.0	242.5	341.5	488.5	750.5	1207.5	1881.5	2905.0	4387.5	6415.5	9069.0	12499.0	16903.5	22048.5	27603.0	34338.5	41703.5	49233.5	57058.0	64492.0	71952.0	79451.0	86499.0	92792.0	98432.0	103214.0	106911.0	109279.0	110872.0	111205.5	110169.5	108172.0	105218.0	101295.0	96253.5	91211.0	85856.0	80280.0	74869.0	69222.0	63697.5	58313.0	53554.0	47566.5	40897.5	35768.5	31040.0	26887.5	23288.5	19939.5	17059.5	14523.0	12184.5	10181.5	8493.0	6940.5	5502.5	4391.0	3443.0	2698.0	2098.0	1612.5	1287.0	967.5	704.0	538.0	424.5	329.5	255.5	192.5	142.5	110.0	77.5	46.5	32.0	28.5	21.0	12.0	8.5	7.5	5.0	4.0	2.0	0.0	0.0	0.0	0.0	0.0	0.0	0.0	0.0	0.0	0.0
Sor-CPnd_029-Ex1-8E-lcwgs-1-2-L2-clmp.r2	3.0	5.0	9.5	18.0	29.0	41.5	72.0	108.0	157.5	228.5	323.0	495.0	739.0	1129.5	1771.0	2719.5	4161.0	6107.0	8708.5	12079.5	16310.0	21447.5	27233.0	33837.0	40931.0	48549.0	56455.0	64055.0	71693.5	79142.0	86207.0	92586.5	98204.0	102912.0	106533.0	109090.0	110640.0	111243.0	110323.5	108474.0	105541.0	101459.5	97017.0	91744.0	86389.0	80757.5	74848.5	69728.0	64246.5	58613.5	53924.5	47953.5	41226.5	36022.5	31421.5	27254.5	23428.5	20015.0	17181.5	14587.0	12285.5	10259.0	8557.0	7014.5	5555.5	4433.5	3529.5	2814.0	2204.5	1685.5	1343.5	1032.0	770.0	594.5	461.5	359.5	281.5	210.5	154.5	127.5	102.0	69.5	60.0	48.5	36.5	31.0	27.0	22.0	14.5	14.5	16.5	14.0	10.0	10.0	13.5	11.0	6.0	4.5	3.5	1.5	1.0
Sor-CPnd_029-Ex1-8E-lcwgs-1-2-L3-clmp.r1	3.0	3.5	5.0	13.5	23.5	45.0	71.5	90.5	134.5	214.5	310.5	451.0	698.0	1100.0	1696.0	2599.5	3915.0	5604.5	7942.5	10993.0	14619.0	18945.5	23952.0	29630.0	35683.5	42126.5	48899.5	55501.0	61765.5	67762.5	73442.0	78861.5	84120.0	88096.5	91098.0	93552.5	94660.0	94670.5	93745.0	92358.5	90316.5	87042.0	83016.5	78850.0	74475.5	69804.0	64941.5	60091.5	55560.5	51053.0	46761.5	41341.5	35874.0	31396.5	26981.5	23448.5	20189.5	17307.5	14983.5	12745.5	10707.0	8958.0	7483.5	6132.5	4892.0	3928.5	3145.5	2514.0	1980.0	1523.0	1200.0	953.5	710.0	520.0	415.5	324.0	229.0	174.5	133.5	82.5	54.0	39.5	29.5	22.5	16.0	8.5	5.0	3.5	1.5	0.5	0.0	0.0	0.0	0.0	0.0	0.0	0.0	0.0	0.0	0.0	0.0
Sor-CPnd_029-Ex1-8E-lcwgs-1-2-L3-clmp.r2	0.0	0.5	5.5	10.5	22.5	43.5	67.5	86.5	115.5	195.5	280.0	394.5	615.5	1000.5	1594.5	2437.5	3676.5	5378.0	7639.0	10623.0	14259.5	18450.5	23413.0	29024.5	34979.0	41407.0	48171.0	54840.0	61500.0	67580.5	73167.0	78778.0	83735.5	87477.5	90751.0	93203.5	94472.5	94992.0	94166.0	92606.0	90495.5	87169.0	83120.0	79247.0	75258.0	70566.0	65288.5	60383.5	56067.5	51541.5	47168.0	41771.0	36177.5	31747.0	27427.0	23629.0	20358.5	17577.5	15213.5	12943.5	10851.0	8977.5	7468.0	6227.5	4988.5	4002.5	3245.0	2589.0	2023.5	1567.0	1193.5	940.0	740.0	566.5	461.0	349.0	255.5	198.0	162.5	114.5	75.0	57.0	43.5	33.0	25.5	20.0	14.5	15.0	14.5	11.0	10.5	12.0	11.5	8.5	7.0	5.5	6.5	5.5	3.0	2.0	0.5
Sor-CPnd_030-Ex1-2H-lcwgs-1-2-L2-clmp.r1	0.0	0.0	2.5	3.5	5.5	11.0	12.5	18.5	43.5	71.0	92.5	135.5	199.0	307.5	485.5	746.0	1098.5	1603.5	2283.5	3080.0	4068.0	5337.5	6846.0	8390.5	9997.0	11815.0	13711.5	15699.0	17569.0	19219.5	20779.5	22159.0	23627.5	24968.5	25974.0	26625.0	27015.5	27139.0	26902.5	26544.5	25965.0	25120.0	24280.0	23434.5	22204.0	20865.5	19515.0	18172.0	17102.5	15974.5	14853.5	13446.5	11691.0	10145.5	8807.5	7629.5	6644.5	5890.0	5157.0	4318.5	3584.5	3085.5	2638.5	2146.5	1753.5	1471.0	1159.5	897.0	717.0	550.0	430.0	336.5	254.5	201.0	148.5	113.0	91.0	69.5	53.0	42.5	32.5	27.0	20.5	13.0	10.5	6.0	3.0	1.5	0.5	0.5	1.0	1.0	0.5	0.0	0.0	0.0	0.0	0.0	0.0	0.0	0.0
Sor-CPnd_030-Ex1-2H-lcwgs-1-2-L2-clmp.r2	0.0	0.0	2.5	4.5	5.5	6.0	10.5	25.5	36.0	52.0	81.0	126.0	194.0	303.5	465.5	699.0	1023.0	1521.5	2201.5	2982.0	3934.5	5192.5	6667.5	8266.5	9902.5	11574.0	13504.5	15499.0	17329.5	19083.5	20801.0	22349.5	23725.5	25107.5	26009.5	26646.5	27190.0	27206.5	26939.5	26523.0	26025.5	25279.5	24454.5	23540.5	22173.5	20804.5	19557.5	18315.5	17185.0	15970.0	14905.0	13490.0	11691.0	10230.0	8971.0	7765.0	6647.5	5796.5	5101.0	4333.5	3645.0	3108.0	2594.5	2146.5	1796.0	1496.5	1202.0	921.0	709.5	559.5	433.0	341.5	264.5	202.0	155.5	120.0	92.0	71.0	62.0	47.5	32.0	28.5	24.0	16.5	13.0	11.5	7.5	4.0	3.5	3.0	3.5	3.0	2.0	3.5	3.5	1.5	1.0	0.5	1.0	1.5	0.5
Sor-CPnd_030-Ex1-2H-lcwgs-1-2-L3-clmp.r1	1.0	1.0	3.5	4.0	8.0	18.5	23.0	27.5	36.5	51.5	85.5	133.5	188.5	302.5	474.5	717.5	1098.5	1658.0	2411.5	3312.5	4382.0	5759.5	7350.5	9084.0	10983.0	13041.0	15112.0	17221.5	19335.5	21426.5	23269.5	25024.0	26778.5	28211.5	29303.5	30049.5	30583.0	30657.5	30383.0	29979.5	29482.5	28592.0	27386.0	26096.0	24668.0	23307.5	21947.0	20578.5	18998.0	17387.5	16254.0	14720.0	12804.5	11253.5	9710.0	8452.0	7470.5	6486.5	5579.0	4700.5	3984.5	3397.0	2857.0	2353.0	1914.5	1546.0	1223.5	961.5	754.5	594.5	461.5	342.5	259.0	196.0	156.0	136.5	105.0	78.5	61.0	42.0	28.5	18.0	10.5	10.0	8.5	4.5	2.5	3.0	1.5	0.0	0.0	0.5	1.5	1.5	0.5	0.0	0.0	0.0	0.0	0.0	0.0
Sor-CPnd_030-Ex1-2H-lcwgs-1-2-L3-clmp.r2	1.0	1.0	1.5	1.0	6.0	14.0	17.5	23.0	34.0	51.0	71.5	105.0	163.0	268.0	422.5	681.5	1063.5	1559.5	2313.5	3211.5	4246.0	5635.5	7255.0	9007.5	10914.5	12944.5	15005.0	17096.0	19104.5	21174.5	23191.5	24954.5	26665.0	28319.5	29501.0	30128.5	30526.5	30624.5	30410.5	30031.5	29533.5	28592.0	27492.0	26286.0	24857.0	23283.5	21818.0	20643.5	19246.0	17686.5	16368.0	14752.0	12827.5	11234.0	9723.0	8416.5	7415.5	6533.0	5672.0	4814.0	4042.0	3390.5	2868.5	2384.0	1920.0	1542.5	1248.0	988.0	760.5	600.0	485.5	362.5	277.0	217.5	164.5	133.5	103.5	78.0	64.0	45.5	35.0	26.0	16.5	15.5	11.0	9.0	7.5	6.5	4.5	4.5	4.0	3.5	4.0	3.5	3.0	1.5	1.0	0.5	0.5	1.5	1.0
Sor-CPnd_031-Ex1-5D-lcwgs-1-2-L2-clmp.r1	1.0	1.0	1.5	2.0	4.0	6.5	15.0	28.0	38.0	56.5	85.5	125.0	190.0	314.5	527.0	858.5	1334.0	1982.5	2903.5	4158.5	5721.0	7528.5	9574.0	11982.5	14832.5	17892.5	20840.0	23935.5	27302.5	30300.0	32922.5	35600.5	38281.0	40697.0	42529.5	43734.0	44381.5	44703.5	44724.5	44336.5	43242.5	41782.5	40124.0	38052.0	36203.5	34292.0	32232.5	30198.0	28075.0	25883.0	23749.0	21048.5	18064.0	15926.5	13995.5	12089.5	10542.5	9135.0	7818.5	6683.5	5678.5	4724.5	3925.5	3249.5	2625.5	2085.5	1648.5	1341.5	1064.0	801.5	600.5	467.0	360.5	264.5	192.0	143.5	113.0	90.5	65.0	48.0	46.5	38.0	20.5	14.0	9.5	6.0	5.5	4.0	4.0	2.0	0.0	0.5	1.0	1.0	0.5	0.0	0.0	0.0	0.0	0.0	0.0
Sor-CPnd_031-Ex1-5D-lcwgs-1-2-L2-clmp.r2	0.0	1.5	2.0	2.0	4.0	7.5	15.0	21.5	31.0	52.0	78.5	121.5	194.5	297.5	486.5	782.0	1264.0	1893.5	2754.0	3987.0	5508.5	7352.0	9475.5	11846.5	14555.5	17521.5	20616.0	23949.5	27207.0	30069.0	32755.5	35521.0	38264.0	40466.5	42274.0	43615.0	44502.0	44804.5	44580.5	44336.0	43336.5	41881.0	40321.0	38341.0	36507.5	34573.0	32344.5	30300.0	28157.5	25964.5	23856.0	21221.0	18374.5	16151.5	14159.5	12136.0	10509.5	9102.5	7866.5	6809.0	5749.5	4765.5	3893.0	3215.0	2659.5	2141.0	1701.0	1374.0	1077.0	792.5	599.5	480.5	386.5	289.5	205.0	153.0	119.5	102.5	78.5	62.0	60.0	41.0	27.5	23.0	14.0	12.5	14.5	11.5	8.5	9.0	6.5	3.5	4.0	4.5	4.0	3.5	4.0	2.5	1.0	0.5	0.0
Sor-CPnd_031-Ex1-5D-lcwgs-1-2-L3-clmp.r1	1.0	0.5	0.0	1.5	4.0	8.5	18.0	27.0	30.0	41.5	59.5	94.5	154.0	260.5	433.0	695.5	1106.5	1708.5	2525.0	3614.5	4975.5	6721.5	8730.0	10999.0	13643.0	16453.0	19510.5	22564.5	25568.5	28304.0	31087.5	33683.5	35986.0	38204.0	39991.0	41457.5	42118.5	42301.0	42444.0	42041.0	40988.0	39670.0	38125.0	36508.0	34512.5	32109.5	29959.5	27932.0	25912.5	24007.5	22213.5	19807.0	17094.0	15043.0	13153.5	11304.5	9752.5	8431.5	7216.0	6160.5	5186.5	4298.0	3540.5	2901.5	2346.5	1887.5	1523.5	1176.5	912.5	694.5	515.5	410.0	316.5	235.5	182.5	126.0	82.0	68.0	59.0	43.0	28.0	14.0	9.5	9.5	7.0	5.0	3.5	2.0	1.5	1.0	1.0	0.5	0.0	0.0	0.0	0.0	0.0	0.0	0.0	0.0	0.0
Sor-CPnd_031-Ex1-5D-lcwgs-1-2-L3-clmp.r2	1.0	0.5	0.0	1.5	5.0	6.0	11.5	20.0	27.5	39.0	53.5	81.0	149.0	259.5	407.0	632.0	1042.5	1616.5	2392.5	3507.0	4895.0	6546.5	8564.0	10875.0	13431.5	16339.5	19153.0	21976.5	25307.5	28222.5	30916.5	33723.0	36234.0	38371.5	40026.0	41366.0	42074.5	42348.0	42462.5	41900.5	40988.5	39860.5	38004.0	36174.5	34439.0	32345.0	30333.0	28237.0	26067.5	24048.5	22144.0	19834.0	17264.0	15162.0	13261.5	11368.5	9776.5	8566.0	7344.5	6247.0	5295.0	4411.0	3666.0	2980.0	2389.5	1947.0	1557.5	1214.0	964.5	740.0	561.5	423.0	312.0	236.5	177.5	130.0	101.5	84.5	73.5	58.0	37.5	23.5	17.5	13.0	14.5	12.5	8.5	8.5	7.0	7.0	6.5	6.5	7.0	6.0	5.0	4.0	3.5	2.0	1.0	0.5	0.5
Sor-CPnd_033-Ex1-2F-lcwgs-1-2-L2-clmp.r1	1.0	1.5	3.0	5.5	8.0	10.5	18.5	21.5	32.5	48.5	67.5	111.0	184.0	279.0	438.0	685.5	1005.0	1513.0	2180.5	2982.0	3971.5	5149.5	6433.0	8006.0	9658.0	11224.5	12977.0	14695.0	16387.5	17970.5	19389.5	20890.5	22214.0	23136.5	23819.0	24202.0	24417.0	24447.5	24126.0	23662.0	22971.0	21887.0	20790.0	19831.0	18660.0	17416.5	16280.0	15103.0	14061.5	13108.0	12134.0	10810.5	9337.0	8163.0	7089.0	6128.0	5291.5	4558.5	3906.5	3346.0	2844.5	2391.0	1981.0	1646.5	1331.5	1053.5	847.5	678.5	541.5	422.5	324.5	239.5	197.0	166.0	132.5	97.0	69.5	64.5	51.0	30.0	24.0	17.5	9.5	9.5	7.5	5.5	4.5	2.0	0.5	0.0	0.0	0.0	0.0	0.0	0.0	0.0	0.0	0.0	0.0	0.0	0.0
Sor-CPnd_033-Ex1-2F-lcwgs-1-2-L2-clmp.r2	0.0	0.5	2.0	4.5	7.0	9.0	15.0	22.0	29.5	44.5	71.0	106.0	156.0	258.0	419.0	636.5	954.5	1436.0	2033.5	2807.5	3826.5	4955.5	6306.0	7917.0	9533.5	11164.5	12790.5	14548.5	16318.5	17890.5	19389.0	20811.0	22040.0	23023.0	23800.5	24312.5	24483.0	24400.0	24203.5	23925.5	23130.0	21893.5	20980.0	20000.5	18759.5	17552.0	16287.5	15190.5	14197.0	13139.5	12130.5	10829.0	9369.5	8206.0	7158.5	6182.0	5313.5	4593.0	3978.5	3387.5	2830.0	2369.0	2021.5	1684.0	1367.0	1082.5	861.0	686.0	530.5	412.5	323.0	232.5	187.5	166.5	127.5	96.0	90.0	72.5	46.0	32.0	27.0	22.5	14.5	10.5	8.0	7.5	7.5	5.5	4.5	4.0	2.0	3.0	3.0	2.5	1.5	1.5	2.0	0.5	0.5	0.5	0.0
Sor-CPnd_033-Ex1-2F-lcwgs-1-2-L3-clmp.r1	0.0	0.5	1.5	2.5	5.0	12.0	19.5	23.0	33.5	59.0	86.0	125.0	185.5	305.5	490.0	737.0	1141.0	1694.5	2352.5	3145.5	4258.0	5644.5	7123.0	8796.5	10637.0	12787.0	14802.5	16660.0	18666.5	20438.0	22207.5	23912.0	25353.5	26541.5	27409.5	28155.0	28489.0	28407.0	28135.5	27466.0	26566.0	25331.5	23990.5	22739.5	21489.0	20202.0	18815.5	17352.0	15933.0	14661.5	13607.0	12241.5	10620.5	9308.0	8094.0	7008.5	6070.0	5252.5	4475.5	3749.0	3190.0	2689.5	2206.5	1863.0	1529.5	1211.5	960.5	760.5	611.0	483.0	361.0	282.0	224.0	171.0	137.5	101.0	82.0	71.0	51.0	34.5	30.0	24.5	18.5	16.5	11.5	6.0	1.5	0.0	0.0	0.0	0.0	0.0	0.0	0.0	0.0	0.0	0.0	0.0	0.0	0.0	0.0
Sor-CPnd_033-Ex1-2F-lcwgs-1-2-L3-clmp.r2	0.0	0.0	1.0	3.0	4.5	7.0	10.5	19.5	33.0	44.0	68.5	106.0	157.5	262.0	422.5	682.0	1058.0	1546.0	2214.5	3087.5	4176.5	5496.5	6969.0	8610.5	10474.5	12422.0	14614.5	16710.5	18586.5	20523.5	22208.0	23803.5	25213.0	26493.0	27569.5	28261.5	28536.0	28426.0	28046.0	27487.0	26639.0	25532.0	24210.0	22795.0	21584.5	20246.0	18898.5	17441.5	15916.5	14776.5	13833.0	12317.0	10587.0	9219.0	8102.5	7071.0	6104.0	5360.5	4622.0	3861.5	3242.5	2677.5	2231.0	1906.0	1562.5	1275.5	994.5	749.0	602.0	479.5	370.0	292.0	232.0	179.5	129.5	97.0	85.5	78.0	61.5	46.0	38.5	29.0	19.5	18.5	15.0	11.0	8.0	3.5	2.0	4.0	3.5	3.5	3.5	3.0	3.5	3.0	3.0	1.5	0.0	0.5	0.5
Sor-CPnd_034-Ex1-4G-lcwgs-1-2-L2-clmp.r1	2.0	1.0	1.5	3.5	5.5	8.5	10.0	16.5	28.0	36.0	48.0	71.0	110.0	194.0	312.0	471.5	728.5	1096.5	1561.5	2159.5	2895.5	3741.0	4723.5	5904.5	7210.5	8483.0	9852.5	11294.5	12668.0	14096.0	15512.0	16753.5	17790.5	18625.0	19428.5	20218.0	20753.0	21057.5	21008.5	20637.5	20283.0	19906.0	19262.5	18493.0	17684.0	16770.0	15742.0	14678.5	13818.0	13032.0	12177.0	11035.5	9754.0	8588.0	7459.0	6482.5	5668.5	4919.0	4305.0	3747.0	3212.0	2714.0	2242.0	1841.0	1485.0	1247.0	1022.5	804.0	643.0	493.0	377.0	306.5	236.5	173.5	144.5	122.5	98.5	74.0	62.0	49.5	34.5	22.5	16.5	17.0	15.0	10.0	5.5	2.5	2.0	1.5	0.5	0.0	0.0	0.0	0.0	0.0	0.0	0.0	0.0	0.0	0.0
Sor-CPnd_034-Ex1-4G-lcwgs-1-2-L2-clmp.r2	1.0	0.5	0.0	0.5	6.0	9.5	10.5	17.0	27.0	35.5	48.0	73.0	114.0	187.5	296.5	465.0	701.5	1035.0	1517.0	2092.5	2838.5	3766.5	4679.5	5853.5	7153.5	8380.0	9851.5	11334.0	12768.5	14134.5	15395.0	16605.5	17688.5	18686.5	19644.0	20274.0	20637.5	20849.5	20864.0	20732.5	20413.0	19937.0	19262.5	18516.5	17687.0	16796.5	15774.0	14744.5	13849.0	13024.5	12191.0	11069.5	9772.5	8601.5	7513.0	6530.5	5661.0	4892.5	4279.5	3756.5	3235.5	2717.0	2234.0	1857.5	1536.5	1263.0	1052.5	832.5	654.5	505.5	383.0	302.0	245.0	186.0	148.5	124.5	102.0	81.5	66.5	52.5	34.5	24.0	20.0	19.5	17.5	10.0	6.5	4.0	2.5	3.5	2.5	1.5	3.5	3.0	1.0	1.0	0.5	0.5	0.5	0.0	0.0
Sor-CPnd_034-Ex1-4G-lcwgs-1-2-L3-clmp.r1	0.0	0.5	1.0	2.5	3.0	4.0	9.0	13.5	14.0	20.0	41.0	66.0	91.5	149.0	242.5	403.0	606.0	878.5	1308.5	1802.0	2358.0	3093.5	3925.5	4867.0	5960.0	6970.0	8139.0	9385.0	10628.5	11878.0	12817.0	13666.0	14590.0	15342.5	15911.0	16557.5	17079.0	17175.0	17045.0	16904.0	16672.5	16347.0	15944.0	15339.5	14694.0	13981.0	13155.5	12333.5	11495.0	10753.5	10130.5	9147.5	7941.0	7035.5	6178.5	5342.5	4681.0	4096.5	3578.0	3112.5	2638.0	2254.0	1934.5	1603.5	1319.5	1089.5	859.5	695.5	577.0	448.5	341.5	270.0	212.5	173.0	133.0	102.0	83.0	61.0	45.5	37.5	33.0	25.0	15.5	11.5	8.5	3.5	2.0	3.5	3.5	3.0	2.0	0.5	0.0	0.0	0.0	0.0	0.0	0.0	0.0	0.0	0.0
Sor-CPnd_034-Ex1-4G-lcwgs-1-2-L3-clmp.r2	1.0	1.0	1.0	2.5	3.5	4.5	8.5	12.0	13.5	19.0	38.5	65.0	87.5	139.0	228.5	362.0	584.0	870.0	1249.0	1752.0	2331.5	3029.0	3846.0	4787.5	5872.0	6938.5	8084.0	9328.0	10633.0	11822.5	12770.0	13711.0	14567.0	15351.5	15955.5	16493.5	16988.0	17196.0	17117.5	16919.0	16643.5	16252.0	15839.0	15306.5	14727.5	14091.0	13273.0	12441.5	11618.5	10801.5	10086.0	9126.0	8035.5	7111.0	6198.0	5354.5	4708.5	4176.5	3678.5	3119.0	2631.0	2255.5	1915.5	1626.5	1343.0	1094.0	855.0	698.5	577.0	449.5	356.0	281.5	219.0	169.0	123.5	96.5	83.5	66.5	54.0	42.0	33.0	26.0	17.0	12.5	10.0	6.0	4.5	5.0	5.0	5.5	5.0	3.0	2.5	2.0	1.0	1.0	1.0	0.5	0.5	0.0	0.5
Sor-CPnd_036-Ex1-5C-lcwgs-1-2-L2-clmp.r1	0.0	1.0	4.0	6.5	6.5	15.0	23.5	23.5	29.0	48.5	80.0	134.5	215.5	334.0	555.5	878.0	1401.5	2153.5	3180.0	4544.0	6259.0	8234.0	10455.5	12986.0	15857.5	18951.0	22132.5	25259.0	28337.0	31274.5	34053.0	36794.5	39313.5	41611.0	43415.0	44774.0	45468.0	45398.5	45501.5	45208.5	44077.5	42820.5	41194.5	39346.0	37445.0	35388.5	33354.5	31312.5	29359.5	27346.0	25351.5	22903.5	20145.5	17847.5	15661.5	13736.0	12075.5	10572.5	9290.5	8027.0	6822.5	5774.0	4852.0	4047.0	3344.0	2790.0	2273.5	1808.0	1414.5	1088.0	883.5	698.0	546.5	431.5	313.0	227.0	180.0	139.5	102.5	72.5	59.5	49.5	32.0	22.5	18.0	13.5	8.5	6.5	5.5	3.0	1.0	0.0	0.0	0.0	0.0	0.0	0.0	0.0	0.0	0.0	0.0
Sor-CPnd_036-Ex1-5C-lcwgs-1-2-L2-clmp.r2	0.0	1.5	5.5	7.5	8.0	9.5	14.5	19.5	33.0	60.5	80.0	108.0	183.5	311.5	521.0	839.0	1346.5	2057.5	3033.5	4400.0	6044.0	8026.5	10231.0	12775.5	15596.5	18703.5	21894.0	25005.5	28405.5	31359.5	33999.5	36679.5	39301.5	41583.0	43243.5	44657.0	45408.0	45479.0	45514.0	45262.5	44377.5	42942.5	41343.0	39659.0	37614.0	35544.5	33623.0	31644.5	29604.0	27429.5	25412.5	22949.0	20145.5	17883.0	15731.0	13776.5	12109.0	10592.5	9197.0	7984.5	6935.0	5828.5	4831.0	4075.5	3420.0	2819.5	2274.5	1821.5	1428.5	1108.5	902.0	734.0	587.0	449.5	321.0	240.0	199.0	149.5	111.5	85.5	65.5	56.0	39.5	28.5	25.0	17.5	11.0	8.0	6.0	5.0	5.5	6.5	7.5	5.0	2.0	3.0	3.0	2.0	1.0	0.0	0.0
Sor-CPnd_036-Ex1-5C-lcwgs-1-2-L3-clmp.r1	1.0	1.0	1.5	3.5	5.0	4.5	6.0	20.0	33.5	47.5	71.5	115.5	180.5	284.5	475.0	772.0	1244.5	1941.5	2805.0	3959.5	5497.0	7320.5	9372.0	11708.0	14352.0	17182.0	20275.5	23017.5	25754.5	28523.0	31131.5	33651.5	35984.0	38157.0	39560.5	40497.5	41282.5	41759.0	41558.0	41044.5	40409.5	39209.0	37571.5	35718.5	33920.0	32075.0	30198.5	28280.0	26271.0	24521.5	22912.0	20606.5	17980.0	15872.0	14002.0	12297.5	10766.0	9300.0	8078.5	7048.5	6035.0	5087.5	4298.0	3637.5	2958.5	2422.0	1936.0	1551.0	1247.5	955.5	732.5	573.5	434.0	325.0	274.5	226.0	188.0	153.5	110.5	75.0	51.0	31.5	30.5	30.5	15.0	7.5	7.5	4.5	1.5	1.0	1.0	0.5	0.0	0.0	0.0	0.0	0.0	0.0	0.0	0.0	0.0
Sor-CPnd_036-Ex1-5C-lcwgs-1-2-L3-clmp.r2	1.0	1.0	2.0	2.5	2.0	5.5	10.0	22.0	36.0	47.0	71.0	110.0	172.5	265.5	411.5	699.0	1189.5	1837.5	2773.0	3942.5	5400.0	7157.0	9109.0	11503.0	14124.5	16832.0	19798.5	22718.0	25741.0	28604.0	31181.0	33491.0	35723.0	37908.5	39446.0	40530.0	41185.5	41726.0	41795.5	41262.0	40409.5	39175.5	37591.5	35766.5	34068.0	32213.5	30178.0	28337.5	26502.5	24807.5	23164.0	20732.0	18110.0	16019.0	14076.0	12481.5	10926.0	9306.0	8113.5	7050.5	6046.0	5140.0	4335.0	3701.0	3060.0	2477.5	1972.0	1579.5	1294.5	987.0	743.0	589.5	465.5	361.5	283.5	225.5	190.0	155.0	120.0	83.5	60.0	48.0	40.0	30.5	17.5	11.5	12.0	9.5	6.0	7.0	6.0	4.5	3.5	3.0	3.0	2.5	3.0	3.0	2.0	1.0	0.5
Sor-CPnd_037-Ex1-6C-lcwgs-1-2-L2-clmp.r1	0.0	0.5	2.0	3.5	5.5	12.0	27.5	42.5	55.0	83.0	139.0	201.5	307.0	510.0	843.0	1343.5	2010.5	2981.0	4430.0	6306.0	8629.5	11329.5	14462.0	18202.5	22320.5	26610.5	31062.0	35582.0	39887.5	43917.5	47804.5	51692.5	55189.5	57917.5	60352.5	61967.0	62616.5	63119.0	62951.5	62079.0	60903.0	58847.5	56213.0	53977.0	51706.0	48845.5	45961.0	43188.0	40348.0	37370.5	34716.5	31381.0	27475.0	24199.5	21007.5	18177.5	15914.5	13916.5	11902.5	10115.0	8622.5	7140.0	5919.0	5013.0	4160.5	3363.5	2663.0	2122.0	1690.5	1328.0	1018.5	773.0	600.5	474.5	383.5	295.0	222.5	154.5	107.5	85.5	70.0	56.5	40.5	24.5	14.5	15.0	13.0	8.5	5.0	2.5	2.5	2.0	1.0	0.5	0.0	0.0	0.0	0.0	0.0	0.0	0.0
Sor-CPnd_037-Ex1-6C-lcwgs-1-2-L2-clmp.r2	0.0	1.0	2.0	3.5	8.0	15.5	23.0	35.0	49.5	79.5	127.5	191.5	311.5	506.0	804.5	1244.5	1926.5	2959.5	4385.0	6191.0	8423.0	11183.0	14395.0	17913.0	21804.5	26312.5	30876.0	35347.0	39705.0	43555.5	47494.5	51456.0	54967.5	57819.5	60077.0	61464.5	62297.5	63021.5	62960.5	62100.5	60770.0	58938.0	56545.5	54248.0	51742.0	48864.5	46322.0	43547.5	40613.0	37855.5	35226.0	31647.5	27619.5	24297.5	21109.5	18353.5	16071.5	14026.0	12033.0	10274.0	8701.5	7242.5	6056.0	5027.0	4187.5	3400.5	2681.0	2181.0	1722.5	1343.5	1090.0	847.5	649.5	502.0	393.5	325.5	252.5	180.0	137.5	108.0	84.0	62.5	49.5	37.5	27.5	25.0	20.5	16.5	13.0	10.5	9.0	10.5	9.5	4.0	2.5	1.5	1.5	2.0	1.0	1.5	2.5
Sor-CPnd_037-Ex1-6C-lcwgs-1-2-L3-clmp.r1	1.0	0.5	1.0	3.5	7.0	12.0	18.5	31.5	46.0	68.0	108.0	161.5	238.0	405.5	658.0	1036.0	1640.0	2423.0	3504.5	5009.0	6914.0	9239.5	11906.0	14978.5	18196.5	21550.0	25412.0	29075.0	32675.5	36377.0	39729.5	42634.0	45231.0	47736.5	49636.5	50974.0	52061.0	52368.0	52122.0	51456.0	50360.5	49212.5	47311.5	45168.0	43054.5	40442.5	38232.0	36071.0	33773.5	31694.5	29579.0	26397.0	22855.5	20038.0	17581.0	15453.5	13431.0	11653.5	10085.5	8636.5	7280.0	6083.5	5108.5	4329.5	3587.0	2889.0	2265.0	1796.5	1397.0	1105.0	897.5	704.5	552.5	435.5	327.0	240.0	179.0	143.0	123.5	91.0	57.5	35.5	27.0	23.5	18.5	14.5	12.5	7.0	3.0	1.5	1.5	1.5	0.5	0.0	0.0	0.0	0.0	0.0	0.0	0.5	1.0
Sor-CPnd_037-Ex1-6C-lcwgs-1-2-L3-clmp.r2	2.0	1.0	0.0	2.0	5.0	9.0	16.0	26.0	40.0	59.5	95.5	141.0	223.5	387.0	613.5	967.5	1542.5	2351.5	3433.5	4933.0	6902.0	9167.5	11799.0	14769.0	17950.5	21454.0	25224.0	28917.0	32493.0	36018.5	39360.0	42481.0	45233.5	47531.0	49425.0	50745.5	51665.0	52036.0	51943.5	51441.5	50526.5	49243.0	47340.5	45289.0	43175.0	40740.5	38338.5	36281.0	34277.0	32062.0	29882.0	26731.5	23038.0	20198.0	17741.5	15435.0	13513.5	11852.5	10203.0	8706.5	7375.0	6151.5	5180.5	4364.5	3567.0	2946.5	2315.5	1829.5	1448.0	1121.5	904.0	725.0	575.5	443.0	343.0	261.0	192.5	157.0	140.0	110.0	70.5	43.5	36.0	33.5	26.0	22.5	18.5	14.0	9.5	9.0	9.5	10.5	10.0	5.5	6.0	3.5	1.5	2.5	3.0	2.0	1.0
Sor-CPnd_038-Ex1-2A-lcwgs-1-2-L2-clmp.r1	0.0	0.0	1.0	1.0	3.0	5.5	8.0	12.0	14.5	20.0	36.0	66.5	102.0	180.5	308.5	504.0	831.0	1295.0	1929.0	2736.0	3842.0	5243.0	6897.5	8811.0	11029.5	13498.5	15947.0	18322.5	20757.5	23015.5	25052.5	27021.5	28851.5	30338.5	31365.5	32339.5	33078.0	33038.5	32658.0	31901.5	30914.0	29894.5	28439.0	26810.5	25327.0	23990.5	22422.5	20809.5	19404.0	18062.0	16757.5	14827.0	12671.5	11146.5	9790.5	8366.0	7096.5	6142.5	5278.0	4442.5	3785.5	3227.5	2682.5	2169.0	1673.5	1327.5	1087.0	856.0	662.5	495.5	372.5	293.0	238.5	183.5	144.5	113.5	85.5	67.5	49.5	33.0	26.0	23.0	17.0	10.0	6.0	5.0	6.0	4.0	1.0	0.0	0.0	0.0	0.0	0.0	0.0	0.0	0.0	0.0	0.0	0.0	0.0
Sor-CPnd_038-Ex1-2A-lcwgs-1-2-L2-clmp.r2	0.0	0.5	0.5	1.0	2.5	5.0	8.5	11.0	16.0	25.0	33.0	59.0	95.5	157.0	287.0	478.0	775.5	1216.0	1816.0	2648.5	3733.5	5160.0	6831.0	8661.5	10808.5	13191.5	15545.5	17977.5	20478.5	22648.5	24678.5	26714.5	28674.5	30270.5	31394.5	32327.5	32939.5	32974.0	32766.0	32166.5	31281.5	30212.5	28681.5	27034.0	25445.0	23930.0	22542.0	21225.5	19687.5	18105.5	16766.5	14867.0	12733.5	11285.5	10006.5	8561.0	7187.5	6152.5	5274.0	4459.0	3815.5	3239.0	2639.5	2161.5	1747.5	1380.0	1102.0	902.0	713.5	523.5	393.5	316.5	260.5	195.5	150.5	124.0	99.5	83.0	61.5	45.0	41.0	32.5	25.5	18.0	11.5	11.0	8.5	7.0	8.5	7.5	6.5	6.0	5.0	4.0	3.0	5.0	3.5	0.0	0.5	1.0	0.5
Sor-CPnd_038-Ex1-2A-lcwgs-1-2-L3-clmp.r1	0.0	1.0	2.0	2.5	1.5	1.5	4.5	8.5	21.0	34.5	41.0	61.0	107.0	197.5	305.0	512.5	853.5	1302.5	1998.0	2978.5	4281.5	5882.0	7711.5	10000.0	12416.5	15031.0	18075.0	20822.5	23614.0	26586.5	29153.0	31522.5	33918.5	35512.5	36732.5	37872.0	38574.0	38983.0	38582.0	37676.5	36454.5	35047.0	33656.5	31905.0	29925.5	28016.5	26070.0	24162.5	22329.5	20470.0	18876.0	16886.0	14516.5	12703.5	11204.5	9839.0	8438.0	7103.0	6027.5	5098.5	4318.5	3590.0	2936.5	2456.5	2002.5	1570.0	1224.0	977.0	784.0	589.0	424.0	316.0	252.5	207.5	155.5	109.0	91.5	80.0	62.5	44.5	25.0	18.5	17.5	10.5	6.0	4.5	2.5	1.5	1.0	0.0	0.0	0.0	0.0	0.0	0.0	0.0	0.0	0.0	0.0	0.0	0.0
Sor-CPnd_038-Ex1-2A-lcwgs-1-2-L3-clmp.r2	1.0	0.5	0.5	0.5	0.5	4.5	10.5	12.5	16.5	26.5	42.0	62.5	90.5	157.0	262.5	452.5	779.5	1280.0	1978.5	2939.0	4226.0	5729.5	7463.0	9633.5	12223.0	15125.0	17976.0	20579.5	23312.5	26117.5	28721.5	31206.5	33372.0	35183.0	36876.5	38080.5	38562.0	38642.5	38350.5	37621.0	36656.0	35389.0	33700.5	31987.5	30207.5	28195.0	26232.0	24320.5	22574.5	20853.5	19110.5	16994.5	14748.0	12897.5	11287.0	9885.0	8486.0	7195.5	6147.0	5251.0	4430.0	3643.5	2978.0	2485.0	2013.5	1570.5	1259.5	1021.0	804.0	633.5	474.0	347.0	281.0	228.5	172.5	130.0	104.0	85.0	68.5	52.5	37.0	32.5	27.0	19.5	13.0	10.0	11.0	9.0	6.5	5.5	6.0	5.0	3.5	3.0	4.5	3.5	0.5	2.5	3.0	0.5	0.0
Sor-CPnd_041-Ex1-7A-lcwgs-1-2-L2-clmp.r1	0.0	1.0	3.0	4.0	2.5	4.5	10.0	14.5	16.0	21.0	41.0	65.0	100.5	182.5	303.5	519.5	978.5	1633.5	2527.0	3883.5	5792.0	8147.0	11006.0	14513.5	18548.0	23242.5	28461.0	33656.0	39134.5	45003.5	50485.0	55421.5	60385.5	64798.5	68375.5	71253.5	73298.5	74248.5	74296.0	73689.0	72314.0	69783.0	66241.5	63151.5	60100.5	56477.5	52382.5	48075.5	44230.5	40542.5	37124.0	33086.5	28617.5	25055.0	21740.0	18734.0	16104.5	13842.5	11858.5	10064.5	8421.5	6872.5	5663.5	4677.5	3785.0	2998.5	2336.5	1823.0	1439.5	1088.0	786.0	580.5	433.0	327.5	237.0	175.5	133.5	95.5	64.5	41.0	28.5	22.5	18.5	13.5	10.0	7.0	4.5	2.5	2.5	2.0	0.5	0.0	0.0	0.0	0.0	0.0	0.0	0.0	0.0	0.0	0.0
Sor-CPnd_041-Ex1-7A-lcwgs-1-2-L2-clmp.r2	0.0	1.0	2.5	3.0	4.0	6.5	6.5	9.5	16.5	26.5	42.0	54.5	94.5	169.5	294.0	527.5	955.0	1575.5	2513.0	3888.0	5671.5	8041.5	11018.5	14530.0	18678.0	23532.5	28708.0	33742.0	39288.5	45117.5	50462.0	55593.5	60360.5	64666.5	68233.5	71063.0	73089.0	74131.5	74402.0	73530.0	71691.5	69151.5	66073.0	63109.0	59926.5	56108.5	52161.0	48309.0	44548.5	40697.0	37205.0	33142.5	28741.5	25231.0	21891.5	18774.5	16132.0	13926.0	11928.0	10075.5	8385.5	6917.5	5720.5	4732.5	3833.0	3002.5	2312.0	1837.0	1470.0	1126.0	841.0	612.5	453.5	337.5	255.5	200.5	155.5	110.5	72.0	45.5	35.0	32.0	27.5	21.5	21.5	17.5	9.5	7.5	8.0	7.5	7.0	6.5	7.5	5.5	3.5	4.0	4.0	3.0	2.5	1.5	0.0
Sor-CPnd_041-Ex1-7A-lcwgs-1-2-L3-clmp.r1	0.0	0.0	0.0	0.5	3.0	4.0	5.5	11.5	15.5	22.5	33.5	53.5	96.5	172.0	313.0	522.0	884.0	1516.5	2425.5	3724.5	5598.0	7901.5	10661.5	14026.0	18035.0	22707.5	27877.0	33191.0	38574.0	43947.0	49113.0	54329.0	59213.0	63503.5	67331.0	69979.5	71859.5	73179.0	73101.5	72378.0	71054.0	68552.5	65635.0	62474.0	59214.5	55571.5	51546.5	47880.5	44064.0	40261.0	36841.0	32805.0	28494.0	24835.0	21633.5	18612.0	15984.5	13808.5	11761.0	9963.5	8375.0	6899.5	5699.0	4689.5	3757.0	2979.5	2293.0	1777.0	1367.0	1026.5	778.5	564.5	411.5	326.5	247.0	174.5	119.5	91.0	77.5	50.0	32.5	28.5	19.5	12.0	12.0	9.5	7.0	3.5	0.5	0.0	0.0	0.0	0.0	0.0	0.0	0.0	0.0	0.0	0.0	0.0	0.0
Sor-CPnd_041-Ex1-7A-lcwgs-1-2-L3-clmp.r2	0.0	0.5	1.0	0.5	1.5	4.0	5.5	10.5	18.5	20.0	25.5	51.5	92.0	159.0	309.0	536.0	882.0	1460.0	2384.0	3713.5	5611.5	7984.5	10642.0	14026.0	18158.5	22862.0	27975.0	33293.5	38735.0	44100.5	49166.0	54048.0	59073.0	63651.0	67256.5	69902.5	71783.0	72807.0	72730.0	72009.5	70818.5	68314.0	65237.5	62468.0	59195.5	55549.0	51638.5	47745.0	44115.5	40342.5	36926.0	32894.0	28351.0	24853.0	21829.5	18851.5	16185.0	13945.5	11825.0	9928.5	8395.0	6980.5	5768.0	4757.0	3798.5	2984.0	2331.0	1795.5	1377.0	1047.5	793.5	589.5	444.5	345.5	262.5	186.0	123.5	97.5	84.5	63.0	50.0	41.0	28.0	19.5	19.0	15.0	12.5	9.5	5.0	4.5	6.5	7.5	6.0	3.0	3.5	4.0	2.0	2.5	2.5	1.5	2.0
Sor-CPnd_043-Ex1-1D-lcwgs-1-2-L2-clmp.r1	2.0	1.5	4.0	8.5	16.0	23.5	31.5	53.0	77.5	130.5	203.5	287.0	444.5	729.5	1157.5	1834.5	2873.0	4260.0	6258.5	9046.5	12490.0	16625.0	21508.0	27207.0	33521.5	40138.0	47061.0	54281.0	61495.0	68360.5	75064.5	81188.5	86381.0	91104.0	95477.0	98445.0	99769.5	100075.5	99248.0	97510.5	95097.0	91745.0	87576.0	83238.0	78855.0	74101.5	68954.0	63973.5	59291.0	54444.0	50209.0	44849.0	38677.0	33902.5	29749.0	25978.5	22283.5	19122.5	16573.5	14095.0	11982.5	10039.0	8182.0	6713.5	5390.5	4329.5	3400.0	2656.0	2110.0	1575.0	1145.5	855.0	670.5	533.0	400.5	299.5	229.0	177.0	127.5	86.0	65.5	50.5	38.5	27.5	17.5	9.5	5.0	3.0	1.5	1.0	0.5	0.0	0.0	0.0	0.0	0.0	0.0	0.0	0.0	0.0	0.0
Sor-CPnd_043-Ex1-1D-lcwgs-1-2-L2-clmp.r2	1.0	2.5	4.5	6.0	11.0	19.5	34.0	57.5	81.0	114.0	179.0	274.0	421.5	688.5	1075.5	1701.0	2694.0	4138.0	6125.0	8836.5	12348.5	16469.5	21232.0	26848.0	33213.5	39915.5	46830.0	53972.0	61121.0	67664.0	74040.0	80493.0	86067.5	91058.0	95313.0	98153.5	99593.5	100358.5	99860.0	97641.5	94899.0	91646.0	87756.0	83567.0	79138.0	74301.5	69491.0	64588.5	59450.5	54742.5	50598.0	45175.5	39181.5	34359.5	29939.5	25993.0	22292.5	19130.0	16663.0	14319.5	12101.0	10059.0	8301.5	6834.5	5516.0	4384.0	3420.5	2694.0	2130.0	1603.0	1186.5	905.0	721.0	556.0	426.0	342.5	277.0	208.0	152.5	111.5	81.0	69.5	60.5	46.5	29.5	19.0	21.0	17.5	13.5	11.5	8.5	11.5	14.5	12.5	9.5	7.5	5.5	4.5	2.5	2.0	2.0
Sor-CPnd_043-Ex1-1D-lcwgs-1-2-L3-clmp.r1	2.0	2.0	4.0	6.5	11.5	20.0	34.5	49.5	64.0	103.5	161.5	241.5	372.0	569.0	885.5	1470.0	2304.5	3413.5	5141.5	7561.0	10419.5	13743.5	17866.5	22437.0	27440.5	33378.5	39290.0	44765.0	50818.5	56508.0	61480.0	66681.0	71523.0	75560.5	78912.5	81408.5	82843.5	83338.0	82976.5	81285.5	78759.0	76054.5	73006.0	69742.5	65850.5	61704.5	57631.0	53589.5	49585.0	45592.5	42184.5	37673.5	32680.0	28646.5	24733.5	21363.0	18631.5	16213.0	13899.5	11864.5	10034.5	8318.0	6994.5	5850.0	4695.0	3723.0	2946.5	2312.5	1750.0	1309.0	1011.5	784.5	585.0	443.0	354.0	267.5	188.0	137.0	104.0	78.5	57.5	37.5	26.0	22.5	18.0	9.5	7.5	7.5	4.5	3.0	1.5	0.0	0.0	0.0	0.0	0.0	0.0	0.0	0.0	0.0	0.0
Sor-CPnd_043-Ex1-1D-lcwgs-1-2-L3-clmp.r2	2.0	2.0	2.0	5.5	10.0	13.0	26.5	45.5	63.5	93.0	141.0	220.5	343.5	525.5	823.0	1358.0	2197.5	3334.5	4934.0	7212.0	10067.5	13535.0	17602.0	22111.5	27171.5	32810.5	38833.0	44623.0	50351.5	56019.0	61377.5	66479.5	71214.0	75349.0	78514.0	80956.0	82719.0	83275.5	82848.5	81457.0	79150.0	76417.0	73231.5	69811.5	66010.0	61888.0	57812.0	53982.0	49848.5	45938.0	42563.0	37910.0	33053.5	28990.0	25127.5	21776.0	18860.5	16273.5	14035.5	12006.5	10161.5	8460.0	7087.0	5945.5	4792.0	3844.0	3003.5	2345.5	1818.0	1369.5	1034.0	799.0	619.0	466.0	367.5	304.5	228.0	169.0	135.0	100.5	79.0	56.5	37.5	34.0	29.0	20.0	15.0	18.5	21.5	15.5	12.5	12.0	8.5	7.5	10.0	7.5	4.5	5.5	5.5	3.5	1.5
Sor-CPnd_044-Ex1-8G-lcwgs-1-2-L2-clmp.r1	0.0	2.0	5.5	9.5	21.0	35.5	48.5	65.0	93.0	136.5	203.5	303.0	445.0	685.0	1059.0	1644.0	2545.5	3742.0	5332.5	7461.0	9945.0	12818.0	16157.5	19958.0	24001.5	28286.5	32869.0	37513.0	42075.0	46247.0	50304.0	54101.5	57364.0	59850.0	62028.0	63743.5	64381.5	64040.5	63147.0	62225.5	60630.5	58308.5	55900.0	53026.0	50035.0	47122.0	44031.0	40801.0	37644.5	34801.5	31933.0	28546.5	24874.0	21792.5	18935.0	16468.5	14473.0	12597.5	10835.5	9269.5	7974.0	6761.0	5629.0	4671.0	3836.0	3150.5	2526.0	1955.5	1512.5	1190.5	972.0	743.0	541.0	416.5	323.5	260.5	215.0	167.5	121.0	91.0	70.5	48.0	31.5	22.5	16.5	14.0	9.0	6.0	5.5	3.0	0.5	0.0	0.0	0.0	0.0	0.0	0.0	0.0	0.0	0.0	0.0
Sor-CPnd_044-Ex1-8G-lcwgs-1-2-L2-clmp.r2	1.0	4.0	7.5	8.5	10.5	20.0	35.0	56.0	95.5	145.5	196.0	285.5	403.0	628.5	1023.0	1602.0	2457.5	3624.0	5163.0	7173.5	9716.0	12696.5	15941.5	19648.5	23910.5	28186.5	32665.5	37386.0	41782.5	46049.0	50129.0	53704.0	57147.0	59873.5	61756.5	63472.0	64369.5	64128.5	63271.0	62432.0	60876.0	58245.5	55692.5	53171.5	50225.0	47180.0	44265.0	41071.0	37828.0	34913.0	32203.5	28852.0	25091.5	21971.0	19101.5	16630.5	14603.5	12664.5	10872.5	9362.0	8118.0	6869.0	5710.5	4733.0	3834.0	3199.5	2594.0	1986.5	1561.0	1220.5	986.0	769.0	579.0	454.5	340.0	266.0	228.5	193.0	144.0	102.0	80.0	62.5	43.5	26.0	20.0	20.5	19.0	17.0	11.5	8.0	9.0	10.0	10.0	7.0	4.5	6.0	5.0	2.0	1.0	1.0	1.0
Sor-CPnd_044-Ex1-8G-lcwgs-1-2-L3-clmp.r1	3.0	4.5	6.0	12.0	19.0	25.0	36.5	42.5	62.5	111.0	171.0	259.5	395.5	576.0	879.0	1405.5	2142.0	3116.0	4470.5	6174.0	8291.5	10698.5	13443.0	16650.0	19980.0	23617.5	27376.5	31101.5	34793.5	38230.5	41515.5	44536.0	47311.0	49744.0	51410.0	52617.0	53373.5	53544.5	53304.0	52213.5	50886.5	49195.0	46876.5	44509.5	42138.0	39793.5	37193.0	34352.5	31867.5	29540.5	27233.5	24269.0	21063.0	18632.5	16297.0	14252.5	12598.5	10944.5	9395.0	8125.5	6939.5	5818.5	4840.0	4064.0	3363.5	2698.5	2120.0	1694.5	1365.5	1057.5	829.5	644.0	510.5	405.5	324.5	245.5	175.0	139.0	103.0	71.5	52.5	41.5	31.5	20.5	16.0	11.0	6.0	5.0	6.0	6.0	5.0	2.0	0.0	0.0	0.0	0.0	0.0	0.0	0.0	0.0	0.0
Sor-CPnd_044-Ex1-8G-lcwgs-1-2-L3-clmp.r2	2.0	3.5	3.5	6.0	11.5	17.0	27.5	47.5	72.0	116.5	168.0	220.0	336.5	548.0	840.0	1294.0	1999.5	2967.5	4323.0	5982.5	8085.0	10545.0	13264.5	16524.5	19898.5	23417.5	27186.0	31004.5	34612.5	38174.5	41564.0	44545.0	47355.5	49557.5	51173.5	52392.5	53070.0	53265.5	53111.0	52343.5	51125.5	49305.5	47128.5	44761.5	42244.0	39829.0	37192.5	34553.5	32146.0	29671.0	27308.0	24498.0	21389.5	18793.0	16353.5	14302.0	12629.5	11027.5	9559.0	8227.5	6975.0	5876.0	4881.0	4082.0	3391.0	2735.5	2177.5	1769.0	1391.0	1064.0	857.5	677.0	525.5	413.0	328.5	253.5	193.5	153.0	110.5	79.0	61.0	48.0	36.5	28.0	22.0	17.0	13.0	12.0	12.5	13.0	8.5	4.5	5.0	6.5	4.5	2.5	2.0	2.0	2.5	1.5	1.0
Sor-CPnd_045-Ex1-7B-lcwgs-1-2-L2-clmp.r1	1.0	0.5	1.5	4.5	9.0	15.5	23.5	36.5	52.0	85.5	135.0	199.0	311.5	473.5	758.5	1223.0	1979.5	3030.0	4587.0	6737.0	9253.5	12444.0	16540.0	21123.5	26244.5	31943.5	37740.5	43663.0	49537.0	55394.5	61211.5	66803.5	71819.5	75768.5	79207.0	81902.5	83524.5	84382.0	84071.5	82740.0	80906.0	78178.5	74846.0	70881.0	66699.0	63003.5	58817.5	54182.5	49845.0	45648.5	41615.5	37111.5	32349.5	28269.5	24454.5	21119.0	18146.0	15529.5	13317.5	11278.5	9436.0	7769.5	6438.0	5292.0	4261.0	3347.5	2561.0	2015.5	1623.5	1221.5	858.5	656.5	512.5	392.0	306.5	237.0	171.5	116.5	84.5	67.0	52.0	35.5	25.0	17.5	9.0	4.5	3.5	2.5	1.5	1.5	0.5	0.0	0.0	0.0	0.0	0.0	0.0	0.0	0.0	0.0	0.0
Sor-CPnd_045-Ex1-7B-lcwgs-1-2-L2-clmp.r2	0.0	0.5	2.5	5.5	8.0	18.0	30.5	36.0	50.5	79.0	113.5	166.0	265.0	445.0	753.0	1189.0	1890.0	2935.5	4485.5	6507.5	9066.0	12295.0	16202.0	20781.5	25821.5	31456.0	37482.0	43365.0	49422.0	55336.0	60694.0	65996.0	71382.0	75710.5	78659.0	81529.0	83506.5	83992.5	83667.5	82634.0	80820.5	78152.5	75093.0	71147.5	67126.0	63490.0	59153.5	54827.5	50581.0	46296.5	42109.5	37215.5	32449.5	28526.5	24709.0	21202.0	18173.5	15710.0	13613.5	11453.5	9500.5	7945.5	6593.0	5415.5	4350.5	3440.0	2677.0	2060.0	1633.5	1242.0	918.0	711.5	548.0	423.0	343.0	281.0	210.0	151.5	116.0	95.0	84.5	64.0	42.0	34.0	23.5	15.0	15.5	15.5	17.5	16.5	14.0	13.0	9.5	7.5	7.0	9.0	9.0	5.0	2.5	1.5	0.5
Sor-CPnd_045-Ex1-7B-lcwgs-1-2-L3-clmp.r1	0.0	0.5	2.0	3.5	4.5	8.5	19.0	33.5	41.5	54.5	87.0	142.5	232.5	367.0	596.5	966.0	1574.0	2470.5	3657.5	5319.5	7422.5	9983.0	13082.0	16766.0	20976.0	25585.5	30104.5	34652.5	39675.5	44624.0	49132.0	53232.0	57105.5	60678.0	63470.5	65519.0	66936.0	67635.0	67251.5	66323.5	65244.0	62891.5	60073.5	57081.0	54135.0	50901.5	47168.0	43908.0	40474.0	37082.5	34166.5	30341.5	26058.0	22713.0	19642.0	16953.5	14702.5	12605.0	10738.5	9106.5	7653.0	6371.5	5289.5	4315.5	3455.5	2755.0	2194.0	1704.5	1282.0	987.5	761.5	573.5	429.0	303.0	221.5	182.5	146.5	110.0	76.0	54.5	52.5	42.5	23.5	11.5	7.0	6.0	5.0	4.0	3.0	4.0	2.5	0.5	0.0	0.0	0.0	0.0	0.0	0.0	0.0	0.0	0.0
Sor-CPnd_045-Ex1-7B-lcwgs-1-2-L3-clmp.r2	1.0	1.0	1.0	4.0	7.0	10.0	16.5	24.0	32.5	58.0	94.5	138.5	214.0	350.5	567.5	912.5	1492.0	2359.5	3538.0	5119.5	7200.5	9860.0	12990.0	16604.0	20605.0	25051.5	29821.0	34356.5	39212.0	44371.5	48867.0	52825.0	56713.5	60179.5	63019.0	65184.0	66680.5	67386.0	67272.5	66522.0	65053.5	62953.5	60319.0	57219.0	54417.0	51240.0	47773.0	44543.0	40849.5	37351.5	34217.5	30504.0	26400.5	22909.0	19917.0	17172.0	14939.0	12924.0	10987.0	9272.5	7738.5	6436.5	5343.5	4427.5	3573.0	2841.0	2209.5	1755.0	1357.5	1028.0	804.5	607.5	443.5	328.5	255.0	211.0	175.5	133.5	103.5	79.5	63.0	51.5	35.5	22.5	17.5	17.5	14.5	17.0	15.5	13.5	13.5	8.5	5.0	7.0	7.5	4.0	4.5	5.5	4.0	2.0	1.0
Sor-CPnd_046-Ex1-5A-lcwgs-1-2-L2-clmp.r1	0.0	0.0	1.0	2.5	3.0	2.5	5.0	8.0	6.0	9.0	16.5	30.5	55.5	87.0	151.0	275.5	444.5	682.0	1040.5	1564.5	2245.0	3001.0	3907.0	4992.0	6172.5	7502.5	8891.0	10170.0	11543.0	12940.5	14116.0	15201.0	16342.0	17418.5	18338.5	18952.0	19443.5	19762.5	19747.5	19591.5	19229.5	18677.0	18127.0	17458.0	16765.5	15951.5	14947.0	14080.5	13230.0	12395.5	11662.0	10607.0	9274.0	8214.5	7184.5	6247.0	5510.0	4857.5	4282.0	3678.5	3128.5	2673.0	2283.0	1887.0	1514.5	1253.0	1008.5	803.5	647.5	514.0	413.5	330.5	264.5	209.5	159.0	119.0	86.0	68.0	57.5	43.5	29.0	19.0	12.5	8.5	8.5	9.0	7.0	3.5	1.0	0.0	0.0	0.0	0.0	0.0	0.0	0.0	0.0	0.0	0.0	0.0	0.0
Sor-CPnd_046-Ex1-5A-lcwgs-1-2-L2-clmp.r2	0.0	0.0	1.5	2.0	2.5	3.0	3.5	6.5	8.5	10.0	14.5	25.5	54.5	98.0	153.5	242.5	415.5	670.5	995.0	1461.5	2140.5	2958.5	3879.5	4958.0	6214.0	7561.5	8772.0	10014.0	11467.5	12812.0	14021.5	15267.5	16400.0	17416.0	18351.0	18955.0	19439.0	19773.0	19727.0	19551.0	19233.0	18748.0	18163.5	17463.5	16723.0	15930.0	15114.0	14295.0	13380.5	12463.5	11637.5	10619.5	9319.5	8170.0	7218.0	6298.0	5512.5	4888.5	4314.5	3730.5	3154.0	2671.0	2276.0	1880.0	1517.5	1242.5	1014.5	829.5	656.0	498.5	389.0	315.0	266.5	217.5	166.0	123.0	97.5	76.0	56.0	41.5	28.5	20.0	13.5	11.0	12.5	11.5	8.5	5.0	2.0	1.0	1.0	0.5	1.0	1.5	0.5	0.0	0.0	0.5	0.5	0.0	0.0
Sor-CPnd_046-Ex1-5A-lcwgs-1-2-L3-clmp.r1	0.0	0.5	1.0	1.0	1.0	2.0	2.5	2.5	5.0	11.0	21.0	35.5	56.5	87.0	144.0	250.5	406.5	646.0	1016.0	1494.5	2057.5	2787.0	3696.0	4746.5	5817.5	6973.5	8273.0	9551.0	10850.5	12216.5	13401.5	14387.5	15353.0	16364.0	17250.5	17960.0	18471.5	18585.0	18611.0	18461.5	18071.5	17583.0	17056.5	16437.5	15710.5	14884.5	14069.0	13316.5	12314.5	11361.5	10734.5	9751.0	8475.5	7460.5	6555.0	5771.0	5029.5	4395.5	3875.5	3281.0	2727.0	2298.0	1954.0	1639.5	1342.5	1098.5	874.5	711.5	569.0	448.5	345.0	239.5	192.5	170.5	137.5	106.5	83.5	62.5	45.0	35.5	30.0	23.0	16.0	10.5	8.0	4.0	2.0	1.5	0.5	0.0	0.0	0.0	0.0	0.0	0.0	0.5	1.0	0.5	0.0	0.0	0.0
Sor-CPnd_046-Ex1-5A-lcwgs-1-2-L3-clmp.r2	0.0	0.5	1.5	1.5	1.0	1.0	0.5	2.0	4.0	5.5	17.0	33.5	44.5	75.0	134.0	236.5	405.0	635.5	974.5	1424.5	1992.0	2756.5	3634.5	4645.0	5742.5	6907.0	8257.5	9623.0	10971.0	12174.5	13247.5	14454.0	15480.5	16179.5	16964.5	17820.5	18370.5	18613.0	18525.5	18271.5	18073.5	17661.5	17005.5	16412.5	15776.0	14980.5	14254.5	13393.5	12358.5	11429.5	10735.0	9801.0	8535.0	7464.5	6587.0	5828.0	5136.0	4482.5	3877.5	3284.0	2745.5	2324.0	1997.5	1704.0	1387.0	1107.5	877.0	714.0	580.0	457.5	356.5	263.0	218.0	181.5	135.0	102.5	83.0	60.5	45.0	35.0	28.0	23.0	19.0	12.5	8.5	5.5	2.5	3.5	3.0	1.5	2.0	1.0	0.5	1.5	2.0	1.5	1.0	0.5	0.5	0.5	0.0
Sor-CPnd_049-Ex1-3B-lcwgs-1-2-L2-clmp.r1	1.0	0.5	0.0	0.0	1.5	6.0	10.5	13.5	20.0	34.5	51.5	66.5	112.0	185.0	291.0	445.5	690.5	1082.5	1633.5	2318.0	3142.0	4221.5	5479.5	6842.0	8489.0	10219.0	11935.5	13804.0	15469.5	17198.0	18991.5	20442.5	21890.0	23308.5	24287.5	25010.5	25595.5	25770.5	25499.5	25010.5	24376.0	23405.5	22390.0	21435.0	20041.5	18574.0	17467.0	16348.5	15023.0	13782.5	12738.5	11220.0	9575.5	8383.0	7325.5	6312.5	5421.5	4675.0	3969.0	3305.0	2772.0	2346.5	1966.5	1626.0	1337.5	1060.0	846.0	673.0	512.5	392.5	291.5	228.5	175.5	139.5	119.5	88.5	67.5	52.5	31.5	26.0	28.5	26.0	19.5	11.5	7.5	3.5	1.0	0.5	0.0	0.0	0.0	0.5	0.5	0.0	0.0	0.0	0.0	0.0	0.0	0.0	0.0
Sor-CPnd_049-Ex1-3B-lcwgs-1-2-L2-clmp.r2	1.0	0.5	1.0	1.5	1.0	4.0	9.5	14.0	17.0	25.5	55.5	77.5	111.0	172.5	271.5	421.5	643.5	1010.5	1561.5	2263.0	3157.0	4213.0	5425.5	6853.0	8457.5	10142.0	11873.0	13679.0	15418.5	17250.5	18948.0	20369.5	21694.0	22998.0	24288.5	25106.0	25540.0	25673.0	25428.5	24921.0	24245.5	23483.5	22467.0	21345.5	20121.0	18788.5	17656.5	16476.0	15156.5	13907.5	12702.5	11214.0	9725.5	8461.5	7369.0	6428.5	5477.0	4684.0	3975.5	3319.5	2788.5	2352.5	1975.5	1653.0	1366.0	1093.5	866.0	692.0	520.0	398.0	305.5	244.0	201.0	152.5	126.5	95.0	67.5	51.0	38.0	37.0	36.5	29.5	22.0	17.0	10.5	6.5	5.0	3.5	2.5	1.5	2.0	2.5	3.0	2.0	1.0	1.0	2.0	1.5	0.5	0.5	0.0
Sor-CPnd_049-Ex1-3B-lcwgs-1-2-L3-clmp.r1	0.0	0.5	1.0	2.0	5.0	7.5	9.0	10.5	14.5	22.0	29.0	45.0	94.5	152.5	216.0	354.0	587.5	883.5	1291.0	1824.5	2532.5	3362.0	4344.5	5548.0	6755.5	8073.0	9547.5	11014.0	12509.5	13881.0	14985.5	16241.5	17512.5	18426.5	19322.0	20100.0	20368.0	20250.0	20019.0	19846.0	19560.5	18849.5	17736.5	16807.5	16129.5	15229.5	14123.5	13025.0	12074.0	11023.0	10071.5	9013.0	7867.0	6925.0	5956.5	5144.5	4414.5	3728.5	3174.0	2726.5	2318.5	1939.0	1621.0	1322.5	1078.0	868.5	676.0	542.5	409.5	305.0	239.5	176.5	134.0	109.5	90.5	68.5	53.5	40.0	26.5	18.5	12.5	9.0	8.5	9.0	6.5	2.5	2.0	1.5	0.5	0.0	0.0	0.5	1.0	0.5	0.0	0.0	0.0	0.0	0.0	0.0	0.0
Sor-CPnd_049-Ex1-3B-lcwgs-1-2-L3-clmp.r2	0.0	0.0	0.0	1.0	2.0	6.0	11.5	13.0	16.0	22.0	33.5	50.0	83.0	135.5	213.0	354.5	558.5	834.0	1263.5	1849.5	2500.0	3292.0	4303.0	5468.5	6729.5	8067.0	9428.0	10893.0	12433.0	13795.5	14960.5	16176.0	17342.5	18339.5	19317.5	20022.5	20333.5	20304.0	20054.0	19973.5	19605.0	18671.5	17694.0	16826.0	16142.5	15239.0	14104.0	13118.5	12124.0	11140.5	10210.0	9047.0	7872.0	6954.5	6016.0	5124.5	4438.5	3834.0	3259.0	2770.5	2382.5	2023.0	1654.5	1370.5	1131.0	892.5	690.5	536.5	414.0	319.5	241.5	181.0	140.5	104.5	89.5	73.0	54.5	39.0	30.5	22.5	19.0	19.0	11.5	10.0	10.5	5.5	3.5	3.0	2.5	2.5	2.5	1.5	2.0	1.5	1.0	2.5	2.0	1.0	0.5	0.0	0.0
Sor-CPnd_050-Ex1-3F-lcwgs-1-2-L2-clmp.r1	1.0	2.0	3.5	6.5	11.5	30.0	51.5	70.0	97.5	137.5	198.5	277.0	426.5	678.5	1073.5	1708.5	2726.5	4033.5	5878.5	8457.0	11733.0	15690.5	20190.5	25406.5	31229.5	37481.5	43894.0	50414.5	56901.5	63204.5	69518.5	75458.0	80367.0	84467.5	88253.0	91109.5	92736.0	93028.5	92427.5	91129.5	89117.0	86173.5	81997.5	77677.5	73712.0	69480.5	64892.5	60193.5	55245.5	50457.0	46263.0	41063.5	35457.5	31164.5	27206.0	23558.0	20373.5	17478.0	14988.5	12747.5	10623.0	8835.0	7477.0	6199.0	4921.0	3927.5	3078.5	2417.5	1916.0	1451.0	1118.5	868.5	656.0	498.0	379.5	309.5	260.0	203.0	163.0	118.5	82.5	66.5	57.5	41.5	23.0	11.5	8.0	6.0	4.5	2.5	0.5	0.0	0.0	0.0	0.0	0.0	0.0	0.0	0.0	0.0	0.0
Sor-CPnd_050-Ex1-3F-lcwgs-1-2-L2-clmp.r2	2.0	3.0	7.0	6.5	10.5	24.5	38.5	57.0	84.0	123.5	191.0	269.0	382.5	635.5	1039.0	1683.0	2638.5	3961.5	5802.5	8268.5	11410.0	15171.0	19693.0	24986.0	30875.5	37335.5	43838.5	50292.5	57109.0	63464.0	69221.0	74975.0	80248.5	84453.5	88011.0	90815.0	92440.0	92878.0	92494.5	91495.5	89334.5	86226.0	82194.0	77990.0	73809.5	69540.0	65221.5	60165.0	55216.0	50770.0	46538.0	41220.5	35640.0	31423.0	27428.0	23649.0	20509.0	17612.0	14968.0	12747.5	10707.5	8990.0	7642.0	6303.5	5022.0	4018.5	3152.0	2485.5	1963.5	1491.0	1141.5	891.5	698.0	519.5	395.0	325.0	265.5	224.0	183.5	134.0	105.5	83.0	69.5	54.0	33.5	22.5	18.5	15.5	13.5	14.0	14.5	12.5	11.0	10.5	8.5	8.0	8.5	5.5	2.5	1.5	1.0
Sor-CPnd_050-Ex1-3F-lcwgs-1-2-L3-clmp.r1	2.0	4.0	5.5	9.5	20.0	25.5	32.0	54.0	80.5	100.0	150.0	235.5	368.5	593.0	944.5	1495.0	2369.5	3661.0	5236.5	7269.0	9941.0	13261.0	17131.0	21582.0	26515.0	31815.0	37236.5	42628.5	48405.5	53881.0	59000.5	63869.5	68217.5	72181.0	75024.5	76831.0	78318.0	78874.0	78709.5	77735.5	75306.0	72673.5	69611.5	66140.5	62673.0	58982.0	55019.0	51044.0	47127.5	43334.0	39906.5	35415.0	30785.5	26984.0	23439.0	20380.0	17715.0	15350.0	13191.0	11165.5	9383.5	7825.5	6542.0	5425.0	4304.0	3458.5	2814.0	2208.5	1733.0	1334.5	988.0	758.5	600.0	461.5	350.5	274.5	218.0	174.0	149.5	117.5	80.5	64.0	50.5	35.5	27.0	17.0	13.5	15.5	12.5	6.5	3.0	0.5	0.0	0.0	0.5	1.0	0.5	0.0	0.0	0.0	0.0
Sor-CPnd_050-Ex1-3F-lcwgs-1-2-L3-clmp.r2	1.0	2.0	3.5	10.0	15.0	17.0	28.5	50.0	66.0	89.5	146.0	218.5	330.5	525.5	876.0	1408.0	2294.0	3509.0	5046.5	7069.5	9693.0	13092.5	16946.0	21255.0	26075.0	31323.0	36800.0	42439.5	48089.5	53348.0	58575.5	63600.0	68088.0	71924.5	74817.5	76945.5	78443.5	78971.0	78675.0	77752.5	75676.5	73084.5	69807.0	66224.0	63092.5	59376.5	55211.0	51238.5	47424.0	43543.0	40088.5	35788.5	31072.5	27392.5	23794.0	20532.5	17660.5	15263.0	13249.5	11195.5	9445.0	7906.5	6574.0	5430.0	4319.0	3515.0	2886.5	2265.0	1741.0	1329.5	1013.0	783.5	617.0	477.5	376.0	291.0	240.0	201.5	168.0	132.0	96.5	75.5	62.0	46.5	36.0	30.0	23.0	20.0	21.0	17.5	9.5	6.5	8.0	7.5	6.5	7.0	6.5	5.0	3.0	1.0	0.5
Sor-CPnd_052-Ex1-6D-lcwgs-1-2-L2-clmp.r1	0.0	0.5	1.5	2.5	7.0	20.0	31.5	39.5	63.5	89.0	124.5	190.0	316.5	500.0	760.5	1224.5	1899.5	2789.0	3991.0	5483.0	7284.5	9472.5	12170.5	15277.5	18361.0	21664.5	25183.0	28532.5	31882.0	34820.5	37481.0	40061.0	42317.5	44541.0	46280.0	47419.5	48190.0	48078.5	47422.5	46538.0	45353.0	43920.0	41958.0	39745.0	37626.0	35123.0	32643.0	30369.5	28002.5	25779.0	23556.5	20869.0	18142.5	15851.5	13719.5	11841.5	10204.0	8821.5	7574.0	6391.0	5324.5	4438.5	3738.0	3158.0	2578.0	2057.0	1644.5	1330.5	1062.5	807.0	620.0	489.0	393.0	311.0	243.5	192.5	156.0	122.5	95.0	79.0	62.0	41.5	32.5	24.5	17.5	12.5	9.5	8.5	4.5	1.0	0.0	0.0	0.0	0.0	0.0	0.0	0.0	0.0	0.0	0.0	0.0
Sor-CPnd_052-Ex1-6D-lcwgs-1-2-L2-clmp.r2	1.0	2.0	2.0	4.5	8.5	14.5	24.0	41.5	63.0	84.0	110.0	165.5	274.5	456.5	727.0	1171.0	1832.0	2719.0	3883.5	5391.5	7191.0	9430.0	12175.5	15159.0	18129.0	21440.0	24981.5	28335.0	31751.5	34747.5	37559.0	40285.0	42567.0	44623.5	46245.0	47422.0	47986.0	47850.5	47442.0	46616.5	45397.0	43793.0	41872.5	39955.0	37807.0	35429.0	32955.5	30514.0	28142.5	25821.0	23585.0	20953.5	18252.5	15890.5	13728.5	11896.0	10263.0	8871.5	7574.5	6339.5	5358.5	4542.5	3777.0	3076.0	2471.0	2028.5	1688.5	1346.5	1035.5	809.5	645.5	516.5	416.5	323.0	255.0	206.5	166.5	131.0	108.0	91.0	70.0	50.0	37.0	27.5	20.5	14.5	12.0	12.0	8.5	6.0	7.0	5.0	1.5	2.0	1.5	2.0	2.5	1.0	0.0	1.0	1.0
Sor-CPnd_052-Ex1-6D-lcwgs-1-2-L3-clmp.r1	1.0	1.0	1.0	2.0	6.0	11.5	19.0	30.5	44.5	65.0	107.5	155.5	238.5	413.0	665.5	1071.5	1651.5	2383.0	3374.5	4690.5	6346.5	8261.5	10425.0	12750.0	15336.5	18359.5	21334.0	24206.0	27254.0	30063.0	32431.0	34692.5	36864.0	38691.5	40019.0	40891.0	41529.0	41769.0	41519.5	40759.5	39499.0	38168.0	36540.5	34550.0	32729.5	30954.5	28825.0	26701.0	24802.0	22582.0	20592.5	18416.0	15973.5	14028.5	12217.0	10558.5	9110.0	7827.0	6671.5	5703.5	4817.0	4035.0	3442.5	2860.5	2280.0	1870.0	1524.0	1234.0	1000.5	764.0	571.0	426.5	315.5	264.5	230.0	173.0	143.0	120.0	85.5	58.0	49.0	39.0	26.0	17.5	10.0	6.0	4.5	3.0	1.0	0.5	1.0	0.5	0.0	0.5	1.0	1.0	0.5	0.0	0.0	0.0	0.0
Sor-CPnd_052-Ex1-6D-lcwgs-1-2-L3-clmp.r2	1.0	0.5	1.5	3.5	6.0	10.5	20.0	27.5	39.0	58.5	90.5	142.5	247.5	399.5	615.5	977.5	1500.5	2251.0	3247.5	4623.5	6375.5	8226.0	10299.5	12625.0	15276.0	18242.5	21132.5	24023.5	27024.5	29879.0	32377.5	34565.5	36721.0	38564.0	39908.0	40894.0	41550.0	41855.5	41487.0	40719.0	39727.0	38344.0	36539.0	34548.0	32876.0	31060.5	28952.5	26895.0	24833.0	22775.0	20886.0	18576.5	16076.5	14026.0	12207.0	10670.5	9227.0	7866.0	6692.5	5722.5	4822.5	4076.5	3485.5	2861.5	2291.0	1898.5	1552.0	1249.5	999.5	764.0	600.0	455.5	333.0	270.0	233.0	185.5	145.5	118.0	85.5	70.0	63.0	40.0	27.0	19.5	11.0	8.0	9.5	7.5	3.0	2.0	2.5	3.0	3.0	3.0	2.0	1.0	1.0	1.0	0.5	0.5	1.0
Sor-CPnd_053-Ex1-2C-lcwgs-1-2-L2-clmp.r1	0.0	0.0	0.5	1.5	4.0	6.5	9.5	16.0	24.0	42.0	72.0	105.0	154.0	256.0	398.5	619.5	1005.0	1526.0	2233.0	3184.0	4283.5	5586.5	7191.0	9135.5	11096.5	13173.0	15526.5	17837.5	20004.5	22117.5	24103.0	26023.0	27823.0	29240.0	30451.0	31384.0	31763.0	31720.5	31675.5	31386.5	30439.5	29290.0	28117.0	26789.0	25599.0	24308.0	22592.5	21115.0	19749.0	18283.0	16992.5	15224.5	13077.5	11274.5	9910.5	8612.0	7381.0	6389.0	5553.0	4738.5	3977.5	3376.5	2845.5	2364.5	1969.5	1586.5	1228.5	955.5	753.5	604.5	487.0	391.0	291.0	208.0	170.5	138.5	109.5	88.0	64.0	50.0	45.0	33.5	18.0	17.0	16.0	11.5	6.5	4.0	2.5	1.5	0.5	0.0	0.0	0.0	0.0	0.0	0.0	0.0	0.0	0.0	0.0
Sor-CPnd_053-Ex1-2C-lcwgs-1-2-L2-clmp.r2	0.0	0.5	0.5	0.5	3.5	4.5	6.0	9.0	15.0	29.5	58.5	98.0	161.0	238.5	363.0	587.0	944.0	1458.5	2110.0	3017.0	4145.0	5460.0	7114.0	8869.0	10735.5	12885.5	15250.5	17651.0	19821.0	21930.0	23974.0	25812.5	27491.5	28951.5	30270.5	31361.5	32063.5	32115.0	31816.0	31378.5	30557.5	29519.0	28263.5	26952.0	25663.0	24291.5	22798.5	21413.0	19911.5	18260.0	17078.0	15368.0	13161.5	11518.5	10065.5	8691.0	7528.5	6499.5	5579.5	4756.5	4017.5	3399.5	2883.5	2380.0	1979.5	1647.5	1293.5	1013.0	795.0	628.5	479.5	375.5	301.0	235.0	187.0	140.0	116.0	101.0	76.0	58.0	50.0	33.5	23.5	28.0	24.5	16.0	10.5	9.5	7.0	6.5	7.0	5.0	5.0	4.0	4.5	4.0	2.5	2.5	0.5	0.5	1.0
Sor-CPnd_053-Ex1-2C-lcwgs-1-2-L3-clmp.r1	0.0	0.0	1.0	3.0	4.0	8.0	18.0	25.0	27.0	36.5	57.0	93.5	159.5	257.5	412.0	675.5	1068.5	1550.5	2253.5	3269.5	4498.5	5996.0	7742.0	9759.5	12118.5	14623.5	17119.0	19733.5	22369.0	24802.5	27094.5	29400.5	31415.5	32846.5	34189.0	35341.0	36108.5	36311.0	36158.0	35543.0	34512.0	33582.5	32228.0	30761.0	29114.5	27250.0	25404.0	23632.5	21983.5	20279.5	18798.5	16822.5	14485.0	12724.5	11121.5	9555.0	8413.5	7433.0	6342.0	5317.0	4419.0	3654.0	3087.5	2614.5	2113.5	1714.0	1399.5	1111.0	882.5	682.0	514.5	384.0	296.5	240.5	190.0	155.5	121.5	100.5	76.0	43.5	32.5	32.0	26.0	17.5	12.5	8.0	4.0	1.5	2.5	2.5	1.0	0.0	0.0	0.0	0.0	0.0	0.0	0.0	0.0	0.0	0.0
Sor-CPnd_053-Ex1-2C-lcwgs-1-2-L3-clmp.r2	1.0	1.0	1.5	3.5	3.5	6.5	15.0	24.0	30.0	37.5	57.0	85.5	141.0	224.0	357.0	600.5	974.5	1475.0	2188.0	3207.5	4373.0	5823.5	7624.5	9660.5	11924.0	14366.5	16921.0	19547.5	22196.0	24621.5	26854.0	28882.5	30920.5	32741.0	34126.5	35410.0	36251.0	36395.0	36193.5	35756.0	34787.5	33597.0	32297.0	30753.0	29068.0	27334.5	25608.0	23866.0	22201.0	20489.5	18866.0	16857.5	14613.5	12911.5	11282.5	9721.0	8500.5	7391.5	6318.5	5364.5	4533.5	3706.5	3111.0	2673.5	2214.0	1824.0	1435.5	1141.5	910.5	702.0	524.5	390.0	314.0	255.5	194.0	159.5	129.5	109.0	91.0	60.0	47.5	39.0	27.0	20.5	14.5	9.5	9.0	7.0	5.0	6.5	6.0	5.5	5.0	4.0	4.5	4.5	3.0	1.5	1.5	1.5	1.0
Sor-CPnd_054-Ex1-8F-lcwgs-1-2-L2-clmp.r1	0.0	0.0	0.0	2.0	5.5	6.5	9.5	16.0	25.0	38.5	51.0	74.0	139.5	236.5	349.0	534.0	852.5	1266.5	1793.0	2518.0	3383.0	4426.5	5729.5	7066.5	8555.0	10236.5	11821.5	13486.0	15107.5	16615.0	18169.5	19506.5	20685.0	21854.0	22927.0	23587.0	23933.5	24307.0	24324.5	23996.0	23487.0	22817.0	21938.0	20938.0	19940.5	18880.0	17687.5	16482.5	15434.0	14306.5	13216.5	11921.0	10475.0	9243.0	8000.5	6952.5	6121.0	5314.0	4628.5	4017.0	3424.0	2914.5	2449.0	2007.5	1650.5	1381.5	1163.0	932.5	690.0	527.0	437.5	342.5	267.5	208.0	157.0	124.0	104.0	83.5	62.5	53.0	39.5	27.0	22.5	16.0	8.0	5.0	3.0	2.0	1.5	0.5	0.0	0.0	0.0	0.0	0.0	0.0	0.5	1.0	1.0	0.5	0.0
Sor-CPnd_054-Ex1-8F-lcwgs-1-2-L2-clmp.r2	0.0	0.0	0.0	2.0	5.0	7.0	12.5	17.5	25.0	36.0	51.0	84.5	132.5	209.0	330.5	530.5	826.0	1227.5	1779.0	2514.5	3378.0	4369.5	5653.0	7116.0	8490.5	10135.0	11878.0	13444.0	15049.0	16642.5	18128.5	19484.0	20811.0	21998.5	22995.5	23599.0	23935.0	24290.0	24364.5	24070.5	23522.0	22718.5	21814.0	20935.5	20036.5	18943.0	17675.5	16583.0	15564.5	14357.0	13248.0	11891.0	10369.5	9180.5	8056.0	7025.0	6147.5	5333.0	4617.5	3972.0	3404.0	2890.0	2428.0	2048.0	1686.0	1377.5	1136.5	925.5	689.5	527.5	444.0	344.5	269.5	219.5	163.0	121.5	105.5	88.5	65.5	54.5	40.0	30.0	27.5	18.5	14.0	9.5	4.0	3.5	3.0	4.0	6.0	4.0	2.0	1.5	1.5	1.0	0.5	1.5	2.0	1.0	0.0
Sor-CPnd_054-Ex1-8F-lcwgs-1-2-L3-clmp.r1	0.0	0.0	0.5	2.0	2.5	3.0	6.0	13.5	21.5	30.5	50.0	75.0	114.5	197.5	317.5	460.0	716.0	1093.5	1571.0	2226.5	3007.0	3896.0	5008.0	6176.0	7388.0	8776.0	10263.5	11785.0	13203.5	14535.5	15860.5	17079.5	18399.5	19473.0	20239.5	20670.0	20968.5	21283.5	21229.0	21012.0	20709.5	20301.5	19523.5	18529.0	17746.0	16802.0	15739.0	15031.0	14089.0	12989.0	12094.0	10821.0	9481.5	8426.0	7413.5	6465.5	5673.5	4981.0	4295.5	3699.5	3181.5	2704.5	2312.5	1956.0	1574.0	1293.0	1036.5	849.5	701.0	550.0	452.5	365.5	285.5	220.0	163.0	108.5	84.0	77.0	65.0	47.0	26.0	17.0	18.0	15.0	8.5	5.0	4.0	2.0	0.0	0.0	0.5	1.0	0.5	0.0	0.0	0.0	0.0	0.0	0.0	0.0	0.0
Sor-CPnd_054-Ex1-8F-lcwgs-1-2-L3-clmp.r2	0.0	0.0	0.0	2.0	2.0	2.5	5.0	9.0	21.0	30.0	45.0	73.0	115.0	186.0	304.0	457.0	697.0	1078.5	1546.0	2175.0	2924.0	3791.5	4948.0	6165.5	7358.0	8658.0	10187.5	11775.5	13143.5	14444.0	15728.0	17044.5	18361.0	19429.0	20099.5	20595.0	21121.5	21352.5	21265.5	21068.5	20669.5	20227.0	19654.5	18730.0	17752.0	16827.0	15924.5	15078.5	14123.0	13057.0	12096.5	10895.5	9585.5	8451.0	7443.5	6519.5	5660.0	4932.0	4279.5	3675.0	3147.0	2702.5	2325.0	1960.5	1588.5	1298.5	1027.0	850.0	697.5	575.0	479.5	385.0	291.5	214.5	164.5	111.5	94.0	83.5	71.0	53.0	28.5	17.5	15.0	14.5	11.5	9.0	7.5	3.5	1.0	2.5	3.5	3.0	1.0	1.0	1.0	1.0	1.5	0.5	0.0	0.0	0.0
Sor-CPnd_055-Ex1-7G-lcwgs-1-2-L2-clmp.r1	2.0	2.5	8.0	14.0	22.0	31.0	47.5	69.0	93.5	145.0	208.0	303.5	477.0	775.5	1205.5	1800.0	2732.5	4070.5	5791.5	8095.0	10861.5	13931.5	17506.0	21727.0	26191.5	30885.5	35822.5	40712.0	45337.5	49413.5	53105.5	56695.5	60131.5	63008.0	65067.5	66270.0	66928.0	67185.5	66729.0	65287.0	63150.0	60837.5	58160.0	55009.5	51875.0	48830.0	45385.0	41713.5	38330.0	35517.5	33015.5	29151.0	24933.5	21746.5	18815.5	16341.0	14232.5	12283.5	10473.5	8789.5	7422.0	6314.0	5332.5	4364.0	3503.0	2816.0	2244.5	1797.0	1392.5	1092.0	856.0	651.0	514.5	401.5	307.0	230.5	169.5	134.5	111.0	83.0	55.5	38.5	33.0	25.5	22.0	19.0	9.0	3.0	2.5	2.0	1.5	1.5	1.0	0.5	0.0	0.0	0.0	0.0	0.0	0.0	0.0
Sor-CPnd_055-Ex1-7G-lcwgs-1-2-L2-clmp.r2	4.0	5.0	6.0	10.0	18.0	27.5	48.0	66.0	92.5	140.5	204.5	305.0	458.0	714.0	1130.5	1787.0	2723.0	3973.0	5750.0	8039.5	10652.0	13729.5	17377.0	21546.5	26068.5	30735.0	35502.5	40449.5	45184.5	49313.0	53250.0	56825.0	60166.0	63018.5	64947.5	66248.5	67044.5	67129.0	66643.0	65289.0	63366.0	61007.0	58081.5	55205.0	52170.0	49000.0	45461.5	41850.5	38608.0	35600.0	32894.5	29182.5	24982.5	21811.5	18935.5	16383.5	14272.5	12333.5	10425.0	8822.0	7538.5	6327.5	5329.5	4399.0	3511.5	2824.0	2247.5	1806.5	1424.0	1113.5	874.5	663.0	517.5	406.5	316.0	246.0	193.0	154.0	125.0	92.5	65.0	50.5	41.5	33.0	29.5	25.5	17.5	11.5	6.5	8.0	9.0	7.0	5.5	3.5	3.5	2.5	1.0	1.0	1.5	1.0	0.5
Sor-CPnd_055-Ex1-7G-lcwgs-1-2-L3-clmp.r1	0.0	1.5	3.5	7.0	19.0	27.5	36.0	54.0	76.0	120.0	191.5	286.0	414.0	629.5	1003.0	1558.5	2369.0	3438.5	4823.0	6651.0	8795.5	11410.5	14486.0	17841.5	21499.0	25294.0	29270.5	33145.0	37025.0	40666.5	43756.0	46860.5	49770.5	52065.5	53890.0	55090.5	55776.5	55985.5	55162.0	53657.5	52082.0	50294.5	48072.0	45700.5	43251.0	40747.0	38019.0	35090.5	32357.5	29751.0	27432.5	24444.5	20972.0	18250.5	15986.5	13830.5	11804.0	10222.0	8865.0	7561.5	6426.0	5352.0	4454.0	3708.5	2984.5	2373.5	1898.0	1536.5	1200.5	928.0	736.0	575.5	417.5	311.0	257.5	192.5	147.0	114.0	78.5	61.5	53.5	39.0	24.5	16.0	9.0	6.5	7.0	6.0	4.0	2.0	0.5	0.0	0.0	0.0	0.0	0.0	0.0	0.0	0.0	0.0	0.0
Sor-CPnd_055-Ex1-7G-lcwgs-1-2-L3-clmp.r2	1.0	1.5	3.5	5.0	11.0	26.5	42.0	57.0	79.5	112.5	175.0	263.5	386.0	602.5	943.5	1447.5	2225.5	3279.0	4676.0	6474.5	8629.5	11247.0	14302.5	17774.0	21483.0	25163.5	29133.0	33207.5	37006.5	40482.0	43600.0	46748.5	49799.5	52070.0	53838.0	55190.0	55869.5	56016.0	55211.0	53659.5	52101.5	50275.5	48104.5	45780.5	43209.0	40754.0	38120.5	35147.5	32526.5	29988.0	27430.0	24412.5	21143.5	18463.0	16082.0	13944.0	11916.0	10214.5	8851.0	7573.0	6442.5	5387.0	4484.5	3723.0	3020.0	2434.5	1947.5	1567.0	1220.5	947.5	757.0	580.0	434.5	328.0	258.0	208.0	159.5	120.5	86.5	68.0	60.0	44.5	31.5	23.5	14.5	10.5	12.5	11.0	6.5	4.0	2.5	1.5	3.0	3.0	3.5	4.0	2.0	1.0	0.5	0.0	0.5
Sor-CPnd_058-Ex1-2G-lcwgs-1-2-L2-clmp.r1	1.0	1.5	3.0	4.5	6.0	9.0	20.5	32.5	46.0	67.0	95.0	146.5	238.5	375.0	592.0	909.0	1340.0	1876.5	2608.0	3570.0	4689.5	5999.0	7478.5	9111.5	10793.5	12559.0	14431.0	16114.5	17753.0	19174.0	20469.5	21866.0	22978.5	23843.5	24517.5	24838.5	24855.0	24836.0	24612.0	23981.0	23171.5	22082.5	20921.0	19803.0	18643.5	17561.0	16326.5	15093.5	14032.0	13019.0	12168.0	10922.5	9326.5	8069.5	7003.0	6016.5	5153.0	4480.5	3849.0	3262.0	2751.5	2324.0	1985.0	1648.0	1332.5	1086.5	873.0	709.0	570.5	422.0	332.0	263.5	197.5	151.0	118.0	98.0	81.0	64.5	51.5	39.5	28.0	18.0	13.0	9.5	4.0	5.0	8.5	6.5	3.0	2.0	2.0	1.0	0.0	0.0	0.0	0.0	0.0	0.0	0.0	0.0	0.0
Sor-CPnd_058-Ex1-2G-lcwgs-1-2-L2-clmp.r2	1.0	2.0	2.5	5.0	7.5	7.0	8.0	20.0	40.5	59.5	88.5	133.5	202.5	351.0	561.0	833.0	1245.0	1789.5	2519.5	3469.0	4606.0	5903.5	7374.0	8962.0	10586.5	12425.0	14357.0	15980.0	17634.5	19141.5	20480.0	21894.0	23060.5	23952.5	24532.0	24981.0	25134.5	24972.0	24435.0	23866.5	23118.5	22071.5	21069.0	19894.0	18753.0	17609.0	16307.0	15198.0	14207.0	13117.5	12217.5	10827.5	9321.0	8205.0	7060.0	6084.0	5220.5	4459.0	3864.5	3290.0	2756.0	2364.5	2017.0	1660.5	1361.0	1136.0	902.5	703.0	568.0	446.0	344.0	263.0	203.0	152.5	117.5	103.5	90.5	73.5	53.0	39.0	32.0	22.5	16.5	14.0	10.0	7.5	9.5	8.5	4.5	4.0	5.0	3.0	0.5	0.5	2.0	2.0	1.0	1.5	1.5	1.5	1.0
Sor-CPnd_058-Ex1-2G-lcwgs-1-2-L3-clmp.r1	0.0	0.5	2.0	3.0	7.5	15.0	28.0	43.0	57.5	78.5	110.0	184.0	269.5	376.0	595.5	953.0	1406.5	2036.0	2873.0	3866.0	5080.0	6487.5	8101.0	9856.0	11701.5	13709.0	15735.5	17698.5	19739.5	21584.5	23109.0	24689.5	26083.5	27103.0	27838.0	28306.5	28538.0	28438.5	27895.0	27110.5	26206.0	24977.0	23690.5	22606.0	21357.5	19794.5	18312.5	17014.5	15861.0	14671.0	13529.5	11991.5	10294.5	8963.5	7730.0	6816.5	5990.0	5138.5	4342.5	3618.0	3050.0	2598.0	2181.0	1787.5	1467.5	1184.5	929.5	745.5	597.0	472.5	381.0	297.0	212.0	169.0	136.5	98.0	75.5	63.5	48.5	34.5	29.5	19.5	11.0	9.5	10.0	7.0	2.5	1.5	2.5	2.5	1.0	0.5	0.5	0.0	0.0	0.0	0.0	0.0	0.0	0.0	0.0
Sor-CPnd_058-Ex1-2G-lcwgs-1-2-L3-clmp.r2	0.0	1.0	3.0	4.5	9.5	15.0	22.0	37.0	51.5	69.5	99.0	137.5	207.0	345.5	557.0	858.5	1318.0	1961.0	2732.5	3647.0	4884.0	6381.5	7920.5	9668.0	11624.0	13702.5	15834.0	17810.0	19663.0	21556.5	23267.0	24645.5	25925.0	26987.0	27785.5	28390.0	28618.5	28381.0	27947.5	27395.0	26347.0	25018.5	23823.0	22593.0	21203.5	19844.5	18424.0	17099.0	15854.5	14558.5	13517.0	12070.0	10370.0	9015.0	7830.5	6857.5	5967.5	5193.5	4442.5	3662.0	3120.0	2682.0	2207.0	1805.5	1481.0	1213.5	947.5	752.0	616.0	478.5	390.5	293.0	209.0	161.5	139.0	112.0	85.0	74.0	55.5	41.0	32.5	26.0	21.5	12.5	10.5	8.5	4.5	4.0	5.0	6.0	3.0	1.0	3.0	3.5	1.5	1.0	0.5	0.0	0.5	1.0	1.0
Sor-CPnd_063-Ex1-7D-lcwgs-1-2-L2-clmp.r1	0.0	0.5	2.5	6.5	14.0	24.0	35.5	50.0	67.0	104.0	157.0	234.0	346.5	542.0	884.5	1422.5	2131.0	3088.5	4485.0	6382.5	8713.0	11307.5	14410.0	18058.0	21952.5	26161.5	30615.5	34980.5	39330.5	43603.5	47426.5	50784.0	54074.0	57210.0	59605.0	61267.0	62268.5	62284.5	61852.0	61081.5	59503.0	57443.5	54753.5	52054.5	49324.5	46025.5	43158.5	40342.5	37169.5	34004.5	31091.5	27659.0	24125.0	21298.5	18503.5	16046.0	13954.0	12023.0	10265.5	8708.5	7420.5	6253.5	5251.0	4331.0	3457.5	2843.0	2289.0	1803.5	1386.0	1068.5	857.5	674.5	509.0	385.0	309.0	249.0	195.5	165.5	133.5	100.0	75.0	58.0	46.0	31.5	21.5	17.5	15.0	9.0	5.0	4.0	2.0	0.5	0.0	0.0	0.0	0.0	0.0	0.0	0.0	0.0	0.0
Sor-CPnd_063-Ex1-7D-lcwgs-1-2-L2-clmp.r2	2.0	3.0	3.5	5.0	10.5	19.0	28.5	40.0	64.5	99.0	153.0	223.5	334.5	539.5	862.5	1336.5	2010.0	3019.0	4417.5	6311.0	8616.0	11223.5	14277.5	17837.0	21764.5	26081.5	30631.5	34918.0	39233.5	43316.5	47138.5	50719.0	54111.0	57080.5	59326.0	61209.5	62125.0	62251.5	62002.0	60899.0	59378.0	57465.5	55013.5	52265.0	49280.0	46170.0	43329.5	40535.5	37339.0	34305.5	31493.5	27956.0	24151.5	21218.0	18594.0	16128.0	13971.5	12082.0	10387.5	8769.5	7391.5	6329.0	5329.5	4304.0	3439.0	2833.0	2294.0	1835.5	1403.0	1058.5	898.0	723.0	544.0	416.5	325.0	256.5	200.0	165.5	140.5	112.0	89.5	69.5	50.5	43.0	30.5	24.0	21.0	13.0	10.0	10.0	7.5	6.5	5.5	6.5	5.5	1.5	2.5	2.0	0.5	0.5	0.0
Sor-CPnd_063-Ex1-7D-lcwgs-1-2-L3-clmp.r1	0.0	0.0	2.0	6.0	9.5	20.5	34.0	39.0	56.5	80.5	111.5	185.0	296.5	468.5	733.5	1132.5	1759.0	2630.5	3739.0	5274.0	7210.0	9368.0	11966.5	15015.0	18406.0	22034.0	25775.0	29454.0	33117.5	36684.5	39960.0	42913.0	45554.0	47987.5	49848.5	51212.0	52229.0	52388.5	52198.5	51452.5	50246.0	48484.5	46105.5	44039.5	41782.0	39306.0	36627.0	34015.0	31593.0	29068.5	26741.5	23791.0	20637.5	18082.0	15596.5	13577.5	11954.0	10336.0	8793.5	7456.5	6316.0	5301.0	4421.5	3713.0	3069.0	2474.0	1937.0	1512.5	1228.0	988.5	778.5	583.0	441.0	349.0	278.5	226.0	165.0	133.0	118.5	88.5	62.5	50.5	39.0	31.0	28.0	21.5	11.5	8.0	7.0	3.0	0.5	0.0	0.0	0.0	0.0	0.0	0.0	0.0	0.0	0.0	0.0
Sor-CPnd_063-Ex1-7D-lcwgs-1-2-L3-clmp.r2	0.0	1.5	3.0	3.5	6.0	10.0	21.0	29.5	47.5	73.0	104.5	171.5	285.5	455.0	669.5	1055.5	1673.5	2501.0	3582.5	5161.0	7185.0	9397.0	11990.0	15001.0	18279.5	21906.0	25612.5	29210.0	32934.0	36405.0	39757.0	42822.0	45312.0	47718.5	49753.0	51058.0	52165.5	52718.0	52296.5	51320.0	50024.5	48451.5	46490.5	44141.5	41738.5	39424.5	36795.5	34248.0	31909.5	29222.5	26720.0	23882.5	20840.0	18265.5	15754.0	13644.0	11899.0	10384.5	8881.0	7481.5	6367.5	5380.5	4442.5	3668.5	3044.0	2478.5	1961.0	1588.5	1294.5	1009.5	808.0	615.5	456.5	359.5	294.0	236.5	184.0	152.5	124.5	92.0	68.0	58.5	47.0	36.0	29.0	20.0	15.5	12.0	8.5	5.5	3.0	4.5	6.0	4.5	3.5	4.5	3.5	3.0	2.0	0.0	0.0
Sor-CPnd_066-Ex1-8B-lcwgs-1-2-L2-clmp.r1	0.0	1.5	3.5	2.5	4.0	11.0	15.5	18.5	32.5	51.0	84.0	134.5	193.5	320.0	497.0	771.5	1229.0	1826.0	2651.5	3821.0	5332.0	7071.5	9120.5	11615.5	14360.5	17239.5	20220.0	23331.5	26535.0	29523.0	32226.5	34766.5	37215.0	39578.0	41648.0	42974.0	43619.5	43920.0	43798.5	43115.5	42285.0	41050.5	39234.5	37436.0	35506.0	33485.0	31487.5	29338.5	26971.0	24541.0	22652.5	20381.0	17729.0	15630.5	13628.5	11790.5	10160.0	8693.5	7453.0	6386.0	5473.0	4528.5	3679.5	3106.5	2527.5	1992.0	1548.0	1208.0	955.5	732.5	557.5	446.5	366.0	296.5	234.5	166.0	113.0	86.5	74.5	62.0	47.0	34.0	27.0	19.0	11.5	8.5	7.0	4.5	3.0	2.0	0.5	0.0	0.0	0.0	0.0	0.0	0.0	0.0	0.0	0.0	0.0
Sor-CPnd_066-Ex1-8B-lcwgs-1-2-L2-clmp.r2	1.0	1.5	3.5	5.0	3.0	6.0	15.0	22.5	31.5	46.5	78.5	119.0	184.5	289.0	434.5	736.5	1198.5	1803.5	2686.0	3846.0	5359.5	7193.5	9184.0	11511.0	14254.0	17191.5	20102.5	23078.5	26268.0	29082.5	31707.0	34420.0	36991.0	39302.5	41115.0	42571.0	43286.0	43725.0	43965.0	43268.0	42174.0	40878.5	39300.5	37679.5	35860.5	33831.5	31763.5	29515.5	27286.5	25044.5	23029.0	20594.0	17838.0	15694.0	13715.0	11840.0	10162.0	8770.5	7544.5	6435.5	5530.5	4631.0	3792.0	3134.0	2559.0	2078.5	1610.5	1251.5	993.0	755.5	588.5	472.0	379.5	305.5	240.5	183.0	125.5	91.0	89.0	75.5	54.5	45.5	34.0	25.0	21.0	14.5	11.5	10.5	9.0	10.0	9.0	4.0	3.5	3.5	2.0	4.5	4.5	0.5	0.0	0.0	0.0
Sor-CPnd_066-Ex1-8B-lcwgs-1-2-L3-clmp.r1	0.0	0.0	0.5	2.0	3.5	7.0	11.5	15.5	27.5	45.5	69.5	111.0	153.0	237.5	380.5	611.0	973.0	1464.5	2126.5	3002.0	4192.0	5579.5	7196.5	9115.5	11121.0	13402.0	15848.5	18266.0	20790.0	23183.5	25300.0	27470.5	29665.0	31438.5	32953.5	34012.0	34487.0	34553.5	34550.0	34470.5	33624.0	32455.0	31219.0	29798.5	28241.5	26667.5	24942.0	23158.5	21582.0	19943.5	18388.0	16258.0	14082.0	12468.5	10824.5	9368.5	8147.5	7025.0	6003.5	5176.0	4418.5	3670.5	3031.5	2525.0	2062.0	1632.0	1271.0	1001.5	790.0	585.5	436.5	342.5	275.5	217.0	160.5	123.5	95.0	74.0	59.0	48.5	38.0	25.0	18.5	14.5	14.5	12.0	7.0	3.5	1.0	0.5	1.0	0.5	0.0	0.0	0.0	0.0	0.0	0.0	0.0	0.0	0.0
Sor-CPnd_066-Ex1-8B-lcwgs-1-2-L3-clmp.r2	1.0	0.5	1.0	2.0	2.5	6.0	13.0	19.5	27.5	41.0	69.5	98.0	140.0	222.5	357.0	594.0	948.0	1439.0	2058.0	2901.0	4093.0	5508.0	7110.5	8889.0	10918.5	13281.0	15674.5	18085.5	20709.0	23150.5	25128.0	27121.5	29173.0	31112.5	32639.0	33592.5	34255.5	34455.5	34589.0	34509.5	33809.0	32595.5	31373.5	30139.5	28495.5	26728.5	25132.0	23462.5	21687.0	20099.5	18568.0	16491.0	14336.5	12552.5	10847.0	9517.0	8313.0	7148.5	6124.5	5253.5	4492.5	3750.5	3053.5	2506.0	2076.0	1713.5	1331.0	1001.0	790.5	616.5	485.0	390.0	303.0	234.0	175.0	131.5	99.0	71.5	62.5	55.0	42.0	31.5	27.5	21.0	18.5	17.0	11.5	11.0	7.5	3.0	4.0	4.5	4.0	3.0	2.5	1.0	1.0	1.0	1.0	1.0	0.0
Sor-CPnd_069-Ex1-6B-lcwgs-1-2-L2-clmp.r1	0.0	1.5	2.5	6.0	8.0	9.0	17.0	27.0	34.5	53.0	76.5	117.0	178.5	307.0	517.0	794.5	1242.0	1909.5	2831.0	4088.5	5739.5	7750.0	10090.0	12840.0	15843.0	19183.0	22710.5	26217.0	29868.0	33302.0	36500.0	39707.0	42634.5	45056.0	47148.5	48543.0	49535.0	50257.5	50058.5	49299.5	48289.5	46664.0	44723.0	42665.5	40486.0	38328.5	35959.0	33639.0	31285.0	28905.5	26709.0	24044.0	21143.0	18492.0	16218.0	14290.5	12371.0	10797.0	9335.5	7940.5	6822.5	5705.0	4786.0	4038.0	3293.5	2671.0	2169.5	1750.0	1397.0	1082.0	795.0	615.0	496.0	389.5	304.0	247.5	215.0	172.5	128.0	93.5	75.0	64.5	42.0	24.0	20.5	18.5	12.0	7.5	4.5	2.0	1.5	0.5	0.0	0.0	0.0	0.0	0.0	0.0	0.0	0.0	0.0
Sor-CPnd_069-Ex1-6B-lcwgs-1-2-L2-clmp.r2	0.0	0.5	1.0	2.0	5.0	9.0	16.0	23.0	31.0	51.0	78.5	114.0	175.5	305.5	478.0	732.5	1187.0	1817.5	2716.5	3995.0	5647.0	7650.5	10017.0	12774.0	15851.5	19125.0	22638.5	26265.5	29860.0	33212.5	36265.0	39091.5	42107.0	44831.0	46745.5	48417.5	49954.5	50450.5	49599.0	48847.5	48267.0	46862.5	44827.5	42808.5	40655.0	38598.0	36462.0	34050.5	31622.5	29126.0	26862.5	24039.0	21035.5	18559.0	16325.0	14292.0	12396.5	10900.5	9467.0	8016.5	6838.0	5793.5	4848.5	4037.0	3307.0	2702.0	2200.0	1780.0	1409.5	1097.5	836.5	653.0	506.0	384.0	313.5	268.0	228.0	172.0	135.0	106.5	86.0	71.5	50.0	34.0	28.5	25.5	22.0	16.0	11.0	8.5	6.0	6.0	7.0	5.5	3.5	3.0	3.0	2.0	0.5	0.5	1.0
Sor-CPnd_069-Ex1-6B-lcwgs-1-2-L3-clmp.r1	0.0	0.5	1.0	2.0	5.0	6.5	9.5	18.0	28.0	42.5	70.5	103.5	146.5	224.0	373.0	635.0	1034.5	1560.5	2332.0	3358.0	4613.0	6136.5	7943.0	10128.0	12612.0	15342.5	18141.0	20964.0	23851.5	26594.0	29434.5	32226.5	34389.5	36379.5	38198.0	39417.5	40183.5	40461.5	40349.5	39880.0	39126.0	38142.5	36697.0	34919.0	33190.0	31444.0	29504.0	27569.0	25665.0	23642.5	21831.5	19604.5	17064.5	15044.5	13256.5	11658.5	10195.0	8827.5	7662.5	6602.5	5571.5	4674.0	3967.0	3361.5	2744.5	2190.0	1765.0	1417.0	1082.0	843.0	682.0	535.5	409.0	314.0	262.0	223.5	188.5	137.0	99.5	86.0	70.5	54.5	41.0	32.0	21.0	13.5	8.5	5.5	4.0	3.0	1.5	0.0	0.0	0.5	1.0	0.5	0.0	0.0	0.0	0.0	0.0
Sor-CPnd_069-Ex1-6B-lcwgs-1-2-L3-clmp.r2	0.0	0.0	0.5	2.0	4.0	8.0	10.5	16.5	27.5	43.0	62.0	89.5	136.0	221.5	378.5	611.5	978.0	1490.0	2190.0	3188.0	4536.5	6109.5	7916.0	10110.5	12641.0	15259.0	18053.5	21003.5	23857.0	26373.0	29112.5	31927.0	34290.0	36173.5	37698.0	39190.0	39973.5	40179.0	40329.5	39987.5	39151.0	38172.5	36807.0	35097.5	33417.5	31570.5	29550.5	27542.5	25639.0	23861.0	22049.5	19740.0	17214.0	15224.0	13441.5	11774.5	10261.0	8959.5	7824.5	6697.0	5611.5	4704.0	4026.0	3382.0	2758.5	2243.5	1804.5	1464.5	1140.5	870.0	713.0	570.5	439.5	346.0	284.0	235.5	205.5	151.0	105.0	89.5	75.0	63.0	49.5	37.5	31.0	26.0	15.0	10.0	10.5	9.0	7.5	5.0	3.0	3.0	4.0	3.5	2.5	2.0	1.5	0.5	0.0
Sor-CPnd_072-Ex1-8C-lcwgs-1-2-L2-clmp.r1	4.0	3.5	5.0	11.0	14.5	32.0	50.0	60.0	98.0	146.0	220.0	338.0	533.0	839.5	1324.5	2132.5	3270.0	4827.0	7152.5	10262.5	13916.0	18442.0	24052.5	30589.5	37955.0	46120.0	54281.0	62244.0	70568.5	78734.0	86306.5	93899.0	101158.5	107257.5	112007.5	115630.5	117996.5	118801.5	118378.5	116689.0	114084.0	110536.0	106039.0	101173.0	95541.0	89363.0	83121.5	77164.5	71645.0	65639.5	60173.0	53464.0	45707.5	39904.5	34794.0	29959.5	25852.0	22267.0	18973.5	16155.0	13552.5	11083.5	9144.5	7549.5	6104.0	4824.0	3662.5	2820.5	2230.0	1667.0	1261.0	957.0	728.0	548.0	404.5	313.0	256.5	197.0	144.0	103.5	74.5	54.5	32.5	20.5	16.5	15.0	8.0	2.0	1.0	1.0	1.0	0.5	0.0	0.5	1.0	1.0	0.5	0.0	0.0	0.0	0.0
Sor-CPnd_072-Ex1-8C-lcwgs-1-2-L2-clmp.r2	1.0	1.5	4.5	10.0	17.5	32.0	53.5	68.0	84.0	130.5	226.0	342.5	499.0	782.5	1239.0	2027.0	3137.0	4645.0	6934.0	10015.5	13610.5	18105.5	23680.0	30094.5	37337.0	45370.5	53631.0	61731.5	70144.5	78129.0	85599.0	92661.0	99406.5	106018.0	110845.0	114361.0	116977.5	118091.0	118323.5	117031.0	114571.0	111149.0	106556.0	101418.5	95962.0	90132.5	84051.0	78160.0	72220.0	66426.0	60983.0	53981.5	46609.5	40654.0	35311.5	30701.0	26409.0	22548.5	19341.0	16377.5	13643.5	11376.0	9467.5	7808.0	6303.5	4998.5	3850.0	2980.5	2352.0	1766.0	1344.0	1086.0	834.5	603.5	475.0	400.0	321.5	250.5	191.0	148.5	116.5	91.0	74.0	64.5	58.5	49.0	40.5	33.0	29.0	25.5	20.0	18.0	21.5	22.0	20.0	17.0	13.0	11.0	9.0	4.5	2.0
Sor-CPnd_072-Ex1-8C-lcwgs-1-2-L3-clmp.r1	2.0	2.0	4.5	9.0	14.0	20.5	32.5	57.0	78.5	109.0	170.5	267.0	421.5	668.5	1073.5	1661.5	2499.5	3806.5	5640.5	7895.0	10821.0	14444.0	18562.5	23597.0	29468.0	35625.0	41994.0	48402.5	54602.0	60623.5	66855.0	72891.5	78203.5	83011.5	86690.0	89559.5	91453.5	91993.0	91939.5	90946.0	88810.0	85879.5	82453.5	78564.0	74535.0	70216.0	65193.5	60400.5	56012.0	51627.5	47418.5	41883.5	36036.5	31686.0	27471.0	23628.5	20567.0	17742.0	15180.0	12850.0	10815.5	8969.5	7343.5	6037.5	4853.5	3820.5	3016.5	2391.5	1849.0	1396.5	1045.5	778.0	602.5	482.5	369.5	267.0	216.5	169.0	118.0	86.0	55.0	41.5	33.5	22.0	12.0	6.0	6.0	6.0	3.0	2.0	1.5	1.0	0.5	0.0	0.0	0.0	0.0	0.0	0.0	0.0	0.0
Sor-CPnd_072-Ex1-8C-lcwgs-1-2-L3-clmp.r2	1.0	2.0	4.5	10.0	13.0	19.0	32.0	52.5	69.0	99.0	164.5	251.5	386.0	617.5	1001.0	1593.5	2450.5	3679.0	5407.0	7660.5	10533.5	14133.5	18360.5	23323.0	28949.5	34956.0	41314.5	47945.5	54174.0	60160.5	66420.5	72240.0	77322.0	81699.0	85497.0	88712.0	90794.5	91547.0	91637.0	91115.0	89315.0	86297.5	82529.5	78619.5	74584.5	70390.0	66079.5	61393.5	56822.0	52464.5	48232.5	42727.0	36672.5	32086.5	27942.0	24038.0	20790.0	17976.5	15471.5	13182.5	11046.5	9171.5	7589.5	6159.5	4968.5	4021.0	3182.5	2487.0	1918.5	1461.0	1102.5	864.5	680.0	535.0	414.0	334.0	264.0	201.5	163.5	125.0	94.5	76.0	56.0	40.0	34.0	28.5	27.0	26.0	18.5	14.5	14.5	14.5	13.5	13.5	13.5	12.0	10.5	9.0	6.5	4.0	1.5
Undetermined-L2-clmp.r1	165.0	297.5	622.0	1110.0	1902.0	3131.0	4881.0	7129.5	10318.5	14946.0	21486.0	31732.0	47588.5	73835.5	116978.5	184530.5	287795.0	433310.0	635075.0	905637.0	1247874.0	1662102.0	2145873.0	2703409.0	3318293.5	3986135.5	4682590.0	5377484.0	6075135.0	6734056.5	7345709.5	7924380.5	8452545.5	8896553.0	9245478.0	9483624.0	9596186.5	9588773.0	9475455.0	9279304.5	8999269.5	8635643.5	8212255.5	7766814.0	7307648.5	6834298.0	6353862.0	5879516.0	5411746.0	4948224.5	4524552.5	4024881.5	3493628.0	3059480.0	2656900.5	2296995.0	1984906.5	1710508.5	1470688.0	1257006.0	1066817.5	899280.0	753069.0	623638.5	508729.0	412357.5	330424.5	263934.0	208836.0	161875.5	125527.5	97282.0	75164.5	58215.5	45092.0	34814.0	27008.5	20718.0	15613.5	11441.5	8261.5	5868.5	4085.0	2870.5	1993.0	1381.0	941.5	582.0	349.0	210.0	114.5	58.0	34.0	21.0	14.5	10.0	6.0	5.0	7.0	4.5	2.0
Undetermined-L2-clmp.r2	178.0	298.5	606.5	1073.0	1764.5	2812.5	4444.5	6720.0	9686.5	14120.5	20525.5	30024.5	45430.5	70908.5	112276.0	178326.5	280162.5	424740.0	626107.0	897608.0	1240092.5	1653572.0	2138989.0	2697174.0	3311837.0	3980298.5	4677052.0	5370832.5	6066199.5	6722198.5	7330941.0	7903875.0	8426487.0	8870790.0	9217086.0	9455158.5	9570682.5	9565966.5	9461923.0	9272293.0	8992054.5	8629809.5	8212440.0	7771908.5	7316001.0	6843296.5	6363362.0	5895613.0	5432576.0	4966351.5	4535464.0	4037366.5	3510366.0	3073729.0	2671174.0	2310333.5	1997242.0	1722474.5	1480730.0	1265632.5	1074803.0	905753.5	759421.0	630828.0	515044.0	417947.0	335196.0	268572.5	213230.0	166209.0	130111.5	101470.0	79010.0	61753.0	48597.5	38180.5	29947.0	23285.5	18101.5	13932.0	10574.5	8016.5	5994.5	4597.0	3627.0	2911.0	2383.5	2034.0	1769.5	1566.5	1478.5	1384.5	1280.0	1177.0	1059.5	896.0	705.5	540.0	369.0	220.0	134.0
Undetermined-L3-clmp.r1	173.0	281.5	551.0	1012.5	1820.0	3025.5	4655.0	6819.5	9898.0	14210.5	20445.0	30211.0	45428.5	70554.0	111520.0	175930.5	274757.0	413743.0	607003.0	867692.5	1196740.0	1594551.5	2060084.5	2596972.0	3189337.5	3830881.5	4506078.0	5183136.0	5857814.5	6495359.0	7092277.5	7659723.0	8173367.5	8610410.0	8951709.5	9183265.5	9304088.5	9307269.5	9203879.5	9016481.5	8747493.0	8402776.0	8000838.0	7573925.0	7131722.5	6670337.0	6200608.0	5741312.0	5289258.5	4838099.5	4423437.0	3935758.5	3417400.5	2991959.5	2598136.5	2246661.0	1942849.0	1674082.0	1438299.5	1229512.5	1042914.0	878811.5	736796.5	611585.5	499052.0	403872.5	322404.5	257902.0	204311.0	158070.0	122732.5	95368.5	73678.0	56951.5	44105.0	34110.0	26778.0	20442.5	15271.0	11354.0	8361.5	6041.0	4162.0	2855.0	1991.5	1387.0	914.0	559.0	335.0	200.0	122.5	75.0	41.5	24.5	17.0	14.5	8.5	4.0	3.5	4.0	4.0
Undetermined-L3-clmp.r2	165.0	274.5	560.5	983.5	1651.5	2764.5	4281.5	6367.0	9343.5	13610.5	19518.0	28715.5	43518.0	67444.5	106398.5	169229.5	266421.0	404319.0	597714.0	859384.0	1188630.5	1585075.5	2051888.0	2589805.5	3181413.0	3824938.0	4500368.5	5173879.5	5845530.0	6481385.0	7073256.0	7634108.0	8146517.0	8582263.5	8924465.0	9157670.5	9273762.0	9280953.5	9188739.5	9007377.5	8742881.5	8397908.0	7992540.0	7569758.0	7133784.5	6679427.5	6214836.0	5755938.0	5306916.0	4857601.5	4439100.5	3950910.0	3435584.0	3009549.0	2615575.5	2263985.0	1958212.0	1687786.5	1450890.5	1241097.5	1053411.5	887575.0	745348.5	619998.0	506332.5	411402.0	329002.0	263144.5	209709.5	163337.0	127631.0	99727.5	78092.0	61169.0	47965.5	37813.0	29995.5	23311.5	18011.5	13887.5	10756.0	8280.0	6213.5	4801.5	3782.5	3013.0	2444.0	2065.0	1763.5	1548.5	1446.5	1331.5	1286.5	1253.5	1117.5	970.5	811.5	621.0	403.0	238.5	148.5
