Sample	1	2	3	4	5	6	7	8	9	12	17	22	27	32	37	42	47	52	57	62	67	72	77	82	87	92	97	102	107	112	117	122	127	132	137	142	147	150
Sor-ACeb_001-Ex1-8E-lcwgs-1-2-L2-clmp.r1	0.0	0.06290583894564679	0.015662270104834505	0.004108136420940199	0.0	0.0	0.0	0.12658195347021986	0.10783858104968021	0.06133961193516334	0.0010013582526041734	0.0	5.135170526175248e-05	0.0009243945408339733	0.007745809799967679	0.0006994035900645317	0.004018513528207601	0.0020444028151426767	0.0014217494208461918	0.0017592099036480733	0.011023294639789507	0.0002746705669887179	0.049631538524038524	0.0015719878747335264	0.0	0.0	0.00014041039149225357	0.001566164257658749	0.0	0.02277788740732388	0.05553205338935435	0.0025782420635642833	0.00035027128511031793	0.00040447102268475734	0.021935607324625985	0.0018975229193661188	0.0018747597964010863	0.0
Sor-ACeb_001-Ex1-8E-lcwgs-1-2-L2-clmp.r2	0.2550895958877554	0.014635235999599455	0.0	0.0	0.0001283792631543812	0.0	0.20155544315237847	0.001283792631543812	0.0005135170526175248	0.02844884471501087	0.0036973227788461784	0.001386496042067317	0.04580572109348321	0.0032097073876679446	0.062404591742727354	0.0015801123433972675	0.028944510326912747	0.0014526371686272336	0.05450391954273581	0.052905304783237815	0.04950603904568942	0.06909276596679907	0.02242194575728876	0.03907259557287847	0.0025796896481606814	0.016968802322945974	7.007841073377001e-05	0.000246686182284643	0.004717176394479171	0.0	0.04790730977022717	0.001505511678254088	0.0020832971649797746	0.022213816994170372	0.003458197310905771	0.0	0.0547274295732188	0.0
Sor-ACeb_001-Ex1-8E-lcwgs-1-2-L3-clmp.r1	0.0	0.05810625143118846	0.005295397297916189	0.00028623769177925346	0.00042935653766888027	0.0007155942294481337	0.0067265857568124575	0.020895351499885507	0.0	0.00455117929929013	0.0028337531486146094	0.0	0.0010018319212273872	0.011593489325402051	0.010989256925383805	0.001415786423128287	0.0477807190572914	0.0023478509788883045	0.0015650236005558965	0.001555563572408009	0.08117778864275237	0.0	0.0048187395426659224	0.005992787989626278	0.0	0.0027851253782823254	0.0031769676902385904	0.0	0.00012271052831790862	0.00014317991128572698	0.06913882277858292	0.0	0.0011144296349128516	0.07407695196653587	0.03547239916669923	0.00035046278610905703	0.0008096248198584775	0.0
Sor-ACeb_001-Ex1-8E-lcwgs-1-2-L3-clmp.r2	0.14039958781772383	0.01889168765743073	0.0	0.0	0.0021467826883444013	0.055530112205175175	0.0	0.0007155942294481337	0.0007155942294481337	0.0051522784520265635	0.0	0.0028051293794366843	0.005324021067094115	0.0523282342885049	0.004619557888225063	0.004623236560323558	0.00046932657503065287	3.010290980746781e-05	3.130490097007627e-05	0.029063147134996	0.0034644205792296917	0.0007098995492137863	0.02783708524304363	0.11310371042144818	0.0558879751164282	7.318335137302945e-05	0.028966341815159523	0.0003123558607850752	0.000244261980744828	0.00455164840791873	0.03363372869451672	0.0013357682480254483	0.0002203244939146375	0.0012754939350263388	0.0002951184457882171	0.004466632537012923	0.008357244337966961	0.0
Sor-ACeb_002-Ex1-9E-lcwgs-1-2-L2-clmp.r1	0.0	0.05792587387353167	0.01804248530487052	0.002848813469190082	0.0	0.0	0.0	0.07691796366813222	0.05602666489407162	0.05108872154747548	0.001139525387676033	0.0	0.000379841795892011	0.0005698709242356607	0.006881338955642124	0.0007784569814941314	0.003420757154412978	0.0012667528058574649	0.0015758951084215837	0.0012184067139083563	0.0018850547473757346	0.00030421489740352586	0.011950160799957824	0.00248000496000992	0.0	0.0	0.0	0.002183104228672891	0.0	0.003576601870562778	0.0029619390827861974	0.00869678653737444	0.0	0.0	0.05609170274274044	0.0	0.0034453057708871662	0.0
Sor-ACeb_002-Ex1-9E-lcwgs-1-2-L2-clmp.r2	0.19182010692546553	0.013294462856220384	0.0	0.0	0.0	0.0	0.11585174774706335	0.0009496044897300274	0.0	0.015383592733626446	0.0034185761630280993	0.001519367183568044	0.03000750187546887	0.0020895346606310773	0.04530162856487499	0.0005838018343053634	0.015290212252288502	0.001055551567916299	0.024766798080798305	0.025586478642600757	0.07997608795753997	0.0267611416059726	0.0077264553832321866	0.011561170981460837	0.0014511752100576118	0.0044967314383357595	0.0	0.0	0.0008035032742758427	0.0	0.008844165798628172	0.0	0.0011904195038331508	0.0013034750645220157	0.0014264521282665752	0.0	0.04099550757562817	0.0
Sor-ACeb_002-Ex1-9E-lcwgs-1-2-L3-clmp.r1	0.0	0.04556888192191316	0.00273413291531479	0.0009113776384382633	0.0	0.0	0.00546826583062958	0.00546826583062958	0.0	0.006561918996755496	0.00273413291531479	0.0	0.0009113776384382633	0.008021570732934564	0.011004449465733979	0.0009330325236477094	0.04395578972938271	0.00283283252901124	0.0025890973112224426	0.002338590484743036	0.13232528805899696	0.0	0.005347522091950642	0.005441944173426986	0.0	0.0010234209893410704	0.0034952813701502974	0.0	0.0	0.0	0.10202163932665718	0.0	0.0	0.09584511429529881	0.04064614254995542	0.0	0.0	0.0
Sor-ACeb_002-Ex1-9E-lcwgs-1-2-L3-clmp.r2	0.08566949801319675	0.016404797491888737	0.0	0.0	0.0009113776384382633	0.02551857387627137	0.0	0.0009113776384382633	0.0	0.005650541358317232	0.0	0.0029164084430024426	0.006197367941380191	0.037920152555690666	0.004768769694101766	0.0007465151738540526	0.0005784872173607871	0.0	0.0002157436792495572	0.04114206636028295	0.0025776251823669814	0.0011618348858351995	0.05644000494267499	0.08230740261908367	0.10161100442701688	0.0	0.044735710716817145	0.0	0.0	0.0	0.05605879945186951	0.001965988400668436	0.0010809642200843152	0.0	0.0	0.0	0.004665847551207677	0.0
Sor-ACeb_003-Ex1-10E-lcwgs-1-2-L2-clmp.r1	0.0	0.05693692507693067	0.013822837301913804	0.003291151738550906	0.0	0.0	0.0	0.14777271306093567	0.0803041024206421	0.05568628741628133	0.0005924073129391631	0.0	0.0	0.0007243184657091176	0.01711340192455853	0.0007552418936797925	0.0039837607425730025	0.002031351567578379	0.0007744180463497806	0.001445904379451578	0.01956714829699853	0.0001275505323321467	0.05337864252849367	0.0017940373375050682	0.0	0.0	0.0	0.0012437140618457546	0.0	0.02072843741014891	0.04973759132850822	0.0054795721550061375	0.0	0.0	0.026849241508927372	0.0	0.0035129628328532288	0.0
Sor-ACeb_003-Ex1-10E-lcwgs-1-2-L2-clmp.r2	0.35116589050338165	0.0072405338248119925	0.0	0.0006582303477101812	0.0	0.0	0.2659250604749132	0.0013164606954203623	0.0	0.040217874245092065	0.003356974773321924	0.0017772219388174893	0.04087610459280225	0.002436337513078852	0.058998110861845206	0.00137318122147216	0.04019944720327738	0.0011718365491132322	0.04955704092843739	0.05849976532631208	0.04395068293867452	0.05915281441186932	0.01983816863645654	0.049475399433184006	0.003256190560954802	0.060768495913384984	0.00032884568587344704	0.0	0.0031361234378185126	0.0	0.034880852113694565	0.0010837641295748394	0.0013782647646612915	0.043544145054256	0.0	0.0	0.05445881552076243	0.0
Sor-ACeb_003-Ex1-10E-lcwgs-1-2-L3-clmp.r1	0.0	0.05330310574931347	0.0037109757167243557	0.0006747228575862465	0.0010120842863793696	0.00033736142879312324	0.00843403571982808	0.06646020147224528	0.0	0.005667672003724471	0.0025639468588277365	0.0	0.0010795565721379943	0.019574649613771915	0.008603466240954412	0.00119733908995186	0.03502340470622353	0.0022470791983063444	0.001238227989613036	0.0014895715098594737	0.06080792862782825	0.0	0.004502056974307227	0.005023882046692332	0.0	0.002219041595934716	0.0027657639904442853	0.0	0.0	0.0	0.03788288775841541	0.0	0.0	0.05187202430574853	0.020974131903985085	0.0	0.0	0.0
Sor-ACeb_003-Ex1-10E-lcwgs-1-2-L3-clmp.r2	0.23210466300966878	0.014506541438104299	0.0	0.0	0.0010120842863793696	0.08096674291034957	0.0	0.0006747228575862465	0.00033736142879312324	0.004992949146138224	0.0	0.0033736142879312323	0.005870088861000344	0.053323793549170946	0.003687018553896701	0.013662318199616328	0.0008179223137386411	0.0	8.842147333164153e-05	0.01985424995110891	0.003515895249004775	0.0010529779532741034	0.01938576588508428	0.09101800856312285	0.03607503607503607	0.00027670401248488505	0.014812926517549873	0.0	0.0016442410457373053	0.011895348918572838	0.024978144123891592	0.0	0.0	0.0	0.0	0.011327594019030359	0.028433323855558714	0.0
Sor-ACeb_004-Ex1-11E-lcwgs-1-2-L2-clmp.r1	0.0	0.06046203068448057	0.01847450937581351	0.0037788769177800356	0.0	0.0	0.0	0.16291158267762823	0.08775391953511416	0.07020313562809133	0.0005878252983213389	0.0	0.0008397504261733413	0.000840100341584799	0.006467226478867487	0.0006164478863763255	0.003358547316334108	0.0031312561993822336	0.0012295393474946459	0.0012664752600390328	0.010380520212355785	0.00018256903848190193	0.03080012417057933	0.0021230596119754717	0.0	0.0	0.0	0.0	0.0	0.0021737712757863618	0.014954761845417611	0.002838409355397235	0.0	0.0	0.19894472796470894	0.0	0.0	0.0
Sor-ACeb_004-Ex1-11E-lcwgs-1-2-L2-clmp.r2	0.2502456269996557	0.013016131605686791	0.0	0.00041987521308667065	0.00041987521308667065	0.0	0.20321960313394857	0.002519251278520024	0.0	0.027039963722781588	0.0026872013637546923	0.0015115507671120145	0.04333112199054441	0.0023522947895830305	0.08263042161087625	0.0014969928056286928	0.026957496702603778	0.00131279051801704	0.03687303273990098	0.055697471587960234	0.05379387609329014	0.08296742571224344	0.022512381809995496	0.022929711614780843	0.002171906390834555	0.011934598400763814	0.0	0.0	0.0018431820695248276	0.0	0.03152814493245701	0.0	0.0	0.021449254638401315	0.0	0.0	0.07811628166499274	0.0
Sor-ACeb_004-Ex1-11E-lcwgs-1-2-L3-clmp.r1	0.0	0.05266152276435379	0.007993266848160844	0.0	0.0	0.0004701921675388731	0.004231729507849859	0.003291345172772112	0.0	0.009027689616746364	0.0028211530052332386	0.0	0.0015986533696321686	0.008091018311103418	0.010590026675418545	0.0018810707846936279	0.06595722263196713	0.0019486049707766566	0.0008916924832871353	0.0018864502085978595	0.14494958386820528	0.0	0.003972341156008024	0.004137445954612217	0.0	0.0028737559031735845	0.004331504475887959	0.0	0.0	0.0	0.01169214580105814	0.0	0.0	0.02205363443895554	0.020737207734978485	0.0	0.0	0.0
Sor-ACeb_004-Ex1-11E-lcwgs-1-2-L3-clmp.r2	0.09591920217793012	0.01786730236647718	0.0	0.0	0.003291345172772112	0.05783363660728139	0.0	0.0	0.0004701921675388731	0.01015615081883966	0.0	0.0034794220397876613	0.010062112385331884	0.052685551928197114	0.004960979984353833	0.0007920133375046035	0.0002107357205475757	0.0	0.0	0.029452303228146536	0.002562530002955451	0.0006361404089110549	0.04616439054507967	0.2215163765365894	0.057500757402449656	0.0	0.0028412319581770655	0.0	0.0	0.0049448647579488705	0.04790486657085693	0.0	0.0	0.0	0.0	0.005666364460562103	0.006724949562878279	0.0
Sor-ACeb_005-Ex1-12E-lcwgs-1-2-L2-clmp.r1	0.0	0.053827611224227113	0.009361323691169932	0.002340330922792483	0.0	0.0	0.0	0.0959535678344918	0.07020992768377449	0.050551147932317624	0.0004680661845584966	0.0	0.0009361323691169932	0.0004681341110601365	0.004701833244782141	0.0	0.0043863069245165314	0.0015151515151515152	0.0021207558373804425	0.0	0.005502399657628465	0.0006764298034971421	0.014545454545454545	0.0	0.0	0.0	0.0	0.0	0.0	0.0016736681785469213	0.007204610951008646	0.0038663779771110425	0.0	0.0	0.07545924021977504	0.005050249987374375	0.0027043838061497688	0.0
Sor-ACeb_005-Ex1-12E-lcwgs-1-2-L2-clmp.r2	0.2410540850476257	0.007020992768377449	0.0	0.0	0.0	0.0	0.14744084813592642	0.002340330922792483	0.0	0.014510051721313392	0.002340330922792483	0.0004680661845584966	0.03931755950291371	0.0	0.04890251471777607	0.0014286462624232697	0.013158407735194355	0.0010099173887575996	0.027034333603676672	0.026565379093611875	0.08012330426060257	0.023672801304033167	0.013775685914361154	0.010533985269977264	0.0	0.00455788514129444	0.0	0.0	0.0030806198207079267	0.0	0.005380200860832137	0.0019228920296125375	0.0	0.006586169045005489	0.0	0.0	0.0187914418404875	0.0
Sor-ACeb_005-Ex1-12E-lcwgs-1-2-L3-clmp.r1	0.0	0.05478131299850995	0.002191252519940398	0.0	0.0	0.0	0.008765010079761592	0.006573757559821194	0.0	0.0030677535279165576	0.0013147515119642387	0.0	0.0008765010079761591	0.007012807139037667	0.006599498438118703	0.0017809359708995062	0.030503906321137843	0.003298292897833022	0.0019729508439297236	0.0020959087860496313	0.1210263486803038	0.0	0.004183312765378903	0.005545213292668436	0.0	0.002028479857195018	0.0011370225926389157	0.0	0.0	0.0	0.07980845969672785	0.0	0.0	0.10466448121963742	0.04625152419795652	0.0	0.0	0.0
Sor-ACeb_005-Ex1-12E-lcwgs-1-2-L3-clmp.r2	0.1161363835568411	0.006573757559821194	0.0	0.0	0.0	0.03067753527916557	0.0	0.004382505039880796	0.002191252519940398	0.0035060040319046365	0.0	0.004382505039880796	0.005259006047856955	0.03594063658756804	0.0035197325003299747	0.0022262988227331826	0.0004553340102632286	0.0	0.0	0.04190302592225941	0.0022613434641520526	0.0012437888295325221	0.039716825998494944	0.08074922615324936	0.07631668731706441	0.0	0.043146026591577444	0.0	0.0	0.0014752526370140886	0.04451085746987569	0.0017143542884572526	0.0018433859312785724	0.0	0.0	0.0	0.009567775731336858	0.0
Sor-ACeb_006-Ex1-1F-lcwgs-1-2-L2-clmp.r1	0.0	0.06656937296771386	0.012801802493791125	0.0	0.0	0.0	0.0	0.012801802493791125	0.007681081496274676	0.035845046982615154	0.000512072099751645	0.0	0.0	0.0015366333387969186	0.002063067988405558	0.0005250997689561017	0.0032520148942282155	0.002261381817359497	0.0011957002618583573	0.0012768619839881507	0.0013815684947120466	0.0	0.07213373258515554	0.0018755919837198617	0.0	0.0	0.0	0.0014979253733578993	0.0	0.0018796639160918028	0.07522253332776128	0.002314654074948499	0.0	0.0	0.015497628862783995	0.0	0.0	0.0
Sor-ACeb_006-Ex1-1F-lcwgs-1-2-L2-clmp.r2	0.10753514094784546	0.0102414419950329	0.0	0.0	0.0	0.0	0.015362162992549352	0.002560360498758225	0.0	0.003584504698261515	0.005632793097268096	0.00204828839900658	0.006656937296771385	0.0025610555646615307	0.07736026158083116	0.001050039638996372	0.0032519620170836402	0.002827254735651682	0.0849165485609037	0.048521065165067385	0.07528404185516456	0.07868356345753735	0.00502883196996111	0.06746626686656672	0.0031520220221271946	0.08037825059101655	0.0	0.0	0.00669882100750268	0.0	0.04797163416414642	0.0023093621541730174	0.0	0.0028111207938605123	0.0	0.0	0.11410482921083628	0.0
Sor-ACeb_006-Ex1-1F-lcwgs-1-2-L3-clmp.r1	0.0	0.05238344683080147	0.0030813792253412626	0.0	0.0	0.0	0.0030813792253412626	0.0030813792253412626	0.0	0.006162758450682525	0.00246510338027301	0.0	0.0006162758450682525	0.011712128216982585	0.011790477017878087	0.0006325070682664879	0.058768601894960915	0.0020524609006198433	0.002898130705694827	0.0007757590802600344	0.12281188751776988	0.0	0.0010315659170621002	0.0046308623823471525	0.0	0.004414491303452132	0.0	0.0	0.0	0.0	0.06644341678626481	0.0	0.0	0.06793478260869565	0.051269916390597886	0.0	0.0	0.0
Sor-ACeb_006-Ex1-1F-lcwgs-1-2-L3-clmp.r2	0.07395310140819031	0.01232551690136505	0.0	0.0	0.0030813792253412626	0.015406896126706314	0.0	0.0	0.0	0.006162758450682525	0.0	0.0030813792253412626	0.006779034295750779	0.028356203227675653	0.005585898709036743	0.0006326071003820948	0.0	0.0	0.0	0.049659367774174026	0.0016826235466339116	0.0009249410350090181	0.041267745130406076	0.1701960148661009	0.06777363605557439	0.0	0.04825050330266376	0.0	0.0	0.0	0.03705860553761449	0.0	0.0	0.0	0.0	0.0	0.004693733865289838	0.0
Sor-ACeb_007-Ex1-2F-lcwgs-1-2-L2-clmp.r1	0.0	0.065603883749918	0.0459227186249426	0.0	0.0	0.0	0.0	0.0	0.0	0.02099324279997376	0.0	0.0	0.0	0.0	0.005295488244016098	0.0	0.0014063313035284851	0.0	0.0015849870031065746	0.001713208840157615	0.0037546698706516233	0.0	0.0023496240601503762	0.0026675202731540762	0.0	0.0	0.0	0.004268761205498164	0.0	0.0	0.011295606009262398	0.006128201985537444	0.0	0.0	0.09474182851729039	0.0	0.009384384384384385	0.0
Sor-ACeb_007-Ex1-2F-lcwgs-1-2-L2-clmp.r2	0.0524831069999344	0.0131207767499836	0.0	0.0	0.0	0.0	0.0459227186249426	0.0	0.0	0.0065603883749918	0.00262415534999672	0.0	0.00393623302499508	0.0026250164063525397	0.02516289664671293	0.001353802832155525	0.007032546625784128	0.0	0.02377970481459757	0.013704731558570596	0.02251914127007957	0.008346548702111677	0.01174370537391958	0.005325238970098783	0.0030295685894328648	0.0034358357670503346	0.0	0.0	0.014111006585136405	0.0	0.0056208195154853575	0.0	0.0	0.0	0.0078003120124804995	0.0	0.0367680853019579	0.0
Sor-ACeb_007-Ex1-2F-lcwgs-1-2-L3-clmp.r1	0.0	0.03604902667627974	0.00600817111271329	0.0	0.0	0.0	0.0	0.0	0.0	0.009613073780341265	0.0024032684450853163	0.0	0.0012016342225426582	0.008413562663012778	0.004847368484833796	0.001237286877335379	0.016681423310364298	0.0	0.0	0.0	0.18788401970243235	0.0	0.006299212598425197	0.004746084480303749	0.0	0.0	0.0	0.0	0.0	0.0	0.13467315860354295	0.0	0.0	0.09635237439779766	0.030025521693439427	0.0	0.0	0.0
Sor-ACeb_007-Ex1-2F-lcwgs-1-2-L3-clmp.r2	0.07810622446527277	0.01201634222542658	0.0	0.0	0.0	0.01201634222542658	0.0	0.0	0.0	0.009613073780341265	0.0	0.0012016342225426582	0.009613073780341265	0.03125037560547603	0.0036355704209990545	0.0	0.0	0.0	0.0	0.029442757081757885	0.003384839304754007	0.0	0.0649663641888635	0.07580603131736668	0.0990178499745765	0.0	0.06157003591585428	0.0	0.0	0.0	0.06701376359606165	0.0	0.006180469715698394	0.0	0.0	0.0	0.00889521437466643	0.0
Sor-ACeb_008-Ex1-3F-lcwgs-1-2-L2-clmp.r1	0.0	0.0771373473323334	0.023569745018212983	0.00642811227769445	0.0	0.0	0.0	0.010713520462824084	0.00642811227769445	0.0385686736661667	0.00042854081851296334	0.0	0.0	0.0	0.0034628286981928363	0.0	0.002793452148164702	0.0019846684363293557	0.0005369559964560905	0.0017664723547076487	0.001964057743297653	0.0	0.07160970185090018	0.003877547063727486	0.0	0.0	0.0	0.0	0.0	0.0	0.04899425678434362	0.0	0.0	0.0	0.035052359461946285	0.0	0.0	0.0
Sor-ACeb_008-Ex1-3F-lcwgs-1-2-L2-clmp.r2	0.0771373473323334	0.0128562245553889	0.0	0.0	0.0	0.0	0.01928433683308335	0.004285408185129634	0.0	0.00514248982215556	0.00257124491107778	0.00128562245553889	0.002142704092564817	0.00042868227355930607	0.07098921743045004	0.0013337779259753252	0.006517751561932606	0.0009923145240115308	0.0622902403007115	0.04298998274511651	0.0694007961449822	0.07673351336196084	0.005893744211501221	0.04358733448920487	0.002235611048389801	0.007808026651397637	0.0	0.0	0.004109898690997267	0.0	0.07591161718855904	0.006185056902523503	0.0	0.0	0.004334070125254627	0.0	0.0908896492728828	0.0
Sor-ACeb_008-Ex1-3F-lcwgs-1-2-L3-clmp.r1	0.0	0.0680786686838124	0.0075642965204236	0.0	0.0	0.0025214321734745334	0.01260716086737267	0.0025214321734745334	0.0	0.0045385779122541605	0.0025214321734745334	0.0	0.002017145738779627	0.012107087186161599	0.012741905067710483	0.002618939120141213	0.06210429124164614	0.0023489341711198544	0.0019126919864581407	0.0028165840468679587	0.1284658186346369	0.0	0.004111630775556355	0.008326691805345737	0.0	0.0032204563386631887	0.001892326615573848	0.0	0.0	0.0	0.07148449467270314	0.0	0.0	0.07419131467009595	0.08361204013377926	0.0	0.0	0.0
Sor-ACeb_008-Ex1-3F-lcwgs-1-2-L3-clmp.r2	0.09833585476550681	0.017650025214321734	0.0	0.0	0.0075642965204236	0.0075642965204236	0.0	0.0	0.0	0.007060010085728694	0.0	0.003530005042864347	0.008068582955118508	0.030267717965403996	0.007645766539067319	0.001047531753306272	0.0005495683140892829	0.0	0.0	0.03237498680367386	0.003151616385253587	0.0017865597112919505	0.03696591947590541	0.1817469085207227	0.06746987951807229	0.0	0.03208636895549432	0.0	0.0	0.0	0.037086985839514496	0.0	0.0	0.0	0.0	0.0	0.0068180268630258405	0.0
Sor-ACeb_009-Ex1-4F-lcwgs-1-2-L2-clmp.r1	0.0	0.04922990365004572	0.02109853013573388	0.014065686757155919	0.0	0.0	0.0	0.0	0.014065686757155919	0.043603628947183344	0.0014065686757155917	0.0	0.0	0.002814324913811299	0.005708006906688357	0.0	0.0031405555642793214	0.0034027494215325984	0.0	0.0021176121805052623	0.004842732269546478	0.0	0.06693440428380187	0.0	0.0	0.0	0.0	0.0	0.0	0.0	0.0	0.0	0.0	0.0	0.06906077348066297	0.041718815185648725	0.0	0.0
Sor-ACeb_009-Ex1-4F-lcwgs-1-2-L2-clmp.r2	0.056262747028623675	0.007032843378577959	0.0	0.0	0.0	0.0	0.028131373514311837	0.014065686757155919	0.0	0.004219706027146775	0.0014065686757155917	0.0028131373514311835	0.005626274702862367	0.0014071426561224779	0.0727802037845706	0.0	0.004712831469146663	0.001702968273701061	0.0697100438984871	0.03811621209554464	0.10161618116713443	0.07875344546323902	0.0	0.04026251157547208	0.0	0.005940711697261332	0.0	0.0	0.010867202782003912	0.0	0.07840677434530344	0.0	0.0	0.0	0.0	0.0	0.28776978417266186	0.0
Sor-ACeb_009-Ex1-4F-lcwgs-1-2-L3-clmp.r1	0.0	0.051497725517123	0.008582954252853832	0.0	0.0	0.0	0.017165908505707664	0.0	0.0	0.008582954252853832	0.0	0.0	0.0	0.010304674887507298	0.013926364348507267	0.0036049026676279743	0.06709736786611199	0.004188218541243482	0.0023240140370447836	0.005230672664504655	0.12019591934853813	0.0	0.004149721968628102	0.005043627376809402	0.0	0.0	0.009357162908206233	0.0	0.0	0.0	0.10550749103186326	0.0	0.0	0.21443888491779842	0.0	0.0	0.0	0.0
Sor-ACeb_009-Ex1-4F-lcwgs-1-2-L3-clmp.r2	0.12016135953995366	0.0	0.0	0.0	0.008582954252853832	0.008582954252853832	0.0	0.0	0.0	0.01888249935627843	0.0	0.003433181701141533	0.017165908505707664	0.034349506225848	0.010444773261380451	0.0	0.001918354818907305	0.0	0.0	0.06015116248659676	0.003002101471029721	0.0034923517496682262	0.03729178751968178	0.1660126773317235	0.05499877780493767	0.0	0.018616773713115518	0.0	0.0	0.0	0.06188118811881188	0.0	0.0	0.0	0.0	0.0	0.0	0.0
Sor-ACeb_010-Ex1-5F-lcwgs-1-2-L2-clmp.r1	0.0	0.044136191677175286	0.025220680958385876	0.0031525851197982345	0.0	0.0	0.0	0.018915510718789406	0.006305170239596469	0.04287515762925599	0.0006305170239596469	0.0	0.0	0.0009460320263375316	0.006358855660335366	0.0013001238367954548	0.001689388948017502	0.0007138242778775149	0.0015278897169202328	0.0	0.0009286301312618691	0.0	0.016044529741004263	0.0029398794649419377	0.0	0.0	0.0	0.0	0.0	0.0	0.004937418224010665	0.0028532298561972152	0.0	0.0	0.07209193842500318	0.0	0.0	0.0
Sor-ACeb_010-Ex1-5F-lcwgs-1-2-L2-clmp.r2	0.08039092055485499	0.015762925598991173	0.0	0.0	0.0	0.0	0.018915510718789406	0.0015762925598991173	0.0	0.006935687263556116	0.0009457755359394704	0.0006305170239596469	0.005044136191677175	0.0031534201995484304	0.056281240858273025	0.0019505344464383239	0.006758629079677478	0.00071394149249469	0.03742400635444353	0.01706200582605077	0.08445240503744675	0.05297676439113805	0.003697199371476107	0.016137432241122577	0.0008819897689186806	0.003199010439437401	0.0	0.0	0.007231834535625824	0.0	0.007326901941629015	0.002816742718720072	0.0032409658078107273	0.0	0.0	0.0	0.04721187640979909	0.0
Sor-ACeb_010-Ex1-5F-lcwgs-1-2-L3-clmp.r1	0.0	0.04859929878154615	0.0	0.0	0.0	0.0017356892421980766	0.008678446210990384	0.006942756968792306	0.0	0.006942756968792306	0.003818516332835769	0.0	0.0017356892421980766	0.010069654228907546	0.007703108204160379	0.0014311935796656016	0.03709845559129374	0.0019531021120846239	0.0016665763937786704	0.0018072398026494135	0.15914272458331047	0.0	0.0019336874129840663	0.0029927127444672225	0.0	0.0010426876316393134	0.0024872218975015856	0.0	0.0	0.0	0.10479739170936189	0.0	0.0	0.11130259945425823	0.05719655186501613	0.0	0.005250721974271462	0.0
Sor-ACeb_010-Ex1-5F-lcwgs-1-2-L3-clmp.r2	0.09372721907869615	0.01562120317978269	0.0	0.0	0.0	0.00520706772659423	0.0	0.0	0.0	0.005901343423473462	0.0	0.0024299649390773074	0.007289894817231923	0.031597990228929174	0.005602495911928764	0.0	0.0007419415869388603	0.0	0.0	0.053755426361841774	0.001994405692033845	0.0	0.057954962554654744	0.1000963614225635	0.11234278592555534	0.0	0.05455199176760851	0.0	0.0	0.0	0.0761157882597163	0.0	0.0	0.0	0.0	0.0	0.015399620142703145	0.0
Sor-ACeb_011-Ex1-6F-lcwgs-1-2-L2-clmp.r1	0.0	0.04302370606204019	0.02581422363722411	0.004302370606204018	0.0	0.0	0.0	0.017209482424816073	0.004302370606204018	0.034418964849632146	0.0008604741212408036	0.0	0.0	0.0008607037113544033	0.008653588210351422	0.0	0.0017898533215203014	0.0	0.001899569747452202	0.0	0.0010390474013424493	0.0	0.06438999262441902	0.0024997812691389502	0.0	0.0	0.0	0.001637009511025259	0.0	0.0	0.10254994379474233	0.004157831275206852	0.0	0.0	0.0484402247626429	0.0	0.002673296441842436	0.0
Sor-ACeb_011-Ex1-6F-lcwgs-1-2-L2-clmp.r2	0.06023318848685626	0.012907111818612056	0.0	0.0	0.004302370606204018	0.0	0.004302370606204018	0.0	0.0	0.005162844727444822	0.0034418964849632144	0.0017209482424816072	0.0034418964849632144	0.0	0.06835329134076279	0.0	0.006264206325058615	0.0009186448151686632	0.07408462743980625	0.056391535333748855	0.06132227453670502	0.08145115132303087	0.007021485746383936	0.054961526931148204	0.0026738325378681533	0.08732624225158547	0.0	0.0	0.005239991616013414	0.0	0.04528539644411192	0.0	0.004376750700280112	0.0	0.009667673716012085	0.0	0.06395736175882745	0.0
Sor-ACeb_011-Ex1-6F-lcwgs-1-2-L3-clmp.r1	0.0	0.025842464337399215	0.0051684928674798425	0.0	0.0051684928674798425	0.0	0.01550547860243953	0.0	0.0	0.004134794293983874	0.002067397146991937	0.0	0.0	0.008270871026104937	0.005196208846025939	0.0021051745189676224	0.04736377532347306	0.0	0.0	0.0	0.10989151407505846	0.0	0.0057986141312226375	0.003108003108003108	0.0	0.0	0.0	0.0	0.0	0.0	0.06726289828355048	0.0	0.0	0.08493937086286685	0.0245745530503164	0.0	0.0	0.0
Sor-ACeb_011-Ex1-6F-lcwgs-1-2-L3-clmp.r2	0.056853421542278265	0.010336985734959685	0.0	0.0	0.0051684928674798425	0.0	0.0	0.0	0.0	0.0051684928674798425	0.0	0.0031010957204879058	0.0062021914409758115	0.023778754200051693	0.004156967076820751	0.0	0.00323011326930531	0.0	0.0	0.04726699793964368	0.002555551296303395	0.0	0.037662055479104804	0.17079684491646482	0.08818048715559697	0.0	0.032479318316424984	0.0	0.0	0.0	0.05225570458108344	0.0	0.0	0.0	0.0	0.0	0.003393396450507313	0.0
Sor-ACeb_012-Ex1-7F-lcwgs-1-2-L2-clmp.r1	0.0	0.05956314917713101	0.02284613941040642	0.005711534852601605	0.0	0.0	0.0	0.012239003255574865	0.009791202604459892	0.03524832937605561	0.0008159335503716578	0.0	0.0008159335503716578	0.00032643095087703835	0.005743448366399186	0.0006653935470133811	0.004431430431655412	0.0024719783595951606	0.0011112284074430078	0.0027592350612057463	0.0031975033893535923	0.0002350347498877709	0.06977721509619476	0.0009033668482434031	0.0	0.0	0.0	0.003950427774893338	0.0	0.0015788559609706805	0.06627090800477897	0.0011068803683697867	0.0	0.0	0.03739848981336373	0.004137018037398643	0.0	0.0
Sor-ACeb_012-Ex1-7F-lcwgs-1-2-L2-clmp.r2	0.09872795959497058	0.01468680390668984	0.0	0.0	0.0	0.0	0.023662072960778074	0.003263734201486631	0.0	0.004569227882081283	0.003916481041783958	0.001795053810817647	0.0062010949828245985	0.002121811570075275	0.06711552567538075	0.0014971828010293964	0.00545418907287308	0.001235910618944038	0.09037388491033911	0.06580917703062689	0.06328628413623812	0.09352954170524565	0.004755928396855803	0.061371102634144	0.005197811374890413	0.06682353322344575	0.0	0.0	0.005326160770162847	0.0	0.060398256813387965	0.0032981892940775514	0.0012959747025738056	0.0015117615045050492	0.003514629645901063	0.0	0.054208206651111264	0.0
Sor-ACeb_012-Ex1-7F-lcwgs-1-2-L3-clmp.r1	0.0	0.05659033476110097	0.00975695426915534	0.0	0.000975695426915534	0.0	0.00487847713457767	0.000975695426915534	0.0	0.006829867988408738	0.003317364451512816	0.0	0.0011708345122986407	0.008002154726541	0.01255771151404796	0.0025863492486655434	0.06854079503242429	0.001904250074583128	0.0015565275205183682	0.0007116610405907735	0.10785542739321927	0.0	0.004826782852693024	0.005155246568078714	0.0	0.0004976164173608415	0.002354021256811949	0.0	0.0	0.0	0.11063106287337984	0.0	0.003260834121368246	0.05370466271553791	0.04933952320078943	0.0	0.0	0.0
Sor-ACeb_012-Ex1-7F-lcwgs-1-2-L3-clmp.r2	0.08390980671473593	0.02341669024597282	0.0	0.0	0.003902781707662136	0.0029270862807466024	0.0	0.0	0.0	0.008000702500707378	0.0	0.004683338049194563	0.0074152852445580585	0.034155605129976715	0.0037281144962826775	0.0	0.00020399836801305592	0.0	0.0004446816079686944	0.049335161264308376	0.0038598613023172034	0.0002851033499643621	0.0373095924248662	0.15999529209255453	0.08364328051493691	0.0	0.027610028902413236	0.0	0.0016480845137738663	0.0	0.04623422257154746	0.0013696566270835903	0.0	0.0018991909446575757	0.0	0.0	0.003014318010550113	0.0
Sor-ACeb_013-Ex1-8F-lcwgs-1-2-L2-clmp.r1	0.0	0.06523157208088715	0.010521221303368895	0.008416977042695116	0.0	0.0	0.0	0.008416977042695116	0.002104244260673779	0.03493045472718473	0.0012625465564042673	0.0	0.00042084885213475575	0.0	0.0059135606393403845	0.0008519992161607211	0.002598459979385551	0.0022195193408915364	0.0009174480265692948	0.0014337260149585415	0.0005023560498739086	0.0005339512929630559	0.06535048496938846	0.0018558384678197609	0.0	0.0	0.0	0.0008332014097767854	0.0	0.0009405125793557488	0.060365557985571645	0.0020722167538724553	0.0	0.0011272559209117247	0.029217212444195124	0.0012106830673866194	0.0012508599662267809	0.0
Sor-ACeb_013-Ex1-8F-lcwgs-1-2-L2-clmp.r2	0.09258674746964628	0.01893819834606401	0.0	0.0	0.0	0.0	0.02104244260673779	0.004208488521347558	0.0	0.004208488521347558	0.0029459419649432907	0.001683395408539023	0.006312732782021336	0.004629785514663793	0.07053615928500832	0.002555475105413348	0.004329829058348777	0.0004438073343600077	0.0802560857043274	0.04777945005852983	0.06278220601604212	0.09556401454281428	0.004585157844058782	0.043895442292949526	0.0020041017282037233	0.013707425817575806	0.0	0.0	0.006203528921738051	0.0	0.06117173471199953	0.004134110546116003	0.0010791677458344125	0.0	0.004662222015012355	0.0	0.07976966509204671	0.0
Sor-ACeb_013-Ex1-8F-lcwgs-1-2-L3-clmp.r1	0.0	0.041423948220064725	0.010355987055016181	0.0	0.005177993527508091	0.0	0.005177993527508091	0.0	0.0	0.0056957928802588995	0.0036245954692556634	0.0	0.000517799352750809	0.007767674047683162	0.013518853601214615	0.004200864327835452	0.07324323168384586	0.0032969025600448378	0.003987331677641323	0.0011904691043505692	0.117612281992742	0.0	0.007956485258802765	0.006269297681927182	0.0	0.0	0.001987222161501545	0.0	0.0	0.0	0.07907759808173052	0.0	0.0014017971038871833	0.08493066436280038	0.04577287499427839	0.0	0.0	0.0
Sor-ACeb_013-Ex1-8F-lcwgs-1-2-L3-clmp.r2	0.059546925566343036	0.018122977346278317	0.0	0.0	0.0025889967637540453	0.007766990291262136	0.0	0.0	0.0	0.006731391585760518	0.0	0.008284789644012944	0.006731391585760518	0.03158854112724486	0.0036393318186780906	0.000525091497193386	0.0005347021708908138	0.0	0.0	0.044040279001118864	0.005029706705227751	0.0	0.041220711599652876	0.17545233805905852	0.07898022097476878	0.0	0.0406883274120239	0.0	0.0022738383528314973	0.0	0.04709116595181428	0.0	0.0	0.001458682809423091	0.0	0.003162555344718533	0.0081913499344692	0.0
Sor-ACeb_014-Ex1-9F-lcwgs-1-2-L2-clmp.r1	0.0	0.06886405609290387	0.012520737471437069	0.006260368735718534	0.0	0.0	0.0	0.012520737471437069	0.003130184367859267	0.0375622124143112	0.00187811062071556	0.0	0.0	0.0012523638367418501	0.003783245267790711	0.0006427148274310688	0.0019913707268503153	0.005582459910959765	0.0	0.002412661648330438	0.0008861241814427874	0.0	0.01608160264657232	0.0	0.0	0.0	0.0	0.0	0.0	0.002989000478240077	0.0	0.0	0.0	0.0	0.08094852626065425	0.0	0.0	0.0
Sor-ACeb_014-Ex1-9F-lcwgs-1-2-L2-clmp.r2	0.08138479356434093	0.0187811062071556	0.0	0.0	0.0	0.0	0.07199424046076314	0.003130184367859267	0.0	0.00751244248286224	0.003130184367859267	0.0012520737471437067	0.006886405609290388	0.0025046963055729496	0.047924430739738816	0.0012856940819501409	0.007966593418266072	0.0006979341150195422	0.022300521832210873	0.02975711758082676	0.09040389268526151	0.032894408947279234	0.00459569383487672	0.009440960280531391	0.0015815527685081212	0.0018408070097930933	0.0	0.0	0.0	0.0	0.01332578205683446	0.0	0.0	0.0	0.0	0.0	0.08078414476518743	0.0
Sor-ACeb_014-Ex1-9F-lcwgs-1-2-L3-clmp.r1	0.0	0.04170676932948347	0.0	0.0	0.0	0.0	0.012832852101379532	0.006416426050689766	0.0	0.008982996470965673	0.005133140840551813	0.0	0.0012832852101379532	0.014119761247673447	0.014857881136950905	0.0	0.05589410112742492	0.001431598236270973	0.0	0.0016400029520053136	0.15023660015473472	0.0	0.00457425153809208	0.003935355231398888	0.0	0.0034781398907864076	0.001992309684617377	0.0	0.0	0.0	0.14040561622464898	0.0	0.0	0.10274957872672723	0.049078659706420384	0.0	0.0	0.0
Sor-ACeb_014-Ex1-9F-lcwgs-1-2-L3-clmp.r2	0.0737888995829323	0.03849855630413859	0.0	0.0	0.0	0.003208213025344883	0.0	0.0	0.0	0.007699711260827719	0.0	0.0006416426050689766	0.008341353865896696	0.040433602248878445	0.007105254658786294	0.0	0.0013629641744866737	0.0007157581310123683	0.0	0.06886939411330655	0.0017984641116486522	0.0010080645161290322	0.05372410955146084	0.09831810495129978	0.08729943706914718	0.0	0.04178272980501393	0.0	0.0	0.0	0.05588153115395362	0.0	0.0	0.0	0.0	0.0	0.0	0.0
Sor-ACeb_015-Ex1-10F-lcwgs-1-2-L2-clmp.r1	0.0	0.05752195421252445	0.02684357863251141	0.0019173984737508147	0.0	0.0	0.0	0.009586992368754075	0.0038347969475016294	0.03374621313801434	0.003067837558001304	0.0	0.0	0.000767109416651644	0.01080822351406227	0.00039219377510040155	0.00604728980628515	0.002519293590077342	0.0017710713210420984	0.004258037044922291	0.0025694126836487714	0.0005671409855776048	0.06792788217369222	0.002882965995416084	0.0	0.0	0.0	0.0026170816922050223	0.0	0.0	0.08231842455199781	0.0024589357725976198	0.0	0.0	0.02993675859746286	0.0042951636457349025	0.0	0.0
Sor-ACeb_015-Ex1-10F-lcwgs-1-2-L2-clmp.r2	0.08628293131878667	0.03259577405376385	0.0	0.0	0.0	0.0	0.011504390842504889	0.0038347969475016294	0.0	0.0053687157265022815	0.0019173984737508147	0.0019173984737508147	0.004601756337001956	0.004219134156959462	0.06948036407710775	0.0015688304761008285	0.007658325809364117	0.00041966904898796804	0.06994152357427746	0.0600904669076594	0.07038563105598997	0.08842584982343171	0.008244911937998261	0.05973715651135006	0.0033052114922203584	0.08521312856650454	0.0011184931660067556	0.0013058751322198572	0.004604475550234828	0.0	0.05041381338486745	0.0	0.0	0.0	0.0037112636852848395	0.0	0.03858210754762479	0.0
Sor-ACeb_015-Ex1-10F-lcwgs-1-2-L3-clmp.r1	0.0	0.04679895170348184	0.009359790340696368	0.0	0.0	0.0	0.002339947585174092	0.0	0.0	0.010763758891800822	0.004211905653313365	0.0	0.0018719580681392735	0.007957348611442667	0.013190001978500296	0.0028739073164890435	0.05621828475054368	0.0020570311897354144	0.001633453119895459	0.0011651684542292701	0.11352609514628377	0.0	0.009456041228339755	0.00898383807530253	0.0	0.0023997216322906544	0.002805403206575865	0.0	0.0	0.0	0.09112105700426125	0.0	0.0	0.04973887092762994	0.038470786246693915	0.0	0.0	0.0
Sor-ACeb_015-Ex1-10F-lcwgs-1-2-L3-clmp.r2	0.07955821789591913	0.02105952826656683	0.0	0.0	0.007019842755522276	0.0	0.0	0.0	0.0	0.010763758891800822	0.0	0.004679895170348184	0.009359790340696368	0.0327655531059404	0.002355313115325551	0.0	0.0	0.0	0.0	0.044277175116227585	0.007607648222346199	0.0007007021035077148	0.04252638210741849	0.19387150627389738	0.0804082263800835	0.0	0.0433979168999888	0.0	0.0	0.0	0.061186485767491354	0.0	0.0	0.0	0.0	0.0	0.012242149721491093	0.0
Sor-ACeb_016-Ex1-11F-lcwgs-1-2-L2-clmp.r1	0.0	0.05980685038859722	0.018560746672323276	0.0041246103716273946	0.0	0.0	0.0	0.0489060944064391	0.010016910902523673	0.05167547565596036	0.0008838450796344417	0.0	0.00041246103716273945	0.0009432188167437846	0.005738952963900193	0.0008046117871913231	0.004060381806869904	0.0021220054082844507	0.0013232939432836217	0.0017545598818128464	0.0025508225892685874	0.0001243872373718967	0.03836500071527967	0.003921044012565793	0.0	0.0	0.0	0.0	0.0	0.0012769435080192053	0.021821038390480208	0.00819685568615879	0.00185422113441249	0.0020909128925688954	0.18578063594140765	0.0	0.012384667781286768	0.0
Sor-ACeb_016-Ex1-11F-lcwgs-1-2-L2-clmp.r2	0.13021984173280773	0.014730751327240695	0.0	0.0	0.0002946150265448139	0.0	0.07365375663620348	0.0035353803185377668	0.0005892300530896278	0.010134756913141597	0.0031818422866839897	0.0020033821805047346	0.013670137231679364	0.0031833466169278587	0.08422872432637944	0.0013616035233347899	0.009888994400602508	0.0013438131901630046	0.043109888194427154	0.05033264264788283	0.0670879545514793	0.09543004406184066	0.008116962178203034	0.026476100139517535	0.0010312574121626498	0.013177522309545268	0.0	0.0018691064736502717	0.005457383293858261	0.0	0.03119549650468641	0.0031818254132395755	0.0035852574214828626	0.004018323555412682	0.0	0.0	0.15212240002340344	0.0
Sor-ACeb_016-Ex1-11F-lcwgs-1-2-L3-clmp.r1	0.0	0.05680821965844935	0.007013360451660414	0.0	0.0	0.0003506680225830207	0.007013360451660414	0.002104008135498124	0.0	0.010520040677490619	0.003506680225830207	0.0	0.0016130729038818952	0.008209984744865954	0.011828492558381806	0.0017024224731609396	0.08222434171302287	0.0027344397560196128	0.001415527010142723	0.0028719676807903655	0.1766902418517236	0.0	0.005695476613194652	0.005496574260092398	0.0	0.0	0.001771259542660786	0.0	0.0	0.0	0.0224397148430083	0.0	0.0	0.03520949650419999	0.03758963682627805	0.0	0.0	0.0
Sor-ACeb_016-Ex1-11F-lcwgs-1-2-L3-clmp.r2	0.07819896903601362	0.024897429603394465	0.0	0.0	0.0024546761580811443	0.025598765648560506	0.0	0.0014026720903320827	0.001052004067749062	0.012203247185889119	0.0	0.0031560122032471857	0.01206297997685591	0.04364636619441579	0.004703028679211402	0.0005181719190793121	0.000630039330205188	0.0	9.433659675067025e-05	0.035612157033666776	0.0037060188216342556	0.0012044311020243475	0.05560537414193467	0.26100588494400956	0.059428064309089326	0.0	0.007841702172151502	0.0	0.0	0.0	0.05490300469171131	0.0018763134193935755	0.0	0.0	0.0	0.0030884215077673803	0.003518401238477236	0.0
Sor-ACeb_017-Ex1-12F-lcwgs-1-2-L2-clmp.r1	0.0	0.0461716044632551	0.011542901115813775	0.00042751485614125087	0.0	0.0	0.0	0.022230772519345045	0.00940532683510752	0.03967337864990808	0.0011115386259672524	0.0	0.00034201188491300076	0.000769890111018154	0.003813899061694151	0.0003582678822695912	0.0023606753042202267	0.0019255032910904936	0.001103382529482381	0.0009782295024235636	0.00041451006292262754	0.00032031929427253083	0.01828616708604213	0.00046365952553720756	0.0	0.0	0.0	0.0	0.0	0.0	0.009688748940293083	0.004670627358666816	0.0	0.0	0.04072747700301945	0.0015897998441996152	0.001777019582755802	0.0
Sor-ACeb_017-Ex1-12F-lcwgs-1-2-L2-clmp.r2	0.08208285237912018	0.014107990252661282	0.0	0.0	0.00042751485614125087	0.0	0.043606515326407594	0.0	0.0008550297122825017	0.004275148561412509	0.002394083194391005	0.0007695267410542516	0.006498225813347014	0.0018819471651887677	0.058070297995968016	0.0009850584542641836	0.004437344692935747	0.0017225900458614266	0.049201794652007615	0.03483575248281131	0.08796993831056289	0.05280811132589966	0.003994590183579952	0.02383497864108225	0.0005662882917064248	0.012495357627548099	0.0	0.0	0.004165625260351578	0.0	0.004800192007680307	0.0018481213846125413	0.002127478512467024	0.0012176708392187424	0.005530132308415479	0.0	0.04015082745618323	0.0
Sor-ACeb_017-Ex1-12F-lcwgs-1-2-L3-clmp.r1	0.0	0.04755028001831566	0.0008805607410799197	0.0	0.0	0.00044028037053995986	0.007044485928639358	0.003081962593779719	0.0	0.008277270966151246	0.003522242964319679	0.0	0.0014088971857278716	0.008809470533202014	0.010614792739481767	0.0007359895195092422	0.03716069095659748	0.0026896319859311558	0.0016827160383031045	0.0013579458969664724	0.13468209212642676	0.0	0.005544651075107843	0.004387947186667661	0.0	0.0015637999086740852	0.0011285407967498026	0.00044686146847615766	0.0	0.0	0.10224875249321341	0.0	0.0009638182624284364	0.08569921771996132	0.07251540952452397	0.0	0.0	0.0
Sor-ACeb_017-Ex1-12F-lcwgs-1-2-L3-clmp.r2	0.08101158817935261	0.020693177415378114	0.0	0.0	0.0	0.007484766299179318	0.0	0.0013208411116198797	0.00044028037053995986	0.009333943855447148	0.0	0.0021133457785918073	0.009686168151879117	0.03470934447791067	0.005441220546048782	0.0006439937918998461	0.0007741001569488069	0.0	0.0	0.05120807878393769	0.0033191669444164002	0.00047452136611537835	0.04134641652084671	0.0970038297900294	0.09562097616770929	0.0003115905450964996	0.0475386579125663	0.0004443180606405289	0.0015645126803752742	0.0	0.06988170026455215	0.0	0.0019012129738773338	0.0	0.0012290749981563875	0.0	0.003138337936228973	0.0
Sor-ACeb_018-Ex1-1G-lcwgs-1-2-L2-clmp.r1	0.0	0.05251756055931202	0.015317621829799339	0.004376463379942668	0.0	0.0	0.0	0.17505853519770673	0.11597627956848071	0.04857874351736362	0.0013129390139828005	0.0	0.0017505853519770675	0.0008753846221183433	0.018447267169135088	0.0	0.0022501136307383524	0.0013818707766574388	0.0009496540884982645	0.0024718090181480214	0.014566490828313097	0.0011110061827494069	0.056500910626378714	0.001970339817940601	0.0	0.0	0.0	0.0010157749855252065	0.0	0.011574967204259589	0.037393930677405436	0.0	0.0	0.0	0.020275750202757504	0.0	0.0	0.0
Sor-ACeb_018-Ex1-1G-lcwgs-1-2-L2-clmp.r2	0.29978774152607274	0.008752926759885336	0.0	0.0	0.0	0.0	0.26696426617650276	0.002188231689971334	0.0	0.03588699971552988	0.002188231689971334	0.0004376463379942669	0.03326112168756428	0.0017507692442366865	0.06017137862730199	0.0017722483628855748	0.036446264257913565	0.0	0.052232214930816055	0.04795997072958487	0.0384983560161485	0.056092102120947895	0.02583327325595367	0.05253204454717378	0.001448341287140902	0.07809669498007327	0.0	0.0	0.0011408362329587587	0.0	0.032971601416345316	0.0032070812353676916	0.0	0.04022040783493545	0.002243208685704031	0.0	0.05819431358421548	0.0
Sor-ACeb_018-Ex1-1G-lcwgs-1-2-L3-clmp.r1	0.0	0.06837139340899767	0.004558092893933178	0.0	0.0	0.0	0.011395232234832946	0.05925520762113132	0.0	0.005013902183326496	0.003646474315146543	0.0	0.0	0.020969616848631276	0.01143175925629547	0.0009223220379627751	0.041730356255333514	0.001440873745839477	0.0004959579427664533	0.0015521201961879929	0.06774290475019805	0.0	0.0063124538401812934	0.006200268678309393	0.0	0.0016946567472758392	0.0009490097083693167	0.0	0.0	0.0	0.036691076424454606	0.0	0.0	0.03889621194113707	0.0289114826772033	0.0026823314825246106	0.0	0.0
Sor-ACeb_018-Ex1-1G-lcwgs-1-2-L3-clmp.r2	0.22790464469665891	0.022790464469665893	0.0	0.0	0.002279046446966589	0.08204567209079722	0.0	0.0	0.0	0.005013902183326496	0.0	0.003190665025753225	0.005925520762113132	0.06245270461238296	0.00640225359326483	0.011989799447546934	0.0004688452341881945	0.0	0.0	0.02172440012207044	0.004914004914004914	0.0005835156819839533	0.02396100661449893	0.08326910372164723	0.03874585001557431	0.0	0.01326297640137556	0.0	0.0012007396556278668	0.01891840761060512	0.04111278607646978	0.0	0.001916479809885203	0.0	0.0	0.010635469290082425	0.020727843415948594	0.0
Sor-ACeb_019-Ex1-3G-lcwgs-1-2-L2-clmp.r1	0.0	0.04116920543433512	0.024701523260601068	0.016467682173734045	0.0	0.0	0.0	0.04116920543433512	0.07410456978180321	0.054343351173322355	0.0	0.0	0.003293536434746809	0.0	0.004969767249233827	0.0016820574927251014	0.0034453057708871662	0.0017827536412743123	0.0	0.0019383601473153714	0.00410500605488393	0.0	0.046819767305756495	0.005060856803056758	0.0	0.0	0.0	0.0	0.0	0.016792611251049538	0.045639176669252886	0.009910802775024777	0.0	0.005813953488372093	0.019024668653687616	0.0	0.0	0.0
Sor-ACeb_019-Ex1-3G-lcwgs-1-2-L2-clmp.r2	0.22231370934540964	0.008233841086867023	0.0	0.0	0.0	0.0	0.16467682173734047	0.0	0.0	0.02140798682585426	0.004940304652120214	0.003293536434746809	0.034582132564841495	0.004941362498352879	0.05633056098611618	0.005047445992327882	0.02066969822240595	0.0017824041066590616	0.03702743733106231	0.060055405955171545	0.055382343288480476	0.05456609044875153	0.011698095550044451	0.030323705556819045	0.0	0.008929634480295273	0.0	0.0	0.003854158637169506	0.0	0.027266530334015	0.009875080235026909	0.0053513137475250175	0.028855032317636198	0.0	0.0	0.0678784222037861	0.0
Sor-ACeb_019-Ex1-3G-lcwgs-1-2-L3-clmp.r1	0.0	0.05811138014527845	0.0	0.0	0.0	0.0	0.009685230024213074	0.009685230024213074	0.0	0.0038740920096852305	0.0038740920096852305	0.0	0.0	0.013562211802999186	0.011701837188438584	0.003959925553399596	0.060917416289317114	0.0	0.0	0.0	0.10407374368123698	0.0	0.0	0.0	0.0	0.0	0.0	0.0	0.0	0.0	0.06349206349206349	0.0	0.0	0.05955482766321745	0.04860661049902787	0.0	0.0	0.0
Sor-ACeb_019-Ex1-3G-lcwgs-1-2-L3-clmp.r2	0.08716707021791767	0.029055690072639227	0.0	0.0	0.0	0.009685230024213074	0.0	0.0	0.0	0.0	0.0	0.005811138014527845	0.0038740920096852305	0.04262492007827485	0.005851032707272834	0.0	0.0	0.0	0.0	0.03031362947417512	0.0	0.0	0.037765447520553115	0.149772155125713	0.06647540410048283	0.0	0.0376034093757834	0.0	0.0	0.00530982849253969	0.011521401002361887	0.0	0.0	0.0	0.0	0.0	0.0	0.0
Sor-ACeb_020-Ex1-2G-lcwgs-1-2-L2-clmp.r1	0.0	0.038679731820526045	0.0257864878803507	0.01289324394017535	0.0	0.0	0.0	0.0515729757607014	0.06446621970087674	0.018050541516245487	0.0	0.0	0.0	0.0025793139025019345	0.0078007176660252735	0.0	0.0	0.0	0.0	0.00321099444497961	0.010374520178441747	0.0	0.008220304151253596	0.009071117561683599	0.0	0.0	0.0	0.0066181336863004635	0.0	0.01569242840329541	0.016985138004246284	0.01839080459770115	0.0	0.0	0.09534024550113217	0.0	0.0	0.0
Sor-ACeb_020-Ex1-2G-lcwgs-1-2-L2-clmp.r2	0.18050541516245489	0.01289324394017535	0.0	0.0	0.0	0.0	0.06446621970087674	0.0	0.0	0.01289324394017535	0.005157297576070139	0.0	0.02320783909231563	0.0	0.04417994230619299	0.0	0.01093972213105787	0.0	0.015074770863482875	0.006415396952686448	0.02763671537637752	0.007493443237167478	0.02459822892751722	0.004524477422857659	0.010008507231146475	0.0055291385602123195	0.0	0.0	0.007202016564638099	0.0	0.016969285593076533	0.0	0.0	0.0	0.0	0.0	0.014138272303124559	0.0
Sor-ACeb_020-Ex1-2G-lcwgs-1-2-L3-clmp.r1	0.0	0.02399520095980804	0.0	0.0	0.0	0.0	0.01199760047990402	0.0	0.0	0.002399520095980804	0.009598080383923216	0.0	0.002399520095980804	0.016800672026881073	0.00967071224795706	0.0	0.025391666455069444	0.0	0.0	0.0	0.2211061625446161	0.0	0.0	0.0	0.0	0.004944375772558714	0.005446029844243546	0.0	0.0	0.0	0.11762860727728983	0.0	0.009480470231323474	0.11388342478517446	0.06754474839581223	0.0	0.0	0.0
Sor-ACeb_020-Ex1-2G-lcwgs-1-2-L3-clmp.r2	0.09598080383923216	0.035992801439712056	0.0	0.0	0.0	0.01199760047990402	0.0	0.0	0.0	0.0	0.0	0.0	0.007198560287942411	0.028801152046081843	0.00725356028917527	0.0	0.0	0.0	0.0	0.014743173910479449	0.0	0.0	0.0785751702462022	0.09859907152540981	0.06292700467457749	0.0	0.04339336081579519	0.005944243000653867	0.006489292667099286	0.0	0.04680917459822125	0.008549931600547196	0.0	0.0	0.0	0.0	0.0	0.0
Sor-ACeb_021-Ex1-4G-lcwgs-1-2-L2-clmp.r1	0.0	0.1524390243902439	0.0	0.0	0.0	0.0	0.0	0.22865853658536583	0.1524390243902439	0.06097560975609756	0.0	0.0	0.0	0.0	0.0	0.0	0.0	0.0	0.0	0.0	0.02044153720359771	0.0	0.07360157016683022	0.0	0.0	0.0	0.0	0.0	0.0	0.0	0.0	0.0	0.0	0.0	0.2004008016032064	0.0	0.0	0.0
Sor-ACeb_021-Ex1-4G-lcwgs-1-2-L2-clmp.r2	0.22865853658536583	0.0	0.0	0.0	0.0	0.0	0.07621951219512195	0.0	0.0	0.06097560975609756	0.0	0.0	0.04573170731707318	0.0	0.015328019619865112	0.0	0.06405124099279423	0.0	0.05303164221318721	0.018857250612860643	0.020391517128874388	0.02220741727737064	0.0	0.0	0.0	0.0	0.0	0.0	0.0	0.0	0.06207324643078833	0.0	0.0	0.08802816901408451	0.0	0.0	0.0	0.0
Sor-ACeb_021-Ex1-4G-lcwgs-1-2-L3-clmp.r1	0.0	0.0	0.0	0.0	0.0	0.0	0.0	0.0	0.0	0.017793594306049824	0.0	0.0	0.0	0.0	0.0	0.0	0.03858769052672197	0.0	0.0	0.0	0.10449320794148381	0.0	0.0	0.0	0.0	0.0	0.0	0.0	0.0	0.0	0.0	0.0	0.0	0.0	0.0	0.0	0.0	0.0
Sor-ACeb_021-Ex1-4G-lcwgs-1-2-L3-clmp.r2	0.0889679715302491	0.0	0.0	0.0	0.0	0.0	0.0	0.0	0.0	0.017793594306049824	0.0	0.0	0.017793594306049824	0.03559352197899982	0.0	0.0	0.0	0.0	0.0	0.023612750885478158	0.0	0.0	0.03231017770597738	0.03588087549336204	0.04106776180698152	0.0	0.0	0.0	0.0	0.0	0.1737619461337967	0.0	0.0	0.0	0.0	0.0	0.0	0.0
Sor-ACeb_022-Ex1-5G-lcwgs-1-2-L2-clmp.r1	0.0	0.06285819929746718	0.007395082270290257	0.0036975411351451285	0.0	0.0	0.0	0.0517655758920318	0.08874098724348307	0.04584951007579959	0.0	0.0	0.0	0.0	0.002231976787441411	0.0	0.0023302599793383616	0.0008094085651614366	0.0008587745287474773	0.0009212089946846241	0.0010036734448079974	0.0	0.013682102566016143	0.0014122897453641588	0.0	0.0	0.0	0.0	0.0	0.0024983760555638834	0.005352459455119628	0.005683917355841646	0.0	0.0	0.06775756343801877	0.003599193780593147	0.0	0.0
Sor-ACeb_022-Ex1-5G-lcwgs-1-2-L2-clmp.r2	0.2070623035681272	0.007395082270290257	0.0	0.0	0.0	0.0	0.08134590497319283	0.0	0.0	0.014790164540580514	0.0022185246810870773	0.0007395082270290257	0.029580329081161028	0.0007396559120697052	0.04464352148097442	0.0007556237296076047	0.012434331188411203	0.0016201940992530905	0.024920083868971918	0.019357693300394527	0.08933141956659206	0.040984514499656614	0.007461016190405133	0.008467639504360833	0.0	0.0	0.0	0.0	0.004644250417982537	0.0	0.015997013890740396	0.0	0.0	0.0031803581083229967	0.0	0.0	0.04927415381116629	0.0
Sor-ACeb_022-Ex1-5G-lcwgs-1-2-L3-clmp.r1	0.0	0.04391568189076972	0.0	0.0	0.0	0.0	0.007984669434685404	0.0	0.0	0.0047908016608112424	0.0	0.0	0.0	0.003993227486183432	0.0016058452768075795	0.0	0.03592044040130651	0.0	0.0009091652953423461	0.0019283241898627999	0.11597324331600638	0.0	0.0024960375404046078	0.0041303539713353436	0.0	0.005020668418322093	0.0018382690858287835	0.0	0.0	0.0	0.1096737206809741	0.0	0.00282095404665858	0.053708897774064575	0.04093585666152345	0.0	0.0	0.0
Sor-ACeb_022-Ex1-5G-lcwgs-1-2-L3-clmp.r2	0.06387735547748323	0.0	0.0	0.0	0.0	0.003992334717342702	0.0	0.0	0.0	0.003992334717342702	0.0	0.0	0.0063877355477483235	0.023958982222435192	0.004014935560284257	0.0	0.0	0.0	0.0	0.059814382464738455	0.0010358078783547229	0.002261880527470539	0.06369744960407664	0.09363424810321798	0.09108297659167502	0.0	0.03489439853076217	0.0	0.0	0.0023263388079839947	0.047257803755751775	0.0	0.0	0.0	0.0	0.0	0.0035129628328532288	0.0
Sor-CPnd_001-Ex1-3E-lcwgs-1-2-L2-clmp.r1	0.0	0.05479401411705057	0.015315917198982813	0.0050833001048348125	0.0	0.0	0.0	0.0762495015725222	0.11414319326310898	0.0571970287120634	0.0006865755985750915	0.0	0.0015976086043766554	0.00099039384001442	0.00544937018009174	0.00021413307755137223	0.0038714378357113926	0.002286871858669656	0.0009948896781048658	0.001700069365761277	0.004905979112680012	0.0002056568934292306	0.05239536084882141	0.0019699201903396156	0.0	1.9454802505545104e-05	2.06043206024044e-05	0.0006106242957375588	0.0	0.02515163296854477	0.05202051213620825	0.003274725006355187	0.0006808248637240232	0.0004432482370592886	0.025451440249091104	0.0023544707168222886	0.003820782989874129	0.0
Sor-CPnd_001-Ex1-3E-lcwgs-1-2-L2-clmp.r2	0.22822036964173956	0.011684988552672231	0.0	6.60168844783742e-05	0.0	0.0	0.17382245683155922	0.0021785571877863483	0.00033008442239187096	0.016385390727532475	0.0026538787560306423	0.0008714228751145393	0.048377172945752604	0.002918360900619379	0.05893512906262915	0.001084051026415647	0.01611108771577107	0.0012058867231594566	0.050201880637495665	0.04301699984933058	0.05143081249443694	0.06915927973742253	0.020570733510619266	0.03074544099489737	0.0017652909594852854	0.008594508187046832	6.176820123585816e-05	0.00034860278912734045	0.004362933257739936	2.447994798500652e-05	0.04753508346739163	0.0023266306980639943	0.0011815229890404881	0.027128977284929426	0.0032528093599589335	0.00011002617155867476	0.060968101965675155	0.0
Sor-CPnd_001-Ex1-3E-lcwgs-1-2-L3-clmp.r1	0.0	0.052283121792031644	0.003317056065355482	0.0001579550507312134	0.000552842677559247	0.000552842677559247	0.004343763895108369	0.008608550264851132	0.0	0.004738651521936402	0.0026220538421381427	0.0	0.0009319347993141592	0.009652555399506787	0.010648043751240751	0.0017484511369664439	0.05248620136624014	0.0016539449343258561	0.0015323401244122443	0.0016423615016182616	0.09310685277609254	0.0	0.00435345696463363	0.005388955532792452	0.0	0.0019080673334659892	0.0028208291075819403	0.00011190701869630562	2.9681605418673886e-05	0.0	0.06134885001077796	0.0002857252044988862	0.0017168364427148908	0.05924816933371961	0.03238034649167513	0.00019060661986321115	0.0007745721392598086	0.0
Sor-CPnd_001-Ex1-3E-lcwgs-1-2-L3-clmp.r2	0.09556280569238412	0.017059145478971048	0.0	0.0	0.000789775253656067	0.030485324791124188	0.0	0.003553988641452302	0.0014215954565809207	0.004027853793645943	0.0	0.0032854650552092395	0.004375354905254611	0.03947916569574881	0.004411712429983903	0.001604166726822919	0.0002284244910212859	0.0	5.165292813562544e-05	0.03018735619277278	0.0033329249414131377	0.0006838517972016003	0.03220019320115921	0.12742125567855594	0.06192795218230845	0.000148566371655121	0.03429422123934364	0.0005868813571827012	0.001007709869658656	0.0018879656037839867	0.03526536686688294	0.0012114008496908076	0.00038044555500729124	0.0013848198491931184	0.0003941004045221708	0.0018516003999456863	0.008753122805283179	0.0
Sor-CPnd_002-Ex1-5E-lcwgs-1-2-L2-clmp.r1	0.0	0.046462384510507354	0.01612219353233452	0.002411981709561857	0.0	0.0	0.0	0.053571383233426514	0.08175348531357032	0.04288249586789449	0.0007108998722919159	0.0	0.0003046713738393925	0.0009905765689018392	0.00524157089879837	0.0004487473744978979	0.002282339722692974	0.0012165820128349403	0.000862385191121498	0.0007263415693864197	0.0019964420550518894	0.0003875076823398024	0.013649712762566215	0.0014434307835361354	0.0	0.00011082315561177983	0.00012015815215987282	0.0002576942676554396	0.0	0.005241429716431373	0.004565270209832199	0.004445509171332393	0.00017533754669458039	0.0008424796985794855	0.05400424405100088	0.0008684277658067423	0.002697529532084182	0.0
Sor-CPnd_002-Ex1-5E-lcwgs-1-2-L2-clmp.r2	0.18064473540560647	0.011552122924743632	0.0	0.0	0.0	0.0	0.07578700424254887	0.0011425176518977218	0.00012694640576641354	0.013329372605473422	0.001980363929956051	0.0008886248403648947	0.035316490084216244	0.001447766857721093	0.045657653926288455	0.001108631940266911	0.012593242927780503	0.0009558216344144448	0.026763495700593786	0.01630820527210604	0.09121245194326365	0.03494326755192194	0.006101984500959367	0.014795425328930687	0.0009151558968070211	0.005754242924217727	0.0	0.0002570368661551205	0.004237230218285698	0.0	0.011875980828773804	0.0009840171022172364	0.0007855884668630057	0.004658360499338978	0.0015971395231141028	0.0	0.021791366889707717	0.0
Sor-CPnd_002-Ex1-5E-lcwgs-1-2-L3-clmp.r1	0.0	0.045218822436683466	0.0013579225956962002	0.0	0.0	0.00054316903827848	0.00516010586364556	0.00448114456579746	0.0	0.004942838248334169	0.002607211383736704	0.0	0.000651802845934176	0.0066563425435379135	0.009774325647034274	0.0007033039249141477	0.030506059028786336	0.002202182362721457	0.0021313451112755905	0.0009270765054434843	0.13858705830424375	0.0	0.004043743945025514	0.004459298556934209	0.0	0.0011177097382323792	0.0018295102286773443	0.0	0.0	0.0	0.09948678744347847	0.00023726800132553723	0.0012674956651648251	0.09800816282205592	0.05559783712749693	0.00021043438918788107	0.0006836446005179747	0.0
Sor-CPnd_002-Ex1-5E-lcwgs-1-2-L3-clmp.r2	0.08690704612455681	0.01710982470577212	0.0	0.0	0.0	0.018196162782329082	0.0	0.00108633807655696	0.00013579225956962	0.004997155152162016	0.0	0.002091200797372148	0.005024313604075941	0.029994392352734052	0.0036517032862034807	0.001097110295873768	0.00035027874890939255	0.0	0.0	0.04927065693751451	0.002239593965285559	0.0005126019239921754	0.05107701912645113	0.07924657899038205	0.09853088619460172	5.3126522406907717e-05	0.053739394741526066	0.00012203992169918624	0.0008452563239802471	0.0009000239544837117	0.05710377615319748	0.0010233915826829549	0.00033633484151481853	0.001170148608873327	9.660669001328343e-05	0.0010449189769825248	0.005546537715324517	0.0
Sor-CPnd_003-Ex1-2B-lcwgs-1-2-L2-clmp.r1	0.0	0.06130737987585256	0.021265997394436353	0.0005747566863361177	0.0	0.0	0.0	0.020882826270212276	0.004214882366464863	0.016054870104988888	0.00011495133726722354	0.0	0.0	0.0004215667412967546	0.003968992534825983	3.9042124891072476e-05	0.0016761207860527595	0.0005339473453986266	8.50989594524733e-05	0.001595725583071479	0.0016241487720275176	4.8746816832860815e-05	0.004992380186735606	0.001905923610581688	0.0	6.042186546467435e-05	0.0	0.0015291790635440388	0.0	0.0018945286740558143	0.003588345055260514	0.00296377228936991	0.000336696935721188	0.0007092192294155768	0.07656422492076492	0.0008978711475092555	0.0028694679050014827	0.0
Sor-CPnd_003-Ex1-2B-lcwgs-1-2-L2-clmp.r2	0.07989117940072037	0.001724270059008353	0.0	0.0	0.0001915855621120392	0.0	0.04904590390068204	0.0	0.0	0.003448540118016706	0.0028354663192581807	0.0003448540118016706	0.00996244922982604	0.0010347535389529138	0.023081926581747784	0.0009370783147583587	0.004270548422231916	0.0006983202932287989	0.011403784609741641	0.007402511800800623	0.011646558952236579	0.006043556496530804	0.006740343942771907	0.005551017387201422	0.0017207133159694243	0.003078340134855442	0.0	0.0	0.002987760603944539	0.0	0.008990565239884282	0.0008789761685588627	0.0005037098228452553	0.0006188271986930369	0.0008408275985776934	0.0	0.022558302090614473	0.0
Sor-CPnd_003-Ex1-2B-lcwgs-1-2-L3-clmp.r1	0.0	0.042047424804630244	0.0008375981036778934	0.0	0.0	0.0006700784829423147	0.006365745587951989	0.0011726373451490506	0.0	0.004187990518389467	0.0008711020278250089	0.0	0.00013401569658846293	0.00505996731462173	0.004377540657250689	0.0007158201014555691	0.019325538699391246	0.0006776785870330126	7.363420515004994e-05	0.0003434694999084081	0.1819524318115289	0.0	0.0039178607435577315	0.0012811420466244195	0.0	0.0013120723779495135	0.0007425306718205367	0.0	0.0	0.0	0.12296963293886479	6.776311910926735e-05	0.0009284918435562665	0.12148678699140612	0.07020035084184452	8.536094019953973e-05	0.00027317428519395374	0.0
Sor-CPnd_003-Ex1-2B-lcwgs-1-2-L3-clmp.r2	0.07019072108820745	0.004355510139125045	0.0	0.0	0.0	0.0035179120354471515	0.0	0.00016751962073557867	0.00016751962073557867	0.004891572925478897	0.0	0.0015076765866202078	0.0051931082428029384	0.023423276705299995	0.003434684589883507	0.00037495517581307325	0.00031282586027111576	0.0	0.0	0.02289441059675426	0.0015486883800719543	0.00012446655708077796	0.0631789177346964	0.0762305262329956	0.12431187925086368	0.00010084035308241228	0.06192918141170986	5.5541546743210326e-05	0.00011650442454678323	0.0003667746206633486	0.07208225857743543	0.0005407974193147151	0.0008547806098717189	0.0009779951100244498	0.00023900592655029204	0.0	0.004352908422968484	0.0
Sor-CPnd_004-Ex1-1G-lcwgs-1-2-L2-clmp.r1	0.0	0.062242203565520696	0.016661759108308617	0.007086035482843894	0.0	0.0	0.0	0.018624782451528883	0.005984827265915451	0.038073077134847734	0.0008905422971682192	0.0	0.00019151447250929446	0.0008906484782839789	0.004535526965293321	0.00029060035708971876	0.004034463941953979	0.0018007402843308884	0.0013840553745176952	0.0019648164750495243	0.0014769597560193768	0.000147994503711816	0.06431039691100529	0.0017875980944454329	2.629259317930694e-05	0.0	0.00011710414334952395	0.0013631974788282264	0.0	0.0003314525436714893	0.08667954385052562	0.002555033237219189	0.0005076679005817028	0.0003170448521087672	0.031362054005456996	0.002025046405121842	0.0019896153448230778	0.0
Sor-CPnd_004-Ex1-1G-lcwgs-1-2-L2-clmp.r2	0.10040146221299762	0.0137890420206692	0.0	0.0	0.00014363585438197083	0.0	0.03499926985107356	0.0021066591976022387	4.7878618127323616e-05	0.005400708124762103	0.0033036246507853286	0.0012256926240594844	0.006032705884042775	0.0036775205237248912	0.06560280007779702	0.0011334108896374566	0.0055565558228679954	0.0012707475808017858	0.08628127696289906	0.060755453383080256	0.06490108575544273	0.08800136812581111	0.0058348128751695375	0.05845970124180305	0.0026021279361169705	0.08516197047819922	7.313653948319966e-05	0.0003559582457882401	0.004741579021285588	8.710133717972838e-05	0.062088782323848346	0.0025102892208971497	0.0019205735212428094	0.0008583398217047488	0.004411480611663906	0.00010487995964219151	0.07215430978004427	0.0
Sor-CPnd_004-Ex1-1G-lcwgs-1-2-L3-clmp.r1	0.0	0.04983341484200371	0.006671528180244968	0.0	0.00034807973114321563	0.0006381461737625621	0.006207421872054012	0.0011022524819535163	0.0	0.005058758759281401	0.002784637849145725	0.0	0.0009050073009723607	0.008169276696418771	0.012681928612736756	0.0014915910672721666	0.06596213342291889	0.002200889937750078	0.002134811205286941	0.0011344562731564441	0.11081512225535478	0.0	0.005965450222934885	0.00682233632914161	0.0	0.0023911304542287744	0.002239452044319302	1.9304553461547744e-05	6.151219110115434e-05	0.0	0.0742173558798991	4.969057677840089e-05	0.0005051473182393542	0.07669151110501633	0.040274010503142936	9.966320480987915e-05	0.0007551699474006152	0.0
Sor-CPnd_004-Ex1-1G-lcwgs-1-2-L3-clmp.r2	0.08162469695308408	0.019028358635829124	0.0	0.0	0.0022045049639070327	0.004757089658957281	0.0	0.00040609301966708497	0.0002900664426193464	0.005522865067472355	0.0	0.0031907308688128105	0.005081964074690948	0.030727666654946525	0.004448688684958308	0.00031712503370921654	0.0003216689423751534	1.2160695319372692e-05	6.24286440598396e-05	0.04115441220553225	0.004042547409911764	0.0005726960055571068	0.038104723798642326	0.15437623605922715	0.07758732072170528	0.0	0.040257561072157264	0.00013498675394267383	0.0009827603362842078	0.00028324636943518933	0.04371939439235498	0.0005948747082325454	0.00039768568143308953	0.0012504799427280186	0.00015279118944885162	0.0005624254166000855	0.008173592770815686	0.0
Sor-CPnd_005-Ex1-3D-lcwgs-1-2-L2-clmp.r1	0.0	0.0525897989053629	0.0162477941132584	0.003979051619573485	0.0	0.0	0.0	0.05351824428326338	0.12083053418104818	0.059526612228819345	0.0007825468185161188	0.0	9.284453779004799e-05	0.0009417765859219256	0.004637961890837261	0.00022688602007087116	0.0037078060736818984	0.0016398228124018311	0.0011511693688083533	0.0016112523194741096	0.002032429386840048	0.00012944013832260826	0.05438482822037556	0.0015668176938311675	4.64206865433857e-05	0.0	1.6392883652491848e-05	0.0008447145954349257	0.0	0.024978180135931043	0.05530715349405695	0.0030993690653135855	0.00042306740793448817	0.0004413052464259004	0.027848278356080492	0.001811152099392312	0.002402470720500969	0.0
Sor-CPnd_005-Ex1-3D-lcwgs-1-2-L2-clmp.r2	0.21851625144157727	0.012268742493684912	0.0	0.0	6.631752699289143e-05	0.0	0.17375192072137555	0.0008621278509075885	0.00013263505398578286	0.0076663061203782485	0.0021354243691711038	0.0005172767105445531	0.05056048257938042	0.0031569491879743046	0.05949711185842425	0.0009876556391800323	0.007859372846229557	0.0008945312425879277	0.05476948911826468	0.041384093004879684	0.05368352552402489	0.07715812971800602	0.020344620824924393	0.032151986387084004	0.0021354051095602085	0.010010347739427942	4.917298416580737e-05	0.00033782425638969243	0.004427689725633151	0.0001261061536380094	0.05320741657657288	0.0025552648619140677	0.0014897438184187496	0.0031288894563355077	0.003934481865005949	0.0	0.0647332639021486	0.0
Sor-CPnd_005-Ex1-3D-lcwgs-1-2-L3-clmp.r1	0.0	0.047866543716992206	0.0036046609103864533	8.382932349735938e-05	0.0005868052644815156	0.0008382932349735938	0.0035208315868890936	0.003856148880878531	0.0	0.0033028753457959594	0.0029172604577081063	0.0	0.0007376980467767624	0.007930917516613428	0.011393443325433543	0.0017563055167751664	0.06017989977732076	0.0014793337080978726	0.0018483469675078042	0.0014179670606251815	0.10228054904054158	0.0	0.005122579533739016	0.005781737834129754	0.0	0.0018476421802177726	0.002443273721026578	4.423518254090427e-05	2.2846740409852245e-05	0.0	0.06791604763381275	0.00025442042772144625	0.0010597986064708124	0.0701105694035151	0.03970098689867432	9.197107816162078e-05	0.00045381066435612206	0.0
Sor-CPnd_005-Ex1-3D-lcwgs-1-2-L3-clmp.r2	0.08952971749517981	0.019113085757397938	0.0	0.0	0.0008382932349735938	0.01752032861094811	0.0	0.0015927571464498284	0.000670634587978875	0.0036046609103864533	0.0	0.0030681532400033532	0.0034872998574901498	0.03425559063646988	0.0034617746972837675	0.0008275160922325793	0.00010212103691658464	0.0	3.487742677135475e-05	0.0364625672838064	0.0033252425122857776	0.0007763657984247538	0.03652447861069611	0.13778393276050324	0.07267990389587231	8.302229376899004e-05	0.03638065217782554	0.00024318119917512938	0.0007762902686306811	0.0022669215064260143	0.03751677609263634	0.00142357366815786	0.0005558464191050237	0.0010501336571429678	0.0003185822049248175	0.0010715659068141793	0.007805690769624915	0.0
Sor-CPnd_006-Ex1-2D-lcwgs-1-2-L2-clmp.r1	0.0	0.06325446209186109	0.024921457374799703	0.003503016096859396	0.0	0.0	0.0	0.027623784078091237	0.023119906239272014	0.018716114574648772	0.00048041363614071715	0.0	0.00014012064387437583	0.00080085290834739	0.005861179474753725	8.179079305579809e-05	0.0032075216172282065	0.0004334908060934935	0.0006769480024956816	0.0012522732895069186	0.0019416789349243817	7.9112046391304e-05	0.0055865137627556394	0.002126866699977593	0.0	3.37291220950372e-05	0.0	0.0010897716289605683	0.0	0.0017066117886914906	0.004953698264539762	0.004897281823784712	0.00034141661557610884	0.0008261569553637723	0.07849784418918475	0.0015292390506483973	0.0035935482569399617	0.0
Sor-CPnd_006-Ex1-2D-lcwgs-1-2-L2-clmp.r2	0.08947703973120857	0.009308014200226394	0.0	0.0	0.00010008617419598276	0.0	0.062453772698293226	0.0006005170451758965	0.00030025852258794825	0.005945118747241375	0.0030826541652362685	0.000800689393567862	0.011049513631236496	0.001661771448363956	0.027734943369958766	0.000981465032854542	0.006519862835503022	0.0010837281896992502	0.009544648081153427	0.009426660580682292	0.01294218080724364	0.0066958930976941345	0.008109210014228999	0.006046526524944466	0.0011759942077517723	0.0036374487473367473	3.561593485418124e-05	7.499740321491369e-05	0.004733212478641379	4.1508054015260854e-05	0.007909701795502308	0.001289139186516341	0.00043737325287609356	0.001543053507437775	0.0020752791113873292	0.0001170190109085122	0.02307198459192681	0.0
Sor-CPnd_006-Ex1-2D-lcwgs-1-2-L3-clmp.r1	0.0	0.041280568522260155	0.0026126942102696303	0.0	0.0	0.0013934369121438026	0.006705915139692051	0.0016547063331707659	0.0	0.0053298961889500455	0.0033094126663415317	0.0	0.0006793004946701038	0.006707111419580167	0.010335100752342783	0.0009232461120241975	0.018937399457478913	0.0020016791656252944	0.0020367606195243874	0.000990930358223347	0.1658829479575887	0.0	0.004238792867147754	0.0036398439254869104	0.0	0.0011963579525251778	0.001264657155856642	0.0	0.0	0.0	0.11590221522723378	3.864086178395585e-05	0.0002864644718577303	0.12329572024344494	0.06288014220086985	9.949823042397192e-05	0.00042708942825538245	0.0
Sor-CPnd_006-Ex1-2D-lcwgs-1-2-L3-clmp.r2	0.07280707865951369	0.020640284261130078	0.0	0.0	0.00034835922803595065	0.005312478227548247	0.0	0.00034835922803595065	0.000261269421026963	0.005922106876611161	0.0	0.002386260712046262	0.006200794259039922	0.030608849563688877	0.003958973126455382	0.0005149074587008707	0.0002905148886156838	0.0	0.0	0.023013023591786978	0.0018855572669165207	0.0005126552286598345	0.06305358707596816	0.07194640690227122	0.11527228935186039	0.0	0.05961409418145885	0.00015485600559463777	0.0009802025229106001	0.001173220888162719	0.07013006137473875	0.000500811121397001	0.00024472904619709417	0.00038969845133835434	0.00023064900940863441	0.0001980138223548695	0.005048331128009735	0.0
Sor-CPnd_007-Ex1-1C-lcwgs-1-2-L2-clmp.r1	0.0	0.05683276500568328	0.013095107144166654	0.003928532143249996	0.0	0.0	0.0	0.19158141751915814	0.0629874653634416	0.06712551922099827	0.0006547553572083326	0.0	0.0	0.0008382266999826854	0.0036830338939086303	0.00037192675593263026	0.003425165527192308	0.001787590273308802	0.0007882492308939647	0.001677525268447427	0.01075775735624984	0.0001231887405491138	0.050755931601038605	0.0009608076615465558	0.0	0.0	7.489298728279629e-05	0.001407981377099652	0.0	0.0231776914933588	0.0696541141061033	0.002404297186218003	0.00014870824582266146	0.00020873601990506685	0.026988234231435676	0.0011696672530598494	0.0016756312940900484	0.0
Sor-CPnd_007-Ex1-1C-lcwgs-1-2-L2-clmp.r2	0.360115446464583	0.012047498572633321	0.0	0.0	0.00013095107144166652	0.0	0.29804463860123304	0.001440461785858332	0.0	0.0033785376431949964	0.0032213963574649965	0.0006285651429199994	0.046932864004693285	0.0036148488560967963	0.07368795453182236	0.0011423831866699292	0.003694969231964235	0.0011001115238057258	0.06855404733523239	0.0510244075427033	0.04995208950842197	0.06801113928823016	0.026547246600628266	0.066531042297574	0.002998064697546963	0.08479240041829003	0.0	0.00031286774181058907	0.004130521198161959	0.0	0.051489584245174816	0.0028271281796357246	0.0007926014616561704	0.011628937803434448	0.002806645255448744	5.8429713145166285e-05	0.05609147874883737	0.0
Sor-CPnd_007-Ex1-1C-lcwgs-1-2-L3-clmp.r1	0.0	0.04973674934126975	0.004506889907946774	0.0	0.0003219207077104838	0.0003219207077104838	0.005311691677222983	0.0006438414154209676	0.0	0.004024008846381048	0.0029938625817075	0.0	0.0010623383354445965	0.0076628895275345655	0.011221344743964162	0.0016007521575035584	0.05721463619423108	0.0017282283050587277	0.001702829790346901	0.0014658573227438847	0.09525471413071587	0.0	0.005232916312189444	0.005318534887939707	0.0	0.0017471951917188322	0.002246747131418793	9.795201918292344e-05	0.0	0.0	0.061955909080127006	5.9406234684330116e-05	0.0003755598188549807	0.06363716780276175	0.0330060639047639	0.0	0.0009454566082689634	0.0
Sor-CPnd_007-Ex1-1C-lcwgs-1-2-L3-clmp.r2	0.07790481126593708	0.019637163170339512	0.0	0.0	0.0011267224769866936	0.006599374508064919	0.0	0.0001609603538552419	0.0	0.0043781216248625805	0.0	0.0033157832894179836	0.0043781216248625805	0.027979277947885777	0.003977664283194174	0.0003920396352071194	0.00026552200131898054	0.0	3.475562624077586e-05	0.034970336001281535	0.0029516755370665878	0.0006876772440341134	0.03171619083790608	0.1292954880162543	0.06749640298272273	0.00017913257736400142	0.032097186162276074	0.00014686199965340568	0.0005125266641997049	0.004300289194448326	0.03487297322003943	0.0008308003812186891	0.0005000015625048828	0.0007248759638379151	0.00020891524935079587	0.0007402253245888048	0.0067689512926729254	0.0
Sor-CPnd_008-Ex1-1A-lcwgs-1-2-L2-clmp.r1	0.0	0.06241881067636863	0.011765846101935302	0.00366934861484084	0.0	0.0	0.0	0.1512409776899616	0.08658865046542896	0.050206261264800545	0.0006860086540789397	0.0	5.583791370409974e-05	0.000630190496216783	0.017779566113120992	0.00010397205231233845	0.003087602170560267	0.0011592771069982178	0.0010192961662895946	0.0012368943113684502	0.01741163757803384	0.00017341776521315603	0.05307676978661322	0.0011608528129482532	2.5498790337386392e-05	1.7190371329211083e-05	6.959147455722642e-05	0.0010131766709640042	8.929007514920595e-06	0.0172951178236693	0.051792064235392545	0.002930427543779094	0.00036994842539515713	0.0002027018222411196	0.018218088023466316	0.002308907179108282	0.0020966038632250004	0.0
Sor-CPnd_008-Ex1-1A-lcwgs-1-2-L2-clmp.r2	0.2947444159094979	0.01100804584452252	0.0	0.0	0.0	0.0	0.22482737110715015	0.0005184949129666404	7.976844814871391e-05	0.03324748918838396	0.0029275020470578006	0.00029514325815024146	0.034340316928021336	0.0027201897910718747	0.05166267839731211	0.0011197274135584432	0.03368423213825421	0.0008614523732771355	0.05092052563185868	0.05040813581126946	0.0402023029708158	0.05236830086707899	0.020004374134285925	0.05022311006735281	0.0024055328956623483	0.06406418073921108	4.349721430790408e-05	0.0001850201028747014	0.004062757187039787	5.433034096907037e-05	0.03688558823829413	0.002230263613426448	0.0017641619045360775	0.034888087411885864	0.0032258895734724874	4.0327800493531624e-05	0.04205106226999449	0.0
Sor-CPnd_008-Ex1-1A-lcwgs-1-2-L3-clmp.r1	0.0	0.06076310869127657	0.002194223369407209	0.0005907524456096333	4.219660325783095e-05	0.00029537622280481667	0.00312254864107949	0.06088969850105006	0.0	0.00265838600524335	0.0016034709237975763	0.0	0.00047260195648770665	0.01707331482247297	0.007129311089770106	0.0008885771628560528	0.03184355512584485	0.0010396036144802126	0.0012846904975041032	0.0008617767043487148	0.05339581592747196	0.0	0.0031525865117866553	0.0036571622668625956	0.0	0.0019063829166199192	0.0034541009552436254	2.8071777664035096e-05	2.8460311384266857e-05	0.00025024998529781336	0.036803426021742164	0.0006454767570771065	0.0035141164481249767	0.037433445369788154	0.020874018535834902	0.0007202946456628748	0.0007159293622236899	0.0
Sor-CPnd_008-Ex1-1A-lcwgs-1-2-L3-clmp.r2	0.2231778346306679	0.011393082879614358	0.0	0.0	0.00029537622280481667	0.08325389822770048	0.0	0.0003375728260626476	0.0001687864130313238	0.0017131820922679365	0.0	0.0021520267661493788	0.0020085583150727536	0.049169121184244956	0.0027368567943061215	0.013142719610359408	5.9411821271927314e-05	0.0	0.00010278404284587088	0.020037826244898433	0.0020138130212802746	0.00039382482671707623	0.019880181940316356	0.07225762251012276	0.0384756050056699	0.00016420251899435445	0.018842050691212316	0.0001777953452055707	0.0005502332087561077	0.014389183030311899	0.02146018373669879	0.0023633044358131977	0.0008985779146308576	0.000904558770622398	0.0004402324217552381	0.014103588492546759	0.01914610995025649	0.0
Sor-CPnd_009-Ex1-6A-lcwgs-1-2-L2-clmp.r1	0.0	0.04876086256839395	0.012753459929192145	0.002775989700675893	0.0	0.0	0.0	0.16257644029610557	0.08360154489861603	0.05138397167685871	0.0006598004505954297	0.0	0.0001770196330865787	0.0006035392993005302	0.018765254335782636	0.0003576944382254389	0.002096792031532463	0.0014363491878447447	0.0007062926333763434	0.00047828773685895746	0.0189621721595927	0.00021966982161346018	0.0514946404201073	0.0012253383635742303	1.0056333569389004e-05	1.0419951122093277e-05	3.245229674639764e-05	0.002035801080414255	0.0	0.017264196291225747	0.05438657626624364	0.0026118125619389353	0.00022320270209191153	0.0002779055574529517	0.018124332923857664	0.0019655189497956105	0.0018877466877339198	0.0
Sor-CPnd_009-Ex1-6A-lcwgs-1-2-L2-clmp.r2	0.30282426778242677	0.00993723849372385	0.0	0.0	4.0231734792404244e-05	0.0	0.23664306404892177	0.0004023173479240425	0.00020115867396202126	0.034744126166720304	0.004047312520115868	0.0005310588992597361	0.0354200193112327	0.0015611561181869218	0.054593356172576345	0.001121891020481828	0.03533347498518247	0.0010104826298871032	0.05208999953705343	0.05114365331264513	0.0382626374523321	0.05332169640240546	0.021918471202653132	0.04852930723854824	0.0030062971367784764	0.06556808694740865	0.00010813714731610087	0.00012366702406436622	0.003183381624374311	0.0	0.03625233150751634	0.001544037068603031	0.0011842783014997004	0.0350268887607069	0.0018264901857617262	9.730372986279039e-05	0.04588841829118867	0.0
Sor-CPnd_009-Ex1-6A-lcwgs-1-2-L3-clmp.r1	0.0	0.061281542573250906	0.0010247749594189115	0.00040990998376756467	4.099099837675646e-05	0.0005738739772745905	0.003894144845791864	0.0691928052599649	0.0	0.0024840545016314415	0.0017134237321484204	0.0	0.0008280181672104806	0.01816090612016797	0.0064067020518388555	0.0005716878312682423	0.021957927805452256	0.0014649231809614495	0.0011981520328168632	0.001029833933951423	0.05611168081520332	0.0	0.0024484561423667355	0.00300632393180184	0.0	0.0013135162531083882	0.003050396995303498	1.153979527249207e-05	1.2028991312542184e-05	0.00013816257590306514	0.03610670937499549	0.00042604984178432975	0.003112144394278726	0.03736555585575746	0.020526950692832325	0.0007406140633184628	0.0007120756096123798	0.0
Sor-CPnd_009-Ex1-6A-lcwgs-1-2-L3-clmp.r2	0.22872977094230107	0.012871173490301532	0.0	0.0	0.00016396399350702585	0.08394956467559724	0.0	0.001229729951302694	0.0005738739772745905	0.0020905409172145796	0.0	0.0015576579383167458	0.0025660364983849547	0.049981420948184294	0.003108782211054731	0.014457968283443123	0.00023475420270807417	8.517058347726453e-06	1.73648252542905e-05	0.01928309843524581	0.0013108590195703058	0.00037424323340165766	0.019220112604412972	0.07296922641571597	0.03745947897850668	0.00014946451135994343	0.019404058131453513	8.073220884130712e-05	0.0005409268240202763	0.015649263731632824	0.02120909134192951	0.0017295193679402838	0.001064613248306222	0.0012534984689195811	0.0005400141769604222	0.013774805779438145	0.018237305742031713	0.0
Sor-CPnd_010-Ex1-1H-lcwgs-1-2-L2-clmp.r1	0.0	0.0529144509162715	0.013177928389109759	0.003446535117151783	0.0	0.0	0.0	0.19503334015882445	0.002432848317989494	0.07051205374972884	0.0008920443832628145	0.0	0.0	0.0004460757298711368	0.0038665526508474463	0.00041051947955982455	0.0038287213194439533	0.0018237703440521546	0.00121583239576734	0.0016975524420855413	0.0010614138678798166	0.0001436430069077922	0.05033201689361755	0.0011965207258198768	5.443619615103432e-05	0.0	0.00012016522718738266	0.0012655968997938342	0.0	0.025824587547468556	0.07370137725248434	0.0017401938101306174	8.393338710665668e-05	0.00026752345511892755	0.02582107702370318	0.0021365390915435785	0.001526609346120504	0.0
Sor-CPnd_010-Ex1-1H-lcwgs-1-2-L2-clmp.r2	0.3505328951503196	0.013583403108774676	0.0	0.0	0.0	0.0	0.29417190911689634	0.0022301109581570363	0.0	0.003203250285352834	0.0029599654535538847	0.0006487595514638651	0.0476432795606276	0.002960326755189899	0.07631223466236008	0.001149445577241306	0.0035791353058808105	0.0011028066003823346	0.06931009100206498	0.049280165559910695	0.05150720893234694	0.06512399416948711	0.02461918751697553	0.06227210464626895	0.0019596667913232488	0.0852892350475346	6.006868253160664e-05	0.00025302971454452754	0.0034716496411182182	7.049914096796731e-05	0.052958516326140924	0.0017381315244124522	0.001089588479194308	0.023681935579793433	0.0038854935571883053	0.0	0.05286558733667531	0.0
Sor-CPnd_010-Ex1-1H-lcwgs-1-2-L3-clmp.r1	0.0	0.04695790612938786	0.005273347747150508	0.0	0.0007533353924500727	0.0007533353924500727	0.006780018532050655	0.0005022235949667151	0.0	0.00396756640023705	0.0027622297723169332	0.0	0.0011048919089267732	0.006981903809457316	0.011243614332936025	0.0018311683159050191	0.05196998230336948	0.0015796715231034858	0.0015116415293277353	0.001613158029410652	0.0971812262912063	0.0	0.004371240732969646	0.005161330787076812	0.0	0.00237676474782526	0.0022745503593031386	0.0	8.456223399892268e-05	0.0	0.059299544294862006	0.000302081948791068	0.00042802447443944844	0.05572046331166426	0.03694593254450526	0.0001304291117777488	0.00084001377622593	0.0
Sor-CPnd_010-Ex1-1H-lcwgs-1-2-L3-clmp.r2	0.07884910440977427	0.019837832001185246	0.0	0.0	0.0007533353924500727	0.004771124152183793	0.0	0.0	0.0	0.004168455838223736	0.0	0.003113786288793634	0.004520012354700436	0.027274617728401063	0.003680630204562368	0.0003052074495034275	0.0002580679792348181	0.0	0.00010798343102234393	0.03304484920366921	0.003224185072829159	0.00029922954377069924	0.033280987065372476	0.12541347254228785	0.06417781844732144	7.199973504097505e-05	0.03167768186058637	0.0005597823566197462	0.0005915159709312151	0.00026844004123239033	0.03696521289119147	0.0006033989462643068	0.0006409263522210768	0.0007960090381140499	0.00024252919141980227	0.000780672627535885	0.008666371264549371	0.0
Sor-CPnd_012-Ex1-5B-lcwgs-1-2-L2-clmp.r1	0.0	0.046922131605407216	0.019116423987388123	0.0	0.0	0.0	0.0	0.0362467260020606	0.028302238111198003	0.04011966384885612	0.00024826524658945617	0.0	9.930609863578246e-05	0.000596016819594649	0.0038093271374961594	0.0	0.0009512369515392335	0.0011537073286236436	0.0	0.00030137747589130886	0.0006994025195022034	0.0	0.009575381836215239	0.0011403713505265855	0.0	0.0	0.0	0.0002823274320626089	0.0	0.0027614194923488225	0.0029861506598326476	0.0028942980102814367	0.0002328605875305484	0.0014632147804202352	0.05813983270071049	0.0005420267192071232	0.00315540212014337	0.0
Sor-CPnd_012-Ex1-5B-lcwgs-1-2-L2-clmp.r2	0.11941558360952843	0.001489591479536737	0.0	0.0	0.0	0.0	0.05089437555083851	0.0	0.0	0.006156978115418513	0.0016385506274904107	0.0	0.021648729502600578	0.0020860599046869295	0.03779505456222399	0.000512072099751645	0.005919386413316928	0.0008241124309119079	0.02451471485712284	0.012115118945152867	0.10242618448157474	0.030132637412897845	0.0048584893527634804	0.011855319504660433	0.000806053786357056	0.0034937683103284313	0.0	0.00018800632453275728	0.0028410510321342465	0.0	0.011072369646802055	0.0008888503720394338	0.00023235820340637126	0.0009731211766981269	0.0008941858756953892	0.0	0.02461866123147696	0.0
Sor-CPnd_012-Ex1-5B-lcwgs-1-2-L3-clmp.r1	0.0	0.0396387064040294	0.0015855482561611762	0.0	0.0	0.00026425804269352934	0.006870709110031764	0.0010570321707741174	0.0	0.0048094963770222345	0.0014269934305450585	0.0	0.00026425804269352934	0.005921070021939679	0.005222586086071416	0.0004886197740079254	0.03174831675334682	0.0005769112058655716	0.00011983819446982683	0.00037477864636199245	0.15660884085956647	0.0	0.003589470789963552	0.0015082899385748922	0.0	0.0008302296581280313	0.0009585129455887055	0.0	0.0	0.0	0.11224639330512623	0.0	0.0007971366850273818	0.10647934587503077	0.06166306545974849	0.0	0.0	0.0
Sor-CPnd_012-Ex1-5B-lcwgs-1-2-L3-clmp.r2	0.07663483238112352	0.006870709110031764	0.0	0.0	0.00026425804269352934	0.005285160853870588	0.0	0.0010570321707741174	0.0	0.0048094963770222345	0.0	0.0012155869963902351	0.005285160853870588	0.024635776434029515	0.004050196860884265	0.00027147385326729644	0.0003348354423315708	0.0	0.0	0.05996536999882568	0.001958501954911368	0.0002051390056091842	0.055331923362056654	0.08081459909701748	0.10633205824528368	8.296441822031367e-05	0.05424131377163449	0.00018223101790601983	9.515952066246251e-05	0.0006953888763608512	0.06392601186782258	0.0003254540898188197	0.0001136545741988205	0.0005962979438454301	0.00012553083853344832	0.0	0.0029596473227875932	0.0
Sor-CPnd_013-Ex1-7F-lcwgs-1-2-L2-clmp.r1	0.0	0.057558365839316915	0.011870550269019797	0.003450741357273196	0.0	0.0	0.0	0.14934808594278393	0.08254173326597486	0.05292056945514174	0.0003312711702982269	0.0	2.760593085818557e-05	0.0006903195931201092	0.01809183649648668	0.00045091939646693376	0.002674681892604907	0.0014164368645399458	0.0006081435899993219	0.001540472616998895	0.01647122444473219	0.00020354459339762404	0.05088483667277616	0.0008892923641281692	3.888065698978955e-05	0.0	4.305697643577794e-05	0.0009995851721535563	0.0	0.020261438572294743	0.05444120376864262	0.00193623521841018	0.00018129155731260647	0.0002567994062797727	0.01782458153209449	0.001754675845570979	0.0011719363435429824	0.0
Sor-CPnd_013-Ex1-7F-lcwgs-1-2-L2-clmp.r2	0.2803382278648745	0.006763453060255465	0.0	0.00013802965429092785	0.0	0.0	0.23257996748021348	0.0006901482714546394	0.0002760593085818557	0.03414853647157555	0.0030918642561167838	0.000966207580036495	0.0365502524562377	0.0032030873343851978	0.055359429153131356	0.0012118725177750697	0.03459861294937214	0.0008852931559756698	0.051786087878832106	0.04986228138486356	0.037248029474868015	0.048983341254116006	0.020571141273463402	0.04731183911158962	0.0020991514763254587	0.059657459940628564	0.0	0.00022703495975124236	0.002926142250807807	0.00010146731889859256	0.035859379697149286	0.0021043160659981767	0.0007843340732218092	0.03248419518964812	0.0025892702005662327	0.0	0.038830582247782866	0.0
Sor-CPnd_013-Ex1-7F-lcwgs-1-2-L3-clmp.r1	0.0	0.0615432833056721	0.003561532598707876	0.00028492260789663007	0.0	0.00042738391184494513	0.003561532598707876	0.052853143764824875	0.0	0.003419071294759561	0.0016240588650107913	0.0	0.0006268297373725861	0.016472398757445352	0.007515033652722263	0.0008438690873875908	0.03256464721285543	0.0012204506025669738	0.0008183205607132482	0.0007491671215956869	0.060041105324614354	0.0	0.003203358002871976	0.0035480658798702027	0.0	0.0016212337247332857	0.0023845270290637852	0.0	5.028059083716681e-05	0.0002663352745623712	0.0375072585583204	0.00041957446757498544	0.00305588448756637	0.03812513712860158	0.02251439622450894	0.0006959921677681387	0.000744784645519748	0.0
Sor-CPnd_013-Ex1-7F-lcwgs-1-2-L3-clmp.r2	0.20642642942110848	0.011254443011916887	0.0	0.0	0.0011396904315865203	0.08220017237817777	0.0	0.0011396904315865203	0.0005698452157932601	0.0030201796437042787	0.0	0.0021654118200143888	0.003191133208442257	0.04947413779345345	0.0032986884988213646	0.011116388000353862	0.00026743481870593637	0.0	9.443396752038122e-05	0.021078166114844404	0.0023682380038595515	0.00024674038329356113	0.02117036399403401	0.07962514103097014	0.0404277073196025	0.0	0.018529137293261826	0.0002849795812130061	0.0006531238915733955	0.0158052789631737	0.023580315513647532	0.00143615054208699	0.000953165876915784	0.0008108228635831074	0.0002880522411544558	0.013895686624475245	0.021169761641715017	0.0
Sor-CPnd_014-Ex1-1F-lcwgs-1-2-L2-clmp.r1	0.0	0.05744906059804181	0.013945488224397989	0.003228367292934639	0.0	0.0	0.0	0.15472347181794127	0.08737761312516538	0.05109288171473935	0.00047631648584281553	0.0	7.938608097380259e-05	0.0005504681652350877	0.01881741191845505	0.00028332781022296987	0.0027208099553733076	0.001457629568692361	0.0007026004253486767	0.0011652970388302355	0.01713266280934057	0.0001229878798519103	0.05199149907716046	0.0013420487663316372	0.0	0.0	3.8008702776657364e-05	0.0010298339708058836	0.0	0.017220595832615808	0.05132297777935605	0.0027461476882178013	0.0002301267506761804	0.00036619988388134593	0.01877885286349769	0.0018964526726328223	0.0020431170768325678	0.0
Sor-CPnd_014-Ex1-1F-lcwgs-1-2-L2-clmp.r2	0.30471024080444564	0.007303519449589839	0.0	2.6462026991267533e-05	5.2924053982535066e-05	0.0	0.2336596983328923	0.0007938608097380259	5.2924053982535066e-05	0.03587721619476052	0.0027785128340830907	0.0006350886477904207	0.036147128870071446	0.0029111272546349775	0.0551683092593263	0.0010959154269769367	0.036227127264540304	0.000847140205939784	0.05235073225537556	0.051755874733129266	0.039226802738527855	0.05403228038239554	0.020385279224394377	0.050621784320905444	0.002238838144201416	0.06539939776876481	3.799677939297865e-05	0.00018352764389125843	0.0032655358286784054	2.65383695728039e-05	0.03694682560211517	0.002150586853719055	0.001389070791016284	0.034571654322891276	0.0026742604668434115	2.5239179080556895e-05	0.04358695787369192	0.0
Sor-CPnd_014-Ex1-1F-lcwgs-1-2-L3-clmp.r1	0.0	0.058361496887931755	0.0032967979101025872	0.00040869395579784144	0.00019072384603899267	0.00040869395579784144	0.004195924612857839	0.06509132402673622	0.0	0.0032913486573586167	0.001988977251549495	0.0	0.0006430118237886038	0.018611131124056733	0.007657814939527859	0.0010570348476862334	0.03495925636301371	0.00134364534838201	0.001107137010929471	0.000904941492555725	0.056606460209968894	0.0	0.003327335327269837	0.0034869453100482414	0.0	0.0017982919837786538	0.0027639597340028328	6.64282501412223e-05	8.745535185649346e-06	0.00021224142074037925	0.037461999277281784	0.00036117593932574434	0.0032700657633192016	0.036981930656557034	0.020594395059126323	0.0007161584306899882	0.000540004760568284	0.0
Sor-CPnd_014-Ex1-1F-lcwgs-1-2-L3-clmp.r2	0.22151212404243006	0.012342557465094812	0.0	0.0	0.0010353580213545315	0.08318284313672067	0.0	0.00021797010975884877	0.00024521637347870486	0.003073378547599768	0.0	0.0022505413832601133	0.0031878128552231635	0.05140815173170755	0.0031320080730377724	0.013714138230475369	0.00023403671768629965	5.669717201309659e-06	9.275184342839567e-05	0.021118676602625935	0.0022658055132021853	0.0003877539669296719	0.02003718267308561	0.07465275294319597	0.037753121026448094	7.522322303377215e-05	0.01967865925576621	0.00015766318596140437	0.00038447497059203377	0.015596400549856077	0.023019060834002774	0.0017204524398436595	0.0009714793316134875	0.0008691375513312638	0.00035782475125627336	0.013629703968122901	0.019075407612648868	0.0
Sor-CPnd_015-Ex1-5F-lcwgs-1-2-L2-clmp.r1	0.0	0.04167332432210673	0.019865004340071598	0.0023751635623998654	0.0	0.0	0.0	0.04577587956625195	0.0850740403259588	0.04106873723349585	0.0007341414647417765	0.0	0.0003022935443054374	0.0007777128243548547	0.0053896851941842225	0.00022617935570548733	0.0025106608343541774	0.0007508413176964789	0.0013318317374437568	0.0006846677221960717	0.0017822649883876215	0.00033260116729705676	0.010420616611041801	0.0018930117106436951	0.0	0.0	0.00019823039724380456	0.0004215331794034673	0.0	0.004698823062293472	0.003471696990286688	0.003012853093283172	0.0006921488175329601	0.00014675775431284352	0.06179823500495478	0.0010025883489207972	0.0026851356262004794	0.0
Sor-CPnd_015-Ex1-5F-lcwgs-1-2-L2-clmp.r2	0.17835319114020806	0.012091741772217496	0.0	0.0	0.00021592396021816957	0.0	0.07363007043439582	0.00043184792043633914	0.00043184792043633914	0.012566774484697469	0.0018137612658326245	0.00043184792043633914	0.033597768209947185	0.0015554196003608573	0.041407105459296815	0.0006785092157383379	0.012079033828873723	0.0011012047179614498	0.025625643970834715	0.014092293683400363	0.09415125288153843	0.032661412902122856	0.007090182051276486	0.011116051578479324	0.0005130252844511442	0.0035963394796926697	0.0	0.0	0.004891633638875147	0.0	0.011508362743593677	0.0006536118591335721	0.0013810704953623651	0.0026347066985954086	0.0023349792342513436	0.0	0.022331517632073063	0.0
Sor-CPnd_015-Ex1-5F-lcwgs-1-2-L3-clmp.r1	0.0	0.04562190218113958	0.0009170231594198912	0.0	0.0	0.0006877673695649183	0.004585115797099456	0.004814371586954428	0.0	0.0035305391637665807	0.002705218320288679	0.0	0.0008253208434779019	0.0073395135095214135	0.008875472932595663	0.0007171286170174621	0.03172536689614848	0.0017262818034727556	0.0015471758790859946	0.0007628843836979823	0.1455808148770324	0.0	0.003733025502307297	0.003387679932000025	0.0	0.0007916305301989456	0.002440294900252946	0.0	0.0	0.00011182217590299202	0.0995702260161254	0.00012546972729154772	0.0015980737883937227	0.10149007817708532	0.0520187026083233	0.0006465252500436404	0.0010407126800432937	0.0
Sor-CPnd_015-Ex1-5F-lcwgs-1-2-L3-clmp.r2	0.08436613066662998	0.015130882130428205	0.0	0.0	0.0002292557898549728	0.015818649499993124	0.0	0.0013755347391298366	0.0006877673695649183	0.00311787874202763	0.0	0.002200855582607739	0.004034901901447521	0.02958744097993605	0.003624501631025734	0.0008604934547521468	0.0003485871761749629	0.0	0.0	0.04905671449109527	0.002378054313508913	0.00040159486708213885	0.05123230189459061	0.08094798399507541	0.0971190218303808	0.0	0.05446235067379583	0.00029886104057437105	0.0003163932852907707	0.00033471869682854036	0.05893782000933084	0.0006256217115758785	0.0009292656279246976	0.0009875303136537353	0.0003004627125773691	0.0006441213460203767	0.005184732001202858	0.0
Sor-CPnd_016-Ex1-1B-lcwgs-1-2-L2-clmp.r1	0.0	0.05713393092143977	0.014550963680366683	0.0011412520533620929	0.0	0.0	0.0	0.03609209618757619	0.023680980107263428	0.036776847419593445	8.559390400215696e-05	0.0	7.13282533351308e-05	0.0005135908258982739	0.002757538760922104	8.601551203744083e-05	0.0017439387678596986	0.001016275211973232	7.325551156155111e-05	0.0014215828258578808	0.0018138579950063441	0.00010637339218517236	0.05970041498730325	0.001301366748668451	0.0	0.0	1.654092257326471e-05	0.0014000404830983065	0.0	0.013522638549894845	0.07433377410947815	0.0026685055430381173	0.00016973298737978662	0.0004066060707448094	0.02718475837230811	0.0013189422989535223	0.0020253203417205756	0.0
Sor-CPnd_016-Ex1-1B-lcwgs-1-2-L2-clmp.r2	0.10542315842932333	0.0023538323600593163	0.0	0.0	0.0	0.0	0.03602076793424106	7.13282533351308e-05	0.0	0.0037376004747608537	0.0033666935574181737	0.0003709069173426802	0.01898758103781182	0.0026392861886439076	0.05785246891733583	0.0006881602036954203	0.003963714856983403	0.0010744249829943207	0.08033771437371089	0.05483867241542212	0.058408833046686294	0.08404560591182567	0.0063255956898316664	0.05643403685884294	0.0022646819971815875	0.07930949275369378	0.0	6.747271824978467e-05	0.0028231990529200054	3.516667156069513e-05	0.056325985246295396	0.0020607410792910607	0.00028280244401642814	0.0014130026829630396	0.0015528936480876214	0.0001236195049327273	0.06732406975174543	0.0
Sor-CPnd_016-Ex1-1B-lcwgs-1-2-L3-clmp.r1	0.0	0.05280471854994438	0.0014491861008561065	0.0	0.0	0.00054344478782104	0.0036229652521402667	0.00036229652521402664	0.0	0.0033331280319690458	0.0009782006180778721	0.0	0.00018114826260701332	0.00538039969304548	0.005751474609144663	0.0008012142037068903	0.0639872010947049	0.00035071941782053353	0.00014913984526368206	0.00037720454840788563	0.10405513010522871	0.0	0.0034114072330904137	0.0015850833623430342	0.0	0.0010401303075249268	0.0005939145395157857	6.491824520789743e-05	6.628986036924777e-05	4.517543314769995e-05	0.0720742711726262	4.736123336229473e-05	0.0006802268264940575	0.07347850329480204	0.040391354194662686	7.983536882476749e-05	8.262789765708597e-05	0.0
Sor-CPnd_016-Ex1-1B-lcwgs-1-2-L3-clmp.r2	0.07780317878971223	0.0054344478782104005	0.0	0.0	0.00018114826260701332	0.0057061702721209195	0.0	0.00018114826260701332	0.00018114826260701332	0.002228123630066264	0.0	0.0014854157533775094	0.002554190502758888	0.02349628316698738	0.0029937506815318786	0.00018210368729009135	0.00014652014652014652	0.0	3.7287651485745116e-05	0.03932662259570044	0.0019115170238750388	9.699392546443601e-05	0.03884757198731163	0.13322437291749137	0.0762843652385117	2.0801208467007098e-05	0.036141588490685696	0.00019473231771053646	6.627758776975255e-05	0.0007226406010201879	0.04189520698496856	0.00035507101775426105	0.0006070810909781436	0.0008980848340913002	0.00012841262984443068	0.00026606330603878565	0.004215247625134998	0.0
Sor-CPnd_017-Ex1-3G-lcwgs-1-2-L2-clmp.r1	0.0	0.058199865372838895	0.017747761143915155	0.004317022980952335	0.0	0.0	0.0	0.025262578925572928	0.002398346100529075	0.03763804480430295	0.0010232943362257386	0.0	9.593384402116301e-05	0.0007676030571071088	0.00478732393732654	0.00048725566564646153	0.0036709736116526627	0.001762627019309579	0.0011886428670065952	0.0017755907009778433	0.0009064601146218814	0.00043534614966013317	0.06664631177227956	0.0014521164597400711	0.0	0.0	0.0003139850511717137	0.0006664001066240171	0.0	0.0006907148459109367	0.06334638835282667	0.00264084067237231	0.0003813262986257763	0.00040832959711751974	0.0348019401424162	0.001516416631678512	0.0026642265084389377	0.0
Sor-CPnd_017-Ex1-3G-lcwgs-1-2-L2-clmp.r2	0.09001792363985794	0.013750517643033365	0.0	0.0	0.0	0.0	0.04269056058941754	0.0019186768804232604	0.00015988974003527167	0.006075810121340323	0.0020146107244444233	0.0007994487001763584	0.004732736305044042	0.0032303284988215697	0.0684048810690054	0.0011694595634992179	0.006350319335068646	0.0006102412724479794	0.06381089876164898	0.051496646194847215	0.06338002101587824	0.08892755036457525	0.005248200304645532	0.03713270410118398	0.0020011476348994564	0.008826282005134037	0.00015687250605397144	0.0004438225996686864	0.004360788029754718	0.0	0.06230467184870583	0.002350834225581778	0.0012175633513431246	0.0008961004153832744	0.003409198191551482	0.0004722675074287679	0.06950960970354152	0.0
Sor-CPnd_017-Ex1-3G-lcwgs-1-2-L3-clmp.r1	0.0	0.04896083518703424	0.004047943066644564	0.0	0.00038551838729948226	0.00019275919364974113	0.00520449822854301	0.001542073549197929	0.0	0.005474361099652648	0.0031226989371258063	0.0	0.0009637959682487055	0.008637090287669088	0.01244038497759568	0.0025101582968575955	0.06537147188966735	0.002012838624154967	0.002210307343236077	0.001414971280504791	0.12007446004666941	0.0	0.005145591951470893	0.005729939753776303	0.0	0.0017826878876193554	0.00196070101596991	0.00020840251138919724	0.0	0.0	0.07815980817157425	9.007913451967554e-05	0.00038563992607282613	0.07828108389829458	0.04504499494495057	0.00024121262410389512	0.0009142785493272869	0.0
Sor-CPnd_017-Ex1-3G-lcwgs-1-2-L3-clmp.r2	0.07748919584719594	0.019854196945923334	0.0	0.0	0.002120351130147152	0.007903126939639385	0.0	0.0005782775809492234	0.0005782775809492234	0.005512912938382596	0.0	0.004279254099024253	0.006129742358061767	0.028841756694333674	0.0046507391768579225	0.0002745691323889986	0.00023993588913042436	0.0	0.00017003130276283863	0.043595236358250265	0.0029147477910375667	0.00043800437420368375	0.04022685476922285	0.1605703738933516	0.08040394014013424	6.141932694244763e-05	0.040220665194955964	0.0006244362728092694	0.001256887930696678	0.0003939573249667303	0.04354035173543605	0.0006290755106295788	0.0005769180843627315	0.0012374246717731059	0.0001108856436357185	0.0009615477071894922	0.007943194440284757	0.0
Sor-CPnd_018-Ex1-1E-lcwgs-1-2-L2-clmp.r1	0.0	0.0621032477127342	0.012122894245294004	0.005051205935539168	0.0	0.0	0.0	0.14924984274798364	0.09023048918536809	0.0519795676061378	0.0008507294207223862	0.0	0.00010634117759029828	0.0008402421982182399	0.018705424305828344	0.000529856895384622	0.003216068004418789	0.0018511779361262341	0.0009651358062360797	0.0014800560640423868	0.01785466849603093	0.00018229814679610355	0.05201187427551487	0.00124083104302546	2.9976243826767288e-05	0.0	1.6665105701765934e-05	0.0008630568345822999	0.0	0.017953925515952665	0.05257188874450378	0.0025296489406927167	0.0003817776569875691	0.00020372267537784828	0.018393493226834555	0.0023480813387116136	0.0019903433595037157	0.0
Sor-CPnd_018-Ex1-1E-lcwgs-1-2-L2-clmp.r2	0.3048801561513852	0.011963382478908557	0.0	0.00010634117759029828	0.00010634117759029828	0.0	0.22666622003372078	0.0013824353086738777	0.0001595117663854474	0.03647502391347231	0.0032540400342631276	0.0010208753048668636	0.03666643803313485	0.003063165666847975	0.05348739641760573	0.0014814648205091828	0.036775347234612836	0.0011400779971380655	0.05128269533473995	0.05196139838496079	0.03894716942043688	0.051407059928938986	0.019322648634371806	0.04737418389340495	0.002322642285815668	0.06374687361752224	9.994145096664205e-05	0.0002640257520157486	0.004119378469667674	0.0001581756651484439	0.037496195239012514	0.0021900968290973584	0.002190896633973091	0.03483508724143968	0.002663693477375729	5.855731751270767e-05	0.0444459445520281	0.0
Sor-CPnd_018-Ex1-1E-lcwgs-1-2-L3-clmp.r1	0.0	0.057810100921792444	0.003114532847393355	0.0004917683443252665	0.0005464092714725184	0.000655691125767022	0.004425915098927398	0.0627277843650451	0.0	0.0036063011917186207	0.002021714304448318	0.0	0.0012567413243867922	0.017717886003711682	0.007998279930349045	0.0013900202108938664	0.03371402034083004	0.0016153033138702842	0.001545349540096789	0.0018850038518565552	0.057942013128538715	0.0	0.0037998027480173474	0.0047118879900031165	1.5540863223464094e-05	0.001737004421167857	0.003947555000435443	1.833474327509119e-05	0.0	8.266913847390704e-05	0.037337932921018176	0.00044499676089199835	0.0028739265884192254	0.03579807534586551	0.020617198752659476	0.0006489336783600396	0.000532764518415838	0.0
Sor-CPnd_018-Ex1-1E-lcwgs-1-2-L3-clmp.r2	0.2198750908405414	0.013441668078223952	0.0	0.0	0.0010928185429450368	0.08480271893253485	0.0	0.0001639227814417555	0.0001639227814417555	0.003486091151994667	0.0	0.0026664772447858895	0.003737439416872025	0.05145946834543163	0.00315318398520926	0.013077682434503997	0.00027198460023193486	0.0	0.00011979805402437004	0.020710691727182397	0.0022428906168026536	0.0006050150910930889	0.020684668144049154	0.07668555378842584	0.039506619339507734	0.00013103218969530103	0.019724746355334038	0.00012822917704712386	0.000505125959957888	0.015685066970076402	0.020437094797826426	0.0019866919685523022	0.0009473830910567286	0.0011987232797921361	0.00042811408041523643	0.012963255482979798	0.01899898594573265	0.0
Sor-CPnd_019-Ex1-6G-lcwgs-1-2-L2-clmp.r1	0.0	0.04762497004480387	0.016228891066222974	0.003412617280280532	0.0	0.0	0.0	0.01744226609921161	0.0058393673462578	0.03725061351275106	0.000773526583530254	0.0	0.00016683906703593714	0.000606845091260399	0.004384518951051964	0.0003723130054052092	0.002745179433179159	0.0013547583192770358	0.0011461163510352128	0.0006807375704301563	0.001377451660055805	0.0001320224634335497	0.06424357323305094	0.0012327033739707696	0.0	2.2444356512443265e-05	4.699357433361349e-05	0.0018217348725844166	0.0	0.00037951590036081116	0.08995758410208292	0.002396224030173253	0.00015777026440718612	0.0004329870879919691	0.029881387102446293	0.0016157462361567182	0.00168114721485942	0.0
Sor-CPnd_019-Ex1-6G-lcwgs-1-2-L2-clmp.r2	0.10063429179849481	0.010844539357335913	0.0	0.0	7.58359395617896e-05	0.0	0.03511204001710859	0.0006825234560561065	0.00022750781868536885	0.004610825125356808	0.0035491219714917535	0.0006521890802313906	0.005824200158345442	0.0021542981129865644	0.06558447947036218	0.000930789444413332	0.004855931957284937	0.0009958037483032566	0.08531448019864568	0.059404803322619056	0.06287422762029114	0.08905352622354774	0.005447955698876345	0.05913486858050846	0.002789566677295631	0.08306691204642953	9.392164915145312e-05	0.0001967798938175693	0.004231359378382346	2.707569742258314e-05	0.05892012938541926	0.001375558596403931	0.0013545828530602073	0.0007979872102599876	0.002286388845799253	7.502573382670256e-05	0.07554794254836929	0.0
Sor-CPnd_019-Ex1-6G-lcwgs-1-2-L3-clmp.r1	0.0	0.04831309066392741	0.0023656127255407017	9.098510482848852e-05	0.0	0.0008188659434563968	0.004822210555909891	0.001910687201398259	0.0	0.004767619493012799	0.003038902501271517	0.0	0.0007642748805593036	0.007244385146462173	0.01014015416701659	0.0007833334980820452	0.04304102230271	0.0020728514499892014	0.0020461530276926353	0.000978218893064513	0.11001458441076721	0.0	0.004192744080717836	0.004087822680915987	0.0	0.0013364971190133977	0.001664833402750071	0.0	0.0	0.0	0.0743959826882295	0.00015039001771218434	0.00083394125003028	0.07668966096534055	0.04053336564124675	9.513924103621856e-05	0.0008122351034812905	0.0
Sor-CPnd_019-Ex1-6G-lcwgs-1-2-L3-clmp.r2	0.07278808386279081	0.02028967837675294	0.0	0.0	0.0005459106289709311	0.005641076499366289	0.0	0.0007278808386279082	0.0004549255241424427	0.005040574807498264	0.0	0.0025111888932662836	0.004785816513978497	0.027448589865099647	0.0035939833052140817	0.00044762523621556734	0.00026782238402095135	0.0	0.0	0.040194242398077826	0.0020385841944135703	0.00037033745148579383	0.03792207389400817	0.1508426553485181	0.07780025104397946	8.347229151195309e-05	0.037353776744063885	0.0001837332389352781	0.0008038634319630893	0.0004732300520012222	0.04391802916954352	0.0006004238992728867	0.00039627517189426263	0.0014246476615875183	0.0003109390581655928	0.00028469143007622615	0.0061823488871772	0.0
Sor-CPnd_020-Ex1-2E-lcwgs-1-2-L2-clmp.r1	0.0	0.05906971032536743	0.022946655300901463	0.002957967284881829	0.0	0.0	0.0	0.023843009023592928	0.02402227976813122	0.01708450195449929	0.000537812233614878	0.0	0.00019719781899212193	0.0005737581319008984	0.005637010050626834	0.00010921112075000374	0.0024641452963820236	0.0007211185839660041	0.000664537930163709	0.001092879364737559	0.0022747243581696724	0.00013217372914959424	0.005281299866878814	0.0018798626186632761	0.0	0.0001080050362748415	5.6764271886103625e-05	0.0011605481477205198	0.0	0.002360756360107152	0.004378404468041094	0.004900622633180773	0.0001915737438222257	0.0007701477751444128	0.07932353099585286	0.001294856966862298	0.003275887827644622	0.0
Sor-CPnd_020-Ex1-2E-lcwgs-1-2-L2-clmp.r2	0.08954573689687718	0.009770255577336951	0.0	0.0	8.963537226914634e-05	0.0	0.054319035595102684	0.0006274476058840244	0.00035854148907658536	0.005664955527410049	0.0029041860615203413	0.0005019580847072195	0.01055904685330544	0.001093725850622868	0.024439248027570783	0.0009647412554851456	0.0064290571148540865	0.0010816569390285165	0.008580307081176936	0.009309434261632341	0.012698495596801918	0.006232629024230171	0.007826043265979195	0.005391979856929548	0.0013087077306648699	0.0036411940419276752	5.6687510664337945e-05	5.941843023043359e-05	0.005141766287090053	3.271352115256278e-05	0.007530889542482985	0.0008688235694457919	0.0009550182580390571	0.002262967307800327	0.001545784195644753	0.000138185677330916	0.021948437978113848	0.0
Sor-CPnd_020-Ex1-2E-lcwgs-1-2-L3-clmp.r1	0.0	0.04307409281430459	0.0029944556501922976	7.678091410749481e-05	0.0	0.0006142473128599585	0.0050675403310946575	0.0019195228526873703	0.0	0.004038676082054227	0.003378360220729772	0.0	0.000844590055182443	0.00625085238896213	0.010979208124614013	0.0007940570899022096	0.015372989530867603	0.0019709848413494526	0.0023216939078751857	0.0009579214199953438	0.16618478805992148	0.0	0.0042749460432485896	0.004477442162338339	0.0	0.000996506249090688	0.0016975244048200392	0.0	2.5659908702044837e-05	5.401100582265648e-05	0.11446399910662246	3.010559235462461e-05	0.0007331287160461795	0.11293542362636154	0.06026420869625538	0.00023317279386475746	0.0005846548970067757	0.0
Sor-CPnd_020-Ex1-2E-lcwgs-1-2-L3-clmp.r2	0.07424714394194748	0.022036122348851012	0.0	0.0	0.0007678091410749482	0.00637281587092207	0.0	0.0006910282269674534	0.0005374663987524637	0.0048218414059506744	0.0	0.002579838714011826	0.004284375007198211	0.02862797804307804	0.0034078890008917566	0.0005137943667274242	0.00026886146185670345	0.0	0.0	0.02059491244083239	0.0020370476979146832	0.0004421585665366659	0.06078885766032965	0.0704661691841122	0.11559315345845726	4.424331433746632e-05	0.057131537003237226	7.31258752253191e-05	0.0010244049103824975	0.0007005737159831043	0.06503755499708055	0.0004202384432927243	0.0007942632588748593	0.0005397633542514123	0.00010791724042666159	0.00042561506213012603	0.005780839635765514	0.0
Sor-CPnd_022-Ex1-7C-lcwgs-1-2-L2-clmp.r1	0.0	0.06156902715763223	0.01565095018082668	0.004785827741244523	0.0	0.0	0.0	0.2016514986108165	0.07088198924870265	0.06964026096989327	0.0005173867828372457	0.0	5.173867828372456e-05	0.000853894619829943	0.004231919060706684	0.00034328856982416894	0.00312499494882282	0.0016975398093787002	0.0010214452428741426	0.001783406194734508	0.01228613039267167	0.00014048640138463397	0.0527392903833089	0.0013076800046674117	8.70133149514805e-05	0.0	7.510849892097253e-05	0.0012687801420682406	0.0	0.023173040450910155	0.07191580082185713	0.003097864286466624	0.00031126250706625745	0.00032519674403013826	0.02315096708974797	0.0015735250273296452	0.0021500077865146865	0.0
Sor-CPnd_022-Ex1-7C-lcwgs-1-2-L2-clmp.r2	0.363658234986729	0.01235260944023924	0.0	0.0001293466957093114	0.0001293466957093114	0.0	0.2881197646924911	0.001552160348511737	0.00019402004356396712	0.0047987624108154535	0.0027938886273211265	0.00090542686996518	0.04624144371607883	0.003751955383299115	0.0717609800745111	0.0012147336095796005	0.004903187637716936	0.0007867058308151846	0.0709662087629506	0.049820664611759165	0.05367585249284033	0.07046478189245552	0.024962580380640552	0.06521504787773637	0.0024536700116627634	0.085454053944656	9.38629405832568e-05	0.00017562147561847054	0.003796422430156993	0.00016904045243677096	0.04871805930488527	0.002155416538832122	0.0011722199189828576	0.013144617279224158	0.0036630439162335117	8.274380669502205e-05	0.05677308084324006	0.0
Sor-CPnd_022-Ex1-7C-lcwgs-1-2-L3-clmp.r1	0.0	0.05069925361192573	0.004911490193655305	0.0	0.00023765275130590186	0.0005545230863804377	0.004673837442349403	0.0007129582539177056	0.0	0.004753055026118037	0.003026111699961817	0.0	0.0011090461727608753	0.007353302409315873	0.011280938612387109	0.001878009064307887	0.05459178587058109	0.001849403889618753	0.002096658764592745	0.0017312769610318408	0.08920931044541613	0.0	0.005012364500750452	0.0057248301078599625	0.0	0.0015754421872359026	0.0024371713626740645	0.0	0.00012717504296608828	0.0	0.06207147711851086	2.8890561973433395e-05	0.0005435737801751395	0.06328635987790125	0.033687164494722345	6.990655590671949e-05	0.0008471351913586317	0.0
Sor-CPnd_022-Ex1-7C-lcwgs-1-2-L3-clmp.r2	0.08088115302777527	0.018299261850554444	0.0	0.0	0.0015843516753726791	0.008397063879475199	0.0	0.0003960879188431698	0.0005545230863804377	0.00499070777742394	0.0	0.003485573685819894	0.004832272609886671	0.028811031487224494	0.0037020069505180496	0.0003076331723764193	0.00023147386519524243	3.393479361537219e-05	1.7472513552118326e-05	0.03422965247344407	0.0028536960399651737	0.0006956293223217788	0.03227716825386133	0.12220612974789861	0.062370615586942534	4.499879965701915e-05	0.03075553681646229	0.000219492226682792	0.0006353984545584628	0.00604108094015117	0.035630441831299674	0.0008367908666296747	0.00042223667209944515	0.001388304293583447	0.0001984567342819786	0.0008377866932245048	0.007399834405695737	0.0
Sor-CPnd_024-Ex1-5G-lcwgs-1-2-L2-clmp.r1	0.0	0.045351473922902494	0.015912797867685086	0.00185649308456326	0.0	0.0	0.0	0.021747490419169617	0.0058346925514845315	0.041638487753775974	0.0009017252125021549	0.0	0.00010608531911790059	0.000795915573520844	0.005196992816362919	0.00038353579457384515	0.002210192728805952	0.0011252777659327487	0.001185647425897036	0.0005955823670560893	0.0009179176825544096	7.578254955231458e-05	0.011354455888755739	0.0015016845367126536	0.0	0.0	0.00011005204361142384	0.00023405801596041614	0.0	0.0006542045069456892	0.0033225534931112396	0.004104476517996664	0.0	0.0008258784042707824	0.05827813636731776	0.0005676786484706737	0.0014216661927779358	0.0
Sor-CPnd_024-Ex1-5G-lcwgs-1-2-L2-clmp.r2	0.09017252125021549	0.013525878187532321	0.0	0.0	0.0	0.0	0.04084284786039172	0.0007956398933842544	0.0	0.005251223296336078	0.0017504077654453595	0.0007956398933842544	0.007744228295606741	0.0021224618009937366	0.0444165122268639	0.000876649402152503	0.005270199740570167	0.0007106424029662214	0.028704252597422857	0.014493223590732542	0.0972255073978232	0.03348527973466325	0.0045716748820752795	0.014296241059333812	0.0013335644845106484	0.003891907393087767	0.0	0.0	0.003458826988238753	0.0	0.013805004314063849	0.0011691564828265528	0.0012402370092924758	0.0006585955778599924	0.002456338581710103	0.0	0.025308305781024443	0.0
Sor-CPnd_024-Ex1-5G-lcwgs-1-2-L3-clmp.r1	0.0	0.045402307004724675	0.0017025865126771755	0.0	0.0	0.0002837644187795292	0.005391523956811055	0.0019863509314567047	0.0	0.0045402307004724675	0.0035754316766220687	0.0	0.001078304791362211	0.006982950813343454	0.010768813059133384	0.0007013831860915714	0.034293201448149464	0.0024443748041366345	0.0017062707418537056	0.0010371672335361803	0.15631320279681404	0.0	0.004314156905886667	0.0035458320959856748	0.0	0.0012115998570312169	0.0023727632661733476	0.0	0.0	0.0	0.10083310613917433	0.00014552270299689456	0.0015483687161391116	0.1067681431584228	0.05028920705389945	0.0	0.00020466429938293716	0.0
Sor-CPnd_024-Ex1-5G-lcwgs-1-2-L3-clmp.r2	0.07831897958315008	0.020998566989685163	0.0	0.0	0.0005675288375590584	0.0048239951192519965	0.0	0.0005675288375590584	0.0002837644187795292	0.005618535491834679	0.0	0.001872845163944893	0.0055617826080787735	0.029578307575793703	0.0047546159874249	0.00017536752649364908	0.00036167019295104796	6.268657090666095e-05	0.0	0.05753353991009002	0.001828713880157796	0.0006219263234980868	0.05340817111845335	0.08538877580486008	0.10873285566517087	0.0	0.05954611431992523	0.0	0.0007292119892173854	0.0012877603529493574	0.062157620797530094	0.0008703447435529213	0.0003085548371370431	0.0018078724628153504	0.00017570585434336085	0.0	0.004698393762167308	0.0
Sor-CPnd_026-Ex1-3H-lcwgs-1-2-L2-clmp.r1	0.0	0.047491907824143406	0.01513804561894571	0.0048976029943647885	0.0	0.0	0.0	0.06381725113869269	0.001335709907554033	0.06417344044737378	0.0008904732717026889	0.0	0.00017809465434053776	0.0006530811925381317	0.003990285144585303	0.00011996564184017698	0.004093641907006404	0.0013236202182680522	0.001285933208001892	0.0017320988386918805	0.0007241329824141013	0.00010167468371547763	0.05742005395384338	0.0014514246277005116	7.536678186479275e-05	3.9224377165921076e-05	0.0	0.0004688038724904609	0.0	0.027190635638045697	0.05732132907693699	0.0031558988585317434	0.00026710742953973114	0.0003932292661443084	0.02956882841072584	0.0014479596988747465	0.002872941170182345	0.0
Sor-CPnd_026-Ex1-3H-lcwgs-1-2-L2-clmp.r2	0.21727547829545607	0.013060274651639437	0.0	0.0	0.00014841221195044813	0.0	0.1951620587148393	0.0010388854836531369	0.0	0.003027609123789142	0.002463642718377439	0.00029682442390089627	0.05301284210870007	0.0034435251485688146	0.06444198866071144	0.001019752302165804	0.0030629264594389687	0.0009543582771801238	0.06007029008146974	0.03807955836694835	0.05685201785159944	0.07680863836181342	0.02118693778009219	0.034371632478325365	0.001959897482285542	0.011219769390586064	8.175237858545494e-05	0.00017044457057342665	0.004712468301982082	9.291387673394716e-05	0.05592721590334844	0.0028994501218277723	0.0013879287565492888	0.0017398107422649978	0.0036691405748359687	0.00025143364320434576	0.06763875961331728	0.0
Sor-CPnd_026-Ex1-3H-lcwgs-1-2-L3-clmp.r1	0.0	0.05390917443034707	0.0034167786610783354	0.0	0.0	0.0	0.00227785244071889	0.0005694631101797225	0.0	0.004251991222675262	0.003037136587625187	0.0	0.0006833557322156671	0.006416686726722804	0.011694364915991035	0.0014972226519805762	0.06218165905329979	0.001303688252583673	0.0017744783235374064	0.0008677201891630012	0.11090907622938037	0.0	0.005132908255851402	0.0050018497406588095	0.0	0.0011787925986175324	0.0014987415923272995	5.591340132402934e-05	0.0	0.0	0.07182269469011807	6.722693595088132e-05	0.0007776489551225858	0.07387542904719314	0.03974794294556657	0.00025130679533574585	0.0006234425070226346	0.0
Sor-CPnd_026-Ex1-3H-lcwgs-1-2-L3-clmp.r2	0.07459966743354365	0.01822281952575112	0.0	0.0	0.0015185682938125935	0.00227785244071889	0.0	0.00018982103672657419	0.0	0.003720492319840854	0.0	0.0031889934170064465	0.003492707075768965	0.02707166587565259	0.0027808241981988643	0.0003455219396833867	7.772791963554934e-05	0.0	8.06592441341573e-05	0.039462369634718955	0.0035272828957377675	0.0004825319063256424	0.037884947865042366	0.1449087985262808	0.07861461396539483	5.12386167008172e-05	0.04077229795239593	0.0002794260811833359	0.0006421385314642042	6.108761613519422e-05	0.046854537145022475	0.0008058201704846874	0.0005648732177367365	0.0008924779725280404	7.859386150504101e-05	0.0005019920718718782	0.006321286978415921	0.0
Sor-CPnd_027-Ex1-3C-lcwgs-1-2-L2-clmp.r1	0.0	0.05641129981369111	0.013005716930172067	0.004867170139512246	0.0	0.0	0.0	0.05824646232531048	0.052022867720688266	0.06172529212994547	0.0007021491348804551	0.0	0.0	0.000813911048459466	0.003789897061918283	0.00012849944134867873	0.0033965523376367113	0.0012897624371873448	0.0011231154164602804	0.0016911464298391904	0.004118248879734199	0.00015603434211847132	0.05838576633619756	0.0010874423247776996	0.00011153821987231849	1.9098614166358862e-05	5.892740340325397e-05	0.0006672067671749636	0.0	0.02579454408789265	0.060788608005474316	0.002494290269334849	0.0002878877698318088	0.0003248584429334917	0.028195709552863043	0.0016491481325321404	0.002284928237345619	0.0
Sor-CPnd_027-Ex1-3C-lcwgs-1-2-L2-clmp.r2	0.21974076334781517	0.011888661488316797	0.0	7.978967441823353e-05	0.00015957934883646706	0.0	0.181760878324736	0.0007978967441823353	0.0	0.0036064932837041558	0.0024256061023142997	0.000494695981393048	0.052645227181150486	0.0037344243384882223	0.06140784194133217	0.0011083819214234324	0.0038011650975403226	0.0009469662955103021	0.05450841585164196	0.038348881376527234	0.05604962323521557	0.07860018497833077	0.021016307556929494	0.03295315757590918	0.0020822019880938946	0.010427972788720676	3.9283469516027656e-05	0.000222370738921793	0.004627860596331107	0.00023677707653496123	0.05531450101710541	0.0023086935703345805	0.00146272310124154	0.002222663980156855	0.0038351271031563097	2.7459340953849632e-05	0.0650825950463211	0.0
Sor-CPnd_027-Ex1-3C-lcwgs-1-2-L3-clmp.r1	0.0	0.04504789786691564	0.0029623334198198496	0.0	0.00030644828480894993	0.00030644828480894993	0.0032687817046287994	0.0005107471413482499	0.0	0.004188126559055649	0.002717174791972689	0.0	0.0006333264552718298	0.007334917866286695	0.011978855783790867	0.0017491792233726563	0.061524943220110984	0.0015933722423653362	0.0017845860206578577	0.0010577416869598367	0.1020764711535015	0.0	0.004553758149904659	0.004791090742550621	0.0	0.0013725154039899274	0.0017996107698991961	2.649920581880161e-05	0.0	0.0	0.07102657248353907	9.112613679855657e-05	0.0007267476305657415	0.07117946683283996	0.03830451989887055	0.00010899515189564368	0.00042114838742282455	0.0
Sor-CPnd_027-Ex1-3C-lcwgs-1-2-L3-clmp.r2	0.08835925545324723	0.016854655664492246	0.0	0.0	0.0005107471413482499	0.008580551974650597	0.0	0.00040859771307859993	0.0	0.0034117909042063093	0.0	0.0035956598750916794	0.003513940332475959	0.03299701576215342	0.003644956649588611	0.0002675356774260598	0.0001452151403794762	0.0	4.249607495627685e-05	0.037477957952149116	0.0028148472637485496	0.0006064756777421854	0.036776298675984254	0.14517590452896426	0.0740467481641718	7.485801306372138e-05	0.03837789762123869	0.0003974042613394007	0.0007927634366568346	0.002062209807530851	0.04196831699152386	0.0009408936668750796	0.0003156644373391887	0.0014154272351900228	0.00041318515136521533	0.0007622407700809609	0.007274060966584878	0.0
Sor-CPnd_028-Ex1-3A-lcwgs-1-2-L2-clmp.r1	0.0	0.05567298315235443	0.014825277536076407	0.004691543524074812	0.0	0.0	0.0	0.05948877188526861	0.11785157332475929	0.05569800471781616	0.0006880930501976391	0.0	0.00036281269919511875	0.0010009486490821676	0.005179549782998184	0.0001765717757331607	0.0031051154103950863	0.0020617613498351557	0.0010602070649842795	0.0016936259919047344	0.004061378606347471	0.00016764794267334484	0.052777867934982264	0.001998800127686313	1.5290580665917023e-05	0.0	3.26950015718122e-05	0.0005915373650492007	0.0	0.025471305135554595	0.05296453103117174	0.0031948751086306243	0.00048599494200764106	0.00033745065311464845	0.02589100503333467	0.0019209316750061333	0.0031130728874942757	0.0
Sor-CPnd_028-Ex1-3A-lcwgs-1-2-L2-clmp.r2	0.21374672295684846	0.010446503580273247	0.0	6.255391365433083e-05	0.0	0.0	0.1617644207100995	0.0010008626184692933	0.00012510782730866166	0.012172991597132778	0.0025521996770966975	0.0007131146156593715	0.04831664290660513	0.0035283422221699507	0.05717567228444716	0.0011224941264548912	0.012217136697669773	0.001056690818065547	0.05027688281755788	0.03948686544967285	0.0511085791542416	0.07077690577227161	0.019143299299524706	0.029208391883353557	0.002017824421453815	0.009417575122938069	4.902560787259748e-05	0.0003209824902362195	0.004333951212641297	0.00012664062935327164	0.05042956083710445	0.0023940412896213833	0.0015172885931457399	0.024037636070189897	0.003627989078213728	0.0001386541717689476	0.058639229790477705	0.0
Sor-CPnd_028-Ex1-3A-lcwgs-1-2-L3-clmp.r1	0.0	0.05143195782272402	0.003377621110746055	7.676411615331944e-05	0.00023029234845995829	0.00038382058076659713	0.004375554620739208	0.0064481857568788326	0.0	0.003976381216741947	0.0027481553582888356	0.0	0.0007062298686105388	0.008982231763689612	0.01074567602002329	0.0015495419553979844	0.05547844125315493	0.0014629728721894423	0.001669627689235278	0.0012272738731303975	0.09319658145268851	0.0	0.00495010816802299	0.005208583067968248	0.0	0.0014772044088683259	0.0020992989391192813	6.522155981273586e-05	2.251080574952992e-05	2.3328958376005886e-05	0.06314671530585375	0.0001005609794237152	0.0009937287868323613	0.06349052303760035	0.03381964867453759	0.00032981253455535876	0.0007570080015745766	0.0
Sor-CPnd_028-Ex1-3A-lcwgs-1-2-L3-clmp.r2	0.09495721168165613	0.016734577321423638	0.0	0.0	0.0006141129292265555	0.021186896058316165	0.0	0.002993800529979458	0.0016120464392197081	0.003945675570280619	0.0	0.003116623115824769	0.0037307360450513243	0.034823539238512995	0.004064352243861135	0.000945259261371314	0.0001566417266930817	0.0	4.863392177136415e-05	0.03356861215349612	0.0036945137662350047	0.0006840797110727948	0.031240922816607623	0.12681419980615946	0.06391603418659386	8.092317154093904e-05	0.03298784234329516	0.0003041809894268861	0.00038239472673173077	0.0019346034121276324	0.03597885081906289	0.0009039300619267419	0.0007051241371043372	0.0009254851107138785	0.00017065263826134542	0.001496614358997077	0.008975829508370198	0.0
Sor-CPnd_029-Ex1-8E-lcwgs-1-2-L2-clmp.r1	0.0	0.06125961687484431	0.01523935500832984	0.005180517283284931	0.0	0.0	0.0	0.0851331673553157	0.11375552534546496	0.057719596731266275	0.0008547853517420136	0.0	0.0003453678188856621	0.0008204044784066951	0.006867595195635301	0.0004483307590943015	0.00387930748717096	0.0016886803898869338	0.0012365404693737716	0.0018414040579284284	0.0070324502681159504	0.00016775114285708293	0.05142902417634058	0.001644315020612174	1.1956700959680691e-05	1.2537278029059657e-05	9.197534797887457e-05	0.001263034134733068	0.0	0.02388905783919358	0.05911514439702006	0.0031679044899657442	0.0003419435283682335	0.00037691019432592216	0.025730852634623786	0.0017251596073536732	0.002487392957063771	0.0
Sor-CPnd_029-Ex1-8E-lcwgs-1-2-L2-clmp.r2	0.23683598180084278	0.01290812223085162	0.0	0.00017268390944283105	4.317097736070776e-05	0.0	0.18874351302101436	0.001640497139706895	8.634195472141552e-05	0.01820088405527439	0.0030047000243052604	0.0009324931109912876	0.045925285716320915	0.003005270363362231	0.05838802851801546	0.001134021869216159	0.01777581861497344	0.0010646668551861254	0.05172908721854492	0.047585406011954226	0.0519423177937551	0.07166994752032047	0.02264060971424207	0.03417985751543031	0.0023666372988492765	0.014787202753728036	5.252468430366779e-05	0.0003017864109420071	0.004811062695019863	8.964121105276132e-05	0.048127632296776975	0.002266290429846817	0.0014849246861560472	0.028053048565631147	0.0033016631514959645	0.0001601163405330313	0.058266436600916516	0.0
Sor-CPnd_029-Ex1-8E-lcwgs-1-2-L3-clmp.r1	0.0	0.052783195721837185	0.005396529260752584	0.0002055820670762889	0.0002055820670762889	0.0008223282683051556	0.004882574093061863	0.016909125017024764	0.0	0.0042966652018944385	0.0028164743189451583	0.0	0.000986793921966187	0.010373896192769816	0.010686224215604764	0.001395813441242656	0.05008716711853108	0.0017436903241299592	0.0015514912568904463	0.001397961487819609	0.08467731172026927	0.0	0.005147022379471169	0.005431260004905377	0.0	0.0018948688236911273	0.002677422902506051	7.111599124846612e-05	7.439957220245984e-05	3.885871941090181e-05	0.0637219853236368	0.0002973333446603179	0.001246735667549029	0.06311094839181787	0.03429622008247389	0.00031505415387087345	0.0011429262759587132	0.0
Sor-CPnd_029-Ex1-8E-lcwgs-1-2-L3-clmp.r2	0.1195973675216311	0.017885639835637138	0.0	0.0	0.001953029637224745	0.03762151827496087	0.0	0.0004111641341525778	0.00030837310061443337	0.004615317405862686	0.0	0.0029912190759600037	0.004111641341525779	0.04163963517510752	0.0036414255187789965	0.0034844298984656017	0.00027893410267650147	0.0	6.84497991454727e-05	0.03152538806674615	0.003385972853642312	0.0005177980121734313	0.03207308961596968	0.12135460407072952	0.062025171958185986	0.0001444155007254472	0.03267513533939477	0.00021309432673646573	0.0008357196223810171	0.0033358526778848284	0.03803568099472323	0.0010806142465639645	0.0007105953767776543	0.0012839730515066957	0.00032008982212854804	0.0021735054400484352	0.010097593379094254	0.0
Sor-CPnd_030-Ex1-2H-lcwgs-1-2-L2-clmp.r1	0.0	0.061771250556297286	0.02367601246105919	0.0024922118380062306	0.0	0.0	0.0	0.02385402759234535	0.004272363150867824	0.02075656430796618	0.0007120605251446372	0.0	3.560302625723187e-05	0.0003204918196243551	0.004548744815057707	0.00014530195198642298	0.0024536675079772077	0.0005753424342278119	0.00047841396203306797	0.0011683047272530026	0.0017144108097557887	0.00013972992069395467	0.004867248286281611	0.0014338501212399937	5.658550607530286e-05	0.0	0.0	0.0017551984251819666	0.0	0.0012790889275290786	0.004369042710967171	0.0038616002471424157	0.0004439145091681664	0.0006594162282333768	0.0728272939845257	0.0021554813351482485	0.003708326235365148	0.0
Sor-CPnd_030-Ex1-2H-lcwgs-1-2-L2-clmp.r2	0.09078771695594126	0.009078771695594125	0.0	0.0	0.0	0.0	0.0656875834445928	0.0008900756564307967	0.0008900756564307967	0.003702714730752114	0.004023141967067201	0.000783266577659101	0.011179350244770805	0.0017092799658144009	0.027685810109009744	0.0005812069634406289	0.004275145382824399	0.001189001809967594	0.010884230066310077	0.00930480194541294	0.013407277030389242	0.007311561954543508	0.008240765378459632	0.006422051946439025	0.0015832340042475908	0.0036071457557421255	0.0001276316041378166	0.00020222719551325261	0.004980115111803584	0.00022525194429969921	0.008003962357602774	0.0005861276971293978	0.0006197553205994274	0.0011269383339343672	0.0022997700229977	0.00010738439532920833	0.022975871870836346	0.0
Sor-CPnd_030-Ex1-2H-lcwgs-1-2-L3-clmp.r1	0.0	0.04824455604043771	0.003602677886136582	0.0	0.00015663816896246009	0.00031327633792492017	0.005952250420573484	0.00046991450688738026	0.0	0.005169059575761183	0.003226746280626678	0.0	0.0009398290137747605	0.00636066340152612	0.010236004468567119	0.0009250077110556602	0.019184374213204517	0.0020768738091473562	0.0024273233385405197	0.0007943428347568318	0.17584036568745642	0.0	0.004040150680786432	0.004415304426320388	0.0	0.0012513307902954792	0.000954973022012128	0.0	0.0	0.0	0.12254256487322045	7.080387891970274e-05	0.0003010524794682209	0.11975491123387637	0.060046426766487075	9.223313955150713e-05	0.0003971835712959405	0.0
Sor-CPnd_030-Ex1-2H-lcwgs-1-2-L3-clmp.r2	0.06907743251244491	0.019893047458232435	0.0	0.0	0.0006265526758498403	0.0014097435206621408	0.0	0.0	0.0	0.0058895951529884995	0.0	0.0025375383371918536	0.005920922786780991	0.026414060928433875	0.0038425402592706798	0.00025517983160682915	0.00039084879656027006	3.3495877662336094e-05	0.0	0.02393735129416947	0.0021551976751088657	0.0003184617025918006	0.061670176454107876	0.07421307398129741	0.12038299820204146	0.0001000128516514372	0.06088372004298422	0.00016818472064237595	0.0009497516102741755	0.00037676325201945105	0.06969044276705637	0.00042354216785823193	0.00022503634336945415	0.00039921817113365186	0.00025582055722833777	0.0002752255702903171	0.004841289680050033	0.0
Sor-CPnd_031-Ex1-5D-lcwgs-1-2-L2-clmp.r1	0.0	0.047672068412683385	0.019047059297305005	0.002067966437993115	0.0	0.0	0.0	0.035046589107041205	0.060950589751376016	0.03813765473014671	0.0011101714561857774	0.0	0.0001088403388417429	0.0006531735525674076	0.005518213938088706	0.00033300262472668807	0.0025404043371053046	0.0008863769691272569	0.001109908442204896	0.0006270554878893012	0.0006288372171018569	0.0003298502067748484	0.008279288780145224	0.0017424329499573258	0.0	3.38125244295489e-05	7.091336053806222e-05	0.0001478287285916283	0.0	0.00470248043887692	0.004346350307556027	0.004134005511146096	0.00017947505341626277	0.00046838319740852947	0.0551696515869619	0.0010361609821148252	0.00322724627280405	0.0
Sor-CPnd_031-Ex1-5D-lcwgs-1-2-L2-clmp.r2	0.14094823880005702	0.012516638966800431	0.0	0.0001088403388417429	0.0001088403388417429	0.0	0.0543113290820297	0.0006530420330504573	0.0	0.006007986704064208	0.0018067496247729318	0.0004353613553669716	0.026382898135238475	0.0015240762682600666	0.03702950250611556	0.0009102439520394682	0.006487542444065929	0.0009097404510493157	0.02113766483336836	0.01151401524064292	0.10126981606624016	0.027622859194055667	0.0060490377254460445	0.011397971955488627	0.0008043030858535633	0.0037845330190368768	0.0	3.691597996791263e-05	0.004447661756857068	0.0	0.011283355645170289	0.0006878554815633235	0.001075011142042566	0.001823454960896242	0.0024982903855988742	5.1697059367869036e-05	0.02390114747335404	0.0
Sor-CPnd_031-Ex1-5D-lcwgs-1-2-L3-clmp.r1	0.0	0.04016314154961845	0.0013576273199871025	0.0	0.0	0.00045254243999570085	0.004864831229953784	0.0030546614699709807	0.0	0.003937119227962597	0.003620339519965607	0.0	0.0009729662459907568	0.006879859324981697	0.009803281574584436	0.00039124450042565096	0.032035275830286626	0.0017036298353093839	0.001653585652404943	0.0010709179730378552	0.14868543987783683	0.0	0.003442274632128413	0.003893974852710401	0.0	0.0009452886487783284	0.0021424009717658757	0.0	0.0	0.0	0.10352779842974201	4.1562915239500066e-05	0.0006075748087332804	0.10492026559219114	0.05910131708785285	5.0323631272714826e-05	0.0007440543414773624	0.0
Sor-CPnd_031-Ex1-5D-lcwgs-1-2-L3-clmp.r2	0.07806357089925839	0.021608901509794717	0.0	0.0	0.0	0.008032628309923691	0.0	0.0006788136599935512	0.0003394068299967756	0.003914492105962812	0.0	0.0018101697599828034	0.003914492105962812	0.0296920983713703	0.0036166134941081046	0.0006674464282179778	0.00030466755379608744	2.3995845839168322e-05	2.4680449875240326e-05	0.05578588622177848	0.0016124841163705998	0.0004949016877797226	0.05364936085288434	0.07325621323156298	0.10748672186108793	3.257062696176958e-05	0.05483216059096432	0.00010608079891571279	0.0006615934699254311	0.0007643705484970182	0.06005281782625514	0.0006222708238782739	0.0005629655291875975	0.000498180057671135	0.00028491922539959923	0.0002006379282930076	0.004396920036976508	0.0
Sor-CPnd_033-Ex1-2F-lcwgs-1-2-L2-clmp.r1	0.0	0.06505521902572993	0.023373132584094583	0.002532089363276913	0.0	0.0	0.0	0.020256714906215303	0.024152237003564402	0.016906565902495084	0.0005453730936288736	0.0	3.895522097349097e-05	0.0005064952167370955	0.005282738007891237	0.0	0.0021732629893715365	0.0003709558088588369	0.0004246183530243017	0.0007038006555023354	0.002061339980925734	9.597831657871853e-05	0.0044520579131788	0.0018189405206449748	0.0	5.9690979797587884e-05	6.301399729922008e-05	0.0012601491751328792	0.0	0.00162204088132854	0.005530434918075564	0.004367082088783602	0.00035003955446965505	0.0008386353725218325	0.0844208203471121	0.0010756643841068436	0.0030186365979501134	0.0
Sor-CPnd_033-Ex1-2F-lcwgs-1-2-L2-clmp.r2	0.08453282951247541	0.008375372509300559	0.0	0.00019477610486745486	0.0	0.0	0.053563428838550094	0.0005843283146023646	0.0	0.005726417483103173	0.0029995520149588045	0.0008570148614168014	0.008764924719035469	0.001441563870824968	0.02257918465272862	0.0009490761337011003	0.006278661485965984	0.001277792502160912	0.009808838060329873	0.009061118564296554	0.012413011584408709	0.005566186759001388	0.007840376014317032	0.004919565110444237	0.0012426500076253523	0.0032799887884019598	0.0	0.0001324491908347809	0.004952466781852209	0.0	0.007381868731725018	0.0009040008612662751	0.0005236205217354879	0.002879478052804054	0.000695417891512822	0.0	0.01852773949998263	0.0
Sor-CPnd_033-Ex1-2F-lcwgs-1-2-L3-clmp.r1	0.0	0.04339557834242295	0.0030159089195506295	0.0	0.00016755049553059053	0.0015079544597753148	0.005026514865917716	0.0015079544597753148	0.0	0.0042222724873708815	0.0032839897123995744	0.0	0.0006366918830162441	0.006870627097217027	0.010128790430614926	0.0007813657185642984	0.01556409490991978	0.0023263683275526604	0.0023892103261670297	0.000934122330418498	0.16694458470596943	0.0	0.004433805188734419	0.004257504516946199	0.0	0.0013723350967839328	0.0013439776362121334	0.0	0.0	0.0	0.1146502650763163	0.0	0.00036492195049322854	0.11471317414474307	0.06473115218101276	0.0001812692655241265	0.0011769101988095552	0.0
Sor-CPnd_033-Ex1-2F-lcwgs-1-2-L3-clmp.r2	0.06869570316754212	0.019770958472609682	0.0	0.0	0.0008377524776529525	0.006534469325693031	0.0	0.0005026514865917717	0.00033510099106118105	0.005160555262342189	0.0	0.002513257432958858	0.004791944172174889	0.02697977053453796	0.004038089956529961	0.00033973334329884475	0.00020706298752549033	0.0	0.0	0.02167074736803169	0.002208822891155408	0.0004438555064714133	0.05716032246189594	0.0736745561684266	0.11670632136740519	4.897279561203752e-05	0.05592295335158187	0.0	0.001206233816362964	0.0007288758123169079	0.06667808003171714	0.00034167148423459436	0.000800351572618081	0.0010888755804095728	0.0004172549962113247	0.0004518226072152456	0.00635549510773542	0.0
Sor-CPnd_034-Ex1-4G-lcwgs-1-2-L2-clmp.r1	0.0	0.055096418732782364	0.01820782936662765	0.003546979746745646	0.0	0.0	0.0	0.014897314936331712	0.003310514430295936	0.036888589366154724	0.0006621028860591873	0.0	4.729306328994195e-05	0.00037847391746997753	0.00424937226267614	0.0002436647173489279	0.0028656305820095713	0.0015690639173877388	0.0008770069069775218	0.0008084615899898596	0.0009774538061440303	0.00025969034523234497	0.07221726387274252	0.0018511305965231324	0.0	0.0	0.0	0.0011590261089948154	0.0	0.00021980534039055014	0.013031120899452577	0.0026355785534187847	0.00026855226161287115	0.0005747704510511114	0.03177173703489493	0.0015016167406908104	0.002163569456889977	0.0
Sor-CPnd_034-Ex1-4G-lcwgs-1-2-L2-clmp.r2	0.09245793873183651	0.011113869873136357	0.0	0.00047293063289941944	0.0	0.0	0.020572482531124748	0.0009458612657988389	0.00023646531644970972	0.004729306328994195	0.002695704607526691	0.001135033518958607	0.004067203442935007	0.0021762270845653462	0.061782388486130956	0.0012183408050113768	0.004876937765749115	0.000784680525170982	0.072036472164537	0.0437746701740303	0.0682289487427732	0.09585885837746065	0.004429393733653635	0.03478621281760923	0.0027703659495112677	0.006603990842466032	0.0	0.0	0.003292008341126134	0.0	0.06807647061580499	0.0015023906791682266	0.0013389479885653841	0.0008592775480801591	0.0018438277864847423	0.00016621649698732598	0.08413876423886779	0.0
Sor-CPnd_034-Ex1-4G-lcwgs-1-2-L3-clmp.r1	0.0	0.04061820914315888	0.006382861436782109	0.0	0.0008703901959248331	0.0002901300653082777	0.005222341175548998	0.0008703901959248331	0.0	0.005976679345350521	0.004235898953500854	0.0	0.0009284162089864885	0.007836385557135088	0.011549578176573703	0.0014980384684294386	0.06166114505056214	0.001553055280355598	0.0014308169351492444	0.0015874058109154353	0.11688411358403683	0.0	0.0044690035173686506	0.004986273635407435	0.0	0.0009751414767759222	0.0017425083756569255	0.0	0.0	0.0	0.08350129570976102	0.0	0.00017405652659757784	0.08540619335065129	0.04283800797229407	0.0002179698722042639	0.00023570063191339415	0.0
Sor-CPnd_034-Ex1-4G-lcwgs-1-2-L3-clmp.r2	0.08123641828631777	0.02146962483281255	0.0	0.0	0.0008703901959248331	0.006382861436782109	0.0	0.0002901300653082777	0.0002901300653082777	0.006614965489028731	0.0	0.003133404705329399	0.006614965489028731	0.030532915469681572	0.00398682237944113	0.0002996585091629579	0.0003718937573913884	0.0	6.81307975050502e-05	0.046103064519038256	0.0032234569426738886	0.0006550499025203863	0.04134497299437463	0.1661154554120547	0.08715071626994934	0.0	0.037338701448092246	0.0002481029428730569	0.0005295852817658492	0.000282702294694526	0.045001102375997803	0.0006468263465307469	0.0005199495995521501	0.0007439175441794031	0.00020008603699590827	0.0004336513443191674	0.004694064355622316	0.0
Sor-CPnd_036-Ex1-5C-lcwgs-1-2-L2-clmp.r1	0.0	0.04796126803543516	0.017175318958635565	0.001080208739536828	0.0	0.0	0.0	0.041804078220075244	0.06362429475871917	0.0403565985090959	0.0007345419428850431	0.0	4.320834958147313e-05	0.00056183866457	0.004307416392068872	0.0002212588121853423	0.002661121223624479	0.0008024076004047911	0.0011104733429640162	0.00041566128593132024	0.0013754579243294574	0.0002340515106415908	0.0110683212452049	0.0015756246178272205	0.0	0.0	0.0001217432167723195	0.00025658196895871337	0.0	0.005910351229657954	0.005061042063647272	0.0033483166209406813	5.410359540032873e-05	0.00034157963502216	0.057919848302870336	0.0014703720041170417	0.0020397021219021173	0.0
Sor-CPnd_036-Ex1-5C-lcwgs-1-2-L2-clmp.r2	0.16311151967006104	0.008965732538155673	0.0	0.00010802087395368282	0.0	0.0	0.06481252437220968	0.0003240626218610484	0.00021604174790736564	0.00678371088429128	0.0018147506824218714	0.00041047932102399466	0.03095878247512549	0.0012317224276773649	0.04161751825579741	0.00073017185147685	0.006778163668087428	0.0007788649106016494	0.023618741681303953	0.013224708848551361	0.1024217531368897	0.030165135832348554	0.006034189781834337	0.013641119899075821	0.0005015174485084871	0.004084251621963197	4.0548162499194106e-05	0.00012814439652318623	0.0039379451444241384	0.0	0.013637438398513422	0.0004627532481421742	0.0009178675884216942	0.0011926803503072572	0.001977364568503099	0.00019131945374469567	0.02110858773367071	0.0
Sor-CPnd_036-Ex1-5C-lcwgs-1-2-L3-clmp.r1	0.0	0.04178791934467256	0.0023215510747040314	0.00011607755373520158	0.0	0.0004643102149408063	0.00441094704193766	0.0006964653224112094	0.0	0.004712748681649183	0.0033894645690678853	0.0	0.0009286204298816126	0.006617867825157325	0.010886499829109986	0.000711389343387636	0.03525089111143071	0.001955895558186263	0.0020056423668767904	0.0007886744177951056	0.1490680748963656	0.0	0.0039628607035440975	0.003856064835538835	0.0	0.0009723461028555187	0.0020146421027807193	0.0	0.0	0.0	0.10411587427731404	5.063086052210543e-05	0.00069301177586933	0.10320903652453126	0.055884288607868864	0.0	0.000539540203838289	0.0
Sor-CPnd_036-Ex1-5C-lcwgs-1-2-L3-clmp.r2	0.07835234877126106	0.02298335563956991	0.0	0.0	0.0005803877686760079	0.008009351207728908	0.0	0.00011607755373520158	0.0	0.004666317660155103	0.0	0.001996533924245467	0.004689533170902143	0.03113879520030651	0.0033174082164258434	0.00033200098177433185	0.00019436818192861827	0.0	0.0	0.053247745333275684	0.0020541842449203875	0.0004504983412651075	0.054362538220192685	0.08235327241135208	0.11035039257913076	0.0001494621417999651	0.057054789169533215	8.307303781484682e-05	0.0006105778246856615	0.0006864284851347048	0.058226708475877464	0.00085881314044727	0.0004786261514947495	0.001177534657368255	0.00035577102102725324	0.0001263662561658835	0.0047116852486558235	0.0
Sor-CPnd_037-Ex1-6C-lcwgs-1-2-L2-clmp.r1	0.0	0.044791089950788544	0.011381342528479055	0.0023496965220085792	0.0	0.0	0.0	0.2005319125501697	0.07467629259008517	0.06793560069257305	0.0007195945598651274	0.0	5.874241305021448e-05	0.0007050988636744229	0.00359434064409401	0.00024012313514370167	0.0026040442031908116	0.0011617915642314523	0.0011136141427059403	0.000548734709216332	0.013283681426427111	0.00010646403485206645	0.05243646696208511	0.0008958892787595708	0.0	0.0	4.2795633304760114e-05	0.0013808939952270067	0.0	0.022717808804504313	0.07303938908110297	0.002132361748589285	0.00019264922127056565	0.00023060344019977178	0.026873959315004567	0.0015999022139766817	0.001215731977026718	0.0
Sor-CPnd_037-Ex1-6C-lcwgs-1-2-L2-clmp.r2	0.36361553678082764	0.00932535807172155	0.0	0.0001468560326255362	0.0002937120652510724	0.0	0.29106865666381276	0.0002937120652510724	0.0001468560326255362	0.004611279424441837	0.003862313658051602	0.0004993105109268231	0.04596593821179284	0.0017480588834369365	0.07134089825927026	0.0007654160418895692	0.004580311004649092	0.0011462174666584182	0.06947384698675751	0.049108333682562934	0.05286245018829674	0.0708889761520257	0.025235899601923444	0.0683141873165867	0.002789760116243962	0.08785597295195657	2.1392396885438154e-05	0.00011131774157675347	0.004056041044354084	2.4151678336355114e-05	0.05061245096525174	0.0014993627708224004	0.001127384555821484	0.011921470337711643	0.001995249492345044	3.19666523882286e-05	0.05446411598121681	0.0
Sor-CPnd_037-Ex1-6C-lcwgs-1-2-L3-clmp.r1	0.0	0.04488093588373871	0.001519872330724219	0.0	0.00017880850949696697	0.0005364255284909009	0.005364255284909009	0.0008940425474848348	0.0	0.00438080848267569	0.002431795729158751	0.0	0.0006258297832393843	0.006295762772797011	0.008936659980987976	0.0008235938781717973	0.037324796674386825	0.001654100630866287	0.0017243562948221149	0.0009417130784498173	0.09018654720867553	0.0	0.003576328532017366	0.0034549131467964196	0.0	0.001177585831287278	0.0014400168961982488	0.0	0.0	0.0	0.062279853843195204	6.614957543548746e-05	0.0005541501691543392	0.059977563813802905	0.03207400848357524	0.00012124611911380404	0.00042741472221462376	0.0
Sor-CPnd_037-Ex1-6C-lcwgs-1-2-L3-clmp.r2	0.07080816976079891	0.016182170109475508	0.0	0.0	0.00026821276424545044	0.010728510569818018	0.0	0.00017880850949696697	0.00017880850949696697	0.0038980255070338796	0.0	0.002235106368712087	0.004416570184575083	0.02777656552157343	0.0035856120738909964	0.0004575703271865776	0.0003369424234658684	1.923381335161315e-05	0.0	0.03500814911915607	0.0015886034015599663	0.0005048844275642311	0.033120902455753186	0.12187830294105051	0.06314314627514472	5.118324137837493e-05	0.03174713182923188	0.00011117302831160131	0.00046377026676065747	0.007652909981209536	0.0350166170913959	0.0006278152557785437	0.00048435180408938226	0.00116098762314632	0.00034319733312792336	0.0001615008597902023	0.004445067513736968	0.0
Sor-CPnd_038-Ex1-2A-lcwgs-1-2-L2-clmp.r1	0.0	0.0590469231880241	0.021947897108258358	0.0016991920341877435	0.0	0.0	0.0	0.014867930299142757	0.018407913703700558	0.013366977335610252	0.0004247980085469359	0.0	5.663973447292479e-05	0.0005947727967916257	0.005283224880467037	8.584398371024565e-05	0.002491902764795093	0.0005010876549687263	0.0007526012911025668	0.001234378172737647	0.0019051132923247115	6.554093555753052e-05	0.004952365704392613	0.0019683524081912985	0.0	0.0	3.88299148770606e-05	0.0011609152655953953	0.0	0.0025546166393251727	0.0045718927943892325	0.004360221517420675	0.00042279861679083634	0.0006822229748332817	0.07646686571039138	0.0006907747038303458	0.003286933714246239	0.0
Sor-CPnd_038-Ex1-2A-lcwgs-1-2-L2-clmp.r2	0.07589724419371921	0.007646364153844847	0.0	0.0	0.00014159933618231198	0.0	0.04191340350996434	0.0004247980085469359	0.0	0.005097576102563231	0.002208949644444067	0.0004814377430198607	0.007759643622790697	0.0008779994301500472	0.019968703389197415	0.0008012398614541817	0.006084825950797517	0.0007958779418006885	0.007887734061734465	0.006789058999391454	0.010382824585512563	0.0045547472426576	0.007189560215958111	0.006043722820816268	0.00145390045143609	0.0031939457818309577	0.0	0.00019997816238466758	0.0041226861939072474	0.0	0.007330422526432318	0.0010882478303058881	0.0006096500093088867	0.003161009675121152	0.0022762807999761243	5.2981676287256054e-05	0.021306073396093778	0.0
Sor-CPnd_038-Ex1-2A-lcwgs-1-2-L3-clmp.r1	0.0	0.042058580733795696	0.002048698774998644	0.00012051169264697908	0.0	0.0008435818485288536	0.004699956013232184	0.0012051169264697906	0.0	0.003277918039997831	0.002771768930880519	0.0	0.0006989678173524787	0.0057850715745928335	0.009740136540762712	0.0009731301729471271	0.01131432903200258	0.0018975938509969358	0.0020354307429423985	0.000858214175929745	0.16405676956143012	0.0	0.004010219847594701	0.0037894267996425113	0.0	0.000962447771685035	0.0015073528350580765	0.0	0.0	0.0	0.11497686022140631	7.572909129255548e-05	0.0007464052729211239	0.11681923397451209	0.059571020570724414	0.00017859550707282856	0.0005152492705709758	0.0
Sor-CPnd_038-Ex1-2A-lcwgs-1-2-L3-clmp.r2	0.0719454805102465	0.019040847438222694	0.0	0.0	0.00012051169264697908	0.006869166480877807	0.0	0.00024102338529395816	0.0	0.003808169487644539	0.0	0.002771768930880519	0.0035912484408799766	0.026611354901225834	0.0037944619706695337	0.0004378932372498261	0.00024595695949974325	0.0	0.0	0.019503046765965776	0.001786235112263544	0.00041106859748327363	0.060108471934792615	0.06757217460020526	0.1182711315346303	6.205504592849087e-05	0.06012040103768582	0.0	0.0009216810096162051	0.0008821245228147394	0.06438973750231333	0.0006803484744886331	0.0008233140586364272	0.0009368685048026731	0.0002970687378864917	0.00040073039793864283	0.005369638940808369	0.0
Sor-CPnd_041-Ex1-7A-lcwgs-1-2-L2-clmp.r1	0.0	0.05634262688041029	0.011746342706516632	0.0029863583152160925	0.0	0.0	0.0	0.15655153923543919	0.08706893576807809	0.053422632083310106	0.0005707262557968533	0.0	1.3272703623182635e-05	0.0006902587368504051	0.01784463211493115	0.00022820366398433394	0.002937819819430169	0.001634404491565157	0.000892823737887358	0.0011210378772492642	0.017281900834921513	0.0002953167427495854	0.052319680841870345	0.0010780214667762205	0.0	0.0	9.743361798889609e-05	0.0006997228068680675	0.0	0.01782353771761498	0.05178201645090005	0.0024226598751434835	0.0001691717716598373	0.00021192059395893102	0.01843754079101945	0.0015933715742511153	0.001692817490805885	0.0
Sor-CPnd_041-Ex1-7A-lcwgs-1-2-L2-clmp.r2	0.2945876569165386	0.008759984391300539	0.0	0.0	0.0	0.0	0.23917411928975107	0.0008627257355068712	0.00013272703623182637	0.03492048323259351	0.002800540464491536	0.0006503624775359492	0.035677027339114924	0.002814138123739777	0.05621163166612555	0.0010068079007840482	0.035445900863827214	0.000872629719524342	0.0525203459653788	0.052135487626229465	0.04070509451810033	0.052268390648014584	0.01999499640558445	0.05025459069959981	0.0021851298390052724	0.06440310385587913	9.738657288469547e-05	0.0002879530916186522	0.0031582019593920574	2.3125809258787752e-05	0.0365487894321786	0.00215607739055738	0.0014074528003666133	0.034569432281685276	0.0024419181625314683	0.00010594634453327457	0.045098260473735156	0.0
Sor-CPnd_041-Ex1-7A-lcwgs-1-2-L3-clmp.r1	0.0	0.05915851575002518	0.0035833158111443827	0.0005408778582859445	6.760973228574307e-05	0.0006760973228574307	0.003515706078858639	0.061930514773740654	0.0	0.003028916006401289	0.0016631994142292793	0.0	0.0009059704126289571	0.017269540884454735	0.0070553475735574255	0.0011354416341275999	0.0360820496379176	0.0011161086406022804	0.0008387702760060364	0.0011004470194243769	0.058264778181613845	0.0	0.0038223624086045844	0.0038154147243587297	0.0	0.0016712159824461548	0.0031832590205852756	2.1156480949435163e-05	0.0	0.0001192140077412808	0.036763406630481235	0.00046221664420384407	0.0026532553839945724	0.038998417805348365	0.021212007417098097	0.0004778348933417383	0.0005997430700687825	0.0
Sor-CPnd_041-Ex1-7A-lcwgs-1-2-L3-clmp.r2	0.21952880073180772	0.011966922614576523	0.0	0.0	0.0007437070551431738	0.082889531782321	0.0	0.0004732681260002015	0.00013521946457148613	0.0030424379528584383	0.0	0.002190555326058076	0.003083003792229884	0.05083497700660557	0.002862896173610366	0.012955393363090154	0.0001386749827280309	0.0	8.67695145722892e-05	0.020714410731522054	0.0024716060818703394	0.00036586964350934526	0.020630997486393386	0.07496403262652877	0.039121863248759034	0.00013287795425657444	0.01958816042763415	0.00014797705848243605	0.0004033556501051077	0.014575218128141889	0.023307194407898246	0.0016285097778441246	0.0008438150683257429	0.0008444854940850048	0.00043861395291715395	0.013810530511198436	0.018931935904037803	0.0
Sor-CPnd_043-Ex1-1D-lcwgs-1-2-L2-clmp.r1	0.0	0.058876326775965285	0.015005000141815552	0.004528948213535791	0.0	0.0	0.0	0.20174405678477617	0.10864901017320712	0.06664415916645394	0.0007136524457692762	0.0	2.744817099112601e-05	0.0007869221589410736	0.004293558680332538	0.0003416202401682618	0.0037595970010543666	0.0015802613809099884	0.0013197292686185625	0.0017805934983743477	0.0014106414559512594	0.00015524319933878816	0.051270495012793654	0.0013083211644805976	1.1364506781542133e-05	0.0	2.4390047592299864e-05	0.0010380346004782049	0.0	0.02308459477088745	0.06962910308244986	0.002782602691803539	0.0003110983560785119	0.00042341925378544954	0.024519795032296367	0.001572893867991899	0.0021588261793399955	0.0
Sor-CPnd_043-Ex1-1D-lcwgs-1-2-L2-clmp.r2	0.37636017123998944	0.012626158655917964	0.0	0.0	4.574695165187668e-05	0.0	0.2991850638032735	0.0012351676946006703	0.00018298780660750671	0.0051785549269924395	0.00286375917340748	0.0006862042747781501	0.04625016812004732	0.0038339590128735924	0.06999132654343765	0.0010987451499403953	0.005466950836158935	0.000993615123844189	0.06814778763900863	0.05122660013275432	0.05191393853982173	0.07022332362385056	0.024430598189536055	0.06468567697067873	0.0025226550330604168	0.08726762011354554	6.095962643940918e-05	0.00022777780730453057	0.004720969652975855	5.473186381015597e-05	0.04912497824862256	0.002378717377749537	0.0016005255939581557	0.0230678668681499	0.003859306093349101	0.00010830377693176484	0.056869030565338104	0.0
Sor-CPnd_043-Ex1-1D-lcwgs-1-2-L3-clmp.r1	0.0	0.0483518820679319	0.004873958329871715	5.5385890112178584e-05	0.00011077178022435717	0.0004430871208974287	0.0045970288793108225	0.0014954190330288216	0.0	0.004331176606772365	0.0030683783122146934	0.0	0.0009526373099294716	0.007511068856117389	0.011420481233305323	0.0011631217920485863	0.05115313920166729	0.0017451998965739431	0.0018023825624870818	0.0013888903855380113	0.08288848168433721	0.0	0.005418824185661713	0.005903107182190286	0.0	0.0016684836211491763	0.002244696978713192	1.5660868282388008e-05	3.2592792495053226e-05	1.6985642885351156e-05	0.058552036327434755	7.411486469960875e-05	0.0007175704692988444	0.057384689715980354	0.03176649955407188	0.00013581334538148612	0.000622512344898655	0.0
Sor-CPnd_043-Ex1-1D-lcwgs-1-2-L3-clmp.r2	0.08734354870690562	0.019994306330496467	0.0	0.0	0.0016615767033653576	0.017391169495224075	0.0	5.5385890112178584e-05	0.00016615767033653574	0.004187173292480701	0.0	0.002669599903407008	0.0035779285012467366	0.038895789417243365	0.003632827966598424	0.0005144895352269307	0.00024878136708979856	1.1483014038558813e-05	2.3411037297411124e-05	0.03282328510908983	0.003318848811809103	0.0006073472312937686	0.031221647844883647	0.11372550237994151	0.06009586801738752	7.252702429452237e-05	0.029125576111124162	0.00023480075981525874	0.0006351466716522966	0.023489281911946082	0.03451399286521922	0.0009623185659380681	0.00040669930589985124	0.0015023248477018184	0.0004054437870327554	0.000632587663094655	0.008369703681402208	0.0
Sor-CPnd_044-Ex1-8G-lcwgs-1-2-L2-clmp.r1	0.0	0.05778114327594753	0.01642200914158509	0.005169891766795306	0.0	0.0	0.0	0.03725363184896618	0.00866717149139213	0.04283407384430111	0.0007602782009993097	0.0	0.00016726120421984813	0.000684426364772788	0.004673139194277259	0.0005139849863427958	0.0037985182905837765	0.0017614946166584382	0.001160608008400071	0.00172289276893024	0.001706339366046703	0.00021368318321118425	0.06748388763514378	0.0015024580213228841	0.0	0.0	7.46058943630273e-05	0.001356859538161544	0.0	0.0004024618013442799	0.08146769983987487	0.0025749771351567348	0.00010036798247976498	0.0003881677985874926	0.03320245101239496	0.0015104959594233085	0.0013113195216137184	0.0
Sor-CPnd_044-Ex1-8G-lcwgs-1-2-L2-clmp.r2	0.11981984447749121	0.011404173014989645	0.0	7.602782009993097e-05	7.602782009993097e-05	0.0	0.05679278161464844	0.0017486398622984123	0.0002280834602997929	0.007998126674512737	0.0029650849838973076	0.001246856249638868	0.007313876293613358	0.0037415387610487565	0.06548826604723	0.0012461179531640337	0.007901114440220408	0.0008561796080409755	0.06969545153110648	0.0549055663337754	0.06506766165038522	0.09117935857827021	0.006242958819729871	0.0387289273331604	0.0026368811780773755	0.016734836864928326	4.969865222225039e-05	0.00023461156666305192	0.004375982202880381	0.0	0.06329688683705335	0.0020941511310795823	0.0010683732148151315	0.0007041774977968046	0.0036842459781245103	3.965228121556447e-05	0.07670551502515738	0.0
Sor-CPnd_044-Ex1-8G-lcwgs-1-2-L3-clmp.r1	0.0	0.04649597805167986	0.006100863919305906	0.0	9.243733211069556e-05	0.0010168106532176511	0.005638677258752429	0.0019411839743246066	0.0	0.005860526855818098	0.0033647188888293184	0.0	0.0009243733211069556	0.009190960607025038	0.013423306775693747	0.0016900905622684432	0.06625646483692886	0.0022451578922457706	0.0021496003850735123	0.0014556342529265967	0.11402326324712685	0.0	0.006571038726610001	0.006373661633199041	0.0	0.0019970528341508136	0.0018476545140907548	0.00016748892563223718	3.521645087199454e-05	0.0	0.08092194130061858	4.1051897398171795e-05	0.00021649379637026504	0.0839618652986297	0.04477308188046944	5.170382189481064e-05	0.0011578624095557833	0.0
Sor-CPnd_044-Ex1-8G-lcwgs-1-2-L3-clmp.r2	0.08189947625007626	0.022554709035009717	0.0	0.0	0.0019411839743246066	0.015806783790928938	0.0	0.0007394986568855645	0.0005546239926641733	0.006119351385728045	0.0	0.0037714431501163783	0.005527752460219594	0.03580227895560166	0.004530526519893765	0.00041781153357343573	0.0004100033795992861	0.0	6.323204262682767e-05	0.044996707961439585	0.004076671064529996	0.0006584898486473277	0.04163071852404676	0.15940118514985344	0.08210894823892097	6.0474007364524617e-05	0.040580850421849876	0.00043496459555486257	0.0012307354734533873	0.0007762672192703533	0.046465745413597624	0.0004915083736643259	0.0007342147077026464	0.0013687092980072505	0.0003380845481838098	0.0007215933192828806	0.010400994092895736	0.0
Sor-CPnd_045-Ex1-7B-lcwgs-1-2-L2-clmp.r1	0.0	0.05912275973588465	0.016675650181916184	0.0010667924358801599	0.0	0.0	0.0	0.042390962583658987	0.018584647172438573	0.03667520100615371	8.983515249517135e-05	0.0	2.245878812379284e-05	0.0006064950907030256	0.003035621266411539	0.000102588489981778	0.002058784306373013	0.0012720803106702804	4.810896873855157e-05	0.0012306715343828089	0.0015012537361033104	9.065695860149985e-05	0.06217094827470293	0.0014245652302254936	1.4100730826778022e-05	1.4521565250475218e-05	0.0	0.0013118686921301922	0.0	0.016367950204582926	0.07527384987135757	0.0028684426608870774	0.00023700371877065804	0.0003593974682529084	0.026530733858978826	0.0016875212740867938	0.0023875409081474297	0.0
Sor-CPnd_045-Ex1-7B-lcwgs-1-2-L2-clmp.r2	0.11487670125320039	0.0024704666936172124	0.0	5.61469703094821e-05	5.61469703094821e-05	0.0	0.039583614068184884	0.0002245878812379284	5.61469703094821e-05	0.004660198535687015	0.0031217715492072046	0.00047163455059964966	0.024760813906481605	0.002807852057195273	0.05782445965615437	0.0006497530254552717	0.004904337088042913	0.000930559198936948	0.08124748995772604	0.05431198116396988	0.059195045783431675	0.08533816722006743	0.0056581040691753145	0.05335109968327664	0.0023828907877442144	0.0785112284705789	0.0	0.00018517189738699306	0.0027547481188891962	9.866248206192747e-05	0.0584445885631862	0.002339349154369253	0.0003279599524458069	0.0013042743527869318	0.0017684247756311064	0.0002673255762305613	0.06760368281978123	0.0
Sor-CPnd_045-Ex1-7B-lcwgs-1-2-L3-clmp.r1	0.0	0.04557128671371949	0.0011955430156377026	0.0	0.0	0.0006329345376905485	0.004500867823577234	0.00049228241820376	0.0	0.004444606975782518	0.0008720431408180889	0.0	0.00011252169558943084	0.006049096152493494	0.005428165648956287	0.0008858243810302138	0.0656932685949172	0.0004291216132131576	1.513489886709228e-05	0.00024819792791959877	0.10415956499881807	0.0	0.0035580425504790963	0.0016331162620679038	0.0	0.0008495582020319585	0.00047654993099557	0.0	6.100560417815182e-05	0.0	0.07158693294625298	4.513324801645017e-05	0.00039791827882086986	0.07066745975043151	0.03775323915702157	7.958665872922391e-05	0.00016659604845279473	0.0
Sor-CPnd_045-Ex1-7B-lcwgs-1-2-L3-clmp.r2	0.07215453729672253	0.004289889644347051	0.0	0.0	0.0002109781792301828	0.007806192631516765	0.0	7.032605974339428e-05	7.032605974339428e-05	0.0033053248079395305	0.0	0.001547173314354674	0.0036850855305538602	0.02498420902329468	0.0031099520728113286	0.0002428966656145907	0.00017414766328665402	1.4798575844255053e-05	7.568031303799243e-05	0.038488895852709	0.0019274817641906068	9.826252208450184e-05	0.0391881047576956	0.13813071324508674	0.07401803898748908	5.5394552315076824e-05	0.03580685868086694	0.00021636149206032	2.032603364487045e-05	0.0007146550528214161	0.04166466320918859	0.0001803767664804051	0.0005612143368749856	0.0008015560875512996	0.00020232077098376197	0.00031800673379258807	0.004274284737306346	0.0
Sor-CPnd_046-Ex1-5A-lcwgs-1-2-L2-clmp.r1	0.0	0.04714902958021905	0.013655183430336665	0.0018035147926859746	0.0	0.0	0.0	0.04199613017254484	0.07162530176667156	0.039934970409475155	0.000824463905227874	0.0	0.00010305798815348425	0.0008246772290638934	0.0043124701569271515	0.00010605848489090825	0.002026813093869931	0.001429375145796265	0.0010231841490719118	0.0007025544240171423	0.0015706820584402992	0.0001468922736133002	0.009927111178880189	0.0017235703414909917	0.0	0.0	0.00010770302828604632	0.0002294459454033373	0.0	0.00538572705391754	0.0029817489855276744	0.004451087572994247	0.0004567614395902546	0.0003233682032045789	0.05609982326834817	0.0012927651322775752	0.0035671324416823385	0.0
Sor-CPnd_046-Ex1-5A-lcwgs-1-2-L2-clmp.r2	0.1569057869636798	0.009532863904197294	0.0	0.0	0.0	0.0	0.06698769229976477	0.0005152899407674214	0.0	0.010305798815348426	0.0018550437867627166	0.000412231952613937	0.03297855620911497	0.0012885621553418375	0.04224070029158033	0.0005833491986638121	0.009751714767821532	0.0008005095815278983	0.023894805076773346	0.013665790949159425	0.09409039916042414	0.028711830155205433	0.0054776250922860745	0.012228570936476018	0.001302866119338814	0.002604584067959609	0.0	0.0	0.004361326182373701	0.0	0.011085889960374703	0.0014319487820559633	0.0009106279386722437	0.0030606606838804668	0.0037694081686501747	0.0	0.023859900971551506	0.0
Sor-CPnd_046-Ex1-5A-lcwgs-1-2-L3-clmp.r1	0.0	0.034354023580816496	0.0010735632369005155	0.0	0.0	0.0016103448553507734	0.00483103456605232	0.003489080519926676	0.0	0.004294252947602062	0.0029522989014764177	0.0	0.0005904597802952836	0.006872438942675268	0.01016476654018381	0.0008257342842122358	0.03193970870306095	0.0015865125281605973	0.0013521154460751775	0.0009701805311932444	0.1477638158484043	0.0	0.003952440515770237	0.0030638675614264046	0.0	0.001129105710640316	0.0019047389906086342	0.0	0.0	0.0	0.11126878056252128	0.00026870668784075366	0.0022832353444831328	0.10657339217641996	0.05278847850974563	0.0005215015071393556	0.0007465876279231239	0.0
Sor-CPnd_046-Ex1-5A-lcwgs-1-2-L3-clmp.r2	0.08373793247824021	0.020666092310334925	0.0	0.0	0.0002683908092251289	0.015029885316607218	0.0	0.0005367816184502578	0.0002683908092251289	0.00483103456605232	0.0	0.00203977015011098	0.004777356404207294	0.030818709211518892	0.00324417440897901	0.0009358929822890511	0.000396404497945209	0.0	6.145208826486342e-05	0.052450356481337765	0.0018459985929388503	0.000508266962139194	0.052673122222557885	0.07712288605093587	0.1031487274058845	0.0	0.04976613919899547	0.00021261147485390931	0.0003376481008982565	0.0007151848037532898	0.0569468891341295	0.0009377130785522246	0.0009956787542067427	0.0007564273633060112	0.0003224885798731652	0.0008649351817574791	0.0037134273820708303	0.0
Sor-CPnd_049-Ex1-3B-lcwgs-1-2-L2-clmp.r1	0.0	0.056776021406246484	0.015739887122523777	0.0005621388258044206	0.0	0.0	0.0	0.04122351389232418	0.006558286301051575	0.03916233819770797	0.0	0.0	7.495184344058942e-05	0.0008620705810917937	0.0028600437586695075	0.00018998671232933967	0.0020448548558165123	0.0011023925856224383	4.0365957773171574e-05	0.0016206977228365865	0.0011157701667947658	8.891497061360221e-05	0.0629872209418877	0.0011553431007964646	5.020816304398034e-05	5.242351278425994e-05	0.0	0.0008597244869594123	0.0	0.014270698170333043	0.057477211801548064	0.0022841559178672904	0.0004365703325720032	0.00030656344675414457	0.030240207509274204	0.0018052791520345925	0.0020066731001822428	0.0
Sor-CPnd_049-Ex1-3B-lcwgs-1-2-L2-clmp.r2	0.09799953529857067	0.0022485553032176825	0.0	0.0	0.0	0.0	0.046844902150368385	0.00018737960860147355	0.0	0.003934971780630944	0.0026607904421409247	0.0003747592172029471	0.0233849751534639	0.0025487390113741225	0.06040049479483213	0.0007219344194773346	0.0040897412698492315	0.0009843841240103493	0.061039019758556766	0.043307171700882933	0.06094860058579331	0.08217226472631034	0.00540771139645134	0.034712192115854947	0.001355720462491483	0.007864120578988014	0.0	0.00028652277111071125	0.0029391952483410044	0.00012567013600022118	0.06185236978890491	0.0020055644038598124	0.0002907661397014995	0.0006889182146914105	0.0016958747443065044	8.58265959455516e-05	0.06379137668170017	0.0
Sor-CPnd_049-Ex1-3B-lcwgs-1-2-L3-clmp.r1	0.0	0.049160490092270456	0.001654439570412948	0.0	0.0	0.0007090455301769777	0.004726970201179852	0.0004726970201179852	0.0	0.00477423990319165	0.00037815761609438813	0.0	4.7269702011798516e-05	0.005011341706371307	0.004938130917447746	0.0006236438744019614	0.06720128589514258	0.00039879086609400293	0.0	5.283465869074659e-05	0.11984727813758096	0.0	0.003905038920221238	0.0018529270070287698	0.0	0.00108013158703059	0.0005656780499946261	0.0	7.765488460872422e-05	0.0	0.07898508867637935	0.00017990367956995825	0.00037892997752945237	0.08070339803255502	0.04077015455690975	0.00022486892952270447	0.00023873670087365696	0.0
Sor-CPnd_049-Ex1-3B-lcwgs-1-2-L3-clmp.r2	0.07374073513840569	0.002363485100589926	0.0	0.0	0.0002363485100589926	0.007799500831946755	0.0	0.0004726970201179852	0.0	0.0035924973528966876	0.0	0.001370821358342157	0.004159733777038269	0.02259841064148756	0.0034188407565704662	0.0003838066228711326	0.00029262654269055475	4.985350547416417e-05	0.00010244321956501585	0.03920685898106552	0.0023522268203090167	5.679739913349888e-05	0.04064105195843136	0.15506958987150407	0.07625452237057376	6.749122951472456e-05	0.04078626301696765	0.00014807750969167302	0.0	0.00032568754676669617	0.04641188280956854	0.00026943913549555245	0.00047293309320943744	0.0017949257449191138	0.0006327331859065009	0.0	0.003938107274042145	0.0
Sor-CPnd_050-Ex1-3F-lcwgs-1-2-L2-clmp.r1	0.0	0.057149701241805705	0.014403583239804691	0.003923556724821349	0.0	0.0	0.0	0.06840411395247747	0.1163128065924013	0.056065560567841906	0.0007330855985850415	0.0	0.00024780358262029576	0.0009707327183500601	0.005281746408931277	0.00017835792364518272	0.0033285556468893207	0.0020609295839244873	0.0008174021102187245	0.001420043908219445	0.004062500858800733	0.00023582487694285566	0.05032795975626259	0.0018406331128272909	1.4173299770959476e-05	0.0	0.00010897570620149608	0.0005540891206719732	0.0	0.024489476580754628	0.05048487018082576	0.0033034339786106584	0.00028939712996597726	0.0003048899336450615	0.02694256218474499	0.0016401549089591627	0.0023168744998544794	0.0
Sor-CPnd_050-Ex1-3F-lcwgs-1-2-L2-clmp.r2	0.2221972124161985	0.010015394797570286	0.0	0.00015487723913768485	0.00015487723913768485	0.0	0.16169183765974296	0.0010841406739637938	0.00015487723913768485	0.01599365622828492	0.0024573855276512663	0.0006814598522058133	0.04714463159351126	0.003469854195900533	0.057768114823130164	0.0009547689238872903	0.01572647624827305	0.0009596960380912083	0.05170336668762275	0.04172831908424005	0.05315415793261873	0.07147174067202551	0.019005422561441918	0.031126753282045463	0.002012252919786072	0.008479128054583607	1.5563269749594772e-05	0.00021176887610022075	0.004296136068858196	0.00012495838439519695	0.04917169005925123	0.002534262143683234	0.0013216944370500689	0.025669238376294503	0.003217111355713705	7.336299643822652e-05	0.05826383655523589	0.0
Sor-CPnd_050-Ex1-3F-lcwgs-1-2-L3-clmp.r1	0.0	0.04779999294145182	0.003962693715353518	6.191708930239872e-05	0.00043341962511679106	0.0004953367144191898	0.004210362072563114	0.006872796912566259	0.0	0.004458030429772709	0.0022166317970258747	0.0	0.0006563211466054265	0.008397575404467733	0.009190234491697221	0.001601216016396452	0.05180449318494538	0.0015037593984962405	0.0015244749000652257	0.0012137217167557388	0.09133367746365761	0.0	0.0047706991742647465	0.0048610324628275995	0.0	0.001855975189020657	0.0025508841603645214	4.1809017661592375e-05	4.38149021930892e-05	9.184777517134202e-05	0.06488171675143291	0.00025315519983312013	0.0016784576093541775	0.06314027171953693	0.037035726992594935	0.00028511599469050657	0.0010454969938588857	0.0
Sor-CPnd_050-Ex1-3F-lcwgs-1-2-L3-clmp.r2	0.09405205865034366	0.013869428003737314	0.0	0.0	0.0013621759646527721	0.030401290847477776	0.0	0.003281605733027133	0.001795595589769563	0.004334196251167911	0.0	0.0032320720615852134	0.004321812833307431	0.03739277136667421	0.003972555741868558	0.0012356524049263193	0.00015426722425697834	1.3191983864620694e-05	5.4450297700196385e-05	0.03322428878992172	0.0033218967971917327	0.0005846130461631999	0.03167992377412522	0.12393302398113396	0.06445529523796514	0.00011358024036986269	0.03234609364154274	0.0002715453478642123	0.0006346532954700636	0.0019723133079317724	0.03620827868008434	0.0013648192069490527	0.0007446113408030262	0.0011496821689623389	0.00029656421460454196	0.0015491837382499154	0.00936329272650664	0.0
Sor-CPnd_052-Ex1-6D-lcwgs-1-2-L2-clmp.r1	0.0	0.04590316804066711	0.01340991425907129	0.002785136038422499	0.0	0.0	0.0	0.2049653817905743	0.10882661187169393	0.06661632791160185	0.0008045948555442775	0.0	0.00018567573589483327	0.0008254296722569579	0.004509408558857445	0.0003801907121098768	0.0028795937910761605	0.0013638334182561847	0.001044879671657012	0.0010422658180199035	0.0024896874857890925	0.00018709348928021126	0.04912987076388907	0.0008367030552809708	3.1671357722601346e-05	0.0	3.5767848066765696e-05	0.001903428417196486	0.0	0.022257411501938773	0.07106238262017156	0.0024668042156697325	5.284507304245996e-05	0.00034012024384354016	0.023280545813006023	0.0012547026585828596	0.0022888581959362754	0.0
Sor-CPnd_052-Ex1-6D-lcwgs-1-2-L2-clmp.r2	0.3626866041145743	0.011037390967081754	0.0	0.0	0.0001031531866082407	0.0	0.30069153896302164	0.0006189191196494442	0.0002063063732164814	0.007427029435793331	0.0034865777073585357	0.0006601803942927405	0.04450028470279504	0.002393751977166908	0.07225706807958295	0.001013888583783528	0.0076864466726238425	0.001117954483153991	0.06648414296296812	0.05265277121570933	0.05025246911619931	0.06991622080376393	0.025761807401003273	0.06444561829550453	0.003102900737255548	0.08713094146797484	7.148560673051285e-05	7.606841897876626e-05	0.003522595221417379	4.315814005679611e-05	0.04634114545545837	0.0013293171543947717	0.0012125781256178219	0.02549605659106982	0.0020659512399049417	0.0	0.05944378316506389	0.0
Sor-CPnd_052-Ex1-6D-lcwgs-1-2-L3-clmp.r1	0.0	0.047672073915791376	0.0019261444006380352	0.0	0.0001203840250398772	0.0004815361001595088	0.0044542089264754565	0.005537665151834351	0.0	0.004044903241339874	0.0026243717458693232	0.0	0.001131609835374846	0.007273088080949952	0.008152312369435621	0.0010865689215605896	0.03418799947918504	0.0016563917792487236	0.0013432091184710441	0.0013503488784346986	0.08001381342024579	0.0	0.0037633548240106106	0.004073118606690656	0.0	0.0009381942127286032	0.002087512889304845	0.0	0.0	0.0	0.05942244776342395	6.0638584937981886e-05	0.0007163412415235667	0.05861016189569212	0.032089736494184964	0.0	0.0005346564297782245	0.0
Sor-CPnd_052-Ex1-6D-lcwgs-1-2-L3-clmp.r2	0.07981460860143859	0.01625184338038342	0.0	0.0	0.0001203840250398772	0.03069792638516869	0.0	0.0009630722003190176	0.0001203840250398772	0.004285671291419629	0.0	0.0023595268907815933	0.004767207391579138	0.0415433611541396	0.0037365970810382984	0.0012100919694592544	0.00032998181800182814	0.0	0.0	0.03197968930568158	0.0020262719771121994	0.0006711014756562734	0.032167038107263006	0.11529744940423647	0.05887936892962134	4.075330030414188e-05	0.027756023252510746	9.26873396509024e-05	0.0008910070656860309	0.022773602910794055	0.03184298023194562	0.0008465500967183486	0.000324514753089705	0.0009766871747718911	0.00015042706243023943	0.0004905531722847269	0.006038229093963724	0.0
Sor-CPnd_053-Ex1-2C-lcwgs-1-2-L2-clmp.r1	0.0	0.05854141471627422	0.0226755353204809	0.0017784733584690902	0.0	0.0	0.0	0.02089706196201181	0.022379123094069385	0.016510161011121387	0.0006224656754641815	0.0	0.0	0.000385398953137859	0.005630239809489367	0.0	0.002608881676780431	0.0004089395442651891	0.0006478099973277838	0.0013723215463185298	0.0021533512570882595	3.6158231312883685e-05	0.006309329420289745	0.0018969662766820162	0.0	0.0	0.0	0.001803251400987627	0.0	0.001739471846648162	0.005206231188623818	0.004442237003513114	0.00022259060968124467	0.0006961425003698257	0.07778347434874543	0.00038396043671660074	0.0036420314711986127	0.0
Sor-CPnd_053-Ex1-2C-lcwgs-1-2-L2-clmp.r2	0.08388466007445874	0.008447748452728178	0.0	0.00029641222641151505	0.0	0.0	0.05216855184842664	0.0007410305660287876	0.00014820611320575752	0.004742595622584241	0.0037940764980673924	0.0007410305660287876	0.009929809584785754	0.0012451380324447396	0.024279133172386017	0.0007834390624524475	0.005095808881380928	0.0010697552808941393	0.008876302249105971	0.008335216288820266	0.012886105582705526	0.005857597466625254	0.008348771635029482	0.006203427373867924	0.001358433898606494	0.0038564674244196662	0.0	9.238903730161187e-05	0.004261517349163833	0.0	0.010090375789275886	0.0009620436372304474	0.0005556703941036703	0.0014481856550838848	0.002059609958335302	0.0	0.019986890753135655	0.0
Sor-CPnd_053-Ex1-2C-lcwgs-1-2-L3-clmp.r1	0.0	0.041267229393723216	0.0018225274811108046	0.0	0.0	0.0006509026718252873	0.004556318702777011	0.0005207221374602299	0.0	0.004113704885935816	0.0030462245041423448	0.0	0.0006769387786982987	0.006119492066534242	0.009050152492453847	0.0006609224574048695	0.014708377510003446	0.001621727409062323	0.002003626846793661	0.0007848714002745307	0.17851890596932732	0.0	0.004042656821126343	0.003867926781155057	0.0	0.0011255263197068404	0.0017738499790912153	0.0	0.0	0.0	0.11896808063949635	0.0001375138144086058	0.00047810837378130174	0.12449899035270379	0.06435728732198155	0.0	0.0004091215400737471	0.0
Sor-CPnd_053-Ex1-2C-lcwgs-1-2-L3-clmp.r2	0.0688655026791154	0.019657260689123674	0.0	0.0	0.00013018053436505747	0.0035148744278565513	0.0	0.0	0.0	0.004556318702777011	0.0	0.0021870329773329656	0.004426138168411953	0.02854015790311085	0.0032957926852235486	0.0002379465529740411	0.000268928245641211	0.0	0.0	0.021860833700103083	0.0017123904971339992	0.00040459482784645684	0.06457136833746026	0.07336569672866998	0.12008780132819413	3.628489155171613e-05	0.06063920052795324	3.9148872199289685e-05	0.0004472384651101142	0.0004225024822020829	0.07005050755855524	0.0005490900205634212	0.00047716912734832817	0.001197858827346119	0.0005232706298137627	0.0004974269210765866	0.005427687157450201	0.0
Sor-CPnd_054-Ex1-8F-lcwgs-1-2-L2-clmp.r1	0.0	0.05702164541660014	0.01492930352725531	0.0047690830712065575	0.0	0.0	0.0	0.10533453044230134	0.10865215344835809	0.05805840260599287	0.0007049948887870562	0.0	0.00024882172545425513	0.0007052812288156337	0.006711305235615051	0.00034360512212155546	0.002798885421627654	0.0009716976854161134	0.0010652881192774054	0.0012712663796316684	0.006812814958581304	0.0001702621298997894	0.053935904860679645	0.0016685009481577505	0.0	7.313084863961995e-05	0.00015598044629125293	0.0008286335997666568	0.0	0.02281920576124405	0.05386947603548282	0.0030308762681343078	0.00011085417576594694	0.00035328656604280184	0.02509470112838324	0.0013446300183273072	0.0017285014036871815	0.0
Sor-CPnd_054-Ex1-8F-lcwgs-1-2-L2-clmp.r2	0.24052766793911332	0.00870876039089893	0.0	0.0	0.0	0.0	0.1949103516058332	0.0012441086272712758	0.00020735143787854596	0.02148160896421736	0.0029029201302996433	0.000870876039089893	0.043792623679948905	0.003194524999025048	0.06380298510718356	0.001030904807968207	0.020525770727140978	0.000832827853094719	0.05146952016656176	0.04561496292830772	0.04881701879294288	0.06089460013018846	0.021931344047959753	0.035350560797190435	0.001985794040289707	0.012720060705393159	0.00015590457392838992	0.00016560198391176725	0.003072700983176523	0.0	0.05270437475864352	0.0018778245611106709	0.0008849234485909254	0.024791912431675372	0.003004589510477254	0.0	0.05844779359579176	0.0
Sor-CPnd_054-Ex1-8F-lcwgs-1-2-L3-clmp.r1	0.0	0.05001623122888437	0.003606939752083008	0.00048092530027773437	0.00024046265013886718	0.00048092530027773437	0.006492491553749414	0.0168323855097207	0.0	0.005097808182943984	0.002404626501388672	0.0	0.00048092530027773437	0.011018340002877278	0.009893423943450554	0.0013022385480641223	0.04540652114709786	0.0018020379410897415	0.0013234401387885921	0.0012186487379064347	0.09322234014671651	0.0	0.003952731300038408	0.004104043126250827	0.0	0.002351719389079744	0.0014187056337814077	0.0	0.0	0.0	0.06444432941663647	0.0004116604185763136	0.0016036224373020072	0.06395122322236554	0.035447248200306765	0.0	0.0013391029540611166	0.0
Sor-CPnd_054-Ex1-8F-lcwgs-1-2-L3-clmp.r2	0.12119317566998905	0.014187296358193165	0.0	0.0	0.001442775900833203	0.04111911317374629	0.0	0.001202313250694336	0.0009618506005554687	0.00432832770249961	0.0	0.0029336443316941795	0.005530640953193945	0.04537266208096446	0.004629927461220702	0.0033556912523640095	0.000728981763479784	5.460876099274358e-05	0.0	0.031622585959815555	0.003048551095013608	0.00048549749622005516	0.031089241780362334	0.12716833677328643	0.06182506549891784	0.0001879748715191753	0.03168692909113181	0.00021615055318330322	0.0008039249915013643	0.003045719910723858	0.036670617796612355	0.0006844448946570862	0.00043625005271354805	0.0006189756262872759	0.0004953895743612777	0.0023127104788911797	0.007641652354488611	0.0
Sor-CPnd_055-Ex1-7G-lcwgs-1-2-L2-clmp.r1	0.0	0.057811715669858134	0.01604238145825987	0.006136026087721516	0.0	0.0	0.0	0.02491374447665242	0.006949234364407501	0.03912271091111116	0.0007688514615940213	0.0	8.871363018392553e-05	0.0006951290973053543	0.00457761646939923	0.0004402371268971374	0.003710286488679963	0.001627697546076733	0.0011727872478486474	0.0020985672556703724	0.0017218747332468	0.0002501758447524173	0.0635031896611696	0.0014346108650146801	2.2605925148617004e-05	0.0	0.00020212376492905075	0.0014445431846185043	0.0	0.000331008848769279	0.08634294458222007	0.002518490484870679	0.000544039054750277	0.00042596282119048865	0.030609972131652743	0.0020590177142665307	0.002220293677279349	0.0
Sor-CPnd_055-Ex1-7G-lcwgs-1-2-L2-clmp.r2	0.1101527574783742	0.012345980200596303	0.0	0.00014785605030654254	0.0	0.0	0.043913246941043135	0.0022917687797514097	0.00014785605030654254	0.0049236064752078675	0.0032232618966826277	0.0012272052175443032	0.007333660095204511	0.0036679255440694595	0.06511779655810619	0.0013966334151527741	0.005222471844251236	0.0010314330844087768	0.0848956882138413	0.05916663023042281	0.0633846950875579	0.08848292200705747	0.005718429402947303	0.05670341864461491	0.0025532614865133568	0.08344197178916676	2.523942751930501e-05	0.0003740548102513461	0.004472694764625853	0.0	0.05942335727288278	0.002410761094254647	0.0013746654227150437	0.0011198874242820942	0.004465827118735179	4.462962764609062e-05	0.07231142183236469	0.0
Sor-CPnd_055-Ex1-7G-lcwgs-1-2-L3-clmp.r1	0.0	0.04579285973260209	0.005218046885050925	0.0	0.0006297642792302841	0.0008096969304389368	0.00557791218746823	0.0016193938608778735	0.0	0.0057398515735560185	0.003256780986876612	0.0	0.0010616026421310504	0.008693554889989633	0.012960478165406197	0.001886206633196978	0.0689060793980517	0.002147085184127328	0.0019926014912054375	0.0018930813469962178	0.1114444571813845	0.0	0.005442046612640917	0.006320733205051787	0.0	0.001466058501718131	0.0028850147262564872	0.00013448334524631634	0.0001071137451571198	0.0	0.07322745359401876	0.0001290802259420275	0.0006431937694738399	0.07925047621527632	0.043070840197693576	0.0	0.001477887114055938	0.0
Sor-CPnd_055-Ex1-7G-lcwgs-1-2-L3-clmp.r2	0.08060982774147636	0.023931042610750797	0.0	0.0	0.0013494948840648943	0.005397979536259577	0.0	0.0005397979536259579	0.0005397979536259579	0.0060637303457315925	0.0	0.00349069343344786	0.005955770755006401	0.03232640889415423	0.004465494794975701	0.0002958926767672098	0.0002851485509891233	0.0	0.0	0.040253500236551165	0.003549882978220676	0.000881688590925804	0.038740007697624416	0.15615998908106324	0.08002713472946257	2.9890013716527294e-05	0.03739303723282659	0.00026856226867976466	0.0006772206153083938	0.00026504780515805744	0.044704545244020365	0.0013730729243320967	0.00041214905507959974	0.0015666553084156807	0.00010498478245578304	0.00045419938558178115	0.00816373130398114	0.0
Sor-CPnd_058-Ex1-2G-lcwgs-1-2-L2-clmp.r1	0.0	0.05672039564418441	0.021950016122578214	0.002525223093747936	0.0	0.0	0.0	0.016511074074505735	0.007575669281243809	0.01550098483700656	0.0009323900653838535	0.0	0.000349646274518945	0.0005439880384801596	0.005896896475100843	0.0	0.002100995669928732	0.00029122606589780214	0.0007337254304486558	0.0007664535024219932	0.0017070640205909856	0.00010044360920003195	0.005196758936818127	0.0018358824369732955	0.0	0.00013103085907762137	0.0	0.0009636860844470703	0.0	0.0006686207106936689	0.004798417588510811	0.004635945799170828	0.0003026695453903428	0.0006476921648678816	0.07939548002925097	0.0018904306400998148	0.0030100000410454553	0.0
Sor-CPnd_058-Ex1-2G-lcwgs-1-2-L2-clmp.r2	0.07789342004560941	0.012237619608163074	0.0	0.0	0.0	0.0	0.048756230502363995	0.0005827437908649083	0.00038849586057660557	0.004390003224515642	0.0026806214379785785	0.0006215933769225688	0.004856198257207569	0.0013211189411153972	0.030696913671374306	0.0010680544517894066	0.005091600314224476	0.0007906371911573472	0.012043418466056985	0.011316807488029433	0.012896801877622627	0.0073810113190570185	0.007391109673355799	0.005905347033738451	0.00110234272325196	0.0039251114895209336	0.0	7.395913609812307e-05	0.0048659738147822	0.0	0.008676989332615563	0.00047123621280650385	0.0007032878707959712	0.0012894615530919676	0.001385676493037553	0.0001254454882902909	0.02494527034947915	0.0
Sor-CPnd_058-Ex1-2G-lcwgs-1-2-L3-clmp.r1	0.0	0.04413935082774064	0.0017042220396811059	0.0	0.0	0.0011929554277767742	0.0071577325666606455	0.0005112666119043318	0.0	0.004874075033487963	0.0028971774674578805	0.0	0.0007157732566660644	0.0062725825756519485	0.010103725877354468	0.0007624323254671111	0.019294758893258282	0.0024684420573157723	0.002364579056135107	0.0008982213654839304	0.18057932495451803	0.0	0.004011366754704012	0.0042663460442972775	0.0	0.0011515493822760099	0.0010525780267319732	0.0	0.0	0.0	0.12910036950456227	0.0	0.0005184754402504582	0.13281162203855623	0.06228464483232713	0.0002182908048272829	0.00035623995848617016	0.0
Sor-CPnd_058-Ex1-2G-lcwgs-1-2-L3-clmp.r2	0.07004352583089346	0.02045066447617327	0.0	0.0	0.0005112666119043318	0.0028971774674578805	0.0	0.0001704222039681106	0.0001704222039681106	0.005658017171741272	0.0	0.0025904175003152808	0.005760270494122138	0.027476676358501765	0.004281263239806569	0.00013862670151279855	0.0004947391558477815	3.629899774837317e-05	3.753301497830029e-05	0.024448970585076366	0.001879839821300792	0.0002580827206736303	0.06306011989624241	0.07925131726249673	0.12114674607250896	0.00010952482654005598	0.06193410701349766	0.00018627234880118221	0.0014542983440169175	0.0004930626090901022	0.07099994214819529	0.0004817713769989497	0.0002579631061165632	0.0011082512073011589	0.0003978765329436796	0.000324898252697197	0.005303626737821694	0.0
Sor-CPnd_063-Ex1-7D-lcwgs-1-2-L2-clmp.r1	0.0	0.05850246243608645	0.014429561780482448	0.004705291884939929	0.0	0.0	0.0	0.20201386492675427	0.11614228802660058	0.06679946045986386	0.0007998996204397879	0.0	4.7052918849399294e-05	0.0008314651514129416	0.004468335919073542	0.00041654517432415547	0.0036033155744471207	0.0016685588236087254	0.0012724427082670602	0.0015203251179066427	0.001565023718594405	9.850367014824606e-05	0.05037133375653512	0.001582580686141948	0.0	0.0	2.5307056847494865e-05	0.0013086379989482822	0.0	0.024075620148844686	0.06895626780843063	0.0027837757524411698	0.0002848765451881859	0.00015149397678885035	0.024073814516106233	0.0014318112890076378	0.0021413864359927956	0.0
Sor-CPnd_063-Ex1-7D-lcwgs-1-2-L2-clmp.r2	0.3695222560306158	0.012704288089337807	0.0	7.842153141566549e-05	0.0	0.0	0.29706076100254086	0.0015684306283133096	0.0003921076570783274	0.005677718874494181	0.00268201637441576	0.0011920072775181154	0.046990181624266755	0.003937693452917893	0.06988291217536853	0.0009933071922650209	0.006158284956947692	0.0009101150183135365	0.06866009279832497	0.05086012434123922	0.0536631713953801	0.06989450027993259	0.02516250353492923	0.06642957197465317	0.002415733627536264	0.08552823403634949	0.0	0.00013343623936112862	0.0045123693915831336	0.0	0.0461763779716568	0.002042437840413282	0.0011372880868006701	0.02577117988548074	0.003988604677303751	0.00017309295914097426	0.05563787875125731	0.0
Sor-CPnd_063-Ex1-7D-lcwgs-1-2-L3-clmp.r1	0.0	0.04891061444662137	0.005434512716291263	0.0	0.00028109548532541015	0.00018739699021694015	0.0041227337847726826	0.0020613668923863413	0.0	0.004759883551510279	0.002904653348362572	0.0	0.0008432864559762306	0.007591441727249808	0.01124699128829945	0.0014179724947827235	0.049797163346463516	0.001758379283624153	0.0019483719152873032	0.0013304859479963207	0.0872659414180932	0.0	0.005427374319222579	0.0062229978166545965	0.0	0.0018567715870327788	0.0021794150512271506	0.0	0.0	0.0	0.05562880515120387	0.00012468900484042717	0.0007953386087848685	0.05702218026260339	0.03187691688873246	5.406577317569916e-05	0.0006390184676337146	0.0
Sor-CPnd_063-Ex1-7D-lcwgs-1-2-L3-clmp.r2	0.08264207268567059	0.020051477953212594	0.0	0.0	0.0017802714070609313	0.028578041008083366	0.0	0.0008432864559762306	0.0008432864559762306	0.005340814221182794	0.0	0.003054570940536124	0.004628705658358421	0.04363689529488175	0.003566747720536824	0.0005748897361486067	0.0002353561870728653	4.042411363056645e-05	2.0951969495608573e-05	0.0324153209727563	0.00364697883133931	0.0006929409153176024	0.03042662347141392	0.11564054217623428	0.05723985032239627	0.0	0.03164115876954783	0.00029587967822756236	0.0006608438210407107	0.022955132480222844	0.03547929677533048	0.0007465122326397544	0.0004407429868975925	0.001314645336859087	0.0003007010845786952	0.0007005061426305946	0.007532856291064932	0.0
Sor-CPnd_066-Ex1-8B-lcwgs-1-2-L2-clmp.r1	0.0	0.05773815637957972	0.015353592145880751	0.000973114995161456	0.0	0.0	0.0	0.05460256361739281	0.026814724311115673	0.04009233780065199	0.00015137344369178205	0.0	0.0	0.0006921395656175345	0.0030237078271613802	0.0001101343176110721	0.00217625512710003	0.0014926017472166422	4.715373011939796e-05	0.001480558447229135	0.0029295429887898658	5.1753566079470704e-05	0.06284424030930295	0.001359874003510695	0.0	0.0	0.0	0.0015665021732819947	0.0	0.014788519031039763	0.06788540346475151	0.002877486581874269	0.0003065330233773579	0.00019924192432632323	0.030319316394941908	0.001830007150099365	0.0020088535655324556	0.0
Sor-CPnd_066-Ex1-8B-lcwgs-1-2-L2-clmp.r2	0.12618057770593546	0.003351840538889459	0.0	0.0001081238883512729	0.0001081238883512729	0.0	0.056548793607715725	0.0001081238883512729	0.0	0.006444183745735865	0.0033950900942299684	0.0004757451087456007	0.024111627102333857	0.003287660803383176	0.06289081058880243	0.0006167898116896648	0.006349694979051616	0.001240054020427364	0.06491015496150071	0.047042431642225074	0.06294975963157615	0.08794537709782325	0.0074461520000685694	0.03818521438528049	0.0028755413925556834	0.014448077482209502	0.0	0.00022368876839520566	0.002350341196714289	0.0	0.06118550649660744	0.0028746190669060217	0.0004593099251133443	0.0011144527002392888	0.0021153838177285756	0.00013051803041331145	0.07008846843919916	0.0
Sor-CPnd_066-Ex1-8B-lcwgs-1-2-L3-clmp.r1	0.0	0.05112714630378369	0.001243633288470414	0.0	0.0	0.0005527259059868506	0.004421807247894805	0.0011054518119737013	0.0	0.004670533905588888	0.0008567251542796185	0.0	0.00019345406709539775	0.005583801667787573	0.006036102569237852	0.000761403283170957	0.06602936147822873	0.0005022350938839878	3.0435831983250552e-05	0.000282924559737949	0.11397260559135812	0.0	0.004167130653903341	0.0019291141544201282	0.0	0.0010213509487564658	0.0005712033541060953	4.2300737090343797e-05	0.0	0.0	0.07647943298460161	4.906578740775632e-05	0.0004591794565151953	0.07947199993200256	0.042572062084257206	0.0	0.0	0.0
Sor-CPnd_066-Ex1-8B-lcwgs-1-2-L3-clmp.r2	0.07821071569713936	0.005941803489358645	0.0	0.0	0.0002763629529934253	0.016996321609095658	0.0	0.00013818147649671266	0.0	0.0034545369124178165	0.0	0.001354178469667784	0.0036203546842138714	0.029218217793756426	0.0025869752195590906	0.0002820102820948852	0.00017270292161532496	2.954452389295192e-05	0.0001217480709779079	0.04171494639928025	0.0021466493243421252	0.000101158671422473	0.04121382235266846	0.14636706180678527	0.0820253999021743	7.85282240253175e-05	0.03951360344490115	0.00012681294963116452	8.7679727000402e-05	0.0005000218191339259	0.04463272597912453	0.00029402410703653593	0.0002547875861373132	0.0007428434987928794	0.00016608113838655498	0.00011629462079231525	0.0038456138637431862	0.0
Sor-CPnd_069-Ex1-6B-lcwgs-1-2-L2-clmp.r1	0.0	0.04669279482833204	0.015131064725682151	0.000371314471795881	0.0	0.0	0.0	0.04335096458216911	0.015409550579529061	0.03820825914779616	9.282861794897025e-05	0.0	0.0	0.0005199494386310177	0.002856768889824133	7.557523618678344e-05	0.0011149167791515175	0.0013740737025652583	6.030035607360262e-05	0.0008246526614530751	0.002054099474319945	4.356028678350407e-05	0.05857249125338402	0.0010641492288850816	0.0	2.4637660092435574e-05	0.0	0.002103939337117093	0.0	0.01533136998027739	0.0768316693267472	0.002927513557104019	0.00012525093241491	0.0003578905928457671	0.027534447693863005	0.001703934313332221	0.0018944487451320094	0.0
Sor-CPnd_069-Ex1-6B-lcwgs-1-2-L2-clmp.r2	0.10433936657464256	0.001113943415387643	0.0	9.282861794897025e-05	0.0	0.0	0.051055739871933646	9.282861794897025e-05	0.0	0.004214419254883249	0.0038802362302669566	0.00024135440666732267	0.022928668633395655	0.0018941036368089702	0.06045985338765633	0.0006046123990509852	0.004421306699894389	0.0010600561044508616	0.07966730707414728	0.055014857929490665	0.05752008384886449	0.08385716837212544	0.006954408691305911	0.05637303264014783	0.0032447129073247963	0.08224658555972632	0.0	2.6289956132579196e-05	0.0029087366215105694	0.0	0.05541793241631791	0.0016285029022032739	0.00021899260274272592	0.000650046072015354	0.0011503181644711379	7.093800975610448e-05	0.06976192165491028	0.0
Sor-CPnd_069-Ex1-6B-lcwgs-1-2-L3-clmp.r1	0.0	0.04393383564352085	0.0009249228556530706	0.0	0.0	0.0005780767847831692	0.00543392177696179	0.0010405382126097045	0.0	0.0039077990651342235	0.0007861844273051101	0.0	0.00011561535695663383	0.0049494279478931626	0.004164773323486785	0.0007777394930929663	0.040739665132443544	0.0005163841307779696	5.0480078163353026e-05	0.0002595134382546164	0.10239659853135395	0.0	0.003722078374468929	0.0013199732485421629	0.0	0.0009390514891322006	0.00032381794307604375	0.0	6.937656140623515e-05	0.0	0.07112478933754415	0.00011610271064998553	0.0004022322279723554	0.06921501220887534	0.037769258614749196	4.5737075845792875e-05	4.792641569839332e-05	0.0
Sor-CPnd_069-Ex1-6B-lcwgs-1-2-L3-clmp.r2	0.0672881377487609	0.0038153067795689164	0.0	0.0	0.00023123071391326766	0.006474459989571494	0.0	0.00011561535695663383	0.00011561535695663383	0.0036303222084383023	0.0	0.0014105073548709328	0.0041159067076561645	0.02322063768866768	0.00330374619225802	0.00030635933640682446	0.0002882434850366802	0.0	0.0	0.0379675155853667	0.0018429206606630187	0.00019269212368191706	0.03704828579229492	0.1376483686923141	0.07142275150849516	6.258766184387008e-05	0.0348301786017755	0.0001339456435184038	6.933495299783536e-05	0.0005387157017669876	0.04182811586872304	0.000309326144593733	0.0008036986210540909	0.0006270357761532442	0.00021782088501496867	0.00018277759804647304	0.003785158250758589	0.0
Sor-CPnd_072-Ex1-8C-lcwgs-1-2-L2-clmp.r1	0.0	0.057993812431217776	0.01456679598440689	0.004569209464277764	0.0	0.0	0.0	0.08408126475717971	0.0698659464238711	0.06506241852552781	0.0007576296034785353	0.0	9.372737362621054e-05	0.000812479624534416	0.004028598178194085	0.00028562014440795824	0.0033868435848637213	0.0013822343302677994	0.00113282931868896	0.0014780608622990082	0.005439061046303585	0.00021286115997802207	0.058524692981385115	0.0013017787132400937	1.9062854807385105e-05	0.0	0.00013029590199342708	0.0017258052884837629	1.053029735032446e-05	0.025307219823758532	0.06838974869231601	0.002592507607531644	0.0001402235443744417	0.0005170793099853186	0.027025645961309294	0.001634608602623302	0.0019749867922758267	0.0
Sor-CPnd_072-Ex1-8C-lcwgs-1-2-L2-clmp.r2	0.2448237105261308	0.012418877005472898	0.0	0.00011715921703276319	7.810614468850879e-05	0.0	0.20143574715166418	0.0008591675915735967	7.810614468850879e-05	0.004819149127280992	0.0033195111492616237	0.0006560916153834738	0.050292546564930804	0.0033905444745687286	0.06363424328023805	0.0011346151893077672	0.0046422577238278235	0.0009079443412123544	0.05917115892916781	0.043862574129067085	0.05789041196666734	0.08107770820699589	0.023121645455030714	0.037471880979635844	0.0029260913176865923	0.016330861095715753	8.017836479031253e-05	0.00018488936220565613	0.003958541854263123	7.555607653269279e-05	0.05494995214161432	0.002307347823023012	0.0012030322486226157	0.002620096258490524	0.0036071087560643742	6.432545179302695e-05	0.062060212155418314	0.0
Sor-CPnd_072-Ex1-8C-lcwgs-1-2-L3-clmp.r1	0.0	0.0493635859416981	0.004880436921115363	5.083788459495169e-05	0.0003558651921646619	0.0004575409613545653	0.004727923267330508	0.0006100546151394204	0.0	0.004331387767489885	0.0032841273448338793	0.0	0.0009049143457901402	0.007729248493305046	0.012214313948378259	0.0016871704454109275	0.062443916939284805	0.0017362316827557469	0.0021011897987235273	0.0011976751669889381	0.10321410369601405	0.0	0.005239386228840696	0.005768217395058138	0.0	0.001625070326884207	0.0020607859110128397	5.531800314731778e-05	9.937879733483101e-05	0.0	0.0719696691983731	4.613530685822866e-05	0.0006487963877549018	0.07249010353562899	0.03997006454306758	5.2488166542852916e-05	0.000671996873216711	0.0
Sor-CPnd_072-Ex1-8C-lcwgs-1-2-L3-clmp.r2	0.08052720919840349	0.018708341530942224	0.0	0.0	0.0010675955764939858	0.01016757691899034	0.0	0.0002541894229747585	0.0003558651921646619	0.004321220190570894	0.0	0.003517981613970657	0.004097533498353107	0.0303067778159268	0.0036418301014648647	0.00038299486248621217	0.00019982329310680102	0.0	4.378133238415405e-05	0.03928074482292321	0.003381802395210267	0.000540732560963482	0.037834331021664565	0.13853729473837362	0.07570943333930358	7.861674363682628e-05	0.03763732405224303	0.0002488527198358014	0.0007379197219972591	0.002242804239307795	0.041226433306412284	0.0007222849653925612	0.0004427139249024369	0.0011892555162721107	0.00030277742780818916	0.0006642362611469333	0.007970119495511407	0.0
Undetermined-L2-clmp.r1	0.0	0.06833242832948325	0.014951324185487325	0.01184878625710658	0.0	0.002205225786906875	0.0	0.2853244158119837	0.09421438145389698	0.08948553192518316	0.0009313431043757943	0.0	0.08040828158122319	0.00659285710215827	0.024131805475091653	0.0009032609248056418	0.00504028032644091	0.05999153609006988	0.0020258152030437435	0.004260969163006707	0.041210787899817386	0.0002553537700305412	0.05344932686701547	0.03729021549385092	1.8283160098005773e-05	1.131090787163616e-05	0.00016294152732862244	0.0021392445996488343	4.721840671263536e-06	0.017634890715997255	0.051784062999524996	0.0028165318174366363	0.017839116467417836	0.00023382933677703764	0.015625643648863364	0.01998234843816243	0.04787691300108989	0.0
Undetermined-L2-clmp.r2	0.821480297245627	0.013707400384827172	0.0	0.00252420546766852	9.743908181320771e-05	0.0	0.2674887008962049	0.0038030328200229576	0.0005157969305932985	0.07021857748131821	0.024428220196346828	0.00411318965855077	0.041004013850272254	0.009716108731024816	0.08411794478811173	0.0021565777327751706	0.04832225433986636	0.0013659589755647507	0.07171968033915006	0.056478920112991354	0.036748612455718865	0.049325484692146065	0.024078551374945977	0.05089705265351505	0.0038914195473476495	0.07143221906062383	0.00011318243353120757	0.0008915323248597059	0.004587377383323622	0.00013900632338320097	0.03198282837210672	0.0026234245959129614	0.0022993870134106354	0.038836845432908836	0.005463338661172996	6.239979826786713e-05	0.056734998043625744	0.0
Undetermined-L3-clmp.r1	0.0	0.06423124208395976	0.005402000858062027	0.0005662338248812004	0.0006893934366590743	0.0005542182530004322	0.005146669955595703	0.13130566886420628	0.0	0.004080388080943201	0.0027612785479662004	0.011621360993313309	0.001858308321126472	0.05840369266080688	0.010665015667465427	0.0020105114296798815	0.03476261038492792	0.002203428534800149	0.007583764162869861	0.002480716864002864	0.06678617757812301	2.0569323330570435e-06	0.008444097561355196	0.006393719646521377	0.0025743944518798706	0.0023553901818002447	0.005118778779747858	0.003074378821661797	7.940265713688222e-05	0.0012065535633905009	0.029413874106815986	0.0005484554544834616	0.0037765101855970194	0.028636410482732175	0.017238564044716444	0.0007590914458181076	0.01694593974762701	0.0
Undetermined-L3-clmp.r2	0.34570802896283515	0.01677874483383603	0.0	0.0	0.0018213604375931097	0.10066295667527725	0.0	0.16430994157653464	0.07968977595739639	0.009446542482894268	1.8724266180863743e-05	0.0038222535450380306	0.004202546395064343	0.06999854700459174	0.021073788242169836	0.018711124180324896	0.0003158543625414103	0.005733227823253948	0.011153612049987067	0.018943459641107527	0.03406548461921748	0.0009411259818397921	0.01658156350045534	0.06797732820510625	0.030971843789040037	0.0029939614313440775	0.01674004602800597	0.00027031895387370113	0.0007492557569763774	0.018336356810562185	0.0187672794614056	0.0033653577805128243	0.0010183333035196798	0.0013864968130942125	0.0008252480795722435	0.01719946649215882	0.058936316804996745	0.0
