Sample	1	2	3	4	5	6	7	8	9	12	17	22	27	32	37	42	47	52	57	62	67	72	77	82	87	92	97	102	107	112	117	122	127	132	137	142	147	150
Sor-ACeb_001-Ex1-8E-lcwgs-1-2-L2-clmp.r1	38.92895748335563	39.23388904437044	39.2161059488383	39.24492966100172	39.10611573133815	38.92896775369668	39.045192068215606	39.06416652330982	39.08143610178935	39.544630023801524	39.763917210780775	39.793802362691956	39.601071196571766	39.58637078982521	39.60651666263358	39.620441956565955	39.61567750233535	39.61406972464202	39.60959312135902	39.59563271258676	39.56746163916303	39.5316855674589	39.48493146014512	39.44979494390569	39.394699873302486	39.32542080871643	39.22897788262204	39.119506099927186	39.00779017090003	38.86316421230759	38.69057896640399	38.54028223533253	38.35240643297705	38.15469626456827	37.93407734199086	37.76584747519975	37.74656301142628	38.90198018053029
Sor-ACeb_001-Ex1-8E-lcwgs-1-2-L2-clmp.r2	38.640615090725625	39.56405483335088	39.61863142570307	39.65499870336944	39.71870819650243	39.75057963237314	39.69619817650094	39.78950422496155	39.789904768262595	39.79320052070629	39.818575452344334	39.80897781863091	39.639826328532806	39.62862900674816	39.60690171320219	39.61946751308154	39.59387276682189	39.581735886678494	39.537176451726246	39.50594178233014	39.46356090908132	39.41090775960595	39.371061809621665	39.29985367098601	39.23814163838004	39.13164373744901	39.025359478224125	38.90779110706249	38.76859137097393	38.620323573424585	38.41961840978982	38.241281089080786	38.004524489733434	37.762015481800844	37.511093612658	37.3353897035109	37.37222568951764	38.81148987225633
Sor-ACeb_001-Ex1-8E-lcwgs-1-2-L3-clmp.r1	38.96432333409663	39.23774330203801	39.23919452713533	39.308255095030916	39.14991699106938	38.90183478360431	39.07757900160293	39.09329631325853	39.08229906114037	39.539756697961984	39.75328658117701	39.793567666590334	39.588985001144955	39.56643512733149	39.59731714583147	39.61791504859638	39.593762093102015	39.611220119985155	39.60657849932871	39.58449276852842	39.524536523035785	39.51271164899558	39.471182168276236	39.41577086742958	39.338921346807766	39.24136533102141	39.122247493717126	38.98929765318384	38.862898648684265	38.70088601364191	38.50341333084176	38.337003727551206	38.137664169503005	37.871923701426155	37.683223663334914	37.46953185731732	37.443420966550875	38.74251056791031
Sor-ACeb_001-Ex1-8E-lcwgs-1-2-L3-clmp.r2	38.748840737348296	39.58727959697733	39.63984428669567	39.68077627662011	39.73115124799634	39.73725669796199	39.78689031371651	39.799745248454315	39.80350641172429	39.81442981451797	39.8289661094573	39.805720174032516	39.65189145866728	39.60403602852083	39.62978242012683	39.61991625355799	39.60598623189585	39.576968807913566	39.55614323996138	39.505184901417216	39.46993390654777	39.41529051847474	39.33749814380592	39.23442106152325	39.151350171394526	39.046790267171204	38.8913868550778	38.75683819193675	38.5887058872224	38.421152827918206	38.19080916218653	37.966012921309655	37.72063885002126	37.45168536409227	37.15303161104739	36.91874563425823	37.02786037624882	38.638942088463295
Sor-ACeb_002-Ex1-9E-lcwgs-1-2-L2-clmp.r1	38.85918315021794	39.16288565812339	39.15244000873636	39.20550390762248	39.13133979697456	39.04990171593531	39.190405196235766	39.20972015155688	39.22878820971066	39.57646500232653	39.761535320539	39.791314917336926	39.58732467927108	39.574937147976684	39.60322148199785	39.620815314126666	39.62853675812995	39.62457953768304	39.63157290908127	39.62007804906059	39.598083199291395	39.555370818534705	39.516277320331845	39.436472720010045	39.38577719568298	39.32645655498921	39.26457238503716	39.18781939629015	39.09643063784237	39.007110082274146	38.90174501247064	38.83934068082595	38.740654005973866	38.623824946599555	38.51930025294032	38.4508901083134	38.479433467788816	39.2523085533066
Sor-ACeb_002-Ex1-9E-lcwgs-1-2-L2-clmp.r2	38.73201211695329	39.5434301613378	39.59945682623187	39.65890206728898	39.69620253164557	39.73764327157739	39.719106991937856	39.77298755068514	39.7854273695006	39.791713751222616	39.81448526688634	39.81701501324699	39.658545016000836	39.650543861715754	39.64868961900706	39.67066026076737	39.659795323168524	39.658920036860664	39.63802924191466	39.61488327564207	39.56369538849881	39.55526576976248	39.50565412059465	39.443659694340255	39.380844549117015	39.29749909715956	39.23049984661392	39.166099821641694	39.074714902973255	38.986815372509895	38.88048841838329	38.75362948971183	38.66260715670397	38.5691644596724	38.470971653588876	38.38768107133113	38.380855820604936	39.23301869331853
Sor-ACeb_002-Ex1-9E-lcwgs-1-2-L3-clmp.r1	38.895592577740516	39.22055338850206	39.22297765302031	39.308865881666726	39.177208268017935	38.91349203455944	39.09416353760344	39.134993255805476	39.09183041084904	39.56297619481609	39.751110057963615	39.8006853559841	39.60329189603003	39.5979108463749	39.629415679209046	39.66001669026956	39.64235302269535	39.664291765941286	39.66684803611838	39.64435541596852	39.572793892197794	39.58520188109045	39.55429334306323	39.49339427918815	39.44742985609178	39.39161728583764	39.33863687516443	39.27692033652846	39.206931402434876	39.161939201243	39.00103272908492	38.94184869956061	38.821264293590374	38.72792807140126	38.65265699787652	38.607454431423676	38.5596737625616	39.245410139801244
Sor-ACeb_002-Ex1-9E-lcwgs-1-2-L3-clmp.r2	38.8121468411651	39.587619846159456	39.63523021399147	39.678393058947904	39.73582807772228	39.75093871896759	39.7767853887937	39.789453537967994	39.796398235572894	39.81162553315592	39.83329080237687	39.81945244431483	39.6784805512012	39.65264368702531	39.681016164875054	39.69319430889743	39.69574530990651	39.68104155243078	39.671937558605094	39.63107711982887	39.61333253094536	39.57663116702442	39.50324680874431	39.43528366921274	39.351307840434856	39.336862287259144	39.25234014046647	39.22311728826312	39.13833279314702	39.03224904808623	38.92939139218862	38.84325073189884	38.747550759298875	38.63523983506254	38.51864691523669	38.43048469509539	38.48045757692211	39.23399966403494
Sor-ACeb_003-Ex1-10E-lcwgs-1-2-L2-clmp.r1	38.94494890486926	39.20278431437082	39.15668844312067	39.159216047655875	38.950201583043984	38.74790106797874	38.871029636821405	38.927894156560086	38.9751485132222	39.53373858381741	39.79064457206799	39.8296789481479	39.6768668235449	39.683444875255326	39.71127350518259	39.7377400430639	39.74252274159396	39.75564833109674	39.76101978847801	39.754716236035236	39.73900442076744	39.72987715326115	39.70546697269715	39.703204469706805	39.66675950508578	39.63018930730345	39.58960209413415	39.53286371263931	39.457008114264475	39.35796039918941	39.22018829615119	39.09741246198597	38.890922665696124	38.67937752402389	38.46426109716658	38.24162156858894	38.27423421215494	39.148936170212764
Sor-ACeb_003-Ex1-10E-lcwgs-1-2-L2-clmp.r2	39.00502558870477	39.683588671855716	39.72301666968355	39.753005644325235	39.783429050996396	39.80841547499548	39.727650611331434	39.83590317431585	39.84094521877931	39.837550066645825	39.86524839967747	39.86278398525564	39.75707482433477	39.759181912094775	39.74602498026265	39.7672791834755	39.75115581434734	39.75601892441907	39.728808448653524	39.70906117826037	39.69209930919391	39.66702210198171	39.66263902721836	39.61963783924673	39.6005595320074	39.52335964294249	39.48795948270417	39.39993936525247	39.28635313583718	39.17029836986889	38.97434626951572	38.78782394372474	38.52410605537833	38.23242942417238	37.9196660812994	37.63376358059033	37.52646730713056	38.72442546268049
Sor-ACeb_003-Ex1-10E-lcwgs-1-2-L3-clmp.r1	38.92854010215304	39.172519887456225	39.15683258101735	39.21714605725698	39.00399435931691	38.71483513146975	38.95337665054079	38.97902961358622	38.990870999736856	39.511419684364654	39.7773738436937	39.82421310446735	39.66205561065792	39.658084817815094	39.70575328232795	39.73384864092306	39.72850373794358	39.7487719810749	39.76113821964166	39.75803392312843	39.72863483685107	39.740681974458504	39.730663609175785	39.7130455660905	39.68528678390579	39.65812906639043	39.60375740342667	39.55107924798404	39.48827663452475	39.397189891819885	39.2890904755971	39.144073010286306	38.98787156773264	38.801394708597044	38.577670201038245	38.422440254557365	38.35382737382886	39.23326039387309
Sor-ACeb_003-Ex1-10E-lcwgs-1-2-L3-clmp.r2	39.02792677907549	39.68391258290657	39.727007131820606	39.768070764933306	39.787266630231635	39.77931164774069	39.8325877645757	39.84384214184024	39.84298524381111	39.855933175448186	39.869594963868586	39.85911516844456	39.76173511730057	39.72836037768034	39.762654230438095	39.76385589294606	39.76530462744499	39.75255154841381	39.745419124741545	39.72279127901713	39.70754260343288	39.68624962953163	39.65576876096611	39.60169938945795	39.57715714934549	39.53806875596173	39.45831724502595	39.37305118563812	39.26831494429812	39.13000360482505	38.94701575011012	38.738473473414736	38.527790397196576	38.228819506434775	37.93814179462239	37.68513665769485	37.61848605744109	38.83199322894625
Sor-ACeb_004-Ex1-11E-lcwgs-1-2-L2-clmp.r1	38.95983473711613	39.23703635279595	39.21498450660464	39.264151894057086	39.12716340703543	39.02998748771865	39.10758042709707	39.146444076820366	39.19866815582409	39.588864909348935	39.78134410453214	39.80392499349193	39.63633096243796	39.62751369252254	39.64751639123995	39.65578808654368	39.65070152648658	39.64331940681515	39.63111858516532	39.60206796492395	39.55412673406287	39.48742358313374	39.36904965765585	39.166605294624866	38.83384028130192	38.343176381668776	37.70288203721433	37.31214968314011	36.94192067370343	36.61590089587678	36.17896242782478	35.81289826951579	35.41869222093375	35.01096626449866	34.59494291373149	34.25524127314998	34.404693229265334	37.394269133115706
Sor-ACeb_004-Ex1-11E-lcwgs-1-2-L2-clmp.r2	38.900078096789635	39.66219359606325	39.70689351124846	39.7331525070749	39.768018944769615	39.79825835761611	39.740030063065255	39.82786795764299	39.831512474492584	39.829292174365776	39.855710722773196	39.85589210886525	39.736267981156	39.73579384440468	39.70737134285105	39.73302636367674	39.70670975158727	39.69751653171049	39.66155066225649	39.61687034075752	39.57112665887665	39.49883004800488	39.4146770778759	39.215392003586274	38.9113471634865	38.39480420649668	37.79722355594613	37.4143522962494	37.03330060251264	36.642321055021654	36.19133993532479	35.76456493471022	35.24233547590707	34.743933622168	34.293597235024684	34.00891274877159	34.29353249873826	37.28415300546448
Sor-ACeb_004-Ex1-11E-lcwgs-1-2-L3-clmp.r1	38.984478956549545	39.24714710902346	39.24888682004335	39.32408935531952	39.19958246935523	39.039331574814625	39.14864184992406	39.18868341491167	39.16382905693557	39.593201021257386	39.77442436723889	39.81622257016443	39.644009986881635	39.62704916368527	39.65095514200191	39.663359189326194	39.63043650490728	39.651249672013506	39.64258901142216	39.616141406523276	39.51632920868819	39.502713526658376	39.396222626908624	39.200798563440806	38.905831642597846	38.47737780801477	37.82279086041561	37.38232528924461	37.010542324737436	36.7019481909036	36.338928486921795	35.956341480004916	35.555419078519144	35.145680712089856	34.77902738662819	34.45908103000098	34.49819539773568	37.180585920419766
Sor-ACeb_004-Ex1-11E-lcwgs-1-2-L3-clmp.r2	39.00076641323309	39.67233248228551	39.7290564653774	39.751757343226174	39.7816897766117	39.788987159051906	39.83253635760936	39.839946586169766	39.83721006775469	39.85003502931649	39.86592000150462	39.855178931629354	39.75851870659538	39.71938670072632	39.747316500341725	39.741206797290474	39.735673136663266	39.71162930603948	39.68822332858106	39.64401167760312	39.611076826046386	39.543104835782984	39.409718274865156	39.14201915601414	38.92812326963807	38.49587344832906	37.91818268008427	37.472428217939516	37.04298043713037	36.69763102375984	36.27447011879139	35.7746709802863	35.38568862367394	34.91390972328385	34.46060017952114	34.210184488523815	34.44555119346517	37.265573770491805
Sor-ACeb_005-Ex1-12E-lcwgs-1-2-L2-clmp.r1	38.7253621662103	39.045379016592946	39.056565798403895	39.08591354817571	38.97783706616116	38.88197711156357	39.04926396592478	39.079360621591896	39.148306770577356	39.503531559362486	39.71362774696342	39.75441503428585	39.52768377448571	39.507460878623675	39.547909959397785	39.576102604925545	39.587978613430764	39.606639662057695	39.61527051982911	39.59630124746747	39.57633132523689	39.55046411720196	39.517786161773834	39.46861340967651	39.43373506042076	39.40165932026647	39.31264998111596	39.27113198133055	39.19158192943053	39.12590078131621	39.09998229125828	39.02147087254269	38.9676735204866	38.89309229901531	38.81392267324678	38.79586922657107	38.84380176970959	39.433242506811986
Sor-ACeb_005-Ex1-12E-lcwgs-1-2-L2-clmp.r2	38.55671791991388	39.37087224133492	39.46734068197243	39.5175173769571	39.603547941678954	39.64174214233893	39.619415385335486	39.705352336820425	39.721875073135344	39.74017646095158	39.76462823843291	39.76466568372768	39.54056495588476	39.538212134280876	39.53588745006316	39.56981599620846	39.58648436611803	39.589066969172684	39.57710406264947	39.568082268200165	39.52669303268665	39.52075915216774	39.4775852218646	39.42298546553184	39.37761232364063	39.33525100307692	39.278154607238584	39.21936369128208	39.141080288334564	39.08925328714136	39.02374495418655	38.93113685223714	38.883435875725255	38.80461897080903	38.691653870107565	38.71632510365258	38.728567081232825	39.39021615472127
Sor-ACeb_005-Ex1-12E-lcwgs-1-2-L3-clmp.r1	38.78990270838811	39.06499254974143	39.09347883250066	39.15663073012534	38.987816635989134	38.79533701463757	38.951617144359716	39.00302392847752	39.0332193882023	39.470128845648176	39.69307564203699	39.75661320010518	39.519975457971775	39.491645518317355	39.55614238657277	39.58913394760647	39.588773401530425	39.61617333405797	39.638627344710486	39.63125692844355	39.56202472499066	39.57370674810197	39.54937631975669	39.50942495292048	39.46075367484214	39.40881974074677	39.34395964646281	39.29636057944829	39.23448857351731	39.183043874883076	39.06679022004079	39.062619030887376	38.983940706895055	38.90209547686696	38.892010867239655	38.85674649694646	38.78737850169047	39.420260270477165
Sor-ACeb_005-Ex1-12E-lcwgs-1-2-L3-clmp.r2	38.552853010780964	39.40174423700587	39.4815496537821	39.561661845911125	39.605048645805944	39.63581383118591	39.696993601542644	39.72320098168113	39.70440003506004	39.74237882373565	39.770286615829605	39.75005697256552	39.548601980892286	39.53205228473603	39.571541793050834	39.58963576946485	39.5978476254237	39.598389530268925	39.58913719917107	39.564059275939755	39.559326790552426	39.51235947896112	39.484570035816546	39.412797221458014	39.36734033767566	39.35941414936443	39.29058266196322	39.241669159076594	39.2075414098626	39.13361991383766	39.07469014891865	39.02147882979841	38.972339802281326	38.93792886113529	38.80546526183571	38.773485434151084	38.79697349505121	39.37159508425187
Sor-ACeb_006-Ex1-1F-lcwgs-1-2-L2-clmp.r1	38.69124612745475	39.06925775149141	39.1049491768441	39.157231738228745	39.07540261668843	38.936323834395886	39.02183987505441	39.090611158051054	39.08303249097473	39.47367181299127	39.67976035025731	39.7232967201782	39.47922267455258	39.477790361993826	39.5246499516911	39.55417229695595	39.58903016347633	39.62082946808854	39.64436886444772	39.63470060586221	39.62790706448162	39.62660555352101	39.58162293202828	39.575977049691275	39.56039717895317	39.532115826677185	39.46567361781473	39.404679332568925	39.40255761634011	39.336094681915554	39.23827878378821	39.192468107758245	39.1230862831902	39.02518365179916	38.96720962030026	38.90075564198151	38.82954421895674	39.37242472266244
Sor-ACeb_006-Ex1-1F-lcwgs-1-2-L2-clmp.r2	38.27144942007835	39.24571779706583	39.32242619760862	39.43252169905523	39.559925237473436	39.60283687943262	39.63622398033643	39.654504954297565	39.65906239598535	39.6987684666001	39.72961568988914	39.75645850935812	39.5212228281742	39.52039801713772	39.52453500224122	39.56953495578954	39.58811536262399	39.59864321678515	39.57701883130884	39.581551967666925	39.561905544115575	39.56660528816064	39.55473621497293	39.50467464590569	39.49349392161652	39.448618088687695	39.42066779601355	39.37825916066284	39.30992080467791	39.24789684462344	39.12758721375769	39.06808684047663	38.998513924160505	38.8977434132606	38.78421075199118	38.647536602712535	38.49783239168232	39.303659742828884
Sor-ACeb_006-Ex1-1F-lcwgs-1-2-L3-clmp.r1	38.80627368810279	39.12112901734817	39.15835207839029	39.22053431115767	39.10233260407358	38.928912581271376	38.99331340708101	39.03978060579916	39.002495917172524	39.43921363202169	39.67265892213355	39.73288139771362	39.458527717006135	39.462571022722884	39.52072990096773	39.57167468068578	39.563327238256946	39.61773784014879	39.63485771768864	39.629569854126814	39.5919204495577	39.63941636819838	39.63392197839585	39.61588471572798	39.59531190004517	39.560195597787995	39.520796846564394	39.46877778428969	39.43185338883889	39.37710360317138	39.267155342604944	39.242341579292294	39.17295873737819	39.076089376567644	38.98539248893471	38.92329544526413	38.88675003271747	39.35983895319577
Sor-ACeb_006-Ex1-1F-lcwgs-1-2-L3-clmp.r2	38.392999106400026	39.27821773025606	39.38458694111484	39.437463408621696	39.59036144578313	39.645579761501246	39.63467167904354	39.69173882229686	39.70246202200105	39.72965211228546	39.768107725017714	39.75909777216282	39.53829846239177	39.49881779106791	39.55149355503435	39.58893492547868	39.5953070264606	39.595777779465855	39.604058278504624	39.58026966501579	39.584315861606946	39.5616413594769	39.513294980926695	39.450644445736806	39.44467298754983	39.45859169749827	39.38188786247436	39.363281160149384	39.28137391193738	39.235911708772974	39.13078825489091	39.073774231956214	38.945086642596344	38.82319322835529	38.717388752611676	38.635013659214856	38.69800688816487	39.28076343545957
Sor-ACeb_007-Ex1-2F-lcwgs-1-2-L2-clmp.r1	38.49032342714689	38.86977629075641	38.90874499770386	39.004920291281245	38.90021649281638	38.92068490454635	39.004920291281245	39.056353736141176	39.10411336351112	39.37025519910779	39.588847339762516	39.65208948369743	39.28323820770189	39.245467416811	39.30582992874947	39.33212904277686	39.33434342416466	39.35533543948586	39.36915079585482	39.38027273833474	39.334551723576546	39.29077893913116	39.25240822867726	39.178203273325686	39.14021151266656	39.11391213431237	39.0638577387118	38.9696530617979	38.86009529185784	38.792808237062424	38.688129136093075	38.54842209641352	38.4427608142361	38.33662280665742	38.22129090566684	38.071805528616935	38.16987660284282	39.20946989191971
Sor-ACeb_007-Ex1-2F-lcwgs-1-2-L2-clmp.r2	38.1607295151873	39.17916420652102	39.33346454110083	39.42609722495572	39.49353801745063	39.578298235255524	39.589713311028014	39.64731352096044	39.668831594830415	39.64749721183494	39.69407596929738	39.71076559732336	39.404080561569245	39.37798986337658	39.4089687660695	39.438431936137455	39.44709373203874	39.4439364542356	39.42699175745558	39.40957576262057	39.39004991404298	39.35557847162818	39.26370009386209	39.25668734949169	39.14680378796136	39.06021633927644	39.05282191460615	38.92094039906825	38.85201916561467	38.76644203537844	38.59555594310284	38.53756085594556	38.314064345602915	38.284637796882315	38.077018659915645	37.967710197130835	37.989291068146585	39.1578947368421
Sor-ACeb_007-Ex1-2F-lcwgs-1-2-L3-clmp.r1	38.741888968997834	39.096851718336936	39.05659697188176	39.09829367940399	39.03604902667628	38.80509492910358	38.911079067531844	38.89401586157174	38.83369382360009	39.34179283826004	39.587503004085555	39.670752223023314	39.3508050949291	39.32761880683989	39.3965435275458	39.45525003367039	39.44916345151911	39.49734846303512	39.51497464337709	39.48321672303632	39.39047196843367	39.40488659417563	39.39239445858548	39.35243864504916	39.30474302721012	39.23961467937025	39.18052874086161	39.06322368457868	38.981687084106895	38.887693483678945	38.734554076328415	38.69146979436579	38.614472993306954	38.48982129318413	38.420363427324354	38.36270928969039	38.32115147366794	39.23734643734644
Sor-ACeb_007-Ex1-2F-lcwgs-1-2-L3-clmp.r2	38.25558759913482	39.26219658735881	39.38572458543619	39.475606825282384	39.558279259793316	39.584955539533766	39.63302090843547	39.650084114395575	39.67435712569094	39.69387166546503	39.73573660177841	39.712833453496756	39.42537851478011	39.390484132594665	39.456235905375614	39.50176047186077	39.495101600278694	39.48667245267734	39.49842668895093	39.445088149229264	39.44164224253822	39.39419886169331	39.35335462109121	39.288142583212164	39.20799645270472	39.16840712197899	39.03151992417604	38.9832023086388	38.88814708203561	38.809378367364424	38.659461965967935	38.54554496404152	38.43409761298524	38.33171496706577	38.19783196481988	38.055185432189134	38.150452379472824	39.11197663096397
Sor-ACeb_008-Ex1-3F-lcwgs-1-2-L2-clmp.r1	38.83325476751661	39.21294193271909	39.196185986715236	39.240497107349476	39.142232697664454	39.02412684808228	39.11986286693808	39.149817870152134	39.15787443754017	39.5357360188558	39.730747803728306	39.76886222412684	39.553477608742234	39.541334108803916	39.58085534170098	39.61212248281602	39.618703990606896	39.629850922961694	39.64023795891709	39.63820311174256	39.62664262679796	39.59662290367446	39.55390911808593	39.54811330496513	39.51966100925704	39.504117896991986	39.4472945092475	39.33606058609365	39.242724861070386	39.16224850902764	39.0748538382229	38.99611936313141	38.89600671173995	38.818116707574795	38.693075634849606	38.60876087052651	38.62760333936056	39.29349425964086
Sor-ACeb_008-Ex1-3F-lcwgs-1-2-L2-clmp.r2	38.73974716091708	39.46338118705807	39.55894578958646	39.62931219198629	39.67465181058496	39.700107135204625	39.74737518748661	39.76395971716306	39.77013070494964	39.78598671523462	39.80131133490465	39.811056353117635	39.644319691450605	39.625583935796115	39.60934431306092	39.64654718643122	39.64166978959855	39.632613892800116	39.60030972940693	39.5929729090101	39.55973891860869	39.524453820616614	39.52450930966384	39.47511942682398	39.44308669802324	39.38276854904012	39.32650892890203	39.248641883968716	39.1612488284236	39.07898254307138	38.90051920379716	38.811667025316595	38.72425613091467	38.577991887306	38.45480348576379	38.340225152583244	38.21987074923095	39.09786736780602
Sor-ACeb_008-Ex1-3F-lcwgs-1-2-L3-clmp.r1	38.914372163388805	39.190166414523446	39.2624810892587	39.28411497730711	39.19324256177509	39.00721129601614	39.09475542107917	39.165658093797276	39.06979324256177	39.513575390821984	39.733343419062024	39.78301563287947	39.56649520927887	39.564883073908774	39.59078429313426	39.63082573829611	39.61144507684287	39.66323974045857	39.661800787104276	39.64923554514009	39.58331063722396	39.622115579819265	39.59464952536961	39.56744904465738	39.526551143919974	39.47757138184041	39.45071156908593	39.36138079621119	39.254218314622	39.158262408161214	39.03718492750227	38.9363888445326	38.8036436867811	38.65168020398191	38.5201426726577	38.446578055825	38.40141149156202	39.06306306306306
Sor-ACeb_008-Ex1-3F-lcwgs-1-2-L3-clmp.r2	38.78078668683813	39.49687342410489	39.60584972264246	39.68058497226425	39.714220877458395	39.718255168935954	39.74351991931417	39.7738779626828	39.78335854765507	39.80171457387796	39.82497226424609	39.80971255673222	39.641412002017155	39.61271554060846	39.648742885159336	39.65427233563612	39.65182391572755	39.64472452121513	39.621565834405075	39.593618984210586	39.573936223767554	39.554305570764015	39.48508465494502	39.3799814235979	39.357469963876056	39.3587747772348	39.239468185565805	39.17703818898157	39.0566037413585	38.94773087223628	38.78299997492785	38.65348406768337	38.51081047700662	38.399589856031824	38.20223936656298	38.05165241608914	38.154799316003775	39.14339198801947
Sor-ACeb_009-Ex1-4F-lcwgs-1-2-L2-clmp.r1	39.01258878964765	39.23018496378086	39.31260988817779	39.40136437161544	39.19178563893382	39.07785357620086	39.20697658063155	39.233420071735004	39.24523524861101	39.615809831915044	39.81233560728602	39.83543146494127	39.69229903650046	39.68778765953926	39.730985348864955	39.74158097355036	39.732034780899376	39.74932576470364	39.73514205364759	39.72288658969846	39.73056560344197	39.70446926202107	39.64385749001657	39.65051220186298	39.565427770726004	39.56447139718963	39.502299660439135	39.411035085964784	39.40683082743212	39.350146223385906	39.24551579691645	39.047707633765796	38.86101857008264	38.72396587595929	38.402656916799096	38.32022440032314	38.394959274746604	39.235955056179776
Sor-ACeb_009-Ex1-4F-lcwgs-1-2-L2-clmp.r2	39.00555594626908	39.66593993951755	39.715310500035166	39.72825093185175	39.74625501090091	39.79379703214009	39.817990013362405	39.8120824249244	39.84837189675786	39.845811941768055	39.868260777832475	39.871214572051485	39.76909768619453	39.763802314950354	39.74192391125669	39.76588001589657	39.75453827482692	39.74565079179049	39.71875037792807	39.69545850998371	39.66326597051772	39.63963905810574	39.64674086040751	39.57695997483	39.529303069250744	39.49750109970413	39.389824773011206	39.28036687956033	39.21062222509421	39.09886260272657	38.96728586902056	38.8254769104773	38.658148306952945	38.5152194806261	38.12753928690215	37.990452582355225	37.82794067344133	38.878706199460915
Sor-ACeb_009-Ex1-4F-lcwgs-1-2-L3-clmp.r1	38.99888421594713	39.32469315938546	39.34718049952794	39.41361256544503	39.326066432065915	39.03527594197923	39.105312848682516	39.13415157497211	39.09638657625955	39.58619860956141	39.771693416874086	39.832460732984295	39.6794094927474	39.66346111418799	39.703422455814376	39.72647801913006	39.698917771524734	39.74452776132621	39.7598583058037	39.74453162793522	39.682645922225916	39.69871916097084	39.64882155944921	39.59951512498044	39.56927224979875	39.50051233517546	39.4762553741099	39.338646182609736	39.29021262976581	39.21572262168113	39.04114132924962	38.97559518525201	38.72765218360079	38.59304375572417	38.55522368787788	38.37890562415187	38.415685559909456	39.25179856115108
Sor-ACeb_009-Ex1-4F-lcwgs-1-2-L3-clmp.r2	39.02463307870569	39.662518238777785	39.69993991932023	39.752467599347696	39.74027980430864	39.786627757274054	39.827310960432584	39.82593768775212	39.827654278602694	39.84231396446657	39.85766028667067	39.847635396103335	39.74333533602266	39.714008472212655	39.749990661227756	39.755473989622864	39.74741825366325	39.73904272934196	39.72072354461398	39.6740068115855	39.67130435747837	39.6462019095718	39.576665670311755	39.523172180160415	39.42905004429699	39.40468408873796	39.26218751012122	39.165869509528605	38.994635999893944	38.762607170926195	38.551529216968994	38.507454911652204	38.18135926477489	37.848828865248215	37.45849700009063	37.21446905880043	37.09359941204201	38.92579505300353
Sor-ACeb_010-Ex1-5F-lcwgs-1-2-L2-clmp.r1	38.88310214375788	39.25857503152585	39.22515762925599	39.27175283732661	39.20529634300126	39.12559899117276	39.2358764186633	39.283354350567464	39.255233291298865	39.59486759142497	39.76941992433795	39.811021437578816	39.63116015132409	39.612073928474366	39.640398951489274	39.65790242207804	39.66742177971789	39.68074666929166	39.680856258198105	39.66924881042216	39.66674555055859	39.64279836705602	39.60238991418335	39.57595283618332	39.535001502491795	39.474260286157026	39.40645753460619	39.31590456485552	39.24319745469903	39.16580781241426	39.050010660594765	38.97407044977839	38.901572405952415	38.765533592154384	38.56562725683468	38.47352541709738	38.44525853814038	39.19276757072033
Sor-ACeb_010-Ex1-5F-lcwgs-1-2-L2-clmp.r2	38.952679697351826	39.591298865069355	39.62528373266078	39.70283732660782	39.729823455233294	39.764627994955866	39.77774274905423	39.79423076923077	39.80081967213115	39.8167843631778	39.83096469104666	39.833152585119805	39.69665825977302	39.69139705479005	39.681071396122675	39.71566193659421	39.711685601219436	39.69945998455232	39.67276368156377	39.66570500250546	39.621161887100946	39.60861255323147	39.5969012136051	39.533097357569886	39.479663694842586	39.408111178767435	39.32589692945608	39.238472168323696	39.15785773779806	39.053680292065955	38.924819099181484	38.78449381869418	38.61469818080168	38.51628677407042	38.392727003136734	38.29470285984508	38.29950942818856	39.24249422632794
Sor-ACeb_010-Ex1-5F-lcwgs-1-2-L3-clmp.r1	38.93928559030791	39.320026382476485	39.28968653452286	39.31315305307738	39.22546603256153	38.999166869163744	39.12823272121359	39.115562189745546	39.064602353594616	39.539653556427254	39.74816537647099	39.794577706807374	39.59617454091019	39.5936579991715	39.632353147562426	39.66336077621328	39.66023812845411	39.69495997221256	39.69303749400352	39.68635797753055	39.60728744903459	39.65085688452657	39.63252564044002	39.614632404029145	39.564209881215746	39.53162934626703	39.47068953624086	39.368613698506074	39.30450387921741	39.2002770192358	39.05998829324106	38.97486516940412	38.9440887448563	38.76213227363125	38.70184146514776	38.63852824004042	38.63562220434728	39.283922462941845
Sor-ACeb_010-Ex1-5F-lcwgs-1-2-L3-clmp.r2	38.91033429374805	39.597910230152394	39.65529211649946	39.70861249001979	39.742146006179055	39.75981532266463	39.77123615787829	39.813239837539484	39.81754434686014	39.82349428958239	39.84189953830666	39.83050647412087	39.70181553094734	39.67273746044403	39.70228759673425	39.70680367889378	39.71457432766035	39.71082791321603	39.71167878517741	39.66967090036502	39.68220692056456	39.640447409447546	39.60337549695646	39.53859801956732	39.48370501532149	39.47691274000592	39.37362164619558	39.29196388203181	39.19859396387753	39.09761961388093	38.955519076565295	38.82934688106694	38.722939927474656	38.56362917789475	38.44384688377214	38.36380698457606	38.28630629752205	39.16638655462185
Sor-ACeb_011-Ex1-6F-lcwgs-1-2-L2-clmp.r1	38.58262702749215	38.95796583917738	38.98963128683905	39.04220625564686	38.959170502947124	38.828034246870025	38.96175192531085	39.05244589768963	39.00021511853031	39.407821709762075	39.63207847523986	39.70065826270275	39.38889127909478	39.397704395021705	39.45155364222455	39.504251539308015	39.53470531497722	39.570339021683914	39.58385973156918	39.60738692842803	39.5921449610934	39.598524391116584	39.55034540104805	39.55108688660576	39.5536314782979	39.53643000573457	39.518062441598865	39.47399464718002	39.44808182391555	39.40392256973747	39.32720602802156	39.303321261813764	39.333295441231414	39.248177093966326	39.19484459261658	39.1248511628612	39.12930611511192	39.49492421081908
Sor-ACeb_011-Ex1-6F-lcwgs-1-2-L2-clmp.r2	37.77378135352579	39.09469517704255	39.21042894634944	39.358774684851355	39.43991739448436	39.52605085402057	39.57466764187067	39.58043281848298	39.58680032698017	39.64593210859183	39.676255216624355	39.70922858495031	39.426648883534824	39.40412173924996	39.41995382655117	39.487295291521605	39.52248689445576	39.530876207630094	39.49809329092794	39.519186888192095	39.51178561122727	39.5003071077291	39.52935332534618	39.47579781022383	39.48394354612776	39.42455757346625	39.44092468335672	39.4115280060717	39.32448263228826	39.311190411876126	39.2409005221334	39.1997675207129	39.17136196543287	39.12367955203733	39.07875825471494	38.99515638438313	38.89151736154278	39.43769968051118
Sor-ACeb_011-Ex1-6F-lcwgs-1-2-L3-clmp.r1	38.676245606781066	39.07308248914617	39.05530287368203	39.128798842257595	39.01064709530701	38.791192888153816	38.88226173247881	38.96071945420715	38.8724415960306	39.38780235683275	39.62538763696506	39.72052925366963	39.41600165391772	39.416001003745755	39.475124139146054	39.5421366329247	39.53403157068086	39.62223827285622	39.62795305633107	39.636220453555936	39.59837284245651	39.62882442447655	39.64283463233181	39.63279324081771	39.636874834110564	39.589004922776496	39.580767663499955	39.54930379688852	39.50512458240058	39.45700138533852	39.40803872667966	39.39331852815719	39.379655984854594	39.255472134050564	39.2772801187529	39.20748892680305	39.196590927404124	39.54487632508834
Sor-ACeb_011-Ex1-6F-lcwgs-1-2-L3-clmp.r2	37.95792846805871	39.182551168079385	39.23526979532768	39.401902005375234	39.52005375232582	39.541451312797186	39.58465991316932	39.61897870580938	39.63758528013231	39.69822203845359	39.699483150713256	39.71252842671076	39.41455447591482	39.38657066592398	39.45657224815867	39.506786571373084	39.52024885608702	39.54891079274934	39.54957398702147	39.53660801286079	39.552894676368965	39.5497184725461	39.52132797832293	39.46403236897032	39.495634923630845	39.49360824435801	39.42043578607756	39.424609979233296	39.41448809725317	39.34971878892006	39.31649115511848	39.3071978228273	39.23053342012182	39.16938706633008	39.09592755847687	39.05586797257408	39.00806079307645	39.473684210526315
Sor-ACeb_012-Ex1-7F-lcwgs-1-2-L2-clmp.r1	38.87645950113823	39.229416036357996	39.21957587774052	39.27957963103485	39.167388767858746	39.03360830293981	39.139744939172154	39.18685694237061	39.16911854698554	39.5708189525045	39.753173573544174	39.78958052856175	39.5942949926158	39.59225341464868	39.627009813388646	39.653781386355696	39.659015556773596	39.6737213223541	39.68211785403203	39.679707978910976	39.67296384198871	39.6581144342084	39.62998930564534	39.630691309559474	39.6002221801529	39.56799221873471	39.530600997270334	39.462981032280695	39.40427199423696	39.347141940326516	39.19898055398271	39.15074655511684	39.02677806998802	38.88913419515107	38.74722253350319	38.66973001734167	38.62080913590825	39.32228754676643
Sor-ACeb_012-Ex1-7F-lcwgs-1-2-L2-clmp.r2	38.821938821302396	39.573005654419504	39.64415506001191	39.68622459386908	39.727771930254	39.75770037288163	39.76512536819001	39.77225662742026	39.79843177571619	39.81329482126976	39.83251168824811	39.83288049021288	39.695500126469696	39.68367293448845	39.673278987065096	39.708487351551824	39.70291934530465	39.706019892056666	39.65914756271216	39.663190540021326	39.64812408543078	39.61373423905828	39.63110247446319	39.5796809109504	39.56886681123026	39.49349888373801	39.48251875570804	39.40747701527005	39.33024947486219	39.2619770981046	39.11197542414197	39.00091990693372	38.86210367643883	38.69708105954078	38.51629509550104	38.3589910548363	38.26177234009877	39.21415368365461
Sor-ACeb_012-Ex1-7F-lcwgs-1-2-L3-clmp.r1	38.94757588471183	39.27724385555805	39.28805456088827	39.35436282210145	39.23944541471934	39.00381496911924	39.1259915504776	39.13730961742982	39.09322769804178	39.54123191304602	39.743427227756584	39.78885950961548	39.5922061449298	39.58052259187334	39.622245384569744	39.659554185215526	39.640086499450135	39.69196437540821	39.7009534145634	39.70092323374245	39.65146692560521	39.68083251749406	39.67145551608336	39.65358568657628	39.62281589395494	39.592497579693735	39.55692054168867	39.49020496827201	39.45351029554644	39.381911755219576	39.2585700390886	39.207583944912265	39.101522270945196	38.95921473974913	38.86370295151043	38.75537468379336	38.72061536761366	39.305177111716624
Sor-ACeb_012-Ex1-7F-lcwgs-1-2-L3-clmp.r2	38.86795913787552	39.5848220819389	39.647852006517645	39.7008517821077	39.737772097062184	39.75629079626504	39.77953186133416	39.79284034695729	39.79767979627479	39.81797035837293	39.83457669453903	39.822595154696515	39.677013591437294	39.651211811724	39.68421528722809	39.698150783701024	39.7026702323544	39.696680802058694	39.70009501133915	39.66148886971867	39.66487584136952	39.64712763211162	39.609735666642834	39.53190456663022	39.53761575952369	39.514266267864315	39.456699012854536	39.3951408751789	39.341645325441355	39.234330293175205	39.12743150588864	39.013457366853075	38.87369717350913	38.705043033183664	38.58756081683752	38.4278419677564	38.379218868566014	39.185483870967744
Sor-ACeb_013-Ex1-8F-lcwgs-1-2-L2-clmp.r1	38.64823348694316	39.047576962733835	39.053384676893295	39.11141973360267	39.03171096100835	38.879279506765144	38.97817898701681	39.051911705910825	39.07787808008754	39.45532899859016	39.673143530501015	39.73456221198156	39.4631231193317	39.46213578797108	39.52225741630552	39.574834130201786	39.60613410908276	39.62508191526944	39.65790353776633	39.6871008090357	39.68058791393989	39.67308312157797	39.65154029023222	39.650785516762014	39.6519772533342	39.639251912908094	39.61921142723111	39.587296339377914	39.56134154482732	39.549463215506925	39.48287929907749	39.47728240553365	39.46179862604731	39.42804585434338	39.39352564010336	39.34719352617582	39.268028592295934	39.576965241503835
Sor-ACeb_013-Ex1-8F-lcwgs-1-2-L2-clmp.r2	37.91090629800307	39.13410348673274	39.24230372661658	39.358289670264924	39.4768848767965	39.51097363381941	39.572838415083226	39.60675883256528	39.60760053026955	39.657412200408224	39.692064894892994	39.733013488205714	39.449420280706185	39.4396537478916	39.45890781443256	39.523983676234764	39.54658755713976	39.57423024877227	39.55374022009633	39.56584349517145	39.5630416358915	39.54919038915115	39.586729622506645	39.54469517677207	39.552120000124354	39.53589854372444	39.52676800670484	39.48339083854229	39.44703332725748	39.43498055883792	39.36215261331564	39.31973670047107	39.28683796881185	39.26636468931239	39.22232703873584	39.15538823718922	39.02658185263732	39.44444444444444
Sor-ACeb_013-Ex1-8F-lcwgs-1-2-L3-clmp.r1	38.73874433656958	39.122226537216825	39.113631067961165	39.177631067961165	39.0364789644013	38.83691909385113	38.92629126213592	38.98573462783172	38.98262783171521	39.43181877022654	39.66217734627832	39.73791067961165	39.46309385113268	39.460233324347485	39.51874304466581	39.58204310248113	39.58522593447338	39.64178915928203	39.673946304142454	39.675430994808664	39.61757189061122	39.677659543768385	39.66490273334756	39.665234867152485	39.66152290605148	39.66236034939878	39.61157313036451	39.5780646456336	39.55273129513249	39.55119359945532	39.501946148697286	39.50168069501442	39.45833003859377	39.39130929750076	39.374277905190404	39.352010357642406	39.27461491401906	39.62236697402927
Sor-ACeb_013-Ex1-8F-lcwgs-1-2-L3-clmp.r2	38.00569579288026	39.167741100323624	39.30221359223301	39.418511326860845	39.482045307443364	39.533928802588996	39.59311326860841	39.60222653721683	39.621281553398056	39.66451779935275	39.709307443365695	39.71210355987055	39.44051779935275	39.408569913507876	39.49121942191324	39.54660893761256	39.568354596011964	39.56931849264765	39.599979573538036	39.5731904593859	39.595197429771055	39.57805269409772	39.563336314905776	39.49477732499379	39.503810699830375	39.51353526016929	39.475020382341526	39.456282529908876	39.44737098711992	39.405552175847745	39.36970974587159	39.320806108764074	39.28602386938545	39.22436178421989	39.18036072011715	39.161573242011706	39.13393284020034	39.49107520514339
Sor-ACeb_014-Ex1-9F-lcwgs-1-2-L2-clmp.r1	38.892540770651394	39.213572479419035	39.20480796318903	39.28443985350737	39.14996713306414	39.09262215544496	39.197170313331455	39.319497918427395	39.265846558362284	39.601089304160006	39.76933045356372	39.80309888252418	39.62182364541271	39.60989409784854	39.65179430819576	39.66304671625878	39.671646022212315	39.67141383147898	39.666164817946985	39.655994593802234	39.660891593206124	39.61535772043677	39.58210303108869	39.542785263716915	39.50482923185911	39.433218047409	39.39233182636404	39.29646766729691	39.200400277266006	39.12489134570101	39.0709077840337	39.000825873419416	38.90682592170931	38.93187220013062	38.818837820789774	38.851867009083634	38.905696568533884	39.44447632711621
Sor-ACeb_014-Ex1-9F-lcwgs-1-2-L2-clmp.r2	38.77096440980374	39.55225842802141	39.61611418912574	39.673333959370204	39.69136382132908	39.73418474348139	39.75077472063104	39.76204338435534	39.77024446739913	39.79162988700035	39.81913794722509	39.81874980436347	39.66976554919085	39.65773656219267	39.64957559281254	39.67443170349174	39.67766053923918	39.681380677098495	39.658383220641575	39.64012896501673	39.60006013199203	39.605466375620196	39.58009379215643	39.53818280145463	39.488785928597586	39.44409476961799	39.36834915111628	39.29008307565183	39.20064677488019	39.177156806349174	39.07150504531269	38.98860558657317	38.92469679550742	38.808795617504146	38.791533255949716	38.779267541604455	38.686562430471206	39.4674318507891
Sor-ACeb_014-Ex1-9F-lcwgs-1-2-L3-clmp.r1	38.97131857555342	39.31119666345845	39.27276227141482	39.389926211100416	39.229515559833175	38.96965030478024	39.088225858196985	39.14725697786333	39.09310234199551	39.547077317933905	39.7488097529676	39.799217196021814	39.62025024061598	39.61089134422477	39.649397055050215	39.68637288874269	39.66395421430104	39.6959105983963	39.70595424066977	39.706327518365335	39.61568813814612	39.65237114085277	39.62759915234919	39.58129498056208	39.550287494876244	39.48945390827269	39.43542796039026	39.39296474286218	39.35317699893543	39.27910105828525	39.16187989336963	39.120663371556645	39.060042729572615	38.90924099424298	38.9090480584663	38.827580716372175	38.78506828033771	39.32284319045035
Sor-ACeb_014-Ex1-9F-lcwgs-1-2-L3-clmp.r2	38.78954122553738	39.53224254090472	39.593455245428295	39.657876162977225	39.711389156239974	39.71273660571062	39.73718318896375	39.780301572024385	39.80147577799166	39.79174847609881	39.81099775425088	39.809342316329804	39.65568174526789	39.63195455115023	39.67531521316213	39.690046984314634	39.69100224320616	39.67584827253061	39.670957527172035	39.62786179444854	39.630834501062765	39.595221795347435	39.55920845728581	39.49452632812138	39.45317099884535	39.41123703709527	39.340864207547	39.28256306072332	39.21702108691339	39.192029768408446	39.063471981631835	38.987577823322326	38.91131754985304	38.821234989678516	38.746520117351885	38.69232580359245	38.72480309099114	39.360518498514715
Sor-ACeb_015-Ex1-10F-lcwgs-1-2-L2-clmp.r1	38.91091766690954	39.26172489166699	39.23104651608697	39.30977489741918	39.185105648655906	39.08563101583771	39.15427388119799	39.19335046209303	39.21777811864862	39.599708555431995	39.77425317329447	39.80786133374238	39.63445181577636	39.63481298221235	39.65638834514986	39.68570141952798	39.6829534100617	39.69917343773314	39.704728361487035	39.703163355595805	39.7026710745569	39.69763891293756	39.65789220875173	39.671237828138196	39.63901970998344	39.60154844466787	39.568519558923946	39.504893910834795	39.446554726947454	39.40007893091649	39.29813199829244	39.280200856565976	39.17663881696077	39.06339932275871	38.940952680422484	38.89764296305201	38.89933302356402	39.50511027434104
Sor-ACeb_015-Ex1-10F-lcwgs-1-2-L2-clmp.r2	38.923687540744716	39.57161483299459	39.655405146297504	39.703110020324424	39.73785328066879	39.756643785711546	39.77029566284465	39.78256701307666	39.80404187598267	39.8096713579016	39.83767304521225	39.83604709130652	39.71843386892664	39.70337855989117	39.69436699340082	39.731686649215135	39.7245546983879	39.71375429518942	39.69164476775067	39.67958583200395	39.66312346442445	39.64556465601363	39.65470839548873	39.60328324191591	39.60152411998557	39.5094236611449	39.499613480078516	39.44957615648253	39.37582422081259	39.329466335501436	39.21620734751117	39.11759845827587	39.02703493337072	38.89363707460553	38.786713213596116	38.71967001460408	38.68841667720585	39.33138142134682
Sor-ACeb_015-Ex1-10F-lcwgs-1-2-L3-clmp.r1	38.95554099588169	39.30409958816922	39.30746911269188	39.340696368401346	39.22912766754025	39.03378884312991	39.133049419693	39.12476600524148	39.12794833395732	39.55721639835268	39.76139086484463	39.81198053163609	39.604399101460125	39.59884921975148	39.64205619696774	39.678638333952605	39.66483215020413	39.69634979708169	39.70571416931956	39.71604464048915	39.666047558941955	39.69031471892337	39.68142910735784	39.65847743348049	39.64525917116203	39.615454612104806	39.58414260827504	39.52196813392751	39.45363736935858	39.403538173842854	39.28410269653077	39.286912010906335	39.18604455957654	39.037550677191774	38.975469925769474	38.860899398276494	38.78024545373854	39.41867572156197
Sor-ACeb_015-Ex1-10F-lcwgs-1-2-L3-clmp.r2	38.97388618494946	39.6222856608012	39.673436915013106	39.71480718831898	39.763150505428676	39.78547360539124	39.795769374766	39.801385248970426	39.80119805316361	39.82728378884313	39.8408461250468	39.835604642456005	39.707600149756644	39.68086543412218	39.720144125973334	39.73670888630393	39.73266162086844	39.72021544958327	39.72481593478127	39.699087528237584	39.68163882279128	39.66709692525587	39.631136532331915	39.566170472484224	39.54181694828413	39.53668246146016	39.44025088330459	39.4161750345569	39.313222318467425	39.24064492967969	39.08576602722515	39.04045218985602	38.92650385099829	38.74302273241466	38.62538727805718	38.482932050029426	38.529600362207496	39.25067385444744
Sor-ACeb_016-Ex1-11F-lcwgs-1-2-L2-clmp.r1	38.93509630965218	39.2375893420068	39.21739053578689	39.27669654063036	39.16047680495896	39.082663084147946	39.16237412572991	39.21157483516289	39.23542686771196	39.594205511657925	39.78393051799214	39.808886767660695	39.64314460294733	39.63148463772867	39.654962998616995	39.66862521966311	39.66455959353065	39.66164447736451	39.654233481113295	39.635609988190666	39.60006777688865	39.54975430130795	39.452254692523596	39.311497660234835	39.060864854933826	38.72011018488129	38.27048377870172	37.986975570268214	37.80912913842165	37.58085678341673	37.36551637910557	37.15615067789894	36.86515155927772	36.63643090302689	36.29215827967077	36.193209987333915	36.26380937972507	38.20613801667554
Sor-ACeb_016-Ex1-11F-lcwgs-1-2-L2-clmp.r2	38.89793946250435	39.65012697907644	39.693541449388086	39.709757060449114	39.75606465032143	39.77499661192719	39.78026432860182	39.81320228856953	39.8247158438069	39.831345860364266	39.84986653939298	39.857993200285186	39.753140890797994	39.7396967608285	39.71465043818462	39.74563009236574	39.736371041857	39.725890606518725	39.69156830859082	39.6632534852278	39.62038210482818	39.55862187165583	39.50360896526037	39.34067207870653	39.12196827304234	38.776151382145244	38.318348684736335	38.04680231519557	37.78939184646434	37.57738563957784	37.30607915303072	37.03060197463375	36.77965997727049	36.48533224411303	36.28809323240627	36.137275821165744	36.142609531285345	38.230278616985565
Sor-ACeb_016-Ex1-11F-lcwgs-1-2-L3-clmp.r1	38.95976435108882	39.282883893817726	39.27357015113792	39.33406739839394	39.24792930532665	39.077146964968264	39.15961707051934	39.18424799242557	39.15030332783954	39.577484307605985	39.76736402847425	39.81277132938247	39.62738997790791	39.62233073591429	39.6454068775804	39.66351160448322	39.622674970177194	39.65460061880532	39.648164367742645	39.618405140218286	39.52544329183065	39.539515229073686	39.450323590358764	39.30866304263468	39.09431158559859	38.76278867778894	38.33885453330193	38.05057570815276	37.81721216062182	37.566475442443355	37.34288984459954	37.07973664305886	36.84508938391336	36.623165285087964	36.38583230474515	36.242944723856965	36.3321769897403	38.26594124047878
Sor-ACeb_016-Ex1-11F-lcwgs-1-2-L3-clmp.r2	38.962773082722585	39.649016376196656	39.70236700915243	39.724066346389876	39.762029666514714	39.77684188378862	39.81786302907038	39.82274432794473	39.81921660763755	39.83596030437984	39.85687695059087	39.85014272188519	39.74588911877126	39.71682127078222	39.742652409867205	39.74530899889227	39.736888814723166	39.71948405075579	39.70507939408476	39.658346667400636	39.634878072980555	39.58128455781424	39.48009603268281	39.26709285849363	39.086855417247484	38.76535472311671	38.309796193538844	38.0239173325264	37.752631936044985	37.45721905876253	37.15738686783127	36.92553756595985	36.71722534428221	36.429164315445135	36.16439875818126	36.03568790206839	36.10923832544653	38.100707785642065
Sor-ACeb_017-Ex1-12F-lcwgs-1-2-L2-clmp.r1	38.954674874951905	39.25301184216151	39.22984908725578	39.282792527040314	39.183292719422	39.13014407250652	39.21132059339062	39.27826941986234	39.277038177076655	39.62943696293446	39.8050959770852	39.83104270873413	39.67412765593605	39.67350985727653	39.69726570816083	39.713461211476236	39.70988630660505	39.715107626152765	39.71518744176875	39.70822394903011	39.69719599964044	39.67653671057754	39.64969756158311	39.604170805286984	39.55827589878741	39.491545351211194	39.435350571931835	39.34595308138542	39.279144247326755	39.190879098227086	39.095562475811626	38.97832595436544	38.87599485574775	38.75242370300667	38.65128325043484	38.567199555221	38.58920732051556	39.26724637681159
Sor-ACeb_017-Ex1-12F-lcwgs-1-2-L2-clmp.r2	39.09756744046856	39.66369116326792	39.69767859433115	39.73492368859818	39.77511863537258	39.794194348253605	39.806045060065834	39.82913086229747	39.83549228335685	39.84022230772519	39.85987773075114	39.8581762216237	39.7615937753837	39.75262180229602	39.7328832565247	39.75826439370768	39.756642270903114	39.744606784160055	39.71424708012199	39.70075507871924	39.66443879904695	39.64851506172987	39.63093177261382	39.57092591364046	39.518956005902176	39.44256580684087	39.36197358048709	39.270386356839865	39.184617131050814	39.09425549668456	38.96468364606215	38.84287582760718	38.714589378639076	38.58509908522543	38.44610149652401	38.372596198344176	38.30963497192792	39.1360395474855
Sor-ACeb_017-Ex1-12F-lcwgs-1-2-L3-clmp.r1	39.02199640731217	39.303353175302036	39.295780352928745	39.362755802895286	39.26203726533056	39.02725335493643	39.1229615018844	39.17860413511324	39.12299672431404	39.59147617202635	39.78346306928252	39.829259272304604	39.663513085132614	39.65490065382623	39.68678832855953	39.71689209909772	39.70098678488133	39.72447873507469	39.729697582453994	39.72183664036581	39.66144630354303	39.69399172453037	39.67684273830307	39.645214685483154	39.611480747331385	39.570751078362534	39.51723225483441	39.453775431579956	39.382619331177054	39.30281581523319	39.159351517578024	39.10187121544448	39.02602534974449	38.895258104414125	38.80829928925135	38.75150236642765	38.72725786211967	39.33879686137751
Sor-ACeb_017-Ex1-12F-lcwgs-1-2-L3-clmp.r2	39.107710189848895	39.66763234827938	39.71586066006833	39.744073826212535	39.77690113063999	39.80198830615336	39.821263780775595	39.834586664788134	39.83987002923462	39.84266140678384	39.85892712479306	39.851023211581136	39.7447782748054	39.72348409795533	39.749012949458276	39.75162930051879	39.74896713732827	39.7359733011669	39.725356826614714	39.693765823622584	39.68517417559909	39.66067835570741	39.61267646421701	39.54434906157311	39.49224645351376	39.46448842472186	39.37954710253496	39.32296022851082	39.25001202962763	39.12401050166657	39.00240424255918	38.86888709186223	38.757891272336096	38.634876723521984	38.49416221744466	38.383414105364444	38.38725460050945	39.195869191049916
Sor-ACeb_018-Ex1-1G-lcwgs-1-2-L2-clmp.r1	38.74316724654806	39.082605746296416	39.05910413794613	39.0226481979912	38.869997155298805	38.6645659642443	38.77546554629204	38.823956760541805	38.826363815400775	39.39906781330008	39.6794240574192	39.738882688899096	39.49108733232675	39.479780578067576	39.53924988481812	39.58507765526416	39.599069330648724	39.621128276093096	39.6451755917022	39.645074706874986	39.63330707538227	39.628310349394944	39.59372679094223	39.59484547221018	39.575875702351865	39.54514827122554	39.48880303029914	39.43768978514672	39.39347736447907	39.30781702437716	39.23854878999291	39.17925107302707	39.12370772320308	39.03079261603481	38.89060851589426	38.75566337102446	38.71211946276983	39.27536231884058
Sor-ACeb_018-Ex1-1G-lcwgs-1-2-L2-clmp.r2	38.27808048316156	39.30344208844833	39.4125035558765	39.451541609225586	39.5802971618635	39.627037790761285	39.53670758659927	39.67487253550406	39.69137180244644	39.708930173526774	39.753001159762796	39.76219173286068	39.52772708374363	39.53002526139218	39.54269988424801	39.59277749787181	39.60014771656249	39.61528423582123	39.606323206088575	39.603111635820426	39.58551124528759	39.55657008732622	39.5565290414972	39.516914604832	39.50476206026361	39.419413447376506	39.39129292175044	39.3270596977236	39.24684830975427	39.15951723840903	39.035153295723454	38.965760888460736	38.85315482605366	38.74592324136236	38.61375635405999	38.53151190101006	38.442953019791844	39.2078967350038
Sor-ACeb_018-Ex1-1G-lcwgs-1-2-L3-clmp.r1	38.76366288344956	39.07297506723187	39.04143306440585	39.062582615433705	38.90851907561876	38.634942340124894	38.844477870459	38.876703587219104	38.92018779342723	39.37972560280779	39.66417794794658	39.738803044806055	39.43791421669174	39.43871197015407	39.527229792855096	39.57065978900425	39.57614749019831	39.63408640764382	39.651021142433116	39.66342161897627	39.62766364495038	39.65067719257399	39.63974154114469	39.620751363242334	39.602647472617214	39.568255904679006	39.53273166315564	39.47429362029896	39.42800908784683	39.390490325153934	39.34908238469812	39.26697763423209	39.20390847008021	39.11637515904463	39.02921421909939	38.96932330812263	38.94661905957254	39.39325480071002
Sor-ACeb_018-Ex1-1G-lcwgs-1-2-L3-clmp.r2	38.28251059756598	39.27480742057523	39.3941382925384	39.43315556771047	39.598112949541914	39.58667213637814	39.64182506039473	39.699348192716165	39.695610556543144	39.71516477505812	39.744327453393495	39.73926797028123	39.50423446829846	39.45654581833455	39.52035898086883	39.54825125702315	39.57837790964358	39.580082450070506	39.589061817078445	39.57925319157698	39.56066422145658	39.54420079492182	39.50840382672205	39.464521035367085	39.43602549161678	39.40746745013115	39.35636320691834	39.3003667315469	39.222905802186844	39.13204511577916	39.04545833578236	38.955274685810835	38.85530376761794	38.767327887043834	38.614756022882005	38.51462169330925	38.53101843690737	39.26014551333872
Sor-ACeb_019-Ex1-3G-lcwgs-1-2-L2-clmp.r1	38.50341704405105	38.968629065459034	38.951502675998356	39.00568135034994	38.87822149032524	38.71321531494442	38.77052284890902	38.91988472622479	38.89057225195554	39.328217373404684	39.60220666941128	39.63593248250309	39.2806257719226	39.26380674661881	39.338781045454915	39.36706627454083	39.40847923275989	39.43836769017422	39.45793965870896	39.47320635957598	39.46400669589993	39.44107491015674	39.39101829413464	39.3854953786625	39.37212759675856	39.32409798805837	39.33495921695099	39.292206368702224	39.18410059546161	39.100041199067576	39.032531553784224	39.01908627371939	38.92723974566817	38.865693931810824	38.72795774726205	38.5988255332801	38.55770997392869	39.248979591836736
Sor-ACeb_019-Ex1-3G-lcwgs-1-2-L2-clmp.r2	37.90975710168794	39.12902428983121	39.259613009468914	39.38707286949362	39.475339645944835	39.50564018114451	39.49608892548374	39.56624125154384	39.63277068752573	39.64261836146562	39.69630300535199	39.70661177439275	39.39876492383697	39.37241606497595	39.37149216466927	39.451673709569285	39.4634029117642	39.464012881882006	39.45783556023682	39.444559403768494	39.4151626122361	39.39990317398616	39.4017485952825	39.322399144915174	39.32208089323849	39.241681292442436	39.200608051837015	39.13665575416901	39.09466356262073	39.02003240292656	38.946391436135116	38.81540381106095	38.690702501539114	38.587536173993655	38.54388595758791	38.40525993064741	38.45491010094595	39.16612377850163
Sor-ACeb_019-Ex1-3G-lcwgs-1-2-L3-clmp.r1	38.59874092009685	39.05859564164649	39.115544794188864	39.11438256658596	38.95864406779661	38.71728813559322	38.984406779661015	38.893753026634386	38.975690072639225	39.38153995157385	39.59291041162228	39.66946246973366	39.33722033898305	39.28783754655864	39.34214242540023	39.41608087700472	39.434053740753086	39.50799443780836	39.488381005269765	39.47238088202075	39.43148356330202	39.421326617890585	39.43582730279216	39.37976048193219	39.33922349518801	39.30463299611454	39.22237341234983	39.22090398675264	39.137849618262734	39.07445333460849	38.948117192424746	38.9050341043422	38.82047674221421	38.613440940495565	38.613019628968566	38.576231123312084	38.525520435278935	39.289640591966176
Sor-ACeb_019-Ex1-3G-lcwgs-1-2-L3-clmp.r2	37.94769975786925	39.09869249394673	39.23099273607748	39.429733656174335	39.4560774818402	39.52561743341404	39.61414043583535	39.5901210653753	39.65094430992736	39.684648910411624	39.71471186440677	39.700881355932204	39.34597578692494	39.31295827523455	39.374705436423724	39.42511643150137	39.420526285620284	39.4368817094228	39.4604132545649	39.43603254406004	39.36199558941927	39.36468615425009	39.2771934408968	39.18770608856467	39.15883941705691	39.129088676948776	38.99178080564782	38.975475066822625	38.85476870551652	38.768296694450285	38.66635920968534	38.61284458617301	38.40964874414349	38.30261418319229	38.196759461546044	38.0819362596808	38.134095023470934	39.12328767123287
Sor-ACeb_020-Ex1-2G-lcwgs-1-2-L2-clmp.r1	38.405363589479116	38.918256833419285	38.84270242392986	38.913615265600825	38.87983496647757	38.81279009798865	38.9118102114492	38.99381124290871	38.98736462093863	39.33537906137184	39.53584321815369	39.6014440433213	39.20092831356369	39.151774367365505	39.20358558931472	39.22386088719568	39.21661131712634	39.29386579751338	39.258646032018824	39.25852715359672	39.21281092011521	39.12958187469518	39.09294266664218	38.95940859247981	38.90962576538002	38.784416470417135	38.79922956242772	38.63941066043736	38.56427741820302	38.50565622682553	38.34774331396702	38.2487700767014	38.13498636300692	38.08179989336126	38.06469268663285	37.92709209355225	38.06124049214564	38.982156710628395
Sor-ACeb_020-Ex1-2G-lcwgs-1-2-L2-clmp.r2	37.90407426508509	39.05544094894275	39.29654461062403	39.37132542547705	39.45281072717896	39.51057246003094	39.526817947395564	39.57194430118618	39.59979370809696	39.616039195461575	39.64909747292419	39.667870036101085	39.31619391438886	39.28925895905681	39.333690711500424	39.34308016268286	39.337947388081595	39.354906589075036	39.33376589918989	39.283069001037276	39.22525494047696	39.19314720917056	39.141314223138934	39.0308724503177	38.96053844070222	38.828408184163415	38.84588525048717	38.676002992734006	38.63880857890801	38.5461433893052	38.325683162028994	38.22298128416806	38.18241606714896	38.011185839940715	37.86492122522541	37.71613982393619	37.797425943142564	38.85977011494253
Sor-ACeb_020-Ex1-2G-lcwgs-1-2-L3-clmp.r1	38.53437312537493	39.032993401319736	39.09778044391122	39.086742651469706	39.056508698260345	38.62747450509898	38.89358128374325	38.87126574685063	38.871745650869826	39.33106178764247	39.600623875224954	39.64199160167966	39.29353329334133	39.275891618072784	39.34085143770014	39.37825993658081	39.36837737985684	39.416994482180506	39.40018877886659	39.394029847682404	39.28631120759174	39.33500751222353	39.301758947414314	39.27307861581943	39.213418647884836	39.18127656428933	39.12037319316483	38.986904444637275	38.926992178534036	38.82365898203028	38.6070902054346	38.558585868723355	38.44277351826815	38.31452969396935	38.3299380934579	38.26249883624622	38.16124826237782	39.04047976011994
Sor-ACeb_020-Ex1-2G-lcwgs-1-2-L3-clmp.r2	38.02807438512298	39.17096580683863	39.265746850629874	39.433233353329335	39.503299340131974	39.55344931013797	39.61127774445111	39.6875824835033	39.61607678464307	39.65341331733653	39.71052189562088	39.694013197360526	39.39488902219556	39.304937743982734	39.374378182871965	39.434394963064776	39.40556840755406	39.40088782042626	39.3823238463837	39.346035098823954	39.295226351259636	39.30795718470948	39.282419591330395	39.154030934164986	39.10290937598357	39.05890308060195	39.00260184626486	38.90030075496999	38.8024440526475	38.69786672172158	38.50544222007128	38.43270925730837	38.27032883552046	38.15764972791655	38.05094169972442	37.99781502788503	38.047522006309485	38.93333333333333
Sor-ACeb_021-Ex1-4G-lcwgs-1-2-L2-clmp.r1	38.78658536585366	39.00914634146341	39.1890243902439	39.073170731707314	38.93292682926829	38.72560975609756	38.948170731707314	38.864329268292686	38.97256097560975	39.49024390243902	39.69512195121951	39.75731707317073	39.50853658536586	39.46517227586463	39.54612354932011	39.56573953653326	39.56781589774471	39.56494963835902	39.6005360450116	39.63329855469162	39.659302358134184	39.687649145290486	39.60910878171022	39.685203060162465	39.61649183940767	39.59963432353486	39.51907073425865	39.64414761440084	39.52262096351808	39.322856277025856	39.2868010724507	39.22097957001834	39.17334080785245	38.99994776776635	38.84114377300169	38.41949649789039	38.39095202974799	38.92537313432836
Sor-ACeb_021-Ex1-4G-lcwgs-1-2-L2-clmp.r2	38.3155487804878	39.19512195121951	39.41158536585366	39.51219512195122	39.515243902439025	39.72256097560975	39.74542682926829	39.73780487804878	39.65243902439025	39.67439024390244	39.72317073170732	39.729268292682924	39.483231707317074	39.4718777325073	39.50559695896725	39.460714213252245	39.42426692879309	39.51303079976279	39.389891438545376	39.426013511760914	39.43482454196906	39.27545946779039	39.42037868188493	39.318415758568015	39.28376511276626	39.240382757526454	39.11324379967215	39.11307388559906	38.93352632698169	38.97943060446396	39.01072150386078	38.68143733129203	38.68763039633218	38.72082152773857	38.562016008891106	38.52115767036997	38.21262327201213	39.17037037037037
Sor-ACeb_021-Ex1-4G-lcwgs-1-2-L3-clmp.r1	38.62633451957296	38.84697508896797	38.83985765124555	39.170818505338076	39.12455516014235	38.79715302491103	39.01423487544484	38.96085409252669	38.95729537366548	39.36903914590747	39.55017793594306	39.607117437722415	39.22633451957295	39.141469690679834	39.17724796305965	39.29528536762106	39.28321720367916	39.26067651782233	39.35411318641207	39.45489380296955	39.282076481529366	39.33280384833863	39.265937405402234	39.09152819566497	38.95101122351948	39.04181270264328	39.11162183972588	38.9696505899951	38.84100972171807	38.77096854288776	38.81512291144343	38.67318800139212	38.6258966822018	38.55325109928706	39.11240925399598	38.88538042334663	38.7098558272907	38.92307692307692
Sor-ACeb_021-Ex1-4G-lcwgs-1-2-L3-clmp.r2	38.3576512455516	39.380782918149464	39.40925266903915	39.45907473309609	39.555160142348754	39.66548042704626	39.754448398576514	39.69039145907473	39.736654804270465	39.7135231316726	39.73238434163701	39.68612099644128	39.43309608540925	39.403453826969574	39.49918698358651	39.47013462129534	39.436103807241366	39.33817967749623	39.38168781113107	39.33978810628042	39.239609390393525	39.14962006244595	39.219465972529456	39.02047541885883	39.01197655159342	38.96313415855029	38.94378995957488	38.772891149045634	38.7457259563925	38.729155197965355	38.13183893195968	38.397362223374685	38.179704339647955	38.160648746048125	37.954301460433456	37.74321843858247	37.78662315333004	38.76923076923077
Sor-ACeb_022-Ex1-5G-lcwgs-1-2-L2-clmp.r1	38.75777408023664	39.08766870031429	39.151636161952304	39.14061748936957	39.10504714364947	38.98628212238861	39.09144019227214	39.12930301349603	39.169236457755595	39.51869846552043	39.707450545387324	39.75037160288408	39.48793492327602	39.44591817713289	39.48700575474986	39.50007614229586	39.49732173810851	39.51232943157546	39.50302730215901	39.470305061418216	39.452763010717476	39.4024423850427	39.36967963114536	39.357403754824254	39.292847876923176	39.221334774608195	39.146237745678256	39.08509999733409	39.080239662473595	39.02085578129489	38.94906610748586	38.897678428435654	38.850158553285986	38.77208717527771	38.6913952335686	38.741113292318545	38.831255373028476	39.470092332396625
Sor-ACeb_022-Ex1-5G-lcwgs-1-2-L2-clmp.r2	38.52408948049547	39.38960990941024	39.484710667406176	39.56472545757072	39.628471066740616	39.67151044555371	39.65065631355149	39.71100018487706	39.744130153447955	39.75084488814938	39.767424662599375	39.760000000000005	39.534168977629875	39.51263906024812	39.50870024650048	39.52611103491337	39.511128038128376	39.49766620912963	39.458549201870795	39.4447411675292	39.358876789421195	39.33918302802996	39.285310480119705	39.21356608120127	39.18717972637382	39.12768760404313	39.07676040554187	39.016911895257294	38.947147542466205	38.934709855060994	38.84831098730194	38.80242105230508	38.718781584954456	38.64488527269858	38.634972249458585	38.521484829686614	38.618105418597295	39.38794312036852
Sor-ACeb_022-Ex1-5G-lcwgs-1-2-L3-clmp.r1	38.7714787607793	39.13278505269882	39.21111465985308	39.23890130948579	39.07409773235388	38.84062599808368	38.98754391568189	39.0584477802619	38.98083679335676	39.4663685723411	39.6889492175024	39.74816352603002	39.468252954327696	39.44869602880455	39.482169514893094	39.527492975397095	39.4954600002879	39.51771310408473	39.52048620683734	39.50252906220582	39.44162302367487	39.44949097872907	39.43289791132607	39.40416786294548	39.37900030459274	39.36375851984438	39.322531624527684	39.25533515344913	39.19883272270681	39.14546371453595	39.05897893068247	39.03368778877326	39.00174764932202	38.87809048914865	38.87479493654502	38.83526330613031	38.860097041506926	39.43546889507892
Sor-ACeb_022-Ex1-5G-lcwgs-1-2-L3-clmp.r2	38.5076652826573	39.396039603960396	39.48195464707761	39.55253912488023	39.61465985308208	39.649073778345574	39.675982114340464	39.7131906739061	39.72900031938678	39.753864580006386	39.77128712871287	39.75410412008942	39.524528904503356	39.491752574885176	39.5306629374104	39.53595530834302	39.5386623899008	39.51292956471193	39.499947153968066	39.45075413695391	39.42813863208167	39.41930563830453	39.311956406797734	39.283718881598745	39.24825916967888	39.23746552458749	39.19933550998719	39.1399110854273	39.09083461143005	39.04601079376241	38.971213700810495	38.946832578194396	38.85684885489239	38.79607028339066	38.73794012659961	38.709180705856866	38.77885552113209	39.35479097299297
Sor-CPnd_001-Ex1-3E-lcwgs-1-2-L2-clmp.r1	38.69244053859215	39.05074057741008	39.09180572023101	39.11719185298832	38.973788656186706	38.827315674256845	38.951184474941314	38.99011463171821	39.01578727775416	39.446474302267546	39.68535719095516	39.72947020129868	39.439747709874275	39.418377279672356	39.455032700467896	39.48291921580576	39.48392337882901	39.49531401090461	39.49401428695311	39.48059428773654	39.4572072724554	39.421321056723514	39.37706833654126	39.35270224998432	39.315071847644624	39.274823985522104	39.21835556464408	39.151845225722326	39.09097423615423	39.01194624859384	38.92352786348732	38.860836264555715	38.784976624284965	38.68453673788325	38.577397211409135	38.48404668464394	38.45764303298343	39.22253169214446
Sor-CPnd_001-Ex1-3E-lcwgs-1-2-L2-clmp.r2	38.25609137793082	39.2633585165742	39.3881845620836	39.50161873400741	39.56326133972025	39.59902400637987	39.57726880226887	39.66638895563929	39.686925488062826	39.70306265530472	39.7327919068581	39.735352041638166	39.45572828506619	39.44333380773207	39.44060784465261	39.47417827057897	39.46363353849332	39.45662465812369	39.422586515293325	39.4006507469763	39.35599186470115	39.316511877369685	39.29159805506247	39.23857435333278	39.203029112344	39.143152947061154	39.09459763466638	39.02872114046386	38.9625391069916	38.89450327506034	38.790691260738384	38.72005268256715	38.62285524880584	38.52406449366388	38.409757696053006	38.31724699317781	38.272309720851695	39.16981746926735
Sor-CPnd_001-Ex1-3E-lcwgs-1-2-L3-clmp.r1	38.74419416466656	39.090687523051564	39.14595915440343	39.19375951185571	39.054470009469405	38.79979908117547	38.98773400053547	39.020200081662765	39.02007213807167	39.456629570923	39.678120461260335	39.73444091414906	39.44342863551319	39.41578525257036	39.458026442355184	39.48796168274056	39.46753705713995	39.496247649325184	39.49517370555539	39.47184495544455	39.40924173052035	39.39917411004023	39.370533913138026	39.32351193727359	39.273738979386906	39.22878559351902	39.16298486575295	39.09492764460013	39.02008336927905	38.95390271002461	38.84477892357704	38.7884048073678	38.69855646224792	38.57622024745672	38.49155855608349	38.4064714782452	38.37255432032331	39.16655392897804
Sor-CPnd_001-Ex1-3E-lcwgs-1-2-L3-clmp.r2	38.38109657134869	39.31038088491158	39.436214196526095	39.54658054957301	39.59856039766763	39.60575682977895	39.66351467362932	39.687177919779366	39.704112280768264	39.72910424480506	39.75017829176352	39.731136494487764	39.469610632902196	39.423589338225	39.46747054619338	39.48159121474102	39.47494196896255	39.460460882115264	39.443155815790035	39.402294860808794	39.372403585063715	39.33053058025754	39.265127658294155	39.17998796729745	39.149378713657384	39.11452046958593	39.03827311363706	38.986262454345244	38.91834558124307	38.84353012861963	38.73984904465602	38.65629455686074	38.561443175833304	38.45468130046622	38.3350250865176	38.24034239872994	38.26271059234308	39.15734422334918
Sor-CPnd_002-Ex1-5E-lcwgs-1-2-L2-clmp.r1	38.74563748676584	39.082040384190606	39.12964274742489	39.16877778539456	39.07389550279663	38.97478082703044	39.09600956668114	39.14412733232284	39.16006164517464	39.53225073438496	39.72052190206338	39.74898531737871	39.481434088156654	39.44712160749985	39.466231496537134	39.469121536724955	39.45204897957055	39.44180888188602	39.41896870277299	39.382697964027	39.32989866910113	39.26722932697221	39.19926222856633	39.124713293153135	39.048910987260776	38.96927682418952	38.880716044298545	38.78494446290375	38.689473296326156	38.59455099176757	38.49610933344958	38.37526266853018	38.2691058951847	38.15803923882179	38.01719887814353	37.94236764072893	37.98521998197266	39.02755622322514
Sor-CPnd_002-Ex1-5E-lcwgs-1-2-L2-clmp.r2	38.551924888350634	39.384850723721456	39.48883760254096	39.58034057181739	39.63667430884029	39.671208809064986	39.67410572604458	39.721111441171765	39.739305400046206	39.74922854669216	39.772727341970764	39.76670144998185	39.528288990953804	39.50834029227599	39.49278963206476	39.50239332044879	39.477368892860724	39.451259824309005	39.40466908197664	39.36239030673396	39.274007761905715	39.2329873150157	39.170145077878736	39.085753767390386	39.01347873744423	38.93228040766958	38.84706911787433	38.7656654440759	38.67620427154687	38.59693339979577	38.48949397602436	38.383917622266154	38.269099358684116	38.1737024050669	38.04793789109196	37.955560464066046	37.96954919047991	39.0450177035913
Sor-CPnd_002-Ex1-5E-lcwgs-1-2-L3-clmp.r1	38.808868320887974	39.15552694865287	39.21308385579405	39.24980751447206	39.11052810967669	38.820752859445506	39.01257843700393	39.03389510591117	38.98989569796542	39.4791628135613	39.69548422840801	39.74530369259891	39.469923508220184	39.436852456580944	39.46773734742974	39.48572284640125	39.457878954050145	39.46533396300423	39.45271442489782	39.416799844358344	39.33223302999561	39.32718956038948	39.28574270678648	39.22337493901869	39.17418598135735	39.110910007024174	39.04159495606372	38.96110627941353	38.873076998826264	38.79866876919875	38.66519946748025	38.6144514764816	38.5209921438437	38.38229990702693	38.30860413392634	38.23007628118325	38.22355621414612	39.078609254008576
Sor-CPnd_002-Ex1-5E-lcwgs-1-2-L3-clmp.r2	38.582768777014174	39.40270416705707	39.50530879838787	39.59304146145062	39.63797240429701	39.66081266235662	39.69858463727851	39.72880656256832	39.73459946036156	39.75142412132224	39.770773975141864	39.74904341142746	39.51951321190789	39.47930598640098	39.509054050357086	39.507208343438975	39.489658931343456	39.46350249691576	39.43260767156039	39.37427843071082	39.34745976704755	39.29616009640409	39.21695644358796	39.14895781675907	39.07891029272757	39.043959462491465	38.95022567336133	38.89371190101675	38.82964613235534	38.74093517172195	38.625068061553606	38.54217346618223	38.440719272274954	38.325957183425295	38.208482860005	38.103995490589654	38.122314966537765	39.098028407107286
Sor-CPnd_003-Ex1-2B-lcwgs-1-2-L2-clmp.r1	38.56520039849797	38.93363476128439	38.96203923672312	39.03554678519427	39.00635297723964	38.97037320867499	39.09972411679056	39.165365162081386	39.20446777530845	39.47354203387233	39.66089585408844	39.70601885201931	39.368187600582424	39.33363686084354	39.36620936938223	39.3890074015293	39.38543539987931	39.393747873708634	39.38986089232987	39.36452888930937	39.333091968168574	39.282731890702294	39.24285908740446	39.19371929195158	39.1520951193897	39.10700178795726	39.04729097322338	38.981432664497426	38.9106025423085	38.832724989520074	38.74163109761058	38.66450605014922	38.58608814481178	38.51545606569378	38.39326569648615	38.35794213535695	38.38470208147742	39.201857620207285
Sor-CPnd_003-Ex1-2B-lcwgs-1-2-L2-clmp.r2	38.19318338570005	39.21016552992567	39.35224155107671	39.45293125910032	39.532220859836	39.588366924668556	39.59819143229366	39.64991953406391	39.66651084374281	39.69420491991724	39.72092114338263	39.72471990190819	39.42053950494291	39.394531211179874	39.41172859408419	39.435009449871444	39.431229213946644	39.42069536424869	39.40106670206156	39.37254850059904	39.32974518267362	39.29950708628262	39.257347423459734	39.20789361362513	39.161353181831075	39.11249213972456	39.05706529556455	39.004738366372166	38.943025694369034	38.883019413692296	38.80421213252397	38.738554619302974	38.64762409828132	38.575974970725454	38.47533971114028	38.421049569654485	38.422689424430324	39.24352466190463
Sor-CPnd_003-Ex1-2B-lcwgs-1-2-L3-clmp.r1	38.76237174279037	39.15705802042064	39.18802904790223	39.22163683421421	39.103910745546074	38.867949308562764	39.00894722294349	39.01895484508623	38.98298168172947	39.44625853303067	39.66833125329804	39.72725527477406	39.431355317491565	39.40318655744481	39.44783599546339	39.47557600537511	39.46788395993326	39.485094593472446	39.48886465687259	39.46596476891099	39.37533792163259	39.40574443817049	39.38191276357962	39.349506187797495	39.310580115788945	39.27881380092216	39.22559533846492	39.16163900006728	39.10078462172579	39.04522302411044	38.92538817053232	38.910641223319104	38.84918778237376	38.72784076461586	38.686245702589034	38.621894863697385	38.5889976003632	39.27011018283085
Sor-CPnd_003-Ex1-2B-lcwgs-1-2-L3-clmp.r2	38.326944693397216	39.29702066354522	39.42346447327643	39.52217373459867	39.59138614110178	39.62280947155936	39.651391669249264	39.68700969101006	39.69444086138589	39.721129417282995	39.744161354898694	39.72781747062125	39.452147182738784	39.41865373587241	39.46633815389755	39.4863124141916	39.48275634636243	39.4727204342549	39.46091195605493	39.42484170149917	39.40364993543086	39.37437501227899	39.30771788464656	39.264409777724126	39.20697273147254	39.207933039376115	39.12991226379931	39.10797851785984	39.05575000601233	38.993148888238316	38.88916780527148	38.83954464321571	38.76529800715689	38.68162954167657	38.587478075434845	38.50878564504734	38.513148714816154	39.25175605022666
Sor-CPnd_004-Ex1-1G-lcwgs-1-2-L2-clmp.r1	38.78993878718673	39.12463713992287	39.18778329179863	39.2164855657936	39.09700734697395	38.980591444569725	39.07836915850935	39.1213459637128	39.13968921988974	39.5105694443447	39.71984477752004	39.756269872618944	39.51102180152876	39.49144192520025	39.521712668296516	39.538798200528575	39.53758226129643	39.54503786963606	39.54377041977465	39.53107422486166	39.50636769838726	39.47560560149225	39.431283934886956	39.415316331031974	39.383190529226795	39.35414894948087	39.306756557613554	39.25150619906881	39.19743716538906	39.13877930564415	39.037976817282996	38.994448475145184	38.929328589430106	38.84054715631969	38.740983117192954	38.65602429354253	38.62989376780019	39.30569820392466
Sor-CPnd_004-Ex1-1G-lcwgs-1-2-L2-clmp.r2	38.393307526758164	39.30438304809647	39.41858121290903	39.47219951977746	39.59656997579736	39.631010980961065	39.652490286625344	39.687927167046105	39.705139530262876	39.72323975457421	39.75285229685701	39.75657782789072	39.51348467764524	39.484311362915996	39.47767016335603	39.50867979331103	39.500987438481175	39.486995528453605	39.43730413081185	39.41889814216532	39.380296105407325	39.337415327611026	39.327849217411924	39.26250923187091	39.24592285033079	39.16395331693037	39.14477931333924	39.08631903618315	39.02290023306595	38.96169447022889	38.85382384891134	38.79920712751158	38.70677726753262	38.623144655114615	38.51063495353835	38.421154515142746	38.36854517580145	39.21144036381702
Sor-CPnd_004-Ex1-1G-lcwgs-1-2-L3-clmp.r1	38.84315237248244	39.19043732157288	39.25620350597508	39.29149995097877	39.16817066117165	38.967192905206865	39.074389859741274	39.097247095419675	39.06932065859006	39.499566234641705	39.710997289039035	39.76491576760573	39.51628427207537	39.4929114858051	39.52454629497767	39.551653172758165	39.51887626769327	39.554755533983105	39.55333087247305	39.537396991062494	39.47385410096767	39.48206364627005	39.45940513730601	39.42776104275866	39.39664680312122	39.363497180228784	39.31785755324303	39.260270456172215	39.20230253789843	39.14503503851428	39.04895419830766	39.013701090034544	38.942446235375975	38.82771226507789	38.764264196576605	38.67928585959781	38.64064497766222	39.2802161508434
Sor-CPnd_004-Ex1-1G-lcwgs-1-2-L3-clmp.r2	38.47248110652226	39.337413988048105	39.45153772923226	39.51274406915648	39.621693025004305	39.642779695116964	39.67928165625618	39.707894970421926	39.71616302430235	39.73594671595476	39.762739573126616	39.74582173792729	39.50179765777149	39.46474601578894	39.50437190975792	39.517558195615536	39.50913711282802	39.49141269290094	39.475291050971435	39.431165066469745	39.40963267369412	39.37310636173938	39.314350658328394	39.22945227425217	39.21467024481895	39.19267445601675	39.12516621989694	39.085793584751016	39.027680459430684	38.95997785792913	38.8662211366427	38.79715502179291	38.71554332975232	38.622865519837504	38.515890912356824	38.42685614480061	38.433115270189525	39.23258200674419
Sor-CPnd_005-Ex1-3D-lcwgs-1-2-L2-clmp.r1	38.63866829100396	38.9984209796823	39.02918700680484	39.08394273614179	38.95337413629711	38.80694768939788	38.937908889002365	38.96910332734928	38.96716818191163	39.3892431644867	39.64551504512576	39.698934343658756	39.36327879158855	39.33956765184341	39.389891082814216	39.428700716841135	39.445023645730544	39.470736248028935	39.4839519564872	39.47699607171397	39.46019236671357	39.43059894524433	39.39418790774507	39.37648022198398	39.34544021786297	39.31503612085079	39.26983251189692	39.21758900990364	39.166494473874735	39.10488236321201	39.03079346550091	38.98631517544954	38.9301571735353	38.84954621588809	38.7566958559838	38.677445781413255	38.645239552648476	39.297974627774686
Sor-CPnd_005-Ex1-3D-lcwgs-1-2-L2-clmp.r2	37.87186127434433	39.07538910151025	39.219495761315265	39.36357456775894	39.453460017494564	39.49301046424259	39.4734441410786	39.57241243931117	39.59922196277332	39.63047714797496	39.6705172833423	39.682058655199924	39.32174147173182	39.313012532873145	39.32977785469342	39.38238854302268	39.39411455967287	39.40178727849182	39.37335340730462	39.36964611791289	39.33992713741403	39.3070085503749	39.29618550600865	39.255167375486614	39.23598973078979	39.192208320598965	39.15673400764483	39.105979199896154	39.05472133201221	39.00575441592311	38.917753050471205	38.87222832629136	38.79937026986387	38.732274452304615	38.63427437243723	38.55699127753931	38.48447599880715	39.25430281865802
Sor-CPnd_005-Ex1-3D-lcwgs-1-2-L3-clmp.r1	38.70043423589571	39.05817922709364	39.091234805935116	39.15494173862017	39.02116690418308	38.77288289043508	38.929985749015	38.96716573057255	38.965690334479	39.3985215860508	39.63886931008467	39.70703529214519	39.36979998323414	39.34712515216231	39.39887457114848	39.442259390122594	39.42664389835466	39.47345322296608	39.479647016782664	39.470928442578995	39.412907257611394	39.41609894975065	39.390333645987624	39.355135592445436	39.32051381901799	39.284204740325805	39.23478993828156	39.1777696797253	39.12419496686725	39.06942833126056	38.9779917958745	38.94209537908224	38.87586258843197	38.772093629409554	38.70712712061371	38.63506204923205	38.59778871352778	39.25925519361124
Sor-CPnd_005-Ex1-3D-lcwgs-1-2-L3-clmp.r2	38.01707770978288	39.13695364238411	39.27914494090032	39.41858328443289	39.491031938972256	39.5056568027496	39.5657573979378	39.597939475228436	39.62216111995976	39.65532031184508	39.688743733758066	39.675558051806526	39.33930019280744	39.299977683538614	39.365067662863275	39.39585936717324	39.40776470392793	39.405312198330236	39.403054218209704	39.37285397086649	39.359768853275696	39.33018145360961	39.28194648925047	39.21283435076238	39.196937682004936	39.174066780356085	39.11512292360507	39.084761879583155	39.03126638990151	38.97663057802288	38.89290975444419	38.836589557625466	38.77055315105763	38.6922778522143	38.597309540424426	38.516681420783826	38.51729524001757	39.258455573283925
Sor-CPnd_006-Ex1-2D-lcwgs-1-2-L2-clmp.r1	38.589793812472536	38.939931280832795	38.9693706281108	39.03445066202	38.97444099369557	38.94386266575521	39.07306991319526	39.144859724222556	39.18008004892212	39.46340078807854	39.66279766879283	39.70076235638885	39.36872006797853	39.3229426536039	39.34919026355076	39.36571077884518	39.351419536733644	39.35147217807072	39.33209331232197	39.29434202383222	39.252081178376464	39.186439563947246	39.13060007017318	39.06782072638643	39.007692029597365	38.9565154765961	38.87780743870893	38.802262937386914	38.716833843257476	38.62707603602148	38.53033502016747	38.42677274683308	38.34384962787833	38.248813472547084	38.125673002225845	38.08624444827418	38.1228587606134	39.09765945751532
Sor-CPnd_006-Ex1-2D-lcwgs-1-2-L2-clmp.r2	38.28708918378724	39.23157638726944	39.36080165022084	39.469743449109686	39.54411748515472	39.58274874667088	39.59358607761283	39.64852938379945	39.65812364445788	39.68962917071599	39.71700033729041	39.71838472925189	39.423736637244666	39.3904584255005	39.3958390266565	39.41369700399194	39.40093298141197	39.3800704170959	39.34745891171275	39.31306376722025	39.264818114852815	39.22458416331364	39.163809982548386	39.108959216785976	39.06096174222699	38.994119806663775	38.92839875577697	38.863190915263985	38.79077508267774	38.71511065554879	38.61889582133773	38.531888386702825	38.427048946564376	38.33574372664192	38.22901493720584	38.16096180630303	38.186742616525905	39.15284349009934
Sor-CPnd_006-Ex1-2D-lcwgs-1-2-L3-clmp.r1	38.78234863791542	39.14916045426043	39.188626071204624	39.22327736361736	39.10083257855501	38.77153905106946	38.99787675050512	39.01055702640563	38.9742109663485	39.44444994077893	39.67016790914791	39.727318330662584	39.426895074200516	39.3972847883977	39.43148160274561	39.45361827620471	39.43673352405322	39.447231570476085	39.435099499632564	39.41075665195446	39.321763846640486	39.33397872081158	39.29480678864791	39.25257973642677	39.208126604169216	39.16465188248255	39.10264176052359	39.02485910026715	38.9540592477385	38.8788225997702	38.74761702566466	38.719113772270504	38.64805478744611	38.506647434669595	38.462593294093665	38.397869634766536	38.37322477386639	39.16497307315009
Sor-CPnd_006-Ex1-2D-lcwgs-1-2-L3-clmp.r2	38.429582665644816	39.329727234724444	39.45191945934648	39.5467358740333	39.604507768410784	39.62983870967742	39.66036020344179	39.69078589841845	39.70250644464572	39.725432313801996	39.74677976729604	39.726387166446045	39.46610395039365	39.42492284324244	39.46520755213085	39.4767999981745	39.46471362280065	39.44448041386407	39.42449082047803	39.38335512156696	39.35676955433436	39.31422564454131	39.242242709053684	39.194296996706214	39.12515081071268	39.116556253623536	39.03596129154524	39.00043017857952	38.928265870026195	38.86257759842488	38.746558760532125	38.68572855288503	38.594713465539066	38.49753150991644	38.38720561043711	38.293140229149465	38.31278846015232	39.18274040777468
Sor-CPnd_007-Ex1-1C-lcwgs-1-2-L2-clmp.r1	38.61737144533316	39.001199511814406	39.047446192204745	39.07403973579312	38.95089334820938	38.779137922906486	38.925431221878256	38.88314188286689	38.96478201884648	39.37481706135319	39.64131715825699	39.69647951139537	39.37832602626355	39.369214032244905	39.43068386626804	39.4739578090357	39.497678679932726	39.53158989644637	39.55053795017281	39.55398834105314	39.54556850506202	39.5347169136863	39.51053614947274	39.505526154056035	39.48255859033062	39.466002974260725	39.43003719188168	39.389253148945905	39.34958011199039	39.297262279306956	39.23457299122579	39.204226923178766	39.16115756162252	39.090263816603276	39.01126083688433	38.92811909826271	38.880205521936404	39.398190904744126
Sor-CPnd_007-Ex1-1C-lcwgs-1-2-L2-clmp.r2	37.787330221935875	39.03347109386049	39.19429996176229	39.28222574917108	39.443649134937225	39.503124492564595	39.43042045770019	39.57234260990723	39.59509404905951	39.63072374038164	39.67580024199758	39.694577054229455	39.34877089324345	39.3431203674639	39.36275016687983	39.428655321649934	39.44944643472813	39.466682430934995	39.44327675218274	39.44516605999648	39.43095610596548	39.409480180105724	39.40176212229378	39.35681102831703	39.359610696107225	39.29542450750804	39.294310868138304	39.25028530173042	39.204525213799265	39.158262099393056	39.072397040684116	39.03106126848096	38.95992452842455	38.8944854849763	38.79617579263333	38.71954927334811	38.617984530197795	39.29230040524183
Sor-CPnd_007-Ex1-1C-lcwgs-1-2-L3-clmp.r1	38.68704639360279	39.06602754675496	39.11850384131885	39.15425635511717	39.0249086147591	38.807605698640366	38.93653816128549	38.947976004030444	38.93253668688865	39.38718079549826	39.6399014278793	39.70545800463888	39.3891779915689	39.37525765245602	39.44171239804279	39.490875355350866	39.49191057894875	39.54664612872644	39.569121817589966	39.56967710039737	39.52681401074245	39.54933597262285	39.54237256766445	39.52315181945571	39.50049813665962	39.48348372202306	39.45414100459692	39.41456809709008	39.373279591523485	39.3364317221923	39.266082456275285	39.2449775409586	39.19611772269843	39.09896594348813	39.055189275046004	38.98121010138796	38.919800786307704	39.38633342196224
Sor-CPnd_007-Ex1-1C-lcwgs-1-2-L3-clmp.r2	37.98896777734676	39.08269982020728	39.229888406186674	39.332626180845395	39.468460623463834	39.508700711927645	39.55399173629543	39.59359764096505	39.603734924050855	39.64741956408717	39.69457322166977	39.68402903080942	39.34987598004736	39.320854351109354	39.39389494403137	39.435823592116535	39.45000165125517	39.45972871684445	39.471774635186826	39.45450989231689	39.44775421279835	39.4328694848166	39.39442438508775	39.336370582163696	39.3327526355335	39.32247853306492	39.27388010204127	39.251807247068676	39.211106897547104	39.15298544947857	39.079230048539145	39.0261906101665	38.95857641635118	38.889003373140824	38.804094094304276	38.71629489189029	38.687427328095275	39.313828323675324
Sor-CPnd_008-Ex1-1A-lcwgs-1-2-L2-clmp.r1	38.363454564091356	38.65989246415505	38.66248653408885	38.68784891217773	38.56704438356339	38.370025888849845	38.518108035993116	38.533279994831005	38.603186669735095	39.08567203122776	39.466432360144964	39.57447234168655	38.993732353723615	38.96894073992705	39.08357703237224	39.18494470612149	39.259939654271776	39.33854342419697	39.403191932223066	39.442557628277186	39.45376660790103	39.46394227834891	39.45138868739607	39.45478711987572	39.440071652455046	39.42558835569135	39.39796870344441	39.3577504949205	39.31969970889101	39.27514129192592	39.21709558849523	39.186165649664815	39.14916116995497	39.086329634404834	39.01347132914411	38.94424492531839	38.89385117432499	39.40791953605412
Sor-CPnd_008-Ex1-1A-lcwgs-1-2-L2-clmp.r2	36.71935027003614	38.413668802200974	38.66917990457301	38.8101387292966	39.05729169367161	39.13224691365903	39.129481341561714	39.26673571955328	39.3143215872964	39.36150494345016	39.455718659874115	39.49473117434711	38.864749644731276	38.84583205294966	38.92738113588693	39.03983454676684	39.095889479584166	39.16064272611324	39.18353495361866	39.20812707688681	39.217865800274026	39.21663122922538	39.221702128496496	39.193075494251595	39.197003376821144	39.1460939112006	39.13938414232224	39.10006878168202	39.05215494832614	39.012376528230035	38.93174578738776	38.88536842094121	38.81435767199018	38.741102053009456	38.65103726100132	38.5694845272388	38.46933934208074	39.20027441774941
Sor-CPnd_008-Ex1-1A-lcwgs-1-2-L3-clmp.r1	38.41445419326635	38.693713001490806	38.68796919985535	38.745974338557694	38.60841425586923	38.353570402289755	38.57611444393949	38.61099837585274	38.68568383182291	39.07000526191642	39.4515710850308	39.57341799659811	38.99444312931698	38.96296044876927	39.09099588276522	39.1900589904959	39.25508254655696	39.33941829679047	39.41087244416095	39.452268915875024	39.45548982670624	39.47944094578312	39.49001845848718	39.48300243761031	39.473017100085	39.4588320748896	39.42978033450708	39.39179750177517	39.358046715230344	39.321145532933286	39.26353736082991	39.23723997208001	39.196655412381666	39.130458714908755	39.08790413933658	39.02382187506484	38.9693709452513	39.43274050699771
Sor-CPnd_008-Ex1-1A-lcwgs-1-2-L3-clmp.r2	36.82228436375328	38.45812430190995	38.7082117543702	38.85135951126206	39.08619120378048	39.11209485458839	39.225445902055775	39.28321642764401	39.317979677271936	39.38644940479581	39.45943923246067	39.47010602740501	38.84394067326368	38.794121097052766	38.935410317558635	39.03114833005478	39.10674826188654	39.1598317223534	39.20814923789496	39.22644999444804	39.24209624827715	39.24637111871133	39.23033390714649	39.20167513970644	39.198530064242206	39.17979055823434	39.13492019821648	39.10336552825017	39.05883609078988	39.00518242293193	38.944823253664296	38.88494467045297	38.8289944005276	38.76119248645359	38.67311661323207	38.58414872225812	38.54782862636456	39.22516110064372
Sor-CPnd_009-Ex1-6A-lcwgs-1-2-L2-clmp.r1	38.68560508529128	38.976715481171546	38.99690296105568	38.97878258770518	38.80115706469263	38.601577084003864	38.76126649501126	38.776317186997105	38.84305600257483	39.36790988091407	39.667941744448015	39.72961635017702	39.408865465078854	39.39899697581343	39.45331647865125	39.50450134796258	39.53184668145831	39.560639919806626	39.58490631991661	39.59614815609871	39.58638677684881	39.58331085542045	39.55848589909017	39.557147689998445	39.53880161950834	39.522856882645094	39.49384799378553	39.45248739938292	39.41753444536274	39.3724578062946	39.31682252965341	39.28794237650318	39.24886375503261	39.19233584563231	39.124464419149284	39.059178227215014	39.01704681561678	39.476588018507925
Sor-CPnd_009-Ex1-6A-lcwgs-1-2-L2-clmp.r2	38.0327703572578	39.21097280334728	39.32646443514644	39.44850016092694	39.53053186353396	39.57869488252334	39.527338268426135	39.64339716768587	39.65702043772127	39.68330479562279	39.7258907306083	39.74144415835211	39.461190859349855	39.45134469906737	39.46461623307009	39.51196005522358	39.50979233426116	39.52872006579345	39.50919191196505	39.501254750775196	39.49100301772021	39.46996874591027	39.45945558939024	39.42502778237783	39.41954135204756	39.36761853726124	39.360554704954154	39.32178198098939	39.275053902552074	39.23386633720391	39.1575475200655	39.11486985711794	39.05083850385135	38.98153614795571	38.90614241827196	38.82730146859694	38.750089427347234	39.352363359322254
Sor-CPnd_009-Ex1-6A-lcwgs-1-2-L3-clmp.r1	38.69963272065454	38.96977897653675	38.99864811687353	39.019626490022794	38.84088196232108	38.56558887668268	38.816208660578134	38.834588204430304	38.89384643132368	39.343173851022314	39.651365164209935	39.7266792372395	39.39697043729198	39.37553408328542	39.45250824171269	39.50220734822209	39.5206294158835	39.55744400401289	39.58936133826561	39.5997433895828	39.57844540381352	39.59086609524728	39.58882255789116	39.57412953054295	39.55910580797413	39.5415069255964	39.51013892095009	39.4753591536098	39.44037598051679	39.40314576438804	39.34520669461759	39.320440419561976	39.27871545615077	39.20682025039052	39.169516816863975	39.11386634871669	39.06573000310989	39.49225684590479
Sor-CPnd_009-Ex1-6A-lcwgs-1-2-L3-clmp.r2	38.0913508993425	39.230823591139384	39.34938431520438	39.474605256685635	39.54701995441801	39.5577727131122	39.623864959254945	39.64913508993425	39.66312449786027	39.705036154060565	39.73212054632803	39.72914656741379	39.45053255505091	39.40946608083682	39.475260650125485	39.502684906927904	39.52065776328286	39.524747436804105	39.528423400431215	39.514667272534005	39.50741956779437	39.49417372541997	39.46485891896176	39.42328446523033	39.41193631359012	39.392379583711346	39.34686222528255	39.31521666643443	39.27050897936342	39.21608160565353	39.158748619799304	39.10382755712528	39.04430676026794	38.98347217259714	38.90613060227886	38.82244347825685	38.80194207577973	39.373337429656885
Sor-CPnd_010-Ex1-1H-lcwgs-1-2-L2-clmp.r1	38.67482752119112	39.03863971341047	39.08748319814131	39.099087884618115	38.97723056711722	38.81240509357343	38.935961350149725	38.898917179761135	39.007162710922884	39.39473896551234	39.6416527960523	39.700436899010434	39.39298812567284	39.388057793364425	39.442542904666325	39.486507737069715	39.503251514619414	39.53314918580774	39.55198581607755	39.561783551194466	39.554082949002115	39.535087381668525	39.50876644109193	39.50782833379689	39.48477447776495	39.46479281058528	39.42777385606168	39.38403742208836	39.338541842676854	39.2895825093339	39.218160966291315	39.17996925220199	39.126653160334236	39.060982268563805	38.963763518298364	38.88601563569994	38.84560647125871	39.36843325182241
Sor-CPnd_010-Ex1-1H-lcwgs-1-2-L2-clmp.r2	37.90116148233448	39.08147406279587	39.23077390932369	39.318194258883445	39.47167454977101	39.52378616074234	39.453578213032365	39.59075031069501	39.612601343337744	39.643950215813916	39.68893033741578	39.69928859460434	39.36851286064442	39.36514641748907	39.38043751288189	39.4397633399188	39.457089350380826	39.4655608346629	39.44240917077586	39.44283282189076	39.423507521036235	39.40123349905193	39.39259311495495	39.34517833268377	39.34355744762594	39.2776658679651	39.27080850113067	39.226353601485734	39.1729582397913	39.12645686317533	39.0383174470036	38.986169068231945	38.907333936105424	38.83638221560143	38.7428253803622	38.651853441760615	38.56686519573098	39.27690407958808
Sor-CPnd_010-Ex1-1H-lcwgs-1-2-L3-clmp.r1	38.72671251968089	39.09751926655266	39.1497806538449	39.167514168983175	39.02883516770501	38.806852338729726	38.91422774333361	38.941895241180326	38.92695911146602	39.39430729555106	39.628598620391784	39.70231198631943	39.38487051420163	39.370289217763975	39.432448316838105	39.48176235671179	39.48021031267972	39.53301297521411	39.55197182903475	39.55482916706754	39.51594411263024	39.528258297045866	39.523118120003424	39.5052262093518	39.48382317064996	39.46176263001221	39.42899392274252	39.379244221501224	39.32995880309004	39.29505349848863	39.21757203203276	39.1877501277236	39.142783103600564	39.04851503090528	38.985137925540485	38.909186710409564	38.832934424319724	39.34981511929827
Sor-CPnd_010-Ex1-1H-lcwgs-1-2-L3-clmp.r2	38.04665154973646	39.11109939256056	39.26305718568964	39.360317807090894	39.49250807952208	39.53617139886849	39.57781075712718	39.61534694861499	39.622508657079216	39.654951296866884	39.6997104680975	39.68471608044617	39.36890382167044	39.33630970710402	39.40440484613252	39.44044506496079	39.45368271264225	39.46184960684707	39.47008345169693	39.44697218160693	39.44158599485157	39.424047915773784	39.37864431316904	39.32623600337744	39.31480204242335	39.30180724296257	39.245150689948666	39.211558039928725	39.170478918917794	39.11650700747561	39.03187746906842	38.97777361387842	38.91073894016208	38.82611211108071	38.72999049747803	38.65111128778317	38.61820164522019	39.293267220264056
Sor-CPnd_012-Ex1-5B-lcwgs-1-2-L2-clmp.r1	38.70370784145781	39.03928797527278	39.102824017179955	39.148678608225026	39.082630122022366	38.99279782519644	39.10544073287901	39.15988033615115	39.19106245112278	39.499981876637	39.700432229794316	39.73874948795293	39.44254918755199	39.41255431138245	39.44772700483594	39.470424403121704	39.470819327515485	39.46871175946228	39.47327245572753	39.448580146814436	39.4186719656734	39.37189727939902	39.32984271675429	39.277112513547884	39.23191780562165	39.18603238721744	39.127786534194755	39.07094884283648	39.005876057211665	38.94231379423804	38.870580496593	38.79644490695989	38.723906110131125	38.64852992453474	38.53880255950241	38.48601363743133	38.48753020815453	39.24899250269933
Sor-CPnd_012-Ex1-5B-lcwgs-1-2-L2-clmp.r2	38.29059943643789	39.26369493166499	39.37129308953686	39.49293312975583	39.57073945803697	39.60400700107996	39.625988406012986	39.671088270708424	39.68622252014052	39.70907285343661	39.74179917824203	39.742985886120735	39.45871622040988	39.43971504129996	39.452147273197234	39.47395779045002	39.468355659538055	39.452411292134855	39.42159912145338	39.401394152899066	39.32322038211217	39.31156614534926	39.27574609961236	39.23025081398656	39.18932083126996	39.127247999933516	39.08323316949806	39.02340904654032	38.965001598204324	38.90943353088825	38.839485071804006	38.76582221332602	38.69079429930883	38.62750647219427	38.534910872886265	38.4686400171665	38.4518346137521	39.259081448170036
Sor-CPnd_012-Ex1-5B-lcwgs-1-2-L3-clmp.r1	38.79588180266266	39.167111501038534	39.205767167523746	39.23871486028677	39.10867876263814	38.87691917403506	39.01969779450238	39.016896659249824	38.98522797541343	39.45109693513522	39.67788741550349	39.73304441120665	39.442970471806305	39.41682785311808	39.46391743167311	39.493971295048674	39.48174212443247	39.51020045415471	39.51485512962456	39.49924506019287	39.42185467765356	39.44459294781154	39.42618946745527	39.39350951144227	39.36460448342757	39.32672931148035	39.2768230479406	39.218585482839316	39.16945424305597	39.117817950197846	39.003181028287386	38.991096714128716	38.93545672941499	38.81868673757559	38.77770458482799	38.70848037981179	38.66870909752041	39.29084152874987
Sor-CPnd_012-Ex1-5B-lcwgs-1-2-L3-clmp.r2	38.32813449677341	39.282000327679974	39.39757622523241	39.50722217230681	39.57721355749462	39.6057904222315	39.64574623828676	39.669614024702845	39.68739330581526	39.70949267740964	39.73760656205572	39.72167391614564	39.44834759445904	39.414555349534346	39.46096395662153	39.48010751740018	39.48266849323694	39.46456846117054	39.45392416213313	39.40774773672749	39.39713896060035	39.36047320765884	39.304072918305565	39.264102967919456	39.211965731977806	39.20314938958806	39.13491381021348	39.11386213183088	39.0627355539779	39.010252542039126	38.915592608532364	38.87420634249926	38.80497708071057	38.72835108255693	38.63434494187728	38.55611603629915	38.54374238558405	39.28688512353512
Sor-CPnd_013-Ex1-7F-lcwgs-1-2-L2-clmp.r1	38.584715700321055	38.92454746977841	38.97082881286215	38.94344096885775	38.7773830129665	38.57987362004853	38.73069586269914	38.74539326028804	38.803757719308415	39.31496710753338	39.61308079427785	39.676034463244086	39.32104593350836	39.31398024999386	39.37455007426199	39.42979036263745	39.45749481291064	39.48973055321862	39.51551185418504	39.522820908665764	39.5142785085301	39.5060767931622	39.481672079174736	39.47585587172844	39.45733485636744	39.438859079846345	39.40116440600471	39.35581185809629	39.312457876951854	39.254365036926885	39.187932869374116	39.14268177560463	39.1011762256944	39.02870497466688	38.94182428802009	38.8610209607831	38.81329758259311	39.36895935815137
Sor-CPnd_013-Ex1-7F-lcwgs-1-2-L2-clmp.r2	37.90442550677587	39.07857752159474	39.236447558393444	39.36344312212036	39.45910043313705	39.50645012574501	39.463834850279234	39.57575481516449	39.609552756314166	39.63635093763544	39.6839419060791	39.69949232693152	39.36201699973223	39.34723804695532	39.370389267024755	39.4286414530321	39.42992357776807	39.45021320531043	39.43412054563777	39.42760978716931	39.41377581592416	39.39205962585855	39.376892101929215	39.33483842033358	39.32988099469165	39.269792544907624	39.25295689977927	39.202112940457894	39.148251657120355	39.09770408679445	39.01144225026851	38.9566196739945	38.87206263429738	38.78579803370126	38.69042799955872	38.609065063870894	38.52641814735339	39.26751826034753
Sor-CPnd_013-Ex1-7F-lcwgs-1-2-L3-clmp.r1	38.598140879983475	38.92476476077186	38.993627705874395	38.99654816260533	38.81540576540897	38.553319704535255	38.77444814052383	38.79927059812378	38.85444586114297	39.29356858443325	39.59587887939938	39.67250311634102	39.31353824017551	39.29289371994729	39.37680879900394	39.43408956642899	39.45070762648826	39.49714046773742	39.528435787385355	39.535795034849365	39.51366284462218	39.521000908751404	39.51732549410441	39.49706583480932	39.47814565287315	39.45291676650552	39.417989748277904	39.37642810660063	39.33105417134469	39.28620015336321	39.2249526752132	39.18167716623344	39.128145999931846	39.04687824761409	38.99779841732529	38.91979990387859	38.869789329274404	39.37230963532074
Sor-CPnd_013-Ex1-7F-lcwgs-1-2-L3-clmp.r2	37.960241899294104	39.11408728604093	39.2633268988311	39.39878480507732	39.47476796615119	39.49368967654161	39.56349286625021	39.59283989486356	39.62097315316727	39.663665956734505	39.69692896167079	39.694305394297274	39.360730541566646	39.31823009041166	39.39488810093601	39.42794530027777	39.4484581002716	39.454147023134205	39.463159379875314	39.448095256600666	39.44216707205321	39.42128123293892	39.38443128241852	39.33971595452907	39.32000618344831	39.29376260512005	39.23683400656496	39.19531995046358	39.14525424343717	39.079949387802955	39.00425355464623	38.93042296807455	38.86372333789573	38.77960772308258	38.693124124270774	38.5983019380882	38.57635035808269	39.268334588900785
Sor-CPnd_014-Ex1-1F-lcwgs-1-2-L2-clmp.r1	38.6993966657846	39.00331145805769	39.04868219105583	39.024257210902356	38.835314104260384	38.61939031489812	38.78151680338714	38.80461762370997	38.85397512569463	39.388019476051866	39.67584292140778	39.73203069595131	39.43936755755491	39.43121640164636	39.48078529660239	39.5230302667334	39.53903896034387	39.55957163430637	39.574167747175395	39.57537618599543	39.55765995821254	39.54492595259369	39.515919059024526	39.50947392348495	39.48291433072023	39.46028632061459	39.42311545477427	39.373781207760736	39.33074099381637	39.2781567297539	39.21333781474477	39.17171451139105	39.12410682575799	39.05511619571263	38.974276985681726	38.89786185452793	38.85586818026761	39.40094601675268
Sor-CPnd_014-Ex1-1F-lcwgs-1-2-L2-clmp.r2	38.1801741201376	39.20901720031755	39.32864673193966	39.3938285260651	39.52964064567346	39.57578406985975	39.52448160889124	39.63823339507806	39.65492458322308	39.67106080973803	39.719384704948396	39.72851548028579	39.440914739349026	39.42718895236602	39.43867702161134	39.480028046878125	39.47466786839375	39.486499623672536	39.46277133576187	39.44801011252395	39.42758043727953	39.40029343762827	39.3838403326145	39.34059524994203	39.328048303722674	39.263548390687916	39.24774916676552	39.19829374031859	39.140572883071734	39.09090157356719	39.0013249983547	38.947034111076846	38.86360930255142	38.7846639941893	38.69050531484756	38.60819117581654	38.54201935526978	39.266042125843654
Sor-CPnd_014-Ex1-1F-lcwgs-1-2-L3-clmp.r1	38.70958425471115	38.98718335754618	39.04826348662808	39.06240320764814	38.880343673472055	38.59805712342666	38.837559955403314	38.868893703606425	38.91728579259926	39.36484447287744	39.663258522358824	39.73061052337893	39.428918748372034	39.410009193722736	39.47815452656278	39.5232967173426	39.52799820093449	39.560069184663	39.58178181001657	39.58187516224798	39.55382933093238	39.558433538789004	39.54837904914439	39.52771917565731	39.50515388671435	39.479945755463476	39.44224850171656	39.39888717172538	39.35371368807111	39.30842149562046	39.24391215132432	39.20626892726023	39.15321772671486	39.07037725000061	39.01862272741865	38.94816408911678	38.90224336694313	39.40922620729246
Sor-CPnd_014-Ex1-1F-lcwgs-1-2-L3-clmp.r2	38.23592430769968	39.2281574877637	39.35049375679113	39.41811680364272	39.54810436844795	39.552286669928954	39.62073963797344	39.64755323102543	39.66199865512442	39.69301220523629	39.72534436552716	39.71771813631197	39.434934178476105	39.39050720787563	39.4523554043662	39.47684658242251	39.48839170565368	39.487316135115144	39.48641193344105	39.463534429690654	39.44586569938317	39.423897477010385	39.38537011199391	39.335884268405756	39.313783737694244	39.28606239267378	39.229383808067524	39.18614519643005	39.132248999037394	39.06381977715276	38.99442147118865	38.92375642420491	38.850399243457915	38.77457525921794	38.68260218675401	38.59519388671556	38.58511043283482	39.27857224487263
Sor-CPnd_015-Ex1-5F-lcwgs-1-2-L2-clmp.r1	38.71571883245596	39.06861199759893	39.11288936488126	39.1474674278706	39.05837288340538	38.95116231867785	39.07920522708723	39.13176975596274	39.13011145994827	39.51312515384582	39.708130400798055	39.741822311854655	39.47233107188973	39.44199422070728	39.46571067652981	39.477356425137344	39.46489373372398	39.460327783512994	39.445732183261626	39.41737710753771	39.37784939609079	39.320202937144174	39.271202380226654	39.20522638691393	39.13691229991133	39.07235395099061	38.997269535535835	38.91527572273547	38.83373421618242	38.749599768262215	38.66997826330207	38.57496303816955	38.49967790299129	38.40288921919857	38.2758836710494	38.22990427052355	38.25316393342683	39.14501115470421
Sor-CPnd_015-Ex1-5F-lcwgs-1-2-L2-clmp.r2	38.43139016164068	39.332993612969254	39.449618462362295	39.535158898442326	39.60660813687851	39.645064194193374	39.6590517483363	39.700349364967636	39.71468671592612	39.73155383200252	39.76327478915025	39.764658429887334	39.50731161714091	39.49564995557155	39.487778873093156	39.5061362775142	39.48944588041024	39.4734643658092	39.43940629771847	39.40957306093089	39.332252895967954	39.313986370738306	39.262240590897534	39.197790386762485	39.14772019358308	39.0783894817625	39.00911619159395	38.951436527501606	38.879686069190555	38.80843584586993	38.71584838772492	38.64382504463869	38.54861354705444	38.45697904452319	38.35840453813383	38.29124172168459	38.2961196684649	39.198841902424526
Sor-CPnd_015-Ex1-5F-lcwgs-1-2-L3-clmp.r1	38.78288101165995	39.12705355873763	39.18837948252383	39.22666519942961	39.083123564285614	38.80299591466183	38.99312691142015	39.0117012155142	38.982819571108266	39.45869681838815	39.68422949421588	39.73756447819089	39.45590631691404	39.42629173024155	39.466052151957655	39.48724141395267	39.4689695316352	39.48340962865219	39.47634658189141	39.45450677606719	39.367694773237	39.38928538804558	39.35372807510469	39.305263975209435	39.26045293040467	39.22061556127712	39.1513013455094	39.08551040757643	39.01080289928598	38.94344959214071	38.83114864020424	38.79782878777398	38.72656573926874	38.600492584510505	38.54751613321796	38.473423232116225	38.447538348170625	39.18782781444658
Sor-CPnd_015-Ex1-5F-lcwgs-1-2-L3-clmp.r2	38.45469676336676	39.33823940723623	39.45501313635676	39.55258440051904	39.60872914345452	39.633076108337114	39.67638252704072	39.69903299907839	39.70853794412578	39.7376818571553	39.76075599389262	39.74272181643947	39.49535481918596	39.458848103967966	39.49408051551611	39.501488714191645	39.49691904788262	39.473638617524315	39.45292082184846	39.407261404593285	39.38844903589606	39.35108727257928	39.28483831217861	39.23121434941633	39.17759715520377	39.15565517797204	39.07150950675405	39.04109760443698	38.98078970019515	38.914615081696695	38.8039852922271	38.747403590431055	38.655969378768845	38.57033856186401	38.47016415766112	38.37804410462752	38.388445374254744	39.19407210057447
Sor-CPnd_016-Ex1-1B-lcwgs-1-2-L2-clmp.r1	38.58425970902352	38.94520777563555	38.95076424657036	39.02694282113228	38.935462909664906	38.806027808032844	38.905447980661485	38.94902954344925	38.9723681479405	39.353109234227006	39.61499690792022	39.68216358564276	39.309161044217106	39.29349091185635	39.365787936085255	39.4256772563176	39.4668710309255	39.51307606302722	39.54703512322487	39.56445736676362	39.56704470710746	39.55969898725966	39.53468092097525	39.54097051309977	39.52407192148406	39.51235363448938	39.48440712702918	39.44853785917941	39.41840343144502	39.376852806092586	39.31256166301809	39.29396513584861	39.26237643282776	39.203922954585416	39.13173560011908	39.06249636422788	39.02143742687677	39.471377317474065
Sor-CPnd_016-Ex1-1B-lcwgs-1-2-L2-clmp.r2	37.52213066052102	38.84182745838175	39.051599571745164	39.125917905460106	39.31962546960739	39.377869268150725	39.42751515903704	39.47557042987398	39.51053696622393	39.548010548022106	39.60796051838521	39.634291485760386	39.202047120870716	39.18513065191429	39.230075526460894	39.31289618901856	39.35215812560843	39.382144217606054	39.373373424889145	39.39223470878129	39.38737308204766	39.375898378926216	39.39450286464181	39.35771267626408	39.35936475409109	39.3094251577422	39.31464095436267	39.279750575155596	39.243111595809346	39.20809247076383	39.13351210206129	39.10964821147834	39.052351871357345	39.00431466324956	38.92197125565933	38.85313908991966	38.746175182649985	39.353944899114964
Sor-CPnd_016-Ex1-1B-lcwgs-1-2-L3-clmp.r1	38.668158120695466	39.024235826054195	39.03340736258998	39.09647594169925	38.993656187843506	38.80806979280262	38.90758177938315	38.94666632852324	38.926765380393235	39.35948293039921	39.612938333508446	39.69382755409993	39.33714590043367	39.324012626533964	39.39800112559573	39.45935308079511	39.46699251709542	39.538400112255026	39.56952754860048	39.58435873600952	39.54838575556731	39.57883732977528	39.576683338046806	39.560073974739566	39.54702563665501	39.53071942330514	39.503113894706004	39.46844357861691	39.433970349831725	39.40159825526531	39.33497861705263	39.32688816891423	39.28695208305824	39.205033326170636	39.16621548788539	39.108945960110326	39.04987122920948	39.460682107377416
Sor-CPnd_016-Ex1-1B-lcwgs-1-2-L3-clmp.r2	37.64823362329132	38.907498451182356	39.10313132886743	39.1834959440904	39.36331820141513	39.39878884271621	39.46041004720724	39.5094360129992	39.53233677635798	39.56982323552535	39.6245492125485	39.618059032595816	39.19332758489513	39.16587420994828	39.25692175042374	39.32575846825188	39.36317749336281	39.38723540312522	39.41231282525747	39.40835353371727	39.42004736145763	39.41453141946284	39.384576264995616	39.33628348128934	39.338800400550454	39.34333820414439	39.29881048156841	39.28708963846258	39.25465800697166	39.219944520312474	39.15637727894875	39.11577119891067	39.06574995575758	39.008846825495596	38.932381908292555	38.860142782396515	38.828593878168	39.383187635338736
Sor-CPnd_017-Ex1-3G-lcwgs-1-2-L2-clmp.r1	38.722807152187855	39.10400987479034	39.139105672728085	39.171563289955245	39.066269500552416	38.94908311228577	39.03907545356722	39.08237359516877	39.109283038416706	39.48131704376662	39.69290425322698	39.733048090037116	39.46553400774826	39.44706214392715	39.480647274147465	39.503784999652616	39.50855808494456	39.521864800541756	39.52705522224526	39.51197472772291	39.49379243271711	39.46604920795452	39.42186177415851	39.41141233608566	39.3797680692591	39.35553692972809	39.315605599294756	39.259050284428305	39.19964151822184	39.14239854965143	39.05957941673245	39.009220348805606	38.94000948621779	38.85731773139065	38.75288959250309	38.66925488729434	38.640911768230254	39.300361193145015
Sor-CPnd_017-Ex1-3G-lcwgs-1-2-L2-clmp.r2	38.32791467004354	39.26993705140935	39.402408898823374	39.515815493635586	39.57790387748609	39.61185806267998	39.634776658016634	39.66884276602855	39.694127729517724	39.71661909946901	39.743368652976905	39.74840198199322	39.49348337386539	39.470249706701566	39.466197582164824	39.50609280929775	39.50081271939063	39.49166441693286	39.452869779310824	39.435732874572864	39.400449234390145	39.363688131632436	39.35456019708033	39.302780188118405	39.28014388649868	39.23057113344195	39.19081760449241	39.137413296895346	39.064447961454675	39.00523484743019	38.91140325768721	38.85820184830694	38.76684827901869	38.695021471332176	38.578968227265	38.49797783355633	38.439594952921915	39.24170407534548
Sor-CPnd_017-Ex1-3G-lcwgs-1-2-L3-clmp.r1	38.77723591026674	39.16812842388518	39.20106325971217	39.240158679368214	39.111773346029736	38.9065657636541	39.01602214417617	39.05284300534714	39.011168467680065	39.45940915451963	39.68184478258691	39.73938340189135	39.463305203341676	39.444148481286604	39.48753614622152	39.52047111531559	39.4942162413429	39.536639480084816	39.53958085922038	39.524273550129585	39.46268829782368	39.47379678400208	39.45636553667766	39.42525249379751	39.393778335240114	39.360890535284874	39.313547273541765	39.26137694507868	39.201655130284095	39.1438226976225	39.04109921216765	39.00759539708421	38.940654918486594	38.82515087722632	38.75865612701044	38.68683600194653	38.639168488560486	39.27082617927999
Sor-CPnd_017-Ex1-3G-lcwgs-1-2-L3-clmp.r2	38.39406147476204	39.302840113959235	39.43651861475533	39.54722407485225	39.60141639455494	39.61585791334318	39.66052021851182	39.692552941312535	39.70464279793825	39.72822572872613	39.75356893647042	39.737772706069215	39.48374538823629	39.44807705008394	39.49057066174335	39.5087626495255	39.50379733610683	39.4955716821257	39.4800287628788	39.43766798190458	39.42422834944579	39.39001887996438	39.33597147055642	39.25236608798113	39.24165414020107	39.22627194404296	39.16336601107566	39.122864927539645	39.06670194614491	38.99948006619419	38.90693766892196	38.837569925106195	38.751137585849975	38.661909359580406	38.570660236638716	38.48673651498115	38.4820357626467	39.25321816193174
Sor-CPnd_018-Ex1-1E-lcwgs-1-2-L2-clmp.r1	38.67049707588347	38.98441623213003	39.03492191101476	39.000570520417774	38.813647188684875	38.60480162319173	38.76522154323381	38.79270754740557	38.84194563945343	39.37503927977248	39.66513886296823	39.7213605928308	39.42105523413935	39.41365835763917	39.465685539650785	39.509487929722184	39.52656812626004	39.54888134853028	39.565844366924026	39.56602259634544	39.55171959340225	39.54103279770449	39.512146536636386	39.506124260525226	39.48239707475274	39.46054748118852	39.4222882326552	39.37393107311175	39.326508247926355	39.2747455930286	39.20810980003874	39.164685331350825	39.11582983371365	39.03945970075912	38.9550283326344	38.87209659928668	38.82463455864381	39.38291551290808
Sor-CPnd_018-Ex1-1E-lcwgs-1-2-L2-clmp.r2	38.13102190149723	39.17573996179161	39.29915634226759	39.37410560423323	39.518493528341786	39.565353831658726	39.51681227432408	39.62741666972398	39.648834846302435	39.66346717965651	39.71428847915633	39.722903815999985	39.42894192123415	39.41933031655326	39.4312401387195	39.475403802618835	39.47084089412892	39.48390634679597	39.461711430896955	39.447333942907605	39.42953059521255	39.403625945404016	39.38710518760635	39.34293900338629	39.33030562025844	39.266820745016766	39.24601928474017	39.19424999332036	39.13691537087009	39.0802411321178	38.99270314910819	38.929807653216834	38.84432446807684	38.75733457026458	38.662524544185764	38.567226858109855	38.486697729500875	39.241828119926396
Sor-CPnd_018-Ex1-1E-lcwgs-1-2-L3-clmp.r1	38.67830809833181	38.97848131007087	39.0453388557097	39.04836377743658	38.86560189713299	38.58416615213127	38.821527432477474	38.8522629539978	38.9042636315453	39.354673602421684	39.65301153469972	39.71948178544694	39.411242042914985	39.393510717929566	39.463987338230794	39.50952116961793	39.515951677747005	39.54813225872017	39.572362395179766	39.57253659204561	39.54396292510959	39.54957626760181	39.54114813350392	39.519407873563054	39.498617434925954	39.474270106338544	39.43395227359617	39.392914496861486	39.3477945046817	39.30099475405045	39.23067222457766	39.190855221933276	39.13432563040601	39.055383448661914	38.993204529642426	38.91280072901662	38.86167788034241	39.38433627785514
Sor-CPnd_018-Ex1-1E-lcwgs-1-2-L3-clmp.r2	38.18346237698961	39.20254408156798	39.32862474250463	39.40739947435428	39.53963707496189	39.542310109117935	39.614359635654296	39.64650489309503	39.65719484408211	39.68858627529192	39.72223350253807	39.714129160223585	39.42554507056876	39.38368161265679	39.44916279134361	39.47316751177794	39.48529467863924	39.48342459104428	39.48381044255563	39.4614622707762	39.44862551758591	39.423826764799706	39.38892693424741	39.33588320009325	39.31496693479795	39.28332782231546	39.22591859384797	39.18383436968365	39.12414194436802	39.05882405373839	38.98214630902824	38.91052127714587	38.83598842338397	38.74675909241345	38.65029206463633	38.54919716052912	38.53180167701162	39.251931564874425
Sor-CPnd_019-Ex1-6G-lcwgs-1-2-L2-clmp.r1	38.75817132248778	39.075672133932336	39.115816646898764	39.159263056673716	39.057653514692454	38.935351378242366	39.03846095510816	39.09339044285155	39.10684222181102	39.49027024895422	39.70902387012033	39.75099299579263	39.47444632180526	39.450899391587164	39.484432868571574	39.507850034200935	39.509067920428336	39.520791212870904	39.52560904439535	39.51350679748308	39.493361270055225	39.462757829897456	39.4195393020437	39.40629186697315	39.3751649749844	39.345883702873614	39.30166916599326	39.247462021835915	39.194404108038725	39.139374106878854	39.041829836560254	38.997730129531774	38.940094241966804	38.85313562479957	38.757913508866594	38.67884325761527	38.65926495340468	39.31618845621723
Sor-CPnd_019-Ex1-6G-lcwgs-1-2-L2-clmp.r2	38.240161803560646	39.28680393982873	39.40229752562497	39.512390075805605	39.58290688256653	39.62343209194956	39.64678501117822	39.680547171471126	39.696776062537346	39.72631476768419	39.750144239957045	39.759136865670285	39.50667265265016	39.47280519106082	39.466283388391545	39.49838909554184	39.49155265023189	39.47951274488391	39.429738246903	39.41064720803907	39.37276064763241	39.32833838953701	39.318736075148514	39.257506797371505	39.23912692200095	39.161825031441936	39.14776339886406	39.09387174016227	39.03284727105962	38.97679563148534	38.87696056380522	38.8306213014594	38.73777119330317	38.66442626590204	38.55666619297008	38.48453531328903	38.42369869412681	39.23059602197127
Sor-CPnd_019-Ex1-6G-lcwgs-1-2-L3-clmp.r1	38.831205343373234	39.15785096821799	39.21587216956712	39.25335257365017	39.14597013322949	38.938252958608146	39.05140931378124	39.071553415990266	39.0416684484583	39.49495332919048	39.708449149789686	39.761555699716396	39.495626618966206	39.473268801475456	39.506836352145136	39.53112665871423	39.50949480223761	39.53804173549561	39.53821711407051	39.523461889310894	39.464562729633975	39.47274935597171	39.450347432582134	39.42047791463235	39.38882391203792	39.35390769758949	39.315666179492624	39.254990686191704	39.20016630963006	39.14555848617434	39.05566051536191	39.02602209220474	38.954454315200515	38.849079308277666	38.78653657020654	38.71555676311455	38.67440298717601	39.298672536567885
Sor-CPnd_019-Ex1-6G-lcwgs-1-2-L3-clmp.r2	38.3745802174726	39.34315851152008	39.455581526748254	39.55776143887484	39.618412109753514	39.650653591500536	39.68302245239432	39.71367351450894	39.71320221166593	39.747839877133714	39.76708104316243	39.75409710476298	39.51158431453187	39.47357258236441	39.509772449546176	39.51970617663681	39.51018107762059	39.49198502112416	39.473170192622405	39.42654477420945	39.40974890678031	39.37186692128681	39.318456067590795	39.23712735873992	39.219582467704036	39.19889863464365	39.13899898263256	39.103978395176384	39.04952841318215	38.992578633743896	38.89951185219711	38.83595252908351	38.75632270175829	38.685465975174566	38.587692281443296	38.50699327668505	38.506915092973905	39.258716091349335
Sor-CPnd_020-Ex1-2E-lcwgs-1-2-L2-clmp.r1	38.53958163586347	38.91405133059229	38.92861349317113	39.003908998584656	38.954335259597485	38.92281587729276	39.0547376327836	39.13504375550697	39.17865315682336	39.44750441678296	39.647603912046186	39.688813236634694	39.32776733525691	39.281483739746875	39.311522916186	39.3282644027161	39.31741257930353	39.318089426624425	39.30394310401088	39.27114317080533	39.2294500776366	39.165816899630855	39.10977613222484	39.04545793632193	38.98297363049627	38.931803907547945	38.860267285848195	38.77787749759187	38.691850453421736	38.59644694757693	38.50063783869298	38.39198585903769	38.29918631748122	38.197573766542014	38.06711668708346	38.02187600981746	38.06631026058072	39.071681124586135
Sor-CPnd_020-Ex1-2E-lcwgs-1-2-L2-clmp.r2	38.14310466453514	39.16708123026341	39.30786075324189	39.42514325973373	39.50996521251202	39.5539062647058	39.57345394669026	39.62461960988893	39.64438420947428	39.670787204729876	39.69722605413439	39.70211369171348	39.375602506563546	39.34210608310222	39.35178105384405	39.37491108661599	39.36743655095502	39.348943346560446	39.32403969755313	39.28984924294419	39.24674632452341	39.20394377363069	39.1493454395465	39.09601000706893	39.04494288165994	38.98634339285862	38.9235321707519	38.860342745851156	38.78354785615691	38.709019451513214	38.61673279828268	38.52853935518142	38.42292175472769	38.33294017536333	38.22635392829907	38.14863647599084	38.165830483249906	39.13370984089319
Sor-CPnd_020-Ex1-2E-lcwgs-1-2-L3-clmp.r1	38.720314003226335	39.10263535131491	39.138031352718464	39.18923500871847	39.069163479618894	38.75569464844707	38.98405951442214	39.00497924227987	38.97043243778634	39.43164832498597	39.65666707872423	39.714795758929434	39.39274005744748	39.35913976576255	39.39914795096336	39.42656541916814	39.41413730154433	39.42559570820791	39.41624372750923	39.3917756476422	39.29924438367029	39.313360297590805	39.27817068326357	39.23299874474536	39.18217443409877	39.136885600464005	39.07451242816574	38.99871260692878	38.92477724965215	38.85209457658746	38.719236379923125	38.68745586624831	38.60731240186284	38.467394217152794	38.417590533472136	38.3485534354374	38.33403785875739	39.15249798188178
Sor-CPnd_020-Ex1-2E-lcwgs-1-2-L3-clmp.r2	38.283392211497635	39.27279414192338	39.406498890131886	39.50421949513478	39.57112024121492	39.599017818546734	39.63094178701435	39.66456107806546	39.67973912916623	39.704677262944685	39.72614029255064	39.702045213209075	39.41491929942023	39.37481771246064	39.419160809269385	39.43567894315123	39.42780244705659	39.41235480299383	39.396578667361055	39.35899470936309	39.327952249363705	39.28980078751649	39.222158155357974	39.1722813931838	39.11065961246588	39.094984097496976	39.01828324534556	38.984737550064	38.92251137653432	38.8557347850046	38.73996322956513	38.67209178169613	38.585131219196626	38.48416809652373	38.36773971003571	38.271217236616366	38.285922286346405	39.15859998928016
Sor-CPnd_022-Ex1-7C-lcwgs-1-2-L2-clmp.r1	38.6738393720994	39.01256215108729	39.05197667620383	39.08858179108957	38.973049322482005	38.808815236005984	38.93316914926091	38.899802875635736	38.98404896548513	39.386812845679046	39.65419885243612	39.70748451720052	39.38374525944361	39.36499762397776	39.418911008510825	39.45954516020146	39.47512778210806	39.50298329807445	39.51801543512702	39.520587026442435	39.50744052131092	39.491147231575475	39.45931399635084	39.44778846016219	39.42618664083983	39.40090273296992	39.36221077418475	39.31195501264644	39.26455819681688	39.211363848173896	39.13653162764992	39.09979106829422	39.052529428928864	38.975120075618044	38.88903595952522	38.80655624484697	38.76399378117495	39.3481195285372
Sor-CPnd_022-Ex1-7C-lcwgs-1-2-L2-clmp.r2	37.946068895224	39.112049162092106	39.26336798100156	39.40208972521588	39.4862323377087	39.53272730094837	39.46224757992332	39.590943661753215	39.62297378401171	39.65887214855209	39.69535231452978	39.708016390813285	39.371104724258714	39.36014042208749	39.367913360750435	39.424158639394854	39.4314610368295	39.43581934077805	39.40444516505407	39.40079427162466	39.376115816712094	39.34952593340567	39.33858021467886	39.28584144594608	39.28302833479374	39.20754347523151	39.20104414439055	39.15159540342686	39.1000245402166	39.05116973933147	38.965425065663275	38.9206344580006	38.84355263412134	38.77529235723894	38.679326813242525	38.599247823869135	38.51922229996785	39.26594816462463
Sor-CPnd_022-Ex1-7C-lcwgs-1-2-L3-clmp.r1	38.74123576261976	39.09163414784853	39.135203818921276	39.17550972554276	39.04560397862393	38.82127562490791	38.95699752682703	38.95891142365088	38.94792711348553	39.405852911959165	39.65050247713385	39.71577174562283	39.394058364347025	39.373625521816294	39.43080293906424	39.47627989023883	39.46988256138337	39.52039790534758	39.535477271465695	39.535234588599714	39.49518869960649	39.50880790284934	39.49410996035985	39.470675721035505	39.44891133966821	39.424550084247855	39.38709863390007	39.33608790315227	39.294243168705805	39.24716560287215	39.171674746557436	39.14236680939416	39.086144582968444	38.99342496772856	38.93136295756391	38.85551312760838	38.80264370280189	39.347395112509076
Sor-CPnd_022-Ex1-7C-lcwgs-1-2-L3-clmp.r2	38.15298341342231	39.16923410855661	39.31167524593099	39.44731476156299	39.51568270505868	39.55195168361131	39.597226117086755	39.62434546471411	39.645898984905884	39.67930345562944	39.71192493975503	39.703882770650836	39.3870133861873	39.34963339290911	39.40919390493046	39.43995244272029	39.44942736249917	39.44717481347609	39.44766084547064	39.42208118301811	39.40996002588746	39.382975236182375	39.34009741647806	39.27880513061742	39.26738338129129	39.25156693816403	39.19556242905358	39.16797563841179	39.117963710635	39.064989498408224	38.9885583216476	38.932554482042704	38.86427776446513	38.79170907183122	38.70295354241238	38.619463583714584	38.60051414843993	39.28776476848354
Sor-CPnd_024-Ex1-5G-lcwgs-1-2-L2-clmp.r1	38.713715505695454	39.063706886263276	39.131267321743515	39.173462757422655	39.086775138905466	39.01822280569148	39.11669119889671	39.166890771903304	39.18617708291894	39.51282120645529	39.7061574571349	39.73624855790269	39.45905610587315	39.42814044969808	39.44992203131743	39.46195958011246	39.452010726743225	39.45167805988329	39.4383689679192	39.40681005385165	39.369217679126095	39.31582456974217	39.26971748987562	39.2136007581595	39.148365601361476	39.09354251591367	39.01987238653713	38.95638495424546	38.87310820096165	38.79836035277076	38.69023664206069	38.6012559817463	38.53392003285482	38.41803770298293	38.29817266191368	38.23933092648441	38.25250331125655	39.146035006446255
Sor-CPnd_024-Ex1-5G-lcwgs-1-2-L2-clmp.r2	38.43908183156304	39.32559971356964	39.428306215273636	39.533267030008886	39.595029902799325	39.63431329646868	39.65476654599462	39.68684144222991	39.707724337298274	39.7280937794221	39.75308323719351	39.751856890904506	39.49760326742783	39.46834274789525	39.459817357477064	39.48099018481409	39.46567737054113	39.44102253899963	39.40182877671215	39.37275856298174	39.29170560845096	39.26508127542153	39.216659072749806	39.1453380488227	39.09033496014117	39.01759561662671	38.94865300928866	38.885698051235856	38.81359103539969	38.74363538767493	38.64614466219612	38.562448996638246	38.46351105068094	38.38127618220452	38.25681391538772	38.18189326450034	38.18601488295694	39.13758345333159
Sor-CPnd_024-Ex1-5G-lcwgs-1-2-L3-clmp.r1	38.80016458336289	39.17945545608036	39.23614023637576	39.27406251330146	39.11694782991161	38.888818263077994	39.0282033455825	39.04062087654829	39.001728125310365	39.465478639633375	39.68357429661894	39.73907748187455	39.462533164966445	39.43027497701801	39.47129088628138	39.493677783362465	39.46968945271861	39.49188616337135	39.48293111927451	39.45807065386559	39.37398734686052	39.381536546709604	39.35573904867163	39.303776200956996	39.258966647922094	39.211893333938654	39.155518182060526	39.079868564810184	39.01689371206441	38.959020593217566	38.838313227720384	38.79562449232646	38.72185602242275	38.59036523502325	38.53608086903778	38.45291293266431	38.40838405078805	39.169494313633024
Sor-CPnd_024-Ex1-5G-lcwgs-1-2-L3-clmp.r2	38.44954526751891	39.34848824505895	39.455297172287565	39.56702089924944	39.616656971382355	39.64574282430726	39.68661057589989	39.71481675912657	39.717773584370256	39.73967565726933	39.76174231353131	39.745757296292616	39.50092422071197	39.459405320073145	39.494476406115886	39.50624647478101	39.490131023193996	39.466680082458595	39.44949517780495	39.40018020191724	39.379074211519935	39.338375788489245	39.26122112196197	39.2051054912815	39.13661201445745	39.12119547599865	39.02716765596258	38.97876340515859	38.916708114839935	38.855320421704434	38.742706391964006	38.6631004788123	38.58620568302321	38.48616716327208	38.37211448176062	38.285994583964666	38.3044598693651	39.19214117750478
Sor-CPnd_026-Ex1-3H-lcwgs-1-2-L2-clmp.r1	38.663126540704276	39.04696207622748	39.07902505049726	39.12277400233601	39.013628693423406	38.85363439245235	38.98525821498696	39.00239092073452	39.04909030734685	39.41822412915424	39.6619929682294	39.7115757072955	39.40437667613041	39.38764095384872	39.4379320082115	39.477252424621426	39.488049490447395	39.51512747650887	39.528087264117445	39.53017702927421	39.5186633537159	39.496289088444726	39.464711229877416	39.455469306571224	39.428385802726226	39.402024048409395	39.3646375207177	39.31444659947359	39.26921621991619	39.21284670967025	39.14649397305796	39.102858167764204	39.0543677386704	38.97750885709331	38.88928887649375	38.81449718592394	38.77282201646348	39.36369478478867
Sor-CPnd_026-Ex1-3H-lcwgs-1-2-L2-clmp.r2	38.015675297826206	39.14310944361746	39.292305272047	39.42655895897738	39.50717350426463	39.54199991392092	39.514700971654754	39.60785634885181	39.638093852914594	39.66487335243893	39.699231966803154	39.713005213721004	39.3876654610648	39.38277886361284	39.39243356417088	39.44425788331519	39.45408490080068	39.45542907345384	39.43062342246999	39.42660812301911	39.401318530995994	39.374731973510706	39.36828371949882	39.32825997185351	39.311103961912806	39.26739444769126	39.233851677473865	39.19098666158984	39.13165503812214	39.08559570779452	38.99932907400109	38.95471835754891	38.87579463606322	38.81365112248386	38.72095695008528	38.64072858803547	38.56038364800058	39.285900158472984
Sor-CPnd_026-Ex1-3H-lcwgs-1-2-L3-clmp.r1	38.73243585947169	39.1214626849806	39.16279811393818	39.20392853617609	39.0763763923373	38.840489586417924	38.970615703514724	39.004324123216634	38.98160254512046	39.423944784856836	39.65614146982225	39.722480125737455	39.41450080863762	39.39629121362057	39.44930790757834	39.49078573086036	39.479210067735174	39.533576388884654	39.544430889074164	39.54273965042715	39.488761507306684	39.509672045728266	39.495561186922316	39.46579027992176	39.43763962872487	39.41337327811544	39.374809409459296	39.32549816765968	39.27913216447526	39.2276420790917	39.14722236307243	39.12051704552289	39.062064871500084	38.956045337727126	38.90272058383725	38.828143918054465	38.77360869544473	39.32905195606798
Sor-CPnd_026-Ex1-3H-lcwgs-1-2-L3-clmp.r2	38.151875811484935	39.19578141727979	39.3315262370637	39.472289925058654	39.53162038829791	39.55707918574368	39.59798941557899	39.632677311830406	39.65355382944959	39.68449617700432	39.71014023978193	39.700635520830964	39.393025215826526	39.361892970066705	39.416950335727975	39.451996445947515	39.459491626968216	39.46273780812917	39.46141476421826	39.436507151656976	39.427075209007334	39.4004565336658	39.35960407174515	39.29603472963361	39.285412513501186	39.273643263701636	39.2157563536541	39.194080348124984	39.14699777112499	39.09660096422506	39.01648890920379	38.95774665561638	38.88724467862043	38.82172393596924	38.724852744256715	38.640899154132725	38.627515021648044	39.300555534560296
Sor-CPnd_027-Ex1-3C-lcwgs-1-2-L2-clmp.r1	38.62217594421106	38.97546706880662	39.0181928436641	39.07522331135128	38.9615916444253	38.820047953594326	38.93409612262077	38.948700824626286	38.97339413306524	39.369759234657444	39.63385667380784	39.690038179359206	39.34181561404139	39.318818034094996	39.37928382447335	39.4260915334941	39.44817713250819	39.48150202273668	39.49999947270426	39.50318978052539	39.49465377550452	39.471437257639636	39.43915730305966	39.430706972518806	39.40530855742692	39.38085949290769	39.34021699707511	39.29365439303116	39.24716252152308	39.18993976838053	39.12146071108922	39.081155547278186	39.02902706474971	38.95553824378263	38.867384181788864	38.79104404640874	38.74766856255087	39.34364010472272
Sor-CPnd_027-Ex1-3C-lcwgs-1-2-L2-clmp.r2	37.789714313070746	39.01732154041945	39.186362348848434	39.33843348932215	39.435121020988674	39.47358283564524	39.458840895399725	39.55307250088766	39.584637296087514	39.61775958573201	39.66049365871563	39.67965945766959	39.30535971179969	39.299250534008756	39.321844980226956	39.37825261988043	39.400481297702974	39.41024912357243	39.39263678066371	39.39306587018251	39.36543491658167	39.34103920122851	39.33394147816021	39.29951891185823	39.28594430866334	39.24525021097295	39.21547705738918	39.16961079970715	39.12350372601442	39.07500751910719	38.99212164290903	38.95532178020958	38.87887400990418	38.82047118498492	38.72164643790976	38.65097270457248	38.56484375519345	39.286751111586476
Sor-CPnd_027-Ex1-3C-lcwgs-1-2-L3-clmp.r1	38.68995401232739	39.055181121151264	39.09321748226175	39.14450671019594	39.029194306599464	38.80328880299257	38.930283015205966	38.951201175127025	38.94770562169163	39.37763336118608	39.63020476874391	39.701045397248905	39.35882315686679	39.33975127925619	39.398319995128944	39.44868180900353	39.440140837344345	39.499905402116475	39.51119900067935	39.511598159948406	39.46305910998976	39.47809604689665	39.46341303482527	39.4318809126491	39.40692756408943	39.37641349986411	39.336209175135366	39.28661254001734	39.237014266996276	39.19171759395783	39.10756275367645	39.08280584419196	39.02330905945748	38.926229971156744	38.87346626229444	38.800951224762024	38.747017203409435	39.320131401277735
Sor-CPnd_027-Ex1-3C-lcwgs-1-2-L3-clmp.r2	37.92130203747249	39.07206846463281	39.23427562775931	39.38492560457139	39.46428140941695	39.489101677497914	39.54681610447026	39.576092130612345	39.599504779571745	39.64112822000535	39.67277615587186	39.660128422261224	39.310349984371136	39.27144817480168	39.34769929369447	39.38931067608087	39.40667949226683	39.41405831874114	39.41619696220353	39.39612329861417	39.38993371691296	39.37110055006975	39.32972325078915	39.26331532721267	39.25791284446833	39.24905231988079	39.19341510122838	39.16883529814873	39.123902276777166	39.07580600380306	38.998964870626125	38.9489209412044	38.884642497621186	38.81396658789945	38.725155514340074	38.650867549203326	38.63341164455308	39.30368467398593
Sor-CPnd_028-Ex1-3A-lcwgs-1-2-L2-clmp.r1	38.613695178532	38.96022134076807	38.98330748814134	39.02485579759055	38.902904440764885	38.75140636836373	38.88611747249661	38.91305193663789	38.93312798968611	39.364151978486454	39.630593367658754	39.69208511585923	39.32878824937243	39.3068014257525	39.36742313947467	39.41134722479467	39.43326844800937	39.461775391980964	39.481826434243274	39.48405416853802	39.47294476062781	39.444844118834915	39.41053934183978	39.39867796259044	39.368905580595445	39.342769029401026	39.29589634838274	39.24510454671049	39.19383989598328	39.129716236381434	39.06648371216198	39.01631868264905	38.963522681961116	38.88525494903901	38.79443128534567	38.721954604331366	38.68693950865406	39.324424827925206
Sor-CPnd_028-Ex1-3A-lcwgs-1-2-L2-clmp.r2	37.826638083698384	39.038982973450246	39.185800762031775	39.33873632336871	39.428657574246806	39.47319846292523	39.46481373633901	39.55455358086751	39.583478510541276	39.616944103699375	39.660068521557015	39.675005145059394	39.30337159339205	39.293284352475595	39.31811220482656	39.37641868368435	39.39265496090239	39.40647352227138	39.386755386645184	39.384527059041304	39.36014196974351	39.33478886895242	39.325511880099896	39.28837110174008	39.27148975324155	39.232377670377595	39.1982693956572	39.15157553296443	39.09988713186382	39.05331659819497	38.96684236212845	38.92515666564688	38.84727024858133	38.77592720066479	38.685177862199524	38.61085899054333	38.529338524654506	39.27150295339066
Sor-CPnd_028-Ex1-3A-lcwgs-1-2-L3-clmp.r1	38.66051837272356	39.00496817359744	39.04836753430588	39.09860350719894	38.97805620975641	38.72752269914915	38.91247509004431	38.94082100757508	38.958691693815574	39.3775956250595	39.62689968158245	39.69623456657445	39.34234339352663	39.316483751970466	39.37648674349884	39.42429613847357	39.41712092299249	39.46633331948994	39.47955700132472	39.47263341833781	39.42150204902348	39.428411136076214	39.406717138270885	39.372470503806205	39.33673225345468	39.299802226028945	39.25353216963923	39.198403639522645	39.14179261210863	39.09017584030359	38.9948794105691	38.96569559823981	38.90082347392628	38.80007446833807	38.74458724003524	38.68029908363665	38.64091384111693	39.28247376067609
Sor-CPnd_028-Ex1-3A-lcwgs-1-2-L3-clmp.r2	37.95271791029653	39.08228192082242	39.23286548163342	39.38435792957967	39.461561136477386	39.48120967964799	39.54218802295554	39.57441513419903	39.598405455779265	39.637691488087754	39.67354125150074	39.66394665815097	39.30458496712961	39.26801647605741	39.33775978905663	39.38058384284435	39.39936722443633	39.402906378698404	39.404333407841094	39.38154257546846	39.369139721632074	39.34771041588652	39.302437259024046	39.23974440856479	39.222527858253464	39.202434366843406	39.142698270706916	39.112868340348754	39.06710015520578	39.01232589595344	38.932478880878634	38.87509579329894	38.81371494482839	38.737602281476555	38.643873059133846	38.566761397289746	38.55234944414532	39.26195506304726
Sor-CPnd_029-Ex1-8E-lcwgs-1-2-L2-clmp.r1	38.70338732439665	39.00991766862908	39.05610198020956	39.0724076583587	38.93376320114524	38.76418587523329	38.90547412310031	38.921637337024166	38.9530373156977	39.41513876663108	39.67175879856897	39.72224173070721	39.41039254938004	39.39002485308144	39.43338513351598	39.463334592131	39.47288303076347	39.48656210528101	39.49285029381379	39.48257336419342	39.461394981774504	39.430373985818186	39.388702699230514	39.366427476206525	39.32907283088034	39.2888801783725	39.23732757486745	39.17481527394467	39.11827368952487	39.04861066388992	38.96365520121788	38.91334395403543	38.854253386011415	38.765547865910555	38.67132969767186	38.583358887344204	38.556026105971725	39.265023341828105
Sor-CPnd_029-Ex1-8E-lcwgs-1-2-L2-clmp.r2	37.93797625682587	39.13169781524635	39.2781691706553	39.37525033770497	39.47471022560721	39.529085798432114	39.5088524247627	39.60350910972379	39.62281171712131	39.64873709781377	39.693013252194916	39.70042001043874	39.37584454303736	39.359069276386705	39.367130415662714	39.40843658193249	39.40667980921368	39.40460638715522	39.37692300560358	39.35408062467527	39.32302852748675	39.28532571894698	39.26577797987197	39.217295401068306	39.18806898842337	39.132421039908024	39.08488745754951	39.03014166553442	38.96730553716591	38.91256363099063	38.81567122107833	38.7599490069026	38.67783614478319	38.59404693305842	38.49319460876792	38.40702112653186	38.34190170022184	39.192423658318475
Sor-CPnd_029-Ex1-8E-lcwgs-1-2-L3-clmp.r1	38.756057861072776	39.04743652011235	39.10845327762059	39.14028252115568	39.0049026183446	38.75958976098515	38.9388871328754	38.9650865115036	38.98163483999291	39.42296320851932	39.66844628783032	39.72805439701495	39.419974867592295	39.39203088112326	39.440394229704665	39.470577136173794	39.451827298618625	39.48011906262027	39.480156065622154	39.46628843502149	39.40917325383083	39.40144098502786	39.3706373950922	39.325799138688765	39.278434546088874	39.22908382722035	39.166605696146405	39.09580869797871	39.03113403715783	38.96302290874781	38.862916123690766	38.81587742981755	38.74051837939351	38.63108912364693	38.55677639184229	38.47688440647439	38.44822226399979	39.1944185577916
Sor-CPnd_029-Ex1-8E-lcwgs-1-2-L3-clmp.r2	38.110547644928936	39.18665566802608	39.333352863629706	39.4324557548845	39.51489621960276	39.5459802281447	39.60715322802392	39.638907434104524	39.648668470649305	39.679907693651884	39.71120653545391	39.697423696930926	39.39472075530851	39.3488441848663	39.406004353230585	39.42507047407449	39.42434784209821	39.41049293230982	39.39910887403295	39.361754933761816	39.335058629807676	39.29585525132588	39.23554684778827	39.15787296438306	39.12779618465945	39.086776186943055	39.01031068069308	38.966471142364185	38.90399081375524	38.84088684160655	38.74712974952553	38.67934174002156	38.59887024754607	38.51542156027979	38.41179810716186	38.32134311170729	38.32931302145171	39.18186399179516
Sor-CPnd_030-Ex1-2H-lcwgs-1-2-L2-clmp.r1	38.566330218068536	38.966020471740094	38.98958967512239	39.05343658210948	39.00780774365821	38.96668624833111	39.10934757454384	39.16227503337784	39.20473520249221	39.46855291499777	39.6627738317757	39.70090894526035	39.363269069870945	39.319403737353426	39.34624161616402	39.36260858348758	39.349950582536124	39.34442450488238	39.32751886776767	39.289364963859484	39.25035270759432	39.18638399115989	39.13822952586671	39.07011148376979	39.014637478485255	38.959959341126556	38.88559995336601	38.80358535669266	38.71163023036883	38.62149939124617	38.52314003229394	38.42057204136765	38.326018139621695	38.21777523028881	38.09298922049341	38.04902964045266	38.08742232718636	39.069683710463806
Sor-CPnd_030-Ex1-2H-lcwgs-1-2-L2-clmp.r2	38.29838184245661	39.244849132176235	39.37661949265688	39.48596350689809	39.558187805963506	39.598654205607474	39.614130841121494	39.65807209612817	39.67374454828661	39.702116599910994	39.722463729417	39.723602314196704	39.43254899866489	39.403097942897496	39.40043429675345	39.417589443312366	39.41011291345815	39.38616587540041	39.35858542735283	39.32168400800498	39.27205877841428	39.227286140732005	39.1685639406767	39.113450702959625	39.0584117396753	38.9821687790341	38.918278163227946	38.84678497096757	38.76917421585996	38.694893733221505	38.59573386388327	38.49829781771771	38.39864323246261	38.29960464890957	38.19437879423407	38.11329584744838	38.13652372506483	39.14380737658973
Sor-CPnd_030-Ex1-2H-lcwgs-1-2-L3-clmp.r1	38.772094596923	39.17174748674058	39.205383967143575	39.24456543872785	39.10155165770174	38.83359700758442	39.02004655286382	39.025030779400204	38.98410122585031	39.45074324811173	39.672248415604926	39.72396971244365	39.423075308498866	39.39250177859751	39.42582524089114	39.4522698176107	39.435952296735664	39.45028403102472	39.4382761582277	39.413105558960595	39.31764041380501	39.338217792831486	39.30495973521067	39.25725391576243	39.21131733506835	39.1639180248287	39.10214197693468	39.02434402445091	38.95164221468966	38.88020615465989	38.74437590676174	38.71016794231787	38.63635688618687	38.500582038446794	38.447143338865956	38.374587305777816	38.35029467384347	39.167940194900545
Sor-CPnd_030-Ex1-2H-lcwgs-1-2-L3-clmp.r2	38.431553819308476	39.34832569461196	39.46286892204745	39.553249145538786	39.61225161102357	39.63538080305256	39.67098465885773	39.70181105050954	39.70488742414797	39.7301613059864	39.750296202777506	39.728141926712134	39.470787921317516	39.42995818605708	39.46647792918186	39.47809531641331	39.4680675614875	39.44708875839938	39.42973952012284	39.39048352034474	39.35657997739196	39.31489277352716	39.24423493151478	39.19269797400504	39.115853211190945	39.10301936327628	39.023374258827445	38.989519085559685	38.9184689291445	38.84046600328659	38.728813731759956	38.666793279639876	38.56636865998759	38.46578679154088	38.34258976912999	38.24396424755015	38.259172434680444	39.144098025144196
Sor-CPnd_031-Ex1-5D-lcwgs-1-2-L2-clmp.r1	38.6741810036603	38.98940439301376	39.050391988480335	39.09542141346594	39.034111650596394	38.95087491306378	39.06214456826847	39.127757878135824	39.144001210304566	39.47199548965635	39.68197244815663	39.723293900478566	39.40407171707607	39.36830996188854	39.4044974639563	39.425951179490916	39.4264605985299	39.43314895326974	39.42324451727471	39.401655284273446	39.36750670291828	39.313751324612866	39.26975075976969	39.211658291893734	39.15833996194897	39.102219141065554	39.04039164362858	38.97041341668138	38.8973343625686	38.82258969483264	38.749022062219225	38.66190847277025	38.59015667798972	38.49894456722588	38.38397475187578	38.33555010912984	38.34639932376967	39.18290829742538
Sor-CPnd_031-Ex1-5D-lcwgs-1-2-L2-clmp.r2	38.15702613365376	39.18633792530723	39.304832402204234	39.43736292919827	39.51821824011702	39.55610120845428	39.58130645412325	39.6254020290016	39.64761851896597	39.67320905943445	39.70685857395211	39.711788170578934	39.39279281044258	39.371566674865974	39.38229286133476	39.41368110046682	39.410300273248986	39.399858339399266	39.37695022943395	39.360837309932876	39.285004167585484	39.277503815289	39.24010927161657	39.18856445772637	39.14339701353238	39.08403678618048	39.031593355565306	38.97385598791897	38.914266236186975	38.8554817455158	38.77706523477751	38.71160795363754	38.6301214543307	38.55335390350078	38.45718251395683	38.38329605037245	38.3665206714584	39.21420996204109
Sor-CPnd_031-Ex1-5D-lcwgs-1-2-L3-clmp.r1	38.77141515677767	39.12262203089733	39.17368465711425	39.197673931858425	39.06821964147325	38.761834833322965	38.972970771415156	38.97574938199673	38.94950418318918	39.428005362627914	39.66534305545342	39.7269042137358	39.4188888951742	39.39343772149058	39.43837398148979	39.470726340256604	39.460604243632325	39.49113330854224	39.494059960016074	39.48115317846265	39.40012441284465	39.420066988310175	39.39636357617002	39.35760127768357	39.312525956037774	39.28044576591582	39.22562675999815	39.16713147504774	39.106923166260145	39.04962543040043	38.942616892211134	38.91804827424444	38.85993958132899	38.73580128790017	38.68670040472709	38.61031765787895	38.57399706006807	39.24877749751844
Sor-CPnd_031-Ex1-5D-lcwgs-1-2-L3-clmp.r2	38.240741264516714	39.22739465660514	39.35390515841814	39.473036955747006	39.54080066071196	39.5684894699031	39.61445194282126	39.64471345578377	39.65575775403187	39.68566085338191	39.71578615106998	39.700293813179165	39.406895615429434	39.36649282739993	39.41615260600815	39.4405133456669	39.442934848067864	39.43782317957306	39.430054610190076	39.386998728828885	39.380507969658495	39.35033501599309	39.293537815024486	39.25160380280977	39.19903610220527	39.193552923515526	39.12536466029809	39.09950800871695	39.04539549019751	38.98925099033484	38.89718178815705	38.84369575386692	38.77033826143073	38.68563627021349	38.58692693692343	38.49827405122781	38.491264257325014	39.243031510423975
Sor-CPnd_033-Ex1-2F-lcwgs-1-2-L2-clmp.r1	38.526651214429016	38.91750452854444	38.95335891392844	39.016454685339205	38.972602793089344	38.92612921446797	39.05862371204301	39.139393467209445	39.1750219123118	39.447035312907815	39.64222122669991	39.684937963810604	39.33496815410685	39.296973209119045	39.32780485483625	39.34816354870065	39.33556070121008	39.34061683120018	39.331519679271864	39.30067190971629	39.253049750408664	39.19596009336017	39.15054734448307	39.092467673477536	39.03388863230394	38.97739057155942	38.90754770302574	38.83233500027044	38.750182741410825	38.657346275830776	38.563997181792374	38.464843106882036	38.37211953259045	38.268214086581175	38.13275936603016	38.09729917029124	38.12597399876707	39.1117303359504
Sor-CPnd_033-Ex1-2F-lcwgs-1-2-L2-clmp.r2	38.147959720301515	39.175836076430144	39.31205858865234	39.43503632574356	39.510706842484566	39.558754212033264	39.57372470345338	39.631471923024485	39.655129428721686	39.67906741200989	39.70602286671471	39.70852612921446	39.389993182836335	39.35817249638078	39.36886521125583	39.39457389646607	39.38564373114641	39.375831757290044	39.3498192046177	39.32236369976158	39.27974374893487	39.2381912926892	39.18920646481464	39.141681298719604	39.09197209168637	39.03834050015187	38.9734312491664	38.9083880645356	38.833634609164974	38.76560417959595	38.67381101687674	38.58863716240229	38.48677687268121	38.3844953543054	38.27784843622102	38.222932046725624	38.240126080152784	39.17971014492753
Sor-CPnd_033-Ex1-2F-lcwgs-1-2-L3-clmp.r1	38.719471880838086	39.09568641249256	39.14185997805089	39.18789615220287	39.063530121390336	38.75419839654176	38.985200264729784	38.990236832625435	38.9542905493143	39.41830757244465	39.64832357351696	39.704045506714586	39.38457831729038	39.352458303419176	39.3977442283197	39.426002129249184	39.41334971765993	39.42662630741587	39.42406124600708	39.400210118098684	39.3046038325785	39.320806239358326	39.28961902841589	39.24346779803269	39.199288530520185	39.15404618033737	39.089653125783435	39.01526835737933	38.94147923726141	38.86969162216606	38.74408280106976	38.703724436655264	38.62374505687093	38.48168796912684	38.415679971646234	38.35051276926643	38.31979959814352	39.133979002541466
Sor-CPnd_033-Ex1-2F-lcwgs-1-2-L3-clmp.r2	38.24869520051605	39.260653279382076	39.39081320633006	39.499955599118685	39.56774988062027	39.59445742960785	39.63017584424506	39.662074107584175	39.67500565482922	39.706233045984234	39.73187095260834	39.70803655951812	39.41512076201965	39.37385140748431	39.42461629362785	39.447148801341115	39.44315940539432	39.43010484551384	39.414051061264644	39.380127018020616	39.35090802730263	39.31564636453078	39.25161687519879	39.20599991010883	39.135710639483946	39.13142229557445	39.05236037313771	39.021508249323574	38.95665797811563	38.876232780270776	38.77540412036169	38.70706801975252	38.61125057261817	38.513744365127344	38.39587704640008	38.310928742817666	38.33200722013065	39.175814981450785
Sor-CPnd_034-Ex1-4G-lcwgs-1-2-L2-clmp.r1	38.83905934097116	39.1797254637676	39.22119202166022	39.25910214119344	39.143134820700176	39.023057733007015	39.12510670497405	39.15466014022393	39.16580711524137	39.55035079629696	39.75176060251362	39.782711074853104	39.559271213894704	39.538299459344046	39.56032424439631	39.57461103212803	39.564767948931	39.566476303414035	39.56117291669524	39.54414625493597	39.520966853215825	39.487679207489414	39.437239355907856	39.42101721295654	39.38295243838068	39.352608117481005	39.3011596928051	39.2372376796753	39.173509157685466	39.110316983070454	39.03697148165685	38.955938506712485	38.89168996422731	38.810536139697355	38.69864742860757	38.62897963358047	38.62177795729222	39.3140626057039
Sor-CPnd_034-Ex1-4G-lcwgs-1-2-L2-clmp.r2	38.65273885952778	39.43930762955343	39.532914789723215	39.607912129488405	39.656151054044145	39.69530025183556	39.714477588999635	39.744125610376095	39.756549498102366	39.768935551378	39.788636895683325	39.786912590595776	39.58903652206813	39.5601045890514	39.544642848326454	39.56677021469193	39.54725006765366	39.529291419276596	39.477635041619536	39.45704746216258	39.409903251351	39.35854362182861	39.351199984634235	39.29122388621795	39.253598133054275	39.19413411972367	39.14676390774977	39.08342728050593	39.01370451977151	38.952378743579324	38.84170908436747	38.7789479757345	38.6847304587788	38.60605798521583	38.49982453522159	38.416800710281436	38.366288459254754	39.21702160628335
Sor-CPnd_034-Ex1-4G-lcwgs-1-2-L3-clmp.r1	38.9114900209764	39.24249360988531	39.30437255021426	39.34117264769796	39.220820894006785	39.00213245598002	39.122960022978305	39.120401075802285	39.09156794991195	39.53855277320823	39.742860044157794	39.788945464251626	39.562678828919005	39.53877852830479	39.56505389938462	39.58157681790806	39.54522293547018	39.57251269577645	39.56489260877548	39.53825425274428	39.4712309630555	39.47710638118538	39.45301591527148	39.41732764883357	39.37674748090392	39.34193648526524	39.2823654935899	39.21796983359924	39.16188195133741	39.10768472907583	39.002665544287105	38.96446405739687	38.89435006719491	38.773598252947224	38.71698317455216	38.6510491570598	38.61860790696728	39.27775181559836
Sor-CPnd_034-Ex1-4G-lcwgs-1-2-L3-clmp.r2	38.727942136459774	39.470013607100064	39.568205226402995	39.65092711062369	39.67996913016105	39.71434954290008	39.737617974137805	39.75824622178123	39.76831953764873	39.78348869798331	39.80338465734189	39.787678176126356	39.58798745477598	39.54575494143013	39.572348757256364	39.57487472794083	39.55891511635602	39.534814008483366	39.51237644605385	39.46156014264422	39.43399716479477	39.385669418417365	39.32528377594078	39.23190553254129	39.201763855921584	39.180748521101364	39.10798542046934	39.066145958442256	39.000988239033155	38.93296173830673	38.834655828724614	38.76269637621721	38.68256809162653	38.580228554121256	38.47247544484318	38.40084680100726	38.40216896395167	39.20010104837691
Sor-CPnd_036-Ex1-5C-lcwgs-1-2-L2-clmp.r1	38.72558269159933	39.0388950760845	39.09903893828444	39.1459956121921	39.064452814861944	38.989499290842964	39.093817209237514	39.14011279539658	39.15530917194439	39.49451329574927	39.70032330647574	39.733849529083	39.436314241364	39.403089996519775	39.43042710451998	39.44848725559298	39.43896003739112	39.436756781929134	39.424080365270676	39.39285114713181	39.35176131776317	39.29507221341251	39.24270483124822	39.179803965061	39.118366163741385	39.05399235039681	38.97657290623719	38.89449336400033	38.81680903390561	38.729144343085196	38.64300901779916	38.54366343551938	38.46845170138994	38.35669196422367	38.23399717187862	38.168158864162635	38.19133175571919	39.12167113607999
Sor-CPnd_036-Ex1-5C-lcwgs-1-2-L2-clmp.r2	38.31696565044229	39.27992637297231	39.38610008998139	39.50112287698475	39.570280000907374	39.61430498829594	39.62954457319332	39.670598986548164	39.69561878137331	39.71252620856454	39.73978462798151	39.741776100813716	39.4596558238914	39.43978294127259	39.43924677896753	39.45867691129367	39.45435857331085	39.43372686059698	39.39914821213536	39.36813382776778	39.28534519084046	39.263344295485844	39.211550881788945	39.14210651918607	39.09075158107599	39.02114152581461	38.953198858429985	38.88162465045735	38.807288611987815	38.74212474058125	38.64762535304921	38.5729878389063	38.46881165791298	38.38735843738861	38.27534820628875	38.20349459339654	38.209119121845035	39.152391360386886
Sor-CPnd_036-Ex1-5C-lcwgs-1-2-L3-clmp.r1	38.81808441856173	39.160898579558975	39.21623042787347	39.24626433412692	39.12241654894468	38.86199423558868	39.00396172690898	39.00524786620437	38.97786749282931	39.44859308200995	39.68029455840036	39.73474607454733	39.43799520135393	39.411242186643214	39.45093247170114	39.47987910225671	39.46276572229661	39.48607436288711	39.48020928075812	39.45953723331634	39.37652966638	39.388942659769704	39.359871447971514	39.31760624554994	39.276612716974086	39.234608843370054	39.1760489854434	39.1080913803385	39.04478775474611	38.971938260216845	38.84937734577012	38.81873280832813	38.753390296506424	38.61869723562529	38.555651562823144	38.475130839521	38.4461365517037	39.18367522871849
Sor-CPnd_036-Ex1-5C-lcwgs-1-2-L3-clmp.r2	38.38749937608315	39.30304250876095	39.41186289383663	39.52788008724389	39.59167863232783	39.61247972995718	39.656326865105115	39.680315452360034	39.69259413599414	39.71674337458343	39.739754124525675	39.720412818212104	39.45382446520169	39.41417216169392	39.45612512788495	39.471352343567574	39.46500282578608	39.447345414989535	39.42816121874707	39.37458111196475	39.35492726748283	39.31406298324829	39.245989435857396	39.192492451276365	39.12971746587435	39.11923579776668	39.03923698393858	39.0084876501017	38.943431384539764	38.87614080818141	38.77112245200175	38.70288391154292	38.620903996354585	38.534750757490905	38.42308088422139	38.342878010403716	38.356106040019995	39.18901661656916
Sor-CPnd_037-Ex1-6C-lcwgs-1-2-L2-clmp.r1	38.69436175633941	39.01842896353418	39.056768667971724	39.08567140375276	38.97969715348952	38.81908952196893	38.94786170273696	38.923191357816194	39.00511940129733	39.41303758486443	39.675590030825084	39.724698394423	39.409374995410744	39.38963685479284	39.438349011512074	39.4729331424413	39.48636455723694	39.510088017968386	39.52048924475738	39.520813525846634	39.503242120398625	39.48519344787754	39.449072046771064	39.43587493399518	39.40897104722912	39.37883365903523	39.33414012429266	39.28479317249516	39.2355897014887	39.17486778396169	39.09223479100981	39.050045088764314	38.99768675302817	38.91571438992162	38.825779768720984	38.736588458118604	38.70355892379359	39.327872618952206
Sor-CPnd_037-Ex1-6C-lcwgs-1-2-L2-clmp.r2	37.91646535152194	39.17350746542642	39.29614840683233	39.43171121054896	39.522491735676766	39.56552055323605	39.49375788433325	39.6301548303152	39.642893122585136	39.68145457963195	39.71313524412612	39.72392416941899	39.41736161388906	39.40416538344509	39.40568543673366	39.45221074113172	39.4543979944661	39.45042337945786	39.4140323470509	39.4042271213403	39.37331137302537	39.338913207971345	39.32454382424466	39.271757941650336	39.259224907389594	39.18359263618013	39.173146415659325	39.12651571812664	39.06596057580871	39.01362168829213	38.928031550275826	38.87885976868894	38.80267094008788	38.7271246390174	38.6252419877258	38.551213226204865	38.47693629730122	39.24772775236167
Sor-CPnd_037-Ex1-6C-lcwgs-1-2-L3-clmp.r1	38.76683996191379	39.093183372596705	39.13665350934051	39.18304180095931	39.06519984086043	38.84330920908526	38.984653759672426	38.9863667451934	38.97861003205143	39.43851517413714	39.673982020804374	39.735143829094824	39.42632973183194	39.40606641099866	39.44905918067804	39.48799952990006	39.48339875025354	39.52115694394939	39.52789958985985	39.528996261642305	39.482865972233576	39.493436353394195	39.48077183322973	39.454517641011044	39.42846230647655	39.39865977074	39.35976746861067	39.30577268521451	39.25869540651297	39.20946569118251	39.12519019671119	39.09197089578951	39.03359010912339	38.93381226200524	38.873941089078066	38.7963229625771	38.744061227629985	39.319960607474215
Sor-CPnd_037-Ex1-6C-lcwgs-1-2-L3-clmp.r2	38.146674832255265	39.221727021988976	39.34705927055069	39.47852286290305	39.55321654157521	39.58320809287314	39.62621869174754	39.6518276464777	39.664380003844386	39.70133185518299	39.72824110539421	39.71898204315543	39.42729887395342	39.38918221742487	39.43919391010973	39.46496060211251	39.463306081913	39.45678271719761	39.45199240096829	39.420870753036965	39.40974445618092	39.38403753850157	39.334360959686954	39.26997380633056	39.25330794180954	39.23113219191373	39.17337912082455	39.14481114109089	39.09187747415539	39.031248634998704	38.95502486288706	38.900212620346814	38.82702511811343	38.74995282117091	38.65771344885652	38.57529989811725	38.570859736663536	39.28523455785082
Sor-CPnd_038-Ex1-2A-lcwgs-1-2-L2-clmp.r1	38.42213027705326	38.79231342163468	38.8016816337165	38.87853325743609	38.86275342741193	38.81396396013695	38.96476725317112	39.03776737494655	39.085104033032295	39.36102110113308	39.59245615376555	39.649601681067324	39.21652860731389	39.17150877153081	39.23159817195801	39.274835266651664	39.289931276330265	39.313369057133706	39.32345224174652	39.30725997095672	39.284700544787746	39.23950765260523	39.199265819065886	39.14734327560454	39.10076961954514	39.06179705047952	38.999569214352334	38.93219503341343	38.85918385747575	38.78529135471503	38.70924101007391	38.62486499268545	38.5603933205576	38.473885922515	38.3716994184452	38.34027525170883	38.3671334301717	39.20183640333688
Sor-CPnd_038-Ex1-2A-lcwgs-1-2-L2-clmp.r2	37.646788951853395	38.93276013922047	39.09733821567845	39.26928512159135	39.373946854937145	39.426046914692066	39.45672865885605	39.51934671730259	39.54169958851233	39.58447391598629	39.62638618670156	39.6418720565038	39.223459045224	39.19389417945307	39.237152092775695	39.28645918808139	39.307003119981474	39.317498788436545	39.31531788009662	39.305125074457024	39.283932758163274	39.2619303578697	39.22185818138141	39.18759076846105	39.154368354457375	39.11174965520208	39.07291212072364	39.02808865273982	38.971299871129716	38.9195962720416	38.852205068733596	38.78224522649688	38.712454374253156	38.643759379291865	38.5588066968845	38.490317163004114	38.47155184270925	39.257946578851076
Sor-CPnd_038-Ex1-2A-lcwgs-1-2-L3-clmp.r1	38.64634036117354	39.007043908435215	39.033141920594844	39.08900150037057	38.97615676160979	38.6728312414512	38.89927753240258	38.91533210009701	38.90417753782561	39.351781102561475	39.60576335118915	39.67808723841431	39.303581728017164	39.2706819105799	39.331410865966674	39.38081312079915	39.38963138633934	39.42180262204513	39.431771668588155	39.42235305234543	39.345903349089305	39.37697896282522	39.35313731303633	39.31632013118661	39.28638125379361	39.25269899300319	39.20429227835743	39.1441539549695	39.088568588966396	39.03109837392999	38.912038781064616	38.90347596216653	38.842451640380354	38.726273031330834	38.68852708907389	38.631426435571186	38.59728928877357	39.26762411426232
Sor-CPnd_038-Ex1-2A-lcwgs-1-2-L3-clmp.r2	37.837752697955516	39.06105483884574	39.2207424725384	39.35318482275743	39.44128610078393	39.47705879162926	39.52606125609337	39.56475515036846	39.57892250495604	39.62038431178785	39.65820955778234	39.639212576600244	39.264525334570585	39.226902135223185	39.30267231226585	39.346242966773616	39.36287554079357	39.36953649006001	39.37208569783705	39.355643706286926	39.34410283074534	39.32062861037814	39.27102879617566	39.238291036810935	39.19040321862852	39.187415179679455	39.12801664534809	39.11145003780983	39.058924559469936	39.01544399832135	38.92205945717147	38.87821843162082	38.80758349794134	38.72712778080752	38.64106077584104	38.55445823328163	38.53804857426742	39.25834278278879
Sor-CPnd_041-Ex1-7A-lcwgs-1-2-L2-clmp.r1	38.72558154350925	39.0488581493073	39.073144542396996	39.04590364548078	38.854963858428036	38.63746140961422	38.80067584606849	38.81103784578711	38.872874044697156	39.40733476147624	39.689148237517685	39.74361277683541	39.48018438439873	39.47817988622533	39.52812522357905	39.57336636475266	39.59359751410559	39.62079673275711	39.64331182643638	39.651132108860985	39.645433723876806	39.64247979173524	39.621834116829135	39.6257754964585	39.61252126938591	39.6012264032842	39.57752099599885	39.543432614334016	39.51464591934764	39.47871094337626	39.43011515946837	39.410035757580886	39.37881607888829	39.32446053841812	39.26040787470651	39.19877084305442	39.147865335926895	39.52668685724604
Sor-CPnd_041-Ex1-7A-lcwgs-1-2-L2-clmp.r2	38.3396710493134	39.307833815132476	39.425952913756625	39.51717620575876	39.583340633320326	39.62772455423625	39.569611348692504	39.67566954153427	39.70080936946694	39.71609660404605	39.75580056966444	39.76978150475295	39.53369435087188	39.5305675326557	39.54003692795992	39.58624714895675	39.58430847504957	39.60152691154743	39.586642593297334	39.583237808332335	39.57617112860191	39.56687445013975	39.562993208802325	39.53222561028794	39.535686161063346	39.489159625437146	39.49055518339708	39.45473133847518	39.41542399923674	39.384327907101394	39.31653728112356	39.27851176648985	39.22232358248169	39.15276695893636	39.089229882315934	39.018089662096955	38.9281627229584	39.436301085522395
Sor-CPnd_041-Ex1-7A-lcwgs-1-2-L3-clmp.r1	38.74660751265823	39.02906069122838	39.076622785696756	39.07780595601176	38.895772160610974	38.612085780523934	38.852497875364165	38.8715448891437	38.92832895109585	39.38286539510789	39.67676895793796	39.74349516624219	39.472334976475196	39.461150783613235	39.53010789285842	39.57729501049751	39.586871369193425	39.62319242984523	39.65236251501739	39.66018942304	39.63928693756141	39.65307346801428	39.65319227875738	39.63923271304002	39.628800592072835	39.61372420890116	39.586828778349876	39.557825319459326	39.52903661346592	39.500955123825825	39.452259841361375	39.428944596992665	39.394265004682396	39.33147333751243	39.296138794610876	39.243585112974	39.18954268457246	39.53926371348026
Sor-CPnd_041-Ex1-7A-lcwgs-1-2-L3-clmp.r2	38.392298710614796	39.323941890787296	39.44311215710879	39.543444999820835	39.60035211148574	39.60201936748391	39.66781175016581	39.68456408963157	39.70570024413875	39.73935880282095	39.76254488441102	39.761308978504836	39.529943606722306	39.49477173305401	39.55517370557696	39.58147303982174	39.59999983865539	39.60527671227614	39.61317399072315	39.60305051287256	39.5997315212546	39.589288087781625	39.566723260029484	39.53106931176899	39.525762581903905	39.510963733901995	39.47500983600592	39.448455536343204	39.40992651330194	39.36531661595925	39.31164005811303	39.263714747317756	39.21034955023464	39.1539823649248	39.089231351036545	39.01136375081147	38.9789600340593	39.45385354996472
Sor-CPnd_043-Ex1-1D-lcwgs-1-2-L2-clmp.r1	38.70261462127471	39.02522303926278	39.0757651863868	39.09400815576654	38.96937973538133	38.796871640458235	38.92685885875995	38.89180754440428	38.967814274695804	39.393046280361105	39.65956985056301	39.71494122889121	39.40391410918333	39.38902958882588	39.444784727705574	39.48260775415464	39.49976399302994	39.52378769731057	39.54118845143584	39.542729351601636	39.53208628604506	39.51126562296109	39.4805117702065	39.4711271432505	39.44824545274158	39.42615648096961	39.385600720755136	39.339272623256804	39.29428864024125	39.23812862111906	39.16523901673605	39.127247468521134	39.080492913335455	39.007178843940174	38.91677433597916	38.83872294625495	38.79356140091502	39.36081004337792
Sor-CPnd_043-Ex1-1D-lcwgs-1-2-L2-clmp.r2	37.9123735439889	39.07532418577288	39.22058356641405	39.31129062214939	39.46062788606081	39.50654227155574	39.437753495295844	39.57943271950074	39.60219731758174	39.63289498604261	39.678512931290825	39.69189043788067	39.350089343796576	39.33873990942402	39.35001187642554	39.4056644103926	39.420766676839456	39.428038105168405	39.401846722569154	39.398921915911764	39.37684874286169	39.350962653682664	39.34031842721221	39.29464033880672	39.292123033670585	39.221799478880214	39.216555412537204	39.16946007934771	39.11744224664462	39.0707587111526	38.98681962149334	38.93664842183746	38.861830482946125	38.78932186984554	38.69668505972899	38.61376004232782	38.53179028736144	39.26653416475752
Sor-CPnd_043-Ex1-1D-lcwgs-1-2-L3-clmp.r1	38.76327295163593	39.08286172247903	39.147779524279514	39.18446824560762	39.03412324689811	38.77513660929796	38.93539346690195	38.93910432153946	38.94309542878094	39.4060047166624	39.6536359175282	39.72164247964845	39.40620033962629	39.38997366023558	39.44803570481874	39.49324786131247	39.491413840720426	39.538458280168435	39.551518697350424	39.54927919768832	39.508854367545304	39.520364284940484	39.507832997229826	39.482155330907425	39.45623600088522	39.43237017978226	39.39577788176878	39.34529074620003	39.303730764015725	39.255929046387635	39.17859774442007	39.14848318116681	39.097013266097036	39.00295098294845	38.94478994270303	38.872420508052734	38.81698456583946	39.350763544156884
Sor-CPnd_043-Ex1-1D-lcwgs-1-2-L3-clmp.r2	38.11881048831524	39.132972660416925	39.27345675525086	39.36033506248082	39.498447533500155	39.52497515942829	39.572214892822764	39.610808888770734	39.61781852702333	39.65031165640366	39.692814345388626	39.68366836258262	39.36077083866422	39.32196704149264	39.38551702821211	39.42232789836942	39.434240435730786	39.43610519020094	39.43830313166565	39.41396375849108	39.403498753382195	39.380995911919406	39.33830424721911	39.28289119344096	39.27039151727646	39.25224135771102	39.199943291605464	39.17063101801994	39.12347439017261	39.058795461003925	38.99513261345107	38.93393062270097	38.86963529335554	38.79534602974677	38.70308610315633	38.61951250555929	38.60151880183288	39.28633256625099
Sor-CPnd_044-Ex1-8G-lcwgs-1-2-L2-clmp.r1	38.76887542689621	39.10044795591603	39.153159564147714	39.17788685235701	39.06798407673336	38.94383976984858	39.046261407974406	39.0744038658626	39.10834268475521	39.48263342122149	39.70431990073807	39.74380266827238	39.47783393699422	39.455168921219766	39.48909686529199	39.50747819833037	39.50845255832089	39.5173850696377	39.517843016414346	39.50654248337099	39.48356371816094	39.450312182740845	39.40256942472999	39.3873567438509	39.351190570834284	39.32339741057241	39.279003144027236	39.22000801699886	39.16433995482062	39.108076644780844	39.00908515640464	38.96230677113933	38.90030292210956	38.818243280265996	38.72532976026799	38.64148590830921	38.6202049796597	39.29362187709186
Sor-CPnd_044-Ex1-8G-lcwgs-1-2-L2-clmp.r2	38.16304622187351	39.23992555355856	39.3730228965383	39.45006796887117	39.53703163061427	39.587588610424326	39.613631179921356	39.65212558579435	39.66772953559166	39.692674263366456	39.72856456434538	39.7339512874551	39.47005112110624	39.440176966891855	39.43446812438897	39.46931181341286	39.46206215930842	39.44971262964594	39.404788946752205	39.38427567599483	39.343601537098614	39.30151325644377	39.29081575473127	39.23582934584762	39.20761078350594	39.154685377785185	39.11372349863725	39.05743278469395	38.99947454087419	38.94287552509348	38.84080784405376	38.791583247583446	38.707805869498955	38.63713801053321	38.5319425402325	38.460173781180664	38.39159379103479	39.2237853621608
Sor-CPnd_044-Ex1-8G-lcwgs-1-2-L3-clmp.r1	38.8333743138839	39.17267293638278	39.224565405883084	39.25799074517431	39.13535043916976	38.92593551201963	39.042983359431474	39.05986981126146	39.034499461090356	39.48220858668866	39.69962525905562	39.754822917802876	39.48593972716197	39.46471006355104	39.50015907772876	39.52868703148551	39.49741017381862	39.53208971246637	39.52974405869868	39.51445181236291	39.44837353378898	39.4581823925537	39.42779371269911	39.39280071449066	39.360490419939616	39.3225695842861	39.27353152539129	39.216550586079585	39.160989645280715	39.10830693956172	39.00847740193069	38.97684554964861	38.912438993911564	38.79839253584662	38.74387874447642	38.67625935812718	38.62983460979909	39.27581004719234
Sor-CPnd_044-Ex1-8G-lcwgs-1-2-L3-clmp.r2	38.30959850769171	39.290976082764686	39.42701795317864	39.50399976336043	39.58168224851961	39.611432279486124	39.65848842777039	39.68616786249762	39.693270747097	39.71740095802051	39.74713656876321	39.73249597435419	39.473921025240934	39.43226690153994	39.47501102425535	39.48829502052498	39.48157306756305	39.46219063293201	39.443753143795675	39.395313572275924	39.37680505809051	39.33409662946106	39.27405979054596	39.194557270919745	39.17888732599107	39.154004877340284	39.08945734249735	39.052783015316535	38.99553638421349	38.93309199382897	38.842872598310336	38.78018796704972	38.70418699998952	38.61522364112447	38.52057198180466	38.44181538346291	38.45122749681386	39.23531758136043
Sor-CPnd_045-Ex1-7B-lcwgs-1-2-L2-clmp.r1	38.688040695324084	39.01298679423258	39.05822553115034	39.10547208372636	39.004846606477116	38.882796568297174	38.99019000134753	39.01221870367875	39.041931680366524	39.41996855769663	39.65926919103445	39.71543996765935	39.390862866639715	39.37443680425587	39.42975725457341	39.4691297140837	39.492998623430395	39.521792126213846	39.54389041670252	39.548561718994115	39.54427733868211	39.525930990082784	39.494611870308034	39.49518873168249	39.47399052505183	39.456760870352774	39.42250764131741	39.38014352053138	39.34166929744017	39.29291302549409	39.22299356459224	39.193496646389846	39.151460150039384	39.08688514733018	39.00691687772844	38.935401755692894	38.89719853235515	39.41046819569528
Sor-CPnd_045-Ex1-7B-lcwgs-1-2-L2-clmp.r2	37.99006647801285	39.08687733009927	39.243821587387146	39.373612046893946	39.4639502762431	39.5108318735121	39.54061334950366	39.58573417778376	39.6109205857252	39.64775299824821	39.68481651170103	39.70359655033015	39.353890086690924	39.334843110504885	39.358403711432274	39.41421427755962	39.42912783037327	39.4395642730271	39.41130182810702	39.41234035896257	39.395108331628144	39.37183646725935	39.376923845520636	39.33038515087429	39.32466414879426	39.26341722741158	39.260130492430584	39.22381167677301	39.178664245110895	39.13891983696959	39.055158653659795	39.02129672395007	38.95650036867517	38.902747012726806	38.81503514996329	38.74407054016609	38.65754094095739	39.32957991450337
Sor-CPnd_045-Ex1-7B-lcwgs-1-2-L3-clmp.r1	38.764430204198746	39.10242006036789	39.144448320191735	39.18823473150917	39.07373265407736	38.880461170169376	38.9899152430328	39.004322239631826	38.99155524674601	39.42059934681156	39.656473513799384	39.72356176175218	39.4109371088113	39.393438656673126	39.450567327776106	39.49328747529019	39.48904829489161	39.54443392743794	39.56246762027665	39.56618974071746	39.522599245501205	39.54649741868751	39.53657818121368	39.517796661695385	39.49683100071187	39.478849743745656	39.44388530954484	39.40331167477651	39.361392857920414	39.325640835221186	39.249982829550945	39.227944533140224	39.1844150838598	39.09650716151785	39.051561752054724	38.985440288675626	38.93121785186798	39.40862094220943
Sor-CPnd_045-Ex1-7B-lcwgs-1-2-L3-clmp.r2	38.120277253457935	39.146254293405946	39.2909726656671	39.424291183643845	39.50676255390493	39.5336805565323	39.57948673228557	39.60603763288109	39.62807500696228	39.66811697755473	39.70199247792465	39.694865353726016	39.35871635249672	39.32472622339831	39.39033114384541	39.42801130457944	39.44507179006838	39.45024687209432	39.45671758895144	39.43413730512975	39.432220694789024	39.414839837362486	39.37302210116485	39.31476736001794	39.30933579869459	39.302761006942184	39.25986661646994	39.235203745563965	39.19883441510854	39.157355988306456	39.08430870846739	39.04380822134033	38.985856508781254	38.9255846081564	38.84904028566411	38.77521917147057	38.75141268720448	39.358568803441806
Sor-CPnd_046-Ex1-5A-lcwgs-1-2-L2-clmp.r1	38.7126820583772	39.059487647211895	39.12008574424615	39.137945693593146	39.05309289904697	38.9583001615434	39.07389000105634	39.12472335371305	39.145865699982735	39.509127588365786	39.700503180627166	39.741402773805746	39.46873607106879	39.44069351293622	39.473408941603196	39.494373890878855	39.488957952703075	39.49251440929968	39.49095274389323	39.469220407753824	39.43831355492391	39.397114530902975	39.35344080809523	39.30099840578983	39.25511974731476	39.20783828124245	39.14325446006556	39.083514726436285	39.021160205450414	38.94528060121063	38.867183022834425	38.77787156721379	38.71215560848603	38.62322973508643	38.51182335788187	38.47202978860808	38.487795040284446	39.25620887285078
Sor-CPnd_046-Ex1-5A-lcwgs-1-2-L2-clmp.r2	38.40074098693482	39.315360020199364	39.414486346104795	39.527324537334046	39.601278949632984	39.63133065897854	39.641110862054305	39.68866181778832	39.704058681218456	39.72847105745225	39.75742622980386	39.76268218719969	39.49753047295887	39.48763300629262	39.493094178624865	39.51820500696549	39.51720228009305	39.507219692967155	39.48030053183507	39.45448487092455	39.39302313425245	39.37972779779804	39.342347187559284	39.28949047282308	39.24533929844544	39.19256561526853	39.130428905849556	39.076059270541236	39.00813379326878	38.955608039095225	38.872905530168225	38.80397307130535	38.713271635655055	38.64271334727727	38.54364186254075	38.465785398504316	38.4463015216695	39.266255178828104
Sor-CPnd_046-Ex1-5A-lcwgs-1-2-L3-clmp.r1	38.79019085270444	39.13076805397876	39.18753807794606	39.20649720470972	39.07895789216594	38.80110899082372	38.98889667222235	39.00374941960487	38.97870855710417	39.45120091467588	39.67911516918014	39.73373055173098	39.44969255832803	39.42544698720549	39.47061777097673	39.501919864372226	39.48859258705493	39.512429189919274	39.5177891667212	39.502205016028825	39.426250550182374	39.44893133311874	39.42625703444082	39.39605295683794	39.36177687936946	39.32269091555275	39.272228097689165	39.211217843995996	39.15239624372425	39.09768542640337	38.98524598322412	38.96554626554117	38.910612224447384	38.773076759679476	38.73425094131212	38.66018344866479	38.61944884973725	39.286594776513226
Sor-CPnd_046-Ex1-5A-lcwgs-1-2-L3-clmp.r2	38.4141860646124	39.324583792952595	39.43454350749213	39.53824971617672	39.6057285334321	39.63065130397675	39.66764629312034	39.69515098324973	39.70629993746494	39.73130000456264	39.75761303949908	39.74254880015888	39.49242896366257	39.45749032397599	39.504648039145444	39.51667987729585	39.5181419101952	39.50439990499316	39.49353088457086	39.449102385180694	39.44288501383465	39.41324501057661	39.35715236193356	39.31359994787223	39.26048491012513	39.25483298778836	39.18321683735937	39.16382585392272	39.108731103621395	39.04744109773992	38.95215383827516	38.898943938849534	38.814011220285124	38.73286730254009	38.63466771639749	38.55074194621584	38.528175404600276	39.2687571209194
Sor-CPnd_049-Ex1-3B-lcwgs-1-2-L2-clmp.r1	38.692937287792596	39.06819493475442	39.10813302453174	39.16672662814142	39.06532802674282	38.944962861361574	39.043224728112186	39.07502679528403	39.10475644398474	39.46794459559733	39.689672385492315	39.73457153778697	39.449067973826814	39.43453404481282	39.477276756762805	39.5092123421731	39.519606558309626	39.53840424222391	39.550063502831634	39.54456350164393	39.53036150656449	39.50649969062776	39.47012653605212	39.46837484953995	39.43632603545443	39.40679035702602	39.372532753218465	39.32420158512251	39.27673296256951	39.222259910314584	39.14539317180632	39.105795698648805	39.05119827726263	38.97714694108045	38.88686024349208	38.8133317617674	38.7813632256114	39.370636649255026
Sor-CPnd_049-Ex1-3B-lcwgs-1-2-L2-clmp.r2	38.163451232583064	39.198479976615026	39.336661195182096	39.47012794279675	39.53927851355504	39.57734655483851	39.60378956520436	39.64372015979733	39.66768601173746	39.69391091223889	39.728121931658904	39.73770752291652	39.43862268492494	39.42274743640239	39.432242442665675	39.477344048837935	39.48653058522983	39.483419264495865	39.458550670167625	39.44726467372563	39.419340294476605	39.386382549317716	39.386076767010174	39.33982198397678	39.32081191645268	39.27641846796864	39.24382703640417	39.195689775350345	39.14216710906728	39.08841918655101	38.99878059644253	38.95540052702575	38.88317398244677	38.82243411312213	38.7287254990387	38.65868871673583	38.58260246755698	39.302031327781776
Sor-CPnd_049-Ex1-3B-lcwgs-1-2-L3-clmp.r1	38.78774958402662	39.1542410376645	39.19614562849796	39.23776660111935	39.11410906065648	38.931265126304645	39.01446452881561	39.046475571018	39.014152548782334	39.45251947511723	39.67710822870972	39.737386552715165	39.459105090001515	39.44019491226489	39.48821129180682	39.525521094193934	39.508122087995595	39.557880861091476	39.56461993967281	39.5564532467814	39.49747746423315	39.5216405831565	39.50367994414678	39.47910404724459	39.45423029731111	39.42662182087409	39.38457426277895	39.33885111801845	39.29187227307489	39.24470913192594	39.159398794469666	39.13732432288371	39.07836666725325	38.97745288366219	38.933788005722555	38.85329725585092	38.8053731606852	39.34877794947807
Sor-CPnd_049-Ex1-3B-lcwgs-1-2-L3-clmp.r2	38.25395174708819	39.24298517622145	39.38446339434276	39.498856073211314	39.575456625321436	39.58963753592497	39.63520080169415	39.662692860384205	39.679955755558915	39.71177204658902	39.73445204961428	39.72206455150507	39.43508168204507	39.40817914357338	39.463011768102334	39.4912707463714	39.4941291600402	39.48820169500319	39.48750678500178	39.45610543790242	39.45035892240155	39.41974046145751	39.37175347018556	39.29973203374402	39.29893897267036	39.27787745384158	39.22458378025681	39.19918428911119	39.15316409213966	39.10912274051085	39.02196669447212	38.97249791442083	38.91257383592033	38.83231416602469	38.74063723356894	38.67323550703129	38.66836832992439	39.31530027694526
Sor-CPnd_050-Ex1-3F-lcwgs-1-2-L2-clmp.r1	38.67734011764475	39.04563096470967	39.08339829573086	39.103215354735994	38.968164467237784	38.812545882382096	38.942915347198635	38.98495832253495	39.004658707353265	39.436112209592274	39.68296773700605	39.731398675696354	39.43626749983738	39.418899440062	39.4614607923653	39.4930350057529	39.500781639094335	39.514447740487235	39.52483452127185	39.517877894448304	39.50064679308732	39.472614806816054	39.43314868073212	39.415708794528726	39.383702901993125	39.35129011772659	39.30539685671776	39.250218285885836	39.19616468101697	39.134327099965546	39.061958678776136	39.01308657381902	38.957797104339846	38.881954589971045	38.79132873989923	38.71589251623047	38.686608919121646	39.32718700659166
Sor-CPnd_050-Ex1-3F-lcwgs-1-2-L2-clmp.r2	38.18503700017243	39.21262063646285	39.340173400556935	39.469311075064866	39.537467385434724	39.570566716468306	39.55739802108189	39.64245556830138	39.66524936784273	39.68667240056623	39.72144234075264	39.73128633807223	39.43053167291166	39.42142864026571	39.42860595623529	39.46966174794029	39.467035389629665	39.47016063188444	39.441238929317436	39.427235822352635	39.395072613552244	39.361944900947115	39.35019964744451	39.30874497275463	39.284638734025286	39.23737977106566	39.197039387819494	39.15092919437571	39.096456764968835	39.0473819021297	38.958922045277845	38.91015100992324	38.832654754794284	38.75790973369496	38.66813812257142	38.59353636530851	38.5288685050962	39.283227204423376
Sor-CPnd_050-Ex1-3F-lcwgs-1-2-L3-clmp.r1	38.72811153496799	39.08111324449882	39.143582634237795	39.18295818800876	39.054646165505616	38.78836181622636	38.97983174650153	39.00406238022913	39.021563864691345	39.448107225538564	39.67818394700392	39.73618366590034	39.44249877558956	39.4187642031896	39.46674609252917	39.49833960721848	39.47943093342579	39.515328577361245	39.519062205110046	39.50493876284483	39.447983226550576	39.44542855447487	39.42032088604502	39.382151709078016	39.344721497719036	39.30426174192111	39.25261678619749	39.19621818544019	39.1373079850398	39.07968664066398	38.98553528756413	38.94270459326954	38.88164776634291	38.77904416559407	38.71874194432321	38.644258922566664	38.609325172276094	39.27072440516266
Sor-CPnd_050-Ex1-3F-lcwgs-1-2-L3-clmp.r2	38.301635292245564	39.25844874162804	39.390649157339375	39.51042652825308	39.56834625027011	39.581243579971805	39.63543217818748	39.661696169127765	39.68000629077628	39.709141748650055	39.73545056756301	39.72152194682189	39.43980216251626	39.39877864493864	39.45400304209507	39.47697283876588	39.48045273377478	39.47244004222866	39.46484732489966	39.42967798118773	39.41075878522626	39.38252155884778	39.33065308637974	39.257343021664454	39.236099705512515	39.2122185235315	39.146905195119	39.108036292664075	39.061289368696926	38.99788540565366	38.91345397256827	38.85051694547995	38.77880350437603	38.70062180730239	38.60839486589866	38.52830190667494	38.53118115189305	39.26955849288977
Sor-CPnd_052-Ex1-6D-lcwgs-1-2-L2-clmp.r1	38.74792662094917	39.080193350332976	39.127753158550576	39.13504608884378	38.99397585390208	38.81064788453445	38.96047582501919	38.94224865694551	39.010106949223875	39.45501489532014	39.702560262091616	39.74501522541035	39.48265994933116	39.46319770448978	39.49738412455031	39.520208169371536	39.52240469673241	39.53328684990375	39.535922513459596	39.52583357078328	39.503923166379444	39.47681884251623	39.437137519637865	39.42050219644744	39.38546799718459	39.35782878600081	39.30709997813135	39.248626063639804	39.18935715065533	39.12371742501385	39.02812912449798	38.978869672624704	38.90992711366964	38.81392896607826	38.70613063793376	38.613229608215434	38.571676578807995	39.26503895146049
Sor-CPnd_052-Ex1-6D-lcwgs-1-2-L2-clmp.r2	38.20618671552002	39.335881217042555	39.43505062758399	39.537230048110644	39.60170285280453	39.64963813862138	39.56777370666535	39.69922181236023	39.7126771140214	39.736807532658304	39.76260614462902	39.76827420592677	39.52724440703422	39.514262489004565	39.50148996640427	39.534325467398006	39.52322208148023	39.51010917740105	39.465086315339484	39.44351706299584	39.409999820443865	39.37054435737498	39.34227898030308	39.288966184145686	39.27389060201856	39.18816177949337	39.16971957872248	39.1140921333945	39.04917104005392	38.9856954112543	38.885054398659534	38.82320671800262	38.730013073125974	38.63019248782814	38.52316254623131	38.419718029052994	38.36153784448423	39.21546207868956
Sor-CPnd_052-Ex1-6D-lcwgs-1-2-L3-clmp.r1	38.811087368706175	39.131068107262166	39.194452704126164	39.2265615312848	39.085377554398534	38.814925211424445	38.98846841424143	38.99400848707376	38.977458091311284	39.46895813645529	39.693830198332684	39.74963108315526	39.474804466247335	39.451935414091736	39.49516277582437	39.526524697293844	39.5132718685433	39.54105161800205	39.543741005697164	39.52661875405572	39.47792321586266	39.47865724492239	39.458259173306914	39.42385290325916	39.385511702251364	39.35380324534587	39.30062767569558	39.2393281406613	39.179480251802744	39.11143528486146	39.016263641338696	38.96585818039743	38.89351978255773	38.78067114383326	38.701758068068365	38.61133313936322	38.55236583310199	39.22960126370207
Sor-CPnd_052-Ex1-6D-lcwgs-1-2-L3-clmp.r2	38.40908417852951	39.376610587775005	39.47380142655069	39.57813585337226	39.62935444066572	39.65056610587775	39.69310741264634	39.7159370391549	39.7283052938875	39.752404731092184	39.77452649953351	39.761972853402355	39.53692984620941	39.493613811754145	39.53398562202672	39.541767799670374	39.533952307968335	39.517688673564784	39.49727578441587	39.45750144629465	39.43304506453489	39.39858119356337	39.339824117923	39.26950149929557	39.24337049483555	39.21562682245152	39.14695176609554	39.10297234321957	39.036225406425466	38.957539406064804	38.87630084282396	38.795929191606525	38.69889402675314	38.60763235648787	38.497749662411444	38.395693775259204	38.40687264138991	39.21897208972664
Sor-CPnd_053-Ex1-2C-lcwgs-1-2-L2-clmp.r1	38.45617841644732	38.829803063716774	38.86934445472007	38.94091318678713	38.90882952740034	38.888062886817956	39.00471295439994	39.056380569585734	39.11362962699486	39.382881008275824	39.60641021080837	39.65944013658675	39.25474022432478	39.209690390725925	39.25752254531273	39.292760125714956	39.2908346423693	39.306632018964095	39.30938809759836	39.289436176680894	39.25616434434117	39.199520715046674	39.15473404878172	39.09794519858955	39.05200260941388	39.004071912909524	38.94458503997979	38.87286639938306	38.800039201046395	38.72225159293029	38.638935362841885	38.55300400283518	38.47070050337798	38.38228241823988	38.2676782129813	38.22809781412214	38.260488046991334	39.14195800686743
Sor-CPnd_053-Ex1-2C-lcwgs-1-2-L2-clmp.r2	37.825715539114555	39.01755649617036	39.18167105356762	39.32576889331531	39.43403049488985	39.47824927082592	39.497101088425694	39.55444796186953	39.57562365132437	39.61832064689004	39.65257641507196	39.663155367432594	39.281108463161885	39.25022681579496	39.27934551772658	39.315631423256335	39.32061495312208	39.316944710563476	39.30266512095693	39.28185325094137	39.24355703111887	39.21477301148318	39.16953076254374	39.12728023597467	39.08972094478011	39.03161061158407	38.982701565313796	38.927098086289845	38.86327117135501	38.8060315170534	38.71853302217264	38.64609506144033	38.56229578078552	38.48518775842886	38.38533215932171	38.31831361792066	38.32906813895821	39.2019299844529
Sor-CPnd_053-Ex1-2C-lcwgs-1-2-L3-clmp.r1	38.68180232346218	39.07533026801568	39.09732817471269	39.137069688243656	39.021979681422195	38.75332090543165	38.93707854051999	38.92983269197723	38.926172015350886	39.37473664477898	39.62682604235554	39.69098994485553	39.337921589660546	39.302880105873506	39.35659378395164	39.39720316088808	39.39686906891281	39.42373670026831	39.4272146052483	39.412397895919895	39.32418693841364	39.35075604907706	39.32329932793674	39.28263098802098	39.242981256403716	39.20776058766899	39.157113928973324	39.09011875991952	39.02789545597933	38.965568294141185	38.84701692315256	38.823599520020466	38.76756180241559	38.63513564022079	38.59068797271539	38.51817384450456	38.48315117704815	39.20980016086123
Sor-CPnd_053-Ex1-2C-lcwgs-1-2-L3-clmp.r2	38.02187293338402	39.145153899427726	39.29168250529835	39.42328981832004	39.49584463734307	39.53043620893455	39.568404663587465	39.60796392437032	39.62459058221942	39.65732473794658	39.685892075129786	39.66876864836155	39.33518883988315	39.29490902802594	39.35542788635462	39.383224361483464	39.39143000563947	39.38894522845558	39.37752990096304	39.351964693300765	39.32963911388593	39.303077517935506	39.23879456937201	39.20281184769785	39.14364779143004	39.14024617862226	39.06597608896451	39.048898849359816	38.987395869159094	38.93309842463019	38.82163440888715	38.77451649415021	38.69841756053616	38.609744233125234	38.51288674558339	38.42423489768014	38.43123178330639	39.218617300738636
Sor-CPnd_054-Ex1-8F-lcwgs-1-2-L2-clmp.r1	38.63483960329523	38.996099719453504	39.05869082449152	39.06827460795027	38.90683492544679	38.74254623418686	38.8779716052941	38.893854725435595	38.947616806248746	39.405734096663096	39.65751597124451	39.71057554538612	39.412357730994685	39.39855506445821	39.44820506327172	39.47804992883086	39.4880672422606	39.50210015678095	39.51275678658193	39.50900375520873	39.486687383769905	39.46211312573973	39.42433230057951	39.407232385726026	39.36949633904787	39.34479050496475	39.28728598451357	39.23155356589261	39.17538290648959	39.117953354266106	39.04272343366585	38.982608053023746	38.925302434569275	38.8367068787708	38.752541608279316	38.6512441727078	38.61414793394429	39.2951585156058
Sor-CPnd_054-Ex1-8F-lcwgs-1-2-L2-clmp.r2	37.918863382358126	39.139748648587	39.285350828265315	39.383801290970055	39.484283797766	39.54040968497096	39.50483647228852	39.61653254484493	39.63455138479658	39.66007302917642	39.704434625201905	39.71531891687903	39.403526218552564	39.39057008881543	39.402453013378036	39.44471415870222	39.44040215566825	39.44537741022411	39.41891787526119	39.40393854838907	39.379100528301755	39.34603139821855	39.33073699990356	39.28341687347631	39.265522240389686	39.20885198124964	39.16890307233044	39.10400180422006	39.05245091639209	39.00055599448349	38.89726703423455	38.83875899743435	38.75262206426144	38.67058204935142	38.57684344416748	38.48963409035467	38.401439407161526	39.220885021292354
Sor-CPnd_054-Ex1-8F-lcwgs-1-2-L3-clmp.r1	38.68990177100742	39.037793514722324	39.11040842581126	39.114558811152655	38.981837856035014	38.71493874213988	38.92683923869525	38.94128142546259	38.96843446791627	39.41223233501257	39.654610991547734	39.71645990886465	39.415637286138534	39.39208034056417	39.44424614979983	39.48120663391992	39.46727697450749	39.49936975911751	39.502914518030785	39.49191240284263	39.43298157372717	39.435968854880414	39.40886264875227	39.3689329200683	39.317380155764376	39.27583179831352	39.20832685926886	39.14537098375559	39.08242625957857	39.01096820484702	38.91474325784779	38.87076108936445	38.802090687641595	38.68025068779316	38.606755047239346	38.543778101904266	38.505115676353135	39.212747472889134
Sor-CPnd_054-Ex1-8F-lcwgs-1-2-L3-clmp.r2	38.098709917882005	39.197619419763626	39.341632500931794	39.438413908359685	39.522066055089994	39.549031536676566	39.6174912531711	39.64470681591382	39.65600375121734	39.694158440840184	39.73017974583098	39.71784593558006	39.42790184314621	39.3868698993002	39.44530695330836	39.4674851193799	39.46266607989865	39.450440448596716	39.44206365535669	39.406495844980675	39.39296290407487	39.359404755324206	39.30668893458654	39.22815819883267	39.19842525601003	39.159870805863314	39.08304082217343	39.034072186386005	38.972404745223805	38.90908722808163	38.82160794188013	38.744323947259296	38.65539718329349	38.56409452895254	38.46415139423081	38.36985166080703	38.380165031050794	39.19760871345508
Sor-CPnd_055-Ex1-7G-lcwgs-1-2-L2-clmp.r1	38.78846456666719	39.114688241821526	39.17027472393427	39.203424050413	39.086805547854716	38.96798251158637	39.06312787995863	39.10070253802303	39.10958425096494	39.4939827762487	39.70877680907422	39.745189022871116	39.48678869226498	39.4647406160799	39.498266611303706	39.514721028127106	39.51450268812327	39.52414767311818	39.52569972520827	39.509170805357876	39.49135974244166	39.45657846431643	39.411465961853025	39.397695073314026	39.36470663360637	39.330928895760216	39.28228445987027	39.22065489846506	39.160344437855805	39.097363030766914	38.99353472176322	38.94488644963638	38.87524763462695	38.782201412361125	38.67563687831448	38.58899897514476	38.56322170941054	39.26086462006142
Sor-CPnd_055-Ex1-7G-lcwgs-1-2-L2-clmp.r2	38.42760413316803	39.32904846499545	39.445196785313755	39.54208094083762	39.6036659429113	39.64527559258857	39.65611048395503	39.68699613430356	39.712946349692864	39.734586856927834	39.75857295254487	39.763327115986414	39.52019765396805	39.49122603342982	39.48352383174023	39.51209652692218	39.50207245692693	39.48703749446828	39.433076726337575	39.41020249431587	39.37151885994543	39.32703722912307	39.3112001784308	39.24649403864123	39.22356027390868	39.140888018586395	39.11875666146474	39.05994304954699	38.98983670252261	38.93389377954792	38.822591097910205	38.758354214543154	38.66528084397856	38.58627028616419	38.467131632927675	38.380979194145894	38.32137760391349	39.19506202308644
Sor-CPnd_055-Ex1-7G-lcwgs-1-2-L3-clmp.r1	38.850770156730334	39.183301890102534	39.24704663044622	39.272381147736404	39.15529717226842	38.95032149466455	39.057707100232385	39.076258156571996	39.05397169839329	39.48349864645663	39.70013180066701	39.75099120399234	39.48795449863117	39.46481757648237	39.49915894929143	39.526994196311115	39.49758408386619	39.5366906285473	39.532934241653116	39.515752098590696	39.45265836730815	39.45872627913623	39.43939038687969	39.403063527074416	39.374803772793506	39.34422459348533	39.29201676252889	39.232449360407934	39.17405245529022	39.11938481129077	39.02132412157876	38.97741493081772	38.9058071988138	38.78636982816052	38.722813661177845	38.640506862362784	38.593126500257625	39.24819080086116
Sor-CPnd_055-Ex1-7G-lcwgs-1-2-L3-clmp.r2	38.53017695476583	39.36884664070239	39.48495358187431	39.58033228162699	39.627584395160895	39.65781847854348	39.693387565034406	39.7114743951339	39.72186370641469	39.750396346647456	39.77235712672747	39.75600916576926	39.51829978039219	39.47606626698467	39.512228550695156	39.52114108275185	39.51146410329242	39.492433304576664	39.47032802553201	39.42347917529256	39.401733894663735	39.36495157633713	39.30388878139739	39.22062635040944	39.20248798739989	39.18035138726255	39.11143511374605	39.06997125964567	39.010688903687665	38.939728819537876	38.84067306952552	38.770588107702665	38.68643094911572	38.5939832980461	38.48901954515949	38.40314051094392	38.41295576417728	39.23027541113533
Sor-CPnd_058-Ex1-2G-lcwgs-1-2-L2-clmp.r1	38.59968998030326	38.982467181812176	39.01695395935556	39.07386083301282	39.034595556384346	38.99520984603909	39.1100958419288	39.17730174084995	39.22033931228463	39.48364782073247	39.664734288256156	39.70323578202275	39.37552165281679	39.3306877292274	39.34102287820523	39.350169137475085	39.327128303018206	39.31793951596902	39.29344762403899	39.24380661083838	39.19957406276615	39.12905867639389	39.06319898390875	38.9974622828669	38.92779487743478	38.867633418132186	38.79118049246803	38.70244278035038	38.609812570853485	38.501975031053874	38.389392613895794	38.268014412413706	38.17166396480195	38.04586943270937	37.90079757454192	37.850030262294865	37.90069306223677	38.99847237229405
Sor-CPnd_058-Ex1-2G-lcwgs-1-2-L2-clmp.r2	38.35344964899399	39.26653147010719	39.39238470414098	39.50783013406992	39.57529632521766	39.61873016243012	39.63048216221256	39.67989106576069	39.692000481734866	39.71467543113328	39.73780647467201	39.73738301418399	39.45515708830122	39.42147048083366	39.41955090219765	39.42775723457491	39.405581483277984	39.377342827413585	39.33560878948734	39.28408513009826	39.22668168350325	39.16940206569835	39.09983996035352	39.03250810621215	38.96934009306334	38.88518420963521	38.80579931179128	38.72600148657203	38.63341508251294	38.536025897633245	38.42578341941665	38.32184309162141	38.19340913099169	38.07880846054182	37.958619631539094	37.878822722959974	37.92471603062286	39.03036420719805
Sor-CPnd_058-Ex1-2G-lcwgs-1-2-L3-clmp.r1	38.79360166877422	39.1677158993691	39.221899934898715	39.24498873509232	39.114929325912016	38.86751377863519	39.02547811949323	39.03532511443851	39.005375116313154	39.45604981781866	39.6746865083558	39.724780410990185	39.43054783921688	39.396103953126	39.42197769069335	39.440368903888036	39.41735259868618	39.42661620898336	39.4076657518189	39.3748605602605	39.271636137224235	39.28610070485799	39.239803762175924	39.18216337938044	39.13778431385736	39.07946083782532	39.01072820558206	38.923563720858674	38.83608254650025	38.75373163908624	38.60154663849506	38.55607287345475	38.46864336727718	38.30859107487142	38.25158813575424	38.17344334033431	38.15823756301614	39.06295210795839
Sor-CPnd_058-Ex1-2G-lcwgs-1-2-L3-clmp.r2	38.45998657073033	39.364965966685865	39.474363387857075	39.5736513638889	39.62660835954995	39.65065152408577	39.685271090599855	39.707852032625624	39.71872496923879	39.74066648715528	39.75828132615742	39.73394503543078	39.48370593307861	39.44005567975089	39.47303298235367	39.47651859945401	39.45798994840578	39.43082304762616	39.40468974839887	39.34862741576224	39.30684168439929	39.25679317490815	39.17403384313353	39.114437781253244	39.03425843064769	39.00991200344572	38.9137987968986	38.87222551224548	38.78595644579584	38.695829504819706	38.575173209019354	38.49194859278011	38.37254842165783	38.248169022830716	38.11781817282365	38.01708105524092	38.06616568106519	39.066634197608394
Sor-CPnd_063-Ex1-7D-lcwgs-1-2-L2-clmp.r1	38.74931459581543	39.0750776373161	39.1272436400138	39.13870259418426	39.004115561968696	38.833555004862134	38.964258602841994	38.930521660026976	38.99740424731014	39.4309717996173	39.685814799711416	39.731605759277265	39.45744188964522	39.44309198361985	39.48360457892393	39.51084099567605	39.518925204254785	39.53337375926647	39.54214043232355	39.53923052009509	39.52330451816724	39.49908182539319	39.46418394233459	39.450464718148034	39.420365045431865	39.39607629962738	39.35538766207324	39.30026641502363	39.25010668688198	39.18683158732197	39.107909288674854	39.06469370826397	39.007252683518566	38.92993647442871	38.829376221093696	38.73947889461461	38.697779864486726	39.31716317966727
Sor-CPnd_063-Ex1-7D-lcwgs-1-2-L2-clmp.r2	38.212531760720225	39.264613068163996	39.39039493083221	39.50205934941498	39.55784999529471	39.602023275510525	39.521597289751874	39.64954672354842	39.67815646663948	39.706841494400706	39.73540292982841	39.7431023557828	39.4687361585997	39.457486725639434	39.45743046418665	39.4976645423743	39.496393284542	39.49107363093716	39.454788498689254	39.441882517237744	39.411861421072715	39.38034609557492	39.36637509088198	39.31177165290718	39.301318515674744	39.228322101428695	39.21523526833916	39.160225402425	39.10747368205574	39.05414341927211	38.96254789251869	38.908607320130855	38.82263513297231	38.74021951373319	38.63900565497609	38.550817947257556	38.475693132058296	39.266098159570284
Sor-CPnd_063-Ex1-7D-lcwgs-1-2-L3-clmp.r1	38.794932410590555	39.13408723142498	39.19264879086777	39.221223083936046	39.069006130692536	38.82039591362123	38.97422260701071	38.9739527553448	38.96593591210332	39.441473015301895	39.674807379318686	39.73693885142511	39.449727103133	39.434258015345804	39.48347230740087	39.517771696900404	39.503726889245215	39.54668766073453	39.55341913450515	39.542144000706536	39.49654634935464	39.501037793055474	39.48947764091971	39.459547686010964	39.4310166336713	39.403766153768046	39.35520382267854	39.302926301539216	39.251429601265286	39.20014404930316	39.11914886577459	39.08458922453898	39.018918779842686	38.91473045268457	38.85680507021514	38.76873377607173	38.715845274130416	39.30537305484516
Sor-CPnd_063-Ex1-7D-lcwgs-1-2-L3-clmp.r2	38.40543901024406	39.31010172845614	39.43020071154637	39.54043886501139	39.594459795381226	39.61157288852784	39.660402922268666	39.68087229551006	39.69402756422329	39.725305621066425	39.75124323848235	39.74097950532816	39.48702660006578	39.4447880418625	39.49412520563805	39.51385781066643	39.51004972532926	39.50039989945996	39.49193428022359	39.45781040436884	39.43891182812738	39.41029268674406	39.365774049456135	39.30072989678614	39.28024278567585	39.254172092495835	39.19696547768028	39.16190523186799	39.1070146147243	39.04198728184707	38.96567197345123	38.90099309231223	38.820344246418784	38.73720158033193	38.64179912801439	38.55198464265651	38.54381428543728	39.273072354730765
Sor-CPnd_066-Ex1-8B-lcwgs-1-2-L2-clmp.r1	38.72759808188222	39.04198342460791	39.08245203354003	39.13619176852838	39.04547798867943	38.91942715963952	39.01520329994107	39.046557065085175	39.07253058554492	39.45169943721517	39.67927383996583	39.72986154736096	39.42567185481125	39.40709531851103	39.45326076772867	39.49049450380777	39.50469601741474	39.52593115968783	39.540417189785046	39.54025433901957	39.52871087600204	39.50640479275593	39.469008550287526	39.46078307218582	39.438722079070274	39.418805271925535	39.38066613803641	39.33530930086142	39.29229241932522	39.23665934978153	39.164953674763225	39.1327128166346	39.08057744205475	39.01375667539211	38.92925466990483	38.85729934127552	38.82489667150611	39.38226391889726
Sor-CPnd_066-Ex1-8B-lcwgs-1-2-L2-clmp.r2	37.88454963697404	39.09303303725409	39.248145405005054	39.34873305833825	39.46211609261892	39.51486541278997	39.54874062701043	39.59395803711893	39.610749676979886	39.64878333594633	39.690314586453155	39.70447232839387	39.37295280932893	39.35286494923785	39.366962038828895	39.421549288153095	39.43111433019067	39.43705586813142	39.410664054190306	39.4046771422132	39.37567731472673	39.34399858719905	39.34735897701936	39.302816699540394	39.28821091152143	39.247162302655894	39.21857959582751	39.175239946763874	39.12057976430172	39.078718680792285	38.99335935434174	38.95646948852415	38.88355465228125	38.82537359198434	38.74069789055312	38.66611552340102	38.5896276469244	39.29649038080341
Sor-CPnd_066-Ex1-8B-lcwgs-1-2-L3-clmp.r1	38.8104233051351	39.125996633899234	39.17299215405576	39.22283973988719	39.098879900951516	38.89919108563659	39.00914485011455	39.024615648223126	39.01134469922038	39.44480396193929	39.673833679247636	39.73571410805239	39.43934745179539	39.419510821856214	39.47044442897341	39.50804772087802	39.49367680450608	39.53998748058811	39.55280047526763	39.54926466406064	39.49222629434256	39.514843632147745	39.50007306265688	39.47546950535745	39.451349821869506	39.42636432548112	39.387609603857456	39.334182978415164	39.29627309116947	39.251608533606614	39.167494561513024	39.145858599525944	39.0969325437509	38.99884245144493	38.94762946356032	38.88067681964884	38.83518187723875	39.3616387933104
Sor-CPnd_066-Ex1-8B-lcwgs-1-2-L3-clmp.r2	38.03134508612852	39.14255906567213	39.30040376627432	39.395831893942955	39.48897726361986	39.529461672603865	39.58931912459271	39.61913039633211	39.63011029645454	39.66795378105975	39.70223218357133	39.69204047059084	39.36971614761098	39.334461271601015	39.39909681880574	39.4301555678073	39.44079681387658	39.44223900123346	39.44015704082725	39.40947761419905	39.40429675938007	39.37798081654626	39.33210646204883	39.26884845925279	39.25911527515107	39.252831483794935	39.19413164619241	39.172653859345225	39.13539323919487	39.08378776860533	39.00957790524454	38.96558452668522	38.89389479114932	38.84015198661863	38.75312370563726	38.67877292951202	38.66361851100645	39.31697430700753
Sor-CPnd_069-Ex1-6B-lcwgs-1-2-L2-clmp.r1	38.68796031390925	39.005770226891705	39.04625464375161	39.08809250186121	38.99443585264014	38.87352100804453	38.98458487970339	39.02089757847267	39.05736251617539	39.432601781938146	39.67316788798185	39.72748042708591	39.40379966098989	39.382217455566305	39.43429098396641	39.47097908455443	39.48895560680237	39.519775389717005	39.53571212681534	39.53613386373936	39.526881998222855	39.505530150300444	39.47129588126577	39.465971519813905	39.442439186350384	39.41488097359269	39.3828479938485	39.3333827016708	39.29207311988354	39.236333528299	39.165955329229014	39.13502950877299	39.08564363582758	39.01094492311218	38.92374087849053	38.8526787983192	38.821132848245234	39.38190704479656
Sor-CPnd_069-Ex1-6B-lcwgs-1-2-L2-clmp.r2	37.92675079414882	39.12761150109445	39.258581541586295	39.402412058808785	39.4939577852577	39.54426718304133	39.56441470628097	39.61215275134741	39.62797260441827	39.67208884812681	39.70310029018226	39.71919900042145	39.393084639277276	39.37568018698318	39.388452373018005	39.436947006676355	39.44631331668549	39.44804326793074	39.41316299157028	39.409963652068605	39.38952648581773	39.36047320495412	39.357427044321035	39.309356597189506	39.29912296295665	39.23364787464094	39.227959927273375	39.182803852396205	39.13427423891831	39.08968202814474	39.007534715813605	38.96376338610315	38.89409476303288	38.830683888282195	38.74295113122002	38.66570986260936	38.59384589017533	39.29852694096042
Sor-CPnd_069-Ex1-6B-lcwgs-1-2-L3-clmp.r1	38.771540586192984	39.093413739960255	39.13301893663932	39.18665058842436	39.078300500498884	38.89165800514951	38.99443543286968	39.01806258721734	39.0031227707914	39.4390606483478	39.66983583775466	39.73508267076099	39.42443946784564	39.40239565846551	39.45432765040803	39.496939776786476	39.49205436413479	39.53754485245588	39.55325271360884	39.55282717990834	39.50694220802661	39.52395403418984	39.50997975028326	39.48805022329775	39.467922502197275	39.44560070089334	39.409131192590344	39.362778959352724	39.317599815483824	39.275503868891654	39.1963892561718	39.17315424824644	39.12069772511374	39.02646694772326	38.981051939514046	38.91471093747714	38.862390793691276	39.38635822026224
Sor-CPnd_069-Ex1-6B-lcwgs-1-2-L3-clmp.r2	38.07671078934073	39.184026119821446	39.312227364536376	39.45294512779544	39.5283818359025	39.560809631221694	39.603901787066576	39.633880849125426	39.64304683462495	39.68680308508018	39.71874853313016	39.70871358260775	39.39991560078941	39.36576615144853	39.42285323319068	39.454099067368496	39.46140472629982	39.459446210095244	39.459186567612065	39.43171211840462	39.42454411925986	39.403376053083946	39.35615626174246	39.29932188051829	39.28876317507276	39.2756603272599	39.22521461597306	39.19902083834281	39.156416647473705	39.11001201478103	39.030850338497686	38.985710870009754	38.92236395050115	38.85463452500425	38.77176508458824	38.69555229353893	38.68411760478665	39.3229019351267
Sor-CPnd_072-Ex1-8C-lcwgs-1-2-L2-clmp.r1	38.63081802908517	38.899285250669955	38.962555914236326	39.018689238301064	38.915677387255734	38.766035386769914	38.87772404942869	38.8874396727665	38.91708251679868	39.332607675178416	39.61610751779453	39.67957922657733	39.29510579086767	39.27059186141249	39.33851771406311	39.38827885932315	39.417481521557036	39.456432735718124	39.481872545853335	39.49051063158828	39.48253862721108	39.46476906711503	39.4333196300373	39.42754990976753	39.404240234260804	39.37831461233902	39.340654034056364	39.29219553250391	39.24964578352534	39.19236798057766	39.12720149082953	39.09312889446085	39.04771192827874	38.97175834305061	38.88618715056274	38.80804100415447	38.76728424021159	39.352638672324815
Sor-CPnd_072-Ex1-8C-lcwgs-1-2-L2-clmp.r2	37.452796941988225	38.85822875571444	39.047470571557334	39.19144909549179	39.319370558201186	39.39128444773879	39.37017704319817	39.48494777432635	39.5080047082384	39.55649347149789	39.61112278364051	39.63541894964419	39.2030675407265	39.19152547413254	39.22187711062062	39.29150654055523	39.31537683573764	39.33309714001213	39.319026514521184	39.32219402814366	39.30147349430901	39.28021669074104	39.28147799249299	39.247649253969364	39.23556403013691	39.19877743878844	39.16735800273827	39.12674941135562	39.078718433459585	39.03781665195529	38.95264105756196	38.920047622085626	38.84632232529293	38.791643886981106	38.69082731069687	38.613931908264426	38.51838544796501	39.24981881589109
Sor-CPnd_072-Ex1-8C-lcwgs-1-2-L3-clmp.r1	38.70825815681149	38.993972152023574	39.052019865411786	39.109390418177185	38.98993359047135	38.774685987096326	38.903452248229186	38.92391449677866	38.90773381486978	39.35737741587982	39.618967818093914	39.69198220470688	39.32528345933503	39.30107829390015	39.36664546254043	39.420607985240665	39.417164909129575	39.47844110275617	39.500237819518844	39.50323400763587	39.45740393406836	39.4744542792002	39.46497547534302	39.44108406282793	39.41379157867341	39.38722362688027	39.34709949435992	39.29734962262107	39.25479888405197	39.20931313893989	39.12981677144549	39.10772389018488	39.05638160185032	38.96031337500464	38.90885101642507	38.837318623287466	38.78680674239824	39.33678167883433
Sor-CPnd_072-Ex1-8C-lcwgs-1-2-L3-clmp.r2	37.682575365892966	38.93374654365932	39.123347451013885	39.257451690029214	39.36823252435008	39.42007394878693	39.48278756322326	39.522293683342	39.53915559290446	39.58657269792078	39.63416976904857	39.62492540811383	39.224369851710975	39.18462165455013	39.262834798279044	39.313149529183676	39.33598367059994	39.34844809828486	39.35935928225211	39.33925239449369	39.34020091288414	39.323825542140256	39.28142228908028	39.224742408132045	39.21741334854569	39.208925431811295	39.15503422171791	39.130833266562725	39.08804376525158	39.04326303112468	38.96839535602345	38.91848232217848	38.859608697409065	38.792976432224904	38.70748005083091	38.62943745757595	38.60250336873694	39.27526222316671
Undetermined-L2-clmp.r1	38.60757859266669	38.892042480802516	38.91489261447245	38.85421515553711	38.61913007822681	38.34743066133136	38.5245026714112	38.50420137929917	38.59913090544099	39.18771726176285	39.58289838821797	39.656598110209245	39.20213573281548	39.21832722404215	39.29036485186346	39.3528006412806	39.38324291119335	39.39414701254779	39.44490218253213	39.45390227937446	39.43424175355007	39.43659352629086	39.41093214606314	39.39316909299017	39.38492457792158	39.36316100567378	39.32572891995062	39.27687259510947	39.23217459813419	39.17855712647669	39.111710603000134	39.07119742096394	39.01677538722538	38.95046873303133	38.86919945799725	38.779791461578	38.720882480189665	39.33802095707099
Undetermined-L2-clmp.r2	37.69813719550699	39.033001909243666	39.15951869398356	39.30698907943492	39.40734939461632	39.44269384603652	39.392560992453795	39.537566033399244	39.55942861955115	39.56907081102649	39.625137041524155	39.65048847229733	39.285843270681525	39.26022256474395	39.26821650020317	39.327609754073805	39.32241198191792	39.34356882197783	39.31587016999544	39.31037824631401	39.293413539561456	39.26867300038644	39.249500170390576	39.20735449719566	39.19562566861994	39.13063460199923	39.11583726636012	39.065101545458404	39.00397611457764	38.95087247095481	38.86233357681128	38.79732509218199	38.710571012084735	38.622040152351865	38.517730736744895	38.42120156260068	38.34115700066452	39.16472205260896
Undetermined-L3-clmp.r1	38.61507228830884	38.881223473591184	38.920794416543984	38.92235102386816	38.6968533244872	38.420042684818455	38.68045318031035	38.690996013558674	38.77697038419365	39.225834899383734	39.57769402000758	39.65803062223565	39.24717899680038	39.20466584681463	39.30295134057782	39.36180070478156	39.38057683039018	39.42375071440119	39.455419672237085	39.466565254690934	39.441380891139225	39.45291447364833	39.44643583752779	39.42960022560676	39.41018228622799	39.38776752103607	39.35066790790951	39.306523415971185	39.26426017686141	39.217902097649095	39.15571747216326	39.1162546411021	39.06237830969733	38.98503641435407	38.9303056218252	38.8604549497034	38.80825391023359	39.366719437506134
Undetermined-L3-clmp.r2	37.90168085084067	39.05753454833628	39.18812747350247	39.335532186325175	39.42804449997085	39.42099433313088	39.51009074985955	39.49056562578688	39.54305576169076	39.60862402452018	39.64255077273769	39.640944198657856	39.27715662705975	39.214777406729944	39.28587757118525	39.321740484104794	39.343290563788365	39.34437356997465	39.34692992643922	39.333025698192316	39.30756870411195	39.29790869699827	39.264835782725015	39.21852312979807	39.20071330846447	39.16678581348882	39.1130209185819	39.06768481092213	39.01135590984749	38.942433685407075	38.87356284024068	38.799358669770804	38.7285788595215	38.64776539782813	38.55255788300796	38.45726940318837	38.43194272044876	39.20620094014707
