[2025-03-12 15:23:25,610] multiqc                                            [DEBUG  ]  No MultiQC config found: /opt/conda/lib/python3.7/site-packages/multiqc_config.yaml
[2025-03-12 15:23:25,611] multiqc                                            [DEBUG  ]  No MultiQC config found: /home/hpc-0373/.multiqc_config.yaml
[2025-03-12 15:23:25,613] multiqc                                            [DEBUG  ]  No MultiQC config found: multiqc_config.yaml
[2025-03-12 15:23:25,614] multiqc                                            [DEBUG  ]  Found command line config: {'max_table_rows': 3000}
[2025-03-12 15:23:25,615] multiqc                                            [DEBUG  ]  New config 'max_table_rows': 3000
[2025-03-12 15:23:25,615] multiqc                                            [DEBUG  ]  Command used: /opt/conda/bin/multiqc -v -p -ip -f --data-dir --data-format tsv --cl-config max_table_rows: 3000 --filename fqc_clmp_report --outdir fq_fp1_clmp fq_fp1_clmp
[2025-03-12 15:23:25,776] multiqc                                            [DEBUG  ]  Could not connect to multiqc.info for version check: <urlopen error [SSL: CERTIFICATE_VERIFY_FAILED] certificate verify failed: unable to get local issuer certificate (_ssl.c:1076)>
[2025-03-12 15:23:25,779] multiqc                                            [INFO   ]  This is MultiQC v1.9
[2025-03-12 15:23:25,780] multiqc                                            [DEBUG  ]  Command     : /opt/conda/bin/multiqc -v -p -ip -f --data-dir --data-format tsv --cl-config max_table_rows: 3000 --filename fqc_clmp_report --outdir fq_fp1_clmp fq_fp1_clmp
[2025-03-12 15:23:25,780] multiqc                                            [DEBUG  ]  Working dir : /archive/carpenterlab/pire/pire_sphaeramia_orbicularis_lcwgs/2nd_sequencing_run
[2025-03-12 15:23:25,781] multiqc                                            [INFO   ]  Template    : default
[2025-03-12 15:23:25,781] multiqc                                            [DEBUG  ]  Running Python 3.7.7 (default, Jun 26 2020, 05:10:03)  [GCC 7.3.0]
[2025-03-12 15:23:25,782] multiqc                                            [INFO   ]  Searching   : /archive/carpenterlab/pire/pire_sphaeramia_orbicularis_lcwgs/2nd_sequencing_run/fq_fp1_clmp
[2025-03-12 15:23:25,783] multiqc                                            [DEBUG  ]  Analysing modules: custom_content, conpair, peddy, somalier, methylQA, mosdepth, phantompeakqualtools, qualimap, preseq, quast, qorts, rna_seqc, rockhopper, rsem, rseqc, busco, goleft_indexcov, disambiguate, supernova, deeptools, sargasso, verifybamid, mirtrace, happy, mirtop, homer, macs2, theta2, snpeff, gatk, htseq, bcftools, featureCounts, fgbio, dragen, dedup, damageprofiler, biobambam2, mtnucratio, picard, prokka, samblaster, samtools, sexdeterrmine, bamtools, jellyfish, vcftools, longranger, stacks, varscan2, bbmap, bismark, biscuit, hicexplorer, hicup, hicpro, salmon, kallisto, slamdunk, star, hisat2, tophat, bowtie2, bowtie1, snpsplit, kat, leehom, adapterRemoval, clipandmerge, cutadapt, flexbar, kaiju, kraken, malt, trimmomatic, sickle, skewer, sortmerna, biobloomtools, fastq_screen, afterqc, fastp, fastqc, pycoqc, minionqc, multivcfanalyzer, clusterflow, bcl2fastq, interop, ivar, flash, seqyclean
[2025-03-12 15:23:25,784] multiqc                                            [DEBUG  ]  Using temporary directory for creating report: /tmp/tmpuex8cpo1
[2025-03-12 15:23:26,129] multiqc                                            [DEBUG  ]  File ignored by hicexplorer because it exceeded search pattern filesize limit: Sor-CPnd_004-Ex1-1G-lcwgs-1-2-L3-clmp.r1_fastqc.html
[2025-03-12 15:23:26,152] multiqc                                            [DEBUG  ]  File ignored by longranger/invocation because it exceeded search pattern filesize limit: Sor-CPnd_004-Ex1-1G-lcwgs-1-2-L3-clmp.r1_fastqc.html
[2025-03-12 15:23:26,276] multiqc                                            [DEBUG  ]  Ignoring file as matched an ignore pattern: Sor-ACeb_002-Ex1-9E-lcwgs-1-2-L2-clmp.r2.fq.gz
[2025-03-12 15:23:26,277] multiqc                                            [DEBUG  ]  Ignoring file as matched an ignore pattern: Sor-ACeb_022-Ex1-5G-lcwgs-1-2-L3-clmp.r1.fq.gz
[2025-03-12 15:23:26,316] multiqc                                            [DEBUG  ]  File ignored by hicexplorer because it exceeded search pattern filesize limit: Sor-CPnd_053-Ex1-2C-lcwgs-1-2-L3-clmp.r2_fastqc.html
[2025-03-12 15:23:26,332] multiqc                                            [DEBUG  ]  File ignored by longranger/invocation because it exceeded search pattern filesize limit: Sor-CPnd_053-Ex1-2C-lcwgs-1-2-L3-clmp.r2_fastqc.html
[2025-03-12 15:23:26,495] multiqc                                            [DEBUG  ]  File ignored by hicexplorer because it exceeded search pattern filesize limit: Sor-CPnd_055-Ex1-7G-lcwgs-1-2-L3-clmp.r1_fastqc.html
[2025-03-12 15:23:26,511] multiqc                                            [DEBUG  ]  File ignored by longranger/invocation because it exceeded search pattern filesize limit: Sor-CPnd_055-Ex1-7G-lcwgs-1-2-L3-clmp.r1_fastqc.html
[2025-03-12 15:23:26,634] multiqc                                            [DEBUG  ]  Ignoring file as matched an ignore pattern: Undetermined-L3-clmp.r1.fq.gz
[2025-03-12 15:23:26,637] multiqc                                            [DEBUG  ]  Ignoring file as matched an ignore pattern: Sor-CPnd_037-Ex1-6C-lcwgs-1-2-L3-clmp.r2.fq.gz
[2025-03-12 15:23:26,639] multiqc                                            [DEBUG  ]  Ignoring file as matched an ignore pattern: Sor-CPnd_050-Ex1-3F-lcwgs-1-2-L3-clmp.r2.fq.gz
[2025-03-12 15:23:26,640] multiqc                                            [DEBUG  ]  Ignoring file as matched an ignore pattern: Sor-CPnd_016-Ex1-1B-lcwgs-1-2-L2-clmp.r1.fq.gz
[2025-03-12 15:23:26,704] multiqc                                            [DEBUG  ]  File ignored by hicexplorer because it exceeded search pattern filesize limit: Sor-CPnd_028-Ex1-3A-lcwgs-1-2-L3-clmp.r2_fastqc.html
[2025-03-12 15:23:26,722] multiqc                                            [DEBUG  ]  File ignored by longranger/invocation because it exceeded search pattern filesize limit: Sor-CPnd_028-Ex1-3A-lcwgs-1-2-L3-clmp.r2_fastqc.html
[2025-03-12 15:23:26,843] multiqc                                            [DEBUG  ]  Ignoring file as matched an ignore pattern: Sor-ACeb_007-Ex1-2F-lcwgs-1-2-L3-clmp.r1.fq.gz
[2025-03-12 15:23:26,881] multiqc                                            [DEBUG  ]  File ignored by hicexplorer because it exceeded search pattern filesize limit: Sor-CPnd_033-Ex1-2F-lcwgs-1-2-L3-clmp.r2_fastqc.html
[2025-03-12 15:23:26,897] multiqc                                            [DEBUG  ]  File ignored by longranger/invocation because it exceeded search pattern filesize limit: Sor-CPnd_033-Ex1-2F-lcwgs-1-2-L3-clmp.r2_fastqc.html
[2025-03-12 15:23:27,004] multiqc                                            [DEBUG  ]  Ignoring file as matched an ignore pattern: Sor-ACeb_012-Ex1-7F-lcwgs-1-2-L3-clmp.r2.fq.gz
[2025-03-12 15:23:27,005] multiqc                                            [DEBUG  ]  Ignoring file as matched an ignore pattern: Sor-CPnd_009-Ex1-6A-lcwgs-1-2-L2-clmp.r1.fq.gz
[2025-03-12 15:23:27,006] multiqc                                            [DEBUG  ]  Ignoring file as matched an ignore pattern: Sor-ACeb_005-Ex1-12E-lcwgs-1-2-L2-clmp.r2.fq.gz
[2025-03-12 15:23:27,041] multiqc                                            [DEBUG  ]  File ignored by hicexplorer because it exceeded search pattern filesize limit: Sor-ACeb_011-Ex1-6F-lcwgs-1-2-L3-clmp.r2_fastqc.html
[2025-03-12 15:23:27,058] multiqc                                            [DEBUG  ]  File ignored by longranger/invocation because it exceeded search pattern filesize limit: Sor-ACeb_011-Ex1-6F-lcwgs-1-2-L3-clmp.r2_fastqc.html
[2025-03-12 15:23:27,190] multiqc                                            [DEBUG  ]  File ignored by hicexplorer because it exceeded search pattern filesize limit: Sor-ACeb_005-Ex1-12E-lcwgs-1-2-L2-clmp.r1_fastqc.html
[2025-03-12 15:23:27,204] multiqc                                            [DEBUG  ]  File ignored by longranger/invocation because it exceeded search pattern filesize limit: Sor-ACeb_005-Ex1-12E-lcwgs-1-2-L2-clmp.r1_fastqc.html
[2025-03-12 15:23:27,367] multiqc                                            [DEBUG  ]  File ignored by hicexplorer because it exceeded search pattern filesize limit: Sor-CPnd_063-Ex1-7D-lcwgs-1-2-L2-clmp.r2_fastqc.html
[2025-03-12 15:23:27,386] multiqc                                            [DEBUG  ]  File ignored by longranger/invocation because it exceeded search pattern filesize limit: Sor-CPnd_063-Ex1-7D-lcwgs-1-2-L2-clmp.r2_fastqc.html
[2025-03-12 15:23:27,540] multiqc                                            [DEBUG  ]  File ignored by hicexplorer because it exceeded search pattern filesize limit: Sor-CPnd_036-Ex1-5C-lcwgs-1-2-L2-clmp.r2_fastqc.html
[2025-03-12 15:23:27,557] multiqc                                            [DEBUG  ]  File ignored by longranger/invocation because it exceeded search pattern filesize limit: Sor-CPnd_036-Ex1-5C-lcwgs-1-2-L2-clmp.r2_fastqc.html
[2025-03-12 15:23:27,670] multiqc                                            [DEBUG  ]  Ignoring file as matched an ignore pattern: Sor-CPnd_007-Ex1-1C-lcwgs-1-2-L2-clmp.r1.fq.gz
[2025-03-12 15:23:27,704] multiqc                                            [DEBUG  ]  File ignored by hicexplorer because it exceeded search pattern filesize limit: Sor-ACeb_020-Ex1-2G-lcwgs-1-2-L2-clmp.r2_fastqc.html
[2025-03-12 15:23:27,720] multiqc                                            [DEBUG  ]  File ignored by longranger/invocation because it exceeded search pattern filesize limit: Sor-ACeb_020-Ex1-2G-lcwgs-1-2-L2-clmp.r2_fastqc.html
[2025-03-12 15:23:27,825] multiqc                                            [DEBUG  ]  Ignoring file as matched an ignore pattern: Sor-CPnd_010-Ex1-1H-lcwgs-1-2-L2-clmp.r2.fq.gz
[2025-03-12 15:23:27,887] multiqc                                            [DEBUG  ]  File ignored by hicexplorer because it exceeded search pattern filesize limit: Sor-CPnd_014-Ex1-1F-lcwgs-1-2-L3-clmp.r2_fastqc.html
[2025-03-12 15:23:27,904] multiqc                                            [DEBUG  ]  File ignored by longranger/invocation because it exceeded search pattern filesize limit: Sor-CPnd_014-Ex1-1F-lcwgs-1-2-L3-clmp.r2_fastqc.html
[2025-03-12 15:23:28,072] multiqc                                            [DEBUG  ]  File ignored by hicexplorer because it exceeded search pattern filesize limit: Sor-CPnd_019-Ex1-6G-lcwgs-1-2-L2-clmp.r2_fastqc.html
[2025-03-12 15:23:28,091] multiqc                                            [DEBUG  ]  File ignored by longranger/invocation because it exceeded search pattern filesize limit: Sor-CPnd_019-Ex1-6G-lcwgs-1-2-L2-clmp.r2_fastqc.html
[2025-03-12 15:23:28,210] multiqc                                            [DEBUG  ]  Ignoring file as matched an ignore pattern: Sor-CPnd_022-Ex1-7C-lcwgs-1-2-L3-clmp.r1.fq.gz
[2025-03-12 15:23:28,249] multiqc                                            [DEBUG  ]  File ignored by hicexplorer because it exceeded search pattern filesize limit: Sor-ACeb_019-Ex1-3G-lcwgs-1-2-L2-clmp.r1_fastqc.html
[2025-03-12 15:23:28,266] multiqc                                            [DEBUG  ]  File ignored by longranger/invocation because it exceeded search pattern filesize limit: Sor-ACeb_019-Ex1-3G-lcwgs-1-2-L2-clmp.r1_fastqc.html
[2025-03-12 15:23:28,428] multiqc                                            [DEBUG  ]  File ignored by hicexplorer because it exceeded search pattern filesize limit: Sor-CPnd_017-Ex1-3G-lcwgs-1-2-L2-clmp.r1_fastqc.html
[2025-03-12 15:23:28,446] multiqc                                            [DEBUG  ]  File ignored by longranger/invocation because it exceeded search pattern filesize limit: Sor-CPnd_017-Ex1-3G-lcwgs-1-2-L2-clmp.r1_fastqc.html
[2025-03-12 15:23:28,572] multiqc                                            [DEBUG  ]  Ignoring file as matched an ignore pattern: Sor-CPnd_069-Ex1-6B-lcwgs-1-2-L3-clmp.r1.fq.gz
[2025-03-12 15:23:28,576] multiqc                                            [DEBUG  ]  Ignoring file as matched an ignore pattern: Sor-CPnd_033-Ex1-2F-lcwgs-1-2-L3-clmp.r1.fq.gz
[2025-03-12 15:23:28,636] multiqc                                            [DEBUG  ]  File ignored by hicexplorer because it exceeded search pattern filesize limit: Sor-CPnd_022-Ex1-7C-lcwgs-1-2-L2-clmp.r2_fastqc.html
[2025-03-12 15:23:28,654] multiqc                                            [DEBUG  ]  File ignored by longranger/invocation because it exceeded search pattern filesize limit: Sor-CPnd_022-Ex1-7C-lcwgs-1-2-L2-clmp.r2_fastqc.html
[2025-03-12 15:23:28,835] multiqc                                            [DEBUG  ]  File ignored by hicexplorer because it exceeded search pattern filesize limit: Sor-CPnd_016-Ex1-1B-lcwgs-1-2-L3-clmp.r1_fastqc.html
[2025-03-12 15:23:28,854] multiqc                                            [DEBUG  ]  File ignored by longranger/invocation because it exceeded search pattern filesize limit: Sor-CPnd_016-Ex1-1B-lcwgs-1-2-L3-clmp.r1_fastqc.html
[2025-03-12 15:23:29,036] multiqc                                            [DEBUG  ]  File ignored by hicexplorer because it exceeded search pattern filesize limit: Sor-CPnd_066-Ex1-8B-lcwgs-1-2-L3-clmp.r2_fastqc.html
[2025-03-12 15:23:29,055] multiqc                                            [DEBUG  ]  File ignored by longranger/invocation because it exceeded search pattern filesize limit: Sor-CPnd_066-Ex1-8B-lcwgs-1-2-L3-clmp.r2_fastqc.html
[2025-03-12 15:23:29,174] multiqc                                            [DEBUG  ]  Ignoring file as matched an ignore pattern: Sor-ACeb_018-Ex1-1G-lcwgs-1-2-L3-clmp.r2.fq.gz
[2025-03-12 15:23:29,238] multiqc                                            [DEBUG  ]  File ignored by hicexplorer because it exceeded search pattern filesize limit: Sor-CPnd_015-Ex1-5F-lcwgs-1-2-L3-clmp.r1_fastqc.html
[2025-03-12 15:23:29,257] multiqc                                            [DEBUG  ]  File ignored by longranger/invocation because it exceeded search pattern filesize limit: Sor-CPnd_015-Ex1-5F-lcwgs-1-2-L3-clmp.r1_fastqc.html
[2025-03-12 15:23:29,416] multiqc                                            [DEBUG  ]  File ignored by hicexplorer because it exceeded search pattern filesize limit: Undetermined-L2-clmp.r1_fastqc.html
[2025-03-12 15:23:29,434] multiqc                                            [DEBUG  ]  File ignored by longranger/invocation because it exceeded search pattern filesize limit: Undetermined-L2-clmp.r1_fastqc.html
[2025-03-12 15:23:29,554] multiqc                                            [DEBUG  ]  Ignoring file as matched an ignore pattern: Sor-CPnd_012-Ex1-5B-lcwgs-1-2-L3-clmp.r2.fq.gz
[2025-03-12 15:23:29,556] multiqc                                            [DEBUG  ]  Ignoring file as matched an ignore pattern: Sor-ACeb_014-Ex1-9F-lcwgs-1-2-L3-clmp.r2.fq.gz
[2025-03-12 15:23:29,557] multiqc                                            [DEBUG  ]  Ignoring file as matched an ignore pattern: Sor-CPnd_003-Ex1-2B-lcwgs-1-2-L2-clmp.r2.fq.gz
[2025-03-12 15:23:29,558] multiqc                                            [DEBUG  ]  Ignoring file as matched an ignore pattern: Sor-CPnd_045-Ex1-7B-lcwgs-1-2-L3-clmp.r1.fq.gz
[2025-03-12 15:23:29,595] multiqc                                            [DEBUG  ]  File ignored by hicexplorer because it exceeded search pattern filesize limit: Sor-ACeb_006-Ex1-1F-lcwgs-1-2-L2-clmp.r2_fastqc.html
[2025-03-12 15:23:29,610] multiqc                                            [DEBUG  ]  File ignored by longranger/invocation because it exceeded search pattern filesize limit: Sor-ACeb_006-Ex1-1F-lcwgs-1-2-L2-clmp.r2_fastqc.html
[2025-03-12 15:23:29,780] multiqc                                            [DEBUG  ]  File ignored by hicexplorer because it exceeded search pattern filesize limit: Sor-CPnd_026-Ex1-3H-lcwgs-1-2-L3-clmp.r1_fastqc.html
[2025-03-12 15:23:29,797] multiqc                                            [DEBUG  ]  File ignored by longranger/invocation because it exceeded search pattern filesize limit: Sor-CPnd_026-Ex1-3H-lcwgs-1-2-L3-clmp.r1_fastqc.html
[2025-03-12 15:23:29,907] multiqc                                            [DEBUG  ]  Ignoring file as matched an ignore pattern: Sor-ACeb_008-Ex1-3F-lcwgs-1-2-L2-clmp.r1.fq.gz
[2025-03-12 15:23:29,908] multiqc                                            [DEBUG  ]  Ignoring file as matched an ignore pattern: Sor-ACeb_004-Ex1-11E-lcwgs-1-2-L2-clmp.r1.fq.gz
[2025-03-12 15:23:29,943] multiqc                                            [DEBUG  ]  File ignored by hicexplorer because it exceeded search pattern filesize limit: Sor-CPnd_043-Ex1-1D-lcwgs-1-2-L3-clmp.r2_fastqc.html
[2025-03-12 15:23:29,958] multiqc                                            [DEBUG  ]  File ignored by longranger/invocation because it exceeded search pattern filesize limit: Sor-CPnd_043-Ex1-1D-lcwgs-1-2-L3-clmp.r2_fastqc.html
[2025-03-12 15:23:30,039] multiqc                                            [DEBUG  ]  Ignoring file as matched an ignore pattern: Sor-ACeb_010-Ex1-5F-lcwgs-1-2-L2-clmp.r1.fq.gz
[2025-03-12 15:23:30,104] multiqc                                            [DEBUG  ]  File ignored by hicexplorer because it exceeded search pattern filesize limit: Sor-CPnd_027-Ex1-3C-lcwgs-1-2-L2-clmp.r1_fastqc.html
[2025-03-12 15:23:30,123] multiqc                                            [DEBUG  ]  File ignored by longranger/invocation because it exceeded search pattern filesize limit: Sor-CPnd_027-Ex1-3C-lcwgs-1-2-L2-clmp.r1_fastqc.html
[2025-03-12 15:23:30,237] multiqc                                            [DEBUG  ]  Ignoring file as matched an ignore pattern: Sor-CPnd_005-Ex1-3D-lcwgs-1-2-L2-clmp.r1.fq.gz
[2025-03-12 15:23:30,238] multiqc                                            [DEBUG  ]  Ignoring file as matched an ignore pattern: Sor-ACeb_019-Ex1-3G-lcwgs-1-2-L2-clmp.r1.fq.gz
[2025-03-12 15:23:30,301] multiqc                                            [DEBUG  ]  File ignored by hicexplorer because it exceeded search pattern filesize limit: Sor-CPnd_005-Ex1-3D-lcwgs-1-2-L2-clmp.r2_fastqc.html
[2025-03-12 15:23:30,320] multiqc                                            [DEBUG  ]  File ignored by longranger/invocation because it exceeded search pattern filesize limit: Sor-CPnd_005-Ex1-3D-lcwgs-1-2-L2-clmp.r2_fastqc.html
[2025-03-12 15:23:30,504] multiqc                                            [DEBUG  ]  File ignored by hicexplorer because it exceeded search pattern filesize limit: Sor-ACeb_002-Ex1-9E-lcwgs-1-2-L2-clmp.r2_fastqc.html
[2025-03-12 15:23:30,524] multiqc                                            [DEBUG  ]  File ignored by longranger/invocation because it exceeded search pattern filesize limit: Sor-ACeb_002-Ex1-9E-lcwgs-1-2-L2-clmp.r2_fastqc.html
[2025-03-12 15:23:30,647] multiqc                                            [DEBUG  ]  Ignoring file as matched an ignore pattern: Sor-CPnd_027-Ex1-3C-lcwgs-1-2-L3-clmp.r1.fq.gz
[2025-03-12 15:23:30,712] multiqc                                            [DEBUG  ]  File ignored by hicexplorer because it exceeded search pattern filesize limit: Sor-CPnd_003-Ex1-2B-lcwgs-1-2-L3-clmp.r2_fastqc.html
[2025-03-12 15:23:30,731] multiqc                                            [DEBUG  ]  File ignored by longranger/invocation because it exceeded search pattern filesize limit: Sor-CPnd_003-Ex1-2B-lcwgs-1-2-L3-clmp.r2_fastqc.html
[2025-03-12 15:23:30,917] multiqc                                            [DEBUG  ]  File ignored by hicexplorer because it exceeded search pattern filesize limit: Sor-CPnd_038-Ex1-2A-lcwgs-1-2-L3-clmp.r2_fastqc.html
[2025-03-12 15:23:30,936] multiqc                                            [DEBUG  ]  File ignored by longranger/invocation because it exceeded search pattern filesize limit: Sor-CPnd_038-Ex1-2A-lcwgs-1-2-L3-clmp.r2_fastqc.html
[2025-03-12 15:23:31,093] multiqc                                            [DEBUG  ]  File ignored by hicexplorer because it exceeded search pattern filesize limit: Sor-CPnd_072-Ex1-8C-lcwgs-1-2-L3-clmp.r1_fastqc.html
[2025-03-12 15:23:31,111] multiqc                                            [DEBUG  ]  File ignored by longranger/invocation because it exceeded search pattern filesize limit: Sor-CPnd_072-Ex1-8C-lcwgs-1-2-L3-clmp.r1_fastqc.html
[2025-03-12 15:23:31,288] multiqc                                            [DEBUG  ]  File ignored by hicexplorer because it exceeded search pattern filesize limit: Sor-ACeb_022-Ex1-5G-lcwgs-1-2-L3-clmp.r1_fastqc.html
[2025-03-12 15:23:31,306] multiqc                                            [DEBUG  ]  File ignored by longranger/invocation because it exceeded search pattern filesize limit: Sor-ACeb_022-Ex1-5G-lcwgs-1-2-L3-clmp.r1_fastqc.html
[2025-03-12 15:23:31,486] multiqc                                            [DEBUG  ]  File ignored by hicexplorer because it exceeded search pattern filesize limit: Sor-CPnd_013-Ex1-7F-lcwgs-1-2-L2-clmp.r2_fastqc.html
[2025-03-12 15:23:31,505] multiqc                                            [DEBUG  ]  File ignored by longranger/invocation because it exceeded search pattern filesize limit: Sor-CPnd_013-Ex1-7F-lcwgs-1-2-L2-clmp.r2_fastqc.html
[2025-03-12 15:23:31,624] multiqc                                            [DEBUG  ]  Ignoring file as matched an ignore pattern: Sor-CPnd_020-Ex1-2E-lcwgs-1-2-L2-clmp.r1.fq.gz
[2025-03-12 15:23:31,684] multiqc                                            [DEBUG  ]  File ignored by hicexplorer because it exceeded search pattern filesize limit: Sor-ACeb_017-Ex1-12F-lcwgs-1-2-L3-clmp.r2_fastqc.html
[2025-03-12 15:23:31,703] multiqc                                            [DEBUG  ]  File ignored by longranger/invocation because it exceeded search pattern filesize limit: Sor-ACeb_017-Ex1-12F-lcwgs-1-2-L3-clmp.r2_fastqc.html
[2025-03-12 15:23:31,883] multiqc                                            [DEBUG  ]  File ignored by hicexplorer because it exceeded search pattern filesize limit: Sor-CPnd_058-Ex1-2G-lcwgs-1-2-L2-clmp.r2_fastqc.html
[2025-03-12 15:23:31,902] multiqc                                            [DEBUG  ]  File ignored by longranger/invocation because it exceeded search pattern filesize limit: Sor-CPnd_058-Ex1-2G-lcwgs-1-2-L2-clmp.r2_fastqc.html
[2025-03-12 15:23:32,065] multiqc                                            [DEBUG  ]  File ignored by hicexplorer because it exceeded search pattern filesize limit: Sor-CPnd_046-Ex1-5A-lcwgs-1-2-L2-clmp.r2_fastqc.html
[2025-03-12 15:23:32,083] multiqc                                            [DEBUG  ]  File ignored by longranger/invocation because it exceeded search pattern filesize limit: Sor-CPnd_046-Ex1-5A-lcwgs-1-2-L2-clmp.r2_fastqc.html
[2025-03-12 15:23:32,258] multiqc                                            [DEBUG  ]  File ignored by hicexplorer because it exceeded search pattern filesize limit: Sor-ACeb_014-Ex1-9F-lcwgs-1-2-L2-clmp.r1_fastqc.html
[2025-03-12 15:23:32,276] multiqc                                            [DEBUG  ]  File ignored by longranger/invocation because it exceeded search pattern filesize limit: Sor-ACeb_014-Ex1-9F-lcwgs-1-2-L2-clmp.r1_fastqc.html
[2025-03-12 15:23:32,391] multiqc                                            [DEBUG  ]  Ignoring file as matched an ignore pattern: Sor-CPnd_019-Ex1-6G-lcwgs-1-2-L2-clmp.r1.fq.gz
[2025-03-12 15:23:32,392] multiqc                                            [DEBUG  ]  Ignoring file as matched an ignore pattern: Sor-CPnd_017-Ex1-3G-lcwgs-1-2-L2-clmp.r2.fq.gz
[2025-03-12 15:23:32,428] multiqc                                            [DEBUG  ]  File ignored by hicexplorer because it exceeded search pattern filesize limit: Sor-CPnd_029-Ex1-8E-lcwgs-1-2-L3-clmp.r1_fastqc.html
[2025-03-12 15:23:32,445] multiqc                                            [DEBUG  ]  File ignored by longranger/invocation because it exceeded search pattern filesize limit: Sor-CPnd_029-Ex1-8E-lcwgs-1-2-L3-clmp.r1_fastqc.html
[2025-03-12 15:23:32,613] multiqc                                            [DEBUG  ]  File ignored by hicexplorer because it exceeded search pattern filesize limit: Sor-ACeb_018-Ex1-1G-lcwgs-1-2-L2-clmp.r2_fastqc.html
[2025-03-12 15:23:32,629] multiqc                                            [DEBUG  ]  File ignored by longranger/invocation because it exceeded search pattern filesize limit: Sor-ACeb_018-Ex1-1G-lcwgs-1-2-L2-clmp.r2_fastqc.html
[2025-03-12 15:23:32,732] multiqc                                            [DEBUG  ]  Ignoring file as matched an ignore pattern: Sor-CPnd_038-Ex1-2A-lcwgs-1-2-L3-clmp.r1.fq.gz
[2025-03-12 15:23:32,733] multiqc                                            [DEBUG  ]  Ignoring file as matched an ignore pattern: Sor-CPnd_013-Ex1-7F-lcwgs-1-2-L3-clmp.r1.fq.gz
[2025-03-12 15:23:32,790] multiqc                                            [DEBUG  ]  File ignored by hicexplorer because it exceeded search pattern filesize limit: Sor-CPnd_018-Ex1-1E-lcwgs-1-2-L2-clmp.r2_fastqc.html
[2025-03-12 15:23:32,807] multiqc                                            [DEBUG  ]  File ignored by longranger/invocation because it exceeded search pattern filesize limit: Sor-CPnd_018-Ex1-1E-lcwgs-1-2-L2-clmp.r2_fastqc.html
[2025-03-12 15:23:32,905] multiqc                                            [DEBUG  ]  Ignoring file as matched an ignore pattern: Sor-CPnd_043-Ex1-1D-lcwgs-1-2-L2-clmp.r2.fq.gz
[2025-03-12 15:23:32,965] multiqc                                            [DEBUG  ]  File ignored by hicexplorer because it exceeded search pattern filesize limit: Sor-CPnd_069-Ex1-6B-lcwgs-1-2-L3-clmp.r2_fastqc.html
[2025-03-12 15:23:32,981] multiqc                                            [DEBUG  ]  File ignored by longranger/invocation because it exceeded search pattern filesize limit: Sor-CPnd_069-Ex1-6B-lcwgs-1-2-L3-clmp.r2_fastqc.html
[2025-03-12 15:23:33,143] multiqc                                            [DEBUG  ]  File ignored by hicexplorer because it exceeded search pattern filesize limit: Sor-ACeb_010-Ex1-5F-lcwgs-1-2-L2-clmp.r1_fastqc.html
[2025-03-12 15:23:33,158] multiqc                                            [DEBUG  ]  File ignored by longranger/invocation because it exceeded search pattern filesize limit: Sor-ACeb_010-Ex1-5F-lcwgs-1-2-L2-clmp.r1_fastqc.html
[2025-03-12 15:23:33,240] multiqc                                            [DEBUG  ]  Ignoring file as matched an ignore pattern: Sor-CPnd_049-Ex1-3B-lcwgs-1-2-L3-clmp.r1.fq.gz
[2025-03-12 15:23:33,240] multiqc                                            [DEBUG  ]  Ignoring file as matched an ignore pattern: Sor-CPnd_052-Ex1-6D-lcwgs-1-2-L3-clmp.r2.fq.gz
[2025-03-12 15:23:33,267] multiqc                                            [DEBUG  ]  File ignored by hicexplorer because it exceeded search pattern filesize limit: Sor-CPnd_037-Ex1-6C-lcwgs-1-2-L3-clmp.r1_fastqc.html
[2025-03-12 15:23:33,279] multiqc                                            [DEBUG  ]  File ignored by longranger/invocation because it exceeded search pattern filesize limit: Sor-CPnd_037-Ex1-6C-lcwgs-1-2-L3-clmp.r1_fastqc.html
[2025-03-12 15:23:33,398] multiqc                                            [DEBUG  ]  File ignored by hicexplorer because it exceeded search pattern filesize limit: Sor-CPnd_041-Ex1-7A-lcwgs-1-2-L2-clmp.r2_fastqc.html
[2025-03-12 15:23:33,411] multiqc                                            [DEBUG  ]  File ignored by longranger/invocation because it exceeded search pattern filesize limit: Sor-CPnd_041-Ex1-7A-lcwgs-1-2-L2-clmp.r2_fastqc.html
[2025-03-12 15:23:33,480] multiqc                                            [DEBUG  ]  Ignoring file as matched an ignore pattern: Sor-CPnd_036-Ex1-5C-lcwgs-1-2-L3-clmp.r1.fq.gz
[2025-03-12 15:23:33,481] multiqc                                            [DEBUG  ]  Ignoring file as matched an ignore pattern: Sor-CPnd_072-Ex1-8C-lcwgs-1-2-L3-clmp.r1.fq.gz
[2025-03-12 15:23:33,537] multiqc                                            [DEBUG  ]  File ignored by hicexplorer because it exceeded search pattern filesize limit: Sor-ACeb_004-Ex1-11E-lcwgs-1-2-L3-clmp.r1_fastqc.html
[2025-03-12 15:23:33,551] multiqc                                            [DEBUG  ]  File ignored by longranger/invocation because it exceeded search pattern filesize limit: Sor-ACeb_004-Ex1-11E-lcwgs-1-2-L3-clmp.r1_fastqc.html
[2025-03-12 15:23:33,629] multiqc                                            [DEBUG  ]  Ignoring file as matched an ignore pattern: Sor-CPnd_001-Ex1-3E-lcwgs-1-2-L3-clmp.r2.fq.gz
[2025-03-12 15:23:33,629] multiqc                                            [DEBUG  ]  Ignoring file as matched an ignore pattern: Sor-CPnd_055-Ex1-7G-lcwgs-1-2-L3-clmp.r2.fq.gz
[2025-03-12 15:23:33,630] multiqc                                            [DEBUG  ]  Ignoring file as matched an ignore pattern: Sor-ACeb_020-Ex1-2G-lcwgs-1-2-L3-clmp.r2.fq.gz
[2025-03-12 15:23:33,656] multiqc                                            [DEBUG  ]  File ignored by hicexplorer because it exceeded search pattern filesize limit: Sor-ACeb_009-Ex1-4F-lcwgs-1-2-L3-clmp.r2_fastqc.html
[2025-03-12 15:23:33,668] multiqc                                            [DEBUG  ]  File ignored by longranger/invocation because it exceeded search pattern filesize limit: Sor-ACeb_009-Ex1-4F-lcwgs-1-2-L3-clmp.r2_fastqc.html
[2025-03-12 15:23:33,736] multiqc                                            [DEBUG  ]  Ignoring file as matched an ignore pattern: Sor-CPnd_014-Ex1-1F-lcwgs-1-2-L2-clmp.r2.fq.gz
[2025-03-12 15:23:33,739] multiqc                                            [DEBUG  ]  Ignoring file as matched an ignore pattern: Sor-ACeb_006-Ex1-1F-lcwgs-1-2-L3-clmp.r2.fq.gz
[2025-03-12 15:23:33,769] multiqc                                            [DEBUG  ]  File ignored by hicexplorer because it exceeded search pattern filesize limit: Sor-CPnd_030-Ex1-2H-lcwgs-1-2-L3-clmp.r2_fastqc.html
[2025-03-12 15:23:33,783] multiqc                                            [DEBUG  ]  File ignored by longranger/invocation because it exceeded search pattern filesize limit: Sor-CPnd_030-Ex1-2H-lcwgs-1-2-L3-clmp.r2_fastqc.html
[2025-03-12 15:23:33,861] multiqc                                            [DEBUG  ]  Ignoring file as matched an ignore pattern: Sor-CPnd_002-Ex1-5E-lcwgs-1-2-L3-clmp.r2.fq.gz
[2025-03-12 15:23:33,862] multiqc                                            [DEBUG  ]  Ignoring file as matched an ignore pattern: Sor-CPnd_006-Ex1-2D-lcwgs-1-2-L3-clmp.r1.fq.gz
[2025-03-12 15:23:33,887] multiqc                                            [DEBUG  ]  File ignored by hicexplorer because it exceeded search pattern filesize limit: Sor-CPnd_002-Ex1-5E-lcwgs-1-2-L2-clmp.r1_fastqc.html
[2025-03-12 15:23:33,899] multiqc                                            [DEBUG  ]  File ignored by longranger/invocation because it exceeded search pattern filesize limit: Sor-CPnd_002-Ex1-5E-lcwgs-1-2-L2-clmp.r1_fastqc.html
[2025-03-12 15:23:34,016] multiqc                                            [DEBUG  ]  File ignored by hicexplorer because it exceeded search pattern filesize limit: Sor-CPnd_054-Ex1-8F-lcwgs-1-2-L3-clmp.r1_fastqc.html
[2025-03-12 15:23:34,029] multiqc                                            [DEBUG  ]  File ignored by longranger/invocation because it exceeded search pattern filesize limit: Sor-CPnd_054-Ex1-8F-lcwgs-1-2-L3-clmp.r1_fastqc.html
[2025-03-12 15:23:34,123] multiqc                                            [DEBUG  ]  File ignored by hicexplorer because it exceeded search pattern filesize limit: Sor-ACeb_015-Ex1-10F-lcwgs-1-2-L3-clmp.r2_fastqc.html
[2025-03-12 15:23:34,135] multiqc                                            [DEBUG  ]  File ignored by longranger/invocation because it exceeded search pattern filesize limit: Sor-ACeb_015-Ex1-10F-lcwgs-1-2-L3-clmp.r2_fastqc.html
[2025-03-12 15:23:34,204] multiqc                                            [DEBUG  ]  Ignoring file as matched an ignore pattern: Sor-ACeb_017-Ex1-12F-lcwgs-1-2-L3-clmp.r2.fq.gz
[2025-03-12 15:23:34,230] multiqc                                            [DEBUG  ]  File ignored by hicexplorer because it exceeded search pattern filesize limit: Sor-ACeb_012-Ex1-7F-lcwgs-1-2-L3-clmp.r2_fastqc.html
[2025-03-12 15:23:34,242] multiqc                                            [DEBUG  ]  File ignored by longranger/invocation because it exceeded search pattern filesize limit: Sor-ACeb_012-Ex1-7F-lcwgs-1-2-L3-clmp.r2_fastqc.html
[2025-03-12 15:23:34,369] multiqc                                            [DEBUG  ]  File ignored by hicexplorer because it exceeded search pattern filesize limit: Sor-CPnd_024-Ex1-5G-lcwgs-1-2-L3-clmp.r1_fastqc.html
[2025-03-12 15:23:34,387] multiqc                                            [DEBUG  ]  File ignored by longranger/invocation because it exceeded search pattern filesize limit: Sor-CPnd_024-Ex1-5G-lcwgs-1-2-L3-clmp.r1_fastqc.html
[2025-03-12 15:23:34,501] multiqc                                            [DEBUG  ]  Ignoring file as matched an ignore pattern: Sor-CPnd_024-Ex1-5G-lcwgs-1-2-L2-clmp.r1.fq.gz
[2025-03-12 15:23:34,534] multiqc                                            [DEBUG  ]  File ignored by hicexplorer because it exceeded search pattern filesize limit: Sor-ACeb_007-Ex1-2F-lcwgs-1-2-L3-clmp.r1_fastqc.html
[2025-03-12 15:23:34,549] multiqc                                            [DEBUG  ]  File ignored by longranger/invocation because it exceeded search pattern filesize limit: Sor-ACeb_007-Ex1-2F-lcwgs-1-2-L3-clmp.r1_fastqc.html
[2025-03-12 15:23:34,632] multiqc                                            [DEBUG  ]  Ignoring file as matched an ignore pattern: Sor-CPnd_058-Ex1-2G-lcwgs-1-2-L3-clmp.r1.fq.gz
[2025-03-12 15:23:34,659] multiqc                                            [DEBUG  ]  File ignored by hicexplorer because it exceeded search pattern filesize limit: Sor-CPnd_001-Ex1-3E-lcwgs-1-2-L3-clmp.r1_fastqc.html
[2025-03-12 15:23:34,673] multiqc                                            [DEBUG  ]  File ignored by longranger/invocation because it exceeded search pattern filesize limit: Sor-CPnd_001-Ex1-3E-lcwgs-1-2-L3-clmp.r1_fastqc.html
[2025-03-12 15:23:34,831] multiqc                                            [DEBUG  ]  File ignored by hicexplorer because it exceeded search pattern filesize limit: Sor-ACeb_013-Ex1-8F-lcwgs-1-2-L2-clmp.r1_fastqc.html
[2025-03-12 15:23:34,849] multiqc                                            [DEBUG  ]  File ignored by longranger/invocation because it exceeded search pattern filesize limit: Sor-ACeb_013-Ex1-8F-lcwgs-1-2-L2-clmp.r1_fastqc.html
[2025-03-12 15:23:34,996] multiqc                                            [DEBUG  ]  File ignored by hicexplorer because it exceeded search pattern filesize limit: Sor-ACeb_003-Ex1-10E-lcwgs-1-2-L2-clmp.r2_fastqc.html
[2025-03-12 15:23:35,013] multiqc                                            [DEBUG  ]  File ignored by longranger/invocation because it exceeded search pattern filesize limit: Sor-ACeb_003-Ex1-10E-lcwgs-1-2-L2-clmp.r2_fastqc.html
[2025-03-12 15:23:35,113] multiqc                                            [DEBUG  ]  Ignoring file as matched an ignore pattern: Sor-CPnd_054-Ex1-8F-lcwgs-1-2-L3-clmp.r1.fq.gz
[2025-03-12 15:23:35,115] multiqc                                            [DEBUG  ]  Ignoring file as matched an ignore pattern: Sor-CPnd_031-Ex1-5D-lcwgs-1-2-L3-clmp.r1.fq.gz
[2025-03-12 15:23:35,116] multiqc                                            [DEBUG  ]  Ignoring file as matched an ignore pattern: Sor-CPnd_030-Ex1-2H-lcwgs-1-2-L2-clmp.r2.fq.gz
[2025-03-12 15:23:35,174] multiqc                                            [DEBUG  ]  File ignored by hicexplorer because it exceeded search pattern filesize limit: Sor-CPnd_007-Ex1-1C-lcwgs-1-2-L2-clmp.r1_fastqc.html
[2025-03-12 15:23:35,191] multiqc                                            [DEBUG  ]  File ignored by longranger/invocation because it exceeded search pattern filesize limit: Sor-CPnd_007-Ex1-1C-lcwgs-1-2-L2-clmp.r1_fastqc.html
[2025-03-12 15:23:35,295] multiqc                                            [DEBUG  ]  Ignoring file as matched an ignore pattern: Sor-CPnd_026-Ex1-3H-lcwgs-1-2-L2-clmp.r1.fq.gz
[2025-03-12 15:23:35,358] multiqc                                            [DEBUG  ]  File ignored by hicexplorer because it exceeded search pattern filesize limit: Sor-ACeb_008-Ex1-3F-lcwgs-1-2-L3-clmp.r1_fastqc.html
[2025-03-12 15:23:35,377] multiqc                                            [DEBUG  ]  File ignored by longranger/invocation because it exceeded search pattern filesize limit: Sor-ACeb_008-Ex1-3F-lcwgs-1-2-L3-clmp.r1_fastqc.html
[2025-03-12 15:23:35,535] multiqc                                            [DEBUG  ]  File ignored by hicexplorer because it exceeded search pattern filesize limit: Sor-CPnd_044-Ex1-8G-lcwgs-1-2-L3-clmp.r2_fastqc.html
[2025-03-12 15:23:35,552] multiqc                                            [DEBUG  ]  File ignored by longranger/invocation because it exceeded search pattern filesize limit: Sor-CPnd_044-Ex1-8G-lcwgs-1-2-L3-clmp.r2_fastqc.html
[2025-03-12 15:23:35,699] multiqc                                            [DEBUG  ]  File ignored by hicexplorer because it exceeded search pattern filesize limit: Sor-CPnd_010-Ex1-1H-lcwgs-1-2-L2-clmp.r2_fastqc.html
[2025-03-12 15:23:35,715] multiqc                                            [DEBUG  ]  File ignored by longranger/invocation because it exceeded search pattern filesize limit: Sor-CPnd_010-Ex1-1H-lcwgs-1-2-L2-clmp.r2_fastqc.html
[2025-03-12 15:23:35,818] multiqc                                            [DEBUG  ]  Ignoring file as matched an ignore pattern: Sor-CPnd_008-Ex1-1A-lcwgs-1-2-L2-clmp.r2.fq.gz
[2025-03-12 15:23:35,823] multiqc                                            [DEBUG  ]  Ignoring file as matched an ignore pattern: Sor-CPnd_028-Ex1-3A-lcwgs-1-2-L3-clmp.r2.fq.gz
[2025-03-12 15:23:35,826] multiqc                                            [DEBUG  ]  Ignoring file as matched an ignore pattern: Sor-ACeb_021-Ex1-4G-lcwgs-1-2-L2-clmp.r1.fq.gz
[2025-03-12 15:23:35,881] multiqc                                            [DEBUG  ]  File ignored by hicexplorer because it exceeded search pattern filesize limit: Sor-CPnd_009-Ex1-6A-lcwgs-1-2-L3-clmp.r1_fastqc.html
[2025-03-12 15:23:35,900] multiqc                                            [DEBUG  ]  File ignored by longranger/invocation because it exceeded search pattern filesize limit: Sor-CPnd_009-Ex1-6A-lcwgs-1-2-L3-clmp.r1_fastqc.html
[2025-03-12 15:23:36,056] multiqc                                            [DEBUG  ]  File ignored by hicexplorer because it exceeded search pattern filesize limit: Sor-CPnd_031-Ex1-5D-lcwgs-1-2-L2-clmp.r2_fastqc.html
[2025-03-12 15:23:36,073] multiqc                                            [DEBUG  ]  File ignored by longranger/invocation because it exceeded search pattern filesize limit: Sor-CPnd_031-Ex1-5D-lcwgs-1-2-L2-clmp.r2_fastqc.html
[2025-03-12 15:23:36,187] multiqc                                            [DEBUG  ]  Ignoring file as matched an ignore pattern: Sor-ACeb_001-Ex1-8E-lcwgs-1-2-L3-clmp.r2.fq.gz
[2025-03-12 15:23:36,187] multiqc                                            [DEBUG  ]  Ignoring file as matched an ignore pattern: Sor-CPnd_018-Ex1-1E-lcwgs-1-2-L2-clmp.r1.fq.gz
[2025-03-12 15:23:36,188] multiqc                                            [DEBUG  ]  Ignoring file as matched an ignore pattern: Sor-CPnd_029-Ex1-8E-lcwgs-1-2-L2-clmp.r1.fq.gz
[2025-03-12 15:23:36,252] multiqc                                            [DEBUG  ]  File ignored by hicexplorer because it exceeded search pattern filesize limit: Sor-CPnd_034-Ex1-4G-lcwgs-1-2-L3-clmp.r1_fastqc.html
[2025-03-12 15:23:36,271] multiqc                                            [DEBUG  ]  File ignored by longranger/invocation because it exceeded search pattern filesize limit: Sor-CPnd_034-Ex1-4G-lcwgs-1-2-L3-clmp.r1_fastqc.html
[2025-03-12 15:23:36,391] multiqc                                            [DEBUG  ]  Ignoring file as matched an ignore pattern: Sor-CPnd_063-Ex1-7D-lcwgs-1-2-L3-clmp.r2.fq.gz
[2025-03-12 15:23:36,452] multiqc                                            [DEBUG  ]  File ignored by hicexplorer because it exceeded search pattern filesize limit: Sor-ACeb_021-Ex1-4G-lcwgs-1-2-L3-clmp.r1_fastqc.html
[2025-03-12 15:23:36,471] multiqc                                            [DEBUG  ]  File ignored by longranger/invocation because it exceeded search pattern filesize limit: Sor-ACeb_021-Ex1-4G-lcwgs-1-2-L3-clmp.r1_fastqc.html
[2025-03-12 15:23:36,624] multiqc                                            [DEBUG  ]  File ignored by hicexplorer because it exceeded search pattern filesize limit: Sor-CPnd_052-Ex1-6D-lcwgs-1-2-L2-clmp.r1_fastqc.html
[2025-03-12 15:23:36,642] multiqc                                            [DEBUG  ]  File ignored by longranger/invocation because it exceeded search pattern filesize limit: Sor-CPnd_052-Ex1-6D-lcwgs-1-2-L2-clmp.r1_fastqc.html
[2025-03-12 15:23:36,749] multiqc                                            [DEBUG  ]  Ignoring file as matched an ignore pattern: Sor-CPnd_044-Ex1-8G-lcwgs-1-2-L2-clmp.r2.fq.gz
[2025-03-12 15:23:36,797] multiqc                                            [DEBUG  ]  File ignored by hicexplorer because it exceeded search pattern filesize limit: Sor-ACeb_001-Ex1-8E-lcwgs-1-2-L2-clmp.r2_fastqc.html
[2025-03-12 15:23:36,814] multiqc                                            [DEBUG  ]  File ignored by longranger/invocation because it exceeded search pattern filesize limit: Sor-ACeb_001-Ex1-8E-lcwgs-1-2-L2-clmp.r2_fastqc.html
[2025-03-12 15:23:36,979] multiqc                                            [DEBUG  ]  File ignored by hicexplorer because it exceeded search pattern filesize limit: Sor-CPnd_020-Ex1-2E-lcwgs-1-2-L2-clmp.r2_fastqc.html
[2025-03-12 15:23:36,997] multiqc                                            [DEBUG  ]  File ignored by longranger/invocation because it exceeded search pattern filesize limit: Sor-CPnd_020-Ex1-2E-lcwgs-1-2-L2-clmp.r2_fastqc.html
[2025-03-12 15:23:37,110] multiqc                                            [DEBUG  ]  Ignoring file as matched an ignore pattern: Sor-CPnd_046-Ex1-5A-lcwgs-1-2-L3-clmp.r2.fq.gz
[2025-03-12 15:23:37,111] multiqc                                            [DEBUG  ]  Ignoring file as matched an ignore pattern: Sor-CPnd_015-Ex1-5F-lcwgs-1-2-L3-clmp.r1.fq.gz
[2025-03-12 15:23:37,112] multiqc                                            [DEBUG  ]  Ignoring file as matched an ignore pattern: Sor-ACeb_011-Ex1-6F-lcwgs-1-2-L2-clmp.r2.fq.gz
[2025-03-12 15:23:37,113] multiqc                                            [DEBUG  ]  Ignoring file as matched an ignore pattern: Sor-ACeb_015-Ex1-10F-lcwgs-1-2-L2-clmp.r2.fq.gz
[2025-03-12 15:23:37,114] multiqc                                            [DEBUG  ]  Ignoring file as matched an ignore pattern: Sor-CPnd_053-Ex1-2C-lcwgs-1-2-L3-clmp.r2.fq.gz
[2025-03-12 15:23:37,171] multiqc                                            [DEBUG  ]  File ignored by hicexplorer because it exceeded search pattern filesize limit: Sor-CPnd_012-Ex1-5B-lcwgs-1-2-L2-clmp.r1_fastqc.html
[2025-03-12 15:23:37,189] multiqc                                            [DEBUG  ]  File ignored by longranger/invocation because it exceeded search pattern filesize limit: Sor-CPnd_012-Ex1-5B-lcwgs-1-2-L2-clmp.r1_fastqc.html
[2025-03-12 15:23:37,363] multiqc                                            [DEBUG  ]  File ignored by hicexplorer because it exceeded search pattern filesize limit: Sor-ACeb_016-Ex1-11F-lcwgs-1-2-L2-clmp.r2_fastqc.html
[2025-03-12 15:23:37,378] multiqc                                            [DEBUG  ]  File ignored by longranger/invocation because it exceeded search pattern filesize limit: Sor-ACeb_016-Ex1-11F-lcwgs-1-2-L2-clmp.r2_fastqc.html
[2025-03-12 15:23:37,517] multiqc                                            [DEBUG  ]  File ignored by hicexplorer because it exceeded search pattern filesize limit: Sor-CPnd_050-Ex1-3F-lcwgs-1-2-L2-clmp.r1_fastqc.html
[2025-03-12 15:23:37,532] multiqc                                            [DEBUG  ]  File ignored by longranger/invocation because it exceeded search pattern filesize limit: Sor-CPnd_050-Ex1-3F-lcwgs-1-2-L2-clmp.r1_fastqc.html
[2025-03-12 15:23:37,618] multiqc                                            [DEBUG  ]  Ignoring file as matched an ignore pattern: Sor-ACeb_009-Ex1-4F-lcwgs-1-2-L2-clmp.r2.fq.gz
[2025-03-12 15:23:37,620] multiqc                                            [DEBUG  ]  Ignoring file as matched an ignore pattern: Sor-CPnd_004-Ex1-1G-lcwgs-1-2-L3-clmp.r1.fq.gz
[2025-03-12 15:23:37,670] multiqc                                            [DEBUG  ]  File ignored by hicexplorer because it exceeded search pattern filesize limit: Sor-CPnd_006-Ex1-2D-lcwgs-1-2-L2-clmp.r2_fastqc.html
[2025-03-12 15:23:37,685] multiqc                                            [DEBUG  ]  File ignored by longranger/invocation because it exceeded search pattern filesize limit: Sor-CPnd_006-Ex1-2D-lcwgs-1-2-L2-clmp.r2_fastqc.html
[2025-03-12 15:23:37,807] multiqc                                            [DEBUG  ]  Ignoring file as matched an ignore pattern: Sor-CPnd_034-Ex1-4G-lcwgs-1-2-L2-clmp.r2.fq.gz
[2025-03-12 15:23:37,809] multiqc                                            [DEBUG  ]  Ignoring file as matched an ignore pattern: Sor-ACeb_003-Ex1-10E-lcwgs-1-2-L3-clmp.r1.fq.gz
[2025-03-12 15:23:37,846] multiqc                                            [DEBUG  ]  File ignored by hicexplorer because it exceeded search pattern filesize limit: Sor-CPnd_049-Ex1-3B-lcwgs-1-2-L2-clmp.r2_fastqc.html
[2025-03-12 15:23:37,862] multiqc                                            [DEBUG  ]  File ignored by longranger/invocation because it exceeded search pattern filesize limit: Sor-CPnd_049-Ex1-3B-lcwgs-1-2-L2-clmp.r2_fastqc.html
[2025-03-12 15:23:38,015] multiqc                                            [DEBUG  ]  File ignored by hicexplorer because it exceeded search pattern filesize limit: Sor-CPnd_045-Ex1-7B-lcwgs-1-2-L3-clmp.r2_fastqc.html
[2025-03-12 15:23:38,031] multiqc                                            [DEBUG  ]  File ignored by longranger/invocation because it exceeded search pattern filesize limit: Sor-CPnd_045-Ex1-7B-lcwgs-1-2-L3-clmp.r2_fastqc.html
[2025-03-12 15:23:38,135] multiqc                                            [DEBUG  ]  Ignoring file as matched an ignore pattern: Sor-ACeb_013-Ex1-8F-lcwgs-1-2-L3-clmp.r1.fq.gz
[2025-03-12 15:23:38,137] multiqc                                            [DEBUG  ]  Ignoring file as matched an ignore pattern: Sor-CPnd_066-Ex1-8B-lcwgs-1-2-L3-clmp.r1.fq.gz
[2025-03-12 15:23:38,138] multiqc                                            [DEBUG  ]  Ignoring file as matched an ignore pattern: Sor-ACeb_016-Ex1-11F-lcwgs-1-2-L3-clmp.r1.fq.gz
[2025-03-12 15:23:38,139] multiqc                                            [DEBUG  ]  Ignoring file as matched an ignore pattern: Sor-CPnd_041-Ex1-7A-lcwgs-1-2-L2-clmp.r1.fq.gz
[2025-03-12 15:23:38,173] multiqc                                            [DEBUG  ]  File ignored by hicexplorer because it exceeded search pattern filesize limit: Sor-CPnd_008-Ex1-1A-lcwgs-1-2-L3-clmp.r2_fastqc.html
[2025-03-12 15:23:38,188] multiqc                                            [DEBUG  ]  File ignored by longranger/invocation because it exceeded search pattern filesize limit: Sor-CPnd_008-Ex1-1A-lcwgs-1-2-L3-clmp.r2_fastqc.html
[2025-03-12 15:23:38,321] multiqc                                            [DEBUG  ]  File ignored by hicexplorer because it exceeded search pattern filesize limit: Undetermined-L3-clmp.r2_fastqc.html
[2025-03-12 15:23:38,336] multiqc                                            [DEBUG  ]  File ignored by longranger/invocation because it exceeded search pattern filesize limit: Undetermined-L3-clmp.r2_fastqc.html
[2025-03-12 15:23:38,480] multiqc                                            [DEBUG  ]  File ignored by hicexplorer because it exceeded search pattern filesize limit: Sor-CPnd_015-Ex1-5F-lcwgs-1-2-L2-clmp.r2_fastqc.html
[2025-03-12 15:23:38,495] multiqc                                            [DEBUG  ]  File ignored by longranger/invocation because it exceeded search pattern filesize limit: Sor-CPnd_015-Ex1-5F-lcwgs-1-2-L2-clmp.r2_fastqc.html
[2025-03-12 15:23:38,616] multiqc                                            [DEBUG  ]  File ignored by hicexplorer because it exceeded search pattern filesize limit: Sor-ACeb_006-Ex1-1F-lcwgs-1-2-L3-clmp.r1_fastqc.html
[2025-03-12 15:23:38,629] multiqc                                            [DEBUG  ]  File ignored by longranger/invocation because it exceeded search pattern filesize limit: Sor-ACeb_006-Ex1-1F-lcwgs-1-2-L3-clmp.r1_fastqc.html
[2025-03-12 15:23:38,700] multiqc                                            [DEBUG  ]  Ignoring file as matched an ignore pattern: Sor-CPnd_002-Ex1-5E-lcwgs-1-2-L3-clmp.r1.fq.gz
[2025-03-12 15:23:38,702] multiqc                                            [DEBUG  ]  Ignoring file as matched an ignore pattern: Sor-CPnd_006-Ex1-2D-lcwgs-1-2-L3-clmp.r2.fq.gz
[2025-03-12 15:23:38,702] multiqc                                            [DEBUG  ]  Ignoring file as matched an ignore pattern: Sor-ACeb_006-Ex1-1F-lcwgs-1-2-L3-clmp.r1.fq.gz
[2025-03-12 15:23:38,704] multiqc                                            [DEBUG  ]  Ignoring file as matched an ignore pattern: Sor-CPnd_001-Ex1-3E-lcwgs-1-2-L3-clmp.r1.fq.gz
[2025-03-12 15:23:38,706] multiqc                                            [DEBUG  ]  Ignoring file as matched an ignore pattern: Sor-CPnd_055-Ex1-7G-lcwgs-1-2-L3-clmp.r1.fq.gz
[2025-03-12 15:23:38,732] multiqc                                            [DEBUG  ]  File ignored by hicexplorer because it exceeded search pattern filesize limit: Sor-CPnd_019-Ex1-6G-lcwgs-1-2-L3-clmp.r1_fastqc.html
[2025-03-12 15:23:38,743] multiqc                                            [DEBUG  ]  File ignored by longranger/invocation because it exceeded search pattern filesize limit: Sor-CPnd_019-Ex1-6G-lcwgs-1-2-L3-clmp.r1_fastqc.html
[2025-03-12 15:23:38,811] multiqc                                            [DEBUG  ]  Ignoring file as matched an ignore pattern: Sor-CPnd_014-Ex1-1F-lcwgs-1-2-L2-clmp.r1.fq.gz
[2025-03-12 15:23:38,812] multiqc                                            [DEBUG  ]  Ignoring file as matched an ignore pattern: Sor-ACeb_020-Ex1-2G-lcwgs-1-2-L3-clmp.r1.fq.gz
[2025-03-12 15:23:38,837] multiqc                                            [DEBUG  ]  File ignored by hicexplorer because it exceeded search pattern filesize limit: Sor-ACeb_019-Ex1-3G-lcwgs-1-2-L3-clmp.r2_fastqc.html
[2025-03-12 15:23:38,849] multiqc                                            [DEBUG  ]  File ignored by longranger/invocation because it exceeded search pattern filesize limit: Sor-ACeb_019-Ex1-3G-lcwgs-1-2-L3-clmp.r2_fastqc.html
[2025-03-12 15:23:38,940] multiqc                                            [DEBUG  ]  Ignoring file as matched an ignore pattern: Sor-CPnd_036-Ex1-5C-lcwgs-1-2-L3-clmp.r2.fq.gz
[2025-03-12 15:23:38,996] multiqc                                            [DEBUG  ]  File ignored by hicexplorer because it exceeded search pattern filesize limit: Sor-ACeb_020-Ex1-2G-lcwgs-1-2-L3-clmp.r1_fastqc.html
[2025-03-12 15:23:39,012] multiqc                                            [DEBUG  ]  File ignored by longranger/invocation because it exceeded search pattern filesize limit: Sor-ACeb_020-Ex1-2G-lcwgs-1-2-L3-clmp.r1_fastqc.html
[2025-03-12 15:23:39,105] multiqc                                            [DEBUG  ]  Ignoring file as matched an ignore pattern: Sor-CPnd_072-Ex1-8C-lcwgs-1-2-L3-clmp.r2.fq.gz
[2025-03-12 15:23:39,136] multiqc                                            [DEBUG  ]  File ignored by hicexplorer because it exceeded search pattern filesize limit: Sor-CPnd_014-Ex1-1F-lcwgs-1-2-L2-clmp.r1_fastqc.html
[2025-03-12 15:23:39,151] multiqc                                            [DEBUG  ]  File ignored by longranger/invocation because it exceeded search pattern filesize limit: Sor-CPnd_014-Ex1-1F-lcwgs-1-2-L2-clmp.r1_fastqc.html
[2025-03-12 15:23:39,241] multiqc                                            [DEBUG  ]  Ignoring file as matched an ignore pattern: Sor-CPnd_052-Ex1-6D-lcwgs-1-2-L3-clmp.r1.fq.gz
[2025-03-12 15:23:39,241] multiqc                                            [DEBUG  ]  Ignoring file as matched an ignore pattern: Sor-CPnd_049-Ex1-3B-lcwgs-1-2-L3-clmp.r2.fq.gz
[2025-03-12 15:23:39,273] multiqc                                            [DEBUG  ]  File ignored by hicexplorer because it exceeded search pattern filesize limit: Sor-CPnd_066-Ex1-8B-lcwgs-1-2-L2-clmp.r1_fastqc.html
[2025-03-12 15:23:39,288] multiqc                                            [DEBUG  ]  File ignored by longranger/invocation because it exceeded search pattern filesize limit: Sor-CPnd_066-Ex1-8B-lcwgs-1-2-L2-clmp.r1_fastqc.html
[2025-03-12 15:23:39,428] multiqc                                            [DEBUG  ]  File ignored by hicexplorer because it exceeded search pattern filesize limit: Sor-CPnd_016-Ex1-1B-lcwgs-1-2-L2-clmp.r2_fastqc.html
[2025-03-12 15:23:39,446] multiqc                                            [DEBUG  ]  File ignored by longranger/invocation because it exceeded search pattern filesize limit: Sor-CPnd_016-Ex1-1B-lcwgs-1-2-L2-clmp.r2_fastqc.html
[2025-03-12 15:23:39,597] multiqc                                            [DEBUG  ]  File ignored by hicexplorer because it exceeded search pattern filesize limit: Sor-CPnd_022-Ex1-7C-lcwgs-1-2-L3-clmp.r1_fastqc.html
[2025-03-12 15:23:39,612] multiqc                                            [DEBUG  ]  File ignored by longranger/invocation because it exceeded search pattern filesize limit: Sor-CPnd_022-Ex1-7C-lcwgs-1-2-L3-clmp.r1_fastqc.html
[2025-03-12 15:23:39,701] multiqc                                            [DEBUG  ]  Ignoring file as matched an ignore pattern: Sor-CPnd_013-Ex1-7F-lcwgs-1-2-L3-clmp.r2.fq.gz
[2025-03-12 15:23:39,702] multiqc                                            [DEBUG  ]  Ignoring file as matched an ignore pattern: Sor-CPnd_038-Ex1-2A-lcwgs-1-2-L3-clmp.r2.fq.gz
[2025-03-12 15:23:39,755] multiqc                                            [DEBUG  ]  File ignored by hicexplorer because it exceeded search pattern filesize limit: Sor-CPnd_017-Ex1-3G-lcwgs-1-2-L3-clmp.r2_fastqc.html
[2025-03-12 15:23:39,773] multiqc                                            [DEBUG  ]  File ignored by longranger/invocation because it exceeded search pattern filesize limit: Sor-CPnd_017-Ex1-3G-lcwgs-1-2-L3-clmp.r2_fastqc.html
[2025-03-12 15:23:39,885] multiqc                                            [DEBUG  ]  Ignoring file as matched an ignore pattern: Sor-CPnd_043-Ex1-1D-lcwgs-1-2-L2-clmp.r1.fq.gz
[2025-03-12 15:23:39,923] multiqc                                            [DEBUG  ]  File ignored by hicexplorer because it exceeded search pattern filesize limit: Sor-CPnd_033-Ex1-2F-lcwgs-1-2-L2-clmp.r1_fastqc.html
[2025-03-12 15:23:39,941] multiqc                                            [DEBUG  ]  File ignored by longranger/invocation because it exceeded search pattern filesize limit: Sor-CPnd_033-Ex1-2F-lcwgs-1-2-L2-clmp.r1_fastqc.html
[2025-03-12 15:23:40,058] multiqc                                            [DEBUG  ]  Ignoring file as matched an ignore pattern: Sor-CPnd_008-Ex1-1A-lcwgs-1-2-L2-clmp.r1.fq.gz
[2025-03-12 15:23:40,096] multiqc                                            [DEBUG  ]  File ignored by hicexplorer because it exceeded search pattern filesize limit: Sor-CPnd_028-Ex1-3A-lcwgs-1-2-L2-clmp.r1_fastqc.html
[2025-03-12 15:23:40,113] multiqc                                            [DEBUG  ]  File ignored by longranger/invocation because it exceeded search pattern filesize limit: Sor-CPnd_028-Ex1-3A-lcwgs-1-2-L2-clmp.r1_fastqc.html
[2025-03-12 15:23:40,219] multiqc                                            [DEBUG  ]  Ignoring file as matched an ignore pattern: Sor-CPnd_026-Ex1-3H-lcwgs-1-2-L2-clmp.r2.fq.gz
[2025-03-12 15:23:40,284] multiqc                                            [DEBUG  ]  File ignored by hicexplorer because it exceeded search pattern filesize limit: Sor-CPnd_036-Ex1-5C-lcwgs-1-2-L3-clmp.r1_fastqc.html
[2025-03-12 15:23:40,302] multiqc                                            [DEBUG  ]  File ignored by longranger/invocation because it exceeded search pattern filesize limit: Sor-CPnd_036-Ex1-5C-lcwgs-1-2-L3-clmp.r1_fastqc.html
[2025-03-12 15:23:40,460] multiqc                                            [DEBUG  ]  File ignored by hicexplorer because it exceeded search pattern filesize limit: Sor-ACeb_011-Ex1-6F-lcwgs-1-2-L2-clmp.r1_fastqc.html
[2025-03-12 15:23:40,473] multiqc                                            [DEBUG  ]  File ignored by longranger/invocation because it exceeded search pattern filesize limit: Sor-ACeb_011-Ex1-6F-lcwgs-1-2-L2-clmp.r1_fastqc.html
[2025-03-12 15:23:40,576] multiqc                                            [DEBUG  ]  Ignoring file as matched an ignore pattern: Sor-CPnd_031-Ex1-5D-lcwgs-1-2-L3-clmp.r2.fq.gz
[2025-03-12 15:23:40,577] multiqc                                            [DEBUG  ]  Ignoring file as matched an ignore pattern: Sor-CPnd_030-Ex1-2H-lcwgs-1-2-L2-clmp.r1.fq.gz
[2025-03-12 15:23:40,578] multiqc                                            [DEBUG  ]  Ignoring file as matched an ignore pattern: Sor-CPnd_054-Ex1-8F-lcwgs-1-2-L3-clmp.r2.fq.gz
[2025-03-12 15:23:40,613] multiqc                                            [DEBUG  ]  File ignored by hicexplorer because it exceeded search pattern filesize limit: Sor-ACeb_005-Ex1-12E-lcwgs-1-2-L3-clmp.r2_fastqc.html
[2025-03-12 15:23:40,629] multiqc                                            [DEBUG  ]  File ignored by longranger/invocation because it exceeded search pattern filesize limit: Sor-ACeb_005-Ex1-12E-lcwgs-1-2-L3-clmp.r2_fastqc.html
[2025-03-12 15:23:40,798] multiqc                                            [DEBUG  ]  File ignored by hicexplorer because it exceeded search pattern filesize limit: Sor-CPnd_063-Ex1-7D-lcwgs-1-2-L3-clmp.r1_fastqc.html
[2025-03-12 15:23:40,817] multiqc                                            [DEBUG  ]  File ignored by longranger/invocation because it exceeded search pattern filesize limit: Sor-CPnd_063-Ex1-7D-lcwgs-1-2-L3-clmp.r1_fastqc.html
[2025-03-12 15:23:40,984] multiqc                                            [DEBUG  ]  File ignored by hicexplorer because it exceeded search pattern filesize limit: Sor-CPnd_053-Ex1-2C-lcwgs-1-2-L2-clmp.r1_fastqc.html
[2025-03-12 15:23:41,004] multiqc                                            [DEBUG  ]  File ignored by longranger/invocation because it exceeded search pattern filesize limit: Sor-CPnd_053-Ex1-2C-lcwgs-1-2-L2-clmp.r1_fastqc.html
[2025-03-12 15:23:41,159] multiqc                                            [DEBUG  ]  File ignored by hicexplorer because it exceeded search pattern filesize limit: Sor-CPnd_055-Ex1-7G-lcwgs-1-2-L2-clmp.r2_fastqc.html
[2025-03-12 15:23:41,178] multiqc                                            [DEBUG  ]  File ignored by longranger/invocation because it exceeded search pattern filesize limit: Sor-CPnd_055-Ex1-7G-lcwgs-1-2-L2-clmp.r2_fastqc.html
[2025-03-12 15:23:41,342] multiqc                                            [DEBUG  ]  File ignored by hicexplorer because it exceeded search pattern filesize limit: Sor-CPnd_004-Ex1-1G-lcwgs-1-2-L2-clmp.r2_fastqc.html
[2025-03-12 15:23:41,362] multiqc                                            [DEBUG  ]  File ignored by longranger/invocation because it exceeded search pattern filesize limit: Sor-CPnd_004-Ex1-1G-lcwgs-1-2-L2-clmp.r2_fastqc.html
[2025-03-12 15:23:41,475] multiqc                                            [DEBUG  ]  Ignoring file as matched an ignore pattern: Sor-CPnd_024-Ex1-5G-lcwgs-1-2-L2-clmp.r2.fq.gz
[2025-03-12 15:23:41,477] multiqc                                            [DEBUG  ]  Ignoring file as matched an ignore pattern: Sor-CPnd_058-Ex1-2G-lcwgs-1-2-L3-clmp.r2.fq.gz
[2025-03-12 15:23:41,478] multiqc                                            [DEBUG  ]  Ignoring file as matched an ignore pattern: Sor-ACeb_017-Ex1-12F-lcwgs-1-2-L3-clmp.r1.fq.gz
[2025-03-12 15:23:41,481] multiqc                                            [DEBUG  ]  Ignoring file as matched an ignore pattern: Sor-CPnd_046-Ex1-5A-lcwgs-1-2-L3-clmp.r1.fq.gz
[2025-03-12 15:23:41,521] multiqc                                            [DEBUG  ]  File ignored by hicexplorer because it exceeded search pattern filesize limit: Sor-CPnd_046-Ex1-5A-lcwgs-1-2-L3-clmp.r1_fastqc.html
[2025-03-12 15:23:41,541] multiqc                                            [DEBUG  ]  File ignored by longranger/invocation because it exceeded search pattern filesize limit: Sor-CPnd_046-Ex1-5A-lcwgs-1-2-L3-clmp.r1_fastqc.html
[2025-03-12 15:23:41,710] multiqc                                            [DEBUG  ]  File ignored by hicexplorer because it exceeded search pattern filesize limit: Sor-ACeb_014-Ex1-9F-lcwgs-1-2-L3-clmp.r2_fastqc.html
[2025-03-12 15:23:41,729] multiqc                                            [DEBUG  ]  File ignored by longranger/invocation because it exceeded search pattern filesize limit: Sor-ACeb_014-Ex1-9F-lcwgs-1-2-L3-clmp.r2_fastqc.html
[2025-03-12 15:23:41,835] multiqc                                            [DEBUG  ]  Ignoring file as matched an ignore pattern: Sor-ACeb_015-Ex1-10F-lcwgs-1-2-L2-clmp.r1.fq.gz
[2025-03-12 15:23:41,835] multiqc                                            [DEBUG  ]  Ignoring file as matched an ignore pattern: Sor-ACeb_011-Ex1-6F-lcwgs-1-2-L2-clmp.r1.fq.gz
[2025-03-12 15:23:41,836] multiqc                                            [DEBUG  ]  Ignoring file as matched an ignore pattern: Sor-CPnd_015-Ex1-5F-lcwgs-1-2-L3-clmp.r2.fq.gz
[2025-03-12 15:23:41,838] multiqc                                            [DEBUG  ]  Ignoring file as matched an ignore pattern: Sor-CPnd_053-Ex1-2C-lcwgs-1-2-L3-clmp.r1.fq.gz
[2025-03-12 15:23:41,876] multiqc                                            [DEBUG  ]  File ignored by hicexplorer because it exceeded search pattern filesize limit: Sor-CPnd_013-Ex1-7F-lcwgs-1-2-L3-clmp.r1_fastqc.html
[2025-03-12 15:23:41,894] multiqc                                            [DEBUG  ]  File ignored by longranger/invocation because it exceeded search pattern filesize limit: Sor-CPnd_013-Ex1-7F-lcwgs-1-2-L3-clmp.r1_fastqc.html
[2025-03-12 15:23:42,030] multiqc                                            [DEBUG  ]  File ignored by hicexplorer because it exceeded search pattern filesize limit: Sor-ACeb_017-Ex1-12F-lcwgs-1-2-L2-clmp.r1_fastqc.html
[2025-03-12 15:23:42,047] multiqc                                            [DEBUG  ]  File ignored by longranger/invocation because it exceeded search pattern filesize limit: Sor-ACeb_017-Ex1-12F-lcwgs-1-2-L2-clmp.r1_fastqc.html
[2025-03-12 15:23:42,143] multiqc                                            [DEBUG  ]  Ignoring file as matched an ignore pattern: Sor-CPnd_044-Ex1-8G-lcwgs-1-2-L2-clmp.r1.fq.gz
[2025-03-12 15:23:42,178] multiqc                                            [DEBUG  ]  File ignored by hicexplorer because it exceeded search pattern filesize limit: Sor-CPnd_058-Ex1-2G-lcwgs-1-2-L3-clmp.r1_fastqc.html
[2025-03-12 15:23:42,195] multiqc                                            [DEBUG  ]  File ignored by longranger/invocation because it exceeded search pattern filesize limit: Sor-CPnd_058-Ex1-2G-lcwgs-1-2-L3-clmp.r1_fastqc.html
[2025-03-12 15:23:42,292] multiqc                                            [DEBUG  ]  Ignoring file as matched an ignore pattern: Sor-CPnd_063-Ex1-7D-lcwgs-1-2-L3-clmp.r1.fq.gz
[2025-03-12 15:23:42,328] multiqc                                            [DEBUG  ]  File ignored by hicexplorer because it exceeded search pattern filesize limit: Sor-ACeb_018-Ex1-1G-lcwgs-1-2-L3-clmp.r1_fastqc.html
[2025-03-12 15:23:42,345] multiqc                                            [DEBUG  ]  File ignored by longranger/invocation because it exceeded search pattern filesize limit: Sor-ACeb_018-Ex1-1G-lcwgs-1-2-L3-clmp.r1_fastqc.html
[2025-03-12 15:23:42,479] multiqc                                            [DEBUG  ]  File ignored by hicexplorer because it exceeded search pattern filesize limit: Sor-CPnd_029-Ex1-8E-lcwgs-1-2-L2-clmp.r2_fastqc.html
[2025-03-12 15:23:42,496] multiqc                                            [DEBUG  ]  File ignored by longranger/invocation because it exceeded search pattern filesize limit: Sor-CPnd_029-Ex1-8E-lcwgs-1-2-L2-clmp.r2_fastqc.html
[2025-03-12 15:23:42,614] multiqc                                            [DEBUG  ]  File ignored by hicexplorer because it exceeded search pattern filesize limit: Sor-CPnd_038-Ex1-2A-lcwgs-1-2-L2-clmp.r1_fastqc.html
[2025-03-12 15:23:42,629] multiqc                                            [DEBUG  ]  File ignored by longranger/invocation because it exceeded search pattern filesize limit: Sor-CPnd_038-Ex1-2A-lcwgs-1-2-L2-clmp.r1_fastqc.html
[2025-03-12 15:23:42,708] multiqc                                            [DEBUG  ]  Ignoring file as matched an ignore pattern: Sor-CPnd_018-Ex1-1E-lcwgs-1-2-L2-clmp.r2.fq.gz
[2025-03-12 15:23:42,708] multiqc                                            [DEBUG  ]  Ignoring file as matched an ignore pattern: Sor-CPnd_029-Ex1-8E-lcwgs-1-2-L2-clmp.r2.fq.gz
[2025-03-12 15:23:42,759] multiqc                                            [DEBUG  ]  File ignored by hicexplorer because it exceeded search pattern filesize limit: Sor-ACeb_002-Ex1-9E-lcwgs-1-2-L3-clmp.r1_fastqc.html
[2025-03-12 15:23:42,777] multiqc                                            [DEBUG  ]  File ignored by longranger/invocation because it exceeded search pattern filesize limit: Sor-ACeb_002-Ex1-9E-lcwgs-1-2-L3-clmp.r1_fastqc.html
[2025-03-12 15:23:42,926] multiqc                                            [DEBUG  ]  File ignored by hicexplorer because it exceeded search pattern filesize limit: Sor-CPnd_003-Ex1-2B-lcwgs-1-2-L2-clmp.r1_fastqc.html
[2025-03-12 15:23:42,944] multiqc                                            [DEBUG  ]  File ignored by longranger/invocation because it exceeded search pattern filesize limit: Sor-CPnd_003-Ex1-2B-lcwgs-1-2-L2-clmp.r1_fastqc.html
[2025-03-12 15:23:43,033] multiqc                                            [DEBUG  ]  Ignoring file as matched an ignore pattern: Sor-ACeb_021-Ex1-4G-lcwgs-1-2-L2-clmp.r2.fq.gz
[2025-03-12 15:23:43,034] multiqc                                            [DEBUG  ]  Ignoring file as matched an ignore pattern: Sor-ACeb_001-Ex1-8E-lcwgs-1-2-L3-clmp.r1.fq.gz
[2025-03-12 15:23:43,095] multiqc                                            [DEBUG  ]  File ignored by hicexplorer because it exceeded search pattern filesize limit: Sor-CPnd_072-Ex1-8C-lcwgs-1-2-L2-clmp.r2_fastqc.html
[2025-03-12 15:23:43,112] multiqc                                            [DEBUG  ]  File ignored by longranger/invocation because it exceeded search pattern filesize limit: Sor-CPnd_072-Ex1-8C-lcwgs-1-2-L2-clmp.r2_fastqc.html
[2025-03-12 15:23:43,262] multiqc                                            [DEBUG  ]  File ignored by hicexplorer because it exceeded search pattern filesize limit: Sor-ACeb_022-Ex1-5G-lcwgs-1-2-L2-clmp.r2_fastqc.html
[2025-03-12 15:23:43,279] multiqc                                            [DEBUG  ]  File ignored by longranger/invocation because it exceeded search pattern filesize limit: Sor-ACeb_022-Ex1-5G-lcwgs-1-2-L2-clmp.r2_fastqc.html
[2025-03-12 15:23:43,368] multiqc                                            [DEBUG  ]  Ignoring file as matched an ignore pattern: Sor-CPnd_028-Ex1-3A-lcwgs-1-2-L3-clmp.r1.fq.gz
[2025-03-12 15:23:43,370] multiqc                                            [DEBUG  ]  Ignoring file as matched an ignore pattern: Sor-CPnd_041-Ex1-7A-lcwgs-1-2-L2-clmp.r2.fq.gz
[2025-03-12 15:23:43,370] multiqc                                            [DEBUG  ]  Ignoring file as matched an ignore pattern: Sor-CPnd_066-Ex1-8B-lcwgs-1-2-L3-clmp.r2.fq.gz
[2025-03-12 15:23:43,431] multiqc                                            [DEBUG  ]  File ignored by hicexplorer because it exceeded search pattern filesize limit: Sor-CPnd_027-Ex1-3C-lcwgs-1-2-L3-clmp.r2_fastqc.html
[2025-03-12 15:23:43,448] multiqc                                            [DEBUG  ]  File ignored by longranger/invocation because it exceeded search pattern filesize limit: Sor-CPnd_027-Ex1-3C-lcwgs-1-2-L3-clmp.r2_fastqc.html
[2025-03-12 15:23:43,537] multiqc                                            [DEBUG  ]  Ignoring file as matched an ignore pattern: Sor-ACeb_016-Ex1-11F-lcwgs-1-2-L3-clmp.r2.fq.gz
[2025-03-12 15:23:43,574] multiqc                                            [DEBUG  ]  File ignored by hicexplorer because it exceeded search pattern filesize limit: Sor-CPnd_005-Ex1-3D-lcwgs-1-2-L3-clmp.r1_fastqc.html
[2025-03-12 15:23:43,591] multiqc                                            [DEBUG  ]  File ignored by longranger/invocation because it exceeded search pattern filesize limit: Sor-CPnd_005-Ex1-3D-lcwgs-1-2-L3-clmp.r1_fastqc.html
[2025-03-12 15:23:43,713] multiqc                                            [DEBUG  ]  File ignored by hicexplorer because it exceeded search pattern filesize limit: Sor-CPnd_043-Ex1-1D-lcwgs-1-2-L2-clmp.r1_fastqc.html
[2025-03-12 15:23:43,730] multiqc                                            [DEBUG  ]  File ignored by longranger/invocation because it exceeded search pattern filesize limit: Sor-CPnd_043-Ex1-1D-lcwgs-1-2-L2-clmp.r1_fastqc.html
[2025-03-12 15:23:43,821] multiqc                                            [DEBUG  ]  Ignoring file as matched an ignore pattern: Sor-ACeb_013-Ex1-8F-lcwgs-1-2-L3-clmp.r2.fq.gz
[2025-03-12 15:23:43,851] multiqc                                            [DEBUG  ]  File ignored by hicexplorer because it exceeded search pattern filesize limit: Sor-CPnd_026-Ex1-3H-lcwgs-1-2-L2-clmp.r2_fastqc.html
[2025-03-12 15:23:43,864] multiqc                                            [DEBUG  ]  File ignored by longranger/invocation because it exceeded search pattern filesize limit: Sor-CPnd_026-Ex1-3H-lcwgs-1-2-L2-clmp.r2_fastqc.html
[2025-03-12 15:23:43,935] multiqc                                            [DEBUG  ]  Ignoring file as matched an ignore pattern: Sor-CPnd_004-Ex1-1G-lcwgs-1-2-L3-clmp.r2.fq.gz
[2025-03-12 15:23:43,936] multiqc                                            [DEBUG  ]  Ignoring file as matched an ignore pattern: Sor-ACeb_009-Ex1-4F-lcwgs-1-2-L2-clmp.r1.fq.gz
[2025-03-12 15:23:43,937] multiqc                                            [DEBUG  ]  Ignoring file as matched an ignore pattern: Sor-CPnd_034-Ex1-4G-lcwgs-1-2-L2-clmp.r1.fq.gz
[2025-03-12 15:23:43,937] multiqc                                            [DEBUG  ]  Ignoring file as matched an ignore pattern: Sor-ACeb_003-Ex1-10E-lcwgs-1-2-L3-clmp.r2.fq.gz
[2025-03-12 15:23:43,939] multiqc                                            [DEBUG  ]  Ignoring file as matched an ignore pattern: Sor-CPnd_007-Ex1-1C-lcwgs-1-2-L2-clmp.r2.fq.gz
[2025-03-12 15:23:44,003] multiqc                                            [DEBUG  ]  File ignored by hicexplorer because it exceeded search pattern filesize limit: Sor-ACeb_003-Ex1-10E-lcwgs-1-2-L3-clmp.r1_fastqc.html
[2025-03-12 15:23:44,022] multiqc                                            [DEBUG  ]  File ignored by longranger/invocation because it exceeded search pattern filesize limit: Sor-ACeb_003-Ex1-10E-lcwgs-1-2-L3-clmp.r1_fastqc.html
[2025-03-12 15:23:44,119] multiqc                                            [DEBUG  ]  Ignoring file as matched an ignore pattern: Sor-ACeb_005-Ex1-12E-lcwgs-1-2-L2-clmp.r1.fq.gz
[2025-03-12 15:23:44,153] multiqc                                            [DEBUG  ]  File ignored by hicexplorer because it exceeded search pattern filesize limit: Sor-CPnd_007-Ex1-1C-lcwgs-1-2-L3-clmp.r2_fastqc.html
[2025-03-12 15:23:44,170] multiqc                                            [DEBUG  ]  File ignored by longranger/invocation because it exceeded search pattern filesize limit: Sor-CPnd_007-Ex1-1C-lcwgs-1-2-L3-clmp.r2_fastqc.html
[2025-03-12 15:23:44,299] multiqc                                            [DEBUG  ]  File ignored by hicexplorer because it exceeded search pattern filesize limit: Sor-CPnd_010-Ex1-1H-lcwgs-1-2-L3-clmp.r1_fastqc.html
[2025-03-12 15:23:44,315] multiqc                                            [DEBUG  ]  File ignored by longranger/invocation because it exceeded search pattern filesize limit: Sor-CPnd_010-Ex1-1H-lcwgs-1-2-L3-clmp.r1_fastqc.html
[2025-03-12 15:23:44,438] multiqc                                            [DEBUG  ]  File ignored by hicexplorer because it exceeded search pattern filesize limit: Sor-CPnd_044-Ex1-8G-lcwgs-1-2-L2-clmp.r1_fastqc.html
[2025-03-12 15:23:44,454] multiqc                                            [DEBUG  ]  File ignored by longranger/invocation because it exceeded search pattern filesize limit: Sor-CPnd_044-Ex1-8G-lcwgs-1-2-L2-clmp.r1_fastqc.html
[2025-03-12 15:23:44,543] multiqc                                            [DEBUG  ]  Ignoring file as matched an ignore pattern: Sor-ACeb_012-Ex1-7F-lcwgs-1-2-L3-clmp.r1.fq.gz
[2025-03-12 15:23:44,544] multiqc                                            [DEBUG  ]  Ignoring file as matched an ignore pattern: Sor-CPnd_009-Ex1-6A-lcwgs-1-2-L2-clmp.r2.fq.gz
[2025-03-12 15:23:44,546] multiqc                                            [DEBUG  ]  Ignoring file as matched an ignore pattern: Sor-ACeb_007-Ex1-2F-lcwgs-1-2-L3-clmp.r2.fq.gz
[2025-03-12 15:23:44,599] multiqc                                            [DEBUG  ]  File ignored by hicexplorer because it exceeded search pattern filesize limit: Sor-ACeb_008-Ex1-3F-lcwgs-1-2-L2-clmp.r2_fastqc.html
[2025-03-12 15:23:44,616] multiqc                                            [DEBUG  ]  File ignored by longranger/invocation because it exceeded search pattern filesize limit: Sor-ACeb_008-Ex1-3F-lcwgs-1-2-L2-clmp.r2_fastqc.html
[2025-03-12 15:23:44,738] multiqc                                            [DEBUG  ]  File ignored by hicexplorer because it exceeded search pattern filesize limit: Sor-CPnd_024-Ex1-5G-lcwgs-1-2-L2-clmp.r2_fastqc.html
[2025-03-12 15:23:44,754] multiqc                                            [DEBUG  ]  File ignored by longranger/invocation because it exceeded search pattern filesize limit: Sor-CPnd_024-Ex1-5G-lcwgs-1-2-L2-clmp.r2_fastqc.html
[2025-03-12 15:23:44,841] multiqc                                            [DEBUG  ]  Ignoring file as matched an ignore pattern: Sor-CPnd_050-Ex1-3F-lcwgs-1-2-L3-clmp.r1.fq.gz
[2025-03-12 15:23:44,842] multiqc                                            [DEBUG  ]  Ignoring file as matched an ignore pattern: Sor-CPnd_016-Ex1-1B-lcwgs-1-2-L2-clmp.r2.fq.gz
[2025-03-12 15:23:44,876] multiqc                                            [DEBUG  ]  File ignored by hicexplorer because it exceeded search pattern filesize limit: Sor-ACeb_007-Ex1-2F-lcwgs-1-2-L2-clmp.r2_fastqc.html
[2025-03-12 15:23:44,893] multiqc                                            [DEBUG  ]  File ignored by longranger/invocation because it exceeded search pattern filesize limit: Sor-ACeb_007-Ex1-2F-lcwgs-1-2-L2-clmp.r2_fastqc.html
[2025-03-12 15:23:44,982] multiqc                                            [DEBUG  ]  Ignoring file as matched an ignore pattern: Undetermined-L3-clmp.r2.fq.gz
[2025-03-12 15:23:44,984] multiqc                                            [DEBUG  ]  Ignoring file as matched an ignore pattern: Sor-CPnd_037-Ex1-6C-lcwgs-1-2-L3-clmp.r1.fq.gz
[2025-03-12 15:23:45,017] multiqc                                            [DEBUG  ]  File ignored by hicexplorer because it exceeded search pattern filesize limit: Sor-ACeb_012-Ex1-7F-lcwgs-1-2-L2-clmp.r1_fastqc.html
[2025-03-12 15:23:45,037] multiqc                                            [DEBUG  ]  File ignored by longranger/invocation because it exceeded search pattern filesize limit: Sor-ACeb_012-Ex1-7F-lcwgs-1-2-L2-clmp.r1_fastqc.html
[2025-03-12 15:23:45,166] multiqc                                            [DEBUG  ]  File ignored by hicexplorer because it exceeded search pattern filesize limit: Sor-ACeb_013-Ex1-8F-lcwgs-1-2-L3-clmp.r2_fastqc.html
[2025-03-12 15:23:45,182] multiqc                                            [DEBUG  ]  File ignored by longranger/invocation because it exceeded search pattern filesize limit: Sor-ACeb_013-Ex1-8F-lcwgs-1-2-L3-clmp.r2_fastqc.html
[2025-03-12 15:23:45,270] multiqc                                            [DEBUG  ]  Ignoring file as matched an ignore pattern: Sor-ACeb_002-Ex1-9E-lcwgs-1-2-L2-clmp.r1.fq.gz
[2025-03-12 15:23:45,304] multiqc                                            [DEBUG  ]  File ignored by hicexplorer because it exceeded search pattern filesize limit: Sor-CPnd_001-Ex1-3E-lcwgs-1-2-L2-clmp.r2_fastqc.html
[2025-03-12 15:23:45,320] multiqc                                            [DEBUG  ]  File ignored by longranger/invocation because it exceeded search pattern filesize limit: Sor-CPnd_001-Ex1-3E-lcwgs-1-2-L2-clmp.r2_fastqc.html
[2025-03-12 15:23:45,407] multiqc                                            [DEBUG  ]  Ignoring file as matched an ignore pattern: Sor-ACeb_022-Ex1-5G-lcwgs-1-2-L3-clmp.r2.fq.gz
[2025-03-12 15:23:45,409] multiqc                                            [DEBUG  ]  Ignoring file as matched an ignore pattern: Sor-CPnd_045-Ex1-7B-lcwgs-1-2-L3-clmp.r2.fq.gz
[2025-03-12 15:23:45,466] multiqc                                            [DEBUG  ]  File ignored by hicexplorer because it exceeded search pattern filesize limit: Sor-CPnd_030-Ex1-2H-lcwgs-1-2-L2-clmp.r1_fastqc.html
[2025-03-12 15:23:45,483] multiqc                                            [DEBUG  ]  File ignored by longranger/invocation because it exceeded search pattern filesize limit: Sor-CPnd_030-Ex1-2H-lcwgs-1-2-L2-clmp.r1_fastqc.html
[2025-03-12 15:23:45,573] multiqc                                            [DEBUG  ]  Ignoring file as matched an ignore pattern: Sor-CPnd_003-Ex1-2B-lcwgs-1-2-L2-clmp.r1.fq.gz
[2025-03-12 15:23:45,633] multiqc                                            [DEBUG  ]  File ignored by hicexplorer because it exceeded search pattern filesize limit: Sor-CPnd_054-Ex1-8F-lcwgs-1-2-L2-clmp.r2_fastqc.html
[2025-03-12 15:23:45,650] multiqc                                            [DEBUG  ]  File ignored by longranger/invocation because it exceeded search pattern filesize limit: Sor-CPnd_054-Ex1-8F-lcwgs-1-2-L2-clmp.r2_fastqc.html
[2025-03-12 15:23:45,772] multiqc                                            [DEBUG  ]  File ignored by hicexplorer because it exceeded search pattern filesize limit: Sor-ACeb_015-Ex1-10F-lcwgs-1-2-L2-clmp.r1_fastqc.html
[2025-03-12 15:23:45,788] multiqc                                            [DEBUG  ]  File ignored by longranger/invocation because it exceeded search pattern filesize limit: Sor-ACeb_015-Ex1-10F-lcwgs-1-2-L2-clmp.r1_fastqc.html
[2025-03-12 15:23:45,877] multiqc                                            [DEBUG  ]  Ignoring file as matched an ignore pattern: Sor-ACeb_018-Ex1-1G-lcwgs-1-2-L3-clmp.r1.fq.gz
[2025-03-12 15:23:45,910] multiqc                                            [DEBUG  ]  File ignored by hicexplorer because it exceeded search pattern filesize limit: Sor-CPnd_002-Ex1-5E-lcwgs-1-2-L3-clmp.r2_fastqc.html
[2025-03-12 15:23:45,923] multiqc                                            [DEBUG  ]  File ignored by longranger/invocation because it exceeded search pattern filesize limit: Sor-CPnd_002-Ex1-5E-lcwgs-1-2-L3-clmp.r2_fastqc.html
[2025-03-12 15:23:46,011] multiqc                                            [DEBUG  ]  Ignoring file as matched an ignore pattern: Sor-CPnd_012-Ex1-5B-lcwgs-1-2-L3-clmp.r1.fq.gz
[2025-03-12 15:23:46,011] multiqc                                            [DEBUG  ]  Ignoring file as matched an ignore pattern: Sor-ACeb_014-Ex1-9F-lcwgs-1-2-L3-clmp.r1.fq.gz
[2025-03-12 15:23:46,012] multiqc                                            [DEBUG  ]  Ignoring file as matched an ignore pattern: Sor-CPnd_033-Ex1-2F-lcwgs-1-2-L3-clmp.r2.fq.gz
[2025-03-12 15:23:46,066] multiqc                                            [DEBUG  ]  File ignored by hicexplorer because it exceeded search pattern filesize limit: Sor-CPnd_037-Ex1-6C-lcwgs-1-2-L2-clmp.r2_fastqc.html
[2025-03-12 15:23:46,081] multiqc                                            [DEBUG  ]  File ignored by longranger/invocation because it exceeded search pattern filesize limit: Sor-CPnd_037-Ex1-6C-lcwgs-1-2-L2-clmp.r2_fastqc.html
[2025-03-12 15:23:46,165] multiqc                                            [DEBUG  ]  Ignoring file as matched an ignore pattern: Sor-CPnd_069-Ex1-6B-lcwgs-1-2-L3-clmp.r2.fq.gz
[2025-03-12 15:23:46,194] multiqc                                            [DEBUG  ]  File ignored by hicexplorer because it exceeded search pattern filesize limit: Sor-CPnd_018-Ex1-1E-lcwgs-1-2-L3-clmp.r1_fastqc.html
[2025-03-12 15:23:46,207] multiqc                                            [DEBUG  ]  File ignored by longranger/invocation because it exceeded search pattern filesize limit: Sor-CPnd_018-Ex1-1E-lcwgs-1-2-L3-clmp.r1_fastqc.html
[2025-03-12 15:23:46,319] multiqc                                            [DEBUG  ]  File ignored by hicexplorer because it exceeded search pattern filesize limit: Sor-CPnd_069-Ex1-6B-lcwgs-1-2-L2-clmp.r1_fastqc.html
[2025-03-12 15:23:46,333] multiqc                                            [DEBUG  ]  File ignored by longranger/invocation because it exceeded search pattern filesize limit: Sor-CPnd_069-Ex1-6B-lcwgs-1-2-L2-clmp.r1_fastqc.html
[2025-03-12 15:23:46,475] multiqc                                            [DEBUG  ]  File ignored by hicexplorer because it exceeded search pattern filesize limit: Sor-ACeb_010-Ex1-5F-lcwgs-1-2-L3-clmp.r2_fastqc.html
[2025-03-12 15:23:46,491] multiqc                                            [DEBUG  ]  File ignored by longranger/invocation because it exceeded search pattern filesize limit: Sor-ACeb_010-Ex1-5F-lcwgs-1-2-L3-clmp.r2_fastqc.html
[2025-03-12 15:23:46,635] multiqc                                            [DEBUG  ]  File ignored by hicexplorer because it exceeded search pattern filesize limit: Sor-ACeb_009-Ex1-4F-lcwgs-1-2-L2-clmp.r1_fastqc.html
[2025-03-12 15:23:46,651] multiqc                                            [DEBUG  ]  File ignored by longranger/invocation because it exceeded search pattern filesize limit: Sor-ACeb_009-Ex1-4F-lcwgs-1-2-L2-clmp.r1_fastqc.html
[2025-03-12 15:23:46,759] multiqc                                            [DEBUG  ]  Ignoring file as matched an ignore pattern: Sor-CPnd_022-Ex1-7C-lcwgs-1-2-L3-clmp.r2.fq.gz
[2025-03-12 15:23:46,760] multiqc                                            [DEBUG  ]  Ignoring file as matched an ignore pattern: Sor-CPnd_010-Ex1-1H-lcwgs-1-2-L2-clmp.r1.fq.gz
[2025-03-12 15:23:46,795] multiqc                                            [DEBUG  ]  File ignored by hicexplorer because it exceeded search pattern filesize limit: Sor-CPnd_041-Ex1-7A-lcwgs-1-2-L3-clmp.r1_fastqc.html
[2025-03-12 15:23:46,812] multiqc                                            [DEBUG  ]  File ignored by longranger/invocation because it exceeded search pattern filesize limit: Sor-CPnd_041-Ex1-7A-lcwgs-1-2-L3-clmp.r1_fastqc.html
[2025-03-12 15:23:46,979] multiqc                                            [DEBUG  ]  File ignored by hicexplorer because it exceeded search pattern filesize limit: Sor-ACeb_004-Ex1-11E-lcwgs-1-2-L2-clmp.r2_fastqc.html
[2025-03-12 15:23:46,998] multiqc                                            [DEBUG  ]  File ignored by longranger/invocation because it exceeded search pattern filesize limit: Sor-ACeb_004-Ex1-11E-lcwgs-1-2-L2-clmp.r2_fastqc.html
[2025-03-12 15:23:47,121] multiqc                                            [DEBUG  ]  Ignoring file as matched an ignore pattern: Sor-ACeb_019-Ex1-3G-lcwgs-1-2-L2-clmp.r2.fq.gz
[2025-03-12 15:23:47,122] multiqc                                            [DEBUG  ]  Ignoring file as matched an ignore pattern: Sor-CPnd_005-Ex1-3D-lcwgs-1-2-L2-clmp.r2.fq.gz
[2025-03-12 15:23:47,122] multiqc                                            [DEBUG  ]  Ignoring file as matched an ignore pattern: Sor-ACeb_010-Ex1-5F-lcwgs-1-2-L2-clmp.r2.fq.gz
[2025-03-12 15:23:47,187] multiqc                                            [DEBUG  ]  File ignored by hicexplorer because it exceeded search pattern filesize limit: Sor-CPnd_008-Ex1-1A-lcwgs-1-2-L2-clmp.r1_fastqc.html
[2025-03-12 15:23:47,206] multiqc                                            [DEBUG  ]  File ignored by longranger/invocation because it exceeded search pattern filesize limit: Sor-CPnd_008-Ex1-1A-lcwgs-1-2-L2-clmp.r1_fastqc.html
[2025-03-12 15:23:47,383] multiqc                                            [DEBUG  ]  File ignored by hicexplorer because it exceeded search pattern filesize limit: Sor-CPnd_006-Ex1-2D-lcwgs-1-2-L3-clmp.r1_fastqc.html
[2025-03-12 15:23:47,398] multiqc                                            [DEBUG  ]  File ignored by longranger/invocation because it exceeded search pattern filesize limit: Sor-CPnd_006-Ex1-2D-lcwgs-1-2-L3-clmp.r1_fastqc.html
[2025-03-12 15:23:47,518] multiqc                                            [DEBUG  ]  Ignoring file as matched an ignore pattern: Sor-ACeb_008-Ex1-3F-lcwgs-1-2-L2-clmp.r2.fq.gz
[2025-03-12 15:23:47,558] multiqc                                            [DEBUG  ]  File ignored by hicexplorer because it exceeded search pattern filesize limit: Sor-CPnd_049-Ex1-3B-lcwgs-1-2-L3-clmp.r1_fastqc.html
[2025-03-12 15:23:47,576] multiqc                                            [DEBUG  ]  File ignored by longranger/invocation because it exceeded search pattern filesize limit: Sor-CPnd_049-Ex1-3B-lcwgs-1-2-L3-clmp.r1_fastqc.html
[2025-03-12 15:23:47,687] multiqc                                            [DEBUG  ]  Ignoring file as matched an ignore pattern: Sor-ACeb_004-Ex1-11E-lcwgs-1-2-L2-clmp.r2.fq.gz
[2025-03-12 15:23:47,745] multiqc                                            [DEBUG  ]  File ignored by hicexplorer because it exceeded search pattern filesize limit: Sor-ACeb_016-Ex1-11F-lcwgs-1-2-L3-clmp.r1_fastqc.html
[2025-03-12 15:23:47,763] multiqc                                            [DEBUG  ]  File ignored by longranger/invocation because it exceeded search pattern filesize limit: Sor-ACeb_016-Ex1-11F-lcwgs-1-2-L3-clmp.r1_fastqc.html
[2025-03-12 15:23:47,914] multiqc                                            [DEBUG  ]  File ignored by hicexplorer because it exceeded search pattern filesize limit: Sor-CPnd_012-Ex1-5B-lcwgs-1-2-L3-clmp.r2_fastqc.html
[2025-03-12 15:23:47,931] multiqc                                            [DEBUG  ]  File ignored by longranger/invocation because it exceeded search pattern filesize limit: Sor-CPnd_012-Ex1-5B-lcwgs-1-2-L3-clmp.r2_fastqc.html
[2025-03-12 15:23:48,095] multiqc                                            [DEBUG  ]  File ignored by hicexplorer because it exceeded search pattern filesize limit: Sor-CPnd_050-Ex1-3F-lcwgs-1-2-L3-clmp.r2_fastqc.html
[2025-03-12 15:23:48,114] multiqc                                            [DEBUG  ]  File ignored by longranger/invocation because it exceeded search pattern filesize limit: Sor-CPnd_050-Ex1-3F-lcwgs-1-2-L3-clmp.r2_fastqc.html
[2025-03-12 15:23:48,298] multiqc                                            [DEBUG  ]  File ignored by hicexplorer because it exceeded search pattern filesize limit: Sor-CPnd_045-Ex1-7B-lcwgs-1-2-L2-clmp.r1_fastqc.html
[2025-03-12 15:23:48,315] multiqc                                            [DEBUG  ]  File ignored by longranger/invocation because it exceeded search pattern filesize limit: Sor-CPnd_045-Ex1-7B-lcwgs-1-2-L2-clmp.r1_fastqc.html
[2025-03-12 15:23:48,466] multiqc                                            [DEBUG  ]  File ignored by hicexplorer because it exceeded search pattern filesize limit: Sor-ACeb_021-Ex1-4G-lcwgs-1-2-L2-clmp.r2_fastqc.html
[2025-03-12 15:23:48,483] multiqc                                            [DEBUG  ]  File ignored by longranger/invocation because it exceeded search pattern filesize limit: Sor-ACeb_021-Ex1-4G-lcwgs-1-2-L2-clmp.r2_fastqc.html
[2025-03-12 15:23:48,593] multiqc                                            [DEBUG  ]  Ignoring file as matched an ignore pattern: Sor-CPnd_017-Ex1-3G-lcwgs-1-2-L2-clmp.r1.fq.gz
[2025-03-12 15:23:48,627] multiqc                                            [DEBUG  ]  File ignored by hicexplorer because it exceeded search pattern filesize limit: Sor-CPnd_034-Ex1-4G-lcwgs-1-2-L2-clmp.r2_fastqc.html
[2025-03-12 15:23:48,644] multiqc                                            [DEBUG  ]  File ignored by longranger/invocation because it exceeded search pattern filesize limit: Sor-CPnd_034-Ex1-4G-lcwgs-1-2-L2-clmp.r2_fastqc.html
[2025-03-12 15:23:48,774] multiqc                                            [DEBUG  ]  File ignored by hicexplorer because it exceeded search pattern filesize limit: Sor-CPnd_020-Ex1-2E-lcwgs-1-2-L3-clmp.r1_fastqc.html
[2025-03-12 15:23:48,789] multiqc                                            [DEBUG  ]  File ignored by longranger/invocation because it exceeded search pattern filesize limit: Sor-CPnd_020-Ex1-2E-lcwgs-1-2-L3-clmp.r1_fastqc.html
[2025-03-12 15:23:48,882] multiqc                                            [DEBUG  ]  Ignoring file as matched an ignore pattern: Sor-CPnd_019-Ex1-6G-lcwgs-1-2-L2-clmp.r2.fq.gz
[2025-03-12 15:23:48,883] multiqc                                            [DEBUG  ]  Ignoring file as matched an ignore pattern: Sor-CPnd_020-Ex1-2E-lcwgs-1-2-L2-clmp.r2.fq.gz
[2025-03-12 15:23:48,936] multiqc                                            [DEBUG  ]  File ignored by hicexplorer because it exceeded search pattern filesize limit: Sor-CPnd_052-Ex1-6D-lcwgs-1-2-L3-clmp.r2_fastqc.html
[2025-03-12 15:23:48,952] multiqc                                            [DEBUG  ]  File ignored by longranger/invocation because it exceeded search pattern filesize limit: Sor-CPnd_052-Ex1-6D-lcwgs-1-2-L3-clmp.r2_fastqc.html
[2025-03-12 15:23:49,100] multiqc                                            [DEBUG  ]  File ignored by hicexplorer because it exceeded search pattern filesize limit: Sor-ACeb_001-Ex1-8E-lcwgs-1-2-L3-clmp.r1_fastqc.html
[2025-03-12 15:23:49,115] multiqc                                            [DEBUG  ]  File ignored by longranger/invocation because it exceeded search pattern filesize limit: Sor-ACeb_001-Ex1-8E-lcwgs-1-2-L3-clmp.r1_fastqc.html
[2025-03-12 15:23:49,213] multiqc                                            [DEBUG  ]  Ignoring file as matched an ignore pattern: Sor-CPnd_027-Ex1-3C-lcwgs-1-2-L3-clmp.r2.fq.gz
[2025-03-12 15:23:49,271] multiqc                                            [DEBUG  ]  File ignored by hicexplorer because it exceeded search pattern filesize limit: Sor-CPnd_009-Ex1-6A-lcwgs-1-2-L2-clmp.r2_fastqc.html
[2025-03-12 15:23:49,286] multiqc                                            [DEBUG  ]  File ignored by longranger/invocation because it exceeded search pattern filesize limit: Sor-CPnd_009-Ex1-6A-lcwgs-1-2-L2-clmp.r2_fastqc.html
[2025-03-12 15:23:49,435] multiqc                                            [DEBUG  ]  File ignored by hicexplorer because it exceeded search pattern filesize limit: Sor-CPnd_031-Ex1-5D-lcwgs-1-2-L3-clmp.r1_fastqc.html
[2025-03-12 15:23:49,451] multiqc                                            [DEBUG  ]  File ignored by longranger/invocation because it exceeded search pattern filesize limit: Sor-CPnd_031-Ex1-5D-lcwgs-1-2-L3-clmp.r1_fastqc.html
[2025-03-12 15:23:49,614] multiqc                                            [DEBUG  ]  File ignored by hicexplorer because it exceeded search pattern filesize limit: Sor-CPnd_006-Ex1-2D-lcwgs-1-2-L3-clmp.r2_fastqc.html
[2025-03-12 15:23:49,633] multiqc                                            [DEBUG  ]  File ignored by longranger/invocation because it exceeded search pattern filesize limit: Sor-CPnd_006-Ex1-2D-lcwgs-1-2-L3-clmp.r2_fastqc.html
[2025-03-12 15:23:49,754] multiqc                                            [DEBUG  ]  Ignoring file as matched an ignore pattern: Sor-ACeb_010-Ex1-5F-lcwgs-1-2-L3-clmp.r2.fq.gz
[2025-03-12 15:23:49,755] multiqc                                            [DEBUG  ]  Ignoring file as matched an ignore pattern: Sor-CPnd_005-Ex1-3D-lcwgs-1-2-L3-clmp.r2.fq.gz
[2025-03-12 15:23:49,756] multiqc                                            [DEBUG  ]  Ignoring file as matched an ignore pattern: Sor-ACeb_019-Ex1-3G-lcwgs-1-2-L3-clmp.r2.fq.gz
[2025-03-12 15:23:49,794] multiqc                                            [DEBUG  ]  File ignored by hicexplorer because it exceeded search pattern filesize limit: Sor-CPnd_049-Ex1-3B-lcwgs-1-2-L3-clmp.r2_fastqc.html
[2025-03-12 15:23:49,812] multiqc                                            [DEBUG  ]  File ignored by longranger/invocation because it exceeded search pattern filesize limit: Sor-CPnd_049-Ex1-3B-lcwgs-1-2-L3-clmp.r2_fastqc.html
[2025-03-12 15:23:49,977] multiqc                                            [DEBUG  ]  File ignored by hicexplorer because it exceeded search pattern filesize limit: Sor-ACeb_016-Ex1-11F-lcwgs-1-2-L3-clmp.r2_fastqc.html
[2025-03-12 15:23:49,996] multiqc                                            [DEBUG  ]  File ignored by longranger/invocation because it exceeded search pattern filesize limit: Sor-ACeb_016-Ex1-11F-lcwgs-1-2-L3-clmp.r2_fastqc.html
[2025-03-12 15:23:50,177] multiqc                                            [DEBUG  ]  File ignored by hicexplorer because it exceeded search pattern filesize limit: Sor-CPnd_012-Ex1-5B-lcwgs-1-2-L3-clmp.r1_fastqc.html
[2025-03-12 15:23:50,195] multiqc                                            [DEBUG  ]  File ignored by longranger/invocation because it exceeded search pattern filesize limit: Sor-CPnd_012-Ex1-5B-lcwgs-1-2-L3-clmp.r1_fastqc.html
[2025-03-12 15:23:50,378] multiqc                                            [DEBUG  ]  File ignored by hicexplorer because it exceeded search pattern filesize limit: Sor-CPnd_050-Ex1-3F-lcwgs-1-2-L3-clmp.r1_fastqc.html
[2025-03-12 15:23:50,396] multiqc                                            [DEBUG  ]  File ignored by longranger/invocation because it exceeded search pattern filesize limit: Sor-CPnd_050-Ex1-3F-lcwgs-1-2-L3-clmp.r1_fastqc.html
[2025-03-12 15:23:50,549] multiqc                                            [DEBUG  ]  File ignored by hicexplorer because it exceeded search pattern filesize limit: Sor-CPnd_045-Ex1-7B-lcwgs-1-2-L2-clmp.r2_fastqc.html
[2025-03-12 15:23:50,565] multiqc                                            [DEBUG  ]  File ignored by longranger/invocation because it exceeded search pattern filesize limit: Sor-CPnd_045-Ex1-7B-lcwgs-1-2-L2-clmp.r2_fastqc.html
[2025-03-12 15:23:50,667] multiqc                                            [DEBUG  ]  Ignoring file as matched an ignore pattern: Sor-ACeb_004-Ex1-11E-lcwgs-1-2-L3-clmp.r2.fq.gz
[2025-03-12 15:23:50,670] multiqc                                            [DEBUG  ]  Ignoring file as matched an ignore pattern: Sor-ACeb_008-Ex1-3F-lcwgs-1-2-L3-clmp.r2.fq.gz
[2025-03-12 15:23:50,702] multiqc                                            [DEBUG  ]  File ignored by hicexplorer because it exceeded search pattern filesize limit: Sor-CPnd_008-Ex1-1A-lcwgs-1-2-L2-clmp.r2_fastqc.html
[2025-03-12 15:23:50,717] multiqc                                            [DEBUG  ]  File ignored by longranger/invocation because it exceeded search pattern filesize limit: Sor-CPnd_008-Ex1-1A-lcwgs-1-2-L2-clmp.r2_fastqc.html
[2025-03-12 15:23:50,817] multiqc                                            [DEBUG  ]  Ignoring file as matched an ignore pattern: Sor-CPnd_017-Ex1-3G-lcwgs-1-2-L3-clmp.r1.fq.gz
[2025-03-12 15:23:50,821] multiqc                                            [DEBUG  ]  Ignoring file as matched an ignore pattern: Sor-CPnd_019-Ex1-6G-lcwgs-1-2-L3-clmp.r2.fq.gz
[2025-03-12 15:23:50,822] multiqc                                            [DEBUG  ]  Ignoring file as matched an ignore pattern: Sor-CPnd_020-Ex1-2E-lcwgs-1-2-L3-clmp.r2.fq.gz
[2025-03-12 15:23:50,884] multiqc                                            [DEBUG  ]  File ignored by hicexplorer because it exceeded search pattern filesize limit: Sor-CPnd_009-Ex1-6A-lcwgs-1-2-L2-clmp.r1_fastqc.html
[2025-03-12 15:23:50,902] multiqc                                            [DEBUG  ]  File ignored by longranger/invocation because it exceeded search pattern filesize limit: Sor-CPnd_009-Ex1-6A-lcwgs-1-2-L2-clmp.r1_fastqc.html
[2025-03-12 15:23:51,059] multiqc                                            [DEBUG  ]  File ignored by hicexplorer because it exceeded search pattern filesize limit: Sor-CPnd_031-Ex1-5D-lcwgs-1-2-L3-clmp.r2_fastqc.html
[2025-03-12 15:23:51,077] multiqc                                            [DEBUG  ]  File ignored by longranger/invocation because it exceeded search pattern filesize limit: Sor-CPnd_031-Ex1-5D-lcwgs-1-2-L3-clmp.r2_fastqc.html
[2025-03-12 15:23:51,225] multiqc                                            [DEBUG  ]  File ignored by hicexplorer because it exceeded search pattern filesize limit: Sor-ACeb_021-Ex1-4G-lcwgs-1-2-L2-clmp.r1_fastqc.html
[2025-03-12 15:23:51,241] multiqc                                            [DEBUG  ]  File ignored by longranger/invocation because it exceeded search pattern filesize limit: Sor-ACeb_021-Ex1-4G-lcwgs-1-2-L2-clmp.r1_fastqc.html
[2025-03-12 15:23:51,386] multiqc                                            [DEBUG  ]  File ignored by hicexplorer because it exceeded search pattern filesize limit: Sor-CPnd_034-Ex1-4G-lcwgs-1-2-L2-clmp.r1_fastqc.html
[2025-03-12 15:23:51,402] multiqc                                            [DEBUG  ]  File ignored by longranger/invocation because it exceeded search pattern filesize limit: Sor-CPnd_034-Ex1-4G-lcwgs-1-2-L2-clmp.r1_fastqc.html
[2025-03-12 15:23:51,530] multiqc                                            [DEBUG  ]  File ignored by hicexplorer because it exceeded search pattern filesize limit: Sor-CPnd_020-Ex1-2E-lcwgs-1-2-L3-clmp.r2_fastqc.html
[2025-03-12 15:23:51,545] multiqc                                            [DEBUG  ]  File ignored by longranger/invocation because it exceeded search pattern filesize limit: Sor-CPnd_020-Ex1-2E-lcwgs-1-2-L3-clmp.r2_fastqc.html
[2025-03-12 15:23:51,641] multiqc                                            [DEBUG  ]  Ignoring file as matched an ignore pattern: Sor-CPnd_027-Ex1-3C-lcwgs-1-2-L2-clmp.r2.fq.gz
[2025-03-12 15:23:51,674] multiqc                                            [DEBUG  ]  File ignored by hicexplorer because it exceeded search pattern filesize limit: Sor-CPnd_052-Ex1-6D-lcwgs-1-2-L3-clmp.r1_fastqc.html
[2025-03-12 15:23:51,689] multiqc                                            [DEBUG  ]  File ignored by longranger/invocation because it exceeded search pattern filesize limit: Sor-CPnd_052-Ex1-6D-lcwgs-1-2-L3-clmp.r1_fastqc.html
[2025-03-12 15:23:51,813] multiqc                                            [DEBUG  ]  File ignored by hicexplorer because it exceeded search pattern filesize limit: Sor-ACeb_001-Ex1-8E-lcwgs-1-2-L3-clmp.r2_fastqc.html
[2025-03-12 15:23:51,828] multiqc                                            [DEBUG  ]  File ignored by longranger/invocation because it exceeded search pattern filesize limit: Sor-ACeb_001-Ex1-8E-lcwgs-1-2-L3-clmp.r2_fastqc.html
[2025-03-12 15:23:51,957] multiqc                                            [DEBUG  ]  File ignored by hicexplorer because it exceeded search pattern filesize limit: Sor-CPnd_024-Ex1-5G-lcwgs-1-2-L2-clmp.r1_fastqc.html
[2025-03-12 15:23:51,972] multiqc                                            [DEBUG  ]  File ignored by longranger/invocation because it exceeded search pattern filesize limit: Sor-CPnd_024-Ex1-5G-lcwgs-1-2-L2-clmp.r1_fastqc.html
[2025-03-12 15:23:52,076] multiqc                                            [DEBUG  ]  Ignoring file as matched an ignore pattern: Sor-CPnd_007-Ex1-1C-lcwgs-1-2-L3-clmp.r2.fq.gz
[2025-03-12 15:23:52,142] multiqc                                            [DEBUG  ]  File ignored by hicexplorer because it exceeded search pattern filesize limit: Sor-ACeb_007-Ex1-2F-lcwgs-1-2-L2-clmp.r1_fastqc.html
[2025-03-12 15:23:52,160] multiqc                                            [DEBUG  ]  File ignored by longranger/invocation because it exceeded search pattern filesize limit: Sor-ACeb_007-Ex1-2F-lcwgs-1-2-L2-clmp.r1_fastqc.html
[2025-03-12 15:23:52,284] multiqc                                            [DEBUG  ]  Ignoring file as matched an ignore pattern: Sor-ACeb_005-Ex1-12E-lcwgs-1-2-L3-clmp.r1.fq.gz
[2025-03-12 15:23:52,341] multiqc                                            [DEBUG  ]  File ignored by hicexplorer because it exceeded search pattern filesize limit: Sor-ACeb_012-Ex1-7F-lcwgs-1-2-L2-clmp.r2_fastqc.html
[2025-03-12 15:23:52,357] multiqc                                            [DEBUG  ]  File ignored by longranger/invocation because it exceeded search pattern filesize limit: Sor-ACeb_012-Ex1-7F-lcwgs-1-2-L2-clmp.r2_fastqc.html
[2025-03-12 15:23:52,512] multiqc                                            [DEBUG  ]  File ignored by hicexplorer because it exceeded search pattern filesize limit: Sor-ACeb_013-Ex1-8F-lcwgs-1-2-L3-clmp.r1_fastqc.html
[2025-03-12 15:23:52,531] multiqc                                            [DEBUG  ]  File ignored by longranger/invocation because it exceeded search pattern filesize limit: Sor-ACeb_013-Ex1-8F-lcwgs-1-2-L3-clmp.r1_fastqc.html
[2025-03-12 15:23:52,651] multiqc                                            [DEBUG  ]  Ignoring file as matched an ignore pattern: Sor-ACeb_012-Ex1-7F-lcwgs-1-2-L2-clmp.r1.fq.gz
[2025-03-12 15:23:52,652] multiqc                                            [DEBUG  ]  Ignoring file as matched an ignore pattern: Sor-CPnd_009-Ex1-6A-lcwgs-1-2-L3-clmp.r2.fq.gz
[2025-03-12 15:23:52,654] multiqc                                            [DEBUG  ]  Ignoring file as matched an ignore pattern: Sor-ACeb_007-Ex1-2F-lcwgs-1-2-L2-clmp.r2.fq.gz
[2025-03-12 15:23:52,687] multiqc                                            [DEBUG  ]  File ignored by hicexplorer because it exceeded search pattern filesize limit: Sor-CPnd_001-Ex1-3E-lcwgs-1-2-L2-clmp.r1_fastqc.html
[2025-03-12 15:23:52,702] multiqc                                            [DEBUG  ]  File ignored by longranger/invocation because it exceeded search pattern filesize limit: Sor-CPnd_001-Ex1-3E-lcwgs-1-2-L2-clmp.r1_fastqc.html
[2025-03-12 15:23:52,810] multiqc                                            [DEBUG  ]  Ignoring file as matched an ignore pattern: Sor-CPnd_050-Ex1-3F-lcwgs-1-2-L2-clmp.r1.fq.gz
[2025-03-12 15:23:52,811] multiqc                                            [DEBUG  ]  Ignoring file as matched an ignore pattern: Sor-CPnd_016-Ex1-1B-lcwgs-1-2-L3-clmp.r2.fq.gz
[2025-03-12 15:23:52,879] multiqc                                            [DEBUG  ]  File ignored by hicexplorer because it exceeded search pattern filesize limit: Sor-ACeb_003-Ex1-10E-lcwgs-1-2-L3-clmp.r2_fastqc.html
[2025-03-12 15:23:52,898] multiqc                                            [DEBUG  ]  File ignored by longranger/invocation because it exceeded search pattern filesize limit: Sor-ACeb_003-Ex1-10E-lcwgs-1-2-L3-clmp.r2_fastqc.html
[2025-03-12 15:23:53,018] multiqc                                            [DEBUG  ]  Ignoring file as matched an ignore pattern: Undetermined-L2-clmp.r2.fq.gz
[2025-03-12 15:23:53,079] multiqc                                            [DEBUG  ]  File ignored by hicexplorer because it exceeded search pattern filesize limit: Sor-CPnd_007-Ex1-1C-lcwgs-1-2-L3-clmp.r1_fastqc.html
[2025-03-12 15:23:53,098] multiqc                                            [DEBUG  ]  File ignored by longranger/invocation because it exceeded search pattern filesize limit: Sor-CPnd_007-Ex1-1C-lcwgs-1-2-L3-clmp.r1_fastqc.html
[2025-03-12 15:23:53,218] multiqc                                            [DEBUG  ]  Ignoring file as matched an ignore pattern: Sor-CPnd_037-Ex1-6C-lcwgs-1-2-L2-clmp.r1.fq.gz
[2025-03-12 15:23:53,283] multiqc                                            [DEBUG  ]  File ignored by hicexplorer because it exceeded search pattern filesize limit: Sor-CPnd_010-Ex1-1H-lcwgs-1-2-L3-clmp.r2_fastqc.html
[2025-03-12 15:23:53,301] multiqc                                            [DEBUG  ]  File ignored by longranger/invocation because it exceeded search pattern filesize limit: Sor-CPnd_010-Ex1-1H-lcwgs-1-2-L3-clmp.r2_fastqc.html
[2025-03-12 15:23:53,483] multiqc                                            [DEBUG  ]  File ignored by hicexplorer because it exceeded search pattern filesize limit: Sor-CPnd_044-Ex1-8G-lcwgs-1-2-L2-clmp.r2_fastqc.html
[2025-03-12 15:23:53,501] multiqc                                            [DEBUG  ]  File ignored by longranger/invocation because it exceeded search pattern filesize limit: Sor-CPnd_044-Ex1-8G-lcwgs-1-2-L2-clmp.r2_fastqc.html
[2025-03-12 15:23:53,622] multiqc                                            [DEBUG  ]  Ignoring file as matched an ignore pattern: Sor-ACeb_022-Ex1-5G-lcwgs-1-2-L2-clmp.r2.fq.gz
[2025-03-12 15:23:53,623] multiqc                                            [DEBUG  ]  Ignoring file as matched an ignore pattern: Sor-ACeb_002-Ex1-9E-lcwgs-1-2-L3-clmp.r1.fq.gz
[2025-03-12 15:23:53,689] multiqc                                            [DEBUG  ]  File ignored by hicexplorer because it exceeded search pattern filesize limit: Sor-ACeb_008-Ex1-3F-lcwgs-1-2-L2-clmp.r1_fastqc.html
[2025-03-12 15:23:53,707] multiqc                                            [DEBUG  ]  File ignored by longranger/invocation because it exceeded search pattern filesize limit: Sor-ACeb_008-Ex1-3F-lcwgs-1-2-L2-clmp.r1_fastqc.html
[2025-03-12 15:23:53,892] multiqc                                            [DEBUG  ]  File ignored by hicexplorer because it exceeded search pattern filesize limit: Sor-CPnd_037-Ex1-6C-lcwgs-1-2-L2-clmp.r1_fastqc.html
[2025-03-12 15:23:53,909] multiqc                                            [DEBUG  ]  File ignored by longranger/invocation because it exceeded search pattern filesize limit: Sor-CPnd_037-Ex1-6C-lcwgs-1-2-L2-clmp.r1_fastqc.html
[2025-03-12 15:23:54,021] multiqc                                            [DEBUG  ]  Ignoring file as matched an ignore pattern: Sor-CPnd_045-Ex1-7B-lcwgs-1-2-L2-clmp.r2.fq.gz
[2025-03-12 15:23:54,056] multiqc                                            [DEBUG  ]  File ignored by hicexplorer because it exceeded search pattern filesize limit: Sor-CPnd_018-Ex1-1E-lcwgs-1-2-L3-clmp.r2_fastqc.html
[2025-03-12 15:23:54,072] multiqc                                            [DEBUG  ]  File ignored by longranger/invocation because it exceeded search pattern filesize limit: Sor-CPnd_018-Ex1-1E-lcwgs-1-2-L3-clmp.r2_fastqc.html
[2025-03-12 15:23:54,229] multiqc                                            [DEBUG  ]  File ignored by hicexplorer because it exceeded search pattern filesize limit: Sor-CPnd_069-Ex1-6B-lcwgs-1-2-L2-clmp.r2_fastqc.html
[2025-03-12 15:23:54,248] multiqc                                            [DEBUG  ]  File ignored by longranger/invocation because it exceeded search pattern filesize limit: Sor-CPnd_069-Ex1-6B-lcwgs-1-2-L2-clmp.r2_fastqc.html
[2025-03-12 15:23:54,426] multiqc                                            [DEBUG  ]  File ignored by hicexplorer because it exceeded search pattern filesize limit: Sor-ACeb_010-Ex1-5F-lcwgs-1-2-L3-clmp.r1_fastqc.html
[2025-03-12 15:23:54,444] multiqc                                            [DEBUG  ]  File ignored by longranger/invocation because it exceeded search pattern filesize limit: Sor-ACeb_010-Ex1-5F-lcwgs-1-2-L3-clmp.r1_fastqc.html
[2025-03-12 15:23:54,559] multiqc                                            [DEBUG  ]  Ignoring file as matched an ignore pattern: Sor-CPnd_003-Ex1-2B-lcwgs-1-2-L3-clmp.r1.fq.gz
[2025-03-12 15:23:54,622] multiqc                                            [DEBUG  ]  File ignored by hicexplorer because it exceeded search pattern filesize limit: Sor-ACeb_009-Ex1-4F-lcwgs-1-2-L2-clmp.r2_fastqc.html
[2025-03-12 15:23:54,641] multiqc                                            [DEBUG  ]  File ignored by longranger/invocation because it exceeded search pattern filesize limit: Sor-ACeb_009-Ex1-4F-lcwgs-1-2-L2-clmp.r2_fastqc.html
[2025-03-12 15:23:54,790] multiqc                                            [DEBUG  ]  File ignored by hicexplorer because it exceeded search pattern filesize limit: Sor-CPnd_041-Ex1-7A-lcwgs-1-2-L3-clmp.r2_fastqc.html
[2025-03-12 15:23:54,805] multiqc                                            [DEBUG  ]  File ignored by longranger/invocation because it exceeded search pattern filesize limit: Sor-CPnd_041-Ex1-7A-lcwgs-1-2-L3-clmp.r2_fastqc.html
[2025-03-12 15:23:54,903] multiqc                                            [DEBUG  ]  Ignoring file as matched an ignore pattern: Sor-ACeb_018-Ex1-1G-lcwgs-1-2-L2-clmp.r1.fq.gz
[2025-03-12 15:23:54,904] multiqc                                            [DEBUG  ]  Ignoring file as matched an ignore pattern: Sor-ACeb_014-Ex1-9F-lcwgs-1-2-L2-clmp.r1.fq.gz
[2025-03-12 15:23:54,937] multiqc                                            [DEBUG  ]  File ignored by hicexplorer because it exceeded search pattern filesize limit: Sor-ACeb_004-Ex1-11E-lcwgs-1-2-L2-clmp.r1_fastqc.html
[2025-03-12 15:23:54,953] multiqc                                            [DEBUG  ]  File ignored by longranger/invocation because it exceeded search pattern filesize limit: Sor-ACeb_004-Ex1-11E-lcwgs-1-2-L2-clmp.r1_fastqc.html
[2025-03-12 15:23:55,056] multiqc                                            [DEBUG  ]  Ignoring file as matched an ignore pattern: Sor-CPnd_012-Ex1-5B-lcwgs-1-2-L2-clmp.r1.fq.gz
[2025-03-12 15:23:55,059] multiqc                                            [DEBUG  ]  Ignoring file as matched an ignore pattern: Sor-CPnd_033-Ex1-2F-lcwgs-1-2-L2-clmp.r2.fq.gz
[2025-03-12 15:23:55,060] multiqc                                            [DEBUG  ]  Ignoring file as matched an ignore pattern: Sor-CPnd_069-Ex1-6B-lcwgs-1-2-L2-clmp.r2.fq.gz
[2025-03-12 15:23:55,099] multiqc                                            [DEBUG  ]  File ignored by hicexplorer because it exceeded search pattern filesize limit: Sor-CPnd_030-Ex1-2H-lcwgs-1-2-L2-clmp.r2_fastqc.html
[2025-03-12 15:23:55,114] multiqc                                            [DEBUG  ]  File ignored by longranger/invocation because it exceeded search pattern filesize limit: Sor-CPnd_030-Ex1-2H-lcwgs-1-2-L2-clmp.r2_fastqc.html
[2025-03-12 15:23:55,244] multiqc                                            [DEBUG  ]  File ignored by hicexplorer because it exceeded search pattern filesize limit: Sor-CPnd_054-Ex1-8F-lcwgs-1-2-L2-clmp.r1_fastqc.html
[2025-03-12 15:23:55,260] multiqc                                            [DEBUG  ]  File ignored by longranger/invocation because it exceeded search pattern filesize limit: Sor-CPnd_054-Ex1-8F-lcwgs-1-2-L2-clmp.r1_fastqc.html
[2025-03-12 15:23:55,369] multiqc                                            [DEBUG  ]  Ignoring file as matched an ignore pattern: Sor-CPnd_022-Ex1-7C-lcwgs-1-2-L2-clmp.r2.fq.gz
[2025-03-12 15:23:55,428] multiqc                                            [DEBUG  ]  File ignored by hicexplorer because it exceeded search pattern filesize limit: Sor-ACeb_015-Ex1-10F-lcwgs-1-2-L2-clmp.r2_fastqc.html
[2025-03-12 15:23:55,444] multiqc                                            [DEBUG  ]  File ignored by longranger/invocation because it exceeded search pattern filesize limit: Sor-ACeb_015-Ex1-10F-lcwgs-1-2-L2-clmp.r2_fastqc.html
[2025-03-12 15:23:55,572] multiqc                                            [DEBUG  ]  File ignored by hicexplorer because it exceeded search pattern filesize limit: Sor-CPnd_002-Ex1-5E-lcwgs-1-2-L3-clmp.r1_fastqc.html
[2025-03-12 15:23:55,587] multiqc                                            [DEBUG  ]  File ignored by longranger/invocation because it exceeded search pattern filesize limit: Sor-CPnd_002-Ex1-5E-lcwgs-1-2-L3-clmp.r1_fastqc.html
[2025-03-12 15:23:55,684] multiqc                                            [DEBUG  ]  Ignoring file as matched an ignore pattern: Sor-CPnd_010-Ex1-1H-lcwgs-1-2-L3-clmp.r1.fq.gz
[2025-03-12 15:23:55,689] multiqc                                            [DEBUG  ]  Ignoring file as matched an ignore pattern: Sor-CPnd_046-Ex1-5A-lcwgs-1-2-L2-clmp.r1.fq.gz
[2025-03-12 15:23:55,753] multiqc                                            [DEBUG  ]  File ignored by hicexplorer because it exceeded search pattern filesize limit: Sor-CPnd_038-Ex1-2A-lcwgs-1-2-L2-clmp.r2_fastqc.html
[2025-03-12 15:23:55,769] multiqc                                            [DEBUG  ]  File ignored by longranger/invocation because it exceeded search pattern filesize limit: Sor-CPnd_038-Ex1-2A-lcwgs-1-2-L2-clmp.r2_fastqc.html
[2025-03-12 15:23:55,866] multiqc                                            [DEBUG  ]  Ignoring file as matched an ignore pattern: Sor-CPnd_053-Ex1-2C-lcwgs-1-2-L2-clmp.r1.fq.gz
[2025-03-12 15:23:55,867] multiqc                                            [DEBUG  ]  Ignoring file as matched an ignore pattern: Sor-CPnd_015-Ex1-5F-lcwgs-1-2-L2-clmp.r2.fq.gz
[2025-03-12 15:23:55,868] multiqc                                            [DEBUG  ]  Ignoring file as matched an ignore pattern: Sor-ACeb_011-Ex1-6F-lcwgs-1-2-L3-clmp.r1.fq.gz
[2025-03-12 15:23:55,869] multiqc                                            [DEBUG  ]  Ignoring file as matched an ignore pattern: Sor-ACeb_015-Ex1-10F-lcwgs-1-2-L3-clmp.r1.fq.gz
[2025-03-12 15:23:55,926] multiqc                                            [DEBUG  ]  File ignored by hicexplorer because it exceeded search pattern filesize limit: Sor-ACeb_002-Ex1-9E-lcwgs-1-2-L3-clmp.r2_fastqc.html
[2025-03-12 15:23:55,942] multiqc                                            [DEBUG  ]  File ignored by longranger/invocation because it exceeded search pattern filesize limit: Sor-ACeb_002-Ex1-9E-lcwgs-1-2-L3-clmp.r2_fastqc.html
[2025-03-12 15:23:56,089] multiqc                                            [DEBUG  ]  File ignored by hicexplorer because it exceeded search pattern filesize limit: Sor-CPnd_003-Ex1-2B-lcwgs-1-2-L2-clmp.r2_fastqc.html
[2025-03-12 15:23:56,104] multiqc                                            [DEBUG  ]  File ignored by longranger/invocation because it exceeded search pattern filesize limit: Sor-CPnd_003-Ex1-2B-lcwgs-1-2-L2-clmp.r2_fastqc.html
[2025-03-12 15:23:56,183] multiqc                                            [DEBUG  ]  Ignoring file as matched an ignore pattern: Sor-CPnd_044-Ex1-8G-lcwgs-1-2-L3-clmp.r1.fq.gz
[2025-03-12 15:23:56,184] multiqc                                            [DEBUG  ]  Ignoring file as matched an ignore pattern: Sor-CPnd_063-Ex1-7D-lcwgs-1-2-L2-clmp.r1.fq.gz
[2025-03-12 15:23:56,210] multiqc                                            [DEBUG  ]  File ignored by hicexplorer because it exceeded search pattern filesize limit: Sor-CPnd_072-Ex1-8C-lcwgs-1-2-L2-clmp.r1_fastqc.html
[2025-03-12 15:23:56,221] multiqc                                            [DEBUG  ]  File ignored by longranger/invocation because it exceeded search pattern filesize limit: Sor-CPnd_072-Ex1-8C-lcwgs-1-2-L2-clmp.r1_fastqc.html
[2025-03-12 15:23:56,346] multiqc                                            [DEBUG  ]  File ignored by hicexplorer because it exceeded search pattern filesize limit: Sor-ACeb_022-Ex1-5G-lcwgs-1-2-L2-clmp.r1_fastqc.html
[2025-03-12 15:23:56,364] multiqc                                            [DEBUG  ]  File ignored by longranger/invocation because it exceeded search pattern filesize limit: Sor-ACeb_022-Ex1-5G-lcwgs-1-2-L2-clmp.r1_fastqc.html
[2025-03-12 15:23:56,508] multiqc                                            [DEBUG  ]  File ignored by hicexplorer because it exceeded search pattern filesize limit: Sor-CPnd_046-Ex1-5A-lcwgs-1-2-L3-clmp.r2_fastqc.html
[2025-03-12 15:23:56,525] multiqc                                            [DEBUG  ]  File ignored by longranger/invocation because it exceeded search pattern filesize limit: Sor-CPnd_046-Ex1-5A-lcwgs-1-2-L3-clmp.r2_fastqc.html
[2025-03-12 15:23:56,693] multiqc                                            [DEBUG  ]  File ignored by hicexplorer because it exceeded search pattern filesize limit: Sor-ACeb_014-Ex1-9F-lcwgs-1-2-L3-clmp.r1_fastqc.html
[2025-03-12 15:23:56,710] multiqc                                            [DEBUG  ]  File ignored by longranger/invocation because it exceeded search pattern filesize limit: Sor-ACeb_014-Ex1-9F-lcwgs-1-2-L3-clmp.r1_fastqc.html
[2025-03-12 15:23:56,818] multiqc                                            [DEBUG  ]  Ignoring file as matched an ignore pattern: Sor-CPnd_029-Ex1-8E-lcwgs-1-2-L3-clmp.r2.fq.gz
[2025-03-12 15:23:56,819] multiqc                                            [DEBUG  ]  Ignoring file as matched an ignore pattern: Sor-CPnd_018-Ex1-1E-lcwgs-1-2-L3-clmp.r2.fq.gz
[2025-03-12 15:23:56,855] multiqc                                            [DEBUG  ]  File ignored by hicexplorer because it exceeded search pattern filesize limit: Sor-CPnd_013-Ex1-7F-lcwgs-1-2-L3-clmp.r2_fastqc.html
[2025-03-12 15:23:56,871] multiqc                                            [DEBUG  ]  File ignored by longranger/invocation because it exceeded search pattern filesize limit: Sor-CPnd_013-Ex1-7F-lcwgs-1-2-L3-clmp.r2_fastqc.html
[2025-03-12 15:23:57,028] multiqc                                            [DEBUG  ]  File ignored by hicexplorer because it exceeded search pattern filesize limit: Sor-ACeb_017-Ex1-12F-lcwgs-1-2-L2-clmp.r2_fastqc.html
[2025-03-12 15:23:57,045] multiqc                                            [DEBUG  ]  File ignored by longranger/invocation because it exceeded search pattern filesize limit: Sor-ACeb_017-Ex1-12F-lcwgs-1-2-L2-clmp.r2_fastqc.html
[2025-03-12 15:23:57,147] multiqc                                            [DEBUG  ]  Ignoring file as matched an ignore pattern: Sor-ACeb_001-Ex1-8E-lcwgs-1-2-L2-clmp.r1.fq.gz
[2025-03-12 15:23:57,176] multiqc                                            [DEBUG  ]  File ignored by hicexplorer because it exceeded search pattern filesize limit: Sor-CPnd_058-Ex1-2G-lcwgs-1-2-L3-clmp.r2_fastqc.html
[2025-03-12 15:23:57,190] multiqc                                            [DEBUG  ]  File ignored by longranger/invocation because it exceeded search pattern filesize limit: Sor-CPnd_058-Ex1-2G-lcwgs-1-2-L3-clmp.r2_fastqc.html
[2025-03-12 15:23:57,285] multiqc                                            [DEBUG  ]  Ignoring file as matched an ignore pattern: Sor-ACeb_021-Ex1-4G-lcwgs-1-2-L3-clmp.r2.fq.gz
[2025-03-12 15:23:57,346] multiqc                                            [DEBUG  ]  File ignored by hicexplorer because it exceeded search pattern filesize limit: Sor-ACeb_018-Ex1-1G-lcwgs-1-2-L3-clmp.r2_fastqc.html
[2025-03-12 15:23:57,362] multiqc                                            [DEBUG  ]  File ignored by longranger/invocation because it exceeded search pattern filesize limit: Sor-ACeb_018-Ex1-1G-lcwgs-1-2-L3-clmp.r2_fastqc.html
[2025-03-12 15:23:57,526] multiqc                                            [DEBUG  ]  File ignored by hicexplorer because it exceeded search pattern filesize limit: Sor-CPnd_029-Ex1-8E-lcwgs-1-2-L2-clmp.r1_fastqc.html
[2025-03-12 15:23:57,544] multiqc                                            [DEBUG  ]  File ignored by longranger/invocation because it exceeded search pattern filesize limit: Sor-CPnd_029-Ex1-8E-lcwgs-1-2-L2-clmp.r1_fastqc.html
[2025-03-12 15:23:57,663] multiqc                                            [DEBUG  ]  Ignoring file as matched an ignore pattern: Sor-CPnd_028-Ex1-3A-lcwgs-1-2-L2-clmp.r1.fq.gz
[2025-03-12 15:23:57,721] multiqc                                            [DEBUG  ]  File ignored by hicexplorer because it exceeded search pattern filesize limit: Sor-CPnd_026-Ex1-3H-lcwgs-1-2-L2-clmp.r1_fastqc.html
[2025-03-12 15:23:57,740] multiqc                                            [DEBUG  ]  File ignored by longranger/invocation because it exceeded search pattern filesize limit: Sor-CPnd_026-Ex1-3H-lcwgs-1-2-L2-clmp.r1_fastqc.html
[2025-03-12 15:23:57,860] multiqc                                            [DEBUG  ]  Ignoring file as matched an ignore pattern: Sor-CPnd_041-Ex1-7A-lcwgs-1-2-L3-clmp.r2.fq.gz
[2025-03-12 15:23:57,863] multiqc                                            [DEBUG  ]  Ignoring file as matched an ignore pattern: Sor-CPnd_066-Ex1-8B-lcwgs-1-2-L2-clmp.r2.fq.gz
[2025-03-12 15:23:57,864] multiqc                                            [DEBUG  ]  Ignoring file as matched an ignore pattern: Sor-ACeb_016-Ex1-11F-lcwgs-1-2-L2-clmp.r2.fq.gz
[2025-03-12 15:23:57,869] multiqc                                            [DEBUG  ]  Ignoring file as matched an ignore pattern: Sor-ACeb_013-Ex1-8F-lcwgs-1-2-L2-clmp.r2.fq.gz
[2025-03-12 15:23:57,874] multiqc                                            [DEBUG  ]  Ignoring file as matched an ignore pattern: Sor-CPnd_034-Ex1-4G-lcwgs-1-2-L3-clmp.r1.fq.gz
[2025-03-12 15:23:57,911] multiqc                                            [DEBUG  ]  File ignored by hicexplorer because it exceeded search pattern filesize limit: Sor-CPnd_027-Ex1-3C-lcwgs-1-2-L3-clmp.r1_fastqc.html
[2025-03-12 15:23:57,929] multiqc                                            [DEBUG  ]  File ignored by longranger/invocation because it exceeded search pattern filesize limit: Sor-CPnd_027-Ex1-3C-lcwgs-1-2-L3-clmp.r1_fastqc.html
[2025-03-12 15:23:58,042] multiqc                                            [DEBUG  ]  Ignoring file as matched an ignore pattern: Sor-ACeb_009-Ex1-4F-lcwgs-1-2-L3-clmp.r1.fq.gz
[2025-03-12 15:23:58,043] multiqc                                            [DEBUG  ]  Ignoring file as matched an ignore pattern: Sor-CPnd_004-Ex1-1G-lcwgs-1-2-L2-clmp.r2.fq.gz
[2025-03-12 15:23:58,044] multiqc                                            [DEBUG  ]  Ignoring file as matched an ignore pattern: Sor-ACeb_003-Ex1-10E-lcwgs-1-2-L2-clmp.r2.fq.gz
[2025-03-12 15:23:58,075] multiqc                                            [DEBUG  ]  File ignored by hicexplorer because it exceeded search pattern filesize limit: Sor-CPnd_005-Ex1-3D-lcwgs-1-2-L3-clmp.r2_fastqc.html
[2025-03-12 15:23:58,090] multiqc                                            [DEBUG  ]  File ignored by longranger/invocation because it exceeded search pattern filesize limit: Sor-CPnd_005-Ex1-3D-lcwgs-1-2-L3-clmp.r2_fastqc.html
[2025-03-12 15:23:58,237] multiqc                                            [DEBUG  ]  File ignored by hicexplorer because it exceeded search pattern filesize limit: Sor-CPnd_043-Ex1-1D-lcwgs-1-2-L2-clmp.r2_fastqc.html
[2025-03-12 15:23:58,254] multiqc                                            [DEBUG  ]  File ignored by longranger/invocation because it exceeded search pattern filesize limit: Sor-CPnd_043-Ex1-1D-lcwgs-1-2-L2-clmp.r2_fastqc.html
[2025-03-12 15:23:58,426] multiqc                                            [DEBUG  ]  File ignored by hicexplorer because it exceeded search pattern filesize limit: Sor-CPnd_019-Ex1-6G-lcwgs-1-2-L3-clmp.r2_fastqc.html
[2025-03-12 15:23:58,445] multiqc                                            [DEBUG  ]  File ignored by longranger/invocation because it exceeded search pattern filesize limit: Sor-CPnd_019-Ex1-6G-lcwgs-1-2-L3-clmp.r2_fastqc.html
[2025-03-12 15:23:58,626] multiqc                                            [DEBUG  ]  File ignored by hicexplorer because it exceeded search pattern filesize limit: Sor-ACeb_019-Ex1-3G-lcwgs-1-2-L3-clmp.r1_fastqc.html
[2025-03-12 15:23:58,644] multiqc                                            [DEBUG  ]  File ignored by longranger/invocation because it exceeded search pattern filesize limit: Sor-ACeb_019-Ex1-3G-lcwgs-1-2-L3-clmp.r1_fastqc.html
[2025-03-12 15:23:58,811] multiqc                                            [DEBUG  ]  File ignored by hicexplorer because it exceeded search pattern filesize limit: Sor-ACeb_020-Ex1-2G-lcwgs-1-2-L3-clmp.r2_fastqc.html
[2025-03-12 15:23:58,829] multiqc                                            [DEBUG  ]  File ignored by longranger/invocation because it exceeded search pattern filesize limit: Sor-ACeb_020-Ex1-2G-lcwgs-1-2-L3-clmp.r2_fastqc.html
[2025-03-12 15:23:58,983] multiqc                                            [DEBUG  ]  File ignored by hicexplorer because it exceeded search pattern filesize limit: Sor-CPnd_014-Ex1-1F-lcwgs-1-2-L2-clmp.r2_fastqc.html
[2025-03-12 15:23:58,998] multiqc                                            [DEBUG  ]  File ignored by longranger/invocation because it exceeded search pattern filesize limit: Sor-CPnd_014-Ex1-1F-lcwgs-1-2-L2-clmp.r2_fastqc.html
[2025-03-12 15:23:59,130] multiqc                                            [DEBUG  ]  Ignoring file as matched an ignore pattern: Sor-CPnd_002-Ex1-5E-lcwgs-1-2-L2-clmp.r1.fq.gz
[2025-03-12 15:23:59,132] multiqc                                            [DEBUG  ]  Ignoring file as matched an ignore pattern: Sor-CPnd_006-Ex1-2D-lcwgs-1-2-L2-clmp.r2.fq.gz
[2025-03-12 15:23:59,172] multiqc                                            [DEBUG  ]  File ignored by hicexplorer because it exceeded search pattern filesize limit: Sor-CPnd_022-Ex1-7C-lcwgs-1-2-L3-clmp.r2_fastqc.html
[2025-03-12 15:23:59,191] multiqc                                            [DEBUG  ]  File ignored by longranger/invocation because it exceeded search pattern filesize limit: Sor-CPnd_022-Ex1-7C-lcwgs-1-2-L3-clmp.r2_fastqc.html
[2025-03-12 15:23:59,369] multiqc                                            [DEBUG  ]  File ignored by hicexplorer because it exceeded search pattern filesize limit: Sor-CPnd_066-Ex1-8B-lcwgs-1-2-L2-clmp.r2_fastqc.html
[2025-03-12 15:23:59,387] multiqc                                            [DEBUG  ]  File ignored by longranger/invocation because it exceeded search pattern filesize limit: Sor-CPnd_066-Ex1-8B-lcwgs-1-2-L2-clmp.r2_fastqc.html
[2025-03-12 15:23:59,562] multiqc                                            [DEBUG  ]  File ignored by hicexplorer because it exceeded search pattern filesize limit: Sor-CPnd_016-Ex1-1B-lcwgs-1-2-L2-clmp.r1_fastqc.html
[2025-03-12 15:23:59,581] multiqc                                            [DEBUG  ]  File ignored by longranger/invocation because it exceeded search pattern filesize limit: Sor-CPnd_016-Ex1-1B-lcwgs-1-2-L2-clmp.r1_fastqc.html
[2025-03-12 15:23:59,764] multiqc                                            [DEBUG  ]  File ignored by hicexplorer because it exceeded search pattern filesize limit: Sor-CPnd_017-Ex1-3G-lcwgs-1-2-L3-clmp.r1_fastqc.html
[2025-03-12 15:23:59,782] multiqc                                            [DEBUG  ]  File ignored by longranger/invocation because it exceeded search pattern filesize limit: Sor-CPnd_017-Ex1-3G-lcwgs-1-2-L3-clmp.r1_fastqc.html
[2025-03-12 15:23:59,896] multiqc                                            [DEBUG  ]  Ignoring file as matched an ignore pattern: Sor-ACeb_006-Ex1-1F-lcwgs-1-2-L2-clmp.r1.fq.gz
[2025-03-12 15:23:59,900] multiqc                                            [DEBUG  ]  Ignoring file as matched an ignore pattern: Sor-CPnd_055-Ex1-7G-lcwgs-1-2-L2-clmp.r1.fq.gz
[2025-03-12 15:23:59,900] multiqc                                            [DEBUG  ]  Ignoring file as matched an ignore pattern: Sor-CPnd_001-Ex1-3E-lcwgs-1-2-L2-clmp.r1.fq.gz
[2025-03-12 15:23:59,902] multiqc                                            [DEBUG  ]  Ignoring file as matched an ignore pattern: Sor-ACeb_020-Ex1-2G-lcwgs-1-2-L2-clmp.r1.fq.gz
[2025-03-12 15:23:59,905] multiqc                                            [DEBUG  ]  Ignoring file as matched an ignore pattern: Sor-CPnd_014-Ex1-1F-lcwgs-1-2-L3-clmp.r1.fq.gz
[2025-03-12 15:23:59,905] multiqc                                            [DEBUG  ]  Ignoring file as matched an ignore pattern: Sor-CPnd_072-Ex1-8C-lcwgs-1-2-L2-clmp.r2.fq.gz
[2025-03-12 15:23:59,906] multiqc                                            [DEBUG  ]  Ignoring file as matched an ignore pattern: Sor-CPnd_036-Ex1-5C-lcwgs-1-2-L2-clmp.r2.fq.gz
[2025-03-12 15:23:59,965] multiqc                                            [DEBUG  ]  File ignored by hicexplorer because it exceeded search pattern filesize limit: Sor-CPnd_015-Ex1-5F-lcwgs-1-2-L2-clmp.r1_fastqc.html
[2025-03-12 15:23:59,980] multiqc                                            [DEBUG  ]  File ignored by longranger/invocation because it exceeded search pattern filesize limit: Sor-CPnd_015-Ex1-5F-lcwgs-1-2-L2-clmp.r1_fastqc.html
[2025-03-12 15:24:00,090] multiqc                                            [DEBUG  ]  File ignored by hicexplorer because it exceeded search pattern filesize limit: Undetermined-L3-clmp.r1_fastqc.html
[2025-03-12 15:24:00,105] multiqc                                            [DEBUG  ]  File ignored by longranger/invocation because it exceeded search pattern filesize limit: Undetermined-L3-clmp.r1_fastqc.html
[2025-03-12 15:24:00,187] multiqc                                            [DEBUG  ]  Ignoring file as matched an ignore pattern: Sor-CPnd_049-Ex1-3B-lcwgs-1-2-L2-clmp.r2.fq.gz
[2025-03-12 15:24:00,187] multiqc                                            [DEBUG  ]  Ignoring file as matched an ignore pattern: Sor-CPnd_052-Ex1-6D-lcwgs-1-2-L2-clmp.r1.fq.gz
[2025-03-12 15:24:00,241] multiqc                                            [DEBUG  ]  File ignored by hicexplorer because it exceeded search pattern filesize limit: Sor-ACeb_006-Ex1-1F-lcwgs-1-2-L3-clmp.r2_fastqc.html
[2025-03-12 15:24:00,254] multiqc                                            [DEBUG  ]  File ignored by longranger/invocation because it exceeded search pattern filesize limit: Sor-ACeb_006-Ex1-1F-lcwgs-1-2-L3-clmp.r2_fastqc.html
[2025-03-12 15:24:00,338] multiqc                                            [DEBUG  ]  Ignoring file as matched an ignore pattern: Sor-CPnd_013-Ex1-7F-lcwgs-1-2-L2-clmp.r2.fq.gz
[2025-03-12 15:24:00,339] multiqc                                            [DEBUG  ]  Ignoring file as matched an ignore pattern: Sor-CPnd_038-Ex1-2A-lcwgs-1-2-L2-clmp.r2.fq.gz
[2025-03-12 15:24:00,340] multiqc                                            [DEBUG  ]  Ignoring file as matched an ignore pattern: Sor-CPnd_043-Ex1-1D-lcwgs-1-2-L3-clmp.r1.fq.gz
[2025-03-12 15:24:00,340] multiqc                                            [DEBUG  ]  Ignoring file as matched an ignore pattern: Sor-CPnd_008-Ex1-1A-lcwgs-1-2-L3-clmp.r1.fq.gz
[2025-03-12 15:24:00,369] multiqc                                            [DEBUG  ]  File ignored by hicexplorer because it exceeded search pattern filesize limit: Sor-CPnd_053-Ex1-2C-lcwgs-1-2-L2-clmp.r2_fastqc.html
[2025-03-12 15:24:00,383] multiqc                                            [DEBUG  ]  File ignored by longranger/invocation because it exceeded search pattern filesize limit: Sor-CPnd_053-Ex1-2C-lcwgs-1-2-L2-clmp.r2_fastqc.html
[2025-03-12 15:24:00,495] multiqc                                            [DEBUG  ]  File ignored by hicexplorer because it exceeded search pattern filesize limit: Sor-CPnd_055-Ex1-7G-lcwgs-1-2-L2-clmp.r1_fastqc.html
[2025-03-12 15:24:00,509] multiqc                                            [DEBUG  ]  File ignored by longranger/invocation because it exceeded search pattern filesize limit: Sor-CPnd_055-Ex1-7G-lcwgs-1-2-L2-clmp.r1_fastqc.html
[2025-03-12 15:24:00,618] multiqc                                            [DEBUG  ]  File ignored by hicexplorer because it exceeded search pattern filesize limit: Sor-CPnd_004-Ex1-1G-lcwgs-1-2-L2-clmp.r1_fastqc.html
[2025-03-12 15:24:00,631] multiqc                                            [DEBUG  ]  File ignored by longranger/invocation because it exceeded search pattern filesize limit: Sor-CPnd_004-Ex1-1G-lcwgs-1-2-L2-clmp.r1_fastqc.html
[2025-03-12 15:24:00,699] multiqc                                            [DEBUG  ]  Ignoring file as matched an ignore pattern: Sor-CPnd_026-Ex1-3H-lcwgs-1-2-L3-clmp.r2.fq.gz
[2025-03-12 15:24:00,701] multiqc                                            [DEBUG  ]  Ignoring file as matched an ignore pattern: Sor-CPnd_054-Ex1-8F-lcwgs-1-2-L2-clmp.r2.fq.gz
[2025-03-12 15:24:00,702] multiqc                                            [DEBUG  ]  Ignoring file as matched an ignore pattern: Sor-CPnd_031-Ex1-5D-lcwgs-1-2-L2-clmp.r2.fq.gz
[2025-03-12 15:24:00,703] multiqc                                            [DEBUG  ]  Ignoring file as matched an ignore pattern: Sor-CPnd_030-Ex1-2H-lcwgs-1-2-L3-clmp.r1.fq.gz
[2025-03-12 15:24:00,751] multiqc                                            [DEBUG  ]  File ignored by hicexplorer because it exceeded search pattern filesize limit: Sor-CPnd_033-Ex1-2F-lcwgs-1-2-L2-clmp.r2_fastqc.html
[2025-03-12 15:24:00,766] multiqc                                            [DEBUG  ]  File ignored by longranger/invocation because it exceeded search pattern filesize limit: Sor-CPnd_033-Ex1-2F-lcwgs-1-2-L2-clmp.r2_fastqc.html
[2025-03-12 15:24:00,899] multiqc                                            [DEBUG  ]  File ignored by hicexplorer because it exceeded search pattern filesize limit: Sor-CPnd_028-Ex1-3A-lcwgs-1-2-L2-clmp.r2_fastqc.html
[2025-03-12 15:24:00,916] multiqc                                            [DEBUG  ]  File ignored by longranger/invocation because it exceeded search pattern filesize limit: Sor-CPnd_028-Ex1-3A-lcwgs-1-2-L2-clmp.r2_fastqc.html
[2025-03-12 15:24:01,063] multiqc                                            [DEBUG  ]  File ignored by hicexplorer because it exceeded search pattern filesize limit: Sor-CPnd_036-Ex1-5C-lcwgs-1-2-L3-clmp.r2_fastqc.html
[2025-03-12 15:24:01,080] multiqc                                            [DEBUG  ]  File ignored by longranger/invocation because it exceeded search pattern filesize limit: Sor-CPnd_036-Ex1-5C-lcwgs-1-2-L3-clmp.r2_fastqc.html
[2025-03-12 15:24:01,186] multiqc                                            [DEBUG  ]  Ignoring file as matched an ignore pattern: Sor-CPnd_058-Ex1-2G-lcwgs-1-2-L2-clmp.r2.fq.gz
[2025-03-12 15:24:01,187] multiqc                                            [DEBUG  ]  Ignoring file as matched an ignore pattern: Sor-CPnd_024-Ex1-5G-lcwgs-1-2-L3-clmp.r2.fq.gz
[2025-03-12 15:24:01,216] multiqc                                            [DEBUG  ]  File ignored by hicexplorer because it exceeded search pattern filesize limit: Sor-ACeb_011-Ex1-6F-lcwgs-1-2-L2-clmp.r2_fastqc.html
[2025-03-12 15:24:01,229] multiqc                                            [DEBUG  ]  File ignored by longranger/invocation because it exceeded search pattern filesize limit: Sor-ACeb_011-Ex1-6F-lcwgs-1-2-L2-clmp.r2_fastqc.html
[2025-03-12 15:24:01,378] multiqc                                            [DEBUG  ]  File ignored by hicexplorer because it exceeded search pattern filesize limit: Sor-ACeb_005-Ex1-12E-lcwgs-1-2-L3-clmp.r1_fastqc.html
[2025-03-12 15:24:01,396] multiqc                                            [DEBUG  ]  File ignored by longranger/invocation because it exceeded search pattern filesize limit: Sor-ACeb_005-Ex1-12E-lcwgs-1-2-L3-clmp.r1_fastqc.html
[2025-03-12 15:24:01,515] multiqc                                            [DEBUG  ]  Ignoring file as matched an ignore pattern: Sor-ACeb_017-Ex1-12F-lcwgs-1-2-L2-clmp.r1.fq.gz
[2025-03-12 15:24:01,541] multiqc                                            [DEBUG  ]  File ignored by hicexplorer because it exceeded search pattern filesize limit: Sor-CPnd_063-Ex1-7D-lcwgs-1-2-L3-clmp.r2_fastqc.html
[2025-03-12 15:24:01,553] multiqc                                            [DEBUG  ]  File ignored by longranger/invocation because it exceeded search pattern filesize limit: Sor-CPnd_063-Ex1-7D-lcwgs-1-2-L3-clmp.r2_fastqc.html
[2025-03-12 15:24:01,651] multiqc                                            [DEBUG  ]  Ignoring file as matched an ignore pattern: Sor-CPnd_028-Ex1-3A-lcwgs-1-2-L2-clmp.r2.fq.gz
[2025-03-12 15:24:01,710] multiqc                                            [DEBUG  ]  File ignored by hicexplorer because it exceeded search pattern filesize limit: Sor-CPnd_034-Ex1-4G-lcwgs-1-2-L3-clmp.r2_fastqc.html
[2025-03-12 15:24:01,728] multiqc                                            [DEBUG  ]  File ignored by longranger/invocation because it exceeded search pattern filesize limit: Sor-CPnd_034-Ex1-4G-lcwgs-1-2-L3-clmp.r2_fastqc.html
[2025-03-12 15:24:01,841] multiqc                                            [DEBUG  ]  File ignored by hicexplorer because it exceeded search pattern filesize limit: Sor-ACeb_021-Ex1-4G-lcwgs-1-2-L3-clmp.r2_fastqc.html
[2025-03-12 15:24:01,856] multiqc                                            [DEBUG  ]  File ignored by longranger/invocation because it exceeded search pattern filesize limit: Sor-ACeb_021-Ex1-4G-lcwgs-1-2-L3-clmp.r2_fastqc.html
[2025-03-12 15:24:01,972] multiqc                                            [DEBUG  ]  File ignored by hicexplorer because it exceeded search pattern filesize limit: Sor-CPnd_052-Ex1-6D-lcwgs-1-2-L2-clmp.r2_fastqc.html
[2025-03-12 15:24:01,988] multiqc                                            [DEBUG  ]  File ignored by longranger/invocation because it exceeded search pattern filesize limit: Sor-CPnd_052-Ex1-6D-lcwgs-1-2-L2-clmp.r2_fastqc.html
[2025-03-12 15:24:02,091] multiqc                                            [DEBUG  ]  Ignoring file as matched an ignore pattern: Sor-ACeb_001-Ex1-8E-lcwgs-1-2-L2-clmp.r2.fq.gz
[2025-03-12 15:24:02,149] multiqc                                            [DEBUG  ]  File ignored by hicexplorer because it exceeded search pattern filesize limit: Sor-ACeb_001-Ex1-8E-lcwgs-1-2-L2-clmp.r1_fastqc.html
[2025-03-12 15:24:02,168] multiqc                                            [DEBUG  ]  File ignored by longranger/invocation because it exceeded search pattern filesize limit: Sor-ACeb_001-Ex1-8E-lcwgs-1-2-L2-clmp.r1_fastqc.html
[2025-03-12 15:24:02,290] multiqc                                            [DEBUG  ]  Ignoring file as matched an ignore pattern: Sor-ACeb_021-Ex1-4G-lcwgs-1-2-L3-clmp.r1.fq.gz
[2025-03-12 15:24:02,328] multiqc                                            [DEBUG  ]  File ignored by hicexplorer because it exceeded search pattern filesize limit: Sor-CPnd_020-Ex1-2E-lcwgs-1-2-L2-clmp.r1_fastqc.html
[2025-03-12 15:24:02,346] multiqc                                            [DEBUG  ]  File ignored by longranger/invocation because it exceeded search pattern filesize limit: Sor-CPnd_020-Ex1-2E-lcwgs-1-2-L2-clmp.r1_fastqc.html
[2025-03-12 15:24:02,471] multiqc                                            [DEBUG  ]  Ignoring file as matched an ignore pattern: Sor-CPnd_029-Ex1-8E-lcwgs-1-2-L3-clmp.r1.fq.gz
[2025-03-12 15:24:02,472] multiqc                                            [DEBUG  ]  Ignoring file as matched an ignore pattern: Sor-CPnd_018-Ex1-1E-lcwgs-1-2-L3-clmp.r1.fq.gz
[2025-03-12 15:24:02,476] multiqc                                            [DEBUG  ]  Ignoring file as matched an ignore pattern: Sor-CPnd_063-Ex1-7D-lcwgs-1-2-L2-clmp.r2.fq.gz
[2025-03-12 15:24:02,513] multiqc                                            [DEBUG  ]  File ignored by hicexplorer because it exceeded search pattern filesize limit: Sor-CPnd_009-Ex1-6A-lcwgs-1-2-L3-clmp.r2_fastqc.html
[2025-03-12 15:24:02,530] multiqc                                            [DEBUG  ]  File ignored by longranger/invocation because it exceeded search pattern filesize limit: Sor-CPnd_009-Ex1-6A-lcwgs-1-2-L3-clmp.r2_fastqc.html
[2025-03-12 15:24:02,639] multiqc                                            [DEBUG  ]  Ignoring file as matched an ignore pattern: Sor-CPnd_044-Ex1-8G-lcwgs-1-2-L3-clmp.r2.fq.gz
[2025-03-12 15:24:02,699] multiqc                                            [DEBUG  ]  File ignored by hicexplorer because it exceeded search pattern filesize limit: Sor-CPnd_031-Ex1-5D-lcwgs-1-2-L2-clmp.r1_fastqc.html
[2025-03-12 15:24:02,717] multiqc                                            [DEBUG  ]  File ignored by longranger/invocation because it exceeded search pattern filesize limit: Sor-CPnd_031-Ex1-5D-lcwgs-1-2-L2-clmp.r1_fastqc.html
[2025-03-12 15:24:02,831] multiqc                                            [DEBUG  ]  Ignoring file as matched an ignore pattern: Sor-CPnd_046-Ex1-5A-lcwgs-1-2-L2-clmp.r2.fq.gz
[2025-03-12 15:24:02,832] multiqc                                            [DEBUG  ]  Ignoring file as matched an ignore pattern: Sor-CPnd_053-Ex1-2C-lcwgs-1-2-L2-clmp.r2.fq.gz
[2025-03-12 15:24:02,833] multiqc                                            [DEBUG  ]  Ignoring file as matched an ignore pattern: Sor-ACeb_015-Ex1-10F-lcwgs-1-2-L3-clmp.r2.fq.gz
[2025-03-12 15:24:02,834] multiqc                                            [DEBUG  ]  Ignoring file as matched an ignore pattern: Sor-ACeb_011-Ex1-6F-lcwgs-1-2-L3-clmp.r2.fq.gz
[2025-03-12 15:24:02,834] multiqc                                            [DEBUG  ]  Ignoring file as matched an ignore pattern: Sor-CPnd_015-Ex1-5F-lcwgs-1-2-L2-clmp.r1.fq.gz
[2025-03-12 15:24:02,836] multiqc                                            [DEBUG  ]  Ignoring file as matched an ignore pattern: Sor-CPnd_034-Ex1-4G-lcwgs-1-2-L3-clmp.r2.fq.gz
[2025-03-12 15:24:02,837] multiqc                                            [DEBUG  ]  Ignoring file as matched an ignore pattern: Sor-CPnd_004-Ex1-1G-lcwgs-1-2-L2-clmp.r1.fq.gz
[2025-03-12 15:24:02,838] multiqc                                            [DEBUG  ]  Ignoring file as matched an ignore pattern: Sor-ACeb_009-Ex1-4F-lcwgs-1-2-L3-clmp.r2.fq.gz
[2025-03-12 15:24:02,839] multiqc                                            [DEBUG  ]  Ignoring file as matched an ignore pattern: Sor-ACeb_003-Ex1-10E-lcwgs-1-2-L2-clmp.r1.fq.gz
[2025-03-12 15:24:02,842] multiqc                                            [DEBUG  ]  Ignoring file as matched an ignore pattern: Sor-ACeb_013-Ex1-8F-lcwgs-1-2-L2-clmp.r1.fq.gz
[2025-03-12 15:24:02,894] multiqc                                            [DEBUG  ]  File ignored by hicexplorer because it exceeded search pattern filesize limit: Sor-CPnd_008-Ex1-1A-lcwgs-1-2-L3-clmp.r1_fastqc.html
[2025-03-12 15:24:02,908] multiqc                                            [DEBUG  ]  File ignored by longranger/invocation because it exceeded search pattern filesize limit: Sor-CPnd_008-Ex1-1A-lcwgs-1-2-L3-clmp.r1_fastqc.html
[2025-03-12 15:24:03,041] multiqc                                            [DEBUG  ]  File ignored by hicexplorer because it exceeded search pattern filesize limit: Sor-CPnd_012-Ex1-5B-lcwgs-1-2-L2-clmp.r2_fastqc.html
[2025-03-12 15:24:03,055] multiqc                                            [DEBUG  ]  File ignored by longranger/invocation because it exceeded search pattern filesize limit: Sor-CPnd_012-Ex1-5B-lcwgs-1-2-L2-clmp.r2_fastqc.html
[2025-03-12 15:24:03,195] multiqc                                            [DEBUG  ]  File ignored by hicexplorer because it exceeded search pattern filesize limit: Sor-ACeb_016-Ex1-11F-lcwgs-1-2-L2-clmp.r1_fastqc.html
[2025-03-12 15:24:03,210] multiqc                                            [DEBUG  ]  File ignored by longranger/invocation because it exceeded search pattern filesize limit: Sor-ACeb_016-Ex1-11F-lcwgs-1-2-L2-clmp.r1_fastqc.html
[2025-03-12 15:24:03,321] multiqc                                            [DEBUG  ]  File ignored by hicexplorer because it exceeded search pattern filesize limit: Sor-CPnd_050-Ex1-3F-lcwgs-1-2-L2-clmp.r2_fastqc.html
[2025-03-12 15:24:03,334] multiqc                                            [DEBUG  ]  File ignored by longranger/invocation because it exceeded search pattern filesize limit: Sor-CPnd_050-Ex1-3F-lcwgs-1-2-L2-clmp.r2_fastqc.html
[2025-03-12 15:24:03,429] multiqc                                            [DEBUG  ]  File ignored by hicexplorer because it exceeded search pattern filesize limit: Sor-CPnd_006-Ex1-2D-lcwgs-1-2-L2-clmp.r1_fastqc.html
[2025-03-12 15:24:03,441] multiqc                                            [DEBUG  ]  File ignored by longranger/invocation because it exceeded search pattern filesize limit: Sor-CPnd_006-Ex1-2D-lcwgs-1-2-L2-clmp.r1_fastqc.html
[2025-03-12 15:24:03,509] multiqc                                            [DEBUG  ]  Ignoring file as matched an ignore pattern: Sor-CPnd_066-Ex1-8B-lcwgs-1-2-L2-clmp.r1.fq.gz
[2025-03-12 15:24:03,509] multiqc                                            [DEBUG  ]  Ignoring file as matched an ignore pattern: Sor-ACeb_016-Ex1-11F-lcwgs-1-2-L2-clmp.r1.fq.gz
[2025-03-12 15:24:03,538] multiqc                                            [DEBUG  ]  File ignored by hicexplorer because it exceeded search pattern filesize limit: Sor-CPnd_049-Ex1-3B-lcwgs-1-2-L2-clmp.r1_fastqc.html
[2025-03-12 15:24:03,555] multiqc                                            [DEBUG  ]  File ignored by longranger/invocation because it exceeded search pattern filesize limit: Sor-CPnd_049-Ex1-3B-lcwgs-1-2-L2-clmp.r1_fastqc.html
[2025-03-12 15:24:03,674] multiqc                                            [DEBUG  ]  Ignoring file as matched an ignore pattern: Sor-CPnd_041-Ex1-7A-lcwgs-1-2-L3-clmp.r1.fq.gz
[2025-03-12 15:24:03,714] multiqc                                            [DEBUG  ]  File ignored by hicexplorer because it exceeded search pattern filesize limit: Sor-CPnd_045-Ex1-7B-lcwgs-1-2-L3-clmp.r1_fastqc.html
[2025-03-12 15:24:03,731] multiqc                                            [DEBUG  ]  File ignored by longranger/invocation because it exceeded search pattern filesize limit: Sor-CPnd_045-Ex1-7B-lcwgs-1-2-L3-clmp.r1_fastqc.html
[2025-03-12 15:24:03,821] multiqc                                            [DEBUG  ]  Ignoring file as matched an ignore pattern: Sor-CPnd_038-Ex1-2A-lcwgs-1-2-L2-clmp.r1.fq.gz
[2025-03-12 15:24:03,821] multiqc                                            [DEBUG  ]  Ignoring file as matched an ignore pattern: Sor-CPnd_013-Ex1-7F-lcwgs-1-2-L2-clmp.r1.fq.gz
[2025-03-12 15:24:03,822] multiqc                                            [DEBUG  ]  Ignoring file as matched an ignore pattern: Sor-CPnd_043-Ex1-1D-lcwgs-1-2-L3-clmp.r2.fq.gz
[2025-03-12 15:24:03,869] multiqc                                            [DEBUG  ]  File ignored by hicexplorer because it exceeded search pattern filesize limit: Sor-CPnd_030-Ex1-2H-lcwgs-1-2-L3-clmp.r1_fastqc.html
[2025-03-12 15:24:03,883] multiqc                                            [DEBUG  ]  File ignored by longranger/invocation because it exceeded search pattern filesize limit: Sor-CPnd_030-Ex1-2H-lcwgs-1-2-L3-clmp.r1_fastqc.html
[2025-03-12 15:24:03,959] multiqc                                            [DEBUG  ]  Ignoring file as matched an ignore pattern: Sor-CPnd_052-Ex1-6D-lcwgs-1-2-L2-clmp.r2.fq.gz
[2025-03-12 15:24:03,959] multiqc                                            [DEBUG  ]  Ignoring file as matched an ignore pattern: Sor-CPnd_049-Ex1-3B-lcwgs-1-2-L2-clmp.r1.fq.gz
[2025-03-12 15:24:03,962] multiqc                                            [DEBUG  ]  Ignoring file as matched an ignore pattern: Sor-CPnd_072-Ex1-8C-lcwgs-1-2-L2-clmp.r1.fq.gz
[2025-03-12 15:24:03,965] multiqc                                            [DEBUG  ]  Ignoring file as matched an ignore pattern: Sor-CPnd_036-Ex1-5C-lcwgs-1-2-L2-clmp.r1.fq.gz
[2025-03-12 15:24:03,990] multiqc                                            [DEBUG  ]  File ignored by hicexplorer because it exceeded search pattern filesize limit: Sor-CPnd_002-Ex1-5E-lcwgs-1-2-L2-clmp.r2_fastqc.html
[2025-03-12 15:24:04,002] multiqc                                            [DEBUG  ]  File ignored by longranger/invocation because it exceeded search pattern filesize limit: Sor-CPnd_002-Ex1-5E-lcwgs-1-2-L2-clmp.r2_fastqc.html
[2025-03-12 15:24:04,098] multiqc                                            [DEBUG  ]  Ignoring file as matched an ignore pattern: Sor-CPnd_055-Ex1-7G-lcwgs-1-2-L2-clmp.r2.fq.gz
[2025-03-12 15:24:04,102] multiqc                                            [DEBUG  ]  Ignoring file as matched an ignore pattern: Sor-CPnd_001-Ex1-3E-lcwgs-1-2-L2-clmp.r2.fq.gz
[2025-03-12 15:24:04,137] multiqc                                            [DEBUG  ]  File ignored by hicexplorer because it exceeded search pattern filesize limit: Sor-CPnd_054-Ex1-8F-lcwgs-1-2-L3-clmp.r2_fastqc.html
[2025-03-12 15:24:04,155] multiqc                                            [DEBUG  ]  File ignored by longranger/invocation because it exceeded search pattern filesize limit: Sor-CPnd_054-Ex1-8F-lcwgs-1-2-L3-clmp.r2_fastqc.html
[2025-03-12 15:24:04,264] multiqc                                            [DEBUG  ]  Ignoring file as matched an ignore pattern: Sor-CPnd_014-Ex1-1F-lcwgs-1-2-L3-clmp.r2.fq.gz
[2025-03-12 15:24:04,265] multiqc                                            [DEBUG  ]  Ignoring file as matched an ignore pattern: Sor-ACeb_020-Ex1-2G-lcwgs-1-2-L2-clmp.r2.fq.gz
[2025-03-12 15:24:04,324] multiqc                                            [DEBUG  ]  File ignored by hicexplorer because it exceeded search pattern filesize limit: Sor-ACeb_015-Ex1-10F-lcwgs-1-2-L3-clmp.r1_fastqc.html
[2025-03-12 15:24:04,342] multiqc                                            [DEBUG  ]  File ignored by longranger/invocation because it exceeded search pattern filesize limit: Sor-ACeb_015-Ex1-10F-lcwgs-1-2-L3-clmp.r1_fastqc.html
[2025-03-12 15:24:04,512] multiqc                                            [DEBUG  ]  File ignored by hicexplorer because it exceeded search pattern filesize limit: Sor-CPnd_018-Ex1-1E-lcwgs-1-2-L2-clmp.r1_fastqc.html
[2025-03-12 15:24:04,530] multiqc                                            [DEBUG  ]  File ignored by longranger/invocation because it exceeded search pattern filesize limit: Sor-CPnd_018-Ex1-1E-lcwgs-1-2-L2-clmp.r1_fastqc.html
[2025-03-12 15:24:04,681] multiqc                                            [DEBUG  ]  File ignored by hicexplorer because it exceeded search pattern filesize limit: Sor-CPnd_069-Ex1-6B-lcwgs-1-2-L3-clmp.r1_fastqc.html
[2025-03-12 15:24:04,697] multiqc                                            [DEBUG  ]  File ignored by longranger/invocation because it exceeded search pattern filesize limit: Sor-CPnd_069-Ex1-6B-lcwgs-1-2-L3-clmp.r1_fastqc.html
[2025-03-12 15:24:04,802] multiqc                                            [DEBUG  ]  Ignoring file as matched an ignore pattern: Sor-ACeb_006-Ex1-1F-lcwgs-1-2-L2-clmp.r2.fq.gz
[2025-03-12 15:24:04,862] multiqc                                            [DEBUG  ]  File ignored by hicexplorer because it exceeded search pattern filesize limit: Sor-ACeb_010-Ex1-5F-lcwgs-1-2-L2-clmp.r2_fastqc.html
[2025-03-12 15:24:04,880] multiqc                                            [DEBUG  ]  File ignored by longranger/invocation because it exceeded search pattern filesize limit: Sor-ACeb_010-Ex1-5F-lcwgs-1-2-L2-clmp.r2_fastqc.html
[2025-03-12 15:24:05,001] multiqc                                            [DEBUG  ]  Ignoring file as matched an ignore pattern: Sor-CPnd_002-Ex1-5E-lcwgs-1-2-L2-clmp.r2.fq.gz
[2025-03-12 15:24:05,041] multiqc                                            [DEBUG  ]  File ignored by hicexplorer because it exceeded search pattern filesize limit: Sor-CPnd_037-Ex1-6C-lcwgs-1-2-L3-clmp.r2_fastqc.html
[2025-03-12 15:24:05,060] multiqc                                            [DEBUG  ]  File ignored by longranger/invocation because it exceeded search pattern filesize limit: Sor-CPnd_037-Ex1-6C-lcwgs-1-2-L3-clmp.r2_fastqc.html
[2025-03-12 15:24:05,178] multiqc                                            [DEBUG  ]  Ignoring file as matched an ignore pattern: Sor-CPnd_006-Ex1-2D-lcwgs-1-2-L2-clmp.r1.fq.gz
[2025-03-12 15:24:05,215] multiqc                                            [DEBUG  ]  File ignored by hicexplorer because it exceeded search pattern filesize limit: Sor-CPnd_041-Ex1-7A-lcwgs-1-2-L2-clmp.r1_fastqc.html
[2025-03-12 15:24:05,227] multiqc                                            [DEBUG  ]  File ignored by longranger/invocation because it exceeded search pattern filesize limit: Sor-CPnd_041-Ex1-7A-lcwgs-1-2-L2-clmp.r1_fastqc.html
[2025-03-12 15:24:05,317] multiqc                                            [DEBUG  ]  File ignored by hicexplorer because it exceeded search pattern filesize limit: Sor-ACeb_004-Ex1-11E-lcwgs-1-2-L3-clmp.r2_fastqc.html
[2025-03-12 15:24:05,329] multiqc                                            [DEBUG  ]  File ignored by longranger/invocation because it exceeded search pattern filesize limit: Sor-ACeb_004-Ex1-11E-lcwgs-1-2-L3-clmp.r2_fastqc.html
[2025-03-12 15:24:05,441] multiqc                                            [DEBUG  ]  File ignored by hicexplorer because it exceeded search pattern filesize limit: Sor-ACeb_009-Ex1-4F-lcwgs-1-2-L3-clmp.r1_fastqc.html
[2025-03-12 15:24:05,455] multiqc                                            [DEBUG  ]  File ignored by longranger/invocation because it exceeded search pattern filesize limit: Sor-ACeb_009-Ex1-4F-lcwgs-1-2-L3-clmp.r1_fastqc.html
[2025-03-12 15:24:05,612] multiqc                                            [DEBUG  ]  File ignored by hicexplorer because it exceeded search pattern filesize limit: Sor-ACeb_003-Ex1-10E-lcwgs-1-2-L2-clmp.r1_fastqc.html
[2025-03-12 15:24:05,631] multiqc                                            [DEBUG  ]  File ignored by longranger/invocation because it exceeded search pattern filesize limit: Sor-ACeb_003-Ex1-10E-lcwgs-1-2-L2-clmp.r1_fastqc.html
[2025-03-12 15:24:05,746] multiqc                                            [DEBUG  ]  Ignoring file as matched an ignore pattern: Sor-ACeb_017-Ex1-12F-lcwgs-1-2-L2-clmp.r2.fq.gz
[2025-03-12 15:24:05,810] multiqc                                            [DEBUG  ]  File ignored by hicexplorer because it exceeded search pattern filesize limit: Sor-CPnd_007-Ex1-1C-lcwgs-1-2-L2-clmp.r2_fastqc.html
[2025-03-12 15:24:05,828] multiqc                                            [DEBUG  ]  File ignored by longranger/invocation because it exceeded search pattern filesize limit: Sor-CPnd_007-Ex1-1C-lcwgs-1-2-L2-clmp.r2_fastqc.html
[2025-03-12 15:24:05,948] multiqc                                            [DEBUG  ]  Ignoring file as matched an ignore pattern: Sor-CPnd_058-Ex1-2G-lcwgs-1-2-L2-clmp.r1.fq.gz
[2025-03-12 15:24:05,949] multiqc                                            [DEBUG  ]  Ignoring file as matched an ignore pattern: Sor-CPnd_024-Ex1-5G-lcwgs-1-2-L3-clmp.r1.fq.gz
[2025-03-12 15:24:06,012] multiqc                                            [DEBUG  ]  File ignored by hicexplorer because it exceeded search pattern filesize limit: Sor-ACeb_008-Ex1-3F-lcwgs-1-2-L3-clmp.r2_fastqc.html
[2025-03-12 15:24:06,029] multiqc                                            [DEBUG  ]  File ignored by longranger/invocation because it exceeded search pattern filesize limit: Sor-ACeb_008-Ex1-3F-lcwgs-1-2-L3-clmp.r2_fastqc.html
[2025-03-12 15:24:06,186] multiqc                                            [DEBUG  ]  File ignored by hicexplorer because it exceeded search pattern filesize limit: Sor-CPnd_044-Ex1-8G-lcwgs-1-2-L3-clmp.r1_fastqc.html
[2025-03-12 15:24:06,201] multiqc                                            [DEBUG  ]  File ignored by longranger/invocation because it exceeded search pattern filesize limit: Sor-CPnd_044-Ex1-8G-lcwgs-1-2-L3-clmp.r1_fastqc.html
[2025-03-12 15:24:06,345] multiqc                                            [DEBUG  ]  File ignored by hicexplorer because it exceeded search pattern filesize limit: Sor-CPnd_010-Ex1-1H-lcwgs-1-2-L2-clmp.r1_fastqc.html
[2025-03-12 15:24:06,361] multiqc                                            [DEBUG  ]  File ignored by longranger/invocation because it exceeded search pattern filesize limit: Sor-CPnd_010-Ex1-1H-lcwgs-1-2-L2-clmp.r1_fastqc.html
[2025-03-12 15:24:06,466] multiqc                                            [DEBUG  ]  Ignoring file as matched an ignore pattern: Sor-CPnd_031-Ex1-5D-lcwgs-1-2-L2-clmp.r1.fq.gz
[2025-03-12 15:24:06,467] multiqc                                            [DEBUG  ]  Ignoring file as matched an ignore pattern: Sor-CPnd_030-Ex1-2H-lcwgs-1-2-L3-clmp.r2.fq.gz
[2025-03-12 15:24:06,468] multiqc                                            [DEBUG  ]  Ignoring file as matched an ignore pattern: Sor-CPnd_054-Ex1-8F-lcwgs-1-2-L2-clmp.r1.fq.gz
[2025-03-12 15:24:06,525] multiqc                                            [DEBUG  ]  File ignored by hicexplorer because it exceeded search pattern filesize limit: Sor-ACeb_012-Ex1-7F-lcwgs-1-2-L3-clmp.r1_fastqc.html
[2025-03-12 15:24:06,543] multiqc                                            [DEBUG  ]  File ignored by longranger/invocation because it exceeded search pattern filesize limit: Sor-ACeb_012-Ex1-7F-lcwgs-1-2-L3-clmp.r1_fastqc.html
[2025-03-12 15:24:06,702] multiqc                                            [DEBUG  ]  File ignored by hicexplorer because it exceeded search pattern filesize limit: Sor-CPnd_024-Ex1-5G-lcwgs-1-2-L3-clmp.r2_fastqc.html
[2025-03-12 15:24:06,720] multiqc                                            [DEBUG  ]  File ignored by longranger/invocation because it exceeded search pattern filesize limit: Sor-CPnd_024-Ex1-5G-lcwgs-1-2-L3-clmp.r2_fastqc.html
[2025-03-12 15:24:06,892] multiqc                                            [DEBUG  ]  File ignored by hicexplorer because it exceeded search pattern filesize limit: Sor-ACeb_007-Ex1-2F-lcwgs-1-2-L3-clmp.r2_fastqc.html
[2025-03-12 15:24:06,910] multiqc                                            [DEBUG  ]  File ignored by longranger/invocation because it exceeded search pattern filesize limit: Sor-ACeb_007-Ex1-2F-lcwgs-1-2-L3-clmp.r2_fastqc.html
[2025-03-12 15:24:07,027] multiqc                                            [DEBUG  ]  Ignoring file as matched an ignore pattern: Sor-CPnd_026-Ex1-3H-lcwgs-1-2-L3-clmp.r1.fq.gz
[2025-03-12 15:24:07,058] multiqc                                            [DEBUG  ]  File ignored by hicexplorer because it exceeded search pattern filesize limit: Sor-CPnd_001-Ex1-3E-lcwgs-1-2-L3-clmp.r2_fastqc.html
[2025-03-12 15:24:07,073] multiqc                                            [DEBUG  ]  File ignored by longranger/invocation because it exceeded search pattern filesize limit: Sor-CPnd_001-Ex1-3E-lcwgs-1-2-L3-clmp.r2_fastqc.html
[2025-03-12 15:24:07,248] multiqc                                            [DEBUG  ]  File ignored by hicexplorer because it exceeded search pattern filesize limit: Sor-ACeb_013-Ex1-8F-lcwgs-1-2-L2-clmp.r2_fastqc.html
[2025-03-12 15:24:07,266] multiqc                                            [DEBUG  ]  File ignored by longranger/invocation because it exceeded search pattern filesize limit: Sor-ACeb_013-Ex1-8F-lcwgs-1-2-L2-clmp.r2_fastqc.html
[2025-03-12 15:24:07,386] multiqc                                            [DEBUG  ]  Ignoring file as matched an ignore pattern: Sor-CPnd_008-Ex1-1A-lcwgs-1-2-L3-clmp.r2.fq.gz
[2025-03-12 15:24:07,429] multiqc                                            [DEBUG  ]  File ignored by hicexplorer because it exceeded search pattern filesize limit: Sor-CPnd_043-Ex1-1D-lcwgs-1-2-L3-clmp.r1_fastqc.html
[2025-03-12 15:24:07,446] multiqc                                            [DEBUG  ]  File ignored by longranger/invocation because it exceeded search pattern filesize limit: Sor-CPnd_043-Ex1-1D-lcwgs-1-2-L3-clmp.r1_fastqc.html
[2025-03-12 15:24:07,588] multiqc                                            [DEBUG  ]  File ignored by hicexplorer because it exceeded search pattern filesize limit: Sor-CPnd_027-Ex1-3C-lcwgs-1-2-L2-clmp.r2_fastqc.html
[2025-03-12 15:24:07,605] multiqc                                            [DEBUG  ]  File ignored by longranger/invocation because it exceeded search pattern filesize limit: Sor-CPnd_027-Ex1-3C-lcwgs-1-2-L2-clmp.r2_fastqc.html
[2025-03-12 15:24:07,710] multiqc                                            [DEBUG  ]  Ignoring file as matched an ignore pattern: Sor-ACeb_004-Ex1-11E-lcwgs-1-2-L3-clmp.r1.fq.gz
[2025-03-12 15:24:07,710] multiqc                                            [DEBUG  ]  Ignoring file as matched an ignore pattern: Sor-ACeb_008-Ex1-3F-lcwgs-1-2-L3-clmp.r1.fq.gz
[2025-03-12 15:24:07,743] multiqc                                            [DEBUG  ]  File ignored by hicexplorer because it exceeded search pattern filesize limit: Sor-CPnd_005-Ex1-3D-lcwgs-1-2-L2-clmp.r1_fastqc.html
[2025-03-12 15:24:07,758] multiqc                                            [DEBUG  ]  File ignored by longranger/invocation because it exceeded search pattern filesize limit: Sor-CPnd_005-Ex1-3D-lcwgs-1-2-L2-clmp.r1_fastqc.html
[2025-03-12 15:24:07,891] multiqc                                            [DEBUG  ]  File ignored by hicexplorer because it exceeded search pattern filesize limit: Sor-CPnd_026-Ex1-3H-lcwgs-1-2-L3-clmp.r2_fastqc.html
[2025-03-12 15:24:07,907] multiqc                                            [DEBUG  ]  File ignored by longranger/invocation because it exceeded search pattern filesize limit: Sor-CPnd_026-Ex1-3H-lcwgs-1-2-L3-clmp.r2_fastqc.html
[2025-03-12 15:24:08,000] multiqc                                            [DEBUG  ]  Ignoring file as matched an ignore pattern: Sor-ACeb_019-Ex1-3G-lcwgs-1-2-L3-clmp.r1.fq.gz
[2025-03-12 15:24:08,001] multiqc                                            [DEBUG  ]  Ignoring file as matched an ignore pattern: Sor-CPnd_005-Ex1-3D-lcwgs-1-2-L3-clmp.r1.fq.gz
[2025-03-12 15:24:08,002] multiqc                                            [DEBUG  ]  Ignoring file as matched an ignore pattern: Sor-ACeb_010-Ex1-5F-lcwgs-1-2-L3-clmp.r1.fq.gz
[2025-03-12 15:24:08,060] multiqc                                            [DEBUG  ]  File ignored by hicexplorer because it exceeded search pattern filesize limit: Sor-CPnd_013-Ex1-7F-lcwgs-1-2-L2-clmp.r1_fastqc.html
[2025-03-12 15:24:08,078] multiqc                                            [DEBUG  ]  File ignored by longranger/invocation because it exceeded search pattern filesize limit: Sor-CPnd_013-Ex1-7F-lcwgs-1-2-L2-clmp.r1_fastqc.html
[2025-03-12 15:24:08,197] multiqc                                            [DEBUG  ]  Ignoring file as matched an ignore pattern: Sor-CPnd_027-Ex1-3C-lcwgs-1-2-L2-clmp.r1.fq.gz
[2025-03-12 15:24:08,256] multiqc                                            [DEBUG  ]  File ignored by hicexplorer because it exceeded search pattern filesize limit: Sor-ACeb_017-Ex1-12F-lcwgs-1-2-L3-clmp.r1_fastqc.html
[2025-03-12 15:24:08,272] multiqc                                            [DEBUG  ]  File ignored by longranger/invocation because it exceeded search pattern filesize limit: Sor-ACeb_017-Ex1-12F-lcwgs-1-2-L3-clmp.r1_fastqc.html
[2025-03-12 15:24:08,395] multiqc                                            [DEBUG  ]  File ignored by hicexplorer because it exceeded search pattern filesize limit: Sor-CPnd_058-Ex1-2G-lcwgs-1-2-L2-clmp.r1_fastqc.html
[2025-03-12 15:24:08,408] multiqc                                            [DEBUG  ]  File ignored by longranger/invocation because it exceeded search pattern filesize limit: Sor-CPnd_058-Ex1-2G-lcwgs-1-2-L2-clmp.r1_fastqc.html
[2025-03-12 15:24:08,552] multiqc                                            [DEBUG  ]  File ignored by hicexplorer because it exceeded search pattern filesize limit: Sor-CPnd_046-Ex1-5A-lcwgs-1-2-L2-clmp.r1_fastqc.html
[2025-03-12 15:24:08,569] multiqc                                            [DEBUG  ]  File ignored by longranger/invocation because it exceeded search pattern filesize limit: Sor-CPnd_046-Ex1-5A-lcwgs-1-2-L2-clmp.r1_fastqc.html
[2025-03-12 15:24:08,736] multiqc                                            [DEBUG  ]  File ignored by hicexplorer because it exceeded search pattern filesize limit: Sor-ACeb_014-Ex1-9F-lcwgs-1-2-L2-clmp.r2_fastqc.html
[2025-03-12 15:24:08,754] multiqc                                            [DEBUG  ]  File ignored by longranger/invocation because it exceeded search pattern filesize limit: Sor-ACeb_014-Ex1-9F-lcwgs-1-2-L2-clmp.r2_fastqc.html
[2025-03-12 15:24:08,929] multiqc                                            [DEBUG  ]  File ignored by hicexplorer because it exceeded search pattern filesize limit: Sor-CPnd_029-Ex1-8E-lcwgs-1-2-L3-clmp.r2_fastqc.html
[2025-03-12 15:24:08,941] multiqc                                            [DEBUG  ]  File ignored by longranger/invocation because it exceeded search pattern filesize limit: Sor-CPnd_029-Ex1-8E-lcwgs-1-2-L3-clmp.r2_fastqc.html
[2025-03-12 15:24:09,066] multiqc                                            [DEBUG  ]  File ignored by hicexplorer because it exceeded search pattern filesize limit: Sor-ACeb_018-Ex1-1G-lcwgs-1-2-L2-clmp.r1_fastqc.html
[2025-03-12 15:24:09,080] multiqc                                            [DEBUG  ]  File ignored by longranger/invocation because it exceeded search pattern filesize limit: Sor-ACeb_018-Ex1-1G-lcwgs-1-2-L2-clmp.r1_fastqc.html
[2025-03-12 15:24:09,213] multiqc                                            [DEBUG  ]  File ignored by hicexplorer because it exceeded search pattern filesize limit: Sor-ACeb_002-Ex1-9E-lcwgs-1-2-L2-clmp.r1_fastqc.html
[2025-03-12 15:24:09,227] multiqc                                            [DEBUG  ]  File ignored by longranger/invocation because it exceeded search pattern filesize limit: Sor-ACeb_002-Ex1-9E-lcwgs-1-2-L2-clmp.r1_fastqc.html
[2025-03-12 15:24:09,323] multiqc                                            [DEBUG  ]  Ignoring file as matched an ignore pattern: Sor-CPnd_020-Ex1-2E-lcwgs-1-2-L3-clmp.r1.fq.gz
[2025-03-12 15:24:09,360] multiqc                                            [DEBUG  ]  File ignored by hicexplorer because it exceeded search pattern filesize limit: Sor-CPnd_003-Ex1-2B-lcwgs-1-2-L3-clmp.r1_fastqc.html
[2025-03-12 15:24:09,377] multiqc                                            [DEBUG  ]  File ignored by longranger/invocation because it exceeded search pattern filesize limit: Sor-CPnd_003-Ex1-2B-lcwgs-1-2-L3-clmp.r1_fastqc.html
[2025-03-12 15:24:09,490] multiqc                                            [DEBUG  ]  Ignoring file as matched an ignore pattern: Sor-CPnd_019-Ex1-6G-lcwgs-1-2-L3-clmp.r1.fq.gz
[2025-03-12 15:24:09,521] multiqc                                            [DEBUG  ]  File ignored by hicexplorer because it exceeded search pattern filesize limit: Sor-CPnd_038-Ex1-2A-lcwgs-1-2-L3-clmp.r1_fastqc.html
[2025-03-12 15:24:09,535] multiqc                                            [DEBUG  ]  File ignored by longranger/invocation because it exceeded search pattern filesize limit: Sor-CPnd_038-Ex1-2A-lcwgs-1-2-L3-clmp.r1_fastqc.html
[2025-03-12 15:24:09,614] multiqc                                            [DEBUG  ]  Ignoring file as matched an ignore pattern: Sor-CPnd_017-Ex1-3G-lcwgs-1-2-L3-clmp.r2.fq.gz
[2025-03-12 15:24:09,672] multiqc                                            [DEBUG  ]  File ignored by hicexplorer because it exceeded search pattern filesize limit: Sor-CPnd_072-Ex1-8C-lcwgs-1-2-L3-clmp.r2_fastqc.html
[2025-03-12 15:24:09,690] multiqc                                            [DEBUG  ]  File ignored by longranger/invocation because it exceeded search pattern filesize limit: Sor-CPnd_072-Ex1-8C-lcwgs-1-2-L3-clmp.r2_fastqc.html
[2025-03-12 15:24:09,796] multiqc                                            [DEBUG  ]  File ignored by hicexplorer because it exceeded search pattern filesize limit: Sor-ACeb_022-Ex1-5G-lcwgs-1-2-L3-clmp.r2_fastqc.html
[2025-03-12 15:24:09,808] multiqc                                            [DEBUG  ]  File ignored by longranger/invocation because it exceeded search pattern filesize limit: Sor-ACeb_022-Ex1-5G-lcwgs-1-2-L3-clmp.r2_fastqc.html
[2025-03-12 15:24:09,877] multiqc                                            [DEBUG  ]  Ignoring file as matched an ignore pattern: Sor-ACeb_022-Ex1-5G-lcwgs-1-2-L2-clmp.r1.fq.gz
[2025-03-12 15:24:09,905] multiqc                                            [DEBUG  ]  File ignored by hicexplorer because it exceeded search pattern filesize limit: Sor-CPnd_028-Ex1-3A-lcwgs-1-2-L3-clmp.r1_fastqc.html
[2025-03-12 15:24:09,919] multiqc                                            [DEBUG  ]  File ignored by longranger/invocation because it exceeded search pattern filesize limit: Sor-CPnd_028-Ex1-3A-lcwgs-1-2-L3-clmp.r1_fastqc.html
[2025-03-12 15:24:10,022] multiqc                                            [DEBUG  ]  Ignoring file as matched an ignore pattern: Sor-ACeb_002-Ex1-9E-lcwgs-1-2-L3-clmp.r2.fq.gz
[2025-03-12 15:24:10,059] multiqc                                            [DEBUG  ]  File ignored by hicexplorer because it exceeded search pattern filesize limit: Sor-CPnd_033-Ex1-2F-lcwgs-1-2-L3-clmp.r1_fastqc.html
[2025-03-12 15:24:10,077] multiqc                                            [DEBUG  ]  File ignored by longranger/invocation because it exceeded search pattern filesize limit: Sor-CPnd_033-Ex1-2F-lcwgs-1-2-L3-clmp.r1_fastqc.html
[2025-03-12 15:24:10,253] multiqc                                            [DEBUG  ]  File ignored by hicexplorer because it exceeded search pattern filesize limit: Sor-ACeb_011-Ex1-6F-lcwgs-1-2-L3-clmp.r1_fastqc.html
[2025-03-12 15:24:10,270] multiqc                                            [DEBUG  ]  File ignored by longranger/invocation because it exceeded search pattern filesize limit: Sor-ACeb_011-Ex1-6F-lcwgs-1-2-L3-clmp.r1_fastqc.html
[2025-03-12 15:24:10,378] multiqc                                            [DEBUG  ]  Ignoring file as matched an ignore pattern: Undetermined-L2-clmp.r1.fq.gz
[2025-03-12 15:24:10,441] multiqc                                            [DEBUG  ]  File ignored by hicexplorer because it exceeded search pattern filesize limit: Sor-ACeb_005-Ex1-12E-lcwgs-1-2-L2-clmp.r2_fastqc.html
[2025-03-12 15:24:10,459] multiqc                                            [DEBUG  ]  File ignored by longranger/invocation because it exceeded search pattern filesize limit: Sor-ACeb_005-Ex1-12E-lcwgs-1-2-L2-clmp.r2_fastqc.html
[2025-03-12 15:24:10,630] multiqc                                            [DEBUG  ]  File ignored by hicexplorer because it exceeded search pattern filesize limit: Sor-CPnd_063-Ex1-7D-lcwgs-1-2-L2-clmp.r1_fastqc.html
[2025-03-12 15:24:10,646] multiqc                                            [DEBUG  ]  File ignored by longranger/invocation because it exceeded search pattern filesize limit: Sor-CPnd_063-Ex1-7D-lcwgs-1-2-L2-clmp.r1_fastqc.html
[2025-03-12 15:24:10,771] multiqc                                            [DEBUG  ]  Ignoring file as matched an ignore pattern: Sor-CPnd_037-Ex1-6C-lcwgs-1-2-L2-clmp.r2.fq.gz
[2025-03-12 15:24:10,773] multiqc                                            [DEBUG  ]  Ignoring file as matched an ignore pattern: Sor-CPnd_050-Ex1-3F-lcwgs-1-2-L2-clmp.r2.fq.gz
[2025-03-12 15:24:10,773] multiqc                                            [DEBUG  ]  Ignoring file as matched an ignore pattern: Sor-CPnd_016-Ex1-1B-lcwgs-1-2-L3-clmp.r1.fq.gz
[2025-03-12 15:24:10,812] multiqc                                            [DEBUG  ]  File ignored by hicexplorer because it exceeded search pattern filesize limit: Sor-CPnd_036-Ex1-5C-lcwgs-1-2-L2-clmp.r1_fastqc.html
[2025-03-12 15:24:10,831] multiqc                                            [DEBUG  ]  File ignored by longranger/invocation because it exceeded search pattern filesize limit: Sor-CPnd_036-Ex1-5C-lcwgs-1-2-L2-clmp.r1_fastqc.html
[2025-03-12 15:24:10,988] multiqc                                            [DEBUG  ]  File ignored by hicexplorer because it exceeded search pattern filesize limit: Sor-CPnd_004-Ex1-1G-lcwgs-1-2-L3-clmp.r2_fastqc.html
[2025-03-12 15:24:11,005] multiqc                                            [DEBUG  ]  File ignored by longranger/invocation because it exceeded search pattern filesize limit: Sor-CPnd_004-Ex1-1G-lcwgs-1-2-L3-clmp.r2_fastqc.html
[2025-03-12 15:24:11,117] multiqc                                            [DEBUG  ]  Ignoring file as matched an ignore pattern: Sor-ACeb_007-Ex1-2F-lcwgs-1-2-L2-clmp.r1.fq.gz
[2025-03-12 15:24:11,119] multiqc                                            [DEBUG  ]  Ignoring file as matched an ignore pattern: Sor-ACeb_012-Ex1-7F-lcwgs-1-2-L2-clmp.r2.fq.gz
[2025-03-12 15:24:11,156] multiqc                                            [DEBUG  ]  File ignored by hicexplorer because it exceeded search pattern filesize limit: Sor-CPnd_053-Ex1-2C-lcwgs-1-2-L3-clmp.r1_fastqc.html
[2025-03-12 15:24:11,173] multiqc                                            [DEBUG  ]  File ignored by longranger/invocation because it exceeded search pattern filesize limit: Sor-CPnd_053-Ex1-2C-lcwgs-1-2-L3-clmp.r1_fastqc.html
[2025-03-12 15:24:11,321] multiqc                                            [DEBUG  ]  File ignored by hicexplorer because it exceeded search pattern filesize limit: Sor-CPnd_055-Ex1-7G-lcwgs-1-2-L3-clmp.r2_fastqc.html
[2025-03-12 15:24:11,337] multiqc                                            [DEBUG  ]  File ignored by longranger/invocation because it exceeded search pattern filesize limit: Sor-CPnd_055-Ex1-7G-lcwgs-1-2-L3-clmp.r2_fastqc.html
[2025-03-12 15:24:11,443] multiqc                                            [DEBUG  ]  Ignoring file as matched an ignore pattern: Sor-CPnd_009-Ex1-6A-lcwgs-1-2-L3-clmp.r1.fq.gz
[2025-03-12 15:24:11,445] multiqc                                            [DEBUG  ]  Ignoring file as matched an ignore pattern: Sor-ACeb_005-Ex1-12E-lcwgs-1-2-L3-clmp.r2.fq.gz
[2025-03-12 15:24:11,447] multiqc                                            [DEBUG  ]  Ignoring file as matched an ignore pattern: Sor-CPnd_007-Ex1-1C-lcwgs-1-2-L3-clmp.r1.fq.gz
[2025-03-12 15:24:11,448] multiqc                                            [DEBUG  ]  Ignoring file as matched an ignore pattern: Sor-CPnd_010-Ex1-1H-lcwgs-1-2-L3-clmp.r2.fq.gz
[2025-03-12 15:24:11,482] multiqc                                            [DEBUG  ]  File ignored by hicexplorer because it exceeded search pattern filesize limit: Undetermined-L2-clmp.r2_fastqc.html
[2025-03-12 15:24:11,499] multiqc                                            [DEBUG  ]  File ignored by longranger/invocation because it exceeded search pattern filesize limit: Undetermined-L2-clmp.r2_fastqc.html
[2025-03-12 15:24:11,655] multiqc                                            [DEBUG  ]  File ignored by hicexplorer because it exceeded search pattern filesize limit: Sor-CPnd_015-Ex1-5F-lcwgs-1-2-L3-clmp.r2_fastqc.html
[2025-03-12 15:24:11,670] multiqc                                            [DEBUG  ]  File ignored by longranger/invocation because it exceeded search pattern filesize limit: Sor-CPnd_015-Ex1-5F-lcwgs-1-2-L3-clmp.r2_fastqc.html
[2025-03-12 15:24:11,764] multiqc                                            [DEBUG  ]  Ignoring file as matched an ignore pattern: Sor-CPnd_022-Ex1-7C-lcwgs-1-2-L2-clmp.r1.fq.gz
[2025-03-12 15:24:11,765] multiqc                                            [DEBUG  ]  Ignoring file as matched an ignore pattern: Sor-CPnd_069-Ex1-6B-lcwgs-1-2-L2-clmp.r1.fq.gz
[2025-03-12 15:24:11,768] multiqc                                            [DEBUG  ]  Ignoring file as matched an ignore pattern: Sor-CPnd_033-Ex1-2F-lcwgs-1-2-L2-clmp.r1.fq.gz
[2025-03-12 15:24:11,799] multiqc                                            [DEBUG  ]  File ignored by hicexplorer because it exceeded search pattern filesize limit: Sor-ACeb_006-Ex1-1F-lcwgs-1-2-L2-clmp.r1_fastqc.html
[2025-03-12 15:24:11,814] multiqc                                            [DEBUG  ]  File ignored by longranger/invocation because it exceeded search pattern filesize limit: Sor-ACeb_006-Ex1-1F-lcwgs-1-2-L2-clmp.r1_fastqc.html
[2025-03-12 15:24:11,969] multiqc                                            [DEBUG  ]  File ignored by hicexplorer because it exceeded search pattern filesize limit: Sor-ACeb_020-Ex1-2G-lcwgs-1-2-L2-clmp.r1_fastqc.html
[2025-03-12 15:24:11,984] multiqc                                            [DEBUG  ]  File ignored by longranger/invocation because it exceeded search pattern filesize limit: Sor-ACeb_020-Ex1-2G-lcwgs-1-2-L2-clmp.r1_fastqc.html
[2025-03-12 15:24:12,090] multiqc                                            [DEBUG  ]  Ignoring file as matched an ignore pattern: Sor-ACeb_018-Ex1-1G-lcwgs-1-2-L2-clmp.r2.fq.gz
[2025-03-12 15:24:12,091] multiqc                                            [DEBUG  ]  Ignoring file as matched an ignore pattern: Sor-ACeb_014-Ex1-9F-lcwgs-1-2-L2-clmp.r2.fq.gz
[2025-03-12 15:24:12,125] multiqc                                            [DEBUG  ]  File ignored by hicexplorer because it exceeded search pattern filesize limit: Sor-CPnd_014-Ex1-1F-lcwgs-1-2-L3-clmp.r1_fastqc.html
[2025-03-12 15:24:12,141] multiqc                                            [DEBUG  ]  File ignored by longranger/invocation because it exceeded search pattern filesize limit: Sor-CPnd_014-Ex1-1F-lcwgs-1-2-L3-clmp.r1_fastqc.html
[2025-03-12 15:24:12,245] multiqc                                            [DEBUG  ]  Ignoring file as matched an ignore pattern: Sor-CPnd_012-Ex1-5B-lcwgs-1-2-L2-clmp.r2.fq.gz
[2025-03-12 15:24:12,247] multiqc                                            [DEBUG  ]  Ignoring file as matched an ignore pattern: Sor-CPnd_003-Ex1-2B-lcwgs-1-2-L3-clmp.r2.fq.gz
[2025-03-12 15:24:12,309] multiqc                                            [DEBUG  ]  File ignored by hicexplorer because it exceeded search pattern filesize limit: Sor-CPnd_019-Ex1-6G-lcwgs-1-2-L2-clmp.r1_fastqc.html
[2025-03-12 15:24:12,327] multiqc                                            [DEBUG  ]  File ignored by longranger/invocation because it exceeded search pattern filesize limit: Sor-CPnd_019-Ex1-6G-lcwgs-1-2-L2-clmp.r1_fastqc.html
[2025-03-12 15:24:12,481] multiqc                                            [DEBUG  ]  File ignored by hicexplorer because it exceeded search pattern filesize limit: Sor-ACeb_019-Ex1-3G-lcwgs-1-2-L2-clmp.r2_fastqc.html
[2025-03-12 15:24:12,496] multiqc                                            [DEBUG  ]  File ignored by longranger/invocation because it exceeded search pattern filesize limit: Sor-ACeb_019-Ex1-3G-lcwgs-1-2-L2-clmp.r2_fastqc.html
[2025-03-12 15:24:12,604] multiqc                                            [DEBUG  ]  File ignored by hicexplorer because it exceeded search pattern filesize limit: Sor-CPnd_017-Ex1-3G-lcwgs-1-2-L2-clmp.r2_fastqc.html
[2025-03-12 15:24:12,616] multiqc                                            [DEBUG  ]  File ignored by longranger/invocation because it exceeded search pattern filesize limit: Sor-CPnd_017-Ex1-3G-lcwgs-1-2-L2-clmp.r2_fastqc.html
[2025-03-12 15:24:12,684] multiqc                                            [DEBUG  ]  Ignoring file as matched an ignore pattern: Sor-CPnd_045-Ex1-7B-lcwgs-1-2-L2-clmp.r1.fq.gz
[2025-03-12 15:24:12,710] multiqc                                            [DEBUG  ]  File ignored by hicexplorer because it exceeded search pattern filesize limit: Sor-CPnd_016-Ex1-1B-lcwgs-1-2-L3-clmp.r2_fastqc.html
[2025-03-12 15:24:12,721] multiqc                                            [DEBUG  ]  File ignored by longranger/invocation because it exceeded search pattern filesize limit: Sor-CPnd_016-Ex1-1B-lcwgs-1-2-L3-clmp.r2_fastqc.html
[2025-03-12 15:24:12,816] multiqc                                            [DEBUG  ]  File ignored by hicexplorer because it exceeded search pattern filesize limit: Sor-CPnd_066-Ex1-8B-lcwgs-1-2-L3-clmp.r1_fastqc.html
[2025-03-12 15:24:12,831] multiqc                                            [DEBUG  ]  File ignored by longranger/invocation because it exceeded search pattern filesize limit: Sor-CPnd_066-Ex1-8B-lcwgs-1-2-L3-clmp.r1_fastqc.html
[2025-03-12 15:24:12,989] multiqc                                            [DEBUG  ]  File ignored by hicexplorer because it exceeded search pattern filesize limit: Sor-CPnd_022-Ex1-7C-lcwgs-1-2-L2-clmp.r1_fastqc.html
[2025-03-12 15:24:13,006] multiqc                                            [DEBUG  ]  File ignored by longranger/invocation because it exceeded search pattern filesize limit: Sor-CPnd_022-Ex1-7C-lcwgs-1-2-L2-clmp.r1_fastqc.html
[2025-03-12 15:24:14,094] multiqc.plots.bargraph                             [DEBUG  ]  Using matplotlib version 3.1.2
[2025-03-12 15:24:14,098] multiqc.plots.linegraph                            [DEBUG  ]  Using matplotlib version 3.1.2
[2025-03-12 15:24:14,101] multiqc                                            [DEBUG  ]  No samples found: custom_content
[2025-03-12 15:24:14,116] multiqc                                            [DEBUG  ]  No samples found: conpair
[2025-03-12 15:24:14,137] multiqc                                            [DEBUG  ]  No samples found: peddy
[2025-03-12 15:24:14,154] multiqc                                            [DEBUG  ]  No samples found: somalier
[2025-03-12 15:24:14,173] multiqc                                            [DEBUG  ]  No samples found: methylQA
[2025-03-12 15:24:14,206] multiqc                                            [DEBUG  ]  No samples found: mosdepth
[2025-03-12 15:24:14,221] multiqc                                            [DEBUG  ]  No samples found: phantompeakqualtools
[2025-03-12 15:24:14,229] multiqc                                            [DEBUG  ]  No samples found: qualimap
[2025-03-12 15:24:14,245] multiqc                                            [DEBUG  ]  No samples found: preseq
[2025-03-12 15:24:14,259] multiqc                                            [DEBUG  ]  No samples found: quast
[2025-03-12 15:24:14,274] multiqc                                            [DEBUG  ]  No samples found: qorts
[2025-03-12 15:24:14,289] multiqc                                            [DEBUG  ]  No samples found: rna_seqc
[2025-03-12 15:24:14,304] multiqc                                            [DEBUG  ]  No samples found: rockhopper
[2025-03-12 15:24:14,316] multiqc                                            [DEBUG  ]  No samples found: rsem
[2025-03-12 15:24:14,342] multiqc                                            [DEBUG  ]  No samples found: rseqc
[2025-03-12 15:24:14,359] multiqc                                            [DEBUG  ]  No samples found: busco
[2025-03-12 15:24:14,373] multiqc                                            [DEBUG  ]  No samples found: goleft_indexcov
[2025-03-12 15:24:14,389] multiqc                                            [DEBUG  ]  No samples found: disambiguate
[2025-03-12 15:24:14,410] multiqc                                            [DEBUG  ]  No samples found: supernova
[2025-03-12 15:24:14,443] multiqc                                            [DEBUG  ]  No samples found: deeptools
[2025-03-12 15:24:14,460] multiqc                                            [DEBUG  ]  No samples found: sargasso
[2025-03-12 15:24:14,477] multiqc                                            [DEBUG  ]  No samples found: verifybamid
[2025-03-12 15:24:14,494] multiqc                                            [DEBUG  ]  No samples found: mirtrace
[2025-03-12 15:24:14,513] multiqc                                            [DEBUG  ]  No samples found: happy
[2025-03-12 15:24:14,530] multiqc                                            [DEBUG  ]  No samples found: mirtop
[2025-03-12 15:24:14,544] multiqc                                            [DEBUG  ]  No samples found: homer
[2025-03-12 15:24:14,558] multiqc                                            [DEBUG  ]  No samples found: macs2
[2025-03-12 15:24:14,573] multiqc                                            [DEBUG  ]  No samples found: theta2
[2025-03-12 15:24:14,590] multiqc                                            [DEBUG  ]  No samples found: snpeff
[2025-03-12 15:24:14,611] multiqc                                            [DEBUG  ]  No samples found: gatk
[2025-03-12 15:24:14,628] multiqc                                            [DEBUG  ]  No samples found: htseq
[2025-03-12 15:24:14,644] multiqc                                            [DEBUG  ]  No samples found: bcftools
[2025-03-12 15:24:14,661] multiqc                                            [DEBUG  ]  No samples found: featureCounts
[2025-03-12 15:24:14,681] multiqc                                            [DEBUG  ]  No samples found: fgbio
[2025-03-12 15:24:14,707] multiqc                                            [DEBUG  ]  No samples found: dragen
[2025-03-12 15:24:14,717] multiqc                                            [DEBUG  ]  No samples found: dedup
[2025-03-12 15:24:14,731] multiqc                                            [DEBUG  ]  No samples found: damageprofiler
[2025-03-12 15:24:14,789] multiqc                                            [DEBUG  ]  No samples found: biobambam2
[2025-03-12 15:24:14,803] multiqc                                            [DEBUG  ]  No samples found: mtnucratio
[2025-03-12 15:24:14,809] multiqc                                            [DEBUG  ]  No samples found: picard
[2025-03-12 15:24:14,822] multiqc                                            [DEBUG  ]  No samples found: prokka
[2025-03-12 15:24:14,835] multiqc                                            [DEBUG  ]  No samples found: samblaster
[2025-03-12 15:24:14,856] multiqc                                            [DEBUG  ]  No samples found: samtools
[2025-03-12 15:24:14,868] multiqc                                            [DEBUG  ]  No samples found: sexdeterrmine
[2025-03-12 15:24:14,886] multiqc                                            [DEBUG  ]  No samples found: bamtools
[2025-03-12 15:24:14,902] multiqc                                            [DEBUG  ]  No samples found: jellyfish
[2025-03-12 15:24:14,925] multiqc                                            [DEBUG  ]  No samples found: vcftools
[2025-03-12 15:24:14,942] multiqc                                            [DEBUG  ]  No samples found: longranger
[2025-03-12 15:24:14,956] multiqc                                            [DEBUG  ]  No samples found: stacks
[2025-03-12 15:24:14,969] multiqc                                            [DEBUG  ]  No samples found: varscan2
[2025-03-12 15:24:15,009] multiqc                                            [DEBUG  ]  No samples found: bbmap
[2025-03-12 15:24:15,026] multiqc                                            [DEBUG  ]  No samples found: bismark
[2025-03-12 15:24:15,043] multiqc                                            [DEBUG  ]  No samples found: biscuit
[2025-03-12 15:24:15,058] multiqc                                            [DEBUG  ]  No samples found: hicexplorer
[2025-03-12 15:24:15,072] multiqc                                            [DEBUG  ]  No samples found: hicup
[2025-03-12 15:24:15,087] multiqc                                            [DEBUG  ]  No samples found: hicpro
[2025-03-12 15:24:15,101] multiqc                                            [DEBUG  ]  No samples found: salmon
[2025-03-12 15:24:15,115] multiqc                                            [DEBUG  ]  No samples found: kallisto
[2025-03-12 15:24:15,127] multiqc                                            [DEBUG  ]  No samples found: slamdunk
[2025-03-12 15:24:15,140] multiqc                                            [DEBUG  ]  No samples found: star
[2025-03-12 15:24:15,153] multiqc                                            [DEBUG  ]  No samples found: hisat2
[2025-03-12 15:24:15,167] multiqc                                            [DEBUG  ]  No samples found: tophat
[2025-03-12 15:24:15,178] multiqc                                            [DEBUG  ]  No samples found: bowtie2
[2025-03-12 15:24:15,188] multiqc                                            [DEBUG  ]  No samples found: bowtie1
[2025-03-12 15:24:15,201] multiqc                                            [DEBUG  ]  No samples found: snpsplit
[2025-03-12 15:24:15,211] multiqc                                            [DEBUG  ]  No samples found: kat
[2025-03-12 15:24:15,224] multiqc                                            [DEBUG  ]  No samples found: leehom
[2025-03-12 15:24:15,239] multiqc                                            [DEBUG  ]  No samples found: adapterRemoval
[2025-03-12 15:24:15,252] multiqc                                            [DEBUG  ]  No samples found: clipandmerge
[2025-03-12 15:24:15,267] multiqc                                            [DEBUG  ]  No samples found: cutadapt
[2025-03-12 15:24:15,283] multiqc                                            [DEBUG  ]  No samples found: flexbar
[2025-03-12 15:24:15,298] multiqc                                            [DEBUG  ]  No samples found: kaiju
[2025-03-12 15:24:15,312] multiqc                                            [DEBUG  ]  No samples found: kraken
[2025-03-12 15:24:15,324] multiqc                                            [DEBUG  ]  No samples found: malt
[2025-03-12 15:24:15,337] multiqc                                            [DEBUG  ]  No samples found: trimmomatic
[2025-03-12 15:24:15,349] multiqc                                            [DEBUG  ]  No samples found: sickle
[2025-03-12 15:24:15,362] multiqc                                            [DEBUG  ]  No samples found: skewer
[2025-03-12 15:24:15,374] multiqc                                            [DEBUG  ]  No samples found: sortmerna
[2025-03-12 15:24:15,385] multiqc                                            [DEBUG  ]  No samples found: biobloomtools
[2025-03-12 15:24:15,399] multiqc                                            [DEBUG  ]  No samples found: fastq_screen
[2025-03-12 15:24:15,408] multiqc                                            [DEBUG  ]  No samples found: afterqc
[2025-03-12 15:24:15,419] multiqc                                            [DEBUG  ]  No samples found: fastp
[2025-03-12 15:24:36,285] multiqc.modules.fastqc.fastqc                      [INFO   ]  Found 284 reports
[2025-03-12 15:25:39,435] multiqc                                            [DEBUG  ]  No samples found: pycoqc
[2025-03-12 15:25:39,444] multiqc                                            [DEBUG  ]  No samples found: minionqc
[2025-03-12 15:25:39,453] multiqc                                            [DEBUG  ]  No samples found: multivcfanalyzer
[2025-03-12 15:25:39,464] multiqc                                            [DEBUG  ]  No samples found: clusterflow
[2025-03-12 15:25:39,471] multiqc                                            [DEBUG  ]  No samples found: bcl2fastq
[2025-03-12 15:25:39,481] multiqc                                            [DEBUG  ]  No samples found: interop
[2025-03-12 15:25:39,488] multiqc                                            [DEBUG  ]  No samples found: ivar
[2025-03-12 15:25:39,496] multiqc                                            [DEBUG  ]  No samples found: flash
[2025-03-12 15:25:39,504] multiqc                                            [DEBUG  ]  No samples found: seqyclean
[2025-03-12 15:25:39,921] multiqc                                            [INFO   ]  Compressing plot data
[2025-03-12 15:25:44,275] multiqc                                            [INFO   ]  Report      : fq_fp1_clmp/fqc_clmp_report.html
[2025-03-12 15:25:44,276] multiqc                                            [INFO   ]  Data        : fq_fp1_clmp/fqc_clmp_report_data
[2025-03-12 15:25:44,276] multiqc                                            [DEBUG  ]  Moving data file from '/tmp/tmpuex8cpo1/multiqc_data' to 'fq_fp1_clmp/fqc_clmp_report_data'
[2025-03-12 15:25:44,338] multiqc                                            [INFO   ]  Plots       : fq_fp1_clmp/fqc_clmp_report_plots
[2025-03-12 15:25:44,339] multiqc                                            [DEBUG  ]  Moving plots directory from '/tmp/tmpuex8cpo1/multiqc_plots' to 'fq_fp1_clmp/fqc_clmp_report_plots'
[2025-03-12 15:25:45,115] multiqc                                            [INFO   ]  MultiQC complete
