NC_043957.1	22956	0.010549	0.128792
NC_043957.1	569646	0.000420	0.009407
NC_043957.1	569704	0.000296	0.007063
NC_043957.1	569712	0.001189	0.028133
NC_043957.1	622477	0.000424	0.009264
NC_043957.1	791757	0.000797	0.018950
NC_043957.1	792043	0.000298	0.008378
NC_043957.1	901733	-0.000998	0.380128
NC_043957.1	901743	0.003305	0.109390
NC_043957.1	1120496	0.014500	0.467690
NC_043957.1	1120498	0.001495	0.338110
NC_043957.1	1120554	0.002117	0.427854
NC_043957.1	1120767	0.002986	0.193623
NC_043957.1	1120786	0.006084	0.378289
NC_043957.1	1120828	0.000068	0.001699
NC_043957.1	1120831	-0.000935	0.254886
NC_043957.1	1120846	-0.000225	0.303385
NC_043957.1	1120848	0.000683	0.308584
NC_043957.1	1120902	0.000795	0.390477
NC_043957.1	1120904	-0.000504	0.367751
NC_043957.1	1120917	0.000288	0.319533
NC_043957.1	1120919	-0.000496	0.244480
NC_043957.1	1120975	0.009701	0.466738
NC_043957.1	1120977	0.012057	0.469423
NC_043957.1	1121035	0.002631	0.189379
NC_043957.1	1121037	0.006149	0.158948
NC_043957.1	1121050	0.005776	0.187463
NC_043957.1	1121076	-0.000513	0.294544
NC_043957.1	1121078	-0.000948	0.276374
NC_043957.1	1121121	0.008072	0.436601
NC_043957.1	1121849	0.000418	0.007266
NC_043957.1	1823755	0.001560	0.031239
NC_043957.1	1823984	0.000937	0.025377
NC_043957.1	1824002	0.000208	0.004641
NC_043957.1	2256515	0.000589	0.010497
NC_043957.1	2570579	0.002052	0.035059
NC_043957.1	2600513	0.001596	0.030848
NC_043957.1	2600842	0.001543	0.028540
NC_043957.1	2990839	0.017286	0.386304
NC_043957.1	3029474	0.014325	0.474149
NC_043957.1	3155928	0.007387	0.166679
NC_043957.1	3155931	0.005502	0.189649
NC_043957.1	3157626	0.001927	0.034523
NC_043957.1	3157809	0.001578	0.031916
NC_043957.1	3158032	0.000536	0.010390
NC_043957.1	3342289	0.001527	0.031001
NC_043957.1	3342301	0.000651	0.013531
NC_043957.1	3343510	0.004273	0.472297
NC_043957.1	3357040	0.000213	0.005605
NC_043957.1	3359567	0.001843	0.033089
NC_043957.1	3359602	0.004535	0.059258
NC_043957.1	3359628	0.000561	0.009989
NC_043957.1	3359700	0.000287	0.006521
NC_043957.1	3359707	0.001003	0.025518
NC_043957.1	3359712	0.003660	0.049907
NC_043957.1	3386428	0.000266	0.004744
NC_043957.1	3386446	0.019664	0.509316
NC_043957.1	3386450	0.023555	0.507212
NC_043957.1	3386452	0.001883	0.378148
NC_043957.1	3443454	0.000291	0.004242
NC_043957.1	3443593	0.017648	0.112878
NC_043957.1	3443602	0.000050	0.000611
NC_043957.1	3443633	0.001336	0.031305
NC_043957.1	3443657	0.000022	0.000365
NC_043957.1	3522627	0.000508	0.009039
NC_043957.1	3523699	0.000364	0.007857
NC_043957.1	3523747	0.000106	0.003145
NC_043957.1	3672868	0.007061	0.099545
NC_043957.1	3672888	0.005497	0.171135
NC_043957.1	3737035	0.002025	0.380635
NC_043957.1	4034050	0.005525	0.208594
NC_043957.1	4034277	0.001673	0.031534
NC_043957.1	4034346	0.006318	0.065328
NC_043957.1	4034348	0.012051	0.116375
NC_043957.1	4034360	0.001359	0.029064
NC_043957.1	4118133	0.000399	0.009443
NC_043957.1	4118154	0.018599	0.505910
NC_043957.1	4292178	0.001836	0.033869
NC_043957.1	5037637	0.001748	0.032884
NC_043957.1	5097368	0.000454	0.009789
NC_043957.1	6017753	0.002005	0.034467
NC_043957.1	6062163	0.001517	0.031053
NC_043957.1	6062204	0.001500	0.030881
NC_043957.1	6136947	0.001156	0.027581
NC_043957.1	6137324	0.001474	0.030468
NC_043957.1	6137338	0.000331	0.007560
NC_043957.1	6137368	0.001248	0.028372
NC_043957.1	6272501	0.009184	0.420433
NC_043957.1	6385253	0.000451	0.007948
NC_043957.1	6658242	0.001523	0.031318
NC_043957.1	6696538	0.014902	0.249165
NC_043957.1	6701046	0.001936	0.034618
NC_043957.1	6798923	0.001742	0.033199
NC_043957.1	6952442	0.002147	0.035979
NC_043957.1	6952474	0.001791	0.033165
NC_043957.1	6982287	0.000522	0.009297
NC_043957.1	6982584	0.007830	0.170158
NC_043957.1	7059197	0.001718	0.033483
NC_043957.1	7115446	0.000750	0.022941
NC_043957.1	7115455	0.000094	0.001202
NC_043957.1	7127598	0.001631	0.033352
NC_043957.1	7675796	0.001823	0.033483
NC_043957.1	7941480	0.001265	0.028662
NC_043957.1	7941494	0.001494	0.025718
NC_043957.1	7941508	0.008948	0.175233
NC_043957.1	7941632	0.001170	0.027805
NC_043957.1	7941679	0.001186	0.025820
NC_043957.1	8022033	0.044920	0.271763
NC_043957.1	8034649	0.005425	0.171394
NC_043957.1	8034699	0.000694	0.012783
NC_043957.1	8034728	0.000469	0.008731
NC_043957.1	8035033	0.003818	0.044582
NC_043957.1	8045540	0.003685	0.194005
NC_043957.1	8204767	0.001769	0.033477
NC_043957.1	8216434	0.000513	0.009541
NC_043957.1	8219023	0.000496	0.009674
NC_043957.1	8219046	0.001674	0.032486
NC_043957.1	8224607	0.000630	0.011154
NC_043957.1	8224680	0.000583	0.011204
NC_043957.1	8232238	0.000637	0.011267
NC_043957.1	8232314	0.001934	0.034599
NC_043957.1	8232335	0.002027	0.035557
NC_043957.1	8232337	0.001980	0.035068
NC_043957.1	8232495	0.000680	0.011946
NC_043957.1	8323104	0.008447	0.077288
NC_043957.1	8365700	0.002234	0.036834
NC_043957.1	8924122	0.015335	0.495989
NC_043957.1	9263703	0.000526	0.009358
NC_043957.1	9540217	0.010869	0.503393
NC_043957.1	10586153	0.000541	0.011107
NC_043957.1	10586169	0.000489	0.010702
NC_043957.1	10586202	0.000507	0.010503
NC_043957.1	10858756	0.002072	0.035246
NC_043957.1	11380039	0.001959	0.035577
NC_043957.1	11380050	0.001875	0.034634
NC_043957.1	11511065	0.001927	0.035209
NC_043957.1	11602375	0.006417	0.066525
NC_043957.1	11602381	0.000415	0.009313
NC_043957.1	11602395	0.001753	0.033306
NC_043957.1	13049247	0.004920	0.058850
NC_043957.1	13051279	0.000556	0.010733
NC_043957.1	13051330	0.012009	0.116864
NC_043957.1	13150452	0.001192	0.028203
NC_043957.1	13150466	0.001188	0.028120
NC_043957.1	13150742	0.000322	0.007658
NC_043957.1	13824821	0.000305	0.007430
NC_043957.1	14174035	0.000540	0.010459
NC_043957.1	14174492	0.000443	0.008678
NC_043957.1	14174899	0.000486	0.010120
NC_043957.1	14244969	0.000240	0.004680
NC_043957.1	14245504	0.000610	0.011053
NC_043957.1	14248762	0.001144	0.027244
NC_043957.1	14390450	0.000500	0.010381
NC_043957.1	14486489	0.002006	0.035338
NC_043957.1	14702241	0.000509	0.009469
NC_043957.1	14921434	0.001255	0.028564
NC_043957.1	14921459	0.014845	0.471956
NC_043957.1	14921460	0.000362	0.008225
NC_043957.1	14921581	0.017211	0.503112
NC_043957.1	14922785	0.000213	0.005467
NC_043957.1	14924890	0.010930	0.504717
NC_043957.1	15044734	0.001893	0.033558
NC_043957.1	15070864	0.001612	0.031427
NC_043957.1	15092166	0.006534	0.063527
NC_043957.1	15122091	0.001418	0.358231
NC_043957.1	15138598	0.000518	0.009208
NC_043957.1	15138831	0.002048	0.035016
NC_043957.1	15139651	0.000627	0.011097
NC_043957.1	15140190	0.000388	0.008239
NC_043957.1	15140274	0.001978	0.034354
NC_043957.1	15140622	0.001767	0.032393
NC_043957.1	15393670	0.002041	0.034951
NC_043957.1	15394648	0.000370	0.007869
NC_043957.1	15491722	0.001769	0.032944
NC_043957.1	15491779	0.001797	0.032664
NC_043957.1	15579274	0.001310	0.028872
NC_043957.1	15579459	0.000431	0.008445
NC_043957.1	15579465	0.000539	0.009598
NC_043957.1	15579500	0.004596	0.062657
NC_043957.1	15579571	0.000423	0.008613
NC_043957.1	15579583	0.001797	0.033222
NC_043957.1	15579939	0.008526	0.089882
NC_043957.1	15580035	0.001104	0.027229
NC_043957.1	15724065	0.001790	0.033974
NC_043957.1	16222270	0.001956	0.034826
NC_043957.1	16230918	0.007861	0.246207
NC_043957.1	16234183	0.000614	0.010884
NC_043957.1	16234280	0.001614	0.032315
NC_043957.1	16234422	0.000573	0.010193
NC_043957.1	16234877	0.002725	0.041803
NC_043957.1	16242524	0.000545	0.010545
NC_043957.1	16366852	0.001531	0.031030
NC_043957.1	17037343	0.000544	0.009676
NC_043957.1	17037530	0.005179	0.478976
NC_043957.1	17203972	0.000502	0.009786
NC_043957.1	17204052	0.000424	0.009350
NC_043957.1	17204056	0.001763	0.033256
NC_043957.1	17204062	0.001739	0.033009
NC_043957.1	18027204	0.002172	0.036222
NC_043957.1	18197615	0.000563	0.010853
NC_043957.1	18197948	0.000538	0.009577
NC_043957.1	18197980	0.000551	0.009802
NC_043957.1	18197986	0.001272	0.023538
NC_043957.1	18601046	0.000528	0.009819
NC_043957.1	20172176	0.000468	0.009158
NC_043957.1	20172258	0.000441	0.008657
NC_043957.1	21334484	0.001573	0.032335
NC_043957.1	21537236	0.000614	0.010878
NC_043957.1	22013556	0.001792	0.033176
NC_043957.1	22232941	0.001973	0.034305
NC_043957.1	22360469	0.004709	0.416255
NC_043957.1	23054636	0.000465	0.009983
NC_043957.1	23104659	0.001934	0.035289
NC_043957.1	23214664	0.011969	0.462427
NC_043957.1	23214687	0.000428	0.007469
NC_043957.1	23214780	0.001244	0.027744
NC_043957.1	23215904	0.001610	0.031567
NC_043957.1	23216235	0.000441	0.008961
NC_043957.1	23216278	0.000520	0.010108
NC_043957.1	24784040	0.000572	0.010181
NC_043957.1	24784045	0.002018	0.034733
NC_043957.1	25001217	0.002014	0.034695
NC_043957.1	25001309	0.002085	0.035377
NC_043957.1	25365756	0.000356	0.008107
NC_043957.1	25505487	0.001704	0.032315
NC_043957.1	25505508	0.001471	0.030105
NC_043957.1	25585509	0.000937	0.016773
NC_043957.1	25585633	0.000454	0.008005
NC_043957.1	25585638	0.000467	0.008269
NC_043957.1	25585787	0.000368	0.006173
NC_043957.1	25585875	0.000347	0.007044
NC_043957.1	25625108	0.006526	0.236633
NC_043957.1	25721093	0.000415	0.008140
NC_043957.1	26596515	0.005440	0.063667
NC_043957.1	27432479	0.000421	0.008666
NC_043957.1	28717029	0.001774	0.033803
NC_043957.1	30433946	0.001628	0.031580
NC_043957.1	30639351	0.000835	0.014308
NC_043957.1	30639417	0.000473	0.008379
NC_043957.1	30639499	0.001646	0.031294
NC_043957.1	30639734	0.001850	0.033159
NC_043957.1	30888287	0.049489	0.244819
NC_043957.1	30977864	0.001617	0.032212
NC_043957.1	30977877	0.000460	0.010025
NC_043957.1	31414816	0.000389	0.007462
NC_043957.1	31414819	0.004101	0.259692
NC_043957.1	31415276	0.000179	0.005623
NC_043957.1	31415283	0.000090	0.000896
NC_043957.1	31450545	0.001763	0.032890
NC_043957.1	31866886	0.001931	0.034562
NC_043957.1	32627384	0.006435	0.434022
NC_043957.1	33696032	0.000314	0.006639
NC_043957.1	33696219	0.000321	0.008004
NC_043957.1	33696294	0.001439	0.030433
NC_043957.1	33772283	0.000643	0.011359
NC_043957.1	33956386	0.000598	0.010609
NC_043957.1	34016962	0.006977	0.185133
NC_043957.1	34016974	0.013198	0.124070
NC_043957.1	34017167	0.001771	0.033508
NC_043957.1	34571695	0.001527	0.030624
NC_043957.1	34571815	0.011954	0.503311
NC_043957.1	34571816	0.011511	0.502537
NC_043957.1	34572277	0.001841	0.033073
NC_043957.1	35281888	0.000485	0.010115
NC_043957.1	35281997	0.000368	0.008570
NC_043957.1	35282003	0.001399	0.030244
NC_043957.1	35282039	0.001508	0.031449
NC_043957.1	35855815	0.000584	0.010381
NC_043957.1	36415880	0.000521	0.010127
NC_043957.1	36759214	0.000372	0.008432
NC_043957.1	37213655	0.002060	0.035912
NC_043957.1	37233276	0.000507	0.009760
NC_043957.1	37306342	0.006967	0.437967
NC_043957.1	37306352	0.003914	0.273808
NC_043957.1	37666821	0.000515	0.009156
NC_043957.1	38072616	0.011097	0.158095
NC_043957.1	38072618	0.005001	0.423975
NC_043957.1	38942846	0.000190	0.002585
NC_043957.1	38942850	0.000043	0.003407
NC_043957.1	38942887	0.000031	0.000589
NC_043957.1	40381951	0.001976	0.034334
NC_043957.1	40381972	0.001967	0.034245
NC_043957.1	40432788	0.002075	0.035280
NC_043957.1	40661667	0.000558	0.010765
NC_043957.1	40661674	0.002028	0.035570
NC_043957.1	40797175	0.002300	0.037506
NC_043957.1	41162574	0.006979	0.187550
NC_043957.1	41515006	0.000587	0.011268
NC_043957.1	41677509	0.000476	0.009941
NC_043957.1	41677527	0.001958	0.034840
NC_043957.1	42241596	0.002105	0.035569
NC_043957.1	43026765	0.000510	0.010240
NC_043957.1	43026785	0.010344	0.097824
NC_043957.1	43026894	0.005369	0.475810
NC_043957.1	43026970	0.001811	0.032678
NC_043957.1	43027089	0.009734	0.090862
NC_043957.1	43105211	0.000592	0.010514
NC_043957.1	43258354	0.000467	0.008915
NC_043957.1	43795743	0.009838	0.159077
NC_043957.1	44031160	0.000012	0.013715
NC_043957.1	44380877	0.000478	0.009648
NC_043957.1	44380906	0.000918	0.288418
NC_043957.1	46000966	0.011405	0.100550
NC_043957.1	46692155	0.000581	0.010321
NC_043957.1	46692235	0.000434	0.009070
NC_043957.1	46908131	0.000346	0.006674
NC_043957.1	47178365	0.000333	0.007581
NC_043957.1	47178563	0.001771	0.032970
NC_043957.1	47380159	0.000498	0.010337
NC_043957.1	49041461	0.007340	0.161432
NC_043957.1	49818163	0.000071	0.000771
NC_043957.1	49818179	-0.001159	0.274308
NC_043957.1	49818206	0.000134	0.002312
NC_043957.1	51152753	0.001187	0.027502
NC_043957.1	51758684	0.001878	0.033415
NC_043957.1	51758763	0.000459	0.009296
NC_043957.1	52209190	0.000599	0.010640
NC_043957.1	52610796	0.007389	0.246571
NC_043957.1	52610808	0.001840	0.033483
NC_043957.1	53495238	0.000565	0.010895
NC_043957.1	53495256	0.000545	0.010541
NC_043957.1	54029761	0.003729	0.218351
NC_043957.1	54029776	0.009304	0.417133
NC_043957.1	54030015	0.005116	0.062527
NC_043957.1	54030080	0.007436	0.081910
NC_043957.1	54035810	0.001718	0.031812
NC_043957.1	54623892	0.000925	0.015614
NC_043957.1	54623906	0.000952	0.016016
NC_043957.1	54911606	0.000398	0.008288
NC_043957.1	54911629	0.000925	0.016582
NC_043957.1	54926710	0.014109	0.500290
NC_043957.1	54934465	0.001843	0.033089
NC_043957.1	54934831	0.010648	0.111745
NC_043957.1	54934891	0.001462	0.029546
NC_043957.1	54935781	0.000442	0.010269
NC_043957.1	54935868	0.000496	0.009233
NC_043957.1	54935901	0.000511	0.010256
NC_043957.1	54935905	0.000503	0.010104
NC_043957.1	54935919	0.001290	0.028708
NC_043957.1	54936047	0.046537	0.276992
NC_043957.1	54936113	0.001637	0.031666
NC_043957.1	54936718	0.000394	0.007718
NC_043957.1	54938504	0.000562	0.010006
NC_043957.1	54938961	0.005721	0.063679
NC_043957.1	54939004	0.000642	0.011339
NC_043957.1	54939062	0.011084	0.101994
NC_043957.1	54939077	0.002044	0.035742
NC_043957.1	54939857	0.000337	0.008563
NC_043957.1	54939913	0.000740	0.013713
NC_043957.1	54939928	0.000248	0.006779
NC_043957.1	54939967	0.000321	0.007080
NC_043957.1	54940244	0.001427	0.030952
NC_043957.1	54940539	0.000620	0.010976
NC_043957.1	54940795	0.001288	0.029142
NC_043957.1	54940956	0.000183	0.384179
NC_043957.1	54941631	0.006763	0.053595
NC_043957.1	54941780	0.001500	0.029497
NC_043957.1	54941859	0.001728	0.032770
NC_043957.1	54941905	0.001717	0.032657
NC_043957.1	54942230	0.001274	0.029428
NC_043957.1	54942236	0.008294	0.133541
NC_043957.1	54942269	0.000719	0.016571
NC_043957.1	54942384	0.000560	0.009965
NC_043957.1	54942762	0.008277	0.157368
NC_043957.1	54942765	0.009409	0.094174
NC_043957.1	54942873	0.000448	0.009248
NC_043957.1	54942888	0.000447	0.009795
NC_043957.1	54942897	0.007618	0.078795
NC_043957.1	54942911	0.001760	0.033642
NC_043957.1	54943130	0.001629	0.032470
NC_043957.1	54943933	0.000581	0.010331
NC_043957.1	54944212	0.001954	0.034121
NC_043957.1	54945792	0.000475	0.009929
NC_043957.1	54945812	0.001084	0.336932
NC_043957.1	54947258	0.002040	0.034940
NC_043957.1	54947300	0.001608	0.031579
NC_043957.1	54947610	0.001918	0.033789
NC_043957.1	54947711	0.002053	0.035064
NC_043957.1	54948012	0.004745	0.058786
NC_043957.1	54948028	0.003569	0.383696
NC_043957.1	54948066	0.009715	0.099446
NC_043957.1	54948171	0.001571	0.031615
NC_043957.1	54948258	0.001733	0.033659
NC_043957.1	54948621	0.000531	0.010304
NC_043957.1	54948672	0.002399	0.038433
NC_043957.1	54948787	0.045424	0.278114
NC_043957.1	54948899	0.008502	0.088810
NC_043957.1	54985104	0.001618	0.031483
NC_043957.1	54985162	0.012210	0.126602
NC_043957.1	54985219	0.008733	0.423065
NC_043957.1	54986536	0.002263	0.037124
NC_043957.1	54986710	0.018290	0.305650
NC_043957.1	55049231	0.001713	0.032312
NC_043957.1	55049239	0.000509	0.009475
NC_043957.1	55049960	0.001312	0.028845
NC_043957.1	55267100	0.000299	0.006525
NC_043957.1	55638886	0.002061	0.035140
NC_043957.1	55807485	0.002107	0.035589
NC_043957.1	55825812	0.002066	0.035190
NC_043957.1	55838760	0.001984	0.034411
NC_043957.1	55839017	0.000569	0.010522
NC_043957.1	55840118	0.011267	0.486911
NC_043957.1	55840137	0.000428	0.323588
NC_043957.1	55859275	0.011562	0.106304
NC_043957.1	55949042	0.001555	0.030887
NC_043957.1	56610092	0.000390	0.009031
NC_043957.1	56610109	0.001323	0.029650
NC_043957.1	56925274	0.001840	0.033653
NC_043957.1	56925322	0.000673	0.011844
NC_043957.1	57486506	0.049519	0.223677
NC_043957.1	57711762	0.000741	0.345602
NC_043957.1	58283128	0.000648	0.012263
NC_043957.1	58469013	0.000350	0.007179
NC_043957.1	58469298	0.001532	0.031035
NC_043957.1	58469360	0.001495	0.031023
NC_043957.1	58480451	0.000584	0.010374
NC_043957.1	58658839	0.001084	0.017952
NC_043957.1	58880741	0.000471	0.008999
NC_043957.1	58880829	0.004274	0.047094
NC_043957.1	58986441	0.001610	0.031829
NC_043957.1	58986458	0.000433	0.009125
NC_043957.1	59202193	0.001675	0.032577
NC_043957.1	59303032	0.000560	0.009970
NC_043957.1	59450416	0.002089	0.186508
NC_043957.1	59452491	0.000096	0.272809
NC_043957.1	59479124	0.000453	0.009441
NC_043958.1	125507	0.000297	0.007471
NC_043958.1	125549	0.000500	0.010383
NC_043958.1	367238	0.001635	0.032084
NC_043958.1	367579	0.002484	0.484457
NC_043958.1	367655	0.000914	0.015452
NC_043958.1	367925	0.001564	0.030559
NC_043958.1	471041	0.001857	0.033824
NC_043958.1	501506	0.000298	0.007364
NC_043958.1	501788	0.001852	0.033053
NC_043958.1	547080	0.000279	0.006590
NC_043958.1	611340	0.000628	0.011518
NC_043958.1	623593	0.001910	0.034646
NC_043958.1	636724	0.002039	0.035690
NC_043958.1	723783	0.000473	0.009883
NC_043958.1	789728	0.000511	0.009094
NC_043958.1	790101	0.000548	0.010607
NC_043958.1	865938	0.001559	0.032179
NC_043958.1	871550	0.001871	0.033348
NC_043958.1	876237	0.001948	0.035391
NC_043958.1	876241	0.000493	0.010255
NC_043958.1	876387	0.001791	0.033168
NC_043958.1	876405	0.000492	0.009611
NC_043958.1	876431	0.000431	0.009606
NC_043958.1	876460	0.000581	0.011166
NC_043958.1	933919	0.000546	0.009716
NC_043958.1	934159	0.000441	0.009811
NC_043958.1	934319	0.002190	0.036401
NC_043958.1	934655	0.008884	0.425570
NC_043958.1	1028885	0.000597	0.011733
NC_043958.1	1028962	0.001910	0.034643
NC_043958.1	1039490	0.001916	0.033775
NC_043958.1	1039516	0.001765	0.032373
NC_043958.1	1039545	0.001795	0.032647
NC_043958.1	1039701	0.002171	0.036214
NC_043958.1	1043288	0.002044	0.035312
NC_043958.1	1094372	0.001506	0.031550
NC_043958.1	1094379	0.001586	0.032008
NC_043958.1	1114279	0.001710	0.032370
NC_043958.1	1114348	0.000478	0.009661
NC_043958.1	1152119	0.000953	0.015986
NC_043958.1	1169246	0.001430	0.029002
NC_043958.1	1197606	0.001670	0.032422
NC_043958.1	1200229	0.000200	0.004270
NC_043958.1	1200244	0.000136	0.002703
NC_043958.1	1200254	0.000261	0.005362
NC_043958.1	1200276	0.000228	0.004768
NC_043958.1	1200366	0.001207	0.027312
NC_043958.1	1250490	0.000447	0.009395
NC_043958.1	1265705	0.001654	0.032028
NC_043958.1	1265758	0.001475	0.030136
NC_043958.1	1383449	0.000590	0.010475
NC_043958.1	1383578	0.001788	0.032582
NC_043958.1	1383626	0.001597	0.031282
NC_043958.1	1388293	0.000344	0.006962
NC_043958.1	1389293	0.001987	0.035143
NC_043958.1	1391482	0.001749	0.032982
NC_043958.1	1649311	0.001898	0.034885
NC_043958.1	1740822	0.006272	0.065362
NC_043958.1	1740826	0.001863	0.034150
NC_043958.1	1769012	0.006560	0.067772
NC_043958.1	1770231	0.001754	0.033326
NC_043958.1	1771553	0.000307	0.008310
NC_043958.1	1783183	0.007448	0.219083
NC_043958.1	1801852	0.000646	0.011407
NC_043958.1	1801857	0.000595	0.010572
NC_043958.1	1828205	0.002249	0.037985
NC_043958.1	1863781	0.001994	0.035856
NC_043958.1	1863791	0.001976	0.035547
NC_043958.1	1866186	0.000531	0.010937
NC_043958.1	1968736	0.000431	0.009339
NC_043958.1	1968799	0.000927	0.015648
NC_043958.1	1987792	0.002083	0.036148
NC_043958.1	1987972	0.001987	0.035147
NC_043958.1	1988038	0.001441	0.030616
NC_043958.1	1988140	0.000504	0.009563
NC_043958.1	1988261	0.000546	0.009717
NC_043958.1	1988288	0.000490	0.008698
NC_043958.1	1988416	0.000495	0.009659
NC_043958.1	1988612	0.001404	0.029904
NC_043958.1	1988630	0.001314	0.029021
NC_043958.1	1989976	0.000529	0.010269
NC_043958.1	2020189	0.002087	0.035749
NC_043958.1	2025957	0.001515	0.031237
NC_043958.1	2026055	0.001532	0.034593
NC_043958.1	2069805	0.001092	0.367981
NC_043958.1	2069864	0.001750	0.032236
NC_043958.1	2072429	0.000448	0.009101
NC_043958.1	2100828	0.001891	0.034533
NC_043958.1	2101200	0.000393	0.007557
NC_043958.1	2110295	0.001527	0.030859
NC_043958.1	2110367	0.000385	0.008381
NC_043958.1	2456859	0.001578	0.032130
NC_043958.1	2456862	0.000408	0.009510
NC_043958.1	2513670	0.000460	0.009320
NC_043958.1	2514098	0.000985	0.017545
NC_043958.1	2514366	0.001184	0.019532
NC_043958.1	2514477	0.001713	0.032308
NC_043958.1	2555849	0.001990	0.034470
NC_043958.1	2602297	0.001890	0.034694
NC_043958.1	2634100	0.001145	0.019545
NC_043958.1	2673239	0.000402	0.007405
NC_043958.1	2673399	0.008871	0.083844
NC_043958.1	2673773	0.002228	0.036774
NC_043958.1	2677843	0.001377	0.024557
NC_043958.1	2678350	0.000405	0.007931
NC_043958.1	3002042	0.008223	0.495499
NC_043958.1	3425322	0.000536	0.010391
NC_043958.1	3425323	0.000531	0.010310
NC_043958.1	3454146	0.000427	0.009016
NC_043958.1	3454225	0.001669	0.032429
NC_043958.1	4171844	0.001541	0.030754
NC_043958.1	4423412	0.009814	0.099486
NC_043958.1	4509772	0.000617	0.010926
NC_043958.1	4751074	0.001569	0.031817
NC_043958.1	4751257	0.000494	0.010278
NC_043958.1	4751530	0.002037	0.035665
NC_043958.1	5583017	0.000198	0.005629
NC_043958.1	5583038	0.000186	0.005745
NC_043958.1	5583076	0.005873	0.119957
NC_043958.1	5585477	0.000199	0.004038
NC_043958.1	5591418	0.000244	0.005204
NC_043958.1	5591449	0.007924	0.098093
NC_043958.1	5591498	0.002293	0.034915
NC_043958.1	5591544	0.000202	0.004564
NC_043958.1	5800321	0.001887	0.034119
NC_043958.1	6039493	0.000607	0.010769
NC_043958.1	6060355	0.001740	0.033418
NC_043958.1	6060376	0.001789	0.033696
NC_043958.1	6213878	0.002161	0.036996
NC_043958.1	6256262	0.006285	0.061712
NC_043958.1	6256433	0.000536	0.009547
NC_043958.1	6256496	0.001446	0.018755
NC_043958.1	6256649	0.000523	0.010156
NC_043958.1	6451934	0.011405	0.100074
NC_043958.1	6870603	0.001728	0.033052
NC_043958.1	6870717	0.001426	0.030297
NC_043958.1	7052516	0.001820	0.034023
NC_043958.1	7131859	0.000546	0.010570
NC_043958.1	7131860	0.001729	0.033060
NC_043958.1	7131879	0.000561	0.010828
NC_043958.1	7266686	0.002099	0.035506
NC_043958.1	8262262	0.009057	0.159356
NC_043958.1	8520748	0.001956	0.034151
NC_043958.1	9484461	0.001367	0.025554
NC_043958.1	9484613	0.000582	0.010342
NC_043958.1	9525396	0.001872	0.034596
NC_043958.1	9717527	0.000089	0.000673
NC_043958.1	9717535	0.000076	0.000613
NC_043958.1	9717543	0.000076	0.000613
NC_043958.1	9717545	0.007452	0.101037
NC_043958.1	9717546	0.000076	0.000613
NC_043958.1	9717552	0.000089	0.000673
NC_043958.1	9717557	0.024112	0.084127
NC_043958.1	9717568	0.006138	0.410855
NC_043958.1	9717601	0.000192	0.001018
NC_043958.1	9717622	0.014238	0.126418
NC_043958.1	9717658	0.016697	0.483451
NC_043958.1	9717659	0.001106	0.371672
NC_043958.1	9717694	0.000520	0.009679
NC_043958.1	9975177	0.000452	0.007968
NC_043958.1	10149906	0.001438	0.030423
NC_043958.1	11852025	0.002049	0.035790
NC_043958.1	11852056	0.001891	0.034158
NC_043958.1	13061428	0.000584	0.010788
NC_043958.1	13558420	0.001809	0.033907
NC_043958.1	13558432	0.000555	0.010729
NC_043958.1	14399576	0.000896	0.015189
NC_043958.1	14399643	0.000560	0.010807
NC_043958.1	15280728	0.001330	0.022110
NC_043958.1	15467600	0.000629	0.012586
NC_043958.1	16728341	0.001861	0.033860
NC_043958.1	17418557	0.002016	0.035441
NC_043958.1	17528431	0.000504	0.010451
NC_043958.1	17528717	0.000463	0.009077
NC_043958.1	18440924	0.000532	0.009880
NC_043958.1	18646048	0.000391	0.008306
NC_043958.1	19311113	0.001707	0.032831
NC_043958.1	19397341	0.000681	0.012368
NC_043958.1	19561209	0.000451	0.344095
NC_043958.1	19562888	0.000300	0.007208
NC_043958.1	19562938	0.003219	0.240214
NC_043958.1	19562958	0.005312	0.060201
NC_043958.1	19562959	0.001394	0.029971
NC_043958.1	19562994	0.001869	0.033335
NC_043958.1	19563079	0.009176	0.093685
NC_043958.1	19709855	0.000447	0.009332
NC_043958.1	19732973	0.005818	0.064743
NC_043958.1	19735216	0.001432	0.030893
NC_043958.1	19748411	0.005081	0.060114
NC_043958.1	19802102	0.008100	0.098464
NC_043958.1	19822126	0.000163	0.005231
NC_043958.1	19822229	0.007849	0.087457
NC_043958.1	19898479	0.001838	0.033392
NC_043958.1	20038367	0.008313	0.100756
NC_043958.1	20067141	0.000415	0.009033
NC_043958.1	20067159	0.027143	0.510712
NC_043958.1	20071781	0.000422	0.008850
NC_043958.1	20107202	0.000292	0.310710
NC_043958.1	20175213	0.013332	0.479496
NC_043958.1	20175248	0.000434	0.009159
NC_043958.1	20263518	0.000400	0.009010
NC_043958.1	20268387	0.000386	0.008737
NC_043958.1	20268396	0.000378	0.008559
NC_043958.1	20268608	0.002074	0.035264
NC_043958.1	20268636	0.001865	0.033905
NC_043958.1	20269091	0.004333	0.179321
NC_043958.1	21403781	0.004281	0.230183
NC_043958.1	22620954	0.000301	0.007441
NC_043958.1	22621059	0.000474	0.009270
NC_043958.1	22675851	0.002137	0.035881
NC_043958.1	22676048	0.002347	0.243348
NC_043958.1	22676480	0.000868	0.287432
NC_043958.1	22676486	0.005877	0.063432
NC_043958.1	22676543	0.000414	0.009017
NC_043958.1	24415682	0.001132	0.027950
NC_043958.1	24415709	0.001293	0.268349
NC_043958.1	24415726	0.007822	0.092488
NC_043958.1	24415752	0.001223	0.028572
NC_043958.1	24415859	0.008766	0.108082
NC_043958.1	24415898	0.004784	0.175270
NC_043958.1	24415971	0.003364	0.053732
NC_043958.1	24415976	0.001223	0.028698
NC_043958.1	24416025	0.007271	0.399732
NC_043958.1	24424534	0.023892	0.488733
NC_043958.1	24424535	0.018300	0.473492
NC_043958.1	24640028	0.000605	0.010725
NC_043958.1	26604453	0.000446	0.008555
NC_043958.1	26604459	0.000430	0.008237
NC_043958.1	26640422	0.002233	0.036827
NC_043958.1	26888024	0.000776	0.013834
NC_043958.1	27645538	0.001502	0.030736
NC_043958.1	27645550	0.000458	0.008982
NC_043958.1	27925217	0.009840	0.133431
NC_043958.1	28108051	0.000434	0.009411
NC_043958.1	28358949	0.001411	0.029544
NC_043958.1	28359120	0.000485	0.008604
NC_043958.1	28359147	0.000507	0.009012
NC_043958.1	29116406	0.000601	0.010663
NC_043958.1	29466559	0.000581	0.011158
NC_043958.1	30150914	0.000540	0.009606
NC_043958.1	30151090	0.005328	0.060282
NC_043958.1	30277734	0.000454	0.009495
NC_043958.1	30323124	0.001753	0.033310
NC_043958.1	30323340	0.001701	0.032766
NC_043958.1	30362541	0.000416	0.009537
NC_043958.1	30369327	0.000491	0.008723
NC_043958.1	30423316	0.003813	0.265866
NC_043958.1	30424463	0.002075	0.036055
NC_043958.1	30631846	0.006142	0.060688
NC_043958.1	30632647	0.000491	0.010142
NC_043959.1	23434	0.000488	0.010161
NC_043959.1	27775	0.000272	0.006386
NC_043959.1	33295	0.001431	0.029987
NC_043959.1	33296	0.001431	0.029985
NC_043959.1	33554	0.000271	0.003700
NC_043959.1	33621	0.001100	0.026494
NC_043959.1	301040	0.000181	0.005788
NC_043959.1	301043	0.040987	0.175359
NC_043959.1	306301	0.001248	0.238215
NC_043959.1	320322	0.001438	0.030429
NC_043959.1	329153	0.001726	0.032524
NC_043959.1	329830	0.003370	0.259797
NC_043959.1	330949	0.000483	0.009436
NC_043959.1	330963	0.000536	0.009535
NC_043959.1	330982	0.000519	0.009227
NC_043959.1	333661	0.000329	0.006898
NC_043959.1	334765	0.000400	0.009458
NC_043959.1	334858	0.009396	0.095254
NC_043959.1	334882	0.011575	0.504129
NC_043959.1	334891	0.001461	0.030669
NC_043959.1	335090	0.009142	0.098623
NC_043959.1	335161	0.001712	0.371991
NC_043959.1	338266	0.001676	0.032027
NC_043959.1	338597	0.001897	0.033583
NC_043959.1	379330	0.000513	0.359482
NC_043959.1	379336	0.000350	0.006759
NC_043959.1	383239	0.000454	0.008894
NC_043959.1	464861	0.001922	0.033823
NC_043959.1	515755	0.004369	0.076850
NC_043959.1	588583	0.002166	0.036164
NC_043959.1	651041	0.000387	0.008736
NC_043959.1	651114	0.001855	0.033198
NC_043959.1	652288	0.000663	0.017668
NC_043959.1	1187533	0.009125	0.170390
NC_043959.1	1369314	0.000422	0.010024
NC_043959.1	1369631	0.001795	0.033205
NC_043959.1	2905756	0.001802	0.033831
NC_043959.1	3705967	0.000523	0.010164
NC_043959.1	3858782	0.001859	0.033243
NC_043959.1	3868273	0.001212	0.028676
NC_043959.1	3868285	0.001414	0.030884
NC_043959.1	4096327	0.007709	0.072898
NC_043959.1	4096548	0.000486	0.010123
NC_043959.1	4096556	0.008431	0.441099
NC_043959.1	4325129	0.000515	0.010024
NC_043959.1	6315991	0.000556	0.009896
NC_043959.1	6741905	0.002255	0.037039
NC_043959.1	6741923	0.001996	0.035241
NC_043959.1	6869431	0.007892	0.227996
NC_043959.1	6869511	0.000558	0.010550
NC_043959.1	6869516	0.000614	0.011283
NC_043959.1	8275451	0.000586	0.010412
NC_043959.1	8672652	0.000354	0.006853
NC_043959.1	8672724	0.001361	0.028682
NC_043959.1	9207100	0.002172	0.036226
NC_043959.1	9378274	0.005930	0.428927
NC_043959.1	9378538	0.000446	0.009180
NC_043959.1	9378583	0.001063	0.268238
NC_043959.1	9512288	0.000553	0.009847
NC_043959.1	9961862	0.001398	0.030720
NC_043959.1	10107572	0.005862	0.165421
NC_043959.1	10107778	0.008094	0.176105
NC_043959.1	10455960	0.001918	0.033789
NC_043959.1	10456145	0.001388	0.029335
NC_043959.1	11439421	0.006085	0.060806
NC_043959.1	11439481	0.001927	0.034530
NC_043959.1	11443997	0.000560	0.010811
NC_043959.1	11452030	0.006458	0.066881
NC_043959.1	11503268	0.001788	0.033137
NC_043959.1	11503294	0.001443	0.030633
NC_043959.1	11503494	0.001853	0.033782
NC_043959.1	11503522	0.006823	0.064960
NC_043959.1	11510533	0.000361	0.008438
NC_043959.1	11510568	0.009767	0.119728
NC_043959.1	11510602	0.008648	0.149175
NC_043959.1	11548573	0.000545	0.010551
NC_043959.1	11548594	0.001724	0.033248
NC_043959.1	11549041	0.000502	0.010418
NC_043959.1	11549127	0.000525	0.010824
NC_043959.1	11549166	0.001781	0.033614
NC_043959.1	11550560	0.001909	0.033707
NC_043959.1	11550564	0.001881	0.033445
NC_043959.1	11550586	0.001651	0.031802
NC_043959.1	11550793	0.000395	0.008899
NC_043959.1	11550926	0.000335	0.007381
NC_043959.1	11550937	0.001214	0.028294
NC_043959.1	11551015	0.004534	0.056250
NC_043959.1	11551019	0.000311	0.007577
NC_043959.1	11551051	0.000381	0.008091
NC_043959.1	11567577	0.000604	0.010714
NC_043959.1	11660184	0.001050	0.295259
NC_043959.1	11687928	0.000426	0.009255
NC_043959.1	11687948	0.000401	0.008753
NC_043959.1	12181897	0.002003	0.034591
NC_043959.1	12404898	0.001601	0.032825
NC_043959.1	12404909	0.000052	0.001955
NC_043959.1	12404914	0.007014	0.156118
NC_043959.1	12404966	0.004364	0.112937
NC_043959.1	12404969	0.000011	0.000253
NC_043959.1	12404983	0.000008	0.000195
NC_043959.1	12405011	0.000014	0.000287
NC_043959.1	12405037	0.000236	0.005060
NC_043959.1	12539102	0.001524	0.031226
NC_043959.1	12585124	0.001715	0.032416
NC_043959.1	12681597	0.004313	0.478622
NC_043959.1	12707644	0.004560	0.404066
NC_043959.1	12707663	0.009041	0.436410
NC_043959.1	12708020	0.031403	0.140892
NC_043959.1	12708024	0.000342	0.008464
NC_043959.1	12708379	0.000457	0.009417
NC_043959.1	14199473	0.012141	0.127900
NC_043959.1	14683642	0.001522	0.031301
NC_043959.1	14683679	0.006642	0.066129
NC_043959.1	14929734	0.002209	0.036589
NC_043959.1	15176456	0.000591	0.010494
NC_043959.1	15176461	0.001855	0.033799
NC_043959.1	15176631	0.001480	0.030817
NC_043959.1	15176845	0.000446	0.009908
NC_043959.1	15176968	0.000511	0.010574
NC_043959.1	15176969	0.001896	0.034865
NC_043959.1	15183238	0.002293	0.037436
NC_043959.1	15183504	0.000499	0.009730
NC_043959.1	15214752	0.000724	0.012637
NC_043959.1	15222033	0.000389	0.008658
NC_043959.1	15223050	0.001658	0.032321
NC_043959.1	15245307	0.001855	0.034071
NC_043959.1	15245462	0.004812	0.057952
NC_043959.1	15268969	0.005025	0.476271
NC_043959.1	15387151	0.000464	0.009966
NC_043959.1	15387233	0.001026	0.022611
NC_043959.1	15387257	0.000491	0.009902
NC_043959.1	15387299	0.000495	0.009973
NC_043959.1	15387338	0.000334	0.008098
NC_043959.1	15387651	0.001220	0.028851
NC_043959.1	15496123	-0.000184	0.328819
NC_043959.1	15496132	0.005391	0.161795
NC_043959.1	15496135	-0.001370	0.463023
NC_043959.1	15496136	0.000006	0.000167
NC_043959.1	15496137	0.001485	0.033792
NC_043959.1	15496138	0.003341	0.079823
NC_043959.1	15496141	0.022168	0.382369
NC_043959.1	15496150	-0.001337	0.356349
NC_043959.1	15496153	-0.001048	0.256989
NC_043959.1	15496159	0.010412	0.442998
NC_043959.1	15496161	0.003737	0.080719
NC_043959.1	15496183	-0.001260	0.280131
NC_043959.1	15593598	0.001584	0.031558
NC_043959.1	15655354	0.001805	0.033864
NC_043959.1	15655367	0.001800	0.033814
NC_043959.1	15699739	0.000441	0.008654
NC_043959.1	15700500	0.000495	0.008786
NC_043959.1	15700594	0.002029	0.034840
NC_043959.1	15887005	0.002029	0.035583
NC_043959.1	15964125	0.005696	0.063467
NC_043959.1	15979021	0.001881	0.033442
NC_043959.1	16065913	0.001182	0.028024
NC_043959.1	16065920	0.001322	0.026445
NC_043959.1	16066303	0.000510	0.010559
NC_043959.1	16072101	0.009503	0.456867
NC_043959.1	16339029	0.001793	0.033432
NC_043959.1	16339067	0.002093	0.035455
NC_043959.1	16340226	0.000474	0.009910
NC_043959.1	16340291	0.000591	0.011324
NC_043959.1	16348616	0.001930	0.035241
NC_043959.1	16603342	0.001608	0.032725
NC_043959.1	16644185	0.001831	0.034148
NC_043959.1	16730366	0.000529	0.010259
NC_043959.1	16750702	0.000408	0.008003
NC_043959.1	16750712	0.000628	0.012240
NC_043959.1	16751068	0.001493	0.029837
NC_043959.1	16751135	0.005090	0.425772
NC_043959.1	16848258	0.019445	0.486164
NC_043959.1	16848293	0.001416	0.030712
NC_043959.1	17074845	0.002177	0.036268
NC_043959.1	17142455	0.001233	0.028133
NC_043959.1	17154982	0.000658	0.012428
NC_043959.1	17404181	0.000792	0.013660
NC_043959.1	17404238	0.009459	0.450245
NC_043959.1	17404241	0.009916	0.092613
NC_043959.1	17497712	0.000983	0.017325
NC_043959.1	17497715	0.002011	0.034664
NC_043959.1	17497836	0.000611	0.010833
NC_043959.1	17560755	0.018803	0.101952
NC_043959.1	17563036	0.002054	0.035077
NC_043959.1	17621598	0.000640	0.011311
NC_043959.1	17625120	0.002384	0.038368
NC_043959.1	17682092	0.000827	0.014604
NC_043959.1	17682109	0.000303	0.007574
NC_043959.1	17685940	0.010386	0.094602
NC_043959.1	18046987	0.010668	0.151009
NC_043959.1	18097338	-0.000718	0.257861
NC_043959.1	18097349	0.000071	0.000922
NC_043959.1	18097373	0.000142	0.004313
NC_043959.1	18366403	0.000459	0.008986
NC_043959.1	18366415	0.000472	0.009241
NC_043959.1	19308400	0.001443	0.030725
NC_043959.1	19401442	0.001640	0.031702
NC_043959.1	19478610	0.001095	0.018131
NC_043959.1	19662780	0.001520	0.030170
NC_043959.1	19663388	0.001834	0.033011
NC_043959.1	19713137	0.000368	0.007660
NC_043959.1	19952665	0.001987	0.034752
NC_043959.1	20300706	0.001836	0.034499
NC_043959.1	20304263	0.000485	0.013055
NC_043959.1	20306491	0.001854	0.034314
NC_043959.1	20306850	0.001720	0.033503
NC_043959.1	20342532	0.001491	0.029910
NC_043959.1	20342692	0.000671	0.011815
NC_043959.1	20342762	0.000469	0.009182
NC_043959.1	20342848	0.002086	0.035384
NC_043959.1	20343954	0.002470	0.062177
NC_043959.1	20469308	0.001534	0.031231
NC_043959.1	20469402	0.001564	0.030976
NC_043959.1	20519914	0.000355	0.008316
NC_043959.1	20522424	0.002154	0.036046
NC_043959.1	20522435	0.002060	0.035139
NC_043959.1	20578807	0.005795	0.050233
NC_043959.1	20674284	0.001885	0.034102
NC_043959.1	21088068	0.001780	0.033594
NC_043959.1	21568646	0.001823	0.034057
NC_043959.1	21568648	0.001769	0.033477
NC_043959.1	21568669	0.006249	0.065114
NC_043959.1	21568757	0.001733	0.032088
NC_043959.1	21569081	0.000509	0.009694
NC_043959.1	21730120	0.000682	0.012805
NC_043959.1	21776165	0.005768	0.066974
NC_043959.1	21776176	0.001638	0.032815
NC_043959.1	21829438	0.002140	0.035914
NC_043959.1	21829467	0.000569	0.010967
NC_043959.1	22119266	0.000595	0.010568
NC_043959.1	22125534	0.001486	0.030581
NC_043959.1	22278109	0.001236	0.021246
NC_043959.1	22278205	0.001423	0.029653
NC_043959.1	22278478	0.001215	0.028008
NC_043959.1	22393083	0.007319	0.099114
NC_043959.1	22393200	0.000685	0.012033
NC_043959.1	22479879	0.001422	0.029643
NC_043959.1	22479955	0.000513	0.009135
NC_043959.1	22480020	0.000310	0.007623
NC_043959.1	22480074	0.000279	0.007041
NC_043959.1	22480509	0.000739	0.350344
NC_043959.1	22480884	0.000850	0.014519
NC_043959.1	22486897	0.000373	0.310930
NC_043959.1	22866658	0.002157	0.036074
NC_043959.1	23164889	0.001273	0.028845
NC_043959.1	23165090	0.011862	0.144128
NC_043959.1	23165238	0.000311	0.006836
NC_043959.1	23165291	0.000471	0.009213
NC_043959.1	23165356	0.000597	0.011437
NC_043959.1	23165395	0.005371	0.189479
NC_043959.1	23165404	0.009042	0.097029
NC_043959.1	23165432	0.001666	0.032890
NC_043959.1	23705746	0.002077	0.035290
NC_043959.1	23726599	0.000425	0.008105
NC_043959.1	23867916	0.001492	0.026047
NC_043959.1	23867944	0.003488	0.388021
NC_043959.1	23868816	0.000305	0.007386
NC_043959.1	23868831	0.000302	0.006916
NC_043959.1	24136623	0.002000	0.034564
NC_043959.1	24297794	0.000570	0.010132
NC_043959.1	24297842	0.000489	0.010189
NC_043959.1	24297869	0.000446	0.009385
NC_043959.1	24298002	0.001791	0.033711
NC_043959.1	24298272	0.001451	0.029917
NC_043959.1	24298337	0.001347	0.029223
NC_043959.1	24298441	0.001839	0.033055
NC_043959.1	24602068	0.001368	0.030157
NC_043959.1	24602074	0.001372	0.030201
NC_043959.1	24602102	0.000475	0.010658
NC_043959.1	24625154	0.000630	0.011143
NC_043959.1	24794027	0.000331	0.007034
NC_043959.1	24794070	0.000152	0.004039
NC_043959.1	24794109	0.000106	0.003446
NC_043959.1	24794147	0.000197	0.004419
NC_043959.1	24794148	0.011490	0.162798
NC_043959.1	24794217	0.006125	0.417133
NC_043959.1	24794231	0.009148	0.236689
NC_043959.1	24910671	0.002212	0.036617
NC_043959.1	24969919	0.001745	0.032709
NC_043959.1	24970409	0.000508	0.009029
NC_043959.1	24970590	0.001615	0.031462
NC_043959.1	24970613	0.001106	0.027367
NC_043959.1	24970684	0.001121	0.027360
NC_043959.1	25211450	0.008161	0.088115
NC_043959.1	25211456	0.004904	0.062998
NC_043959.1	25211556	0.000233	0.006666
NC_043959.1	25556385	0.002109	0.035610
NC_043959.1	26013982	0.000550	0.009786
NC_043959.1	26020253	0.001722	0.032939
NC_043959.1	26129330	0.000450	0.009713
NC_043959.1	26205786	0.001516	0.027607
NC_043959.1	26206028	0.000592	0.011351
NC_043959.1	26226691	0.000603	0.010707
NC_043959.1	26226807	0.001626	0.032441
NC_043959.1	26226831	0.002605	0.273158
NC_043959.1	26313154	0.000408	0.009175
NC_043959.1	26313168	0.001544	0.031546
NC_043959.1	26324462	0.000482	0.009422
NC_043959.1	26324690	0.000543	0.010517
NC_043959.1	26325153	0.001912	0.034376
NC_043959.1	26387262	0.000413	0.009599
NC_043959.1	26392337	0.002158	0.036087
NC_043959.1	26392482	0.001987	0.035140
NC_043959.1	26839526	0.001881	0.034062
NC_043959.1	26842411	0.001979	0.035056
NC_043959.1	27024801	0.000522	0.009285
NC_043959.1	27026740	0.001637	0.032299
NC_043959.1	27773715	0.000540	0.010457
NC_043959.1	28148433	0.001737	0.032634
NC_043959.1	28664991	0.000524	0.010174
NC_043959.1	28674598	0.001697	0.312170
NC_043959.1	29723375	0.004269	0.053461
NC_043959.1	29723500	0.031662	0.372438
NC_043959.1	29723616	0.004488	0.057812
NC_043959.1	29807328	0.000534	0.009503
NC_043959.1	30890847	0.002097	0.035491
NC_043959.1	30890880	0.001968	0.034260
NC_043959.1	30890919	0.001889	0.033520
NC_043959.1	31903937	0.000528	0.010557
NC_043959.1	32885105	0.001534	0.031225
NC_043959.1	32885610	0.000385	0.009170
NC_043959.1	33381355	0.000610	0.010819
NC_043959.1	33530799	0.000522	0.010780
NC_043959.1	33987538	0.002286	0.037365
NC_043959.1	34253369	0.001787	0.033112
NC_043959.1	34253414	0.001909	0.033701
NC_043959.1	35621287	0.000545	0.009707
NC_043959.1	35847658	0.000544	0.011151
NC_043959.1	36265401	0.000416	0.008739
NC_043959.1	36845861	0.002055	0.035863
NC_043959.1	36970207	0.000379	0.009240
NC_043959.1	37749093	0.001795	0.033755
NC_043959.1	37749104	0.002122	0.036550
NC_043959.1	37969580	0.001955	0.035531
NC_043959.1	37969607	0.001850	0.034352
NC_043959.1	37969617	0.001990	0.035174
NC_043959.1	38114326	0.000912	0.015430
NC_043959.1	38172543	0.000656	0.013176
NC_043959.1	39535350	0.002201	0.036506
NC_043959.1	40105437	0.000575	0.011063
NC_043959.1	40107252	0.000585	0.010399
NC_043959.1	40603883	0.000460	0.009020
NC_043959.1	40728739	0.005570	0.399122
NC_043959.1	41461800	0.001721	0.031995
NC_043959.1	41834099	0.000554	0.010711
NC_043959.1	41834124	0.001985	0.035119
NC_043959.1	42081756	0.000482	0.010058
NC_043959.1	42081758	0.001854	0.034403
NC_043959.1	42081799	0.000532	0.010942
NC_043959.1	42656967	0.002038	0.035679
NC_043959.1	42903934	0.001870	0.033343
NC_043959.1	43206867	0.001462	0.030314
NC_043959.1	43336653	0.002390	0.290143
NC_043959.1	43862481	0.001417	0.024021
NC_043959.1	44031845	0.001772	0.033516
NC_043959.1	44031861	0.001962	0.034879
NC_043959.1	44032345	0.001230	0.029090
NC_043959.1	44263146	0.008038	0.081807
NC_043959.1	44310258	0.000449	0.009436
NC_043959.1	44318682	0.001662	0.032846
NC_043959.1	44531015	0.000410	0.008687
NC_043959.1	44531033	0.001536	0.031083
NC_043959.1	44962281	0.000374	0.007300
NC_043959.1	44962298	0.003253	0.232186
NC_043959.1	45186675	0.025458	0.490143
NC_043959.1	45193199	0.008288	0.161770
NC_043959.1	46281615	0.002136	0.035865
NC_043959.1	46709639	0.032226	0.161003
NC_043959.1	46709641	0.005128	0.178865
NC_043959.1	47339268	0.001991	0.034478
NC_043959.1	47339281	0.000551	0.009811
NC_043959.1	47339300	0.001850	0.033156
NC_043959.1	47339330	0.002000	0.034560
NC_043959.1	47979590	0.002270	0.037195
NC_043959.1	49507727	0.000569	0.011834
NC_043959.1	51095769	0.000883	0.015926
NC_043959.1	52294828	0.000348	0.007666
NC_043959.1	53126011	0.002001	0.034569
NC_043959.1	53661169	0.001629	0.032022
NC_043959.1	54180578	0.002019	0.035477
NC_043959.1	54332581	0.000552	0.009824
NC_043959.1	54827781	0.009191	0.091301
NC_043959.1	54827796	0.001529	0.031012
NC_043959.1	55332646	0.001877	0.034023
NC_043959.1	55589849	0.005764	0.063534
NC_043959.1	55591936	0.001584	0.031982
NC_043959.1	55640235	0.000064	0.001601
NC_043959.1	55640265	0.001148	0.024130
NC_043959.1	55640270	0.000440	0.019102
NC_043959.1	56331157	0.000615	0.010902
NC_043959.1	56399247	-0.000710	0.271006
NC_043959.1	56399332	0.001042	0.026141
NC_043959.1	56399473	0.000975	0.023319
NC_043959.1	56399647	0.000286	0.005843
NC_043959.1	56829033	0.000559	0.010672
NC_043959.1	57284546	0.001425	0.030233
NC_043959.1	58203997	0.002126	0.035766
NC_043959.1	60189894	0.008640	0.154033
NC_043959.1	60266942	0.001244	0.028902
NC_043959.1	60266978	0.000403	0.009065
NC_043959.1	60771742	0.001804	0.033293
NC_043959.1	61860764	0.000078	0.000624
NC_043959.1	61860766	0.000041	0.000439
NC_043959.1	61860768	0.019974	0.166059
NC_043959.1	61860770	0.208505	0.369210
NC_043959.1	61860789	0.000802	0.009305
NC_043959.1	61860794	0.000016	0.000262
NC_043959.1	61860804	0.000013	0.000236
NC_043959.1	61860818	0.009720	0.505638
NC_043959.1	62089590	0.001803	0.033664
NC_043959.1	62395655	0.000831	0.023312
NC_043959.1	62395736	0.002081	0.193258
NC_043959.1	63263328	0.002800	0.014782
NC_043959.1	63263329	0.000046	0.000466
NC_043959.1	63263339	0.000053	0.000504
NC_043959.1	63263341	0.000053	0.000503
NC_043959.1	63263343	0.000053	0.000516
NC_043959.1	63263347	0.000051	0.000494
NC_043959.1	63263352	0.000055	0.000518
NC_043959.1	63263357	0.000054	0.000509
NC_043959.1	63263369	0.000054	0.000508
NC_043959.1	63263382	0.000061	0.000546
NC_043959.1	63263406	0.000089	0.000725
NC_043959.1	63263414	0.000077	0.000745
NC_043959.1	63263418	0.000095	0.001541
NC_043959.1	63263434	0.000085	0.000662
NC_043959.1	63263441	0.000092	0.000713
NC_043959.1	63263451	0.000291	0.008578
NC_043959.1	63263463	0.000397	0.001616
NC_043959.1	63263480	0.000117	0.000832
NC_043959.1	63263494	0.000163	0.000940
NC_043959.1	63264507	0.000088	0.002293
NC_043959.1	63264525	0.008954	0.109911
NC_043959.1	63264527	0.000164	0.004390
NC_043959.1	63264528	0.000204	0.006658
NC_043960.1	126268	0.000223	0.001684
NC_043960.1	126281	0.000215	0.001355
NC_043960.1	126306	0.000699	0.022856
NC_043960.1	126317	0.000649	0.022732
NC_043960.1	126343	0.000107	0.000747
NC_043960.1	126385	0.000148	0.001217
NC_043960.1	126391	0.000282	0.005731
NC_043960.1	126498	0.000032	0.000854
NC_043960.1	127334	0.000435	0.020482
NC_043960.1	127341	0.000089	0.001839
NC_043960.1	127359	0.005719	0.064781
NC_043960.1	127374	0.000158	0.001794
NC_043960.1	127386	0.000221	0.003368
NC_043960.1	127430	0.000080	0.000991
NC_043960.1	127478	0.000047	0.000893
NC_043960.1	127488	0.000073	0.001043
NC_043960.1	356531	0.000085	0.002505
NC_043960.1	356534	0.000095	0.002712
NC_043960.1	356543	0.000084	0.002706
NC_043960.1	356555	0.000105	0.003346
NC_043960.1	356858	0.000064	0.001333
NC_043960.1	356882	0.000093	0.002365
NC_043960.1	357055	0.009165	0.502822
NC_043960.1	580897	0.001350	0.028919
NC_043960.1	618833	0.002057	0.035104
NC_043960.1	859821	0.001212	0.027701
NC_043960.1	859829	0.000044	0.000886
NC_043960.1	859837	0.021100	0.483924
NC_043960.1	859841	0.021730	0.477795
NC_043960.1	874945	0.005218	0.412976
NC_043960.1	902566	0.000039	0.000967
NC_043960.1	902570	0.000048	0.000661
NC_043960.1	903676	0.001137	0.020619
NC_043960.1	943530	0.000471	0.009857
NC_043960.1	943643	0.001616	0.031466
NC_043960.1	943732	0.000410	0.009202
NC_043960.1	1013943	0.000177	0.003897
NC_043960.1	1032417	0.000631	0.022141
NC_043960.1	1032439	0.000125	0.001604
NC_043960.1	1032471	0.000129	0.001711
NC_043960.1	1032507	0.001040	0.024835
NC_043960.1	1302383	0.000184	0.005255
NC_043960.1	1302395	0.000116	0.003086
NC_043960.1	1302412	0.008212	0.397042
NC_043960.1	1302514	0.010566	0.469272
NC_043960.1	1302515	0.000178	0.004001
NC_043960.1	1302595	0.002534	0.042047
NC_043960.1	1303036	0.002154	0.202910
NC_043960.1	1627814	0.001707	0.033352
NC_043960.1	1853687	0.001926	0.034410
NC_043960.1	2050970	0.001797	0.032911
NC_043960.1	2528193	0.013034	0.142383
NC_043960.1	3219362	0.002060	0.035131
NC_043960.1	3219372	0.001915	0.033760
NC_043960.1	3219397	0.006584	0.063893
NC_043960.1	3229019	0.000656	0.011566
NC_043960.1	3253432	0.002792	0.311116
NC_043960.1	3407057	0.006598	0.068101
NC_043960.1	3473554	0.000626	0.011078
NC_043960.1	3497340	0.002797	0.390946
NC_043960.1	3497395	0.005471	0.058988
NC_043960.1	3497428	0.008977	0.154734
NC_043960.1	3497431	0.009901	0.147897
NC_043960.1	3497524	0.002485	0.483872
NC_043960.1	3497590	0.000948	0.388460
NC_043960.1	3497644	0.002485	0.225794
NC_043960.1	3497862	0.009269	0.142250
NC_043960.1	3497868	0.008672	0.089950
NC_043960.1	3497883	0.001464	0.391439
NC_043960.1	3497886	0.009205	0.139070
NC_043960.1	3640323	0.000498	0.010023
NC_043960.1	3681740	0.000543	0.009674
NC_043960.1	3731506	0.001335	0.029487
NC_043960.1	3767113	0.000421	0.008254
NC_043960.1	3767124	0.000701	0.012273
NC_043960.1	3767181	0.000464	0.008208
NC_043960.1	3767247	0.000507	0.009012
NC_043960.1	3939485	0.005593	0.495679
NC_043960.1	3941062	0.002257	0.037068
NC_043960.1	3941081	0.000652	0.011500
NC_043960.1	3941172	0.001720	0.032977
NC_043960.1	4370359	0.000382	0.009307
NC_043960.1	4448487	0.001934	0.034594
NC_043960.1	4869793	0.003473	0.052173
NC_043960.1	4869805	0.001115	0.028444
NC_043960.1	4869818	0.000014	0.000315
NC_043960.1	4869821	0.000019	0.000984
NC_043960.1	4869826	0.001948	0.057425
NC_043960.1	4869847	0.000013	0.000303
NC_043960.1	4869853	-0.001105	0.277804
NC_043960.1	4869859	-0.000486	0.291152
NC_043960.1	4869865	0.000016	0.000318
NC_043960.1	4869871	0.000019	0.000904
NC_043960.1	4869873	0.000014	0.000418
NC_043960.1	4869883	0.000025	0.000651
NC_043960.1	4869898	0.000025	0.000596
NC_043960.1	4869901	0.000026	0.000628
NC_043960.1	4869904	0.000050	0.000969
NC_043960.1	4869911	0.000068	0.001180
NC_043960.1	4892825	0.000486	0.009494
NC_043960.1	5137280	0.001777	0.033027
NC_043960.1	5453879	0.002005	0.035670
NC_043960.1	5509160	0.000362	0.008233
NC_043960.1	5561264	0.000693	0.242465
NC_043960.1	5561401	0.000540	0.010467
NC_043960.1	5561649	0.000772	0.014693
NC_043960.1	5730261	0.010111	0.096410
NC_043960.1	5848491	0.001046	0.027024
NC_043960.1	6205972	0.006851	0.065888
NC_043960.1	6364184	0.000568	0.010106
NC_043960.1	6364187	0.002086	0.035387
NC_043960.1	6460448	0.005647	0.063038
NC_043960.1	6460491	0.000538	0.010420
NC_043960.1	7066389	0.000530	0.009441
NC_043960.1	7066967	0.000533	0.010333
NC_043960.1	7067133	0.000433	0.009126
NC_043960.1	8925052	0.000572	0.010791
NC_043960.1	8925063	0.000594	0.011160
NC_043960.1	9247783	0.001727	0.032534
NC_043960.1	9247825	0.002140	0.035909
NC_043960.1	9273366	0.000580	0.010313
NC_043960.1	9425644	0.000430	0.008440
NC_043960.1	10218869	0.002005	0.034614
NC_043960.1	10278470	0.001894	0.034192
NC_043960.1	10469910	0.001803	0.032721
NC_043960.1	10470083	0.000860	0.017861
NC_043960.1	11377520	0.000326	0.007901
NC_043960.1	11820652	0.001505	0.031130
NC_043960.1	11821125	0.001912	0.033733
NC_043960.1	11890857	0.000277	0.007293
NC_043960.1	11890868	0.004735	0.057524
NC_043960.1	12387581	0.000468	0.009158
NC_043960.1	12387608	0.000481	0.008532
NC_043960.1	12623709	0.002062	0.035930
NC_043960.1	13870687	0.013498	0.090240
NC_043960.1	13870723	0.001892	0.034458
NC_043960.1	13924408	0.001645	0.031745
NC_043960.1	13924609	0.001469	0.030420
NC_043960.1	13924626	0.000453	0.009517
NC_043960.1	13924971	0.001778	0.033032
NC_043960.1	14331866	0.000325	0.007659
NC_043960.1	14331883	0.000358	0.008380
NC_043960.1	14455517	0.001451	0.027348
NC_043960.1	14455584	0.028269	0.497976
NC_043960.1	14618910	0.002148	0.035984
NC_043960.1	14619014	0.001653	0.032469
NC_043960.1	14621082	0.001587	0.031051
NC_043960.1	14678602	0.009532	0.153426
NC_043960.1	14679937	0.028688	0.502260
NC_043960.1	14679948	0.000026	0.000592
NC_043960.1	14679971	0.005313	0.075441
NC_043960.1	14680001	0.006995	0.094705
NC_043960.1	14680451	-0.000922	0.486043
NC_043960.1	14680504	0.000642	0.326964
NC_043960.1	14680510	0.000043	0.000576
NC_043960.1	14680544	0.000254	0.315812
NC_043960.1	14680545	0.006519	0.136163
NC_043960.1	14680588	-0.000884	0.275026
NC_043960.1	14682162	0.000027	0.000571
NC_043960.1	14682178	0.000053	0.000882
NC_043960.1	14682200	0.012630	0.436727
NC_043960.1	14682218	0.001769	0.427293
NC_043960.1	14682235	0.000022	0.000518
NC_043960.1	14682243	0.000020	0.000495
NC_043960.1	14682261	0.003945	0.148815
NC_043960.1	14682281	-0.000525	0.298998
NC_043960.1	14682290	0.000603	0.185143
NC_043960.1	14682326	0.000039	0.001811
NC_043960.1	14682336	0.015542	0.386670
NC_043960.1	14682337	0.000557	0.017823
NC_043960.1	14682344	0.005067	0.100401
NC_043960.1	14682347	0.005970	0.103008
NC_043960.1	14682357	0.000038	0.000799
NC_043960.1	14682694	0.000476	0.008436
NC_043960.1	14682704	0.000413	0.007178
NC_043960.1	14682726	0.014859	0.484922
NC_043960.1	14682747	0.002491	0.175043
NC_043960.1	14682815	0.003904	0.372538
NC_043960.1	14682816	0.012416	0.456747
NC_043960.1	14682966	0.006262	0.163363
NC_043960.1	14682973	0.000080	0.001920
NC_043960.1	14683575	0.000669	0.012596
NC_043960.1	14683581	0.000353	0.007521
NC_043960.1	14684056	0.010873	0.498291
NC_043960.1	14684469	0.019327	0.443643
NC_043960.1	14684519	0.006821	0.466516
NC_043960.1	14684540	0.018014	0.380535
NC_043960.1	14684552	0.000808	0.010471
NC_043960.1	14684553	-0.000161	0.219193
NC_043960.1	14684581	0.001044	0.029920
NC_043960.1	14684605	0.004454	0.061585
NC_043960.1	14684660	0.000104	0.001278
NC_043960.1	14684668	0.000132	0.002370
NC_043960.1	14684713	0.004411	0.421706
NC_043960.1	14684722	0.000444	0.017628
NC_043960.1	14684724	0.000069	0.000844
NC_043960.1	14684755	0.014030	0.435190
NC_043960.1	14684768	0.000100	0.001388
NC_043960.1	14684798	0.009476	0.481782
NC_043960.1	14684809	0.000090	0.001266
NC_043960.1	14684913	0.000782	0.017230
NC_043960.1	14684960	0.011842	0.436274
NC_043960.1	14684964	0.002812	0.376485
NC_043960.1	14684974	0.000048	0.000697
NC_043960.1	14684986	-0.000116	0.310276
NC_043960.1	14684996	0.000028	0.000608
NC_043960.1	14685011	0.005268	0.069659
NC_043960.1	14685026	0.003266	0.143048
NC_043960.1	14685051	0.003536	0.159459
NC_043960.1	14685082	0.000466	0.004930
NC_043960.1	14685093	0.000146	0.007886
NC_043960.1	14685122	0.000769	0.197812
NC_043960.1	14685144	0.013172	0.465575
NC_043960.1	14685145	0.000647	0.006717
NC_043960.1	14685208	0.000022	0.000624
NC_043960.1	14685218	0.015349	0.378781
NC_043960.1	14685233	0.002186	0.168015
NC_043960.1	14685253	0.000026	0.000584
NC_043960.1	14685260	0.002681	0.162729
NC_043960.1	14685280	-0.000094	0.342410
NC_043960.1	14685282	0.002551	0.216678
NC_043960.1	14685387	0.000070	0.001335
NC_043960.1	14685432	0.046640	0.492000
NC_043960.1	14685438	0.003656	0.355058
NC_043960.1	14685452	0.000239	0.320691
NC_043960.1	14685467	0.000064	0.000949
NC_043960.1	14685479	0.003067	0.367087
NC_043960.1	14685505	0.001976	0.035451
NC_043960.1	14685506	0.003034	0.361708
NC_043960.1	14685516	0.006538	0.098606
NC_043960.1	14685518	-0.000162	0.333852
NC_043960.1	14685522	0.004884	0.124726
NC_043960.1	14685523	0.000395	0.020014
NC_043960.1	14685524	0.000049	0.001699
NC_043960.1	14685525	-0.000228	0.301557
NC_043960.1	14685526	0.000033	0.000910
NC_043960.1	14685543	0.003195	0.058386
NC_043960.1	14685545	0.001311	0.016936
NC_043960.1	14685558	0.002074	0.040296
NC_043960.1	14685564	0.018895	0.465158
NC_043960.1	14685565	0.005849	0.130568
NC_043960.1	14685594	-0.000070	0.241900
NC_043960.1	14685606	0.011969	0.469611
NC_043960.1	14685610	0.007339	0.161165
NC_043960.1	14685617	0.007891	0.134465
NC_043960.1	14685629	0.000138	0.001529
NC_043960.1	14685809	0.006680	0.150316
NC_043960.1	14685923	0.018489	0.504307
NC_043960.1	14685954	0.005780	0.472784
NC_043960.1	14685969	0.017538	0.301400
NC_043960.1	14685987	-0.000351	0.291066
NC_043960.1	14686004	0.000388	0.334288
NC_043960.1	14686046	0.000384	0.007830
NC_043960.1	14688885	0.001866	0.033302
NC_043960.1	14689816	0.000514	0.010876
NC_043960.1	14690174	0.001222	0.028561
NC_043960.1	14805922	0.000899	0.015242
NC_043960.1	14823159	0.000016	0.000600
NC_043960.1	14823166	0.001977	0.040417
NC_043960.1	14823179	0.000004	0.000094
NC_043960.1	14823182	0.002669	0.054441
NC_043960.1	14823200	0.000003	0.000075
NC_043960.1	14823209	0.000003	0.000087
NC_043960.1	14823212	0.000003	0.000071
NC_043960.1	14823213	0.000803	0.034019
NC_043960.1	14823216	0.007050	0.195291
NC_043960.1	14823224	0.000003	0.000078
NC_043960.1	14823226	0.000004	0.000103
NC_043960.1	14823228	0.000004	0.000096
NC_043960.1	14823234	0.000004	0.000096
NC_043960.1	14823240	0.000004	0.000095
NC_043960.1	14823245	0.000005	0.000120
NC_043960.1	14823260	0.000007	0.000154
NC_043960.1	14823264	0.001572	0.097540
NC_043960.1	14823268	0.000010	0.000277
NC_043960.1	14823273	0.000716	0.009254
NC_043960.1	14823274	0.009129	0.092673
NC_043960.1	14823276	0.012222	0.158291
NC_043960.1	14823286	0.000017	0.000274
NC_043960.1	14823290	0.001286	0.032866
NC_043960.1	14823304	-0.000495	0.286044
NC_043960.1	14823324	0.005430	0.083464
NC_043960.1	14823486	0.002523	0.036653
NC_043960.1	14823533	0.000015	0.000296
NC_043960.1	14823553	0.003403	0.038493
NC_043960.1	14823556	0.006430	0.125693
NC_043960.1	14823566	0.000014	0.000443
NC_043960.1	14823567	0.000014	0.000245
NC_043960.1	14823569	0.000012	0.000229
NC_043960.1	14823571	0.000013	0.000346
NC_043960.1	14823572	0.007796	0.172629
NC_043960.1	14823576	0.000256	0.009331
NC_043960.1	14823601	0.003474	0.163770
NC_043960.1	14823603	0.003637	0.049404
NC_043960.1	14823606	-0.000475	0.225957
NC_043960.1	14823616	0.000019	0.000607
NC_043960.1	14823620	0.000026	0.000587
NC_043960.1	14823621	0.000075	0.001436
NC_043960.1	14823625	0.000015	0.000282
NC_043960.1	14823638	0.000492	0.006087
NC_043960.1	14823741	0.000347	0.009099
NC_043960.1	14823794	0.005229	0.084055
NC_043960.1	14823797	0.018383	0.509806
NC_043960.1	14823798	0.007272	0.095824
NC_043960.1	14823813	0.002425	0.326173
NC_043960.1	14823842	0.000015	0.001524
NC_043960.1	14823843	0.004493	0.060793
NC_043960.1	14823853	0.000007	0.000181
NC_043960.1	14823861	0.021111	0.336235
NC_043960.1	14823865	0.000017	0.000411
NC_043960.1	15253929	0.000681	0.011969
NC_043960.1	15494190	0.005398	0.068545
NC_043960.1	16049934	0.001865	0.033898
NC_043960.1	16674012	0.001909	0.033709
NC_043960.1	16674178	0.001461	0.373342
NC_043960.1	16674252	0.001935	0.033944
NC_043960.1	17062377	0.013995	0.121329
NC_043960.1	17999896	0.001467	0.030063
NC_043960.1	17999970	0.020891	0.290018
NC_043960.1	18045515	0.000329	0.007981
NC_043960.1	18045642	0.001765	0.032908
NC_043960.1	18358039	0.000450	0.008817
NC_043960.1	18358059	0.000637	0.012074
NC_043960.1	18362859	0.001756	0.033052
NC_043960.1	18377104	0.000629	0.011134
NC_043960.1	18377281	0.001883	0.034086
NC_043960.1	18925396	0.001699	0.032968
NC_043960.1	19901098	0.000647	0.011415
NC_043960.1	20164569	0.002350	0.038020
NC_043960.1	20164583	0.000676	0.011893
NC_043960.1	20220170	0.000606	0.010757
NC_043960.1	20220171	0.002013	0.034686
NC_043960.1	21253118	0.002211	0.036610
NC_043960.1	21969257	0.001846	0.042405
NC_043960.1	21969265	0.001942	0.034675
NC_043960.1	23184051	0.001845	0.033370
NC_043960.1	23184060	0.001872	0.033629
NC_043960.1	23189616	0.000591	0.010492
NC_043960.1	23189883	0.000967	0.017248
NC_043960.1	23189925	0.006106	0.090230
NC_043960.1	23189931	0.000400	0.009459
NC_043960.1	23190069	0.000377	0.008022
NC_043960.1	23190120	0.000425	0.008339
NC_043960.1	23190664	0.001829	0.034793
NC_043960.1	23191058	0.001915	0.033762
NC_043960.1	23191065	0.001951	0.034099
NC_043960.1	23191123	0.001917	0.034424
NC_043960.1	23191132	0.011447	0.101103
NC_043960.1	24862769	0.000283	0.007539
NC_043960.1	25090936	0.001637	0.033330
NC_043960.1	25143707	0.006449	0.444803
NC_043960.1	25375723	0.000329	0.008375
NC_043960.1	25375780	0.007030	0.154856
NC_043960.1	25909477	0.001710	0.032858
NC_043960.1	26005351	0.001659	0.031874
NC_043960.1	26005360	0.001800	0.032699
NC_043960.1	26666885	0.000422	0.009434
NC_043960.1	26779275	0.001689	0.031686
NC_043960.1	27579100	0.002007	0.035352
NC_043960.1	28340607	0.000566	0.011537
NC_043960.1	28611441	0.004988	0.191046
NC_043960.1	28879193	0.000542	0.009651
NC_043960.1	28879301	0.001563	0.030961
NC_043960.1	29174287	0.000391	0.009480
NC_043960.1	30784832	0.001704	0.032525
NC_043960.1	30784906	0.005892	0.062231
NC_043960.1	31690731	0.002009	0.035376
NC_043960.1	32847420	0.000533	0.009491
NC_043960.1	33672068	0.009901	0.160774
NC_043960.1	33796426	0.001930	0.034557
NC_043960.1	33796429	0.000512	0.009972
NC_043960.1	34316884	0.006136	0.064185
NC_043960.1	34316931	0.011619	0.124889
NC_043960.1	37113509	0.001940	0.033998
NC_043960.1	37733404	0.000555	0.010722
NC_043960.1	37733679	0.002122	0.035731
NC_043960.1	38031710	0.001778	0.033578
NC_043960.1	39474117	0.001968	0.034743
NC_043960.1	39776593	0.000592	0.010519
NC_043960.1	40500701	0.007932	0.094260
NC_043960.1	41207852	0.002173	0.036236
NC_043960.1	41207888	0.000525	0.010195
NC_043960.1	41502465	0.001686	0.032137
NC_043960.1	42044821	0.000496	0.010309
NC_043960.1	42231927	0.001891	0.034806
NC_043960.1	42231976	0.001843	0.033722
NC_043960.1	42438878	0.000526	0.010214
NC_043960.1	42439620	0.000303	0.006302
NC_043960.1	42439647	0.008332	0.160086
NC_043960.1	43036838	0.008230	0.434262
NC_043960.1	43037370	0.000832	0.016358
NC_043960.1	43037482	0.001552	0.031246
NC_043960.1	43546396	0.002120	0.035711
NC_043960.1	45225477	0.005795	0.064339
NC_043960.1	45225500	0.000465	0.009732
NC_043960.1	45225648	0.001873	0.033374
NC_043960.1	45225720	0.000369	0.007509
NC_043960.1	46319755	0.000126	0.016298
NC_043960.1	46319795	0.000008	0.000173
NC_043960.1	46319797	0.000010	0.000397
NC_043960.1	46319800	0.000401	0.013859
NC_043960.1	46412991	0.000545	0.010543
NC_043960.1	46613375	0.002291	0.037409
NC_043960.1	46627509	0.000795	0.337164
NC_043960.1	47809552	0.000497	0.009995
NC_043960.1	48188248	0.000364	0.008854
NC_043960.1	48190850	0.000186	0.004506
NC_043960.1	48202785	0.006808	0.092739
NC_043960.1	48205833	0.007873	0.246949
NC_043960.1	48205970	0.005917	0.070371
NC_043960.1	48207578	0.000550	0.013230
NC_043960.1	48207711	0.000083	0.001989
NC_043960.1	48207713	0.002375	0.204624
NC_043960.1	48207858	0.000101	0.001264
NC_043960.1	48207859	0.000110	0.002050
NC_043960.1	48207902	0.000132	0.002161
NC_043960.1	48208112	0.000296	0.008050
NC_043960.1	48208300	0.013988	0.252940
NC_043960.1	48211468	0.005010	0.246845
NC_043960.1	48211502	0.001907	0.375958
NC_043960.1	48235873	0.001856	0.033635
NC_043960.1	48235983	0.000367	0.007676
NC_043960.1	48242829	0.000110	0.002138
NC_043960.1	48287715	0.000529	0.010886
NC_043960.1	48804648	0.001725	0.033568
NC_043960.1	49115881	0.008558	0.111754
NC_043960.1	49115891	0.006105	0.073792
NC_043960.1	49115903	0.000468	0.008945
NC_043960.1	49116115	0.001804	0.032730
NC_043960.1	49116126	0.001753	0.032261
NC_043960.1	49116138	0.001658	0.031398
NC_043960.1	49117153	0.000434	0.008512
NC_043960.1	49117563	0.001667	0.031490
NC_043960.1	49117648	0.001309	0.029099
NC_043960.1	49119164	0.010155	0.091307
NC_043960.1	49122998	0.001585	0.031171
NC_043960.1	49123014	0.000527	0.009367
NC_043960.1	49124300	0.001623	0.031451
NC_043960.1	49224175	0.009126	0.115179
NC_043960.1	49224217	0.001742	0.032684
NC_043960.1	49224227	0.001739	0.032657
NC_043960.1	49258315	0.006650	0.064367
NC_043960.1	49258318	0.001608	0.031396
NC_043960.1	51467161	0.001343	0.029726
NC_043960.1	51467182	0.000299	0.007313
NC_043960.1	51631548	0.005271	0.424271
NC_043960.1	52292174	0.000233	0.005084
NC_043960.1	52292194	0.000284	0.006140
NC_043960.1	52292214	0.004833	0.063748
NC_043960.1	52292404	0.005954	0.229063
NC_043960.1	52292538	0.004548	0.428023
NC_043960.1	52324973	0.001957	0.372746
NC_043960.1	52325061	0.000636	0.016933
NC_043960.1	52325159	0.006846	0.416212
NC_043960.1	52687504	0.000528	0.010255
NC_043960.1	52924730	0.002196	0.036451
NC_043960.1	53477651	0.001598	0.032133
NC_043960.1	53563332	0.001415	0.030691
NC_043960.1	53563389	0.003087	0.047093
NC_043960.1	53563390	0.001777	0.033022
NC_043960.1	53840714	0.001899	0.033613
NC_043960.1	54399478	0.000466	0.009680
NC_043960.1	54399906	0.000504	0.011203
NC_043960.1	55334532	0.000458	0.010124
NC_043960.1	55371272	0.008827	0.105426
NC_043960.1	55371291	0.000112	0.003393
NC_043960.1	55371304	0.006681	0.087652
NC_043960.1	55371355	0.000129	0.004284
NC_043960.1	55371384	0.000411	0.008365
NC_043960.1	55390580	0.005679	0.208287
NC_043960.1	55390588	0.008624	0.119396
NC_043960.1	55421761	0.000344	0.007316
NC_043960.1	55421765	0.000445	0.008710
NC_043960.1	55421781	0.010386	0.102138
NC_043960.1	55421785	0.001385	0.029586
NC_043960.1	55446407	0.001202	0.026556
NC_043960.1	55446444	0.000230	0.006013
NC_043960.1	55446459	0.000179	0.004948
NC_043960.1	55446484	0.000263	0.007735
NC_043960.1	55446485	0.000237	0.007065
NC_043960.1	55446660	0.000453	0.009196
NC_043960.1	55446786	0.000410	0.007799
NC_043960.1	55446820	0.006053	0.071308
NC_043960.1	55447272	0.005166	0.302431
NC_043960.1	55447343	0.001190	0.377936
NC_043960.1	55447345	0.013427	0.506364
NC_043960.1	55447357	0.000325	0.005150
NC_043960.1	55447389	0.000164	0.003559
NC_043960.1	55447417	0.000253	0.006513
NC_043960.1	55447868	0.000675	0.331585
NC_043960.1	55512268	0.000474	0.268233
NC_043960.1	55888443	0.005794	0.216781
NC_043960.1	56009335	0.001858	0.034101
NC_043960.1	56385472	0.002209	0.036591
NC_043960.1	57890311	0.000331	0.007563
NC_043960.1	57890447	0.001606	0.032220
NC_043960.1	57915657	0.001528	0.032037
NC_043960.1	57915659	0.004146	0.060396
NC_043960.1	57915661	0.000031	0.000438
NC_043960.1	57915666	0.000027	0.000351
NC_043960.1	57915674	0.000231	0.007110
NC_043960.1	58030298	0.010893	0.500428
NC_043960.1	58265898	0.000580	0.010726
NC_043960.1	58365131	0.002055	0.035082
NC_043960.1	58405850	0.002070	0.036015
NC_043960.1	58528971	0.007308	0.494939
NC_043960.1	58528972	0.007189	0.444958
NC_043960.1	58530532	0.000251	0.005851
NC_043960.1	58537747	0.009524	0.473876
NC_043960.1	58537767	0.000580	0.315271
NC_043960.1	58566157	0.001973	0.035004
NC_043960.1	58809883	0.000178	0.005902
NC_043960.1	59053743	0.000596	0.010590
NC_043960.1	59085428	0.001568	0.031811
NC_043960.1	59088364	0.000079	0.000918
NC_043960.1	59088374	0.000059	0.000766
NC_043960.1	59088386	0.004319	0.070693
NC_043960.1	59088396	0.000044	0.000658
NC_043960.1	59088406	0.003452	0.053622
NC_043960.1	59088421	0.000029	0.000438
NC_043960.1	59088442	0.000050	0.000796
NC_043960.1	59088445	0.000043	0.000832
NC_043960.1	59088451	0.029997	0.506406
NC_043960.1	59088460	0.000103	0.001223
NC_043960.1	59088465	0.000233	0.004908
NC_043960.1	59088472	0.000101	0.001088
NC_043960.1	59088509	0.000116	0.003629
NC_043960.1	59088522	0.000078	0.001069
NC_043960.1	59088527	0.000309	0.012067
NC_043960.1	59088539	0.000105	0.002304
NC_043960.1	59088546	0.011794	0.444645
NC_043960.1	59088547	0.000691	0.023188
NC_043960.1	59088559	0.000126	0.002246
NC_043960.1	59088560	0.005550	0.068645
NC_043960.1	59088567	0.000574	0.015980
NC_043960.1	59319705	0.017001	0.504122
NC_043960.1	59330679	0.011063	0.094382
NC_043960.1	59432938	0.000754	0.023328
NC_043960.1	59506006	0.005148	0.075953
NC_043960.1	59506015	0.003835	0.094217
NC_043960.1	59506030	0.000435	0.008907
NC_043960.1	59506036	0.000008	0.000182
NC_043960.1	59506045	0.002262	0.184087
NC_043960.1	59506060	0.000853	0.028575
NC_043960.1	59506069	0.002658	0.123097
NC_043960.1	59506075	0.000005	0.000121
NC_043960.1	59506084	0.000010	0.002281
NC_043960.1	59506099	0.000005	0.000122
NC_043960.1	59506105	0.000022	0.000453
NC_043960.1	59506110	0.000060	0.015072
NC_043960.1	59506114	0.000005	0.000284
NC_043960.1	59506129	0.000006	0.000200
NC_043960.1	59506143	0.000004	0.000094
NC_043960.1	59506144	0.000005	0.000117
NC_043960.1	59506159	0.000010	0.000200
NC_043960.1	59506168	0.000357	0.019649
NC_043960.1	59506183	0.012055	0.165947
NC_043960.1	59506185	0.000011	0.000212
NC_043960.1	59506192	0.007351	0.098695
NC_043960.1	59506204	0.007988	0.078792
NC_043960.1	59506207	0.000011	0.000237
NC_043960.1	59506216	0.000022	0.002110
NC_043960.1	59506231	0.000032	0.000485
NC_043960.1	59506246	0.000059	0.001857
NC_043960.1	59506258	0.000925	0.031012
NC_043960.1	59506261	0.002521	0.013097
NC_043960.1	59506263	0.000104	0.013252
NC_043960.1	59506276	0.000016	0.000564
NC_043960.1	59506285	0.001986	0.128916
NC_043960.1	59506300	0.000042	0.002062
NC_043960.1	59506306	0.001393	0.034128
NC_043960.1	59506315	0.000026	0.000643
NC_043960.1	59506321	0.005599	0.090483
NC_043960.1	59506324	0.000602	0.014035
NC_043960.1	59506335	0.000027	0.000472
NC_043960.1	59506339	0.000419	0.018964
NC_043960.1	59506348	0.003578	0.162974
NC_043960.1	59678545	0.001634	0.032068
NC_043960.1	59678554	0.000400	0.008984
NC_043960.1	59704902	0.001968	0.034258
NC_043960.1	59729996	0.000284	0.006677
NC_043960.1	59730040	0.000485	0.021081
NC_043960.1	59730074	0.000073	0.002632
NC_043960.1	59730090	0.000235	0.008627
NC_043960.1	59730298	0.000141	0.003990
NC_043960.1	59730306	0.000160	0.005013
NC_043960.1	59730342	0.000168	0.004426
NC_043960.1	59730350	0.005964	0.075273
NC_043960.1	59730395	0.000225	0.009078
NC_043960.1	59730444	0.000246	0.010946
NC_043960.1	59730621	0.000789	0.023533
NC_043960.1	59730655	0.000154	0.004443
NC_043960.1	59730671	0.000534	0.018392
NC_043960.1	59730675	0.000095	0.003356
NC_043960.1	59730866	0.000569	0.021985
NC_043960.1	59730878	0.000124	0.004222
NC_043960.1	59730902	0.000168	0.004389
NC_043960.1	59773440	0.001525	0.031339
NC_043960.1	59953430	0.004907	0.125352
NC_043960.1	60108593	0.005390	0.060374
NC_043960.1	60118575	0.001751	0.032775
NC_043961.1	107959	0.000432	0.009111
NC_043961.1	108046	0.001470	0.029153
NC_043961.1	330390	0.000163	0.003874
NC_043961.1	330436	0.005757	0.219913
NC_043961.1	330825	0.000134	0.003037
NC_043961.1	330842	0.012581	0.120688
NC_043961.1	428195	0.001385	0.030016
NC_043961.1	552602	0.000513	0.010295
NC_043961.1	552684	0.011663	0.104575
NC_043961.1	677049	0.000478	0.009652
NC_043961.1	677106	0.000517	0.009205
NC_043961.1	995606	0.001798	0.033232
NC_043961.1	996327	0.001206	0.027583
NC_043961.1	1107873	0.007573	0.071056
NC_043961.1	1107936	0.000451	0.009989
NC_043961.1	1140371	0.008519	0.234934
NC_043961.1	1140384	0.000518	0.009212
NC_043961.1	1346342	0.001812	0.033369
NC_043961.1	1346712	0.001657	0.032514
NC_043961.1	1387658	0.000332	0.008225
NC_043961.1	1470945	0.000509	0.009918
NC_043961.1	1470948	0.000510	0.009934
NC_043961.1	1721822	0.000572	0.011016
NC_043961.1	1766945	0.012063	0.473499
NC_043961.1	1766993	0.000340	0.006546
NC_043961.1	1767250	0.001253	0.337341
NC_043961.1	1767374	0.011637	0.235333
NC_043961.1	1893946	0.001756	0.033598
NC_043961.1	1977836	0.000564	0.010881
NC_043961.1	2066561	0.007057	0.067460
NC_043961.1	2066653	0.015945	0.494606
NC_043961.1	2573936	0.004531	0.057582
NC_043961.1	2913971	0.000549	0.010615
NC_043961.1	3454376	0.000633	0.022659
NC_043961.1	3454380	0.000098	0.003580
NC_043961.1	3454586	0.000282	0.007269
NC_043961.1	3573606	0.000561	0.010823
NC_043961.1	3573841	0.001856	0.034075
NC_043961.1	3573846	0.006051	0.062366
NC_043961.1	3621724	0.008025	0.171335
NC_043961.1	3850546	0.000626	0.339498
NC_043961.1	4012519	0.000988	0.025502
NC_043961.1	4475796	0.001811	0.033936
NC_043961.1	4571448	0.001437	0.029119
NC_043961.1	4571697	0.000488	0.008666
NC_043961.1	4586361	0.000507	0.009008
NC_043961.1	4707985	0.006674	0.064613
NC_043961.1	4756763	0.000387	0.009184
NC_043961.1	4756818	0.001606	0.032158
NC_043961.1	4771051	0.000425	0.008974
NC_043961.1	4771162	0.002119	0.035707
NC_043961.1	4771562	0.001870	0.033949
NC_043961.1	4771811	0.000569	0.010956
NC_043961.1	4771863	0.001859	0.034451
NC_043961.1	4772057	0.000590	0.010490
NC_043961.1	4772394	0.001620	0.031065
NC_043961.1	4772442	0.001235	0.028246
NC_043961.1	4772474	0.001262	0.028415
NC_043961.1	4772495	0.001500	0.030376
NC_043961.1	4772601	0.001880	0.034045
NC_043961.1	4960312	0.001969	0.034265
NC_043961.1	5013493	0.005108	0.061410
NC_043961.1	5103142	0.015851	0.466511
NC_043961.1	5151273	0.001926	0.034821
NC_043961.1	5159041	0.000538	0.011052
NC_043961.1	5259124	0.002031	0.034853
NC_043961.1	5324981	0.000856	0.015031
NC_043961.1	5325067	0.000398	0.009423
NC_043961.1	5419804	0.000360	0.364942
NC_043961.1	5419862	0.018937	0.478605
NC_043961.1	5419877	0.001372	0.029311
NC_043961.1	5420174	0.000421	0.008258
NC_043961.1	5420185	0.000361	0.007351
NC_043961.1	5420252	0.000341	0.008452
NC_043961.1	5568339	0.010885	0.095370
NC_043961.1	5997391	0.002756	0.379149
NC_043961.1	5997405	0.001768	0.033176
NC_043961.1	6012068	0.000647	0.304090
NC_043961.1	6213240	0.000043	0.000615
NC_043961.1	6213260	0.000271	0.010655
NC_043961.1	6213290	0.000265	0.017519
NC_043961.1	6213296	0.000021	0.000391
NC_043961.1	6213333	0.004962	0.095724
NC_043961.1	6213405	0.000132	0.002271
NC_043961.1	6213467	0.000121	0.003196
NC_043961.1	6213503	0.013115	0.151302
NC_043961.1	6213515	0.000050	0.001957
NC_043961.1	6213536	0.000013	0.000284
NC_043961.1	6213548	0.000680	0.025712
NC_043961.1	6213551	0.000023	0.001589
NC_043961.1	6213560	0.000156	0.016043
NC_043961.1	6213566	0.003843	0.087959
NC_043961.1	6213587	0.000013	0.000324
NC_043961.1	6213593	0.000019	0.000957
NC_043961.1	6213596	0.002670	0.051906
NC_043961.1	6213639	0.000217	0.005241
NC_043961.1	6302270	0.000310	0.006814
NC_043961.1	6302458	0.000368	0.007835
NC_043961.1	6302634	0.000508	0.009030
NC_043961.1	6302793	0.001652	0.032420
NC_043961.1	6469782	0.000989	0.020534
NC_043961.1	7617233	0.000266	0.006284
NC_043961.1	7617242	0.004364	0.053399
NC_043961.1	7619623	0.000497	0.008833
NC_043961.1	7619890	0.001909	0.033704
NC_043961.1	7654305	0.000519	0.010087
NC_043961.1	7654708	0.005476	0.063957
NC_043961.1	7959958	0.002081	0.035336
NC_043961.1	7960248	0.000519	0.010113
NC_043961.1	7960275	0.010577	0.135725
NC_043961.1	7960597	0.000713	0.012871
NC_043961.1	7960942	0.000670	0.326582
NC_043961.1	7961687	0.004587	0.256756
NC_043961.1	7963465	0.001438	0.029441
NC_043961.1	7963736	0.000157	0.005461
NC_043961.1	7963750	0.000187	0.344603
NC_043961.1	7963755	0.000161	0.004006
NC_043961.1	7963789	0.000275	0.004824
NC_043961.1	7963859	0.001388	0.026979
NC_043961.1	8055158	0.002090	0.035421
NC_043961.1	8055594	0.001960	0.034184
NC_043961.1	8119634	0.001268	0.263942
NC_043961.1	8310236	0.012496	0.505257
NC_043961.1	8310247	0.000329	0.006622
NC_043961.1	8310330	0.000631	0.011160
NC_043961.1	8884633	0.000550	0.010640
NC_043961.1	8923511	0.000202	0.005823
NC_043961.1	8923588	0.005863	0.231389
NC_043961.1	8923735	0.000633	0.012018
NC_043961.1	8923796	0.000371	0.007888
NC_043961.1	9040522	0.002163	0.037027
NC_043961.1	9928857	0.001882	0.034075
NC_043961.1	9928911	0.000642	0.011345
NC_043961.1	10126794	0.000640	0.328175
NC_043961.1	10126795	0.005319	0.262938
NC_043961.1	10952663	0.000330	0.007546
NC_043961.1	10985380	0.000510	0.010386
NC_043961.1	11040605	0.000386	0.008736
NC_043961.1	11141317	0.002504	0.267889
NC_043961.1	11158021	0.001890	0.033803
NC_043961.1	11158039	0.000501	0.009322
NC_043961.1	11263455	0.000428	0.007468
NC_043961.1	11263492	0.001623	0.031087
NC_043961.1	11429137	0.001612	0.031614
NC_043961.1	11429665	0.000379	0.009541
NC_043961.1	11706929	0.000316	0.006340
NC_043961.1	11706947	0.000822	0.015735
NC_043961.1	11707131	0.008914	0.088191
NC_043961.1	11707133	0.000364	0.007670
NC_043961.1	11887232	0.002144	0.035947
NC_043961.1	11887473	0.000606	0.010748
NC_043961.1	11887491	0.001868	0.033929
NC_043961.1	11887534	0.001517	0.031448
NC_043961.1	11960831	0.000477	0.009957
NC_043961.1	12161028	0.000798	0.015346
NC_043961.1	12355399	0.001888	0.034134
NC_043961.1	12943250	0.000941	0.017749
NC_043961.1	13253818	0.002208	0.036573
NC_043961.1	13352359	0.000472	0.009879
NC_043961.1	13465130	0.001870	0.033948
NC_043961.1	13465365	0.000908	0.015370
NC_043961.1	13465427	0.000816	0.014017
NC_043961.1	13465569	0.002052	0.035055
NC_043961.1	13601820	0.001491	0.031158
NC_043961.1	13681348	0.001212	0.028333
NC_043961.1	13681355	0.001378	0.029806
NC_043961.1	13681547	0.001993	0.034493
NC_043961.1	13851608	0.001322	0.028431
NC_043961.1	13851886	0.001617	0.031478
NC_043961.1	13852169	0.000448	0.008786
NC_043961.1	13852210	0.001384	0.023277
NC_043961.1	13945148	0.001867	0.033924
NC_043961.1	14006979	0.000330	0.008602
NC_043961.1	14023803	0.000336	0.007133
NC_043961.1	14023843	0.003360	0.393112
NC_043961.1	14109906	0.000290	0.007010
NC_043961.1	14109929	0.001405	0.030036
NC_043961.1	14109941	0.000513	0.010618
NC_043961.1	14142253	0.000431	0.008448
NC_043961.1	14142621	0.000482	0.009414
NC_043961.1	14361100	0.001936	0.035313
NC_043961.1	14519695	0.000627	0.011099
NC_043961.1	14578393	0.001972	0.035652
NC_043961.1	14578427	0.001486	0.031101
NC_043961.1	14579704	0.012277	0.503492
NC_043961.1	14579738	0.001460	0.028274
NC_043961.1	14580741	0.007255	0.098326
NC_043961.1	14833666	0.001603	0.031662
NC_043961.1	14833831	0.000393	0.008338
NC_043961.1	14833832	0.000392	0.008328
NC_043961.1	14833882	0.001710	0.032373
NC_043961.1	14834329	0.001330	0.029008
NC_043961.1	14834447	0.001725	0.033256
NC_043961.1	14987270	0.001987	0.034139
NC_043961.1	14987333	0.001980	0.033797
NC_043961.1	14987395	0.000538	0.009572
NC_043961.1	14987414	0.001911	0.033728
NC_043961.1	14994294	0.000451	0.009998
NC_043961.1	14994340	0.001513	0.031639
NC_043961.1	14995545	0.000507	0.010765
NC_043961.1	15296794	0.000556	0.010736
NC_043961.1	15322990	0.001836	0.034203
NC_043961.1	15455798	0.002056	0.035092
NC_043961.1	15455846	0.001795	0.033205
NC_043961.1	15456098	0.002218	0.036674
NC_043961.1	15482096	0.001895	0.034203
NC_043961.1	15572427	0.001721	0.032477
NC_043961.1	15572530	0.001476	0.030484
NC_043961.1	15600515	0.001779	0.032508
NC_043961.1	15641788	0.001945	0.034706
NC_043961.1	15642087	0.000515	0.010327
NC_043961.1	15642093	0.001795	0.033448
NC_043961.1	15642113	0.006603	0.064036
NC_043961.1	16581919	0.000333	0.007067
NC_043961.1	16615681	0.006447	0.066780
NC_043961.1	16662703	0.001722	0.032930
NC_043961.1	16833915	0.006399	0.066375
NC_043961.1	16875203	0.001465	0.030375
NC_043961.1	16875208	0.008511	0.160730
NC_043961.1	17028429	0.002105	0.035571
NC_043961.1	17407749	0.000433	0.009395
NC_043961.1	17505494	0.000527	0.009389
NC_043961.1	17505918	0.001500	0.031046
NC_043961.1	17506060	0.001782	0.033072
NC_043961.1	17673519	0.001613	0.031860
NC_043961.1	17677652	0.001820	0.033704
NC_043961.1	17677655	0.001900	0.034251
NC_043961.1	17677694	0.001483	0.030549
NC_043961.1	17771067	0.001877	0.034016
NC_043961.1	17771105	0.006070	0.065979
NC_043961.1	17771175	0.000366	0.009319
NC_043961.1	17782560	0.002186	0.037272
NC_043961.1	17878350	0.000578	0.010278
NC_043961.1	17906370	0.002136	0.035866
NC_043961.1	17938365	0.002016	0.034715
NC_043961.1	17958885	0.001685	0.032129
NC_043961.1	17959307	0.001995	0.035226
NC_043961.1	17960420	0.005682	0.063486
NC_043961.1	18028350	0.001673	0.032471
NC_043961.1	18028441	0.000715	0.012499
NC_043961.1	18028916	0.000380	0.007422
NC_043961.1	18053479	0.000656	0.011562
NC_043961.1	18056765	0.001411	0.030652
NC_043961.1	18114338	0.001825	0.033502
NC_043961.1	18114415	0.001709	0.033077
NC_043961.1	18114439	0.001570	0.031902
NC_043961.1	18114450	0.000359	0.008709
NC_043961.1	18225290	0.007650	0.051637
NC_043961.1	18225418	0.001959	0.034177
NC_043961.1	18244219	0.001870	0.033340
NC_043961.1	18244599	0.001720	0.031968
NC_043961.1	18244608	0.000518	0.009211
NC_043961.1	18264837	0.008815	0.096164
NC_043961.1	18264858	0.000448	0.009422
NC_043961.1	18363694	0.001568	0.030940
NC_043961.1	18363698	0.000402	0.007739
NC_043961.1	18363728	0.000467	0.009453
NC_043961.1	18364041	0.001377	0.029512
NC_043961.1	18373432	0.002145	0.035953
NC_043961.1	18373531	0.000545	0.009700
NC_043961.1	18439025	0.001866	0.033911
NC_043961.1	18439541	0.001979	0.035058
NC_043961.1	18439747	0.010633	0.092878
NC_043961.1	18518861	0.006858	0.439073
NC_043961.1	18519135	0.007110	0.067876
NC_043961.1	18592134	0.000533	0.010341
NC_043961.1	18719435	0.001569	0.030781
NC_043961.1	18916747	0.002020	0.034752
NC_043961.1	18916941	0.004416	0.052026
NC_043961.1	18929970	0.002168	0.036184
NC_043961.1	18997157	0.000706	0.014073
NC_043961.1	18998000	0.000484	0.009459
NC_043961.1	18998273	0.000378	0.007380
NC_043961.1	18998332	0.001528	0.030238
NC_043961.1	19003183	0.006243	0.201952
NC_043961.1	19003276	0.005431	0.399534
NC_043961.1	19003553	0.020509	0.157772
NC_043961.1	19003581	0.014704	0.504794
NC_043961.1	19065866	0.001964	0.034222
NC_043961.1	19070526	0.001998	0.034538
NC_043961.1	19088087	0.001575	0.031076
NC_043961.1	19125418	0.000439	0.009242
NC_043961.1	19135158	0.001705	0.031718
NC_043961.1	19139586	0.000547	0.009742
NC_043961.1	19145671	0.000355	0.007562
NC_043961.1	19161931	0.001704	0.033328
NC_043961.1	19195905	0.001970	0.034280
NC_043961.1	19195934	0.002073	0.035261
NC_043961.1	19218134	0.001778	0.034190
NC_043961.1	19218166	0.001837	0.034218
NC_043961.1	19218478	0.000638	0.011281
NC_043961.1	19218506	0.002168	0.036182
NC_043961.1	19362552	0.001873	0.033981
NC_043961.1	19364029	0.001965	0.034228
NC_043961.1	19560626	0.001935	0.033946
NC_043961.1	20101801	0.002190	0.036393
NC_043961.1	20101916	0.001864	0.033785
NC_043961.1	20102074	0.001641	0.032341
NC_043961.1	20394303	0.001710	0.030087
NC_043961.1	20900866	0.000879	0.371997
NC_043961.1	21184676	0.001640	0.032337
NC_043961.1	21184702	0.000598	0.010609
NC_043961.1	21822375	0.001996	0.035204
NC_043961.1	22000920	0.000049	0.004096
NC_043961.1	22000921	0.000015	0.000540
NC_043961.1	22000933	0.000011	0.000211
NC_043961.1	22001171	0.000266	0.018489
NC_043961.1	22001173	0.000026	0.000477
NC_043961.1	22001176	0.000031	0.000742
NC_043961.1	22001191	0.000444	0.020018
NC_043961.1	22001269	0.000120	0.005475
NC_043961.1	22003400	0.001635	0.031646
NC_043961.1	22778710	0.000106	0.003896
NC_043961.1	22779642	0.009535	0.090322
NC_043961.1	22913776	0.001810	0.032794
NC_043961.1	22914121	0.002156	0.036062
NC_043961.1	23801359	0.004367	0.054252
NC_043961.1	23801695	0.003534	0.442427
NC_043961.1	23801725	0.001426	0.029333
NC_043961.1	23801791	0.004144	0.230620
NC_043961.1	23801871	0.000319	0.006049
NC_043961.1	24304242	0.000498	0.009280
NC_043961.1	24681589	0.002006	0.035339
NC_043961.1	25134881	0.001910	0.034354
NC_043961.1	25135100	0.000594	0.010538
NC_043961.1	25135118	0.000539	0.010012
NC_043961.1	25245268	0.001563	0.031717
NC_043961.1	25245328	0.001118	0.027354
NC_043961.1	26376488	0.000554	0.009859
NC_043961.1	26376592	0.001504	0.030570
NC_043961.1	27032537	0.000806	0.014733
NC_043961.1	27516223	0.000551	0.010650
NC_043961.1	28980034	0.000970	0.019011
NC_043961.1	29362769	0.002011	0.034662
NC_043961.1	29748172	0.001756	0.033875
NC_043961.1	30122544	0.008662	0.087024
NC_043961.1	30122901	0.003478	0.188859
NC_043961.1	30123246	0.000314	0.005945
NC_043961.1	30124277	0.007313	0.084994
NC_043961.1	30124372	0.008126	0.089669
NC_043961.1	30124394	0.010856	0.142600
NC_043961.1	30124464	0.000416	0.008481
NC_043961.1	30124551	0.000249	0.005981
NC_043961.1	30124560	0.000254	0.006110
NC_043961.1	30124703	0.008131	0.100315
NC_043961.1	30124887	0.007803	0.149376
NC_043961.1	30125170	0.002529	0.248007
NC_043961.1	30125220	0.009808	0.091480
NC_043961.1	30125519	0.004834	0.056358
NC_043961.1	30126206	0.000447	0.012838
NC_043961.1	30126337	0.011672	0.114900
NC_043961.1	30126675	0.000332	0.259188
NC_043961.1	30127063	0.000150	0.004353
NC_043961.1	30127488	0.013011	0.115939
NC_043961.1	30127525	0.007811	0.083831
NC_043961.1	30127839	0.004581	0.056712
NC_043961.1	30127869	0.003488	0.190467
NC_043961.1	30128278	0.003980	0.051110
NC_043961.1	30128382	0.009057	0.109486
NC_043961.1	30128383	0.008701	0.111066
NC_043961.1	30128500	0.001131	0.249785
NC_043961.1	30128676	0.003111	0.045819
NC_043961.1	30128996	0.011199	0.105273
NC_043961.1	30129137	0.008929	0.087949
NC_043961.1	30129826	0.008817	0.087516
NC_043961.1	30129968	0.000290	0.006627
NC_043961.1	30130728	0.008287	0.144376
NC_043961.1	30130906	0.003705	0.050012
NC_043961.1	30130942	0.008310	0.085923
NC_043961.1	30131068	0.008755	0.103497
NC_043961.1	30131095	0.008311	0.089094
NC_043961.1	30131290	0.010211	0.131673
NC_043961.1	30131342	0.000415	0.008793
NC_043961.1	30131740	0.003285	0.047298
NC_043961.1	30131757	0.007081	0.083265
NC_043961.1	30131859	0.008427	0.139102
NC_043961.1	30132012	0.004985	0.065499
NC_043961.1	30132234	0.007424	0.086556
NC_043961.1	30132235	0.008302	0.122221
NC_043961.1	30132237	0.008612	0.105582
NC_043961.1	30132558	0.000429	0.009229
NC_043961.1	30132573	0.013568	0.120412
NC_043961.1	30133341	0.000346	0.006430
NC_043961.1	30133788	0.006535	0.177757
NC_043961.1	30133939	0.000310	0.005840
NC_043961.1	30134088	0.011406	0.124960
NC_043961.1	30134574	0.003872	0.048954
NC_043961.1	30134590	0.003914	0.049267
NC_043961.1	30134828	0.002513	0.042027
NC_043961.1	30134927	0.007900	0.070237
NC_043961.1	30135307	0.000352	0.008009
NC_043961.1	30135914	0.004009	0.052122
NC_043961.1	30136504	0.011895	0.123195
NC_043961.1	30136760	0.010999	0.109046
NC_043961.1	30136771	0.010634	0.109565
NC_043961.1	30137168	0.000292	0.007538
NC_043961.1	30137178	0.003595	0.050348
NC_043961.1	30137552	0.009266	0.071053
NC_043961.1	30137708	0.003801	0.051149
NC_043961.1	30138225	0.005928	0.059159
NC_043961.1	30138485	0.016073	0.101817
NC_043961.1	30139125	0.005309	0.056163
NC_043961.1	30139387	0.012578	0.127197
NC_043961.1	30140147	0.006181	0.168346
NC_043961.1	30140234	0.012258	0.127766
NC_043961.1	30140326	0.002610	0.039832
NC_043961.1	30140662	0.000403	0.008209
NC_043961.1	30140911	0.000813	0.255040
NC_043961.1	30141143	0.011386	0.120206
NC_043961.1	30141478	0.007408	0.100079
NC_043961.1	30141560	0.000765	0.016646
NC_043961.1	30141689	0.002932	0.046043
NC_043961.1	30141703	0.006845	0.082911
NC_043961.1	30141952	0.007163	0.079382
NC_043961.1	30142000	0.013399	0.112953
NC_043961.1	30142054	0.001338	0.028785
NC_043961.1	30142061	0.001343	0.028545
NC_043961.1	30142064	0.007061	0.080475
NC_043961.1	30142068	0.000341	0.006311
NC_043961.1	30142112	0.009386	0.128463
NC_043961.1	30142196	0.010311	0.112111
NC_043961.1	30142309	0.010411	0.090851
NC_043961.1	30142719	0.009238	0.103285
NC_043961.1	30143106	0.009598	0.089693
NC_043961.1	30143235	0.000261	0.005856
NC_043961.1	30143314	0.008947	0.086235
NC_043961.1	30143409	0.010346	0.090391
NC_043961.1	30143806	0.000158	0.004322
NC_043961.1	30143811	0.007462	0.080545
NC_043961.1	30143954	0.005378	0.065581
NC_043961.1	30144616	0.007822	0.082929
NC_043961.1	30144649	0.000358	0.008078
NC_043961.1	30145188	0.008418	0.108135
NC_043961.1	30145200	0.007137	0.085397
NC_043961.1	30145202	0.008571	0.110896
NC_043961.1	30145265	0.010017	0.093813
NC_043961.1	30145622	0.008516	0.082547
NC_043961.1	30145666	0.008055	0.090245
NC_043961.1	30146154	0.000431	0.009796
NC_043961.1	30146317	0.009700	0.114480
NC_043961.1	30146422	0.000355	0.007470
NC_043961.1	30146999	0.009310	0.092220
NC_043961.1	30147030	0.008573	0.151730
NC_043961.1	30147048	0.008588	0.090662
NC_043961.1	30147182	0.002638	0.233375
NC_043961.1	30147188	0.008247	0.093227
NC_043961.1	30147262	0.003967	0.199377
NC_043961.1	31893120	0.000011	0.000349
NC_043961.1	31893124	0.000011	0.000295
NC_043961.1	31893131	0.000036	0.004181
NC_043961.1	32165582	0.002207	0.036523
NC_043961.1	35212821	0.001357	0.029555
NC_043961.1	35225483	0.000882	0.024728
NC_043961.1	35225660	0.003721	0.432533
NC_043961.1	35225681	0.000107	0.216823
NC_043961.1	35225710	0.005842	0.076497
NC_043961.1	35225711	0.001051	0.189869
NC_043961.1	35225712	0.005972	0.152627
NC_043961.1	35226060	0.003579	0.052590
NC_043961.1	35226362	0.010267	0.436446
NC_043961.1	35226398	0.000070	0.002188
NC_043961.1	35226400	0.000478	0.019705
NC_043961.1	35226405	0.012151	0.490497
NC_043961.1	35227076	0.000415	0.020272
NC_043961.1	35227649	0.010450	0.428627
NC_043961.1	35227664	-0.002443	0.483100
NC_043961.1	35227676	0.009563	0.474178
NC_043961.1	35227682	0.000043	0.001249
NC_043961.1	35227697	0.000051	0.001873
NC_043961.1	35227701	0.006538	0.482742
NC_043961.1	35227702	0.000724	0.501166
NC_043961.1	35228194	0.000105	0.003300
NC_043961.1	35228297	-0.000554	0.297498
NC_043961.1	35228327	0.005982	0.371478
NC_043961.1	35229550	-0.001068	0.280028
NC_043961.1	35229551	-0.000564	0.254466
NC_043961.1	35229565	0.000288	0.018707
NC_043961.1	35229566	-0.000979	0.263708
NC_043961.1	35229584	0.001310	0.315428
NC_043961.1	35229588	0.001882	0.164351
NC_043961.1	35229591	0.000050	0.002231
NC_043961.1	35229595	0.002505	0.210263
NC_043961.1	35229607	-0.000819	0.292472
NC_043961.1	35229623	-0.000369	0.304566
NC_043961.1	35229678	0.015328	0.453049
NC_043961.1	35229693	0.007054	0.076557
NC_043961.1	35229695	0.007740	0.080564
NC_043961.1	35230673	0.000666	0.023015
NC_043961.1	35230680	0.000697	0.023304
NC_043961.1	35912747	0.000435	0.009163
NC_043961.1	36411943	0.001956	0.034142
NC_043961.1	36576512	0.000490	0.008701
NC_043961.1	38581202	0.001959	0.034172
NC_043961.1	38639126	0.002085	0.035378
NC_043961.1	38639145	0.002165	0.036157
NC_043961.1	38769709	0.001366	0.029413
NC_043961.1	39145459	0.001649	0.028399
NC_043961.1	39668552	0.003072	0.396986
NC_043961.1	39684312	0.000617	0.374316
NC_043961.1	39684406	0.000413	0.315767
NC_043961.1	40319993	0.001633	0.032063
NC_043961.1	40320132	0.000365	0.007331
NC_043961.1	40415576	0.000579	0.011123
NC_043961.1	40421413	0.000275	0.006718
NC_043961.1	40421425	0.000324	0.006877
NC_043961.1	40421441	0.000379	0.007395
NC_043961.1	40421443	0.000407	0.007973
NC_043961.1	40432732	0.002162	0.036119
NC_043961.1	40432783	0.000488	0.008660
NC_043961.1	40433236	0.002165	0.036153
NC_043961.1	40690677	0.001241	0.027755
NC_043961.1	41302723	0.001769	0.033476
NC_043961.1	41497517	0.000583	0.010362
NC_043961.1	42145929	0.000624	0.011693
NC_043961.1	42159835	0.000095	0.001276
NC_043961.1	42159861	0.000079	0.001196
NC_043961.1	42159877	0.002781	0.042213
NC_043961.1	42159879	0.000041	0.000920
NC_043961.1	42159905	0.001543	0.034917
NC_043961.1	42159910	0.005286	0.068752
NC_043961.1	42159939	0.000064	0.001081
NC_043961.1	42202836	0.001526	0.030981
NC_043961.1	42202930	0.008724	0.088718
NC_043961.1	42619050	0.001695	0.031743
NC_043961.1	42619078	0.001398	0.029720
NC_043961.1	42677096	0.001645	0.031743
NC_043961.1	42677118	0.006207	0.061160
NC_043961.1	42677132	0.000377	0.007684
NC_043961.1	42734381	0.001773	0.033521
NC_043961.1	42743094	0.000761	0.013205
NC_043961.1	42978638	0.000473	0.009037
NC_043961.1	43847861	0.002142	0.035932
NC_043961.1	44154562	0.001145	0.283540
NC_043961.1	44154613	0.007940	0.236774
NC_043961.1	44154615	0.000504	0.009827
NC_043961.1	44196548	0.002082	0.035696
NC_043961.1	44197167	0.001948	0.034074
NC_043961.1	44197180	0.001671	0.032449
NC_043961.1	44251569	0.001625	0.031552
NC_043961.1	44251584	0.005787	0.051686
NC_043961.1	44693225	0.000181	0.004440
NC_043961.1	44693255	0.000149	0.003362
NC_043961.1	44693256	0.000148	0.003316
NC_043961.1	44693421	0.007704	0.081343
NC_043961.1	44693439	0.000367	0.006156
NC_043961.1	44701558	0.000336	0.007382
NC_043961.1	44701794	0.000679	0.301648
NC_043961.1	44702128	0.005196	0.063578
NC_043961.1	44702549	0.001158	0.026933
NC_043961.1	44702679	0.000337	0.005459
NC_043961.1	45151538	0.000510	0.009062
NC_043961.1	45691865	0.001708	0.032841
NC_043961.1	45691927	0.004516	0.056888
NC_043961.1	46420226	0.000389	0.008741
NC_043961.1	46974935	0.001132	0.018696
NC_043961.1	46974982	0.007421	0.086441
NC_043961.1	47010973	0.001570	0.028662
NC_043961.1	47051220	0.010638	0.104447
NC_043961.1	47668449	0.002238	0.036881
NC_043961.1	49669927	0.002150	0.036875
NC_043961.1	50073504	0.007022	0.183052
NC_043961.1	50116401	0.001883	0.034722
NC_043961.1	52170937	0.001598	0.031890
NC_043961.1	54048738	0.000525	0.010191
NC_043961.1	54261136	0.001704	0.032320
NC_043961.1	54448093	0.008462	0.185372
NC_043961.1	54448099	0.000415	0.008779
NC_043961.1	54448119	0.001381	0.029832
NC_043961.1	54448238	0.000703	0.012310
NC_043961.1	54448240	0.001289	0.028670
NC_043961.1	54448769	0.000293	0.006700
NC_043961.1	54448998	0.014508	0.504367
NC_043961.1	55184173	0.000492	0.009597
NC_043961.1	55184347	0.000606	0.010757
NC_043961.1	55819764	0.005813	0.061623
NC_043961.1	55820286	0.004285	0.478511
NC_043961.1	57059971	0.000555	0.009874
NC_043961.1	57060194	0.001360	0.028798
NC_043961.1	57060205	0.000360	0.008419
NC_043961.1	57060225	0.008335	0.091976
NC_043961.1	57060265	0.000403	0.009300
NC_043961.1	57284376	0.001204	0.028056
NC_043961.1	57284564	0.000429	0.009058
NC_043961.1	57284879	0.000573	0.010194
NC_043961.1	57284934	0.000343	0.006096
NC_043961.1	57284943	0.015378	0.125553
NC_043961.1	57284948	0.015341	0.126080
NC_043961.1	57309932	0.000418	0.008073
NC_043961.1	57309981	0.016749	0.504891
NC_043961.1	57352602	0.002152	0.036020
NC_043961.1	58131770	0.001334	0.030353
NC_043961.1	58489222	0.000602	0.011822
NC_043961.1	59519827	0.000856	0.015878
NC_043961.1	59912144	0.000530	0.009431
NC_043961.1	60052324	0.011882	0.496410
NC_043961.1	60302418	0.007859	0.073510
NC_043961.1	60681295	0.001991	0.034479
NC_043961.1	61428236	0.001712	0.032874
NC_043961.1	61428388	0.001598	0.031297
NC_043961.1	61755146	0.001360	0.029078
NC_043961.1	61817524	0.001819	0.032875
NC_043961.1	61860556	0.000140	0.004178
NC_043961.1	61860559	0.052326	0.520227
NC_043961.1	61860561	0.031448	0.512732
NC_043961.1	61860593	0.002034	0.039337
NC_043961.1	61860638	0.006072	0.078524
NC_043961.1	61887471	0.001911	0.034361
NC_043961.1	61915563	0.001160	0.023368
NC_043961.1	61917444	0.000562	0.009967
NC_043961.1	61917446	0.000491	0.009155
NC_043961.1	61917541	0.000339	0.007137
NC_043961.1	61917593	0.000923	0.025452
NC_043961.1	61918056	0.000424	0.008221
NC_043961.1	61918536	0.005831	0.063036
NC_043962.1	117086	0.001946	0.035631
NC_043962.1	372580	0.000239	0.006736
NC_043962.1	372690	0.000704	0.023476
NC_043962.1	373066	0.009959	0.122021
NC_043962.1	514686	0.000151	0.004649
NC_043962.1	514860	0.000314	0.005843
NC_043962.1	514956	0.000144	0.003775
NC_043962.1	514967	-0.000155	0.302529
NC_043962.1	515034	0.000159	0.003876
NC_043962.1	515040	0.000133	0.003380
NC_043962.1	515105	0.000335	0.248438
NC_043962.1	515154	0.004251	0.042826
NC_043962.1	515719	0.000109	0.001732
NC_043962.1	515809	0.000227	0.005395
NC_043962.1	515837	0.002408	0.189925
NC_043962.1	515939	0.004722	0.209484
NC_043962.1	516584	0.004848	0.201697
NC_043962.1	516673	0.002297	0.045556
NC_043962.1	516691	0.000064	0.001591
NC_043962.1	516733	0.000878	0.025047
NC_043962.1	516745	0.006264	0.117755
NC_043962.1	518099	0.000485	0.010103
NC_043962.1	518339	0.001627	0.031933
NC_043962.1	1293833	0.000043	0.000940
NC_043962.1	1293884	0.001520	0.184370
NC_043962.1	1294340	0.003472	0.410631
NC_043962.1	1295398	0.001643	0.321494
NC_043962.1	1295435	0.000018	0.000619
NC_043962.1	1298695	0.001319	0.029070
NC_043962.1	1300611	0.000419	0.009286
NC_043962.1	1300657	0.001229	0.028400
NC_043962.1	1412314	0.044018	0.484342
NC_043962.1	1412315	0.001047	0.028526
NC_043962.1	1412334	0.006464	0.073972
NC_043962.1	1412344	0.002726	0.364258
NC_043962.1	1556680	0.001518	0.031264
NC_043962.1	1556779	0.004486	0.056579
NC_043962.1	1592978	0.001365	0.029402
NC_043962.1	1592992	0.005584	0.059851
NC_043962.1	1594130	0.000099	0.002386
NC_043962.1	1594133	0.000340	0.012186
NC_043962.1	1594154	0.008334	0.389368
NC_043962.1	1594523	0.000129	0.003968
NC_043962.1	1594559	0.000135	0.003969
NC_043962.1	1594670	0.005243	0.069223
NC_043962.1	1594723	0.000096	0.003150
NC_043962.1	1594739	0.000203	0.005734
NC_043962.1	1594769	0.000078	0.001981
NC_043962.1	1594820	0.000030	0.000833
NC_043962.1	1594832	0.000161	0.009751
NC_043962.1	1594837	0.000026	0.000686
NC_043962.1	1594856	0.000034	0.001031
NC_043962.1	1594859	0.000095	0.005033
NC_043962.1	1594949	0.000794	0.014556
NC_043962.1	1594990	0.000089	0.002866
NC_043962.1	1595068	0.002012	0.031794
NC_043962.1	1595248	0.000131	0.004562
NC_043962.1	1595271	0.000167	0.005203
NC_043962.1	1595365	0.001904	0.034901
NC_043962.1	1628685	0.001610	0.030976
NC_043962.1	1628713	0.001476	0.030147
NC_043962.1	2165212	0.001744	0.032702
NC_043962.1	2165264	0.000541	0.010477
NC_043962.1	2309689	0.000414	0.008772
NC_043962.1	2313520	0.000457	0.008963
NC_043962.1	2632902	0.001965	0.034912
NC_043962.1	2677747	0.001259	0.024411
NC_043962.1	2944433	0.002145	0.036829
NC_043962.1	2982436	0.005627	0.062364
NC_043962.1	3171313	0.000096	0.377679
NC_043962.1	3171367	0.005077	0.057077
NC_043962.1	3171369	0.001248	0.263263
NC_043962.1	3171544	0.000399	0.007817
NC_043962.1	3171564	0.000495	0.009661
NC_043962.1	3171652	0.010162	0.095299
NC_043962.1	3171723	0.000399	0.008459
NC_043962.1	3171743	0.001624	0.031737
NC_043962.1	3176700	0.001406	0.029790
NC_043962.1	3178301	0.000720	0.018162
NC_043962.1	3178319	0.000207	0.006407
NC_043962.1	3178357	0.002340	0.361648
NC_043962.1	3178360	0.000286	0.006638
NC_043962.1	3178787	0.005655	0.453689
NC_043962.1	3179003	0.000344	0.007822
NC_043962.1	3179054	0.000407	0.009116
NC_043962.1	3392096	0.000331	0.007027
NC_043962.1	3392133	0.000278	0.006817
NC_043962.1	3523247	0.001990	0.034468
NC_043962.1	3523268	0.000623	0.011037
NC_043962.1	3523476	0.000430	0.009080
NC_043962.1	3564927	0.001714	0.032903
NC_043962.1	3565263	0.001825	0.033405
NC_043962.1	3565361	0.000322	0.007917
NC_043962.1	3565368	0.001524	0.031300
NC_043962.1	3653773	0.000428	0.009562
NC_043962.1	3665396	0.000655	0.011547
NC_043962.1	3680054	0.003324	0.245211
NC_043962.1	3786481	0.001831	0.033460
NC_043962.1	3786955	0.001672	0.032461
NC_043962.1	3786968	0.000475	0.009924
NC_043962.1	3976130	0.001319	0.028861
NC_043962.1	3976171	0.000401	0.007719
NC_043962.1	3998557	-0.000931	0.258473
NC_043962.1	4120825	0.001117	0.027688
NC_043962.1	4120872	0.000664	0.013448
NC_043962.1	4120988	0.000365	0.009369
NC_043962.1	4121013	0.000762	0.014050
NC_043962.1	4659060	0.005579	0.191440
NC_043962.1	4672840	0.005886	0.054577
NC_043962.1	4672864	0.001691	0.032893
NC_043962.1	4744254	0.001938	0.034644
NC_043962.1	4744374	0.000387	0.009625
NC_043962.1	4996388	0.002009	0.034647
NC_043962.1	5445453	0.001539	0.028138
NC_043962.1	5587442	0.001257	0.020749
NC_043962.1	5590850	0.001953	0.034113
NC_043962.1	5884532	0.000507	0.009659
NC_043962.1	5884552	0.013817	0.455021
NC_043962.1	5884560	0.008191	0.168751
NC_043962.1	5900550	0.000233	0.004532
NC_043962.1	6042848	0.001228	0.029584
NC_043962.1	6042855	0.000305	0.008721
NC_043962.1	6042856	0.000375	0.009564
NC_043962.1	6263096	0.000456	0.009673
NC_043962.1	6362695	0.006576	0.427848
NC_043962.1	6362730	0.001619	0.031857
NC_043962.1	6370786	0.001899	0.033609
NC_043962.1	6370890	0.011079	0.097758
NC_043962.1	6399355	0.001700	0.033232
NC_043962.1	6399402	0.000516	0.010041
NC_043962.1	6399406	0.000509	0.009909
NC_043962.1	6399472	0.000362	0.007035
NC_043962.1	6399744	0.000471	0.009226
NC_043962.1	6415446	0.000513	0.009127
NC_043962.1	6415465	0.001842	0.033084
NC_043962.1	6415813	0.000544	0.009688
NC_043962.1	6415851	0.002050	0.035035
NC_043962.1	6563656	0.001727	0.033041
NC_043962.1	7011181	0.001897	0.034226
NC_043962.1	7011818	0.001999	0.034547
NC_043962.1	7051260	0.001374	0.030431
NC_043962.1	7302343	0.001797	0.032664
NC_043962.1	7456356	0.000555	0.009872
NC_043962.1	7499980	0.001766	0.033154
NC_043962.1	7559923	0.001677	0.032443
NC_043962.1	7568559	0.000468	0.009475
NC_043962.1	7568561	0.001643	0.031321
NC_043962.1	7587159	0.002005	0.034926
NC_043962.1	7602688	0.000323	0.007376
NC_043962.1	7602754	0.010841	0.094702
NC_043962.1	7602972	0.001363	0.022803
NC_043962.1	7624112	0.000895	0.015182
NC_043962.1	7644501	0.001842	0.033084
NC_043962.1	7644922	0.001737	0.033142
NC_043962.1	7646708	0.000709	0.012412
NC_043962.1	7647011	0.008470	0.159982
NC_043962.1	7647468	0.013708	0.128030
NC_043962.1	7647542	0.005534	0.189873
NC_043962.1	7705782	0.000466	0.010280
NC_043962.1	7706198	0.000566	0.010068
NC_043962.1	7830955	0.002336	0.037875
NC_043962.1	7831000	0.000487	0.010146
NC_043962.1	7831204	0.007954	0.464289
NC_043962.1	8031715	0.001048	0.023316
NC_043962.1	8074228	0.001423	0.031249
NC_043962.1	8074252	0.003854	0.053481
NC_043962.1	8087953	0.001592	0.031836
NC_043962.1	8110194	0.000436	0.009186
NC_043962.1	8110374	0.000412	0.008719
NC_043962.1	8110382	0.000469	0.009185
NC_043962.1	8306231	0.003726	0.042352
NC_043962.1	8376204	0.000126	0.002517
NC_043962.1	8376349	0.010500	0.116392
NC_043962.1	8722722	0.001336	0.029073
NC_043962.1	8723459	0.000536	0.009539
NC_043962.1	8723912	0.000497	0.010334
NC_043962.1	8757116	0.002064	0.035956
NC_043962.1	8768518	0.002121	0.035726
NC_043962.1	8768568	0.000532	0.009475
NC_043962.1	8768639	0.000521	0.009268
NC_043962.1	8796174	0.001817	0.033993
NC_043962.1	8796360	0.000264	0.006467
NC_043962.1	8796436	0.000306	0.007010
NC_043962.1	9307531	0.000234	0.006290
NC_043962.1	9307539	0.000265	0.006848
NC_043962.1	9420818	0.000533	0.010959
NC_043962.1	9607922	0.001251	0.028479
NC_043962.1	9607943	0.000255	0.006199
NC_043962.1	9607952	0.010147	0.119710
NC_043962.1	10224892	0.000348	0.008998
NC_043962.1	10225198	0.004413	0.054575
NC_043962.1	10225673	0.001230	0.026251
NC_043962.1	10261124	0.000616	0.010921
NC_043962.1	10570641	0.000636	0.014146
NC_043962.1	10570760	0.001259	0.025625
NC_043962.1	10570814	0.005308	0.395294
NC_043962.1	10570858	0.000275	0.005977
NC_043962.1	10571275	0.003826	0.188978
NC_043962.1	10571582	0.005927	0.155544
NC_043962.1	10571625	-0.000525	0.280203
NC_043962.1	10571927	0.000321	0.348702
NC_043962.1	10605579	0.000425	0.008340
NC_043962.1	10605680	0.000538	0.009576
NC_043962.1	10606012	0.005333	0.055710
NC_043962.1	10606031	0.001790	0.033158
NC_043962.1	10606542	0.012639	0.456512
NC_043962.1	11759123	0.000469	0.009811
NC_043962.1	11849196	0.000545	0.009707
NC_043962.1	11999528	0.012011	0.442131
NC_043962.1	11999530	0.006934	0.157322
NC_043962.1	11999847	0.001642	0.032484
NC_043962.1	11999923	0.000503	0.008934
NC_043962.1	12058084	0.002212	0.036621
NC_043962.1	13341590	0.002139	0.035896
NC_043962.1	13401484	0.001968	0.034259
NC_043962.1	13483543	0.001844	0.033687
NC_043962.1	13483669	0.001637	0.031670
NC_043962.1	13484072	0.000323	0.006840
NC_043962.1	13534815	0.006976	0.066839
NC_043962.1	13535026	0.000282	0.006918
NC_043962.1	13751188	0.001959	0.034858
NC_043962.1	13811069	0.002051	0.035383
NC_043962.1	14439604	0.007955	0.481281
NC_043962.1	14678324	0.000414	0.008428
NC_043962.1	14678339	0.032702	0.134435
NC_043962.1	14678381	0.000992	0.262956
NC_043962.1	14678495	0.000966	0.016219
NC_043962.1	14679134	0.001232	0.028522
NC_043962.1	15145319	0.005600	0.420022
NC_043962.1	15145340	0.000107	0.003382
NC_043962.1	15145378	0.007252	0.498512
NC_043962.1	15145379	0.047542	0.504665
NC_043962.1	15145388	0.004684	0.169650
NC_043962.1	16031050	0.000447	0.009913
NC_043962.1	16146140	0.001965	0.034226
NC_043962.1	16225918	0.000527	0.010225
NC_043962.1	16687481	0.000623	0.011035
NC_043962.1	16768902	0.001604	0.032200
NC_043962.1	17996392	0.006959	0.131491
NC_043962.1	17996400	0.000911	0.017338
NC_043962.1	17996498	0.000453	0.009773
NC_043962.1	17996556	0.001288	0.021313
NC_043962.1	18404330	0.000515	0.009160
NC_043962.1	18679560	0.001059	0.018789
NC_043962.1	18679600	0.000573	0.011650
NC_043962.1	19902769	0.002086	0.036189
NC_043962.1	20434007	0.001717	0.032657
NC_043962.1	21707715	0.000521	0.010124
NC_043962.1	21707729	0.001881	0.034060
NC_043962.1	21719038	0.000269	0.006100
NC_043962.1	21944377	0.001268	0.025554
NC_043962.1	22045244	0.001640	0.032314
NC_043962.1	22159675	0.007475	0.467887
NC_043962.1	22159676	0.005867	0.200382
NC_043962.1	22308776	0.000403	0.009661
NC_043962.1	22308777	0.007056	0.062473
NC_043962.1	22308817	0.000955	0.026279
NC_043962.1	22308922	0.000627	0.283390
NC_043962.1	22309113	0.001317	0.250508
NC_043962.1	22309123	0.012492	0.193231
NC_043962.1	22309153	0.003548	0.197202
NC_043962.1	22309162	0.000309	0.008428
NC_043962.1	23268171	0.000439	0.008631
NC_043962.1	23312066	0.001578	0.032163
NC_043962.1	23569823	0.001739	0.366170
NC_043962.1	23570211	0.006322	0.192727
NC_043962.1	23570244	0.001585	0.031934
NC_043962.1	24094031	0.006199	0.068278
NC_043962.1	26070155	0.000554	0.011172
NC_043962.1	27323615	0.011346	0.098799
NC_043962.1	27420296	0.002139	0.035899
NC_043962.1	30125738	0.000551	0.010653
NC_043962.1	30615286	0.000622	0.011023
NC_043962.1	31913808	0.001846	0.033712
NC_043962.1	31913838	0.000777	0.013444
NC_043962.1	31914010	0.002225	0.036749
NC_043962.1	31914109	0.000558	0.010768
NC_043962.1	31972907	0.000480	0.009393
NC_043962.1	32685047	0.012158	0.129225
NC_043962.1	32825794	0.001184	0.027637
NC_043962.1	33523283	0.000413	0.009716
NC_043962.1	34310714	0.000518	0.010708
NC_043962.1	34569083	0.002176	0.036261
NC_043962.1	34624440	0.001474	0.030617
NC_043962.1	35303401	0.000636	0.011246
NC_043962.1	35790311	0.001474	0.030411
NC_043962.1	35790584	0.006081	0.063040
NC_043962.1	35790681	0.006445	0.066760
NC_043962.1	35792960	0.002006	0.034620
NC_043962.1	35826161	0.001745	0.032193
NC_043962.1	35837497	0.002031	0.034854
NC_043962.1	35869262	0.001521	0.030923
NC_043962.1	35871430	0.000769	0.014874
NC_043962.1	35875070	0.001926	0.033854
NC_043962.1	35875083	0.001672	0.031919
NC_043962.1	35881147	0.001391	0.028140
NC_043962.1	35881223	0.001469	0.030082
NC_043962.1	35881869	0.000521	0.010761
NC_043962.1	36771371	0.000591	0.010501
NC_043962.1	37075950	0.000563	0.010021
NC_043962.1	37773327	0.001735	0.033360
NC_043962.1	38182192	0.007360	0.186701
NC_043962.1	38182375	0.001727	0.032542
NC_043962.1	38182519	0.009094	0.090398
NC_043962.1	38182783	0.000571	0.010152
NC_043962.1	38182891	0.006530	0.263422
NC_043962.1	39122869	0.000591	0.010494
NC_043962.1	39122873	0.002112	0.035640
NC_043962.1	39122892	0.001928	0.034535
NC_043962.1	39122904	0.000539	0.010452
NC_043962.1	40448758	0.000477	0.009635
NC_043962.1	41481032	0.000399	0.008457
NC_043962.1	41861797	0.002088	0.036203
NC_043962.1	42069992	0.007886	0.086824
NC_043962.1	42070240	0.006836	0.082431
NC_043962.1	42070568	0.000213	0.311257
NC_043962.1	42070572	0.000675	0.327299
NC_043962.1	42070576	0.006853	0.241765
NC_043962.1	42070703	0.008556	0.096864
NC_043962.1	42070721	0.004565	0.500805
NC_043962.1	42070826	0.000347	0.008013
NC_043962.1	42177786	0.001408	0.029170
NC_043962.1	42212499	0.001984	0.035443
NC_043962.1	42212556	0.001712	0.032604
NC_043962.1	42380135	0.002191	0.036409
NC_043962.1	42951756	0.004510	0.255771
NC_043962.1	42951764	0.000338	0.006251
NC_043962.1	42951776	0.000363	0.007168
NC_043962.1	42951777	0.000328	0.005214
NC_043962.1	43274493	0.000479	0.009923
NC_043962.1	43354842	0.002376	0.266819
NC_043962.1	43621871	0.001697	0.032943
NC_043962.1	43811647	0.000041	0.014088
NC_043962.1	43811655	0.000044	0.014487
NC_043962.1	43811658	0.000043	0.014582
NC_043962.1	43811664	0.000008	0.000993
NC_043962.1	43811666	0.000009	0.001037
NC_043962.1	43997111	0.002122	0.035739
NC_043962.1	44478747	0.000446	0.009220
NC_043962.1	44478802	0.000428	0.010052
NC_043962.1	44557730	0.000462	0.009059
NC_043962.1	45294232	0.001905	0.033671
NC_043962.1	45294244	0.006855	0.198029
NC_043962.1	48344534	0.001776	0.033016
NC_043962.1	48344628	0.001596	0.031687
NC_043962.1	48458229	0.004549	0.187673
NC_043962.1	48725856	0.001845	0.034305
NC_043962.1	49406840	0.002054	0.035078
NC_043962.1	49406841	0.002088	0.035400
NC_043962.1	49831724	0.006095	0.100412
NC_043962.1	49831735	0.006147	0.089595
NC_043962.1	49831749	0.004926	0.067819
NC_043962.1	50165602	0.005093	0.058928
NC_043962.1	50190820	0.001397	0.029461
NC_043962.1	50311120	0.001240	0.027706
NC_043962.1	50433119	0.001370	0.029520
NC_043962.1	50449985	0.001398	0.029426
NC_043962.1	50449994	0.013904	0.138989
NC_043962.1	50550344	0.012427	0.101156
NC_043962.1	50577028	0.001495	0.029947
NC_043962.1	50577048	0.007283	0.077534
NC_043962.1	50577049	0.003600	0.048650
NC_043962.1	50577058	0.007080	0.160036
NC_043962.1	50577738	0.009000	0.088206
NC_043962.1	51076568	0.009401	0.133590
NC_043962.1	51080187	0.009686	0.089424
NC_043962.1	51080209	0.000410	0.007088
NC_043962.1	51080220	0.017220	0.491578
NC_043962.1	51854963	0.002117	0.036047
NC_043962.1	52763263	0.002075	0.035129
NC_043962.1	54688396	0.001763	0.033678
NC_043962.1	54978420	0.000429	0.010129
NC_043962.1	54978577	0.004637	0.056463
NC_043962.1	54978698	0.000341	0.008541
NC_043962.1	55232462	0.002041	0.034952
NC_043962.1	55458929	0.001768	0.033729
NC_043962.1	55458941	0.000884	0.015025
NC_043962.1	55458951	0.000465	0.009998
NC_043962.1	55459396	0.000576	0.010244
NC_043962.1	55459645	0.006290	0.065503
NC_043962.1	55963938	0.002100	0.035518
NC_043962.1	55994475	0.011509	0.448389
NC_043962.1	56118273	0.000348	0.006734
NC_043962.1	56836020	0.001377	0.029799
NC_043962.1	56917258	0.001970	0.034965
NC_043962.1	56917309	0.001607	0.031795
NC_043962.1	56917789	0.000478	0.008470
NC_043962.1	56917934	0.000401	0.008514
NC_043962.1	57110056	0.003053	0.277815
NC_043962.1	57136202	0.000137	0.003006
NC_043962.1	57136268	0.000209	0.004520
NC_043962.1	57136273	0.000296	0.006216
NC_043962.1	57136279	0.000343	0.007294
NC_043962.1	57159988	0.001789	0.032591
NC_043962.1	57198090	0.004648	0.058681
NC_043962.1	57198175	0.006403	0.068522
NC_043962.1	57198209	0.000862	0.025149
NC_043962.1	57198280	0.005309	0.180324
NC_043962.1	57237338	0.000046	0.002852
NC_043962.1	57237349	0.001885	0.044428
NC_043962.1	57237405	0.000459	0.021688
NC_043962.1	57237410	0.000162	0.005313
NC_043962.1	57237421	0.000841	0.025118
NC_043963.1	32272	0.000103	0.001086
NC_043963.1	32276	0.000160	0.003586
NC_043963.1	32296	0.000131	0.001161
NC_043963.1	32299	0.000088	0.000744
NC_043963.1	32300	0.000147	0.003368
NC_043963.1	32306	0.000112	0.000848
NC_043963.1	32309	0.000112	0.000849
NC_043963.1	32343	0.000111	0.001095
NC_043963.1	32355	0.000165	0.001283
NC_043963.1	32527	0.000044	0.000471
NC_043963.1	32547	0.000079	0.001521
NC_043963.1	32552	0.000051	0.000505
NC_043963.1	32567	0.000068	0.000600
NC_043963.1	97984	0.000112	0.004957
NC_043963.1	98005	0.000935	0.023980
NC_043963.1	98006	0.000032	0.000918
NC_043963.1	98010	0.000018	0.000555
NC_043963.1	98026	0.000017	0.000515
NC_043963.1	98031	0.000049	0.003664
NC_043963.1	98064	0.000021	0.318881
NC_043963.1	98065	0.000024	0.000646
NC_043963.1	98109	0.000032	0.000460
NC_043963.1	98114	0.009384	0.170750
NC_043963.1	98148	0.000300	0.015711
NC_043963.1	98169	0.000047	0.000603
NC_043963.1	98181	0.000038	0.000489
NC_043963.1	98263	0.002549	0.215708
NC_043963.1	98290	0.000752	0.022445
NC_043963.1	98307	0.000095	0.002648
NC_043963.1	98311	0.000123	0.003049
NC_043963.1	98374	0.000221	0.004131
NC_043963.1	462032	0.008518	0.155866
NC_043963.1	462243	0.005789	0.160323
NC_043963.1	462455	0.000812	0.024575
NC_043963.1	462562	0.005866	0.073833
NC_043963.1	463346	0.001248	0.028686
NC_043963.1	480988	0.000762	0.014101
NC_043963.1	481166	0.008586	0.159524
NC_043963.1	481299	0.000446	0.008738
NC_043963.1	647174	0.000437	0.007672
NC_043963.1	733135	0.000427	0.008685
NC_043963.1	733258	0.001086	0.026914
NC_043963.1	733429	0.000298	0.006765
NC_043963.1	733525	0.000522	0.009292
NC_043963.1	733557	0.000861	0.019821
NC_043963.1	733567	0.000180	0.004354
NC_043963.1	733736	0.022899	0.492379
NC_043963.1	733737	0.001681	0.034177
NC_043963.1	733753	0.000308	0.017333
NC_043963.1	733756	0.009814	0.503862
NC_043963.1	733783	0.000054	0.003622
NC_043963.1	733797	0.007085	0.092092
NC_043963.1	733858	0.000130	0.004228
NC_043963.1	733874	0.000022	0.000448
NC_043963.1	733887	0.000017	0.000289
NC_043963.1	733893	0.023387	0.431505
NC_043963.1	733896	0.000017	0.000281
NC_043963.1	733898	0.000012	0.000261
NC_043963.1	733904	0.000009	0.000184
NC_043963.1	733906	0.016066	0.065055
NC_043963.1	733920	0.000011	0.000214
NC_043963.1	733926	0.000016	0.000273
NC_043963.1	733927	0.000009	0.000184
NC_043963.1	733932	0.000009	0.000183
NC_043963.1	733934	0.000014	0.000400
NC_043963.1	733936	0.000009	0.000188
NC_043963.1	733946	0.000009	0.000175
NC_043963.1	733968	0.000012	0.000239
NC_043963.1	733978	0.000016	0.000450
NC_043963.1	733980	0.000014	0.000524
NC_043963.1	733981	0.002248	0.163075
NC_043963.1	733998	0.000026	0.001897
NC_043963.1	734001	0.003034	0.044542
NC_043963.1	734008	0.000012	0.000218
NC_043963.1	734028	0.001560	0.012986
NC_043963.1	734056	0.007644	0.079205
NC_043963.1	734075	0.001414	0.027557
NC_043963.1	734257	0.000039	0.000864
NC_043963.1	734261	0.009118	0.101169
NC_043963.1	734278	-0.000827	0.236029
NC_043963.1	734287	0.007434	0.078153
NC_043963.1	734305	0.000020	0.000548
NC_043963.1	734337	0.000046	0.001952
NC_043963.1	734353	0.001230	0.023497
NC_043963.1	734363	0.013869	0.064071
NC_043963.1	734373	0.000048	0.000741
NC_043963.1	734375	0.002019	0.501919
NC_043963.1	734395	0.007007	0.493568
NC_043963.1	734420	0.000420	0.018825
NC_043963.1	734421	0.000665	0.023337
NC_043963.1	734431	0.004064	0.048599
NC_043963.1	734435	0.012091	0.451270
NC_043963.1	734482	-0.001196	0.265416
NC_043963.1	734567	0.001709	0.033905
NC_043963.1	734584	0.006350	0.165484
NC_043963.1	734593	0.004114	0.111768
NC_043963.1	734625	0.000472	0.020854
NC_043963.1	734633	0.000127	0.006004
NC_043963.1	734635	0.004185	0.058796
NC_043963.1	734664	-0.000380	0.243806
NC_043963.1	972958	0.004790	0.056912
NC_043963.1	973110	0.011900	0.133717
NC_043963.1	973153	0.001524	0.030592
NC_043963.1	973257	0.000249	0.006531
NC_043963.1	973410	0.002757	0.223860
NC_043963.1	973455	0.000313	0.006774
NC_043963.1	974169	0.008594	0.125738
NC_043963.1	974172	0.003957	0.185285
NC_043963.1	974444	0.007494	0.083585
NC_043963.1	974460	0.014503	0.123634
NC_043963.1	975778	0.006602	0.432310
NC_043963.1	975796	0.000248	0.006083
NC_043963.1	976631	0.000989	0.355984
NC_043963.1	976642	0.002949	0.217775
NC_043963.1	976674	0.000461	0.338349
NC_043963.1	1093880	0.001303	0.030359
NC_043963.1	1171940	0.000750	0.014912
NC_043963.1	1230085	0.008835	0.149705
NC_043963.1	1273828	0.001892	0.034175
NC_043963.1	1431631	0.009356	0.474971
NC_043963.1	1431659	0.051032	0.528642
NC_043963.1	1470723	0.005733	0.060995
NC_043963.1	1514628	0.013564	0.138785
NC_043963.1	1568599	0.001843	0.033683
NC_043963.1	1568609	0.001881	0.034057
NC_043963.1	1698406	0.012791	0.502243
NC_043963.1	1698714	0.000487	0.008634
NC_043963.1	1872813	0.001793	0.034361
NC_043963.1	2218602	0.001005	0.017860
NC_043963.1	2218666	0.001970	0.034972
NC_043963.1	2235061	0.000483	0.010072
NC_043963.1	2316819	0.001513	0.031220
NC_043963.1	2316911	0.001206	0.028281
NC_043963.1	2332104	0.001622	0.031077
NC_043963.1	2332167	0.001762	0.032348
NC_043963.1	2332212	0.001649	0.031325
NC_043963.1	2332247	0.001393	0.029373
NC_043963.1	2369463	0.000396	0.009156
NC_043963.1	2373764	0.001471	0.030436
NC_043963.1	2373801	0.006666	0.460136
NC_043963.1	2391225	0.008183	0.423072
NC_043963.1	2391276	0.014759	0.481042
NC_043963.1	2392977	0.007717	0.483055
NC_043963.1	2392984	0.022757	0.491148
NC_043963.1	2394959	0.009726	0.440391
NC_043963.1	2395248	0.000497	0.008821
NC_043963.1	2395264	0.000341	0.007505
NC_043963.1	2395357	0.000585	0.010403
NC_043963.1	2416328	0.000032	0.001173
NC_043963.1	2416348	0.000262	0.017414
NC_043963.1	2416493	0.000016	0.000294
NC_043963.1	2416498	0.000007	0.000162
NC_043963.1	2416499	0.000008	0.000163
NC_043963.1	2416503	0.000010	0.000591
NC_043963.1	2416507	0.000060	0.014988
NC_043963.1	2416510	0.000008	0.000162
NC_043963.1	2416518	0.000049	0.010862
NC_043963.1	2416528	0.000009	0.000569
NC_043963.1	2416533	0.000009	0.000195
NC_043963.1	2416535	0.000006	0.000132
NC_043963.1	2416538	0.000007	0.000216
NC_043963.1	2416543	0.000012	0.000256
NC_043963.1	2416549	0.000007	0.000152
NC_043963.1	2416553	0.000839	0.030126
NC_043963.1	2416555	0.000008	0.000170
NC_043963.1	2416563	0.000950	0.029179
NC_043963.1	2432557	0.000382	0.008985
NC_043963.1	2551593	0.001327	0.028391
NC_043963.1	2588243	0.000070	0.000702
NC_043963.1	2588246	0.000064	0.000641
NC_043963.1	2588251	0.000081	0.001679
NC_043963.1	2588267	0.000072	0.000758
NC_043963.1	2588283	0.000093	0.000904
NC_043963.1	2588285	0.000093	0.000895
NC_043963.1	2588303	0.000059	0.000753
NC_043963.1	2588324	0.000032	0.000413
NC_043963.1	2588326	0.000032	0.000401
NC_043963.1	2588333	0.000018	0.000282
NC_043963.1	2588349	0.000021	0.000604
NC_043963.1	2588402	0.000142	0.001699
NC_043963.1	2588403	0.001862	0.033702
NC_043963.1	2588450	0.000244	0.001778
NC_043963.1	2588452	0.000035	0.000470
NC_043963.1	2818938	0.000015	0.000250
NC_043963.1	2818940	0.000142	0.001968
NC_043963.1	2818946	0.003154	0.048693
NC_043963.1	2818948	0.000041	0.000639
NC_043963.1	2818949	0.000012	0.000222
NC_043963.1	2818958	0.000008	0.000165
NC_043963.1	2818959	0.000008	0.000170
NC_043963.1	2818960	0.001732	0.011663
NC_043963.1	2818961	0.000008	0.000165
NC_043963.1	2818980	0.000007	0.000152
NC_043963.1	2818981	0.000007	0.000155
NC_043963.1	2818982	0.000009	0.000175
NC_043963.1	2818984	0.000500	0.005108
NC_043963.1	2818990	0.001797	0.037024
NC_043963.1	2818993	0.000011	0.000209
NC_043963.1	2819001	0.003523	0.115098
NC_043963.1	2819004	0.000011	0.000212
NC_043963.1	2819008	0.000013	0.000232
NC_043963.1	2819012	0.005195	0.077389
NC_043963.1	2819015	0.000022	0.000318
NC_043963.1	3190463	0.000640	0.011310
NC_043963.1	3220290	0.001135	0.027674
NC_043963.1	3364262	0.001358	0.029597
NC_043963.1	3364320	0.000387	0.008224
NC_043963.1	3435593	0.001570	0.031033
NC_043963.1	3474840	0.000129	0.306952
NC_043963.1	3474867	0.016396	0.452225
NC_043963.1	3474876	0.003325	0.359436
NC_043963.1	3474889	0.016202	0.433768
NC_043963.1	3474954	0.027046	0.512457
NC_043963.1	3475234	0.026377	0.501222
NC_043963.1	3475238	0.000076	0.000924
NC_043963.1	3581659	0.000570	0.010143
NC_043963.1	3624202	0.007657	0.464597
NC_043963.1	3630959	0.000467	0.009686
NC_043963.1	3766150	0.000155	0.005753
NC_043963.1	3766154	0.000173	0.006091
NC_043963.1	3775486	0.000331	0.007780
NC_043963.1	4083331	0.001481	0.026089
NC_043963.1	4163207	0.002448	0.374364
NC_043963.1	4163760	0.001873	0.034441
NC_043963.1	4163766	0.000257	0.319512
NC_043963.1	4217903	0.000552	0.010245
NC_043963.1	4220430	0.000368	0.006947
NC_043963.1	4240602	0.004876	0.443240
NC_043963.1	4378341	0.005004	0.060706
NC_043963.1	4422849	0.001774	0.032135
NC_043963.1	4433797	0.001090	0.019341
NC_043963.1	4520251	0.000320	0.007308
NC_043963.1	4520313	0.008809	0.080092
NC_043963.1	4520393	0.000394	0.007225
NC_043963.1	4529543	0.000112	0.002319
NC_043963.1	4583755	0.001801	0.032951
NC_043963.1	4583773	0.000550	0.009791
NC_043963.1	4642031	0.000578	0.011116
NC_043963.1	4642094	0.000744	0.012940
NC_043963.1	4642340	0.001627	0.032449
NC_043963.1	4642434	0.006630	0.064234
NC_043963.1	4649193	0.000706	0.012360
NC_043963.1	4683265	0.001938	0.034637
NC_043963.1	4833306	0.000659	0.011623
NC_043963.1	4845782	0.006447	0.066847
NC_043963.1	4855715	0.000270	0.005546
NC_043963.1	4895296	0.000684	0.012009
NC_043963.1	4895300	0.002202	0.036518
NC_043963.1	4908671	0.010566	0.435692
NC_043963.1	4933178	0.001981	0.035081
NC_043963.1	4933298	0.000624	0.011444
NC_043963.1	4958735	0.001568	0.031768
NC_043963.1	4973297	0.000477	0.009323
NC_043963.1	4973384	0.006248	0.181403
NC_043963.1	4973390	0.006241	0.181694
NC_043963.1	4973461	0.000818	0.015703
NC_043963.1	4973563	0.000498	0.009720
NC_043963.1	4974425	0.001810	0.032784
NC_043963.1	4980494	0.005871	0.414815
NC_043963.1	4982896	0.001728	0.029202
NC_043963.1	4987888	0.000704	0.012323
NC_043963.1	5150654	0.002327	0.037783
NC_043963.1	5190349	0.015486	0.490029
NC_043963.1	5190385	0.001550	0.032170
NC_043963.1	5216675	0.000512	0.009971
NC_043963.1	5227221	0.017766	0.491396
NC_043963.1	5252240	0.000380	0.008077
NC_043963.1	5252312	0.000522	0.010441
NC_043963.1	5261503	0.001084	0.017956
NC_043963.1	5282060	0.000402	0.008443
NC_043963.1	5370864	0.001404	0.029861
NC_043963.1	5370867	0.000358	0.007815
NC_043963.1	5378528	0.003113	0.044200
NC_043963.1	5378708	0.001919	0.033799
NC_043963.1	5378750	0.001598	0.031698
NC_043963.1	5410685	0.001086	0.019272
NC_043963.1	5427947	0.000349	0.007959
NC_043963.1	5427988	0.000328	0.007956
NC_043963.1	5578123	0.001697	0.032585
NC_043963.1	6072542	0.000409	0.009157
NC_043963.1	6109861	0.000595	0.010563
NC_043963.1	6174940	0.000648	0.011439
NC_043963.1	6175528	0.001750	0.033525
NC_043963.1	6175552	0.001778	0.033571
NC_043963.1	6284377	0.000503	0.010352
NC_043963.1	6687416	0.001829	0.033538
NC_043963.1	7016983	0.000457	0.008958
NC_043963.1	7056489	0.003641	0.384210
NC_043963.1	7056622	0.011537	0.269485
NC_043963.1	7056760	0.001685	0.031653
NC_043963.1	7101778	0.001989	0.034455
NC_043963.1	7114181	0.006087	0.063887
NC_043963.1	7114329	0.001166	0.027284
NC_043963.1	7114556	0.000698	0.012227
NC_043963.1	7202411	0.000487	0.010663
NC_043963.1	7244935	0.000248	0.005825
NC_043963.1	7277589	0.001570	0.031827
NC_043963.1	7355397	0.000405	0.009558
NC_043963.1	7753306	0.000197	0.005635
NC_043963.1	7753309	0.000226	0.006215
NC_043963.1	7753752	0.000472	0.009876
NC_043963.1	7753945	0.000516	0.009182
NC_043963.1	7778061	0.001060	0.019676
NC_043963.1	7778079	0.001937	0.033971
NC_043963.1	7984592	0.001432	0.029390
NC_043963.1	7984619	0.001657	0.031392
NC_043963.1	8305743	0.001953	0.034790
NC_043963.1	8305952	0.002000	0.034558
NC_043963.1	8305964	0.002015	0.034703
NC_043963.1	8306499	0.002315	0.037651
NC_043963.1	8306770	0.004688	0.245305
NC_043963.1	8306818	0.001547	0.031585
NC_043963.1	8306898	0.001619	0.032370
NC_043963.1	8399723	0.000583	0.011202
NC_043963.1	8401249	0.021092	0.119142
NC_043963.1	8401345	0.005842	0.180529
NC_043963.1	8597287	0.001618	0.031043
NC_043963.1	8601670	0.001763	0.033420
NC_043963.1	8936270	0.001446	0.030662
NC_043963.1	8955365	0.000790	0.013637
NC_043963.1	9272706	0.000458	0.010357
NC_043963.1	9298889	0.000550	0.010634
NC_043963.1	9298998	0.001731	0.033076
NC_043963.1	9299167	0.002116	0.035671
NC_043963.1	9299269	0.000465	0.009411
NC_043963.1	9301606	0.001365	0.029665
NC_043963.1	9301682	0.000664	0.011689
NC_043963.1	9668302	0.002344	0.038087
NC_043963.1	9668398	0.001162	0.028011
NC_043963.1	9668520	0.000612	0.010857
NC_043963.1	9898604	0.000419	0.008223
NC_043963.1	9898644	0.001114	0.027335
NC_043963.1	9898660	0.000255	0.006248
NC_043963.1	9979348	0.000488	0.332545
NC_043963.1	10226545	0.000303	0.007398
NC_043963.1	10226548	0.008090	0.086479
NC_043963.1	10226552	0.000538	0.011800
NC_043963.1	10226619	0.005505	0.056469
NC_043963.1	10226746	0.000274	0.005605
NC_043963.1	10372322	0.000062	0.003367
NC_043963.1	10372331	0.000062	0.003365
NC_043963.1	10372352	0.000095	0.003900
NC_043963.1	10373235	0.001505	0.030420
NC_043963.1	10373334	0.000518	0.009225
NC_043963.1	10373405	0.011192	0.098347
NC_043963.1	10373506	0.001711	0.032382
NC_043963.1	10474010	0.004143	0.479587
NC_043963.1	10474103	0.000329	0.007187
NC_043963.1	10573267	0.000665	0.336296
NC_043963.1	10573375	0.001954	0.034126
NC_043963.1	10573379	0.001872	0.033363
NC_043963.1	10573795	0.001645	0.031284
NC_043963.1	10629674	0.001713	0.032401
NC_043963.1	10629812	0.010373	0.147793
NC_043963.1	10630005	0.000413	0.008096
NC_043963.1	10630029	0.000535	0.009534
NC_043963.1	10745630	0.001720	0.032468
NC_043963.1	10802628	0.000585	0.011851
NC_043963.1	10803055	0.000447	0.008773
NC_043963.1	10803283	0.000601	0.010659
NC_043963.1	10988839	0.001265	0.028655
NC_043963.1	11273119	0.000307	0.006477
NC_043963.1	11273190	0.001457	0.025064
NC_043963.1	11273264	0.000255	0.006011
NC_043963.1	11273304	0.002726	0.195536
NC_043963.1	11273305	0.000136	0.004052
NC_043963.1	11396206	0.000604	0.011544
NC_043963.1	12012661	0.000503	0.009798
NC_043963.1	12274013	0.000550	0.010631
NC_043963.1	12631083	0.000379	0.008319
NC_043963.1	13006130	0.000005	0.008680
NC_043963.1	13006135	0.001875	0.077573
NC_043963.1	13006139	0.000010	0.013632
NC_043963.1	13141830	0.005137	0.265620
NC_043963.1	13141882	0.000522	0.286199
NC_043963.1	13243053	0.001658	0.032316
NC_043963.1	13454201	0.000791	0.029553
NC_043963.1	13454252	0.000075	0.013791
NC_043963.1	13454253	0.000010	0.000713
NC_043963.1	14025882	0.001880	0.033865
NC_043963.1	15240049	0.001830	0.033554
NC_043963.1	16618814	0.001692	0.296409
NC_043963.1	16664955	0.000603	0.011523
NC_043963.1	16738446	0.001906	0.034313
NC_043963.1	16743486	0.000443	0.009326
NC_043963.1	16893401	0.001759	0.032559
NC_043963.1	16966383	0.000618	0.011777
NC_043963.1	16997655	0.008453	0.450033
NC_043963.1	17081943	0.000401	0.009008
NC_043963.1	17082133	0.000466	0.009768
NC_043963.1	17137642	0.001160	0.028229
NC_043963.1	17137667	0.000401	0.009240
NC_043963.1	17137695	0.000224	0.006894
NC_043963.1	17137777	0.000441	0.009809
NC_043963.1	17137827	0.001402	0.030738
NC_043963.1	17138109	0.002176	0.036265
NC_043963.1	17272590	0.001683	0.032319
NC_043963.1	17272857	0.001762	0.032874
NC_043963.1	17273625	0.000407	0.009141
NC_043963.1	17273642	0.001671	0.032945
NC_043963.1	17283918	0.001553	0.031426
NC_043963.1	17296922	0.001935	0.033950
NC_043963.1	17329279	0.006121	0.421096
NC_043963.1	18423205	0.002090	0.036232
NC_043963.1	18423316	0.002084	0.036159
NC_043963.1	18423321	0.002067	0.035981
NC_043963.1	18499274	0.000394	0.009353
NC_043963.1	18504999	0.002016	0.035450
NC_043963.1	18505073	0.001729	0.032043
NC_043963.1	18549010	0.000618	0.011784
NC_043963.1	18558306	0.002015	0.034699
NC_043963.1	19409007	0.005613	0.481005
NC_043963.1	20503523	0.000467	0.009784
NC_043963.1	20503628	0.000398	0.009422
NC_043963.1	22263172	0.001524	0.031221
NC_043963.1	23620387	0.000032	0.303385
NC_043963.1	25045917	0.001931	0.034797
NC_043963.1	25607139	0.002170	0.036201
NC_043963.1	26567722	0.001828	0.033526
NC_043963.1	26820790	0.000930	0.024593
NC_043963.1	26820908	0.000524	0.010176
NC_043963.1	28054436	0.002162	0.036128
NC_043963.1	28414556	0.000539	0.009592
NC_043963.1	28414668	0.002204	0.036533
NC_043963.1	28556137	0.001528	0.030241
NC_043963.1	28556316	0.000489	0.008690
NC_043963.1	29680849	0.000500	0.010381
NC_043963.1	29681271	0.002897	0.043215
NC_043963.1	29681304	0.000562	0.009999
NC_043963.1	29681609	0.002199	0.036491
NC_043963.1	29925112	0.008263	0.175801
NC_043963.1	30966014	0.002081	0.035335
NC_043963.1	31115161	0.004298	0.403712
NC_043963.1	31115164	0.000543	0.010509
NC_043963.1	32077961	0.001905	0.033948
NC_043963.1	32077997	0.001185	0.020520
NC_043963.1	32340818	0.014009	0.093010
NC_043963.1	32340900	0.000403	0.008798
NC_043963.1	32341014	0.001825	0.032235
NC_043963.1	32341359	0.001699	0.032263
NC_043963.1	32341381	0.000470	0.009841
NC_043963.1	32341434	0.002034	0.034886
NC_043963.1	32341949	0.001333	0.029342
NC_043963.1	32341978	0.001449	0.030218
NC_043963.1	32342031	0.005563	0.059709
NC_043963.1	32342128	0.001703	0.032784
NC_043963.1	32343441	0.001571	0.030622
NC_043963.1	32343454	0.000433	0.007581
NC_043963.1	32343889	0.001495	0.026163
NC_043963.1	32343890	0.023426	0.336309
NC_043963.1	32343964	0.005763	0.062487
NC_043963.1	32344638	0.002158	0.036028
NC_043963.1	32345164	0.002342	0.040382
NC_043963.1	32345274	0.000542	0.009653
NC_043963.1	32345291	0.001719	0.031953
NC_043963.1	32345812	0.001129	0.368323
NC_043963.1	32345814	0.000961	0.374274
NC_043963.1	32346121	0.001653	0.030153
NC_043963.1	32346181	0.000427	0.008700
NC_043963.1	32346280	0.000932	0.016362
NC_043963.1	32346343	0.001573	0.031633
NC_043963.1	32346771	0.001533	0.031048
NC_043963.1	32346841	0.001412	0.030151
NC_043963.1	32346994	0.011279	0.119482
NC_043963.1	32347424	0.001760	0.032858
NC_043963.1	32347506	0.001777	0.032689
NC_043963.1	32347672	0.001403	0.029973
NC_043963.1	32347683	0.001623	0.031405
NC_043963.1	32347939	0.001067	0.019115
NC_043963.1	32348184	0.011458	0.100867
NC_043963.1	32348325	0.008369	0.083067
NC_043963.1	32348434	0.013210	0.131813
NC_043963.1	32348445	0.000891	0.016808
NC_043963.1	32348789	0.000363	0.008250
NC_043963.1	32348864	0.007186	0.073754
NC_043963.1	32349326	0.017679	0.163049
NC_043963.1	32349342	0.001594	0.031661
NC_043963.1	32349851	0.001633	0.031624
NC_043963.1	32350413	0.001767	0.032393
NC_043963.1	32350594	0.001434	0.030075
NC_043963.1	32350625	0.009436	0.101256
NC_043963.1	32351535	0.008522	0.133619
NC_043963.1	32351605	0.001639	0.031690
NC_043963.1	32351688	0.010382	0.091831
NC_043963.1	32351806	0.001918	0.031743
NC_043963.1	32351839	0.001497	0.030692
NC_043963.1	32351960	0.006445	0.064584
NC_043963.1	32352153	0.000515	0.010015
NC_043963.1	32352879	0.001739	0.032142
NC_043963.1	32353004	0.001641	0.031705
NC_043963.1	32353111	0.000562	0.009994
NC_043963.1	32353294	0.001567	0.030999
NC_043963.1	32353319	0.001583	0.031159
NC_043963.1	32353327	0.000563	0.011062
NC_043963.1	32353859	0.001691	0.033171
NC_043963.1	32354039	0.000501	0.009765
NC_043963.1	32354425	0.001455	0.029954
NC_043963.1	32354580	0.001817	0.033417
NC_043963.1	32354837	0.001876	0.034012
NC_043963.1	32354948	0.001745	0.032937
NC_043963.1	32355002	0.000518	0.010072
NC_043963.1	32355028	0.001872	0.033358
NC_043963.1	32355230	0.006866	0.065986
NC_043963.1	32355369	0.005916	0.072126
NC_043963.1	32355650	0.000414	0.008729
NC_043963.1	32355977	0.001080	0.027064
NC_043963.1	32356629	0.000563	0.010026
NC_043963.1	32356709	0.000563	0.010022
NC_043963.1	32356998	0.006657	0.064435
NC_043963.1	32357131	0.000539	0.011146
NC_043963.1	32357159	0.002012	0.034673
NC_043963.1	32357496	0.004453	0.057558
NC_043963.1	32357889	0.006993	0.066964
NC_043963.1	32358112	0.001680	0.031603
NC_043963.1	32358129	0.000392	0.008331
NC_043963.1	32358140	0.005851	0.061914
NC_043963.1	32358334	0.001541	0.031129
NC_043963.1	32358373	0.004597	0.056789
NC_043963.1	32358444	0.008001	0.089176
NC_043963.1	32358467	0.001282	0.029203
NC_043963.1	32358574	0.001545	0.030794
NC_043963.1	32358709	0.000565	0.010057
NC_043963.1	32358859	0.009332	0.090444
NC_043963.1	32358869	0.001465	0.030015
NC_043963.1	32359012	0.000363	0.008200
NC_043963.1	32359258	0.007480	0.083469
NC_043963.1	32359747	0.008978	0.091078
NC_043963.1	32360472	0.012897	0.132684
NC_043963.1	32360646	0.001536	0.030706
NC_043963.1	32360714	0.005998	0.063080
NC_043963.1	32360779	0.000951	0.016619
NC_043963.1	32361075	0.006824	0.069985
NC_043963.1	32361401	0.001343	0.029420
NC_043963.1	32361426	0.001283	0.028949
NC_043963.1	32361527	0.001751	0.032769
NC_043963.1	32361564	0.000480	0.009378
NC_043963.1	32361628	0.001724	0.033009
NC_043963.1	32362045	0.001596	0.031562
NC_043963.1	32362064	0.000365	0.008018
NC_043963.1	32362069	0.001373	0.029602
NC_043963.1	32362181	0.029163	0.283640
NC_043963.1	32362356	0.001710	0.032369
NC_043963.1	32362466	0.001438	0.030254
NC_043963.1	32362472	0.000401	0.008757
NC_043963.1	32362740	0.000518	0.010082
NC_043963.1	32362903	0.001750	0.032752
NC_043963.1	32362991	0.002027	0.034813
NC_043963.1	32363173	0.001703	0.032778
NC_043963.1	32363191	0.001773	0.033519
NC_043963.1	32363282	0.001945	0.034038
NC_043963.1	32363289	0.001925	0.033853
NC_043963.1	32363482	0.000999	0.017768
NC_043963.1	32363587	0.001773	0.032688
NC_043963.1	32364096	0.000276	0.006304
NC_043963.1	32364130	0.001366	0.029408
NC_043963.1	32364303	0.001447	0.030199
NC_043963.1	32364359	0.001499	0.031016
NC_043963.1	32364368	0.001990	0.034464
NC_043963.1	32364477	0.000466	0.008236
NC_043963.1	32365118	0.011063	0.096428
NC_043963.1	32365196	0.001702	0.032293
NC_043963.1	32365227	0.000487	0.009524
NC_043963.1	32365630	0.000916	0.016439
NC_043963.1	32365682	0.001289	0.022336
NC_043963.1	32365691	0.001784	0.372761
NC_043963.1	32366113	0.001610	0.031612
NC_043963.1	32366359	0.002011	0.034665
NC_043963.1	32366465	0.000573	0.010194
NC_043963.1	32366531	0.001868	0.033321
NC_043963.1	32366807	0.001430	0.030166
NC_043963.1	32367441	0.001972	0.034296
NC_043963.1	32367622	0.001281	0.028817
NC_043963.1	32367751	0.001850	0.033153
NC_043963.1	32368559	0.001935	0.033950
NC_043963.1	32368560	0.002221	0.036637
NC_043963.1	32368722	0.003925	0.114430
NC_043963.1	32368850	0.001757	0.032832
NC_043963.1	32369214	0.001650	0.031988
NC_043963.1	32369400	0.000463	0.009707
NC_043963.1	32369596	0.001757	0.032833
NC_043963.1	32370109	0.001392	0.029942
NC_043963.1	32370474	0.000468	0.009797
NC_043963.1	32370513	0.000424	0.008634
NC_043963.1	32371575	0.001445	0.030177
NC_043963.1	32371642	0.006551	0.476940
NC_043963.1	32371710	0.007216	0.238620
NC_043963.1	32372250	0.001568	0.028741
NC_043963.1	32372499	0.042246	0.277279
NC_043963.1	32373104	0.011201	0.122129
NC_043963.1	32374320	0.000492	0.008501
NC_043963.1	32374331	0.001691	0.032003
NC_043963.1	32374348	0.001608	0.031286
NC_043963.1	32374383	0.001487	0.030634
NC_043963.1	32375401	0.000556	0.009896
NC_043963.1	32375499	0.001300	0.029008
NC_043963.1	32375836	0.000397	0.008690
NC_043963.1	32375966	0.000629	0.011130
NC_043963.1	32376022	0.001619	0.031923
NC_043963.1	32376042	0.001506	0.031142
NC_043963.1	32376092	0.009433	0.099063
NC_043963.1	32376112	0.005820	0.064563
NC_043963.1	32376186	0.010541	0.126087
NC_043963.1	32376417	0.001769	0.032945
NC_043963.1	32376431	0.001796	0.033216
NC_043963.1	32376442	0.000482	0.010048
NC_043963.1	32376520	0.002083	0.035357
NC_043963.1	32376556	0.000582	0.010348
NC_043963.1	32376562	0.000576	0.010235
NC_043963.1	32376577	0.001732	0.032074
NC_043963.1	32376679	0.001399	0.028181
NC_043963.1	32376707	0.001512	0.030488
NC_043963.1	32376716	0.001771	0.032431
NC_043963.1	32376766	0.001571	0.031040
NC_043963.1	32376970	0.001443	0.030159
NC_043963.1	32376974	0.001461	0.030337
NC_043963.1	32377804	0.001578	0.030689
NC_043963.1	32377822	0.013534	0.136508
NC_043963.1	32377921	0.000411	0.008055
NC_043963.1	32379697	0.003924	0.138694
NC_043963.1	32379817	0.006082	0.060949
NC_043963.1	32379895	0.000426	0.009528
NC_043963.1	32379948	0.001663	0.032831
NC_043963.1	32380154	0.001904	0.033660
NC_043963.1	32380178	0.000574	0.010213
NC_043963.1	32380230	0.000460	0.009012
NC_043963.1	32380406	0.011094	0.096885
NC_043963.1	32380441	0.000447	0.009663
NC_043963.1	32380463	0.000552	0.010672
NC_043963.1	32380694	0.001610	0.030968
NC_043963.1	32380976	0.007938	0.126715
NC_043963.1	32380990	0.003088	0.045516
NC_043963.1	32381014	0.007066	0.146300
NC_043963.1	32381314	0.004927	0.058925
NC_043963.1	32381889	0.001743	0.033195
NC_043963.1	32382128	0.001708	0.032832
NC_043963.1	32382180	0.009220	0.102455
NC_043963.1	32382202	0.011965	0.138249
NC_043963.1	32382757	0.011561	0.102625
NC_043963.1	32382774	0.001676	0.030396
NC_043963.1	32382942	0.000356	0.008114
NC_043963.1	32384413	0.001917	0.033775
NC_043963.1	32384554	0.001070	0.027415
NC_043963.1	32384558	0.001042	0.027086
NC_043963.1	32384627	0.004504	0.056334
NC_043963.1	32384697	0.007248	0.083456
NC_043963.1	32384757	0.005135	0.056437
NC_043963.1	32384830	0.009127	0.085920
NC_043963.1	32384923	0.001754	0.032275
NC_043963.1	32384946	0.000550	0.009785
NC_043963.1	32385041	0.001921	0.033818
NC_043963.1	32385375	0.002235	0.036842
NC_043963.1	32385580	0.005318	0.061264
NC_043963.1	32385601	0.000406	0.008866
NC_043963.1	32386035	0.006538	0.063554
NC_043963.1	32386137	0.009315	0.087776
NC_043963.1	32386176	0.011839	0.108609
NC_043963.1	32386707	0.001237	0.028175
NC_043963.1	32386710	0.001203	0.027857
NC_043963.1	32386727	0.001393	0.029376
NC_043963.1	32386817	0.001508	0.030065
NC_043963.1	32386871	0.001520	0.030561
NC_043963.1	32387214	0.001463	0.029660
NC_043963.1	32387715	0.002077	0.035298
NC_043963.1	32388038	0.001277	0.021109
NC_043963.1	32388270	0.000309	0.005815
NC_043963.1	32388455	0.007198	0.055308
NC_043963.1	32388505	0.001886	0.033492
NC_043963.1	32388793	0.003369	0.053012
NC_043963.1	32388801	0.001128	0.018626
NC_043963.1	32389022	0.002877	0.047772
NC_043963.1	32389335	0.001773	0.032988
NC_043963.1	32389341	0.001986	0.034428
NC_043963.1	32389350	0.001906	0.033674
NC_043963.1	32389391	0.002034	0.034879
NC_043963.1	32389809	0.005422	0.063096
NC_043963.1	32389851	0.001743	0.032688
NC_043963.1	32390094	0.000507	0.009008
NC_043963.1	32390316	0.000612	0.010857
NC_043963.1	32390336	0.007074	0.067589
NC_043963.1	32390484	0.011136	0.113157
NC_043963.1	32390611	0.001768	0.032408
NC_043963.1	32391135	0.001500	0.030369
NC_043963.1	32391483	0.001764	0.032367
NC_043963.1	32391530	0.001489	0.030607
NC_043963.1	32391555	0.001775	0.033008
NC_043963.1	32391671	0.000537	0.009568
NC_043963.1	32391908	0.001696	0.032233
NC_043963.1	32391912	0.000458	0.008972
NC_043963.1	32391950	0.001527	0.030988
NC_043963.1	32392146	0.001522	0.031274
NC_043963.1	32392159	0.011625	0.119647
NC_043963.1	32392237	0.001431	0.027784
NC_043963.1	32392406	0.000517	0.010049
NC_043963.1	32392775	0.001681	0.032088
NC_043963.1	32392822	0.010011	0.093675
NC_043963.1	32392936	0.001985	0.034416
NC_043963.1	32393168	0.008569	0.093571
NC_043963.1	32393356	0.001779	0.033042
NC_043963.1	32393461	0.001693	0.032681
NC_043963.1	32393509	0.001453	0.030579
NC_043963.1	32394396	0.013850	0.133841
NC_043963.1	32394692	0.001009	0.026727
NC_043963.1	32394815	0.007891	0.091551
NC_043963.1	32394910	0.001258	0.028824
NC_043963.1	32395180	0.000999	0.020220
NC_043963.1	32395186	0.001586	0.031514
NC_043963.1	32395321	0.002072	0.035099
NC_043963.1	32395633	0.009248	0.091843
NC_043963.1	32395646	0.005438	0.059876
NC_043963.1	32395675	0.010341	0.097499
NC_043963.1	32395924	0.001582	0.031320
NC_043963.1	32395929	0.001592	0.031412
NC_043963.1	32396168	0.001749	0.032977
NC_043963.1	32396263	0.001986	0.033700
NC_043963.1	32396400	0.001750	0.032766
NC_043963.1	32396998	0.000601	0.010667
NC_043963.1	32397073	0.000534	0.010356
NC_043963.1	32397530	0.001821	0.032890
NC_043963.1	32397615	0.001539	0.027608
NC_043963.1	32397864	0.001622	0.032399
NC_043963.1	32397956	0.001739	0.032565
NC_043963.1	32398015	0.001634	0.031561
NC_043963.1	32398131	0.001802	0.032711
NC_043963.1	32398866	0.000483	0.009441
NC_043963.1	32398878	0.000467	0.009138
NC_043963.1	32399443	0.001905	0.034300
NC_043963.1	32399675	0.002106	0.036944
NC_043963.1	32400339	0.001701	0.032283
NC_043963.1	32400442	0.001481	0.030477
NC_043963.1	32508930	0.000595	0.010505
NC_043963.1	32920297	0.000010	0.001228
NC_043963.1	32920298	0.000010	0.001242
NC_043963.1	34673461	0.006607	0.068180
NC_043963.1	36515139	0.000419	0.008083
NC_043963.1	38108069	0.000085	0.193824
NC_043963.1	38225105	0.000499	0.010366
NC_043963.1	38941478	0.000668	0.011754
NC_043963.1	39124907	0.002232	0.036819
NC_043963.1	39150920	0.001574	0.031645
NC_043963.1	39299197	0.001318	0.021422
NC_043963.1	39299317	0.003683	0.221561
NC_043963.1	39299517	0.000555	0.010299
NC_043963.1	39299542	0.000468	0.009477
NC_043963.1	39395498	0.000502	0.010414
NC_043963.1	39395499	0.001828	0.034112
NC_043963.1	39448935	0.000541	0.009638
NC_043963.1	39598213	0.002306	0.037565
NC_043963.1	39598561	0.000458	0.008091
NC_043963.1	39598634	0.001384	0.029579
NC_043963.1	39598799	0.000332	0.007040
NC_043963.1	40269950	0.001710	0.030227
NC_043963.1	40309737	0.005799	0.065709
NC_043963.1	40324552	0.000554	0.009862
NC_043963.1	40324567	0.002040	0.034947
NC_043963.1	40345038	0.000001	0.000025
NC_043963.1	40345086	0.000001	0.000028
NC_043963.1	40345094	0.000001	0.000026
NC_043963.1	40345100	0.000001	0.000027
NC_043963.1	40345102	0.000001	0.000026
NC_043963.1	40345106	0.000001	0.000030
NC_043963.1	40345112	-0.000005	0.003462
NC_043963.1	40345114	0.000001	0.000033
NC_043963.1	40345116	0.000001	0.000034
NC_043963.1	40345136	0.000001	0.000579
NC_043963.1	40345140	0.000002	0.000043
NC_043963.1	40345148	0.000002	0.000077
NC_043963.1	40978782	0.000623	0.011036
NC_043963.1	41027167	0.002046	0.035334
NC_043963.1	41027233	0.000433	0.009083
NC_043963.1	41233211	0.001549	0.031389
NC_043963.1	41233280	0.005514	0.490563
NC_043963.1	41233405	0.001989	0.034459
NC_043963.1	41233605	0.000550	0.009800
NC_043963.1	41233741	0.001891	0.034164
NC_043963.1	41233989	0.001932	0.034543
NC_043963.1	41234191	0.000822	0.015685
NC_043963.1	41234304	0.005100	0.058477
NC_043963.1	41234314	0.000387	0.008754
NC_043963.1	41411089	0.001940	0.033993
NC_043963.1	41411118	0.001932	0.034580
NC_043963.1	41732975	0.001343	0.023530
NC_043963.1	41808625	0.001822	0.034047
NC_043963.1	41808799	0.000340	0.006536
NC_043963.1	41833764	0.005886	0.062225
NC_043963.1	41971389	0.000513	0.009758
NC_043963.1	42294877	0.000530	0.009213
NC_043963.1	42296909	0.007429	0.165761
NC_043963.1	42297954	0.010608	0.503486
NC_043963.1	42298326	0.000476	0.321972
NC_043963.1	42305185	0.000806	0.282838
NC_043963.1	43004467	0.000500	0.009743
NC_043963.1	43004478	0.001982	0.034389
NC_043963.1	43004480	0.002032	0.034865
NC_043963.1	43038145	0.000501	0.008903
NC_043963.1	43038252	0.001790	0.033155
NC_043963.1	43038924	0.001930	0.033900
NC_043963.1	43038936	0.000444	0.008706
NC_043963.1	43039098	0.001383	0.029696
NC_043963.1	43227661	0.000976	0.025901
NC_043963.1	43227712	0.000428	0.355393
NC_043963.1	43227726	0.000224	0.004353
NC_043963.1	43227758	0.007854	0.138183
NC_043963.1	43227956	0.000308	0.004698
NC_043963.1	43249397	0.002005	0.034929
NC_043963.1	43309158	0.007930	0.441621
NC_043963.1	43365708	0.000622	0.011019
NC_043963.1	43365743	0.001568	0.026185
NC_043963.1	43512844	0.005535	0.067860
NC_043963.1	43512860	0.000632	0.011187
NC_043963.1	43659308	0.001629	0.031042
NC_043963.1	43659724	0.006724	0.169535
NC_043963.1	43659789	0.001592	0.031417
NC_043963.1	43659853	0.002084	0.035357
NC_043963.1	43660161	0.006147	0.181362
NC_043963.1	43660393	0.006398	0.066362
NC_043963.1	43709278	0.000730	0.328715
NC_043963.1	43709643	0.001202	0.021623
NC_043963.1	43720818	0.005550	0.207116
NC_043963.1	43733371	0.000623	0.011036
NC_043963.1	44120106	0.002022	0.035506
NC_043963.1	44185638	0.001945	0.034714
NC_043963.1	44916004	0.002007	0.034630
NC_043963.1	45030827	0.001837	0.033617
NC_043963.1	45031169	0.001989	0.034458
NC_043963.1	45031489	0.008948	0.072032
NC_043963.1	45166194	0.001477	0.029787
NC_043963.1	45171078	0.000354	0.005848
NC_043963.1	45182096	0.000465	0.008221
NC_043963.1	45187012	0.000717	0.286076
NC_043963.1	45201940	0.001861	0.033258
NC_043963.1	45299842	0.007383	0.252841
NC_043963.1	45299853	0.006242	0.235542
NC_043963.1	45305955	0.013412	0.506081
NC_043963.1	45318769	0.000519	0.009230
NC_043963.1	45322654	0.000771	0.024226
NC_043963.1	45322675	0.001049	0.026975
NC_043963.1	45470829	0.001472	0.029655
NC_043963.1	45695933	0.000393	0.008797
NC_043963.1	45752221	0.002171	0.036210
NC_043963.1	45752239	0.000610	0.010817
NC_043963.1	46728951	0.006771	0.065283
NC_043963.1	46729042	0.000614	0.010881
NC_043963.1	46729061	0.002095	0.035468
NC_043963.1	46940526	0.000822	0.014119
NC_043963.1	47492794	0.001995	0.034834
NC_043963.1	48011060	0.000491	0.010467
NC_043963.1	48011131	0.000456	0.010322
NC_043963.1	48296826	0.000446	0.007836
NC_043963.1	48296872	0.011763	0.500992
NC_043963.1	48296896	0.007328	0.414790
NC_043963.1	48296949	0.009833	0.436423
NC_043963.1	48296985	0.021126	0.479697
NC_043963.1	48296992	0.020248	0.477604
NC_043963.1	48696021	0.002127	0.035784
NC_043963.1	51419909	0.001619	0.031497
NC_043963.1	51705905	0.000632	0.011183
NC_043963.1	52296534	0.000539	0.010443
NC_043963.1	52467671	0.001972	0.034988
NC_043963.1	52873157	0.000531	0.009448
NC_043963.1	52873322	0.001958	0.034830
NC_043963.1	52873336	0.002021	0.034757
NC_043963.1	52873343	0.001958	0.034165
NC_043963.1	52873385	0.001702	0.031691
NC_043963.1	53793232	0.000410	0.008938
NC_043963.1	53793697	0.001698	0.032729
NC_043963.1	54473760	0.005345	0.068770
NC_043963.1	54473761	0.002613	0.028097
NC_043963.1	54473764	0.000615	0.023234
NC_043963.1	54473770	0.000034	0.000467
NC_043963.1	54473774	0.000669	0.021827
NC_043963.1	54473779	0.000018	0.000352
NC_043963.1	54473780	0.000009	0.000176
NC_043963.1	54473781	0.000142	0.001944
NC_043963.1	54473787	0.024392	0.382888
NC_043963.1	54473790	0.000008	0.000166
NC_043963.1	54473793	0.000014	0.000266
NC_043963.1	54473800	0.009357	0.141706
NC_043963.1	54473801	0.000079	0.014975
NC_043963.1	54473805	0.006410	0.102118
NC_043963.1	54473812	0.002590	0.038092
NC_043963.1	54473817	0.002099	0.099637
NC_043963.1	54473821	0.006481	0.069142
NC_043963.1	54473822	0.001678	0.169537
NC_043963.1	54473823	0.009725	0.106420
NC_043963.1	54473824	0.041844	0.506393
NC_043963.1	54473825	0.000167	0.005425
NC_043963.1	54473829	0.030654	0.518367
NC_043963.1	54801605	0.001751	0.034170
NC_043963.1	54818657	0.000457	0.008063
NC_043963.1	54818669	0.001413	0.029028
NC_043963.1	54818852	0.000724	0.013467
NC_043963.1	55163707	0.000447	0.007886
NC_043963.1	55163713	0.000453	0.007965
NC_043963.1	55163722	0.000598	0.335478
NC_043963.1	55163891	0.001473	0.030117
NC_043963.1	55164242	0.000318	0.007275
NC_043963.1	55164286	0.000312	0.007371
NC_043963.1	55164322	0.002532	0.182546
NC_043963.1	55246599	0.001568	0.031397
NC_043963.1	55321950	0.000450	0.008823
NC_043963.1	55443305	0.002165	0.036154
NC_043963.1	55877036	0.000613	0.010871
NC_043963.1	56530527	0.012126	0.459397
NC_043963.1	56530573	0.019701	0.494688
NC_043963.1	56530587	0.000173	0.003688
NC_043963.1	56530605	0.000702	0.337906
NC_043963.1	56609703	0.000297	0.287946
NC_043963.1	56609890	0.000382	0.008639
NC_043963.1	56609912	0.001271	0.029080
NC_043963.1	56630928	0.000180	0.004845
NC_043963.1	56631808	0.008846	0.104021
NC_043963.1	56631824	0.000834	0.024761
NC_043963.1	56631851	0.000270	0.007404
NC_043963.1	56631885	0.001338	0.029396
NC_043963.1	56632162	0.000184	0.005503
NC_043963.1	56632179	0.000440	0.009199
NC_043963.1	56921762	0.005685	0.073968
NC_043963.1	57019633	0.012082	0.129406
NC_043963.1	57019644	0.007342	0.214314
NC_043963.1	57019680	0.006937	0.203514
NC_043963.1	57019857	0.000377	0.007191
NC_043963.1	57051167	0.019785	0.485247
NC_043963.1	57051184	0.000092	0.001884
NC_043963.1	57051190	0.005791	0.167132
NC_043963.1	57051228	0.000099	0.329365
NC_043963.1	57051252	0.014351	0.431757
NC_043963.1	57051278	0.000043	0.000884
NC_043963.1	57051279	0.000066	0.001071
NC_043963.1	57051306	0.010474	0.429704
NC_043963.1	57051342	0.000950	0.019165
NC_043963.1	57051344	0.033310	0.507594
NC_043963.1	57066200	0.000013	0.000282
NC_043963.1	57066730	-0.000985	0.253208
NC_043963.1	57066750	0.006535	0.086108
NC_043963.1	57066778	0.000373	0.192481
NC_043963.1	57068019	0.000402	0.009319
NC_043963.1	57068603	0.001868	0.425396
NC_043963.1	57096510	0.001640	0.282977
NC_043963.1	57096560	0.000980	0.254990
NC_043964.1	373	0.001146	0.027318
NC_043964.1	67320	0.006159	0.097001
NC_043964.1	67375	0.000027	0.000521
NC_043964.1	67379	0.000030	0.000550
NC_043964.1	67382	0.007124	0.136862
NC_043964.1	67413	0.035885	0.521259
NC_043964.1	67426	0.004040	0.053989
NC_043964.1	67446	0.000859	0.215873
NC_043964.1	86559	0.001607	0.031381
NC_043964.1	86844	0.000367	0.008336
NC_043964.1	239459	0.000197	0.005299
NC_043964.1	282084	0.002151	0.036010
NC_043964.1	282097	0.001990	0.034461
NC_043964.1	282107	0.000487	0.009524
NC_043964.1	282122	0.001688	0.032161
NC_043964.1	282205	0.009952	0.130322
NC_043964.1	388618	0.007284	0.426618
NC_043964.1	388818	0.000222	0.320301
NC_043964.1	388827	0.008987	0.378836
NC_043964.1	388844	0.001409	0.202679
NC_043964.1	388852	0.001218	0.194231
NC_043964.1	388861	0.010497	0.442286
NC_043964.1	388869	0.016479	0.442615
NC_043964.1	388878	0.012199	0.453991
NC_043964.1	388887	0.035410	0.503592
NC_043964.1	388913	0.006121	0.168635
NC_043964.1	388926	0.000235	0.002595
NC_043964.1	389996	0.000380	0.009270
NC_043964.1	731952	0.000531	0.011474
NC_043964.1	732416	0.004615	0.052614
NC_043964.1	732504	0.000242	0.005636
NC_043964.1	733471	0.000325	0.004833
NC_043964.1	733647	0.004255	0.439876
NC_043964.1	858959	0.000523	0.009314
NC_043964.1	905296	0.007569	0.086269
NC_043964.1	905308	0.012480	0.403238
NC_043964.1	905314	-0.001170	0.277468
NC_043964.1	905317	0.000698	0.210778
NC_043964.1	905323	0.019179	0.478752
NC_043964.1	905329	0.004686	0.203033
NC_043964.1	905332	-0.001092	0.377567
NC_043964.1	905338	0.035369	0.456170
NC_043964.1	905353	0.011753	0.101077
NC_043964.1	905359	0.004470	0.459964
NC_043964.1	905368	0.012822	0.505014
NC_043964.1	905374	0.023812	0.511535
NC_043964.1	906196	-0.000460	0.269136
NC_043964.1	906771	0.000462	0.317398
NC_043964.1	906780	0.007107	0.504224
NC_043964.1	906786	0.003236	0.369100
NC_043964.1	906795	0.000161	0.322410
NC_043964.1	1185786	0.001454	0.030930
NC_043964.1	1185789	0.001452	0.030900
NC_043964.1	1641820	0.000036	0.000491
NC_043964.1	1922329	0.001378	0.023131
NC_043964.1	1925845	0.008572	0.129423
NC_043964.1	1925915	0.001215	0.028475
NC_043964.1	1939611	0.000927	0.358710
NC_043964.1	1946207	0.000020	0.000379
NC_043964.1	1946226	0.000032	0.000428
NC_043964.1	1946247	0.000053	0.000614
NC_043964.1	1946384	0.000521	0.019266
NC_043964.1	1947326	0.003632	0.169419
NC_043964.1	1947334	0.000041	0.000472
NC_043964.1	1947348	0.010273	0.377573
NC_043964.1	1947358	0.001281	0.190087
NC_043964.1	1947366	0.000026	0.000592
NC_043964.1	1947383	0.000017	0.000291
NC_043964.1	1947390	-0.000994	0.288762
NC_043964.1	1947424	-0.000936	0.284208
NC_043964.1	1947432	0.000383	0.019032
NC_043964.1	1947706	0.000096	0.001251
NC_043964.1	1948196	0.005630	0.480822
NC_043964.1	1948204	0.000087	0.001755
NC_043964.1	1948211	0.000142	0.002588
NC_043964.1	2154492	0.000651	0.011489
NC_043964.1	2154556	0.000569	0.010532
NC_043964.1	2154592	0.005848	0.064816
NC_043964.1	2155040	0.000607	0.010767
NC_043964.1	2245910	0.000443	0.009569
NC_043964.1	2322594	0.000521	0.289055
NC_043964.1	2428385	0.001816	0.033409
NC_043964.1	2768863	0.001935	0.034241
NC_043964.1	2768879	0.002026	0.034807
NC_043964.1	2768880	0.000584	0.010374
NC_043964.1	2773547	0.000447	0.008774
NC_043964.1	2773584	0.000885	0.015043
NC_043964.1	2927215	0.001598	0.374618
NC_043964.1	3096726	0.001574	0.031645
NC_043964.1	3620339	0.001920	0.034454
NC_043964.1	3674526	0.000483	0.009435
NC_043964.1	3674848	0.000427	0.008368
NC_043964.1	3674946	0.000330	0.007012
NC_043964.1	3675041	0.003415	0.063836
NC_043964.1	3917631	0.001887	0.034120
NC_043964.1	3917782	0.001742	0.032686
NC_043964.1	4002653	0.001384	0.024390
NC_043964.1	4293661	0.006573	0.148662
NC_043964.1	4344825	0.007360	0.411307
NC_043964.1	4344836	0.001399	0.030734
NC_043964.1	4553150	0.000594	0.010554
NC_043964.1	4662158	0.001960	0.034870
NC_043964.1	4811733	0.002006	0.035340
NC_043964.1	4834274	0.002104	0.435417
NC_043964.1	4834290	0.000678	0.011920
NC_043964.1	4913476	0.000391	0.008845
NC_043964.1	4913506	0.000388	0.008494
NC_043964.1	4913614	0.001640	0.031239
NC_043964.1	4913668	0.001480	0.030189
NC_043964.1	4913740	0.006244	0.065062
NC_043964.1	5601013	0.004736	0.029093
NC_043964.1	5601017	0.036354	0.116483
NC_043964.1	5601018	0.033164	0.110519
NC_043964.1	5601028	0.003133	0.044918
NC_043964.1	5601038	0.000898	0.015362
NC_043964.1	5601096	0.001123	0.032163
NC_043964.1	5601098	0.000415	0.007162
NC_043964.1	5601101	0.000547	0.006141
NC_043964.1	5601106	0.000013	0.000234
NC_043964.1	5601108	0.000847	0.009808
NC_043964.1	5654555	0.000520	0.009257
NC_043964.1	5686325	0.002080	0.035672
NC_043964.1	5686333	0.002113	0.036006
NC_043964.1	5686742	0.002075	0.035274
NC_043964.1	5688936	0.001644	0.031733
NC_043964.1	5688954	0.001582	0.031149
NC_043964.1	5724244	0.000518	0.010955
NC_043964.1	5724250	0.001827	0.034396
NC_043964.1	5724340	0.005464	0.060740
NC_043964.1	5724411	0.001381	0.029975
NC_043964.1	5724486	0.001385	0.030354
NC_043964.1	6459240	0.002928	0.373441
NC_043964.1	6459283	0.000442	0.008671
NC_043964.1	6468947	0.001291	0.354276
NC_043964.1	6468994	0.000455	0.010078
NC_043964.1	6505890	0.000161	0.005324
NC_043964.1	6505926	0.000099	0.002971
NC_043964.1	6505957	0.000922	0.235607
NC_043964.1	6541470	0.000548	0.009747
NC_043964.1	6594016	0.000485	0.010116
NC_043964.1	6613958	0.000418	0.009812
NC_043964.1	6658455	0.000353	0.008043
NC_043964.1	6659358	0.001499	0.030867
NC_043964.1	6684495	0.001867	0.033917
NC_043964.1	6689497	0.001543	0.029337
NC_043964.1	6693598	0.001566	0.032518
NC_043964.1	6693738	0.001831	0.033556
NC_043964.1	6693759	0.002141	0.035912
NC_043964.1	6696461	0.000467	0.008256
NC_043964.1	7074027	0.001773	0.032983
NC_043964.1	7165310	0.000246	0.007570
NC_043964.1	7204623	0.009758	0.092479
NC_043964.1	7212213	0.000440	0.009726
NC_043964.1	7213609	0.001604	0.031760
NC_043964.1	7213625	0.001599	0.031714
NC_043964.1	7263912	0.002090	0.035425
NC_043964.1	7471123	0.000357	0.008996
NC_043964.1	7472068	0.001157	0.027765
NC_043964.1	7472078	0.001291	0.029132
NC_043964.1	7639113	0.001498	0.031116
NC_043964.1	7639178	0.000569	0.011585
NC_043964.1	7868968	0.001872	0.033965
NC_043964.1	7881901	0.001402	0.029757
NC_043964.1	8106948	0.000348	0.008283
NC_043964.1	8117274	0.000560	0.009971
NC_043964.1	8126304	0.005651	0.063112
NC_043964.1	8126316	0.000498	0.010026
NC_043964.1	8158729	0.039972	0.279678
NC_043964.1	8158861	0.000497	0.010326
NC_043964.1	8176238	0.002177	0.036270
NC_043964.1	8176534	0.001167	0.019242
NC_043964.1	8176555	0.000669	0.012713
NC_043964.1	8202129	0.000486	0.008624
NC_043964.1	8291648	0.000357	0.008792
NC_043964.1	8311866	0.000474	0.008395
NC_043964.1	8455308	0.000778	0.015014
NC_043964.1	8479295	0.000557	0.012401
NC_043964.1	8509603	0.001957	0.034836
NC_043964.1	8509680	0.006119	0.188261
NC_043964.1	8803247	0.001390	0.029340
NC_043964.1	8989532	0.001930	0.033901
NC_043964.1	8989667	0.000538	0.009578
NC_043964.1	9393288	0.001326	0.029128
NC_043964.1	9393301	0.000294	0.007078
NC_043964.1	9393566	0.000265	0.320153
NC_043964.1	9393683	0.001407	0.029800
NC_043964.1	9393845	0.000285	0.007278
NC_043964.1	9393852	0.000243	0.006252
NC_043964.1	9393901	0.001135	0.027455
NC_043964.1	9393997	0.001322	0.029317
NC_043964.1	9458696	0.000535	0.010954
NC_043964.1	9845625	0.000497	0.009699
NC_043964.1	9845744	0.000317	0.008904
NC_043964.1	9876365	0.000362	0.007523
NC_043964.1	9876401	0.001685	0.032061
NC_043964.1	9926481	0.012612	0.489524
NC_043964.1	9935414	0.000035	0.377041
NC_043964.1	9935461	0.007142	0.495721
NC_043964.1	9935848	-0.000444	0.365191
NC_043964.1	9936035	0.044161	0.297489
NC_043964.1	9936053	0.003085	0.274224
NC_043964.1	9936058	0.000324	0.007269
NC_043964.1	9936663	0.002081	0.352744
NC_043964.1	9992101	0.009297	0.438353
NC_043964.1	9992115	0.001431	0.359061
NC_043964.1	10059774	0.000576	0.348879
NC_043964.1	10059780	0.000515	0.010014
NC_043964.1	10059811	0.007664	0.094144
NC_043964.1	10124367	0.000952	0.016016
NC_043964.1	10124380	0.002095	0.036280
NC_043964.1	10707091	0.001567	0.031392
NC_043964.1	10707656	0.001662	0.031440
NC_043964.1	10708053	0.015388	0.464932
NC_043964.1	10708086	0.000924	0.025490
NC_043964.1	10708361	0.004952	0.473528
NC_043964.1	11820678	0.006555	0.217978
NC_043964.1	12115575	0.005443	0.047148
NC_043964.1	12115707	0.000201	0.004555
NC_043964.1	12210628	0.000571	0.010148
NC_043964.1	12210792	0.001723	0.031996
NC_043964.1	12503712	0.001061	0.017606
NC_043964.1	12947272	0.002000	0.034560
NC_043964.1	14491417	0.000546	0.010567
NC_043964.1	14695956	0.002439	0.415112
NC_043964.1	14695962	0.011607	0.115501
NC_043964.1	14826845	0.000506	0.010487
NC_043964.1	15091302	0.005694	0.052696
NC_043964.1	15917535	0.000089	0.289188
NC_043964.1	15920856	0.000410	0.008691
NC_043964.1	16136499	0.001568	0.018186
NC_043964.1	16152345	0.000367	0.008550
NC_043964.1	16152428	0.001543	0.031144
NC_043964.1	16156605	0.034931	0.282608
NC_043964.1	16156680	0.000394	0.008749
NC_043964.1	16156704	0.000442	0.008986
NC_043964.1	16157041	0.002817	0.366982
NC_043964.1	16171094	0.001949	0.034376
NC_043964.1	16171143	0.006588	0.063948
NC_043964.1	16421021	0.000777	0.013932
NC_043964.1	16423723	0.000645	0.011392
NC_043964.1	16424503	0.001441	0.021772
NC_043964.1	16424519	0.000472	0.008354
NC_043964.1	16424859	0.000721	0.012599
NC_043964.1	16424860	0.005296	0.169351
NC_043964.1	16425170	0.001065	0.017668
NC_043964.1	16425236	0.004577	0.046191
NC_043964.1	16425424	0.008969	0.423402
NC_043964.1	16425470	0.000264	0.006466
NC_043964.1	16425513	0.001531	0.030270
NC_043964.1	16425560	0.000484	0.009022
NC_043964.1	16425743	0.000123	0.003344
NC_043964.1	16425746	0.000586	0.018379
NC_043964.1	16425753	0.001191	0.019631
NC_043964.1	16425789	0.009189	0.439567
NC_043964.1	16425848	0.000270	0.006584
NC_043964.1	16425880	0.007906	0.082376
NC_043964.1	16427240	0.000413	0.008100
NC_043964.1	16428391	0.001601	0.031695
NC_043964.1	16429382	0.000228	0.006237
NC_043964.1	16429387	0.005805	0.080459
NC_043964.1	16429402	0.001287	0.023169
NC_043964.1	16766302	0.000323	0.008542
NC_043964.1	17020297	0.000242	0.006093
NC_043964.1	17020316	0.000406	0.008614
NC_043964.1	17802588	0.000271	0.005522
NC_043964.1	18303136	0.000210	0.006857
NC_043964.1	18303178	0.008747	0.156508
NC_043964.1	18803913	0.000488	0.009534
NC_043964.1	18803946	0.001930	0.033899
NC_043964.1	18803968	0.000510	0.009073
NC_043964.1	18804236	0.000764	0.013243
NC_043964.1	18804720	0.001929	0.034550
NC_043964.1	18804729	0.012059	0.128423
NC_043964.1	18860107	0.001715	0.032420
NC_043964.1	18860343	0.000415	0.008130
NC_043964.1	18860464	0.000461	0.009026
NC_043964.1	19330973	0.001809	0.033595
NC_043964.1	20392126	0.011637	0.104238
NC_043964.1	20608488	0.000429	0.009794
NC_043964.1	20609073	0.009047	0.097237
NC_043964.1	21456542	0.001505	0.030775
NC_043964.1	21583820	0.001760	0.033384
NC_043964.1	22100310	0.007369	0.090074
NC_043964.1	22264698	0.001623	0.031093
NC_043964.1	23481439	0.001068	0.026999
NC_043964.1	23492087	0.001972	0.034294
NC_043964.1	23492241	0.001756	0.033343
NC_043964.1	23492248	0.001819	0.034013
NC_043964.1	23500757	0.002173	0.036229
NC_043964.1	24515115	0.000382	0.009106
NC_043964.1	24515135	0.004748	0.059639
NC_043964.1	24582157	0.002035	0.035648
NC_043964.1	25359348	-0.000166	0.300490
NC_043964.1	25359363	0.000613	0.320754
NC_043964.1	25359369	0.000084	0.310777
NC_043964.1	25526141	0.001470	0.030664
NC_043964.1	25634457	0.001764	0.032899
NC_043964.1	25634510	0.001770	0.033495
NC_043964.1	25669833	0.001603	0.264489
NC_043964.1	25669838	0.000227	0.279665
NC_043964.1	25876690	0.000467	0.009622
NC_043964.1	25884263	0.001989	0.035163
NC_043964.1	25884264	0.001971	0.034981
NC_043964.1	25887725	0.001556	0.032134
NC_043964.1	26306806	0.000490	0.010576
NC_043964.1	26360235	0.000551	0.010658
NC_043964.1	26668244	0.000464	0.010463
NC_043964.1	27450356	0.002075	0.035277
NC_043964.1	27725401	0.006558	0.181866
NC_043964.1	28094762	0.011544	0.173121
NC_043964.1	28094767	0.000770	0.016021
NC_043964.1	29272763	0.001231	0.021860
NC_043964.1	29876077	0.000589	0.011290
NC_043964.1	29876334	0.022123	0.482482
NC_043964.1	29876335	0.018888	0.478465
NC_043964.1	29876426	0.002976	0.048203
NC_043964.1	29876434	0.001213	0.029022
NC_043964.1	29876535	0.007443	0.097455
NC_043964.1	29876560	0.008382	0.133714
NC_043964.1	29876578	0.009419	0.120266
NC_043964.1	30085317	0.000488	0.010172
NC_043964.1	30085470	0.000495	0.010537
NC_043964.1	30085586	0.007285	0.069281
NC_043964.1	30086073	0.001993	0.034809
NC_043964.1	32476616	0.002081	0.036132
NC_043964.1	32610123	0.002148	0.037669
NC_043964.1	32623311	0.000467	0.009136
NC_043964.1	32623408	0.009006	0.452915
NC_043964.1	34073712	0.000407	0.008616
NC_043964.1	36435281	0.000514	0.010009
NC_043964.1	36435290	0.000526	0.010212
NC_043964.1	36435297	0.001916	0.034416
NC_043964.1	36854050	0.002362	0.038134
NC_043964.1	36922540	0.001908	0.034334
NC_043964.1	37294401	0.000619	0.010971
NC_043964.1	37294422	0.007230	0.190622
NC_043964.1	37295470	0.000392	0.008846
NC_043964.1	37295543	0.000282	0.006903
NC_043964.1	37410599	0.015655	0.505661
NC_043964.1	37530643	0.000307	0.006888
NC_043964.1	37530656	0.001239	0.028554
NC_043964.1	37530667	0.001360	0.029592
NC_043964.1	37530801	0.000208	0.005760
NC_043964.1	37530885	0.000580	0.010309
NC_043964.1	37530931	0.000476	0.009320
NC_043964.1	37581949	0.001617	0.031476
NC_043964.1	37712940	0.001731	0.032517
NC_043964.1	37714524	0.001943	0.034026
NC_043964.1	37714675	0.001574	0.031066
NC_043964.1	38024901	0.000593	0.010539
NC_043964.1	38250930	0.002232	0.037792
NC_043964.1	38252929	0.007343	0.086132
NC_043964.1	38253540	0.001562	0.030960
NC_043964.1	38253555	0.001501	0.030384
NC_043964.1	38574328	0.000375	0.007814
NC_043964.1	38574441	0.000379	0.007407
NC_043964.1	38574579	0.000410	0.007101
NC_043964.1	38910175	0.002051	0.035046
NC_043964.1	38964324	0.002077	0.035642
NC_043964.1	40874199	0.002035	0.034897
NC_043964.1	40903146	0.000548	0.009761
NC_043964.1	40903159	0.001967	0.034247
NC_043964.1	42979307	0.002196	0.036455
NC_043964.1	42979313	0.000637	0.011260
NC_043964.1	43537226	0.001865	0.034527
NC_043964.1	43573068	0.001536	0.031467
NC_043964.1	43573147	0.001814	0.033966
NC_043964.1	43762815	0.001982	0.035094
NC_043964.1	43762825	0.001989	0.035166
NC_043964.1	46347361	0.005893	0.054691
NC_043964.1	48777152	0.001988	0.034450
NC_043964.1	48777479	0.000383	0.007479
NC_043964.1	48777884	0.000535	0.009530
NC_043964.1	48777897	0.001924	0.033843
NC_043964.1	48777906	0.001951	0.034096
NC_043964.1	49292618	0.008447	0.091162
NC_043964.1	49811825	0.001031	0.024123
NC_043964.1	49885082	0.002306	0.037560
NC_043964.1	51078062	0.002100	0.035516
NC_043964.1	51078082	0.000431	0.008450
NC_043964.1	51078138	0.001896	0.033583
NC_043964.1	51173790	0.011486	0.101634
NC_043964.1	51173815	0.001723	0.032995
NC_043964.1	51193389	0.002043	0.034973
NC_043964.1	51449631	0.002100	0.035517
NC_043964.1	51789966	0.000225	0.004836
NC_043964.1	51790044	0.001907	0.030484
NC_043964.1	51831697	0.000553	0.010690
NC_043964.1	51858212	0.000906	0.293400
NC_043964.1	51860676	0.004488	0.050296
NC_043964.1	51958376	0.001810	0.034203
NC_043964.1	51958380	0.000506	0.010731
NC_043964.1	52002338	0.000272	0.005442
NC_043964.1	52422341	0.007338	0.470354
NC_043964.1	52422342	0.009337	0.498008
NC_043964.1	52875141	0.000254	0.005754
NC_043964.1	52875154	0.001228	0.028086
NC_043964.1	52875189	0.001706	0.031821
NC_043964.1	52979315	0.001928	0.034539
NC_043964.1	52979420	0.000565	0.010046
NC_043964.1	53442418	0.001278	0.029073
NC_043964.1	53442766	0.000414	0.009498
NC_043964.1	53707029	0.002842	0.399887
NC_043964.1	53708432	0.000325	0.006190
NC_043964.1	53708768	0.001281	0.021192
NC_043964.1	53716131	0.001703	0.032515
NC_043964.1	54065006	0.000916	0.016798
NC_043964.1	54068333	0.000453	0.009728
NC_043964.1	54068346	0.000375	0.008912
NC_043964.1	54068392	0.006078	0.214773
NC_043964.1	54068406	0.000322	0.006818
NC_043964.1	54196272	0.001123	0.025943
NC_043964.1	54196335	0.001150	0.027525
NC_043964.1	54196341	0.000261	0.005925
NC_043964.1	54244528	0.000588	0.010449
NC_043964.1	54331001	0.002166	0.036163
NC_043964.1	55158719	0.000395	0.008915
NC_043964.1	55158738	0.000615	0.010904
NC_043964.1	55194908	0.001279	0.027260
NC_043964.1	55419053	0.001842	0.367913
NC_043964.1	55419079	0.000999	0.022403
NC_043964.1	55419166	0.000630	0.014379
NC_043964.1	55419173	0.000628	0.482792
NC_043964.1	55419229	0.000321	0.009900
NC_043964.1	55419251	0.000906	0.021019
NC_043964.1	55419275	0.000056	0.002144
NC_043964.1	55419289	0.000034	0.001473
NC_043964.1	55419309	0.000035	0.001729
NC_043964.1	55419329	0.000026	0.001127
NC_043964.1	55422167	0.000077	0.001313
NC_043964.1	55422203	0.000113	0.002910
NC_043964.1	55422217	0.000605	0.021109
NC_043964.1	55422237	0.000127	0.002956
NC_043964.1	55424649	0.000035	0.001227
NC_043964.1	55424669	0.000029	0.001045
NC_043964.1	55424670	0.004353	0.118807
NC_043964.1	55424689	0.000024	0.000992
NC_043964.1	55424773	0.000066	0.002439
NC_043964.1	55425697	0.000504	0.021289
NC_043964.1	55425727	0.000039	0.001098
NC_043964.1	55427470	0.000256	0.006898
NC_043964.1	55427540	0.000366	0.019479
NC_043964.1	55427584	0.000076	0.002899
NC_043964.1	55427998	0.000031	0.001273
NC_043964.1	55428000	0.004308	0.110948
NC_043964.1	55428008	0.000025	0.001295
NC_043964.1	55428569	0.000012	0.000301
NC_043964.1	55428593	0.000013	0.000295
NC_043964.1	55428599	0.000011	0.000223
NC_043964.1	55428633	0.000520	0.021067
NC_043964.1	55428640	0.007053	0.083159
NC_043964.1	55428653	0.000015	0.000318
NC_043964.1	55428673	0.000020	0.000392
NC_043964.1	55428681	0.005002	0.430196
NC_043964.1	55435290	0.000016	0.000347
NC_043964.1	55435294	0.000171	0.002330
NC_043964.1	55435298	0.000012	0.000281
NC_043964.1	55435314	0.000013	0.000322
NC_043964.1	55435326	0.000011	0.000250
NC_043964.1	55435330	0.000010	0.000250
NC_043964.1	55435334	0.000011	0.000286
NC_043964.1	55435344	0.000012	0.000262
NC_043964.1	55435354	0.000012	0.000295
NC_043964.1	55523352	0.009655	0.428490
NC_043964.1	55523363	0.000446	0.009306
NC_043964.1	55627446	0.000916	0.024859
NC_043964.1	55768464	0.011358	0.385787
NC_043964.1	55768465	0.000089	0.000816
NC_043964.1	55768472	0.000047	0.000517
NC_043964.1	55768488	0.000238	0.009309
NC_043964.1	55768502	0.000101	0.001366
NC_043964.1	55768525	0.035724	0.509974
NC_043964.1	55768526	0.000236	0.006832
NC_043964.1	55768534	0.000070	0.000633
NC_043965.1	38241	0.000247	0.006861
NC_043965.1	38286	0.003623	0.222799
NC_043965.1	38303	0.000377	0.008272
NC_043965.1	51331	0.000367	0.008549
NC_043965.1	51490	0.003084	0.238014
NC_043965.1	51519	0.003254	0.441532
NC_043965.1	51521	0.001372	0.388808
NC_043965.1	51536	0.004630	0.194223
NC_043965.1	51657	0.001038	0.026159
NC_043965.1	51947	0.001699	0.032746
NC_043965.1	52030	0.000273	0.006685
NC_043965.1	85437	0.007251	0.069008
NC_043965.1	144401	0.000352	0.007972
NC_043965.1	221107	0.000102	0.001068
NC_043965.1	221160	0.008544	0.126413
NC_043965.1	276369	0.007558	0.104865
NC_043965.1	276742	0.001286	0.027541
NC_043965.1	276820	0.000253	0.005060
NC_043965.1	276859	0.005093	0.062184
NC_043965.1	311133	0.000562	0.009997
NC_043965.1	311182	0.001826	0.032940
NC_043965.1	326323	0.006072	0.060191
NC_043965.1	354010	0.000055	0.001297
NC_043965.1	354020	0.000012	0.000219
NC_043965.1	354023	-0.000811	0.372292
NC_043965.1	354031	0.002277	0.170523
NC_043965.1	354032	0.000011	0.000320
NC_043965.1	354039	0.000103	0.001717
NC_043965.1	354048	0.000195	0.018083
NC_043965.1	354050	-0.001755	0.491082
NC_043965.1	354054	0.000293	0.004137
NC_043965.1	354055	0.000006	0.000127
NC_043965.1	354065	0.000014	0.000261
NC_043965.1	354067	0.000280	0.018562
NC_043965.1	354068	0.000008	0.000157
NC_043965.1	354069	0.000037	0.007564
NC_043965.1	354070	0.000006	0.000139
NC_043965.1	354078	0.000009	0.000211
NC_043965.1	354087	0.000219	0.017706
NC_043965.1	354090	0.000009	0.000179
NC_043965.1	354092	0.000010	0.000200
NC_043965.1	354102	0.027440	0.096794
NC_043965.1	363836	0.000315	0.008100
NC_043965.1	363840	0.001051	0.027112
NC_043965.1	374938	0.001612	0.030398
NC_043965.1	391414	0.001948	0.034069
NC_043965.1	391488	0.001908	0.034334
NC_043965.1	405822	0.000384	0.008356
NC_043965.1	453750	0.001879	0.034676
NC_043965.1	794769	0.002141	0.035916
NC_043965.1	794858	0.001934	0.033938
NC_043965.1	794968	0.000655	0.011549
NC_043965.1	840497	0.001353	0.029500
NC_043965.1	854406	0.001593	0.032301
NC_043965.1	854407	0.001524	0.031725
NC_043965.1	881702	0.001929	0.034536
NC_043965.1	1145663	0.001415	0.029887
NC_043965.1	1182228	0.001572	0.031050
NC_043965.1	1182967	0.001022	0.025930
NC_043965.1	1183944	0.000284	0.006148
NC_043965.1	1183982	0.000424	0.008312
NC_043965.1	1212152	0.001966	0.034547
NC_043965.1	1258815	0.007710	0.235073
NC_043965.1	1258832	0.001919	0.034445
NC_043965.1	1363711	0.000579	0.010288
NC_043965.1	1365296	0.000571	0.010996
NC_043965.1	1372823	0.000479	0.009366
NC_043965.1	1372839	0.001768	0.032942
NC_043965.1	1421709	0.001798	0.033232
NC_043965.1	1508632	0.000282	0.005150
NC_043965.1	1508830	0.000415	0.007891
NC_043965.1	1508895	0.000414	0.009289
NC_043965.1	1701053	0.002156	0.036061
NC_043965.1	1701741	0.000635	0.011221
NC_043965.1	1701762	0.000729	0.012719
NC_043965.1	1818119	0.006348	0.389434
NC_043965.1	1818129	-0.000153	0.255005
NC_043965.1	1818197	0.013364	0.505857
NC_043965.1	1855331	0.001046	0.019660
NC_043965.1	2121754	0.001657	0.032308
NC_043965.1	2121828	0.001941	0.033869
NC_043965.1	2122020	0.000492	0.009599
NC_043965.1	2344141	0.000436	0.008548
NC_043965.1	2344204	0.001722	0.032483
NC_043965.1	2590543	0.000539	0.010012
NC_043965.1	2590607	0.000500	0.009744
NC_043965.1	2590669	0.002094	0.035458
NC_043965.1	2591863	0.002049	0.035029
NC_043965.1	2591875	0.000560	0.009969
NC_043965.1	2638677	0.002021	0.034755
NC_043965.1	2931902	0.000101	0.001028
NC_043965.1	2931905	0.000094	0.001192
NC_043965.1	2931912	0.000051	0.000747
NC_043965.1	2931928	0.008212	0.149015
NC_043965.1	2931933	0.000030	0.001218
NC_043965.1	2931944	0.000018	0.000278
NC_043965.1	2931952	0.002630	0.174991
NC_043965.1	2931955	0.000061	0.000840
NC_043965.1	2931966	0.000016	0.000262
NC_043965.1	2931976	0.002798	0.044330
NC_043965.1	2931979	0.000025	0.000340
NC_043965.1	2931992	0.005280	0.119320
NC_043965.1	2932000	0.007793	0.413700
NC_043965.1	2932002	0.005894	0.076374
NC_043965.1	2932003	0.000648	0.022589
NC_043965.1	2932013	0.013733	0.106503
NC_043965.1	2932022	0.000140	0.300925
NC_043965.1	2932281	0.000057	0.000555
NC_043965.1	2932292	0.000027	0.000382
NC_043965.1	2932305	0.000011	0.000208
NC_043965.1	2932315	0.000010	0.000200
NC_043965.1	2932316	0.000368	0.004639
NC_043965.1	2932327	0.000013	0.000241
NC_043965.1	2932338	0.000011	0.000210
NC_043965.1	2932351	0.000380	0.006282
NC_043965.1	2932361	0.003395	0.053858
NC_043965.1	2932362	0.000024	0.000330
NC_043965.1	2932373	0.000043	0.000462
NC_043965.1	2932523	0.003083	0.046242
NC_043965.1	2932534	0.000039	0.000539
NC_043965.1	2932545	0.000029	0.000377
NC_043965.1	2932558	0.000860	0.005063
NC_043965.1	3262666	0.001878	0.034033
NC_043965.1	3262797	0.000461	0.009661
NC_043965.1	3487256	0.001783	0.033082
NC_043965.1	3681563	0.000568	0.010113
NC_043965.1	3681792	0.000448	0.009420
NC_043965.1	3913839	0.001879	0.034046
NC_043965.1	4083816	0.000539	0.010010
NC_043965.1	4143881	0.000342	0.006070
NC_043965.1	4143964	0.000255	0.006221
NC_043965.1	4144015	0.024887	0.502930
NC_043965.1	4178236	0.000532	0.009467
NC_043965.1	4216197	0.000605	0.011569
NC_043965.1	4216204	0.000369	0.008321
NC_043965.1	4258140	0.000577	0.012499
NC_043965.1	4752561	0.001507	0.031151
NC_043965.1	4753097	0.000814	0.014860
NC_043965.1	4793002	0.006746	0.162748
NC_043965.1	4815862	0.009034	0.090627
NC_043965.1	4815907	0.001604	0.031727
NC_043965.1	4817337	0.006717	0.229143
NC_043965.1	4817350	0.016433	0.282795
NC_043965.1	4817581	0.007661	0.438613
NC_043965.1	4817620	0.003372	0.049547
NC_043965.1	4817635	0.013614	0.505041
NC_043965.1	4817781	0.000542	0.010796
NC_043965.1	4817796	0.000421	0.009647
NC_043965.1	5110718	0.019365	0.501612
NC_043965.1	5163855	0.001997	0.034528
NC_043965.1	5239550	0.002357	0.038803
NC_043965.1	5239566	0.008288	0.125222
NC_043965.1	5240981	0.000227	0.006670
NC_043965.1	5240987	0.002313	0.182618
NC_043965.1	5404630	0.001912	0.034847
NC_043965.1	5497805	0.013081	0.129201
NC_043965.1	5498000	0.000485	0.010113
NC_043965.1	5627523	0.000636	0.011247
NC_043965.1	5679611	0.008024	0.120504
NC_043965.1	5725072	0.008485	0.091011
NC_043965.1	5725135	0.001607	0.032164
NC_043965.1	5739602	0.000699	0.012379
NC_043965.1	5739610	0.000513	0.009550
NC_043965.1	5739853	0.001670	0.032310
NC_043965.1	5740026	0.000863	0.014718
NC_043965.1	5810014	0.000464	0.009088
NC_043965.1	5871393	0.000189	0.003221
NC_043965.1	5871421	-0.000335	0.343140
NC_043965.1	5871468	0.000203	0.002542
NC_043965.1	5871657	0.000368	0.005754
NC_043965.1	5872713	0.003718	0.051140
NC_043965.1	5873325	0.008956	0.461015
NC_043965.1	5873373	0.010688	0.134873
NC_043965.1	5873917	0.005536	0.174545
NC_043965.1	5874687	0.000513	0.021401
NC_043965.1	5874689	0.000084	0.002702
NC_043965.1	5874692	0.000077	0.002542
NC_043965.1	5875479	0.001453	0.030804
NC_043965.1	5875494	0.000536	0.010373
NC_043965.1	5875796	0.001039	0.026237
NC_043965.1	5875811	0.000303	0.005601
NC_043965.1	5875840	0.006498	0.175121
NC_043965.1	5875860	0.000320	0.005956
NC_043965.1	5876198	0.005002	0.116057
NC_043965.1	5876258	0.005482	0.060391
NC_043965.1	5876617	0.007335	0.081434
NC_043965.1	5876643	0.003761	0.050480
NC_043965.1	5876751	0.006584	0.080546
NC_043965.1	5877018	0.008909	0.157030
NC_043965.1	6340052	0.002024	0.034785
NC_043965.1	6340111	0.000530	0.009443
NC_043965.1	6691915	0.000675	0.012809
NC_043965.1	7020345	0.001576	0.031479
NC_043965.1	7021070	0.002161	0.035838
NC_043965.1	7021142	0.001228	0.020246
NC_043965.1	7021243	0.000721	0.012881
NC_043965.1	7021366	0.000509	0.009922
NC_043965.1	7123651	0.000305	0.006961
NC_043965.1	7124501	0.002249	0.208508
NC_043965.1	7124508	0.001841	0.213725
NC_043965.1	7124547	0.007383	0.070566
NC_043965.1	7124566	-0.000701	0.259468
NC_043965.1	7124600	0.002194	0.039496
NC_043965.1	7124610	0.001835	0.036298
NC_043965.1	7124617	0.001041	0.220082
NC_043965.1	7142142	0.001545	0.031760
NC_043965.1	7142196	0.000408	0.009170
NC_043965.1	7142926	0.002017	0.034720
NC_043965.1	7227993	0.000626	0.011104
NC_043965.1	7366393	0.001564	0.031763
NC_043965.1	7366499	0.000779	0.016917
NC_043965.1	7366524	0.000558	0.011654
NC_043965.1	7397102	0.001930	0.033899
NC_043965.1	7397211	0.005334	0.057950
NC_043965.1	7547449	0.001761	0.032339
NC_043965.1	7547511	0.033811	0.105425
NC_043965.1	7933262	0.000954	0.370429
NC_043965.1	8964712	0.001412	0.029209
NC_043965.1	9475199	0.001869	0.033939
NC_043965.1	9760598	0.010872	0.466041
NC_043965.1	9760607	0.001669	0.031977
NC_043965.1	9760608	0.008701	0.496774
NC_043965.1	9979346	0.001541	0.025112
NC_043965.1	10153527	0.001876	0.383045
NC_043965.1	10153643	0.000667	0.013278
NC_043965.1	10153696	0.001770	0.032421
NC_043965.1	10255830	0.000420	0.008873
NC_043965.1	10255832	0.000422	0.008917
NC_043965.1	10498868	0.001865	0.033298
NC_043965.1	10747917	0.000598	0.011445
NC_043965.1	10829377	0.000383	0.009437
NC_043965.1	10849604	0.000594	0.012387
NC_043965.1	10849611	0.000531	0.011775
NC_043965.1	10906568	0.000559	0.009950
NC_043965.1	10906833	0.001618	0.031040
NC_043965.1	10906837	0.001649	0.031323
NC_043965.1	10906969	0.001796	0.032661
NC_043965.1	10908214	0.006467	0.063041
NC_043965.1	10938596	0.000430	0.007513
NC_043965.1	10938631	0.001575	0.030656
NC_043965.1	10938714	0.001324	0.029000
NC_043965.1	10938738	0.000309	0.006521
NC_043965.1	10938814	0.000459	0.009001
NC_043965.1	10938853	0.013949	0.504755
NC_043965.1	11018186	0.000525	0.009353
NC_043965.1	11053759	0.006633	0.064255
NC_043965.1	11053853	0.011722	0.461949
NC_043965.1	11053854	0.011173	0.459084
NC_043965.1	11912470	0.001938	0.034641
NC_043965.1	11912551	0.001133	0.027607
NC_043965.1	11912853	0.000545	0.010544
NC_043965.1	11983579	0.000473	0.010402
NC_043965.1	12077383	0.006091	0.067107
NC_043965.1	12696986	0.004503	0.060381
NC_043965.1	12697012	0.000037	0.000548
NC_043965.1	12697162	0.000258	0.017486
NC_043965.1	12697198	0.000296	0.018833
NC_043965.1	12697214	0.000033	0.000838
NC_043965.1	13020090	0.002125	0.035767
NC_043965.1	13132903	0.001723	0.032989
NC_043965.1	13570008	0.011641	0.103903
NC_043965.1	13570331	0.001631	0.031164
NC_043965.1	13570826	0.003860	0.032838
NC_043965.1	13570844	0.001913	0.390498
NC_043965.1	13571186	0.001284	0.028094
NC_043965.1	13571551	0.000470	0.008423
NC_043965.1	13571580	0.000369	0.005913
NC_043965.1	14312925	0.000390	0.009025
NC_043965.1	14373663	0.014248	0.504600
NC_043965.1	14373853	0.001785	0.033343
NC_043965.1	14737126	0.001866	0.033912
NC_043965.1	14999695	0.001700	0.031780
NC_043965.1	15078793	0.006152	0.062350
NC_043965.1	15354158	0.001554	0.031654
NC_043965.1	15402289	0.004616	0.146675
NC_043965.1	15402311	0.000033	0.001649
NC_043965.1	16211255	0.001645	0.032895
NC_043965.1	16211890	0.000324	0.007704
NC_043965.1	16942404	0.002138	0.036752
NC_043965.1	16943898	0.001407	0.030101
NC_043965.1	16943919	0.001346	0.029475
NC_043965.1	16944382	-0.000108	0.260698
NC_043965.1	16944407	0.004155	0.053095
NC_043965.1	16944468	0.009569	0.151263
NC_043965.1	16944661	0.004850	0.058262
NC_043965.1	16944730	0.002140	0.035903
NC_043965.1	17177509	0.002217	0.036665
NC_043965.1	17203629	0.001661	0.031429
NC_043965.1	17203981	-0.000227	0.373180
NC_043965.1	17204007	0.000508	0.009901
NC_043965.1	17204011	0.012607	0.465391
NC_043965.1	17204121	0.004033	0.448109
NC_043965.1	17205155	0.005413	0.058544
NC_043965.1	17205272	0.000433	0.010113
NC_043965.1	17273095	0.000556	0.009892
NC_043965.1	18044513	0.000626	0.011089
NC_043965.1	18170631	0.000623	0.011032
NC_043965.1	18170639	0.000616	0.010908
NC_043965.1	18170751	0.001931	0.034206
NC_043965.1	18170835	0.002225	0.036743
NC_043965.1	19349405	0.000120	0.001687
NC_043965.1	19349462	0.000208	0.002842
NC_043965.1	19366333	0.002085	0.036172
NC_043965.1	19831295	0.000664	0.011702
NC_043965.1	20048259	0.000505	0.010473
NC_043965.1	20048295	0.001838	0.034219
NC_043965.1	20213774	0.000516	0.010036
NC_043965.1	20213779	0.001947	0.034061
NC_043965.1	20213933	0.007110	0.205439
NC_043965.1	20777062	0.002094	0.035462
NC_043965.1	20958831	0.000171	0.004745
NC_043965.1	20958834	0.000830	0.023109
NC_043965.1	20958863	0.000896	0.023077
NC_043965.1	20959001	0.009775	0.446087
NC_043965.1	21508071	0.000623	0.011032
NC_043965.1	22229985	0.003244	0.397393
NC_043965.1	22421679	0.002213	0.036634
NC_043965.1	22632877	0.001576	0.030667
NC_043965.1	22632925	0.000479	0.008495
NC_043965.1	22633095	0.005432	0.202925
NC_043965.1	22867814	0.002080	0.035326
NC_043965.1	23065026	0.002280	0.037298
NC_043965.1	23507911	0.002080	0.036120
NC_043965.1	24040696	0.001826	0.033508
NC_043965.1	24217105	0.000613	0.011700
NC_043965.1	24329040	0.000455	0.008908
NC_043965.1	24329068	0.000475	0.009289
NC_043965.1	24329344	0.000696	0.012200
NC_043965.1	24329441	0.000455	0.009551
NC_043965.1	24606614	0.001666	0.032404
NC_043965.1	25039703	0.000627	0.011092
NC_043965.1	25349270	0.001852	0.034375
NC_043965.1	25444931	0.000554	0.010699
NC_043965.1	25577488	0.001536	0.031083
NC_043965.1	25577549	0.001937	0.033967
NC_043965.1	25630785	0.001570	0.031829
NC_043965.1	25630804	0.000432	0.009629
NC_043965.1	25631496	0.001874	0.034614
NC_043965.1	28075102	0.000462	0.009051
NC_043965.1	30532132	0.000562	0.010844
NC_043965.1	32271104	0.001675	0.031761
NC_043965.1	32271190	0.002029	0.035577
NC_043965.1	32277087	0.000367	0.008548
NC_043965.1	34422102	0.001966	0.034924
NC_043965.1	37173527	0.001633	0.032064
NC_043965.1	37173562	0.000394	0.008882
NC_043965.1	37230828	0.001333	0.362809
NC_043965.1	37230838	0.000455	0.009552
NC_043965.1	37262381	0.000493	0.010257
NC_043965.1	37645112	0.000759	0.013162
NC_043965.1	38622625	0.001851	0.033755
NC_043965.1	38622645	0.006136	0.064185
NC_043965.1	38622649	0.000501	0.009770
NC_043965.1	39640177	0.000753	0.013069
NC_043965.1	39640215	0.003298	0.424718
NC_043965.1	40181818	0.000359	0.007898
NC_043965.1	40181872	0.013498	0.413918
NC_043965.1	40181881	0.012161	0.415997
NC_043965.1	40182124	0.000369	0.007842
NC_043965.1	40215904	0.001607	0.031379
NC_043965.1	40216146	0.007051	0.067416
NC_043965.1	40569695	0.006083	0.063798
NC_043965.1	40714218	0.000576	0.011080
NC_043965.1	40767888	0.000403	0.007888
NC_043965.1	40830491	0.000343	0.007692
NC_043965.1	40830508	0.000802	0.381259
NC_043965.1	40830564	0.000391	0.007972
NC_043965.1	40986514	0.001422	0.030930
NC_043965.1	41111428	0.001796	0.033209
NC_043965.1	41111526	0.000642	0.011344
NC_043965.1	41111832	0.000417	0.009070
NC_043965.1	41345351	0.001376	0.027370
NC_043965.1	42075314	0.006614	0.075578
NC_043965.1	42075336	0.007016	0.080508
NC_043965.1	42347597	0.000405	0.009318
NC_043965.1	42370596	0.002122	0.035734
NC_043965.1	42810500	0.006221	0.386032
NC_043965.1	42810535	0.020611	0.159120
NC_043965.1	43513373	0.001687	0.032355
NC_043965.1	43584052	0.012901	0.324146
NC_043965.1	43584099	0.000553	0.010694
NC_043965.1	43584425	0.001100	0.027362
NC_043965.1	43584465	0.001276	0.021133
NC_043965.1	44012808	0.000487	0.008648
NC_043965.1	44677533	0.000582	0.010350
NC_043965.1	45158223	0.001662	0.031440
NC_043965.1	45158610	0.000394	0.008750
NC_043965.1	45158643	0.000260	0.006768
NC_043965.1	45158644	0.000340	0.008319
NC_043965.1	45158704	0.001493	0.030803
NC_043965.1	45158731	0.004370	0.048450
NC_043965.1	45158773	0.001585	0.028490
NC_043965.1	45158776	0.000585	0.011532
NC_043965.1	45158856	0.001901	0.034918
NC_043965.1	45159049	0.001851	0.034024
NC_043965.1	45251154	0.001852	0.033771
NC_043965.1	45251759	0.003818	0.041453
NC_043965.1	45251960	0.000668	0.013706
NC_043965.1	45325387	0.000272	0.006141
NC_043965.1	45690209	0.000277	0.007970
NC_043965.1	45690226	0.000307	0.008672
NC_043965.1	45719754	0.000618	0.011777
NC_043965.1	45728055	0.000490	0.009564
NC_043965.1	45917699	0.000470	0.010079
NC_043965.1	46173983	0.001996	0.034520
NC_043965.1	46174227	0.000588	0.011287
NC_043965.1	46174248	0.001583	0.031151
NC_043965.1	46174259	0.000897	0.294590
NC_043965.1	46174454	0.002077	0.035297
NC_043965.1	46287437	0.000411	0.007136
NC_043965.1	46288253	0.001114	0.023280
NC_043965.1	46368031	0.000547	0.010579
NC_043965.1	46465475	0.004572	0.398325
NC_043965.1	46465595	0.006336	0.128969
NC_043965.1	46465747	0.000379	0.007881
NC_043965.1	46465837	0.000324	0.006188
NC_043965.1	46466327	0.001102	0.027117
NC_043965.1	47127197	0.001626	0.032186
NC_043965.1	47762327	0.001897	0.033595
NC_043965.1	47773192	0.009745	0.088484
NC_043965.1	47822212	0.001888	0.033509
NC_043965.1	47908121	0.000271	0.006130
NC_043965.1	48040347	0.000905	0.017979
NC_043965.1	48040702	0.000533	0.009909
NC_043965.1	48040725	0.000449	0.009116
NC_043965.1	48040727	0.006665	0.081685
NC_043965.1	48236553	0.000224	0.006383
NC_043965.1	48236554	0.003596	0.201124
NC_043965.1	48311156	0.002002	0.035298
NC_043965.1	48311162	0.000563	0.010863
NC_043965.1	48738245	0.001713	0.031903
NC_043965.1	48738424	0.001488	0.030258
NC_043965.1	48863814	0.001864	0.033443
NC_043965.1	48885438	0.001764	0.033429
NC_043965.1	49169673	0.001860	0.033848
NC_043965.1	49446129	0.000551	0.010228
NC_043965.1	49673493	0.000253	0.005858
NC_043965.1	49673524	0.000194	0.005022
NC_043965.1	49673541	0.000229	0.005321
NC_043965.1	49673562	0.000216	0.006214
NC_043965.1	49674844	0.006029	0.151776
NC_043965.1	49674875	0.001934	0.363262
NC_043965.1	49674947	0.007975	0.151811
NC_043965.1	49674950	0.000120	0.002844
NC_043965.1	49674974	0.000161	0.004440
NC_043965.1	49675007	0.000118	0.003491
NC_043965.1	51159990	0.001572	0.031051
NC_043965.1	51721719	0.001632	0.032254
NC_043965.1	51721726	0.001695	0.032932
NC_043965.1	51982940	0.000335	0.008727
NC_043965.1	52024852	0.000474	0.009274
NC_043965.1	52028511	0.001373	0.029972
NC_043965.1	52028540	0.001049	0.026768
NC_043965.1	52028646	0.001631	0.031528
NC_043965.1	52029167	0.001648	0.031776
NC_043965.1	52029293	0.002144	0.035946
NC_043965.1	52029360	0.001544	0.031162
NC_043965.1	52036876	0.000357	0.005912
NC_043965.1	52036896	0.000375	0.006317
NC_043965.1	52036923	0.018307	0.500582
NC_043965.1	52036971	0.007142	0.090586
NC_043965.1	52037553	0.005228	0.487440
NC_043965.1	52046404	0.000506	0.009735
NC_043965.1	52433972	0.005658	0.053106
NC_043965.1	54632117	0.000013	0.000231
NC_043965.1	54632121	0.000019	0.000312
NC_043965.1	54632123	0.000025	0.000549
NC_043965.1	54632125	0.000023	0.000526
NC_043965.1	54632127	0.000029	0.000687
NC_043965.1	54632129	0.000025	0.000825
NC_043965.1	54632133	0.000129	0.001782
NC_043965.1	54632137	0.000020	0.000323
NC_043965.1	54692706	0.001575	0.031079
NC_043965.1	54692713	0.001559	0.027985
NC_043965.1	54692894	0.006727	0.218710
NC_043965.1	54718025	0.000412	0.008084
NC_043965.1	55060735	0.001767	0.033457
NC_043965.1	55199485	0.012990	0.132665
NC_043965.1	55258252	0.001571	0.031429
NC_043965.1	55258445	0.004723	0.055116
NC_043965.1	55601958	0.000300	0.006799
NC_043965.1	55601978	0.000279	0.006988
NC_043965.1	55602638	0.000555	0.010924
NC_043965.1	55602766	0.001277	0.028759
NC_043965.1	55602894	0.001011	0.026476
NC_043965.1	55603122	0.001119	0.027598
NC_043965.1	55603134	0.001093	0.027315
NC_043965.1	55604115	0.003467	0.053548
NC_043965.1	55604127	0.002705	0.044449
NC_043965.1	55604317	0.000666	0.022099
NC_043965.1	55604319	0.000638	0.021508
NC_043965.1	55604321	0.003568	0.059050
NC_043965.1	55604357	0.000642	0.022765
NC_043965.1	55604535	0.003786	0.051376
NC_043965.1	55714268	0.000618	0.010950
NC_043965.1	56180106	0.009999	0.093274
NC_043965.1	56180773	0.000399	0.008383
NC_043965.1	56386605	0.000282	0.007509
NC_043965.1	56386629	0.000382	0.009404
NC_043965.1	56491481	0.000114	0.001406
NC_043965.1	56492045	0.000116	0.001450
NC_043965.1	56492051	0.000088	0.001144
NC_043965.1	56493231	0.000344	0.011329
NC_043965.1	56493261	0.000133	0.001631
NC_043965.1	56493290	0.000103	0.001023
NC_043965.1	56493318	0.000130	0.000927
NC_043965.1	56493329	0.000130	0.000921
NC_043965.1	56493333	0.000151	0.001805
NC_043965.1	56493334	0.002015	0.032748
NC_043965.1	56493343	0.000168	0.001139
NC_043965.1	56493740	0.000166	0.001544
NC_043965.1	56493750	0.000167	0.001554
NC_043965.1	56493760	0.000207	0.001587
NC_043965.1	56494243	0.000436	0.016067
NC_043965.1	56494244	0.000165	0.004478
NC_043965.1	56494653	0.006772	0.074416
NC_043965.1	56494674	0.000070	0.000589
NC_043965.1	56494878	0.000514	0.021434
NC_043965.1	56495667	0.000765	0.453629
NC_043965.1	56496105	0.001149	0.323754
NC_043965.1	56496106	0.018775	0.503024
NC_043965.1	56496122	0.002389	0.040069
NC_043965.1	56496129	0.006540	0.074302
NC_043965.1	56496130	0.003759	0.228529
NC_043965.1	56496135	0.014965	0.503179
NC_043965.1	56496136	0.001819	0.483247
NC_043965.1	56496139	0.009320	0.505022
NC_043965.1	56496148	0.005901	0.379907
NC_043965.1	56496149	0.000116	0.329675
NC_043965.1	56496153	0.002696	0.423560
NC_043965.1	56496154	0.001114	0.429952
NC_043965.1	56496172	0.001653	0.035602
NC_043965.1	56496176	0.000896	0.314677
NC_043965.1	56496190	0.000280	0.010982
NC_043965.1	56498553	0.000105	0.498102
NC_043965.1	56498577	0.008167	0.483338
NC_043965.1	56498853	0.000109	0.001628
NC_043965.1	56498938	-0.000498	0.187501
NC_043965.1	56499509	0.000008	0.000330
NC_043965.1	56499535	0.000008	0.000190
NC_043965.1	56499541	0.000007	0.000166
NC_043965.1	56499636	0.000013	0.000246
NC_043965.1	56499679	0.000014	0.000251
NC_043965.1	56499680	0.000013	0.000248
NC_043965.1	56499681	0.000012	0.000298
NC_043965.1	56499686	0.000010	0.000216
NC_043965.1	56499700	0.000751	0.011679
NC_043965.1	56499705	0.000009	0.000221
NC_043965.1	56499732	0.000006	0.000190
NC_043965.1	56502087	0.005460	0.064251
NC_043965.1	56502193	-0.000071	0.197884
NC_043965.1	56502226	0.000009	0.000185
NC_043965.1	56502351	0.000040	0.000621
NC_043965.1	56502358	0.000038	0.000447
NC_043965.1	56502538	0.000004	0.000099
NC_043965.1	56502563	0.000006	0.000132
NC_043965.1	56503600	0.000103	0.005978
NC_043965.1	56503602	0.000020	0.000316
NC_043965.1	56503624	0.000018	0.000329
NC_043965.1	56503753	0.000051	0.002224
NC_043965.1	56510760	0.003713	0.334796
NC_043965.1	56510769	0.000018	0.000226
NC_043965.1	56510773	0.000004	0.000084
NC_043965.1	56510774	-0.000525	0.221605
NC_043965.1	56510775	0.000004	0.000084
NC_043965.1	56510781	0.002604	0.077053
NC_043965.1	56510797	0.000006	0.000134
NC_043965.1	56641906	0.018555	0.500467
NC_043965.1	56642216	0.001629	0.032019
NC_043965.1	56642548	0.001709	0.032365
NC_043965.1	56642568	0.002051	0.035051
NC_043965.1	56643055	0.001681	0.032094
NC_043965.1	56643914	0.001518	0.031215
NC_043965.1	56643970	0.000353	0.008845
NC_043965.1	56644074	0.000403	0.009701
NC_043965.1	56644934	0.000127	0.002670
NC_043965.1	56644936	0.007757	0.140090
NC_043965.1	56644957	0.000314	0.006283
NC_043965.1	56900400	0.014149	0.465173
NC_043965.1	56900509	0.000317	0.017083
NC_043965.1	56900525	0.000437	0.206533
NC_043965.1	56900884	0.012211	0.466026
NC_043965.1	56900939	0.000067	0.001574
NC_043965.1	56901125	0.003162	0.199821
NC_043965.1	56901185	-0.000874	0.256399
NC_043965.1	56901194	0.001378	0.203397
NC_043965.1	56901200	0.000085	0.002171
NC_043965.1	56901205	0.010773	0.467728
NC_043965.1	56901248	0.000483	0.334069
NC_043965.1	56901270	0.000114	0.002068
NC_043965.1	56901302	-0.000257	0.297575
NC_043965.1	56923344	0.000523	0.010787
NC_043965.1	56940679	0.003222	0.047829
NC_043965.1	57227250	0.001070	0.017743
NC_043965.1	57227260	0.001031	0.017164
NC_043966.1	117818	0.000013	0.000355
NC_043966.1	117820	-0.003391	0.497465
NC_043966.1	117822	0.000001	0.000017
NC_043966.1	117823	-0.000005	0.005685
NC_043966.1	117827	0.000004	0.015367
NC_043966.1	117829	0.000000	0.000007
NC_043966.1	117830	0.000000	0.000007
NC_043966.1	117847	0.000000	0.000002
NC_043966.1	117851	-0.000004	0.001750
NC_043966.1	117861	-0.000006	0.002887
NC_043966.1	117892	0.000000	0.000010
NC_043966.1	117894	0.000000	0.000010
NC_043966.1	117895	0.000030	0.015234
NC_043966.1	117898	0.000000	0.000016
NC_043966.1	117905	0.000004	0.000097
NC_043966.1	117910	0.000002	0.000067
NC_043966.1	118519	0.000001	0.000019
NC_043966.1	118523	0.000002	0.000049
NC_043966.1	118524	0.000000	0.000014
NC_043966.1	118526	0.116518	0.539642
NC_043966.1	118536	0.000000	0.000017
NC_043966.1	118538	0.000000	0.000011
NC_043966.1	118543	0.007951	0.176091
NC_043966.1	118549	0.000000	0.000042
NC_043966.1	118551	0.000000	0.000019
NC_043966.1	118567	0.000000	0.000173
NC_043966.1	118572	-0.000010	0.013774
NC_043966.1	118583	0.000001	0.000026
NC_043966.1	118584	-0.000008	0.004778
NC_043966.1	118591	-0.000000	0.001847
NC_043966.1	119362	0.000002	0.000058
NC_043966.1	119368	0.050442	0.500928
NC_043966.1	119374	0.000002	0.000260
NC_043966.1	119375	0.000002	0.000049
NC_043966.1	119376	0.000002	0.000063
NC_043966.1	119378	0.000081	0.001434
NC_043966.1	119387	0.000238	0.013862
NC_043966.1	119389	-0.000002	0.005666
NC_043966.1	119399	0.000002	0.000060
NC_043966.1	119402	-0.002969	0.499530
NC_043966.1	119413	0.000003	0.000076
NC_043966.1	119885	0.083942	0.525357
NC_043966.1	119898	0.014936	0.500341
NC_043966.1	119910	0.007319	0.100485
NC_043966.1	120160	0.001112	0.090026
NC_043966.1	120180	0.001292	0.089158
NC_043966.1	120194	0.005572	0.502080
NC_043966.1	120196	0.007197	0.444520
NC_043966.1	120204	0.000007	0.000444
NC_043966.1	120206	0.000049	0.011135
NC_043966.1	120207	0.000011	0.000285
NC_043966.1	120705	0.062219	0.526183
NC_043966.1	120710	0.000000	0.000011
NC_043966.1	120712	0.000000	0.000007
NC_043966.1	120718	0.000000	0.000004
NC_043966.1	120734	0.000000	0.000003
NC_043966.1	120744	0.000001	0.000019
NC_043966.1	120745	0.000000	0.000003
NC_043966.1	120748	0.002363	0.025802
NC_043966.1	120749	0.000056	0.000857
NC_043966.1	120750	0.000000	0.000004
NC_043966.1	120768	0.000001	0.000019
NC_043966.1	120779	0.000010	0.000269
NC_043966.1	120787	0.000004	0.000053
NC_043966.1	120793	0.000000	0.000013
NC_043966.1	121349	0.084552	0.541659
NC_043966.1	121364	0.069432	0.534381
NC_043966.1	121385	0.000566	0.501231
NC_043966.1	121399	0.000000	0.000007
NC_043966.1	121406	0.000000	0.000010
NC_043966.1	121410	0.000001	0.000025
NC_043966.1	121421	0.000001	0.000015
NC_043966.1	121429	0.003148	0.066999
NC_043966.1	121434	-0.003449	0.499299
NC_043966.1	121444	0.000001	0.000019
NC_043966.1	121462	0.021414	0.511267
NC_043966.1	121477	0.128609	0.562866
NC_043966.1	121495	0.000000	0.000002
NC_043966.1	121498	0.007624	0.504629
NC_043966.1	121520	0.104002	0.551021
NC_043966.1	121524	0.000000	0.000001
NC_043966.1	121527	0.000000	0.000005
NC_043966.1	121534	0.000000	0.000001
NC_043966.1	121547	0.035507	0.518050
NC_043966.1	122381	0.080844	0.475854
NC_043966.1	122399	0.000001	0.000033
NC_043966.1	122412	0.000000	0.000001
NC_043966.1	122416	0.000000	0.000000
NC_043966.1	122417	0.000000	0.000002
NC_043966.1	122428	0.000000	0.000001
NC_043966.1	122431	0.000000	0.000001
NC_043966.1	122436	0.000000	0.000006
NC_043966.1	122437	0.000005	0.000132
NC_043966.1	122438	0.000000	0.000002
NC_043966.1	122439	0.000000	0.000002
NC_043966.1	122445	-0.000008	0.004308
NC_043966.1	122451	-0.002972	0.499528
NC_043966.1	122458	-0.000001	0.000817
NC_043966.1	122461	0.000001	0.000018
NC_043966.1	122462	0.000002	0.000048
NC_043966.1	122463	0.000001	0.000033
NC_043966.1	122468	0.000001	0.000037
NC_043966.1	122525	0.000001	0.000038
NC_043966.1	122530	-0.000009	0.013356
NC_043966.1	122545	0.000011	0.000280
NC_043966.1	122549	0.033839	0.291527
NC_043966.1	122551	0.000001	0.000017
NC_043966.1	122552	0.000000	0.000007
NC_043966.1	122553	0.000000	0.000005
NC_043966.1	122560	0.000000	0.000004
NC_043966.1	122564	-0.003623	0.499215
NC_043966.1	122567	0.000004	0.000107
NC_043966.1	122574	0.000000	0.000002
NC_043966.1	122576	0.000063	0.001758
NC_043966.1	122580	0.000000	0.000002
NC_043966.1	122592	0.021395	0.511258
NC_043966.1	122607	0.051107	0.525560
NC_043966.1	122625	0.080523	0.539719
NC_043966.1	122626	0.000030	0.208103
NC_043966.1	122764	0.000001	0.000035
NC_043966.1	122767	0.000002	0.000039
NC_043966.1	122774	0.000001	0.000034
NC_043966.1	122777	0.000032	0.000747
NC_043966.1	122785	0.000002	0.000045
NC_043966.1	122786	0.000002	0.000044
NC_043966.1	122791	0.000002	0.000045
NC_043966.1	122833	0.029397	0.430768
NC_043966.1	122834	0.000059	0.000740
NC_043966.1	122835	-0.001030	0.299133
NC_043966.1	122854	-0.002810	0.499606
NC_043966.1	122937	0.040740	0.500118
NC_043966.1	122944	0.000106	0.001688
NC_043966.1	122946	-0.003453	0.499297
NC_043966.1	122948	-0.002448	0.499781
NC_043966.1	122969	0.002197	0.142651
NC_043966.1	122971	0.132942	0.558371
NC_043966.1	122989	0.005436	0.503576
NC_043966.1	123230	0.000002	0.000049
NC_043966.1	123241	0.004410	0.407653
NC_043966.1	123247	0.000001	0.000039
NC_043966.1	123250	0.000001	0.000030
NC_043966.1	123257	0.000001	0.000036
NC_043966.1	123315	0.000000	0.000011
NC_043966.1	123364	0.000001	0.000034
NC_043966.1	123376	0.000006	0.000160
NC_043966.1	123380	0.000004	0.000093
NC_043966.1	123382	0.112044	0.554893
NC_043966.1	123392	0.000001	0.000032
NC_043966.1	123400	0.000001	0.000018
NC_043966.1	123418	-0.000834	0.500557
NC_043966.1	123428	0.000000	0.000013
NC_043966.1	123440	0.205605	0.582803
NC_043966.1	123447	0.000000	0.000003
NC_043966.1	123454	0.000000	0.000003
NC_043966.1	123467	0.131725	0.557826
NC_043966.1	123477	0.000000	0.000000
NC_043966.1	123489	0.000000	0.000000
NC_043966.1	123792	0.000002	0.000041
NC_043966.1	123796	0.000440	0.024706
NC_043966.1	123805	0.006077	0.503884
NC_043966.1	123806	0.000001	0.000026
NC_043966.1	123811	0.000000	0.000011
NC_043966.1	123818	0.000000	0.000011
NC_043966.1	935387	0.001336	0.029491
NC_043966.1	935391	0.001299	0.029109
NC_043966.1	935416	0.001322	0.029196
NC_043966.1	935447	0.001656	0.031850
NC_043966.1	936057	0.000382	0.008636
NC_043966.1	992456	0.000494	0.009208
NC_043966.1	1048597	0.001610	0.278118
NC_043966.1	1117232	0.001672	0.032003
NC_043966.1	1472083	0.000503	0.010963
NC_043966.1	1472301	0.000491	0.010218
NC_043966.1	1724393	0.000282	0.005890
NC_043966.1	1782738	0.002132	0.035836
NC_043966.1	1782748	0.002120	0.036552
NC_043966.1	1782779	0.001868	0.034207
NC_043966.1	2078743	0.000484	0.019710
NC_043966.1	2078746	0.000044	0.000618
NC_043966.1	2078748	0.006899	0.472706
NC_043966.1	2172244	0.023254	0.475047
NC_043966.1	2172256	0.000026	0.229396
NC_043966.1	2172259	0.000046	0.000729
NC_043966.1	2172261	0.000044	0.001209
NC_043966.1	2172275	0.004430	0.061898
NC_043966.1	2172283	0.000021	0.000413
NC_043966.1	2172299	0.000014	0.000329
NC_043966.1	2172304	0.001853	0.183909
NC_043966.1	2172308	0.000021	0.000419
NC_043966.1	2172320	0.000011	0.000245
NC_043966.1	2172328	0.014192	0.469038
NC_043966.1	2172340	0.013741	0.507570
NC_043966.1	2172352	0.000779	0.379108
NC_043966.1	2172361	0.000021	0.000500
NC_043966.1	2172364	0.011853	0.402540
NC_043966.1	2172367	0.000028	0.000545
NC_043966.1	2172368	0.000029	0.000571
NC_043966.1	2229207	0.000599	0.011764
NC_043966.1	2229239	0.005284	0.058365
NC_043966.1	2229459	0.005314	0.262380
NC_043966.1	2230228	0.001539	0.030907
NC_043966.1	2280434	0.000515	0.011178
NC_043966.1	2287141	0.001036	0.018964
NC_043966.1	2466302	0.000338	0.008587
NC_043966.1	2730224	0.000203	0.005431
NC_043966.1	2756899	0.000388	0.008233
NC_043966.1	2800630	0.001826	0.034096
NC_043966.1	2800897	0.001941	0.034661
NC_043966.1	2844979	0.000444	0.009860
NC_043966.1	2845058	0.000610	0.010820
NC_043966.1	2845300	0.000495	0.008788
NC_043966.1	2848417	0.011558	0.501305
NC_043966.1	2848650	0.001625	0.031552
NC_043966.1	2875236	0.001593	0.030817
NC_043966.1	2875289	0.001632	0.031171
NC_043966.1	2875554	0.000473	0.008384
NC_043966.1	2875636	0.001179	0.027429
NC_043966.1	2875666	0.001131	0.027182
NC_043966.1	2875921	0.001074	0.017800
NC_043966.1	3158603	0.000457	0.008828
NC_043966.1	3158913	0.000322	0.007334
NC_043966.1	3540799	0.001785	0.031486
NC_043966.1	3882495	0.000612	0.010849
NC_043966.1	3936237	0.001863	0.033700
NC_043966.1	3936248	0.007418	0.087014
NC_043966.1	4031382	0.001996	0.034520
NC_043966.1	4031407	0.000501	0.009778
NC_043966.1	4031524	0.001404	0.029774
NC_043966.1	4036848	0.000568	0.010825
NC_043966.1	4043163	0.001854	0.033791
NC_043966.1	4043347	0.000576	0.010239
NC_043966.1	4052252	0.001523	0.031321
NC_043966.1	4067204	0.001680	0.032545
NC_043966.1	4083448	0.001440	0.026591
NC_043966.1	4366812	0.000502	0.009789
NC_043966.1	4366831	0.000500	0.009755
NC_043966.1	4400599	0.001851	0.033163
NC_043966.1	4429340	0.002111	0.036454
NC_043966.1	4429345	0.001984	0.035117
NC_043966.1	4429355	0.000486	0.009803
NC_043966.1	4465317	0.001748	0.033253
NC_043966.1	4489458	0.001808	0.033894
NC_043966.1	4565984	0.001551	0.031502
NC_043966.1	4566038	0.001889	0.033517
NC_043966.1	4649958	0.000406	0.007664
NC_043966.1	4650010	0.000268	0.005749
NC_043966.1	4650027	0.002153	0.034726
NC_043966.1	4651029	0.000599	0.011773
NC_043966.1	4651079	0.006058	0.156648
NC_043966.1	4705492	0.000363	0.007051
NC_043966.1	4712205	0.007016	0.439251
NC_043966.1	4713949	0.000088	0.003216
NC_043966.1	4713953	0.000257	0.009556
NC_043966.1	4733888	0.000481	0.009404
NC_043966.1	4745615	0.009165	0.089257
NC_043966.1	4840350	0.001892	0.034823
NC_043966.1	4854878	0.000407	0.009120
NC_043966.1	4854924	0.000465	0.010130
NC_043966.1	4854932	0.000398	0.009315
NC_043966.1	4854948	0.001707	0.033198
NC_043966.1	4911073	0.000828	0.014207
NC_043966.1	4911278	0.001976	0.034639
NC_043966.1	4911287	0.000593	0.010939
NC_043966.1	4996332	0.001662	0.032360
NC_043966.1	4996334	0.001848	0.033726
NC_043966.1	5017826	0.004893	0.059481
NC_043966.1	5017845	0.001406	0.030232
NC_043966.1	5017950	0.001645	0.028650
NC_043966.1	5031923	0.000457	0.008962
NC_043966.1	5136182	0.005049	0.055843
NC_043966.1	5136191	0.001391	0.029654
NC_043966.1	5136200	0.000378	0.007374
NC_043966.1	5136223	0.001410	0.029534
NC_043966.1	5136240	0.001484	0.030219
NC_043966.1	5136614	0.002270	0.437904
NC_043966.1	5137103	0.002527	0.039277
NC_043966.1	5137154	0.003359	0.046340
NC_043966.1	5137712	0.000405	0.008257
NC_043966.1	5137933	0.006851	0.439022
NC_043966.1	5138299	0.000135	0.002932
NC_043966.1	5138312	0.000121	0.002177
NC_043966.1	5138392	0.000168	0.002166
NC_043966.1	5138400	0.000203	0.002190
NC_043966.1	5138422	0.008821	0.436050
NC_043966.1	5138540	0.000310	0.004762
NC_043966.1	5138604	0.000659	0.011623
NC_043966.1	5138664	0.000392	0.006699
NC_043966.1	5140045	0.001264	0.028491
NC_043966.1	5140202	0.001850	0.378760
NC_043966.1	5241955	0.000337	0.007913
NC_043966.1	5249144	0.000481	0.010038
NC_043966.1	5249932	0.001550	0.030441
NC_043966.1	5267014	0.007270	0.069154
NC_043966.1	5268312	0.000452	0.009953
NC_043966.1	5270867	0.009790	0.492462
NC_043966.1	5270963	0.005206	0.059555
NC_043966.1	5270975	0.000442	0.009306
NC_043966.1	5324397	0.000531	0.010308
NC_043966.1	5324407	0.001796	0.033212
NC_043966.1	5324428	0.001511	0.030833
NC_043966.1	5324514	0.001672	0.031534
NC_043966.1	5324701	0.004091	0.052547
NC_043966.1	5324931	0.000477	0.009339
NC_043966.1	5325181	0.004975	0.060587
NC_043966.1	5325345	0.012773	0.499285
NC_043966.1	5325797	0.007941	0.201042
NC_043966.1	5325822	0.001129	0.027484
NC_043966.1	5325905	0.008669	0.107333
NC_043966.1	5326566	0.001067	0.027003
NC_043966.1	5326615	0.001397	0.029545
NC_043966.1	5326654	0.001229	0.028299
NC_043966.1	5326700	0.001699	0.032743
NC_043966.1	5326715	0.001910	0.034349
NC_043966.1	5326916	0.000291	0.007329
NC_043966.1	5326960	0.165560	0.442220
NC_043966.1	5326962	0.165832	0.442918
NC_043966.1	5327579	0.000543	0.009672
NC_043966.1	5327980	0.001119	0.024318
NC_043966.1	5328036	0.001379	0.029534
NC_043966.1	5328304	0.000362	0.007954
NC_043966.1	5328558	0.001405	0.030082
NC_043966.1	5328660	0.001845	0.033107
NC_043966.1	5329008	0.001452	0.029923
NC_043966.1	5329195	0.005035	0.059866
NC_043966.1	5329564	0.001451	0.251788
NC_043966.1	5329636	0.000434	0.009162
NC_043966.1	5360941	0.011516	0.113737
NC_043966.1	5360975	0.001329	0.025380
NC_043966.1	5360989	0.001265	0.023300
NC_043966.1	5371007	0.001831	0.033241
NC_043966.1	5371099	0.009798	0.092023
NC_043966.1	5371104	0.000414	0.008117
NC_043966.1	5371115	0.000466	0.008236
NC_043966.1	5395012	0.001928	0.034535
NC_043966.1	5803147	0.007975	0.199156
NC_043966.1	5828448	0.000829	0.015090
NC_043966.1	5870458	0.001972	0.033831
NC_043966.1	5870634	0.001801	0.033264
NC_043966.1	5870664	0.000568	0.010977
NC_043966.1	5870888	0.001562	0.031345
NC_043966.1	5870917	0.001300	0.026900
NC_043966.1	5871016	0.001918	0.034436
NC_043966.1	6031683	0.000596	0.010588
NC_043966.1	6031759	0.001608	0.032246
NC_043966.1	6041563	0.000479	0.010251
NC_043966.1	6106058	0.001823	0.033480
NC_043966.1	6106079	0.001851	0.033761
NC_043966.1	6106096	0.002057	0.035107
NC_043966.1	6169474	0.001449	0.030542
NC_043966.1	6217560	0.001613	0.032056
NC_043966.1	6590553	0.000544	0.010533
NC_043966.1	6590570	0.006903	0.066281
NC_043966.1	6701257	0.014172	0.484147
NC_043966.1	6701258	0.000657	0.339346
NC_043966.1	6717088	0.000516	0.009921
NC_043966.1	6717094	0.001658	0.032246
NC_043966.1	7154577	0.000588	0.010447
NC_043966.1	7241244	0.000883	0.015001
NC_043966.1	7248569	0.000353	0.008040
NC_043966.1	7298495	0.002189	0.036389
NC_043966.1	7804960	0.000497	0.010331
NC_043966.1	7804985	0.001769	0.033480
NC_043966.1	7808654	0.001511	0.030471
NC_043966.1	7808718	0.001464	0.028815
NC_043966.1	7809020	0.001599	0.030346
NC_043966.1	7887095	0.001672	0.032457
NC_043966.1	7887101	0.001511	0.031193
NC_043966.1	8068820	0.000396	0.007745
NC_043966.1	8315384	0.000481	0.008536
NC_043966.1	8315399	0.000519	0.009240
NC_043966.1	8315601	0.001789	0.033140
NC_043966.1	8315896	0.001898	0.033603
NC_043966.1	8810475	0.010085	0.452975
NC_043966.1	9141124	0.001582	0.031726
NC_043966.1	9141268	0.001555	0.031440
NC_043966.1	9141326	0.000419	0.322469
NC_043966.1	9227693	0.000436	0.009447
NC_043966.1	9227709	0.000470	0.009500
NC_043966.1	9227713	0.000429	0.009055
NC_043966.1	9227715	0.010233	0.096838
NC_043966.1	9449152	0.005135	0.059656
NC_043966.1	9919302	0.000547	0.010154
NC_043966.1	10081950	0.011025	0.498817
NC_043966.1	10086250	0.011770	0.139136
NC_043966.1	10447322	0.000996	0.016650
NC_043966.1	10447361	0.001790	0.033707
NC_043966.1	10472475	0.000278	0.006574
NC_043966.1	10472709	0.000345	0.009412
NC_043966.1	10472721	0.000215	0.005418
NC_043966.1	10682923	0.007467	0.441506
NC_043966.1	11212002	0.000581	0.011461
NC_043966.1	11360910	0.002208	0.036577
NC_043966.1	11484688	0.001850	0.034841
NC_043966.1	12227676	0.000609	0.010802
NC_043966.1	12309504	0.001941	0.034001
NC_043966.1	13250538	0.000478	0.009355
NC_043966.1	13250641	0.010297	0.454883
NC_043966.1	13250697	0.001317	0.029161
NC_043966.1	13250728	0.000549	0.011743
NC_043966.1	13250810	0.011982	0.472342
NC_043966.1	13250927	0.000467	0.008259
NC_043966.1	13251352	0.000732	0.012754
NC_043966.1	13251438	0.001648	0.031313
NC_043966.1	14213193	0.000094	0.002353
NC_043966.1	15309153	0.001765	0.032908
NC_043966.1	16530738	0.008360	0.167774
NC_043966.1	17505377	0.001942	0.035382
NC_043966.1	17505402	0.001802	0.033836
NC_043966.1	17505405	0.000459	0.010153
NC_043966.1	17505414	0.001658	0.032798
NC_043966.1	17505434	0.000429	0.009579
NC_043966.1	18112676	0.002247	0.036967
NC_043966.1	18829222	0.000402	0.006930
NC_043966.1	18829243	0.019202	0.114231
NC_043966.1	19426506	0.000280	0.005838
NC_043966.1	19426677	0.008959	0.397166
NC_043966.1	21493600	0.002130	0.035806
NC_043966.1	21773092	0.000530	0.010916
NC_043966.1	25340227	0.000297	0.007419
NC_043966.1	25340232	0.001209	0.028362
NC_043966.1	25340233	0.004616	0.056564
NC_043966.1	27726007	0.000728	0.012701
NC_043966.1	28220977	0.000603	0.010707
NC_043966.1	28773733	0.002068	0.035995
NC_043966.1	29444899	0.000476	0.009941
NC_043966.1	30037285	0.001848	0.033728
NC_043966.1	30037294	0.002127	0.035783
NC_043966.1	30982781	0.000651	0.011481
NC_043966.1	31865895	0.002297	0.037480
NC_043966.1	31865949	0.002091	0.035432
NC_043966.1	32591303	0.001982	0.034394
NC_043966.1	32596238	0.003948	0.254202
NC_043966.1	33835194	0.008360	0.099175
NC_043966.1	33835270	0.002791	0.201823
NC_043966.1	34145684	0.002004	0.034597
NC_043966.1	34145723	0.001807	0.033326
NC_043966.1	35339057	0.000638	0.011281
NC_043966.1	35724235	0.000570	0.010138
NC_043966.1	36443667	0.001499	0.030708
NC_043966.1	36443673	0.000585	0.011698
NC_043966.1	36482613	0.000530	0.010282
NC_043966.1	37939844	0.001594	0.032093
NC_043966.1	38099741	0.000437	0.009734
NC_043966.1	38099760	0.003956	0.254256
NC_043966.1	38099812	0.008795	0.483291
NC_043966.1	38100243	0.001957	0.034838
NC_043966.1	38101309	0.001704	0.028945
NC_043966.1	38101310	0.002113	0.035650
NC_043966.1	39720092	0.000569	0.010112
NC_043966.1	39793542	0.006784	0.065380
NC_043966.1	39793558	0.001877	0.034017
NC_043966.1	40252682	0.002347	0.037982
NC_043966.1	40252696	0.002228	0.036776
NC_043966.1	40318239	0.000591	0.010498
NC_043966.1	40318240	0.000504	0.008957
NC_043966.1	41136310	0.001976	0.034333
NC_043966.1	41502283	0.000516	0.010047
NC_043966.1	41935270	0.014376	0.090063
NC_043966.1	41935602	0.007608	0.051779
NC_043966.1	41935729	0.000397	0.007772
NC_043966.1	41935808	0.000498	0.008848
NC_043966.1	42035779	0.000625	0.011063
NC_043966.1	43079904	0.005934	0.420485
NC_043966.1	43079905	0.014355	0.474428
NC_043966.1	43192936	0.001920	0.035128
NC_043966.1	43395995	0.002411	0.378911
NC_043966.1	43408864	0.000316	0.004929
NC_043966.1	43415728	0.012675	0.503449
NC_043966.1	44420780	0.001730	0.033047
NC_043966.1	44493280	0.001591	0.032275
NC_043966.1	44674814	0.010062	0.460383
NC_043966.1	44876410	0.002147	0.035980
NC_043966.1	45605575	0.000967	0.318057
NC_043966.1	48653356	0.000569	0.010123
NC_043966.1	49676277	0.002058	0.035113
NC_043966.1	50051336	0.002078	0.035305
NC_043966.1	50346715	0.001517	0.030463
NC_043966.1	50346727	0.000403	0.007759
NC_043966.1	50782391	0.002473	0.282780
NC_043966.1	51354419	0.001865	0.033895
NC_043966.1	51405117	0.000122	0.001632
NC_043966.1	51508609	0.000116	0.003227
NC_043966.1	52045231	0.001414	0.030685
NC_043966.1	52228153	0.013069	0.115057
NC_043966.1	52326944	0.006718	0.069192
NC_043966.1	52359771	0.002125	0.035758
NC_043966.1	52619171	0.003881	0.059972
NC_043966.1	52619196	0.000024	0.000444
NC_043966.1	52619254	0.000026	0.000568
NC_043966.1	52678135	0.028025	0.478134
NC_043966.1	52678149	0.000748	0.023167
NC_043966.1	52678165	0.000031	0.001115
NC_043966.1	52678181	0.000322	0.019241
NC_043966.1	52678229	0.000024	0.001155
NC_043966.1	52678253	0.000029	0.001763
NC_043966.1	52678258	0.000017	0.000672
NC_043966.1	52678259	0.001781	0.036582
NC_043966.1	52678277	0.004517	0.122347
NC_043966.1	52678291	0.000019	0.001176
NC_043966.1	52678307	0.000019	0.000873
NC_043966.1	52678323	0.000015	0.000645
NC_043966.1	52678336	0.000015	0.000650
NC_043966.1	52678337	0.000134	0.013912
NC_043966.1	52678339	0.002486	0.433916
NC_043966.1	52678355	0.011323	0.407304
NC_043966.1	52678385	0.000163	0.004817
NC_043966.1	52678567	0.004474	0.234917
NC_043966.1	52678855	0.005027	0.501030
NC_043966.1	52723695	0.000315	0.004905
NC_043966.1	52723924	0.004402	0.488390
NC_043966.1	52883286	0.001796	0.033212
NC_043966.1	52979485	0.006333	0.174678
NC_043966.1	53014379	0.002304	0.037543
NC_043966.1	53014383	0.002269	0.037193
NC_043966.1	53310196	0.000796	0.014576
NC_043966.1	53316042	0.001920	0.272378
NC_043966.1	54074764	0.000627	0.316506
NC_043966.1	54078943	0.006241	0.068617
NC_043966.1	54078969	0.001636	0.033111
NC_043966.1	54134970	0.000526	0.011091
NC_043966.1	54134972	0.002076	0.036457
NC_043966.1	54226464	0.000154	0.003523
NC_043966.1	54226478	0.004444	0.037956
NC_043966.1	54376883	0.001663	0.033435
NC_043966.1	54376885	0.000940	0.016819
NC_043966.1	54483945	0.002784	0.107468
NC_043966.1	54483966	0.002692	0.077510
NC_043966.1	54483980	0.000333	0.331075
NC_043966.1	54483982	0.000030	0.002670
NC_043966.1	54483985	0.016649	0.381006
NC_043966.1	54483990	0.002734	0.173046
NC_043966.1	54483995	0.056696	0.507668
NC_043966.1	54484000	-0.000617	0.243884
NC_043966.1	54484003	0.000010	0.000225
NC_043966.1	54484005	0.001045	0.161353
NC_043966.1	54484010	0.016985	0.390640
NC_043966.1	54484020	0.011608	0.444209
NC_043966.1	54484025	0.017343	0.436522
NC_043966.1	54484030	0.008507	0.463707
NC_043966.1	54484035	0.002734	0.163127
NC_043966.1	54484045	0.001788	0.164646
NC_043966.1	54484050	0.033698	0.502513
NC_043966.1	54484060	0.017717	0.168273
NC_043966.1	54484061	0.000008	0.000173
NC_043966.1	54484065	0.027533	0.430428
NC_043966.1	54484070	-0.001239	0.264893
NC_043966.1	54484075	-0.000568	0.332413
NC_043966.1	54484080	0.004274	0.418100
NC_043966.1	54484085	-0.000177	0.239160
NC_043966.1	54484090	0.003011	0.099493
NC_043966.1	54484095	-0.000262	0.191462
NC_043966.1	54484100	-0.000885	0.341396
NC_043966.1	54484110	0.000644	0.025717
NC_043966.1	54484120	0.005616	0.071556
NC_043966.1	54484125	0.003622	0.090092
NC_043966.1	54484130	0.013541	0.405683
NC_043966.1	54484135	0.006829	0.092597
NC_043966.1	54484150	0.001189	0.161723
NC_043966.1	54484155	0.001590	0.045825
NC_043966.1	54484160	0.010220	0.386419
NC_043966.1	54484165	-0.000859	0.275758
NC_043966.1	54484170	0.000290	0.157575
NC_043966.1	54484180	0.019864	0.434020
NC_043966.1	54484185	0.038149	0.503446
NC_043966.1	54484195	-0.000307	0.188192
NC_043966.1	54484200	0.000019	0.002523
NC_043966.1	54484205	0.054205	0.489538
NC_043966.1	54484210	0.017585	0.430572
NC_043966.1	54484215	0.004149	0.111307
NC_043966.1	54484220	0.018605	0.441218
NC_043966.1	54557758	0.000131	0.004881
NC_043966.1	54557778	0.003196	0.052515
NC_043966.1	54557828	0.000052	0.000777
NC_043966.1	54557862	0.000038	0.000819
NC_043966.1	54585546	0.016939	0.470129
NC_043966.1	54585564	0.000270	0.004220
NC_043966.1	54585566	0.033509	0.477690
NC_043966.1	54585576	0.001509	0.084029
NC_043966.1	54585591	0.001215	0.033366
NC_043966.1	54585596	0.002279	0.041384
NC_043966.1	54585606	0.054021	0.511871
NC_043966.1	54585611	-0.001263	0.346548
NC_043966.1	54585621	0.013737	0.434321
NC_043966.1	54585631	-0.000688	0.224771
NC_043966.1	54585641	0.000552	0.202051
NC_043966.1	54585646	0.028782	0.483183
NC_043966.1	54585651	0.013953	0.380607
NC_043966.1	54585653	0.000006	0.000138
NC_043966.1	54585676	0.001505	0.313710
NC_043966.1	54585681	0.025541	0.506497
NC_043966.1	54585691	0.002197	0.077586
NC_043966.1	54585696	0.003415	0.098929
NC_043966.1	54585706	0.039958	0.478847
NC_043966.1	54585711	-0.001079	0.368683
NC_043966.1	54585721	0.010922	0.497355
NC_043966.1	54585726	0.039058	0.481563
NC_043966.1	54585736	-0.000087	0.189737
NC_043966.1	54585761	0.029452	0.477804
NC_043966.1	54585763	0.000015	0.000388
NC_043966.1	54585766	0.017124	0.473372
NC_043966.1	54717068	0.000406	0.200084
NC_043967.1	82033	0.001294	0.029276
NC_043967.1	82116	0.005132	0.094281
NC_043967.1	83038	0.001549	0.031501
NC_043967.1	83248	0.008244	0.435141
NC_043967.1	83297	0.008502	0.105811
NC_043967.1	83303	0.007643	0.121331
NC_043967.1	84389	0.000449	0.009443
NC_043967.1	84565	0.002098	0.237423
NC_043967.1	84566	0.001934	0.034404
NC_043967.1	103873	0.000748	0.020672
NC_043967.1	103902	0.000199	0.002575
NC_043967.1	1292592	0.001791	0.033987
NC_043967.1	1424712	0.000423	0.009195
NC_043967.1	1424742	0.005698	0.060729
NC_043967.1	1424783	0.011257	0.098321
NC_043967.1	1424835	0.011047	0.101182
NC_043967.1	1424879	0.001455	0.030275
NC_043967.1	1688261	0.000514	0.010624
NC_043967.1	1739509	0.001451	0.243958
NC_043967.1	1775849	0.001661	0.372184
NC_043967.1	1775939	0.006178	0.439563
NC_043967.1	1776345	0.000192	0.004474
NC_043967.1	1776870	0.000054	0.000733
NC_043967.1	1776920	0.015800	0.435215
NC_043967.1	1776922	0.301370	0.413282
NC_043967.1	1776928	0.000092	0.002254
NC_043967.1	1776936	0.002050	0.200840
NC_043967.1	1776938	0.000073	0.000819
NC_043967.1	1777092	0.000079	0.001406
NC_043967.1	2179492	0.008737	0.116207
NC_043967.1	2472051	0.000514	0.009573
NC_043967.1	2550285	0.000596	0.011407
NC_043967.1	2637070	0.000514	0.009137
NC_043967.1	3003826	0.001419	0.029869
NC_043967.1	3005569	0.009893	0.092403
NC_043967.1	3459259	0.000331	0.005301
NC_043967.1	3718388	0.000519	0.009243
NC_043967.1	3718435	0.000420	0.008544
NC_043967.1	4073628	0.000938	0.324707
NC_043967.1	4073655	0.001034	0.025922
NC_043967.1	4073702	0.012454	0.477758
NC_043967.1	4073703	0.000277	0.003884
NC_043967.1	4073751	-0.000042	0.355744
NC_043967.1	4073808	0.000494	0.008782
NC_043967.1	4076279	0.000217	0.341676
NC_043967.1	4076285	0.000366	0.011011
NC_043967.1	4076628	0.006988	0.101047
NC_043967.1	4076653	0.004697	0.060400
NC_043967.1	4076680	0.015000	0.125548
NC_043967.1	4076696	0.004823	0.182671
NC_043967.1	4077088	-0.000702	0.269345
NC_043967.1	4077089	0.000210	0.004557
NC_043967.1	4083071	0.000613	0.010862
NC_043967.1	4118376	0.014509	0.505050
NC_043967.1	4635978	0.000550	0.009783
NC_043967.1	4637362	0.001919	0.033797
NC_043967.1	4637398	0.000497	0.008835
NC_043967.1	4972517	0.001694	0.032693
NC_043967.1	4972535	0.001749	0.032756
NC_043967.1	4972540	0.001675	0.032030
NC_043967.1	4972580	0.001901	0.033633
NC_043967.1	5194265	0.000550	0.010635
NC_043967.1	5194277	0.001847	0.033721
NC_043967.1	5194308	0.008497	0.162876
NC_043967.1	5240281	0.001409	0.030060
NC_043967.1	5240320	0.001584	0.031556
NC_043967.1	5282723	0.001883	0.034078
NC_043967.1	5282732	0.000501	0.009760
NC_043967.1	5523019	0.001946	0.035028
NC_043967.1	5548945	0.003943	0.181816
NC_043967.1	5549070	0.001622	0.031523
NC_043967.1	5816617	0.001769	0.033484
NC_043967.1	6041048	0.001994	0.034504
NC_043967.1	6171198	0.001788	0.033130
NC_043967.1	6206510	0.001519	0.030704
NC_043967.1	6206746	0.001741	0.033427
NC_043967.1	6206976	0.001579	0.031115
NC_043967.1	6207038	0.001822	0.033468
NC_043967.1	6246242	0.001726	0.033023
NC_043967.1	6246254	0.000508	0.010524
NC_043967.1	6269157	0.001449	0.030220
NC_043967.1	6278660	0.000530	0.009432
NC_043967.1	6295353	0.000508	0.324598
NC_043967.1	6573054	0.000607	0.010763
NC_043967.1	6590858	0.000303	0.271966
NC_043967.1	6590865	0.000317	0.007929
NC_043967.1	6591055	0.006302	0.061840
NC_043967.1	6691904	0.001272	0.028831
NC_043967.1	6692109	0.000459	0.008105
NC_043967.1	6692227	0.000494	0.009515
NC_043967.1	6692264	0.002107	0.035590
NC_043967.1	6692607	0.009826	0.136403
NC_043967.1	7209029	0.002237	0.036680
NC_043967.1	7365952	0.001812	0.033627
NC_043967.1	7433407	0.000617	0.010929
NC_043967.1	7433598	0.005912	0.064941
NC_043967.1	7725763	0.006346	0.088335
NC_043967.1	8093434	0.002191	0.036812
NC_043967.1	8742822	0.000549	0.009771
NC_043967.1	9256588	0.001650	0.031331
NC_043967.1	10384506	0.002232	0.036821
NC_043967.1	11422510	0.000540	0.010463
NC_043967.1	11846997	0.000584	0.010378
NC_043967.1	11918648	0.000549	0.009776
NC_043967.1	12054859	0.000616	0.010913
NC_043967.1	12084988	-0.000252	0.270254
NC_043967.1	12475598	0.000564	0.335640
NC_043967.1	12707165	0.032376	0.282283
NC_043967.1	12707235	0.003966	0.051870
NC_043967.1	12739298	0.002136	0.035869
NC_043967.1	12994934	0.001241	0.027988
NC_043967.1	13751734	0.000479	0.010509
NC_043967.1	13899259	0.000318	0.007617
NC_043967.1	13899779	0.001761	0.032864
NC_043967.1	13899817	0.000394	0.008356
NC_043967.1	13899839	0.000366	0.008324
NC_043967.1	14072641	0.001499	0.031475
NC_043967.1	14072657	0.000441	0.009800
NC_043967.1	15101981	0.001699	0.032471
NC_043967.1	15101995	0.005538	0.060668
NC_043967.1	15478599	0.001632	0.031985
NC_043967.1	15568108	0.000520	0.009240
NC_043967.1	15594945	0.001402	0.029126
NC_043967.1	16781153	0.000465	0.008658
NC_043967.1	17421367	0.002297	0.037420
NC_043967.1	17421553	0.000771	0.013353
NC_043967.1	18199493	0.001345	0.029210
NC_043967.1	18392047	0.000480	0.010021
NC_043967.1	18677417	0.001434	0.029616
NC_043967.1	18681238	0.001859	0.034107
NC_043967.1	19918599	0.000621	0.010989
NC_043967.1	19918667	0.002207	0.036565
NC_043967.1	20934946	0.000608	0.010791
NC_043967.1	21399936	0.002087	0.036197
NC_043967.1	21882761	0.000424	0.008315
NC_043967.1	21887963	0.000726	0.013063
NC_043967.1	22399899	0.007993	0.491492
NC_043967.1	22399993	0.000456	0.009581
NC_043967.1	22475527	0.002138	0.035618
NC_043967.1	22475638	0.002391	0.038449
NC_043967.1	22528074	0.001038	0.304127
NC_043967.1	22541742	0.006327	0.172321
NC_043967.1	22849843	0.000487	0.008650
NC_043967.1	22850138	0.003695	0.479283
NC_043967.1	23189389	0.000456	0.009501
NC_043967.1	23684301	0.000441	0.009667
NC_043967.1	23684315	0.001490	0.030972
NC_043967.1	23684336	0.007829	0.491596
NC_043967.1	23684686	0.001437	0.030659
NC_043967.1	24357886	0.000404	0.006757
NC_043967.1	25336792	0.001493	0.028633
NC_043967.1	27336581	0.001571	0.031429
NC_043967.1	27336633	0.001609	0.031405
NC_043967.1	27336911	0.000374	0.007955
NC_043967.1	27370316	0.001610	0.032010
NC_043967.1	27540988	0.002168	0.036186
NC_043967.1	27938799	0.000609	0.010792
NC_043967.1	28330120	0.003497	0.223916
NC_043967.1	28640249	0.000634	0.011620
NC_043967.1	29336055	0.000549	0.010616
NC_043967.1	29353387	0.000231	0.006427
NC_043967.1	30368210	0.000372	0.007751
NC_043967.1	30911228	0.014336	0.486141
NC_043967.1	30911232	0.012788	0.124565
NC_043967.1	31077203	0.000405	0.315957
NC_043967.1	33152517	0.000607	0.010758
NC_043967.1	33262226	0.004844	0.061165
NC_043967.1	33488160	0.008710	0.165679
NC_043967.1	33488175	0.007035	0.183978
NC_043967.1	34084890	0.002002	0.035298
NC_043967.1	34439620	0.000348	0.008540
NC_043967.1	34439628	0.001462	0.030788
NC_043967.1	34439640	0.000398	0.009167
NC_043967.1	34759518	0.001437	0.030409
NC_043967.1	34759520	0.000377	0.008544
NC_043967.1	34759800	0.001878	0.033381
NC_043967.1	34761522	0.000528	0.009387
NC_043967.1	34788633	0.000537	0.011038
NC_043967.1	34788732	0.002089	0.035413
NC_043967.1	35997643	0.000475	0.009926
NC_043967.1	35997658	0.000459	0.009624
NC_043967.1	36218474	0.000264	0.007281
NC_043967.1	36218476	0.008545	0.091338
NC_043967.1	36219043	0.001400	0.030027
NC_043967.1	36219144	0.001362	0.024144
NC_043967.1	36219415	0.000329	0.006981
NC_043967.1	36493253	0.001636	0.032089
NC_043967.1	36493312	0.001450	0.030896
NC_043967.1	36713357	0.000290	0.007486
NC_043967.1	36821619	0.001908	0.033696
NC_043967.1	37335320	0.000431	0.008763
NC_043967.1	37335325	0.001732	0.032809
NC_043967.1	37335330	0.001764	0.033136
NC_043967.1	37343107	0.000448	0.009941
NC_043967.1	37412827	0.000556	0.009896
NC_043967.1	37412838	0.000494	0.008774
NC_043967.1	37413079	0.000328	0.006272
NC_043967.1	37413178	0.000242	0.005075
NC_043967.1	37413186	0.010259	0.465518
NC_043967.1	37413200	0.000196	0.003776
NC_043967.1	37413207	0.009586	0.124346
NC_043967.1	37413240	0.000195	0.004118
NC_043967.1	37413259	0.002102	0.035429
NC_043967.1	37418316	0.000285	0.007744
NC_043967.1	37490152	0.001526	0.031356
NC_043967.1	37490320	0.001715	0.032911
NC_043967.1	37639529	0.001621	0.031073
NC_043967.1	37875496	0.001496	0.030491
NC_043967.1	37875915	0.000341	0.007517
NC_043967.1	38232656	0.001240	0.027921
NC_043967.1	38232771	0.000447	0.007860
NC_043967.1	38233928	0.004274	0.050730
NC_043967.1	38234003	0.006681	0.480770
NC_043967.1	38234013	0.003349	0.428716
NC_043967.1	38234510	0.000357	0.007594
NC_043967.1	38236720	0.000543	0.009659
NC_043967.1	38257801	0.001510	0.032619
NC_043967.1	38271478	0.001012	0.016878
NC_043967.1	38335427	0.005282	0.191414
NC_043967.1	38414527	0.003040	0.395900
NC_043967.1	38730923	0.003643	0.219524
NC_043967.1	38731012	0.008948	0.495559
NC_043967.1	38731024	0.001215	0.028346
NC_043967.1	39306837	0.000678	0.011920
NC_043967.1	39336902	0.000451	0.008843
NC_043967.1	39610012	0.002165	0.036154
NC_043967.1	39731545	0.000227	0.005954
NC_043967.1	39731579	0.001314	0.029244
NC_043967.1	39731600	0.001116	0.027427
NC_043967.1	39731801	0.001055	0.020541
NC_043967.1	39731875	0.000653	0.012347
NC_043967.1	39731954	0.000403	0.009287
NC_043967.1	39732426	0.001287	0.029252
NC_043967.1	40415244	0.001345	0.029754
NC_043967.1	40635660	0.001133	0.026709
NC_043967.1	40670856	0.001934	0.035287
NC_043967.1	40822146	0.007835	0.173221
NC_043967.1	41032383	0.000392	0.008586
NC_043967.1	41332144	0.000546	0.010560
NC_043967.1	41386196	-0.000108	0.289603
NC_043967.1	41430203	0.000416	0.009064
NC_043967.1	41430288	0.000987	0.016518
NC_043967.1	41430392	0.000187	0.005759
NC_043967.1	41833907	0.000627	0.341036
NC_043967.1	41834390	0.001604	0.032196
NC_043967.1	42840315	0.007666	0.230624
NC_043967.1	42840345	0.013750	0.487791
NC_043967.1	42840382	0.000253	0.006605
NC_043967.1	42840411	0.003196	0.414856
NC_043967.1	42950129	0.014985	0.496016
NC_043967.1	42950340	0.002176	0.036266
NC_043967.1	42950377	0.001525	0.030772
NC_043967.1	42950412	0.009604	0.096909
NC_043967.1	43595013	0.000583	0.010361
NC_043967.1	43969086	0.000476	0.009612
NC_043967.1	46077893	0.000529	0.010264
NC_043967.1	46199286	0.003643	0.065620
NC_043967.1	46355048	0.002062	0.035156
NC_043967.1	46355069	0.001567	0.031006
NC_043967.1	47311842	0.001875	0.034281
NC_043967.1	47822128	0.001683	0.032574
NC_043967.1	47822139	0.002061	0.035915
NC_043967.1	48139738	0.016816	0.487443
NC_043967.1	48141075	0.000383	0.009305
NC_043967.1	48264042	0.000823	0.014128
NC_043967.1	48267325	0.000461	0.009662
NC_043967.1	48389856	0.001512	0.030778
NC_043967.1	48389887	0.000444	0.008920
NC_043967.1	48389933	0.001946	0.034050
NC_043967.1	49223673	0.001060	0.026716
NC_043967.1	50128189	0.000459	0.009556
NC_043967.1	50128292	0.000539	0.010006
NC_043967.1	50128295	0.000771	0.013346
NC_043967.1	50518792	0.001588	0.032020
NC_043967.1	50699516	0.001805	0.033298
NC_043967.1	50700001	0.000429	0.007494
NC_043967.1	50700371	0.000457	0.009695
NC_043967.1	50738038	0.001667	0.031956
NC_043967.1	50738163	0.000411	0.008715
NC_043967.1	50738194	0.000833	0.014280
NC_043967.1	51733456	0.006993	0.186008
NC_043967.1	51889164	0.001869	0.033337
NC_043967.1	51896815	0.000371	0.007894
NC_043967.1	51896995	0.000523	0.010156
NC_043967.1	51967242	0.000480	0.009694
NC_043967.1	52172457	0.001438	0.030106
NC_043967.1	52172515	0.000412	0.007156
NC_043967.1	52172563	0.007189	0.162849
NC_043967.1	52172583	0.001212	0.028130
NC_043967.1	52172796	0.000381	0.007428
NC_043967.1	52172831	0.001673	0.031538
NC_043967.1	52218894	0.001576	0.032105
NC_043967.1	52219269	0.015540	0.494007
NC_043967.1	52219572	0.000553	0.009841
NC_043967.1	52304268	0.001600	0.031234
NC_043967.1	53045709	0.000385	0.009580
NC_043967.1	53063244	0.001388	0.026449
NC_043967.1	53063283	0.000388	0.008239
NC_043967.1	53141813	0.001943	0.034684
NC_043967.1	53144708	0.002123	0.035738
NC_043967.1	53144793	0.001876	0.034643
NC_043967.1	53151740	0.000600	0.010645
NC_043967.1	53182493	0.004676	0.476810
NC_043967.1	53196360	0.002300	0.370395
NC_043967.1	53196410	0.000223	0.008125
NC_043967.1	53196434	0.005699	0.088742
NC_043967.1	53196470	0.004921	0.104018
NC_043967.1	53196535	0.000129	0.002910
NC_043967.1	53207063	0.001126	0.026731
NC_043967.1	53207086	0.000306	0.006463
NC_043967.1	53252244	0.001625	0.032433
NC_043967.1	53252503	0.000418	0.008839
NC_043967.1	53253154	0.001638	0.032111
NC_043967.1	53861923	0.001583	0.031149
NC_043967.1	53862701	0.001331	0.029070
NC_043967.1	53862723	0.000450	0.008819
NC_043967.1	53933274	0.000548	0.010172
NC_043967.1	53933338	0.001630	0.031154
NC_043967.1	53933346	0.001904	0.033619
NC_043967.1	53986798	0.001870	0.033951
NC_043967.1	53986828	0.001811	0.033935
NC_043967.1	53986852	0.001869	0.034565
NC_043967.1	53987026	0.000546	0.009724
NC_043967.1	53987059	0.000680	0.326632
NC_043967.1	54093555	0.000295	0.007415
NC_043967.1	54480661	0.000612	0.010854
NC_043967.1	54505792	0.000463	0.009070
NC_043967.1	54519573	0.000883	0.016559
NC_043967.1	54813335	0.020417	0.500901
NC_043967.1	54813424	0.006364	0.162079
NC_043967.1	54830295	0.007073	0.440603
NC_043967.1	54830329	0.001497	0.030346
NC_043967.1	54830775	0.001088	0.336420
NC_043967.1	54831435	0.000480	0.009383
NC_043967.1	54838472	0.001202	0.021627
NC_043967.1	54838487	0.007954	0.481975
NC_043967.1	54838488	0.001175	0.027775
NC_043967.1	54843458	0.006198	0.061092
NC_043967.1	54845154	0.000436	0.007393
NC_043967.1	54931877	0.016091	0.491744
NC_043967.1	54932395	0.001714	0.033135
NC_043967.1	54939831	0.000738	0.012845
NC_043967.1	55129414	0.000404	0.009089
NC_043967.1	55218754	0.000755	0.015796
NC_043967.1	55529440	0.000432	0.009628
NC_043967.1	55529446	0.000419	0.009597
NC_043967.1	55598304	0.001926	0.033862
NC_043967.1	55598318	0.001851	0.033756
NC_043967.1	55611490	0.000406	0.008605
NC_043967.1	55612258	0.000364	0.008250
NC_043967.1	55612266	0.000349	0.007928
NC_043967.1	55613812	0.000451	0.008845
NC_043967.1	55628513	0.002129	0.035801
NC_043967.1	55628920	0.002087	0.036202
NC_043967.1	55651592	0.002109	0.036430
NC_043967.1	55651632	0.000610	0.011649
NC_043967.1	55753827	0.002091	0.036241
NC_043967.1	55753867	0.000589	0.011299
NC_043967.1	55753930	0.000449	0.009963
NC_043967.1	56009109	0.000597	0.011425
NC_043967.1	56021372	0.000529	0.009418
NC_043967.1	56022718	0.004041	0.193744
NC_043967.1	56022738	-0.000716	0.288008
NC_043967.1	56022752	-0.000543	0.293222
NC_043967.1	56033904	0.000339	0.006850
NC_043967.1	56037902	0.000255	0.002785
NC_043967.1	56111342	0.000438	0.009749
NC_043967.1	56179188	0.006047	0.174056
NC_043967.1	56179208	0.001477	0.031002
NC_043967.1	56393310	0.000343	0.007544
NC_043967.1	56393959	0.000229	0.005880
NC_043967.1	56395997	0.000475	0.008405
NC_043967.1	56396369	0.005073	0.059866
NC_043967.1	56467760	0.000645	0.016473
NC_043967.1	56467856	0.007053	0.123877
NC_043967.1	56467872	0.005674	0.112973
NC_043968.1	7675	0.001939	0.033990
NC_043968.1	50413	0.001715	0.032422
NC_043968.1	50539	0.001512	0.030998
NC_043968.1	50822	0.001748	0.027638
NC_043968.1	50894	0.001022	0.018150
NC_043968.1	50900	0.000461	0.010413
NC_043968.1	51086	0.006283	0.493398
NC_043968.1	84846	0.000518	0.363812
NC_043968.1	136951	0.002611	0.429178
NC_043968.1	294822	0.006842	0.174922
NC_043968.1	301174	0.006347	0.083809
NC_043968.1	301181	0.000255	0.006018
NC_043968.1	301216	0.001133	0.026559
NC_043968.1	301403	0.001930	0.034556
NC_043968.1	307763	0.000464	0.242228
NC_043968.1	307778	0.003553	0.175788
NC_043968.1	307823	-0.000550	0.266766
NC_043968.1	308946	0.000118	0.002409
NC_043968.1	308996	0.000763	0.330411
NC_043968.1	309740	0.016328	0.123186
NC_043968.1	311592	0.004785	0.418820
NC_043968.1	311622	0.005848	0.384933
NC_043968.1	311684	0.007507	0.392901
NC_043968.1	311707	0.000110	0.002995
NC_043968.1	312667	0.005337	0.376677
NC_043968.1	312682	0.001371	0.329536
NC_043968.1	312742	0.004668	0.158925
NC_043968.1	312787	0.003059	0.216680
NC_043968.1	318039	0.025321	0.489242
NC_043968.1	318878	0.010340	0.485859
NC_043968.1	318885	0.000134	0.002952
NC_043968.1	318941	0.001800	0.341672
NC_043968.1	319013	0.001738	0.191657
NC_043968.1	319033	0.000068	0.001529
NC_043968.1	323952	0.000750	0.211342
NC_043968.1	438705	0.000505	0.009718
NC_043968.1	439211	0.001666	0.031942
NC_043968.1	811197	0.001629	0.031780
NC_043968.1	1049560	0.001715	0.032636
NC_043968.1	1049606	0.007887	0.078609
NC_043968.1	1642944	0.000315	0.004898
NC_043968.1	1649737	0.000360	0.007664
NC_043968.1	1649795	0.003357	0.047605
NC_043968.1	1649904	0.000431	0.008459
NC_043968.1	1651384	0.001706	0.033344
NC_043968.1	1699297	0.006507	0.063329
NC_043968.1	1699523	0.000412	0.008072
NC_043968.1	1699748	0.000480	0.008509
NC_043968.1	1699840	0.001319	0.028960
NC_043968.1	1699920	0.000463	0.008176
NC_043968.1	1709741	0.001673	0.032474
NC_043968.1	1709758	0.001700	0.032276
NC_043968.1	1740389	0.001596	0.030770
NC_043968.1	1818967	0.010126	0.439587
NC_043968.1	1819037	0.001850	0.033752
NC_043968.1	1854503	0.000352	0.008233
NC_043968.1	1854584	0.001705	0.032319
NC_043968.1	1854592	0.001352	0.026074
NC_043968.1	1854608	0.001376	0.029219
NC_043968.1	2189874	0.000637	0.352094
NC_043968.1	2190224	0.001487	0.030249
NC_043968.1	2190373	0.000422	0.008278
NC_043968.1	2190433	0.001211	0.027927
NC_043968.1	2190693	0.000310	0.006807
NC_043968.1	2549806	0.001436	0.031185
NC_043968.1	2549826	0.000767	0.330713
NC_043968.1	2550193	0.006550	0.063642
NC_043968.1	2550340	0.000494	0.009951
NC_043968.1	2551272	0.001474	0.030799
NC_043968.1	2552023	0.015243	0.493498
NC_043968.1	2570139	0.000239	0.006001
NC_043968.1	2570182	0.005647	0.133424
NC_043968.1	2570300	0.000464	0.008193
NC_043968.1	2614476	0.001652	0.221461
NC_043968.1	2614477	0.003897	0.170096
NC_043968.1	2614493	0.000099	0.002943
NC_043968.1	2614521	0.000139	0.003697
NC_043968.1	2614538	0.000194	0.004200
NC_043968.1	2614642	0.000397	0.008425
NC_043968.1	2967620	0.000399	0.009219
NC_043968.1	3018522	0.001757	0.033352
NC_043968.1	3081150	0.001370	0.030175
NC_043968.1	3081195	0.004931	0.060727
NC_043968.1	3143396	0.000330	0.007750
NC_043968.1	3150884	0.002538	0.237744
NC_043968.1	3395085	0.001094	0.325991
NC_043968.1	3395098	0.004069	0.455961
NC_043968.1	3395151	0.001428	0.373201
NC_043968.1	3400024	0.024597	0.322634
NC_043968.1	3400025	0.000978	0.018518
NC_043968.1	3400030	0.002532	0.361807
NC_043968.1	3400070	0.000580	0.332129
NC_043968.1	3400098	0.014978	0.440540
NC_043968.1	3400115	0.005849	0.482625
NC_043968.1	3400415	0.003569	0.386749
NC_043968.1	3400429	0.006122	0.174835
NC_043968.1	3400435	0.000317	0.006907
NC_043968.1	3400467	0.000386	0.008154
NC_043968.1	3402572	0.004309	0.189211
NC_043968.1	3404181	0.009162	0.456493
NC_043968.1	3404250	0.000562	0.009997
NC_043968.1	3404534	0.000179	0.004841
NC_043968.1	3415934	0.000722	0.012611
NC_043968.1	3418715	0.007630	0.431258
NC_043968.1	3418799	0.008645	0.089246
NC_043968.1	3418829	0.000662	0.373619
NC_043968.1	3418834	0.005532	0.383777
NC_043968.1	3418841	0.005573	0.486208
NC_043968.1	3419875	0.014946	0.505407
NC_043968.1	3419889	0.001550	0.031167
NC_043968.1	3420009	0.000398	0.008447
NC_043968.1	3420051	0.001787	0.032579
NC_043968.1	3420117	0.026484	0.342254
NC_043968.1	3421668	0.000283	0.006921
NC_043968.1	3421700	0.005509	0.191986
NC_043968.1	3445215	0.000166	0.002082
NC_043968.1	3445238	0.000180	0.002579
NC_043968.1	3445989	0.000771	0.018495
NC_043968.1	3695299	0.001891	0.033319
NC_043968.1	3695351	0.000382	0.007159
NC_043968.1	3860926	0.000595	0.345927
NC_043968.1	3860958	0.009905	0.104549
NC_043968.1	3860996	0.004107	0.276207
NC_043968.1	3947388	0.000900	0.025857
NC_043968.1	4050784	0.008531	0.122800
NC_043968.1	4050792	0.000036	0.000528
NC_043968.1	4050794	0.000583	0.022501
NC_043968.1	4050796	0.000032	0.000472
NC_043968.1	4050801	0.000274	0.015726
NC_043968.1	4050807	0.000028	0.000375
NC_043968.1	4050823	0.000028	0.000385
NC_043968.1	4050824	0.000251	0.015857
NC_043968.1	4050845	-0.000546	0.248067
NC_043968.1	4050847	-0.000288	0.306093
NC_043968.1	4050848	0.006483	0.104071
NC_043968.1	4050850	0.004037	0.044251
NC_043968.1	4050873	0.000037	0.000619
NC_043968.1	4050897	-0.000202	0.243653
NC_043968.1	4056667	0.010826	0.080569
NC_043968.1	4181820	0.007433	0.432465
NC_043968.1	4181873	0.003493	0.170560
NC_043968.1	4181984	0.000273	0.011990
NC_043968.1	4181995	0.001476	0.032381
NC_043968.1	4182012	0.005761	0.114821
NC_043968.1	4182065	0.000156	0.005567
NC_043968.1	5152194	0.008795	0.105571
NC_043968.1	5152205	0.003784	0.187022
NC_043968.1	5210904	0.001502	0.031070
NC_043968.1	5247828	0.000350	0.007702
NC_043968.1	5937521	0.000330	0.008793
NC_043968.1	6008870	0.000366	0.007785
NC_043968.1	6008875	0.000347	0.007909
NC_043968.1	6294562	0.000678	0.011917
NC_043968.1	6377205	0.001787	0.282651
NC_043968.1	6439078	0.000518	0.010073
NC_043968.1	6439085	0.000533	0.009491
NC_043968.1	6616156	0.001531	0.031412
NC_043968.1	6616366	0.001961	0.034494
NC_043968.1	6616376	0.000563	0.010434
NC_043968.1	6983607	0.000380	0.006447
NC_043968.1	6983749	0.000458	0.008089
NC_043968.1	6984293	0.000662	0.012493
NC_043968.1	6984659	0.000486	0.008629
NC_043968.1	6984697	0.009433	0.211599
NC_043968.1	7601715	0.003200	0.380142
NC_043968.1	7601745	0.009086	0.090530
NC_043968.1	7756223	0.012998	0.505754
NC_043968.1	7791750	0.000455	0.008914
NC_043968.1	7791756	0.001672	0.032010
NC_043968.1	7791763	0.001713	0.032402
NC_043968.1	7847182	0.000214	0.004534
NC_043968.1	7847203	0.000147	0.002213
NC_043968.1	7847224	0.000135	0.002416
NC_043968.1	7847246	0.000435	0.012228
NC_043968.1	7847288	0.000412	0.007152
NC_043968.1	8017975	0.000566	0.011537
NC_043968.1	8480595	0.000667	0.022662
NC_043968.1	8480604	0.000110	0.003103
NC_043968.1	8972681	0.000430	0.007531
NC_043968.1	8972752	0.001580	0.030705
NC_043968.1	8972759	0.000460	0.008127
NC_043968.1	8972862	0.000356	0.005900
NC_043968.1	9124815	0.001256	0.028120
NC_043968.1	9136860	0.001925	0.034141
NC_043968.1	9407216	0.000344	0.007858
NC_043968.1	9407241	0.000457	0.009592
NC_043968.1	9407509	0.001517	0.031886
NC_043968.1	9407732	0.012569	0.480491
NC_043968.1	9407763	0.001697	0.032565
NC_043968.1	9530852	0.005617	0.060975
NC_043968.1	9682279	0.001890	0.033531
NC_043968.1	9972854	0.000005	0.000533
NC_043968.1	10353595	0.001684	0.030992
NC_043968.1	10451750	0.000590	0.011311
NC_043968.1	10451759	0.005020	0.396084
NC_043968.1	11101058	0.000951	0.388792
NC_043968.1	11101126	0.007070	0.168140
NC_043968.1	11101134	0.007730	0.259091
NC_043968.1	11101225	0.004327	0.187466
NC_043968.1	11287919	0.000552	0.009822
NC_043968.1	11430251	0.002018	0.035469
NC_043968.1	11529894	0.001796	0.034040
NC_043968.1	11529948	0.001780	0.033601
NC_043968.1	11594647	0.005301	0.057708
NC_043968.1	11594664	0.005253	0.198145
NC_043968.1	11691841	0.001954	0.034132
NC_043968.1	11691866	0.001929	0.034542
NC_043968.1	11725765	0.001731	0.032796
NC_043968.1	12355257	0.007403	0.444174
NC_043968.1	12355268	-0.000015	0.290895
NC_043968.1	12355280	0.019652	0.137518
NC_043968.1	12555211	0.000477	0.010404
NC_043968.1	12714190	0.000844	0.014432
NC_043968.1	13177121	0.001437	0.029719
NC_043968.1	13374738	0.000175	0.002627
NC_043968.1	13374740	0.005343	0.412795
NC_043968.1	13374792	0.016028	0.500927
NC_043968.1	14093899	0.001652	0.032010
NC_043968.1	14895790	0.002625	0.251293
NC_043968.1	15280837	0.001807	0.033011
NC_043968.1	15280847	0.001911	0.034009
NC_043968.1	15285114	0.000464	0.009087
NC_043968.1	15285402	0.001687	0.033394
NC_043968.1	15299822	0.001550	0.030848
NC_043968.1	15299848	0.001494	0.030658
NC_043968.1	15644130	0.000605	0.010739
NC_043968.1	15827996	0.006109	0.063970
NC_043968.1	15828008	0.001984	0.035109
NC_043968.1	17394650	0.000297	0.018806
NC_043968.1	17394735	0.001026	0.038148
NC_043968.1	17567316	0.000960	0.017256
NC_043968.1	17567340	0.005287	0.235140
NC_043968.1	19621426	0.000519	0.010098
NC_043968.1	20044491	0.001239	0.022528
NC_043968.1	20398044	0.001808	0.033331
NC_043968.1	20602000	0.002100	0.035518
NC_043968.1	22181878	0.010532	0.102392
NC_043968.1	22458955	0.002037	0.034913
NC_043968.1	23263328	0.001769	0.033480
NC_043968.1	23363048	0.001403	0.029132
NC_043968.1	23523332	0.000411	0.008698
NC_043968.1	23526427	0.000452	0.009502
NC_043968.1	23549876	0.001486	0.030933
NC_043968.1	23550057	0.000437	0.009211
NC_043968.1	23873929	0.000381	0.006485
NC_043968.1	23873932	0.000957	0.276828
NC_043968.1	23874015	0.010576	0.493732
NC_043968.1	23875104	-0.000281	0.282149
NC_043968.1	24215661	0.001905	0.034305
NC_043968.1	25145610	0.001874	0.034262
NC_043968.1	26816655	0.001747	0.032203
NC_043968.1	26816696	0.000531	0.009447
NC_043968.1	26816971	0.009999	0.501994
NC_043968.1	27255589	0.001943	0.034028
NC_043968.1	27255818	0.001487	0.030588
NC_043968.1	27255838	0.001095	0.018130
NC_043968.1	27256077	0.001629	0.032223
NC_043968.1	27271498	0.001998	0.034854
NC_043968.1	27622173	0.000517	0.393619
NC_043968.1	28376579	0.000447	0.008532
NC_043968.1	28649841	0.001827	0.034113
NC_043968.1	28772600	0.014514	0.486333
NC_043968.1	29550632	0.000611	0.010841
NC_043968.1	30278334	0.002086	0.035232
NC_043968.1	31903696	0.000454	0.009535
NC_043968.1	32069312	0.002353	0.038053
NC_043968.1	32149847	0.000397	0.007291
NC_043968.1	32602426	0.014397	0.087867
NC_043968.1	32602540	0.000383	0.008137
NC_043968.1	32602556	0.000428	0.009036
NC_043968.1	32603018	0.001160	0.027620
NC_043968.1	32685993	0.001561	0.030946
NC_043968.1	32685999	0.001541	0.030756
NC_043968.1	32686001	0.000479	0.008485
NC_043968.1	32920587	0.000555	0.010726
NC_043968.1	33765720	0.002146	0.035970
NC_043968.1	33853111	0.002141	0.035916
NC_043968.1	33853167	0.000520	0.010102
NC_043968.1	33978518	0.001283	0.027043
NC_043968.1	33978524	0.001614	0.031618
NC_043968.1	33978550	0.001875	0.034633
NC_043968.1	34498552	0.000633	0.011194
NC_043968.1	34498564	0.002107	0.035590
NC_043968.1	34731152	0.002288	0.037382
NC_043968.1	34755016	0.000506	0.010493
NC_043968.1	34755047	0.001651	0.032975
NC_043968.1	34940735	0.001752	0.033303
NC_043968.1	34940738	0.001088	0.018655
NC_043968.1	35818200	0.001504	0.031303
NC_043968.1	35818243	0.000483	0.009446
NC_043968.1	35964051	0.002344	0.037958
NC_043968.1	35971336	0.005898	0.065278
NC_043968.1	36883798	0.000570	0.010147
NC_043968.1	37302284	0.001309	0.021718
NC_043968.1	37302296	0.000551	0.010228
NC_043968.1	37302365	0.000520	0.010406
NC_043968.1	37318586	0.000663	0.012818
NC_043968.1	41170118	0.001696	0.032707
NC_043968.1	41170168	0.002058	0.035118
NC_043968.1	42081575	0.002104	0.036385
NC_043968.1	42398348	0.000176	0.005506
NC_043968.1	42398357	0.000152	0.005007
NC_043968.1	43443095	0.006589	0.260758
NC_043968.1	43443114	0.011597	0.132282
NC_043968.1	44008053	0.001819	0.033440
NC_043968.1	44501521	0.000443	0.008679
NC_043968.1	44634488	0.002064	0.035952
NC_043968.1	44697742	0.002043	0.034975
NC_043968.1	44697761	0.001606	0.031558
NC_043968.1	46003108	0.000584	0.010381
NC_043968.1	46600198	0.001269	0.028706
NC_043968.1	47711745	0.001455	0.030601
NC_043968.1	47711760	0.001627	0.032006
NC_043968.1	48522844	0.002046	0.034993
NC_043968.1	48827901	0.007337	0.069697
NC_043968.1	48923418	0.000572	0.010179
NC_043968.1	50060714	0.001439	0.030437
NC_043968.1	50060761	0.001810	0.033914
NC_043968.1	50761687	0.001595	0.031861
NC_043968.1	50939076	0.002305	0.037554
NC_043968.1	51024586	0.000348	0.007607
NC_043968.1	51140221	0.000663	0.011680
NC_043968.1	51555852	0.000691	0.012728
NC_043968.1	51757984	0.001698	0.033260
NC_043968.1	51758010	0.002179	0.037196
NC_043968.1	51786632	0.001747	0.033250
NC_043968.1	51990591	0.001911	0.034364
NC_043968.1	51990631	0.002325	0.037762
NC_043968.1	52051833	0.000669	0.011471
NC_043968.1	55179808	0.000477	0.010475
NC_043968.1	55861793	0.000602	0.010683
NC_043968.1	55861963	0.000554	0.009869
NC_043968.1	56394004	0.001568	0.028741
NC_043968.1	56593150	0.001842	0.033670
NC_043968.1	56593299	0.002045	0.035753
NC_043968.1	56681013	0.000681	0.011967
NC_043968.1	56682635	0.000584	0.010382
NC_043968.1	56682640	0.000593	0.010524
NC_043968.1	56684847	0.001837	0.034214
NC_043968.1	56684973	0.001858	0.034443
NC_043968.1	59106539	0.006261	0.071446
NC_043968.1	59106548	0.000391	0.008558
NC_043968.1	59106780	0.000539	0.010441
NC_043968.1	59796372	0.001624	0.031969
NC_043968.1	59797379	0.001941	0.034670
NC_043968.1	59797381	0.001747	0.031644
NC_043968.1	59797395	0.001767	0.032927
NC_043968.1	59797451	0.004814	0.051326
NC_043968.1	59797459	0.001617	0.032572
NC_043968.1	59798525	0.001804	0.033854
NC_043968.1	59800341	0.002570	0.040045
NC_043968.1	59800912	0.002110	0.035618
NC_043968.1	59801002	0.001827	0.032949
NC_043968.1	59801030	0.001888	0.033509
NC_043968.1	59801078	0.001846	0.033119
NC_043968.1	59801079	0.000570	0.010159
NC_043968.1	59801125	0.007025	0.203330
NC_043968.1	59801131	0.000735	0.014322
NC_043968.1	59801817	0.001854	0.033236
NC_043968.1	59801820	0.002014	0.035430
NC_043968.1	59801881	0.000433	0.009133
NC_043968.1	60144758	0.000285	0.006425
NC_043968.1	60226543	0.012862	0.295650
NC_043968.1	60226610	0.002240	0.191410
NC_043968.1	60933344	0.000718	0.011311
NC_043968.1	62099217	0.001763	0.034325
NC_043968.1	62904945	0.001532	0.032313
NC_043968.1	63501450	0.002286	0.037362
NC_043968.1	63706506	0.004419	0.432469
NC_043968.1	63909362	0.001939	0.034645
NC_043968.1	63909419	0.000484	0.009464
NC_043968.1	64280633	0.000018	0.002093
NC_043968.1	64280657	0.000129	0.016297
NC_043968.1	64381834	0.008533	0.453884
NC_043968.1	64579282	0.001834	0.033592
NC_043968.1	65031082	0.005769	0.478121
NC_043968.1	65697655	0.001146	0.024729
NC_043968.1	65878118	0.001417	0.029498
NC_043968.1	65878128	0.001237	0.022571
NC_043968.1	65878129	0.005874	0.159383
NC_043968.1	65898662	0.000502	0.009695
NC_043968.1	65982966	0.000099	0.308566
NC_043968.1	65995318	0.009441	0.155459
NC_043968.1	66568431	0.006444	0.062869
NC_043968.1	66568467	0.001787	0.033121
NC_043968.1	66568469	0.001792	0.033173
NC_043968.1	66618502	0.001742	0.033439
NC_043968.1	67175020	0.000501	0.010235
NC_043968.1	67175030	0.001784	0.033561
NC_043968.1	67175031	0.001892	0.034675
NC_043968.1	67175047	0.001880	0.034543
NC_043968.1	67252706	0.001888	0.034412
NC_043968.1	67450324	0.002063	0.035167
NC_043968.1	68244564	0.000341	0.007773
NC_043968.1	68244585	0.000419	0.008855
NC_043968.1	68715065	0.000492	0.010646
NC_043968.1	68715320	0.002014	0.034691
NC_043968.1	68716140	0.001455	0.030598
NC_043968.1	68716773	0.001693	0.032049
NC_043968.1	69650370	0.000434	0.009109
NC_043968.1	69699908	0.003458	0.394268
NC_043968.1	70171251	0.001899	0.034899
NC_043968.1	70171280	0.003942	0.217220
NC_043968.1	70646216	0.008459	0.124608
NC_043968.1	70646225	0.001318	0.027024
NC_043968.1	70646229	0.008576	0.123094
NC_043968.1	71115432	0.001923	0.034372
NC_043968.1	71285461	0.005905	0.336866
NC_043968.1	71504452	0.001981	0.035078
NC_043968.1	72168166	0.000748	0.013001
NC_043968.1	72184886	0.001762	0.032882
NC_043968.1	72235352	0.000495	0.009663
NC_043968.1	72361093	0.000288	0.006581
NC_043968.1	72361137	0.001263	0.028992
NC_043968.1	72361282	0.000950	0.022294
NC_043968.1	74285704	0.009837	0.090733
NC_043968.1	74285767	0.000474	0.009900
NC_043968.1	75417773	0.000505	0.010314
NC_043968.1	75548440	0.002461	0.038963
NC_043968.1	76048142	0.001906	0.034311
NC_043968.1	76048291	0.007842	0.239891
NC_043968.1	76148845	0.000565	0.010054
NC_043968.1	76149214	0.002084	0.036171
NC_043968.1	76234251	0.000541	0.010470
NC_043968.1	76254503	0.000417	0.009335
NC_043968.1	76670089	0.000996	0.026396
NC_043968.1	76670176	0.000603	0.233214
NC_043968.1	76670395	0.005072	0.191058
NC_043968.1	76670417	0.006867	0.405711
NC_043968.1	76670518	0.003960	0.472247
NC_043968.1	76670709	0.019077	0.471194
NC_043968.1	76670720	0.000848	0.313604
NC_043968.1	76686220	0.001783	0.033633
NC_043968.1	77140131	0.007484	0.215370
NC_043968.1	77282978	0.000401	0.007382
NC_043968.1	77283246	0.001374	0.027645
NC_043968.1	77283706	0.001402	0.030056
NC_043968.1	77283797	0.001764	0.029625
NC_043968.1	77284110	0.000348	0.007890
NC_043968.1	77284112	0.000416	0.008729
NC_043968.1	77289059	0.000231	0.005797
NC_043968.1	77289104	0.000765	0.014104
NC_043968.1	77290637	0.002470	0.062177
NC_043968.1	77290860	0.000455	0.008915
NC_043968.1	77291054	0.000367	0.007797
NC_043968.1	77493586	0.000266	0.006279
NC_043968.1	77525631	0.009718	0.462366
NC_043968.1	77525670	0.019337	0.490583
NC_043968.1	77537035	0.001616	0.032790
NC_043968.1	77609928	0.008004	0.218079
NC_043968.1	77609947	0.000328	0.007494
NC_043968.1	77609948	0.009724	0.111246
NC_043968.1	77610386	0.001092	0.027466
NC_043968.1	77721914	0.000480	0.010270
NC_043968.1	78203254	0.000364	0.006085
NC_043968.1	78341310	0.005229	0.228068
NC_043968.1	78341469	0.017869	0.145682
NC_043968.1	78341557	0.001041	0.017316
NC_043968.1	78367148	0.000422	0.007361
NC_043968.1	78378947	0.000948	0.015951
NC_043968.1	78378951	0.001513	0.030846
NC_043968.1	78652582	0.018015	0.097615
NC_043968.1	78695563	0.002529	0.039583
NC_043968.1	78867697	0.001993	0.035204
NC_043968.1	79097906	0.000392	0.008322
NC_043968.1	79295256	0.000582	0.352695
NC_043968.1	79396718	0.002008	0.034630
NC_043968.1	79416572	0.000027	0.000353
NC_043968.1	79416576	0.000023	0.000320
NC_043968.1	79416579	0.000021	0.000310
NC_043968.1	79416582	0.001526	0.016728
NC_043968.1	79416583	0.000015	0.000254
NC_043968.1	79416584	0.000019	0.000296
NC_043968.1	79416594	0.004944	0.065395
NC_043968.1	79416605	0.000011	0.000212
NC_043968.1	79416607	0.000010	0.000197
NC_043968.1	79416611	0.000020	0.000304
NC_043968.1	79416629	0.000010	0.000195
NC_043968.1	79416630	0.000011	0.000205
NC_043968.1	79416648	0.000021	0.000303
NC_043968.1	79416649	0.000021	0.000304
NC_043968.1	79416651	0.000029	0.000366
NC_043968.1	79416663	0.000050	0.000491
NC_043968.1	79416668	0.000038	0.000422
NC_043968.1	79416669	0.000038	0.000423
NC_043968.1	79462563	0.001865	0.033295
NC_043968.1	79537876	0.001900	0.034904
NC_043968.1	79751685	0.000315	0.008067
NC_043968.1	79898144	0.001262	0.028954
NC_043968.1	79898176	0.000376	0.008246
NC_043968.1	79898375	0.001848	0.033559
NC_043968.1	79898400	0.007280	0.086643
NC_043968.1	79898441	0.001614	0.031809
NC_043968.1	79898453	0.001439	0.030290
NC_043968.1	80047199	0.000373	0.009536
NC_043968.1	80047210	0.000387	0.009626
NC_043968.1	80047222	0.009606	0.115810
NC_043968.1	80047224	0.000319	0.007968
NC_043968.1	80047301	0.000192	0.005896
NC_043968.1	80047324	0.008460	0.131677
NC_043968.1	80047355	0.001173	0.027842
NC_043968.1	80149630	0.005951	0.064052
NC_043968.1	80231867	0.002115	0.036029
NC_043968.1	80263213	0.001756	0.032296
NC_043968.1	80292381	0.000460	0.009639
NC_043968.1	80310509	0.000371	0.008967
NC_043968.1	80310629	0.001538	0.031097
NC_043968.1	80334151	0.002066	0.036339
NC_043968.1	80368055	0.001034	0.018358
NC_043968.1	80376505	0.001871	0.312215
NC_043968.1	80412129	0.000651	0.011485
NC_043968.1	80412182	0.001755	0.033911
NC_043968.1	80412378	0.005741	0.063698
NC_043968.1	80412645	0.002240	0.036892
NC_043968.1	80526517	0.006717	0.225783
NC_043968.1	80526518	0.000242	0.004849
NC_043968.1	80526521	0.000302	0.005642
NC_043968.1	80562446	0.000581	0.010328
NC_043968.1	80623518	0.001932	0.035264
NC_043968.1	80646608	0.007433	0.070483
NC_043968.1	80646933	0.006008	0.063199
NC_043968.1	80655599	0.001453	0.030581
NC_043968.1	80655734	0.000427	0.008368
NC_043968.1	80655792	0.001446	0.030189
NC_043968.1	80709099	0.000361	0.006876
NC_043968.1	80737939	0.020272	0.497119
NC_043968.1	80737948	0.009375	0.422494
NC_043968.1	80737974	0.000211	0.004696
NC_043968.1	80738222	0.003409	0.178309
NC_043968.1	80739419	0.000196	0.004867
NC_043968.1	80739448	0.000356	0.336644
NC_043968.1	80739455	-0.000745	0.257923
NC_043968.1	80739469	0.000163	0.004665
NC_043968.1	80743645	0.008004	0.443498
NC_043968.1	80847359	0.004470	0.439879
NC_043968.1	80848858	0.001659	0.031414
NC_043968.1	80866018	0.005063	0.404967
NC_043968.1	80866022	0.007295	0.107838
NC_043968.1	80866031	0.000106	0.003454
NC_043968.1	80866045	0.005551	0.132658
NC_043968.1	80866079	0.005380	0.092257
NC_043968.1	80866087	0.000700	0.226818
NC_043968.1	80866096	0.001606	0.202550
NC_043968.1	80867120	0.000267	0.228838
NC_043968.1	80867138	0.000073	0.002243
NC_043968.1	80867145	0.003073	0.188415
NC_043968.1	80867154	0.005493	0.089618
NC_043968.1	80867156	0.001910	0.170641
NC_043968.1	80867188	0.008866	0.100743
NC_043968.1	80867195	0.002423	0.431807
NC_043968.1	80867211	0.012321	0.455908
NC_043968.1	80867225	0.026888	0.513091
NC_043968.1	80869383	0.000232	0.004806
NC_043968.1	80869394	0.011968	0.120817
NC_043968.1	80869409	0.005835	0.235571
NC_043968.1	80869415	0.004516	0.195638
NC_043968.1	80869423	0.020393	0.507145
NC_043968.1	80877787	0.008626	0.090871
NC_043968.1	80877791	0.000170	0.003958
NC_043968.1	80877792	0.000868	0.024905
NC_043968.1	80877827	0.006547	0.429174
NC_043968.1	80877942	0.000246	0.003580
NC_043968.1	80878173	0.003515	0.175848
NC_043968.1	80878200	0.002938	0.185679
NC_043968.1	80878253	-0.000354	0.281230
NC_043968.1	80878254	0.003902	0.378706
NC_043968.1	80878269	0.000174	0.003730
NC_043968.1	80878270	0.012756	0.145243
NC_043968.1	80878277	0.000853	0.024033
NC_043968.1	80879565	0.012673	0.248857
NC_043968.1	80880063	0.017011	0.475261
NC_043968.1	80880103	0.004750	0.454662
NC_043968.1	80881264	0.000492	0.008735
NC_043968.1	80881606	0.000179	0.387549
NC_043968.1	80881621	0.039495	0.405128
NC_043968.1	80881809	0.017391	0.496489
NC_043968.1	80881823	0.000319	0.006062
NC_043968.1	80883398	0.000227	0.004349
NC_043968.1	80883513	0.000082	0.002399
NC_043968.1	80883522	0.000115	0.002955
NC_043968.1	80889100	0.001100	0.026967
NC_043968.1	80889101	0.011001	0.442612
NC_043968.1	80889124	-0.000315	0.259353
NC_043968.1	80889237	0.008488	0.089222
NC_043968.1	80890739	0.000379	0.192367
NC_043968.1	80891337	0.000610	0.308783
NC_043968.1	80892858	0.015455	0.393935
NC_043968.1	80893052	0.008168	0.088626
NC_043968.1	80893080	0.000112	0.361618
NC_043968.1	80893145	0.012998	0.498447
NC_043968.1	80893170	0.000569	0.011679
NC_043968.1	80933710	0.005545	0.059533
NC_043968.1	80934174	0.002265	0.036817
NC_043968.1	80936575	0.002420	0.039560
NC_043968.1	80936594	0.000449	0.009117
NC_043968.1	80936806	0.003724	0.402327
NC_043968.1	80936838	0.004387	0.194430
NC_043968.1	80945717	0.010235	0.452580
NC_043968.1	80946656	0.000457	0.009982
NC_043968.1	80946675	0.000584	0.346529
NC_043968.1	80946720	0.005282	0.166741
NC_043968.1	80947073	0.000414	0.008695
NC_043968.1	80947295	0.014099	0.449471
NC_043968.1	80947508	0.005347	0.198071
NC_043968.1	80947946	0.006722	0.074437
NC_043968.1	80948003	0.003242	0.218207
NC_043968.1	80948032	0.000523	0.339031
NC_043968.1	80948182	0.007954	0.097449
NC_043968.1	80948206	0.000964	0.019354
NC_043968.1	80949747	0.000789	0.024362
NC_043968.1	80949749	0.000138	0.005002
NC_043968.1	80949761	0.000138	0.004935
NC_043968.1	80949771	0.006586	0.083692
NC_043968.1	80949832	0.007857	0.159028
NC_043968.1	80949846	0.017007	0.505747
NC_043968.1	80949862	0.002514	0.038924
NC_043968.1	80950259	0.035430	0.397557
NC_043968.1	80950367	0.000209	0.004774
NC_043968.1	80950410	0.003027	0.227592
NC_043968.1	80950417	0.000223	0.005674
NC_043968.1	80950509	0.001064	0.333562
NC_043968.1	80950572	-0.000188	0.286972
NC_043968.1	80950604	0.001305	0.028772
NC_043968.1	80950638	0.011836	0.504389
NC_043968.1	80950659	0.001620	0.270017
NC_043968.1	80950717	0.000188	0.371064
NC_043968.1	80950977	0.005467	0.200595
NC_043968.1	80950991	0.008289	0.476843
NC_043968.1	80951034	0.000649	0.011452
NC_043968.1	80951209	0.000653	0.316495
NC_043968.1	80951814	0.005350	0.226447
NC_043968.1	80951818	0.006721	0.080341
NC_043968.1	80958136	0.000513	0.009991
NC_043968.1	80958625	0.007708	0.166003
NC_043968.1	80958632	0.002820	0.042094
NC_043968.1	80958634	0.005916	0.168678
NC_043968.1	80959328	0.000223	0.005849
NC_043968.1	80959348	-0.000630	0.286861
NC_043968.1	80959352	0.000208	0.005147
NC_043968.1	80959366	0.000145	0.003987
NC_043968.1	80959371	0.000717	0.023545
NC_043968.1	80959382	0.000697	0.023308
NC_043968.1	80959399	0.003123	0.196346
NC_043968.1	80959422	0.000152	0.004039
NC_043968.1	81047765	0.000265	0.004695
NC_043968.1	81058679	0.000433	0.010857
NC_043968.1	81058680	0.000151	0.300813
NC_043968.1	81059907	0.001246	0.028216
NC_043968.1	81070045	0.001517	0.029137
NC_043968.1	81070048	0.000287	0.006277
NC_043968.1	81125915	0.001347	0.028949
NC_043968.1	81125917	0.000418	0.007254
NC_043968.1	81125919	0.000427	0.007460
NC_043968.1	81125966	0.005338	0.491770
NC_043968.1	81126103	0.004311	0.188248
NC_043968.1	81130048	0.000232	0.005795
NC_043968.1	81130059	0.002869	0.207942
NC_043968.1	81130069	0.002839	0.233606
NC_043968.1	81130642	0.001494	0.029853
NC_043968.1	81130931	0.000396	0.007735
NC_043968.1	81131809	0.000256	0.004288
NC_043968.1	81134446	0.006150	0.086303
NC_043968.1	81134607	-0.000408	0.272241
NC_043968.1	81135476	0.001346	0.028456
NC_043968.1	81142146	0.004417	0.240509
NC_043968.1	81142147	0.003166	0.238191
NC_043968.1	81142149	0.003661	0.380729
NC_043968.1	81142154	0.013597	0.504468
NC_043968.1	81149288	0.000282	0.007064
NC_043968.1	81149527	0.002292	0.369390
NC_043968.1	81149530	0.004457	0.184383
NC_043968.1	81150715	0.009980	0.470734
NC_043968.1	81150789	0.000282	0.006909
NC_043968.1	81154256	0.001494	0.030315
NC_043968.1	81159330	0.000948	0.025832
NC_043968.1	81159348	0.000221	0.005971
NC_043968.1	81165004	0.000266	0.006454
NC_043968.1	81165012	0.006516	0.405005
NC_043968.1	81165023	0.002801	0.480697
NC_043968.1	81173946	0.003611	0.254761
NC_043968.1	81173947	0.007591	0.473840
NC_043968.1	81173952	0.000273	0.004933
NC_043968.1	81173966	0.000415	0.346159
NC_043968.1	81175130	0.000049	0.000482
NC_043968.1	81175138	0.000045	0.000459
NC_043968.1	81175147	0.000057	0.000520
NC_043968.1	81175162	0.000042	0.000441
NC_043968.1	81175174	0.000044	0.000451
NC_043968.1	81175195	0.011655	0.117760
NC_043968.1	81175204	0.000058	0.000524
NC_043968.1	81175205	0.000065	0.000564
NC_043968.1	81175217	0.000121	0.002645
NC_043968.1	81175234	0.000079	0.000638
NC_043968.1	81175247	0.000219	0.003059
NC_043968.1	81175263	0.000105	0.000756
NC_043968.1	81175319	0.000047	0.000502
NC_043968.1	81175357	0.000057	0.000766
NC_043968.1	81175368	0.000069	0.000633
NC_043968.1	81197615	0.013274	0.176526
NC_043968.1	81197621	0.000088	0.000984
NC_043968.1	81197627	0.000083	0.000807
NC_043968.1	81197643	0.000043	0.000489
NC_043968.1	81197656	0.000405	0.020153
NC_043968.1	81197666	0.007058	0.149354
NC_043969.1	84982	0.008913	0.224559
NC_043969.1	103703	0.011289	0.438629
NC_043969.1	103732	0.000185	0.004299
NC_043969.1	103755	0.000420	0.241782
NC_043969.1	111136	0.001307	0.400407
NC_043969.1	283208	0.005418	0.061372
NC_043969.1	543483	0.000558	0.009930
NC_043969.1	593426	0.000362	0.007646
NC_043969.1	654981	0.000438	0.008592
NC_043969.1	1210835	0.005877	0.491155
NC_043969.1	1241976	0.000454	0.008890
NC_043969.1	1264796	0.000604	0.010688
NC_043969.1	1286028	0.000507	0.010760
NC_043969.1	1326749	0.004405	0.167408
NC_043969.1	1326844	0.000299	0.007072
NC_043969.1	1326910	0.000385	0.007030
NC_043969.1	1326916	0.000368	0.006663
NC_043969.1	1327101	0.000454	0.009541
NC_043969.1	1327198	0.000318	0.006724
NC_043969.1	1327227	0.002214	0.405347
NC_043969.1	1327383	0.000597	0.340962
NC_043969.1	1412394	0.000593	0.010535
NC_043969.1	5378266	0.000554	0.010697
NC_043969.1	5471159	0.001836	0.033869
NC_043969.1	5471165	0.001860	0.033846
NC_043969.1	5720883	0.004933	0.057136
NC_043969.1	5722593	0.001833	0.032994
NC_043969.1	5722637	0.009411	0.089933
NC_043969.1	5722639	0.001421	0.027434
NC_043969.1	5722688	0.001849	0.033021
NC_043969.1	5722694	0.000567	0.009934
NC_043969.1	5722769	0.001560	0.030940
NC_043969.1	5722812	0.010858	0.096221
NC_043969.1	5727167	0.000448	0.305852
NC_043969.1	5730798	0.000036	0.296207
NC_043969.1	5730842	0.001195	0.028432
NC_043969.1	5730847	0.000318	0.008049
NC_043969.1	5730900	0.003477	0.223764
NC_043969.1	5730901	0.003864	0.051071
NC_043969.1	5730902	0.001189	0.028291
NC_043969.1	5730932	0.001176	0.028060
NC_043969.1	5730943	0.003597	0.221279
NC_043969.1	5731482	0.000798	0.362638
NC_043969.1	5731531	0.000537	0.009978
NC_043969.1	5742047	0.001909	0.033693
NC_043969.1	5742125	0.000452	0.008865
NC_043969.1	5747452	0.000283	0.007293
NC_043969.1	5749561	0.001627	0.031848
NC_043969.1	5756521	0.009751	0.086871
NC_043969.1	5757657	0.002070	0.036016
NC_043969.1	5757712	0.017457	0.131248
NC_043969.1	5757717	0.000562	0.011475
NC_043969.1	5757769	0.001648	0.032423
NC_043969.1	5757775	0.001716	0.033155
NC_043969.1	5757792	0.010538	0.102057
NC_043969.1	5762796	0.005698	0.063480
NC_043969.1	5764626	0.002143	0.035933
NC_043969.1	5765012	0.001575	0.031074
NC_043969.1	5765352	0.002079	0.035163
NC_043969.1	5765723	0.002022	0.291585
NC_043969.1	5766271	0.001876	0.034016
NC_043969.1	5766665	0.000612	0.010845
NC_043969.1	5770417	0.003860	0.052845
NC_043969.1	5770981	0.000709	0.012464
NC_043969.1	5771014	0.001874	0.033994
NC_043969.1	5772124	0.009273	0.088515
NC_043969.1	5772145	0.001444	0.029849
NC_043969.1	5772615	0.001775	0.032352
NC_043969.1	5773083	0.001662	0.031335
NC_043969.1	5776591	0.001788	0.032583
NC_043969.1	5776630	0.000413	0.008088
NC_043969.1	5776698	0.008959	0.140402
NC_043969.1	5776705	0.007859	0.142161
NC_043969.1	5781411	0.001550	0.030839
NC_043969.1	5781822	0.001733	0.032504
NC_043969.1	5786601	0.001861	0.034126
NC_043969.1	5794633	0.000413	0.008738
NC_043969.1	5794673	0.010686	0.118497
NC_043969.1	5794681	0.000887	0.015973
NC_043969.1	5794844	0.001153	0.023950
NC_043969.1	5794861	0.017519	0.506946
NC_043969.1	5809183	0.001497	0.030995
NC_043969.1	5809184	0.001476	0.030767
NC_043969.1	5809973	0.001816	0.034635
NC_043969.1	5809983	0.001529	0.031567
NC_043969.1	5809986	0.001557	0.031888
NC_043969.1	5813081	0.001058	0.247171
NC_043969.1	5813127	0.004824	0.442327
NC_043969.1	5813393	0.000451	0.008572
NC_043969.1	5813395	0.000883	0.016993
NC_043969.1	5814750	0.001240	0.028162
NC_043969.1	5814755	0.001269	0.028435
NC_043969.1	5814767	0.001313	0.028849
NC_043969.1	5815941	0.001635	0.031638
NC_043969.1	5816913	0.005231	0.059553
NC_043969.1	5816971	0.000441	0.009543
NC_043969.1	5817003	0.000443	0.009570
NC_043969.1	5817005	0.000443	0.009584
NC_043969.1	5819453	0.001878	0.033921
NC_043969.1	5819590	0.000361	0.007512
NC_043969.1	5819614	0.000388	0.008086
NC_043969.1	5821475	0.002044	0.036566
NC_043969.1	6168170	0.002043	0.034820
NC_043969.1	6435455	0.002269	0.037187
NC_043969.1	7275520	0.002056	0.035091
NC_043969.1	7863428	0.001720	0.032961
NC_043969.1	8215899	0.016154	0.493876
NC_043969.1	8215945	0.000455	0.009799
NC_043969.1	8675148	0.001887	0.034757
NC_043969.1	8675149	0.006488	0.067136
NC_043969.1	10026464	0.002044	0.035746
NC_043969.1	10042559	0.000538	0.011048
NC_043969.1	10387507	0.001964	0.034226
NC_043969.1	10694641	0.001838	0.033634
NC_043969.1	10788135	0.005063	0.489227
NC_043969.1	11667929	0.000532	0.009470
NC_043969.1	11872610	0.000358	0.008996
NC_043969.1	11873467	0.000447	0.009923
NC_043969.1	11887728	0.001767	0.033460
NC_043969.1	11887840	0.000609	0.011630
NC_043969.1	11934885	0.003595	0.403722
NC_043969.1	11934892	0.000920	0.015549
NC_043969.1	11934904	0.000524	0.009320
NC_043969.1	12064962	0.000316	0.007898
NC_043969.1	12064964	0.009008	0.113208
NC_043969.1	12335917	0.000376	0.007083
NC_043969.1	12335958	0.010634	0.211282
NC_043969.1	12335961	0.000413	0.314321
NC_043969.1	12336005	0.000331	0.006330
NC_043969.1	12336035	0.000307	0.005746
NC_043969.1	12405547	0.001266	0.027038
NC_043969.1	12406293	0.000150	0.002958
NC_043969.1	12406977	0.004005	0.051126
NC_043969.1	12406981	0.000435	0.009105
NC_043969.1	12446159	0.000421	0.009288
NC_043969.1	12446218	0.002323	0.390735
NC_043969.1	12446613	0.000384	0.009057
NC_043969.1	12446701	0.010492	0.112173
NC_043969.1	12446709	0.001618	0.032232
NC_043969.1	12446782	0.000542	0.010497
NC_043969.1	12556024	0.007138	0.081646
NC_043969.1	12612018	0.000685	0.012032
NC_043969.1	12688435	0.001275	0.029212
NC_043969.1	12694159	0.003732	0.199211
NC_043969.1	13015678	0.000314	0.007851
NC_043969.1	13015684	0.000048	0.267687
NC_043969.1	14055980	0.008523	0.090670
NC_043969.1	14056393	0.000458	0.009602
NC_043969.1	14243255	0.001810	0.033607
NC_043969.1	14616710	0.002174	0.036242
NC_043969.1	16174789	0.008079	0.504136
NC_043969.1	16482282	0.010443	0.133261
NC_043969.1	16484411	0.007926	0.412791
NC_043969.1	16685762	0.002023	0.034780
NC_043969.1	18063583	0.001951	0.034099
NC_043969.1	18063616	0.000563	0.010026
NC_043969.1	18298557	0.001553	0.031248
NC_043969.1	18298562	0.001508	0.030804
NC_043969.1	18338081	0.001745	0.033474
NC_043969.1	18586529	0.000461	0.009912
NC_043969.1	18586658	0.008020	0.455795
NC_043969.1	18606744	0.001715	0.032911
NC_043969.1	18606829	0.001734	0.033111
NC_043969.1	19258037	0.002003	0.035312
NC_043969.1	19986315	0.001546	0.031176
NC_043969.1	20231801	0.001874	0.033992
NC_043969.1	20244081	0.000157	0.246784
NC_043969.1	20848392	0.002126	0.035550
NC_043969.1	21651895	0.000587	0.010432
NC_043969.1	22044556	0.002143	0.035933
NC_043969.1	22254265	0.000613	0.011719
NC_043969.1	22499321	0.000594	0.010543
NC_043969.1	22599715	0.000526	0.010207
NC_043969.1	23118195	0.002226	0.036759
NC_043969.1	23250593	0.000134	0.002527
NC_043969.1	23354501	0.000531	0.010305
NC_043969.1	23354532	0.001617	0.031898
NC_043969.1	23354534	0.001608	0.031805
NC_043969.1	23354604	0.000428	0.008153
NC_043969.1	23354681	0.001839	0.033636
NC_043969.1	23635120	0.001520	0.031713
NC_043969.1	23652260	0.009689	0.110679
NC_043969.1	23652273	0.003747	0.216065
NC_043969.1	23652323	0.005785	0.473013
NC_043969.1	23652407	0.001124	0.018561
NC_043969.1	23652423	0.001026	0.026446
NC_043969.1	23652516	0.000311	0.006830
NC_043969.1	23652928	0.010759	0.097253
NC_043969.1	23807801	0.002368	0.038207
NC_043969.1	23980027	0.002171	0.036213
NC_043969.1	24201488	0.001934	0.034601
NC_043969.1	24826489	0.005616	0.374823
NC_043969.1	24826502	0.000021	0.000414
NC_043969.1	24826522	0.000041	0.000763
NC_043969.1	24826524	0.003104	0.432591
NC_043969.1	24826526	0.000029	0.000702
NC_043969.1	24826567	0.000028	0.000451
NC_043969.1	24826577	0.000041	0.000791
NC_043969.1	24853217	0.000409	0.008922
NC_043969.1	27889392	0.000437	0.008577
NC_043969.1	28043706	0.002149	0.036863
NC_043969.1	28044872	0.005127	0.060685
NC_043969.1	28044897	0.001442	0.030461
NC_043969.1	28046977	0.000596	0.011411
NC_043969.1	28190630	0.000477	0.008445
NC_043969.1	28190645	0.001737	0.032120
NC_043969.1	28190648	0.001554	0.030476
NC_043969.1	29286850	0.001762	0.032345
NC_043969.1	30000148	0.000501	0.009765
NC_043969.1	30000224	0.001441	0.029452
NC_043969.1	31924543	0.002002	0.034577
NC_043969.1	32159337	0.000341	0.007719
NC_043969.1	32159375	0.001608	0.031579
NC_043969.1	32159439	0.001539	0.030740
NC_043969.1	34812445	0.000401	0.008505
NC_043969.1	34812511	0.001165	0.028059
NC_043969.1	34812535	0.004113	0.054406
NC_043969.1	34812554	0.001051	0.019845
NC_043969.1	34812733	0.000628	0.011114
NC_043969.1	35188410	0.000485	0.008595
NC_043969.1	35188447	0.005456	0.058877
NC_043969.1	35327825	0.002522	0.280803
NC_043969.1	35695514	0.001304	0.029785
NC_043969.1	36309947	0.006750	0.065122
NC_043969.1	36310084	0.001684	0.032590
NC_043969.1	36310091	0.001681	0.032556
NC_043969.1	36310093	0.000452	0.009489
NC_043969.1	36310478	0.001491	0.029953
NC_043969.1	36523656	0.002132	0.035827
NC_043969.1	36865175	0.000009	0.002915
NC_043969.1	36939494	0.009307	0.448817
NC_043969.1	38119832	0.009703	0.100834
NC_043969.1	38176583	0.001045	0.017379
NC_043969.1	38176618	0.000455	0.009550
NC_043969.1	39270710	0.001965	0.034235
NC_043969.1	39270843	0.000937	0.017732
NC_043969.1	39464574	0.003625	0.079107
NC_043969.1	39464580	-0.000752	0.232462
NC_043969.1	39464608	0.002855	0.066096
NC_043969.1	39464612	0.004850	0.064856
NC_043969.1	39464618	0.000019	0.000480
NC_043969.1	39464620	0.003220	0.035719
NC_043969.1	39464629	0.000025	0.003862
NC_043969.1	39464636	-0.001194	0.258065
NC_043969.1	39533968	0.001730	0.031949
NC_043969.1	39672470	0.000459	0.010002
NC_043969.1	39673688	0.000312	0.007484
NC_043969.1	39673740	0.001271	0.029084
NC_043969.1	39674025	0.000386	0.008904
NC_043969.1	40164103	0.001513	0.031628
NC_043969.1	40164120	0.000442	0.009826
NC_043969.1	40304828	0.001954	0.034120
NC_043969.1	40305013	0.000504	0.008960
NC_043969.1	40305099	0.000383	0.008148
NC_043969.1	40660066	0.012680	0.135603
NC_043969.1	40661601	0.000743	0.012930
NC_043969.1	40751045	0.001919	0.035066
NC_043969.1	40753820	0.001803	0.033278
NC_043969.1	41045106	0.000349	0.007956
NC_043969.1	41045136	0.000321	0.008002
NC_043969.1	41045181	0.001975	0.034325
NC_043969.1	41045246	0.002220	0.036628
NC_043969.1	41045322	0.001830	0.033804
NC_043969.1	41193163	0.002055	0.035086
NC_043969.1	41313973	0.004889	0.056793
NC_043969.1	41314011	0.000286	0.006994
NC_043969.1	41314234	0.000390	0.007621
NC_043969.1	41314264	0.001611	0.030981
NC_043969.1	41314359	0.000463	0.008186
NC_043969.1	41314424	0.001010	0.371057
NC_043969.1	41314694	0.001837	0.033041
NC_043969.1	41459175	0.000394	0.008881
NC_043969.1	41459575	0.000419	0.009338
NC_043969.1	41459608	0.000513	0.009866
NC_043969.1	41479686	0.001523	0.031116
NC_043969.1	41479690	0.000516	0.010909
NC_043969.1	41479866	0.001405	0.029785
NC_043969.1	41803935	0.000691	0.330676
NC_043969.1	41804180	0.015572	0.494102
NC_043969.1	41890240	0.001263	0.366050
NC_043969.1	41890242	0.010444	0.099827
NC_043969.1	41890290	0.002166	0.036166
NC_043969.1	42182060	0.001524	0.030598
NC_043969.1	42182079	0.001142	0.019870
NC_043969.1	42182108	0.007957	0.101710
NC_043969.1	42313131	0.009822	0.438518
NC_043969.1	42625249	0.001676	0.032040
NC_043969.1	42743422	0.000522	0.010136
NC_043969.1	42908640	0.030864	0.277533
NC_043969.1	42908695	0.015901	0.159235
NC_043969.1	43375548	0.006095	0.063898
NC_043969.1	43408370	0.001735	0.032618
NC_043969.1	43587910	0.000493	0.008749
NC_043969.1	43587966	0.000351	0.006930
NC_043969.1	43591698	0.005731	0.063823
NC_043969.1	43713571	0.000469	0.009489
NC_043969.1	43713628	0.002002	0.034576
NC_043969.1	43714113	0.001886	0.033490
NC_043969.1	43942266	0.001615	0.031878
NC_043969.1	44069845	0.000523	0.009950
NC_043969.1	44070056	0.005189	0.061250
NC_043969.1	44070168	0.000292	0.006113
NC_043969.1	44070189	0.010814	0.095418
NC_043969.1	44191219	0.010653	0.107082
NC_043969.1	44191249	0.007238	0.068891
NC_043969.1	44191250	0.007607	0.071831
NC_043969.1	44859514	0.013797	0.481128
NC_043969.1	44859530	0.001525	0.030609
NC_043969.1	44859557	0.000409	0.008024
NC_043969.1	44859606	0.001925	0.033268
NC_043969.1	44859761	0.000376	0.008513
NC_043969.1	44859906	0.013929	0.480850
NC_043969.1	44859948	0.000345	0.007338
NC_043969.1	44860366	0.002166	0.036159
NC_043969.1	44860392	0.002091	0.035427
NC_043969.1	44908506	0.000408	0.007988
NC_043969.1	44908532	0.005199	0.243729
NC_043969.1	44983746	0.000443	0.010509
NC_043969.1	44983749	0.004431	0.183025
NC_043969.1	45027177	0.001207	0.021740
NC_043969.1	45027184	0.000416	0.354728
NC_043969.1	45029950	0.000505	0.009841
NC_043969.1	45237410	0.000234	0.006327
NC_043969.1	45404318	0.024970	0.474760
NC_043969.1	45404351	0.000457	0.383510
NC_043969.1	45404356	0.000372	0.309859
NC_043969.1	45404361	0.006779	0.077268
NC_043969.1	45698637	0.004642	0.054860
NC_043969.1	45698728	0.000383	0.007477
NC_043969.1	45698746	0.000595	0.012592
NC_043969.1	45698765	0.000199	0.004911
NC_043969.1	45698784	0.000263	0.007983
NC_043969.1	45698793	0.000315	0.008099
NC_043969.1	45699047	0.000312	0.006592
NC_043969.1	45699052	0.009956	0.106164
NC_043969.1	45699314	0.000611	0.010838
NC_043969.1	45737747	0.001850	0.033154
NC_043969.1	45737942	0.000433	0.008488
NC_043969.1	45773131	0.002048	0.035024
NC_043969.1	45773156	0.000397	0.007766
NC_043969.1	45833076	0.010334	0.134849
NC_043969.1	45880236	0.001762	0.032882
NC_043969.1	45892986	0.001861	0.033263
NC_043969.1	45893013	0.001864	0.033893
NC_043969.1	45893016	0.000536	0.010387
NC_043969.1	45893033	0.001872	0.034600
NC_043969.1	46302854	0.000754	0.013094
NC_043969.1	46302858	0.002035	0.380716
NC_043969.1	46302891	0.001965	0.034918
NC_043969.1	46385844	0.001395	0.029640
NC_043969.1	46385889	0.001162	0.027595
NC_043969.1	46398910	0.001259	0.327038
NC_043969.1	46398919	0.010512	0.501609
NC_043969.1	46465320	0.000604	0.011594
NC_043969.1	46465629	0.001713	0.032399
NC_043969.1	46535599	0.001941	0.034008
NC_043969.1	46596311	0.001584	0.030741
NC_043969.1	46623887	0.001919	0.034444
NC_043969.1	46624443	0.000378	0.008284
NC_043969.1	47009202	0.000519	0.010089
NC_043969.1	47025242	0.001636	0.031662
NC_043969.1	47025370	0.001431	0.029730
NC_043969.1	47025374	0.001455	0.029948
NC_043969.1	47025431	0.000372	0.008433
NC_043969.1	47344059	0.001229	0.028305
NC_043969.1	47404459	0.000601	0.010665
NC_043969.1	47604814	0.000511	0.010575
NC_043969.1	47604898	0.000943	0.016859
NC_043969.1	47604907	0.001003	0.017827
NC_043969.1	47837591	0.002024	0.034792
NC_043969.1	47903724	0.001874	0.034623
NC_043969.1	47903749	0.001741	0.033431
NC_043969.1	47913637	0.001610	0.031592
NC_043969.1	47913681	0.033425	0.286696
NC_043969.1	47913798	0.013179	0.478474
NC_043969.1	47913850	0.002106	0.036396
NC_043969.1	47964042	0.000537	0.011535
NC_043969.1	47964054	0.000387	0.009168
NC_043969.1	47965021	0.001831	0.033975
NC_043969.1	47965232	0.001827	0.032949
NC_043969.1	48028060	0.009377	0.494265
NC_043969.1	48126796	0.002019	0.034741
NC_043969.1	48126870	0.002587	0.040580
NC_043969.1	48129163	0.000494	0.010791
NC_043969.1	48129201	0.001992	0.034484
NC_043969.1	48129672	0.000458	0.009280
NC_043969.1	48151097	0.006225	0.064915
NC_043969.1	48151125	0.007597	0.168868
NC_043969.1	48151161	0.001901	0.033628
NC_043969.1	48161725	0.000586	0.010407
NC_043969.1	48163612	0.000373	0.007941
NC_043969.1	48163693	0.000601	0.010658
NC_043969.1	48198263	0.001859	0.034110
NC_043969.1	48313677	0.006802	0.154366
NC_043969.1	48313682	0.000540	0.011666
NC_043969.1	48313695	0.006990	0.080333
NC_043969.1	48319480	0.008421	0.085424
NC_043969.1	48319484	0.011823	0.167681
NC_043969.1	48319496	0.000172	0.005282
NC_043969.1	48319564	0.000031	0.001297
NC_043969.1	48319565	0.005357	0.087630
NC_043969.1	48319596	0.005350	0.102649
NC_043969.1	48511703	0.000475	0.008415
NC_043969.1	48513634	0.000350	0.007977
NC_043969.1	48524924	0.001722	0.032706
NC_043969.1	48524928	0.000506	0.009855
NC_043969.1	48565922	0.000406	0.009132
NC_043969.1	48566154	0.002039	0.035687
NC_043969.1	48683448	0.001808	0.033330
NC_043969.1	48686150	0.001727	0.033425
NC_043969.1	48686468	0.000869	0.341337
NC_043969.1	48686627	0.000397	0.008423
NC_043969.1	48686796	0.001496	0.030685
NC_043969.1	48709874	0.008158	0.462360
NC_043969.1	48709883	0.000488	0.010159
NC_043969.1	48723658	0.001812	0.032812
NC_043969.1	48750199	0.000408	0.009164
NC_043969.1	48750289	0.000500	0.010057
NC_043969.1	48758203	0.001338	0.029821
NC_043969.1	48759094	0.008648	0.232416
NC_043969.1	48801668	0.001606	0.030940
NC_043969.1	48801766	0.000900	0.015253
NC_043969.1	48825068	0.001619	0.031922
NC_043969.1	48870330	0.000507	0.009871
NC_043969.1	48906661	0.002004	0.034596
NC_043969.1	48906844	0.001821	0.033462
NC_043969.1	48906934	0.001832	0.033574
NC_043969.1	49014816	0.005735	0.061462
NC_043969.1	49259716	0.001951	0.034095
NC_043969.1	49295987	0.000682	0.343295
NC_043969.1	49403278	0.001645	0.031662
NC_043969.1	49403987	0.006934	0.066517
NC_043969.1	49404296	0.001666	0.031475
NC_043969.1	49404444	0.007815	0.445706
NC_043969.1	49404481	0.000521	0.009267
NC_043969.1	49404490	0.000440	0.008623
NC_043969.1	49492558	0.002095	0.035474
NC_043969.1	49493973	0.001442	0.030821
NC_043969.1	49496756	0.000626	0.011083
NC_043969.1	49496819	0.002119	0.035706
NC_043969.1	49552383	0.000369	0.008369
NC_043969.1	49554016	0.000288	0.351461
NC_043969.1	49568115	0.002074	0.035999
NC_043969.1	49568164	0.007868	0.175015
NC_043969.1	49787321	0.001584	0.031983
NC_043969.1	49897597	0.002133	0.035845
NC_043969.1	50026775	0.002092	0.035446
NC_043969.1	50027440	0.002044	0.034981
NC_043969.1	50027502	0.001602	0.030901
NC_043969.1	50030307	0.000474	0.008396
NC_043969.1	50030357	0.000390	0.007395
NC_043969.1	50062458	0.006004	0.169312
NC_043969.1	50062463	0.001456	0.030767
NC_043969.1	50062561	0.001749	0.032976
NC_043969.1	50062646	0.001650	0.031790
NC_043969.1	50062737	0.002214	0.036634
NC_043969.1	50223088	0.001574	0.031752
NC_043969.1	50563971	0.001756	0.033054
NC_043969.1	50622410	0.009907	0.108554
NC_043969.1	50622411	0.028437	0.509545
NC_043969.1	50622426	0.008165	0.084972
NC_043969.1	50622498	0.000423	0.008285
NC_043969.1	50655686	0.001320	0.029699
NC_043969.1	50655691	0.001270	0.029145
NC_043969.1	50655796	0.001387	0.029893
NC_043969.1	50655929	0.000545	0.009701
NC_043969.1	50655951	0.001962	0.034202
NC_043969.1	50656078	0.000522	0.010141
NC_043969.1	50665076	0.000542	0.009650
NC_043969.1	50773212	0.001904	0.033656
NC_043969.1	50773282	0.001897	0.033592
NC_043969.1	50797635	0.001848	0.033138
NC_043969.1	50829361	0.000564	0.010040
NC_043969.1	50829388	0.000564	0.010036
NC_043969.1	51052662	0.000648	0.011437
NC_043969.1	51174175	0.000407	0.009607
NC_043969.1	51205991	0.002138	0.035886
NC_043969.1	51321810	0.000358	0.008141
NC_043969.1	51322171	0.001647	0.031764
NC_043969.1	51324465	0.001632	0.032743
NC_043969.1	51388969	0.002054	0.035849
NC_043969.1	51388990	0.002022	0.035513
NC_043969.1	51397640	0.001519	0.031284
NC_043969.1	51574278	0.000545	0.010112
NC_043969.1	51574304	0.004122	0.182433
NC_043969.1	51605895	0.000341	0.008656
NC_043969.1	51690617	0.000487	0.009521
NC_043969.1	51690679	0.001736	0.032624
NC_043969.1	51690700	0.001530	0.031402
NC_043969.1	51690958	0.000402	0.008992
NC_043969.1	51913793	0.010022	0.097742
NC_043969.1	51913794	0.001471	0.030934
NC_043969.1	51914058	0.000309	0.007735
NC_043969.1	51914101	0.005008	0.060431
NC_043969.1	51914115	0.000351	0.008659
NC_043969.1	51947754	0.000601	0.011491
NC_043969.1	51947801	0.001719	0.032956
NC_043969.1	51950867	0.000564	0.010876
NC_043969.1	51987907	0.000241	0.005244
NC_043969.1	51988944	0.007161	0.125911
NC_043969.1	51989772	0.000339	0.006926
NC_043969.1	52018986	0.000324	0.007137
NC_043969.1	52019423	0.010531	0.115317
NC_043969.1	52020689	0.000268	0.007334
NC_043969.1	52020698	0.000282	0.007433
NC_043969.1	52164193	0.000536	0.009538
NC_043969.1	52164215	0.000556	0.009900
NC_043969.1	52211848	0.001908	0.034332
NC_043969.1	52314920	0.001825	0.033491
NC_043969.1	52315019	0.000485	0.010102
NC_043969.1	52315166	0.000455	0.008911
NC_043969.1	52315199	0.001670	0.032446
NC_043969.1	52315227	0.000476	0.009944
NC_043969.1	52382174	0.000269	0.004589
NC_043969.1	52382195	0.000192	0.004009
NC_043969.1	52382207	0.000274	0.005943
NC_043969.1	52382295	0.000257	0.004192
NC_043969.1	52382730	0.000449	0.007899
NC_043969.1	52382774	0.000443	0.008692
NC_043969.1	52405246	0.000469	0.009170
NC_043969.1	52405282	0.000439	0.008598
NC_043969.1	52441761	0.005205	0.060252
NC_043969.1	52441770	0.001376	0.029915
NC_043969.1	52881044	0.001813	0.032811
NC_043969.1	52970518	0.000018	0.000286
NC_043969.1	52970530	0.000015	0.000250
NC_043969.1	52970546	0.000022	0.000320
NC_043969.1	52970569	0.000074	0.004808
NC_043969.1	52970572	0.004249	0.066641
NC_043969.1	52970581	0.000018	0.000289
NC_043969.1	52970599	0.004084	0.097050
NC_043969.1	52970601	0.000021	0.000312
NC_043969.1	52970602	0.000040	0.000464
NC_043969.1	52970617	0.000174	0.016068
NC_043969.1	52970626	0.000014	0.000241
NC_043969.1	52970629	0.000573	0.006442
NC_043969.1	52970641	0.000014	0.000258
NC_043969.1	52970644	0.000013	0.000232
NC_043969.1	52970645	0.000014	0.000237
NC_043969.1	52970647	0.000015	0.000254
NC_043969.1	52970653	0.000016	0.000261
NC_043969.1	52970668	0.000014	0.000245
NC_043969.1	52970669	0.000014	0.000244
NC_043969.1	52970672	0.000012	0.000213
NC_043969.1	52970719	0.000028	0.000361
NC_043969.1	52970722	0.000021	0.000308
NC_043969.1	52970748	0.014381	0.170113
NC_043969.1	52970752	0.000060	0.000559
NC_043969.1	52970793	0.000280	0.012809
NC_043970.1	9363	0.000512	0.009967
NC_043970.1	9428	0.000329	0.005243
NC_043970.1	9444	0.010817	0.454288
NC_043970.1	9540	0.000279	0.005069
NC_043970.1	9557	0.007228	0.222099
NC_043970.1	9634	0.008688	0.439198
NC_043970.1	63120	0.001863	0.033880
NC_043970.1	63698	0.000055	0.000739
NC_043970.1	63705	0.008512	0.101031
NC_043970.1	63719	0.000059	0.000767
NC_043970.1	63829	0.000043	0.001135
NC_043970.1	63844	0.000055	0.001561
NC_043970.1	63848	0.000047	0.001325
NC_043970.1	63858	0.000077	0.002010
NC_043970.1	63866	-0.000322	0.280981
NC_043970.1	64012	-0.001106	0.274273
NC_043970.1	64391	0.001663	0.201928
NC_043970.1	64435	-0.000078	0.229550
NC_043970.1	64457	0.000027	0.001100
NC_043970.1	64467	-0.000429	0.379085
NC_043970.1	192527	0.001703	0.031813
NC_043970.1	225197	0.001666	0.032853
NC_043970.1	400741	0.000028	0.000540
NC_043970.1	400757	0.000043	0.000926
NC_043970.1	405761	0.004812	0.173519
NC_043970.1	519421	0.001127	0.020189
NC_043970.1	580545	0.007834	0.459791
NC_043970.1	726947	0.000068	0.001489
NC_043970.1	880623	0.001658	0.032755
NC_043970.1	1080970	0.001699	0.032667
NC_043970.1	1080992	0.001071	0.027236
NC_043970.1	1144508	0.000400	0.009001
NC_043970.1	1144618	0.001831	0.034152
NC_043970.1	1469778	0.000063	0.000685
NC_043970.1	1469784	0.000039	0.000451
NC_043970.1	1469789	0.000032	0.000414
NC_043970.1	1469792	0.000037	0.000537
NC_043970.1	1469798	0.017156	0.501866
NC_043970.1	1469808	0.000026	0.000372
NC_043970.1	1469824	0.000039	0.000484
NC_043970.1	1469830	0.036965	0.522240
NC_043970.1	2132603	0.000415	0.008785
NC_043970.1	2132737	0.001151	0.020524
NC_043970.1	2132859	0.000330	0.007000
NC_043970.1	2568901	0.001370	0.024667
NC_043970.1	2568955	0.001933	0.033928
NC_043970.1	3089068	0.006252	0.258548
NC_043970.1	3089085	0.007953	0.223775
NC_043970.1	3238712	0.000582	0.011183
NC_043970.1	3931201	0.001904	0.033658
NC_043970.1	4053412	0.002002	0.035299
NC_043970.1	4217897	0.001706	0.033183
NC_043970.1	4217929	0.001919	0.034923
NC_043970.1	4218159	0.001837	0.033297
NC_043970.1	4382313	0.001745	0.032943
NC_043970.1	6143994	0.007047	0.218883
NC_043970.1	7195736	0.001908	0.033695
NC_043970.1	7195741	0.001932	0.033919
NC_043970.1	7195750	0.001721	0.031972
NC_043970.1	7689059	0.004033	0.106663
NC_043970.1	7711446	0.000317	0.006209
NC_043970.1	7721426	0.000948	0.025598
NC_043970.1	7727773	0.006867	0.075384
NC_043970.1	7727794	0.008203	0.095534
NC_043970.1	7727976	0.000317	0.004937
NC_043970.1	7728219	0.000467	0.338598
NC_043970.1	7728306	0.011977	0.126973
NC_043970.1	7736821	0.002397	0.038748
NC_043970.1	7736995	0.000457	0.010640
NC_043970.1	7740133	0.007571	0.082454
NC_043970.1	7740279	0.006901	0.086856
NC_043970.1	7741730	0.010706	0.098512
NC_043970.1	7742572	0.006506	0.115096
NC_043970.1	7742860	0.000240	0.004696
NC_043970.1	7796936	0.005747	0.192698
NC_043970.1	7796942	0.005620	0.059537
NC_043970.1	7800261	0.000197	0.003040
NC_043970.1	9694732	0.000684	0.012013
NC_043970.1	9860978	0.000573	0.011027
NC_043970.1	9861164	0.001918	0.035116
NC_043970.1	9977340	0.000391	0.008828
NC_043970.1	10964457	0.000884	0.015016
NC_043970.1	10964568	0.002034	0.034880
NC_043970.1	11063137	0.002010	0.035381
NC_043970.1	12102104	0.002271	0.037204
NC_043970.1	12208607	0.009366	0.099606
NC_043970.1	12558103	0.001932	0.034578
NC_043970.1	12766927	0.001914	0.034398
NC_043970.1	13112768	0.006523	0.067521
NC_043970.1	13112807	0.000421	0.009283
NC_043970.1	13112836	0.001646	0.032197
NC_043970.1	13112872	0.000602	0.010686
NC_043970.1	13114473	0.000562	0.010003
NC_043970.1	13513979	0.001781	0.032526
NC_043970.1	13514055	0.002099	0.035507
NC_043970.1	15014985	0.001010	0.026482
NC_043970.1	15015025	0.001200	0.028523
NC_043970.1	15015271	0.008280	0.096420
NC_043970.1	15015292	0.011834	0.118604
NC_043970.1	15015370	0.006228	0.079982
NC_043970.1	15015388	0.006131	0.133283
NC_043970.1	15015394	0.010743	0.105614
NC_043970.1	15015425	0.008176	0.097866
NC_043970.1	15015460	0.006373	0.075981
NC_043970.1	15015501	0.007861	0.083526
NC_043970.1	15015528	0.006782	0.090683
NC_043970.1	15015782	0.002720	0.042486
NC_043970.1	15015847	0.000138	0.003032
NC_043970.1	15015898	0.003686	0.047086
NC_043970.1	15015929	0.008202	0.095683
NC_043970.1	15015930	0.006695	0.075645
NC_043970.1	15016003	0.007253	0.098999
NC_043970.1	15016035	0.008369	0.103189
NC_043970.1	15016084	0.004975	0.056458
NC_043970.1	15016091	0.002180	0.039927
NC_043970.1	15016342	0.005651	0.059640
NC_043970.1	15016392	0.007076	0.078528
NC_043970.1	15016434	0.008458	0.107929
NC_043970.1	15016577	0.007924	0.127440
NC_043970.1	15016658	0.009682	0.110557
NC_043970.1	15016664	0.008756	0.144677
NC_043970.1	15016831	0.002358	0.040404
NC_043970.1	15017010	0.007572	0.079940
NC_043970.1	15017134	0.006807	0.085938
NC_043970.1	15017181	0.007259	0.077648
NC_043970.1	15017219	0.007028	0.077907
NC_043970.1	15017299	0.007548	0.079332
NC_043970.1	15017366	0.006580	0.075835
NC_043970.1	15017367	0.007317	0.094381
NC_043970.1	15017467	0.007023	0.131442
NC_043970.1	15017500	0.006215	0.161049
NC_043970.1	15017539	0.007295	0.088485
NC_043970.1	15017586	0.002998	0.045791
NC_043970.1	15017694	0.007993	0.097227
NC_043970.1	15018195	0.005158	0.064204
NC_043970.1	15018226	0.008361	0.092760
NC_043970.1	15018423	0.000129	0.002488
NC_043970.1	15018438	0.008889	0.127169
NC_043970.1	15018497	0.006228	0.077579
NC_043970.1	15018559	0.006918	0.104128
NC_043970.1	15018682	0.007780	0.082330
NC_043970.1	15018688	0.007670	0.092321
NC_043970.1	15018706	0.002617	0.044932
NC_043970.1	15018709	0.004681	0.098256
NC_043970.1	15018789	0.003816	0.058346
NC_043970.1	15018793	0.005447	0.070418
NC_043970.1	15018857	0.007390	0.095182
NC_043970.1	15018921	0.005287	0.138085
NC_043970.1	15018961	0.006069	0.105240
NC_043970.1	15019194	0.006652	0.109701
NC_043970.1	15019244	0.011435	0.120091
NC_043970.1	15019270	0.011299	0.131328
NC_043970.1	15019276	0.004882	0.057954
NC_043970.1	15019318	0.010034	0.128298
NC_043970.1	15019443	0.007432	0.078548
NC_043970.1	15019630	0.011873	0.121356
NC_043970.1	15019638	0.007778	0.081949
NC_043970.1	15019684	0.008815	0.113519
NC_043970.1	15019725	0.007394	0.073223
NC_043970.1	15019731	0.009973	0.149190
NC_043970.1	15019987	0.008382	0.063779
NC_043970.1	15020053	0.007232	0.078680
NC_043970.1	15020630	0.000140	0.003441
NC_043970.1	15020656	0.007525	0.090804
NC_043970.1	15020758	0.007496	0.122482
NC_043970.1	15020928	0.002207	0.038818
NC_043970.1	15020943	0.007997	0.130362
NC_043970.1	15021139	0.008897	0.154367
NC_043970.1	15021378	0.007122	0.085943
NC_043970.1	15021603	0.006937	0.080670
NC_043970.1	15021604	0.003662	0.173115
NC_043970.1	15021880	0.009102	0.097952
NC_043970.1	15022793	0.009725	0.090342
NC_043970.1	15022896	0.006169	0.119614
NC_043970.1	15022992	0.007258	0.095420
NC_043970.1	15023237	0.005427	0.064887
NC_043970.1	15023388	0.006869	0.077409
NC_043970.1	15023499	0.007082	0.077784
NC_043970.1	15023548	0.008559	0.110662
NC_043970.1	15023686	0.006940	0.077251
NC_043970.1	15023700	0.006159	0.072753
NC_043970.1	15023703	0.006980	0.113053
NC_043970.1	15023738	0.006157	0.085044
NC_043970.1	15023980	0.007703	0.120077
NC_043970.1	15023998	0.008180	0.085387
NC_043970.1	15024016	0.010598	0.114526
NC_043970.1	15024252	0.007895	0.094915
NC_043970.1	15024261	0.003003	0.044387
NC_043970.1	15024477	0.007400	0.080489
NC_043970.1	15024583	0.010478	0.105832
NC_043970.1	15024643	0.002416	0.040905
NC_043970.1	15024677	0.008417	0.087555
NC_043970.1	15024689	0.010951	0.104151
NC_043970.1	15024775	0.003954	0.049589
NC_043970.1	15024895	0.000345	0.005646
NC_043970.1	15025129	0.010401	0.127076
NC_043970.1	15025171	0.006669	0.076829
NC_043970.1	15025256	0.009889	0.113847
NC_043970.1	15025272	0.008315	0.135012
NC_043970.1	15025275	0.008713	0.104838
NC_043970.1	15025328	0.006647	0.078906
NC_043970.1	15025367	0.001671	0.032955
NC_043970.1	15025393	0.006577	0.075347
NC_043970.1	15025424	0.006201	0.073483
NC_043970.1	15025468	0.007463	0.096227
NC_043970.1	15025497	0.008603	0.095937
NC_043970.1	15025706	0.008767	0.110696
NC_043970.1	15025778	0.008862	0.098620
NC_043970.1	15025908	0.007664	0.080987
NC_043970.1	15025984	0.008924	0.083250
NC_043970.1	15025996	0.007646	0.081582
NC_043970.1	15026099	0.007334	0.079658
NC_043970.1	15026115	0.007152	0.078847
NC_043970.1	15026220	0.008127	0.169817
NC_043970.1	15026390	0.008177	0.081348
NC_043970.1	15026427	0.004307	0.047691
NC_043970.1	15026701	0.006647	0.129746
NC_043970.1	15026754	0.003453	0.050663
NC_043970.1	15026880	0.008774	0.109451
NC_043970.1	15026928	0.006731	0.076353
NC_043970.1	15026986	0.002422	0.041106
NC_043970.1	15027222	0.010208	0.094561
NC_043970.1	15027349	0.006978	0.092307
NC_043970.1	15027378	0.007283	0.079650
NC_043970.1	15027492	0.007684	0.079819
NC_043970.1	15027582	0.007568	0.078960
NC_043970.1	15027666	0.009446	0.096641
NC_043970.1	15027758	0.002396	0.041193
NC_043970.1	15027811	0.008286	0.081442
NC_043970.1	15028027	0.005657	0.065746
NC_043970.1	15028247	0.006939	0.076739
NC_043970.1	15028852	0.010825	0.117603
NC_043970.1	15028976	0.008019	0.081275
NC_043970.1	15029019	0.008001	0.080678
NC_043970.1	15029099	0.008868	0.082707
NC_043970.1	15029250	0.000658	0.022915
NC_043970.1	15029351	0.006856	0.077622
NC_043970.1	15029353	0.000091	0.002552
NC_043970.1	15029451	0.006469	0.069821
NC_043970.1	15029593	0.008571	0.112075
NC_043970.1	15029789	0.007768	0.081213
NC_043970.1	15029955	0.007519	0.123381
NC_043970.1	15029983	0.008276	0.124209
NC_043970.1	15030608	0.004975	0.056903
NC_043970.1	15030639	0.006493	0.073299
NC_043970.1	15030677	0.010278	0.096412
NC_043970.1	15030804	0.000439	0.013818
NC_043970.1	15031024	0.002063	0.038454
NC_043970.1	15031041	0.007554	0.082946
NC_043970.1	15031463	0.006863	0.077485
NC_043970.1	15031522	0.008239	0.098068
NC_043970.1	15031592	0.008270	0.138873
NC_043970.1	15031784	0.000156	0.002861
NC_043970.1	15031847	0.002208	0.035133
NC_043970.1	15031875	0.008027	0.080679
NC_043970.1	15031984	0.004825	0.070076
NC_043970.1	15032208	0.016802	0.113726
NC_043970.1	15032209	0.002989	0.045713
NC_043970.1	15032388	0.013271	0.110657
NC_043970.1	15032587	0.003176	0.048511
NC_043970.1	15032621	0.002240	0.040224
NC_043970.1	15032671	0.007123	0.090250
NC_043970.1	15032719	0.009277	0.106370
NC_043970.1	15032888	0.008636	0.098911
NC_043970.1	15032925	0.006463	0.075203
NC_043970.1	15033080	0.008071	0.103570
NC_043970.1	15033082	0.011232	0.106339
NC_043970.1	15033263	0.000093	0.002726
NC_043970.1	15033281	0.002218	0.039648
NC_043970.1	15033577	0.007379	0.079836
NC_043970.1	15033650	0.004056	0.051778
NC_043970.1	15035063	0.000602	0.010680
NC_043970.1	15035082	0.000607	0.010762
NC_043970.1	15260016	0.001976	0.034335
NC_043970.1	15963513	0.001552	0.031828
NC_043970.1	17376408	0.001513	0.031597
NC_043970.1	17425152	0.000196	0.004394
NC_043970.1	18989470	0.001867	0.033580
NC_043970.1	19037012	0.002295	0.037455
NC_043970.1	19127515	0.000481	0.010027
NC_043970.1	19147731	0.002044	0.035736
NC_043970.1	19148612	0.001674	0.032483
NC_043970.1	19148737	0.001791	0.033405
NC_043970.1	19572763	0.000557	0.010762
NC_043970.1	19572777	0.000461	0.009336
NC_043970.1	19572794	0.007545	0.090781
NC_043970.1	19689593	0.000604	0.010717
NC_043970.1	20110364	0.001530	0.031401
NC_043970.1	20345637	0.000723	0.012618
NC_043970.1	20897277	0.000479	0.010738
NC_043970.1	21591631	0.000165	0.001321
NC_043970.1	21591695	0.000240	0.005005
NC_043970.1	21592042	0.000254	0.003192
NC_043970.1	21592274	0.002856	0.384042
NC_043970.1	21593762	0.000435	0.009584
NC_043970.1	22411116	0.001702	0.032693
NC_043970.1	22411137	0.001775	0.033006
NC_043970.1	22470367	0.000568	0.011823
NC_043970.1	22727741	0.000578	0.011119
NC_043970.1	23304504	0.001768	0.032404
NC_043970.1	23577692	0.002173	0.036228
NC_043970.1	23651898	0.010805	0.139444
NC_043970.1	26608274	0.010703	0.418703
NC_043970.1	29259058	0.001633	0.032528
NC_043970.1	29259096	0.001891	0.033332
NC_043970.1	29259103	0.001996	0.035237
NC_043970.1	30070473	0.000609	0.010805
NC_043970.1	30179621	0.010033	0.097917
NC_043970.1	30548677	-0.000475	0.286440
NC_043970.1	31355553	0.002203	0.036531
NC_043970.1	32094819	0.000472	0.009239
NC_043970.1	32094854	0.001899	0.034238
NC_043970.1	32906112	0.006353	0.422207
NC_043970.1	33429838	0.000641	0.012784
NC_043970.1	33429900	0.001964	0.034905
NC_043970.1	33493934	0.005850	0.391004
NC_043970.1	33493941	0.005341	0.386913
NC_043970.1	33493980	0.005701	0.198973
NC_043970.1	34103874	0.000402	0.009271
NC_043970.1	34915027	0.000484	0.010095
NC_043970.1	35069279	0.000612	0.010855
NC_043970.1	35265704	0.000448	0.009429
NC_043970.1	35342314	0.001785	0.033104
NC_043970.1	35342320	0.009889	0.092880
NC_043970.1	35402885	0.001587	0.031191
NC_043970.1	35402898	0.000434	0.008515
NC_043970.1	35403000	0.001869	0.033334
NC_043970.1	35403068	0.001941	0.034672
NC_043970.1	35403132	0.001733	0.033104
NC_043970.1	35719581	0.000220	0.005294
NC_043970.1	36184280	0.000513	0.009980
NC_043970.1	36184419	0.000526	0.009358
NC_043970.1	36184497	0.001870	0.033339
NC_043970.1	36539475	0.001602	0.032689
NC_043970.1	36539514	0.001769	0.034079
NC_043970.1	36693909	0.000465	0.008227
NC_043970.1	36693949	0.000554	0.011006
NC_043970.1	36834111	0.000489	0.008682
NC_043970.1	36834188	0.000463	0.008184
NC_043970.1	36834370	0.000416	0.007224
NC_043970.1	36834376	0.003844	0.406485
NC_043970.1	37857035	0.000596	0.010575
NC_043970.1	37857321	0.000454	0.008899
NC_043970.1	37857473	0.001972	0.034296
NC_043970.1	38074249	0.000344	0.007708
NC_043970.1	38924634	0.001640	0.032602
NC_043970.1	39107288	0.001919	0.034447
NC_043970.1	39124315	0.001827	0.032944
NC_043970.1	39390084	0.000459	0.010139
NC_043970.1	39713340	0.001457	0.030689
NC_043970.1	40084774	0.000309	0.006783
NC_043970.1	40085055	0.005362	0.429926
NC_043970.1	40085200	0.008631	0.166931
NC_043970.1	40085249	0.000387	0.007572
NC_043970.1	40085350	0.001712	0.032362
NC_043970.1	40085475	0.004119	0.171460
NC_043970.1	40085487	0.006414	0.403649
NC_043970.1	40534454	0.000404	0.007914
NC_043970.1	41257541	0.001789	0.033637
NC_043970.1	41257990	0.000512	0.009113
NC_043970.1	41258877	0.006909	0.066457
NC_043970.1	41583353	0.001764	0.032903
NC_043970.1	42081221	0.000664	0.012516
NC_043970.1	42215219	0.000385	0.008931
NC_043970.1	42215224	0.001508	0.031341
NC_043970.1	42442129	0.001584	0.031979
NC_043970.1	42596163	0.000463	0.009068
NC_043970.1	42629726	0.000545	0.010553
NC_043970.1	42699025	0.001672	0.032001
NC_043970.1	42708616	0.001774	0.032985
NC_043970.1	43085942	0.001840	0.034243
NC_043970.1	43230819	0.000542	0.009651
NC_043970.1	43230898	0.000422	0.009445
NC_043970.1	43276679	0.001669	0.032182
NC_043970.1	43276909	0.000175	0.003509
NC_043970.1	43276936	0.000197	0.003373
NC_043970.1	43276945	0.000109	0.001356
NC_043970.1	43328703	0.000407	0.007052
NC_043970.1	43328752	0.000600	0.010647
NC_043970.1	43338119	0.001873	0.033982
NC_043970.1	43488246	0.001929	0.034549
NC_043970.1	43488287	0.002010	0.035378
NC_043970.1	43488357	0.000586	0.010418
NC_043970.1	43488382	0.001640	0.031699
NC_043970.1	43488420	0.000538	0.009573
NC_043970.1	43488436	0.001873	0.033374
NC_043970.1	43488895	0.001999	0.034554
NC_043970.1	43488936	0.001744	0.032928
NC_043970.1	43596345	0.000484	0.009468
NC_043970.1	43659219	0.002035	0.035229
NC_043970.1	43659398	0.001826	0.033508
NC_043970.1	43659438	0.000622	0.011010
NC_043970.1	43702431	0.000497	0.009698
NC_043970.1	43828906	0.002202	0.036521
NC_043970.1	43828916	0.000651	0.011496
NC_043970.1	43828926	0.001750	0.033284
NC_043970.1	43828962	0.001464	0.031269
NC_043970.1	43858250	0.000578	0.010276
NC_043970.1	43858290	0.000534	0.010355
NC_043970.1	43858337	0.000671	0.011813
NC_043970.1	43921615	0.001722	0.032983
NC_043970.1	43997220	0.001872	0.034593
NC_043970.1	44025851	0.004989	0.485916
NC_043970.1	44243519	0.000370	0.007198
NC_043970.1	44243610	0.000218	0.286349
NC_043970.1	44287544	0.000395	0.007739
NC_043970.1	44287609	0.000377	0.308510
NC_043970.1	44287701	0.000374	0.007955
NC_043970.1	44287707	0.005743	0.238831
NC_043970.1	44287727	0.000384	0.008155
NC_043970.1	44287779	0.000772	0.013365
NC_043970.1	44336006	0.001482	0.030698
NC_043970.1	44336013	0.000615	0.012933
NC_043970.1	44336024	0.000489	0.010174
NC_043970.1	44336056	0.001402	0.030053
NC_043970.1	44336132	0.007808	0.175273
NC_043970.1	44336454	0.001678	0.033030
NC_043970.1	44663156	0.001532	0.030668
NC_043970.1	44991305	0.001145	0.028317
NC_043970.1	44991336	0.000341	0.008608
NC_043970.1	45545390	0.000617	0.011342
NC_043970.1	45600358	0.001072	0.026407
NC_043970.1	45600359	0.000267	0.004480
NC_043970.1	45672937	0.001293	0.028171
NC_043970.1	45672990	0.001676	0.031566
NC_043970.1	45674826	0.011887	0.123877
NC_043970.1	45927673	0.001855	0.033200
NC_043970.1	46336232	0.000400	0.008494
NC_043970.1	46348908	0.000596	0.012401
NC_043970.1	46400738	0.002172	0.036225
NC_043970.1	46400959	0.001882	0.034072
NC_043970.1	46401036	0.002185	0.036344
NC_043970.1	46487405	0.000421	0.008024
NC_043970.1	46487450	0.001692	0.031932
NC_043970.1	46498918	0.000408	0.008905
NC_043970.1	46499883	0.001795	0.033753
NC_043970.1	46500241	0.001835	0.033602
NC_043970.1	47118227	0.001947	0.035103
NC_043970.1	47118253	0.012230	0.128363
NC_043970.1	47741202	0.001978	0.034339
NC_043970.1	47741227	0.000845	0.014452
NC_043970.1	47741448	0.000414	0.008116
NC_043970.1	47741487	0.000583	0.011506
NC_043970.1	47754762	0.005595	0.060375
NC_043970.1	48218117	0.003812	0.200284
NC_043970.1	48227532	0.000405	0.008384
NC_043970.1	48227540	0.001279	0.028877
NC_043970.1	48227542	0.001318	0.029275
NC_043970.1	48227543	0.000321	0.007620
NC_043970.1	48227546	0.001280	0.028888
NC_043970.1	48227558	0.000330	0.007662
NC_043970.1	49482299	0.001578	0.031685
NC_043970.1	49607319	0.001430	0.030035
NC_043970.1	49607348	0.006545	0.201438
NC_043970.1	49607357	0.006547	0.201542
NC_043970.1	49607767	0.002029	0.034835
NC_043970.1	49982431	0.001792	0.034004
NC_043970.1	50091037	0.002352	0.021378
NC_043970.1	50132092	0.002225	0.036747
NC_043970.1	50190073	0.002159	0.036093
NC_043970.1	50190156	0.005196	0.059298
NC_043970.1	50387311	0.000379	0.009032
NC_043970.1	50650467	0.000350	0.007704
NC_043970.1	50832611	0.000435	0.008410
NC_043970.1	50832701	0.000158	0.004679
NC_043970.1	50832704	0.000275	0.006748
NC_043970.1	50832736	0.001390	0.029613
NC_043970.1	50832791	0.000330	0.007548
NC_043970.1	50832907	0.000431	0.007539
NC_043970.1	50833122	0.000013	0.000232
NC_043970.1	50833124	0.000015	0.000251
NC_043970.1	50833128	0.000016	0.000267
NC_043970.1	50833134	0.000118	0.001153
NC_043970.1	50833137	0.009478	0.087864
NC_043970.1	50833140	0.000010	0.000195
NC_043970.1	50833148	0.000010	0.000200
NC_043970.1	50833161	0.000186	0.002505
NC_043970.1	50833164	0.000011	0.000209
NC_043970.1	50833172	0.000019	0.000290
NC_043970.1	50833181	0.000028	0.000356
NC_043970.1	50833189	0.000043	0.000453
NC_043970.1	50833205	0.000046	0.000469
NC_043970.1	50833207	0.007169	0.090562
NC_043970.1	50833214	0.000045	0.000458
NC_043970.1	50945460	0.000522	0.011300
NC_043970.1	51087238	0.006599	0.080772
NC_043970.1	51087286	0.000573	0.010182
NC_043970.1	51087307	0.000504	0.009828
NC_043970.1	51401516	0.011491	0.101365
NC_043970.1	51401611	0.001749	0.032746
NC_043970.1	51401657	0.001899	0.033613
NC_043970.1	51401716	0.001227	0.028261
NC_043970.1	51402029	0.001676	0.032507
NC_043970.1	51403453	0.000372	0.008297
NC_043970.1	51403568	0.010302	0.097172
NC_043970.1	51403576	0.000425	0.008971
NC_043970.1	51578582	0.001830	0.034136
NC_043970.1	51585624	0.000579	0.011120
NC_043970.1	51585632	0.000585	0.011228
NC_043970.1	51585639	0.000653	0.011518
NC_043970.1	51672211	0.000570	0.010147
NC_043970.1	51678070	0.009415	0.456535
NC_043970.1	51678279	0.000426	0.008351
NC_043970.1	51678322	0.000375	0.325109
NC_043970.1	51688231	0.008593	0.113717
NC_043970.1	51856496	0.001625	0.031554
NC_043970.1	52140022	0.001981	0.035084
NC_043970.1	52219512	0.000803	0.354807
NC_043970.1	52301688	0.000677	0.012295
NC_043970.1	52508789	0.002039	0.034930
NC_043970.1	52508810	0.000662	0.011670
NC_043970.1	52509160	0.001887	0.033496
NC_043970.1	53840289	0.006322	0.069081
NC_043970.1	53842404	0.001983	0.034396
NC_043970.1	53908119	0.008022	0.494687
NC_043970.1	54910354	0.000268	0.008676
NC_043970.1	55156301	0.001748	0.033262
NC_043970.1	55156373	0.002004	0.034596
NC_043970.1	55156392	0.000587	0.010437
NC_043970.1	55419046	0.001639	0.031234
NC_043970.1	55419274	0.000268	0.006559
NC_043970.1	55456844	0.000033	0.000686
NC_043970.1	55456846	0.000037	0.000804
NC_043970.1	55456853	0.000024	0.000568
NC_043970.1	55456858	0.000027	0.000625
NC_043970.1	55456859	0.000024	0.000554
NC_043970.1	55456860	0.024044	0.505884
NC_043970.1	55456863	0.000034	0.000662
NC_043970.1	55456864	0.000034	0.000662
NC_043970.1	55456869	0.001108	0.323612
NC_043970.1	55456870	0.000162	0.001805
NC_043970.1	55456882	0.000021	0.000562
NC_043970.1	55456894	0.000017	0.000333
NC_043970.1	55456930	0.000020	0.000335
NC_043970.1	55456937	0.000018	0.000287
NC_043970.1	55456954	0.000029	0.000509
NC_043970.1	55456966	0.000035	0.000404
NC_043970.1	55456976	0.000028	0.000359
NC_043970.1	55456988	0.000039	0.000962
NC_043970.1	55456992	0.000590	0.243333
NC_043970.1	55457015	0.000050	0.000500
NC_043970.1	55457026	0.000030	0.000380
NC_043970.1	55457027	0.002793	0.018883
NC_043970.1	55457038	0.000029	0.000367
NC_043970.1	55457062	0.000123	0.006047
NC_043970.1	55457084	0.007018	0.074497
NC_043970.1	55457093	0.000033	0.000477
NC_043970.1	55457111	0.000129	0.002232
NC_043970.1	55457112	0.026805	0.492499
NC_043970.1	55648853	0.001784	0.033646
NC_043970.1	55654380	0.000144	0.003809
NC_043970.1	55654477	0.000176	0.004854
NC_043970.1	55654515	0.000297	0.006501
NC_043970.1	55654595	0.000334	0.006389
NC_043970.1	55654663	0.000127	0.002727
NC_043970.1	55654674	0.000490	0.021174
NC_043970.1	55654685	0.000115	0.002619
NC_043970.1	55654905	0.000254	0.005035
NC_043970.1	55654944	0.006807	0.493619
NC_043970.1	55654983	0.005083	0.477261
NC_043970.1	55655233	0.033661	0.392879
NC_043970.1	55655245	0.000278	0.006581
NC_043970.1	55655368	0.001467	0.030391
NC_043970.1	55655512	0.003805	0.052302
NC_043970.1	55655530	0.000789	0.009409
NC_043970.1	55655755	0.000304	0.006408
NC_043970.1	55736044	0.000373	0.007266
NC_043971.1	225102	0.000433	0.009132
NC_043971.1	458172	0.000005	0.305710
NC_043971.1	458201	0.000213	0.007022
NC_043971.1	458248	0.004634	0.186441
NC_043971.1	458254	0.008485	0.165220
NC_043971.1	458268	0.003859	0.051265
NC_043971.1	458269	0.008728	0.136423
NC_043971.1	486729	0.000480	0.009395
NC_043971.1	486791	0.000469	0.009809
NC_043971.1	486804	0.000439	0.009778
NC_043971.1	492044	0.000931	0.024811
NC_043971.1	575102	0.000116	0.001150
NC_043971.1	575127	0.000105	0.000773
NC_043971.1	575132	0.000123	0.001564
NC_043971.1	575164	0.001319	0.007882
NC_043971.1	575165	0.000034	0.000489
NC_043971.1	575200	0.000040	0.000436
NC_043971.1	575210	0.000044	0.000514
NC_043971.1	575211	0.000046	0.000476
NC_043971.1	575218	0.000038	0.000462
NC_043971.1	575219	0.000035	0.000401
NC_043971.1	575237	0.000043	0.000478
NC_043971.1	575262	0.000063	0.000616
NC_043971.1	575265	0.000055	0.000572
NC_043971.1	575272	0.000071	0.000619
NC_043971.1	575289	0.000096	0.002611
NC_043971.1	575299	0.000071	0.000680
NC_043971.1	575334	0.000109	0.000947
NC_043971.1	575345	0.000125	0.000885
NC_043971.1	575397	0.000200	0.007062
NC_043971.1	575401	0.000061	0.000546
NC_043971.1	575406	0.001722	0.021377
NC_043971.1	575422	0.000074	0.000607
NC_043971.1	576237	0.000795	0.023777
NC_043971.1	576244	0.000225	0.002190
NC_043971.1	873719	0.033564	0.515519
NC_043971.1	873729	0.000981	0.351562
NC_043971.1	873739	0.003681	0.446605
NC_043971.1	873749	0.062668	0.515759
NC_043971.1	873759	-0.000012	0.184735
NC_043971.1	873769	0.000470	0.381732
NC_043971.1	873779	0.001478	0.166785
NC_043971.1	873789	-0.000890	0.349358
NC_043971.1	873799	0.000720	0.376076
NC_043971.1	873806	0.000019	0.001598
NC_043971.1	873809	-0.000890	0.239107
NC_043971.1	873819	-0.000626	0.229988
NC_043971.1	873839	0.052679	0.514241
NC_043971.1	1149240	0.001550	0.031092
NC_043971.1	1376305	0.005061	0.055902
NC_043971.1	1376370	0.001473	0.030125
NC_043971.1	1842528	0.001354	0.028708
NC_043971.1	1842906	0.000875	0.284088
NC_043971.1	1842999	0.001375	0.029227
NC_043971.1	1860230	0.008744	0.088613
NC_043971.1	1860252	0.003375	0.187881
NC_043971.1	1860376	0.000934	0.015748
NC_043971.1	2110376	0.007217	0.107215
NC_043971.1	2110632	0.000470	0.311304
NC_043971.1	2110784	0.001496	0.031153
NC_043971.1	2110804	0.007276	0.081567
NC_043971.1	2110808	0.000376	0.009185
NC_043971.1	2110828	0.001170	0.028231
NC_043971.1	2140568	0.007022	0.067195
NC_043971.1	2148499	0.001479	0.030790
NC_043971.1	2544761	0.001918	0.033789
NC_043971.1	2544798	0.000495	0.009972
NC_043971.1	2547783	0.002257	0.037068
NC_043971.1	2622274	0.000463	0.009066
NC_043971.1	2646421	0.001670	0.032446
NC_043971.1	2753393	0.001638	0.031222
NC_043971.1	2755162	0.001770	0.033196
NC_043971.1	2813344	0.001399	0.029369
NC_043971.1	2813347	0.000391	0.007512
NC_043971.1	3190234	0.001459	0.030644
NC_043971.1	3322904	0.000553	0.012168
NC_043971.1	3323104	0.005487	0.059113
NC_043971.1	3323125	0.001615	0.031875
NC_043971.1	3754532	0.000544	0.009689
NC_043971.1	3754625	0.001584	0.030741
NC_043971.1	4246118	0.000665	0.012106
NC_043971.1	4575780	0.000612	0.010850
NC_043971.1	4868174	0.000557	0.009907
NC_043971.1	4868579	0.000455	0.009501
NC_043971.1	5052041	0.002039	0.034932
NC_043971.1	5464979	0.001592	0.030812
NC_043971.1	6251899	0.001899	0.033889
NC_043971.1	6670433	0.004870	0.059858
NC_043971.1	6670754	0.002102	0.035540
NC_043971.1	6743095	0.000395	0.009064
NC_043971.1	6743107	0.006362	0.383702
NC_043971.1	6743108	0.001433	0.030475
NC_043971.1	6743134	0.000113	0.303554
NC_043971.1	7134294	0.000464	0.009091
NC_043971.1	7573309	0.000245	0.310940
NC_043971.1	7580287	0.011228	0.136744
NC_043971.1	8014747	0.006813	0.162618
NC_043971.1	8015697	0.005839	0.410275
NC_043971.1	8015733	0.000451	0.007937
NC_043971.1	8015824	0.000343	0.006955
NC_043971.1	8455066	0.000522	0.009924
NC_043971.1	8455099	0.001940	0.034291
NC_043971.1	8545772	0.000374	0.007618
NC_043971.1	8737071	0.000358	0.008378
NC_043971.1	8737110	0.001418	0.029858
NC_043971.1	8737393	0.001125	0.023325
NC_043971.1	8790066	0.000486	0.009805
NC_043971.1	8800857	0.004226	0.408685
NC_043971.1	8800859	0.003286	0.396400
NC_043971.1	8800869	0.007775	0.436830
NC_043971.1	8800984	0.000328	0.317756
NC_043971.1	8800994	-0.000242	0.297043
NC_043971.1	8812048	0.000485	0.009482
NC_043971.1	8812493	0.001884	0.033466
NC_043971.1	8824975	0.002025	0.034796
NC_043971.1	8850686	0.000412	0.008646
NC_043971.1	9066215	0.001712	0.031893
NC_043971.1	9066284	0.005907	0.063685
NC_043971.1	9066355	0.000569	0.011688
NC_043971.1	9066483	0.000520	0.010102
NC_043971.1	9086794	0.000761	0.014234
NC_043971.1	9086942	0.002211	0.386479
NC_043971.1	9086961	0.000451	0.008892
NC_043971.1	9087111	0.001427	0.030836
NC_043971.1	9539801	0.005761	0.057975
NC_043971.1	9773010	0.001315	0.029741
NC_043971.1	10349027	0.014874	0.491103
NC_043971.1	10644801	0.000585	0.010402
NC_043971.1	10699538	0.003926	0.407471
NC_043971.1	10731020	0.001310	0.028869
NC_043971.1	10731075	0.001593	0.031245
NC_043971.1	10731127	0.001763	0.032884
NC_043971.1	10731147	0.000660	0.012452
NC_043971.1	10731321	0.000522	0.009288
NC_043971.1	10731639	0.000322	0.006816
NC_043971.1	10731643	0.005917	0.493522
NC_043971.1	10900705	0.000382	0.008653
NC_043971.1	10973010	0.001475	0.030139
NC_043971.1	10973020	0.001546	0.030804
NC_043971.1	10973078	0.001589	0.031208
NC_043971.1	10973156	0.000523	0.009087
NC_043971.1	10973313	0.000384	0.007833
NC_043971.1	11780240	0.002176	0.036258
NC_043971.1	11780731	0.000373	0.007936
NC_043971.1	11893243	0.000459	0.008100
NC_043971.1	12013366	0.000273	0.006667
NC_043971.1	12265596	0.015058	0.504823
NC_043971.1	12397715	0.000672	0.012609
NC_043971.1	12673478	0.000245	0.007125
NC_043971.1	13305263	0.005067	0.052042
NC_043971.1	13649632	0.002035	0.035646
NC_043971.1	13989920	0.000270	0.008157
NC_043971.1	14137355	0.001796	0.033212
NC_043971.1	14137436	0.001566	0.031167
NC_043971.1	14137526	0.001522	0.030581
NC_043971.1	14137541	0.001756	0.032816
NC_043971.1	14335649	0.001775	0.032462
NC_043971.1	14376717	0.007389	0.088121
NC_043971.1	14376719	0.009918	0.430288
NC_043971.1	14514679	0.001770	0.032863
NC_043971.1	14514848	0.001089	0.278196
NC_043971.1	15390962	0.001905	0.033666
NC_043971.1	15391008	0.000608	0.010777
NC_043971.1	16064265	0.000395	0.008386
NC_043971.1	16177241	0.008854	0.090503
NC_043971.1	16222152	0.000317	0.006720
NC_043971.1	16347614	0.000539	0.009592
NC_043971.1	16708089	0.006176	0.064514
NC_043971.1	16824416	0.007896	0.224884
NC_043971.1	17059011	0.001272	0.029401
NC_043971.1	17059061	0.000348	0.009216
NC_043971.1	17059170	0.006290	0.065449
NC_043971.1	17059181	0.000461	0.009666
NC_043971.1	17059416	0.000387	0.008228
NC_043971.1	17059458	0.000488	0.009537
NC_043971.1	17059461	0.000459	0.008995
NC_043971.1	17059483	0.000524	0.010057
NC_043971.1	17615227	0.000403	0.009065
NC_043971.1	17809882	0.000545	0.011165
NC_043971.1	17810056	0.001913	0.033739
NC_043971.1	17810474	0.001862	0.033257
NC_043971.1	17810526	0.007404	0.494206
NC_043971.1	17810683	0.000537	0.009569
NC_043971.1	17810831	0.001265	0.028826
NC_043971.1	17810889	0.000454	0.008904
NC_043971.1	18032461	0.000562	0.010420
NC_043971.1	18414844	0.006602	0.490028
NC_043971.1	19704022	0.002380	0.058154
NC_043971.1	19729161	0.000439	0.008615
NC_043971.1	20530080	0.001948	0.034736
NC_043971.1	21173559	0.000834	0.014283
NC_043971.1	21174487	0.001357	0.029324
NC_043971.1	21174532	0.001756	0.032249
NC_043971.1	22269859	0.015258	0.502478
NC_043971.1	22682492	0.016007	0.504363
NC_043971.1	23964364	0.001445	0.031044
NC_043971.1	24420841	0.000629	0.011135
NC_043971.1	24466987	0.002110	0.035613
NC_043971.1	25938060	0.001906	0.035311
NC_043971.1	26523390	0.001123	0.016645
NC_043971.1	26523413	0.000414	0.009740
NC_043971.1	26625503	0.000492	0.009605
NC_043971.1	26625527	0.000478	0.009984
NC_043971.1	27251242	0.007997	0.158238
NC_043971.1	27251270	0.000126	0.003432
NC_043971.1	27251302	0.006308	0.108764
NC_043971.1	27251338	0.008858	0.120302
NC_043971.1	27259463	0.006361	0.074828
NC_043971.1	27263551	0.002998	0.174133
NC_043971.1	27263580	0.029237	0.490971
NC_043971.1	27263590	0.003282	0.188962
NC_043971.1	27263607	0.027180	0.513848
NC_043971.1	27263651	-0.001688	0.484799
NC_043971.1	27263665	0.008699	0.108204
NC_043971.1	28951360	0.001949	0.034756
NC_043971.1	29541400	0.001712	0.032396
NC_043971.1	29638625	0.000576	0.010242
NC_043971.1	29664315	0.001742	0.032687
NC_043971.1	30025703	0.000013	0.000320
NC_043971.1	30025715	0.000010	0.000349
NC_043971.1	30025721	0.000022	0.002524
NC_043971.1	30025727	0.000124	0.002092
NC_043971.1	30025730	0.000011	0.000246
NC_043971.1	30025746	0.021944	0.257794
NC_043971.1	30025753	0.000010	0.000243
NC_043971.1	30025760	0.000087	0.008685
NC_043971.1	30025763	0.000013	0.000280
NC_043971.1	30025766	0.000052	0.004603
NC_043971.1	30025769	0.000013	0.000285
NC_043971.1	30025775	0.000338	0.019453
NC_043971.1	30514793	0.000421	0.007339
NC_043971.1	30525045	0.000470	0.008229
NC_043971.1	31392310	0.000457	0.009583
NC_043971.1	34134210	0.002127	0.035777
NC_043971.1	34580788	0.000532	0.010320
NC_043971.1	35991813	0.001440	0.030991
NC_043971.1	35991883	0.001576	0.032099
NC_043971.1	35991898	0.001647	0.032927
NC_043971.1	36780029	0.001302	0.027934
NC_043971.1	37821508	0.000548	0.010597
NC_043971.1	37821662	0.011160	0.097243
NC_043971.1	38108006	0.001709	0.032362
NC_043971.1	38144469	0.004570	0.483152
NC_043971.1	38144502	0.000304	0.291329
NC_043971.1	38144520	0.005604	0.410670
NC_043971.1	38661590	0.001215	0.027967
NC_043971.1	39481789	0.001703	0.032789
NC_043971.1	40303317	0.002205	0.036543
NC_043971.1	40370351	0.000795	0.290262
NC_043971.1	40370352	0.000810	0.289756
NC_043971.1	40370520	0.000568	0.010105
NC_043971.1	40370547	0.001972	0.034296
NC_043971.1	40429868	0.000522	0.009712
NC_043971.1	40429914	0.009911	0.243531
NC_043971.1	40429918	0.001284	0.028678
NC_043971.1	40429997	0.000445	0.008725
NC_043971.1	40430074	0.001440	0.030803
NC_043971.1	40472371	0.001868	0.034556
NC_043971.1	41111072	0.001371	0.029609
NC_043971.1	41223542	0.000553	0.009839
NC_043971.1	41223561	0.000589	0.010472
NC_043971.1	42109691	0.001621	0.031816
NC_043971.1	42109729	0.000480	0.009377
NC_043971.1	42109771	0.001656	0.032782
NC_043971.1	42768119	0.002022	0.034766
NC_043971.1	43047027	0.000304	0.007060
NC_043971.1	43153332	0.000368	0.008806
NC_043971.1	43161076	0.001348	0.028900
NC_043971.1	43161109	0.013743	0.125979
NC_043971.1	43161161	0.001397	0.029082
NC_043971.1	43161169	0.000431	0.007529
NC_043971.1	43161338	0.000287	0.005996
NC_043971.1	43161349	0.000472	0.009544
NC_043971.1	43162323	0.001471	0.030102
NC_043971.1	43162343	0.000375	0.007317
NC_043971.1	43164469	0.000443	0.008696
NC_043971.1	43306594	0.003868	0.089236
NC_043971.1	43306989	0.000475	0.008418
NC_043971.1	43643508	0.000765	0.014412
NC_043971.1	43774201	0.018103	0.493567
NC_043971.1	44640735	0.001862	0.033271
NC_043971.1	44640763	0.002209	0.036593
NC_043971.1	44790435	0.000685	0.348121
NC_043971.1	44790475	0.000414	0.009008
NC_043971.1	44790477	0.011711	0.125897
NC_043971.1	46072846	0.002213	0.036628
NC_043971.1	46072914	0.001837	0.033621
NC_043971.1	46072921	0.001814	0.033392
NC_043971.1	46226239	0.002058	0.035117
NC_043971.1	46226314	0.000490	0.009575
NC_043971.1	46254758	0.001908	0.034646
NC_043971.1	46782993	0.000604	0.010712
NC_043971.1	47207176	0.000580	0.011149
NC_043971.1	47207179	0.000608	0.011615
NC_043971.1	47207204	0.002014	0.035426
NC_043971.1	47356044	0.009824	0.160900
NC_043971.1	47356053	0.000617	0.010940
NC_043971.1	47356073	0.000404	0.007906
NC_043971.1	47420939	0.000217	0.004621
NC_043971.1	49398841	0.000496	0.008810
NC_043971.1	49398900	0.001740	0.032149
NC_043971.1	49399000	0.001440	0.029816
NC_043971.1	49458770	0.000484	0.009238
NC_043971.1	49516109	0.001977	0.034347
NC_043971.1	49524435	0.000906	0.015771
NC_043971.1	49993747	0.000459	0.010110
NC_043971.1	50059398	0.000188	0.003418
NC_043971.1	50059671	0.000209	0.005311
NC_043971.1	50435192	0.003956	0.489250
NC_043971.1	50466710	0.022098	0.504508
NC_043971.1	50587488	0.000321	0.318039
NC_043971.1	50685096	0.000456	0.010089
NC_043971.1	50690748	0.002073	0.035795
NC_043971.1	50856315	0.002091	0.035790
NC_043971.1	50875416	0.001682	0.032563
NC_043971.1	50875434	0.000465	0.009732
NC_043971.1	50893355	0.000228	0.006523
NC_043971.1	50893373	0.000929	0.025804
NC_043971.1	50893746	0.000870	0.015721
NC_043971.1	50902064	0.000133	0.003571
NC_043971.1	50902113	0.019507	0.486102
NC_043971.1	50902122	0.000184	0.004302
NC_043971.1	50973282	0.002154	0.036046
NC_043971.1	50998758	0.000492	0.010228
NC_043971.1	51047085	0.000528	0.009388
NC_043971.1	51047086	0.000446	0.008745
NC_043971.1	51047099	0.000321	0.007338
NC_043971.1	51047180	0.000377	0.007675
NC_043971.1	51047426	0.000483	0.010080
NC_043971.1	51080422	0.001956	0.034823
NC_043971.1	51084714	0.000491	0.010214
NC_043971.1	51084720	0.000497	0.010319
NC_043971.1	51116863	0.000399	0.006595
NC_043971.1	51375903	0.000272	0.007817
NC_043971.1	51375927	0.000123	0.003797
NC_043971.1	51375960	-0.000780	0.282670
NC_043971.1	51376015	0.000291	0.007858
NC_043971.1	51376119	0.000543	0.015717
NC_043971.1	51376123	0.000194	0.004641
NC_043971.1	51376141	0.000121	0.003511
NC_043971.1	51376146	0.005369	0.206555
NC_043971.1	51379175	0.007431	0.073557
NC_043971.1	51379183	0.002936	0.386268
NC_043971.1	51453074	0.000798	0.024296
NC_043971.1	51453115	0.017100	0.476294
NC_043971.1	51453119	0.000166	0.005206
NC_043971.1	51461229	0.000351	0.008120
NC_043971.1	51543927	0.000458	0.008075
NC_043971.1	51547184	0.000274	0.007462
NC_043971.1	51548534	0.010499	0.490513
NC_043971.1	51548706	0.007260	0.088030
NC_043971.1	51550948	0.000397	0.008683
NC_043971.1	51555960	0.007595	0.390332
NC_043971.1	51567772	0.000423	0.009680
NC_043971.1	51567801	0.009668	0.098125
NC_043971.1	51570846	0.000736	0.012822
NC_043971.1	51570869	0.005473	0.059998
NC_043971.1	51573549	0.000463	0.009072
NC_043971.1	51573571	0.007840	0.166209
NC_043971.1	51573620	0.000644	0.011380
NC_043971.1	51573746	0.001206	0.028434
NC_043971.1	51610112	0.000361	0.009076
NC_043971.1	51803189	0.001972	0.034991
NC_043971.1	51939647	0.009646	0.099091
NC_043971.1	51989106	0.004200	0.056872
NC_043971.1	51989176	0.003381	0.057622
NC_043971.1	51989353	0.000635	0.011236
NC_043971.1	51989475	0.000282	0.006673
NC_043971.1	52012720	0.001748	0.033261
NC_043971.1	52049416	0.002112	0.036461
NC_043971.1	52061527	0.001826	0.033509
NC_043971.1	52062245	0.001727	0.032536
NC_043971.1	52062567	0.001744	0.032185
NC_043971.1	52062590	0.001960	0.034184
NC_043971.1	52062848	0.001870	0.033945
NC_043971.1	52063262	0.001857	0.033225
NC_043971.1	52063335	0.000516	0.009184
NC_043971.1	52063615	0.001758	0.029102
NC_043971.1	52063617	0.001971	0.034972
NC_043971.1	52113448	0.001804	0.033294
NC_043971.1	52113454	0.002101	0.035531
NC_043971.1	52193262	0.001545	0.031552
NC_043971.1	52273337	0.002165	0.037046
NC_043971.1	52273499	0.007691	0.469452
NC_043971.1	52273687	0.000455	0.010076
NC_043971.1	52444769	0.003327	0.199036
NC_043971.1	52840016	0.002070	0.035227
NC_043971.1	52840535	0.000517	0.010682
NC_043971.1	52840786	0.000580	0.010303
NC_043971.1	53377729	0.000481	0.008538
NC_043971.1	53531502	0.002032	0.034863
NC_043971.1	54104128	0.000154	0.004381
NC_043971.1	54104136	0.006585	0.076265
NC_043971.1	54104167	0.000438	0.009469
NC_043971.1	54104304	0.000659	0.327486
NC_043971.1	54104391	0.000078	0.002440
NC_043971.1	54105376	0.011942	0.136273
NC_043971.1	54105434	0.001147	0.027446
NC_043971.1	54106026	0.010169	0.107957
NC_043971.1	54106034	0.001256	0.022828
NC_043971.1	54106039	0.000632	0.020750
NC_043971.1	54106096	0.000048	0.001394
NC_043971.1	54106133	0.000736	0.328785
NC_043971.1	54106143	0.007262	0.103262
NC_043971.1	54106148	0.000073	0.001585
NC_043971.1	54106157	0.000114	0.002389
NC_043971.1	54106161	0.000226	0.005020
NC_043971.1	54106169	0.000401	0.316687
NC_043971.1	54106173	0.000272	0.005249
NC_043971.1	54106233	-0.000968	0.278061
NC_043971.1	54106238	0.000059	0.001350
NC_043971.1	54106275	0.004590	0.371591
NC_043971.1	54106314	0.014014	0.470989
NC_043971.1	54106317	0.007670	0.095853
NC_043971.1	54106318	0.000110	0.002230
NC_043971.1	54106327	-0.000410	0.243210
NC_043971.1	54106383	0.000201	0.005494
NC_043971.1	54106387	0.000199	0.004824
NC_043971.1	54106399	0.000756	0.023525
NC_043971.1	54106401	0.003218	0.210329
NC_043971.1	54106459	0.000296	0.006234
NC_043971.1	54106529	0.000822	0.014112
NC_043971.1	54106596	0.008771	0.071463
NC_043971.1	54106597	0.000096	0.002145
NC_043971.1	54106601	0.000100	0.001888
NC_043971.1	54106613	0.000076	0.001945
NC_043971.1	54106671	0.000171	0.004242
NC_043971.1	54106675	0.000290	0.006248
NC_043971.1	54106687	0.000135	0.003310
NC_043971.1	54106728	-0.000348	0.294304
NC_043971.1	54106773	-0.000934	0.267169
NC_043971.1	54106802	0.000101	0.002039
NC_043971.1	54106861	0.000107	0.003352
NC_043971.1	54107052	0.000101	0.003453
NC_043971.1	54107903	0.001864	0.034156
NC_043971.1	54404719	0.002122	0.035738
NC_043971.1	54404735	0.002229	0.036785
NC_043971.1	54467893	0.002078	0.035307
NC_043972.1	81022	0.001306	0.028830
NC_043972.1	81090	0.001265	0.028762
NC_043972.1	81432	0.000475	0.011081
NC_043972.1	81484	0.001472	0.030496
NC_043972.1	1748952	-0.000053	0.294685
NC_043972.1	1936518	0.000562	0.009995
NC_043972.1	1936659	0.000529	0.009408
NC_043972.1	2030202	0.001612	0.032288
NC_043972.1	2158764	0.004141	0.430147
NC_043972.1	2158767	0.001366	0.029676
NC_043972.1	2788514	0.002049	0.035033
NC_043972.1	2989812	0.001977	0.034340
NC_043972.1	2989824	0.001972	0.034300
NC_043972.1	3046593	0.000373	0.008471
NC_043972.1	3046602	0.000340	0.007760
NC_043972.1	3046624	0.000372	0.007914
NC_043972.1	3638326	0.000569	0.010965
NC_043972.1	4327458	0.001628	0.031937
NC_043972.1	5060925	0.000482	0.008544
NC_043972.1	5470219	0.001478	0.030842
NC_043972.1	5470239	0.000477	0.009964
NC_043972.1	5535315	0.003124	0.397551
NC_043972.1	5535340	0.000411	0.008051
NC_043972.1	5535473	0.006884	0.083597
NC_043972.1	5551657	0.000376	0.009173
NC_043972.1	5551680	0.000417	0.010002
NC_043972.1	5724082	0.000483	0.009430
NC_043972.1	5724227	0.001852	0.033174
NC_043972.1	5724376	0.001282	0.028600
NC_043972.1	5868308	0.007361	0.168648
NC_043972.1	6040940	0.002211	0.036610
NC_043972.1	6415307	0.001755	0.032286
NC_043972.1	6415908	0.000469	0.008299
NC_043972.1	6639822	0.000560	0.009970
NC_043972.1	6639909	0.001869	0.033943
NC_043972.1	6694226	0.000678	0.011912
NC_043972.1	8362965	0.000680	0.014016
NC_043972.1	8362980	0.000418	0.009591
NC_043972.1	8363017	0.001665	0.032392
NC_043972.1	8634703	0.000337	0.007704
NC_043972.1	8859291	0.000565	0.332485
NC_043972.1	8859375	0.001573	0.376825
NC_043972.1	9363903	0.010083	0.150653
NC_043972.1	9363904	0.007439	0.171209
NC_043972.1	9810594	0.000600	0.010644
NC_043972.1	9952369	0.001910	0.033717
NC_043972.1	9964756	0.001453	0.030406
NC_043972.1	9964780	0.000473	0.009251
NC_043972.1	9965191	0.000507	0.009011
NC_043972.1	10356948	0.002207	0.412920
NC_043972.1	10406723	0.001746	0.033489
NC_043972.1	10424235	0.000523	0.010795
NC_043972.1	10424559	0.000601	0.010660
NC_043972.1	10424575	0.002076	0.035286
NC_043972.1	10481902	0.000463	0.009699
NC_043972.1	10485724	0.001810	0.034565
NC_043972.1	10970924	0.000550	0.010210
NC_043972.1	11000028	0.000503	0.008950
NC_043972.1	11050248	0.019119	0.275102
NC_043972.1	11303253	0.000352	0.008446
NC_043972.1	11303361	0.002470	0.062177
NC_043972.1	11441702	0.002130	0.036409
NC_043972.1	11471251	0.000582	0.010756
NC_043972.1	11471383	0.005234	0.062585
NC_043972.1	11471384	0.000378	0.009223
NC_043972.1	11523289	0.000534	0.010356
NC_043972.1	11813627	0.001691	0.364407
NC_043972.1	11908009	0.000448	0.007893
NC_043972.1	11915091	0.001182	0.022285
NC_043972.1	12260083	0.002207	0.036564
NC_043972.1	12300204	0.000598	0.011023
NC_043972.1	12355688	0.001389	0.029942
NC_043972.1	12471418	0.000301	0.006846
NC_043972.1	12480280	0.006954	0.066647
NC_043972.1	12480333	0.000627	0.011105
NC_043972.1	12539119	0.001803	0.033285
NC_043972.1	12539200	0.010171	0.089638
NC_043972.1	12570434	0.000989	0.017607
NC_043972.1	12711296	0.001733	0.032082
NC_043972.1	12759476	0.007008	0.067090
NC_043972.1	12789667	0.000051	0.000497
NC_043972.1	12789668	0.000055	0.000520
NC_043972.1	12789674	0.000037	0.000427
NC_043972.1	12789675	0.000032	0.000388
NC_043972.1	12789677	0.000030	0.000375
NC_043972.1	12789680	0.000030	0.000375
NC_043972.1	12789693	0.000037	0.000420
NC_043972.1	12789694	0.000036	0.000410
NC_043972.1	12789698	0.000033	0.000395
NC_043972.1	12789703	0.000033	0.000395
NC_043972.1	12789719	0.000080	0.000811
NC_043972.1	12789804	0.001844	0.033100
NC_043972.1	12972831	0.001321	0.021933
NC_043972.1	13038821	0.007305	0.069439
NC_043972.1	13113085	0.001824	0.033495
NC_043972.1	13113138	0.002031	0.034860
NC_043972.1	13165211	0.000413	0.008421
NC_043972.1	13188387	0.002019	0.035478
NC_043972.1	13587072	0.002144	0.035946
NC_043972.1	13587083	0.002079	0.035314
NC_043972.1	13648303	0.000412	0.009899
NC_043972.1	13838339	0.001903	0.034945
NC_043972.1	13839322	0.001484	0.031506
NC_043972.1	13840877	0.001528	0.030244
NC_043972.1	13840981	0.001520	0.030075
NC_043972.1	13841600	0.001827	0.032942
NC_043972.1	13841686	0.002026	0.034804
NC_043972.1	13847969	0.000353	0.005821
NC_043972.1	13847987	0.001074	0.026636
NC_043972.1	13848153	0.000507	0.010509
NC_043972.1	13848254	0.000420	0.009145
NC_043972.1	13853570	0.001668	0.031493
NC_043972.1	13853850	0.000210	0.005670
NC_043972.1	13854392	0.010826	0.112766
NC_043972.1	13854405	0.010481	0.472625
NC_043972.1	13854465	0.001444	0.030314
NC_043972.1	14270271	0.001683	0.031629
NC_043972.1	14272137	0.004238	0.405260
NC_043972.1	14272145	0.001318	0.028904
NC_043972.1	14440664	0.000013	0.000237
NC_043972.1	14440671	-0.002670	0.499673
NC_043972.1	14440680	0.000007	0.000146
NC_043972.1	14440682	0.000005	0.000121
NC_043972.1	14440691	0.000006	0.000132
NC_043972.1	14440696	0.000007	0.000143
NC_043972.1	14440703	0.032447	0.109217
NC_043972.1	14440707	0.000010	0.000201
NC_043972.1	14440712	0.000013	0.000232
NC_043972.1	14440721	0.002126	0.476949
NC_043972.1	14579769	0.002147	0.036851
NC_043972.1	14579770	0.000684	0.012017
NC_043972.1	14579780	0.000667	0.011743
NC_043972.1	14584354	0.001936	0.034922
NC_043972.1	14703134	0.001782	0.032535
NC_043972.1	14703163	0.001920	0.033806
NC_043972.1	14703172	0.000478	0.009344
NC_043972.1	14703353	0.001856	0.033210
NC_043972.1	14725353	0.001886	0.034393
NC_043972.1	14752509	0.000641	0.011323
NC_043972.1	14826752	0.007478	0.218815
NC_043972.1	14826838	0.000483	0.009438
NC_043972.1	14826850	0.001864	0.033889
NC_043972.1	14828321	0.001989	0.035498
NC_043972.1	14949973	0.000281	0.006653
NC_043972.1	14950093	0.001900	0.033486
NC_043972.1	14950797	0.001573	0.030642
NC_043972.1	14971169	0.000643	0.011363
NC_043972.1	14998166	0.002018	0.034737
NC_043972.1	14998206	0.006212	0.061191
NC_043972.1	15008372	0.006022	0.484372
NC_043972.1	15120642	0.000470	0.009192
NC_043972.1	15185942	0.002009	0.034643
NC_043972.1	15391406	0.001492	0.030542
NC_043972.1	15910714	0.000465	0.009739
NC_043972.1	15910742	0.000448	0.009426
NC_043972.1	15910762	0.000430	0.009941
NC_043972.1	16380963	0.001828	0.033534
NC_043972.1	16380995	0.000561	0.010816
NC_043972.1	16519393	0.000523	0.010171
NC_043972.1	16519406	0.000536	0.010394
NC_043972.1	17452094	0.000524	0.010173
NC_043972.1	17452131	0.001881	0.034063
NC_043972.1	17455048	0.000493	0.009409
NC_043972.1	17530348	0.000503	0.009808
NC_043972.1	17531252	0.012952	0.110062
NC_043972.1	18505134	0.012841	0.133900
NC_043972.1	18657794	0.000462	0.009052
NC_043972.1	18840942	0.000591	0.010494
NC_043972.1	18841039	0.001746	0.032722
NC_043972.1	19359631	0.000385	0.008432
NC_043972.1	19359735	0.001390	0.023447
NC_043972.1	19574980	0.001317	0.021870
NC_043972.1	19606610	0.001954	0.034808
NC_043972.1	20032057	0.001695	0.032224
NC_043972.1	20135707	0.002271	0.037211
NC_043972.1	20170223	0.010871	0.461735
NC_043972.1	20170262	0.001388	0.029888
NC_043972.1	20811445	0.000515	0.010027
NC_043972.1	20848794	0.001914	0.034394
NC_043972.1	20848864	0.011635	0.103901
NC_043972.1	20853301	0.000606	0.010748
NC_043972.1	20964719	0.002090	0.035426
NC_043972.1	21654932	0.001816	0.033668
NC_043972.1	21655062	0.000562	0.010008
NC_043972.1	21655224	0.002045	0.034989
NC_043972.1	21655237	0.000589	0.010460
NC_043972.1	21655293	0.001731	0.033077
NC_043972.1	21692097	0.002236	0.036859
NC_043972.1	21692248	0.001907	0.033688
NC_043972.1	21723394	0.001780	0.033433
NC_043972.1	21927000	0.007258	0.069063
NC_043972.1	22138396	0.001002	0.017816
NC_043972.1	22218845	0.001637	0.032102
NC_043972.1	22218853	0.000605	0.010741
NC_043972.1	22351814	0.002097	0.035487
NC_043972.1	22351969	0.002055	0.035087
NC_043972.1	22352067	0.000485	0.009781
NC_043972.1	22550938	0.000480	0.008513
NC_043972.1	22607222	0.001883	0.034720
NC_043972.1	22743087	0.001789	0.033691
NC_043972.1	24842119	0.000406	0.009133
NC_043972.1	24842229	0.001885	0.247168
NC_043972.1	24842312	0.001094	0.025232
NC_043972.1	24842330	0.000259	0.349933
NC_043972.1	24842381	0.000276	0.006304
NC_043972.1	25470662	0.005741	0.062311
NC_043972.1	25470724	0.000316	0.007631
NC_043972.1	25613715	0.000682	0.011982
NC_043972.1	27085623	0.002227	0.424218
NC_043972.1	27085671	0.000339	0.005497
NC_043972.1	27085839	0.007558	0.469534
NC_043972.1	27085929	0.010847	0.468251
NC_043972.1	27384331	0.001841	0.033079
NC_043972.1	28135413	0.001903	0.034568
NC_043972.1	28135637	0.002194	0.036439
NC_043972.1	28135651	0.000619	0.010971
NC_043972.1	29116718	0.000253	0.006073
NC_043972.1	29152515	0.002047	0.035007
NC_043972.1	30930170	0.000383	0.008884
NC_043972.1	30930181	0.001474	0.030133
NC_043972.1	31305194	0.000527	0.009385
NC_043972.1	32724753	0.001794	0.032638
NC_043972.1	32880488	0.000593	0.010528
NC_043972.1	32892625	0.000652	0.011503
NC_043972.1	33212664	0.001017	0.026717
NC_043972.1	33259633	0.009691	0.436315
NC_043972.1	33259651	0.000166	0.003727
NC_043972.1	33943992	0.007462	0.070735
NC_043972.1	34971261	0.000599	0.010639
NC_043972.1	35338504	0.001854	0.034402
NC_043972.1	36704457	0.001964	0.034222
NC_043972.1	36834267	0.006416	0.066513
NC_043972.1	36834309	0.001417	0.030439
NC_043972.1	36926815	0.002048	0.035014
NC_043972.1	37368391	0.000619	0.010969
NC_043972.1	37834079	0.000615	0.010894
NC_043972.1	38023239	0.000660	0.011630
NC_043972.1	38084278	0.000561	0.020357
NC_043972.1	38084281	0.000028	0.001360
NC_043972.1	38084293	0.000073	0.003542
NC_043972.1	38636981	0.007223	0.068778
NC_043972.1	38718197	0.001292	0.028701
NC_043972.1	38718395	0.001728	0.033046
NC_043972.1	38718557	0.000438	0.007675
NC_043972.1	38718622	0.006392	0.181704
NC_043972.1	38718647	0.001550	0.030434
NC_043972.1	39434375	0.000617	0.011755
NC_043972.1	40431954	0.000614	0.011704
NC_043972.1	40512813	0.000537	0.011034
NC_043972.1	40570426	0.001776	0.031936
NC_043972.1	40816476	0.000934	0.015752
NC_043972.1	41078626	0.001649	0.032223
NC_043972.1	41703409	0.000471	0.009218
NC_043972.1	41704519	0.004815	0.059309
NC_043972.1	42397727	0.000212	0.005832
NC_043972.1	42397784	0.001162	0.027858
NC_043972.1	42397910	0.000313	0.007932
NC_043972.1	42398466	0.000500	0.334882
NC_043972.1	42398492	0.001375	0.018177
NC_043972.1	42398494	0.000167	0.004725
NC_043972.1	42398508	-0.000792	0.259648
NC_043972.1	42758934	0.002086	0.035385
NC_043972.1	42758954	0.001929	0.033896
NC_043972.1	42758974	0.001941	0.034007
NC_043972.1	42872640	0.000604	0.010712
NC_043972.1	43147603	0.000392	0.008158
NC_043972.1	43176398	0.000576	0.010242
NC_043972.1	43413690	0.006443	0.427579
NC_043972.1	44097112	0.002083	0.092079
NC_043972.1	44097116	0.000024	0.001686
NC_043972.1	44125392	0.009432	0.256667
NC_043972.1	44125442	-0.000139	0.266726
NC_043972.1	44125467	0.001214	0.027699
NC_043972.1	44294989	0.000573	0.011025
NC_043972.1	44295056	0.000373	0.008890
NC_043972.1	44324437	0.000418	0.008206
NC_043972.1	44324742	0.000306	0.006661
NC_043972.1	44785071	0.001705	0.033040
NC_043972.1	44953827	0.001593	0.032579
NC_043972.1	44973510	0.001932	0.034575
NC_043972.1	44973514	0.008033	0.174566
NC_043972.1	45455581	0.001983	0.426955
NC_043972.1	45477596	0.001889	0.033517
NC_043972.1	45487384	0.002144	0.040878
NC_043972.1	45489665	0.012903	0.116063
NC_043972.1	45489669	0.001699	0.031772
NC_043972.1	45501057	0.011572	0.486087
NC_043972.1	45503745	0.004466	0.193359
NC_043972.1	45504571	0.032957	0.506952
NC_043972.1	45504585	0.013063	0.470429
NC_043972.1	45504993	0.001999	0.034549
NC_043972.1	45506595	0.001789	0.033694
NC_043972.1	45508042	0.000515	0.009168
NC_043972.1	45511382	0.001643	0.031726
NC_043972.1	45511388	0.000633	0.011183
NC_043972.1	45511389	0.001662	0.031913
NC_043972.1	45512852	0.008680	0.419149
NC_043972.1	45512859	0.005123	0.062554
NC_043972.1	45512882	0.001566	0.032256
NC_043972.1	45604603	0.014886	0.506423
NC_043972.1	45652443	0.000484	0.320365
NC_043972.1	45652514	0.000401	0.007729
NC_043972.1	46152424	0.000433	0.007586
NC_043972.1	46152548	0.001788	0.033134
NC_043972.1	46152598	0.001845	0.033701
NC_043972.1	46152901	0.003581	0.069519
NC_043972.1	46339547	0.000421	0.008909
NC_043972.1	46339611	0.006913	0.239091
NC_043972.1	46339650	0.001378	0.029939
NC_043972.1	46682686	0.020383	0.280110
NC_043972.1	47587071	0.000403	0.006944
NC_043972.1	47587179	0.008702	0.078776
NC_043972.1	47587245	0.004767	0.053732
NC_043972.1	47587271	0.000290	0.006347
NC_043972.1	47587341	0.000295	0.006754
NC_043972.1	47889344	0.001740	0.032667
NC_043972.1	48041703	0.001481	0.031051
NC_043972.1	48067426	0.002034	0.035637
NC_043972.1	48643241	0.000052	0.001509
NC_043972.1	48643256	0.000039	0.001080
NC_043972.1	48643278	0.000028	0.000572
NC_043972.1	48643279	0.000065	0.002856
NC_043972.1	48643290	0.000034	0.000712
NC_043972.1	48643326	0.000061	0.000689
NC_043972.1	48643327	0.000068	0.000764
NC_043972.1	48711136	0.001820	0.032879
NC_043972.1	48940054	0.001175	0.027773
NC_043972.1	48940078	0.000333	0.007332
NC_043972.1	48940148	0.000435	0.009356
NC_043972.1	48940257	0.001499	0.030706
NC_043972.1	48940284	0.001394	0.029679
NC_043972.1	49527611	0.000588	0.010450
NC_043972.1	49527701	0.000450	0.009710
NC_043972.1	51184777	0.000556	0.009896
NC_043972.1	51184802	0.000495	0.008790
NC_043972.1	51612655	0.002015	0.035434
NC_043972.1	51612688	0.001795	0.033756
NC_043972.1	51918971	0.000866	0.016159
NC_043972.1	51919029	0.007861	0.097221
NC_043972.1	51923385	0.000534	0.012253
NC_043972.1	51923521	0.000189	0.004538
NC_043972.1	51928991	0.000960	0.025229
NC_043972.1	51928998	0.001063	0.026117
NC_043972.1	51929092	0.000980	0.025753
NC_043972.1	51944153	0.004927	0.244038
NC_043972.1	51944194	0.000941	0.022948
NC_043972.1	51944222	0.007805	0.082928
NC_043972.1	51950702	0.009846	0.147461
NC_043972.1	51950721	0.007913	0.080475
NC_043972.1	51957929	0.012069	0.137011
NC_043972.1	51957959	0.003209	0.176253
NC_043972.1	51963398	0.000842	0.023284
NC_043972.1	51964123	0.001466	0.029598
NC_043972.1	51964164	0.001550	0.030435
NC_043972.1	51964986	0.007398	0.078237
NC_043972.1	51964987	0.007667	0.079227
NC_043972.1	51967542	0.000583	0.019844
NC_043972.1	51967575	0.003796	0.033760
NC_043972.1	51971782	0.000097	0.002693
NC_043972.1	51971840	-0.000964	0.259330
NC_043972.1	51971862	0.007393	0.107860
NC_043972.1	51989461	0.008025	0.078052
NC_043972.1	52001580	0.001388	0.028992
NC_043972.1	52040722	0.000291	0.005378
NC_043972.1	52041755	0.000118	0.003230
NC_043972.1	52476707	0.002100	0.035514
NC_043972.1	52499052	0.000242	0.005441
NC_043972.1	52499060	0.003716	0.178241
NC_043972.1	52499075	0.001117	0.350647
NC_043972.1	52499077	0.005502	0.063258
NC_043972.1	52660547	0.001607	0.031990
NC_043972.1	52660655	0.001953	0.034122
NC_043972.1	52687395	0.000640	0.011315
NC_043972.1	52804764	0.000611	0.011662
NC_043972.1	54463406	0.000319	0.004989
NC_043972.1	54464794	0.000576	0.010248
NC_043972.1	54565736	0.000450	0.009465
NC_043972.1	54599355	0.000405	0.006988
NC_043972.1	54946097	0.005794	0.064340
NC_043972.1	55191010	0.001841	0.033445
NC_043972.1	55191041	0.001683	0.031936
NC_043972.1	55306149	0.000531	0.009448
NC_043972.1	56081016	0.000373	0.008351
NC_043972.1	56081064	0.000399	0.007690
NC_043972.1	56081100	0.000469	0.008302
NC_043972.1	56081184	0.001651	0.031798
NC_043972.1	56082240	0.002033	0.034876
NC_043972.1	56145969	0.000549	0.010616
NC_043972.1	56146122	0.000594	0.010551
NC_043972.1	56146128	0.000587	0.010436
NC_043972.1	56146211	0.000354	0.008734
NC_043972.1	56146271	0.001527	0.031368
NC_043972.1	56146392	0.000461	0.009337
NC_043972.1	56161298	0.000542	0.009644
NC_043972.1	56315843	0.000387	0.007880
NC_043972.1	56319810	0.001531	0.031847
NC_043972.1	56644273	0.000518	0.010071
NC_043972.1	56644397	0.000817	0.014041
NC_043972.1	56644589	0.000360	0.007666
NC_043972.1	56644609	0.001629	0.031147
NC_043972.1	56644732	0.000408	0.008002
NC_043972.1	56653560	0.001956	0.034144
NC_043972.1	56653566	0.008011	0.236251
NC_043972.1	56957750	0.001848	0.033721
NC_043972.1	56957753	0.000470	0.009204
NC_043972.1	56976859	0.001616	0.032334
NC_043972.1	56976893	0.001878	0.034032
NC_043972.1	56977089	0.014480	0.502029
NC_043972.1	56977190	0.002218	0.036684
NC_043972.1	57430049	0.000377	0.008757
NC_043972.1	57777670	0.001483	0.031776
NC_043972.1	58015493	0.000407	0.009088
NC_043972.1	58015634	0.000490	0.009441
NC_043972.1	58097220	0.010575	0.502430
NC_043972.1	58097224	0.001156	0.353377
NC_043972.1	58159500	0.005585	0.042481
NC_043972.1	58587139	0.021833	0.488826
NC_043972.1	58698890	0.001954	0.035523
NC_043972.1	58796108	0.002072	0.035246
NC_043972.1	58799508	0.014607	0.502399
NC_043972.1	58807705	0.000635	0.011236
NC_043972.1	58829883	0.003046	0.038532
NC_043972.1	58897673	0.003390	0.046629
NC_043972.1	58899986	0.001906	0.034310
NC_043972.1	59215316	0.000485	0.008605
NC_043972.1	59216764	0.008630	0.158152
NC_043972.1	59216825	0.009007	0.152151
NC_043972.1	59216834	0.004388	0.193123
NC_043972.1	59217040	0.000606	0.337113
NC_043972.1	59916689	0.006053	0.472494
NC_043972.1	59916735	0.006393	0.224068
NC_043972.1	59918544	0.001615	0.032551
NC_043972.1	59933297	0.000560	0.010376
NC_043972.1	59974737	0.000007	0.000145
NC_043972.1	59974743	-0.002668	0.499589
NC_043972.1	59974745	0.007171	0.074574
NC_043972.1	59974748	0.000012	0.000246
NC_043972.1	59974754	0.002688	0.501883
NC_043972.1	59974756	0.003126	0.070476
NC_043972.1	59974765	0.008695	0.501653
NC_043972.1	59974767	0.000399	0.022936
NC_043972.1	60009677	0.017017	0.126445
NC_043972.1	60010134	0.011454	0.285105
NC_043972.1	60010135	0.011181	0.283993
NC_043972.1	60010412	0.000545	0.011021
NC_043972.1	60010522	0.001231	0.028117
NC_043972.1	60010738	0.029653	0.314641
NC_043972.1	60098748	-0.000201	0.252684
NC_043972.1	60098756	0.004349	0.054709
NC_043972.1	60098771	0.000064	0.000641
NC_043972.1	60098778	0.007392	0.077912
NC_043972.1	60098791	0.000051	0.000526
NC_043972.1	60098817	0.000040	0.000477
NC_043972.1	60098837	0.000046	0.000584
NC_043972.1	60098857	0.001905	0.037047
NC_043972.1	60098868	0.000052	0.000671
NC_043972.1	60099156	0.000097	0.001263
NC_043972.1	60099221	0.000110	0.001285
NC_043972.1	60099241	0.011935	0.115837
NC_043972.1	60099321	0.000263	0.006820
NC_043972.1	60195835	0.000193	0.001044
NC_043972.1	60549534	-0.000278	0.297887
NC_043972.1	60549580	0.000776	0.325395
NC_043972.1	60549611	0.000083	0.001858
NC_043972.1	60549626	0.000865	0.431127
NC_043972.1	60549640	-0.001072	0.258742
NC_043972.1	60549656	0.001606	0.235764
NC_043972.1	60549670	0.012971	0.497309
NC_043972.1	60857372	0.002514	0.041076
NC_043972.1	60857387	0.000250	0.269217
NC_043972.1	60857418	0.000137	0.003056
NC_043972.1	60857421	0.004475	0.186684
NC_043972.1	61407315	0.001230	0.372116
NC_043972.1	61409495	0.000033	0.295540
NC_043972.1	61416338	0.006684	0.081122
NC_043972.1	61416354	-0.001053	0.270598
NC_043972.1	61416393	0.008192	0.143544
NC_043972.1	61416440	0.000321	0.008581
NC_043972.1	61422474	0.006753	0.082768
NC_043972.1	61422534	-0.000559	0.252192
NC_043972.1	61422538	0.000431	0.315155
NC_043972.1	61422554	0.003553	0.196401
NC_043972.1	61530594	0.000141	0.003075
NC_043972.1	61564892	0.006367	0.165874
NC_043972.1	61564912	0.008267	0.158828
NC_043972.1	61564932	0.000865	0.386734
NC_043972.1	61564945	0.000058	0.003674
NC_043972.1	61564952	0.042430	0.501433
NC_043972.1	61564972	-0.000466	0.359277
NC_043972.1	61564985	0.000050	0.003474
NC_043972.1	61564992	0.004882	0.126180
NC_043972.1	61565006	0.000015	0.000274
NC_043972.1	61565012	0.029150	0.449430
NC_043972.1	61565025	0.000017	0.000487
NC_043972.1	61565026	0.000015	0.000252
NC_043972.1	61565033	0.000014	0.000255
NC_043972.1	61565046	0.000015	0.000260
NC_043972.1	61565072	0.003993	0.211669
NC_043972.1	61565086	0.000055	0.000661
NC_043972.1	61603702	0.017544	0.500195
NC_043972.1	61603771	0.008461	0.126466
NC_043972.1	61603827	0.000295	0.005198
NC_043972.1	61604916	0.044637	0.277753
NC_043972.1	61604957	0.000253	0.005088
NC_043972.1	61605060	0.002649	0.032231
NC_043972.1	61605116	0.000182	0.003165
NC_043972.1	61605540	0.000161	0.002683
NC_043972.1	61605917	0.009763	0.410448
NC_043972.1	61605956	0.000444	0.008699
NC_043972.1	61676026	0.000289	0.007461
NC_043972.1	61676212	0.002729	0.244952
NC_043972.1	61676241	0.001380	0.029959
NC_043972.1	61676295	0.000239	0.007185
NC_043972.1	61676376	0.001628	0.032010
NC_043972.1	61676921	0.000661	0.011644
NC_043972.1	61677011	0.001289	0.028832
NC_043972.1	61677298	0.000454	0.009527
NC_043972.1	61677608	0.001664	0.032595
NC_043972.1	61677632	0.001710	0.033097
NC_043972.1	61700700	0.007715	0.086652
NC_043972.1	61731795	0.000269	0.005912
NC_043972.1	61731898	0.000148	0.370437
NC_043972.1	61731900	0.003119	0.188793
NC_043972.1	61731908	0.027956	0.121134
NC_043972.1	61731913	0.000279	0.006222
NC_043972.1	61731921	0.000293	0.006567
NC_043972.1	61731952	0.002888	0.216494
NC_043972.1	61951433	0.006391	0.093841
NC_043972.1	61951434	0.005710	0.123729
NC_043972.1	61951448	0.008138	0.113797
NC_043972.1	61951477	0.000046	0.000666
NC_043972.1	61951486	0.002145	0.038777
NC_043972.1	61951488	0.000065	0.001071
NC_043972.1	61952229	0.000348	0.020820
NC_043972.1	61952249	0.000067	0.012417
NC_043973.1	34086	0.000956	0.016066
NC_043973.1	69746	0.000606	0.010754
NC_043973.1	94778	0.000293	0.004305
NC_043973.1	157829	0.001065	0.017670
NC_043973.1	157835	0.000580	0.010718
NC_043973.1	271909	0.003121	0.431680
NC_043973.1	272498	0.001272	0.028729
NC_043973.1	281155	0.000432	0.263324
NC_043973.1	281180	0.000218	0.005854
NC_043973.1	281270	0.006314	0.076004
NC_043973.1	281275	0.000097	0.003472
NC_043973.1	281385	0.000162	0.302505
NC_043973.1	281406	0.000149	0.005325
NC_043973.1	281763	0.000263	0.007702
NC_043973.1	1049872	0.001486	0.029728
NC_043973.1	1582581	0.000632	0.012310
NC_043973.1	1582631	0.005330	0.057662
NC_043973.1	1698258	0.005976	0.066013
NC_043973.1	1848943	0.002936	0.237948
NC_043973.1	1848955	0.005785	0.064768
NC_043973.1	1848959	0.004554	0.040444
NC_043973.1	1848989	0.001708	0.032906
NC_043973.1	2288230	0.000202	0.002660
NC_043973.1	2288232	0.000349	0.006015
NC_043973.1	2288244	0.000099	0.000717
NC_043973.1	2288274	0.000048	0.000478
NC_043973.1	2288388	0.000154	0.002484
NC_043973.1	2288396	0.000374	0.006911
NC_043973.1	2368855	0.002093	0.035454
NC_043973.1	2539818	0.008110	0.079257
NC_043973.1	2539844	0.000130	0.001584
NC_043973.1	2539852	0.000114	0.001597
NC_043973.1	2539881	0.000417	0.007711
NC_043973.1	2539902	0.000257	0.004870
NC_043973.1	2849184	0.000456	0.009412
NC_043973.1	2849256	0.004244	0.403092
NC_043973.1	2852977	0.000691	0.012122
NC_043973.1	2853639	0.000112	0.001485
NC_043973.1	2853642	0.000082	0.001217
NC_043973.1	2853657	0.000062	0.001028
NC_043973.1	2853658	0.000045	0.000570
NC_043973.1	2853660	0.006294	0.073677
NC_043973.1	2853687	0.005980	0.093672
NC_043973.1	2853693	0.000090	0.003708
NC_043973.1	2853696	0.000056	0.001699
NC_043973.1	2853699	0.000028	0.000616
NC_043973.1	2853702	0.000029	0.000488
NC_043973.1	2853708	0.000028	0.000607
NC_043973.1	2853816	0.007163	0.034626
NC_043973.1	2853822	0.000052	0.001172
NC_043973.1	2853832	0.000062	0.001432
NC_043973.1	2881975	0.000442	0.010046
NC_043973.1	2942057	0.009497	0.104772
NC_043973.1	2942096	0.001810	0.028434
NC_043973.1	3142716	0.000575	0.010229
NC_043973.1	3223765	0.001989	0.034458
NC_043973.1	3297746	0.001939	0.034648
NC_043973.1	3297764	0.001480	0.026782
NC_043973.1	3298020	0.000475	0.009916
NC_043973.1	3298088	0.000501	0.010400
NC_043973.1	3298638	0.001792	0.033996
NC_043973.1	3736414	0.002029	0.034840
NC_043973.1	4666800	0.000454	0.009778
NC_043973.1	5482287	0.007820	0.231291
NC_043973.1	6359294	0.001522	0.030935
NC_043973.1	6413040	0.000565	0.010899
NC_043973.1	7119887	0.000442	0.007755
NC_043973.1	7131679	0.007917	0.083643
NC_043973.1	7181219	0.001313	0.028506
NC_043973.1	7181226	0.001540	0.030592
NC_043973.1	7208350	0.000451	0.007949
NC_043973.1	7216819	0.001702	0.031805
NC_043973.1	7216852	0.015729	0.470707
NC_043973.1	7216866	0.008848	0.089000
NC_043973.1	7225224	0.001122	0.026995
NC_043973.1	7225238	0.008314	0.082045
NC_043973.1	7227107	0.008640	0.115728
NC_043973.1	7227124	0.000148	0.004054
NC_043973.1	7227454	0.004412	0.261585
NC_043973.1	7227492	-0.000314	0.287731
NC_043973.1	7404062	0.000057	0.296044
NC_043973.1	7409895	0.001237	0.027897
NC_043973.1	7416851	0.000289	0.005889
NC_043973.1	7421145	0.000220	0.003262
NC_043973.1	7429505	0.002641	0.484739
NC_043973.1	7433012	0.008679	0.095715
NC_043973.1	7461959	0.000363	0.007045
NC_043973.1	7599753	0.020380	0.139887
NC_043973.1	7599756	-0.000460	0.284505
NC_043973.1	7602990	0.000362	0.005741
NC_043973.1	7604102	0.000266	0.004586
NC_043973.1	7604185	0.003638	0.042978
NC_043973.1	7604272	0.001215	0.027417
NC_043973.1	7604669	0.008205	0.079132
NC_043973.1	7604787	0.007697	0.080097
NC_043973.1	7896288	0.000669	0.011770
NC_043973.1	7967164	0.000971	0.016749
NC_043973.1	7967194	0.001596	0.032107
NC_043973.1	7967541	0.002495	0.041741
NC_043973.1	7967820	0.001680	0.032768
NC_043973.1	7967851	0.001644	0.032377
NC_043973.1	7968470	0.001698	0.032732
NC_043973.1	7968496	0.000447	0.009410
NC_043973.1	7968573	0.000887	0.015066
NC_043973.1	7968673	0.003445	0.056555
NC_043973.1	7968762	0.005761	0.475527
NC_043973.1	7969578	0.001949	0.034750
NC_043973.1	7970090	0.006082	0.492940
NC_043973.1	7970585	0.000575	0.010230
NC_043973.1	7971208	0.001913	0.034382
NC_043973.1	7971225	0.001760	0.032858
NC_043973.1	7971995	0.000431	0.009097
NC_043973.1	7972019	0.005942	0.479386
NC_043973.1	8157116	0.000408	0.007518
NC_043973.1	8390322	0.001874	0.033987
NC_043973.1	8390358	0.001922	0.034472
NC_043973.1	8390365	0.001824	0.033494
NC_043973.1	11286868	0.000502	0.009787
NC_043973.1	12004877	0.001575	0.030663
NC_043973.1	12004925	0.000282	0.006163
NC_043973.1	12026565	0.001671	0.031420
NC_043973.1	12028536	0.010300	0.094108
NC_043973.1	12028550	0.000426	0.007418
NC_043973.1	12067147	0.007092	0.081828
NC_043973.1	12067192	0.007112	0.081247
NC_043973.1	12067214	0.007097	0.403766
NC_043973.1	12067228	0.001441	0.029769
NC_043973.1	12069911	0.001399	0.029436
NC_043973.1	12106354	0.012182	0.428159
NC_043973.1	12106387	0.000729	0.015176
NC_043973.1	12114141	0.008750	0.175733
NC_043973.1	12124139	0.000620	0.011799
NC_043973.1	12148605	0.000932	0.241325
NC_043973.1	12148663	0.000390	0.007625
NC_043973.1	12148678	0.000433	0.008502
NC_043973.1	12148686	0.015255	0.251514
NC_043973.1	12149359	0.000407	0.007032
NC_043973.1	12149621	0.001351	0.029259
NC_043973.1	12150224	0.000277	0.006710
NC_043973.1	12150679	0.000438	0.009691
NC_043973.1	12151302	0.000324	0.007126
NC_043973.1	12151744	0.000435	0.008399
NC_043973.1	12171832	0.000451	0.009399
NC_043973.1	12171835	0.000295	0.321914
NC_043973.1	12171846	0.000310	0.008173
NC_043973.1	12185062	0.001854	0.033457
NC_043973.1	12185871	0.001771	0.032669
NC_043973.1	12187353	0.001838	0.033292
NC_043973.1	12188108	0.000527	0.009157
NC_043973.1	12188237	0.001289	0.028673
NC_043973.1	12189157	0.000881	0.025262
NC_043973.1	12189345	0.000441	0.008513
NC_043973.1	12189678	0.001591	0.030803
NC_043973.1	12189751	0.001846	0.032995
NC_043973.1	12189755	0.001815	0.032711
NC_043973.1	12190703	0.001839	0.033055
NC_043973.1	12199248	0.001931	0.033907
NC_043973.1	12199351	0.000426	0.008340
NC_043973.1	12199370	0.001315	0.028919
NC_043973.1	12199392	0.001319	0.028947
NC_043973.1	12202324	0.006090	0.481573
NC_043973.1	12202326	0.007365	0.435399
NC_043973.1	12202372	0.007166	0.504023
NC_043973.1	12202376	0.013756	0.472620
NC_043973.1	12202463	0.010714	0.504004
NC_043973.1	12202553	0.007851	0.137652
NC_043973.1	12203851	0.001969	0.034269
NC_043973.1	12203937	0.017484	0.486431
NC_043973.1	12203941	0.019195	0.493480
NC_043973.1	12203985	0.007590	0.083322
NC_043973.1	12204007	0.005892	0.185190
NC_043973.1	12204080	0.012288	0.463514
NC_043973.1	12204133	0.000274	0.005747
NC_043973.1	12204382	0.000470	0.009087
NC_043973.1	12204680	0.005879	0.180139
NC_043973.1	12204737	0.004291	0.054483
NC_043973.1	12204791	0.011746	0.126549
NC_043973.1	12204827	0.003550	0.049465
NC_043973.1	12204829	0.000211	0.005512
NC_043973.1	12204835	0.008519	0.103210
NC_043973.1	12204921	0.000320	0.006785
NC_043973.1	12204928	0.000470	0.316229
NC_043973.1	12205343	0.000395	0.006773
NC_043973.1	12205391	0.000171	0.004050
NC_043973.1	12205430	-0.000301	0.364364
NC_043973.1	12205452	0.000893	0.025280
NC_043973.1	12206324	0.005104	0.056228
NC_043973.1	12206353	0.001037	0.017258
NC_043973.1	12206363	0.000512	0.009960
NC_043973.1	12206373	0.011395	0.114582
NC_043973.1	12206408	0.013998	0.488033
NC_043973.1	12206591	0.004574	0.055777
NC_043973.1	12206614	0.001264	0.028647
NC_043973.1	12206944	0.000836	0.014319
NC_043973.1	12207200	0.000356	0.006767
NC_043973.1	12207338	0.008772	0.126438
NC_043973.1	12213449	0.001173	0.027128
NC_043973.1	12214600	0.004605	0.055827
NC_043973.1	12214869	0.003848	0.052003
NC_043973.1	12214906	0.004435	0.056113
NC_043973.1	12214915	0.000844	0.014441
NC_043973.1	12215441	0.010247	0.503349
NC_043973.1	12216509	0.010066	0.094281
NC_043973.1	12216548	0.001335	0.022224
NC_043973.1	12217696	0.000431	0.344680
NC_043973.1	12217807	0.001545	0.030642
NC_043973.1	12218027	0.000457	0.008952
NC_043973.1	12220576	0.011678	0.109220
NC_043973.1	12231244	0.004307	0.053722
NC_043973.1	12231325	0.000464	0.008203
NC_043973.1	12231555	0.001808	0.032771
NC_043973.1	12231561	0.000510	0.009067
NC_043973.1	12231566	0.000470	0.008323
NC_043973.1	12231936	0.002316	0.023910
NC_043973.1	12232482	0.001570	0.031702
NC_043973.1	12232503	0.004381	0.463773
NC_043973.1	12232562	0.000410	0.008039
NC_043973.1	12233032	0.003879	0.069765
NC_043973.1	12233096	0.000224	0.005205
NC_043973.1	12233412	0.009646	0.129520
NC_043973.1	12233916	0.000499	0.009727
NC_043973.1	12233962	0.000500	0.009304
NC_043973.1	12234098	0.001830	0.032972
NC_043973.1	12234188	0.001556	0.030486
NC_043973.1	12234208	0.001480	0.029808
NC_043973.1	12234249	0.001577	0.030681
NC_043973.1	12234259	0.001322	0.028039
NC_043973.1	12234347	0.000617	0.014136
NC_043973.1	12234353	0.000307	0.006914
NC_043973.1	12234572	0.006942	0.164168
NC_043973.1	12234974	0.001374	0.029200
NC_043973.1	12235258	0.000956	0.025688
NC_043973.1	12235313	0.007880	0.162045
NC_043973.1	12235331	0.000833	0.018230
NC_043973.1	12235558	-0.000263	0.274061
NC_043973.1	12245047	0.001668	0.031498
NC_043973.1	12249886	0.000487	0.009512
NC_043973.1	12249913	0.000408	0.009059
NC_043973.1	12252437	0.009054	0.096643
NC_043973.1	12252443	0.008374	0.090626
NC_043973.1	12511527	0.006267	0.064093
NC_043973.1	12536316	0.008179	0.076229
NC_043973.1	12536353	0.012350	0.131136
NC_043973.1	12536629	0.004693	0.061719
NC_043973.1	12536704	0.007611	0.092075
NC_043973.1	12536839	0.001100	0.019298
NC_043973.1	12536864	0.001117	0.018458
NC_043973.1	12536948	0.009755	0.111367
NC_043973.1	12537009	0.001431	0.030043
NC_043973.1	12537047	0.002289	0.364062
NC_043973.1	12537195	0.001323	0.028999
NC_043973.1	12537362	0.012998	0.119890
NC_043973.1	12539044	0.001828	0.032957
NC_043973.1	12539057	0.001822	0.032896
NC_043973.1	12539581	0.004497	0.202501
NC_043973.1	12539680	0.002560	0.038128
NC_043973.1	12539996	0.001596	0.030843
NC_043973.1	12540040	0.001589	0.030689
NC_043973.1	12540147	0.015333	0.506052
NC_043973.1	12540153	0.012300	0.502496
NC_043973.1	12540659	0.009389	0.108560
NC_043973.1	12541330	0.004828	0.055176
NC_043973.1	12541377	0.008988	0.095877
NC_043973.1	14924267	0.000807	0.339917
NC_043973.1	14984015	0.001651	0.032245
NC_043973.1	15046730	0.000328	0.008153
NC_043973.1	15352999	0.001142	0.019489
NC_043973.1	15353100	0.001593	0.031609
NC_043973.1	15619752	0.011021	0.139849
NC_043973.1	15619796	0.006052	0.066857
NC_043973.1	15619899	0.007735	0.182597
NC_043973.1	15619931	0.004261	0.214565
NC_043973.1	15620013	0.009324	0.436275
NC_043973.1	15620014	-0.000689	0.276722
NC_043973.1	15620047	0.021039	0.496146
NC_043973.1	15620127	0.011326	0.109992
NC_043973.1	15620131	0.001188	0.321093
NC_043973.1	15620618	0.000133	0.003556
NC_043973.1	15620627	0.000198	0.314312
NC_043973.1	15620704	0.003307	0.181362
NC_043973.1	15950369	0.001759	0.032849
NC_043973.1	16047057	0.002546	0.239946
NC_043973.1	16105706	0.006106	0.177542
NC_043973.1	16105707	0.005152	0.405952
NC_043973.1	16362624	0.000482	0.009897
NC_043973.1	17357465	0.000647	0.011423
NC_043973.1	18911924	0.002219	0.036684
NC_043973.1	19073395	0.000629	0.011124
NC_043973.1	19154064	0.000389	0.008272
NC_043973.1	19154109	0.001716	0.031931
NC_043973.1	19154381	0.000650	0.014479
NC_043973.1	19185342	0.001726	0.032528
NC_043973.1	19185391	0.001641	0.031706
NC_043973.1	19570410	0.001642	0.032151
NC_043973.1	19570459	0.001814	0.033387
NC_043973.1	20400822	0.002104	0.035552
NC_043973.1	21202870	0.000397	0.009132
NC_043973.1	21202871	0.001512	0.031336
NC_043973.1	23232032	0.000496	0.010312
NC_043973.1	24711274	0.000458	0.009600
NC_043973.1	25019673	0.000535	0.009515
NC_043973.1	25467545	0.000408	0.008902
NC_043973.1	25467554	0.001551	0.031400
NC_043973.1	25548146	0.001196	0.029253
NC_043973.1	25591008	0.007479	0.170490
NC_043973.1	25591009	0.006084	0.189964
NC_043973.1	25591011	0.000859	0.016105
NC_043973.1	26087876	0.000581	0.010330
NC_043973.1	26087906	0.002025	0.034803
NC_043973.1	26200110	0.002184	0.036336
NC_043973.1	26200118	0.002243	0.036931
NC_043973.1	26361414	0.000385	0.008716
NC_043973.1	26361471	0.001545	0.031502
NC_043973.1	26361494	0.000431	0.009572
NC_043973.1	27418152	0.002312	0.197949
NC_043973.1	27418294	0.002145	0.035953
NC_043973.1	27418317	0.000602	0.011513
NC_043973.1	27753277	0.005800	0.052388
NC_043973.1	28134539	0.007158	0.433922
NC_043973.1	29171965	0.000403	0.008205
NC_043973.1	29394543	0.001874	0.033993
NC_043973.1	29394580	0.001681	0.032556
NC_043973.1	29394620	0.000459	0.010146
NC_043973.1	29394787	0.000504	0.009819
NC_043973.1	29396690	0.001629	0.029843
NC_043973.1	30233363	0.002831	0.040809
NC_043973.1	30347725	0.010626	0.120061
NC_043973.1	31320822	0.002010	0.034653
NC_043973.1	31320848	0.000478	0.009348
NC_043973.1	31320860	0.001689	0.032169
NC_043973.1	31597295	0.010157	0.095246
NC_043973.1	31597414	0.007844	0.084229
NC_043973.1	31597442	0.000738	0.013561
NC_043973.1	31597466	0.004090	0.442100
NC_043973.1	31597932	0.001161	0.019144
NC_043973.1	32214630	0.001876	0.034008
NC_043973.1	32214655	0.000439	0.009241
NC_043973.1	32263528	0.000503	0.010425
NC_043973.1	32329093	0.000236	0.006854
NC_043973.1	32404398	0.001968	0.034254
NC_043973.1	32462900	0.002311	0.386865
NC_043973.1	32462904	0.011013	0.152721
NC_043973.1	32462905	0.000481	0.009402
NC_043973.1	33391094	0.001179	0.019443
NC_043973.1	33477207	0.002092	0.383164
NC_043973.1	33655010	0.000409	0.008240
NC_043973.1	33854551	0.007556	0.407362
NC_043973.1	33854573	0.001248	0.028378
NC_043973.1	33854580	0.004997	0.412858
NC_043973.1	34729965	0.000289	0.007683
NC_043973.1	34730429	0.010868	0.145545
NC_043973.1	34730480	0.008456	0.153749
NC_043973.1	34730654	0.008124	0.078798
NC_043973.1	34730657	0.000337	0.006812
NC_043973.1	34730729	0.000715	0.014004
NC_043973.1	34752458	0.008907	0.446954
NC_043973.1	35210102	0.001876	0.395482
NC_043973.1	35516637	0.000427	0.008371
NC_043973.1	35516869	0.000449	0.010630
NC_043973.1	35811791	0.002289	0.037393
NC_043973.1	36382344	0.000637	0.012079
NC_043973.1	36382548	0.001564	0.031765
NC_043973.1	37056792	0.000500	0.010056
NC_043973.1	37287095	0.000245	0.005231
NC_043973.1	37287109	0.008606	0.112613
NC_043973.1	37287160	0.000225	0.005229
NC_043973.1	37287187	0.000346	0.008108
NC_043973.1	37287206	0.000298	0.006277
NC_043973.1	37976516	0.001671	0.028475
NC_043973.1	38046179	0.000088	0.015578
NC_043973.1	38046187	0.000006	0.000613
NC_043973.1	38484336	0.003201	0.046504
NC_043973.1	38484690	0.000176	0.005429
NC_043973.1	38484806	0.009587	0.140472
NC_043973.1	38955928	0.001541	0.030353
NC_043973.1	39002130	0.002058	0.035118
NC_043973.1	39002148	0.002104	0.035562
NC_043973.1	39844272	0.001616	0.031657
NC_043973.1	40109619	0.002065	0.035181
NC_043973.1	40207075	0.000520	0.009248
NC_043973.1	40208070	0.007412	0.086766
NC_043973.1	40208157	0.000389	0.009010
NC_043973.1	40208208	0.000477	0.009957
NC_043973.1	40355261	0.000369	0.007183
NC_043973.1	40988684	0.000390	0.009271
NC_043973.1	41051427	0.002020	0.035072
NC_043973.1	41316224	0.009354	0.093009
NC_043973.1	41316233	0.011570	0.105217
NC_043973.1	41505587	0.000473	0.009262
NC_043973.1	41989906	0.000367	0.006151
NC_043973.1	42271112	0.002146	0.035969
NC_043973.1	42314627	0.000542	0.010494
NC_043973.1	42947469	0.000524	0.010803
NC_043973.1	42947516	0.001711	0.032872
NC_043973.1	43357551	0.001572	0.032054
NC_043973.1	43364500	0.000585	0.010399
NC_043973.1	43438659	0.006535	0.188057
NC_043973.1	43705164	0.001972	0.034293
NC_043973.1	43789686	0.000581	0.011169
NC_043973.1	43789687	0.002053	0.035834
NC_043973.1	43802836	0.001690	0.033157
NC_043973.1	43897712	0.001602	0.031521
NC_043973.1	43897753	0.001831	0.033564
NC_043973.1	43897987	0.005877	0.064977
NC_043973.1	43898074	0.003403	0.044190
NC_043973.1	43898103	0.000331	0.008426
NC_043973.1	43970793	0.001533	0.027410
NC_043973.1	43970828	0.044087	0.279545
NC_043973.1	43978247	0.000529	0.010273
NC_043973.1	43978249	0.001822	0.033469
NC_043973.1	43978253	0.001774	0.032994
NC_043973.1	44082783	0.002942	0.393156
NC_043973.1	44082788	0.002061	0.035917
NC_043973.1	44082819	0.001956	0.034829
NC_043973.1	44418217	0.001859	0.034273
NC_043973.1	44530142	0.002120	0.036549
NC_043973.1	44608059	0.000404	0.008478
NC_043973.1	44608062	0.006953	0.453208
NC_043973.1	44608109	0.001395	0.029795
NC_043973.1	44796320	0.000457	0.008952
NC_043973.1	44825431	0.001756	0.032185
NC_043973.1	44859364	0.001209	0.023778
NC_043973.1	44859726	0.000212	0.006022
NC_043973.1	44872123	0.000624	0.011043
NC_043973.1	45058970	0.007560	0.085010
NC_043973.1	45144384	0.003085	0.397301
NC_043973.1	45156384	0.001615	0.032079
NC_043973.1	45476776	0.000534	0.328297
NC_043973.1	45505801	0.000439	0.008619
NC_043973.1	45568607	0.004038	0.432164
NC_043973.1	45606761	0.001443	0.030839
NC_043973.1	45606785	0.000617	0.010936
NC_043973.1	45642023	0.002336	0.037868
NC_043973.1	45642131	0.013691	0.507317
NC_043973.1	45642157	0.005456	0.157525
NC_043973.1	45642161	0.008754	0.135875
NC_043973.1	45642185	0.010234	0.109906
NC_043973.1	45642218	0.000159	0.002896
NC_043973.1	45642226	0.027640	0.502244
NC_043973.1	45642236	0.004108	0.204962
NC_043973.1	45642344	0.015425	0.479065
NC_043973.1	45642727	0.000405	0.008839
NC_043973.1	45642787	0.000417	0.008176
NC_043973.1	45642821	0.002577	0.391237
NC_043973.1	45642892	0.002097	0.035495
NC_043973.1	45643272	0.000428	0.327221
NC_043973.1	45643275	0.000401	0.009477
NC_043973.1	45643286	0.000312	0.007609
NC_043973.1	45643470	0.000416	0.008809
NC_043973.1	45649114	0.000456	0.008943
NC_043973.1	45649189	0.001605	0.031366
NC_043973.1	45649234	0.000529	0.009422
NC_043973.1	45649482	0.001686	0.033383
NC_043973.1	45935573	0.001780	0.033295
NC_043973.1	45935574	0.002870	0.023645
NC_043973.1	45938351	0.001269	0.027963
NC_043973.1	45938383	0.004702	0.490440
NC_043973.1	45938463	0.000376	0.008798
NC_043973.1	45938471	0.004856	0.184796
NC_043973.1	46005572	0.000323	0.008021
NC_043973.1	46005668	0.000911	0.017146
NC_043973.1	46132814	0.000498	0.010336
NC_043973.1	46346402	0.001455	0.031161
NC_043973.1	46668170	0.001749	0.033269
NC_043973.1	46820121	0.000380	0.009471
NC_043973.1	46931899	0.002170	0.036203
NC_043973.1	47033305	0.000512	0.010602
NC_043973.1	47131064	0.001743	0.032837
NC_043973.1	47270693	0.001918	0.034440
NC_043973.1	47270727	0.000536	0.010396
NC_043973.1	47271064	0.000563	0.010011
NC_043973.1	47271221	0.006326	0.065812
NC_043973.1	47271504	0.002177	0.036273
NC_043973.1	47271544	0.002298	0.037484
NC_043973.1	47271546	0.002322	0.037726
NC_043973.1	47271549	0.002322	0.037727
NC_043973.1	47271738	0.001568	0.031801
NC_043973.1	47271773	0.001426	0.030640
NC_043973.1	47272026	0.001833	0.028708
NC_043973.1	47272169	0.000486	0.010129
NC_043973.1	47328993	0.000405	0.009331
NC_043973.1	47329340	0.001574	0.032617
NC_043973.1	47329381	0.000643	0.012189
NC_043973.1	48021531	0.000533	0.011491
NC_043973.1	48021603	0.007293	0.088049
NC_043973.1	48021608	0.001549	0.031214
NC_043973.1	48404269	0.000013	0.000357
NC_043973.1	48404278	0.000010	0.000334
NC_043973.1	48404280	0.000033	0.003678
NC_043973.1	48404299	0.000029	0.000502
NC_043973.1	48404327	0.000008	0.000167
NC_043973.1	48404348	0.000065	0.015098
NC_043973.1	48404371	0.000007	0.000154
NC_043973.1	48404376	0.000008	0.000166
NC_043973.1	48405000	0.000018	0.000626
NC_043973.1	48405046	0.000172	0.017086
NC_043973.1	48405056	0.000014	0.000421
NC_043973.1	48405105	0.000012	0.000345
NC_043973.1	48405203	0.000081	0.001845
NC_043973.1	48405265	0.000048	0.003050
NC_043973.1	48405287	0.000025	0.001980
NC_043973.1	48405301	0.000013	0.000263
NC_043973.1	48405303	0.000010	0.000208
NC_043973.1	48405336	0.000013	0.000771
NC_043973.1	48405338	0.000009	0.000185
NC_043973.1	48405366	0.000010	0.000198
NC_043973.1	48405369	0.000010	0.000215
NC_043973.1	48405425	0.000012	0.000295
NC_043973.1	48405435	0.000027	0.001966
NC_043973.1	48405437	0.000018	0.000479
NC_043973.1	48405457	0.000014	0.000502
NC_043973.1	48405660	0.004068	0.049892
NC_043973.1	48405704	0.000024	0.000556
NC_043973.1	48405744	0.000111	0.002270
NC_043973.1	48405821	0.000031	0.000790
NC_043973.1	48405840	0.000476	0.021028
NC_043973.1	48406098	0.000026	0.000897
NC_043973.1	48406128	0.000029	0.001130
NC_043973.1	48406158	0.000022	0.000918
NC_043973.1	48406207	0.000064	0.002332
NC_043973.1	48406318	0.000087	0.002973
NC_043973.1	48406416	0.000448	0.016272
NC_043973.1	48406482	0.004944	0.064086
NC_043973.1	48406484	0.000144	0.016581
NC_043973.1	48406533	0.000955	0.030589
NC_043973.1	48406611	0.000497	0.019456
NC_043973.1	48406687	0.000893	0.024358
NC_043973.1	48406785	0.000202	0.003672
NC_043973.1	48406790	0.000263	0.014187
NC_043973.1	48406804	0.000014	0.000493
NC_043973.1	48406842	0.000298	0.017318
NC_043973.1	48406861	0.000056	0.001766
NC_043973.1	48406864	0.001784	0.036830
NC_043973.1	48419914	0.000181	0.005734
NC_043973.1	48419920	0.000104	0.004193
NC_043973.1	48419923	0.000081	0.003344
NC_043973.1	48419926	0.000075	0.003187
NC_043973.1	48419932	0.000899	0.020271
NC_043973.1	48419938	0.000058	0.002705
NC_043973.1	48419956	0.000054	0.002539
NC_043973.1	48420531	0.000352	0.007137
NC_043973.1	48420563	0.000400	0.007843
NC_043973.1	48420612	0.001195	0.024484
NC_043973.1	48421030	0.000192	0.005344
NC_043973.1	49410914	0.000083	0.001005
NC_043973.1	49410937	0.000077	0.001396
NC_043973.1	49410949	0.000204	0.005999
NC_043973.1	49410954	0.004053	0.025511
NC_043973.1	49410988	0.001437	0.014197
NC_043973.1	49410989	0.000107	0.002399
NC_043973.1	49410998	0.000081	0.000749
NC_043973.1	49411032	0.000086	0.001096
NC_043973.1	49411056	0.000089	0.001473
NC_043973.1	49411087	0.000093	0.001383
NC_043973.1	49411219	0.000073	0.000823
NC_043973.1	49744843	0.000454	0.010005
NC_043973.1	50061561	0.027492	0.506460
NC_043973.1	50061566	0.007327	0.086109
NC_043973.1	50061567	0.007329	0.086276
NC_043973.1	50215246	0.000537	0.010414
NC_043973.1	50936123	0.001472	0.030449
NC_043973.1	50994118	0.010461	0.145633
NC_043973.1	50994125	0.014837	0.433723
NC_043973.1	50994139	0.002678	0.022908
NC_043973.1	51044935	0.000501	0.010390
NC_043973.1	51460888	0.000070	0.001089
NC_043973.1	51460897	0.006986	0.071115
NC_043973.1	51460899	0.000103	0.003832
NC_043973.1	51460921	0.000067	0.001347
NC_043973.1	51747561	0.001735	0.032528
NC_043973.1	51747568	0.001731	0.032486
NC_043973.1	52130511	0.004692	0.049171
NC_043973.1	52130540	0.006534	0.065279
NC_043973.1	52130753	0.007842	0.429160
NC_043973.1	52357106	0.000590	0.011320
NC_043973.1	52437402	0.002138	0.035886
NC_043973.1	52635226	0.000466	0.009759
NC_043973.1	52635669	0.001577	0.030866
NC_043973.1	53450919	0.000696	0.012204
NC_043973.1	53501937	0.001822	0.033157
NC_043973.1	54312589	0.007553	0.238603
NC_043973.1	54312634	0.000411	0.009224
NC_043973.1	54315710	0.008970	0.406525
NC_043973.1	54351210	-0.000673	0.245185
NC_043973.1	54351225	0.004453	0.206192
NC_043973.1	54351231	0.000006	0.000126
NC_043973.1	54351232	0.012877	0.432175
NC_043973.1	54351233	0.000006	0.000126
NC_043973.1	54351243	-0.000612	0.184511
NC_043973.1	54351246	0.000010	0.000196
NC_043973.1	54351255	0.000006	0.000123
NC_043973.1	54351259	0.000015	0.000303
NC_043973.1	54351265	-0.001201	0.268638
NC_043973.1	54351266	0.000005	0.000109
NC_043973.1	54351276	0.009600	0.437876
NC_043973.1	54351291	0.007065	0.063799
NC_043973.1	54351298	0.002037	0.044665
NC_043973.1	54351309	0.010900	0.202175
NC_043973.1	54582477	0.000948	0.026278
NC_043973.1	54582536	0.007081	0.080858
NC_043973.1	54582585	0.000264	0.006904
NC_043973.1	54582663	0.000487	0.010152
NC_043973.1	54787666	0.009806	0.096631
NC_043973.1	55162398	0.000248	0.007333
NC_043973.1	55162409	0.001069	0.027508
NC_043973.1	55191566	0.000567	0.010502
NC_043973.1	55401450	0.000347	0.008133
NC_043973.1	55469668	0.002014	0.035424
NC_043973.1	55692323	0.000392	0.009302
NC_043973.1	56110100	0.001761	0.033103
NC_043973.1	56410404	0.000290	0.007110
NC_043973.1	56410424	0.010019	0.452820
NC_043973.1	56433358	0.000395	0.009239
NC_043973.1	56433407	0.000326	0.008236
NC_043973.1	56684853	0.016666	0.495416
NC_043973.1	56684854	0.005586	0.061058
NC_043973.1	56811139	0.002118	0.036394
NC_043973.1	56822129	0.000284	0.006510
NC_043973.1	56822157	0.000251	0.005055
NC_043973.1	56822167	0.000323	0.005928
NC_043973.1	56822470	0.000153	0.003947
NC_043973.1	56822515	0.000225	0.005230
NC_043973.1	56822593	0.001586	0.031480
NC_043973.1	56987027	0.000204	0.006104
NC_043973.1	56987039	0.003811	0.067799
NC_043973.1	57006643	0.000435	0.009877
NC_043973.1	57006798	0.000835	0.014304
NC_043973.1	57457256	0.000317	0.008614
NC_043973.1	57457290	0.004432	0.057129
NC_043973.1	57457535	0.001507	0.031793
NC_043973.1	57457536	0.000498	0.011089
NC_043973.1	57457556	0.005214	0.063484
NC_043973.1	57553738	0.007783	0.090932
NC_043973.1	57731077	0.000487	0.010137
NC_043973.1	57734919	0.000528	0.009817
NC_043973.1	57735752	0.000637	0.011264
NC_043973.1	57804541	0.006591	0.435556
NC_043973.1	57821833	0.001356	0.030026
NC_043974.1	1438154	0.002236	0.189400
NC_043974.1	1438211	0.006217	0.370056
NC_043974.1	1438219	0.000064	0.002215
NC_043974.1	1438224	0.000063	0.002267
NC_043974.1	1438236	0.000067	0.002358
NC_043974.1	1438245	0.000087	0.002662
NC_043974.1	1438248	0.000222	0.008284
NC_043974.1	1438284	-0.000151	0.268281
NC_043974.1	1438391	0.031826	0.491814
NC_043974.1	1438407	0.041939	0.499505
NC_043974.1	1438457	-0.000862	0.278050
NC_043974.1	1438498	0.003418	0.186923
NC_043974.1	1439615	0.000278	0.335427
NC_043974.1	1439670	0.000048	0.001418
NC_043974.1	1439672	0.000077	0.311090
NC_043974.1	1439688	0.004512	0.447791
NC_043974.1	1440128	0.005970	0.427174
NC_043974.1	1440169	0.000213	0.202531
NC_043974.1	1440185	0.001977	0.488405
NC_043974.1	1522662	0.005887	0.073456
NC_043974.1	1571582	0.000400	0.009012
NC_043974.1	1817635	0.006337	0.191738
NC_043974.1	1891106	0.000494	0.009639
NC_043974.1	1955322	0.013141	0.478577
NC_043974.1	2011116	0.000495	0.009633
NC_043974.1	3072109	0.000405	0.007941
NC_043974.1	3220383	0.000173	0.003868
NC_043974.1	3220398	0.000195	0.004592
NC_043974.1	3221273	0.000912	0.015437
NC_043974.1	3780783	0.000506	0.010496
NC_043974.1	3911089	0.000360	0.019635
NC_043974.1	3911145	0.000068	0.002032
NC_043974.1	3911157	0.005079	0.069824
NC_043974.1	3911181	0.000217	0.008409
NC_043974.1	3984345	0.002277	0.033774
NC_043974.1	4051012	0.001750	0.033531
NC_043974.1	4103876	0.002060	0.035137
NC_043974.1	4437803	0.000534	0.011675
NC_043974.1	4837069	0.000349	0.007676
NC_043974.1	4837074	0.000399	0.008709
NC_043974.1	5378578	0.006636	0.171373
NC_043974.1	5378800	0.000393	0.008819
NC_043974.1	5494216	0.008960	0.174335
NC_043974.1	5494547	0.002062	0.035159
NC_043974.1	5501115	0.000514	0.010000
NC_043974.1	5546848	0.000398	0.009058
NC_043974.1	5546878	0.001275	0.029201
NC_043974.1	5546923	0.000415	0.009664
NC_043974.1	5547166	0.000702	0.012696
NC_043974.1	5558886	0.002219	0.036683
NC_043974.1	5559070	0.001978	0.034355
NC_043974.1	5559085	0.000549	0.009781
NC_043974.1	5560191	0.000666	0.011725
NC_043974.1	5583399	0.000455	0.008913
NC_043974.1	5597989	0.000079	0.000631
NC_043974.1	5597992	0.007098	0.090930
NC_043974.1	5597994	0.000121	0.000850
NC_043974.1	5597996	0.000094	0.000701
NC_043974.1	5598010	0.000067	0.000584
NC_043974.1	5598016	0.000073	0.000604
NC_043974.1	5598043	0.000093	0.000752
NC_043974.1	5598050	0.000212	0.004024
NC_043974.1	5656980	0.001956	0.034820
NC_043974.1	5715405	0.001319	0.027169
NC_043974.1	5753183	0.000443	0.010065
NC_043974.1	5758129	0.001622	0.031527
NC_043974.1	5758335	0.001645	0.032179
NC_043974.1	5758382	0.002300	0.037498
NC_043974.1	5788894	0.001725	0.031611
NC_043974.1	5794141	0.002037	0.034917
NC_043974.1	5796730	0.000496	0.010312
NC_043974.1	5808208	0.000597	0.010593
NC_043974.1	5808221	0.001931	0.033913
NC_043974.1	5945285	0.000551	0.010658
NC_043974.1	5945301	0.000591	0.010499
NC_043974.1	5945307	0.002111	0.035625
NC_043974.1	5945429	0.000455	0.008030
NC_043974.1	5972099	0.000516	0.010044
NC_043974.1	6063557	0.001722	0.032484
NC_043974.1	6063770	0.001336	0.029653
NC_043974.1	6063854	0.001746	0.032719
NC_043974.1	9125774	0.002001	0.034570
NC_043974.1	9241490	0.000899	0.015246
NC_043974.1	9241523	0.001807	0.033893
NC_043974.1	9241568	0.001811	0.033360
NC_043974.1	9356708	0.000514	0.010628
NC_043974.1	9551463	0.000488	0.010156
NC_043974.1	9551471	0.000400	0.009237
NC_043974.1	9955519	0.006061	0.060109
NC_043974.1	10126248	0.001931	0.479705
NC_043974.1	10126330	0.000850	0.342897
NC_043974.1	10126363	0.006629	0.426552
NC_043974.1	10186889	0.000570	0.336664
NC_043974.1	10283604	0.008594	0.159959
NC_043974.1	10296067	0.000625	0.011069
NC_043974.1	11091290	0.001713	0.032892
NC_043974.1	11216951	0.001879	0.033422
NC_043974.1	11901873	0.001479	0.030456
NC_043974.1	11901903	0.007323	0.164307
NC_043974.1	11901914	0.000727	0.019420
NC_043974.1	11963958	0.000899	0.016174
NC_043974.1	11991890	0.000327	0.007110
NC_043974.1	11991904	0.000282	0.006400
NC_043974.1	12010390	0.001080	0.027532
NC_043974.1	12010435	0.001221	0.029013
NC_043974.1	12038835	0.001769	0.032946
NC_043974.1	12038847	0.002271	0.037209
NC_043974.1	12071506	0.019720	0.497497
NC_043974.1	12184105	0.021418	0.481482
NC_043974.1	12448959	0.000656	0.011572
NC_043974.1	12905746	0.002174	0.036238
NC_043974.1	12906722	0.000619	0.010972
NC_043974.1	13141013	0.001612	0.031849
NC_043974.1	13141725	0.000631	0.011167
NC_043974.1	13676999	0.000559	0.010785
NC_043974.1	13677035	0.000626	0.011081
NC_043974.1	14378265	0.000602	0.010675
NC_043974.1	14422485	0.002080	0.036125
NC_043974.1	14524960	0.011047	0.504551
NC_043974.1	14525080	0.000755	0.350377
NC_043974.1	14525086	0.000286	0.275331
NC_043974.1	14525108	0.006934	0.170278
NC_043974.1	14525156	0.000042	0.296511
NC_043974.1	14543258	0.001920	0.035134
NC_043974.1	15441378	0.000979	0.482117
NC_043974.1	16489840	0.000518	0.010074
NC_043974.1	16539814	0.002492	0.039143
NC_043974.1	17846134	0.000611	0.010826
NC_043974.1	20970373	0.006148	0.197755
NC_043974.1	21786828	0.002036	0.034905
NC_043974.1	21794010	0.000487	0.010152
NC_043974.1	21794024	0.008013	0.079818
NC_043974.1	21794028	0.010560	0.101954
NC_043974.1	21796422	0.000449	0.304365
NC_043974.1	22066603	0.001457	0.029972
NC_043974.1	22204167	0.002072	0.035248
NC_043974.1	22276724	0.000748	0.013402
NC_043974.1	22729860	0.005403	0.060951
NC_043974.1	22729879	0.002019	0.035479
NC_043974.1	22729920	0.000376	0.008980
NC_043974.1	22952528	0.001393	0.026306
NC_043974.1	23146215	0.000616	0.011321
NC_043974.1	23293792	0.000601	0.011503
NC_043974.1	23535903	0.010794	0.150646
NC_043974.1	23535993	0.000442	0.008661
NC_043974.1	23536017	0.001422	0.030261
NC_043974.1	23536286	0.000386	0.008600
NC_043974.1	23536312	0.001190	0.028307
NC_043974.1	24394585	0.001756	0.033346
NC_043974.1	24884208	0.000489	0.010179
NC_043974.1	25605823	0.008448	0.166036
NC_043974.1	25605867	0.016067	0.507922
NC_043974.1	25605885	0.004978	0.427615
NC_043974.1	25606857	0.000410	0.008034
NC_043974.1	25653248	0.001948	0.034739
NC_043974.1	25879061	0.000442	0.009833
NC_043974.1	25879087	0.000402	0.009260
NC_043974.1	26088195	0.001196	0.028838
NC_043974.1	26088206	0.001181	0.027194
NC_043974.1	26088221	0.000370	0.009062
NC_043974.1	26088224	0.000402	0.009272
NC_043974.1	26088290	0.000349	0.008415
NC_043974.1	26527854	0.003994	0.173180
NC_043974.1	26527881	0.016119	0.507688
NC_043974.1	26527893	0.000224	0.349483
NC_043974.1	26527919	0.000694	0.018043
NC_043974.1	26528060	0.017647	0.478228
NC_043974.1	26528150	0.001230	0.028460
NC_043974.1	26528208	0.030174	0.511262
NC_043974.1	26528345	0.000316	0.350985
NC_043974.1	26529544	0.004895	0.392298
NC_043974.1	26531285	0.000342	0.308005
NC_043974.1	26531303	0.008405	0.444878
NC_043974.1	26531308	0.005580	0.112617
NC_043974.1	26531312	0.007575	0.089788
NC_043974.1	26531323	0.014733	0.501310
NC_043974.1	26531701	0.000108	0.309513
NC_043974.1	26531712	0.006327	0.073231
NC_043974.1	26531733	0.002241	0.038948
NC_043974.1	26531749	0.006096	0.419462
NC_043974.1	26531753	0.007034	0.110955
NC_043974.1	26531774	0.008401	0.099820
NC_043974.1	26531797	-0.001088	0.269611
NC_043974.1	26531822	0.012264	0.499754
NC_043974.1	26531844	0.006569	0.083218
NC_043974.1	26531857	0.001302	0.204615
NC_043974.1	26531863	0.005580	0.116537
NC_043974.1	26531871	0.023755	0.479203
NC_043974.1	26531881	0.000407	0.325843
NC_043974.1	27627619	0.001688	0.032368
NC_043974.1	27858026	0.007158	0.068258
NC_043974.1	27858210	0.000435	0.009657
NC_043974.1	28531753	0.001964	0.034903
NC_043974.1	28531756	0.001926	0.034518
NC_043974.1	29114419	0.000644	0.011372
NC_043974.1	30158866	0.011678	0.238576
NC_043974.1	30158867	0.004016	0.371445
NC_043974.1	30158868	0.002837	0.360650
NC_043974.1	30171773	0.001611	0.032643
NC_043974.1	30341239	0.004894	0.056831
NC_043974.1	30435969	0.005147	0.060971
NC_043974.1	31072370	0.005739	0.063884
NC_043974.1	31096978	0.002226	0.036763
NC_043974.1	31096981	0.002218	0.036680
NC_043974.1	31097023	0.001925	0.034801
NC_043974.1	31103004	0.002085	0.035373
NC_043974.1	31325918	0.006815	0.182598
NC_043974.1	31981235	0.000634	0.011207
NC_043974.1	31988164	0.002027	0.035558
NC_043974.1	32006801	0.000594	0.010541
NC_043974.1	32018822	0.002800	0.042501
NC_043974.1	32018835	0.002080	0.035323
NC_043974.1	32025389	0.000456	0.010319
NC_043974.1	32025515	0.001922	0.034471
NC_043974.1	32031951	0.000564	0.010872
NC_043974.1	32037897	0.001572	0.031852
NC_043974.1	32055436	0.000535	0.009517
NC_043974.1	32055506	0.002172	0.036222
NC_043974.1	32055507	0.002233	0.036825
NC_043974.1	32062234	0.001908	0.034620
NC_043974.1	32070374	0.002178	0.036287
NC_043974.1	32072429	0.002226	0.036759
NC_043974.1	32098999	0.000625	0.011062
NC_043974.1	32138431	0.002042	0.035720
NC_043974.1	32140374	0.001561	0.031507
NC_043974.1	32187376	0.001544	0.031159
NC_043974.1	32199808	0.001817	0.032858
NC_043974.1	32200093	0.001850	0.033159
NC_043974.1	32201863	0.000450	0.008692
NC_043974.1	32218060	0.002221	0.036703
NC_043974.1	32218141	0.000637	0.011264
NC_043974.1	32352653	0.000797	0.016848
NC_043974.1	32424569	0.000037	0.003145
NC_043974.1	32501662	0.001617	0.032093
NC_043974.1	32603440	0.000134	0.003395
NC_043974.1	33223261	0.000652	0.012116
NC_043974.1	33296683	0.000569	0.010955
NC_043974.1	33533878	0.001942	0.033770
NC_043974.1	33675577	0.000629	0.011134
NC_043974.1	34631928	0.006588	0.067164
NC_043974.1	34758383	0.002750	0.192262
NC_043974.1	34758387	0.003563	0.220610
NC_043974.1	34758399	0.000812	0.019566
NC_043974.1	34760912	0.002485	0.177765
NC_043974.1	34760913	0.000435	0.330279
NC_043974.1	34760943	0.004770	0.502224
NC_043974.1	34760945	0.002416	0.369632
NC_043974.1	34760957	0.000189	0.004439
NC_043974.1	34760964	0.003356	0.178172
NC_043974.1	34794901	0.003563	0.219620
NC_043974.1	34794905	0.001316	0.028588
NC_043974.1	34794910	0.000348	0.006479
NC_043974.1	34795025	0.002870	0.044715
NC_043974.1	35122861	0.013178	0.503984
NC_043974.1	35122954	0.001360	0.029349
NC_043974.1	35123061	0.001655	0.031382
NC_043974.1	35123124	0.001696	0.031747
NC_043974.1	35123278	0.000599	0.010632
NC_043974.1	35123311	0.001614	0.031629
NC_043974.1	35291172	0.001549	0.031151
NC_043974.1	35291222	0.001405	0.030185
NC_043974.1	35291950	0.005261	0.204298
NC_043974.1	36468744	0.000352	0.007744
NC_043974.1	36468756	0.000352	0.007759
NC_043974.1	36468812	0.000329	0.006462
NC_043974.1	36469758	0.001020	0.026578
NC_043974.1	36469817	0.005026	0.086505
NC_043974.1	36469847	0.007236	0.084937
NC_043974.1	36469887	0.002594	0.210199
NC_043974.1	36469962	0.005170	0.056716
NC_043974.1	36504871	0.000839	0.014368
NC_043974.1	36504919	0.001745	0.033147
NC_043974.1	36647868	0.001820	0.033854
NC_043974.1	36787267	0.001419	0.029873
NC_043974.1	36901924	0.001942	0.034017
NC_043974.1	36945573	0.000526	0.010209
NC_043974.1	36945744	0.000450	0.007928
NC_043974.1	36946326	0.001548	0.030819
NC_043974.1	37462961	0.001498	0.029974
NC_043974.1	37519662	0.001516	0.030877
NC_043974.1	37519801	0.001850	0.033749
NC_043974.1	38316998	0.000487	0.019894
NC_043974.1	38317019	0.002423	0.041753
NC_043974.1	38317117	0.000479	0.010523
NC_043974.1	38995363	0.001033	0.487820
NC_043974.1	38995369	0.001184	0.017036
NC_043974.1	38995432	0.000894	0.239627
NC_043974.1	39064828	0.000920	0.023598
NC_043974.1	39067345	0.005272	0.091509
NC_043974.1	39067391	0.000524	0.021178
NC_043974.1	39067678	0.009468	0.112585
NC_043974.1	39067679	0.004494	0.055723
NC_043974.1	39067842	0.001311	0.029343
NC_043974.1	39585200	0.002783	0.187479
NC_043974.1	39606596	-0.000175	0.266586
NC_043974.1	39606640	0.004036	0.183943
NC_043974.1	39606680	0.000350	0.007935
NC_043974.1	39674097	0.000154	0.003980
NC_043974.1	39674107	0.007433	0.087671
NC_043974.1	39699289	0.004763	0.407982
NC_043974.1	39716557	0.003133	0.259534
NC_043974.1	39717339	0.006769	0.154439
NC_043974.1	39717429	0.005193	0.173811
NC_043974.1	39718720	0.000441	0.007738
NC_043974.1	39718724	0.005270	0.057487
NC_043974.1	39718749	0.005309	0.058863
NC_043974.1	39718753	0.000384	0.008163
NC_043974.1	39800646	0.001575	0.031821
NC_043974.1	39800655	0.010721	0.122021
NC_043974.1	39800751	0.000743	0.017874
NC_043974.1	39800852	0.000497	0.009431
NC_043974.1	39801775	0.001851	0.033039
NC_043974.1	39801785	0.001974	0.034319
NC_043974.1	39803965	0.000262	0.006995
NC_043974.1	40138273	0.005771	0.061322
NC_043974.1	40138426	0.001533	0.025785
NC_043974.1	40241670	0.000337	0.007093
NC_043974.1	40241683	0.000330	0.006938
NC_043974.1	40242288	0.001136	0.027549
NC_043974.1	40815221	0.000540	0.010763
NC_043974.1	40815614	0.001482	0.030205
NC_043974.1	40815624	0.001388	0.028302
NC_043974.1	40815820	0.005951	0.059326
NC_043974.1	40926468	0.001452	0.030882
NC_043974.1	41011714	0.007778	0.214592
NC_043974.1	41043843	0.000586	0.010414
NC_043974.1	41071961	0.001911	0.033728
NC_043974.1	41223314	0.000508	0.009669
NC_043974.1	41258850	0.001916	0.033766
NC_043974.1	41307849	0.008316	0.498278
NC_043974.1	41534779	0.002314	0.037649
NC_043974.1	41653516	0.001983	0.034402
NC_043974.1	41897368	0.001770	0.032959
NC_043974.1	42079587	0.002198	0.036473
NC_043974.1	42325094	0.000516	0.010043
NC_043974.1	42325193	0.000665	0.011719
NC_043974.1	42477719	0.001738	0.033663
NC_043974.1	42574322	0.001686	0.033117
NC_043974.1	42575003	0.001329	0.029427
NC_043974.1	42575056	0.000415	0.009035
NC_043974.1	42575107	0.000533	0.012581
NC_043974.1	42575269	0.000435	0.009686
NC_043974.1	42575271	0.009733	0.099890
NC_043974.1	42682325	0.000620	0.010985
NC_043974.1	42812556	0.001737	0.033709
NC_043974.1	43066591	0.014834	0.508099
NC_043974.1	43066607	0.001299	0.340027
NC_043974.1	43066626	0.000038	0.000429
NC_043974.1	43066630	0.001680	0.031014
NC_043974.1	43066633	0.002616	0.502213
NC_043974.1	43140644	0.007776	0.438374
NC_043974.1	43196186	0.001669	0.032929
NC_043974.1	44244199	0.000405	0.009079
NC_043974.1	44244210	0.000364	0.008236
NC_043974.1	44244225	0.001434	0.030350
NC_043974.1	44385642	0.000413	0.009007
NC_043974.1	44385786	0.000309	0.291432
NC_043974.1	44398387	0.001827	0.032946
NC_043974.1	44398420	0.000536	0.009967
NC_043974.1	44398422	0.004357	0.409761
NC_043974.1	44398509	0.000493	0.008760
NC_043974.1	44401857	0.000405	0.008413
NC_043974.1	44401892	0.000477	0.009115
NC_043974.1	44401910	0.000389	0.008266
NC_043974.1	44493717	0.014195	0.503337
NC_043974.1	44528016	0.000421	0.009419
NC_043974.1	44528036	0.000476	0.009938
NC_043974.1	44637850	0.000453	0.010255
NC_043974.1	44637934	0.000768	0.014155
NC_043974.1	44818783	0.000374	0.007688
NC_043974.1	44865807	0.018259	0.475681
NC_043974.1	44865819	-0.000636	0.288467
NC_043974.1	44865958	0.001913	0.033673
NC_043974.1	44933733	0.002009	0.034643
NC_043974.1	44965698	0.000031	0.000963
NC_043974.1	44998228	0.001726	0.033266
NC_043974.1	45515919	0.000218	0.002718
NC_043974.1	45515920	0.074405	0.337740
NC_043974.1	45515938	0.000095	0.001402
NC_043974.1	45515985	0.000896	0.023095
NC_043974.1	45595255	0.005018	0.259044
NC_043974.1	45656238	0.001701	0.033285
NC_043974.1	45656247	0.000443	0.009846
NC_043974.1	45792252	0.009628	0.089944
NC_043974.1	45792312	0.017199	0.501060
NC_043974.1	45843826	0.007014	0.067134
NC_043974.1	45851749	0.002288	0.040536
NC_043974.1	45851753	0.000317	0.016170
NC_043974.1	45851801	0.000680	0.024753
NC_043974.1	46051192	0.000338	0.007690
NC_043974.1	46051419	0.002907	0.398996
NC_043974.1	46051512	0.009204	0.137042
NC_043974.1	46051674	0.005774	0.474955
NC_043974.1	46051698	0.001653	0.031564
NC_043974.1	46474968	0.005213	0.264277
NC_043974.1	46488551	0.014092	0.489208
NC_043974.1	46489541	0.001861	0.033859
NC_043974.1	46659676	0.001637	0.032177
NC_043974.1	46659677	0.006085	0.473542
NC_043974.1	47013180	0.006303	0.106842
NC_043974.1	47013213	-0.000329	0.376002
NC_043974.1	47013220	0.000252	0.309040
NC_043974.1	47047371	0.000051	0.002096
NC_043974.1	47047373	0.017508	0.134139
NC_043974.1	47047401	0.000800	0.023402
NC_043974.1	47047439	0.003440	0.048928
NC_043974.1	47113932	0.001197	0.027263
NC_043974.1	47116032	0.000074	0.002946
NC_043974.1	47116039	0.000470	0.020814
NC_043974.1	47116060	0.000084	0.002798
NC_043974.1	47116062	0.000465	0.019087
NC_043974.1	47257424	0.000110	0.004059
NC_043974.1	47257435	0.000159	0.006369
NC_043974.1	47257456	0.005678	0.074445
NC_043974.1	47257460	0.000136	0.004273
NC_043974.1	47317804	0.005223	0.205777
NC_043974.1	47317812	0.005599	0.475901
NC_043974.1	47317836	0.011284	0.398371
NC_043974.1	47403282	0.001780	0.034210
NC_043974.1	47569911	0.000396	0.008880
NC_043974.1	47578866	0.001307	0.029479
NC_043974.1	47578920	0.006275	0.066876
NC_043974.1	47590646	0.000793	0.013673
NC_043974.1	47590733	0.008796	0.084926
NC_043974.1	47597779	0.000641	0.011333
NC_043974.1	47607915	0.000516	0.010044
NC_043974.1	47608115	0.001823	0.033703
NC_043974.1	47608306	0.002303	0.370536
NC_043974.1	47608700	-0.000084	0.308241
NC_043974.1	47608705	0.000068	0.003895
NC_043974.1	47608709	0.014598	0.472359
NC_043974.1	47608713	0.001203	0.011341
NC_043974.1	47608720	0.000413	0.191896
NC_043974.1	47608731	0.000150	0.016740
NC_043974.1	47608735	0.005284	0.073315
NC_043974.1	47608739	0.001820	0.097585
NC_043974.1	47608746	0.004307	0.078845
NC_043974.1	47608756	0.004258	0.434081
NC_043974.1	47608762	0.004620	0.018832
NC_043974.1	47608771	0.002061	0.037671
NC_043974.1	47608775	0.000366	0.192334
NC_043974.1	47627263	0.019203	0.377292
NC_043974.1	47701491	0.007353	0.138398
NC_043974.1	47701492	0.000378	0.007138
NC_043974.1	47701493	0.001397	0.029321
NC_043974.1	47702078	0.010519	0.098516
NC_043975.1	22674	0.004456	0.214098
NC_043975.1	22677	0.005269	0.191931
NC_043975.1	32644	0.000367	0.007122
NC_043975.1	35141	0.001403	0.029896
NC_043975.1	35218	0.000358	0.006944
NC_043975.1	35271	0.000331	0.007570
NC_043975.1	35336	0.001697	0.032243
NC_043975.1	57502	0.000049	0.001243
NC_043975.1	57533	0.008566	0.118005
NC_043975.1	57589	0.003804	0.194298
NC_043975.1	57592	0.004120	0.163276
NC_043975.1	57693	0.002207	0.194431
NC_043975.1	58138	0.000103	0.002538
NC_043975.1	58147	0.016667	0.498176
NC_043975.1	58183	0.000117	0.002074
NC_043975.1	58189	-0.000181	0.266350
NC_043975.1	71203	0.003940	0.055295
NC_043975.1	71247	-0.000130	0.361889
NC_043975.1	71267	0.001483	0.437958
NC_043975.1	71277	0.002293	0.425298
NC_043975.1	71291	0.006342	0.075970
NC_043975.1	71309	0.015559	0.436246
NC_043975.1	71319	0.005938	0.391503
NC_043975.1	75718	0.002976	0.211609
NC_043975.1	75722	0.002736	0.201605
NC_043975.1	75726	-0.000797	0.264895
NC_043975.1	75770	0.001849	0.192317
NC_043975.1	75794	0.003007	0.176061
NC_043975.1	76194	0.021814	0.478582
NC_043975.1	117439	0.000483	0.009438
NC_043975.1	134167	0.000596	0.334789
NC_043975.1	183632	0.001837	0.034891
NC_043975.1	194553	0.001976	0.035351
NC_043975.1	206686	0.007698	0.082699
NC_043975.1	206810	0.000171	0.003769
NC_043975.1	206838	0.007099	0.092663
NC_043975.1	206853	0.005914	0.068816
NC_043975.1	261046	0.000551	0.010648
NC_043975.1	305488	0.000444	0.009009
NC_043975.1	321609	0.000453	0.009514
NC_043975.1	369855	0.002692	0.390704
NC_043975.1	373528	0.000379	0.008811
NC_043975.1	373625	0.000626	0.012329
NC_043975.1	379006	0.005638	0.061478
NC_043975.1	399283	0.009554	0.497893
NC_043975.1	401762	0.006222	0.163895
NC_043975.1	401778	0.004088	0.228700
NC_043975.1	402646	0.026480	0.498827
NC_043975.1	414904	0.001649	0.031979
NC_043975.1	415110	0.001349	0.029365
NC_043975.1	415157	0.001175	0.028049
NC_043975.1	418235	0.000424	0.008621
NC_043975.1	418291	0.005761	0.061280
NC_043975.1	418293	0.005211	0.059379
NC_043975.1	418544	0.016573	0.478374
NC_043975.1	418617	0.000373	0.008680
NC_043975.1	418622	0.000435	0.009682
NC_043975.1	418940	0.000446	0.008741
NC_043975.1	418972	0.000461	0.009347
NC_043975.1	421145	0.000721	0.013428
NC_043975.1	421308	0.011851	0.494130
NC_043975.1	425754	0.000394	0.009768
NC_043975.1	425763	0.005377	0.065377
NC_043975.1	439758	-0.000556	0.289988
NC_043975.1	439765	0.000262	0.326800
NC_043975.1	439766	0.008861	0.102891
NC_043975.1	453314	0.001850	0.034351
NC_043975.1	488687	0.000340	0.007225
NC_043975.1	488714	0.005075	0.061238
NC_043975.1	488737	0.006373	0.183231
NC_043975.1	488746	0.003981	0.176005
NC_043975.1	488766	0.007361	0.102706
NC_043975.1	489010	0.001705	0.033036
NC_043975.1	491241	0.000474	0.009914
NC_043975.1	534001	0.003040	0.382788
NC_043975.1	535248	0.004655	0.043815
NC_043975.1	535345	0.014107	0.469928
NC_043975.1	535553	0.010895	0.470359
NC_043975.1	535556	0.006234	0.438729
NC_043975.1	535614	0.002597	0.041517
NC_043975.1	535647	0.005334	0.119397
NC_043975.1	535673	0.005550	0.066824
NC_043975.1	535732	0.002514	0.264354
NC_043975.1	536087	0.001163	0.027831
NC_043975.1	536111	0.001376	0.246129
NC_043975.1	536140	0.008076	0.086860
NC_043975.1	538593	0.002690	0.195569
NC_043975.1	546025	0.006774	0.171569
NC_043975.1	546028	0.000314	0.007294
NC_043975.1	559141	0.001774	0.033534
NC_043975.1	559154	0.000431	0.009565
NC_043975.1	650683	0.005291	0.063102
NC_043975.1	656297	0.000605	0.010729
NC_043975.1	656942	0.000926	0.015632
NC_043975.1	656985	0.001560	0.031681
NC_043975.1	657012	0.001677	0.032513
NC_043975.1	785223	0.000619	0.012881
NC_043975.1	1061167	0.000160	0.003691
NC_043975.1	1061227	0.001309	0.023909
NC_043975.1	1066286	0.000964	0.017190
NC_043975.1	1066677	0.000271	0.007430
NC_043975.1	1066685	0.000313	0.007621
NC_043975.1	1066739	0.000261	0.007593
NC_043975.1	1066841	0.001925	0.037193
NC_043975.1	1079374	0.000422	0.009903
NC_043975.1	1079383	0.000454	0.010054
NC_043975.1	1080886	0.001755	0.033914
NC_043975.1	1080902	0.001681	0.033326
NC_043975.1	1080916	0.000470	0.010569
NC_043975.1	1177227	0.001485	0.027831
NC_043975.1	1345686	0.001870	0.033952
NC_043975.1	1345824	0.001746	0.032205
NC_043975.1	1359143	0.024026	0.136601
NC_043975.1	1359144	0.022007	0.165122
NC_043975.1	1371480	0.001294	0.028569
NC_043975.1	1371493	0.000334	0.007086
NC_043975.1	1421325	0.012806	0.126552
NC_043975.1	1478174	0.001705	0.032806
NC_043975.1	1523187	0.000325	0.006891
NC_043975.1	1523205	0.000277	0.006319
NC_043975.1	1523207	0.000273	0.006212
NC_043975.1	1691378	0.001593	0.032300
NC_043975.1	1833912	0.000550	0.334762
NC_043975.1	1834023	0.000279	0.006684
NC_043975.1	1963982	0.000681	0.011971
NC_043975.1	2014637	0.000664	0.012837
NC_043975.1	2014708	0.004257	0.410755
NC_043975.1	2037231	0.000739	0.012867
NC_043975.1	2042495	0.011067	0.503707
NC_043975.1	2089309	0.002152	0.036029
NC_043975.1	2090346	0.001058	0.017568
NC_043975.1	2090588	0.002109	0.035603
NC_043975.1	2155403	0.000428	0.009030
NC_043975.1	2210335	0.001077	0.027148
NC_043975.1	2210585	0.001907	0.034991
NC_043975.1	2243555	0.001377	0.029514
NC_043975.1	2243729	0.001694	0.031729
NC_043975.1	2243830	0.001659	0.031877
NC_043975.1	2244368	0.001448	0.029883
NC_043975.1	2244438	0.000504	0.010459
NC_043975.1	2244505	0.001548	0.031199
NC_043975.1	2244683	0.001953	0.034791
NC_043975.1	2245119	0.001792	0.033014
NC_043975.1	2245183	0.002049	0.035030
NC_043975.1	2245210	0.001884	0.034372
NC_043975.1	2245220	0.000525	0.010504
NC_043975.1	2245353	0.007030	0.067397
NC_043975.1	2245367	0.000434	0.009681
NC_043975.1	2346793	0.001650	0.032701
NC_043975.1	2346794	0.001648	0.032679
NC_043975.1	2372072	0.005047	0.058095
NC_043975.1	2401867	0.011237	0.444709
NC_043975.1	2401884	0.000282	0.263716
NC_043975.1	2401895	0.001365	0.359587
NC_043975.1	2401915	0.004174	0.187198
NC_043975.1	2522166	0.000437	0.009462
NC_043975.1	2522203	0.001631	0.032357
NC_043975.1	2615296	0.002190	0.036404
NC_043975.1	2651509	0.000448	0.009416
NC_043975.1	2749036	0.002314	0.387244
NC_043975.1	2749058	0.003011	0.215121
NC_043975.1	2749063	0.005884	0.193408
NC_043975.1	2871248	0.000493	0.009632
NC_043975.1	3004316	0.005012	0.046745
NC_043975.1	3240483	0.001960	0.034866
NC_043975.1	3312352	0.017196	0.277746
NC_043975.1	3312473	0.001532	0.031043
NC_043975.1	3312684	0.000663	0.011686
NC_043975.1	3423620	0.001363	0.029331
NC_043975.1	3423722	0.000437	0.008580
NC_043975.1	3425967	0.000496	0.009680
NC_043975.1	3425984	0.000524	0.010178
NC_043975.1	3438621	0.001644	0.032383
NC_043975.1	3466200	0.000389	0.008259
NC_043975.1	3466234	0.001243	0.028330
NC_043975.1	3466243	0.001378	0.029651
NC_043975.1	3466271	0.001231	0.028414
NC_043975.1	3466294	0.001944	0.396760
NC_043975.1	3674242	0.000620	0.010985
NC_043975.1	3674556	0.005857	0.201856
NC_043975.1	3676850	0.000424	0.009938
NC_043975.1	3676882	0.001566	0.032671
NC_043975.1	3867883	0.007416	0.143373
NC_043975.1	3921598	0.001792	0.033173
NC_043975.1	4048299	0.000691	0.012515
NC_043975.1	4048356	0.001736	0.033378
NC_043975.1	4048894	0.000478	0.010361
NC_043975.1	4230256	0.000139	0.003689
NC_043975.1	4230258	0.000151	0.003912
NC_043975.1	4230268	0.001380	0.183753
NC_043975.1	4230271	0.000564	0.021064
NC_043975.1	4394811	0.000608	0.011606
NC_043975.1	4449224	0.000600	0.010646
NC_043975.1	4450891	0.009711	0.099665
NC_043975.1	4450919	0.001732	0.033088
NC_043975.1	4476935	0.001974	0.035742
NC_043975.1	4500907	0.001755	0.033328
NC_043975.1	4505195	0.001727	0.033586
NC_043975.1	4837838	0.001889	0.034130
NC_043975.1	4949039	0.000480	0.010008
NC_043975.1	4949047	0.016199	0.504257
NC_043975.1	4999605	0.007490	0.133220
NC_043975.1	5117791	0.000557	0.011056
NC_043975.1	5596734	0.006138	0.065667
NC_043975.1	5737520	0.000425	0.009497
NC_043975.1	5737526	0.005336	0.061387
NC_043975.1	5807780	0.002058	0.035889
NC_043975.1	5807781	0.000583	0.011189
NC_043975.1	5818821	0.001888	0.034128
NC_043975.1	5818909	0.012691	0.129286
NC_043975.1	5818935	0.000486	0.009045
NC_043975.1	5819308	0.003998	0.058278
NC_043975.1	5819415	0.000628	0.011108
NC_043975.1	5819417	0.017093	0.236260
NC_043975.1	5917776	0.001759	0.033963
NC_043975.1	5917901	0.000511	0.010403
NC_043975.1	5917912	0.000553	0.010691
NC_043975.1	5949851	0.015082	0.494426
NC_043975.1	6076841	0.001309	0.029218
NC_043975.1	6113263	0.000341	0.007258
NC_043975.1	6113277	0.001027	0.026461
NC_043975.1	6113332	0.001529	0.030250
NC_043975.1	6152851	0.001582	0.031963
NC_043975.1	6153694	0.000465	0.008223
NC_043975.1	6242382	0.001634	0.032072
NC_043975.1	6242565	0.001809	0.033343
NC_043975.1	6242730	0.000410	0.008944
NC_043975.1	6242926	0.000612	0.010850
NC_043975.1	6242942	0.002265	0.037151
NC_043975.1	6243046	0.001255	0.020727
NC_043975.1	6243140	0.001634	0.032527
NC_043975.1	6243149	0.000525	0.010817
NC_043975.1	6243300	0.001908	0.034104
NC_043975.1	6680078	0.010941	0.504091
NC_043975.1	7378169	0.000343	0.007288
NC_043975.1	7378572	0.001191	0.027705
NC_043975.1	7381785	0.000782	0.014144
NC_043975.1	7494437	0.001125	0.023114
NC_043975.1	7494441	0.000250	0.005079
NC_043975.1	7612448	0.000502	0.008918
NC_043975.1	7817482	0.001651	0.031338
NC_043975.1	7817532	0.001182	0.023192
NC_043975.1	7817808	0.000409	0.009181
NC_043975.1	7817820	0.000903	0.344217
NC_043975.1	7817930	0.004145	0.054121
NC_043975.1	7817941	0.000468	0.009788
NC_043975.1	8143288	0.000597	0.010606
NC_043975.1	8145814	0.001644	0.031736
NC_043975.1	8222879	0.001893	0.032455
NC_043975.1	8444960	0.007832	0.174598
NC_043975.1	8445012	0.001748	0.032742
NC_043975.1	8794939	0.001528	0.031103
NC_043975.1	9868177	0.000749	0.013066
NC_043975.1	9868189	0.001810	0.033356
NC_043975.1	9868324	0.002172	0.036219
NC_043975.1	9868581	0.001582	0.031543
NC_043975.1	9868749	0.000842	0.314839
NC_043975.1	9921781	0.001976	0.034333
NC_043975.1	9921894	0.001873	0.033370
NC_043975.1	9921982	0.001401	0.029746
NC_043975.1	10904007	0.011390	0.135129
NC_043975.1	10904042	0.001167	0.300353
NC_043975.1	10904213	0.000555	0.010725
NC_043975.1	10904812	0.000472	0.009865
NC_043975.1	11638930	0.011895	0.128970
NC_043975.1	11639021	0.011962	0.129605
NC_043975.1	11639926	0.000398	0.008451
NC_043975.1	11644646	0.000326	0.007180
NC_043975.1	11644768	0.001963	0.034899
NC_043975.1	11644770	0.000556	0.010747
NC_043975.1	11645656	0.000679	0.012752
NC_043975.1	12027947	0.001682	0.032017
NC_043975.1	12189479	0.005530	0.172959
NC_043975.1	12189555	0.000297	0.320897
NC_043975.1	12189592	0.007119	0.402469
NC_043975.1	12189766	0.000173	0.004509
NC_043975.1	12189787	0.000214	0.004927
NC_043975.1	12201718	0.001621	0.032326
NC_043975.1	12483429	0.001906	0.033679
NC_043975.1	12708443	0.001785	0.033103
NC_043975.1	12708561	0.000555	0.009873
NC_043975.1	12708672	0.001699	0.032970
NC_043975.1	12903172	0.001561	0.031048
NC_043975.1	12903367	0.000396	0.008415
NC_043975.1	13708045	0.002013	0.034684
NC_043975.1	13708107	0.000483	0.009447
NC_043975.1	13708231	0.001552	0.030857
NC_043975.1	13888525	0.000450	0.008820
NC_043975.1	14532594	0.001694	0.033169
NC_043975.1	14985258	0.002123	0.036583
NC_043975.1	15014737	0.000574	0.011043
NC_043975.1	16117741	0.001312	0.028261
NC_043975.1	16438037	0.001861	0.033528
NC_043975.1	16438118	0.001101	0.019138
NC_043975.1	17151834	0.000544	0.009693
NC_043975.1	17151938	0.011332	0.099096
NC_043975.1	17871840	0.001962	0.035608
NC_043975.1	18129174	0.000495	0.009668
NC_043975.1	18560582	0.001299	0.021518
NC_043975.1	18560650	0.000637	0.011260
NC_043975.1	18560738	0.000547	0.009734
NC_043975.1	19020968	0.010284	0.092456
NC_043975.1	19021029	0.001562	0.030548
NC_043975.1	19021038	0.000439	0.007702
NC_043975.1	19021313	0.000655	0.336296
NC_043975.1	19038876	0.008053	0.137174
NC_043975.1	20922437	0.005284	0.069272
NC_043975.1	20930808	0.006509	0.504030
NC_043975.1	20930815	0.001437	0.331656
NC_043975.1	20930847	0.000058	0.002344
NC_043975.1	20930848	0.000078	0.003418
NC_043975.1	20930851	0.018408	0.503971
NC_043975.1	20930861	-0.000188	0.227892
NC_043975.1	20930881	-0.000319	0.307414
NC_043975.1	21141642	0.002163	0.036131
NC_043975.1	21156300	0.000611	0.010828
NC_043975.1	21401148	0.000350	0.005747
NC_043975.1	21876964	0.000359	0.008164
NC_043975.1	21877095	0.000569	0.010117
NC_043975.1	22289725	0.009373	0.448770
NC_043975.1	22307962	0.000472	0.009234
NC_043975.1	22307968	0.001045	0.017840
NC_043975.1	22308043	0.007986	0.080158
NC_043975.1	22374111	0.000493	0.010246
NC_043975.1	22374148	0.001575	0.031880
NC_043975.1	22902938	0.040027	0.277011
NC_043975.1	23424790	0.000473	0.008378
NC_043975.1	25105616	0.000565	0.010463
NC_043975.1	25105636	0.012569	0.137153
NC_043975.1	26819349	0.001748	0.032106
NC_043975.1	27689664	0.000607	0.010769
NC_043975.1	28322898	0.000003	0.000078
NC_043975.1	28322903	0.000003	0.000073
NC_043975.1	28323021	0.000004	0.000089
NC_043975.1	28362206	0.000610	0.012282
NC_043975.1	28461526	0.008866	0.112421
NC_043975.1	29177862	0.007508	0.071119
NC_043975.1	29450428	0.001135	0.309141
NC_043975.1	29450546	0.001341	0.030349
NC_043975.1	29450582	0.000400	0.009676
NC_043975.1	29450811	0.000445	0.010324
NC_043975.1	29450857	0.001158	0.027994
NC_043975.1	29453228	0.002297	0.037472
NC_043975.1	29595920	0.001573	0.032067
NC_043975.1	29595936	0.008696	0.157367
NC_043975.1	29595937	0.000522	0.010607
NC_043975.1	29595941	0.001672	0.032807
NC_043975.1	30339136	0.002167	0.037061
NC_043975.1	30388191	0.000551	0.010643
NC_043975.1	30388194	0.001990	0.035171
NC_043975.1	30508830	0.001830	0.033548
NC_043975.1	30508882	0.000378	0.008036
NC_043975.1	30978212	0.000457	0.009845
NC_043975.1	30979412	0.012307	0.495248
NC_043975.1	30979497	0.015449	0.487766
NC_043975.1	31080333	0.001781	0.033448
NC_043975.1	31080348	0.001626	0.032309
NC_043975.1	31080390	0.000421	0.009418
NC_043975.1	31080525	0.000578	0.010268
NC_043975.1	31265093	0.001373	0.029194
NC_043975.1	31389121	0.000280	0.006843
NC_043975.1	31389123	0.000635	0.015188
NC_043975.1	32374462	0.011036	0.109826
NC_043975.1	32374520	0.001840	0.034489
NC_043975.1	33536113	0.000549	0.010508
NC_043975.1	35425810	0.001377	0.029511
NC_043975.1	35425897	0.001927	0.034164
NC_043975.1	35893547	0.000623	0.011023
NC_043975.1	35893549	0.002093	0.035455
NC_043975.1	36683664	0.000522	0.306894
NC_043975.1	37183459	0.021397	0.128357
NC_043975.1	37740300	0.002074	0.035270
NC_043975.1	37848901	0.000704	0.012328
NC_043975.1	38312799	0.001861	0.033866
NC_043975.1	38312903	0.000543	0.009661
NC_043975.1	38820076	0.000491	0.010214
NC_043975.1	38820099	0.000561	0.010826
NC_043975.1	40667212	0.002150	0.036006
NC_043975.1	40746938	0.000454	0.010052
NC_043975.1	40746944	0.009723	0.113228
NC_043975.1	41412795	0.006117	0.430300
NC_043975.1	41613470	0.001784	0.033001
NC_043975.1	41658095	0.002019	0.034745
NC_043975.1	41710785	0.000542	0.010496
NC_043975.1	41710832	0.002039	0.034930
NC_043975.1	41745039	0.001883	0.034718
NC_043975.1	41745050	0.000484	0.010083
NC_043975.1	42439918	0.002006	0.034621
NC_043975.1	42631816	0.000373	0.311153
NC_043975.1	42631861	0.000601	0.323777
NC_043975.1	42631884	0.005242	0.243808
NC_043975.1	42631890	0.001577	0.031488
NC_043975.1	42632352	0.013188	0.467632
NC_043975.1	42864474	0.001975	0.037674
NC_043975.1	42913788	0.001827	0.033775
NC_043975.1	42913891	0.000489	0.008687
NC_043975.1	43159931	0.000538	0.009577
NC_043975.1	43189771	0.001395	0.031122
NC_043975.1	43189839	0.001175	0.028965
NC_043975.1	43316750	0.000528	0.010255
NC_043975.1	43328792	0.000361	0.007336
NC_043975.1	43328838	0.001862	0.033536
NC_043975.1	43407641	0.000419	0.007755
NC_043975.1	43407707	0.000591	0.010495
NC_043975.1	43407725	0.002114	0.035652
NC_043975.1	43409106	0.001251	0.028265
NC_043975.1	43626870	0.000333	0.008492
NC_043975.1	43626878	0.000353	0.008924
NC_043975.1	43627195	0.000888	0.025355
NC_043975.1	43627309	0.000384	0.008152
NC_043975.1	43627475	0.006004	0.101291
NC_043975.1	43627514	0.001216	0.028546
NC_043975.1	43638431	0.002118	0.036061
NC_043975.1	43638462	0.002195	0.037580
NC_043975.1	44259262	0.000585	0.347824
NC_043975.1	44259325	0.011976	0.153727
NC_043975.1	44363701	0.001124	0.024298
NC_043975.1	44611011	0.000534	0.010365
NC_043975.1	44659925	0.000362	0.007708
NC_043975.1	44659933	0.001261	0.028400
NC_043975.1	44733039	0.000474	0.008159
NC_043975.1	45373657	0.001290	0.029262
NC_043975.1	45373675	0.000999	0.017185
NC_043975.1	45373704	0.009121	0.435802
NC_043975.1	45466404	0.000538	0.010427
NC_043975.1	46290230	0.001481	0.030414
NC_043975.1	46290588	0.001401	0.029696
NC_043975.1	46290596	0.000482	0.321131
NC_043975.1	46295618	0.000445	0.009624
NC_043975.1	46327461	0.001755	0.032282
NC_043975.1	46327468	0.001721	0.031978
NC_043975.1	46327516	0.008445	0.082167
NC_043975.1	46327865	0.001841	0.033075
NC_043975.1	46327936	0.000553	0.009837
NC_043975.1	46362513	0.001452	0.030391
NC_043975.1	47153982	0.001576	0.030672
NC_043975.1	47153995	0.001247	0.028045
NC_043975.1	47154083	0.000193	0.004349
NC_043975.1	47159650	0.007196	0.078359
NC_043975.1	47180445	0.001709	0.033662
NC_043975.1	47276684	0.001811	0.033359
NC_043975.1	47419255	0.006781	0.200207
NC_043975.1	47664479	0.000357	0.007848
NC_043975.1	47664603	0.001886	0.034396
NC_043975.1	47841921	0.000260	0.004939
NC_043975.1	48235596	0.002376	0.038288
NC_043975.1	48341380	0.003805	0.430440
NC_043975.1	48341451	0.001736	0.033696
NC_043975.1	48549361	0.000575	0.011059
NC_043975.1	48560101	0.000351	0.006781
NC_043975.1	48560117	0.000302	0.005650
NC_043975.1	48573366	0.000548	0.009786
NC_043975.1	48573535	0.000175	0.004977
NC_043975.1	48573543	0.000080	0.377254
NC_043975.1	48573557	0.004539	0.050000
NC_043975.1	48575184	0.001530	0.345283
NC_043975.1	48575188	0.012962	0.434218
NC_043975.1	48575211	0.000008	0.327255
NC_043975.1	48575217	0.000067	0.000930
NC_043975.1	48575231	0.000748	0.022824
NC_043975.1	48575300	0.000084	0.001354
NC_043975.1	48575384	0.009950	0.146819
NC_043975.1	48575404	0.000042	0.000684
NC_043975.1	48575438	0.005067	0.122492
NC_043975.1	48575451	0.000096	0.001107
NC_043975.1	48575456	0.001849	0.350896
NC_043975.1	48575466	0.001281	0.022283
NC_043975.1	48575502	0.012798	0.505800
NC_043975.1	48579743	0.000436	0.009189
NC_043975.1	48579866	0.000321	0.007287
NC_043975.1	48579878	0.001446	0.030127
NC_043975.1	48579883	0.001526	0.362233
NC_043975.1	48579990	0.001896	0.033582
NC_043975.1	48580905	0.001774	0.032459
NC_043975.1	48580997	0.000337	0.008355
NC_043975.1	48581124	0.001883	0.033466
NC_043975.1	48581135	0.001788	0.032590
NC_043975.1	48581808	0.000487	0.008647
NC_043975.1	48581849	0.000386	0.008198
NC_043975.1	48581926	0.000730	0.012727
NC_043975.1	48581947	0.000775	0.321884
NC_043975.1	48581949	0.001464	0.030491
NC_043975.1	48582013	0.000503	0.008939
NC_043975.1	48582093	0.001561	0.031512
NC_043975.1	48582136	0.004590	0.055907
NC_043975.1	48582155	0.001412	0.030131
NC_043975.1	48582162	0.010194	0.122545
NC_043975.1	48582164	0.001553	0.399347
NC_043975.1	48582284	0.001815	0.033086
NC_043975.1	48582372	0.001716	0.031934
NC_043975.1	48582384	0.001517	0.030532
NC_043975.1	48582565	0.000570	0.010139
NC_043975.1	48583005	0.005210	0.055351
NC_043975.1	48583173	0.001917	0.035094
NC_043975.1	48584047	0.000479	0.009096
NC_043975.1	48584128	0.000478	0.009279
NC_043975.1	48584514	0.014797	0.462732
NC_043975.1	48584902	0.000312	0.007366
NC_043975.1	48584907	0.000451	0.009721
NC_043975.1	48584911	0.000416	0.009049
NC_043975.1	48584925	0.000482	0.009417
NC_043975.1	48584936	0.006314	0.170672
NC_043975.1	48584965	0.000567	0.344063
NC_043975.1	48585090	0.006428	0.181124
NC_043975.1	48585118	0.008218	0.084631
NC_043975.1	48585157	0.001568	0.031807
NC_043975.1	48585182	0.000485	0.009483
NC_043975.1	48585364	0.010275	0.096791
NC_043975.1	48585403	0.002027	0.376269
NC_043975.1	48585500	0.000478	0.009346
NC_043975.1	48585528	0.000521	0.009269
NC_043975.1	48585890	0.001696	0.031744
NC_043975.1	48585962	0.000955	0.017251
NC_043975.1	48586015	0.000192	0.005160
NC_043975.1	48586212	0.008837	0.091161
NC_043975.1	48586221	0.010571	0.490214
NC_043975.1	48586244	0.009123	0.137359
NC_043975.1	48586259	0.011571	0.129830
NC_043975.1	48586279	0.001009	0.387944
NC_043975.1	48586294	0.005927	0.472406
NC_043975.1	48586337	0.007756	0.425689
NC_043975.1	48586439	0.000440	0.009265
NC_043975.1	48586485	0.004829	0.382482
NC_043975.1	48586812	0.000419	0.008859
NC_043975.1	48588819	0.008446	0.450891
NC_043975.1	48588989	0.008846	0.141859
NC_043975.1	48588994	0.010498	0.471864
NC_043975.1	48589038	0.009725	0.110396
NC_043975.1	48589059	0.007623	0.503631
NC_043975.1	48589119	0.011307	0.109804
NC_043975.1	48589530	0.000640	0.012818
NC_043975.1	48589623	0.000536	0.009538
NC_043975.1	48589765	0.003661	0.403757
NC_043975.1	48589772	0.000430	0.008422
NC_043975.1	48589806	0.000380	0.008081
NC_043975.1	48589831	-0.000117	0.295258
NC_043975.1	48590058	0.000410	0.008361
NC_043975.1	48590059	0.000579	0.337902
NC_043975.1	48590210	0.004954	0.057283
NC_043975.1	48590530	0.000291	0.006310
NC_043975.1	48590544	0.000281	0.006135
NC_043975.1	48590625	0.011310	0.495582
NC_043975.1	48590707	0.001474	0.030126
NC_043975.1	48590754	0.000344	0.007241
NC_043975.1	48590855	0.011601	0.503655
NC_043975.1	48592054	-0.000015	0.287133
NC_043975.1	48592067	0.008852	0.485849
NC_043975.1	48592069	0.002524	0.420417
NC_043975.1	48592100	0.000248	0.005603
NC_043975.1	48592136	0.000278	0.005420
NC_043975.1	48594253	0.012214	0.501870
NC_043975.1	48594495	0.001339	0.027288
NC_043975.1	48594499	0.000340	0.008174
NC_043975.1	48596007	0.000450	0.007921
NC_043975.1	48596068	0.001403	0.374963
NC_043975.1	48596086	0.009238	0.099367
NC_043975.1	48596103	0.000169	0.004500
NC_043975.1	48596127	0.000086	0.000996
NC_043975.1	48596147	0.020146	0.510379
NC_043975.1	48596170	0.000107	0.000994
NC_043975.1	48596185	0.000076	0.000717
NC_043975.1	48596209	0.002728	0.159995
NC_043975.1	48596211	0.000052	0.000679
NC_043975.1	48596216	0.000451	0.020778
NC_043975.1	48596234	0.001987	0.035397
NC_043975.1	48596235	0.001114	0.021155
NC_043975.1	48596502	0.011301	0.141441
NC_043975.1	48596504	0.000097	0.001580
NC_043975.1	48596524	0.004760	0.503016
NC_043975.1	48596703	0.000060	0.001266
NC_043975.1	48596838	0.004748	0.425892
NC_043975.1	48596853	0.000247	0.004219
NC_043975.1	48596905	0.000189	0.003218
NC_043975.1	48596933	0.004135	0.027238
NC_043975.1	48596953	0.000092	0.001527
NC_043975.1	48596980	-0.000815	0.287556
NC_043975.1	48597022	0.017022	0.473038
NC_043975.1	48597092	0.000178	0.002520
NC_043975.1	48597151	0.004804	0.502990
NC_043975.1	48597227	0.000225	0.002258
NC_043975.1	48597384	0.001197	0.027899
NC_043975.1	48597497	0.000457	0.009944
NC_043975.1	48597523	-0.000157	0.242365
NC_043975.1	48597576	0.000960	0.025740
NC_043975.1	48597600	0.000302	0.006288
NC_043975.1	48598829	0.000468	0.008266
NC_043975.1	48599625	0.007107	0.463689
NC_043975.1	48599653	0.004462	0.221805
NC_043975.1	48599667	0.000549	0.009770
NC_043975.1	48601424	0.004684	0.048941
NC_043975.1	48601466	0.007329	0.211035
NC_043975.1	48601589	0.002472	0.039309
NC_043975.1	48601603	0.000490	0.009577
NC_043975.1	48601963	0.000431	0.008446
NC_043975.1	48602021	0.006226	0.473098
NC_043975.1	48603059	0.001831	0.033560
NC_043975.1	48603122	0.001801	0.033266
NC_043975.1	48604468	0.000371	0.007886
NC_043975.1	48606774	0.002024	0.034788
NC_043975.1	49240918	0.003946	0.067293
NC_043975.1	49240920	0.003138	0.023418
NC_043975.1	49240930	0.006803	0.117311
NC_043975.1	49240954	0.002665	0.030433
NC_043975.1	49240973	0.000062	0.001223
NC_043975.1	49240975	0.000052	0.000799
NC_043975.1	49240996	0.000566	0.014994
NC_043975.1	49241003	0.011431	0.494311
NC_043975.1	49306182	0.000654	0.012360
NC_043975.1	49380056	0.010657	0.464192
NC_043975.1	49747874	0.002034	0.034885
NC_043975.1	49859396	0.000434	0.009157
NC_043975.1	49859651	0.001102	0.027202
NC_043975.1	50611501	0.000215	0.006591
NC_043975.1	51218034	0.001667	0.032414
NC_043975.1	51218184	0.003436	0.387014
NC_043975.1	52121589	0.000376	0.007987
NC_043975.1	52121659	0.000171	0.003396
NC_043975.1	52121730	0.000486	0.008616
NC_043975.1	52121739	0.007873	0.444799
NC_043976.1	471734	0.047616	0.517290
NC_043976.1	471743	0.000022	0.000487
NC_043976.1	471746	0.000061	0.000930
NC_043976.1	471751	0.000023	0.000659
NC_043976.1	471753	0.000018	0.000530
NC_043976.1	471757	0.000016	0.000420
NC_043976.1	471774	0.001878	0.036723
NC_043976.1	471784	0.015338	0.479531
NC_043976.1	471796	0.001116	0.018401
NC_043976.1	471801	0.000019	0.000463
NC_043976.1	471805	0.000020	0.000532
NC_043976.1	471840	0.033813	0.510284
NC_043976.1	471853	0.000063	0.001054
NC_043976.1	471875	0.010232	0.439091
NC_043976.1	471876	-0.000555	0.272896
NC_043976.1	471888	0.000283	0.013680
NC_043976.1	471893	0.000081	0.001400
NC_043976.1	471897	0.000021	0.000749
NC_043976.1	471911	0.000012	0.000388
NC_043976.1	471931	0.002369	0.044939
NC_043976.1	471937	0.003340	0.054937
NC_043976.1	471938	0.035284	0.479705
NC_043976.1	471950	0.000011	0.000257
NC_043976.1	471955	0.000578	0.004893
NC_043976.1	471959	0.000010	0.000233
NC_043976.1	471961	0.000009	0.000204
NC_043976.1	471963	0.000037	0.000591
NC_043976.1	471969	0.000010	0.000242
NC_043976.1	471990	0.001631	0.492660
NC_043976.1	472005	0.000026	0.000384
NC_043976.1	597241	0.000428	0.009555
NC_043976.1	865563	0.001498	0.031234
NC_043976.1	865935	0.001784	0.033091
NC_043976.1	1060968	0.001506	0.030942
NC_043976.1	1271759	0.001470	0.031343
NC_043976.1	1271760	0.012315	0.466769
NC_043976.1	1271761	0.008959	0.122190
NC_043976.1	1271852	0.001669	0.032920
NC_043976.1	1296343	0.001710	0.031769
NC_043976.1	1408908	-0.000707	0.247365
NC_043976.1	1408912	0.000044	0.000675
NC_043976.1	1408916	0.000029	0.000377
NC_043976.1	1408938	0.001389	0.011897
NC_043976.1	1408941	0.000023	0.000331
NC_043976.1	1408943	0.013066	0.461141
NC_043976.1	1408949	0.005555	0.093960
NC_043976.1	1408965	0.000073	0.003979
NC_043976.1	1408969	0.000026	0.000647
NC_043976.1	1460171	0.001133	0.027605
NC_043976.1	1460196	0.001577	0.028024
NC_043976.1	1531340	0.014296	0.482928
NC_043976.1	1531417	0.000368	0.008019
NC_043976.1	1673193	0.000531	0.318445
NC_043976.1	1693353	0.000117	0.001035
NC_043976.1	2169808	0.001733	0.032576
NC_043976.1	2170397	0.001293	0.028943
NC_043976.1	2170446	0.001792	0.033174
NC_043976.1	2170602	0.001989	0.034460
NC_043976.1	2213197	0.001489	0.026780
NC_043976.1	2337950	0.009788	0.494158
NC_043976.1	2337960	0.032783	0.498831
NC_043976.1	2337965	0.000041	0.000504
NC_043976.1	2338020	0.024951	0.485094
NC_043976.1	2338030	0.017552	0.509405
NC_043976.1	2411474	0.002008	0.035366
NC_043976.1	2411539	0.001364	0.029703
NC_043976.1	2493281	0.000320	0.006779
NC_043976.1	2495525	0.004220	0.205717
NC_043976.1	2496024	0.003653	0.221927
NC_043976.1	2496133	0.016946	0.495276
NC_043976.1	2496220	0.004884	0.190048
NC_043976.1	2497094	0.015332	0.129411
NC_043976.1	2517546	0.001729	0.032051
NC_043976.1	2518317	0.000412	0.008071
NC_043976.1	2631774	0.001934	0.034233
NC_043976.1	2636690	0.000880	0.023861
NC_043976.1	2638550	0.001807	0.032762
NC_043976.1	2639714	0.001092	0.355051
NC_043976.1	2639770	0.001475	0.030135
NC_043976.1	2639800	0.000497	0.009688
NC_043976.1	2639870	0.001771	0.032667
NC_043976.1	2639891	0.000505	0.008981
NC_043976.1	2640904	0.001744	0.032187
NC_043976.1	2816940	0.000490	0.009570
NC_043976.1	2817016	0.001493	0.030807
NC_043976.1	2817663	0.000450	0.008831
NC_043976.1	2841627	0.001119	0.027229
NC_043976.1	2841842	0.000313	0.007705
NC_043976.1	2842515	0.000435	0.007630
NC_043976.1	2842611	0.000391	0.008491
NC_043976.1	2865059	0.000425	0.009711
NC_043976.1	2865243	0.001976	0.035027
NC_043976.1	2865289	0.000480	0.010269
NC_043976.1	2865543	0.000381	0.009276
NC_043976.1	2865830	0.001780	0.034213
NC_043976.1	2978436	0.013259	0.505265
NC_043976.1	2978562	0.000416	0.007240
NC_043976.1	2988270	0.000487	0.009513
NC_043976.1	2988299	0.000707	0.013524
NC_043976.1	3058771	0.001199	0.024777
NC_043976.1	3092372	0.005746	0.422188
NC_043976.1	3092569	0.001718	0.033771
NC_043976.1	3094146	0.000471	0.008334
NC_043976.1	3179426	0.002017	0.035461
NC_043976.1	3190829	0.000462	0.010200
NC_043976.1	3190853	0.010342	0.129437
NC_043976.1	3205752	0.000828	0.015068
NC_043976.1	3218485	0.001986	0.035464
NC_043976.1	3219403	0.003198	0.417707
NC_043976.1	3219517	0.002201	0.036510
NC_043976.1	3231534	0.001671	0.032201
NC_043976.1	3238859	0.004002	0.216712
NC_043976.1	3238880	0.007626	0.133172
NC_043976.1	3238894	0.007738	0.102088
NC_043976.1	3238988	0.001198	0.027406
NC_043976.1	3239033	0.000069	0.001040
NC_043976.1	3239123	0.000067	0.001651
NC_043976.1	3239282	0.000111	0.006330
NC_043976.1	3239288	0.002556	0.100563
NC_043976.1	3252579	0.000324	0.006874
NC_043976.1	3273812	0.000418	0.008845
NC_043976.1	3273870	0.005637	0.062952
NC_043976.1	3344152	0.001625	0.032301
NC_043976.1	3370472	0.001955	0.034140
NC_043976.1	3671296	0.002236	0.036852
NC_043976.1	3671621	0.002159	0.036095
NC_043976.1	3671658	0.001991	0.034479
NC_043976.1	4939323	0.000581	0.010943
NC_043976.1	6026278	0.009324	0.094527
NC_043976.1	6026324	0.005075	0.058215
NC_043976.1	6818941	0.000662	0.011660
NC_043976.1	7309565	0.000602	0.010690
NC_043976.1	7309744	0.001658	0.032530
NC_043976.1	7622483	0.000371	0.008426
NC_043976.1	8385926	0.001630	0.032233
NC_043976.1	8967473	0.001835	0.033603
NC_043976.1	8967477	0.001834	0.033593
NC_043976.1	8967491	0.001871	0.033963
NC_043976.1	8967513	0.001959	0.034856
NC_043976.1	8967544	0.000459	0.009629
NC_043976.1	8967587	0.001963	0.034895
NC_043976.1	8968167	0.000522	0.009285
NC_043976.1	9442389	0.010453	0.116218
NC_043976.1	10257569	0.001528	0.030636
NC_043976.1	10436456	0.002154	0.036043
NC_043976.1	10436472	0.002144	0.035945
NC_043976.1	11024424	0.001745	0.032718
NC_043976.1	11024426	0.000479	0.009369
NC_043976.1	11024449	0.000505	0.009833
NC_043976.1	11024710	0.000435	0.008529
NC_043976.1	13248150	0.002510	0.208963
NC_043976.1	13411182	0.001895	0.034854
NC_043976.1	13793969	0.002176	0.036265
NC_043976.1	13971071	0.001862	0.033868
NC_043976.1	13971096	0.001991	0.034472
NC_043976.1	14108191	0.000522	0.010150
NC_043976.1	14848369	0.000558	0.010764
NC_043976.1	15349804	0.000376	0.009162
NC_043976.1	15471606	0.001661	0.032564
NC_043976.1	15471617	0.000470	0.010090
NC_043976.1	15816377	0.005500	0.265079
NC_043976.1	15828429	0.001940	0.033998
NC_043976.1	16172781	0.001547	0.031191
NC_043976.1	17254924	0.000069	0.015144
NC_043976.1	17254929	0.000009	0.000830
NC_043976.1	17254936	0.000006	0.000712
NC_043976.1	17254945	0.000028	0.014192
NC_043976.1	17372283	0.050372	0.225754
NC_043976.1	17402187	0.009166	0.481807
NC_043976.1	17402212	0.009636	0.445050
NC_043976.1	17402465	0.013236	0.140528
NC_043976.1	17642273	0.010078	0.094984
NC_043976.1	17995961	0.002093	0.036267
NC_043976.1	18206554	0.001577	0.031678
NC_043976.1	18215228	0.002012	0.034673
NC_043976.1	18553373	0.001249	0.029318
NC_043976.1	18553379	0.001383	0.030541
NC_043976.1	18553397	0.001774	0.034135
NC_043976.1	20192360	0.000538	0.009579
NC_043976.1	22060624	0.002278	0.037278
NC_043976.1	22588075	0.002118	0.035694
NC_043976.1	23181404	0.000990	0.255921
NC_043976.1	23573514	0.005913	0.062486
NC_043976.1	23573527	0.005910	0.062380
NC_043976.1	23755278	0.002764	0.042553
NC_043976.1	24218624	0.000016	0.000266
NC_043976.1	24218723	0.000064	0.000924
NC_043976.1	24480974	0.002080	0.036120
NC_043976.1	24825005	0.001733	0.032310
NC_043976.1	24930741	0.010180	0.096786
NC_043976.1	24930801	0.001874	0.034227
NC_043976.1	24931078	0.000514	0.009138
NC_043976.1	25273486	0.007332	0.069656
NC_043976.1	26039646	0.002013	0.035011
NC_043976.1	26039654	0.000579	0.010697
NC_043976.1	26039697	0.001868	0.034207
NC_043976.1	26559253	0.000608	0.010774
NC_043976.1	26817049	0.012818	0.136309
NC_043976.1	26891789	0.006985	0.203820
NC_043976.1	26892142	0.006543	0.063566
NC_043976.1	26892312	0.000373	0.296726
NC_043976.1	27998154	0.000523	0.009313
NC_043976.1	29149382	0.002147	0.035972
NC_043976.1	29168770	0.006848	0.078399
NC_043976.1	29354722	0.000396	0.009157
NC_043976.1	29354864	0.001505	0.030765
NC_043976.1	29354867	0.011119	0.111616
NC_043976.1	29355346	0.001694	0.032688
NC_043976.1	29355476	0.001471	0.030935
NC_043976.1	30339494	0.000568	0.010522
NC_043976.1	30339522	0.000595	0.010572
NC_043976.1	30596921	0.001492	0.030579
NC_043976.1	30596946	0.004698	0.056817
NC_043976.1	31037350	0.012200	0.432933
NC_043976.1	31399446	0.000112	0.002890
NC_043976.1	31399826	0.001441	0.219085
NC_043976.1	31400392	0.000167	0.005369
NC_043976.1	31470336	0.002007	0.035346
NC_043976.1	31500784	0.001172	0.019320
NC_043976.1	31714764	0.001402	0.030048
NC_043976.1	32232829	0.000678	0.327659
NC_043976.1	32232879	0.000490	0.010194
NC_043976.1	32232928	0.000641	0.348836
NC_043976.1	32233624	0.003235	0.074108
NC_043976.1	32233702	0.000436	0.008558
NC_043976.1	32233841	0.000331	0.007797
NC_043976.1	33229431	0.001730	0.033065
NC_043976.1	33406504	0.006341	0.077091
NC_043976.1	33423771	0.000816	0.015642
NC_043976.1	34150636	0.001762	0.034111
NC_043976.1	34155147	0.001689	0.032639
NC_043976.1	34800411	0.000395	0.008381
NC_043976.1	35377073	0.000472	0.009243
NC_043976.1	35562652	0.000561	0.010828
NC_043976.1	35907232	0.002097	0.035492
NC_043976.1	36204417	0.001770	0.033493
NC_043976.1	36204533	0.005591	0.061097
NC_043976.1	36204682	0.001361	0.030280
NC_043976.1	36209167	0.000427	0.009027
NC_043976.1	36209190	0.000531	0.010309
NC_043976.1	36212578	0.001540	0.031689
NC_043976.1	36336402	0.001888	0.034773
NC_043976.1	36534707	0.001900	0.034249
NC_043976.1	36749773	0.008515	0.440888
NC_043976.1	36749993	0.000425	0.220118
NC_043976.1	36750046	-0.000453	0.281678
NC_043976.1	36778766	0.000418	0.007282
NC_043976.1	37361371	0.009573	0.424677
NC_043976.1	38171807	0.012867	0.503250
NC_043976.1	38209853	0.001870	0.033949
NC_043976.1	38315035	0.001669	0.032296
NC_043976.1	38315957	0.000435	0.009361
NC_043976.1	38427390	0.000623	0.011028
NC_043976.1	38485505	0.001332	0.028429
NC_043976.1	38495849	0.000436	0.007644
NC_043976.1	38505040	0.001442	0.030515
NC_043976.1	38505050	0.001359	0.029960
NC_043976.1	38505064	0.000239	0.315339
NC_043976.1	38550102	0.000738	0.012851
NC_043976.1	38834997	0.000595	0.011285
NC_043976.1	39076166	0.002062	0.035152
NC_043976.1	39076395	0.001903	0.033649
NC_043976.1	39076493	0.001916	0.033770
NC_043976.1	39076576	0.000594	0.010555
NC_043976.1	39168538	0.000461	0.009029
NC_043976.1	39239872	0.000659	0.011614
NC_043976.1	39239881	0.002209	0.036591
NC_043976.1	39385754	0.001277	0.270225
NC_043976.1	39385824	0.000597	0.011438
NC_043976.1	39487416	0.002062	0.035152
NC_043976.1	39696713	0.001463	0.030799
NC_043976.1	39696961	0.001252	0.029636
NC_043976.1	39697011	0.000622	0.013027
NC_043976.1	39720000	0.001577	0.031492
NC_043976.1	39720061	0.002135	0.035855
NC_043976.1	39720398	0.002197	0.036466
NC_043976.1	39720419	0.001866	0.033912
NC_043976.1	39720479	0.000452	0.009489
NC_043976.1	39720902	0.000493	0.009629
NC_043976.1	39841966	0.000468	0.009156
NC_043976.1	39842033	0.000618	0.010958
NC_043976.1	39842255	0.000380	0.008932
NC_043976.1	39862350	0.000508	0.009666
NC_043976.1	39862407	0.000469	0.009644
NC_043976.1	39862447	0.002100	0.036338
NC_043976.1	39864289	0.010190	0.119910
NC_043976.1	39864581	0.000344	0.008066
NC_043976.1	39868776	0.008180	0.118160
NC_043976.1	39868799	0.000570	0.010756
NC_043976.1	39872843	0.002007	0.035348
NC_043976.1	39916033	0.002242	0.036917
NC_043976.1	40030642	0.002020	0.035485
NC_043976.1	40030718	0.001576	0.031265
NC_043976.1	40030786	0.000566	0.010066
NC_043976.1	40030820	0.000425	0.008975
NC_043976.1	40031005	0.001782	0.033314
NC_043976.1	40031542	0.001943	0.034023
NC_043976.1	40031783	0.000578	0.010271
NC_043976.1	40084726	0.005449	0.417080
NC_043976.1	40132244	0.000591	0.010908
NC_043976.1	40335178	0.001886	0.034111
NC_043976.1	40537975	0.000290	0.007090
NC_043976.1	40711029	0.000473	0.009721
NC_043976.1	40730479	0.001197	0.028536
NC_043976.1	40825216	0.002108	0.035597
NC_043976.1	40834839	0.001681	0.031692
NC_043976.1	40834920	0.001126	0.027732
NC_043976.1	40834922	0.000312	0.007797
NC_043976.1	40834964	0.001401	0.030362
NC_043976.1	40869097	0.001372	0.022995
NC_043976.1	40947826	0.010996	0.129926
NC_043976.1	41028156	0.000395	0.007736
NC_043976.1	41028230	0.006506	0.470555
NC_043976.1	41028237	0.001498	0.030704
NC_043976.1	41028370	0.002012	0.034676
NC_043976.1	41035146	0.000590	0.010473
NC_043976.1	41035582	0.000421	0.008260
NC_043976.1	41035714	0.002009	0.034643
NC_043976.1	41093977	0.006398	0.066364
NC_043976.1	41104396	0.001998	0.034546
NC_043976.1	41116524	0.001115	0.021088
NC_043976.1	41121500	0.002018	0.035465
NC_043976.1	41200778	0.006091	0.063823
NC_043976.1	41200790	0.000570	0.010136
NC_043976.1	41216390	0.001386	0.030791
NC_043976.1	41258020	0.006040	0.063449
NC_043976.1	41297014	0.000173	0.004031
NC_043976.1	41297036	0.000023	0.000503
NC_043976.1	41297038	0.000020	0.000353
NC_043976.1	41297042	0.000032	0.000986
NC_043976.1	41297046	0.000021	0.000415
NC_043976.1	41297048	0.000017	0.000275
NC_043976.1	41297050	0.000018	0.000277
NC_043976.1	41297052	0.000048	0.002764
NC_043976.1	41297054	0.000016	0.000356
NC_043976.1	41297056	0.000013	0.000249
NC_043976.1	41297058	0.000014	0.000293
NC_043976.1	41297060	0.000014	0.000235
NC_043976.1	41297068	0.000009	0.000179
NC_043976.1	41297080	0.000007	0.000146
NC_043976.1	41297184	0.000085	0.003699
NC_043976.1	41297186	0.000038	0.000679
NC_043976.1	41297188	0.000040	0.000569
NC_043976.1	41297200	0.000305	0.008756
NC_043976.1	41297213	0.000077	0.000875
NC_043976.1	41311471	0.000444	0.009346
NC_043976.1	41488248	0.000432	0.009633
NC_043976.1	41516537	0.001568	0.031009
NC_043976.1	41516558	0.000400	0.007825
NC_043976.1	41540571	0.001715	0.035737
NC_043976.1	41540689	0.004154	0.485992
NC_043976.1	41540732	0.001406	0.029799
NC_043976.1	41595370	0.007636	0.446062
NC_043976.1	41595377	0.001297	0.028718
NC_043976.1	41595599	0.001172	0.028114
NC_043976.1	41755496	0.000581	0.011155
NC_043976.1	42010487	0.001537	0.030887
NC_043976.1	42028020	0.002045	0.035321
NC_043976.1	42028045	0.017674	0.491521
NC_043976.1	42028756	0.000409	0.009644
NC_043976.1	42035443	0.000564	0.010874
NC_043976.1	42056313	0.000623	0.011855
NC_043976.1	42057510	0.002162	0.037004
NC_043976.1	42057588	0.001705	0.032541
NC_043976.1	42057622	0.000550	0.010198
NC_043976.1	42086302	0.000335	0.009304
NC_043976.1	42086328	0.000988	0.027049
NC_043976.1	42086347	0.003884	0.048329
NC_043976.1	42096659	0.001895	0.034206
NC_043976.1	42097187	0.000776	0.013430
NC_043976.1	42097189	0.000766	0.013280
NC_043976.1	42097456	0.000449	0.008798
NC_043976.1	42097770	0.000471	0.008341
NC_043976.1	42159563	0.000397	0.008410
NC_043976.1	42269586	0.024281	0.490203
NC_043976.1	42269626	0.006398	0.222939
NC_043976.1	42269652	0.000196	0.005299
NC_043976.1	42461866	0.000521	0.009262
NC_043976.1	42461895	0.000491	0.008718
NC_043976.1	42461990	0.000570	0.010144
NC_043976.1	42526179	0.001734	0.033104
NC_043976.1	42569356	0.000548	0.009753
NC_043976.1	42569400	0.001874	0.034271
NC_043976.1	42571037	0.001477	0.028009
NC_043976.1	42612609	0.001702	0.033289
NC_043976.1	42612866	0.000430	0.008436
NC_043976.1	42613181	0.001798	0.033795
NC_043976.1	42613200	0.001971	0.034978
NC_043976.1	42620372	0.007570	0.085921
NC_043976.1	42621277	0.000453	0.007990
NC_043976.1	42626372	0.005051	0.061367
NC_043976.1	42627362	0.000454	0.009541
NC_043976.1	42627402	0.000794	0.016733
NC_043976.1	42628241	0.001617	0.033170
NC_043976.1	42652024	0.002143	0.035934
NC_043976.1	42656529	0.001889	0.033516
NC_043976.1	42656678	0.001667	0.032624
NC_043976.1	42656758	0.001785	0.033110
NC_043976.1	42656760	0.001785	0.033107
NC_043976.1	42742062	0.001974	0.034319
NC_043976.1	42754484	0.000482	0.008549
NC_043976.1	42754611	0.010551	0.504384
NC_043976.1	42754678	0.000552	0.354379
NC_043976.1	42761028	0.000489	0.009110
NC_043976.1	42884164	0.001499	0.030359
NC_043976.1	42906891	0.001723	0.032494
NC_043976.1	42906919	0.000484	0.009466
NC_043976.1	42909555	0.001963	0.034212
NC_043976.1	42911153	0.002903	0.371864
NC_043976.1	42927319	0.000568	0.010100
NC_043976.1	42927354	0.000617	0.010934
NC_043976.1	43413173	0.000322	0.009201
NC_043976.1	43846406	0.000555	0.010716
NC_043976.1	43846425	0.001953	0.034791
NC_043976.1	44455345	0.001344	0.029579
NC_043976.1	44455582	0.000542	0.009650
NC_043976.1	44542157	0.000216	0.012821
NC_043976.1	44542160	0.001037	0.175938
NC_043976.1	44542171	0.002071	0.163125
NC_043976.1	44542179	0.000006	0.000134
NC_043976.1	44542182	0.000006	0.000128
NC_043976.1	44542186	0.000006	0.000126
NC_043976.1	44542193	0.052243	0.491123
NC_043976.1	44542198	0.017537	0.509401
NC_043976.1	44542201	0.000005	0.000147
NC_043976.1	44542204	0.025374	0.146284
NC_043976.1	44542209	-0.002998	0.499556
NC_043976.1	44542212	0.000552	0.009656
NC_043976.1	44542215	0.107403	0.552658
NC_043976.1	44542220	-0.002723	0.499648
NC_043976.1	44542223	0.000004	0.000136
NC_043976.1	44542226	0.151612	0.324414
NC_043976.1	44542236	0.000003	0.000071
NC_043976.1	44542237	0.034489	0.168668
NC_043976.1	44542259	0.001378	0.081096
NC_043976.1	44542267	0.000002	0.000059
NC_043976.1	44542275	0.000171	0.003773
NC_043976.1	44542281	-0.001830	0.500078
NC_043976.1	44542287	0.003412	0.030570
NC_043976.1	44542288	0.000271	0.021512
NC_043976.1	44542289	0.000005	0.000104
NC_043976.1	44542297	0.023920	0.159087
NC_043976.1	45281385	-0.000993	0.280948
NC_043976.1	45281417	0.001036	0.222600
NC_043976.1	45281420	0.006220	0.107101
NC_043976.1	45281422	-0.000866	0.278904
NC_043976.1	45281468	0.000340	0.010722
NC_043976.1	45281478	0.000149	0.002656
NC_043976.1	45302045	0.000094	0.002814
NC_043976.1	45302263	0.000184	0.004506
NC_043976.1	45765708	0.001772	0.032978
NC_043976.1	45933958	0.000463	0.009955
NC_043976.1	45938205	0.001650	0.031994
NC_043976.1	45995481	0.002014	0.035418
NC_043976.1	46016956	0.000437	0.008566
NC_043976.1	46105722	0.000464	0.009976
NC_043976.1	46191634	0.009015	0.501312
NC_043976.1	46191670	0.006427	0.219082
NC_043976.1	46191679	0.000354	0.006867
NC_043976.1	46260571	0.001187	0.189190
NC_043976.1	46260577	-0.001170	0.266710
NC_043976.1	46260598	0.000453	0.020685
NC_043976.1	46260599	0.001298	0.354920
NC_043976.1	46386303	0.000246	0.006810
NC_043976.1	46386322	0.000857	0.025141
NC_043976.1	46386449	0.000857	0.272497
NC_043976.1	46386568	0.001657	0.031397
NC_043976.1	46418285	0.000139	0.005650
NC_043976.1	46418313	0.000342	0.019336
NC_043976.1	46850814	0.001938	0.034640
NC_043977.1	35966	0.010306	0.445380
NC_043977.1	35991	0.000152	0.002400
NC_043977.1	36017	0.010718	0.452037
NC_043977.1	253526	0.000440	0.339928
NC_043977.1	378435	0.000169	0.007015
NC_043977.1	378442	0.000154	0.004221
NC_043977.1	378455	0.000095	0.002912
NC_043977.1	378999	0.000094	0.002295
NC_043977.1	380341	0.000036	0.001266
NC_043977.1	380354	0.000099	0.003893
NC_043977.1	740306	0.000284	0.005203
NC_043977.1	740370	0.001367	0.028819
NC_043977.1	740545	0.001455	0.029686
NC_043977.1	741929	0.001321	0.028718
NC_043977.1	747198	0.000588	0.019132
NC_043977.1	747222	0.000083	0.002904
NC_043977.1	747304	0.007548	0.101567
NC_043977.1	747578	0.000181	0.007027
NC_043977.1	764121	0.000177	0.004437
NC_043977.1	764476	0.000124	0.003230
NC_043977.1	764498	0.000135	0.003476
NC_043977.1	764547	0.000080	0.002465
NC_043977.1	764613	0.000210	0.005534
NC_043977.1	2486624	0.002069	0.035219
NC_043977.1	2486655	0.002061	0.035865
NC_043977.1	2493901	0.002259	0.037089
NC_043977.1	2569262	0.001221	0.241392
NC_043977.1	2599463	0.010624	0.454853
NC_043977.1	2599548	0.000494	0.331613
NC_043977.1	2933241	0.004174	0.210025
NC_043977.1	2933253	0.000304	0.331604
NC_043977.1	2933260	0.000116	0.002230
NC_043977.1	2933286	0.006063	0.073408
NC_043977.1	2933304	0.000095	0.001681
NC_043977.1	2933305	0.000102	0.001847
NC_043977.1	2933443	0.007559	0.469507
NC_043977.1	2933459	0.006812	0.080110
NC_043977.1	2933516	0.004449	0.179952
NC_043977.1	2933532	0.000744	0.313464
NC_043977.1	2991760	0.011345	0.111369
NC_043977.1	2992426	0.000208	0.004734
NC_043977.1	2992430	0.003625	0.052577
NC_043977.1	3396047	0.001911	0.033720
NC_043977.1	3525654	0.000528	0.010253
NC_043977.1	3546622	0.001594	0.031662
NC_043977.1	3547084	0.001497	0.030694
NC_043977.1	3547393	0.000378	0.008792
NC_043977.1	3703222	0.007338	0.472183
NC_043977.1	3703236	-0.000510	0.369140
NC_043977.1	3703250	0.001594	0.374651
NC_043977.1	3703268	0.002857	0.322110
NC_043977.1	3867417	0.006216	0.105569
NC_043977.1	3867476	0.012818	0.504115
NC_043977.1	3867846	0.000386	0.008733
NC_043977.1	3867878	0.000421	0.008264
NC_043977.1	3867882	0.000461	0.009851
NC_043977.1	3867883	0.005576	0.202406
NC_043977.1	4068244	0.001592	0.031834
NC_043977.1	4068265	0.001448	0.030351
NC_043977.1	4068380	0.001715	0.032914
NC_043977.1	4068404	0.002166	0.036162
NC_043977.1	4140201	0.001859	0.033837
NC_043977.1	4140380	0.000491	0.010216
NC_043977.1	4371092	0.010504	0.137325
NC_043977.1	4448475	0.000685	0.022039
NC_043977.1	4448477	0.002992	0.420551
NC_043977.1	4448549	0.004078	0.117838
NC_043977.1	4448591	0.005671	0.493121
NC_043977.1	4452197	0.000181	0.004207
NC_043977.1	4859609	0.000278	0.005050
NC_043977.1	4859636	0.000390	0.007636
NC_043977.1	5102622	0.000288	0.007445
NC_043977.1	5103437	0.000460	0.009020
NC_043977.1	5103742	0.000963	0.025993
NC_043977.1	5103872	0.000438	0.007682
NC_043977.1	5104223	0.001428	0.029704
NC_043977.1	5104296	0.000275	0.006218
NC_043977.1	5104322	0.001731	0.032064
NC_043977.1	5104330	0.000448	0.007880
NC_043977.1	5231665	0.001165	0.019120
NC_043977.1	5231780	0.010118	0.094957
NC_043977.1	5231889	0.009334	0.457732
NC_043977.1	5232122	0.009311	0.446728
NC_043977.1	5388861	0.000489	0.009556
NC_043977.1	5388866	0.001839	0.033645
NC_043977.1	5484727	0.006243	0.281989
NC_043977.1	5485366	0.001986	0.035130
NC_043977.1	5485371	0.000535	0.010380
NC_043977.1	5859982	0.000198	0.004448
NC_043977.1	6127378	0.000588	0.010446
NC_043977.1	6143390	0.001821	0.034041
NC_043977.1	6240224	0.000397	0.006826
NC_043977.1	6240267	0.001360	0.029076
NC_043977.1	6240578	0.000430	0.008433
NC_043977.1	6240675	0.005188	0.063372
NC_043977.1	6240897	0.001920	0.034453
NC_043977.1	6519734	0.002098	0.035486
NC_043977.1	6519978	0.000459	0.009625
NC_043977.1	6520324	0.001766	0.032623
NC_043977.1	6520416	0.002191	0.037225
NC_043977.1	6520476	0.000443	0.009852
NC_043977.1	6520705	0.004298	0.437121
NC_043977.1	6546446	0.001561	0.295337
NC_043977.1	6837677	0.001653	0.028951
NC_043977.1	6837737	0.000552	0.009829
NC_043977.1	7106077	0.007007	0.067079
NC_043977.1	7106090	0.001750	0.033279
NC_043977.1	7106111	0.006068	0.189994
NC_043977.1	7223886	0.000491	0.324591
NC_043977.1	7223891	0.005919	0.421223
NC_043977.1	7225285	0.001256	0.028913
NC_043977.1	7665195	0.002625	0.041015
NC_043977.1	7848571	0.001636	0.032554
NC_043977.1	7902978	0.000629	0.011531
NC_043977.1	7989961	0.000678	0.012117
NC_043977.1	7995828	0.001846	0.033977
NC_043977.1	7995831	0.001744	0.366168
NC_043977.1	7995863	0.001456	0.030611
NC_043977.1	7998349	0.000809	0.014779
NC_043977.1	8012921	0.016879	0.495154
NC_043977.1	8012932	0.000565	0.010051
NC_043977.1	8012933	0.000560	0.009966
NC_043977.1	8014983	0.008251	0.476201
NC_043977.1	8015037	0.000168	0.298930
NC_043977.1	8020790	0.003756	0.390891
NC_043977.1	8020834	0.002056	0.035871
NC_043977.1	8025191	0.001383	0.028962
NC_043977.1	8025289	0.002127	0.035785
NC_043977.1	8073039	0.001700	0.032186
NC_043977.1	8073117	0.021545	0.508825
NC_043977.1	8073122	0.021986	0.489908
NC_043977.1	8232357	0.000580	0.010715
NC_043977.1	8237166	0.009961	0.454386
NC_043977.1	8237167	0.003499	0.054921
NC_043977.1	8533908	0.000525	0.010206
NC_043977.1	8673829	0.001786	0.033933
NC_043977.1	8690620	0.001434	0.030382
NC_043977.1	8690621	0.001504	0.031116
NC_043977.1	8690633	0.001457	0.030184
NC_043977.1	8700757	0.000546	0.011185
NC_043977.1	8804953	0.000637	0.011268
NC_043977.1	9079240	0.001699	0.032741
NC_043977.1	9100616	0.005533	0.061859
NC_043977.1	9102380	0.019793	0.505969
NC_043977.1	9102459	0.000566	0.011531
NC_043977.1	9226244	0.001845	0.033697
NC_043977.1	9226308	0.002151	0.036829
NC_043977.1	9251083	0.001708	0.032835
NC_043977.1	9251101	0.010464	0.317798
NC_043977.1	9251125	0.001445	0.031291
NC_043977.1	9262245	0.001713	0.032404
NC_043977.1	9262389	0.000398	0.007800
NC_043977.1	9386095	0.001848	0.034332
NC_043977.1	9389411	0.007047	0.181763
NC_043977.1	9396908	0.001738	0.032132
NC_043977.1	9396979	0.001755	0.032289
NC_043977.1	9403351	0.000595	0.010560
NC_043977.1	9410141	0.001545	0.031555
NC_043977.1	9410147	0.000438	0.009752
NC_043977.1	9431626	0.000759	0.014004
NC_043977.1	9464746	0.000488	0.009531
NC_043977.1	9504688	0.001409	0.030081
NC_043977.1	9504809	0.001487	0.374377
NC_043977.1	9504819	0.000487	0.352897
NC_043977.1	9504858	0.000297	0.006179
NC_043977.1	9505189	0.002262	0.262328
NC_043977.1	9505191	0.000434	0.008826
NC_043977.1	9505496	0.006650	0.178537
NC_043977.1	9523628	0.002134	0.035851
NC_043977.1	9523632	0.000615	0.010905
NC_043977.1	9527672	0.001763	0.033118
NC_043977.1	9618232	0.006661	0.156178
NC_043977.1	9618276	0.001261	0.029447
NC_043977.1	9618282	0.000640	0.013606
NC_043977.1	9622772	0.000964	0.016642
NC_043977.1	9697403	0.001834	0.033008
NC_043977.1	9697539	0.000667	0.011750
NC_043977.1	9697630	0.004749	0.050272
NC_043977.1	9845639	0.001540	0.031704
NC_043977.1	10072142	0.001694	0.032213
NC_043977.1	10206747	0.007257	0.122341
NC_043977.1	10219999	0.000972	0.016306
NC_043977.1	10220030	0.000777	0.014757
NC_043977.1	10237093	0.000390	0.009776
NC_043977.1	10237108	0.001474	0.031587
NC_043977.1	10237244	0.000564	0.010029
NC_043977.1	10312423	0.000490	0.008705
NC_043977.1	10346252	0.004954	0.476073
NC_043977.1	10346297	0.000392	0.008331
NC_043977.1	10371425	0.003297	0.043093
NC_043977.1	10371555	0.000587	0.011262
NC_043977.1	10473222	0.001727	0.033273
NC_043977.1	10473228	0.001657	0.032517
NC_043977.1	10473242	0.000553	0.010982
NC_043977.1	10473243	0.000547	0.010882
NC_043977.1	10473557	0.000312	0.007605
NC_043977.1	10473563	0.000343	0.008281
NC_043977.1	10473759	0.000577	0.010262
NC_043977.1	10579346	0.001233	0.024639
NC_043977.1	10579395	0.001322	0.028726
NC_043977.1	10579423	0.001160	0.027254
NC_043977.1	10579522	0.000186	0.306470
NC_043977.1	11047794	0.004406	0.399146
NC_043977.1	11047820	0.010013	0.098195
NC_043977.1	11068926	0.001788	0.032584
NC_043977.1	11095274	0.000545	0.009710
NC_043977.1	11095329	0.001713	0.032398
NC_043977.1	11095353	0.000423	0.008933
NC_043977.1	11102409	0.001865	0.033903
NC_043977.1	11108329	0.000559	0.010795
NC_043977.1	11237438	0.001634	0.032537
NC_043977.1	11325467	0.006169	0.067875
NC_043977.1	11381629	0.005225	0.064538
NC_043977.1	11385104	0.000320	0.007431
NC_043977.1	11385169	0.000386	0.008021
NC_043977.1	11391786	0.001845	0.033695
NC_043977.1	11392038	0.002595	0.431968
NC_043977.1	11392744	0.002091	0.035429
NC_043977.1	11403328	0.001704	0.031818
NC_043977.1	11453625	0.000421	0.009009
NC_043977.1	11453648	0.000474	0.010014
NC_043977.1	11462693	0.001737	0.032638
NC_043977.1	11476111	0.000738	0.013689
NC_043977.1	11476299	0.002016	0.034717
NC_043977.1	11485255	0.000397	0.008428
NC_043977.1	11485256	0.000383	0.008135
NC_043977.1	11485338	-0.000060	0.293136
NC_043977.1	11937512	0.001370	0.029995
NC_043977.1	11937547	0.001487	0.031306
NC_043977.1	11989527	0.001577	0.031100
NC_043977.1	11989592	0.001459	0.029993
NC_043977.1	12247520	0.001934	0.034597
NC_043977.1	12561761	-0.000025	0.303705
NC_043977.1	12578536	0.000522	0.011299
NC_043977.1	12578690	0.002412	0.269722
NC_043977.1	12578859	0.001609	0.030962
NC_043977.1	13019118	0.005770	0.064111
NC_043977.1	13019336	0.001569	0.031410
NC_043977.1	13019361	0.000718	0.352047
NC_043977.1	13019376	0.000697	0.012218
NC_043977.1	13379486	0.003733	0.269723
NC_043977.1	13426234	0.035897	0.508654
NC_043977.1	13426442	0.010716	0.131004
NC_043977.1	13426445	0.010428	0.492713
NC_043977.1	13426628	0.024021	0.504369
NC_043977.1	13426665	0.001522	0.030580
NC_043977.1	13426716	0.010092	0.487214
NC_043977.1	13426860	0.000598	0.012328
NC_043977.1	13475627	0.000160	0.004770
NC_043977.1	13475684	0.006687	0.148799
NC_043977.1	13475700	0.009404	0.117669
NC_043977.1	13790408	0.000181	0.304433
NC_043977.1	13790448	0.000360	0.264889
NC_043977.1	13790609	0.001735	0.032107
NC_043977.1	13791369	0.002902	0.245021
NC_043977.1	13791451	0.002871	0.382926
NC_043977.1	13791528	0.000708	0.014720
NC_043977.1	13791532	0.000265	0.004410
NC_043977.1	13791535	0.005068	0.167870
NC_043977.1	13791567	0.005262	0.058853
NC_043977.1	13791615	0.000357	0.006790
NC_043977.1	13791808	0.005210	0.268117
NC_043977.1	13791880	0.001389	0.028995
NC_043977.1	13791977	0.009871	0.233391
NC_043977.1	13791998	0.000117	0.266653
NC_043977.1	13792084	-0.000189	0.289714
NC_043977.1	13792581	0.006064	0.213298
NC_043977.1	13947739	0.000691	0.013267
NC_043977.1	13975000	0.000497	0.012285
NC_043977.1	14204326	0.000595	0.011699
NC_043977.1	14642590	0.002036	0.035654
NC_043977.1	14830498	0.006901	0.066268
NC_043977.1	14860515	0.000539	0.355177
NC_043977.1	15890139	0.001785	0.033344
NC_043977.1	15890271	0.002201	0.036508
NC_043977.1	15890336	0.002130	0.035807
NC_043977.1	15890525	0.018347	0.099314
NC_043977.1	15890688	0.000517	0.010054
NC_043977.1	15890696	0.001878	0.034027
NC_043977.1	15890697	0.001942	0.034677
NC_043977.1	15938341	0.000432	0.009114
NC_043977.1	15938752	0.001434	0.029410
NC_043977.1	15938837	0.000381	0.007316
NC_043977.1	16047196	0.001991	0.035180
NC_043977.1	16047329	0.000376	0.008002
NC_043977.1	16047455	0.000734	0.013621
NC_043977.1	16047494	0.001630	0.031603
NC_043977.1	16047617	0.000404	0.007906
NC_043977.1	16184678	0.000260	0.003380
NC_043977.1	16400447	0.001375	0.029213
NC_043977.1	16990544	0.000712	0.012454
NC_043977.1	16990704	0.001941	0.034668
NC_043977.1	16990717	0.001938	0.034644
NC_043977.1	17318446	0.007185	0.298901
NC_043977.1	18111189	0.005086	0.494542
NC_043977.1	18111382	0.000473	0.009251
NC_043977.1	18455662	0.001904	0.033656
NC_043977.1	18714088	0.000458	0.009605
NC_043977.1	18714174	0.001950	0.034086
NC_043977.1	19029092	0.013207	0.140951
NC_043977.1	19029220	0.001735	0.033120
NC_043977.1	19029444	0.001567	0.031005
NC_043977.1	19245549	0.001605	0.032214
NC_043977.1	19550926	0.002122	0.036577
NC_043977.1	19763442	0.001959	0.034177
NC_043977.1	24393841	0.000894	0.349191
NC_043977.1	24393842	0.000683	0.334115
NC_043977.1	28997191	0.000378	0.318681
NC_043977.1	29013075	0.001905	0.034971
NC_043977.1	29120686	0.002104	0.036381
NC_043977.1	29599752	0.008724	0.458011
NC_043977.1	31141040	0.002020	0.036288
NC_043977.1	31918326	0.000514	0.010621
NC_043977.1	33206622	0.002169	0.036195
NC_043977.1	33206652	0.000424	0.008962
NC_043977.1	33206668	0.001676	0.032502
NC_043977.1	34303277	0.001693	0.031725
NC_043977.1	34320705	0.001422	0.030261
NC_043977.1	34378602	0.002018	0.035464
NC_043977.1	34378655	0.000498	0.009708
NC_043977.1	34378678	0.002167	0.036175
NC_043977.1	35116849	0.002193	0.036428
NC_043977.1	35116879	0.002140	0.035909
NC_043977.1	35195010	0.000335	0.008431
NC_043977.1	35195019	0.001649	0.032559
NC_043977.1	35299528	0.001848	0.033401
NC_043977.1	35299643	0.000528	0.009401
NC_043977.1	35460682	0.002182	0.036322
NC_043977.1	35677007	0.000623	0.011857
NC_043977.1	35913417	0.001686	0.032143
NC_043977.1	36330970	0.001959	0.034177
NC_043977.1	36776373	0.000407	0.008467
NC_043977.1	36776382	0.005574	0.062286
NC_043977.1	36776639	0.003867	0.052728
NC_043977.1	36776664	0.000246	0.006982
NC_043977.1	36776679	0.021200	0.501969
NC_043977.1	36776713	0.000231	0.006761
NC_043977.1	36776898	0.007432	0.470338
NC_043977.1	37215951	0.000538	0.009576
NC_043977.1	37215959	0.000437	0.008566
NC_043977.1	37216535	0.000548	0.009748
NC_043977.1	39240537	0.000607	0.011589
NC_043977.1	39923239	0.007858	0.464032
NC_043977.1	40257769	0.000609	0.327112
NC_043977.1	40611011	0.000681	0.012492
NC_043977.1	41104704	0.001328	0.029040
NC_043977.1	41104890	0.001382	0.029558
NC_043977.1	41104959	0.001608	0.031805
NC_043977.1	41105098	0.000425	0.008980
NC_043977.1	41105127	0.001504	0.029604
NC_043977.1	41105170	0.001576	0.031487
NC_043977.1	41105173	0.001617	0.031901
NC_043977.1	41105209	0.001298	0.026868
NC_043977.1	41443503	0.002139	0.036758
NC_043977.1	41708290	0.000631	0.329637
NC_043977.1	41708354	0.005165	0.210103
NC_043977.1	42078005	0.005657	0.208800
NC_043977.1	42086935	0.001419	0.030371
NC_043977.1	42086975	0.002150	0.036877
NC_043977.1	42087473	0.000751	0.013049
NC_043977.1	42087488	0.000512	0.293222
NC_043977.1	42093500	0.000672	0.012217
NC_043977.1	42108534	0.007357	0.437097
NC_043977.1	42108542	0.000437	0.008584
NC_043977.1	42108545	0.000413	0.008106
NC_043977.1	42252526	0.000325	0.006885
NC_043977.1	42252534	0.001456	0.029961
NC_043977.1	42945684	0.002197	0.036469
NC_043977.1	43285158	0.001546	0.031180
NC_043977.1	43404192	0.000622	0.011013
NC_043977.1	43555519	0.001594	0.031256
NC_043977.1	43555545	0.001761	0.032873
NC_043977.1	43555596	0.000558	0.009922
NC_043977.1	43555606	0.001985	0.034420
NC_043977.1	43558683	0.002058	0.035893
NC_043977.1	44106647	0.001493	0.030550
NC_043977.1	44106671	0.001415	0.030093
NC_043977.1	44106701	0.001842	0.033670
NC_043977.1	44474115	0.001842	0.033668
NC_043977.1	44550682	0.006629	0.064227
NC_043977.1	45442613	0.000541	0.010355
NC_043977.1	46549141	0.006500	0.067236
NC_043977.1	47498113	0.001797	0.032670
NC_043977.1	47746298	0.000706	0.013155
NC_043977.1	47746301	0.008116	0.466463
NC_043977.1	47746307	0.000960	0.025734
NC_043977.1	47906670	0.002091	0.035782
NC_043977.1	48481409	0.001999	0.035265
NC_043977.1	48687132	0.000575	0.010225
NC_043977.1	49156798	0.009398	0.094932
NC_043977.1	49376076	0.000584	0.010382
NC_043977.1	50330359	0.002149	0.035996
NC_043977.1	50404960	0.000466	0.010250
NC_043977.1	50404983	0.000452	0.009753
NC_043977.1	50405169	0.000434	0.009413
NC_043977.1	50440840	0.001390	0.029635
NC_043977.1	50440845	0.000400	0.008502
NC_043977.1	50440852	0.001554	0.030875
NC_043977.1	50454169	0.010176	0.502275
NC_043977.1	50619444	0.000625	0.016326
NC_043977.1	50619484	0.001263	0.028134
NC_043977.1	51198824	0.000595	0.011706
NC_043977.1	52354996	0.005714	0.066387
NC_043977.1	52666776	0.001922	0.035153
NC_043977.1	53246826	0.003138	0.043292
NC_043977.1	53246835	0.000508	0.009031
NC_043977.1	53246845	0.000530	0.010909
NC_043977.1	53246871	0.000366	0.008036
NC_043977.1	53246900	0.000339	0.007743
NC_043977.1	53246989	0.000422	0.008143
NC_043977.1	53263620	0.000993	0.018020
NC_043977.1	53288957	0.004541	0.416008
NC_043977.1	53746757	0.001855	0.033205
NC_043977.1	53746816	0.001334	0.029097
NC_043977.1	53795198	0.000555	0.010678
NC_043977.1	53795308	0.000386	0.008459
NC_043977.1	53800926	0.000406	0.008281
NC_043977.1	55236276	0.014917	0.486940
NC_043977.1	55412477	0.000264	0.005857
NC_043977.1	55412486	0.000277	0.006184
NC_043977.1	55850042	0.010487	0.142346
NC_043977.1	55850250	0.001601	0.031193
NC_043977.1	56156761	0.001987	0.034436
NC_043977.1	56157981	0.001716	0.032425
NC_043977.1	56158001	0.001739	0.032656
NC_043977.1	56161411	0.004421	0.473213
NC_043977.1	56161452	0.003272	0.501960
NC_043977.1	56186247	0.001583	0.031489
NC_043977.1	56186277	0.001721	0.032390
NC_043977.1	56189951	0.001893	0.033560
NC_043977.1	56190123	0.016033	0.501052
NC_043977.1	56190208	0.000337	0.007917
NC_043977.1	56448263	0.000609	0.011628
NC_043977.1	56448310	0.000349	0.008172
NC_043977.1	56784908	0.001734	0.032605
NC_043977.1	56949452	0.010398	0.092610
NC_043977.1	57272603	0.001939	0.033983
NC_043977.1	58028697	0.002206	0.036555
NC_043977.1	58028715	0.002061	0.035486
NC_043977.1	58028736	0.001899	0.034244
NC_043977.1	58028741	0.000419	0.009386
NC_043977.1	58028747	0.000425	0.009507
NC_043977.1	58138930	0.002001	0.034570
NC_043977.1	58584843	0.000045	0.002395
NC_043977.1	58629469	0.000366	0.007109
NC_043977.1	58640517	0.000598	0.017516
NC_043977.1	58640560	0.000374	0.010364
NC_043977.1	59160106	0.003445	0.048197
NC_043977.1	59160172	0.007847	0.144320
NC_043977.1	59160266	0.004452	0.235760
NC_043977.1	59160306	0.002589	0.160654
NC_043977.1	59160314	-0.000742	0.293619
NC_043977.1	59160342	-0.000688	0.249302
NC_043977.1	59160372	0.004294	0.057674
NC_043977.1	59160672	0.008744	0.088813
NC_043977.1	59160700	0.003612	0.049988
NC_043977.1	59160728	0.006035	0.143245
NC_043977.1	59160744	0.001106	0.027462
NC_043977.1	59161527	0.000535	0.009939
NC_043977.1	59206146	0.000292	0.007357
NC_043977.1	59206188	0.016544	0.505500
NC_043977.1	59206189	0.013967	0.504018
NC_043977.1	59206260	0.008407	0.176620
NC_043977.1	59206297	-0.000096	0.238801
NC_043977.1	59242580	0.004374	0.394717
NC_043977.1	59242588	0.000464	0.009970
NC_043977.1	59256639	0.010083	0.447439
NC_043977.1	59256674	0.000082	0.002702
NC_043977.1	59256713	0.000248	0.018123
NC_043977.1	59313521	0.001510	0.031370
NC_043977.1	59313536	0.001725	0.033019
NC_043977.1	59313619	0.005874	0.176182
NC_043977.1	59313708	0.004077	0.056881
NC_043977.1	59313785	0.005833	0.077347
NC_043977.1	59440072	0.009902	0.471605
NC_043977.1	59440082	0.000127	0.003244
NC_043977.1	59440083	-0.000764	0.287595
NC_043977.1	59440099	0.002719	0.043909
NC_043977.1	59440114	0.002548	0.501812
NC_043977.1	59440142	0.000148	0.003249
NC_043977.1	59440144	-0.000801	0.260289
NC_043977.1	59567632	0.003067	0.046187
NC_043977.1	59567727	0.000516	0.309057
NC_043977.1	59567973	0.001061	0.017607
NC_043977.1	59567980	0.007362	0.082468
NC_043977.1	59567982	-0.000421	0.262118
NC_043977.1	59567986	0.007232	0.405217
NC_043977.1	59568085	0.000059	0.002242
NC_043977.1	59568111	0.006364	0.087436
NC_043977.1	59568135	0.001767	0.204661
NC_043977.1	59568145	0.000011	0.318761
NC_043977.1	59568199	0.001254	0.028635
NC_043977.1	59568205	0.008729	0.119900
NC_043977.1	59568227	0.002372	0.352368
NC_043977.1	59568273	0.006646	0.081903
NC_043977.1	59568612	0.032569	0.515746
NC_043977.1	59568639	0.000098	0.003416
NC_043977.1	59568653	-0.000842	0.263277
NC_043977.1	59568681	-0.000352	0.256405
NC_043977.1	59570576	-0.000748	0.283347
NC_043977.1	59570586	0.000159	0.322163
NC_043977.1	59570628	0.002937	0.046094
NC_043977.1	59570633	0.002818	0.046139
NC_043977.1	59573405	0.000066	0.000565
NC_043977.1	59573433	0.000074	0.000742
NC_043977.1	59573439	0.000088	0.000965
NC_043977.1	59573444	0.000077	0.000656
NC_043977.1	59573650	0.000064	0.000652
NC_043977.1	59573663	0.000053	0.000554
NC_043977.1	59573680	0.000076	0.000799
NC_043977.1	59573685	0.000263	0.008777
NC_043977.1	59573718	0.000115	0.001808
NC_043977.1	59573721	0.000088	0.000787
NC_043977.1	59573725	0.000084	0.000717
NC_043977.1	59573744	0.000096	0.001108
NC_043977.1	59573748	0.000865	0.018392
NC_043977.1	59573754	0.000107	0.002101
NC_043977.1	59573784	0.017684	0.118106
NC_043977.1	59574948	0.000272	0.006656
NC_043977.1	59575063	-0.000368	0.240368
NC_043977.1	59575076	-0.001132	0.262320
NC_043977.1	59575105	0.046084	0.529171
NC_043977.1	59575117	0.007056	0.110624
NC_043977.1	59575148	0.011829	0.435160
NC_043977.1	59575156	0.000284	0.006340
NC_043977.1	59575170	0.003414	0.198611
NC_043977.1	59575278	0.007378	0.066995
NC_043977.1	59575313	0.007269	0.095781
NC_043977.1	59575604	0.000864	0.024381
NC_043977.1	59575619	0.001814	0.028737
NC_043977.1	59575620	0.000130	0.002888
NC_043977.1	59575632	0.000062	0.000935
NC_043977.1	59575648	0.000091	0.001875
NC_043977.1	59575656	0.000074	0.001228
NC_043977.1	59575659	0.000073	0.000769
NC_043977.1	59575662	0.000067	0.000774
NC_043977.1	59575673	0.000221	0.008164
NC_043977.1	59575678	0.000073	0.001066
NC_043977.1	59575692	0.002852	0.038984
NC_043977.1	59576389	0.000156	0.001389
NC_043977.1	59576400	0.000173	0.002061
NC_043977.1	59576431	0.000645	0.021321
NC_043977.1	59576435	0.000127	0.001879
NC_043977.1	59576460	0.000067	0.000627
NC_043977.1	59576462	0.000246	0.009291
NC_043977.1	59576466	0.000066	0.000589
NC_043977.1	59576472	0.000072	0.000615
NC_043977.1	59576491	0.000087	0.000698
NC_043977.1	59576497	0.000073	0.000628
NC_043977.1	59576510	0.000113	0.000889
NC_043977.1	59577441	0.000078	0.000641
NC_043977.1	59577444	0.000078	0.000642
NC_043977.1	59577500	0.000210	0.001185
NC_043977.1	59577515	0.000147	0.001069
NC_043977.1	59577549	0.000075	0.001190
NC_043977.1	59577587	0.000072	0.000735
NC_043977.1	59577590	0.000144	0.003012
NC_043977.1	59577591	0.000095	0.000861
NC_043977.1	59577595	0.000097	0.000863
NC_043977.1	59577600	0.000122	0.000962
NC_043977.1	59577601	0.000120	0.000869
NC_043977.1	59577608	0.000179	0.001021
NC_043977.1	59577628	0.000195	0.002242
NC_043977.1	59577631	0.000164	0.000946
NC_043977.1	59577646	0.000136	0.000930
NC_043977.1	59577653	0.000159	0.002855
NC_043977.1	59577670	0.000106	0.000735
NC_043977.1	59577705	0.000176	0.000973
NC_043977.1	59577716	0.000176	0.000966
NC_043977.1	59577755	0.000118	0.000877
NC_043977.1	59577765	0.000901	0.013077
NC_043977.1	59577918	0.000144	0.000894
NC_043977.1	59577935	0.000132	0.000828
NC_043977.1	59577949	0.000132	0.000828
NC_043977.1	59577961	0.000109	0.000747
NC_043977.1	59577966	0.000099	0.000708
NC_043977.1	59577992	0.000163	0.000921
NC_043977.1	59578007	0.000208	0.001077
NC_043977.1	59578023	0.000128	0.000835
NC_043977.1	59578066	0.000097	0.000710
NC_043977.1	59578067	0.000118	0.001052
NC_043977.1	59578100	0.000065	0.000572
NC_043977.1	59578162	0.000066	0.001486
NC_043977.1	59578169	0.000041	0.000442
NC_043977.1	59578179	0.000046	0.000466
NC_043977.1	59578208	0.000077	0.000614
NC_043977.1	59578278	0.000080	0.000628
NC_043977.1	59578302	0.000178	0.004218
NC_043977.1	59578304	0.000085	0.000702
NC_043977.1	59578314	0.000099	0.000716
NC_043977.1	59578335	0.000097	0.000699
NC_043977.1	59578338	0.000097	0.000716
NC_043977.1	59578344	0.000251	0.008480
NC_043977.1	59578348	0.000068	0.000578
NC_043977.1	59578445	0.000079	0.000793
NC_043977.1	59578449	0.000075	0.000609
NC_043977.1	59578468	0.000071	0.000597
NC_043977.1	59578469	0.000304	0.011755
NC_043977.1	59578475	0.000072	0.000662
NC_043977.1	59578476	0.000077	0.000912
NC_043977.1	59578477	0.000071	0.000615
NC_043977.1	59578486	0.000072	0.000657
NC_043977.1	59579910	0.000217	0.005401
NC_043977.1	59580476	0.000052	0.001147
NC_043977.1	59580480	0.008449	0.473528
NC_043977.1	59580491	0.002301	0.041038
NC_043977.1	59580529	0.004388	0.060660
NC_043977.1	59580567	0.000006	0.000307
NC_043977.1	59580582	0.000007	0.000254
NC_043977.1	59580602	0.000121	0.015928
NC_043977.1	59580684	0.002131	0.039814
NC_043977.1	59580715	0.006926	0.090709
NC_043977.1	59580728	0.006440	0.080422
NC_043977.1	59580831	0.011335	0.131053
NC_043977.1	59605164	0.000575	0.010219
NC_043977.1	59605178	0.000554	0.009864
NC_043977.1	59606656	0.001999	0.034549
NC_043977.1	59672788	0.000484	0.010607
NC_043977.1	59672846	0.000472	0.009876
NC_043977.1	59700307	0.000205	0.002889
NC_043977.1	59700310	0.000182	0.002109
NC_043977.1	59700319	0.007488	0.136369
NC_043977.1	59700327	0.000186	0.002223
NC_043977.1	59700345	0.000196	0.002500
NC_043977.1	59738351	0.000410	0.008535
NC_043977.1	59738389	0.001727	0.032447
NC_043978.1	40761	0.005010	0.059641
NC_043978.1	75818	0.000483	0.010017
NC_043978.1	85533	0.000599	0.012603
NC_043978.1	85534	0.006623	0.157330
NC_043978.1	85538	0.000610	0.325700
NC_043978.1	85542	0.005982	0.195864
NC_043978.1	85572	0.000321	0.005853
NC_043978.1	105360	0.004078	0.479995
NC_043978.1	105364	0.003773	0.480574
NC_043978.1	105660	0.003998	0.050208
NC_043978.1	111937	0.005713	0.471120
NC_043978.1	113110	0.007241	0.462189
NC_043978.1	113957	0.015702	0.447304
NC_043978.1	113970	0.010375	0.377218
NC_043978.1	114032	0.000876	0.181127
NC_043978.1	117069	0.003889	0.210115
NC_043978.1	117313	0.003556	0.091707
NC_043978.1	117355	0.005840	0.136572
NC_043978.1	117442	0.000414	0.008760
NC_043978.1	119591	0.000495	0.011908
NC_043978.1	119593	0.000287	0.005024
NC_043978.1	119625	0.006242	0.070496
NC_043978.1	119637	0.000199	0.004728
NC_043978.1	124017	0.000396	0.006799
NC_043978.1	124120	0.001633	0.268811
NC_043978.1	125646	-0.000259	0.300335
NC_043978.1	125678	0.031664	0.517497
NC_043978.1	125718	0.001878	0.030007
NC_043978.1	202926	0.005946	0.170057
NC_043978.1	220922	0.000129	0.001760
NC_043978.1	220926	0.000225	0.004920
NC_043978.1	220950	0.005467	0.028878
NC_043978.1	220956	0.000088	0.000834
NC_043978.1	236685	0.000446	0.010129
NC_043978.1	260653	0.000214	0.005896
NC_043978.1	260711	0.000168	0.004834
NC_043978.1	260712	0.000274	0.007599
NC_043978.1	260726	0.000108	0.003591
NC_043978.1	260747	0.004198	0.359363
NC_043978.1	260786	0.011634	0.299424
NC_043978.1	329354	0.004195	0.190113
NC_043978.1	329369	0.001673	0.031778
NC_043978.1	329733	0.001529	0.030250
NC_043978.1	1031872	0.023666	0.468658
NC_043978.1	1032029	0.000643	0.022737
NC_043978.1	1032032	0.006682	0.118491
NC_043978.1	1032084	0.001512	0.032791
NC_043978.1	1032468	0.003523	0.179150
NC_043978.1	1032469	-0.000422	0.239558
NC_043978.1	1193645	0.000287	0.008604
NC_043978.1	1193657	0.000361	0.009043
NC_043978.1	1401603	0.003356	0.046296
NC_043978.1	1401675	0.000207	0.004107
NC_043978.1	1401757	0.001470	0.030358
NC_043978.1	1569489	0.001379	0.029552
NC_043978.1	1570464	0.006622	0.078007
NC_043978.1	1570510	0.008481	0.090242
NC_043978.1	1570572	0.004256	0.052549
NC_043978.1	2221812	0.000520	0.010312
NC_043978.1	2333946	0.001236	0.028521
NC_043978.1	2333999	0.000307	0.007024
NC_043978.1	2334082	0.004927	0.054918
NC_043978.1	2334256	0.001031	0.026498
NC_043978.1	2518819	0.001842	0.033081
NC_043978.1	2865134	0.000617	0.010936
NC_043978.1	2904612	0.001459	0.029615
NC_043978.1	2904620	0.000399	0.006817
NC_043978.1	2906092	0.001223	0.020134
NC_043978.1	2907275	0.003391	0.052915
NC_043978.1	2907665	0.002886	0.051432
NC_043978.1	2908291	0.005404	0.179220
NC_043978.1	3076379	0.001434	0.029756
NC_043978.1	3310902	0.001230	0.027541
NC_043978.1	3311774	0.000369	0.006873
NC_043978.1	3314006	0.006821	0.074816
NC_043978.1	3314035	0.008153	0.082929
NC_043978.1	3314164	0.000626	0.011484
NC_043978.1	3315194	0.000348	0.355473
NC_043978.1	3315288	0.000316	0.005862
NC_043978.1	3322039	0.006647	0.084056
NC_043978.1	3322067	0.017873	0.474457
NC_043978.1	3323489	0.000430	0.008856
NC_043978.1	3323655	0.000452	0.010026
NC_043978.1	3323824	0.000221	0.005053
NC_043978.1	3323831	0.015482	0.081603
NC_043978.1	3325445	0.007439	0.079289
NC_043978.1	3325471	0.008952	0.123306
NC_043978.1	3325477	0.007353	0.079615
NC_043978.1	3325493	0.000173	0.003391
NC_043978.1	3325538	0.008139	0.098606
NC_043978.1	3325849	0.001328	0.028422
NC_043978.1	3325951	0.001212	0.027394
NC_043978.1	3331480	0.003410	0.047938
NC_043978.1	3331494	0.000151	0.004575
NC_043978.1	3331540	0.010027	0.116988
NC_043978.1	3331541	0.005959	0.419807
NC_043978.1	3332805	0.012960	0.111895
NC_043978.1	3332867	0.001072	0.026245
NC_043978.1	3332931	0.001347	0.028566
NC_043978.1	3342260	0.000196	0.003085
NC_043978.1	3346006	0.001441	0.029686
NC_043978.1	3346021	0.000542	0.011046
NC_043978.1	3347204	0.009923	0.481449
NC_043978.1	3347603	0.008533	0.084006
NC_043978.1	3358582	0.002199	0.036535
NC_043978.1	3359168	0.007714	0.106415
NC_043978.1	3359198	0.004864	0.169316
NC_043978.1	3359316	0.006725	0.109007
NC_043978.1	3359609	0.008006	0.125249
NC_043978.1	3360812	0.007999	0.087383
NC_043978.1	3362073	0.000354	0.007216
NC_043978.1	3362656	0.000569	0.012016
NC_043978.1	3362759	0.000346	0.371944
NC_043978.1	3362772	0.006730	0.071997
NC_043978.1	3362919	0.010035	0.102537
NC_043978.1	3363076	0.000298	0.004454
NC_043978.1	3363163	0.006287	0.074121
NC_043978.1	3363181	0.006737	0.168339
NC_043978.1	3363481	0.051147	0.240263
NC_043978.1	3364442	0.005695	0.072604
NC_043978.1	3364653	0.000574	0.015801
NC_043978.1	3366043	0.006318	0.074320
NC_043978.1	3366065	0.007037	0.163742
NC_043978.1	3366086	0.007116	0.079821
NC_043978.1	3368938	0.007390	0.091893
NC_043978.1	3369113	0.008549	0.081858
NC_043978.1	3369147	0.001274	0.027916
NC_043978.1	3371864	0.007774	0.048147
NC_043978.1	3372313	0.006440	0.071426
NC_043978.1	3372380	0.010059	0.103357
NC_043978.1	3372407	0.000657	0.335091
NC_043978.1	3372429	0.001266	0.028215
NC_043978.1	3385558	-0.000138	0.275914
NC_043978.1	3386473	0.001288	0.028047
NC_043978.1	3386851	0.001304	0.028188
NC_043978.1	3386862	0.000379	0.006149
NC_043978.1	3387712	0.001164	0.011267
NC_043978.1	3387725	0.006633	0.075618
NC_043978.1	3388468	0.006056	0.171289
NC_043978.1	3388545	0.011228	0.103722
NC_043978.1	3390434	0.001016	0.025547
NC_043978.1	3390438	0.000277	0.003479
NC_043978.1	3390621	0.001119	0.026591
NC_043978.1	3390708	0.012518	0.124779
NC_043978.1	3577146	0.001853	0.034384
NC_043978.1	3690609	0.000461	0.009666
NC_043978.1	3848584	0.002450	0.038960
NC_043978.1	3848600	0.000555	0.010714
NC_043978.1	4633887	0.002095	0.036279
NC_043978.1	4633910	0.000555	0.010727
NC_043978.1	4633913	0.001994	0.035211
NC_043978.1	5476935	0.002129	0.035804
NC_043978.1	5554298	0.002123	0.035741
NC_043978.1	6094365	0.002176	0.036265
NC_043978.1	6379712	0.000570	0.010147
NC_043978.1	6419055	0.001850	0.033160
NC_043978.1	6490204	0.000448	0.008793
NC_043978.1	6490210	0.001700	0.032270
NC_043978.1	6490267	0.001693	0.032207
NC_043978.1	6498560	0.002129	0.036173
NC_043978.1	6498910	0.001656	0.031752
NC_043978.1	6499824	0.001853	0.034691
NC_043978.1	6500534	0.002138	0.035730
NC_043978.1	6501832	0.001679	0.033304
NC_043978.1	6501936	0.000708	0.013214
NC_043978.1	6501990	0.001902	0.034733
NC_043978.1	6502028	0.000531	0.010605
NC_043978.1	6502039	0.001953	0.035106
NC_043978.1	6502078	0.006140	0.068873
NC_043978.1	6502092	0.001689	0.032858
NC_043978.1	6577562	0.001865	0.033292
NC_043978.1	6644533	0.001710	0.032282
NC_043978.1	6644731	0.001549	0.030836
NC_043978.1	6645396	0.001999	0.034557
NC_043978.1	6645403	0.002067	0.035197
NC_043978.1	6654318	0.000623	0.011039
NC_043978.1	6791848	0.000087	0.305333
NC_043978.1	6791950	0.001768	0.032937
NC_043978.1	6792028	0.001598	0.032133
NC_043978.1	6828204	0.000473	0.009893
NC_043978.1	6828374	0.000467	0.009141
NC_043978.1	6828667	0.001150	0.027648
NC_043978.1	6895797	0.001998	0.034541
NC_043978.1	6895890	0.002096	0.035475
NC_043978.1	6926131	0.001677	0.032974
NC_043978.1	7050994	0.001740	0.033169
NC_043978.1	7051012	0.001674	0.032484
NC_043978.1	7053521	0.001899	0.034246
NC_043978.1	7053540	0.001858	0.033830
NC_043978.1	7053652	0.000601	0.010674
NC_043978.1	7053722	0.000469	0.010335
NC_043978.1	7054157	0.001841	0.033659
NC_043978.1	7054717	0.000478	0.010236
NC_043978.1	7069437	0.000573	0.010183
NC_043978.1	7069540	0.002137	0.035875
NC_043978.1	7299842	0.001960	0.034050
NC_043978.1	7629092	0.001056	0.026692
NC_043978.1	7629118	0.003904	0.417916
NC_043978.1	7629120	0.011109	0.506476
NC_043978.1	7731576	0.000494	0.009946
NC_043978.1	7731585	0.001807	0.033574
NC_043978.1	7933127	0.002453	0.039105
NC_043978.1	8045838	0.009676	0.102435
NC_043978.1	8047256	0.008543	0.093736
NC_043978.1	8047352	0.001433	0.031021
NC_043978.1	8050032	0.000284	0.287893
NC_043978.1	8547353	0.001691	0.031595
NC_043978.1	8547372	0.000359	0.007363
NC_043978.1	8547379	0.000368	0.007555
NC_043978.1	8611082	0.002820	0.414312
NC_043978.1	8728409	0.000434	0.010131
NC_043978.1	8737563	0.000507	0.010497
NC_043978.1	8737611	0.000518	0.010652
NC_043978.1	8737646	0.001777	0.033659
NC_043978.1	8737699	0.000363	0.009103
NC_043978.1	8780552	0.000182	0.274517
NC_043978.1	8780585	0.000935	0.275645
NC_043978.1	8798556	0.000514	0.010623
NC_043978.1	8798614	0.003708	0.385159
NC_043978.1	8800758	0.002279	0.037216
NC_043978.1	8801177	0.000424	0.008950
NC_043978.1	8801188	0.001647	0.032211
NC_043978.1	8801196	0.001383	0.024797
NC_043978.1	8960357	0.001960	0.034866
NC_043978.1	8968541	0.001398	0.030011
NC_043978.1	8968663	0.000422	0.008158
NC_043978.1	8968714	0.001660	0.032330
NC_043978.1	8968860	0.005051	0.051767
NC_043978.1	8968954	0.000319	0.007759
NC_043978.1	8969094	0.000454	0.009287
NC_043978.1	8971401	0.001870	0.034890
NC_043978.1	9006081	0.000518	0.009649
NC_043978.1	9006397	0.002162	0.036121
NC_043978.1	9009024	0.001715	0.032914
NC_043978.1	9009092	0.000581	0.010328
NC_043978.1	9009121	0.002009	0.034645
NC_043978.1	9009153	0.000384	0.008911
NC_043978.1	9009276	0.000897	0.016144
NC_043978.1	9050985	0.002007	0.034624
NC_043978.1	9065257	0.000388	0.008240
NC_043978.1	9409308	0.001585	0.031173
NC_043978.1	9420609	0.001728	0.034281
NC_043978.1	9425020	0.006411	0.494558
NC_043978.1	9425044	0.004066	0.051103
NC_043978.1	9449193	0.000493	0.009931
NC_043978.1	9450758	0.006469	0.064772
NC_043978.1	9450763	0.001649	0.031979
NC_043978.1	9450876	0.000458	0.008971
NC_043978.1	9450901	0.002081	0.035334
NC_043978.1	9462737	0.001854	0.033194
NC_043978.1	9470955	0.001819	0.033445
NC_043978.1	9470982	0.002058	0.035111
NC_043978.1	9473620	0.000447	0.008766
NC_043978.1	9474056	0.001738	0.032121
NC_043978.1	9490908	0.000659	0.012014
NC_043978.1	9502324	0.000888	0.016503
NC_043978.1	9502378	0.000637	0.012089
NC_043978.1	9502701	0.000965	0.016202
NC_043978.1	9583106	0.001737	0.032117
NC_043978.1	9593364	0.000403	0.007885
NC_043978.1	9593370	0.000410	0.008035
NC_043978.1	9593455	0.003885	0.051320
NC_043978.1	9593555	0.000445	0.007832
NC_043978.1	9596500	0.000516	0.010346
NC_043978.1	9605425	0.000601	0.010667
NC_043978.1	9605502	0.002049	0.035031
NC_043978.1	9777755	0.002152	0.036905
NC_043978.1	9784066	0.000276	0.007580
NC_043978.1	9792674	0.001238	0.028359
NC_043978.1	9811774	0.002064	0.035513
NC_043978.1	9811802	0.001964	0.034219
NC_043978.1	9812699	0.001559	0.030931
NC_043978.1	9989218	0.001568	0.032013
NC_043978.1	9989225	0.012195	0.455248
NC_043978.1	10036717	0.000430	0.008437
NC_043978.1	10258560	0.000336	0.009834
NC_043978.1	10258572	0.000126	0.003226
NC_043978.1	10258588	0.000417	0.011720
NC_043978.1	10258602	0.000075	0.001964
NC_043978.1	10258623	0.000052	0.001104
NC_043978.1	10258635	0.000309	0.018578
NC_043978.1	10258674	0.000031	0.001058
NC_043978.1	10258698	0.000490	0.020708
NC_043978.1	10258704	0.000471	0.020954
NC_043978.1	10288922	0.000564	0.010028
NC_043978.1	10333640	0.001843	0.034968
NC_043978.1	10333657	0.001764	0.034027
NC_043978.1	10337358	0.001724	0.032512
NC_043978.1	10340824	0.013338	0.084834
NC_043978.1	10346128	0.000689	0.012920
NC_043978.1	10346166	0.000739	0.013701
NC_043978.1	10395077	0.001956	0.034145
NC_043978.1	10485350	0.001599	0.030873
NC_043978.1	10623263	0.006661	0.068665
NC_043978.1	11018120	0.000490	0.010195
NC_043978.1	11116381	0.001728	0.250835
NC_043978.1	11116444	0.001467	0.029158
NC_043978.1	11225653	0.000501	0.010657
NC_043978.1	11225683	0.000627	0.012566
NC_043978.1	11435759	0.001889	0.034145
NC_043978.1	11521365	0.013573	0.506965
NC_043978.1	11521399	0.012969	0.478617
NC_043978.1	11521412	0.000191	0.362979
NC_043978.1	11521446	0.011822	0.506298
NC_043978.1	11521531	0.003433	0.428541
NC_043978.1	11637021	0.001044	0.018528
NC_043978.1	11640300	0.001726	0.032526
NC_043978.1	11647554	0.001974	0.034318
NC_043978.1	11647556	0.000548	0.009762
NC_043978.1	11649041	0.001611	0.032280
NC_043978.1	11649245	0.023779	0.369760
NC_043978.1	11649450	0.009320	0.096437
NC_043978.1	11674459	-0.000015	0.295049
NC_043978.1	11947371	0.002031	0.035599
NC_043978.1	11947496	0.000492	0.009605
NC_043978.1	11948272	0.001911	0.033725
NC_043978.1	11951931	0.001939	0.034652
NC_043978.1	11957216	0.001897	0.033589
NC_043978.1	12030866	0.000548	0.010591
NC_043978.1	12031322	0.003402	0.026006
NC_043978.1	12034586	0.001423	0.029796
NC_043978.1	12034645	0.001191	0.027741
NC_043978.1	12034653	0.000260	0.005852
NC_043978.1	12036024	0.000591	0.010492
NC_043978.1	12058376	0.000523	0.010159
NC_043978.1	12086837	0.001545	0.031164
NC_043978.1	12633742	0.006426	0.062958
NC_043978.1	12634135	0.001724	0.032007
NC_043978.1	12752157	0.000833	0.014270
NC_043978.1	12752277	0.001032	0.018318
NC_043978.1	12813615	0.000368	0.009351
NC_043978.1	12890698	0.000534	0.009498
NC_043978.1	12891102	0.001931	0.033912
NC_043978.1	12891304	0.001918	0.034438
NC_043978.1	13016154	0.001821	0.032771
NC_043978.1	13077317	0.001962	0.034205
NC_043978.1	13128331	0.001997	0.035250
NC_043978.1	13219080	0.000593	0.011356
NC_043978.1	13377391	0.000538	0.009582
NC_043978.1	14042126	0.001557	0.031571
NC_043978.1	14245210	0.001626	0.032676
NC_043978.1	14391442	0.000450	0.007922
NC_043978.1	14391653	0.005006	0.057747
NC_043978.1	14391657	0.008163	0.158391
NC_043978.1	14391726	0.001430	0.030683
NC_043978.1	14489785	0.000524	0.010181
NC_043978.1	14489803	0.001899	0.034240
NC_043978.1	14489822	0.001797	0.033227
NC_043978.1	14489827	0.011352	0.099998
NC_043978.1	14490131	0.005881	0.062151
NC_043978.1	15137337	0.001999	0.034549
NC_043978.1	15244898	0.000392	0.009313
NC_043978.1	15710724	0.000311	0.007665
NC_043978.1	15710855	0.001646	0.032192
NC_043978.1	15866064	0.003038	0.276573
NC_043978.1	15866067	0.000637	0.336484
NC_043978.1	16078981	0.004473	0.248587
NC_043978.1	16170043	0.000253	0.006810
NC_043978.1	16170327	0.011325	0.131919
NC_043978.1	16170331	0.010541	0.144269
NC_043978.1	16170399	-0.000016	0.285919
NC_043978.1	16396603	0.000637	0.011263
NC_043978.1	16396627	0.002100	0.035514
NC_043978.1	16398548	0.002658	0.216566
NC_043978.1	16398725	0.000403	0.008805
NC_043978.1	16398843	0.000495	0.008789
NC_043978.1	16399453	0.001720	0.032466
NC_043978.1	16399539	0.001903	0.033615
NC_043978.1	16448116	0.000441	0.009284
NC_043978.1	16681751	0.001940	0.033998
NC_043978.1	16681913	0.011302	0.099319
NC_043978.1	16682257	0.000401	0.008765
NC_043978.1	16682281	0.000394	0.008324
NC_043978.1	16682459	0.000521	0.010129
NC_043978.1	17072660	0.000493	0.008761
NC_043978.1	17072688	0.000396	0.008063
NC_043978.1	17072906	0.008612	0.090330
NC_043978.1	17228543	0.000502	0.010414
NC_043978.1	17228823	0.000633	0.011195
NC_043978.1	17285158	0.014856	0.502530
NC_043978.1	17302917	0.002019	0.034741
NC_043978.1	17318455	0.001508	0.031160
NC_043978.1	17318795	0.001819	0.033437
NC_043978.1	17318928	0.001593	0.031654
NC_043978.1	17319271	0.009654	0.098713
NC_043978.1	17319291	0.002698	0.041858
NC_043978.1	17319364	0.001819	0.033691
NC_043978.1	17428231	0.001587	0.031368
NC_043978.1	17428447	0.001799	0.033248
NC_043978.1	17428460	0.001608	0.031801
NC_043978.1	17428557	0.000782	0.014837
NC_043978.1	17429380	0.000512	0.010589
NC_043978.1	17429429	0.000526	0.010213
NC_043978.1	17473160	0.007249	0.493064
NC_043978.1	17605059	0.001515	0.031237
NC_043978.1	17605061	0.001550	0.031609
NC_043978.1	17605262	0.001327	0.029287
NC_043978.1	17605335	0.005168	0.059403
NC_043978.1	17605526	0.001142	0.027614
NC_043978.1	17605625	0.000780	0.016137
NC_043978.1	18179321	0.002238	0.036880
NC_043978.1	18400479	0.000024	0.001043
NC_043978.1	19121325	0.000499	0.009299
NC_043978.1	19121338	0.000801	0.014662
NC_043978.1	19459912	0.001923	0.033838
NC_043978.1	19566609	0.000549	0.010613
NC_043978.1	19566766	0.000739	0.012865
NC_043978.1	19566872	0.001571	0.030628
NC_043978.1	19567054	0.000409	0.008011
NC_043978.1	19567102	0.000256	0.005211
NC_043978.1	20643343	0.001578	0.031108
NC_043978.1	20643419	0.001450	0.029909
NC_043978.1	20643428	0.000451	0.007953
NC_043978.1	20643465	0.001515	0.030513
NC_043978.1	21409023	0.001860	0.033247
NC_043978.1	21923160	0.001999	0.035266
NC_043978.1	22187610	0.007682	0.162653
NC_043978.1	22348339	0.000387	0.008749
NC_043978.1	22530371	0.009822	0.464262
NC_043978.1	22530380	0.000841	0.380694
NC_043978.1	22601262	0.001433	0.030064
NC_043978.1	22802441	0.001931	0.034570
NC_043978.1	23240917	-0.000047	0.267880
NC_043978.1	23479652	0.002357	0.371333
NC_043978.1	23479662	0.000425	0.009458
NC_043978.1	23479666	0.000725	0.013477
NC_043978.1	23513377	0.000608	0.010778
NC_043978.1	23705731	0.001614	0.031009
NC_043978.1	23876740	0.008190	0.441405
NC_043978.1	23876822	0.000045	0.001144
NC_043978.1	23878902	0.000135	0.006011
NC_043978.1	23878917	0.000038	0.000972
NC_043978.1	23878918	0.000036	0.000456
NC_043978.1	23878934	0.008560	0.378316
NC_043978.1	23878939	0.000025	0.000370
NC_043978.1	23878965	0.000019	0.000369
NC_043978.1	23878966	0.000018	0.000303
NC_043978.1	23878974	0.001094	0.354585
NC_043978.1	23878975	0.005365	0.073305
NC_043978.1	23879006	0.000040	0.000934
NC_043978.1	23879032	0.000056	0.000723
NC_043978.1	23879054	0.012345	0.256145
NC_043978.1	23879935	0.008585	0.152911
NC_043978.1	23882634	0.000036	0.000712
NC_043978.1	23882637	0.000036	0.000713
NC_043978.1	23882688	0.000019	0.000353
NC_043978.1	23882693	0.000029	0.000587
NC_043978.1	23882754	0.000079	0.001448
NC_043978.1	23882760	0.002780	0.193406
NC_043978.1	23884091	0.010017	0.111409
NC_043978.1	23884107	-0.000957	0.282423
NC_043978.1	25253686	0.001907	0.034327
NC_043978.1	25438666	0.000568	0.010520
NC_043978.1	25439832	0.000562	0.010620
NC_043978.1	25440510	0.001124	0.021418
NC_043978.1	25443084	0.000591	0.010490
NC_043978.1	25752707	0.000569	0.289327
NC_043978.1	25752980	0.001669	0.032282
NC_043978.1	25753499	0.005889	0.059501
NC_043978.1	25872045	0.000473	0.008368
NC_043978.1	26123091	0.001826	0.033765
NC_043978.1	26289191	0.006671	0.064541
NC_043978.1	26289328	0.000363	0.007730
NC_043978.1	26289453	0.000981	0.017470
NC_043978.1	26415243	0.000487	0.009508
NC_043978.1	26645176	0.001877	0.033411
NC_043978.1	27492596	0.000612	0.010850
NC_043978.1	27660101	0.000602	0.011081
NC_043978.1	28092744	0.001929	0.033889
NC_043978.1	28092764	0.001548	0.030825
NC_043978.1	28092793	0.001597	0.030852
NC_043978.1	28173397	0.001959	0.034169
NC_043978.1	28779033	0.001347	0.029228
NC_043978.1	29702805	0.001619	0.031682
NC_043978.1	30184925	0.000574	0.010206
NC_043978.1	30753427	0.001639	0.031878
NC_043978.1	31241026	0.002180	0.036302
NC_043978.1	31835322	0.001538	0.031479
NC_043978.1	31835713	0.000565	0.010062
NC_043978.1	32772648	0.002148	0.385607
NC_043978.1	33283242	0.002273	0.037234
NC_043978.1	33650877	0.001822	0.033473
NC_043978.1	33923763	0.000529	0.010902
NC_043978.1	35883021	0.002465	0.039231
NC_043978.1	38002792	0.000467	0.009771
NC_043978.1	39040271	0.008956	0.095147
NC_043978.1	40148627	0.000146	0.016398
NC_043978.1	40148631	0.000143	0.016555
NC_043978.1	40227539	0.002112	0.035636
NC_043978.1	40434682	0.001616	0.031449
NC_043978.1	40434837	0.000287	0.006662
NC_043978.1	40791020	0.000479	0.010522
NC_043978.1	42313642	0.002150	0.036877
NC_043978.1	42313880	0.000398	0.007800
NC_043978.1	42313919	0.007474	0.214852
NC_043978.1	42314266	0.001688	0.031673
NC_043978.1	42843221	0.001831	0.032984
NC_043978.1	42862009	0.008006	0.187848
NC_043978.1	43680345	0.002104	0.035555
NC_043978.1	43680717	0.001405	0.029785
NC_043978.1	43680725	0.006112	0.078358
NC_043978.1	43681053	0.000520	0.009262
NC_043978.1	43681205	0.000225	0.005648
NC_043978.1	43681228	0.000229	0.005318
NC_043978.1	43681364	0.001272	0.028892
NC_043978.1	43681745	0.006084	0.063805
NC_043978.1	44438921	0.000632	0.011176
NC_043978.1	44438933	0.002242	0.036919
NC_043978.1	44553403	0.000527	0.009373
NC_043978.1	44940949	0.001416	0.030536
NC_043978.1	45182825	0.010363	0.488790
NC_043978.1	46134997	0.001796	0.033212
NC_043978.1	46214068	0.002247	0.037959
NC_043978.1	46586884	0.001685	0.032460
NC_043978.1	46818397	0.003915	0.051135
NC_043978.1	46818563	0.002024	0.034790
NC_043978.1	46818759	0.000329	0.007749
NC_043978.1	46897125	0.014426	0.503749
NC_043978.1	47009984	0.001632	0.031811
NC_043978.1	47294565	0.000239	0.003994
NC_043978.1	47294581	0.000091	0.001184
NC_043978.1	47294606	0.000809	0.008116
NC_043978.1	47294612	0.000058	0.000561
NC_043978.1	47319268	0.000476	0.008424
NC_043978.1	47700447	0.000884	0.015870
NC_043978.1	47700481	0.000577	0.010262
NC_043978.1	47738669	0.004998	0.057647
NC_043978.1	47738785	0.000424	0.010115
NC_043978.1	47738898	0.001618	0.031973
NC_043978.1	47758162	0.000480	0.010274
NC_043978.1	47758246	0.000636	0.011237
NC_043978.1	48376196	0.000681	0.014106
NC_043978.1	48376320	0.002014	0.034693
NC_043978.1	48376638	0.001748	0.032217
NC_043978.1	48550867	0.000304	0.006960
NC_043978.1	48550872	0.005903	0.413468
NC_043978.1	48644988	0.007765	0.151948
NC_043978.1	49002800	0.001971	0.034981
NC_043978.1	49196721	0.007197	0.068576
NC_043978.1	49196744	0.015178	0.493401
NC_043978.1	49704030	0.002288	0.037380
NC_043978.1	49882469	0.000356	0.008103
NC_043978.1	49882507	0.000379	0.007405
NC_043978.1	49882521	0.000266	0.006241
NC_043978.1	51466055	0.002160	0.036100
NC_043978.1	51466065	0.002148	0.035987
NC_043978.1	52131060	0.007206	0.068639
NC_043978.1	52420584	0.000630	0.011152
NC_043978.1	52512098	0.000520	0.010412
NC_043978.1	53419387	0.001488	0.030603
NC_043978.1	54458470	0.001876	0.237660
NC_043978.1	54458649	0.002263	0.246873
NC_043978.1	54458704	0.001537	0.031089
NC_043978.1	54458775	0.000317	0.007256
NC_043978.1	55226513	-0.001028	0.275266
NC_043978.1	55351995	0.000246	0.004955
NC_043978.1	55671380	0.000113	0.004521
NC_043978.1	55671391	0.000069	0.003147
NC_043978.1	55671394	0.000088	0.003396
NC_043978.1	55765973	0.000408	0.014215
NC_043978.1	55765996	0.010109	0.149941
NC_043978.1	55766048	0.002950	0.187572
NC_043978.1	55817100	0.000114	0.003572
NC_043978.1	55817107	0.000096	0.003275
NC_043978.1	55817498	0.000076	0.002297
NC_043978.1	55817534	0.000053	0.001853
NC_043978.1	55817579	0.000052	0.002065
NC_043978.1	55979233	0.049328	0.259712
NC_043978.1	55983634	0.001157	0.027909
NC_043978.1	56290238	0.000082	0.001981
NC_043978.1	56290240	0.000081	0.001952
NC_043978.1	56290267	0.000130	0.004912
NC_043978.1	56293252	0.000134	0.000915
NC_043978.1	56293275	0.000163	0.000934
NC_043978.1	56293300	0.000117	0.000777
NC_043978.1	56293330	0.000063	0.000550
NC_043978.1	56293406	0.000135	0.000932
NC_043978.1	56293413	0.000125	0.001414
NC_043978.1	56293901	0.000179	0.001027
NC_043978.1	56293979	0.000087	0.001150
NC_043978.1	56298680	0.000031	0.000472
NC_043978.1	56298724	0.000067	0.001111
NC_043978.1	56300939	0.000232	0.002035
NC_043978.1	56300967	0.000144	0.000908
NC_043978.1	56300978	0.000169	0.001942
NC_043978.1	56300982	0.000144	0.000916
NC_043978.1	56303236	0.000074	0.000725
NC_043978.1	56303404	0.004955	0.059626
NC_043978.1	56303438	0.001938	0.007685
NC_043978.1	56303464	0.000112	0.000842
NC_043978.1	56303477	0.000135	0.000959
NC_043978.1	56303549	0.000302	0.006547
NC_043978.1	56303552	0.000419	0.008491
NC_043978.1	56303555	0.000180	0.001069
NC_043978.1	56303556	0.000180	0.001072
NC_043978.1	56303606	0.000259	0.008075
NC_043978.1	56303619	0.000226	0.002595
NC_043979.1	92891	0.000516	0.009606
NC_043979.1	103329	0.000285	0.005062
NC_043979.1	103967	0.001775	0.033548
NC_043979.1	104446	0.001677	0.031573
NC_043979.1	404611	0.001110	0.021907
NC_043979.1	404637	0.007540	0.184030
NC_043979.1	456530	0.005193	0.120643
NC_043979.1	456536	0.015878	0.430072
NC_043979.1	717667	0.007314	0.148822
NC_043979.1	753676	0.002032	0.035611
NC_043979.1	789833	0.001962	0.034206
NC_043979.1	961463	0.000048	0.002220
NC_043979.1	962415	0.003206	0.182659
NC_043979.1	962426	0.000217	0.005975
NC_043979.1	1429117	0.000179	0.002904
NC_043979.1	1429129	0.010162	0.256987
NC_043979.1	1429142	0.000878	0.022142
NC_043979.1	1593897	0.000115	0.002996
NC_043979.1	1593932	0.000168	0.002619
NC_043979.1	1593933	0.010237	0.151519
NC_043979.1	1594290	0.000097	0.002777
NC_043979.1	1594302	0.000720	0.016611
NC_043979.1	1594320	0.003975	0.230335
NC_043979.1	1594332	0.000904	0.017741
NC_043979.1	1651293	0.000588	0.010439
NC_043979.1	1768396	0.000569	0.361766
NC_043979.1	1768400	0.000039	0.294393
NC_043979.1	1768403	0.000267	0.006626
NC_043979.1	1845482	0.000353	0.019423
NC_043979.1	2023513	0.000660	0.023067
NC_043979.1	2272031	0.001713	0.031898
NC_043979.1	2403115	0.000538	0.010423
NC_043979.1	2779372	0.000068	0.002093
NC_043979.1	2779390	0.000053	0.001126
NC_043979.1	2779400	0.000055	0.001215
NC_043979.1	2779438	0.000234	0.003201
NC_043979.1	5996353	0.000497	0.010326
NC_043979.1	5996356	0.010143	0.408076
NC_043979.1	6816499	0.001619	0.031916
NC_043979.1	8238861	0.002183	0.036632
NC_043979.1	8238907	0.001144	0.026866
NC_043979.1	8248102	0.001293	0.028346
NC_043979.1	8253202	0.001173	0.026389
NC_043979.1	8254805	0.005178	0.063220
NC_043979.1	8254896	0.001605	0.178128
NC_043979.1	8254901	0.006244	0.099941
NC_043979.1	8254902	0.006114	0.155915
NC_043979.1	8254988	0.000952	0.026369
NC_043979.1	8255134	0.044724	0.277789
NC_043979.1	8255200	0.010111	0.146429
NC_043979.1	8255299	0.007766	0.171759
NC_043979.1	8255917	0.007608	0.120739
NC_043979.1	8255922	0.008123	0.468464
NC_043979.1	8255926	0.000590	0.013747
NC_043979.1	8255944	0.001149	0.027321
NC_043979.1	8256115	0.003597	0.047721
NC_043979.1	8256176	0.006200	0.073907
NC_043979.1	8256447	0.007262	0.078288
NC_043979.1	8282992	0.000609	0.010786
NC_043979.1	8282994	0.007234	0.074035
NC_043979.1	8283023	0.008497	0.149066
NC_043979.1	8617998	0.009815	0.101231
NC_043979.1	8618074	0.001058	0.026421
NC_043979.1	8618108	0.011048	0.113635
NC_043979.1	8618120	0.010318	0.116507
NC_043979.1	8618259	0.001470	0.030423
NC_043979.1	8621364	0.001585	0.030746
NC_043979.1	8622893	0.000248	0.003937
NC_043979.1	8622904	0.002660	0.040528
NC_043979.1	8622911	0.008238	0.096537
NC_043979.1	8622918	0.007618	0.088840
NC_043979.1	8622928	0.005026	0.062924
NC_043979.1	8622933	0.006868	0.078568
NC_043979.1	8625295	0.000580	0.012397
NC_043979.1	8625346	0.004302	0.054548
NC_043979.1	8625388	0.009327	0.107361
NC_043979.1	8625431	0.011118	0.099247
NC_043979.1	8631199	0.001210	0.027374
NC_043979.1	8631517	0.010100	0.105270
NC_043979.1	8631551	0.008008	0.083265
NC_043979.1	8632142	0.000333	0.006369
NC_043979.1	8638606	0.000580	0.011967
NC_043979.1	9105368	0.000486	0.009489
NC_043979.1	9221215	0.000500	0.010065
NC_043979.1	9221227	0.001910	0.034646
NC_043979.1	9234220	0.001787	0.033121
NC_043979.1	9809116	0.001896	0.034211
NC_043979.1	10412072	0.000686	0.012052
NC_043979.1	10655121	0.002141	0.035919
NC_043979.1	10655128	0.002169	0.036197
NC_043979.1	11037346	0.000763	0.014122
NC_043979.1	11037375	0.002017	0.036244
NC_043979.1	11037378	0.000621	0.011824
NC_043979.1	11927651	0.001121	0.027051
NC_043979.1	12005361	0.000307	0.008076
NC_043979.1	12229843	0.001310	0.029684
NC_043979.1	12229858	0.002682	0.236445
NC_043979.1	13647075	0.001463	0.029962
NC_043979.1	13679561	0.001381	0.030301
NC_043979.1	13684377	0.000489	0.008683
NC_043979.1	14117557	0.001874	0.033991
NC_043979.1	15322143	0.002095	0.036162
NC_043979.1	15603330	0.001691	0.032662
NC_043979.1	15946395	0.000640	0.011309
NC_043979.1	15946396	0.002182	0.036316
NC_043979.1	16129077	0.004674	0.428090
NC_043979.1	16129097	0.001230	0.028316
NC_043979.1	16129104	0.000374	0.007965
NC_043979.1	16705971	0.004851	0.049558
NC_043979.1	16706056	0.000392	0.008272
NC_043979.1	16860875	0.000519	0.010087
NC_043979.1	19561918	0.008569	0.170296
NC_043979.1	19895464	0.007218	0.126277
NC_043979.1	19895524	0.000494	0.008178
NC_043979.1	20109900	0.000541	0.009639
NC_043979.1	20317756	0.011754	0.130412
NC_043979.1	20317762	0.000628	0.011935
NC_043979.1	20317910	0.006191	0.051184
NC_043979.1	20317926	0.005480	0.054195
NC_043979.1	20387252	0.000381	0.008619
NC_043979.1	20520294	0.002059	0.035122
NC_043979.1	20880063	0.001957	0.035550
NC_043979.1	20941655	0.007372	0.214721
NC_043979.1	20941678	0.001743	0.033209
NC_043979.1	21161821	0.000629	0.011128
NC_043979.1	21307867	0.001965	0.034916
NC_043979.1	21710264	0.000516	0.010337
NC_043979.1	21834458	0.001073	0.017798
NC_043979.1	21834522	0.001814	0.032828
NC_043979.1	21834536	0.001711	0.031880
NC_043979.1	21834951	0.000510	0.009064
NC_043979.1	21835233	0.000413	0.009004
NC_043979.1	23004801	0.002157	0.036957
NC_043979.1	23190879	0.010290	0.466887
NC_043979.1	23190886	0.009920	0.453626
NC_043979.1	23489238	0.001754	0.033900
NC_043979.1	23961647	0.006382	0.474660
NC_043979.1	24243238	0.002156	0.036068
NC_043979.1	25714934	0.000484	0.011080
NC_043979.1	26193514	0.001802	0.033837
NC_043979.1	26407933	0.000604	0.010721
NC_043979.1	27157234	0.000515	0.010316
NC_043979.1	27256336	0.002160	0.036103
NC_043979.1	27256363	0.000548	0.010602
NC_043979.1	27260091	0.002217	0.036664
NC_043979.1	27268586	0.002152	0.036023
NC_043979.1	27268631	0.002004	0.034921
NC_043979.1	27268647	0.000654	0.011534
NC_043979.1	27268657	0.007241	0.207253
NC_043979.1	27453574	0.005460	0.484734
NC_043979.1	27453686	0.001987	0.034435
NC_043979.1	27453897	0.006697	0.110480
NC_043979.1	29250769	0.000113	0.001868
NC_043979.1	29944036	0.002077	0.036094
NC_043979.1	30614967	0.002067	0.259454
NC_043979.1	30614987	0.002010	0.036173
NC_043979.1	30697325	0.005074	0.059994
NC_043979.1	30697348	0.001675	0.032242
NC_043979.1	30842625	0.000555	0.010719
NC_043979.1	31448671	0.001601	0.031329
NC_043979.1	31541915	0.000481	0.010027
NC_043979.1	33088390	0.001722	0.031984
NC_043979.1	34136450	0.002113	0.035641
NC_043979.1	34343714	0.029626	0.491139
NC_043979.1	34343731	0.001108	0.027698
NC_043979.1	35552044	0.002062	0.035934
NC_043979.1	35552136	0.003980	0.051382
NC_043979.1	35673348	0.000517	0.010058
NC_043979.1	36005851	0.001696	0.031753
NC_043979.1	36217120	0.001403	0.030710
NC_043979.1	36322292	0.002121	0.035725
NC_043979.1	36322769	0.007139	0.068101
NC_043979.1	37780741	0.001987	0.034442
NC_043979.1	38391103	0.001765	0.033442
NC_043979.1	38448467	0.000406	0.009588
NC_043979.1	38448748	0.005907	0.064893
NC_043979.1	38448956	0.001748	0.033831
NC_043979.1	38449100	0.001816	0.033984
NC_043979.1	38449291	0.001937	0.034934
NC_043979.1	38449304	0.001939	0.034959
NC_043979.1	38459478	0.001917	0.035103
NC_043979.1	38489176	0.000379	0.008048
NC_043979.1	38489473	0.000415	0.007201
NC_043979.1	38489636	0.000316	0.007230
NC_043979.1	38590219	0.008406	0.089169
NC_043979.1	38590245	0.004722	0.056261
NC_043979.1	38590279	0.002405	0.375717
NC_043979.1	38590442	0.007074	0.067598
NC_043979.1	38805339	0.004961	0.060791
NC_043979.1	38805656	-0.000221	0.288668
NC_043979.1	39877682	0.001851	0.034367
NC_043979.1	40351569	0.004763	0.054662
NC_043979.1	40436577	0.000351	0.248079
NC_043979.1	40436595	0.000354	0.221198
NC_043979.1	40436676	0.000150	0.003155
NC_043979.1	40436768	0.000060	0.001917
NC_043979.1	40436773	0.007259	0.158668
NC_043979.1	40436809	0.000128	0.002855
NC_043979.1	40436857	0.001034	0.026656
NC_043979.1	40436993	0.000110	0.003468
NC_043979.1	40437016	0.000062	0.002709
NC_043979.1	40437017	0.000452	0.195636
NC_043979.1	40437027	0.004054	0.063400
NC_043979.1	40676147	0.001748	0.032648
NC_043979.1	40756276	0.000529	0.009414
NC_043979.1	40759092	0.002539	0.025593
NC_043979.1	40759098	0.000892	0.015134
NC_043979.1	41098256	0.012051	0.127056
NC_043979.1	41365701	0.000488	0.009534
NC_043979.1	41409239	0.000664	0.011696
NC_043979.1	43212368	0.009160	0.090986
NC_043979.1	43212427	0.028039	0.509746
NC_043979.1	43336459	0.000541	0.009630
NC_043979.1	43336968	0.001604	0.031349
NC_043979.1	43413282	0.000487	0.008399
NC_043979.1	43413622	0.001934	0.033942
NC_043979.1	43626027	0.000952	0.025827
NC_043979.1	43626054	0.001124	0.027348
NC_043979.1	43626654	0.000324	0.007873
NC_043979.1	43824838	0.001397	0.029998
NC_043979.1	43824914	0.001672	0.029335
NC_043979.1	43824915	0.006776	0.459969
NC_043979.1	43825117	0.001485	0.030387
NC_043979.1	43825169	0.001830	0.033921
NC_043979.1	43825249	0.001239	0.028497
NC_043979.1	43825298	0.001127	0.027418
NC_043979.1	43825952	0.000283	0.006699
NC_043979.1	43826001	0.000519	0.009241
NC_043979.1	43826414	0.000526	0.010847
NC_043979.1	43826447	0.000453	0.009507
NC_043979.1	43826478	0.001980	0.034377
NC_043979.1	43850991	0.001800	0.033249
NC_043979.1	43862341	0.001505	0.030032
NC_043979.1	43862631	0.001505	0.030422
NC_043979.1	43863189	0.001699	0.031772
NC_043979.1	44212291	0.008764	0.085386
NC_043979.1	44212318	0.002090	0.035424
NC_043979.1	44259215	0.001614	0.032064
NC_043979.1	44495977	0.001745	0.033223
NC_043979.1	44548877	0.007405	0.070253
NC_043979.1	44548888	0.001619	0.030345
NC_043979.1	44671513	0.001858	0.033826
NC_043979.1	44687315	0.001879	0.033423
NC_043979.1	44783662	0.001277	0.022829
NC_043979.1	44783710	0.001801	0.476319
NC_043979.1	44783732	0.000182	0.003929
NC_043979.1	44890344	0.001982	0.032843
NC_043979.1	44988612	0.001659	0.032541
NC_043979.1	44989345	0.000604	0.010709
NC_043979.1	45149491	0.000514	0.011596
NC_043979.1	45178748	0.001579	0.031516
NC_043979.1	45179039	0.000533	0.009912
NC_043979.1	45179052	0.001728	0.032549
NC_043979.1	45210977	0.001694	0.032694
NC_043979.1	45343066	0.000915	0.015479
NC_043979.1	45371337	0.002691	0.042713
NC_043979.1	45371356	0.000212	0.004007
NC_043979.1	45903750	0.001695	0.246263
NC_043979.1	45904428	0.006226	0.178854
NC_043979.1	45938302	0.000564	0.010036
NC_043979.1	45938312	0.002080	0.035145
NC_043979.1	46335909	0.000476	0.008443
NC_043979.1	46335940	0.000542	0.009658
NC_043979.1	46365502	0.000554	0.010712
NC_043979.1	46555241	0.001232	0.027905
NC_043979.1	47025935	0.001486	0.030925
NC_043979.1	47025969	0.006227	0.064935
NC_043979.1	47026139	0.001497	0.031325
NC_043979.1	47026183	0.004434	0.056739
NC_043979.1	47082169	0.017948	0.508959
NC_043979.1	47082216	0.000283	0.005815
NC_043979.1	47082277	0.000739	0.014385
NC_043979.1	47082285	0.009413	0.475816
NC_043979.1	47082291	0.002064	0.329266
NC_043979.1	47082299	0.000660	0.396639
NC_043979.1	47155746	0.001609	0.032775
NC_043979.1	47179983	0.002490	0.405364
NC_043979.1	47210547	0.001470	0.031890
NC_043979.1	47210656	0.005783	0.067131
NC_043979.1	47210666	0.001806	0.034526
NC_043979.1	47409433	0.002057	0.035106
NC_043979.1	47499164	0.002300	0.037504
NC_043979.1	47514157	-0.000361	0.265639
NC_043979.1	47514197	0.000637	0.345345
NC_043979.1	47514245	0.003610	0.333262
NC_043979.1	47514321	-0.001040	0.259607
NC_043979.1	47517519	0.002018	0.035460
NC_043979.1	47517737	0.007876	0.089701
NC_043979.1	47518440	0.000448	0.009419
NC_043979.1	47548690	0.000574	0.011047
NC_043979.1	47551904	-0.000202	0.262710
NC_043979.1	47551943	0.001334	0.028925
NC_043979.1	47569471	0.001713	0.031903
NC_043979.1	47644978	0.010227	0.088180
NC_043979.1	47654587	0.001339	0.029125
NC_043979.1	47737832	0.002001	0.035286
NC_043979.1	47796248	0.008088	0.323255
NC_043979.1	47796428	0.000735	0.013968
NC_043979.1	47796432	0.001429	0.030858
NC_043979.1	47796491	0.010093	0.446107
NC_043979.1	47796512	0.011099	0.124199
NC_043979.1	47797835	0.001868	0.034202
NC_043979.1	47798265	0.000969	0.019885
NC_043979.1	47798285	0.001425	0.031289
NC_043979.1	47822239	0.015451	0.308269
NC_043979.1	47822243	0.001414	0.030511
NC_043979.1	47836376	0.001365	0.029120
NC_043979.1	47836524	0.000364	0.339059
NC_043979.1	47836564	0.000238	0.006698
NC_043979.1	47836606	0.000124	0.004097
NC_043979.1	47836914	0.000273	0.006615
NC_043979.1	47861007	0.001912	0.033737
NC_043979.1	47861163	0.001858	0.033829
NC_043979.1	47932372	0.000597	0.011431
NC_043979.1	47932771	0.000385	0.008711
NC_043979.1	47932797	0.005449	0.061336
NC_043979.1	47932872	0.000349	0.008413
NC_043979.1	47932936	0.000423	0.009452
NC_043979.1	47993251	0.001413	0.030163
NC_043979.1	47993285	0.001301	0.029366
NC_043979.1	48009559	0.001480	0.030525
NC_043979.1	48009674	0.000843	0.018421
NC_043979.1	48009678	0.002807	0.224080
NC_043979.1	48011634	0.002587	0.417133
NC_043979.1	48011850	0.007542	0.081470
NC_043979.1	48011894	0.000842	0.335170
NC_043979.1	49506805	0.000087	0.001216
NC_043979.1	49506830	0.008058	0.137801
NC_043979.1	49506835	0.000077	0.001543
NC_043979.1	49506839	0.000065	0.000996
NC_043979.1	49506852	0.000095	0.001106
NC_043979.1	49506862	0.000065	0.000959
NC_043979.1	49506874	0.002038	0.037687
NC_043979.1	49514578	0.000091	0.000813
NC_043979.1	49514582	0.000077	0.000810
NC_043979.1	49514605	0.000088	0.000833
NC_043979.1	49514609	0.000044	0.000630
NC_043979.1	49514624	0.000044	0.000532
NC_043979.1	49514628	0.000049	0.000573
NC_043979.1	49514633	0.005684	0.165606
NC_043979.1	49514635	0.002342	0.166525
NC_043979.1	49514636	0.000033	0.000427
NC_043979.1	49514637	0.006083	0.230864
NC_043979.1	49514641	0.000031	0.000511
NC_043979.1	49514642	0.000038	0.000553
NC_043979.1	49514656	0.004753	0.212419
NC_043979.1	49514661	0.000033	0.000429
NC_043979.1	49514665	0.000413	0.020075
NC_043979.1	49514669	0.000052	0.000528
NC_043979.1	49514671	0.000040	0.000455
NC_043979.1	49737723	0.001402	0.030043
NC_043979.1	49737807	0.001897	0.033597
NC_043979.1	49754017	0.001731	0.032579
NC_043979.1	49765787	0.001939	0.033991
NC_043979.1	49765919	0.001451	0.030382
NC_043979.1	49806160	0.001572	0.032185
NC_043979.1	49878670	0.000442	0.008204
NC_043979.1	49879360	0.004523	0.184908
NC_043979.1	49879379	0.004911	0.067897
NC_043979.1	49879418	0.000086	0.002471
NC_043979.1	49879429	0.004091	0.397693
NC_043979.1	49879452	0.007110	0.093506
NC_043979.1	49879457	0.002501	0.491030
NC_043979.1	49879476	0.004520	0.502025
NC_043979.1	49879501	0.002894	0.174245
NC_043979.1	49879522	0.000409	0.328209
NC_043979.1	49879550	-0.000716	0.285085
NC_043979.1	49879569	-0.000106	0.295893
NC_043979.1	49886481	0.007205	0.103984
NC_043979.1	49889001	0.004760	0.191810
NC_043979.1	49890727	0.000195	0.006626
NC_043979.1	49914016	0.000060	0.002750
NC_043979.1	49914041	0.000178	0.006941
NC_043979.1	49914052	0.000740	0.024204
NC_043979.1	49914209	0.000140	0.003608
NC_043979.1	49914280	0.012945	0.466254
NC_043979.1	49929496	0.001258	0.029217
NC_043979.1	49933121	0.007746	0.081858
NC_043979.1	50068866	0.000406	0.008614
NC_043979.1	50069142	0.000335	0.007111
NC_043979.1	50069147	0.001353	0.029280
NC_043979.1	50069181	0.000385	0.006562
NC_043979.1	50073218	0.019032	0.498706
NC_043979.1	50073234	-0.000616	0.296669
NC_043979.1	50073242	0.001026	0.500785
NC_043979.1	50073244	0.000058	0.000574
NC_043979.1	50073253	0.000051	0.000514
NC_043979.1	50073388	0.000478	0.008476
NC_043979.1	50106070	0.001902	0.033636
NC_043979.1	50165049	0.000504	0.008968
NC_043979.1	50165129	0.001551	0.030295
NC_043979.1	50216648	0.000560	0.009963
NW_021941434.1	61	0.003442	0.173275
NW_021941434.1	80	0.019538	0.505436
NW_021941434.1	127	0.004597	0.195473
NW_021941434.1	128	0.023190	0.265082
NW_021941434.1	436	0.000096	0.001619
NW_021941434.1	461	0.000081	0.000856
NW_021941434.1	472	0.000077	0.001118
NW_021941434.1	478	0.003752	0.169176
NW_021941434.1	491	0.000400	0.020164
NW_021941434.1	493	0.000326	0.323879
NW_021941434.1	523	0.003564	0.042892
NW_021941434.1	564	0.007621	0.127890
NW_021941434.1	572	0.000080	0.001202
NW_021941435.1	12488	0.000084	0.001817
NW_021941435.1	12491	0.000080	0.001651
NW_021941435.1	12503	0.000089	0.001927
NW_021941435.1	12523	0.000055	0.001015
NW_021941435.1	12525	0.007150	0.105989
NW_021941435.1	12526	0.000056	0.001079
NW_021941435.1	12563	0.000110	0.001526
NW_021941435.1	53965	0.005587	0.485329
NW_021941435.1	53967	0.010654	0.442694
NW_021941435.1	54026	0.006518	0.109833
NW_021941435.1	54032	0.000041	0.000449
NW_021941435.1	54068	0.006131	0.208318
NW_021941435.1	54069	0.000437	0.365414
NW_021941435.1	54070	0.008996	0.146636
NW_021941436.1	53531	0.005451	0.170819
NW_021941436.1	53532	0.009593	0.153813
NW_021941437.1	955	0.001727	0.033038
NW_021941438.1	132766	0.000073	0.001607
NW_021941438.1	132782	0.000069	0.001224
NW_021941438.1	132804	0.000088	0.001662
NW_021941438.1	207622	0.000208	0.010710
NW_021941438.1	207632	0.000056	0.002327
NW_021941438.1	218644	0.007005	0.105654
NW_021941438.1	218688	0.007890	0.073389
NW_021941438.1	218782	0.000477	0.009959
NW_021941438.1	218785	0.000600	0.011487
NW_021941438.1	326644	0.000095	0.001275
NW_021941438.1	326660	0.000482	0.020888
NW_021941438.1	326685	0.000577	0.018824
NW_021941438.1	329444	0.000173	0.005111
NW_021941438.1	383993	0.000146	0.003256
NW_021941438.1	384013	0.000152	0.003889
NW_021941438.1	384036	0.000798	0.024142
NW_021941438.1	433422	0.000018	0.000518
NW_021941438.1	433443	0.001641	0.195281
NW_021941438.1	433455	0.022183	0.337266
NW_021941438.1	433461	0.001028	0.245691
NW_021941438.1	433494	0.021856	0.425929
NW_021941438.1	433506	0.000632	0.501207
NW_021941438.1	433774	0.000043	0.000564
NW_021941438.1	473359	0.001410	0.029964
NW_021941438.1	473432	0.007345	0.120811
NW_021941438.1	473499	0.000187	0.004899
NW_021941438.1	506540	0.001411	0.030240
NW_021941438.1	506578	0.019440	0.169134
NW_021941438.1	506677	0.002636	0.190722
NW_021941438.1	506710	0.001067	0.027339
NW_021941438.1	506715	0.000271	0.007817
NW_021941438.1	672186	0.015951	0.505749
NW_021941438.1	672188	0.000127	0.001089
NW_021941438.1	672204	0.017986	0.507756
NW_021941438.1	672591	0.000624	0.017940
NW_021941438.1	672631	0.006840	0.503515
NW_021941440.1	35801	0.005833	0.064678
NW_021941440.1	35875	0.000563	0.010849
NW_021941442.1	57473	0.000177	0.004933
NW_021941442.1	57497	0.007985	0.086282
NW_021941442.1	57499	0.000233	0.006112
NW_021941442.1	57566	0.005838	0.422658
NW_021941442.1	57630	0.006449	0.173377
NW_021941442.1	57651	0.001060	0.026226
NW_021941442.1	57687	0.017266	0.507575
NW_021941442.1	57727	0.007429	0.078035
NW_021941442.1	57769	0.004750	0.359930
NW_021941442.1	57779	-0.001162	0.276496
NW_021941442.1	57793	0.006999	0.406851
NW_021941442.1	57838	-0.001207	0.270091
NW_021941442.1	57864	0.021570	0.386770
NW_021941442.1	57887	0.001145	0.028578
NW_021941442.1	57888	0.002671	0.064115
NW_021941442.1	57899	0.000382	0.019944
NW_021941442.1	57927	0.002482	0.105505
NW_021941442.1	57951	0.001255	0.157407
NW_021941442.1	57986	0.010834	0.335119
NW_021941442.1	58009	0.001910	0.174227
NW_021941442.1	58010	0.001375	0.192640
NW_021941442.1	58297	0.000114	0.001494
NW_021941442.1	58340	0.000843	0.023738
NW_021941442.1	58350	0.000582	0.011505
NW_021941444.1	70657	0.007289	0.227313
NW_021941444.1	71305	0.001553	0.030868
NW_021941444.1	71325	0.006838	0.177022
NW_021941444.1	71815	0.004746	0.053062
NW_021941444.1	71877	0.005801	0.074086
NW_021941444.1	71995	0.001700	0.031783
NW_021941444.1	72003	0.001701	0.031787
NW_021941444.1	74788	0.000292	0.006684
NW_021941444.1	149943	0.003629	0.052314
NW_021941444.1	151055	0.000223	0.317816
NW_021941444.1	186666	0.000038	0.001110
NW_021941444.1	186681	0.010391	0.427050
NW_021941444.1	186747	0.001963	0.183338
NW_021941444.1	186768	-0.000410	0.361438
NW_021941444.1	187922	0.000014	0.000425
NW_021941444.1	187955	0.000017	0.000688
NW_021941444.1	187965	0.002694	0.168526
NW_021941444.1	188000	0.000014	0.000581
NW_021941444.1	188015	0.002629	0.160495
NW_021941444.1	188017	0.000014	0.000622
NW_021941444.1	188023	0.000890	0.326261
NW_021941444.1	188029	0.000028	0.000998
NW_021941444.1	188041	0.000008	0.000214
NW_021941444.1	188044	0.004262	0.073519
NW_021941444.1	188058	0.000011	0.000393
NW_021941444.1	188073	0.000741	0.029065
NW_021941444.1	188081	0.000314	0.019902
NW_021941444.1	188089	0.000007	0.000337
NW_021941444.1	188100	0.002811	0.094216
NW_021941444.1	188110	0.002744	0.048858
NW_021941444.1	188160	0.035228	0.504827
NW_021941444.1	188168	-0.000758	0.286620
NW_021941444.1	188174	0.000012	0.000238
NW_021941444.1	188189	0.044384	0.498645
NW_021941444.1	188197	0.043960	0.483642
NW_021941444.1	188211	0.000012	0.000215
NW_021941444.1	188218	0.003662	0.112302
NW_021941444.1	188232	0.000007	0.000154
NW_021941444.1	188247	0.004559	0.079263
NW_021941444.1	188249	0.000007	0.000156
NW_021941444.1	188255	0.021972	0.495193
NW_021941444.1	188284	0.001410	0.097636
NW_021941444.1	188290	0.000007	0.000141
NW_021941444.1	188319	0.000007	0.000154
NW_021941444.1	188344	0.000011	0.000210
NW_021941444.1	188348	0.000029	0.000522
NW_021941444.1	188385	0.000053	0.000616
NW_021941444.1	188392	0.007645	0.504495
NW_021941444.1	188462	0.000060	0.002018
NW_021941444.1	188464	0.000054	0.001722
NW_021941444.1	190554	0.001641	0.032344
NW_021941444.1	190602	0.001705	0.033035
NW_021941444.1	190613	0.001588	0.031788
NW_021941444.1	190620	0.001622	0.032151
NW_021941444.1	190640	0.000522	0.010139
NW_021941444.1	190655	0.000569	0.010965
NW_021941444.1	258047	0.000235	0.006285
NW_021941444.1	545605	0.005654	0.200659
NW_021941444.1	545631	0.006199	0.410483
NW_021941444.1	546301	0.006301	0.077277
NW_021941444.1	546305	0.006655	0.129208
NW_021941444.1	570749	0.000486	0.010126
NW_021941444.1	570751	0.001788	0.033681
NW_021941444.1	577442	0.019643	0.462484
NW_021941444.1	578956	0.002759	0.041031
NW_021941444.1	579439	0.000551	0.247342
NW_021941444.1	579502	0.000221	0.004562
NW_021941444.1	579507	0.004056	0.214806
NW_021941444.1	579583	-0.000631	0.286231
NW_021941444.1	612391	-0.000515	0.271001
NW_021941446.1	48922	0.007984	0.083369
NW_021941446.1	48933	0.000259	0.006262
NW_021941449.1	21033	0.001584	0.031082
NW_021941449.1	34463	0.010293	0.439027
NW_021941449.1	34473	0.000026	0.000354
NW_021941449.1	34485	0.020500	0.510716
NW_021941449.1	34486	0.000277	0.018651
NW_021941449.1	34492	0.000029	0.000395
NW_021941449.1	34494	0.000029	0.000382
NW_021941449.1	50484	0.011038	0.129542
NW_021941449.1	50500	0.000457	0.008832
NW_021941449.1	50526	0.007778	0.423425
NW_021941449.1	50578	0.000258	0.005841
NW_021941449.1	50623	0.000926	0.022501
NW_021941449.1	50701	0.001750	0.030761
NW_021941449.1	50705	0.001723	0.031490
NW_021941449.1	51604	0.000165	0.002755
NW_021941450.1	316216	0.000523	0.009311
NW_021941450.1	548536	0.000429	0.010000
NW_021941450.1	548567	0.003693	0.050015
NW_021941450.1	548589	0.007734	0.092453
NW_021941450.1	549100	0.008390	0.139397
NW_021941450.1	549129	0.000066	0.001522
NW_021941450.1	549262	-0.000711	0.239094
NW_021941450.1	549279	0.000118	0.006130
NW_021941450.1	549318	0.005185	0.069910
NW_021941450.1	549380	0.000259	0.006286
NW_021941450.1	549381	0.000252	0.006125
NW_021941450.1	549510	0.010154	0.443139
NW_021941450.1	549521	0.022531	0.505865
NW_021941450.1	549564	0.042481	0.487496
NW_021941450.1	549635	0.039577	0.513939
NW_021941450.1	549643	0.000021	0.000306
NW_021941450.1	549666	0.001158	0.478595
NW_021941450.1	549684	0.012122	0.493162
NW_021941450.1	549686	-0.000566	0.296777
NW_021941450.1	549697	0.006064	0.118223
NW_021941450.1	549705	0.000037	0.000488
NW_021941450.1	549716	0.014409	0.068768
NW_021941450.1	549747	0.000061	0.001418
NW_021941450.1	549770	0.025876	0.491592
NW_021941450.1	549845	-0.000191	0.376345
NW_021941450.1	549901	0.000803	0.020647
NW_021941450.1	549902	0.003090	0.043648
NW_021941450.1	549964	0.000565	0.021957
NW_021941450.1	549994	0.036444	0.276158
NW_021941451.1	34912	0.000644	0.335589
NW_021941452.1	171447	0.008022	0.375178
NW_021941452.1	171454	0.000007	0.000154
NW_021941452.1	171475	0.000006	0.000134
NW_021941452.1	171476	0.000007	0.000151
NW_021941452.1	171488	0.000006	0.000141
NW_021941452.1	171500	0.000006	0.000142
NW_021941452.1	171504	0.000062	0.015036
NW_021941452.1	171512	0.000008	0.000183
NW_021941452.1	171519	0.001083	0.159156
NW_021941452.1	171526	0.000014	0.000311
NW_021941452.1	171531	0.006396	0.169359
NW_021941452.1	171539	0.000027	0.000475
NW_021941452.1	171549	0.000040	0.000724
NW_021941452.1	171551	0.000056	0.000815
NW_021941452.1	171576	0.000156	0.001712
NW_021941452.1	171581	0.002222	0.427290
NW_021941452.1	230574	0.002641	0.163053
NW_021941452.1	230581	0.000006	0.000213
NW_021941452.1	230586	0.006955	0.103296
NW_021941452.1	230593	0.000005	0.000111
NW_021941452.1	230598	0.003553	0.050110
NW_021941452.1	230603	0.000004	0.000097
NW_021941452.1	230605	0.000007	0.000152
NW_021941452.1	230617	0.000006	0.000124
NW_021941452.1	230620	0.000003	0.000065
NW_021941452.1	230627	0.000002	0.000057
NW_021941452.1	230629	0.000002	0.000053
NW_021941452.1	230634	0.000004	0.000571
NW_021941452.1	230639	0.000002	0.000061
NW_021941452.1	230641	0.000002	0.000051
NW_021941452.1	230646	0.013783	0.111922
NW_021941452.1	230651	0.000002	0.000049
NW_021941452.1	230653	0.000008	0.000182
NW_021941452.1	230658	0.014540	0.183804
NW_021941452.1	230665	0.000002	0.000089
NW_021941452.1	230675	0.000003	0.000064
NW_021941452.1	230677	0.000005	0.000120
NW_021941452.1	230688	0.000004	0.000084
NW_021941452.1	230698	0.000002	0.000057
NW_021941452.1	230700	0.000003	0.000088
NW_021941452.1	230712	0.000004	0.000084
NW_021941452.1	230722	0.000005	0.000117
NW_021941452.1	230724	0.000006	0.000123
NW_021941452.1	230734	0.000012	0.000221
NW_021941452.1	230736	0.000011	0.000346
NW_021941452.1	230741	0.010209	0.248666
NW_021941452.1	287667	0.008041	0.125052
NW_021941452.1	287680	0.010687	0.148820
NW_021941452.1	540738	0.006647	0.064466
NW_021941452.1	540770	0.001499	0.031061
NW_021941452.1	540812	0.005449	0.061341
NW_021941452.1	540872	0.000513	0.009990
NW_021941452.1	594264	0.000121	0.003432
NW_021941452.1	594327	0.000898	0.027737
NW_021941452.1	594359	0.000104	0.003288
NW_021941454.1	22582	0.000479	0.010091
NW_021941454.1	22619	0.000281	0.006063
NW_021941454.1	22626	0.004957	0.232540
NW_021941454.1	55450	0.002470	0.062177
NW_021941454.1	78702	0.007068	0.468744
NW_021941454.1	81440	0.002965	0.113052
NW_021941454.1	81442	0.000515	0.004472
NW_021941454.1	81461	0.001584	0.033250
NW_021941454.1	90769	0.000237	0.006780
NW_021941454.1	90843	0.007740	0.495181
NW_021941454.1	125981	0.001606	0.032228
NW_021941454.1	167576	0.000505	0.010462
NW_021941454.1	167679	0.001523	0.031323
NW_021941454.1	167739	0.001698	0.031983
NW_021941454.1	168373	0.001775	0.033004
NW_021941454.1	171531	0.011604	0.104086
NW_021941454.1	171765	0.000467	0.009138
NW_021941454.1	171767	0.000444	0.008704
NW_021941454.1	268759	0.000476	0.009935
NW_021941454.1	303191	0.001748	0.033176
NW_021941454.1	340529	0.002069	0.035223
NW_021941454.1	386085	0.000467	0.008249
NW_021941454.1	456525	0.010425	0.505060
NW_021941454.1	456552	0.002428	0.177851
NW_021941454.1	456553	0.000560	0.018049
NW_021941457.1	1229	0.000013	0.000229
NW_021941457.1	1242	0.000012	0.000220
NW_021941457.1	1243	0.000014	0.000237
NW_021941457.1	1244	0.000012	0.000224
NW_021941457.1	1245	0.000030	0.000387
NW_021941457.1	1247	0.003849	0.055813
NW_021941457.1	1254	0.000234	0.002494
NW_021941457.1	1258	0.000012	0.000218
NW_021941457.1	1261	0.000025	0.000356
NW_021941458.1	132114	0.000030	0.000642
NW_021941458.1	132115	0.000049	0.001894
NW_021941458.1	132117	0.033425	0.507840
NW_021941458.1	132137	0.000039	0.000807
NW_021941458.1	132162	0.006412	0.503632
NW_021941458.1	132164	0.000120	0.002742
NW_021941458.1	132191	0.000073	0.003026
NW_021941458.1	132198	-0.001076	0.253648
NW_021941458.1	132207	-0.000661	0.251339
NW_021941458.1	200699	0.000418	0.009566
NW_021941458.1	344654	0.006301	0.130680
NW_021941458.1	344765	0.003548	0.185242
NW_021941458.1	344930	0.004419	0.175626
NW_021941458.1	345473	0.001320	0.029196
NW_021941461.1	246018	0.000417	0.009086
NW_021941461.1	246117	0.001586	0.031509
NW_021941461.1	246857	0.001332	0.029574
NW_021941461.1	253594	0.001995	0.034517
NW_021941461.1	268379	0.000343	0.008297
NW_021941463.1	86862	0.000188	0.004928
NW_021941463.1	86876	0.000184	0.004850
NW_021941463.1	86886	0.002364	0.038852
NW_021941463.1	86888	0.000079	0.000673
NW_021941463.1	86889	0.000079	0.000674
NW_021941463.1	86894	0.000087	0.000889
NW_021941463.1	86895	0.000105	0.000774
NW_021941463.1	86916	0.000171	0.003641
NW_021941463.1	86953	0.000607	0.022402
NW_021941463.1	86956	0.000123	0.001141
NW_021941463.1	86967	0.000134	0.001328
NW_021941463.1	86970	0.000131	0.001362
NW_021941463.1	86973	0.000115	0.001130
NW_021941463.1	86975	0.000139	0.001323
NW_021941463.1	86982	0.000115	0.001107
NW_021941463.1	86984	0.000111	0.000955
NW_021941463.1	86986	0.000112	0.001003
NW_021941463.1	86992	0.000138	0.001063
NW_021941463.1	87032	0.000248	0.005416
NW_021941463.1	87034	0.000151	0.001580
NW_021941463.1	267021	0.001678	0.033632
NW_021941463.1	279431	0.015586	0.506191
NW_021941463.1	288576	0.000472	0.009246
NW_021941463.1	288602	0.000522	0.009295
NW_021941463.1	455323	0.000773	0.016498
NW_021941463.1	455324	0.008886	0.157998
NW_021941464.1	324	0.006049	0.076481
NW_021941464.1	368	0.005875	0.120241
NW_021941464.1	372	0.009311	0.144061
NW_021941464.1	6718	0.000148	0.003871
NW_021941464.1	38198	0.000023	0.000899
NW_021941464.1	38218	0.000328	0.018915
NW_021941464.1	38228	0.000015	0.000604
NW_021941464.1	38247	0.000015	0.000484
NW_021941464.1	38266	0.000015	0.000576
NW_021941464.1	38285	0.000018	0.000862
NW_021941464.1	39215	0.001589	0.030778
NW_021941464.1	141397	0.000365	0.006111
NW_021941464.1	145321	0.007958	0.120096
NW_021941464.1	145397	0.001420	0.029687
NW_021941464.1	145635	0.001427	0.030308
NW_021941464.1	160906	0.000310	0.007406
NW_021941464.1	161007	0.006207	0.162380
NW_021941464.1	162912	0.005714	0.071409
NW_021941464.1	162934	0.000165	0.005862
NW_021941464.1	162956	0.008435	0.108480
NW_021941464.1	163680	0.000433	0.009810
NW_021941464.1	182225	0.000263	0.008391
NW_021941464.1	182303	0.000036	0.000969
NW_021941464.1	182324	0.007598	0.393071
NW_021941464.1	182336	0.000057	0.001419
NW_021941464.1	182343	0.000068	0.001486
NW_021941464.1	182346	0.006301	0.391699
NW_021941464.1	182357	0.009746	0.503068
NW_021941464.1	182379	0.003573	0.154783
NW_021941464.1	182412	0.002473	0.165139
NW_021941464.1	182434	0.000362	0.320775
NW_021941464.1	182446	0.000057	0.001334
NW_021941464.1	182456	0.002713	0.203743
NW_021941464.1	182512	0.000121	0.002087
NW_021941464.1	182819	0.009093	0.127826
NW_021941464.1	182820	0.000062	0.002333
NW_021941464.1	182853	0.000052	0.001738
NW_021941464.1	182863	-0.000047	0.231987
NW_021941464.1	185094	0.000596	0.356685
NW_021941464.1	185116	0.000226	0.267073
NW_021941464.1	185182	0.002652	0.175030
NW_021941464.1	185204	0.000295	0.321573
NW_021941464.1	185215	0.001658	0.356766
NW_021941464.1	185259	0.004259	0.059889
NW_021941464.1	185567	0.004725	0.426099
NW_021941464.1	185589	0.008884	0.132344
NW_021941464.1	185633	0.002272	0.189152
NW_021941464.1	185644	-0.000633	0.261865
NW_021941464.1	215762	-0.000384	0.290273
NW_021941464.1	215823	0.005076	0.206971
NW_021941464.1	215894	0.003387	0.050655
NW_021941464.1	216345	0.002740	0.181913
NW_021941464.1	216356	0.000048	0.286528
NW_021941464.1	216406	0.000780	0.024261
NW_021941464.1	236196	0.000267	0.006336
NW_021941464.1	236452	0.000098	0.003550
NW_021941464.1	236456	0.000884	0.025376
NW_021941464.1	236644	0.001203	0.028036
NW_021941464.1	244339	0.005220	0.056557
NW_021941464.1	244542	0.000314	0.006282
NW_021941464.1	262071	0.000554	0.011005
NW_021941464.1	341578	0.019882	0.502258
NW_021941464.1	431038	0.006199	0.216527
NW_021941464.1	431050	0.000237	0.004393
NW_021941464.1	431570	0.004564	0.192467
NW_021941464.1	436719	0.004498	0.177047
NW_021941464.1	444295	0.022455	0.490969
NW_021941464.1	449178	0.000056	0.002323
NW_021941464.1	449196	0.000038	0.001797
NW_021941464.1	461952	0.000537	0.009976
NW_021941464.1	466958	0.005898	0.172418
NW_021941464.1	467836	0.000555	0.009874
NW_021941464.1	469331	0.000169	0.015262
NW_021941464.1	469335	0.003147	0.048103
NW_021941464.1	469337	0.000009	0.000539
NW_021941464.1	469365	0.000074	0.001263
NW_021941464.1	469373	0.000065	0.015084
NW_021941464.1	469381	0.000012	0.000255
NW_021941464.1	469387	0.000039	0.000459
NW_021941464.1	469391	0.003160	0.053667
NW_021941464.1	469393	0.000008	0.000695
NW_021941464.1	469403	0.000006	0.000140
NW_021941464.1	469405	0.000017	0.002075
NW_021941464.1	469419	0.025479	0.336343
NW_021941464.1	469431	0.000011	0.000497
NW_021941464.1	469433	0.006208	0.083953
NW_021941464.1	469439	0.000030	0.003250
NW_021941464.1	469455	0.000611	0.019340
NW_021941464.1	469475	0.000062	0.009778
NW_021941464.1	469483	0.000008	0.000179
NW_021941464.1	469485	0.000022	0.002071
NW_021941464.1	469495	0.000010	0.000249
NW_021941464.1	469505	0.000008	0.000175
NW_021941464.1	469511	0.000027	0.002333
NW_021941464.1	475378	0.004738	0.180630
NW_021941464.1	476027	0.000406	0.008799
NW_021941464.1	477312	0.000233	0.005026
NW_021941464.1	477543	0.001572	0.249063
NW_021941464.1	478139	0.013000	0.455884
NW_021941464.1	479728	0.000066	0.000588
NW_021941464.1	479740	0.000028	0.000371
NW_021941464.1	479752	0.000020	0.000300
NW_021941464.1	479764	0.000019	0.000290
NW_021941464.1	479788	0.000021	0.000317
NW_021941464.1	479800	0.000024	0.000402
NW_021941464.1	479802	0.000024	0.000344
NW_021941464.1	482980	0.000330	0.007498
NW_021941464.1	482981	0.002519	0.198441
NW_021941464.1	483078	0.004073	0.227035
NW_021941464.1	483088	0.012857	0.456397
NW_021941464.1	483099	0.007270	0.258238
NW_021941464.1	483818	0.006980	0.189040
NW_021941464.1	483876	0.006403	0.152054
NW_021941464.1	484167	0.007480	0.144492
NW_021941464.1	484591	0.000488	0.009543
NW_021941464.1	484727	0.000439	0.008620
NW_021941464.1	503224	-0.000720	0.282790
NW_021941464.1	503255	0.000049	0.001075
NW_021941464.1	503256	0.006498	0.128964
NW_021941464.1	503271	0.000043	0.000992
NW_021941464.1	503286	0.000101	0.301050
NW_021941464.1	503304	0.009092	0.139797
NW_021941464.1	503537	0.001116	0.315172
NW_021941464.1	503569	-0.000393	0.298438
NW_021941464.1	503570	0.000044	0.001038
NW_021941464.1	503609	0.000085	0.002276
NW_021941464.1	503612	0.000156	0.005606
NW_021941464.1	528684	0.008509	0.235183
NW_021941464.1	528685	0.015308	0.502511
NW_021941466.1	24714	0.000751	0.014948
NW_021941466.1	24961	0.000443	0.009804
NW_021941466.1	26650	0.002151	0.036016
NW_021941466.1	28824	0.001188	0.021314
NW_021941466.1	29716	0.006758	0.065298
NW_021941466.1	29780	0.013467	0.216450
NW_021941466.1	29803	0.000827	0.014193
NW_021941466.1	29823	0.005829	0.218652
NW_021941468.1	1571	0.008716	0.445958
NW_021941468.1	2143	0.002132	0.364418
NW_021941468.1	2184	0.000234	0.006106
NW_021941468.1	2243	0.017438	0.495515
NW_021941468.1	2263	0.005450	0.144575
NW_021941468.1	2290	0.000029	0.001104
NW_021941468.1	2519	0.000643	0.333744
NW_021941468.1	2589	0.000241	0.251894
NW_021941468.1	2609	0.004893	0.203992
NW_021941468.1	2630	0.000086	0.002152
NW_021941468.1	2641	0.005115	0.119650
NW_021941468.1	2663	0.008525	0.382969
NW_021941468.1	2683	0.005145	0.414033
NW_021941468.1	2699	0.015256	0.383587
NW_021941470.1	40714	0.000447	0.008641
NW_021941470.1	77990	0.000896	0.334697
NW_021941470.1	91448	0.000005	0.000104
NW_021941470.1	91452	0.006440	0.481188
NW_021941470.1	91473	0.049990	0.501750
NW_021941470.1	91477	0.000008	0.000101
NW_021941470.1	91480	-0.000993	0.277718
NW_021941470.1	91485	0.000005	0.000064
NW_021941470.1	91502	0.000472	0.163064
NW_021941470.1	91503	0.000028	0.000658
NW_021941470.1	91527	0.145070	0.280590
NW_021941470.1	91678	0.000174	0.001979
NW_021941470.1	91679	0.003643	0.012813
NW_021941470.1	91682	0.006878	0.075439
NW_021941470.1	91687	0.000053	0.000503
NW_021941470.1	91703	0.000027	0.000355
NW_021941470.1	91707	0.000027	0.000355
NW_021941470.1	91713	0.000024	0.000327
NW_021941470.1	91719	0.014833	0.508098
NW_021941470.1	91721	0.004702	0.081118
NW_021941470.1	91789	0.008071	0.474402
NW_021941470.1	91796	0.000069	0.001749
NW_021941470.1	92353	0.000100	0.004031
NW_021941470.1	92376	0.019861	0.478643
NW_021941470.1	92383	0.000346	0.014887
NW_021941470.1	96105	0.000418	0.008666
NW_021941470.1	96494	0.000179	0.002592
NW_021941470.1	96512	0.000103	0.001481
NW_021941470.1	96542	0.000072	0.001061
NW_021941470.1	96543	0.000071	0.000997
NW_021941470.1	96548	0.000085	0.001229
NW_021941470.1	96566	0.000094	0.001097
NW_021941470.1	97439	0.000092	0.002699
NW_021941470.1	97453	0.000045	0.000636
NW_021941470.1	97554	0.004243	0.053737
NW_021941470.1	97560	0.009006	0.100302
NW_021941470.1	97779	0.000168	0.001432
NW_021941470.1	97810	0.000120	0.001208
NW_021941470.1	97841	0.000089	0.000822
NW_021941470.1	97844	0.000095	0.000823
NW_021941470.1	97869	0.000095	0.000774
NW_021941470.1	97891	0.000124	0.000828
NW_021941470.1	97894	0.000374	0.008800
NW_021941470.1	97916	0.000648	0.021486
NW_021941470.1	98023	0.000099	0.000725
NW_021941470.1	98028	0.000086	0.000761
NW_021941470.1	98039	0.000110	0.000750
NW_021941470.1	98040	0.000110	0.000753
NW_021941470.1	98118	0.000156	0.003535
NW_021941470.1	99674	0.000303	0.007571
NW_021941470.1	102813	0.000064	0.000747
NW_021941470.1	102818	0.000468	0.003034
NW_021941470.1	102820	0.000056	0.000759
NW_021941470.1	102825	0.006419	0.085211
NW_021941470.1	102842	0.000064	0.000981
NW_021941470.1	102860	0.008490	0.095542
NW_021941470.1	102861	0.000092	0.000699
NW_021941470.1	102885	0.000063	0.000553
NW_021941470.1	102892	0.000158	0.004589
NW_021941470.1	102909	0.000104	0.001329
NW_021941470.1	102928	0.000054	0.000510
NW_021941470.1	102939	0.000053	0.000541
NW_021941470.1	102940	0.000060	0.000539
NW_021941470.1	102951	0.000044	0.000457
NW_021941470.1	102969	0.000066	0.001269
NW_021941470.1	102978	0.000106	0.001728
NW_021941470.1	103021	0.000288	0.007353
NW_021941470.1	103035	0.000305	0.006391
NW_021941470.1	103066	0.000156	0.001784
NW_021941470.1	103072	0.000380	0.011010
NW_021941470.1	103085	0.000137	0.001186
NW_021941470.1	103098	0.000133	0.001047
NW_021941470.1	106190	0.000157	0.001825
NW_021941470.1	106222	0.000115	0.001396
NW_021941470.1	106227	0.000132	0.003099
NW_021941470.1	106232	0.000178	0.004307
NW_021941470.1	106234	0.000083	0.000919
NW_021941470.1	106259	0.000136	0.002260
NW_021941470.1	106283	0.000188	0.004935
NW_021941470.1	106296	0.000382	0.011203
NW_021941470.1	106358	0.000098	0.000938
NW_021941470.1	106764	0.000053	0.001776
NW_021941470.1	106774	0.004677	0.065392
NW_021941470.1	106793	0.004620	0.063190
NW_021941470.1	106856	0.000235	0.003869
NW_021941470.1	106859	0.003648	0.047868
NW_021941470.1	106911	0.002871	0.041709
NW_021941470.1	107106	0.007033	0.108795
NW_021941470.1	107111	0.000047	0.001266
NW_021941470.1	107174	0.000031	0.000662
NW_021941470.1	107179	0.000070	0.002881
NW_021941470.1	107220	0.000076	0.000780
NW_021941470.1	107243	0.000495	0.241994
NW_021941470.1	108670	0.000599	0.010090
NW_021941470.1	108951	0.012054	0.113953
NW_021941470.1	108976	0.000208	0.001079
NW_021941470.1	108986	0.000208	0.001078
NW_021941470.1	109025	0.000547	0.014109
NW_021941470.1	109034	0.000378	0.007825
NW_021941470.1	109125	0.000116	0.001827
NW_021941470.1	109133	0.000107	0.001304
NW_021941470.1	109135	0.000096	0.000822
NW_021941470.1	109141	0.000277	0.009686
NW_021941470.1	109153	0.000081	0.000725
NW_021941470.1	109156	0.000219	0.006292
NW_021941470.1	109157	0.000104	0.000847
NW_021941470.1	109166	0.000265	0.007859
NW_021941470.1	109175	0.000266	0.006906
NW_021941470.1	109179	0.000365	0.009684
NW_021941470.1	109205	0.000200	0.001284
NW_021941470.1	109291	0.000269	0.006852
NW_021941470.1	109324	0.000158	0.001744
NW_021941470.1	109325	0.000232	0.005652
NW_021941470.1	109328	0.000120	0.000887
NW_021941470.1	109330	0.000224	0.001397
NW_021941470.1	109338	0.000164	0.001015
NW_021941470.1	109514	0.000335	0.010355
NW_021941470.1	109533	0.000106	0.001414
NW_021941470.1	149673	0.000407	0.009090
NW_021941470.1	149681	0.001508	0.031102
NW_021941470.1	149880	0.002028	0.035524
NW_021941470.1	343419	0.001842	0.033084
NW_021941470.1	343427	0.001985	0.034416
NW_021941470.1	443638	0.008248	0.104750
NW_021941470.1	443641	0.000766	0.022433
NW_021941470.1	443646	0.000016	0.000279
NW_021941470.1	443648	0.029923	0.498401
NW_021941470.1	443663	0.003778	0.060757
NW_021941470.1	443670	0.003147	0.201993
NW_021941470.1	443674	0.000018	0.000287
NW_021941470.1	443682	0.004319	0.429121
NW_021941470.1	443686	0.000017	0.000278
NW_021941470.1	443696	0.000018	0.000311
NW_021941470.1	443706	0.000021	0.000328
NW_021941470.1	443714	0.000391	0.195709
NW_021941470.1	443718	0.000016	0.000287
NW_021941470.1	443726	0.000018	0.000546
NW_021941470.1	443733	0.000024	0.000533
NW_021941470.1	443742	0.000019	0.000301
NW_021941470.1	443780	0.012502	0.403629
NW_021941470.1	443824	0.006251	0.094952
NW_021941470.1	444100	0.011021	0.398066
NW_021941470.1	444138	0.004431	0.093844
NW_021941470.1	444148	0.000034	0.001091
NW_021941470.1	444156	0.011046	0.502290
NW_021941470.1	444168	0.003789	0.374917
NW_021941470.1	444170	0.000040	0.001045
NW_021941470.1	444190	0.016180	0.476985
NW_021941470.1	444227	0.000106	0.002456
NW_021941470.1	473506	0.000118	0.003412
NW_021941470.1	473522	0.000120	0.003195
NW_021941470.1	473822	0.000206	0.004941
NW_021941470.1	473870	0.000185	0.005213
NW_021941470.1	474143	0.000382	0.008945
NW_021941470.1	475166	0.000728	0.341085
NW_021941470.1	475216	0.002771	0.035298
NW_021941470.1	475244	0.000097	0.003398
NW_021941470.1	475272	0.000130	0.003809
NW_021941470.1	475282	0.001318	0.210159
NW_021941470.1	476050	0.000119	0.004714
NW_021941470.1	476183	0.000147	0.004103
NW_021941470.1	476241	0.005783	0.139624
NW_021941470.1	477069	0.000875	0.024986
NW_021941471.1	29431	0.000984	0.026527
NW_021941471.1	29440	0.000287	0.008008
NW_021941472.1	4376	0.000063	0.003021
NW_021941472.1	4398	0.001321	0.167966
NW_021941472.1	5022	0.000121	0.004000
NW_021941472.1	5028	0.000152	0.004547
NW_021941472.1	5038	0.000087	0.002981
NW_021941472.1	5060	0.000071	0.002782
NW_021941472.1	5066	0.000074	0.002860
NW_021941472.1	5079	0.000142	0.004922
NW_021941472.1	5099	0.003306	0.172750
NW_021941472.1	5139	0.000756	0.248222
NW_021941472.1	5633	-0.001022	0.265431
NW_021941472.1	5671	0.000077	0.003084
NW_021941472.1	6864	0.000059	0.002826
NW_021941472.1	6867	0.011822	0.393670
NW_021941472.1	6883	0.000099	0.004922
NW_021941472.1	6886	0.013014	0.504911
NW_021941472.1	7004	0.006360	0.102831
NW_021941472.1	7013	0.000069	0.002673
NW_021941472.1	7035	0.000502	0.020959
NW_021941472.1	7038	0.001082	0.337195
NW_021941472.1	16661	0.000326	0.008102
NW_021941472.1	27095	0.005089	0.062252
NW_021941472.1	27129	0.006612	0.156002
NW_021941473.1	15322	0.013569	0.344900
NW_021941473.1	15328	0.003485	0.219904
NW_021941473.1	15675	0.003255	0.191987
NW_021941473.1	15716	0.000043	0.003653
NW_021941473.1	15723	0.000321	0.018444
NW_021941473.1	15736	0.000016	0.000378
NW_021941473.1	15772	0.000088	0.005699
NW_021941473.1	15802	0.000016	0.000755
NW_021941473.1	15830	0.000021	0.000481
NW_021941473.1	15838	0.004830	0.093485
NW_021941473.1	15860	0.000028	0.000500
NW_021941474.1	70237	0.001479	0.030798
NW_021941474.1	212660	0.007341	0.169250
NW_021941474.1	215944	0.001651	0.032720
NW_021941474.1	215976	0.001732	0.033091
NW_021941474.1	216006	0.002172	0.036223
NW_021941474.1	216011	0.000795	0.013711
NW_021941474.1	216032	0.001960	0.035185
NW_021941474.1	216046	0.002514	0.380790
NW_021941474.1	500272	0.000666	0.012549
NW_021941477.1	54	-0.000001	0.000465
NW_021941477.1	57	-0.003343	0.499350
NW_021941477.1	60	0.000000	0.000009
NW_021941477.1	82	0.000031	0.000831
NW_021941477.1	85	-0.000854	0.500548
NW_021941477.1	89	0.000001	0.000014
NW_021941477.1	92	-0.000011	0.012410
NW_021941477.1	94	0.000001	0.000023
NW_021941477.1	98	0.000001	0.000344
NW_021941477.1	105	0.000005	0.013717
NW_021941477.1	439	0.002132	0.082183
NW_021941477.1	441	0.000012	0.000271
NW_021941477.1	442	0.000008	0.000183
NW_021941477.1	469	0.001240	0.208042
NW_021941477.1	9544	0.000005	0.000862
NW_021941477.1	9548	0.000016	0.000601
NW_021941477.1	9549	0.000100	0.015885
NW_021941477.1	9552	0.000004	0.000214
NW_021941477.1	9688	0.000425	0.032429
NW_021941477.1	9704	0.082802	0.540817
NW_021941477.1	9705	0.000002	0.000060
NW_021941477.1	9727	0.000003	0.000070
NW_021941477.1	9731	0.000004	0.000148
NW_021941477.1	9732	0.000001	0.000031
NW_021941477.1	9751	0.000001	0.000028
NW_021941477.1	9763	0.000001	0.000025
NW_021941477.1	9771	0.000004	0.000102
NW_021941477.1	9772	0.000001	0.000029
NW_021941477.1	9777	0.000002	0.000039
NW_021941477.1	9787	0.000003	0.000067
NW_021941477.1	9789	-0.003397	0.497721
NW_021941477.1	9792	0.043667	0.406954
NW_021941477.1	9799	0.000005	0.000122
NW_021941477.1	9801	0.000007	0.000144
NW_021941479.1	14994	0.053218	0.511075
NW_021941479.1	15000	0.000015	0.000286
NW_021941479.1	15006	0.011178	0.462646
NW_021941479.1	15018	0.008801	0.449118
NW_021941479.1	15030	0.000019	0.000375
NW_021941479.1	15036	0.000013	0.000283
NW_021941479.1	15037	-0.001358	0.488600
NW_021941479.1	15049	0.000397	0.370685
NW_021941480.1	27999	0.009093	0.098041
NW_021941480.1	32957	0.008278	0.087658
NW_021941481.1	11126	0.001603	0.031266
NW_021941481.1	24410	0.010575	0.120412
NW_021941481.1	27539	0.000418	0.009087
NW_021941484.1	4339	0.005929	0.069794
NW_021941484.1	4353	0.000836	0.350835
NW_021941484.1	4361	0.000061	0.001436
NW_021941484.1	4363	0.013195	0.434228
NW_021941484.1	4378	-0.000266	0.500754
NW_021941484.1	4405	0.000168	0.429863
NW_021941484.1	4431	0.005173	0.455001
NW_021941484.1	4457	-0.000261	0.364036
NW_021941484.1	4468	0.000031	0.000758
NW_021941484.1	4483	0.016539	0.455383
NW_021941484.1	4495	0.008349	0.113240
NW_021941484.1	5213	0.000119	0.002269
NW_021941484.1	5256	0.002660	0.482948
NW_021941484.1	5282	0.025382	0.479411
NW_021941484.1	5308	0.013330	0.129956
NW_021941484.1	5326	0.002882	0.045981
NW_021941484.1	5333	0.016697	0.448852
NW_021941484.1	5341	0.000545	0.007041
NW_021941484.1	35285	0.000558	0.009932
NW_021941486.1	47266	0.000049	0.000496
NW_021941486.1	47278	0.000059	0.000570
NW_021941486.1	47304	0.000050	0.000486
NW_021941486.1	182179	0.000433	0.007313
NW_021941486.1	182339	0.000388	0.006639
NW_021941491.1	18350	0.002163	0.036132
NW_021941491.1	18413	0.000600	0.010656
NW_021941491.1	18460	0.001441	0.030137
NW_021941494.1	7054	0.001896	0.034209
NW_021941494.1	10776	0.002978	0.045743
NW_021941494.1	10851	-0.000053	0.289459
NW_021941494.1	10980	0.000178	0.003945
NW_021941494.1	11031	0.003920	0.213017
NW_021941494.1	11042	0.001441	0.216713
NW_021941494.1	11177	0.005394	0.168335
NW_021941494.1	11634	0.011607	0.119971
NW_021941494.1	11736	0.000158	0.004341
NW_021941494.1	11737	0.000154	0.004807
NW_021941494.1	11778	0.000225	0.006066
NW_021941494.1	11788	0.011393	0.126494
NW_021941495.1	89971	0.001831	0.033819
NW_021941495.1	152728	0.000427	0.008369
NW_021941495.1	152731	0.000330	0.007543
NW_021941495.1	152733	0.000434	0.008515
NW_021941495.1	152749	0.000371	0.007883
NW_021941495.1	152751	0.000381	0.008107
NW_021941495.1	153356	0.005828	0.058453
NW_021941495.1	194462	0.001958	0.034844
NW_021941495.1	359975	0.002235	0.397090
NW_021941495.1	359976	0.008996	0.149039
NW_021941495.1	360027	0.002142	0.036759
NW_021941495.1	361408	0.000188	0.001860
NW_021941495.1	361410	0.031209	0.106461
NW_021941495.1	361412	0.021198	0.084164
NW_021941495.1	361417	0.000004	0.000095
NW_021941495.1	361432	0.004338	0.061937
NW_021941495.1	361436	0.000009	0.000213
NW_021941495.1	361452	0.000002	0.000059
NW_021941495.1	361467	0.000033	0.000509
NW_021941495.1	361469	0.007288	0.038441
NW_021941495.1	361473	0.000020	0.000390
NW_021941495.1	361474	0.001888	0.225556
NW_021941495.1	361508	0.000193	0.001037
NW_021941495.1	361527	0.000193	0.001030
NW_021941495.1	364872	0.000640	0.011922
NW_021941495.1	386765	0.001481	0.030198
NW_021941498.1	36454	0.000190	0.004175
NW_021941498.1	36492	0.007952	0.095940
NW_021941499.1	29561	0.000511	0.010580
NW_021941500.1	510	0.001005	0.348697
NW_021941500.1	655	0.005452	0.227925
NW_021941500.1	685	0.010677	0.454150
NW_021941500.1	775	0.005482	0.089262
NW_021941500.1	790	0.001008	0.349216
NW_021941500.1	830	0.009307	0.440801
NW_021941500.1	858	0.000145	0.004266
NW_021941500.1	860	-0.000844	0.258785
NW_021941500.1	945	-0.000914	0.280481
NW_021941500.1	1025	0.006958	0.255926
NW_021941500.1	26890	0.000202	0.005735
NW_021941500.1	27349	0.000075	0.004083
NW_021941500.1	27608	0.000485	0.020956
NW_021941500.1	27621	0.005005	0.330956
NW_021941500.1	27646	0.000129	0.004725
NW_021941500.1	36579	0.000010	0.000196
NW_021941500.1	36587	0.003814	0.477196
NW_021941500.1	36590	0.000100	0.015433
NW_021941500.1	36602	0.000017	0.001570
NW_021941500.1	36611	0.000578	0.023711
NW_021941500.1	36612	0.000308	0.005225
NW_021941500.1	36619	0.009639	0.465321
NW_021941500.1	36620	0.011223	0.472385
NW_021941500.1	36623	0.000063	0.015034
NW_021941500.1	36631	0.000227	0.210290
NW_021941500.1	36636	0.000005	0.000107
NW_021941500.1	36639	0.000485	0.009151
NW_021941500.1	36643	0.000226	0.004318
NW_021941500.1	36652	0.031317	0.288202
NW_021941500.1	36653	0.007692	0.347432
NW_021941500.1	36654	0.001758	0.020515
NW_021941500.1	36659	0.000005	0.000105
NW_021941500.1	36661	0.000005	0.000116
NW_021941500.1	36663	-0.000456	0.231407
NW_021941500.1	36664	-0.001240	0.272201
NW_021941500.1	36668	0.002318	0.041639
NW_021941500.1	36669	0.000005	0.000116
NW_021941500.1	36678	0.000036	0.008697
NW_021941500.1	36686	0.005506	0.085197
NW_021941500.1	36688	0.000019	0.000351
NW_021941500.1	36707	0.000077	0.004280
NW_021941500.1	36709	0.000028	0.000428
NW_021941500.1	36710	0.001004	0.012353
NW_021941501.1	16834	0.012098	0.505837
NW_021941501.1	16844	0.000448	0.008660
NW_021941501.1	16852	0.000670	0.333016
NW_021941501.1	16923	0.000149	0.299940
NW_021941501.1	16953	0.000356	0.006756
NW_021941502.1	12624	0.000460	0.009010
NW_021941502.1	12642	0.000519	0.009231
NW_021941502.1	16152	0.000043	0.000684
NW_021941502.1	16168	0.000056	0.000803
NW_021941502.1	16264	0.000091	0.003573
NW_021941502.1	16282	0.000306	0.011285
NW_021941502.1	16302	0.000310	0.014216
NW_021941502.1	16332	0.000071	0.001605
NW_021941502.1	16404	0.000166	0.005095
NW_021941502.1	16414	0.000069	0.002160
NW_021941502.1	16424	0.004099	0.047509
NW_021941502.1	16434	0.001596	0.020254
NW_021941502.1	16444	0.000285	0.013319
NW_021941502.1	16758	0.000858	0.024696
NW_021941503.1	29315	0.000673	0.011847
NW_021941504.1	290190	0.000315	0.007874
NW_021941504.1	290211	0.000387	0.008744
NW_021941504.1	370256	0.001969	0.034269
NW_021941505.1	18584	0.007263	0.083689
NW_021941505.1	18621	0.007582	0.116250
NW_021941505.1	18626	0.007639	0.106219
NW_021941505.1	18756	0.000140	0.005282
NW_021941505.1	32186	0.000955	0.025850
NW_021941505.1	32190	0.008737	0.103664
NW_021941506.1	17043	0.001499	0.030712
NW_021941506.1	33962	0.000535	0.010381
NW_021941506.1	34033	0.002830	0.280644
NW_021941507.1	8351	0.000400	0.006671
NW_021941507.1	10899	0.001318	0.373023
NW_021941507.1	10927	0.000601	0.341208
NW_021941507.1	16704	0.008376	0.102577
NW_021941507.1	16926	0.003162	0.174770
NW_021941507.1	22214	0.002714	0.251591
NW_021941508.1	220049	0.001790	0.034227
NW_021941508.1	220496	0.002082	0.035347
NW_021941508.1	394297	0.010210	0.101565
NW_021941508.1	395091	0.000250	0.005107
NW_021941508.1	395105	0.001927	0.028904
NW_021941508.1	395112	0.000360	0.006569
NW_021941508.1	397028	0.000737	0.023562
NW_021941508.1	397123	0.000154	0.001483
NW_021941508.1	397374	0.000146	0.002170
NW_021941508.1	397386	0.000127	0.001633
NW_021941508.1	397409	0.000196	0.001683
NW_021941508.1	397439	0.000108	0.001210
NW_021941508.1	397452	0.000390	0.012754
NW_021941508.1	397461	0.000093	0.000799
NW_021941508.1	397515	0.000366	0.010656
NW_021941508.1	399115	0.000207	0.001044
NW_021941508.1	399120	0.000155	0.000909
NW_021941508.1	399140	0.000783	0.005630
NW_021941508.1	399161	0.000172	0.001013
NW_021941508.1	399215	0.000105	0.001728
NW_021941508.1	399217	0.000147	0.003200
NW_021941508.1	399224	0.005163	0.059318
NW_021941508.1	399251	0.009790	0.135367
NW_021941508.1	400903	0.000109	0.001111
NW_021941508.1	400933	0.000065	0.000606
NW_021941508.1	400935	0.000065	0.000610
NW_021941508.1	400975	0.000133	0.000859
NW_021941508.1	400976	0.000137	0.001053
NW_021941508.1	400983	0.000132	0.000829
NW_021941508.1	401001	0.000084	0.000665
NW_021941508.1	401015	0.000099	0.000706
NW_021941508.1	401021	0.000095	0.000748
NW_021941508.1	401025	0.000094	0.000714
NW_021941508.1	401031	0.000093	0.000691
NW_021941508.1	401033	0.000093	0.000685
NW_021941508.1	401053	0.000090	0.001078
NW_021941508.1	401059	0.000459	0.012971
NW_021941508.1	401089	0.000119	0.001171
NW_021941508.1	401097	0.000099	0.000727
NW_021941508.1	401115	0.000090	0.000756
NW_021941508.1	401126	0.000109	0.001588
NW_021941508.1	401127	0.000089	0.000680
NW_021941508.1	401128	0.000089	0.000673
NW_021941508.1	401129	0.000076	0.000621
NW_021941508.1	401134	0.000083	0.000651
NW_021941508.1	401145	0.000098	0.000745
NW_021941508.1	401147	0.000098	0.000723
NW_021941508.1	401165	0.000085	0.000673
NW_021941508.1	401177	0.000102	0.000826
NW_021941508.1	401184	0.000085	0.000694
NW_021941508.1	401208	0.000101	0.000817
NW_021941508.1	401226	0.000135	0.001503
NW_021941508.1	402126	0.000117	0.000944
NW_021941508.1	402146	0.008853	0.434463
NW_021941508.1	402173	0.000086	0.000739
NW_021941508.1	402177	0.002479	0.040389
NW_021941508.1	402180	0.000082	0.000714
NW_021941508.1	402181	0.000071	0.000688
NW_021941508.1	402199	0.000139	0.000940
NW_021941508.1	402206	0.000108	0.000823
NW_021941508.1	402211	0.000098	0.000783
NW_021941508.1	402214	0.000110	0.000826
NW_021941508.1	402220	0.000084	0.000719
NW_021941508.1	402233	0.000270	0.008718
NW_021941508.1	402246	0.000111	0.001926
NW_021941508.1	402248	0.000084	0.000739
NW_021941508.1	402250	0.000092	0.000780
NW_021941508.1	402261	0.000111	0.000955
NW_021941510.1	18764	0.005195	0.440791
NW_021941510.1	18773	0.000065	0.002289
NW_021941513.1	66559	0.001050	0.155252
NW_021941513.1	66561	0.000046	0.005644
NW_021941513.1	66585	0.005304	0.119566
NW_021941513.1	66587	0.003112	0.112265
NW_021941513.1	66595	0.001743	0.332618
NW_021941513.1	84303	0.001194	0.025987
NW_021941513.1	84307	0.004800	0.058575
NW_021941513.1	92407	0.001233	0.029125
NW_021941513.1	132978	0.004819	0.220073
NW_021941513.1	133185	0.001472	0.030104
NW_021941513.1	357991	0.009043	0.097494
NW_021941513.1	358026	0.009565	0.113214
NW_021941513.1	358087	0.000838	0.017297
NW_021941514.1	242	0.000503	0.021321
NW_021941514.1	247	0.000181	0.377878
NW_021941514.1	267	0.000071	0.001710
NW_021941514.1	2400	0.000163	0.004035
NW_021941515.1	24914	0.004057	0.234587
NW_021941515.1	24918	0.009967	0.144058
NW_021941515.1	25020	0.001672	0.031600
NW_021941518.1	24405	0.001561	0.031733
NW_021941519.1	74950	0.000882	0.015907
NW_021941519.1	75558	0.000469	0.009176
NW_021941519.1	75625	0.015315	0.507398
NW_021941519.1	75639	0.004095	0.425075
NW_021941519.1	75643	0.034944	0.512936
NW_021941519.1	75668	0.000531	0.009458
NW_021941519.1	75699	0.007669	0.102247
NW_021941519.1	75717	0.000236	0.005514
NW_021941519.1	75736	0.004174	0.054017
NW_021941519.1	76070	0.003925	0.400629
NW_021941519.1	77222	0.007971	0.216945
NW_021941519.1	77352	0.000834	0.318984
NW_021941519.1	77402	0.005938	0.431755
NW_021941519.1	77406	0.000628	0.357474
NW_021941519.1	77443	0.007191	0.132929
NW_021941519.1	84729	0.000416	0.008809
NW_021941519.1	301910	0.000021	0.000313
NW_021941519.1	301924	0.000023	0.000341
NW_021941519.1	301968	0.000030	0.001239
NW_021941519.1	302018	0.000062	0.001530
NW_021941519.1	348739	0.000314	0.008823
NW_021941519.1	348756	0.000424	0.009889
NW_021941519.1	348770	0.000327	0.008530
NW_021941519.1	408695	0.008756	0.098593
NW_021941519.1	408921	0.002069	0.035999
NW_021941519.1	409018	0.001829	0.033800
NW_021941519.1	421220	0.000425	0.009667
NW_021941521.1	1637	0.005005	0.061323
NW_021941521.1	1695	0.000105	0.002917
NW_021941521.1	10760	0.000360	0.008953
NW_021941521.1	10771	0.000439	0.010715
NW_021941523.1	10577	0.006559	0.067754
NW_021941523.1	10578	0.001785	0.033653
NW_021941523.1	10958	0.001333	0.029623
NW_021941525.1	18932	0.000286	0.007169
NW_021941525.1	19958	0.009672	0.449955
NW_021941525.1	25717	0.000040	0.001220
NW_021941525.1	25760	0.005893	0.372313
NW_021941525.1	25763	0.000031	0.000761
NW_021941525.1	25766	0.000031	0.000754
NW_021941525.1	26144	-0.000646	0.291781
NW_021941525.1	27897	0.000065	0.002535
NW_021941525.1	27938	0.001978	0.354500
NW_021941525.1	27994	0.000020	0.000739
NW_021941525.1	28704	0.000079	0.211823
NW_021941525.1	28706	0.005200	0.100297
NW_021941525.1	28756	0.004838	0.082949
NW_021941525.1	28769	0.000103	0.005107
NW_021941525.1	28784	0.000069	0.005046
NW_021941525.1	29510	-0.000777	0.247108
NW_021941525.1	29834	0.007377	0.096036
NW_021941525.1	29866	0.002586	0.171472
NW_021941525.1	29898	0.013666	0.413127
NW_021941525.1	29911	0.010317	0.442254
NW_021941525.1	29930	0.000865	0.347558
NW_021941525.1	30252	0.022510	0.488346
NW_021941525.1	30266	0.000082	0.188215
NW_021941525.1	30268	0.000030	0.002285
NW_021941525.1	30315	0.000033	0.001178
NW_021941525.1	71351	0.000206	0.005696
NW_021941525.1	71355	0.000072	0.001154
NW_021941525.1	71358	0.000048	0.000567
NW_021941525.1	71359	0.000161	0.001353
NW_021941525.1	71383	0.000103	0.004142
NW_021941525.1	71385	0.000037	0.000430
NW_021941525.1	71387	0.000035	0.000415
NW_021941525.1	71393	0.000028	0.000419
NW_021941525.1	71395	0.000036	0.000409
NW_021941525.1	71401	0.000014	0.000238
NW_021941525.1	71527	0.000130	0.005032
NW_021941525.1	71529	0.000029	0.000594
NW_021941525.1	71531	0.000029	0.000397
NW_021941525.1	71545	0.034380	0.494162
NW_021941525.1	93295	0.006165	0.075222
NW_021941525.1	98703	0.005951	0.143646
NW_021941525.1	148834	0.011414	0.116073
NW_021941525.1	148851	-0.000708	0.237167
NW_021941525.1	148852	-0.002082	0.484448
NW_021941525.1	148862	0.000039	0.000763
NW_021941525.1	148865	-0.000949	0.263306
NW_021941525.1	148887	0.007671	0.382088
NW_021941525.1	149152	0.000096	0.326494
NW_021941525.1	149161	0.002890	0.181864
NW_021941525.1	149165	-0.000911	0.371413
NW_021941525.1	149177	0.004732	0.354725
NW_021941525.1	149180	0.000426	0.324403
NW_021941525.1	149214	0.000890	0.320762
NW_021941525.1	149239	-0.000730	0.237708
NW_021941525.1	149249	-0.000936	0.246235
NW_021941525.1	149258	-0.001134	0.276826
NW_021941525.1	206122	0.015414	0.150512
NW_021941525.1	250799	0.007818	0.087919
NW_021941525.1	385331	0.000076	0.003181
NW_021941525.1	385373	0.001102	0.180745
NW_021941525.1	436517	0.000464	0.010195
NW_021941525.1	453026	0.000135	0.003719
NW_021941527.1	8122	0.000936	0.021555
NW_021941528.1	9816	0.000413	0.008086
NW_021941528.1	10108	0.000360	0.007612
NW_021941528.1	26421	0.000359	0.009328
NW_021941528.1	26425	0.009187	0.483369
NW_021941528.1	26475	0.014713	0.455867
NW_021941528.1	26507	0.000974	0.310897
NW_021941528.1	26575	0.007474	0.079841
NW_021941530.1	229457	0.010102	0.098971
NW_021941530.1	229527	0.000034	0.000923
NW_021941530.1	229562	0.000029	0.000664
NW_021941530.1	229632	0.000028	0.000703
NW_021941530.1	229667	0.000033	0.000910
NW_021941530.1	229672	0.000034	0.001035
NW_021941530.1	229700	0.006281	0.086891
NW_021941530.1	232931	0.003086	0.044715
NW_021941530.1	233011	0.009087	0.092677
NW_021941530.1	233513	0.003477	0.073022
NW_021941530.1	233780	0.009176	0.128485
NW_021941530.1	233868	0.020237	0.296555
NW_021941530.1	233880	0.000085	0.002927
NW_021941530.1	233885	0.000096	0.003417
NW_021941530.1	233913	0.000080	0.002932
NW_021941530.1	233946	0.000151	0.003770
NW_021941530.1	234110	0.000731	0.021408
NW_021941530.1	234152	0.008431	0.085054
NW_021941530.1	235291	0.000458	0.008969
NW_021941530.1	252153	0.007284	0.086559
NW_021941530.1	252161	0.001627	0.031578
NW_021941530.1	252345	0.008553	0.421723
NW_021941530.1	252481	0.000548	0.009752
NW_021941530.1	252567	0.001838	0.033047
NW_021941530.1	252587	0.005636	0.215241
NW_021941530.1	252863	0.004454	0.057272
NW_021941530.1	253091	0.002069	0.035070
NW_021941530.1	253127	0.001874	0.033970
NW_021941530.1	253133	0.001840	0.033646
NW_021941530.1	364741	0.000233	0.007499
NW_021941530.1	364758	0.019331	0.454078
NW_021941532.1	7735	0.000098	0.015724
NW_021941532.1	7737	0.027190	0.500897
NW_021941532.1	7745	-0.002910	0.499558
NW_021941532.1	7750	-0.000003	0.013144
NW_021941532.1	7763	0.000002	0.000051
NW_021941532.1	7772	0.000000	0.001890
NW_021941532.1	7930	0.001822	0.050824
NW_021941532.1	7933	0.008599	0.057207
NW_021941532.1	7943	0.002175	0.041769
NW_021941532.1	7949	0.006734	0.456030
NW_021941532.1	7952	0.003885	0.075145
NW_021941532.1	7964	0.004161	0.075439
NW_021941532.1	7973	0.002490	0.048864
NW_021941532.1	7983	0.001540	0.099821
NW_021941532.1	7986	0.000005	0.000121
NW_021941532.1	7989	0.000925	0.032532
NW_021941532.1	7990	0.003144	0.135435
NW_021941532.1	7996	0.000005	0.000113
NW_021941532.1	8007	0.002716	0.034172
NW_021941532.1	8009	0.000017	0.000325
NW_021941532.1	8011	0.006308	0.074271
NW_021941532.1	8013	0.003169	0.077399
NW_021941532.1	8022	0.000015	0.000310
NW_021941532.1	8026	0.000044	0.000752
NW_021941532.1	18372	0.003321	0.422448
NW_021941532.1	18384	0.001304	0.371575
NW_021941532.1	18402	0.000734	0.023536
NW_021941532.1	18412	0.004130	0.395674
NW_021941532.1	18429	0.000118	0.003111
NW_021941532.1	18450	0.000082	0.002465
NW_021941532.1	18462	0.003766	0.179179
NW_021941532.1	18508	0.009000	0.099123
NW_021941532.1	18525	0.001467	0.173373
NW_021941532.1	18534	0.000060	0.002359
NW_021941532.1	18546	0.004995	0.131265
NW_021941532.1	18555	0.002318	0.041232
NW_021941532.1	18567	0.005618	0.060823
NW_021941532.1	18757	-0.000529	0.252466
NW_021941532.1	18763	0.000086	0.237254
NW_021941532.1	18780	0.000107	0.003520
NW_021941532.1	18805	0.001967	0.173772
NW_021941532.1	18806	0.000132	0.003608
NW_021941532.1	18813	0.002545	0.193896
NW_021941532.1	18837	0.016378	0.480131
NW_021941532.1	18839	-0.000266	0.254114
NW_021941532.1	18841	0.017713	0.470249
NW_021941532.1	21537	0.000727	0.298753
NW_021941532.1	21546	0.008495	0.114285
NW_021941532.1	21596	0.006209	0.173116
NW_021941532.1	21597	0.004312	0.053774
NW_021941532.1	22075	0.004353	0.376588
NW_021941532.1	22098	0.009601	0.462556
NW_021941535.1	3473	0.000430	0.009601
NW_021941537.1	3426	0.000520	0.013809
NW_021941537.1	3429	0.000207	0.001056
NW_021941537.1	3447	0.000355	0.007124
NW_021941537.1	3456	0.000144	0.000929
NW_021941537.1	3457	0.000143	0.000877
NW_021941537.1	3461	0.000125	0.000837
NW_021941537.1	3462	0.000123	0.001548
NW_021941537.1	3468	0.000104	0.000936
NW_021941537.1	3477	0.000092	0.000684
NW_021941537.1	3489	0.000080	0.000656
NW_021941537.1	3578	0.000191	0.006187
NW_021941537.1	3587	0.005945	0.027168
NW_021941537.1	3606	0.000108	0.000833
NW_021941538.1	67815	0.001900	0.033624
NW_021941538.1	67921	0.001727	0.033032
NW_021941538.1	161240	0.000462	0.009195
NW_021941538.1	161275	0.000135	0.001623
NW_021941538.1	161279	0.000135	0.001622
NW_021941538.1	164781	0.000937	0.021364
NW_021941538.1	166254	0.005501	0.229158
NW_021941538.1	166273	0.001305	0.232864
NW_021941538.1	166275	0.001528	0.233747
NW_021941538.1	166281	0.000121	0.002663
NW_021941538.1	166282	0.009396	0.148259
NW_021941538.1	243633	0.001468	0.030857
NW_021941538.1	274759	0.000905	0.354803
NW_021941538.1	328860	0.005438	0.061254
NW_021941538.1	328873	0.000435	0.009177
NW_021941538.1	328962	0.009074	0.111347
NW_021941538.1	329297	0.000898	0.369105
NW_021941538.1	329413	0.000345	0.008102
NW_021941538.1	329956	0.000401	0.009037
NW_021941538.1	331257	0.006692	0.064695
NW_021941538.1	331314	0.001523	0.030513
NW_021941538.1	331696	0.000462	0.008166
NW_021941543.1	25210	0.001424	0.030423
NW_021941543.1	25216	0.010119	0.187133
NW_021941543.1	224760	0.000366	0.008325
NW_021941543.1	227190	0.000746	0.363196
NW_021941543.1	228669	0.001692	0.033766
NW_021941543.1	235386	0.004539	0.057262
NW_021941543.1	235387	0.027230	0.511027
NW_021941543.1	235473	0.001582	0.031476
NW_021941543.1	236253	0.001835	0.033015
NW_021941543.1	257518	0.000433	0.009651
NW_021941543.1	257624	0.000465	0.009742
NW_021941543.1	257645	0.000436	0.009183
NW_021941543.1	279353	0.005481	0.059069
NW_021941543.1	279411	0.001949	0.034081
NW_021941543.1	279461	0.009893	0.152596
NW_021941543.1	279464	0.000413	0.009259
NW_021941543.1	279652	0.000435	0.008298
NW_021941543.1	279697	0.001605	0.031656
NW_021941543.1	348294	0.001922	0.034777
NW_021941543.1	370377	0.001948	0.034066
NW_021941543.1	370778	0.001944	0.034700
NW_021941543.1	370940	0.005363	0.061653
NW_021941543.1	371686	0.001454	0.030498
NW_021941543.1	371777	0.001557	0.031295
NW_021941543.1	374107	0.002018	0.035056
NW_021941543.1	422269	0.002982	0.382181
NW_021941543.1	433672	0.001319	0.029320
NW_021941544.1	17184	0.001494	0.029462
NW_021941544.1	18496	0.001896	0.034210
NW_021941544.1	18504	0.000526	0.010220
NW_021941544.1	18521	0.000525	0.010194
NW_021941544.1	21310	0.000539	0.271731
NW_021941548.1	350	0.012758	0.116149
NW_021941548.1	399	-0.000727	0.258835
NW_021941548.1	419	0.006440	0.113633
NW_021941548.1	431	0.002880	0.425358
NW_021941548.1	435	0.000186	0.004380
NW_021941548.1	460	0.020348	0.504605
NW_021941548.1	471	0.002693	0.194958
NW_021941548.1	1695	0.000242	0.002815
NW_021941548.1	1788	0.000479	0.008482
NW_021941551.1	3098	0.000057	0.001762
NW_021941551.1	3099	0.000057	0.001780
NW_021941551.1	3128	0.000044	0.000974
NW_021941551.1	3129	0.000054	0.001476
NW_021941551.1	3149	0.000027	0.000513
NW_021941551.1	3156	0.005419	0.072500
NW_021941551.1	3163	0.000026	0.000481
NW_021941551.1	3164	0.001939	0.185159
NW_021941551.1	3194	0.003655	0.050412
NW_021941551.1	3388	0.000114	0.005839
NW_021941551.1	3401	0.000036	0.000779
NW_021941551.1	5423	0.027796	0.156177
NW_021941551.1	5424	0.015181	0.132448
NW_021941551.1	5880	0.001369	0.029712
NW_021941551.1	6638	0.000212	0.004801
NW_021941551.1	22304	0.001472	0.030111
NW_021941551.1	31551	0.000633	0.324401
NW_021941551.1	31570	0.000232	0.003580
NW_021941551.1	31571	0.012696	0.117657
NW_021941551.1	122139	-0.000364	0.259725
NW_021941551.1	122270	0.000455	0.009557
NW_021941551.1	122290	0.004670	0.222015
NW_021941551.1	129768	-0.000633	0.247228
NW_021941551.1	146217	0.013083	0.477595
NW_021941551.1	266832	0.001094	0.026380
NW_021941551.1	292485	0.010533	0.436686
NW_021941551.1	292499	0.002021	0.159851
NW_021941551.1	292510	0.000018	0.000287
NW_021941551.1	292517	0.000191	0.001873
NW_021941551.1	292527	0.001297	0.166639
NW_021941551.1	292531	0.000016	0.000283
NW_021941551.1	292538	0.000018	0.000288
NW_021941551.1	292545	0.000025	0.000340
NW_021941551.1	292552	0.000021	0.000317
NW_021941551.1	292559	0.000019	0.000287
NW_021941551.1	292569	0.000795	0.374553
NW_021941551.1	292573	0.000143	0.010916
NW_021941551.1	292594	0.000013	0.000229
NW_021941551.1	429249	0.000195	0.002432
NW_021941551.1	429280	0.000256	0.004706
NW_021941551.1	429303	0.000467	0.012613
NW_021941553.1	1435	-0.000662	0.371206
NW_021941553.1	1438	0.000029	0.000551
NW_021941553.1	1439	0.017145	0.471996
NW_021941553.1	1443	0.000079	0.004744
NW_021941553.1	1448	0.000017	0.000276
NW_021941553.1	1449	0.000017	0.000271
NW_021941553.1	1452	0.000016	0.000296
NW_021941553.1	1457	0.001212	0.015453
NW_021941553.1	1460	0.000020	0.000314
NW_021941553.1	1466	0.000952	0.025064
NW_021941553.1	1468	0.000024	0.000361
NW_021941553.1	1473	0.000011	0.000207
NW_021941553.1	1493	0.002452	0.159283
NW_021941553.1	1500	0.003940	0.058873
NW_021941553.1	1502	0.000015	0.000254
NW_021941553.1	1511	0.004126	0.053328
NW_021941553.1	1520	0.001170	0.172345
NW_021941553.1	1524	0.000020	0.000310
NW_021941553.1	7996	0.000255	0.365560
NW_021941557.1	12126	0.002058	0.035115
NW_021941557.1	12153	0.001645	0.032650
NW_021941557.1	12202	0.001767	0.033452
NW_021941557.1	22225	-0.000164	0.304982
NW_021941558.1	44115	0.017892	0.428642
NW_021941558.1	44180	0.005347	0.069416
NW_021941558.1	44272	0.004069	0.175922
NW_021941558.1	44289	0.003613	0.051364
NW_021941558.1	44349	0.000525	0.021525
NW_021941558.1	44360	0.000427	0.013911
NW_021941558.1	44420	0.000102	0.003946
NW_021941558.1	44474	0.000635	0.385747
NW_021941558.1	44559	0.000497	0.021274
NW_021941558.1	266705	0.001583	0.027944
NW_021941560.1	1014	0.000109	0.003835
NW_021941560.1	1230	0.000110	0.004046
NW_021941560.1	1302	0.000116	0.003432
NW_021941560.1	1502	0.000142	0.004664
NW_021941560.1	1578	0.000142	0.004045
NW_021941560.1	1614	0.000128	0.004161
NW_021941560.1	1630	0.002259	0.032607
NW_021941560.1	1646	0.000452	0.020689
NW_021941560.1	1654	0.000079	0.003711
NW_021941560.1	1666	0.000070	0.002395
NW_021941560.1	1934	0.000138	0.005968
NW_021941560.1	1974	0.000070	0.002129
NW_021941560.1	2006	0.000090	0.002685
NW_021941560.1	2050	0.000093	0.002643
NW_021941560.1	2054	0.000104	0.003083
NW_021941560.1	2078	0.000081	0.002506
NW_021941560.1	2318	0.000024	0.001137
NW_021941560.1	2378	0.001870	0.036385
NW_021941560.1	2390	0.000305	0.018731
NW_021941560.1	2434	0.000069	0.002472
NW_021941560.1	2626	0.000097	0.003387
NW_021941561.1	20002	0.020783	0.496984
NW_021941561.1	20034	0.001184	0.027223
NW_021941562.1	46	0.000106	0.001934
NW_021941562.1	48	0.000038	0.000620
NW_021941562.1	53	0.005623	0.083757
NW_021941562.1	55	0.000018	0.000312
NW_021941562.1	57	0.000023	0.000378
NW_021941562.1	60	0.000921	0.005372
NW_021941562.1	76	0.000099	0.006308
NW_021941562.1	81	0.000014	0.000265
NW_021941562.1	84	0.003544	0.020335
NW_021941562.1	91	0.000014	0.000257
NW_021941562.1	96	0.000017	0.000289
NW_021941562.1	105	0.000016	0.000274
NW_021941562.1	117	0.000170	0.016804
NW_021941562.1	124	0.000042	0.000576
NW_021941562.1	127	0.000013	0.000236
NW_021941562.1	129	0.000015	0.000254
NW_021941562.1	139	0.000012	0.000226
NW_021941562.1	144	0.000028	0.001254
NW_021941562.1	149	0.009451	0.458347
NW_021941562.1	151	0.000017	0.000283
NW_021941562.1	163	0.000060	0.007483
NW_021941562.1	165	0.000012	0.000256
NW_021941562.1	181	0.000009	0.000184
NW_021941562.1	192	0.000010	0.000207
NW_021941562.1	197	0.007969	0.077771
NW_021941562.1	199	0.000014	0.000278
NW_021941562.1	213	0.000028	0.000399
NW_021941562.1	216	0.000014	0.000267
NW_021941562.1	221	0.013116	0.352779
NW_021941562.1	223	0.000017	0.000276
NW_021941562.1	225	0.000022	0.000361
NW_021941562.1	228	0.000634	0.004392
NW_021941562.1	233	0.004355	0.171369
NW_021941562.1	1880	0.001636	0.032091
NW_021941562.1	1881	0.000431	0.009103
